#
# A fatal error has been detected by the Java Runtime Environment:
#
#  SIGSEGV (0xb) at pc=0x0000000100fb79a8, pid=65671, tid=259
#
# JRE version: OpenJDK Runtime Environment Homebrew (17.0.18) (build 17.0.18+0)
# Java VM: OpenJDK 64-Bit Server VM Homebrew (17.0.18+0, mixed mode, sharing, tiered, compressed oops, compressed class ptrs, g1 gc, bsd-aarch64)
# Problematic frame:
# C  [python3.13+0x2939a8]  _PyObject_GC_New+0x12c
#
# No core dump will be written. Core dumps have been disabled. To enable core dumping, try "ulimit -c unlimited" before starting Java again
#
# If you would like to submit a bug report, please visit:
#   https://github.com/Homebrew/homebrew-core/issues
# The crash happened outside the Java Virtual Machine in native code.
# See problematic frame for where to report the bug.
#

---------------  S U M M A R Y ------------

Command Line: 

Host: "Mac17,4" arm64, 10 cores, 16G, Darwin 25.4.0, macOS 26.4.1 (25E253)
Time: Sun Apr 19 08:25:51 2026 BST elapsed time: 0.119263 seconds (0d 0h 0m 0s)

---------------  T H R E A D  ---------------

Current thread (0x00000001530ba200):  JavaThread "main" [_thread_in_native, id=259, stack(0x000000016e0dc000,0x000000016f0dc000)]

Stack: [0x000000016e0dc000,0x000000016f0dc000],  sp=0x000000016f0d8110,  free space=16368k
Native frames: (J=compiled Java code, j=interpreted, Vv=VM code, C=native code)
C  [python3.13+0x2939a8]  _PyObject_GC_New+0x12c
C  [_jpype.cpython-313-darwin.so+0x41fd0]  PyJPValue_alloc+0x68
C  [_jpype.cpython-313-darwin.so+0xab44]  JPClass::convertToPythonObject(JPJavaFrame&, jvalue, bool)+0x5c
C  [_jpype.cpython-313-darwin.so+0xa9ec]  JPClass::getArrayItem(JPJavaFrame&, _jarray*, int)+0x68
C  [_jpype.cpython-313-darwin.so+0x1418]  JPArray::getItem(int)+0x88
C  [_jpype.cpython-313-darwin.so+0x305f4]  PyJPArray_getItem(PyJPArray*, _object*)+0xac
C  [python3.13+0x86d84]  method_vectorcall_O+0x74
C  [python3.13+0x141f64]  vectorcall_method+0xd0
C  [python3.13+0x140af0]  slot_mp_subscript+0x34
C  [python3.13+0x21bf90]  _PyEval_EvalFrameDefault+0x6a38
C  [python3.13+0x141f64]  vectorcall_method+0xd0
C  [python3.13+0x13bcf4]  slot_tp_iternext+0x34
C  [python3.13+0x23520c]  _PyEval_EvalFrameDefault+0x1fcb4
C  [_jpype.cpython-313-darwin.so+0x35c1c]  PyJPClass_hook+0x2b4
C  [_jpype.cpython-313-darwin.so+0x29538]  Java_org_jpype_manager_TypeFactoryNative_newWrapper+0x40
j  org.jpype.manager.TypeFactoryNative.newWrapper(JJ)V+0
j  org.jpype.JPypeContext.newWrapper(J)V+16
v  ~StubRoutines::call_stub
V  [libjvm.dylib+0x359924]  JavaCalls::call_helper(JavaValue*, methodHandle const&, JavaCallArguments*, JavaThread*)+0x220
V  [libjvm.dylib+0x3a4864]  jni_invoke_nonstatic(JNIEnv_*, JavaValue*, _jobject*, JNICallType, _jmethodID*, JNI_ArgumentPusher*, JavaThread*)+0x268
V  [libjvm.dylib+0x3a89a4]  jni_CallVoidMethodA+0xe4
C  [_jpype.cpython-313-darwin.so+0x1f410]  JPJavaFrame::newWrapper(JPClass*)+0x40
C  [_jpype.cpython-313-darwin.so+0x358f4]  PyJPClass_create(JPJavaFrame&, JPClass*)+0x2c
C  [_jpype.cpython-313-darwin.so+0x3b0e4]  PyJPModule_getClass+0x128
C  [python3.13+0x224704]  _PyEval_EvalFrameDefault+0xf1ac
C  [python3.13+0x76710]  _PyObject_Call_Prepend+0x98
C  [python3.13+0x139edc]  slot_tp_new+0x84
C  [python3.13+0x12f194]  type_call+0x60
C  [python3.13+0x221128]  _PyEval_EvalFrameDefault+0xbbd0
C  [python3.13+0x212b90]  PyEval_EvalCode+0x94
C  [python3.13+0x2ddb28]  run_eval_code_obj+0x64
C  [python3.13+0x2dd3fc]  run_mod+0x94
C  [python3.13+0x2dd180]  pyrun_file+0x90
C  [python3.13+0x2dca54]  _PyRun_SimpleFileObject+0x100
C  [python3.13+0x2dc29c]  _PyRun_AnyFileObject+0x50
C  [python3.13+0x308d7c]  pymain_run_file_obj+0xb4
C  [python3.13+0x3083a0]  pymain_run_file+0x4c
C  [python3.13+0x3076a4]  Py_RunMain+0x40c
C  [python3.13+0x309098]  pymain_main+0x1dc
C  [python3.13+0x1764]  main+0x3c
C  [dyld+0x1fda4]  start+0x1b50

Java frames: (J=compiled Java code, j=interpreted, Vv=VM code)
j  org.jpype.manager.TypeFactoryNative.newWrapper(JJ)V+0
j  org.jpype.JPypeContext.newWrapper(J)V+16
v  ~StubRoutines::call_stub

siginfo: si_signo: 11 (SIGSEGV), si_code: 2 (SEGV_ACCERR), si_addr: 0x0000000000000010

Registers:
 x0=0x000000016f0d8140  x1=0x0000000000000000  x2=0x0000000000000000  x3=0x0000000127405f90
 x4=0x000000011383c7c0  x5=0x000000016f0d8120  x6=0x0000000100000002  x7=0x00000001530ba200
 x8=0x0000000000000020  x9=0x0000000000000000 x10=0x2010002030300000 x11=0x0000000000000001
x12=0x0000000000000000 x13=0x0000000127405f90 x14=0x0000000000014000 x15=0x0000000000000001
x16=0x0000000100fb787c x17=0x0000000000000102 x18=0x0000000000000000 x19=0x000000016f0d8140
x20=0x000000016f0d8438 x21=0x0000000000000000 x22=0x0000000000000020 x23=0x0000000132f25f90
x24=0x5eb97e9a2b4b5110 x25=0x0000000101271390 x26=0x0000000000000003 x27=0x0000000000000001
x28=0x000000016f0d85f8  fp=0x000000016f0d8130  lr=0x000000010226dfd0  sp=0x000000016f0d8110
pc=0x0000000100fb79a8 cpsr=0x0000000000000000

Register to memory mapping:

 x0=0x000000016f0d8140 is pointing into the stack for thread: 0x00000001530ba200
 x1=0x0 is NULL
 x2=0x0 is NULL
 x3={method} {0x0000000127405f90} 'findClassForObject' '(Ljava/lang/Object;)J' in 'org/jpype/manager/TypeManager'
 x4=0x000000011383c7c0 is at code_begin+0 in an Interpreter codelet
method entry point (kind = zerolocals)  [0x000000011383c7c0, 0x000000011383cac0]  768 bytes
 x5=0x000000016f0d8120 is pointing into the stack for thread: 0x00000001530ba200
 x6=0x0000000100000002 is an unknown value
 x7=0x00000001530ba200 is a thread
 x8=0x0000000000000020 is an unknown value
 x9=0x0 is NULL
x10=0x2010002030300000 is an unknown value
x11=0x0000000000000001 is an unknown value
x12=0x0 is NULL
x13={method} {0x0000000127405f90} 'findClassForObject' '(Ljava/lang/Object;)J' in 'org/jpype/manager/TypeManager'
x14=0x0000000000014000 is an unknown value
x15=0x0000000000000001 is an unknown value
x16=0x0000000100fb787c: _PyObject_GC_New+0 in /opt/homebrew/Caskroom/miniconda/base/bin/python3.13 at 0x0000000100d24000
x17=0x0000000000000102 is an unknown value
x18=0x0 is NULL
x19=0x000000016f0d8140 is pointing into the stack for thread: 0x00000001530ba200
x20=0x000000016f0d8438 is pointing into the stack for thread: 0x00000001530ba200
x21=0x0 is NULL
x22=0x0000000000000020 is an unknown value
x23=0x0000000132f25f90 points into unknown readable memory: 0x0000000102285658 | 58 56 28 02 01 00 00 00
x24=0x5eb97e9a2b4b5110 is an unknown value
x25=0x0000000101271390: _PyRuntime+0x36870 in /opt/homebrew/Caskroom/miniconda/base/bin/python3.13 at 0x0000000100d24000
x26=0x0000000000000003 is an unknown value
x27=0x0000000000000001 is an unknown value
x28=0x000000016f0d85f8 is pointing into the stack for thread: 0x00000001530ba200


Top of Stack: (sp=0x000000016f0d8110)
0x000000016f0d8110:   0000000000000020 0000000000000000
0x000000016f0d8120:   000000016f0d8438 00000001331dd210
0x000000016f0d8130:   000000016f0d8310 000000010226dfd0
0x000000016f0d8140:   000000016f0d8298 000000016f0d8290
0x000000016f0d8150:   000000016f0d82c0 0000000000000000
0x000000016f0d8160:   0000000000000020 0000000000000000
0x000000016f0d8170:   000000016f0d8120 000000016f0d8161
0x000000016f0d8180:   0000000800000002 0000000103de8e00
0x000000016f0d8190:   0000000000000000 d93d653cb0b3005c
0x000000016f0d81a0:   000000016f0d85f8 0000000000000001
0x000000016f0d81b0:   0000000000000003 00000000fffffffe
0x000000016f0d81c0:   00000001530ba4b0 000000016f0d82e0
0x000000016f0d81d0:   0000000152fa8118 d93d653cb0b3005c
0x000000016f0d81e0:   5eb97e9a2b4b5110 000000000000561c
0x000000016f0d81f0:   00000000fffffffe 0000000100e58a44
0x000000016f0d8200:   5eb97e9a2b4b5110 0000000132f25f90
0x000000016f0d8210:   00000000fffffffe 0000000132f25f90
0x000000016f0d8220:   0000000000000000 0000000000000001
0x000000016f0d8230:   0000000000000000 00000001530ba200
0x000000016f0d8240:   000000016f0d82b0 0000000103dcf918
0x000000016f0d8250:   00000001530ba200 0000000000000000
0x000000016f0d8260:   0000000132f25f90 00000001540e8c30
0x000000016f0d8270:   00000001530ba200 000000016f0d82e8
0x000000016f0d8280:   5eb97e9a2b4b5110 0000000132f25f90
0x000000016f0d8290:   0000000132f25f90 00000001540e8c30
0x000000016f0d82a0:   000000016f0d8368 00000001331dd210
0x000000016f0d82b0:   000000016f0d82d0 0000000102258ce8
0x000000016f0d82c0:   000000016f0d8438 000000016f0d8368
0x000000016f0d82d0:   000000016f0d8310 0000000102261900
0x000000016f0d82e0:   000000016f0d85f8 0000000000000001
0x000000016f0d82f0:   0000000132f25f90 00000001540e8c30
0x000000016f0d8300:   000000016f0d8438 000000016f0d84b0 

Instructions: (pc=0x0000000100fb79a8)
0x0000000100fb78a8:   e9 07 10 37 40 16 00 90 00 e0 30 91 09 00 40 f9
0x0000000100fb78b8:   20 01 3f d6 15 00 40 f9 c9 fa 40 d2 1f 01 09 eb
0x0000000100fb78c8:   68 06 00 54 01 01 16 ab 24 06 00 54 f4 03 00 aa
0x0000000100fb78d8:   08 14 00 f0 08 c1 38 91 00 25 40 a9 20 01 3f d6
0x0000000100fb78e8:   60 05 00 b4 e8 03 00 aa 00 00 16 8b 1f 7d 00 a9
0x0000000100fb78f8:   88 02 40 f9 09 09 40 f9 1f 7c 3f a9 2a 15 5d b9
0x0000000100fb7908:   4b 05 00 11 2b 15 1d b9 2a 11 5d b9 7f 01 0a 6b
0x0000000100fb7918:   2c 02 00 54 40 01 00 b4 13 04 00 f9 68 02 40 b9
0x0000000100fb7928:   08 05 00 31 43 01 00 54 28 00 80 52 08 00 00 f9
0x0000000100fb7938:   28 14 00 d0 08 8d 40 f9 a8 04 00 b5 fd 7b 42 a9
0x0000000100fb7948:   f4 4f 41 a9 f6 57 c3 a8 c0 03 5f d6 68 02 00 b9
0x0000000100fb7958:   f6 ff ff 17 2b f5 5c b9 5f 01 00 71 64 19 40 7a
0x0000000100fb7968:   a0 fd ff 54 29 b1 5d b9 69 fd ff 35 09 39 40 f9
0x0000000100fb7978:   89 02 00 b5 09 0d 40 f9 e9 fc 27 37 08 61 00 91
0x0000000100fb7988:   09 02 80 52 08 31 e9 f8 e3 ff ff 17 e0 03 15 aa
0x0000000100fb7998:   b0 f5 f7 97 00 00 80 d2 e9 ff ff 17 69 ba 41 f9
0x0000000100fb79a8:   2a 25 41 a9 29 01 0a 8b 2a 1d 00 91 4a f1 7d 92
0x0000000100fb79b8:   08 0d 09 8b 08 01 0a 8b 08 21 00 91 ba ff ff 17
0x0000000100fb79c8:   29 05 40 f9 89 fa ff b5 eb ff ff 17 29 14 00 d0
0x0000000100fb79d8:   22 91 40 f9 f3 03 00 aa 01 00 80 52 00 01 3f d6
0x0000000100fb79e8:   e0 03 13 aa d6 ff ff 17 ff 43 01 d1 f8 5f 01 a9
0x0000000100fb79f8:   f6 57 02 a9 f4 4f 03 a9 fd 7b 04 a9 fd 03 01 91
0x0000000100fb7a08:   21 09 f8 b7 f3 03 01 aa f4 03 00 aa 08 54 40 f9
0x0000000100fb7a18:   09 39 4e d3 1f 05 7d f2 28 05 89 9a 17 ed 7c d3
0x0000000100fb7a28:   08 24 42 a9 28 21 01 9b 08 1d 00 91 08 f1 7d 92
0x0000000100fb7a38:   40 16 00 90 00 e0 30 91 09 00 40 f9 20 01 3f d6
0x0000000100fb7a48:   16 00 40 f9 e9 fa 40 d2 1f 01 09 eb c8 08 00 54
0x0000000100fb7a58:   e1 02 08 ab 84 08 00 54 f5 03 00 aa 08 14 00 f0
0x0000000100fb7a68:   08 c1 38 91 00 25 40 a9 20 01 3f d6 c0 07 00 b4
0x0000000100fb7a78:   e8 03 00 aa 00 00 17 8b 1f 7d 00 a9 a8 02 40 f9
0x0000000100fb7a88:   09 09 40 f9 1f 7c 3f a9 2a 15 5d b9 4b 05 00 11
0x0000000100fb7a98:   2b 15 1d b9 2a 11 5d b9 7f 01 0a 6b 8c 02 00 54 


Stack slot to memory mapping:
stack at sp + 0 slots: 0x0000000000000020 is an unknown value
stack at sp + 1 slots: 0x0 is NULL
stack at sp + 2 slots: 0x000000016f0d8438 is pointing into the stack for thread: 0x00000001530ba200
stack at sp + 3 slots: 0x00000001331dd210 points into unknown readable memory: 0x0000000000000009 | 09 00 00 00 00 00 00 00
stack at sp + 4 slots: 0x000000016f0d8310 is pointing into the stack for thread: 0x00000001530ba200
stack at sp + 5 slots: 0x000000010226dfd0: PyJPValue_alloc+0x68 in /Users/mark/Workspace/Projects/data-analysis/backend/.venv/lib/python3.13/site-packages/_jpype.cpython-313-darwin.so at 0x000000010222c000
stack at sp + 6 slots: 0x000000016f0d8298 is pointing into the stack for thread: 0x00000001530ba200
stack at sp + 7 slots: 0x000000016f0d8290 is pointing into the stack for thread: 0x00000001530ba200


---------------  P R O C E S S  ---------------

Threads class SMR info:
_java_thread_list=0x0000000152fc2de0, length=12, elements={
0x00000001530ba200, 0x00000001549dd200, 0x00000001549f7c00, 0x0000000133085a00,
0x0000000133088200, 0x0000000133088800, 0x0000000133088e00, 0x0000000133089400,
0x00000001549f8200, 0x00000001549e5e00, 0x0000000133091a00, 0x0000000153861c00
}

Java Threads: ( => current thread )
=>0x00000001530ba200 JavaThread "main" [_thread_in_native, id=259, stack(0x000000016e0dc000,0x000000016f0dc000)]
  0x00000001549dd200 JavaThread "Reference Handler" daemon [_thread_blocked, id=21763, stack(0x000000016fd28000,0x000000016ff2b000)]
  0x00000001549f7c00 JavaThread "Finalizer" daemon [_thread_blocked, id=32515, stack(0x000000016ff34000,0x0000000170137000)]
  0x0000000133085a00 JavaThread "Signal Dispatcher" daemon [_thread_blocked, id=29955, stack(0x0000000170258000,0x000000017045b000)]
  0x0000000133088200 JavaThread "Service Thread" daemon [_thread_blocked, id=29443, stack(0x0000000170464000,0x0000000170667000)]
  0x0000000133088800 JavaThread "Monitor Deflation Thread" daemon [_thread_blocked, id=29187, stack(0x0000000170670000,0x0000000170873000)]
  0x0000000133088e00 JavaThread "C2 CompilerThread0" daemon [_thread_blocked, id=23811, stack(0x000000017087c000,0x0000000170a7f000)]
  0x0000000133089400 JavaThread "C1 CompilerThread0" daemon [_thread_blocked, id=24067, stack(0x0000000170a88000,0x0000000170c8b000)]
  0x00000001549f8200 JavaThread "Sweeper thread" daemon [_thread_blocked, id=24579, stack(0x0000000170c94000,0x0000000170e97000)]
  0x00000001549e5e00 JavaThread "Notification Thread" daemon [_thread_blocked, id=25091, stack(0x0000000170ea0000,0x00000001710a3000)]
  0x0000000133091a00 JavaThread "Common-Cleaner" daemon [_thread_blocked, id=28419, stack(0x00000001712b8000,0x00000001714bb000)]
  0x0000000153861c00 JavaThread "Python Reference Queue" daemon [_thread_blocked, id=26115, stack(0x00000001714c4000,0x00000001716c7000)]

Other Threads:
  0x00000001540e7130 VMThread "VM Thread" [stack: 0x000000016fb1c000,0x000000016fd1f000] [id=16899]
  0x0000000132ed7c40 WatcherThread [stack: 0x00000001710ac000,0x00000001712af000] [id=28675]
  0x0000000152efe9e0 GCTaskThread "GC Thread#0" [stack: 0x000000016f0e0000,0x000000016f2e3000] [id=11011]
  0x0000000152eff830 ConcurrentGCThread "G1 Main Marker" [stack: 0x000000016f2ec000,0x000000016f4ef000] [id=15363]
  0x0000000132f04620 ConcurrentGCThread "G1 Conc#0" [stack: 0x000000016f4f8000,0x000000016f6fb000] [id=14851]
  0x0000000132f1e7a0 ConcurrentGCThread "G1 Refine#0" [stack: 0x000000016f704000,0x000000016f907000] [id=14339]
  0x0000000132f1f4d0 ConcurrentGCThread "G1 Service" [stack: 0x000000016f910000,0x000000016fb13000] [id=13827]

Threads with active compile tasks:

VM state: not at safepoint (normal execution)

VM Mutex/Monitor currently owned by a thread: None

Heap address: 0x0000000700000000, size: 4096 MB, Compressed Oops mode: Zero based, Oop shift amount: 3

CDS archive(s) mapped at: [0x0000007000000000-0x0000007000bc0000-0x0000007000bc0000), size 12320768, SharedBaseAddress: 0x0000007000000000, ArchiveRelocationMode: 1.
Compressed class space mapped at: 0x0000007001000000-0x0000007041000000, reserved size: 1073741824
Narrow klass base: 0x0000007000000000, Narrow klass shift: 0, Narrow klass range: 0x100000000

GC Precious Log:
 CPUs: 10 total, 10 available
 Memory: 16384M
 Large Page Support: Disabled
 NUMA Support: Disabled
 Compressed Oops: Enabled (Zero based)
 Heap Region Size: 2M
 Heap Min Capacity: 8M
 Heap Initial Capacity: 256M
 Heap Max Capacity: 4G
 Pre-touch: Disabled
 Parallel Workers: 9
 Concurrent Workers: 2
 Concurrent Refinement Workers: 9
 Periodic GC: Disabled

Heap:
 garbage-first heap   total 266240K, used 4000K [0x0000000700000000, 0x0000000800000000)
  region size 2048K, 2 young (4096K), 0 survivors (0K)
 Metaspace       used 1365K, committed 1536K, reserved 1114112K
  class space    used 128K, committed 192K, reserved 1048576K

Heap Regions: E=young(eden), S=young(survivor), O=old, HS=humongous(starts), HC=humongous(continues), CS=collection set, F=free, OA=open archive, CA=closed archive, TAMS=top-at-mark-start (previous, next)
|   0|0x0000000700000000, 0x0000000700000000, 0x0000000700200000|  0%| F|  |TAMS 0x0000000700000000, 0x0000000700000000| Untracked 
|   1|0x0000000700200000, 0x0000000700200000, 0x0000000700400000|  0%| F|  |TAMS 0x0000000700200000, 0x0000000700200000| Untracked 
|   2|0x0000000700400000, 0x0000000700400000, 0x0000000700600000|  0%| F|  |TAMS 0x0000000700400000, 0x0000000700400000| Untracked 
|   3|0x0000000700600000, 0x0000000700600000, 0x0000000700800000|  0%| F|  |TAMS 0x0000000700600000, 0x0000000700600000| Untracked 
|   4|0x0000000700800000, 0x0000000700800000, 0x0000000700a00000|  0%| F|  |TAMS 0x0000000700800000, 0x0000000700800000| Untracked 
|   5|0x0000000700a00000, 0x0000000700a00000, 0x0000000700c00000|  0%| F|  |TAMS 0x0000000700a00000, 0x0000000700a00000| Untracked 
|   6|0x0000000700c00000, 0x0000000700c00000, 0x0000000700e00000|  0%| F|  |TAMS 0x0000000700c00000, 0x0000000700c00000| Untracked 
|   7|0x0000000700e00000, 0x0000000700e00000, 0x0000000701000000|  0%| F|  |TAMS 0x0000000700e00000, 0x0000000700e00000| Untracked 
|   8|0x0000000701000000, 0x0000000701000000, 0x0000000701200000|  0%| F|  |TAMS 0x0000000701000000, 0x0000000701000000| Untracked 
|   9|0x0000000701200000, 0x0000000701200000, 0x0000000701400000|  0%| F|  |TAMS 0x0000000701200000, 0x0000000701200000| Untracked 
|  10|0x0000000701400000, 0x0000000701400000, 0x0000000701600000|  0%| F|  |TAMS 0x0000000701400000, 0x0000000701400000| Untracked 
|  11|0x0000000701600000, 0x0000000701600000, 0x0000000701800000|  0%| F|  |TAMS 0x0000000701600000, 0x0000000701600000| Untracked 
|  12|0x0000000701800000, 0x0000000701800000, 0x0000000701a00000|  0%| F|  |TAMS 0x0000000701800000, 0x0000000701800000| Untracked 
|  13|0x0000000701a00000, 0x0000000701a00000, 0x0000000701c00000|  0%| F|  |TAMS 0x0000000701a00000, 0x0000000701a00000| Untracked 
|  14|0x0000000701c00000, 0x0000000701c00000, 0x0000000701e00000|  0%| F|  |TAMS 0x0000000701c00000, 0x0000000701c00000| Untracked 
|  15|0x0000000701e00000, 0x0000000701e00000, 0x0000000702000000|  0%| F|  |TAMS 0x0000000701e00000, 0x0000000701e00000| Untracked 
|  16|0x0000000702000000, 0x0000000702000000, 0x0000000702200000|  0%| F|  |TAMS 0x0000000702000000, 0x0000000702000000| Untracked 
|  17|0x0000000702200000, 0x0000000702200000, 0x0000000702400000|  0%| F|  |TAMS 0x0000000702200000, 0x0000000702200000| Untracked 
|  18|0x0000000702400000, 0x0000000702400000, 0x0000000702600000|  0%| F|  |TAMS 0x0000000702400000, 0x0000000702400000| Untracked 
|  19|0x0000000702600000, 0x0000000702600000, 0x0000000702800000|  0%| F|  |TAMS 0x0000000702600000, 0x0000000702600000| Untracked 
|  20|0x0000000702800000, 0x0000000702800000, 0x0000000702a00000|  0%| F|  |TAMS 0x0000000702800000, 0x0000000702800000| Untracked 
|  21|0x0000000702a00000, 0x0000000702a00000, 0x0000000702c00000|  0%| F|  |TAMS 0x0000000702a00000, 0x0000000702a00000| Untracked 
|  22|0x0000000702c00000, 0x0000000702c00000, 0x0000000702e00000|  0%| F|  |TAMS 0x0000000702c00000, 0x0000000702c00000| Untracked 
|  23|0x0000000702e00000, 0x0000000702e00000, 0x0000000703000000|  0%| F|  |TAMS 0x0000000702e00000, 0x0000000702e00000| Untracked 
|  24|0x0000000703000000, 0x0000000703000000, 0x0000000703200000|  0%| F|  |TAMS 0x0000000703000000, 0x0000000703000000| Untracked 
|  25|0x0000000703200000, 0x0000000703200000, 0x0000000703400000|  0%| F|  |TAMS 0x0000000703200000, 0x0000000703200000| Untracked 
|  26|0x0000000703400000, 0x0000000703400000, 0x0000000703600000|  0%| F|  |TAMS 0x0000000703400000, 0x0000000703400000| Untracked 
|  27|0x0000000703600000, 0x0000000703600000, 0x0000000703800000|  0%| F|  |TAMS 0x0000000703600000, 0x0000000703600000| Untracked 
|  28|0x0000000703800000, 0x0000000703800000, 0x0000000703a00000|  0%| F|  |TAMS 0x0000000703800000, 0x0000000703800000| Untracked 
|  29|0x0000000703a00000, 0x0000000703a00000, 0x0000000703c00000|  0%| F|  |TAMS 0x0000000703a00000, 0x0000000703a00000| Untracked 
|  30|0x0000000703c00000, 0x0000000703c00000, 0x0000000703e00000|  0%| F|  |TAMS 0x0000000703c00000, 0x0000000703c00000| Untracked 
|  31|0x0000000703e00000, 0x0000000703e00000, 0x0000000704000000|  0%| F|  |TAMS 0x0000000703e00000, 0x0000000703e00000| Untracked 
|  32|0x0000000704000000, 0x0000000704000000, 0x0000000704200000|  0%| F|  |TAMS 0x0000000704000000, 0x0000000704000000| Untracked 
|  33|0x0000000704200000, 0x0000000704200000, 0x0000000704400000|  0%| F|  |TAMS 0x0000000704200000, 0x0000000704200000| Untracked 
|  34|0x0000000704400000, 0x0000000704400000, 0x0000000704600000|  0%| F|  |TAMS 0x0000000704400000, 0x0000000704400000| Untracked 
|  35|0x0000000704600000, 0x0000000704600000, 0x0000000704800000|  0%| F|  |TAMS 0x0000000704600000, 0x0000000704600000| Untracked 
|  36|0x0000000704800000, 0x0000000704800000, 0x0000000704a00000|  0%| F|  |TAMS 0x0000000704800000, 0x0000000704800000| Untracked 
|  37|0x0000000704a00000, 0x0000000704a00000, 0x0000000704c00000|  0%| F|  |TAMS 0x0000000704a00000, 0x0000000704a00000| Untracked 
|  38|0x0000000704c00000, 0x0000000704c00000, 0x0000000704e00000|  0%| F|  |TAMS 0x0000000704c00000, 0x0000000704c00000| Untracked 
|  39|0x0000000704e00000, 0x0000000704e00000, 0x0000000705000000|  0%| F|  |TAMS 0x0000000704e00000, 0x0000000704e00000| Untracked 
|  40|0x0000000705000000, 0x0000000705000000, 0x0000000705200000|  0%| F|  |TAMS 0x0000000705000000, 0x0000000705000000| Untracked 
|  41|0x0000000705200000, 0x0000000705200000, 0x0000000705400000|  0%| F|  |TAMS 0x0000000705200000, 0x0000000705200000| Untracked 
|  42|0x0000000705400000, 0x0000000705400000, 0x0000000705600000|  0%| F|  |TAMS 0x0000000705400000, 0x0000000705400000| Untracked 
|  43|0x0000000705600000, 0x0000000705600000, 0x0000000705800000|  0%| F|  |TAMS 0x0000000705600000, 0x0000000705600000| Untracked 
|  44|0x0000000705800000, 0x0000000705800000, 0x0000000705a00000|  0%| F|  |TAMS 0x0000000705800000, 0x0000000705800000| Untracked 
|  45|0x0000000705a00000, 0x0000000705a00000, 0x0000000705c00000|  0%| F|  |TAMS 0x0000000705a00000, 0x0000000705a00000| Untracked 
|  46|0x0000000705c00000, 0x0000000705c00000, 0x0000000705e00000|  0%| F|  |TAMS 0x0000000705c00000, 0x0000000705c00000| Untracked 
|  47|0x0000000705e00000, 0x0000000705e00000, 0x0000000706000000|  0%| F|  |TAMS 0x0000000705e00000, 0x0000000705e00000| Untracked 
|  48|0x0000000706000000, 0x0000000706000000, 0x0000000706200000|  0%| F|  |TAMS 0x0000000706000000, 0x0000000706000000| Untracked 
|  49|0x0000000706200000, 0x0000000706200000, 0x0000000706400000|  0%| F|  |TAMS 0x0000000706200000, 0x0000000706200000| Untracked 
|  50|0x0000000706400000, 0x0000000706400000, 0x0000000706600000|  0%| F|  |TAMS 0x0000000706400000, 0x0000000706400000| Untracked 
|  51|0x0000000706600000, 0x0000000706600000, 0x0000000706800000|  0%| F|  |TAMS 0x0000000706600000, 0x0000000706600000| Untracked 
|  52|0x0000000706800000, 0x0000000706800000, 0x0000000706a00000|  0%| F|  |TAMS 0x0000000706800000, 0x0000000706800000| Untracked 
|  53|0x0000000706a00000, 0x0000000706a00000, 0x0000000706c00000|  0%| F|  |TAMS 0x0000000706a00000, 0x0000000706a00000| Untracked 
|  54|0x0000000706c00000, 0x0000000706c00000, 0x0000000706e00000|  0%| F|  |TAMS 0x0000000706c00000, 0x0000000706c00000| Untracked 
|  55|0x0000000706e00000, 0x0000000706e00000, 0x0000000707000000|  0%| F|  |TAMS 0x0000000706e00000, 0x0000000706e00000| Untracked 
|  56|0x0000000707000000, 0x0000000707000000, 0x0000000707200000|  0%| F|  |TAMS 0x0000000707000000, 0x0000000707000000| Untracked 
|  57|0x0000000707200000, 0x0000000707200000, 0x0000000707400000|  0%| F|  |TAMS 0x0000000707200000, 0x0000000707200000| Untracked 
|  58|0x0000000707400000, 0x0000000707400000, 0x0000000707600000|  0%| F|  |TAMS 0x0000000707400000, 0x0000000707400000| Untracked 
|  59|0x0000000707600000, 0x0000000707600000, 0x0000000707800000|  0%| F|  |TAMS 0x0000000707600000, 0x0000000707600000| Untracked 
|  60|0x0000000707800000, 0x0000000707800000, 0x0000000707a00000|  0%| F|  |TAMS 0x0000000707800000, 0x0000000707800000| Untracked 
|  61|0x0000000707a00000, 0x0000000707a00000, 0x0000000707c00000|  0%| F|  |TAMS 0x0000000707a00000, 0x0000000707a00000| Untracked 
|  62|0x0000000707c00000, 0x0000000707c00000, 0x0000000707e00000|  0%| F|  |TAMS 0x0000000707c00000, 0x0000000707c00000| Untracked 
|  63|0x0000000707e00000, 0x0000000707e00000, 0x0000000708000000|  0%| F|  |TAMS 0x0000000707e00000, 0x0000000707e00000| Untracked 
|  64|0x0000000708000000, 0x0000000708000000, 0x0000000708200000|  0%| F|  |TAMS 0x0000000708000000, 0x0000000708000000| Untracked 
|  65|0x0000000708200000, 0x0000000708200000, 0x0000000708400000|  0%| F|  |TAMS 0x0000000708200000, 0x0000000708200000| Untracked 
|  66|0x0000000708400000, 0x0000000708400000, 0x0000000708600000|  0%| F|  |TAMS 0x0000000708400000, 0x0000000708400000| Untracked 
|  67|0x0000000708600000, 0x0000000708600000, 0x0000000708800000|  0%| F|  |TAMS 0x0000000708600000, 0x0000000708600000| Untracked 
|  68|0x0000000708800000, 0x0000000708800000, 0x0000000708a00000|  0%| F|  |TAMS 0x0000000708800000, 0x0000000708800000| Untracked 
|  69|0x0000000708a00000, 0x0000000708a00000, 0x0000000708c00000|  0%| F|  |TAMS 0x0000000708a00000, 0x0000000708a00000| Untracked 
|  70|0x0000000708c00000, 0x0000000708c00000, 0x0000000708e00000|  0%| F|  |TAMS 0x0000000708c00000, 0x0000000708c00000| Untracked 
|  71|0x0000000708e00000, 0x0000000708e00000, 0x0000000709000000|  0%| F|  |TAMS 0x0000000708e00000, 0x0000000708e00000| Untracked 
|  72|0x0000000709000000, 0x0000000709000000, 0x0000000709200000|  0%| F|  |TAMS 0x0000000709000000, 0x0000000709000000| Untracked 
|  73|0x0000000709200000, 0x0000000709200000, 0x0000000709400000|  0%| F|  |TAMS 0x0000000709200000, 0x0000000709200000| Untracked 
|  74|0x0000000709400000, 0x0000000709400000, 0x0000000709600000|  0%| F|  |TAMS 0x0000000709400000, 0x0000000709400000| Untracked 
|  75|0x0000000709600000, 0x0000000709600000, 0x0000000709800000|  0%| F|  |TAMS 0x0000000709600000, 0x0000000709600000| Untracked 
|  76|0x0000000709800000, 0x0000000709800000, 0x0000000709a00000|  0%| F|  |TAMS 0x0000000709800000, 0x0000000709800000| Untracked 
|  77|0x0000000709a00000, 0x0000000709a00000, 0x0000000709c00000|  0%| F|  |TAMS 0x0000000709a00000, 0x0000000709a00000| Untracked 
|  78|0x0000000709c00000, 0x0000000709c00000, 0x0000000709e00000|  0%| F|  |TAMS 0x0000000709c00000, 0x0000000709c00000| Untracked 
|  79|0x0000000709e00000, 0x0000000709e00000, 0x000000070a000000|  0%| F|  |TAMS 0x0000000709e00000, 0x0000000709e00000| Untracked 
|  80|0x000000070a000000, 0x000000070a000000, 0x000000070a200000|  0%| F|  |TAMS 0x000000070a000000, 0x000000070a000000| Untracked 
|  81|0x000000070a200000, 0x000000070a200000, 0x000000070a400000|  0%| F|  |TAMS 0x000000070a200000, 0x000000070a200000| Untracked 
|  82|0x000000070a400000, 0x000000070a400000, 0x000000070a600000|  0%| F|  |TAMS 0x000000070a400000, 0x000000070a400000| Untracked 
|  83|0x000000070a600000, 0x000000070a600000, 0x000000070a800000|  0%| F|  |TAMS 0x000000070a600000, 0x000000070a600000| Untracked 
|  84|0x000000070a800000, 0x000000070a800000, 0x000000070aa00000|  0%| F|  |TAMS 0x000000070a800000, 0x000000070a800000| Untracked 
|  85|0x000000070aa00000, 0x000000070aa00000, 0x000000070ac00000|  0%| F|  |TAMS 0x000000070aa00000, 0x000000070aa00000| Untracked 
|  86|0x000000070ac00000, 0x000000070ac00000, 0x000000070ae00000|  0%| F|  |TAMS 0x000000070ac00000, 0x000000070ac00000| Untracked 
|  87|0x000000070ae00000, 0x000000070ae00000, 0x000000070b000000|  0%| F|  |TAMS 0x000000070ae00000, 0x000000070ae00000| Untracked 
|  88|0x000000070b000000, 0x000000070b000000, 0x000000070b200000|  0%| F|  |TAMS 0x000000070b000000, 0x000000070b000000| Untracked 
|  89|0x000000070b200000, 0x000000070b200000, 0x000000070b400000|  0%| F|  |TAMS 0x000000070b200000, 0x000000070b200000| Untracked 
|  90|0x000000070b400000, 0x000000070b400000, 0x000000070b600000|  0%| F|  |TAMS 0x000000070b400000, 0x000000070b400000| Untracked 
|  91|0x000000070b600000, 0x000000070b600000, 0x000000070b800000|  0%| F|  |TAMS 0x000000070b600000, 0x000000070b600000| Untracked 
|  92|0x000000070b800000, 0x000000070b800000, 0x000000070ba00000|  0%| F|  |TAMS 0x000000070b800000, 0x000000070b800000| Untracked 
|  93|0x000000070ba00000, 0x000000070ba00000, 0x000000070bc00000|  0%| F|  |TAMS 0x000000070ba00000, 0x000000070ba00000| Untracked 
|  94|0x000000070bc00000, 0x000000070bc00000, 0x000000070be00000|  0%| F|  |TAMS 0x000000070bc00000, 0x000000070bc00000| Untracked 
|  95|0x000000070be00000, 0x000000070be00000, 0x000000070c000000|  0%| F|  |TAMS 0x000000070be00000, 0x000000070be00000| Untracked 
|  96|0x000000070c000000, 0x000000070c000000, 0x000000070c200000|  0%| F|  |TAMS 0x000000070c000000, 0x000000070c000000| Untracked 
|  97|0x000000070c200000, 0x000000070c200000, 0x000000070c400000|  0%| F|  |TAMS 0x000000070c200000, 0x000000070c200000| Untracked 
|  98|0x000000070c400000, 0x000000070c400000, 0x000000070c600000|  0%| F|  |TAMS 0x000000070c400000, 0x000000070c400000| Untracked 
|  99|0x000000070c600000, 0x000000070c600000, 0x000000070c800000|  0%| F|  |TAMS 0x000000070c600000, 0x000000070c600000| Untracked 
| 100|0x000000070c800000, 0x000000070c800000, 0x000000070ca00000|  0%| F|  |TAMS 0x000000070c800000, 0x000000070c800000| Untracked 
| 101|0x000000070ca00000, 0x000000070ca00000, 0x000000070cc00000|  0%| F|  |TAMS 0x000000070ca00000, 0x000000070ca00000| Untracked 
| 102|0x000000070cc00000, 0x000000070cc00000, 0x000000070ce00000|  0%| F|  |TAMS 0x000000070cc00000, 0x000000070cc00000| Untracked 
| 103|0x000000070ce00000, 0x000000070ce00000, 0x000000070d000000|  0%| F|  |TAMS 0x000000070ce00000, 0x000000070ce00000| Untracked 
| 104|0x000000070d000000, 0x000000070d000000, 0x000000070d200000|  0%| F|  |TAMS 0x000000070d000000, 0x000000070d000000| Untracked 
| 105|0x000000070d200000, 0x000000070d200000, 0x000000070d400000|  0%| F|  |TAMS 0x000000070d200000, 0x000000070d200000| Untracked 
| 106|0x000000070d400000, 0x000000070d400000, 0x000000070d600000|  0%| F|  |TAMS 0x000000070d400000, 0x000000070d400000| Untracked 
| 107|0x000000070d600000, 0x000000070d600000, 0x000000070d800000|  0%| F|  |TAMS 0x000000070d600000, 0x000000070d600000| Untracked 
| 108|0x000000070d800000, 0x000000070d800000, 0x000000070da00000|  0%| F|  |TAMS 0x000000070d800000, 0x000000070d800000| Untracked 
| 109|0x000000070da00000, 0x000000070da00000, 0x000000070dc00000|  0%| F|  |TAMS 0x000000070da00000, 0x000000070da00000| Untracked 
| 110|0x000000070dc00000, 0x000000070dc00000, 0x000000070de00000|  0%| F|  |TAMS 0x000000070dc00000, 0x000000070dc00000| Untracked 
| 111|0x000000070de00000, 0x000000070de00000, 0x000000070e000000|  0%| F|  |TAMS 0x000000070de00000, 0x000000070de00000| Untracked 
| 112|0x000000070e000000, 0x000000070e000000, 0x000000070e200000|  0%| F|  |TAMS 0x000000070e000000, 0x000000070e000000| Untracked 
| 113|0x000000070e200000, 0x000000070e200000, 0x000000070e400000|  0%| F|  |TAMS 0x000000070e200000, 0x000000070e200000| Untracked 
| 114|0x000000070e400000, 0x000000070e400000, 0x000000070e600000|  0%| F|  |TAMS 0x000000070e400000, 0x000000070e400000| Untracked 
| 115|0x000000070e600000, 0x000000070e600000, 0x000000070e800000|  0%| F|  |TAMS 0x000000070e600000, 0x000000070e600000| Untracked 
| 116|0x000000070e800000, 0x000000070e800000, 0x000000070ea00000|  0%| F|  |TAMS 0x000000070e800000, 0x000000070e800000| Untracked 
| 117|0x000000070ea00000, 0x000000070ea00000, 0x000000070ec00000|  0%| F|  |TAMS 0x000000070ea00000, 0x000000070ea00000| Untracked 
| 118|0x000000070ec00000, 0x000000070ec00000, 0x000000070ee00000|  0%| F|  |TAMS 0x000000070ec00000, 0x000000070ec00000| Untracked 
| 119|0x000000070ee00000, 0x000000070ee00000, 0x000000070f000000|  0%| F|  |TAMS 0x000000070ee00000, 0x000000070ee00000| Untracked 
| 120|0x000000070f000000, 0x000000070f000000, 0x000000070f200000|  0%| F|  |TAMS 0x000000070f000000, 0x000000070f000000| Untracked 
| 121|0x000000070f200000, 0x000000070f200000, 0x000000070f400000|  0%| F|  |TAMS 0x000000070f200000, 0x000000070f200000| Untracked 
| 122|0x000000070f400000, 0x000000070f400000, 0x000000070f600000|  0%| F|  |TAMS 0x000000070f400000, 0x000000070f400000| Untracked 
| 123|0x000000070f600000, 0x000000070f600000, 0x000000070f800000|  0%| F|  |TAMS 0x000000070f600000, 0x000000070f600000| Untracked 
| 124|0x000000070f800000, 0x000000070f800000, 0x000000070fa00000|  0%| F|  |TAMS 0x000000070f800000, 0x000000070f800000| Untracked 
| 125|0x000000070fa00000, 0x000000070fa00000, 0x000000070fc00000|  0%| F|  |TAMS 0x000000070fa00000, 0x000000070fa00000| Untracked 
| 126|0x000000070fc00000, 0x000000070fdc2d80, 0x000000070fe00000| 88%| E|  |TAMS 0x000000070fc00000, 0x000000070fc00000| Complete 
| 127|0x000000070fe00000, 0x0000000710000000, 0x0000000710000000|100%| E|CS|TAMS 0x000000070fe00000, 0x000000070fe00000| Complete 
|2046|0x00000007ffc00000, 0x00000007ffd74000, 0x00000007ffe00000| 72%|OA|  |TAMS 0x00000007ffc00000, 0x00000007ffc00000| Untracked 
|2047|0x00000007ffe00000, 0x00000007ffe74000, 0x0000000800000000| 22%|CA|  |TAMS 0x00000007ffe00000, 0x00000007ffe00000| Untracked 

Card table byte_map: [0x000000011b300000,0x000000011bb00000] _byte_map_base: 0x0000000117b00000

Marking Bits (Prev, Next): (CMBitMap*) 0x00000001530e1e10, (CMBitMap*) 0x00000001530e1e50
 Prev Bits: [0x000000011c300000, 0x0000000120300000)
 Next Bits: [0x0000000120300000, 0x0000000124300000)

Polling page: 0x00000001015bc000

Metaspace:

Usage:
  Non-class:      1.21 MB used.
      Class:    128.88 KB used.
       Both:      1.33 MB used.

Virtual space:
  Non-class space:       64.00 MB reserved,       1.31 MB (  2%) committed,  1 nodes.
      Class space:        1.00 GB reserved,     192.00 KB ( <1%) committed,  1 nodes.
             Both:        1.06 GB reserved,       1.50 MB ( <1%) committed. 

Chunk freelists:
   Non-Class:  11.85 MB
       Class:  15.72 MB
        Both:  27.57 MB

MaxMetaspaceSize: unlimited
CompressedClassSpaceSize: 1.00 GB
Initial GC threshold: 21.00 MB
Current GC threshold: 21.00 MB
CDS: on
MetaspaceReclaimPolicy: balanced
 - commit_granule_bytes: 65536.
 - commit_granule_words: 8192.
 - virtual_space_node_default_size: 8388608.
 - enlarge_chunks_in_place: 1.
 - new_chunks_are_fully_committed: 0.
 - uncommit_free_chunks: 1.
 - use_allocation_guard: 0.
 - handle_deallocations: 1.


Internal statistics:

num_allocs_failed_limit: 0.
num_arena_births: 36.
num_arena_deaths: 0.
num_vsnodes_births: 2.
num_vsnodes_deaths: 0.
num_space_committed: 24.
num_space_uncommitted: 0.
num_chunks_returned_to_freelist: 0.
num_chunks_taken_from_freelist: 50.
num_chunk_merges: 0.
num_chunk_splits: 34.
num_chunks_enlarged: 19.
num_inconsistent_stats: 0.

CodeHeap 'non-profiled nmethods': size=120032Kb used=99Kb max_used=99Kb free=119932Kb
 bounds [0x0000000113dc8000, 0x0000000114038000, 0x000000011b300000]
CodeHeap 'profiled nmethods': size=120016Kb used=590Kb max_used=590Kb free=119425Kb
 bounds [0x000000010c300000, 0x000000010c570000, 0x0000000113834000]
CodeHeap 'non-nmethods': size=5712Kb used=1091Kb max_used=1119Kb free=4620Kb
 bounds [0x0000000113834000, 0x0000000113aa4000, 0x0000000113dc8000]
 total_blobs=755 nmethods=379 adapters=293
 compilation: enabled
              stopped_count=0, restarted_count=0
 full_count=0

Compilation events (20 events):
Event: 0.116 Thread 0x0000000133089400  367       3       org.jpype.manager.TypeManager::isBeanMutator (61 bytes)
Event: 0.116 Thread 0x0000000133088e00 nmethod 366 0x0000000113de0c90 code [0x0000000113de0e00, 0x0000000113de0ea0]
Event: 0.116 Thread 0x0000000133089400 nmethod 367 0x000000010c389310 code [0x000000010c389580, 0x000000010c389cc8]
Event: 0.116 Thread 0x0000000133089400  370       3       java.util.Objects::checkIndex (7 bytes)
Event: 0.116 Thread 0x0000000133089400 nmethod 370 0x000000010c389f90 code [0x000000010c38a140, 0x000000010c38a348]
Event: 0.116 Thread 0x0000000133089400  373       3       org.jpype.manager.MethodResolution::isMoreSpecificThan (65 bytes)
Event: 0.116 Thread 0x0000000133089400 nmethod 373 0x000000010c38a490 code [0x000000010c38a700, 0x000000010c38b038]
Event: 0.116 Thread 0x0000000133089400  371       3       jdk.internal.util.Preconditions::checkIndex (18 bytes)
Event: 0.116 Thread 0x0000000133089400 nmethod 371 0x000000010c38b290 code [0x000000010c38b440, 0x000000010c38b5c8]
Event: 0.116 Thread 0x0000000133089400  372       3       java.util.ArrayList::elementData (7 bytes)
Event: 0.116 Thread 0x0000000133089400 nmethod 372 0x000000010c38b690 code [0x000000010c38b840, 0x000000010c38b998]
Event: 0.116 Thread 0x0000000133089400  368       3       org.jpype.manager.TypeManager::isBeanAccessor (60 bytes)
Event: 0.116 Thread 0x0000000133089400 nmethod 368 0x000000010c38ba90 code [0x000000010c38bd00, 0x000000010c38c448]
Event: 0.116 Thread 0x0000000133089400  369       3       java.lang.invoke.DirectMethodHandle::allocateInstance (16 bytes)
Event: 0.116 Thread 0x0000000133089400 nmethod 369 0x000000010c38c710 code [0x000000010c38c8c0, 0x000000010c38cb08]
Event: 0.116 Thread 0x0000000133089400  374       3       java.lang.ClassLoader::getClassLoadingLock (35 bytes)
Event: 0.117 Thread 0x0000000133089400 nmethod 374 0x000000010c38cc10 code [0x000000010c38ce00, 0x000000010c38d108]
Event: 0.118 Thread 0x0000000133089400  376       3       java.util.StringJoiner::toString (53 bytes)
Event: 0.118 Thread 0x0000000133089400 nmethod 376 0x000000010c38d290 code [0x000000010c38d440, 0x000000010c38d688]
Event: 0.118 Thread 0x0000000133089400  378       3       java.lang.String::join (281 bytes)

GC Heap History (0 events):
No events

Dll operation events (4 events):
Event: 0.012 Loaded shared library /opt/homebrew/Cellar/openjdk@17/17.0.18/libexec/openjdk.jdk/Contents/Home/lib/libjava.dylib
Event: 0.070 Loaded shared library /opt/homebrew/Cellar/openjdk@17/17.0.18/libexec/openjdk.jdk/Contents/Home/lib/libnio.dylib
Event: 0.073 Loaded shared library /opt/homebrew/Cellar/openjdk@17/17.0.18/libexec/openjdk.jdk/Contents/Home/lib/libzip.dylib
Event: 0.089 Loaded shared library /Users/mark/Workspace/Projects/data-analysis/backend/.venv/lib/python3.13/site-packages/_jpype.cpython-313-darwin.so

Deoptimization events (0 events):
No events

Classes loaded (20 events):
Event: 0.112 Loading class jdk/internal/reflect/Label
Event: 0.112 Loading class jdk/internal/reflect/Label done
Event: 0.112 Loading class jdk/internal/reflect/Label$PatchInfo
Event: 0.112 Loading class jdk/internal/reflect/Label$PatchInfo done
Event: 0.112 Loading class jdk/internal/reflect/MethodAccessorGenerator$1
Event: 0.112 Loading class jdk/internal/reflect/MethodAccessorGenerator$1 done
Event: 0.112 Loading class jdk/internal/reflect/ClassDefiner
Event: 0.112 Loading class jdk/internal/reflect/ClassDefiner done
Event: 0.112 Loading class jdk/internal/reflect/ClassDefiner$1
Event: 0.112 Loading class jdk/internal/reflect/ClassDefiner$1 done
Event: 0.112 Loading class jdk/internal/reflect/BootstrapConstructorAccessorImpl
Event: 0.112 Loading class jdk/internal/reflect/BootstrapConstructorAccessorImpl done
Event: 0.113 Loading class java/lang/Deprecated
Event: 0.113 Loading class java/lang/Deprecated done
Event: 0.113 Loading class java/lang/annotation/Documented
Event: 0.113 Loading class java/lang/annotation/Documented done
Event: 0.115 Loading class java/nio/charset/CharsetDecoder
Event: 0.115 Loading class java/nio/charset/CharsetDecoder done
Event: 0.115 Loading class java/nio/charset/CharacterCodingException
Event: 0.115 Loading class java/nio/charset/CharacterCodingException done

Classes unloaded (0 events):
No events

Classes redefined (0 events):
No events

Internal exceptions (9 events):
Event: 0.073 Thread 0x00000001530ba200 Exception <a 'java/lang/NoClassDefFoundError'{0x000000070fe2fe00}: org/jpype/classloader/DynamicClassLoader> (0x000000070fe2fe00) 
thrown [src/hotspot/share/classfile/systemDictionary.cpp, line 245]
Event: 0.090 Thread 0x00000001530ba200 Exception <a 'java/lang/NoSuchMethodError'{0x000000070ff9c0b0}: 'int java.lang.invoke.DirectMethodHandle$Holder.invokeStaticInit(java.lang.Object, java.lang.Object)'> (0x000000070ff9c0b0) 
thrown [src/hotspot/share/interpreter/linkResolver.cpp, line 759]
Event: 0.091 Thread 0x00000001530ba200 Exception <a 'java/lang/NoSuchMethodError'{0x000000070ffa28d0}: 'java.lang.Object java.lang.invoke.DirectMethodHandle$Holder.invokeStaticInit(java.lang.Object, int)'> (0x000000070ffa28d0) 
thrown [src/hotspot/share/interpreter/linkResolver.cpp, line 759]
Event: 0.092 Thread 0x00000001530ba200 Exception <a 'java/lang/NoSuchMethodError'{0x000000070ffada20}: 'int java.lang.invoke.DirectMethodHandle$Holder.invokeSpecial(java.lang.Object, java.lang.Object, java.lang.Object)'> (0x000000070ffada20) 
thrown [src/hotspot/share/interpreter/linkResolver.cpp, line 759]
Event: 0.094 Thread 0x00000001530ba200 Exception <a 'java/lang/NoSuchMethodError'{0x000000070ffc30a0}: 'java.lang.Object java.lang.invoke.DirectMethodHandle$Holder.invokeStatic(java.lang.Object, java.lang.Object, int)'> (0x000000070ffc30a0) 
thrown [src/hotspot/share/interpreter/linkResolver.cpp, line 759]
Event: 0.094 Thread 0x00000001530ba200 Exception <a 'java/lang/NoSuchMethodError'{0x000000070ffcec28}: 'void java.lang.invoke.DelegatingMethodHandle$Holder.delegate(java.lang.Object, java.lang.Object, int, java.lang.Object)'> (0x000000070ffcec28) 
thrown [src/hotspot/share/interpreter/linkResolver.cpp, line 759]
Event: 0.096 Thread 0x00000001530ba200 Exception <a 'java/lang/NoSuchMethodError'{0x000000070fff6178}: 'java.lang.Object java.lang.invoke.Invokers$Holder.invokeExact_MT(java.lang.Object, java.lang.Object, java.lang.Object)'> (0x000000070fff6178) 
thrown [src/hotspot/share/interpreter/linkResolver.cpp, line 759]
Event: 0.101 Thread 0x00000001530ba200 Exception <a 'java/lang/NoSuchMethodError'{0x000000070fc66b08}: 'java.lang.Object java.lang.invoke.DirectMethodHandle$Holder.invokeInterface(java.lang.Object, java.lang.Object)'> (0x000000070fc66b08) 
thrown [src/hotspot/share/interpreter/linkResolver.cpp, line 759]
Event: 0.101 Thread 0x00000001530ba200 Exception <a 'java/lang/IncompatibleClassChangeError'{0x000000070fc6a068}: Found class java.lang.Object, but interface was expected> (0x000000070fc6a068) 
thrown [src/hotspot/share/interpreter/linkResolver.cpp, line 826]

VM Operations (0 events):
No events

Memory protections (13 events):
Event: 0.011 Protecting memory [0x000000016e0dc000,0x000000016e0e8000] with protection modes 0
Event: 0.061 Protecting memory [0x000000016fd28000,0x000000016fd34000] with protection modes 0
Event: 0.061 Protecting memory [0x000000016ff34000,0x000000016ff40000] with protection modes 0
Event: 0.066 Protecting memory [0x0000000170258000,0x0000000170264000] with protection modes 0
Event: 0.066 Protecting memory [0x0000000170464000,0x0000000170470000] with protection modes 0
Event: 0.066 Protecting memory [0x0000000170670000,0x000000017067c000] with protection modes 0
Event: 0.066 Protecting memory [0x000000017087c000,0x0000000170888000] with protection modes 0
Event: 0.066 Protecting memory [0x0000000170a88000,0x0000000170a94000] with protection modes 0
Event: 0.066 Protecting memory [0x0000000170c94000,0x0000000170ca0000] with protection modes 0
Event: 0.067 Protecting memory [0x0000000170ea0000,0x0000000170eac000] with protection modes 0
Event: 0.067 Protecting memory [0x00000001712b8000,0x00000001712c4000] with protection modes 0
Event: 0.096 Protecting memory [0x0000000102058000,0x000000010205c000] with protection modes 1
Event: 0.099 Protecting memory [0x00000001714c4000,0x00000001714d0000] with protection modes 0

Nmethod flushes (0 events):
No events

Events (12 events):
Event: 0.060 Thread 0x00000001530ba200 Thread added: 0x00000001530ba200
Event: 0.061 Thread 0x00000001530ba200 Thread added: 0x00000001549dd200
Event: 0.061 Thread 0x00000001530ba200 Thread added: 0x00000001549f7c00
Event: 0.066 Thread 0x00000001530ba200 Thread added: 0x0000000133085a00
Event: 0.066 Thread 0x00000001530ba200 Thread added: 0x0000000133088200
Event: 0.066 Thread 0x00000001530ba200 Thread added: 0x0000000133088800
Event: 0.066 Thread 0x00000001530ba200 Thread added: 0x0000000133088e00
Event: 0.066 Thread 0x00000001530ba200 Thread added: 0x0000000133089400
Event: 0.066 Thread 0x00000001530ba200 Thread added: 0x00000001549f8200
Event: 0.067 Thread 0x00000001530ba200 Thread added: 0x00000001549e5e00
Event: 0.067 Thread 0x00000001530ba200 Thread added: 0x0000000133091a00
Event: 0.099 Thread 0x00000001530ba200 Thread added: 0x0000000153861c00


Dynamic libraries:
0x0000000199966000 	/usr/lib/libSystem.B.dylib
0x0000000199960000 	/usr/lib/system/libcache.dylib
0x000000019991b000 	/usr/lib/system/libcommonCrypto.dylib
0x0000000199946000 	/usr/lib/system/libcompiler_rt.dylib
0x000000019993b000 	/usr/lib/system/libcopyfile.dylib
0x0000000189888000 	/usr/lib/system/libcorecrypto.dylib
0x0000000189987000 	/usr/lib/system/libdispatch.dylib
0x0000000189733000 	/usr/lib/system/libdyld.dylib
0x0000000199956000 	/usr/lib/system/libkeymgr.dylib
0x00000001998fe000 	/usr/lib/system/libmacho.dylib
0x0000000198b9b000 	/usr/lib/system/libquarantine.dylib
0x0000000199953000 	/usr/lib/system/libremovefile.dylib
0x00000001902ea000 	/usr/lib/system/libsystem_asl.dylib
0x000000018980e000 	/usr/lib/system/libsystem_blocks.dylib
0x00000001899d2000 	/usr/lib/system/libsystem_c.dylib
0x000000019994a000 	/usr/lib/system/libsystem_collections.dylib
0x0000000197550000 	/usr/lib/system/libsystem_configuration.dylib
0x0000000196140000 	/usr/lib/system/libsystem_containermanager.dylib
0x000000019933a000 	/usr/lib/system/libsystem_coreservices.dylib
0x000000018db18000 	/usr/lib/system/libsystem_darwin.dylib
0x000000028df26000 	/usr/lib/system/libsystem_darwindirectory.dylib
0x0000000199957000 	/usr/lib/system/libsystem_dnssd.dylib
0x000000028df2a000 	/usr/lib/system/libsystem_eligibility.dylib
0x00000001899cf000 	/usr/lib/system/libsystem_featureflags.dylib
0x0000000189b53000 	/usr/lib/system/libsystem_info.dylib
0x00000001998bf000 	/usr/lib/system/libsystem_m.dylib
0x0000000189936000 	/usr/lib/system/libsystem_malloc.dylib
0x000000019024d000 	/usr/lib/system/libsystem_networkextension.dylib
0x000000018df83000 	/usr/lib/system/libsystem_notify.dylib
0x0000000197555000 	/usr/lib/system/libsystem_sandbox.dylib
0x000000028df34000 	/usr/lib/system/libsystem_sanitizers.dylib
0x000000019994f000 	/usr/lib/system/libsystem_secinit.dylib
0x0000000189aff000 	/usr/lib/system/libsystem_kernel.dylib
0x0000000189b4a000 	/usr/lib/system/libsystem_platform.dylib
0x0000000189b3d000 	/usr/lib/system/libsystem_pthread.dylib
0x0000000191ea5000 	/usr/lib/system/libsystem_symptoms.dylib
0x0000000189867000 	/usr/lib/system/libsystem_trace.dylib
0x000000028df3c000 	/usr/lib/system/libsystem_trial.dylib
0x0000000199929000 	/usr/lib/system/libunwind.dylib
0x0000000189812000 	/usr/lib/system/libxpc.dylib
0x00000001896e0000 	/usr/lib/libobjc.A.dylib
0x0000000189ae4000 	/usr/lib/libc++abi.dylib
0x000000028c249000 	/usr/lib/libRosetta.dylib
0x0000000189a53000 	/usr/lib/libc++.1.dylib
0x00000001015d8000 	/opt/homebrew/Caskroom/miniconda/base/lib/python3.13/lib-dynload/math.cpython-313-darwin.so
0x00000001015f4000 	/opt/homebrew/Caskroom/miniconda/base/lib/python3.13/lib-dynload/_bisect.cpython-313-darwin.so
0x0000000101608000 	/opt/homebrew/Caskroom/miniconda/base/lib/python3.13/lib-dynload/_random.cpython-313-darwin.so
0x00000001017a4000 	/opt/homebrew/Caskroom/miniconda/base/lib/python3.13/lib-dynload/_datetime.cpython-313-darwin.so
0x000000010161c000 	/opt/homebrew/Caskroom/miniconda/base/lib/python3.13/lib-dynload/grp.cpython-313-darwin.so
0x0000000101630000 	/opt/homebrew/Caskroom/miniconda/base/lib/python3.13/lib-dynload/_opcode.cpython-313-darwin.so
0x0000000101b04000 	/opt/homebrew/Caskroom/miniconda/base/lib/python3.13/lib-dynload/_decimal.cpython-313-darwin.so
0x0000000101b3c000 	/opt/homebrew/Caskroom/miniconda/base/lib/libmpdec.4.0.0.dylib
0x0000000101acc000 	/opt/homebrew/Caskroom/miniconda/base/lib/python3.13/lib-dynload/_struct.cpython-313-darwin.so
0x0000000101ae4000 	/opt/homebrew/Caskroom/miniconda/base/lib/python3.13/lib-dynload/_zoneinfo.cpython-313-darwin.so
0x0000000101e2c000 	/opt/homebrew/Caskroom/miniconda/base/lib/python3.13/lib-dynload/unicodedata.cpython-313-darwin.so
0x0000000101d74000 	/opt/homebrew/Caskroom/miniconda/base/lib/python3.13/lib-dynload/_csv.cpython-313-darwin.so
0x0000000101d8c000 	/opt/homebrew/Caskroom/miniconda/base/lib/python3.13/lib-dynload/_hashlib.cpython-313-darwin.so
0x00000001023b4000 	/opt/homebrew/Caskroom/miniconda/base/lib/libcrypto.3.dylib
0x0000000101da4000 	/opt/homebrew/Caskroom/miniconda/base/lib/python3.13/lib-dynload/_blake2.cpython-313-darwin.so
0x0000000101dbc000 	/opt/homebrew/Caskroom/miniconda/base/lib/python3.13/lib-dynload/_json.cpython-313-darwin.so
0x0000000101dd4000 	/opt/homebrew/Caskroom/miniconda/base/lib/python3.13/lib-dynload/zlib.cpython-313-darwin.so
0x0000000101fe4000 	/opt/homebrew/Caskroom/miniconda/base/lib/libz.1.3.1.dylib
0x0000000101dec000 	/opt/homebrew/Caskroom/miniconda/base/lib/python3.13/lib-dynload/_bz2.cpython-313-darwin.so
0x0000000102008000 	/opt/homebrew/Caskroom/miniconda/base/lib/libbz2.1.0.8.dylib
0x0000000101e00000 	/opt/homebrew/Caskroom/miniconda/base/lib/python3.13/lib-dynload/_lzma.cpython-313-darwin.so
0x000000010205c000 	/opt/homebrew/Caskroom/miniconda/base/lib/liblzma.5.8.2.dylib
0x0000000101e18000 	/opt/homebrew/Caskroom/miniconda/base/lib/python3.13/lib-dynload/_uuid.cpython-313-darwin.so
0x0000000102028000 	/opt/homebrew/Caskroom/miniconda/base/lib/python3.13/lib-dynload/binascii.cpython-313-darwin.so
0x000000010222c000 	/Users/mark/Workspace/Projects/data-analysis/backend/.venv/lib/python3.13/site-packages/_jpype.cpython-313-darwin.so
0x0000000102040000 	/opt/homebrew/Caskroom/miniconda/base/lib/python3.13/lib-dynload/_heapq.cpython-313-darwin.so
0x00000001021bc000 	/opt/homebrew/Caskroom/miniconda/base/lib/python3.13/lib-dynload/_pickle.cpython-313-darwin.so
0x0000000102190000 	/opt/homebrew/Caskroom/miniconda/base/lib/python3.13/lib-dynload/_queue.cpython-313-darwin.so
0x00000001021a4000 	/opt/homebrew/Caskroom/miniconda/base/lib/python3.13/lib-dynload/fcntl.cpython-313-darwin.so
0x00000001021e8000 	/opt/homebrew/Caskroom/miniconda/base/lib/python3.13/lib-dynload/_posixsubprocess.cpython-313-darwin.so
0x00000001021fc000 	/opt/homebrew/Caskroom/miniconda/base/lib/python3.13/lib-dynload/select.cpython-313-darwin.so
0x00000001022e8000 	/opt/homebrew/Cellar/openjdk@17/17.0.18/libexec/openjdk.jdk/Contents/Home/lib/libjli.dylib
0x00000001a9291000 	/System/Library/Frameworks/Cocoa.framework/Versions/A/Cocoa
0x000000018dff2000 	/System/Library/Frameworks/AppKit.framework/Versions/C/AppKit
0x0000000241e06000 	/System/Library/PrivateFrameworks/CollectionViewCore.framework/Versions/A/CollectionViewCore
0x0000000196c28000 	/System/Library/PrivateFrameworks/XCTTargetBootstrap.framework/Versions/A/XCTTargetBootstrap
0x000000019c652000 	/System/Library/PrivateFrameworks/UserActivity.framework/Versions/A/UserActivity
0x000000024b4c2000 	/System/Library/PrivateFrameworks/FrontBoard.framework/Versions/A/FrontBoard
0x000000027f5f4000 	/System/Library/PrivateFrameworks/UIIntelligenceSupport.framework/Versions/A/UIIntelligenceSupport
0x00000002362c4000 	/System/Library/Frameworks/SwiftUICore.framework/Versions/A/SwiftUICore
0x000000028610d000 	/System/Library/PrivateFrameworks/WritingTools.framework/Versions/A/WritingTools
0x0000000284f16000 	/System/Library/PrivateFrameworks/WindowManagement.framework/Versions/A/WindowManagement
0x000000024b1f7000 	/System/Library/PrivateFrameworks/FocusEngine.framework/Versions/A/FocusEngine
0x0000000248c19000 	/System/Library/PrivateFrameworks/DesignLibrary.framework/Versions/A/DesignLibrary
0x0000000196c13000 	/System/Library/PrivateFrameworks/DFRFoundation.framework/Versions/A/DFRFoundation
0x00000002804e8000 	/System/Library/PrivateFrameworks/UpdateCycle.framework/Versions/A/UpdateCycle
0x0000000196917000 	/System/Library/Frameworks/Carbon.framework/Versions/A/Frameworks/HIToolbox.framework/Versions/A/HIToolbox
0x00000001a1be9000 	/System/Library/Frameworks/Carbon.framework/Versions/A/Frameworks/SpeechRecognition.framework/Versions/A/SpeechRecognition
0x0000000194345000 	/System/Library/PrivateFrameworks/PerformanceAnalysis.framework/Versions/A/PerformanceAnalysis
0x00000001a1f78000 	/System/Library/Frameworks/Accessibility.framework/Versions/A/Accessibility
0x0000000237221000 	/System/Library/Frameworks/Symbols.framework/Versions/A/Symbols
0x00000002546a8000 	/System/Library/PrivateFrameworks/Gestures.framework/Versions/A/Gestures
0x000000028db45000 	/usr/lib/swift/libswiftSpatial.dylib
0x00000001b3c01000 	/usr/lib/swift/libswiftCoreGraphics.dylib
0x00000001a29bb000 	/usr/lib/swift/libswiftFoundation.dylib
0x00000001edf12000 	/usr/lib/swift/libswiftSwiftOnoneSupport.dylib
0x000000028ddcb000 	/usr/lib/swift/libswiftsys_time.dylib
0x00000001d8d11000 	/System/Library/PrivateFrameworks/CoreMaterial.framework/Versions/A/CoreMaterial
0x000000028c2b5000 	/usr/lib/libSpatial.dylib
0x000000028bcd6000 	/System/Library/SubFrameworks/UIUtilities.framework/Versions/A/UIUtilities
0x0000000189b83000 	/System/Library/Frameworks/CoreFoundation.framework/Versions/A/CoreFoundation
0x000000019d1cf000 	/usr/lib/swift/libswiftCore.dylib
0x000000018b3ef000 	/System/Library/Frameworks/Foundation.framework/Versions/C/Foundation
0x00000001a6d2d000 	/usr/lib/swift/libswiftObjectiveC.dylib
0x000000028d791000 	/usr/lib/libswiftPrespecialized.dylib
0x000000018b05e000 	/System/Library/Frameworks/SystemConfiguration.framework/Versions/A/SystemConfiguration
0x00000001998b0000 	/usr/lib/libz.1.dylib
0x00000001943c2000 	/System/Library/PrivateFrameworks/CoreAutoLayout.framework/Versions/A/CoreAutoLayout
0x0000000199968000 	/usr/lib/libfakelink.dylib
0x0000000199b8e000 	/usr/lib/libcompression.dylib
0x000000018fe98000 	/System/Library/Frameworks/CFNetwork.framework/Versions/A/CFNetwork
0x00000001937f2000 	/System/Library/Frameworks/DiskArbitration.framework/Versions/A/DiskArbitration
0x00000001999bb000 	/usr/lib/libarchive.2.dylib
0x00000001936f7000 	/usr/lib/libDiagnosticMessagesClient.dylib
0x000000018d842000 	/usr/lib/libicucore.A.dylib
0x000000019440b000 	/usr/lib/libxml2.2.dylib
0x00000001a1ffa000 	/System/Library/Frameworks/CoreServices.framework/Versions/A/CoreServices
0x0000000197563000 	/usr/lib/liblangid.dylib
0x000000018de9a000 	/System/Library/Frameworks/IOKit.framework/Versions/A/IOKit
0x000000019fcb3000 	/System/Library/Frameworks/Combine.framework/Versions/A/Combine
0x0000000241e2b000 	/System/Library/PrivateFrameworks/CollectionsInternal.framework/Versions/A/CollectionsInternal
0x000000026d73d000 	/System/Library/PrivateFrameworks/ReflectionInternal.framework/Versions/A/ReflectionInternal
0x000000026e685000 	/System/Library/PrivateFrameworks/RuntimeInternal.framework/Versions/A/RuntimeInternal
0x000000019996a000 	/System/Library/PrivateFrameworks/SoftLinking.framework/Versions/A/SoftLinking
0x00000001b6d58000 	/usr/lib/swift/libswiftCoreFoundation.dylib
0x00000001b3c02000 	/usr/lib/swift/libswiftDarwin.dylib
0x00000001a3d5a000 	/usr/lib/swift/libswiftDispatch.dylib
0x00000001b6db9000 	/usr/lib/swift/libswiftIOKit.dylib
0x000000028dbd3000 	/usr/lib/swift/libswiftSystem.dylib
0x00000001b6d6b000 	/usr/lib/swift/libswiftXPC.dylib
0x000000028dc05000 	/usr/lib/swift/libswift_Builtin_float.dylib
0x000000028dc06000 	/usr/lib/swift/libswift_Concurrency.dylib
0x000000028dc92000 	/usr/lib/swift/libswift_DarwinFoundation1.dylib
0x000000028dd36000 	/usr/lib/swift/libswift_StringProcessing.dylib
0x00000001a6d31000 	/usr/lib/swift/libswiftos.dylib
0x000000018de1a000 	/System/Library/PrivateFrameworks/CoreServicesInternal.framework/Versions/A/CoreServicesInternal
0x0000000199933000 	/usr/lib/liboah.dylib
0x000000018d424000 	/System/Library/Frameworks/Security.framework/Versions/A/Security
0x00000001a6165000 	/System/Library/PrivateFrameworks/DiskImages.framework/Versions/A/DiskImages
0x00000001b36a8000 	/System/Library/Frameworks/NetFS.framework/Versions/A/NetFS
0x0000000194387000 	/System/Library/Frameworks/CoreServices.framework/Versions/A/Frameworks/FSEvents.framework/Versions/A/FSEvents
0x000000018db22000 	/System/Library/Frameworks/CoreServices.framework/Versions/A/Frameworks/CarbonCore.framework/Versions/A/CarbonCore
0x0000000193766000 	/System/Library/Frameworks/CoreServices.framework/Versions/A/Frameworks/Metadata.framework/Versions/A/Metadata
0x0000000199341000 	/System/Library/Frameworks/CoreServices.framework/Versions/A/Frameworks/OSServices.framework/Versions/A/OSServices
0x0000000199ab3000 	/System/Library/Frameworks/CoreServices.framework/Versions/A/Frameworks/SearchKit.framework/Versions/A/SearchKit
0x0000000191e1f000 	/System/Library/Frameworks/CoreServices.framework/Versions/A/Frameworks/AE.framework/Versions/A/AE
0x000000018a0e1000 	/System/Library/Frameworks/CoreServices.framework/Versions/A/Frameworks/LaunchServices.framework/Versions/A/LaunchServices
0x000000019ae34000 	/System/Library/Frameworks/CoreServices.framework/Versions/A/Frameworks/DictionaryServices.framework/Versions/A/DictionaryServices
0x0000000194394000 	/System/Library/Frameworks/CoreServices.framework/Versions/A/Frameworks/SharedFileList.framework/Versions/A/SharedFileList
0x0000000199b46000 	/usr/lib/libapple_nghttp2.dylib
0x0000000191a36000 	/usr/lib/libsqlite3.dylib
0x0000000191c1f000 	/System/Library/Frameworks/Accounts.framework/Versions/A/Accounts
0x00000001a63a7000 	/System/Library/PrivateFrameworks/AppSupport.framework/Versions/A/AppSupport
0x00000001b5b21000 	/System/Library/Frameworks/AVFoundation.framework/Versions/A/AVFoundation
0x00000001936c7000 	/System/Library/PrivateFrameworks/CoreAnalytics.framework/Versions/A/CoreAnalytics
0x00000001908db000 	/System/Library/Frameworks/CoreGraphics.framework/Versions/A/CoreGraphics
0x000000019df01000 	/System/Library/Frameworks/GSS.framework/Versions/A/GSS
0x000000019c2f6000 	/System/Library/PrivateFrameworks/InternationalSupport.framework/Versions/A/InternationalSupport
0x0000000191db3000 	/System/Library/PrivateFrameworks/RunningBoardServices.framework/Versions/A/RunningBoardServices
0x00000001a6cb5000 	/System/Library/PrivateFrameworks/StreamingZip.framework/Versions/A/StreamingZip
0x0000000190268000 	/usr/lib/libenergytrace.dylib
0x0000000191eae000 	/System/Library/Frameworks/Network.framework/Versions/A/Network
0x0000000198bc3000 	/usr/lib/libbsm.0.dylib
0x0000000199902000 	/usr/lib/system/libkxld.dylib
0x000000023d492000 	/System/Library/PrivateFrameworks/AppleKeyStore.framework/Versions/A/AppleKeyStore
0x000000028bf4b000 	/usr/lib/libCoreEntitlements.dylib
0x0000000261fbb000 	/System/Library/PrivateFrameworks/MessageSecurity.framework/Versions/A/MessageSecurity
0x0000000191a1a000 	/System/Library/PrivateFrameworks/ProtocolBuffer.framework/Versions/A/ProtocolBuffer
0x00000001a316e000 	/System/Library/PrivateFrameworks/SymptomDiagnosticReporter.framework/Versions/A/SymptomDiagnosticReporter
0x000000019b079000 	/System/Library/PrivateFrameworks/CrashReporterSupport.framework/Versions/A/CrashReporterSupport
0x000000019026a000 	/usr/lib/libMobileGestalt.dylib
0x0000000199321000 	/System/Library/PrivateFrameworks/AppleFSCompression.framework/Versions/A/AppleFSCompression
0x0000000198bab000 	/usr/lib/libcoretls.dylib
0x000000019aeaa000 	/usr/lib/libcoretls_cfhelpers.dylib
0x0000000199b88000 	/usr/lib/libpam.2.dylib
0x000000019af20000 	/usr/lib/libxar.1.dylib
0x000000019aeac000 	/System/Library/PrivateFrameworks/APFS.framework/Versions/A/APFS
0x0000000279d98000 	/System/Library/PrivateFrameworks/SwiftASN1Internal.framework/Versions/A/SwiftASN1Internal
0x000000019af2f000 	/usr/lib/libutil.dylib
0x000000019755e000 	/System/Library/PrivateFrameworks/AppleSystemInfo.framework/Versions/A/AppleSystemInfo
0x0000000198873000 	/System/Library/PrivateFrameworks/IOMobileFramebuffer.framework/Versions/A/IOMobileFramebuffer
0x0000000196179000 	/System/Library/Frameworks/IOSurface.framework/Versions/A/IOSurface
0x00000001a5ac5000 	/System/Library/PrivateFrameworks/CoreWiFi.framework/Versions/A/CoreWiFi
0x00000001b6c1a000 	/System/Library/PrivateFrameworks/LoggingSupport.framework/Versions/A/LoggingSupport
0x000000019df64000 	/System/Library/PrivateFrameworks/MobileAsset.framework/Versions/A/MobileAsset
0x00000001a317e000 	/System/Library/PrivateFrameworks/PowerLog.framework/Versions/A/PowerLog
0x00000001a463a000 	/System/Library/PrivateFrameworks/Rapport.framework/Versions/A/Rapport
0x0000000236157000 	/System/Library/Frameworks/SwiftData.framework/Versions/A/SwiftData
0x000000018f8ce000 	/System/Library/Frameworks/UniformTypeIdentifiers.framework/Versions/A/UniformTypeIdentifiers
0x00000001945b4000 	/System/Library/PrivateFrameworks/UserManagement.framework/Versions/A/UserManagement
0x000000018fdbf000 	/usr/lib/libboringssl.dylib
0x0000000191e93000 	/usr/lib/libdns_services.dylib
0x00000001b5c55000 	/usr/lib/libquic.dylib
0x000000019d160000 	/usr/lib/libusrtcp.dylib
0x000000023e346000 	/System/Library/PrivateFrameworks/AtomicsInternal.framework/Versions/A/AtomicsInternal
0x00000001dce10000 	/System/Library/PrivateFrameworks/InternalSwiftProtobuf.framework/Versions/A/InternalSwiftProtobuf
0x000000028da5a000 	/usr/lib/swift/libswiftDistributed.dylib
0x000000028da83000 	/usr/lib/swift/libswiftObservation.dylib
0x000000028dbbf000 	/usr/lib/swift/libswiftSynchronization.dylib
0x000000019755c000 	/System/Library/PrivateFrameworks/AggregateDictionary.framework/Versions/A/AggregateDictionary
0x000000023eb02000 	/System/Library/PrivateFrameworks/BiomeLibrary.framework/Versions/A/BiomeLibrary
0x00000001c5d03000 	/System/Library/PrivateFrameworks/BiomeStreams.framework/Versions/A/BiomeStreams
0x00000001c1d85000 	/System/Library/PrivateFrameworks/BiomeFoundation.framework/Versions/A/BiomeFoundation
0x00000001cbf78000 	/System/Library/PrivateFrameworks/BiomePubSub.framework/Versions/A/BiomePubSub
0x000000019162c000 	/System/Library/Frameworks/CoreData.framework/Versions/A/CoreData
0x00000001a7c98000 	/System/Library/PrivateFrameworks/ProactiveSupport.framework/Versions/A/ProactiveSupport
0x00000002381a2000 	/System/Library/Frameworks/_LocationEssentials.framework/Versions/A/_LocationEssentials
0x000000019ae8b000 	/usr/lib/liblzma.5.dylib
0x00000001a2279000 	/System/Library/Frameworks/Accelerate.framework/Versions/A/Accelerate
0x0000000198aa4000 	/System/Library/PrivateFrameworks/MobileKeyBag.framework/Versions/A/MobileKeyBag
0x00000001a66bb000 	/System/Library/PrivateFrameworks/InternationalTextSearch.framework/Versions/A/InternationalTextSearch
0x00000001be26a000 	/System/Library/PrivateFrameworks/SoftwareUpdateCoreSupport.framework/Versions/A/SoftwareUpdateCoreSupport
0x00000001c67a1000 	/System/Library/PrivateFrameworks/SoftwareUpdateCoreConnect.framework/Versions/A/SoftwareUpdateCoreConnect
0x00000001a625f000 	/System/Library/PrivateFrameworks/RemoteServiceDiscovery.framework/Versions/A/RemoteServiceDiscovery
0x00000001bde40000 	/System/Library/PrivateFrameworks/MSUDataAccessor.framework/Versions/A/MSUDataAccessor
0x00000001b8de5000 	/usr/lib/libbootpolicy.dylib
0x00000001a6276000 	/System/Library/PrivateFrameworks/RemoteXPC.framework/Versions/A/RemoteXPC
0x00000001c5bd7000 	/usr/lib/libFDR.dylib
0x00000001cbb7a000 	/usr/lib/libamsupport.dylib
0x000000028c241000 	/usr/lib/libReverseProxyDevice.dylib
0x000000023cd07000 	/System/Library/PrivateFrameworks/AppleDeviceQuerySupport.framework/Versions/A/AppleDeviceQuerySupport
0x00000001ced36000 	/usr/lib/libpartition2_dynamic.dylib
0x0000000199b22000 	/System/Library/PrivateFrameworks/AppleSauce.framework/Versions/A/AppleSauce
0x000000028bdf6000 	/usr/lib/libAppleArchive.dylib
0x000000019932d000 	/usr/lib/libbz2.1.0.dylib
0x00000001937fc000 	/System/Library/Frameworks/Accelerate.framework/Versions/A/Frameworks/vImage.framework/Versions/A/vImage
0x00000001a1fd5000 	/System/Library/Frameworks/Accelerate.framework/Versions/A/Frameworks/vecLib.framework/Versions/A/vecLib
0x000000019af66000 	/System/Library/Frameworks/Accelerate.framework/Versions/A/Frameworks/vecLib.framework/Versions/A/libvMisc.dylib
0x000000018a5e5000 	/System/Library/Frameworks/Accelerate.framework/Versions/A/Frameworks/vecLib.framework/Versions/A/libBLAS.dylib
0x00000001a66ba000 	/System/Library/Frameworks/ApplicationServices.framework/Versions/A/ApplicationServices
0x00000001944f2000 	/System/Library/Frameworks/CoreVideo.framework/Versions/A/CoreVideo
0x0000000191030000 	/System/Library/Frameworks/ColorSync.framework/Versions/A/ColorSync
0x000000018ca65000 	/System/Library/Frameworks/CoreText.framework/Versions/A/CoreText
0x0000000196c6c000 	/System/Library/Frameworks/ImageIO.framework/Versions/A/ImageIO
0x000000019db18000 	/System/Library/Frameworks/ApplicationServices.framework/Versions/A/Frameworks/ATS.framework/Versions/A/ATS
0x00000001911d8000 	/System/Library/Frameworks/ApplicationServices.framework/Versions/A/Frameworks/HIServices.framework/Versions/A/HIServices
0x000000019c1ec000 	/System/Library/Frameworks/ApplicationServices.framework/Versions/A/Frameworks/PrintCore.framework/Versions/A/PrintCore
0x000000019deca000 	/System/Library/Frameworks/ApplicationServices.framework/Versions/A/Frameworks/QD.framework/Versions/A/QD
0x000000019dec5000 	/System/Library/Frameworks/ApplicationServices.framework/Versions/A/Frameworks/ColorSyncLegacy.framework/Versions/A/ColorSyncLegacy
0x000000019daea000 	/System/Library/Frameworks/ApplicationServices.framework/Versions/A/Frameworks/SpeechSynthesis.framework/Versions/A/SpeechSynthesis
0x0000000190326000 	/System/Library/PrivateFrameworks/SkyLight.framework/Versions/A/SkyLight
0x0000000196647000 	/System/Library/PrivateFrameworks/FontServices.framework/libFontParser.dylib
0x0000000191cc1000 	/System/Library/PrivateFrameworks/BaseBoard.framework/Versions/A/BaseBoard
0x00000001a40bb000 	/System/Library/PrivateFrameworks/BoardServices.framework/Versions/A/BoardServices
0x00000001a5f87000 	/System/Library/PrivateFrameworks/BackBoardServices.framework/Versions/A/BackBoardServices
0x000000023ea07000 	/System/Library/PrivateFrameworks/BackBoardHIDEventFoundation.framework/Versions/A/BackBoardHIDEventFoundation
0x000000018c581000 	/System/Library/Frameworks/CoreDisplay.framework/Versions/A/CoreDisplay
0x000000019bb45000 	/System/Library/Frameworks/VideoToolbox.framework/Versions/A/VideoToolbox
0x0000000199b86000 	/System/Library/Frameworks/MetalPerformanceShaders.framework/Versions/A/MetalPerformanceShaders
0x000000026c669000 	/System/Library/PrivateFrameworks/ProDisplayLibrary.framework/Versions/A/ProDisplayLibrary
0x00000001a9da6000 	/System/Library/PrivateFrameworks/IOSurfaceAccelerator.framework/Versions/A/IOSurfaceAccelerator
0x00000001961a1000 	/System/Library/Frameworks/Metal.framework/Versions/A/Metal
0x0000000196196000 	/System/Library/PrivateFrameworks/IOAccelerator.framework/Versions/A/IOAccelerator
0x00000001964a5000 	/System/Library/Frameworks/CoreMedia.framework/Versions/A/CoreMedia
0x0000000190302000 	/System/Library/PrivateFrameworks/TCC.framework/Versions/A/TCC
0x000000019bafd000 	/System/Library/PrivateFrameworks/WatchdogClient.framework/Versions/A/WatchdogClient
0x0000000193c21000 	/System/Library/Frameworks/QuartzCore.framework/Versions/A/QuartzCore
0x000000019baff000 	/System/Library/PrivateFrameworks/MultitouchSupport.framework/Versions/A/MultitouchSupport
0x00000001ceb1e000 	/usr/lib/swift/libswiftAccelerate.dylib
0x00000001b6d38000 	/usr/lib/swift/libswiftCoreAudio.dylib
0x00000001d2c87000 	/usr/lib/swift/libswiftCoreMedia.dylib
0x00000001c4ca5000 	/usr/lib/swift/libswiftMetal.dylib
0x00000001d4435000 	/usr/lib/swift/libswiftOSLog.dylib
0x00000001ca086000 	/usr/lib/swift/libswiftQuartzCore.dylib
0x00000001ceb0e000 	/usr/lib/swift/libswiftUniformTypeIdentifiers.dylib
0x000000028dbed000 	/usr/lib/swift/libswiftVideoToolbox.dylib
0x00000001ba893000 	/usr/lib/swift/libswiftsimd.dylib
0x00000001cbfd9000 	/System/Library/PrivateFrameworks/BiomeStorage.framework/Versions/A/BiomeStorage
0x000000025ad0c000 	/System/Library/PrivateFrameworks/IntelligencePlatformLibrary.framework/Versions/A/IntelligencePlatformLibrary
0x000000026b431000 	/System/Library/PrivateFrameworks/PoirotSchematizer.framework/Versions/A/PoirotSchematizer
0x000000023f3b0000 	/System/Library/PrivateFrameworks/BiomeSync.framework/Versions/A/BiomeSync
0x000000023eae8000 	/System/Library/PrivateFrameworks/BiomeDSL.framework/Versions/A/BiomeDSL
0x00000001e4f46000 	/System/Library/PrivateFrameworks/FeatureFlags.framework/Versions/A/FeatureFlags
0x000000026b49f000 	/System/Library/PrivateFrameworks/PoirotUDFs.framework/Versions/A/PoirotUDFs
0x000000028dc95000 	/usr/lib/swift/libswift_DarwinFoundation2.dylib
0x000000028dc96000 	/usr/lib/swift/libswift_DarwinFoundation3.dylib
0x00000001a462f000 	/System/Library/PrivateFrameworks/CoreTime.framework/Versions/A/CoreTime
0x00000001999a0000 	/usr/lib/libiconv.2.dylib
0x00000001998fd000 	/usr/lib/libcharset.1.dylib
0x000000026b3f4000 	/System/Library/PrivateFrameworks/PoirotSQLite.framework/Versions/A/PoirotSQLite
0x000000028dc97000 	/usr/lib/swift/libswift_RegexParser.dylib
0x00000002409de000 	/System/Library/PrivateFrameworks/CascadeSets.framework/Versions/A/CascadeSets
0x000000019e0da000 	/System/Library/PrivateFrameworks/CorePhoneNumbers.framework/Versions/A/CorePhoneNumbers
0x000000019b8f7000 	/System/Library/PrivateFrameworks/AppleJPEG.framework/Versions/A/AppleJPEG
0x000000019b2d0000 	/usr/lib/libexpat.1.dylib
0x000000019c0c2000 	/System/Library/Frameworks/ImageIO.framework/Versions/A/Resources/libPng.dylib
0x000000019c0ed000 	/System/Library/Frameworks/ImageIO.framework/Versions/A/Resources/libTIFF.dylib
0x000000019c1d5000 	/System/Library/Frameworks/ImageIO.framework/Versions/A/Resources/libGIF.dylib
0x000000019b93c000 	/System/Library/Frameworks/ImageIO.framework/Versions/A/Resources/libJP2.dylib
0x000000019afe0000 	/usr/lib/libate.dylib
0x000000019c17c000 	/System/Library/Frameworks/ImageIO.framework/Versions/A/Resources/libJPEG.dylib
0x000000019c173000 	/System/Library/Frameworks/ImageIO.framework/Versions/A/Resources/libRadiance.dylib
0x0000000250a55000 	/System/Library/PrivateFrameworks/GPUCompiler.framework/Versions/32023/Libraries/libllvm-flatbuffers.dylib
0x000000024b4b5000 	/System/Library/PrivateFrameworks/FramePacing.framework/Versions/A/FramePacing
0x000000022eba6000 	/System/Library/Frameworks/OpenGL.framework/Versions/A/Libraries/libCoreFSCache.dylib
0x000000024c5e2000 	/System/Library/PrivateFrameworks/GPUCompiler.framework/Versions/32023/Libraries/libGPUCompilerUtils.dylib
0x00000001a4188000 	/System/Library/PrivateFrameworks/GraphicsServices.framework/Versions/A/GraphicsServices
0x000000022ebb4000 	/System/Library/Frameworks/OpenGL.framework/Versions/A/OpenGL
0x000000022ec05000 	/System/Library/Frameworks/OpenGL.framework/Versions/A/Libraries/libGLU.dylib
0x000000022ebc8000 	/System/Library/Frameworks/OpenGL.framework/Versions/A/Libraries/libGFXShared.dylib
0x000000022ed95000 	/System/Library/Frameworks/OpenGL.framework/Versions/A/Libraries/libGL.dylib
0x000000022ebd1000 	/System/Library/Frameworks/OpenGL.framework/Versions/A/Libraries/libGLImage.dylib
0x000000022ebc5000 	/System/Library/Frameworks/OpenGL.framework/Versions/A/Libraries/libCVMSPluginSupport.dylib
0x000000022ebae000 	/System/Library/Frameworks/OpenGL.framework/Versions/A/Libraries/libCoreVMClient.dylib
0x000000019c16e000 	/System/Library/PrivateFrameworks/GPUWrangler.framework/Versions/A/GPUWrangler
0x000000019c14e000 	/System/Library/PrivateFrameworks/IOPresentment.framework/Versions/A/IOPresentment
0x000000019c176000 	/System/Library/PrivateFrameworks/DSExternalDisplay.framework/Versions/A/DSExternalDisplay
0x0000000281bb4000 	/System/Library/PrivateFrameworks/VideoToolboxParavirtualizationSupport.framework/Versions/A/VideoToolboxParavirtualizationSupport
0x000000019b287000 	/System/Library/PrivateFrameworks/AppleVA.framework/Versions/A/AppleVA
0x0000000230c2a000 	/System/Library/Frameworks/ExtensionFoundation.framework/Versions/A/ExtensionFoundation
0x000000019c1db000 	/System/Library/PrivateFrameworks/CMCaptureCore.framework/Versions/A/CMCaptureCore
0x000000019b561000 	/usr/lib/libspindump.dylib
0x000000018cc8e000 	/System/Library/Frameworks/CoreAudio.framework/Versions/A/CoreAudio
0x000000019b554000 	/System/Library/PrivateFrameworks/AppServerSupport.framework/Versions/A/AppServerSupport
0x000000019ded3000 	/System/Library/PrivateFrameworks/perfdata.framework/Versions/A/perfdata
0x000000018c6a2000 	/System/Library/PrivateFrameworks/AudioToolboxCore.framework/Versions/A/AudioToolboxCore
0x000000019647b000 	/System/Library/PrivateFrameworks/caulk.framework/Versions/A/caulk
0x000000019dad0000 	/usr/lib/libAudioStatistics.dylib
0x00000001b5d4a000 	/System/Library/PrivateFrameworks/SystemPolicy.framework/Versions/A/SystemPolicy
0x000000019dd78000 	/usr/lib/libSMC.dylib
0x00000001bd664000 	/usr/lib/swift/libswiftCoreMIDI.dylib
0x00000001a909e000 	/System/Library/Frameworks/CoreMIDI.framework/Versions/A/CoreMIDI
0x000000019c09c000 	/usr/lib/libAudioToolboxUtility.dylib
0x000000019dee1000 	/usr/lib/libperfcheck.dylib
0x000000023e415000 	/System/Library/PrivateFrameworks/AudioAnalytics.framework/Versions/A/AudioAnalytics
0x00000001dcb02000 	/System/Library/Frameworks/OSLog.framework/Versions/A/OSLog
0x0000000266eb5000 	/System/Library/PrivateFrameworks/OSEligibility.framework/Versions/A/OSEligibility
0x000000019b356000 	/System/Library/PrivateFrameworks/IconServices.framework/Versions/A/IconServices
0x0000000232015000 	/System/Library/Frameworks/LightweightCodeRequirements.framework/Versions/A/LightweightCodeRequirements
0x000000019b1d0000 	/System/Library/PrivateFrameworks/PlugInKit.framework/Versions/A/PlugInKit
0x0000000198abc000 	/System/Library/PrivateFrameworks/AssertionServices.framework/Versions/A/AssertionServices
0x000000019b2f5000 	/System/Library/PrivateFrameworks/IconFoundation.framework/Versions/A/IconFoundation
0x000000025787a000 	/System/Library/PrivateFrameworks/IconRendering.framework/Versions/A/IconRendering
0x0000000194089000 	/System/Library/PrivateFrameworks/CoreUI.framework/Versions/A/CoreUI
0x0000000196fab000 	/System/Library/Frameworks/CoreImage.framework/Versions/A/CoreImage
0x000000026e851000 	/System/Library/PrivateFrameworks/SFSymbols.framework/Versions/A/SFSymbols
0x0000000230ae0000 	/System/Library/Frameworks/DeveloperToolsSupport.framework/Versions/A/DeveloperToolsSupport
0x00000001aded0000 	/System/Library/PrivateFrameworks/RenderBox.framework/Versions/A/RenderBox
0x0000000196c2e000 	/System/Library/PrivateFrameworks/CoreSVG.framework/Versions/A/CoreSVG
0x000000019c25f000 	/System/Library/PrivateFrameworks/TextureIO.framework/Versions/A/TextureIO
0x00000001b6db8000 	/usr/lib/swift/libswiftCoreImage.dylib
0x000000019b504000 	/System/Library/PrivateFrameworks/GraphVisualizer.framework/Versions/A/GraphVisualizer
0x000000024b3c0000 	/System/Library/PrivateFrameworks/FontServices.framework/Versions/A/FontServices
0x000000019b514000 	/System/Library/PrivateFrameworks/OTSVG.framework/Versions/A/OTSVG
0x0000000194037000 	/System/Library/Frameworks/ApplicationServices.framework/Versions/A/Frameworks/ATS.framework/Versions/A/Resources/libFontRegistry.dylib
0x000000028cdd1000 	/usr/lib/libhvf.dylib
0x0000000267b35000 	/System/Library/PrivateFrameworks/ParsingInternal.framework/Versions/A/ParsingInternal
0x000000024b3c4000 	/System/Library/PrivateFrameworks/FontServices.framework/libXTFontStaticRegistryData.dylib
0x0000000197496000 	/System/Library/Frameworks/MetalPerformanceShaders.framework/Versions/A/Frameworks/MPSCore.framework/Versions/A/MPSCore
0x000000019928c000 	/System/Library/Frameworks/MetalPerformanceShaders.framework/Versions/A/Frameworks/MPSImage.framework/Versions/A/MPSImage
0x0000000198c4b000 	/System/Library/Frameworks/MetalPerformanceShaders.framework/Versions/A/Frameworks/MPSNeuralNetwork.framework/Versions/A/MPSNeuralNetwork
0x000000019908a000 	/System/Library/Frameworks/MetalPerformanceShaders.framework/Versions/A/Frameworks/MPSMatrix.framework/Versions/A/MPSMatrix
0x0000000198ea2000 	/System/Library/Frameworks/MetalPerformanceShaders.framework/Versions/A/Frameworks/MPSRayIntersector.framework/Versions/A/MPSRayIntersector
0x00000001990bc000 	/System/Library/Frameworks/MetalPerformanceShaders.framework/Versions/A/Frameworks/MPSNDArray.framework/Versions/A/MPSNDArray
0x0000000232e96000 	/System/Library/Frameworks/MetalPerformanceShaders.framework/Versions/A/Frameworks/MPSFunctions.framework/Versions/A/MPSFunctions
0x0000000232e77000 	/System/Library/Frameworks/MetalPerformanceShaders.framework/Versions/A/Frameworks/MPSBenchmarkLoop.framework/Versions/A/MPSBenchmarkLoop
0x0000000232eaa000 	/System/Library/Frameworks/MetalPerformanceShaders.framework/Versions/A/Frameworks/MPSHost.framework/Versions/A/MPSHost
0x000000018a3fc000 	/System/Library/PrivateFrameworks/MetalTools.framework/Versions/A/MetalTools
0x00000001bbfa9000 	/System/Library/PrivateFrameworks/IOAccelMemoryInfo.framework/Versions/A/IOAccelMemoryInfo
0x00000001ca479000 	/System/Library/PrivateFrameworks/kperf.framework/Versions/A/kperf
0x00000001b6d34000 	/System/Library/PrivateFrameworks/GPURawCounter.framework/Versions/A/GPURawCounter
0x00000001a7e23000 	/System/Library/PrivateFrameworks/ASEProcessing.framework/Versions/A/ASEProcessing
0x00000001d84fb000 	/System/Library/PrivateFrameworks/Symbolication.framework/Versions/A/Symbolication
0x000000026afe0000 	/System/Library/PrivateFrameworks/PhotosensitivityProcessing.framework/Versions/A/PhotosensitivityProcessing
0x000000026e8d7000 	/System/Library/PrivateFrameworks/SILManager.framework/Versions/A/SILManager
0x00000001a44d3000 	/System/Library/PrivateFrameworks/CoreSymbolication.framework/Versions/A/CoreSymbolication
0x00000001b6ca9000 	/System/Library/PrivateFrameworks/MallocStackLogging.framework/Versions/A/MallocStackLogging
0x00000001a44b1000 	/System/Library/PrivateFrameworks/DebugSymbols.framework/Versions/A/DebugSymbols
0x00000001c8bf0000 	/System/Library/PrivateFrameworks/OSAnalytics.framework/Versions/A/OSAnalytics
0x0000000249127000 	/System/Library/PrivateFrameworks/DeviceRecovery.framework/Versions/A/DeviceRecovery
0x000000027d4ab000 	/System/Library/PrivateFrameworks/Tightbeam.framework/Versions/A/Tightbeam
0x00000001c4cb3000 	/usr/lib/swift/libswiftCompression.dylib
0x00000001cf2a3000 	/System/Library/PrivateFrameworks/AFKUser.framework/Versions/A/AFKUser
0x000000019c1a7000 	/System/Library/Frameworks/ApplicationServices.framework/Versions/A/Frameworks/ATSUI.framework/Versions/A/ATSUI
0x000000019d87a000 	/System/Library/Frameworks/AudioToolbox.framework/Versions/A/AudioToolbox
0x00000001996f4000 	/System/Library/Frameworks/UserNotifications.framework/Versions/A/UserNotifications
0x00000001bc736000 	/System/Library/PrivateFrameworks/SiriInstrumentation.framework/Versions/A/SiriInstrumentation
0x0000000270d0e000 	/System/Library/PrivateFrameworks/SiriAnalytics.framework/Versions/A/SiriAnalytics
0x00000001b9eca000 	/System/Library/PrivateFrameworks/FeedbackLogger.framework/Versions/A/FeedbackLogger
0x00000001d46cd000 	/usr/lib/swift/libswiftAVFoundation.dylib
0x000000027fccf000 	/System/Library/PrivateFrameworks/UnifiedAssetFramework.framework/Versions/A/UnifiedAssetFramework
0x000000019da4f000 	/System/Library/PrivateFrameworks/AudioSession.framework/Versions/A/AudioSession
0x000000019b415000 	/System/Library/PrivateFrameworks/MediaExperience.framework/Versions/A/MediaExperience
0x000000019d824000 	/System/Library/PrivateFrameworks/AudioSession.framework/libSessionUtility.dylib
0x00000001a3063000 	/System/Library/Frameworks/CoreBluetooth.framework/Versions/A/CoreBluetooth
0x0000000198930000 	/System/Library/PrivateFrameworks/CoreUtils.framework/Versions/A/CoreUtils
0x00000001aec02000 	/System/Library/PrivateFrameworks/HID.framework/Versions/A/HID
0x00000002483ce000 	/System/Library/PrivateFrameworks/CoreUtilsExtras.framework/Versions/A/CoreUtilsExtras
0x00000002577cf000 	/System/Library/PrivateFrameworks/IO80211.framework/Versions/A/IO80211
0x000000019fa01000 	/System/Library/Frameworks/IOBluetooth.framework/Versions/A/IOBluetooth
0x000000028daa2000 	/usr/lib/swift/libswiftRegexBuilder.dylib
0x000000019b070000 	/usr/lib/libIOReport.dylib
0x00000001e4fca000 	/System/Library/PrivateFrameworks/WiFiPeerToPeer.framework/Versions/A/WiFiPeerToPeer
0x0000000198acb000 	/System/Library/Frameworks/SecurityFoundation.framework/Versions/A/SecurityFoundation
0x0000000240a92000 	/System/Library/PrivateFrameworks/Centauri.framework/Versions/A/Centauri
0x000000018ade0000 	/System/Library/PrivateFrameworks/Lexicon.framework/Versions/A/Lexicon
0x000000028d221000 	/usr/lib/libmrc.dylib
0x000000025783a000 	/System/Library/PrivateFrameworks/IPConfiguration.framework/Versions/A/IPConfiguration
0x00000001d8cd3000 	/System/Library/PrivateFrameworks/Netrb.framework/Versions/A/Netrb
0x00000001a3fe1000 	/System/Library/PrivateFrameworks/FrontBoardServices.framework/Versions/A/FrontBoardServices
0x0000000198c34000 	/usr/lib/libgermantok.dylib
0x0000000197685000 	/System/Library/PrivateFrameworks/LinguisticData.framework/Versions/A/LinguisticData
0x00000001a326c000 	/System/Library/PrivateFrameworks/MediaKit.framework/Versions/A/MediaKit
0x00000001a31ba000 	/System/Library/Frameworks/DiscRecording.framework/Versions/A/DiscRecording
0x000000019b2eb000 	/usr/lib/libheimdal-asn1.dylib
0x00000001a6c8b000 	/System/Library/Frameworks/AudioUnit.framework/Versions/A/AudioUnit
0x000000019434f000 	/System/Library/Frameworks/OpenDirectory.framework/Versions/A/OpenDirectory
0x000000019435d000 	/System/Library/Frameworks/OpenDirectory.framework/Versions/A/Frameworks/CFOpenDirectory.framework/Versions/A/CFOpenDirectory
0x000000019fda7000 	/System/Library/PrivateFrameworks/GeoServices.framework/Versions/A/GeoServices
0x000000019d7ea000 	/System/Library/PrivateFrameworks/LocationSupport.framework/Versions/A/LocationSupport
0x00000002544fa000 	/System/Library/PrivateFrameworks/GeoServicesCore.framework/Versions/A/GeoServicesCore
0x00000001afb01000 	/System/Library/PrivateFrameworks/PhoneNumbers.framework/Versions/A/PhoneNumbers
0x000000025cc97000 	/System/Library/PrivateFrameworks/LocationLogEncryption.framework/Versions/A/LocationLogEncryption
0x000000022f121000 	/System/Library/Frameworks/AVFAudio.framework/Versions/A/AVFAudio
0x000000022f265000 	/System/Library/Frameworks/AVRouting.framework/Versions/A/AVRouting
0x00000001afc19000 	/usr/lib/libAccessibility.dylib
0x000000025b688000 	/System/Library/PrivateFrameworks/IsolatedCoreAudioClient.framework/Versions/A/IsolatedCoreAudioClient
0x0000000244224000 	/System/Library/PrivateFrameworks/CoreAudioOrchestration.framework/Versions/A/CoreAudioOrchestration
0x000000019c6c3000 	/System/Library/Frameworks/MediaToolbox.framework/Versions/A/MediaToolbox
0x00000001a3392000 	/System/Library/PrivateFrameworks/CoreAVCHD.framework/Versions/A/CoreAVCHD
0x00000001a22c8000 	/System/Library/Frameworks/MediaAccessibility.framework/Versions/A/MediaAccessibility
0x00000001a338e000 	/System/Library/PrivateFrameworks/Mangrove.framework/Versions/A/Mangrove
0x00000002400d0000 	/System/Library/PrivateFrameworks/CMPhoto.framework/Versions/A/CMPhoto
0x00000001a3b56000 	/System/Library/Frameworks/CoreTelephony.framework/Versions/A/CoreTelephony
0x00000001a3381000 	/System/Library/PrivateFrameworks/CoreAUC.framework/Versions/A/CoreAUC
0x000000023d2c3000 	/System/Library/PrivateFrameworks/AppleJPEGXL.framework/Versions/A/AppleJPEGXL
0x000000019e0ea000 	/usr/lib/libTelephonyUtilDynamic.dylib
0x00000001dfb69000 	/System/Library/Frameworks/CryptoKit.framework/Versions/A/CryptoKit
0x00000001a6c86000 	/System/Library/PrivateFrameworks/CryptoKitCBridging.framework/Versions/A/CryptoKitCBridging
0x00000001a419a000 	/System/Library/Frameworks/CryptoTokenKit.framework/Versions/A/CryptoTokenKit
0x0000000248ba9000 	/System/Library/PrivateFrameworks/Dendrite.framework/Versions/A/Dendrite
0x00000001b68de000 	/System/Library/Frameworks/NaturalLanguage.framework/Versions/A/NaturalLanguage
0x0000000254206000 	/System/Library/PrivateFrameworks/GenerativeModels.framework/Versions/A/GenerativeModels
0x00000001e4f52000 	/usr/lib/swift/libswiftNaturalLanguage.dylib
0x000000023de35000 	/System/Library/PrivateFrameworks/AppleMobileFileIntegrity.framework/Versions/A/AppleMobileFileIntegrity
0x000000028c2b8000 	/usr/lib/libTLE.dylib
0x00000001b6cdb000 	/usr/lib/libmis.dylib
0x00000001ee56e000 	/System/Library/PrivateFrameworks/ConfigProfileHelper.framework/Versions/A/ConfigProfileHelper
0x00000001a6e15000 	/System/Library/PrivateFrameworks/Espresso.framework/Versions/A/Espresso
0x0000000194adc000 	/System/Library/Frameworks/CoreML.framework/Versions/A/CoreML
0x00000001e2e12000 	/usr/lib/libedit.3.dylib
0x000000022bf30000 	/System/Library/PrivateFrameworks/ANECompiler.framework/Versions/A/ANECompiler
0x00000001a8ee3000 	/System/Library/PrivateFrameworks/AppleNeuralEngine.framework/Versions/A/AppleNeuralEngine
0x000000025cdb5000 	/System/Library/PrivateFrameworks/MIL.framework/Versions/A/MIL
0x0000000232eb0000 	/System/Library/Frameworks/MetalPerformanceShadersGraph.framework/Versions/A/MetalPerformanceShadersGraph
0x000000025d524000 	/System/Library/PrivateFrameworks/MLCompilerServices.framework/Versions/A/MLCompilerServices
0x00000001a7c67000 	/System/Library/PrivateFrameworks/ANEServices.framework/Versions/A/ANEServices
0x00000001bbf6c000 	/usr/lib/libncurses.5.4.dylib
0x000000018df95000 	/usr/lib/libsandbox.1.dylib
0x000000019b211000 	/usr/lib/libMatch.1.dylib
0x0000000266c37000 	/System/Library/PrivateFrameworks/ODIE.framework/Versions/A/ODIE
0x00000002601b1000 	/System/Library/PrivateFrameworks/MLModelAsset.framework/Versions/A/MLModelAsset
0x000000025d4ca000 	/System/Library/PrivateFrameworks/MLCompilerRuntime.framework/Versions/A/MLCompilerRuntime
0x0000000198ef7000 	/System/Library/Frameworks/MLCompute.framework/Versions/A/MLCompute
0x000000025d44c000 	/System/Library/PrivateFrameworks/MLAssetIO.framework/Versions/A/MLAssetIO
0x000000028da74000 	/usr/lib/swift/libswiftMLCompute.dylib
0x00000001a3d71000 	/System/Library/PrivateFrameworks/AVFCore.framework/Versions/A/AVFCore
0x00000001ad522000 	/System/Library/PrivateFrameworks/AVFCapture.framework/Versions/A/AVFCapture
0x000000023fec7000 	/System/Library/PrivateFrameworks/CMImaging.framework/Versions/A/CMImaging
0x00000001ad764000 	/System/Library/PrivateFrameworks/Quagga.framework/Versions/A/Quagga
0x00000001ad895000 	/System/Library/PrivateFrameworks/CMCapture.framework/Versions/A/CMCapture
0x000000019dc75000 	/System/Library/Frameworks/CoreMediaIO.framework/Versions/A/CoreMediaIO
0x000000023fe02000 	/System/Library/PrivateFrameworks/CMCaptureDevice.framework/Versions/A/CMCaptureDevice
0x000000019b64d000 	/System/Library/PrivateFrameworks/CoreBrightness.framework/Versions/A/CoreBrightness
0x0000000240f88000 	/System/Library/PrivateFrameworks/CinematicFraming.framework/Versions/A/CinematicFraming
0x0000000263284000 	/System/Library/PrivateFrameworks/ModelManagerServices.framework/Versions/A/ModelManagerServices
0x00000001d1742000 	/System/Library/PrivateFrameworks/CPMS.framework/Versions/A/CPMS
0x000000027abe5000 	/System/Library/PrivateFrameworks/SystemStatus.framework/Versions/A/SystemStatus
0x00000001b571f000 	/System/Library/Frameworks/CoreMotion.framework/Versions/A/CoreMotion
0x00000001c5c82000 	/System/Library/PrivateFrameworks/TimeSync.framework/Versions/A/TimeSync
0x000000024955a000 	/System/Library/PrivateFrameworks/DistributedSensing.framework/Versions/A/DistributedSensing
0x00000001c109c000 	/System/Library/PrivateFrameworks/MobileBluetooth.framework/Versions/A/MobileBluetooth
0x00000001c793e000 	/System/Library/PrivateFrameworks/IOKitten.framework/Versions/A/IOKitten
0x000000023d141000 	/System/Library/PrivateFrameworks/AppleIntelligenceReporting.framework/Versions/A/AppleIntelligenceReporting
0x000000019883f000 	/System/Library/PrivateFrameworks/CoreEmoji.framework/Versions/A/CoreEmoji
0x000000018b0f2000 	/usr/lib/libCRFSuite.dylib
0x000000018c3d2000 	/System/Library/PrivateFrameworks/LanguageModeling.framework/Versions/A/LanguageModeling
0x0000000197565000 	/System/Library/PrivateFrameworks/CoreNLP.framework/Versions/A/CoreNLP
0x0000000191341000 	/System/Library/PrivateFrameworks/Montreal.framework/Versions/A/Montreal
0x00000001999a8000 	/usr/lib/libcmph.dylib
0x0000000198bd5000 	/usr/lib/libmecab.dylib
0x0000000199b19000 	/usr/lib/libThaiTokenizer.dylib
0x00000002542e9000 	/System/Library/PrivateFrameworks/GenerativeModelsFoundation.framework/Versions/A/GenerativeModelsFoundation
0x000000027d9ae000 	/System/Library/PrivateFrameworks/TokenGeneration.framework/Versions/A/TokenGeneration
0x00000002540bc000 	/System/Library/PrivateFrameworks/GenerativeFunctions.framework/Versions/A/GenerativeFunctions
0x000000025410a000 	/System/Library/PrivateFrameworks/GenerativeFunctionsFoundation.framework/Versions/A/GenerativeFunctionsFoundation
0x0000000262f49000 	/System/Library/PrivateFrameworks/ModelCatalog.framework/Versions/A/ModelCatalog
0x000000026ff2c000 	/System/Library/PrivateFrameworks/SensitiveContentAnalysisML.framework/Versions/A/SensitiveContentAnalysisML
0x00000002541a0000 	/System/Library/PrivateFrameworks/GenerativeFunctionsInstrumentation.framework/Versions/A/GenerativeFunctionsInstrumentation
0x000000026cdcf000 	/System/Library/PrivateFrameworks/PromptKit.framework/Versions/A/PromptKit
0x000000026c808000 	/System/Library/PrivateFrameworks/ProactiveDaemonSupport.framework/Versions/A/ProactiveDaemonSupport
0x000000027dbe6000 	/System/Library/PrivateFrameworks/TokenGenerationCore.framework/Versions/A/TokenGenerationCore
0x00000001b77a7000 	/System/Library/PrivateFrameworks/Trial.framework/Versions/A/Trial
0x00000001b7728000 	/System/Library/PrivateFrameworks/TrialProto.framework/Versions/A/TrialProto
0x000000023cd6e000 	/System/Library/PrivateFrameworks/AppleFlatBuffers.framework/Versions/A/AppleFlatBuffers
0x00000002701fc000 	/System/Library/PrivateFrameworks/SentencePieceInternal.framework/Versions/A/SentencePieceInternal
0x00000001a2321000 	/System/Library/Frameworks/Vision.framework/Versions/A/Vision
0x00000002480c7000 	/System/Library/PrivateFrameworks/CoreSceneUnderstanding.framework/Versions/A/CoreSceneUnderstanding
0x00000002827b8000 	/System/Library/PrivateFrameworks/VisionCore.framework/Versions/A/VisionCore
0x000000019c600000 	/System/Library/PrivateFrameworks/DataDetectorsCore.framework/Versions/A/DataDetectorsCore
0x00000001c002b000 	/System/Library/Frameworks/Vision.framework/libfaceCore.dylib
0x00000001c0b45000 	/System/Library/PrivateFrameworks/Futhark.framework/Versions/A/Futhark
0x00000001c4a6c000 	/System/Library/PrivateFrameworks/InertiaCam.framework/Versions/A/InertiaCam
0x00000001c08d2000 	/System/Library/PrivateFrameworks/TextRecognition.framework/Versions/A/TextRecognition
0x0000000230ac9000 	/System/Library/Frameworks/DataDetection.framework/Versions/A/DataDetection
0x00000001bab16000 	/System/Library/PrivateFrameworks/TextInput.framework/Versions/A/TextInput
0x000000019b0ae000 	/System/Library/PrivateFrameworks/CVNLP.framework/Versions/A/CVNLP
0x00000001dcfe7000 	/System/Library/PrivateFrameworks/HIDDisplay.framework/Versions/A/HIDDisplay
0x000000019de59000 	/usr/lib/libcups.2.dylib
0x000000019deef000 	/System/Library/Frameworks/Kerberos.framework/Versions/A/Kerberos
0x000000019db60000 	/usr/lib/libresolv.9.dylib
0x000000019b568000 	/System/Library/PrivateFrameworks/Heimdal.framework/Versions/A/Heimdal
0x00000001a6c8a000 	/System/Library/Frameworks/Kerberos.framework/Versions/A/Libraries/libHeimdalProxy.dylib
0x000000019df53000 	/System/Library/PrivateFrameworks/CommonAuth.framework/Versions/A/CommonAuth
0x00000001afb0d000 	/System/Library/PrivateFrameworks/AXCoreUtilities.framework/Versions/A/AXCoreUtilities
0x00000001bfe76000 	/System/Library/PrivateFrameworks/AttributeGraph.framework/Versions/A/AttributeGraph
0x000000028bdb9000 	/usr/lib/libAXSafeCategoryBundle.dylib
0x000000023723b000 	/System/Library/Frameworks/TabularData.framework/Versions/A/TabularData
0x000000023dfe4000 	/System/Library/PrivateFrameworks/ArgumentParserInternal.framework/Versions/A/ArgumentParserInternal
0x0000000198701000 	/System/Library/Frameworks/Accelerate.framework/Versions/A/Frameworks/vecLib.framework/Versions/A/libvDSP.dylib
0x0000000199c63000 	/System/Library/Frameworks/Accelerate.framework/Versions/A/Frameworks/vecLib.framework/Versions/A/libLAPACK.dylib
0x0000000198c37000 	/System/Library/Frameworks/Accelerate.framework/Versions/A/Frameworks/vecLib.framework/Versions/A/libLinearAlgebra.dylib
0x0000000199b5f000 	/System/Library/Frameworks/Accelerate.framework/Versions/A/Frameworks/vecLib.framework/Versions/A/libSparseBLAS.dylib
0x0000000199c5e000 	/System/Library/Frameworks/Accelerate.framework/Versions/A/Frameworks/vecLib.framework/Versions/A/libQuadrature.dylib
0x000000019768c000 	/System/Library/Frameworks/Accelerate.framework/Versions/A/Frameworks/vecLib.framework/Versions/A/libBNNS.dylib
0x000000018aef0000 	/System/Library/Frameworks/Accelerate.framework/Versions/A/Frameworks/vecLib.framework/Versions/A/libSparse.dylib
0x00000002305ae000 	/System/Library/Frameworks/CoreTransferable.framework/Versions/A/CoreTransferable
0x000000019deb8000 	/System/Library/PrivateFrameworks/NetAuth.framework/Versions/A/NetAuth
0x0000000194573000 	/System/Library/PrivateFrameworks/login.framework/Versions/A/Frameworks/loginsupport.framework/Versions/A/loginsupport
0x000000018f715000 	/System/Library/PrivateFrameworks/UIFoundation.framework/Versions/A/UIFoundation
0x0000000198b9f000 	/usr/lib/libCheckFix.dylib
0x00000001936f9000 	/System/Library/PrivateFrameworks/MetadataUtilities.framework/Versions/A/MetadataUtilities
0x00000002582cf000 	/System/Library/PrivateFrameworks/InstalledContentLibrary.framework/Versions/A/InstalledContentLibrary
0x000000018de5a000 	/System/Library/PrivateFrameworks/CoreServicesStore.framework/Versions/A/CoreServicesStore
0x00000001943be000 	/usr/lib/libapp_launch_measurement.dylib
0x00000001ca590000 	/System/Library/PrivateFrameworks/MobileSystemServices.framework/Versions/A/MobileSystemServices
0x000000019af33000 	/usr/lib/libxslt.1.dylib
0x0000000198b5e000 	/System/Library/PrivateFrameworks/BackgroundTaskManagement.framework/Versions/A/BackgroundTaskManagement
0x00000001a6320000 	/usr/lib/libcurl.4.dylib
0x000000028cb85000 	/usr/lib/libcrypto.46.dylib
0x000000028d71e000 	/usr/lib/libssl.48.dylib
0x00000001a5ffa000 	/System/Library/Frameworks/LDAP.framework/Versions/A/LDAP
0x00000001a6036000 	/System/Library/PrivateFrameworks/TrustEvaluationAgent.framework/Versions/A/TrustEvaluationAgent
0x000000019db7d000 	/usr/lib/libsasl2.2.dylib
0x0000000103a2c000 	/opt/homebrew/Cellar/openjdk@17/17.0.18/libexec/openjdk.jdk/Contents/Home/lib/server/libjvm.dylib
0x0000000102214000 	/opt/homebrew/Cellar/openjdk@17/17.0.18/libexec/openjdk.jdk/Contents/Home/lib/libjimage.dylib
0x000000010237c000 	/opt/homebrew/Cellar/openjdk@17/17.0.18/libexec/openjdk.jdk/Contents/Home/lib/libjava.dylib
0x00000001036e8000 	/opt/homebrew/Cellar/openjdk@17/17.0.18/libexec/openjdk.jdk/Contents/Home/lib/libnio.dylib
0x0000000103708000 	/opt/homebrew/Cellar/openjdk@17/17.0.18/libexec/openjdk.jdk/Contents/Home/lib/libnet.dylib
0x0000000102360000 	/opt/homebrew/Cellar/openjdk@17/17.0.18/libexec/openjdk.jdk/Contents/Home/lib/libzip.dylib


VM Arguments:
java_command: <unknown>
java_class_path (initial): /Users/mark/Workspace/Projects/data-analysis/sample-data/postgresql-42.7.3.jar
Launcher Type: generic

[Global flags]
     intx CICompilerCount                          = 4                                         {product} {ergonomic}
     uint ConcGCThreads                            = 2                                         {product} {ergonomic}
     uint G1ConcRefinementThreads                  = 9                                         {product} {ergonomic}
   size_t G1HeapRegionSize                         = 2097152                                   {product} {ergonomic}
    uintx GCDrainStackTargetSize                   = 64                                        {product} {ergonomic}
   size_t InitialHeapSize                          = 268435456                                 {product} {ergonomic}
   size_t MarkStackSize                            = 4194304                                   {product} {ergonomic}
   size_t MaxHeapSize                              = 4294967296                                {product} {ergonomic}
   size_t MaxNewSize                               = 2575302656                                {product} {ergonomic}
   size_t MinHeapDeltaBytes                        = 2097152                                   {product} {ergonomic}
   size_t MinHeapSize                              = 8388608                                   {product} {ergonomic}
    uintx NonNMethodCodeHeapSize                   = 5839564                                {pd product} {ergonomic}
    uintx NonProfiledCodeHeapSize                  = 122909338                              {pd product} {ergonomic}
    uintx ProfiledCodeHeapSize                     = 122909338                              {pd product} {ergonomic}
    uintx ReservedCodeCacheSize                    = 251658240                              {pd product} {ergonomic}
     bool SegmentedCodeCache                       = true                                      {product} {ergonomic}
   size_t SoftMaxHeapSize                          = 4294967296                             {manageable} {ergonomic}
     bool UseCompressedClassPointers               = true                           {product lp64_product} {ergonomic}
     bool UseCompressedOops                        = true                           {product lp64_product} {ergonomic}
     bool UseG1GC                                  = true                                      {product} {ergonomic}
     bool UseNUMA                                  = false                                     {product} {ergonomic}
     bool UseNUMAInterleaving                      = false                                     {product} {ergonomic}

Logging:
Log output configuration:
 #0: stdout all=warning uptime,level,tags
 #1: stderr all=off uptime,level,tags

Environment Variables:
JAVA_HOME=/opt/homebrew/opt/openjdk@17
PATH=/Users/mark/Workspace/Projects/data-analysis/backend/.venv/bin:/opt/homebrew/opt/openjdk@17/bin:/opt/homebrew/Caskroom/miniconda/base/bin:/Users/mark/Library/Application Support/Code/User/globalStorage/github.copilot-chat/debugCommand:/Users/mark/Library/Application Support/Code/User/globalStorage/github.copilot-chat/copilotCli:/opt/homebrew/bin:/opt/homebrew/sbin:/usr/local/bin:/System/Cryptexes/App/usr/bin:/usr/bin:/bin:/usr/sbin:/sbin:/var/run/com.apple.security.cryptexd/codex.system/bootstrap/usr/local/bin:/var/run/com.apple.security.cryptexd/codex.system/bootstrap/usr/bin:/var/run/com.apple.security.cryptexd/codex.system/bootstrap/usr/appleinternal/bin:/opt/pkg/env/active/bin:/opt/pmk/env/global/bin:/Users/mark/Library/Application Support/Code/User/globalStorage/github.copilot-chat/debugCommand:/Users/mark/Library/Application Support/Code/User/globalStorage/github.copilot-chat/copilotCli:/opt/homebrew/opt/openjdk@17/bin:/opt/homebrew/Caskroom/miniconda/base/bin:/Users/mark/.vscode/extensions/ms-python.debugpy-2025.18.0-darwin-arm64/bundled/scripts/noConfigScripts
SHELL=/bin/zsh
LANG=C.UTF-8
TERM=xterm-256color
TMPDIR=/var/folders/3j/fcrw36_x235b4cb4hw9l4ssr0000gn/T/

Active Locale:
LC_ALL=C.UTF-8
LC_COLLATE=C.UTF-8
LC_CTYPE=C.UTF-8
LC_MESSAGES=C.UTF-8
LC_MONETARY=C.UTF-8
LC_NUMERIC=C.UTF-8
LC_TIME=C.UTF-8

Signal Handlers:
   SIGSEGV: crash_handler in libjvm.dylib, mask=11100110000111110111111111111111, flags=SA_RESTART|SA_SIGINFO, unblocked
    SIGBUS: crash_handler in libjvm.dylib, mask=11100110000111110111111111111111, flags=SA_RESTART|SA_SIGINFO, unblocked
    SIGFPE: crash_handler in libjvm.dylib, mask=11100110000111110111111111111111, flags=SA_RESTART|SA_SIGINFO, unblocked
   SIGPIPE: javaSignalHandler in libjvm.dylib, mask=11100110000111110111111111111111, flags=SA_RESTART|SA_SIGINFO, blocked
   SIGXFSZ: javaSignalHandler in libjvm.dylib, mask=11100110000111110111111111111111, flags=SA_RESTART|SA_SIGINFO, blocked
    SIGILL: crash_handler in libjvm.dylib, mask=11100110000111110111111111111111, flags=SA_RESTART|SA_SIGINFO, unblocked
   SIGUSR2: SR_handler in libjvm.dylib, mask=00000000000000000000000000000000, flags=SA_RESTART|SA_SIGINFO, blocked
    SIGHUP: UserHandler in libjvm.dylib, mask=11100110000111110111111111111111, flags=SA_RESTART|SA_SIGINFO, blocked
    SIGINT: UserHandler in libjvm.dylib, mask=11100110000111110111111111111111, flags=SA_RESTART|SA_SIGINFO, blocked
   SIGTERM: UserHandler in libjvm.dylib, mask=11100110000111110111111111111111, flags=SA_RESTART|SA_SIGINFO, blocked
   SIGQUIT: UserHandler in libjvm.dylib, mask=11100110000111110111111111111111, flags=SA_RESTART|SA_SIGINFO, blocked
   SIGTRAP: crash_handler in libjvm.dylib, mask=11100110000111110111111111111111, flags=SA_RESTART|SA_SIGINFO, unblocked


Periodic native trim disabled


---------------  S Y S T E M  ---------------

OS:
uname: Darwin 25.4.0 Darwin Kernel Version 25.4.0: Thu Mar 19 19:33:43 PDT 2026; root:xnu-12377.101.15~1/RELEASE_ARM64_T8142 arm64
OS uptime: 7 days 16:10 hours
rlimit (soft/hard): STACK 8176k/65520k , CORE 0k/infinity , NPROC 2666/4000 , NOFILE 1048576/infinity , AS infinity/infinity , CPU infinity/infinity , DATA infinity/infinity , FSIZE infinity/infinity , MEMLOCK infinity/infinity , RSS infinity/infinity
load average: 2.16 2.49 2.41

CPU: total 10 (initial active 10) 0x61:0x0:0x1d5a87e8:0, fp, simd, crc, lse
machdep.cpu.brand_string:Apple M5
hw.cachelinesize:128
hw.l1icachesize:131072
hw.l1dcachesize:65536
hw.l2cachesize:6291456

Memory: 16k page, physical 16777216k(101184k free), swap 6291456k(1431616k free)

vm_info: OpenJDK 64-Bit Server VM (17.0.18+0) for bsd-aarch64 JRE (17.0.18+0), built on Feb 18 2026 23:15:19 by "brew" with clang Apple LLVM 17.0.0 (clang-1700.6.3.2)

END.
