transaction_id,application_id,business_date,status,amount,currency,region,counterparty_id,product_code,trader_id,book,value_date
TXN0001892082,APP002,2025-12-22,reversed,253275.2,GBP,EMEA,CP0337,SWAP,TDR0025,BOOK_B,2026-03-03
TXN0004816516,APP014,2026-02-05,failed,70178.95,AUD,AMER,CP0090,SWAP,TDR0136,BOOK_A,2026-01-31
TXN0000641828,APP017,2026-03-21,settled,441490.87,AUD,EMEA,CP0036,EQUITY,TDR0135,BOOK_B,2025-05-12
TXN0000228040,APP013,2026-02-26,reversed,538335.1,AUD,AMER,CP0130,OPTION,TDR0132,BOOK_A,2026-01-24
TXN0002413362,APP003,2025-02-14,active,489199.5,AUD,APAC,CP0117,EQUITY,TDR0037,BOOK_D,2025-09-25
TXN0001976849,APP012,2026-04-02,settled,31878.38,EUR,APAC,CP0090,OPTION,TDR0102,BOOK_B,2025-01-11
TXN0007449416,APP014,2025-01-31,active,117771.02,CHF,EMEA,CP0401,EQUITY,TDR0195,BOOK_A,2025-06-22
TXN0000520250,APP008,2026-03-21,reversed,56657.94,AUD,LATAM,CP0049,FX,TDR0046,BOOK_A,2025-12-30
TXN0003436912,APP002,2026-01-19,failed,970874.3,JPY,LATAM,CP0487,BOND,TDR0068,BOOK_C,2025-05-15
TXN0004447625,APP019,2026-03-06,failed,401417.03,USD,LATAM,CP0306,BOND,TDR0191,BOOK_D,2025-12-19
TXN0002038761,APP002,2026-02-12,settled,628005.5,AUD,AMER,CP0235,EQUITY,TDR0111,BOOK_B,2025-04-03
TXN0004554078,APP005,2026-02-20,pending,893577.5,JPY,EMEA,CP0199,BOND,TDR0073,BOOK_C,2025-01-08
TXN0002258549,APP010,2025-01-07,active,496945.59,USD,APAC,CP0229,OPTION,TDR0103,BOOK_B,2026-04-08
TXN0006238918,APP001,2025-10-20,failed,888354.95,CHF,APAC,CP0254,EQUITY,TDR0099,BOOK_C,2026-04-13
TXN0007278695,APP018,2026-04-12,reversed,463410.16,EUR,APAC,CP0120,OPTION,TDR0166,BOOK_B,2025-07-16
TXN0007730627,APP013,2026-02-05,active,899956.75,AUD,EMEA,CP0288,FX,TDR0024,BOOK_A,2025-01-02
TXN0001976436,APP005,2025-08-13,failed,626451.34,CHF,APAC,CP0430,FUTURE,TDR0110,BOOK_D,2025-02-25
TXN0001004272,APP005,2025-02-08,active,468053.86,AUD,APAC,CP0410,OPTION,TDR0173,BOOK_B,2025-06-22
TXN0004150060,APP013,2025-12-28,settled,108607.75,EUR,LATAM,CP0129,BOND,TDR0143,BOOK_A,2025-01-16
TXN0000225544,APP008,2025-11-11,pending,464679.63,AUD,AMER,CP0434,EQUITY,TDR0053,BOOK_B,2025-03-09
TXN0004564241,APP009,2025-03-09,active,107869.51,USD,APAC,CP0454,BOND,TDR0120,BOOK_B,2025-02-12
TXN0007757989,APP004,2026-03-16,active,419259.45,GBP,EMEA,CP0422,FUTURE,TDR0050,BOOK_A,2026-03-19
TXN0003983566,APP016,2025-05-19,pending,617504.44,USD,LATAM,CP0494,FUTURE,TDR0116,BOOK_D,2026-02-25
TXN0009699808,APP004,2026-03-09,active,392848.69,CHF,LATAM,CP0129,BOND,TDR0034,BOOK_A,2026-03-15
TXN0001370815,APP018,2025-08-04,pending,720151.9,USD,LATAM,CP0267,FX,TDR0123,BOOK_B,2025-06-19
TXN0004354429,APP015,2025-04-24,pending,950542.53,CHF,AMER,CP0257,SWAP,TDR0191,BOOK_D,2025-11-05
TXN0008932729,APP007,2025-04-13,pending,827635.54,CHF,APAC,CP0490,EQUITY,TDR0022,BOOK_B,2025-02-08
TXN0008011842,APP004,2026-02-25,active,954986.32,CHF,EMEA,CP0349,BOND,TDR0143,BOOK_B,2025-10-26
TXN0008010329,APP011,2026-02-22,pending,280304.46,CHF,APAC,CP0453,FX,TDR0017,BOOK_A,2025-05-18
TXN0008732774,APP015,2025-05-09,settled,201626.9,USD,LATAM,CP0095,FUTURE,TDR0147,BOOK_A,2025-02-13
TXN0002178697,APP003,2026-02-09,active,484689.64,USD,EMEA,CP0483,SWAP,TDR0018,BOOK_C,2025-02-17
TXN0003117929,APP007,2025-12-09,settled,72769.14,AUD,AMER,CP0064,BOND,TDR0050,BOOK_B,2026-02-21
TXN0005577272,APP011,2026-03-22,pending,955566.64,GBP,EMEA,CP0469,FX,TDR0142,BOOK_D,2025-01-20
TXN0009205352,APP011,2025-05-25,failed,706946.58,GBP,LATAM,CP0104,BOND,TDR0106,BOOK_D,2025-03-18
TXN0008976380,APP002,2025-07-04,settled,754840.91,JPY,EMEA,CP0218,FUTURE,TDR0025,BOOK_C,2025-05-09
TXN0001110319,APP009,2025-04-26,failed,420563.81,JPY,AMER,CP0208,SWAP,TDR0131,BOOK_B,2025-10-29
TXN0004879591,APP005,2025-08-04,reversed,42625.7,USD,EMEA,CP0280,BOND,TDR0091,BOOK_C,2025-07-21
TXN0008945346,APP009,2025-02-05,failed,208454.65,CHF,LATAM,CP0129,BOND,TDR0098,BOOK_C,2025-06-23
TXN0000260195,APP010,2025-12-31,reversed,732998.13,EUR,APAC,CP0101,EQUITY,TDR0178,BOOK_B,2025-08-10
TXN0009271305,APP012,2025-08-11,pending,757544.69,USD,EMEA,CP0100,FX,TDR0060,BOOK_D,2025-05-28
TXN0008231024,APP014,2025-06-07,active,833272.79,AUD,AMER,CP0498,FX,TDR0005,BOOK_D,2025-12-10
TXN0009300652,APP013,2025-03-04,pending,302218.58,CHF,AMER,CP0478,EQUITY,TDR0027,BOOK_C,2026-03-07
TXN0005485709,APP010,2025-08-01,settled,243382.78,AUD,EMEA,CP0164,OPTION,TDR0013,BOOK_A,2025-04-25
TXN0005930131,APP004,2025-11-13,active,668424.74,EUR,AMER,CP0437,BOND,TDR0153,BOOK_A,2026-01-30
TXN0007255032,APP003,2025-10-25,settled,326770.72,JPY,AMER,CP0184,FX,TDR0183,BOOK_B,2025-03-19
TXN0004826646,APP004,2025-09-11,pending,391043.63,GBP,APAC,CP0244,FX,TDR0018,BOOK_A,2025-12-18
TXN0007103115,APP001,2025-08-08,failed,207140.46,CHF,APAC,CP0179,FX,TDR0127,BOOK_A,2025-02-03
TXN0006203916,APP001,2025-05-16,reversed,845943.71,JPY,APAC,CP0380,OPTION,TDR0109,BOOK_A,2025-06-20
TXN0006213637,APP012,2025-05-01,settled,932825.2,JPY,EMEA,CP0127,FX,TDR0049,BOOK_D,2026-02-14
TXN0006120820,APP020,2025-11-23,active,597398.23,CHF,APAC,CP0164,SWAP,TDR0196,BOOK_D,2025-12-03
TXN0004829836,APP003,2025-07-16,reversed,487647.77,CHF,AMER,CP0449,BOND,TDR0162,BOOK_A,2025-03-07
TXN0000089748,APP005,2025-01-15,pending,147820.36,USD,LATAM,CP0414,FUTURE,TDR0012,BOOK_A,2025-10-11
TXN0008072018,APP015,2026-04-03,pending,459059.33,CHF,EMEA,CP0340,EQUITY,TDR0016,BOOK_C,2025-06-25
TXN0005881818,APP004,2025-08-18,reversed,903981.59,GBP,LATAM,CP0477,BOND,TDR0145,BOOK_B,2025-08-19
TXN0001786711,APP011,2025-08-18,settled,140760.35,CHF,APAC,CP0062,FX,TDR0023,BOOK_A,2025-03-09
TXN0001908190,APP004,2025-09-28,pending,395318.4,JPY,APAC,CP0125,FX,TDR0070,BOOK_C,2026-01-03
TXN0002496549,APP011,2025-12-25,reversed,480585.64,EUR,APAC,CP0010,EQUITY,TDR0171,BOOK_B,2025-10-29
TXN0008422287,APP010,2025-11-30,failed,935670.68,GBP,EMEA,CP0130,BOND,TDR0047,BOOK_D,2025-09-07
TXN0001715916,APP018,2026-02-12,reversed,940681.09,CHF,AMER,CP0233,SWAP,TDR0050,BOOK_A,2025-06-09
TXN0006616151,APP018,2025-12-20,reversed,926116.89,JPY,EMEA,CP0498,SWAP,TDR0119,BOOK_A,2025-02-23
TXN0007037074,APP008,2025-01-26,reversed,474033.82,EUR,LATAM,CP0355,OPTION,TDR0047,BOOK_C,2025-03-08
TXN0008963998,APP020,2025-10-09,reversed,391071.15,CHF,EMEA,CP0434,SWAP,TDR0103,BOOK_A,2025-07-31
TXN0001028016,APP007,2025-05-31,settled,382962.93,JPY,AMER,CP0497,FUTURE,TDR0015,BOOK_D,2025-07-06
TXN0009283112,APP004,2025-06-13,failed,752746.76,EUR,EMEA,CP0430,OPTION,TDR0162,BOOK_D,2025-12-31
TXN0002500412,APP001,2025-05-29,failed,366259.19,AUD,LATAM,CP0062,EQUITY,TDR0135,BOOK_A,2025-11-24
TXN0001854143,APP006,2025-11-10,failed,482145.27,GBP,LATAM,CP0426,OPTION,TDR0186,BOOK_D,2025-01-09
TXN0004558692,APP013,2025-08-05,reversed,591334.37,JPY,APAC,CP0343,OPTION,TDR0017,BOOK_C,2025-10-20
TXN0001431164,APP009,2025-08-21,active,324027.39,USD,APAC,CP0299,FX,TDR0187,BOOK_B,2025-12-08
TXN0008224920,APP001,2025-07-09,failed,41706.53,CHF,EMEA,CP0021,EQUITY,TDR0037,BOOK_B,2025-04-14
TXN0004244490,APP014,2025-07-27,pending,692403.19,USD,APAC,CP0417,FUTURE,TDR0133,BOOK_A,2025-05-12
TXN0005763876,APP010,2025-03-11,pending,667377.58,CHF,LATAM,CP0092,FX,TDR0132,BOOK_D,2026-03-30
TXN0008105287,APP019,2025-12-04,failed,519420.15,AUD,AMER,CP0022,SWAP,TDR0085,BOOK_A,2025-05-27
TXN0003846876,APP016,2025-11-28,failed,659906.41,AUD,EMEA,CP0138,FUTURE,TDR0092,BOOK_B,2025-01-08
TXN0006286687,APP003,2025-10-02,reversed,403206.88,JPY,APAC,CP0212,FUTURE,TDR0061,BOOK_D,2025-08-11
TXN0005559284,APP017,2025-05-27,settled,489638.87,AUD,APAC,CP0088,OPTION,TDR0066,BOOK_D,2025-08-20
TXN0002864585,APP001,2025-12-19,failed,180016.73,GBP,APAC,CP0159,FUTURE,TDR0152,BOOK_D,2025-11-21
TXN0006421299,APP008,2025-11-29,active,600273.67,AUD,AMER,CP0357,EQUITY,TDR0045,BOOK_D,2025-03-12
TXN0009963630,APP016,2025-03-09,active,154766.91,CHF,AMER,CP0288,EQUITY,TDR0103,BOOK_C,2026-01-18
TXN0008558951,APP011,2025-09-27,settled,38291.55,USD,APAC,CP0421,EQUITY,TDR0091,BOOK_C,2025-10-28
TXN0007971550,APP008,2025-07-04,failed,319396.83,AUD,AMER,CP0392,BOND,TDR0142,BOOK_C,2026-02-28
TXN0002257264,APP016,2025-12-21,pending,337365.38,GBP,AMER,CP0330,FX,TDR0183,BOOK_B,2025-11-10
TXN0004912888,APP002,2025-09-04,reversed,867829.3,EUR,APAC,CP0048,OPTION,TDR0190,BOOK_C,2025-09-22
TXN0000985089,APP020,2025-10-07,pending,551653.61,JPY,EMEA,CP0240,FUTURE,TDR0059,BOOK_A,2025-04-22
TXN0006144321,APP012,2026-02-22,active,943022.35,CHF,AMER,CP0140,FX,TDR0003,BOOK_D,2025-09-08
TXN0007416825,APP009,2025-12-19,reversed,869476.26,AUD,APAC,CP0412,SWAP,TDR0079,BOOK_A,2026-01-03
TXN0009361360,APP020,2025-01-07,settled,931930.82,AUD,LATAM,CP0262,SWAP,TDR0108,BOOK_B,2026-01-23
TXN0008605194,APP014,2025-01-27,active,564222.96,USD,LATAM,CP0118,SWAP,TDR0193,BOOK_C,2025-04-29
TXN0009400630,APP001,2025-10-03,settled,743908.54,GBP,EMEA,CP0483,EQUITY,TDR0095,BOOK_C,2025-09-08
TXN0004734075,APP007,2025-08-25,active,61500.66,CHF,APAC,CP0034,SWAP,TDR0097,BOOK_C,2025-03-14
TXN0007803730,APP004,2025-02-28,pending,604405.17,AUD,AMER,CP0444,BOND,TDR0052,BOOK_A,2025-01-31
TXN0004716702,APP020,2025-04-06,failed,308853.86,JPY,EMEA,CP0474,FUTURE,TDR0060,BOOK_A,2025-08-24
TXN0002018662,APP016,2025-12-25,pending,820080.51,AUD,AMER,CP0254,EQUITY,TDR0192,BOOK_B,2026-03-08
TXN0006599227,APP016,2025-08-14,pending,239249.68,GBP,AMER,CP0294,BOND,TDR0056,BOOK_A,2025-05-24
TXN0008084452,APP014,2025-03-10,pending,781420.65,AUD,APAC,CP0026,SWAP,TDR0004,BOOK_C,2025-03-13
TXN0009666913,APP017,2025-01-30,reversed,118538.12,AUD,EMEA,CP0361,BOND,TDR0019,BOOK_B,2026-02-14
TXN0001277864,APP007,2025-02-05,active,148137.03,CHF,APAC,CP0162,BOND,TDR0054,BOOK_D,2025-09-12
TXN0009973514,APP007,2025-06-23,active,285450.45,JPY,APAC,CP0053,SWAP,TDR0168,BOOK_D,2025-02-01
TXN0006822321,APP008,2025-08-26,failed,375777.43,EUR,EMEA,CP0094,SWAP,TDR0015,BOOK_C,2025-10-18
TXN0005367800,APP003,2025-03-27,pending,9679.85,EUR,LATAM,CP0280,BOND,TDR0119,BOOK_B,2025-10-16
TXN0001186397,APP019,2026-03-13,active,458824.27,AUD,EMEA,CP0238,EQUITY,TDR0181,BOOK_B,2025-08-18
TXN0007206080,APP015,2025-12-28,settled,361829.46,GBP,AMER,CP0159,FX,TDR0128,BOOK_B,2025-05-06
TXN0001462129,APP017,2026-03-10,active,583213.67,AUD,LATAM,CP0364,FUTURE,TDR0032,BOOK_B,2025-04-16
TXN0005941022,APP004,2025-08-04,pending,149791.01,GBP,AMER,CP0003,BOND,TDR0166,BOOK_A,2026-02-03
TXN0004116538,APP001,2025-12-21,pending,313360.78,CHF,APAC,CP0413,FX,TDR0028,BOOK_A,2025-08-29
TXN0003534926,APP009,2026-02-14,reversed,319946.6,JPY,LATAM,CP0114,SWAP,TDR0183,BOOK_B,2025-10-14
TXN0001856487,APP020,2025-09-21,settled,877122.53,AUD,APAC,CP0362,EQUITY,TDR0174,BOOK_B,2025-07-12
TXN0005551294,APP002,2026-01-25,pending,169694.06,CHF,APAC,CP0381,BOND,TDR0105,BOOK_C,2026-03-07
TXN0005728201,APP001,2025-08-31,failed,286610.56,EUR,EMEA,CP0219,OPTION,TDR0154,BOOK_D,2025-03-16
TXN0006050836,APP008,2025-11-24,settled,727722.75,EUR,EMEA,CP0247,FUTURE,TDR0022,BOOK_A,2025-04-02
TXN0009855453,APP019,2025-11-20,active,961861.74,GBP,APAC,CP0253,EQUITY,TDR0019,BOOK_D,2026-03-24
TXN0005890822,APP012,2026-01-15,active,835577.84,GBP,APAC,CP0171,BOND,TDR0036,BOOK_C,2025-02-25
TXN0007541955,APP007,2026-03-31,settled,959065.99,AUD,EMEA,CP0465,BOND,TDR0015,BOOK_B,2025-09-13
TXN0005515372,APP019,2025-02-12,failed,102365.92,EUR,APAC,CP0199,FX,TDR0171,BOOK_B,2025-11-08
TXN0008804582,APP015,2025-04-01,active,306602.51,USD,APAC,CP0239,FUTURE,TDR0037,BOOK_B,2025-02-06
TXN0004953745,APP006,2026-04-01,pending,391198.88,EUR,APAC,CP0406,FUTURE,TDR0147,BOOK_D,2025-06-26
TXN0003758406,APP004,2026-03-20,settled,10843.18,USD,LATAM,CP0447,FX,TDR0186,BOOK_D,2026-02-09
TXN0004577907,APP018,2025-02-22,active,263059.59,EUR,APAC,CP0141,FX,TDR0063,BOOK_A,2025-04-22
TXN0004876881,APP012,2025-09-27,pending,339597.49,JPY,EMEA,CP0241,FUTURE,TDR0039,BOOK_D,2026-03-27
TXN0000013980,APP014,2025-11-01,settled,231114.37,JPY,APAC,CP0499,BOND,TDR0106,BOOK_D,2025-10-16
TXN0004712556,APP006,2025-07-22,settled,584551.48,JPY,LATAM,CP0471,SWAP,TDR0132,BOOK_D,2026-02-17
TXN0002638854,APP002,2025-10-17,failed,978243.49,CHF,AMER,CP0496,SWAP,TDR0043,BOOK_B,2025-05-30
TXN0005188689,APP004,2025-10-17,settled,406257.55,USD,LATAM,CP0260,FX,TDR0195,BOOK_D,2025-04-14
TXN0000489894,APP008,2025-05-13,active,697074.86,JPY,LATAM,CP0090,SWAP,TDR0083,BOOK_D,2025-09-03
TXN0009301859,APP014,2025-01-13,reversed,827995.93,CHF,APAC,CP0279,SWAP,TDR0124,BOOK_C,2025-12-26
TXN0003531592,APP004,2026-02-12,failed,746761.96,JPY,AMER,CP0173,EQUITY,TDR0021,BOOK_A,2025-01-17
TXN0007705827,APP008,2025-09-10,reversed,702660.85,JPY,APAC,CP0399,BOND,TDR0072,BOOK_D,2025-02-26
TXN0006213699,APP020,2025-01-01,failed,946068.2,USD,EMEA,CP0060,SWAP,TDR0149,BOOK_D,2025-04-02
TXN0005845581,APP007,2025-04-15,failed,747840.61,GBP,EMEA,CP0168,SWAP,TDR0057,BOOK_A,2025-09-10
TXN0003594510,APP004,2026-02-28,reversed,994665.11,AUD,LATAM,CP0389,OPTION,TDR0050,BOOK_A,2025-12-24
TXN0008561160,APP017,2025-03-13,reversed,774087.38,EUR,APAC,CP0397,OPTION,TDR0010,BOOK_A,2025-07-16
TXN0007781582,APP005,2025-07-20,failed,790033.64,CHF,EMEA,CP0397,FUTURE,TDR0047,BOOK_C,2025-08-17
TXN0007502400,APP014,2025-07-03,failed,539141.09,USD,AMER,CP0225,BOND,TDR0031,BOOK_C,2025-09-01
TXN0002739989,APP007,2025-04-08,settled,403166.57,JPY,LATAM,CP0309,FUTURE,TDR0106,BOOK_A,2025-10-23
TXN0008356759,APP013,2026-04-09,pending,821852.69,AUD,APAC,CP0321,SWAP,TDR0063,BOOK_D,2025-08-12
TXN0004208124,APP004,2025-12-31,failed,621251.43,JPY,LATAM,CP0430,OPTION,TDR0197,BOOK_D,2025-02-28
TXN0002871542,APP010,2025-01-29,failed,618174.11,AUD,LATAM,CP0189,SWAP,TDR0045,BOOK_D,2025-03-13
TXN0005421405,APP008,2025-06-13,pending,32168.46,AUD,AMER,CP0390,FUTURE,TDR0188,BOOK_B,2025-01-03
TXN0000136214,APP018,2026-01-06,settled,150493.78,GBP,AMER,CP0353,SWAP,TDR0153,BOOK_D,2025-10-02
TXN0004632806,APP010,2025-12-04,active,220511.2,JPY,LATAM,CP0148,EQUITY,TDR0175,BOOK_C,2025-04-18
TXN0008833756,APP010,2025-12-26,pending,735597.1,EUR,EMEA,CP0343,BOND,TDR0170,BOOK_D,2025-02-25
TXN0006827761,APP005,2025-04-24,failed,294113.3,GBP,AMER,CP0102,FX,TDR0081,BOOK_B,2025-08-18
TXN0001820751,APP006,2025-08-23,settled,374648.02,GBP,AMER,CP0027,OPTION,TDR0131,BOOK_A,2026-03-23
TXN0004042580,APP011,2026-03-23,settled,748004.55,USD,APAC,CP0344,FX,TDR0050,BOOK_A,2025-03-14
TXN0000281541,APP011,2025-07-02,failed,695724.6,EUR,AMER,CP0100,OPTION,TDR0145,BOOK_B,2025-03-28
TXN0000414607,APP008,2026-04-08,settled,791932.34,EUR,EMEA,CP0116,FUTURE,TDR0068,BOOK_D,2025-06-19
TXN0005401091,APP010,2026-03-15,failed,561926.45,EUR,APAC,CP0179,OPTION,TDR0034,BOOK_B,2025-11-21
TXN0003531613,APP007,2025-03-15,failed,892268.27,GBP,EMEA,CP0316,FUTURE,TDR0020,BOOK_A,2025-11-29
TXN0004956332,APP006,2025-04-02,pending,426255.64,USD,EMEA,CP0183,OPTION,TDR0015,BOOK_B,2025-05-05
TXN0007016842,APP017,2026-04-01,reversed,287679.6,CHF,EMEA,CP0090,SWAP,TDR0012,BOOK_A,2025-04-24
TXN0001849498,APP011,2025-04-18,reversed,316834.08,USD,EMEA,CP0224,OPTION,TDR0078,BOOK_A,2025-03-03
TXN0001964493,APP006,2025-06-05,pending,8638.06,CHF,AMER,CP0430,BOND,TDR0101,BOOK_B,2026-01-22
TXN0006399362,APP014,2026-01-08,failed,971419.76,GBP,APAC,CP0113,SWAP,TDR0106,BOOK_D,2025-10-19
TXN0001938626,APP011,2025-01-02,settled,950259.78,CHF,AMER,CP0290,BOND,TDR0188,BOOK_A,2025-10-09
TXN0003288885,APP004,2025-12-16,reversed,923022.2,USD,LATAM,CP0235,SWAP,TDR0019,BOOK_A,2026-03-19
TXN0005081156,APP004,2026-01-13,reversed,527480.92,EUR,LATAM,CP0198,OPTION,TDR0181,BOOK_A,2025-06-30
TXN0001778702,APP009,2025-05-26,failed,471759.33,USD,LATAM,CP0074,SWAP,TDR0120,BOOK_C,2025-09-19
TXN0006211591,APP016,2025-05-15,active,716282.3,GBP,AMER,CP0366,BOND,TDR0030,BOOK_D,2026-02-25
TXN0003993497,APP012,2025-06-27,settled,688479.19,USD,APAC,CP0329,OPTION,TDR0041,BOOK_C,2026-03-24
TXN0005019227,APP011,2025-02-05,reversed,1683.38,JPY,AMER,CP0471,BOND,TDR0082,BOOK_D,2026-01-03
TXN0006212044,APP013,2025-02-21,active,315952.85,GBP,AMER,CP0041,SWAP,TDR0142,BOOK_B,2026-03-13
TXN0004885559,APP005,2026-01-23,reversed,886140.69,GBP,EMEA,CP0204,BOND,TDR0044,BOOK_D,2025-01-12
TXN0009808920,APP008,2025-02-05,settled,716206.58,JPY,EMEA,CP0198,OPTION,TDR0072,BOOK_B,2026-02-20
TXN0001818884,APP010,2026-03-05,failed,294256.31,USD,AMER,CP0099,OPTION,TDR0098,BOOK_D,2025-07-18
TXN0008719479,APP019,2025-01-19,active,714207.7,CHF,LATAM,CP0283,OPTION,TDR0139,BOOK_D,2025-03-31
TXN0002488543,APP011,2025-01-27,active,344494.48,CHF,APAC,CP0052,BOND,TDR0137,BOOK_B,2025-01-19
TXN0000433650,APP005,2025-05-11,failed,351304.75,USD,AMER,CP0330,BOND,TDR0034,BOOK_B,2025-09-12
TXN0001676175,APP010,2025-03-03,active,483410.98,JPY,APAC,CP0123,BOND,TDR0045,BOOK_B,2026-02-17
TXN0009984833,APP019,2025-12-31,reversed,381781.26,CHF,EMEA,CP0415,BOND,TDR0176,BOOK_B,2025-02-16
TXN0002792011,APP015,2026-03-14,settled,222705.17,JPY,EMEA,CP0099,EQUITY,TDR0131,BOOK_A,2026-01-25
TXN0007574746,APP009,2026-03-30,reversed,547725.59,CHF,AMER,CP0279,BOND,TDR0148,BOOK_C,2026-01-03
TXN0001644991,APP017,2026-01-07,failed,316539.86,EUR,AMER,CP0199,FUTURE,TDR0067,BOOK_B,2025-10-07
TXN0000261426,APP013,2025-01-29,reversed,486711.84,AUD,LATAM,CP0481,BOND,TDR0053,BOOK_D,2025-08-03
TXN0008255225,APP009,2026-03-23,failed,763925.48,EUR,AMER,CP0080,OPTION,TDR0119,BOOK_A,2025-04-23
TXN0007074135,APP006,2025-08-22,pending,766816.11,AUD,EMEA,CP0378,SWAP,TDR0141,BOOK_B,2026-01-20
TXN0002740390,APP011,2025-01-04,active,290323.07,GBP,EMEA,CP0331,BOND,TDR0160,BOOK_A,2025-12-16
TXN0008758767,APP015,2025-12-04,reversed,949401.16,CHF,EMEA,CP0260,OPTION,TDR0038,BOOK_B,2025-05-11
TXN0003813280,APP020,2026-03-05,pending,531574.45,EUR,EMEA,CP0057,EQUITY,TDR0039,BOOK_C,2025-12-21
TXN0007020714,APP015,2026-04-08,active,108988.79,CHF,EMEA,CP0312,SWAP,TDR0044,BOOK_B,2025-02-09
TXN0003684293,APP012,2025-07-23,pending,796850.15,EUR,EMEA,CP0259,FX,TDR0177,BOOK_A,2025-12-26
TXN0007157616,APP007,2025-10-21,pending,558245.23,CHF,AMER,CP0410,FX,TDR0047,BOOK_C,2025-08-28
TXN0008071978,APP007,2025-11-02,failed,588968.2,CHF,AMER,CP0289,FUTURE,TDR0057,BOOK_A,2025-02-17
TXN0008296991,APP018,2025-04-11,pending,292010.16,GBP,EMEA,CP0308,BOND,TDR0140,BOOK_A,2026-02-26
TXN0006705612,APP009,2025-08-16,pending,388834.22,AUD,APAC,CP0487,FUTURE,TDR0057,BOOK_D,2026-02-26
TXN0002379776,APP017,2025-12-20,pending,365037.65,USD,AMER,CP0295,OPTION,TDR0198,BOOK_D,2025-09-22
TXN0003019739,APP010,2025-01-13,settled,626017.79,CHF,AMER,CP0434,BOND,TDR0053,BOOK_A,2025-06-09
TXN0006831093,APP002,2025-02-18,failed,340293.51,CHF,LATAM,CP0028,EQUITY,TDR0064,BOOK_D,2025-07-20
TXN0007708455,APP014,2025-06-12,pending,654222.01,JPY,EMEA,CP0376,FX,TDR0027,BOOK_C,2025-07-31
TXN0009526157,APP003,2025-08-04,reversed,73848.64,AUD,AMER,CP0129,OPTION,TDR0064,BOOK_C,2025-05-12
TXN0005653868,APP016,2025-04-11,settled,769896.1,AUD,APAC,CP0223,SWAP,TDR0165,BOOK_B,2025-12-19
TXN0006890760,APP010,2025-07-10,settled,197162.19,USD,EMEA,CP0218,OPTION,TDR0132,BOOK_B,2025-08-27
TXN0008331570,APP002,2025-03-28,failed,247244.36,CHF,EMEA,CP0324,BOND,TDR0069,BOOK_B,2025-10-23
TXN0002317857,APP004,2026-04-05,failed,356886.5,JPY,AMER,CP0325,BOND,TDR0083,BOOK_D,2025-04-28
TXN0004333714,APP014,2025-04-05,reversed,838662.38,EUR,APAC,CP0496,BOND,TDR0122,BOOK_D,2025-04-07
TXN0000078136,APP006,2025-02-17,pending,641894.52,AUD,EMEA,CP0185,FX,TDR0025,BOOK_D,2025-11-22
TXN0009735005,APP014,2025-07-29,settled,438287.1,AUD,APAC,CP0240,SWAP,TDR0133,BOOK_D,2025-06-30
TXN0005230763,APP005,2026-03-31,pending,743315.79,USD,LATAM,CP0373,FX,TDR0093,BOOK_B,2025-03-20
TXN0008188809,APP004,2026-01-13,settled,317276.59,JPY,AMER,CP0324,BOND,TDR0070,BOOK_D,2025-02-21
TXN0008537090,APP013,2025-07-31,failed,747823.22,JPY,LATAM,CP0078,OPTION,TDR0152,BOOK_B,2025-08-18
TXN0002431332,APP009,2026-02-04,settled,865801.25,USD,APAC,CP0159,OPTION,TDR0014,BOOK_C,2026-02-04
TXN0003713210,APP003,2025-12-07,active,233585.23,CHF,LATAM,CP0077,FX,TDR0153,BOOK_D,2025-07-31
TXN0008113959,APP006,2025-07-20,reversed,349974.41,GBP,AMER,CP0391,FX,TDR0116,BOOK_B,2025-04-15
TXN0008533432,APP012,2025-06-29,active,422259.54,CHF,APAC,CP0182,FX,TDR0071,BOOK_A,2026-04-09
TXN0001381569,APP011,2026-04-01,active,637532.88,EUR,AMER,CP0152,OPTION,TDR0121,BOOK_A,2026-03-27
TXN0008242451,APP010,2025-09-03,pending,30603.64,USD,LATAM,CP0497,EQUITY,TDR0056,BOOK_C,2025-11-28
TXN0001184307,APP020,2025-06-04,active,211144.81,CHF,APAC,CP0411,FUTURE,TDR0144,BOOK_D,2025-07-01
TXN0002138736,APP007,2026-03-24,failed,126893.58,AUD,APAC,CP0361,FX,TDR0161,BOOK_D,2025-12-09
TXN0003460953,APP003,2026-01-31,failed,804435.69,JPY,EMEA,CP0479,FX,TDR0189,BOOK_C,2025-10-25
TXN0005351173,APP017,2025-09-14,reversed,422920.03,EUR,LATAM,CP0427,BOND,TDR0130,BOOK_C,2025-01-23
TXN0000365878,APP004,2025-05-01,failed,10600.42,USD,LATAM,CP0220,SWAP,TDR0122,BOOK_D,2026-01-08
TXN0000425960,APP003,2025-08-01,active,256395.39,CHF,AMER,CP0436,EQUITY,TDR0145,BOOK_D,2026-01-30
TXN0009849924,APP008,2025-04-02,pending,384194.64,CHF,APAC,CP0057,FX,TDR0049,BOOK_D,2025-07-29
TXN0006562454,APP005,2025-09-10,reversed,899219.0,JPY,LATAM,CP0129,FUTURE,TDR0124,BOOK_A,2026-03-01
TXN0007095400,APP003,2025-10-05,settled,102331.68,CHF,AMER,CP0024,EQUITY,TDR0094,BOOK_C,2025-10-06
TXN0004926219,APP015,2025-12-04,settled,975669.92,AUD,AMER,CP0415,SWAP,TDR0154,BOOK_A,2025-12-13
TXN0009626402,APP012,2025-01-24,failed,169926.9,CHF,AMER,CP0215,BOND,TDR0134,BOOK_C,2025-05-03
TXN0004034179,APP013,2026-01-07,settled,261810.94,AUD,EMEA,CP0197,FX,TDR0001,BOOK_C,2026-01-05
TXN0003829456,APP008,2025-01-26,settled,822234.73,GBP,AMER,CP0473,BOND,TDR0148,BOOK_A,2025-12-28
TXN0003094509,APP019,2025-05-23,settled,42778.31,AUD,LATAM,CP0151,FUTURE,TDR0052,BOOK_B,2025-03-12
TXN0006807254,APP019,2025-05-21,reversed,533358.61,EUR,EMEA,CP0390,FX,TDR0036,BOOK_A,2025-05-02
TXN0003380658,APP007,2025-02-15,failed,254710.42,CHF,APAC,CP0072,FUTURE,TDR0067,BOOK_A,2025-07-31
TXN0009864539,APP009,2025-12-10,reversed,381459.38,JPY,LATAM,CP0220,FX,TDR0016,BOOK_A,2025-08-12
TXN0006939920,APP020,2025-04-18,active,706752.79,AUD,LATAM,CP0396,BOND,TDR0141,BOOK_D,2025-11-10
TXN0004233356,APP019,2025-09-05,active,540117.47,GBP,LATAM,CP0225,FX,TDR0129,BOOK_C,2025-10-13
TXN0001311786,APP011,2025-06-26,active,466347.11,JPY,AMER,CP0372,FUTURE,TDR0068,BOOK_C,2025-07-28
TXN0009704115,APP011,2025-07-13,reversed,942924.5,AUD,EMEA,CP0477,BOND,TDR0132,BOOK_A,2025-07-22
TXN0009714345,APP011,2025-08-04,settled,9361.9,CHF,AMER,CP0039,BOND,TDR0013,BOOK_D,2026-03-27
TXN0009031368,APP008,2026-03-31,settled,471010.25,CHF,LATAM,CP0179,BOND,TDR0168,BOOK_A,2025-05-21
TXN0003192422,APP004,2026-03-05,settled,535878.32,AUD,AMER,CP0021,FX,TDR0179,BOOK_A,2025-12-22
TXN0009974484,APP004,2025-08-22,settled,889801.06,EUR,EMEA,CP0057,FUTURE,TDR0049,BOOK_B,2026-03-12
TXN0003028276,APP019,2026-02-08,settled,191191.48,USD,AMER,CP0054,SWAP,TDR0054,BOOK_C,2025-06-01
TXN0002105909,APP020,2026-01-18,settled,11893.01,JPY,EMEA,CP0009,FUTURE,TDR0013,BOOK_A,2025-08-24
TXN0000816077,APP015,2025-10-20,failed,916542.01,USD,AMER,CP0291,SWAP,TDR0014,BOOK_B,2025-05-25
TXN0005572638,APP004,2026-02-13,failed,842510.45,JPY,LATAM,CP0270,OPTION,TDR0116,BOOK_B,2025-12-16
TXN0004096713,APP008,2025-08-31,active,914328.74,AUD,APAC,CP0461,FUTURE,TDR0194,BOOK_A,2025-03-07
TXN0002090305,APP008,2025-10-11,failed,785717.82,CHF,LATAM,CP0232,OPTION,TDR0009,BOOK_B,2025-02-13
TXN0005041963,APP012,2025-07-02,settled,840375.02,GBP,LATAM,CP0441,FUTURE,TDR0033,BOOK_B,2025-10-19
TXN0005954965,APP006,2025-03-16,pending,510469.66,CHF,EMEA,CP0380,OPTION,TDR0184,BOOK_A,2025-10-08
TXN0008443851,APP003,2025-09-26,pending,867866.27,JPY,EMEA,CP0081,FUTURE,TDR0187,BOOK_C,2026-03-20
TXN0005965119,APP004,2025-12-29,pending,540261.57,GBP,AMER,CP0090,OPTION,TDR0036,BOOK_D,2025-10-04
TXN0008484659,APP008,2025-03-01,reversed,853795.63,AUD,AMER,CP0252,BOND,TDR0107,BOOK_A,2026-03-08
TXN0001071590,APP017,2025-02-15,settled,715858.92,CHF,APAC,CP0027,FX,TDR0115,BOOK_A,2025-08-03
TXN0006839790,APP007,2026-03-03,reversed,276083.05,GBP,LATAM,CP0345,FX,TDR0177,BOOK_C,2025-10-19
TXN0003526495,APP014,2025-03-06,active,326642.32,JPY,AMER,CP0430,FUTURE,TDR0004,BOOK_A,2025-05-14
TXN0003100374,APP010,2025-07-02,failed,485663.09,GBP,AMER,CP0116,OPTION,TDR0200,BOOK_A,2025-01-28
TXN0009473497,APP007,2026-03-07,active,419355.64,AUD,LATAM,CP0102,SWAP,TDR0126,BOOK_D,2025-05-01
TXN0001607713,APP006,2025-02-02,active,252772.41,USD,LATAM,CP0103,FUTURE,TDR0001,BOOK_A,2026-03-20
TXN0007108165,APP013,2025-04-20,reversed,265619.04,JPY,APAC,CP0414,OPTION,TDR0091,BOOK_C,2026-04-13
TXN0002810663,APP003,2025-08-03,pending,105370.48,JPY,AMER,CP0155,FUTURE,TDR0056,BOOK_C,2025-06-25
TXN0005287640,APP003,2025-03-05,reversed,595560.35,CHF,AMER,CP0174,SWAP,TDR0040,BOOK_A,2025-06-16
TXN0003987619,APP014,2025-01-14,failed,759213.82,EUR,LATAM,CP0083,EQUITY,TDR0029,BOOK_B,2025-08-12
TXN0000064204,APP011,2026-02-08,reversed,877625.64,GBP,EMEA,CP0163,SWAP,TDR0042,BOOK_A,2025-01-12
TXN0004100611,APP002,2025-03-05,failed,979929.82,EUR,LATAM,CP0339,SWAP,TDR0054,BOOK_D,2025-03-30
TXN0003016684,APP007,2025-09-07,failed,876171.3,EUR,EMEA,CP0205,FUTURE,TDR0035,BOOK_B,2025-11-19
TXN0005473704,APP011,2025-11-20,active,111567.06,JPY,LATAM,CP0209,FX,TDR0134,BOOK_A,2025-04-19
TXN0002565267,APP012,2025-03-21,active,401913.5,GBP,LATAM,CP0429,OPTION,TDR0062,BOOK_D,2025-06-05
TXN0006827798,APP008,2025-08-18,pending,264712.17,EUR,LATAM,CP0317,EQUITY,TDR0114,BOOK_B,2025-03-11
TXN0009747383,APP013,2025-06-22,active,967204.37,JPY,AMER,CP0286,BOND,TDR0135,BOOK_D,2025-10-11
TXN0001356787,APP017,2025-04-07,settled,86678.27,JPY,LATAM,CP0297,FUTURE,TDR0140,BOOK_A,2026-02-04
TXN0005589958,APP004,2026-03-27,failed,321179.6,GBP,APAC,CP0025,SWAP,TDR0084,BOOK_A,2025-03-13
TXN0007761485,APP003,2026-01-03,active,35720.29,USD,AMER,CP0126,FUTURE,TDR0002,BOOK_B,2025-07-04
TXN0003056485,APP017,2026-02-21,settled,103974.5,GBP,AMER,CP0392,FX,TDR0059,BOOK_C,2025-10-23
TXN0007088407,APP020,2026-02-12,settled,765419.75,GBP,APAC,CP0239,EQUITY,TDR0196,BOOK_C,2025-01-29
TXN0004973758,APP013,2025-05-06,active,214908.27,AUD,APAC,CP0419,BOND,TDR0092,BOOK_B,2025-04-17
TXN0008094927,APP018,2026-01-14,pending,597426.99,AUD,AMER,CP0354,FUTURE,TDR0094,BOOK_C,2025-08-11
TXN0004059799,APP011,2026-02-08,active,968672.09,GBP,APAC,CP0006,EQUITY,TDR0167,BOOK_A,2025-09-08
TXN0000603284,APP015,2025-10-12,reversed,437172.08,EUR,APAC,CP0473,BOND,TDR0079,BOOK_B,2025-03-02
TXN0009579722,APP004,2026-02-03,failed,927202.11,AUD,LATAM,CP0122,BOND,TDR0108,BOOK_C,2025-01-31
TXN0000928835,APP006,2025-11-28,settled,531525.88,EUR,LATAM,CP0050,FX,TDR0093,BOOK_B,2026-01-25
TXN0005355982,APP002,2025-09-18,failed,557945.03,AUD,AMER,CP0315,FUTURE,TDR0200,BOOK_D,2025-06-13
TXN0008979456,APP017,2025-01-29,failed,664350.95,JPY,APAC,CP0177,FX,TDR0141,BOOK_B,2025-06-13
TXN0004032040,APP007,2025-06-23,active,565840.86,JPY,EMEA,CP0344,FX,TDR0015,BOOK_B,2025-04-21
TXN0009681054,APP006,2025-05-24,active,290249.41,AUD,LATAM,CP0435,SWAP,TDR0020,BOOK_D,2026-03-05
TXN0005500537,APP011,2025-03-12,pending,655547.12,GBP,LATAM,CP0032,OPTION,TDR0126,BOOK_A,2026-01-01
TXN0007020799,APP003,2025-08-29,failed,345022.85,JPY,AMER,CP0208,BOND,TDR0194,BOOK_C,2025-12-08
TXN0005387814,APP007,2025-09-26,active,940828.56,EUR,APAC,CP0193,FX,TDR0052,BOOK_C,2025-10-16
TXN0006565432,APP011,2025-11-14,failed,873632.29,USD,LATAM,CP0221,BOND,TDR0024,BOOK_C,2025-11-27
TXN0005037137,APP015,2025-04-15,settled,568607.78,JPY,EMEA,CP0278,FUTURE,TDR0084,BOOK_C,2026-01-25
TXN0009345340,APP017,2025-01-14,active,675513.69,USD,LATAM,CP0158,FUTURE,TDR0062,BOOK_B,2025-11-13
TXN0005116543,APP011,2025-09-01,settled,807546.89,CHF,APAC,CP0184,FX,TDR0199,BOOK_B,2025-08-07
TXN0006068507,APP017,2026-02-28,failed,51755.74,EUR,APAC,CP0432,FUTURE,TDR0002,BOOK_D,2025-02-18
TXN0003552612,APP002,2025-03-12,failed,523142.12,USD,LATAM,CP0229,EQUITY,TDR0088,BOOK_B,2025-02-23
TXN0002141845,APP013,2025-09-05,reversed,287788.82,JPY,LATAM,CP0419,BOND,TDR0053,BOOK_A,2025-08-24
TXN0003643620,APP008,2026-01-12,active,79779.51,CHF,APAC,CP0415,SWAP,TDR0033,BOOK_C,2025-07-04
TXN0003396914,APP004,2026-04-03,failed,881585.82,AUD,APAC,CP0267,EQUITY,TDR0172,BOOK_D,2025-07-06
TXN0003616380,APP002,2025-11-26,active,85811.69,JPY,AMER,CP0003,SWAP,TDR0074,BOOK_C,2025-12-05
TXN0004168706,APP001,2025-02-12,reversed,624247.79,CHF,LATAM,CP0159,OPTION,TDR0039,BOOK_B,2026-03-05
TXN0007637578,APP019,2026-01-23,pending,772835.34,USD,EMEA,CP0476,BOND,TDR0113,BOOK_D,2025-08-18
TXN0006386972,APP001,2025-12-31,active,328496.1,CHF,LATAM,CP0135,FUTURE,TDR0053,BOOK_C,2026-01-26
TXN0001928541,APP011,2025-10-16,pending,351617.81,CHF,EMEA,CP0180,SWAP,TDR0105,BOOK_B,2025-11-15
TXN0007837867,APP009,2025-12-06,reversed,436851.52,JPY,APAC,CP0007,FX,TDR0028,BOOK_A,2025-06-20
TXN0002424131,APP007,2025-06-12,pending,432551.15,JPY,AMER,CP0316,SWAP,TDR0194,BOOK_B,2025-12-02
TXN0003490326,APP012,2025-07-11,active,479515.2,CHF,APAC,CP0248,OPTION,TDR0076,BOOK_C,2026-03-30
TXN0001846441,APP017,2025-07-12,failed,121464.65,CHF,APAC,CP0027,OPTION,TDR0193,BOOK_C,2025-06-21
TXN0006499369,APP019,2025-03-11,active,204237.36,EUR,EMEA,CP0359,EQUITY,TDR0170,BOOK_D,2025-11-10
TXN0002750429,APP017,2025-02-08,reversed,124002.67,GBP,EMEA,CP0006,OPTION,TDR0126,BOOK_D,2025-10-28
TXN0002058414,APP003,2025-04-12,reversed,45520.0,EUR,LATAM,CP0026,OPTION,TDR0077,BOOK_C,2025-02-18
TXN0002002369,APP007,2025-10-31,failed,767928.05,JPY,AMER,CP0423,SWAP,TDR0140,BOOK_C,2025-05-18
TXN0006300343,APP009,2025-01-23,active,774708.35,USD,APAC,CP0371,OPTION,TDR0132,BOOK_B,2025-08-02
TXN0009253405,APP020,2025-07-07,active,22251.56,CHF,AMER,CP0385,OPTION,TDR0132,BOOK_B,2026-03-14
TXN0007252164,APP005,2025-12-24,pending,996453.72,USD,AMER,CP0332,FUTURE,TDR0154,BOOK_D,2026-01-30
TXN0004024651,APP004,2025-07-18,reversed,547052.25,CHF,AMER,CP0033,FUTURE,TDR0076,BOOK_A,2025-11-26
TXN0002125738,APP014,2025-10-17,reversed,300197.73,JPY,EMEA,CP0193,OPTION,TDR0140,BOOK_C,2025-05-04
TXN0002336321,APP002,2025-02-10,settled,60942.93,GBP,LATAM,CP0265,OPTION,TDR0103,BOOK_D,2026-03-08
TXN0009949134,APP003,2025-04-18,reversed,412317.77,AUD,LATAM,CP0095,FUTURE,TDR0185,BOOK_A,2026-01-29
TXN0008993984,APP010,2026-01-21,failed,80213.24,JPY,AMER,CP0500,SWAP,TDR0015,BOOK_C,2025-08-19
TXN0002530236,APP020,2025-11-25,settled,586359.35,JPY,EMEA,CP0180,FX,TDR0073,BOOK_D,2025-03-31
TXN0007654912,APP003,2025-04-16,active,341521.75,GBP,LATAM,CP0338,BOND,TDR0149,BOOK_A,2025-04-01
TXN0005656993,APP011,2025-07-05,active,138783.44,AUD,EMEA,CP0345,FX,TDR0171,BOOK_A,2025-04-18
TXN0006701498,APP004,2025-02-16,failed,548078.78,GBP,LATAM,CP0110,OPTION,TDR0043,BOOK_C,2026-01-03
TXN0007123783,APP019,2026-02-17,pending,320296.52,JPY,EMEA,CP0317,SWAP,TDR0054,BOOK_D,2025-10-23
TXN0006397351,APP014,2025-07-23,failed,290867.54,GBP,LATAM,CP0383,FX,TDR0156,BOOK_A,2026-02-28
TXN0009911253,APP004,2025-03-18,settled,857777.82,JPY,LATAM,CP0053,SWAP,TDR0126,BOOK_A,2025-07-03
TXN0001525341,APP016,2025-10-29,reversed,875559.5,JPY,EMEA,CP0066,SWAP,TDR0129,BOOK_C,2025-07-21
TXN0001121479,APP005,2026-02-07,settled,855529.89,USD,APAC,CP0069,EQUITY,TDR0171,BOOK_A,2025-01-16
TXN0007776940,APP007,2026-03-02,failed,389284.98,USD,EMEA,CP0025,FUTURE,TDR0184,BOOK_D,2025-11-27
TXN0006401606,APP003,2025-12-07,failed,610616.47,EUR,EMEA,CP0133,FX,TDR0126,BOOK_A,2025-01-02
TXN0008611659,APP015,2025-05-29,active,58180.74,JPY,AMER,CP0267,SWAP,TDR0089,BOOK_C,2026-01-29
TXN0002069578,APP009,2025-12-23,active,462749.23,EUR,AMER,CP0272,EQUITY,TDR0034,BOOK_C,2026-02-09
TXN0002888354,APP007,2025-03-29,failed,122482.01,EUR,AMER,CP0436,FX,TDR0147,BOOK_B,2026-03-19
TXN0009532177,APP005,2025-04-19,active,986563.15,AUD,EMEA,CP0479,OPTION,TDR0031,BOOK_A,2026-01-23
TXN0003756572,APP018,2025-04-20,failed,947756.86,AUD,LATAM,CP0500,FUTURE,TDR0065,BOOK_A,2025-05-07
TXN0009407819,APP006,2025-08-06,pending,90588.86,GBP,EMEA,CP0258,FX,TDR0104,BOOK_D,2025-05-03
TXN0005584800,APP014,2025-03-04,settled,12422.91,GBP,LATAM,CP0216,FUTURE,TDR0129,BOOK_D,2025-02-10
TXN0003702635,APP002,2025-07-17,failed,777906.09,CHF,LATAM,CP0290,BOND,TDR0097,BOOK_A,2025-12-16
TXN0003403216,APP015,2025-12-10,pending,807005.34,JPY,EMEA,CP0002,SWAP,TDR0121,BOOK_B,2025-10-13
TXN0001425750,APP011,2025-10-14,failed,983338.69,JPY,APAC,CP0419,EQUITY,TDR0028,BOOK_D,2025-08-15
TXN0002029375,APP002,2025-04-27,settled,330777.76,JPY,LATAM,CP0437,BOND,TDR0099,BOOK_A,2025-01-27
TXN0006208043,APP002,2026-02-02,pending,201487.43,EUR,APAC,CP0075,FUTURE,TDR0165,BOOK_B,2026-01-22
TXN0008331738,APP017,2025-05-24,active,790568.28,EUR,APAC,CP0186,FUTURE,TDR0076,BOOK_A,2025-10-26
TXN0003437324,APP004,2025-10-19,pending,964735.93,AUD,LATAM,CP0319,FUTURE,TDR0129,BOOK_D,2025-06-15
TXN0000964077,APP020,2025-10-13,failed,849257.83,CHF,LATAM,CP0183,OPTION,TDR0020,BOOK_C,2025-03-30
TXN0004943557,APP008,2025-10-01,reversed,187243.23,CHF,APAC,CP0247,BOND,TDR0165,BOOK_D,2025-10-30
TXN0004098523,APP011,2026-03-25,failed,21715.24,USD,APAC,CP0313,SWAP,TDR0170,BOOK_B,2026-01-24
TXN0003162096,APP001,2025-04-21,failed,247631.39,USD,APAC,CP0045,BOND,TDR0192,BOOK_A,2025-07-23
TXN0001872545,APP015,2025-03-21,active,813884.35,CHF,AMER,CP0484,FX,TDR0196,BOOK_D,2026-02-19
TXN0003292632,APP004,2025-06-27,failed,336011.41,AUD,APAC,CP0219,OPTION,TDR0042,BOOK_C,2025-02-05
TXN0009594375,APP014,2025-11-16,settled,720074.47,USD,APAC,CP0217,FUTURE,TDR0188,BOOK_C,2025-10-28
TXN0004302301,APP010,2025-02-13,reversed,618008.26,CHF,LATAM,CP0356,OPTION,TDR0056,BOOK_B,2026-04-11
TXN0009862382,APP009,2025-06-12,settled,686484.81,EUR,LATAM,CP0441,BOND,TDR0110,BOOK_A,2025-04-10
TXN0003673461,APP012,2025-10-29,active,431768.96,AUD,APAC,CP0233,FUTURE,TDR0176,BOOK_D,2025-09-08
TXN0001933646,APP019,2025-03-30,active,571407.32,GBP,AMER,CP0253,EQUITY,TDR0107,BOOK_B,2025-06-24
TXN0009208279,APP002,2025-06-09,pending,302601.05,USD,AMER,CP0158,FUTURE,TDR0058,BOOK_A,2025-04-25
TXN0005692461,APP019,2025-08-04,failed,877292.41,EUR,AMER,CP0087,BOND,TDR0148,BOOK_D,2025-07-26
TXN0002988288,APP017,2025-04-22,settled,676833.01,JPY,EMEA,CP0230,BOND,TDR0148,BOOK_B,2025-10-17
TXN0002224961,APP009,2025-07-31,pending,310119.38,EUR,LATAM,CP0447,EQUITY,TDR0188,BOOK_B,2025-06-18
TXN0002300573,APP012,2025-09-29,active,672637.18,USD,EMEA,CP0133,SWAP,TDR0102,BOOK_D,2026-03-22
TXN0006243736,APP008,2026-02-26,failed,734967.83,EUR,EMEA,CP0217,FX,TDR0074,BOOK_D,2025-01-20
TXN0009725035,APP012,2026-03-21,failed,232226.24,GBP,APAC,CP0125,SWAP,TDR0038,BOOK_A,2025-12-06
TXN0002309803,APP016,2026-02-22,active,808763.72,GBP,APAC,CP0012,EQUITY,TDR0054,BOOK_A,2025-12-03
TXN0005956893,APP012,2025-09-16,reversed,304230.67,JPY,LATAM,CP0239,SWAP,TDR0085,BOOK_B,2025-10-22
TXN0001481395,APP008,2025-06-29,settled,537700.74,JPY,AMER,CP0450,FUTURE,TDR0057,BOOK_A,2025-09-27
TXN0005714985,APP015,2026-01-06,reversed,583144.03,USD,AMER,CP0128,FUTURE,TDR0102,BOOK_B,2026-01-12
TXN0008210407,APP014,2025-12-09,settled,209061.46,GBP,APAC,CP0083,FUTURE,TDR0072,BOOK_A,2026-03-27
TXN0009898513,APP020,2025-07-10,active,657685.95,JPY,AMER,CP0042,OPTION,TDR0036,BOOK_A,2025-10-25
TXN0008142778,APP003,2025-06-01,reversed,952697.26,USD,APAC,CP0181,OPTION,TDR0046,BOOK_C,2025-06-06
TXN0007032391,APP014,2026-03-04,active,123838.14,USD,AMER,CP0036,FX,TDR0194,BOOK_A,2025-02-27
TXN0006961307,APP017,2026-03-05,failed,983856.09,EUR,LATAM,CP0149,FX,TDR0122,BOOK_D,2025-12-18
TXN0005633030,APP004,2025-02-05,reversed,143815.93,JPY,APAC,CP0332,SWAP,TDR0152,BOOK_C,2025-10-10
TXN0001350882,APP015,2025-07-06,settled,559367.68,USD,LATAM,CP0246,SWAP,TDR0197,BOOK_C,2025-11-27
TXN0003902690,APP004,2025-02-12,failed,378724.82,AUD,EMEA,CP0324,OPTION,TDR0144,BOOK_B,2026-04-07
TXN0003295870,APP005,2025-05-29,settled,221455.45,AUD,LATAM,CP0236,SWAP,TDR0026,BOOK_C,2025-02-20
TXN0008607285,APP002,2025-03-04,reversed,769372.91,JPY,APAC,CP0216,BOND,TDR0083,BOOK_B,2025-03-23
TXN0002173273,APP005,2025-11-17,failed,61490.98,AUD,LATAM,CP0190,SWAP,TDR0095,BOOK_A,2025-12-02
TXN0008639627,APP007,2025-02-02,reversed,649875.71,EUR,LATAM,CP0446,EQUITY,TDR0173,BOOK_C,2025-10-10
TXN0005968273,APP007,2026-01-01,settled,198889.28,GBP,EMEA,CP0086,SWAP,TDR0128,BOOK_D,2025-04-15
TXN0009462142,APP012,2025-12-21,reversed,95214.43,GBP,LATAM,CP0491,FX,TDR0147,BOOK_D,2026-03-11
TXN0003383783,APP013,2025-03-29,pending,331136.67,EUR,EMEA,CP0312,FX,TDR0010,BOOK_A,2025-04-27
TXN0003787191,APP013,2025-02-05,pending,88535.73,AUD,LATAM,CP0204,BOND,TDR0186,BOOK_C,2025-03-07
TXN0007796115,APP002,2025-11-14,settled,834371.09,CHF,AMER,CP0068,FX,TDR0190,BOOK_A,2025-04-20
TXN0008631369,APP015,2025-04-12,failed,134287.11,EUR,EMEA,CP0270,BOND,TDR0092,BOOK_B,2025-08-09
TXN0001506951,APP007,2025-03-16,reversed,303181.4,EUR,AMER,CP0388,FX,TDR0176,BOOK_D,2026-01-28
TXN0002464115,APP013,2025-03-28,failed,245490.22,EUR,LATAM,CP0284,EQUITY,TDR0195,BOOK_D,2025-11-24
TXN0004109336,APP020,2025-12-29,reversed,631011.2,GBP,LATAM,CP0247,OPTION,TDR0063,BOOK_D,2025-06-08
TXN0008429776,APP003,2026-03-20,pending,503066.52,AUD,AMER,CP0471,FUTURE,TDR0113,BOOK_B,2025-11-24
TXN0002886515,APP016,2025-03-29,pending,987006.27,USD,EMEA,CP0452,FX,TDR0181,BOOK_C,2025-04-15
TXN0001920027,APP017,2025-03-01,reversed,201242.93,CHF,EMEA,CP0209,SWAP,TDR0094,BOOK_A,2025-08-29
TXN0006090524,APP007,2025-04-19,active,980684.89,GBP,AMER,CP0412,EQUITY,TDR0036,BOOK_C,2025-10-29
TXN0006676171,APP014,2025-08-23,active,405584.71,GBP,APAC,CP0229,FX,TDR0044,BOOK_C,2025-12-12
TXN0007318740,APP016,2025-10-02,failed,943370.2,JPY,AMER,CP0192,EQUITY,TDR0050,BOOK_D,2025-01-20
TXN0008862023,APP012,2025-04-18,failed,929562.61,AUD,AMER,CP0481,BOND,TDR0007,BOOK_C,2026-04-06
TXN0008613014,APP002,2026-01-21,failed,125483.96,EUR,LATAM,CP0043,BOND,TDR0126,BOOK_D,2025-08-11
TXN0002415535,APP015,2026-01-04,active,156874.29,GBP,EMEA,CP0358,FX,TDR0158,BOOK_D,2025-01-30
TXN0004081501,APP010,2026-03-26,reversed,636180.58,CHF,EMEA,CP0051,SWAP,TDR0163,BOOK_C,2025-03-19
TXN0008724850,APP001,2025-08-05,pending,293895.44,EUR,EMEA,CP0211,FUTURE,TDR0107,BOOK_D,2025-09-09
TXN0000609214,APP012,2025-05-22,active,902765.02,JPY,APAC,CP0378,FX,TDR0068,BOOK_D,2025-06-12
TXN0004610206,APP004,2025-04-17,reversed,934403.18,AUD,AMER,CP0111,FUTURE,TDR0173,BOOK_D,2025-07-06
TXN0003936884,APP016,2025-10-22,reversed,635479.44,EUR,EMEA,CP0425,EQUITY,TDR0111,BOOK_A,2025-08-20
TXN0004961465,APP004,2026-01-31,pending,679469.91,EUR,AMER,CP0278,BOND,TDR0158,BOOK_C,2025-08-20
TXN0007762172,APP015,2025-06-24,failed,741514.13,USD,APAC,CP0327,SWAP,TDR0181,BOOK_D,2025-07-30
TXN0005622311,APP001,2025-09-24,pending,679647.96,EUR,LATAM,CP0262,BOND,TDR0116,BOOK_C,2026-03-29
TXN0001973983,APP020,2026-04-11,failed,361506.63,USD,APAC,CP0382,BOND,TDR0170,BOOK_D,2025-02-14
TXN0004089376,APP014,2025-03-24,settled,288214.57,EUR,LATAM,CP0063,OPTION,TDR0157,BOOK_A,2025-03-08
TXN0006950190,APP004,2026-02-11,reversed,48967.81,EUR,AMER,CP0429,BOND,TDR0090,BOOK_C,2025-06-27
TXN0003732050,APP015,2026-01-13,settled,596276.31,USD,AMER,CP0045,EQUITY,TDR0167,BOOK_A,2026-03-02
TXN0009823726,APP019,2025-08-16,reversed,743265.36,AUD,APAC,CP0334,SWAP,TDR0124,BOOK_C,2025-02-21
TXN0000159502,APP004,2026-03-20,reversed,794336.86,JPY,APAC,CP0102,EQUITY,TDR0194,BOOK_B,2025-04-17
TXN0000540323,APP019,2025-07-12,failed,447856.81,AUD,APAC,CP0362,SWAP,TDR0022,BOOK_A,2025-01-07
TXN0003094915,APP006,2025-03-08,active,886750.16,EUR,AMER,CP0335,FX,TDR0198,BOOK_D,2026-02-26
TXN0006010785,APP009,2025-04-02,reversed,381072.24,USD,APAC,CP0370,FUTURE,TDR0099,BOOK_B,2025-06-06
TXN0004974677,APP008,2026-04-13,failed,544891.64,USD,EMEA,CP0045,FX,TDR0079,BOOK_B,2025-12-03
TXN0005758168,APP008,2026-03-10,active,734068.8,JPY,APAC,CP0497,BOND,TDR0192,BOOK_D,2025-08-02
TXN0003664519,APP017,2025-09-04,failed,949176.38,CHF,EMEA,CP0049,SWAP,TDR0083,BOOK_C,2025-12-24
TXN0002858534,APP002,2025-03-01,reversed,945018.36,USD,EMEA,CP0396,FUTURE,TDR0072,BOOK_A,2025-12-29
TXN0009874577,APP010,2025-10-12,active,583117.85,JPY,EMEA,CP0091,FUTURE,TDR0038,BOOK_B,2025-07-25
TXN0009615915,APP014,2025-07-07,reversed,565909.4,USD,EMEA,CP0420,SWAP,TDR0120,BOOK_B,2025-05-11
TXN0002457215,APP016,2025-05-21,pending,465603.22,EUR,EMEA,CP0038,FUTURE,TDR0030,BOOK_B,2026-02-05
TXN0003012333,APP010,2025-08-05,pending,716682.5,JPY,AMER,CP0260,OPTION,TDR0098,BOOK_B,2026-04-02
TXN0009154171,APP010,2025-07-28,active,662238.69,GBP,AMER,CP0260,EQUITY,TDR0069,BOOK_B,2025-05-13
TXN0003340534,APP011,2026-03-15,settled,296100.5,GBP,APAC,CP0134,SWAP,TDR0135,BOOK_B,2025-02-03
TXN0006409388,APP013,2026-04-05,reversed,142370.17,GBP,AMER,CP0416,FX,TDR0044,BOOK_D,2025-01-07
TXN0003815472,APP002,2026-02-10,failed,416121.48,USD,EMEA,CP0095,SWAP,TDR0054,BOOK_C,2025-06-19
TXN0005376851,APP011,2026-03-28,settled,122808.7,AUD,LATAM,CP0236,BOND,TDR0153,BOOK_C,2026-02-21
TXN0002855280,APP003,2025-03-19,pending,968030.64,AUD,APAC,CP0148,OPTION,TDR0073,BOOK_C,2025-06-02
TXN0009916645,APP003,2025-09-13,reversed,572381.46,AUD,LATAM,CP0474,SWAP,TDR0100,BOOK_D,2025-05-30
TXN0005691097,APP007,2025-04-22,active,256554.0,GBP,LATAM,CP0333,OPTION,TDR0062,BOOK_C,2025-08-05
TXN0005279025,APP013,2025-02-24,active,94725.39,AUD,AMER,CP0008,BOND,TDR0113,BOOK_A,2025-04-29
TXN0000882425,APP004,2025-04-17,settled,452058.56,GBP,EMEA,CP0304,FX,TDR0163,BOOK_B,2026-02-15
TXN0007253667,APP001,2025-02-23,settled,517024.74,EUR,LATAM,CP0404,FUTURE,TDR0077,BOOK_B,2025-12-06
TXN0002544748,APP010,2026-02-12,failed,899357.67,EUR,AMER,CP0279,OPTION,TDR0103,BOOK_A,2025-05-11
TXN0000964076,APP019,2025-11-25,active,75425.89,CHF,AMER,CP0022,EQUITY,TDR0126,BOOK_B,2025-02-21
TXN0002400311,APP003,2025-07-14,pending,714885.77,GBP,AMER,CP0371,BOND,TDR0069,BOOK_B,2025-12-04
TXN0006488436,APP016,2025-03-12,reversed,752205.39,JPY,LATAM,CP0088,FUTURE,TDR0180,BOOK_A,2025-08-26
TXN0000567857,APP014,2025-09-11,reversed,407529.73,CHF,APAC,CP0110,OPTION,TDR0021,BOOK_A,2025-08-14
TXN0004247212,APP015,2025-07-01,pending,344082.88,EUR,APAC,CP0076,BOND,TDR0172,BOOK_A,2026-03-08
TXN0009440068,APP018,2025-04-19,reversed,772359.84,CHF,EMEA,CP0490,FUTURE,TDR0058,BOOK_C,2025-03-14
TXN0004549425,APP005,2026-01-30,reversed,495858.24,JPY,LATAM,CP0157,EQUITY,TDR0137,BOOK_D,2025-10-24
TXN0000199901,APP008,2026-01-14,pending,206291.97,JPY,AMER,CP0205,EQUITY,TDR0039,BOOK_A,2025-02-06
TXN0003733021,APP016,2025-03-01,reversed,591949.35,CHF,EMEA,CP0285,SWAP,TDR0008,BOOK_C,2025-02-19
TXN0002957637,APP015,2025-06-02,pending,199415.74,CHF,APAC,CP0041,OPTION,TDR0068,BOOK_B,2025-04-01
TXN0005813709,APP018,2025-07-05,pending,635202.06,GBP,AMER,CP0412,EQUITY,TDR0016,BOOK_A,2026-02-01
TXN0007462178,APP007,2025-10-31,pending,533255.19,EUR,APAC,CP0140,EQUITY,TDR0118,BOOK_A,2025-09-01
TXN0003934576,APP014,2025-03-26,failed,862766.26,JPY,LATAM,CP0066,FX,TDR0090,BOOK_B,2025-02-10
TXN0002777143,APP009,2026-04-06,settled,197365.86,USD,EMEA,CP0072,FX,TDR0009,BOOK_B,2026-01-22
TXN0007888123,APP019,2026-04-08,failed,360704.95,USD,EMEA,CP0364,SWAP,TDR0141,BOOK_D,2025-10-12
TXN0005034724,APP012,2026-03-26,active,372720.09,CHF,AMER,CP0386,EQUITY,TDR0113,BOOK_D,2025-10-04
TXN0000260991,APP002,2025-03-21,active,795621.63,CHF,LATAM,CP0497,FUTURE,TDR0155,BOOK_C,2025-06-16
TXN0007859511,APP008,2025-02-08,failed,414547.31,AUD,AMER,CP0330,FUTURE,TDR0113,BOOK_A,2025-05-28
TXN0009843363,APP011,2026-01-12,reversed,794255.97,EUR,APAC,CP0175,SWAP,TDR0136,BOOK_C,2025-12-08
TXN0006750452,APP004,2025-12-09,reversed,480150.06,USD,APAC,CP0287,FX,TDR0092,BOOK_B,2025-12-17
TXN0009145130,APP010,2026-01-14,failed,451536.74,EUR,LATAM,CP0193,OPTION,TDR0040,BOOK_A,2026-04-12
TXN0009987842,APP012,2025-03-18,failed,296833.64,AUD,APAC,CP0066,EQUITY,TDR0011,BOOK_A,2025-10-23
TXN0003490905,APP004,2025-01-15,failed,724355.9,JPY,APAC,CP0184,EQUITY,TDR0034,BOOK_C,2026-01-30
TXN0005419824,APP008,2025-11-11,pending,400089.49,USD,AMER,CP0449,EQUITY,TDR0071,BOOK_D,2025-05-24
TXN0005770563,APP019,2025-07-08,reversed,73266.95,AUD,LATAM,CP0338,FUTURE,TDR0084,BOOK_A,2025-05-21
TXN0006630644,APP017,2025-03-03,reversed,704758.84,GBP,APAC,CP0295,OPTION,TDR0186,BOOK_A,2025-04-15
TXN0008157326,APP011,2025-03-17,pending,878930.94,JPY,AMER,CP0351,FX,TDR0059,BOOK_C,2026-01-23
TXN0001429563,APP004,2025-03-23,settled,511292.78,CHF,EMEA,CP0134,FUTURE,TDR0061,BOOK_C,2025-05-16
TXN0000582085,APP013,2026-01-07,pending,420283.62,JPY,AMER,CP0267,BOND,TDR0173,BOOK_C,2025-05-24
TXN0006160777,APP004,2025-06-07,settled,854436.51,USD,LATAM,CP0051,EQUITY,TDR0145,BOOK_A,2025-05-22
TXN0004283214,APP006,2025-04-07,failed,550201.2,GBP,APAC,CP0050,FX,TDR0177,BOOK_A,2025-01-27
TXN0000107552,APP004,2026-03-03,pending,32612.23,JPY,LATAM,CP0239,EQUITY,TDR0070,BOOK_A,2025-09-25
TXN0001648386,APP007,2025-07-08,active,654918.8,USD,LATAM,CP0035,FUTURE,TDR0076,BOOK_D,2025-03-12
TXN0006820732,APP003,2026-03-22,failed,235861.5,AUD,APAC,CP0307,FX,TDR0162,BOOK_A,2025-12-11
TXN0007119557,APP013,2025-11-14,failed,54247.56,GBP,EMEA,CP0332,EQUITY,TDR0150,BOOK_C,2025-07-26
TXN0001104927,APP003,2025-05-18,pending,601338.79,AUD,EMEA,CP0118,EQUITY,TDR0019,BOOK_D,2025-05-29
TXN0005665006,APP003,2025-06-12,pending,924219.52,JPY,AMER,CP0080,FUTURE,TDR0143,BOOK_A,2025-10-04
TXN0001970308,APP016,2025-08-11,reversed,845961.18,AUD,AMER,CP0303,OPTION,TDR0173,BOOK_B,2025-08-16
TXN0004685314,APP002,2025-04-06,reversed,97005.82,AUD,APAC,CP0229,OPTION,TDR0129,BOOK_B,2026-03-26
TXN0008632277,APP016,2025-12-18,failed,437386.08,USD,EMEA,CP0250,BOND,TDR0193,BOOK_D,2025-11-29
TXN0004623966,APP011,2025-01-07,pending,662550.91,AUD,AMER,CP0322,EQUITY,TDR0108,BOOK_A,2025-10-05
TXN0009010455,APP007,2026-03-26,active,792838.32,GBP,APAC,CP0216,BOND,TDR0033,BOOK_A,2025-11-30
TXN0009612631,APP010,2026-02-03,active,158609.23,AUD,EMEA,CP0145,BOND,TDR0181,BOOK_A,2025-11-25
TXN0002481738,APP013,2025-03-04,failed,842961.39,AUD,AMER,CP0063,OPTION,TDR0103,BOOK_D,2025-02-02
TXN0000904221,APP013,2025-08-10,active,83909.84,JPY,APAC,CP0045,SWAP,TDR0192,BOOK_A,2026-04-11
TXN0008516572,APP013,2025-03-18,settled,62680.55,EUR,APAC,CP0482,SWAP,TDR0033,BOOK_D,2026-04-03
TXN0000398312,APP004,2025-11-07,reversed,626592.72,EUR,EMEA,CP0362,FX,TDR0012,BOOK_B,2025-02-14
TXN0007232982,APP006,2025-03-01,active,799409.64,AUD,EMEA,CP0142,FX,TDR0064,BOOK_C,2026-01-12
TXN0001588060,APP003,2026-03-28,settled,943198.73,CHF,APAC,CP0100,BOND,TDR0024,BOOK_A,2025-06-04
TXN0005282665,APP015,2026-04-11,failed,912740.56,JPY,LATAM,CP0403,FUTURE,TDR0058,BOOK_B,2025-11-30
TXN0004449883,APP020,2025-02-19,reversed,131243.58,CHF,LATAM,CP0183,FX,TDR0031,BOOK_B,2025-06-21
TXN0009622490,APP015,2025-03-28,pending,3065.98,USD,LATAM,CP0496,FUTURE,TDR0035,BOOK_A,2025-07-08
TXN0003816996,APP014,2026-03-29,failed,715360.96,EUR,EMEA,CP0063,BOND,TDR0136,BOOK_B,2025-09-13
TXN0009309043,APP010,2025-07-12,active,423471.44,EUR,EMEA,CP0071,SWAP,TDR0140,BOOK_C,2026-01-03
TXN0007989424,APP001,2025-11-02,settled,517112.67,CHF,LATAM,CP0181,BOND,TDR0036,BOOK_C,2026-03-09
TXN0000665225,APP017,2025-11-08,failed,81416.58,JPY,APAC,CP0122,SWAP,TDR0117,BOOK_A,2026-03-19
TXN0002916681,APP017,2025-04-22,pending,961351.32,JPY,LATAM,CP0109,BOND,TDR0011,BOOK_D,2025-04-21
TXN0000443381,APP004,2026-02-15,active,2638.76,USD,AMER,CP0335,OPTION,TDR0172,BOOK_B,2025-05-02
TXN0009423870,APP007,2025-03-08,active,204650.81,USD,EMEA,CP0094,BOND,TDR0142,BOOK_B,2025-07-20
TXN0005422065,APP004,2025-05-01,settled,965213.01,CHF,LATAM,CP0212,OPTION,TDR0064,BOOK_B,2025-06-30
TXN0002898780,APP015,2025-04-21,settled,263805.05,AUD,LATAM,CP0030,BOND,TDR0037,BOOK_A,2025-11-06
TXN0002846878,APP004,2025-06-29,active,995731.77,CHF,LATAM,CP0456,OPTION,TDR0074,BOOK_D,2025-02-27
TXN0006334662,APP011,2026-04-13,active,177876.16,AUD,APAC,CP0417,OPTION,TDR0141,BOOK_A,2026-03-30
TXN0005483722,APP007,2025-01-31,settled,17484.65,JPY,EMEA,CP0180,BOND,TDR0137,BOOK_C,2026-01-01
TXN0002638815,APP010,2025-12-10,pending,525356.08,GBP,EMEA,CP0475,FUTURE,TDR0141,BOOK_D,2025-07-30
TXN0004722166,APP013,2026-03-18,active,494289.06,GBP,AMER,CP0203,FX,TDR0046,BOOK_B,2025-02-23
TXN0001677828,APP001,2025-01-30,active,393781.3,CHF,EMEA,CP0271,OPTION,TDR0121,BOOK_B,2026-03-23
TXN0000643526,APP014,2025-07-27,reversed,828816.0,USD,AMER,CP0439,EQUITY,TDR0031,BOOK_C,2025-02-18
TXN0005275698,APP019,2025-05-28,active,147222.95,EUR,APAC,CP0048,FX,TDR0163,BOOK_B,2025-06-24
TXN0001161557,APP014,2026-04-11,active,781473.68,JPY,EMEA,CP0108,OPTION,TDR0054,BOOK_A,2026-03-02
TXN0007197607,APP015,2026-03-14,settled,657247.03,JPY,APAC,CP0478,FUTURE,TDR0117,BOOK_D,2025-03-19
TXN0004782532,APP004,2025-11-30,failed,111619.53,AUD,EMEA,CP0372,FUTURE,TDR0077,BOOK_D,2026-03-16
TXN0007630682,APP001,2025-01-23,pending,213112.74,AUD,APAC,CP0311,FX,TDR0128,BOOK_D,2026-03-28
TXN0001192163,APP019,2025-09-12,settled,536420.5,EUR,AMER,CP0098,BOND,TDR0050,BOOK_D,2025-07-27
TXN0007967269,APP019,2025-01-28,reversed,686722.26,EUR,EMEA,CP0336,SWAP,TDR0133,BOOK_D,2025-12-04
TXN0003068483,APP018,2025-04-02,settled,630991.74,GBP,AMER,CP0239,BOND,TDR0064,BOOK_A,2025-07-07
TXN0004742715,APP007,2025-09-25,failed,288425.52,GBP,APAC,CP0202,FX,TDR0026,BOOK_A,2026-02-08
TXN0008319776,APP014,2025-04-30,pending,92671.92,EUR,EMEA,CP0329,EQUITY,TDR0071,BOOK_C,2025-09-16
TXN0005117730,APP008,2025-12-12,reversed,391598.38,AUD,APAC,CP0300,FX,TDR0086,BOOK_B,2025-09-29
TXN0005830057,APP019,2026-03-25,pending,943128.0,CHF,APAC,CP0070,OPTION,TDR0069,BOOK_A,2026-03-09
TXN0005332598,APP002,2025-10-17,settled,72862.06,EUR,LATAM,CP0083,SWAP,TDR0052,BOOK_A,2025-05-18
TXN0007611151,APP003,2026-03-22,reversed,785662.5,USD,APAC,CP0053,FX,TDR0160,BOOK_C,2026-02-09
TXN0004056068,APP004,2025-07-01,active,791773.02,JPY,LATAM,CP0232,BOND,TDR0117,BOOK_D,2025-07-02
TXN0007082915,APP011,2025-08-01,failed,573027.89,USD,EMEA,CP0434,FUTURE,TDR0130,BOOK_C,2025-12-06
TXN0008836122,APP011,2025-02-06,reversed,370282.94,JPY,AMER,CP0256,OPTION,TDR0002,BOOK_D,2026-03-12
TXN0003192193,APP012,2025-06-20,pending,750343.93,EUR,LATAM,CP0439,OPTION,TDR0143,BOOK_B,2025-06-23
TXN0009370376,APP011,2025-11-10,pending,381320.9,JPY,AMER,CP0364,OPTION,TDR0037,BOOK_A,2026-02-18
TXN0009313359,APP013,2025-12-06,settled,17054.24,USD,APAC,CP0111,FX,TDR0158,BOOK_A,2025-06-16
TXN0006000976,APP004,2025-05-19,reversed,729855.42,AUD,LATAM,CP0208,FX,TDR0180,BOOK_D,2025-04-10
TXN0005600302,APP014,2026-02-01,settled,676438.36,USD,AMER,CP0406,OPTION,TDR0096,BOOK_A,2025-05-09
TXN0003187097,APP009,2025-09-30,active,667379.7,EUR,AMER,CP0348,SWAP,TDR0134,BOOK_A,2025-10-07
TXN0009190267,APP017,2025-02-16,settled,161530.8,USD,LATAM,CP0094,EQUITY,TDR0081,BOOK_B,2026-02-16
TXN0000412221,APP003,2025-11-17,reversed,804464.47,EUR,LATAM,CP0016,BOND,TDR0002,BOOK_A,2025-08-24
TXN0003419941,APP018,2025-06-16,failed,464651.47,EUR,AMER,CP0211,EQUITY,TDR0047,BOOK_A,2025-12-05
TXN0004104454,APP018,2025-10-08,settled,760086.38,EUR,LATAM,CP0289,OPTION,TDR0009,BOOK_B,2025-11-15
TXN0009898204,APP015,2025-05-15,reversed,105069.96,JPY,AMER,CP0077,FX,TDR0156,BOOK_C,2025-09-15
TXN0003272199,APP005,2025-12-14,pending,170579.76,GBP,EMEA,CP0113,SWAP,TDR0071,BOOK_A,2026-03-11
TXN0004822199,APP019,2025-04-29,reversed,280327.96,AUD,APAC,CP0365,BOND,TDR0122,BOOK_D,2026-04-05
TXN0008586210,APP005,2025-02-03,pending,462752.26,USD,EMEA,CP0033,EQUITY,TDR0148,BOOK_B,2026-01-23
TXN0000140900,APP015,2025-08-27,pending,615097.89,JPY,APAC,CP0435,FX,TDR0064,BOOK_A,2025-09-18
TXN0007988840,APP001,2026-02-05,active,15920.82,JPY,APAC,CP0168,EQUITY,TDR0177,BOOK_B,2025-03-06
TXN0009014171,APP013,2025-03-03,active,234691.55,USD,EMEA,CP0243,EQUITY,TDR0021,BOOK_A,2026-02-03
TXN0005640554,APP018,2025-10-22,pending,833684.43,JPY,EMEA,CP0373,SWAP,TDR0184,BOOK_B,2025-07-11
TXN0007484557,APP011,2026-04-14,reversed,129412.71,GBP,EMEA,CP0168,BOND,TDR0037,BOOK_C,2025-02-18
TXN0001059520,APP014,2025-07-23,settled,209241.71,EUR,EMEA,CP0189,FX,TDR0022,BOOK_D,2025-03-26
TXN0007747340,APP018,2025-02-23,reversed,999540.71,GBP,EMEA,CP0153,FUTURE,TDR0038,BOOK_C,2026-02-06
TXN0002848487,APP010,2026-03-04,pending,543070.12,USD,APAC,CP0481,OPTION,TDR0162,BOOK_B,2025-08-19
TXN0003230900,APP009,2026-02-15,settled,556733.23,GBP,LATAM,CP0373,FX,TDR0006,BOOK_D,2025-06-02
TXN0001795738,APP019,2025-05-28,reversed,187265.81,GBP,LATAM,CP0054,FX,TDR0062,BOOK_B,2025-02-15
TXN0000291280,APP008,2025-11-10,pending,128087.21,GBP,AMER,CP0346,BOND,TDR0151,BOOK_A,2025-03-03
TXN0002044334,APP011,2025-11-28,pending,991710.74,AUD,APAC,CP0189,SWAP,TDR0102,BOOK_D,2025-08-24
TXN0008845793,APP008,2025-07-31,pending,360944.33,JPY,APAC,CP0103,BOND,TDR0167,BOOK_D,2025-01-06
TXN0006300130,APP010,2025-08-12,active,392934.33,CHF,AMER,CP0140,OPTION,TDR0168,BOOK_B,2025-02-04
TXN0005978624,APP003,2025-09-22,reversed,728827.56,USD,AMER,CP0350,OPTION,TDR0198,BOOK_C,2025-02-23
TXN0008040888,APP014,2026-04-14,active,347714.31,JPY,APAC,CP0116,FUTURE,TDR0142,BOOK_A,2025-04-05
TXN0000742906,APP002,2025-01-07,active,268147.75,EUR,EMEA,CP0337,BOND,TDR0197,BOOK_A,2025-01-08
TXN0001106163,APP010,2026-01-25,pending,378690.55,USD,EMEA,CP0321,EQUITY,TDR0137,BOOK_C,2025-10-27
TXN0004054548,APP005,2026-02-03,settled,736713.5,EUR,APAC,CP0187,OPTION,TDR0136,BOOK_C,2026-03-27
TXN0001859454,APP009,2025-09-09,reversed,788343.78,USD,EMEA,CP0004,FX,TDR0143,BOOK_D,2026-03-10
TXN0008872417,APP004,2025-03-03,reversed,445698.72,AUD,LATAM,CP0278,BOND,TDR0010,BOOK_D,2025-10-30
TXN0008019838,APP006,2025-02-05,pending,714087.12,CHF,LATAM,CP0245,BOND,TDR0182,BOOK_C,2025-07-14
TXN0008634655,APP012,2026-01-02,failed,686161.29,GBP,LATAM,CP0432,FX,TDR0154,BOOK_C,2025-06-29
TXN0005007915,APP013,2026-01-27,failed,316829.0,AUD,LATAM,CP0486,OPTION,TDR0182,BOOK_D,2025-10-16
TXN0009132992,APP013,2026-03-30,reversed,743818.06,USD,APAC,CP0197,EQUITY,TDR0077,BOOK_C,2025-11-27
TXN0004931215,APP005,2025-10-14,pending,6622.03,AUD,AMER,CP0119,FUTURE,TDR0007,BOOK_C,2025-09-04
TXN0000866190,APP012,2025-12-26,reversed,564113.54,CHF,AMER,CP0300,OPTION,TDR0129,BOOK_D,2025-11-17
TXN0007210821,APP011,2025-12-28,settled,14353.87,GBP,LATAM,CP0316,OPTION,TDR0028,BOOK_D,2025-05-02
TXN0003617325,APP011,2025-02-20,pending,470835.23,CHF,LATAM,CP0416,FUTURE,TDR0140,BOOK_A,2025-09-18
TXN0009439820,APP006,2025-07-19,settled,809352.58,EUR,EMEA,CP0100,FUTURE,TDR0143,BOOK_B,2025-11-26
TXN0003054968,APP011,2025-04-14,pending,664941.5,JPY,APAC,CP0030,EQUITY,TDR0078,BOOK_A,2025-02-20
TXN0003014335,APP010,2025-08-18,failed,193093.79,CHF,APAC,CP0452,SWAP,TDR0117,BOOK_B,2026-03-23
TXN0001601859,APP018,2025-04-02,reversed,13978.23,AUD,APAC,CP0155,FUTURE,TDR0002,BOOK_D,2026-01-20
TXN0005926442,APP010,2026-04-11,reversed,994916.32,GBP,AMER,CP0295,BOND,TDR0086,BOOK_C,2025-07-10
TXN0005985143,APP016,2025-02-10,pending,348207.54,USD,AMER,CP0151,FUTURE,TDR0076,BOOK_B,2025-06-09
TXN0002781693,APP009,2025-03-05,failed,598162.83,USD,LATAM,CP0372,EQUITY,TDR0084,BOOK_B,2025-04-12
TXN0003907535,APP013,2025-03-30,active,726699.91,JPY,LATAM,CP0372,FX,TDR0173,BOOK_B,2026-04-09
TXN0000047773,APP016,2025-08-03,failed,953072.07,USD,AMER,CP0127,FUTURE,TDR0178,BOOK_C,2025-10-07
TXN0006495702,APP007,2025-09-04,reversed,570091.21,CHF,LATAM,CP0130,EQUITY,TDR0032,BOOK_C,2025-01-24
TXN0009643868,APP008,2026-01-06,pending,271114.2,USD,APAC,CP0262,FUTURE,TDR0136,BOOK_C,2025-05-23
TXN0006184092,APP002,2025-06-04,pending,247726.16,EUR,LATAM,CP0029,BOND,TDR0137,BOOK_D,2025-03-09
TXN0003256257,APP020,2025-08-19,settled,2955.8,EUR,EMEA,CP0494,EQUITY,TDR0118,BOOK_A,2025-05-20
TXN0002525423,APP003,2025-01-24,active,53285.92,CHF,APAC,CP0275,FX,TDR0065,BOOK_D,2025-02-20
TXN0004915068,APP018,2025-09-10,pending,152673.04,AUD,EMEA,CP0328,BOND,TDR0130,BOOK_C,2025-01-07
TXN0008484042,APP011,2025-11-25,reversed,865319.77,JPY,APAC,CP0038,OPTION,TDR0137,BOOK_C,2025-11-18
TXN0009166759,APP011,2026-02-27,settled,738057.74,CHF,EMEA,CP0248,FUTURE,TDR0143,BOOK_A,2025-07-24
TXN0003396954,APP019,2025-07-01,pending,584499.56,JPY,AMER,CP0226,BOND,TDR0044,BOOK_A,2025-04-13
TXN0003929728,APP003,2026-03-05,failed,27495.79,GBP,AMER,CP0373,BOND,TDR0040,BOOK_D,2025-06-04
TXN0001345052,APP018,2025-01-27,pending,81311.8,JPY,EMEA,CP0136,EQUITY,TDR0153,BOOK_A,2025-04-03
TXN0001850876,APP009,2025-05-27,settled,632269.64,CHF,APAC,CP0036,SWAP,TDR0191,BOOK_D,2025-10-25
TXN0008000482,APP009,2025-02-06,failed,58261.57,AUD,APAC,CP0365,FX,TDR0191,BOOK_C,2025-11-25
TXN0003746323,APP016,2025-07-07,reversed,584599.47,CHF,EMEA,CP0421,BOND,TDR0100,BOOK_D,2025-03-16
TXN0002645529,APP010,2025-11-25,pending,434175.61,USD,EMEA,CP0427,FX,TDR0092,BOOK_A,2025-10-02
TXN0004885321,APP016,2025-09-29,failed,648949.28,AUD,LATAM,CP0292,BOND,TDR0099,BOOK_C,2025-06-08
TXN0003455442,APP018,2025-10-14,active,549926.54,EUR,LATAM,CP0385,BOND,TDR0184,BOOK_D,2025-05-15
TXN0006789384,APP016,2025-06-27,active,557502.5,GBP,EMEA,CP0037,OPTION,TDR0170,BOOK_A,2025-09-27
TXN0003197348,APP020,2025-01-13,pending,172881.46,CHF,EMEA,CP0031,FUTURE,TDR0062,BOOK_C,2025-09-08
TXN0004061329,APP012,2025-08-07,reversed,224734.44,EUR,EMEA,CP0054,FUTURE,TDR0116,BOOK_C,2025-05-04
TXN0004795330,APP016,2025-08-04,settled,102917.81,CHF,APAC,CP0239,FUTURE,TDR0096,BOOK_D,2025-04-03
TXN0006920273,APP018,2025-03-10,active,136688.8,USD,LATAM,CP0411,FX,TDR0005,BOOK_A,2026-01-24
TXN0001783283,APP017,2025-12-19,active,913325.86,AUD,LATAM,CP0411,FUTURE,TDR0151,BOOK_D,2026-02-23
TXN0003895336,APP007,2025-08-27,active,979895.46,USD,LATAM,CP0136,BOND,TDR0030,BOOK_D,2025-05-21
TXN0002891234,APP013,2026-02-21,active,734226.41,JPY,EMEA,CP0227,SWAP,TDR0109,BOOK_B,2025-07-17
TXN0003883706,APP012,2026-01-05,pending,973490.4,AUD,LATAM,CP0389,FX,TDR0157,BOOK_A,2025-11-28
TXN0009156631,APP010,2026-01-27,settled,116186.93,EUR,EMEA,CP0454,SWAP,TDR0194,BOOK_C,2025-09-28
TXN0001973158,APP015,2025-10-06,settled,676078.67,GBP,AMER,CP0117,BOND,TDR0148,BOOK_B,2025-06-15
TXN0003825642,APP005,2026-03-02,failed,42067.62,USD,EMEA,CP0205,EQUITY,TDR0062,BOOK_C,2026-02-10
TXN0005846245,APP002,2025-08-27,active,487726.56,USD,AMER,CP0306,FX,TDR0170,BOOK_C,2026-03-24
TXN0007539468,APP009,2025-05-26,failed,123091.68,GBP,APAC,CP0162,SWAP,TDR0184,BOOK_A,2025-02-10
TXN0004193130,APP008,2025-09-28,pending,985988.75,USD,APAC,CP0207,FX,TDR0172,BOOK_C,2025-12-14
TXN0003535163,APP013,2025-10-25,active,117173.36,CHF,EMEA,CP0254,SWAP,TDR0114,BOOK_A,2025-06-03
TXN0005600748,APP004,2025-09-22,pending,455999.28,USD,LATAM,CP0146,BOND,TDR0168,BOOK_A,2025-03-19
TXN0004764456,APP016,2025-08-07,pending,116094.76,EUR,APAC,CP0174,BOND,TDR0107,BOOK_D,2025-08-10
TXN0001577628,APP020,2026-03-09,pending,821971.41,CHF,EMEA,CP0474,FUTURE,TDR0030,BOOK_A,2025-07-12
TXN0006906500,APP015,2026-03-04,settled,965584.0,AUD,EMEA,CP0350,OPTION,TDR0135,BOOK_D,2025-08-16
TXN0005738172,APP015,2026-02-10,failed,622978.28,JPY,LATAM,CP0363,BOND,TDR0162,BOOK_A,2025-11-25
TXN0000088260,APP017,2025-08-03,settled,882703.77,GBP,EMEA,CP0392,FUTURE,TDR0123,BOOK_D,2025-03-09
TXN0008025385,APP011,2025-11-30,failed,135007.7,JPY,APAC,CP0457,FX,TDR0028,BOOK_B,2025-10-06
TXN0008266489,APP004,2025-11-03,settled,211128.62,JPY,APAC,CP0428,EQUITY,TDR0164,BOOK_C,2025-03-26
TXN0006623609,APP008,2026-02-01,reversed,715607.61,EUR,AMER,CP0297,OPTION,TDR0098,BOOK_A,2026-03-20
TXN0003070466,APP020,2025-04-07,failed,98928.12,EUR,LATAM,CP0231,FUTURE,TDR0195,BOOK_B,2026-01-14
TXN0007053292,APP018,2026-02-14,pending,177308.44,JPY,EMEA,CP0079,BOND,TDR0118,BOOK_D,2025-02-02
TXN0000301990,APP013,2025-06-26,failed,555140.62,JPY,APAC,CP0215,SWAP,TDR0077,BOOK_B,2025-12-10
TXN0000601455,APP011,2026-03-06,failed,437181.81,JPY,AMER,CP0468,OPTION,TDR0172,BOOK_C,2025-01-21
TXN0004738729,APP004,2025-10-11,settled,189730.0,AUD,EMEA,CP0278,FUTURE,TDR0014,BOOK_C,2025-07-03
TXN0006122293,APP017,2026-04-12,reversed,869939.02,EUR,LATAM,CP0240,OPTION,TDR0179,BOOK_C,2026-03-14
TXN0007681188,APP016,2026-02-09,pending,149654.07,GBP,LATAM,CP0456,SWAP,TDR0130,BOOK_D,2026-01-19
TXN0003443473,APP020,2025-01-02,settled,328047.19,GBP,APAC,CP0262,FX,TDR0195,BOOK_A,2025-03-27
TXN0000969700,APP015,2026-03-03,failed,779873.57,GBP,AMER,CP0201,SWAP,TDR0049,BOOK_D,2025-08-11
TXN0002390213,APP013,2025-03-29,reversed,953601.81,EUR,APAC,CP0056,EQUITY,TDR0108,BOOK_C,2026-01-17
TXN0002743993,APP016,2025-03-13,reversed,144400.47,EUR,EMEA,CP0424,OPTION,TDR0155,BOOK_B,2025-06-04
TXN0001504837,APP008,2025-05-09,active,347559.99,AUD,AMER,CP0279,BOND,TDR0123,BOOK_C,2026-01-16
TXN0006667331,APP019,2025-07-15,reversed,861823.7,EUR,EMEA,CP0105,OPTION,TDR0093,BOOK_C,2025-02-02
TXN0003482903,APP006,2025-12-27,active,387359.76,USD,EMEA,CP0295,EQUITY,TDR0008,BOOK_A,2025-10-03
TXN0000341254,APP014,2026-02-28,active,854846.13,USD,LATAM,CP0137,SWAP,TDR0113,BOOK_B,2025-12-20
TXN0005615222,APP008,2026-01-26,failed,86276.94,USD,EMEA,CP0059,SWAP,TDR0176,BOOK_D,2026-02-02
TXN0003178553,APP009,2025-07-01,settled,66854.79,GBP,APAC,CP0387,BOND,TDR0116,BOOK_D,2025-05-14
TXN0006676250,APP011,2025-12-30,active,912698.39,JPY,LATAM,CP0308,EQUITY,TDR0053,BOOK_C,2025-11-18
TXN0000594094,APP013,2025-06-01,failed,208799.98,JPY,EMEA,CP0229,SWAP,TDR0174,BOOK_D,2025-08-24
TXN0008618716,APP005,2025-09-08,reversed,400355.58,AUD,LATAM,CP0272,BOND,TDR0173,BOOK_B,2025-09-01
TXN0004062282,APP002,2026-04-04,reversed,207386.87,EUR,EMEA,CP0477,SWAP,TDR0155,BOOK_C,2025-11-10
TXN0009642060,APP017,2025-03-19,pending,309317.67,GBP,LATAM,CP0186,BOND,TDR0088,BOOK_C,2025-02-09
TXN0000861426,APP004,2025-05-02,failed,436777.24,USD,LATAM,CP0341,OPTION,TDR0065,BOOK_B,2025-06-12
TXN0001676879,APP008,2025-10-28,reversed,518160.51,CHF,EMEA,CP0256,FUTURE,TDR0061,BOOK_C,2025-04-06
TXN0004853978,APP012,2025-08-28,reversed,712572.57,EUR,EMEA,CP0078,BOND,TDR0178,BOOK_B,2025-02-17
TXN0002975899,APP012,2026-04-04,active,18000.65,CHF,LATAM,CP0234,FX,TDR0067,BOOK_B,2025-04-18
TXN0001640330,APP006,2025-07-16,failed,700997.1,GBP,EMEA,CP0199,SWAP,TDR0110,BOOK_D,2025-02-20
TXN0002008306,APP006,2025-07-10,failed,835680.55,EUR,LATAM,CP0314,SWAP,TDR0165,BOOK_D,2025-09-27
TXN0005786698,APP018,2025-07-26,reversed,66900.39,JPY,AMER,CP0268,FX,TDR0053,BOOK_A,2025-12-09
TXN0000575946,APP001,2025-01-02,reversed,471185.65,GBP,EMEA,CP0178,FX,TDR0099,BOOK_C,2026-01-24
TXN0006837961,APP006,2025-09-04,active,351405.8,EUR,AMER,CP0132,SWAP,TDR0035,BOOK_D,2026-01-08
TXN0008831398,APP020,2025-01-05,active,865736.37,GBP,APAC,CP0038,OPTION,TDR0069,BOOK_C,2025-04-29
TXN0005761824,APP014,2025-11-05,pending,170045.25,CHF,AMER,CP0254,OPTION,TDR0129,BOOK_B,2026-04-07
TXN0004152149,APP011,2026-01-09,failed,36801.74,USD,APAC,CP0136,SWAP,TDR0115,BOOK_A,2025-01-03
TXN0009262577,APP012,2025-07-31,reversed,647642.29,GBP,EMEA,CP0372,FUTURE,TDR0162,BOOK_C,2026-04-01
TXN0002250519,APP004,2025-04-29,active,427775.26,GBP,AMER,CP0175,SWAP,TDR0081,BOOK_D,2025-09-04
TXN0005789118,APP019,2025-04-21,failed,585545.44,CHF,AMER,CP0023,EQUITY,TDR0104,BOOK_B,2025-03-21
TXN0009134225,APP012,2025-02-12,active,548748.02,JPY,APAC,CP0103,FX,TDR0088,BOOK_B,2025-05-14
TXN0007947017,APP018,2025-04-15,active,836207.0,USD,APAC,CP0295,SWAP,TDR0064,BOOK_C,2025-05-02
TXN0000650715,APP011,2025-09-09,active,369437.61,AUD,AMER,CP0331,OPTION,TDR0096,BOOK_B,2025-02-18
TXN0007593341,APP012,2025-05-03,reversed,34604.04,AUD,AMER,CP0227,FX,TDR0118,BOOK_D,2025-02-13
TXN0000193625,APP010,2026-02-14,active,287721.69,GBP,LATAM,CP0042,EQUITY,TDR0146,BOOK_D,2025-06-18
TXN0009309397,APP004,2025-10-12,pending,740128.26,CHF,LATAM,CP0458,EQUITY,TDR0068,BOOK_C,2025-09-19
TXN0004097658,APP007,2025-05-20,reversed,758721.75,AUD,AMER,CP0347,OPTION,TDR0168,BOOK_D,2025-12-07
TXN0008190512,APP014,2025-04-24,settled,251113.54,EUR,APAC,CP0248,FX,TDR0090,BOOK_D,2026-04-08
TXN0008314518,APP002,2025-01-21,reversed,286363.92,JPY,AMER,CP0363,BOND,TDR0140,BOOK_A,2025-08-20
TXN0001344517,APP008,2025-01-03,failed,253972.54,AUD,LATAM,CP0485,SWAP,TDR0113,BOOK_C,2025-06-01
TXN0007169513,APP006,2025-12-05,reversed,724725.62,GBP,EMEA,CP0165,BOND,TDR0162,BOOK_B,2025-09-10
TXN0005653419,APP001,2025-09-29,active,961459.45,GBP,APAC,CP0190,FX,TDR0188,BOOK_C,2025-06-14
TXN0008777968,APP009,2025-12-09,active,969696.0,EUR,LATAM,CP0003,FUTURE,TDR0053,BOOK_A,2025-09-19
TXN0003127977,APP016,2026-01-03,reversed,802567.52,CHF,AMER,CP0353,OPTION,TDR0182,BOOK_D,2025-12-26
TXN0000679634,APP020,2026-03-08,reversed,570844.48,CHF,AMER,CP0346,OPTION,TDR0045,BOOK_D,2025-12-26
TXN0001295873,APP004,2025-07-02,pending,658232.08,JPY,LATAM,CP0323,FX,TDR0108,BOOK_C,2025-01-26
TXN0006146714,APP005,2025-09-26,active,1107.55,JPY,AMER,CP0421,OPTION,TDR0173,BOOK_A,2025-05-12
TXN0000241662,APP010,2025-04-22,failed,692397.26,USD,APAC,CP0434,BOND,TDR0153,BOOK_B,2025-09-10
TXN0007145504,APP014,2025-12-23,reversed,519898.25,GBP,AMER,CP0059,SWAP,TDR0183,BOOK_A,2025-12-08
TXN0006581614,APP007,2026-01-16,active,192644.65,EUR,LATAM,CP0344,EQUITY,TDR0171,BOOK_C,2025-11-02
TXN0008894493,APP012,2025-06-24,failed,386390.58,AUD,APAC,CP0263,FUTURE,TDR0034,BOOK_D,2025-06-16
TXN0008136082,APP017,2025-09-01,reversed,662287.36,AUD,EMEA,CP0295,FUTURE,TDR0122,BOOK_B,2025-10-31
TXN0003760509,APP010,2025-09-14,active,200002.71,CHF,EMEA,CP0474,BOND,TDR0126,BOOK_A,2025-02-18
TXN0000227456,APP016,2025-08-15,failed,478763.35,USD,LATAM,CP0231,FUTURE,TDR0002,BOOK_C,2025-09-08
TXN0001729220,APP004,2025-06-19,settled,685779.53,CHF,APAC,CP0465,SWAP,TDR0125,BOOK_C,2025-01-16
TXN0008189316,APP001,2025-11-30,active,692779.65,GBP,LATAM,CP0489,FX,TDR0097,BOOK_D,2025-04-23
TXN0007602574,APP015,2025-08-17,failed,634469.75,CHF,EMEA,CP0001,FX,TDR0173,BOOK_D,2025-03-30
TXN0001578555,APP016,2025-12-06,active,499118.56,AUD,AMER,CP0296,OPTION,TDR0172,BOOK_C,2025-12-04
TXN0001022706,APP004,2025-01-23,pending,791392.14,CHF,AMER,CP0181,SWAP,TDR0192,BOOK_D,2026-03-20
TXN0002019368,APP020,2025-01-25,active,736618.05,GBP,APAC,CP0285,OPTION,TDR0104,BOOK_D,2025-08-09
TXN0002665346,APP008,2025-08-10,settled,535568.97,AUD,APAC,CP0042,FX,TDR0026,BOOK_B,2026-01-24
TXN0000771851,APP017,2025-09-12,reversed,271650.35,EUR,AMER,CP0158,OPTION,TDR0036,BOOK_D,2025-02-14
TXN0000695515,APP016,2025-05-13,active,670796.49,EUR,EMEA,CP0127,EQUITY,TDR0121,BOOK_B,2025-04-06
TXN0005655835,APP003,2026-02-24,active,312905.13,AUD,LATAM,CP0029,SWAP,TDR0005,BOOK_A,2025-12-08
TXN0004224735,APP010,2025-05-07,reversed,728293.56,USD,LATAM,CP0223,OPTION,TDR0141,BOOK_A,2025-11-10
TXN0002033275,APP015,2025-07-06,reversed,399970.8,GBP,APAC,CP0386,BOND,TDR0134,BOOK_A,2025-09-12
TXN0002544476,APP017,2025-03-27,settled,813935.24,CHF,AMER,CP0222,OPTION,TDR0193,BOOK_C,2025-12-30
TXN0008632507,APP020,2026-01-11,active,165562.5,JPY,AMER,CP0441,BOND,TDR0012,BOOK_C,2026-02-27
TXN0003746078,APP001,2025-10-10,failed,514696.71,GBP,AMER,CP0496,EQUITY,TDR0024,BOOK_B,2025-09-01
TXN0005231111,APP010,2026-03-17,settled,311465.11,JPY,AMER,CP0240,BOND,TDR0086,BOOK_C,2025-01-03
TXN0005733299,APP005,2025-08-23,failed,251205.52,USD,LATAM,CP0115,EQUITY,TDR0150,BOOK_B,2025-07-27
TXN0001855993,APP017,2025-09-06,active,429066.7,EUR,LATAM,CP0237,SWAP,TDR0063,BOOK_C,2025-02-11
TXN0008941248,APP015,2025-11-28,settled,628171.79,AUD,APAC,CP0150,EQUITY,TDR0081,BOOK_A,2026-04-13
TXN0009761490,APP003,2025-02-19,failed,271919.44,EUR,LATAM,CP0194,FUTURE,TDR0001,BOOK_D,2025-01-18
TXN0002365815,APP007,2026-04-06,failed,632568.22,USD,APAC,CP0130,EQUITY,TDR0177,BOOK_A,2025-01-10
TXN0005250899,APP015,2025-10-12,pending,354826.21,USD,EMEA,CP0119,EQUITY,TDR0179,BOOK_B,2025-06-18
TXN0004894616,APP006,2025-11-29,failed,256510.68,AUD,AMER,CP0367,EQUITY,TDR0103,BOOK_C,2025-07-07
TXN0009434783,APP013,2025-10-17,active,343889.09,AUD,LATAM,CP0283,BOND,TDR0075,BOOK_C,2025-02-27
TXN0008553614,APP015,2025-11-27,failed,208087.49,USD,LATAM,CP0009,FUTURE,TDR0079,BOOK_C,2026-02-12
TXN0009484339,APP019,2025-09-20,failed,782915.89,GBP,LATAM,CP0323,OPTION,TDR0016,BOOK_C,2025-05-02
TXN0007576467,APP001,2025-01-10,settled,661639.89,EUR,LATAM,CP0251,EQUITY,TDR0071,BOOK_D,2026-01-25
TXN0006662368,APP005,2026-02-13,settled,815531.12,GBP,EMEA,CP0260,OPTION,TDR0066,BOOK_D,2025-05-17
TXN0004841237,APP007,2025-03-19,failed,64460.83,EUR,APAC,CP0227,OPTION,TDR0115,BOOK_C,2025-01-07
TXN0001194701,APP016,2025-05-16,settled,327381.78,AUD,APAC,CP0096,BOND,TDR0007,BOOK_D,2025-05-05
TXN0001814121,APP007,2026-04-02,pending,669417.9,USD,LATAM,CP0140,EQUITY,TDR0079,BOOK_B,2025-08-04
TXN0001147769,APP019,2025-02-06,active,6808.76,EUR,AMER,CP0189,FX,TDR0132,BOOK_B,2025-04-16
TXN0002386439,APP003,2025-06-14,pending,260424.86,CHF,EMEA,CP0209,BOND,TDR0048,BOOK_C,2025-09-15
TXN0007222706,APP003,2025-02-28,settled,793531.5,AUD,APAC,CP0204,EQUITY,TDR0018,BOOK_C,2025-07-06
TXN0007074471,APP003,2026-02-25,failed,215169.92,GBP,APAC,CP0468,FX,TDR0036,BOOK_B,2025-08-21
TXN0004847254,APP006,2025-02-23,reversed,146343.09,AUD,AMER,CP0275,OPTION,TDR0184,BOOK_B,2025-04-07
TXN0002990415,APP001,2025-05-28,failed,323083.64,USD,APAC,CP0177,FX,TDR0172,BOOK_A,2025-10-24
TXN0007976706,APP019,2025-12-16,pending,448997.76,AUD,LATAM,CP0045,FUTURE,TDR0118,BOOK_C,2025-07-24
TXN0004352581,APP020,2026-01-05,pending,570116.34,CHF,LATAM,CP0316,EQUITY,TDR0195,BOOK_B,2025-10-18
TXN0001298002,APP014,2025-12-07,reversed,124896.16,CHF,LATAM,CP0404,EQUITY,TDR0154,BOOK_D,2026-01-22
TXN0002949861,APP014,2025-04-30,pending,820041.95,AUD,APAC,CP0435,SWAP,TDR0120,BOOK_A,2025-07-19
TXN0000854135,APP003,2025-01-17,failed,80859.79,GBP,EMEA,CP0106,OPTION,TDR0152,BOOK_D,2025-08-11
TXN0001874824,APP017,2025-11-15,pending,578312.8,CHF,AMER,CP0080,OPTION,TDR0148,BOOK_D,2025-03-01
TXN0009749092,APP014,2025-02-05,reversed,38279.99,JPY,EMEA,CP0279,SWAP,TDR0137,BOOK_B,2026-04-10
TXN0000322783,APP013,2026-01-28,settled,245738.96,JPY,APAC,CP0222,BOND,TDR0083,BOOK_A,2025-06-12
TXN0000836373,APP013,2025-01-14,failed,602.18,EUR,AMER,CP0369,OPTION,TDR0103,BOOK_D,2026-01-04
TXN0007940583,APP015,2025-09-12,reversed,259341.81,AUD,APAC,CP0327,FX,TDR0105,BOOK_B,2025-12-07
TXN0003347215,APP009,2026-02-02,settled,980463.95,AUD,EMEA,CP0237,FUTURE,TDR0023,BOOK_A,2026-01-06
TXN0009570405,APP014,2025-11-02,settled,686734.28,USD,LATAM,CP0068,OPTION,TDR0132,BOOK_B,2025-08-07
TXN0007275885,APP017,2025-07-18,settled,186303.86,EUR,AMER,CP0038,SWAP,TDR0176,BOOK_B,2025-11-09
TXN0006924578,APP010,2025-08-16,active,14058.35,JPY,LATAM,CP0014,OPTION,TDR0152,BOOK_C,2026-01-07
TXN0009637093,APP015,2025-03-04,pending,741551.13,GBP,APAC,CP0107,FUTURE,TDR0136,BOOK_B,2025-03-30
TXN0009584585,APP011,2025-09-08,reversed,488173.79,EUR,LATAM,CP0239,FX,TDR0034,BOOK_A,2025-08-03
TXN0002689699,APP008,2026-01-22,settled,928310.53,USD,APAC,CP0020,SWAP,TDR0147,BOOK_C,2026-01-03
TXN0001841245,APP015,2025-02-27,settled,243470.1,CHF,AMER,CP0405,EQUITY,TDR0109,BOOK_C,2025-03-28
TXN0002079399,APP003,2025-12-19,settled,346711.15,AUD,LATAM,CP0035,SWAP,TDR0136,BOOK_C,2025-12-18
TXN0000082687,APP014,2026-02-21,reversed,488954.53,EUR,EMEA,CP0183,SWAP,TDR0199,BOOK_A,2025-11-09
TXN0003505578,APP006,2025-06-21,failed,923522.15,CHF,AMER,CP0068,FX,TDR0073,BOOK_D,2025-07-18
TXN0006298026,APP020,2026-02-25,settled,243151.8,CHF,EMEA,CP0202,OPTION,TDR0111,BOOK_D,2025-07-22
TXN0001824405,APP013,2026-03-31,reversed,338267.64,EUR,EMEA,CP0309,OPTION,TDR0007,BOOK_B,2026-04-07
TXN0007157888,APP005,2025-01-10,settled,368190.47,EUR,APAC,CP0326,SWAP,TDR0051,BOOK_D,2025-09-25
TXN0009006924,APP018,2025-12-02,active,779744.29,AUD,LATAM,CP0245,FX,TDR0180,BOOK_A,2026-01-15
TXN0006203998,APP015,2025-09-29,pending,686119.86,USD,AMER,CP0175,SWAP,TDR0111,BOOK_D,2025-04-28
TXN0008835229,APP019,2025-04-26,settled,980608.19,CHF,AMER,CP0238,FUTURE,TDR0185,BOOK_D,2026-01-22
TXN0005618317,APP011,2025-04-29,pending,33670.96,EUR,EMEA,CP0049,SWAP,TDR0163,BOOK_D,2026-01-20
TXN0003109294,APP014,2025-07-09,reversed,825314.42,CHF,EMEA,CP0014,OPTION,TDR0022,BOOK_B,2025-07-15
TXN0003580281,APP017,2025-01-26,pending,123667.79,USD,EMEA,CP0486,FX,TDR0175,BOOK_B,2025-03-09
TXN0002441523,APP003,2025-12-09,active,794874.64,JPY,LATAM,CP0025,OPTION,TDR0118,BOOK_C,2026-02-17
TXN0002546138,APP004,2025-07-30,active,326376.68,USD,LATAM,CP0200,BOND,TDR0096,BOOK_B,2026-02-05
TXN0000272269,APP006,2025-01-15,failed,804935.43,JPY,LATAM,CP0319,FUTURE,TDR0171,BOOK_A,2025-10-01
TXN0000563216,APP006,2025-06-24,active,715830.52,JPY,EMEA,CP0067,OPTION,TDR0001,BOOK_A,2025-11-18
TXN0003010138,APP002,2025-09-03,pending,909973.33,JPY,LATAM,CP0269,SWAP,TDR0124,BOOK_D,2025-02-05
TXN0001709845,APP005,2025-03-09,pending,916473.89,USD,APAC,CP0301,FUTURE,TDR0024,BOOK_D,2025-10-15
TXN0003807612,APP015,2025-02-19,reversed,820626.5,USD,APAC,CP0378,EQUITY,TDR0103,BOOK_B,2025-09-01
TXN0005794650,APP003,2025-01-03,reversed,894917.66,USD,LATAM,CP0238,OPTION,TDR0117,BOOK_C,2025-05-01
TXN0000430118,APP017,2025-06-22,pending,631320.52,USD,EMEA,CP0392,SWAP,TDR0010,BOOK_C,2025-10-21
TXN0005307553,APP007,2026-01-21,reversed,943381.51,AUD,APAC,CP0303,OPTION,TDR0180,BOOK_B,2025-06-02
TXN0005613044,APP016,2025-06-30,settled,856586.22,JPY,AMER,CP0388,SWAP,TDR0092,BOOK_A,2026-02-25
TXN0006389573,APP005,2025-08-18,failed,456032.24,AUD,AMER,CP0337,FX,TDR0001,BOOK_B,2026-02-13
TXN0007005256,APP020,2025-04-14,pending,806815.74,GBP,LATAM,CP0045,SWAP,TDR0140,BOOK_B,2025-04-16
TXN0005524187,APP013,2025-09-26,pending,354151.41,GBP,LATAM,CP0487,OPTION,TDR0196,BOOK_B,2025-05-01
TXN0003640256,APP015,2025-12-09,settled,869915.26,USD,APAC,CP0339,SWAP,TDR0120,BOOK_B,2025-05-15
TXN0007780370,APP017,2025-06-22,active,874165.56,EUR,AMER,CP0319,BOND,TDR0051,BOOK_A,2025-06-17
TXN0006964590,APP003,2025-05-21,pending,914662.43,EUR,EMEA,CP0117,FX,TDR0157,BOOK_A,2026-04-12
TXN0001960204,APP010,2025-02-23,pending,203891.09,JPY,APAC,CP0006,SWAP,TDR0065,BOOK_D,2025-08-26
TXN0006568611,APP004,2025-12-26,failed,955354.69,GBP,APAC,CP0344,SWAP,TDR0071,BOOK_B,2025-04-20
TXN0001275489,APP011,2025-03-06,reversed,184481.74,JPY,AMER,CP0474,OPTION,TDR0181,BOOK_C,2025-03-17
TXN0007212074,APP003,2026-01-21,active,133341.67,AUD,EMEA,CP0219,FUTURE,TDR0180,BOOK_D,2025-04-15
TXN0002990732,APP011,2025-11-15,failed,628588.03,EUR,LATAM,CP0488,EQUITY,TDR0096,BOOK_D,2025-08-14
TXN0003915647,APP019,2025-01-22,settled,76725.87,CHF,LATAM,CP0352,BOND,TDR0031,BOOK_A,2026-03-20
TXN0003324550,APP009,2025-03-09,pending,580543.58,USD,AMER,CP0227,BOND,TDR0126,BOOK_A,2025-07-26
TXN0008993975,APP014,2025-03-26,pending,909126.52,EUR,AMER,CP0183,FX,TDR0071,BOOK_D,2025-08-25
TXN0007185132,APP005,2025-05-17,reversed,490038.81,JPY,AMER,CP0118,FUTURE,TDR0043,BOOK_C,2025-12-31
TXN0009687575,APP016,2025-10-02,pending,779690.06,CHF,APAC,CP0358,FUTURE,TDR0154,BOOK_A,2025-11-18
TXN0008692175,APP015,2025-06-16,settled,233559.66,CHF,AMER,CP0378,FUTURE,TDR0019,BOOK_B,2025-07-30
TXN0000975080,APP007,2025-03-26,active,649713.21,AUD,EMEA,CP0465,BOND,TDR0198,BOOK_A,2026-03-21
TXN0001878860,APP002,2025-11-19,failed,176577.0,AUD,APAC,CP0208,EQUITY,TDR0132,BOOK_B,2025-01-14
TXN0007011611,APP020,2025-09-17,reversed,709289.25,EUR,EMEA,CP0259,SWAP,TDR0177,BOOK_B,2025-02-27
TXN0009748081,APP014,2026-01-29,settled,483673.31,GBP,APAC,CP0357,FX,TDR0165,BOOK_A,2025-07-14
TXN0000932057,APP004,2025-07-30,active,262574.65,JPY,LATAM,CP0139,OPTION,TDR0033,BOOK_A,2025-02-28
TXN0001497759,APP012,2025-09-21,pending,443915.47,JPY,APAC,CP0388,FX,TDR0084,BOOK_D,2025-12-20
TXN0007367013,APP008,2026-03-19,reversed,93924.13,USD,APAC,CP0001,SWAP,TDR0047,BOOK_A,2025-04-23
TXN0000655128,APP014,2025-12-10,settled,36426.48,USD,EMEA,CP0390,EQUITY,TDR0066,BOOK_B,2025-08-29
TXN0001291040,APP017,2026-02-21,reversed,592910.03,GBP,EMEA,CP0097,OPTION,TDR0009,BOOK_A,2025-09-13
TXN0006073867,APP014,2025-07-13,settled,448639.3,USD,AMER,CP0480,SWAP,TDR0171,BOOK_C,2025-02-20
TXN0009907454,APP003,2026-03-17,pending,236943.18,JPY,AMER,CP0008,FX,TDR0083,BOOK_B,2025-09-14
TXN0006903102,APP003,2026-03-29,reversed,682321.53,CHF,AMER,CP0223,BOND,TDR0169,BOOK_B,2025-09-24
TXN0006666264,APP006,2026-01-24,failed,389757.7,JPY,EMEA,CP0082,FUTURE,TDR0052,BOOK_C,2026-04-13
TXN0006186511,APP020,2025-01-09,failed,299789.23,JPY,APAC,CP0353,BOND,TDR0153,BOOK_D,2025-09-17
TXN0007316858,APP014,2026-01-10,active,479662.27,USD,EMEA,CP0262,BOND,TDR0179,BOOK_B,2025-06-19
TXN0002888369,APP020,2026-03-06,reversed,431429.96,JPY,LATAM,CP0184,FUTURE,TDR0097,BOOK_B,2025-03-21
TXN0005384384,APP008,2025-02-26,reversed,740317.23,JPY,EMEA,CP0330,BOND,TDR0045,BOOK_D,2025-11-16
TXN0007124867,APP017,2025-09-25,settled,466602.96,EUR,AMER,CP0184,SWAP,TDR0159,BOOK_C,2026-03-21
TXN0009417855,APP001,2026-01-07,reversed,565236.6,GBP,LATAM,CP0421,FUTURE,TDR0161,BOOK_D,2025-01-07
TXN0008086330,APP004,2026-04-01,pending,807323.4,CHF,EMEA,CP0477,OPTION,TDR0060,BOOK_B,2025-07-08
TXN0002724557,APP015,2026-04-05,settled,649841.13,JPY,LATAM,CP0379,SWAP,TDR0008,BOOK_C,2026-02-07
TXN0002243452,APP012,2025-08-14,settled,302420.94,GBP,AMER,CP0153,FUTURE,TDR0066,BOOK_D,2025-11-18
TXN0000839674,APP002,2025-03-14,settled,811780.03,AUD,EMEA,CP0361,FX,TDR0153,BOOK_B,2025-11-22
TXN0001440819,APP007,2025-10-14,pending,407170.4,AUD,AMER,CP0108,BOND,TDR0139,BOOK_A,2026-01-09
TXN0002206909,APP018,2025-08-19,pending,345726.23,JPY,EMEA,CP0420,OPTION,TDR0057,BOOK_C,2025-07-03
TXN0009509266,APP002,2025-04-17,pending,463727.44,CHF,LATAM,CP0326,EQUITY,TDR0059,BOOK_D,2025-09-14
TXN0004428188,APP012,2026-01-17,failed,840369.48,CHF,EMEA,CP0226,FUTURE,TDR0109,BOOK_C,2026-03-21
TXN0006943787,APP013,2025-04-15,failed,117837.1,EUR,AMER,CP0066,FUTURE,TDR0102,BOOK_C,2025-07-18
TXN0002654203,APP005,2025-08-25,active,117342.91,USD,LATAM,CP0047,FX,TDR0099,BOOK_D,2025-08-20
TXN0002306210,APP001,2025-01-03,active,45032.52,CHF,LATAM,CP0178,FX,TDR0085,BOOK_B,2025-07-26
TXN0000940928,APP014,2025-06-13,failed,262414.1,GBP,APAC,CP0084,FX,TDR0014,BOOK_D,2025-07-28
TXN0008508880,APP019,2026-03-28,reversed,193056.6,AUD,LATAM,CP0252,FX,TDR0107,BOOK_A,2025-04-12
TXN0004411976,APP016,2026-03-04,active,994202.07,JPY,EMEA,CP0050,BOND,TDR0040,BOOK_C,2025-08-11
TXN0001870952,APP019,2025-10-20,reversed,239310.04,CHF,AMER,CP0341,EQUITY,TDR0074,BOOK_A,2025-09-29
TXN0005279223,APP017,2025-01-13,reversed,618734.11,EUR,APAC,CP0131,EQUITY,TDR0012,BOOK_C,2025-07-14
TXN0004056748,APP020,2026-04-04,reversed,668534.56,EUR,APAC,CP0244,EQUITY,TDR0084,BOOK_D,2025-11-14
TXN0002162249,APP002,2025-10-18,pending,857348.35,JPY,AMER,CP0280,FX,TDR0192,BOOK_C,2026-03-24
TXN0000411741,APP016,2025-07-27,settled,558786.01,USD,EMEA,CP0185,SWAP,TDR0029,BOOK_A,2025-03-03
TXN0009480486,APP017,2025-03-13,reversed,823991.86,JPY,AMER,CP0012,FUTURE,TDR0175,BOOK_A,2025-02-18
TXN0006657162,APP011,2026-01-11,settled,409155.03,EUR,AMER,CP0051,BOND,TDR0144,BOOK_C,2025-03-02
TXN0001518734,APP013,2025-08-17,settled,326337.49,AUD,EMEA,CP0107,BOND,TDR0063,BOOK_A,2025-03-05
TXN0005689648,APP018,2025-05-06,reversed,6848.91,USD,EMEA,CP0075,FUTURE,TDR0021,BOOK_C,2026-02-02
TXN0008738076,APP015,2025-01-03,reversed,753494.81,CHF,LATAM,CP0171,FUTURE,TDR0148,BOOK_C,2025-06-26
TXN0001861059,APP002,2025-08-08,failed,814958.32,CHF,AMER,CP0492,FUTURE,TDR0156,BOOK_C,2026-01-27
TXN0004193348,APP015,2025-08-14,settled,956168.54,CHF,LATAM,CP0432,BOND,TDR0156,BOOK_B,2025-08-27
TXN0008870120,APP009,2025-10-28,reversed,447899.81,GBP,APAC,CP0463,SWAP,TDR0192,BOOK_A,2026-04-08
TXN0007522310,APP001,2025-07-29,reversed,11351.39,USD,APAC,CP0233,OPTION,TDR0047,BOOK_C,2025-12-03
TXN0003988539,APP007,2025-04-22,failed,708224.63,USD,EMEA,CP0104,BOND,TDR0096,BOOK_D,2025-08-30
TXN0006069645,APP006,2025-07-28,reversed,366322.34,GBP,APAC,CP0279,EQUITY,TDR0040,BOOK_B,2025-01-31
TXN0008052037,APP007,2025-05-03,active,148994.8,EUR,EMEA,CP0143,FX,TDR0064,BOOK_A,2025-02-22
TXN0006993884,APP017,2025-07-08,pending,465997.92,AUD,LATAM,CP0098,OPTION,TDR0003,BOOK_D,2025-09-18
TXN0000598906,APP004,2025-11-25,settled,775475.59,GBP,EMEA,CP0175,EQUITY,TDR0031,BOOK_B,2026-03-07
TXN0003247012,APP005,2025-09-26,failed,692025.09,GBP,EMEA,CP0373,SWAP,TDR0040,BOOK_C,2025-05-31
TXN0001404673,APP016,2025-04-24,failed,380022.39,EUR,APAC,CP0269,OPTION,TDR0149,BOOK_D,2025-11-09
TXN0002348307,APP016,2025-12-20,pending,406024.5,JPY,EMEA,CP0268,FUTURE,TDR0141,BOOK_D,2025-03-07
TXN0004464047,APP016,2025-08-17,active,387133.65,USD,LATAM,CP0301,FUTURE,TDR0115,BOOK_A,2026-02-07
TXN0006247839,APP003,2025-05-19,pending,964709.85,GBP,AMER,CP0162,EQUITY,TDR0145,BOOK_C,2025-04-15
TXN0006095804,APP007,2025-12-23,active,504352.98,AUD,EMEA,CP0403,SWAP,TDR0105,BOOK_A,2025-11-20
TXN0008437801,APP002,2025-05-09,settled,42361.96,AUD,LATAM,CP0054,FUTURE,TDR0077,BOOK_C,2026-01-05
TXN0001232029,APP013,2025-02-21,settled,64828.38,AUD,LATAM,CP0410,SWAP,TDR0051,BOOK_A,2026-02-23
TXN0002398652,APP018,2025-07-11,pending,826047.03,EUR,APAC,CP0347,FUTURE,TDR0044,BOOK_D,2025-03-28
TXN0003633578,APP014,2025-10-10,active,887705.32,CHF,AMER,CP0081,OPTION,TDR0191,BOOK_B,2025-01-08
TXN0004244259,APP020,2025-02-11,failed,552768.71,USD,AMER,CP0136,FX,TDR0033,BOOK_D,2026-03-29
TXN0008225533,APP019,2025-04-05,failed,739884.25,AUD,EMEA,CP0218,SWAP,TDR0019,BOOK_D,2025-02-21
TXN0004145913,APP012,2025-03-31,failed,501011.89,USD,EMEA,CP0024,FX,TDR0028,BOOK_D,2026-03-10
TXN0009890242,APP013,2025-12-08,reversed,633379.33,JPY,EMEA,CP0392,FX,TDR0009,BOOK_B,2026-01-31
TXN0001645041,APP015,2026-03-10,active,558972.17,AUD,AMER,CP0191,BOND,TDR0052,BOOK_B,2026-02-01
TXN0002012919,APP004,2025-03-05,active,586386.88,JPY,APAC,CP0011,OPTION,TDR0195,BOOK_D,2025-02-07
TXN0003967360,APP007,2025-08-15,active,849552.28,AUD,APAC,CP0018,EQUITY,TDR0120,BOOK_D,2026-04-07
TXN0003894170,APP004,2025-11-29,settled,24055.29,JPY,LATAM,CP0037,SWAP,TDR0002,BOOK_D,2025-04-28
TXN0000761299,APP004,2025-06-30,settled,61139.96,CHF,APAC,CP0031,FX,TDR0087,BOOK_B,2025-04-23
TXN0008157953,APP019,2026-02-19,reversed,847033.0,AUD,AMER,CP0482,SWAP,TDR0141,BOOK_B,2025-04-20
TXN0003013641,APP017,2026-01-01,active,785680.22,JPY,EMEA,CP0141,BOND,TDR0075,BOOK_A,2025-01-12
TXN0003783670,APP016,2025-10-10,active,365845.49,CHF,LATAM,CP0279,SWAP,TDR0146,BOOK_B,2026-03-11
TXN0004827155,APP019,2026-02-18,failed,915484.87,CHF,EMEA,CP0118,BOND,TDR0011,BOOK_C,2025-12-12
TXN0009387852,APP007,2025-12-06,pending,307117.09,JPY,LATAM,CP0392,EQUITY,TDR0134,BOOK_C,2025-06-24
TXN0000007352,APP011,2025-07-13,settled,669772.17,CHF,APAC,CP0385,FX,TDR0007,BOOK_B,2025-12-15
TXN0001875884,APP010,2025-12-18,failed,673525.28,JPY,LATAM,CP0008,OPTION,TDR0023,BOOK_D,2025-04-18
TXN0000400806,APP011,2025-12-14,reversed,928587.39,EUR,LATAM,CP0327,SWAP,TDR0128,BOOK_D,2025-08-10
TXN0007582640,APP006,2025-12-25,reversed,404361.63,USD,APAC,CP0076,OPTION,TDR0141,BOOK_A,2026-01-31
TXN0004978046,APP005,2026-01-21,settled,275511.97,GBP,LATAM,CP0031,OPTION,TDR0062,BOOK_A,2025-09-15
TXN0007429634,APP017,2025-05-24,settled,989287.65,USD,APAC,CP0349,BOND,TDR0066,BOOK_C,2025-05-20
TXN0001636817,APP018,2025-09-28,pending,632753.57,CHF,EMEA,CP0493,SWAP,TDR0137,BOOK_A,2025-12-03
TXN0004403186,APP014,2026-03-10,settled,926455.03,JPY,EMEA,CP0129,OPTION,TDR0113,BOOK_D,2025-10-25
TXN0007200708,APP006,2025-10-01,pending,974612.66,JPY,APAC,CP0100,SWAP,TDR0009,BOOK_A,2025-04-11
TXN0005290976,APP020,2026-03-08,failed,677583.04,EUR,APAC,CP0191,EQUITY,TDR0048,BOOK_C,2025-06-10
TXN0000834059,APP011,2026-01-31,active,981151.2,AUD,AMER,CP0197,FUTURE,TDR0103,BOOK_C,2025-11-27
TXN0006665687,APP010,2025-01-11,failed,762415.14,AUD,EMEA,CP0044,FUTURE,TDR0036,BOOK_B,2025-01-20
TXN0004946475,APP012,2025-11-18,pending,243882.36,GBP,AMER,CP0444,SWAP,TDR0152,BOOK_B,2025-04-24
TXN0002010249,APP018,2025-07-15,settled,851332.2,JPY,APAC,CP0185,SWAP,TDR0162,BOOK_C,2026-01-31
TXN0002987338,APP006,2026-02-08,reversed,486600.04,AUD,LATAM,CP0377,SWAP,TDR0199,BOOK_A,2025-12-04
TXN0003066787,APP005,2025-10-10,active,735507.38,AUD,AMER,CP0016,BOND,TDR0101,BOOK_C,2025-09-27
TXN0003901961,APP002,2025-10-10,reversed,146434.23,CHF,APAC,CP0444,SWAP,TDR0101,BOOK_A,2025-07-02
TXN0009141886,APP020,2025-12-12,reversed,491058.73,EUR,APAC,CP0349,FUTURE,TDR0118,BOOK_A,2025-05-11
TXN0009686910,APP002,2025-08-31,settled,632576.69,CHF,APAC,CP0087,FX,TDR0089,BOOK_D,2025-09-21
TXN0001497543,APP010,2025-01-15,failed,656176.41,JPY,LATAM,CP0248,FUTURE,TDR0063,BOOK_C,2025-01-01
TXN0007003638,APP007,2025-09-29,reversed,998910.17,JPY,APAC,CP0063,FUTURE,TDR0128,BOOK_D,2026-03-30
TXN0000997995,APP002,2025-12-10,pending,319566.54,JPY,EMEA,CP0254,EQUITY,TDR0188,BOOK_D,2025-12-08
TXN0005026158,APP009,2025-06-14,active,422688.02,USD,AMER,CP0317,SWAP,TDR0010,BOOK_B,2025-07-29
TXN0002002414,APP003,2025-01-12,settled,91663.58,EUR,AMER,CP0170,BOND,TDR0015,BOOK_A,2025-04-20
TXN0008336183,APP006,2025-12-26,failed,65476.95,AUD,AMER,CP0275,BOND,TDR0115,BOOK_B,2025-02-28
TXN0002874683,APP001,2025-10-30,pending,434969.51,JPY,EMEA,CP0129,BOND,TDR0173,BOOK_C,2025-10-02
TXN0007961510,APP004,2025-08-21,failed,439854.19,EUR,AMER,CP0160,FX,TDR0199,BOOK_C,2025-01-19
TXN0007700172,APP004,2026-04-09,reversed,6294.99,GBP,APAC,CP0325,BOND,TDR0163,BOOK_C,2025-02-23
TXN0004752120,APP008,2025-05-28,pending,444975.65,USD,LATAM,CP0327,FX,TDR0160,BOOK_C,2025-02-23
TXN0000660655,APP017,2025-12-09,failed,137800.43,USD,LATAM,CP0264,SWAP,TDR0056,BOOK_C,2025-04-24
TXN0009733021,APP006,2026-03-09,active,392202.35,GBP,LATAM,CP0292,OPTION,TDR0068,BOOK_D,2025-02-03
TXN0002537765,APP016,2025-07-29,settled,409346.98,JPY,EMEA,CP0444,OPTION,TDR0089,BOOK_D,2025-09-06
TXN0006280900,APP003,2025-12-30,settled,534579.98,EUR,AMER,CP0195,BOND,TDR0146,BOOK_B,2025-02-20
TXN0006296777,APP006,2025-01-17,failed,151562.59,USD,LATAM,CP0348,EQUITY,TDR0052,BOOK_A,2025-01-15
TXN0009554988,APP017,2025-05-04,settled,249488.45,CHF,EMEA,CP0408,FX,TDR0078,BOOK_A,2026-03-06
TXN0005169655,APP013,2025-01-13,reversed,397614.74,USD,APAC,CP0030,OPTION,TDR0019,BOOK_C,2025-01-17
TXN0003067515,APP003,2026-02-17,active,149037.62,USD,AMER,CP0343,SWAP,TDR0124,BOOK_C,2025-04-30
TXN0005414544,APP009,2026-03-01,settled,541125.87,CHF,AMER,CP0244,FUTURE,TDR0096,BOOK_D,2026-01-19
TXN0001270768,APP006,2025-10-18,settled,190173.79,USD,APAC,CP0408,SWAP,TDR0078,BOOK_A,2025-12-29
TXN0006177614,APP012,2026-01-09,settled,885091.41,GBP,EMEA,CP0190,FX,TDR0064,BOOK_D,2025-11-01
TXN0006215626,APP018,2025-07-22,failed,199462.61,USD,AMER,CP0272,OPTION,TDR0173,BOOK_B,2025-12-17
TXN0000475039,APP002,2025-12-22,failed,46445.51,AUD,LATAM,CP0342,OPTION,TDR0028,BOOK_D,2025-06-10
TXN0002248686,APP020,2026-02-14,reversed,271140.76,CHF,AMER,CP0424,FX,TDR0072,BOOK_C,2025-10-10
TXN0009345871,APP016,2025-04-28,pending,254613.72,GBP,APAC,CP0022,EQUITY,TDR0124,BOOK_B,2025-01-27
TXN0008952317,APP015,2025-06-24,failed,681469.73,USD,LATAM,CP0086,FUTURE,TDR0197,BOOK_D,2025-03-27
TXN0000965081,APP005,2025-05-14,pending,318926.26,USD,AMER,CP0099,FX,TDR0172,BOOK_A,2025-07-31
TXN0001227733,APP017,2025-01-28,failed,701658.78,GBP,AMER,CP0342,BOND,TDR0182,BOOK_A,2025-04-19
TXN0004015943,APP011,2025-08-15,failed,329668.16,USD,EMEA,CP0144,FX,TDR0091,BOOK_C,2026-04-07
TXN0004693978,APP020,2025-11-26,pending,787658.17,GBP,LATAM,CP0168,OPTION,TDR0187,BOOK_A,2025-02-22
TXN0002010630,APP013,2025-04-21,active,138676.18,JPY,LATAM,CP0107,FUTURE,TDR0185,BOOK_B,2025-12-06
TXN0001059402,APP017,2025-10-20,failed,352738.61,USD,EMEA,CP0423,OPTION,TDR0032,BOOK_C,2025-07-31
TXN0008245635,APP018,2025-12-13,reversed,865541.28,AUD,EMEA,CP0189,OPTION,TDR0083,BOOK_D,2025-07-22
TXN0005614727,APP017,2025-07-04,failed,509576.27,GBP,EMEA,CP0418,SWAP,TDR0095,BOOK_B,2026-02-10
TXN0004284728,APP019,2026-01-20,reversed,610344.5,AUD,EMEA,CP0218,FUTURE,TDR0080,BOOK_D,2025-10-23
TXN0004077547,APP008,2025-06-18,settled,266875.73,CHF,EMEA,CP0479,FX,TDR0082,BOOK_B,2026-02-05
TXN0001107592,APP002,2025-05-01,reversed,96930.71,CHF,EMEA,CP0437,EQUITY,TDR0192,BOOK_A,2025-07-07
TXN0000349073,APP009,2026-01-05,active,260354.97,GBP,EMEA,CP0371,EQUITY,TDR0022,BOOK_A,2025-09-29
TXN0004941338,APP004,2025-03-21,settled,453956.48,JPY,APAC,CP0139,SWAP,TDR0060,BOOK_B,2025-11-30
TXN0006447004,APP013,2025-01-13,pending,170688.71,CHF,AMER,CP0118,EQUITY,TDR0163,BOOK_A,2026-01-02
TXN0001302627,APP007,2025-06-27,active,33411.71,AUD,APAC,CP0464,OPTION,TDR0075,BOOK_A,2026-01-15
TXN0008859556,APP008,2025-09-17,failed,588350.86,GBP,AMER,CP0485,BOND,TDR0113,BOOK_C,2025-04-23
TXN0009796916,APP008,2025-05-25,settled,122164.28,CHF,EMEA,CP0460,OPTION,TDR0173,BOOK_B,2026-03-13
TXN0005253027,APP010,2025-11-01,active,39340.94,CHF,EMEA,CP0357,SWAP,TDR0028,BOOK_B,2025-11-01
TXN0004729397,APP016,2025-02-05,pending,998848.84,JPY,LATAM,CP0057,FUTURE,TDR0067,BOOK_B,2025-11-27
TXN0002059401,APP006,2025-04-09,settled,885203.73,EUR,APAC,CP0169,FUTURE,TDR0137,BOOK_D,2025-07-23
TXN0009796648,APP013,2025-09-24,pending,892284.8,GBP,APAC,CP0402,OPTION,TDR0117,BOOK_C,2025-01-09
TXN0000374495,APP017,2025-05-21,active,972570.85,USD,LATAM,CP0015,OPTION,TDR0107,BOOK_A,2026-02-21
TXN0009800148,APP006,2026-02-02,settled,898326.7,EUR,APAC,CP0052,EQUITY,TDR0180,BOOK_A,2026-03-23
TXN0005634917,APP018,2025-05-20,failed,447569.33,GBP,EMEA,CP0414,FUTURE,TDR0040,BOOK_D,2025-06-01
TXN0007325006,APP006,2025-10-14,reversed,590908.29,CHF,APAC,CP0337,SWAP,TDR0126,BOOK_C,2025-09-17
TXN0009471157,APP015,2026-04-11,reversed,761931.73,JPY,LATAM,CP0157,OPTION,TDR0111,BOOK_D,2025-03-24
TXN0007715950,APP005,2025-12-22,settled,874406.53,AUD,APAC,CP0274,OPTION,TDR0045,BOOK_C,2025-02-26
TXN0008503668,APP017,2025-07-15,active,50946.15,AUD,EMEA,CP0023,FX,TDR0086,BOOK_B,2025-05-11
TXN0007474166,APP015,2025-12-22,active,71853.03,AUD,EMEA,CP0239,OPTION,TDR0047,BOOK_B,2025-08-04
TXN0000271224,APP010,2025-09-06,reversed,482247.69,CHF,LATAM,CP0331,OPTION,TDR0019,BOOK_B,2025-11-07
TXN0005301957,APP003,2025-04-26,pending,682636.01,AUD,AMER,CP0476,FUTURE,TDR0086,BOOK_D,2025-05-28
TXN0009315586,APP010,2025-07-22,active,889956.04,USD,LATAM,CP0190,FX,TDR0133,BOOK_B,2026-01-28
TXN0008090530,APP019,2025-05-04,pending,204828.28,AUD,EMEA,CP0398,OPTION,TDR0006,BOOK_D,2025-01-11
TXN0002716216,APP012,2025-04-12,failed,930465.59,USD,AMER,CP0272,SWAP,TDR0054,BOOK_B,2025-08-04
TXN0007646374,APP001,2026-04-02,settled,912955.48,USD,LATAM,CP0204,FX,TDR0089,BOOK_A,2025-09-17
TXN0008256579,APP012,2026-03-31,active,452659.97,GBP,EMEA,CP0493,OPTION,TDR0192,BOOK_C,2026-03-07
TXN0009869282,APP008,2025-06-02,reversed,1474.56,AUD,AMER,CP0111,BOND,TDR0166,BOOK_C,2025-03-30
TXN0007630801,APP019,2026-03-15,settled,686225.66,EUR,APAC,CP0271,FX,TDR0115,BOOK_C,2025-05-17
TXN0003532518,APP009,2026-01-20,active,377370.36,GBP,AMER,CP0162,EQUITY,TDR0151,BOOK_A,2026-04-04
TXN0001739435,APP008,2025-05-13,settled,691732.94,EUR,EMEA,CP0213,OPTION,TDR0113,BOOK_D,2025-08-01
TXN0002871025,APP019,2025-04-26,reversed,196272.1,JPY,AMER,CP0319,FUTURE,TDR0169,BOOK_C,2025-12-06
TXN0008848280,APP004,2025-08-14,settled,838149.23,USD,AMER,CP0299,EQUITY,TDR0052,BOOK_B,2026-02-11
TXN0000957668,APP019,2026-04-02,active,741746.95,GBP,AMER,CP0025,EQUITY,TDR0062,BOOK_B,2026-01-02
TXN0002756179,APP020,2025-12-25,active,111725.53,JPY,APAC,CP0223,EQUITY,TDR0193,BOOK_B,2025-10-08
TXN0009041070,APP003,2025-11-19,active,120700.5,GBP,LATAM,CP0156,EQUITY,TDR0179,BOOK_B,2025-12-08
TXN0009241843,APP007,2025-03-24,pending,697594.05,EUR,AMER,CP0025,FX,TDR0088,BOOK_C,2025-09-01
TXN0003972801,APP003,2025-05-27,reversed,251075.45,JPY,APAC,CP0461,FUTURE,TDR0123,BOOK_A,2025-06-23
TXN0008346900,APP020,2025-07-11,reversed,647701.54,GBP,LATAM,CP0007,OPTION,TDR0090,BOOK_A,2025-08-02
TXN0003250542,APP012,2025-05-04,settled,278912.7,GBP,EMEA,CP0488,OPTION,TDR0151,BOOK_A,2025-10-26
TXN0009509200,APP017,2026-02-21,settled,178903.7,CHF,APAC,CP0030,OPTION,TDR0073,BOOK_B,2025-04-16
TXN0003256082,APP020,2025-11-26,reversed,693542.73,CHF,LATAM,CP0108,BOND,TDR0006,BOOK_D,2025-02-04
TXN0004801859,APP009,2025-08-07,active,60040.48,EUR,AMER,CP0108,EQUITY,TDR0111,BOOK_A,2025-11-01
TXN0006334856,APP011,2025-05-19,reversed,298425.57,EUR,LATAM,CP0018,SWAP,TDR0073,BOOK_A,2026-03-28
TXN0004640993,APP006,2025-10-11,pending,989914.28,AUD,APAC,CP0243,FX,TDR0067,BOOK_C,2025-11-03
TXN0001268698,APP007,2025-08-13,settled,172320.82,USD,EMEA,CP0322,FX,TDR0174,BOOK_A,2026-03-19
TXN0001625242,APP019,2025-07-23,active,159955.5,JPY,EMEA,CP0479,FX,TDR0178,BOOK_A,2025-04-26
TXN0007216644,APP009,2025-03-08,reversed,246651.39,GBP,APAC,CP0362,FX,TDR0007,BOOK_A,2026-02-08
TXN0002694735,APP017,2025-11-18,failed,738064.57,AUD,LATAM,CP0371,SWAP,TDR0147,BOOK_B,2025-01-21
TXN0007165385,APP019,2025-12-23,settled,483875.95,EUR,EMEA,CP0418,SWAP,TDR0144,BOOK_B,2025-10-28
TXN0005670914,APP002,2025-10-25,pending,904663.64,USD,LATAM,CP0235,OPTION,TDR0058,BOOK_D,2025-11-18
TXN0009938899,APP015,2025-06-23,pending,900213.47,JPY,AMER,CP0262,OPTION,TDR0190,BOOK_C,2025-03-22
TXN0004137078,APP002,2025-09-26,pending,156198.83,CHF,APAC,CP0379,FUTURE,TDR0141,BOOK_C,2025-12-30
TXN0000323654,APP009,2025-07-21,settled,854306.47,EUR,LATAM,CP0069,FUTURE,TDR0054,BOOK_B,2025-11-19
TXN0005633836,APP001,2026-03-07,active,526621.3,EUR,APAC,CP0213,FX,TDR0157,BOOK_B,2025-03-27
TXN0008028556,APP018,2025-02-04,settled,635547.98,JPY,LATAM,CP0181,OPTION,TDR0068,BOOK_D,2025-03-01
TXN0006192360,APP005,2025-05-29,pending,256522.04,JPY,EMEA,CP0195,FX,TDR0070,BOOK_A,2025-12-28
TXN0002300528,APP001,2025-03-22,active,270513.45,JPY,EMEA,CP0414,SWAP,TDR0183,BOOK_B,2026-01-19
TXN0009654582,APP017,2026-01-04,failed,152513.78,EUR,EMEA,CP0275,BOND,TDR0086,BOOK_A,2025-05-10
TXN0006700061,APP008,2026-04-08,failed,540631.3,EUR,EMEA,CP0031,FUTURE,TDR0132,BOOK_B,2025-03-18
TXN0003300350,APP013,2025-09-14,failed,240783.72,AUD,EMEA,CP0128,FUTURE,TDR0019,BOOK_B,2025-03-03
TXN0006309549,APP018,2026-03-31,settled,42087.56,EUR,APAC,CP0018,OPTION,TDR0097,BOOK_B,2025-09-25
TXN0005247663,APP013,2025-12-05,settled,312336.01,EUR,EMEA,CP0086,OPTION,TDR0072,BOOK_B,2025-01-12
TXN0001870662,APP001,2025-10-14,active,688157.09,USD,EMEA,CP0194,EQUITY,TDR0140,BOOK_C,2025-12-05
TXN0002010059,APP003,2025-12-16,reversed,778360.09,EUR,APAC,CP0499,OPTION,TDR0044,BOOK_C,2026-01-18
TXN0008766530,APP016,2025-01-16,failed,849496.55,JPY,AMER,CP0305,EQUITY,TDR0068,BOOK_D,2025-04-10
TXN0007782373,APP009,2026-02-23,failed,518018.4,USD,AMER,CP0039,OPTION,TDR0193,BOOK_B,2026-01-30
TXN0006658176,APP014,2026-03-20,reversed,445185.13,CHF,APAC,CP0132,FX,TDR0177,BOOK_C,2025-03-11
TXN0007839547,APP011,2026-01-06,pending,981797.99,JPY,LATAM,CP0253,SWAP,TDR0174,BOOK_A,2025-07-06
TXN0002259241,APP003,2026-02-27,pending,987974.33,GBP,EMEA,CP0483,BOND,TDR0189,BOOK_B,2025-08-10
TXN0000967958,APP007,2026-04-06,failed,401779.71,CHF,APAC,CP0089,EQUITY,TDR0134,BOOK_D,2026-03-09
TXN0003059113,APP005,2025-03-26,failed,907402.26,GBP,EMEA,CP0384,OPTION,TDR0115,BOOK_B,2025-12-31
TXN0002924772,APP003,2025-10-03,active,135949.31,USD,APAC,CP0154,EQUITY,TDR0045,BOOK_A,2025-08-24
TXN0004458330,APP006,2025-04-20,reversed,408791.83,CHF,AMER,CP0271,EQUITY,TDR0132,BOOK_A,2026-02-07
TXN0004630393,APP013,2025-05-31,pending,780465.43,GBP,EMEA,CP0408,BOND,TDR0043,BOOK_A,2025-10-08
TXN0007703561,APP020,2025-06-19,settled,964259.04,AUD,AMER,CP0335,OPTION,TDR0106,BOOK_B,2026-04-07
TXN0009436221,APP019,2025-12-03,reversed,479921.29,CHF,APAC,CP0234,BOND,TDR0100,BOOK_D,2025-07-04
TXN0004174384,APP011,2025-02-01,settled,362094.23,EUR,EMEA,CP0080,BOND,TDR0127,BOOK_D,2025-11-27
TXN0004152661,APP005,2025-08-15,active,250637.99,AUD,AMER,CP0396,SWAP,TDR0166,BOOK_C,2025-11-19
TXN0005939485,APP018,2025-07-03,reversed,440492.72,GBP,EMEA,CP0126,FUTURE,TDR0027,BOOK_D,2025-04-11
TXN0007526219,APP002,2025-08-22,active,904958.85,AUD,EMEA,CP0087,FUTURE,TDR0133,BOOK_D,2025-02-22
TXN0009858153,APP015,2025-10-23,pending,879978.29,EUR,LATAM,CP0265,BOND,TDR0072,BOOK_D,2026-04-01
TXN0008669783,APP017,2025-07-13,failed,526694.99,AUD,AMER,CP0281,EQUITY,TDR0160,BOOK_A,2026-03-31
TXN0006577776,APP003,2025-05-03,pending,210970.12,USD,APAC,CP0469,OPTION,TDR0131,BOOK_D,2025-11-20
TXN0004870016,APP020,2025-02-13,failed,413546.38,JPY,LATAM,CP0314,OPTION,TDR0059,BOOK_A,2025-05-27
TXN0002427597,APP010,2025-09-09,reversed,783409.44,CHF,APAC,CP0114,EQUITY,TDR0200,BOOK_A,2025-07-02
TXN0006647389,APP011,2025-12-18,reversed,767896.54,CHF,APAC,CP0170,BOND,TDR0098,BOOK_B,2025-07-18
TXN0000809543,APP009,2026-01-12,failed,261899.32,CHF,LATAM,CP0058,FX,TDR0182,BOOK_C,2025-09-02
TXN0008644629,APP020,2025-05-25,failed,110554.01,GBP,APAC,CP0212,EQUITY,TDR0178,BOOK_B,2026-02-10
TXN0004563164,APP017,2025-02-21,failed,883374.12,USD,APAC,CP0230,FX,TDR0181,BOOK_C,2025-10-03
TXN0005443340,APP015,2025-06-14,pending,326283.14,EUR,EMEA,CP0123,FX,TDR0150,BOOK_B,2025-03-06
TXN0001966591,APP006,2025-05-30,pending,439639.69,AUD,AMER,CP0110,FX,TDR0022,BOOK_B,2026-01-19
TXN0001174573,APP018,2025-09-20,pending,879232.86,USD,AMER,CP0270,FX,TDR0185,BOOK_D,2025-08-03
TXN0000481154,APP015,2025-09-24,failed,616714.25,CHF,AMER,CP0341,EQUITY,TDR0121,BOOK_D,2025-04-04
TXN0008031870,APP004,2025-09-28,failed,629939.65,AUD,AMER,CP0310,FUTURE,TDR0010,BOOK_C,2025-04-16
TXN0002175536,APP018,2025-07-13,settled,130588.58,GBP,EMEA,CP0144,FX,TDR0020,BOOK_D,2025-12-25
TXN0006135328,APP005,2026-03-05,settled,35593.05,GBP,LATAM,CP0293,FX,TDR0089,BOOK_B,2025-01-31
TXN0008580705,APP014,2025-05-24,active,727373.24,GBP,EMEA,CP0241,OPTION,TDR0049,BOOK_B,2025-04-23
TXN0009876588,APP012,2025-04-14,failed,631796.62,GBP,AMER,CP0255,SWAP,TDR0090,BOOK_D,2025-12-04
TXN0008240253,APP001,2025-05-26,failed,939464.57,USD,AMER,CP0158,SWAP,TDR0007,BOOK_C,2025-05-19
TXN0003061862,APP017,2026-01-21,settled,65859.59,GBP,APAC,CP0286,SWAP,TDR0114,BOOK_C,2025-09-26
TXN0002074173,APP006,2026-02-24,pending,719180.87,USD,LATAM,CP0149,EQUITY,TDR0010,BOOK_C,2025-06-04
TXN0009272236,APP017,2025-04-07,reversed,271394.92,EUR,AMER,CP0135,EQUITY,TDR0165,BOOK_D,2026-04-03
TXN0003914338,APP015,2025-12-13,active,864973.21,GBP,AMER,CP0391,FX,TDR0181,BOOK_B,2025-10-06
TXN0004338996,APP010,2026-02-02,failed,886191.41,JPY,AMER,CP0442,OPTION,TDR0162,BOOK_C,2026-01-05
TXN0001153135,APP017,2025-09-28,settled,596510.91,EUR,EMEA,CP0178,EQUITY,TDR0014,BOOK_C,2025-04-21
TXN0001831195,APP011,2025-01-07,active,529.84,CHF,APAC,CP0219,EQUITY,TDR0117,BOOK_C,2025-11-06
TXN0006849396,APP007,2025-08-07,reversed,827669.33,CHF,LATAM,CP0393,FX,TDR0190,BOOK_C,2025-12-21
TXN0004221278,APP016,2026-04-03,pending,424259.86,EUR,AMER,CP0421,EQUITY,TDR0045,BOOK_A,2025-02-27
TXN0004067470,APP004,2025-11-17,reversed,410382.46,GBP,APAC,CP0352,FUTURE,TDR0198,BOOK_B,2025-10-23
TXN0008469702,APP013,2025-02-12,settled,914398.84,AUD,EMEA,CP0325,EQUITY,TDR0088,BOOK_A,2026-01-22
TXN0006449170,APP004,2025-11-23,settled,833630.13,EUR,LATAM,CP0225,OPTION,TDR0014,BOOK_C,2025-02-19
TXN0008357353,APP013,2025-05-08,pending,214430.15,JPY,EMEA,CP0071,FUTURE,TDR0093,BOOK_A,2025-02-01
TXN0007171657,APP002,2025-08-27,reversed,479821.17,AUD,LATAM,CP0144,OPTION,TDR0110,BOOK_D,2025-03-18
TXN0005916063,APP012,2025-08-25,settled,156716.67,JPY,EMEA,CP0416,OPTION,TDR0001,BOOK_A,2026-01-07
TXN0003224845,APP008,2025-06-08,pending,299624.79,CHF,LATAM,CP0125,OPTION,TDR0120,BOOK_B,2025-04-26
TXN0007519440,APP019,2025-04-17,reversed,437024.44,GBP,APAC,CP0463,EQUITY,TDR0022,BOOK_A,2025-06-28
TXN0007636695,APP006,2026-01-26,active,256734.22,GBP,LATAM,CP0138,FUTURE,TDR0024,BOOK_A,2025-11-12
TXN0007657098,APP003,2026-02-26,reversed,407727.93,EUR,EMEA,CP0268,EQUITY,TDR0068,BOOK_A,2026-01-10
TXN0004024413,APP001,2026-03-10,reversed,592618.25,CHF,APAC,CP0381,FX,TDR0137,BOOK_A,2025-01-19
TXN0008717193,APP009,2026-02-07,reversed,974410.42,JPY,APAC,CP0468,FX,TDR0198,BOOK_A,2025-07-20
TXN0000407100,APP013,2026-01-22,pending,578441.14,AUD,LATAM,CP0293,EQUITY,TDR0187,BOOK_A,2025-06-08
TXN0000638627,APP006,2026-01-31,active,405455.37,CHF,LATAM,CP0132,FUTURE,TDR0074,BOOK_C,2025-08-15
TXN0008963509,APP017,2026-01-09,pending,340560.87,AUD,APAC,CP0084,FX,TDR0036,BOOK_B,2026-02-06
TXN0008120061,APP018,2025-09-09,settled,527177.58,USD,APAC,CP0496,OPTION,TDR0059,BOOK_B,2025-10-08
TXN0001488806,APP006,2026-03-02,active,863547.69,GBP,EMEA,CP0495,EQUITY,TDR0134,BOOK_C,2025-08-08
TXN0009768725,APP008,2025-02-18,pending,119866.32,USD,APAC,CP0485,OPTION,TDR0161,BOOK_C,2025-11-21
TXN0000194683,APP013,2025-07-15,active,347712.46,AUD,APAC,CP0260,EQUITY,TDR0027,BOOK_B,2025-11-17
TXN0004776415,APP016,2025-09-10,failed,981196.64,CHF,AMER,CP0173,EQUITY,TDR0074,BOOK_C,2025-03-19
TXN0000804864,APP016,2025-03-12,failed,758160.22,CHF,APAC,CP0372,OPTION,TDR0098,BOOK_A,2026-01-22
TXN0007488498,APP005,2025-09-11,failed,766447.3,EUR,AMER,CP0365,SWAP,TDR0048,BOOK_D,2025-05-03
TXN0002339249,APP004,2025-09-02,pending,967833.86,EUR,EMEA,CP0350,OPTION,TDR0090,BOOK_D,2025-01-05
TXN0001365370,APP007,2025-01-31,failed,188431.09,CHF,AMER,CP0330,BOND,TDR0127,BOOK_C,2025-07-02
TXN0004281611,APP011,2025-11-23,failed,318196.13,JPY,AMER,CP0228,FUTURE,TDR0190,BOOK_B,2025-04-09
TXN0006358979,APP012,2025-10-19,settled,341147.49,USD,AMER,CP0224,EQUITY,TDR0159,BOOK_D,2026-04-08
TXN0003397635,APP011,2025-06-19,active,508411.5,AUD,APAC,CP0035,OPTION,TDR0066,BOOK_A,2025-01-24
TXN0006709193,APP009,2025-10-16,settled,984785.78,EUR,AMER,CP0231,FUTURE,TDR0073,BOOK_C,2025-11-11
TXN0009805013,APP001,2025-07-05,active,309516.32,USD,EMEA,CP0030,EQUITY,TDR0119,BOOK_A,2025-06-07
TXN0003883049,APP009,2025-06-07,active,623375.1,USD,APAC,CP0468,OPTION,TDR0162,BOOK_C,2025-08-14
TXN0006287157,APP006,2025-04-05,settled,896754.64,JPY,APAC,CP0206,BOND,TDR0057,BOOK_C,2025-03-01
TXN0008470031,APP005,2026-02-19,active,702946.64,CHF,LATAM,CP0015,SWAP,TDR0156,BOOK_B,2025-09-19
TXN0001330292,APP012,2025-10-01,failed,996171.51,EUR,APAC,CP0343,SWAP,TDR0182,BOOK_D,2026-04-01
TXN0007986984,APP015,2025-03-04,reversed,319546.01,GBP,AMER,CP0173,EQUITY,TDR0157,BOOK_A,2025-05-18
TXN0008198466,APP009,2025-02-09,failed,555972.0,CHF,EMEA,CP0472,FX,TDR0082,BOOK_A,2026-01-07
TXN0004145646,APP020,2025-06-13,active,694375.75,JPY,APAC,CP0082,SWAP,TDR0057,BOOK_B,2025-04-07
TXN0002187026,APP017,2025-02-13,reversed,985922.7,EUR,AMER,CP0067,EQUITY,TDR0105,BOOK_C,2025-03-31
TXN0001730730,APP016,2026-02-16,settled,410664.68,JPY,EMEA,CP0469,FX,TDR0171,BOOK_C,2026-03-14
TXN0002516462,APP015,2025-04-24,settled,230338.36,GBP,LATAM,CP0342,SWAP,TDR0115,BOOK_C,2025-11-16
TXN0002608672,APP017,2025-08-17,failed,301477.4,GBP,LATAM,CP0475,EQUITY,TDR0111,BOOK_A,2025-05-04
TXN0004573641,APP005,2026-01-01,reversed,50054.85,GBP,AMER,CP0014,FX,TDR0079,BOOK_D,2025-06-23
TXN0000848644,APP005,2025-12-10,settled,228428.24,EUR,EMEA,CP0181,FUTURE,TDR0134,BOOK_A,2025-05-08
TXN0008014666,APP003,2026-01-01,failed,222156.82,AUD,APAC,CP0324,BOND,TDR0129,BOOK_A,2025-01-25
TXN0001150168,APP019,2026-02-26,pending,835836.77,JPY,LATAM,CP0084,SWAP,TDR0074,BOOK_D,2025-08-10
TXN0008979828,APP017,2025-08-26,reversed,762069.81,EUR,EMEA,CP0279,OPTION,TDR0038,BOOK_D,2025-10-01
TXN0001221681,APP003,2026-02-04,pending,615334.67,CHF,LATAM,CP0249,FUTURE,TDR0082,BOOK_D,2025-12-19
TXN0006773709,APP017,2025-07-11,active,511026.61,AUD,AMER,CP0224,BOND,TDR0022,BOOK_C,2025-08-29
TXN0007010685,APP014,2025-02-19,reversed,95340.28,AUD,EMEA,CP0005,OPTION,TDR0150,BOOK_A,2026-02-17
TXN0001301844,APP007,2025-03-05,failed,868912.84,CHF,APAC,CP0269,FX,TDR0046,BOOK_C,2026-03-05
TXN0007289358,APP005,2025-10-03,reversed,737562.09,GBP,AMER,CP0452,FX,TDR0144,BOOK_C,2025-08-12
TXN0000834703,APP011,2025-07-01,reversed,353836.11,USD,EMEA,CP0429,BOND,TDR0191,BOOK_B,2025-08-09
TXN0009717006,APP003,2025-04-05,pending,934191.4,CHF,EMEA,CP0303,FUTURE,TDR0112,BOOK_C,2025-02-20
TXN0006452170,APP002,2026-02-28,active,349589.42,JPY,AMER,CP0002,EQUITY,TDR0154,BOOK_D,2025-09-04
TXN0005868426,APP014,2025-06-14,pending,399798.03,USD,EMEA,CP0013,OPTION,TDR0111,BOOK_C,2025-10-16
TXN0005511383,APP012,2025-05-17,reversed,264357.37,GBP,AMER,CP0369,OPTION,TDR0192,BOOK_C,2025-01-20
TXN0000642894,APP016,2026-02-15,pending,439353.95,JPY,APAC,CP0369,FX,TDR0140,BOOK_C,2025-01-11
TXN0003555759,APP003,2025-06-16,failed,248636.58,CHF,AMER,CP0342,SWAP,TDR0054,BOOK_B,2025-12-16
TXN0009163008,APP016,2025-10-17,active,664002.46,AUD,EMEA,CP0364,EQUITY,TDR0158,BOOK_B,2025-05-08
TXN0007225592,APP004,2025-07-06,failed,962076.9,GBP,LATAM,CP0353,SWAP,TDR0132,BOOK_A,2025-12-02
TXN0005577701,APP004,2026-01-05,reversed,123288.77,GBP,AMER,CP0230,FUTURE,TDR0051,BOOK_C,2025-02-20
TXN0008370123,APP017,2026-01-22,settled,604238.72,AUD,LATAM,CP0278,SWAP,TDR0060,BOOK_D,2025-11-17
TXN0005088984,APP017,2026-03-12,settled,134258.1,CHF,APAC,CP0334,FX,TDR0068,BOOK_C,2025-12-17
TXN0007851232,APP018,2025-12-09,reversed,337910.91,CHF,APAC,CP0436,SWAP,TDR0181,BOOK_C,2025-11-20
TXN0006110706,APP018,2025-04-09,pending,409963.35,AUD,APAC,CP0277,FX,TDR0062,BOOK_B,2026-02-16
TXN0004916276,APP019,2025-02-10,reversed,846676.79,USD,LATAM,CP0329,BOND,TDR0053,BOOK_A,2025-06-13
TXN0004352316,APP020,2025-07-17,settled,653281.37,GBP,LATAM,CP0185,OPTION,TDR0002,BOOK_C,2025-09-01
TXN0006941198,APP010,2025-09-14,failed,993197.67,JPY,APAC,CP0089,BOND,TDR0072,BOOK_A,2025-02-02
TXN0007014966,APP009,2026-01-25,active,385676.29,EUR,LATAM,CP0461,FX,TDR0093,BOOK_C,2025-04-06
TXN0001832087,APP015,2025-12-24,active,660026.06,AUD,APAC,CP0449,SWAP,TDR0040,BOOK_A,2026-01-28
TXN0007205656,APP014,2025-08-17,settled,539829.98,GBP,LATAM,CP0279,OPTION,TDR0190,BOOK_A,2025-01-25
TXN0001992822,APP008,2025-11-14,settled,435007.07,CHF,LATAM,CP0071,OPTION,TDR0028,BOOK_A,2025-06-15
TXN0009611726,APP001,2026-01-12,failed,54432.98,CHF,APAC,CP0433,SWAP,TDR0014,BOOK_D,2025-09-24
TXN0004162189,APP015,2025-03-29,pending,904411.65,AUD,EMEA,CP0071,EQUITY,TDR0086,BOOK_C,2026-03-22
TXN0005269827,APP012,2025-08-30,active,605422.04,JPY,APAC,CP0288,EQUITY,TDR0040,BOOK_C,2025-09-05
TXN0005462784,APP014,2025-07-13,reversed,503764.18,CHF,LATAM,CP0278,SWAP,TDR0129,BOOK_A,2025-03-14
TXN0001026576,APP020,2026-02-20,settled,776290.99,CHF,APAC,CP0309,SWAP,TDR0059,BOOK_B,2025-10-24
TXN0008312289,APP017,2025-03-23,pending,992700.7,JPY,LATAM,CP0359,EQUITY,TDR0025,BOOK_B,2025-12-14
TXN0008281719,APP009,2025-01-14,settled,393210.9,CHF,EMEA,CP0045,BOND,TDR0111,BOOK_A,2025-09-20
TXN0003306619,APP008,2025-10-10,active,194118.68,USD,EMEA,CP0468,OPTION,TDR0141,BOOK_A,2025-01-27
TXN0005468213,APP015,2026-02-02,failed,926155.25,CHF,LATAM,CP0266,OPTION,TDR0123,BOOK_A,2026-02-23
TXN0001698765,APP006,2025-08-14,reversed,47638.02,GBP,EMEA,CP0115,EQUITY,TDR0007,BOOK_B,2025-05-05
TXN0002977669,APP018,2025-01-15,active,592047.12,CHF,EMEA,CP0366,FX,TDR0095,BOOK_B,2025-04-06
TXN0001629214,APP004,2025-11-09,pending,949091.49,JPY,EMEA,CP0225,FX,TDR0021,BOOK_A,2025-06-28
TXN0002415687,APP003,2025-07-16,pending,339074.03,USD,LATAM,CP0330,FX,TDR0126,BOOK_C,2026-01-25
TXN0003535480,APP010,2025-07-13,failed,167474.12,GBP,AMER,CP0467,OPTION,TDR0199,BOOK_C,2025-06-09
TXN0005470160,APP006,2025-06-16,pending,526156.15,EUR,LATAM,CP0485,EQUITY,TDR0015,BOOK_D,2025-07-08
TXN0006798040,APP014,2025-11-01,pending,261424.96,USD,LATAM,CP0038,OPTION,TDR0071,BOOK_A,2026-04-12
TXN0008783709,APP005,2026-03-27,failed,103518.21,AUD,EMEA,CP0180,FX,TDR0075,BOOK_D,2026-02-21
TXN0007164345,APP009,2025-12-21,active,995821.33,AUD,AMER,CP0129,FX,TDR0018,BOOK_A,2025-06-10
TXN0001976726,APP010,2025-09-24,pending,190367.99,GBP,EMEA,CP0113,FUTURE,TDR0198,BOOK_B,2026-03-18
TXN0005610245,APP001,2025-03-02,failed,21932.98,EUR,EMEA,CP0188,SWAP,TDR0152,BOOK_A,2025-06-11
TXN0004794980,APP015,2025-03-04,active,144958.05,JPY,LATAM,CP0204,FX,TDR0122,BOOK_D,2025-12-02
TXN0001785874,APP015,2025-02-13,active,622962.73,JPY,LATAM,CP0421,BOND,TDR0151,BOOK_D,2026-03-29
TXN0009244285,APP016,2026-01-20,pending,320057.2,USD,EMEA,CP0190,FUTURE,TDR0192,BOOK_C,2025-02-11
TXN0005929836,APP019,2025-10-15,reversed,511034.73,AUD,EMEA,CP0095,BOND,TDR0109,BOOK_C,2026-03-19
TXN0005483785,APP004,2025-03-31,reversed,462539.46,GBP,LATAM,CP0249,FX,TDR0192,BOOK_C,2026-01-08
TXN0007232158,APP013,2026-03-27,failed,236817.16,EUR,APAC,CP0422,BOND,TDR0008,BOOK_D,2025-07-18
TXN0004487495,APP002,2025-04-21,active,385143.4,JPY,APAC,CP0145,FUTURE,TDR0126,BOOK_A,2025-05-21
TXN0005730989,APP002,2025-11-13,failed,405252.0,JPY,AMER,CP0147,OPTION,TDR0123,BOOK_A,2025-05-19
TXN0002439706,APP013,2025-12-14,reversed,131463.9,JPY,AMER,CP0471,BOND,TDR0008,BOOK_B,2025-10-30
TXN0000560114,APP015,2025-12-19,pending,900702.09,GBP,LATAM,CP0314,EQUITY,TDR0085,BOOK_B,2025-09-10
TXN0001102610,APP001,2026-02-14,settled,749006.44,GBP,APAC,CP0404,OPTION,TDR0068,BOOK_A,2025-11-07
TXN0003557010,APP008,2026-01-26,reversed,357260.88,CHF,EMEA,CP0280,EQUITY,TDR0169,BOOK_B,2025-06-25
TXN0009541309,APP001,2025-11-22,pending,616038.64,EUR,EMEA,CP0083,FX,TDR0090,BOOK_D,2025-02-14
TXN0003020040,APP007,2025-04-07,pending,555950.51,USD,AMER,CP0188,SWAP,TDR0028,BOOK_B,2025-04-11
TXN0008617603,APP004,2026-01-21,settled,915363.71,CHF,AMER,CP0241,OPTION,TDR0043,BOOK_D,2026-02-23
TXN0008523717,APP006,2025-02-06,reversed,422546.15,CHF,APAC,CP0175,BOND,TDR0067,BOOK_B,2025-09-10
TXN0008882270,APP005,2026-01-25,pending,809847.18,AUD,LATAM,CP0411,FUTURE,TDR0018,BOOK_C,2025-03-31
TXN0002087563,APP005,2026-04-14,pending,294086.23,EUR,EMEA,CP0427,BOND,TDR0090,BOOK_B,2025-04-19
TXN0002401583,APP003,2025-01-27,pending,503912.5,AUD,APAC,CP0288,BOND,TDR0155,BOOK_D,2025-12-09
TXN0006660187,APP006,2025-07-16,active,41970.99,EUR,LATAM,CP0328,BOND,TDR0163,BOOK_A,2026-02-28
TXN0007934975,APP010,2026-01-13,reversed,10433.79,JPY,AMER,CP0153,FUTURE,TDR0093,BOOK_C,2025-08-04
TXN0003817254,APP005,2026-01-10,settled,112522.69,USD,EMEA,CP0155,EQUITY,TDR0162,BOOK_D,2025-12-20
TXN0009473922,APP009,2025-07-06,reversed,156947.32,JPY,EMEA,CP0317,SWAP,TDR0102,BOOK_B,2025-03-04
TXN0005738897,APP014,2025-07-21,pending,539446.67,AUD,EMEA,CP0396,EQUITY,TDR0110,BOOK_C,2025-02-03
TXN0001867409,APP019,2025-06-28,pending,655488.5,JPY,APAC,CP0251,FX,TDR0053,BOOK_C,2025-01-31
TXN0002950232,APP009,2025-08-12,reversed,384771.65,JPY,EMEA,CP0381,SWAP,TDR0167,BOOK_B,2025-02-07
TXN0006371422,APP014,2025-08-26,failed,213075.46,GBP,EMEA,CP0439,BOND,TDR0120,BOOK_A,2026-01-21
TXN0005436875,APP005,2025-10-25,failed,215386.58,EUR,APAC,CP0167,BOND,TDR0115,BOOK_D,2025-03-13
TXN0002909689,APP018,2025-12-20,reversed,589252.04,USD,EMEA,CP0445,BOND,TDR0038,BOOK_A,2026-01-23
TXN0005563815,APP014,2025-09-14,settled,485622.94,CHF,EMEA,CP0014,BOND,TDR0136,BOOK_B,2025-11-23
TXN0003156610,APP006,2025-02-17,reversed,225989.18,EUR,LATAM,CP0314,FX,TDR0039,BOOK_A,2025-08-18
TXN0005846161,APP013,2026-01-28,reversed,231344.26,JPY,AMER,CP0293,FUTURE,TDR0150,BOOK_D,2025-04-18
TXN0008814013,APP004,2025-01-24,reversed,765285.33,GBP,APAC,CP0407,EQUITY,TDR0101,BOOK_C,2026-01-27
TXN0004059761,APP009,2025-04-09,settled,150302.95,USD,EMEA,CP0255,FX,TDR0171,BOOK_A,2025-11-02
TXN0002720035,APP013,2026-02-28,failed,10230.07,AUD,AMER,CP0192,OPTION,TDR0197,BOOK_D,2026-02-06
TXN0006602162,APP004,2025-12-19,active,310551.77,USD,LATAM,CP0303,FX,TDR0101,BOOK_B,2025-03-01
TXN0008552061,APP018,2025-01-24,reversed,192011.23,GBP,APAC,CP0176,EQUITY,TDR0061,BOOK_D,2026-01-27
TXN0001790815,APP002,2025-04-10,failed,757748.97,GBP,APAC,CP0349,SWAP,TDR0083,BOOK_C,2025-05-10
TXN0008129861,APP005,2025-09-01,pending,659790.45,JPY,AMER,CP0280,FX,TDR0133,BOOK_B,2025-08-07
TXN0007417276,APP011,2025-07-23,failed,896905.46,CHF,EMEA,CP0157,OPTION,TDR0130,BOOK_B,2025-01-18
TXN0006394980,APP009,2025-09-12,settled,646973.22,AUD,APAC,CP0469,EQUITY,TDR0042,BOOK_A,2025-06-28
TXN0008488892,APP004,2025-01-30,reversed,304306.84,AUD,APAC,CP0230,EQUITY,TDR0059,BOOK_A,2026-01-07
TXN0007816214,APP007,2026-03-04,reversed,814377.43,JPY,AMER,CP0193,FX,TDR0182,BOOK_D,2025-08-29
TXN0001454347,APP015,2025-02-13,failed,199543.81,AUD,APAC,CP0336,SWAP,TDR0175,BOOK_D,2025-03-30
TXN0001874137,APP003,2025-01-07,pending,421909.3,EUR,LATAM,CP0018,BOND,TDR0117,BOOK_C,2025-01-15
TXN0004572770,APP011,2025-07-21,active,358462.89,AUD,LATAM,CP0205,OPTION,TDR0153,BOOK_C,2026-03-09
TXN0000517956,APP015,2025-02-17,settled,417180.58,USD,APAC,CP0176,FX,TDR0063,BOOK_B,2025-10-07
TXN0009337183,APP009,2025-07-13,settled,326841.69,AUD,EMEA,CP0369,EQUITY,TDR0151,BOOK_B,2026-02-26
TXN0007267668,APP007,2025-12-07,settled,427029.52,AUD,LATAM,CP0413,OPTION,TDR0067,BOOK_C,2025-08-23
TXN0001322486,APP017,2025-04-18,active,324589.01,CHF,EMEA,CP0028,FUTURE,TDR0013,BOOK_A,2025-03-27
TXN0003684606,APP013,2025-09-16,failed,449585.91,JPY,AMER,CP0040,EQUITY,TDR0062,BOOK_A,2026-03-17
TXN0002068379,APP004,2025-03-17,settled,873148.33,AUD,APAC,CP0060,FX,TDR0130,BOOK_A,2025-10-01
TXN0006298759,APP008,2025-10-13,active,117723.33,EUR,LATAM,CP0262,FX,TDR0108,BOOK_C,2025-05-21
TXN0003562918,APP010,2025-09-03,reversed,936916.53,JPY,EMEA,CP0170,EQUITY,TDR0147,BOOK_B,2025-11-11
TXN0008307704,APP001,2025-02-03,pending,41279.4,AUD,APAC,CP0210,FUTURE,TDR0173,BOOK_C,2025-06-10
TXN0006267507,APP011,2026-03-04,settled,595959.93,JPY,LATAM,CP0053,EQUITY,TDR0029,BOOK_C,2025-12-24
TXN0001452270,APP010,2025-05-23,settled,705933.7,EUR,EMEA,CP0195,FUTURE,TDR0146,BOOK_A,2025-01-27
TXN0005186627,APP015,2026-03-26,settled,130442.97,EUR,EMEA,CP0076,BOND,TDR0075,BOOK_C,2025-10-31
TXN0007989803,APP020,2025-03-05,reversed,35801.33,AUD,EMEA,CP0348,SWAP,TDR0199,BOOK_A,2025-05-04
TXN0000417945,APP002,2026-04-14,failed,588621.16,EUR,LATAM,CP0358,OPTION,TDR0070,BOOK_B,2025-04-15
TXN0001099096,APP011,2025-01-02,pending,131173.64,USD,AMER,CP0188,OPTION,TDR0125,BOOK_C,2025-06-14
TXN0006895559,APP016,2025-09-01,settled,868480.94,GBP,APAC,CP0029,BOND,TDR0137,BOOK_B,2025-01-21
TXN0007429403,APP009,2025-05-10,failed,325557.93,AUD,AMER,CP0493,OPTION,TDR0085,BOOK_D,2025-04-11
TXN0007335312,APP006,2026-03-02,settled,415441.84,EUR,APAC,CP0114,OPTION,TDR0147,BOOK_B,2025-10-16
TXN0006814559,APP009,2025-09-22,reversed,625575.14,AUD,EMEA,CP0241,BOND,TDR0177,BOOK_B,2026-01-06
TXN0001909804,APP007,2025-09-09,reversed,236370.31,EUR,APAC,CP0056,FUTURE,TDR0186,BOOK_B,2025-05-19
TXN0006396488,APP018,2025-07-04,failed,592385.81,USD,EMEA,CP0409,EQUITY,TDR0177,BOOK_D,2025-08-07
TXN0002314758,APP020,2026-04-10,pending,530073.22,CHF,LATAM,CP0309,OPTION,TDR0104,BOOK_D,2025-01-29
TXN0009237698,APP008,2025-12-08,pending,839529.6,EUR,LATAM,CP0232,OPTION,TDR0143,BOOK_A,2025-08-03
TXN0009674368,APP012,2026-02-14,settled,76286.85,EUR,EMEA,CP0441,BOND,TDR0015,BOOK_B,2025-01-10
TXN0006680888,APP008,2025-11-18,pending,122136.18,AUD,LATAM,CP0224,FUTURE,TDR0018,BOOK_A,2025-08-27
TXN0002571077,APP001,2026-01-16,pending,720138.17,USD,APAC,CP0409,FX,TDR0196,BOOK_D,2025-04-07
TXN0004760047,APP010,2025-10-06,active,870615.09,EUR,LATAM,CP0042,FX,TDR0084,BOOK_B,2025-06-03
TXN0001599707,APP010,2025-10-06,active,912848.36,JPY,AMER,CP0412,SWAP,TDR0065,BOOK_B,2025-10-14
TXN0001669253,APP013,2025-07-23,settled,280687.62,EUR,EMEA,CP0098,FUTURE,TDR0124,BOOK_A,2025-09-28
TXN0002020413,APP018,2025-09-20,pending,459752.53,CHF,EMEA,CP0224,OPTION,TDR0163,BOOK_D,2025-01-25
TXN0005725664,APP016,2025-06-25,active,380039.93,GBP,APAC,CP0168,BOND,TDR0110,BOOK_C,2026-03-16
TXN0005565132,APP020,2025-11-13,reversed,92894.13,USD,EMEA,CP0192,FUTURE,TDR0160,BOOK_C,2025-12-02
TXN0002339704,APP019,2026-04-12,active,866782.46,CHF,APAC,CP0343,SWAP,TDR0061,BOOK_D,2026-03-11
TXN0009825308,APP009,2025-12-23,reversed,774872.32,CHF,EMEA,CP0329,SWAP,TDR0124,BOOK_C,2026-01-24
TXN0006359586,APP006,2025-02-09,pending,344856.0,USD,AMER,CP0394,BOND,TDR0033,BOOK_D,2025-04-05
TXN0008364990,APP010,2025-11-13,pending,75871.08,CHF,LATAM,CP0277,FUTURE,TDR0020,BOOK_B,2025-02-03
TXN0007335375,APP015,2025-03-14,failed,885342.82,CHF,EMEA,CP0020,FUTURE,TDR0166,BOOK_C,2025-10-09
TXN0000743013,APP019,2025-03-04,active,189553.75,USD,AMER,CP0446,OPTION,TDR0051,BOOK_A,2025-09-19
TXN0000922151,APP004,2025-05-16,settled,992272.47,GBP,APAC,CP0338,FX,TDR0015,BOOK_A,2025-01-09
TXN0007843036,APP001,2025-03-01,reversed,400378.85,CHF,EMEA,CP0064,EQUITY,TDR0064,BOOK_A,2025-08-29
TXN0000961221,APP019,2026-02-03,reversed,172019.06,EUR,AMER,CP0225,SWAP,TDR0093,BOOK_A,2025-06-12
TXN0007769081,APP001,2026-03-30,failed,656540.59,AUD,LATAM,CP0270,BOND,TDR0022,BOOK_A,2025-10-24
TXN0008078285,APP011,2025-10-31,failed,497300.21,AUD,APAC,CP0358,EQUITY,TDR0037,BOOK_C,2026-04-13
TXN0003386950,APP013,2025-05-06,failed,402000.89,EUR,LATAM,CP0033,FX,TDR0156,BOOK_C,2025-06-13
TXN0000876067,APP012,2025-10-07,pending,542289.24,AUD,APAC,CP0367,FX,TDR0046,BOOK_B,2025-12-01
TXN0008064500,APP010,2025-06-14,pending,668291.89,JPY,AMER,CP0492,EQUITY,TDR0128,BOOK_C,2026-04-08
TXN0005828693,APP001,2025-02-20,active,280383.9,EUR,APAC,CP0376,FUTURE,TDR0060,BOOK_A,2025-06-27
TXN0000860413,APP008,2025-12-14,settled,325540.06,USD,LATAM,CP0161,EQUITY,TDR0014,BOOK_A,2025-01-28
TXN0009197979,APP004,2025-06-01,reversed,541224.94,EUR,LATAM,CP0409,BOND,TDR0107,BOOK_C,2025-03-02
TXN0001772996,APP006,2026-02-05,reversed,673346.8,AUD,AMER,CP0033,SWAP,TDR0139,BOOK_D,2025-09-28
TXN0005511884,APP004,2025-05-14,active,82150.63,AUD,AMER,CP0043,BOND,TDR0110,BOOK_A,2025-06-05
TXN0000397224,APP009,2025-02-14,reversed,955026.86,USD,AMER,CP0329,EQUITY,TDR0153,BOOK_A,2025-08-09
TXN0009882184,APP006,2025-05-10,settled,404477.63,GBP,APAC,CP0461,SWAP,TDR0122,BOOK_A,2025-07-17
TXN0007230974,APP018,2025-10-21,settled,831968.68,AUD,LATAM,CP0323,FX,TDR0132,BOOK_B,2026-02-14
TXN0007279228,APP019,2025-02-09,settled,945372.26,AUD,LATAM,CP0192,BOND,TDR0053,BOOK_B,2025-07-05
TXN0002017786,APP007,2025-05-11,reversed,421180.02,AUD,LATAM,CP0318,FX,TDR0028,BOOK_A,2026-01-16
TXN0005052436,APP019,2025-12-31,reversed,630730.34,AUD,EMEA,CP0380,EQUITY,TDR0077,BOOK_C,2025-03-04
TXN0005169250,APP017,2025-01-22,pending,536396.27,CHF,APAC,CP0040,SWAP,TDR0149,BOOK_C,2026-01-22
TXN0004476832,APP002,2025-04-03,active,500836.49,GBP,LATAM,CP0064,SWAP,TDR0069,BOOK_B,2026-02-08
TXN0009402127,APP013,2025-08-18,pending,862943.37,AUD,LATAM,CP0312,FUTURE,TDR0104,BOOK_B,2025-09-25
TXN0000890146,APP013,2025-10-05,reversed,771451.79,USD,APAC,CP0312,FX,TDR0047,BOOK_D,2025-03-09
TXN0004716818,APP020,2025-06-05,reversed,740790.98,JPY,LATAM,CP0016,EQUITY,TDR0033,BOOK_D,2025-10-12
TXN0008442852,APP015,2025-06-16,settled,537590.66,GBP,AMER,CP0459,FX,TDR0039,BOOK_C,2025-08-10
TXN0008944208,APP003,2025-12-16,active,467684.03,EUR,APAC,CP0132,SWAP,TDR0130,BOOK_C,2025-01-13
TXN0002558940,APP007,2026-02-25,settled,263272.82,JPY,LATAM,CP0280,OPTION,TDR0045,BOOK_D,2025-10-11
TXN0006657982,APP003,2026-01-15,pending,904413.6,EUR,AMER,CP0325,EQUITY,TDR0004,BOOK_A,2025-11-08
TXN0003693439,APP011,2025-01-08,active,382314.51,USD,LATAM,CP0373,EQUITY,TDR0159,BOOK_D,2025-04-15
TXN0007148561,APP001,2026-02-12,pending,646410.18,EUR,AMER,CP0361,BOND,TDR0056,BOOK_D,2025-12-07
TXN0006832294,APP019,2025-01-13,active,463599.33,JPY,EMEA,CP0161,SWAP,TDR0107,BOOK_B,2026-01-12
TXN0002733075,APP020,2025-01-29,settled,786410.72,EUR,AMER,CP0422,FUTURE,TDR0099,BOOK_D,2025-02-13
TXN0000324775,APP008,2025-10-15,settled,611033.07,CHF,APAC,CP0467,BOND,TDR0139,BOOK_D,2025-12-15
TXN0002222131,APP006,2025-07-06,settled,189475.84,JPY,LATAM,CP0213,FUTURE,TDR0008,BOOK_B,2025-08-01
TXN0008135777,APP020,2025-08-02,active,36132.61,USD,AMER,CP0027,FUTURE,TDR0111,BOOK_D,2025-09-07
TXN0009779069,APP015,2025-01-12,pending,520826.55,JPY,AMER,CP0324,EQUITY,TDR0109,BOOK_D,2025-07-29
TXN0006160529,APP002,2025-06-12,reversed,936200.77,EUR,AMER,CP0458,SWAP,TDR0064,BOOK_A,2025-03-15
TXN0003612576,APP008,2026-04-07,pending,633511.92,AUD,EMEA,CP0468,FUTURE,TDR0149,BOOK_D,2025-09-17
TXN0005338937,APP014,2026-03-15,settled,559881.97,GBP,LATAM,CP0055,OPTION,TDR0068,BOOK_A,2025-02-07
TXN0003829679,APP020,2025-06-10,active,752840.44,CHF,APAC,CP0458,FX,TDR0074,BOOK_D,2026-04-03
TXN0002199878,APP017,2025-06-16,settled,642572.69,CHF,EMEA,CP0446,OPTION,TDR0016,BOOK_A,2025-12-19
TXN0009533254,APP020,2025-06-23,reversed,840978.26,USD,EMEA,CP0021,FUTURE,TDR0179,BOOK_B,2025-07-18
TXN0000050943,APP006,2025-01-25,pending,848610.16,CHF,APAC,CP0018,EQUITY,TDR0150,BOOK_C,2025-06-16
TXN0000442966,APP005,2025-01-02,active,310584.22,CHF,APAC,CP0376,SWAP,TDR0082,BOOK_D,2025-06-15
TXN0007539909,APP019,2025-04-29,failed,36819.19,GBP,LATAM,CP0090,BOND,TDR0109,BOOK_A,2026-03-06
TXN0006724711,APP007,2026-03-05,settled,611142.86,AUD,EMEA,CP0117,EQUITY,TDR0047,BOOK_A,2026-01-08
TXN0008165606,APP020,2026-01-04,reversed,207677.7,USD,APAC,CP0229,BOND,TDR0022,BOOK_C,2026-02-19
TXN0003543959,APP002,2026-03-04,reversed,170322.8,CHF,EMEA,CP0334,EQUITY,TDR0020,BOOK_A,2025-04-19
TXN0000613056,APP002,2025-02-03,reversed,213721.61,JPY,APAC,CP0227,FX,TDR0017,BOOK_C,2026-04-09
TXN0006776099,APP006,2025-09-02,failed,339486.29,EUR,LATAM,CP0252,FX,TDR0109,BOOK_D,2025-05-03
TXN0005909688,APP008,2025-10-21,active,78104.14,JPY,EMEA,CP0151,BOND,TDR0024,BOOK_A,2025-11-01
TXN0008834920,APP008,2025-07-30,failed,26792.47,USD,AMER,CP0135,FUTURE,TDR0008,BOOK_B,2026-01-28
TXN0001183934,APP002,2026-03-15,reversed,687458.54,CHF,APAC,CP0297,FX,TDR0012,BOOK_B,2025-10-10
TXN0009708819,APP012,2026-02-17,settled,998505.56,AUD,AMER,CP0431,FUTURE,TDR0091,BOOK_B,2026-02-24
TXN0004889206,APP004,2025-01-21,reversed,507004.74,GBP,EMEA,CP0180,FUTURE,TDR0073,BOOK_C,2025-04-24
TXN0007548703,APP004,2025-09-10,reversed,803810.14,USD,AMER,CP0325,FX,TDR0027,BOOK_D,2025-01-19
TXN0001686968,APP013,2025-03-27,reversed,440497.55,JPY,APAC,CP0333,EQUITY,TDR0059,BOOK_C,2025-05-25
TXN0009325686,APP004,2025-06-13,pending,595030.01,EUR,EMEA,CP0012,OPTION,TDR0106,BOOK_B,2025-03-14
TXN0008353835,APP005,2025-09-23,reversed,181770.01,GBP,LATAM,CP0073,SWAP,TDR0115,BOOK_D,2025-03-06
TXN0003145721,APP018,2026-03-30,active,664132.5,USD,AMER,CP0441,BOND,TDR0196,BOOK_B,2025-10-02
TXN0002446116,APP018,2025-03-03,failed,77107.62,USD,LATAM,CP0324,SWAP,TDR0062,BOOK_D,2026-04-10
TXN0005195851,APP011,2026-02-22,reversed,785918.14,GBP,AMER,CP0353,FUTURE,TDR0185,BOOK_D,2025-06-26
TXN0005927426,APP013,2025-12-12,failed,16345.7,GBP,AMER,CP0361,OPTION,TDR0024,BOOK_D,2025-11-21
TXN0001643274,APP003,2025-01-05,active,737931.94,AUD,EMEA,CP0102,OPTION,TDR0105,BOOK_D,2025-08-17
TXN0001997095,APP003,2026-01-28,settled,926697.52,EUR,LATAM,CP0357,FX,TDR0190,BOOK_C,2026-03-21
TXN0004811450,APP011,2025-02-13,pending,100044.06,JPY,APAC,CP0142,EQUITY,TDR0175,BOOK_B,2025-11-10
TXN0001840674,APP012,2026-02-11,pending,240696.86,EUR,LATAM,CP0220,OPTION,TDR0013,BOOK_C,2025-09-01
TXN0000593959,APP009,2025-03-24,active,444814.07,CHF,EMEA,CP0475,BOND,TDR0043,BOOK_D,2025-10-23
TXN0007785502,APP016,2025-06-28,settled,353446.34,AUD,LATAM,CP0137,FUTURE,TDR0131,BOOK_B,2025-05-02
TXN0008851908,APP007,2025-05-20,reversed,902162.08,JPY,APAC,CP0418,BOND,TDR0097,BOOK_A,2026-03-06
TXN0001459059,APP003,2025-11-14,active,971033.17,JPY,APAC,CP0168,SWAP,TDR0166,BOOK_C,2026-01-05
TXN0009607646,APP007,2025-07-19,failed,540132.48,CHF,APAC,CP0365,BOND,TDR0022,BOOK_B,2025-02-22
TXN0004745693,APP010,2026-03-17,reversed,91617.98,CHF,APAC,CP0458,FUTURE,TDR0185,BOOK_C,2025-12-02
TXN0007556321,APP006,2026-03-09,pending,726454.62,AUD,EMEA,CP0008,SWAP,TDR0054,BOOK_C,2025-12-03
TXN0006994726,APP015,2025-02-27,reversed,20742.66,CHF,EMEA,CP0195,BOND,TDR0031,BOOK_C,2025-11-20
TXN0000274620,APP016,2025-10-18,reversed,744000.43,GBP,AMER,CP0418,EQUITY,TDR0084,BOOK_D,2025-01-29
TXN0002462321,APP010,2025-01-03,pending,780895.14,EUR,APAC,CP0013,BOND,TDR0096,BOOK_D,2025-06-13
TXN0002766412,APP002,2025-08-25,pending,272813.24,GBP,LATAM,CP0208,SWAP,TDR0175,BOOK_C,2025-11-23
TXN0005013678,APP004,2026-02-09,reversed,185902.5,EUR,EMEA,CP0253,FUTURE,TDR0153,BOOK_C,2025-04-16
TXN0002021652,APP006,2025-06-05,active,430782.97,AUD,EMEA,CP0121,EQUITY,TDR0062,BOOK_C,2026-01-07
TXN0004076312,APP006,2025-12-07,failed,985003.43,USD,EMEA,CP0073,BOND,TDR0104,BOOK_D,2026-02-08
TXN0003839120,APP013,2025-03-10,failed,44381.74,USD,AMER,CP0454,FUTURE,TDR0024,BOOK_B,2025-02-01
TXN0001673485,APP010,2025-06-22,settled,869871.28,USD,LATAM,CP0270,SWAP,TDR0005,BOOK_C,2025-10-27
TXN0000973436,APP002,2025-03-27,active,248524.49,JPY,APAC,CP0258,FX,TDR0020,BOOK_B,2026-03-27
TXN0007152391,APP005,2025-10-22,pending,283209.23,JPY,EMEA,CP0096,FUTURE,TDR0120,BOOK_C,2026-01-07
TXN0006896241,APP011,2025-02-04,failed,134322.35,GBP,AMER,CP0057,EQUITY,TDR0057,BOOK_C,2025-09-25
TXN0004561525,APP011,2025-05-05,reversed,952221.07,GBP,LATAM,CP0428,FUTURE,TDR0040,BOOK_D,2025-08-01
TXN0002536948,APP001,2026-04-07,pending,671156.53,CHF,EMEA,CP0050,SWAP,TDR0136,BOOK_C,2025-07-18
TXN0009008194,APP003,2025-10-22,pending,494950.69,JPY,AMER,CP0461,SWAP,TDR0040,BOOK_B,2025-10-29
TXN0000591855,APP002,2025-02-26,reversed,686719.02,GBP,LATAM,CP0368,BOND,TDR0078,BOOK_C,2025-11-14
TXN0001680053,APP018,2025-06-16,failed,801596.67,JPY,LATAM,CP0007,SWAP,TDR0032,BOOK_B,2025-02-10
TXN0008979424,APP008,2025-11-07,pending,52561.71,USD,EMEA,CP0477,FX,TDR0157,BOOK_C,2026-02-09
TXN0006400370,APP016,2026-01-02,reversed,145453.34,GBP,APAC,CP0217,SWAP,TDR0138,BOOK_A,2025-04-16
TXN0006280233,APP018,2025-01-08,settled,505293.39,AUD,APAC,CP0078,OPTION,TDR0154,BOOK_A,2025-09-16
TXN0006142499,APP001,2026-03-02,failed,275466.2,GBP,AMER,CP0411,OPTION,TDR0191,BOOK_C,2025-10-13
TXN0000666228,APP019,2026-03-03,reversed,725672.5,EUR,EMEA,CP0236,EQUITY,TDR0087,BOOK_C,2026-02-09
TXN0007187699,APP020,2025-01-30,active,441192.37,CHF,AMER,CP0023,EQUITY,TDR0080,BOOK_C,2025-03-20
TXN0000265143,APP014,2025-06-25,settled,887608.24,EUR,EMEA,CP0420,OPTION,TDR0099,BOOK_D,2025-01-01
TXN0002726430,APP008,2026-04-01,pending,39749.43,USD,LATAM,CP0105,FX,TDR0034,BOOK_C,2025-02-21
TXN0009117727,APP015,2025-06-11,failed,341391.44,EUR,LATAM,CP0282,OPTION,TDR0167,BOOK_D,2026-03-16
TXN0001364036,APP017,2025-09-13,settled,90908.79,EUR,AMER,CP0264,BOND,TDR0101,BOOK_A,2025-02-02
TXN0007903688,APP001,2025-07-27,pending,926817.63,EUR,AMER,CP0107,FUTURE,TDR0189,BOOK_D,2025-04-21
TXN0007080493,APP015,2025-08-26,reversed,239589.33,AUD,AMER,CP0322,OPTION,TDR0179,BOOK_B,2025-04-19
TXN0008601119,APP004,2025-02-15,reversed,879392.74,AUD,LATAM,CP0209,BOND,TDR0100,BOOK_D,2026-02-20
TXN0009880095,APP019,2026-04-07,reversed,284217.06,EUR,AMER,CP0036,FX,TDR0139,BOOK_B,2025-01-22
TXN0002278132,APP016,2026-03-16,failed,364839.35,JPY,AMER,CP0477,SWAP,TDR0147,BOOK_B,2025-07-25
TXN0008925800,APP012,2026-04-11,reversed,804452.23,GBP,AMER,CP0499,FX,TDR0195,BOOK_C,2025-01-23
TXN0006168779,APP010,2025-12-30,settled,368114.12,GBP,EMEA,CP0125,EQUITY,TDR0022,BOOK_D,2025-11-15
TXN0003160242,APP002,2025-06-27,settled,453227.51,AUD,APAC,CP0168,FX,TDR0030,BOOK_C,2025-06-11
TXN0001391535,APP002,2025-04-13,settled,120879.41,USD,AMER,CP0033,FUTURE,TDR0083,BOOK_D,2026-02-11
TXN0001438007,APP017,2025-04-04,active,273634.9,EUR,EMEA,CP0197,FX,TDR0118,BOOK_D,2025-09-07
TXN0005060169,APP011,2025-05-27,failed,612313.68,AUD,APAC,CP0001,FUTURE,TDR0078,BOOK_A,2025-11-06
TXN0000597963,APP007,2025-11-15,settled,702958.14,JPY,APAC,CP0054,SWAP,TDR0153,BOOK_C,2025-04-21
TXN0001906810,APP001,2025-09-05,active,222266.74,JPY,EMEA,CP0466,FX,TDR0195,BOOK_B,2025-12-07
TXN0007373256,APP005,2026-03-10,settled,598849.0,AUD,AMER,CP0322,OPTION,TDR0020,BOOK_B,2025-07-07
TXN0005717340,APP008,2025-07-17,reversed,973810.1,EUR,APAC,CP0206,OPTION,TDR0124,BOOK_A,2026-01-15
TXN0002667262,APP020,2025-11-01,failed,814498.54,GBP,EMEA,CP0481,OPTION,TDR0200,BOOK_D,2025-07-23
TXN0003120562,APP008,2026-02-01,settled,824214.32,AUD,APAC,CP0358,FUTURE,TDR0055,BOOK_A,2025-03-05
TXN0004919560,APP007,2026-01-24,pending,837418.15,EUR,LATAM,CP0422,EQUITY,TDR0042,BOOK_C,2025-09-21
TXN0008888740,APP020,2025-07-28,settled,953320.95,USD,LATAM,CP0129,FUTURE,TDR0180,BOOK_B,2025-10-12
TXN0001809836,APP018,2026-04-06,failed,980963.19,AUD,APAC,CP0028,EQUITY,TDR0155,BOOK_B,2025-07-14
TXN0005686150,APP001,2026-01-19,settled,446781.74,CHF,APAC,CP0216,FX,TDR0086,BOOK_A,2025-12-17
TXN0007309402,APP013,2025-03-30,pending,491431.77,GBP,APAC,CP0083,SWAP,TDR0068,BOOK_D,2025-03-13
TXN0000484477,APP009,2025-06-15,pending,538108.04,EUR,AMER,CP0267,OPTION,TDR0188,BOOK_C,2025-11-06
TXN0008865090,APP011,2026-01-05,failed,877162.68,JPY,AMER,CP0130,EQUITY,TDR0180,BOOK_A,2025-01-25
TXN0005612057,APP005,2025-02-17,failed,898532.52,CHF,EMEA,CP0128,EQUITY,TDR0055,BOOK_D,2025-10-17
TXN0002265284,APP016,2025-03-21,reversed,31542.35,JPY,EMEA,CP0062,OPTION,TDR0016,BOOK_A,2025-12-03
TXN0008189299,APP019,2026-03-10,settled,792707.4,GBP,EMEA,CP0063,FUTURE,TDR0023,BOOK_C,2025-04-28
TXN0004449555,APP019,2025-07-30,pending,41210.73,AUD,AMER,CP0272,BOND,TDR0030,BOOK_D,2025-07-27
TXN0008957062,APP005,2025-05-12,pending,112783.99,EUR,LATAM,CP0065,SWAP,TDR0008,BOOK_D,2025-08-04
TXN0000710648,APP016,2025-09-14,settled,332697.88,JPY,EMEA,CP0464,BOND,TDR0056,BOOK_B,2026-02-26
TXN0006005776,APP007,2025-10-27,reversed,887854.03,CHF,AMER,CP0198,SWAP,TDR0042,BOOK_D,2025-02-26
TXN0009496232,APP014,2025-02-17,failed,91287.83,CHF,LATAM,CP0411,SWAP,TDR0127,BOOK_C,2026-02-05
TXN0008108493,APP008,2025-08-24,reversed,984228.73,CHF,LATAM,CP0149,SWAP,TDR0130,BOOK_C,2025-08-18
TXN0007797320,APP012,2025-03-20,active,471829.42,GBP,EMEA,CP0422,FX,TDR0029,BOOK_D,2025-07-14
TXN0007021252,APP010,2025-05-18,active,711572.39,CHF,EMEA,CP0339,FUTURE,TDR0147,BOOK_B,2025-11-11
TXN0006644317,APP010,2025-01-03,pending,551010.25,JPY,APAC,CP0242,BOND,TDR0183,BOOK_B,2025-06-01
TXN0005089836,APP005,2026-02-09,settled,82913.03,JPY,APAC,CP0085,EQUITY,TDR0158,BOOK_A,2025-12-15
TXN0002251327,APP004,2026-01-23,pending,456647.54,JPY,LATAM,CP0211,FUTURE,TDR0058,BOOK_D,2025-07-12
TXN0000973941,APP008,2025-08-14,active,876460.76,JPY,AMER,CP0239,SWAP,TDR0133,BOOK_B,2025-01-06
TXN0007266049,APP001,2025-04-15,settled,754113.05,USD,EMEA,CP0165,EQUITY,TDR0018,BOOK_C,2026-02-15
TXN0008999014,APP003,2025-10-23,settled,740527.86,JPY,APAC,CP0480,EQUITY,TDR0019,BOOK_A,2025-05-18
TXN0006430589,APP014,2026-02-06,failed,798015.91,CHF,AMER,CP0405,OPTION,TDR0173,BOOK_B,2025-09-12
TXN0005524665,APP009,2025-12-27,settled,749001.22,USD,AMER,CP0107,SWAP,TDR0036,BOOK_B,2025-08-21
TXN0009146552,APP006,2025-06-19,reversed,328646.41,GBP,LATAM,CP0419,FX,TDR0002,BOOK_A,2025-06-14
TXN0008103869,APP015,2025-10-26,settled,322329.84,USD,AMER,CP0257,FX,TDR0137,BOOK_A,2025-08-10
TXN0002851307,APP017,2025-06-08,settled,488673.94,GBP,EMEA,CP0487,BOND,TDR0038,BOOK_B,2025-06-20
TXN0007853784,APP012,2025-01-11,failed,712694.62,USD,EMEA,CP0370,FX,TDR0108,BOOK_D,2025-03-03
TXN0008863721,APP013,2025-05-07,pending,110027.41,EUR,AMER,CP0320,BOND,TDR0010,BOOK_D,2025-04-09
TXN0002259317,APP004,2025-03-24,failed,873855.54,AUD,APAC,CP0270,OPTION,TDR0076,BOOK_A,2025-05-24
TXN0001308186,APP005,2025-03-13,failed,648432.54,CHF,AMER,CP0350,OPTION,TDR0008,BOOK_B,2026-04-11
TXN0002701369,APP011,2026-02-26,failed,953433.95,CHF,EMEA,CP0041,SWAP,TDR0079,BOOK_D,2026-02-25
TXN0008402779,APP013,2025-02-24,failed,865577.29,GBP,EMEA,CP0458,FX,TDR0030,BOOK_D,2025-09-22
TXN0006520947,APP019,2025-05-28,reversed,895162.83,USD,APAC,CP0221,OPTION,TDR0162,BOOK_D,2026-01-03
TXN0008129203,APP002,2025-03-23,failed,710531.95,USD,LATAM,CP0463,FUTURE,TDR0116,BOOK_B,2025-06-28
TXN0001358073,APP003,2025-10-18,pending,324599.29,CHF,APAC,CP0463,FUTURE,TDR0117,BOOK_B,2025-01-29
TXN0006438111,APP013,2026-01-30,pending,427681.42,AUD,APAC,CP0237,OPTION,TDR0101,BOOK_C,2025-03-19
TXN0007138464,APP011,2026-01-31,reversed,489205.47,GBP,LATAM,CP0465,FX,TDR0190,BOOK_A,2025-08-24
TXN0009293917,APP020,2025-10-22,pending,346954.23,USD,APAC,CP0332,BOND,TDR0009,BOOK_C,2025-01-08
TXN0008817150,APP014,2025-12-28,settled,769982.49,CHF,AMER,CP0264,FX,TDR0083,BOOK_A,2025-03-08
TXN0008958893,APP005,2025-06-15,settled,45502.35,EUR,LATAM,CP0248,SWAP,TDR0199,BOOK_C,2025-04-10
TXN0002287010,APP003,2025-03-12,reversed,925794.4,USD,EMEA,CP0036,BOND,TDR0068,BOOK_D,2025-06-30
TXN0000819037,APP012,2026-01-18,pending,636426.19,JPY,LATAM,CP0473,FUTURE,TDR0182,BOOK_A,2025-05-24
TXN0000013388,APP011,2025-12-25,failed,153828.93,CHF,LATAM,CP0083,FX,TDR0092,BOOK_C,2026-03-04
TXN0001297593,APP001,2025-03-20,active,719793.24,USD,LATAM,CP0039,OPTION,TDR0017,BOOK_D,2026-01-20
TXN0001350986,APP005,2026-03-11,failed,450015.16,AUD,EMEA,CP0072,FUTURE,TDR0152,BOOK_B,2025-10-04
TXN0008039439,APP018,2025-04-30,settled,761124.62,AUD,EMEA,CP0364,EQUITY,TDR0187,BOOK_D,2025-04-14
TXN0000583569,APP015,2025-12-31,failed,468467.29,EUR,AMER,CP0329,FUTURE,TDR0169,BOOK_B,2026-03-15
TXN0008006722,APP004,2026-01-31,active,293708.46,EUR,AMER,CP0213,OPTION,TDR0138,BOOK_A,2026-01-03
TXN0007027473,APP014,2026-01-08,reversed,715751.35,EUR,APAC,CP0283,FUTURE,TDR0022,BOOK_A,2025-12-08
TXN0000576044,APP008,2025-07-12,active,156116.62,GBP,LATAM,CP0413,SWAP,TDR0158,BOOK_A,2025-08-03
TXN0009318925,APP018,2025-08-01,pending,811375.9,GBP,LATAM,CP0282,OPTION,TDR0115,BOOK_B,2025-05-13
TXN0006819176,APP002,2025-05-04,reversed,701967.82,USD,EMEA,CP0378,EQUITY,TDR0138,BOOK_D,2025-07-18
TXN0007558066,APP004,2025-01-09,failed,790870.08,EUR,EMEA,CP0151,EQUITY,TDR0110,BOOK_C,2026-01-19
TXN0007135871,APP008,2026-01-31,active,735522.36,GBP,APAC,CP0457,SWAP,TDR0123,BOOK_D,2025-08-27
TXN0009083600,APP020,2025-12-30,failed,268034.49,CHF,LATAM,CP0277,BOND,TDR0050,BOOK_D,2025-11-20
TXN0006050049,APP012,2025-11-15,failed,813979.91,CHF,AMER,CP0164,BOND,TDR0196,BOOK_C,2026-01-01
TXN0003949849,APP001,2026-04-14,active,98688.45,GBP,LATAM,CP0204,SWAP,TDR0179,BOOK_D,2025-05-16
TXN0000969777,APP001,2025-06-11,settled,711034.66,GBP,EMEA,CP0486,OPTION,TDR0178,BOOK_D,2025-04-13
TXN0008424089,APP019,2025-03-06,pending,829930.14,JPY,LATAM,CP0497,BOND,TDR0112,BOOK_C,2025-05-09
TXN0004468402,APP014,2026-02-25,active,158955.28,JPY,APAC,CP0064,FX,TDR0053,BOOK_C,2026-02-12
TXN0002905693,APP011,2026-02-02,active,599811.64,JPY,APAC,CP0296,BOND,TDR0138,BOOK_C,2025-12-03
TXN0007881835,APP020,2025-05-20,settled,443946.8,EUR,EMEA,CP0179,OPTION,TDR0172,BOOK_A,2026-03-13
TXN0003597997,APP005,2025-07-27,reversed,195123.21,AUD,LATAM,CP0496,BOND,TDR0159,BOOK_D,2026-01-03
TXN0003379435,APP018,2025-05-31,active,146149.57,CHF,EMEA,CP0447,EQUITY,TDR0064,BOOK_C,2025-08-24
TXN0001544628,APP003,2025-05-24,reversed,696342.36,EUR,EMEA,CP0247,SWAP,TDR0173,BOOK_A,2025-09-03
TXN0008590881,APP015,2025-03-11,settled,322130.61,EUR,LATAM,CP0345,BOND,TDR0135,BOOK_D,2026-03-16
TXN0005227485,APP019,2025-10-19,reversed,901265.68,EUR,APAC,CP0198,OPTION,TDR0189,BOOK_B,2026-01-04
TXN0000198113,APP008,2025-03-26,settled,828784.29,GBP,LATAM,CP0486,FUTURE,TDR0132,BOOK_C,2025-11-07
TXN0004497466,APP003,2025-01-07,active,174260.21,JPY,EMEA,CP0078,EQUITY,TDR0147,BOOK_A,2026-02-01
TXN0003286940,APP001,2025-11-28,pending,131779.33,USD,APAC,CP0008,FX,TDR0188,BOOK_C,2025-10-13
TXN0000750182,APP001,2025-04-27,settled,762217.32,GBP,EMEA,CP0130,FUTURE,TDR0147,BOOK_B,2025-08-08
TXN0006652958,APP005,2025-10-22,settled,161895.17,AUD,APAC,CP0006,OPTION,TDR0094,BOOK_A,2025-07-29
TXN0002026878,APP014,2025-02-19,pending,534730.04,JPY,LATAM,CP0443,OPTION,TDR0025,BOOK_C,2026-02-23
TXN0000151092,APP006,2025-06-18,failed,393094.08,CHF,EMEA,CP0453,BOND,TDR0053,BOOK_D,2025-07-20
TXN0007733277,APP019,2025-02-10,pending,86451.4,JPY,APAC,CP0066,SWAP,TDR0173,BOOK_C,2025-01-17
TXN0005463912,APP011,2025-06-13,active,611593.0,CHF,EMEA,CP0355,EQUITY,TDR0096,BOOK_C,2025-12-05
TXN0005732394,APP002,2026-01-31,reversed,856177.0,AUD,AMER,CP0091,FUTURE,TDR0195,BOOK_B,2025-11-27
TXN0008315908,APP007,2026-04-05,active,98118.98,GBP,APAC,CP0429,FX,TDR0053,BOOK_C,2025-10-31
TXN0008801632,APP019,2025-10-03,pending,313137.77,AUD,APAC,CP0033,FX,TDR0082,BOOK_B,2025-09-05
TXN0005598251,APP013,2025-11-23,failed,671932.7,EUR,AMER,CP0068,SWAP,TDR0190,BOOK_C,2025-10-13
TXN0008376006,APP020,2025-10-07,active,811465.35,EUR,LATAM,CP0128,FX,TDR0081,BOOK_C,2025-11-14
TXN0006565946,APP015,2026-01-30,settled,218324.97,GBP,AMER,CP0142,OPTION,TDR0140,BOOK_B,2025-04-30
TXN0006479154,APP020,2025-03-28,pending,721114.72,JPY,EMEA,CP0147,EQUITY,TDR0158,BOOK_A,2025-03-01
TXN0002336536,APP019,2025-09-25,failed,475313.76,CHF,AMER,CP0312,FUTURE,TDR0180,BOOK_A,2025-07-27
TXN0009088663,APP006,2026-03-02,active,105388.82,GBP,APAC,CP0147,SWAP,TDR0157,BOOK_A,2025-04-16
TXN0008279566,APP003,2025-12-15,active,662334.63,CHF,APAC,CP0203,FX,TDR0142,BOOK_A,2025-09-17
TXN0004590092,APP009,2025-02-13,failed,307993.48,EUR,AMER,CP0194,BOND,TDR0071,BOOK_D,2025-12-07
TXN0001037253,APP012,2025-04-26,active,917635.44,GBP,AMER,CP0478,SWAP,TDR0151,BOOK_D,2025-04-25
TXN0007498827,APP014,2025-10-04,active,505453.68,AUD,LATAM,CP0474,FX,TDR0162,BOOK_A,2025-01-29
TXN0002670487,APP016,2025-05-12,pending,15742.4,GBP,APAC,CP0050,BOND,TDR0167,BOOK_C,2025-02-19
TXN0006146966,APP007,2025-05-30,active,268983.31,CHF,AMER,CP0310,BOND,TDR0140,BOOK_C,2026-03-19
TXN0002434490,APP015,2026-03-19,settled,971217.57,CHF,AMER,CP0257,OPTION,TDR0130,BOOK_B,2026-02-01
TXN0001287868,APP008,2025-09-20,reversed,440845.09,AUD,EMEA,CP0135,FX,TDR0138,BOOK_C,2025-08-19
TXN0006824862,APP012,2025-12-19,active,173806.8,USD,AMER,CP0280,EQUITY,TDR0120,BOOK_D,2026-04-04
TXN0006516040,APP018,2025-01-01,active,714956.12,GBP,EMEA,CP0497,EQUITY,TDR0182,BOOK_D,2025-10-12
TXN0000426403,APP001,2026-03-04,settled,369387.17,GBP,LATAM,CP0268,OPTION,TDR0077,BOOK_D,2025-05-18
TXN0007373185,APP015,2025-01-29,pending,75067.98,USD,LATAM,CP0315,BOND,TDR0162,BOOK_C,2026-03-13
TXN0000673091,APP013,2025-09-13,settled,566458.29,JPY,LATAM,CP0299,SWAP,TDR0143,BOOK_C,2025-04-15
TXN0006323246,APP005,2025-11-23,reversed,996827.09,GBP,AMER,CP0169,BOND,TDR0127,BOOK_D,2025-02-14
TXN0008099287,APP016,2025-05-23,reversed,857162.16,JPY,AMER,CP0404,OPTION,TDR0121,BOOK_C,2026-01-23
TXN0003561293,APP002,2025-03-12,settled,28345.33,AUD,LATAM,CP0494,FX,TDR0027,BOOK_D,2025-08-07
TXN0005322394,APP018,2026-04-06,reversed,368819.57,GBP,LATAM,CP0270,FX,TDR0118,BOOK_B,2025-03-17
TXN0002234314,APP013,2025-03-02,active,454644.16,CHF,EMEA,CP0036,FX,TDR0170,BOOK_C,2026-04-04
TXN0009274667,APP009,2026-02-19,reversed,873488.09,AUD,APAC,CP0306,BOND,TDR0168,BOOK_A,2026-03-31
TXN0007117534,APP011,2025-12-29,pending,511556.24,GBP,EMEA,CP0299,FUTURE,TDR0189,BOOK_C,2025-01-22
TXN0000519775,APP004,2025-01-17,active,434145.61,CHF,APAC,CP0319,OPTION,TDR0198,BOOK_B,2025-11-20
TXN0004409832,APP010,2025-06-04,active,168715.95,EUR,AMER,CP0110,BOND,TDR0128,BOOK_B,2025-09-03
TXN0009848143,APP017,2025-12-04,failed,859028.73,AUD,EMEA,CP0022,BOND,TDR0133,BOOK_C,2025-06-09
TXN0007646809,APP005,2025-05-25,failed,600410.26,CHF,APAC,CP0480,EQUITY,TDR0098,BOOK_C,2025-07-21
TXN0008731993,APP011,2025-04-15,settled,804183.68,AUD,EMEA,CP0018,BOND,TDR0034,BOOK_D,2025-11-18
TXN0003442472,APP010,2025-06-03,failed,777374.4,USD,AMER,CP0488,BOND,TDR0046,BOOK_B,2025-02-06
TXN0007487479,APP007,2026-03-30,failed,421287.43,AUD,APAC,CP0038,EQUITY,TDR0183,BOOK_C,2025-01-07
TXN0003205335,APP007,2025-12-02,active,671805.81,AUD,APAC,CP0105,OPTION,TDR0165,BOOK_A,2025-02-22
TXN0007456582,APP011,2025-02-27,pending,637472.15,GBP,LATAM,CP0362,OPTION,TDR0070,BOOK_B,2025-05-15
TXN0004094928,APP008,2025-02-02,active,902500.93,USD,AMER,CP0481,BOND,TDR0165,BOOK_B,2025-11-06
TXN0003298293,APP010,2025-08-21,pending,74896.94,JPY,LATAM,CP0213,FX,TDR0035,BOOK_B,2025-07-02
TXN0007711530,APP005,2025-12-17,pending,901011.25,GBP,EMEA,CP0239,SWAP,TDR0035,BOOK_C,2025-02-12
TXN0002958842,APP017,2025-05-17,pending,93898.85,USD,EMEA,CP0308,SWAP,TDR0097,BOOK_A,2025-12-21
TXN0002079629,APP011,2025-07-30,reversed,972380.69,JPY,EMEA,CP0427,EQUITY,TDR0003,BOOK_B,2026-02-18
TXN0002731178,APP002,2025-04-06,failed,178330.75,AUD,EMEA,CP0039,BOND,TDR0091,BOOK_B,2025-08-24
TXN0001746312,APP002,2026-01-13,pending,134500.86,JPY,EMEA,CP0365,FUTURE,TDR0184,BOOK_D,2026-01-31
TXN0006395300,APP020,2025-02-09,pending,215886.52,EUR,LATAM,CP0080,BOND,TDR0097,BOOK_B,2025-01-18
TXN0000734537,APP001,2025-12-22,reversed,236420.41,CHF,EMEA,CP0111,OPTION,TDR0053,BOOK_C,2026-01-05
TXN0002063385,APP019,2025-09-11,settled,432367.8,USD,EMEA,CP0497,SWAP,TDR0144,BOOK_C,2025-03-25
TXN0000018454,APP007,2025-09-26,failed,203522.86,GBP,AMER,CP0494,BOND,TDR0072,BOOK_C,2025-08-12
TXN0007986534,APP016,2025-02-05,active,875373.56,AUD,LATAM,CP0428,BOND,TDR0010,BOOK_A,2025-04-01
TXN0002485362,APP011,2026-02-28,settled,969879.31,USD,APAC,CP0212,SWAP,TDR0037,BOOK_D,2025-08-05
TXN0003028724,APP014,2025-08-17,reversed,679622.6,AUD,APAC,CP0204,BOND,TDR0194,BOOK_C,2025-12-16
TXN0006793865,APP019,2025-01-30,reversed,686509.15,EUR,EMEA,CP0054,EQUITY,TDR0122,BOOK_A,2025-11-28
TXN0000365243,APP017,2025-05-21,failed,90207.08,JPY,APAC,CP0146,FX,TDR0096,BOOK_A,2026-04-02
TXN0004658882,APP008,2025-03-14,pending,498856.54,JPY,LATAM,CP0498,FX,TDR0030,BOOK_B,2025-02-11
TXN0006078024,APP001,2026-01-16,failed,849515.73,JPY,APAC,CP0490,BOND,TDR0093,BOOK_D,2025-09-01
TXN0003402110,APP001,2026-01-22,pending,121464.65,JPY,APAC,CP0497,BOND,TDR0059,BOOK_C,2025-05-14
TXN0002499043,APP014,2026-03-07,failed,374089.47,EUR,EMEA,CP0135,FX,TDR0095,BOOK_C,2026-01-26
TXN0005357090,APP015,2025-08-06,failed,43795.44,EUR,EMEA,CP0123,FX,TDR0070,BOOK_D,2026-03-22
TXN0004037918,APP009,2025-04-06,failed,868301.81,JPY,APAC,CP0137,OPTION,TDR0176,BOOK_B,2025-06-04
TXN0005943445,APP019,2025-12-21,reversed,59601.64,USD,APAC,CP0039,EQUITY,TDR0020,BOOK_D,2025-04-27
TXN0006670534,APP007,2025-08-20,reversed,914444.57,JPY,AMER,CP0413,EQUITY,TDR0123,BOOK_A,2025-10-01
TXN0002974197,APP007,2025-04-05,pending,411123.46,AUD,AMER,CP0265,FUTURE,TDR0165,BOOK_D,2025-08-06
TXN0002277924,APP020,2025-12-17,settled,862161.89,AUD,EMEA,CP0413,FX,TDR0017,BOOK_A,2025-03-27
TXN0006628096,APP007,2025-12-18,failed,649084.09,AUD,EMEA,CP0006,FX,TDR0188,BOOK_B,2025-07-27
TXN0002139500,APP001,2025-10-30,pending,933751.85,GBP,LATAM,CP0253,SWAP,TDR0185,BOOK_A,2025-11-19
TXN0001615544,APP007,2026-02-17,pending,407078.83,EUR,EMEA,CP0423,OPTION,TDR0022,BOOK_C,2026-01-26
TXN0007319989,APP005,2026-04-14,pending,761342.42,CHF,APAC,CP0349,BOND,TDR0016,BOOK_B,2026-01-17
TXN0005801510,APP020,2026-01-17,settled,422000.04,JPY,EMEA,CP0259,FUTURE,TDR0198,BOOK_C,2026-03-15
TXN0009466976,APP010,2025-09-21,pending,420139.29,GBP,AMER,CP0155,EQUITY,TDR0035,BOOK_B,2025-03-06
TXN0001087257,APP007,2025-01-26,reversed,212595.06,AUD,LATAM,CP0477,EQUITY,TDR0058,BOOK_D,2025-08-26
TXN0008931500,APP001,2025-11-11,pending,983003.17,USD,LATAM,CP0104,FUTURE,TDR0184,BOOK_D,2025-07-16
TXN0000078539,APP011,2025-07-30,settled,139629.93,CHF,LATAM,CP0331,EQUITY,TDR0161,BOOK_D,2025-01-11
TXN0002116955,APP010,2025-10-03,failed,681124.08,GBP,EMEA,CP0496,FX,TDR0031,BOOK_B,2025-02-21
TXN0006740591,APP007,2025-09-17,failed,593836.71,CHF,APAC,CP0424,EQUITY,TDR0024,BOOK_C,2025-11-22
TXN0002572840,APP016,2025-03-08,active,542976.65,EUR,APAC,CP0080,BOND,TDR0018,BOOK_C,2025-08-02
TXN0001182082,APP020,2025-09-09,failed,690253.22,AUD,LATAM,CP0089,FX,TDR0065,BOOK_C,2025-07-27
TXN0009023835,APP012,2025-07-22,failed,161481.7,GBP,LATAM,CP0183,EQUITY,TDR0080,BOOK_B,2025-11-10
TXN0006304289,APP008,2025-05-18,reversed,413589.69,EUR,LATAM,CP0183,BOND,TDR0035,BOOK_C,2025-11-04
TXN0006575656,APP012,2025-05-10,pending,471189.11,JPY,APAC,CP0422,FUTURE,TDR0107,BOOK_B,2026-02-05
TXN0004914481,APP003,2026-03-24,settled,402684.24,EUR,EMEA,CP0355,EQUITY,TDR0109,BOOK_C,2025-06-24
TXN0008332282,APP020,2026-01-25,settled,771639.49,USD,AMER,CP0094,EQUITY,TDR0035,BOOK_A,2025-03-24
TXN0004386547,APP020,2025-04-06,active,234802.76,USD,AMER,CP0308,FUTURE,TDR0031,BOOK_A,2025-03-14
TXN0008846528,APP006,2025-07-24,reversed,78139.93,CHF,AMER,CP0449,BOND,TDR0043,BOOK_B,2025-11-22
TXN0001376221,APP014,2025-02-26,failed,325423.15,GBP,EMEA,CP0032,EQUITY,TDR0137,BOOK_A,2025-05-08
TXN0007037744,APP009,2025-07-30,pending,637717.64,CHF,APAC,CP0181,SWAP,TDR0161,BOOK_C,2025-01-31
TXN0002095531,APP010,2026-02-10,failed,458210.15,EUR,EMEA,CP0025,BOND,TDR0137,BOOK_C,2025-12-03
TXN0000060914,APP002,2025-11-24,reversed,620307.52,JPY,APAC,CP0153,SWAP,TDR0135,BOOK_B,2025-07-12
TXN0001294876,APP020,2025-09-22,pending,7223.95,CHF,AMER,CP0426,OPTION,TDR0046,BOOK_A,2025-10-13
TXN0002035465,APP015,2025-05-02,failed,678489.04,GBP,EMEA,CP0185,SWAP,TDR0198,BOOK_B,2026-01-17
TXN0007871356,APP016,2025-07-04,failed,316379.71,GBP,AMER,CP0334,FUTURE,TDR0036,BOOK_A,2025-10-21
TXN0005770326,APP007,2025-11-27,active,795453.76,JPY,AMER,CP0278,EQUITY,TDR0126,BOOK_C,2025-01-03
TXN0006969140,APP016,2026-04-01,settled,77924.97,GBP,LATAM,CP0122,SWAP,TDR0080,BOOK_A,2025-09-09
TXN0006894733,APP010,2026-02-08,active,427691.04,USD,EMEA,CP0414,EQUITY,TDR0180,BOOK_A,2026-01-31
TXN0005758808,APP002,2026-03-23,active,229550.61,USD,EMEA,CP0500,SWAP,TDR0150,BOOK_C,2025-08-01
TXN0004847728,APP013,2026-04-06,failed,464458.37,EUR,AMER,CP0387,BOND,TDR0053,BOOK_A,2026-03-13
TXN0006095983,APP002,2025-02-20,active,51039.21,GBP,AMER,CP0039,BOND,TDR0137,BOOK_D,2025-05-03
TXN0006214656,APP018,2025-06-26,pending,4589.27,CHF,LATAM,CP0071,FX,TDR0103,BOOK_C,2025-01-17
TXN0004793526,APP006,2025-07-31,active,398222.87,AUD,AMER,CP0140,BOND,TDR0046,BOOK_C,2025-10-05
TXN0003353741,APP019,2025-07-04,settled,512476.09,GBP,LATAM,CP0475,EQUITY,TDR0034,BOOK_B,2025-06-02
TXN0007475138,APP006,2026-01-25,settled,577340.38,AUD,LATAM,CP0041,BOND,TDR0116,BOOK_D,2025-04-09
TXN0000724938,APP013,2025-11-08,failed,793630.09,AUD,LATAM,CP0391,EQUITY,TDR0151,BOOK_A,2025-06-08
TXN0005868616,APP012,2025-04-13,active,275991.07,USD,LATAM,CP0368,EQUITY,TDR0054,BOOK_D,2026-02-12
TXN0008732447,APP016,2025-08-13,active,793712.32,GBP,LATAM,CP0089,FUTURE,TDR0010,BOOK_D,2025-03-03
TXN0006053233,APP010,2025-05-05,settled,305711.15,USD,LATAM,CP0478,FX,TDR0140,BOOK_C,2025-11-01
TXN0005155726,APP004,2026-03-06,active,176634.44,GBP,APAC,CP0462,FUTURE,TDR0062,BOOK_A,2025-07-28
TXN0005940696,APP019,2026-03-22,failed,665782.21,EUR,AMER,CP0118,FUTURE,TDR0199,BOOK_C,2026-01-17
TXN0009456869,APP004,2025-08-24,active,223443.8,JPY,AMER,CP0048,EQUITY,TDR0043,BOOK_A,2026-03-11
TXN0006821040,APP003,2025-09-10,failed,81665.68,AUD,LATAM,CP0263,FUTURE,TDR0076,BOOK_A,2026-03-15
TXN0005880202,APP008,2025-03-23,reversed,235508.39,JPY,AMER,CP0230,SWAP,TDR0037,BOOK_B,2026-03-20
TXN0002904999,APP018,2025-08-10,pending,700835.43,AUD,APAC,CP0249,EQUITY,TDR0059,BOOK_B,2025-12-18
TXN0007289037,APP011,2026-02-21,pending,584199.1,GBP,LATAM,CP0316,BOND,TDR0108,BOOK_D,2025-09-20
TXN0001053557,APP014,2026-01-05,pending,529279.61,AUD,EMEA,CP0098,FX,TDR0183,BOOK_A,2025-04-16
TXN0006044722,APP001,2026-01-13,settled,561625.58,EUR,APAC,CP0057,OPTION,TDR0146,BOOK_C,2025-07-01
TXN0005196036,APP014,2025-05-03,reversed,505113.86,JPY,LATAM,CP0105,OPTION,TDR0120,BOOK_C,2025-08-22
TXN0007161534,APP019,2025-06-18,reversed,697707.68,AUD,LATAM,CP0261,FUTURE,TDR0043,BOOK_B,2026-04-01
TXN0004682943,APP013,2025-05-05,failed,237768.82,CHF,LATAM,CP0333,EQUITY,TDR0114,BOOK_D,2025-11-25
TXN0008110366,APP010,2025-09-17,settled,681877.98,USD,AMER,CP0164,FX,TDR0166,BOOK_D,2025-10-28
TXN0007368134,APP016,2025-07-09,reversed,768327.63,EUR,APAC,CP0373,FUTURE,TDR0106,BOOK_A,2025-11-17
TXN0008467580,APP017,2025-07-28,reversed,836759.16,AUD,APAC,CP0438,FUTURE,TDR0117,BOOK_A,2025-01-22
TXN0006631515,APP013,2025-11-27,reversed,529311.2,EUR,EMEA,CP0004,SWAP,TDR0171,BOOK_A,2025-06-25
TXN0004208422,APP006,2025-08-29,reversed,584727.84,GBP,EMEA,CP0085,BOND,TDR0024,BOOK_C,2025-10-28
TXN0004863967,APP005,2025-11-20,failed,47885.72,GBP,AMER,CP0379,OPTION,TDR0110,BOOK_A,2026-04-11
TXN0002508106,APP011,2025-05-20,active,419403.34,CHF,AMER,CP0315,FX,TDR0040,BOOK_C,2026-03-25
TXN0006011168,APP004,2025-10-25,failed,765460.55,EUR,LATAM,CP0370,FUTURE,TDR0002,BOOK_D,2026-04-02
TXN0009022770,APP002,2025-08-19,reversed,374786.13,EUR,AMER,CP0228,FX,TDR0135,BOOK_C,2025-11-03
TXN0007364517,APP015,2025-11-26,settled,776997.47,EUR,AMER,CP0058,SWAP,TDR0006,BOOK_D,2025-01-22
TXN0004266849,APP006,2026-03-09,pending,577491.16,AUD,APAC,CP0192,EQUITY,TDR0150,BOOK_D,2025-11-23
TXN0009523076,APP006,2025-12-01,reversed,680387.15,GBP,APAC,CP0042,BOND,TDR0059,BOOK_A,2025-08-02
TXN0008082638,APP019,2025-07-08,pending,817061.46,USD,AMER,CP0281,SWAP,TDR0119,BOOK_D,2026-03-23
TXN0001417087,APP003,2025-10-18,pending,779152.15,USD,EMEA,CP0453,EQUITY,TDR0061,BOOK_C,2025-01-30
TXN0008123640,APP015,2025-10-12,pending,710252.59,EUR,LATAM,CP0205,EQUITY,TDR0144,BOOK_D,2026-01-23
TXN0002145428,APP011,2025-07-03,pending,48444.94,JPY,AMER,CP0366,FX,TDR0152,BOOK_D,2025-01-06
TXN0000640824,APP002,2026-01-06,failed,723615.79,EUR,AMER,CP0265,SWAP,TDR0106,BOOK_A,2025-08-06
TXN0002639581,APP019,2025-08-29,pending,75537.97,JPY,APAC,CP0117,FX,TDR0124,BOOK_A,2025-12-11
TXN0009349553,APP011,2026-04-12,active,983872.71,CHF,AMER,CP0226,FX,TDR0022,BOOK_D,2025-04-10
TXN0005512727,APP013,2025-07-09,active,216466.46,USD,AMER,CP0346,OPTION,TDR0052,BOOK_A,2026-03-27
TXN0002680035,APP011,2025-08-19,active,42977.15,JPY,LATAM,CP0335,BOND,TDR0074,BOOK_D,2025-06-20
TXN0007120012,APP007,2025-05-27,pending,637847.26,CHF,AMER,CP0243,EQUITY,TDR0025,BOOK_D,2025-03-15
TXN0004836102,APP007,2025-08-21,settled,434146.62,GBP,EMEA,CP0211,OPTION,TDR0107,BOOK_C,2025-06-05
TXN0002682406,APP014,2025-11-14,reversed,309739.26,JPY,APAC,CP0429,OPTION,TDR0060,BOOK_C,2026-02-06
TXN0000145674,APP013,2025-07-26,pending,835562.54,GBP,APAC,CP0155,FX,TDR0179,BOOK_D,2025-05-08
TXN0007365552,APP008,2025-11-09,reversed,277254.19,GBP,AMER,CP0177,FX,TDR0151,BOOK_C,2025-09-13
TXN0000209013,APP013,2025-07-27,active,273224.82,AUD,EMEA,CP0037,EQUITY,TDR0092,BOOK_A,2026-02-11
TXN0007027844,APP018,2025-08-03,reversed,1932.09,AUD,LATAM,CP0457,SWAP,TDR0034,BOOK_D,2025-07-24
TXN0005206879,APP003,2025-06-11,failed,446473.11,AUD,AMER,CP0163,FUTURE,TDR0100,BOOK_B,2025-08-13
TXN0005510184,APP008,2026-01-14,pending,407420.57,CHF,AMER,CP0254,OPTION,TDR0015,BOOK_B,2025-09-30
TXN0008647088,APP004,2025-07-12,pending,180755.51,CHF,EMEA,CP0300,SWAP,TDR0145,BOOK_B,2025-01-26
TXN0009167038,APP014,2025-11-07,active,605261.07,JPY,EMEA,CP0448,OPTION,TDR0105,BOOK_C,2025-11-06
TXN0006940582,APP010,2025-10-09,settled,332811.75,AUD,EMEA,CP0314,BOND,TDR0130,BOOK_B,2025-08-17
TXN0006562859,APP003,2025-09-18,failed,220084.46,CHF,LATAM,CP0060,BOND,TDR0167,BOOK_C,2025-04-20
TXN0009688620,APP005,2025-05-21,pending,65352.74,CHF,EMEA,CP0149,FX,TDR0197,BOOK_A,2025-04-05
TXN0001077914,APP014,2025-06-04,settled,27923.99,CHF,AMER,CP0414,FX,TDR0154,BOOK_B,2025-06-30
TXN0003670092,APP007,2025-01-05,failed,125084.78,CHF,AMER,CP0078,OPTION,TDR0092,BOOK_D,2025-07-03
TXN0008327581,APP013,2025-01-29,pending,163498.46,USD,AMER,CP0470,EQUITY,TDR0032,BOOK_A,2025-11-28
TXN0007101481,APP013,2025-03-05,failed,814583.63,GBP,EMEA,CP0182,OPTION,TDR0143,BOOK_A,2025-01-09
TXN0007970768,APP015,2025-10-11,reversed,547733.48,CHF,EMEA,CP0390,FUTURE,TDR0086,BOOK_A,2025-03-06
TXN0005612125,APP002,2025-06-03,active,851535.71,AUD,AMER,CP0490,FX,TDR0127,BOOK_B,2025-04-11
TXN0001342926,APP018,2025-08-13,failed,997489.6,JPY,AMER,CP0132,OPTION,TDR0143,BOOK_A,2026-03-29
TXN0003445279,APP013,2025-09-07,failed,754117.58,USD,LATAM,CP0475,FX,TDR0017,BOOK_A,2026-04-03
TXN0005660115,APP017,2025-05-14,reversed,659744.58,CHF,APAC,CP0125,BOND,TDR0165,BOOK_A,2025-04-30
TXN0001253492,APP007,2025-12-31,settled,482093.66,EUR,APAC,CP0467,FUTURE,TDR0018,BOOK_C,2025-02-11
TXN0004498249,APP015,2025-04-23,settled,257337.54,USD,APAC,CP0294,OPTION,TDR0101,BOOK_A,2025-02-24
TXN0006917599,APP006,2025-12-08,active,664069.0,USD,APAC,CP0008,EQUITY,TDR0150,BOOK_D,2026-03-13
TXN0006718496,APP006,2025-06-09,active,389486.88,AUD,APAC,CP0436,FX,TDR0020,BOOK_B,2025-12-16
TXN0004556870,APP011,2026-01-04,reversed,59042.33,USD,LATAM,CP0185,BOND,TDR0181,BOOK_B,2025-01-25
TXN0002165612,APP006,2025-02-03,active,545262.43,JPY,LATAM,CP0196,EQUITY,TDR0070,BOOK_D,2026-01-23
TXN0000142387,APP015,2025-10-17,active,543213.45,AUD,LATAM,CP0304,FX,TDR0043,BOOK_A,2025-01-09
TXN0006119659,APP019,2025-05-10,settled,70461.87,CHF,EMEA,CP0142,BOND,TDR0104,BOOK_B,2025-04-04
TXN0002943212,APP008,2025-12-25,reversed,747967.33,JPY,LATAM,CP0301,EQUITY,TDR0185,BOOK_D,2025-03-08
TXN0005902969,APP011,2026-04-02,settled,484204.82,CHF,EMEA,CP0227,OPTION,TDR0170,BOOK_D,2025-06-27
TXN0004591000,APP006,2025-12-01,active,284081.66,GBP,LATAM,CP0157,OPTION,TDR0198,BOOK_C,2025-01-05
TXN0004594288,APP012,2025-01-30,failed,900708.93,CHF,APAC,CP0246,OPTION,TDR0199,BOOK_C,2025-10-15
TXN0003111715,APP019,2025-06-24,pending,77559.24,AUD,AMER,CP0084,EQUITY,TDR0057,BOOK_A,2026-02-01
TXN0004574572,APP011,2025-11-04,failed,22571.03,JPY,APAC,CP0243,OPTION,TDR0199,BOOK_C,2026-01-27
TXN0008636090,APP009,2026-02-09,reversed,816336.22,EUR,AMER,CP0236,EQUITY,TDR0125,BOOK_B,2025-05-22
TXN0002741670,APP010,2025-08-02,active,416538.62,CHF,LATAM,CP0052,SWAP,TDR0085,BOOK_C,2026-01-24
TXN0004168154,APP003,2026-02-19,pending,199698.84,GBP,APAC,CP0475,FX,TDR0096,BOOK_D,2025-03-18
TXN0008469566,APP016,2025-02-10,settled,293867.6,GBP,LATAM,CP0109,SWAP,TDR0138,BOOK_D,2025-04-16
TXN0009307122,APP014,2025-02-13,reversed,304055.69,CHF,AMER,CP0108,BOND,TDR0015,BOOK_A,2025-08-25
TXN0009662055,APP004,2025-09-12,reversed,898782.73,USD,LATAM,CP0062,EQUITY,TDR0145,BOOK_D,2025-02-28
TXN0008172189,APP006,2025-01-25,settled,6356.24,JPY,EMEA,CP0114,EQUITY,TDR0150,BOOK_C,2025-08-08
TXN0001357522,APP012,2025-05-09,settled,857190.77,JPY,APAC,CP0058,EQUITY,TDR0138,BOOK_B,2026-03-25
TXN0002616293,APP018,2025-04-07,settled,975117.52,JPY,EMEA,CP0461,SWAP,TDR0143,BOOK_B,2025-03-07
TXN0004955849,APP008,2025-10-20,active,636511.77,GBP,APAC,CP0248,OPTION,TDR0096,BOOK_C,2025-09-23
TXN0002752643,APP007,2025-12-20,reversed,367942.78,USD,AMER,CP0410,FX,TDR0080,BOOK_B,2025-02-14
TXN0009594768,APP001,2025-12-10,reversed,733831.75,AUD,EMEA,CP0397,SWAP,TDR0083,BOOK_C,2025-09-18
TXN0001029491,APP019,2026-04-08,reversed,849743.44,CHF,AMER,CP0272,OPTION,TDR0094,BOOK_B,2025-09-30
TXN0008205972,APP010,2025-03-27,settled,442659.94,USD,EMEA,CP0302,OPTION,TDR0190,BOOK_B,2025-10-15
TXN0008636444,APP003,2025-07-17,active,991969.55,USD,LATAM,CP0259,FX,TDR0025,BOOK_A,2025-09-26
TXN0001871841,APP018,2026-02-21,pending,764177.84,EUR,LATAM,CP0264,OPTION,TDR0107,BOOK_C,2025-05-26
TXN0007832899,APP011,2025-12-23,failed,398600.78,USD,LATAM,CP0379,BOND,TDR0031,BOOK_B,2025-10-22
TXN0008350036,APP002,2025-04-14,failed,969632.63,EUR,LATAM,CP0281,FX,TDR0049,BOOK_C,2025-07-06
TXN0002905505,APP003,2025-12-24,pending,601778.47,USD,LATAM,CP0390,BOND,TDR0161,BOOK_A,2026-02-23
TXN0004590991,APP016,2025-01-08,active,540002.57,EUR,APAC,CP0035,BOND,TDR0027,BOOK_B,2026-01-04
TXN0003480684,APP018,2026-01-07,pending,408450.02,USD,EMEA,CP0365,OPTION,TDR0170,BOOK_D,2026-01-02
TXN0005703681,APP017,2025-01-18,settled,830739.42,AUD,LATAM,CP0054,BOND,TDR0166,BOOK_D,2025-10-18
TXN0001207029,APP006,2025-09-24,failed,589642.37,JPY,LATAM,CP0098,SWAP,TDR0032,BOOK_A,2025-07-22
TXN0003788587,APP014,2025-06-05,failed,129191.71,JPY,EMEA,CP0273,FX,TDR0113,BOOK_C,2025-02-09
TXN0006169634,APP007,2025-09-10,pending,267439.69,EUR,EMEA,CP0422,FUTURE,TDR0122,BOOK_B,2025-11-18
TXN0005176339,APP001,2025-06-01,pending,118972.26,CHF,EMEA,CP0250,FUTURE,TDR0191,BOOK_D,2025-07-26
TXN0000662273,APP010,2025-09-18,active,227069.1,USD,AMER,CP0025,EQUITY,TDR0065,BOOK_D,2025-05-04
TXN0005437071,APP017,2025-05-22,reversed,799752.35,JPY,LATAM,CP0088,SWAP,TDR0148,BOOK_A,2025-10-27
TXN0003402663,APP013,2025-02-14,active,233611.97,EUR,AMER,CP0130,FX,TDR0062,BOOK_B,2025-12-30
TXN0006185557,APP008,2026-02-19,active,756872.94,EUR,LATAM,CP0300,FUTURE,TDR0175,BOOK_C,2025-07-12
TXN0001084959,APP008,2025-04-29,reversed,53324.65,JPY,APAC,CP0014,SWAP,TDR0187,BOOK_A,2025-12-16
TXN0001777106,APP011,2025-05-26,settled,230463.76,USD,APAC,CP0337,BOND,TDR0168,BOOK_A,2026-03-08
TXN0002825534,APP013,2025-12-09,active,123380.6,CHF,LATAM,CP0080,FUTURE,TDR0045,BOOK_C,2025-08-08
TXN0009082859,APP017,2026-02-25,active,35924.59,JPY,AMER,CP0328,SWAP,TDR0199,BOOK_C,2025-05-30
TXN0000917707,APP001,2025-07-03,failed,621807.93,CHF,AMER,CP0481,OPTION,TDR0197,BOOK_B,2025-10-30
TXN0004474335,APP012,2026-01-11,active,297810.86,USD,LATAM,CP0272,FUTURE,TDR0012,BOOK_C,2025-05-30
TXN0002781926,APP013,2025-01-22,pending,14054.08,AUD,AMER,CP0067,EQUITY,TDR0180,BOOK_D,2026-02-15
TXN0003509475,APP006,2026-01-23,reversed,900809.63,EUR,APAC,CP0180,EQUITY,TDR0189,BOOK_B,2025-12-08
TXN0002196806,APP006,2025-08-19,pending,702587.73,USD,AMER,CP0168,BOND,TDR0056,BOOK_A,2025-11-28
TXN0006570531,APP020,2026-04-06,failed,89005.44,CHF,APAC,CP0013,OPTION,TDR0199,BOOK_C,2026-01-21
TXN0009909835,APP011,2026-04-05,failed,987953.52,USD,AMER,CP0242,BOND,TDR0186,BOOK_A,2025-05-29
TXN0009853235,APP020,2025-06-11,reversed,796322.81,GBP,EMEA,CP0427,EQUITY,TDR0147,BOOK_B,2026-03-24
TXN0002896010,APP009,2025-11-01,active,960155.03,CHF,AMER,CP0329,SWAP,TDR0122,BOOK_C,2025-10-04
TXN0003523377,APP016,2025-08-13,reversed,565909.71,CHF,APAC,CP0500,BOND,TDR0073,BOOK_B,2025-06-09
TXN0002664263,APP010,2025-11-26,pending,673965.95,EUR,AMER,CP0278,FUTURE,TDR0152,BOOK_B,2025-04-06
TXN0002264192,APP016,2025-10-18,reversed,115013.94,USD,AMER,CP0292,FUTURE,TDR0109,BOOK_A,2026-01-15
TXN0006437881,APP008,2026-04-05,settled,983651.46,JPY,LATAM,CP0461,EQUITY,TDR0068,BOOK_B,2025-01-29
TXN0000816463,APP007,2026-02-20,reversed,156931.04,JPY,LATAM,CP0415,SWAP,TDR0118,BOOK_B,2025-02-01
TXN0008712008,APP014,2026-01-18,pending,530073.11,JPY,APAC,CP0464,SWAP,TDR0016,BOOK_D,2025-12-19
TXN0006673969,APP007,2025-04-27,settled,459281.56,USD,LATAM,CP0087,EQUITY,TDR0100,BOOK_D,2025-01-17
TXN0009872096,APP019,2026-02-27,pending,811616.3,USD,LATAM,CP0141,BOND,TDR0192,BOOK_C,2025-03-05
TXN0008651107,APP011,2025-12-18,reversed,624918.64,JPY,AMER,CP0032,FX,TDR0044,BOOK_C,2025-11-21
TXN0005666892,APP018,2026-01-15,failed,157178.97,EUR,AMER,CP0049,OPTION,TDR0068,BOOK_A,2025-08-26
TXN0000345029,APP006,2026-04-02,active,997176.58,USD,EMEA,CP0258,FX,TDR0112,BOOK_D,2025-10-29
TXN0006911545,APP007,2025-01-09,failed,419968.23,JPY,AMER,CP0020,OPTION,TDR0021,BOOK_C,2025-04-11
TXN0007860948,APP008,2025-06-18,settled,56958.49,CHF,AMER,CP0386,BOND,TDR0132,BOOK_B,2025-05-08
TXN0000555203,APP012,2025-01-09,failed,343916.57,JPY,EMEA,CP0094,EQUITY,TDR0158,BOOK_C,2025-01-04
TXN0007905050,APP014,2025-04-18,reversed,179388.99,USD,EMEA,CP0055,BOND,TDR0155,BOOK_C,2025-08-18
TXN0009230624,APP010,2025-04-25,active,790754.82,EUR,APAC,CP0240,FX,TDR0156,BOOK_D,2025-07-08
TXN0007933338,APP018,2026-01-19,pending,109129.75,GBP,APAC,CP0283,FX,TDR0174,BOOK_C,2025-09-14
TXN0002392095,APP006,2025-05-23,failed,219069.56,CHF,APAC,CP0162,FX,TDR0082,BOOK_D,2026-02-03
TXN0009244753,APP006,2025-09-23,pending,536456.87,GBP,APAC,CP0361,SWAP,TDR0174,BOOK_D,2025-07-17
TXN0002316870,APP002,2025-11-16,settled,428368.79,GBP,APAC,CP0298,EQUITY,TDR0100,BOOK_B,2025-08-16
TXN0008577086,APP015,2025-04-03,settled,838582.74,GBP,EMEA,CP0255,EQUITY,TDR0194,BOOK_B,2025-01-08
TXN0008652543,APP008,2025-10-19,reversed,343198.6,CHF,AMER,CP0103,EQUITY,TDR0168,BOOK_A,2025-11-26
TXN0007879207,APP013,2025-05-16,active,508375.38,AUD,LATAM,CP0332,SWAP,TDR0054,BOOK_B,2026-03-20
TXN0003617141,APP020,2026-01-29,active,790339.78,EUR,AMER,CP0404,OPTION,TDR0175,BOOK_A,2025-02-22
TXN0006042719,APP012,2026-04-12,settled,343171.18,AUD,AMER,CP0369,FUTURE,TDR0032,BOOK_A,2025-08-15
TXN0005078935,APP008,2025-12-18,settled,404836.84,AUD,LATAM,CP0328,BOND,TDR0043,BOOK_D,2025-07-15
TXN0000775823,APP003,2025-03-25,settled,944552.99,JPY,EMEA,CP0057,OPTION,TDR0142,BOOK_D,2025-02-15
TXN0008278742,APP015,2025-06-29,active,260800.67,AUD,AMER,CP0375,BOND,TDR0026,BOOK_A,2025-11-13
TXN0002108713,APP020,2025-01-19,pending,768715.93,USD,AMER,CP0304,OPTION,TDR0126,BOOK_D,2025-04-13
TXN0008593597,APP011,2025-04-07,reversed,512968.1,JPY,AMER,CP0477,BOND,TDR0143,BOOK_C,2025-08-18
TXN0005427800,APP005,2025-10-10,active,39205.6,AUD,APAC,CP0299,BOND,TDR0185,BOOK_D,2025-09-28
TXN0005541820,APP009,2025-06-26,pending,151754.01,JPY,LATAM,CP0296,EQUITY,TDR0086,BOOK_B,2026-03-01
TXN0009916634,APP020,2025-01-09,reversed,881358.33,EUR,LATAM,CP0214,SWAP,TDR0170,BOOK_D,2025-08-12
TXN0001811421,APP014,2026-02-19,pending,198746.22,AUD,EMEA,CP0205,BOND,TDR0059,BOOK_D,2026-03-03
TXN0009945053,APP015,2025-05-23,pending,588025.18,AUD,AMER,CP0408,BOND,TDR0200,BOOK_D,2025-01-12
TXN0001895132,APP019,2026-02-02,pending,908333.11,USD,APAC,CP0393,FX,TDR0087,BOOK_B,2025-08-30
TXN0008215338,APP015,2025-07-10,pending,23318.24,EUR,LATAM,CP0037,FX,TDR0147,BOOK_D,2025-06-19
TXN0002149629,APP004,2025-01-27,pending,594791.92,GBP,APAC,CP0248,EQUITY,TDR0182,BOOK_A,2025-10-10
TXN0007219837,APP010,2025-05-12,pending,72499.21,CHF,AMER,CP0084,FX,TDR0106,BOOK_B,2025-04-22
TXN0004932837,APP020,2025-01-30,settled,666519.19,GBP,LATAM,CP0152,OPTION,TDR0034,BOOK_C,2025-09-19
TXN0003335431,APP002,2025-01-22,active,649525.07,USD,AMER,CP0272,SWAP,TDR0135,BOOK_D,2025-02-11
TXN0008984134,APP014,2026-04-03,active,73852.38,EUR,EMEA,CP0073,BOND,TDR0118,BOOK_B,2026-01-03
TXN0002610770,APP018,2025-06-29,settled,896199.75,CHF,AMER,CP0278,SWAP,TDR0040,BOOK_C,2025-06-28
TXN0005000382,APP017,2025-02-23,failed,921220.84,CHF,EMEA,CP0320,FX,TDR0102,BOOK_D,2025-03-28
TXN0004246675,APP009,2026-02-19,failed,29785.31,GBP,APAC,CP0172,FUTURE,TDR0025,BOOK_C,2025-03-10
TXN0007875404,APP013,2025-10-09,pending,283927.33,CHF,APAC,CP0221,EQUITY,TDR0124,BOOK_C,2025-02-05
TXN0000393482,APP007,2026-02-05,settled,435604.48,EUR,LATAM,CP0245,FUTURE,TDR0140,BOOK_D,2025-08-11
TXN0007262662,APP003,2025-05-03,reversed,53210.89,GBP,APAC,CP0042,OPTION,TDR0038,BOOK_C,2026-02-19
TXN0002153184,APP002,2025-07-07,failed,620777.34,JPY,EMEA,CP0140,FX,TDR0165,BOOK_D,2026-01-11
TXN0009465561,APP019,2026-04-09,reversed,736415.67,EUR,EMEA,CP0059,OPTION,TDR0136,BOOK_A,2025-07-31
TXN0001448807,APP009,2025-11-13,failed,231447.65,EUR,EMEA,CP0423,FUTURE,TDR0176,BOOK_D,2025-12-05
TXN0006865152,APP004,2025-06-12,active,444117.01,JPY,AMER,CP0094,FUTURE,TDR0086,BOOK_B,2025-07-04
TXN0000289411,APP001,2025-07-28,failed,82819.58,CHF,EMEA,CP0108,FX,TDR0128,BOOK_B,2026-02-04
TXN0006186407,APP013,2025-12-20,settled,584685.73,USD,APAC,CP0418,FUTURE,TDR0062,BOOK_D,2026-03-19
TXN0006018802,APP007,2025-10-24,reversed,14290.29,AUD,EMEA,CP0453,FX,TDR0078,BOOK_A,2026-02-11
TXN0000096777,APP018,2026-02-02,reversed,675233.97,USD,LATAM,CP0177,EQUITY,TDR0029,BOOK_D,2026-01-28
TXN0003650436,APP014,2026-03-03,settled,565112.39,CHF,EMEA,CP0108,EQUITY,TDR0101,BOOK_B,2025-05-09
TXN0004152269,APP012,2025-07-22,pending,911071.58,CHF,EMEA,CP0223,SWAP,TDR0093,BOOK_D,2026-01-12
TXN0001988239,APP012,2025-01-01,reversed,729642.94,CHF,LATAM,CP0428,FUTURE,TDR0014,BOOK_B,2025-07-30
TXN0002776335,APP001,2026-04-08,failed,989031.04,AUD,APAC,CP0018,EQUITY,TDR0046,BOOK_C,2025-07-16
TXN0007245325,APP008,2026-02-01,settled,10042.1,GBP,AMER,CP0221,EQUITY,TDR0125,BOOK_C,2025-03-16
TXN0007102082,APP006,2025-04-10,active,675549.82,AUD,EMEA,CP0215,BOND,TDR0018,BOOK_D,2025-01-02
TXN0009851681,APP003,2026-01-18,active,343209.48,GBP,APAC,CP0467,EQUITY,TDR0114,BOOK_D,2025-06-06
TXN0000242197,APP007,2025-11-05,failed,599754.86,AUD,AMER,CP0396,EQUITY,TDR0009,BOOK_A,2025-11-21
TXN0007652127,APP015,2025-03-09,settled,707281.21,CHF,APAC,CP0356,FUTURE,TDR0014,BOOK_A,2025-03-06
TXN0006611308,APP008,2025-05-31,failed,676059.53,JPY,AMER,CP0129,BOND,TDR0189,BOOK_C,2025-08-16
TXN0004542360,APP016,2025-09-25,reversed,152489.46,GBP,APAC,CP0013,EQUITY,TDR0057,BOOK_C,2025-08-01
TXN0000662453,APP019,2025-04-30,settled,918338.23,GBP,EMEA,CP0109,SWAP,TDR0130,BOOK_D,2025-04-13
TXN0007436045,APP012,2025-01-08,reversed,100341.22,USD,AMER,CP0231,FX,TDR0077,BOOK_B,2025-02-11
TXN0002837924,APP003,2026-03-10,pending,572948.77,EUR,LATAM,CP0441,EQUITY,TDR0129,BOOK_C,2026-04-10
TXN0005058701,APP017,2025-06-01,settled,283266.41,USD,AMER,CP0337,FX,TDR0083,BOOK_B,2025-08-21
TXN0005226249,APP017,2025-03-08,pending,465091.87,GBP,LATAM,CP0359,FX,TDR0105,BOOK_C,2025-05-19
TXN0005373348,APP014,2026-03-26,settled,47369.2,JPY,AMER,CP0369,BOND,TDR0028,BOOK_C,2025-01-13
TXN0000600595,APP014,2025-08-09,failed,920214.08,GBP,LATAM,CP0309,FUTURE,TDR0181,BOOK_A,2025-04-25
TXN0003912214,APP016,2025-10-01,reversed,506476.06,USD,APAC,CP0414,FX,TDR0111,BOOK_C,2025-12-24
TXN0000892679,APP006,2025-05-16,failed,718845.65,GBP,AMER,CP0273,BOND,TDR0159,BOOK_D,2025-02-20
TXN0003779123,APP008,2025-12-07,active,539454.57,EUR,APAC,CP0409,SWAP,TDR0105,BOOK_D,2025-04-04
TXN0005156841,APP017,2025-07-21,settled,661820.57,JPY,EMEA,CP0304,SWAP,TDR0198,BOOK_C,2025-08-28
TXN0002824968,APP004,2026-02-13,failed,243398.09,AUD,AMER,CP0019,BOND,TDR0123,BOOK_B,2025-12-19
TXN0008169512,APP019,2025-05-03,pending,74939.76,GBP,APAC,CP0168,EQUITY,TDR0038,BOOK_D,2025-02-12
TXN0007003912,APP005,2025-09-01,reversed,426098.02,AUD,LATAM,CP0129,BOND,TDR0156,BOOK_C,2026-01-04
TXN0003714765,APP017,2025-06-18,active,997572.45,EUR,AMER,CP0430,OPTION,TDR0165,BOOK_D,2025-01-10
TXN0000418339,APP003,2025-04-09,active,461555.66,USD,APAC,CP0180,OPTION,TDR0177,BOOK_B,2026-03-24
TXN0006039633,APP017,2025-11-09,reversed,365790.61,AUD,EMEA,CP0328,OPTION,TDR0029,BOOK_D,2025-07-13
TXN0005164885,APP007,2025-02-25,failed,236296.35,EUR,EMEA,CP0237,OPTION,TDR0173,BOOK_D,2026-01-05
TXN0006670391,APP002,2025-04-27,failed,499362.04,AUD,LATAM,CP0158,SWAP,TDR0171,BOOK_D,2025-08-14
TXN0008134577,APP003,2025-04-27,active,536596.51,CHF,LATAM,CP0485,FX,TDR0128,BOOK_C,2026-02-05
TXN0007384000,APP015,2025-03-05,settled,202856.83,JPY,AMER,CP0327,SWAP,TDR0186,BOOK_D,2025-01-09
TXN0004318065,APP005,2026-02-23,pending,917900.69,JPY,AMER,CP0096,FX,TDR0063,BOOK_A,2025-08-26
TXN0009885077,APP004,2025-03-19,settled,639798.07,CHF,APAC,CP0435,SWAP,TDR0142,BOOK_A,2025-12-06
TXN0006333490,APP018,2025-03-30,settled,791804.58,CHF,AMER,CP0198,FUTURE,TDR0197,BOOK_C,2025-12-29
TXN0009067574,APP015,2025-10-20,pending,640321.51,EUR,LATAM,CP0137,EQUITY,TDR0001,BOOK_D,2025-09-27
TXN0001923861,APP017,2025-04-02,active,54453.38,JPY,EMEA,CP0374,SWAP,TDR0186,BOOK_A,2025-05-10
TXN0004571679,APP013,2026-01-29,reversed,986186.57,CHF,APAC,CP0065,EQUITY,TDR0001,BOOK_C,2026-02-27
TXN0006436881,APP020,2025-11-20,active,997818.43,AUD,APAC,CP0062,BOND,TDR0099,BOOK_D,2026-02-04
TXN0001069882,APP005,2025-12-19,active,42792.79,JPY,APAC,CP0361,FX,TDR0139,BOOK_D,2025-10-11
TXN0000506143,APP020,2025-08-19,failed,570936.71,GBP,APAC,CP0021,FUTURE,TDR0146,BOOK_D,2026-04-12
TXN0004282216,APP012,2025-02-19,pending,659842.6,USD,EMEA,CP0369,EQUITY,TDR0074,BOOK_A,2025-09-08
TXN0008763982,APP019,2026-03-24,active,801451.78,GBP,APAC,CP0368,FUTURE,TDR0113,BOOK_A,2025-07-24
TXN0003955993,APP001,2025-07-13,active,929631.52,GBP,LATAM,CP0314,SWAP,TDR0176,BOOK_B,2025-06-12
TXN0004169410,APP008,2025-06-21,failed,840006.76,EUR,APAC,CP0261,EQUITY,TDR0184,BOOK_D,2025-09-18
TXN0000368258,APP014,2025-07-21,active,967871.04,USD,AMER,CP0185,OPTION,TDR0171,BOOK_D,2025-06-11
TXN0009124905,APP018,2026-02-24,failed,625096.99,CHF,LATAM,CP0358,BOND,TDR0161,BOOK_A,2026-01-17
TXN0005044014,APP005,2025-09-22,reversed,398429.64,AUD,LATAM,CP0024,BOND,TDR0086,BOOK_A,2026-01-09
TXN0001501585,APP016,2026-01-28,active,887018.75,AUD,APAC,CP0041,BOND,TDR0060,BOOK_D,2025-08-26
TXN0004145688,APP009,2025-05-29,active,42111.03,GBP,AMER,CP0349,OPTION,TDR0092,BOOK_B,2025-11-03
TXN0007196408,APP016,2025-12-18,failed,606089.1,JPY,APAC,CP0054,EQUITY,TDR0155,BOOK_A,2025-10-24
TXN0006459993,APP004,2025-01-26,reversed,382817.03,GBP,AMER,CP0250,EQUITY,TDR0072,BOOK_B,2025-11-30
TXN0004664969,APP014,2025-10-26,reversed,281117.3,EUR,EMEA,CP0374,FUTURE,TDR0100,BOOK_B,2026-02-28
TXN0003604076,APP016,2025-03-21,pending,315812.11,JPY,AMER,CP0048,SWAP,TDR0153,BOOK_A,2025-04-10
TXN0002031131,APP010,2025-02-05,settled,228365.5,CHF,AMER,CP0376,OPTION,TDR0103,BOOK_D,2026-01-27
TXN0006394424,APP008,2025-06-10,active,964655.01,CHF,APAC,CP0163,FX,TDR0071,BOOK_C,2025-09-04
TXN0000647703,APP003,2025-11-10,pending,18436.63,GBP,APAC,CP0381,SWAP,TDR0112,BOOK_C,2025-08-10
TXN0008975757,APP013,2025-02-22,reversed,679121.46,AUD,APAC,CP0307,OPTION,TDR0114,BOOK_C,2025-07-12
TXN0009051106,APP002,2025-06-08,settled,936780.55,CHF,LATAM,CP0118,SWAP,TDR0130,BOOK_C,2026-03-27
TXN0000918016,APP013,2025-11-24,settled,828111.21,GBP,LATAM,CP0201,FUTURE,TDR0188,BOOK_B,2025-04-22
TXN0004464800,APP003,2025-05-02,reversed,7643.59,JPY,LATAM,CP0181,EQUITY,TDR0066,BOOK_B,2026-04-05
TXN0003350762,APP017,2025-01-22,settled,931816.91,CHF,EMEA,CP0212,OPTION,TDR0082,BOOK_D,2025-11-28
TXN0003010085,APP017,2025-11-21,failed,935709.4,JPY,EMEA,CP0439,OPTION,TDR0174,BOOK_C,2025-12-28
TXN0005082264,APP018,2026-02-21,settled,395149.88,GBP,LATAM,CP0410,OPTION,TDR0160,BOOK_D,2025-04-07
TXN0003568214,APP004,2026-03-10,settled,84931.78,JPY,APAC,CP0281,OPTION,TDR0040,BOOK_B,2025-12-23
TXN0006768992,APP010,2025-03-17,pending,89107.11,CHF,AMER,CP0276,EQUITY,TDR0041,BOOK_A,2025-08-18
TXN0001802346,APP013,2025-02-20,failed,764164.32,USD,AMER,CP0440,SWAP,TDR0159,BOOK_B,2025-04-20
TXN0004932894,APP010,2026-04-03,reversed,759801.82,CHF,LATAM,CP0153,FUTURE,TDR0078,BOOK_C,2025-12-09
TXN0001444587,APP020,2026-01-03,pending,170864.03,EUR,AMER,CP0189,OPTION,TDR0027,BOOK_A,2025-11-25
TXN0001169930,APP018,2026-03-06,settled,61401.06,AUD,EMEA,CP0397,FUTURE,TDR0060,BOOK_A,2025-03-13
TXN0000121502,APP011,2026-01-29,settled,70779.55,EUR,AMER,CP0254,EQUITY,TDR0075,BOOK_A,2026-01-16
TXN0007804955,APP008,2025-03-28,reversed,282984.21,EUR,APAC,CP0443,FX,TDR0094,BOOK_C,2025-05-26
TXN0006910625,APP013,2025-03-27,active,314836.48,USD,AMER,CP0327,BOND,TDR0106,BOOK_D,2025-08-10
TXN0004818188,APP006,2025-08-09,pending,80022.58,GBP,LATAM,CP0303,FX,TDR0016,BOOK_A,2026-02-11
TXN0005756277,APP004,2025-09-28,failed,947291.31,AUD,LATAM,CP0173,BOND,TDR0099,BOOK_B,2025-12-24
TXN0004428576,APP018,2026-01-06,pending,224376.31,USD,EMEA,CP0332,BOND,TDR0040,BOOK_B,2025-01-02
TXN0000748618,APP007,2025-05-13,reversed,517525.29,GBP,EMEA,CP0129,BOND,TDR0198,BOOK_D,2025-01-24
TXN0008436404,APP016,2026-02-04,pending,470561.85,EUR,AMER,CP0066,SWAP,TDR0192,BOOK_C,2025-09-04
TXN0003529551,APP019,2025-01-12,settled,537724.58,USD,LATAM,CP0408,EQUITY,TDR0018,BOOK_A,2026-04-05
TXN0007942489,APP020,2025-06-16,failed,888765.37,CHF,APAC,CP0156,SWAP,TDR0143,BOOK_A,2025-03-24
TXN0005583428,APP011,2026-03-03,settled,1516.1,EUR,APAC,CP0455,OPTION,TDR0141,BOOK_B,2025-09-02
TXN0009599026,APP008,2026-01-15,settled,904009.88,GBP,AMER,CP0397,BOND,TDR0001,BOOK_C,2025-11-30
TXN0006187385,APP016,2025-06-26,failed,996798.77,AUD,APAC,CP0218,BOND,TDR0020,BOOK_B,2025-12-10
TXN0003623637,APP011,2025-08-25,reversed,693794.8,CHF,EMEA,CP0057,SWAP,TDR0185,BOOK_C,2025-07-14
TXN0004607304,APP013,2026-03-05,settled,349809.72,JPY,EMEA,CP0257,FX,TDR0015,BOOK_B,2025-07-12
TXN0000704676,APP005,2026-01-11,reversed,578512.68,AUD,EMEA,CP0254,FUTURE,TDR0041,BOOK_C,2026-01-09
TXN0002145328,APP012,2025-12-14,active,339464.02,USD,LATAM,CP0388,FX,TDR0082,BOOK_D,2025-03-17
TXN0000566259,APP003,2025-04-18,active,402125.69,USD,APAC,CP0308,FUTURE,TDR0080,BOOK_D,2025-03-19
TXN0000927187,APP013,2025-04-02,reversed,442610.98,AUD,LATAM,CP0082,FX,TDR0057,BOOK_D,2025-07-19
TXN0007484696,APP020,2025-04-07,reversed,161194.35,CHF,AMER,CP0446,FX,TDR0079,BOOK_C,2025-12-12
TXN0005618339,APP003,2025-04-07,pending,190244.72,AUD,EMEA,CP0050,SWAP,TDR0108,BOOK_C,2025-09-17
TXN0003377896,APP010,2025-05-29,reversed,449579.01,AUD,APAC,CP0191,OPTION,TDR0092,BOOK_A,2025-05-21
TXN0008786013,APP006,2025-03-01,failed,500450.43,EUR,LATAM,CP0246,SWAP,TDR0055,BOOK_A,2026-02-07
TXN0000809381,APP019,2025-01-22,reversed,539983.26,AUD,AMER,CP0059,FUTURE,TDR0129,BOOK_C,2025-12-14
TXN0005236940,APP012,2025-08-09,reversed,438024.02,GBP,AMER,CP0177,OPTION,TDR0089,BOOK_C,2025-11-17
TXN0002457251,APP003,2025-04-10,reversed,464367.28,EUR,LATAM,CP0487,FX,TDR0064,BOOK_B,2025-05-24
TXN0005123061,APP020,2025-01-29,pending,160766.9,EUR,LATAM,CP0480,EQUITY,TDR0142,BOOK_B,2026-03-18
TXN0006394875,APP016,2026-02-24,failed,140413.42,AUD,AMER,CP0365,EQUITY,TDR0197,BOOK_D,2026-02-10
TXN0000988035,APP008,2025-11-05,settled,591504.22,EUR,AMER,CP0224,FUTURE,TDR0182,BOOK_C,2025-11-10
TXN0000890755,APP003,2025-12-27,pending,548777.99,CHF,APAC,CP0402,OPTION,TDR0035,BOOK_A,2025-06-03
TXN0001476182,APP007,2025-07-30,settled,127789.22,JPY,LATAM,CP0206,FX,TDR0154,BOOK_B,2026-01-25
TXN0003047592,APP010,2025-12-19,active,706957.57,AUD,APAC,CP0044,SWAP,TDR0017,BOOK_A,2025-11-24
TXN0009519579,APP013,2026-01-14,reversed,80098.77,JPY,APAC,CP0118,BOND,TDR0173,BOOK_B,2025-01-04
TXN0003940330,APP014,2025-04-24,active,144004.53,CHF,AMER,CP0190,OPTION,TDR0027,BOOK_C,2025-07-14
TXN0002288270,APP011,2025-08-26,failed,581078.62,AUD,EMEA,CP0388,FX,TDR0105,BOOK_A,2026-01-01
TXN0006161656,APP012,2025-01-11,reversed,918413.5,CHF,EMEA,CP0013,FX,TDR0060,BOOK_C,2026-01-06
TXN0003809377,APP020,2025-05-28,active,679473.76,USD,LATAM,CP0158,OPTION,TDR0145,BOOK_B,2025-06-18
TXN0003757690,APP005,2026-01-06,settled,26865.3,CHF,AMER,CP0368,SWAP,TDR0011,BOOK_B,2025-12-28
TXN0006967948,APP002,2025-04-17,reversed,801938.75,CHF,LATAM,CP0422,FX,TDR0145,BOOK_B,2025-07-02
TXN0008977749,APP020,2025-08-29,pending,679621.58,GBP,LATAM,CP0379,FUTURE,TDR0176,BOOK_B,2025-01-06
TXN0004004366,APP007,2026-03-21,reversed,732889.61,CHF,LATAM,CP0303,EQUITY,TDR0174,BOOK_A,2026-03-30
TXN0001683493,APP020,2025-06-13,active,602641.17,JPY,LATAM,CP0437,FUTURE,TDR0194,BOOK_B,2025-02-25
TXN0008311950,APP018,2025-02-07,reversed,122746.54,EUR,APAC,CP0281,EQUITY,TDR0153,BOOK_A,2025-03-30
TXN0005355046,APP012,2025-09-07,failed,620468.9,EUR,APAC,CP0481,FX,TDR0149,BOOK_C,2025-09-01
TXN0002628235,APP011,2025-03-28,active,22322.52,AUD,APAC,CP0318,SWAP,TDR0023,BOOK_A,2026-02-24
TXN0000722909,APP013,2025-10-20,active,199779.24,JPY,LATAM,CP0430,EQUITY,TDR0179,BOOK_C,2025-07-22
TXN0000770553,APP014,2026-03-30,active,613119.03,CHF,AMER,CP0019,SWAP,TDR0184,BOOK_B,2025-06-21
TXN0004842933,APP016,2025-07-04,reversed,505556.98,AUD,EMEA,CP0164,EQUITY,TDR0088,BOOK_B,2025-10-07
TXN0006813409,APP004,2026-01-07,pending,58743.88,CHF,APAC,CP0246,SWAP,TDR0119,BOOK_A,2026-04-10
TXN0007267646,APP016,2025-09-18,settled,4164.23,CHF,APAC,CP0041,FUTURE,TDR0200,BOOK_C,2025-10-27
TXN0007029513,APP004,2025-01-15,settled,469882.26,EUR,AMER,CP0490,BOND,TDR0113,BOOK_A,2025-06-15
TXN0004178644,APP019,2025-01-27,settled,538711.84,USD,EMEA,CP0496,EQUITY,TDR0092,BOOK_A,2025-08-12
TXN0004518263,APP015,2025-01-12,pending,648471.78,USD,EMEA,CP0131,OPTION,TDR0003,BOOK_B,2025-04-20
TXN0006191305,APP014,2026-03-10,active,544140.58,GBP,AMER,CP0110,BOND,TDR0134,BOOK_A,2025-09-21
TXN0000186159,APP009,2025-10-21,pending,151249.27,EUR,APAC,CP0115,OPTION,TDR0035,BOOK_D,2025-05-02
TXN0002597370,APP012,2026-03-04,pending,323609.19,JPY,APAC,CP0240,FUTURE,TDR0057,BOOK_C,2025-12-13
TXN0002323119,APP013,2025-01-23,pending,453026.13,AUD,AMER,CP0487,BOND,TDR0170,BOOK_C,2026-01-12
TXN0003799000,APP007,2026-04-10,settled,787526.14,CHF,LATAM,CP0147,BOND,TDR0036,BOOK_B,2025-08-09
TXN0008036337,APP012,2025-10-07,pending,638417.77,CHF,APAC,CP0025,SWAP,TDR0102,BOOK_D,2026-01-28
TXN0003396186,APP015,2025-04-11,active,657955.99,USD,APAC,CP0219,SWAP,TDR0112,BOOK_C,2025-02-09
TXN0006567396,APP010,2025-12-23,pending,363013.97,JPY,AMER,CP0317,FX,TDR0028,BOOK_C,2025-07-19
TXN0001533149,APP010,2025-07-29,pending,524649.23,AUD,AMER,CP0496,FX,TDR0104,BOOK_B,2025-07-09
TXN0008346225,APP001,2026-03-17,active,628926.73,GBP,LATAM,CP0060,FUTURE,TDR0173,BOOK_D,2026-02-23
TXN0003554727,APP011,2025-01-23,settled,264487.28,CHF,AMER,CP0140,OPTION,TDR0105,BOOK_A,2025-08-01
TXN0004975235,APP006,2025-07-10,reversed,819514.89,EUR,AMER,CP0099,EQUITY,TDR0090,BOOK_C,2025-12-29
TXN0006554523,APP002,2025-07-26,reversed,356036.9,USD,AMER,CP0441,SWAP,TDR0031,BOOK_B,2025-10-25
TXN0008053358,APP001,2025-12-31,pending,391924.15,EUR,LATAM,CP0346,SWAP,TDR0065,BOOK_A,2025-09-06
TXN0005938078,APP015,2025-11-04,active,905361.77,EUR,APAC,CP0189,FX,TDR0089,BOOK_C,2025-06-21
TXN0004030634,APP015,2025-01-06,failed,750938.4,CHF,APAC,CP0408,OPTION,TDR0079,BOOK_D,2026-02-22
TXN0003194706,APP013,2025-04-10,active,633161.94,AUD,APAC,CP0429,SWAP,TDR0184,BOOK_C,2026-01-23
TXN0009843681,APP009,2026-03-24,settled,16821.72,GBP,AMER,CP0338,SWAP,TDR0039,BOOK_B,2025-09-26
TXN0006187004,APP019,2025-10-24,pending,629299.01,EUR,LATAM,CP0500,FX,TDR0066,BOOK_A,2025-01-20
TXN0002257069,APP009,2025-04-05,reversed,895523.14,AUD,LATAM,CP0249,BOND,TDR0177,BOOK_D,2025-11-14
TXN0006542604,APP016,2025-08-02,settled,876958.11,AUD,LATAM,CP0135,FX,TDR0184,BOOK_A,2026-04-08
TXN0002895385,APP011,2026-03-10,failed,425208.75,CHF,APAC,CP0084,BOND,TDR0190,BOOK_D,2025-01-20
TXN0009124622,APP017,2025-03-21,failed,234477.41,EUR,AMER,CP0157,BOND,TDR0111,BOOK_A,2026-02-28
TXN0006168150,APP001,2026-02-02,settled,909872.25,USD,LATAM,CP0478,BOND,TDR0113,BOOK_C,2026-03-05
TXN0006914528,APP003,2025-03-17,settled,968895.62,GBP,APAC,CP0461,OPTION,TDR0093,BOOK_C,2025-06-03
TXN0000184894,APP001,2025-09-30,failed,634354.45,USD,LATAM,CP0225,BOND,TDR0067,BOOK_D,2025-08-22
TXN0008728708,APP012,2026-03-18,active,556936.03,EUR,EMEA,CP0497,EQUITY,TDR0121,BOOK_D,2025-06-28
TXN0002319407,APP009,2026-03-26,reversed,729058.25,EUR,APAC,CP0269,FX,TDR0034,BOOK_C,2025-01-19
TXN0000533609,APP012,2025-04-14,failed,386799.96,GBP,AMER,CP0133,FUTURE,TDR0092,BOOK_A,2025-10-07
TXN0004570657,APP006,2025-08-25,settled,944665.11,USD,EMEA,CP0288,FX,TDR0139,BOOK_B,2026-03-06
TXN0003173694,APP018,2026-04-13,reversed,733622.73,CHF,EMEA,CP0119,SWAP,TDR0052,BOOK_A,2025-08-19
TXN0001600224,APP001,2025-08-18,reversed,277707.91,AUD,EMEA,CP0384,FUTURE,TDR0153,BOOK_C,2025-08-08
TXN0003329435,APP011,2025-02-03,failed,867631.32,USD,EMEA,CP0233,FX,TDR0029,BOOK_B,2025-03-26
TXN0003550706,APP020,2025-07-07,active,329585.93,AUD,LATAM,CP0361,BOND,TDR0034,BOOK_B,2025-10-05
TXN0003411771,APP001,2025-08-03,reversed,665862.19,AUD,APAC,CP0228,BOND,TDR0131,BOOK_C,2025-05-12
TXN0006716425,APP001,2025-04-04,reversed,510322.04,USD,LATAM,CP0330,OPTION,TDR0032,BOOK_A,2025-04-22
TXN0006909981,APP012,2025-10-19,settled,248401.8,JPY,AMER,CP0463,FUTURE,TDR0107,BOOK_A,2025-06-19
TXN0009048308,APP019,2025-02-23,active,527712.19,AUD,EMEA,CP0167,BOND,TDR0181,BOOK_D,2025-05-30
TXN0007944393,APP010,2025-04-04,reversed,976315.73,AUD,EMEA,CP0020,SWAP,TDR0061,BOOK_A,2025-04-30
TXN0006521290,APP020,2025-05-09,active,483963.19,AUD,APAC,CP0215,FUTURE,TDR0077,BOOK_C,2025-09-04
TXN0005942536,APP017,2025-08-04,settled,396071.03,USD,APAC,CP0346,FX,TDR0138,BOOK_D,2025-09-04
TXN0006883800,APP001,2025-07-18,failed,237695.0,GBP,AMER,CP0277,EQUITY,TDR0141,BOOK_D,2025-11-03
TXN0004408795,APP010,2025-09-02,reversed,953619.4,JPY,APAC,CP0302,OPTION,TDR0156,BOOK_D,2025-02-11
TXN0006158161,APP001,2025-02-05,pending,840166.32,CHF,EMEA,CP0357,FUTURE,TDR0116,BOOK_D,2025-08-12
TXN0001346415,APP001,2025-12-20,active,226044.48,JPY,APAC,CP0037,EQUITY,TDR0033,BOOK_C,2025-12-03
TXN0004420829,APP020,2025-02-28,pending,690679.19,USD,AMER,CP0235,FX,TDR0107,BOOK_D,2025-12-12
TXN0006773629,APP013,2025-10-24,failed,39999.91,USD,LATAM,CP0090,SWAP,TDR0072,BOOK_B,2025-07-19
TXN0009946278,APP020,2025-12-03,settled,739836.18,GBP,APAC,CP0131,OPTION,TDR0064,BOOK_B,2025-09-16
TXN0006663887,APP004,2025-01-30,active,941512.54,USD,APAC,CP0262,OPTION,TDR0030,BOOK_B,2026-01-19
TXN0001987581,APP007,2025-12-22,failed,617861.52,AUD,APAC,CP0415,FUTURE,TDR0036,BOOK_B,2025-11-12
TXN0008978457,APP006,2025-01-02,failed,113091.67,EUR,EMEA,CP0190,OPTION,TDR0123,BOOK_D,2025-02-24
TXN0006592055,APP020,2026-02-18,pending,818523.47,GBP,AMER,CP0317,OPTION,TDR0056,BOOK_D,2025-07-07
TXN0007872012,APP012,2025-08-25,reversed,604600.45,EUR,AMER,CP0083,SWAP,TDR0065,BOOK_B,2025-05-22
TXN0003899066,APP007,2025-08-15,reversed,922273.71,EUR,APAC,CP0119,FUTURE,TDR0167,BOOK_D,2025-05-09
TXN0005980215,APP020,2026-01-11,settled,807229.71,EUR,APAC,CP0449,BOND,TDR0011,BOOK_C,2025-03-02
TXN0004228454,APP018,2025-03-27,failed,600069.38,USD,EMEA,CP0378,BOND,TDR0101,BOOK_A,2025-12-13
TXN0000176467,APP005,2025-11-05,settled,968833.39,EUR,AMER,CP0173,FX,TDR0092,BOOK_B,2026-02-25
TXN0001714044,APP007,2025-04-17,active,597250.28,USD,AMER,CP0201,FUTURE,TDR0042,BOOK_C,2025-07-04
TXN0000818857,APP011,2025-10-16,pending,5123.02,CHF,APAC,CP0038,BOND,TDR0108,BOOK_B,2026-03-20
TXN0005754601,APP018,2026-01-14,reversed,210381.6,JPY,APAC,CP0006,SWAP,TDR0143,BOOK_B,2026-01-22
TXN0007407390,APP009,2025-10-10,active,141867.27,JPY,AMER,CP0388,EQUITY,TDR0144,BOOK_C,2026-02-18
TXN0007243170,APP017,2025-08-17,failed,850451.29,AUD,AMER,CP0478,FUTURE,TDR0192,BOOK_D,2025-11-08
TXN0005745820,APP019,2026-02-02,pending,443126.39,JPY,EMEA,CP0317,OPTION,TDR0032,BOOK_B,2026-01-08
TXN0004539489,APP011,2025-09-23,settled,602734.15,JPY,EMEA,CP0338,FX,TDR0125,BOOK_D,2025-08-17
TXN0007568056,APP009,2025-11-19,reversed,500659.98,GBP,LATAM,CP0297,SWAP,TDR0112,BOOK_A,2026-04-03
TXN0008395893,APP014,2025-06-27,failed,779611.84,USD,AMER,CP0403,FUTURE,TDR0105,BOOK_C,2025-08-03
TXN0009068639,APP014,2025-07-08,reversed,906166.61,GBP,LATAM,CP0418,FX,TDR0014,BOOK_D,2025-01-14
TXN0006749863,APP016,2025-01-01,settled,560750.1,USD,AMER,CP0180,EQUITY,TDR0122,BOOK_A,2026-04-05
TXN0007325280,APP020,2025-03-08,failed,245315.67,EUR,AMER,CP0310,FUTURE,TDR0148,BOOK_C,2025-03-15
TXN0005900840,APP006,2025-07-31,active,963253.26,EUR,APAC,CP0415,SWAP,TDR0124,BOOK_C,2025-07-05
TXN0001559707,APP009,2026-02-10,reversed,982436.99,GBP,LATAM,CP0302,OPTION,TDR0077,BOOK_A,2026-04-04
TXN0005118454,APP006,2026-03-25,reversed,555037.68,EUR,LATAM,CP0360,FX,TDR0094,BOOK_A,2026-01-24
TXN0006870010,APP007,2025-12-20,active,13080.79,GBP,LATAM,CP0119,BOND,TDR0016,BOOK_D,2025-10-01
TXN0007392760,APP015,2025-12-22,reversed,733401.68,USD,APAC,CP0215,FX,TDR0167,BOOK_D,2025-09-08
TXN0001456164,APP011,2025-06-20,active,700210.49,USD,EMEA,CP0463,EQUITY,TDR0015,BOOK_A,2026-01-04
TXN0007912763,APP019,2025-02-26,failed,430036.82,CHF,AMER,CP0231,EQUITY,TDR0065,BOOK_D,2025-11-10
TXN0003673168,APP019,2026-01-07,pending,574789.33,USD,APAC,CP0279,BOND,TDR0043,BOOK_D,2025-09-25
TXN0008266332,APP019,2025-01-31,active,399727.99,USD,APAC,CP0062,BOND,TDR0072,BOOK_A,2025-11-06
TXN0000817307,APP014,2025-02-02,reversed,991985.62,CHF,APAC,CP0318,BOND,TDR0192,BOOK_B,2025-07-22
TXN0009184549,APP010,2025-06-13,active,377108.08,JPY,APAC,CP0020,EQUITY,TDR0051,BOOK_B,2026-01-20
TXN0008321474,APP014,2026-03-01,failed,76081.68,EUR,AMER,CP0456,FX,TDR0098,BOOK_B,2025-02-10
TXN0004855905,APP007,2025-05-29,settled,673208.69,USD,APAC,CP0235,OPTION,TDR0138,BOOK_A,2025-05-29
TXN0000439808,APP004,2025-01-07,reversed,916669.08,JPY,APAC,CP0081,FX,TDR0094,BOOK_D,2025-05-20
TXN0005605810,APP016,2025-08-31,pending,903553.26,JPY,EMEA,CP0434,BOND,TDR0086,BOOK_B,2026-01-23
TXN0000930644,APP015,2025-12-24,failed,890572.44,USD,AMER,CP0455,BOND,TDR0109,BOOK_B,2025-02-01
TXN0000053960,APP004,2025-12-15,pending,228214.07,EUR,APAC,CP0470,BOND,TDR0077,BOOK_C,2025-08-25
TXN0002461150,APP015,2025-09-23,failed,829423.33,EUR,APAC,CP0437,FX,TDR0002,BOOK_D,2025-01-05
TXN0003350132,APP020,2025-12-02,settled,718820.98,GBP,APAC,CP0247,BOND,TDR0137,BOOK_A,2026-03-16
TXN0003546958,APP004,2025-10-17,active,381500.75,JPY,AMER,CP0084,EQUITY,TDR0039,BOOK_B,2025-05-16
TXN0003805165,APP005,2026-01-04,settled,935539.38,JPY,AMER,CP0349,SWAP,TDR0061,BOOK_D,2026-01-10
TXN0008037914,APP017,2025-01-12,settled,275885.05,AUD,LATAM,CP0009,OPTION,TDR0046,BOOK_B,2025-10-01
TXN0002240838,APP002,2026-04-06,reversed,611924.06,USD,LATAM,CP0311,SWAP,TDR0041,BOOK_B,2025-01-08
TXN0007146252,APP006,2025-02-10,failed,935896.87,CHF,AMER,CP0362,FX,TDR0059,BOOK_B,2025-05-15
TXN0009646913,APP001,2026-01-11,settled,344387.01,GBP,AMER,CP0447,FX,TDR0145,BOOK_B,2025-10-03
TXN0003508117,APP009,2025-10-30,reversed,356104.07,GBP,EMEA,CP0353,SWAP,TDR0185,BOOK_A,2025-12-08
TXN0008391999,APP014,2025-01-18,failed,124449.12,JPY,AMER,CP0429,FUTURE,TDR0176,BOOK_A,2026-04-05
TXN0000727785,APP019,2025-03-09,failed,179600.28,AUD,LATAM,CP0469,BOND,TDR0092,BOOK_B,2025-09-17
TXN0001181205,APP019,2025-08-12,pending,458796.76,GBP,LATAM,CP0277,FUTURE,TDR0155,BOOK_D,2025-05-03
TXN0006468292,APP003,2025-02-02,settled,241538.04,EUR,LATAM,CP0105,OPTION,TDR0093,BOOK_A,2026-03-07
TXN0006096782,APP012,2025-12-14,active,158882.48,CHF,AMER,CP0389,OPTION,TDR0104,BOOK_D,2025-05-12
TXN0005989702,APP006,2025-08-25,failed,953737.99,JPY,APAC,CP0041,SWAP,TDR0180,BOOK_C,2025-02-02
TXN0008360865,APP014,2025-03-12,failed,795056.87,JPY,AMER,CP0471,SWAP,TDR0167,BOOK_B,2025-01-01
TXN0009181777,APP016,2025-10-28,active,96170.34,AUD,APAC,CP0223,EQUITY,TDR0043,BOOK_A,2025-10-24
TXN0000449135,APP009,2026-01-27,failed,595843.87,USD,APAC,CP0292,BOND,TDR0148,BOOK_B,2025-08-14
TXN0008694570,APP016,2025-03-02,failed,47984.11,AUD,AMER,CP0278,SWAP,TDR0031,BOOK_B,2025-10-16
TXN0003327139,APP010,2025-02-23,failed,168795.49,CHF,AMER,CP0156,FX,TDR0164,BOOK_C,2025-06-01
TXN0007508109,APP010,2025-02-19,pending,192430.38,JPY,LATAM,CP0370,EQUITY,TDR0092,BOOK_C,2025-07-28
TXN0001898336,APP004,2025-09-09,settled,745065.18,USD,AMER,CP0208,SWAP,TDR0165,BOOK_C,2025-03-18
TXN0000445784,APP008,2025-12-04,pending,465450.31,JPY,LATAM,CP0384,FUTURE,TDR0028,BOOK_B,2025-09-10
TXN0005409933,APP013,2026-01-14,reversed,151339.91,CHF,EMEA,CP0290,OPTION,TDR0196,BOOK_A,2025-10-08
TXN0004956401,APP009,2025-03-24,pending,540437.73,USD,LATAM,CP0165,FX,TDR0145,BOOK_C,2025-02-13
TXN0001910485,APP019,2025-10-25,settled,906714.05,AUD,LATAM,CP0035,SWAP,TDR0181,BOOK_D,2025-12-07
TXN0008365990,APP013,2025-04-10,pending,802781.48,USD,EMEA,CP0158,FX,TDR0008,BOOK_D,2026-02-01
TXN0006595956,APP020,2025-06-04,reversed,46146.07,AUD,AMER,CP0316,BOND,TDR0087,BOOK_D,2025-07-24
TXN0001907384,APP004,2025-12-18,failed,230752.08,JPY,EMEA,CP0497,FUTURE,TDR0110,BOOK_B,2026-01-05
TXN0000194705,APP014,2025-03-31,failed,285934.11,EUR,LATAM,CP0213,FX,TDR0197,BOOK_A,2025-09-18
TXN0005967194,APP017,2025-02-01,active,988628.22,AUD,LATAM,CP0276,FX,TDR0024,BOOK_A,2025-11-29
TXN0008507486,APP014,2025-03-22,pending,918515.84,USD,LATAM,CP0114,OPTION,TDR0178,BOOK_B,2025-03-26
TXN0008991012,APP019,2025-07-12,pending,139537.82,JPY,APAC,CP0150,EQUITY,TDR0120,BOOK_B,2026-02-27
TXN0004572538,APP006,2026-01-25,settled,851825.31,AUD,LATAM,CP0285,BOND,TDR0170,BOOK_B,2025-11-08
TXN0005157603,APP008,2025-03-19,active,82552.71,GBP,EMEA,CP0098,SWAP,TDR0197,BOOK_B,2025-12-09
TXN0005810344,APP018,2025-09-21,settled,171560.6,EUR,EMEA,CP0210,OPTION,TDR0096,BOOK_D,2025-06-15
TXN0008739550,APP003,2026-01-14,active,867402.51,CHF,EMEA,CP0091,SWAP,TDR0112,BOOK_B,2025-02-28
TXN0006280513,APP001,2025-05-21,failed,989491.47,USD,LATAM,CP0460,SWAP,TDR0177,BOOK_B,2025-05-08
TXN0004246751,APP003,2025-01-09,active,883814.56,AUD,EMEA,CP0125,SWAP,TDR0190,BOOK_C,2025-03-01
TXN0006491644,APP011,2025-02-04,active,413350.26,GBP,LATAM,CP0313,BOND,TDR0170,BOOK_D,2025-10-24
TXN0003761788,APP019,2025-07-04,reversed,724025.3,AUD,APAC,CP0122,BOND,TDR0003,BOOK_A,2025-09-22
TXN0004071617,APP006,2025-02-15,pending,887726.32,EUR,AMER,CP0349,FUTURE,TDR0051,BOOK_D,2025-06-17
TXN0006689102,APP014,2025-07-16,reversed,727876.7,JPY,LATAM,CP0408,SWAP,TDR0081,BOOK_C,2025-10-25
TXN0007561641,APP006,2025-02-22,failed,192950.4,AUD,AMER,CP0111,FUTURE,TDR0078,BOOK_B,2025-12-25
TXN0007590968,APP003,2025-01-02,settled,98188.41,EUR,EMEA,CP0253,SWAP,TDR0001,BOOK_B,2026-03-17
TXN0000052920,APP006,2025-09-05,failed,32681.41,AUD,EMEA,CP0287,FUTURE,TDR0153,BOOK_A,2025-10-30
TXN0002435649,APP005,2025-02-17,active,676444.34,GBP,APAC,CP0459,FX,TDR0003,BOOK_B,2025-08-27
TXN0002262459,APP010,2025-08-23,failed,886182.68,GBP,EMEA,CP0420,FUTURE,TDR0169,BOOK_C,2025-05-19
TXN0000710332,APP004,2026-01-05,reversed,841271.38,USD,EMEA,CP0392,EQUITY,TDR0116,BOOK_A,2025-07-19
TXN0004287643,APP020,2025-08-20,failed,600907.81,AUD,APAC,CP0389,FUTURE,TDR0192,BOOK_A,2026-01-29
TXN0009733731,APP006,2025-12-24,failed,381779.01,JPY,LATAM,CP0353,BOND,TDR0074,BOOK_B,2025-01-24
TXN0003347828,APP007,2026-02-02,pending,811436.07,CHF,EMEA,CP0188,SWAP,TDR0096,BOOK_B,2026-01-25
TXN0009567280,APP019,2025-12-30,active,732153.23,AUD,EMEA,CP0323,OPTION,TDR0150,BOOK_D,2026-01-21
TXN0000292037,APP017,2025-03-27,active,245084.63,JPY,APAC,CP0141,FX,TDR0025,BOOK_B,2025-10-05
TXN0003584567,APP015,2025-06-16,reversed,804287.23,CHF,EMEA,CP0287,OPTION,TDR0043,BOOK_A,2026-01-27
TXN0008008187,APP004,2025-11-08,settled,523648.37,AUD,APAC,CP0145,FX,TDR0090,BOOK_B,2025-10-23
TXN0005965104,APP013,2025-01-30,failed,840252.36,JPY,EMEA,CP0349,EQUITY,TDR0008,BOOK_C,2025-07-12
TXN0005886923,APP001,2025-05-20,reversed,16111.05,USD,AMER,CP0431,OPTION,TDR0144,BOOK_D,2025-08-21
TXN0007766746,APP005,2025-09-28,failed,301348.37,AUD,AMER,CP0158,FUTURE,TDR0029,BOOK_B,2025-06-01
TXN0002225198,APP013,2025-02-06,reversed,723214.42,GBP,LATAM,CP0210,BOND,TDR0102,BOOK_D,2025-12-19
TXN0008775360,APP002,2025-05-28,failed,204949.53,GBP,AMER,CP0004,FUTURE,TDR0170,BOOK_B,2025-05-29
TXN0001353991,APP008,2025-06-17,active,504621.21,AUD,APAC,CP0329,BOND,TDR0125,BOOK_D,2026-03-20
TXN0007036521,APP019,2025-05-20,failed,341899.76,CHF,LATAM,CP0352,OPTION,TDR0080,BOOK_B,2026-02-26
TXN0008922731,APP001,2025-08-25,failed,78342.08,EUR,EMEA,CP0149,FX,TDR0080,BOOK_C,2025-08-23
TXN0007271699,APP004,2026-03-21,active,352995.48,AUD,AMER,CP0348,EQUITY,TDR0088,BOOK_A,2025-01-29
TXN0007844823,APP010,2025-04-27,reversed,861198.57,CHF,LATAM,CP0185,EQUITY,TDR0183,BOOK_B,2025-09-28
TXN0009206653,APP020,2025-01-04,settled,114278.3,JPY,AMER,CP0099,BOND,TDR0100,BOOK_D,2025-04-24
TXN0009181784,APP003,2026-01-21,reversed,67468.56,AUD,APAC,CP0271,OPTION,TDR0018,BOOK_C,2025-04-27
TXN0006372940,APP016,2025-01-07,settled,904242.38,USD,EMEA,CP0420,BOND,TDR0102,BOOK_B,2025-05-03
TXN0003662490,APP007,2026-01-31,active,538648.71,AUD,EMEA,CP0306,FUTURE,TDR0037,BOOK_C,2025-07-06
TXN0008552803,APP003,2025-01-01,reversed,666344.33,USD,LATAM,CP0378,EQUITY,TDR0127,BOOK_D,2026-02-17
TXN0004770852,APP017,2025-06-24,failed,574135.95,JPY,EMEA,CP0160,FUTURE,TDR0198,BOOK_B,2026-04-03
TXN0003763323,APP001,2025-08-03,failed,761691.47,AUD,EMEA,CP0354,SWAP,TDR0038,BOOK_D,2025-03-28
TXN0009061898,APP009,2025-02-12,reversed,359078.4,CHF,APAC,CP0240,EQUITY,TDR0006,BOOK_A,2025-04-30
TXN0009830894,APP003,2025-01-04,settled,955570.7,EUR,EMEA,CP0237,FX,TDR0144,BOOK_A,2026-03-16
TXN0007111450,APP017,2026-03-23,settled,391010.29,EUR,AMER,CP0043,FX,TDR0186,BOOK_A,2025-03-24
TXN0005964833,APP009,2025-01-29,settled,350718.32,CHF,LATAM,CP0058,BOND,TDR0060,BOOK_D,2026-02-01
TXN0006077315,APP018,2025-05-08,failed,159816.2,JPY,LATAM,CP0403,SWAP,TDR0159,BOOK_B,2025-05-01
TXN0008702863,APP012,2025-06-06,settled,554620.38,USD,AMER,CP0030,FX,TDR0177,BOOK_C,2025-08-04
TXN0008003404,APP008,2025-06-20,failed,728431.26,GBP,EMEA,CP0463,BOND,TDR0011,BOOK_B,2025-02-02
TXN0002530527,APP003,2025-01-08,active,623518.32,GBP,APAC,CP0059,FUTURE,TDR0064,BOOK_C,2025-03-17
TXN0009468029,APP001,2025-06-09,failed,363208.2,EUR,AMER,CP0392,BOND,TDR0047,BOOK_D,2025-09-05
TXN0007495715,APP005,2025-02-26,pending,152374.97,GBP,APAC,CP0458,OPTION,TDR0071,BOOK_C,2025-08-24
TXN0004564134,APP008,2025-04-30,pending,376465.72,USD,APAC,CP0231,FUTURE,TDR0030,BOOK_C,2025-12-25
TXN0005588637,APP017,2025-05-06,active,439739.26,AUD,LATAM,CP0174,FUTURE,TDR0169,BOOK_C,2025-12-13
TXN0008780247,APP012,2025-07-21,settled,789297.17,GBP,EMEA,CP0104,SWAP,TDR0021,BOOK_A,2025-10-02
TXN0000449788,APP020,2025-05-10,failed,668104.19,EUR,LATAM,CP0409,BOND,TDR0179,BOOK_D,2025-07-24
TXN0005197157,APP010,2025-06-05,failed,405503.43,EUR,LATAM,CP0421,BOND,TDR0042,BOOK_D,2026-01-13
TXN0000527851,APP004,2025-04-25,reversed,429160.43,CHF,APAC,CP0424,EQUITY,TDR0101,BOOK_A,2025-07-22
TXN0004042762,APP007,2025-10-01,active,499011.54,JPY,EMEA,CP0041,OPTION,TDR0170,BOOK_C,2025-07-07
TXN0007474149,APP015,2025-01-11,active,302559.22,JPY,EMEA,CP0167,BOND,TDR0184,BOOK_B,2025-06-18
TXN0006005918,APP003,2026-01-09,pending,166550.43,AUD,AMER,CP0179,BOND,TDR0089,BOOK_D,2025-07-15
TXN0002602680,APP002,2025-01-15,active,588576.3,EUR,AMER,CP0255,OPTION,TDR0074,BOOK_C,2025-10-04
TXN0004879855,APP018,2025-09-11,active,230857.13,USD,APAC,CP0367,SWAP,TDR0147,BOOK_C,2025-11-25
TXN0004141508,APP004,2025-04-04,reversed,27756.11,AUD,AMER,CP0001,BOND,TDR0107,BOOK_A,2025-12-10
TXN0005393160,APP011,2025-04-14,settled,122703.73,CHF,EMEA,CP0186,EQUITY,TDR0075,BOOK_A,2025-05-24
TXN0009065242,APP010,2025-02-09,settled,944342.41,CHF,EMEA,CP0054,OPTION,TDR0144,BOOK_D,2026-02-12
TXN0009716426,APP005,2025-05-18,failed,445593.08,GBP,AMER,CP0282,SWAP,TDR0181,BOOK_C,2026-01-08
TXN0007843720,APP010,2025-04-27,pending,63800.76,USD,LATAM,CP0363,EQUITY,TDR0016,BOOK_B,2026-02-20
TXN0008199778,APP015,2026-04-01,failed,827819.99,JPY,LATAM,CP0078,BOND,TDR0014,BOOK_C,2025-06-09
TXN0000682852,APP009,2025-04-08,failed,748902.88,CHF,APAC,CP0091,FX,TDR0106,BOOK_C,2025-04-06
TXN0006506338,APP015,2025-06-11,pending,233249.8,JPY,APAC,CP0027,EQUITY,TDR0078,BOOK_D,2025-10-30
TXN0003743681,APP011,2025-11-06,settled,538748.87,AUD,EMEA,CP0115,BOND,TDR0169,BOOK_B,2025-06-15
TXN0003321316,APP001,2025-03-17,active,825933.13,GBP,EMEA,CP0078,BOND,TDR0010,BOOK_C,2025-09-10
TXN0006134061,APP017,2025-03-15,failed,761501.53,AUD,AMER,CP0045,BOND,TDR0140,BOOK_D,2025-05-29
TXN0009361320,APP016,2025-11-29,failed,203681.62,CHF,EMEA,CP0216,FX,TDR0161,BOOK_A,2025-07-20
TXN0000815430,APP014,2026-03-02,failed,632257.7,JPY,EMEA,CP0289,EQUITY,TDR0061,BOOK_C,2026-04-05
TXN0005755881,APP006,2026-01-07,pending,608534.12,AUD,AMER,CP0070,FUTURE,TDR0145,BOOK_D,2025-12-05
TXN0009937603,APP008,2025-09-25,pending,825141.03,EUR,APAC,CP0044,OPTION,TDR0056,BOOK_A,2026-02-02
TXN0006203134,APP019,2025-03-10,pending,303436.31,CHF,LATAM,CP0426,EQUITY,TDR0063,BOOK_B,2025-03-13
TXN0004364507,APP015,2026-01-18,settled,755517.07,GBP,AMER,CP0127,BOND,TDR0183,BOOK_C,2025-06-25
TXN0007859679,APP010,2025-01-13,reversed,396519.54,AUD,APAC,CP0440,SWAP,TDR0149,BOOK_C,2026-04-04
TXN0004274142,APP016,2026-03-19,failed,261391.05,CHF,APAC,CP0463,OPTION,TDR0115,BOOK_D,2025-02-05
TXN0002090161,APP007,2025-07-12,pending,946368.62,AUD,EMEA,CP0162,FX,TDR0065,BOOK_D,2025-04-26
TXN0002567891,APP018,2025-06-15,settled,928617.85,JPY,APAC,CP0455,EQUITY,TDR0189,BOOK_D,2025-07-01
TXN0002482758,APP012,2026-02-24,active,729462.7,CHF,APAC,CP0203,EQUITY,TDR0042,BOOK_B,2025-10-07
TXN0006265002,APP005,2025-10-25,pending,679149.81,USD,EMEA,CP0017,SWAP,TDR0140,BOOK_C,2025-12-30
TXN0000194692,APP009,2025-02-10,settled,138587.79,CHF,APAC,CP0257,BOND,TDR0192,BOOK_A,2025-04-25
TXN0006296579,APP009,2025-08-31,active,5834.34,AUD,AMER,CP0107,SWAP,TDR0037,BOOK_A,2025-02-01
TXN0003099168,APP017,2025-08-18,failed,323065.22,GBP,EMEA,CP0319,EQUITY,TDR0029,BOOK_C,2026-02-07
TXN0008727842,APP002,2025-09-13,pending,149953.71,EUR,APAC,CP0175,SWAP,TDR0059,BOOK_A,2026-03-20
TXN0001747253,APP003,2026-02-23,settled,957552.82,CHF,LATAM,CP0233,SWAP,TDR0167,BOOK_C,2025-04-29
TXN0004924985,APP014,2026-04-12,reversed,214706.64,CHF,AMER,CP0165,FX,TDR0162,BOOK_D,2025-03-06
TXN0005100806,APP010,2025-06-21,reversed,441792.36,EUR,EMEA,CP0114,FX,TDR0061,BOOK_A,2025-11-01
TXN0001224284,APP009,2025-07-05,pending,301775.54,JPY,AMER,CP0149,FX,TDR0034,BOOK_B,2026-01-15
TXN0006440722,APP008,2025-07-16,active,484604.19,AUD,LATAM,CP0498,BOND,TDR0034,BOOK_D,2025-06-10
TXN0009132247,APP003,2026-02-17,reversed,729263.35,GBP,LATAM,CP0017,FX,TDR0044,BOOK_D,2025-10-28
TXN0007400394,APP004,2025-07-20,active,454964.98,CHF,EMEA,CP0315,OPTION,TDR0081,BOOK_C,2026-03-18
TXN0007267857,APP008,2026-01-20,active,480547.85,CHF,APAC,CP0124,EQUITY,TDR0014,BOOK_C,2025-12-16
TXN0001601589,APP008,2025-12-12,settled,108719.07,USD,EMEA,CP0082,FUTURE,TDR0062,BOOK_B,2025-07-29
TXN0006212144,APP018,2025-01-09,reversed,785305.37,GBP,EMEA,CP0078,FX,TDR0073,BOOK_C,2025-06-17
TXN0009535906,APP012,2025-08-05,active,173239.18,USD,LATAM,CP0384,FX,TDR0117,BOOK_B,2025-05-07
TXN0006132784,APP010,2025-05-02,settled,296166.39,EUR,LATAM,CP0082,BOND,TDR0058,BOOK_B,2025-02-27
TXN0002205919,APP002,2026-01-31,reversed,251968.04,EUR,AMER,CP0440,EQUITY,TDR0069,BOOK_A,2025-11-25
TXN0003459625,APP003,2026-01-24,settled,790419.12,AUD,APAC,CP0212,EQUITY,TDR0093,BOOK_D,2025-09-26
TXN0009341166,APP009,2025-05-31,settled,138950.59,CHF,LATAM,CP0340,OPTION,TDR0008,BOOK_B,2025-05-17
TXN0007478507,APP013,2025-01-16,failed,713271.78,JPY,EMEA,CP0003,OPTION,TDR0108,BOOK_A,2025-04-13
TXN0002087822,APP006,2025-06-18,settled,37481.87,USD,LATAM,CP0172,FUTURE,TDR0180,BOOK_C,2025-08-06
TXN0005746283,APP001,2025-11-06,reversed,194477.09,AUD,EMEA,CP0213,FUTURE,TDR0166,BOOK_A,2025-12-06
TXN0005510300,APP008,2025-09-28,failed,674996.56,USD,APAC,CP0085,FUTURE,TDR0049,BOOK_D,2025-05-19
TXN0008038884,APP009,2025-05-19,reversed,526735.91,GBP,APAC,CP0257,SWAP,TDR0183,BOOK_B,2026-02-01
TXN0004831653,APP004,2026-02-07,settled,205044.43,GBP,LATAM,CP0313,BOND,TDR0075,BOOK_B,2025-06-21
TXN0006391790,APP015,2025-03-31,pending,798875.3,AUD,LATAM,CP0022,FX,TDR0147,BOOK_D,2026-01-06
TXN0004106479,APP003,2026-02-04,settled,108674.52,GBP,AMER,CP0202,OPTION,TDR0144,BOOK_B,2025-05-23
TXN0000815959,APP010,2025-06-23,settled,693425.61,EUR,AMER,CP0349,SWAP,TDR0141,BOOK_C,2025-05-16
TXN0005619276,APP006,2025-03-12,pending,499664.42,AUD,LATAM,CP0223,SWAP,TDR0029,BOOK_C,2025-01-21
TXN0006111687,APP012,2025-08-10,failed,647420.43,CHF,APAC,CP0386,BOND,TDR0192,BOOK_C,2026-02-02
TXN0007193798,APP015,2025-03-05,pending,484189.53,EUR,EMEA,CP0216,BOND,TDR0111,BOOK_B,2025-09-11
TXN0009056431,APP007,2025-01-04,reversed,812663.01,JPY,EMEA,CP0436,FUTURE,TDR0129,BOOK_A,2025-08-20
TXN0000805297,APP015,2025-01-10,pending,996171.88,GBP,EMEA,CP0197,BOND,TDR0138,BOOK_D,2026-02-16
TXN0004824202,APP006,2025-12-13,reversed,962534.95,CHF,AMER,CP0394,BOND,TDR0174,BOOK_A,2025-03-26
TXN0002914690,APP010,2025-02-06,reversed,271903.71,CHF,AMER,CP0353,FUTURE,TDR0035,BOOK_A,2025-06-30
TXN0007449447,APP020,2025-03-15,active,92007.29,GBP,EMEA,CP0355,OPTION,TDR0070,BOOK_A,2025-08-26
TXN0000209943,APP010,2025-01-03,pending,586629.47,CHF,AMER,CP0472,FUTURE,TDR0074,BOOK_C,2025-08-29
TXN0003561372,APP005,2025-04-24,active,729648.67,EUR,APAC,CP0034,OPTION,TDR0170,BOOK_A,2025-06-05
TXN0008703079,APP020,2025-12-18,settled,701613.6,CHF,EMEA,CP0078,FX,TDR0051,BOOK_C,2026-03-28
TXN0000938642,APP017,2025-10-17,active,664659.33,GBP,LATAM,CP0160,FX,TDR0170,BOOK_D,2025-07-31
TXN0009719385,APP005,2025-02-28,active,403282.69,AUD,APAC,CP0350,BOND,TDR0152,BOOK_C,2025-04-01
TXN0004388297,APP009,2025-01-31,settled,224201.73,EUR,APAC,CP0478,OPTION,TDR0163,BOOK_B,2025-09-30
TXN0007812151,APP015,2025-03-08,settled,730936.45,JPY,APAC,CP0465,FUTURE,TDR0169,BOOK_B,2025-02-25
TXN0006747590,APP002,2025-06-25,settled,412906.63,EUR,EMEA,CP0213,FX,TDR0067,BOOK_A,2026-01-09
TXN0006870627,APP003,2025-07-02,pending,914495.62,USD,EMEA,CP0090,OPTION,TDR0092,BOOK_C,2026-02-08
TXN0001474059,APP004,2025-09-04,settled,330854.4,USD,APAC,CP0088,FUTURE,TDR0157,BOOK_A,2025-04-02
TXN0000883202,APP001,2025-01-21,settled,345190.92,EUR,LATAM,CP0004,SWAP,TDR0052,BOOK_D,2025-07-04
TXN0004677045,APP007,2025-10-27,pending,639345.56,GBP,AMER,CP0220,OPTION,TDR0198,BOOK_C,2025-05-21
TXN0006681714,APP019,2025-12-05,reversed,734706.73,CHF,EMEA,CP0225,OPTION,TDR0065,BOOK_C,2025-11-06
TXN0005731226,APP020,2025-04-25,reversed,486667.24,AUD,APAC,CP0381,SWAP,TDR0165,BOOK_B,2025-08-19
TXN0002240123,APP014,2025-06-28,failed,960606.01,GBP,AMER,CP0301,FX,TDR0022,BOOK_D,2025-10-31
TXN0001596044,APP019,2025-08-20,reversed,395647.53,GBP,AMER,CP0423,BOND,TDR0126,BOOK_A,2025-10-15
TXN0002729001,APP019,2025-07-11,settled,512876.07,USD,APAC,CP0248,FX,TDR0048,BOOK_C,2025-12-04
TXN0004165492,APP004,2025-10-07,pending,19638.19,EUR,EMEA,CP0068,OPTION,TDR0094,BOOK_D,2025-12-04
TXN0000228329,APP015,2026-02-21,active,898176.03,USD,AMER,CP0009,BOND,TDR0103,BOOK_C,2026-03-27
TXN0004273660,APP006,2025-06-25,settled,708846.97,JPY,AMER,CP0160,EQUITY,TDR0055,BOOK_D,2025-08-29
TXN0005188896,APP001,2026-01-09,reversed,839798.02,JPY,APAC,CP0223,SWAP,TDR0132,BOOK_A,2025-03-09
TXN0008070040,APP010,2025-07-20,active,850723.26,GBP,LATAM,CP0388,OPTION,TDR0028,BOOK_D,2025-08-17
TXN0002811147,APP013,2026-03-21,settled,892180.38,USD,APAC,CP0176,OPTION,TDR0155,BOOK_C,2025-05-04
TXN0006033781,APP009,2026-04-08,reversed,565828.56,GBP,AMER,CP0208,EQUITY,TDR0107,BOOK_D,2025-05-22
TXN0009837925,APP013,2025-10-10,active,657496.91,EUR,LATAM,CP0370,BOND,TDR0038,BOOK_C,2025-02-17
TXN0001108612,APP016,2026-01-23,active,233471.85,USD,LATAM,CP0364,SWAP,TDR0131,BOOK_D,2026-02-28
TXN0004630417,APP020,2026-01-19,failed,163098.4,JPY,LATAM,CP0038,OPTION,TDR0037,BOOK_A,2025-07-14
TXN0000920076,APP001,2025-07-10,settled,723206.44,EUR,AMER,CP0086,BOND,TDR0113,BOOK_A,2025-03-17
TXN0006820027,APP020,2025-09-20,settled,650465.01,GBP,LATAM,CP0392,OPTION,TDR0117,BOOK_A,2025-07-04
TXN0006705710,APP008,2025-11-22,reversed,814224.84,JPY,EMEA,CP0438,EQUITY,TDR0065,BOOK_A,2025-01-09
TXN0007994834,APP007,2025-03-05,active,544634.93,AUD,LATAM,CP0371,FUTURE,TDR0154,BOOK_C,2026-01-18
TXN0000056311,APP015,2026-03-25,settled,462248.8,CHF,LATAM,CP0355,OPTION,TDR0063,BOOK_D,2025-04-14
TXN0002863483,APP001,2026-02-15,failed,462669.2,EUR,APAC,CP0314,SWAP,TDR0031,BOOK_B,2025-07-23
TXN0009256748,APP005,2025-11-24,failed,584996.67,AUD,AMER,CP0279,BOND,TDR0072,BOOK_B,2025-05-16
TXN0001625915,APP016,2025-03-22,settled,498284.16,AUD,EMEA,CP0189,BOND,TDR0146,BOOK_B,2025-12-28
TXN0004456685,APP019,2026-01-11,settled,290139.56,JPY,LATAM,CP0172,SWAP,TDR0132,BOOK_A,2026-02-22
TXN0009534597,APP012,2026-04-10,failed,102498.05,GBP,LATAM,CP0364,BOND,TDR0069,BOOK_A,2025-11-24
TXN0007007808,APP011,2025-03-22,settled,548864.87,GBP,LATAM,CP0047,SWAP,TDR0165,BOOK_A,2026-01-13
TXN0002717211,APP013,2026-02-12,failed,295291.52,EUR,LATAM,CP0003,OPTION,TDR0132,BOOK_A,2025-11-01
TXN0006028185,APP005,2026-01-31,settled,169349.56,JPY,LATAM,CP0035,BOND,TDR0091,BOOK_D,2025-09-03
TXN0003755025,APP004,2025-09-02,pending,749854.45,GBP,AMER,CP0314,FUTURE,TDR0111,BOOK_A,2026-01-30
TXN0000957298,APP014,2025-01-10,active,597230.85,AUD,EMEA,CP0016,FUTURE,TDR0119,BOOK_A,2025-12-01
TXN0006562813,APP014,2026-01-29,settled,120994.27,AUD,AMER,CP0287,BOND,TDR0177,BOOK_B,2025-05-05
TXN0000115855,APP019,2025-04-23,settled,274761.81,USD,AMER,CP0348,EQUITY,TDR0057,BOOK_C,2025-05-08
TXN0000623135,APP001,2025-05-21,active,748882.21,EUR,AMER,CP0468,SWAP,TDR0058,BOOK_A,2026-02-04
TXN0009843029,APP018,2025-04-08,failed,291968.23,AUD,EMEA,CP0066,FUTURE,TDR0006,BOOK_D,2026-03-27
TXN0006496695,APP007,2025-08-23,active,883267.13,CHF,APAC,CP0151,FUTURE,TDR0188,BOOK_C,2025-02-27
TXN0001557557,APP005,2025-09-01,active,64192.7,GBP,LATAM,CP0413,SWAP,TDR0129,BOOK_A,2025-10-19
TXN0008833424,APP007,2026-03-13,pending,744122.08,AUD,AMER,CP0476,FX,TDR0110,BOOK_A,2025-04-21
TXN0002625841,APP018,2025-10-26,pending,995591.9,EUR,EMEA,CP0175,SWAP,TDR0133,BOOK_C,2025-08-23
TXN0007557891,APP017,2025-06-04,pending,200163.74,AUD,AMER,CP0311,BOND,TDR0103,BOOK_C,2025-04-25
TXN0003725106,APP018,2026-03-03,failed,839964.87,USD,LATAM,CP0112,EQUITY,TDR0087,BOOK_B,2025-02-15
TXN0009975711,APP009,2025-10-18,active,59889.66,EUR,EMEA,CP0258,EQUITY,TDR0090,BOOK_B,2025-04-29
TXN0007990603,APP017,2025-08-22,settled,774828.56,JPY,AMER,CP0281,EQUITY,TDR0167,BOOK_D,2025-05-23
TXN0009496239,APP015,2025-06-12,failed,74279.69,AUD,APAC,CP0220,EQUITY,TDR0190,BOOK_C,2026-03-22
TXN0000534479,APP016,2026-03-27,pending,444063.55,EUR,APAC,CP0144,BOND,TDR0015,BOOK_B,2025-09-20
TXN0005114009,APP002,2025-07-20,active,237581.63,CHF,AMER,CP0202,FUTURE,TDR0056,BOOK_A,2026-03-14
TXN0000574009,APP011,2026-03-28,settled,841661.07,EUR,AMER,CP0243,FUTURE,TDR0146,BOOK_A,2025-03-21
TXN0000968178,APP018,2026-02-09,active,408259.8,USD,EMEA,CP0205,FUTURE,TDR0171,BOOK_D,2026-02-06
TXN0009107755,APP019,2025-10-21,failed,775513.25,USD,APAC,CP0310,BOND,TDR0053,BOOK_B,2025-03-07
TXN0003254763,APP006,2025-07-11,pending,977821.56,GBP,APAC,CP0164,BOND,TDR0199,BOOK_B,2026-02-26
TXN0002554748,APP008,2025-08-08,reversed,827409.6,USD,EMEA,CP0055,FUTURE,TDR0164,BOOK_C,2025-06-19
TXN0008485604,APP014,2026-02-01,active,11008.52,AUD,APAC,CP0446,SWAP,TDR0035,BOOK_B,2025-08-18
TXN0007981673,APP005,2025-08-11,pending,744424.14,AUD,LATAM,CP0319,EQUITY,TDR0063,BOOK_B,2025-07-10
TXN0006989866,APP010,2025-12-31,reversed,58648.54,GBP,LATAM,CP0351,FUTURE,TDR0025,BOOK_C,2026-02-17
TXN0005958473,APP017,2025-10-04,pending,481350.64,GBP,LATAM,CP0207,FUTURE,TDR0199,BOOK_A,2025-09-18
TXN0004193292,APP002,2026-02-19,pending,303820.07,CHF,APAC,CP0014,OPTION,TDR0099,BOOK_B,2026-01-25
TXN0009077988,APP005,2025-10-12,reversed,771371.82,AUD,APAC,CP0370,BOND,TDR0088,BOOK_A,2026-01-20
TXN0001829105,APP015,2025-03-05,failed,607623.81,AUD,EMEA,CP0331,EQUITY,TDR0080,BOOK_A,2025-11-27
TXN0001988141,APP009,2025-01-09,failed,567327.2,JPY,AMER,CP0137,FX,TDR0164,BOOK_B,2025-06-19
TXN0001494677,APP015,2025-08-07,failed,492769.81,JPY,AMER,CP0327,SWAP,TDR0035,BOOK_B,2025-12-01
TXN0009571703,APP011,2026-04-14,active,440506.03,EUR,EMEA,CP0429,BOND,TDR0165,BOOK_A,2025-09-19
TXN0004295717,APP015,2025-05-14,settled,192700.83,JPY,APAC,CP0263,FX,TDR0192,BOOK_D,2025-01-09
TXN0007653023,APP013,2026-02-17,settled,466086.63,EUR,APAC,CP0283,BOND,TDR0157,BOOK_D,2026-01-11
TXN0009463362,APP011,2025-07-02,settled,774085.3,CHF,AMER,CP0205,EQUITY,TDR0099,BOOK_D,2026-04-09
TXN0006334355,APP014,2025-05-04,failed,640244.94,JPY,AMER,CP0433,FUTURE,TDR0030,BOOK_B,2025-02-26
TXN0001754063,APP007,2025-10-02,settled,605251.88,JPY,AMER,CP0107,SWAP,TDR0154,BOOK_B,2025-06-30
TXN0009293584,APP001,2025-04-05,settled,733559.1,CHF,APAC,CP0063,OPTION,TDR0168,BOOK_C,2026-01-29
TXN0008302134,APP015,2025-08-05,active,313948.46,EUR,APAC,CP0005,BOND,TDR0186,BOOK_B,2025-11-22
TXN0003230081,APP010,2025-02-08,pending,671630.34,CHF,APAC,CP0384,SWAP,TDR0114,BOOK_D,2025-01-28
TXN0001852691,APP012,2025-09-30,reversed,797404.07,AUD,AMER,CP0428,FUTURE,TDR0111,BOOK_C,2025-09-15
TXN0003084036,APP010,2025-03-24,failed,674596.14,AUD,APAC,CP0240,FX,TDR0108,BOOK_B,2026-04-02
TXN0003737173,APP005,2025-08-21,failed,356209.16,USD,APAC,CP0371,BOND,TDR0099,BOOK_B,2026-03-11
TXN0007937331,APP011,2025-05-05,settled,190728.64,EUR,LATAM,CP0230,OPTION,TDR0188,BOOK_C,2025-05-02
TXN0003751652,APP020,2025-12-07,settled,56774.61,JPY,EMEA,CP0176,BOND,TDR0145,BOOK_B,2026-04-12
TXN0008600450,APP012,2025-09-21,failed,860797.14,JPY,EMEA,CP0201,FUTURE,TDR0086,BOOK_D,2025-10-31
TXN0000374202,APP004,2025-10-19,reversed,499078.22,GBP,APAC,CP0243,FUTURE,TDR0171,BOOK_C,2026-03-10
TXN0005995690,APP018,2025-04-10,settled,885729.49,CHF,LATAM,CP0278,EQUITY,TDR0064,BOOK_A,2026-03-11
TXN0004612801,APP004,2026-03-23,active,614156.43,AUD,AMER,CP0151,FX,TDR0035,BOOK_B,2025-07-25
TXN0006106231,APP017,2025-11-25,failed,836120.07,CHF,LATAM,CP0285,FUTURE,TDR0028,BOOK_C,2026-03-05
TXN0002161266,APP014,2025-11-23,pending,198014.63,GBP,EMEA,CP0297,EQUITY,TDR0149,BOOK_A,2025-06-11
TXN0002703534,APP006,2025-10-04,failed,887607.74,CHF,EMEA,CP0126,EQUITY,TDR0140,BOOK_B,2026-02-28
TXN0004536680,APP019,2025-05-02,pending,136948.84,CHF,LATAM,CP0479,BOND,TDR0169,BOOK_A,2025-04-19
TXN0002778493,APP001,2025-12-27,reversed,977797.36,AUD,LATAM,CP0196,OPTION,TDR0174,BOOK_C,2025-12-01
TXN0001804695,APP001,2026-01-01,pending,639163.45,JPY,EMEA,CP0424,FUTURE,TDR0093,BOOK_B,2025-05-15
TXN0009748732,APP009,2026-04-08,pending,193346.31,USD,EMEA,CP0274,FUTURE,TDR0048,BOOK_D,2025-11-16
TXN0005322751,APP004,2025-12-02,pending,89442.76,GBP,APAC,CP0234,OPTION,TDR0013,BOOK_D,2025-04-07
TXN0007415710,APP016,2025-02-28,active,584751.68,AUD,AMER,CP0126,FUTURE,TDR0044,BOOK_D,2025-03-02
TXN0006544549,APP012,2025-02-06,settled,707897.96,JPY,EMEA,CP0282,EQUITY,TDR0074,BOOK_C,2025-08-28
TXN0009606636,APP014,2025-07-31,active,222153.87,JPY,LATAM,CP0125,FX,TDR0017,BOOK_D,2025-05-15
TXN0005344063,APP009,2025-05-27,failed,24829.59,USD,AMER,CP0058,OPTION,TDR0099,BOOK_A,2025-12-09
TXN0001614811,APP004,2025-01-23,reversed,69385.74,EUR,APAC,CP0410,FUTURE,TDR0163,BOOK_A,2025-10-31
TXN0006551248,APP003,2026-03-23,active,589847.14,AUD,AMER,CP0269,BOND,TDR0100,BOOK_B,2025-07-10
TXN0005949787,APP006,2025-09-28,failed,207868.83,USD,AMER,CP0112,EQUITY,TDR0049,BOOK_A,2025-02-05
TXN0004007309,APP018,2025-06-24,active,189848.73,USD,LATAM,CP0295,BOND,TDR0145,BOOK_A,2025-05-04
TXN0003779541,APP014,2025-03-10,failed,847193.47,EUR,APAC,CP0023,EQUITY,TDR0185,BOOK_A,2025-11-02
TXN0008748745,APP003,2025-05-04,reversed,435611.55,CHF,AMER,CP0080,BOND,TDR0192,BOOK_C,2025-07-03
TXN0005718307,APP011,2025-07-15,settled,267408.68,USD,APAC,CP0014,OPTION,TDR0197,BOOK_C,2025-08-12
TXN0003559892,APP003,2026-02-01,pending,925173.23,GBP,AMER,CP0158,FUTURE,TDR0007,BOOK_C,2025-04-23
TXN0003823416,APP016,2025-12-13,reversed,346007.62,JPY,EMEA,CP0430,FX,TDR0100,BOOK_D,2025-01-26
TXN0004276382,APP017,2025-10-10,active,251700.64,EUR,EMEA,CP0298,EQUITY,TDR0191,BOOK_D,2026-03-05
TXN0006472549,APP011,2026-01-08,active,942061.15,GBP,APAC,CP0321,OPTION,TDR0157,BOOK_C,2025-12-18
TXN0000578431,APP004,2025-04-17,reversed,115687.26,JPY,EMEA,CP0067,OPTION,TDR0020,BOOK_A,2025-07-20
TXN0008840058,APP010,2026-03-23,failed,114545.49,USD,EMEA,CP0211,OPTION,TDR0122,BOOK_B,2026-03-28
TXN0000120787,APP003,2025-12-10,active,485606.2,CHF,APAC,CP0491,FX,TDR0004,BOOK_D,2025-03-16
TXN0006617362,APP015,2025-03-15,settled,266653.29,AUD,LATAM,CP0361,FX,TDR0144,BOOK_B,2025-12-24
TXN0006629460,APP017,2025-11-20,failed,539883.99,GBP,AMER,CP0461,OPTION,TDR0148,BOOK_D,2026-03-07
TXN0002859124,APP002,2025-02-05,failed,271179.14,CHF,LATAM,CP0069,BOND,TDR0192,BOOK_C,2025-09-07
TXN0005730811,APP001,2025-06-11,active,456870.5,EUR,EMEA,CP0031,BOND,TDR0065,BOOK_B,2025-05-27
TXN0004766344,APP018,2026-01-12,failed,767170.75,GBP,APAC,CP0324,EQUITY,TDR0156,BOOK_A,2025-08-04
TXN0000962900,APP018,2025-10-06,active,820666.17,GBP,APAC,CP0453,FX,TDR0002,BOOK_D,2025-04-11
TXN0008072164,APP002,2026-02-15,active,919874.55,CHF,LATAM,CP0382,BOND,TDR0141,BOOK_B,2025-10-18
TXN0008632542,APP003,2025-03-09,pending,2751.7,AUD,LATAM,CP0224,FX,TDR0160,BOOK_D,2026-03-04
TXN0005108210,APP010,2025-04-04,settled,849468.82,USD,LATAM,CP0250,FUTURE,TDR0110,BOOK_B,2026-01-05
TXN0003318274,APP013,2025-12-26,settled,208317.09,CHF,LATAM,CP0045,OPTION,TDR0171,BOOK_D,2025-04-12
TXN0000146586,APP005,2025-12-21,pending,719637.9,AUD,APAC,CP0330,EQUITY,TDR0055,BOOK_D,2025-10-15
TXN0001944772,APP002,2026-04-12,active,697344.54,GBP,EMEA,CP0473,OPTION,TDR0131,BOOK_A,2025-12-17
TXN0007287712,APP018,2025-07-11,failed,338447.93,USD,EMEA,CP0127,BOND,TDR0136,BOOK_A,2025-10-30
TXN0008342757,APP020,2025-11-13,active,943124.0,USD,EMEA,CP0369,OPTION,TDR0059,BOOK_B,2025-03-16
TXN0002031049,APP012,2025-01-11,failed,926459.93,AUD,AMER,CP0023,SWAP,TDR0004,BOOK_A,2025-09-12
TXN0008175811,APP010,2025-06-18,active,4002.18,AUD,APAC,CP0418,FUTURE,TDR0182,BOOK_C,2025-11-20
TXN0008278979,APP012,2025-06-29,settled,832726.75,USD,AMER,CP0297,OPTION,TDR0035,BOOK_B,2026-01-02
TXN0004363766,APP020,2025-07-25,settled,60786.15,JPY,AMER,CP0117,OPTION,TDR0003,BOOK_C,2025-06-19
TXN0001320722,APP013,2025-02-26,reversed,397990.6,GBP,EMEA,CP0291,SWAP,TDR0189,BOOK_C,2025-06-02
TXN0009207092,APP007,2026-01-08,failed,995237.26,GBP,LATAM,CP0337,OPTION,TDR0038,BOOK_D,2025-02-27
TXN0001800731,APP016,2025-10-03,pending,378318.72,JPY,EMEA,CP0168,OPTION,TDR0014,BOOK_D,2025-11-11
TXN0004562733,APP015,2025-06-26,pending,410363.7,CHF,LATAM,CP0442,FUTURE,TDR0182,BOOK_A,2025-08-12
TXN0009959936,APP009,2025-09-28,failed,942119.73,GBP,EMEA,CP0325,OPTION,TDR0147,BOOK_D,2025-03-24
TXN0003505936,APP014,2025-04-14,active,660331.94,GBP,LATAM,CP0163,EQUITY,TDR0009,BOOK_B,2025-12-07
TXN0007529861,APP016,2025-05-08,settled,678471.15,USD,AMER,CP0358,OPTION,TDR0198,BOOK_C,2025-09-17
TXN0009459922,APP015,2025-10-20,active,661708.48,GBP,LATAM,CP0272,BOND,TDR0041,BOOK_B,2025-03-03
TXN0009854139,APP011,2025-08-01,failed,240572.86,JPY,APAC,CP0443,EQUITY,TDR0137,BOOK_B,2026-01-22
TXN0002031729,APP007,2025-12-05,pending,81185.51,EUR,LATAM,CP0088,EQUITY,TDR0123,BOOK_B,2026-01-20
TXN0006856908,APP020,2026-03-24,pending,140685.61,JPY,EMEA,CP0436,FUTURE,TDR0096,BOOK_D,2025-11-16
TXN0000779287,APP009,2025-01-21,failed,967000.18,EUR,AMER,CP0161,BOND,TDR0017,BOOK_A,2026-03-03
TXN0002555656,APP019,2026-01-23,settled,673803.39,EUR,APAC,CP0362,OPTION,TDR0125,BOOK_B,2025-12-06
TXN0006236001,APP018,2026-01-06,reversed,479492.55,JPY,LATAM,CP0373,SWAP,TDR0174,BOOK_A,2025-05-02
TXN0002777451,APP004,2026-01-23,settled,734374.49,CHF,LATAM,CP0371,SWAP,TDR0157,BOOK_B,2025-09-19
TXN0008945249,APP012,2026-01-15,settled,773872.01,GBP,LATAM,CP0386,BOND,TDR0099,BOOK_C,2026-02-20
TXN0006664865,APP017,2026-02-08,settled,761342.0,EUR,EMEA,CP0125,SWAP,TDR0052,BOOK_B,2026-02-21
TXN0001360810,APP015,2026-01-07,reversed,703714.83,AUD,AMER,CP0498,FUTURE,TDR0076,BOOK_C,2025-08-22
TXN0001064560,APP020,2025-11-19,settled,737752.91,AUD,EMEA,CP0178,OPTION,TDR0039,BOOK_D,2025-05-30
TXN0003423702,APP006,2025-10-11,reversed,516263.82,USD,APAC,CP0118,FX,TDR0003,BOOK_D,2025-06-26
TXN0000827666,APP020,2025-04-23,failed,972363.61,USD,LATAM,CP0465,FUTURE,TDR0015,BOOK_B,2025-12-31
TXN0008788293,APP010,2025-01-21,failed,124207.36,CHF,AMER,CP0035,SWAP,TDR0017,BOOK_D,2025-08-07
TXN0004351155,APP001,2025-04-01,reversed,955947.11,USD,EMEA,CP0043,FX,TDR0188,BOOK_D,2025-11-03
TXN0002951722,APP007,2025-07-08,pending,323645.05,JPY,EMEA,CP0099,FX,TDR0123,BOOK_C,2025-09-19
TXN0007850704,APP018,2025-01-26,active,378916.98,GBP,LATAM,CP0114,FX,TDR0172,BOOK_D,2025-08-11
TXN0001186126,APP002,2025-12-07,settled,147840.8,AUD,EMEA,CP0013,FUTURE,TDR0154,BOOK_D,2025-04-04
TXN0002575644,APP020,2025-01-18,reversed,184983.8,AUD,APAC,CP0463,BOND,TDR0137,BOOK_B,2025-09-04
TXN0003089768,APP013,2025-12-20,failed,762683.04,JPY,EMEA,CP0267,EQUITY,TDR0089,BOOK_D,2025-11-29
TXN0009814434,APP003,2025-12-05,reversed,643154.91,GBP,LATAM,CP0035,OPTION,TDR0105,BOOK_A,2025-05-24
TXN0003290152,APP019,2026-03-14,failed,173978.61,AUD,LATAM,CP0347,FX,TDR0152,BOOK_C,2025-08-04
TXN0002692940,APP016,2025-12-04,reversed,697918.2,GBP,EMEA,CP0429,FUTURE,TDR0148,BOOK_A,2025-05-19
TXN0006840436,APP014,2025-04-11,settled,210859.02,JPY,EMEA,CP0224,FX,TDR0110,BOOK_A,2025-03-26
TXN0002649770,APP015,2026-01-21,active,63721.24,AUD,AMER,CP0141,EQUITY,TDR0143,BOOK_A,2025-03-18
TXN0000467732,APP019,2026-02-24,active,850470.99,GBP,LATAM,CP0051,OPTION,TDR0061,BOOK_D,2025-03-06
TXN0009492814,APP012,2025-04-21,pending,65674.61,GBP,APAC,CP0213,OPTION,TDR0002,BOOK_D,2025-08-20
TXN0004279587,APP011,2025-01-22,settled,772127.65,GBP,LATAM,CP0490,BOND,TDR0124,BOOK_A,2025-04-04
TXN0001226999,APP007,2026-02-28,active,960972.55,JPY,LATAM,CP0315,FX,TDR0192,BOOK_B,2025-03-20
TXN0004790279,APP015,2025-07-15,failed,614904.34,USD,LATAM,CP0121,OPTION,TDR0042,BOOK_D,2025-03-11
TXN0005094099,APP009,2025-02-02,settled,685452.87,AUD,EMEA,CP0295,EQUITY,TDR0003,BOOK_A,2026-03-13
TXN0002013905,APP002,2025-10-09,active,151614.54,JPY,EMEA,CP0458,EQUITY,TDR0051,BOOK_D,2025-04-09
TXN0004940292,APP011,2025-06-25,reversed,83783.13,AUD,EMEA,CP0335,OPTION,TDR0050,BOOK_D,2025-02-20
TXN0007119871,APP018,2025-05-19,reversed,326846.88,JPY,AMER,CP0175,BOND,TDR0153,BOOK_D,2025-02-25
TXN0002830017,APP002,2026-01-15,settled,224364.09,GBP,APAC,CP0148,OPTION,TDR0016,BOOK_C,2025-07-10
TXN0003606774,APP018,2025-12-03,pending,951092.28,EUR,APAC,CP0124,BOND,TDR0186,BOOK_D,2025-01-05
TXN0004327203,APP017,2025-10-09,reversed,28532.57,JPY,EMEA,CP0175,FUTURE,TDR0011,BOOK_D,2025-11-02
TXN0003604966,APP010,2025-12-11,pending,991041.61,GBP,EMEA,CP0478,OPTION,TDR0012,BOOK_D,2026-03-04
TXN0008546166,APP019,2025-05-24,settled,548088.35,CHF,APAC,CP0356,BOND,TDR0035,BOOK_C,2025-04-28
TXN0004210788,APP011,2025-05-09,pending,167660.33,EUR,EMEA,CP0382,BOND,TDR0103,BOOK_D,2025-08-18
TXN0006978896,APP014,2025-07-24,reversed,146885.25,AUD,AMER,CP0208,FX,TDR0048,BOOK_D,2025-09-14
TXN0009938240,APP005,2026-03-05,failed,705026.58,AUD,EMEA,CP0322,EQUITY,TDR0003,BOOK_A,2025-05-03
TXN0002861626,APP017,2025-05-13,settled,840157.32,CHF,AMER,CP0368,SWAP,TDR0010,BOOK_C,2025-09-18
TXN0006301612,APP019,2025-12-04,failed,606552.52,GBP,APAC,CP0430,FX,TDR0062,BOOK_A,2025-01-20
TXN0004549336,APP007,2025-05-29,settled,806550.03,JPY,APAC,CP0240,SWAP,TDR0188,BOOK_A,2025-01-21
TXN0009491665,APP009,2026-03-25,reversed,640386.18,GBP,EMEA,CP0290,SWAP,TDR0178,BOOK_D,2025-08-28
TXN0003216504,APP001,2026-02-18,active,275141.04,USD,LATAM,CP0347,OPTION,TDR0113,BOOK_D,2025-07-20
TXN0000190580,APP019,2025-09-17,active,765955.7,USD,APAC,CP0449,BOND,TDR0043,BOOK_A,2026-03-01
TXN0002680826,APP004,2025-10-21,reversed,296233.31,EUR,LATAM,CP0157,EQUITY,TDR0005,BOOK_C,2025-06-09
TXN0003561144,APP001,2025-01-21,settled,494566.29,AUD,LATAM,CP0350,EQUITY,TDR0019,BOOK_B,2025-05-12
TXN0005966378,APP013,2025-07-24,pending,682189.41,CHF,AMER,CP0178,OPTION,TDR0127,BOOK_A,2026-01-31
TXN0002854782,APP016,2025-10-29,active,380942.8,EUR,APAC,CP0243,OPTION,TDR0058,BOOK_A,2025-04-01
TXN0003769328,APP014,2026-03-19,reversed,882809.57,EUR,AMER,CP0220,SWAP,TDR0184,BOOK_C,2025-01-19
TXN0001112391,APP002,2025-12-01,failed,90456.23,USD,AMER,CP0073,BOND,TDR0089,BOOK_A,2025-02-27
TXN0008085716,APP011,2025-01-21,reversed,112421.14,USD,APAC,CP0449,FX,TDR0041,BOOK_D,2025-03-17
TXN0003488597,APP004,2025-10-29,active,919890.03,USD,AMER,CP0199,SWAP,TDR0131,BOOK_D,2026-01-26
TXN0005297244,APP013,2025-12-09,settled,133699.72,GBP,AMER,CP0488,EQUITY,TDR0150,BOOK_B,2026-01-29
TXN0005678607,APP006,2026-02-27,active,468008.62,EUR,LATAM,CP0495,BOND,TDR0057,BOOK_D,2025-06-17
TXN0002939492,APP013,2025-08-19,pending,28625.37,GBP,APAC,CP0268,OPTION,TDR0059,BOOK_A,2025-06-14
TXN0008927704,APP012,2025-05-07,active,441057.74,USD,AMER,CP0158,EQUITY,TDR0123,BOOK_C,2026-02-09
TXN0005812076,APP008,2025-01-21,settled,906904.83,USD,LATAM,CP0171,OPTION,TDR0186,BOOK_B,2025-01-10
TXN0008399310,APP004,2025-07-05,settled,477862.2,USD,LATAM,CP0007,EQUITY,TDR0133,BOOK_B,2025-03-02
TXN0001185288,APP013,2025-11-02,settled,141432.7,JPY,LATAM,CP0439,BOND,TDR0149,BOOK_A,2026-04-12
TXN0004553939,APP014,2026-02-11,settled,444504.16,USD,EMEA,CP0226,BOND,TDR0157,BOOK_A,2025-01-21
TXN0006065096,APP013,2025-08-12,pending,295365.38,CHF,APAC,CP0323,FX,TDR0015,BOOK_B,2025-11-27
TXN0006135701,APP020,2025-03-21,reversed,883232.8,EUR,APAC,CP0126,BOND,TDR0095,BOOK_C,2025-08-26
TXN0004072945,APP016,2025-12-19,pending,613276.36,CHF,LATAM,CP0143,FUTURE,TDR0104,BOOK_A,2025-07-07
TXN0007987066,APP009,2026-01-28,reversed,81923.2,JPY,AMER,CP0183,OPTION,TDR0019,BOOK_B,2026-03-23
TXN0005803990,APP001,2026-04-12,settled,593475.88,USD,AMER,CP0150,FX,TDR0008,BOOK_A,2025-10-22
TXN0009804526,APP001,2025-06-26,failed,695114.47,CHF,AMER,CP0114,BOND,TDR0021,BOOK_D,2025-05-12
TXN0006017912,APP005,2026-03-09,failed,122161.09,CHF,EMEA,CP0473,FX,TDR0049,BOOK_A,2025-10-25
TXN0000429363,APP005,2025-06-08,reversed,666371.94,EUR,AMER,CP0318,EQUITY,TDR0052,BOOK_A,2025-02-24
TXN0004675989,APP013,2025-08-24,active,459060.97,AUD,AMER,CP0447,FUTURE,TDR0200,BOOK_B,2026-03-02
TXN0004592126,APP001,2026-03-09,settled,20302.53,CHF,EMEA,CP0438,FUTURE,TDR0173,BOOK_B,2025-05-14
TXN0005858426,APP010,2026-04-04,settled,106306.39,USD,APAC,CP0306,OPTION,TDR0016,BOOK_B,2025-02-17
TXN0008694103,APP018,2026-02-24,pending,948213.65,USD,APAC,CP0120,SWAP,TDR0022,BOOK_D,2025-12-17
TXN0006893540,APP014,2026-03-27,failed,11327.84,GBP,EMEA,CP0301,SWAP,TDR0191,BOOK_D,2025-07-02
TXN0003316660,APP006,2025-03-22,reversed,785236.91,JPY,EMEA,CP0222,SWAP,TDR0113,BOOK_D,2025-09-03
TXN0004900452,APP019,2025-03-06,pending,277958.41,GBP,APAC,CP0486,FUTURE,TDR0056,BOOK_B,2025-01-15
TXN0005666339,APP008,2025-10-04,pending,112168.98,CHF,EMEA,CP0160,BOND,TDR0009,BOOK_C,2025-09-13
TXN0006142757,APP001,2025-08-13,failed,87348.74,JPY,EMEA,CP0099,EQUITY,TDR0052,BOOK_D,2025-11-25
TXN0005373554,APP007,2026-01-08,reversed,946686.02,JPY,LATAM,CP0430,BOND,TDR0193,BOOK_D,2026-03-04
TXN0001026527,APP017,2025-07-28,pending,486043.18,JPY,LATAM,CP0460,FX,TDR0035,BOOK_A,2026-02-06
TXN0000383286,APP014,2026-02-27,failed,20876.99,USD,AMER,CP0157,OPTION,TDR0104,BOOK_D,2025-12-20
TXN0006496764,APP007,2025-10-30,failed,399778.57,USD,LATAM,CP0022,BOND,TDR0071,BOOK_D,2025-03-23
TXN0008827205,APP014,2025-09-07,active,789290.9,USD,AMER,CP0353,SWAP,TDR0022,BOOK_D,2025-07-03
TXN0006173947,APP004,2025-11-09,settled,689295.15,JPY,EMEA,CP0332,OPTION,TDR0024,BOOK_C,2025-02-14
TXN0004503300,APP015,2026-03-23,failed,215052.74,CHF,AMER,CP0271,BOND,TDR0100,BOOK_A,2025-05-02
TXN0003364964,APP005,2025-12-02,active,888789.29,CHF,AMER,CP0259,SWAP,TDR0178,BOOK_B,2025-08-28
TXN0008120167,APP016,2025-09-06,pending,803241.71,JPY,APAC,CP0035,FUTURE,TDR0027,BOOK_B,2026-02-07
TXN0002723870,APP014,2025-04-11,pending,817167.67,JPY,AMER,CP0170,OPTION,TDR0119,BOOK_B,2025-03-13
TXN0008621131,APP006,2025-07-06,active,69069.28,JPY,LATAM,CP0357,SWAP,TDR0193,BOOK_B,2026-04-01
TXN0003998689,APP013,2025-03-11,settled,680241.13,USD,LATAM,CP0207,FUTURE,TDR0106,BOOK_C,2026-04-09
TXN0008425265,APP002,2025-03-10,active,816053.53,AUD,AMER,CP0489,FUTURE,TDR0125,BOOK_C,2025-03-06
TXN0008820230,APP005,2025-05-01,pending,805370.57,JPY,EMEA,CP0219,FUTURE,TDR0006,BOOK_D,2025-02-22
TXN0001591431,APP018,2026-01-25,settled,406543.94,USD,LATAM,CP0295,BOND,TDR0104,BOOK_D,2025-01-20
TXN0003056286,APP011,2025-08-18,pending,857375.59,CHF,EMEA,CP0278,BOND,TDR0192,BOOK_A,2025-09-24
TXN0003027770,APP018,2025-08-12,failed,79069.74,CHF,LATAM,CP0313,BOND,TDR0048,BOOK_B,2025-09-23
TXN0008165673,APP006,2025-02-24,active,49974.66,EUR,LATAM,CP0060,OPTION,TDR0109,BOOK_B,2026-01-15
TXN0003086314,APP020,2025-03-02,reversed,589569.67,AUD,EMEA,CP0493,OPTION,TDR0041,BOOK_D,2025-02-10
TXN0008668401,APP003,2026-02-14,failed,982166.83,EUR,AMER,CP0328,BOND,TDR0003,BOOK_B,2026-01-05
TXN0003146200,APP014,2025-04-20,reversed,74693.57,GBP,LATAM,CP0414,EQUITY,TDR0073,BOOK_A,2025-01-15
TXN0006939615,APP001,2025-05-30,failed,941838.36,JPY,AMER,CP0051,BOND,TDR0050,BOOK_B,2025-11-27
TXN0006123335,APP017,2025-01-21,failed,995768.97,USD,LATAM,CP0137,FX,TDR0029,BOOK_B,2026-03-20
TXN0000976362,APP003,2026-02-09,reversed,739345.84,CHF,EMEA,CP0257,FUTURE,TDR0156,BOOK_C,2025-08-22
TXN0007071955,APP016,2026-02-23,reversed,503416.54,EUR,APAC,CP0335,SWAP,TDR0092,BOOK_A,2025-09-22
TXN0007013417,APP010,2025-08-14,settled,643078.06,EUR,APAC,CP0439,BOND,TDR0082,BOOK_A,2026-01-21
TXN0006592040,APP015,2025-05-03,failed,34852.56,USD,AMER,CP0311,FUTURE,TDR0163,BOOK_C,2026-02-10
TXN0006240152,APP012,2025-04-11,active,579645.51,JPY,APAC,CP0316,OPTION,TDR0103,BOOK_D,2025-05-06
TXN0003022382,APP016,2025-08-30,failed,373408.29,USD,EMEA,CP0097,EQUITY,TDR0094,BOOK_A,2025-01-17
TXN0006608416,APP005,2025-06-27,settled,705939.69,JPY,AMER,CP0433,FUTURE,TDR0007,BOOK_A,2026-01-09
TXN0004384585,APP004,2025-03-19,reversed,306947.97,GBP,AMER,CP0415,SWAP,TDR0120,BOOK_C,2025-03-18
TXN0007543830,APP018,2025-10-14,failed,33789.51,AUD,APAC,CP0087,EQUITY,TDR0071,BOOK_C,2025-04-13
TXN0000016673,APP018,2025-05-07,failed,384565.31,USD,EMEA,CP0366,OPTION,TDR0128,BOOK_D,2026-03-13
TXN0003805492,APP020,2025-10-18,active,675626.07,GBP,EMEA,CP0059,EQUITY,TDR0010,BOOK_C,2025-05-16
TXN0003683211,APP016,2026-02-24,settled,802350.52,CHF,LATAM,CP0438,BOND,TDR0017,BOOK_C,2025-09-14
TXN0008919679,APP011,2025-11-01,active,876314.43,EUR,APAC,CP0357,FUTURE,TDR0091,BOOK_A,2025-08-04
TXN0004597676,APP014,2025-03-05,active,451162.04,JPY,LATAM,CP0210,OPTION,TDR0117,BOOK_B,2026-01-29
TXN0005549087,APP016,2025-11-23,active,283824.78,AUD,EMEA,CP0244,OPTION,TDR0125,BOOK_A,2025-08-22
TXN0006364713,APP014,2025-12-13,reversed,909543.79,CHF,EMEA,CP0417,FX,TDR0189,BOOK_B,2026-02-20
TXN0001365257,APP001,2025-01-22,reversed,272660.9,USD,EMEA,CP0088,FX,TDR0135,BOOK_D,2025-10-05
TXN0004026883,APP005,2025-09-30,settled,168085.43,EUR,APAC,CP0393,EQUITY,TDR0038,BOOK_D,2025-10-07
TXN0001003524,APP014,2026-03-22,settled,640971.35,CHF,LATAM,CP0187,BOND,TDR0071,BOOK_A,2026-03-18
TXN0001041831,APP018,2025-02-24,failed,129438.67,AUD,EMEA,CP0229,SWAP,TDR0082,BOOK_C,2026-03-05
TXN0005195510,APP015,2025-01-24,reversed,564321.33,EUR,APAC,CP0481,SWAP,TDR0081,BOOK_B,2025-05-11
TXN0006123232,APP017,2025-12-03,pending,249370.32,USD,EMEA,CP0290,EQUITY,TDR0196,BOOK_B,2025-05-14
TXN0007765471,APP015,2025-08-14,active,814886.6,GBP,APAC,CP0214,FUTURE,TDR0082,BOOK_B,2025-09-29
TXN0007998859,APP013,2025-01-12,active,13442.61,JPY,EMEA,CP0339,FUTURE,TDR0024,BOOK_A,2025-09-15
TXN0006522586,APP005,2025-12-04,settled,241169.39,USD,AMER,CP0419,OPTION,TDR0109,BOOK_D,2026-01-12
TXN0008963269,APP013,2025-09-21,failed,184008.22,USD,EMEA,CP0358,EQUITY,TDR0049,BOOK_D,2025-12-06
TXN0009200487,APP014,2025-06-07,failed,743922.54,CHF,AMER,CP0360,EQUITY,TDR0137,BOOK_C,2025-11-24
TXN0001298222,APP009,2026-03-12,reversed,309251.79,USD,EMEA,CP0159,FUTURE,TDR0168,BOOK_B,2026-04-05
TXN0009476994,APP007,2026-03-13,settled,377154.43,GBP,AMER,CP0407,FUTURE,TDR0168,BOOK_D,2025-05-27
TXN0005466673,APP019,2025-03-19,failed,398840.81,CHF,AMER,CP0089,BOND,TDR0182,BOOK_B,2025-12-31
TXN0002504275,APP019,2025-01-17,active,738085.35,JPY,AMER,CP0020,FUTURE,TDR0100,BOOK_C,2025-08-04
TXN0001692736,APP007,2025-08-20,reversed,383943.45,JPY,EMEA,CP0231,FX,TDR0068,BOOK_A,2025-09-22
TXN0008546502,APP019,2025-01-09,reversed,429793.3,USD,AMER,CP0268,FUTURE,TDR0157,BOOK_C,2026-02-28
TXN0002301552,APP006,2025-03-11,settled,119939.51,AUD,LATAM,CP0156,SWAP,TDR0077,BOOK_C,2025-05-27
TXN0009831046,APP002,2026-04-02,pending,170902.4,EUR,APAC,CP0447,FX,TDR0172,BOOK_C,2025-10-03
TXN0007875581,APP002,2026-02-15,reversed,715912.61,USD,AMER,CP0303,BOND,TDR0121,BOOK_C,2025-01-21
TXN0006800056,APP014,2025-11-11,pending,243283.51,EUR,APAC,CP0350,SWAP,TDR0142,BOOK_D,2026-04-03
TXN0005879676,APP018,2025-03-22,pending,987644.39,AUD,APAC,CP0479,FUTURE,TDR0056,BOOK_C,2025-08-03
TXN0004840387,APP011,2025-04-13,pending,861182.79,CHF,AMER,CP0383,BOND,TDR0196,BOOK_B,2026-03-17
TXN0004093203,APP013,2025-01-08,pending,267726.6,EUR,EMEA,CP0161,EQUITY,TDR0179,BOOK_D,2026-02-02
TXN0003322304,APP020,2026-01-07,active,841349.81,GBP,AMER,CP0185,FX,TDR0085,BOOK_B,2025-04-12
TXN0007447443,APP007,2025-04-26,failed,933108.6,JPY,EMEA,CP0443,FUTURE,TDR0042,BOOK_A,2025-05-08
TXN0000763948,APP009,2025-08-31,reversed,439026.99,AUD,LATAM,CP0087,BOND,TDR0131,BOOK_B,2026-01-14
TXN0007484895,APP016,2025-09-23,reversed,268917.52,USD,EMEA,CP0202,BOND,TDR0107,BOOK_B,2025-12-23
TXN0008735320,APP013,2025-06-28,active,238056.72,GBP,LATAM,CP0002,FUTURE,TDR0049,BOOK_D,2026-01-08
TXN0003437219,APP007,2025-07-25,active,719207.32,AUD,EMEA,CP0351,SWAP,TDR0071,BOOK_D,2025-08-11
TXN0007186183,APP014,2026-03-23,pending,231317.06,AUD,APAC,CP0034,FUTURE,TDR0080,BOOK_B,2025-09-17
TXN0002611225,APP009,2025-08-11,settled,301274.8,USD,LATAM,CP0279,BOND,TDR0165,BOOK_B,2025-01-07
TXN0001369761,APP011,2026-03-30,settled,575877.08,EUR,EMEA,CP0090,EQUITY,TDR0167,BOOK_B,2025-10-23
TXN0008600958,APP009,2025-01-07,reversed,41939.86,GBP,EMEA,CP0070,BOND,TDR0060,BOOK_D,2025-05-11
TXN0004844693,APP012,2026-01-20,active,802916.65,CHF,EMEA,CP0154,EQUITY,TDR0187,BOOK_B,2025-11-02
TXN0008765489,APP003,2025-05-15,failed,673171.19,EUR,EMEA,CP0081,BOND,TDR0167,BOOK_A,2025-08-24
TXN0004037794,APP012,2025-12-28,active,523580.17,EUR,LATAM,CP0040,EQUITY,TDR0009,BOOK_A,2026-01-22
TXN0001460421,APP002,2025-06-12,pending,631643.78,USD,EMEA,CP0020,EQUITY,TDR0120,BOOK_C,2026-03-25
TXN0002170817,APP014,2025-06-12,pending,729456.03,JPY,LATAM,CP0273,FX,TDR0160,BOOK_C,2026-02-05
TXN0001784761,APP001,2025-09-29,failed,775175.08,CHF,LATAM,CP0064,FX,TDR0010,BOOK_C,2025-05-16
TXN0004943601,APP015,2025-06-10,reversed,589854.74,EUR,APAC,CP0482,OPTION,TDR0144,BOOK_A,2025-07-27
TXN0005181943,APP004,2025-03-05,reversed,839935.75,GBP,APAC,CP0045,FX,TDR0161,BOOK_B,2026-04-05
TXN0006412235,APP012,2026-02-19,reversed,483525.13,GBP,EMEA,CP0307,OPTION,TDR0126,BOOK_D,2025-08-14
TXN0001046473,APP002,2025-08-09,settled,726158.41,JPY,EMEA,CP0067,FX,TDR0116,BOOK_C,2025-11-24
TXN0004303481,APP019,2025-04-24,settled,126028.52,GBP,EMEA,CP0010,OPTION,TDR0171,BOOK_D,2025-05-24
TXN0007479185,APP015,2025-01-08,pending,739899.53,EUR,AMER,CP0323,OPTION,TDR0095,BOOK_C,2025-02-25
TXN0002936921,APP007,2025-05-18,failed,388310.23,USD,AMER,CP0124,OPTION,TDR0019,BOOK_C,2026-01-07
TXN0000090436,APP010,2025-08-06,failed,429246.55,EUR,APAC,CP0018,OPTION,TDR0080,BOOK_C,2025-01-23
TXN0008296476,APP012,2025-02-25,active,539715.52,JPY,EMEA,CP0494,SWAP,TDR0054,BOOK_B,2025-06-03
TXN0009909078,APP014,2025-11-21,pending,804351.37,JPY,APAC,CP0386,SWAP,TDR0040,BOOK_C,2025-01-07
TXN0003782302,APP015,2025-04-27,failed,208232.61,AUD,LATAM,CP0354,FUTURE,TDR0005,BOOK_B,2026-02-06
TXN0006151099,APP009,2025-03-04,reversed,258706.89,USD,APAC,CP0318,FX,TDR0132,BOOK_D,2025-04-27
TXN0005566405,APP004,2025-09-29,pending,287280.32,USD,LATAM,CP0232,BOND,TDR0030,BOOK_C,2026-04-12
TXN0005027233,APP001,2026-04-01,active,363632.4,EUR,LATAM,CP0077,FUTURE,TDR0062,BOOK_D,2025-12-16
TXN0008163948,APP011,2025-08-31,settled,971351.34,USD,EMEA,CP0333,FX,TDR0065,BOOK_D,2025-03-08
TXN0006494306,APP017,2026-02-28,pending,270780.18,AUD,APAC,CP0124,FX,TDR0106,BOOK_D,2025-03-10
TXN0009365843,APP002,2025-08-04,active,371044.88,EUR,APAC,CP0302,BOND,TDR0062,BOOK_A,2025-03-05
TXN0006714139,APP014,2025-09-22,pending,411256.4,USD,AMER,CP0447,OPTION,TDR0131,BOOK_C,2025-04-11
TXN0000108397,APP011,2025-11-30,failed,363224.57,JPY,EMEA,CP0224,FX,TDR0001,BOOK_C,2025-07-30
TXN0004825222,APP008,2025-10-06,settled,2661.79,AUD,APAC,CP0231,SWAP,TDR0074,BOOK_D,2025-11-04
TXN0001889619,APP004,2025-09-06,settled,114477.54,JPY,EMEA,CP0397,EQUITY,TDR0124,BOOK_D,2025-12-24
TXN0005062956,APP010,2025-12-14,pending,542020.52,JPY,APAC,CP0411,EQUITY,TDR0129,BOOK_D,2025-04-08
TXN0004929118,APP003,2025-02-08,pending,739821.71,EUR,LATAM,CP0439,BOND,TDR0162,BOOK_B,2026-01-12
TXN0001864459,APP004,2025-11-30,failed,81283.49,EUR,APAC,CP0442,EQUITY,TDR0020,BOOK_A,2025-05-01
TXN0006352692,APP017,2026-03-08,pending,601795.3,CHF,APAC,CP0439,FUTURE,TDR0001,BOOK_A,2026-01-14
TXN0007388028,APP001,2025-10-05,reversed,366749.59,GBP,AMER,CP0084,FX,TDR0188,BOOK_A,2025-05-17
TXN0009712619,APP003,2025-06-05,active,25918.23,CHF,LATAM,CP0087,BOND,TDR0199,BOOK_A,2025-10-15
TXN0003337398,APP018,2025-03-20,active,81150.69,AUD,EMEA,CP0070,EQUITY,TDR0089,BOOK_B,2025-02-21
TXN0001081049,APP007,2025-10-05,reversed,761408.96,AUD,APAC,CP0059,FX,TDR0083,BOOK_B,2025-10-26
TXN0009731379,APP016,2026-02-08,failed,204694.46,AUD,LATAM,CP0111,FUTURE,TDR0131,BOOK_C,2025-08-29
TXN0008542982,APP008,2025-09-30,reversed,821853.47,USD,APAC,CP0168,OPTION,TDR0039,BOOK_A,2025-05-13
TXN0006337529,APP020,2025-03-17,reversed,570742.15,AUD,LATAM,CP0101,FX,TDR0160,BOOK_B,2025-03-04
TXN0001326500,APP012,2025-01-01,reversed,364985.21,CHF,EMEA,CP0160,FX,TDR0057,BOOK_D,2026-03-06
TXN0004869951,APP002,2025-06-05,pending,623106.95,GBP,LATAM,CP0238,FX,TDR0027,BOOK_D,2025-04-09
TXN0005001941,APP020,2026-03-27,settled,46142.87,AUD,APAC,CP0359,FUTURE,TDR0044,BOOK_D,2026-03-16
TXN0003647005,APP010,2025-11-16,failed,382029.35,USD,LATAM,CP0233,OPTION,TDR0022,BOOK_D,2025-08-05
TXN0002053743,APP003,2026-01-29,settled,581448.22,GBP,APAC,CP0245,OPTION,TDR0016,BOOK_B,2025-08-03
TXN0005783165,APP020,2025-11-03,reversed,759133.51,AUD,APAC,CP0195,BOND,TDR0125,BOOK_C,2026-02-03
TXN0001001156,APP013,2026-01-16,pending,128383.93,EUR,APAC,CP0331,FUTURE,TDR0047,BOOK_C,2026-02-24
TXN0005017884,APP018,2025-01-10,failed,344882.64,GBP,APAC,CP0149,OPTION,TDR0052,BOOK_D,2025-04-30
TXN0001593153,APP017,2025-10-06,settled,96512.23,EUR,EMEA,CP0416,FUTURE,TDR0193,BOOK_C,2025-01-08
TXN0005043362,APP008,2025-10-23,active,125356.72,GBP,APAC,CP0031,FX,TDR0026,BOOK_C,2025-10-30
TXN0008954153,APP019,2025-05-02,failed,779877.31,CHF,LATAM,CP0291,EQUITY,TDR0073,BOOK_B,2025-02-11
TXN0002141086,APP012,2025-11-18,failed,598514.41,GBP,EMEA,CP0095,SWAP,TDR0198,BOOK_B,2025-12-18
TXN0004296649,APP005,2025-02-17,active,646588.81,JPY,APAC,CP0199,FUTURE,TDR0104,BOOK_B,2025-12-01
TXN0002742781,APP010,2026-01-25,reversed,495501.38,AUD,LATAM,CP0435,FX,TDR0027,BOOK_B,2025-02-05
TXN0006212235,APP002,2025-03-04,failed,144749.23,GBP,APAC,CP0050,OPTION,TDR0178,BOOK_C,2026-01-14
TXN0001410366,APP014,2025-05-05,pending,880994.59,JPY,EMEA,CP0398,FX,TDR0030,BOOK_B,2025-05-06
TXN0003487428,APP008,2026-01-12,active,501550.35,CHF,EMEA,CP0401,EQUITY,TDR0153,BOOK_C,2025-11-07
TXN0003270424,APP015,2025-05-03,pending,17264.45,USD,EMEA,CP0161,FX,TDR0038,BOOK_D,2025-05-25
TXN0008832932,APP005,2025-08-30,active,761772.45,CHF,LATAM,CP0409,OPTION,TDR0007,BOOK_C,2025-02-13
TXN0008982511,APP007,2025-04-12,reversed,773943.3,EUR,AMER,CP0161,FUTURE,TDR0092,BOOK_B,2026-01-02
TXN0006766595,APP002,2025-10-26,active,62309.74,USD,LATAM,CP0009,SWAP,TDR0101,BOOK_A,2025-07-03
TXN0003400007,APP019,2025-03-29,pending,39380.51,GBP,AMER,CP0172,FUTURE,TDR0090,BOOK_B,2025-03-05
TXN0004927094,APP004,2025-02-11,failed,715425.73,AUD,LATAM,CP0468,OPTION,TDR0186,BOOK_A,2025-11-16
TXN0004279507,APP001,2026-02-02,failed,173267.04,AUD,LATAM,CP0136,BOND,TDR0055,BOOK_C,2026-04-02
TXN0004331106,APP008,2026-03-11,failed,887817.4,CHF,AMER,CP0070,FUTURE,TDR0026,BOOK_D,2025-12-22
TXN0002719393,APP015,2025-09-29,settled,999648.72,EUR,LATAM,CP0354,FX,TDR0036,BOOK_A,2026-03-17
TXN0005988471,APP015,2025-06-19,active,9170.79,AUD,LATAM,CP0013,BOND,TDR0013,BOOK_B,2025-10-12
TXN0005795806,APP002,2025-09-25,active,494445.24,CHF,APAC,CP0065,FX,TDR0121,BOOK_D,2025-03-02
TXN0007103913,APP003,2025-03-11,reversed,336038.75,JPY,APAC,CP0408,BOND,TDR0051,BOOK_C,2026-02-20
TXN0008521450,APP015,2026-04-06,pending,753202.6,EUR,LATAM,CP0257,SWAP,TDR0125,BOOK_C,2025-03-31
TXN0008412160,APP011,2026-02-10,settled,580438.08,USD,APAC,CP0492,OPTION,TDR0062,BOOK_A,2025-07-13
TXN0002092867,APP016,2025-07-08,reversed,418752.27,GBP,AMER,CP0199,OPTION,TDR0087,BOOK_D,2025-09-06
TXN0007195157,APP017,2025-07-18,reversed,579940.58,AUD,EMEA,CP0012,OPTION,TDR0124,BOOK_C,2025-07-16
TXN0001590299,APP014,2025-02-03,failed,750169.38,AUD,EMEA,CP0392,BOND,TDR0080,BOOK_C,2025-02-28
TXN0007558589,APP009,2025-01-31,active,479902.28,AUD,APAC,CP0447,SWAP,TDR0093,BOOK_A,2025-03-01
TXN0008535392,APP009,2025-05-27,reversed,518266.97,CHF,AMER,CP0038,BOND,TDR0081,BOOK_C,2026-01-24
TXN0008529012,APP009,2026-02-09,active,218855.29,CHF,APAC,CP0049,EQUITY,TDR0025,BOOK_A,2026-04-14
TXN0002384369,APP011,2025-03-05,failed,655131.48,GBP,LATAM,CP0183,FUTURE,TDR0016,BOOK_D,2025-08-02
TXN0001747805,APP008,2025-12-10,settled,492962.94,GBP,APAC,CP0359,BOND,TDR0070,BOOK_B,2025-12-17
TXN0005134637,APP009,2025-10-24,reversed,430652.79,USD,EMEA,CP0006,SWAP,TDR0161,BOOK_C,2026-02-06
TXN0007684090,APP010,2025-07-01,settled,158729.64,USD,APAC,CP0136,FX,TDR0192,BOOK_B,2025-10-09
TXN0000324538,APP013,2025-07-02,reversed,269853.18,JPY,AMER,CP0337,SWAP,TDR0042,BOOK_D,2025-05-29
TXN0006015331,APP007,2026-02-20,settled,283457.06,GBP,EMEA,CP0055,FX,TDR0172,BOOK_A,2025-08-22
TXN0001425944,APP014,2026-01-10,failed,953673.37,GBP,AMER,CP0209,SWAP,TDR0184,BOOK_B,2025-05-31
TXN0001505797,APP006,2026-02-03,reversed,733611.29,AUD,AMER,CP0249,BOND,TDR0143,BOOK_A,2025-12-16
TXN0002015363,APP011,2025-02-23,settled,72015.9,GBP,LATAM,CP0493,FX,TDR0189,BOOK_B,2026-02-01
TXN0005209395,APP012,2025-04-15,reversed,572365.78,CHF,AMER,CP0355,BOND,TDR0048,BOOK_A,2025-08-22
TXN0007772362,APP012,2026-03-07,failed,708507.58,JPY,AMER,CP0214,SWAP,TDR0033,BOOK_D,2025-02-10
TXN0004761314,APP006,2025-01-03,reversed,472383.48,EUR,APAC,CP0223,SWAP,TDR0030,BOOK_D,2025-05-16
TXN0007389630,APP013,2025-02-04,pending,902705.68,GBP,EMEA,CP0155,EQUITY,TDR0005,BOOK_C,2026-02-09
TXN0008977765,APP017,2026-03-16,failed,668636.48,USD,LATAM,CP0007,BOND,TDR0016,BOOK_D,2026-03-13
TXN0005484306,APP005,2025-08-30,settled,48047.41,CHF,LATAM,CP0311,EQUITY,TDR0040,BOOK_B,2025-09-03
TXN0002476436,APP006,2025-12-19,settled,884525.07,GBP,LATAM,CP0431,BOND,TDR0106,BOOK_D,2025-09-05
TXN0007455445,APP006,2025-06-30,failed,319975.55,CHF,LATAM,CP0141,BOND,TDR0148,BOOK_A,2025-04-02
TXN0005720705,APP008,2025-05-02,active,278873.75,USD,APAC,CP0059,BOND,TDR0137,BOOK_C,2025-10-18
TXN0002926015,APP015,2026-03-05,pending,12226.59,JPY,APAC,CP0462,SWAP,TDR0062,BOOK_B,2025-12-23
TXN0006092258,APP010,2025-07-22,settled,485299.75,GBP,EMEA,CP0168,OPTION,TDR0123,BOOK_B,2025-10-05
TXN0001195758,APP016,2026-01-03,settled,350004.74,AUD,APAC,CP0253,EQUITY,TDR0083,BOOK_A,2025-12-29
TXN0004776358,APP003,2025-01-03,settled,47070.46,CHF,APAC,CP0112,OPTION,TDR0025,BOOK_D,2025-12-15
TXN0004906429,APP005,2025-01-20,pending,195154.03,EUR,EMEA,CP0360,BOND,TDR0131,BOOK_B,2026-03-02
TXN0009073684,APP012,2025-04-05,failed,715072.4,USD,APAC,CP0442,FX,TDR0096,BOOK_A,2025-02-23
TXN0008885600,APP016,2026-01-09,failed,291659.96,USD,AMER,CP0380,OPTION,TDR0149,BOOK_A,2025-10-03
TXN0002548673,APP015,2025-02-04,reversed,81909.83,USD,APAC,CP0425,EQUITY,TDR0144,BOOK_C,2025-09-12
TXN0002013978,APP012,2025-07-29,settled,317586.78,AUD,EMEA,CP0066,EQUITY,TDR0145,BOOK_A,2025-08-05
TXN0003179345,APP019,2025-06-13,reversed,598754.97,CHF,LATAM,CP0247,EQUITY,TDR0012,BOOK_D,2025-04-29
TXN0003472182,APP018,2026-03-09,reversed,537226.35,JPY,LATAM,CP0194,EQUITY,TDR0145,BOOK_B,2025-10-05
TXN0004795985,APP017,2025-03-31,reversed,41868.18,CHF,LATAM,CP0460,BOND,TDR0176,BOOK_A,2026-02-21
TXN0002000360,APP014,2026-01-05,reversed,24194.66,GBP,LATAM,CP0159,SWAP,TDR0113,BOOK_C,2026-01-16
TXN0009850828,APP003,2025-08-26,reversed,667623.4,CHF,EMEA,CP0326,SWAP,TDR0177,BOOK_C,2026-02-11
TXN0008349776,APP012,2025-04-22,reversed,333300.69,JPY,EMEA,CP0280,OPTION,TDR0141,BOOK_B,2025-04-27
TXN0004516513,APP018,2025-09-24,failed,925954.29,CHF,APAC,CP0436,OPTION,TDR0018,BOOK_B,2025-05-09
TXN0004118487,APP009,2026-04-02,active,970536.76,GBP,LATAM,CP0292,OPTION,TDR0156,BOOK_B,2025-02-05
TXN0009873322,APP013,2025-03-25,failed,380044.0,AUD,APAC,CP0112,OPTION,TDR0101,BOOK_C,2025-02-22
TXN0004327793,APP015,2025-11-16,failed,848202.45,USD,LATAM,CP0288,FX,TDR0182,BOOK_A,2025-12-11
TXN0000654320,APP014,2025-08-25,settled,32226.75,USD,LATAM,CP0413,FUTURE,TDR0018,BOOK_D,2025-06-18
TXN0009934018,APP009,2025-11-11,pending,228949.51,CHF,APAC,CP0358,EQUITY,TDR0172,BOOK_D,2025-01-15
TXN0004540235,APP002,2026-02-17,active,595104.99,JPY,AMER,CP0415,SWAP,TDR0103,BOOK_D,2025-03-13
TXN0004585963,APP012,2026-03-27,pending,94819.93,EUR,LATAM,CP0300,OPTION,TDR0012,BOOK_B,2025-07-25
TXN0007448488,APP011,2026-04-03,failed,585907.03,GBP,LATAM,CP0143,EQUITY,TDR0169,BOOK_B,2026-01-17
TXN0002484008,APP012,2026-02-04,failed,601390.91,USD,AMER,CP0471,OPTION,TDR0080,BOOK_A,2025-08-06
TXN0007849285,APP002,2026-02-10,active,688095.7,USD,EMEA,CP0071,OPTION,TDR0153,BOOK_C,2025-05-05
TXN0007542237,APP007,2025-01-10,failed,612891.44,AUD,EMEA,CP0023,FX,TDR0007,BOOK_A,2026-01-04
TXN0001774469,APP015,2025-05-10,failed,835456.07,AUD,EMEA,CP0179,FX,TDR0003,BOOK_B,2025-03-08
TXN0004990656,APP019,2025-07-15,settled,241822.59,USD,APAC,CP0179,SWAP,TDR0190,BOOK_B,2025-05-27
TXN0006373775,APP007,2025-05-15,pending,369941.37,JPY,EMEA,CP0469,EQUITY,TDR0051,BOOK_B,2025-09-29
TXN0004730030,APP015,2025-02-26,reversed,596348.77,AUD,EMEA,CP0340,SWAP,TDR0151,BOOK_D,2025-04-02
TXN0008341068,APP005,2025-01-24,failed,177476.28,USD,APAC,CP0131,OPTION,TDR0097,BOOK_C,2026-02-24
TXN0005269159,APP010,2025-11-03,active,669323.23,EUR,AMER,CP0441,SWAP,TDR0083,BOOK_A,2025-06-26
TXN0003264974,APP006,2025-02-15,reversed,472034.88,EUR,APAC,CP0315,BOND,TDR0072,BOOK_C,2025-09-10
TXN0006116799,APP020,2025-07-09,failed,700196.49,EUR,AMER,CP0107,EQUITY,TDR0084,BOOK_C,2025-08-14
TXN0005760658,APP010,2025-03-29,reversed,14289.63,AUD,EMEA,CP0211,BOND,TDR0070,BOOK_C,2025-08-16
TXN0003118396,APP011,2025-11-09,reversed,849696.44,USD,APAC,CP0324,FX,TDR0024,BOOK_D,2025-07-11
TXN0006988904,APP012,2026-01-18,settled,991283.58,USD,LATAM,CP0477,SWAP,TDR0178,BOOK_D,2026-02-05
TXN0009496973,APP006,2025-10-31,reversed,559310.19,EUR,APAC,CP0158,FX,TDR0184,BOOK_D,2025-04-07
TXN0003238624,APP015,2025-08-06,reversed,823950.45,JPY,EMEA,CP0473,BOND,TDR0130,BOOK_A,2025-11-21
TXN0002435768,APP014,2025-05-24,settled,113670.84,USD,LATAM,CP0427,SWAP,TDR0013,BOOK_A,2025-01-23
TXN0009595073,APP013,2025-05-16,active,562134.98,EUR,APAC,CP0009,EQUITY,TDR0125,BOOK_A,2025-12-12
TXN0006011470,APP017,2025-09-18,active,244529.01,CHF,AMER,CP0345,BOND,TDR0104,BOOK_D,2025-07-05
TXN0006702179,APP002,2025-05-24,pending,534435.48,CHF,AMER,CP0127,BOND,TDR0151,BOOK_D,2025-04-05
TXN0000599181,APP020,2026-01-20,pending,832974.23,GBP,EMEA,CP0059,OPTION,TDR0032,BOOK_C,2025-05-13
TXN0005973832,APP004,2025-11-17,failed,606518.27,AUD,AMER,CP0021,FUTURE,TDR0086,BOOK_B,2025-08-03
TXN0001057639,APP011,2025-02-11,settled,798840.33,USD,EMEA,CP0257,BOND,TDR0143,BOOK_B,2025-12-09
TXN0008876750,APP015,2025-05-04,reversed,58145.78,GBP,APAC,CP0175,OPTION,TDR0166,BOOK_C,2025-11-24
TXN0000193009,APP014,2025-08-05,settled,270782.98,JPY,APAC,CP0412,FX,TDR0153,BOOK_D,2025-10-11
TXN0006507192,APP013,2025-01-10,pending,990374.84,GBP,LATAM,CP0500,FX,TDR0087,BOOK_A,2025-12-30
TXN0006540701,APP002,2025-11-21,failed,114917.2,CHF,APAC,CP0054,FX,TDR0062,BOOK_B,2025-08-01
TXN0007961397,APP006,2025-08-30,active,948244.25,EUR,LATAM,CP0234,EQUITY,TDR0084,BOOK_D,2025-08-30
TXN0003543445,APP001,2025-03-26,settled,164021.44,JPY,LATAM,CP0252,SWAP,TDR0156,BOOK_A,2025-11-08
TXN0000643686,APP006,2025-09-08,active,955563.02,AUD,AMER,CP0388,BOND,TDR0136,BOOK_A,2025-10-18
TXN0004438028,APP016,2025-07-24,failed,829104.72,CHF,LATAM,CP0268,FUTURE,TDR0165,BOOK_A,2025-02-07
TXN0006566097,APP017,2025-12-18,failed,470539.59,AUD,EMEA,CP0278,EQUITY,TDR0023,BOOK_D,2026-04-05
TXN0008391592,APP006,2025-12-27,failed,915741.15,GBP,AMER,CP0178,FUTURE,TDR0082,BOOK_A,2025-03-10
TXN0005770892,APP010,2025-05-30,active,344198.61,CHF,LATAM,CP0198,BOND,TDR0074,BOOK_D,2026-01-13
TXN0003614149,APP004,2025-04-03,active,295792.03,JPY,LATAM,CP0280,BOND,TDR0011,BOOK_B,2025-03-03
TXN0008559686,APP005,2025-10-22,failed,264376.03,CHF,LATAM,CP0266,BOND,TDR0129,BOOK_D,2025-08-22
TXN0005875110,APP003,2025-04-11,failed,245788.65,GBP,EMEA,CP0167,FUTURE,TDR0170,BOOK_A,2025-05-24
TXN0005822777,APP001,2025-05-07,active,766758.93,AUD,EMEA,CP0066,OPTION,TDR0057,BOOK_A,2025-03-24
TXN0004587594,APP017,2026-02-26,pending,669804.36,CHF,AMER,CP0267,BOND,TDR0109,BOOK_A,2026-03-07
TXN0005553825,APP009,2025-11-21,reversed,178766.97,GBP,EMEA,CP0433,EQUITY,TDR0136,BOOK_A,2025-08-25
TXN0001832175,APP002,2025-12-12,reversed,275583.93,CHF,AMER,CP0397,FX,TDR0030,BOOK_A,2025-12-09
TXN0000567374,APP008,2025-05-22,pending,849412.3,AUD,LATAM,CP0405,EQUITY,TDR0195,BOOK_A,2025-01-18
TXN0009133249,APP014,2025-04-24,active,794026.75,CHF,EMEA,CP0181,FUTURE,TDR0008,BOOK_D,2025-12-10
TXN0001423077,APP019,2026-01-28,active,903591.4,CHF,LATAM,CP0276,SWAP,TDR0093,BOOK_C,2025-07-27
TXN0005092167,APP007,2025-12-23,settled,841230.85,EUR,AMER,CP0229,OPTION,TDR0140,BOOK_C,2026-01-16
TXN0008806802,APP005,2025-11-09,failed,312508.02,GBP,AMER,CP0447,FUTURE,TDR0009,BOOK_A,2026-02-15
TXN0001524852,APP015,2025-05-05,failed,293470.96,JPY,EMEA,CP0490,SWAP,TDR0137,BOOK_D,2025-07-22
TXN0005794079,APP011,2026-03-19,failed,359670.87,GBP,APAC,CP0166,BOND,TDR0042,BOOK_A,2025-05-12
TXN0003445628,APP009,2026-04-09,reversed,13204.23,EUR,APAC,CP0343,FX,TDR0075,BOOK_C,2025-02-09
TXN0000887785,APP018,2026-01-01,failed,862458.98,AUD,LATAM,CP0402,OPTION,TDR0193,BOOK_C,2025-11-24
TXN0001508659,APP006,2025-08-08,reversed,991417.4,EUR,APAC,CP0409,EQUITY,TDR0192,BOOK_C,2025-12-06
TXN0008804616,APP003,2025-11-10,failed,143782.92,GBP,LATAM,CP0397,EQUITY,TDR0075,BOOK_C,2025-08-06
TXN0000763981,APP005,2025-04-13,pending,670310.14,USD,EMEA,CP0493,FUTURE,TDR0197,BOOK_D,2025-02-12
TXN0005582317,APP015,2025-06-09,pending,352550.83,EUR,APAC,CP0105,BOND,TDR0194,BOOK_C,2025-05-11
TXN0009601528,APP009,2025-04-24,active,547488.91,JPY,EMEA,CP0426,OPTION,TDR0005,BOOK_B,2025-06-23
TXN0001591243,APP020,2025-03-09,failed,189646.82,CHF,EMEA,CP0369,OPTION,TDR0169,BOOK_A,2025-08-13
TXN0006615957,APP013,2025-12-30,failed,172235.04,JPY,EMEA,CP0035,FX,TDR0045,BOOK_C,2025-01-16
TXN0003564015,APP020,2025-05-23,active,474315.84,GBP,EMEA,CP0280,BOND,TDR0139,BOOK_A,2025-03-02
TXN0004067701,APP019,2026-04-11,pending,782191.83,AUD,APAC,CP0131,SWAP,TDR0186,BOOK_D,2025-02-01
TXN0000636730,APP012,2026-01-19,failed,346169.31,AUD,EMEA,CP0305,EQUITY,TDR0139,BOOK_D,2025-02-27
TXN0003838661,APP019,2025-07-27,failed,453574.0,JPY,LATAM,CP0470,OPTION,TDR0067,BOOK_B,2025-10-20
TXN0008484143,APP016,2025-10-22,reversed,800875.09,CHF,EMEA,CP0223,SWAP,TDR0130,BOOK_D,2025-09-25
TXN0001037481,APP016,2025-01-24,failed,5562.15,EUR,EMEA,CP0407,FX,TDR0013,BOOK_D,2025-09-30
TXN0002346424,APP018,2026-03-04,failed,161339.08,EUR,LATAM,CP0280,BOND,TDR0086,BOOK_A,2025-11-14
TXN0003477730,APP016,2025-10-20,active,696854.61,EUR,LATAM,CP0300,FX,TDR0136,BOOK_B,2025-09-13
TXN0002231147,APP016,2026-04-05,reversed,642599.12,CHF,LATAM,CP0120,BOND,TDR0135,BOOK_C,2026-02-07
TXN0006384148,APP010,2025-01-02,reversed,596685.83,CHF,LATAM,CP0141,BOND,TDR0089,BOOK_D,2025-09-05
TXN0006828165,APP013,2025-02-04,pending,21763.58,AUD,LATAM,CP0340,FX,TDR0024,BOOK_C,2025-02-28
TXN0008495055,APP004,2025-04-20,active,90788.68,GBP,EMEA,CP0480,EQUITY,TDR0195,BOOK_D,2025-02-02
TXN0000616533,APP009,2025-04-23,settled,239905.83,AUD,AMER,CP0222,BOND,TDR0058,BOOK_D,2025-05-02
TXN0005569749,APP015,2026-01-26,failed,334598.53,JPY,APAC,CP0268,OPTION,TDR0103,BOOK_C,2026-01-06
TXN0006724185,APP002,2025-05-06,reversed,514580.73,JPY,EMEA,CP0284,SWAP,TDR0158,BOOK_D,2025-05-20
TXN0006519354,APP016,2025-10-14,active,819091.03,USD,EMEA,CP0096,BOND,TDR0193,BOOK_D,2025-10-17
TXN0009634358,APP006,2026-02-04,pending,441899.87,GBP,LATAM,CP0417,OPTION,TDR0043,BOOK_A,2025-04-30
TXN0005278830,APP018,2025-07-17,failed,550467.91,GBP,LATAM,CP0109,BOND,TDR0040,BOOK_B,2025-07-07
TXN0001490067,APP018,2026-02-16,pending,26831.45,USD,APAC,CP0311,EQUITY,TDR0192,BOOK_B,2025-04-04
TXN0001674057,APP006,2025-05-01,active,720449.14,AUD,LATAM,CP0341,SWAP,TDR0188,BOOK_A,2025-09-26
TXN0007562689,APP002,2025-01-01,failed,402325.92,CHF,AMER,CP0040,OPTION,TDR0142,BOOK_D,2026-01-01
TXN0001032273,APP018,2026-02-14,failed,87189.13,CHF,APAC,CP0049,SWAP,TDR0163,BOOK_C,2025-02-12
TXN0001015449,APP010,2025-05-10,failed,419131.06,USD,EMEA,CP0292,OPTION,TDR0114,BOOK_D,2025-04-24
TXN0002717883,APP013,2025-04-17,pending,111918.76,CHF,LATAM,CP0438,OPTION,TDR0153,BOOK_A,2026-03-08
TXN0003727099,APP015,2025-02-23,reversed,973359.86,JPY,APAC,CP0403,FX,TDR0198,BOOK_C,2025-01-09
TXN0000435470,APP019,2025-07-05,reversed,618369.59,GBP,EMEA,CP0069,BOND,TDR0052,BOOK_C,2025-01-03
TXN0000860174,APP001,2026-02-13,failed,803098.56,GBP,APAC,CP0030,OPTION,TDR0195,BOOK_C,2025-05-31
TXN0003762174,APP003,2025-06-24,pending,194583.56,AUD,LATAM,CP0285,BOND,TDR0123,BOOK_A,2025-09-15
TXN0002655602,APP012,2025-09-20,pending,485372.67,AUD,AMER,CP0469,OPTION,TDR0146,BOOK_A,2025-01-07
TXN0001009306,APP015,2025-05-02,reversed,708400.12,USD,APAC,CP0072,SWAP,TDR0039,BOOK_C,2025-10-04
TXN0006582668,APP012,2026-04-03,failed,691762.42,EUR,APAC,CP0447,EQUITY,TDR0185,BOOK_C,2026-03-30
TXN0008400431,APP020,2025-01-31,failed,310645.01,EUR,AMER,CP0469,EQUITY,TDR0149,BOOK_C,2025-12-07
TXN0008842704,APP020,2025-07-09,failed,446761.89,EUR,AMER,CP0383,SWAP,TDR0109,BOOK_D,2025-01-11
TXN0009157856,APP014,2025-10-21,settled,525835.59,USD,APAC,CP0072,BOND,TDR0001,BOOK_B,2025-02-01
TXN0002707989,APP016,2025-05-27,active,931509.48,EUR,LATAM,CP0482,FX,TDR0136,BOOK_A,2025-09-01
TXN0008343084,APP011,2026-01-08,failed,302930.01,AUD,LATAM,CP0433,OPTION,TDR0021,BOOK_D,2026-01-21
TXN0005261651,APP018,2025-04-03,settled,945623.64,CHF,AMER,CP0168,BOND,TDR0194,BOOK_D,2025-05-14
TXN0009631492,APP018,2025-03-07,settled,105406.22,EUR,LATAM,CP0318,FX,TDR0024,BOOK_D,2026-01-11
TXN0009643642,APP002,2026-02-01,pending,157250.05,GBP,APAC,CP0467,FUTURE,TDR0085,BOOK_A,2025-01-09
TXN0002549074,APP019,2025-02-26,pending,884596.38,AUD,LATAM,CP0050,OPTION,TDR0164,BOOK_A,2026-01-23
TXN0002856007,APP019,2025-01-14,settled,446295.91,EUR,AMER,CP0427,FX,TDR0012,BOOK_D,2025-01-04
TXN0007989729,APP019,2025-12-28,settled,457883.48,EUR,APAC,CP0098,FX,TDR0119,BOOK_D,2025-03-22
TXN0004490634,APP020,2025-11-14,pending,791592.23,USD,AMER,CP0472,FX,TDR0168,BOOK_D,2025-05-02
TXN0005733903,APP013,2025-12-19,pending,300255.94,GBP,APAC,CP0021,EQUITY,TDR0170,BOOK_A,2025-05-14
TXN0003068898,APP012,2025-08-03,failed,977981.11,USD,LATAM,CP0281,BOND,TDR0128,BOOK_C,2026-02-13
TXN0009029916,APP015,2025-06-25,active,347657.07,AUD,EMEA,CP0210,FX,TDR0160,BOOK_C,2025-05-25
TXN0000726498,APP017,2025-10-04,active,884305.01,AUD,LATAM,CP0368,OPTION,TDR0186,BOOK_C,2025-02-28
TXN0005256252,APP001,2025-04-30,reversed,172393.89,USD,EMEA,CP0191,OPTION,TDR0058,BOOK_A,2025-01-20
TXN0002007083,APP007,2025-01-09,active,209491.4,AUD,AMER,CP0189,FX,TDR0179,BOOK_A,2025-09-09
TXN0004662121,APP011,2026-03-15,pending,100173.8,USD,LATAM,CP0160,OPTION,TDR0192,BOOK_C,2025-09-01
TXN0009021593,APP003,2025-09-29,pending,100261.44,CHF,LATAM,CP0316,SWAP,TDR0099,BOOK_D,2025-06-21
TXN0007143396,APP019,2025-01-10,settled,429726.19,AUD,AMER,CP0261,OPTION,TDR0079,BOOK_D,2025-07-18
TXN0009393586,APP012,2025-05-15,failed,527590.97,JPY,EMEA,CP0175,FX,TDR0160,BOOK_C,2025-06-04
TXN0001786367,APP006,2025-10-18,active,210782.91,EUR,LATAM,CP0314,FX,TDR0091,BOOK_B,2025-03-13
TXN0007553614,APP006,2025-02-27,active,16434.66,JPY,EMEA,CP0112,SWAP,TDR0120,BOOK_C,2025-06-19
TXN0006963356,APP010,2025-08-02,reversed,523985.92,GBP,EMEA,CP0125,EQUITY,TDR0051,BOOK_D,2025-01-05
TXN0000829184,APP013,2025-07-28,reversed,649757.9,CHF,AMER,CP0419,EQUITY,TDR0143,BOOK_C,2025-11-25
TXN0005001869,APP003,2025-01-28,failed,155312.68,EUR,APAC,CP0472,FX,TDR0015,BOOK_C,2025-04-20
TXN0008160396,APP011,2025-05-01,reversed,360524.2,AUD,LATAM,CP0110,FX,TDR0074,BOOK_A,2025-01-16
TXN0003151111,APP014,2025-06-09,failed,782347.24,USD,EMEA,CP0056,FX,TDR0191,BOOK_B,2025-06-22
TXN0003570937,APP005,2026-02-07,failed,421137.34,GBP,APAC,CP0498,BOND,TDR0101,BOOK_A,2025-05-04
TXN0007274379,APP012,2025-03-13,pending,708793.47,EUR,LATAM,CP0144,OPTION,TDR0147,BOOK_A,2025-03-12
TXN0001878925,APP007,2025-02-12,active,520001.84,EUR,LATAM,CP0393,FUTURE,TDR0170,BOOK_A,2025-07-13
TXN0008503437,APP019,2026-02-16,pending,666391.54,USD,APAC,CP0173,BOND,TDR0154,BOOK_C,2025-11-25
TXN0008382093,APP016,2025-02-28,reversed,866620.5,EUR,APAC,CP0337,FUTURE,TDR0118,BOOK_D,2025-08-21
TXN0001935615,APP012,2025-10-16,reversed,733041.59,AUD,AMER,CP0420,BOND,TDR0102,BOOK_C,2025-06-06
TXN0004810346,APP009,2025-11-29,active,108543.67,AUD,AMER,CP0173,SWAP,TDR0153,BOOK_B,2025-06-23
TXN0000016893,APP002,2025-05-18,active,401547.49,GBP,APAC,CP0336,BOND,TDR0052,BOOK_C,2025-02-21
TXN0005257813,APP007,2025-01-29,active,663041.83,EUR,APAC,CP0082,SWAP,TDR0163,BOOK_C,2025-02-06
TXN0007263415,APP009,2025-08-12,settled,49145.34,AUD,LATAM,CP0245,FX,TDR0107,BOOK_B,2026-02-20
TXN0005940048,APP019,2026-02-11,reversed,286257.76,JPY,APAC,CP0247,SWAP,TDR0019,BOOK_A,2025-06-18
TXN0006426994,APP015,2025-08-28,failed,71869.34,GBP,LATAM,CP0387,BOND,TDR0168,BOOK_B,2025-12-02
TXN0003197722,APP008,2025-10-31,pending,399514.98,AUD,LATAM,CP0230,EQUITY,TDR0160,BOOK_D,2026-02-03
TXN0003760378,APP006,2025-01-16,failed,444210.22,USD,LATAM,CP0103,SWAP,TDR0140,BOOK_D,2026-01-18
TXN0001327586,APP002,2025-05-18,settled,854543.46,JPY,EMEA,CP0077,EQUITY,TDR0151,BOOK_A,2025-01-10
TXN0006558151,APP009,2025-01-06,failed,852745.53,GBP,AMER,CP0351,FUTURE,TDR0112,BOOK_A,2026-01-18
TXN0009789219,APP020,2025-10-05,active,386049.16,EUR,AMER,CP0127,SWAP,TDR0200,BOOK_D,2025-10-03
TXN0000493458,APP010,2025-12-28,pending,104199.07,AUD,AMER,CP0154,BOND,TDR0043,BOOK_C,2025-01-06
TXN0001431024,APP007,2025-11-25,active,107068.93,EUR,LATAM,CP0027,OPTION,TDR0033,BOOK_D,2025-05-01
TXN0007425753,APP016,2026-02-17,settled,865907.37,AUD,EMEA,CP0092,FUTURE,TDR0017,BOOK_A,2025-08-30
TXN0004990720,APP009,2026-02-01,pending,726802.23,EUR,AMER,CP0361,FX,TDR0196,BOOK_C,2025-07-11
TXN0006482205,APP017,2025-09-21,failed,624912.51,AUD,LATAM,CP0160,FUTURE,TDR0199,BOOK_B,2025-10-09
TXN0000095048,APP013,2025-11-02,settled,103718.23,AUD,APAC,CP0251,FX,TDR0188,BOOK_B,2025-07-06
TXN0006249741,APP010,2025-03-29,pending,971855.42,GBP,EMEA,CP0459,BOND,TDR0172,BOOK_B,2025-12-25
TXN0002940088,APP019,2025-05-07,failed,203298.46,CHF,LATAM,CP0091,SWAP,TDR0039,BOOK_B,2025-11-19
TXN0004590450,APP008,2026-03-28,reversed,244196.64,JPY,LATAM,CP0198,FX,TDR0134,BOOK_D,2025-05-16
TXN0006565486,APP020,2025-02-15,settled,60474.84,CHF,EMEA,CP0175,FUTURE,TDR0117,BOOK_D,2025-02-20
TXN0006911056,APP008,2025-04-14,pending,909401.42,AUD,APAC,CP0189,SWAP,TDR0057,BOOK_D,2026-03-13
TXN0001394368,APP006,2025-01-27,settled,47766.69,USD,LATAM,CP0328,SWAP,TDR0194,BOOK_B,2026-02-06
TXN0001666740,APP018,2026-02-19,pending,135162.94,CHF,AMER,CP0096,FX,TDR0031,BOOK_B,2025-09-28
TXN0002249066,APP002,2025-07-13,active,417723.6,USD,AMER,CP0200,FUTURE,TDR0024,BOOK_A,2025-03-17
TXN0009601725,APP010,2025-03-21,failed,678837.98,GBP,LATAM,CP0198,BOND,TDR0041,BOOK_A,2025-09-16
TXN0000381813,APP013,2025-08-21,reversed,126459.78,GBP,AMER,CP0056,SWAP,TDR0105,BOOK_D,2026-04-08
TXN0003236666,APP015,2025-09-01,failed,30590.38,AUD,AMER,CP0002,EQUITY,TDR0174,BOOK_C,2025-12-03
TXN0002212634,APP014,2025-09-28,settled,592076.75,CHF,APAC,CP0175,BOND,TDR0179,BOOK_B,2025-10-30
TXN0008651886,APP007,2026-03-23,pending,418807.83,EUR,APAC,CP0160,EQUITY,TDR0092,BOOK_C,2025-08-09
TXN0002669400,APP019,2025-02-14,failed,562409.35,EUR,LATAM,CP0160,FX,TDR0024,BOOK_D,2025-02-06
TXN0006974983,APP018,2025-07-09,failed,57466.4,AUD,EMEA,CP0461,SWAP,TDR0066,BOOK_C,2025-05-25
TXN0003857588,APP012,2026-04-04,reversed,372175.74,EUR,EMEA,CP0368,EQUITY,TDR0125,BOOK_C,2026-03-16
TXN0009671119,APP002,2025-04-11,reversed,75841.45,CHF,AMER,CP0083,SWAP,TDR0010,BOOK_D,2025-10-23
TXN0004334083,APP003,2026-02-07,pending,6498.52,GBP,LATAM,CP0395,SWAP,TDR0112,BOOK_B,2025-07-13
TXN0009162913,APP001,2025-06-28,pending,397349.27,GBP,APAC,CP0001,SWAP,TDR0153,BOOK_A,2025-10-19
TXN0002512020,APP012,2026-02-10,pending,665937.64,AUD,EMEA,CP0089,EQUITY,TDR0161,BOOK_A,2025-08-08
TXN0007495439,APP006,2025-07-16,reversed,247608.27,EUR,AMER,CP0315,OPTION,TDR0076,BOOK_A,2025-06-10
TXN0003159575,APP009,2025-11-29,active,922389.47,GBP,EMEA,CP0167,BOND,TDR0142,BOOK_B,2025-11-08
TXN0001328064,APP004,2026-01-24,active,726267.89,AUD,AMER,CP0376,BOND,TDR0200,BOOK_C,2025-09-11
TXN0003176626,APP014,2025-06-14,settled,912282.22,CHF,LATAM,CP0311,BOND,TDR0194,BOOK_A,2025-03-24
TXN0008550454,APP008,2026-02-24,pending,349970.99,EUR,APAC,CP0221,EQUITY,TDR0041,BOOK_C,2025-06-18
TXN0006037033,APP012,2026-04-03,active,87872.29,CHF,EMEA,CP0383,OPTION,TDR0098,BOOK_C,2026-03-21
TXN0002070030,APP008,2025-10-11,settled,623931.8,JPY,LATAM,CP0420,FUTURE,TDR0123,BOOK_A,2025-01-27
TXN0003140288,APP010,2025-09-07,reversed,356254.84,EUR,APAC,CP0234,SWAP,TDR0094,BOOK_A,2026-02-17
TXN0006257801,APP009,2025-03-14,reversed,895186.19,GBP,LATAM,CP0332,SWAP,TDR0030,BOOK_C,2026-01-08
TXN0001129160,APP019,2025-10-27,settled,661622.91,GBP,EMEA,CP0079,FX,TDR0114,BOOK_C,2025-03-07
TXN0004164126,APP017,2025-06-10,settled,250200.64,JPY,AMER,CP0287,EQUITY,TDR0112,BOOK_B,2025-01-17
TXN0006364586,APP015,2026-02-26,pending,737686.07,EUR,APAC,CP0302,EQUITY,TDR0187,BOOK_A,2025-11-07
TXN0006334009,APP010,2025-11-14,active,64904.26,GBP,EMEA,CP0135,SWAP,TDR0026,BOOK_D,2025-09-22
TXN0001050787,APP012,2026-02-12,active,495561.53,EUR,EMEA,CP0337,FUTURE,TDR0099,BOOK_B,2025-01-17
TXN0009218770,APP019,2025-01-16,active,811222.16,CHF,LATAM,CP0325,FUTURE,TDR0199,BOOK_B,2026-01-03
TXN0004517363,APP003,2025-12-05,failed,990663.27,CHF,LATAM,CP0289,SWAP,TDR0018,BOOK_D,2025-06-13
TXN0005231733,APP010,2025-11-25,pending,652970.2,JPY,LATAM,CP0131,OPTION,TDR0101,BOOK_D,2025-07-09
TXN0003615622,APP002,2025-06-14,pending,476632.4,JPY,AMER,CP0244,FX,TDR0020,BOOK_D,2026-01-23
TXN0004808828,APP002,2025-02-27,pending,366857.26,EUR,LATAM,CP0381,FUTURE,TDR0015,BOOK_A,2025-10-09
TXN0007906515,APP007,2026-02-26,settled,728468.91,EUR,EMEA,CP0347,EQUITY,TDR0072,BOOK_D,2025-05-29
TXN0007489819,APP008,2025-01-29,active,727162.63,AUD,AMER,CP0499,FUTURE,TDR0124,BOOK_C,2025-03-09
TXN0002351224,APP007,2025-02-18,active,319035.57,CHF,APAC,CP0011,SWAP,TDR0081,BOOK_D,2025-12-23
TXN0004528689,APP018,2025-08-24,failed,596032.76,EUR,EMEA,CP0055,EQUITY,TDR0109,BOOK_D,2025-11-19
TXN0009498700,APP008,2025-01-18,active,436596.81,AUD,LATAM,CP0162,FUTURE,TDR0129,BOOK_A,2025-06-01
TXN0005549305,APP019,2025-11-22,pending,998754.25,CHF,AMER,CP0152,EQUITY,TDR0093,BOOK_D,2025-02-06
TXN0005976577,APP020,2025-07-03,settled,450386.18,EUR,LATAM,CP0410,FX,TDR0135,BOOK_A,2026-02-23
TXN0003845693,APP011,2025-12-22,settled,919768.41,USD,EMEA,CP0148,BOND,TDR0026,BOOK_A,2025-04-10
TXN0000178920,APP006,2025-02-21,reversed,61859.38,CHF,LATAM,CP0201,EQUITY,TDR0045,BOOK_C,2025-01-20
TXN0003634438,APP005,2025-07-12,failed,720594.92,USD,APAC,CP0070,FUTURE,TDR0178,BOOK_A,2025-09-11
TXN0006871686,APP009,2025-11-15,active,922505.64,USD,LATAM,CP0093,FX,TDR0043,BOOK_D,2026-02-19
TXN0005924392,APP016,2026-04-01,failed,537446.49,EUR,AMER,CP0418,SWAP,TDR0022,BOOK_B,2026-01-10
TXN0009378044,APP002,2025-04-10,failed,813660.15,USD,EMEA,CP0233,SWAP,TDR0062,BOOK_C,2025-10-08
TXN0006602038,APP008,2025-06-15,settled,167704.91,JPY,LATAM,CP0457,FUTURE,TDR0022,BOOK_C,2026-01-14
TXN0004738972,APP003,2025-09-04,active,853110.79,CHF,APAC,CP0211,OPTION,TDR0160,BOOK_A,2025-01-13
TXN0000818389,APP009,2026-01-25,active,546433.12,EUR,LATAM,CP0257,EQUITY,TDR0126,BOOK_D,2026-02-08
TXN0008515609,APP016,2025-09-12,failed,16800.22,JPY,EMEA,CP0199,BOND,TDR0083,BOOK_A,2025-03-31
TXN0006874627,APP005,2025-07-26,pending,199478.14,USD,AMER,CP0080,BOND,TDR0173,BOOK_B,2025-03-05
TXN0006814771,APP014,2025-02-28,settled,609904.01,USD,EMEA,CP0082,FUTURE,TDR0002,BOOK_A,2026-01-14
TXN0003017869,APP003,2026-03-31,failed,135732.49,AUD,EMEA,CP0422,FUTURE,TDR0181,BOOK_B,2026-02-01
TXN0002395723,APP007,2026-01-24,active,486687.21,USD,APAC,CP0343,SWAP,TDR0165,BOOK_A,2025-01-23
TXN0007423122,APP007,2025-05-16,pending,491400.29,JPY,AMER,CP0129,FX,TDR0126,BOOK_B,2025-03-20
TXN0003272150,APP019,2025-07-17,failed,89381.65,EUR,APAC,CP0297,SWAP,TDR0008,BOOK_B,2025-08-04
TXN0007137981,APP009,2025-06-20,pending,215515.9,USD,AMER,CP0128,BOND,TDR0110,BOOK_D,2025-02-05
TXN0006328913,APP004,2025-01-25,settled,153572.4,EUR,EMEA,CP0246,BOND,TDR0163,BOOK_B,2025-12-05
TXN0003692219,APP015,2025-12-17,settled,662057.45,AUD,AMER,CP0187,EQUITY,TDR0181,BOOK_D,2025-11-09
TXN0004593987,APP001,2025-08-23,failed,568351.18,JPY,AMER,CP0145,FUTURE,TDR0009,BOOK_C,2025-05-06
TXN0006407906,APP013,2025-12-30,settled,468813.14,CHF,LATAM,CP0470,SWAP,TDR0168,BOOK_C,2025-03-02
TXN0007616995,APP004,2025-04-21,settled,763027.57,GBP,LATAM,CP0343,OPTION,TDR0161,BOOK_D,2025-08-07
TXN0005047464,APP013,2026-02-04,settled,285205.24,AUD,APAC,CP0322,FX,TDR0189,BOOK_D,2025-06-19
TXN0006403473,APP020,2026-03-28,pending,258526.82,AUD,EMEA,CP0082,BOND,TDR0193,BOOK_C,2025-01-28
TXN0003218394,APP006,2025-02-27,active,101065.43,EUR,LATAM,CP0346,FX,TDR0176,BOOK_B,2025-04-13
TXN0001411560,APP017,2025-03-22,reversed,944229.55,USD,APAC,CP0386,EQUITY,TDR0043,BOOK_D,2026-02-21
TXN0000566934,APP020,2025-09-06,active,547730.99,CHF,AMER,CP0190,BOND,TDR0084,BOOK_C,2026-01-08
TXN0006453606,APP009,2026-03-24,failed,370538.02,AUD,AMER,CP0035,FX,TDR0159,BOOK_B,2025-11-06
TXN0001372486,APP005,2026-03-19,pending,595531.06,AUD,LATAM,CP0168,FX,TDR0187,BOOK_B,2025-12-15
TXN0008842196,APP010,2025-09-06,failed,594458.87,GBP,APAC,CP0012,FUTURE,TDR0188,BOOK_D,2025-09-03
TXN0002003158,APP007,2026-04-10,reversed,660194.13,USD,EMEA,CP0451,FX,TDR0097,BOOK_D,2026-03-03
TXN0008982435,APP014,2025-05-30,settled,95023.1,GBP,AMER,CP0429,SWAP,TDR0031,BOOK_D,2025-02-19
TXN0005605834,APP012,2025-06-02,reversed,518034.91,EUR,AMER,CP0457,SWAP,TDR0155,BOOK_C,2026-04-08
TXN0009779149,APP008,2025-08-27,settled,136616.72,AUD,APAC,CP0052,BOND,TDR0119,BOOK_B,2025-02-10
TXN0003151361,APP014,2026-02-19,failed,674060.25,USD,LATAM,CP0261,OPTION,TDR0072,BOOK_A,2025-09-16
TXN0004176029,APP005,2025-12-16,active,853333.8,USD,LATAM,CP0300,SWAP,TDR0092,BOOK_A,2026-03-23
TXN0003925971,APP003,2026-01-11,active,190665.07,AUD,LATAM,CP0379,OPTION,TDR0064,BOOK_A,2025-09-30
TXN0002874209,APP008,2026-01-16,reversed,697286.36,USD,APAC,CP0310,EQUITY,TDR0155,BOOK_B,2025-06-05
TXN0001799543,APP020,2025-11-23,reversed,390512.08,GBP,APAC,CP0171,BOND,TDR0063,BOOK_B,2025-01-04
TXN0001580628,APP008,2025-01-06,failed,668921.54,AUD,APAC,CP0150,EQUITY,TDR0066,BOOK_D,2025-04-27
TXN0000709475,APP010,2026-01-23,failed,72186.89,AUD,EMEA,CP0347,EQUITY,TDR0102,BOOK_B,2025-09-07
TXN0003003425,APP009,2026-04-04,settled,493873.45,GBP,LATAM,CP0166,FUTURE,TDR0012,BOOK_B,2025-06-01
TXN0001572428,APP008,2025-08-01,reversed,490547.96,USD,AMER,CP0485,EQUITY,TDR0022,BOOK_C,2025-06-05
TXN0008831973,APP012,2025-08-21,active,982067.88,USD,EMEA,CP0146,FUTURE,TDR0123,BOOK_C,2025-06-25
TXN0001725563,APP015,2025-02-25,pending,618694.5,AUD,LATAM,CP0139,FUTURE,TDR0099,BOOK_C,2025-12-18
TXN0007851198,APP001,2025-05-13,settled,953813.27,CHF,AMER,CP0028,OPTION,TDR0116,BOOK_C,2026-04-08
TXN0000994261,APP006,2025-03-03,failed,575955.5,AUD,LATAM,CP0093,OPTION,TDR0070,BOOK_C,2025-08-08
TXN0007965815,APP014,2025-12-30,active,456897.15,AUD,APAC,CP0256,BOND,TDR0084,BOOK_A,2026-01-23
TXN0002273857,APP014,2025-05-15,settled,508558.92,AUD,APAC,CP0471,EQUITY,TDR0066,BOOK_B,2025-05-24
TXN0005111552,APP008,2026-01-13,pending,682072.1,USD,EMEA,CP0137,OPTION,TDR0186,BOOK_C,2025-01-30
TXN0006485641,APP016,2025-07-30,settled,971257.54,JPY,APAC,CP0442,FUTURE,TDR0199,BOOK_A,2025-12-10
TXN0008072254,APP020,2025-08-16,settled,69510.94,CHF,EMEA,CP0276,FUTURE,TDR0086,BOOK_B,2025-09-22
TXN0005728343,APP002,2025-06-28,active,209877.04,CHF,LATAM,CP0239,OPTION,TDR0063,BOOK_A,2025-08-08
TXN0007897288,APP004,2025-11-12,reversed,919471.51,CHF,APAC,CP0422,FUTURE,TDR0085,BOOK_D,2025-03-07
TXN0008912454,APP020,2026-01-16,failed,927746.65,EUR,APAC,CP0028,FUTURE,TDR0136,BOOK_A,2026-04-02
TXN0009874814,APP020,2025-12-26,active,667095.74,EUR,APAC,CP0420,FX,TDR0129,BOOK_C,2025-09-16
TXN0006306114,APP004,2026-04-06,pending,848880.71,GBP,EMEA,CP0098,SWAP,TDR0135,BOOK_C,2025-07-02
TXN0008272179,APP008,2025-04-04,reversed,934138.19,AUD,LATAM,CP0425,OPTION,TDR0174,BOOK_A,2025-06-23
TXN0002757185,APP011,2026-04-14,pending,845219.87,EUR,EMEA,CP0068,BOND,TDR0015,BOOK_D,2025-09-19
TXN0000560603,APP014,2025-02-28,pending,868225.72,EUR,AMER,CP0374,OPTION,TDR0099,BOOK_C,2026-01-15
TXN0008807595,APP010,2025-05-10,reversed,767984.81,USD,EMEA,CP0121,FUTURE,TDR0183,BOOK_A,2026-01-05
TXN0008269327,APP010,2025-10-06,active,256243.7,GBP,APAC,CP0488,OPTION,TDR0171,BOOK_D,2026-03-23
TXN0004869446,APP014,2025-01-04,failed,436167.38,EUR,EMEA,CP0173,SWAP,TDR0156,BOOK_A,2025-06-29
TXN0006157795,APP006,2025-04-11,active,793404.6,GBP,APAC,CP0152,OPTION,TDR0066,BOOK_D,2025-03-30
TXN0001843226,APP009,2026-03-08,active,670885.65,EUR,EMEA,CP0182,FUTURE,TDR0137,BOOK_A,2025-04-14
TXN0000615228,APP004,2025-03-20,settled,194964.99,CHF,LATAM,CP0263,SWAP,TDR0060,BOOK_B,2026-01-03
TXN0006625934,APP013,2025-11-22,reversed,743199.85,USD,EMEA,CP0316,FUTURE,TDR0098,BOOK_D,2025-01-29
TXN0001091095,APP001,2025-10-08,reversed,220358.38,EUR,AMER,CP0325,SWAP,TDR0147,BOOK_C,2026-01-23
TXN0002743196,APP010,2025-09-13,settled,917416.15,EUR,AMER,CP0305,BOND,TDR0092,BOOK_B,2025-10-08
TXN0003340347,APP012,2025-01-15,settled,40076.98,USD,AMER,CP0443,OPTION,TDR0189,BOOK_B,2025-08-07
TXN0004549612,APP007,2025-06-28,active,145127.89,JPY,AMER,CP0184,FUTURE,TDR0108,BOOK_C,2025-09-24
TXN0002913862,APP013,2025-12-02,reversed,442654.06,AUD,LATAM,CP0315,FX,TDR0114,BOOK_C,2025-10-16
TXN0002703262,APP002,2025-05-08,active,33629.21,CHF,AMER,CP0484,BOND,TDR0114,BOOK_C,2025-06-18
TXN0002196549,APP002,2025-03-10,failed,799144.55,JPY,AMER,CP0459,SWAP,TDR0199,BOOK_D,2025-12-04
TXN0009042183,APP001,2025-09-21,settled,653947.64,USD,APAC,CP0425,FX,TDR0087,BOOK_D,2025-12-02
TXN0002372660,APP009,2025-05-07,reversed,255987.55,AUD,LATAM,CP0269,FX,TDR0047,BOOK_C,2025-02-23
TXN0004317665,APP009,2025-11-05,pending,165288.73,AUD,LATAM,CP0357,FX,TDR0079,BOOK_C,2025-06-10
TXN0006298861,APP015,2025-02-09,reversed,720903.77,GBP,LATAM,CP0211,FX,TDR0179,BOOK_B,2025-02-19
TXN0006558560,APP007,2026-02-05,settled,992773.19,EUR,EMEA,CP0497,EQUITY,TDR0188,BOOK_C,2025-04-22
TXN0001716493,APP016,2026-01-08,pending,993967.85,GBP,LATAM,CP0330,BOND,TDR0065,BOOK_C,2025-11-27
TXN0003004802,APP010,2025-09-27,reversed,839980.02,USD,APAC,CP0362,SWAP,TDR0009,BOOK_B,2025-02-01
TXN0002185057,APP006,2025-10-15,settled,32265.63,JPY,EMEA,CP0356,EQUITY,TDR0175,BOOK_D,2025-03-03
TXN0002222652,APP011,2025-11-07,settled,793444.52,USD,LATAM,CP0254,OPTION,TDR0126,BOOK_C,2025-12-21
TXN0001517928,APP011,2025-01-18,pending,632523.36,GBP,LATAM,CP0425,OPTION,TDR0039,BOOK_C,2025-02-15
TXN0009576584,APP007,2025-02-28,pending,10436.25,USD,EMEA,CP0285,FUTURE,TDR0179,BOOK_A,2025-07-22
TXN0004526216,APP006,2025-05-17,reversed,111907.65,AUD,EMEA,CP0096,SWAP,TDR0039,BOOK_A,2026-03-02
TXN0006562084,APP019,2025-01-21,reversed,737302.41,JPY,LATAM,CP0496,FX,TDR0029,BOOK_D,2025-08-20
TXN0009830209,APP013,2025-12-21,failed,74751.14,CHF,AMER,CP0363,FX,TDR0027,BOOK_A,2025-06-22
TXN0005532320,APP007,2026-01-16,reversed,453825.58,AUD,EMEA,CP0100,SWAP,TDR0123,BOOK_D,2025-06-05
TXN0003262217,APP008,2025-02-23,pending,880242.56,AUD,AMER,CP0387,OPTION,TDR0038,BOOK_A,2025-12-05
TXN0000314272,APP017,2025-03-30,failed,809437.26,AUD,AMER,CP0089,OPTION,TDR0071,BOOK_A,2026-01-15
TXN0004229214,APP001,2025-11-07,failed,961381.71,EUR,LATAM,CP0141,BOND,TDR0020,BOOK_A,2025-08-12
TXN0004225335,APP015,2025-01-10,active,489124.92,USD,APAC,CP0164,FUTURE,TDR0141,BOOK_C,2025-03-13
TXN0004102566,APP016,2025-08-14,pending,15600.96,GBP,EMEA,CP0283,SWAP,TDR0088,BOOK_A,2025-04-08
TXN0007939640,APP015,2025-12-04,reversed,439054.87,EUR,LATAM,CP0468,FUTURE,TDR0010,BOOK_B,2026-03-11
TXN0003407485,APP011,2025-12-30,failed,374225.78,GBP,LATAM,CP0039,OPTION,TDR0187,BOOK_A,2025-02-09
TXN0008207501,APP014,2025-01-08,pending,321488.79,JPY,EMEA,CP0089,EQUITY,TDR0196,BOOK_A,2025-02-18
TXN0008406017,APP011,2025-08-25,settled,191986.5,EUR,AMER,CP0316,SWAP,TDR0056,BOOK_B,2025-06-18
TXN0007461645,APP015,2025-08-13,reversed,857264.83,EUR,EMEA,CP0378,SWAP,TDR0199,BOOK_D,2025-10-27
TXN0002944492,APP015,2025-10-07,pending,793049.69,GBP,APAC,CP0075,OPTION,TDR0020,BOOK_A,2025-07-06
TXN0009726470,APP018,2025-03-18,reversed,709559.66,AUD,AMER,CP0478,BOND,TDR0146,BOOK_B,2025-08-23
TXN0008931411,APP019,2026-03-31,reversed,999360.45,GBP,AMER,CP0327,FUTURE,TDR0182,BOOK_B,2026-01-14
TXN0001231357,APP009,2025-12-07,reversed,464323.79,USD,LATAM,CP0034,BOND,TDR0177,BOOK_B,2025-02-25
TXN0001224888,APP006,2026-02-28,reversed,164700.19,EUR,APAC,CP0170,SWAP,TDR0001,BOOK_A,2025-04-17
TXN0004935984,APP015,2025-09-19,pending,764679.33,CHF,LATAM,CP0097,OPTION,TDR0013,BOOK_B,2025-07-04
TXN0003278354,APP003,2025-05-25,active,124347.2,JPY,EMEA,CP0034,FX,TDR0077,BOOK_D,2025-12-12
TXN0008142167,APP017,2025-05-25,failed,756765.31,USD,AMER,CP0124,SWAP,TDR0016,BOOK_B,2025-03-25
TXN0008262943,APP002,2025-11-02,active,414047.77,AUD,APAC,CP0382,FX,TDR0186,BOOK_D,2026-01-19
TXN0002499685,APP009,2026-01-27,reversed,433137.0,JPY,LATAM,CP0219,EQUITY,TDR0092,BOOK_B,2025-07-11
TXN0006763003,APP004,2026-01-19,reversed,804917.87,JPY,APAC,CP0211,OPTION,TDR0168,BOOK_D,2025-10-31
TXN0009824676,APP002,2025-06-12,reversed,739885.05,USD,AMER,CP0198,FUTURE,TDR0096,BOOK_B,2025-10-11
TXN0009213890,APP003,2026-01-07,failed,633991.32,GBP,AMER,CP0175,SWAP,TDR0164,BOOK_D,2025-07-29
TXN0006337718,APP002,2026-03-07,pending,993425.57,CHF,APAC,CP0203,EQUITY,TDR0120,BOOK_A,2026-03-09
TXN0000238727,APP012,2025-01-31,failed,697417.13,GBP,LATAM,CP0314,BOND,TDR0092,BOOK_C,2025-08-14
TXN0007663778,APP017,2025-04-20,reversed,870021.06,JPY,EMEA,CP0479,OPTION,TDR0088,BOOK_D,2025-02-02
TXN0007683264,APP019,2025-08-22,pending,306597.81,CHF,LATAM,CP0442,FUTURE,TDR0068,BOOK_A,2025-07-05
TXN0004668361,APP017,2025-06-14,pending,603846.32,AUD,AMER,CP0440,FUTURE,TDR0200,BOOK_A,2026-01-14
TXN0006906726,APP013,2026-03-29,reversed,909762.8,USD,LATAM,CP0470,FX,TDR0020,BOOK_B,2025-11-03
TXN0008155649,APP003,2025-08-23,pending,450108.89,EUR,APAC,CP0096,FX,TDR0069,BOOK_B,2025-08-14
TXN0002916010,APP004,2025-12-27,pending,371953.87,JPY,AMER,CP0007,OPTION,TDR0146,BOOK_C,2026-01-29
TXN0006741873,APP002,2025-07-05,active,576549.02,CHF,AMER,CP0417,BOND,TDR0189,BOOK_D,2025-06-30
TXN0004604093,APP004,2025-02-22,settled,928297.47,USD,LATAM,CP0278,FUTURE,TDR0032,BOOK_C,2025-08-19
TXN0009691777,APP008,2025-04-23,active,6563.55,EUR,AMER,CP0111,FUTURE,TDR0125,BOOK_D,2025-12-26
TXN0006992741,APP018,2025-10-11,failed,136817.71,EUR,LATAM,CP0213,OPTION,TDR0130,BOOK_D,2026-03-12
TXN0006597565,APP020,2025-02-27,reversed,197775.71,USD,EMEA,CP0371,FX,TDR0176,BOOK_D,2025-08-18
TXN0005435865,APP018,2026-02-14,pending,609784.99,GBP,EMEA,CP0134,OPTION,TDR0085,BOOK_C,2025-01-04
TXN0005032573,APP020,2026-03-27,reversed,392984.1,CHF,EMEA,CP0063,FX,TDR0185,BOOK_A,2025-03-14
TXN0008038923,APP020,2025-10-18,pending,781125.87,USD,APAC,CP0098,SWAP,TDR0122,BOOK_A,2026-04-11
TXN0005797322,APP013,2025-09-04,active,955441.65,AUD,LATAM,CP0404,EQUITY,TDR0154,BOOK_D,2026-01-16
TXN0000805195,APP009,2025-12-01,failed,454110.21,USD,AMER,CP0006,FUTURE,TDR0185,BOOK_A,2025-12-29
TXN0002753471,APP019,2026-02-13,settled,441436.75,USD,APAC,CP0043,OPTION,TDR0037,BOOK_C,2025-07-10
TXN0007118265,APP009,2026-04-08,active,977386.82,GBP,LATAM,CP0228,OPTION,TDR0119,BOOK_D,2025-02-02
TXN0003983066,APP010,2025-03-29,failed,256263.26,GBP,EMEA,CP0230,FX,TDR0094,BOOK_B,2026-03-28
TXN0008159491,APP016,2025-06-09,active,330258.35,JPY,APAC,CP0075,SWAP,TDR0105,BOOK_B,2026-02-05
TXN0004587955,APP020,2026-02-11,failed,162778.89,USD,LATAM,CP0230,SWAP,TDR0047,BOOK_B,2025-03-16
TXN0006163863,APP019,2026-03-01,settled,972924.66,GBP,EMEA,CP0375,EQUITY,TDR0139,BOOK_B,2025-11-13
TXN0006424227,APP009,2026-03-23,active,887439.1,EUR,APAC,CP0488,EQUITY,TDR0031,BOOK_A,2025-03-04
TXN0005902297,APP012,2025-04-26,reversed,406966.04,GBP,LATAM,CP0297,SWAP,TDR0011,BOOK_D,2025-09-06
TXN0009576529,APP007,2025-05-14,settled,304199.44,GBP,LATAM,CP0007,EQUITY,TDR0046,BOOK_D,2025-07-22
TXN0003326008,APP009,2025-03-05,settled,886787.6,GBP,APAC,CP0379,EQUITY,TDR0182,BOOK_D,2025-01-14
TXN0001810046,APP005,2025-12-01,reversed,236501.98,EUR,APAC,CP0313,EQUITY,TDR0021,BOOK_C,2025-03-05
TXN0004757923,APP016,2026-04-12,failed,746163.51,USD,EMEA,CP0084,FUTURE,TDR0121,BOOK_A,2025-01-17
TXN0003702402,APP004,2025-04-06,settled,656460.51,EUR,AMER,CP0019,FX,TDR0088,BOOK_B,2025-04-01
TXN0005297978,APP002,2025-03-25,pending,515937.1,CHF,LATAM,CP0158,FX,TDR0162,BOOK_B,2025-11-08
TXN0004846532,APP018,2025-06-23,active,747748.24,USD,APAC,CP0474,BOND,TDR0052,BOOK_B,2026-02-16
TXN0001268442,APP015,2025-02-14,settled,230971.02,CHF,APAC,CP0433,EQUITY,TDR0186,BOOK_B,2025-02-13
TXN0006938499,APP006,2025-03-03,reversed,929023.96,AUD,LATAM,CP0090,EQUITY,TDR0029,BOOK_D,2025-08-11
TXN0005614674,APP009,2025-08-04,pending,40888.55,AUD,LATAM,CP0269,FX,TDR0182,BOOK_C,2025-03-18
TXN0001398725,APP015,2025-11-05,failed,95639.52,AUD,AMER,CP0438,BOND,TDR0057,BOOK_A,2025-03-23
TXN0003766941,APP008,2025-12-04,settled,329006.57,EUR,AMER,CP0050,BOND,TDR0171,BOOK_D,2025-07-26
TXN0000884602,APP001,2025-06-18,reversed,62976.47,CHF,APAC,CP0243,FUTURE,TDR0137,BOOK_D,2025-06-14
TXN0002648312,APP011,2025-03-22,pending,649966.06,CHF,LATAM,CP0125,FX,TDR0128,BOOK_A,2025-06-11
TXN0005748839,APP002,2025-01-09,reversed,293911.71,GBP,LATAM,CP0225,FUTURE,TDR0172,BOOK_B,2025-05-20
TXN0007005057,APP017,2025-08-23,active,366565.97,EUR,LATAM,CP0421,EQUITY,TDR0106,BOOK_D,2025-08-19
TXN0006748795,APP011,2025-04-16,active,888188.98,CHF,AMER,CP0212,SWAP,TDR0069,BOOK_B,2025-02-14
TXN0008651913,APP014,2025-07-29,pending,494336.97,EUR,APAC,CP0335,OPTION,TDR0038,BOOK_D,2025-03-02
TXN0006069277,APP008,2025-03-16,failed,333424.14,AUD,AMER,CP0454,EQUITY,TDR0162,BOOK_B,2025-05-20
TXN0005016166,APP006,2025-05-05,reversed,241288.19,JPY,EMEA,CP0053,OPTION,TDR0152,BOOK_A,2025-03-25
TXN0000319663,APP016,2025-05-26,pending,910472.97,CHF,EMEA,CP0279,FUTURE,TDR0008,BOOK_D,2025-09-28
TXN0000446342,APP014,2025-06-09,active,74397.04,USD,LATAM,CP0158,FUTURE,TDR0069,BOOK_D,2025-02-09
TXN0009041753,APP017,2025-04-16,active,734906.22,AUD,LATAM,CP0127,FUTURE,TDR0149,BOOK_A,2025-05-12
TXN0003173488,APP006,2025-02-25,reversed,751243.76,USD,APAC,CP0465,SWAP,TDR0114,BOOK_A,2026-03-14
TXN0002009564,APP005,2025-08-01,settled,395788.79,EUR,EMEA,CP0058,SWAP,TDR0085,BOOK_D,2026-01-25
TXN0008025116,APP013,2025-09-26,failed,282432.54,GBP,EMEA,CP0060,FUTURE,TDR0058,BOOK_B,2025-01-17
TXN0000831180,APP001,2026-02-03,settled,27456.58,GBP,APAC,CP0134,SWAP,TDR0103,BOOK_A,2025-02-20
TXN0009051187,APP013,2026-02-08,pending,640145.08,AUD,AMER,CP0004,BOND,TDR0030,BOOK_A,2025-07-06
TXN0001273447,APP002,2025-04-27,pending,437040.08,EUR,LATAM,CP0100,BOND,TDR0101,BOOK_A,2025-11-08
TXN0008605848,APP016,2025-09-15,failed,671486.53,CHF,APAC,CP0104,FX,TDR0161,BOOK_A,2025-10-28
TXN0005329906,APP010,2025-12-09,pending,910140.41,EUR,LATAM,CP0346,SWAP,TDR0190,BOOK_C,2025-06-08
TXN0002691805,APP003,2025-04-29,pending,804767.98,CHF,APAC,CP0402,SWAP,TDR0113,BOOK_C,2025-09-29
TXN0008313292,APP009,2025-06-11,settled,623300.37,CHF,EMEA,CP0201,SWAP,TDR0070,BOOK_D,2025-10-16
TXN0001027809,APP012,2025-12-15,pending,250827.24,EUR,LATAM,CP0313,FUTURE,TDR0095,BOOK_A,2025-02-28
TXN0004483572,APP010,2025-04-20,failed,121444.55,AUD,EMEA,CP0212,FUTURE,TDR0120,BOOK_A,2025-02-28
TXN0000804149,APP012,2025-04-17,reversed,434831.82,CHF,APAC,CP0020,BOND,TDR0055,BOOK_A,2025-01-26
TXN0001615301,APP015,2025-12-20,pending,657351.18,JPY,APAC,CP0197,EQUITY,TDR0054,BOOK_C,2025-01-09
TXN0009911258,APP016,2025-05-10,pending,427466.31,GBP,AMER,CP0491,EQUITY,TDR0151,BOOK_C,2026-03-27
TXN0006087303,APP008,2025-11-25,pending,710651.95,USD,LATAM,CP0143,FX,TDR0023,BOOK_C,2025-01-12
TXN0003968639,APP007,2025-06-20,failed,116080.72,EUR,EMEA,CP0080,BOND,TDR0033,BOOK_C,2025-03-04
TXN0006519010,APP019,2025-01-04,pending,679598.12,GBP,APAC,CP0440,SWAP,TDR0061,BOOK_C,2025-02-22
TXN0008409595,APP010,2025-11-09,failed,874580.18,EUR,APAC,CP0199,FX,TDR0150,BOOK_D,2025-02-12
TXN0009132435,APP016,2025-08-02,reversed,240631.98,CHF,LATAM,CP0358,FUTURE,TDR0183,BOOK_A,2025-05-13
TXN0006995829,APP006,2026-03-11,settled,912265.88,CHF,LATAM,CP0124,FX,TDR0150,BOOK_B,2025-03-29
TXN0009114426,APP001,2025-07-30,active,637752.19,JPY,AMER,CP0437,OPTION,TDR0124,BOOK_C,2025-11-29
TXN0000119324,APP018,2025-12-10,active,210539.1,AUD,AMER,CP0446,SWAP,TDR0149,BOOK_A,2025-08-15
TXN0005688979,APP006,2026-01-20,failed,97325.64,AUD,AMER,CP0205,SWAP,TDR0062,BOOK_B,2025-04-01
TXN0003903327,APP011,2025-11-11,active,965030.44,USD,AMER,CP0380,FX,TDR0031,BOOK_A,2025-02-21
TXN0009539025,APP014,2026-02-10,settled,904253.99,JPY,LATAM,CP0236,EQUITY,TDR0040,BOOK_A,2026-02-14
TXN0007198331,APP018,2025-11-06,settled,131256.57,GBP,AMER,CP0462,SWAP,TDR0040,BOOK_B,2025-07-09
TXN0001950795,APP015,2025-07-31,reversed,336817.41,CHF,EMEA,CP0333,SWAP,TDR0084,BOOK_C,2026-02-09
TXN0007046690,APP005,2025-01-15,active,357462.49,USD,EMEA,CP0121,SWAP,TDR0083,BOOK_D,2026-02-02
TXN0002735647,APP010,2025-09-24,reversed,461983.76,JPY,AMER,CP0298,SWAP,TDR0177,BOOK_A,2025-10-01
TXN0007440788,APP019,2025-06-09,reversed,893501.16,JPY,LATAM,CP0221,OPTION,TDR0122,BOOK_B,2025-03-27
TXN0004899424,APP013,2025-10-03,reversed,625897.53,USD,AMER,CP0459,SWAP,TDR0022,BOOK_B,2025-12-29
TXN0005924333,APP004,2025-03-25,settled,767377.57,USD,EMEA,CP0226,BOND,TDR0142,BOOK_C,2025-02-06
TXN0009876343,APP009,2025-08-19,reversed,372375.68,JPY,APAC,CP0286,BOND,TDR0019,BOOK_B,2025-11-24
TXN0002477680,APP012,2025-04-05,pending,694621.58,EUR,APAC,CP0350,EQUITY,TDR0003,BOOK_B,2025-06-08
TXN0002237599,APP018,2026-03-31,active,301417.75,GBP,LATAM,CP0203,BOND,TDR0088,BOOK_C,2025-03-13
TXN0000974059,APP011,2025-08-03,reversed,961362.24,EUR,APAC,CP0263,SWAP,TDR0070,BOOK_C,2025-03-01
TXN0008930709,APP020,2025-09-30,failed,904124.32,JPY,AMER,CP0253,FUTURE,TDR0005,BOOK_B,2025-08-29
TXN0009868007,APP012,2026-03-23,active,809824.02,AUD,APAC,CP0146,SWAP,TDR0002,BOOK_B,2025-12-14
TXN0007661630,APP013,2025-06-06,failed,630109.0,JPY,LATAM,CP0125,EQUITY,TDR0001,BOOK_B,2025-03-19
TXN0004248945,APP006,2026-03-17,reversed,809082.64,GBP,LATAM,CP0496,SWAP,TDR0045,BOOK_C,2026-01-13
TXN0006411991,APP013,2025-04-16,settled,473145.93,AUD,AMER,CP0338,BOND,TDR0043,BOOK_D,2025-12-12
TXN0007310671,APP002,2025-12-08,settled,143733.16,EUR,EMEA,CP0326,SWAP,TDR0018,BOOK_D,2025-01-25
TXN0008236728,APP002,2026-02-27,active,83462.31,JPY,APAC,CP0260,BOND,TDR0047,BOOK_D,2026-02-17
TXN0002119912,APP013,2025-05-14,reversed,87937.01,AUD,AMER,CP0271,SWAP,TDR0020,BOOK_A,2025-02-15
TXN0005628629,APP009,2026-03-22,active,444207.8,AUD,EMEA,CP0395,FUTURE,TDR0095,BOOK_B,2025-09-16
TXN0009450599,APP003,2025-02-18,reversed,236061.21,JPY,EMEA,CP0041,OPTION,TDR0113,BOOK_C,2025-12-19
TXN0008653444,APP017,2025-05-04,active,223197.53,AUD,LATAM,CP0322,FX,TDR0106,BOOK_C,2025-02-20
TXN0002747574,APP020,2026-02-03,reversed,609562.84,AUD,LATAM,CP0376,FX,TDR0052,BOOK_A,2025-06-15
TXN0005402525,APP002,2025-10-21,failed,925195.8,JPY,APAC,CP0252,OPTION,TDR0169,BOOK_D,2025-07-20
TXN0004207693,APP020,2025-01-20,pending,386152.09,GBP,AMER,CP0379,BOND,TDR0043,BOOK_C,2025-01-19
TXN0007159720,APP016,2025-12-25,settled,975044.11,AUD,LATAM,CP0427,SWAP,TDR0198,BOOK_B,2025-04-14
TXN0005730442,APP015,2025-02-23,pending,646068.88,EUR,EMEA,CP0157,FUTURE,TDR0170,BOOK_A,2025-09-02
TXN0003828137,APP006,2025-08-21,reversed,757317.46,GBP,AMER,CP0402,FX,TDR0062,BOOK_D,2026-01-27
TXN0001325321,APP011,2025-01-06,pending,962718.38,CHF,AMER,CP0290,EQUITY,TDR0024,BOOK_B,2025-12-10
TXN0008089195,APP002,2026-01-09,pending,595233.98,EUR,LATAM,CP0365,OPTION,TDR0004,BOOK_D,2025-04-09
TXN0000542303,APP001,2026-02-05,active,17071.36,GBP,APAC,CP0383,OPTION,TDR0095,BOOK_A,2025-04-04
TXN0000347528,APP018,2025-03-06,active,676509.23,AUD,AMER,CP0246,FUTURE,TDR0027,BOOK_B,2025-06-13
TXN0005905863,APP005,2025-08-08,pending,735996.03,GBP,AMER,CP0457,EQUITY,TDR0192,BOOK_C,2025-10-15
TXN0009631457,APP012,2025-07-06,active,692267.69,USD,EMEA,CP0483,SWAP,TDR0076,BOOK_D,2025-10-29
TXN0006227746,APP001,2025-03-22,failed,820551.18,CHF,AMER,CP0010,BOND,TDR0151,BOOK_B,2025-06-15
TXN0002705387,APP019,2026-02-07,settled,102627.41,CHF,AMER,CP0454,FUTURE,TDR0026,BOOK_A,2025-08-15
TXN0001827286,APP003,2026-01-07,active,784952.58,AUD,APAC,CP0037,BOND,TDR0144,BOOK_D,2025-01-20
TXN0007246659,APP016,2025-11-01,reversed,168866.54,JPY,APAC,CP0308,FUTURE,TDR0114,BOOK_D,2025-03-22
TXN0005601463,APP019,2026-03-29,active,975420.04,AUD,APAC,CP0237,EQUITY,TDR0030,BOOK_D,2025-08-02
TXN0002606338,APP019,2025-12-23,failed,456158.46,JPY,APAC,CP0220,OPTION,TDR0003,BOOK_C,2025-07-28
TXN0002595496,APP007,2026-04-11,failed,595509.17,AUD,AMER,CP0235,EQUITY,TDR0187,BOOK_B,2025-06-14
TXN0007590034,APP010,2025-06-29,reversed,427826.37,USD,LATAM,CP0022,BOND,TDR0001,BOOK_C,2025-09-14
TXN0007947134,APP015,2025-05-20,settled,729610.48,CHF,APAC,CP0139,FUTURE,TDR0180,BOOK_D,2025-10-09
TXN0000195569,APP015,2026-03-15,reversed,637153.8,GBP,LATAM,CP0336,OPTION,TDR0011,BOOK_D,2026-02-25
TXN0007665488,APP018,2025-09-10,reversed,260855.55,CHF,EMEA,CP0226,OPTION,TDR0145,BOOK_B,2025-06-16
TXN0000597790,APP020,2025-01-04,active,844086.08,CHF,LATAM,CP0059,BOND,TDR0063,BOOK_B,2025-06-07
TXN0002846695,APP010,2025-03-19,active,376124.18,GBP,APAC,CP0257,FX,TDR0172,BOOK_C,2026-03-17
TXN0000626874,APP012,2025-07-05,failed,910316.72,AUD,APAC,CP0426,OPTION,TDR0004,BOOK_A,2026-03-21
TXN0005581056,APP002,2025-05-18,settled,709615.01,USD,APAC,CP0327,BOND,TDR0002,BOOK_D,2026-01-04
TXN0001362360,APP019,2025-11-22,active,438011.25,GBP,APAC,CP0134,EQUITY,TDR0195,BOOK_A,2026-02-13
TXN0006402280,APP012,2025-11-21,pending,676704.67,AUD,LATAM,CP0369,SWAP,TDR0163,BOOK_A,2025-09-12
TXN0003907927,APP005,2025-06-25,settled,599667.32,GBP,APAC,CP0189,FUTURE,TDR0057,BOOK_A,2026-02-20
TXN0002480777,APP007,2025-12-31,failed,952742.8,AUD,EMEA,CP0075,FUTURE,TDR0076,BOOK_A,2025-07-09
TXN0001193855,APP004,2025-06-07,active,401656.51,EUR,AMER,CP0355,EQUITY,TDR0115,BOOK_B,2025-06-03
TXN0005616602,APP014,2025-02-09,settled,190508.27,JPY,APAC,CP0331,EQUITY,TDR0036,BOOK_B,2025-02-10
TXN0009006071,APP009,2025-12-31,reversed,143679.34,USD,APAC,CP0298,FUTURE,TDR0165,BOOK_D,2025-10-30
TXN0001056757,APP014,2025-04-16,failed,978320.8,AUD,AMER,CP0476,SWAP,TDR0067,BOOK_D,2025-12-09
TXN0009020762,APP019,2025-02-18,active,546502.88,GBP,APAC,CP0271,FUTURE,TDR0091,BOOK_A,2025-02-24
TXN0000495883,APP006,2025-02-09,active,143344.07,GBP,APAC,CP0093,OPTION,TDR0145,BOOK_A,2025-05-30
TXN0009971597,APP007,2026-02-08,settled,35246.85,AUD,AMER,CP0146,OPTION,TDR0054,BOOK_C,2026-04-02
TXN0007049816,APP007,2025-11-14,reversed,605450.7,CHF,LATAM,CP0321,FX,TDR0120,BOOK_C,2025-12-31
TXN0005185851,APP010,2025-03-13,active,315793.89,CHF,APAC,CP0491,SWAP,TDR0119,BOOK_B,2025-08-19
TXN0002394715,APP012,2025-02-18,active,261167.06,GBP,EMEA,CP0440,EQUITY,TDR0147,BOOK_D,2025-03-01
TXN0007615154,APP003,2025-10-16,reversed,68564.6,USD,LATAM,CP0145,BOND,TDR0006,BOOK_A,2025-04-07
TXN0008939763,APP008,2025-04-02,active,410057.46,AUD,AMER,CP0211,EQUITY,TDR0142,BOOK_C,2026-01-24
TXN0000504645,APP014,2025-04-15,reversed,451945.24,JPY,AMER,CP0183,FUTURE,TDR0025,BOOK_C,2025-11-12
TXN0005357403,APP003,2025-08-26,active,888834.33,JPY,APAC,CP0443,SWAP,TDR0155,BOOK_C,2026-01-17
TXN0009275870,APP006,2025-02-05,pending,995419.14,EUR,EMEA,CP0226,EQUITY,TDR0091,BOOK_C,2026-01-02
TXN0000459501,APP005,2025-11-04,settled,641268.34,GBP,AMER,CP0074,SWAP,TDR0086,BOOK_D,2025-05-31
TXN0003304110,APP007,2025-02-03,settled,889269.42,EUR,AMER,CP0367,EQUITY,TDR0066,BOOK_C,2025-02-05
TXN0001328469,APP012,2025-09-07,active,374003.43,CHF,APAC,CP0454,EQUITY,TDR0151,BOOK_A,2025-10-12
TXN0003196466,APP019,2025-12-15,settled,957261.51,AUD,EMEA,CP0103,BOND,TDR0054,BOOK_C,2026-01-09
TXN0007320870,APP011,2026-02-26,failed,776020.75,GBP,APAC,CP0492,EQUITY,TDR0054,BOOK_B,2026-01-16
TXN0009884304,APP005,2025-03-24,settled,999315.21,CHF,EMEA,CP0406,EQUITY,TDR0139,BOOK_D,2026-03-18
TXN0005747326,APP019,2025-03-22,active,68964.89,CHF,LATAM,CP0068,FX,TDR0078,BOOK_A,2025-12-08
TXN0003735840,APP009,2025-11-20,failed,78725.99,EUR,APAC,CP0132,OPTION,TDR0072,BOOK_C,2025-11-27
TXN0000357927,APP020,2025-12-30,reversed,641841.88,GBP,AMER,CP0147,FUTURE,TDR0120,BOOK_C,2025-05-29
TXN0004531652,APP015,2025-05-23,reversed,929490.52,GBP,LATAM,CP0307,OPTION,TDR0039,BOOK_C,2025-09-04
TXN0007350480,APP014,2025-03-07,pending,183221.56,CHF,APAC,CP0005,OPTION,TDR0152,BOOK_D,2025-09-25
TXN0004456962,APP001,2026-01-16,failed,986828.22,USD,AMER,CP0269,EQUITY,TDR0007,BOOK_D,2025-10-06
TXN0002178181,APP013,2025-03-27,active,766039.14,JPY,AMER,CP0361,BOND,TDR0086,BOOK_A,2025-05-24
TXN0006721703,APP016,2025-05-04,settled,657611.13,USD,EMEA,CP0243,BOND,TDR0096,BOOK_A,2025-12-25
TXN0002160992,APP010,2025-10-27,pending,616001.8,GBP,EMEA,CP0406,SWAP,TDR0127,BOOK_D,2025-06-30
TXN0003109095,APP014,2026-01-19,active,419198.63,AUD,AMER,CP0099,OPTION,TDR0066,BOOK_A,2025-02-05
TXN0002525656,APP016,2025-08-20,active,881361.67,JPY,APAC,CP0374,SWAP,TDR0038,BOOK_C,2025-06-08
TXN0004968068,APP003,2025-07-18,pending,990733.32,GBP,LATAM,CP0069,SWAP,TDR0127,BOOK_D,2025-07-31
TXN0001170610,APP012,2025-05-20,active,144917.01,CHF,APAC,CP0306,FX,TDR0036,BOOK_B,2025-01-21
TXN0004551206,APP016,2025-04-27,settled,133010.73,CHF,EMEA,CP0471,BOND,TDR0152,BOOK_B,2026-02-09
TXN0007832563,APP015,2025-03-07,pending,208137.5,GBP,APAC,CP0409,EQUITY,TDR0081,BOOK_B,2025-12-13
TXN0006765202,APP005,2025-04-24,failed,712510.17,JPY,LATAM,CP0463,FUTURE,TDR0028,BOOK_D,2025-06-19
TXN0001740760,APP007,2025-02-09,pending,338125.49,AUD,EMEA,CP0327,OPTION,TDR0190,BOOK_C,2025-05-22
TXN0007773641,APP004,2026-03-08,pending,4199.57,GBP,EMEA,CP0236,EQUITY,TDR0062,BOOK_A,2025-04-21
TXN0001431691,APP007,2025-09-09,reversed,782087.69,EUR,AMER,CP0114,OPTION,TDR0198,BOOK_C,2026-03-14
TXN0006610014,APP020,2025-02-08,reversed,787830.66,CHF,LATAM,CP0227,EQUITY,TDR0088,BOOK_C,2025-12-15
TXN0003644480,APP010,2025-12-07,active,552627.88,USD,AMER,CP0448,EQUITY,TDR0171,BOOK_D,2025-05-23
TXN0001205117,APP001,2025-09-13,reversed,767558.02,JPY,LATAM,CP0110,EQUITY,TDR0061,BOOK_C,2025-05-14
TXN0007240496,APP003,2025-11-17,reversed,270277.12,CHF,LATAM,CP0042,OPTION,TDR0072,BOOK_D,2025-03-31
TXN0003791207,APP017,2025-05-25,pending,139920.02,USD,AMER,CP0101,SWAP,TDR0039,BOOK_C,2025-06-11
TXN0001304950,APP007,2025-03-01,settled,998489.09,JPY,AMER,CP0024,FX,TDR0023,BOOK_D,2025-03-20
TXN0005829545,APP019,2025-02-22,pending,4117.92,AUD,LATAM,CP0223,EQUITY,TDR0195,BOOK_A,2025-11-02
TXN0008661646,APP013,2025-02-18,active,466664.91,USD,APAC,CP0405,OPTION,TDR0049,BOOK_D,2025-09-07
TXN0004423512,APP010,2026-01-23,settled,641840.74,USD,AMER,CP0222,SWAP,TDR0196,BOOK_B,2026-01-13
TXN0006229947,APP010,2025-06-12,reversed,667183.23,CHF,LATAM,CP0070,FX,TDR0188,BOOK_C,2026-04-06
TXN0009558433,APP004,2026-01-05,active,130775.05,AUD,LATAM,CP0303,EQUITY,TDR0178,BOOK_C,2025-08-14
TXN0005152256,APP006,2025-03-15,failed,750428.04,AUD,LATAM,CP0051,SWAP,TDR0180,BOOK_C,2025-07-14
TXN0005907894,APP002,2026-02-02,pending,931876.13,AUD,AMER,CP0402,EQUITY,TDR0193,BOOK_A,2026-04-12
TXN0005039558,APP015,2025-12-23,reversed,828298.2,AUD,LATAM,CP0050,BOND,TDR0023,BOOK_D,2026-01-28
TXN0009502287,APP004,2025-05-19,active,347529.88,USD,AMER,CP0344,OPTION,TDR0188,BOOK_B,2025-01-14
TXN0000327011,APP007,2026-01-15,active,750703.58,USD,LATAM,CP0103,OPTION,TDR0016,BOOK_A,2025-08-04
TXN0003225267,APP013,2025-11-23,settled,656411.13,USD,AMER,CP0305,FX,TDR0197,BOOK_C,2025-08-11
TXN0003103341,APP019,2026-01-15,active,715969.13,EUR,LATAM,CP0017,SWAP,TDR0059,BOOK_B,2025-10-04
TXN0000114241,APP020,2025-05-06,failed,109211.3,AUD,AMER,CP0405,EQUITY,TDR0068,BOOK_C,2025-04-19
TXN0002498831,APP001,2025-05-05,active,140977.15,USD,EMEA,CP0073,FX,TDR0121,BOOK_A,2025-05-16
TXN0006787063,APP015,2025-07-26,failed,968867.85,USD,APAC,CP0446,EQUITY,TDR0016,BOOK_B,2025-05-22
TXN0001083453,APP007,2025-03-10,active,861385.28,AUD,AMER,CP0071,FX,TDR0026,BOOK_C,2025-01-17
TXN0005662105,APP005,2025-03-11,reversed,825715.98,JPY,AMER,CP0226,OPTION,TDR0127,BOOK_B,2026-04-07
TXN0007920138,APP004,2026-04-05,pending,307861.45,CHF,APAC,CP0228,FX,TDR0142,BOOK_D,2025-11-25
TXN0005000240,APP006,2025-05-24,settled,423073.39,USD,AMER,CP0443,FUTURE,TDR0089,BOOK_B,2025-11-05
TXN0002738219,APP019,2025-12-07,failed,777342.19,AUD,AMER,CP0098,SWAP,TDR0153,BOOK_C,2026-03-07
TXN0004054037,APP007,2025-11-11,failed,723568.88,JPY,AMER,CP0143,FUTURE,TDR0017,BOOK_B,2026-01-09
TXN0005128048,APP008,2025-04-08,pending,304984.58,GBP,APAC,CP0417,BOND,TDR0091,BOOK_A,2025-07-13
TXN0007718525,APP016,2025-11-09,pending,254928.53,JPY,EMEA,CP0397,FX,TDR0099,BOOK_B,2025-04-17
TXN0000670780,APP005,2025-08-21,pending,226053.83,USD,APAC,CP0483,FX,TDR0006,BOOK_D,2025-11-23
TXN0009687996,APP020,2025-09-30,settled,84071.04,USD,EMEA,CP0456,OPTION,TDR0085,BOOK_B,2025-06-19
TXN0005110891,APP016,2025-10-30,failed,468082.52,AUD,APAC,CP0374,BOND,TDR0162,BOOK_B,2025-12-25
TXN0002608933,APP017,2025-12-25,reversed,653161.81,EUR,APAC,CP0016,FX,TDR0058,BOOK_C,2025-07-27
TXN0003907581,APP016,2025-02-04,settled,488339.53,JPY,LATAM,CP0109,EQUITY,TDR0042,BOOK_D,2025-05-18
TXN0009501569,APP004,2025-07-12,settled,51533.63,EUR,EMEA,CP0045,FUTURE,TDR0153,BOOK_D,2026-03-18
TXN0008424956,APP014,2025-10-23,failed,668124.43,AUD,APAC,CP0114,FX,TDR0180,BOOK_C,2025-06-16
TXN0000534803,APP005,2025-02-22,settled,987883.75,USD,APAC,CP0028,EQUITY,TDR0189,BOOK_D,2025-09-30
TXN0001848408,APP002,2025-10-29,active,326471.26,GBP,AMER,CP0241,OPTION,TDR0174,BOOK_D,2025-06-25
TXN0009495780,APP001,2025-03-01,active,315314.77,AUD,EMEA,CP0292,FX,TDR0101,BOOK_C,2026-02-23
TXN0003071033,APP010,2025-05-14,active,726789.78,JPY,EMEA,CP0298,FX,TDR0183,BOOK_B,2026-03-02
TXN0002394863,APP016,2025-08-01,active,530012.07,EUR,EMEA,CP0337,SWAP,TDR0082,BOOK_D,2025-03-26
TXN0000409506,APP006,2026-02-09,pending,216716.93,JPY,EMEA,CP0337,FUTURE,TDR0030,BOOK_B,2025-06-10
TXN0002389607,APP013,2025-05-25,active,900971.48,GBP,LATAM,CP0205,FUTURE,TDR0029,BOOK_D,2025-09-26
TXN0006561845,APP010,2025-10-16,failed,102723.52,EUR,AMER,CP0331,SWAP,TDR0161,BOOK_A,2026-03-14
TXN0003155004,APP012,2025-03-07,active,169538.38,USD,AMER,CP0362,FUTURE,TDR0175,BOOK_B,2025-06-23
TXN0004617995,APP018,2025-06-19,settled,414559.69,AUD,APAC,CP0013,FUTURE,TDR0103,BOOK_D,2025-06-17
TXN0005739075,APP018,2025-11-16,failed,499794.34,USD,LATAM,CP0048,FUTURE,TDR0182,BOOK_A,2025-10-05
TXN0005573291,APP008,2025-08-21,failed,537695.38,USD,EMEA,CP0234,FUTURE,TDR0157,BOOK_D,2026-01-01
TXN0008066075,APP007,2026-03-18,active,809040.63,EUR,EMEA,CP0212,FUTURE,TDR0071,BOOK_C,2026-01-07
TXN0003164162,APP012,2025-04-21,reversed,732725.65,EUR,LATAM,CP0369,FX,TDR0174,BOOK_A,2025-12-27
TXN0005252881,APP008,2025-12-16,pending,485862.52,GBP,AMER,CP0214,FX,TDR0123,BOOK_D,2025-06-01
TXN0008450947,APP017,2025-01-08,active,189122.87,EUR,LATAM,CP0329,SWAP,TDR0141,BOOK_A,2025-10-11
TXN0006585218,APP019,2025-03-08,settled,897505.11,GBP,EMEA,CP0382,FUTURE,TDR0141,BOOK_B,2025-03-22
TXN0003339914,APP011,2026-01-07,reversed,816152.5,USD,APAC,CP0380,FX,TDR0004,BOOK_D,2025-06-09
TXN0006397374,APP014,2026-01-31,failed,9524.38,AUD,EMEA,CP0472,OPTION,TDR0152,BOOK_A,2026-02-19
TXN0006135689,APP020,2025-05-15,pending,109523.43,CHF,AMER,CP0469,OPTION,TDR0146,BOOK_D,2025-04-13
TXN0003123365,APP008,2026-03-07,reversed,539704.06,JPY,AMER,CP0267,BOND,TDR0022,BOOK_C,2025-10-15
TXN0005038588,APP013,2025-03-16,active,85320.48,GBP,APAC,CP0469,FX,TDR0199,BOOK_A,2025-03-21
TXN0005204802,APP012,2025-08-14,failed,15936.22,CHF,APAC,CP0452,SWAP,TDR0150,BOOK_B,2025-03-29
TXN0004077085,APP002,2026-04-14,pending,337740.55,EUR,EMEA,CP0267,FX,TDR0102,BOOK_C,2025-08-16
TXN0007741557,APP015,2025-11-14,reversed,782575.29,EUR,EMEA,CP0302,SWAP,TDR0030,BOOK_C,2025-05-06
TXN0006250029,APP020,2025-06-18,failed,344526.35,GBP,EMEA,CP0132,FX,TDR0052,BOOK_A,2025-07-07
TXN0005800059,APP002,2026-04-08,settled,481674.05,EUR,AMER,CP0342,BOND,TDR0093,BOOK_C,2025-07-23
TXN0008736739,APP016,2025-10-08,failed,89386.72,CHF,APAC,CP0370,BOND,TDR0147,BOOK_A,2025-06-16
TXN0007440389,APP010,2025-06-08,settled,606362.16,AUD,APAC,CP0127,SWAP,TDR0034,BOOK_C,2025-11-03
TXN0000761455,APP010,2025-07-22,settled,522593.34,CHF,AMER,CP0288,FUTURE,TDR0059,BOOK_C,2025-12-07
TXN0006513630,APP009,2025-05-10,active,976621.63,JPY,APAC,CP0019,SWAP,TDR0081,BOOK_C,2025-12-27
TXN0004480564,APP011,2025-08-23,failed,893225.19,JPY,APAC,CP0287,FUTURE,TDR0037,BOOK_C,2025-11-20
TXN0004190924,APP004,2025-09-06,settled,192462.49,GBP,LATAM,CP0497,SWAP,TDR0019,BOOK_D,2025-08-17
TXN0005796025,APP011,2025-06-13,pending,245053.2,GBP,LATAM,CP0066,SWAP,TDR0056,BOOK_B,2025-03-01
TXN0001973374,APP008,2025-05-27,active,133892.21,JPY,EMEA,CP0265,BOND,TDR0057,BOOK_B,2025-06-25
TXN0008987709,APP006,2025-11-29,settled,899428.16,AUD,AMER,CP0089,BOND,TDR0110,BOOK_A,2025-05-13
TXN0003993039,APP002,2025-02-14,active,678810.4,USD,AMER,CP0274,FX,TDR0030,BOOK_B,2026-02-12
TXN0005958008,APP012,2026-03-27,settled,28217.29,CHF,LATAM,CP0369,SWAP,TDR0060,BOOK_D,2025-11-12
TXN0001202177,APP013,2025-02-15,settled,739959.98,USD,AMER,CP0243,BOND,TDR0066,BOOK_C,2025-11-20
TXN0001627359,APP018,2025-06-11,pending,405597.22,USD,APAC,CP0132,BOND,TDR0112,BOOK_B,2025-08-25
TXN0006700372,APP016,2025-01-29,pending,378450.3,EUR,AMER,CP0354,SWAP,TDR0148,BOOK_D,2025-11-14
TXN0009165908,APP007,2025-03-11,pending,258205.67,GBP,APAC,CP0324,FX,TDR0138,BOOK_A,2025-07-24
TXN0007029790,APP004,2025-09-13,settled,949166.42,EUR,LATAM,CP0494,BOND,TDR0162,BOOK_D,2025-02-05
TXN0004184154,APP008,2026-03-08,settled,984437.97,CHF,EMEA,CP0474,SWAP,TDR0192,BOOK_C,2025-12-15
TXN0008182158,APP016,2025-11-09,active,531117.29,GBP,EMEA,CP0333,EQUITY,TDR0047,BOOK_B,2026-03-18
TXN0004631033,APP016,2025-09-24,active,441946.52,USD,LATAM,CP0499,OPTION,TDR0113,BOOK_C,2025-06-28
TXN0004500045,APP004,2025-06-05,failed,292522.83,USD,AMER,CP0409,EQUITY,TDR0003,BOOK_D,2025-02-19
TXN0000779431,APP007,2026-01-20,settled,946308.52,AUD,AMER,CP0227,OPTION,TDR0044,BOOK_A,2025-05-21
TXN0001340199,APP015,2025-03-13,active,792723.18,AUD,EMEA,CP0119,FX,TDR0197,BOOK_A,2025-01-26
TXN0004581155,APP014,2026-02-27,reversed,30141.9,AUD,LATAM,CP0311,SWAP,TDR0060,BOOK_A,2025-01-03
TXN0000174622,APP003,2025-11-24,failed,382710.56,CHF,APAC,CP0006,OPTION,TDR0021,BOOK_A,2025-03-27
TXN0001576690,APP012,2025-02-21,reversed,580840.55,GBP,AMER,CP0100,FUTURE,TDR0044,BOOK_C,2025-07-01
TXN0008507467,APP010,2026-02-16,settled,107000.87,USD,AMER,CP0320,BOND,TDR0146,BOOK_A,2025-06-17
TXN0006910660,APP013,2026-03-29,active,914854.92,AUD,AMER,CP0165,FUTURE,TDR0177,BOOK_B,2025-02-22
TXN0005276245,APP006,2025-04-26,settled,413422.6,JPY,AMER,CP0040,FUTURE,TDR0069,BOOK_C,2025-08-27
TXN0001101807,APP006,2025-03-11,active,112173.12,CHF,EMEA,CP0031,SWAP,TDR0155,BOOK_C,2025-12-26
TXN0000961235,APP004,2025-06-21,failed,249168.15,EUR,EMEA,CP0244,EQUITY,TDR0037,BOOK_D,2025-12-21
TXN0002159830,APP015,2025-12-12,active,208889.28,JPY,AMER,CP0433,FX,TDR0026,BOOK_A,2025-06-18
TXN0005476234,APP008,2025-07-29,pending,897487.05,USD,AMER,CP0172,BOND,TDR0087,BOOK_B,2026-01-22
TXN0004719837,APP013,2026-01-01,reversed,58268.96,JPY,EMEA,CP0115,BOND,TDR0102,BOOK_B,2025-09-19
TXN0003361075,APP015,2025-11-23,pending,579355.35,GBP,LATAM,CP0348,BOND,TDR0139,BOOK_C,2025-03-17
TXN0005951115,APP010,2025-10-31,reversed,80132.51,AUD,APAC,CP0144,OPTION,TDR0101,BOOK_D,2025-10-04
TXN0000861215,APP009,2025-08-31,failed,435072.09,CHF,AMER,CP0460,BOND,TDR0153,BOOK_A,2025-08-12
TXN0002490410,APP009,2025-06-30,reversed,843789.24,CHF,APAC,CP0119,EQUITY,TDR0121,BOOK_C,2025-02-14
TXN0007220621,APP011,2025-01-18,active,90933.26,AUD,EMEA,CP0020,SWAP,TDR0046,BOOK_B,2026-02-21
TXN0000183012,APP014,2025-11-25,active,414521.81,CHF,EMEA,CP0027,FX,TDR0185,BOOK_D,2026-02-26
TXN0008490233,APP012,2025-11-18,settled,57306.46,USD,EMEA,CP0218,SWAP,TDR0027,BOOK_A,2026-04-11
TXN0004322931,APP015,2026-02-21,failed,362789.0,EUR,EMEA,CP0253,FUTURE,TDR0005,BOOK_A,2025-01-28
TXN0001930133,APP017,2026-03-14,pending,654281.68,AUD,EMEA,CP0087,FUTURE,TDR0100,BOOK_C,2025-05-18
TXN0009151844,APP014,2025-04-07,failed,238780.11,EUR,APAC,CP0338,FX,TDR0113,BOOK_D,2026-02-18
TXN0002597248,APP005,2025-08-30,active,778717.45,JPY,LATAM,CP0215,SWAP,TDR0070,BOOK_D,2025-09-25
TXN0000669676,APP018,2025-12-07,failed,251652.43,AUD,EMEA,CP0493,BOND,TDR0038,BOOK_D,2025-01-02
TXN0002990049,APP019,2025-07-04,active,351339.44,JPY,APAC,CP0358,FX,TDR0019,BOOK_A,2026-03-06
TXN0003804719,APP020,2025-11-17,pending,933836.95,CHF,LATAM,CP0427,OPTION,TDR0080,BOOK_B,2025-05-06
TXN0006902746,APP016,2026-03-24,active,327484.72,GBP,LATAM,CP0318,EQUITY,TDR0168,BOOK_A,2026-04-11
TXN0002193327,APP018,2025-01-01,reversed,96257.22,JPY,EMEA,CP0026,BOND,TDR0052,BOOK_A,2025-10-24
TXN0002120024,APP011,2026-01-07,active,384712.11,AUD,EMEA,CP0053,EQUITY,TDR0176,BOOK_C,2025-01-15
TXN0003276845,APP016,2025-04-15,pending,108061.98,USD,EMEA,CP0228,SWAP,TDR0030,BOOK_B,2025-12-26
TXN0003760125,APP007,2025-08-27,active,248978.69,CHF,APAC,CP0428,FX,TDR0059,BOOK_C,2026-02-22
TXN0002099811,APP001,2025-06-01,pending,227137.75,EUR,AMER,CP0487,EQUITY,TDR0067,BOOK_A,2025-05-03
TXN0006482370,APP010,2025-05-16,active,855838.7,EUR,LATAM,CP0340,EQUITY,TDR0171,BOOK_D,2025-06-23
TXN0001673409,APP004,2025-11-11,reversed,476728.27,GBP,APAC,CP0287,EQUITY,TDR0156,BOOK_A,2025-07-30
TXN0007114810,APP010,2025-12-28,pending,920416.14,EUR,APAC,CP0007,FX,TDR0033,BOOK_B,2025-06-13
TXN0007235327,APP019,2025-02-23,reversed,157323.17,JPY,APAC,CP0408,FX,TDR0194,BOOK_C,2025-06-23
TXN0005601137,APP008,2025-12-28,active,436792.72,USD,EMEA,CP0189,SWAP,TDR0009,BOOK_B,2025-12-02
TXN0005746859,APP009,2026-03-25,failed,855105.19,AUD,AMER,CP0137,FUTURE,TDR0113,BOOK_B,2025-12-04
TXN0005157465,APP002,2025-04-10,active,781925.84,CHF,AMER,CP0494,SWAP,TDR0024,BOOK_C,2025-11-23
TXN0007846246,APP015,2025-03-05,active,137455.92,GBP,AMER,CP0091,FUTURE,TDR0148,BOOK_C,2025-09-29
TXN0000152071,APP016,2026-03-27,active,142266.47,CHF,EMEA,CP0353,SWAP,TDR0090,BOOK_C,2025-07-27
TXN0007633295,APP020,2025-12-10,pending,6093.38,GBP,APAC,CP0366,BOND,TDR0157,BOOK_D,2025-09-16
TXN0008627273,APP014,2025-07-17,failed,107215.83,USD,APAC,CP0256,OPTION,TDR0164,BOOK_B,2025-08-31
TXN0007687334,APP009,2025-05-12,reversed,499086.39,EUR,APAC,CP0295,FX,TDR0121,BOOK_A,2026-03-02
TXN0009279420,APP014,2025-01-08,settled,496610.84,EUR,AMER,CP0122,OPTION,TDR0076,BOOK_A,2025-03-03
TXN0006114569,APP007,2025-07-16,pending,635577.79,CHF,EMEA,CP0481,BOND,TDR0169,BOOK_B,2026-02-10
TXN0008077759,APP002,2026-01-25,pending,401456.5,EUR,APAC,CP0021,FX,TDR0184,BOOK_A,2026-02-24
TXN0006804208,APP004,2026-04-14,active,255004.73,EUR,AMER,CP0373,FUTURE,TDR0160,BOOK_C,2025-03-25
TXN0002209556,APP004,2026-01-02,active,569172.85,CHF,AMER,CP0375,EQUITY,TDR0102,BOOK_D,2025-06-25
TXN0008534946,APP008,2025-07-05,settled,242712.87,GBP,EMEA,CP0111,SWAP,TDR0145,BOOK_A,2025-03-22
TXN0006834133,APP010,2026-04-13,reversed,227263.64,JPY,LATAM,CP0443,FX,TDR0181,BOOK_B,2025-11-10
TXN0006741686,APP016,2025-10-12,active,83615.46,AUD,AMER,CP0477,OPTION,TDR0130,BOOK_A,2025-07-20
TXN0000914833,APP010,2026-03-22,reversed,566090.21,JPY,LATAM,CP0361,FUTURE,TDR0165,BOOK_C,2026-03-05
TXN0007679654,APP012,2025-03-07,settled,951782.24,GBP,EMEA,CP0441,SWAP,TDR0084,BOOK_B,2026-03-13
TXN0003868832,APP011,2025-11-28,failed,914368.88,EUR,LATAM,CP0267,FX,TDR0051,BOOK_B,2025-01-25
TXN0000071237,APP020,2025-02-16,reversed,48358.0,GBP,LATAM,CP0097,OPTION,TDR0136,BOOK_C,2025-06-19
TXN0006344686,APP013,2025-09-25,active,801844.65,EUR,AMER,CP0377,EQUITY,TDR0050,BOOK_D,2025-11-19
TXN0008096067,APP017,2025-01-21,failed,832787.23,GBP,EMEA,CP0212,FX,TDR0100,BOOK_D,2025-09-01
TXN0000842045,APP006,2025-04-27,active,579515.69,GBP,APAC,CP0115,SWAP,TDR0083,BOOK_A,2026-02-02
TXN0009008662,APP004,2025-03-31,reversed,247648.73,AUD,LATAM,CP0176,OPTION,TDR0012,BOOK_B,2025-07-31
TXN0000648680,APP012,2026-03-30,active,762859.96,CHF,APAC,CP0069,EQUITY,TDR0164,BOOK_D,2026-03-04
TXN0002185238,APP003,2025-08-11,pending,86102.53,CHF,AMER,CP0396,FX,TDR0131,BOOK_B,2025-05-13
TXN0000401895,APP009,2025-05-08,reversed,938486.5,JPY,LATAM,CP0138,OPTION,TDR0108,BOOK_C,2025-01-05
TXN0006232373,APP010,2025-10-22,active,287569.23,EUR,AMER,CP0317,FX,TDR0123,BOOK_B,2025-03-07
TXN0005757120,APP001,2025-06-09,reversed,684777.13,CHF,AMER,CP0233,FX,TDR0068,BOOK_A,2025-10-04
TXN0001833100,APP006,2025-03-01,settled,198415.32,CHF,APAC,CP0145,OPTION,TDR0006,BOOK_C,2025-01-11
TXN0001844178,APP009,2025-08-24,failed,40720.2,AUD,EMEA,CP0221,BOND,TDR0002,BOOK_D,2025-12-20
TXN0009743342,APP016,2025-12-21,failed,875657.79,JPY,APAC,CP0053,OPTION,TDR0039,BOOK_A,2025-10-17
TXN0000415515,APP002,2025-02-10,failed,573759.0,USD,APAC,CP0066,EQUITY,TDR0146,BOOK_B,2025-07-15
TXN0006828107,APP010,2025-02-09,reversed,404740.55,JPY,LATAM,CP0430,BOND,TDR0040,BOOK_D,2025-12-02
TXN0005866958,APP010,2026-04-07,failed,17870.1,JPY,LATAM,CP0402,EQUITY,TDR0047,BOOK_D,2026-01-11
TXN0004036776,APP009,2025-06-07,reversed,363576.31,GBP,APAC,CP0131,BOND,TDR0048,BOOK_A,2025-01-30
TXN0007716287,APP008,2025-11-02,pending,429692.11,GBP,AMER,CP0203,FUTURE,TDR0003,BOOK_A,2025-07-19
TXN0009299801,APP009,2025-01-08,settled,349239.56,EUR,AMER,CP0468,FUTURE,TDR0043,BOOK_D,2025-01-14
TXN0000312416,APP003,2025-04-28,active,898338.32,AUD,EMEA,CP0025,OPTION,TDR0200,BOOK_A,2025-04-10
TXN0005670316,APP020,2025-02-12,pending,264453.28,JPY,EMEA,CP0229,OPTION,TDR0024,BOOK_A,2026-01-10
TXN0008812874,APP006,2025-09-01,settled,887483.17,JPY,AMER,CP0229,EQUITY,TDR0109,BOOK_B,2026-03-16
TXN0002384745,APP010,2025-06-17,failed,927906.32,JPY,EMEA,CP0192,SWAP,TDR0045,BOOK_B,2025-11-10
TXN0001856631,APP016,2025-04-22,reversed,450006.03,JPY,AMER,CP0383,BOND,TDR0058,BOOK_A,2025-01-02
TXN0001028839,APP013,2026-02-01,failed,253043.22,AUD,EMEA,CP0076,FX,TDR0038,BOOK_C,2025-09-12
TXN0008634114,APP018,2026-02-07,pending,550306.57,JPY,LATAM,CP0294,SWAP,TDR0155,BOOK_C,2025-07-29
TXN0009544291,APP016,2025-10-31,active,91044.99,USD,APAC,CP0051,OPTION,TDR0133,BOOK_D,2025-05-29
TXN0009639377,APP009,2025-11-05,reversed,89518.4,CHF,AMER,CP0374,FUTURE,TDR0162,BOOK_C,2025-11-28
TXN0000908416,APP012,2025-04-21,settled,877635.62,CHF,APAC,CP0173,EQUITY,TDR0004,BOOK_A,2025-01-31
TXN0002362186,APP012,2025-04-26,reversed,695613.91,USD,AMER,CP0211,FUTURE,TDR0050,BOOK_A,2025-10-20
TXN0002037438,APP004,2026-01-12,reversed,514695.36,USD,EMEA,CP0429,SWAP,TDR0049,BOOK_D,2025-09-10
TXN0003894227,APP009,2025-06-22,reversed,154448.51,GBP,AMER,CP0464,SWAP,TDR0078,BOOK_B,2026-03-05
TXN0009397311,APP004,2025-05-05,settled,179424.53,EUR,AMER,CP0166,EQUITY,TDR0015,BOOK_A,2025-10-26
TXN0000302064,APP009,2025-01-11,active,529757.67,USD,APAC,CP0252,OPTION,TDR0109,BOOK_C,2025-09-25
TXN0005294156,APP017,2025-10-07,failed,639877.75,CHF,LATAM,CP0312,SWAP,TDR0069,BOOK_D,2025-09-17
TXN0009091319,APP012,2025-06-15,active,57648.92,USD,APAC,CP0433,OPTION,TDR0167,BOOK_A,2026-02-23
TXN0006754185,APP013,2025-12-06,pending,591085.34,GBP,APAC,CP0436,EQUITY,TDR0016,BOOK_B,2025-10-20
TXN0003964518,APP015,2025-01-04,failed,80418.75,EUR,EMEA,CP0483,FX,TDR0117,BOOK_D,2025-04-01
TXN0006415936,APP016,2026-04-08,failed,489883.36,USD,EMEA,CP0232,FUTURE,TDR0157,BOOK_A,2025-11-20
TXN0004444671,APP004,2025-09-15,settled,208062.06,EUR,AMER,CP0227,SWAP,TDR0153,BOOK_C,2025-11-22
TXN0007017818,APP006,2025-10-20,pending,253743.4,USD,AMER,CP0478,FUTURE,TDR0184,BOOK_A,2026-01-09
TXN0009636148,APP015,2026-02-24,reversed,667867.07,CHF,LATAM,CP0386,SWAP,TDR0146,BOOK_B,2025-08-14
TXN0006607484,APP020,2026-04-02,settled,906892.42,AUD,LATAM,CP0172,EQUITY,TDR0072,BOOK_C,2025-07-04
TXN0004440207,APP017,2025-11-19,pending,453272.94,EUR,LATAM,CP0490,BOND,TDR0018,BOOK_A,2025-01-10
TXN0000019809,APP016,2025-07-03,pending,732207.63,AUD,APAC,CP0160,EQUITY,TDR0025,BOOK_D,2025-08-17
TXN0009962370,APP019,2025-06-13,settled,901303.59,GBP,EMEA,CP0264,EQUITY,TDR0163,BOOK_A,2025-08-28
TXN0006582768,APP018,2026-01-31,settled,563853.16,CHF,EMEA,CP0450,BOND,TDR0181,BOOK_D,2025-03-24
TXN0003490072,APP004,2025-10-31,settled,654407.72,EUR,EMEA,CP0157,BOND,TDR0051,BOOK_A,2025-09-28
TXN0001064761,APP002,2025-09-24,failed,595955.61,EUR,AMER,CP0054,FX,TDR0169,BOOK_B,2025-06-19
TXN0004515591,APP007,2026-04-01,failed,721938.7,GBP,APAC,CP0153,EQUITY,TDR0138,BOOK_B,2025-09-08
TXN0007304945,APP019,2025-06-27,pending,928519.52,GBP,AMER,CP0152,SWAP,TDR0015,BOOK_C,2025-08-27
TXN0003643004,APP009,2025-10-25,pending,149328.11,JPY,APAC,CP0352,OPTION,TDR0120,BOOK_B,2025-01-18
TXN0006686211,APP011,2025-06-09,failed,220177.96,JPY,LATAM,CP0222,EQUITY,TDR0114,BOOK_A,2025-12-19
TXN0002108306,APP006,2025-07-15,active,75452.68,GBP,AMER,CP0240,BOND,TDR0037,BOOK_A,2026-03-23
TXN0003359269,APP014,2025-01-20,reversed,755690.44,JPY,AMER,CP0244,SWAP,TDR0109,BOOK_B,2025-07-17
TXN0002419271,APP020,2025-08-11,settled,830253.51,JPY,APAC,CP0482,FX,TDR0051,BOOK_C,2025-10-17
TXN0007044851,APP020,2025-06-08,settled,979198.74,USD,LATAM,CP0369,FX,TDR0036,BOOK_C,2025-06-29
TXN0008750081,APP001,2025-11-17,reversed,342779.57,CHF,EMEA,CP0196,SWAP,TDR0184,BOOK_B,2025-07-12
TXN0003531415,APP019,2025-08-12,settled,252600.57,CHF,LATAM,CP0063,BOND,TDR0149,BOOK_A,2025-12-17
TXN0008461851,APP005,2026-03-22,active,270090.13,EUR,LATAM,CP0042,FX,TDR0088,BOOK_A,2025-07-08
TXN0006838741,APP019,2025-02-24,failed,433251.12,CHF,AMER,CP0380,FUTURE,TDR0112,BOOK_B,2026-04-07
TXN0006410749,APP018,2026-04-13,failed,492265.03,GBP,APAC,CP0307,BOND,TDR0127,BOOK_A,2026-03-08
TXN0009630395,APP010,2025-12-02,reversed,408383.66,JPY,EMEA,CP0289,BOND,TDR0138,BOOK_C,2025-09-07
TXN0009871149,APP009,2025-02-10,pending,536506.34,AUD,AMER,CP0137,FUTURE,TDR0175,BOOK_A,2025-11-10
TXN0006211278,APP014,2025-02-21,pending,726767.6,GBP,APAC,CP0020,OPTION,TDR0075,BOOK_C,2025-09-06
TXN0001711370,APP016,2026-04-12,reversed,751988.27,CHF,APAC,CP0474,EQUITY,TDR0180,BOOK_A,2025-09-07
TXN0000997381,APP018,2026-01-17,pending,780888.44,JPY,LATAM,CP0483,OPTION,TDR0168,BOOK_D,2025-01-19
TXN0004577489,APP017,2025-12-22,settled,15842.44,GBP,LATAM,CP0005,FUTURE,TDR0191,BOOK_A,2026-01-31
TXN0005278071,APP005,2025-04-30,active,623181.23,GBP,LATAM,CP0194,SWAP,TDR0069,BOOK_B,2025-06-30
TXN0005838194,APP005,2025-05-11,pending,276833.7,GBP,AMER,CP0301,OPTION,TDR0108,BOOK_C,2025-10-11
TXN0007525947,APP014,2025-07-18,active,209409.85,USD,AMER,CP0260,FX,TDR0082,BOOK_C,2025-01-06
TXN0008073996,APP005,2025-09-14,failed,474219.55,JPY,AMER,CP0410,FX,TDR0167,BOOK_B,2025-11-08
TXN0003551993,APP014,2025-11-11,active,822419.87,EUR,EMEA,CP0173,OPTION,TDR0184,BOOK_C,2025-09-01
TXN0008465575,APP016,2025-02-01,reversed,730406.08,GBP,AMER,CP0137,BOND,TDR0034,BOOK_A,2025-08-14
TXN0003074613,APP017,2025-01-23,active,692345.17,EUR,EMEA,CP0495,EQUITY,TDR0038,BOOK_C,2025-12-14
TXN0002760177,APP012,2025-10-09,reversed,924719.85,CHF,EMEA,CP0453,FX,TDR0031,BOOK_D,2025-03-09
TXN0009174944,APP005,2025-02-26,failed,151260.89,JPY,EMEA,CP0439,BOND,TDR0093,BOOK_B,2025-06-25
TXN0002430566,APP016,2025-04-19,failed,450055.75,USD,LATAM,CP0232,FX,TDR0003,BOOK_A,2026-03-25
TXN0002989425,APP011,2026-04-10,reversed,933619.5,AUD,EMEA,CP0171,FUTURE,TDR0080,BOOK_D,2025-09-15
TXN0002151262,APP020,2025-06-09,settled,52797.24,GBP,APAC,CP0277,SWAP,TDR0169,BOOK_B,2026-01-21
TXN0009848270,APP008,2025-02-24,reversed,689608.45,CHF,EMEA,CP0304,OPTION,TDR0192,BOOK_C,2025-09-01
TXN0000983708,APP010,2026-02-16,pending,677516.89,JPY,APAC,CP0419,SWAP,TDR0137,BOOK_D,2025-07-04
TXN0003258239,APP005,2026-01-17,failed,449013.72,AUD,LATAM,CP0119,SWAP,TDR0054,BOOK_A,2025-04-17
TXN0005172629,APP010,2025-03-27,reversed,362567.43,USD,AMER,CP0025,SWAP,TDR0017,BOOK_A,2025-08-03
TXN0009222738,APP013,2025-10-06,pending,388799.12,USD,LATAM,CP0272,BOND,TDR0114,BOOK_A,2025-07-21
TXN0000104655,APP020,2025-07-02,settled,887313.73,USD,LATAM,CP0328,OPTION,TDR0199,BOOK_D,2026-01-31
TXN0004510909,APP011,2025-09-24,failed,490338.38,JPY,EMEA,CP0022,BOND,TDR0058,BOOK_A,2026-01-24
TXN0005089113,APP005,2026-01-23,failed,489019.49,JPY,APAC,CP0177,FX,TDR0151,BOOK_C,2025-11-30
TXN0000177503,APP017,2026-01-24,reversed,721072.46,USD,APAC,CP0184,FX,TDR0133,BOOK_B,2025-09-18
TXN0002470565,APP016,2025-12-06,active,56979.51,JPY,APAC,CP0072,OPTION,TDR0138,BOOK_D,2025-01-20
TXN0008846904,APP007,2025-05-19,settled,899776.82,AUD,LATAM,CP0196,OPTION,TDR0068,BOOK_A,2025-08-26
TXN0001232526,APP003,2025-08-28,active,741371.43,USD,APAC,CP0395,FUTURE,TDR0140,BOOK_D,2025-01-19
TXN0003796403,APP010,2025-09-21,reversed,743313.84,USD,APAC,CP0368,FX,TDR0048,BOOK_B,2025-06-12
TXN0008894441,APP009,2026-03-14,failed,885686.95,GBP,APAC,CP0450,SWAP,TDR0163,BOOK_D,2026-02-25
TXN0002009427,APP017,2025-07-02,active,683990.81,JPY,LATAM,CP0455,FX,TDR0095,BOOK_D,2026-02-01
TXN0004332428,APP020,2025-10-18,active,563521.98,EUR,APAC,CP0165,FUTURE,TDR0010,BOOK_D,2026-03-25
TXN0007233874,APP010,2025-06-18,reversed,613738.16,USD,LATAM,CP0049,FX,TDR0080,BOOK_C,2025-05-22
TXN0000313792,APP008,2025-10-05,failed,852818.1,GBP,AMER,CP0160,EQUITY,TDR0021,BOOK_C,2025-04-29
TXN0006458013,APP011,2025-05-08,pending,851212.49,AUD,APAC,CP0422,OPTION,TDR0011,BOOK_B,2026-03-18
TXN0004507718,APP003,2026-01-10,failed,622216.92,GBP,LATAM,CP0046,BOND,TDR0103,BOOK_A,2025-03-24
TXN0008149565,APP006,2025-04-26,settled,814596.89,EUR,AMER,CP0404,FX,TDR0120,BOOK_B,2025-07-15
TXN0003102593,APP014,2026-01-16,active,379315.8,EUR,APAC,CP0492,OPTION,TDR0017,BOOK_D,2025-02-17
TXN0000806555,APP015,2025-09-20,pending,448597.96,CHF,APAC,CP0353,OPTION,TDR0088,BOOK_A,2025-11-14
TXN0007708673,APP014,2025-05-30,failed,235.78,USD,LATAM,CP0472,FUTURE,TDR0103,BOOK_B,2026-02-04
TXN0005688610,APP009,2025-08-05,settled,98742.85,USD,LATAM,CP0117,FUTURE,TDR0123,BOOK_D,2026-03-23
TXN0007978735,APP013,2025-07-24,failed,364252.2,AUD,APAC,CP0405,FX,TDR0079,BOOK_C,2026-02-27
TXN0003849664,APP012,2025-12-31,reversed,43926.34,USD,LATAM,CP0250,FUTURE,TDR0048,BOOK_D,2025-01-24
TXN0009170594,APP019,2026-02-08,pending,151107.16,CHF,EMEA,CP0003,EQUITY,TDR0059,BOOK_A,2025-08-17
TXN0007748601,APP005,2025-07-24,pending,629572.6,GBP,EMEA,CP0216,OPTION,TDR0158,BOOK_D,2026-01-30
TXN0008653565,APP003,2026-01-25,pending,277.09,JPY,LATAM,CP0295,OPTION,TDR0100,BOOK_D,2025-11-24
TXN0005311604,APP007,2025-11-25,settled,886566.64,JPY,LATAM,CP0414,FUTURE,TDR0057,BOOK_C,2025-06-24
TXN0009279543,APP017,2025-01-16,pending,377892.2,GBP,APAC,CP0154,EQUITY,TDR0134,BOOK_D,2025-06-15
TXN0004843655,APP012,2026-03-31,active,554782.77,AUD,APAC,CP0327,SWAP,TDR0033,BOOK_C,2025-02-14
TXN0001374090,APP018,2025-02-23,active,577484.78,GBP,AMER,CP0273,BOND,TDR0117,BOOK_B,2025-03-09
TXN0000371060,APP001,2025-03-06,reversed,211198.43,JPY,APAC,CP0224,FX,TDR0111,BOOK_D,2025-07-12
TXN0009206288,APP020,2025-01-18,settled,741793.78,USD,LATAM,CP0189,FUTURE,TDR0028,BOOK_B,2026-03-16
TXN0001173168,APP001,2025-09-20,pending,379407.3,AUD,LATAM,CP0401,SWAP,TDR0103,BOOK_A,2025-10-05
TXN0005520673,APP014,2026-04-05,pending,41832.67,EUR,EMEA,CP0404,OPTION,TDR0115,BOOK_B,2025-05-29
TXN0004148644,APP020,2025-06-12,pending,615263.47,GBP,AMER,CP0169,BOND,TDR0125,BOOK_A,2025-10-12
TXN0004411643,APP002,2026-01-24,pending,369947.48,AUD,APAC,CP0359,FUTURE,TDR0181,BOOK_B,2025-12-07
TXN0001036622,APP006,2025-09-04,active,137567.33,AUD,APAC,CP0040,EQUITY,TDR0144,BOOK_C,2025-05-15
TXN0008406361,APP004,2025-11-21,pending,473141.74,JPY,EMEA,CP0113,FX,TDR0162,BOOK_C,2025-01-09
TXN0001396487,APP013,2025-07-31,settled,52401.7,GBP,APAC,CP0409,FX,TDR0155,BOOK_D,2025-03-01
TXN0001259873,APP011,2025-11-13,reversed,548927.17,USD,APAC,CP0004,OPTION,TDR0160,BOOK_D,2025-07-17
TXN0001856382,APP005,2025-11-28,pending,314352.12,EUR,AMER,CP0124,BOND,TDR0002,BOOK_A,2025-05-05
TXN0001585526,APP016,2026-02-21,failed,623640.78,JPY,APAC,CP0254,BOND,TDR0176,BOOK_D,2025-09-25
TXN0003318639,APP010,2025-06-19,pending,409457.46,JPY,LATAM,CP0240,OPTION,TDR0199,BOOK_D,2026-02-04
TXN0006228923,APP014,2026-01-24,active,278979.12,CHF,EMEA,CP0407,FUTURE,TDR0166,BOOK_D,2026-04-05
TXN0004617485,APP018,2025-02-22,reversed,448724.14,AUD,EMEA,CP0049,BOND,TDR0151,BOOK_D,2025-08-02
TXN0004338619,APP020,2026-02-25,reversed,419513.21,GBP,APAC,CP0441,SWAP,TDR0168,BOOK_B,2025-05-23
TXN0003618956,APP018,2025-05-20,settled,549277.26,CHF,LATAM,CP0477,OPTION,TDR0005,BOOK_D,2025-12-03
TXN0006086358,APP014,2025-09-23,settled,738631.49,GBP,APAC,CP0339,BOND,TDR0041,BOOK_C,2025-07-27
TXN0004961970,APP009,2025-05-04,reversed,180613.65,CHF,EMEA,CP0376,FUTURE,TDR0096,BOOK_A,2026-01-03
TXN0005356203,APP012,2025-10-21,failed,815865.06,AUD,EMEA,CP0089,FX,TDR0158,BOOK_D,2026-01-15
TXN0003174725,APP020,2025-01-11,settled,738657.53,EUR,EMEA,CP0218,EQUITY,TDR0154,BOOK_A,2026-01-14
TXN0005202494,APP016,2025-02-03,active,953431.06,GBP,APAC,CP0423,EQUITY,TDR0044,BOOK_D,2025-12-04
TXN0005951881,APP004,2025-06-21,active,688480.92,USD,EMEA,CP0246,FX,TDR0122,BOOK_A,2025-06-22
TXN0003456959,APP002,2025-08-11,settled,990934.85,AUD,AMER,CP0262,EQUITY,TDR0004,BOOK_B,2025-04-23
TXN0003745169,APP004,2025-02-15,active,998312.44,EUR,EMEA,CP0434,SWAP,TDR0031,BOOK_B,2025-07-20
TXN0003465984,APP017,2025-10-16,pending,764190.64,JPY,LATAM,CP0214,FX,TDR0186,BOOK_B,2025-04-08
TXN0005244704,APP011,2025-04-24,settled,717478.59,AUD,APAC,CP0307,FUTURE,TDR0022,BOOK_C,2026-03-10
TXN0002646162,APP014,2025-05-25,pending,41706.41,CHF,APAC,CP0038,SWAP,TDR0003,BOOK_C,2026-01-25
TXN0003224885,APP011,2025-10-28,active,577689.6,GBP,APAC,CP0006,FX,TDR0063,BOOK_A,2025-01-15
TXN0000699773,APP020,2025-04-21,active,303590.49,EUR,APAC,CP0333,FX,TDR0061,BOOK_A,2025-10-09
TXN0006985467,APP012,2025-09-14,failed,320133.17,USD,EMEA,CP0255,FX,TDR0141,BOOK_B,2025-09-04
TXN0007841361,APP018,2025-05-04,reversed,30675.18,USD,APAC,CP0200,FUTURE,TDR0015,BOOK_C,2026-01-09
TXN0009367056,APP020,2025-08-08,reversed,930220.53,EUR,APAC,CP0434,SWAP,TDR0084,BOOK_C,2025-11-21
TXN0008709902,APP011,2025-11-20,pending,592056.01,USD,APAC,CP0389,SWAP,TDR0194,BOOK_B,2025-08-06
TXN0007927677,APP014,2026-01-14,pending,812866.74,EUR,APAC,CP0475,EQUITY,TDR0193,BOOK_C,2026-03-28
TXN0000237106,APP005,2025-03-25,pending,446003.92,GBP,LATAM,CP0155,BOND,TDR0125,BOOK_B,2025-07-26
TXN0008230237,APP010,2025-02-18,settled,175531.4,CHF,LATAM,CP0279,SWAP,TDR0032,BOOK_D,2025-07-08
TXN0000112813,APP011,2025-08-02,pending,893425.38,USD,LATAM,CP0492,BOND,TDR0040,BOOK_D,2026-02-24
TXN0001655929,APP014,2025-10-04,failed,216245.31,USD,LATAM,CP0199,FUTURE,TDR0053,BOOK_B,2026-02-20
TXN0000625133,APP012,2025-11-17,active,721274.62,USD,EMEA,CP0426,BOND,TDR0023,BOOK_B,2025-08-31
TXN0008217711,APP019,2025-01-29,settled,146853.22,EUR,LATAM,CP0331,SWAP,TDR0115,BOOK_D,2025-09-24
TXN0007030889,APP012,2026-02-13,reversed,500386.03,CHF,LATAM,CP0216,FX,TDR0186,BOOK_D,2025-09-20
TXN0005699651,APP016,2025-06-06,reversed,696823.36,AUD,AMER,CP0206,FX,TDR0053,BOOK_D,2025-11-28
TXN0005157011,APP001,2025-09-22,active,638496.61,AUD,EMEA,CP0268,FUTURE,TDR0141,BOOK_A,2026-03-11
TXN0005641676,APP016,2025-03-13,reversed,195111.64,USD,EMEA,CP0075,FUTURE,TDR0139,BOOK_D,2025-06-05
TXN0001183199,APP015,2026-03-29,settled,806151.14,GBP,AMER,CP0485,SWAP,TDR0184,BOOK_B,2025-12-26
TXN0000980225,APP015,2025-09-16,active,877276.17,USD,AMER,CP0151,OPTION,TDR0103,BOOK_A,2025-04-21
TXN0001020800,APP010,2026-01-07,active,87699.83,JPY,LATAM,CP0336,EQUITY,TDR0133,BOOK_C,2025-05-25
TXN0001106187,APP002,2025-06-28,settled,163009.18,USD,EMEA,CP0139,BOND,TDR0087,BOOK_A,2025-10-13
TXN0007977083,APP002,2025-02-08,reversed,850375.01,EUR,LATAM,CP0480,SWAP,TDR0010,BOOK_D,2025-05-26
TXN0004966792,APP005,2025-10-11,active,310806.3,GBP,EMEA,CP0291,FUTURE,TDR0035,BOOK_C,2025-12-01
TXN0009068329,APP017,2025-04-10,settled,661745.2,GBP,EMEA,CP0079,FX,TDR0100,BOOK_D,2025-03-10
TXN0004012928,APP001,2025-11-04,pending,775311.07,JPY,LATAM,CP0255,BOND,TDR0163,BOOK_B,2025-02-05
TXN0000815841,APP019,2025-12-28,failed,334511.2,EUR,EMEA,CP0091,FX,TDR0149,BOOK_B,2025-09-08
TXN0006877189,APP002,2025-11-03,reversed,255996.81,EUR,APAC,CP0325,OPTION,TDR0057,BOOK_D,2025-01-07
TXN0008814729,APP019,2025-05-29,settled,345461.13,GBP,AMER,CP0278,EQUITY,TDR0052,BOOK_A,2025-01-29
TXN0002749978,APP003,2026-02-25,settled,869486.83,CHF,LATAM,CP0430,OPTION,TDR0133,BOOK_C,2025-12-06
TXN0002235949,APP009,2026-04-09,active,61084.67,AUD,LATAM,CP0092,FX,TDR0195,BOOK_A,2025-03-03
TXN0001485467,APP004,2026-02-22,reversed,886593.72,EUR,AMER,CP0444,FX,TDR0162,BOOK_D,2025-12-16
TXN0001534367,APP016,2025-10-05,settled,561277.59,JPY,LATAM,CP0187,EQUITY,TDR0142,BOOK_D,2025-04-22
TXN0007328803,APP002,2025-10-17,reversed,779038.7,EUR,APAC,CP0271,BOND,TDR0119,BOOK_C,2025-06-25
TXN0004768687,APP018,2025-02-20,failed,854962.77,CHF,APAC,CP0022,FX,TDR0153,BOOK_A,2025-08-13
TXN0008902411,APP003,2025-11-23,settled,549780.72,CHF,APAC,CP0043,FUTURE,TDR0177,BOOK_B,2025-11-22
TXN0007224898,APP015,2025-01-29,active,675923.85,USD,APAC,CP0230,FUTURE,TDR0014,BOOK_B,2025-04-17
TXN0002956643,APP010,2025-06-16,reversed,22190.19,CHF,EMEA,CP0233,FX,TDR0191,BOOK_C,2025-09-26
TXN0008471874,APP002,2025-01-27,active,656256.51,GBP,EMEA,CP0199,OPTION,TDR0175,BOOK_B,2025-02-21
TXN0004795139,APP001,2026-02-26,active,22444.54,JPY,AMER,CP0062,OPTION,TDR0047,BOOK_C,2025-06-22
TXN0001979367,APP005,2025-06-07,failed,573566.92,USD,LATAM,CP0402,BOND,TDR0116,BOOK_B,2025-06-01
TXN0007084733,APP002,2025-03-02,failed,21937.39,JPY,AMER,CP0022,FUTURE,TDR0162,BOOK_A,2026-03-01
TXN0000655594,APP009,2025-03-22,settled,907128.68,CHF,APAC,CP0300,SWAP,TDR0056,BOOK_C,2025-08-31
TXN0004759584,APP017,2025-12-07,reversed,998494.21,USD,EMEA,CP0409,FUTURE,TDR0010,BOOK_A,2025-12-26
TXN0003030640,APP002,2025-04-21,settled,73345.83,GBP,APAC,CP0278,EQUITY,TDR0123,BOOK_D,2026-04-09
TXN0001518105,APP020,2025-07-18,failed,648868.88,JPY,AMER,CP0328,FUTURE,TDR0195,BOOK_C,2025-06-21
TXN0006097587,APP017,2026-01-23,pending,128790.78,USD,LATAM,CP0406,FUTURE,TDR0115,BOOK_A,2025-02-27
TXN0009085021,APP018,2025-03-18,settled,396770.62,USD,APAC,CP0086,OPTION,TDR0117,BOOK_B,2025-03-02
TXN0006174895,APP015,2025-02-20,active,975797.19,EUR,LATAM,CP0344,FUTURE,TDR0069,BOOK_B,2025-06-19
TXN0003031518,APP015,2025-03-12,pending,22005.03,EUR,AMER,CP0214,FUTURE,TDR0124,BOOK_B,2025-11-09
TXN0009148545,APP013,2025-06-21,pending,333203.32,GBP,APAC,CP0313,BOND,TDR0181,BOOK_B,2025-12-20
TXN0000828728,APP008,2025-12-11,settled,770844.95,USD,LATAM,CP0362,FX,TDR0132,BOOK_C,2026-04-01
TXN0009267298,APP014,2025-08-07,pending,119902.38,USD,LATAM,CP0442,FUTURE,TDR0139,BOOK_B,2025-10-14
TXN0001873114,APP015,2026-02-09,failed,639625.38,JPY,AMER,CP0206,FX,TDR0144,BOOK_A,2025-02-07
TXN0006923011,APP011,2025-06-25,settled,686200.04,USD,EMEA,CP0235,FUTURE,TDR0098,BOOK_D,2025-09-20
TXN0004178276,APP009,2025-03-29,reversed,887407.28,EUR,EMEA,CP0028,FX,TDR0021,BOOK_D,2025-07-18
TXN0004297062,APP001,2026-03-25,active,726902.73,GBP,APAC,CP0301,FUTURE,TDR0058,BOOK_C,2025-06-23
TXN0002068749,APP015,2026-03-17,active,452505.05,EUR,AMER,CP0449,SWAP,TDR0168,BOOK_D,2025-01-21
TXN0008302071,APP017,2025-07-14,settled,607000.97,EUR,APAC,CP0314,FX,TDR0169,BOOK_C,2025-10-26
TXN0006229076,APP001,2025-07-21,failed,655849.11,JPY,APAC,CP0334,SWAP,TDR0101,BOOK_A,2025-01-25
TXN0002409379,APP018,2025-12-02,reversed,875320.73,AUD,LATAM,CP0411,FUTURE,TDR0141,BOOK_A,2025-09-11
TXN0006616256,APP010,2025-10-04,reversed,698538.04,CHF,APAC,CP0302,EQUITY,TDR0166,BOOK_A,2025-09-06
TXN0006657658,APP019,2025-01-01,active,107979.22,JPY,EMEA,CP0453,SWAP,TDR0179,BOOK_A,2025-08-08
TXN0007488392,APP006,2025-06-19,active,945453.67,AUD,EMEA,CP0468,SWAP,TDR0023,BOOK_C,2025-09-29
TXN0005231339,APP001,2026-04-06,reversed,785755.76,CHF,AMER,CP0136,FX,TDR0195,BOOK_B,2025-04-14
TXN0008732579,APP013,2025-07-05,pending,67580.09,EUR,LATAM,CP0222,EQUITY,TDR0077,BOOK_A,2025-11-04
TXN0005209216,APP016,2025-10-12,failed,827553.64,EUR,APAC,CP0461,FX,TDR0002,BOOK_A,2025-03-17
TXN0009078587,APP005,2026-03-25,settled,79770.28,USD,EMEA,CP0055,FUTURE,TDR0176,BOOK_A,2026-01-12
TXN0006595798,APP020,2025-02-24,reversed,70486.51,AUD,AMER,CP0141,EQUITY,TDR0022,BOOK_A,2025-01-01
TXN0006681476,APP019,2025-03-21,reversed,376081.91,JPY,AMER,CP0193,FX,TDR0050,BOOK_D,2026-01-02
TXN0007686259,APP015,2026-03-06,pending,84514.96,USD,EMEA,CP0120,FX,TDR0168,BOOK_D,2026-04-04
TXN0008980367,APP006,2026-01-09,pending,297527.3,EUR,EMEA,CP0010,SWAP,TDR0096,BOOK_A,2026-02-17
TXN0009009389,APP013,2025-05-23,pending,386246.01,AUD,APAC,CP0365,FX,TDR0073,BOOK_A,2026-04-02
TXN0001702166,APP008,2025-04-21,reversed,827159.05,AUD,LATAM,CP0490,SWAP,TDR0176,BOOK_A,2025-08-19
TXN0004562340,APP003,2025-02-05,pending,299665.06,CHF,APAC,CP0164,OPTION,TDR0129,BOOK_D,2025-06-26
TXN0006154641,APP005,2026-01-16,active,388068.68,JPY,APAC,CP0161,OPTION,TDR0177,BOOK_A,2025-10-11
TXN0005827912,APP001,2026-04-09,settled,355837.69,CHF,APAC,CP0285,SWAP,TDR0125,BOOK_A,2025-05-16
TXN0007522827,APP013,2025-05-21,active,586093.15,USD,AMER,CP0032,FUTURE,TDR0086,BOOK_C,2025-06-29
TXN0000023584,APP013,2026-01-19,pending,88506.98,AUD,AMER,CP0359,FX,TDR0028,BOOK_B,2025-11-25
TXN0003450403,APP019,2025-04-15,failed,168967.58,AUD,AMER,CP0323,EQUITY,TDR0062,BOOK_D,2026-01-15
TXN0006545337,APP016,2025-07-13,active,640907.99,GBP,APAC,CP0451,BOND,TDR0082,BOOK_B,2025-02-08
TXN0002766642,APP019,2025-01-05,settled,525138.81,GBP,AMER,CP0262,SWAP,TDR0151,BOOK_D,2025-04-12
TXN0003095222,APP007,2026-01-01,pending,601051.45,USD,LATAM,CP0347,BOND,TDR0165,BOOK_A,2026-02-22
TXN0001415195,APP005,2025-05-02,pending,8370.96,JPY,APAC,CP0410,BOND,TDR0043,BOOK_C,2025-05-22
TXN0006827896,APP008,2025-12-13,failed,243885.15,JPY,APAC,CP0244,FX,TDR0025,BOOK_A,2025-02-08
TXN0003214804,APP001,2025-03-13,settled,727570.88,EUR,APAC,CP0416,SWAP,TDR0115,BOOK_A,2025-07-04
TXN0005557518,APP016,2026-03-16,active,846450.91,GBP,APAC,CP0298,BOND,TDR0016,BOOK_B,2025-09-25
TXN0004233555,APP013,2025-09-06,active,963314.55,EUR,EMEA,CP0403,OPTION,TDR0108,BOOK_D,2026-02-14
TXN0000177554,APP003,2025-07-24,active,838246.82,CHF,AMER,CP0333,BOND,TDR0092,BOOK_C,2025-02-01
TXN0008633154,APP015,2025-11-28,reversed,617332.17,USD,LATAM,CP0249,FUTURE,TDR0021,BOOK_C,2025-10-05
TXN0006482629,APP008,2025-08-27,pending,589781.22,GBP,APAC,CP0216,FUTURE,TDR0162,BOOK_B,2025-06-30
TXN0008468906,APP014,2026-03-25,reversed,341866.15,AUD,LATAM,CP0258,EQUITY,TDR0059,BOOK_A,2025-08-09
TXN0002264779,APP017,2025-02-25,reversed,35817.69,EUR,AMER,CP0433,EQUITY,TDR0066,BOOK_A,2026-02-23
TXN0001383975,APP001,2025-05-31,failed,727290.08,AUD,AMER,CP0374,BOND,TDR0090,BOOK_A,2025-02-24
TXN0007888754,APP007,2025-04-26,failed,44884.66,CHF,LATAM,CP0301,SWAP,TDR0051,BOOK_A,2025-11-23
TXN0004773786,APP002,2026-04-14,failed,14252.68,CHF,EMEA,CP0272,FX,TDR0090,BOOK_C,2026-04-07
TXN0007779697,APP016,2025-03-18,settled,304583.18,CHF,EMEA,CP0039,SWAP,TDR0009,BOOK_A,2025-04-29
TXN0003526864,APP011,2025-07-10,failed,78091.76,CHF,AMER,CP0330,FX,TDR0027,BOOK_D,2026-01-02
TXN0009751708,APP014,2025-04-27,settled,591171.94,GBP,AMER,CP0205,FUTURE,TDR0082,BOOK_B,2025-10-30
TXN0006563759,APP009,2025-06-15,failed,512087.32,CHF,APAC,CP0281,BOND,TDR0161,BOOK_D,2025-01-15
TXN0002152181,APP012,2025-01-21,settled,234622.41,EUR,AMER,CP0289,SWAP,TDR0007,BOOK_C,2026-02-19
TXN0006061907,APP008,2026-04-13,reversed,190781.06,GBP,APAC,CP0164,EQUITY,TDR0111,BOOK_A,2025-05-16
TXN0002184809,APP014,2025-10-19,settled,705932.02,GBP,AMER,CP0241,FUTURE,TDR0174,BOOK_A,2025-07-14
TXN0008920838,APP011,2025-09-13,pending,685078.97,EUR,EMEA,CP0045,OPTION,TDR0006,BOOK_B,2025-09-12
TXN0000811720,APP019,2025-11-04,active,722736.71,JPY,APAC,CP0238,BOND,TDR0019,BOOK_A,2026-02-02
TXN0006573018,APP007,2025-02-20,pending,476843.75,GBP,APAC,CP0489,FX,TDR0164,BOOK_C,2025-03-18
TXN0009835335,APP018,2025-09-02,reversed,911281.84,USD,EMEA,CP0007,BOND,TDR0011,BOOK_A,2025-07-21
TXN0001863601,APP015,2025-11-30,pending,982244.28,CHF,EMEA,CP0421,BOND,TDR0174,BOOK_D,2026-01-18
TXN0005963380,APP012,2025-09-12,active,515383.18,EUR,EMEA,CP0154,FX,TDR0151,BOOK_A,2026-02-17
TXN0002588996,APP001,2025-07-28,settled,860415.72,GBP,AMER,CP0154,FX,TDR0100,BOOK_D,2025-11-21
TXN0003089915,APP013,2025-02-22,active,605020.29,GBP,EMEA,CP0385,FUTURE,TDR0162,BOOK_A,2025-08-05
TXN0005467041,APP018,2025-04-27,settled,288061.88,CHF,LATAM,CP0306,EQUITY,TDR0042,BOOK_D,2025-07-02
TXN0002746902,APP003,2026-03-02,active,95832.93,AUD,EMEA,CP0097,SWAP,TDR0055,BOOK_C,2025-10-06
TXN0007885332,APP011,2025-06-11,pending,47570.2,JPY,LATAM,CP0210,FUTURE,TDR0062,BOOK_A,2025-09-10
TXN0003218886,APP018,2025-09-27,active,904686.27,EUR,EMEA,CP0438,OPTION,TDR0067,BOOK_A,2026-03-18
TXN0007549568,APP006,2025-04-06,pending,832316.82,GBP,APAC,CP0082,BOND,TDR0176,BOOK_D,2026-03-19
TXN0007303934,APP008,2025-12-11,active,175955.5,USD,LATAM,CP0136,EQUITY,TDR0177,BOOK_C,2025-03-28
TXN0001346236,APP008,2025-05-16,settled,832943.43,AUD,AMER,CP0247,OPTION,TDR0053,BOOK_A,2025-09-15
TXN0008143339,APP016,2025-06-17,reversed,276746.18,JPY,AMER,CP0270,BOND,TDR0052,BOOK_C,2025-12-24
TXN0000646078,APP013,2026-02-15,active,888901.41,USD,LATAM,CP0359,EQUITY,TDR0113,BOOK_B,2026-01-07
TXN0004309521,APP004,2025-06-05,active,920134.04,JPY,APAC,CP0225,SWAP,TDR0152,BOOK_C,2025-08-14
TXN0006846384,APP016,2025-09-06,reversed,657200.23,GBP,APAC,CP0008,BOND,TDR0100,BOOK_C,2026-01-07
TXN0008784316,APP020,2025-04-09,failed,130203.99,AUD,EMEA,CP0216,SWAP,TDR0045,BOOK_A,2025-03-08
TXN0001275060,APP014,2025-01-24,active,422979.5,USD,LATAM,CP0093,OPTION,TDR0197,BOOK_C,2025-03-06
TXN0000792626,APP011,2025-10-13,pending,729467.93,EUR,EMEA,CP0022,BOND,TDR0079,BOOK_B,2026-01-23
TXN0009339737,APP006,2025-12-01,pending,398524.9,CHF,LATAM,CP0145,EQUITY,TDR0180,BOOK_C,2025-02-03
TXN0000799020,APP006,2025-07-22,active,506108.81,AUD,LATAM,CP0323,OPTION,TDR0110,BOOK_C,2025-07-07
TXN0005781781,APP014,2025-09-29,pending,813954.29,EUR,APAC,CP0334,BOND,TDR0062,BOOK_A,2025-09-26
TXN0006880014,APP010,2025-08-08,active,237151.74,AUD,AMER,CP0448,BOND,TDR0104,BOOK_A,2025-04-14
TXN0008202376,APP013,2025-11-15,reversed,133623.18,CHF,EMEA,CP0492,SWAP,TDR0105,BOOK_A,2026-04-04
TXN0009978293,APP010,2025-12-26,failed,588458.02,EUR,APAC,CP0480,BOND,TDR0135,BOOK_D,2025-08-10
TXN0009712211,APP006,2025-04-03,settled,275706.49,EUR,EMEA,CP0167,OPTION,TDR0038,BOOK_A,2025-10-17
TXN0007783584,APP016,2025-07-25,active,941873.92,EUR,EMEA,CP0049,BOND,TDR0039,BOOK_C,2026-03-02
TXN0001022302,APP008,2025-01-19,failed,135305.81,GBP,APAC,CP0368,FUTURE,TDR0085,BOOK_C,2025-09-04
TXN0007269018,APP007,2026-04-04,pending,33504.36,EUR,APAC,CP0068,BOND,TDR0133,BOOK_A,2025-10-25
TXN0002015515,APP013,2025-10-04,active,799264.24,USD,AMER,CP0370,FUTURE,TDR0017,BOOK_A,2025-06-05
TXN0008144508,APP019,2026-01-22,pending,496556.54,AUD,APAC,CP0071,BOND,TDR0027,BOOK_C,2025-06-15
TXN0007011388,APP017,2025-04-24,reversed,885722.37,CHF,EMEA,CP0255,FUTURE,TDR0184,BOOK_B,2025-02-02
TXN0002592115,APP016,2025-10-15,active,610322.59,USD,AMER,CP0287,BOND,TDR0111,BOOK_B,2025-01-03
TXN0003055583,APP014,2026-01-18,settled,564329.1,AUD,AMER,CP0313,SWAP,TDR0158,BOOK_A,2025-02-04
TXN0008605181,APP014,2025-09-11,pending,709186.39,AUD,LATAM,CP0343,OPTION,TDR0017,BOOK_B,2025-10-23
TXN0001040215,APP006,2026-02-11,failed,667677.91,USD,APAC,CP0282,FX,TDR0189,BOOK_D,2025-08-02
TXN0008961947,APP007,2025-06-29,active,91454.27,USD,LATAM,CP0185,FX,TDR0040,BOOK_D,2025-03-22
TXN0002629045,APP001,2025-04-03,reversed,950313.91,JPY,AMER,CP0247,OPTION,TDR0060,BOOK_A,2025-02-20
TXN0000714403,APP002,2026-01-17,settled,302577.06,CHF,LATAM,CP0229,FUTURE,TDR0132,BOOK_A,2025-12-15
TXN0001348096,APP006,2025-12-05,settled,869699.5,CHF,LATAM,CP0030,BOND,TDR0063,BOOK_A,2025-07-01
TXN0004733693,APP012,2025-10-21,active,11397.37,USD,LATAM,CP0230,FUTURE,TDR0004,BOOK_D,2025-04-10
TXN0000747668,APP010,2025-04-11,pending,579970.12,CHF,LATAM,CP0424,FUTURE,TDR0036,BOOK_B,2025-04-15
TXN0006575660,APP019,2025-04-05,reversed,992696.31,JPY,LATAM,CP0277,FUTURE,TDR0061,BOOK_A,2025-05-28
TXN0003930427,APP003,2026-02-06,pending,915079.05,AUD,EMEA,CP0190,FX,TDR0179,BOOK_B,2025-12-24
TXN0007742900,APP008,2025-08-31,failed,769010.12,CHF,EMEA,CP0082,BOND,TDR0101,BOOK_C,2025-01-03
TXN0002204517,APP011,2025-03-31,failed,869258.41,USD,EMEA,CP0311,SWAP,TDR0161,BOOK_A,2025-04-18
TXN0000189117,APP002,2025-04-20,failed,39083.36,GBP,LATAM,CP0349,FX,TDR0153,BOOK_D,2025-01-07
TXN0002469708,APP013,2025-03-30,failed,793890.56,AUD,AMER,CP0481,FX,TDR0053,BOOK_B,2026-03-26
TXN0001044484,APP002,2025-03-05,pending,287076.22,GBP,AMER,CP0441,FUTURE,TDR0147,BOOK_B,2025-11-01
TXN0005047375,APP001,2026-03-26,active,101331.67,GBP,APAC,CP0141,FUTURE,TDR0064,BOOK_A,2026-04-14
TXN0002406380,APP011,2025-05-07,settled,915542.71,GBP,EMEA,CP0070,BOND,TDR0090,BOOK_A,2025-08-04
TXN0007231363,APP002,2025-05-02,failed,231569.9,GBP,LATAM,CP0212,FX,TDR0114,BOOK_A,2025-03-03
TXN0005401655,APP016,2025-10-09,pending,373695.7,EUR,APAC,CP0475,EQUITY,TDR0105,BOOK_C,2025-04-29
TXN0008284737,APP010,2025-11-26,pending,938221.46,USD,AMER,CP0106,BOND,TDR0117,BOOK_C,2025-09-10
TXN0003295326,APP002,2025-11-14,pending,984941.55,GBP,LATAM,CP0253,SWAP,TDR0120,BOOK_B,2025-09-10
TXN0003886086,APP015,2025-04-05,failed,929630.14,JPY,APAC,CP0174,FX,TDR0090,BOOK_D,2025-07-05
TXN0009233983,APP016,2025-10-21,pending,350084.67,GBP,APAC,CP0278,OPTION,TDR0061,BOOK_B,2025-04-08
TXN0004826033,APP019,2025-02-13,reversed,805768.55,CHF,AMER,CP0377,FX,TDR0046,BOOK_A,2026-01-22
TXN0009388830,APP003,2025-08-01,failed,11109.23,AUD,EMEA,CP0160,EQUITY,TDR0003,BOOK_C,2025-03-04
TXN0008918532,APP016,2025-10-12,settled,961490.29,EUR,APAC,CP0024,SWAP,TDR0105,BOOK_A,2025-04-15
TXN0004076343,APP010,2025-04-07,failed,773413.39,JPY,LATAM,CP0337,FUTURE,TDR0043,BOOK_D,2025-08-29
TXN0000397878,APP011,2025-10-02,reversed,351409.95,AUD,EMEA,CP0376,BOND,TDR0197,BOOK_C,2025-04-14
TXN0000759712,APP005,2026-03-13,active,736498.61,USD,APAC,CP0187,EQUITY,TDR0060,BOOK_C,2025-01-02
TXN0009226095,APP001,2025-03-21,pending,738976.39,AUD,EMEA,CP0467,FUTURE,TDR0042,BOOK_C,2026-01-05
TXN0002638583,APP018,2025-09-22,settled,347774.66,EUR,AMER,CP0059,EQUITY,TDR0016,BOOK_A,2025-10-17
TXN0003793030,APP017,2025-06-18,settled,498549.1,JPY,AMER,CP0124,OPTION,TDR0161,BOOK_A,2025-05-05
TXN0002960579,APP014,2025-06-08,failed,669048.86,CHF,EMEA,CP0011,FUTURE,TDR0119,BOOK_B,2025-07-18
TXN0000191849,APP020,2025-09-29,settled,474295.56,CHF,APAC,CP0335,FUTURE,TDR0195,BOOK_B,2025-11-07
TXN0005914444,APP020,2025-02-03,pending,643956.51,AUD,LATAM,CP0126,OPTION,TDR0171,BOOK_B,2025-08-23
TXN0003970810,APP017,2025-01-19,failed,746984.74,AUD,AMER,CP0439,FUTURE,TDR0184,BOOK_A,2025-03-11
TXN0006568487,APP005,2026-03-12,settled,387891.29,AUD,EMEA,CP0080,BOND,TDR0113,BOOK_B,2025-04-20
TXN0002104518,APP008,2026-02-16,reversed,903348.2,CHF,EMEA,CP0288,OPTION,TDR0047,BOOK_D,2025-01-28
TXN0003836833,APP012,2025-06-22,failed,630560.08,EUR,LATAM,CP0452,FUTURE,TDR0091,BOOK_B,2025-04-15
TXN0009072846,APP015,2025-04-16,active,384523.53,USD,EMEA,CP0338,EQUITY,TDR0033,BOOK_D,2026-02-09
TXN0000875375,APP016,2025-11-22,settled,6718.53,GBP,APAC,CP0285,EQUITY,TDR0139,BOOK_A,2025-11-28
TXN0000620056,APP002,2025-11-03,settled,583348.32,CHF,AMER,CP0187,OPTION,TDR0113,BOOK_B,2026-04-06
TXN0003461417,APP005,2025-06-20,settled,591583.35,JPY,APAC,CP0436,FX,TDR0093,BOOK_D,2025-03-02
TXN0007643347,APP004,2026-01-19,failed,844382.8,GBP,APAC,CP0396,OPTION,TDR0039,BOOK_B,2025-08-25
TXN0000207068,APP003,2025-11-20,active,106247.83,JPY,AMER,CP0441,BOND,TDR0185,BOOK_A,2025-12-02
TXN0008543687,APP017,2025-06-11,reversed,666243.9,JPY,AMER,CP0379,EQUITY,TDR0074,BOOK_D,2025-01-06
TXN0005543666,APP016,2025-04-02,settled,565847.49,AUD,LATAM,CP0180,OPTION,TDR0001,BOOK_C,2025-08-01
TXN0007085232,APP015,2025-12-26,failed,5359.6,CHF,EMEA,CP0204,SWAP,TDR0068,BOOK_B,2025-07-18
TXN0004034128,APP005,2025-12-13,failed,315901.36,GBP,LATAM,CP0252,OPTION,TDR0107,BOOK_B,2025-05-29
TXN0003182320,APP007,2025-04-14,settled,695069.76,AUD,AMER,CP0214,SWAP,TDR0135,BOOK_C,2025-09-16
TXN0007804131,APP001,2025-04-11,settled,119666.87,GBP,LATAM,CP0164,OPTION,TDR0200,BOOK_C,2025-11-14
TXN0005503059,APP016,2026-04-01,active,979456.44,AUD,LATAM,CP0048,SWAP,TDR0139,BOOK_A,2026-03-15
TXN0007679017,APP018,2026-03-26,failed,799435.23,GBP,AMER,CP0034,FUTURE,TDR0109,BOOK_A,2026-02-07
TXN0004446073,APP002,2025-10-03,active,882352.76,CHF,AMER,CP0195,FUTURE,TDR0174,BOOK_B,2025-07-30
TXN0003457548,APP018,2025-02-05,pending,827503.55,EUR,EMEA,CP0450,OPTION,TDR0012,BOOK_C,2025-02-21
TXN0008499763,APP008,2025-06-26,settled,303909.27,CHF,APAC,CP0349,FX,TDR0087,BOOK_D,2025-05-19
TXN0002502862,APP001,2025-01-08,active,613163.15,USD,APAC,CP0283,BOND,TDR0074,BOOK_A,2025-10-23
TXN0006540343,APP017,2025-03-21,reversed,607445.53,USD,LATAM,CP0044,FUTURE,TDR0043,BOOK_B,2025-04-12
TXN0005169815,APP016,2025-12-19,active,299645.06,GBP,LATAM,CP0376,FUTURE,TDR0026,BOOK_C,2025-05-04
TXN0004659176,APP007,2025-05-24,settled,283436.25,GBP,LATAM,CP0277,BOND,TDR0001,BOOK_A,2025-03-07
TXN0007166979,APP017,2025-08-02,reversed,409529.39,JPY,APAC,CP0168,EQUITY,TDR0177,BOOK_A,2025-03-16
TXN0007663842,APP004,2026-03-02,active,208859.06,USD,LATAM,CP0429,BOND,TDR0084,BOOK_B,2025-08-09
TXN0002617653,APP001,2026-01-23,settled,798300.1,CHF,AMER,CP0422,SWAP,TDR0051,BOOK_D,2026-01-07
TXN0000629091,APP005,2025-08-29,pending,382098.05,GBP,APAC,CP0051,FX,TDR0088,BOOK_C,2025-06-09
TXN0000472389,APP013,2025-09-04,pending,854200.65,AUD,AMER,CP0083,FUTURE,TDR0036,BOOK_D,2025-04-08
TXN0006988703,APP019,2025-11-01,failed,861934.81,JPY,AMER,CP0331,OPTION,TDR0026,BOOK_A,2025-04-03
TXN0003451969,APP004,2025-07-12,active,605706.97,CHF,AMER,CP0081,SWAP,TDR0026,BOOK_C,2026-03-17
TXN0004457459,APP004,2025-03-15,active,956711.83,EUR,LATAM,CP0259,FX,TDR0153,BOOK_A,2025-08-14
TXN0008810189,APP004,2025-03-29,settled,852306.89,JPY,AMER,CP0069,FUTURE,TDR0076,BOOK_B,2025-04-02
TXN0001532910,APP018,2025-08-15,reversed,318020.24,JPY,EMEA,CP0395,EQUITY,TDR0140,BOOK_A,2025-11-29
TXN0002374140,APP016,2025-11-03,settled,325186.79,USD,LATAM,CP0429,SWAP,TDR0123,BOOK_A,2025-04-29
TXN0009047708,APP017,2025-06-01,failed,904876.68,EUR,AMER,CP0136,BOND,TDR0155,BOOK_C,2025-12-18
TXN0000857603,APP011,2025-02-14,settled,119948.05,JPY,APAC,CP0287,BOND,TDR0187,BOOK_C,2025-02-12
TXN0003578012,APP005,2025-09-02,failed,717830.76,CHF,LATAM,CP0215,EQUITY,TDR0018,BOOK_D,2026-02-08
TXN0006195460,APP006,2025-12-16,settled,448859.64,EUR,AMER,CP0059,OPTION,TDR0042,BOOK_A,2025-09-07
TXN0000573671,APP017,2025-07-05,failed,967251.63,EUR,LATAM,CP0240,BOND,TDR0160,BOOK_C,2025-12-19
TXN0006318307,APP019,2026-02-27,failed,205965.34,EUR,LATAM,CP0079,BOND,TDR0074,BOOK_B,2025-10-01
TXN0008264027,APP002,2025-02-23,failed,212030.66,USD,AMER,CP0495,FX,TDR0157,BOOK_C,2025-12-30
TXN0001964904,APP011,2026-04-13,failed,364121.44,GBP,LATAM,CP0343,EQUITY,TDR0166,BOOK_A,2025-11-03
TXN0001099812,APP001,2025-12-14,failed,750800.46,AUD,APAC,CP0120,FUTURE,TDR0157,BOOK_C,2025-12-31
TXN0000816767,APP012,2025-10-30,failed,566828.32,AUD,LATAM,CP0028,BOND,TDR0191,BOOK_D,2025-05-27
TXN0002116403,APP008,2025-05-13,active,582084.15,CHF,EMEA,CP0329,BOND,TDR0024,BOOK_C,2025-02-01
TXN0005936724,APP014,2025-04-15,active,327118.67,EUR,AMER,CP0251,FX,TDR0177,BOOK_C,2025-08-22
TXN0007002276,APP013,2025-10-02,reversed,387566.71,AUD,EMEA,CP0414,SWAP,TDR0111,BOOK_D,2025-10-24
TXN0005155140,APP011,2025-06-05,settled,628750.54,USD,EMEA,CP0199,FX,TDR0017,BOOK_A,2025-07-30
TXN0005040008,APP002,2026-01-15,reversed,365139.18,CHF,AMER,CP0412,BOND,TDR0048,BOOK_B,2025-06-07
TXN0005977382,APP008,2025-03-15,settled,516149.84,EUR,EMEA,CP0283,BOND,TDR0177,BOOK_A,2025-06-21
TXN0000689756,APP018,2025-01-26,pending,611201.48,EUR,APAC,CP0342,BOND,TDR0033,BOOK_A,2025-10-17
TXN0003740198,APP018,2025-10-12,pending,181551.5,EUR,LATAM,CP0226,FX,TDR0140,BOOK_A,2026-03-26
TXN0008321861,APP014,2026-03-13,reversed,600290.33,AUD,APAC,CP0277,FX,TDR0173,BOOK_C,2025-02-24
TXN0007488245,APP004,2026-02-17,reversed,446451.58,GBP,APAC,CP0104,EQUITY,TDR0075,BOOK_A,2025-07-24
TXN0006248243,APP001,2025-11-22,settled,811917.36,CHF,AMER,CP0406,BOND,TDR0073,BOOK_B,2025-11-12
TXN0005279737,APP005,2025-12-15,settled,289910.29,AUD,AMER,CP0373,SWAP,TDR0185,BOOK_B,2025-08-18
TXN0003099752,APP008,2025-10-03,failed,849824.71,EUR,APAC,CP0063,FUTURE,TDR0028,BOOK_B,2025-04-15
TXN0001512371,APP004,2025-03-03,active,206963.57,JPY,AMER,CP0346,FUTURE,TDR0186,BOOK_D,2025-05-02
TXN0008561324,APP004,2025-12-31,failed,519508.61,AUD,AMER,CP0177,SWAP,TDR0016,BOOK_C,2025-03-29
TXN0001026820,APP009,2025-09-11,pending,165232.43,JPY,EMEA,CP0457,EQUITY,TDR0121,BOOK_B,2025-05-22
TXN0004943826,APP010,2025-10-22,reversed,918585.6,USD,APAC,CP0082,EQUITY,TDR0094,BOOK_D,2025-03-08
TXN0008936158,APP014,2025-02-23,pending,556427.13,USD,AMER,CP0250,BOND,TDR0018,BOOK_C,2025-09-07
TXN0000513728,APP012,2026-03-17,active,42571.48,USD,APAC,CP0319,FX,TDR0128,BOOK_C,2026-01-19
TXN0009173451,APP009,2025-04-17,active,220028.56,USD,LATAM,CP0173,EQUITY,TDR0005,BOOK_D,2025-11-10
TXN0000305980,APP008,2025-07-11,failed,337081.53,GBP,AMER,CP0242,OPTION,TDR0170,BOOK_C,2025-06-14
TXN0003130290,APP012,2025-09-18,active,558801.95,AUD,AMER,CP0086,SWAP,TDR0075,BOOK_B,2025-09-10
TXN0000837215,APP008,2025-01-09,pending,212912.99,AUD,EMEA,CP0073,FX,TDR0112,BOOK_C,2025-04-22
TXN0002957021,APP001,2025-06-04,reversed,107980.71,EUR,EMEA,CP0140,SWAP,TDR0148,BOOK_A,2025-12-11
TXN0008090323,APP015,2026-03-02,settled,139591.54,AUD,APAC,CP0112,EQUITY,TDR0138,BOOK_B,2026-04-13
TXN0002994839,APP020,2026-03-28,failed,139015.16,CHF,APAC,CP0223,BOND,TDR0065,BOOK_A,2025-04-06
TXN0009104687,APP018,2025-02-21,failed,956659.45,USD,AMER,CP0297,SWAP,TDR0166,BOOK_B,2025-04-26
TXN0009750262,APP014,2025-02-17,pending,280499.11,AUD,EMEA,CP0460,EQUITY,TDR0169,BOOK_D,2025-09-09
TXN0001937287,APP014,2026-03-18,settled,748252.36,GBP,EMEA,CP0209,SWAP,TDR0151,BOOK_C,2026-03-28
TXN0002622779,APP002,2025-02-06,reversed,440893.98,JPY,APAC,CP0143,OPTION,TDR0099,BOOK_D,2026-04-12
TXN0008623250,APP020,2025-11-09,active,113702.29,AUD,EMEA,CP0114,FUTURE,TDR0056,BOOK_B,2025-03-30
TXN0000996021,APP007,2025-12-02,reversed,424142.32,EUR,LATAM,CP0472,FX,TDR0106,BOOK_B,2025-07-02
TXN0002736052,APP018,2025-03-24,active,95879.61,JPY,LATAM,CP0120,OPTION,TDR0020,BOOK_A,2026-01-29
TXN0008204996,APP011,2025-06-05,active,2254.61,EUR,LATAM,CP0399,BOND,TDR0031,BOOK_B,2026-02-19
TXN0006438544,APP016,2025-12-07,reversed,23878.56,AUD,AMER,CP0282,BOND,TDR0141,BOOK_C,2026-01-04
TXN0001762201,APP007,2025-12-06,reversed,365936.88,AUD,AMER,CP0499,FX,TDR0037,BOOK_D,2026-01-04
TXN0007855537,APP020,2026-03-27,reversed,672891.9,AUD,AMER,CP0078,FUTURE,TDR0003,BOOK_C,2026-03-12
TXN0004070894,APP009,2026-01-31,settled,158366.29,EUR,APAC,CP0367,BOND,TDR0013,BOOK_C,2025-02-05
TXN0004510709,APP011,2025-11-22,reversed,202753.76,JPY,AMER,CP0413,BOND,TDR0069,BOOK_A,2025-06-12
TXN0003876206,APP010,2025-04-27,failed,179444.9,USD,AMER,CP0132,SWAP,TDR0192,BOOK_A,2025-03-21
TXN0005841421,APP007,2025-08-15,reversed,41120.11,EUR,AMER,CP0043,FUTURE,TDR0123,BOOK_D,2026-03-08
TXN0005269016,APP018,2026-04-13,reversed,996193.08,GBP,AMER,CP0404,FUTURE,TDR0152,BOOK_D,2025-06-04
TXN0006677683,APP016,2026-03-26,failed,401032.51,AUD,EMEA,CP0247,OPTION,TDR0194,BOOK_B,2025-06-26
TXN0002016274,APP009,2026-03-25,pending,459049.8,CHF,AMER,CP0391,FX,TDR0148,BOOK_B,2025-02-25
TXN0001799358,APP004,2025-02-25,active,283365.26,AUD,AMER,CP0084,BOND,TDR0042,BOOK_B,2026-02-21
TXN0004831840,APP008,2025-01-26,reversed,549641.23,EUR,LATAM,CP0426,SWAP,TDR0139,BOOK_C,2025-05-17
TXN0000720985,APP007,2025-01-06,pending,575451.11,AUD,APAC,CP0338,EQUITY,TDR0174,BOOK_A,2025-09-22
TXN0003689674,APP010,2025-05-06,failed,910684.06,EUR,APAC,CP0367,SWAP,TDR0113,BOOK_B,2025-10-27
TXN0005472191,APP020,2025-05-19,pending,751170.01,USD,EMEA,CP0346,EQUITY,TDR0170,BOOK_A,2025-06-19
TXN0001694153,APP013,2025-04-08,settled,908370.52,GBP,AMER,CP0426,FX,TDR0175,BOOK_B,2025-09-13
TXN0003707180,APP012,2025-01-02,pending,393139.66,AUD,APAC,CP0360,BOND,TDR0139,BOOK_A,2026-01-20
TXN0001977582,APP015,2026-03-01,failed,703209.77,JPY,LATAM,CP0267,EQUITY,TDR0088,BOOK_B,2025-06-18
TXN0007983717,APP008,2025-10-22,reversed,452432.99,GBP,LATAM,CP0051,BOND,TDR0198,BOOK_B,2026-03-03
TXN0008591169,APP005,2025-02-01,failed,313273.69,JPY,LATAM,CP0300,BOND,TDR0062,BOOK_B,2025-12-15
TXN0002152364,APP016,2026-03-02,settled,99130.32,EUR,AMER,CP0413,OPTION,TDR0011,BOOK_A,2025-12-08
TXN0003599347,APP003,2025-12-14,reversed,173453.43,EUR,APAC,CP0382,BOND,TDR0050,BOOK_D,2025-01-11
TXN0007276852,APP010,2025-05-12,active,204596.22,USD,AMER,CP0005,OPTION,TDR0108,BOOK_B,2025-09-16
TXN0005793197,APP005,2025-10-11,settled,343053.49,CHF,EMEA,CP0135,OPTION,TDR0032,BOOK_B,2026-02-20
TXN0006308757,APP013,2025-04-25,pending,339370.01,CHF,LATAM,CP0419,SWAP,TDR0179,BOOK_A,2025-04-02
TXN0000071699,APP014,2025-04-15,pending,540382.6,AUD,AMER,CP0195,FUTURE,TDR0198,BOOK_A,2025-03-18
TXN0002816324,APP004,2025-07-24,settled,131978.36,CHF,EMEA,CP0197,SWAP,TDR0042,BOOK_B,2025-02-03
TXN0002537080,APP007,2025-12-07,reversed,448434.18,JPY,EMEA,CP0026,OPTION,TDR0052,BOOK_A,2026-02-13
TXN0006853803,APP003,2025-08-23,reversed,717707.55,JPY,EMEA,CP0393,EQUITY,TDR0058,BOOK_B,2025-03-07
TXN0005890911,APP013,2026-03-07,settled,499317.37,GBP,AMER,CP0179,OPTION,TDR0086,BOOK_C,2025-01-23
TXN0002531987,APP006,2025-04-29,active,51920.74,JPY,LATAM,CP0292,OPTION,TDR0041,BOOK_C,2026-03-17
TXN0005313205,APP020,2025-11-06,settled,303224.21,CHF,LATAM,CP0198,SWAP,TDR0153,BOOK_D,2025-09-06
TXN0003983424,APP013,2025-06-30,active,163313.54,GBP,AMER,CP0094,EQUITY,TDR0200,BOOK_C,2026-04-05
TXN0005993858,APP003,2025-07-15,settled,399482.78,EUR,LATAM,CP0052,FUTURE,TDR0169,BOOK_B,2025-06-30
TXN0005282011,APP007,2025-02-06,failed,260568.4,JPY,AMER,CP0372,EQUITY,TDR0125,BOOK_D,2025-10-17
TXN0008095608,APP002,2026-03-10,settled,964710.1,GBP,LATAM,CP0500,EQUITY,TDR0086,BOOK_B,2025-09-07
TXN0000701978,APP003,2026-01-13,pending,94864.32,GBP,AMER,CP0113,SWAP,TDR0171,BOOK_A,2026-01-05
TXN0005379201,APP002,2026-04-01,settled,750149.49,AUD,APAC,CP0416,OPTION,TDR0010,BOOK_A,2025-11-17
TXN0006851822,APP012,2025-05-12,settled,446826.21,CHF,APAC,CP0308,OPTION,TDR0048,BOOK_A,2026-02-10
TXN0001446656,APP010,2026-03-16,settled,83017.35,CHF,LATAM,CP0305,SWAP,TDR0128,BOOK_C,2026-03-16
TXN0002559892,APP019,2025-07-22,settled,273126.93,GBP,LATAM,CP0493,OPTION,TDR0018,BOOK_A,2026-03-27
TXN0004853033,APP015,2026-01-13,active,777626.95,JPY,AMER,CP0449,SWAP,TDR0012,BOOK_C,2025-11-13
TXN0009268700,APP013,2026-01-25,active,473792.97,EUR,LATAM,CP0154,EQUITY,TDR0052,BOOK_D,2025-10-06
TXN0001053717,APP007,2026-01-07,pending,821794.72,JPY,AMER,CP0445,FX,TDR0139,BOOK_B,2025-10-11
TXN0005350119,APP020,2025-08-20,active,75751.16,CHF,AMER,CP0183,OPTION,TDR0028,BOOK_D,2025-01-12
TXN0003676532,APP005,2025-03-19,active,606852.79,GBP,LATAM,CP0187,FX,TDR0198,BOOK_C,2025-01-03
TXN0000154036,APP001,2025-11-26,reversed,341932.78,CHF,LATAM,CP0206,FUTURE,TDR0026,BOOK_A,2025-12-28
TXN0005315026,APP005,2025-12-26,failed,801520.0,EUR,LATAM,CP0310,FUTURE,TDR0076,BOOK_C,2025-05-18
TXN0007665515,APP018,2025-02-25,pending,194096.07,EUR,APAC,CP0455,EQUITY,TDR0080,BOOK_C,2025-01-13
TXN0000524284,APP017,2025-01-02,settled,135775.35,EUR,EMEA,CP0420,EQUITY,TDR0081,BOOK_C,2026-02-05
TXN0000654132,APP013,2025-02-16,settled,67570.03,GBP,LATAM,CP0107,BOND,TDR0160,BOOK_D,2025-05-30
TXN0007387327,APP014,2025-06-02,reversed,469546.75,CHF,APAC,CP0400,FX,TDR0120,BOOK_C,2025-04-12
TXN0005699208,APP020,2026-01-15,reversed,901627.18,JPY,LATAM,CP0312,EQUITY,TDR0127,BOOK_A,2025-07-08
TXN0004756720,APP009,2026-02-06,settled,329637.03,USD,EMEA,CP0016,SWAP,TDR0108,BOOK_C,2025-09-08
TXN0005954190,APP010,2025-09-22,pending,13834.47,JPY,APAC,CP0140,OPTION,TDR0035,BOOK_D,2025-08-03
TXN0006641270,APP012,2026-04-14,reversed,716638.2,CHF,LATAM,CP0134,BOND,TDR0044,BOOK_B,2025-10-22
TXN0006581842,APP019,2026-02-23,reversed,752978.6,USD,EMEA,CP0272,FX,TDR0101,BOOK_C,2025-04-01
TXN0005921540,APP004,2025-11-18,settled,567130.25,USD,AMER,CP0483,FUTURE,TDR0076,BOOK_D,2025-10-06
TXN0003332228,APP004,2026-03-16,failed,131026.45,GBP,AMER,CP0190,OPTION,TDR0168,BOOK_A,2025-08-07
TXN0008223773,APP012,2025-07-21,pending,165669.26,USD,EMEA,CP0054,FUTURE,TDR0104,BOOK_D,2025-09-03
TXN0005415274,APP008,2026-02-17,active,416864.26,AUD,AMER,CP0168,SWAP,TDR0048,BOOK_B,2025-03-23
TXN0009362821,APP001,2025-03-20,failed,404915.85,AUD,EMEA,CP0200,BOND,TDR0046,BOOK_D,2025-11-03
TXN0002354412,APP013,2025-06-14,failed,839273.87,CHF,EMEA,CP0079,SWAP,TDR0145,BOOK_A,2025-01-20
TXN0009261804,APP006,2025-04-18,failed,47121.02,USD,EMEA,CP0022,BOND,TDR0066,BOOK_B,2025-03-05
TXN0006881723,APP006,2025-08-19,pending,736138.24,AUD,LATAM,CP0318,BOND,TDR0060,BOOK_C,2025-06-01
TXN0009216890,APP006,2025-08-15,settled,685091.88,USD,EMEA,CP0097,EQUITY,TDR0040,BOOK_C,2025-06-08
TXN0006805869,APP008,2025-10-29,pending,646283.31,GBP,EMEA,CP0111,FX,TDR0161,BOOK_B,2025-04-11
TXN0007582075,APP005,2025-09-03,failed,778852.59,JPY,EMEA,CP0395,FUTURE,TDR0045,BOOK_D,2025-03-13
TXN0005777138,APP011,2025-01-05,pending,982151.16,GBP,LATAM,CP0216,OPTION,TDR0080,BOOK_B,2025-02-15
TXN0005824387,APP012,2025-03-12,reversed,378236.7,USD,LATAM,CP0022,FUTURE,TDR0044,BOOK_A,2025-02-24
TXN0004260720,APP013,2025-12-31,failed,972127.39,JPY,EMEA,CP0221,BOND,TDR0140,BOOK_A,2025-09-17
TXN0007560668,APP008,2026-01-04,settled,467808.99,CHF,LATAM,CP0287,EQUITY,TDR0093,BOOK_C,2025-03-22
TXN0002293804,APP016,2025-05-23,active,675906.03,USD,LATAM,CP0349,BOND,TDR0174,BOOK_A,2025-05-06
TXN0000066686,APP009,2025-06-27,pending,300456.17,CHF,LATAM,CP0388,BOND,TDR0115,BOOK_C,2025-04-07
TXN0003182239,APP003,2025-05-21,pending,669764.33,AUD,EMEA,CP0271,SWAP,TDR0116,BOOK_A,2026-03-02
TXN0000478474,APP002,2026-01-08,reversed,725162.26,GBP,EMEA,CP0229,EQUITY,TDR0168,BOOK_B,2025-08-19
TXN0002758736,APP003,2026-01-03,failed,979453.08,CHF,APAC,CP0467,FX,TDR0090,BOOK_A,2025-02-19
TXN0004129705,APP011,2025-01-14,active,893691.53,CHF,APAC,CP0500,SWAP,TDR0084,BOOK_A,2025-12-27
TXN0007446403,APP003,2025-04-18,failed,70285.67,EUR,LATAM,CP0138,OPTION,TDR0038,BOOK_A,2025-04-17
TXN0005936359,APP010,2026-02-15,active,585014.44,CHF,APAC,CP0125,SWAP,TDR0119,BOOK_C,2025-09-01
TXN0002343952,APP018,2025-12-26,active,364284.17,CHF,EMEA,CP0100,SWAP,TDR0001,BOOK_A,2025-12-07
TXN0003272577,APP018,2025-03-16,settled,421732.95,JPY,APAC,CP0052,FUTURE,TDR0136,BOOK_D,2026-02-16
TXN0006356725,APP003,2025-04-27,active,456603.22,EUR,LATAM,CP0106,EQUITY,TDR0146,BOOK_C,2025-11-22
TXN0002105211,APP001,2026-03-29,active,857766.37,CHF,AMER,CP0250,OPTION,TDR0063,BOOK_D,2025-06-28
TXN0006451023,APP010,2025-12-23,active,519788.72,EUR,EMEA,CP0244,OPTION,TDR0172,BOOK_C,2025-02-02
TXN0003201003,APP009,2025-12-24,settled,843151.26,GBP,APAC,CP0325,FUTURE,TDR0141,BOOK_C,2025-03-07
TXN0002663281,APP005,2026-01-12,settled,872070.34,GBP,EMEA,CP0018,EQUITY,TDR0160,BOOK_D,2025-06-29
TXN0006035132,APP014,2026-02-08,reversed,304683.6,CHF,EMEA,CP0355,SWAP,TDR0029,BOOK_D,2025-01-21
TXN0001510463,APP015,2025-10-19,failed,842878.85,EUR,APAC,CP0355,OPTION,TDR0157,BOOK_C,2025-12-29
TXN0007655996,APP006,2025-09-08,pending,765115.27,GBP,EMEA,CP0280,OPTION,TDR0027,BOOK_A,2025-04-10
TXN0002138532,APP013,2025-03-04,settled,830767.59,GBP,LATAM,CP0387,FX,TDR0118,BOOK_C,2025-02-03
TXN0003731123,APP015,2025-09-09,failed,479814.73,JPY,LATAM,CP0087,FUTURE,TDR0082,BOOK_B,2025-06-01
TXN0006550955,APP005,2025-08-23,reversed,115603.25,CHF,AMER,CP0192,FX,TDR0121,BOOK_D,2025-10-18
TXN0000887497,APP016,2025-05-18,reversed,57190.79,EUR,APAC,CP0218,EQUITY,TDR0152,BOOK_A,2025-02-25
TXN0003741017,APP002,2025-08-29,reversed,379522.6,GBP,AMER,CP0204,BOND,TDR0033,BOOK_B,2026-03-29
TXN0001727497,APP018,2025-04-04,reversed,718457.23,EUR,LATAM,CP0062,FX,TDR0177,BOOK_B,2025-07-29
TXN0000856661,APP006,2025-06-22,reversed,443045.69,EUR,EMEA,CP0332,OPTION,TDR0084,BOOK_D,2026-02-05
TXN0008607805,APP013,2025-09-01,reversed,860845.29,GBP,AMER,CP0398,FUTURE,TDR0097,BOOK_D,2025-12-15
TXN0008006994,APP020,2025-01-14,active,229465.78,JPY,AMER,CP0045,OPTION,TDR0098,BOOK_C,2025-06-26
TXN0008554927,APP018,2026-03-19,failed,848042.36,AUD,AMER,CP0459,SWAP,TDR0068,BOOK_C,2026-02-21
TXN0005341479,APP002,2025-01-30,failed,678635.62,GBP,APAC,CP0365,FX,TDR0079,BOOK_C,2026-01-06
TXN0007618635,APP008,2025-03-08,failed,252590.75,GBP,AMER,CP0483,SWAP,TDR0046,BOOK_D,2025-01-19
TXN0001368156,APP010,2025-08-12,active,66486.87,EUR,EMEA,CP0066,FX,TDR0026,BOOK_A,2025-01-07
TXN0001818824,APP002,2025-11-30,failed,919298.83,AUD,APAC,CP0040,OPTION,TDR0103,BOOK_C,2026-03-26
TXN0005123049,APP020,2026-01-05,failed,923863.07,GBP,LATAM,CP0491,EQUITY,TDR0153,BOOK_D,2025-10-20
TXN0000428978,APP006,2025-05-21,active,57288.98,GBP,EMEA,CP0438,FX,TDR0164,BOOK_C,2025-05-04
TXN0005972496,APP010,2025-12-07,settled,776117.48,EUR,APAC,CP0162,FUTURE,TDR0085,BOOK_C,2026-03-16
TXN0008283949,APP015,2025-11-25,settled,277929.5,EUR,APAC,CP0242,OPTION,TDR0128,BOOK_D,2026-02-11
TXN0001795588,APP002,2025-01-25,settled,18188.21,USD,AMER,CP0438,BOND,TDR0103,BOOK_A,2026-02-28
TXN0003041740,APP007,2025-09-22,active,946503.91,USD,EMEA,CP0142,SWAP,TDR0111,BOOK_C,2026-02-16
TXN0007525569,APP009,2025-02-24,settled,607073.23,USD,LATAM,CP0297,OPTION,TDR0043,BOOK_B,2025-04-05
TXN0009561262,APP006,2025-07-23,pending,538772.13,JPY,APAC,CP0163,BOND,TDR0161,BOOK_A,2026-02-22
TXN0005972210,APP001,2025-02-23,reversed,589257.17,AUD,APAC,CP0312,FX,TDR0125,BOOK_D,2025-12-26
TXN0007208776,APP004,2025-06-01,active,132510.32,GBP,LATAM,CP0184,SWAP,TDR0114,BOOK_B,2025-02-21
TXN0007095272,APP019,2025-05-07,reversed,208613.17,GBP,AMER,CP0396,EQUITY,TDR0012,BOOK_D,2025-09-06
TXN0009259156,APP011,2025-08-17,pending,815256.21,AUD,AMER,CP0114,BOND,TDR0065,BOOK_A,2026-03-22
TXN0006622185,APP005,2025-11-29,reversed,982263.64,CHF,EMEA,CP0256,FX,TDR0091,BOOK_D,2025-09-12
TXN0007732473,APP011,2025-04-07,active,797372.31,AUD,EMEA,CP0312,BOND,TDR0136,BOOK_A,2025-09-18
TXN0006201295,APP017,2026-01-01,reversed,538976.4,CHF,AMER,CP0256,FUTURE,TDR0097,BOOK_D,2026-02-08
TXN0002845484,APP005,2025-04-25,pending,961987.98,GBP,EMEA,CP0036,FX,TDR0181,BOOK_A,2025-04-19
TXN0006448819,APP011,2025-12-08,pending,565522.48,EUR,EMEA,CP0220,FUTURE,TDR0180,BOOK_B,2025-09-26
TXN0002200601,APP004,2025-11-18,pending,874502.95,JPY,EMEA,CP0247,BOND,TDR0061,BOOK_C,2025-07-19
TXN0006695331,APP004,2025-11-15,active,143608.68,AUD,AMER,CP0069,FX,TDR0129,BOOK_D,2025-11-24
TXN0002514769,APP003,2025-11-29,reversed,101042.54,GBP,EMEA,CP0396,EQUITY,TDR0061,BOOK_A,2026-01-18
TXN0003498456,APP019,2025-02-25,active,311580.89,GBP,APAC,CP0208,OPTION,TDR0104,BOOK_D,2025-04-15
TXN0001003470,APP019,2025-12-09,failed,181748.47,GBP,EMEA,CP0218,FX,TDR0114,BOOK_B,2026-01-07
TXN0007183164,APP015,2025-01-25,failed,674049.66,CHF,APAC,CP0346,EQUITY,TDR0114,BOOK_C,2026-02-15
TXN0006332598,APP004,2025-12-04,reversed,851982.98,CHF,EMEA,CP0032,EQUITY,TDR0093,BOOK_D,2026-01-23
TXN0002530732,APP020,2025-12-26,settled,917393.16,JPY,APAC,CP0100,SWAP,TDR0057,BOOK_C,2025-01-18
TXN0005543342,APP020,2025-07-22,pending,296723.15,AUD,EMEA,CP0196,SWAP,TDR0108,BOOK_A,2025-06-09
TXN0005548716,APP020,2025-01-10,pending,99404.58,JPY,EMEA,CP0407,SWAP,TDR0107,BOOK_C,2026-02-23
TXN0004776854,APP004,2025-06-22,reversed,691036.27,CHF,APAC,CP0082,OPTION,TDR0085,BOOK_B,2026-03-06
TXN0009394858,APP010,2025-10-17,active,92410.65,AUD,LATAM,CP0468,FUTURE,TDR0054,BOOK_C,2026-02-11
TXN0003179589,APP008,2025-09-09,settled,954335.19,AUD,APAC,CP0116,OPTION,TDR0170,BOOK_A,2025-12-31
TXN0000134914,APP010,2026-03-21,settled,485066.21,GBP,LATAM,CP0096,EQUITY,TDR0010,BOOK_A,2025-10-22
TXN0004503946,APP001,2025-12-28,reversed,331412.34,CHF,AMER,CP0235,FUTURE,TDR0037,BOOK_D,2025-08-02
TXN0003198964,APP012,2025-06-26,reversed,791760.21,AUD,EMEA,CP0403,FX,TDR0124,BOOK_B,2025-12-07
TXN0002976512,APP019,2025-12-08,failed,214913.79,USD,LATAM,CP0050,BOND,TDR0106,BOOK_B,2025-11-14
TXN0003007975,APP018,2025-07-16,pending,867853.37,AUD,EMEA,CP0221,BOND,TDR0022,BOOK_C,2026-04-09
TXN0005481573,APP015,2025-12-25,settled,645000.08,JPY,LATAM,CP0271,SWAP,TDR0086,BOOK_A,2025-09-17
TXN0009807928,APP007,2025-10-26,settled,104727.34,AUD,EMEA,CP0027,EQUITY,TDR0191,BOOK_A,2026-04-12
TXN0006642265,APP008,2025-08-05,active,377702.41,GBP,EMEA,CP0128,OPTION,TDR0001,BOOK_C,2025-03-24
TXN0006878847,APP006,2026-03-24,settled,899608.3,CHF,APAC,CP0401,FX,TDR0091,BOOK_D,2025-10-02
TXN0006413304,APP013,2026-02-09,active,732311.69,JPY,APAC,CP0027,BOND,TDR0102,BOOK_D,2025-04-13
TXN0009887786,APP020,2025-12-15,pending,10789.03,JPY,AMER,CP0368,SWAP,TDR0081,BOOK_A,2026-03-05
TXN0008507596,APP020,2025-01-06,active,266878.99,EUR,EMEA,CP0054,FX,TDR0026,BOOK_C,2025-05-06
TXN0000360279,APP012,2025-06-16,failed,626950.66,USD,AMER,CP0320,OPTION,TDR0177,BOOK_A,2026-03-12
TXN0006982687,APP007,2026-03-06,pending,491753.87,JPY,EMEA,CP0141,FX,TDR0163,BOOK_D,2025-12-30
TXN0000509391,APP018,2026-03-05,reversed,854193.6,CHF,AMER,CP0216,BOND,TDR0007,BOOK_D,2025-10-06
TXN0001176172,APP006,2025-11-13,settled,786126.47,CHF,EMEA,CP0161,SWAP,TDR0038,BOOK_C,2025-09-28
TXN0002109013,APP005,2025-06-29,failed,38945.16,EUR,APAC,CP0183,EQUITY,TDR0195,BOOK_A,2025-01-04
TXN0003450942,APP004,2025-07-17,reversed,162115.58,USD,APAC,CP0050,EQUITY,TDR0015,BOOK_A,2025-06-23
TXN0001650720,APP006,2026-03-06,failed,348011.81,JPY,EMEA,CP0362,EQUITY,TDR0094,BOOK_C,2026-03-22
TXN0009589638,APP010,2025-01-06,settled,206195.3,CHF,AMER,CP0223,EQUITY,TDR0057,BOOK_D,2026-04-03
TXN0001457892,APP015,2026-03-22,settled,206365.91,USD,LATAM,CP0252,EQUITY,TDR0139,BOOK_B,2025-04-13
TXN0001281646,APP010,2025-02-06,failed,478583.33,JPY,APAC,CP0335,FUTURE,TDR0088,BOOK_A,2025-06-19
TXN0004508335,APP002,2025-11-12,reversed,224202.6,EUR,APAC,CP0056,FUTURE,TDR0169,BOOK_D,2025-01-29
TXN0004469950,APP017,2025-10-20,reversed,30561.89,EUR,EMEA,CP0272,SWAP,TDR0140,BOOK_A,2026-02-09
TXN0006370144,APP020,2025-12-11,failed,541721.89,USD,LATAM,CP0423,SWAP,TDR0180,BOOK_C,2025-07-26
TXN0000561846,APP018,2025-11-27,active,57303.33,EUR,APAC,CP0028,EQUITY,TDR0164,BOOK_B,2025-08-09
TXN0004453679,APP007,2025-10-08,pending,476672.39,EUR,LATAM,CP0188,OPTION,TDR0185,BOOK_D,2025-06-15
TXN0009645083,APP014,2025-03-27,settled,772948.42,AUD,APAC,CP0243,FUTURE,TDR0023,BOOK_B,2025-10-07
TXN0003318016,APP011,2025-11-20,failed,912574.48,CHF,APAC,CP0446,SWAP,TDR0010,BOOK_D,2025-12-23
TXN0007478545,APP014,2025-05-21,failed,295283.37,JPY,EMEA,CP0386,SWAP,TDR0056,BOOK_C,2025-05-28
TXN0001882929,APP002,2025-06-24,failed,845090.65,JPY,APAC,CP0285,FUTURE,TDR0198,BOOK_B,2026-02-25
TXN0008686649,APP020,2025-12-16,pending,8698.47,USD,LATAM,CP0460,OPTION,TDR0119,BOOK_A,2025-03-17
TXN0009310790,APP011,2026-02-13,active,674573.94,CHF,EMEA,CP0387,FUTURE,TDR0048,BOOK_B,2025-01-14
TXN0004543133,APP004,2026-04-06,failed,31895.09,JPY,LATAM,CP0145,EQUITY,TDR0155,BOOK_A,2025-08-08
TXN0009723112,APP008,2025-03-18,reversed,965383.45,JPY,APAC,CP0500,OPTION,TDR0157,BOOK_A,2026-03-18
TXN0003397645,APP005,2025-04-03,active,837298.25,EUR,APAC,CP0143,OPTION,TDR0197,BOOK_B,2025-12-22
TXN0003260208,APP006,2026-04-11,pending,263980.09,EUR,LATAM,CP0359,EQUITY,TDR0018,BOOK_C,2026-01-14
TXN0000806938,APP019,2025-11-11,pending,305808.8,USD,APAC,CP0123,BOND,TDR0088,BOOK_B,2025-02-25
TXN0000391125,APP008,2026-01-24,reversed,870148.32,AUD,LATAM,CP0037,FX,TDR0162,BOOK_A,2025-06-21
TXN0009409873,APP008,2025-01-09,reversed,14126.81,EUR,AMER,CP0336,SWAP,TDR0082,BOOK_B,2025-07-09
TXN0002880462,APP007,2026-03-18,pending,954744.95,JPY,LATAM,CP0466,EQUITY,TDR0110,BOOK_C,2026-02-21
TXN0007287930,APP002,2026-03-12,active,548579.46,GBP,APAC,CP0445,FUTURE,TDR0092,BOOK_A,2025-09-01
TXN0008977618,APP008,2025-06-16,settled,142894.49,AUD,EMEA,CP0243,BOND,TDR0141,BOOK_A,2025-01-12
TXN0001120342,APP007,2025-03-03,reversed,741431.02,USD,LATAM,CP0163,SWAP,TDR0164,BOOK_A,2025-02-02
TXN0004993361,APP009,2025-01-12,reversed,216555.14,GBP,APAC,CP0228,SWAP,TDR0093,BOOK_B,2025-05-15
TXN0004353660,APP019,2025-03-01,failed,758188.09,JPY,AMER,CP0180,OPTION,TDR0106,BOOK_D,2025-10-13
TXN0009099310,APP015,2025-11-09,reversed,447674.81,GBP,LATAM,CP0357,OPTION,TDR0180,BOOK_C,2025-05-19
TXN0008004623,APP003,2026-01-12,pending,760299.46,CHF,LATAM,CP0370,FX,TDR0096,BOOK_A,2025-10-05
TXN0007693659,APP003,2025-12-23,settled,327380.8,JPY,LATAM,CP0415,OPTION,TDR0112,BOOK_D,2025-06-14
TXN0004761749,APP010,2026-01-07,failed,314881.03,CHF,EMEA,CP0359,FUTURE,TDR0129,BOOK_D,2026-03-03
TXN0001411443,APP008,2026-01-18,active,999110.02,EUR,LATAM,CP0448,EQUITY,TDR0173,BOOK_B,2025-03-13
TXN0006411590,APP014,2025-11-11,settled,226886.45,USD,EMEA,CP0140,SWAP,TDR0058,BOOK_C,2026-02-12
TXN0000589705,APP001,2025-08-13,settled,823302.97,EUR,EMEA,CP0479,FX,TDR0058,BOOK_A,2025-11-30
TXN0008882559,APP017,2025-06-16,pending,944164.48,CHF,APAC,CP0295,BOND,TDR0143,BOOK_B,2026-03-29
TXN0001524761,APP014,2025-12-30,failed,266881.01,JPY,LATAM,CP0050,OPTION,TDR0106,BOOK_D,2026-01-28
TXN0001932876,APP001,2025-11-29,pending,858908.49,JPY,EMEA,CP0052,FUTURE,TDR0168,BOOK_B,2025-06-15
TXN0004719489,APP014,2025-12-21,reversed,227066.59,GBP,APAC,CP0472,BOND,TDR0002,BOOK_B,2026-04-02
TXN0004497417,APP017,2025-06-05,reversed,427864.15,AUD,APAC,CP0386,OPTION,TDR0030,BOOK_C,2025-04-21
TXN0003711954,APP002,2025-04-07,failed,320217.46,AUD,AMER,CP0169,FX,TDR0148,BOOK_A,2025-04-07
TXN0009355576,APP006,2025-03-15,reversed,569847.67,AUD,LATAM,CP0284,FX,TDR0019,BOOK_B,2025-12-28
TXN0000844978,APP011,2026-02-24,reversed,313324.79,AUD,EMEA,CP0289,OPTION,TDR0143,BOOK_D,2026-01-24
TXN0008079295,APP001,2026-04-08,pending,935049.51,USD,AMER,CP0386,BOND,TDR0075,BOOK_C,2025-06-21
TXN0000807655,APP012,2025-11-25,failed,348633.78,EUR,APAC,CP0209,FX,TDR0027,BOOK_C,2025-06-27
TXN0008201083,APP014,2025-02-10,active,875277.82,AUD,APAC,CP0335,BOND,TDR0152,BOOK_D,2026-01-15
TXN0001509340,APP016,2025-03-26,failed,83609.67,AUD,LATAM,CP0221,FUTURE,TDR0186,BOOK_B,2025-12-24
TXN0009674288,APP014,2025-05-18,active,25846.07,USD,LATAM,CP0108,FUTURE,TDR0123,BOOK_B,2025-03-17
TXN0000381917,APP014,2026-02-04,active,31173.33,USD,LATAM,CP0253,OPTION,TDR0139,BOOK_B,2025-06-05
TXN0009294442,APP014,2025-10-07,failed,796488.35,EUR,LATAM,CP0166,BOND,TDR0082,BOOK_C,2025-05-21
TXN0007132414,APP004,2025-12-25,failed,560448.39,AUD,APAC,CP0299,FX,TDR0160,BOOK_A,2025-02-08
TXN0004165573,APP009,2025-08-05,settled,747128.3,JPY,LATAM,CP0382,FUTURE,TDR0071,BOOK_D,2025-05-24
TXN0004636358,APP018,2025-12-06,failed,990571.91,GBP,APAC,CP0368,OPTION,TDR0074,BOOK_D,2026-03-08
TXN0000201121,APP002,2025-07-22,active,49770.37,CHF,EMEA,CP0280,OPTION,TDR0197,BOOK_A,2026-02-17
TXN0001714522,APP007,2026-02-09,reversed,230874.5,JPY,AMER,CP0002,OPTION,TDR0191,BOOK_A,2025-10-07
TXN0006209924,APP004,2026-02-12,failed,2384.99,CHF,EMEA,CP0193,FX,TDR0158,BOOK_B,2025-10-01
TXN0006856780,APP012,2025-06-23,pending,998824.99,GBP,APAC,CP0189,FX,TDR0142,BOOK_B,2025-08-14
TXN0003829324,APP001,2026-01-12,pending,229152.9,CHF,APAC,CP0487,SWAP,TDR0192,BOOK_C,2025-11-23
TXN0001398418,APP020,2025-12-15,settled,886511.43,AUD,LATAM,CP0277,OPTION,TDR0150,BOOK_D,2025-05-12
TXN0006244865,APP015,2025-07-16,active,364604.34,AUD,APAC,CP0107,FUTURE,TDR0068,BOOK_B,2026-03-31
TXN0001314757,APP018,2025-07-17,failed,22873.03,AUD,AMER,CP0049,SWAP,TDR0170,BOOK_D,2025-11-13
TXN0002947649,APP019,2025-07-20,settled,36893.02,GBP,APAC,CP0012,BOND,TDR0077,BOOK_C,2025-04-25
TXN0002945331,APP009,2025-08-13,settled,752427.45,JPY,APAC,CP0473,SWAP,TDR0076,BOOK_B,2025-02-11
TXN0002067088,APP015,2025-07-27,settled,268854.1,AUD,APAC,CP0115,FX,TDR0198,BOOK_C,2025-07-22
TXN0005428794,APP016,2025-03-09,failed,95995.88,JPY,EMEA,CP0336,EQUITY,TDR0136,BOOK_A,2025-11-11
TXN0008610179,APP018,2025-03-21,failed,538198.84,JPY,LATAM,CP0257,BOND,TDR0194,BOOK_D,2026-02-09
TXN0009859491,APP016,2026-03-16,settled,894548.7,JPY,AMER,CP0017,EQUITY,TDR0079,BOOK_A,2025-06-22
TXN0009343661,APP018,2025-01-29,failed,576874.48,JPY,LATAM,CP0007,FUTURE,TDR0074,BOOK_C,2025-08-29
TXN0003376273,APP015,2025-12-31,pending,987740.29,GBP,APAC,CP0117,EQUITY,TDR0154,BOOK_B,2025-07-31
TXN0008844241,APP016,2025-12-30,active,181590.64,JPY,EMEA,CP0078,BOND,TDR0043,BOOK_A,2026-02-03
TXN0003794282,APP018,2025-11-03,settled,560159.75,AUD,AMER,CP0184,FUTURE,TDR0173,BOOK_C,2025-03-17
TXN0005763590,APP016,2025-03-30,active,672998.2,JPY,APAC,CP0312,FUTURE,TDR0016,BOOK_A,2025-04-10
TXN0000528446,APP004,2025-05-11,settled,520382.4,JPY,EMEA,CP0143,FX,TDR0050,BOOK_D,2025-10-29
TXN0004639044,APP001,2025-02-24,reversed,451161.32,EUR,AMER,CP0337,OPTION,TDR0102,BOOK_D,2025-12-13
TXN0004397518,APP010,2025-11-12,active,560903.24,GBP,LATAM,CP0154,FX,TDR0195,BOOK_C,2025-03-04
TXN0008966916,APP006,2025-04-15,pending,423706.41,CHF,LATAM,CP0124,SWAP,TDR0130,BOOK_B,2025-11-15
TXN0000609682,APP005,2025-01-22,pending,528051.75,USD,EMEA,CP0290,SWAP,TDR0059,BOOK_A,2026-03-17
TXN0000559758,APP007,2025-02-10,reversed,162960.4,GBP,LATAM,CP0283,BOND,TDR0094,BOOK_C,2026-03-03
TXN0008159373,APP015,2025-12-21,failed,194910.85,AUD,EMEA,CP0348,SWAP,TDR0160,BOOK_D,2025-11-29
TXN0007328517,APP020,2025-07-26,active,366364.29,JPY,APAC,CP0219,EQUITY,TDR0102,BOOK_A,2025-12-17
TXN0008333414,APP003,2025-06-03,reversed,230755.07,JPY,AMER,CP0312,OPTION,TDR0033,BOOK_B,2025-03-02
TXN0001018688,APP010,2026-03-15,active,165472.56,JPY,APAC,CP0093,EQUITY,TDR0002,BOOK_A,2025-02-04
TXN0002428297,APP017,2025-09-23,reversed,852519.5,USD,AMER,CP0257,FUTURE,TDR0103,BOOK_C,2025-07-18
TXN0007416522,APP013,2025-12-29,failed,457801.39,USD,LATAM,CP0370,SWAP,TDR0081,BOOK_B,2026-01-23
TXN0001887647,APP016,2025-04-18,pending,790446.82,CHF,AMER,CP0457,EQUITY,TDR0192,BOOK_C,2025-11-14
TXN0000452800,APP011,2025-02-16,active,738561.31,USD,EMEA,CP0246,FUTURE,TDR0164,BOOK_D,2025-01-18
TXN0002870790,APP008,2026-02-20,active,524646.14,AUD,LATAM,CP0071,FUTURE,TDR0070,BOOK_D,2025-02-28
TXN0007997027,APP007,2025-05-12,failed,171944.81,EUR,EMEA,CP0350,OPTION,TDR0082,BOOK_A,2025-08-01
TXN0009632011,APP001,2025-01-05,active,601941.62,AUD,EMEA,CP0177,EQUITY,TDR0165,BOOK_A,2025-11-05
TXN0008743354,APP002,2025-09-15,active,538040.36,GBP,LATAM,CP0196,OPTION,TDR0189,BOOK_B,2025-08-12
TXN0002846761,APP003,2025-08-12,active,695009.85,EUR,APAC,CP0430,SWAP,TDR0033,BOOK_D,2025-09-20
TXN0003104134,APP007,2025-09-19,reversed,569209.74,CHF,EMEA,CP0454,SWAP,TDR0148,BOOK_C,2025-11-06
TXN0008768424,APP003,2025-11-08,pending,574433.81,JPY,APAC,CP0038,FX,TDR0024,BOOK_A,2025-10-23
TXN0004537211,APP003,2025-02-09,pending,908372.08,GBP,AMER,CP0356,FX,TDR0151,BOOK_B,2025-05-22
TXN0003573221,APP009,2025-06-16,settled,403300.66,AUD,LATAM,CP0417,FUTURE,TDR0053,BOOK_B,2025-05-07
TXN0002981435,APP001,2025-12-14,active,899733.66,USD,APAC,CP0239,BOND,TDR0074,BOOK_A,2025-01-22
TXN0005412502,APP013,2025-01-04,reversed,551728.45,JPY,APAC,CP0439,BOND,TDR0121,BOOK_C,2025-10-02
TXN0002143826,APP015,2026-01-23,pending,164976.36,CHF,APAC,CP0297,EQUITY,TDR0165,BOOK_D,2026-04-06
TXN0004970124,APP012,2025-07-17,failed,939285.29,AUD,LATAM,CP0339,FX,TDR0018,BOOK_B,2025-04-13
TXN0008356826,APP010,2025-06-03,failed,331395.66,AUD,EMEA,CP0490,BOND,TDR0005,BOOK_C,2025-02-24
TXN0008647115,APP006,2025-01-19,failed,915691.19,JPY,AMER,CP0131,BOND,TDR0132,BOOK_C,2026-04-01
TXN0006718269,APP012,2025-11-10,reversed,884359.3,GBP,EMEA,CP0056,EQUITY,TDR0137,BOOK_D,2026-03-10
TXN0001224836,APP004,2025-12-01,settled,940.03,CHF,EMEA,CP0167,EQUITY,TDR0037,BOOK_B,2025-12-02
TXN0000066397,APP020,2026-03-07,active,815895.6,JPY,APAC,CP0403,BOND,TDR0096,BOOK_C,2025-08-10
TXN0003567927,APP013,2026-01-05,settled,187418.26,GBP,LATAM,CP0155,FX,TDR0051,BOOK_A,2026-02-20
TXN0008239959,APP006,2025-05-29,settled,816473.61,GBP,EMEA,CP0016,SWAP,TDR0076,BOOK_D,2025-02-21
TXN0008851819,APP004,2025-06-16,settled,467937.35,JPY,EMEA,CP0349,FUTURE,TDR0014,BOOK_B,2025-10-31
TXN0004951095,APP017,2025-12-20,failed,163332.02,GBP,EMEA,CP0453,EQUITY,TDR0107,BOOK_C,2025-10-09
TXN0006943663,APP011,2026-04-01,settled,408518.74,USD,AMER,CP0120,FUTURE,TDR0111,BOOK_B,2026-01-27
TXN0008474103,APP018,2025-07-03,reversed,275783.8,CHF,APAC,CP0332,OPTION,TDR0094,BOOK_C,2025-09-11
TXN0009662867,APP011,2026-02-28,pending,149140.43,GBP,APAC,CP0054,BOND,TDR0114,BOOK_B,2025-01-26
TXN0008667184,APP011,2025-12-15,pending,443519.17,GBP,LATAM,CP0281,FX,TDR0153,BOOK_C,2025-11-24
TXN0002868962,APP004,2026-03-28,failed,597325.5,GBP,APAC,CP0287,OPTION,TDR0025,BOOK_B,2025-07-10
TXN0000540873,APP012,2025-05-30,active,871927.41,USD,APAC,CP0286,BOND,TDR0174,BOOK_D,2025-02-25
TXN0008417682,APP018,2025-06-07,settled,744114.96,CHF,AMER,CP0080,BOND,TDR0181,BOOK_B,2026-03-14
TXN0005898815,APP001,2025-08-31,failed,632475.53,CHF,LATAM,CP0459,FUTURE,TDR0017,BOOK_B,2025-02-25
TXN0006536491,APP020,2025-07-08,failed,58514.61,USD,EMEA,CP0269,EQUITY,TDR0088,BOOK_D,2026-01-20
TXN0000612303,APP014,2025-03-30,pending,163036.36,JPY,EMEA,CP0290,BOND,TDR0073,BOOK_D,2025-11-12
TXN0002844492,APP010,2025-11-16,settled,974124.38,AUD,AMER,CP0376,BOND,TDR0052,BOOK_D,2025-02-28
TXN0003990775,APP015,2025-06-18,active,497939.94,EUR,AMER,CP0130,SWAP,TDR0157,BOOK_A,2026-02-18
TXN0007242404,APP007,2025-02-18,reversed,577753.94,EUR,LATAM,CP0096,EQUITY,TDR0157,BOOK_C,2026-04-06
TXN0006025154,APP016,2025-09-01,settled,651016.68,CHF,LATAM,CP0115,FX,TDR0054,BOOK_C,2025-06-06
TXN0007007407,APP008,2025-09-30,active,392287.01,EUR,AMER,CP0221,FUTURE,TDR0004,BOOK_B,2025-11-05
TXN0007929003,APP003,2025-06-10,pending,240509.59,AUD,APAC,CP0250,EQUITY,TDR0021,BOOK_A,2026-04-05
TXN0001668756,APP018,2025-08-11,reversed,119747.99,JPY,EMEA,CP0176,EQUITY,TDR0009,BOOK_C,2025-02-15
TXN0005906985,APP020,2025-12-17,failed,336455.59,AUD,AMER,CP0313,SWAP,TDR0101,BOOK_B,2025-03-14
TXN0005788677,APP009,2025-09-21,settled,73239.57,AUD,AMER,CP0166,FX,TDR0169,BOOK_B,2025-03-28
TXN0006438961,APP001,2025-02-22,reversed,168613.46,CHF,AMER,CP0298,FUTURE,TDR0145,BOOK_C,2025-08-19
TXN0002804573,APP005,2025-03-05,failed,720155.5,AUD,APAC,CP0434,BOND,TDR0097,BOOK_D,2025-10-31
TXN0007445130,APP015,2025-05-24,pending,413935.35,AUD,APAC,CP0120,OPTION,TDR0163,BOOK_B,2025-01-26
TXN0006691299,APP008,2025-01-04,active,627609.33,USD,LATAM,CP0201,FX,TDR0097,BOOK_B,2025-05-14
TXN0008184583,APP015,2025-10-24,failed,887446.6,CHF,AMER,CP0230,OPTION,TDR0044,BOOK_D,2025-07-19
TXN0009956313,APP014,2025-08-15,active,164023.51,USD,EMEA,CP0341,FX,TDR0048,BOOK_D,2025-12-08
TXN0006777152,APP012,2025-11-04,failed,325951.42,EUR,AMER,CP0141,FX,TDR0139,BOOK_D,2026-04-08
TXN0009351937,APP014,2025-02-10,active,160266.46,AUD,LATAM,CP0471,FX,TDR0052,BOOK_A,2025-01-05
TXN0008162178,APP007,2025-03-24,failed,325152.13,AUD,APAC,CP0281,SWAP,TDR0100,BOOK_A,2025-06-16
TXN0009776395,APP018,2025-08-07,settled,386076.91,USD,LATAM,CP0218,FUTURE,TDR0031,BOOK_D,2025-09-30
TXN0009719095,APP011,2025-10-04,active,247434.61,USD,AMER,CP0339,FUTURE,TDR0019,BOOK_D,2025-11-15
TXN0001671087,APP020,2025-10-18,failed,164388.05,GBP,APAC,CP0178,OPTION,TDR0133,BOOK_C,2025-11-09
TXN0005392946,APP004,2025-11-09,reversed,993283.44,USD,LATAM,CP0301,FX,TDR0097,BOOK_A,2025-01-25
TXN0007881592,APP002,2025-11-13,failed,925609.1,CHF,EMEA,CP0387,EQUITY,TDR0042,BOOK_D,2025-05-10
TXN0004311077,APP003,2025-06-17,settled,626473.31,CHF,EMEA,CP0230,OPTION,TDR0066,BOOK_A,2025-05-18
TXN0008473992,APP014,2026-04-05,failed,968244.89,CHF,EMEA,CP0203,BOND,TDR0141,BOOK_D,2025-06-07
TXN0005768246,APP004,2025-03-03,pending,691693.13,AUD,LATAM,CP0185,EQUITY,TDR0039,BOOK_A,2025-11-14
TXN0004543067,APP001,2025-11-29,settled,4237.51,CHF,APAC,CP0217,FUTURE,TDR0016,BOOK_D,2025-02-11
TXN0006583073,APP020,2025-08-19,reversed,696129.17,GBP,LATAM,CP0253,OPTION,TDR0006,BOOK_B,2025-08-26
TXN0007113491,APP020,2025-03-18,active,742065.99,EUR,APAC,CP0221,FX,TDR0181,BOOK_A,2025-04-23
TXN0003093356,APP011,2025-08-03,active,879380.74,EUR,EMEA,CP0452,SWAP,TDR0102,BOOK_B,2026-02-05
TXN0004028859,APP013,2026-03-14,reversed,554688.57,JPY,AMER,CP0347,FX,TDR0035,BOOK_A,2025-11-05
TXN0002966667,APP001,2025-05-24,active,725135.89,AUD,LATAM,CP0357,EQUITY,TDR0083,BOOK_C,2026-02-06
TXN0005920246,APP014,2026-02-19,settled,339768.97,JPY,APAC,CP0394,FUTURE,TDR0047,BOOK_C,2026-01-07
TXN0005993910,APP016,2025-02-01,reversed,129792.07,JPY,LATAM,CP0141,SWAP,TDR0101,BOOK_B,2025-04-16
TXN0005116561,APP005,2026-02-10,settled,835340.73,AUD,APAC,CP0067,FX,TDR0103,BOOK_A,2025-11-17
TXN0007093556,APP007,2025-09-02,failed,854136.58,USD,AMER,CP0379,EQUITY,TDR0056,BOOK_B,2025-04-21
TXN0009128221,APP012,2025-08-04,settled,593305.87,AUD,AMER,CP0204,BOND,TDR0149,BOOK_D,2026-02-15
TXN0006798461,APP015,2025-04-11,settled,763412.3,JPY,EMEA,CP0039,OPTION,TDR0044,BOOK_C,2026-03-02
TXN0005211260,APP015,2025-09-10,settled,920378.31,USD,LATAM,CP0220,EQUITY,TDR0068,BOOK_D,2026-02-06
TXN0003349852,APP010,2026-02-25,pending,967149.14,EUR,LATAM,CP0464,FX,TDR0184,BOOK_A,2025-12-03
TXN0001687386,APP009,2025-01-26,settled,147391.99,EUR,AMER,CP0239,EQUITY,TDR0082,BOOK_C,2025-10-10
TXN0006600975,APP013,2025-04-26,reversed,460421.06,AUD,LATAM,CP0047,OPTION,TDR0025,BOOK_D,2025-02-06
TXN0005119863,APP017,2025-01-04,reversed,359500.12,CHF,APAC,CP0216,SWAP,TDR0074,BOOK_D,2025-07-27
TXN0002566558,APP011,2025-09-11,reversed,980478.19,AUD,EMEA,CP0322,FX,TDR0178,BOOK_A,2025-08-28
TXN0003347854,APP006,2025-05-23,active,621488.62,GBP,APAC,CP0046,SWAP,TDR0185,BOOK_C,2026-02-14
TXN0000885035,APP014,2025-06-20,failed,230039.77,USD,AMER,CP0014,FUTURE,TDR0022,BOOK_C,2025-12-09
TXN0003447568,APP011,2026-02-10,pending,197573.51,AUD,APAC,CP0115,BOND,TDR0070,BOOK_D,2025-02-28
TXN0000554668,APP005,2025-01-16,settled,425748.48,EUR,AMER,CP0495,SWAP,TDR0117,BOOK_B,2026-04-03
TXN0008043275,APP005,2025-09-15,active,166401.9,JPY,APAC,CP0181,BOND,TDR0114,BOOK_A,2026-04-12
TXN0000228175,APP016,2025-06-17,reversed,988365.61,JPY,EMEA,CP0379,EQUITY,TDR0159,BOOK_D,2026-02-11
TXN0003245275,APP003,2025-06-29,failed,797213.84,AUD,EMEA,CP0409,SWAP,TDR0137,BOOK_C,2025-03-17
TXN0005928963,APP001,2025-05-05,pending,18183.52,CHF,EMEA,CP0355,FX,TDR0198,BOOK_B,2025-04-28
TXN0003189847,APP006,2025-10-30,pending,372571.12,CHF,LATAM,CP0354,FUTURE,TDR0040,BOOK_A,2025-04-24
TXN0009886799,APP019,2025-07-19,reversed,735526.24,GBP,AMER,CP0271,OPTION,TDR0039,BOOK_A,2025-04-25
TXN0000169056,APP013,2026-03-19,reversed,398950.07,AUD,APAC,CP0077,SWAP,TDR0090,BOOK_D,2025-06-27
TXN0004957617,APP017,2025-05-18,settled,615123.47,CHF,AMER,CP0210,FX,TDR0132,BOOK_C,2026-03-08
TXN0005062129,APP014,2025-04-08,failed,415071.01,GBP,EMEA,CP0253,FUTURE,TDR0152,BOOK_A,2025-04-11
TXN0005333051,APP001,2025-09-17,active,194955.23,EUR,AMER,CP0017,BOND,TDR0091,BOOK_A,2025-07-01
TXN0004453845,APP001,2026-02-15,pending,456155.0,USD,APAC,CP0091,EQUITY,TDR0069,BOOK_D,2025-01-18
TXN0003097452,APP006,2025-08-02,pending,332332.78,CHF,LATAM,CP0386,FUTURE,TDR0196,BOOK_A,2025-03-07
TXN0009441251,APP015,2025-11-26,failed,748444.74,AUD,LATAM,CP0043,EQUITY,TDR0120,BOOK_D,2025-06-23
TXN0002259074,APP007,2025-08-13,pending,455236.7,AUD,EMEA,CP0032,BOND,TDR0072,BOOK_D,2025-03-08
TXN0009859325,APP008,2026-02-11,settled,337663.76,GBP,AMER,CP0258,FX,TDR0139,BOOK_A,2025-06-28
TXN0004125060,APP004,2025-08-18,failed,644970.9,AUD,EMEA,CP0305,FX,TDR0034,BOOK_A,2025-08-31
TXN0006769714,APP006,2025-04-04,failed,671388.63,JPY,APAC,CP0391,SWAP,TDR0003,BOOK_D,2025-04-28
TXN0002729522,APP002,2025-11-08,settled,481395.49,EUR,LATAM,CP0200,SWAP,TDR0109,BOOK_A,2025-06-09
TXN0008960359,APP001,2025-11-13,pending,594460.66,GBP,EMEA,CP0360,SWAP,TDR0196,BOOK_A,2025-07-30
TXN0009083874,APP018,2026-01-29,settled,607369.23,JPY,LATAM,CP0399,BOND,TDR0077,BOOK_C,2025-03-14
TXN0006613351,APP002,2025-04-05,failed,413162.23,USD,APAC,CP0088,EQUITY,TDR0162,BOOK_B,2025-06-18
TXN0005654414,APP001,2025-03-05,reversed,592330.64,USD,APAC,CP0231,EQUITY,TDR0153,BOOK_A,2025-11-30
TXN0001435557,APP001,2026-03-30,settled,583430.01,GBP,LATAM,CP0183,SWAP,TDR0085,BOOK_B,2025-08-21
TXN0002831028,APP011,2025-08-14,pending,108064.85,AUD,APAC,CP0200,OPTION,TDR0167,BOOK_D,2025-01-27
TXN0008460560,APP005,2025-08-16,failed,222385.42,JPY,EMEA,CP0416,EQUITY,TDR0001,BOOK_D,2026-02-09
TXN0002377684,APP004,2025-03-06,reversed,634997.15,GBP,LATAM,CP0081,EQUITY,TDR0146,BOOK_A,2025-10-25
TXN0007023589,APP015,2025-09-22,settled,582906.31,EUR,EMEA,CP0071,FX,TDR0149,BOOK_A,2026-02-02
TXN0006661416,APP004,2026-01-05,reversed,945616.24,EUR,LATAM,CP0258,OPTION,TDR0181,BOOK_B,2025-08-19
TXN0002507750,APP019,2025-12-17,failed,387615.91,CHF,EMEA,CP0283,FX,TDR0107,BOOK_D,2026-03-05
TXN0007925977,APP009,2025-05-22,pending,163902.8,EUR,AMER,CP0379,OPTION,TDR0042,BOOK_D,2026-04-11
TXN0008836811,APP002,2025-03-09,settled,676479.27,CHF,APAC,CP0256,FUTURE,TDR0035,BOOK_B,2026-02-02
TXN0004764328,APP014,2025-10-13,pending,93058.01,AUD,LATAM,CP0138,OPTION,TDR0118,BOOK_D,2025-03-30
TXN0002347044,APP001,2025-12-19,reversed,358582.74,USD,EMEA,CP0348,FX,TDR0063,BOOK_D,2025-11-07
TXN0008650304,APP014,2025-03-19,reversed,950303.75,AUD,LATAM,CP0429,SWAP,TDR0083,BOOK_C,2025-06-24
TXN0005375736,APP009,2025-06-18,reversed,732690.34,JPY,APAC,CP0254,BOND,TDR0096,BOOK_A,2025-04-16
TXN0001628119,APP018,2025-02-22,settled,914884.49,EUR,EMEA,CP0277,OPTION,TDR0142,BOOK_D,2026-01-10
TXN0007786517,APP017,2025-05-20,failed,232043.02,EUR,LATAM,CP0177,BOND,TDR0190,BOOK_C,2025-09-16
TXN0005313154,APP002,2025-01-02,failed,510812.37,GBP,APAC,CP0432,FUTURE,TDR0062,BOOK_B,2026-03-04
TXN0001674162,APP020,2025-12-30,pending,773323.61,USD,EMEA,CP0154,OPTION,TDR0046,BOOK_D,2026-01-13
TXN0009182730,APP008,2025-02-24,active,316533.41,EUR,EMEA,CP0232,BOND,TDR0003,BOOK_C,2025-01-07
TXN0001959921,APP011,2025-08-11,active,415206.79,USD,EMEA,CP0140,SWAP,TDR0087,BOOK_A,2025-07-15
TXN0007621689,APP016,2026-03-26,settled,528910.13,JPY,LATAM,CP0062,FX,TDR0073,BOOK_B,2025-01-15
TXN0008092675,APP007,2025-04-22,settled,418475.37,JPY,EMEA,CP0243,BOND,TDR0096,BOOK_C,2025-10-20
TXN0007689090,APP001,2025-01-06,settled,319760.86,EUR,LATAM,CP0453,BOND,TDR0084,BOOK_A,2025-06-06
TXN0006105740,APP011,2025-09-21,failed,494732.5,EUR,AMER,CP0258,SWAP,TDR0102,BOOK_B,2025-10-19
TXN0003757299,APP013,2025-02-13,reversed,923101.36,GBP,APAC,CP0233,SWAP,TDR0135,BOOK_D,2025-05-17
TXN0000956587,APP020,2025-07-01,failed,290966.38,JPY,APAC,CP0422,SWAP,TDR0058,BOOK_B,2025-10-25
TXN0007174399,APP017,2026-01-11,settled,466082.07,JPY,EMEA,CP0175,FX,TDR0090,BOOK_B,2026-01-27
TXN0009821978,APP005,2025-08-23,settled,32348.37,AUD,APAC,CP0412,FUTURE,TDR0184,BOOK_A,2025-08-08
TXN0004079129,APP014,2025-01-02,failed,452972.23,USD,AMER,CP0210,FUTURE,TDR0115,BOOK_D,2025-07-24
TXN0003009788,APP004,2025-08-23,settled,443028.66,USD,APAC,CP0055,FX,TDR0162,BOOK_B,2025-07-10
TXN0000109591,APP018,2025-09-30,settled,829219.09,EUR,LATAM,CP0006,EQUITY,TDR0049,BOOK_A,2025-06-26
TXN0006315204,APP020,2025-12-19,settled,251573.08,AUD,EMEA,CP0318,FX,TDR0131,BOOK_D,2026-02-07
TXN0000030035,APP010,2025-12-04,reversed,473887.32,JPY,LATAM,CP0084,FUTURE,TDR0117,BOOK_B,2025-07-16
TXN0004245235,APP016,2025-09-27,pending,363628.61,CHF,APAC,CP0357,FX,TDR0026,BOOK_A,2025-04-10
TXN0007909675,APP019,2025-08-19,reversed,107417.26,AUD,AMER,CP0350,OPTION,TDR0190,BOOK_B,2025-05-05
TXN0003885833,APP009,2025-07-24,reversed,972156.33,GBP,LATAM,CP0416,FUTURE,TDR0099,BOOK_B,2025-01-03
TXN0001546948,APP009,2026-04-14,active,354389.31,AUD,AMER,CP0044,OPTION,TDR0179,BOOK_C,2025-05-04
TXN0005751440,APP014,2025-04-24,failed,754868.34,USD,EMEA,CP0142,FX,TDR0058,BOOK_B,2026-03-08
TXN0005535360,APP008,2025-03-19,settled,949973.26,CHF,LATAM,CP0103,FUTURE,TDR0148,BOOK_A,2025-01-20
TXN0005155599,APP002,2025-10-19,failed,308315.18,AUD,APAC,CP0038,OPTION,TDR0189,BOOK_A,2025-06-18
TXN0004461131,APP016,2025-09-06,active,875422.86,AUD,APAC,CP0082,EQUITY,TDR0100,BOOK_B,2025-01-23
TXN0005304130,APP016,2025-02-27,reversed,283864.53,GBP,EMEA,CP0337,SWAP,TDR0030,BOOK_C,2025-01-08
TXN0006649817,APP014,2025-09-11,active,627549.09,EUR,LATAM,CP0396,FX,TDR0196,BOOK_B,2026-01-17
TXN0001610304,APP012,2025-07-14,failed,79278.25,GBP,APAC,CP0241,FUTURE,TDR0091,BOOK_D,2026-01-04
TXN0004343879,APP020,2025-08-26,failed,150371.41,EUR,EMEA,CP0406,FX,TDR0100,BOOK_B,2026-02-01
TXN0004199491,APP019,2025-02-08,reversed,687611.76,CHF,AMER,CP0205,FUTURE,TDR0180,BOOK_A,2025-07-22
TXN0007228239,APP016,2026-03-17,failed,862610.12,EUR,AMER,CP0497,FUTURE,TDR0095,BOOK_B,2025-04-30
TXN0005814724,APP004,2025-08-09,reversed,739528.99,CHF,APAC,CP0358,SWAP,TDR0031,BOOK_B,2025-05-22
TXN0003844584,APP011,2025-10-19,reversed,465623.85,CHF,AMER,CP0391,FX,TDR0078,BOOK_B,2025-05-06
TXN0004421832,APP014,2026-03-24,settled,400434.5,JPY,AMER,CP0385,FUTURE,TDR0084,BOOK_C,2025-02-17
TXN0001390463,APP008,2025-05-30,active,380128.88,USD,EMEA,CP0123,EQUITY,TDR0049,BOOK_B,2025-08-13
TXN0001151582,APP017,2025-05-27,failed,983870.43,JPY,EMEA,CP0308,OPTION,TDR0033,BOOK_D,2025-07-02
TXN0003595923,APP018,2025-08-12,pending,520414.36,EUR,LATAM,CP0497,FUTURE,TDR0033,BOOK_D,2025-09-14
TXN0000490497,APP006,2025-02-23,settled,808873.51,USD,LATAM,CP0007,EQUITY,TDR0125,BOOK_D,2025-10-05
TXN0005790124,APP002,2025-05-04,reversed,226289.29,EUR,APAC,CP0212,BOND,TDR0159,BOOK_A,2025-09-11
TXN0009735618,APP010,2025-08-13,active,541467.86,EUR,AMER,CP0451,OPTION,TDR0032,BOOK_C,2025-04-21
TXN0000635592,APP013,2025-05-03,failed,275085.6,USD,EMEA,CP0056,FUTURE,TDR0043,BOOK_B,2025-03-10
TXN0003463563,APP020,2026-01-05,reversed,8498.05,AUD,LATAM,CP0255,FUTURE,TDR0111,BOOK_A,2025-12-14
TXN0005786719,APP018,2025-06-05,pending,794818.14,JPY,AMER,CP0359,BOND,TDR0083,BOOK_D,2025-12-26
TXN0005267432,APP016,2026-01-23,active,55446.91,CHF,AMER,CP0143,FUTURE,TDR0114,BOOK_C,2025-03-30
TXN0006315776,APP017,2025-03-09,settled,208661.88,AUD,AMER,CP0311,FUTURE,TDR0148,BOOK_C,2025-01-22
TXN0006904287,APP016,2025-06-22,pending,601199.17,CHF,EMEA,CP0145,BOND,TDR0188,BOOK_C,2026-02-05
TXN0008929774,APP007,2025-01-28,active,983798.75,JPY,AMER,CP0452,FUTURE,TDR0071,BOOK_B,2025-05-13
TXN0000380798,APP016,2025-07-04,pending,960224.06,USD,AMER,CP0056,EQUITY,TDR0009,BOOK_D,2025-05-09
TXN0004149092,APP006,2026-03-26,settled,251186.58,EUR,EMEA,CP0316,OPTION,TDR0109,BOOK_A,2025-10-20
TXN0003742938,APP020,2025-06-13,active,591348.83,USD,EMEA,CP0377,FX,TDR0116,BOOK_D,2025-11-15
TXN0000004394,APP008,2025-02-16,pending,820283.71,CHF,APAC,CP0032,FX,TDR0089,BOOK_D,2025-09-15
TXN0005852033,APP002,2025-12-08,active,176686.44,GBP,APAC,CP0350,FX,TDR0014,BOOK_B,2025-07-17
TXN0001636361,APP019,2025-10-23,failed,862344.84,CHF,EMEA,CP0242,FX,TDR0095,BOOK_A,2025-08-09
TXN0003615583,APP008,2025-02-21,failed,465259.99,CHF,EMEA,CP0384,BOND,TDR0121,BOOK_D,2025-01-26
TXN0009127611,APP003,2026-04-07,reversed,179390.32,GBP,AMER,CP0256,BOND,TDR0112,BOOK_D,2026-02-16
TXN0001565544,APP017,2025-06-05,failed,452049.55,EUR,AMER,CP0324,FX,TDR0134,BOOK_C,2025-08-24
TXN0001893085,APP017,2025-09-07,settled,307668.54,AUD,EMEA,CP0355,FX,TDR0165,BOOK_A,2025-01-10
TXN0004641648,APP018,2025-05-19,failed,486003.19,CHF,LATAM,CP0391,OPTION,TDR0137,BOOK_C,2025-02-20
TXN0003212136,APP016,2026-01-23,reversed,781588.03,EUR,LATAM,CP0214,SWAP,TDR0057,BOOK_B,2025-10-24
TXN0000350982,APP003,2026-03-24,pending,662277.38,EUR,EMEA,CP0193,SWAP,TDR0093,BOOK_B,2025-07-23
TXN0005860390,APP019,2025-08-25,reversed,97582.78,JPY,AMER,CP0119,BOND,TDR0058,BOOK_D,2026-01-14
TXN0003484190,APP009,2025-10-09,settled,332761.63,CHF,AMER,CP0085,BOND,TDR0124,BOOK_C,2025-08-03
TXN0003043793,APP019,2025-12-11,failed,723471.87,AUD,AMER,CP0064,EQUITY,TDR0102,BOOK_C,2025-08-13
TXN0000295538,APP014,2026-02-10,failed,158580.94,AUD,AMER,CP0232,FUTURE,TDR0029,BOOK_D,2025-01-14
TXN0001289023,APP014,2026-01-02,pending,510594.89,AUD,LATAM,CP0490,EQUITY,TDR0048,BOOK_D,2025-05-17
TXN0004606976,APP009,2025-02-10,reversed,133938.05,CHF,APAC,CP0056,SWAP,TDR0107,BOOK_A,2025-10-06
TXN0004761519,APP013,2025-11-18,pending,79845.65,JPY,AMER,CP0104,FUTURE,TDR0022,BOOK_A,2026-03-14
TXN0007005287,APP004,2026-01-27,reversed,153381.17,JPY,EMEA,CP0298,EQUITY,TDR0020,BOOK_C,2025-07-08
TXN0003379605,APP016,2025-01-17,pending,129557.45,USD,APAC,CP0010,SWAP,TDR0060,BOOK_C,2026-02-10
TXN0005065543,APP004,2025-11-29,settled,107322.17,GBP,AMER,CP0002,EQUITY,TDR0075,BOOK_A,2026-01-25
TXN0009688344,APP018,2025-06-30,reversed,239531.0,USD,EMEA,CP0382,FUTURE,TDR0129,BOOK_B,2025-02-05
TXN0000766441,APP012,2025-07-23,reversed,613138.64,CHF,APAC,CP0430,FX,TDR0142,BOOK_C,2025-05-14
TXN0009575827,APP016,2025-09-12,failed,659036.98,USD,APAC,CP0007,EQUITY,TDR0052,BOOK_B,2025-04-17
TXN0004549277,APP010,2025-06-28,settled,414446.68,JPY,APAC,CP0040,BOND,TDR0027,BOOK_B,2025-09-27
TXN0002241193,APP004,2025-08-23,active,846571.25,EUR,AMER,CP0481,EQUITY,TDR0038,BOOK_C,2025-02-03
TXN0006917981,APP019,2025-08-05,failed,542110.17,CHF,AMER,CP0073,EQUITY,TDR0047,BOOK_D,2025-04-27
TXN0002034885,APP020,2026-02-17,pending,174376.23,USD,EMEA,CP0001,EQUITY,TDR0023,BOOK_D,2025-03-30
TXN0008259850,APP010,2025-05-17,settled,24096.34,JPY,EMEA,CP0328,OPTION,TDR0166,BOOK_A,2025-02-12
TXN0001367983,APP011,2025-12-17,active,161415.92,CHF,EMEA,CP0382,FUTURE,TDR0081,BOOK_C,2025-11-02
TXN0001412137,APP015,2025-05-01,pending,217189.38,JPY,EMEA,CP0105,OPTION,TDR0136,BOOK_B,2026-03-15
TXN0001414321,APP010,2025-10-24,settled,824682.18,CHF,EMEA,CP0118,FUTURE,TDR0175,BOOK_C,2025-02-13
TXN0006780091,APP007,2025-12-05,reversed,839332.78,GBP,LATAM,CP0213,EQUITY,TDR0094,BOOK_D,2026-02-02
TXN0007325796,APP018,2025-12-03,failed,939059.71,JPY,APAC,CP0355,BOND,TDR0193,BOOK_C,2025-10-14
TXN0003654868,APP005,2025-07-29,failed,116930.19,EUR,EMEA,CP0018,FUTURE,TDR0092,BOOK_C,2026-03-26
TXN0005614068,APP015,2025-03-07,pending,60979.77,GBP,APAC,CP0342,FUTURE,TDR0105,BOOK_A,2025-05-14
TXN0001646671,APP015,2025-07-20,reversed,104317.34,EUR,APAC,CP0077,EQUITY,TDR0128,BOOK_C,2025-04-23
TXN0003918940,APP002,2025-04-28,pending,737768.94,CHF,APAC,CP0477,SWAP,TDR0189,BOOK_A,2026-02-22
TXN0006865869,APP009,2026-03-14,pending,777342.8,USD,LATAM,CP0058,EQUITY,TDR0096,BOOK_D,2025-09-20
TXN0007275148,APP003,2025-05-07,reversed,194808.44,USD,LATAM,CP0101,SWAP,TDR0095,BOOK_B,2025-06-09
TXN0000015109,APP020,2025-01-16,reversed,598843.37,EUR,AMER,CP0311,FX,TDR0027,BOOK_B,2025-04-14
TXN0002572665,APP001,2026-01-25,active,986581.06,JPY,EMEA,CP0459,FUTURE,TDR0094,BOOK_A,2025-02-26
TXN0009947754,APP002,2025-11-25,failed,841778.52,EUR,AMER,CP0140,FUTURE,TDR0048,BOOK_D,2026-02-07
TXN0007909122,APP001,2026-02-23,active,679490.73,JPY,AMER,CP0267,FX,TDR0119,BOOK_C,2025-12-30
TXN0007237856,APP002,2025-09-03,settled,456193.43,AUD,LATAM,CP0466,FX,TDR0174,BOOK_C,2025-05-08
TXN0004953683,APP008,2025-12-29,failed,142653.55,JPY,APAC,CP0203,FX,TDR0147,BOOK_C,2026-01-22
TXN0008977618,APP010,2025-10-06,active,574397.72,EUR,AMER,CP0047,BOND,TDR0080,BOOK_B,2025-07-03
TXN0007494602,APP014,2025-09-20,pending,972307.84,USD,LATAM,CP0165,SWAP,TDR0021,BOOK_C,2025-11-28
TXN0008561069,APP005,2025-08-09,pending,129102.09,GBP,LATAM,CP0031,FX,TDR0089,BOOK_C,2025-08-14
TXN0007057258,APP018,2025-12-26,pending,861511.21,USD,AMER,CP0277,SWAP,TDR0154,BOOK_A,2025-12-14
TXN0008623914,APP009,2026-03-13,settled,369632.74,AUD,EMEA,CP0136,FUTURE,TDR0073,BOOK_C,2026-04-06
TXN0004226954,APP019,2025-10-18,failed,828595.7,USD,APAC,CP0289,FUTURE,TDR0104,BOOK_C,2025-01-04
TXN0002446459,APP014,2026-02-22,settled,285948.66,JPY,EMEA,CP0324,FX,TDR0032,BOOK_C,2025-09-13
TXN0005001034,APP018,2025-06-28,failed,377221.35,JPY,LATAM,CP0110,FUTURE,TDR0119,BOOK_A,2025-03-20
TXN0008308587,APP012,2025-03-01,settled,735849.86,USD,EMEA,CP0050,SWAP,TDR0035,BOOK_B,2025-02-10
TXN0004588272,APP003,2025-05-04,failed,980674.74,USD,LATAM,CP0307,FX,TDR0186,BOOK_A,2025-04-18
TXN0007139552,APP007,2025-12-19,settled,437381.75,AUD,AMER,CP0152,EQUITY,TDR0132,BOOK_B,2025-08-23
TXN0004961445,APP013,2025-10-03,failed,900010.17,JPY,LATAM,CP0025,EQUITY,TDR0054,BOOK_D,2025-10-18
TXN0002518606,APP016,2025-07-31,failed,149632.83,GBP,AMER,CP0389,BOND,TDR0060,BOOK_B,2025-05-15
TXN0002217223,APP017,2025-01-25,reversed,274301.42,GBP,AMER,CP0229,FUTURE,TDR0053,BOOK_B,2025-02-07
TXN0008536522,APP012,2025-04-07,settled,513803.41,EUR,AMER,CP0330,BOND,TDR0024,BOOK_A,2025-10-12
TXN0008994152,APP012,2025-03-08,active,530408.45,AUD,EMEA,CP0426,EQUITY,TDR0175,BOOK_C,2025-02-07
TXN0006133822,APP020,2025-11-10,failed,213953.52,GBP,AMER,CP0252,SWAP,TDR0064,BOOK_D,2025-10-08
TXN0005323023,APP010,2025-01-14,active,393098.77,USD,AMER,CP0342,SWAP,TDR0171,BOOK_A,2025-02-11
TXN0009403843,APP004,2025-12-06,reversed,906525.06,CHF,APAC,CP0316,EQUITY,TDR0185,BOOK_A,2025-04-04
TXN0008027880,APP003,2026-03-14,reversed,282899.91,AUD,AMER,CP0148,BOND,TDR0010,BOOK_C,2025-08-15
TXN0007865941,APP012,2026-02-20,active,857626.39,USD,AMER,CP0414,BOND,TDR0198,BOOK_A,2025-12-17
TXN0006654043,APP016,2025-08-30,pending,487915.02,CHF,EMEA,CP0075,SWAP,TDR0077,BOOK_D,2025-11-20
TXN0003295889,APP006,2026-02-05,pending,142408.91,CHF,AMER,CP0329,FUTURE,TDR0051,BOOK_D,2026-01-01
TXN0005556797,APP008,2026-01-06,settled,783668.29,EUR,AMER,CP0296,OPTION,TDR0089,BOOK_D,2025-05-05
TXN0009325955,APP016,2025-12-07,active,263829.74,CHF,APAC,CP0406,EQUITY,TDR0020,BOOK_B,2025-09-11
TXN0009961735,APP020,2025-08-31,failed,430890.99,USD,LATAM,CP0078,SWAP,TDR0103,BOOK_C,2025-07-22
TXN0007350348,APP004,2025-07-12,settled,311890.2,GBP,LATAM,CP0270,FUTURE,TDR0151,BOOK_B,2026-03-16
TXN0000181790,APP013,2025-08-08,failed,794032.99,CHF,AMER,CP0129,BOND,TDR0170,BOOK_C,2025-01-07
TXN0000512995,APP019,2025-12-17,pending,861035.67,JPY,EMEA,CP0051,FX,TDR0104,BOOK_D,2025-08-10
TXN0002326532,APP010,2025-09-05,active,895731.72,GBP,AMER,CP0180,SWAP,TDR0129,BOOK_A,2025-07-27
TXN0007323829,APP007,2025-03-03,settled,895109.32,JPY,LATAM,CP0365,EQUITY,TDR0175,BOOK_B,2026-03-18
TXN0008536141,APP007,2025-10-16,failed,670414.6,JPY,AMER,CP0202,OPTION,TDR0043,BOOK_A,2025-11-13
TXN0009240036,APP008,2025-04-13,reversed,31102.25,GBP,APAC,CP0332,OPTION,TDR0028,BOOK_D,2025-12-23
TXN0003767431,APP010,2025-03-22,settled,706024.79,GBP,EMEA,CP0466,OPTION,TDR0127,BOOK_A,2026-03-04
TXN0000219549,APP012,2026-03-05,settled,774897.57,GBP,APAC,CP0220,BOND,TDR0129,BOOK_C,2025-05-02
TXN0001618968,APP004,2025-04-20,active,737782.08,JPY,AMER,CP0093,BOND,TDR0109,BOOK_D,2025-03-19
TXN0001822268,APP015,2026-03-24,failed,313251.45,GBP,APAC,CP0156,OPTION,TDR0038,BOOK_C,2025-11-01
TXN0005822419,APP020,2026-01-22,failed,510354.42,JPY,LATAM,CP0052,FUTURE,TDR0068,BOOK_B,2025-12-12
TXN0006042908,APP007,2025-04-29,settled,384462.08,CHF,APAC,CP0070,BOND,TDR0060,BOOK_D,2025-09-28
TXN0008664843,APP011,2026-01-31,pending,608476.53,GBP,AMER,CP0045,FX,TDR0115,BOOK_A,2025-08-02
TXN0009476166,APP008,2025-12-07,failed,364458.05,EUR,AMER,CP0236,FX,TDR0069,BOOK_A,2025-05-16
TXN0001282218,APP016,2025-09-13,settled,57944.82,AUD,EMEA,CP0268,BOND,TDR0080,BOOK_C,2025-03-06
TXN0000946072,APP017,2025-04-14,settled,686265.7,AUD,APAC,CP0388,SWAP,TDR0115,BOOK_B,2026-03-21
TXN0000581183,APP018,2026-02-20,active,246416.49,GBP,EMEA,CP0378,EQUITY,TDR0057,BOOK_D,2025-02-19
TXN0007155305,APP008,2025-11-07,active,91967.3,GBP,AMER,CP0241,SWAP,TDR0006,BOOK_C,2025-03-18
TXN0009842934,APP017,2025-04-25,failed,39156.77,CHF,LATAM,CP0371,FUTURE,TDR0025,BOOK_A,2025-05-25
TXN0009746714,APP011,2025-01-12,active,131582.1,AUD,AMER,CP0207,SWAP,TDR0045,BOOK_D,2025-03-18
TXN0002082114,APP017,2025-11-15,settled,932009.01,EUR,LATAM,CP0068,FUTURE,TDR0174,BOOK_A,2025-08-11
TXN0002822741,APP007,2025-04-16,active,930079.61,GBP,AMER,CP0463,FX,TDR0107,BOOK_A,2026-03-16
TXN0009081315,APP017,2025-02-04,reversed,673194.33,AUD,APAC,CP0371,EQUITY,TDR0169,BOOK_B,2026-03-01
TXN0007460256,APP013,2026-02-06,failed,242297.45,EUR,EMEA,CP0082,FX,TDR0014,BOOK_D,2025-09-20
TXN0000206019,APP019,2025-12-16,settled,660525.61,USD,EMEA,CP0477,FX,TDR0165,BOOK_D,2025-10-12
TXN0006775656,APP019,2025-11-07,reversed,139643.45,EUR,AMER,CP0381,OPTION,TDR0056,BOOK_C,2025-09-26
TXN0002684625,APP012,2025-09-17,reversed,224921.53,USD,EMEA,CP0185,SWAP,TDR0107,BOOK_C,2025-10-02
TXN0001611627,APP007,2025-12-29,pending,802882.87,GBP,LATAM,CP0235,OPTION,TDR0033,BOOK_C,2025-03-04
TXN0002654638,APP005,2026-01-09,pending,415369.79,USD,EMEA,CP0216,OPTION,TDR0142,BOOK_D,2025-01-05
TXN0003484362,APP015,2025-07-17,failed,187390.32,GBP,LATAM,CP0296,BOND,TDR0022,BOOK_C,2025-03-07
TXN0002595377,APP002,2025-09-19,active,120786.76,GBP,APAC,CP0394,OPTION,TDR0151,BOOK_B,2026-01-22
TXN0000399493,APP014,2025-07-09,settled,14383.35,EUR,LATAM,CP0495,SWAP,TDR0109,BOOK_D,2025-10-17
TXN0006959477,APP008,2026-02-13,failed,983963.36,JPY,LATAM,CP0197,FUTURE,TDR0116,BOOK_D,2025-06-24
TXN0004406731,APP010,2026-01-10,settled,889127.69,CHF,APAC,CP0479,SWAP,TDR0129,BOOK_D,2025-02-04
TXN0009375474,APP016,2026-03-19,settled,201183.83,AUD,APAC,CP0343,EQUITY,TDR0089,BOOK_A,2025-10-02
TXN0001862458,APP005,2026-03-31,settled,574178.9,EUR,APAC,CP0200,SWAP,TDR0159,BOOK_D,2025-11-09
TXN0007186776,APP012,2025-02-12,pending,957918.52,CHF,LATAM,CP0355,SWAP,TDR0068,BOOK_B,2025-10-14
TXN0007191401,APP004,2025-01-11,failed,312374.33,USD,APAC,CP0414,EQUITY,TDR0173,BOOK_C,2026-03-12
TXN0006009706,APP009,2025-08-08,reversed,143835.51,AUD,LATAM,CP0279,EQUITY,TDR0040,BOOK_A,2025-01-21
TXN0006945611,APP009,2025-12-11,reversed,494393.89,CHF,LATAM,CP0372,SWAP,TDR0200,BOOK_A,2025-12-21
TXN0008166346,APP007,2025-08-03,reversed,893384.21,JPY,LATAM,CP0483,OPTION,TDR0063,BOOK_A,2025-04-22
TXN0001682553,APP005,2025-01-08,active,765064.37,GBP,EMEA,CP0260,SWAP,TDR0095,BOOK_B,2026-01-26
TXN0005627587,APP006,2025-02-04,pending,902957.45,CHF,AMER,CP0042,FX,TDR0096,BOOK_D,2025-06-10
TXN0007970316,APP013,2025-05-15,reversed,818837.84,AUD,AMER,CP0074,BOND,TDR0040,BOOK_A,2025-07-12
TXN0000414996,APP014,2025-11-14,active,697068.0,CHF,APAC,CP0045,OPTION,TDR0184,BOOK_B,2025-12-27
TXN0008681995,APP016,2026-01-18,pending,567853.18,GBP,EMEA,CP0054,FUTURE,TDR0070,BOOK_D,2025-01-13
TXN0004348647,APP002,2025-04-25,active,201615.93,USD,AMER,CP0327,FUTURE,TDR0013,BOOK_A,2025-02-27
TXN0008434086,APP003,2025-08-13,reversed,92347.86,EUR,LATAM,CP0092,FX,TDR0168,BOOK_C,2025-09-10
TXN0009848048,APP016,2025-07-16,pending,44064.02,USD,EMEA,CP0351,EQUITY,TDR0034,BOOK_D,2025-12-25
TXN0001355925,APP015,2025-04-26,pending,132720.63,AUD,LATAM,CP0197,BOND,TDR0085,BOOK_C,2025-12-22
TXN0004589814,APP009,2026-02-25,reversed,401438.33,JPY,APAC,CP0200,FUTURE,TDR0018,BOOK_C,2026-04-04
TXN0008257709,APP010,2025-10-27,failed,21316.11,AUD,EMEA,CP0487,EQUITY,TDR0072,BOOK_A,2025-02-17
TXN0009946481,APP019,2025-04-30,pending,36674.52,GBP,LATAM,CP0196,OPTION,TDR0083,BOOK_C,2025-07-14
TXN0005319122,APP014,2026-02-06,active,538981.18,AUD,AMER,CP0415,OPTION,TDR0118,BOOK_D,2025-12-25
TXN0001754705,APP010,2025-06-19,settled,332015.09,USD,EMEA,CP0082,FUTURE,TDR0041,BOOK_B,2025-01-31
TXN0001654153,APP010,2025-01-15,active,469093.75,USD,AMER,CP0237,BOND,TDR0143,BOOK_B,2026-01-28
TXN0008958835,APP004,2026-02-16,pending,559816.31,GBP,APAC,CP0170,BOND,TDR0042,BOOK_C,2025-04-26
TXN0001931475,APP016,2025-07-07,active,290813.67,JPY,EMEA,CP0394,FUTURE,TDR0021,BOOK_C,2025-01-20
TXN0007240144,APP011,2025-04-24,active,80592.24,GBP,EMEA,CP0118,BOND,TDR0142,BOOK_C,2025-12-13
TXN0004311980,APP005,2025-05-25,active,511365.77,EUR,APAC,CP0162,FUTURE,TDR0012,BOOK_A,2025-11-14
TXN0001625971,APP001,2025-03-21,settled,912102.91,CHF,AMER,CP0186,OPTION,TDR0078,BOOK_C,2025-08-22
TXN0000613690,APP015,2025-01-28,active,543384.47,GBP,APAC,CP0044,BOND,TDR0070,BOOK_C,2025-10-26
TXN0000279234,APP016,2025-01-13,failed,24234.1,GBP,APAC,CP0021,BOND,TDR0046,BOOK_D,2025-09-19
TXN0002591980,APP007,2025-03-23,active,673613.55,EUR,AMER,CP0252,EQUITY,TDR0141,BOOK_A,2025-12-21
TXN0004491669,APP019,2025-06-28,pending,775457.94,JPY,EMEA,CP0232,SWAP,TDR0058,BOOK_D,2025-01-09
TXN0005644827,APP012,2025-05-04,failed,691366.86,JPY,LATAM,CP0282,BOND,TDR0131,BOOK_C,2025-08-14
TXN0000462034,APP002,2026-03-28,settled,847667.54,GBP,AMER,CP0188,SWAP,TDR0021,BOOK_D,2025-11-15
TXN0001689068,APP011,2025-08-07,reversed,433872.09,GBP,LATAM,CP0474,BOND,TDR0081,BOOK_D,2025-06-21
TXN0003408309,APP010,2025-12-03,active,133852.93,USD,LATAM,CP0371,EQUITY,TDR0191,BOOK_D,2026-04-12
TXN0009621924,APP005,2025-11-02,active,67781.73,CHF,AMER,CP0452,FX,TDR0026,BOOK_A,2026-01-01
TXN0008671698,APP016,2025-04-29,reversed,517498.52,GBP,AMER,CP0101,BOND,TDR0047,BOOK_D,2026-02-05
TXN0005598805,APP016,2025-09-22,settled,552029.32,JPY,EMEA,CP0491,BOND,TDR0191,BOOK_D,2025-05-15
TXN0003692227,APP018,2025-08-23,failed,304302.74,AUD,EMEA,CP0367,SWAP,TDR0131,BOOK_B,2025-10-22
TXN0002157657,APP018,2025-05-15,pending,828688.37,CHF,LATAM,CP0174,OPTION,TDR0057,BOOK_A,2025-02-15
TXN0003790930,APP019,2025-12-04,settled,392790.49,AUD,AMER,CP0115,OPTION,TDR0047,BOOK_C,2025-03-17
TXN0009576078,APP019,2025-11-16,pending,326629.06,CHF,AMER,CP0201,FUTURE,TDR0150,BOOK_A,2025-09-16
TXN0003724916,APP020,2026-02-10,settled,152290.21,GBP,EMEA,CP0263,SWAP,TDR0003,BOOK_C,2025-08-02
TXN0003189827,APP011,2025-07-28,settled,104114.84,USD,EMEA,CP0469,FX,TDR0031,BOOK_C,2026-04-12
TXN0009433321,APP014,2025-04-14,failed,410224.51,USD,EMEA,CP0337,BOND,TDR0017,BOOK_B,2025-03-19
TXN0004379980,APP008,2025-12-20,failed,76234.2,JPY,APAC,CP0368,OPTION,TDR0107,BOOK_D,2026-01-29
TXN0003984408,APP019,2025-03-06,reversed,684375.67,CHF,AMER,CP0133,SWAP,TDR0096,BOOK_C,2025-12-02
TXN0009979971,APP020,2025-07-26,pending,273230.27,USD,LATAM,CP0382,BOND,TDR0171,BOOK_D,2025-12-23
TXN0001824365,APP014,2026-01-26,settled,209184.48,CHF,AMER,CP0433,EQUITY,TDR0143,BOOK_B,2025-04-23
TXN0002517555,APP005,2025-07-12,pending,937164.52,JPY,LATAM,CP0106,FX,TDR0195,BOOK_B,2025-01-11
TXN0008130474,APP017,2025-10-23,reversed,479109.21,CHF,APAC,CP0163,FUTURE,TDR0191,BOOK_B,2025-11-12
TXN0004323716,APP017,2025-07-31,reversed,295235.45,JPY,EMEA,CP0051,OPTION,TDR0178,BOOK_B,2025-07-11
TXN0006948222,APP004,2025-09-03,active,431799.31,AUD,EMEA,CP0498,BOND,TDR0163,BOOK_C,2025-11-08
TXN0008955391,APP006,2025-07-01,active,956505.07,GBP,AMER,CP0397,EQUITY,TDR0194,BOOK_B,2026-02-10
TXN0007943111,APP017,2025-03-19,reversed,869014.34,JPY,APAC,CP0195,FUTURE,TDR0193,BOOK_C,2026-01-01
TXN0004314133,APP012,2025-03-21,pending,285743.79,GBP,LATAM,CP0358,BOND,TDR0197,BOOK_D,2025-08-28
TXN0004403952,APP009,2025-10-15,reversed,726735.95,AUD,EMEA,CP0068,FUTURE,TDR0081,BOOK_D,2026-02-21
TXN0006821916,APP006,2025-03-06,active,34666.69,EUR,AMER,CP0274,FUTURE,TDR0003,BOOK_B,2025-12-30
TXN0005548786,APP019,2025-04-28,reversed,845.6,GBP,APAC,CP0448,SWAP,TDR0043,BOOK_B,2025-11-04
TXN0001328361,APP011,2026-01-02,active,514140.86,CHF,EMEA,CP0406,EQUITY,TDR0065,BOOK_B,2025-04-25
TXN0004437344,APP005,2025-12-14,reversed,422699.66,EUR,EMEA,CP0148,EQUITY,TDR0004,BOOK_A,2025-12-29
TXN0002058360,APP004,2025-08-08,failed,741871.05,AUD,EMEA,CP0104,BOND,TDR0067,BOOK_A,2026-01-23
TXN0001402054,APP017,2025-09-02,reversed,551498.97,USD,EMEA,CP0188,EQUITY,TDR0069,BOOK_C,2025-01-02
TXN0003103172,APP014,2025-10-25,active,362090.61,CHF,LATAM,CP0092,OPTION,TDR0069,BOOK_D,2025-05-15
TXN0000223629,APP002,2025-03-06,failed,531970.17,EUR,AMER,CP0163,EQUITY,TDR0140,BOOK_D,2026-03-03
TXN0006742868,APP005,2026-03-06,active,726632.69,JPY,AMER,CP0166,EQUITY,TDR0133,BOOK_A,2025-08-02
TXN0001384544,APP009,2026-02-03,settled,947930.02,JPY,AMER,CP0458,FUTURE,TDR0054,BOOK_C,2025-01-26
TXN0007407343,APP013,2025-07-29,failed,624740.0,JPY,EMEA,CP0302,BOND,TDR0156,BOOK_A,2025-01-23
TXN0009532836,APP003,2025-09-19,reversed,62722.41,AUD,LATAM,CP0289,OPTION,TDR0183,BOOK_A,2025-11-26
TXN0009650587,APP014,2025-04-24,active,54219.56,CHF,AMER,CP0245,FUTURE,TDR0037,BOOK_A,2025-10-19
TXN0001201043,APP009,2026-01-20,active,19452.83,CHF,EMEA,CP0199,SWAP,TDR0075,BOOK_D,2025-12-19
TXN0004760752,APP019,2026-04-03,failed,708856.5,USD,LATAM,CP0241,FUTURE,TDR0179,BOOK_C,2025-02-14
TXN0003144131,APP015,2025-02-28,failed,998233.9,JPY,AMER,CP0462,SWAP,TDR0034,BOOK_A,2025-04-26
TXN0002342323,APP009,2025-07-15,settled,214843.96,CHF,APAC,CP0103,OPTION,TDR0128,BOOK_A,2026-02-10
TXN0002274927,APP017,2025-09-15,active,215172.7,JPY,APAC,CP0155,FX,TDR0200,BOOK_A,2025-07-11
TXN0001737445,APP016,2025-07-17,reversed,324689.04,JPY,EMEA,CP0443,FX,TDR0018,BOOK_C,2025-01-06
TXN0009989171,APP001,2026-03-13,failed,701777.38,GBP,LATAM,CP0277,SWAP,TDR0138,BOOK_A,2025-04-26
TXN0001334123,APP011,2025-12-05,reversed,749091.71,USD,LATAM,CP0251,BOND,TDR0050,BOOK_C,2025-06-22
TXN0008921943,APP010,2026-04-01,reversed,947286.76,EUR,LATAM,CP0096,OPTION,TDR0196,BOOK_A,2025-11-23
TXN0005656662,APP009,2025-06-19,settled,297840.6,CHF,EMEA,CP0225,EQUITY,TDR0133,BOOK_A,2026-03-19
TXN0008341055,APP014,2025-09-23,settled,398092.53,JPY,AMER,CP0458,SWAP,TDR0029,BOOK_A,2025-12-10
TXN0006751024,APP004,2025-12-03,active,68994.89,EUR,EMEA,CP0452,FUTURE,TDR0029,BOOK_A,2026-04-03
TXN0005917194,APP001,2025-11-21,settled,439358.29,EUR,EMEA,CP0264,FX,TDR0092,BOOK_C,2025-11-29
TXN0005280461,APP010,2025-12-29,pending,729120.8,EUR,LATAM,CP0496,FX,TDR0055,BOOK_A,2026-04-12
TXN0009385279,APP011,2025-10-22,reversed,458059.8,USD,LATAM,CP0253,BOND,TDR0137,BOOK_C,2025-04-20
TXN0004451577,APP012,2025-09-18,reversed,310074.77,USD,EMEA,CP0235,EQUITY,TDR0007,BOOK_D,2026-03-11
TXN0003643194,APP008,2025-04-14,reversed,2855.38,EUR,LATAM,CP0293,SWAP,TDR0004,BOOK_D,2025-06-09
TXN0001940242,APP016,2025-04-09,pending,856046.51,GBP,AMER,CP0099,EQUITY,TDR0016,BOOK_B,2025-02-15
TXN0001448273,APP020,2025-06-28,pending,123773.68,EUR,EMEA,CP0359,EQUITY,TDR0197,BOOK_A,2026-04-11
TXN0004421648,APP005,2026-01-02,reversed,670653.06,CHF,APAC,CP0338,BOND,TDR0160,BOOK_C,2025-01-03
TXN0008696336,APP006,2025-08-16,pending,809937.05,AUD,APAC,CP0447,FUTURE,TDR0097,BOOK_D,2025-10-18
TXN0004031165,APP013,2025-03-05,settled,26153.63,JPY,EMEA,CP0208,BOND,TDR0038,BOOK_A,2025-07-08
TXN0007179356,APP002,2025-05-20,settled,968158.13,USD,AMER,CP0313,FUTURE,TDR0010,BOOK_C,2025-02-26
TXN0008961467,APP010,2026-01-15,reversed,77411.06,EUR,AMER,CP0095,OPTION,TDR0167,BOOK_A,2025-03-17
TXN0001271364,APP010,2025-09-25,reversed,958707.09,JPY,AMER,CP0479,FX,TDR0050,BOOK_D,2025-12-21
TXN0003260444,APP004,2025-01-21,failed,837359.93,AUD,EMEA,CP0394,FUTURE,TDR0160,BOOK_C,2025-07-08
TXN0008916677,APP015,2026-03-01,pending,243441.37,EUR,AMER,CP0096,SWAP,TDR0110,BOOK_C,2025-02-16
TXN0005437446,APP020,2026-03-04,settled,258103.77,CHF,AMER,CP0046,FX,TDR0101,BOOK_A,2026-02-27
TXN0001245773,APP009,2025-11-05,failed,469676.86,AUD,AMER,CP0164,SWAP,TDR0156,BOOK_A,2026-03-16
TXN0004573503,APP001,2025-02-20,active,4405.33,CHF,LATAM,CP0156,EQUITY,TDR0163,BOOK_D,2025-09-09
TXN0002712929,APP008,2025-11-28,active,675131.96,USD,EMEA,CP0425,SWAP,TDR0069,BOOK_A,2025-10-11
TXN0001198230,APP005,2025-05-01,settled,838528.18,USD,EMEA,CP0260,OPTION,TDR0037,BOOK_C,2025-12-27
TXN0002245043,APP014,2025-10-20,pending,68269.57,EUR,AMER,CP0405,SWAP,TDR0192,BOOK_D,2025-04-06
TXN0000610402,APP004,2025-08-28,settled,522300.23,AUD,AMER,CP0419,FUTURE,TDR0129,BOOK_D,2025-03-04
TXN0007324493,APP009,2025-04-17,active,474735.47,USD,LATAM,CP0268,OPTION,TDR0041,BOOK_A,2025-05-12
TXN0000184904,APP014,2026-01-25,pending,741039.57,USD,AMER,CP0351,FX,TDR0119,BOOK_A,2026-02-05
TXN0005398387,APP010,2025-07-21,reversed,261166.63,JPY,EMEA,CP0002,FUTURE,TDR0136,BOOK_D,2025-06-22
TXN0008151426,APP017,2025-02-22,failed,778356.13,EUR,AMER,CP0253,FUTURE,TDR0151,BOOK_B,2025-12-27
TXN0009447344,APP002,2026-01-15,active,727924.68,JPY,LATAM,CP0033,FX,TDR0075,BOOK_B,2026-04-07
TXN0001152621,APP015,2025-09-29,reversed,119871.72,CHF,EMEA,CP0484,EQUITY,TDR0047,BOOK_A,2025-05-21
TXN0005065497,APP001,2025-06-05,failed,968792.81,AUD,LATAM,CP0008,FUTURE,TDR0193,BOOK_D,2025-04-18
TXN0006132965,APP009,2025-04-06,settled,171871.17,EUR,LATAM,CP0191,BOND,TDR0097,BOOK_B,2025-07-23
TXN0004250857,APP012,2025-04-29,failed,461136.21,GBP,LATAM,CP0323,FX,TDR0088,BOOK_A,2025-06-15
TXN0008276381,APP018,2025-04-29,pending,542046.51,USD,LATAM,CP0420,FUTURE,TDR0090,BOOK_B,2025-10-07
TXN0003669199,APP004,2025-03-07,active,893977.66,EUR,EMEA,CP0419,OPTION,TDR0117,BOOK_D,2025-01-17
TXN0004807822,APP015,2025-07-04,failed,736429.02,CHF,AMER,CP0085,BOND,TDR0067,BOOK_B,2025-02-17
TXN0005532367,APP002,2025-10-31,active,382627.76,EUR,LATAM,CP0001,FUTURE,TDR0049,BOOK_D,2025-03-16
TXN0000934564,APP019,2025-08-28,reversed,185174.24,CHF,LATAM,CP0372,BOND,TDR0003,BOOK_B,2025-09-10
TXN0005667272,APP012,2025-05-05,reversed,976371.64,GBP,APAC,CP0130,FUTURE,TDR0115,BOOK_C,2025-09-26
TXN0005038551,APP002,2025-01-08,failed,721767.44,GBP,LATAM,CP0005,FX,TDR0161,BOOK_A,2025-01-25
TXN0005761339,APP016,2025-07-03,failed,81676.21,USD,APAC,CP0043,OPTION,TDR0129,BOOK_C,2025-04-15
TXN0007758671,APP007,2025-11-09,reversed,672909.93,AUD,LATAM,CP0425,OPTION,TDR0136,BOOK_A,2026-01-06
TXN0006748456,APP010,2026-03-19,settled,583174.91,JPY,LATAM,CP0075,BOND,TDR0077,BOOK_C,2025-02-12
TXN0009060590,APP017,2025-03-09,failed,633162.5,EUR,LATAM,CP0143,BOND,TDR0015,BOOK_C,2025-04-29
TXN0005729200,APP015,2025-11-18,failed,90392.42,USD,APAC,CP0231,SWAP,TDR0112,BOOK_B,2025-11-24
TXN0006698191,APP010,2025-10-14,active,768682.56,GBP,EMEA,CP0115,EQUITY,TDR0077,BOOK_D,2025-08-12
TXN0004191866,APP010,2025-03-02,active,977705.49,USD,AMER,CP0419,OPTION,TDR0169,BOOK_D,2025-02-27
TXN0003634639,APP006,2025-06-08,active,245868.59,JPY,APAC,CP0439,FX,TDR0187,BOOK_B,2025-10-13
TXN0008053454,APP001,2025-03-11,pending,458435.83,GBP,APAC,CP0401,BOND,TDR0083,BOOK_C,2025-08-26
TXN0001914174,APP001,2025-04-02,reversed,539388.56,EUR,AMER,CP0404,OPTION,TDR0190,BOOK_B,2025-07-31
TXN0007554062,APP018,2025-05-29,failed,260581.85,GBP,APAC,CP0331,EQUITY,TDR0191,BOOK_D,2025-09-24
TXN0002894821,APP013,2025-10-27,failed,705040.95,AUD,LATAM,CP0306,EQUITY,TDR0185,BOOK_A,2026-01-31
TXN0003564804,APP005,2026-03-09,reversed,35808.55,USD,AMER,CP0307,OPTION,TDR0042,BOOK_C,2026-01-30
TXN0001511052,APP005,2025-03-18,failed,371540.64,AUD,LATAM,CP0123,SWAP,TDR0038,BOOK_A,2025-12-08
TXN0006533653,APP006,2025-01-05,settled,14387.65,AUD,APAC,CP0283,FX,TDR0002,BOOK_D,2026-03-11
TXN0007920302,APP003,2026-03-01,pending,915240.71,EUR,AMER,CP0187,FUTURE,TDR0132,BOOK_B,2025-07-20
TXN0006016859,APP011,2025-09-09,active,478922.74,AUD,APAC,CP0056,BOND,TDR0143,BOOK_B,2025-10-20
TXN0008274244,APP018,2025-04-01,reversed,274583.08,EUR,APAC,CP0272,FX,TDR0108,BOOK_A,2025-03-05
TXN0007082862,APP019,2026-03-31,active,743073.57,GBP,AMER,CP0002,FUTURE,TDR0149,BOOK_A,2025-12-04
TXN0000508270,APP003,2025-08-29,settled,164032.21,AUD,EMEA,CP0172,OPTION,TDR0175,BOOK_A,2025-04-17
TXN0006257669,APP014,2025-03-14,reversed,457084.87,USD,EMEA,CP0169,FUTURE,TDR0019,BOOK_D,2025-05-18
TXN0007050934,APP003,2026-01-03,failed,160410.57,USD,EMEA,CP0345,BOND,TDR0055,BOOK_A,2025-01-02
TXN0009962426,APP018,2025-02-18,failed,686703.18,CHF,EMEA,CP0280,FX,TDR0137,BOOK_D,2025-08-18
TXN0006530211,APP004,2026-03-07,failed,865274.96,AUD,AMER,CP0239,OPTION,TDR0087,BOOK_C,2025-04-11
TXN0008094282,APP001,2025-05-15,active,528890.78,AUD,LATAM,CP0459,FX,TDR0194,BOOK_B,2025-01-04
TXN0002501467,APP016,2025-09-29,pending,345857.93,USD,EMEA,CP0446,SWAP,TDR0105,BOOK_A,2025-05-06
TXN0004077064,APP016,2026-02-17,reversed,199325.02,EUR,LATAM,CP0018,OPTION,TDR0118,BOOK_D,2026-01-06
TXN0009063034,APP008,2025-01-23,pending,941635.62,CHF,APAC,CP0044,FX,TDR0149,BOOK_C,2026-04-07
TXN0003966492,APP015,2025-02-14,settled,817363.62,USD,APAC,CP0278,SWAP,TDR0174,BOOK_D,2025-09-28
TXN0008933909,APP019,2025-08-26,settled,831632.43,JPY,APAC,CP0231,FX,TDR0118,BOOK_A,2025-08-14
TXN0008291187,APP008,2026-02-28,pending,801126.0,USD,APAC,CP0040,FUTURE,TDR0181,BOOK_A,2025-03-10
TXN0004139405,APP014,2025-04-13,reversed,992104.79,USD,LATAM,CP0223,BOND,TDR0055,BOOK_C,2025-01-13
TXN0004869305,APP008,2026-03-09,failed,455318.41,AUD,APAC,CP0413,BOND,TDR0093,BOOK_B,2026-01-27
TXN0002650524,APP011,2026-04-11,pending,479390.65,GBP,AMER,CP0278,FX,TDR0056,BOOK_A,2025-12-03
TXN0005738882,APP008,2025-08-21,pending,980018.23,JPY,APAC,CP0488,BOND,TDR0066,BOOK_C,2026-01-01
TXN0004865404,APP008,2026-04-13,failed,106960.49,JPY,LATAM,CP0173,BOND,TDR0159,BOOK_C,2025-07-24
TXN0005536540,APP009,2025-12-06,settled,71823.22,CHF,APAC,CP0312,BOND,TDR0184,BOOK_A,2025-11-26
TXN0002426818,APP007,2026-02-08,failed,14143.04,USD,LATAM,CP0126,EQUITY,TDR0160,BOOK_D,2026-03-31
TXN0004878877,APP007,2025-03-02,reversed,344897.62,USD,EMEA,CP0498,SWAP,TDR0120,BOOK_C,2025-02-19
TXN0000505727,APP007,2026-01-24,failed,172403.74,EUR,EMEA,CP0122,OPTION,TDR0161,BOOK_D,2025-02-25
TXN0001621013,APP020,2025-01-23,reversed,318994.2,GBP,EMEA,CP0302,FUTURE,TDR0068,BOOK_C,2025-03-15
TXN0009199275,APP018,2025-10-08,settled,701225.71,CHF,LATAM,CP0256,FX,TDR0162,BOOK_A,2025-12-09
TXN0006209052,APP006,2025-02-22,reversed,553956.63,EUR,APAC,CP0122,SWAP,TDR0017,BOOK_A,2025-10-03
TXN0003314077,APP007,2026-02-19,pending,810211.8,USD,APAC,CP0298,EQUITY,TDR0074,BOOK_D,2025-05-07
TXN0009787083,APP016,2025-06-08,active,78323.37,EUR,EMEA,CP0256,EQUITY,TDR0130,BOOK_D,2026-04-01
TXN0007297687,APP013,2025-12-06,pending,832110.82,AUD,AMER,CP0243,FX,TDR0050,BOOK_D,2025-10-29
TXN0007510124,APP017,2025-12-01,reversed,421002.53,USD,LATAM,CP0181,EQUITY,TDR0103,BOOK_A,2025-10-27
TXN0003515959,APP016,2026-02-19,settled,634340.75,GBP,APAC,CP0235,BOND,TDR0123,BOOK_D,2025-12-31
TXN0000463191,APP007,2026-03-14,pending,393462.53,JPY,APAC,CP0322,FUTURE,TDR0189,BOOK_D,2025-01-05
TXN0008141714,APP009,2025-02-20,reversed,929402.31,CHF,LATAM,CP0478,SWAP,TDR0001,BOOK_D,2025-12-11
TXN0002635431,APP004,2025-06-03,settled,165742.88,GBP,AMER,CP0212,SWAP,TDR0095,BOOK_A,2025-03-04
TXN0002629487,APP005,2025-05-02,pending,560942.31,USD,LATAM,CP0298,OPTION,TDR0111,BOOK_A,2025-06-15
TXN0005302752,APP020,2025-05-14,pending,623786.84,JPY,APAC,CP0276,BOND,TDR0146,BOOK_D,2025-07-14
TXN0001383248,APP012,2025-04-01,settled,549478.73,AUD,APAC,CP0212,SWAP,TDR0094,BOOK_A,2026-03-25
TXN0009571725,APP007,2026-03-13,reversed,725123.24,JPY,AMER,CP0304,BOND,TDR0085,BOOK_A,2025-01-14
TXN0004856913,APP008,2026-02-02,pending,618058.18,JPY,LATAM,CP0392,OPTION,TDR0084,BOOK_B,2025-08-22
TXN0006786734,APP005,2025-02-15,failed,598356.46,CHF,APAC,CP0311,FX,TDR0200,BOOK_A,2025-06-06
TXN0002729118,APP003,2025-10-05,failed,333158.98,EUR,APAC,CP0260,FX,TDR0133,BOOK_D,2025-02-18
TXN0008369936,APP001,2025-08-19,failed,926462.22,EUR,LATAM,CP0099,OPTION,TDR0040,BOOK_A,2025-08-25
TXN0005633954,APP011,2026-02-05,failed,485877.56,AUD,LATAM,CP0260,FX,TDR0017,BOOK_A,2025-02-24
TXN0001453262,APP009,2025-12-18,failed,902970.85,USD,AMER,CP0348,FUTURE,TDR0135,BOOK_A,2025-12-23
TXN0005545521,APP017,2026-03-02,reversed,289471.54,CHF,EMEA,CP0176,BOND,TDR0191,BOOK_C,2025-10-12
TXN0004333617,APP017,2025-05-24,active,7212.38,USD,APAC,CP0478,FUTURE,TDR0149,BOOK_A,2026-01-06
TXN0000904378,APP013,2025-02-07,active,905961.9,USD,LATAM,CP0258,EQUITY,TDR0036,BOOK_D,2025-03-12
TXN0003221533,APP011,2026-03-23,pending,526711.24,USD,LATAM,CP0170,EQUITY,TDR0194,BOOK_D,2026-03-02
TXN0009074316,APP020,2025-11-16,settled,145645.64,AUD,EMEA,CP0202,EQUITY,TDR0058,BOOK_B,2025-06-09
TXN0004958312,APP012,2025-05-26,settled,467290.35,GBP,AMER,CP0370,FUTURE,TDR0150,BOOK_D,2026-04-09
TXN0007969642,APP009,2025-07-25,pending,564250.17,USD,APAC,CP0301,OPTION,TDR0103,BOOK_D,2025-08-05
TXN0005915590,APP015,2026-01-22,pending,389775.0,CHF,EMEA,CP0030,SWAP,TDR0026,BOOK_C,2025-06-29
TXN0004808167,APP005,2025-03-08,failed,556638.63,CHF,EMEA,CP0446,FUTURE,TDR0093,BOOK_C,2025-08-15
TXN0001818301,APP003,2025-09-16,active,747411.17,GBP,EMEA,CP0177,BOND,TDR0113,BOOK_A,2025-08-02
TXN0003416373,APP015,2026-03-10,pending,103051.03,GBP,APAC,CP0406,FX,TDR0184,BOOK_A,2025-09-29
TXN0009855490,APP008,2025-02-19,failed,880872.91,CHF,LATAM,CP0470,SWAP,TDR0017,BOOK_A,2025-12-26
TXN0008701665,APP012,2025-04-09,failed,958225.44,AUD,EMEA,CP0295,FX,TDR0086,BOOK_D,2025-02-09
TXN0009558774,APP018,2025-10-14,active,828709.15,USD,AMER,CP0460,EQUITY,TDR0079,BOOK_D,2025-05-21
TXN0000816262,APP001,2025-05-11,failed,503549.61,CHF,APAC,CP0201,BOND,TDR0195,BOOK_C,2025-01-08
TXN0001789489,APP019,2025-05-21,failed,643850.49,USD,APAC,CP0401,OPTION,TDR0182,BOOK_C,2026-02-14
TXN0008529033,APP018,2025-06-14,reversed,782366.12,CHF,LATAM,CP0359,EQUITY,TDR0114,BOOK_C,2025-08-29
TXN0003795905,APP015,2026-03-28,active,968574.94,CHF,EMEA,CP0452,OPTION,TDR0145,BOOK_A,2025-11-20
TXN0006757988,APP004,2025-10-09,failed,596990.41,USD,AMER,CP0229,SWAP,TDR0179,BOOK_A,2025-02-02
TXN0004587683,APP002,2025-03-03,active,664321.02,EUR,LATAM,CP0274,SWAP,TDR0072,BOOK_D,2026-02-04
TXN0003586110,APP020,2025-02-22,active,779039.88,EUR,AMER,CP0194,BOND,TDR0061,BOOK_A,2026-02-05
TXN0003517630,APP013,2026-04-04,settled,472558.37,EUR,APAC,CP0344,SWAP,TDR0138,BOOK_D,2025-07-23
TXN0007252483,APP003,2025-07-10,reversed,558941.36,GBP,APAC,CP0076,OPTION,TDR0011,BOOK_C,2025-03-27
TXN0008795772,APP016,2025-07-30,settled,987999.57,AUD,APAC,CP0253,EQUITY,TDR0026,BOOK_A,2025-10-11
TXN0003689321,APP002,2025-01-10,failed,66540.81,CHF,AMER,CP0356,FUTURE,TDR0118,BOOK_A,2025-01-23
TXN0000261342,APP003,2025-06-09,reversed,139432.3,CHF,EMEA,CP0413,BOND,TDR0046,BOOK_C,2025-07-03
TXN0002902535,APP009,2025-08-05,active,306928.22,EUR,APAC,CP0194,EQUITY,TDR0087,BOOK_B,2026-03-02
TXN0005990856,APP011,2025-03-27,reversed,852979.67,GBP,AMER,CP0380,OPTION,TDR0043,BOOK_C,2025-12-02
TXN0003403924,APP001,2025-04-20,reversed,900768.45,CHF,LATAM,CP0152,FUTURE,TDR0077,BOOK_B,2025-06-12
TXN0001347874,APP015,2026-01-16,pending,315047.12,AUD,LATAM,CP0402,FX,TDR0123,BOOK_D,2025-08-25
TXN0000955957,APP018,2025-06-08,reversed,567875.64,JPY,EMEA,CP0021,OPTION,TDR0033,BOOK_D,2025-12-02
TXN0005717420,APP006,2026-03-19,failed,955356.92,JPY,APAC,CP0237,OPTION,TDR0174,BOOK_D,2025-09-14
TXN0000300008,APP008,2025-12-05,active,112250.59,GBP,APAC,CP0334,SWAP,TDR0055,BOOK_A,2025-11-04
TXN0003295019,APP003,2025-06-10,reversed,995185.75,EUR,EMEA,CP0229,BOND,TDR0091,BOOK_C,2025-03-27
TXN0003026649,APP011,2025-02-06,active,135652.81,AUD,LATAM,CP0377,OPTION,TDR0103,BOOK_C,2025-01-12
TXN0000467872,APP008,2025-09-10,reversed,279363.47,EUR,APAC,CP0253,FX,TDR0140,BOOK_D,2025-08-27
TXN0000615512,APP001,2025-09-18,failed,762229.44,JPY,EMEA,CP0495,FUTURE,TDR0141,BOOK_B,2025-05-18
TXN0003291562,APP013,2025-03-17,active,40709.47,EUR,LATAM,CP0344,OPTION,TDR0185,BOOK_C,2025-04-14
TXN0003760869,APP009,2026-01-10,pending,730944.93,EUR,AMER,CP0446,EQUITY,TDR0070,BOOK_C,2025-08-09
TXN0004057426,APP011,2025-02-25,settled,220594.7,GBP,AMER,CP0375,FUTURE,TDR0156,BOOK_A,2025-06-15
TXN0002801867,APP020,2025-12-04,active,884028.69,GBP,EMEA,CP0295,BOND,TDR0188,BOOK_D,2026-01-05
TXN0004897647,APP010,2025-06-21,settled,210568.91,AUD,APAC,CP0303,BOND,TDR0147,BOOK_B,2025-09-02
TXN0008170602,APP007,2025-07-02,reversed,182255.78,USD,LATAM,CP0226,BOND,TDR0074,BOOK_B,2026-02-09
TXN0005571457,APP011,2025-09-11,failed,153564.27,USD,APAC,CP0282,EQUITY,TDR0144,BOOK_C,2026-03-23
TXN0002317054,APP017,2025-09-27,active,45689.89,AUD,AMER,CP0491,EQUITY,TDR0049,BOOK_A,2025-04-18
TXN0001267089,APP008,2025-09-27,settled,641141.03,EUR,AMER,CP0466,FX,TDR0031,BOOK_C,2025-11-06
TXN0001727039,APP018,2025-07-23,active,146540.12,CHF,APAC,CP0077,FX,TDR0170,BOOK_B,2025-11-10
TXN0006096920,APP001,2025-08-21,settled,757529.71,GBP,APAC,CP0065,FX,TDR0134,BOOK_A,2025-09-02
TXN0008595990,APP009,2025-08-20,settled,63833.94,EUR,AMER,CP0455,OPTION,TDR0021,BOOK_A,2025-06-28
TXN0004747304,APP019,2025-06-07,settled,569805.22,JPY,APAC,CP0153,OPTION,TDR0186,BOOK_A,2025-12-12
TXN0000237470,APP013,2025-02-07,settled,455103.03,CHF,EMEA,CP0252,FUTURE,TDR0035,BOOK_D,2026-02-25
TXN0005899884,APP012,2025-10-21,pending,691629.12,CHF,APAC,CP0271,FX,TDR0072,BOOK_A,2025-01-28
TXN0006401259,APP012,2026-01-17,failed,553659.36,USD,LATAM,CP0048,SWAP,TDR0045,BOOK_D,2025-08-03
TXN0005332218,APP015,2025-05-22,pending,362619.62,EUR,AMER,CP0371,BOND,TDR0020,BOOK_D,2026-02-13
TXN0007179305,APP015,2025-07-16,active,69526.01,GBP,AMER,CP0233,FX,TDR0104,BOOK_A,2025-10-27
TXN0007770087,APP018,2025-01-14,active,635612.49,JPY,LATAM,CP0173,BOND,TDR0132,BOOK_B,2025-07-19
TXN0009651079,APP009,2025-04-05,reversed,745176.45,USD,LATAM,CP0325,OPTION,TDR0141,BOOK_C,2025-09-26
TXN0008957932,APP017,2025-11-28,active,143236.43,EUR,AMER,CP0481,EQUITY,TDR0084,BOOK_C,2025-07-24
TXN0001430692,APP004,2025-05-16,settled,431909.36,AUD,EMEA,CP0380,SWAP,TDR0019,BOOK_B,2025-10-03
TXN0008978442,APP014,2025-05-03,failed,531450.41,JPY,APAC,CP0406,BOND,TDR0192,BOOK_A,2025-10-28
TXN0008281581,APP001,2025-01-22,reversed,533443.6,JPY,EMEA,CP0500,FX,TDR0079,BOOK_C,2025-02-26
TXN0001310142,APP002,2026-03-04,reversed,529183.46,EUR,EMEA,CP0151,OPTION,TDR0041,BOOK_C,2025-07-23
TXN0004405701,APP009,2025-07-29,pending,423149.4,GBP,EMEA,CP0218,FX,TDR0131,BOOK_B,2025-07-25
TXN0003502737,APP013,2025-04-19,settled,129447.14,AUD,LATAM,CP0331,FUTURE,TDR0152,BOOK_C,2025-07-13
TXN0000550227,APP019,2025-09-17,pending,324023.86,AUD,EMEA,CP0073,BOND,TDR0043,BOOK_A,2025-11-26
TXN0005004920,APP004,2025-12-08,pending,687074.92,JPY,AMER,CP0350,OPTION,TDR0030,BOOK_D,2025-05-29
TXN0007610523,APP019,2025-04-02,settled,391883.32,JPY,EMEA,CP0112,EQUITY,TDR0088,BOOK_A,2025-05-01
TXN0009157227,APP011,2026-03-09,active,689020.54,JPY,APAC,CP0332,FX,TDR0196,BOOK_A,2025-01-19
TXN0008002164,APP005,2025-04-27,reversed,107125.95,GBP,AMER,CP0278,EQUITY,TDR0024,BOOK_A,2025-01-28
TXN0006191237,APP004,2025-06-19,failed,661921.02,JPY,AMER,CP0016,BOND,TDR0076,BOOK_B,2026-01-07
TXN0006895511,APP002,2025-01-06,reversed,473181.21,GBP,EMEA,CP0216,FUTURE,TDR0169,BOOK_C,2026-03-25
TXN0007490910,APP009,2025-02-04,reversed,432086.57,USD,EMEA,CP0168,SWAP,TDR0184,BOOK_D,2025-06-19
TXN0006370217,APP008,2025-03-13,reversed,28904.74,AUD,EMEA,CP0337,EQUITY,TDR0110,BOOK_A,2025-06-05
TXN0005489801,APP009,2025-11-26,active,698402.02,CHF,EMEA,CP0009,FX,TDR0098,BOOK_A,2025-08-20
TXN0000108674,APP019,2025-12-14,active,536188.56,JPY,AMER,CP0311,OPTION,TDR0078,BOOK_C,2025-08-21
TXN0000881863,APP015,2025-11-02,pending,958990.42,GBP,AMER,CP0486,FUTURE,TDR0033,BOOK_D,2025-10-10
TXN0005741198,APP005,2025-08-05,reversed,330868.29,JPY,APAC,CP0036,BOND,TDR0120,BOOK_B,2025-09-08
TXN0006711362,APP013,2025-11-28,pending,691166.94,JPY,LATAM,CP0408,FX,TDR0037,BOOK_C,2025-11-29
TXN0006401197,APP001,2025-12-28,failed,451071.47,CHF,LATAM,CP0309,SWAP,TDR0133,BOOK_B,2025-09-28
TXN0009213358,APP017,2026-01-12,pending,255438.61,CHF,APAC,CP0212,FUTURE,TDR0171,BOOK_A,2025-07-23
TXN0005818407,APP015,2025-09-09,settled,739157.27,EUR,EMEA,CP0298,SWAP,TDR0033,BOOK_D,2025-01-01
TXN0009538474,APP017,2025-07-16,reversed,592963.38,GBP,EMEA,CP0308,FX,TDR0065,BOOK_D,2025-11-17
TXN0000455147,APP003,2025-10-18,reversed,744884.98,JPY,APAC,CP0421,EQUITY,TDR0176,BOOK_A,2026-03-24
TXN0009566733,APP011,2025-11-28,active,422287.65,EUR,APAC,CP0485,FX,TDR0020,BOOK_A,2025-09-08
TXN0001428348,APP009,2025-11-09,pending,806753.0,AUD,EMEA,CP0462,FX,TDR0094,BOOK_B,2026-04-14
TXN0005022620,APP016,2025-03-23,reversed,275905.08,AUD,EMEA,CP0177,FUTURE,TDR0166,BOOK_B,2025-07-09
TXN0002785716,APP017,2025-08-30,active,451001.58,GBP,APAC,CP0096,BOND,TDR0182,BOOK_D,2025-11-10
TXN0004971610,APP013,2025-09-25,failed,888504.58,EUR,EMEA,CP0315,SWAP,TDR0170,BOOK_B,2025-12-28
TXN0000034241,APP013,2026-01-20,failed,958882.3,JPY,AMER,CP0268,FX,TDR0035,BOOK_C,2025-03-25
TXN0008890283,APP014,2025-08-19,settled,560302.23,CHF,AMER,CP0066,FUTURE,TDR0147,BOOK_C,2025-03-25
TXN0008941563,APP014,2025-07-27,active,279890.39,JPY,APAC,CP0105,EQUITY,TDR0084,BOOK_B,2025-12-20
TXN0006512599,APP003,2025-09-25,settled,618936.79,GBP,LATAM,CP0234,OPTION,TDR0008,BOOK_D,2025-05-09
TXN0008346179,APP017,2026-01-18,active,257817.61,GBP,AMER,CP0370,EQUITY,TDR0151,BOOK_B,2025-12-06
TXN0002091368,APP004,2025-03-12,pending,301518.96,JPY,LATAM,CP0425,FUTURE,TDR0055,BOOK_C,2026-01-26
TXN0005000942,APP018,2025-01-19,pending,75686.97,USD,AMER,CP0440,FUTURE,TDR0045,BOOK_B,2025-10-12
TXN0009830318,APP014,2025-12-01,settled,655108.43,EUR,APAC,CP0362,SWAP,TDR0118,BOOK_C,2026-03-30
TXN0001085806,APP003,2025-04-08,pending,715952.4,GBP,LATAM,CP0346,EQUITY,TDR0150,BOOK_B,2025-04-12
TXN0004601544,APP015,2026-03-27,pending,91863.63,EUR,EMEA,CP0179,FX,TDR0109,BOOK_B,2025-03-05
TXN0000091647,APP002,2025-05-08,pending,164033.36,CHF,EMEA,CP0190,SWAP,TDR0122,BOOK_B,2025-02-22
TXN0000132146,APP016,2026-02-28,reversed,993825.18,JPY,AMER,CP0216,FX,TDR0193,BOOK_A,2026-02-18
TXN0008461922,APP016,2025-05-02,failed,916215.38,CHF,LATAM,CP0321,OPTION,TDR0113,BOOK_C,2025-10-29
TXN0003554922,APP001,2025-02-05,reversed,913496.36,USD,AMER,CP0383,FX,TDR0150,BOOK_D,2025-02-08
TXN0008300787,APP007,2026-01-11,reversed,398529.36,EUR,EMEA,CP0043,SWAP,TDR0134,BOOK_C,2025-03-20
TXN0002718800,APP001,2025-11-26,failed,650679.1,GBP,APAC,CP0138,EQUITY,TDR0051,BOOK_C,2026-02-07
TXN0002117492,APP016,2025-08-23,active,101002.36,CHF,EMEA,CP0196,FX,TDR0017,BOOK_A,2025-08-08
TXN0004879061,APP002,2025-01-27,active,889852.43,EUR,APAC,CP0284,FX,TDR0147,BOOK_A,2025-01-23
TXN0003284528,APP018,2026-01-24,pending,565392.29,JPY,APAC,CP0174,SWAP,TDR0161,BOOK_C,2026-02-17
TXN0003291882,APP013,2025-01-28,settled,493125.97,AUD,AMER,CP0379,OPTION,TDR0150,BOOK_D,2025-12-12
TXN0007446175,APP003,2025-12-14,pending,509706.02,AUD,LATAM,CP0190,EQUITY,TDR0093,BOOK_A,2025-09-26
TXN0000739513,APP016,2025-01-30,pending,207445.55,JPY,APAC,CP0197,EQUITY,TDR0111,BOOK_C,2025-05-28
TXN0005548886,APP008,2025-05-31,active,504347.78,AUD,AMER,CP0060,OPTION,TDR0002,BOOK_C,2026-01-18
TXN0003600767,APP008,2026-01-13,active,981097.27,CHF,LATAM,CP0171,FUTURE,TDR0146,BOOK_B,2026-01-10
TXN0001935410,APP011,2025-08-30,active,803901.64,AUD,AMER,CP0483,EQUITY,TDR0116,BOOK_C,2025-08-01
TXN0003998010,APP004,2026-03-30,pending,253263.08,EUR,LATAM,CP0328,BOND,TDR0143,BOOK_C,2026-01-12
TXN0004897751,APP017,2025-05-18,reversed,64532.82,AUD,LATAM,CP0037,FX,TDR0051,BOOK_B,2026-03-15
TXN0007360550,APP018,2025-09-26,failed,994061.74,USD,AMER,CP0193,BOND,TDR0114,BOOK_D,2025-04-29
TXN0006477063,APP001,2025-01-04,settled,255342.74,JPY,EMEA,CP0207,FUTURE,TDR0031,BOOK_A,2025-03-05
TXN0000474308,APP016,2025-07-05,reversed,788735.32,JPY,EMEA,CP0301,FX,TDR0090,BOOK_C,2026-03-20
TXN0006897965,APP016,2025-03-03,reversed,789394.14,CHF,LATAM,CP0403,FX,TDR0146,BOOK_D,2025-05-05
TXN0008945960,APP015,2026-02-18,active,81977.67,USD,EMEA,CP0269,BOND,TDR0071,BOOK_D,2026-01-19
TXN0001823390,APP009,2025-03-17,active,879804.7,USD,EMEA,CP0273,EQUITY,TDR0158,BOOK_C,2026-02-09
TXN0002132910,APP005,2025-11-15,pending,879733.06,JPY,EMEA,CP0383,SWAP,TDR0029,BOOK_B,2026-01-14
TXN0002819735,APP003,2025-12-25,active,888574.86,AUD,LATAM,CP0464,EQUITY,TDR0089,BOOK_B,2025-11-25
TXN0002407733,APP015,2026-02-12,settled,766394.82,EUR,APAC,CP0334,OPTION,TDR0023,BOOK_A,2025-01-13
TXN0009368332,APP001,2025-03-06,pending,737723.69,CHF,AMER,CP0044,EQUITY,TDR0165,BOOK_B,2025-03-05
TXN0007461811,APP001,2025-07-08,active,215119.49,USD,AMER,CP0202,FUTURE,TDR0145,BOOK_B,2025-08-01
TXN0006338382,APP015,2025-12-30,pending,539131.68,CHF,LATAM,CP0090,SWAP,TDR0109,BOOK_C,2025-08-17
TXN0009833176,APP005,2025-02-12,settled,417778.98,CHF,EMEA,CP0314,EQUITY,TDR0150,BOOK_A,2026-03-17
TXN0005146346,APP019,2025-10-01,pending,740141.72,EUR,AMER,CP0399,SWAP,TDR0003,BOOK_B,2025-12-21
TXN0008601486,APP008,2025-03-18,reversed,964948.22,EUR,EMEA,CP0178,SWAP,TDR0180,BOOK_D,2026-01-12
TXN0004660470,APP005,2025-04-18,reversed,37049.44,USD,LATAM,CP0156,OPTION,TDR0056,BOOK_B,2026-03-23
TXN0002888675,APP016,2025-03-27,reversed,746974.83,GBP,LATAM,CP0207,FX,TDR0100,BOOK_C,2026-02-20
TXN0006024489,APP018,2025-01-06,reversed,174706.6,CHF,APAC,CP0169,SWAP,TDR0106,BOOK_A,2025-08-25
TXN0004289993,APP014,2025-07-13,pending,227789.51,CHF,LATAM,CP0086,OPTION,TDR0117,BOOK_D,2025-03-28
TXN0001625064,APP005,2025-10-16,settled,132915.47,USD,EMEA,CP0362,FX,TDR0117,BOOK_B,2025-04-01
TXN0004448214,APP009,2025-03-05,pending,630018.62,GBP,EMEA,CP0015,BOND,TDR0163,BOOK_C,2025-07-19
TXN0005862720,APP015,2025-05-13,pending,972976.37,USD,APAC,CP0108,OPTION,TDR0053,BOOK_C,2025-02-10
TXN0006448687,APP012,2025-08-17,active,775603.48,CHF,LATAM,CP0257,EQUITY,TDR0190,BOOK_A,2025-09-23
TXN0003896648,APP015,2026-03-25,active,723858.86,USD,AMER,CP0134,BOND,TDR0061,BOOK_B,2025-03-10
TXN0001927852,APP006,2026-01-01,settled,639188.8,EUR,EMEA,CP0325,EQUITY,TDR0172,BOOK_B,2025-11-12
TXN0002978823,APP001,2025-08-29,settled,685046.86,JPY,LATAM,CP0490,EQUITY,TDR0042,BOOK_D,2025-01-14
TXN0004548311,APP012,2026-03-26,settled,635505.19,AUD,AMER,CP0421,SWAP,TDR0038,BOOK_A,2025-08-20
TXN0009865422,APP005,2025-12-16,failed,858472.84,USD,APAC,CP0168,FX,TDR0064,BOOK_C,2026-01-29
TXN0003290600,APP015,2025-10-24,active,58616.66,GBP,APAC,CP0194,EQUITY,TDR0132,BOOK_A,2025-04-03
TXN0008315656,APP014,2025-12-15,reversed,800780.28,EUR,LATAM,CP0348,FX,TDR0180,BOOK_D,2025-11-07
TXN0007298230,APP015,2025-10-03,active,107475.15,EUR,APAC,CP0259,FX,TDR0092,BOOK_A,2025-02-08
TXN0003529332,APP010,2025-06-02,active,645896.42,EUR,AMER,CP0051,FX,TDR0148,BOOK_D,2025-10-29
TXN0002345920,APP020,2025-03-03,failed,249125.2,EUR,LATAM,CP0148,FUTURE,TDR0012,BOOK_C,2025-07-06
TXN0007343612,APP007,2025-10-09,reversed,808649.61,GBP,EMEA,CP0397,EQUITY,TDR0077,BOOK_A,2026-01-13
TXN0009923890,APP012,2025-08-29,settled,457546.4,USD,APAC,CP0099,OPTION,TDR0173,BOOK_B,2025-07-07
TXN0000537152,APP011,2025-07-22,settled,313896.67,JPY,AMER,CP0309,FX,TDR0006,BOOK_D,2025-09-18
TXN0006344881,APP004,2026-03-01,failed,358089.91,CHF,AMER,CP0088,EQUITY,TDR0027,BOOK_D,2026-03-07
TXN0008679010,APP003,2025-09-28,active,274212.23,USD,APAC,CP0005,OPTION,TDR0109,BOOK_D,2026-01-10
TXN0000291243,APP020,2025-04-18,active,947087.54,USD,EMEA,CP0111,BOND,TDR0197,BOOK_D,2026-02-02
TXN0001335191,APP008,2025-04-22,settled,421509.29,USD,LATAM,CP0029,FUTURE,TDR0016,BOOK_D,2026-01-07
TXN0002925920,APP012,2025-08-15,failed,569183.6,EUR,APAC,CP0229,EQUITY,TDR0091,BOOK_B,2025-07-06
TXN0006182736,APP001,2025-04-20,settled,136510.78,EUR,EMEA,CP0309,FUTURE,TDR0136,BOOK_B,2025-03-21
TXN0002491540,APP001,2025-06-30,active,505590.5,AUD,APAC,CP0132,BOND,TDR0068,BOOK_B,2025-11-29
TXN0007869399,APP019,2025-07-07,active,460660.55,EUR,EMEA,CP0465,SWAP,TDR0042,BOOK_D,2025-08-08
TXN0004383344,APP001,2025-10-23,pending,921121.09,CHF,LATAM,CP0440,EQUITY,TDR0049,BOOK_B,2025-12-13
TXN0002973996,APP009,2025-06-07,settled,503356.86,GBP,EMEA,CP0366,FUTURE,TDR0044,BOOK_B,2026-03-11
TXN0004049690,APP018,2026-03-28,settled,743402.21,USD,EMEA,CP0368,FUTURE,TDR0079,BOOK_B,2025-08-26
TXN0003572416,APP018,2025-09-22,active,591300.85,EUR,APAC,CP0143,BOND,TDR0178,BOOK_D,2026-02-13
TXN0001485059,APP001,2025-09-19,failed,262045.24,GBP,AMER,CP0002,BOND,TDR0036,BOOK_D,2025-06-22
TXN0004340980,APP013,2025-11-06,pending,438850.13,USD,APAC,CP0219,EQUITY,TDR0145,BOOK_B,2025-05-03
TXN0005077585,APP003,2025-07-15,failed,541518.95,CHF,AMER,CP0048,FX,TDR0033,BOOK_C,2025-03-03
TXN0003461277,APP001,2025-12-03,pending,276879.01,EUR,LATAM,CP0308,BOND,TDR0164,BOOK_D,2026-04-14
TXN0003648086,APP020,2025-10-04,active,713792.09,GBP,APAC,CP0474,FX,TDR0047,BOOK_A,2025-09-07
TXN0006939517,APP018,2025-09-06,pending,143533.48,GBP,EMEA,CP0056,OPTION,TDR0062,BOOK_C,2025-04-14
TXN0009127821,APP017,2025-11-23,reversed,738336.18,GBP,LATAM,CP0029,SWAP,TDR0104,BOOK_A,2025-12-29
TXN0006707154,APP018,2025-08-21,active,545835.51,CHF,EMEA,CP0009,FUTURE,TDR0059,BOOK_C,2025-10-08
TXN0006717358,APP004,2025-09-29,active,900750.95,USD,LATAM,CP0382,BOND,TDR0182,BOOK_B,2026-03-23
TXN0007160428,APP010,2026-04-06,active,108548.29,USD,AMER,CP0321,FUTURE,TDR0120,BOOK_C,2025-06-30
TXN0009001898,APP010,2025-06-04,settled,267406.29,GBP,APAC,CP0462,FUTURE,TDR0177,BOOK_C,2025-10-08
TXN0001592967,APP017,2025-03-01,failed,599686.17,AUD,EMEA,CP0338,FUTURE,TDR0154,BOOK_D,2026-03-05
TXN0009257741,APP009,2025-02-18,pending,490855.83,GBP,LATAM,CP0059,EQUITY,TDR0127,BOOK_D,2025-02-20
TXN0007379697,APP012,2026-01-07,failed,830331.72,CHF,LATAM,CP0149,BOND,TDR0015,BOOK_B,2025-05-20
TXN0007597680,APP020,2025-04-05,failed,680850.78,USD,AMER,CP0231,EQUITY,TDR0190,BOOK_D,2025-02-18
TXN0009691349,APP004,2025-01-24,failed,177419.73,USD,LATAM,CP0307,SWAP,TDR0130,BOOK_A,2025-10-02
TXN0008101347,APP019,2025-10-06,reversed,924568.12,GBP,LATAM,CP0300,OPTION,TDR0057,BOOK_D,2025-07-05
TXN0007056082,APP001,2025-07-11,pending,27598.64,USD,LATAM,CP0096,SWAP,TDR0012,BOOK_A,2025-09-21
TXN0005201218,APP008,2025-02-12,reversed,199310.98,GBP,EMEA,CP0116,EQUITY,TDR0075,BOOK_A,2026-01-12
TXN0004566316,APP008,2025-02-18,settled,908973.48,GBP,APAC,CP0008,EQUITY,TDR0200,BOOK_B,2025-05-16
TXN0002973967,APP013,2025-09-08,settled,526818.63,AUD,EMEA,CP0281,BOND,TDR0111,BOOK_A,2026-02-24
TXN0003670193,APP002,2025-02-15,failed,425834.99,AUD,LATAM,CP0233,EQUITY,TDR0196,BOOK_C,2025-08-04
TXN0006373736,APP013,2025-08-30,settled,650006.95,EUR,EMEA,CP0297,OPTION,TDR0111,BOOK_B,2025-04-28
TXN0000008421,APP015,2025-07-20,pending,723199.7,JPY,LATAM,CP0132,FX,TDR0107,BOOK_D,2025-03-10
TXN0001074385,APP018,2025-02-05,pending,668358.09,AUD,APAC,CP0198,FUTURE,TDR0086,BOOK_A,2025-01-03
TXN0008346385,APP003,2025-01-09,pending,561169.78,GBP,LATAM,CP0259,EQUITY,TDR0174,BOOK_C,2026-01-18
TXN0004455487,APP018,2025-12-22,settled,571591.06,JPY,AMER,CP0297,BOND,TDR0058,BOOK_A,2025-06-06
TXN0006350357,APP008,2025-07-26,pending,252263.34,EUR,LATAM,CP0287,FUTURE,TDR0054,BOOK_C,2025-03-30
TXN0007650990,APP015,2025-01-14,settled,383845.62,USD,AMER,CP0281,EQUITY,TDR0039,BOOK_C,2026-02-05
TXN0009549380,APP017,2025-11-16,pending,909820.16,GBP,EMEA,CP0145,FUTURE,TDR0156,BOOK_A,2025-07-16
TXN0001746675,APP004,2025-04-07,reversed,893708.43,JPY,APAC,CP0440,FX,TDR0035,BOOK_B,2025-08-02
TXN0000436183,APP010,2025-01-09,pending,575446.42,GBP,LATAM,CP0313,SWAP,TDR0167,BOOK_C,2025-07-28
TXN0009394716,APP003,2025-08-15,failed,204825.72,CHF,LATAM,CP0253,FUTURE,TDR0190,BOOK_C,2025-03-14
TXN0002510831,APP016,2025-12-03,failed,604688.71,AUD,AMER,CP0355,BOND,TDR0125,BOOK_C,2026-02-06
TXN0000808569,APP020,2025-06-17,active,864616.76,AUD,EMEA,CP0218,FUTURE,TDR0151,BOOK_D,2025-08-25
TXN0003412657,APP018,2025-08-09,failed,771445.28,EUR,LATAM,CP0390,FUTURE,TDR0143,BOOK_B,2025-12-30
TXN0009179245,APP015,2025-03-26,failed,693041.24,CHF,APAC,CP0190,BOND,TDR0058,BOOK_A,2025-05-12
TXN0009960952,APP010,2025-07-19,pending,688671.18,EUR,AMER,CP0131,FUTURE,TDR0044,BOOK_C,2025-03-11
TXN0003683739,APP020,2025-07-15,reversed,761177.33,CHF,AMER,CP0001,OPTION,TDR0181,BOOK_A,2025-12-14
TXN0002465525,APP018,2026-01-04,pending,891582.7,EUR,AMER,CP0487,BOND,TDR0103,BOOK_C,2025-04-02
TXN0004762636,APP003,2025-04-05,active,556608.54,EUR,EMEA,CP0253,FUTURE,TDR0128,BOOK_A,2025-01-09
TXN0002871941,APP013,2026-04-06,reversed,314225.69,AUD,EMEA,CP0028,OPTION,TDR0052,BOOK_B,2025-09-24
TXN0000532077,APP005,2025-01-06,pending,641532.68,CHF,APAC,CP0381,FX,TDR0195,BOOK_B,2025-10-10
TXN0007071347,APP014,2025-11-19,pending,136990.15,AUD,LATAM,CP0385,SWAP,TDR0127,BOOK_B,2025-11-17
TXN0006858313,APP006,2025-08-02,active,505934.78,AUD,APAC,CP0254,EQUITY,TDR0102,BOOK_D,2025-10-21
TXN0008227080,APP008,2025-12-29,reversed,667199.33,JPY,LATAM,CP0455,EQUITY,TDR0144,BOOK_D,2025-01-16
TXN0000576399,APP014,2025-10-29,settled,196384.5,CHF,AMER,CP0189,OPTION,TDR0119,BOOK_B,2025-10-21
TXN0009808042,APP005,2025-05-11,reversed,18531.56,AUD,LATAM,CP0265,FX,TDR0194,BOOK_D,2025-04-05
TXN0005956567,APP003,2025-08-24,active,206846.17,USD,EMEA,CP0454,EQUITY,TDR0113,BOOK_A,2025-03-25
TXN0005111215,APP018,2025-11-18,active,601024.58,USD,LATAM,CP0042,BOND,TDR0117,BOOK_D,2025-07-13
TXN0007809722,APP001,2026-03-26,pending,831362.29,AUD,EMEA,CP0238,SWAP,TDR0147,BOOK_A,2025-03-23
TXN0008694721,APP017,2025-09-01,settled,44442.21,AUD,APAC,CP0225,SWAP,TDR0101,BOOK_B,2025-08-27
TXN0004837133,APP007,2025-06-20,pending,139329.4,USD,APAC,CP0477,SWAP,TDR0049,BOOK_D,2025-10-29
TXN0007782372,APP019,2025-02-08,settled,264608.69,JPY,EMEA,CP0175,EQUITY,TDR0146,BOOK_A,2025-08-15
TXN0001434548,APP012,2026-03-16,pending,800965.05,GBP,LATAM,CP0475,FX,TDR0021,BOOK_D,2025-06-24
TXN0003787890,APP014,2025-12-12,reversed,311662.5,CHF,AMER,CP0397,EQUITY,TDR0021,BOOK_A,2026-01-01
TXN0007956492,APP014,2025-03-08,failed,324401.42,USD,APAC,CP0205,EQUITY,TDR0126,BOOK_B,2025-09-21
TXN0002127887,APP008,2025-12-02,pending,252469.33,CHF,LATAM,CP0419,OPTION,TDR0028,BOOK_A,2025-05-12
TXN0007180323,APP006,2025-06-16,reversed,551169.74,EUR,EMEA,CP0478,BOND,TDR0009,BOOK_C,2025-10-14
TXN0002132565,APP011,2025-12-13,settled,920229.11,GBP,APAC,CP0022,OPTION,TDR0193,BOOK_A,2025-04-03
TXN0004203143,APP012,2025-06-08,failed,538701.48,AUD,AMER,CP0321,BOND,TDR0169,BOOK_B,2025-04-08
TXN0007993333,APP015,2025-06-08,settled,431860.54,USD,EMEA,CP0330,BOND,TDR0075,BOOK_A,2025-12-06
TXN0008856230,APP010,2025-12-22,failed,912329.95,JPY,AMER,CP0027,BOND,TDR0141,BOOK_D,2025-02-16
TXN0007695105,APP009,2025-11-25,pending,74133.18,EUR,EMEA,CP0290,EQUITY,TDR0176,BOOK_B,2026-02-12
TXN0008411099,APP018,2026-02-12,active,829313.79,CHF,AMER,CP0118,FX,TDR0132,BOOK_C,2025-01-05
TXN0001735044,APP002,2025-12-19,settled,818474.17,USD,APAC,CP0246,FUTURE,TDR0086,BOOK_D,2025-07-09
TXN0005434307,APP005,2025-06-23,failed,286288.92,EUR,EMEA,CP0454,FUTURE,TDR0081,BOOK_A,2025-05-10
TXN0005627121,APP003,2025-06-18,failed,568949.14,USD,APAC,CP0477,FUTURE,TDR0050,BOOK_B,2025-02-06
TXN0000052784,APP003,2026-04-09,pending,316427.2,AUD,EMEA,CP0113,SWAP,TDR0117,BOOK_C,2026-01-02
TXN0007087851,APP017,2025-12-15,settled,397030.08,GBP,LATAM,CP0403,OPTION,TDR0006,BOOK_D,2026-04-09
TXN0009468943,APP013,2025-08-31,active,987602.48,GBP,LATAM,CP0086,SWAP,TDR0114,BOOK_D,2026-02-26
TXN0006011409,APP020,2025-09-07,pending,988523.11,CHF,APAC,CP0466,FX,TDR0116,BOOK_B,2025-05-31
TXN0000082489,APP001,2025-04-14,reversed,854405.06,CHF,EMEA,CP0300,SWAP,TDR0081,BOOK_A,2025-07-20
TXN0003546159,APP008,2025-11-01,reversed,719715.29,GBP,LATAM,CP0080,BOND,TDR0168,BOOK_D,2025-04-15
TXN0004005272,APP007,2025-03-18,reversed,913276.75,GBP,AMER,CP0230,OPTION,TDR0051,BOOK_C,2025-05-05
TXN0002365508,APP006,2025-11-01,settled,869882.18,CHF,LATAM,CP0203,EQUITY,TDR0079,BOOK_A,2025-09-27
TXN0005153691,APP008,2025-01-11,settled,292608.4,EUR,EMEA,CP0002,FX,TDR0037,BOOK_B,2025-02-18
TXN0007400239,APP011,2025-05-22,failed,895651.04,CHF,AMER,CP0358,EQUITY,TDR0004,BOOK_D,2025-08-11
TXN0004302798,APP006,2025-08-03,reversed,813723.41,AUD,EMEA,CP0474,FUTURE,TDR0106,BOOK_D,2025-08-15
TXN0002446517,APP004,2025-01-27,pending,640689.11,USD,AMER,CP0178,OPTION,TDR0082,BOOK_D,2025-05-31
TXN0001044788,APP004,2025-09-19,pending,791875.59,AUD,LATAM,CP0215,FUTURE,TDR0044,BOOK_B,2025-02-12
TXN0000079758,APP006,2026-01-03,pending,629004.35,CHF,LATAM,CP0077,FX,TDR0138,BOOK_B,2026-02-06
TXN0003356349,APP018,2026-01-11,pending,737726.66,AUD,APAC,CP0190,FUTURE,TDR0111,BOOK_D,2025-02-22
TXN0006909678,APP011,2025-06-24,active,735076.88,JPY,LATAM,CP0433,FX,TDR0031,BOOK_D,2026-03-29
TXN0009178266,APP008,2026-03-17,settled,224609.87,AUD,LATAM,CP0045,SWAP,TDR0102,BOOK_B,2026-04-10
TXN0001251608,APP015,2025-06-30,settled,745832.03,USD,LATAM,CP0392,FUTURE,TDR0008,BOOK_C,2025-03-06
TXN0009260377,APP020,2025-09-23,active,193799.33,USD,APAC,CP0320,BOND,TDR0054,BOOK_A,2025-11-26
TXN0002466336,APP018,2025-12-02,active,95142.96,EUR,AMER,CP0445,SWAP,TDR0151,BOOK_B,2026-02-06
TXN0003502497,APP004,2025-03-25,active,387743.39,AUD,APAC,CP0024,FUTURE,TDR0031,BOOK_B,2025-05-24
TXN0000612959,APP010,2025-06-15,failed,75558.8,AUD,LATAM,CP0220,FUTURE,TDR0098,BOOK_B,2026-04-10
TXN0005670000,APP004,2025-12-22,active,756021.05,GBP,AMER,CP0093,FX,TDR0088,BOOK_A,2026-02-12
TXN0008399529,APP002,2025-06-01,active,138828.82,GBP,AMER,CP0042,FX,TDR0029,BOOK_A,2025-03-04
TXN0002691227,APP013,2026-02-15,settled,465777.39,USD,AMER,CP0367,OPTION,TDR0127,BOOK_B,2025-07-16
TXN0003913867,APP012,2025-11-23,failed,650725.7,JPY,APAC,CP0344,EQUITY,TDR0176,BOOK_A,2025-01-27
TXN0004274678,APP016,2025-04-13,reversed,545947.21,CHF,LATAM,CP0031,SWAP,TDR0156,BOOK_D,2025-03-18
TXN0005112838,APP017,2026-02-04,reversed,199494.91,EUR,LATAM,CP0182,OPTION,TDR0027,BOOK_C,2026-02-21
TXN0001641013,APP002,2025-01-24,settled,214208.56,GBP,LATAM,CP0124,EQUITY,TDR0132,BOOK_A,2025-07-07
TXN0008018632,APP002,2025-04-23,reversed,563255.02,AUD,APAC,CP0360,BOND,TDR0023,BOOK_C,2026-03-23
TXN0009072760,APP020,2026-03-29,reversed,442.98,GBP,APAC,CP0260,SWAP,TDR0167,BOOK_A,2025-07-07
TXN0009625277,APP001,2025-07-26,active,28948.09,USD,AMER,CP0378,BOND,TDR0158,BOOK_C,2025-12-11
TXN0004692291,APP005,2025-06-29,reversed,579715.55,AUD,EMEA,CP0109,FUTURE,TDR0093,BOOK_B,2025-06-27
TXN0000611504,APP020,2025-06-14,pending,918627.52,AUD,LATAM,CP0255,FUTURE,TDR0135,BOOK_A,2025-05-13
TXN0008813450,APP014,2026-01-01,reversed,662851.01,CHF,AMER,CP0268,OPTION,TDR0141,BOOK_D,2025-03-29
TXN0006548405,APP018,2025-03-26,pending,736523.87,AUD,LATAM,CP0267,FX,TDR0072,BOOK_C,2025-06-07
TXN0006825670,APP001,2025-07-18,failed,185579.16,CHF,LATAM,CP0251,EQUITY,TDR0137,BOOK_D,2025-10-21
TXN0005000620,APP005,2025-10-13,pending,860133.0,JPY,AMER,CP0079,SWAP,TDR0006,BOOK_D,2025-05-05
TXN0006295174,APP020,2025-12-29,failed,880330.6,USD,EMEA,CP0032,EQUITY,TDR0162,BOOK_D,2025-06-16
TXN0001622243,APP010,2025-10-31,settled,89579.27,GBP,AMER,CP0341,FUTURE,TDR0173,BOOK_B,2025-08-09
TXN0009180730,APP007,2025-05-22,active,993572.89,GBP,APAC,CP0479,OPTION,TDR0024,BOOK_D,2025-06-02
TXN0006074553,APP002,2025-01-26,reversed,975334.04,AUD,EMEA,CP0124,FUTURE,TDR0032,BOOK_A,2025-11-14
TXN0003632160,APP020,2025-09-08,reversed,464340.01,CHF,EMEA,CP0379,OPTION,TDR0149,BOOK_C,2025-02-03
TXN0009709861,APP001,2025-12-03,failed,855097.87,USD,EMEA,CP0437,FX,TDR0016,BOOK_A,2025-06-15
TXN0003810950,APP002,2025-05-04,failed,846426.4,AUD,EMEA,CP0030,FX,TDR0046,BOOK_C,2025-05-08
TXN0001588022,APP012,2026-03-19,settled,979504.19,CHF,APAC,CP0159,FUTURE,TDR0124,BOOK_C,2025-01-09
TXN0004945068,APP005,2025-05-04,failed,482412.68,AUD,AMER,CP0157,FUTURE,TDR0131,BOOK_A,2025-09-17
TXN0005409604,APP016,2025-04-14,settled,845361.82,CHF,LATAM,CP0261,BOND,TDR0193,BOOK_D,2025-12-15
TXN0005151989,APP016,2025-12-08,failed,299805.04,CHF,AMER,CP0202,SWAP,TDR0043,BOOK_D,2026-03-22
TXN0008020307,APP020,2026-04-07,pending,972708.55,JPY,LATAM,CP0050,EQUITY,TDR0144,BOOK_B,2025-01-05
TXN0008612446,APP018,2025-07-22,reversed,103398.18,JPY,AMER,CP0359,OPTION,TDR0014,BOOK_B,2025-02-05
TXN0000578198,APP020,2025-06-07,failed,891777.53,JPY,AMER,CP0004,FX,TDR0026,BOOK_B,2025-06-28
TXN0007370375,APP016,2025-01-14,failed,178037.15,JPY,APAC,CP0490,FX,TDR0099,BOOK_A,2026-01-03
TXN0006289557,APP009,2025-11-01,failed,634324.66,JPY,AMER,CP0328,SWAP,TDR0176,BOOK_D,2025-10-15
TXN0003328045,APP013,2025-06-30,active,375491.52,AUD,AMER,CP0425,FX,TDR0108,BOOK_D,2025-12-23
TXN0008211025,APP019,2025-11-26,settled,268191.27,EUR,APAC,CP0451,FUTURE,TDR0045,BOOK_B,2025-05-11
TXN0006351514,APP006,2025-03-02,reversed,98779.83,JPY,APAC,CP0399,OPTION,TDR0150,BOOK_A,2025-02-01
TXN0000772661,APP001,2025-11-13,settled,893850.84,AUD,LATAM,CP0285,EQUITY,TDR0179,BOOK_B,2025-08-19
TXN0000030924,APP020,2025-03-20,reversed,960103.86,AUD,AMER,CP0342,BOND,TDR0018,BOOK_C,2025-03-06
TXN0000022822,APP003,2025-05-01,settled,791778.34,CHF,APAC,CP0117,FX,TDR0101,BOOK_B,2026-03-25
TXN0007715024,APP011,2025-07-27,failed,566568.07,AUD,EMEA,CP0039,OPTION,TDR0015,BOOK_A,2025-05-22
TXN0008747187,APP016,2025-11-24,active,843813.59,EUR,AMER,CP0231,OPTION,TDR0088,BOOK_B,2025-01-24
TXN0007437556,APP013,2026-01-28,pending,802391.95,GBP,AMER,CP0283,FUTURE,TDR0069,BOOK_C,2026-03-29
TXN0004941741,APP016,2025-07-07,failed,286093.6,EUR,LATAM,CP0383,OPTION,TDR0112,BOOK_B,2025-08-26
TXN0007913437,APP007,2025-07-04,pending,935825.56,CHF,LATAM,CP0488,BOND,TDR0033,BOOK_A,2025-12-24
TXN0000151588,APP002,2025-06-11,reversed,354328.75,CHF,AMER,CP0128,EQUITY,TDR0161,BOOK_C,2025-02-10
TXN0008610250,APP003,2025-07-13,pending,282024.15,GBP,APAC,CP0201,FUTURE,TDR0175,BOOK_C,2025-10-03
TXN0005744275,APP004,2025-09-22,pending,23459.61,AUD,LATAM,CP0461,BOND,TDR0063,BOOK_D,2025-10-10
TXN0007091279,APP010,2025-05-11,reversed,909250.39,JPY,LATAM,CP0419,FX,TDR0017,BOOK_C,2025-06-04
TXN0006770025,APP011,2025-09-27,active,21147.87,CHF,APAC,CP0304,BOND,TDR0124,BOOK_C,2026-04-08
TXN0008914321,APP001,2025-09-09,settled,426386.93,USD,LATAM,CP0268,SWAP,TDR0174,BOOK_B,2025-08-16
TXN0005679306,APP009,2025-11-19,settled,229526.92,CHF,AMER,CP0316,BOND,TDR0171,BOOK_B,2025-09-13
TXN0009591173,APP018,2025-06-30,pending,676262.22,GBP,EMEA,CP0305,FUTURE,TDR0146,BOOK_A,2025-05-17
TXN0000167401,APP004,2025-08-23,active,504542.37,GBP,EMEA,CP0488,FX,TDR0200,BOOK_D,2026-04-10
TXN0000128699,APP008,2025-03-27,settled,244427.01,JPY,AMER,CP0260,SWAP,TDR0175,BOOK_B,2025-11-10
TXN0007195968,APP001,2026-03-25,pending,103674.91,EUR,APAC,CP0347,SWAP,TDR0089,BOOK_A,2026-01-05
TXN0004042422,APP016,2025-06-22,settled,640460.36,USD,LATAM,CP0500,FX,TDR0052,BOOK_C,2025-12-23
TXN0008131021,APP017,2025-06-09,reversed,460534.13,EUR,AMER,CP0384,SWAP,TDR0162,BOOK_A,2025-12-03
TXN0008725037,APP006,2026-04-06,reversed,526701.24,GBP,AMER,CP0327,BOND,TDR0084,BOOK_B,2025-05-08
TXN0003430545,APP011,2025-10-15,settled,835356.32,CHF,AMER,CP0081,OPTION,TDR0069,BOOK_B,2025-02-11
TXN0007750913,APP018,2025-05-13,active,111414.18,JPY,LATAM,CP0133,SWAP,TDR0048,BOOK_D,2025-03-16
TXN0008989245,APP009,2025-07-05,settled,190983.6,JPY,APAC,CP0346,FUTURE,TDR0140,BOOK_A,2025-06-19
TXN0008718418,APP017,2025-02-22,pending,789750.51,GBP,LATAM,CP0411,OPTION,TDR0173,BOOK_D,2025-02-23
TXN0002945739,APP018,2025-04-25,active,364432.28,GBP,AMER,CP0428,FUTURE,TDR0042,BOOK_D,2025-11-17
TXN0002205715,APP003,2025-07-05,settled,462805.43,AUD,LATAM,CP0379,FX,TDR0158,BOOK_C,2025-02-18
TXN0003915996,APP012,2025-05-18,pending,772806.99,EUR,EMEA,CP0302,BOND,TDR0133,BOOK_A,2025-12-08
TXN0004085746,APP015,2025-03-05,pending,224620.74,USD,AMER,CP0480,EQUITY,TDR0015,BOOK_A,2025-04-29
TXN0001029000,APP014,2025-09-19,failed,552080.2,JPY,EMEA,CP0208,EQUITY,TDR0081,BOOK_C,2026-01-28
TXN0007623212,APP007,2025-06-06,failed,407547.76,CHF,LATAM,CP0056,BOND,TDR0161,BOOK_A,2025-01-12
TXN0004878571,APP018,2026-03-06,reversed,558948.75,EUR,AMER,CP0330,FX,TDR0157,BOOK_D,2026-01-19
TXN0005209784,APP014,2025-10-28,pending,460796.48,EUR,AMER,CP0004,SWAP,TDR0070,BOOK_A,2025-02-02
TXN0008167590,APP001,2025-05-14,pending,736277.39,JPY,EMEA,CP0148,SWAP,TDR0156,BOOK_C,2025-12-28
TXN0000256009,APP020,2025-08-18,active,345675.12,GBP,AMER,CP0160,BOND,TDR0095,BOOK_A,2025-06-26
TXN0008888882,APP019,2025-12-02,pending,355660.67,USD,EMEA,CP0378,FX,TDR0011,BOOK_B,2025-12-08
TXN0009241626,APP007,2025-05-29,failed,16146.21,CHF,APAC,CP0404,OPTION,TDR0127,BOOK_B,2025-12-01
TXN0008005639,APP015,2026-01-23,reversed,985730.9,JPY,EMEA,CP0018,BOND,TDR0121,BOOK_D,2026-03-10
TXN0007508935,APP018,2025-09-03,settled,485634.48,EUR,LATAM,CP0170,FX,TDR0018,BOOK_D,2026-02-04
TXN0006677860,APP010,2025-01-14,settled,996214.87,USD,APAC,CP0381,OPTION,TDR0005,BOOK_B,2025-10-04
TXN0000212340,APP007,2025-05-11,settled,80190.7,CHF,AMER,CP0002,FUTURE,TDR0003,BOOK_B,2025-06-16
TXN0006615527,APP009,2026-02-13,failed,852637.62,GBP,APAC,CP0324,BOND,TDR0078,BOOK_C,2026-01-09
TXN0006090736,APP017,2025-09-04,reversed,258032.58,GBP,LATAM,CP0017,OPTION,TDR0060,BOOK_D,2025-05-15
TXN0006499284,APP002,2025-03-03,settled,639306.47,CHF,AMER,CP0498,SWAP,TDR0170,BOOK_C,2025-02-26
TXN0003965976,APP020,2025-02-15,reversed,154983.87,JPY,EMEA,CP0049,OPTION,TDR0128,BOOK_C,2025-07-21
TXN0004101259,APP004,2025-12-12,pending,672079.06,EUR,EMEA,CP0313,BOND,TDR0104,BOOK_D,2025-08-15
TXN0009665229,APP005,2026-04-06,pending,752789.17,EUR,LATAM,CP0367,SWAP,TDR0113,BOOK_C,2025-06-19
TXN0003242907,APP017,2025-02-27,failed,84711.41,GBP,EMEA,CP0314,FUTURE,TDR0091,BOOK_D,2025-03-12
TXN0009247113,APP017,2025-03-28,settled,911888.33,USD,EMEA,CP0122,OPTION,TDR0084,BOOK_C,2025-02-10
TXN0007845848,APP006,2026-01-14,pending,434711.52,JPY,APAC,CP0210,BOND,TDR0062,BOOK_A,2025-09-02
TXN0008759249,APP010,2025-12-27,failed,378242.82,GBP,APAC,CP0181,BOND,TDR0034,BOOK_A,2025-01-24
TXN0000102089,APP004,2025-12-01,pending,280621.88,JPY,LATAM,CP0244,FX,TDR0050,BOOK_C,2025-03-28
TXN0008708671,APP020,2025-07-18,reversed,699810.91,GBP,LATAM,CP0412,BOND,TDR0182,BOOK_A,2025-02-15
TXN0005734674,APP005,2025-01-31,failed,328723.52,EUR,APAC,CP0443,FUTURE,TDR0086,BOOK_C,2025-10-25
TXN0006395396,APP016,2025-11-02,reversed,777418.19,CHF,APAC,CP0405,OPTION,TDR0099,BOOK_B,2025-09-19
TXN0006356987,APP014,2025-02-08,failed,369783.31,AUD,EMEA,CP0006,SWAP,TDR0034,BOOK_B,2025-02-20
TXN0001477744,APP015,2025-09-24,pending,146234.45,JPY,EMEA,CP0439,SWAP,TDR0083,BOOK_D,2026-01-08
TXN0009105037,APP001,2025-10-18,settled,719708.03,USD,AMER,CP0484,EQUITY,TDR0141,BOOK_C,2025-03-07
TXN0008863507,APP010,2025-02-03,settled,790942.54,AUD,LATAM,CP0226,SWAP,TDR0012,BOOK_B,2025-10-09
TXN0001407505,APP001,2026-01-23,active,965536.85,AUD,APAC,CP0240,SWAP,TDR0192,BOOK_A,2025-07-16
TXN0009909740,APP009,2025-05-27,reversed,171100.11,CHF,APAC,CP0262,BOND,TDR0091,BOOK_D,2025-04-09
TXN0002000652,APP002,2025-03-25,pending,404907.49,USD,LATAM,CP0038,FX,TDR0123,BOOK_A,2025-10-27
TXN0002518054,APP008,2025-08-22,failed,826409.87,JPY,EMEA,CP0324,EQUITY,TDR0170,BOOK_C,2025-10-15
TXN0004380522,APP010,2025-08-16,settled,873464.92,EUR,AMER,CP0173,BOND,TDR0034,BOOK_B,2025-04-29
TXN0002108784,APP010,2025-09-25,active,415689.5,CHF,LATAM,CP0210,OPTION,TDR0200,BOOK_B,2025-04-04
TXN0009898886,APP004,2025-06-20,pending,14991.29,USD,LATAM,CP0439,FX,TDR0120,BOOK_D,2025-01-31
TXN0007308189,APP005,2025-05-10,pending,941877.22,EUR,LATAM,CP0114,FUTURE,TDR0086,BOOK_B,2025-11-27
TXN0006393453,APP007,2025-02-12,failed,127698.29,USD,APAC,CP0398,OPTION,TDR0190,BOOK_D,2025-05-26
TXN0005067722,APP001,2025-05-22,failed,910190.93,USD,AMER,CP0061,SWAP,TDR0101,BOOK_A,2025-12-22
TXN0001725549,APP010,2025-01-20,active,113170.36,JPY,AMER,CP0296,OPTION,TDR0064,BOOK_C,2025-11-22
TXN0008735027,APP019,2025-04-14,pending,552312.68,USD,APAC,CP0089,BOND,TDR0053,BOOK_B,2025-04-04
TXN0004725061,APP014,2025-11-19,pending,857210.6,CHF,EMEA,CP0198,OPTION,TDR0184,BOOK_B,2025-11-08
TXN0000353273,APP002,2025-04-01,failed,663889.08,CHF,AMER,CP0498,OPTION,TDR0130,BOOK_D,2026-02-02
TXN0003578625,APP017,2025-03-06,pending,80636.95,USD,EMEA,CP0082,EQUITY,TDR0058,BOOK_A,2025-09-05
TXN0006166384,APP013,2025-02-08,settled,552910.3,USD,APAC,CP0497,FUTURE,TDR0112,BOOK_D,2026-01-27
TXN0005949563,APP001,2026-03-22,active,326415.11,GBP,EMEA,CP0406,FUTURE,TDR0118,BOOK_C,2025-09-10
TXN0007688044,APP014,2025-11-29,settled,885736.8,USD,EMEA,CP0412,OPTION,TDR0164,BOOK_A,2026-03-28
TXN0005839670,APP013,2026-03-11,reversed,688449.08,EUR,APAC,CP0447,OPTION,TDR0097,BOOK_A,2025-05-07
TXN0004661199,APP014,2025-11-09,active,51674.98,JPY,AMER,CP0077,BOND,TDR0093,BOOK_C,2025-08-26
TXN0002096222,APP016,2025-01-07,failed,885815.17,USD,LATAM,CP0099,OPTION,TDR0169,BOOK_A,2025-07-07
TXN0007546081,APP012,2026-04-06,reversed,394333.74,EUR,AMER,CP0449,BOND,TDR0019,BOOK_A,2026-03-16
TXN0008964663,APP007,2025-12-16,failed,187983.1,USD,APAC,CP0377,OPTION,TDR0130,BOOK_A,2025-12-03
TXN0002855558,APP005,2025-04-18,settled,556000.53,EUR,AMER,CP0328,BOND,TDR0029,BOOK_A,2025-11-19
TXN0002993507,APP007,2026-02-18,reversed,674593.08,GBP,LATAM,CP0372,FX,TDR0122,BOOK_D,2026-01-29
TXN0000256754,APP016,2025-02-12,pending,975506.58,AUD,APAC,CP0245,FUTURE,TDR0091,BOOK_B,2025-05-03
TXN0005684433,APP011,2025-06-30,settled,437363.93,JPY,EMEA,CP0184,BOND,TDR0156,BOOK_B,2025-09-13
TXN0008491830,APP007,2025-04-13,reversed,540515.91,CHF,AMER,CP0390,BOND,TDR0139,BOOK_D,2026-02-13
TXN0009773797,APP006,2025-07-10,settled,372591.46,EUR,LATAM,CP0214,SWAP,TDR0047,BOOK_B,2025-02-17
TXN0000011089,APP020,2025-10-19,failed,528086.75,CHF,AMER,CP0295,FUTURE,TDR0057,BOOK_A,2025-12-31
TXN0007296746,APP013,2025-09-30,failed,429295.01,AUD,APAC,CP0232,OPTION,TDR0060,BOOK_D,2025-08-04
TXN0003848278,APP008,2025-05-10,active,785299.41,EUR,EMEA,CP0156,FX,TDR0144,BOOK_A,2025-03-02
TXN0002691313,APP017,2025-09-24,reversed,87727.7,GBP,EMEA,CP0217,SWAP,TDR0152,BOOK_A,2025-08-04
TXN0007537296,APP009,2025-10-06,settled,148335.49,USD,LATAM,CP0408,OPTION,TDR0106,BOOK_B,2025-12-17
TXN0000918982,APP003,2025-12-22,active,956966.19,JPY,EMEA,CP0446,EQUITY,TDR0097,BOOK_A,2025-08-24
TXN0003174825,APP009,2025-08-29,reversed,742534.13,EUR,LATAM,CP0227,EQUITY,TDR0089,BOOK_B,2025-06-07
TXN0000098289,APP009,2025-08-03,failed,220124.25,USD,AMER,CP0454,EQUITY,TDR0182,BOOK_A,2025-04-07
TXN0002708997,APP010,2025-09-24,failed,341518.2,JPY,EMEA,CP0031,BOND,TDR0143,BOOK_C,2025-02-13
TXN0002414071,APP019,2025-12-31,pending,424403.91,CHF,EMEA,CP0469,OPTION,TDR0136,BOOK_C,2025-04-20
TXN0006847604,APP012,2025-01-13,settled,471542.64,JPY,EMEA,CP0360,SWAP,TDR0007,BOOK_C,2026-01-26
TXN0004766227,APP012,2025-09-05,reversed,209177.94,CHF,AMER,CP0107,SWAP,TDR0060,BOOK_A,2025-02-13
TXN0009070415,APP013,2025-07-17,active,433969.46,JPY,LATAM,CP0084,SWAP,TDR0127,BOOK_D,2025-09-27
TXN0000420770,APP010,2026-03-10,failed,816978.62,CHF,EMEA,CP0287,FUTURE,TDR0109,BOOK_D,2025-09-12
TXN0003561003,APP010,2025-01-14,failed,392084.71,GBP,AMER,CP0223,FUTURE,TDR0146,BOOK_C,2025-09-12
TXN0007790222,APP019,2025-11-29,active,267934.19,JPY,LATAM,CP0051,FUTURE,TDR0139,BOOK_D,2026-03-22
TXN0007145403,APP012,2025-03-11,settled,24236.19,CHF,LATAM,CP0100,SWAP,TDR0149,BOOK_C,2025-02-12
TXN0000500151,APP012,2025-05-07,reversed,742162.52,AUD,LATAM,CP0440,EQUITY,TDR0143,BOOK_A,2025-10-21
TXN0001138219,APP011,2025-08-23,settled,175347.76,USD,LATAM,CP0028,OPTION,TDR0018,BOOK_C,2026-01-13
TXN0006317727,APP008,2025-11-17,reversed,546742.34,GBP,APAC,CP0228,BOND,TDR0120,BOOK_A,2025-11-20
TXN0002645505,APP009,2025-07-17,active,352544.85,EUR,AMER,CP0464,SWAP,TDR0009,BOOK_A,2026-03-14
TXN0005284074,APP010,2025-03-28,active,851219.9,USD,AMER,CP0061,BOND,TDR0156,BOOK_B,2025-01-03
TXN0002198145,APP010,2025-06-23,settled,291376.59,JPY,AMER,CP0249,BOND,TDR0139,BOOK_B,2025-07-09
TXN0009029963,APP017,2025-02-28,reversed,162770.86,GBP,LATAM,CP0397,SWAP,TDR0170,BOOK_D,2025-04-09
TXN0004156334,APP003,2026-03-14,reversed,282720.54,AUD,LATAM,CP0370,EQUITY,TDR0116,BOOK_C,2026-03-07
TXN0004855817,APP018,2025-04-22,failed,90079.34,EUR,LATAM,CP0166,FUTURE,TDR0129,BOOK_D,2025-10-30
TXN0002225252,APP007,2025-03-03,pending,730850.62,CHF,APAC,CP0013,FX,TDR0190,BOOK_D,2026-04-07
TXN0000184062,APP008,2026-02-08,pending,264783.1,JPY,EMEA,CP0225,EQUITY,TDR0038,BOOK_D,2025-03-13
TXN0000959601,APP010,2025-02-10,settled,708006.57,GBP,EMEA,CP0354,FUTURE,TDR0175,BOOK_D,2025-03-29
TXN0003520725,APP016,2025-03-09,reversed,357270.81,AUD,APAC,CP0073,FX,TDR0034,BOOK_A,2026-03-03
TXN0005430692,APP005,2025-08-09,active,923026.31,CHF,APAC,CP0418,BOND,TDR0030,BOOK_C,2025-06-20
TXN0006347190,APP014,2025-11-10,reversed,946246.06,GBP,LATAM,CP0025,SWAP,TDR0002,BOOK_A,2026-01-02
TXN0007714789,APP007,2025-04-05,active,874001.04,AUD,EMEA,CP0359,SWAP,TDR0197,BOOK_D,2025-11-17
TXN0007348303,APP018,2025-11-12,settled,768911.34,CHF,AMER,CP0216,SWAP,TDR0170,BOOK_B,2025-06-14
TXN0004129483,APP013,2025-06-13,settled,905752.91,CHF,APAC,CP0149,FX,TDR0110,BOOK_B,2025-09-30
TXN0001877006,APP010,2026-01-17,pending,65760.08,GBP,APAC,CP0359,OPTION,TDR0084,BOOK_A,2025-02-15
TXN0005606428,APP002,2025-04-14,failed,51518.31,EUR,EMEA,CP0477,OPTION,TDR0134,BOOK_D,2026-02-26
TXN0007509256,APP018,2025-07-22,settled,599055.41,AUD,LATAM,CP0046,SWAP,TDR0097,BOOK_C,2025-05-22
TXN0002913366,APP011,2025-01-24,reversed,521632.21,JPY,APAC,CP0276,FX,TDR0083,BOOK_D,2026-01-23
TXN0002106660,APP002,2025-06-28,reversed,536521.62,USD,APAC,CP0074,BOND,TDR0082,BOOK_B,2026-01-11
TXN0004554829,APP003,2026-01-19,reversed,338858.35,CHF,LATAM,CP0086,BOND,TDR0029,BOOK_B,2025-01-02
TXN0009716996,APP008,2025-10-04,failed,778043.55,USD,APAC,CP0452,OPTION,TDR0120,BOOK_A,2025-06-20
TXN0001623722,APP015,2025-03-03,failed,499781.89,USD,AMER,CP0243,FX,TDR0070,BOOK_B,2025-02-21
TXN0003445687,APP002,2025-06-29,settled,804942.26,EUR,APAC,CP0097,SWAP,TDR0033,BOOK_B,2026-01-19
TXN0009911382,APP004,2025-07-24,reversed,228649.4,CHF,AMER,CP0123,OPTION,TDR0160,BOOK_B,2025-10-09
TXN0004297439,APP004,2025-11-13,settled,34077.02,USD,LATAM,CP0072,FX,TDR0097,BOOK_B,2025-01-18
TXN0004373950,APP009,2025-12-19,failed,484744.52,AUD,AMER,CP0456,FUTURE,TDR0059,BOOK_D,2025-02-17
TXN0008372439,APP020,2025-04-21,active,479188.97,USD,LATAM,CP0244,EQUITY,TDR0057,BOOK_A,2025-09-24
TXN0007673789,APP004,2025-04-23,active,530612.24,EUR,AMER,CP0391,BOND,TDR0018,BOOK_B,2025-01-11
TXN0008203166,APP013,2025-04-08,reversed,208331.96,AUD,LATAM,CP0233,OPTION,TDR0073,BOOK_C,2025-05-26
TXN0009695838,APP007,2025-11-28,reversed,713317.72,GBP,AMER,CP0084,SWAP,TDR0133,BOOK_C,2025-09-26
TXN0005418663,APP005,2025-05-29,reversed,37999.52,JPY,AMER,CP0437,BOND,TDR0136,BOOK_B,2025-10-05
TXN0002129439,APP018,2025-06-17,failed,288844.07,AUD,LATAM,CP0283,OPTION,TDR0147,BOOK_D,2025-08-25
TXN0004328943,APP003,2025-06-25,active,236062.33,GBP,LATAM,CP0480,BOND,TDR0098,BOOK_C,2025-10-08
TXN0007188259,APP014,2025-12-13,reversed,640057.01,JPY,LATAM,CP0433,SWAP,TDR0194,BOOK_B,2025-04-21
TXN0007525372,APP016,2025-08-08,active,429134.92,JPY,LATAM,CP0489,SWAP,TDR0180,BOOK_A,2026-02-25
TXN0008706463,APP007,2026-03-29,pending,896186.68,GBP,AMER,CP0356,OPTION,TDR0036,BOOK_D,2025-01-29
TXN0009352601,APP015,2026-01-13,settled,602208.7,CHF,EMEA,CP0262,FX,TDR0002,BOOK_A,2025-09-06
TXN0001029317,APP008,2025-10-20,reversed,375151.07,JPY,APAC,CP0001,FUTURE,TDR0198,BOOK_B,2026-04-06
TXN0002204265,APP015,2025-10-31,active,633903.27,AUD,AMER,CP0310,FUTURE,TDR0100,BOOK_B,2025-07-02
TXN0002594273,APP009,2025-01-08,pending,71333.43,EUR,LATAM,CP0084,SWAP,TDR0137,BOOK_A,2026-01-18
TXN0008441138,APP010,2026-01-03,failed,899205.3,GBP,EMEA,CP0445,OPTION,TDR0031,BOOK_A,2025-06-05
TXN0006956677,APP020,2025-11-16,settled,644724.77,JPY,EMEA,CP0279,FX,TDR0034,BOOK_C,2025-03-28
TXN0003432259,APP019,2025-01-12,reversed,570489.19,AUD,AMER,CP0341,FX,TDR0012,BOOK_D,2025-12-12
TXN0001020419,APP008,2025-09-13,pending,820327.8,GBP,LATAM,CP0278,EQUITY,TDR0075,BOOK_C,2025-12-07
TXN0003642658,APP001,2025-05-29,reversed,19050.0,CHF,EMEA,CP0048,FUTURE,TDR0156,BOOK_B,2025-10-30
TXN0006111254,APP011,2025-05-18,pending,633873.4,GBP,LATAM,CP0482,SWAP,TDR0196,BOOK_C,2025-04-28
TXN0007873285,APP015,2025-05-20,reversed,503261.92,CHF,LATAM,CP0330,FX,TDR0003,BOOK_C,2025-09-29
TXN0004193403,APP010,2025-08-31,pending,11285.13,JPY,AMER,CP0148,FUTURE,TDR0041,BOOK_D,2025-09-26
TXN0000458130,APP013,2025-03-21,reversed,92831.21,JPY,EMEA,CP0020,OPTION,TDR0059,BOOK_B,2026-01-19
TXN0002048582,APP006,2025-11-23,settled,776088.27,USD,AMER,CP0387,OPTION,TDR0117,BOOK_D,2025-04-14
TXN0006183660,APP008,2026-02-04,settled,277788.52,EUR,EMEA,CP0252,BOND,TDR0183,BOOK_D,2026-01-30
TXN0002697299,APP012,2025-02-05,reversed,277954.44,GBP,EMEA,CP0361,BOND,TDR0025,BOOK_C,2025-11-13
TXN0009177141,APP006,2026-01-28,settled,704541.76,USD,APAC,CP0111,FX,TDR0089,BOOK_B,2025-09-18
TXN0007142290,APP018,2026-01-10,settled,325791.77,GBP,LATAM,CP0114,FUTURE,TDR0099,BOOK_B,2026-03-21
TXN0005307518,APP002,2025-11-29,pending,139974.64,GBP,LATAM,CP0308,OPTION,TDR0053,BOOK_A,2025-01-01
TXN0006739086,APP020,2025-09-05,reversed,444462.92,EUR,EMEA,CP0435,OPTION,TDR0172,BOOK_B,2025-07-29
TXN0002125921,APP002,2026-01-28,reversed,784511.64,JPY,APAC,CP0167,EQUITY,TDR0158,BOOK_A,2025-10-06
TXN0007667715,APP012,2026-02-28,settled,211504.42,GBP,EMEA,CP0326,FUTURE,TDR0046,BOOK_D,2025-01-09
TXN0001123795,APP016,2025-04-17,failed,106718.65,CHF,APAC,CP0193,FUTURE,TDR0138,BOOK_D,2026-01-23
TXN0000612060,APP009,2026-01-24,settled,278662.02,EUR,AMER,CP0419,BOND,TDR0115,BOOK_D,2025-02-05
TXN0003632791,APP002,2025-11-06,failed,889062.91,CHF,APAC,CP0221,OPTION,TDR0142,BOOK_B,2025-12-10
TXN0004724109,APP016,2025-01-28,pending,793342.78,CHF,LATAM,CP0017,FUTURE,TDR0123,BOOK_C,2025-11-15
TXN0006333382,APP004,2026-01-26,settled,471267.37,USD,LATAM,CP0388,SWAP,TDR0131,BOOK_D,2025-07-19
TXN0006662765,APP013,2025-12-22,settled,620820.03,EUR,EMEA,CP0357,BOND,TDR0101,BOOK_C,2025-07-27
TXN0006807155,APP003,2025-06-18,active,332295.75,JPY,EMEA,CP0278,FX,TDR0140,BOOK_D,2025-01-25
TXN0000047472,APP015,2025-12-19,failed,726286.33,GBP,AMER,CP0149,BOND,TDR0005,BOOK_C,2026-03-07
TXN0001617555,APP018,2026-03-08,active,379213.42,JPY,LATAM,CP0008,EQUITY,TDR0109,BOOK_C,2025-09-04
TXN0006144952,APP001,2025-03-29,failed,519844.03,AUD,LATAM,CP0042,SWAP,TDR0099,BOOK_B,2025-12-01
TXN0006096028,APP006,2025-02-14,failed,550116.86,GBP,AMER,CP0476,FUTURE,TDR0134,BOOK_D,2025-06-11
TXN0001290308,APP019,2025-12-24,reversed,619792.09,CHF,LATAM,CP0468,BOND,TDR0024,BOOK_C,2025-03-16
TXN0009003619,APP002,2026-03-26,settled,736482.88,JPY,APAC,CP0340,FX,TDR0110,BOOK_B,2025-02-05
TXN0007544369,APP010,2025-01-28,settled,846849.94,JPY,APAC,CP0221,EQUITY,TDR0078,BOOK_C,2025-08-29
TXN0007769637,APP008,2025-05-06,reversed,94877.63,AUD,EMEA,CP0045,SWAP,TDR0169,BOOK_B,2025-10-17
TXN0006866536,APP012,2025-03-04,settled,701510.26,GBP,EMEA,CP0193,FUTURE,TDR0056,BOOK_D,2025-06-11
TXN0003886657,APP010,2025-07-11,settled,620834.11,GBP,AMER,CP0118,BOND,TDR0075,BOOK_D,2025-11-12
TXN0002197502,APP001,2025-08-08,failed,227015.93,USD,AMER,CP0142,EQUITY,TDR0149,BOOK_C,2025-01-23
TXN0001459845,APP013,2025-05-16,pending,619655.88,EUR,AMER,CP0443,FUTURE,TDR0033,BOOK_C,2025-02-03
TXN0000368719,APP002,2025-02-03,pending,442926.23,USD,APAC,CP0378,SWAP,TDR0039,BOOK_D,2025-02-19
TXN0005079634,APP019,2025-02-05,active,820822.54,CHF,LATAM,CP0250,SWAP,TDR0102,BOOK_C,2025-01-09
TXN0003218614,APP005,2025-09-11,active,920406.35,GBP,LATAM,CP0284,EQUITY,TDR0124,BOOK_B,2025-06-08
TXN0002857626,APP015,2025-03-27,pending,738722.69,JPY,AMER,CP0325,EQUITY,TDR0002,BOOK_A,2025-07-18
TXN0005130463,APP010,2025-12-03,reversed,570316.46,CHF,LATAM,CP0112,EQUITY,TDR0123,BOOK_A,2025-07-01
TXN0006223186,APP013,2026-01-20,settled,865166.61,CHF,AMER,CP0078,SWAP,TDR0172,BOOK_A,2025-07-08
TXN0009393283,APP015,2025-03-24,pending,188962.69,USD,AMER,CP0498,FUTURE,TDR0083,BOOK_D,2026-02-08
TXN0005606919,APP019,2026-02-24,reversed,58674.33,EUR,AMER,CP0341,FX,TDR0001,BOOK_D,2025-07-29
TXN0005904837,APP009,2025-03-07,settled,54697.83,USD,LATAM,CP0250,FX,TDR0145,BOOK_B,2025-03-29
TXN0009734881,APP007,2025-10-13,settled,526973.35,EUR,AMER,CP0033,SWAP,TDR0191,BOOK_B,2025-02-07
TXN0003877231,APP013,2025-12-12,failed,323159.76,GBP,AMER,CP0027,FX,TDR0176,BOOK_A,2025-07-22
TXN0001054394,APP001,2025-03-15,settled,137317.04,GBP,LATAM,CP0177,OPTION,TDR0183,BOOK_B,2026-03-22
TXN0006195625,APP003,2025-08-03,failed,44027.61,EUR,EMEA,CP0033,FX,TDR0058,BOOK_D,2026-03-30
TXN0004571997,APP014,2025-06-16,failed,287728.8,AUD,AMER,CP0069,OPTION,TDR0029,BOOK_A,2025-01-12
TXN0001389504,APP017,2025-07-17,pending,139012.25,EUR,EMEA,CP0090,FUTURE,TDR0158,BOOK_C,2025-03-15
TXN0008435716,APP014,2025-02-23,reversed,213553.81,AUD,AMER,CP0144,OPTION,TDR0121,BOOK_C,2026-02-24
TXN0000193612,APP009,2025-12-15,reversed,174454.17,USD,LATAM,CP0457,SWAP,TDR0017,BOOK_D,2025-01-28
TXN0004000851,APP002,2026-03-19,reversed,643920.99,EUR,EMEA,CP0195,EQUITY,TDR0189,BOOK_A,2025-08-11
TXN0000325622,APP019,2025-11-02,settled,298937.15,USD,LATAM,CP0216,OPTION,TDR0140,BOOK_B,2025-01-28
TXN0004915695,APP007,2026-01-17,reversed,779744.41,EUR,AMER,CP0100,FUTURE,TDR0176,BOOK_C,2025-08-19
TXN0006221299,APP009,2025-10-27,failed,730757.73,AUD,APAC,CP0135,OPTION,TDR0041,BOOK_A,2025-01-03
TXN0003810643,APP017,2026-02-09,settled,729578.23,JPY,AMER,CP0373,FUTURE,TDR0062,BOOK_D,2025-02-14
TXN0007322736,APP006,2026-04-07,reversed,722711.48,EUR,EMEA,CP0144,SWAP,TDR0167,BOOK_B,2025-09-04
TXN0005375422,APP010,2026-01-06,reversed,334356.1,AUD,AMER,CP0296,FUTURE,TDR0050,BOOK_B,2025-05-01
TXN0000201672,APP003,2025-01-07,settled,779857.68,USD,EMEA,CP0159,BOND,TDR0066,BOOK_B,2025-03-17
TXN0006540732,APP002,2025-12-29,active,621715.14,GBP,EMEA,CP0342,FUTURE,TDR0034,BOOK_D,2025-01-04
TXN0002429605,APP005,2025-09-07,settled,998542.68,AUD,APAC,CP0078,FX,TDR0041,BOOK_D,2025-08-28
TXN0003918540,APP011,2025-07-27,settled,475293.28,JPY,AMER,CP0033,FUTURE,TDR0124,BOOK_B,2025-12-01
TXN0001903136,APP004,2025-03-09,settled,670908.3,USD,APAC,CP0314,BOND,TDR0030,BOOK_B,2025-02-25
TXN0000731224,APP013,2025-06-03,pending,151512.28,GBP,AMER,CP0106,EQUITY,TDR0026,BOOK_C,2025-08-08
TXN0006016402,APP005,2025-02-28,failed,386699.16,JPY,LATAM,CP0285,FX,TDR0067,BOOK_B,2025-11-10
TXN0002149516,APP007,2025-03-16,active,683766.31,CHF,APAC,CP0229,BOND,TDR0109,BOOK_C,2025-01-10
TXN0004061555,APP012,2026-03-07,failed,437749.32,GBP,EMEA,CP0430,SWAP,TDR0157,BOOK_B,2026-03-30
TXN0001346041,APP015,2025-07-11,active,376547.67,CHF,LATAM,CP0234,FX,TDR0168,BOOK_B,2025-01-29
TXN0008845341,APP018,2025-02-20,settled,852467.45,EUR,EMEA,CP0075,EQUITY,TDR0200,BOOK_B,2025-12-02
TXN0005045669,APP001,2026-01-08,failed,364247.41,GBP,AMER,CP0234,OPTION,TDR0167,BOOK_D,2025-06-11
TXN0001213187,APP011,2025-04-06,failed,472555.68,AUD,LATAM,CP0440,BOND,TDR0007,BOOK_C,2026-04-12
TXN0005585304,APP012,2026-02-15,pending,518448.32,EUR,EMEA,CP0379,FUTURE,TDR0022,BOOK_B,2025-05-20
TXN0007759840,APP001,2025-09-06,active,199295.67,USD,AMER,CP0496,SWAP,TDR0193,BOOK_A,2025-02-27
TXN0002215231,APP002,2025-04-15,failed,970297.44,GBP,LATAM,CP0024,SWAP,TDR0132,BOOK_A,2026-01-25
TXN0007466439,APP001,2026-03-22,active,676639.46,CHF,AMER,CP0283,SWAP,TDR0067,BOOK_C,2025-06-07
TXN0001133121,APP003,2026-02-22,active,928776.76,JPY,LATAM,CP0360,OPTION,TDR0137,BOOK_D,2025-06-28
TXN0004928926,APP013,2026-04-04,pending,507262.4,JPY,LATAM,CP0042,FX,TDR0159,BOOK_C,2025-02-28
TXN0004127852,APP015,2026-02-24,failed,529551.95,JPY,AMER,CP0356,OPTION,TDR0177,BOOK_C,2025-04-03
TXN0002869496,APP016,2025-05-23,failed,66718.01,GBP,AMER,CP0277,BOND,TDR0082,BOOK_D,2025-12-20
TXN0007576535,APP019,2026-03-31,reversed,123052.54,GBP,LATAM,CP0252,SWAP,TDR0031,BOOK_A,2025-09-25
TXN0000799416,APP017,2025-09-23,reversed,172834.34,GBP,APAC,CP0416,FUTURE,TDR0169,BOOK_D,2026-02-22
TXN0005068796,APP017,2025-09-03,reversed,210873.36,GBP,EMEA,CP0099,FUTURE,TDR0119,BOOK_C,2025-11-10
TXN0005713918,APP002,2026-01-08,pending,226949.08,CHF,LATAM,CP0471,FX,TDR0054,BOOK_C,2025-01-25
TXN0004748982,APP013,2025-02-20,failed,839741.01,EUR,AMER,CP0336,OPTION,TDR0118,BOOK_C,2025-04-30
TXN0008545454,APP016,2026-04-02,pending,150423.66,EUR,APAC,CP0277,BOND,TDR0022,BOOK_C,2025-07-09
TXN0006350788,APP008,2025-07-27,settled,343103.87,CHF,APAC,CP0460,BOND,TDR0151,BOOK_A,2025-05-10
TXN0004160776,APP020,2025-10-26,reversed,169296.14,JPY,EMEA,CP0126,FUTURE,TDR0179,BOOK_A,2026-03-01
TXN0009147834,APP007,2025-02-11,pending,710820.95,AUD,LATAM,CP0052,FUTURE,TDR0173,BOOK_A,2025-02-28
TXN0002462684,APP006,2025-01-14,reversed,349470.08,EUR,AMER,CP0093,OPTION,TDR0136,BOOK_B,2025-08-05
TXN0003713052,APP007,2025-11-26,active,412934.03,EUR,APAC,CP0486,SWAP,TDR0044,BOOK_B,2025-07-17
TXN0003830948,APP002,2026-02-14,settled,996589.4,EUR,APAC,CP0008,FUTURE,TDR0053,BOOK_C,2025-03-08
TXN0008850073,APP017,2025-01-07,active,249546.89,USD,APAC,CP0250,SWAP,TDR0094,BOOK_B,2026-01-21
TXN0008948615,APP020,2025-01-25,active,23128.56,USD,APAC,CP0282,BOND,TDR0064,BOOK_C,2025-05-20
TXN0005407613,APP010,2025-07-17,pending,967612.91,GBP,APAC,CP0279,EQUITY,TDR0077,BOOK_B,2025-07-13
TXN0008402454,APP005,2026-01-28,pending,883242.99,USD,EMEA,CP0398,FX,TDR0006,BOOK_A,2026-04-08
TXN0006276554,APP012,2025-12-22,failed,94270.76,USD,APAC,CP0247,FX,TDR0170,BOOK_B,2025-06-10
TXN0004261913,APP017,2025-06-01,failed,475640.76,GBP,LATAM,CP0170,FUTURE,TDR0030,BOOK_A,2025-09-13
TXN0003957702,APP001,2025-06-09,failed,170869.52,AUD,AMER,CP0470,FUTURE,TDR0149,BOOK_A,2025-04-06
TXN0005030296,APP016,2025-11-22,settled,906220.23,CHF,APAC,CP0184,FUTURE,TDR0053,BOOK_D,2025-11-29
TXN0008225762,APP018,2025-07-09,active,146939.53,USD,AMER,CP0281,EQUITY,TDR0119,BOOK_C,2025-12-29
TXN0008316355,APP001,2026-01-30,reversed,330185.71,EUR,AMER,CP0340,FUTURE,TDR0074,BOOK_B,2025-10-16
TXN0005717290,APP019,2025-07-22,active,510366.56,JPY,LATAM,CP0051,OPTION,TDR0037,BOOK_A,2026-04-09
TXN0002415551,APP015,2026-01-09,reversed,608204.98,AUD,APAC,CP0411,EQUITY,TDR0008,BOOK_A,2025-11-25
TXN0002341353,APP010,2026-01-15,pending,573298.6,CHF,EMEA,CP0396,EQUITY,TDR0148,BOOK_B,2025-01-08
TXN0004669184,APP017,2025-09-08,settled,244489.26,JPY,AMER,CP0158,FX,TDR0026,BOOK_C,2026-01-09
TXN0001772281,APP014,2025-05-19,reversed,26324.08,GBP,EMEA,CP0229,EQUITY,TDR0194,BOOK_D,2025-10-15
TXN0009923342,APP013,2025-12-30,pending,121848.07,CHF,EMEA,CP0266,BOND,TDR0176,BOOK_A,2025-03-23
TXN0008978622,APP014,2025-06-05,settled,665298.95,JPY,LATAM,CP0069,FX,TDR0151,BOOK_C,2025-02-03
TXN0006603157,APP003,2025-11-17,reversed,442760.37,USD,AMER,CP0153,BOND,TDR0113,BOOK_C,2025-07-28
TXN0006227414,APP015,2025-09-27,pending,513562.84,GBP,LATAM,CP0085,EQUITY,TDR0117,BOOK_C,2026-02-03
TXN0006746359,APP001,2025-09-25,reversed,301367.66,JPY,EMEA,CP0091,OPTION,TDR0032,BOOK_C,2025-06-10
TXN0008878935,APP020,2025-12-27,failed,851710.09,EUR,AMER,CP0167,SWAP,TDR0076,BOOK_D,2025-11-12
TXN0006736135,APP011,2025-07-03,active,81963.41,CHF,AMER,CP0473,FX,TDR0043,BOOK_B,2025-04-11
TXN0004721535,APP018,2025-06-11,active,194311.05,USD,EMEA,CP0374,FX,TDR0179,BOOK_A,2025-06-08
TXN0002696132,APP017,2025-06-05,active,865432.82,GBP,AMER,CP0309,EQUITY,TDR0023,BOOK_A,2025-04-26
TXN0005856244,APP011,2025-05-04,pending,311707.66,USD,EMEA,CP0314,FUTURE,TDR0093,BOOK_D,2025-09-15
TXN0005834198,APP013,2026-01-19,settled,194727.42,AUD,EMEA,CP0265,FUTURE,TDR0038,BOOK_B,2026-03-17
TXN0000122341,APP017,2025-05-17,failed,388403.53,JPY,APAC,CP0213,FUTURE,TDR0136,BOOK_A,2025-08-25
TXN0000258760,APP011,2025-10-10,failed,263278.05,CHF,AMER,CP0038,EQUITY,TDR0012,BOOK_B,2026-03-07
TXN0002486866,APP014,2026-01-03,pending,868634.96,JPY,APAC,CP0359,BOND,TDR0098,BOOK_C,2025-04-08
TXN0008420012,APP018,2025-10-15,failed,584424.96,CHF,AMER,CP0454,FX,TDR0086,BOOK_A,2025-02-28
TXN0003262993,APP009,2026-03-01,active,64542.87,CHF,AMER,CP0486,OPTION,TDR0113,BOOK_C,2026-03-06
TXN0001474237,APP013,2025-08-29,pending,113462.87,CHF,EMEA,CP0232,OPTION,TDR0044,BOOK_C,2025-05-06
TXN0005534660,APP020,2025-11-18,settled,508076.42,GBP,APAC,CP0107,BOND,TDR0019,BOOK_C,2025-06-20
TXN0008284876,APP003,2025-07-26,active,314656.69,JPY,LATAM,CP0261,BOND,TDR0095,BOOK_D,2026-02-24
TXN0009115641,APP013,2025-08-01,settled,635200.73,AUD,AMER,CP0219,FUTURE,TDR0077,BOOK_B,2026-02-05
TXN0009762498,APP004,2025-10-15,active,139303.84,GBP,APAC,CP0465,BOND,TDR0106,BOOK_B,2026-02-11
TXN0006046932,APP007,2025-12-02,settled,698637.71,JPY,APAC,CP0443,SWAP,TDR0064,BOOK_B,2025-01-11
TXN0004597942,APP003,2025-07-16,failed,201307.33,GBP,APAC,CP0391,FUTURE,TDR0092,BOOK_A,2025-04-06
TXN0005049539,APP008,2025-08-17,settled,142300.64,USD,AMER,CP0264,FUTURE,TDR0013,BOOK_D,2025-07-26
TXN0001457291,APP006,2025-05-07,reversed,707319.77,CHF,LATAM,CP0261,OPTION,TDR0040,BOOK_B,2025-03-03
TXN0001121211,APP008,2025-11-27,failed,188762.9,USD,AMER,CP0435,EQUITY,TDR0142,BOOK_D,2025-07-17
TXN0008162557,APP012,2025-12-16,settled,26951.43,JPY,AMER,CP0117,BOND,TDR0188,BOOK_C,2026-03-30
TXN0004326883,APP009,2026-02-04,active,488205.77,USD,EMEA,CP0365,EQUITY,TDR0041,BOOK_A,2025-08-19
TXN0004968256,APP006,2025-08-31,pending,316193.91,EUR,AMER,CP0170,OPTION,TDR0154,BOOK_B,2025-07-24
TXN0006186428,APP004,2025-05-02,pending,555457.28,JPY,EMEA,CP0437,EQUITY,TDR0027,BOOK_B,2025-01-19
TXN0007655043,APP012,2025-10-14,active,667456.97,AUD,AMER,CP0369,FX,TDR0165,BOOK_A,2025-04-26
TXN0007736820,APP015,2026-03-05,settled,752977.08,CHF,LATAM,CP0072,FX,TDR0154,BOOK_A,2026-03-13
TXN0007900455,APP004,2026-01-29,settled,254993.43,CHF,EMEA,CP0083,FUTURE,TDR0087,BOOK_D,2025-12-22
TXN0007244798,APP009,2026-04-11,failed,765774.06,GBP,LATAM,CP0245,OPTION,TDR0060,BOOK_B,2026-01-09
TXN0001223974,APP001,2026-02-17,failed,453130.58,USD,AMER,CP0231,OPTION,TDR0057,BOOK_C,2025-10-14
TXN0002072365,APP018,2025-12-15,settled,658040.92,CHF,APAC,CP0498,FUTURE,TDR0084,BOOK_D,2025-12-06
TXN0001767761,APP012,2026-02-15,pending,601631.21,AUD,APAC,CP0413,OPTION,TDR0021,BOOK_C,2026-02-20
TXN0009509300,APP010,2026-03-13,pending,362648.82,GBP,APAC,CP0124,OPTION,TDR0081,BOOK_B,2025-01-21
TXN0000601993,APP003,2025-04-18,settled,743330.77,USD,APAC,CP0122,OPTION,TDR0199,BOOK_B,2025-05-28
TXN0001515603,APP013,2026-03-07,reversed,580435.11,JPY,APAC,CP0133,OPTION,TDR0013,BOOK_C,2025-11-02
TXN0002323756,APP002,2026-01-21,pending,263029.77,GBP,APAC,CP0485,BOND,TDR0088,BOOK_A,2025-03-15
TXN0004646691,APP001,2025-10-24,reversed,608165.67,JPY,EMEA,CP0130,FUTURE,TDR0193,BOOK_B,2025-08-13
TXN0006515927,APP005,2025-10-24,settled,725539.45,JPY,EMEA,CP0125,EQUITY,TDR0022,BOOK_C,2025-09-13
TXN0002042317,APP004,2025-01-03,reversed,2447.5,USD,LATAM,CP0171,FUTURE,TDR0072,BOOK_C,2025-10-08
TXN0002582884,APP003,2025-11-11,active,83975.36,GBP,EMEA,CP0040,BOND,TDR0022,BOOK_C,2026-01-30
TXN0009598875,APP008,2025-12-05,pending,963846.78,USD,APAC,CP0351,EQUITY,TDR0045,BOOK_A,2025-10-23
TXN0004283290,APP014,2025-01-25,failed,164421.19,EUR,APAC,CP0337,BOND,TDR0032,BOOK_D,2025-10-29
TXN0007034846,APP001,2025-06-21,reversed,447479.37,CHF,AMER,CP0432,OPTION,TDR0170,BOOK_C,2025-11-25
TXN0002852267,APP004,2025-09-10,settled,702585.74,AUD,AMER,CP0105,SWAP,TDR0071,BOOK_C,2025-06-03
TXN0002872262,APP018,2025-05-09,reversed,163832.28,GBP,APAC,CP0438,OPTION,TDR0059,BOOK_C,2026-02-23
TXN0008090623,APP003,2025-08-02,pending,487405.72,EUR,APAC,CP0357,OPTION,TDR0054,BOOK_D,2026-02-15
TXN0003729503,APP002,2025-07-24,active,674687.17,EUR,AMER,CP0490,EQUITY,TDR0083,BOOK_D,2025-06-30
TXN0007436413,APP003,2025-03-03,failed,320120.62,AUD,EMEA,CP0417,OPTION,TDR0088,BOOK_A,2025-09-06
TXN0007444243,APP007,2026-01-11,pending,713037.65,GBP,LATAM,CP0044,FUTURE,TDR0006,BOOK_D,2025-01-29
TXN0001949355,APP019,2025-08-15,reversed,454170.85,USD,APAC,CP0116,FX,TDR0146,BOOK_D,2025-03-26
TXN0003632987,APP015,2025-03-31,settled,655916.23,JPY,EMEA,CP0441,FUTURE,TDR0108,BOOK_C,2025-12-22
TXN0000087487,APP017,2025-03-24,pending,97127.11,USD,LATAM,CP0404,BOND,TDR0097,BOOK_B,2025-09-30
TXN0003404755,APP013,2025-02-01,settled,227699.2,EUR,LATAM,CP0395,FX,TDR0019,BOOK_C,2026-01-08
TXN0002956554,APP017,2025-02-02,pending,248307.71,CHF,EMEA,CP0366,FX,TDR0066,BOOK_D,2025-11-20
TXN0002421184,APP015,2025-09-01,pending,404492.91,GBP,AMER,CP0173,OPTION,TDR0018,BOOK_B,2025-01-30
TXN0009196198,APP014,2026-03-18,reversed,811003.12,AUD,APAC,CP0249,SWAP,TDR0141,BOOK_A,2026-03-06
TXN0002448296,APP005,2025-01-18,reversed,953265.0,GBP,EMEA,CP0003,EQUITY,TDR0156,BOOK_B,2026-01-03
TXN0000564564,APP004,2026-02-25,failed,789909.02,GBP,LATAM,CP0198,OPTION,TDR0003,BOOK_D,2025-04-11
TXN0004109086,APP002,2025-04-05,reversed,447703.9,JPY,AMER,CP0161,EQUITY,TDR0161,BOOK_C,2026-03-10
TXN0004263955,APP008,2025-10-29,settled,291225.29,AUD,LATAM,CP0268,EQUITY,TDR0194,BOOK_B,2025-11-03
TXN0005556170,APP017,2025-11-25,reversed,238844.81,AUD,APAC,CP0181,SWAP,TDR0031,BOOK_B,2025-11-29
TXN0000192357,APP015,2025-07-23,failed,930618.37,GBP,EMEA,CP0384,BOND,TDR0026,BOOK_A,2025-10-03
TXN0005500846,APP004,2026-02-16,reversed,815375.76,EUR,APAC,CP0227,EQUITY,TDR0040,BOOK_C,2025-02-01
TXN0006260003,APP018,2025-03-30,reversed,995026.16,CHF,LATAM,CP0261,FUTURE,TDR0174,BOOK_D,2025-04-01
TXN0000422870,APP006,2025-08-28,reversed,577223.03,USD,EMEA,CP0482,OPTION,TDR0192,BOOK_D,2025-11-25
TXN0006434642,APP007,2025-11-06,settled,583682.41,AUD,APAC,CP0179,FUTURE,TDR0077,BOOK_C,2025-09-29
TXN0004549935,APP008,2025-04-07,reversed,904265.99,JPY,EMEA,CP0468,OPTION,TDR0054,BOOK_C,2025-12-30
TXN0000306174,APP015,2026-02-11,failed,6901.88,CHF,LATAM,CP0102,OPTION,TDR0147,BOOK_C,2025-09-06
TXN0001642210,APP005,2025-08-21,reversed,396125.51,EUR,LATAM,CP0054,EQUITY,TDR0014,BOOK_A,2025-09-02
TXN0003070168,APP007,2025-10-28,reversed,48143.76,USD,APAC,CP0269,FUTURE,TDR0196,BOOK_D,2025-03-16
TXN0008254484,APP020,2025-01-01,failed,756712.64,USD,AMER,CP0038,FX,TDR0078,BOOK_C,2025-12-02
TXN0006427623,APP010,2025-09-04,failed,874834.09,GBP,APAC,CP0401,OPTION,TDR0014,BOOK_D,2025-01-09
TXN0003472551,APP007,2025-11-23,failed,277271.85,USD,AMER,CP0383,BOND,TDR0055,BOOK_D,2025-01-27
TXN0005492594,APP004,2025-07-22,settled,469895.59,JPY,LATAM,CP0390,BOND,TDR0035,BOOK_A,2025-05-16
TXN0001909153,APP013,2025-09-02,failed,40084.41,JPY,LATAM,CP0390,SWAP,TDR0022,BOOK_D,2026-02-07
TXN0009925108,APP003,2025-08-17,pending,830361.65,GBP,AMER,CP0163,EQUITY,TDR0012,BOOK_B,2025-05-27
TXN0002483585,APP004,2025-10-22,pending,900261.0,JPY,APAC,CP0395,FX,TDR0045,BOOK_C,2025-02-16
TXN0007137983,APP009,2025-06-22,failed,76326.31,JPY,EMEA,CP0195,FX,TDR0119,BOOK_A,2025-08-12
TXN0007076726,APP006,2025-08-23,active,831182.01,JPY,LATAM,CP0325,EQUITY,TDR0051,BOOK_A,2025-12-02
TXN0000731653,APP008,2026-02-03,settled,702213.93,USD,AMER,CP0175,EQUITY,TDR0096,BOOK_A,2025-01-29
TXN0009816386,APP009,2025-06-13,settled,703135.1,GBP,EMEA,CP0139,FX,TDR0026,BOOK_D,2025-09-26
TXN0001347792,APP009,2026-03-12,failed,170069.97,AUD,EMEA,CP0128,FX,TDR0088,BOOK_C,2025-12-07
TXN0001698592,APP019,2025-06-02,settled,916117.08,AUD,LATAM,CP0175,FX,TDR0021,BOOK_D,2026-02-10
TXN0007850564,APP019,2025-09-27,pending,820864.34,GBP,APAC,CP0488,BOND,TDR0069,BOOK_B,2025-04-21
TXN0005658623,APP016,2025-03-27,pending,396947.64,AUD,APAC,CP0431,OPTION,TDR0131,BOOK_B,2026-03-10
TXN0008118191,APP020,2026-02-03,reversed,834020.44,JPY,LATAM,CP0410,FUTURE,TDR0111,BOOK_C,2025-09-15
TXN0005714580,APP008,2025-09-28,failed,253714.38,CHF,LATAM,CP0453,BOND,TDR0120,BOOK_D,2025-09-07
TXN0008624532,APP017,2025-04-07,pending,669844.54,CHF,EMEA,CP0488,SWAP,TDR0154,BOOK_A,2025-09-26
TXN0008466775,APP014,2025-01-01,active,209570.09,GBP,EMEA,CP0315,SWAP,TDR0080,BOOK_A,2025-12-10
TXN0007025674,APP013,2025-01-26,reversed,186800.81,CHF,EMEA,CP0068,OPTION,TDR0090,BOOK_C,2026-01-31
TXN0004301698,APP018,2026-02-18,pending,135867.66,USD,AMER,CP0430,FUTURE,TDR0106,BOOK_A,2025-06-06
TXN0001002656,APP004,2025-11-28,active,444813.04,AUD,AMER,CP0326,SWAP,TDR0068,BOOK_C,2025-11-14
TXN0006947401,APP015,2025-10-24,reversed,867281.19,JPY,LATAM,CP0391,BOND,TDR0025,BOOK_B,2025-01-25
TXN0008222121,APP016,2025-10-10,settled,472907.26,GBP,LATAM,CP0123,SWAP,TDR0096,BOOK_D,2025-12-18
TXN0005181286,APP009,2025-09-30,failed,947754.13,AUD,LATAM,CP0367,BOND,TDR0009,BOOK_D,2025-07-29
TXN0001361052,APP016,2026-02-10,reversed,25786.76,JPY,EMEA,CP0004,BOND,TDR0077,BOOK_D,2025-03-15
TXN0005353476,APP001,2025-03-17,active,847324.26,JPY,APAC,CP0316,EQUITY,TDR0008,BOOK_A,2025-03-18
TXN0001919429,APP008,2025-09-03,pending,423912.23,USD,AMER,CP0084,EQUITY,TDR0017,BOOK_D,2025-01-31
TXN0009800098,APP005,2026-03-03,pending,87147.56,EUR,EMEA,CP0076,FX,TDR0102,BOOK_C,2026-04-14
TXN0003902120,APP013,2025-10-21,failed,704432.43,JPY,EMEA,CP0393,FX,TDR0198,BOOK_C,2025-05-08
TXN0002907759,APP004,2025-11-24,active,87381.73,GBP,AMER,CP0472,EQUITY,TDR0051,BOOK_A,2025-03-02
TXN0006826451,APP008,2025-07-21,failed,317353.56,JPY,APAC,CP0002,SWAP,TDR0123,BOOK_A,2025-05-09
TXN0008060261,APP017,2025-07-06,active,215082.51,CHF,EMEA,CP0291,FX,TDR0010,BOOK_D,2025-10-18
TXN0005198415,APP013,2025-11-19,reversed,883986.01,JPY,LATAM,CP0155,EQUITY,TDR0081,BOOK_B,2025-10-17
TXN0000192035,APP010,2025-01-24,reversed,280759.23,GBP,APAC,CP0449,FX,TDR0093,BOOK_A,2025-03-27
TXN0004746404,APP002,2025-12-30,pending,100000.42,USD,LATAM,CP0119,EQUITY,TDR0200,BOOK_A,2025-05-12
TXN0008029674,APP003,2025-07-06,settled,442658.06,USD,AMER,CP0477,FUTURE,TDR0113,BOOK_C,2025-10-08
TXN0003595798,APP014,2026-03-13,failed,569005.94,EUR,AMER,CP0079,SWAP,TDR0013,BOOK_B,2025-03-03
TXN0004507085,APP016,2026-02-22,failed,167325.81,EUR,APAC,CP0441,OPTION,TDR0106,BOOK_A,2025-12-30
TXN0006390928,APP018,2025-01-07,active,823687.35,USD,AMER,CP0369,FUTURE,TDR0119,BOOK_A,2025-07-26
TXN0004693502,APP016,2026-03-16,reversed,433011.53,GBP,EMEA,CP0474,FUTURE,TDR0081,BOOK_B,2025-09-26
TXN0005292014,APP010,2025-10-08,active,669241.91,GBP,AMER,CP0042,BOND,TDR0139,BOOK_D,2025-07-07
TXN0007139208,APP004,2025-09-06,failed,656551.96,EUR,EMEA,CP0037,EQUITY,TDR0071,BOOK_A,2025-01-18
TXN0002634499,APP005,2025-04-10,reversed,610588.79,USD,LATAM,CP0259,FX,TDR0137,BOOK_A,2025-05-15
TXN0000563631,APP009,2026-01-05,active,378777.77,GBP,APAC,CP0184,BOND,TDR0139,BOOK_A,2025-07-23
TXN0004642762,APP019,2025-04-15,reversed,434957.71,JPY,EMEA,CP0430,EQUITY,TDR0075,BOOK_B,2026-02-05
TXN0004449099,APP001,2025-05-05,settled,804507.21,EUR,EMEA,CP0205,EQUITY,TDR0161,BOOK_B,2025-04-27
TXN0006444554,APP011,2026-01-12,active,863818.06,USD,APAC,CP0047,FUTURE,TDR0103,BOOK_A,2025-10-04
TXN0006393179,APP002,2025-01-26,reversed,103325.64,USD,APAC,CP0434,FUTURE,TDR0054,BOOK_A,2025-10-24
TXN0004674365,APP011,2025-11-12,failed,26280.2,GBP,LATAM,CP0150,EQUITY,TDR0010,BOOK_D,2025-07-20
TXN0003061703,APP013,2026-03-24,failed,34760.58,USD,LATAM,CP0299,EQUITY,TDR0097,BOOK_C,2025-01-25
TXN0007251577,APP013,2025-07-22,pending,117103.11,USD,LATAM,CP0180,FUTURE,TDR0047,BOOK_B,2025-04-14
TXN0008620558,APP014,2025-01-08,reversed,669329.37,AUD,LATAM,CP0255,FX,TDR0067,BOOK_B,2025-08-27
TXN0005122335,APP020,2025-05-20,settled,474429.54,CHF,EMEA,CP0159,OPTION,TDR0020,BOOK_A,2025-02-13
TXN0003922325,APP020,2025-07-30,active,206838.29,USD,EMEA,CP0017,FX,TDR0077,BOOK_C,2025-08-04
TXN0005829724,APP002,2025-02-06,active,720266.48,EUR,LATAM,CP0091,BOND,TDR0068,BOOK_C,2026-02-04
TXN0007013071,APP010,2025-01-27,settled,412819.7,JPY,LATAM,CP0440,FUTURE,TDR0119,BOOK_A,2026-01-21
TXN0007353221,APP019,2025-09-22,active,406988.28,USD,EMEA,CP0249,OPTION,TDR0045,BOOK_C,2025-06-27
TXN0003079698,APP009,2025-04-13,pending,274979.84,USD,LATAM,CP0024,BOND,TDR0167,BOOK_D,2025-07-12
TXN0000998144,APP011,2026-03-08,failed,175275.97,AUD,AMER,CP0242,EQUITY,TDR0054,BOOK_A,2025-06-12
TXN0006709922,APP011,2025-11-12,failed,988484.89,CHF,APAC,CP0360,EQUITY,TDR0190,BOOK_B,2025-10-24
TXN0005827447,APP006,2025-06-29,active,646803.15,GBP,LATAM,CP0485,SWAP,TDR0034,BOOK_A,2025-11-14
TXN0004128620,APP006,2025-09-18,pending,246871.2,EUR,LATAM,CP0500,SWAP,TDR0058,BOOK_D,2026-03-19
TXN0005367487,APP009,2025-01-21,failed,682801.78,CHF,AMER,CP0236,BOND,TDR0034,BOOK_D,2025-01-28
TXN0007935895,APP011,2025-02-15,active,266498.83,USD,AMER,CP0376,SWAP,TDR0127,BOOK_D,2026-01-29
TXN0002617263,APP006,2026-01-22,pending,794684.73,GBP,EMEA,CP0235,BOND,TDR0176,BOOK_B,2025-03-07
TXN0001369600,APP003,2025-04-06,active,698175.89,GBP,EMEA,CP0171,OPTION,TDR0172,BOOK_D,2025-12-10
TXN0001607727,APP016,2025-11-26,pending,636324.77,JPY,EMEA,CP0282,BOND,TDR0098,BOOK_D,2026-01-03
TXN0008283749,APP002,2026-02-10,reversed,553597.51,EUR,LATAM,CP0240,SWAP,TDR0071,BOOK_C,2025-11-21
TXN0008618229,APP003,2025-12-15,active,658419.79,JPY,AMER,CP0083,BOND,TDR0009,BOOK_A,2025-03-13
TXN0004832209,APP017,2025-05-26,reversed,801884.87,GBP,AMER,CP0465,BOND,TDR0091,BOOK_A,2025-01-09
TXN0002811571,APP006,2026-03-18,failed,613873.84,EUR,APAC,CP0425,FX,TDR0109,BOOK_A,2025-10-15
TXN0009205940,APP007,2026-04-06,reversed,948685.5,AUD,EMEA,CP0320,BOND,TDR0067,BOOK_B,2025-06-08
TXN0000466806,APP001,2025-08-24,active,520037.34,AUD,LATAM,CP0156,FUTURE,TDR0170,BOOK_D,2025-12-13
TXN0008697888,APP010,2025-02-22,failed,864135.52,JPY,APAC,CP0228,FUTURE,TDR0079,BOOK_C,2025-09-22
TXN0005897362,APP004,2026-04-05,settled,354165.36,USD,EMEA,CP0070,FUTURE,TDR0145,BOOK_D,2025-07-25
TXN0004246283,APP010,2025-02-16,failed,423138.74,AUD,LATAM,CP0028,FUTURE,TDR0157,BOOK_B,2025-08-26
TXN0008528536,APP002,2025-01-28,pending,445330.81,CHF,APAC,CP0038,FUTURE,TDR0169,BOOK_C,2025-04-04
TXN0001586619,APP014,2025-04-24,settled,121046.68,EUR,AMER,CP0383,FX,TDR0151,BOOK_A,2025-04-13
TXN0005879508,APP001,2025-12-28,active,490358.15,EUR,AMER,CP0267,FX,TDR0060,BOOK_D,2025-08-18
TXN0005468680,APP002,2025-03-16,settled,535128.13,GBP,AMER,CP0097,OPTION,TDR0144,BOOK_B,2026-01-06
TXN0005837610,APP006,2026-03-24,active,761910.22,EUR,EMEA,CP0448,FUTURE,TDR0169,BOOK_B,2026-01-14
TXN0000976970,APP019,2025-02-23,pending,122790.99,CHF,EMEA,CP0464,SWAP,TDR0187,BOOK_D,2025-11-26
TXN0000552465,APP019,2025-05-24,settled,69857.05,AUD,EMEA,CP0378,SWAP,TDR0111,BOOK_D,2026-04-11
TXN0000841572,APP014,2025-10-27,active,350318.99,EUR,EMEA,CP0018,BOND,TDR0125,BOOK_C,2025-02-18
TXN0003803102,APP011,2026-03-16,pending,858699.98,EUR,LATAM,CP0274,SWAP,TDR0046,BOOK_D,2025-10-24
TXN0008697569,APP004,2025-04-13,settled,496129.19,USD,LATAM,CP0164,OPTION,TDR0105,BOOK_B,2026-03-11
TXN0001093725,APP010,2025-07-24,pending,630737.88,CHF,APAC,CP0217,EQUITY,TDR0001,BOOK_A,2026-03-24
TXN0005301261,APP008,2025-04-01,reversed,846777.77,JPY,AMER,CP0337,FUTURE,TDR0200,BOOK_C,2026-02-23
TXN0002261456,APP010,2025-06-02,failed,733507.24,USD,APAC,CP0078,BOND,TDR0180,BOOK_D,2025-12-05
TXN0001653865,APP017,2025-08-31,active,733546.13,GBP,APAC,CP0065,EQUITY,TDR0123,BOOK_A,2025-05-05
TXN0001899954,APP009,2026-03-24,settled,201629.53,CHF,APAC,CP0439,FUTURE,TDR0018,BOOK_B,2025-09-30
TXN0009495289,APP012,2025-07-06,reversed,490099.73,USD,EMEA,CP0445,FUTURE,TDR0001,BOOK_B,2025-03-20
TXN0009056804,APP007,2025-06-09,reversed,379754.81,JPY,AMER,CP0222,OPTION,TDR0122,BOOK_B,2025-05-17
TXN0001390162,APP001,2026-02-02,pending,347065.11,GBP,LATAM,CP0388,FX,TDR0154,BOOK_D,2026-02-24
TXN0001405441,APP001,2025-06-08,active,279365.93,JPY,LATAM,CP0023,FX,TDR0027,BOOK_D,2025-03-10
TXN0004662441,APP007,2025-07-05,active,171896.73,JPY,EMEA,CP0299,FUTURE,TDR0041,BOOK_C,2025-03-31
TXN0006585962,APP018,2025-06-06,failed,573989.93,USD,APAC,CP0076,EQUITY,TDR0059,BOOK_D,2025-08-24
TXN0004340778,APP001,2025-08-14,reversed,594668.3,EUR,AMER,CP0479,SWAP,TDR0024,BOOK_C,2025-02-23
TXN0006526435,APP009,2025-11-12,failed,38114.86,GBP,AMER,CP0029,BOND,TDR0080,BOOK_C,2025-07-19
TXN0007436526,APP004,2025-08-09,reversed,571656.28,JPY,APAC,CP0176,OPTION,TDR0126,BOOK_B,2025-03-26
TXN0004922071,APP017,2025-03-11,settled,389642.84,CHF,LATAM,CP0481,EQUITY,TDR0097,BOOK_A,2025-09-16
TXN0005616614,APP015,2025-10-26,reversed,781076.23,USD,EMEA,CP0334,FUTURE,TDR0142,BOOK_B,2026-01-17
TXN0009641108,APP011,2025-09-12,settled,483143.53,CHF,EMEA,CP0379,FX,TDR0054,BOOK_A,2025-06-16
TXN0008599198,APP002,2025-08-20,failed,183783.52,AUD,AMER,CP0392,FX,TDR0046,BOOK_C,2026-04-06
TXN0001745992,APP007,2025-04-23,settled,108372.27,AUD,EMEA,CP0002,EQUITY,TDR0077,BOOK_D,2026-02-26
TXN0009726730,APP016,2025-11-09,pending,839457.73,CHF,LATAM,CP0126,BOND,TDR0063,BOOK_B,2025-03-18
TXN0008746010,APP012,2025-10-02,pending,825147.8,JPY,EMEA,CP0414,SWAP,TDR0099,BOOK_B,2025-01-09
TXN0001709123,APP005,2025-04-04,failed,20580.89,AUD,EMEA,CP0272,BOND,TDR0133,BOOK_B,2025-05-04
TXN0008144289,APP002,2026-02-07,reversed,540564.24,CHF,EMEA,CP0478,BOND,TDR0058,BOOK_C,2025-01-29
TXN0000908842,APP009,2025-11-23,active,821730.11,USD,EMEA,CP0469,SWAP,TDR0185,BOOK_A,2025-06-22
TXN0008458419,APP012,2025-01-22,failed,749278.38,GBP,APAC,CP0255,FUTURE,TDR0080,BOOK_A,2025-06-25
TXN0000273037,APP001,2026-02-21,pending,659551.47,USD,LATAM,CP0167,SWAP,TDR0057,BOOK_D,2025-11-03
TXN0005449342,APP001,2025-08-22,reversed,941139.46,AUD,EMEA,CP0413,EQUITY,TDR0071,BOOK_C,2025-11-19
TXN0009805463,APP013,2025-11-05,reversed,918816.02,AUD,EMEA,CP0146,SWAP,TDR0114,BOOK_B,2025-06-10
TXN0005764427,APP009,2026-01-10,settled,298564.39,USD,AMER,CP0274,EQUITY,TDR0018,BOOK_C,2025-10-23
TXN0000826578,APP006,2025-05-18,active,425649.25,JPY,EMEA,CP0431,EQUITY,TDR0184,BOOK_D,2025-06-16
TXN0003695609,APP005,2025-02-09,pending,769776.39,USD,AMER,CP0024,EQUITY,TDR0069,BOOK_C,2026-02-10
TXN0007725866,APP007,2025-07-06,reversed,265682.74,AUD,AMER,CP0361,FUTURE,TDR0011,BOOK_D,2025-06-24
TXN0005605650,APP011,2026-01-17,failed,12207.32,GBP,LATAM,CP0180,OPTION,TDR0124,BOOK_B,2026-04-10
TXN0009146037,APP001,2025-05-13,reversed,440378.46,JPY,EMEA,CP0109,SWAP,TDR0054,BOOK_B,2025-12-30
TXN0005387160,APP017,2025-03-30,reversed,554841.43,AUD,EMEA,CP0018,EQUITY,TDR0166,BOOK_B,2025-05-21
TXN0000478830,APP008,2026-02-18,failed,58907.52,JPY,AMER,CP0177,EQUITY,TDR0106,BOOK_A,2025-04-18
TXN0000095199,APP016,2025-04-10,reversed,36903.29,EUR,APAC,CP0062,SWAP,TDR0147,BOOK_A,2025-11-30
TXN0003345108,APP018,2025-05-13,reversed,184395.86,EUR,APAC,CP0249,BOND,TDR0194,BOOK_C,2025-03-25
TXN0008292920,APP008,2025-03-21,pending,617731.66,CHF,APAC,CP0120,EQUITY,TDR0146,BOOK_B,2025-02-26
TXN0009045906,APP008,2026-02-25,reversed,389597.97,GBP,LATAM,CP0120,OPTION,TDR0064,BOOK_D,2025-05-16
TXN0009557693,APP012,2026-02-11,settled,427449.83,USD,APAC,CP0154,BOND,TDR0018,BOOK_D,2026-03-16
TXN0000593748,APP018,2025-10-29,settled,971217.66,CHF,AMER,CP0249,EQUITY,TDR0090,BOOK_B,2025-12-22
TXN0009282611,APP005,2026-02-28,active,732906.4,CHF,EMEA,CP0234,FUTURE,TDR0150,BOOK_A,2025-01-11
TXN0000341466,APP020,2025-09-03,active,321860.68,USD,APAC,CP0459,SWAP,TDR0169,BOOK_C,2025-03-08
TXN0009555215,APP004,2025-09-30,pending,932153.58,CHF,APAC,CP0006,FUTURE,TDR0191,BOOK_D,2025-06-18
TXN0005276614,APP006,2025-04-05,failed,774185.01,USD,APAC,CP0179,FX,TDR0162,BOOK_D,2025-10-03
TXN0003809719,APP020,2025-04-13,failed,542034.58,GBP,LATAM,CP0272,EQUITY,TDR0026,BOOK_B,2026-04-08
TXN0009062100,APP006,2025-04-21,active,314057.69,USD,LATAM,CP0154,OPTION,TDR0186,BOOK_A,2025-09-16
TXN0003452223,APP005,2025-10-09,reversed,966870.0,AUD,APAC,CP0100,OPTION,TDR0054,BOOK_D,2025-08-08
TXN0003019975,APP012,2026-02-01,settled,185925.28,CHF,EMEA,CP0500,FX,TDR0197,BOOK_C,2025-05-28
TXN0002619823,APP014,2025-08-04,reversed,290631.14,USD,AMER,CP0293,OPTION,TDR0054,BOOK_D,2025-07-19
TXN0009748262,APP009,2025-09-02,pending,760556.68,EUR,APAC,CP0254,SWAP,TDR0144,BOOK_B,2025-04-13
TXN0001242073,APP017,2026-04-05,pending,334731.15,USD,APAC,CP0279,BOND,TDR0004,BOOK_B,2025-11-02
TXN0003925405,APP014,2025-06-25,pending,163648.67,EUR,AMER,CP0495,EQUITY,TDR0044,BOOK_D,2025-11-04
TXN0004299411,APP006,2025-05-05,pending,664756.53,GBP,LATAM,CP0074,OPTION,TDR0198,BOOK_C,2026-01-11
TXN0003262731,APP010,2025-03-04,active,128403.17,JPY,LATAM,CP0488,FUTURE,TDR0104,BOOK_B,2025-06-23
TXN0004399955,APP005,2025-10-07,failed,592044.63,USD,EMEA,CP0146,OPTION,TDR0119,BOOK_A,2026-02-24
TXN0000966252,APP011,2025-01-30,active,610100.95,CHF,EMEA,CP0101,FX,TDR0099,BOOK_D,2025-01-02
TXN0009710726,APP018,2025-07-07,failed,214965.99,JPY,LATAM,CP0436,EQUITY,TDR0089,BOOK_A,2025-08-21
TXN0004115122,APP002,2026-02-24,reversed,760100.62,GBP,EMEA,CP0014,SWAP,TDR0135,BOOK_A,2025-04-26
TXN0004830843,APP020,2025-02-24,settled,411550.58,USD,LATAM,CP0194,BOND,TDR0004,BOOK_C,2026-03-11
TXN0007991743,APP015,2026-02-11,failed,53405.12,GBP,LATAM,CP0436,FUTURE,TDR0100,BOOK_A,2025-07-03
TXN0004244293,APP008,2025-08-01,failed,460811.75,AUD,LATAM,CP0094,BOND,TDR0181,BOOK_D,2025-10-30
TXN0002835023,APP015,2025-03-29,pending,149155.79,EUR,LATAM,CP0443,FUTURE,TDR0109,BOOK_A,2025-02-26
TXN0000365681,APP008,2025-08-08,active,600698.84,AUD,APAC,CP0463,OPTION,TDR0120,BOOK_A,2025-05-20
TXN0003624555,APP012,2025-06-19,reversed,955400.46,AUD,LATAM,CP0090,SWAP,TDR0039,BOOK_A,2026-01-11
TXN0003060320,APP017,2025-05-28,reversed,835327.63,GBP,AMER,CP0417,OPTION,TDR0082,BOOK_D,2025-10-16
TXN0003153183,APP007,2025-04-27,settled,658263.04,JPY,APAC,CP0056,BOND,TDR0015,BOOK_A,2025-07-11
TXN0002558096,APP009,2025-06-02,failed,306208.27,AUD,EMEA,CP0499,SWAP,TDR0076,BOOK_A,2025-11-07
TXN0006993716,APP004,2025-11-26,pending,532064.47,CHF,EMEA,CP0479,FX,TDR0196,BOOK_C,2026-03-08
TXN0006254905,APP012,2026-01-10,settled,308312.4,GBP,AMER,CP0161,FUTURE,TDR0139,BOOK_B,2026-03-27
TXN0001150773,APP011,2025-03-24,reversed,869541.26,GBP,EMEA,CP0232,OPTION,TDR0127,BOOK_C,2025-09-01
TXN0005031156,APP002,2025-09-12,reversed,839564.82,EUR,AMER,CP0381,FUTURE,TDR0185,BOOK_C,2025-08-18
TXN0006521713,APP020,2025-07-11,reversed,265101.91,USD,APAC,CP0322,SWAP,TDR0015,BOOK_C,2025-02-21
TXN0000288726,APP017,2025-05-20,pending,950901.93,USD,AMER,CP0382,EQUITY,TDR0106,BOOK_D,2025-10-14
TXN0004915746,APP010,2025-04-09,failed,851230.94,GBP,LATAM,CP0114,EQUITY,TDR0166,BOOK_D,2025-02-15
TXN0002329302,APP012,2025-11-23,settled,905039.53,GBP,EMEA,CP0172,BOND,TDR0102,BOOK_B,2025-11-07
TXN0001366617,APP004,2025-08-11,failed,428304.64,CHF,APAC,CP0139,OPTION,TDR0039,BOOK_C,2025-07-04
TXN0009545038,APP015,2026-01-20,reversed,167772.33,GBP,AMER,CP0175,FUTURE,TDR0116,BOOK_B,2025-03-07
TXN0005152616,APP014,2025-05-11,failed,825753.97,EUR,APAC,CP0154,OPTION,TDR0057,BOOK_C,2026-04-06
TXN0009865111,APP009,2025-08-01,reversed,446756.63,GBP,LATAM,CP0099,OPTION,TDR0144,BOOK_D,2025-04-10
TXN0004914097,APP016,2025-09-13,failed,838158.45,AUD,AMER,CP0131,BOND,TDR0186,BOOK_C,2025-11-11
TXN0009190664,APP020,2025-03-01,settled,811910.2,CHF,APAC,CP0016,EQUITY,TDR0144,BOOK_A,2025-06-18
TXN0005656998,APP001,2025-04-08,settled,407609.94,AUD,LATAM,CP0369,SWAP,TDR0028,BOOK_D,2025-10-27
TXN0002732625,APP001,2025-05-14,reversed,273148.43,JPY,EMEA,CP0329,BOND,TDR0189,BOOK_B,2025-03-12
TXN0001362257,APP008,2026-01-13,reversed,679777.65,USD,APAC,CP0110,BOND,TDR0009,BOOK_D,2025-03-04
TXN0009851322,APP002,2025-11-13,settled,585525.96,JPY,AMER,CP0272,SWAP,TDR0072,BOOK_A,2026-03-16
TXN0006312499,APP002,2025-07-12,failed,341350.8,AUD,AMER,CP0457,FUTURE,TDR0104,BOOK_A,2026-02-03
TXN0003832397,APP003,2026-01-18,reversed,649216.53,AUD,APAC,CP0050,EQUITY,TDR0166,BOOK_B,2025-04-04
TXN0003278962,APP006,2025-05-09,pending,864229.63,USD,AMER,CP0201,SWAP,TDR0175,BOOK_C,2025-11-23
TXN0006649198,APP010,2025-08-21,pending,256520.93,GBP,EMEA,CP0241,OPTION,TDR0152,BOOK_A,2025-03-23
TXN0006950000,APP012,2026-03-20,pending,837811.0,CHF,AMER,CP0172,EQUITY,TDR0157,BOOK_B,2025-07-29
TXN0007456119,APP007,2025-07-13,active,653678.65,AUD,EMEA,CP0469,FUTURE,TDR0082,BOOK_B,2025-01-27
TXN0001317596,APP019,2025-07-20,settled,508668.87,AUD,LATAM,CP0434,FX,TDR0158,BOOK_A,2025-04-04
TXN0001083784,APP015,2025-11-21,reversed,947131.85,CHF,AMER,CP0047,FX,TDR0194,BOOK_B,2025-02-01
TXN0004733070,APP002,2025-04-07,pending,92780.27,GBP,AMER,CP0185,FX,TDR0132,BOOK_B,2025-06-23
TXN0002309844,APP015,2025-09-09,active,267962.08,EUR,EMEA,CP0057,FUTURE,TDR0195,BOOK_C,2025-06-20
TXN0007813652,APP020,2025-11-12,pending,525427.73,EUR,EMEA,CP0382,FUTURE,TDR0161,BOOK_B,2026-01-26
TXN0007419400,APP018,2025-03-15,pending,607375.87,EUR,APAC,CP0415,OPTION,TDR0073,BOOK_A,2025-06-01
TXN0008188807,APP010,2025-08-02,reversed,67919.07,JPY,AMER,CP0066,FUTURE,TDR0076,BOOK_B,2025-10-18
TXN0001054961,APP019,2025-05-20,settled,52361.18,EUR,APAC,CP0169,SWAP,TDR0182,BOOK_B,2026-02-01
TXN0002891767,APP005,2025-07-15,pending,478261.66,USD,AMER,CP0080,OPTION,TDR0105,BOOK_C,2025-01-31
TXN0002545321,APP010,2025-12-17,pending,235980.29,EUR,LATAM,CP0124,EQUITY,TDR0030,BOOK_C,2026-01-10
TXN0008044668,APP015,2025-05-14,settled,612584.97,JPY,EMEA,CP0282,BOND,TDR0006,BOOK_B,2025-09-04
TXN0002431434,APP019,2025-09-23,reversed,528664.71,AUD,LATAM,CP0044,BOND,TDR0112,BOOK_B,2025-06-25
TXN0005295249,APP017,2025-12-03,settled,99552.88,USD,EMEA,CP0063,FX,TDR0008,BOOK_C,2025-01-03
TXN0008432248,APP017,2026-01-06,pending,74383.12,CHF,APAC,CP0437,SWAP,TDR0092,BOOK_A,2025-12-08
TXN0003002394,APP002,2025-07-19,pending,706022.49,AUD,AMER,CP0255,OPTION,TDR0124,BOOK_A,2025-08-18
TXN0003185938,APP002,2026-02-15,settled,501827.93,EUR,EMEA,CP0104,EQUITY,TDR0033,BOOK_C,2026-03-30
TXN0008523951,APP005,2025-06-22,reversed,614074.33,JPY,APAC,CP0410,BOND,TDR0180,BOOK_D,2026-03-17
TXN0002755014,APP017,2025-03-27,active,748379.86,EUR,LATAM,CP0030,OPTION,TDR0160,BOOK_C,2026-02-08
TXN0003982671,APP018,2025-08-08,active,401341.7,EUR,AMER,CP0403,SWAP,TDR0093,BOOK_B,2026-02-11
TXN0006312038,APP010,2026-02-17,failed,441482.52,AUD,APAC,CP0333,OPTION,TDR0020,BOOK_B,2025-06-04
TXN0006722265,APP005,2025-03-14,active,663316.57,CHF,AMER,CP0135,OPTION,TDR0051,BOOK_C,2026-01-07
TXN0004856287,APP016,2026-01-15,failed,90060.17,GBP,EMEA,CP0062,FX,TDR0189,BOOK_C,2025-07-28
TXN0007735158,APP017,2025-02-20,failed,818891.23,JPY,LATAM,CP0078,FUTURE,TDR0062,BOOK_A,2026-01-05
TXN0003222715,APP014,2025-11-28,active,77557.56,JPY,LATAM,CP0034,FX,TDR0161,BOOK_D,2025-10-04
TXN0005463142,APP002,2025-02-14,pending,899379.47,USD,EMEA,CP0490,FUTURE,TDR0108,BOOK_B,2026-03-05
TXN0003126080,APP016,2025-05-15,settled,989394.52,JPY,LATAM,CP0122,OPTION,TDR0025,BOOK_D,2025-04-13
TXN0003857834,APP018,2026-04-03,active,468330.86,JPY,LATAM,CP0437,BOND,TDR0007,BOOK_D,2025-01-05
TXN0009745465,APP009,2026-02-05,pending,849911.28,GBP,LATAM,CP0347,OPTION,TDR0001,BOOK_A,2025-07-10
TXN0008210331,APP014,2025-12-04,reversed,875538.12,JPY,APAC,CP0239,BOND,TDR0154,BOOK_B,2025-10-01
TXN0008302388,APP012,2025-03-11,failed,353672.71,EUR,APAC,CP0094,OPTION,TDR0114,BOOK_B,2025-02-08
TXN0007615390,APP003,2025-11-16,pending,185994.94,AUD,APAC,CP0242,OPTION,TDR0111,BOOK_D,2025-02-25
TXN0003336345,APP006,2026-03-03,failed,138397.36,AUD,APAC,CP0311,SWAP,TDR0197,BOOK_B,2025-02-04
TXN0007080111,APP009,2025-02-22,reversed,227017.91,AUD,AMER,CP0102,EQUITY,TDR0155,BOOK_A,2025-01-13
TXN0008452269,APP016,2025-07-25,active,667182.66,CHF,EMEA,CP0024,SWAP,TDR0096,BOOK_D,2025-04-16
TXN0002224847,APP016,2025-07-09,pending,550528.01,CHF,LATAM,CP0494,SWAP,TDR0020,BOOK_D,2025-10-23
TXN0009185427,APP017,2025-11-05,reversed,713126.03,AUD,APAC,CP0043,SWAP,TDR0133,BOOK_C,2025-09-08
TXN0000139664,APP005,2025-05-16,pending,619420.78,CHF,APAC,CP0480,EQUITY,TDR0019,BOOK_C,2025-10-25
TXN0003305283,APP018,2025-08-04,reversed,749182.52,EUR,APAC,CP0220,EQUITY,TDR0097,BOOK_B,2025-03-07
TXN0009523305,APP005,2025-05-29,settled,688979.55,JPY,APAC,CP0389,EQUITY,TDR0015,BOOK_C,2025-11-19
TXN0003729309,APP006,2026-04-11,reversed,500744.09,GBP,LATAM,CP0470,OPTION,TDR0090,BOOK_B,2025-07-27
TXN0003889003,APP009,2025-12-01,failed,955213.99,JPY,AMER,CP0295,FX,TDR0060,BOOK_B,2025-06-12
TXN0006081062,APP007,2025-09-22,reversed,548183.88,JPY,EMEA,CP0458,OPTION,TDR0191,BOOK_C,2025-06-18
TXN0009209317,APP004,2025-12-21,reversed,676481.83,AUD,LATAM,CP0284,EQUITY,TDR0059,BOOK_C,2025-04-27
TXN0008761514,APP005,2025-01-08,failed,240072.96,EUR,EMEA,CP0052,SWAP,TDR0193,BOOK_B,2025-09-09
TXN0003843897,APP011,2025-02-03,pending,422541.9,EUR,APAC,CP0120,FUTURE,TDR0120,BOOK_D,2025-08-15
TXN0004312535,APP008,2025-09-13,pending,627352.72,CHF,LATAM,CP0358,SWAP,TDR0199,BOOK_B,2025-01-21
TXN0007766349,APP014,2025-06-02,active,825188.44,GBP,AMER,CP0049,OPTION,TDR0033,BOOK_C,2025-03-06
TXN0007339913,APP011,2025-09-23,pending,26868.86,USD,AMER,CP0295,BOND,TDR0122,BOOK_D,2025-11-02
TXN0000473082,APP020,2025-07-15,reversed,540291.94,EUR,EMEA,CP0313,FUTURE,TDR0195,BOOK_C,2025-08-07
TXN0005447742,APP006,2025-03-07,reversed,121244.91,USD,APAC,CP0490,FX,TDR0115,BOOK_D,2026-01-07
TXN0005960160,APP008,2025-04-03,settled,245516.99,CHF,APAC,CP0161,FUTURE,TDR0024,BOOK_D,2025-11-19
TXN0002821458,APP004,2026-02-11,failed,439000.46,JPY,LATAM,CP0137,EQUITY,TDR0001,BOOK_B,2025-04-07
TXN0009175795,APP012,2025-12-13,settled,655559.13,EUR,AMER,CP0301,FX,TDR0078,BOOK_A,2025-02-15
TXN0001471410,APP010,2025-11-26,pending,397558.88,GBP,EMEA,CP0052,SWAP,TDR0098,BOOK_B,2025-02-19
TXN0006324968,APP016,2026-03-21,reversed,898291.0,EUR,AMER,CP0329,FUTURE,TDR0036,BOOK_D,2026-02-24
TXN0006233371,APP010,2025-07-19,failed,31730.19,AUD,APAC,CP0476,EQUITY,TDR0039,BOOK_D,2025-01-08
TXN0002656073,APP019,2025-08-29,reversed,347199.34,JPY,APAC,CP0079,FUTURE,TDR0200,BOOK_A,2025-06-12
TXN0008583496,APP019,2025-12-01,reversed,345013.66,CHF,LATAM,CP0117,FX,TDR0111,BOOK_A,2025-11-02
TXN0002461188,APP004,2025-11-14,failed,222669.2,JPY,APAC,CP0353,OPTION,TDR0046,BOOK_C,2025-01-29
TXN0004732729,APP006,2025-03-25,pending,212510.02,CHF,LATAM,CP0085,EQUITY,TDR0113,BOOK_C,2025-10-22
TXN0007549985,APP005,2025-04-30,active,363091.74,USD,APAC,CP0104,OPTION,TDR0175,BOOK_C,2025-11-27
TXN0007191274,APP008,2025-10-09,settled,54198.03,USD,APAC,CP0378,SWAP,TDR0013,BOOK_B,2025-12-28
TXN0002819711,APP012,2025-01-30,pending,7231.12,USD,AMER,CP0496,FUTURE,TDR0156,BOOK_C,2026-02-02
TXN0004998691,APP008,2025-04-06,settled,280378.48,USD,LATAM,CP0130,EQUITY,TDR0133,BOOK_D,2026-03-01
TXN0002359209,APP020,2025-03-21,settled,204863.04,EUR,AMER,CP0022,OPTION,TDR0058,BOOK_B,2025-09-19
TXN0003202757,APP010,2025-06-20,settled,647572.09,GBP,EMEA,CP0130,BOND,TDR0187,BOOK_C,2025-12-22
TXN0005086783,APP007,2025-01-27,pending,825322.57,JPY,AMER,CP0138,EQUITY,TDR0124,BOOK_B,2025-10-24
TXN0006030302,APP007,2025-05-25,settled,160554.33,JPY,AMER,CP0193,EQUITY,TDR0131,BOOK_C,2025-03-02
TXN0008389281,APP013,2025-08-25,settled,129551.51,USD,AMER,CP0130,SWAP,TDR0117,BOOK_C,2025-06-23
TXN0004502135,APP003,2026-03-15,settled,886918.79,CHF,LATAM,CP0075,FUTURE,TDR0030,BOOK_D,2025-12-29
TXN0003654573,APP006,2025-12-14,settled,930021.27,AUD,EMEA,CP0351,SWAP,TDR0005,BOOK_A,2025-01-27
TXN0000411503,APP019,2025-03-14,pending,10315.46,JPY,AMER,CP0073,OPTION,TDR0195,BOOK_D,2025-03-05
TXN0008845578,APP015,2025-11-15,settled,720801.11,EUR,LATAM,CP0461,BOND,TDR0086,BOOK_D,2025-06-24
TXN0005604106,APP003,2025-08-28,pending,239177.04,CHF,APAC,CP0018,BOND,TDR0099,BOOK_A,2025-05-04
TXN0006601513,APP010,2025-02-15,settled,628972.79,GBP,EMEA,CP0200,OPTION,TDR0167,BOOK_C,2025-03-15
TXN0003510438,APP002,2025-02-24,reversed,113398.13,USD,EMEA,CP0123,FUTURE,TDR0153,BOOK_A,2025-08-27
TXN0001322327,APP015,2025-12-06,active,27837.99,GBP,EMEA,CP0147,FX,TDR0145,BOOK_C,2025-10-21
TXN0004055760,APP005,2026-03-27,failed,50802.37,AUD,EMEA,CP0350,SWAP,TDR0181,BOOK_C,2025-03-30
TXN0000324449,APP018,2025-10-07,pending,628856.47,USD,LATAM,CP0108,FUTURE,TDR0122,BOOK_A,2025-05-20
TXN0005905132,APP001,2025-10-23,pending,111652.38,CHF,AMER,CP0303,FX,TDR0175,BOOK_A,2025-08-24
TXN0001582451,APP006,2025-09-09,settled,678381.02,GBP,APAC,CP0363,OPTION,TDR0198,BOOK_B,2025-08-27
TXN0000043413,APP008,2025-09-10,active,364244.05,CHF,APAC,CP0418,SWAP,TDR0081,BOOK_A,2025-02-06
TXN0009107215,APP007,2025-02-07,settled,908790.68,JPY,APAC,CP0371,OPTION,TDR0015,BOOK_C,2025-07-25
TXN0000421716,APP012,2026-02-21,pending,407246.54,EUR,LATAM,CP0461,BOND,TDR0177,BOOK_C,2025-05-24
TXN0008889706,APP006,2025-02-22,pending,90968.58,USD,LATAM,CP0067,EQUITY,TDR0186,BOOK_B,2026-01-09
TXN0001108223,APP017,2025-05-09,pending,878852.04,USD,LATAM,CP0183,SWAP,TDR0001,BOOK_D,2025-07-31
TXN0005739873,APP002,2026-04-08,active,901488.22,AUD,APAC,CP0289,FUTURE,TDR0082,BOOK_C,2025-09-18
TXN0005297884,APP015,2025-02-25,settled,825503.98,GBP,APAC,CP0486,FUTURE,TDR0045,BOOK_C,2025-04-12
TXN0007690503,APP012,2025-07-03,active,473793.89,CHF,APAC,CP0132,EQUITY,TDR0011,BOOK_C,2025-03-05
TXN0008885954,APP004,2025-06-04,reversed,861859.12,USD,APAC,CP0500,BOND,TDR0050,BOOK_C,2025-03-15
TXN0000227432,APP008,2025-02-08,reversed,217919.88,JPY,APAC,CP0187,FX,TDR0102,BOOK_A,2026-01-13
TXN0003900704,APP017,2025-12-13,active,136476.89,JPY,APAC,CP0252,EQUITY,TDR0186,BOOK_A,2026-03-04
TXN0001585117,APP001,2026-03-25,reversed,728463.11,GBP,EMEA,CP0205,FUTURE,TDR0181,BOOK_C,2025-05-01
TXN0008221183,APP002,2025-06-27,active,273621.29,EUR,APAC,CP0243,OPTION,TDR0038,BOOK_B,2026-02-24
TXN0009989788,APP008,2026-01-25,settled,15156.87,AUD,APAC,CP0420,SWAP,TDR0079,BOOK_B,2025-11-05
TXN0004511853,APP013,2025-12-16,failed,695813.0,GBP,APAC,CP0182,EQUITY,TDR0184,BOOK_C,2025-12-08
TXN0008684973,APP006,2026-03-30,reversed,996801.22,JPY,APAC,CP0377,FX,TDR0083,BOOK_B,2025-03-04
TXN0009286880,APP013,2025-08-15,settled,811543.32,AUD,EMEA,CP0275,OPTION,TDR0078,BOOK_C,2025-08-05
TXN0008067459,APP003,2025-12-20,settled,473674.16,CHF,EMEA,CP0001,FUTURE,TDR0080,BOOK_C,2025-09-10
TXN0005113256,APP008,2025-10-19,pending,801060.32,USD,LATAM,CP0425,FX,TDR0012,BOOK_C,2025-04-15
TXN0006518874,APP003,2025-10-20,reversed,772604.46,GBP,LATAM,CP0370,FX,TDR0128,BOOK_D,2025-09-08
TXN0004026857,APP006,2025-06-11,settled,608609.14,GBP,AMER,CP0181,FX,TDR0129,BOOK_C,2025-08-26
TXN0000366075,APP015,2026-01-07,failed,530176.79,CHF,EMEA,CP0252,EQUITY,TDR0185,BOOK_D,2025-08-04
TXN0008119098,APP009,2025-07-09,failed,294831.53,USD,EMEA,CP0425,SWAP,TDR0118,BOOK_A,2025-10-28
TXN0002488167,APP012,2026-01-17,failed,677134.26,USD,APAC,CP0091,EQUITY,TDR0056,BOOK_A,2025-04-13
TXN0005290822,APP008,2026-04-12,pending,145153.08,AUD,APAC,CP0319,FX,TDR0037,BOOK_D,2025-06-22
TXN0000834137,APP002,2026-04-13,active,216968.76,USD,APAC,CP0118,BOND,TDR0122,BOOK_B,2026-03-10
TXN0000319062,APP002,2025-12-31,failed,42767.11,AUD,APAC,CP0093,OPTION,TDR0097,BOOK_A,2026-02-25
TXN0004360724,APP015,2025-04-03,failed,996158.29,CHF,EMEA,CP0482,FUTURE,TDR0107,BOOK_D,2026-03-15
TXN0004594375,APP005,2026-01-17,settled,161018.67,EUR,APAC,CP0457,FUTURE,TDR0060,BOOK_B,2025-06-19
TXN0001190953,APP006,2025-11-18,active,757031.89,CHF,LATAM,CP0176,EQUITY,TDR0014,BOOK_B,2025-06-04
TXN0009543262,APP012,2025-04-03,reversed,963103.07,JPY,APAC,CP0068,BOND,TDR0181,BOOK_A,2025-11-07
TXN0004324837,APP002,2025-11-09,active,976681.9,AUD,APAC,CP0263,FX,TDR0047,BOOK_B,2025-11-11
TXN0001117406,APP003,2025-07-25,reversed,940445.08,CHF,APAC,CP0067,BOND,TDR0030,BOOK_A,2026-02-07
TXN0003118807,APP009,2025-05-08,failed,76822.18,JPY,EMEA,CP0500,OPTION,TDR0094,BOOK_C,2025-08-20
TXN0003253268,APP017,2025-05-15,pending,370378.59,USD,EMEA,CP0365,EQUITY,TDR0182,BOOK_B,2026-03-11
TXN0008975428,APP008,2025-08-31,active,623495.04,AUD,EMEA,CP0499,BOND,TDR0083,BOOK_A,2025-09-18
TXN0005389698,APP011,2025-12-06,failed,936990.06,JPY,EMEA,CP0403,FX,TDR0139,BOOK_A,2025-09-06
TXN0007062935,APP012,2026-04-05,active,313527.75,AUD,APAC,CP0394,FUTURE,TDR0073,BOOK_A,2025-03-04
TXN0004902654,APP019,2025-05-20,reversed,379693.87,JPY,EMEA,CP0295,EQUITY,TDR0023,BOOK_C,2025-09-23
TXN0004299857,APP004,2025-07-16,pending,952679.51,GBP,APAC,CP0218,OPTION,TDR0088,BOOK_B,2025-11-03
TXN0008691621,APP004,2025-02-26,settled,10458.13,AUD,APAC,CP0093,OPTION,TDR0119,BOOK_C,2025-03-31
TXN0000487132,APP008,2025-12-25,active,492177.19,AUD,AMER,CP0436,FX,TDR0075,BOOK_C,2025-10-03
TXN0004438682,APP010,2026-03-17,settled,684516.38,JPY,LATAM,CP0396,FX,TDR0054,BOOK_D,2025-08-19
TXN0001892791,APP014,2025-05-25,pending,93588.29,AUD,EMEA,CP0244,SWAP,TDR0090,BOOK_D,2025-05-06
TXN0005963627,APP007,2025-12-30,settled,256300.16,GBP,AMER,CP0011,SWAP,TDR0060,BOOK_B,2026-02-18
TXN0000424389,APP019,2025-12-12,active,918746.3,AUD,LATAM,CP0364,FX,TDR0059,BOOK_A,2025-03-24
TXN0001639552,APP011,2025-07-17,failed,740487.92,AUD,APAC,CP0437,BOND,TDR0093,BOOK_A,2026-01-23
TXN0001205130,APP004,2025-09-02,settled,611921.41,GBP,LATAM,CP0386,EQUITY,TDR0161,BOOK_C,2025-01-29
TXN0005984717,APP008,2025-08-13,failed,905006.86,CHF,APAC,CP0183,BOND,TDR0135,BOOK_A,2025-10-02
TXN0007869154,APP001,2025-04-14,pending,457699.13,AUD,LATAM,CP0455,FX,TDR0191,BOOK_B,2025-10-08
TXN0009769907,APP008,2026-03-08,failed,479843.69,EUR,LATAM,CP0080,FUTURE,TDR0063,BOOK_A,2025-07-03
TXN0009592036,APP017,2026-02-01,failed,624128.96,AUD,EMEA,CP0342,FX,TDR0133,BOOK_C,2025-12-26
TXN0000027212,APP013,2025-12-24,pending,695126.14,USD,AMER,CP0397,FUTURE,TDR0009,BOOK_B,2025-08-17
TXN0007395942,APP016,2025-09-03,reversed,50531.61,USD,AMER,CP0457,FUTURE,TDR0155,BOOK_A,2026-03-12
TXN0000120138,APP011,2026-01-02,reversed,31682.01,CHF,EMEA,CP0427,BOND,TDR0138,BOOK_B,2025-10-15
TXN0006271525,APP015,2025-03-07,settled,745898.7,CHF,EMEA,CP0147,FUTURE,TDR0049,BOOK_C,2025-09-26
TXN0006453736,APP016,2026-02-16,reversed,324519.35,AUD,AMER,CP0033,EQUITY,TDR0027,BOOK_A,2025-09-05
TXN0008824298,APP008,2025-02-07,active,680661.92,JPY,AMER,CP0100,OPTION,TDR0144,BOOK_D,2026-02-17
TXN0007998181,APP010,2025-04-08,pending,785162.15,USD,APAC,CP0156,OPTION,TDR0173,BOOK_A,2025-07-13
TXN0009640682,APP005,2026-02-13,reversed,766958.31,JPY,EMEA,CP0492,OPTION,TDR0164,BOOK_C,2025-08-03
TXN0004796303,APP011,2026-02-11,settled,663940.25,EUR,EMEA,CP0434,OPTION,TDR0047,BOOK_C,2025-06-21
TXN0000932905,APP008,2025-04-22,failed,830748.8,USD,AMER,CP0168,OPTION,TDR0034,BOOK_B,2025-09-30
TXN0004250452,APP005,2026-02-03,settled,748425.1,GBP,APAC,CP0043,EQUITY,TDR0079,BOOK_B,2025-08-11
TXN0001931260,APP015,2025-09-27,failed,149833.55,GBP,APAC,CP0310,SWAP,TDR0178,BOOK_A,2025-02-23
TXN0005423969,APP014,2025-06-22,failed,148215.2,GBP,EMEA,CP0401,OPTION,TDR0083,BOOK_D,2025-06-10
TXN0003579404,APP006,2026-02-27,settled,437963.19,EUR,AMER,CP0439,SWAP,TDR0003,BOOK_A,2025-11-19
TXN0001278618,APP003,2025-01-15,pending,7570.35,JPY,EMEA,CP0499,BOND,TDR0060,BOOK_C,2025-01-10
TXN0005717602,APP002,2025-12-27,settled,225959.86,CHF,AMER,CP0262,OPTION,TDR0069,BOOK_B,2026-03-06
TXN0007058418,APP015,2026-01-03,reversed,282351.35,JPY,LATAM,CP0190,FX,TDR0055,BOOK_D,2025-06-11
TXN0006035419,APP005,2026-02-22,active,269983.11,GBP,LATAM,CP0259,EQUITY,TDR0059,BOOK_D,2025-04-22
TXN0000854467,APP019,2025-11-20,active,186404.08,JPY,EMEA,CP0343,FX,TDR0045,BOOK_A,2025-11-28
TXN0004359832,APP015,2025-03-10,failed,366719.42,GBP,LATAM,CP0163,FUTURE,TDR0141,BOOK_D,2026-02-27
TXN0001718798,APP014,2026-03-22,reversed,63831.79,EUR,EMEA,CP0463,EQUITY,TDR0015,BOOK_C,2026-03-14
TXN0004704770,APP006,2026-02-05,settled,834046.58,JPY,EMEA,CP0487,BOND,TDR0084,BOOK_A,2026-01-29
TXN0002026894,APP012,2025-06-19,settled,949288.12,AUD,EMEA,CP0211,SWAP,TDR0086,BOOK_C,2025-06-06
TXN0003391944,APP013,2025-03-22,pending,71081.18,USD,APAC,CP0116,SWAP,TDR0110,BOOK_C,2025-05-30
TXN0007727107,APP005,2025-09-19,settled,802527.21,EUR,APAC,CP0358,OPTION,TDR0146,BOOK_D,2025-07-06
TXN0002383711,APP006,2025-02-06,active,35748.42,AUD,LATAM,CP0213,SWAP,TDR0049,BOOK_D,2025-07-24
TXN0006769546,APP003,2025-10-26,settled,697534.79,EUR,APAC,CP0228,BOND,TDR0178,BOOK_B,2025-02-14
TXN0003928121,APP005,2025-04-11,pending,203046.41,GBP,AMER,CP0327,EQUITY,TDR0037,BOOK_C,2025-06-03
TXN0004500437,APP003,2025-04-29,reversed,762998.56,AUD,APAC,CP0248,SWAP,TDR0128,BOOK_A,2025-07-18
TXN0001939394,APP015,2026-02-16,settled,303299.61,AUD,APAC,CP0180,OPTION,TDR0104,BOOK_C,2025-12-17
TXN0004764711,APP012,2025-09-02,active,880221.85,GBP,LATAM,CP0326,OPTION,TDR0056,BOOK_C,2025-06-10
TXN0000714384,APP012,2025-08-02,active,795789.56,EUR,LATAM,CP0375,SWAP,TDR0062,BOOK_A,2025-02-12
TXN0002880056,APP001,2026-03-11,active,11766.21,JPY,APAC,CP0259,FX,TDR0023,BOOK_A,2026-04-14
TXN0001874954,APP020,2025-06-07,reversed,636059.32,USD,AMER,CP0183,EQUITY,TDR0115,BOOK_B,2026-01-06
TXN0002441084,APP012,2026-02-24,settled,975951.06,CHF,AMER,CP0271,EQUITY,TDR0164,BOOK_C,2025-11-03
TXN0006602712,APP018,2026-03-11,settled,683050.2,AUD,AMER,CP0139,SWAP,TDR0115,BOOK_B,2026-01-28
TXN0003770401,APP018,2025-10-10,pending,323201.21,GBP,LATAM,CP0130,OPTION,TDR0094,BOOK_A,2026-01-16
TXN0002310860,APP011,2025-03-15,active,508260.95,JPY,LATAM,CP0290,FX,TDR0181,BOOK_D,2025-09-27
TXN0005452357,APP020,2025-07-22,reversed,358839.83,USD,EMEA,CP0115,FUTURE,TDR0072,BOOK_B,2025-12-18
TXN0003725110,APP002,2025-10-06,pending,153725.49,CHF,EMEA,CP0476,OPTION,TDR0074,BOOK_C,2025-01-12
TXN0000036823,APP007,2025-08-04,failed,925929.77,CHF,APAC,CP0436,FX,TDR0116,BOOK_D,2025-10-14
TXN0002031010,APP010,2025-09-20,active,790736.88,CHF,LATAM,CP0107,EQUITY,TDR0034,BOOK_B,2025-08-08
TXN0005959418,APP007,2025-07-07,settled,901664.53,GBP,LATAM,CP0303,FUTURE,TDR0038,BOOK_A,2026-02-28
TXN0002889738,APP009,2025-10-14,settled,711657.41,AUD,AMER,CP0104,OPTION,TDR0047,BOOK_A,2025-09-18
TXN0007081968,APP006,2025-04-25,settled,584113.72,USD,APAC,CP0286,EQUITY,TDR0111,BOOK_B,2025-03-26
TXN0002099889,APP010,2025-05-27,failed,368269.65,EUR,LATAM,CP0460,BOND,TDR0124,BOOK_C,2025-04-07
TXN0009407828,APP018,2025-09-16,settled,718888.1,EUR,EMEA,CP0023,BOND,TDR0028,BOOK_D,2025-01-31
TXN0003234439,APP008,2026-01-13,active,461564.7,USD,LATAM,CP0062,EQUITY,TDR0099,BOOK_A,2026-01-09
TXN0006196285,APP011,2025-10-15,pending,972836.02,AUD,EMEA,CP0021,OPTION,TDR0092,BOOK_B,2025-09-29
TXN0003830008,APP013,2026-01-14,active,103984.86,EUR,AMER,CP0273,OPTION,TDR0102,BOOK_A,2026-03-09
TXN0001234126,APP005,2025-05-04,failed,758920.9,USD,EMEA,CP0278,OPTION,TDR0095,BOOK_C,2025-10-10
TXN0002668345,APP004,2025-09-13,reversed,556580.18,CHF,LATAM,CP0474,SWAP,TDR0198,BOOK_A,2025-01-16
TXN0004310677,APP010,2025-05-03,pending,3353.95,CHF,EMEA,CP0108,BOND,TDR0136,BOOK_A,2025-08-01
TXN0004798288,APP010,2025-01-03,pending,552193.62,AUD,EMEA,CP0400,FX,TDR0043,BOOK_A,2026-03-10
TXN0007529964,APP002,2025-06-20,settled,166055.77,GBP,AMER,CP0085,FX,TDR0049,BOOK_C,2026-02-03
TXN0004576633,APP002,2026-01-16,failed,65953.5,AUD,LATAM,CP0215,OPTION,TDR0078,BOOK_B,2026-03-13
TXN0006269303,APP007,2026-03-28,failed,709842.68,CHF,LATAM,CP0037,FUTURE,TDR0019,BOOK_C,2025-01-02
TXN0009144751,APP005,2025-02-03,active,365065.64,USD,AMER,CP0047,SWAP,TDR0143,BOOK_C,2025-11-09
TXN0000353871,APP018,2025-07-15,reversed,113198.12,GBP,AMER,CP0253,BOND,TDR0169,BOOK_C,2026-02-22
TXN0007235649,APP014,2025-10-31,failed,363957.68,AUD,EMEA,CP0012,FX,TDR0089,BOOK_D,2025-04-29
TXN0004812607,APP011,2026-01-12,settled,744602.79,JPY,AMER,CP0452,BOND,TDR0175,BOOK_D,2025-11-02
TXN0004458402,APP002,2025-09-26,reversed,408687.12,CHF,LATAM,CP0040,OPTION,TDR0172,BOOK_C,2025-07-14
TXN0008608336,APP016,2025-01-14,reversed,148100.63,USD,APAC,CP0488,FUTURE,TDR0007,BOOK_B,2026-03-21
TXN0002483110,APP003,2025-12-30,settled,974183.61,JPY,APAC,CP0494,OPTION,TDR0162,BOOK_A,2025-03-29
TXN0000633113,APP005,2025-12-13,active,477462.55,AUD,AMER,CP0261,BOND,TDR0199,BOOK_D,2025-07-18
TXN0003883668,APP015,2026-02-07,pending,57501.92,GBP,LATAM,CP0253,FUTURE,TDR0168,BOOK_C,2025-06-14
TXN0005848600,APP016,2025-07-19,reversed,602938.41,EUR,LATAM,CP0435,FUTURE,TDR0140,BOOK_B,2026-03-05
TXN0008652581,APP014,2026-03-11,active,201106.0,USD,APAC,CP0102,SWAP,TDR0116,BOOK_C,2025-08-31
TXN0004177092,APP020,2025-02-18,active,882096.31,AUD,LATAM,CP0141,EQUITY,TDR0171,BOOK_D,2025-03-24
TXN0003610779,APP007,2026-03-21,pending,908044.44,GBP,EMEA,CP0192,FX,TDR0172,BOOK_C,2026-01-28
TXN0007460149,APP009,2025-10-06,active,375695.01,EUR,APAC,CP0143,SWAP,TDR0097,BOOK_B,2025-09-19
TXN0005099338,APP019,2025-01-05,reversed,469318.54,AUD,LATAM,CP0388,SWAP,TDR0161,BOOK_D,2025-01-15
TXN0007149861,APP005,2025-09-05,reversed,393618.16,EUR,APAC,CP0034,SWAP,TDR0065,BOOK_A,2026-04-07
TXN0003932820,APP002,2026-02-20,reversed,871280.18,JPY,EMEA,CP0484,BOND,TDR0028,BOOK_A,2025-02-07
TXN0006646581,APP015,2025-06-11,pending,216054.0,GBP,EMEA,CP0466,SWAP,TDR0064,BOOK_A,2025-08-13
TXN0002780457,APP017,2025-10-02,failed,891870.92,CHF,AMER,CP0010,FUTURE,TDR0003,BOOK_B,2025-06-26
TXN0006820010,APP007,2026-02-20,settled,303240.07,CHF,LATAM,CP0107,EQUITY,TDR0049,BOOK_A,2025-01-23
TXN0003517760,APP010,2025-10-15,failed,430332.21,USD,APAC,CP0181,FUTURE,TDR0189,BOOK_A,2026-04-08
TXN0009079428,APP008,2025-03-20,reversed,393713.66,EUR,AMER,CP0206,FX,TDR0175,BOOK_A,2025-11-30
TXN0008401871,APP006,2025-02-13,reversed,581186.83,GBP,EMEA,CP0228,SWAP,TDR0032,BOOK_C,2025-02-19
TXN0002864982,APP016,2025-10-25,failed,579195.98,USD,EMEA,CP0128,OPTION,TDR0062,BOOK_D,2026-02-16
TXN0001217390,APP018,2025-08-19,failed,488478.64,AUD,AMER,CP0073,OPTION,TDR0050,BOOK_B,2025-02-22
TXN0000282620,APP016,2025-01-26,settled,867144.39,AUD,LATAM,CP0005,FX,TDR0080,BOOK_D,2025-09-08
TXN0000380595,APP011,2025-01-30,pending,607730.08,USD,EMEA,CP0470,FUTURE,TDR0061,BOOK_B,2025-12-18
TXN0009621109,APP014,2025-07-03,active,341635.82,JPY,AMER,CP0400,EQUITY,TDR0108,BOOK_A,2025-04-04
TXN0001371158,APP004,2025-10-30,active,825344.47,AUD,APAC,CP0466,BOND,TDR0192,BOOK_C,2025-06-02
TXN0007991807,APP005,2026-03-31,settled,928273.63,EUR,LATAM,CP0001,EQUITY,TDR0154,BOOK_B,2025-02-05
TXN0009675578,APP009,2025-07-22,settled,620305.41,CHF,AMER,CP0018,BOND,TDR0177,BOOK_D,2025-05-05
TXN0004038319,APP019,2025-10-31,reversed,350333.06,GBP,AMER,CP0073,BOND,TDR0189,BOOK_B,2025-03-28
TXN0001936165,APP001,2025-06-08,failed,586669.98,GBP,APAC,CP0289,FUTURE,TDR0032,BOOK_B,2025-10-29
TXN0007984872,APP005,2025-02-07,reversed,523583.56,CHF,AMER,CP0285,EQUITY,TDR0081,BOOK_C,2026-02-05
TXN0009627065,APP004,2025-09-24,reversed,281710.52,CHF,AMER,CP0043,BOND,TDR0064,BOOK_A,2025-09-10
TXN0004002956,APP006,2025-01-05,pending,135581.16,EUR,APAC,CP0078,BOND,TDR0003,BOOK_C,2026-02-25
TXN0000703982,APP013,2025-10-02,active,838230.84,USD,EMEA,CP0214,EQUITY,TDR0122,BOOK_C,2026-01-18
TXN0003029891,APP008,2025-06-14,active,117746.58,EUR,AMER,CP0060,FX,TDR0196,BOOK_D,2025-04-03
TXN0007848592,APP017,2025-07-19,active,230976.04,JPY,AMER,CP0489,BOND,TDR0169,BOOK_C,2025-12-15
TXN0007144983,APP012,2026-03-14,active,45427.19,JPY,APAC,CP0370,FUTURE,TDR0165,BOOK_D,2026-04-11
TXN0003013983,APP011,2025-02-09,reversed,427798.57,AUD,EMEA,CP0474,OPTION,TDR0149,BOOK_A,2025-03-19
TXN0004346139,APP003,2025-10-29,settled,916120.97,USD,APAC,CP0458,EQUITY,TDR0100,BOOK_B,2026-02-14
TXN0002835107,APP014,2026-03-17,failed,873852.27,USD,LATAM,CP0022,EQUITY,TDR0109,BOOK_D,2025-03-11
TXN0004938105,APP008,2025-05-21,pending,497288.39,GBP,AMER,CP0302,FX,TDR0129,BOOK_D,2025-09-09
TXN0003714577,APP006,2026-01-17,failed,927562.4,GBP,APAC,CP0239,OPTION,TDR0155,BOOK_C,2026-01-11
TXN0007851186,APP013,2025-03-19,reversed,201920.27,JPY,APAC,CP0018,BOND,TDR0186,BOOK_B,2025-06-10
TXN0001118641,APP012,2026-03-17,active,316372.29,CHF,EMEA,CP0495,SWAP,TDR0157,BOOK_A,2025-05-04
TXN0006974309,APP014,2025-05-19,failed,62215.29,CHF,APAC,CP0286,BOND,TDR0037,BOOK_C,2025-07-29
TXN0004868557,APP001,2025-10-02,active,171804.33,EUR,APAC,CP0191,BOND,TDR0150,BOOK_A,2025-01-27
TXN0004747298,APP015,2025-08-15,failed,52200.26,GBP,AMER,CP0018,SWAP,TDR0028,BOOK_C,2025-01-20
TXN0005120595,APP014,2025-08-19,pending,235544.93,USD,LATAM,CP0070,BOND,TDR0001,BOOK_B,2025-09-11
TXN0007466228,APP014,2025-03-09,active,943201.9,AUD,EMEA,CP0345,BOND,TDR0025,BOOK_A,2025-05-27
TXN0000742723,APP011,2025-05-15,settled,240770.4,EUR,EMEA,CP0497,FUTURE,TDR0190,BOOK_D,2025-04-18
TXN0003058360,APP020,2026-02-05,settled,196912.28,USD,LATAM,CP0265,FUTURE,TDR0001,BOOK_A,2025-06-01
TXN0009623789,APP002,2025-06-24,settled,368074.19,GBP,APAC,CP0106,SWAP,TDR0193,BOOK_C,2026-02-25
TXN0000303831,APP001,2025-03-28,pending,558736.74,USD,APAC,CP0090,OPTION,TDR0065,BOOK_C,2025-09-09
TXN0006005256,APP004,2025-07-12,failed,331398.45,USD,LATAM,CP0050,OPTION,TDR0004,BOOK_C,2025-11-19
TXN0009421833,APP005,2026-03-12,pending,490070.59,CHF,EMEA,CP0014,EQUITY,TDR0155,BOOK_C,2025-02-03
TXN0006568546,APP005,2025-09-25,settled,725702.35,EUR,EMEA,CP0224,FX,TDR0186,BOOK_D,2025-12-27
TXN0005040779,APP002,2025-01-15,failed,460949.02,GBP,APAC,CP0289,SWAP,TDR0063,BOOK_D,2025-05-17
TXN0006675589,APP017,2025-12-02,settled,588396.85,CHF,APAC,CP0499,BOND,TDR0199,BOOK_D,2025-05-21
TXN0001651530,APP006,2025-01-18,active,697677.23,GBP,APAC,CP0406,FX,TDR0012,BOOK_C,2025-04-09
TXN0000821848,APP018,2025-08-11,failed,780987.54,CHF,LATAM,CP0403,BOND,TDR0051,BOOK_B,2025-02-14
TXN0000163804,APP009,2025-04-16,settled,907245.95,CHF,AMER,CP0013,SWAP,TDR0012,BOOK_B,2025-01-17
TXN0009003298,APP011,2025-03-30,pending,526628.6,EUR,APAC,CP0451,SWAP,TDR0130,BOOK_D,2025-07-01
TXN0005983731,APP005,2025-11-30,failed,521526.57,EUR,APAC,CP0500,BOND,TDR0066,BOOK_D,2026-04-02
TXN0001362828,APP016,2026-02-22,failed,694086.81,CHF,AMER,CP0362,FUTURE,TDR0182,BOOK_B,2025-08-30
TXN0001010303,APP007,2025-04-29,reversed,540721.97,GBP,APAC,CP0211,FUTURE,TDR0087,BOOK_B,2025-12-15
TXN0001613761,APP002,2026-03-15,pending,225233.95,JPY,AMER,CP0450,SWAP,TDR0191,BOOK_A,2025-10-21
TXN0008944261,APP005,2025-03-09,settled,168394.62,JPY,APAC,CP0109,BOND,TDR0108,BOOK_D,2026-01-31
TXN0006012666,APP013,2025-11-06,active,584242.85,EUR,AMER,CP0045,OPTION,TDR0059,BOOK_C,2026-02-11
TXN0005605700,APP010,2026-01-15,settled,622497.79,USD,APAC,CP0341,BOND,TDR0113,BOOK_C,2025-03-10
TXN0008428260,APP011,2025-07-19,reversed,181086.22,GBP,AMER,CP0216,SWAP,TDR0154,BOOK_D,2026-03-27
TXN0001136886,APP005,2025-12-24,reversed,491039.71,AUD,LATAM,CP0235,EQUITY,TDR0033,BOOK_D,2026-02-22
TXN0007244345,APP016,2025-04-28,failed,663372.36,JPY,EMEA,CP0432,OPTION,TDR0008,BOOK_C,2025-03-30
TXN0000163865,APP002,2025-11-17,failed,785768.55,JPY,AMER,CP0036,SWAP,TDR0012,BOOK_C,2025-09-08
TXN0000581937,APP012,2025-10-17,failed,441435.22,GBP,EMEA,CP0197,OPTION,TDR0117,BOOK_C,2025-01-31
TXN0004205817,APP008,2025-03-02,reversed,162870.66,GBP,LATAM,CP0108,SWAP,TDR0047,BOOK_D,2025-06-21
TXN0003933262,APP004,2025-03-04,reversed,516003.12,JPY,AMER,CP0438,EQUITY,TDR0075,BOOK_A,2026-04-14
TXN0007233710,APP004,2025-09-26,failed,615094.25,GBP,APAC,CP0181,OPTION,TDR0157,BOOK_D,2025-05-14
TXN0000931108,APP001,2026-04-08,settled,421486.49,AUD,APAC,CP0436,BOND,TDR0049,BOOK_D,2025-12-15
TXN0001522422,APP003,2025-08-16,active,291963.35,AUD,LATAM,CP0056,OPTION,TDR0027,BOOK_D,2025-11-05
TXN0007405766,APP001,2025-08-15,reversed,463463.06,EUR,APAC,CP0243,FUTURE,TDR0109,BOOK_B,2025-12-03
TXN0003511919,APP016,2025-08-27,settled,40716.69,EUR,EMEA,CP0354,EQUITY,TDR0186,BOOK_B,2025-05-30
TXN0004720840,APP009,2025-09-17,settled,65326.9,EUR,AMER,CP0328,FUTURE,TDR0137,BOOK_B,2026-04-14
TXN0001893542,APP003,2025-11-21,active,778333.59,USD,APAC,CP0023,EQUITY,TDR0103,BOOK_C,2025-08-30
TXN0000653425,APP019,2025-05-25,pending,308632.15,USD,AMER,CP0134,FX,TDR0033,BOOK_B,2025-02-05
TXN0008804977,APP016,2026-01-25,active,464032.64,AUD,LATAM,CP0451,OPTION,TDR0038,BOOK_A,2026-03-24
TXN0006916120,APP007,2025-06-03,failed,495454.05,JPY,LATAM,CP0242,SWAP,TDR0003,BOOK_D,2025-04-02
TXN0000036515,APP002,2025-03-01,reversed,819797.91,EUR,APAC,CP0116,FUTURE,TDR0111,BOOK_A,2025-08-06
TXN0004052891,APP016,2025-04-15,active,326522.52,GBP,APAC,CP0380,FX,TDR0090,BOOK_B,2025-03-18
TXN0001451110,APP006,2025-06-02,reversed,600436.62,EUR,APAC,CP0305,FUTURE,TDR0164,BOOK_B,2025-05-21
TXN0004746669,APP013,2025-12-20,active,306024.58,GBP,AMER,CP0392,FUTURE,TDR0185,BOOK_A,2025-01-07
TXN0001949111,APP008,2025-04-20,active,811973.38,AUD,AMER,CP0231,BOND,TDR0015,BOOK_C,2025-10-30
TXN0004336214,APP006,2025-08-06,active,603889.47,USD,AMER,CP0297,OPTION,TDR0179,BOOK_B,2026-03-22
TXN0007338035,APP016,2025-10-29,active,27261.76,CHF,EMEA,CP0391,FUTURE,TDR0099,BOOK_D,2025-08-11
TXN0007603615,APP018,2025-01-03,pending,111497.54,AUD,AMER,CP0469,SWAP,TDR0064,BOOK_D,2026-03-04
TXN0006792499,APP010,2025-12-29,settled,42472.4,CHF,APAC,CP0161,OPTION,TDR0142,BOOK_A,2026-01-24
TXN0001670280,APP005,2026-01-16,reversed,809899.31,USD,EMEA,CP0260,EQUITY,TDR0181,BOOK_D,2025-04-13
TXN0003612662,APP002,2025-03-03,pending,812812.96,JPY,LATAM,CP0182,OPTION,TDR0043,BOOK_C,2025-06-28
TXN0000977989,APP017,2025-10-17,reversed,377895.3,GBP,APAC,CP0405,SWAP,TDR0082,BOOK_B,2025-03-16
TXN0004071109,APP017,2026-03-14,failed,365731.51,GBP,EMEA,CP0190,OPTION,TDR0193,BOOK_C,2025-11-18
TXN0004995832,APP016,2025-09-23,failed,471225.97,JPY,AMER,CP0327,FX,TDR0058,BOOK_C,2026-01-23
TXN0006978969,APP010,2025-10-28,failed,508883.54,GBP,LATAM,CP0165,SWAP,TDR0126,BOOK_C,2025-09-18
TXN0003076668,APP014,2025-12-16,pending,504534.55,EUR,AMER,CP0284,BOND,TDR0140,BOOK_A,2026-04-06
TXN0004143377,APP007,2025-03-09,active,79811.12,JPY,AMER,CP0478,BOND,TDR0057,BOOK_A,2025-08-24
TXN0004784610,APP005,2025-02-06,pending,363195.78,AUD,APAC,CP0158,FX,TDR0054,BOOK_C,2025-11-26
TXN0007519894,APP016,2025-04-06,pending,318795.26,USD,EMEA,CP0252,BOND,TDR0150,BOOK_B,2025-03-29
TXN0000211094,APP003,2026-02-02,active,613745.07,JPY,AMER,CP0008,BOND,TDR0084,BOOK_B,2025-11-06
TXN0009758028,APP004,2025-07-27,settled,795953.29,AUD,LATAM,CP0304,SWAP,TDR0044,BOOK_A,2025-10-25
TXN0004318964,APP014,2025-12-20,active,85538.05,AUD,APAC,CP0034,OPTION,TDR0034,BOOK_B,2025-01-14
TXN0006703065,APP019,2025-03-16,pending,216165.76,EUR,AMER,CP0056,BOND,TDR0017,BOOK_B,2025-04-01
TXN0005239174,APP004,2025-03-26,failed,305761.69,AUD,APAC,CP0169,SWAP,TDR0184,BOOK_C,2026-01-06
TXN0008885246,APP003,2026-03-24,failed,305314.24,USD,LATAM,CP0220,BOND,TDR0153,BOOK_D,2025-06-30
TXN0005696725,APP018,2025-08-30,settled,20039.09,AUD,LATAM,CP0412,OPTION,TDR0134,BOOK_B,2026-02-10
TXN0005290935,APP015,2025-04-05,active,263747.31,GBP,LATAM,CP0353,BOND,TDR0136,BOOK_A,2025-01-16
TXN0001622613,APP018,2026-02-05,settled,258093.94,EUR,APAC,CP0498,FUTURE,TDR0061,BOOK_A,2025-01-29
TXN0005405327,APP006,2025-08-17,active,925798.91,JPY,LATAM,CP0075,BOND,TDR0156,BOOK_D,2025-11-14
TXN0006936502,APP005,2025-06-05,active,649283.48,AUD,AMER,CP0221,SWAP,TDR0128,BOOK_C,2025-09-06
TXN0002209416,APP012,2025-01-03,failed,188250.36,GBP,AMER,CP0407,FUTURE,TDR0161,BOOK_A,2026-03-13
TXN0001834349,APP010,2025-03-13,settled,761205.75,CHF,EMEA,CP0407,FX,TDR0025,BOOK_A,2026-03-25
TXN0003204512,APP007,2025-03-14,reversed,520473.85,JPY,LATAM,CP0394,FUTURE,TDR0092,BOOK_C,2025-10-01
TXN0003958235,APP014,2026-01-21,pending,890135.01,EUR,LATAM,CP0084,FUTURE,TDR0166,BOOK_C,2025-02-27
TXN0007867576,APP011,2025-07-30,pending,90005.86,USD,AMER,CP0297,BOND,TDR0185,BOOK_D,2025-10-12
TXN0003330300,APP006,2025-10-21,reversed,779343.05,CHF,AMER,CP0382,SWAP,TDR0001,BOOK_C,2025-09-24
TXN0007126886,APP006,2025-09-12,reversed,163056.93,EUR,APAC,CP0116,OPTION,TDR0001,BOOK_A,2025-07-05
TXN0003393090,APP003,2025-12-25,active,609916.14,USD,APAC,CP0233,OPTION,TDR0054,BOOK_A,2026-03-21
TXN0009314651,APP010,2025-05-21,failed,988138.8,AUD,EMEA,CP0131,FX,TDR0150,BOOK_D,2025-11-21
TXN0001724288,APP006,2025-08-05,pending,543317.57,USD,EMEA,CP0013,SWAP,TDR0189,BOOK_C,2025-11-09
TXN0004934285,APP014,2026-04-09,failed,984463.94,EUR,AMER,CP0092,OPTION,TDR0175,BOOK_A,2025-12-06
TXN0008797277,APP004,2025-07-14,active,62602.88,CHF,AMER,CP0078,BOND,TDR0033,BOOK_A,2025-08-03
TXN0004092035,APP003,2025-04-24,reversed,990264.91,USD,AMER,CP0076,EQUITY,TDR0084,BOOK_B,2025-01-08
TXN0003679262,APP010,2026-01-23,failed,964607.45,GBP,EMEA,CP0451,FX,TDR0162,BOOK_C,2025-01-19
TXN0008384426,APP005,2025-01-28,failed,935564.3,AUD,LATAM,CP0300,FX,TDR0006,BOOK_D,2026-01-12
TXN0000931258,APP001,2025-05-06,failed,809416.57,EUR,AMER,CP0187,OPTION,TDR0114,BOOK_D,2026-01-08
TXN0009446855,APP001,2025-06-08,active,618790.86,USD,EMEA,CP0293,FX,TDR0019,BOOK_A,2025-08-26
TXN0006279740,APP003,2025-08-08,reversed,643861.36,EUR,AMER,CP0377,OPTION,TDR0061,BOOK_C,2025-11-23
TXN0000276570,APP002,2026-03-09,settled,270928.83,CHF,EMEA,CP0260,FUTURE,TDR0142,BOOK_B,2025-05-24
TXN0008748915,APP015,2025-05-04,pending,203722.19,EUR,AMER,CP0155,FUTURE,TDR0077,BOOK_B,2026-03-06
TXN0008176463,APP017,2026-02-09,failed,291113.02,JPY,EMEA,CP0027,SWAP,TDR0083,BOOK_C,2025-05-14
TXN0007121644,APP014,2025-09-08,reversed,923465.92,AUD,APAC,CP0240,SWAP,TDR0161,BOOK_D,2025-05-17
TXN0002674120,APP005,2025-06-18,active,229043.78,AUD,EMEA,CP0304,FUTURE,TDR0055,BOOK_B,2026-03-17
TXN0001376484,APP018,2026-01-09,reversed,546659.96,USD,LATAM,CP0064,OPTION,TDR0189,BOOK_D,2025-10-31
TXN0004303579,APP011,2025-02-03,settled,547923.2,GBP,APAC,CP0240,FUTURE,TDR0040,BOOK_C,2025-03-07
TXN0004110108,APP018,2025-08-26,failed,818146.7,USD,LATAM,CP0395,EQUITY,TDR0111,BOOK_D,2026-02-16
TXN0005323193,APP001,2025-04-14,reversed,606843.97,EUR,AMER,CP0371,FX,TDR0057,BOOK_B,2025-06-02
TXN0009171560,APP013,2025-03-17,failed,420874.76,USD,APAC,CP0088,FUTURE,TDR0136,BOOK_D,2026-03-01
TXN0001661952,APP020,2025-07-02,pending,33414.09,JPY,EMEA,CP0211,FUTURE,TDR0107,BOOK_A,2025-06-12
TXN0008095632,APP010,2025-09-16,active,413637.04,USD,EMEA,CP0053,OPTION,TDR0054,BOOK_B,2026-03-06
TXN0008585612,APP019,2025-08-14,pending,328379.09,USD,EMEA,CP0329,OPTION,TDR0052,BOOK_A,2026-03-18
TXN0003668123,APP011,2025-05-08,pending,643484.89,EUR,LATAM,CP0147,OPTION,TDR0023,BOOK_B,2025-02-24
TXN0000343418,APP016,2025-09-03,reversed,890520.64,AUD,AMER,CP0384,OPTION,TDR0117,BOOK_C,2025-08-09
TXN0003482440,APP018,2025-10-31,reversed,911683.63,GBP,LATAM,CP0191,FX,TDR0148,BOOK_B,2025-03-05
TXN0009495968,APP014,2025-01-24,active,93034.16,CHF,AMER,CP0469,FUTURE,TDR0036,BOOK_A,2025-06-19
TXN0002768583,APP020,2025-11-14,active,111377.83,EUR,LATAM,CP0227,FUTURE,TDR0092,BOOK_C,2025-02-07
TXN0006153326,APP002,2025-09-26,pending,788572.84,USD,LATAM,CP0474,SWAP,TDR0121,BOOK_C,2025-06-18
TXN0007542722,APP014,2026-03-13,pending,846526.85,JPY,EMEA,CP0469,FUTURE,TDR0068,BOOK_C,2025-03-30
TXN0002534797,APP016,2025-09-05,reversed,243015.96,CHF,LATAM,CP0464,SWAP,TDR0014,BOOK_A,2025-06-12
TXN0001460924,APP006,2025-06-26,reversed,810040.35,AUD,EMEA,CP0205,EQUITY,TDR0076,BOOK_C,2025-05-07
TXN0004527846,APP014,2025-12-10,settled,408937.94,CHF,APAC,CP0162,FX,TDR0026,BOOK_B,2025-09-09
TXN0009834125,APP012,2025-10-22,settled,811724.89,CHF,LATAM,CP0145,SWAP,TDR0142,BOOK_D,2025-07-25
TXN0002394351,APP005,2025-01-23,active,331761.46,CHF,AMER,CP0387,FUTURE,TDR0171,BOOK_B,2026-01-30
TXN0001245246,APP019,2025-05-22,pending,221287.31,JPY,AMER,CP0430,FX,TDR0013,BOOK_B,2025-04-09
TXN0000923331,APP001,2025-02-05,settled,49976.13,AUD,AMER,CP0485,FUTURE,TDR0098,BOOK_A,2025-03-07
TXN0004751313,APP001,2025-06-02,settled,662515.95,CHF,LATAM,CP0097,FUTURE,TDR0001,BOOK_C,2025-09-02
TXN0007853670,APP014,2025-01-24,reversed,285928.37,JPY,LATAM,CP0049,FX,TDR0134,BOOK_D,2025-10-19
TXN0008506809,APP007,2025-09-14,reversed,21496.48,CHF,AMER,CP0172,OPTION,TDR0169,BOOK_C,2026-02-20
TXN0003713238,APP003,2025-04-02,failed,600530.14,JPY,LATAM,CP0455,OPTION,TDR0099,BOOK_A,2025-10-14
TXN0005952228,APP012,2025-08-08,pending,101636.07,GBP,APAC,CP0462,OPTION,TDR0130,BOOK_A,2025-11-02
TXN0008560415,APP016,2025-07-15,pending,522824.96,EUR,LATAM,CP0465,BOND,TDR0012,BOOK_A,2025-05-06
TXN0002399397,APP013,2025-03-17,settled,759095.78,AUD,EMEA,CP0127,EQUITY,TDR0051,BOOK_A,2025-10-14
TXN0004641692,APP001,2025-08-15,pending,318419.18,CHF,EMEA,CP0213,FUTURE,TDR0136,BOOK_D,2026-03-28
TXN0002699384,APP009,2025-05-06,active,754054.93,GBP,APAC,CP0409,FX,TDR0099,BOOK_D,2025-10-22
TXN0001054554,APP003,2025-06-20,failed,327676.4,EUR,LATAM,CP0488,SWAP,TDR0119,BOOK_C,2025-01-05
TXN0003190139,APP002,2025-06-30,active,702518.01,GBP,AMER,CP0251,FUTURE,TDR0043,BOOK_B,2025-12-19
TXN0002726120,APP002,2026-02-09,failed,41302.99,CHF,APAC,CP0145,FX,TDR0075,BOOK_B,2025-12-06
TXN0000949372,APP014,2025-02-22,pending,845119.62,CHF,EMEA,CP0247,EQUITY,TDR0134,BOOK_A,2026-01-24
TXN0001362076,APP006,2026-02-17,reversed,736738.31,CHF,APAC,CP0172,FUTURE,TDR0007,BOOK_C,2025-02-07
TXN0001319641,APP012,2025-06-02,pending,459972.21,USD,APAC,CP0488,FX,TDR0103,BOOK_D,2025-05-20
TXN0002876300,APP019,2025-12-19,active,937041.18,EUR,LATAM,CP0047,SWAP,TDR0024,BOOK_D,2026-03-21
TXN0008379043,APP020,2025-05-27,settled,839061.82,JPY,EMEA,CP0495,OPTION,TDR0118,BOOK_D,2025-02-18
TXN0009570808,APP013,2025-03-05,failed,959491.55,CHF,APAC,CP0428,SWAP,TDR0154,BOOK_C,2025-02-05
TXN0000787824,APP016,2026-03-16,settled,170383.7,JPY,EMEA,CP0335,FUTURE,TDR0078,BOOK_C,2025-04-13
TXN0000090468,APP009,2025-01-27,reversed,483262.32,EUR,LATAM,CP0409,FUTURE,TDR0163,BOOK_B,2025-03-29
TXN0006088789,APP014,2025-09-06,active,180221.25,GBP,APAC,CP0451,SWAP,TDR0073,BOOK_B,2025-06-16
TXN0003846965,APP005,2025-11-30,settled,323170.01,CHF,LATAM,CP0192,OPTION,TDR0007,BOOK_B,2026-02-15
TXN0009905313,APP015,2026-03-08,settled,54220.96,GBP,AMER,CP0146,SWAP,TDR0117,BOOK_C,2025-12-13
TXN0005038380,APP006,2025-02-27,pending,856863.53,CHF,APAC,CP0070,FX,TDR0175,BOOK_A,2025-03-18
TXN0004087697,APP008,2025-04-01,pending,285066.02,CHF,AMER,CP0189,SWAP,TDR0112,BOOK_C,2025-02-09
TXN0003209905,APP009,2025-03-31,active,751558.09,AUD,EMEA,CP0496,OPTION,TDR0091,BOOK_C,2025-05-20
TXN0002624283,APP016,2025-06-15,pending,962249.64,USD,EMEA,CP0365,SWAP,TDR0192,BOOK_B,2026-03-15
TXN0001408542,APP015,2025-04-04,failed,31320.44,EUR,AMER,CP0286,BOND,TDR0174,BOOK_A,2025-05-13
TXN0003177106,APP011,2025-06-26,reversed,20774.76,GBP,AMER,CP0395,EQUITY,TDR0037,BOOK_C,2025-12-23
TXN0007020800,APP006,2025-01-24,settled,300777.76,CHF,APAC,CP0258,FX,TDR0002,BOOK_C,2025-12-21
TXN0009125781,APP002,2026-02-05,settled,419439.06,EUR,AMER,CP0041,EQUITY,TDR0122,BOOK_A,2025-10-25
TXN0000355495,APP015,2025-08-13,reversed,354080.29,JPY,EMEA,CP0374,FX,TDR0187,BOOK_C,2026-03-23
TXN0001567973,APP008,2025-03-26,settled,646551.26,GBP,APAC,CP0178,OPTION,TDR0103,BOOK_B,2025-01-11
TXN0008252358,APP014,2025-06-24,pending,61077.28,USD,LATAM,CP0258,BOND,TDR0032,BOOK_A,2025-07-22
TXN0003781811,APP013,2025-09-08,active,838070.31,AUD,AMER,CP0178,OPTION,TDR0085,BOOK_D,2026-01-21
TXN0004943637,APP012,2025-12-18,active,481479.2,EUR,LATAM,CP0136,EQUITY,TDR0141,BOOK_B,2025-05-14
TXN0008237325,APP002,2025-12-22,settled,648260.78,EUR,EMEA,CP0026,FX,TDR0091,BOOK_C,2025-07-21
TXN0002237588,APP015,2026-03-26,reversed,780705.25,GBP,APAC,CP0102,OPTION,TDR0128,BOOK_D,2025-10-08
TXN0007084951,APP015,2026-03-22,settled,238738.5,EUR,APAC,CP0153,FX,TDR0032,BOOK_D,2026-02-09
TXN0009380674,APP006,2025-08-10,reversed,220048.51,USD,AMER,CP0032,SWAP,TDR0027,BOOK_D,2025-07-14
TXN0005974244,APP004,2025-02-26,settled,400305.65,GBP,APAC,CP0066,OPTION,TDR0167,BOOK_D,2025-09-25
TXN0006607789,APP006,2026-03-25,failed,75058.34,GBP,EMEA,CP0276,OPTION,TDR0096,BOOK_C,2025-07-01
TXN0000476665,APP013,2025-03-21,pending,66792.17,EUR,AMER,CP0438,OPTION,TDR0136,BOOK_A,2026-02-06
TXN0006084816,APP011,2025-02-21,failed,632128.41,CHF,EMEA,CP0305,BOND,TDR0074,BOOK_B,2025-12-20
TXN0006409912,APP006,2025-05-10,failed,684045.95,JPY,LATAM,CP0279,SWAP,TDR0043,BOOK_B,2025-08-06
TXN0000338368,APP006,2025-08-15,settled,358870.83,CHF,APAC,CP0101,OPTION,TDR0105,BOOK_D,2025-02-14
TXN0009466422,APP008,2025-02-09,failed,452349.02,CHF,AMER,CP0032,EQUITY,TDR0100,BOOK_A,2025-06-12
TXN0003955590,APP018,2026-03-26,active,64782.75,CHF,EMEA,CP0396,FX,TDR0162,BOOK_B,2025-05-02
TXN0005323848,APP004,2025-02-24,settled,773050.86,JPY,LATAM,CP0401,BOND,TDR0039,BOOK_D,2025-03-28
TXN0008505504,APP008,2025-05-10,settled,325003.78,USD,LATAM,CP0493,EQUITY,TDR0196,BOOK_C,2025-08-10
TXN0003804744,APP018,2025-10-16,active,140121.63,CHF,LATAM,CP0482,FX,TDR0043,BOOK_C,2025-03-19
TXN0006281239,APP010,2025-04-28,settled,169597.93,GBP,LATAM,CP0427,BOND,TDR0136,BOOK_A,2025-02-08
TXN0000835616,APP002,2025-06-30,pending,284425.11,EUR,AMER,CP0010,EQUITY,TDR0156,BOOK_B,2026-04-06
TXN0001573670,APP020,2026-03-12,settled,141494.11,EUR,AMER,CP0476,FX,TDR0037,BOOK_D,2026-02-16
TXN0001780226,APP010,2025-03-23,pending,901557.3,USD,APAC,CP0243,BOND,TDR0018,BOOK_D,2025-07-26
TXN0007569474,APP005,2025-04-01,settled,204780.75,CHF,AMER,CP0416,EQUITY,TDR0169,BOOK_C,2026-03-31
TXN0009793425,APP002,2026-01-08,active,356252.12,JPY,LATAM,CP0253,SWAP,TDR0085,BOOK_B,2026-01-23
TXN0004838753,APP002,2025-11-11,pending,91827.63,CHF,LATAM,CP0114,SWAP,TDR0014,BOOK_D,2026-01-04
TXN0005226515,APP001,2025-10-18,reversed,516392.34,USD,EMEA,CP0351,OPTION,TDR0143,BOOK_C,2025-10-04
TXN0004504914,APP018,2025-09-19,reversed,723561.8,CHF,AMER,CP0442,FUTURE,TDR0026,BOOK_D,2025-05-22
TXN0001886958,APP002,2025-06-14,reversed,769631.29,USD,EMEA,CP0252,OPTION,TDR0098,BOOK_C,2025-08-27
TXN0008001083,APP010,2025-05-08,active,681141.67,CHF,AMER,CP0290,SWAP,TDR0192,BOOK_D,2026-02-02
TXN0004179913,APP013,2025-09-30,settled,951952.88,JPY,AMER,CP0156,BOND,TDR0079,BOOK_B,2025-09-28
TXN0003617714,APP007,2026-01-23,reversed,711543.13,GBP,EMEA,CP0289,BOND,TDR0108,BOOK_A,2025-10-02
TXN0009599831,APP019,2025-04-12,pending,598023.41,CHF,AMER,CP0240,FX,TDR0069,BOOK_B,2025-07-11
TXN0008273662,APP017,2026-02-11,settled,651899.6,EUR,LATAM,CP0350,EQUITY,TDR0110,BOOK_D,2025-02-01
TXN0000223893,APP007,2025-12-23,settled,390677.87,GBP,AMER,CP0160,BOND,TDR0076,BOOK_B,2025-01-19
TXN0005161639,APP012,2025-06-13,reversed,163913.24,AUD,AMER,CP0216,BOND,TDR0174,BOOK_D,2025-04-09
TXN0000722530,APP016,2025-01-07,pending,773328.27,EUR,EMEA,CP0403,SWAP,TDR0119,BOOK_C,2026-01-19
TXN0002177461,APP015,2025-02-08,pending,740398.61,CHF,AMER,CP0189,SWAP,TDR0163,BOOK_B,2026-02-27
TXN0007559587,APP014,2025-10-17,failed,647674.67,AUD,APAC,CP0150,EQUITY,TDR0047,BOOK_D,2025-05-08
TXN0000042998,APP010,2026-03-29,reversed,826825.68,JPY,LATAM,CP0426,EQUITY,TDR0017,BOOK_C,2025-11-06
TXN0009144306,APP007,2026-01-31,reversed,951525.96,JPY,LATAM,CP0268,OPTION,TDR0045,BOOK_A,2026-01-22
TXN0001676158,APP004,2025-05-12,active,100699.86,CHF,AMER,CP0311,OPTION,TDR0151,BOOK_D,2026-03-20
TXN0004347108,APP011,2025-07-23,failed,93025.86,EUR,LATAM,CP0108,BOND,TDR0127,BOOK_B,2025-04-21
TXN0009150674,APP007,2025-04-02,pending,740780.87,CHF,EMEA,CP0247,SWAP,TDR0066,BOOK_B,2025-03-18
TXN0006386515,APP011,2025-03-15,failed,277616.87,USD,LATAM,CP0214,BOND,TDR0138,BOOK_A,2025-02-06
TXN0003599696,APP012,2025-04-11,pending,688462.57,CHF,EMEA,CP0135,SWAP,TDR0040,BOOK_B,2025-07-20
TXN0007080509,APP014,2025-12-21,active,411822.1,CHF,EMEA,CP0295,FX,TDR0133,BOOK_B,2026-03-06
TXN0008878818,APP001,2025-01-30,pending,740140.07,EUR,APAC,CP0165,SWAP,TDR0025,BOOK_B,2025-11-08
TXN0001941386,APP020,2025-10-22,reversed,492286.95,USD,EMEA,CP0096,FUTURE,TDR0169,BOOK_B,2026-03-16
TXN0004262917,APP008,2025-12-09,failed,939397.34,USD,AMER,CP0315,FUTURE,TDR0137,BOOK_B,2025-09-27
TXN0000934134,APP018,2026-02-25,reversed,360839.28,USD,AMER,CP0193,FX,TDR0005,BOOK_D,2025-04-14
TXN0002206929,APP005,2025-01-28,reversed,294621.09,EUR,EMEA,CP0017,FX,TDR0114,BOOK_B,2025-03-15
TXN0004453469,APP010,2025-04-03,pending,15078.92,EUR,EMEA,CP0233,OPTION,TDR0106,BOOK_C,2025-03-01
TXN0002990627,APP012,2025-05-18,failed,933156.96,USD,EMEA,CP0193,FUTURE,TDR0058,BOOK_C,2025-03-03
TXN0002384492,APP003,2025-01-15,active,787710.11,EUR,APAC,CP0100,SWAP,TDR0123,BOOK_A,2025-10-31
TXN0006603010,APP017,2026-03-13,settled,907733.11,AUD,APAC,CP0407,OPTION,TDR0007,BOOK_B,2025-10-16
TXN0000386369,APP010,2025-06-05,settled,211408.6,CHF,EMEA,CP0318,SWAP,TDR0156,BOOK_D,2025-07-17
TXN0007108567,APP011,2025-12-03,failed,932760.59,CHF,APAC,CP0438,FUTURE,TDR0021,BOOK_B,2025-03-28
TXN0002255694,APP001,2025-11-16,active,279602.69,EUR,EMEA,CP0465,OPTION,TDR0094,BOOK_A,2025-06-09
TXN0007220239,APP018,2025-10-06,settled,446264.84,GBP,EMEA,CP0028,EQUITY,TDR0083,BOOK_A,2025-09-14
TXN0002988214,APP014,2025-07-10,reversed,670487.43,CHF,LATAM,CP0294,BOND,TDR0186,BOOK_D,2025-04-28
TXN0003764835,APP014,2025-04-10,active,721729.42,USD,AMER,CP0318,SWAP,TDR0067,BOOK_B,2025-09-18
TXN0003350636,APP008,2025-03-27,settled,658429.67,EUR,APAC,CP0464,FX,TDR0074,BOOK_B,2025-07-05
TXN0009658798,APP008,2026-02-07,reversed,387493.47,EUR,EMEA,CP0290,BOND,TDR0096,BOOK_D,2025-10-19
TXN0007010777,APP020,2025-11-10,reversed,546987.23,CHF,EMEA,CP0060,SWAP,TDR0110,BOOK_C,2025-03-12
TXN0006089116,APP001,2026-04-07,active,453238.82,AUD,EMEA,CP0258,FUTURE,TDR0127,BOOK_C,2025-10-31
TXN0007293358,APP014,2025-08-12,settled,513176.16,GBP,APAC,CP0117,BOND,TDR0026,BOOK_A,2025-04-22
TXN0008528717,APP005,2025-10-06,reversed,79431.55,USD,EMEA,CP0417,SWAP,TDR0098,BOOK_B,2025-03-07
TXN0004325913,APP020,2026-03-05,settled,843822.69,CHF,EMEA,CP0029,FUTURE,TDR0162,BOOK_C,2025-01-23
TXN0004349795,APP011,2025-05-20,pending,991927.07,JPY,LATAM,CP0468,OPTION,TDR0071,BOOK_D,2025-01-26
TXN0006048823,APP019,2025-01-17,active,774215.51,AUD,EMEA,CP0349,EQUITY,TDR0122,BOOK_B,2025-09-26
TXN0002924526,APP018,2025-04-29,active,486080.25,CHF,APAC,CP0290,EQUITY,TDR0159,BOOK_A,2025-07-26
TXN0004692651,APP003,2025-08-10,failed,198254.98,CHF,AMER,CP0097,FX,TDR0011,BOOK_B,2025-03-06
TXN0005863439,APP016,2025-05-15,settled,457933.29,JPY,EMEA,CP0322,SWAP,TDR0076,BOOK_C,2025-02-18
TXN0000114940,APP016,2026-03-18,pending,230351.96,USD,APAC,CP0172,EQUITY,TDR0012,BOOK_A,2025-06-03
TXN0002317846,APP020,2025-08-16,pending,801066.19,CHF,APAC,CP0449,SWAP,TDR0039,BOOK_A,2025-11-07
TXN0008654711,APP002,2026-01-11,settled,414270.52,USD,EMEA,CP0431,BOND,TDR0184,BOOK_B,2025-04-15
TXN0000829724,APP006,2025-05-27,failed,445814.0,GBP,EMEA,CP0361,FUTURE,TDR0084,BOOK_C,2025-08-01
TXN0001266066,APP019,2025-07-04,settled,432595.52,USD,AMER,CP0210,OPTION,TDR0022,BOOK_C,2025-05-31
TXN0004489736,APP006,2025-03-10,pending,426074.62,EUR,EMEA,CP0255,OPTION,TDR0196,BOOK_C,2025-08-10
TXN0005155272,APP004,2025-10-22,active,291070.16,USD,LATAM,CP0308,OPTION,TDR0035,BOOK_A,2025-11-24
TXN0006675028,APP011,2025-01-31,settled,660252.24,USD,LATAM,CP0370,BOND,TDR0192,BOOK_C,2025-12-27
TXN0008114906,APP014,2025-01-03,reversed,783546.83,USD,LATAM,CP0429,OPTION,TDR0172,BOOK_D,2025-05-20
TXN0004127763,APP020,2025-12-25,pending,585618.38,GBP,EMEA,CP0306,EQUITY,TDR0090,BOOK_B,2025-11-14
TXN0006885203,APP007,2025-03-14,pending,774927.81,CHF,AMER,CP0332,FX,TDR0076,BOOK_B,2025-04-02
TXN0000909445,APP019,2025-07-30,pending,194218.26,USD,EMEA,CP0309,OPTION,TDR0010,BOOK_D,2025-12-30
TXN0003940320,APP016,2025-06-20,reversed,692751.31,USD,LATAM,CP0493,BOND,TDR0116,BOOK_D,2025-12-15
TXN0003734533,APP004,2026-03-18,settled,293717.84,CHF,LATAM,CP0182,FUTURE,TDR0053,BOOK_D,2025-01-22
TXN0001383967,APP018,2026-01-16,settled,174170.92,EUR,APAC,CP0470,SWAP,TDR0089,BOOK_D,2025-03-21
TXN0005586805,APP019,2026-01-24,failed,624851.71,AUD,EMEA,CP0077,OPTION,TDR0019,BOOK_B,2025-11-15
TXN0004897189,APP007,2025-02-13,settled,48668.47,CHF,LATAM,CP0441,FUTURE,TDR0003,BOOK_D,2026-03-14
TXN0003289788,APP009,2025-08-14,settled,510712.1,JPY,EMEA,CP0249,FX,TDR0040,BOOK_B,2025-04-10
TXN0002859640,APP004,2025-07-01,failed,6572.17,JPY,EMEA,CP0469,SWAP,TDR0093,BOOK_B,2025-09-25
TXN0002246719,APP009,2025-08-29,pending,741417.18,AUD,APAC,CP0240,OPTION,TDR0018,BOOK_B,2025-07-01
TXN0003387685,APP009,2025-02-13,failed,412720.96,AUD,APAC,CP0246,OPTION,TDR0002,BOOK_C,2025-04-08
TXN0001088186,APP004,2026-04-01,pending,243645.13,AUD,APAC,CP0411,SWAP,TDR0096,BOOK_A,2025-05-19
TXN0004134827,APP004,2025-01-27,reversed,51397.83,CHF,EMEA,CP0131,FX,TDR0051,BOOK_C,2026-01-22
TXN0001421948,APP008,2025-07-15,pending,643533.69,AUD,EMEA,CP0361,EQUITY,TDR0006,BOOK_A,2026-01-23
TXN0004473918,APP016,2025-11-28,active,470843.98,CHF,LATAM,CP0260,EQUITY,TDR0155,BOOK_B,2025-09-01
TXN0001350858,APP008,2026-04-09,reversed,129208.25,JPY,LATAM,CP0477,EQUITY,TDR0069,BOOK_B,2025-06-03
TXN0000508462,APP003,2025-04-30,active,292569.34,EUR,AMER,CP0100,FUTURE,TDR0106,BOOK_D,2025-06-07
TXN0008255184,APP008,2025-06-29,pending,566953.58,JPY,EMEA,CP0059,SWAP,TDR0194,BOOK_B,2025-08-04
TXN0008518267,APP006,2025-09-24,pending,778266.2,EUR,LATAM,CP0002,FUTURE,TDR0167,BOOK_D,2026-04-07
TXN0005890022,APP013,2025-04-16,settled,615106.98,EUR,LATAM,CP0038,BOND,TDR0061,BOOK_A,2025-04-24
TXN0003140540,APP015,2025-10-27,failed,293109.21,USD,EMEA,CP0270,EQUITY,TDR0023,BOOK_A,2026-03-19
TXN0003116589,APP004,2025-10-13,settled,292041.59,EUR,LATAM,CP0159,FUTURE,TDR0068,BOOK_A,2026-02-19
TXN0001265324,APP001,2025-03-18,settled,942837.2,EUR,LATAM,CP0369,FX,TDR0030,BOOK_A,2026-02-16
TXN0007562414,APP018,2026-02-13,active,819614.82,AUD,APAC,CP0078,EQUITY,TDR0069,BOOK_D,2025-07-18
TXN0007123046,APP017,2025-12-18,reversed,620137.44,EUR,APAC,CP0295,EQUITY,TDR0054,BOOK_A,2025-11-12
TXN0006486602,APP019,2025-11-24,pending,682671.07,CHF,AMER,CP0211,FX,TDR0048,BOOK_D,2025-07-27
TXN0000632068,APP005,2026-02-12,failed,197551.96,JPY,LATAM,CP0064,FUTURE,TDR0070,BOOK_D,2026-04-01
TXN0000512674,APP016,2025-04-22,settled,551531.75,USD,APAC,CP0089,OPTION,TDR0190,BOOK_A,2026-03-27
TXN0000983903,APP020,2025-09-07,failed,820039.49,GBP,APAC,CP0176,OPTION,TDR0163,BOOK_D,2025-07-23
TXN0006392853,APP009,2025-11-23,active,620003.54,CHF,AMER,CP0230,SWAP,TDR0174,BOOK_B,2025-02-10
TXN0006758762,APP006,2025-09-19,pending,514203.11,GBP,APAC,CP0413,EQUITY,TDR0051,BOOK_D,2025-10-01
TXN0006979876,APP003,2025-08-15,failed,294751.72,AUD,LATAM,CP0096,SWAP,TDR0044,BOOK_B,2025-01-16
TXN0004432038,APP019,2025-11-29,active,153683.88,EUR,APAC,CP0050,BOND,TDR0010,BOOK_A,2025-08-14
TXN0004561531,APP013,2025-03-27,pending,882679.78,EUR,LATAM,CP0052,EQUITY,TDR0058,BOOK_D,2025-09-01
TXN0007285008,APP008,2025-01-07,pending,202765.96,CHF,APAC,CP0125,OPTION,TDR0182,BOOK_C,2025-07-06
TXN0008982715,APP013,2025-03-04,failed,919845.68,AUD,EMEA,CP0198,FUTURE,TDR0198,BOOK_C,2025-10-12
TXN0001713717,APP016,2025-03-08,active,278588.39,USD,APAC,CP0249,OPTION,TDR0047,BOOK_D,2026-02-03
TXN0004282159,APP019,2025-08-06,reversed,376111.99,GBP,EMEA,CP0123,FX,TDR0070,BOOK_D,2026-03-27
TXN0003483919,APP015,2025-06-23,active,613658.68,JPY,AMER,CP0150,BOND,TDR0128,BOOK_D,2026-03-02
TXN0009112482,APP012,2025-06-14,reversed,65579.53,AUD,APAC,CP0203,FX,TDR0067,BOOK_C,2025-10-13
TXN0003336342,APP011,2025-05-23,active,764013.44,USD,EMEA,CP0078,SWAP,TDR0195,BOOK_D,2025-07-17
TXN0000912192,APP009,2025-11-18,settled,744222.47,JPY,APAC,CP0464,SWAP,TDR0172,BOOK_D,2025-04-04
TXN0004406340,APP001,2025-01-31,pending,142379.81,JPY,EMEA,CP0184,EQUITY,TDR0125,BOOK_C,2025-07-19
TXN0006343641,APP017,2025-08-30,reversed,822159.01,GBP,LATAM,CP0142,EQUITY,TDR0105,BOOK_C,2025-04-27
TXN0007040729,APP018,2026-01-17,active,544363.51,EUR,LATAM,CP0296,SWAP,TDR0003,BOOK_A,2025-08-18
TXN0005879570,APP011,2025-11-11,active,692520.2,USD,APAC,CP0215,FX,TDR0142,BOOK_D,2025-01-01
TXN0005650005,APP008,2026-03-28,failed,790225.62,AUD,LATAM,CP0387,BOND,TDR0109,BOOK_D,2025-04-08
TXN0005773817,APP003,2025-03-13,reversed,163488.31,JPY,LATAM,CP0369,FUTURE,TDR0127,BOOK_D,2025-02-09
TXN0002656825,APP001,2025-05-02,settled,49705.45,USD,APAC,CP0026,FUTURE,TDR0142,BOOK_A,2026-02-21
TXN0007251302,APP003,2025-08-20,failed,871463.27,CHF,LATAM,CP0488,SWAP,TDR0039,BOOK_A,2026-04-09
TXN0006243280,APP020,2025-03-28,reversed,755838.14,EUR,LATAM,CP0259,FUTURE,TDR0186,BOOK_C,2025-10-13
TXN0008430440,APP005,2025-08-14,pending,729589.25,USD,LATAM,CP0462,OPTION,TDR0063,BOOK_B,2026-03-01
TXN0009572396,APP007,2025-10-07,active,785150.01,EUR,LATAM,CP0108,EQUITY,TDR0115,BOOK_C,2025-08-01
TXN0000642945,APP013,2026-01-23,pending,24394.96,JPY,APAC,CP0176,BOND,TDR0119,BOOK_D,2025-12-18
TXN0004818464,APP004,2025-10-08,active,940431.33,AUD,APAC,CP0258,EQUITY,TDR0179,BOOK_A,2025-02-20
TXN0001270361,APP010,2025-10-16,failed,517013.87,CHF,AMER,CP0246,EQUITY,TDR0009,BOOK_A,2025-09-03
TXN0003305278,APP002,2025-05-23,reversed,597372.71,JPY,EMEA,CP0402,BOND,TDR0051,BOOK_C,2025-04-06
TXN0000504133,APP010,2026-04-14,failed,108254.93,GBP,EMEA,CP0495,EQUITY,TDR0143,BOOK_A,2025-09-06
TXN0007291174,APP008,2025-12-24,failed,208058.35,USD,AMER,CP0038,FX,TDR0189,BOOK_A,2026-04-08
TXN0003871512,APP005,2025-08-11,pending,273222.42,JPY,APAC,CP0401,BOND,TDR0124,BOOK_A,2025-08-02
TXN0004843048,APP017,2026-02-19,active,93922.83,JPY,LATAM,CP0109,EQUITY,TDR0087,BOOK_B,2026-02-12
TXN0008254286,APP003,2025-04-30,active,502348.45,GBP,EMEA,CP0053,OPTION,TDR0188,BOOK_C,2025-06-22
TXN0004045565,APP018,2026-01-18,failed,436350.74,USD,AMER,CP0366,FUTURE,TDR0004,BOOK_A,2025-01-20
TXN0007699288,APP008,2025-02-28,active,55638.48,GBP,AMER,CP0081,FX,TDR0055,BOOK_D,2026-01-17
TXN0006359057,APP009,2025-11-21,settled,205003.4,JPY,LATAM,CP0005,FX,TDR0102,BOOK_A,2025-08-29
TXN0002560696,APP019,2025-07-10,reversed,214739.12,JPY,EMEA,CP0008,BOND,TDR0015,BOOK_A,2025-11-17
TXN0000855497,APP005,2025-05-27,pending,870976.05,GBP,APAC,CP0291,SWAP,TDR0139,BOOK_B,2025-08-21
TXN0001346486,APP020,2025-08-04,pending,365058.77,GBP,AMER,CP0225,OPTION,TDR0053,BOOK_D,2025-07-08
TXN0000345354,APP003,2025-12-17,reversed,697052.87,USD,LATAM,CP0375,BOND,TDR0065,BOOK_B,2026-01-23
TXN0006532438,APP003,2025-07-10,pending,358188.04,JPY,AMER,CP0098,EQUITY,TDR0170,BOOK_D,2026-03-13
TXN0003852780,APP008,2025-05-05,active,885574.48,JPY,AMER,CP0032,FUTURE,TDR0023,BOOK_B,2025-07-09
TXN0004002391,APP017,2025-02-24,settled,842573.66,AUD,AMER,CP0284,SWAP,TDR0104,BOOK_D,2025-04-30
TXN0006996660,APP013,2025-04-24,active,310953.51,EUR,EMEA,CP0188,SWAP,TDR0081,BOOK_D,2025-07-04
TXN0006091663,APP017,2025-04-11,reversed,966627.97,JPY,AMER,CP0395,FX,TDR0062,BOOK_C,2025-11-05
TXN0006750502,APP004,2025-07-30,pending,870711.51,JPY,EMEA,CP0312,BOND,TDR0173,BOOK_C,2025-05-23
TXN0002939700,APP010,2025-04-26,pending,905887.97,EUR,EMEA,CP0030,EQUITY,TDR0190,BOOK_A,2025-01-23
TXN0006110313,APP005,2025-10-26,failed,375573.77,EUR,APAC,CP0455,SWAP,TDR0154,BOOK_C,2025-01-05
TXN0000528077,APP015,2025-07-14,pending,390346.96,GBP,AMER,CP0070,FUTURE,TDR0117,BOOK_C,2025-08-01
TXN0006735533,APP017,2025-12-12,reversed,930612.27,AUD,LATAM,CP0076,BOND,TDR0165,BOOK_B,2026-03-03
TXN0007375613,APP006,2026-01-17,pending,365403.07,GBP,AMER,CP0343,OPTION,TDR0153,BOOK_B,2025-09-18
TXN0002186797,APP002,2026-04-09,active,321454.82,USD,LATAM,CP0191,EQUITY,TDR0051,BOOK_C,2025-03-01
TXN0005306258,APP019,2025-08-13,active,785756.31,USD,AMER,CP0091,FUTURE,TDR0111,BOOK_B,2026-03-25
TXN0004835420,APP009,2025-10-24,active,71506.31,AUD,EMEA,CP0482,FUTURE,TDR0085,BOOK_D,2025-03-24
TXN0001716268,APP007,2025-10-21,active,795650.8,USD,APAC,CP0369,OPTION,TDR0093,BOOK_D,2025-12-09
TXN0007819659,APP006,2025-12-06,settled,216662.43,JPY,EMEA,CP0174,FUTURE,TDR0191,BOOK_A,2025-05-30
TXN0002058231,APP009,2025-05-11,failed,176873.29,EUR,AMER,CP0322,FX,TDR0091,BOOK_D,2025-01-04
TXN0000798193,APP012,2025-11-23,failed,124887.21,JPY,EMEA,CP0154,EQUITY,TDR0184,BOOK_B,2025-09-08
TXN0006367763,APP005,2025-08-16,reversed,828983.56,GBP,AMER,CP0213,FUTURE,TDR0141,BOOK_D,2026-03-21
TXN0002098159,APP009,2025-08-20,pending,46764.8,JPY,LATAM,CP0258,FX,TDR0187,BOOK_A,2026-04-13
TXN0009971171,APP008,2025-05-15,reversed,510252.05,CHF,EMEA,CP0249,SWAP,TDR0065,BOOK_D,2025-02-22
TXN0008599740,APP002,2025-10-02,active,811145.78,CHF,AMER,CP0128,OPTION,TDR0027,BOOK_D,2025-03-27
TXN0006753244,APP006,2026-02-17,active,740451.5,JPY,EMEA,CP0016,EQUITY,TDR0115,BOOK_B,2025-08-21
TXN0009755300,APP008,2025-07-30,failed,766158.47,USD,LATAM,CP0398,FX,TDR0196,BOOK_A,2025-04-22
TXN0002346413,APP013,2025-09-07,failed,109877.21,GBP,LATAM,CP0107,SWAP,TDR0106,BOOK_D,2026-01-01
TXN0007119665,APP014,2025-02-01,failed,496151.44,USD,AMER,CP0411,FX,TDR0155,BOOK_C,2026-01-16
TXN0003651600,APP020,2025-06-21,pending,474598.16,EUR,APAC,CP0309,EQUITY,TDR0149,BOOK_C,2025-04-07
TXN0009903404,APP019,2025-05-06,reversed,683573.46,GBP,LATAM,CP0075,FX,TDR0074,BOOK_B,2025-03-02
TXN0004993919,APP003,2026-04-05,failed,11144.08,JPY,AMER,CP0271,FUTURE,TDR0025,BOOK_A,2025-03-10
TXN0008898524,APP008,2025-11-18,failed,393134.72,JPY,LATAM,CP0475,EQUITY,TDR0080,BOOK_B,2025-03-18
TXN0001762312,APP002,2025-09-17,reversed,966909.28,AUD,AMER,CP0383,FX,TDR0063,BOOK_D,2026-04-06
TXN0008122874,APP016,2026-03-13,failed,881763.49,AUD,APAC,CP0013,FUTURE,TDR0065,BOOK_A,2025-07-27
TXN0003569443,APP018,2026-01-21,settled,213255.31,CHF,AMER,CP0229,OPTION,TDR0026,BOOK_D,2025-10-03
TXN0005052302,APP019,2026-03-18,settled,183014.17,JPY,APAC,CP0011,EQUITY,TDR0166,BOOK_D,2025-02-23
TXN0002656048,APP017,2025-05-15,failed,151692.23,AUD,AMER,CP0466,SWAP,TDR0016,BOOK_C,2025-09-29
TXN0000844044,APP016,2025-03-31,failed,980631.09,AUD,EMEA,CP0089,FX,TDR0072,BOOK_A,2025-01-30
TXN0006712425,APP015,2025-03-21,settled,451390.57,CHF,EMEA,CP0229,FX,TDR0066,BOOK_D,2025-11-22
TXN0009839334,APP010,2025-08-27,failed,606454.93,CHF,APAC,CP0384,EQUITY,TDR0093,BOOK_B,2025-09-12
TXN0005968015,APP017,2026-02-03,settled,172361.33,GBP,AMER,CP0045,FX,TDR0078,BOOK_C,2025-04-18
TXN0003637371,APP001,2025-11-02,failed,777425.39,EUR,EMEA,CP0424,BOND,TDR0104,BOOK_C,2026-03-10
TXN0004348663,APP017,2025-09-01,settled,674723.56,USD,AMER,CP0037,EQUITY,TDR0099,BOOK_B,2025-04-27
TXN0008010658,APP015,2025-11-30,reversed,825032.96,EUR,AMER,CP0272,FX,TDR0168,BOOK_A,2025-12-19
TXN0004255144,APP010,2025-12-06,active,763863.26,AUD,APAC,CP0056,BOND,TDR0143,BOOK_D,2025-05-30
TXN0007015109,APP018,2025-10-23,active,838883.53,EUR,LATAM,CP0077,OPTION,TDR0160,BOOK_D,2025-07-24
TXN0009883418,APP005,2025-09-13,active,574807.55,AUD,LATAM,CP0092,EQUITY,TDR0061,BOOK_D,2025-06-08
TXN0004386907,APP013,2025-06-13,settled,73900.08,CHF,AMER,CP0282,SWAP,TDR0091,BOOK_B,2025-04-10
TXN0007651753,APP002,2026-02-16,settled,758089.46,EUR,APAC,CP0264,FUTURE,TDR0073,BOOK_A,2025-10-12
TXN0005092543,APP017,2025-10-11,failed,151451.86,USD,LATAM,CP0074,FX,TDR0044,BOOK_B,2026-01-13
TXN0003858342,APP009,2025-04-04,failed,606277.68,CHF,LATAM,CP0141,BOND,TDR0012,BOOK_D,2026-01-03
TXN0007490105,APP002,2025-05-28,failed,488555.74,CHF,EMEA,CP0260,OPTION,TDR0110,BOOK_B,2025-03-02
TXN0004153463,APP006,2025-10-18,active,731135.2,USD,EMEA,CP0371,BOND,TDR0071,BOOK_D,2026-02-27
TXN0005671597,APP003,2025-05-18,failed,521354.86,CHF,AMER,CP0050,FX,TDR0093,BOOK_D,2025-12-29
TXN0003699092,APP007,2025-10-20,pending,807617.7,USD,AMER,CP0055,FX,TDR0105,BOOK_B,2025-08-23
TXN0002713768,APP016,2025-02-26,pending,105919.11,USD,EMEA,CP0137,FUTURE,TDR0080,BOOK_C,2025-07-07
TXN0006338969,APP019,2025-09-19,settled,151897.64,JPY,AMER,CP0011,SWAP,TDR0028,BOOK_A,2026-03-16
TXN0000713926,APP002,2025-11-17,failed,731772.96,CHF,EMEA,CP0297,FUTURE,TDR0016,BOOK_C,2025-10-08
TXN0005465218,APP020,2025-08-24,pending,220993.47,EUR,LATAM,CP0435,FX,TDR0198,BOOK_A,2025-12-30
TXN0007160587,APP002,2025-09-12,settled,395188.79,CHF,EMEA,CP0088,FX,TDR0061,BOOK_A,2025-02-15
TXN0001875388,APP020,2025-10-08,failed,858500.39,JPY,LATAM,CP0322,FX,TDR0041,BOOK_A,2025-07-31
TXN0004740890,APP017,2025-03-29,settled,151769.3,USD,LATAM,CP0267,FX,TDR0092,BOOK_D,2025-08-31
TXN0003131838,APP013,2025-03-14,reversed,16415.19,EUR,LATAM,CP0342,BOND,TDR0197,BOOK_B,2026-04-05
TXN0006001702,APP017,2025-10-19,failed,653155.37,USD,AMER,CP0094,EQUITY,TDR0162,BOOK_C,2026-02-10
TXN0004485528,APP008,2026-04-03,failed,554159.35,AUD,LATAM,CP0410,OPTION,TDR0051,BOOK_B,2025-03-19
TXN0004893979,APP010,2025-11-02,active,500586.01,CHF,EMEA,CP0022,FUTURE,TDR0114,BOOK_A,2025-01-02
TXN0001497385,APP006,2026-04-10,failed,410920.9,AUD,APAC,CP0104,EQUITY,TDR0191,BOOK_A,2025-01-21
TXN0006526250,APP006,2025-07-18,pending,151742.45,JPY,APAC,CP0355,BOND,TDR0072,BOOK_B,2025-07-15
TXN0007536163,APP016,2025-10-03,failed,602647.67,CHF,AMER,CP0179,OPTION,TDR0054,BOOK_B,2025-12-18
TXN0008925221,APP017,2025-01-03,settled,774145.45,AUD,AMER,CP0052,SWAP,TDR0138,BOOK_B,2025-02-19
TXN0005633267,APP020,2025-05-06,pending,12449.33,EUR,AMER,CP0018,EQUITY,TDR0181,BOOK_D,2026-01-29
TXN0007859927,APP012,2025-12-24,reversed,124393.73,CHF,APAC,CP0329,SWAP,TDR0083,BOOK_D,2025-02-14
TXN0004648108,APP002,2025-08-31,settled,193642.44,USD,APAC,CP0313,FUTURE,TDR0183,BOOK_B,2025-12-31
TXN0007113026,APP007,2025-01-27,settled,167713.87,GBP,APAC,CP0046,OPTION,TDR0152,BOOK_A,2025-02-09
TXN0009680605,APP003,2025-12-25,pending,176441.85,EUR,AMER,CP0238,FUTURE,TDR0074,BOOK_C,2026-01-01
TXN0001951202,APP013,2026-02-28,failed,259146.05,USD,APAC,CP0056,OPTION,TDR0173,BOOK_D,2025-09-17
TXN0009510828,APP007,2025-11-02,settled,207106.77,JPY,EMEA,CP0076,SWAP,TDR0178,BOOK_C,2025-08-03
TXN0008776965,APP005,2026-02-15,pending,235356.83,JPY,APAC,CP0267,FUTURE,TDR0150,BOOK_D,2025-09-27
TXN0008541181,APP003,2025-03-07,failed,809562.39,EUR,LATAM,CP0395,FX,TDR0124,BOOK_C,2026-04-12
TXN0000565700,APP008,2025-06-30,active,411895.17,EUR,EMEA,CP0363,BOND,TDR0032,BOOK_C,2026-03-25
TXN0007245694,APP018,2026-04-03,active,14135.94,EUR,APAC,CP0191,FX,TDR0178,BOOK_C,2025-05-20
TXN0006603095,APP018,2025-07-14,active,838654.66,CHF,LATAM,CP0059,OPTION,TDR0123,BOOK_D,2026-01-16
TXN0006477383,APP007,2025-01-27,pending,513744.7,GBP,LATAM,CP0355,SWAP,TDR0132,BOOK_B,2025-11-18
TXN0004043547,APP013,2026-01-16,reversed,56961.95,USD,APAC,CP0065,BOND,TDR0139,BOOK_C,2026-03-28
TXN0001723277,APP002,2025-05-19,settled,268135.43,GBP,AMER,CP0263,OPTION,TDR0127,BOOK_A,2025-10-28
TXN0006177050,APP011,2025-11-27,active,778350.6,USD,AMER,CP0030,BOND,TDR0128,BOOK_D,2026-03-12
TXN0004883784,APP012,2025-04-24,settled,688140.22,EUR,APAC,CP0387,SWAP,TDR0113,BOOK_A,2026-02-26
TXN0001563538,APP017,2025-04-29,active,125120.93,CHF,AMER,CP0188,OPTION,TDR0022,BOOK_C,2025-12-03
TXN0004234365,APP012,2025-07-11,pending,723591.32,AUD,EMEA,CP0420,OPTION,TDR0054,BOOK_D,2025-06-24
TXN0008197019,APP005,2025-06-23,failed,959999.01,GBP,EMEA,CP0112,BOND,TDR0124,BOOK_A,2025-09-07
TXN0008862113,APP015,2025-02-09,reversed,841823.14,USD,AMER,CP0328,BOND,TDR0159,BOOK_A,2025-08-17
TXN0003701962,APP013,2025-01-03,settled,637214.36,AUD,EMEA,CP0422,BOND,TDR0138,BOOK_D,2025-01-06
TXN0001475559,APP015,2025-04-01,failed,424061.85,JPY,APAC,CP0173,OPTION,TDR0168,BOOK_B,2025-02-23
TXN0008942819,APP012,2026-02-12,reversed,496830.55,CHF,AMER,CP0336,OPTION,TDR0061,BOOK_C,2025-07-13
TXN0005334155,APP017,2026-04-05,pending,695831.74,JPY,EMEA,CP0308,SWAP,TDR0026,BOOK_C,2026-01-25
TXN0006923244,APP018,2025-04-04,active,116448.22,AUD,AMER,CP0227,OPTION,TDR0136,BOOK_A,2025-11-20
TXN0001300152,APP011,2025-09-22,failed,368078.85,GBP,LATAM,CP0201,BOND,TDR0191,BOOK_C,2025-05-22
TXN0008438385,APP015,2025-03-01,failed,991303.99,AUD,EMEA,CP0293,EQUITY,TDR0047,BOOK_A,2025-02-15
TXN0002626891,APP009,2025-06-28,pending,751372.93,GBP,LATAM,CP0249,FX,TDR0049,BOOK_D,2025-11-26
TXN0000691205,APP009,2025-05-12,settled,20390.9,USD,AMER,CP0237,OPTION,TDR0053,BOOK_D,2025-10-30
TXN0005435897,APP020,2025-12-16,active,242550.48,AUD,APAC,CP0441,FUTURE,TDR0026,BOOK_A,2026-02-28
TXN0009527498,APP013,2025-06-15,reversed,972038.68,AUD,LATAM,CP0313,EQUITY,TDR0001,BOOK_B,2025-09-19
TXN0001222737,APP015,2025-08-04,pending,410433.37,GBP,APAC,CP0491,EQUITY,TDR0078,BOOK_B,2025-02-12
TXN0000569769,APP019,2025-05-24,failed,585191.83,JPY,LATAM,CP0243,EQUITY,TDR0146,BOOK_D,2025-09-16
TXN0009777207,APP001,2025-05-19,failed,234281.37,EUR,AMER,CP0334,FUTURE,TDR0004,BOOK_B,2026-01-29
TXN0004329669,APP001,2025-02-22,failed,615906.97,EUR,APAC,CP0067,BOND,TDR0033,BOOK_A,2026-01-01
TXN0002499443,APP013,2025-05-13,failed,379957.66,CHF,AMER,CP0076,BOND,TDR0132,BOOK_D,2025-08-29
TXN0003017491,APP002,2025-01-03,reversed,172852.31,EUR,APAC,CP0346,FUTURE,TDR0136,BOOK_C,2025-07-20
TXN0000150574,APP002,2025-03-04,active,736397.5,EUR,EMEA,CP0015,BOND,TDR0047,BOOK_A,2025-05-17
TXN0005900333,APP017,2025-08-18,failed,650636.2,EUR,LATAM,CP0499,EQUITY,TDR0153,BOOK_D,2025-09-25
TXN0000695433,APP012,2025-01-03,pending,867535.04,JPY,LATAM,CP0291,SWAP,TDR0146,BOOK_C,2025-04-18
TXN0008983962,APP002,2025-01-22,pending,263480.24,CHF,EMEA,CP0347,FX,TDR0038,BOOK_C,2026-03-26
TXN0008634022,APP004,2025-07-16,active,974097.73,CHF,APAC,CP0499,SWAP,TDR0099,BOOK_D,2025-04-21
TXN0001395685,APP002,2025-06-12,active,217034.41,EUR,EMEA,CP0154,FX,TDR0049,BOOK_A,2025-06-02
TXN0003897675,APP008,2025-09-01,active,259461.64,USD,LATAM,CP0430,FX,TDR0178,BOOK_A,2025-09-20
TXN0007179299,APP011,2025-04-07,reversed,239897.47,USD,LATAM,CP0386,FX,TDR0026,BOOK_A,2025-06-01
TXN0008580347,APP018,2025-05-27,settled,558564.21,GBP,EMEA,CP0414,FX,TDR0172,BOOK_A,2026-03-23
TXN0001359609,APP015,2025-04-16,failed,409809.08,USD,APAC,CP0146,FX,TDR0043,BOOK_A,2025-09-01
TXN0008538286,APP015,2026-03-30,active,819249.12,AUD,APAC,CP0380,EQUITY,TDR0035,BOOK_D,2025-01-08
TXN0006331309,APP014,2025-08-26,active,570123.19,EUR,AMER,CP0240,EQUITY,TDR0108,BOOK_B,2026-04-09
TXN0004704494,APP015,2025-12-12,pending,284913.33,CHF,EMEA,CP0419,EQUITY,TDR0009,BOOK_B,2026-01-07
TXN0006406147,APP010,2025-04-13,failed,346971.54,CHF,AMER,CP0329,BOND,TDR0086,BOOK_B,2025-12-05
TXN0004611163,APP013,2025-01-15,failed,854043.37,CHF,LATAM,CP0338,SWAP,TDR0004,BOOK_B,2025-09-06
TXN0007171959,APP018,2025-11-25,failed,755520.13,USD,EMEA,CP0410,SWAP,TDR0135,BOOK_C,2026-02-17
TXN0003003612,APP001,2026-02-07,active,982089.83,CHF,EMEA,CP0151,SWAP,TDR0042,BOOK_A,2025-12-14
TXN0005909547,APP010,2025-02-11,failed,869890.26,GBP,AMER,CP0242,BOND,TDR0026,BOOK_D,2026-03-03
TXN0006433244,APP010,2026-04-13,reversed,718852.98,AUD,EMEA,CP0330,FUTURE,TDR0173,BOOK_A,2025-06-16
TXN0000902920,APP018,2026-03-23,active,307373.62,EUR,APAC,CP0152,FUTURE,TDR0099,BOOK_C,2025-01-22
TXN0000318496,APP016,2026-02-26,active,907056.06,CHF,EMEA,CP0005,OPTION,TDR0075,BOOK_C,2026-03-26
TXN0006748506,APP020,2025-02-17,active,305763.58,EUR,APAC,CP0300,OPTION,TDR0196,BOOK_B,2026-02-18
TXN0009996100,APP010,2026-04-13,failed,141104.47,CHF,LATAM,CP0262,OPTION,TDR0012,BOOK_D,2025-01-31
TXN0008976278,APP010,2025-10-24,failed,943409.15,JPY,AMER,CP0323,BOND,TDR0108,BOOK_D,2026-03-16
TXN0003129091,APP011,2025-09-03,failed,283333.45,GBP,EMEA,CP0071,BOND,TDR0013,BOOK_C,2025-10-25
TXN0008685356,APP012,2025-08-05,failed,806094.53,GBP,LATAM,CP0087,FUTURE,TDR0102,BOOK_B,2026-04-01
TXN0009304518,APP002,2025-06-22,settled,537715.2,AUD,LATAM,CP0177,FX,TDR0019,BOOK_D,2026-02-26
TXN0002577251,APP019,2025-07-23,active,551548.57,GBP,LATAM,CP0447,SWAP,TDR0058,BOOK_A,2025-11-06
TXN0005175706,APP018,2025-08-18,failed,114262.64,CHF,AMER,CP0360,SWAP,TDR0168,BOOK_A,2025-01-29
TXN0007764944,APP005,2025-01-02,active,176302.33,USD,EMEA,CP0261,OPTION,TDR0089,BOOK_D,2026-02-04
TXN0009097127,APP005,2025-05-13,failed,1310.28,JPY,AMER,CP0314,OPTION,TDR0185,BOOK_D,2025-01-03
TXN0002489197,APP020,2025-04-04,settled,23154.75,JPY,LATAM,CP0012,FUTURE,TDR0159,BOOK_A,2025-12-12
TXN0006650193,APP020,2026-04-12,failed,37808.98,CHF,AMER,CP0037,SWAP,TDR0134,BOOK_A,2026-04-05
TXN0006531877,APP009,2026-03-05,reversed,58033.33,CHF,APAC,CP0179,BOND,TDR0053,BOOK_D,2025-10-18
TXN0006567235,APP004,2025-08-20,pending,740340.9,AUD,AMER,CP0207,BOND,TDR0056,BOOK_B,2025-07-10
TXN0001657446,APP007,2025-05-24,settled,653347.43,CHF,LATAM,CP0380,SWAP,TDR0176,BOOK_C,2025-11-25
TXN0004985821,APP019,2025-08-29,failed,624041.96,EUR,APAC,CP0422,FX,TDR0165,BOOK_C,2025-01-26
TXN0006262151,APP006,2025-01-06,reversed,987002.95,CHF,LATAM,CP0183,FX,TDR0111,BOOK_D,2025-12-05
TXN0005282316,APP014,2025-05-02,reversed,114681.05,JPY,EMEA,CP0083,FX,TDR0091,BOOK_B,2025-08-10
TXN0004163478,APP005,2025-07-05,failed,353550.63,AUD,APAC,CP0029,BOND,TDR0113,BOOK_D,2025-11-14
TXN0007899126,APP015,2025-01-05,pending,537663.71,GBP,EMEA,CP0115,BOND,TDR0035,BOOK_A,2025-11-20
TXN0008730056,APP020,2025-06-21,reversed,245137.13,CHF,EMEA,CP0345,FX,TDR0141,BOOK_B,2025-05-24
TXN0006110836,APP005,2026-03-18,settled,69375.49,CHF,AMER,CP0442,FX,TDR0011,BOOK_D,2025-05-29
TXN0004876208,APP003,2025-02-24,reversed,786217.5,JPY,APAC,CP0463,OPTION,TDR0036,BOOK_D,2025-08-28
TXN0000059384,APP013,2025-05-11,failed,756345.89,EUR,EMEA,CP0459,FUTURE,TDR0105,BOOK_A,2026-01-07
TXN0000489447,APP005,2025-07-18,reversed,167347.01,CHF,AMER,CP0264,BOND,TDR0162,BOOK_B,2025-08-17
TXN0001523180,APP015,2025-09-15,reversed,489797.24,JPY,EMEA,CP0035,FUTURE,TDR0017,BOOK_A,2026-02-03
TXN0007266885,APP008,2025-12-22,settled,37341.99,AUD,LATAM,CP0099,BOND,TDR0088,BOOK_D,2026-02-11
TXN0007888734,APP018,2025-07-16,pending,941735.47,USD,APAC,CP0350,FX,TDR0036,BOOK_C,2025-10-09
TXN0000942838,APP005,2025-06-04,failed,121736.53,EUR,AMER,CP0403,OPTION,TDR0096,BOOK_C,2025-05-16
TXN0005737769,APP004,2025-06-04,failed,255363.18,CHF,APAC,CP0153,SWAP,TDR0192,BOOK_D,2026-01-01
TXN0002129125,APP012,2025-05-16,pending,674589.17,AUD,AMER,CP0431,SWAP,TDR0082,BOOK_C,2025-07-25
TXN0001838179,APP017,2025-08-10,reversed,80001.8,JPY,AMER,CP0255,EQUITY,TDR0178,BOOK_B,2025-06-04
TXN0005859658,APP004,2025-07-04,active,675253.2,EUR,LATAM,CP0369,SWAP,TDR0199,BOOK_D,2025-08-25
TXN0001909255,APP005,2025-06-12,failed,314474.35,GBP,AMER,CP0253,SWAP,TDR0113,BOOK_B,2025-08-24
TXN0003794266,APP020,2025-10-16,failed,785020.26,USD,AMER,CP0232,BOND,TDR0080,BOOK_C,2025-01-11
TXN0001754790,APP016,2026-04-13,active,760879.52,EUR,APAC,CP0027,BOND,TDR0178,BOOK_A,2025-12-08
TXN0006913100,APP001,2025-06-24,failed,250317.89,AUD,EMEA,CP0209,EQUITY,TDR0173,BOOK_D,2025-10-12
TXN0000692944,APP014,2026-01-30,pending,832776.23,AUD,AMER,CP0152,EQUITY,TDR0128,BOOK_D,2025-11-22
TXN0004057839,APP006,2025-04-23,reversed,836882.3,JPY,AMER,CP0431,EQUITY,TDR0120,BOOK_B,2025-02-02
TXN0002779963,APP002,2025-02-03,settled,273017.71,JPY,LATAM,CP0186,EQUITY,TDR0168,BOOK_C,2025-07-20
TXN0008086365,APP003,2025-05-31,failed,55239.87,AUD,AMER,CP0172,FX,TDR0151,BOOK_C,2025-05-12
TXN0006854508,APP006,2025-07-07,settled,715362.85,JPY,LATAM,CP0188,SWAP,TDR0087,BOOK_C,2026-01-05
TXN0003884588,APP020,2025-06-25,settled,681423.53,USD,EMEA,CP0491,EQUITY,TDR0118,BOOK_C,2025-05-19
TXN0005426991,APP012,2025-09-11,failed,541029.9,AUD,EMEA,CP0132,EQUITY,TDR0174,BOOK_B,2026-02-27
TXN0000333264,APP018,2025-07-16,settled,881749.95,JPY,APAC,CP0489,EQUITY,TDR0125,BOOK_D,2025-12-19
TXN0007422765,APP004,2025-09-10,failed,638734.05,GBP,LATAM,CP0132,FX,TDR0191,BOOK_A,2025-06-12
TXN0006564071,APP003,2025-01-26,pending,719884.28,AUD,APAC,CP0308,FX,TDR0137,BOOK_A,2026-02-22
TXN0006688179,APP020,2025-01-26,active,327154.54,EUR,LATAM,CP0010,FUTURE,TDR0160,BOOK_B,2026-02-18
TXN0005325628,APP004,2026-03-20,settled,483224.61,GBP,AMER,CP0242,EQUITY,TDR0031,BOOK_B,2025-08-25
TXN0009903184,APP020,2025-04-03,failed,710668.38,GBP,AMER,CP0182,FX,TDR0090,BOOK_A,2025-07-29
TXN0004267846,APP015,2026-01-10,pending,801613.66,EUR,AMER,CP0207,FUTURE,TDR0085,BOOK_A,2025-06-04
TXN0009872286,APP007,2026-04-08,failed,309093.79,AUD,AMER,CP0099,EQUITY,TDR0012,BOOK_C,2025-02-28
TXN0001929678,APP014,2025-09-11,pending,637507.0,CHF,LATAM,CP0155,FX,TDR0029,BOOK_B,2026-02-01
TXN0005444706,APP009,2025-02-04,pending,85099.62,GBP,EMEA,CP0004,EQUITY,TDR0200,BOOK_B,2026-02-02
TXN0004968812,APP008,2025-10-11,pending,28771.68,GBP,APAC,CP0184,FUTURE,TDR0165,BOOK_A,2025-07-25
TXN0002926644,APP018,2025-10-07,reversed,106934.74,AUD,APAC,CP0194,BOND,TDR0055,BOOK_A,2025-03-16
TXN0004272205,APP015,2026-01-28,active,735660.05,CHF,APAC,CP0455,EQUITY,TDR0008,BOOK_A,2025-02-07
TXN0009219424,APP014,2025-03-31,failed,968552.2,EUR,EMEA,CP0420,SWAP,TDR0160,BOOK_C,2025-06-25
TXN0009381676,APP008,2026-03-03,failed,784881.61,USD,EMEA,CP0480,FX,TDR0003,BOOK_B,2025-06-08
TXN0002667377,APP016,2025-08-31,failed,600263.38,EUR,AMER,CP0156,SWAP,TDR0072,BOOK_C,2025-03-30
TXN0008629147,APP010,2026-03-12,failed,180688.75,USD,EMEA,CP0347,SWAP,TDR0075,BOOK_B,2025-02-24
TXN0004911174,APP014,2026-01-12,pending,350987.46,AUD,LATAM,CP0136,SWAP,TDR0065,BOOK_A,2025-02-07
TXN0009102051,APP004,2026-03-03,active,962530.04,GBP,AMER,CP0379,FX,TDR0089,BOOK_B,2026-03-01
TXN0008356402,APP019,2025-04-23,pending,987046.66,EUR,APAC,CP0055,OPTION,TDR0065,BOOK_A,2025-05-08
TXN0008897082,APP006,2025-04-03,reversed,450062.44,JPY,AMER,CP0007,BOND,TDR0173,BOOK_B,2025-04-11
TXN0007643898,APP007,2025-09-12,reversed,505241.46,AUD,APAC,CP0189,FX,TDR0172,BOOK_B,2026-02-24
TXN0005336581,APP019,2025-09-03,settled,21574.55,CHF,AMER,CP0296,FUTURE,TDR0140,BOOK_A,2026-03-08
TXN0001101359,APP013,2025-11-06,pending,864416.28,USD,LATAM,CP0405,FX,TDR0200,BOOK_D,2025-06-21
TXN0008353324,APP012,2025-09-20,failed,621080.11,USD,EMEA,CP0199,BOND,TDR0002,BOOK_A,2025-12-26
TXN0005684582,APP009,2025-09-11,active,25625.9,CHF,EMEA,CP0413,BOND,TDR0107,BOOK_B,2025-10-25
TXN0004227082,APP002,2026-01-03,pending,550124.26,EUR,EMEA,CP0150,EQUITY,TDR0105,BOOK_C,2025-09-10
TXN0007596679,APP018,2025-10-22,reversed,105842.82,CHF,AMER,CP0318,SWAP,TDR0167,BOOK_C,2025-05-25
TXN0007255450,APP001,2026-03-23,reversed,470406.6,GBP,APAC,CP0425,FUTURE,TDR0131,BOOK_D,2025-07-25
TXN0008228210,APP009,2025-04-13,active,790161.75,USD,AMER,CP0348,OPTION,TDR0127,BOOK_D,2025-09-15
TXN0000863518,APP014,2025-05-19,settled,329577.75,USD,LATAM,CP0097,FUTURE,TDR0036,BOOK_B,2025-07-27
TXN0006615841,APP015,2025-09-28,reversed,631218.97,USD,LATAM,CP0122,OPTION,TDR0053,BOOK_D,2026-04-07
TXN0000618573,APP018,2025-07-01,reversed,715209.76,JPY,APAC,CP0124,SWAP,TDR0057,BOOK_C,2026-01-27
TXN0005710697,APP013,2025-12-14,active,639216.38,JPY,EMEA,CP0382,BOND,TDR0155,BOOK_C,2026-01-18
TXN0002914576,APP002,2026-03-26,reversed,48053.71,JPY,EMEA,CP0378,EQUITY,TDR0165,BOOK_C,2026-02-06
TXN0004587464,APP008,2026-04-06,reversed,70476.93,USD,LATAM,CP0496,FX,TDR0182,BOOK_D,2025-08-14
TXN0000278661,APP018,2025-08-22,active,84356.65,JPY,LATAM,CP0111,EQUITY,TDR0118,BOOK_C,2026-03-30
TXN0003274148,APP013,2026-04-10,pending,82801.87,GBP,AMER,CP0357,SWAP,TDR0019,BOOK_B,2025-02-16
TXN0006048213,APP011,2025-07-20,pending,256186.33,JPY,EMEA,CP0391,FX,TDR0048,BOOK_B,2025-06-11
TXN0008812016,APP009,2025-02-16,failed,112814.96,USD,LATAM,CP0212,BOND,TDR0115,BOOK_C,2026-02-14
TXN0007258317,APP007,2025-04-07,pending,185100.84,JPY,AMER,CP0002,OPTION,TDR0089,BOOK_B,2025-08-03
TXN0001116834,APP004,2025-04-09,active,290203.56,GBP,APAC,CP0208,OPTION,TDR0014,BOOK_A,2025-06-19
TXN0001939393,APP001,2025-02-22,pending,8492.21,EUR,LATAM,CP0171,FX,TDR0103,BOOK_C,2025-02-14
TXN0005319060,APP004,2025-01-11,pending,345582.41,AUD,EMEA,CP0430,BOND,TDR0109,BOOK_A,2026-01-27
TXN0006190069,APP018,2025-05-30,active,17253.49,GBP,EMEA,CP0003,OPTION,TDR0097,BOOK_D,2025-11-01
TXN0008185690,APP010,2025-07-24,pending,137581.25,GBP,LATAM,CP0191,FUTURE,TDR0124,BOOK_B,2025-02-15
TXN0007735933,APP017,2025-07-31,pending,133714.63,USD,APAC,CP0308,SWAP,TDR0007,BOOK_B,2025-12-31
TXN0008591169,APP016,2025-01-23,failed,35830.34,JPY,APAC,CP0041,FUTURE,TDR0127,BOOK_A,2025-08-17
TXN0006407815,APP011,2025-02-26,reversed,791962.15,AUD,AMER,CP0137,BOND,TDR0144,BOOK_C,2025-09-27
TXN0009677315,APP007,2025-08-01,settled,39287.78,CHF,APAC,CP0444,EQUITY,TDR0178,BOOK_D,2025-03-15
TXN0009783199,APP019,2025-11-12,active,127473.92,CHF,EMEA,CP0030,FUTURE,TDR0093,BOOK_D,2025-04-07
TXN0009205676,APP004,2025-02-15,pending,121101.61,GBP,APAC,CP0255,FX,TDR0102,BOOK_B,2025-02-10
TXN0008852258,APP008,2025-04-16,pending,582236.32,JPY,AMER,CP0281,SWAP,TDR0174,BOOK_B,2025-02-04
TXN0003930021,APP008,2025-07-01,active,225386.9,GBP,AMER,CP0100,SWAP,TDR0026,BOOK_B,2025-01-26
TXN0007886450,APP005,2026-01-15,reversed,619748.65,USD,AMER,CP0253,BOND,TDR0123,BOOK_B,2025-12-24
TXN0007482293,APP011,2025-03-27,settled,107696.66,CHF,APAC,CP0104,OPTION,TDR0097,BOOK_C,2026-02-15
TXN0007800066,APP016,2025-06-17,settled,991725.88,GBP,APAC,CP0162,EQUITY,TDR0150,BOOK_B,2025-01-07
TXN0005043082,APP015,2025-11-06,active,514343.81,JPY,AMER,CP0070,SWAP,TDR0138,BOOK_C,2025-07-14
TXN0006481983,APP009,2025-12-01,settled,566836.46,EUR,AMER,CP0048,FUTURE,TDR0167,BOOK_A,2025-08-02
TXN0006056612,APP007,2025-05-11,reversed,767535.16,CHF,EMEA,CP0091,EQUITY,TDR0054,BOOK_B,2025-04-24
TXN0002648816,APP001,2025-07-02,failed,277541.05,CHF,AMER,CP0258,BOND,TDR0061,BOOK_C,2025-04-28
TXN0008536584,APP004,2025-07-30,reversed,851140.16,AUD,LATAM,CP0153,FX,TDR0125,BOOK_B,2026-01-12
TXN0000298120,APP013,2025-11-02,active,442329.12,CHF,AMER,CP0348,OPTION,TDR0100,BOOK_A,2025-11-07
TXN0009638828,APP013,2026-02-14,settled,281968.8,USD,AMER,CP0180,BOND,TDR0023,BOOK_A,2025-01-22
TXN0002167594,APP001,2025-04-09,pending,325536.98,GBP,LATAM,CP0432,SWAP,TDR0161,BOOK_D,2026-02-06
TXN0005597283,APP010,2025-03-14,pending,22759.29,USD,AMER,CP0232,SWAP,TDR0137,BOOK_C,2026-03-29
TXN0009492303,APP011,2026-02-17,reversed,856183.32,CHF,APAC,CP0258,BOND,TDR0077,BOOK_C,2025-07-14
TXN0003362548,APP020,2025-09-06,pending,548049.55,EUR,AMER,CP0129,BOND,TDR0136,BOOK_C,2025-12-17
TXN0009692300,APP020,2025-01-06,failed,177780.02,CHF,AMER,CP0330,OPTION,TDR0118,BOOK_C,2025-12-14
TXN0007249850,APP005,2025-04-15,active,311960.18,USD,EMEA,CP0409,BOND,TDR0154,BOOK_A,2025-05-10
TXN0003922145,APP013,2025-11-06,settled,805729.06,EUR,APAC,CP0177,EQUITY,TDR0128,BOOK_A,2025-05-12
TXN0005595488,APP016,2025-07-19,active,644676.82,USD,AMER,CP0068,EQUITY,TDR0020,BOOK_D,2025-04-25
TXN0009256812,APP011,2025-12-07,pending,168.29,JPY,LATAM,CP0101,SWAP,TDR0100,BOOK_B,2026-02-04
TXN0000871612,APP018,2026-02-26,settled,912804.09,JPY,LATAM,CP0490,EQUITY,TDR0148,BOOK_B,2025-07-11
TXN0009718581,APP005,2025-01-09,settled,811060.69,AUD,EMEA,CP0169,EQUITY,TDR0188,BOOK_D,2025-12-16
TXN0007487533,APP010,2025-05-28,pending,346081.53,CHF,LATAM,CP0051,OPTION,TDR0077,BOOK_A,2026-01-08
TXN0005343202,APP019,2025-03-23,pending,586256.07,JPY,LATAM,CP0362,OPTION,TDR0184,BOOK_A,2025-08-19
TXN0004967012,APP013,2025-03-18,active,345730.71,CHF,APAC,CP0372,SWAP,TDR0029,BOOK_C,2026-01-12
TXN0003918889,APP018,2026-01-14,active,304793.71,USD,APAC,CP0483,FX,TDR0094,BOOK_D,2026-01-23
TXN0001677352,APP011,2025-09-30,pending,122661.19,CHF,LATAM,CP0034,BOND,TDR0173,BOOK_B,2025-09-01
TXN0001894638,APP020,2025-01-20,failed,998028.05,USD,LATAM,CP0447,FUTURE,TDR0052,BOOK_C,2025-10-12
TXN0001321367,APP012,2026-02-09,settled,966429.43,CHF,AMER,CP0408,SWAP,TDR0063,BOOK_B,2025-12-21
TXN0004197627,APP017,2025-05-12,active,508342.35,JPY,EMEA,CP0289,BOND,TDR0098,BOOK_C,2025-05-26
TXN0000369532,APP003,2025-08-08,failed,890074.2,GBP,LATAM,CP0031,EQUITY,TDR0170,BOOK_D,2025-08-04
TXN0005945048,APP006,2026-02-03,failed,670968.36,USD,EMEA,CP0263,OPTION,TDR0045,BOOK_D,2025-01-16
TXN0003815099,APP007,2025-11-14,settled,140246.01,EUR,EMEA,CP0448,OPTION,TDR0135,BOOK_A,2025-08-05
TXN0006176864,APP019,2025-06-14,failed,183561.8,JPY,LATAM,CP0100,FX,TDR0188,BOOK_D,2026-01-05
TXN0006793235,APP009,2025-06-07,pending,969795.57,JPY,AMER,CP0056,OPTION,TDR0110,BOOK_B,2025-05-16
TXN0003675331,APP002,2026-01-17,reversed,847124.34,GBP,EMEA,CP0180,BOND,TDR0178,BOOK_D,2026-01-26
TXN0001483933,APP011,2026-02-01,settled,187040.29,CHF,APAC,CP0133,FUTURE,TDR0015,BOOK_D,2025-04-17
TXN0000283989,APP009,2025-04-29,reversed,453.46,JPY,LATAM,CP0114,BOND,TDR0183,BOOK_C,2025-03-22
TXN0009551078,APP008,2025-01-25,failed,932133.64,JPY,LATAM,CP0342,FUTURE,TDR0182,BOOK_C,2026-01-07
TXN0003058123,APP019,2025-08-27,settled,245786.4,AUD,EMEA,CP0419,FUTURE,TDR0066,BOOK_A,2026-04-03
TXN0002567369,APP002,2025-07-10,settled,705752.79,CHF,AMER,CP0313,FUTURE,TDR0100,BOOK_B,2025-11-23
TXN0008052274,APP003,2025-09-29,settled,186719.37,EUR,LATAM,CP0343,SWAP,TDR0095,BOOK_A,2025-04-13
TXN0003212417,APP005,2025-05-27,settled,436377.4,JPY,LATAM,CP0441,FUTURE,TDR0064,BOOK_C,2026-01-01
TXN0008428234,APP010,2025-12-07,pending,802898.49,AUD,EMEA,CP0466,BOND,TDR0199,BOOK_B,2025-07-14
TXN0003823002,APP001,2025-08-12,pending,497484.07,JPY,APAC,CP0210,FUTURE,TDR0187,BOOK_B,2026-02-27
TXN0009277501,APP020,2025-05-17,failed,24779.17,CHF,LATAM,CP0213,BOND,TDR0113,BOOK_D,2025-07-01
TXN0003388539,APP004,2025-10-11,pending,514717.47,JPY,LATAM,CP0338,FUTURE,TDR0133,BOOK_B,2026-02-04
TXN0008164898,APP020,2025-09-30,settled,704779.78,AUD,EMEA,CP0473,FUTURE,TDR0017,BOOK_D,2025-10-08
TXN0002297721,APP011,2026-03-21,settled,277557.47,USD,EMEA,CP0218,FUTURE,TDR0128,BOOK_C,2025-03-15
TXN0000399294,APP014,2025-08-23,pending,673897.65,EUR,APAC,CP0131,EQUITY,TDR0116,BOOK_D,2025-03-04
TXN0000674613,APP014,2025-09-22,settled,337869.42,EUR,AMER,CP0495,OPTION,TDR0148,BOOK_D,2026-03-24
TXN0006830343,APP006,2025-04-10,settled,333748.22,USD,AMER,CP0109,BOND,TDR0012,BOOK_B,2025-01-07
TXN0008110043,APP012,2025-04-15,failed,928542.01,USD,LATAM,CP0301,SWAP,TDR0002,BOOK_D,2025-05-08
TXN0000790415,APP001,2025-06-30,settled,293335.3,AUD,AMER,CP0093,FX,TDR0186,BOOK_A,2025-11-25
TXN0003893805,APP017,2025-12-12,pending,550928.48,CHF,AMER,CP0131,EQUITY,TDR0090,BOOK_C,2025-10-04
TXN0008797381,APP012,2026-01-26,active,328600.05,AUD,APAC,CP0423,EQUITY,TDR0166,BOOK_C,2025-07-15
TXN0002182552,APP012,2025-08-08,active,272478.01,JPY,EMEA,CP0338,EQUITY,TDR0019,BOOK_D,2026-01-05
TXN0005655018,APP010,2026-01-06,reversed,840956.3,AUD,EMEA,CP0145,OPTION,TDR0046,BOOK_A,2025-03-04
TXN0008303195,APP009,2025-07-08,failed,217775.83,USD,AMER,CP0020,OPTION,TDR0182,BOOK_B,2025-04-29
TXN0009226653,APP009,2025-10-05,failed,25682.66,USD,AMER,CP0233,OPTION,TDR0047,BOOK_C,2026-03-15
TXN0007187240,APP019,2025-07-03,pending,953004.65,CHF,EMEA,CP0363,EQUITY,TDR0187,BOOK_C,2025-04-21
TXN0004496582,APP012,2025-03-09,failed,410181.36,USD,LATAM,CP0173,FX,TDR0198,BOOK_B,2025-05-09
TXN0003959445,APP005,2026-01-12,active,85664.1,EUR,LATAM,CP0298,OPTION,TDR0156,BOOK_D,2025-03-26
TXN0007792065,APP001,2025-03-02,settled,647328.79,AUD,EMEA,CP0191,FUTURE,TDR0102,BOOK_A,2025-12-15
TXN0007020715,APP008,2025-03-26,active,949590.2,GBP,APAC,CP0468,OPTION,TDR0135,BOOK_C,2026-04-13
TXN0004206703,APP020,2026-03-06,reversed,888234.84,USD,AMER,CP0204,EQUITY,TDR0001,BOOK_B,2025-06-25
TXN0005994878,APP002,2026-02-05,pending,915463.33,GBP,LATAM,CP0053,SWAP,TDR0187,BOOK_B,2025-03-22
TXN0009441601,APP015,2026-01-11,active,935624.05,EUR,APAC,CP0376,BOND,TDR0003,BOOK_D,2026-04-09
TXN0005133347,APP007,2025-11-22,pending,676950.49,EUR,LATAM,CP0235,EQUITY,TDR0036,BOOK_A,2025-05-06
TXN0000149497,APP009,2025-05-27,settled,539023.42,CHF,EMEA,CP0442,EQUITY,TDR0159,BOOK_A,2025-05-22
TXN0002234999,APP013,2025-06-19,pending,968629.53,USD,APAC,CP0283,FX,TDR0009,BOOK_C,2025-02-15
TXN0008537346,APP020,2025-07-19,settled,443376.25,AUD,EMEA,CP0151,EQUITY,TDR0105,BOOK_B,2025-10-21
TXN0003746144,APP003,2025-11-04,pending,815965.08,CHF,APAC,CP0310,FUTURE,TDR0180,BOOK_C,2026-03-10
TXN0007124960,APP001,2025-10-18,pending,840525.46,JPY,EMEA,CP0087,SWAP,TDR0130,BOOK_C,2026-03-18
TXN0001671612,APP012,2025-01-05,active,526496.81,JPY,LATAM,CP0293,EQUITY,TDR0179,BOOK_D,2025-10-08
TXN0002304710,APP018,2025-11-15,pending,23790.85,JPY,APAC,CP0039,EQUITY,TDR0058,BOOK_D,2025-07-10
TXN0005113551,APP002,2025-06-08,pending,614446.94,AUD,LATAM,CP0214,FX,TDR0021,BOOK_C,2025-12-22
TXN0000990764,APP005,2025-11-11,settled,592157.39,CHF,LATAM,CP0433,FX,TDR0021,BOOK_B,2025-07-18
TXN0005819811,APP005,2026-03-28,active,749661.18,JPY,LATAM,CP0484,SWAP,TDR0025,BOOK_A,2025-09-28
TXN0005778625,APP012,2025-05-21,reversed,988687.43,GBP,EMEA,CP0484,EQUITY,TDR0052,BOOK_D,2025-02-11
TXN0003169316,APP013,2025-04-23,reversed,615271.8,CHF,LATAM,CP0234,EQUITY,TDR0020,BOOK_B,2026-01-29
TXN0007607222,APP011,2025-03-20,pending,656373.21,USD,EMEA,CP0046,BOND,TDR0163,BOOK_B,2025-09-16
TXN0006816974,APP007,2026-01-04,failed,971102.78,GBP,EMEA,CP0099,FUTURE,TDR0116,BOOK_A,2025-09-06
TXN0003253672,APP004,2026-04-10,reversed,64508.33,USD,LATAM,CP0127,SWAP,TDR0029,BOOK_B,2025-09-03
TXN0009061646,APP004,2025-09-30,settled,159691.25,EUR,AMER,CP0358,FUTURE,TDR0126,BOOK_C,2025-03-14
TXN0003559990,APP001,2025-03-02,failed,799641.15,USD,APAC,CP0200,EQUITY,TDR0167,BOOK_D,2025-06-23
TXN0003262125,APP017,2025-09-10,active,725260.33,CHF,EMEA,CP0118,OPTION,TDR0065,BOOK_A,2026-02-18
TXN0000607251,APP001,2026-01-07,failed,588529.74,EUR,APAC,CP0298,OPTION,TDR0009,BOOK_A,2025-06-09
TXN0002642788,APP011,2025-10-25,settled,64847.16,CHF,EMEA,CP0419,EQUITY,TDR0048,BOOK_D,2025-02-16
TXN0000564850,APP011,2026-01-29,settled,392345.98,AUD,AMER,CP0385,EQUITY,TDR0096,BOOK_C,2025-04-08
TXN0005126198,APP019,2025-10-27,settled,872880.43,AUD,APAC,CP0243,FX,TDR0029,BOOK_C,2026-03-18
TXN0001974848,APP017,2026-03-18,settled,518638.3,USD,APAC,CP0055,SWAP,TDR0189,BOOK_D,2025-12-10
TXN0001629360,APP020,2025-02-20,reversed,812255.18,CHF,EMEA,CP0472,SWAP,TDR0197,BOOK_A,2025-10-10
TXN0005157562,APP012,2026-01-16,settled,876828.58,JPY,EMEA,CP0161,FX,TDR0169,BOOK_D,2025-10-04
TXN0008689606,APP015,2025-05-16,failed,30022.68,EUR,EMEA,CP0330,SWAP,TDR0190,BOOK_B,2026-03-13
TXN0003469521,APP006,2025-08-13,failed,395706.3,CHF,EMEA,CP0271,FX,TDR0008,BOOK_C,2025-09-27
TXN0008887488,APP002,2025-02-04,active,199160.24,JPY,LATAM,CP0101,FUTURE,TDR0137,BOOK_B,2025-07-07
TXN0008285081,APP012,2025-02-24,pending,59227.66,AUD,LATAM,CP0340,FUTURE,TDR0149,BOOK_D,2025-09-07
TXN0005734807,APP010,2025-01-04,reversed,332972.48,JPY,EMEA,CP0089,FX,TDR0164,BOOK_D,2026-01-28
TXN0003244734,APP016,2025-10-08,settled,152906.81,CHF,AMER,CP0417,BOND,TDR0032,BOOK_C,2025-04-11
TXN0005436101,APP006,2025-01-26,settled,24951.22,GBP,EMEA,CP0113,BOND,TDR0005,BOOK_B,2025-06-11
TXN0003127499,APP001,2026-03-08,failed,198397.21,AUD,EMEA,CP0113,OPTION,TDR0191,BOOK_A,2025-01-31
TXN0001130091,APP016,2026-03-06,reversed,16845.08,AUD,EMEA,CP0301,FUTURE,TDR0041,BOOK_B,2025-07-03
TXN0004487406,APP003,2025-05-11,pending,153089.48,JPY,LATAM,CP0039,BOND,TDR0108,BOOK_B,2025-05-29
TXN0009011762,APP014,2025-08-18,reversed,168628.81,JPY,AMER,CP0374,FUTURE,TDR0196,BOOK_B,2025-10-02
TXN0002477525,APP009,2025-02-06,failed,954678.22,GBP,AMER,CP0484,FUTURE,TDR0115,BOOK_B,2025-10-02
TXN0003847114,APP007,2025-11-23,active,9711.9,JPY,LATAM,CP0055,BOND,TDR0099,BOOK_B,2025-08-09
TXN0000932358,APP001,2025-12-20,pending,680524.27,JPY,EMEA,CP0263,FX,TDR0061,BOOK_C,2025-07-15
TXN0002295112,APP019,2025-08-04,pending,554557.77,EUR,AMER,CP0422,EQUITY,TDR0097,BOOK_C,2025-04-07
TXN0003544950,APP015,2026-04-11,pending,152051.79,CHF,APAC,CP0436,OPTION,TDR0024,BOOK_B,2025-12-17
TXN0003917510,APP004,2026-03-29,settled,302820.92,EUR,LATAM,CP0321,SWAP,TDR0155,BOOK_A,2025-06-02
TXN0007801141,APP009,2025-02-18,pending,353902.72,EUR,LATAM,CP0095,FUTURE,TDR0014,BOOK_D,2025-04-25
TXN0009782495,APP015,2026-03-05,failed,325985.05,USD,LATAM,CP0188,FX,TDR0002,BOOK_B,2025-12-19
TXN0008377406,APP012,2025-09-18,settled,364401.59,JPY,LATAM,CP0242,FUTURE,TDR0039,BOOK_B,2025-05-17
TXN0004195098,APP019,2026-01-08,settled,109676.13,JPY,EMEA,CP0431,EQUITY,TDR0182,BOOK_C,2025-02-11
TXN0005345717,APP004,2025-11-05,failed,142598.44,GBP,LATAM,CP0158,FUTURE,TDR0139,BOOK_B,2026-03-26
TXN0001296146,APP014,2025-12-28,pending,988560.45,GBP,AMER,CP0091,FUTURE,TDR0067,BOOK_B,2025-02-18
TXN0003796456,APP008,2025-09-18,active,799044.58,GBP,EMEA,CP0048,FX,TDR0028,BOOK_D,2026-02-28
TXN0002546744,APP017,2025-05-30,reversed,244348.25,JPY,AMER,CP0306,EQUITY,TDR0079,BOOK_D,2025-01-31
TXN0007162469,APP009,2025-06-03,reversed,63801.41,AUD,APAC,CP0442,EQUITY,TDR0142,BOOK_A,2025-04-17
TXN0008604958,APP006,2025-09-07,active,529287.01,GBP,AMER,CP0471,EQUITY,TDR0170,BOOK_A,2025-07-14
TXN0007694239,APP018,2025-09-07,settled,492989.67,USD,EMEA,CP0105,FX,TDR0125,BOOK_B,2025-08-03
TXN0003929089,APP017,2025-02-21,reversed,286244.66,GBP,EMEA,CP0353,FUTURE,TDR0169,BOOK_D,2025-10-15
TXN0002976105,APP020,2025-04-14,failed,643323.82,USD,EMEA,CP0196,OPTION,TDR0102,BOOK_D,2026-03-04
TXN0009860049,APP007,2026-02-08,reversed,48332.88,JPY,EMEA,CP0201,BOND,TDR0093,BOOK_A,2025-04-08
TXN0006683885,APP007,2025-08-11,reversed,556660.15,GBP,EMEA,CP0002,EQUITY,TDR0015,BOOK_D,2025-10-26
TXN0009228285,APP001,2025-12-06,failed,192507.68,GBP,AMER,CP0378,SWAP,TDR0103,BOOK_B,2025-11-13
TXN0002733970,APP007,2025-01-31,active,32883.26,AUD,APAC,CP0407,OPTION,TDR0121,BOOK_A,2025-11-10
TXN0008545124,APP019,2026-01-13,active,554459.33,GBP,LATAM,CP0433,OPTION,TDR0156,BOOK_B,2026-01-06
TXN0000317921,APP007,2025-12-20,reversed,668040.08,CHF,EMEA,CP0039,FX,TDR0057,BOOK_A,2025-04-18
TXN0007123521,APP013,2026-04-04,pending,932773.17,USD,APAC,CP0481,FX,TDR0008,BOOK_D,2025-05-02
TXN0009654115,APP008,2025-12-02,reversed,757131.6,CHF,APAC,CP0249,SWAP,TDR0141,BOOK_A,2025-11-16
TXN0008453299,APP018,2025-04-28,pending,879707.49,AUD,EMEA,CP0429,EQUITY,TDR0106,BOOK_D,2026-02-06
TXN0003998396,APP010,2025-02-10,failed,348727.12,GBP,EMEA,CP0134,BOND,TDR0073,BOOK_C,2025-05-26
TXN0000131895,APP018,2025-10-27,reversed,744738.6,AUD,LATAM,CP0161,EQUITY,TDR0062,BOOK_D,2025-05-21
TXN0009219313,APP007,2026-02-11,reversed,613995.58,EUR,LATAM,CP0418,OPTION,TDR0008,BOOK_A,2025-09-27
TXN0004368904,APP010,2026-02-24,pending,31831.42,USD,EMEA,CP0055,BOND,TDR0042,BOOK_B,2025-12-05
TXN0009780538,APP016,2025-11-05,settled,792292.66,JPY,LATAM,CP0226,OPTION,TDR0150,BOOK_C,2025-05-19
TXN0002229669,APP011,2025-09-03,failed,872151.17,CHF,APAC,CP0437,EQUITY,TDR0174,BOOK_C,2026-01-06
TXN0006926690,APP011,2025-11-30,active,772851.85,CHF,LATAM,CP0450,FX,TDR0135,BOOK_C,2025-05-02
TXN0008947189,APP011,2025-01-06,reversed,19145.82,AUD,APAC,CP0398,FUTURE,TDR0040,BOOK_B,2026-01-01
TXN0005889320,APP012,2026-03-31,reversed,957504.35,AUD,LATAM,CP0058,FUTURE,TDR0055,BOOK_A,2025-09-14
TXN0001242283,APP017,2025-04-24,pending,985343.43,CHF,LATAM,CP0416,EQUITY,TDR0107,BOOK_D,2025-02-12
TXN0006384344,APP005,2025-02-20,pending,551646.85,JPY,APAC,CP0462,FUTURE,TDR0036,BOOK_C,2025-05-23
TXN0001512217,APP009,2025-06-17,active,955996.11,AUD,EMEA,CP0038,FUTURE,TDR0045,BOOK_D,2025-02-03
TXN0002333485,APP005,2026-03-16,failed,443835.73,JPY,EMEA,CP0397,SWAP,TDR0142,BOOK_B,2025-06-05
TXN0000653688,APP019,2026-01-18,pending,293790.53,AUD,APAC,CP0356,FX,TDR0061,BOOK_D,2025-11-24
TXN0007578051,APP007,2025-12-21,active,406430.15,JPY,AMER,CP0412,FX,TDR0040,BOOK_C,2025-02-14
TXN0000607248,APP002,2025-07-27,active,414404.0,JPY,APAC,CP0399,EQUITY,TDR0058,BOOK_B,2025-08-11
TXN0006565958,APP005,2025-10-10,pending,430869.48,JPY,EMEA,CP0409,FUTURE,TDR0004,BOOK_C,2025-07-25
TXN0003917329,APP006,2025-01-11,failed,900081.62,JPY,EMEA,CP0149,OPTION,TDR0123,BOOK_B,2025-10-18
TXN0000841816,APP003,2025-12-23,pending,74336.62,CHF,EMEA,CP0214,BOND,TDR0186,BOOK_B,2025-11-25
TXN0004919297,APP009,2025-01-05,failed,914194.83,EUR,EMEA,CP0230,BOND,TDR0014,BOOK_C,2025-03-10
TXN0001237134,APP003,2026-02-06,settled,696427.06,USD,LATAM,CP0435,FUTURE,TDR0141,BOOK_C,2025-01-06
TXN0006418838,APP020,2026-02-16,settled,446336.62,GBP,LATAM,CP0023,EQUITY,TDR0024,BOOK_D,2025-05-29
TXN0009575710,APP015,2025-11-29,reversed,780451.18,AUD,APAC,CP0153,SWAP,TDR0007,BOOK_D,2025-02-18
TXN0005566771,APP013,2026-03-03,settled,143883.54,AUD,APAC,CP0047,SWAP,TDR0117,BOOK_D,2025-03-29
TXN0009657716,APP001,2026-02-04,active,854606.53,EUR,EMEA,CP0054,FX,TDR0169,BOOK_B,2025-08-24
TXN0007224518,APP002,2025-12-17,reversed,780922.8,JPY,APAC,CP0460,EQUITY,TDR0050,BOOK_D,2025-10-11
TXN0006908465,APP008,2025-03-21,pending,84568.9,EUR,APAC,CP0389,SWAP,TDR0178,BOOK_D,2025-05-03
TXN0006921246,APP018,2025-12-29,pending,522278.46,GBP,LATAM,CP0359,SWAP,TDR0142,BOOK_B,2025-10-05
TXN0008156659,APP017,2026-01-28,active,305225.43,AUD,AMER,CP0333,FUTURE,TDR0162,BOOK_C,2025-07-11
TXN0004116316,APP001,2026-01-23,active,501569.87,USD,APAC,CP0194,BOND,TDR0192,BOOK_C,2025-09-09
TXN0009654569,APP012,2025-07-26,settled,393366.31,JPY,LATAM,CP0031,FUTURE,TDR0036,BOOK_B,2025-07-31
TXN0004406402,APP003,2025-11-20,failed,152100.94,USD,EMEA,CP0297,OPTION,TDR0122,BOOK_A,2026-01-15
TXN0003472360,APP012,2025-10-17,failed,252869.35,JPY,LATAM,CP0404,FX,TDR0090,BOOK_D,2025-08-15
TXN0005457028,APP018,2025-01-05,reversed,214484.75,AUD,AMER,CP0438,OPTION,TDR0098,BOOK_D,2025-06-02
TXN0008952913,APP020,2025-10-27,failed,6581.45,EUR,AMER,CP0077,FUTURE,TDR0160,BOOK_B,2025-02-11
TXN0002556009,APP015,2025-11-23,settled,282431.24,AUD,AMER,CP0290,EQUITY,TDR0180,BOOK_A,2025-08-20
TXN0009048834,APP016,2025-10-13,settled,625243.37,GBP,APAC,CP0092,SWAP,TDR0176,BOOK_C,2025-06-20
TXN0003418849,APP017,2025-08-07,pending,59627.3,AUD,APAC,CP0074,SWAP,TDR0059,BOOK_A,2025-11-27
TXN0001737459,APP004,2025-12-14,active,181131.62,JPY,EMEA,CP0274,BOND,TDR0036,BOOK_D,2025-10-21
TXN0001605215,APP013,2025-10-03,reversed,18478.49,USD,APAC,CP0041,FX,TDR0032,BOOK_C,2025-10-01
TXN0004467469,APP011,2026-03-11,active,758573.92,GBP,LATAM,CP0487,FX,TDR0021,BOOK_B,2025-03-28
TXN0003187986,APP004,2025-11-23,settled,841414.5,USD,EMEA,CP0069,BOND,TDR0065,BOOK_D,2025-07-31
TXN0009217151,APP001,2025-12-19,pending,340554.06,CHF,AMER,CP0247,OPTION,TDR0037,BOOK_B,2025-09-22
TXN0006990404,APP009,2025-07-28,pending,35597.38,GBP,LATAM,CP0070,EQUITY,TDR0115,BOOK_A,2025-11-24
TXN0009136392,APP003,2025-12-03,pending,218063.44,EUR,AMER,CP0273,SWAP,TDR0094,BOOK_C,2026-02-06
TXN0006871093,APP013,2025-03-09,pending,916614.07,JPY,AMER,CP0160,FX,TDR0152,BOOK_B,2026-03-27
TXN0001614881,APP006,2026-01-23,pending,944397.34,EUR,AMER,CP0355,FX,TDR0030,BOOK_B,2025-03-31
TXN0005605462,APP014,2026-01-04,settled,988226.58,EUR,AMER,CP0243,EQUITY,TDR0009,BOOK_C,2025-07-09
TXN0008383646,APP013,2025-11-07,settled,99765.46,EUR,AMER,CP0303,SWAP,TDR0147,BOOK_B,2025-01-07
TXN0003019788,APP013,2025-10-01,failed,358656.84,AUD,AMER,CP0034,FUTURE,TDR0008,BOOK_B,2025-12-21
TXN0007476785,APP006,2026-03-09,settled,413863.0,JPY,AMER,CP0144,OPTION,TDR0048,BOOK_A,2025-06-17
TXN0003158260,APP007,2025-04-05,pending,788868.82,AUD,LATAM,CP0158,FX,TDR0150,BOOK_C,2025-09-27
TXN0003599358,APP006,2025-01-29,active,221169.89,AUD,APAC,CP0276,EQUITY,TDR0083,BOOK_A,2025-12-07
TXN0009098637,APP008,2025-08-22,pending,286067.52,CHF,LATAM,CP0285,FX,TDR0040,BOOK_B,2025-09-03
TXN0008651812,APP004,2025-03-10,active,990884.29,GBP,LATAM,CP0119,BOND,TDR0028,BOOK_A,2026-03-31
TXN0000135520,APP010,2026-02-27,active,696509.97,USD,LATAM,CP0495,SWAP,TDR0078,BOOK_A,2025-10-23
TXN0009652996,APP004,2025-06-07,pending,374725.67,AUD,LATAM,CP0406,SWAP,TDR0149,BOOK_D,2025-06-18
TXN0003860430,APP001,2025-08-06,settled,356151.12,JPY,EMEA,CP0320,SWAP,TDR0161,BOOK_A,2026-02-06
TXN0000966570,APP001,2025-02-19,reversed,331956.6,USD,LATAM,CP0221,EQUITY,TDR0025,BOOK_B,2025-10-18
TXN0001913440,APP016,2025-04-15,reversed,366830.57,USD,APAC,CP0270,OPTION,TDR0155,BOOK_C,2025-08-06
TXN0003636851,APP015,2025-04-27,active,901741.84,EUR,AMER,CP0021,SWAP,TDR0122,BOOK_D,2025-11-29
TXN0000404288,APP016,2025-12-31,reversed,885717.47,USD,LATAM,CP0309,FX,TDR0085,BOOK_D,2025-10-31
TXN0000886675,APP015,2025-08-08,failed,869929.39,JPY,LATAM,CP0365,SWAP,TDR0033,BOOK_A,2025-08-10
TXN0008905867,APP011,2025-08-13,pending,624625.1,CHF,APAC,CP0448,BOND,TDR0119,BOOK_A,2026-03-22
TXN0006940818,APP014,2025-10-10,reversed,457069.22,JPY,LATAM,CP0025,BOND,TDR0018,BOOK_D,2025-08-30
TXN0009091759,APP019,2025-11-13,pending,987131.87,CHF,LATAM,CP0139,BOND,TDR0188,BOOK_C,2025-06-12
TXN0001919459,APP020,2025-05-21,pending,40722.3,USD,AMER,CP0039,SWAP,TDR0030,BOOK_C,2025-01-01
TXN0007635974,APP006,2025-12-12,failed,351553.04,CHF,LATAM,CP0354,SWAP,TDR0155,BOOK_D,2026-01-23
TXN0001122884,APP011,2025-01-19,active,49389.31,JPY,LATAM,CP0223,BOND,TDR0128,BOOK_D,2025-04-12
TXN0003903266,APP009,2025-05-19,active,698098.63,AUD,AMER,CP0120,SWAP,TDR0091,BOOK_B,2025-10-02
TXN0002514175,APP010,2025-08-24,reversed,180284.39,EUR,APAC,CP0037,FX,TDR0120,BOOK_D,2025-07-17
TXN0008784669,APP001,2025-12-13,active,489370.1,USD,AMER,CP0490,OPTION,TDR0111,BOOK_B,2026-03-15
TXN0002199906,APP020,2025-10-17,pending,961132.09,CHF,APAC,CP0469,OPTION,TDR0095,BOOK_B,2026-04-05
TXN0004876029,APP004,2025-12-16,pending,675673.31,AUD,APAC,CP0294,FX,TDR0026,BOOK_C,2026-02-19
TXN0007464611,APP016,2025-07-18,failed,725284.75,AUD,EMEA,CP0153,FUTURE,TDR0018,BOOK_B,2025-09-24
TXN0008105535,APP008,2025-01-17,pending,684379.05,GBP,EMEA,CP0161,SWAP,TDR0038,BOOK_B,2025-02-09
TXN0005654167,APP007,2026-01-10,pending,133742.93,GBP,AMER,CP0065,FUTURE,TDR0081,BOOK_A,2025-04-13
TXN0000655439,APP004,2025-09-04,failed,770344.25,CHF,EMEA,CP0221,SWAP,TDR0101,BOOK_C,2025-02-11
TXN0008760617,APP019,2025-09-07,settled,119144.83,EUR,EMEA,CP0441,BOND,TDR0195,BOOK_B,2025-09-29
TXN0006365950,APP006,2026-03-09,pending,877577.46,JPY,LATAM,CP0017,EQUITY,TDR0041,BOOK_C,2026-01-10
TXN0008001263,APP013,2025-01-07,pending,750459.08,GBP,EMEA,CP0322,EQUITY,TDR0183,BOOK_A,2025-06-07
TXN0001926732,APP011,2025-07-12,active,144819.35,JPY,APAC,CP0135,FUTURE,TDR0036,BOOK_B,2025-06-02
TXN0005265477,APP009,2025-04-22,pending,621077.67,USD,APAC,CP0389,OPTION,TDR0195,BOOK_D,2025-10-04
TXN0009435056,APP018,2026-02-19,pending,367454.51,AUD,LATAM,CP0263,SWAP,TDR0186,BOOK_C,2025-11-18
TXN0009872018,APP008,2026-04-04,active,904707.26,EUR,LATAM,CP0192,BOND,TDR0174,BOOK_C,2025-11-28
TXN0001440247,APP013,2025-10-20,pending,822708.96,CHF,AMER,CP0017,FUTURE,TDR0137,BOOK_D,2025-03-29
TXN0004532702,APP004,2026-01-27,reversed,476952.98,AUD,AMER,CP0259,FX,TDR0014,BOOK_D,2025-11-30
TXN0005532683,APP018,2025-03-27,reversed,487881.81,AUD,LATAM,CP0284,EQUITY,TDR0170,BOOK_B,2025-07-29
TXN0000700975,APP020,2025-01-06,reversed,249046.17,EUR,LATAM,CP0242,SWAP,TDR0041,BOOK_C,2026-01-13
TXN0003300407,APP013,2026-02-26,active,996484.53,AUD,AMER,CP0472,FUTURE,TDR0077,BOOK_B,2025-08-03
TXN0007483591,APP007,2025-02-23,settled,765693.17,JPY,LATAM,CP0124,FUTURE,TDR0093,BOOK_D,2025-04-24
TXN0008162500,APP019,2026-03-18,settled,385113.41,AUD,EMEA,CP0219,EQUITY,TDR0095,BOOK_A,2025-01-15
TXN0006026432,APP004,2025-05-29,reversed,615820.58,JPY,EMEA,CP0279,SWAP,TDR0068,BOOK_B,2025-03-07
TXN0006136315,APP009,2025-04-03,reversed,228364.63,EUR,APAC,CP0148,EQUITY,TDR0084,BOOK_B,2025-08-17
TXN0007834566,APP002,2025-05-17,settled,339768.59,USD,LATAM,CP0262,FX,TDR0025,BOOK_A,2025-11-21
TXN0003860179,APP007,2025-03-21,pending,848602.91,JPY,APAC,CP0364,OPTION,TDR0088,BOOK_A,2025-11-14
TXN0001807363,APP011,2026-03-15,reversed,264041.79,JPY,EMEA,CP0078,BOND,TDR0021,BOOK_A,2025-08-13
TXN0006142322,APP012,2026-01-19,pending,160167.96,GBP,EMEA,CP0015,SWAP,TDR0095,BOOK_C,2025-12-29
TXN0004515335,APP008,2025-08-26,failed,678961.03,GBP,LATAM,CP0027,OPTION,TDR0093,BOOK_A,2025-01-03
TXN0000005852,APP002,2025-07-31,reversed,208960.41,GBP,EMEA,CP0414,FX,TDR0041,BOOK_B,2025-03-27
TXN0009166518,APP009,2025-02-23,pending,422925.12,EUR,AMER,CP0060,SWAP,TDR0080,BOOK_A,2025-02-18
TXN0000127751,APP008,2025-12-07,reversed,523789.65,EUR,AMER,CP0172,SWAP,TDR0018,BOOK_D,2025-10-15
TXN0000522452,APP013,2025-11-25,failed,775542.87,EUR,EMEA,CP0203,SWAP,TDR0145,BOOK_A,2025-03-02
TXN0001866179,APP013,2025-06-29,pending,317366.59,JPY,EMEA,CP0067,EQUITY,TDR0055,BOOK_C,2025-12-25
TXN0002297989,APP002,2025-11-12,reversed,455680.5,AUD,AMER,CP0142,BOND,TDR0125,BOOK_C,2026-02-21
TXN0002222892,APP020,2025-09-13,active,754967.91,EUR,LATAM,CP0311,BOND,TDR0017,BOOK_D,2025-11-23
TXN0006593157,APP020,2025-05-11,active,917276.05,CHF,AMER,CP0381,FX,TDR0055,BOOK_C,2025-07-23
TXN0003749436,APP011,2025-05-11,failed,139154.14,GBP,AMER,CP0085,FUTURE,TDR0079,BOOK_C,2025-03-09
TXN0004039853,APP018,2025-05-08,pending,81629.44,JPY,APAC,CP0287,BOND,TDR0024,BOOK_A,2025-08-30
TXN0007245502,APP007,2025-02-16,settled,113920.25,CHF,LATAM,CP0482,FUTURE,TDR0134,BOOK_B,2026-01-20
TXN0006851537,APP015,2025-05-03,settled,224454.75,JPY,AMER,CP0265,EQUITY,TDR0177,BOOK_A,2025-08-09
TXN0001933023,APP011,2025-09-26,reversed,965007.1,USD,LATAM,CP0393,EQUITY,TDR0159,BOOK_C,2025-08-01
TXN0007421884,APP011,2025-04-15,failed,728934.61,AUD,LATAM,CP0215,SWAP,TDR0087,BOOK_C,2025-12-25
TXN0007322466,APP009,2026-03-04,reversed,682515.63,GBP,EMEA,CP0136,FX,TDR0144,BOOK_C,2025-04-26
TXN0009079831,APP015,2025-07-14,active,80657.59,CHF,APAC,CP0185,OPTION,TDR0189,BOOK_A,2025-02-14
TXN0007929318,APP007,2026-03-22,active,664589.33,CHF,EMEA,CP0157,FX,TDR0012,BOOK_A,2026-03-09
TXN0005825281,APP005,2026-01-01,settled,954342.2,JPY,EMEA,CP0458,FUTURE,TDR0162,BOOK_C,2026-01-17
TXN0002738950,APP003,2026-02-27,active,202939.07,JPY,APAC,CP0312,OPTION,TDR0109,BOOK_B,2025-04-24
TXN0006927093,APP016,2026-01-25,failed,74448.08,USD,EMEA,CP0401,OPTION,TDR0157,BOOK_D,2025-03-20
TXN0005673605,APP011,2025-03-10,pending,753426.51,EUR,AMER,CP0329,SWAP,TDR0185,BOOK_B,2025-12-11
TXN0002258489,APP019,2026-04-09,pending,902593.49,USD,LATAM,CP0046,OPTION,TDR0121,BOOK_B,2025-11-30
TXN0005087612,APP019,2025-11-05,pending,910330.01,EUR,LATAM,CP0409,EQUITY,TDR0114,BOOK_B,2025-03-02
TXN0000421145,APP005,2026-01-18,settled,988612.4,AUD,AMER,CP0059,BOND,TDR0026,BOOK_C,2026-02-25
TXN0005588480,APP016,2025-08-14,failed,726903.1,GBP,EMEA,CP0448,OPTION,TDR0119,BOOK_C,2025-06-10
TXN0006559584,APP006,2026-01-12,reversed,361269.7,GBP,LATAM,CP0466,BOND,TDR0073,BOOK_D,2025-03-29
TXN0001437115,APP012,2025-06-09,active,306659.5,EUR,APAC,CP0274,OPTION,TDR0178,BOOK_D,2026-02-21
TXN0002648015,APP006,2026-02-13,pending,606235.83,USD,AMER,CP0048,FUTURE,TDR0105,BOOK_C,2025-06-10
TXN0009013380,APP003,2026-04-12,pending,958045.35,GBP,LATAM,CP0141,FX,TDR0045,BOOK_B,2025-03-20
TXN0009963369,APP020,2025-07-05,pending,15433.09,USD,AMER,CP0205,FUTURE,TDR0119,BOOK_A,2025-10-29
TXN0007677192,APP012,2025-03-08,settled,384886.18,EUR,APAC,CP0315,FUTURE,TDR0180,BOOK_B,2025-03-24
TXN0002033083,APP001,2025-09-18,settled,842582.85,AUD,LATAM,CP0382,FX,TDR0006,BOOK_A,2026-01-26
TXN0009478358,APP005,2025-02-28,active,278147.11,EUR,LATAM,CP0371,BOND,TDR0074,BOOK_B,2026-01-16
TXN0003992124,APP008,2025-09-18,failed,130790.16,AUD,LATAM,CP0299,FX,TDR0097,BOOK_D,2026-01-14
TXN0006082453,APP017,2025-12-24,failed,225911.27,JPY,APAC,CP0310,FUTURE,TDR0040,BOOK_A,2025-05-02
TXN0003630082,APP011,2025-09-21,settled,542035.37,EUR,LATAM,CP0427,BOND,TDR0131,BOOK_D,2026-01-20
TXN0004508928,APP016,2025-11-29,pending,477828.14,EUR,AMER,CP0002,FUTURE,TDR0041,BOOK_B,2025-01-14
TXN0004187890,APP015,2026-03-13,settled,250457.07,GBP,LATAM,CP0470,SWAP,TDR0196,BOOK_A,2026-04-06
TXN0002741457,APP001,2025-08-03,failed,572416.64,USD,AMER,CP0107,FX,TDR0039,BOOK_D,2025-03-31
TXN0008977067,APP015,2025-01-11,pending,963072.22,USD,AMER,CP0057,FX,TDR0095,BOOK_D,2025-03-24
TXN0001541498,APP020,2025-01-09,reversed,224929.21,JPY,EMEA,CP0086,EQUITY,TDR0051,BOOK_A,2025-09-27
TXN0001376529,APP015,2026-04-11,failed,929054.49,GBP,AMER,CP0399,SWAP,TDR0020,BOOK_D,2025-03-24
TXN0007557823,APP018,2026-01-28,failed,93328.45,GBP,AMER,CP0449,EQUITY,TDR0084,BOOK_B,2025-03-10
TXN0007045566,APP007,2025-09-20,pending,497508.95,GBP,AMER,CP0384,FX,TDR0064,BOOK_A,2025-04-12
TXN0002815729,APP015,2025-03-27,pending,100260.48,JPY,LATAM,CP0422,FUTURE,TDR0138,BOOK_D,2025-09-29
TXN0004018262,APP020,2026-01-02,settled,628383.94,GBP,LATAM,CP0238,BOND,TDR0134,BOOK_B,2025-12-05
TXN0001478576,APP013,2025-01-25,failed,610951.79,CHF,LATAM,CP0208,OPTION,TDR0034,BOOK_C,2026-03-26
TXN0001562680,APP020,2026-01-24,pending,497039.8,CHF,APAC,CP0048,BOND,TDR0154,BOOK_D,2025-03-19
TXN0005579370,APP003,2025-07-13,reversed,628289.95,CHF,LATAM,CP0385,FUTURE,TDR0059,BOOK_D,2025-08-09
TXN0008131382,APP020,2026-01-23,settled,971381.78,AUD,AMER,CP0259,OPTION,TDR0157,BOOK_C,2025-07-27
TXN0002669491,APP017,2026-01-10,reversed,562497.96,AUD,APAC,CP0137,FUTURE,TDR0107,BOOK_D,2025-02-23
TXN0000869320,APP013,2025-06-30,active,925804.78,CHF,LATAM,CP0021,EQUITY,TDR0079,BOOK_D,2026-03-28
TXN0009155185,APP006,2025-03-11,pending,946255.93,CHF,APAC,CP0206,SWAP,TDR0069,BOOK_B,2026-03-02
TXN0007013337,APP017,2026-03-04,pending,761696.83,USD,APAC,CP0271,FX,TDR0096,BOOK_C,2025-04-20
TXN0008319527,APP017,2026-03-02,reversed,708520.74,CHF,APAC,CP0020,SWAP,TDR0072,BOOK_C,2025-12-26
TXN0006273234,APP011,2026-03-21,failed,658533.17,AUD,AMER,CP0106,FUTURE,TDR0120,BOOK_D,2026-01-26
TXN0004251548,APP013,2025-11-28,settled,544822.97,USD,LATAM,CP0398,EQUITY,TDR0002,BOOK_A,2025-08-03
TXN0008299907,APP020,2025-02-08,settled,814433.53,GBP,AMER,CP0448,EQUITY,TDR0041,BOOK_C,2025-04-04
TXN0003340958,APP014,2025-03-06,reversed,778827.67,JPY,APAC,CP0362,FX,TDR0129,BOOK_C,2025-02-05
TXN0002064736,APP004,2025-10-24,reversed,734288.25,JPY,EMEA,CP0141,FUTURE,TDR0038,BOOK_C,2025-09-26
TXN0008771543,APP013,2025-10-14,failed,568077.93,JPY,APAC,CP0229,SWAP,TDR0156,BOOK_C,2026-02-26
TXN0008535454,APP007,2025-05-30,pending,560398.6,AUD,LATAM,CP0098,EQUITY,TDR0165,BOOK_B,2026-02-08
TXN0007343786,APP020,2026-02-28,failed,582479.8,AUD,EMEA,CP0144,BOND,TDR0165,BOOK_B,2025-02-01
TXN0008641595,APP009,2025-04-15,pending,956778.84,GBP,EMEA,CP0135,FUTURE,TDR0039,BOOK_A,2025-03-27
TXN0009377370,APP011,2025-06-20,settled,893700.61,EUR,EMEA,CP0200,BOND,TDR0197,BOOK_B,2026-04-10
TXN0009317269,APP011,2025-02-23,settled,575791.64,AUD,EMEA,CP0304,FUTURE,TDR0047,BOOK_D,2025-12-20
TXN0008660322,APP012,2025-02-18,reversed,645725.14,EUR,AMER,CP0221,FUTURE,TDR0050,BOOK_D,2025-06-19
TXN0006639073,APP003,2025-07-05,pending,215938.55,CHF,LATAM,CP0368,FUTURE,TDR0097,BOOK_C,2026-04-05
TXN0005355352,APP005,2025-09-11,failed,344957.13,AUD,LATAM,CP0305,FUTURE,TDR0076,BOOK_B,2025-06-25
TXN0009634810,APP002,2025-06-03,pending,442100.29,AUD,LATAM,CP0036,FX,TDR0087,BOOK_D,2026-03-13
TXN0000581475,APP018,2025-07-17,settled,792803.03,CHF,EMEA,CP0215,OPTION,TDR0142,BOOK_B,2025-06-05
TXN0004516315,APP015,2026-01-06,failed,304078.35,JPY,AMER,CP0383,FX,TDR0171,BOOK_C,2026-01-13
TXN0001015557,APP012,2025-10-23,pending,877065.54,USD,LATAM,CP0033,FX,TDR0173,BOOK_A,2026-01-22
TXN0001772054,APP008,2025-03-15,active,212881.73,GBP,APAC,CP0417,FUTURE,TDR0143,BOOK_B,2026-02-24
TXN0008468651,APP018,2025-07-29,active,11127.98,GBP,AMER,CP0139,OPTION,TDR0024,BOOK_D,2026-03-30
TXN0009062214,APP009,2025-02-28,reversed,155751.04,AUD,LATAM,CP0324,EQUITY,TDR0144,BOOK_B,2025-01-29
TXN0000277757,APP001,2026-03-06,settled,986036.03,GBP,AMER,CP0023,EQUITY,TDR0192,BOOK_D,2026-02-26
TXN0008795617,APP018,2025-11-02,settled,973713.03,EUR,LATAM,CP0102,SWAP,TDR0188,BOOK_A,2026-01-16
TXN0005033703,APP010,2025-01-15,active,648790.96,CHF,LATAM,CP0348,FUTURE,TDR0104,BOOK_C,2025-09-18
TXN0001143812,APP004,2026-02-25,settled,452449.72,GBP,LATAM,CP0109,SWAP,TDR0188,BOOK_D,2025-12-14
TXN0000511645,APP010,2025-04-25,failed,705389.05,USD,APAC,CP0392,FX,TDR0007,BOOK_A,2025-08-19
TXN0006974683,APP014,2025-05-14,failed,831120.18,USD,AMER,CP0499,FX,TDR0098,BOOK_D,2025-01-01
TXN0001602152,APP016,2025-06-08,active,601209.82,JPY,LATAM,CP0037,SWAP,TDR0094,BOOK_D,2025-11-15
TXN0002402265,APP018,2025-12-04,pending,892486.02,USD,EMEA,CP0446,FUTURE,TDR0158,BOOK_C,2025-09-04
TXN0002881978,APP004,2025-09-28,failed,543237.69,AUD,AMER,CP0298,BOND,TDR0185,BOOK_C,2025-05-01
TXN0006328607,APP014,2025-11-26,settled,450798.05,GBP,AMER,CP0236,OPTION,TDR0177,BOOK_A,2025-07-22
TXN0000757811,APP007,2025-04-24,pending,706543.51,GBP,APAC,CP0434,EQUITY,TDR0009,BOOK_B,2025-11-14
TXN0004988041,APP008,2025-08-16,settled,431923.34,AUD,EMEA,CP0209,FUTURE,TDR0121,BOOK_B,2026-02-14
TXN0009394323,APP011,2025-02-18,settled,579722.62,EUR,EMEA,CP0100,EQUITY,TDR0175,BOOK_A,2025-10-06
TXN0001061828,APP009,2025-01-06,failed,495322.18,AUD,APAC,CP0242,SWAP,TDR0016,BOOK_D,2025-08-07
TXN0001432712,APP012,2026-04-06,settled,654329.62,AUD,APAC,CP0257,OPTION,TDR0167,BOOK_A,2026-04-06
TXN0008364038,APP015,2025-05-26,settled,145293.98,EUR,AMER,CP0001,FX,TDR0003,BOOK_C,2025-09-14
TXN0008129814,APP004,2026-01-23,failed,880499.55,USD,APAC,CP0106,SWAP,TDR0162,BOOK_D,2025-02-10
TXN0003799561,APP013,2026-01-28,settled,860395.54,AUD,EMEA,CP0153,EQUITY,TDR0018,BOOK_C,2025-08-13
TXN0009496503,APP007,2025-03-18,failed,875608.05,JPY,APAC,CP0212,SWAP,TDR0053,BOOK_B,2026-01-30
TXN0004543799,APP014,2026-03-22,active,437325.6,CHF,EMEA,CP0212,EQUITY,TDR0028,BOOK_D,2025-10-04
TXN0001284230,APP009,2025-09-04,reversed,534442.86,GBP,AMER,CP0065,EQUITY,TDR0123,BOOK_D,2025-01-25
TXN0008316022,APP011,2025-04-22,settled,793829.21,EUR,APAC,CP0380,OPTION,TDR0014,BOOK_C,2025-03-02
TXN0004635790,APP016,2026-02-15,active,827753.21,USD,APAC,CP0326,OPTION,TDR0093,BOOK_C,2025-08-31
TXN0005174122,APP009,2025-06-14,reversed,991886.73,GBP,LATAM,CP0386,SWAP,TDR0136,BOOK_C,2025-09-02
TXN0008771502,APP019,2025-09-10,pending,330159.93,GBP,LATAM,CP0100,FX,TDR0070,BOOK_C,2025-03-21
TXN0005386476,APP019,2025-08-21,failed,213035.05,GBP,LATAM,CP0010,OPTION,TDR0054,BOOK_B,2025-08-02
TXN0000372818,APP006,2025-07-30,reversed,947448.27,GBP,LATAM,CP0261,SWAP,TDR0011,BOOK_A,2025-08-04
TXN0003240909,APP008,2025-12-14,active,291055.74,JPY,APAC,CP0335,FUTURE,TDR0184,BOOK_D,2025-06-21
TXN0004200941,APP003,2025-12-20,reversed,13430.47,EUR,LATAM,CP0227,BOND,TDR0003,BOOK_C,2025-03-04
TXN0002648476,APP011,2026-01-26,failed,247168.44,GBP,APAC,CP0497,EQUITY,TDR0128,BOOK_B,2025-11-13
TXN0007510588,APP015,2026-03-05,active,334421.74,AUD,AMER,CP0313,FUTURE,TDR0005,BOOK_A,2025-12-02
TXN0004752280,APP012,2025-07-08,active,772644.67,GBP,LATAM,CP0276,SWAP,TDR0072,BOOK_C,2025-04-07
TXN0008989832,APP008,2026-04-05,failed,531535.08,GBP,LATAM,CP0187,SWAP,TDR0032,BOOK_B,2025-03-26
TXN0003377339,APP019,2025-06-18,failed,880366.66,JPY,EMEA,CP0207,BOND,TDR0034,BOOK_B,2025-11-09
TXN0002249729,APP012,2025-01-15,pending,87239.13,JPY,APAC,CP0391,FX,TDR0060,BOOK_D,2025-02-07
TXN0003175140,APP017,2025-06-06,settled,928645.45,CHF,APAC,CP0208,FX,TDR0080,BOOK_D,2025-12-23
TXN0005923716,APP006,2025-04-02,failed,581123.58,GBP,EMEA,CP0436,OPTION,TDR0071,BOOK_B,2026-02-27
TXN0005836246,APP020,2025-11-17,pending,331165.37,JPY,EMEA,CP0174,FUTURE,TDR0002,BOOK_B,2025-08-02
TXN0002599746,APP018,2025-09-02,settled,36060.19,JPY,EMEA,CP0194,FUTURE,TDR0155,BOOK_B,2025-05-20
TXN0006041508,APP009,2025-02-24,failed,535997.26,GBP,AMER,CP0041,EQUITY,TDR0149,BOOK_A,2025-03-22
TXN0000654519,APP003,2025-01-20,active,954665.34,USD,AMER,CP0485,EQUITY,TDR0001,BOOK_A,2026-02-06
TXN0006760998,APP018,2025-08-17,settled,307560.37,EUR,AMER,CP0353,BOND,TDR0163,BOOK_A,2025-11-21
TXN0009377627,APP011,2026-03-08,failed,843287.84,EUR,EMEA,CP0181,OPTION,TDR0056,BOOK_B,2025-05-03
TXN0005081066,APP014,2025-03-27,active,228851.51,AUD,LATAM,CP0232,OPTION,TDR0180,BOOK_B,2025-05-25
TXN0001587297,APP001,2025-03-21,failed,443353.34,EUR,EMEA,CP0419,OPTION,TDR0038,BOOK_B,2025-03-09
TXN0009881251,APP001,2025-11-29,settled,234085.75,AUD,APAC,CP0378,BOND,TDR0009,BOOK_D,2025-11-26
TXN0000824512,APP010,2025-06-22,active,341836.36,AUD,EMEA,CP0410,FX,TDR0112,BOOK_D,2025-06-01
TXN0002687326,APP012,2025-10-01,active,575697.01,CHF,APAC,CP0327,BOND,TDR0123,BOOK_A,2025-09-30
TXN0000301492,APP019,2025-03-24,pending,891193.14,EUR,LATAM,CP0207,SWAP,TDR0047,BOOK_D,2025-04-02
TXN0004221661,APP013,2025-12-30,active,928230.79,USD,EMEA,CP0002,FUTURE,TDR0043,BOOK_D,2025-11-25
TXN0005487455,APP003,2025-07-31,reversed,531284.07,GBP,EMEA,CP0233,FX,TDR0015,BOOK_A,2025-08-08
TXN0004699727,APP017,2025-08-08,pending,223467.2,GBP,LATAM,CP0484,FUTURE,TDR0002,BOOK_A,2026-03-23
TXN0005691494,APP014,2026-02-20,active,844734.16,GBP,EMEA,CP0169,OPTION,TDR0085,BOOK_D,2025-05-15
TXN0005155841,APP004,2025-12-01,active,628783.28,JPY,LATAM,CP0445,BOND,TDR0196,BOOK_A,2026-04-04
TXN0008391615,APP018,2025-02-28,active,410061.89,JPY,APAC,CP0289,EQUITY,TDR0079,BOOK_A,2025-12-20
TXN0003248820,APP006,2026-04-02,settled,97622.75,JPY,LATAM,CP0001,FX,TDR0184,BOOK_D,2025-11-30
TXN0007044250,APP001,2025-09-12,reversed,123731.3,AUD,LATAM,CP0357,EQUITY,TDR0092,BOOK_B,2025-03-26
TXN0005860066,APP012,2025-02-12,settled,690246.2,JPY,LATAM,CP0087,BOND,TDR0076,BOOK_B,2025-12-02
TXN0009796982,APP020,2025-10-10,settled,497782.05,EUR,LATAM,CP0492,EQUITY,TDR0099,BOOK_D,2025-08-06
TXN0009712511,APP007,2025-06-19,pending,461590.25,USD,EMEA,CP0231,EQUITY,TDR0009,BOOK_D,2025-02-23
TXN0004854606,APP004,2025-08-12,active,251520.18,GBP,AMER,CP0305,BOND,TDR0166,BOOK_A,2025-06-01
TXN0002027466,APP012,2025-12-31,settled,563852.61,AUD,LATAM,CP0078,OPTION,TDR0149,BOOK_D,2025-10-21
TXN0000319883,APP007,2025-03-15,active,631882.91,JPY,APAC,CP0293,EQUITY,TDR0172,BOOK_A,2025-08-18
TXN0003447481,APP018,2025-01-14,active,346295.47,USD,APAC,CP0301,EQUITY,TDR0131,BOOK_C,2025-01-31
TXN0006062899,APP009,2025-04-09,failed,527717.32,EUR,LATAM,CP0381,FUTURE,TDR0089,BOOK_C,2025-09-14
TXN0008260996,APP001,2025-08-30,pending,332401.04,CHF,APAC,CP0335,FX,TDR0052,BOOK_B,2025-10-16
TXN0002422264,APP003,2026-01-13,reversed,100990.02,EUR,LATAM,CP0037,BOND,TDR0109,BOOK_A,2025-07-31
TXN0001138225,APP013,2025-08-30,reversed,129496.12,GBP,AMER,CP0461,FX,TDR0013,BOOK_D,2025-02-02
TXN0009208451,APP020,2026-03-31,active,616782.22,AUD,APAC,CP0353,BOND,TDR0038,BOOK_A,2025-08-05
TXN0000033837,APP013,2025-01-10,failed,155676.61,GBP,EMEA,CP0370,FX,TDR0105,BOOK_A,2025-11-28
TXN0006477971,APP010,2025-08-28,reversed,551631.31,JPY,AMER,CP0497,FUTURE,TDR0062,BOOK_A,2025-02-06
TXN0000243939,APP005,2026-02-24,pending,949892.11,AUD,APAC,CP0094,SWAP,TDR0186,BOOK_D,2026-03-29
TXN0003246156,APP019,2025-03-02,pending,218661.14,AUD,LATAM,CP0319,FX,TDR0116,BOOK_B,2025-01-31
TXN0005519938,APP012,2025-11-08,pending,222001.48,GBP,EMEA,CP0232,BOND,TDR0134,BOOK_C,2026-02-21
TXN0000341571,APP015,2026-03-30,settled,679137.33,GBP,LATAM,CP0455,FX,TDR0093,BOOK_C,2025-08-22
TXN0007597098,APP009,2025-07-08,pending,21536.01,USD,AMER,CP0366,BOND,TDR0073,BOOK_D,2025-03-18
TXN0007352596,APP001,2025-04-23,active,390965.18,JPY,EMEA,CP0130,FUTURE,TDR0043,BOOK_A,2026-04-04
TXN0006259380,APP015,2025-05-13,settled,297998.81,CHF,APAC,CP0386,SWAP,TDR0060,BOOK_B,2026-04-01
TXN0008950246,APP015,2025-09-27,failed,663876.86,JPY,APAC,CP0242,SWAP,TDR0041,BOOK_C,2025-01-26
TXN0005360123,APP008,2026-02-12,active,120344.08,USD,AMER,CP0051,EQUITY,TDR0011,BOOK_A,2025-11-11
TXN0009277668,APP018,2025-11-08,failed,389139.56,GBP,APAC,CP0122,FUTURE,TDR0140,BOOK_C,2025-06-14
TXN0005717718,APP017,2025-01-10,active,687230.18,GBP,APAC,CP0333,SWAP,TDR0085,BOOK_A,2025-11-13
TXN0003205291,APP005,2026-02-03,failed,837890.26,CHF,APAC,CP0392,FUTURE,TDR0171,BOOK_B,2026-01-26
TXN0004772379,APP002,2025-04-28,active,355661.62,USD,EMEA,CP0354,BOND,TDR0044,BOOK_B,2025-08-30
TXN0005891733,APP014,2025-04-09,pending,884209.99,CHF,EMEA,CP0132,FUTURE,TDR0010,BOOK_C,2025-05-19
TXN0008089907,APP011,2025-08-06,reversed,990267.49,USD,AMER,CP0044,FUTURE,TDR0132,BOOK_D,2025-10-07
TXN0006738774,APP011,2026-01-21,pending,608882.76,USD,AMER,CP0011,OPTION,TDR0115,BOOK_A,2025-02-10
TXN0006091153,APP003,2025-01-02,pending,514405.18,GBP,AMER,CP0013,FUTURE,TDR0171,BOOK_B,2026-02-04
TXN0000783944,APP009,2025-03-15,settled,998137.45,JPY,LATAM,CP0202,BOND,TDR0060,BOOK_B,2026-01-23
TXN0004602523,APP018,2025-11-24,pending,843833.87,EUR,AMER,CP0356,SWAP,TDR0085,BOOK_C,2025-04-04
TXN0005658526,APP014,2025-05-07,active,285976.66,AUD,EMEA,CP0275,FUTURE,TDR0014,BOOK_C,2025-01-01
TXN0001111259,APP008,2025-02-16,reversed,481048.88,CHF,EMEA,CP0063,FUTURE,TDR0180,BOOK_A,2025-11-08
TXN0000326283,APP016,2026-02-16,reversed,217708.74,EUR,APAC,CP0281,OPTION,TDR0102,BOOK_B,2025-11-24
TXN0000245080,APP006,2025-04-08,pending,53036.19,AUD,LATAM,CP0156,FX,TDR0014,BOOK_C,2026-04-13
TXN0000697839,APP016,2025-08-05,reversed,446681.86,CHF,AMER,CP0441,BOND,TDR0070,BOOK_C,2025-02-15
TXN0009615707,APP003,2025-11-07,pending,972049.91,CHF,AMER,CP0116,BOND,TDR0037,BOOK_A,2025-11-03
TXN0005271214,APP001,2025-09-23,settled,810566.36,AUD,AMER,CP0379,OPTION,TDR0154,BOOK_B,2026-04-05
TXN0006786708,APP014,2025-07-18,failed,3538.03,EUR,APAC,CP0416,FX,TDR0067,BOOK_B,2025-09-20
TXN0007295304,APP002,2025-12-27,active,812090.12,USD,LATAM,CP0496,FUTURE,TDR0102,BOOK_C,2025-05-04
TXN0002049126,APP013,2025-05-26,pending,721388.31,AUD,AMER,CP0421,FUTURE,TDR0126,BOOK_C,2025-02-12
TXN0001882134,APP010,2026-03-08,settled,870639.12,CHF,AMER,CP0370,EQUITY,TDR0153,BOOK_A,2026-02-01
TXN0007752122,APP002,2025-09-28,settled,749639.53,USD,LATAM,CP0412,BOND,TDR0166,BOOK_C,2025-07-14
TXN0001148831,APP016,2026-02-16,reversed,488824.98,GBP,AMER,CP0178,BOND,TDR0057,BOOK_C,2025-08-22
TXN0002780206,APP007,2025-02-07,pending,201491.98,GBP,APAC,CP0424,FUTURE,TDR0124,BOOK_B,2025-09-08
TXN0000647313,APP013,2025-07-23,active,410896.46,EUR,AMER,CP0101,FX,TDR0071,BOOK_B,2025-07-23
TXN0006982180,APP015,2025-09-16,pending,240734.33,GBP,LATAM,CP0256,FUTURE,TDR0179,BOOK_B,2025-12-10
TXN0006028807,APP017,2025-01-01,failed,956677.58,AUD,APAC,CP0412,EQUITY,TDR0093,BOOK_D,2026-02-26
TXN0008932933,APP014,2025-09-07,failed,676005.64,EUR,EMEA,CP0298,OPTION,TDR0152,BOOK_A,2025-09-30
TXN0001399455,APP007,2025-08-08,active,926294.39,JPY,AMER,CP0466,SWAP,TDR0113,BOOK_D,2025-01-24
TXN0004443241,APP018,2025-09-30,reversed,307391.38,USD,AMER,CP0250,FX,TDR0185,BOOK_C,2025-12-18
TXN0005398915,APP016,2026-01-05,reversed,8235.17,JPY,EMEA,CP0407,OPTION,TDR0133,BOOK_D,2026-02-06
TXN0008647637,APP017,2026-03-27,reversed,453772.91,CHF,APAC,CP0138,OPTION,TDR0030,BOOK_D,2025-06-13
TXN0006002251,APP014,2026-02-06,pending,414306.24,EUR,APAC,CP0145,FUTURE,TDR0082,BOOK_C,2026-04-12
TXN0007204900,APP007,2025-08-08,settled,802416.93,USD,LATAM,CP0385,FX,TDR0130,BOOK_A,2025-07-08
TXN0006573586,APP017,2025-10-02,reversed,737835.31,USD,LATAM,CP0105,FX,TDR0184,BOOK_B,2025-02-06
TXN0007774157,APP016,2025-01-27,reversed,165007.04,JPY,APAC,CP0125,EQUITY,TDR0193,BOOK_D,2025-01-09
TXN0004233090,APP008,2026-03-12,settled,808946.23,EUR,APAC,CP0049,FX,TDR0010,BOOK_C,2025-07-02
TXN0001293926,APP007,2025-04-15,pending,288142.6,USD,AMER,CP0406,EQUITY,TDR0065,BOOK_A,2025-03-20
TXN0005285976,APP017,2025-10-17,failed,997769.49,EUR,APAC,CP0008,BOND,TDR0151,BOOK_A,2025-11-05
TXN0009284378,APP002,2025-11-20,reversed,846992.48,CHF,AMER,CP0048,BOND,TDR0022,BOOK_A,2025-04-01
TXN0003387298,APP009,2025-01-29,pending,614360.38,JPY,LATAM,CP0494,SWAP,TDR0062,BOOK_C,2025-04-30
TXN0000390026,APP002,2025-03-06,pending,197223.46,AUD,AMER,CP0376,SWAP,TDR0029,BOOK_C,2025-05-21
TXN0001203294,APP001,2025-05-20,active,853658.54,EUR,APAC,CP0116,BOND,TDR0053,BOOK_D,2025-05-21
TXN0007356708,APP007,2026-01-24,pending,372491.36,CHF,LATAM,CP0291,OPTION,TDR0083,BOOK_D,2025-08-13
TXN0001531490,APP015,2025-06-13,settled,217093.6,EUR,LATAM,CP0465,EQUITY,TDR0097,BOOK_C,2025-03-10
TXN0008315558,APP009,2025-07-20,settled,352734.61,AUD,LATAM,CP0185,BOND,TDR0176,BOOK_D,2025-12-14
TXN0006740738,APP008,2026-01-14,reversed,810253.12,GBP,EMEA,CP0106,FUTURE,TDR0015,BOOK_C,2025-10-27
TXN0000032296,APP011,2025-07-27,failed,352873.61,GBP,EMEA,CP0217,SWAP,TDR0121,BOOK_B,2025-09-27
TXN0007079314,APP015,2025-09-28,pending,570432.14,AUD,AMER,CP0380,EQUITY,TDR0070,BOOK_D,2026-02-24
TXN0001588985,APP019,2025-06-25,settled,784020.41,CHF,EMEA,CP0146,FX,TDR0085,BOOK_B,2025-08-06
TXN0001511215,APP011,2026-02-02,pending,781706.09,EUR,EMEA,CP0103,FUTURE,TDR0094,BOOK_A,2025-09-06
TXN0000668026,APP015,2025-04-19,reversed,957539.22,JPY,APAC,CP0362,FUTURE,TDR0109,BOOK_D,2026-03-30
TXN0000405429,APP005,2025-07-13,failed,888943.26,AUD,EMEA,CP0359,OPTION,TDR0146,BOOK_C,2026-03-05
TXN0008975835,APP020,2025-09-28,reversed,652940.98,USD,EMEA,CP0369,OPTION,TDR0001,BOOK_D,2025-05-13
TXN0001056673,APP005,2025-09-21,pending,585001.77,GBP,LATAM,CP0223,BOND,TDR0092,BOOK_B,2025-09-30
TXN0006191744,APP001,2025-05-13,pending,668460.78,CHF,EMEA,CP0483,SWAP,TDR0114,BOOK_D,2025-10-07
TXN0000965191,APP012,2025-03-26,settled,574780.22,GBP,LATAM,CP0376,OPTION,TDR0121,BOOK_A,2026-01-27
TXN0009539594,APP015,2025-07-16,pending,56511.72,AUD,LATAM,CP0461,EQUITY,TDR0005,BOOK_B,2025-07-18
TXN0001226054,APP013,2025-01-12,failed,547982.0,GBP,AMER,CP0213,FUTURE,TDR0177,BOOK_C,2025-01-09
TXN0005515813,APP008,2025-11-11,failed,325282.15,CHF,LATAM,CP0237,OPTION,TDR0016,BOOK_C,2025-10-16
TXN0002055776,APP018,2026-04-07,settled,179155.56,GBP,APAC,CP0322,BOND,TDR0029,BOOK_D,2026-01-10
TXN0004835152,APP007,2025-12-08,settled,959395.64,GBP,LATAM,CP0073,SWAP,TDR0165,BOOK_D,2025-08-26
TXN0000147806,APP013,2025-10-25,failed,635138.46,AUD,LATAM,CP0200,FX,TDR0032,BOOK_B,2026-03-19
TXN0001382106,APP012,2025-02-12,settled,873230.6,EUR,AMER,CP0102,FX,TDR0134,BOOK_C,2025-01-30
TXN0000657562,APP020,2025-03-13,pending,656317.75,JPY,LATAM,CP0493,EQUITY,TDR0072,BOOK_D,2026-03-14
TXN0006466333,APP017,2025-01-09,pending,96834.05,GBP,EMEA,CP0224,EQUITY,TDR0176,BOOK_D,2026-02-20
TXN0001505760,APP006,2025-06-17,failed,11425.07,GBP,LATAM,CP0264,FUTURE,TDR0198,BOOK_B,2025-09-30
TXN0005697960,APP018,2025-05-11,pending,885689.97,JPY,EMEA,CP0093,BOND,TDR0187,BOOK_D,2025-10-22
TXN0003660041,APP008,2026-02-24,settled,345353.48,AUD,APAC,CP0137,SWAP,TDR0069,BOOK_B,2026-02-01
TXN0001345425,APP004,2025-02-06,settled,952575.24,CHF,EMEA,CP0099,FX,TDR0031,BOOK_C,2026-03-06
TXN0007351088,APP015,2025-09-17,active,398517.59,JPY,LATAM,CP0084,SWAP,TDR0006,BOOK_A,2026-01-24
TXN0009325310,APP005,2026-01-31,failed,547701.45,AUD,APAC,CP0427,OPTION,TDR0042,BOOK_C,2025-11-27
TXN0007608670,APP010,2025-01-10,active,965662.52,EUR,EMEA,CP0147,OPTION,TDR0103,BOOK_C,2025-12-19
TXN0001510047,APP014,2025-07-01,failed,601720.61,AUD,APAC,CP0311,OPTION,TDR0035,BOOK_D,2025-01-19
TXN0001437406,APP019,2025-04-12,reversed,818526.94,GBP,EMEA,CP0130,EQUITY,TDR0073,BOOK_B,2025-04-06
TXN0009351345,APP003,2026-01-09,settled,120300.06,CHF,EMEA,CP0478,BOND,TDR0028,BOOK_C,2025-03-20
TXN0004904865,APP020,2025-09-03,pending,649700.96,USD,AMER,CP0189,FX,TDR0199,BOOK_C,2025-08-15
TXN0000607581,APP018,2026-03-14,active,5484.69,JPY,EMEA,CP0271,EQUITY,TDR0010,BOOK_A,2025-11-10
TXN0003047851,APP020,2025-01-30,failed,893887.5,JPY,EMEA,CP0144,FX,TDR0197,BOOK_B,2025-04-28
TXN0009243766,APP001,2025-06-14,pending,820688.96,AUD,APAC,CP0425,OPTION,TDR0039,BOOK_D,2025-07-14
TXN0001611039,APP010,2026-03-24,settled,513202.79,CHF,LATAM,CP0259,SWAP,TDR0108,BOOK_A,2025-01-14
TXN0008765239,APP002,2025-06-21,failed,493187.65,USD,LATAM,CP0051,FUTURE,TDR0101,BOOK_C,2025-12-30
TXN0007397046,APP006,2025-01-09,failed,332319.31,GBP,AMER,CP0127,OPTION,TDR0190,BOOK_C,2025-03-24
TXN0007359458,APP009,2026-04-05,active,823571.3,AUD,LATAM,CP0019,BOND,TDR0198,BOOK_A,2026-03-28
TXN0009649209,APP008,2025-09-11,failed,266635.37,USD,APAC,CP0302,SWAP,TDR0161,BOOK_C,2026-02-19
TXN0003590756,APP013,2025-09-08,active,292211.9,USD,APAC,CP0008,SWAP,TDR0184,BOOK_A,2025-08-11
TXN0008373203,APP015,2025-07-23,settled,52810.4,CHF,APAC,CP0496,SWAP,TDR0198,BOOK_D,2026-03-16
TXN0000717549,APP007,2026-04-11,active,8048.98,JPY,LATAM,CP0269,BOND,TDR0077,BOOK_A,2026-01-27
TXN0006688155,APP004,2025-08-29,failed,960783.58,CHF,APAC,CP0132,BOND,TDR0195,BOOK_C,2025-05-18
TXN0003749756,APP019,2025-01-01,reversed,198907.94,EUR,APAC,CP0229,SWAP,TDR0039,BOOK_B,2025-06-25
TXN0003978945,APP017,2025-05-09,active,336434.61,EUR,APAC,CP0244,OPTION,TDR0151,BOOK_B,2025-08-25
TXN0007007461,APP001,2025-01-04,settled,305330.73,USD,EMEA,CP0489,BOND,TDR0136,BOOK_C,2025-04-20
TXN0001529240,APP010,2025-11-27,active,421645.67,EUR,APAC,CP0085,BOND,TDR0085,BOOK_B,2025-04-15
TXN0005541690,APP016,2025-06-16,pending,878263.67,AUD,LATAM,CP0328,EQUITY,TDR0102,BOOK_D,2025-04-20
TXN0009220938,APP005,2025-04-28,failed,209365.33,EUR,LATAM,CP0424,FX,TDR0111,BOOK_A,2025-11-24
TXN0000597113,APP017,2025-06-24,settled,949085.46,GBP,AMER,CP0434,FX,TDR0137,BOOK_D,2026-03-25
TXN0004409627,APP009,2025-06-08,settled,760343.35,JPY,APAC,CP0200,FX,TDR0158,BOOK_A,2025-02-06
TXN0004151478,APP019,2026-01-13,failed,247376.95,EUR,EMEA,CP0049,BOND,TDR0024,BOOK_C,2026-02-03
TXN0007615004,APP019,2025-03-01,failed,478900.84,USD,APAC,CP0354,SWAP,TDR0112,BOOK_A,2025-11-16
TXN0005454242,APP018,2025-07-22,active,963614.24,CHF,EMEA,CP0396,EQUITY,TDR0034,BOOK_C,2025-10-29
TXN0001432407,APP008,2025-08-27,reversed,284560.15,JPY,EMEA,CP0314,SWAP,TDR0146,BOOK_C,2026-03-03
TXN0001343750,APP013,2025-07-08,active,736261.28,JPY,EMEA,CP0042,BOND,TDR0051,BOOK_B,2026-04-13
TXN0004602901,APP020,2025-04-14,pending,606446.76,GBP,EMEA,CP0064,SWAP,TDR0157,BOOK_B,2025-06-22
TXN0006383503,APP015,2025-10-12,reversed,801645.53,AUD,LATAM,CP0480,EQUITY,TDR0153,BOOK_D,2025-06-18
TXN0006562875,APP012,2026-04-02,settled,941545.21,JPY,LATAM,CP0209,FX,TDR0125,BOOK_C,2025-01-26
TXN0003969334,APP012,2025-02-25,failed,207632.05,AUD,APAC,CP0500,EQUITY,TDR0010,BOOK_D,2025-12-04
TXN0003889364,APP012,2025-05-19,failed,780208.41,EUR,APAC,CP0176,OPTION,TDR0061,BOOK_C,2025-04-09
TXN0000221434,APP020,2025-11-16,reversed,864334.94,USD,EMEA,CP0036,BOND,TDR0134,BOOK_C,2025-01-27
TXN0001741496,APP010,2025-10-22,failed,187007.71,EUR,EMEA,CP0326,EQUITY,TDR0147,BOOK_D,2025-12-09
TXN0003537281,APP018,2025-07-18,active,89711.23,CHF,APAC,CP0397,FUTURE,TDR0038,BOOK_D,2026-04-01
TXN0007015663,APP015,2025-12-26,settled,600695.15,JPY,APAC,CP0281,OPTION,TDR0137,BOOK_A,2025-08-03
TXN0008984495,APP014,2026-02-13,pending,524102.26,CHF,EMEA,CP0132,OPTION,TDR0175,BOOK_C,2025-07-15
TXN0001692642,APP012,2026-02-18,reversed,273228.46,GBP,EMEA,CP0290,OPTION,TDR0156,BOOK_D,2025-11-24
TXN0002537730,APP012,2025-07-26,active,172653.85,AUD,EMEA,CP0252,OPTION,TDR0071,BOOK_B,2025-09-03
TXN0000995848,APP009,2025-04-07,failed,351646.04,AUD,LATAM,CP0473,EQUITY,TDR0010,BOOK_C,2025-07-05
TXN0009012925,APP017,2025-11-15,pending,698520.9,GBP,APAC,CP0194,BOND,TDR0073,BOOK_C,2025-06-27
TXN0007925492,APP002,2025-06-14,settled,929055.35,AUD,APAC,CP0325,SWAP,TDR0143,BOOK_D,2026-02-11
TXN0009402913,APP009,2025-08-13,failed,482032.39,AUD,EMEA,CP0292,BOND,TDR0016,BOOK_A,2025-06-05
TXN0001463530,APP006,2025-04-26,reversed,246248.19,JPY,APAC,CP0274,SWAP,TDR0049,BOOK_B,2026-01-29
TXN0008596205,APP016,2026-01-19,settled,506184.16,AUD,LATAM,CP0492,EQUITY,TDR0161,BOOK_A,2025-10-11
TXN0007531977,APP007,2025-07-29,active,15686.9,AUD,AMER,CP0375,SWAP,TDR0115,BOOK_B,2025-01-07
TXN0006720709,APP008,2025-07-02,settled,238340.2,USD,EMEA,CP0055,BOND,TDR0149,BOOK_A,2025-12-25
TXN0001893560,APP004,2025-05-07,reversed,554192.08,USD,LATAM,CP0047,SWAP,TDR0066,BOOK_D,2025-10-12
TXN0001513012,APP003,2025-09-08,pending,495325.73,EUR,EMEA,CP0096,SWAP,TDR0096,BOOK_D,2025-11-07
TXN0003992585,APP007,2025-12-07,pending,361170.65,CHF,LATAM,CP0240,FX,TDR0022,BOOK_D,2026-03-28
TXN0001028527,APP003,2026-01-24,pending,2400.99,USD,LATAM,CP0435,OPTION,TDR0003,BOOK_C,2026-01-08
TXN0008968686,APP007,2025-12-16,failed,26375.42,EUR,APAC,CP0035,FX,TDR0099,BOOK_B,2025-06-01
TXN0007995657,APP016,2026-03-23,active,699140.08,JPY,APAC,CP0394,SWAP,TDR0009,BOOK_A,2026-01-29
TXN0008911223,APP011,2025-09-21,settled,367874.98,EUR,EMEA,CP0030,SWAP,TDR0189,BOOK_C,2025-12-27
TXN0008828761,APP012,2025-01-03,settled,27003.84,GBP,EMEA,CP0231,FX,TDR0111,BOOK_A,2025-03-05
TXN0000191881,APP019,2026-01-17,settled,886555.68,AUD,AMER,CP0308,BOND,TDR0141,BOOK_B,2026-03-28
TXN0007616094,APP001,2025-09-14,failed,149330.45,USD,LATAM,CP0369,BOND,TDR0074,BOOK_D,2026-02-19
TXN0003964180,APP020,2025-05-12,active,415628.09,AUD,LATAM,CP0212,OPTION,TDR0145,BOOK_C,2025-04-17
TXN0008497778,APP011,2025-04-28,reversed,573750.9,EUR,LATAM,CP0418,FUTURE,TDR0028,BOOK_B,2025-11-16
TXN0005112156,APP018,2025-08-06,failed,75492.48,GBP,LATAM,CP0057,BOND,TDR0129,BOOK_D,2026-01-14
TXN0006532297,APP011,2025-04-06,active,175204.2,GBP,EMEA,CP0157,BOND,TDR0177,BOOK_C,2026-03-10
TXN0007372966,APP007,2025-11-02,pending,66221.07,EUR,AMER,CP0388,EQUITY,TDR0092,BOOK_A,2026-03-20
TXN0003826752,APP019,2025-11-17,active,516342.33,CHF,APAC,CP0183,SWAP,TDR0076,BOOK_A,2025-07-27
TXN0000779114,APP008,2026-03-27,active,37813.89,CHF,AMER,CP0221,SWAP,TDR0029,BOOK_B,2025-01-22
TXN0006901815,APP008,2025-02-17,settled,331850.32,USD,APAC,CP0438,BOND,TDR0096,BOOK_C,2025-10-26
TXN0001974821,APP013,2025-01-18,pending,34721.34,JPY,AMER,CP0224,OPTION,TDR0026,BOOK_D,2025-05-31
TXN0000352964,APP014,2025-08-14,failed,698747.46,GBP,AMER,CP0074,FX,TDR0165,BOOK_D,2025-06-01
TXN0008890756,APP019,2025-03-16,reversed,813692.44,GBP,LATAM,CP0190,OPTION,TDR0088,BOOK_A,2026-04-09
TXN0004163053,APP003,2025-11-30,active,645696.78,JPY,EMEA,CP0286,BOND,TDR0151,BOOK_A,2026-04-12
TXN0001774926,APP015,2025-06-24,reversed,149909.7,GBP,EMEA,CP0410,BOND,TDR0114,BOOK_A,2025-07-24
TXN0009387984,APP015,2025-03-12,failed,580145.04,JPY,APAC,CP0149,EQUITY,TDR0011,BOOK_D,2025-10-26
TXN0000527492,APP004,2025-07-15,pending,258582.93,CHF,EMEA,CP0100,FX,TDR0077,BOOK_D,2025-12-29
TXN0003560052,APP016,2025-04-25,reversed,323741.3,GBP,LATAM,CP0356,SWAP,TDR0166,BOOK_A,2025-07-13
TXN0007041526,APP019,2025-11-11,active,505898.06,AUD,APAC,CP0389,OPTION,TDR0186,BOOK_D,2026-04-14
TXN0001885317,APP003,2026-02-19,settled,56278.9,GBP,AMER,CP0118,SWAP,TDR0042,BOOK_C,2025-10-08
TXN0005953555,APP013,2026-03-21,reversed,319223.02,AUD,EMEA,CP0084,FX,TDR0119,BOOK_C,2025-09-25
TXN0001531546,APP015,2026-01-28,reversed,45735.07,GBP,LATAM,CP0107,FUTURE,TDR0141,BOOK_B,2025-01-25
TXN0002454394,APP010,2025-06-04,failed,853668.89,CHF,LATAM,CP0236,OPTION,TDR0072,BOOK_D,2025-09-19
TXN0004496540,APP012,2025-02-18,active,836820.24,AUD,LATAM,CP0410,BOND,TDR0016,BOOK_B,2025-10-05
TXN0003911670,APP003,2025-10-04,active,673756.53,EUR,LATAM,CP0495,OPTION,TDR0141,BOOK_A,2025-06-04
TXN0001275587,APP019,2026-04-05,failed,615874.9,EUR,LATAM,CP0029,BOND,TDR0068,BOOK_A,2025-10-24
TXN0007193147,APP013,2025-08-08,reversed,342562.84,JPY,AMER,CP0408,EQUITY,TDR0101,BOOK_A,2026-03-26
TXN0002972722,APP014,2025-09-14,settled,184404.26,GBP,AMER,CP0061,FUTURE,TDR0082,BOOK_A,2025-09-01
TXN0004987662,APP005,2026-01-16,failed,735868.87,JPY,AMER,CP0387,OPTION,TDR0089,BOOK_D,2026-03-01
TXN0007649713,APP015,2025-04-01,pending,349732.95,EUR,AMER,CP0023,BOND,TDR0053,BOOK_A,2025-07-10
TXN0004202585,APP008,2025-01-22,pending,583828.41,EUR,APAC,CP0078,OPTION,TDR0118,BOOK_B,2026-02-04
TXN0005204560,APP005,2025-09-19,pending,218040.57,USD,LATAM,CP0161,SWAP,TDR0181,BOOK_A,2025-11-19
TXN0004839169,APP004,2026-02-16,reversed,495423.12,EUR,APAC,CP0126,BOND,TDR0131,BOOK_C,2025-03-10
TXN0001757407,APP005,2025-12-04,settled,873838.9,GBP,AMER,CP0344,BOND,TDR0149,BOOK_D,2025-10-10
TXN0008849121,APP018,2025-11-21,reversed,148921.65,EUR,LATAM,CP0483,FUTURE,TDR0095,BOOK_B,2026-01-20
TXN0002616186,APP007,2025-09-30,reversed,604200.44,AUD,APAC,CP0047,OPTION,TDR0023,BOOK_A,2025-04-06
TXN0007812184,APP011,2025-10-23,settled,698692.85,GBP,LATAM,CP0294,SWAP,TDR0032,BOOK_B,2025-08-29
TXN0005024656,APP013,2025-10-14,settled,721819.36,AUD,EMEA,CP0486,BOND,TDR0050,BOOK_D,2025-02-20
TXN0004837776,APP008,2025-08-07,active,579260.95,GBP,LATAM,CP0452,FUTURE,TDR0125,BOOK_B,2026-03-09
TXN0001630642,APP014,2026-02-26,pending,568029.37,GBP,EMEA,CP0387,OPTION,TDR0190,BOOK_A,2025-05-12
TXN0000973059,APP011,2026-02-02,failed,917970.05,GBP,AMER,CP0339,FX,TDR0141,BOOK_A,2025-07-05
TXN0006763605,APP018,2025-02-22,failed,99535.03,GBP,APAC,CP0195,EQUITY,TDR0072,BOOK_C,2026-01-21
TXN0004664330,APP014,2025-03-29,settled,692196.58,GBP,LATAM,CP0100,FUTURE,TDR0091,BOOK_B,2026-01-13
TXN0009115656,APP008,2026-02-12,failed,166395.18,JPY,AMER,CP0496,EQUITY,TDR0180,BOOK_D,2025-09-14
TXN0000263036,APP006,2025-01-25,reversed,641650.67,GBP,LATAM,CP0332,BOND,TDR0131,BOOK_A,2025-06-15
TXN0003784597,APP001,2025-11-02,pending,302222.09,GBP,AMER,CP0183,FX,TDR0161,BOOK_A,2025-10-30
TXN0003274434,APP007,2025-05-28,settled,166225.14,CHF,APAC,CP0288,OPTION,TDR0153,BOOK_A,2025-08-22
TXN0009946504,APP007,2025-10-19,pending,501735.71,JPY,LATAM,CP0034,EQUITY,TDR0013,BOOK_C,2025-03-22
TXN0006995907,APP019,2025-11-27,pending,997903.95,AUD,AMER,CP0233,FUTURE,TDR0007,BOOK_C,2025-11-10
TXN0007940192,APP015,2026-03-03,active,624206.2,AUD,AMER,CP0482,OPTION,TDR0152,BOOK_C,2025-01-04
TXN0001458082,APP006,2025-12-07,active,826932.39,EUR,APAC,CP0347,FUTURE,TDR0015,BOOK_B,2025-02-27
TXN0003109398,APP004,2025-09-19,reversed,213573.79,EUR,AMER,CP0232,OPTION,TDR0140,BOOK_B,2025-07-03
TXN0000935249,APP020,2025-07-27,reversed,604470.35,GBP,APAC,CP0057,SWAP,TDR0047,BOOK_C,2025-08-06
TXN0002421336,APP010,2025-04-03,active,948956.87,CHF,AMER,CP0395,EQUITY,TDR0027,BOOK_D,2025-03-23
TXN0009687745,APP001,2025-12-01,reversed,333751.54,CHF,EMEA,CP0097,OPTION,TDR0107,BOOK_C,2025-10-08
TXN0009300063,APP018,2025-02-24,reversed,833130.25,USD,EMEA,CP0457,FUTURE,TDR0113,BOOK_A,2025-05-18
TXN0000537005,APP005,2025-03-11,pending,257061.93,JPY,APAC,CP0209,FUTURE,TDR0014,BOOK_B,2025-04-26
TXN0002974598,APP004,2025-03-22,settled,838492.45,EUR,LATAM,CP0165,FX,TDR0034,BOOK_C,2026-01-09
TXN0009747363,APP007,2026-01-23,failed,335025.91,AUD,APAC,CP0411,SWAP,TDR0083,BOOK_B,2025-01-12
TXN0001434516,APP011,2025-04-01,pending,925621.29,AUD,APAC,CP0238,OPTION,TDR0003,BOOK_D,2026-03-25
TXN0002943782,APP012,2025-07-05,reversed,872878.7,USD,APAC,CP0262,EQUITY,TDR0044,BOOK_D,2026-03-29
TXN0005353507,APP016,2025-05-07,active,226623.87,JPY,APAC,CP0281,SWAP,TDR0016,BOOK_C,2025-09-24
TXN0006053369,APP005,2026-04-03,settled,754247.7,AUD,AMER,CP0261,SWAP,TDR0052,BOOK_B,2025-10-09
TXN0003030965,APP013,2025-09-27,active,774580.7,USD,LATAM,CP0045,EQUITY,TDR0024,BOOK_D,2026-03-04
TXN0002652002,APP004,2025-11-16,pending,895466.32,EUR,LATAM,CP0125,SWAP,TDR0180,BOOK_C,2025-02-03
TXN0006512594,APP005,2025-11-13,active,731223.92,EUR,AMER,CP0302,OPTION,TDR0032,BOOK_C,2025-07-04
TXN0004583136,APP014,2025-08-27,active,361078.45,GBP,APAC,CP0280,BOND,TDR0156,BOOK_A,2025-03-25
TXN0004755183,APP017,2026-01-09,failed,358611.74,GBP,AMER,CP0462,OPTION,TDR0022,BOOK_D,2025-09-06
TXN0005255300,APP011,2026-02-13,active,661241.66,CHF,EMEA,CP0193,EQUITY,TDR0065,BOOK_A,2025-02-08
TXN0008600673,APP007,2025-12-15,settled,192847.41,CHF,AMER,CP0498,SWAP,TDR0081,BOOK_D,2025-07-07
TXN0001875139,APP020,2025-12-09,settled,207485.22,GBP,EMEA,CP0099,FUTURE,TDR0052,BOOK_D,2025-12-27
TXN0006743576,APP018,2025-03-07,pending,941507.65,CHF,LATAM,CP0023,BOND,TDR0030,BOOK_B,2025-11-26
TXN0006043251,APP011,2025-03-02,active,615198.66,AUD,EMEA,CP0393,EQUITY,TDR0048,BOOK_C,2026-02-04
TXN0006073660,APP005,2026-04-10,settled,11503.8,USD,AMER,CP0442,SWAP,TDR0144,BOOK_D,2026-02-08
TXN0005024663,APP019,2025-01-12,settled,617050.86,CHF,AMER,CP0408,BOND,TDR0181,BOOK_D,2025-07-17
TXN0005430613,APP016,2025-04-12,active,129085.02,EUR,LATAM,CP0118,FUTURE,TDR0136,BOOK_D,2026-02-02
TXN0005773111,APP007,2025-05-02,settled,848241.63,EUR,EMEA,CP0166,SWAP,TDR0060,BOOK_D,2025-04-15
TXN0003173917,APP019,2025-11-06,pending,717889.47,GBP,LATAM,CP0234,FUTURE,TDR0115,BOOK_B,2025-12-08
TXN0000420700,APP003,2025-03-18,failed,25218.82,CHF,EMEA,CP0312,EQUITY,TDR0123,BOOK_B,2025-09-24
TXN0001579882,APP017,2025-07-07,failed,165915.09,AUD,LATAM,CP0126,BOND,TDR0199,BOOK_D,2025-07-11
TXN0007148107,APP008,2026-02-11,failed,553331.09,GBP,APAC,CP0235,FUTURE,TDR0028,BOOK_D,2025-05-31
TXN0009896067,APP011,2025-08-14,reversed,144699.47,GBP,APAC,CP0184,FX,TDR0167,BOOK_B,2025-07-12
TXN0008261262,APP012,2025-07-15,active,102799.38,GBP,EMEA,CP0307,FX,TDR0054,BOOK_B,2026-02-03
TXN0009704421,APP001,2025-09-09,active,38038.27,AUD,LATAM,CP0367,FUTURE,TDR0113,BOOK_A,2025-07-26
TXN0003205060,APP003,2025-08-14,pending,133906.84,USD,EMEA,CP0492,SWAP,TDR0126,BOOK_A,2026-04-12
TXN0002080773,APP011,2025-02-17,pending,493092.79,JPY,EMEA,CP0473,OPTION,TDR0109,BOOK_D,2025-10-01
TXN0009941892,APP015,2026-01-17,reversed,243310.36,CHF,EMEA,CP0380,SWAP,TDR0135,BOOK_A,2025-02-17
TXN0003108772,APP005,2025-04-15,settled,937288.79,GBP,APAC,CP0057,FUTURE,TDR0056,BOOK_A,2026-03-02
TXN0002551615,APP008,2025-10-29,failed,504833.46,JPY,AMER,CP0425,FUTURE,TDR0012,BOOK_C,2025-04-19
TXN0000024037,APP002,2026-01-08,failed,49965.55,EUR,APAC,CP0279,FUTURE,TDR0173,BOOK_A,2025-12-09
TXN0004321981,APP015,2025-04-17,settled,492792.39,EUR,APAC,CP0206,FUTURE,TDR0199,BOOK_B,2025-01-11
TXN0005641105,APP008,2025-12-06,settled,351453.01,EUR,APAC,CP0117,FX,TDR0190,BOOK_A,2025-04-29
TXN0000825807,APP002,2026-03-14,settled,636023.02,AUD,LATAM,CP0082,OPTION,TDR0026,BOOK_A,2025-09-20
TXN0006469904,APP018,2025-11-19,settled,315082.84,AUD,APAC,CP0029,FUTURE,TDR0074,BOOK_D,2025-04-23
TXN0001460357,APP016,2025-09-09,settled,368390.29,JPY,LATAM,CP0279,SWAP,TDR0065,BOOK_B,2025-03-10
TXN0007447205,APP007,2025-06-03,failed,485310.83,USD,APAC,CP0025,EQUITY,TDR0089,BOOK_A,2025-08-09
TXN0001143844,APP005,2025-01-07,failed,200142.15,JPY,AMER,CP0235,EQUITY,TDR0015,BOOK_B,2025-01-14
TXN0005702219,APP012,2025-12-06,reversed,903480.16,JPY,AMER,CP0397,FX,TDR0061,BOOK_C,2025-01-18
TXN0003434651,APP013,2025-01-26,reversed,955662.32,JPY,LATAM,CP0082,EQUITY,TDR0034,BOOK_C,2025-07-30
TXN0007828290,APP012,2025-11-04,reversed,586430.02,USD,APAC,CP0046,BOND,TDR0135,BOOK_D,2025-11-15
TXN0008605775,APP017,2025-05-30,settled,627074.29,JPY,APAC,CP0290,FX,TDR0090,BOOK_C,2026-03-20
TXN0007407390,APP018,2025-03-22,reversed,200104.71,AUD,APAC,CP0178,FX,TDR0167,BOOK_B,2025-12-03
TXN0001166681,APP012,2025-05-23,pending,773208.61,GBP,APAC,CP0343,OPTION,TDR0184,BOOK_C,2025-11-07
TXN0007160121,APP013,2025-02-04,settled,415989.26,CHF,APAC,CP0029,FX,TDR0106,BOOK_C,2025-06-02
TXN0006724228,APP015,2026-03-23,settled,27523.82,GBP,AMER,CP0133,SWAP,TDR0171,BOOK_C,2025-07-11
TXN0000463758,APP013,2025-11-16,reversed,123122.02,AUD,LATAM,CP0075,SWAP,TDR0195,BOOK_C,2026-02-25
TXN0008279558,APP003,2025-09-08,active,278745.49,EUR,EMEA,CP0200,FX,TDR0028,BOOK_C,2025-10-19
TXN0002542471,APP004,2025-07-06,pending,737113.45,EUR,LATAM,CP0441,FUTURE,TDR0121,BOOK_B,2025-05-21
TXN0002650252,APP018,2025-12-06,settled,976830.41,JPY,LATAM,CP0174,BOND,TDR0115,BOOK_A,2025-04-09
TXN0003443934,APP006,2025-12-17,failed,593928.88,AUD,AMER,CP0443,SWAP,TDR0138,BOOK_A,2025-10-31
TXN0005726809,APP007,2026-03-03,pending,985487.21,JPY,LATAM,CP0210,EQUITY,TDR0146,BOOK_C,2025-07-31
TXN0002238917,APP015,2025-08-05,failed,991407.68,AUD,EMEA,CP0331,EQUITY,TDR0173,BOOK_A,2025-04-17
TXN0002065623,APP018,2026-03-28,failed,819031.72,AUD,AMER,CP0045,EQUITY,TDR0070,BOOK_A,2025-07-05
TXN0006179733,APP007,2025-04-30,pending,459106.17,USD,LATAM,CP0454,EQUITY,TDR0020,BOOK_C,2025-06-24
TXN0009497074,APP015,2025-04-29,active,495352.57,USD,AMER,CP0153,EQUITY,TDR0159,BOOK_D,2025-12-24
TXN0007093557,APP019,2025-02-16,failed,342557.24,AUD,APAC,CP0420,BOND,TDR0146,BOOK_B,2025-10-25
TXN0006503938,APP009,2025-08-31,failed,705332.41,USD,EMEA,CP0469,EQUITY,TDR0051,BOOK_C,2025-10-13
TXN0007944904,APP007,2025-04-28,failed,723402.75,GBP,APAC,CP0333,OPTION,TDR0133,BOOK_D,2025-11-01
TXN0006097169,APP014,2025-09-06,reversed,398525.08,USD,APAC,CP0206,OPTION,TDR0139,BOOK_A,2026-04-08
TXN0009148896,APP016,2025-08-26,pending,2999.18,CHF,EMEA,CP0045,SWAP,TDR0076,BOOK_B,2026-04-14
TXN0006822235,APP004,2026-02-01,active,19280.5,CHF,APAC,CP0241,OPTION,TDR0145,BOOK_B,2026-02-28
TXN0007451107,APP001,2025-01-09,pending,509989.5,GBP,EMEA,CP0354,OPTION,TDR0076,BOOK_C,2026-03-02
TXN0004352002,APP020,2025-06-20,failed,651610.68,CHF,APAC,CP0397,FUTURE,TDR0153,BOOK_A,2025-11-11
TXN0002890022,APP019,2025-11-22,reversed,248761.0,USD,APAC,CP0347,OPTION,TDR0077,BOOK_C,2026-02-27
TXN0004415573,APP011,2025-08-18,settled,119956.68,GBP,APAC,CP0463,FUTURE,TDR0096,BOOK_D,2025-12-10
TXN0004455107,APP017,2025-05-02,pending,642621.09,GBP,LATAM,CP0151,EQUITY,TDR0155,BOOK_D,2025-03-04
TXN0000569445,APP020,2025-03-26,settled,911598.06,AUD,AMER,CP0318,EQUITY,TDR0164,BOOK_A,2025-05-12
TXN0008029657,APP008,2025-10-08,settled,850486.44,CHF,APAC,CP0426,OPTION,TDR0072,BOOK_B,2025-07-31
TXN0004901112,APP002,2025-06-04,reversed,580786.25,EUR,APAC,CP0159,EQUITY,TDR0180,BOOK_B,2025-08-25
TXN0000965829,APP004,2025-07-22,settled,451130.04,AUD,AMER,CP0053,OPTION,TDR0034,BOOK_C,2026-01-13
TXN0007354777,APP007,2025-10-20,failed,315711.26,CHF,APAC,CP0224,EQUITY,TDR0063,BOOK_D,2026-01-25
TXN0004703991,APP018,2026-02-19,reversed,896399.64,CHF,APAC,CP0427,SWAP,TDR0184,BOOK_C,2025-08-16
TXN0005174303,APP019,2025-04-29,pending,931056.56,CHF,AMER,CP0360,EQUITY,TDR0092,BOOK_C,2025-05-13
TXN0000095206,APP004,2025-06-29,failed,16873.76,GBP,EMEA,CP0010,EQUITY,TDR0165,BOOK_B,2025-11-09
TXN0003314915,APP014,2025-07-07,pending,700274.62,GBP,AMER,CP0426,FUTURE,TDR0198,BOOK_A,2025-04-23
TXN0002370642,APP014,2025-01-07,active,425963.41,AUD,APAC,CP0033,FX,TDR0113,BOOK_A,2025-12-06
TXN0009985657,APP002,2025-10-07,reversed,846938.46,USD,AMER,CP0256,SWAP,TDR0182,BOOK_A,2026-03-31
TXN0000365063,APP014,2025-04-22,settled,714051.79,EUR,EMEA,CP0318,FX,TDR0157,BOOK_B,2025-11-15
TXN0002061262,APP010,2025-03-27,failed,467809.96,USD,APAC,CP0131,FUTURE,TDR0067,BOOK_C,2025-05-02
TXN0005135412,APP009,2025-11-12,settled,885416.14,AUD,AMER,CP0111,SWAP,TDR0097,BOOK_A,2025-05-27
TXN0001313566,APP011,2025-02-02,pending,1168.49,JPY,APAC,CP0279,SWAP,TDR0109,BOOK_C,2025-03-23
TXN0001434705,APP003,2025-01-04,settled,644540.32,EUR,AMER,CP0301,FUTURE,TDR0127,BOOK_C,2025-10-28
TXN0009888397,APP009,2025-04-02,failed,348459.47,GBP,EMEA,CP0337,OPTION,TDR0036,BOOK_A,2026-02-19
TXN0003933774,APP001,2025-05-13,reversed,635604.34,GBP,EMEA,CP0363,EQUITY,TDR0064,BOOK_D,2025-03-10
TXN0002376311,APP002,2025-05-14,reversed,523300.0,USD,AMER,CP0081,SWAP,TDR0019,BOOK_B,2025-11-13
TXN0005286593,APP005,2025-03-19,settled,611488.6,GBP,LATAM,CP0492,OPTION,TDR0105,BOOK_B,2025-01-15
TXN0004698390,APP005,2025-04-22,active,855686.67,JPY,EMEA,CP0094,OPTION,TDR0039,BOOK_C,2026-03-13
TXN0000709326,APP004,2026-04-10,reversed,140995.9,EUR,LATAM,CP0208,EQUITY,TDR0075,BOOK_B,2025-12-11
TXN0005120178,APP007,2025-02-28,pending,422671.65,USD,AMER,CP0047,FUTURE,TDR0050,BOOK_D,2025-07-26
TXN0002841160,APP017,2026-04-14,reversed,353915.58,CHF,AMER,CP0204,EQUITY,TDR0049,BOOK_A,2026-01-26
TXN0005443586,APP001,2025-11-27,active,468398.84,GBP,LATAM,CP0417,FUTURE,TDR0116,BOOK_A,2026-01-29
TXN0003412142,APP009,2025-08-15,pending,622471.58,GBP,LATAM,CP0253,FUTURE,TDR0033,BOOK_B,2025-02-16
TXN0003837441,APP003,2025-03-05,active,394703.72,CHF,EMEA,CP0453,OPTION,TDR0133,BOOK_D,2025-10-29
TXN0009799948,APP010,2025-07-03,failed,59850.23,USD,APAC,CP0266,SWAP,TDR0039,BOOK_D,2025-02-28
TXN0000542469,APP020,2025-10-10,pending,106065.87,CHF,LATAM,CP0088,OPTION,TDR0078,BOOK_A,2025-02-26
TXN0009284399,APP006,2025-11-06,pending,806811.47,AUD,APAC,CP0225,FX,TDR0056,BOOK_A,2025-12-26
TXN0004643228,APP001,2026-03-01,failed,125310.48,GBP,LATAM,CP0463,FUTURE,TDR0006,BOOK_B,2025-02-19
TXN0009486268,APP007,2025-10-30,settled,485977.42,JPY,AMER,CP0490,BOND,TDR0122,BOOK_C,2025-07-13
TXN0002145044,APP013,2025-10-14,failed,754696.03,CHF,APAC,CP0278,FX,TDR0028,BOOK_D,2025-10-22
TXN0006366366,APP016,2026-04-13,reversed,154450.96,USD,AMER,CP0313,EQUITY,TDR0085,BOOK_B,2025-03-06
TXN0008631041,APP006,2025-08-31,reversed,790842.24,AUD,EMEA,CP0484,OPTION,TDR0144,BOOK_D,2025-08-23
TXN0002966744,APP018,2025-11-07,settled,669285.06,GBP,AMER,CP0142,FUTURE,TDR0148,BOOK_A,2025-05-25
TXN0003218376,APP019,2025-02-03,failed,524668.21,CHF,LATAM,CP0482,BOND,TDR0195,BOOK_C,2026-03-03
TXN0003590577,APP012,2025-02-19,active,900564.7,JPY,AMER,CP0286,FX,TDR0200,BOOK_C,2025-09-04
TXN0005500969,APP015,2025-03-03,failed,629549.48,GBP,APAC,CP0190,FX,TDR0063,BOOK_C,2025-05-25
TXN0009501374,APP015,2025-06-02,settled,204460.48,USD,LATAM,CP0175,FX,TDR0009,BOOK_A,2025-10-15
TXN0009308896,APP001,2025-09-11,settled,844910.85,JPY,LATAM,CP0388,SWAP,TDR0148,BOOK_D,2025-08-28
TXN0001505928,APP017,2025-01-19,pending,461671.67,GBP,EMEA,CP0400,EQUITY,TDR0047,BOOK_D,2025-01-17
TXN0000613949,APP012,2025-04-16,reversed,324637.15,USD,LATAM,CP0462,SWAP,TDR0019,BOOK_B,2025-10-11
TXN0004404664,APP015,2025-10-07,settled,416776.5,USD,APAC,CP0171,FUTURE,TDR0013,BOOK_D,2025-07-05
TXN0005333267,APP016,2025-02-09,pending,183189.01,GBP,EMEA,CP0125,EQUITY,TDR0041,BOOK_A,2025-04-25
TXN0000572918,APP002,2026-02-20,settled,617734.89,AUD,APAC,CP0462,SWAP,TDR0041,BOOK_D,2025-03-29
TXN0009240967,APP008,2026-04-03,pending,385985.17,JPY,LATAM,CP0336,OPTION,TDR0031,BOOK_D,2025-05-08
TXN0006616230,APP019,2026-04-08,settled,667454.35,GBP,LATAM,CP0132,FX,TDR0186,BOOK_C,2025-08-16
TXN0009507994,APP005,2025-11-26,active,603767.15,CHF,LATAM,CP0488,SWAP,TDR0119,BOOK_B,2026-03-23
TXN0001926692,APP001,2025-12-25,active,259490.49,AUD,AMER,CP0259,FX,TDR0193,BOOK_D,2025-10-25
TXN0002027101,APP004,2025-06-26,pending,344603.79,USD,LATAM,CP0450,EQUITY,TDR0123,BOOK_D,2025-06-08
TXN0002468408,APP010,2025-05-23,active,973393.56,JPY,LATAM,CP0134,OPTION,TDR0088,BOOK_D,2025-06-28
TXN0005550983,APP011,2025-04-08,reversed,135087.8,EUR,LATAM,CP0489,SWAP,TDR0012,BOOK_D,2025-09-17
TXN0008612164,APP014,2025-04-14,settled,826337.28,USD,LATAM,CP0063,OPTION,TDR0127,BOOK_A,2025-02-03
TXN0001115565,APP011,2025-03-26,failed,550321.68,GBP,APAC,CP0154,FX,TDR0012,BOOK_A,2025-01-14
TXN0001983426,APP012,2025-04-22,settled,665775.64,EUR,LATAM,CP0168,OPTION,TDR0165,BOOK_C,2025-01-30
TXN0003048940,APP001,2025-01-20,pending,47440.65,USD,APAC,CP0214,EQUITY,TDR0152,BOOK_A,2025-09-04
TXN0003204253,APP007,2025-09-07,pending,970332.71,CHF,LATAM,CP0083,FUTURE,TDR0017,BOOK_A,2025-03-16
TXN0009470841,APP019,2025-06-07,failed,703451.84,USD,AMER,CP0151,SWAP,TDR0159,BOOK_B,2026-01-28
TXN0005543522,APP015,2025-08-21,active,341154.07,USD,APAC,CP0343,OPTION,TDR0195,BOOK_D,2025-12-08
TXN0006119259,APP009,2025-11-18,active,493317.24,EUR,APAC,CP0337,SWAP,TDR0016,BOOK_B,2025-05-22
TXN0002054803,APP002,2026-03-18,active,516074.58,CHF,APAC,CP0245,FX,TDR0043,BOOK_A,2025-06-18
TXN0003676697,APP003,2025-10-29,reversed,385558.31,EUR,LATAM,CP0223,FX,TDR0009,BOOK_D,2026-03-27
TXN0001441591,APP010,2025-07-26,reversed,988659.1,GBP,AMER,CP0184,FUTURE,TDR0131,BOOK_C,2026-01-31
TXN0000328428,APP012,2026-03-23,pending,263996.81,JPY,LATAM,CP0060,FUTURE,TDR0002,BOOK_D,2025-04-06
TXN0002236639,APP020,2025-02-26,settled,183370.51,USD,EMEA,CP0020,FUTURE,TDR0057,BOOK_C,2025-04-07
TXN0007846364,APP009,2025-05-30,active,870621.99,CHF,AMER,CP0049,EQUITY,TDR0018,BOOK_A,2025-12-11
TXN0000461280,APP011,2025-07-25,pending,179953.07,EUR,EMEA,CP0309,OPTION,TDR0081,BOOK_B,2025-04-25
TXN0002415174,APP013,2025-07-01,failed,278627.72,EUR,AMER,CP0281,FX,TDR0172,BOOK_A,2025-11-19
TXN0000252709,APP010,2026-02-08,active,156941.84,AUD,LATAM,CP0298,BOND,TDR0111,BOOK_D,2025-09-22
TXN0004424266,APP014,2025-11-19,failed,51958.86,CHF,EMEA,CP0090,FUTURE,TDR0052,BOOK_D,2025-03-27
TXN0002700686,APP020,2025-12-07,reversed,619798.39,USD,AMER,CP0462,FX,TDR0165,BOOK_C,2025-10-30
TXN0009712945,APP007,2025-02-05,pending,680104.61,CHF,APAC,CP0036,BOND,TDR0143,BOOK_A,2025-02-04
TXN0009328254,APP002,2026-01-18,reversed,511155.46,GBP,LATAM,CP0220,FX,TDR0145,BOOK_D,2025-08-22
TXN0004218358,APP001,2025-01-14,reversed,639553.58,CHF,EMEA,CP0420,OPTION,TDR0116,BOOK_A,2025-12-08
TXN0003549676,APP011,2026-04-02,failed,164981.17,CHF,LATAM,CP0272,FX,TDR0188,BOOK_C,2025-11-21
TXN0008979244,APP012,2026-02-28,reversed,124889.68,GBP,EMEA,CP0398,FX,TDR0100,BOOK_C,2026-02-27
TXN0001291180,APP020,2025-03-18,settled,323423.26,USD,AMER,CP0326,FUTURE,TDR0138,BOOK_C,2025-04-25
TXN0007461043,APP003,2025-08-26,failed,856650.1,CHF,APAC,CP0403,BOND,TDR0105,BOOK_C,2025-10-24
TXN0005610925,APP004,2026-03-23,failed,600098.17,CHF,EMEA,CP0228,SWAP,TDR0011,BOOK_A,2025-10-07
TXN0007993326,APP009,2025-04-06,reversed,19322.72,EUR,APAC,CP0350,OPTION,TDR0170,BOOK_D,2026-03-19
TXN0000631717,APP007,2026-04-03,pending,757135.17,JPY,AMER,CP0481,EQUITY,TDR0056,BOOK_A,2025-01-21
TXN0001924827,APP015,2025-04-16,reversed,444045.2,EUR,APAC,CP0011,FX,TDR0118,BOOK_D,2025-11-07
TXN0001592535,APP002,2025-10-11,failed,955123.38,GBP,AMER,CP0260,SWAP,TDR0033,BOOK_B,2025-08-18
TXN0006382472,APP010,2026-02-18,settled,62164.39,JPY,AMER,CP0061,OPTION,TDR0174,BOOK_D,2025-03-30
TXN0004998084,APP019,2025-05-11,reversed,910596.39,AUD,EMEA,CP0165,EQUITY,TDR0133,BOOK_A,2025-01-14
TXN0004414240,APP016,2025-03-11,pending,608454.22,CHF,EMEA,CP0305,EQUITY,TDR0011,BOOK_B,2025-04-06
TXN0000002085,APP007,2025-01-20,settled,505196.19,AUD,LATAM,CP0353,SWAP,TDR0136,BOOK_A,2025-07-08
TXN0006014108,APP003,2025-05-08,active,533743.69,JPY,AMER,CP0413,FX,TDR0159,BOOK_D,2025-05-27
TXN0002396991,APP003,2025-12-19,settled,797178.6,JPY,LATAM,CP0485,OPTION,TDR0197,BOOK_D,2025-09-28
TXN0000344439,APP004,2025-04-25,failed,163854.24,JPY,AMER,CP0072,EQUITY,TDR0180,BOOK_C,2025-05-04
TXN0009364088,APP019,2026-01-06,failed,231427.08,EUR,AMER,CP0135,FX,TDR0151,BOOK_C,2026-01-07
TXN0001430332,APP006,2025-03-17,failed,786416.92,USD,AMER,CP0350,FUTURE,TDR0181,BOOK_B,2025-01-15
TXN0000850240,APP005,2025-02-22,failed,846487.04,JPY,LATAM,CP0046,FX,TDR0001,BOOK_C,2025-02-17
TXN0000496606,APP008,2025-04-24,failed,226278.48,AUD,EMEA,CP0028,BOND,TDR0064,BOOK_A,2026-01-11
TXN0007711172,APP020,2025-03-22,failed,874545.63,CHF,LATAM,CP0344,BOND,TDR0160,BOOK_C,2026-03-23
TXN0005982740,APP012,2025-05-08,settled,552830.64,AUD,AMER,CP0397,FUTURE,TDR0146,BOOK_D,2025-10-10
TXN0005352383,APP012,2025-02-11,settled,835048.45,EUR,AMER,CP0167,SWAP,TDR0046,BOOK_B,2025-11-08
TXN0001680220,APP014,2025-04-18,failed,122498.95,EUR,EMEA,CP0270,FUTURE,TDR0127,BOOK_A,2025-01-12
TXN0003180124,APP016,2025-09-05,reversed,960762.16,AUD,APAC,CP0234,FUTURE,TDR0007,BOOK_B,2025-12-02
TXN0004589123,APP014,2025-04-25,failed,282438.73,USD,AMER,CP0155,OPTION,TDR0187,BOOK_B,2026-02-17
TXN0003283661,APP005,2025-10-15,reversed,757609.92,EUR,EMEA,CP0364,EQUITY,TDR0104,BOOK_C,2025-05-28
TXN0002957477,APP014,2025-10-01,active,313684.29,CHF,APAC,CP0147,EQUITY,TDR0060,BOOK_D,2025-09-10
TXN0000833831,APP002,2025-10-28,reversed,747562.13,GBP,LATAM,CP0235,OPTION,TDR0198,BOOK_C,2025-03-11
TXN0002841142,APP003,2026-03-07,reversed,480971.71,AUD,APAC,CP0293,FUTURE,TDR0044,BOOK_C,2025-12-01
TXN0009987938,APP019,2025-06-06,active,892932.38,AUD,LATAM,CP0313,FUTURE,TDR0182,BOOK_A,2025-01-05
TXN0002586199,APP001,2025-07-13,reversed,671296.97,CHF,LATAM,CP0468,FX,TDR0032,BOOK_D,2025-06-26
TXN0001796837,APP014,2025-10-10,pending,515438.26,AUD,LATAM,CP0336,OPTION,TDR0052,BOOK_D,2026-02-24
TXN0009245688,APP012,2025-11-30,failed,869766.84,JPY,APAC,CP0406,SWAP,TDR0097,BOOK_B,2025-09-27
TXN0000838475,APP013,2025-09-15,failed,628050.16,JPY,AMER,CP0395,FUTURE,TDR0091,BOOK_A,2025-06-22
TXN0003509597,APP002,2025-04-19,pending,7427.18,USD,AMER,CP0416,BOND,TDR0021,BOOK_A,2025-04-07
TXN0005126392,APP017,2025-07-03,settled,446.81,GBP,AMER,CP0284,FX,TDR0104,BOOK_B,2026-04-14
TXN0004391783,APP010,2025-10-18,reversed,538298.21,USD,AMER,CP0469,EQUITY,TDR0040,BOOK_A,2025-03-21
TXN0009994755,APP004,2025-02-27,reversed,198338.95,AUD,EMEA,CP0483,EQUITY,TDR0200,BOOK_D,2025-08-09
TXN0008787294,APP019,2025-01-15,pending,734628.9,EUR,LATAM,CP0031,BOND,TDR0102,BOOK_A,2026-04-04
TXN0000926572,APP013,2025-01-31,settled,475111.57,CHF,APAC,CP0382,SWAP,TDR0158,BOOK_A,2026-04-03
TXN0004919348,APP007,2026-04-13,settled,796921.81,CHF,APAC,CP0434,SWAP,TDR0155,BOOK_A,2025-07-13
TXN0009763551,APP009,2025-05-11,failed,616620.01,JPY,EMEA,CP0288,FUTURE,TDR0157,BOOK_A,2025-09-26
TXN0005213144,APP004,2025-07-17,pending,639135.06,GBP,EMEA,CP0156,FUTURE,TDR0048,BOOK_A,2025-07-02
TXN0006447977,APP005,2026-01-09,reversed,955290.74,GBP,LATAM,CP0060,OPTION,TDR0200,BOOK_B,2026-03-02
TXN0002359187,APP007,2025-08-10,failed,458639.11,USD,AMER,CP0141,OPTION,TDR0048,BOOK_C,2025-04-09
TXN0005036567,APP020,2025-08-23,settled,445541.77,EUR,AMER,CP0368,FX,TDR0155,BOOK_A,2025-04-29
TXN0005847767,APP015,2026-01-13,settled,933430.02,JPY,LATAM,CP0173,BOND,TDR0001,BOOK_C,2025-06-23
TXN0005254890,APP008,2025-11-30,active,28815.81,EUR,LATAM,CP0288,FX,TDR0172,BOOK_C,2025-10-19
TXN0003451898,APP019,2026-02-25,pending,800529.33,GBP,EMEA,CP0405,BOND,TDR0075,BOOK_A,2025-05-28
TXN0002726887,APP001,2025-06-28,settled,920766.8,USD,EMEA,CP0301,EQUITY,TDR0124,BOOK_C,2025-06-25
TXN0008379974,APP001,2025-02-01,pending,689166.28,EUR,LATAM,CP0334,EQUITY,TDR0127,BOOK_A,2025-10-30
TXN0009628674,APP019,2025-05-13,pending,519721.06,EUR,LATAM,CP0427,BOND,TDR0040,BOOK_A,2026-04-05
TXN0000947288,APP012,2025-01-20,settled,284059.18,AUD,APAC,CP0271,BOND,TDR0061,BOOK_D,2025-04-03
TXN0009775430,APP019,2025-01-20,settled,559068.82,USD,EMEA,CP0179,BOND,TDR0047,BOOK_C,2025-11-30
TXN0007997525,APP012,2025-04-10,active,826843.73,GBP,APAC,CP0255,BOND,TDR0016,BOOK_D,2025-11-02
TXN0005473143,APP002,2026-02-15,settled,34070.36,AUD,EMEA,CP0027,EQUITY,TDR0105,BOOK_A,2025-09-04
TXN0004223071,APP011,2025-02-21,active,814329.35,USD,EMEA,CP0115,FX,TDR0138,BOOK_B,2025-11-18
TXN0005946427,APP008,2025-11-04,active,707147.94,CHF,LATAM,CP0286,EQUITY,TDR0117,BOOK_D,2025-10-27
TXN0000325951,APP004,2025-03-14,pending,549493.52,EUR,APAC,CP0474,BOND,TDR0089,BOOK_A,2026-04-12
TXN0008230140,APP018,2025-08-21,reversed,929360.98,CHF,EMEA,CP0351,OPTION,TDR0058,BOOK_A,2025-12-22
TXN0003730124,APP015,2026-01-06,settled,905393.95,JPY,AMER,CP0094,SWAP,TDR0103,BOOK_D,2026-02-12
TXN0005169186,APP017,2025-08-06,failed,946111.68,EUR,LATAM,CP0368,SWAP,TDR0012,BOOK_C,2025-07-12
TXN0000960083,APP011,2025-04-11,settled,709450.32,JPY,AMER,CP0036,BOND,TDR0176,BOOK_C,2025-03-25
TXN0008560491,APP007,2025-07-09,pending,9853.63,CHF,EMEA,CP0126,SWAP,TDR0113,BOOK_D,2025-09-17
TXN0002405729,APP018,2026-03-21,settled,809035.76,JPY,EMEA,CP0162,OPTION,TDR0126,BOOK_B,2025-06-08
TXN0009998798,APP019,2025-10-30,reversed,207714.61,CHF,LATAM,CP0090,FUTURE,TDR0044,BOOK_D,2025-09-09
TXN0008951209,APP009,2025-12-31,reversed,762855.68,JPY,LATAM,CP0119,OPTION,TDR0146,BOOK_B,2025-05-07
TXN0001489788,APP016,2025-03-13,reversed,81227.34,JPY,AMER,CP0398,FUTURE,TDR0176,BOOK_C,2025-04-02
TXN0002395473,APP017,2026-03-23,failed,220730.18,JPY,APAC,CP0051,EQUITY,TDR0028,BOOK_B,2025-06-29
TXN0005781480,APP005,2025-03-16,failed,876321.16,JPY,LATAM,CP0158,FX,TDR0095,BOOK_B,2025-07-29
TXN0007355449,APP016,2025-12-05,active,693402.07,GBP,LATAM,CP0392,FUTURE,TDR0072,BOOK_A,2025-03-01
TXN0001673728,APP007,2025-06-12,failed,161498.36,JPY,LATAM,CP0260,EQUITY,TDR0182,BOOK_A,2026-03-31
TXN0004390599,APP004,2025-07-19,reversed,838594.48,GBP,LATAM,CP0484,FX,TDR0077,BOOK_B,2025-01-30
TXN0003842800,APP010,2026-02-22,reversed,867002.9,AUD,EMEA,CP0383,BOND,TDR0065,BOOK_C,2025-11-12
TXN0005568366,APP014,2025-08-03,active,809413.1,JPY,LATAM,CP0196,FUTURE,TDR0080,BOOK_D,2026-01-25
TXN0007751660,APP006,2026-02-16,pending,190267.78,JPY,EMEA,CP0413,SWAP,TDR0016,BOOK_B,2025-05-07
TXN0000909012,APP020,2025-01-24,pending,795048.83,CHF,EMEA,CP0391,FX,TDR0034,BOOK_D,2025-12-05
TXN0004638537,APP016,2025-07-04,failed,741350.56,JPY,LATAM,CP0334,EQUITY,TDR0123,BOOK_D,2025-10-14
TXN0003904849,APP010,2025-04-30,active,467074.94,JPY,APAC,CP0468,BOND,TDR0027,BOOK_A,2025-12-27
TXN0005435952,APP001,2025-10-20,active,241240.66,GBP,AMER,CP0077,OPTION,TDR0144,BOOK_D,2025-07-16
TXN0008695211,APP010,2025-03-04,failed,455406.27,USD,APAC,CP0328,SWAP,TDR0181,BOOK_B,2025-01-10
TXN0001279401,APP018,2025-10-03,reversed,741832.17,AUD,AMER,CP0170,FUTURE,TDR0042,BOOK_D,2025-03-18
TXN0002515111,APP004,2025-07-12,settled,224791.69,EUR,EMEA,CP0309,OPTION,TDR0137,BOOK_B,2026-02-07
TXN0000051939,APP018,2025-07-08,active,428292.33,USD,AMER,CP0340,EQUITY,TDR0040,BOOK_A,2025-01-11
TXN0009415338,APP001,2025-04-15,settled,185537.22,EUR,APAC,CP0481,SWAP,TDR0167,BOOK_A,2026-02-03
TXN0006789902,APP019,2025-08-06,reversed,594865.36,GBP,LATAM,CP0079,FX,TDR0144,BOOK_B,2025-02-15
TXN0001215239,APP002,2026-02-11,settled,17136.76,AUD,AMER,CP0117,FUTURE,TDR0125,BOOK_B,2026-01-08
TXN0006075336,APP020,2025-06-24,failed,648925.33,EUR,APAC,CP0221,FUTURE,TDR0051,BOOK_B,2025-06-19
TXN0006064141,APP005,2025-04-24,reversed,916684.56,USD,LATAM,CP0215,BOND,TDR0157,BOOK_A,2025-06-05
TXN0006293522,APP016,2025-12-13,reversed,101590.76,USD,APAC,CP0472,FUTURE,TDR0113,BOOK_C,2026-02-09
TXN0008172468,APP005,2025-06-28,active,22234.76,EUR,EMEA,CP0089,BOND,TDR0107,BOOK_C,2026-03-18
TXN0003629010,APP009,2025-02-25,reversed,558331.94,USD,EMEA,CP0368,EQUITY,TDR0014,BOOK_A,2025-12-22
TXN0009768670,APP014,2025-11-17,pending,372044.47,EUR,APAC,CP0216,BOND,TDR0113,BOOK_D,2026-02-04
TXN0001087829,APP020,2025-03-03,active,875030.4,AUD,AMER,CP0250,FX,TDR0198,BOOK_A,2026-02-14
TXN0005073686,APP008,2025-09-03,failed,992991.07,USD,EMEA,CP0084,FX,TDR0077,BOOK_B,2026-02-05
TXN0008432101,APP002,2025-10-03,failed,414959.85,AUD,AMER,CP0101,OPTION,TDR0127,BOOK_B,2026-04-03
TXN0000967477,APP001,2025-08-08,active,742028.64,JPY,APAC,CP0472,SWAP,TDR0076,BOOK_D,2025-03-09
TXN0000328726,APP012,2025-10-04,settled,386591.81,AUD,LATAM,CP0466,BOND,TDR0126,BOOK_A,2025-05-08
TXN0005163685,APP017,2025-09-05,pending,592786.78,GBP,EMEA,CP0101,OPTION,TDR0020,BOOK_B,2026-01-05
TXN0004567224,APP015,2025-10-14,failed,407472.55,JPY,APAC,CP0239,FX,TDR0077,BOOK_C,2025-10-23
TXN0008133920,APP010,2025-10-25,failed,502207.12,AUD,LATAM,CP0073,BOND,TDR0055,BOOK_D,2025-01-13
TXN0003856142,APP020,2025-11-29,reversed,161614.29,CHF,LATAM,CP0424,BOND,TDR0120,BOOK_B,2025-01-09
TXN0004543964,APP009,2025-02-27,failed,165900.37,JPY,APAC,CP0053,BOND,TDR0112,BOOK_A,2025-10-04
TXN0004049345,APP002,2026-01-10,active,19116.96,USD,LATAM,CP0465,BOND,TDR0167,BOOK_C,2025-11-20
TXN0001053960,APP004,2025-11-23,failed,978352.4,USD,LATAM,CP0233,FUTURE,TDR0149,BOOK_B,2026-01-12
TXN0006771471,APP004,2026-01-19,settled,342967.55,AUD,APAC,CP0330,OPTION,TDR0186,BOOK_D,2025-04-20
TXN0001399459,APP010,2025-01-22,settled,325495.77,USD,EMEA,CP0288,SWAP,TDR0111,BOOK_C,2025-03-08
TXN0007684469,APP004,2025-02-22,reversed,417784.18,GBP,EMEA,CP0159,BOND,TDR0200,BOOK_C,2025-11-12
TXN0008608443,APP016,2026-02-24,active,501669.74,AUD,APAC,CP0011,FUTURE,TDR0109,BOOK_B,2025-06-07
TXN0001559562,APP009,2025-04-11,active,588061.0,USD,EMEA,CP0078,BOND,TDR0014,BOOK_A,2025-10-02
TXN0005143600,APP010,2025-06-27,pending,615320.48,EUR,APAC,CP0053,OPTION,TDR0052,BOOK_D,2025-02-24
TXN0005780984,APP020,2025-10-10,pending,535855.12,EUR,APAC,CP0171,BOND,TDR0023,BOOK_D,2025-08-18
TXN0002515691,APP016,2025-03-14,reversed,726093.07,USD,LATAM,CP0453,FX,TDR0047,BOOK_A,2025-02-17
TXN0000531942,APP003,2025-03-20,active,297878.6,AUD,APAC,CP0251,FX,TDR0127,BOOK_C,2025-02-19
TXN0005536134,APP005,2025-09-01,settled,997925.69,GBP,EMEA,CP0308,EQUITY,TDR0104,BOOK_B,2025-04-25
TXN0006049573,APP002,2025-02-25,pending,503088.76,EUR,APAC,CP0303,BOND,TDR0029,BOOK_B,2025-10-25
TXN0007335037,APP009,2025-12-29,pending,363169.07,CHF,LATAM,CP0223,OPTION,TDR0111,BOOK_C,2025-01-16
TXN0002599446,APP019,2025-05-10,pending,458793.56,AUD,LATAM,CP0456,SWAP,TDR0032,BOOK_D,2025-07-20
TXN0008230628,APP008,2025-06-21,settled,672977.66,CHF,APAC,CP0469,OPTION,TDR0046,BOOK_C,2026-01-30
TXN0004650489,APP008,2025-12-21,settled,743619.98,GBP,AMER,CP0143,SWAP,TDR0074,BOOK_B,2025-04-21
TXN0000965878,APP016,2025-04-16,settled,842569.47,GBP,LATAM,CP0199,SWAP,TDR0064,BOOK_C,2025-03-26
TXN0001778115,APP001,2025-01-28,active,514914.44,USD,EMEA,CP0337,BOND,TDR0068,BOOK_B,2025-02-01
TXN0008556405,APP011,2025-09-27,active,23568.26,GBP,APAC,CP0071,FX,TDR0111,BOOK_D,2026-01-20
TXN0002122120,APP011,2025-03-27,reversed,146541.66,GBP,APAC,CP0447,SWAP,TDR0126,BOOK_B,2025-01-16
TXN0001082301,APP019,2025-02-18,active,218161.84,AUD,LATAM,CP0407,BOND,TDR0018,BOOK_B,2026-02-11
TXN0001008985,APP017,2025-12-09,pending,290212.45,GBP,LATAM,CP0285,OPTION,TDR0030,BOOK_A,2025-02-17
TXN0000512928,APP015,2025-10-28,active,843760.83,GBP,APAC,CP0149,EQUITY,TDR0191,BOOK_B,2025-10-02
TXN0002554903,APP004,2025-10-07,pending,858347.89,EUR,EMEA,CP0070,FX,TDR0127,BOOK_D,2025-05-20
TXN0001585662,APP017,2025-08-20,failed,94499.05,GBP,AMER,CP0460,EQUITY,TDR0103,BOOK_A,2025-03-14
TXN0007636748,APP001,2026-01-09,settled,576869.98,AUD,LATAM,CP0160,BOND,TDR0172,BOOK_B,2025-12-14
TXN0009272043,APP013,2026-03-06,settled,371653.71,GBP,APAC,CP0488,FX,TDR0086,BOOK_B,2025-12-11
TXN0008728887,APP007,2025-05-26,pending,94283.19,CHF,APAC,CP0468,EQUITY,TDR0175,BOOK_A,2025-10-04
TXN0008043429,APP019,2025-05-07,active,762430.45,JPY,AMER,CP0334,FUTURE,TDR0109,BOOK_B,2025-04-23
TXN0002633523,APP003,2025-01-16,settled,442074.18,AUD,EMEA,CP0222,EQUITY,TDR0020,BOOK_A,2026-02-05
TXN0004384645,APP015,2025-09-19,pending,521821.12,USD,AMER,CP0241,SWAP,TDR0106,BOOK_D,2025-07-01
TXN0005506254,APP009,2025-01-12,reversed,79353.14,USD,APAC,CP0177,FUTURE,TDR0066,BOOK_B,2025-09-22
TXN0007104898,APP002,2025-09-19,failed,24746.88,JPY,EMEA,CP0229,BOND,TDR0148,BOOK_D,2025-06-23
TXN0000561406,APP003,2025-02-24,pending,816138.79,AUD,AMER,CP0373,BOND,TDR0062,BOOK_A,2025-03-25
TXN0004067264,APP013,2025-09-25,reversed,256487.17,GBP,LATAM,CP0300,SWAP,TDR0088,BOOK_D,2025-09-03
TXN0004940805,APP001,2026-01-14,active,689682.92,EUR,LATAM,CP0247,FX,TDR0012,BOOK_B,2025-12-03
TXN0003190920,APP002,2025-06-21,reversed,983346.89,USD,EMEA,CP0307,FUTURE,TDR0158,BOOK_B,2025-08-04
TXN0003886794,APP001,2025-08-18,reversed,746917.47,AUD,APAC,CP0186,SWAP,TDR0146,BOOK_D,2025-07-23
TXN0005587309,APP010,2025-12-10,failed,728763.87,JPY,LATAM,CP0295,EQUITY,TDR0190,BOOK_B,2026-03-29
TXN0003650147,APP010,2025-12-06,pending,557409.24,GBP,LATAM,CP0055,OPTION,TDR0074,BOOK_B,2025-11-23
TXN0004365217,APP011,2026-03-31,failed,745000.4,CHF,APAC,CP0052,BOND,TDR0150,BOOK_B,2026-04-06
TXN0001508841,APP020,2025-02-28,pending,39281.41,AUD,AMER,CP0123,OPTION,TDR0128,BOOK_D,2025-10-06
TXN0007619851,APP017,2026-04-14,pending,970693.91,AUD,EMEA,CP0143,BOND,TDR0147,BOOK_D,2025-06-14
TXN0007221824,APP005,2025-03-13,pending,445941.03,EUR,EMEA,CP0254,EQUITY,TDR0071,BOOK_B,2026-02-01
TXN0007794786,APP015,2025-08-01,pending,719703.1,GBP,EMEA,CP0148,SWAP,TDR0116,BOOK_D,2025-04-28
TXN0005712616,APP011,2026-04-14,settled,878206.0,AUD,AMER,CP0400,SWAP,TDR0054,BOOK_D,2025-07-29
TXN0008198264,APP014,2025-07-31,pending,749183.78,AUD,AMER,CP0311,OPTION,TDR0195,BOOK_D,2025-10-04
TXN0004300865,APP001,2025-01-23,reversed,361548.17,JPY,APAC,CP0338,SWAP,TDR0190,BOOK_C,2025-01-06
TXN0007100968,APP006,2025-06-03,pending,10200.75,GBP,EMEA,CP0102,EQUITY,TDR0058,BOOK_C,2026-02-03
TXN0002152229,APP006,2026-01-20,settled,848785.63,CHF,EMEA,CP0283,FUTURE,TDR0066,BOOK_D,2025-05-21
TXN0002306578,APP019,2025-10-25,pending,386372.68,USD,EMEA,CP0323,FUTURE,TDR0071,BOOK_D,2025-10-31
TXN0007842163,APP006,2025-11-02,settled,538139.93,GBP,LATAM,CP0039,FUTURE,TDR0046,BOOK_B,2025-09-23
TXN0001369373,APP012,2025-03-16,settled,705965.08,EUR,AMER,CP0494,FUTURE,TDR0029,BOOK_D,2025-11-18
TXN0004453660,APP006,2025-01-07,pending,276841.7,USD,EMEA,CP0476,SWAP,TDR0096,BOOK_D,2026-04-11
TXN0004978287,APP011,2025-01-14,settled,823359.37,AUD,APAC,CP0368,OPTION,TDR0110,BOOK_C,2025-10-19
TXN0008633210,APP004,2025-03-12,pending,138796.44,JPY,EMEA,CP0444,SWAP,TDR0091,BOOK_A,2025-09-14
TXN0007807959,APP004,2025-12-27,settled,394573.19,AUD,LATAM,CP0132,FUTURE,TDR0169,BOOK_A,2025-12-11
TXN0003459438,APP018,2025-02-15,pending,693835.98,AUD,LATAM,CP0300,EQUITY,TDR0088,BOOK_B,2025-01-14
TXN0005527173,APP018,2025-10-18,reversed,726130.13,EUR,APAC,CP0093,EQUITY,TDR0094,BOOK_C,2025-06-16
TXN0005892633,APP005,2025-03-08,settled,702827.95,AUD,APAC,CP0348,BOND,TDR0182,BOOK_B,2025-03-27
TXN0002625222,APP010,2025-01-06,failed,500898.48,EUR,EMEA,CP0254,EQUITY,TDR0176,BOOK_A,2026-04-14
TXN0000387244,APP005,2025-04-22,active,22192.97,JPY,AMER,CP0145,FUTURE,TDR0080,BOOK_A,2026-03-24
TXN0004501923,APP010,2025-04-16,active,784634.67,AUD,LATAM,CP0161,FUTURE,TDR0098,BOOK_A,2026-01-11
TXN0007539100,APP007,2025-03-10,pending,17718.08,USD,AMER,CP0350,FUTURE,TDR0044,BOOK_A,2025-07-21
TXN0005082448,APP020,2025-04-01,failed,657648.15,JPY,LATAM,CP0308,FX,TDR0112,BOOK_C,2025-12-20
TXN0007961130,APP003,2026-01-13,reversed,801833.36,CHF,LATAM,CP0478,BOND,TDR0148,BOOK_D,2025-01-01
TXN0002582271,APP005,2025-06-14,pending,946492.4,AUD,LATAM,CP0405,SWAP,TDR0115,BOOK_A,2025-04-23
TXN0003722968,APP015,2025-07-01,reversed,395806.73,USD,EMEA,CP0457,SWAP,TDR0038,BOOK_C,2025-02-07
TXN0006403319,APP004,2025-02-18,pending,180175.26,JPY,EMEA,CP0062,OPTION,TDR0089,BOOK_A,2025-08-11
TXN0003813925,APP017,2026-03-26,active,138569.89,JPY,APAC,CP0097,FX,TDR0067,BOOK_A,2025-08-13
TXN0001489679,APP011,2025-05-30,active,204387.35,JPY,AMER,CP0221,FUTURE,TDR0174,BOOK_B,2025-06-19
TXN0003228772,APP010,2025-03-13,pending,610036.47,AUD,APAC,CP0243,EQUITY,TDR0049,BOOK_C,2025-10-23
TXN0001912190,APP013,2025-09-28,settled,818992.23,AUD,AMER,CP0103,OPTION,TDR0068,BOOK_B,2025-04-05
TXN0005061416,APP003,2026-01-19,pending,490555.37,AUD,EMEA,CP0198,FUTURE,TDR0146,BOOK_A,2025-03-29
TXN0007274207,APP011,2025-09-08,failed,973394.19,AUD,EMEA,CP0325,SWAP,TDR0167,BOOK_C,2026-02-19
TXN0003608483,APP003,2025-01-21,settled,364025.78,AUD,EMEA,CP0480,BOND,TDR0023,BOOK_C,2025-12-10
TXN0009281720,APP018,2025-06-04,settled,755002.93,CHF,AMER,CP0325,OPTION,TDR0006,BOOK_B,2025-10-03
TXN0009147653,APP014,2025-10-22,failed,127254.12,AUD,APAC,CP0057,FX,TDR0110,BOOK_B,2025-07-30
TXN0004507215,APP008,2025-09-12,pending,135356.74,GBP,AMER,CP0179,SWAP,TDR0118,BOOK_B,2025-01-12
TXN0009668393,APP003,2025-06-15,pending,325327.43,GBP,APAC,CP0408,FUTURE,TDR0085,BOOK_C,2025-05-21
TXN0007588414,APP018,2025-11-27,settled,417508.34,USD,AMER,CP0209,FX,TDR0111,BOOK_A,2025-04-06
TXN0006449482,APP001,2025-10-27,pending,461587.55,USD,AMER,CP0219,FUTURE,TDR0083,BOOK_B,2025-09-13
TXN0009751014,APP015,2025-05-01,failed,825610.46,AUD,LATAM,CP0021,BOND,TDR0168,BOOK_D,2025-03-25
TXN0005300744,APP015,2025-05-31,reversed,986646.42,EUR,AMER,CP0113,BOND,TDR0004,BOOK_D,2025-07-03
TXN0006365196,APP005,2025-01-04,active,752079.31,USD,APAC,CP0385,FX,TDR0115,BOOK_A,2025-03-26
TXN0008477947,APP012,2026-02-12,failed,779899.72,CHF,EMEA,CP0344,EQUITY,TDR0175,BOOK_C,2025-09-27
TXN0008924796,APP008,2025-08-19,pending,327495.38,JPY,LATAM,CP0421,EQUITY,TDR0142,BOOK_D,2025-07-10
TXN0005626844,APP019,2025-04-23,failed,139455.44,EUR,LATAM,CP0054,FUTURE,TDR0147,BOOK_A,2025-08-30
TXN0001123070,APP007,2025-09-24,active,118039.86,JPY,AMER,CP0203,BOND,TDR0197,BOOK_C,2025-01-05
TXN0008860985,APP009,2025-08-29,reversed,323011.28,USD,LATAM,CP0197,EQUITY,TDR0029,BOOK_D,2026-01-27
TXN0003367211,APP010,2025-12-29,settled,755446.58,AUD,APAC,CP0377,FUTURE,TDR0035,BOOK_A,2026-02-23
TXN0001913814,APP017,2025-04-11,active,262147.46,USD,AMER,CP0341,EQUITY,TDR0158,BOOK_C,2025-04-11
TXN0008760462,APP009,2026-02-18,reversed,287715.81,CHF,LATAM,CP0052,OPTION,TDR0142,BOOK_C,2025-08-29
TXN0000863695,APP009,2025-09-15,reversed,665087.2,CHF,APAC,CP0287,EQUITY,TDR0174,BOOK_A,2025-02-03
TXN0007492605,APP015,2025-01-24,failed,856523.86,EUR,EMEA,CP0141,SWAP,TDR0105,BOOK_B,2026-02-15
TXN0003256952,APP007,2025-09-01,settled,148995.81,GBP,EMEA,CP0064,OPTION,TDR0170,BOOK_A,2025-06-12
TXN0009423462,APP007,2025-02-02,settled,504447.34,AUD,EMEA,CP0114,OPTION,TDR0098,BOOK_D,2025-09-05
TXN0002785968,APP013,2025-03-13,reversed,166036.04,AUD,LATAM,CP0106,FUTURE,TDR0181,BOOK_D,2025-09-27
TXN0000704956,APP017,2025-08-13,settled,948480.37,GBP,LATAM,CP0024,FX,TDR0055,BOOK_D,2025-08-07
TXN0008721103,APP009,2025-12-14,settled,846476.05,GBP,LATAM,CP0122,FX,TDR0111,BOOK_C,2026-03-10
TXN0006605615,APP002,2025-12-15,failed,848659.94,CHF,APAC,CP0353,FX,TDR0055,BOOK_A,2025-11-28
TXN0006344656,APP012,2026-04-14,pending,557210.2,EUR,LATAM,CP0372,FX,TDR0089,BOOK_C,2025-02-24
TXN0000673859,APP012,2025-05-17,settled,674222.32,GBP,LATAM,CP0101,OPTION,TDR0187,BOOK_C,2026-01-29
TXN0003763865,APP017,2025-06-24,settled,640170.19,GBP,EMEA,CP0474,OPTION,TDR0135,BOOK_D,2025-02-03
TXN0007255703,APP010,2025-10-16,pending,476195.59,CHF,AMER,CP0383,FUTURE,TDR0126,BOOK_B,2026-02-21
TXN0004064646,APP001,2026-03-02,failed,107715.7,EUR,APAC,CP0125,OPTION,TDR0068,BOOK_B,2025-05-06
TXN0007572901,APP004,2025-04-07,active,284017.63,AUD,EMEA,CP0153,FX,TDR0031,BOOK_C,2025-09-29
TXN0002790649,APP006,2025-09-21,settled,756365.82,CHF,APAC,CP0460,SWAP,TDR0108,BOOK_C,2026-01-31
TXN0001032870,APP010,2026-03-04,failed,260011.61,EUR,EMEA,CP0409,FUTURE,TDR0058,BOOK_A,2026-02-08
TXN0009473990,APP017,2025-04-16,active,899184.97,EUR,APAC,CP0197,FX,TDR0149,BOOK_D,2025-01-09
TXN0005383540,APP017,2025-01-02,pending,195761.22,GBP,AMER,CP0442,EQUITY,TDR0100,BOOK_C,2025-08-21
TXN0007353696,APP009,2025-08-09,pending,813763.75,CHF,EMEA,CP0470,OPTION,TDR0109,BOOK_B,2025-09-21
TXN0009475433,APP001,2026-03-16,settled,779616.62,EUR,APAC,CP0481,OPTION,TDR0049,BOOK_C,2025-11-19
TXN0004777688,APP008,2026-02-24,active,741335.21,EUR,AMER,CP0370,OPTION,TDR0086,BOOK_D,2025-06-16
TXN0009152937,APP006,2026-01-30,settled,579923.58,AUD,APAC,CP0191,SWAP,TDR0104,BOOK_B,2025-09-07
TXN0008627782,APP018,2025-03-11,reversed,329410.4,JPY,LATAM,CP0023,SWAP,TDR0096,BOOK_D,2025-11-29
TXN0007417215,APP005,2025-11-19,pending,435893.36,EUR,LATAM,CP0209,EQUITY,TDR0055,BOOK_A,2025-10-16
TXN0000377271,APP015,2025-10-25,reversed,690285.44,USD,APAC,CP0474,BOND,TDR0105,BOOK_C,2025-01-08
TXN0008212286,APP018,2025-08-29,reversed,684103.43,AUD,APAC,CP0499,OPTION,TDR0155,BOOK_A,2026-02-05
TXN0007608489,APP013,2025-12-11,settled,662691.3,EUR,EMEA,CP0286,EQUITY,TDR0145,BOOK_A,2025-07-14
TXN0000401710,APP019,2026-01-15,reversed,182559.57,EUR,AMER,CP0411,FUTURE,TDR0041,BOOK_C,2026-04-03
TXN0004752932,APP002,2025-08-08,reversed,314376.71,USD,AMER,CP0020,EQUITY,TDR0123,BOOK_D,2026-02-02
TXN0002641320,APP009,2025-07-25,pending,245588.2,CHF,LATAM,CP0467,BOND,TDR0181,BOOK_A,2026-01-09
TXN0002621071,APP009,2025-02-09,active,186579.7,AUD,EMEA,CP0042,EQUITY,TDR0090,BOOK_A,2026-02-04
TXN0003911814,APP001,2025-07-26,settled,356665.69,USD,EMEA,CP0261,OPTION,TDR0112,BOOK_D,2026-01-05
TXN0004346801,APP013,2025-01-28,reversed,168900.12,EUR,APAC,CP0156,FX,TDR0015,BOOK_C,2026-01-01
TXN0000059070,APP004,2025-08-13,pending,130745.33,CHF,LATAM,CP0380,SWAP,TDR0151,BOOK_B,2025-03-24
TXN0002068858,APP010,2025-02-13,pending,302932.58,CHF,AMER,CP0243,SWAP,TDR0121,BOOK_C,2025-01-12
TXN0005624218,APP011,2025-01-12,settled,244959.55,AUD,LATAM,CP0091,BOND,TDR0061,BOOK_A,2026-03-30
TXN0002747121,APP008,2026-01-23,reversed,306671.39,AUD,LATAM,CP0224,SWAP,TDR0056,BOOK_C,2025-11-16
TXN0003505394,APP004,2026-01-24,reversed,314644.22,GBP,LATAM,CP0358,BOND,TDR0127,BOOK_D,2025-12-30
TXN0004421695,APP020,2026-01-22,active,327448.78,CHF,LATAM,CP0249,FX,TDR0129,BOOK_A,2025-12-24
TXN0000364275,APP018,2025-10-14,reversed,286947.71,CHF,APAC,CP0495,FX,TDR0138,BOOK_B,2025-02-19
TXN0007470311,APP018,2026-02-06,active,461440.61,CHF,AMER,CP0196,BOND,TDR0063,BOOK_A,2025-02-05
TXN0002485865,APP002,2026-03-16,pending,875892.05,GBP,EMEA,CP0068,BOND,TDR0191,BOOK_A,2025-09-26
TXN0008907025,APP010,2025-03-10,pending,453165.64,JPY,APAC,CP0262,BOND,TDR0102,BOOK_C,2025-10-28
TXN0000607331,APP017,2025-03-31,reversed,574652.01,GBP,LATAM,CP0412,EQUITY,TDR0027,BOOK_C,2025-05-02
TXN0006698320,APP003,2025-09-08,reversed,836247.61,JPY,AMER,CP0254,BOND,TDR0182,BOOK_D,2025-02-15
TXN0001603378,APP005,2025-01-25,active,492159.77,AUD,EMEA,CP0271,EQUITY,TDR0132,BOOK_C,2025-08-11
TXN0002562866,APP018,2025-02-01,failed,664108.7,AUD,EMEA,CP0224,FUTURE,TDR0158,BOOK_C,2025-08-30
TXN0001930198,APP018,2026-02-05,pending,249876.5,JPY,EMEA,CP0437,OPTION,TDR0088,BOOK_D,2025-10-30
TXN0001904743,APP001,2025-02-19,reversed,620712.6,USD,LATAM,CP0209,FX,TDR0082,BOOK_D,2025-05-03
TXN0000543737,APP003,2025-07-13,reversed,230626.63,USD,LATAM,CP0323,FX,TDR0076,BOOK_B,2025-04-07
TXN0000390130,APP014,2025-05-19,failed,753262.08,GBP,EMEA,CP0484,OPTION,TDR0192,BOOK_C,2026-03-27
TXN0005597646,APP001,2025-08-03,reversed,574541.85,USD,EMEA,CP0473,EQUITY,TDR0098,BOOK_D,2026-03-30
TXN0008831870,APP009,2025-10-29,failed,740376.77,AUD,APAC,CP0306,FUTURE,TDR0052,BOOK_D,2025-11-11
TXN0006633597,APP007,2025-10-03,active,333402.34,GBP,LATAM,CP0012,SWAP,TDR0174,BOOK_C,2025-12-20
TXN0006378021,APP016,2025-03-07,pending,541371.35,USD,EMEA,CP0307,BOND,TDR0168,BOOK_A,2025-05-21
TXN0002383245,APP004,2025-10-30,pending,214401.09,GBP,APAC,CP0226,FX,TDR0126,BOOK_A,2025-12-31
TXN0009515677,APP004,2026-02-07,active,228301.63,CHF,LATAM,CP0312,BOND,TDR0192,BOOK_C,2025-10-11
TXN0002017993,APP018,2026-04-08,failed,399013.86,EUR,LATAM,CP0491,OPTION,TDR0015,BOOK_A,2025-07-15
TXN0009940344,APP019,2026-01-31,failed,313131.26,CHF,EMEA,CP0249,EQUITY,TDR0078,BOOK_A,2025-07-06
TXN0009125273,APP010,2025-10-15,pending,960982.11,GBP,APAC,CP0320,BOND,TDR0168,BOOK_C,2025-01-05
TXN0005983615,APP005,2025-12-02,failed,324625.26,AUD,APAC,CP0229,BOND,TDR0077,BOOK_B,2025-06-20
TXN0009010777,APP015,2025-01-09,active,912563.29,CHF,EMEA,CP0414,FUTURE,TDR0119,BOOK_B,2026-03-25
TXN0006187068,APP006,2025-08-21,failed,83176.07,AUD,EMEA,CP0039,SWAP,TDR0108,BOOK_C,2025-08-26
TXN0008137529,APP003,2026-03-17,settled,100195.41,USD,LATAM,CP0343,EQUITY,TDR0136,BOOK_C,2026-03-13
TXN0008346699,APP009,2026-03-16,reversed,527656.24,USD,AMER,CP0041,SWAP,TDR0113,BOOK_A,2025-08-30
TXN0000180749,APP006,2025-03-31,settled,222408.89,EUR,APAC,CP0433,OPTION,TDR0007,BOOK_D,2025-09-30
TXN0005764808,APP014,2026-03-26,settled,33883.25,GBP,EMEA,CP0386,SWAP,TDR0126,BOOK_B,2026-01-13
TXN0002987163,APP015,2025-05-14,reversed,665002.35,EUR,LATAM,CP0338,EQUITY,TDR0064,BOOK_D,2026-04-03
TXN0007431251,APP001,2025-11-18,settled,302781.57,GBP,AMER,CP0345,SWAP,TDR0135,BOOK_B,2025-11-25
TXN0007426748,APP005,2025-03-27,pending,27920.23,CHF,AMER,CP0106,FUTURE,TDR0078,BOOK_C,2025-04-24
TXN0008617747,APP007,2025-12-28,settled,126037.92,CHF,LATAM,CP0188,FUTURE,TDR0019,BOOK_B,2026-01-15
TXN0009559801,APP008,2025-04-01,active,931377.98,USD,AMER,CP0126,SWAP,TDR0110,BOOK_D,2025-01-26
TXN0003409603,APP017,2025-01-06,settled,419463.67,AUD,AMER,CP0151,FX,TDR0049,BOOK_A,2026-02-05
TXN0004958111,APP015,2025-11-23,pending,905200.4,GBP,EMEA,CP0295,FUTURE,TDR0186,BOOK_D,2026-04-04
TXN0003196970,APP005,2025-03-20,pending,169229.09,EUR,LATAM,CP0312,BOND,TDR0008,BOOK_B,2025-02-07
TXN0000604282,APP019,2026-04-06,pending,926415.42,USD,APAC,CP0468,BOND,TDR0182,BOOK_C,2026-01-16
TXN0007622712,APP006,2025-10-02,failed,146496.25,USD,APAC,CP0128,FUTURE,TDR0089,BOOK_A,2026-02-01
TXN0004777470,APP005,2025-01-09,failed,457279.91,USD,APAC,CP0202,OPTION,TDR0125,BOOK_D,2026-01-24
TXN0002558717,APP016,2025-09-25,pending,28251.75,USD,APAC,CP0323,SWAP,TDR0054,BOOK_A,2025-07-18
TXN0006215252,APP010,2025-02-09,reversed,797496.91,JPY,LATAM,CP0187,SWAP,TDR0153,BOOK_A,2026-01-21
TXN0000536703,APP003,2025-08-13,reversed,90983.53,GBP,APAC,CP0222,OPTION,TDR0069,BOOK_B,2026-02-21
TXN0004254048,APP011,2025-12-25,settled,413659.26,CHF,AMER,CP0485,OPTION,TDR0172,BOOK_A,2025-06-13
TXN0002140806,APP001,2026-03-23,pending,462683.41,GBP,APAC,CP0359,BOND,TDR0055,BOOK_B,2026-04-09
TXN0007237641,APP010,2025-07-01,failed,436870.59,GBP,EMEA,CP0236,OPTION,TDR0197,BOOK_B,2025-04-01
TXN0000935955,APP010,2025-02-19,settled,760950.93,JPY,LATAM,CP0293,SWAP,TDR0015,BOOK_B,2025-02-25
TXN0007217511,APP004,2025-07-28,settled,738866.29,EUR,AMER,CP0465,BOND,TDR0158,BOOK_C,2026-02-10
TXN0005213815,APP015,2026-01-31,reversed,482569.54,CHF,EMEA,CP0010,FX,TDR0124,BOOK_D,2025-05-19
TXN0008285281,APP017,2026-03-25,settled,608029.66,GBP,APAC,CP0377,SWAP,TDR0111,BOOK_D,2025-03-23
TXN0009330276,APP011,2026-01-10,pending,699502.47,GBP,LATAM,CP0186,FUTURE,TDR0188,BOOK_C,2025-11-22
TXN0006607781,APP016,2025-12-13,active,237508.56,CHF,APAC,CP0478,FUTURE,TDR0008,BOOK_C,2026-02-22
TXN0007583024,APP012,2025-12-26,active,713767.65,GBP,LATAM,CP0474,FUTURE,TDR0180,BOOK_B,2025-03-19
TXN0009440122,APP015,2025-12-02,failed,875546.05,EUR,EMEA,CP0126,EQUITY,TDR0102,BOOK_C,2025-08-27
TXN0002109830,APP014,2025-12-10,pending,495926.21,GBP,APAC,CP0363,SWAP,TDR0015,BOOK_A,2025-12-06
TXN0009393888,APP008,2025-04-08,failed,392862.12,CHF,LATAM,CP0474,OPTION,TDR0094,BOOK_C,2026-02-22
TXN0009173154,APP020,2025-04-09,reversed,178935.4,USD,EMEA,CP0151,SWAP,TDR0180,BOOK_A,2025-02-17
TXN0009497995,APP008,2025-10-09,settled,558864.95,EUR,EMEA,CP0120,FX,TDR0045,BOOK_D,2026-04-07
TXN0008704527,APP004,2025-01-13,pending,564593.8,AUD,APAC,CP0030,EQUITY,TDR0121,BOOK_D,2025-04-29
TXN0000914852,APP001,2025-11-16,reversed,555911.21,JPY,EMEA,CP0215,EQUITY,TDR0198,BOOK_C,2026-01-01
TXN0000308920,APP007,2025-05-01,reversed,318313.6,EUR,APAC,CP0111,OPTION,TDR0191,BOOK_C,2025-05-29
TXN0001718344,APP009,2025-10-25,failed,661678.03,CHF,LATAM,CP0069,SWAP,TDR0172,BOOK_B,2025-05-28
TXN0004973631,APP013,2025-07-16,reversed,976572.66,EUR,AMER,CP0448,SWAP,TDR0002,BOOK_D,2025-05-22
TXN0002214557,APP001,2025-05-26,settled,962874.91,USD,LATAM,CP0273,EQUITY,TDR0103,BOOK_A,2025-03-08
TXN0008520679,APP018,2025-09-13,pending,832655.76,EUR,LATAM,CP0255,BOND,TDR0166,BOOK_B,2025-03-10
TXN0005870971,APP005,2025-07-09,active,1111.51,CHF,APAC,CP0174,FX,TDR0026,BOOK_B,2025-07-19
TXN0000864926,APP019,2025-01-31,reversed,758430.64,CHF,EMEA,CP0292,SWAP,TDR0138,BOOK_B,2026-03-21
TXN0004482761,APP010,2026-04-06,active,636776.96,AUD,EMEA,CP0293,OPTION,TDR0122,BOOK_D,2025-07-24
TXN0001317070,APP008,2025-12-31,settled,982493.81,AUD,AMER,CP0055,FUTURE,TDR0136,BOOK_C,2025-07-19
TXN0006163295,APP009,2025-02-01,pending,367437.35,JPY,APAC,CP0196,FX,TDR0043,BOOK_B,2025-05-31
TXN0008587530,APP012,2025-04-26,pending,325673.19,GBP,EMEA,CP0085,FX,TDR0170,BOOK_C,2025-10-22
TXN0005858983,APP015,2026-02-22,reversed,390809.38,JPY,AMER,CP0176,EQUITY,TDR0092,BOOK_B,2025-02-20
TXN0000332362,APP010,2025-01-06,reversed,132686.46,JPY,AMER,CP0300,FX,TDR0186,BOOK_B,2025-04-24
TXN0003250976,APP011,2025-12-18,failed,997489.69,USD,EMEA,CP0054,EQUITY,TDR0118,BOOK_B,2025-08-04
TXN0003388875,APP013,2025-07-28,settled,257059.95,CHF,AMER,CP0221,FX,TDR0146,BOOK_D,2025-10-24
TXN0003388202,APP007,2025-07-16,pending,669132.04,AUD,AMER,CP0248,FUTURE,TDR0016,BOOK_A,2025-09-22
TXN0003898275,APP004,2025-10-03,pending,298833.63,AUD,EMEA,CP0392,EQUITY,TDR0054,BOOK_A,2026-02-05
TXN0003938130,APP005,2026-01-23,active,454040.8,USD,LATAM,CP0263,BOND,TDR0042,BOOK_A,2025-12-10
TXN0005834036,APP017,2026-01-22,settled,706199.81,JPY,APAC,CP0384,FUTURE,TDR0147,BOOK_A,2025-03-05
TXN0004131562,APP003,2025-10-29,reversed,354109.71,AUD,LATAM,CP0143,FUTURE,TDR0113,BOOK_C,2025-01-30
TXN0004288508,APP012,2025-11-25,failed,359051.15,CHF,APAC,CP0218,EQUITY,TDR0010,BOOK_D,2026-03-23
TXN0002156927,APP019,2025-09-28,failed,871677.32,GBP,EMEA,CP0374,EQUITY,TDR0078,BOOK_B,2026-03-30
TXN0008697445,APP001,2025-12-18,failed,896153.66,EUR,AMER,CP0260,OPTION,TDR0139,BOOK_D,2025-04-06
TXN0004419575,APP012,2026-02-11,pending,137759.24,JPY,APAC,CP0354,EQUITY,TDR0044,BOOK_A,2025-06-18
TXN0006103662,APP006,2025-11-28,settled,135923.79,EUR,APAC,CP0355,EQUITY,TDR0039,BOOK_B,2025-08-31
TXN0001732074,APP010,2025-12-06,pending,936955.22,GBP,LATAM,CP0070,BOND,TDR0025,BOOK_A,2025-12-07
TXN0000395604,APP020,2025-04-23,settled,109216.37,EUR,APAC,CP0127,BOND,TDR0182,BOOK_B,2026-02-14
TXN0003305069,APP009,2026-01-20,settled,582548.09,USD,EMEA,CP0270,SWAP,TDR0070,BOOK_D,2025-08-04
TXN0003763069,APP017,2025-03-26,settled,8859.34,GBP,AMER,CP0003,EQUITY,TDR0023,BOOK_C,2025-08-31
TXN0001277132,APP002,2026-03-06,pending,582551.01,USD,AMER,CP0008,SWAP,TDR0164,BOOK_B,2025-07-04
TXN0000368436,APP002,2025-11-03,pending,97542.89,USD,AMER,CP0371,OPTION,TDR0005,BOOK_C,2025-07-23
TXN0008003003,APP014,2025-04-18,failed,659173.79,EUR,EMEA,CP0055,EQUITY,TDR0030,BOOK_A,2025-01-14
TXN0006687128,APP016,2026-03-27,pending,124278.3,GBP,APAC,CP0453,EQUITY,TDR0137,BOOK_A,2026-03-02
TXN0008395344,APP014,2025-07-08,pending,205229.07,GBP,EMEA,CP0093,SWAP,TDR0091,BOOK_D,2025-09-12
TXN0006022578,APP005,2025-09-20,settled,816290.47,USD,EMEA,CP0462,FX,TDR0018,BOOK_D,2025-02-18
TXN0000614940,APP003,2026-01-22,failed,916000.01,CHF,LATAM,CP0047,SWAP,TDR0059,BOOK_B,2025-08-26
TXN0003765644,APP010,2026-03-13,settled,463162.49,CHF,APAC,CP0477,FX,TDR0100,BOOK_B,2025-07-22
TXN0000863789,APP010,2025-04-26,reversed,143774.88,AUD,AMER,CP0183,EQUITY,TDR0034,BOOK_C,2025-10-29
TXN0006818142,APP004,2025-05-20,active,626668.15,USD,LATAM,CP0052,FX,TDR0134,BOOK_A,2026-04-12
TXN0003951857,APP017,2025-03-26,failed,59095.43,JPY,APAC,CP0381,BOND,TDR0196,BOOK_B,2025-11-11
TXN0005024110,APP016,2025-07-06,active,250635.89,EUR,EMEA,CP0326,OPTION,TDR0020,BOOK_C,2025-08-10
TXN0009338242,APP013,2025-07-30,active,363455.14,EUR,EMEA,CP0394,FX,TDR0080,BOOK_B,2025-05-11
TXN0002958021,APP011,2025-09-05,settled,618693.84,AUD,APAC,CP0081,FX,TDR0149,BOOK_B,2025-05-23
TXN0000944413,APP017,2025-12-24,active,743903.47,USD,LATAM,CP0095,BOND,TDR0196,BOOK_D,2025-10-17
TXN0007073451,APP014,2025-02-26,failed,484918.06,USD,LATAM,CP0082,OPTION,TDR0083,BOOK_C,2025-01-19
TXN0000479446,APP005,2025-01-08,failed,13719.19,JPY,EMEA,CP0045,FX,TDR0076,BOOK_B,2025-03-01
TXN0003774849,APP004,2025-05-22,failed,569630.12,USD,LATAM,CP0455,FUTURE,TDR0183,BOOK_D,2025-03-25
TXN0004566673,APP009,2025-07-24,settled,638033.43,CHF,APAC,CP0131,OPTION,TDR0016,BOOK_B,2025-09-07
TXN0002811744,APP002,2025-12-08,reversed,766777.85,JPY,EMEA,CP0412,FX,TDR0043,BOOK_D,2025-05-28
TXN0007827440,APP016,2025-06-11,failed,481720.54,USD,EMEA,CP0058,FX,TDR0164,BOOK_D,2025-05-18
TXN0004592163,APP013,2025-06-08,active,593046.67,GBP,EMEA,CP0051,BOND,TDR0076,BOOK_A,2025-08-31
TXN0009805838,APP005,2025-01-08,reversed,68512.29,GBP,AMER,CP0331,OPTION,TDR0172,BOOK_C,2025-06-24
TXN0000653589,APP010,2025-05-19,reversed,380889.06,AUD,APAC,CP0160,BOND,TDR0110,BOOK_B,2026-02-26
TXN0003754576,APP012,2026-01-30,active,53116.48,USD,LATAM,CP0492,OPTION,TDR0181,BOOK_C,2025-10-02
TXN0008616233,APP010,2025-11-19,active,92990.49,JPY,EMEA,CP0095,FUTURE,TDR0033,BOOK_C,2025-02-09
TXN0003423172,APP014,2025-01-08,pending,121195.26,GBP,APAC,CP0399,FUTURE,TDR0144,BOOK_A,2025-04-19
TXN0007237193,APP007,2025-08-31,settled,834864.68,EUR,AMER,CP0046,FX,TDR0151,BOOK_B,2026-02-05
TXN0006074355,APP016,2025-12-08,active,609401.12,AUD,AMER,CP0476,FUTURE,TDR0152,BOOK_D,2025-06-19
TXN0001992990,APP006,2025-10-31,active,53264.98,CHF,AMER,CP0226,FUTURE,TDR0146,BOOK_D,2025-08-23
TXN0001646142,APP002,2025-01-15,failed,871280.82,GBP,LATAM,CP0067,FUTURE,TDR0042,BOOK_D,2025-07-05
TXN0007791320,APP006,2025-12-15,active,803586.72,GBP,EMEA,CP0024,EQUITY,TDR0129,BOOK_D,2025-09-03
TXN0000861287,APP011,2025-11-26,reversed,757810.63,GBP,EMEA,CP0301,FUTURE,TDR0097,BOOK_A,2025-10-09
TXN0001677069,APP006,2025-01-17,active,284933.68,JPY,LATAM,CP0203,SWAP,TDR0049,BOOK_A,2025-09-28
TXN0004251760,APP003,2026-03-24,pending,42041.56,JPY,LATAM,CP0104,EQUITY,TDR0055,BOOK_D,2025-07-17
TXN0005094592,APP013,2026-03-12,failed,774768.09,EUR,LATAM,CP0465,FUTURE,TDR0131,BOOK_B,2025-09-09
TXN0009056769,APP001,2025-10-21,settled,229431.66,AUD,LATAM,CP0102,BOND,TDR0177,BOOK_D,2025-04-25
TXN0001918396,APP011,2026-03-13,failed,981446.22,JPY,EMEA,CP0033,SWAP,TDR0160,BOOK_C,2025-09-13
TXN0006954915,APP007,2025-09-06,settled,129056.82,JPY,AMER,CP0063,SWAP,TDR0124,BOOK_A,2025-05-19
TXN0003739915,APP010,2026-02-21,settled,197564.02,EUR,APAC,CP0487,OPTION,TDR0042,BOOK_A,2025-05-19
TXN0005123687,APP001,2025-09-15,failed,417107.19,AUD,AMER,CP0330,EQUITY,TDR0157,BOOK_B,2026-01-11
TXN0001253820,APP005,2025-05-31,pending,151774.11,AUD,AMER,CP0477,FX,TDR0157,BOOK_A,2025-05-12
TXN0000826740,APP003,2025-10-04,failed,946581.24,EUR,EMEA,CP0360,BOND,TDR0173,BOOK_C,2026-03-21
TXN0000856499,APP004,2025-10-28,failed,668699.49,GBP,AMER,CP0247,OPTION,TDR0132,BOOK_A,2025-03-25
TXN0005214826,APP002,2025-03-12,settled,419094.44,USD,EMEA,CP0414,SWAP,TDR0008,BOOK_D,2025-01-12
TXN0004524408,APP016,2025-12-22,active,88274.07,GBP,APAC,CP0439,EQUITY,TDR0078,BOOK_B,2025-10-21
TXN0008188185,APP005,2025-04-14,reversed,839021.57,GBP,EMEA,CP0403,FX,TDR0106,BOOK_C,2025-12-21
TXN0005142818,APP013,2025-11-16,pending,175518.19,GBP,LATAM,CP0087,SWAP,TDR0175,BOOK_A,2025-08-14
TXN0005017921,APP007,2025-04-22,reversed,425619.96,EUR,APAC,CP0116,SWAP,TDR0013,BOOK_B,2025-12-15
TXN0001784690,APP010,2025-02-11,reversed,585907.15,USD,LATAM,CP0449,BOND,TDR0068,BOOK_C,2025-11-20
TXN0000891264,APP001,2025-12-05,reversed,138256.07,USD,AMER,CP0359,EQUITY,TDR0149,BOOK_C,2025-03-18
TXN0005386137,APP008,2025-02-24,active,279783.72,EUR,APAC,CP0366,OPTION,TDR0149,BOOK_C,2025-02-23
TXN0000884842,APP002,2026-03-25,settled,273410.59,EUR,APAC,CP0298,FUTURE,TDR0156,BOOK_C,2025-06-19
TXN0002857688,APP014,2025-06-07,reversed,519711.97,AUD,APAC,CP0243,SWAP,TDR0077,BOOK_D,2025-03-29
TXN0008210309,APP016,2026-03-17,settled,652223.56,USD,LATAM,CP0304,EQUITY,TDR0051,BOOK_C,2025-08-31
TXN0003728712,APP015,2025-05-31,active,462793.26,JPY,EMEA,CP0132,EQUITY,TDR0166,BOOK_A,2025-10-06
TXN0006601618,APP020,2025-01-31,settled,533017.93,GBP,AMER,CP0054,BOND,TDR0120,BOOK_D,2025-12-29
TXN0006409273,APP002,2026-02-15,active,719875.01,CHF,EMEA,CP0388,BOND,TDR0142,BOOK_A,2025-09-09
TXN0004414000,APP020,2025-02-11,settled,865809.1,EUR,AMER,CP0312,OPTION,TDR0044,BOOK_C,2025-11-18
TXN0000299268,APP004,2025-07-03,reversed,488834.06,EUR,EMEA,CP0078,BOND,TDR0108,BOOK_A,2026-03-23
TXN0000546717,APP002,2025-11-29,active,926512.57,CHF,LATAM,CP0164,SWAP,TDR0074,BOOK_A,2026-03-03
TXN0007369780,APP008,2025-04-13,pending,129573.36,USD,AMER,CP0481,OPTION,TDR0138,BOOK_B,2025-03-30
TXN0009246279,APP016,2026-02-23,reversed,986168.24,USD,EMEA,CP0368,EQUITY,TDR0019,BOOK_B,2025-09-13
TXN0009023779,APP007,2025-03-08,pending,95100.93,EUR,AMER,CP0034,OPTION,TDR0037,BOOK_A,2025-06-23
TXN0001857399,APP019,2026-01-16,settled,916215.77,GBP,AMER,CP0144,FX,TDR0036,BOOK_B,2025-01-11
TXN0003817485,APP013,2026-03-30,failed,486077.84,USD,LATAM,CP0045,SWAP,TDR0069,BOOK_A,2026-03-24
TXN0006463273,APP014,2025-10-08,pending,213043.98,EUR,AMER,CP0331,FX,TDR0127,BOOK_C,2026-03-01
TXN0004549261,APP017,2025-04-02,active,357944.85,USD,EMEA,CP0225,FUTURE,TDR0030,BOOK_B,2025-01-01
TXN0005951706,APP018,2025-04-22,reversed,865839.2,GBP,EMEA,CP0342,EQUITY,TDR0147,BOOK_A,2026-02-26
TXN0007835937,APP017,2025-09-09,reversed,513818.85,GBP,LATAM,CP0202,EQUITY,TDR0002,BOOK_A,2025-10-28
TXN0004470984,APP014,2025-03-22,active,139363.47,CHF,EMEA,CP0310,OPTION,TDR0103,BOOK_C,2025-03-07
TXN0009696957,APP003,2025-05-19,reversed,771244.0,GBP,LATAM,CP0134,SWAP,TDR0004,BOOK_D,2025-05-01
TXN0009246763,APP009,2025-11-23,settled,873901.67,CHF,LATAM,CP0115,FX,TDR0018,BOOK_B,2025-11-09
TXN0007284334,APP004,2025-03-25,active,694531.01,GBP,EMEA,CP0303,SWAP,TDR0102,BOOK_D,2026-03-04
TXN0009177708,APP015,2025-06-21,pending,50252.56,AUD,LATAM,CP0184,FX,TDR0135,BOOK_C,2025-08-19
TXN0005310995,APP001,2025-04-21,failed,520749.97,CHF,LATAM,CP0443,FUTURE,TDR0161,BOOK_B,2025-01-01
TXN0004182116,APP004,2025-02-08,active,364112.83,EUR,EMEA,CP0426,FX,TDR0090,BOOK_B,2025-04-24
TXN0004352161,APP004,2025-03-30,reversed,452248.87,AUD,EMEA,CP0299,OPTION,TDR0057,BOOK_C,2025-12-02
TXN0002360233,APP014,2025-05-31,settled,512657.58,AUD,EMEA,CP0033,SWAP,TDR0045,BOOK_C,2025-04-18
TXN0008522256,APP011,2025-01-19,settled,291684.19,EUR,AMER,CP0048,BOND,TDR0091,BOOK_B,2025-03-22
TXN0004781680,APP019,2025-05-01,failed,941658.1,CHF,APAC,CP0134,FX,TDR0105,BOOK_C,2026-01-24
TXN0005367200,APP002,2025-01-17,active,165620.04,JPY,APAC,CP0353,FUTURE,TDR0147,BOOK_D,2025-07-20
TXN0002919368,APP015,2025-08-09,failed,336604.62,USD,APAC,CP0100,FX,TDR0130,BOOK_D,2025-08-28
TXN0001260835,APP010,2025-08-09,active,35603.57,USD,AMER,CP0014,SWAP,TDR0200,BOOK_D,2025-08-14
TXN0008326637,APP004,2025-09-13,active,986790.11,EUR,EMEA,CP0039,FUTURE,TDR0011,BOOK_A,2025-06-23
TXN0000242684,APP005,2025-02-15,reversed,4907.9,AUD,EMEA,CP0209,OPTION,TDR0025,BOOK_A,2025-02-19
TXN0008519147,APP013,2025-02-21,settled,575208.09,GBP,EMEA,CP0163,FUTURE,TDR0143,BOOK_A,2025-10-05
TXN0006397310,APP015,2025-12-18,failed,491816.79,USD,LATAM,CP0077,EQUITY,TDR0163,BOOK_A,2025-08-12
TXN0002477661,APP016,2025-09-20,failed,410663.6,USD,EMEA,CP0325,OPTION,TDR0200,BOOK_D,2025-02-09
TXN0000418290,APP016,2025-10-22,pending,173541.83,JPY,EMEA,CP0343,OPTION,TDR0131,BOOK_A,2025-09-17
TXN0009891868,APP020,2025-11-26,active,309320.99,CHF,LATAM,CP0263,BOND,TDR0108,BOOK_D,2025-04-06
TXN0005102326,APP017,2026-02-17,settled,784674.64,GBP,APAC,CP0494,EQUITY,TDR0114,BOOK_B,2026-03-01
TXN0000681121,APP010,2025-02-20,active,463177.81,CHF,EMEA,CP0480,OPTION,TDR0027,BOOK_B,2025-08-09
TXN0003383608,APP009,2025-11-03,active,712125.75,EUR,EMEA,CP0417,OPTION,TDR0137,BOOK_D,2025-02-18
TXN0004217102,APP011,2025-07-02,active,223285.67,AUD,LATAM,CP0227,FUTURE,TDR0140,BOOK_B,2025-09-03
TXN0007058042,APP002,2026-04-01,active,181270.66,JPY,AMER,CP0117,OPTION,TDR0164,BOOK_A,2025-04-03
TXN0004299295,APP003,2025-12-22,failed,731606.42,AUD,AMER,CP0490,FX,TDR0117,BOOK_D,2025-11-08
TXN0009702162,APP001,2026-04-09,settled,756390.33,GBP,EMEA,CP0375,OPTION,TDR0149,BOOK_B,2025-06-30
TXN0000583616,APP008,2025-11-19,pending,74130.96,CHF,EMEA,CP0102,FUTURE,TDR0175,BOOK_C,2025-09-25
TXN0003342360,APP015,2025-02-28,settled,153931.65,GBP,APAC,CP0366,BOND,TDR0078,BOOK_C,2026-02-02
TXN0001113530,APP012,2025-12-31,pending,10711.72,GBP,AMER,CP0476,EQUITY,TDR0054,BOOK_D,2026-03-28
TXN0004761953,APP004,2025-03-09,settled,312996.53,AUD,AMER,CP0467,EQUITY,TDR0119,BOOK_A,2025-04-10
TXN0002117989,APP015,2025-08-07,active,368940.36,GBP,APAC,CP0078,FUTURE,TDR0121,BOOK_B,2026-01-15
TXN0004307991,APP004,2025-03-18,active,740842.09,GBP,AMER,CP0455,SWAP,TDR0125,BOOK_C,2025-05-09
TXN0009739846,APP006,2026-01-14,reversed,148403.92,JPY,EMEA,CP0183,SWAP,TDR0001,BOOK_C,2025-05-24
TXN0009820425,APP001,2026-01-27,pending,409042.27,USD,EMEA,CP0448,FUTURE,TDR0139,BOOK_C,2025-06-19
TXN0004600662,APP017,2025-04-07,reversed,409365.93,CHF,AMER,CP0367,EQUITY,TDR0023,BOOK_C,2025-04-09
TXN0007560266,APP003,2025-11-12,failed,248224.55,GBP,EMEA,CP0169,FUTURE,TDR0181,BOOK_B,2026-01-20
TXN0001280886,APP016,2025-09-09,failed,189873.82,CHF,EMEA,CP0355,OPTION,TDR0113,BOOK_B,2025-11-16
TXN0001670860,APP018,2025-09-05,pending,30689.69,AUD,AMER,CP0469,FUTURE,TDR0180,BOOK_D,2025-10-19
TXN0006773026,APP015,2025-07-09,active,20240.44,GBP,APAC,CP0121,FX,TDR0032,BOOK_D,2025-05-21
TXN0000671550,APP011,2025-07-10,reversed,485675.57,GBP,EMEA,CP0158,OPTION,TDR0141,BOOK_B,2025-01-17
TXN0007468707,APP017,2026-03-24,reversed,844940.04,EUR,LATAM,CP0016,BOND,TDR0169,BOOK_D,2025-10-28
TXN0007478906,APP003,2026-02-23,reversed,288162.65,JPY,APAC,CP0405,OPTION,TDR0108,BOOK_C,2025-09-11
TXN0008723702,APP020,2026-01-08,active,727359.25,GBP,EMEA,CP0432,FUTURE,TDR0094,BOOK_D,2025-07-07
TXN0004688758,APP012,2025-05-29,failed,885670.62,USD,APAC,CP0198,FX,TDR0138,BOOK_A,2025-01-17
TXN0007884744,APP005,2025-12-18,failed,571321.32,CHF,APAC,CP0006,EQUITY,TDR0025,BOOK_B,2025-06-25
TXN0004261095,APP020,2025-10-29,settled,78971.03,CHF,EMEA,CP0159,OPTION,TDR0053,BOOK_B,2025-05-06
TXN0009673566,APP005,2025-12-05,pending,106922.21,EUR,EMEA,CP0005,EQUITY,TDR0106,BOOK_A,2026-02-15
TXN0001113077,APP009,2025-12-19,pending,416255.67,JPY,EMEA,CP0107,FUTURE,TDR0175,BOOK_B,2026-01-13
TXN0003477164,APP001,2025-11-24,failed,963886.26,CHF,APAC,CP0198,BOND,TDR0003,BOOK_D,2026-01-22
TXN0008115251,APP020,2025-03-03,settled,767149.17,EUR,LATAM,CP0077,BOND,TDR0180,BOOK_B,2025-03-12
TXN0004734339,APP011,2025-09-06,reversed,16653.37,GBP,APAC,CP0219,FUTURE,TDR0195,BOOK_D,2025-01-05
TXN0002635542,APP014,2025-11-24,settled,387456.92,JPY,AMER,CP0331,EQUITY,TDR0015,BOOK_A,2025-10-26
TXN0007230910,APP001,2025-10-13,failed,579043.39,EUR,AMER,CP0324,BOND,TDR0045,BOOK_A,2025-01-02
TXN0001519706,APP009,2025-02-20,active,956023.96,USD,LATAM,CP0194,BOND,TDR0111,BOOK_C,2026-01-15
TXN0009492450,APP020,2026-03-27,active,303616.56,JPY,LATAM,CP0470,FX,TDR0139,BOOK_D,2025-02-04
TXN0007445702,APP019,2025-06-04,reversed,171653.92,GBP,EMEA,CP0331,OPTION,TDR0106,BOOK_D,2025-11-26
TXN0007667302,APP020,2025-09-30,pending,659533.36,AUD,APAC,CP0088,OPTION,TDR0050,BOOK_A,2025-03-19
TXN0007737571,APP004,2025-07-31,failed,721009.06,GBP,AMER,CP0445,FX,TDR0142,BOOK_B,2026-01-27
TXN0003065704,APP015,2026-01-22,active,472678.8,AUD,EMEA,CP0109,OPTION,TDR0154,BOOK_A,2025-04-14
TXN0000654112,APP006,2025-07-19,reversed,788387.21,JPY,LATAM,CP0249,FUTURE,TDR0055,BOOK_B,2025-06-29
TXN0002448195,APP012,2025-03-27,pending,265336.25,EUR,AMER,CP0061,BOND,TDR0073,BOOK_C,2026-03-16
TXN0007484963,APP004,2025-04-04,settled,193715.16,CHF,LATAM,CP0447,SWAP,TDR0111,BOOK_C,2025-07-27
TXN0005222366,APP003,2025-08-30,active,788046.66,GBP,LATAM,CP0095,OPTION,TDR0196,BOOK_B,2025-02-08
TXN0000995870,APP007,2026-02-02,reversed,323044.46,AUD,EMEA,CP0243,FX,TDR0018,BOOK_A,2025-10-23
TXN0006777535,APP015,2025-01-17,pending,376928.06,EUR,AMER,CP0461,FUTURE,TDR0037,BOOK_C,2025-07-16
TXN0008430771,APP002,2025-08-26,reversed,844438.77,AUD,EMEA,CP0313,EQUITY,TDR0196,BOOK_D,2025-06-22
TXN0008501443,APP015,2026-02-01,failed,891771.72,EUR,APAC,CP0451,OPTION,TDR0084,BOOK_D,2026-02-12
TXN0004879475,APP019,2026-01-08,pending,345843.37,CHF,EMEA,CP0134,EQUITY,TDR0114,BOOK_B,2025-12-07
TXN0004132372,APP005,2026-03-30,reversed,309430.81,JPY,EMEA,CP0020,EQUITY,TDR0145,BOOK_B,2025-04-11
TXN0001391091,APP001,2026-02-20,pending,677360.23,EUR,APAC,CP0436,SWAP,TDR0043,BOOK_B,2025-12-08
TXN0008987319,APP013,2025-03-26,active,82575.71,JPY,APAC,CP0446,OPTION,TDR0057,BOOK_B,2025-05-20
TXN0002286800,APP003,2025-05-02,failed,572059.25,GBP,APAC,CP0161,FX,TDR0125,BOOK_D,2025-10-15
TXN0003767878,APP011,2026-01-01,pending,276426.43,USD,APAC,CP0464,OPTION,TDR0040,BOOK_C,2025-08-31
TXN0009387295,APP009,2026-03-10,failed,310814.84,USD,AMER,CP0362,SWAP,TDR0162,BOOK_C,2025-04-03
TXN0005513107,APP019,2025-08-14,failed,600891.47,EUR,LATAM,CP0429,OPTION,TDR0090,BOOK_A,2025-04-04
TXN0003698069,APP003,2025-09-13,settled,813588.7,JPY,AMER,CP0178,BOND,TDR0137,BOOK_A,2025-08-04
TXN0000004608,APP014,2025-05-06,active,714969.82,GBP,LATAM,CP0064,EQUITY,TDR0180,BOOK_B,2025-11-03
TXN0004651359,APP018,2026-03-20,settled,232958.58,AUD,APAC,CP0403,FX,TDR0028,BOOK_D,2025-03-28
TXN0000324239,APP005,2025-06-02,failed,426113.68,JPY,APAC,CP0235,FX,TDR0142,BOOK_D,2025-12-13
TXN0008438700,APP007,2026-04-06,settled,970990.16,GBP,LATAM,CP0361,OPTION,TDR0093,BOOK_B,2025-02-05
TXN0005979440,APP018,2025-05-06,pending,710625.79,USD,AMER,CP0117,FUTURE,TDR0130,BOOK_A,2025-07-21
TXN0004568866,APP004,2025-06-14,failed,581917.59,JPY,EMEA,CP0350,EQUITY,TDR0109,BOOK_C,2026-01-09
TXN0003335169,APP001,2025-09-01,active,127649.86,EUR,APAC,CP0383,EQUITY,TDR0153,BOOK_D,2025-08-09
TXN0000799418,APP003,2025-09-11,pending,612367.44,CHF,EMEA,CP0239,SWAP,TDR0078,BOOK_B,2025-03-13
TXN0005434393,APP015,2025-05-22,reversed,194542.92,AUD,EMEA,CP0206,EQUITY,TDR0063,BOOK_D,2025-11-01
TXN0006522240,APP008,2025-10-28,pending,969760.92,AUD,EMEA,CP0447,SWAP,TDR0153,BOOK_C,2025-07-14
TXN0005079780,APP012,2026-01-17,active,720329.95,CHF,LATAM,CP0391,OPTION,TDR0175,BOOK_A,2025-08-29
TXN0002388220,APP017,2025-02-17,pending,939856.9,JPY,AMER,CP0100,OPTION,TDR0171,BOOK_A,2025-03-03
TXN0004633402,APP017,2025-09-25,reversed,138547.72,USD,AMER,CP0487,BOND,TDR0169,BOOK_A,2025-10-14
TXN0000192470,APP008,2025-01-12,failed,20356.52,EUR,AMER,CP0107,FX,TDR0188,BOOK_D,2025-12-16
TXN0003111534,APP005,2026-03-24,reversed,888555.53,GBP,LATAM,CP0052,FX,TDR0084,BOOK_C,2025-12-27
TXN0000364938,APP014,2025-04-23,pending,375884.28,EUR,AMER,CP0020,BOND,TDR0104,BOOK_D,2025-04-04
TXN0009259121,APP014,2025-05-18,active,445990.21,AUD,LATAM,CP0230,SWAP,TDR0181,BOOK_C,2025-08-10
TXN0004708855,APP008,2025-07-14,settled,415690.45,JPY,EMEA,CP0368,FX,TDR0168,BOOK_C,2025-03-10
TXN0002987153,APP006,2025-12-26,reversed,822261.27,JPY,LATAM,CP0371,FUTURE,TDR0123,BOOK_B,2025-09-28
TXN0005085888,APP004,2026-02-06,failed,231090.72,EUR,EMEA,CP0230,FX,TDR0139,BOOK_B,2025-10-09
TXN0000148036,APP003,2025-07-30,reversed,539142.53,JPY,EMEA,CP0120,FUTURE,TDR0115,BOOK_B,2025-06-14
TXN0006710828,APP007,2025-06-22,failed,620537.35,GBP,LATAM,CP0247,BOND,TDR0132,BOOK_C,2025-03-05
TXN0006016093,APP002,2026-01-08,failed,723079.06,EUR,EMEA,CP0128,FX,TDR0073,BOOK_D,2026-04-10
TXN0006599216,APP013,2025-04-03,failed,144119.24,EUR,AMER,CP0263,FX,TDR0105,BOOK_A,2026-03-08
TXN0003709825,APP008,2025-07-25,settled,267531.21,AUD,EMEA,CP0257,OPTION,TDR0104,BOOK_A,2026-01-13
TXN0009789428,APP007,2025-04-11,pending,634635.84,USD,EMEA,CP0172,SWAP,TDR0153,BOOK_A,2025-12-17
TXN0007163056,APP004,2025-08-29,failed,91342.85,GBP,AMER,CP0188,OPTION,TDR0142,BOOK_B,2026-01-06
TXN0004182251,APP012,2026-03-06,failed,822527.74,CHF,LATAM,CP0071,OPTION,TDR0165,BOOK_A,2025-02-23
TXN0003671075,APP009,2025-03-24,active,699067.54,JPY,AMER,CP0473,BOND,TDR0155,BOOK_D,2025-01-26
TXN0002309402,APP003,2025-04-08,active,926967.71,CHF,APAC,CP0068,FUTURE,TDR0025,BOOK_C,2025-12-07
TXN0004089704,APP017,2025-12-11,settled,625965.18,GBP,APAC,CP0013,FUTURE,TDR0091,BOOK_B,2025-03-25
TXN0001432008,APP005,2025-02-12,reversed,969715.22,USD,AMER,CP0389,OPTION,TDR0003,BOOK_A,2025-03-26
TXN0000218831,APP002,2025-06-14,failed,445593.55,AUD,AMER,CP0154,OPTION,TDR0143,BOOK_B,2025-06-03
TXN0005369418,APP017,2025-03-28,settled,192975.96,AUD,APAC,CP0332,OPTION,TDR0017,BOOK_A,2026-01-22
TXN0001665592,APP020,2025-11-17,reversed,378877.62,GBP,LATAM,CP0172,SWAP,TDR0069,BOOK_B,2025-03-25
TXN0009190077,APP015,2025-05-26,reversed,861282.02,EUR,AMER,CP0444,BOND,TDR0009,BOOK_A,2026-03-14
TXN0003355335,APP001,2025-08-16,failed,717707.3,JPY,AMER,CP0106,OPTION,TDR0091,BOOK_B,2026-02-20
TXN0002492699,APP009,2025-05-23,active,840641.56,GBP,EMEA,CP0319,SWAP,TDR0079,BOOK_C,2026-02-09
TXN0005095616,APP008,2025-02-06,reversed,502245.12,GBP,LATAM,CP0138,SWAP,TDR0087,BOOK_B,2026-02-15
TXN0006297170,APP016,2025-05-08,pending,914155.77,USD,EMEA,CP0034,FUTURE,TDR0200,BOOK_C,2026-01-24
TXN0006699909,APP004,2025-11-16,active,982475.1,AUD,EMEA,CP0431,FX,TDR0165,BOOK_C,2026-01-17
TXN0002584347,APP017,2025-08-08,active,889814.03,EUR,EMEA,CP0228,BOND,TDR0163,BOOK_D,2025-10-06
TXN0000716185,APP003,2025-07-12,failed,671373.94,GBP,AMER,CP0165,OPTION,TDR0172,BOOK_B,2026-03-04
TXN0000226616,APP016,2026-03-13,failed,595391.21,AUD,AMER,CP0320,SWAP,TDR0197,BOOK_B,2025-12-25
TXN0000844721,APP002,2025-02-18,settled,225725.2,CHF,AMER,CP0003,SWAP,TDR0030,BOOK_D,2026-04-08
TXN0000890138,APP006,2025-08-15,active,75390.0,AUD,EMEA,CP0015,SWAP,TDR0138,BOOK_C,2026-04-01
TXN0000106646,APP012,2025-02-18,failed,556663.92,JPY,LATAM,CP0211,EQUITY,TDR0079,BOOK_C,2025-12-15
TXN0001044180,APP016,2025-11-02,pending,814946.04,USD,AMER,CP0029,BOND,TDR0026,BOOK_C,2026-03-12
TXN0007416949,APP004,2025-10-06,active,566827.24,JPY,APAC,CP0342,EQUITY,TDR0080,BOOK_A,2025-03-05
TXN0003299881,APP011,2025-10-05,settled,990443.13,EUR,LATAM,CP0287,FUTURE,TDR0183,BOOK_D,2025-12-30
TXN0007650174,APP014,2025-04-07,settled,3492.85,CHF,APAC,CP0470,SWAP,TDR0013,BOOK_A,2025-08-15
TXN0009509225,APP017,2026-01-02,settled,62730.99,EUR,AMER,CP0292,SWAP,TDR0093,BOOK_A,2025-11-29
TXN0009939470,APP017,2025-02-17,active,232632.31,USD,AMER,CP0356,BOND,TDR0102,BOOK_A,2025-09-08
TXN0009270985,APP013,2025-03-12,reversed,180763.36,AUD,EMEA,CP0166,FX,TDR0061,BOOK_B,2025-05-22
TXN0002085769,APP009,2026-01-11,settled,184412.32,CHF,EMEA,CP0372,FX,TDR0158,BOOK_B,2025-10-13
TXN0000571439,APP011,2025-06-26,reversed,385246.46,CHF,AMER,CP0229,BOND,TDR0064,BOOK_D,2026-02-27
TXN0005021807,APP020,2025-01-26,settled,102093.54,USD,APAC,CP0097,BOND,TDR0037,BOOK_D,2025-08-17
TXN0007802448,APP014,2025-04-02,active,76626.61,AUD,EMEA,CP0370,FUTURE,TDR0062,BOOK_A,2025-10-02
TXN0001639082,APP018,2025-01-14,failed,886502.84,AUD,AMER,CP0316,OPTION,TDR0196,BOOK_C,2025-03-23
TXN0005212820,APP011,2026-02-22,active,1505.16,JPY,APAC,CP0091,FX,TDR0196,BOOK_D,2025-09-13
TXN0003220580,APP003,2025-05-05,active,826245.22,EUR,APAC,CP0105,FX,TDR0187,BOOK_B,2025-12-10
TXN0000077915,APP012,2025-02-11,reversed,68285.81,GBP,APAC,CP0418,OPTION,TDR0071,BOOK_C,2025-11-18
TXN0007131412,APP002,2025-05-09,failed,247344.9,USD,EMEA,CP0441,BOND,TDR0038,BOOK_A,2025-03-30
TXN0003960887,APP001,2026-02-20,failed,953242.51,EUR,EMEA,CP0337,BOND,TDR0041,BOOK_C,2026-01-20
TXN0007457059,APP018,2025-04-27,settled,921167.21,GBP,AMER,CP0026,FX,TDR0007,BOOK_C,2025-03-21
TXN0005605231,APP007,2026-02-27,failed,360622.23,CHF,EMEA,CP0387,BOND,TDR0064,BOOK_B,2025-10-06
TXN0006857170,APP001,2025-03-03,pending,48561.16,EUR,APAC,CP0146,OPTION,TDR0038,BOOK_D,2025-05-27
TXN0008228824,APP019,2025-04-03,active,176320.77,CHF,EMEA,CP0267,FUTURE,TDR0158,BOOK_C,2025-07-30
TXN0003617512,APP004,2025-11-14,active,361544.39,USD,APAC,CP0252,SWAP,TDR0193,BOOK_A,2025-10-02
TXN0001254129,APP003,2025-02-03,failed,659201.72,GBP,EMEA,CP0123,EQUITY,TDR0196,BOOK_C,2025-06-17
TXN0005975656,APP010,2025-01-06,failed,849026.13,USD,AMER,CP0262,FUTURE,TDR0111,BOOK_A,2025-08-27
TXN0009549849,APP009,2025-10-14,active,213580.85,AUD,AMER,CP0366,EQUITY,TDR0155,BOOK_B,2025-11-10
TXN0001290093,APP017,2026-03-23,pending,582712.82,EUR,APAC,CP0486,FX,TDR0200,BOOK_B,2025-04-30
TXN0009602225,APP015,2025-12-13,settled,203382.6,GBP,AMER,CP0448,BOND,TDR0181,BOOK_B,2025-02-03
TXN0005932559,APP018,2025-07-22,pending,177502.98,EUR,LATAM,CP0463,OPTION,TDR0078,BOOK_C,2025-07-02
TXN0006069315,APP015,2026-03-28,active,952555.99,JPY,APAC,CP0298,FUTURE,TDR0156,BOOK_B,2025-06-09
TXN0006953174,APP012,2025-10-12,active,52818.06,AUD,LATAM,CP0278,EQUITY,TDR0183,BOOK_D,2025-02-14
TXN0003185219,APP010,2025-09-15,reversed,45474.76,AUD,EMEA,CP0386,FX,TDR0008,BOOK_B,2025-08-28
TXN0008963387,APP009,2025-03-24,pending,934584.72,EUR,APAC,CP0423,OPTION,TDR0184,BOOK_A,2025-08-07
TXN0009843120,APP013,2025-10-20,reversed,249998.93,CHF,LATAM,CP0127,FX,TDR0181,BOOK_A,2025-01-26
TXN0000860116,APP002,2025-06-24,reversed,160801.71,JPY,APAC,CP0470,BOND,TDR0027,BOOK_B,2025-06-07
TXN0009050400,APP004,2026-03-02,reversed,785483.32,GBP,APAC,CP0002,FUTURE,TDR0200,BOOK_A,2025-10-12
TXN0007546146,APP002,2025-02-16,pending,367132.55,GBP,EMEA,CP0312,OPTION,TDR0049,BOOK_D,2025-01-16
TXN0003347098,APP014,2026-04-14,reversed,950613.41,CHF,LATAM,CP0377,FX,TDR0056,BOOK_C,2026-03-13
TXN0002851212,APP006,2025-12-21,settled,957988.03,EUR,APAC,CP0326,FX,TDR0138,BOOK_D,2025-05-25
TXN0005319942,APP005,2025-06-15,active,986563.93,JPY,APAC,CP0470,FUTURE,TDR0043,BOOK_A,2026-03-24
TXN0009599068,APP001,2025-04-26,reversed,658442.55,GBP,LATAM,CP0289,FX,TDR0073,BOOK_B,2025-07-26
TXN0007915934,APP006,2026-01-30,pending,492974.5,GBP,EMEA,CP0231,EQUITY,TDR0005,BOOK_B,2025-05-06
TXN0003203578,APP004,2025-02-22,pending,88336.6,CHF,LATAM,CP0434,FX,TDR0109,BOOK_B,2026-02-10
TXN0000458221,APP009,2025-11-21,pending,940284.87,USD,LATAM,CP0080,SWAP,TDR0010,BOOK_D,2025-07-13
TXN0000630829,APP017,2025-01-05,failed,888542.97,AUD,LATAM,CP0226,SWAP,TDR0027,BOOK_C,2025-10-01
TXN0009651515,APP007,2025-09-06,reversed,738838.16,JPY,APAC,CP0474,BOND,TDR0148,BOOK_A,2026-02-01
TXN0006985098,APP018,2025-11-22,settled,846980.02,CHF,LATAM,CP0076,SWAP,TDR0122,BOOK_D,2025-10-31
TXN0008227190,APP003,2025-06-03,settled,145399.48,AUD,AMER,CP0163,FUTURE,TDR0042,BOOK_A,2026-01-17
TXN0006563661,APP018,2025-03-10,failed,289128.32,EUR,AMER,CP0071,BOND,TDR0039,BOOK_D,2025-06-22
TXN0009825451,APP007,2025-06-13,active,386367.31,AUD,AMER,CP0112,SWAP,TDR0106,BOOK_D,2025-07-19
TXN0006452082,APP005,2026-01-06,active,771844.84,CHF,AMER,CP0275,EQUITY,TDR0041,BOOK_D,2025-01-18
TXN0000468078,APP012,2025-12-25,reversed,58007.2,JPY,AMER,CP0179,EQUITY,TDR0133,BOOK_C,2026-03-19
TXN0003020026,APP017,2025-10-08,active,708753.25,EUR,LATAM,CP0309,FX,TDR0090,BOOK_C,2025-11-08
TXN0007919258,APP009,2026-01-16,active,229349.43,EUR,EMEA,CP0237,EQUITY,TDR0113,BOOK_A,2025-03-11
TXN0005997103,APP012,2025-10-25,settled,554822.52,USD,EMEA,CP0229,SWAP,TDR0104,BOOK_D,2025-06-11
TXN0002363241,APP005,2025-02-24,reversed,429617.76,CHF,AMER,CP0158,SWAP,TDR0109,BOOK_B,2026-02-18
TXN0003082833,APP015,2025-09-03,failed,998562.18,AUD,EMEA,CP0326,SWAP,TDR0126,BOOK_B,2025-10-04
TXN0008694632,APP002,2025-05-07,settled,430516.16,USD,EMEA,CP0333,SWAP,TDR0105,BOOK_B,2025-11-19
TXN0000101665,APP011,2026-04-06,reversed,488345.66,GBP,LATAM,CP0029,OPTION,TDR0065,BOOK_A,2025-10-17
TXN0001900922,APP006,2026-03-29,pending,450898.64,USD,AMER,CP0420,FX,TDR0032,BOOK_D,2025-07-11
TXN0008829191,APP009,2025-03-02,pending,948068.52,USD,AMER,CP0405,FX,TDR0031,BOOK_B,2026-01-07
TXN0004387326,APP003,2025-09-07,failed,766699.12,USD,APAC,CP0304,FUTURE,TDR0041,BOOK_A,2025-01-17
TXN0008293174,APP002,2025-04-03,settled,720505.8,JPY,LATAM,CP0209,FX,TDR0019,BOOK_B,2025-11-24
TXN0001708657,APP015,2025-02-04,pending,817037.68,JPY,APAC,CP0341,FUTURE,TDR0069,BOOK_B,2025-11-03
TXN0003783450,APP020,2025-03-31,failed,616165.88,GBP,APAC,CP0416,BOND,TDR0146,BOOK_C,2025-09-05
TXN0000714500,APP019,2025-02-21,settled,381995.92,GBP,LATAM,CP0376,BOND,TDR0058,BOOK_B,2025-02-01
TXN0003047332,APP017,2025-10-07,reversed,209174.1,JPY,AMER,CP0216,FX,TDR0019,BOOK_D,2026-03-25
TXN0003048976,APP001,2025-05-29,pending,63671.96,USD,APAC,CP0351,FUTURE,TDR0009,BOOK_B,2025-06-20
TXN0004485526,APP004,2025-08-09,pending,141888.91,JPY,EMEA,CP0293,FX,TDR0070,BOOK_C,2025-11-17
TXN0004687292,APP008,2025-10-23,active,327834.33,JPY,LATAM,CP0060,BOND,TDR0002,BOOK_D,2025-01-28
TXN0007014247,APP014,2025-09-03,reversed,500585.65,CHF,AMER,CP0100,FX,TDR0172,BOOK_B,2026-02-19
TXN0006649521,APP015,2025-09-18,settled,236851.01,EUR,EMEA,CP0217,FX,TDR0196,BOOK_D,2025-01-11
TXN0002980567,APP009,2026-02-03,reversed,15090.62,GBP,AMER,CP0149,SWAP,TDR0041,BOOK_C,2026-01-22
TXN0008991021,APP004,2025-10-31,pending,933304.84,AUD,LATAM,CP0335,EQUITY,TDR0108,BOOK_A,2025-12-30
TXN0002292621,APP011,2025-01-04,reversed,794059.35,EUR,LATAM,CP0165,OPTION,TDR0157,BOOK_D,2025-03-12
TXN0007289655,APP012,2026-03-09,active,577133.35,USD,LATAM,CP0012,FX,TDR0052,BOOK_C,2025-10-15
TXN0002160012,APP008,2025-02-05,active,279790.52,JPY,APAC,CP0445,EQUITY,TDR0188,BOOK_C,2026-03-11
TXN0000502897,APP002,2025-03-16,pending,642254.67,CHF,AMER,CP0173,FX,TDR0009,BOOK_D,2025-06-05
TXN0005922380,APP007,2026-01-10,pending,442483.77,AUD,LATAM,CP0215,BOND,TDR0158,BOOK_B,2025-10-08
TXN0001309226,APP006,2025-02-09,settled,630788.31,JPY,APAC,CP0259,FX,TDR0085,BOOK_C,2025-07-23
TXN0004493652,APP019,2025-09-04,reversed,966656.1,CHF,LATAM,CP0280,FX,TDR0083,BOOK_A,2026-03-17
TXN0004955553,APP005,2025-06-20,settled,542460.9,EUR,EMEA,CP0309,FUTURE,TDR0040,BOOK_A,2025-05-17
TXN0001597402,APP009,2025-08-27,active,350330.34,USD,AMER,CP0330,SWAP,TDR0001,BOOK_D,2025-08-01
TXN0005455083,APP015,2025-04-06,settled,380000.46,CHF,AMER,CP0219,FX,TDR0006,BOOK_C,2025-07-16
TXN0008343350,APP003,2026-02-02,pending,596526.75,JPY,EMEA,CP0363,BOND,TDR0063,BOOK_B,2026-03-13
TXN0005420037,APP018,2025-04-24,pending,453433.97,CHF,EMEA,CP0007,BOND,TDR0114,BOOK_D,2026-01-17
TXN0000634076,APP018,2026-03-16,active,511832.09,AUD,EMEA,CP0023,FUTURE,TDR0116,BOOK_A,2025-12-25
TXN0006218343,APP001,2026-03-17,active,895851.86,AUD,LATAM,CP0062,SWAP,TDR0160,BOOK_D,2025-02-10
TXN0001014888,APP013,2026-03-11,active,126941.57,GBP,LATAM,CP0394,OPTION,TDR0056,BOOK_D,2025-09-24
TXN0006687735,APP010,2025-02-04,pending,988220.51,CHF,EMEA,CP0024,FUTURE,TDR0060,BOOK_D,2025-12-06
TXN0007403800,APP008,2025-11-22,failed,735946.45,JPY,AMER,CP0038,EQUITY,TDR0058,BOOK_D,2025-02-24
TXN0007813848,APP016,2025-03-23,failed,29386.18,GBP,AMER,CP0365,EQUITY,TDR0038,BOOK_B,2026-04-02
TXN0004702015,APP004,2026-01-21,settled,903400.63,CHF,APAC,CP0255,OPTION,TDR0193,BOOK_A,2025-09-30
TXN0002334323,APP003,2025-07-09,failed,605763.58,CHF,AMER,CP0184,EQUITY,TDR0064,BOOK_D,2025-12-11
TXN0006423299,APP013,2025-12-13,active,335226.18,GBP,EMEA,CP0390,BOND,TDR0114,BOOK_A,2025-11-11
TXN0001855946,APP009,2025-04-16,active,191658.79,CHF,EMEA,CP0041,OPTION,TDR0186,BOOK_A,2025-11-16
TXN0009702281,APP008,2026-02-25,reversed,215109.3,JPY,LATAM,CP0292,EQUITY,TDR0121,BOOK_D,2025-01-29
TXN0009489683,APP001,2026-01-11,pending,966949.01,EUR,APAC,CP0135,OPTION,TDR0014,BOOK_C,2025-08-09
TXN0009525704,APP009,2025-04-09,pending,548790.79,CHF,APAC,CP0348,OPTION,TDR0168,BOOK_D,2026-03-18
TXN0009115595,APP002,2025-09-06,settled,109820.48,AUD,AMER,CP0056,EQUITY,TDR0092,BOOK_C,2025-07-21
TXN0003210356,APP015,2026-04-08,failed,866661.17,USD,LATAM,CP0107,FUTURE,TDR0158,BOOK_D,2025-04-04
TXN0000174287,APP001,2025-08-20,settled,877477.29,JPY,AMER,CP0204,EQUITY,TDR0196,BOOK_C,2026-01-04
TXN0004347598,APP002,2025-06-19,settled,34631.66,CHF,LATAM,CP0343,OPTION,TDR0142,BOOK_C,2025-11-04
TXN0007786516,APP006,2025-02-12,reversed,590153.67,CHF,LATAM,CP0129,EQUITY,TDR0158,BOOK_D,2025-12-01
TXN0002714338,APP003,2026-03-22,active,819876.85,USD,LATAM,CP0344,OPTION,TDR0070,BOOK_B,2025-12-19
TXN0008296637,APP008,2025-04-29,active,484483.6,USD,AMER,CP0408,FX,TDR0061,BOOK_C,2026-01-20
TXN0006279024,APP012,2025-03-01,settled,84076.54,CHF,LATAM,CP0068,FX,TDR0183,BOOK_B,2026-01-15
TXN0001187348,APP011,2025-09-08,reversed,352891.29,AUD,LATAM,CP0449,BOND,TDR0059,BOOK_D,2026-01-28
TXN0009821493,APP003,2025-10-17,failed,839383.66,GBP,LATAM,CP0432,FX,TDR0044,BOOK_B,2025-09-12
TXN0009776447,APP005,2025-06-30,pending,161788.59,JPY,AMER,CP0290,EQUITY,TDR0092,BOOK_C,2026-02-24
TXN0001947321,APP007,2025-07-17,pending,195371.32,JPY,APAC,CP0211,FUTURE,TDR0011,BOOK_A,2025-04-08
TXN0007935991,APP006,2025-02-02,settled,13902.49,EUR,APAC,CP0120,FX,TDR0126,BOOK_D,2026-03-11
TXN0006804088,APP007,2025-04-20,pending,935777.81,USD,AMER,CP0037,FUTURE,TDR0091,BOOK_C,2025-08-19
TXN0000462789,APP002,2025-03-21,settled,333630.0,JPY,APAC,CP0149,BOND,TDR0126,BOOK_A,2025-05-26
TXN0004033527,APP008,2025-03-08,failed,260518.25,GBP,APAC,CP0153,SWAP,TDR0032,BOOK_D,2025-11-14
TXN0000735554,APP016,2026-01-24,settled,91038.59,USD,AMER,CP0247,SWAP,TDR0035,BOOK_B,2026-03-01
TXN0008729127,APP014,2025-01-27,active,465111.84,EUR,LATAM,CP0153,EQUITY,TDR0074,BOOK_A,2025-07-18
TXN0006033794,APP019,2025-08-20,active,702437.67,JPY,LATAM,CP0060,SWAP,TDR0025,BOOK_C,2025-10-27
TXN0009959403,APP001,2025-07-06,settled,110935.31,AUD,APAC,CP0247,FUTURE,TDR0169,BOOK_D,2025-06-19
TXN0006007201,APP002,2026-01-19,reversed,934893.19,EUR,APAC,CP0062,FX,TDR0156,BOOK_B,2025-01-31
TXN0001725671,APP018,2025-09-17,failed,526227.5,JPY,APAC,CP0228,OPTION,TDR0188,BOOK_C,2025-05-01
TXN0001660458,APP001,2025-11-25,reversed,876957.36,JPY,APAC,CP0336,FX,TDR0138,BOOK_C,2025-07-23
TXN0009074879,APP014,2025-03-14,settled,386129.76,EUR,LATAM,CP0312,SWAP,TDR0079,BOOK_D,2025-06-16
TXN0009510321,APP009,2025-08-22,reversed,828858.62,GBP,AMER,CP0256,BOND,TDR0053,BOOK_B,2025-01-01
TXN0003771712,APP007,2025-10-03,pending,548248.84,CHF,LATAM,CP0060,BOND,TDR0072,BOOK_C,2025-08-20
TXN0007649236,APP002,2025-10-21,active,495341.56,JPY,EMEA,CP0310,FUTURE,TDR0122,BOOK_B,2025-08-26
TXN0004547616,APP012,2026-02-17,settled,878492.17,JPY,APAC,CP0364,EQUITY,TDR0093,BOOK_C,2025-10-27
TXN0004638131,APP009,2025-04-02,settled,475876.75,CHF,APAC,CP0195,BOND,TDR0113,BOOK_B,2025-06-17
TXN0001629863,APP006,2026-01-19,settled,961180.71,CHF,LATAM,CP0458,BOND,TDR0135,BOOK_C,2025-05-17
TXN0004496648,APP008,2025-01-11,reversed,565063.02,AUD,EMEA,CP0102,OPTION,TDR0085,BOOK_A,2025-05-02
TXN0008222173,APP003,2026-02-16,pending,631691.31,USD,EMEA,CP0359,FX,TDR0169,BOOK_A,2025-08-16
TXN0006777850,APP017,2025-01-05,active,988749.69,GBP,APAC,CP0436,EQUITY,TDR0116,BOOK_D,2025-02-12
TXN0000212838,APP007,2025-12-10,pending,303435.6,JPY,LATAM,CP0387,SWAP,TDR0171,BOOK_D,2025-05-03
TXN0007790996,APP009,2025-10-14,settled,377567.08,JPY,EMEA,CP0016,FX,TDR0025,BOOK_C,2025-08-04
TXN0009436969,APP019,2025-10-07,pending,893179.44,EUR,AMER,CP0357,FX,TDR0133,BOOK_B,2025-09-26
TXN0005616266,APP010,2026-03-31,reversed,845072.29,JPY,LATAM,CP0106,FX,TDR0138,BOOK_C,2025-06-11
TXN0008127758,APP018,2026-03-04,active,305304.09,GBP,AMER,CP0403,FX,TDR0040,BOOK_C,2025-08-17
TXN0008702405,APP003,2025-11-07,failed,497821.46,CHF,AMER,CP0248,BOND,TDR0140,BOOK_C,2025-04-03
TXN0003554271,APP002,2025-04-24,pending,766225.62,CHF,LATAM,CP0268,EQUITY,TDR0089,BOOK_B,2025-06-09
TXN0008400327,APP002,2025-04-20,failed,582687.13,USD,LATAM,CP0244,BOND,TDR0098,BOOK_B,2026-04-04
TXN0002178259,APP020,2025-08-28,pending,357642.26,JPY,LATAM,CP0168,EQUITY,TDR0189,BOOK_A,2025-03-01
TXN0008080176,APP013,2026-03-24,active,364745.6,USD,APAC,CP0264,FUTURE,TDR0039,BOOK_C,2025-11-18
TXN0004257245,APP019,2025-02-23,active,700622.08,JPY,AMER,CP0465,EQUITY,TDR0099,BOOK_A,2025-01-24
TXN0008241445,APP010,2026-02-09,reversed,120310.16,CHF,APAC,CP0445,FX,TDR0192,BOOK_D,2025-12-23
TXN0009424263,APP013,2025-06-23,pending,82621.99,EUR,APAC,CP0016,FUTURE,TDR0133,BOOK_A,2026-02-20
TXN0005792498,APP017,2025-08-27,settled,203717.37,EUR,LATAM,CP0370,FX,TDR0032,BOOK_D,2025-01-10
TXN0008319688,APP017,2025-10-06,settled,81987.92,JPY,EMEA,CP0498,BOND,TDR0098,BOOK_B,2025-05-15
TXN0001945442,APP012,2025-03-23,pending,517897.85,AUD,LATAM,CP0098,EQUITY,TDR0175,BOOK_C,2025-10-01
TXN0005201556,APP008,2025-08-05,pending,697938.19,CHF,AMER,CP0303,FX,TDR0165,BOOK_D,2025-05-11
TXN0009649955,APP010,2025-03-14,active,258954.41,GBP,EMEA,CP0062,FX,TDR0170,BOOK_C,2026-02-22
TXN0006725611,APP018,2025-09-02,settled,120445.33,GBP,EMEA,CP0152,EQUITY,TDR0067,BOOK_A,2025-08-22
TXN0004961094,APP009,2025-05-26,pending,698552.3,AUD,LATAM,CP0258,SWAP,TDR0020,BOOK_D,2025-01-11
TXN0009752371,APP015,2025-12-21,pending,23438.61,CHF,EMEA,CP0007,FX,TDR0187,BOOK_A,2025-01-09
TXN0001658469,APP013,2025-06-30,settled,31252.59,JPY,LATAM,CP0116,BOND,TDR0171,BOOK_C,2025-07-26
TXN0006545410,APP001,2026-04-06,reversed,382834.15,JPY,EMEA,CP0358,FUTURE,TDR0188,BOOK_C,2025-04-03
TXN0000105591,APP002,2025-06-21,active,756995.88,USD,APAC,CP0398,FX,TDR0165,BOOK_C,2025-12-28
TXN0008882032,APP012,2025-02-19,failed,501674.75,USD,APAC,CP0492,BOND,TDR0141,BOOK_A,2026-02-22
TXN0001893043,APP007,2026-01-02,pending,768564.0,JPY,LATAM,CP0477,EQUITY,TDR0051,BOOK_C,2025-05-01
TXN0005073233,APP003,2025-12-23,pending,257445.95,JPY,AMER,CP0245,OPTION,TDR0144,BOOK_D,2026-04-06
TXN0006053222,APP017,2025-08-15,settled,670898.55,AUD,APAC,CP0072,EQUITY,TDR0012,BOOK_B,2025-10-03
TXN0008870242,APP013,2025-11-17,active,708785.32,EUR,EMEA,CP0116,OPTION,TDR0060,BOOK_D,2025-12-25
TXN0002455437,APP015,2026-04-08,pending,563166.88,EUR,APAC,CP0435,OPTION,TDR0161,BOOK_D,2025-03-22
TXN0007742844,APP016,2026-03-12,failed,538467.86,JPY,EMEA,CP0372,OPTION,TDR0080,BOOK_D,2026-03-14
TXN0000613992,APP016,2025-10-20,active,209967.52,JPY,EMEA,CP0289,FX,TDR0009,BOOK_C,2025-03-20
TXN0001778672,APP011,2025-08-18,failed,613214.97,GBP,APAC,CP0490,SWAP,TDR0011,BOOK_D,2025-02-15
TXN0008336784,APP004,2025-01-04,reversed,459707.75,AUD,EMEA,CP0156,EQUITY,TDR0197,BOOK_A,2026-03-11
TXN0001152684,APP011,2025-12-10,settled,221290.89,JPY,AMER,CP0214,OPTION,TDR0109,BOOK_D,2025-11-13
TXN0007217724,APP017,2026-01-15,active,29519.37,AUD,EMEA,CP0223,FX,TDR0063,BOOK_B,2025-07-10
TXN0005332719,APP015,2026-01-09,active,807543.0,AUD,EMEA,CP0419,FX,TDR0121,BOOK_A,2025-12-11
TXN0008948101,APP018,2025-01-30,active,344437.39,AUD,LATAM,CP0111,EQUITY,TDR0170,BOOK_B,2025-10-23
TXN0004894518,APP019,2026-02-06,settled,43671.3,AUD,APAC,CP0070,EQUITY,TDR0198,BOOK_C,2025-09-08
TXN0005835148,APP011,2025-11-19,active,129058.91,AUD,EMEA,CP0393,BOND,TDR0107,BOOK_C,2026-01-04
TXN0007960823,APP004,2025-03-26,pending,458533.53,EUR,EMEA,CP0414,EQUITY,TDR0067,BOOK_C,2025-10-03
TXN0001837368,APP015,2026-01-31,failed,792966.37,CHF,AMER,CP0173,BOND,TDR0006,BOOK_C,2025-04-20
TXN0006638016,APP019,2025-12-01,settled,809538.31,EUR,EMEA,CP0140,SWAP,TDR0033,BOOK_D,2025-11-10
TXN0006282940,APP007,2026-01-30,settled,204708.2,JPY,LATAM,CP0252,OPTION,TDR0183,BOOK_D,2025-05-22
TXN0000697205,APP016,2026-03-02,reversed,101833.86,GBP,EMEA,CP0244,SWAP,TDR0074,BOOK_B,2025-02-18
TXN0009995288,APP018,2025-09-09,pending,531969.68,GBP,AMER,CP0411,SWAP,TDR0169,BOOK_A,2025-04-05
TXN0002377170,APP007,2026-04-04,settled,702482.29,AUD,AMER,CP0004,BOND,TDR0079,BOOK_D,2025-08-24
TXN0007339595,APP011,2025-02-18,settled,183849.65,JPY,AMER,CP0059,SWAP,TDR0131,BOOK_A,2025-12-23
TXN0002777925,APP002,2025-08-29,failed,55251.88,EUR,AMER,CP0024,OPTION,TDR0184,BOOK_A,2025-06-04
TXN0002817698,APP017,2025-07-19,failed,149284.07,CHF,EMEA,CP0484,EQUITY,TDR0045,BOOK_A,2025-03-20
TXN0009621966,APP013,2025-12-20,pending,728905.92,JPY,EMEA,CP0310,FX,TDR0141,BOOK_B,2025-11-10
TXN0007536817,APP017,2025-01-23,failed,549693.85,GBP,AMER,CP0264,SWAP,TDR0136,BOOK_B,2025-07-13
TXN0007991364,APP015,2025-02-08,failed,958027.37,AUD,APAC,CP0103,FX,TDR0070,BOOK_B,2025-06-09
TXN0006145371,APP004,2025-06-17,active,786249.17,EUR,EMEA,CP0445,BOND,TDR0111,BOOK_A,2025-12-08
TXN0002911879,APP011,2025-04-03,pending,402939.12,CHF,LATAM,CP0191,EQUITY,TDR0186,BOOK_D,2025-03-15
TXN0009377265,APP020,2025-06-29,failed,744105.58,CHF,LATAM,CP0017,FX,TDR0044,BOOK_B,2025-04-01
TXN0006296064,APP007,2026-03-05,reversed,31404.52,AUD,EMEA,CP0289,FUTURE,TDR0007,BOOK_D,2025-07-23
TXN0001728568,APP004,2025-03-12,reversed,485129.27,USD,APAC,CP0290,FX,TDR0020,BOOK_D,2026-03-15
TXN0000012778,APP020,2026-01-05,reversed,520687.93,USD,EMEA,CP0264,FX,TDR0071,BOOK_D,2025-10-22
TXN0000580765,APP005,2026-03-04,failed,910300.13,GBP,EMEA,CP0191,FUTURE,TDR0070,BOOK_D,2025-06-09
TXN0003853671,APP007,2025-10-21,settled,35581.9,CHF,APAC,CP0147,EQUITY,TDR0094,BOOK_A,2025-02-04
TXN0004416818,APP012,2025-06-26,active,661609.99,JPY,EMEA,CP0258,OPTION,TDR0035,BOOK_D,2025-09-01
TXN0004311469,APP011,2025-03-27,settled,761791.8,GBP,LATAM,CP0118,FX,TDR0191,BOOK_B,2025-02-27
TXN0008041745,APP011,2025-02-07,pending,845004.21,USD,EMEA,CP0118,OPTION,TDR0193,BOOK_D,2025-06-13
TXN0006791927,APP008,2025-06-11,pending,822649.58,EUR,AMER,CP0431,FX,TDR0162,BOOK_B,2025-03-06
TXN0002827738,APP018,2026-04-07,pending,355007.26,JPY,APAC,CP0286,BOND,TDR0119,BOOK_D,2025-06-30
TXN0002621338,APP014,2025-08-13,settled,189755.04,JPY,APAC,CP0499,SWAP,TDR0142,BOOK_D,2025-02-10
TXN0001180479,APP016,2025-09-27,settled,599003.97,EUR,AMER,CP0033,BOND,TDR0039,BOOK_C,2025-10-28
TXN0002024145,APP003,2025-10-29,reversed,79374.49,AUD,AMER,CP0452,BOND,TDR0096,BOOK_C,2025-06-27
TXN0002201807,APP007,2026-03-16,active,64721.1,GBP,AMER,CP0201,BOND,TDR0066,BOOK_D,2025-04-21
TXN0006379896,APP013,2025-02-04,active,168670.33,AUD,LATAM,CP0310,FUTURE,TDR0004,BOOK_A,2026-01-05
TXN0005430684,APP002,2026-01-08,settled,328997.17,GBP,LATAM,CP0126,FUTURE,TDR0010,BOOK_A,2025-06-03
TXN0001306884,APP012,2026-03-06,active,461286.42,EUR,AMER,CP0428,FUTURE,TDR0022,BOOK_B,2025-01-10
TXN0009648833,APP006,2026-02-22,reversed,504874.08,JPY,AMER,CP0245,EQUITY,TDR0004,BOOK_C,2025-09-13
TXN0007626271,APP002,2026-04-08,settled,239852.65,CHF,LATAM,CP0321,FUTURE,TDR0072,BOOK_A,2025-01-01
TXN0004591828,APP014,2025-09-03,failed,947895.19,AUD,EMEA,CP0391,FUTURE,TDR0186,BOOK_D,2025-06-08
TXN0009174393,APP015,2025-04-10,settled,480537.6,CHF,EMEA,CP0148,FUTURE,TDR0038,BOOK_A,2025-11-03
TXN0003749951,APP002,2025-10-10,failed,918558.66,GBP,LATAM,CP0265,FX,TDR0121,BOOK_D,2025-07-17
TXN0008340946,APP007,2025-01-19,pending,240325.7,GBP,AMER,CP0088,BOND,TDR0173,BOOK_C,2026-04-03
TXN0006214681,APP012,2025-08-22,failed,682301.33,EUR,EMEA,CP0449,SWAP,TDR0009,BOOK_C,2025-04-17
TXN0001528701,APP004,2025-03-21,reversed,405327.36,GBP,APAC,CP0044,OPTION,TDR0088,BOOK_C,2025-08-18
TXN0006369030,APP015,2025-08-16,failed,1449.03,CHF,LATAM,CP0194,FX,TDR0066,BOOK_A,2025-06-01
TXN0002315598,APP020,2025-10-31,pending,945131.51,AUD,APAC,CP0354,FX,TDR0127,BOOK_A,2026-01-20
TXN0004719663,APP006,2025-01-19,settled,641541.34,USD,LATAM,CP0233,EQUITY,TDR0124,BOOK_B,2026-01-26
TXN0009544689,APP019,2025-06-06,pending,35691.22,GBP,EMEA,CP0414,SWAP,TDR0092,BOOK_C,2025-07-18
TXN0007752993,APP012,2025-01-28,pending,888139.91,JPY,APAC,CP0185,EQUITY,TDR0088,BOOK_B,2026-03-06
TXN0004283240,APP008,2025-07-07,failed,419786.65,GBP,APAC,CP0049,FUTURE,TDR0119,BOOK_A,2025-01-24
TXN0006436925,APP013,2025-10-08,active,389355.05,CHF,AMER,CP0295,SWAP,TDR0146,BOOK_B,2025-02-24
TXN0002954463,APP005,2025-09-12,active,455914.67,JPY,LATAM,CP0432,FUTURE,TDR0073,BOOK_B,2025-03-18
TXN0004550096,APP008,2025-08-15,active,173161.5,CHF,LATAM,CP0498,EQUITY,TDR0019,BOOK_B,2026-01-24
TXN0000867194,APP013,2025-09-10,active,82852.04,JPY,AMER,CP0389,FUTURE,TDR0101,BOOK_D,2025-11-24
TXN0000747239,APP016,2025-04-02,settled,219562.1,USD,APAC,CP0230,OPTION,TDR0038,BOOK_B,2025-02-21
TXN0002245577,APP003,2025-07-13,active,931735.67,GBP,LATAM,CP0242,FUTURE,TDR0073,BOOK_B,2026-04-07
TXN0003917633,APP018,2025-06-02,settled,104868.79,EUR,AMER,CP0263,SWAP,TDR0036,BOOK_B,2025-08-08
TXN0006121287,APP013,2025-11-17,failed,531885.79,EUR,APAC,CP0250,BOND,TDR0172,BOOK_C,2025-04-01
TXN0002526225,APP004,2025-09-23,reversed,289320.09,AUD,APAC,CP0425,FUTURE,TDR0107,BOOK_D,2026-03-01
TXN0002976787,APP015,2025-03-13,settled,624629.34,GBP,AMER,CP0053,FUTURE,TDR0091,BOOK_C,2025-06-25
TXN0008524841,APP018,2026-01-25,settled,359432.12,AUD,APAC,CP0011,SWAP,TDR0016,BOOK_C,2025-09-26
TXN0006497714,APP015,2025-03-20,active,788989.35,CHF,EMEA,CP0260,OPTION,TDR0028,BOOK_A,2025-08-13
TXN0002425521,APP002,2025-02-14,active,30448.79,AUD,APAC,CP0307,FUTURE,TDR0129,BOOK_D,2025-01-30
TXN0003553319,APP010,2025-03-03,active,679502.77,USD,AMER,CP0012,BOND,TDR0139,BOOK_C,2025-10-15
TXN0003130925,APP009,2026-02-11,settled,204743.03,USD,EMEA,CP0330,FUTURE,TDR0031,BOOK_B,2025-09-19
TXN0005923457,APP008,2026-02-11,pending,910877.02,GBP,LATAM,CP0197,EQUITY,TDR0039,BOOK_B,2025-04-12
TXN0007253549,APP017,2025-08-27,pending,835208.25,JPY,LATAM,CP0152,OPTION,TDR0064,BOOK_C,2025-10-14
TXN0009761504,APP015,2025-11-06,settled,643079.92,EUR,AMER,CP0152,OPTION,TDR0024,BOOK_B,2026-03-22
TXN0009263375,APP019,2026-03-26,active,860783.62,JPY,LATAM,CP0402,BOND,TDR0098,BOOK_A,2025-10-20
TXN0000540688,APP011,2025-09-10,pending,212493.29,USD,APAC,CP0396,OPTION,TDR0054,BOOK_A,2025-02-25
TXN0000484056,APP002,2025-02-21,pending,656871.66,AUD,LATAM,CP0300,BOND,TDR0157,BOOK_A,2025-05-26
TXN0008887012,APP014,2025-08-25,failed,764946.79,GBP,EMEA,CP0442,FUTURE,TDR0123,BOOK_A,2025-12-05
TXN0008667792,APP020,2025-05-19,settled,148989.74,JPY,EMEA,CP0007,SWAP,TDR0190,BOOK_C,2025-09-17
TXN0005484239,APP016,2025-05-07,pending,396893.55,EUR,EMEA,CP0328,FX,TDR0034,BOOK_B,2025-06-01
TXN0004497736,APP009,2025-08-24,active,182035.96,USD,APAC,CP0211,BOND,TDR0034,BOOK_C,2025-07-15
TXN0005516827,APP012,2025-10-12,active,820800.34,JPY,AMER,CP0454,BOND,TDR0082,BOOK_A,2025-06-12
TXN0008838408,APP014,2025-09-01,reversed,314909.81,USD,AMER,CP0104,EQUITY,TDR0098,BOOK_B,2025-12-15
TXN0006620376,APP015,2025-06-09,reversed,121695.86,JPY,APAC,CP0273,BOND,TDR0157,BOOK_B,2025-11-23
TXN0003432158,APP015,2025-11-19,pending,564770.69,GBP,APAC,CP0318,EQUITY,TDR0162,BOOK_A,2026-01-13
TXN0006334630,APP011,2025-08-06,reversed,845093.09,USD,LATAM,CP0416,FX,TDR0169,BOOK_B,2025-06-28
TXN0005404567,APP013,2025-12-22,settled,897126.79,EUR,EMEA,CP0279,SWAP,TDR0166,BOOK_D,2026-02-10
TXN0002315565,APP007,2026-01-26,failed,97708.09,JPY,LATAM,CP0424,EQUITY,TDR0145,BOOK_C,2025-04-21
TXN0007148940,APP015,2026-01-12,active,972187.77,USD,EMEA,CP0231,FUTURE,TDR0140,BOOK_A,2025-02-25
TXN0005715304,APP010,2026-03-29,failed,629930.94,CHF,EMEA,CP0113,EQUITY,TDR0177,BOOK_A,2025-01-31
TXN0005917323,APP008,2026-04-12,active,405461.44,JPY,AMER,CP0092,FUTURE,TDR0149,BOOK_D,2026-01-26
TXN0004527968,APP014,2026-01-22,active,162747.6,USD,EMEA,CP0372,BOND,TDR0154,BOOK_C,2025-12-03
TXN0004422814,APP010,2025-12-11,reversed,430569.55,USD,LATAM,CP0380,FX,TDR0054,BOOK_B,2025-01-15
TXN0007565381,APP018,2025-03-08,reversed,899186.04,GBP,APAC,CP0398,OPTION,TDR0115,BOOK_D,2025-03-24
TXN0002277553,APP004,2025-12-04,settled,646021.93,EUR,LATAM,CP0395,EQUITY,TDR0121,BOOK_B,2026-01-25
TXN0008132853,APP020,2026-03-14,active,803312.55,AUD,AMER,CP0099,EQUITY,TDR0117,BOOK_A,2025-03-19
TXN0005717890,APP002,2025-03-18,reversed,519054.12,EUR,AMER,CP0312,EQUITY,TDR0132,BOOK_B,2025-08-27
TXN0008611325,APP013,2025-10-12,settled,887347.75,AUD,APAC,CP0348,BOND,TDR0087,BOOK_A,2026-03-19
TXN0008774702,APP015,2025-06-16,reversed,980460.93,AUD,EMEA,CP0382,EQUITY,TDR0019,BOOK_D,2026-01-23
TXN0007981197,APP003,2025-04-05,pending,874950.69,USD,LATAM,CP0404,FUTURE,TDR0196,BOOK_D,2025-06-08
TXN0001046319,APP007,2025-10-08,failed,489214.25,EUR,AMER,CP0065,BOND,TDR0140,BOOK_C,2025-04-11
TXN0008734535,APP015,2025-11-01,active,248071.03,GBP,APAC,CP0054,SWAP,TDR0046,BOOK_A,2025-12-05
TXN0008954672,APP003,2025-03-26,pending,163312.78,JPY,LATAM,CP0317,FX,TDR0174,BOOK_D,2025-12-19
TXN0005949246,APP006,2025-01-07,reversed,516302.41,GBP,APAC,CP0314,BOND,TDR0008,BOOK_B,2026-01-11
TXN0006805646,APP016,2025-03-05,active,4192.13,GBP,APAC,CP0482,EQUITY,TDR0076,BOOK_A,2025-12-29
TXN0003262842,APP002,2025-05-20,active,118851.52,USD,LATAM,CP0214,EQUITY,TDR0186,BOOK_B,2025-06-11
TXN0001035034,APP001,2025-03-16,active,688790.2,AUD,LATAM,CP0022,BOND,TDR0143,BOOK_B,2025-01-18
TXN0005778211,APP017,2025-03-12,reversed,141428.78,AUD,AMER,CP0472,EQUITY,TDR0110,BOOK_B,2025-02-15
TXN0002825127,APP018,2025-07-05,settled,62241.62,EUR,EMEA,CP0044,FX,TDR0029,BOOK_A,2026-02-20
TXN0004717170,APP017,2025-02-03,reversed,14631.38,GBP,APAC,CP0410,FX,TDR0200,BOOK_A,2025-10-01
TXN0006201630,APP015,2025-04-14,reversed,373265.67,JPY,APAC,CP0441,FUTURE,TDR0195,BOOK_B,2025-05-03
TXN0003022451,APP020,2026-01-29,failed,514827.92,CHF,LATAM,CP0014,BOND,TDR0119,BOOK_D,2026-01-04
TXN0002303183,APP017,2026-02-05,pending,78824.51,JPY,EMEA,CP0047,OPTION,TDR0183,BOOK_B,2025-08-12
TXN0008241044,APP016,2025-11-15,failed,553840.49,EUR,APAC,CP0305,FUTURE,TDR0086,BOOK_B,2025-11-12
TXN0008554125,APP012,2025-01-29,pending,326033.5,CHF,EMEA,CP0002,OPTION,TDR0006,BOOK_D,2026-02-27
TXN0000153770,APP011,2025-05-14,active,408033.62,JPY,APAC,CP0118,EQUITY,TDR0103,BOOK_C,2026-01-18
TXN0001510708,APP006,2025-08-11,reversed,568263.6,JPY,APAC,CP0087,FUTURE,TDR0169,BOOK_D,2026-01-12
TXN0004728974,APP017,2025-02-07,pending,523283.62,EUR,EMEA,CP0097,SWAP,TDR0196,BOOK_D,2025-05-01
TXN0001284173,APP007,2025-07-28,settled,852609.5,EUR,APAC,CP0140,FX,TDR0174,BOOK_D,2025-10-24
TXN0003845661,APP018,2025-06-23,pending,855126.34,GBP,APAC,CP0129,BOND,TDR0139,BOOK_B,2026-03-02
TXN0003035927,APP010,2025-03-21,failed,418424.68,AUD,AMER,CP0199,SWAP,TDR0121,BOOK_C,2025-10-11
TXN0009888332,APP010,2025-03-02,failed,793064.39,AUD,APAC,CP0400,BOND,TDR0147,BOOK_D,2025-06-12
TXN0004932821,APP008,2026-03-20,pending,928737.81,USD,AMER,CP0118,EQUITY,TDR0133,BOOK_C,2025-06-26
TXN0008907035,APP016,2026-01-19,pending,651328.94,JPY,APAC,CP0191,OPTION,TDR0200,BOOK_D,2025-12-28
TXN0006287545,APP018,2025-04-29,reversed,735622.68,CHF,AMER,CP0421,SWAP,TDR0195,BOOK_C,2025-06-18
TXN0006069034,APP016,2025-08-11,reversed,82944.62,GBP,LATAM,CP0434,BOND,TDR0133,BOOK_B,2026-02-15
TXN0008994907,APP003,2025-10-12,failed,200343.09,CHF,LATAM,CP0460,OPTION,TDR0138,BOOK_B,2026-02-24
TXN0000357238,APP017,2025-08-10,reversed,332038.46,EUR,AMER,CP0409,SWAP,TDR0102,BOOK_D,2025-09-21
TXN0007521527,APP020,2025-08-29,active,130090.7,AUD,LATAM,CP0360,SWAP,TDR0098,BOOK_D,2025-09-07
TXN0002609190,APP001,2025-09-11,reversed,200588.48,JPY,EMEA,CP0264,BOND,TDR0191,BOOK_A,2025-12-20
TXN0003828297,APP001,2025-07-07,failed,206230.64,CHF,APAC,CP0009,EQUITY,TDR0066,BOOK_A,2025-08-06
TXN0001600687,APP012,2025-02-22,settled,102440.53,AUD,LATAM,CP0419,FX,TDR0155,BOOK_C,2025-04-25
TXN0007638284,APP001,2025-05-02,pending,853670.94,USD,EMEA,CP0491,EQUITY,TDR0147,BOOK_D,2026-03-17
TXN0002979429,APP013,2025-07-14,failed,935947.44,GBP,LATAM,CP0461,EQUITY,TDR0120,BOOK_A,2026-04-11
TXN0004635597,APP009,2025-03-03,active,494321.53,AUD,EMEA,CP0211,FUTURE,TDR0059,BOOK_B,2025-02-14
TXN0001888192,APP016,2026-01-01,settled,624789.37,JPY,EMEA,CP0094,FUTURE,TDR0179,BOOK_A,2025-04-11
TXN0002286385,APP001,2025-08-27,reversed,428006.31,GBP,AMER,CP0401,SWAP,TDR0021,BOOK_A,2025-02-13
TXN0007408932,APP007,2025-09-09,pending,816266.99,CHF,EMEA,CP0006,SWAP,TDR0180,BOOK_D,2025-08-16
TXN0008055441,APP008,2026-04-01,settled,527496.54,USD,APAC,CP0162,BOND,TDR0062,BOOK_A,2026-03-23
TXN0002995105,APP014,2026-03-22,pending,649050.29,USD,AMER,CP0465,EQUITY,TDR0001,BOOK_C,2025-10-10
TXN0000884645,APP016,2025-05-08,pending,675938.78,USD,APAC,CP0245,FUTURE,TDR0019,BOOK_A,2026-03-27
TXN0000838943,APP003,2026-01-06,failed,764881.98,EUR,EMEA,CP0069,FUTURE,TDR0185,BOOK_B,2025-02-17
TXN0001580933,APP007,2025-06-14,reversed,473410.75,AUD,EMEA,CP0131,SWAP,TDR0044,BOOK_D,2025-04-28
TXN0002550689,APP008,2025-11-30,settled,48801.58,EUR,EMEA,CP0149,FUTURE,TDR0159,BOOK_A,2025-07-26
TXN0009398093,APP012,2025-09-05,reversed,76746.59,AUD,AMER,CP0304,FUTURE,TDR0113,BOOK_D,2026-02-14
TXN0005727810,APP002,2025-10-30,failed,773195.25,CHF,EMEA,CP0047,FX,TDR0122,BOOK_C,2025-10-21
TXN0004716913,APP017,2025-07-13,failed,685183.56,USD,EMEA,CP0248,EQUITY,TDR0051,BOOK_D,2025-04-04
TXN0002004320,APP015,2026-03-26,failed,362284.92,GBP,AMER,CP0380,BOND,TDR0125,BOOK_A,2025-01-08
TXN0001208482,APP012,2025-05-07,failed,215121.38,GBP,LATAM,CP0235,FUTURE,TDR0187,BOOK_B,2025-10-03
TXN0000668309,APP008,2025-07-02,failed,129921.41,CHF,LATAM,CP0029,FUTURE,TDR0198,BOOK_D,2025-11-19
TXN0006406300,APP011,2025-09-29,failed,796868.21,AUD,EMEA,CP0434,FX,TDR0163,BOOK_B,2025-08-14
TXN0002004006,APP014,2025-11-29,failed,981179.95,GBP,AMER,CP0325,SWAP,TDR0013,BOOK_A,2025-01-24
TXN0002460099,APP005,2026-01-13,settled,646365.66,USD,AMER,CP0142,FX,TDR0200,BOOK_A,2025-06-16
TXN0004540954,APP009,2026-03-29,failed,306373.47,USD,APAC,CP0243,SWAP,TDR0034,BOOK_C,2026-03-06
TXN0003308536,APP019,2026-02-21,reversed,128896.68,AUD,LATAM,CP0193,OPTION,TDR0174,BOOK_B,2026-03-06
TXN0003564686,APP001,2025-07-04,settled,692747.46,USD,APAC,CP0024,OPTION,TDR0128,BOOK_A,2025-01-06
TXN0002724967,APP006,2026-03-09,reversed,31905.5,GBP,EMEA,CP0368,FX,TDR0182,BOOK_D,2025-02-06
TXN0008788413,APP014,2025-08-16,pending,750428.34,AUD,APAC,CP0085,EQUITY,TDR0120,BOOK_C,2026-04-12
TXN0005980519,APP020,2026-03-08,pending,852707.94,GBP,LATAM,CP0177,BOND,TDR0193,BOOK_A,2025-03-27
TXN0003830216,APP010,2026-04-01,reversed,243751.96,EUR,AMER,CP0320,FX,TDR0093,BOOK_A,2026-03-08
TXN0004631335,APP005,2025-08-29,reversed,628968.98,JPY,AMER,CP0377,FUTURE,TDR0148,BOOK_D,2025-04-01
TXN0003868869,APP015,2025-02-04,active,646981.34,AUD,AMER,CP0052,FUTURE,TDR0067,BOOK_C,2025-09-14
TXN0002470586,APP014,2025-08-05,settled,246339.19,AUD,LATAM,CP0371,SWAP,TDR0168,BOOK_C,2025-11-07
TXN0001938388,APP007,2025-11-24,active,33255.5,CHF,LATAM,CP0368,OPTION,TDR0153,BOOK_D,2025-04-04
TXN0009900807,APP001,2025-03-18,failed,234755.07,USD,APAC,CP0420,FUTURE,TDR0040,BOOK_B,2025-05-21
TXN0003657492,APP008,2025-08-21,failed,367457.27,EUR,LATAM,CP0440,BOND,TDR0012,BOOK_D,2025-12-29
TXN0009621904,APP017,2025-12-12,failed,901054.64,EUR,LATAM,CP0152,OPTION,TDR0033,BOOK_B,2026-01-06
TXN0007124531,APP013,2025-07-12,reversed,870007.27,JPY,APAC,CP0034,OPTION,TDR0122,BOOK_C,2025-12-21
TXN0005265398,APP005,2025-06-10,active,190427.12,JPY,EMEA,CP0429,BOND,TDR0020,BOOK_A,2026-03-15
TXN0009070242,APP007,2025-04-25,active,689534.07,AUD,AMER,CP0335,OPTION,TDR0099,BOOK_B,2025-08-24
TXN0002591165,APP006,2026-03-27,failed,796855.77,GBP,EMEA,CP0392,FUTURE,TDR0108,BOOK_B,2025-08-26
TXN0005276397,APP003,2026-02-06,active,134169.08,CHF,EMEA,CP0360,FX,TDR0131,BOOK_B,2026-01-16
TXN0007380563,APP005,2026-02-07,reversed,20999.67,CHF,AMER,CP0121,BOND,TDR0105,BOOK_B,2025-02-21
TXN0002394024,APP013,2025-01-04,active,444067.27,USD,APAC,CP0247,BOND,TDR0148,BOOK_A,2025-05-19
TXN0009496828,APP016,2026-01-08,pending,705421.83,JPY,APAC,CP0354,OPTION,TDR0101,BOOK_C,2025-05-03
TXN0002483282,APP007,2025-01-27,settled,744542.53,CHF,APAC,CP0004,SWAP,TDR0019,BOOK_A,2025-10-14
TXN0006210726,APP018,2025-03-06,reversed,633615.07,JPY,EMEA,CP0040,FUTURE,TDR0021,BOOK_D,2026-02-25
TXN0003171966,APP011,2025-04-12,pending,955903.61,EUR,APAC,CP0495,SWAP,TDR0123,BOOK_C,2025-12-22
TXN0002242522,APP013,2025-10-30,failed,717662.86,USD,LATAM,CP0261,FX,TDR0106,BOOK_A,2025-10-08
TXN0000012555,APP005,2025-10-03,settled,696093.76,EUR,EMEA,CP0451,BOND,TDR0062,BOOK_A,2026-02-13
TXN0007650875,APP008,2025-10-27,failed,130806.46,GBP,AMER,CP0129,FUTURE,TDR0056,BOOK_D,2025-04-22
TXN0009391065,APP007,2026-01-23,pending,227380.19,AUD,APAC,CP0198,FX,TDR0114,BOOK_A,2025-01-19
TXN0002509351,APP015,2025-03-27,active,767561.8,JPY,LATAM,CP0375,BOND,TDR0129,BOOK_A,2026-01-12
TXN0006262052,APP010,2025-03-13,pending,343037.29,AUD,EMEA,CP0087,EQUITY,TDR0123,BOOK_A,2025-06-27
TXN0001400658,APP013,2025-06-11,active,27023.3,EUR,AMER,CP0370,EQUITY,TDR0179,BOOK_A,2025-06-05
TXN0007359285,APP013,2026-01-17,failed,848617.26,EUR,EMEA,CP0094,SWAP,TDR0039,BOOK_B,2025-01-14
TXN0003514988,APP014,2025-03-30,pending,977205.28,CHF,AMER,CP0264,FX,TDR0017,BOOK_C,2026-03-23
TXN0003604845,APP014,2026-02-28,reversed,382280.5,AUD,EMEA,CP0215,OPTION,TDR0166,BOOK_D,2025-01-20
TXN0009685450,APP016,2026-01-16,failed,94277.85,AUD,LATAM,CP0344,SWAP,TDR0073,BOOK_D,2026-02-23
TXN0005034275,APP008,2026-02-12,active,151763.34,CHF,AMER,CP0441,SWAP,TDR0011,BOOK_D,2026-02-17
TXN0005193538,APP013,2025-04-28,settled,587563.03,EUR,APAC,CP0160,FUTURE,TDR0121,BOOK_D,2025-09-26
TXN0002806724,APP018,2025-11-21,settled,916884.58,CHF,AMER,CP0295,EQUITY,TDR0112,BOOK_D,2025-04-23
TXN0002907207,APP002,2025-10-10,failed,546849.3,GBP,EMEA,CP0069,SWAP,TDR0099,BOOK_B,2025-10-04
TXN0000737664,APP018,2025-05-17,pending,956763.22,AUD,LATAM,CP0271,SWAP,TDR0184,BOOK_C,2025-06-13
TXN0001970043,APP015,2025-02-21,settled,785353.81,AUD,LATAM,CP0069,FUTURE,TDR0004,BOOK_B,2025-07-24
TXN0009257754,APP017,2025-11-19,reversed,671306.15,EUR,AMER,CP0115,FUTURE,TDR0020,BOOK_D,2026-02-14
TXN0005173223,APP003,2025-12-24,settled,111959.71,JPY,EMEA,CP0192,SWAP,TDR0187,BOOK_D,2025-03-24
TXN0004538679,APP013,2025-07-09,failed,708975.69,JPY,APAC,CP0350,FX,TDR0100,BOOK_B,2025-04-13
TXN0004572447,APP019,2026-01-10,pending,391283.25,JPY,APAC,CP0053,EQUITY,TDR0135,BOOK_C,2025-09-11
TXN0005263611,APP014,2025-06-23,active,598533.22,GBP,EMEA,CP0094,BOND,TDR0195,BOOK_A,2025-02-15
TXN0000888653,APP014,2025-01-07,failed,976724.47,EUR,EMEA,CP0286,FUTURE,TDR0195,BOOK_C,2026-04-01
TXN0008895982,APP012,2026-01-17,failed,364579.36,USD,EMEA,CP0145,FX,TDR0056,BOOK_C,2026-04-06
TXN0003919252,APP013,2025-05-02,failed,601181.28,GBP,EMEA,CP0306,EQUITY,TDR0079,BOOK_C,2025-11-23
TXN0004572391,APP018,2026-01-23,active,848108.39,EUR,AMER,CP0166,EQUITY,TDR0084,BOOK_D,2025-05-29
TXN0004752412,APP006,2025-09-26,failed,332116.98,CHF,EMEA,CP0395,OPTION,TDR0132,BOOK_A,2025-08-13
TXN0009200846,APP018,2026-01-30,active,465543.01,EUR,APAC,CP0448,FUTURE,TDR0049,BOOK_C,2025-04-26
TXN0009257676,APP004,2026-02-03,failed,287279.06,CHF,AMER,CP0343,FUTURE,TDR0046,BOOK_A,2025-11-02
TXN0006008153,APP011,2025-11-11,reversed,453017.08,JPY,EMEA,CP0079,EQUITY,TDR0039,BOOK_C,2026-03-03
TXN0001166129,APP015,2025-12-05,pending,931437.91,CHF,LATAM,CP0483,FUTURE,TDR0159,BOOK_B,2025-11-13
TXN0002197769,APP019,2026-01-31,settled,890116.63,AUD,LATAM,CP0086,OPTION,TDR0085,BOOK_D,2025-06-13
TXN0006753652,APP017,2025-12-25,pending,556463.68,CHF,LATAM,CP0250,BOND,TDR0079,BOOK_D,2026-04-02
TXN0001850537,APP011,2026-04-02,failed,242230.43,JPY,LATAM,CP0212,BOND,TDR0008,BOOK_C,2025-04-05
TXN0003099421,APP005,2025-01-25,settled,610068.34,AUD,APAC,CP0221,EQUITY,TDR0030,BOOK_B,2025-01-09
TXN0007282111,APP012,2025-03-02,active,416018.16,AUD,LATAM,CP0288,FX,TDR0038,BOOK_A,2025-09-21
TXN0006442081,APP009,2025-02-21,reversed,906400.44,EUR,LATAM,CP0365,OPTION,TDR0139,BOOK_C,2026-03-18
TXN0000546361,APP016,2025-07-04,settled,916176.18,JPY,AMER,CP0089,FX,TDR0025,BOOK_B,2025-05-25
TXN0004993903,APP010,2025-11-11,pending,966717.97,GBP,EMEA,CP0010,SWAP,TDR0105,BOOK_D,2025-07-12
TXN0007016606,APP020,2025-01-20,pending,827541.24,EUR,LATAM,CP0500,OPTION,TDR0133,BOOK_B,2025-11-21
TXN0008987169,APP007,2025-03-05,reversed,841992.56,USD,APAC,CP0086,OPTION,TDR0036,BOOK_A,2026-04-13
TXN0004265821,APP009,2026-04-07,settled,466727.59,GBP,AMER,CP0022,FUTURE,TDR0144,BOOK_D,2025-09-15
TXN0009026106,APP014,2025-03-21,failed,278549.56,EUR,LATAM,CP0228,EQUITY,TDR0170,BOOK_C,2026-02-05
TXN0007869200,APP010,2025-01-31,reversed,699240.17,CHF,AMER,CP0148,EQUITY,TDR0112,BOOK_B,2026-02-25
TXN0008040067,APP013,2025-04-08,failed,250536.72,GBP,AMER,CP0430,FUTURE,TDR0026,BOOK_B,2025-06-22
TXN0002033516,APP015,2026-01-10,failed,109573.16,CHF,AMER,CP0003,BOND,TDR0059,BOOK_D,2025-03-19
TXN0007409988,APP013,2026-03-29,reversed,129247.72,USD,EMEA,CP0447,EQUITY,TDR0161,BOOK_C,2025-05-04
TXN0007247660,APP010,2025-04-26,pending,405902.6,USD,AMER,CP0253,EQUITY,TDR0196,BOOK_D,2026-02-01
TXN0000564988,APP014,2025-03-25,active,743362.63,JPY,APAC,CP0483,OPTION,TDR0067,BOOK_B,2025-07-24
TXN0001830907,APP014,2025-10-01,failed,9308.73,CHF,EMEA,CP0244,FX,TDR0087,BOOK_A,2025-01-19
TXN0009905443,APP001,2025-02-20,active,211827.86,JPY,LATAM,CP0239,FX,TDR0014,BOOK_C,2025-02-06
TXN0003500126,APP020,2026-03-24,reversed,111601.43,CHF,EMEA,CP0012,FX,TDR0168,BOOK_A,2025-10-23
TXN0002018384,APP016,2025-05-14,active,522013.56,USD,APAC,CP0307,FX,TDR0013,BOOK_A,2025-02-06
TXN0001416644,APP011,2025-10-19,active,778240.67,USD,EMEA,CP0260,BOND,TDR0178,BOOK_A,2025-11-30
TXN0009551947,APP013,2025-02-23,failed,229563.19,GBP,EMEA,CP0490,BOND,TDR0179,BOOK_D,2025-05-25
TXN0005877747,APP009,2025-12-17,failed,954799.96,AUD,LATAM,CP0116,BOND,TDR0192,BOOK_A,2025-11-05
TXN0009893813,APP015,2025-06-07,settled,191190.03,GBP,LATAM,CP0368,FUTURE,TDR0094,BOOK_B,2025-12-29
TXN0003738716,APP012,2025-04-11,settled,572668.51,CHF,LATAM,CP0444,OPTION,TDR0181,BOOK_D,2025-08-05
TXN0009518044,APP018,2026-01-12,active,530180.73,GBP,APAC,CP0281,FX,TDR0118,BOOK_A,2025-06-20
TXN0009811794,APP016,2025-02-02,pending,721815.19,EUR,APAC,CP0320,EQUITY,TDR0055,BOOK_B,2025-11-25
TXN0009145627,APP016,2025-02-08,failed,149268.54,GBP,LATAM,CP0238,SWAP,TDR0081,BOOK_A,2025-04-28
TXN0000244537,APP006,2025-02-26,failed,461536.03,EUR,AMER,CP0153,BOND,TDR0184,BOOK_C,2025-09-04
TXN0004069029,APP014,2025-06-04,failed,146220.06,GBP,AMER,CP0325,OPTION,TDR0175,BOOK_D,2025-04-12
TXN0000969114,APP005,2025-02-04,pending,308996.85,GBP,APAC,CP0373,FX,TDR0159,BOOK_B,2025-10-06
TXN0002228402,APP009,2025-10-24,pending,416862.85,USD,EMEA,CP0441,SWAP,TDR0002,BOOK_C,2026-01-20
TXN0004757926,APP011,2025-09-29,pending,651092.49,EUR,APAC,CP0314,EQUITY,TDR0200,BOOK_C,2025-04-15
TXN0008593257,APP004,2025-05-01,active,359279.93,USD,AMER,CP0147,FUTURE,TDR0015,BOOK_D,2026-01-15
TXN0008965503,APP001,2025-01-04,settled,355237.0,AUD,LATAM,CP0367,FUTURE,TDR0039,BOOK_B,2025-02-25
TXN0001338367,APP008,2025-01-01,failed,400882.31,USD,APAC,CP0249,EQUITY,TDR0090,BOOK_A,2026-01-25
TXN0005529086,APP017,2025-06-04,reversed,551925.21,JPY,LATAM,CP0418,FUTURE,TDR0103,BOOK_C,2025-08-12
TXN0003154798,APP002,2026-03-30,settled,567120.69,USD,AMER,CP0308,OPTION,TDR0076,BOOK_B,2025-05-10
TXN0000238299,APP014,2025-02-07,reversed,877956.15,AUD,AMER,CP0316,FX,TDR0115,BOOK_A,2025-03-11
TXN0001965212,APP017,2025-05-11,reversed,665577.14,CHF,AMER,CP0120,SWAP,TDR0076,BOOK_A,2025-09-04
TXN0000048221,APP005,2025-03-24,pending,439855.32,EUR,LATAM,CP0420,BOND,TDR0088,BOOK_A,2025-09-10
TXN0005875921,APP011,2025-06-17,pending,405693.27,EUR,EMEA,CP0295,BOND,TDR0046,BOOK_A,2026-01-13
TXN0003599688,APP016,2025-09-11,active,705679.05,AUD,EMEA,CP0036,OPTION,TDR0043,BOOK_C,2025-09-01
TXN0005594137,APP011,2025-04-04,reversed,921006.01,CHF,AMER,CP0459,FUTURE,TDR0100,BOOK_C,2025-11-03
TXN0000269613,APP001,2025-09-27,failed,95167.24,GBP,APAC,CP0059,SWAP,TDR0063,BOOK_D,2025-01-18
TXN0001115582,APP016,2025-10-11,pending,503037.26,JPY,APAC,CP0018,FX,TDR0174,BOOK_B,2026-02-25
TXN0006929942,APP014,2025-08-13,settled,124598.01,CHF,LATAM,CP0029,BOND,TDR0059,BOOK_B,2025-06-28
TXN0006308487,APP010,2026-03-06,active,140099.53,AUD,EMEA,CP0301,FUTURE,TDR0157,BOOK_A,2025-06-13
TXN0003367393,APP014,2025-09-22,active,626054.49,GBP,EMEA,CP0178,EQUITY,TDR0124,BOOK_D,2025-03-10
TXN0006991886,APP017,2026-03-09,pending,79373.55,EUR,AMER,CP0033,BOND,TDR0069,BOOK_A,2025-08-04
TXN0007221259,APP009,2025-02-14,pending,54808.18,AUD,EMEA,CP0368,BOND,TDR0010,BOOK_C,2025-09-22
TXN0005810245,APP012,2025-10-11,settled,723321.85,GBP,AMER,CP0138,OPTION,TDR0169,BOOK_D,2025-05-26
TXN0004349362,APP018,2025-11-02,active,78837.2,CHF,AMER,CP0232,FUTURE,TDR0029,BOOK_C,2025-12-23
TXN0001930294,APP003,2025-09-09,active,122743.57,JPY,AMER,CP0223,BOND,TDR0139,BOOK_B,2026-03-20
TXN0007531225,APP002,2026-02-01,active,610822.59,EUR,AMER,CP0328,BOND,TDR0121,BOOK_D,2025-10-02
TXN0008040795,APP018,2025-04-21,reversed,448990.84,GBP,EMEA,CP0500,FUTURE,TDR0047,BOOK_A,2026-01-17
TXN0006018331,APP016,2025-01-26,reversed,407555.09,JPY,LATAM,CP0161,EQUITY,TDR0032,BOOK_C,2025-08-20
TXN0008066405,APP005,2025-03-26,active,558158.76,CHF,APAC,CP0143,EQUITY,TDR0186,BOOK_B,2026-02-06
TXN0005371833,APP016,2026-01-18,active,702078.74,GBP,EMEA,CP0248,OPTION,TDR0192,BOOK_B,2025-05-17
TXN0008229338,APP004,2025-05-14,pending,25671.61,EUR,AMER,CP0392,SWAP,TDR0003,BOOK_D,2025-02-27
TXN0009475682,APP010,2025-03-27,settled,883817.9,AUD,AMER,CP0424,FX,TDR0051,BOOK_B,2026-03-26
TXN0003682146,APP006,2025-08-15,failed,724421.65,CHF,EMEA,CP0377,EQUITY,TDR0107,BOOK_A,2025-06-20
TXN0001425470,APP013,2025-12-09,settled,761482.75,CHF,EMEA,CP0371,OPTION,TDR0065,BOOK_A,2025-11-22
TXN0000315432,APP020,2026-04-07,pending,328341.39,CHF,LATAM,CP0127,FX,TDR0076,BOOK_A,2025-01-18
TXN0002320932,APP016,2025-01-03,failed,215236.87,CHF,APAC,CP0183,FUTURE,TDR0149,BOOK_D,2025-11-07
TXN0008687110,APP016,2025-02-15,failed,930410.92,CHF,LATAM,CP0404,FX,TDR0157,BOOK_C,2026-04-05
TXN0002683196,APP012,2025-10-20,active,154525.98,EUR,EMEA,CP0102,EQUITY,TDR0053,BOOK_D,2025-11-06
TXN0009207737,APP009,2026-04-08,reversed,999028.6,AUD,APAC,CP0225,EQUITY,TDR0075,BOOK_D,2025-11-17
TXN0001546111,APP013,2025-10-28,active,55855.16,USD,EMEA,CP0292,OPTION,TDR0145,BOOK_A,2025-06-03
TXN0005526552,APP020,2025-07-03,failed,368209.94,GBP,AMER,CP0045,EQUITY,TDR0010,BOOK_A,2025-05-17
TXN0009076275,APP006,2025-10-31,reversed,955804.07,CHF,EMEA,CP0325,EQUITY,TDR0142,BOOK_A,2025-10-16
TXN0009574213,APP020,2026-03-27,reversed,764398.12,EUR,AMER,CP0007,OPTION,TDR0083,BOOK_B,2025-06-16
TXN0003454294,APP009,2025-10-01,settled,83953.41,EUR,APAC,CP0311,EQUITY,TDR0089,BOOK_A,2025-06-30
TXN0003051174,APP005,2025-02-27,pending,870403.09,GBP,EMEA,CP0173,FX,TDR0149,BOOK_C,2025-09-16
TXN0008994347,APP007,2025-01-20,failed,873850.21,AUD,APAC,CP0088,FX,TDR0035,BOOK_A,2025-08-05
TXN0004601116,APP019,2025-09-12,pending,383456.49,AUD,LATAM,CP0236,BOND,TDR0167,BOOK_B,2025-05-06
TXN0004429776,APP010,2026-02-08,failed,190306.48,GBP,EMEA,CP0002,FX,TDR0081,BOOK_D,2026-01-09
TXN0002075500,APP004,2025-04-01,reversed,21764.98,JPY,APAC,CP0073,EQUITY,TDR0009,BOOK_B,2025-07-23
TXN0007198003,APP011,2026-01-23,active,704884.37,JPY,AMER,CP0443,BOND,TDR0064,BOOK_B,2025-02-14
TXN0009390098,APP004,2025-11-04,settled,877283.51,AUD,LATAM,CP0316,FUTURE,TDR0172,BOOK_C,2026-03-16
TXN0005483320,APP005,2025-08-18,reversed,5662.86,GBP,AMER,CP0177,BOND,TDR0059,BOOK_A,2025-06-29
TXN0002544459,APP016,2025-11-06,active,261437.15,USD,EMEA,CP0474,OPTION,TDR0001,BOOK_A,2025-02-19
TXN0008032121,APP014,2026-02-27,active,436290.96,CHF,AMER,CP0177,BOND,TDR0032,BOOK_D,2025-05-31
TXN0004311458,APP010,2025-11-03,reversed,127274.97,AUD,LATAM,CP0014,SWAP,TDR0109,BOOK_C,2025-09-06
TXN0008564334,APP006,2025-07-25,settled,928920.92,GBP,EMEA,CP0239,BOND,TDR0052,BOOK_D,2025-10-02
TXN0009507620,APP019,2025-06-26,settled,931859.48,USD,LATAM,CP0327,FX,TDR0014,BOOK_D,2025-08-23
TXN0005383032,APP009,2025-11-14,failed,369332.71,AUD,AMER,CP0084,SWAP,TDR0007,BOOK_B,2025-03-27
TXN0008706715,APP010,2025-04-10,settled,892425.08,JPY,EMEA,CP0305,OPTION,TDR0117,BOOK_B,2025-01-09
TXN0000848674,APP009,2025-10-14,active,937467.75,CHF,EMEA,CP0310,OPTION,TDR0002,BOOK_C,2025-11-04
TXN0000557746,APP011,2026-02-20,pending,704946.57,USD,EMEA,CP0454,FX,TDR0164,BOOK_D,2026-03-02
TXN0007168223,APP017,2025-04-03,pending,251507.61,AUD,EMEA,CP0257,EQUITY,TDR0003,BOOK_C,2025-07-25
TXN0006989501,APP003,2025-06-06,pending,381854.86,JPY,EMEA,CP0239,SWAP,TDR0146,BOOK_C,2025-08-03
TXN0007343703,APP003,2026-04-02,failed,423545.27,AUD,AMER,CP0124,FUTURE,TDR0185,BOOK_D,2025-06-11
TXN0004406176,APP014,2026-01-28,failed,508605.01,EUR,APAC,CP0301,SWAP,TDR0076,BOOK_C,2025-02-27
TXN0003131535,APP018,2025-11-14,active,746408.05,AUD,LATAM,CP0441,BOND,TDR0105,BOOK_B,2025-06-24
TXN0004592908,APP017,2025-08-25,pending,922383.42,GBP,EMEA,CP0228,BOND,TDR0061,BOOK_A,2026-01-04
TXN0006970364,APP016,2025-06-05,reversed,21919.91,JPY,LATAM,CP0263,SWAP,TDR0092,BOOK_A,2025-03-13
TXN0001819118,APP008,2025-08-01,settled,416372.05,AUD,LATAM,CP0359,BOND,TDR0041,BOOK_D,2025-11-13
TXN0009729032,APP015,2025-08-05,failed,476345.91,JPY,EMEA,CP0218,EQUITY,TDR0109,BOOK_B,2025-01-14
TXN0001122374,APP006,2025-09-09,reversed,404942.06,AUD,APAC,CP0475,OPTION,TDR0141,BOOK_C,2025-03-07
TXN0002368863,APP008,2025-05-09,pending,926335.87,USD,AMER,CP0178,SWAP,TDR0091,BOOK_A,2026-02-13
TXN0008373656,APP005,2025-01-05,active,629934.74,JPY,APAC,CP0173,EQUITY,TDR0008,BOOK_A,2025-01-19
TXN0007026413,APP011,2025-05-27,reversed,481381.12,USD,APAC,CP0121,FUTURE,TDR0126,BOOK_B,2025-05-01
TXN0007025334,APP017,2025-02-13,settled,734719.78,GBP,EMEA,CP0484,FUTURE,TDR0145,BOOK_D,2025-07-31
TXN0007064211,APP012,2025-10-31,reversed,624830.89,CHF,EMEA,CP0421,EQUITY,TDR0090,BOOK_A,2025-09-16
TXN0004006469,APP003,2026-01-19,pending,983681.88,AUD,APAC,CP0441,FX,TDR0181,BOOK_D,2025-09-28
TXN0002524421,APP012,2025-09-19,failed,461520.5,CHF,LATAM,CP0016,EQUITY,TDR0183,BOOK_C,2025-09-22
TXN0000048816,APP018,2025-06-21,reversed,496717.06,CHF,EMEA,CP0430,SWAP,TDR0132,BOOK_D,2026-02-27
TXN0007511262,APP011,2026-03-18,settled,214313.26,EUR,AMER,CP0300,BOND,TDR0025,BOOK_B,2025-04-26
TXN0007790690,APP001,2025-10-27,active,512215.09,AUD,LATAM,CP0133,SWAP,TDR0046,BOOK_A,2025-07-01
TXN0002927244,APP014,2026-02-21,pending,882250.69,EUR,LATAM,CP0094,OPTION,TDR0039,BOOK_C,2025-06-08
TXN0009229526,APP013,2025-03-25,active,131881.61,AUD,AMER,CP0295,FX,TDR0054,BOOK_B,2025-09-14
TXN0007842877,APP001,2025-08-19,reversed,104535.69,EUR,LATAM,CP0174,EQUITY,TDR0187,BOOK_A,2025-12-23
TXN0007426546,APP007,2025-01-14,active,771639.23,EUR,EMEA,CP0493,BOND,TDR0067,BOOK_A,2025-11-07
TXN0000461950,APP012,2025-10-28,failed,828983.98,EUR,AMER,CP0004,FUTURE,TDR0109,BOOK_B,2026-02-18
TXN0008917041,APP001,2026-03-23,failed,613675.26,CHF,EMEA,CP0138,EQUITY,TDR0048,BOOK_B,2026-04-10
TXN0000306345,APP005,2025-04-12,pending,815731.52,JPY,APAC,CP0453,FX,TDR0115,BOOK_A,2025-09-12
TXN0007738185,APP006,2026-02-21,pending,981537.95,JPY,EMEA,CP0068,EQUITY,TDR0107,BOOK_A,2025-05-18
TXN0006210397,APP012,2026-02-18,failed,667143.09,CHF,EMEA,CP0400,BOND,TDR0097,BOOK_B,2026-01-25
TXN0008423987,APP018,2025-04-01,pending,661281.64,JPY,EMEA,CP0166,FX,TDR0143,BOOK_C,2025-10-25
TXN0004736487,APP016,2025-04-13,settled,772097.4,USD,APAC,CP0292,BOND,TDR0097,BOOK_A,2026-02-06
TXN0003639991,APP019,2025-12-19,failed,780509.86,EUR,APAC,CP0213,EQUITY,TDR0066,BOOK_D,2025-11-15
TXN0006084667,APP020,2025-02-14,active,873325.99,CHF,EMEA,CP0363,EQUITY,TDR0079,BOOK_B,2025-08-14
TXN0007040403,APP011,2025-02-17,reversed,422565.67,AUD,LATAM,CP0175,BOND,TDR0026,BOOK_D,2025-05-21
TXN0008526760,APP011,2025-11-03,pending,703888.04,JPY,EMEA,CP0036,EQUITY,TDR0200,BOOK_A,2025-07-11
TXN0003193752,APP012,2025-03-21,reversed,874463.0,USD,APAC,CP0140,SWAP,TDR0028,BOOK_B,2026-02-09
TXN0000362474,APP016,2025-02-27,settled,830852.34,CHF,AMER,CP0369,FUTURE,TDR0130,BOOK_D,2026-02-21
TXN0000608333,APP008,2025-12-02,reversed,680899.39,AUD,AMER,CP0003,FX,TDR0200,BOOK_B,2025-12-09
TXN0001621233,APP016,2025-06-19,pending,853174.74,JPY,LATAM,CP0070,BOND,TDR0187,BOOK_B,2026-02-20
TXN0001626075,APP014,2025-07-22,settled,314880.49,AUD,LATAM,CP0060,FX,TDR0082,BOOK_A,2026-03-07
TXN0003452428,APP011,2026-01-09,failed,333702.64,CHF,EMEA,CP0279,FUTURE,TDR0089,BOOK_D,2025-05-10
TXN0002454171,APP010,2025-06-12,pending,583969.3,CHF,APAC,CP0468,SWAP,TDR0021,BOOK_A,2025-09-08
TXN0001876776,APP006,2025-12-04,active,986619.99,CHF,LATAM,CP0313,EQUITY,TDR0184,BOOK_D,2025-11-21
TXN0005620621,APP004,2025-02-11,pending,82657.64,JPY,LATAM,CP0233,BOND,TDR0074,BOOK_B,2026-03-28
TXN0002497809,APP018,2025-01-13,reversed,654041.78,EUR,AMER,CP0119,BOND,TDR0011,BOOK_D,2026-03-03
TXN0006499155,APP001,2025-12-07,pending,962696.11,JPY,EMEA,CP0063,FX,TDR0048,BOOK_A,2026-03-26
TXN0008837730,APP020,2025-12-15,active,629641.76,EUR,LATAM,CP0334,OPTION,TDR0195,BOOK_B,2025-04-15
TXN0005372290,APP011,2025-10-26,failed,200174.02,AUD,LATAM,CP0263,FX,TDR0165,BOOK_D,2025-02-17
TXN0005728103,APP018,2025-04-19,pending,565435.71,CHF,APAC,CP0076,SWAP,TDR0159,BOOK_B,2025-01-03
TXN0005068284,APP011,2025-10-13,settled,332228.14,EUR,AMER,CP0234,EQUITY,TDR0097,BOOK_C,2025-06-29
TXN0008517672,APP011,2025-06-10,pending,30291.22,EUR,LATAM,CP0334,BOND,TDR0168,BOOK_A,2025-04-29
TXN0006870694,APP003,2025-02-20,active,10408.83,GBP,AMER,CP0255,FUTURE,TDR0063,BOOK_C,2025-04-12
TXN0009274454,APP001,2025-06-12,failed,827168.76,USD,APAC,CP0284,EQUITY,TDR0067,BOOK_A,2025-11-22
TXN0001927604,APP020,2025-05-25,settled,593349.06,USD,EMEA,CP0467,EQUITY,TDR0149,BOOK_B,2025-03-25
TXN0002911415,APP020,2026-03-18,settled,731802.8,EUR,APAC,CP0495,SWAP,TDR0180,BOOK_B,2025-08-13
TXN0003846015,APP014,2025-01-18,settled,685106.14,JPY,LATAM,CP0104,EQUITY,TDR0075,BOOK_D,2026-02-04
TXN0007515580,APP005,2025-03-19,failed,888190.03,JPY,APAC,CP0060,EQUITY,TDR0043,BOOK_C,2025-10-26
TXN0003216568,APP011,2026-02-01,pending,523462.34,EUR,LATAM,CP0096,FX,TDR0071,BOOK_D,2025-06-19
TXN0003208912,APP014,2026-03-05,settled,273536.84,USD,LATAM,CP0197,EQUITY,TDR0031,BOOK_B,2025-11-30
TXN0001729594,APP017,2025-07-08,reversed,776811.34,EUR,EMEA,CP0280,FUTURE,TDR0177,BOOK_D,2025-09-04
TXN0003291024,APP012,2025-03-03,pending,501571.16,JPY,EMEA,CP0286,SWAP,TDR0151,BOOK_B,2025-12-25
TXN0005005481,APP014,2026-03-18,reversed,276737.77,JPY,EMEA,CP0468,OPTION,TDR0183,BOOK_C,2026-01-18
TXN0006413116,APP018,2025-11-08,pending,785973.65,EUR,APAC,CP0498,SWAP,TDR0119,BOOK_B,2026-03-10
TXN0005233094,APP015,2025-09-30,failed,314676.53,CHF,LATAM,CP0049,FX,TDR0154,BOOK_A,2025-01-27
TXN0007530037,APP001,2026-02-06,failed,633039.27,EUR,LATAM,CP0380,OPTION,TDR0155,BOOK_A,2025-11-06
TXN0003174392,APP008,2025-11-14,failed,871774.01,GBP,AMER,CP0273,EQUITY,TDR0157,BOOK_D,2026-03-21
TXN0001378388,APP012,2025-03-11,active,54510.31,CHF,LATAM,CP0313,BOND,TDR0175,BOOK_C,2025-01-31
TXN0005344018,APP013,2025-02-09,active,139379.62,AUD,EMEA,CP0278,FX,TDR0048,BOOK_D,2025-05-30
TXN0008842209,APP008,2025-10-03,failed,630159.21,CHF,APAC,CP0500,FX,TDR0113,BOOK_C,2026-01-21
TXN0002225022,APP008,2025-02-24,pending,263927.43,EUR,AMER,CP0200,BOND,TDR0127,BOOK_D,2025-07-13
TXN0007574045,APP006,2025-07-04,failed,824662.11,EUR,LATAM,CP0175,OPTION,TDR0165,BOOK_C,2026-01-31
TXN0006739559,APP004,2025-03-03,settled,265717.89,GBP,APAC,CP0200,FUTURE,TDR0003,BOOK_C,2026-02-11
TXN0006049817,APP010,2026-02-05,reversed,313216.71,GBP,EMEA,CP0240,EQUITY,TDR0119,BOOK_C,2025-04-27
TXN0001135454,APP018,2026-01-15,active,125481.84,CHF,LATAM,CP0061,FX,TDR0062,BOOK_A,2025-12-18
TXN0001373659,APP015,2025-03-08,active,574998.07,AUD,APAC,CP0106,OPTION,TDR0176,BOOK_C,2025-07-23
TXN0001445920,APP018,2025-06-25,settled,163047.16,AUD,AMER,CP0315,BOND,TDR0142,BOOK_B,2025-03-07
TXN0008737485,APP018,2025-12-10,settled,526817.25,JPY,AMER,CP0404,BOND,TDR0191,BOOK_C,2025-04-09
TXN0006520523,APP017,2025-02-03,pending,606985.09,JPY,AMER,CP0302,OPTION,TDR0076,BOOK_D,2025-01-05
TXN0001321135,APP006,2025-10-31,pending,61249.09,USD,LATAM,CP0194,FUTURE,TDR0105,BOOK_D,2025-09-28
TXN0006075633,APP003,2025-08-14,failed,267303.94,JPY,EMEA,CP0399,FUTURE,TDR0007,BOOK_B,2025-06-30
TXN0003796597,APP017,2025-06-02,failed,487332.61,AUD,EMEA,CP0405,FX,TDR0073,BOOK_B,2026-04-03
TXN0001091218,APP017,2025-02-01,pending,627606.7,JPY,AMER,CP0453,FX,TDR0165,BOOK_A,2026-03-04
TXN0006233707,APP004,2025-12-20,settled,901694.96,CHF,APAC,CP0184,BOND,TDR0109,BOOK_C,2025-02-15
TXN0009040668,APP003,2025-12-14,settled,29852.8,JPY,AMER,CP0383,SWAP,TDR0065,BOOK_B,2026-01-30
TXN0008986819,APP008,2026-01-27,settled,146144.87,CHF,APAC,CP0329,FUTURE,TDR0127,BOOK_D,2025-04-29
TXN0000395917,APP003,2025-03-08,settled,884720.6,GBP,EMEA,CP0217,OPTION,TDR0077,BOOK_A,2025-11-01
TXN0008177969,APP004,2025-03-21,active,961217.65,USD,AMER,CP0418,FUTURE,TDR0031,BOOK_D,2025-04-13
TXN0008228661,APP006,2026-04-05,reversed,598517.35,GBP,AMER,CP0394,FUTURE,TDR0098,BOOK_D,2025-10-24
TXN0007851696,APP002,2025-02-03,failed,199104.65,GBP,AMER,CP0345,BOND,TDR0152,BOOK_B,2025-02-12
TXN0004304194,APP006,2026-01-05,pending,623275.02,EUR,APAC,CP0448,OPTION,TDR0007,BOOK_B,2025-06-03
TXN0001783316,APP016,2025-11-21,failed,42379.65,GBP,AMER,CP0278,EQUITY,TDR0005,BOOK_A,2026-03-26
TXN0001841885,APP010,2025-11-09,reversed,632757.88,CHF,AMER,CP0075,FX,TDR0147,BOOK_C,2025-05-26
TXN0007379314,APP002,2025-11-29,failed,56764.91,EUR,LATAM,CP0068,FUTURE,TDR0032,BOOK_A,2025-04-16
TXN0008304102,APP006,2025-09-19,reversed,630513.82,USD,LATAM,CP0043,BOND,TDR0143,BOOK_C,2025-10-08
TXN0009463215,APP012,2025-08-22,settled,968958.87,USD,APAC,CP0245,OPTION,TDR0143,BOOK_C,2025-10-18
TXN0004537052,APP011,2025-04-12,active,650485.85,JPY,LATAM,CP0476,EQUITY,TDR0111,BOOK_B,2025-01-20
TXN0009803028,APP015,2026-02-15,failed,768394.44,GBP,APAC,CP0295,FX,TDR0070,BOOK_B,2025-05-24
TXN0001712946,APP014,2025-02-21,failed,536728.92,EUR,AMER,CP0300,FX,TDR0036,BOOK_C,2025-12-25
TXN0004829173,APP016,2025-03-05,settled,496549.0,CHF,AMER,CP0275,EQUITY,TDR0194,BOOK_B,2025-08-07
TXN0004017820,APP017,2025-07-13,settled,691591.46,EUR,APAC,CP0373,EQUITY,TDR0177,BOOK_B,2025-07-17
TXN0006903635,APP017,2025-11-14,reversed,51576.73,AUD,AMER,CP0377,BOND,TDR0034,BOOK_B,2026-01-26
TXN0007265709,APP014,2025-03-06,failed,577050.7,AUD,LATAM,CP0247,FUTURE,TDR0175,BOOK_C,2025-08-16
TXN0007409295,APP015,2025-03-27,active,357191.7,USD,AMER,CP0095,BOND,TDR0018,BOOK_A,2026-01-03
TXN0001481145,APP017,2025-05-27,failed,273892.63,AUD,APAC,CP0488,BOND,TDR0052,BOOK_A,2025-04-13
TXN0000766705,APP020,2025-11-03,failed,51642.43,CHF,EMEA,CP0233,EQUITY,TDR0117,BOOK_D,2025-10-19
TXN0000160580,APP004,2025-11-20,settled,541583.25,CHF,AMER,CP0025,OPTION,TDR0193,BOOK_A,2026-01-05
TXN0009778315,APP014,2026-04-10,pending,346324.69,GBP,LATAM,CP0042,OPTION,TDR0002,BOOK_C,2025-01-06
TXN0007224569,APP018,2025-01-15,pending,879155.65,GBP,APAC,CP0057,BOND,TDR0047,BOOK_B,2025-09-03
TXN0003203595,APP016,2025-04-05,pending,853919.82,EUR,EMEA,CP0264,EQUITY,TDR0175,BOOK_B,2025-04-02
TXN0005443952,APP017,2025-05-24,pending,684915.39,AUD,EMEA,CP0171,FUTURE,TDR0149,BOOK_D,2025-07-18
TXN0008166514,APP013,2025-12-02,settled,709260.26,CHF,APAC,CP0264,OPTION,TDR0175,BOOK_D,2025-09-25
TXN0005825708,APP019,2025-11-08,pending,875610.82,JPY,AMER,CP0269,FUTURE,TDR0169,BOOK_A,2025-04-23
TXN0006917307,APP018,2025-08-23,reversed,243844.42,CHF,AMER,CP0500,FX,TDR0164,BOOK_B,2025-09-20
TXN0003452305,APP016,2025-03-22,pending,703323.83,EUR,APAC,CP0130,SWAP,TDR0156,BOOK_A,2025-01-02
TXN0007607929,APP006,2025-04-10,failed,594835.65,CHF,APAC,CP0239,BOND,TDR0039,BOOK_A,2025-09-15
TXN0009078176,APP014,2025-12-22,active,229599.77,AUD,AMER,CP0472,EQUITY,TDR0136,BOOK_A,2025-11-18
TXN0000766551,APP015,2025-02-02,reversed,320238.48,GBP,AMER,CP0039,FX,TDR0172,BOOK_A,2025-03-22
TXN0000939597,APP009,2025-10-15,active,760319.6,GBP,EMEA,CP0336,FX,TDR0147,BOOK_D,2026-04-14
TXN0008775548,APP018,2026-01-07,pending,970852.29,JPY,APAC,CP0428,SWAP,TDR0126,BOOK_A,2025-12-14
TXN0008114687,APP013,2025-07-07,settled,666387.12,EUR,LATAM,CP0151,EQUITY,TDR0136,BOOK_C,2026-03-28
TXN0002715309,APP012,2025-04-08,reversed,676960.11,JPY,APAC,CP0110,SWAP,TDR0095,BOOK_B,2025-08-02
TXN0001571397,APP010,2025-04-08,settled,946320.43,GBP,APAC,CP0103,FUTURE,TDR0016,BOOK_B,2026-03-19
TXN0006232316,APP002,2025-05-06,active,505447.1,AUD,EMEA,CP0191,EQUITY,TDR0095,BOOK_B,2025-06-26
TXN0007728959,APP011,2025-03-14,pending,64809.84,AUD,AMER,CP0415,EQUITY,TDR0197,BOOK_D,2026-03-01
TXN0006146172,APP003,2025-03-18,reversed,313091.27,GBP,EMEA,CP0122,FUTURE,TDR0081,BOOK_A,2025-07-02
TXN0006079074,APP002,2025-03-28,pending,753592.62,USD,EMEA,CP0153,FUTURE,TDR0029,BOOK_B,2025-04-06
TXN0002373776,APP004,2025-02-02,reversed,728866.52,CHF,APAC,CP0080,SWAP,TDR0124,BOOK_C,2025-10-11
TXN0003139655,APP006,2026-03-29,pending,943759.99,USD,APAC,CP0213,BOND,TDR0054,BOOK_B,2025-11-14
TXN0004446278,APP008,2026-04-12,failed,758445.68,AUD,EMEA,CP0012,EQUITY,TDR0049,BOOK_D,2025-07-23
TXN0006908425,APP017,2025-03-30,failed,121564.11,JPY,EMEA,CP0493,FX,TDR0032,BOOK_B,2025-07-30
TXN0002261118,APP018,2025-10-27,failed,28307.24,EUR,EMEA,CP0011,BOND,TDR0167,BOOK_B,2025-12-14
TXN0008145955,APP013,2025-07-06,active,169735.95,USD,APAC,CP0373,OPTION,TDR0118,BOOK_C,2026-01-23
TXN0001955833,APP007,2025-04-27,active,304772.94,JPY,AMER,CP0355,BOND,TDR0195,BOOK_A,2025-03-10
TXN0007674213,APP019,2025-05-07,reversed,366272.28,CHF,EMEA,CP0422,FX,TDR0011,BOOK_A,2025-09-22
TXN0006711716,APP013,2026-03-20,reversed,414956.84,USD,LATAM,CP0486,OPTION,TDR0143,BOOK_C,2025-04-02
TXN0008181433,APP019,2025-08-02,active,719105.71,CHF,AMER,CP0341,BOND,TDR0003,BOOK_D,2026-03-25
TXN0002097958,APP019,2025-11-07,settled,574812.93,USD,EMEA,CP0036,FUTURE,TDR0075,BOOK_D,2026-03-22
TXN0004142790,APP004,2025-10-11,pending,95636.47,USD,APAC,CP0176,SWAP,TDR0008,BOOK_A,2025-09-18
TXN0005213234,APP015,2025-09-12,reversed,688824.57,JPY,LATAM,CP0033,BOND,TDR0089,BOOK_C,2025-01-15
TXN0002759102,APP003,2025-01-01,failed,790251.86,CHF,EMEA,CP0057,EQUITY,TDR0031,BOOK_D,2025-01-27
TXN0002596892,APP010,2025-02-18,pending,56910.86,CHF,LATAM,CP0232,EQUITY,TDR0066,BOOK_D,2026-04-12
TXN0008718499,APP017,2025-02-15,pending,959989.78,GBP,AMER,CP0262,FUTURE,TDR0129,BOOK_A,2026-04-06
TXN0005870535,APP013,2025-03-07,reversed,438413.76,GBP,LATAM,CP0229,FUTURE,TDR0141,BOOK_C,2025-04-26
TXN0001123657,APP001,2026-01-02,failed,818522.63,CHF,APAC,CP0161,FX,TDR0007,BOOK_D,2025-07-12
TXN0001574992,APP002,2026-02-17,reversed,412001.09,GBP,LATAM,CP0116,FX,TDR0031,BOOK_B,2025-02-07
TXN0000566808,APP017,2025-06-16,active,373790.67,JPY,EMEA,CP0423,SWAP,TDR0108,BOOK_C,2025-05-29
TXN0000132455,APP016,2025-07-31,reversed,51921.79,USD,EMEA,CP0359,FX,TDR0072,BOOK_B,2025-12-18
TXN0000504707,APP020,2026-04-02,reversed,169577.15,EUR,APAC,CP0063,SWAP,TDR0170,BOOK_D,2025-03-27
TXN0000278279,APP019,2026-01-19,settled,79053.79,AUD,LATAM,CP0370,OPTION,TDR0168,BOOK_B,2026-01-18
TXN0002426520,APP015,2026-03-06,settled,877807.34,CHF,AMER,CP0430,FX,TDR0122,BOOK_B,2025-10-23
TXN0007482062,APP012,2025-03-01,active,632396.09,EUR,EMEA,CP0134,FUTURE,TDR0191,BOOK_A,2025-12-17
TXN0003161523,APP008,2025-01-24,settled,852950.64,EUR,APAC,CP0072,EQUITY,TDR0042,BOOK_B,2025-04-27
TXN0002864366,APP006,2025-03-07,failed,882709.37,EUR,APAC,CP0050,SWAP,TDR0052,BOOK_B,2025-08-28
TXN0006005678,APP007,2025-07-26,pending,171024.89,CHF,EMEA,CP0224,EQUITY,TDR0153,BOOK_A,2026-03-19
TXN0005799397,APP004,2026-01-08,pending,612988.84,EUR,EMEA,CP0092,EQUITY,TDR0042,BOOK_A,2025-09-12
TXN0007001508,APP017,2025-10-26,failed,176151.32,AUD,AMER,CP0344,OPTION,TDR0101,BOOK_C,2025-10-31
TXN0009633935,APP003,2026-04-08,reversed,969349.75,USD,EMEA,CP0306,BOND,TDR0160,BOOK_D,2025-09-03
TXN0004384357,APP007,2025-01-19,pending,199222.12,EUR,EMEA,CP0194,EQUITY,TDR0043,BOOK_B,2025-10-28
TXN0003952538,APP013,2025-12-08,active,282003.92,AUD,EMEA,CP0177,EQUITY,TDR0057,BOOK_A,2025-01-06
TXN0004157310,APP015,2025-02-12,settled,413940.27,GBP,AMER,CP0240,FUTURE,TDR0002,BOOK_B,2025-07-22
TXN0002414918,APP006,2025-09-04,reversed,549565.3,EUR,EMEA,CP0422,OPTION,TDR0071,BOOK_A,2025-04-05
TXN0004537208,APP017,2025-07-10,active,444992.25,USD,LATAM,CP0326,BOND,TDR0077,BOOK_D,2026-01-04
TXN0004434276,APP007,2026-01-29,pending,477396.64,JPY,AMER,CP0387,OPTION,TDR0006,BOOK_A,2025-09-18
TXN0007901492,APP016,2025-06-07,reversed,484800.32,EUR,LATAM,CP0451,FUTURE,TDR0155,BOOK_D,2025-06-02
TXN0005329930,APP004,2025-12-19,reversed,398806.14,JPY,LATAM,CP0423,FX,TDR0072,BOOK_D,2025-01-04
TXN0004252491,APP009,2025-11-06,pending,940332.44,JPY,LATAM,CP0012,EQUITY,TDR0076,BOOK_D,2026-02-01
TXN0004518544,APP013,2026-03-07,reversed,728424.81,CHF,APAC,CP0126,BOND,TDR0152,BOOK_A,2025-10-09
TXN0009958355,APP008,2025-08-05,settled,694994.57,JPY,APAC,CP0089,SWAP,TDR0190,BOOK_C,2025-07-20
TXN0000360845,APP017,2025-02-20,settled,525999.58,USD,APAC,CP0428,OPTION,TDR0191,BOOK_D,2025-06-30
TXN0008685777,APP009,2025-06-22,pending,590008.25,CHF,AMER,CP0041,BOND,TDR0186,BOOK_B,2026-03-10
TXN0004634185,APP003,2025-10-16,reversed,918092.37,USD,LATAM,CP0361,FX,TDR0043,BOOK_D,2026-02-03
TXN0007344824,APP013,2025-09-10,settled,207853.75,AUD,APAC,CP0401,FUTURE,TDR0184,BOOK_A,2025-07-11
TXN0006554975,APP003,2025-10-25,settled,852118.46,USD,AMER,CP0071,FUTURE,TDR0067,BOOK_A,2025-02-17
TXN0009199165,APP005,2025-01-05,failed,617614.55,CHF,LATAM,CP0198,FX,TDR0088,BOOK_A,2025-06-16
TXN0002939269,APP003,2026-01-28,active,93502.36,CHF,EMEA,CP0010,SWAP,TDR0186,BOOK_B,2026-03-06
TXN0009364130,APP013,2025-05-18,settled,432111.97,JPY,AMER,CP0359,EQUITY,TDR0029,BOOK_B,2025-02-03
TXN0005964152,APP012,2025-01-18,failed,850692.65,CHF,APAC,CP0461,BOND,TDR0146,BOOK_D,2025-10-10
TXN0009039264,APP009,2025-11-28,pending,432410.05,AUD,LATAM,CP0340,BOND,TDR0007,BOOK_D,2025-01-14
TXN0009320280,APP019,2025-02-01,pending,574664.19,USD,EMEA,CP0153,FUTURE,TDR0181,BOOK_D,2026-03-31
TXN0008667904,APP009,2026-01-15,failed,680317.82,GBP,EMEA,CP0336,OPTION,TDR0109,BOOK_C,2025-06-17
TXN0006061869,APP009,2025-03-24,pending,114224.55,CHF,APAC,CP0058,FUTURE,TDR0184,BOOK_D,2025-05-29
TXN0000915616,APP019,2025-06-03,active,561939.93,JPY,EMEA,CP0014,OPTION,TDR0197,BOOK_A,2025-01-31
TXN0005035392,APP006,2025-04-21,reversed,809422.68,AUD,AMER,CP0053,EQUITY,TDR0078,BOOK_A,2025-05-14
TXN0005394431,APP011,2025-07-04,settled,146515.94,EUR,LATAM,CP0077,OPTION,TDR0166,BOOK_D,2025-10-09
TXN0002482295,APP013,2025-10-10,failed,788564.75,EUR,EMEA,CP0200,FX,TDR0144,BOOK_B,2026-03-30
TXN0001616283,APP016,2025-12-02,reversed,667549.22,JPY,APAC,CP0299,SWAP,TDR0037,BOOK_A,2025-07-06
TXN0005038187,APP014,2025-05-12,failed,601031.17,AUD,APAC,CP0420,BOND,TDR0150,BOOK_A,2025-01-07
TXN0004922360,APP016,2025-04-20,active,667467.98,CHF,EMEA,CP0411,SWAP,TDR0125,BOOK_D,2025-12-07
TXN0001453984,APP003,2025-11-07,settled,462222.53,AUD,AMER,CP0009,EQUITY,TDR0061,BOOK_D,2025-09-24
TXN0002002704,APP002,2026-01-03,reversed,592488.52,GBP,EMEA,CP0364,BOND,TDR0143,BOOK_D,2026-01-27
TXN0009861677,APP012,2026-03-09,failed,649404.92,AUD,AMER,CP0301,EQUITY,TDR0187,BOOK_B,2025-12-28
TXN0008227399,APP017,2025-12-12,settled,664093.7,EUR,LATAM,CP0398,BOND,TDR0016,BOOK_A,2025-08-28
TXN0003388686,APP007,2025-09-07,failed,496873.77,GBP,AMER,CP0402,SWAP,TDR0059,BOOK_C,2025-12-20
TXN0004798288,APP017,2025-04-16,failed,9617.03,JPY,LATAM,CP0388,SWAP,TDR0198,BOOK_C,2025-08-10
TXN0007570672,APP014,2026-01-04,active,891548.23,AUD,APAC,CP0319,FUTURE,TDR0173,BOOK_C,2025-12-05
TXN0009397822,APP008,2025-01-31,reversed,835280.56,CHF,EMEA,CP0107,SWAP,TDR0111,BOOK_D,2025-12-10
TXN0006072984,APP013,2025-08-21,settled,641169.45,JPY,LATAM,CP0175,FX,TDR0176,BOOK_B,2025-05-21
TXN0000397411,APP006,2025-08-15,reversed,971250.59,AUD,AMER,CP0223,OPTION,TDR0116,BOOK_C,2025-06-15
TXN0002058393,APP018,2025-09-23,pending,96694.24,AUD,APAC,CP0443,EQUITY,TDR0107,BOOK_D,2025-09-08
TXN0004847203,APP016,2025-11-08,pending,996235.22,AUD,AMER,CP0412,FX,TDR0185,BOOK_A,2025-05-19
TXN0005397135,APP006,2025-03-28,pending,26695.3,AUD,LATAM,CP0260,FX,TDR0098,BOOK_C,2025-01-24
TXN0002280486,APP017,2025-08-09,reversed,768923.34,EUR,APAC,CP0197,OPTION,TDR0142,BOOK_C,2026-04-06
TXN0006248396,APP003,2025-11-22,reversed,96667.4,AUD,EMEA,CP0252,FUTURE,TDR0180,BOOK_D,2026-03-22
TXN0008052970,APP004,2026-04-14,pending,601604.95,JPY,LATAM,CP0407,OPTION,TDR0130,BOOK_A,2025-07-05
TXN0001098386,APP004,2025-09-08,settled,553246.62,CHF,AMER,CP0159,FX,TDR0063,BOOK_D,2025-09-08
TXN0002182968,APP013,2025-03-09,pending,875454.26,USD,APAC,CP0295,BOND,TDR0143,BOOK_C,2025-08-13
TXN0003404176,APP010,2026-03-07,settled,445716.17,CHF,LATAM,CP0294,FUTURE,TDR0131,BOOK_A,2025-08-06
TXN0003468703,APP002,2026-01-15,failed,515355.2,CHF,EMEA,CP0232,FX,TDR0197,BOOK_D,2025-08-31
TXN0001507810,APP016,2025-09-19,active,51672.59,USD,AMER,CP0347,SWAP,TDR0119,BOOK_B,2025-12-11
TXN0003029828,APP006,2025-08-11,failed,495052.15,EUR,EMEA,CP0189,EQUITY,TDR0018,BOOK_D,2025-09-20
TXN0003322886,APP003,2025-08-22,failed,897045.42,CHF,EMEA,CP0191,OPTION,TDR0161,BOOK_B,2025-09-06
TXN0002022237,APP009,2026-04-07,pending,187646.94,USD,APAC,CP0175,EQUITY,TDR0122,BOOK_D,2025-11-03
TXN0006422924,APP001,2026-02-21,failed,541411.49,USD,APAC,CP0205,EQUITY,TDR0107,BOOK_D,2026-04-11
TXN0007124078,APP011,2025-10-29,reversed,482461.94,USD,EMEA,CP0446,OPTION,TDR0141,BOOK_A,2025-06-21
TXN0004961465,APP011,2025-02-08,settled,608356.28,GBP,APAC,CP0289,BOND,TDR0048,BOOK_C,2025-12-31
TXN0007135064,APP015,2025-01-21,settled,710086.53,USD,LATAM,CP0363,SWAP,TDR0051,BOOK_A,2025-11-02
TXN0000373643,APP016,2026-03-24,active,106661.5,CHF,EMEA,CP0004,BOND,TDR0051,BOOK_D,2025-07-09
TXN0002224719,APP017,2025-06-12,reversed,715266.44,EUR,AMER,CP0254,FUTURE,TDR0016,BOOK_A,2025-08-12
TXN0009397636,APP002,2025-04-29,failed,808577.57,USD,EMEA,CP0344,SWAP,TDR0176,BOOK_B,2025-11-12
TXN0002049897,APP010,2025-11-13,reversed,825662.28,GBP,AMER,CP0084,OPTION,TDR0191,BOOK_D,2025-01-31
TXN0001774378,APP006,2025-09-02,active,856134.39,GBP,APAC,CP0236,EQUITY,TDR0025,BOOK_C,2025-06-11
TXN0000676217,APP008,2025-07-06,active,541921.92,GBP,EMEA,CP0165,SWAP,TDR0039,BOOK_D,2026-03-20
TXN0000269011,APP005,2025-10-10,pending,299459.94,GBP,AMER,CP0007,BOND,TDR0064,BOOK_D,2025-03-15
TXN0004480116,APP016,2025-11-29,failed,674993.15,JPY,AMER,CP0316,SWAP,TDR0106,BOOK_D,2026-03-07
TXN0005339451,APP013,2025-07-15,active,461212.59,EUR,LATAM,CP0474,BOND,TDR0036,BOOK_C,2025-12-11
TXN0003616894,APP011,2026-01-25,reversed,525425.91,AUD,EMEA,CP0080,OPTION,TDR0125,BOOK_D,2026-03-05
TXN0006105808,APP004,2025-07-29,active,3959.73,GBP,LATAM,CP0129,FUTURE,TDR0181,BOOK_D,2025-09-13
TXN0002732355,APP002,2025-12-09,pending,614802.47,CHF,LATAM,CP0234,FUTURE,TDR0011,BOOK_C,2025-04-07
TXN0007127054,APP005,2025-04-10,failed,941425.71,CHF,APAC,CP0318,SWAP,TDR0188,BOOK_C,2025-01-27
TXN0009104100,APP008,2026-01-18,active,592309.88,CHF,EMEA,CP0464,FX,TDR0081,BOOK_A,2026-03-05
TXN0001043119,APP012,2026-02-19,active,546892.09,JPY,LATAM,CP0025,SWAP,TDR0163,BOOK_A,2025-05-31
TXN0005891276,APP020,2026-04-02,active,110940.61,CHF,EMEA,CP0385,FX,TDR0086,BOOK_D,2025-09-02
TXN0004406072,APP004,2025-12-13,settled,38342.93,JPY,LATAM,CP0257,FUTURE,TDR0121,BOOK_B,2025-01-21
TXN0000047790,APP019,2025-07-09,reversed,57454.95,JPY,APAC,CP0210,EQUITY,TDR0042,BOOK_C,2025-11-04
TXN0002449829,APP009,2025-07-30,reversed,643788.88,CHF,LATAM,CP0286,FX,TDR0128,BOOK_C,2026-01-03
TXN0006907723,APP014,2026-01-09,failed,829018.9,USD,LATAM,CP0399,FX,TDR0105,BOOK_C,2025-11-12
TXN0004890906,APP020,2025-06-26,reversed,770101.01,USD,APAC,CP0149,EQUITY,TDR0002,BOOK_C,2025-05-31
TXN0003492452,APP002,2026-01-24,failed,703330.15,USD,EMEA,CP0033,BOND,TDR0121,BOOK_A,2026-01-06
TXN0006929038,APP020,2025-05-16,reversed,648949.37,GBP,APAC,CP0327,SWAP,TDR0155,BOOK_C,2025-04-06
TXN0007834836,APP016,2025-10-01,active,766756.18,USD,EMEA,CP0257,BOND,TDR0020,BOOK_A,2026-02-21
TXN0002689785,APP008,2025-03-01,pending,74367.06,JPY,AMER,CP0107,OPTION,TDR0099,BOOK_B,2025-02-22
TXN0006876783,APP020,2025-08-29,active,355906.01,JPY,AMER,CP0491,EQUITY,TDR0049,BOOK_D,2025-02-16
TXN0002201738,APP017,2026-01-31,pending,437431.06,EUR,APAC,CP0106,BOND,TDR0057,BOOK_C,2025-03-07
TXN0003993113,APP020,2026-01-31,failed,447235.24,AUD,LATAM,CP0406,OPTION,TDR0120,BOOK_B,2025-04-01
TXN0008527679,APP014,2025-12-08,pending,912265.16,USD,EMEA,CP0089,BOND,TDR0069,BOOK_A,2025-11-18
TXN0004514195,APP012,2025-05-06,settled,594584.11,JPY,LATAM,CP0350,EQUITY,TDR0140,BOOK_D,2025-07-15
TXN0004750339,APP007,2026-03-02,settled,237596.35,EUR,APAC,CP0243,FUTURE,TDR0164,BOOK_A,2026-02-20
TXN0004889395,APP017,2026-01-10,pending,299605.96,AUD,EMEA,CP0237,FX,TDR0011,BOOK_A,2026-01-11
TXN0006262122,APP017,2025-10-04,pending,263438.15,EUR,AMER,CP0449,SWAP,TDR0044,BOOK_A,2026-01-24
TXN0004764926,APP002,2025-03-13,reversed,995767.92,EUR,AMER,CP0169,SWAP,TDR0012,BOOK_B,2025-09-23
TXN0003213453,APP017,2025-01-24,reversed,732028.6,EUR,EMEA,CP0133,BOND,TDR0171,BOOK_C,2025-01-15
TXN0001037143,APP006,2025-05-01,settled,369063.75,CHF,APAC,CP0207,OPTION,TDR0084,BOOK_A,2025-04-27
TXN0005927621,APP005,2025-06-24,failed,725270.56,AUD,EMEA,CP0098,BOND,TDR0150,BOOK_D,2025-11-20
TXN0009440321,APP015,2025-01-12,reversed,181738.5,JPY,EMEA,CP0373,FX,TDR0082,BOOK_B,2026-02-25
TXN0001781522,APP008,2025-04-16,settled,901996.35,CHF,EMEA,CP0358,FUTURE,TDR0090,BOOK_A,2025-12-26
TXN0004162420,APP020,2025-11-18,settled,845442.83,JPY,AMER,CP0077,OPTION,TDR0117,BOOK_A,2026-02-09
TXN0005357666,APP019,2025-12-10,active,513164.68,EUR,LATAM,CP0158,EQUITY,TDR0163,BOOK_A,2026-03-13
TXN0008781220,APP004,2025-02-18,pending,121119.35,CHF,APAC,CP0258,FUTURE,TDR0136,BOOK_D,2025-02-15
TXN0005893319,APP020,2025-05-12,active,890885.36,EUR,EMEA,CP0483,FUTURE,TDR0101,BOOK_B,2026-01-08
TXN0009471231,APP011,2025-03-26,failed,341854.58,AUD,APAC,CP0387,BOND,TDR0035,BOOK_C,2026-02-03
TXN0003907499,APP016,2025-01-28,settled,302721.53,EUR,APAC,CP0484,SWAP,TDR0187,BOOK_C,2025-11-15
TXN0009995716,APP016,2025-08-24,reversed,796742.73,GBP,AMER,CP0355,EQUITY,TDR0114,BOOK_B,2025-11-30
TXN0008546588,APP002,2025-01-28,active,456254.97,CHF,AMER,CP0420,FX,TDR0054,BOOK_B,2025-08-12
TXN0000855192,APP004,2025-11-04,pending,442541.91,EUR,EMEA,CP0042,BOND,TDR0030,BOOK_C,2026-01-27
TXN0008347567,APP004,2026-04-09,failed,165408.82,CHF,AMER,CP0346,OPTION,TDR0004,BOOK_A,2025-12-30
TXN0003372772,APP005,2026-01-26,pending,527903.82,GBP,AMER,CP0440,SWAP,TDR0186,BOOK_B,2025-07-30
TXN0008559703,APP010,2025-02-01,active,212647.62,AUD,APAC,CP0198,SWAP,TDR0110,BOOK_C,2026-04-08
TXN0000652993,APP012,2025-11-05,failed,27545.08,GBP,AMER,CP0366,FUTURE,TDR0195,BOOK_B,2025-12-02
TXN0005435698,APP019,2025-11-05,failed,418806.93,EUR,LATAM,CP0114,FUTURE,TDR0129,BOOK_C,2025-03-13
TXN0001651289,APP004,2025-07-08,reversed,771946.72,EUR,EMEA,CP0402,OPTION,TDR0024,BOOK_B,2026-02-09
TXN0007579842,APP002,2025-10-09,failed,182958.75,GBP,EMEA,CP0058,BOND,TDR0189,BOOK_C,2025-05-20
TXN0001156673,APP019,2025-03-25,settled,54491.24,JPY,APAC,CP0069,BOND,TDR0072,BOOK_C,2025-04-06
TXN0008159453,APP015,2026-01-11,failed,609098.95,AUD,LATAM,CP0497,EQUITY,TDR0080,BOOK_A,2025-09-26
TXN0001461188,APP012,2025-03-09,pending,670624.14,USD,LATAM,CP0464,OPTION,TDR0067,BOOK_A,2025-03-23
TXN0007588065,APP011,2025-02-06,reversed,182917.09,AUD,EMEA,CP0060,FUTURE,TDR0008,BOOK_A,2026-02-21
TXN0009633843,APP015,2025-11-14,active,499438.47,CHF,LATAM,CP0199,SWAP,TDR0126,BOOK_A,2025-02-19
TXN0001897320,APP020,2026-04-06,settled,108794.67,AUD,EMEA,CP0173,FX,TDR0163,BOOK_A,2025-05-03
TXN0002657641,APP016,2026-03-04,settled,728986.17,JPY,EMEA,CP0379,FX,TDR0127,BOOK_A,2025-10-04
TXN0003112961,APP006,2025-01-19,settled,560945.72,GBP,APAC,CP0317,EQUITY,TDR0184,BOOK_C,2026-01-05
TXN0006932325,APP015,2025-07-24,failed,793230.22,JPY,APAC,CP0364,BOND,TDR0181,BOOK_A,2026-04-13
TXN0008263698,APP006,2025-10-22,active,483270.28,AUD,EMEA,CP0220,FUTURE,TDR0022,BOOK_B,2025-01-15
TXN0007114334,APP011,2025-05-22,pending,392001.78,USD,LATAM,CP0495,FUTURE,TDR0005,BOOK_D,2025-05-22
TXN0001710886,APP001,2025-06-28,pending,177939.66,CHF,APAC,CP0063,FUTURE,TDR0137,BOOK_A,2025-08-18
TXN0008417993,APP018,2026-01-22,settled,993147.68,CHF,APAC,CP0437,OPTION,TDR0015,BOOK_C,2025-04-21
TXN0008596375,APP005,2026-02-22,reversed,49226.99,JPY,EMEA,CP0055,OPTION,TDR0129,BOOK_B,2025-04-27
TXN0007127562,APP010,2025-05-07,reversed,45192.4,JPY,LATAM,CP0313,BOND,TDR0105,BOOK_A,2025-06-23
TXN0008077693,APP012,2025-06-24,failed,785587.82,EUR,AMER,CP0476,EQUITY,TDR0069,BOOK_B,2025-10-19
TXN0001776903,APP009,2026-01-10,settled,238024.3,AUD,EMEA,CP0067,FUTURE,TDR0009,BOOK_D,2025-06-02
TXN0007956192,APP020,2025-02-10,failed,345067.3,JPY,AMER,CP0318,OPTION,TDR0108,BOOK_B,2025-03-20
TXN0006284211,APP011,2025-01-17,settled,368075.45,EUR,EMEA,CP0032,OPTION,TDR0173,BOOK_D,2025-05-10
TXN0005480159,APP015,2025-02-27,reversed,182344.46,GBP,AMER,CP0387,FUTURE,TDR0033,BOOK_A,2025-05-25
TXN0001128508,APP020,2025-06-06,failed,434278.63,GBP,LATAM,CP0235,SWAP,TDR0198,BOOK_D,2025-04-20
TXN0006673532,APP003,2025-01-28,active,469348.62,EUR,LATAM,CP0075,EQUITY,TDR0109,BOOK_D,2025-02-18
TXN0005406165,APP001,2025-06-16,reversed,155577.29,USD,APAC,CP0399,SWAP,TDR0082,BOOK_D,2026-03-30
TXN0006131824,APP007,2025-02-22,reversed,925870.95,JPY,EMEA,CP0254,BOND,TDR0108,BOOK_B,2025-04-16
TXN0006186955,APP019,2025-04-18,active,179604.37,GBP,LATAM,CP0320,BOND,TDR0102,BOOK_C,2026-04-02
TXN0005761980,APP001,2025-10-05,failed,898792.95,AUD,APAC,CP0150,BOND,TDR0048,BOOK_A,2025-12-03
TXN0009837394,APP017,2025-12-24,settled,170751.55,CHF,AMER,CP0357,EQUITY,TDR0149,BOOK_A,2026-02-14
TXN0001128838,APP002,2025-12-10,settled,631271.4,AUD,EMEA,CP0082,BOND,TDR0103,BOOK_C,2025-02-16
TXN0008755911,APP016,2025-06-09,pending,87152.76,JPY,AMER,CP0136,EQUITY,TDR0152,BOOK_B,2025-11-27
TXN0002033806,APP017,2025-11-02,settled,459791.54,AUD,AMER,CP0436,SWAP,TDR0168,BOOK_D,2026-02-24
TXN0005672539,APP011,2025-03-29,reversed,68726.2,CHF,LATAM,CP0244,FUTURE,TDR0115,BOOK_A,2025-01-06
TXN0005616642,APP002,2025-02-14,pending,124411.63,AUD,AMER,CP0229,OPTION,TDR0035,BOOK_B,2025-03-08
TXN0008855788,APP018,2026-03-11,pending,420048.81,GBP,AMER,CP0431,EQUITY,TDR0094,BOOK_A,2025-08-06
TXN0001200984,APP005,2025-12-31,settled,247698.86,USD,LATAM,CP0010,EQUITY,TDR0132,BOOK_B,2026-03-27
TXN0007998452,APP013,2026-02-08,settled,290193.14,CHF,APAC,CP0143,FX,TDR0008,BOOK_A,2025-02-28
TXN0006655974,APP005,2025-10-07,reversed,732203.21,CHF,APAC,CP0380,SWAP,TDR0057,BOOK_B,2025-03-23
TXN0002882080,APP010,2025-05-08,active,276156.43,USD,AMER,CP0254,BOND,TDR0153,BOOK_A,2025-02-10
TXN0006669200,APP007,2025-06-23,reversed,995429.17,AUD,EMEA,CP0428,SWAP,TDR0085,BOOK_C,2026-02-01
TXN0002526766,APP005,2025-01-25,reversed,597794.16,CHF,LATAM,CP0247,FUTURE,TDR0077,BOOK_C,2025-08-07
TXN0001481900,APP009,2025-02-11,pending,467266.58,EUR,EMEA,CP0245,BOND,TDR0044,BOOK_C,2025-05-01
TXN0005581357,APP017,2026-04-13,active,912444.12,GBP,LATAM,CP0277,SWAP,TDR0003,BOOK_B,2025-03-17
TXN0004351783,APP009,2025-03-20,active,43545.55,USD,AMER,CP0422,EQUITY,TDR0040,BOOK_A,2025-04-05
TXN0004137643,APP005,2025-06-16,settled,689201.48,CHF,EMEA,CP0306,OPTION,TDR0090,BOOK_C,2025-07-17
TXN0008956738,APP019,2025-09-01,pending,475993.65,GBP,APAC,CP0407,OPTION,TDR0080,BOOK_A,2025-01-18
TXN0001827130,APP007,2025-06-25,active,144158.44,AUD,APAC,CP0230,FX,TDR0112,BOOK_A,2025-11-21
TXN0008254300,APP012,2025-02-12,active,463460.64,EUR,AMER,CP0256,OPTION,TDR0110,BOOK_D,2025-08-13
TXN0000685375,APP005,2025-10-06,active,113645.51,GBP,EMEA,CP0172,BOND,TDR0173,BOOK_D,2026-01-31
TXN0006455922,APP020,2025-12-05,pending,227069.02,AUD,EMEA,CP0346,BOND,TDR0139,BOOK_A,2025-02-09
TXN0007974970,APP003,2025-09-23,reversed,826360.22,JPY,AMER,CP0426,OPTION,TDR0015,BOOK_D,2025-07-18
TXN0008520044,APP009,2025-07-17,settled,813252.92,JPY,EMEA,CP0042,SWAP,TDR0072,BOOK_C,2025-05-06
TXN0008149103,APP019,2025-05-19,reversed,735986.37,JPY,APAC,CP0473,OPTION,TDR0146,BOOK_C,2025-03-17
TXN0003281518,APP020,2025-08-18,pending,843782.09,GBP,APAC,CP0439,OPTION,TDR0036,BOOK_C,2025-06-11
TXN0003804858,APP009,2025-12-16,pending,244173.84,AUD,AMER,CP0285,EQUITY,TDR0037,BOOK_C,2025-12-22
TXN0004801174,APP002,2025-04-26,reversed,760664.73,GBP,APAC,CP0499,BOND,TDR0034,BOOK_D,2025-02-23
TXN0008813311,APP020,2026-01-10,reversed,4299.96,GBP,APAC,CP0250,EQUITY,TDR0074,BOOK_A,2025-09-08
TXN0003215864,APP018,2025-05-22,pending,266509.77,AUD,LATAM,CP0120,SWAP,TDR0114,BOOK_A,2026-03-23
TXN0006569749,APP011,2026-01-05,pending,18401.33,AUD,APAC,CP0165,BOND,TDR0189,BOOK_C,2025-12-05
TXN0008161191,APP007,2025-08-08,failed,204169.45,AUD,LATAM,CP0097,FX,TDR0088,BOOK_D,2025-01-07
TXN0000110732,APP010,2025-01-11,active,928193.46,CHF,LATAM,CP0135,FX,TDR0021,BOOK_A,2026-03-19
TXN0007348539,APP001,2025-11-03,settled,21423.26,USD,AMER,CP0442,FX,TDR0019,BOOK_A,2026-03-12
TXN0004897325,APP016,2025-11-18,pending,488070.38,JPY,EMEA,CP0215,FX,TDR0109,BOOK_C,2025-07-06
TXN0009614661,APP020,2025-08-18,reversed,745289.54,EUR,AMER,CP0062,SWAP,TDR0169,BOOK_C,2025-06-08
TXN0002671114,APP008,2026-04-14,pending,589263.37,USD,LATAM,CP0333,SWAP,TDR0086,BOOK_C,2026-03-18
TXN0006269172,APP008,2025-11-27,failed,721201.96,GBP,APAC,CP0064,BOND,TDR0165,BOOK_B,2025-11-08
TXN0008937330,APP005,2025-02-04,settled,772027.79,JPY,LATAM,CP0500,OPTION,TDR0118,BOOK_D,2026-01-17
TXN0000511293,APP002,2025-07-02,settled,87245.2,USD,AMER,CP0490,BOND,TDR0154,BOOK_B,2025-11-17
TXN0009332700,APP008,2025-01-12,active,183069.68,CHF,LATAM,CP0018,BOND,TDR0054,BOOK_A,2025-08-01
TXN0006475489,APP012,2026-01-18,active,934793.26,AUD,APAC,CP0202,SWAP,TDR0023,BOOK_C,2025-10-16
TXN0008110932,APP017,2025-02-02,active,864269.46,AUD,APAC,CP0474,FUTURE,TDR0091,BOOK_B,2025-06-06
TXN0002195183,APP007,2025-09-20,failed,284120.46,EUR,APAC,CP0380,FUTURE,TDR0003,BOOK_C,2025-07-27
TXN0002410061,APP019,2026-02-13,settled,773167.59,GBP,EMEA,CP0113,FUTURE,TDR0015,BOOK_A,2025-04-22
TXN0009300090,APP006,2025-01-20,reversed,918518.98,CHF,AMER,CP0458,SWAP,TDR0016,BOOK_B,2026-02-05
TXN0001411122,APP018,2025-12-26,reversed,408951.94,EUR,APAC,CP0160,SWAP,TDR0148,BOOK_D,2025-05-26
TXN0002206417,APP006,2025-04-05,reversed,90564.13,EUR,EMEA,CP0403,SWAP,TDR0121,BOOK_C,2025-09-24
TXN0009038682,APP017,2026-02-24,settled,120167.35,USD,LATAM,CP0428,FX,TDR0169,BOOK_B,2025-04-27
TXN0002827914,APP019,2025-07-03,pending,546858.11,USD,APAC,CP0127,BOND,TDR0051,BOOK_D,2025-03-07
TXN0005286916,APP020,2025-06-27,reversed,679003.64,EUR,LATAM,CP0326,BOND,TDR0190,BOOK_A,2025-03-20
TXN0009800220,APP019,2026-02-28,pending,684463.91,CHF,APAC,CP0367,EQUITY,TDR0154,BOOK_D,2025-02-10
TXN0000014104,APP013,2025-01-10,failed,895630.07,EUR,AMER,CP0349,FUTURE,TDR0134,BOOK_A,2025-08-07
TXN0005099419,APP010,2025-03-26,failed,297745.82,EUR,LATAM,CP0450,SWAP,TDR0118,BOOK_D,2025-07-02
TXN0003658800,APP014,2025-07-02,active,342979.18,AUD,LATAM,CP0336,FX,TDR0077,BOOK_D,2025-04-07
TXN0007996743,APP006,2025-02-06,settled,580782.27,CHF,AMER,CP0014,SWAP,TDR0087,BOOK_C,2025-12-01
TXN0005118969,APP010,2025-01-13,reversed,592903.46,CHF,EMEA,CP0288,FX,TDR0106,BOOK_C,2025-04-03
TXN0004770115,APP004,2025-01-30,active,890211.39,USD,APAC,CP0482,FUTURE,TDR0050,BOOK_C,2025-02-19
TXN0001380662,APP002,2025-01-15,settled,537490.47,GBP,LATAM,CP0142,SWAP,TDR0078,BOOK_B,2025-03-13
TXN0007942291,APP009,2026-03-03,reversed,763039.26,JPY,APAC,CP0019,BOND,TDR0078,BOOK_C,2025-12-14
TXN0009327016,APP020,2025-01-31,failed,310719.35,JPY,APAC,CP0255,OPTION,TDR0035,BOOK_B,2026-01-16
TXN0002403662,APP002,2025-06-10,reversed,610170.54,EUR,AMER,CP0428,EQUITY,TDR0018,BOOK_C,2025-07-01
TXN0003736687,APP017,2025-06-18,active,930869.18,AUD,EMEA,CP0414,SWAP,TDR0100,BOOK_C,2025-02-23
TXN0000411982,APP002,2026-01-13,settled,167740.99,CHF,APAC,CP0031,FUTURE,TDR0193,BOOK_D,2025-09-13
TXN0001376893,APP001,2025-11-03,failed,135686.48,AUD,AMER,CP0245,FX,TDR0054,BOOK_B,2025-02-14
TXN0003365274,APP013,2025-05-01,active,899482.11,JPY,AMER,CP0296,EQUITY,TDR0004,BOOK_D,2026-02-01
TXN0008666918,APP010,2026-01-14,failed,739283.01,EUR,EMEA,CP0312,EQUITY,TDR0127,BOOK_D,2025-03-20
TXN0002172621,APP006,2025-01-22,active,996030.59,JPY,EMEA,CP0289,EQUITY,TDR0125,BOOK_B,2025-08-24
TXN0005013302,APP001,2025-01-03,failed,148018.79,CHF,APAC,CP0302,FX,TDR0120,BOOK_D,2025-07-29
TXN0006687741,APP003,2025-04-19,failed,535710.32,GBP,EMEA,CP0382,EQUITY,TDR0141,BOOK_C,2025-05-31
TXN0001649716,APP003,2025-06-14,reversed,484541.66,AUD,APAC,CP0474,FUTURE,TDR0115,BOOK_B,2025-12-28
TXN0002244281,APP008,2025-03-22,active,503243.97,CHF,APAC,CP0238,FUTURE,TDR0020,BOOK_B,2025-08-14
TXN0001220030,APP016,2026-01-23,settled,335412.59,EUR,EMEA,CP0453,EQUITY,TDR0108,BOOK_C,2025-10-08
TXN0007775842,APP008,2025-04-26,active,583100.3,EUR,AMER,CP0488,FUTURE,TDR0060,BOOK_C,2025-05-14
TXN0004098465,APP010,2025-03-23,reversed,731413.25,EUR,APAC,CP0375,FUTURE,TDR0098,BOOK_B,2025-11-22
TXN0008164392,APP007,2025-09-27,settled,326157.17,AUD,AMER,CP0236,BOND,TDR0154,BOOK_A,2025-09-13
TXN0006616818,APP020,2025-07-01,active,689586.62,USD,LATAM,CP0117,EQUITY,TDR0055,BOOK_D,2025-10-01
TXN0001572990,APP020,2026-01-23,settled,402000.39,GBP,APAC,CP0012,EQUITY,TDR0044,BOOK_B,2025-03-21
TXN0001150588,APP007,2025-01-20,reversed,439336.02,AUD,AMER,CP0089,FX,TDR0144,BOOK_D,2025-10-01
TXN0005665411,APP018,2025-08-21,failed,409577.81,EUR,APAC,CP0280,FX,TDR0174,BOOK_D,2025-05-04
TXN0002390078,APP014,2025-12-04,pending,910192.25,CHF,AMER,CP0448,SWAP,TDR0178,BOOK_C,2025-01-30
TXN0006241768,APP004,2025-07-31,failed,416727.9,AUD,AMER,CP0283,BOND,TDR0181,BOOK_B,2026-01-31
TXN0000849759,APP018,2025-09-20,active,305387.48,CHF,EMEA,CP0108,OPTION,TDR0052,BOOK_A,2026-03-11
TXN0001307278,APP017,2026-01-11,settled,512413.25,CHF,EMEA,CP0473,FX,TDR0162,BOOK_B,2025-12-15
TXN0009640540,APP016,2026-02-19,reversed,245938.51,USD,EMEA,CP0430,OPTION,TDR0014,BOOK_C,2025-03-09
TXN0000673728,APP015,2025-04-13,pending,377629.34,JPY,APAC,CP0109,EQUITY,TDR0112,BOOK_B,2025-04-22
TXN0003542870,APP007,2026-02-08,settled,991375.05,GBP,LATAM,CP0254,SWAP,TDR0084,BOOK_A,2026-04-03
TXN0001464237,APP019,2025-08-17,active,881829.28,AUD,EMEA,CP0494,FUTURE,TDR0186,BOOK_B,2025-06-12
TXN0007815612,APP008,2025-11-03,active,780465.58,AUD,AMER,CP0034,OPTION,TDR0115,BOOK_C,2025-06-19
TXN0005669766,APP005,2025-08-14,reversed,624421.03,GBP,AMER,CP0303,FUTURE,TDR0157,BOOK_C,2026-02-19
TXN0007938636,APP017,2025-08-22,active,114692.43,GBP,EMEA,CP0116,OPTION,TDR0056,BOOK_D,2025-12-18
TXN0001518251,APP008,2025-04-27,active,697988.08,EUR,APAC,CP0287,OPTION,TDR0083,BOOK_B,2025-11-16
TXN0005363422,APP020,2026-04-01,settled,25861.17,AUD,EMEA,CP0164,OPTION,TDR0128,BOOK_C,2025-11-19
TXN0000372228,APP001,2026-03-15,active,535894.17,JPY,APAC,CP0248,OPTION,TDR0184,BOOK_D,2025-12-21
TXN0007569765,APP004,2025-06-14,active,863465.75,EUR,LATAM,CP0417,BOND,TDR0100,BOOK_D,2025-01-16
TXN0002138428,APP002,2026-02-04,failed,713126.17,CHF,LATAM,CP0411,OPTION,TDR0073,BOOK_B,2025-09-13
TXN0003120031,APP017,2025-01-07,failed,723432.9,CHF,EMEA,CP0454,FUTURE,TDR0027,BOOK_B,2025-07-21
TXN0009459686,APP013,2025-10-04,reversed,679441.21,CHF,AMER,CP0418,FX,TDR0176,BOOK_B,2025-03-13
TXN0008571047,APP013,2025-05-22,settled,424562.42,EUR,AMER,CP0489,FX,TDR0097,BOOK_D,2025-02-11
TXN0005193043,APP006,2025-09-04,reversed,944536.78,USD,EMEA,CP0132,SWAP,TDR0189,BOOK_B,2025-07-27
TXN0004082069,APP010,2026-02-22,active,817781.77,USD,LATAM,CP0268,BOND,TDR0135,BOOK_A,2025-08-01
TXN0009099804,APP018,2026-02-12,failed,376064.21,GBP,APAC,CP0281,FUTURE,TDR0077,BOOK_B,2025-05-02
TXN0001682786,APP010,2025-02-10,pending,758812.55,USD,LATAM,CP0080,SWAP,TDR0093,BOOK_B,2025-09-10
TXN0001201702,APP015,2025-09-03,reversed,693679.27,GBP,APAC,CP0364,SWAP,TDR0134,BOOK_A,2026-02-17
TXN0008147111,APP007,2025-12-05,active,241310.88,GBP,AMER,CP0053,FX,TDR0001,BOOK_C,2025-08-15
TXN0002390578,APP001,2025-07-20,active,991136.36,JPY,APAC,CP0187,FX,TDR0058,BOOK_A,2026-04-08
TXN0006633848,APP020,2026-01-06,failed,701174.68,GBP,AMER,CP0296,SWAP,TDR0004,BOOK_C,2025-05-26
TXN0006205728,APP006,2025-10-07,reversed,844999.07,EUR,AMER,CP0350,OPTION,TDR0086,BOOK_B,2025-10-22
TXN0009654251,APP005,2025-07-01,active,909909.38,AUD,EMEA,CP0233,FUTURE,TDR0007,BOOK_A,2025-05-24
TXN0007459739,APP018,2025-06-05,reversed,425295.42,GBP,EMEA,CP0227,FX,TDR0012,BOOK_B,2025-11-27
TXN0009219948,APP018,2025-05-04,failed,535853.51,EUR,EMEA,CP0350,FUTURE,TDR0076,BOOK_D,2025-10-02
TXN0007414356,APP006,2025-07-25,active,484863.83,GBP,LATAM,CP0486,SWAP,TDR0067,BOOK_A,2025-11-07
TXN0000427051,APP009,2025-03-20,reversed,501965.57,GBP,AMER,CP0430,FUTURE,TDR0151,BOOK_B,2025-12-07
TXN0003404065,APP009,2026-02-09,settled,342815.01,JPY,LATAM,CP0096,FUTURE,TDR0150,BOOK_C,2025-03-03
TXN0005948884,APP006,2025-07-18,failed,177884.84,GBP,APAC,CP0162,BOND,TDR0080,BOOK_A,2025-10-14
TXN0000407018,APP010,2026-01-03,pending,491886.75,JPY,APAC,CP0002,EQUITY,TDR0184,BOOK_C,2025-07-18
TXN0002819033,APP011,2026-01-23,pending,358143.86,GBP,LATAM,CP0397,FUTURE,TDR0008,BOOK_B,2026-03-28
TXN0004431564,APP009,2025-04-02,settled,72506.04,USD,AMER,CP0162,BOND,TDR0124,BOOK_B,2025-02-06
TXN0007709615,APP003,2026-02-26,active,20264.15,GBP,EMEA,CP0411,FX,TDR0154,BOOK_D,2025-07-25
TXN0000335454,APP017,2025-01-03,active,399052.87,AUD,EMEA,CP0393,SWAP,TDR0069,BOOK_D,2026-04-12
TXN0006498763,APP007,2025-06-09,pending,84903.94,USD,LATAM,CP0130,BOND,TDR0025,BOOK_B,2025-03-02
TXN0003321818,APP006,2026-02-14,reversed,187892.32,EUR,EMEA,CP0412,FUTURE,TDR0017,BOOK_B,2025-02-21
TXN0003484519,APP001,2025-03-15,settled,387394.26,JPY,EMEA,CP0014,OPTION,TDR0123,BOOK_A,2025-01-09
TXN0007937353,APP007,2025-11-04,settled,849182.24,USD,LATAM,CP0379,FX,TDR0135,BOOK_B,2025-01-17
TXN0002006997,APP017,2026-02-11,reversed,897099.28,CHF,EMEA,CP0037,OPTION,TDR0197,BOOK_D,2025-10-04
TXN0001089026,APP008,2025-01-16,pending,127463.27,AUD,APAC,CP0146,BOND,TDR0173,BOOK_D,2025-05-12
TXN0001699345,APP018,2025-05-17,reversed,929697.83,EUR,LATAM,CP0189,EQUITY,TDR0065,BOOK_A,2026-04-13
TXN0001779058,APP017,2025-11-10,pending,75986.3,CHF,LATAM,CP0270,OPTION,TDR0158,BOOK_D,2025-01-08
TXN0005085160,APP020,2025-12-27,settled,558087.12,USD,AMER,CP0068,SWAP,TDR0031,BOOK_D,2026-02-02
TXN0003331890,APP002,2026-03-15,reversed,220484.64,JPY,LATAM,CP0018,FUTURE,TDR0158,BOOK_B,2025-09-02
TXN0002992112,APP002,2025-05-27,pending,91222.74,CHF,EMEA,CP0382,BOND,TDR0011,BOOK_A,2026-01-25
TXN0007329385,APP004,2025-11-09,active,633571.78,JPY,LATAM,CP0178,EQUITY,TDR0198,BOOK_A,2025-11-07
TXN0009580217,APP015,2025-06-02,failed,341756.15,AUD,APAC,CP0231,FUTURE,TDR0064,BOOK_A,2025-03-21
TXN0003910966,APP008,2026-01-13,pending,151541.22,EUR,LATAM,CP0097,OPTION,TDR0134,BOOK_D,2025-12-29
TXN0009541684,APP006,2025-04-10,settled,510213.79,USD,AMER,CP0217,FUTURE,TDR0146,BOOK_D,2025-11-07
TXN0007967394,APP006,2026-03-10,reversed,396460.52,EUR,APAC,CP0416,FX,TDR0103,BOOK_D,2025-12-26
TXN0008706541,APP013,2025-06-29,reversed,539701.34,USD,LATAM,CP0494,EQUITY,TDR0042,BOOK_A,2026-01-10
TXN0000022688,APP020,2025-12-07,reversed,815072.54,USD,EMEA,CP0204,SWAP,TDR0045,BOOK_C,2026-03-28
TXN0004920985,APP010,2025-07-19,active,241620.26,AUD,AMER,CP0100,FX,TDR0048,BOOK_A,2025-10-30
TXN0005951715,APP016,2025-07-04,failed,125927.31,EUR,AMER,CP0474,FX,TDR0200,BOOK_A,2025-09-29
TXN0008653369,APP005,2026-03-19,reversed,101254.45,CHF,AMER,CP0096,BOND,TDR0078,BOOK_D,2025-09-30
TXN0003497365,APP019,2025-04-17,failed,201348.23,USD,APAC,CP0002,FUTURE,TDR0178,BOOK_B,2025-03-30
TXN0005652070,APP013,2025-04-18,pending,277697.02,EUR,AMER,CP0127,OPTION,TDR0198,BOOK_C,2025-06-23
TXN0005767316,APP012,2026-03-20,active,984066.12,USD,LATAM,CP0393,FUTURE,TDR0042,BOOK_B,2025-07-07
TXN0004002632,APP004,2025-05-18,active,574406.8,GBP,APAC,CP0005,SWAP,TDR0039,BOOK_A,2025-06-23
TXN0002474982,APP012,2025-02-11,pending,830417.3,EUR,EMEA,CP0090,FX,TDR0164,BOOK_A,2025-12-11
TXN0009023683,APP005,2025-11-13,failed,23438.99,AUD,APAC,CP0135,OPTION,TDR0193,BOOK_D,2026-02-10
TXN0001186416,APP002,2025-10-10,pending,707441.17,CHF,LATAM,CP0010,BOND,TDR0181,BOOK_B,2025-05-07
TXN0007126213,APP017,2025-12-03,failed,382235.26,USD,EMEA,CP0472,BOND,TDR0100,BOOK_C,2025-05-30
TXN0006120669,APP007,2025-09-22,failed,69591.78,JPY,AMER,CP0341,FX,TDR0091,BOOK_B,2025-10-21
TXN0002989332,APP015,2025-11-24,failed,516334.7,CHF,EMEA,CP0472,EQUITY,TDR0192,BOOK_C,2025-01-12
TXN0009213465,APP015,2025-03-30,settled,719504.69,JPY,EMEA,CP0381,SWAP,TDR0124,BOOK_A,2025-10-27
TXN0002896258,APP017,2025-05-25,settled,283601.26,USD,LATAM,CP0160,EQUITY,TDR0130,BOOK_C,2025-06-29
TXN0007125278,APP003,2025-10-02,failed,575416.54,AUD,AMER,CP0298,OPTION,TDR0050,BOOK_A,2026-01-19
TXN0005150761,APP010,2025-07-15,active,703252.76,USD,LATAM,CP0345,FX,TDR0145,BOOK_D,2025-03-03
TXN0004133467,APP014,2026-03-19,pending,799707.79,USD,EMEA,CP0276,EQUITY,TDR0024,BOOK_D,2026-04-04
TXN0007974027,APP019,2025-10-07,settled,242495.03,JPY,APAC,CP0258,FX,TDR0039,BOOK_D,2025-01-19
TXN0009061398,APP003,2025-05-28,settled,992280.53,AUD,LATAM,CP0172,SWAP,TDR0106,BOOK_B,2025-06-11
TXN0009620061,APP009,2025-04-01,pending,932195.98,EUR,AMER,CP0261,EQUITY,TDR0089,BOOK_A,2025-03-14
TXN0001026723,APP001,2025-11-19,pending,394908.49,EUR,EMEA,CP0317,SWAP,TDR0076,BOOK_C,2026-03-09
TXN0002801210,APP013,2025-09-04,active,384280.98,GBP,LATAM,CP0263,FUTURE,TDR0166,BOOK_B,2025-08-12
TXN0005103799,APP003,2026-03-05,pending,272878.52,AUD,AMER,CP0034,SWAP,TDR0089,BOOK_B,2025-12-10
TXN0004645797,APP006,2026-03-21,settled,192500.99,JPY,APAC,CP0269,EQUITY,TDR0169,BOOK_C,2025-10-08
TXN0006417571,APP002,2025-09-14,reversed,650204.18,USD,LATAM,CP0265,FUTURE,TDR0166,BOOK_A,2026-01-04
TXN0004893005,APP003,2025-01-05,settled,69002.92,CHF,EMEA,CP0477,EQUITY,TDR0166,BOOK_C,2025-02-06
TXN0008454171,APP011,2025-06-09,failed,552212.83,CHF,AMER,CP0389,FX,TDR0198,BOOK_B,2025-06-05
TXN0005684230,APP006,2025-12-11,pending,879461.91,CHF,AMER,CP0039,EQUITY,TDR0024,BOOK_D,2025-11-24
TXN0008068046,APP016,2025-08-20,settled,666438.75,USD,LATAM,CP0288,SWAP,TDR0021,BOOK_C,2025-09-01
TXN0000643663,APP014,2025-08-11,settled,768338.71,GBP,APAC,CP0382,BOND,TDR0172,BOOK_D,2025-05-29
TXN0006302517,APP014,2026-04-09,reversed,791002.99,USD,EMEA,CP0475,FUTURE,TDR0041,BOOK_C,2025-03-06
TXN0000532278,APP008,2025-09-30,failed,533081.05,JPY,APAC,CP0347,OPTION,TDR0195,BOOK_B,2025-04-10
TXN0000020664,APP004,2025-10-31,active,148072.02,EUR,EMEA,CP0156,BOND,TDR0044,BOOK_D,2025-05-17
TXN0008379204,APP019,2025-03-01,pending,34885.97,USD,APAC,CP0064,OPTION,TDR0096,BOOK_B,2025-10-10
TXN0001356854,APP001,2026-01-02,reversed,320953.73,EUR,APAC,CP0106,OPTION,TDR0101,BOOK_D,2025-01-30
TXN0004243627,APP012,2025-03-28,active,178693.12,AUD,LATAM,CP0250,OPTION,TDR0058,BOOK_A,2025-01-26
TXN0002733960,APP008,2025-01-06,failed,743577.26,GBP,LATAM,CP0106,FUTURE,TDR0017,BOOK_A,2025-07-12
TXN0000515297,APP016,2025-02-08,settled,150494.76,EUR,LATAM,CP0428,FUTURE,TDR0030,BOOK_D,2026-01-23
TXN0004207847,APP006,2025-10-23,reversed,15985.72,USD,APAC,CP0239,BOND,TDR0005,BOOK_A,2025-04-22
TXN0002418333,APP012,2026-01-04,reversed,730347.38,USD,EMEA,CP0207,FUTURE,TDR0167,BOOK_A,2025-12-15
TXN0007834215,APP017,2026-02-06,failed,243982.65,CHF,EMEA,CP0351,EQUITY,TDR0168,BOOK_A,2025-01-10
TXN0004758822,APP020,2026-02-25,active,685949.79,GBP,APAC,CP0111,OPTION,TDR0137,BOOK_A,2025-08-02
TXN0009115381,APP014,2025-10-02,reversed,363095.97,EUR,AMER,CP0237,BOND,TDR0185,BOOK_D,2025-07-09
TXN0001933296,APP005,2025-10-09,active,441181.42,GBP,LATAM,CP0415,BOND,TDR0166,BOOK_B,2025-04-13
TXN0004080852,APP004,2025-03-20,active,90869.62,JPY,LATAM,CP0387,FX,TDR0145,BOOK_A,2025-04-09
TXN0000769422,APP005,2025-10-01,active,214540.5,CHF,EMEA,CP0305,OPTION,TDR0043,BOOK_D,2026-02-10
TXN0005788562,APP008,2025-01-16,settled,708380.31,EUR,AMER,CP0370,FX,TDR0158,BOOK_C,2025-03-20
TXN0008720092,APP018,2025-07-30,pending,106000.03,AUD,EMEA,CP0406,OPTION,TDR0194,BOOK_A,2025-09-01
TXN0008695323,APP009,2025-01-01,reversed,860652.88,USD,EMEA,CP0027,FX,TDR0060,BOOK_A,2026-03-22
TXN0004305040,APP006,2026-01-31,pending,396372.34,GBP,EMEA,CP0271,SWAP,TDR0196,BOOK_D,2026-01-25
TXN0009110181,APP015,2025-10-12,failed,689224.22,EUR,EMEA,CP0122,FUTURE,TDR0040,BOOK_B,2025-12-24
TXN0002069483,APP003,2026-03-09,settled,477135.24,JPY,EMEA,CP0262,EQUITY,TDR0033,BOOK_B,2025-10-10
TXN0005604462,APP011,2025-09-01,settled,260906.69,GBP,EMEA,CP0491,FX,TDR0120,BOOK_D,2025-09-09
TXN0009911140,APP002,2025-06-07,pending,823177.6,JPY,APAC,CP0107,SWAP,TDR0097,BOOK_C,2026-03-14
TXN0003424963,APP008,2025-05-05,settled,531015.08,EUR,APAC,CP0299,SWAP,TDR0192,BOOK_B,2026-04-10
TXN0001743002,APP012,2025-04-04,settled,696293.93,CHF,LATAM,CP0459,FX,TDR0040,BOOK_C,2026-03-14
TXN0006446398,APP011,2025-06-02,settled,793791.01,AUD,LATAM,CP0088,FUTURE,TDR0036,BOOK_B,2025-08-30
TXN0009598458,APP007,2025-04-15,failed,441802.15,AUD,EMEA,CP0388,BOND,TDR0048,BOOK_D,2026-01-08
TXN0001005080,APP017,2025-09-15,pending,280401.03,JPY,AMER,CP0147,FUTURE,TDR0113,BOOK_D,2025-08-03
TXN0000286829,APP016,2025-07-31,reversed,678941.74,AUD,AMER,CP0461,BOND,TDR0113,BOOK_A,2025-05-24
TXN0008667922,APP006,2026-04-14,active,668472.88,JPY,LATAM,CP0366,FX,TDR0123,BOOK_A,2025-12-27
TXN0005212912,APP020,2025-02-20,pending,947661.55,AUD,AMER,CP0333,BOND,TDR0123,BOOK_D,2026-02-02
TXN0000149867,APP018,2025-11-13,settled,361531.19,AUD,EMEA,CP0087,FX,TDR0176,BOOK_B,2025-01-26
TXN0000516621,APP016,2025-02-03,active,310184.09,AUD,LATAM,CP0134,FUTURE,TDR0195,BOOK_D,2026-01-21
TXN0009556976,APP012,2025-04-26,failed,328699.67,CHF,LATAM,CP0337,BOND,TDR0139,BOOK_A,2025-07-20
TXN0002481880,APP014,2025-08-23,pending,922255.35,AUD,AMER,CP0431,FX,TDR0172,BOOK_D,2025-01-08
TXN0002105182,APP007,2025-03-07,pending,303027.46,AUD,AMER,CP0192,BOND,TDR0148,BOOK_A,2026-01-03
TXN0005650384,APP016,2025-09-28,active,621596.61,AUD,LATAM,CP0021,FUTURE,TDR0027,BOOK_D,2025-04-14
TXN0007287358,APP002,2025-07-15,settled,557766.37,USD,LATAM,CP0383,OPTION,TDR0170,BOOK_A,2025-12-13
TXN0006454202,APP016,2025-08-08,active,862645.54,USD,EMEA,CP0016,BOND,TDR0123,BOOK_A,2026-01-13
TXN0009414585,APP015,2025-10-19,reversed,483859.04,EUR,APAC,CP0030,EQUITY,TDR0059,BOOK_B,2025-02-02
TXN0004932687,APP008,2025-05-03,active,88717.56,AUD,EMEA,CP0493,EQUITY,TDR0134,BOOK_D,2025-07-08
TXN0000999048,APP014,2025-12-29,settled,579413.52,AUD,LATAM,CP0346,FUTURE,TDR0038,BOOK_A,2025-07-29
TXN0000036771,APP019,2025-09-28,reversed,587803.23,AUD,APAC,CP0011,SWAP,TDR0147,BOOK_C,2026-02-25
TXN0003834013,APP005,2025-11-08,failed,448842.48,AUD,LATAM,CP0344,SWAP,TDR0044,BOOK_D,2026-01-16
TXN0006853484,APP019,2025-11-07,pending,265387.04,JPY,EMEA,CP0158,OPTION,TDR0080,BOOK_A,2025-04-13
TXN0008777494,APP014,2025-11-25,reversed,665009.14,USD,EMEA,CP0463,FX,TDR0162,BOOK_B,2025-04-30
TXN0007166240,APP018,2025-01-18,failed,740068.18,EUR,EMEA,CP0275,BOND,TDR0103,BOOK_D,2025-12-16
TXN0000693837,APP002,2026-01-06,settled,624349.22,GBP,LATAM,CP0310,FUTURE,TDR0062,BOOK_D,2025-06-26
TXN0004648246,APP018,2025-05-07,reversed,389296.3,GBP,AMER,CP0063,OPTION,TDR0186,BOOK_C,2025-10-19
TXN0006493698,APP020,2025-01-13,failed,238299.15,CHF,AMER,CP0193,FX,TDR0107,BOOK_C,2025-06-05
TXN0003041772,APP010,2025-04-30,active,705915.01,GBP,AMER,CP0127,FUTURE,TDR0122,BOOK_C,2025-01-05
TXN0006717593,APP007,2025-03-29,failed,589205.07,JPY,EMEA,CP0226,SWAP,TDR0191,BOOK_C,2025-11-19
TXN0009078755,APP011,2025-03-19,reversed,417885.27,CHF,EMEA,CP0492,SWAP,TDR0178,BOOK_C,2025-01-07
TXN0002078837,APP018,2026-03-14,failed,702954.34,AUD,LATAM,CP0424,FX,TDR0010,BOOK_D,2025-07-24
TXN0002660105,APP009,2025-10-22,failed,13616.7,USD,LATAM,CP0270,SWAP,TDR0111,BOOK_B,2025-04-13
TXN0000593718,APP003,2025-12-03,failed,647331.88,USD,APAC,CP0154,SWAP,TDR0179,BOOK_B,2025-04-10
TXN0002215164,APP016,2025-10-27,reversed,643012.73,AUD,EMEA,CP0468,EQUITY,TDR0068,BOOK_B,2025-11-28
TXN0002153552,APP003,2025-01-11,failed,712443.05,GBP,LATAM,CP0173,FUTURE,TDR0199,BOOK_C,2025-11-30
TXN0004895012,APP007,2026-02-17,reversed,543431.77,CHF,AMER,CP0473,FUTURE,TDR0043,BOOK_A,2025-09-20
TXN0006284822,APP014,2026-01-23,failed,999134.85,JPY,APAC,CP0367,EQUITY,TDR0085,BOOK_D,2025-04-06
TXN0009342735,APP016,2025-08-23,pending,628512.81,AUD,APAC,CP0475,EQUITY,TDR0190,BOOK_A,2025-07-22
TXN0001963978,APP011,2025-06-18,settled,830514.19,EUR,EMEA,CP0146,OPTION,TDR0173,BOOK_B,2025-09-06
TXN0006640775,APP020,2025-11-22,failed,981247.83,JPY,APAC,CP0063,FX,TDR0012,BOOK_C,2025-01-04
TXN0006813949,APP003,2025-11-04,active,505370.33,CHF,AMER,CP0481,BOND,TDR0011,BOOK_D,2025-07-02
TXN0004247181,APP001,2025-02-09,reversed,718016.2,CHF,APAC,CP0147,FUTURE,TDR0171,BOOK_A,2025-04-06
TXN0005279482,APP009,2025-04-09,reversed,833421.17,CHF,APAC,CP0198,OPTION,TDR0084,BOOK_A,2025-02-20
TXN0000754390,APP016,2026-03-06,settled,862898.56,JPY,EMEA,CP0144,FUTURE,TDR0069,BOOK_C,2025-07-17
TXN0006370376,APP010,2025-08-08,reversed,759377.9,JPY,EMEA,CP0225,SWAP,TDR0062,BOOK_A,2026-01-20
TXN0000799185,APP012,2026-03-20,pending,335720.91,USD,LATAM,CP0352,FUTURE,TDR0074,BOOK_D,2025-12-30
TXN0009822882,APP004,2025-08-25,failed,919644.6,EUR,LATAM,CP0271,FX,TDR0162,BOOK_C,2026-01-31
TXN0003790582,APP007,2025-01-15,reversed,510872.66,AUD,EMEA,CP0439,EQUITY,TDR0036,BOOK_C,2025-03-08
TXN0000330032,APP008,2025-05-04,active,449403.89,AUD,APAC,CP0029,FX,TDR0147,BOOK_B,2026-03-27
TXN0005079875,APP014,2026-02-14,active,869413.77,JPY,APAC,CP0055,EQUITY,TDR0085,BOOK_A,2025-12-27
TXN0005620837,APP006,2025-12-30,reversed,857030.85,JPY,AMER,CP0425,OPTION,TDR0068,BOOK_B,2025-09-08
TXN0004132861,APP006,2025-01-26,active,114712.4,AUD,LATAM,CP0195,EQUITY,TDR0184,BOOK_D,2025-06-08
TXN0001384959,APP002,2025-01-21,settled,711080.27,AUD,LATAM,CP0080,FX,TDR0015,BOOK_D,2025-06-07
TXN0002135643,APP020,2025-12-10,failed,694658.89,CHF,AMER,CP0114,FX,TDR0129,BOOK_A,2026-02-11
TXN0008431163,APP002,2026-03-26,active,500044.51,AUD,EMEA,CP0429,FX,TDR0015,BOOK_C,2025-11-16
TXN0008835433,APP014,2025-05-11,settled,493024.77,USD,AMER,CP0283,FUTURE,TDR0023,BOOK_A,2025-09-26
TXN0001235265,APP001,2025-11-26,reversed,143671.46,JPY,EMEA,CP0447,BOND,TDR0145,BOOK_B,2025-03-13
TXN0007619800,APP014,2025-06-10,failed,599772.99,USD,APAC,CP0011,BOND,TDR0049,BOOK_B,2025-08-02
TXN0002511710,APP017,2025-04-02,failed,346289.84,AUD,AMER,CP0415,OPTION,TDR0123,BOOK_B,2026-04-01
TXN0000013330,APP020,2025-01-12,settled,555531.18,GBP,EMEA,CP0099,BOND,TDR0120,BOOK_C,2025-03-06
TXN0000833868,APP009,2025-06-03,active,907912.52,EUR,EMEA,CP0119,BOND,TDR0168,BOOK_C,2025-04-06
TXN0008469647,APP018,2025-10-09,failed,633645.61,GBP,EMEA,CP0301,FUTURE,TDR0127,BOOK_B,2025-09-17
TXN0000805579,APP020,2025-06-22,failed,450819.66,GBP,AMER,CP0385,BOND,TDR0106,BOOK_D,2025-04-15
TXN0003661704,APP015,2025-12-09,failed,708417.23,GBP,EMEA,CP0195,FUTURE,TDR0187,BOOK_D,2025-05-16
TXN0009548824,APP005,2025-11-22,active,546347.71,USD,AMER,CP0040,FX,TDR0014,BOOK_C,2026-02-14
TXN0006404516,APP016,2026-02-27,active,668213.88,EUR,AMER,CP0191,SWAP,TDR0105,BOOK_D,2025-04-07
TXN0003006366,APP008,2025-03-14,active,118137.06,USD,APAC,CP0168,EQUITY,TDR0185,BOOK_D,2026-03-29
TXN0009416958,APP011,2025-10-20,settled,486403.31,JPY,EMEA,CP0235,EQUITY,TDR0154,BOOK_D,2026-02-10
TXN0002783868,APP005,2025-09-11,pending,625870.51,AUD,APAC,CP0162,OPTION,TDR0087,BOOK_A,2025-07-19
TXN0008210700,APP006,2026-03-02,pending,335714.65,EUR,APAC,CP0112,FX,TDR0156,BOOK_D,2025-02-22
TXN0008885111,APP011,2026-01-06,failed,799027.35,AUD,EMEA,CP0180,BOND,TDR0129,BOOK_B,2026-03-18
TXN0009132628,APP010,2025-01-13,reversed,278028.66,USD,EMEA,CP0329,FX,TDR0035,BOOK_D,2025-12-21
TXN0003101837,APP019,2025-07-15,failed,544736.13,AUD,AMER,CP0259,FUTURE,TDR0164,BOOK_A,2025-12-18
TXN0008926626,APP019,2026-02-07,pending,414287.97,AUD,AMER,CP0153,EQUITY,TDR0200,BOOK_C,2025-03-18
TXN0006485542,APP015,2026-01-23,reversed,443821.96,EUR,EMEA,CP0480,FX,TDR0191,BOOK_C,2025-02-17
TXN0000078311,APP015,2025-09-11,reversed,116281.15,USD,LATAM,CP0042,FUTURE,TDR0083,BOOK_A,2025-01-16
TXN0004511467,APP010,2025-03-11,pending,529182.5,CHF,APAC,CP0042,FUTURE,TDR0146,BOOK_D,2025-05-11
TXN0002491517,APP005,2026-04-04,reversed,873192.65,GBP,AMER,CP0419,FUTURE,TDR0039,BOOK_C,2025-09-10
TXN0008775911,APP020,2025-09-12,failed,926332.95,EUR,AMER,CP0043,OPTION,TDR0098,BOOK_A,2025-05-15
TXN0001291000,APP007,2025-12-16,settled,856110.39,GBP,EMEA,CP0487,FUTURE,TDR0188,BOOK_B,2025-07-23
TXN0002354722,APP010,2025-10-19,pending,904560.78,CHF,APAC,CP0165,OPTION,TDR0157,BOOK_C,2026-02-22
TXN0002392442,APP015,2025-02-11,settled,59669.08,AUD,APAC,CP0140,FX,TDR0134,BOOK_D,2025-03-13
TXN0005992919,APP020,2025-07-26,settled,692219.05,AUD,EMEA,CP0460,FUTURE,TDR0130,BOOK_B,2025-07-14
TXN0006991497,APP007,2025-10-24,active,117307.67,USD,LATAM,CP0374,EQUITY,TDR0160,BOOK_B,2026-02-05
TXN0006358224,APP007,2025-12-06,failed,735169.35,AUD,EMEA,CP0109,FX,TDR0119,BOOK_A,2026-04-11
TXN0003419139,APP013,2025-02-25,settled,586054.63,JPY,APAC,CP0390,FX,TDR0200,BOOK_A,2026-01-01
TXN0007108278,APP010,2025-05-31,reversed,930342.04,CHF,AMER,CP0081,BOND,TDR0174,BOOK_B,2025-11-22
TXN0006116894,APP004,2025-10-14,active,104673.4,AUD,AMER,CP0364,SWAP,TDR0039,BOOK_B,2025-08-06
TXN0002253929,APP001,2025-02-09,pending,700349.11,USD,APAC,CP0107,FX,TDR0155,BOOK_D,2025-10-03
TXN0001713957,APP017,2026-01-06,settled,736678.82,AUD,EMEA,CP0277,FX,TDR0034,BOOK_D,2025-12-12
TXN0009489795,APP019,2025-02-03,reversed,201678.61,USD,LATAM,CP0226,BOND,TDR0108,BOOK_A,2025-04-02
TXN0004708877,APP010,2025-11-01,reversed,546436.84,EUR,LATAM,CP0241,FUTURE,TDR0193,BOOK_B,2025-12-13
TXN0004672091,APP010,2025-12-02,pending,536017.01,AUD,APAC,CP0134,FX,TDR0096,BOOK_C,2025-02-10
TXN0005284224,APP018,2025-01-01,pending,429405.52,GBP,APAC,CP0466,BOND,TDR0105,BOOK_C,2025-07-31
TXN0004023017,APP016,2025-11-18,failed,149733.95,CHF,EMEA,CP0313,BOND,TDR0161,BOOK_B,2025-02-01
TXN0002000001,APP010,2025-10-26,pending,649929.84,GBP,EMEA,CP0480,OPTION,TDR0058,BOOK_B,2026-03-23
TXN0002657713,APP013,2026-03-22,active,301462.41,USD,APAC,CP0351,BOND,TDR0172,BOOK_B,2025-02-13
TXN0008383347,APP020,2025-08-04,pending,167046.58,GBP,APAC,CP0203,FUTURE,TDR0056,BOOK_B,2025-10-23
TXN0003737305,APP012,2025-02-04,active,626378.75,USD,EMEA,CP0158,FUTURE,TDR0051,BOOK_A,2025-04-24
TXN0002113389,APP019,2026-03-15,reversed,984383.26,EUR,EMEA,CP0376,FUTURE,TDR0071,BOOK_C,2025-08-10
TXN0007653244,APP014,2025-05-09,pending,3492.93,AUD,AMER,CP0114,FX,TDR0041,BOOK_B,2026-01-05
TXN0009498508,APP013,2025-11-09,failed,526335.27,AUD,EMEA,CP0161,BOND,TDR0108,BOOK_A,2025-03-23
TXN0003754114,APP012,2025-12-05,active,984440.75,GBP,LATAM,CP0315,SWAP,TDR0089,BOOK_A,2026-02-08
TXN0002573544,APP018,2025-05-29,reversed,340323.98,EUR,EMEA,CP0041,OPTION,TDR0125,BOOK_C,2025-01-04
TXN0009273435,APP007,2025-02-28,reversed,746720.73,USD,LATAM,CP0313,BOND,TDR0158,BOOK_D,2025-01-04
TXN0005990291,APP011,2025-11-14,pending,497858.05,JPY,AMER,CP0038,EQUITY,TDR0086,BOOK_A,2025-05-11
TXN0001057280,APP004,2025-11-26,active,420745.42,CHF,AMER,CP0091,FUTURE,TDR0059,BOOK_B,2026-03-08
TXN0008202501,APP009,2025-07-01,settled,829450.5,EUR,LATAM,CP0329,EQUITY,TDR0028,BOOK_A,2025-02-08
TXN0003186453,APP004,2026-02-14,pending,82668.46,CHF,AMER,CP0427,BOND,TDR0007,BOOK_C,2025-02-16
TXN0008641273,APP015,2026-04-13,failed,283890.68,EUR,AMER,CP0450,EQUITY,TDR0077,BOOK_B,2026-03-23
TXN0008043237,APP015,2025-05-15,active,63630.16,CHF,AMER,CP0100,FUTURE,TDR0171,BOOK_A,2025-10-22
TXN0009731116,APP017,2025-03-13,active,532871.45,EUR,EMEA,CP0485,SWAP,TDR0031,BOOK_A,2025-02-22
TXN0004492158,APP010,2025-02-12,reversed,791748.09,CHF,LATAM,CP0074,EQUITY,TDR0181,BOOK_A,2025-09-08
TXN0009754604,APP012,2026-02-02,settled,876804.98,AUD,EMEA,CP0124,EQUITY,TDR0141,BOOK_C,2026-02-03
TXN0002075410,APP018,2025-05-06,failed,711720.32,JPY,APAC,CP0212,SWAP,TDR0074,BOOK_B,2025-12-08
TXN0003790085,APP004,2025-08-14,active,990394.84,GBP,LATAM,CP0165,FX,TDR0159,BOOK_B,2025-06-25
TXN0005048720,APP004,2025-11-15,pending,958931.09,AUD,AMER,CP0230,FUTURE,TDR0166,BOOK_D,2025-11-15
TXN0009678196,APP018,2026-01-28,active,668471.21,USD,LATAM,CP0080,EQUITY,TDR0090,BOOK_B,2026-03-25
TXN0007835127,APP011,2025-10-10,pending,226221.75,AUD,EMEA,CP0260,EQUITY,TDR0049,BOOK_D,2025-04-15
TXN0002270091,APP002,2025-12-19,settled,255228.09,CHF,APAC,CP0026,FUTURE,TDR0187,BOOK_C,2026-02-01
TXN0006342391,APP006,2025-01-16,active,412453.15,USD,AMER,CP0133,SWAP,TDR0166,BOOK_C,2026-04-02
TXN0005950047,APP004,2025-04-13,active,783466.85,AUD,APAC,CP0226,FX,TDR0038,BOOK_D,2025-06-17
TXN0008789926,APP006,2026-04-08,active,210463.13,JPY,LATAM,CP0127,OPTION,TDR0023,BOOK_C,2025-06-06
TXN0001602397,APP014,2025-04-30,pending,431240.49,EUR,LATAM,CP0436,FUTURE,TDR0003,BOOK_A,2025-02-21
TXN0006772116,APP014,2026-04-01,failed,362152.36,USD,LATAM,CP0415,BOND,TDR0043,BOOK_D,2025-04-03
TXN0001146301,APP012,2026-02-19,active,730976.92,CHF,EMEA,CP0013,OPTION,TDR0045,BOOK_A,2026-04-14
TXN0001474653,APP008,2025-11-05,pending,914186.9,JPY,EMEA,CP0438,OPTION,TDR0141,BOOK_B,2025-08-20
TXN0005583965,APP012,2026-03-25,reversed,950641.07,GBP,LATAM,CP0160,FX,TDR0151,BOOK_A,2025-07-10
TXN0002068692,APP019,2025-05-07,reversed,407956.68,JPY,EMEA,CP0199,BOND,TDR0149,BOOK_A,2025-01-18
TXN0000652442,APP013,2025-12-05,active,660322.1,EUR,EMEA,CP0155,SWAP,TDR0116,BOOK_A,2025-06-10
TXN0008793682,APP015,2026-03-15,reversed,712115.26,GBP,EMEA,CP0261,EQUITY,TDR0163,BOOK_A,2025-10-21
TXN0002356827,APP008,2026-01-10,pending,105408.98,GBP,AMER,CP0073,OPTION,TDR0075,BOOK_A,2025-02-15
TXN0000606362,APP012,2025-01-21,pending,501046.59,AUD,LATAM,CP0227,OPTION,TDR0114,BOOK_C,2025-04-24
TXN0005591622,APP011,2025-12-23,settled,963333.61,JPY,LATAM,CP0308,EQUITY,TDR0006,BOOK_C,2025-07-16
TXN0006760432,APP008,2025-08-23,active,694750.03,GBP,APAC,CP0275,FX,TDR0192,BOOK_B,2025-04-27
TXN0003779162,APP017,2025-07-10,failed,900929.27,CHF,AMER,CP0225,OPTION,TDR0005,BOOK_C,2025-07-09
TXN0008871826,APP012,2025-05-23,active,434308.38,USD,APAC,CP0078,SWAP,TDR0008,BOOK_C,2025-04-18
TXN0006970240,APP003,2025-03-28,active,126340.1,USD,AMER,CP0139,OPTION,TDR0162,BOOK_B,2025-09-22
TXN0008529975,APP018,2025-01-01,settled,611758.28,CHF,EMEA,CP0256,FX,TDR0119,BOOK_D,2025-04-26
TXN0000642883,APP001,2025-05-23,settled,815268.88,EUR,AMER,CP0320,BOND,TDR0141,BOOK_B,2025-02-04
TXN0002198157,APP006,2025-02-18,failed,646236.55,GBP,APAC,CP0400,FX,TDR0118,BOOK_C,2025-07-05
TXN0004104879,APP007,2025-02-13,settled,142218.49,CHF,EMEA,CP0101,EQUITY,TDR0060,BOOK_D,2026-02-12
TXN0006902369,APP009,2025-03-29,settled,364855.21,AUD,APAC,CP0358,BOND,TDR0071,BOOK_D,2025-03-03
TXN0000199799,APP009,2025-04-18,pending,556817.09,GBP,EMEA,CP0412,FUTURE,TDR0095,BOOK_B,2025-07-12
TXN0001103937,APP014,2025-04-24,settled,677563.81,AUD,AMER,CP0190,FX,TDR0140,BOOK_B,2026-03-03
TXN0005844296,APP006,2025-09-23,failed,725282.88,CHF,LATAM,CP0118,SWAP,TDR0085,BOOK_D,2026-04-09
TXN0008817267,APP015,2025-08-20,settled,811779.12,JPY,EMEA,CP0480,BOND,TDR0172,BOOK_A,2025-01-04
TXN0009073850,APP011,2025-01-04,settled,499899.71,CHF,EMEA,CP0167,OPTION,TDR0105,BOOK_A,2026-03-01
TXN0001532073,APP010,2025-03-20,pending,371414.05,JPY,EMEA,CP0016,EQUITY,TDR0057,BOOK_B,2025-07-03
TXN0008297532,APP010,2025-09-29,failed,429813.94,USD,LATAM,CP0438,SWAP,TDR0180,BOOK_B,2025-07-27
TXN0005974952,APP008,2025-01-24,pending,502930.75,AUD,AMER,CP0291,BOND,TDR0013,BOOK_C,2025-02-21
TXN0006896276,APP019,2025-05-01,settled,153385.24,EUR,APAC,CP0441,EQUITY,TDR0088,BOOK_A,2025-10-14
TXN0008901806,APP014,2026-01-06,reversed,904617.42,JPY,LATAM,CP0172,EQUITY,TDR0017,BOOK_A,2025-05-03
TXN0001652148,APP012,2025-10-15,active,331169.44,CHF,EMEA,CP0148,FUTURE,TDR0050,BOOK_D,2026-01-05
TXN0001936302,APP008,2025-09-09,settled,65716.39,GBP,APAC,CP0373,FX,TDR0105,BOOK_B,2025-12-04
TXN0001542756,APP008,2025-03-26,pending,811878.22,EUR,APAC,CP0313,FUTURE,TDR0012,BOOK_A,2025-11-16
TXN0005369420,APP013,2025-06-07,active,234004.27,USD,LATAM,CP0448,OPTION,TDR0162,BOOK_B,2026-01-23
TXN0009470978,APP011,2025-08-20,pending,619012.43,JPY,EMEA,CP0312,BOND,TDR0176,BOOK_D,2025-09-26
TXN0009545133,APP002,2025-07-21,failed,246435.28,JPY,EMEA,CP0479,BOND,TDR0131,BOOK_D,2025-06-18
TXN0007687489,APP016,2025-03-15,settled,54425.83,JPY,LATAM,CP0159,FUTURE,TDR0055,BOOK_D,2025-05-10
TXN0002925444,APP017,2025-03-28,settled,62859.39,GBP,APAC,CP0086,EQUITY,TDR0103,BOOK_A,2025-05-31
TXN0004422942,APP017,2025-05-18,reversed,321039.44,AUD,APAC,CP0371,FX,TDR0190,BOOK_B,2025-12-09
TXN0006600610,APP013,2025-09-30,failed,453052.61,USD,LATAM,CP0087,BOND,TDR0025,BOOK_A,2025-11-24
TXN0001021512,APP009,2025-12-29,reversed,937808.56,GBP,EMEA,CP0456,OPTION,TDR0089,BOOK_D,2025-07-04
TXN0006391630,APP015,2025-06-12,pending,723237.91,JPY,AMER,CP0256,FUTURE,TDR0104,BOOK_C,2025-12-05
TXN0000140243,APP003,2025-04-10,failed,513585.11,USD,EMEA,CP0297,FUTURE,TDR0087,BOOK_A,2026-02-16
TXN0001556774,APP015,2025-12-02,pending,486825.03,CHF,AMER,CP0084,FX,TDR0023,BOOK_D,2025-06-21
TXN0006294433,APP001,2025-01-29,reversed,744424.72,AUD,LATAM,CP0195,FX,TDR0193,BOOK_A,2025-10-22
TXN0007763605,APP009,2026-03-28,active,123581.09,GBP,AMER,CP0409,OPTION,TDR0085,BOOK_D,2025-01-05
TXN0006772519,APP007,2025-06-12,pending,237337.88,EUR,LATAM,CP0334,FUTURE,TDR0125,BOOK_C,2025-06-19
TXN0006227648,APP010,2025-09-07,settled,911266.28,CHF,AMER,CP0319,BOND,TDR0146,BOOK_C,2025-01-23
TXN0008111998,APP009,2025-09-20,pending,818538.58,USD,APAC,CP0146,FX,TDR0088,BOOK_A,2025-02-04
TXN0004785973,APP012,2025-08-23,settled,718895.37,EUR,LATAM,CP0362,FUTURE,TDR0178,BOOK_C,2025-10-20
TXN0005682541,APP003,2025-06-11,active,286709.24,JPY,EMEA,CP0446,EQUITY,TDR0015,BOOK_D,2025-11-13
TXN0008415290,APP004,2026-01-07,pending,913303.95,USD,APAC,CP0466,FUTURE,TDR0051,BOOK_A,2025-08-04
TXN0007997910,APP011,2025-07-20,failed,426471.46,JPY,AMER,CP0223,SWAP,TDR0181,BOOK_C,2026-01-04
TXN0000860663,APP004,2025-04-13,reversed,975521.18,JPY,AMER,CP0225,OPTION,TDR0003,BOOK_A,2026-03-17
TXN0009270178,APP007,2025-11-21,failed,492962.98,AUD,LATAM,CP0335,BOND,TDR0166,BOOK_A,2026-01-26
TXN0006090086,APP009,2025-11-25,pending,752461.81,CHF,AMER,CP0476,OPTION,TDR0197,BOOK_B,2025-02-23
TXN0005855710,APP015,2025-04-26,failed,361065.77,CHF,APAC,CP0147,BOND,TDR0008,BOOK_A,2025-01-02
TXN0001700730,APP007,2025-09-23,active,486240.76,USD,APAC,CP0367,FUTURE,TDR0145,BOOK_A,2025-12-20
TXN0002129937,APP019,2026-04-13,active,73345.35,USD,LATAM,CP0466,FUTURE,TDR0094,BOOK_A,2026-02-18
TXN0000524455,APP013,2025-09-19,failed,661627.17,GBP,APAC,CP0368,BOND,TDR0118,BOOK_A,2025-02-08
TXN0004915840,APP016,2026-02-20,settled,952084.53,USD,APAC,CP0057,SWAP,TDR0160,BOOK_D,2025-04-22
TXN0008837059,APP007,2025-09-04,active,421775.29,USD,LATAM,CP0406,OPTION,TDR0164,BOOK_A,2025-05-11
TXN0002133140,APP016,2025-01-13,active,659502.14,JPY,APAC,CP0009,OPTION,TDR0074,BOOK_C,2025-03-03
TXN0002221801,APP013,2025-06-09,failed,786497.24,AUD,LATAM,CP0014,SWAP,TDR0012,BOOK_D,2025-07-27
TXN0008427623,APP017,2026-03-07,active,85491.4,USD,APAC,CP0274,EQUITY,TDR0160,BOOK_B,2025-12-04
TXN0008221189,APP004,2026-04-01,settled,122960.53,AUD,AMER,CP0047,FX,TDR0024,BOOK_B,2025-11-30
TXN0008479531,APP020,2025-01-22,failed,405323.27,CHF,LATAM,CP0281,BOND,TDR0129,BOOK_C,2025-10-01
TXN0003522913,APP010,2025-05-02,pending,85483.4,USD,LATAM,CP0273,EQUITY,TDR0173,BOOK_D,2026-02-14
TXN0005935227,APP004,2025-10-18,pending,702993.6,JPY,LATAM,CP0405,OPTION,TDR0082,BOOK_A,2025-03-08
TXN0003266612,APP007,2025-11-21,active,76157.55,GBP,APAC,CP0254,FX,TDR0143,BOOK_A,2025-01-25
TXN0005455077,APP015,2026-01-11,settled,998433.29,GBP,EMEA,CP0278,OPTION,TDR0175,BOOK_D,2025-05-31
TXN0002622853,APP018,2025-12-01,settled,935066.23,CHF,EMEA,CP0340,FX,TDR0200,BOOK_C,2025-12-31
TXN0002528760,APP005,2025-02-04,reversed,200673.28,CHF,APAC,CP0300,FUTURE,TDR0161,BOOK_B,2025-06-22
TXN0004603672,APP002,2025-10-03,failed,185135.3,USD,APAC,CP0380,SWAP,TDR0163,BOOK_B,2025-01-22
TXN0008839201,APP011,2025-07-11,reversed,163703.44,EUR,AMER,CP0058,BOND,TDR0169,BOOK_A,2025-04-02
TXN0004826845,APP002,2025-03-03,active,457339.18,USD,EMEA,CP0379,BOND,TDR0191,BOOK_D,2026-02-20
TXN0001191965,APP019,2025-08-05,settled,878827.55,CHF,APAC,CP0487,BOND,TDR0100,BOOK_B,2026-01-26
TXN0009607451,APP020,2026-04-01,reversed,408363.17,GBP,EMEA,CP0315,EQUITY,TDR0020,BOOK_D,2025-05-27
TXN0005542744,APP020,2025-10-31,active,45059.35,AUD,APAC,CP0408,OPTION,TDR0016,BOOK_C,2025-03-29
TXN0008218852,APP007,2025-06-19,reversed,320104.42,USD,LATAM,CP0004,OPTION,TDR0099,BOOK_A,2025-06-08
TXN0002067874,APP013,2026-03-01,failed,574999.66,EUR,EMEA,CP0274,EQUITY,TDR0170,BOOK_C,2025-09-03
TXN0003897848,APP007,2025-05-21,reversed,604715.56,EUR,EMEA,CP0313,EQUITY,TDR0071,BOOK_C,2025-03-21
TXN0002811044,APP015,2025-08-25,settled,350394.5,JPY,EMEA,CP0005,BOND,TDR0136,BOOK_D,2026-03-27
TXN0007228696,APP001,2025-09-30,pending,430871.88,AUD,APAC,CP0499,EQUITY,TDR0133,BOOK_D,2025-02-22
TXN0007820076,APP010,2026-02-10,failed,989024.17,USD,EMEA,CP0003,BOND,TDR0181,BOOK_A,2025-02-26
TXN0008283232,APP003,2025-10-10,settled,554708.7,GBP,AMER,CP0408,BOND,TDR0028,BOOK_A,2025-09-29
TXN0001403402,APP018,2025-06-23,active,11082.4,JPY,LATAM,CP0350,FUTURE,TDR0038,BOOK_A,2025-03-29
TXN0009136471,APP016,2025-04-08,failed,956099.4,GBP,LATAM,CP0206,BOND,TDR0102,BOOK_B,2025-03-06
TXN0003226447,APP020,2025-03-04,settled,470207.68,USD,APAC,CP0398,FUTURE,TDR0184,BOOK_A,2025-09-01
TXN0009948753,APP002,2025-01-29,pending,791023.08,CHF,AMER,CP0105,BOND,TDR0100,BOOK_B,2025-08-21
TXN0006147296,APP007,2025-09-03,pending,295452.41,EUR,AMER,CP0452,FUTURE,TDR0101,BOOK_A,2025-01-01
TXN0001661664,APP009,2026-01-12,reversed,215128.09,EUR,EMEA,CP0255,FX,TDR0168,BOOK_D,2025-08-29
TXN0003910256,APP002,2025-02-23,reversed,584624.45,AUD,AMER,CP0046,EQUITY,TDR0073,BOOK_A,2025-09-20
TXN0006414974,APP018,2025-04-23,active,768000.08,CHF,APAC,CP0219,OPTION,TDR0001,BOOK_B,2025-02-04
TXN0009965466,APP020,2025-01-19,failed,632374.25,CHF,AMER,CP0362,FUTURE,TDR0077,BOOK_A,2025-09-05
TXN0001988538,APP011,2025-07-17,active,435787.62,USD,LATAM,CP0480,OPTION,TDR0139,BOOK_A,2025-08-06
TXN0006597952,APP007,2026-04-05,failed,286020.67,EUR,AMER,CP0210,FX,TDR0104,BOOK_D,2025-07-19
TXN0005653354,APP013,2025-03-21,active,508827.35,AUD,LATAM,CP0366,BOND,TDR0119,BOOK_A,2025-09-30
TXN0006430073,APP020,2025-02-13,active,321606.99,USD,EMEA,CP0037,SWAP,TDR0057,BOOK_D,2026-01-10
TXN0009739203,APP010,2025-04-20,reversed,487605.65,CHF,LATAM,CP0139,SWAP,TDR0168,BOOK_D,2025-05-13
TXN0005697978,APP001,2025-05-04,failed,434046.45,CHF,AMER,CP0489,EQUITY,TDR0178,BOOK_A,2025-05-21
TXN0007748790,APP007,2025-09-13,settled,120410.02,GBP,EMEA,CP0042,OPTION,TDR0185,BOOK_B,2025-03-04
TXN0003996485,APP004,2025-11-29,pending,80213.14,JPY,APAC,CP0178,SWAP,TDR0087,BOOK_A,2026-02-03
TXN0008713391,APP020,2025-11-26,settled,130813.41,USD,LATAM,CP0247,FUTURE,TDR0006,BOOK_C,2025-04-12
TXN0008280414,APP011,2025-10-22,reversed,454472.62,USD,AMER,CP0157,FUTURE,TDR0088,BOOK_B,2025-02-10
TXN0003914162,APP020,2025-10-05,active,327529.99,USD,EMEA,CP0154,FX,TDR0188,BOOK_C,2026-04-02
TXN0006363179,APP020,2025-10-05,reversed,574927.49,GBP,APAC,CP0412,OPTION,TDR0147,BOOK_A,2025-06-22
TXN0009904232,APP018,2025-05-31,pending,303061.45,CHF,APAC,CP0393,FUTURE,TDR0167,BOOK_B,2025-06-22
TXN0003423450,APP003,2025-10-15,settled,37988.49,AUD,EMEA,CP0233,SWAP,TDR0161,BOOK_B,2026-03-12
TXN0005118006,APP017,2026-02-24,reversed,983560.23,AUD,APAC,CP0198,OPTION,TDR0070,BOOK_B,2025-10-05
TXN0002404299,APP014,2025-04-24,active,218738.94,GBP,APAC,CP0207,FX,TDR0022,BOOK_B,2025-03-08
TXN0004035950,APP015,2025-06-06,pending,114201.14,EUR,LATAM,CP0205,EQUITY,TDR0149,BOOK_B,2025-12-20
TXN0005388468,APP020,2026-02-16,settled,719032.26,AUD,AMER,CP0145,EQUITY,TDR0190,BOOK_B,2025-08-28
TXN0009567789,APP002,2026-01-19,reversed,93596.7,USD,LATAM,CP0443,OPTION,TDR0141,BOOK_B,2025-12-17
TXN0004517091,APP002,2025-09-24,active,82135.46,CHF,EMEA,CP0468,OPTION,TDR0048,BOOK_B,2025-01-21
TXN0004003580,APP012,2025-02-22,settled,403925.23,CHF,LATAM,CP0330,SWAP,TDR0079,BOOK_A,2025-04-06
TXN0001491423,APP020,2025-08-06,pending,768879.54,CHF,EMEA,CP0388,BOND,TDR0035,BOOK_C,2025-09-15
TXN0004741184,APP015,2026-02-15,active,480805.33,CHF,EMEA,CP0030,SWAP,TDR0085,BOOK_B,2025-08-18
TXN0005228167,APP017,2025-10-12,reversed,375450.81,EUR,LATAM,CP0242,OPTION,TDR0050,BOOK_C,2025-07-21
TXN0009853998,APP016,2026-04-02,failed,644005.06,CHF,APAC,CP0483,BOND,TDR0097,BOOK_C,2025-05-30
TXN0000265369,APP020,2025-08-22,pending,938205.22,AUD,AMER,CP0374,FX,TDR0136,BOOK_A,2025-04-30
TXN0002682287,APP001,2025-08-22,pending,418631.36,USD,LATAM,CP0478,SWAP,TDR0193,BOOK_D,2025-08-10
TXN0007316294,APP008,2025-07-11,pending,310028.36,CHF,EMEA,CP0393,EQUITY,TDR0043,BOOK_D,2025-04-09
TXN0006556235,APP020,2026-01-22,failed,607770.91,EUR,APAC,CP0239,FUTURE,TDR0168,BOOK_D,2025-02-01
TXN0003240017,APP002,2025-07-02,reversed,245639.04,EUR,EMEA,CP0385,BOND,TDR0180,BOOK_B,2025-03-04
TXN0002040738,APP002,2025-05-26,settled,876629.2,USD,LATAM,CP0073,FUTURE,TDR0045,BOOK_A,2025-01-13
TXN0003725358,APP012,2026-02-05,active,263679.94,CHF,LATAM,CP0444,FX,TDR0058,BOOK_B,2026-03-25
TXN0000599767,APP004,2025-10-09,failed,340761.63,EUR,EMEA,CP0061,SWAP,TDR0187,BOOK_D,2026-03-28
TXN0007984411,APP013,2025-05-12,settled,965168.67,AUD,AMER,CP0265,FX,TDR0025,BOOK_D,2025-08-24
TXN0001702389,APP014,2025-11-22,pending,630823.27,EUR,EMEA,CP0259,FX,TDR0095,BOOK_B,2026-01-04
TXN0003972583,APP011,2025-06-30,failed,782285.41,AUD,LATAM,CP0445,OPTION,TDR0142,BOOK_B,2025-03-20
TXN0005291238,APP020,2026-03-19,reversed,635510.46,EUR,AMER,CP0014,FX,TDR0145,BOOK_D,2026-01-10
TXN0002853743,APP002,2025-05-10,pending,484524.22,EUR,APAC,CP0084,FX,TDR0085,BOOK_D,2025-11-01
TXN0009254035,APP019,2025-04-16,active,787709.02,AUD,EMEA,CP0252,EQUITY,TDR0021,BOOK_C,2025-03-02
TXN0004208603,APP019,2025-11-12,reversed,63703.91,GBP,AMER,CP0024,EQUITY,TDR0185,BOOK_D,2026-04-13
TXN0002652171,APP016,2025-10-14,settled,382313.3,GBP,LATAM,CP0135,SWAP,TDR0178,BOOK_C,2025-07-25
TXN0003208282,APP003,2025-08-23,pending,219024.15,AUD,APAC,CP0132,FUTURE,TDR0086,BOOK_C,2025-08-24
TXN0002822796,APP004,2025-07-28,active,857225.27,GBP,LATAM,CP0310,EQUITY,TDR0015,BOOK_B,2025-12-08
TXN0002626184,APP017,2025-10-29,reversed,191743.62,USD,APAC,CP0387,EQUITY,TDR0049,BOOK_B,2025-05-16
TXN0007912032,APP002,2025-08-16,reversed,774179.96,AUD,AMER,CP0460,BOND,TDR0119,BOOK_B,2025-07-16
TXN0009549174,APP012,2026-04-13,settled,810702.41,JPY,LATAM,CP0241,BOND,TDR0097,BOOK_B,2025-07-30
TXN0002849197,APP012,2026-03-21,failed,828229.4,GBP,AMER,CP0176,FX,TDR0054,BOOK_C,2025-08-03
TXN0005410687,APP016,2025-03-17,reversed,514243.73,JPY,AMER,CP0066,EQUITY,TDR0146,BOOK_D,2025-08-11
TXN0004946401,APP005,2025-09-23,settled,965491.56,JPY,APAC,CP0184,OPTION,TDR0084,BOOK_A,2025-07-30
TXN0007132610,APP009,2025-09-14,pending,380979.34,EUR,APAC,CP0486,FUTURE,TDR0141,BOOK_C,2026-03-17
TXN0006206093,APP003,2025-08-02,pending,395310.18,AUD,APAC,CP0072,EQUITY,TDR0087,BOOK_D,2025-08-11
TXN0002419661,APP005,2025-07-29,pending,325754.59,AUD,EMEA,CP0334,BOND,TDR0178,BOOK_D,2025-12-31
TXN0003964324,APP012,2025-08-09,reversed,365539.62,AUD,EMEA,CP0250,OPTION,TDR0123,BOOK_D,2026-02-26
TXN0008106788,APP020,2025-02-20,settled,68601.43,USD,EMEA,CP0017,SWAP,TDR0130,BOOK_C,2025-01-28
TXN0007538725,APP010,2025-06-19,settled,352212.6,EUR,LATAM,CP0158,OPTION,TDR0021,BOOK_C,2026-04-03
TXN0001519587,APP020,2025-12-15,active,746344.73,CHF,APAC,CP0414,BOND,TDR0019,BOOK_A,2025-12-26
TXN0009647200,APP017,2025-02-20,active,539847.25,USD,AMER,CP0313,FUTURE,TDR0077,BOOK_A,2025-10-25
TXN0002008915,APP017,2025-07-03,failed,451432.82,CHF,APAC,CP0474,BOND,TDR0185,BOOK_C,2025-04-09
TXN0003175950,APP020,2025-12-04,reversed,534880.36,JPY,APAC,CP0090,EQUITY,TDR0096,BOOK_B,2026-01-30
TXN0004914767,APP004,2025-06-26,pending,401734.73,JPY,LATAM,CP0390,OPTION,TDR0189,BOOK_C,2025-09-25
TXN0002065490,APP020,2026-03-27,pending,657202.42,CHF,LATAM,CP0197,EQUITY,TDR0093,BOOK_C,2025-10-07
TXN0006065413,APP007,2025-06-17,active,881609.86,GBP,EMEA,CP0372,BOND,TDR0072,BOOK_C,2025-06-08
TXN0009440212,APP012,2025-04-20,failed,77218.36,GBP,AMER,CP0150,EQUITY,TDR0090,BOOK_B,2025-04-13
TXN0002625901,APP005,2025-07-17,pending,459057.83,GBP,AMER,CP0184,EQUITY,TDR0056,BOOK_A,2025-06-08
TXN0003465136,APP003,2025-04-06,pending,28427.9,AUD,LATAM,CP0246,OPTION,TDR0082,BOOK_A,2025-11-29
TXN0004991488,APP019,2025-01-11,settled,25064.77,EUR,EMEA,CP0168,BOND,TDR0177,BOOK_B,2025-05-21
TXN0003707908,APP007,2025-01-06,active,879553.35,AUD,LATAM,CP0491,EQUITY,TDR0081,BOOK_B,2025-09-18
TXN0000683399,APP018,2026-03-20,pending,361418.9,JPY,LATAM,CP0285,FX,TDR0095,BOOK_A,2025-06-06
TXN0002225439,APP010,2026-02-16,settled,329819.05,CHF,APAC,CP0238,OPTION,TDR0137,BOOK_A,2025-07-14
TXN0007297081,APP017,2025-06-03,settled,965097.01,CHF,LATAM,CP0264,FX,TDR0050,BOOK_D,2025-07-10
TXN0009840842,APP014,2025-11-30,active,373883.9,USD,EMEA,CP0463,FX,TDR0092,BOOK_D,2025-09-18
TXN0003750974,APP003,2025-07-12,active,950404.77,USD,AMER,CP0112,SWAP,TDR0144,BOOK_D,2026-03-30
TXN0003568987,APP007,2025-12-04,failed,153855.03,CHF,APAC,CP0199,FX,TDR0197,BOOK_C,2025-08-14
TXN0006023293,APP010,2025-01-09,pending,796225.27,AUD,APAC,CP0245,OPTION,TDR0059,BOOK_A,2026-03-27
TXN0005292380,APP005,2025-09-22,reversed,334429.81,AUD,AMER,CP0070,SWAP,TDR0022,BOOK_A,2026-03-24
TXN0002956784,APP005,2025-05-21,active,692568.21,GBP,APAC,CP0173,EQUITY,TDR0139,BOOK_C,2025-02-06
TXN0005215889,APP001,2025-07-02,reversed,803758.49,AUD,LATAM,CP0378,FX,TDR0032,BOOK_A,2025-09-21
TXN0003625430,APP016,2025-03-14,reversed,392543.6,GBP,EMEA,CP0337,FX,TDR0132,BOOK_D,2025-01-03
TXN0009995309,APP008,2025-07-06,settled,79138.04,EUR,APAC,CP0405,EQUITY,TDR0131,BOOK_C,2025-05-09
TXN0001202747,APP016,2025-04-23,failed,485289.79,GBP,EMEA,CP0116,OPTION,TDR0046,BOOK_D,2026-03-10
TXN0009869368,APP018,2025-07-20,pending,125200.39,GBP,AMER,CP0103,BOND,TDR0137,BOOK_B,2025-04-22
TXN0001130068,APP008,2025-12-03,active,406715.28,CHF,AMER,CP0081,OPTION,TDR0131,BOOK_D,2025-06-01
TXN0008697529,APP001,2025-12-21,settled,217619.37,CHF,APAC,CP0346,FUTURE,TDR0200,BOOK_A,2026-01-26
TXN0008279087,APP007,2025-02-19,failed,989514.95,JPY,EMEA,CP0387,FUTURE,TDR0005,BOOK_D,2026-01-22
TXN0003660018,APP020,2025-06-03,pending,285517.07,USD,EMEA,CP0072,SWAP,TDR0181,BOOK_A,2025-10-26
TXN0001651041,APP001,2025-05-18,settled,216451.28,JPY,EMEA,CP0365,SWAP,TDR0091,BOOK_B,2025-06-28
TXN0006467892,APP007,2026-03-27,failed,462240.54,EUR,EMEA,CP0115,EQUITY,TDR0087,BOOK_B,2025-03-13
TXN0000837263,APP010,2025-12-21,failed,965618.28,JPY,APAC,CP0148,SWAP,TDR0168,BOOK_A,2025-01-29
TXN0001289411,APP017,2026-03-04,reversed,186356.85,CHF,LATAM,CP0096,OPTION,TDR0166,BOOK_C,2025-12-29
TXN0002932523,APP011,2025-01-12,pending,232369.42,GBP,LATAM,CP0122,EQUITY,TDR0036,BOOK_B,2025-07-10
TXN0007642437,APP011,2026-03-15,active,894790.74,GBP,LATAM,CP0064,SWAP,TDR0097,BOOK_C,2025-12-19
TXN0006920934,APP014,2025-09-21,reversed,548954.88,EUR,AMER,CP0468,OPTION,TDR0038,BOOK_D,2025-03-05
TXN0006087697,APP006,2025-11-05,failed,374191.26,JPY,EMEA,CP0336,FX,TDR0064,BOOK_D,2025-06-19
TXN0001969789,APP013,2026-03-09,active,192086.04,CHF,LATAM,CP0450,FX,TDR0013,BOOK_D,2025-08-28
TXN0002807932,APP019,2025-06-03,failed,297014.0,USD,APAC,CP0266,OPTION,TDR0091,BOOK_D,2025-03-08
TXN0007417194,APP005,2026-04-02,active,751322.21,CHF,AMER,CP0304,OPTION,TDR0141,BOOK_A,2025-11-28
TXN0000068953,APP020,2025-01-12,settled,241562.36,GBP,EMEA,CP0216,BOND,TDR0156,BOOK_C,2026-02-27
TXN0006923772,APP011,2026-01-16,settled,727586.8,AUD,APAC,CP0354,OPTION,TDR0034,BOOK_A,2025-10-10
TXN0008718602,APP004,2025-03-14,pending,118368.98,USD,EMEA,CP0400,FX,TDR0016,BOOK_A,2025-05-03
TXN0008989374,APP014,2025-08-08,active,867469.48,EUR,LATAM,CP0330,SWAP,TDR0007,BOOK_B,2025-03-12
TXN0007601883,APP005,2025-09-28,active,175140.17,JPY,APAC,CP0230,BOND,TDR0139,BOOK_C,2025-01-14
TXN0000579687,APP020,2025-08-11,pending,38296.45,EUR,LATAM,CP0333,SWAP,TDR0199,BOOK_C,2026-04-12
TXN0003270208,APP002,2026-02-02,active,426571.71,JPY,AMER,CP0398,FUTURE,TDR0194,BOOK_C,2025-01-05
TXN0007921035,APP010,2025-12-26,reversed,511995.61,GBP,AMER,CP0416,FX,TDR0125,BOOK_C,2026-04-03
TXN0001833161,APP017,2025-08-30,settled,730134.1,AUD,AMER,CP0166,EQUITY,TDR0051,BOOK_B,2025-01-31
TXN0004543205,APP012,2025-10-16,reversed,110304.36,JPY,APAC,CP0106,FX,TDR0083,BOOK_B,2025-06-04
TXN0003250551,APP003,2025-11-05,pending,222660.6,CHF,APAC,CP0045,FUTURE,TDR0135,BOOK_D,2025-02-12
TXN0001918853,APP018,2025-02-04,reversed,222401.9,GBP,LATAM,CP0399,EQUITY,TDR0174,BOOK_B,2025-11-22
TXN0003947194,APP003,2025-04-24,active,513404.63,JPY,AMER,CP0188,FX,TDR0010,BOOK_B,2025-01-01
TXN0000012167,APP014,2026-02-25,failed,298643.17,JPY,AMER,CP0276,BOND,TDR0151,BOOK_A,2025-11-29
TXN0001966690,APP003,2025-03-31,pending,913718.24,CHF,APAC,CP0192,SWAP,TDR0054,BOOK_C,2025-03-19
TXN0000511278,APP020,2025-01-14,reversed,367279.68,CHF,APAC,CP0281,OPTION,TDR0012,BOOK_A,2025-11-02
TXN0005360443,APP007,2025-01-02,pending,980193.63,GBP,LATAM,CP0403,EQUITY,TDR0044,BOOK_D,2025-06-24
TXN0000280973,APP020,2025-12-09,settled,549198.07,CHF,LATAM,CP0306,FX,TDR0022,BOOK_B,2025-03-12
TXN0004729213,APP009,2025-10-20,active,326800.24,CHF,EMEA,CP0153,EQUITY,TDR0037,BOOK_C,2025-08-30
TXN0000560255,APP013,2025-01-06,reversed,387222.04,JPY,EMEA,CP0296,OPTION,TDR0182,BOOK_C,2025-07-30
TXN0000435138,APP016,2025-09-26,reversed,678501.3,EUR,LATAM,CP0088,OPTION,TDR0062,BOOK_C,2026-04-07
TXN0008848034,APP007,2026-02-17,reversed,69128.85,USD,EMEA,CP0061,OPTION,TDR0188,BOOK_D,2025-08-14
TXN0001509244,APP012,2025-04-28,failed,105135.61,CHF,APAC,CP0152,BOND,TDR0109,BOOK_A,2026-04-05
TXN0006905474,APP011,2025-04-20,pending,304819.1,EUR,AMER,CP0323,OPTION,TDR0124,BOOK_B,2025-08-07
TXN0008561400,APP012,2025-07-13,settled,909129.9,CHF,LATAM,CP0351,SWAP,TDR0053,BOOK_D,2025-01-31
TXN0000959425,APP007,2025-05-10,reversed,220804.36,AUD,APAC,CP0266,FX,TDR0087,BOOK_D,2025-06-02
TXN0007002429,APP006,2026-02-17,settled,213177.56,AUD,EMEA,CP0337,SWAP,TDR0053,BOOK_D,2025-06-11
TXN0002212801,APP014,2025-05-29,settled,650515.76,AUD,EMEA,CP0191,SWAP,TDR0051,BOOK_D,2025-08-05
TXN0003465169,APP006,2025-08-05,failed,341003.86,JPY,APAC,CP0262,SWAP,TDR0037,BOOK_C,2025-06-21
TXN0002182217,APP008,2025-12-23,active,335674.91,USD,LATAM,CP0150,FX,TDR0131,BOOK_C,2025-10-17
TXN0004824796,APP016,2025-08-17,pending,602435.28,GBP,APAC,CP0054,OPTION,TDR0122,BOOK_A,2026-02-28
TXN0003904407,APP010,2025-09-30,pending,700904.91,EUR,AMER,CP0287,FX,TDR0001,BOOK_B,2025-01-31
TXN0000978395,APP012,2025-08-23,settled,950536.44,AUD,AMER,CP0477,FUTURE,TDR0112,BOOK_D,2026-02-02
TXN0002464795,APP019,2025-05-10,settled,16934.66,AUD,LATAM,CP0401,OPTION,TDR0065,BOOK_A,2026-03-16
TXN0008977266,APP015,2025-03-03,settled,792632.27,USD,APAC,CP0026,FUTURE,TDR0131,BOOK_D,2026-02-02
TXN0006820130,APP005,2026-01-13,active,355695.45,CHF,LATAM,CP0082,BOND,TDR0009,BOOK_A,2025-07-15
TXN0002011775,APP013,2025-04-14,reversed,634953.48,EUR,EMEA,CP0147,EQUITY,TDR0025,BOOK_A,2025-03-20
TXN0007251577,APP016,2025-08-29,settled,431354.52,EUR,EMEA,CP0371,SWAP,TDR0180,BOOK_D,2025-01-22
TXN0009792550,APP015,2026-03-12,pending,934939.37,EUR,LATAM,CP0499,EQUITY,TDR0089,BOOK_D,2025-06-26
TXN0009952282,APP019,2025-01-13,settled,360747.19,EUR,APAC,CP0499,FX,TDR0081,BOOK_C,2025-05-09
TXN0005432990,APP001,2026-01-11,pending,615792.96,CHF,LATAM,CP0302,FUTURE,TDR0123,BOOK_B,2025-02-08
TXN0002296279,APP008,2025-06-25,failed,686769.59,GBP,APAC,CP0053,BOND,TDR0047,BOOK_B,2025-02-16
TXN0005759235,APP007,2025-09-22,pending,758920.71,JPY,AMER,CP0114,EQUITY,TDR0096,BOOK_B,2025-06-20
TXN0007349876,APP007,2025-02-02,active,451018.43,EUR,AMER,CP0154,FX,TDR0002,BOOK_A,2025-12-07
TXN0002207577,APP016,2025-04-01,reversed,3361.74,EUR,EMEA,CP0247,FUTURE,TDR0157,BOOK_A,2025-11-21
TXN0009086707,APP008,2025-05-24,pending,979855.78,USD,LATAM,CP0031,SWAP,TDR0181,BOOK_B,2025-02-22
TXN0009017812,APP020,2025-06-08,pending,618878.6,AUD,EMEA,CP0150,OPTION,TDR0106,BOOK_C,2026-03-23
TXN0008225235,APP007,2026-01-24,settled,748978.58,CHF,EMEA,CP0147,FUTURE,TDR0061,BOOK_D,2025-09-12
TXN0006239398,APP019,2025-09-28,settled,710979.65,GBP,EMEA,CP0163,EQUITY,TDR0199,BOOK_C,2025-04-13
TXN0001581679,APP013,2025-04-23,active,566147.93,CHF,APAC,CP0442,FUTURE,TDR0053,BOOK_A,2025-08-17
TXN0001517188,APP017,2026-02-11,reversed,412489.72,JPY,APAC,CP0051,EQUITY,TDR0111,BOOK_D,2025-06-29
TXN0002278745,APP005,2025-05-14,pending,930222.57,USD,AMER,CP0487,EQUITY,TDR0058,BOOK_B,2025-06-07
TXN0001108529,APP001,2025-04-21,reversed,45943.48,JPY,EMEA,CP0337,EQUITY,TDR0003,BOOK_C,2025-11-07
TXN0005865946,APP004,2026-04-05,pending,247912.19,EUR,AMER,CP0388,BOND,TDR0186,BOOK_B,2025-09-27
TXN0000267141,APP013,2026-04-03,settled,694308.73,JPY,APAC,CP0263,EQUITY,TDR0089,BOOK_D,2026-03-28
TXN0006344651,APP011,2025-12-15,pending,891752.9,JPY,AMER,CP0280,SWAP,TDR0154,BOOK_A,2025-07-07
TXN0007195614,APP018,2025-08-14,active,632822.55,JPY,APAC,CP0230,FUTURE,TDR0007,BOOK_A,2025-06-01
TXN0000751120,APP017,2025-11-13,active,202316.94,CHF,EMEA,CP0349,OPTION,TDR0039,BOOK_B,2025-02-17
TXN0008234023,APP019,2025-09-24,pending,846618.44,EUR,AMER,CP0384,EQUITY,TDR0180,BOOK_A,2026-01-10
TXN0009588987,APP016,2025-01-27,failed,148599.29,EUR,LATAM,CP0158,FX,TDR0176,BOOK_A,2026-04-14
TXN0001277736,APP006,2025-03-16,failed,637029.49,EUR,EMEA,CP0419,SWAP,TDR0038,BOOK_C,2025-08-15
TXN0000571362,APP009,2025-11-05,failed,230933.44,CHF,APAC,CP0469,SWAP,TDR0031,BOOK_C,2026-01-15
TXN0009487486,APP002,2025-06-28,reversed,609536.54,AUD,EMEA,CP0251,FUTURE,TDR0020,BOOK_C,2025-07-15
TXN0001768431,APP011,2025-02-11,reversed,104821.31,CHF,APAC,CP0330,FUTURE,TDR0132,BOOK_D,2025-09-06
TXN0008298741,APP015,2025-08-12,pending,851645.62,AUD,APAC,CP0366,SWAP,TDR0113,BOOK_A,2025-07-14
TXN0008344256,APP013,2025-02-17,active,776694.21,USD,LATAM,CP0409,BOND,TDR0190,BOOK_B,2025-02-22
TXN0001813541,APP013,2025-08-08,failed,532912.88,GBP,AMER,CP0012,FX,TDR0113,BOOK_A,2025-04-24
TXN0003545763,APP011,2025-12-19,settled,365658.71,EUR,EMEA,CP0132,BOND,TDR0200,BOOK_D,2025-01-19
TXN0009764907,APP003,2025-09-16,pending,464683.14,GBP,LATAM,CP0172,OPTION,TDR0073,BOOK_D,2025-03-13
TXN0006445620,APP018,2025-12-07,settled,178946.77,JPY,EMEA,CP0237,BOND,TDR0116,BOOK_D,2025-05-08
TXN0002613449,APP005,2026-03-03,failed,442158.47,CHF,LATAM,CP0135,BOND,TDR0161,BOOK_D,2025-12-26
TXN0003897748,APP012,2025-09-05,reversed,106636.88,CHF,APAC,CP0196,FUTURE,TDR0126,BOOK_B,2025-09-26
TXN0009423188,APP013,2025-10-16,reversed,744574.45,AUD,EMEA,CP0328,FUTURE,TDR0164,BOOK_A,2025-10-15
TXN0006120810,APP004,2025-09-23,pending,195780.47,GBP,EMEA,CP0420,EQUITY,TDR0125,BOOK_B,2025-09-25
TXN0006090970,APP003,2025-03-26,pending,506191.76,GBP,AMER,CP0237,FX,TDR0185,BOOK_B,2025-11-30
TXN0009354956,APP012,2025-09-03,reversed,27773.74,JPY,AMER,CP0331,OPTION,TDR0031,BOOK_B,2026-02-02
TXN0005495290,APP010,2025-01-13,failed,208960.31,JPY,APAC,CP0240,FX,TDR0149,BOOK_D,2025-10-31
TXN0004830090,APP020,2025-06-29,failed,487327.84,CHF,LATAM,CP0100,FX,TDR0123,BOOK_A,2025-11-07
TXN0004321966,APP009,2025-07-08,settled,755292.75,AUD,LATAM,CP0215,EQUITY,TDR0090,BOOK_D,2025-07-31
TXN0002735347,APP007,2025-12-21,pending,56555.97,GBP,AMER,CP0357,OPTION,TDR0081,BOOK_B,2025-01-07
TXN0000164263,APP019,2025-11-01,active,186933.24,USD,APAC,CP0397,BOND,TDR0120,BOOK_C,2025-01-10
TXN0007136317,APP003,2026-01-17,active,377036.26,JPY,EMEA,CP0401,FUTURE,TDR0101,BOOK_D,2026-01-10
TXN0008000707,APP006,2025-04-22,failed,984493.52,JPY,AMER,CP0134,FUTURE,TDR0148,BOOK_C,2025-10-12
TXN0008125381,APP003,2025-04-08,active,322460.63,CHF,LATAM,CP0058,SWAP,TDR0159,BOOK_A,2025-12-01
TXN0005782866,APP010,2025-11-14,pending,742423.78,CHF,AMER,CP0259,EQUITY,TDR0088,BOOK_C,2025-07-05
TXN0002079909,APP010,2025-02-04,active,830128.28,AUD,LATAM,CP0256,SWAP,TDR0121,BOOK_D,2025-11-15
TXN0007589044,APP003,2025-08-01,reversed,403584.95,AUD,LATAM,CP0249,FUTURE,TDR0039,BOOK_A,2026-04-10
TXN0008850279,APP017,2025-08-02,reversed,346928.08,GBP,AMER,CP0184,BOND,TDR0149,BOOK_A,2025-05-02
TXN0007723095,APP015,2025-05-12,active,167329.67,USD,EMEA,CP0114,FUTURE,TDR0014,BOOK_A,2026-01-15
TXN0000535558,APP009,2025-12-22,settled,955871.1,JPY,EMEA,CP0386,FUTURE,TDR0192,BOOK_B,2025-02-14
TXN0009188293,APP019,2026-02-02,active,952183.2,JPY,APAC,CP0330,EQUITY,TDR0042,BOOK_A,2026-02-18
TXN0003695673,APP020,2026-04-03,settled,764030.52,JPY,LATAM,CP0112,OPTION,TDR0071,BOOK_B,2025-11-06
TXN0009027024,APP012,2026-02-05,failed,924661.4,USD,APAC,CP0431,EQUITY,TDR0016,BOOK_A,2025-08-08
TXN0000201640,APP018,2025-01-01,pending,281635.02,USD,APAC,CP0258,SWAP,TDR0124,BOOK_A,2025-05-03
TXN0006838143,APP008,2025-03-30,settled,439154.66,EUR,AMER,CP0236,BOND,TDR0077,BOOK_C,2025-03-31
TXN0002935844,APP012,2026-02-11,failed,78918.69,GBP,APAC,CP0215,EQUITY,TDR0184,BOOK_D,2025-06-23
TXN0007114403,APP008,2025-08-17,active,438654.19,CHF,LATAM,CP0279,SWAP,TDR0196,BOOK_A,2025-12-25
TXN0002151461,APP003,2026-01-05,reversed,241294.36,CHF,APAC,CP0428,BOND,TDR0112,BOOK_C,2025-01-22
TXN0002188767,APP020,2025-03-11,pending,740554.34,CHF,EMEA,CP0076,FX,TDR0100,BOOK_A,2025-12-26
TXN0001556510,APP010,2026-02-09,reversed,854758.26,CHF,APAC,CP0198,SWAP,TDR0071,BOOK_A,2026-01-31
TXN0004640386,APP014,2025-08-21,reversed,910954.21,GBP,EMEA,CP0357,SWAP,TDR0155,BOOK_B,2025-11-15
TXN0005498473,APP010,2025-04-07,settled,663939.46,USD,LATAM,CP0143,FX,TDR0181,BOOK_B,2025-09-17
TXN0005889655,APP019,2025-04-25,pending,211333.37,JPY,LATAM,CP0423,EQUITY,TDR0155,BOOK_B,2026-01-07
TXN0003602435,APP003,2025-03-04,pending,792042.74,USD,AMER,CP0060,OPTION,TDR0081,BOOK_A,2025-07-01
TXN0005824615,APP018,2026-01-07,failed,560491.85,JPY,AMER,CP0065,EQUITY,TDR0192,BOOK_A,2026-04-08
TXN0002569710,APP009,2026-01-19,reversed,313134.64,USD,APAC,CP0446,FX,TDR0068,BOOK_C,2025-11-20
TXN0000709651,APP017,2025-07-12,active,317662.31,JPY,APAC,CP0165,FUTURE,TDR0174,BOOK_B,2025-12-14
TXN0008513365,APP017,2025-01-20,failed,224733.04,EUR,APAC,CP0357,SWAP,TDR0005,BOOK_A,2025-01-11
TXN0002403721,APP013,2025-03-27,pending,357540.48,JPY,APAC,CP0204,SWAP,TDR0086,BOOK_A,2025-05-21
TXN0007110071,APP017,2025-05-15,reversed,992049.28,AUD,EMEA,CP0041,BOND,TDR0074,BOOK_D,2025-10-26
TXN0007084741,APP010,2026-02-17,reversed,934999.18,AUD,APAC,CP0262,FX,TDR0174,BOOK_C,2025-10-11
TXN0006551814,APP015,2025-05-28,reversed,840186.14,USD,LATAM,CP0403,BOND,TDR0036,BOOK_A,2025-06-10
TXN0000286128,APP001,2025-04-05,settled,155967.51,EUR,APAC,CP0023,OPTION,TDR0014,BOOK_B,2025-01-24
TXN0004770256,APP019,2026-02-10,settled,383443.19,EUR,APAC,CP0263,SWAP,TDR0104,BOOK_A,2025-09-14
TXN0004755875,APP004,2025-06-02,reversed,320450.61,GBP,EMEA,CP0266,EQUITY,TDR0065,BOOK_C,2025-09-09
TXN0004588598,APP002,2025-01-21,pending,270.99,GBP,EMEA,CP0404,SWAP,TDR0107,BOOK_D,2025-08-02
TXN0002027896,APP001,2025-07-03,failed,743242.63,CHF,AMER,CP0191,EQUITY,TDR0032,BOOK_C,2025-03-05
TXN0001631264,APP012,2025-02-27,settled,161355.98,JPY,APAC,CP0339,FX,TDR0192,BOOK_C,2026-04-12
TXN0000943813,APP001,2025-12-10,reversed,630696.98,USD,LATAM,CP0154,EQUITY,TDR0188,BOOK_C,2025-08-07
TXN0002689123,APP001,2025-01-11,pending,571153.68,AUD,APAC,CP0343,OPTION,TDR0100,BOOK_C,2026-01-06
TXN0009853245,APP011,2025-11-10,active,580562.33,AUD,LATAM,CP0116,FUTURE,TDR0035,BOOK_C,2025-07-22
TXN0003229915,APP001,2025-06-20,settled,615265.99,USD,APAC,CP0276,FX,TDR0046,BOOK_B,2025-01-11
TXN0006705370,APP001,2026-03-21,active,4153.3,USD,APAC,CP0300,EQUITY,TDR0010,BOOK_A,2025-06-09
TXN0008060740,APP001,2025-07-06,reversed,190975.23,CHF,AMER,CP0235,OPTION,TDR0023,BOOK_A,2025-03-15
TXN0000336793,APP015,2025-01-27,failed,527473.65,CHF,APAC,CP0438,FUTURE,TDR0087,BOOK_A,2026-01-20
TXN0001468723,APP007,2026-01-26,pending,506804.05,JPY,LATAM,CP0416,EQUITY,TDR0144,BOOK_D,2025-10-04
TXN0008995406,APP006,2025-08-17,active,50021.42,CHF,AMER,CP0063,FX,TDR0056,BOOK_A,2025-01-19
TXN0002951655,APP020,2025-11-05,pending,523675.83,EUR,AMER,CP0401,EQUITY,TDR0131,BOOK_D,2025-08-28
TXN0007676879,APP013,2025-07-18,reversed,266526.88,EUR,LATAM,CP0064,SWAP,TDR0094,BOOK_C,2025-05-24
TXN0008959403,APP012,2026-04-07,settled,165408.92,CHF,AMER,CP0284,SWAP,TDR0048,BOOK_C,2026-02-02
TXN0000471069,APP010,2025-04-24,failed,492359.88,JPY,AMER,CP0408,EQUITY,TDR0040,BOOK_C,2025-09-27
TXN0005617969,APP018,2026-01-27,reversed,675213.27,CHF,AMER,CP0127,OPTION,TDR0142,BOOK_D,2025-05-31
TXN0007465040,APP002,2025-09-10,active,158406.55,EUR,APAC,CP0485,FUTURE,TDR0001,BOOK_B,2025-05-11
TXN0006998810,APP016,2025-11-07,failed,681284.42,JPY,AMER,CP0274,SWAP,TDR0195,BOOK_C,2026-03-04
TXN0000973457,APP016,2026-01-01,active,222092.62,USD,EMEA,CP0009,BOND,TDR0025,BOOK_B,2025-07-20
TXN0003765006,APP017,2025-12-14,failed,771057.28,AUD,APAC,CP0238,FUTURE,TDR0015,BOOK_B,2026-01-04
TXN0001812988,APP001,2026-04-03,settled,50596.92,JPY,AMER,CP0492,FX,TDR0141,BOOK_A,2025-06-10
TXN0006798492,APP019,2026-04-13,failed,590731.3,CHF,AMER,CP0491,FX,TDR0137,BOOK_D,2025-05-01
TXN0004167121,APP020,2025-03-29,failed,492211.59,CHF,AMER,CP0303,SWAP,TDR0179,BOOK_B,2026-03-21
TXN0008597299,APP013,2025-02-12,failed,776646.4,GBP,LATAM,CP0486,OPTION,TDR0119,BOOK_D,2025-07-10
TXN0003028260,APP016,2025-04-26,settled,293174.63,GBP,LATAM,CP0102,FUTURE,TDR0088,BOOK_C,2026-01-22
TXN0008694606,APP010,2025-04-03,pending,278623.2,EUR,EMEA,CP0399,FUTURE,TDR0077,BOOK_D,2025-03-21
TXN0002843426,APP013,2025-02-02,failed,271717.55,AUD,AMER,CP0024,BOND,TDR0039,BOOK_D,2026-03-16
TXN0008059124,APP003,2026-01-09,settled,163772.34,EUR,APAC,CP0441,EQUITY,TDR0040,BOOK_D,2025-07-10
TXN0007444565,APP011,2025-12-20,pending,64337.57,JPY,AMER,CP0032,FUTURE,TDR0111,BOOK_C,2026-02-09
TXN0009932693,APP003,2025-12-07,failed,181165.76,EUR,EMEA,CP0210,SWAP,TDR0090,BOOK_B,2025-04-11
TXN0006197667,APP004,2026-02-27,pending,98106.29,AUD,LATAM,CP0454,EQUITY,TDR0094,BOOK_B,2026-03-09
TXN0005340071,APP008,2025-04-28,active,703231.64,GBP,AMER,CP0108,FX,TDR0187,BOOK_D,2025-06-19
TXN0008667145,APP020,2025-11-16,failed,720626.62,GBP,LATAM,CP0024,SWAP,TDR0085,BOOK_B,2025-04-04
TXN0007378457,APP008,2025-03-21,reversed,876178.75,GBP,AMER,CP0258,OPTION,TDR0034,BOOK_C,2025-10-31
TXN0000589165,APP015,2025-12-11,pending,511854.04,USD,AMER,CP0074,OPTION,TDR0171,BOOK_C,2025-11-26
TXN0007790124,APP012,2026-01-10,settled,379193.94,JPY,LATAM,CP0009,EQUITY,TDR0104,BOOK_B,2025-05-30
TXN0000295428,APP001,2025-04-05,failed,609122.41,JPY,AMER,CP0389,FX,TDR0062,BOOK_B,2026-01-20
TXN0005648442,APP008,2026-01-31,reversed,826083.69,USD,AMER,CP0355,BOND,TDR0031,BOOK_C,2025-06-24
TXN0002120149,APP013,2025-09-08,failed,577783.11,JPY,EMEA,CP0035,BOND,TDR0173,BOOK_C,2026-02-03
TXN0000772505,APP006,2026-03-10,pending,519987.59,GBP,AMER,CP0017,SWAP,TDR0109,BOOK_D,2025-10-04
TXN0009887845,APP002,2025-06-19,pending,627560.83,CHF,APAC,CP0072,BOND,TDR0163,BOOK_D,2026-01-25
TXN0001577986,APP016,2025-02-02,settled,392485.35,AUD,AMER,CP0428,OPTION,TDR0141,BOOK_A,2025-11-21
TXN0001833439,APP007,2025-05-23,pending,821319.55,CHF,LATAM,CP0352,EQUITY,TDR0005,BOOK_C,2026-02-12
TXN0008413463,APP008,2026-03-31,active,271286.52,CHF,EMEA,CP0203,BOND,TDR0040,BOOK_D,2026-01-08
TXN0006545485,APP002,2025-09-01,settled,36236.07,USD,APAC,CP0273,FX,TDR0140,BOOK_B,2025-05-23
TXN0003095175,APP013,2025-07-31,active,546223.52,USD,AMER,CP0478,EQUITY,TDR0081,BOOK_D,2025-08-02
TXN0004886458,APP019,2025-10-08,active,853161.62,JPY,LATAM,CP0492,FUTURE,TDR0125,BOOK_A,2025-12-30
TXN0000070335,APP013,2026-01-26,reversed,510028.04,USD,APAC,CP0449,BOND,TDR0016,BOOK_A,2025-07-17
TXN0001986917,APP020,2026-01-07,settled,612511.59,CHF,AMER,CP0060,SWAP,TDR0104,BOOK_C,2025-04-07
TXN0008058865,APP004,2025-11-28,failed,672756.3,EUR,AMER,CP0352,FX,TDR0010,BOOK_B,2025-11-04
TXN0000042550,APP017,2025-05-08,reversed,769833.18,JPY,EMEA,CP0110,BOND,TDR0110,BOOK_D,2026-04-06
TXN0004699180,APP014,2025-07-12,active,403621.94,GBP,LATAM,CP0295,FUTURE,TDR0063,BOOK_A,2025-02-14
TXN0003887121,APP010,2025-06-08,active,540827.3,USD,AMER,CP0260,SWAP,TDR0010,BOOK_A,2026-03-10
TXN0003444194,APP013,2025-04-24,settled,716571.39,AUD,AMER,CP0113,SWAP,TDR0043,BOOK_A,2025-09-28
TXN0002108070,APP012,2025-07-14,active,676711.52,EUR,LATAM,CP0068,SWAP,TDR0047,BOOK_D,2026-01-05
TXN0009251629,APP019,2025-03-01,pending,609864.22,AUD,AMER,CP0234,FUTURE,TDR0191,BOOK_B,2025-07-21
TXN0007651714,APP002,2025-02-04,failed,178038.4,USD,EMEA,CP0158,FX,TDR0183,BOOK_B,2025-12-24
TXN0004959160,APP017,2025-02-04,active,34500.87,JPY,AMER,CP0090,BOND,TDR0181,BOOK_C,2025-01-16
TXN0005063938,APP014,2025-03-22,settled,766348.63,JPY,AMER,CP0065,BOND,TDR0127,BOOK_C,2025-07-21
TXN0004659730,APP016,2025-02-28,pending,695575.2,EUR,AMER,CP0088,FUTURE,TDR0033,BOOK_D,2025-01-09
TXN0000386927,APP013,2025-04-20,settled,883975.58,GBP,LATAM,CP0145,EQUITY,TDR0108,BOOK_D,2025-12-01
TXN0002564335,APP020,2025-12-10,active,447189.55,EUR,LATAM,CP0229,OPTION,TDR0150,BOOK_C,2025-07-07
TXN0007208781,APP012,2026-02-18,settled,789024.51,USD,AMER,CP0236,OPTION,TDR0085,BOOK_D,2025-10-22
TXN0004596154,APP019,2025-12-03,failed,416371.58,JPY,EMEA,CP0316,OPTION,TDR0102,BOOK_A,2026-03-10
TXN0008450812,APP006,2025-07-25,active,400086.62,JPY,AMER,CP0404,EQUITY,TDR0185,BOOK_A,2025-09-10
TXN0001611478,APP016,2026-03-20,active,493690.68,JPY,APAC,CP0278,FX,TDR0069,BOOK_A,2025-02-26
TXN0005279063,APP003,2025-12-25,failed,227795.56,USD,EMEA,CP0129,OPTION,TDR0161,BOOK_D,2025-10-14
TXN0001450702,APP011,2025-12-04,pending,615632.45,JPY,AMER,CP0044,OPTION,TDR0065,BOOK_A,2025-08-17
TXN0008546802,APP001,2025-09-21,active,317777.6,USD,APAC,CP0279,EQUITY,TDR0116,BOOK_C,2025-08-08
TXN0005557238,APP008,2026-03-03,reversed,974925.87,JPY,AMER,CP0134,BOND,TDR0088,BOOK_C,2025-05-31
TXN0002471901,APP001,2025-12-29,failed,824101.87,GBP,AMER,CP0147,FX,TDR0017,BOOK_D,2026-03-22
TXN0008751992,APP002,2026-01-04,active,575762.75,CHF,LATAM,CP0374,OPTION,TDR0015,BOOK_B,2025-08-21
TXN0006776498,APP001,2025-06-15,reversed,956447.91,USD,APAC,CP0332,FUTURE,TDR0146,BOOK_D,2025-02-26
TXN0003559322,APP003,2025-05-20,failed,409580.88,JPY,AMER,CP0152,BOND,TDR0070,BOOK_C,2026-01-29
TXN0004653328,APP006,2025-05-29,settled,81468.32,GBP,APAC,CP0058,BOND,TDR0139,BOOK_A,2025-09-19
TXN0002430667,APP009,2025-12-17,reversed,386805.67,EUR,APAC,CP0118,FX,TDR0170,BOOK_B,2025-02-16
TXN0002466631,APP001,2026-03-12,failed,993279.68,CHF,AMER,CP0151,BOND,TDR0030,BOOK_B,2026-03-08
TXN0003669209,APP009,2026-01-19,settled,957897.53,CHF,APAC,CP0403,FX,TDR0102,BOOK_D,2025-10-05
TXN0000448414,APP013,2025-03-25,settled,928049.82,CHF,LATAM,CP0271,FX,TDR0046,BOOK_A,2025-10-19
TXN0006854114,APP018,2026-01-31,active,482003.67,CHF,EMEA,CP0181,OPTION,TDR0191,BOOK_D,2025-12-28
TXN0009655463,APP004,2025-10-30,pending,441168.79,GBP,EMEA,CP0236,SWAP,TDR0163,BOOK_D,2025-02-11
TXN0003801278,APP004,2026-01-10,pending,536810.52,JPY,EMEA,CP0195,FUTURE,TDR0117,BOOK_C,2025-04-09
TXN0003029408,APP019,2025-02-21,pending,416602.31,CHF,AMER,CP0279,FX,TDR0054,BOOK_A,2026-01-29
TXN0003865714,APP017,2025-12-16,pending,89737.89,GBP,LATAM,CP0201,BOND,TDR0028,BOOK_C,2025-09-15
TXN0002311745,APP008,2025-07-28,reversed,824375.86,EUR,EMEA,CP0102,FX,TDR0130,BOOK_B,2025-09-12
TXN0003018884,APP019,2026-04-10,active,72867.0,CHF,EMEA,CP0374,SWAP,TDR0014,BOOK_D,2025-12-08
TXN0000454278,APP011,2025-03-08,active,908952.31,USD,APAC,CP0242,EQUITY,TDR0025,BOOK_C,2025-03-26
TXN0003325508,APP017,2025-02-02,settled,901925.72,JPY,EMEA,CP0399,SWAP,TDR0098,BOOK_D,2026-02-06
TXN0003894437,APP010,2025-01-31,reversed,697646.95,USD,LATAM,CP0092,FX,TDR0149,BOOK_D,2025-07-13
TXN0007231457,APP012,2026-03-31,pending,844560.31,USD,EMEA,CP0302,FUTURE,TDR0033,BOOK_B,2025-05-09
TXN0007960869,APP018,2025-08-06,failed,318615.73,EUR,LATAM,CP0146,BOND,TDR0049,BOOK_C,2025-08-15
TXN0000902303,APP018,2025-12-21,failed,792722.04,USD,EMEA,CP0147,SWAP,TDR0158,BOOK_B,2026-03-09
TXN0008995552,APP012,2026-03-22,settled,252191.67,EUR,EMEA,CP0258,OPTION,TDR0169,BOOK_A,2025-11-10
TXN0002748537,APP014,2025-10-17,failed,473821.5,GBP,AMER,CP0153,OPTION,TDR0124,BOOK_A,2025-01-24
TXN0004876740,APP018,2025-12-02,settled,925109.25,GBP,LATAM,CP0347,FX,TDR0051,BOOK_D,2025-07-15
TXN0003039284,APP010,2025-07-16,active,106303.66,CHF,AMER,CP0224,SWAP,TDR0015,BOOK_A,2025-08-07
TXN0000826019,APP004,2025-06-30,failed,873241.72,CHF,AMER,CP0020,OPTION,TDR0101,BOOK_C,2025-10-29
TXN0000586400,APP015,2025-12-14,failed,809984.9,USD,LATAM,CP0185,EQUITY,TDR0006,BOOK_C,2025-05-03
TXN0002324633,APP017,2025-12-14,reversed,207566.01,EUR,AMER,CP0213,BOND,TDR0027,BOOK_A,2025-06-05
TXN0009552232,APP011,2025-07-07,active,595300.54,JPY,EMEA,CP0208,OPTION,TDR0198,BOOK_D,2025-01-09
TXN0009566427,APP009,2025-04-14,pending,658795.05,JPY,APAC,CP0147,EQUITY,TDR0173,BOOK_D,2025-07-24
TXN0000903446,APP012,2026-03-14,failed,639135.3,USD,LATAM,CP0413,FUTURE,TDR0167,BOOK_C,2025-08-25
TXN0001568184,APP011,2025-09-08,reversed,625002.18,GBP,EMEA,CP0223,BOND,TDR0183,BOOK_A,2025-09-07
TXN0009898776,APP010,2025-06-05,pending,904952.01,CHF,EMEA,CP0222,FX,TDR0034,BOOK_B,2025-09-01
TXN0000511665,APP020,2025-10-03,active,278835.0,AUD,AMER,CP0385,OPTION,TDR0058,BOOK_D,2025-03-21
TXN0004270717,APP006,2026-02-25,active,654628.61,CHF,AMER,CP0094,FUTURE,TDR0060,BOOK_D,2025-12-10
TXN0002707591,APP017,2026-03-22,settled,214413.81,AUD,EMEA,CP0375,SWAP,TDR0091,BOOK_D,2026-03-07
TXN0003592934,APP004,2025-10-13,pending,974817.23,AUD,APAC,CP0305,OPTION,TDR0070,BOOK_C,2025-07-21
TXN0006544561,APP007,2026-02-26,settled,951685.85,AUD,LATAM,CP0147,OPTION,TDR0008,BOOK_B,2025-02-16
TXN0006039735,APP004,2026-02-10,reversed,15147.01,GBP,EMEA,CP0123,OPTION,TDR0086,BOOK_D,2025-05-28
TXN0003484036,APP002,2025-02-28,reversed,62157.85,USD,LATAM,CP0362,FX,TDR0047,BOOK_D,2025-02-20
TXN0005624316,APP004,2025-07-24,reversed,45767.3,CHF,AMER,CP0226,FUTURE,TDR0027,BOOK_D,2025-10-21
TXN0004371882,APP010,2026-02-12,settled,719314.29,AUD,APAC,CP0258,FUTURE,TDR0015,BOOK_D,2025-12-06
TXN0003895289,APP002,2025-09-17,active,774228.14,EUR,LATAM,CP0066,FUTURE,TDR0098,BOOK_B,2025-12-10
TXN0003457138,APP002,2025-02-25,settled,405908.53,JPY,AMER,CP0328,BOND,TDR0086,BOOK_C,2025-04-09
TXN0006139659,APP011,2025-05-30,reversed,295782.56,CHF,EMEA,CP0211,FUTURE,TDR0099,BOOK_A,2025-01-08
TXN0002724334,APP010,2025-06-26,active,394487.44,AUD,EMEA,CP0398,FUTURE,TDR0052,BOOK_A,2026-03-25
TXN0002855584,APP012,2025-01-16,failed,256536.81,USD,AMER,CP0182,FUTURE,TDR0184,BOOK_D,2025-01-02
TXN0001610343,APP002,2025-05-14,failed,857028.48,EUR,APAC,CP0154,FX,TDR0010,BOOK_A,2025-05-09
TXN0003919097,APP008,2026-03-09,pending,903594.29,GBP,EMEA,CP0323,SWAP,TDR0064,BOOK_A,2026-01-31
TXN0003574597,APP010,2025-12-17,pending,572675.7,GBP,EMEA,CP0061,FX,TDR0123,BOOK_C,2025-09-02
TXN0006750639,APP020,2025-11-21,pending,461564.62,AUD,AMER,CP0205,OPTION,TDR0179,BOOK_A,2025-07-23
TXN0000330024,APP004,2026-01-22,settled,375581.15,AUD,AMER,CP0009,OPTION,TDR0152,BOOK_A,2025-05-05
TXN0000626291,APP020,2025-05-12,settled,222057.37,JPY,APAC,CP0056,SWAP,TDR0159,BOOK_C,2026-01-06
TXN0004537307,APP020,2026-02-19,active,923773.6,CHF,AMER,CP0134,EQUITY,TDR0007,BOOK_C,2025-02-03
TXN0009861197,APP005,2025-04-15,settled,365201.49,GBP,AMER,CP0029,FUTURE,TDR0151,BOOK_D,2025-12-08
TXN0001547598,APP006,2025-08-08,failed,842952.03,GBP,EMEA,CP0370,FX,TDR0167,BOOK_D,2026-02-22
TXN0004652641,APP018,2026-03-07,pending,635427.71,USD,LATAM,CP0113,BOND,TDR0004,BOOK_B,2026-01-28
TXN0009011803,APP001,2025-07-16,pending,841112.52,GBP,APAC,CP0410,FX,TDR0190,BOOK_D,2025-09-01
TXN0004466621,APP010,2025-05-01,failed,169974.51,JPY,APAC,CP0071,FUTURE,TDR0173,BOOK_A,2025-04-05
TXN0000179217,APP011,2026-04-05,active,541044.19,AUD,EMEA,CP0322,EQUITY,TDR0089,BOOK_C,2025-10-10
TXN0000544623,APP008,2025-11-14,pending,802671.82,EUR,AMER,CP0050,FX,TDR0004,BOOK_B,2025-05-24
TXN0001699606,APP008,2025-07-16,failed,944116.45,GBP,AMER,CP0261,BOND,TDR0113,BOOK_A,2026-04-03
TXN0006301460,APP020,2025-01-11,active,445846.06,AUD,APAC,CP0181,OPTION,TDR0137,BOOK_C,2025-01-23
TXN0008078856,APP008,2026-03-11,reversed,832840.55,USD,APAC,CP0373,BOND,TDR0200,BOOK_A,2025-11-21
TXN0006519276,APP018,2025-08-31,active,337011.84,CHF,AMER,CP0327,BOND,TDR0189,BOOK_A,2026-01-11
TXN0004326281,APP002,2025-03-13,settled,444976.15,EUR,EMEA,CP0106,OPTION,TDR0187,BOOK_A,2025-05-12
TXN0007401164,APP014,2026-04-10,pending,745836.9,USD,EMEA,CP0016,FUTURE,TDR0019,BOOK_D,2025-03-04
TXN0000751094,APP007,2025-11-09,pending,873275.06,AUD,LATAM,CP0303,FUTURE,TDR0167,BOOK_D,2025-04-15
TXN0007012002,APP018,2025-07-14,failed,559446.64,AUD,EMEA,CP0499,BOND,TDR0022,BOOK_D,2025-08-15
TXN0008721141,APP012,2026-01-21,failed,178965.98,JPY,APAC,CP0474,BOND,TDR0096,BOOK_B,2025-07-12
TXN0003459091,APP011,2025-11-05,active,981700.85,JPY,AMER,CP0363,BOND,TDR0038,BOOK_C,2026-02-15
TXN0009675212,APP001,2025-08-25,pending,815181.84,USD,APAC,CP0040,FUTURE,TDR0176,BOOK_D,2025-08-26
TXN0008631162,APP003,2025-02-27,failed,941554.41,CHF,LATAM,CP0476,OPTION,TDR0123,BOOK_D,2025-01-20
TXN0007208032,APP020,2025-11-03,settled,614561.87,USD,AMER,CP0454,BOND,TDR0112,BOOK_A,2025-02-11
TXN0003593576,APP019,2025-08-07,settled,689609.65,USD,APAC,CP0055,BOND,TDR0114,BOOK_B,2025-04-13
TXN0003984964,APP007,2025-09-04,failed,911623.67,CHF,APAC,CP0163,EQUITY,TDR0075,BOOK_C,2025-01-10
TXN0000891466,APP008,2025-09-14,active,34408.06,EUR,APAC,CP0265,SWAP,TDR0081,BOOK_A,2025-04-27
TXN0007617280,APP020,2025-04-22,settled,380557.92,AUD,EMEA,CP0324,FUTURE,TDR0062,BOOK_D,2025-05-18
TXN0000221042,APP002,2025-10-09,settled,217300.17,EUR,LATAM,CP0473,SWAP,TDR0179,BOOK_C,2026-03-05
TXN0000773899,APP020,2026-03-06,failed,514775.75,GBP,LATAM,CP0340,SWAP,TDR0186,BOOK_D,2025-02-23
TXN0007732999,APP006,2025-10-13,active,507106.02,GBP,APAC,CP0280,SWAP,TDR0175,BOOK_A,2025-09-23
TXN0008295430,APP012,2025-05-26,active,214153.05,EUR,APAC,CP0357,BOND,TDR0192,BOOK_D,2025-04-13
TXN0003906678,APP012,2026-04-02,settled,56583.18,AUD,APAC,CP0269,EQUITY,TDR0130,BOOK_A,2026-02-03
TXN0003219726,APP017,2025-04-29,settled,19520.79,USD,APAC,CP0493,BOND,TDR0048,BOOK_A,2025-03-13
TXN0008699057,APP011,2025-08-06,failed,520944.33,AUD,EMEA,CP0125,FUTURE,TDR0167,BOOK_C,2025-09-05
TXN0006599340,APP005,2025-02-13,failed,424878.54,JPY,LATAM,CP0144,FUTURE,TDR0165,BOOK_D,2025-01-05
TXN0006211780,APP012,2025-02-13,failed,226889.03,CHF,AMER,CP0209,FX,TDR0071,BOOK_B,2025-05-18
TXN0009921616,APP015,2025-07-05,settled,15414.69,GBP,APAC,CP0401,FUTURE,TDR0094,BOOK_D,2025-10-09
TXN0000257398,APP020,2025-09-17,pending,861401.56,JPY,APAC,CP0449,SWAP,TDR0193,BOOK_D,2025-02-24
TXN0004910691,APP006,2025-03-26,settled,10485.56,CHF,EMEA,CP0321,BOND,TDR0180,BOOK_C,2025-07-20
TXN0002821750,APP009,2025-05-14,active,645232.32,USD,APAC,CP0477,FX,TDR0138,BOOK_D,2025-01-21
TXN0000889411,APP015,2025-07-04,reversed,185633.2,EUR,APAC,CP0210,EQUITY,TDR0082,BOOK_A,2026-01-09
TXN0007482350,APP003,2026-03-27,active,230829.28,USD,EMEA,CP0328,SWAP,TDR0200,BOOK_B,2025-10-27
TXN0002732168,APP017,2025-01-11,reversed,861653.28,JPY,LATAM,CP0007,FUTURE,TDR0004,BOOK_C,2025-05-09
TXN0008301457,APP002,2025-05-11,active,600153.75,CHF,AMER,CP0214,BOND,TDR0116,BOOK_D,2026-03-18
TXN0007426197,APP016,2026-02-06,settled,568338.41,JPY,LATAM,CP0243,SWAP,TDR0119,BOOK_C,2025-11-17
TXN0001798145,APP020,2026-03-16,reversed,692593.29,AUD,APAC,CP0218,BOND,TDR0034,BOOK_C,2025-03-21
TXN0000517351,APP013,2025-09-12,failed,305342.62,AUD,AMER,CP0153,EQUITY,TDR0046,BOOK_D,2025-10-17
TXN0004585797,APP019,2025-12-25,active,416466.69,JPY,AMER,CP0111,FUTURE,TDR0110,BOOK_B,2025-12-25
TXN0007958699,APP015,2025-06-25,pending,482666.11,AUD,APAC,CP0200,BOND,TDR0178,BOOK_D,2025-07-19
TXN0003453612,APP004,2025-04-01,failed,82438.84,EUR,EMEA,CP0215,BOND,TDR0146,BOOK_B,2025-01-04
TXN0005983057,APP009,2025-02-25,pending,690517.01,EUR,LATAM,CP0453,OPTION,TDR0134,BOOK_B,2025-07-15
TXN0003270447,APP001,2026-01-11,active,373902.76,JPY,EMEA,CP0071,OPTION,TDR0005,BOOK_B,2025-03-09
TXN0006146813,APP005,2026-01-28,pending,335145.74,GBP,APAC,CP0225,OPTION,TDR0105,BOOK_C,2026-03-19
TXN0001610720,APP001,2025-09-17,settled,536006.46,AUD,LATAM,CP0314,OPTION,TDR0079,BOOK_A,2025-02-06
TXN0001480589,APP008,2025-04-26,pending,255018.93,USD,LATAM,CP0024,OPTION,TDR0142,BOOK_D,2025-02-10
TXN0001553335,APP001,2026-03-07,active,552298.4,USD,APAC,CP0193,FUTURE,TDR0016,BOOK_B,2025-04-27
TXN0002221864,APP011,2026-03-01,active,37898.63,CHF,EMEA,CP0188,FX,TDR0177,BOOK_A,2025-02-20
TXN0009016433,APP002,2025-02-16,active,346410.76,EUR,LATAM,CP0184,FX,TDR0121,BOOK_C,2026-03-31
TXN0002257547,APP015,2026-04-13,active,851884.65,CHF,LATAM,CP0364,BOND,TDR0179,BOOK_B,2025-01-19
TXN0007201482,APP007,2025-03-24,failed,645061.96,CHF,APAC,CP0402,OPTION,TDR0114,BOOK_A,2025-11-28
TXN0001970111,APP012,2025-01-07,active,824394.09,USD,EMEA,CP0104,SWAP,TDR0101,BOOK_C,2025-11-05
TXN0008031305,APP004,2025-11-28,active,812633.79,AUD,LATAM,CP0267,BOND,TDR0123,BOOK_A,2025-05-21
TXN0006959472,APP015,2025-04-30,failed,910206.69,GBP,AMER,CP0287,FX,TDR0084,BOOK_C,2025-07-20
TXN0000133269,APP019,2025-09-21,active,139289.29,USD,EMEA,CP0460,SWAP,TDR0118,BOOK_B,2025-03-13
TXN0006854828,APP011,2025-03-13,settled,232272.91,CHF,AMER,CP0191,OPTION,TDR0046,BOOK_C,2025-03-12
TXN0005650545,APP020,2026-03-05,failed,331431.97,USD,AMER,CP0488,EQUITY,TDR0153,BOOK_D,2025-02-09
TXN0009839308,APP015,2025-03-20,active,369213.59,CHF,AMER,CP0304,FX,TDR0142,BOOK_D,2025-07-26
TXN0000468146,APP007,2025-09-30,failed,14084.64,USD,LATAM,CP0398,EQUITY,TDR0188,BOOK_A,2025-02-22
TXN0004572117,APP014,2025-08-19,reversed,961307.43,AUD,LATAM,CP0065,BOND,TDR0194,BOOK_C,2025-08-14
TXN0000127108,APP014,2025-04-30,settled,63972.35,JPY,AMER,CP0151,BOND,TDR0014,BOOK_A,2025-04-13
TXN0004338029,APP014,2025-03-27,settled,488923.6,AUD,LATAM,CP0005,FX,TDR0143,BOOK_D,2026-02-10
TXN0000662650,APP008,2025-07-31,settled,614685.89,AUD,LATAM,CP0136,SWAP,TDR0111,BOOK_C,2025-11-06
TXN0007206460,APP003,2026-03-16,reversed,408249.07,JPY,APAC,CP0176,FX,TDR0025,BOOK_C,2025-12-01
TXN0004085133,APP010,2025-06-04,active,839519.94,GBP,EMEA,CP0342,FX,TDR0164,BOOK_C,2025-01-25
TXN0005128932,APP002,2025-07-12,reversed,790027.31,GBP,LATAM,CP0174,SWAP,TDR0179,BOOK_C,2025-05-04
TXN0008002443,APP005,2025-09-06,reversed,127253.5,GBP,LATAM,CP0379,FX,TDR0049,BOOK_A,2026-03-03
TXN0009829445,APP001,2025-10-02,reversed,281607.6,USD,APAC,CP0076,EQUITY,TDR0143,BOOK_D,2025-09-21
TXN0002429733,APP002,2025-03-13,reversed,320515.22,CHF,LATAM,CP0482,OPTION,TDR0039,BOOK_B,2025-07-29
TXN0001935477,APP005,2026-02-04,settled,950604.57,EUR,APAC,CP0378,EQUITY,TDR0003,BOOK_D,2025-10-07
TXN0006238982,APP015,2025-08-23,failed,758501.41,AUD,EMEA,CP0411,FX,TDR0018,BOOK_A,2025-03-18
TXN0001543984,APP003,2025-04-11,failed,248581.19,EUR,EMEA,CP0157,FUTURE,TDR0087,BOOK_B,2025-07-17
TXN0000736183,APP003,2025-11-21,pending,206913.96,GBP,AMER,CP0303,EQUITY,TDR0047,BOOK_D,2026-03-28
TXN0009129120,APP005,2025-01-31,failed,272481.9,GBP,EMEA,CP0336,EQUITY,TDR0042,BOOK_C,2025-02-17
TXN0003359133,APP017,2025-04-15,active,835431.47,EUR,AMER,CP0053,BOND,TDR0188,BOOK_C,2025-07-31
TXN0007913055,APP017,2026-01-30,active,175066.59,EUR,AMER,CP0247,EQUITY,TDR0169,BOOK_A,2025-06-12
TXN0008809673,APP009,2025-11-04,settled,627280.47,CHF,AMER,CP0112,OPTION,TDR0145,BOOK_A,2025-09-11
TXN0005593012,APP002,2025-06-19,failed,505381.85,EUR,AMER,CP0280,BOND,TDR0131,BOOK_A,2026-02-17
TXN0002587650,APP003,2025-02-26,failed,337493.81,EUR,LATAM,CP0196,OPTION,TDR0074,BOOK_A,2025-04-01
TXN0002070249,APP016,2026-01-05,active,791136.04,USD,APAC,CP0087,FUTURE,TDR0058,BOOK_A,2025-02-20
TXN0000536873,APP009,2025-07-15,failed,895130.27,EUR,LATAM,CP0151,BOND,TDR0051,BOOK_A,2025-08-05
TXN0002754786,APP013,2025-06-14,reversed,261951.03,USD,LATAM,CP0248,FX,TDR0015,BOOK_A,2025-12-18
TXN0002661147,APP003,2025-10-08,settled,340939.21,EUR,APAC,CP0405,SWAP,TDR0157,BOOK_C,2025-06-26
TXN0001413468,APP001,2025-03-07,settled,902927.4,JPY,LATAM,CP0410,FX,TDR0052,BOOK_B,2025-01-23
TXN0008853730,APP012,2025-01-24,active,905196.01,JPY,AMER,CP0401,FUTURE,TDR0092,BOOK_A,2026-01-03
TXN0006483449,APP012,2025-08-20,failed,710162.91,GBP,EMEA,CP0307,EQUITY,TDR0095,BOOK_D,2026-02-19
TXN0003280078,APP016,2025-05-18,settled,369259.18,GBP,AMER,CP0316,OPTION,TDR0061,BOOK_C,2025-02-28
TXN0008433770,APP020,2025-04-10,failed,829546.7,EUR,LATAM,CP0266,SWAP,TDR0097,BOOK_D,2025-03-17
TXN0002571636,APP009,2025-03-22,reversed,303867.54,CHF,EMEA,CP0456,EQUITY,TDR0098,BOOK_D,2025-01-03
TXN0007660419,APP017,2026-03-15,pending,120739.74,CHF,AMER,CP0067,EQUITY,TDR0047,BOOK_A,2025-04-12
TXN0003010796,APP011,2025-11-02,active,381235.49,AUD,AMER,CP0116,SWAP,TDR0184,BOOK_D,2025-07-02
TXN0001240398,APP019,2025-05-13,pending,451596.36,GBP,EMEA,CP0306,OPTION,TDR0059,BOOK_A,2025-07-15
TXN0006017864,APP013,2025-09-18,failed,820297.22,GBP,AMER,CP0214,FX,TDR0032,BOOK_A,2025-10-30
TXN0000528775,APP002,2025-10-14,active,813921.62,JPY,LATAM,CP0448,OPTION,TDR0055,BOOK_A,2025-04-11
TXN0004965497,APP006,2025-10-19,reversed,883451.04,EUR,APAC,CP0342,EQUITY,TDR0116,BOOK_C,2025-12-13
TXN0008177660,APP002,2025-12-02,pending,548555.91,CHF,APAC,CP0327,BOND,TDR0122,BOOK_D,2025-03-31
TXN0005653308,APP012,2025-12-05,failed,113707.68,AUD,APAC,CP0105,OPTION,TDR0154,BOOK_D,2025-01-08
TXN0004269235,APP009,2025-09-08,active,601007.27,USD,AMER,CP0159,OPTION,TDR0104,BOOK_D,2025-01-04
TXN0007165039,APP011,2025-11-30,failed,340391.27,GBP,APAC,CP0240,BOND,TDR0041,BOOK_B,2025-12-05
TXN0009665769,APP015,2025-08-14,pending,12461.27,EUR,APAC,CP0232,FX,TDR0056,BOOK_B,2025-10-21
TXN0006373806,APP018,2025-05-18,active,440761.08,EUR,AMER,CP0148,FX,TDR0133,BOOK_D,2025-01-03
TXN0008256945,APP012,2025-12-17,pending,38714.35,AUD,LATAM,CP0373,SWAP,TDR0200,BOOK_A,2025-02-10
TXN0002200055,APP004,2025-06-21,active,831235.47,AUD,LATAM,CP0005,EQUITY,TDR0122,BOOK_C,2026-03-10
TXN0007945568,APP013,2025-07-26,reversed,831510.77,AUD,APAC,CP0235,EQUITY,TDR0033,BOOK_D,2025-11-27
TXN0003004738,APP012,2025-05-18,settled,994883.05,JPY,LATAM,CP0049,SWAP,TDR0048,BOOK_B,2025-10-31
TXN0004107808,APP003,2025-09-23,settled,843462.76,USD,AMER,CP0304,FX,TDR0042,BOOK_B,2025-05-07
TXN0007277579,APP020,2026-03-19,failed,187100.9,USD,APAC,CP0128,EQUITY,TDR0120,BOOK_D,2025-08-03
TXN0001669866,APP004,2026-04-08,pending,212335.26,AUD,EMEA,CP0388,FUTURE,TDR0021,BOOK_D,2025-07-09
TXN0009926345,APP002,2025-09-25,active,303453.81,EUR,LATAM,CP0437,FX,TDR0169,BOOK_D,2025-12-22
TXN0006385631,APP003,2025-09-07,settled,130933.38,USD,EMEA,CP0025,SWAP,TDR0169,BOOK_C,2025-01-20
TXN0002464150,APP004,2026-03-04,active,327586.23,USD,EMEA,CP0419,BOND,TDR0096,BOOK_A,2025-06-01
TXN0004937687,APP011,2026-02-12,active,165332.23,GBP,LATAM,CP0347,OPTION,TDR0039,BOOK_D,2026-02-19
TXN0003853389,APP003,2025-11-01,failed,785519.66,JPY,LATAM,CP0424,BOND,TDR0103,BOOK_D,2025-06-12
TXN0004312882,APP010,2025-01-23,reversed,713768.1,JPY,AMER,CP0261,SWAP,TDR0068,BOOK_B,2026-02-22
TXN0006345092,APP015,2025-08-12,reversed,271616.7,EUR,EMEA,CP0178,OPTION,TDR0193,BOOK_C,2025-06-11
TXN0009594859,APP009,2025-10-04,settled,106662.55,USD,AMER,CP0211,OPTION,TDR0158,BOOK_B,2025-07-09
TXN0001957187,APP012,2025-09-01,settled,820826.56,GBP,APAC,CP0145,OPTION,TDR0062,BOOK_A,2025-10-12
TXN0007404539,APP018,2025-06-22,settled,811306.86,EUR,LATAM,CP0232,FUTURE,TDR0178,BOOK_D,2025-06-28
TXN0002403842,APP012,2025-01-03,active,515909.39,USD,EMEA,CP0373,SWAP,TDR0179,BOOK_D,2025-05-11
TXN0004367903,APP018,2025-01-20,failed,244928.07,USD,EMEA,CP0445,FUTURE,TDR0195,BOOK_C,2025-04-03
TXN0000351794,APP001,2025-05-05,failed,319513.94,JPY,AMER,CP0129,BOND,TDR0142,BOOK_D,2026-02-28
TXN0007695623,APP012,2025-02-17,reversed,936394.33,USD,AMER,CP0146,SWAP,TDR0009,BOOK_C,2025-05-22
TXN0002349249,APP014,2025-11-02,reversed,557183.83,AUD,LATAM,CP0345,EQUITY,TDR0016,BOOK_B,2025-10-27
TXN0004033293,APP009,2025-02-28,pending,164019.55,GBP,AMER,CP0070,BOND,TDR0149,BOOK_B,2026-02-22
TXN0000944315,APP011,2025-05-09,failed,493773.82,AUD,AMER,CP0241,OPTION,TDR0005,BOOK_B,2026-01-23
TXN0006249742,APP018,2025-07-03,active,812746.16,EUR,AMER,CP0077,FX,TDR0154,BOOK_D,2025-07-25
TXN0007185737,APP012,2025-03-18,active,753108.68,JPY,APAC,CP0085,FUTURE,TDR0153,BOOK_B,2025-09-05
TXN0005121752,APP019,2025-09-17,settled,500725.65,JPY,APAC,CP0212,BOND,TDR0149,BOOK_A,2025-10-28
TXN0004057836,APP015,2025-06-24,reversed,832950.94,GBP,LATAM,CP0006,FUTURE,TDR0104,BOOK_A,2025-06-01
TXN0004975016,APP017,2025-09-01,failed,983700.88,CHF,AMER,CP0268,OPTION,TDR0139,BOOK_B,2025-07-09
TXN0005614661,APP005,2025-02-19,reversed,667218.35,AUD,AMER,CP0417,FX,TDR0162,BOOK_B,2025-08-23
TXN0005550811,APP009,2025-11-03,pending,201134.05,AUD,APAC,CP0144,FUTURE,TDR0141,BOOK_C,2026-01-05
TXN0001915888,APP009,2025-01-30,pending,751634.43,GBP,APAC,CP0113,OPTION,TDR0084,BOOK_C,2025-05-06
TXN0002037130,APP009,2025-12-06,active,361187.89,GBP,AMER,CP0310,BOND,TDR0127,BOOK_B,2025-11-24
TXN0009154106,APP001,2025-05-11,failed,160430.52,AUD,LATAM,CP0239,FUTURE,TDR0049,BOOK_B,2025-08-21
TXN0001765496,APP006,2025-03-16,active,758502.72,EUR,EMEA,CP0233,SWAP,TDR0162,BOOK_B,2025-11-21
TXN0009897850,APP012,2025-01-26,failed,701648.6,USD,AMER,CP0018,EQUITY,TDR0171,BOOK_C,2025-10-24
TXN0006218515,APP009,2026-01-14,reversed,818110.04,EUR,APAC,CP0234,EQUITY,TDR0053,BOOK_C,2025-04-19
TXN0003847334,APP006,2025-07-30,reversed,390135.58,EUR,APAC,CP0396,EQUITY,TDR0176,BOOK_B,2025-08-30
TXN0006820028,APP008,2025-07-18,active,151659.47,CHF,APAC,CP0308,FUTURE,TDR0008,BOOK_C,2026-03-26
TXN0000350263,APP010,2025-11-03,active,677042.09,USD,APAC,CP0122,EQUITY,TDR0063,BOOK_A,2026-04-06
TXN0006075833,APP003,2026-03-11,failed,495956.76,GBP,EMEA,CP0158,FX,TDR0134,BOOK_D,2025-06-26
TXN0004439667,APP011,2026-03-12,reversed,74080.05,GBP,AMER,CP0079,BOND,TDR0115,BOOK_C,2025-06-24
TXN0007495011,APP019,2025-04-30,settled,798980.61,USD,AMER,CP0040,OPTION,TDR0119,BOOK_D,2025-04-25
TXN0008677380,APP001,2025-03-01,failed,968082.73,GBP,EMEA,CP0190,BOND,TDR0016,BOOK_D,2026-04-03
TXN0007135745,APP016,2026-03-17,pending,29125.26,JPY,EMEA,CP0092,OPTION,TDR0123,BOOK_A,2026-01-28
TXN0000929838,APP017,2025-11-21,reversed,148095.31,USD,LATAM,CP0460,SWAP,TDR0114,BOOK_C,2026-04-10
TXN0008295419,APP009,2025-01-22,failed,989329.35,USD,LATAM,CP0102,FUTURE,TDR0112,BOOK_C,2026-03-17
TXN0000030477,APP017,2025-01-10,active,15284.45,JPY,AMER,CP0149,FUTURE,TDR0036,BOOK_C,2026-02-26
TXN0004208356,APP017,2025-12-20,failed,441535.15,JPY,EMEA,CP0382,SWAP,TDR0176,BOOK_A,2025-07-17
TXN0002365963,APP020,2025-02-08,failed,411010.23,EUR,EMEA,CP0310,FUTURE,TDR0077,BOOK_C,2025-08-10
TXN0007822148,APP014,2025-12-05,settled,929041.86,GBP,APAC,CP0112,FX,TDR0108,BOOK_A,2025-07-12
TXN0006727178,APP008,2026-03-02,settled,796205.34,CHF,LATAM,CP0098,FX,TDR0141,BOOK_A,2026-04-06
TXN0004365914,APP013,2026-03-03,failed,924305.75,EUR,LATAM,CP0125,OPTION,TDR0159,BOOK_D,2026-03-20
TXN0008712059,APP019,2025-07-15,failed,506657.67,USD,AMER,CP0125,BOND,TDR0127,BOOK_D,2025-06-13
TXN0004798611,APP006,2025-06-14,failed,919279.78,CHF,EMEA,CP0314,FX,TDR0059,BOOK_C,2025-07-13
TXN0000335629,APP005,2025-07-11,settled,993177.85,JPY,EMEA,CP0348,FUTURE,TDR0004,BOOK_D,2026-01-25
TXN0004333090,APP010,2025-04-28,pending,393994.33,JPY,EMEA,CP0003,OPTION,TDR0167,BOOK_B,2025-10-17
TXN0008002250,APP005,2025-08-25,settled,188762.81,JPY,EMEA,CP0246,SWAP,TDR0163,BOOK_B,2025-10-26
TXN0002672618,APP019,2025-12-22,reversed,866597.04,JPY,LATAM,CP0377,OPTION,TDR0023,BOOK_C,2025-07-10
TXN0002454597,APP010,2025-05-07,active,27542.3,CHF,APAC,CP0492,FUTURE,TDR0006,BOOK_A,2025-10-05
TXN0004701066,APP012,2025-05-11,settled,638827.76,JPY,AMER,CP0414,BOND,TDR0107,BOOK_C,2025-08-30
TXN0007004549,APP016,2025-03-19,reversed,760535.87,EUR,AMER,CP0201,BOND,TDR0147,BOOK_D,2025-08-28
TXN0004084263,APP019,2026-04-09,reversed,485260.14,JPY,AMER,CP0039,FX,TDR0097,BOOK_A,2025-03-07
TXN0002219825,APP002,2025-01-09,active,942449.82,EUR,AMER,CP0087,FX,TDR0043,BOOK_D,2025-07-28
TXN0008111403,APP016,2025-07-23,pending,312269.72,JPY,EMEA,CP0179,SWAP,TDR0043,BOOK_A,2025-04-16
TXN0001594419,APP014,2025-11-22,failed,184225.75,USD,AMER,CP0462,SWAP,TDR0140,BOOK_C,2025-12-20
TXN0004630596,APP013,2025-08-30,settled,205187.41,EUR,LATAM,CP0403,BOND,TDR0179,BOOK_D,2025-07-29
TXN0003415932,APP005,2025-01-23,pending,123161.14,EUR,LATAM,CP0157,EQUITY,TDR0012,BOOK_B,2025-04-14
TXN0009888295,APP003,2025-10-04,pending,747561.16,GBP,EMEA,CP0246,BOND,TDR0103,BOOK_D,2025-02-20
TXN0008964074,APP010,2025-06-23,settled,309335.17,AUD,LATAM,CP0384,FX,TDR0012,BOOK_B,2025-06-28
TXN0006462473,APP014,2025-11-02,failed,406364.55,AUD,EMEA,CP0009,FUTURE,TDR0109,BOOK_A,2025-12-28
TXN0005613246,APP014,2025-01-15,failed,906891.72,EUR,LATAM,CP0011,BOND,TDR0073,BOOK_D,2025-01-18
TXN0000033243,APP013,2025-01-01,reversed,370461.02,GBP,APAC,CP0358,FX,TDR0194,BOOK_A,2026-02-16
TXN0008492908,APP015,2025-12-25,active,133058.63,USD,LATAM,CP0121,SWAP,TDR0074,BOOK_D,2025-08-25
TXN0009083010,APP015,2026-01-08,failed,401587.01,JPY,EMEA,CP0352,FUTURE,TDR0163,BOOK_B,2025-09-06
TXN0000578473,APP004,2026-04-13,reversed,289792.29,JPY,EMEA,CP0274,EQUITY,TDR0018,BOOK_A,2025-07-27
TXN0003903768,APP002,2025-01-07,pending,727120.49,GBP,APAC,CP0276,OPTION,TDR0191,BOOK_A,2026-02-25
TXN0000433972,APP017,2026-04-13,failed,972794.96,GBP,AMER,CP0406,EQUITY,TDR0083,BOOK_D,2025-10-19
TXN0000217590,APP009,2025-12-30,settled,256730.36,CHF,APAC,CP0018,EQUITY,TDR0164,BOOK_A,2025-03-09
TXN0009347912,APP008,2025-12-21,active,313916.08,GBP,LATAM,CP0487,FX,TDR0123,BOOK_D,2025-04-27
TXN0009055104,APP020,2025-07-23,reversed,128193.48,AUD,APAC,CP0330,FX,TDR0005,BOOK_D,2025-01-22
TXN0006604218,APP003,2025-09-25,pending,934602.83,AUD,APAC,CP0403,SWAP,TDR0171,BOOK_D,2025-12-26
TXN0008135324,APP013,2025-03-19,failed,12683.51,AUD,AMER,CP0148,SWAP,TDR0173,BOOK_A,2025-08-28
TXN0000891803,APP004,2025-08-02,settled,399247.47,JPY,EMEA,CP0458,SWAP,TDR0174,BOOK_C,2025-10-26
TXN0009934766,APP002,2025-03-22,settled,387108.43,GBP,EMEA,CP0426,SWAP,TDR0177,BOOK_D,2025-07-10
TXN0001382609,APP006,2025-10-11,reversed,665016.82,GBP,AMER,CP0273,EQUITY,TDR0035,BOOK_B,2026-02-20
TXN0002439388,APP011,2025-12-30,settled,552818.94,GBP,APAC,CP0345,FX,TDR0113,BOOK_A,2025-11-16
TXN0005264358,APP018,2025-12-26,pending,87225.5,GBP,EMEA,CP0226,FUTURE,TDR0039,BOOK_C,2026-01-17
TXN0007934159,APP019,2025-11-24,active,989959.97,EUR,EMEA,CP0429,FX,TDR0039,BOOK_C,2025-11-29
TXN0009215536,APP001,2025-03-04,active,849691.58,AUD,EMEA,CP0293,FUTURE,TDR0074,BOOK_B,2025-09-19
TXN0009631401,APP014,2025-05-03,pending,605342.14,CHF,LATAM,CP0194,FUTURE,TDR0141,BOOK_B,2026-01-03
TXN0005131541,APP018,2025-06-19,pending,506821.39,JPY,APAC,CP0400,OPTION,TDR0176,BOOK_A,2025-12-22
TXN0009348000,APP008,2025-11-03,pending,318775.52,CHF,APAC,CP0118,SWAP,TDR0152,BOOK_A,2025-04-06
TXN0005762296,APP009,2026-01-09,settled,493888.06,AUD,AMER,CP0498,SWAP,TDR0104,BOOK_C,2026-03-28
TXN0006018955,APP006,2026-03-01,settled,822476.02,AUD,APAC,CP0172,SWAP,TDR0091,BOOK_B,2025-03-14
TXN0000471197,APP006,2025-09-30,active,590361.94,JPY,AMER,CP0197,FUTURE,TDR0155,BOOK_D,2026-01-30
TXN0001884602,APP012,2025-12-09,active,534664.69,AUD,APAC,CP0488,FX,TDR0195,BOOK_B,2025-06-16
TXN0008939800,APP003,2025-08-23,settled,750556.02,AUD,EMEA,CP0207,BOND,TDR0048,BOOK_B,2025-06-30
TXN0005113044,APP007,2025-12-25,reversed,220614.4,JPY,EMEA,CP0131,EQUITY,TDR0150,BOOK_B,2026-01-24
TXN0004198993,APP018,2025-06-10,failed,52769.15,AUD,EMEA,CP0473,FUTURE,TDR0087,BOOK_A,2026-04-07
TXN0007663618,APP015,2025-03-12,settled,715442.07,USD,EMEA,CP0490,SWAP,TDR0067,BOOK_C,2026-03-28
TXN0003002527,APP003,2025-01-31,pending,63433.62,GBP,AMER,CP0129,SWAP,TDR0002,BOOK_C,2026-03-20
TXN0000905881,APP019,2025-05-22,reversed,651568.68,JPY,EMEA,CP0034,OPTION,TDR0065,BOOK_D,2025-05-08
TXN0001508611,APP012,2026-01-12,failed,334608.16,USD,AMER,CP0263,EQUITY,TDR0139,BOOK_C,2025-12-16
TXN0008413250,APP015,2025-07-06,failed,712636.69,USD,APAC,CP0254,OPTION,TDR0193,BOOK_B,2026-04-09
TXN0005565474,APP019,2025-08-20,pending,683485.34,CHF,APAC,CP0397,SWAP,TDR0085,BOOK_C,2025-05-15
TXN0007660983,APP016,2025-05-11,failed,656441.52,JPY,APAC,CP0295,EQUITY,TDR0046,BOOK_C,2025-11-14
TXN0008350766,APP009,2025-09-05,reversed,927899.58,GBP,LATAM,CP0208,OPTION,TDR0199,BOOK_A,2025-12-19
TXN0003314333,APP015,2026-04-03,active,843486.23,CHF,APAC,CP0010,FUTURE,TDR0119,BOOK_B,2025-10-22
TXN0004653940,APP015,2026-02-16,failed,582447.72,USD,APAC,CP0180,FX,TDR0111,BOOK_B,2025-12-31
TXN0002468701,APP002,2025-08-05,pending,313841.47,USD,LATAM,CP0458,SWAP,TDR0006,BOOK_B,2026-01-12
TXN0002013586,APP018,2025-04-03,pending,457900.74,GBP,EMEA,CP0429,EQUITY,TDR0022,BOOK_D,2026-03-17
TXN0008329040,APP004,2025-11-05,active,424237.5,USD,AMER,CP0153,SWAP,TDR0022,BOOK_D,2025-10-15
TXN0003640985,APP006,2025-12-14,settled,252969.9,USD,LATAM,CP0467,SWAP,TDR0061,BOOK_B,2025-11-12
TXN0003578049,APP011,2025-02-10,settled,33744.59,EUR,LATAM,CP0486,FUTURE,TDR0121,BOOK_D,2025-10-01
TXN0009044423,APP010,2025-12-10,active,201007.59,GBP,APAC,CP0071,FX,TDR0078,BOOK_C,2025-11-11
TXN0002909966,APP012,2025-01-04,failed,292369.52,CHF,AMER,CP0288,EQUITY,TDR0144,BOOK_D,2026-01-10
TXN0003512502,APP006,2025-01-08,pending,803975.13,JPY,EMEA,CP0185,EQUITY,TDR0190,BOOK_C,2025-03-31
TXN0002970721,APP014,2025-02-20,active,620011.95,EUR,EMEA,CP0247,BOND,TDR0121,BOOK_D,2026-01-20
TXN0002018168,APP010,2025-05-03,reversed,845075.1,AUD,EMEA,CP0448,OPTION,TDR0189,BOOK_A,2026-02-26
TXN0007582529,APP006,2026-02-11,reversed,117368.68,AUD,LATAM,CP0402,OPTION,TDR0040,BOOK_A,2025-01-18
TXN0002171578,APP020,2025-05-16,settled,544172.27,USD,LATAM,CP0274,SWAP,TDR0038,BOOK_C,2025-09-01
TXN0003017558,APP010,2025-01-15,pending,986698.73,GBP,AMER,CP0415,SWAP,TDR0176,BOOK_A,2025-02-05
TXN0000686403,APP005,2025-09-17,reversed,940237.98,USD,APAC,CP0135,OPTION,TDR0045,BOOK_B,2025-06-06
TXN0000297532,APP003,2025-06-26,settled,756845.85,EUR,APAC,CP0121,FX,TDR0171,BOOK_B,2025-01-18
TXN0005956138,APP010,2025-08-03,pending,159518.93,GBP,APAC,CP0218,EQUITY,TDR0163,BOOK_B,2026-01-02
TXN0005113271,APP001,2025-04-10,reversed,331127.39,USD,APAC,CP0004,SWAP,TDR0147,BOOK_C,2025-05-26
TXN0009305528,APP017,2025-12-15,active,281250.49,JPY,AMER,CP0054,OPTION,TDR0104,BOOK_C,2025-01-10
TXN0007999814,APP018,2026-01-31,active,74148.22,GBP,APAC,CP0342,EQUITY,TDR0073,BOOK_D,2025-03-13
TXN0003038214,APP004,2026-03-31,reversed,306675.03,CHF,AMER,CP0259,EQUITY,TDR0040,BOOK_B,2025-01-27
TXN0006803503,APP002,2025-10-26,pending,488360.51,CHF,APAC,CP0207,SWAP,TDR0033,BOOK_D,2026-02-19
TXN0007453819,APP011,2025-05-28,active,320444.64,JPY,LATAM,CP0041,EQUITY,TDR0090,BOOK_D,2025-12-27
TXN0001693687,APP002,2025-02-20,pending,787011.29,GBP,AMER,CP0439,FUTURE,TDR0023,BOOK_B,2025-12-14
TXN0003072761,APP016,2025-12-17,reversed,869491.43,AUD,AMER,CP0046,BOND,TDR0002,BOOK_D,2025-01-29
TXN0008069771,APP004,2025-08-09,pending,881044.24,JPY,APAC,CP0473,FUTURE,TDR0149,BOOK_B,2025-01-21
TXN0005910805,APP018,2025-04-22,reversed,303647.58,JPY,AMER,CP0109,BOND,TDR0114,BOOK_A,2025-04-09
TXN0008202939,APP013,2026-01-27,pending,359874.41,CHF,APAC,CP0209,EQUITY,TDR0100,BOOK_D,2025-11-10
TXN0003932221,APP001,2025-01-23,failed,447412.58,CHF,APAC,CP0087,BOND,TDR0135,BOOK_B,2026-02-02
TXN0002841312,APP015,2025-01-21,active,21809.86,USD,AMER,CP0474,FX,TDR0087,BOOK_B,2025-07-23
TXN0003142799,APP004,2025-12-10,pending,422741.59,EUR,APAC,CP0117,EQUITY,TDR0097,BOOK_D,2025-01-22
TXN0004359706,APP008,2026-02-19,settled,3122.03,AUD,EMEA,CP0021,FX,TDR0177,BOOK_B,2025-05-05
TXN0007626623,APP011,2026-03-23,pending,526073.69,AUD,EMEA,CP0384,OPTION,TDR0079,BOOK_A,2025-10-12
TXN0003361113,APP004,2026-01-11,active,82146.35,JPY,AMER,CP0299,BOND,TDR0094,BOOK_D,2025-08-10
TXN0001773932,APP014,2025-03-17,failed,422755.7,USD,EMEA,CP0489,FX,TDR0148,BOOK_D,2025-08-22
TXN0009829331,APP018,2025-06-08,settled,714176.74,GBP,APAC,CP0028,SWAP,TDR0051,BOOK_C,2025-11-19
TXN0004821382,APP007,2025-01-01,reversed,546904.67,USD,APAC,CP0029,OPTION,TDR0183,BOOK_A,2026-04-04
TXN0003674415,APP017,2025-06-09,settled,958713.66,GBP,EMEA,CP0041,FX,TDR0060,BOOK_C,2026-04-12
TXN0009329188,APP015,2026-01-09,reversed,633005.18,JPY,APAC,CP0286,EQUITY,TDR0112,BOOK_A,2025-11-13
TXN0008871188,APP016,2025-07-18,failed,228131.39,JPY,APAC,CP0198,SWAP,TDR0074,BOOK_C,2025-04-16
TXN0006143083,APP014,2026-03-13,failed,447992.51,AUD,APAC,CP0239,SWAP,TDR0134,BOOK_C,2025-10-30
TXN0000239564,APP003,2025-08-08,settled,185146.78,EUR,AMER,CP0462,BOND,TDR0193,BOOK_B,2025-06-21
TXN0009632021,APP020,2025-12-07,pending,525966.85,JPY,LATAM,CP0318,FX,TDR0050,BOOK_C,2025-08-07
TXN0003220927,APP009,2025-05-17,active,550152.07,JPY,LATAM,CP0281,FX,TDR0134,BOOK_B,2026-01-23
TXN0003917267,APP008,2025-01-05,settled,526747.37,CHF,APAC,CP0202,EQUITY,TDR0170,BOOK_A,2025-07-27
TXN0002252455,APP010,2025-04-19,pending,835874.42,JPY,LATAM,CP0116,BOND,TDR0039,BOOK_D,2026-02-24
TXN0005654118,APP018,2025-07-12,reversed,468340.6,USD,EMEA,CP0379,OPTION,TDR0022,BOOK_B,2026-04-04
TXN0009122990,APP005,2025-05-03,active,12338.69,JPY,EMEA,CP0188,SWAP,TDR0193,BOOK_D,2026-04-04
TXN0008104393,APP017,2025-04-10,pending,550003.71,CHF,APAC,CP0297,FX,TDR0148,BOOK_C,2025-03-30
TXN0008491641,APP013,2025-12-10,reversed,492032.2,EUR,AMER,CP0410,FUTURE,TDR0072,BOOK_C,2025-07-04
TXN0000885156,APP010,2025-06-13,pending,800979.58,JPY,APAC,CP0431,EQUITY,TDR0164,BOOK_D,2026-01-08
TXN0009488188,APP017,2026-03-29,active,146876.59,USD,LATAM,CP0297,FUTURE,TDR0019,BOOK_A,2026-04-03
TXN0009964442,APP010,2025-03-21,reversed,747896.57,CHF,APAC,CP0327,EQUITY,TDR0120,BOOK_C,2025-06-08
TXN0002627980,APP006,2025-08-01,failed,990527.84,USD,AMER,CP0056,BOND,TDR0129,BOOK_B,2025-07-31
TXN0006033672,APP013,2026-03-31,pending,250830.11,EUR,LATAM,CP0145,FUTURE,TDR0173,BOOK_A,2025-09-25
TXN0009056820,APP006,2025-02-16,failed,190310.09,EUR,EMEA,CP0261,FUTURE,TDR0155,BOOK_D,2025-05-01
TXN0003375106,APP009,2025-03-01,pending,447824.08,USD,LATAM,CP0253,BOND,TDR0041,BOOK_D,2026-01-31
TXN0003555449,APP011,2025-07-18,active,997012.57,USD,LATAM,CP0093,FUTURE,TDR0200,BOOK_C,2026-04-04
TXN0001607867,APP015,2026-03-13,reversed,620227.7,JPY,EMEA,CP0414,SWAP,TDR0169,BOOK_D,2025-02-24
TXN0000269937,APP001,2025-07-10,reversed,900368.56,JPY,APAC,CP0079,FX,TDR0103,BOOK_C,2025-10-19
TXN0004328540,APP015,2025-01-05,active,696577.46,AUD,AMER,CP0069,OPTION,TDR0065,BOOK_C,2025-04-18
TXN0006243654,APP019,2026-04-11,active,294238.62,GBP,APAC,CP0491,FX,TDR0003,BOOK_C,2025-01-18
TXN0003328846,APP013,2025-10-19,settled,597728.82,CHF,LATAM,CP0448,OPTION,TDR0041,BOOK_A,2026-02-03
TXN0009940638,APP005,2025-10-25,reversed,406938.59,EUR,EMEA,CP0136,EQUITY,TDR0015,BOOK_C,2026-01-11
TXN0004717964,APP006,2025-10-31,settled,275861.39,EUR,EMEA,CP0271,SWAP,TDR0005,BOOK_D,2026-02-09
TXN0006638827,APP019,2026-02-03,active,24149.52,JPY,APAC,CP0011,FUTURE,TDR0141,BOOK_A,2025-05-30
TXN0003037500,APP018,2025-03-14,settled,672121.67,EUR,LATAM,CP0442,EQUITY,TDR0186,BOOK_D,2025-09-28
TXN0008776324,APP019,2025-12-28,pending,623957.15,USD,AMER,CP0253,BOND,TDR0039,BOOK_D,2025-09-18
TXN0005474230,APP006,2026-03-20,pending,774673.89,AUD,LATAM,CP0278,OPTION,TDR0200,BOOK_B,2025-11-01
TXN0003781717,APP009,2025-05-01,active,906129.77,EUR,AMER,CP0106,OPTION,TDR0022,BOOK_B,2025-05-05
TXN0000656889,APP014,2026-01-10,pending,46814.83,AUD,AMER,CP0129,FUTURE,TDR0191,BOOK_B,2026-04-03
TXN0006989964,APP001,2025-03-15,pending,168551.45,CHF,APAC,CP0055,FUTURE,TDR0019,BOOK_D,2025-04-19
TXN0006836943,APP008,2025-04-25,reversed,919648.66,EUR,AMER,CP0496,BOND,TDR0110,BOOK_B,2025-04-16
TXN0009385823,APP001,2026-02-03,failed,908891.33,CHF,AMER,CP0425,OPTION,TDR0124,BOOK_B,2025-07-10
TXN0006390846,APP015,2025-09-23,pending,745823.53,CHF,LATAM,CP0049,SWAP,TDR0027,BOOK_C,2025-05-24
TXN0005497290,APP003,2025-09-22,reversed,146164.4,JPY,LATAM,CP0234,EQUITY,TDR0038,BOOK_C,2025-06-20
TXN0009824437,APP020,2025-07-24,failed,538333.35,CHF,EMEA,CP0453,SWAP,TDR0003,BOOK_B,2025-01-17
TXN0003904946,APP014,2025-12-06,failed,72536.98,EUR,AMER,CP0233,FUTURE,TDR0043,BOOK_A,2025-04-22
TXN0003278384,APP011,2025-02-05,failed,586336.33,EUR,LATAM,CP0017,BOND,TDR0152,BOOK_C,2025-09-08
TXN0001983679,APP003,2026-03-29,failed,237440.68,CHF,EMEA,CP0215,OPTION,TDR0145,BOOK_C,2025-03-28
TXN0007231976,APP011,2025-05-14,pending,745867.18,CHF,LATAM,CP0191,OPTION,TDR0179,BOOK_A,2025-04-16
TXN0001979756,APP018,2025-07-26,failed,675395.37,EUR,AMER,CP0122,FUTURE,TDR0115,BOOK_D,2025-10-07
TXN0008524235,APP013,2025-05-30,failed,642211.09,JPY,APAC,CP0115,OPTION,TDR0037,BOOK_B,2025-12-28
TXN0005397069,APP018,2025-12-13,pending,292584.83,JPY,EMEA,CP0479,FX,TDR0098,BOOK_D,2026-01-01
TXN0003566600,APP004,2025-03-15,reversed,2276.75,GBP,EMEA,CP0305,FX,TDR0082,BOOK_A,2025-12-30
TXN0000062504,APP005,2026-03-27,reversed,919156.84,JPY,EMEA,CP0329,EQUITY,TDR0038,BOOK_C,2026-03-12
TXN0001647743,APP013,2025-09-26,active,877068.92,JPY,APAC,CP0217,FX,TDR0127,BOOK_A,2026-03-12
TXN0004411329,APP012,2025-04-02,active,12319.75,GBP,EMEA,CP0439,SWAP,TDR0008,BOOK_A,2025-06-22
TXN0007061101,APP005,2025-01-21,pending,593686.57,AUD,LATAM,CP0264,FUTURE,TDR0156,BOOK_D,2025-11-12
TXN0001510272,APP019,2025-11-25,reversed,297671.4,CHF,EMEA,CP0162,BOND,TDR0139,BOOK_C,2025-07-28
TXN0001107084,APP017,2025-04-10,pending,504352.12,GBP,APAC,CP0134,BOND,TDR0166,BOOK_C,2026-02-23
TXN0006379005,APP013,2025-01-16,active,92231.44,GBP,AMER,CP0338,EQUITY,TDR0196,BOOK_D,2025-05-08
TXN0008825509,APP020,2025-11-10,pending,654728.78,GBP,LATAM,CP0240,FUTURE,TDR0161,BOOK_B,2025-12-30
TXN0007897017,APP004,2025-05-28,pending,249357.88,GBP,LATAM,CP0071,FUTURE,TDR0038,BOOK_C,2025-06-03
TXN0001410617,APP003,2025-03-13,settled,454714.93,GBP,APAC,CP0201,SWAP,TDR0128,BOOK_B,2026-02-19
TXN0006701312,APP012,2026-02-02,failed,386380.92,CHF,EMEA,CP0484,OPTION,TDR0129,BOOK_A,2025-03-20
TXN0005686473,APP017,2025-03-25,active,963885.13,GBP,APAC,CP0199,OPTION,TDR0119,BOOK_A,2025-05-19
TXN0004224717,APP007,2026-02-13,active,206809.23,EUR,APAC,CP0412,OPTION,TDR0041,BOOK_B,2025-03-12
TXN0003590018,APP007,2026-03-16,failed,602898.92,CHF,EMEA,CP0365,BOND,TDR0035,BOOK_D,2025-04-24
TXN0000069368,APP010,2026-02-14,failed,881951.59,USD,AMER,CP0359,SWAP,TDR0127,BOOK_D,2025-12-05
TXN0004065132,APP001,2025-01-08,active,954651.17,GBP,EMEA,CP0317,FX,TDR0044,BOOK_B,2025-10-27
TXN0004675234,APP004,2025-05-27,failed,709215.24,GBP,APAC,CP0207,EQUITY,TDR0001,BOOK_B,2026-03-07
TXN0006557237,APP008,2025-11-25,reversed,375175.18,GBP,APAC,CP0288,BOND,TDR0078,BOOK_A,2025-03-10
TXN0007914772,APP013,2026-01-27,failed,34286.78,AUD,AMER,CP0069,OPTION,TDR0012,BOOK_A,2025-06-05
TXN0006959445,APP001,2025-02-02,failed,632123.7,AUD,APAC,CP0326,BOND,TDR0145,BOOK_D,2025-10-03
TXN0006403768,APP018,2025-01-20,settled,674353.94,USD,APAC,CP0419,EQUITY,TDR0154,BOOK_B,2025-02-19
TXN0004970098,APP017,2025-07-19,active,650377.68,EUR,AMER,CP0443,FUTURE,TDR0157,BOOK_D,2026-04-13
TXN0006031807,APP010,2025-11-01,settled,198592.5,USD,AMER,CP0370,SWAP,TDR0136,BOOK_C,2025-12-14
TXN0007448859,APP004,2026-03-01,active,79102.37,JPY,EMEA,CP0377,EQUITY,TDR0078,BOOK_D,2026-03-10
TXN0002736468,APP005,2025-03-15,settled,146627.85,JPY,AMER,CP0243,FX,TDR0123,BOOK_D,2025-02-04
TXN0004445866,APP004,2025-06-08,failed,622845.72,AUD,LATAM,CP0340,SWAP,TDR0128,BOOK_D,2025-09-28
TXN0006961426,APP005,2025-05-15,active,44422.16,USD,AMER,CP0251,EQUITY,TDR0132,BOOK_B,2025-06-16
TXN0004023840,APP001,2025-02-23,pending,776784.81,CHF,EMEA,CP0315,FX,TDR0197,BOOK_A,2025-02-18
TXN0007773337,APP015,2026-03-02,failed,601976.21,JPY,APAC,CP0456,BOND,TDR0058,BOOK_C,2025-12-21
TXN0000222654,APP006,2026-03-15,failed,559536.21,USD,EMEA,CP0117,EQUITY,TDR0189,BOOK_D,2025-09-29
TXN0007675716,APP006,2026-03-14,settled,277691.15,AUD,APAC,CP0068,EQUITY,TDR0070,BOOK_B,2025-11-13
TXN0007723523,APP013,2025-10-02,active,813870.14,CHF,LATAM,CP0128,BOND,TDR0007,BOOK_D,2025-10-15
TXN0009974727,APP015,2025-12-30,settled,260060.51,EUR,EMEA,CP0382,SWAP,TDR0057,BOOK_A,2025-12-03
TXN0003178940,APP014,2025-12-09,active,19489.38,CHF,EMEA,CP0480,BOND,TDR0129,BOOK_C,2025-11-05
TXN0005786500,APP015,2026-02-22,pending,790835.74,EUR,LATAM,CP0448,EQUITY,TDR0200,BOOK_A,2026-02-11
TXN0006236196,APP017,2026-04-13,failed,871516.23,USD,LATAM,CP0347,FX,TDR0163,BOOK_B,2026-01-24
TXN0002663607,APP001,2025-04-29,pending,49382.72,EUR,EMEA,CP0117,FX,TDR0038,BOOK_B,2025-12-26
TXN0006285732,APP005,2026-03-26,settled,560737.88,AUD,AMER,CP0112,SWAP,TDR0189,BOOK_C,2025-09-14
TXN0008312287,APP008,2026-02-26,active,530105.64,JPY,AMER,CP0448,EQUITY,TDR0060,BOOK_A,2025-04-08
TXN0005193144,APP015,2025-08-15,settled,443756.84,CHF,EMEA,CP0103,FX,TDR0078,BOOK_D,2026-03-11
TXN0004504164,APP020,2025-03-19,failed,803669.99,EUR,APAC,CP0101,BOND,TDR0075,BOOK_A,2025-07-25
TXN0005553027,APP009,2025-08-25,failed,193478.61,GBP,APAC,CP0074,EQUITY,TDR0194,BOOK_D,2025-11-27
TXN0000922929,APP007,2025-05-01,active,344224.33,AUD,EMEA,CP0008,EQUITY,TDR0155,BOOK_B,2025-06-03
TXN0006469784,APP009,2025-12-01,reversed,531152.95,AUD,LATAM,CP0205,EQUITY,TDR0022,BOOK_A,2025-11-12
TXN0002780841,APP006,2025-01-14,active,88660.73,USD,LATAM,CP0441,SWAP,TDR0047,BOOK_C,2025-04-04
TXN0000136037,APP015,2025-03-28,pending,478455.64,JPY,APAC,CP0489,SWAP,TDR0068,BOOK_A,2025-10-04
TXN0009544175,APP018,2025-02-21,active,970596.74,CHF,APAC,CP0420,OPTION,TDR0142,BOOK_A,2025-05-06
TXN0004672247,APP006,2025-06-18,active,622234.76,GBP,EMEA,CP0186,EQUITY,TDR0149,BOOK_C,2026-03-17
TXN0009306688,APP011,2025-12-24,reversed,111762.41,GBP,APAC,CP0411,FX,TDR0009,BOOK_B,2025-02-06
TXN0004072806,APP011,2025-10-26,settled,981579.59,AUD,LATAM,CP0294,SWAP,TDR0089,BOOK_B,2025-10-09
TXN0004418925,APP011,2025-10-25,failed,742019.8,EUR,LATAM,CP0082,EQUITY,TDR0108,BOOK_C,2025-04-05
TXN0000058421,APP005,2025-08-22,pending,106084.16,JPY,LATAM,CP0340,EQUITY,TDR0011,BOOK_D,2025-07-20
TXN0006990837,APP006,2025-10-05,failed,443387.52,CHF,AMER,CP0299,OPTION,TDR0104,BOOK_C,2025-02-18
TXN0000982350,APP013,2026-02-15,active,273118.61,AUD,LATAM,CP0255,FUTURE,TDR0033,BOOK_B,2025-09-06
TXN0008704944,APP014,2025-04-18,active,578392.41,EUR,AMER,CP0246,FUTURE,TDR0167,BOOK_B,2026-03-16
TXN0000403363,APP012,2025-10-22,pending,144016.71,EUR,APAC,CP0133,EQUITY,TDR0098,BOOK_B,2026-02-14
TXN0007058432,APP010,2026-03-06,settled,949931.43,EUR,APAC,CP0448,FUTURE,TDR0191,BOOK_B,2026-01-11
TXN0005695543,APP007,2025-03-07,active,859365.27,AUD,APAC,CP0190,BOND,TDR0181,BOOK_C,2026-04-12
TXN0007584977,APP003,2025-12-01,reversed,597012.09,USD,APAC,CP0103,EQUITY,TDR0180,BOOK_C,2025-07-11
TXN0005781585,APP010,2025-04-10,settled,29349.72,JPY,APAC,CP0244,SWAP,TDR0012,BOOK_C,2026-03-25
TXN0005705431,APP014,2025-02-09,reversed,518173.34,GBP,EMEA,CP0397,FX,TDR0171,BOOK_D,2025-07-25
TXN0001177781,APP006,2025-08-13,failed,416495.8,GBP,APAC,CP0470,EQUITY,TDR0023,BOOK_D,2025-09-03
TXN0005444325,APP016,2025-09-14,settled,703544.73,GBP,APAC,CP0168,OPTION,TDR0033,BOOK_C,2025-10-14
TXN0000775129,APP004,2025-07-18,reversed,842513.47,CHF,AMER,CP0286,FX,TDR0193,BOOK_A,2026-03-24
TXN0009869921,APP020,2025-08-30,settled,88402.58,AUD,LATAM,CP0398,EQUITY,TDR0011,BOOK_A,2026-03-04
TXN0009396101,APP011,2025-05-11,active,496914.92,GBP,LATAM,CP0359,OPTION,TDR0015,BOOK_B,2025-11-28
TXN0006285216,APP020,2025-11-30,settled,457675.44,EUR,EMEA,CP0188,OPTION,TDR0030,BOOK_A,2025-05-03
TXN0005791218,APP018,2025-05-24,reversed,918790.48,GBP,APAC,CP0225,EQUITY,TDR0099,BOOK_A,2025-12-06
TXN0005046514,APP008,2025-05-31,reversed,93143.41,GBP,EMEA,CP0001,SWAP,TDR0012,BOOK_D,2025-04-14
TXN0002407328,APP004,2025-12-12,settled,836013.9,EUR,APAC,CP0268,OPTION,TDR0028,BOOK_D,2025-07-29
TXN0003676824,APP020,2025-01-29,pending,801386.83,GBP,LATAM,CP0033,FX,TDR0013,BOOK_B,2026-03-11
TXN0001904973,APP002,2025-08-06,reversed,854308.48,EUR,LATAM,CP0277,FUTURE,TDR0033,BOOK_A,2025-03-02
TXN0002627193,APP008,2025-08-03,failed,924371.24,GBP,LATAM,CP0277,FUTURE,TDR0079,BOOK_A,2026-01-22
TXN0009157036,APP004,2025-12-13,settled,430937.5,USD,LATAM,CP0353,BOND,TDR0083,BOOK_C,2025-11-07
TXN0006606424,APP011,2025-03-28,reversed,369135.89,USD,EMEA,CP0419,FUTURE,TDR0113,BOOK_C,2025-02-23
TXN0000038432,APP016,2025-10-18,settled,131168.51,USD,APAC,CP0352,SWAP,TDR0118,BOOK_D,2026-01-22
TXN0003373104,APP009,2026-03-07,pending,215095.93,USD,AMER,CP0257,SWAP,TDR0008,BOOK_D,2025-02-07
TXN0002460027,APP015,2025-06-17,pending,968093.95,AUD,AMER,CP0431,EQUITY,TDR0068,BOOK_D,2025-04-06
TXN0000733639,APP019,2026-01-06,settled,927390.34,USD,AMER,CP0037,EQUITY,TDR0154,BOOK_A,2025-02-25
TXN0009202029,APP001,2026-04-13,pending,444363.79,USD,AMER,CP0244,FX,TDR0127,BOOK_B,2025-01-02
TXN0005360778,APP017,2025-06-24,settled,579381.01,CHF,LATAM,CP0304,FUTURE,TDR0089,BOOK_B,2026-03-08
TXN0003798914,APP012,2025-10-20,active,895414.14,GBP,EMEA,CP0298,FUTURE,TDR0007,BOOK_D,2025-03-24
TXN0006693788,APP018,2025-02-16,active,506452.24,USD,APAC,CP0264,SWAP,TDR0131,BOOK_A,2026-03-22
TXN0005736048,APP006,2026-01-14,active,532271.1,CHF,EMEA,CP0059,SWAP,TDR0090,BOOK_C,2026-01-10
TXN0001051927,APP013,2026-01-11,settled,206290.02,AUD,AMER,CP0439,FUTURE,TDR0098,BOOK_B,2025-02-14
TXN0006077575,APP013,2025-01-24,pending,914747.41,JPY,LATAM,CP0065,BOND,TDR0008,BOOK_B,2026-04-09
TXN0007348847,APP009,2026-03-31,pending,290157.55,CHF,EMEA,CP0064,SWAP,TDR0165,BOOK_C,2026-03-01
TXN0006806780,APP008,2025-10-21,settled,926865.95,JPY,APAC,CP0212,EQUITY,TDR0191,BOOK_A,2025-06-30
TXN0001981856,APP006,2026-03-25,settled,17564.62,AUD,EMEA,CP0157,FX,TDR0104,BOOK_B,2025-05-31
TXN0009228963,APP002,2025-11-03,settled,399200.98,CHF,APAC,CP0416,FUTURE,TDR0065,BOOK_A,2025-03-24
TXN0003943561,APP001,2025-02-23,pending,483781.06,CHF,AMER,CP0499,OPTION,TDR0089,BOOK_A,2025-10-22
TXN0008712625,APP012,2025-03-06,pending,280318.1,JPY,APAC,CP0461,BOND,TDR0155,BOOK_C,2025-04-06
TXN0006666258,APP003,2025-07-22,failed,622985.27,GBP,EMEA,CP0329,SWAP,TDR0003,BOOK_B,2025-04-07
TXN0003897326,APP010,2025-02-26,reversed,478471.5,GBP,AMER,CP0231,EQUITY,TDR0189,BOOK_A,2025-11-07
TXN0001288936,APP011,2025-10-31,settled,416116.76,EUR,APAC,CP0196,OPTION,TDR0140,BOOK_B,2025-01-31
TXN0000210966,APP009,2025-02-26,settled,474624.67,AUD,AMER,CP0144,BOND,TDR0130,BOOK_B,2025-10-12
TXN0008841589,APP005,2026-03-09,active,381687.71,JPY,APAC,CP0286,BOND,TDR0112,BOOK_C,2025-05-18
TXN0007256862,APP020,2025-01-24,pending,413890.95,CHF,EMEA,CP0019,FUTURE,TDR0080,BOOK_D,2025-04-04
TXN0003061512,APP020,2026-04-08,settled,621896.34,JPY,APAC,CP0189,BOND,TDR0142,BOOK_A,2025-03-03
TXN0007023114,APP003,2025-03-07,reversed,870060.08,JPY,AMER,CP0040,OPTION,TDR0032,BOOK_D,2026-04-06
TXN0007325946,APP015,2025-03-31,settled,278794.33,JPY,LATAM,CP0028,EQUITY,TDR0115,BOOK_C,2026-01-17
TXN0002557953,APP003,2025-04-17,failed,713593.13,AUD,AMER,CP0114,OPTION,TDR0197,BOOK_C,2025-07-15
TXN0002257518,APP017,2025-08-18,failed,344134.8,USD,EMEA,CP0117,FUTURE,TDR0095,BOOK_D,2025-04-11
TXN0005343329,APP015,2026-02-16,settled,17869.74,CHF,AMER,CP0179,OPTION,TDR0136,BOOK_A,2025-05-26
TXN0000967171,APP013,2025-06-16,pending,239804.25,EUR,AMER,CP0043,FX,TDR0080,BOOK_C,2025-10-06
TXN0002588321,APP020,2025-12-09,settled,76643.99,JPY,EMEA,CP0292,OPTION,TDR0073,BOOK_C,2025-12-14
TXN0002340603,APP002,2026-02-04,failed,966177.03,JPY,EMEA,CP0074,SWAP,TDR0080,BOOK_C,2025-05-12
TXN0006569196,APP017,2026-04-06,reversed,736547.8,EUR,EMEA,CP0178,EQUITY,TDR0022,BOOK_D,2025-09-24
TXN0000844269,APP018,2025-03-12,reversed,871126.4,AUD,APAC,CP0484,OPTION,TDR0133,BOOK_D,2026-01-21
TXN0004595753,APP011,2025-07-30,failed,258325.18,USD,APAC,CP0494,EQUITY,TDR0139,BOOK_A,2025-09-26
TXN0000076230,APP020,2025-11-20,settled,610740.26,AUD,EMEA,CP0327,FUTURE,TDR0127,BOOK_B,2025-09-20
TXN0002887654,APP002,2025-12-25,failed,135970.02,JPY,LATAM,CP0130,BOND,TDR0106,BOOK_B,2026-03-01
TXN0006132225,APP009,2025-08-06,settled,586175.8,AUD,LATAM,CP0152,FX,TDR0084,BOOK_D,2025-09-23
TXN0006458678,APP019,2025-10-21,active,64383.08,AUD,APAC,CP0405,EQUITY,TDR0171,BOOK_B,2025-04-27
TXN0009699072,APP019,2025-03-25,failed,74664.57,JPY,LATAM,CP0312,OPTION,TDR0140,BOOK_C,2025-01-15
TXN0008282108,APP003,2025-12-20,settled,719401.24,GBP,AMER,CP0090,FUTURE,TDR0072,BOOK_A,2025-06-21
TXN0004011596,APP012,2025-06-02,active,604417.12,AUD,APAC,CP0399,EQUITY,TDR0060,BOOK_D,2026-04-14
TXN0004023278,APP017,2026-03-09,settled,504969.05,USD,LATAM,CP0450,FX,TDR0130,BOOK_A,2025-08-23
TXN0000267334,APP015,2025-11-24,reversed,268593.96,USD,APAC,CP0093,SWAP,TDR0145,BOOK_C,2026-01-30
TXN0000119222,APP019,2025-07-17,settled,241167.29,EUR,EMEA,CP0455,FUTURE,TDR0064,BOOK_A,2025-04-03
TXN0009506494,APP006,2025-06-28,reversed,258370.66,CHF,APAC,CP0259,BOND,TDR0011,BOOK_A,2025-06-24
TXN0001867482,APP007,2025-01-08,active,727192.64,EUR,EMEA,CP0295,FX,TDR0052,BOOK_C,2025-12-19
TXN0000657579,APP002,2025-07-31,active,39980.87,CHF,LATAM,CP0404,SWAP,TDR0114,BOOK_A,2025-06-18
TXN0004360185,APP005,2025-07-13,pending,699689.74,JPY,EMEA,CP0238,SWAP,TDR0005,BOOK_B,2025-10-08
TXN0002933817,APP001,2025-05-16,pending,25824.02,EUR,AMER,CP0199,FUTURE,TDR0025,BOOK_D,2025-09-16
TXN0008781177,APP010,2026-02-02,active,488664.98,CHF,EMEA,CP0381,OPTION,TDR0088,BOOK_D,2025-05-18
TXN0003634394,APP004,2025-11-10,pending,537558.79,USD,EMEA,CP0271,BOND,TDR0120,BOOK_A,2025-01-29
TXN0001374148,APP002,2025-11-02,reversed,697270.96,JPY,EMEA,CP0375,EQUITY,TDR0084,BOOK_C,2025-09-21
TXN0005983420,APP018,2026-03-04,active,886278.19,USD,LATAM,CP0481,FX,TDR0093,BOOK_D,2026-03-28
TXN0006577608,APP017,2025-11-19,settled,491920.85,USD,LATAM,CP0161,EQUITY,TDR0167,BOOK_D,2025-05-03
TXN0005691972,APP008,2025-03-11,active,541020.12,USD,AMER,CP0073,FX,TDR0015,BOOK_D,2026-03-15
TXN0004675660,APP004,2025-10-10,pending,791437.98,GBP,APAC,CP0247,BOND,TDR0074,BOOK_D,2026-02-20
TXN0000289457,APP016,2025-01-03,pending,342495.63,CHF,APAC,CP0127,SWAP,TDR0120,BOOK_C,2025-12-05
TXN0007050592,APP017,2026-03-01,reversed,945225.57,JPY,EMEA,CP0458,FX,TDR0068,BOOK_B,2025-03-20
TXN0004936857,APP008,2025-06-18,reversed,731479.14,AUD,EMEA,CP0077,FUTURE,TDR0147,BOOK_A,2026-02-13
TXN0003217578,APP009,2025-03-15,failed,359845.85,JPY,EMEA,CP0010,BOND,TDR0015,BOOK_D,2025-05-16
TXN0007849537,APP010,2025-11-26,pending,52005.46,EUR,AMER,CP0272,FUTURE,TDR0010,BOOK_B,2025-01-24
TXN0006515136,APP013,2025-12-17,pending,264145.4,CHF,EMEA,CP0253,SWAP,TDR0170,BOOK_B,2025-10-14
TXN0002864644,APP010,2025-03-14,pending,683797.89,GBP,AMER,CP0394,EQUITY,TDR0024,BOOK_B,2025-11-26
TXN0006996671,APP017,2025-05-13,pending,976781.16,USD,EMEA,CP0445,OPTION,TDR0138,BOOK_C,2025-04-15
TXN0009975570,APP020,2025-07-05,reversed,862780.55,EUR,AMER,CP0103,SWAP,TDR0129,BOOK_D,2026-02-23
TXN0008083431,APP016,2025-09-12,failed,13532.34,CHF,LATAM,CP0449,SWAP,TDR0085,BOOK_C,2025-05-10
TXN0001449868,APP008,2026-02-02,active,749515.54,USD,APAC,CP0248,SWAP,TDR0190,BOOK_D,2025-06-17
TXN0009954690,APP020,2025-11-24,pending,154297.92,JPY,EMEA,CP0227,OPTION,TDR0077,BOOK_B,2025-07-18
TXN0003255664,APP006,2025-11-11,reversed,59255.34,GBP,LATAM,CP0305,FUTURE,TDR0059,BOOK_B,2025-06-08
TXN0005548828,APP002,2025-12-06,reversed,556541.6,AUD,EMEA,CP0053,EQUITY,TDR0197,BOOK_D,2025-10-17
TXN0004882305,APP003,2025-03-25,pending,951405.92,CHF,AMER,CP0229,EQUITY,TDR0028,BOOK_C,2025-03-21
TXN0001177570,APP018,2025-10-13,reversed,904756.26,JPY,EMEA,CP0065,SWAP,TDR0051,BOOK_B,2026-01-21
TXN0008817179,APP014,2026-01-15,reversed,508683.74,AUD,APAC,CP0044,BOND,TDR0135,BOOK_C,2026-02-27
TXN0006719016,APP012,2025-04-08,pending,315465.62,AUD,APAC,CP0296,EQUITY,TDR0010,BOOK_C,2026-01-11
TXN0001511971,APP001,2025-10-19,pending,789335.11,USD,EMEA,CP0080,SWAP,TDR0130,BOOK_B,2026-04-06
TXN0002448646,APP007,2025-01-24,settled,454279.65,USD,LATAM,CP0252,SWAP,TDR0155,BOOK_C,2025-07-04
TXN0000989075,APP006,2026-03-20,active,363598.06,AUD,EMEA,CP0223,FUTURE,TDR0010,BOOK_D,2026-04-01
TXN0001474006,APP019,2025-10-06,pending,40562.68,AUD,LATAM,CP0086,EQUITY,TDR0015,BOOK_D,2025-02-17
TXN0006074976,APP010,2025-05-19,pending,989843.12,USD,AMER,CP0448,OPTION,TDR0009,BOOK_B,2025-05-29
TXN0008278216,APP011,2025-04-10,settled,570990.35,AUD,LATAM,CP0283,SWAP,TDR0106,BOOK_A,2025-04-30
TXN0005226834,APP003,2025-03-17,reversed,157540.62,AUD,APAC,CP0020,BOND,TDR0122,BOOK_D,2025-11-14
TXN0002268580,APP016,2025-05-16,reversed,89705.25,GBP,APAC,CP0048,OPTION,TDR0181,BOOK_D,2025-11-20
TXN0004062826,APP012,2025-06-11,failed,255711.39,EUR,EMEA,CP0139,FUTURE,TDR0119,BOOK_A,2025-03-05
TXN0002841690,APP018,2025-12-12,failed,273367.7,EUR,AMER,CP0244,FX,TDR0142,BOOK_A,2025-11-26
TXN0008122650,APP014,2025-05-01,active,373197.48,JPY,AMER,CP0426,FX,TDR0048,BOOK_B,2025-04-19
TXN0007805706,APP018,2025-04-05,pending,184265.74,AUD,LATAM,CP0175,FUTURE,TDR0108,BOOK_B,2026-03-02
TXN0007048700,APP013,2026-03-18,reversed,354697.34,GBP,APAC,CP0166,BOND,TDR0169,BOOK_D,2025-12-27
TXN0004060240,APP008,2026-03-31,pending,343582.91,USD,APAC,CP0037,FUTURE,TDR0182,BOOK_C,2025-10-12
TXN0000464843,APP006,2026-01-06,pending,381406.56,AUD,APAC,CP0474,EQUITY,TDR0164,BOOK_C,2025-04-20
TXN0009506100,APP020,2025-05-30,active,387849.58,AUD,APAC,CP0187,OPTION,TDR0062,BOOK_C,2025-09-21
TXN0001800903,APP005,2026-01-05,pending,407810.35,AUD,APAC,CP0296,BOND,TDR0013,BOOK_C,2025-08-07
TXN0007060466,APP020,2025-11-13,active,147129.39,CHF,AMER,CP0307,BOND,TDR0200,BOOK_B,2026-03-26
TXN0006561213,APP003,2025-05-05,settled,542198.36,AUD,APAC,CP0146,FX,TDR0084,BOOK_D,2026-01-03
TXN0006923887,APP020,2026-01-25,active,747838.04,CHF,EMEA,CP0399,FX,TDR0013,BOOK_B,2025-09-21
TXN0001487684,APP007,2026-02-08,failed,887426.89,GBP,AMER,CP0425,OPTION,TDR0016,BOOK_D,2025-03-14
TXN0000895162,APP001,2026-04-01,active,412114.13,USD,EMEA,CP0113,FUTURE,TDR0193,BOOK_B,2025-09-07
TXN0000763435,APP020,2026-01-06,pending,742420.56,JPY,EMEA,CP0248,OPTION,TDR0062,BOOK_C,2025-04-19
TXN0001187624,APP015,2025-05-16,failed,883234.4,USD,AMER,CP0160,FUTURE,TDR0181,BOOK_B,2025-12-29
TXN0004179202,APP019,2025-02-15,pending,538067.32,EUR,EMEA,CP0367,FX,TDR0035,BOOK_C,2025-06-20
TXN0009827353,APP001,2025-08-10,active,322124.7,USD,AMER,CP0003,BOND,TDR0128,BOOK_B,2025-04-12
TXN0002332379,APP009,2026-03-29,reversed,232701.7,AUD,EMEA,CP0013,EQUITY,TDR0092,BOOK_A,2025-08-02
TXN0006363062,APP007,2025-07-16,pending,532109.52,AUD,EMEA,CP0079,FUTURE,TDR0021,BOOK_B,2025-09-30
TXN0008965681,APP016,2025-12-18,settled,164477.46,USD,LATAM,CP0011,OPTION,TDR0116,BOOK_B,2025-04-24
TXN0001408226,APP019,2025-08-24,settled,129030.49,CHF,LATAM,CP0038,OPTION,TDR0103,BOOK_A,2025-02-25
TXN0003245103,APP003,2026-02-14,pending,95919.21,EUR,APAC,CP0432,EQUITY,TDR0093,BOOK_C,2025-04-13
TXN0008770518,APP008,2025-05-07,reversed,752832.09,JPY,APAC,CP0299,EQUITY,TDR0015,BOOK_C,2025-04-21
TXN0002232906,APP012,2025-10-30,active,306058.81,EUR,APAC,CP0256,FUTURE,TDR0089,BOOK_C,2025-03-25
TXN0000642455,APP001,2025-04-10,active,552334.04,GBP,LATAM,CP0284,OPTION,TDR0130,BOOK_A,2025-10-29
TXN0001264384,APP008,2025-10-12,reversed,588241.31,CHF,APAC,CP0254,FUTURE,TDR0125,BOOK_C,2026-03-17
TXN0006824484,APP006,2025-11-29,active,718758.96,EUR,APAC,CP0230,EQUITY,TDR0195,BOOK_D,2026-03-31
TXN0002738771,APP019,2025-01-12,reversed,700385.63,CHF,AMER,CP0315,EQUITY,TDR0158,BOOK_A,2025-08-23
TXN0000000233,APP008,2026-04-10,settled,586150.7,AUD,EMEA,CP0462,OPTION,TDR0092,BOOK_A,2025-11-01
TXN0005284739,APP003,2025-03-24,reversed,843020.71,AUD,APAC,CP0054,EQUITY,TDR0147,BOOK_D,2026-03-31
TXN0000850060,APP011,2025-04-05,reversed,835678.26,GBP,AMER,CP0181,SWAP,TDR0093,BOOK_A,2025-09-18
TXN0006806669,APP012,2025-07-22,failed,788657.04,CHF,APAC,CP0079,FUTURE,TDR0061,BOOK_A,2025-03-19
TXN0006394629,APP015,2025-09-01,settled,964830.78,JPY,AMER,CP0353,FUTURE,TDR0030,BOOK_A,2025-11-17
TXN0008727012,APP002,2025-11-07,pending,311298.0,CHF,LATAM,CP0094,FUTURE,TDR0095,BOOK_C,2026-03-06
TXN0000696121,APP013,2025-12-17,settled,320557.6,USD,EMEA,CP0215,SWAP,TDR0017,BOOK_C,2025-07-13
TXN0001476166,APP013,2025-04-06,reversed,725691.53,JPY,LATAM,CP0060,EQUITY,TDR0184,BOOK_C,2025-07-12
TXN0001013821,APP018,2025-11-07,settled,414172.98,EUR,LATAM,CP0310,EQUITY,TDR0050,BOOK_D,2025-05-03
TXN0000891274,APP001,2025-03-26,settled,344348.63,JPY,AMER,CP0230,BOND,TDR0117,BOOK_B,2025-11-07
TXN0002469715,APP001,2025-08-09,active,367497.3,USD,LATAM,CP0258,SWAP,TDR0032,BOOK_D,2025-04-07
TXN0009729615,APP001,2025-04-07,settled,756817.11,CHF,EMEA,CP0106,FUTURE,TDR0068,BOOK_C,2026-01-23
TXN0007202520,APP004,2025-11-23,settled,591297.6,EUR,EMEA,CP0372,OPTION,TDR0021,BOOK_A,2025-10-24
TXN0007388211,APP002,2026-04-11,active,885070.8,EUR,LATAM,CP0315,FUTURE,TDR0045,BOOK_C,2025-03-12
TXN0004437775,APP005,2026-03-31,reversed,401946.85,GBP,LATAM,CP0145,BOND,TDR0021,BOOK_C,2025-10-02
TXN0007837898,APP013,2025-09-16,pending,125718.74,AUD,LATAM,CP0319,BOND,TDR0059,BOOK_A,2026-02-28
TXN0005768917,APP012,2025-04-24,active,930513.09,GBP,APAC,CP0085,EQUITY,TDR0117,BOOK_D,2025-12-18
TXN0008082895,APP015,2026-02-11,active,513371.12,AUD,EMEA,CP0042,OPTION,TDR0188,BOOK_A,2025-07-22
TXN0007027580,APP013,2025-11-12,reversed,159079.61,JPY,LATAM,CP0392,OPTION,TDR0008,BOOK_B,2025-04-15
TXN0009401983,APP017,2026-01-16,settled,381064.6,CHF,APAC,CP0005,FX,TDR0108,BOOK_C,2025-09-10
TXN0001535420,APP001,2025-11-21,reversed,450234.47,AUD,LATAM,CP0369,SWAP,TDR0106,BOOK_D,2025-07-24
TXN0005153967,APP007,2025-06-02,active,748949.73,EUR,APAC,CP0490,SWAP,TDR0013,BOOK_C,2026-02-16
TXN0006784666,APP013,2025-06-01,pending,722760.17,EUR,AMER,CP0104,OPTION,TDR0098,BOOK_A,2025-08-04
TXN0004723157,APP014,2025-12-28,active,771304.92,JPY,LATAM,CP0301,OPTION,TDR0128,BOOK_D,2026-01-08
TXN0004682251,APP013,2025-08-09,settled,420783.36,AUD,APAC,CP0479,BOND,TDR0179,BOOK_B,2025-06-03
TXN0007902284,APP014,2026-03-18,settled,808004.08,USD,LATAM,CP0008,BOND,TDR0191,BOOK_D,2025-07-17
TXN0009478637,APP020,2025-02-04,active,333766.7,GBP,EMEA,CP0100,BOND,TDR0131,BOOK_B,2025-03-23
TXN0003660953,APP006,2025-01-23,pending,543963.04,AUD,APAC,CP0113,OPTION,TDR0028,BOOK_B,2025-12-01
TXN0006979486,APP018,2025-03-16,failed,118358.31,USD,APAC,CP0238,OPTION,TDR0034,BOOK_B,2025-11-07
TXN0001590464,APP003,2025-10-22,failed,974274.1,GBP,AMER,CP0333,SWAP,TDR0174,BOOK_D,2025-10-21
TXN0008885934,APP011,2025-09-02,pending,557472.98,USD,EMEA,CP0202,BOND,TDR0152,BOOK_C,2025-05-21
TXN0006065272,APP011,2025-01-29,settled,785367.19,GBP,EMEA,CP0196,SWAP,TDR0199,BOOK_C,2025-02-16
TXN0009577436,APP016,2025-12-05,reversed,545644.6,JPY,EMEA,CP0454,SWAP,TDR0134,BOOK_C,2025-06-02
TXN0002430339,APP017,2025-10-23,reversed,378414.27,CHF,LATAM,CP0273,EQUITY,TDR0075,BOOK_A,2025-06-23
TXN0006617499,APP006,2025-03-04,failed,658420.44,AUD,APAC,CP0356,FX,TDR0051,BOOK_D,2025-02-03
TXN0000720350,APP004,2025-10-13,pending,338669.17,USD,EMEA,CP0063,FX,TDR0148,BOOK_B,2025-04-28
TXN0009783097,APP018,2025-04-28,pending,335019.59,AUD,EMEA,CP0010,BOND,TDR0078,BOOK_A,2025-08-12
TXN0004506587,APP012,2026-02-04,reversed,976456.25,JPY,AMER,CP0434,BOND,TDR0183,BOOK_D,2026-03-04
TXN0003128754,APP011,2025-07-30,reversed,82847.81,CHF,LATAM,CP0148,BOND,TDR0034,BOOK_D,2026-01-18
TXN0005472373,APP010,2025-12-27,settled,729449.24,CHF,AMER,CP0076,SWAP,TDR0040,BOOK_A,2025-02-23
TXN0006479626,APP011,2026-02-14,settled,21240.59,CHF,EMEA,CP0035,BOND,TDR0017,BOOK_B,2025-02-14
TXN0002574234,APP014,2025-05-07,settled,16255.29,CHF,APAC,CP0025,SWAP,TDR0130,BOOK_B,2025-12-18
TXN0002137765,APP017,2025-01-01,active,729084.12,AUD,EMEA,CP0201,SWAP,TDR0124,BOOK_D,2026-01-14
TXN0003234897,APP008,2025-08-03,failed,422537.07,AUD,AMER,CP0267,BOND,TDR0127,BOOK_C,2026-02-15
TXN0001887114,APP012,2026-02-13,settled,10141.89,GBP,LATAM,CP0149,FUTURE,TDR0049,BOOK_C,2025-10-23
TXN0000817567,APP014,2025-10-06,settled,89397.38,USD,APAC,CP0500,SWAP,TDR0036,BOOK_A,2025-03-04
TXN0001213337,APP003,2025-07-07,reversed,441027.33,CHF,EMEA,CP0236,FX,TDR0040,BOOK_C,2025-03-08
TXN0001703877,APP019,2025-10-22,settled,696791.7,JPY,APAC,CP0257,SWAP,TDR0193,BOOK_B,2025-03-18
TXN0000331041,APP003,2025-03-25,failed,166476.66,EUR,LATAM,CP0253,FUTURE,TDR0008,BOOK_B,2025-02-12
TXN0006492912,APP006,2025-02-07,reversed,426971.61,USD,EMEA,CP0162,SWAP,TDR0044,BOOK_B,2025-04-17
TXN0005839714,APP020,2026-01-05,active,902175.45,CHF,APAC,CP0029,BOND,TDR0038,BOOK_D,2025-10-25
TXN0006158226,APP017,2026-01-25,reversed,130993.53,USD,APAC,CP0437,EQUITY,TDR0119,BOOK_A,2025-05-01
TXN0000897889,APP009,2025-07-05,active,390425.86,GBP,LATAM,CP0341,FUTURE,TDR0131,BOOK_C,2025-08-30
TXN0000235348,APP019,2025-03-14,failed,375321.87,JPY,APAC,CP0420,FUTURE,TDR0186,BOOK_D,2025-10-18
TXN0000745140,APP014,2025-11-25,reversed,805649.26,USD,APAC,CP0238,EQUITY,TDR0163,BOOK_D,2025-12-26
TXN0005400719,APP016,2025-11-18,reversed,198128.81,CHF,LATAM,CP0265,FUTURE,TDR0079,BOOK_A,2026-02-20
TXN0009944507,APP014,2025-05-03,failed,622532.81,AUD,AMER,CP0057,FX,TDR0031,BOOK_B,2026-03-27
TXN0006963302,APP009,2025-11-17,settled,443051.79,CHF,EMEA,CP0095,FX,TDR0090,BOOK_D,2025-03-26
TXN0008090857,APP003,2025-01-08,pending,867510.53,EUR,AMER,CP0097,EQUITY,TDR0198,BOOK_C,2025-03-06
TXN0007652695,APP010,2025-10-09,active,145368.69,AUD,AMER,CP0266,SWAP,TDR0012,BOOK_A,2025-11-28
TXN0005316362,APP005,2025-04-13,pending,278377.8,CHF,LATAM,CP0136,EQUITY,TDR0084,BOOK_A,2025-03-20
TXN0004911420,APP017,2025-11-09,reversed,893870.72,EUR,APAC,CP0439,EQUITY,TDR0080,BOOK_D,2025-01-08
TXN0000328394,APP020,2026-02-28,settled,324543.18,CHF,AMER,CP0356,OPTION,TDR0145,BOOK_D,2025-09-14
TXN0003167345,APP020,2025-10-16,failed,608859.84,JPY,EMEA,CP0467,FX,TDR0179,BOOK_C,2025-04-13
TXN0001280551,APP018,2026-02-15,reversed,934847.95,JPY,AMER,CP0142,SWAP,TDR0006,BOOK_C,2025-05-05
TXN0007648244,APP010,2026-03-03,failed,634510.28,USD,AMER,CP0090,FUTURE,TDR0147,BOOK_C,2025-09-15
TXN0007195808,APP004,2026-02-22,reversed,201247.39,USD,EMEA,CP0239,FUTURE,TDR0113,BOOK_C,2026-01-16
TXN0006632269,APP015,2025-05-23,failed,220196.13,USD,AMER,CP0382,BOND,TDR0159,BOOK_C,2025-09-12
TXN0006447143,APP014,2026-01-14,reversed,846843.47,EUR,APAC,CP0345,FX,TDR0063,BOOK_C,2025-08-25
TXN0001081193,APP011,2025-02-13,settled,348543.16,GBP,LATAM,CP0373,BOND,TDR0115,BOOK_B,2025-10-21
TXN0008412526,APP016,2025-08-15,settled,404175.03,AUD,AMER,CP0190,BOND,TDR0199,BOOK_A,2025-08-06
TXN0006103413,APP006,2025-06-19,failed,81917.18,USD,APAC,CP0330,SWAP,TDR0099,BOOK_D,2025-01-14
TXN0003777042,APP013,2025-06-12,pending,921213.68,AUD,APAC,CP0104,EQUITY,TDR0160,BOOK_C,2025-07-30
TXN0008618797,APP005,2026-03-20,reversed,346072.7,GBP,APAC,CP0431,BOND,TDR0096,BOOK_A,2025-02-25
TXN0001036750,APP002,2025-04-06,failed,648995.17,AUD,APAC,CP0436,FUTURE,TDR0043,BOOK_A,2025-02-18
TXN0000247724,APP008,2025-04-22,settled,174799.52,USD,AMER,CP0454,EQUITY,TDR0110,BOOK_C,2025-07-26
TXN0005622630,APP011,2025-11-11,failed,500791.33,USD,LATAM,CP0184,SWAP,TDR0053,BOOK_C,2025-11-10
TXN0007499118,APP005,2025-11-07,pending,418875.99,EUR,AMER,CP0085,FUTURE,TDR0083,BOOK_A,2025-10-14
TXN0002150321,APP001,2025-03-12,active,12686.82,USD,AMER,CP0154,SWAP,TDR0149,BOOK_B,2025-09-06
TXN0000146693,APP013,2025-07-23,reversed,209670.92,GBP,AMER,CP0289,OPTION,TDR0072,BOOK_A,2025-07-09
TXN0006643344,APP005,2026-03-29,pending,543640.9,CHF,AMER,CP0492,OPTION,TDR0087,BOOK_A,2025-04-30
TXN0004197015,APP015,2025-01-15,failed,937328.79,AUD,EMEA,CP0428,OPTION,TDR0166,BOOK_C,2025-12-27
TXN0000273075,APP008,2026-03-11,failed,27796.85,USD,AMER,CP0404,BOND,TDR0144,BOOK_D,2025-07-13
TXN0004027711,APP002,2026-03-25,active,246094.52,USD,LATAM,CP0463,BOND,TDR0007,BOOK_B,2026-04-02
TXN0002156411,APP019,2025-10-29,active,506395.7,EUR,LATAM,CP0141,FX,TDR0021,BOOK_A,2025-08-21
TXN0006557524,APP016,2026-03-20,active,913541.32,GBP,APAC,CP0467,FX,TDR0020,BOOK_C,2025-08-26
TXN0008919419,APP014,2026-03-06,pending,662493.56,JPY,APAC,CP0464,FX,TDR0014,BOOK_B,2025-02-06
TXN0002702536,APP003,2025-11-28,failed,563919.62,GBP,EMEA,CP0371,FX,TDR0031,BOOK_C,2025-05-06
TXN0003608610,APP012,2025-06-22,pending,923191.27,CHF,AMER,CP0188,FUTURE,TDR0154,BOOK_B,2025-08-26
TXN0006554730,APP009,2025-07-31,pending,688069.4,EUR,EMEA,CP0281,BOND,TDR0168,BOOK_C,2025-10-01
TXN0006299638,APP016,2026-01-10,failed,343567.61,CHF,LATAM,CP0286,EQUITY,TDR0125,BOOK_A,2025-03-09
TXN0005152938,APP012,2025-11-19,pending,373108.42,USD,AMER,CP0403,SWAP,TDR0164,BOOK_B,2025-01-16
TXN0001602006,APP001,2025-02-14,pending,114945.19,GBP,AMER,CP0369,FUTURE,TDR0107,BOOK_A,2025-01-26
TXN0007600194,APP002,2025-05-30,reversed,720661.61,GBP,EMEA,CP0104,SWAP,TDR0148,BOOK_A,2025-05-11
TXN0006499907,APP020,2025-07-16,pending,643492.72,USD,APAC,CP0428,FX,TDR0129,BOOK_A,2025-04-12
TXN0000247840,APP020,2025-03-21,reversed,709917.16,GBP,LATAM,CP0348,BOND,TDR0158,BOOK_B,2025-05-13
TXN0002078849,APP017,2025-03-02,failed,595919.82,CHF,AMER,CP0351,BOND,TDR0131,BOOK_A,2025-08-19
TXN0003445787,APP006,2025-08-02,settled,191527.46,EUR,EMEA,CP0167,SWAP,TDR0164,BOOK_A,2025-05-14
TXN0005174936,APP010,2025-03-20,pending,450643.64,USD,LATAM,CP0018,OPTION,TDR0100,BOOK_D,2025-02-25
TXN0000352841,APP017,2025-04-04,pending,276136.86,EUR,LATAM,CP0359,EQUITY,TDR0066,BOOK_A,2025-01-21
TXN0003047317,APP019,2025-03-12,failed,252494.55,GBP,AMER,CP0023,FX,TDR0155,BOOK_B,2025-06-10
TXN0005025678,APP008,2025-04-08,pending,279316.51,JPY,EMEA,CP0101,FX,TDR0133,BOOK_C,2025-07-06
TXN0006596797,APP014,2025-02-18,reversed,442759.07,CHF,EMEA,CP0134,BOND,TDR0033,BOOK_C,2025-08-10
TXN0001666480,APP006,2025-09-09,active,123182.83,EUR,LATAM,CP0387,BOND,TDR0199,BOOK_C,2025-02-04
TXN0002268677,APP020,2025-11-28,reversed,570716.41,AUD,AMER,CP0449,EQUITY,TDR0120,BOOK_D,2025-09-16
TXN0002838173,APP010,2025-01-22,active,167814.01,AUD,LATAM,CP0277,FX,TDR0053,BOOK_B,2025-07-16
TXN0004690801,APP011,2026-01-25,active,517293.25,AUD,APAC,CP0054,FX,TDR0078,BOOK_A,2026-03-12
TXN0009147245,APP020,2025-06-28,pending,410044.29,EUR,AMER,CP0318,SWAP,TDR0033,BOOK_C,2025-10-19
TXN0000558789,APP014,2025-12-24,active,316747.58,AUD,EMEA,CP0282,FUTURE,TDR0187,BOOK_B,2025-01-07
TXN0004952331,APP011,2026-01-02,reversed,425059.16,EUR,APAC,CP0224,OPTION,TDR0139,BOOK_B,2026-02-15
TXN0004229012,APP011,2025-08-19,active,779884.64,AUD,APAC,CP0041,BOND,TDR0112,BOOK_B,2026-02-15
TXN0007825753,APP012,2025-04-08,active,930188.75,GBP,APAC,CP0212,FX,TDR0169,BOOK_C,2025-10-29
TXN0008466324,APP001,2025-07-26,active,568334.26,CHF,APAC,CP0254,OPTION,TDR0158,BOOK_D,2025-05-31
TXN0000039342,APP008,2025-03-05,settled,807275.77,JPY,LATAM,CP0046,SWAP,TDR0124,BOOK_A,2025-11-21
TXN0000313391,APP009,2025-08-21,settled,892191.83,USD,LATAM,CP0127,FX,TDR0020,BOOK_D,2026-03-09
TXN0007996602,APP002,2025-07-19,failed,323374.42,GBP,EMEA,CP0201,FUTURE,TDR0078,BOOK_B,2025-12-09
TXN0008653742,APP002,2026-01-14,settled,221620.94,JPY,EMEA,CP0422,EQUITY,TDR0010,BOOK_A,2025-10-17
TXN0007554420,APP011,2025-01-15,active,911552.75,CHF,EMEA,CP0073,BOND,TDR0015,BOOK_D,2025-09-29
TXN0001700415,APP019,2025-10-06,reversed,508876.35,CHF,AMER,CP0244,SWAP,TDR0057,BOOK_B,2025-01-26
TXN0001913517,APP009,2025-09-01,reversed,622422.92,GBP,APAC,CP0212,SWAP,TDR0130,BOOK_B,2025-07-19
TXN0009223824,APP013,2025-12-04,failed,681671.61,EUR,APAC,CP0160,FUTURE,TDR0131,BOOK_A,2025-06-10
TXN0003269242,APP017,2025-03-17,pending,991268.02,JPY,EMEA,CP0106,OPTION,TDR0067,BOOK_C,2025-10-19
TXN0007516047,APP013,2025-06-08,failed,785977.98,AUD,APAC,CP0065,BOND,TDR0069,BOOK_B,2025-07-07
TXN0002603549,APP017,2025-05-21,active,736439.47,AUD,EMEA,CP0314,SWAP,TDR0164,BOOK_B,2025-09-21
TXN0000366828,APP005,2026-02-06,reversed,529728.65,JPY,LATAM,CP0146,OPTION,TDR0014,BOOK_D,2026-02-12
TXN0008394487,APP016,2025-06-15,failed,975578.29,EUR,AMER,CP0309,BOND,TDR0106,BOOK_D,2025-07-29
TXN0000224610,APP010,2025-01-30,failed,17544.23,USD,APAC,CP0203,BOND,TDR0087,BOOK_A,2026-01-03
TXN0009908090,APP006,2025-09-07,settled,361881.62,USD,AMER,CP0110,FX,TDR0006,BOOK_B,2025-10-05
TXN0004561907,APP005,2025-07-19,failed,436118.48,JPY,AMER,CP0295,FUTURE,TDR0070,BOOK_A,2025-04-09
TXN0003583631,APP009,2025-08-03,pending,137136.51,JPY,EMEA,CP0333,FX,TDR0169,BOOK_B,2026-03-12
TXN0001137676,APP014,2025-07-17,active,572934.46,CHF,LATAM,CP0138,SWAP,TDR0056,BOOK_C,2026-02-19
TXN0005117237,APP008,2025-05-16,reversed,551395.6,USD,AMER,CP0035,OPTION,TDR0001,BOOK_A,2025-03-14
TXN0003644977,APP016,2025-12-31,settled,815807.11,EUR,EMEA,CP0472,FX,TDR0163,BOOK_A,2025-04-13
TXN0007586138,APP016,2026-01-25,active,339834.19,EUR,LATAM,CP0023,BOND,TDR0056,BOOK_B,2025-09-03
TXN0009043446,APP006,2025-05-02,failed,379109.54,GBP,AMER,CP0393,FX,TDR0112,BOOK_D,2026-02-10
TXN0007638282,APP012,2025-10-25,pending,777638.46,GBP,APAC,CP0284,SWAP,TDR0187,BOOK_D,2026-04-03
TXN0003643420,APP003,2025-09-27,settled,200395.26,CHF,EMEA,CP0368,EQUITY,TDR0186,BOOK_C,2025-02-08
TXN0003996220,APP001,2025-05-14,pending,656107.49,JPY,AMER,CP0222,EQUITY,TDR0186,BOOK_D,2026-03-23
TXN0000126045,APP019,2025-08-18,pending,796678.58,AUD,EMEA,CP0285,EQUITY,TDR0142,BOOK_D,2025-09-17
TXN0004388002,APP009,2025-04-09,failed,257701.27,AUD,AMER,CP0468,SWAP,TDR0095,BOOK_D,2025-10-19
TXN0008964550,APP011,2026-01-12,pending,635487.01,AUD,APAC,CP0473,EQUITY,TDR0176,BOOK_B,2025-01-06
TXN0003184114,APP001,2025-07-02,failed,173685.98,CHF,AMER,CP0310,SWAP,TDR0051,BOOK_C,2025-09-02
TXN0008876194,APP004,2025-05-04,failed,412271.05,USD,APAC,CP0170,BOND,TDR0061,BOOK_A,2025-11-28
TXN0001540796,APP011,2025-03-24,reversed,954091.35,USD,APAC,CP0238,FX,TDR0162,BOOK_B,2025-07-03
TXN0001021489,APP005,2026-03-07,reversed,370891.91,GBP,LATAM,CP0486,SWAP,TDR0063,BOOK_B,2025-09-13
TXN0005000643,APP019,2025-02-20,settled,709648.92,JPY,AMER,CP0100,FX,TDR0159,BOOK_C,2025-12-20
TXN0007185789,APP013,2025-04-12,settled,408579.61,CHF,LATAM,CP0376,OPTION,TDR0096,BOOK_D,2025-08-07
TXN0005815366,APP012,2026-03-20,settled,975029.37,AUD,LATAM,CP0418,BOND,TDR0112,BOOK_B,2025-12-09
TXN0008474530,APP011,2026-03-20,reversed,15047.05,AUD,EMEA,CP0458,EQUITY,TDR0109,BOOK_B,2026-03-29
TXN0005407024,APP012,2026-01-02,reversed,318999.84,CHF,APAC,CP0006,OPTION,TDR0065,BOOK_B,2025-04-04
TXN0003857635,APP002,2026-04-02,settled,63280.52,EUR,AMER,CP0250,FX,TDR0049,BOOK_C,2025-06-11
TXN0000462367,APP013,2025-09-12,pending,579972.98,EUR,EMEA,CP0109,FX,TDR0148,BOOK_B,2025-10-24
TXN0005640607,APP001,2025-07-26,settled,156901.22,CHF,LATAM,CP0156,BOND,TDR0019,BOOK_B,2025-03-05
TXN0001959182,APP011,2026-01-21,active,601963.15,GBP,APAC,CP0252,FUTURE,TDR0009,BOOK_B,2025-04-20
TXN0005097834,APP015,2025-07-09,active,827995.79,USD,AMER,CP0093,FX,TDR0066,BOOK_C,2025-03-06
TXN0002433871,APP001,2025-05-30,active,494469.01,AUD,APAC,CP0175,FX,TDR0037,BOOK_C,2025-11-17
TXN0006592052,APP015,2025-03-23,failed,541757.95,JPY,EMEA,CP0250,FX,TDR0019,BOOK_D,2025-01-08
TXN0009504928,APP015,2026-02-21,failed,613678.85,USD,AMER,CP0440,FUTURE,TDR0091,BOOK_A,2025-01-09
TXN0001321962,APP009,2025-07-03,pending,221725.58,EUR,APAC,CP0251,SWAP,TDR0121,BOOK_B,2025-01-16
TXN0006273501,APP005,2025-06-03,reversed,717545.38,EUR,AMER,CP0024,BOND,TDR0181,BOOK_C,2025-10-23
TXN0003907704,APP014,2025-02-16,settled,483077.47,EUR,AMER,CP0221,OPTION,TDR0017,BOOK_A,2026-01-06
TXN0006206286,APP003,2025-10-09,settled,142953.63,AUD,AMER,CP0291,SWAP,TDR0059,BOOK_D,2025-10-11
TXN0001580376,APP017,2025-11-12,active,693287.96,CHF,AMER,CP0218,FUTURE,TDR0158,BOOK_D,2025-01-14
TXN0005380106,APP012,2025-12-30,reversed,927805.04,AUD,LATAM,CP0142,FX,TDR0157,BOOK_C,2025-04-27
TXN0006576086,APP001,2026-04-13,active,468286.27,CHF,AMER,CP0488,SWAP,TDR0065,BOOK_C,2025-11-16
TXN0006595932,APP019,2025-05-10,failed,867638.44,JPY,EMEA,CP0261,BOND,TDR0076,BOOK_C,2025-08-11
TXN0009178774,APP010,2025-08-11,failed,271948.65,EUR,EMEA,CP0080,FUTURE,TDR0188,BOOK_B,2025-04-25
TXN0000286138,APP018,2025-07-17,failed,338265.48,EUR,LATAM,CP0313,FUTURE,TDR0059,BOOK_A,2026-04-02
TXN0004507412,APP008,2025-07-03,settled,279439.9,GBP,AMER,CP0229,SWAP,TDR0133,BOOK_D,2025-05-12
TXN0004154370,APP018,2025-10-11,pending,508759.04,USD,EMEA,CP0326,SWAP,TDR0024,BOOK_B,2026-01-13
TXN0002548242,APP014,2025-04-16,settled,551542.28,EUR,EMEA,CP0371,FX,TDR0109,BOOK_D,2025-06-27
TXN0007848446,APP017,2025-05-31,pending,299382.03,AUD,EMEA,CP0417,SWAP,TDR0075,BOOK_B,2025-01-24
TXN0001618965,APP005,2025-02-06,settled,58627.0,EUR,LATAM,CP0091,FUTURE,TDR0084,BOOK_B,2025-10-17
TXN0009410700,APP007,2025-03-01,settled,137232.11,EUR,EMEA,CP0433,FUTURE,TDR0050,BOOK_D,2025-10-23
TXN0006190227,APP003,2026-03-06,failed,551725.02,AUD,EMEA,CP0167,EQUITY,TDR0061,BOOK_C,2025-08-09
TXN0005244299,APP012,2025-07-15,active,327718.97,USD,AMER,CP0078,EQUITY,TDR0193,BOOK_B,2026-04-01
TXN0007051463,APP003,2025-09-24,reversed,959074.49,CHF,LATAM,CP0255,SWAP,TDR0070,BOOK_B,2025-01-22
TXN0000844610,APP011,2026-01-18,reversed,501126.94,USD,LATAM,CP0144,FX,TDR0089,BOOK_C,2025-09-03
TXN0007442749,APP020,2026-03-15,pending,329499.39,JPY,AMER,CP0109,FX,TDR0097,BOOK_A,2026-03-28
TXN0003696450,APP019,2025-01-22,settled,548835.35,GBP,AMER,CP0428,SWAP,TDR0138,BOOK_A,2025-11-14
TXN0005957305,APP020,2026-04-09,active,114963.93,AUD,LATAM,CP0389,FX,TDR0173,BOOK_D,2025-02-27
TXN0009927414,APP013,2025-07-31,active,103123.33,CHF,LATAM,CP0179,FX,TDR0144,BOOK_B,2025-10-30
TXN0008541106,APP017,2025-11-11,settled,187245.43,AUD,LATAM,CP0285,OPTION,TDR0020,BOOK_A,2026-03-01
TXN0009836527,APP014,2025-03-15,failed,566321.83,EUR,AMER,CP0324,SWAP,TDR0101,BOOK_B,2026-04-06
TXN0007778182,APP002,2025-10-15,settled,292390.4,JPY,AMER,CP0213,FUTURE,TDR0062,BOOK_B,2025-08-12
TXN0008314060,APP005,2025-06-28,pending,456899.61,GBP,APAC,CP0147,EQUITY,TDR0018,BOOK_A,2025-07-23
TXN0000915562,APP007,2026-03-27,settled,574574.82,CHF,LATAM,CP0034,BOND,TDR0028,BOOK_B,2025-01-29
TXN0008360684,APP015,2025-08-09,reversed,595551.37,USD,AMER,CP0237,FUTURE,TDR0056,BOOK_D,2026-03-19
TXN0008407068,APP004,2025-10-15,active,605160.45,EUR,EMEA,CP0092,FUTURE,TDR0163,BOOK_A,2025-07-26
TXN0004402838,APP006,2025-09-24,settled,521037.6,USD,APAC,CP0062,FUTURE,TDR0170,BOOK_A,2026-01-12
TXN0006653057,APP007,2026-03-30,active,3320.32,JPY,EMEA,CP0018,SWAP,TDR0014,BOOK_C,2025-06-16
TXN0005038149,APP017,2025-04-08,active,618780.91,JPY,LATAM,CP0016,FUTURE,TDR0115,BOOK_D,2025-05-19
TXN0007636737,APP002,2025-04-11,active,170433.49,GBP,AMER,CP0453,SWAP,TDR0131,BOOK_D,2025-01-05
TXN0006418086,APP008,2025-05-30,active,66375.27,AUD,EMEA,CP0178,EQUITY,TDR0172,BOOK_D,2025-03-02
TXN0006422494,APP010,2025-07-09,failed,871606.86,CHF,EMEA,CP0062,OPTION,TDR0036,BOOK_C,2026-03-28
TXN0003839464,APP014,2025-09-04,failed,455683.6,USD,EMEA,CP0176,BOND,TDR0052,BOOK_D,2025-01-02
TXN0009971303,APP020,2025-09-02,failed,496685.8,AUD,EMEA,CP0284,FX,TDR0070,BOOK_C,2025-12-19
TXN0006463876,APP018,2025-01-22,active,228726.87,USD,EMEA,CP0116,FX,TDR0115,BOOK_A,2026-03-22
TXN0006083656,APP001,2025-10-25,active,870462.6,AUD,EMEA,CP0450,FUTURE,TDR0142,BOOK_C,2025-05-10
TXN0005101226,APP003,2025-01-23,pending,200991.66,EUR,EMEA,CP0475,BOND,TDR0004,BOOK_C,2025-10-12
TXN0000521948,APP003,2025-12-03,active,266940.95,EUR,AMER,CP0442,OPTION,TDR0104,BOOK_A,2025-11-21
TXN0007835552,APP005,2025-01-21,reversed,379272.51,AUD,EMEA,CP0050,OPTION,TDR0078,BOOK_C,2025-05-14
TXN0002964513,APP005,2025-01-05,active,215989.13,USD,EMEA,CP0032,EQUITY,TDR0172,BOOK_D,2025-02-14
TXN0003658437,APP012,2026-03-20,failed,481858.9,EUR,APAC,CP0138,SWAP,TDR0011,BOOK_A,2025-01-22
TXN0007568253,APP016,2025-05-23,active,119836.05,USD,APAC,CP0194,BOND,TDR0026,BOOK_C,2025-06-21
TXN0009441242,APP013,2026-02-26,pending,895369.75,JPY,EMEA,CP0157,BOND,TDR0146,BOOK_B,2025-09-08
TXN0005586059,APP019,2025-08-09,failed,950655.59,CHF,EMEA,CP0013,BOND,TDR0036,BOOK_C,2026-01-18
TXN0003010478,APP013,2025-03-13,active,76128.49,USD,EMEA,CP0394,OPTION,TDR0164,BOOK_A,2025-04-19
TXN0005838003,APP009,2025-02-24,settled,859320.24,CHF,AMER,CP0109,BOND,TDR0006,BOOK_B,2025-04-15
TXN0006918861,APP018,2025-03-18,failed,287637.73,JPY,LATAM,CP0270,FUTURE,TDR0127,BOOK_C,2025-11-18
TXN0005057192,APP001,2026-03-13,active,921587.04,CHF,EMEA,CP0059,SWAP,TDR0033,BOOK_C,2025-07-28
TXN0007253924,APP019,2025-07-18,failed,652828.26,GBP,AMER,CP0213,EQUITY,TDR0034,BOOK_D,2025-12-06
TXN0007732692,APP003,2026-03-13,settled,771201.37,USD,LATAM,CP0319,FX,TDR0134,BOOK_B,2025-07-15
TXN0001953745,APP003,2025-06-20,active,564419.47,AUD,APAC,CP0365,BOND,TDR0054,BOOK_D,2025-10-18
TXN0003770246,APP018,2025-05-28,reversed,386860.32,EUR,AMER,CP0338,FUTURE,TDR0169,BOOK_C,2025-08-02
TXN0008779972,APP003,2025-09-17,settled,618013.47,EUR,AMER,CP0402,SWAP,TDR0130,BOOK_B,2025-08-07
TXN0003278529,APP005,2025-11-03,settled,119639.85,CHF,APAC,CP0462,BOND,TDR0096,BOOK_A,2025-06-30
TXN0005843871,APP002,2026-01-10,reversed,39171.04,EUR,APAC,CP0187,OPTION,TDR0045,BOOK_C,2025-02-19
TXN0009775733,APP006,2025-07-06,failed,856350.05,EUR,AMER,CP0366,FUTURE,TDR0077,BOOK_D,2026-03-29
TXN0000400623,APP005,2026-02-09,reversed,649729.21,GBP,APAC,CP0189,EQUITY,TDR0037,BOOK_B,2025-08-08
TXN0007313810,APP017,2025-06-09,failed,582373.6,JPY,EMEA,CP0399,FX,TDR0102,BOOK_A,2025-10-13
TXN0003043272,APP018,2026-02-06,active,627936.09,EUR,APAC,CP0179,FX,TDR0115,BOOK_B,2025-04-27
TXN0003559471,APP005,2025-05-29,reversed,816362.32,USD,APAC,CP0159,BOND,TDR0153,BOOK_C,2025-12-13
TXN0007275605,APP018,2025-05-25,failed,986480.15,GBP,AMER,CP0420,OPTION,TDR0008,BOOK_D,2025-09-06
TXN0002316025,APP014,2026-02-08,settled,686953.73,USD,EMEA,CP0397,FX,TDR0074,BOOK_B,2025-09-29
TXN0002395688,APP014,2025-05-26,active,681238.86,CHF,APAC,CP0463,OPTION,TDR0115,BOOK_B,2025-02-20
TXN0000612235,APP004,2025-09-17,settled,820568.92,CHF,AMER,CP0435,SWAP,TDR0153,BOOK_C,2026-04-14
TXN0009226714,APP015,2025-04-12,active,588514.39,CHF,LATAM,CP0013,BOND,TDR0053,BOOK_A,2025-02-20
TXN0007363468,APP007,2026-04-14,reversed,397529.1,AUD,APAC,CP0414,BOND,TDR0138,BOOK_A,2025-06-15
TXN0001931662,APP003,2025-07-06,reversed,266205.91,JPY,AMER,CP0075,OPTION,TDR0135,BOOK_C,2025-06-05
TXN0003379758,APP007,2026-03-27,failed,581070.07,GBP,APAC,CP0088,FX,TDR0059,BOOK_D,2026-02-15
TXN0001033403,APP002,2025-11-01,pending,983847.63,JPY,AMER,CP0318,SWAP,TDR0006,BOOK_B,2025-03-30
TXN0006923147,APP018,2025-07-06,reversed,810966.17,EUR,EMEA,CP0206,BOND,TDR0100,BOOK_A,2026-02-09
TXN0000410539,APP016,2025-02-18,failed,226763.8,AUD,APAC,CP0281,BOND,TDR0054,BOOK_C,2026-03-27
TXN0009773449,APP011,2025-12-11,reversed,588067.88,USD,LATAM,CP0294,FX,TDR0157,BOOK_D,2026-01-18
TXN0006274684,APP012,2026-04-07,pending,774280.52,GBP,EMEA,CP0166,FUTURE,TDR0026,BOOK_B,2025-04-12
TXN0001909098,APP017,2025-12-13,failed,958017.78,GBP,AMER,CP0318,OPTION,TDR0196,BOOK_B,2025-05-08
TXN0004844154,APP016,2025-08-11,pending,884541.74,USD,LATAM,CP0107,FUTURE,TDR0007,BOOK_D,2025-02-05
TXN0000035418,APP020,2025-01-22,pending,492560.95,GBP,APAC,CP0266,OPTION,TDR0192,BOOK_D,2025-11-18
TXN0009863797,APP013,2025-03-26,failed,330281.15,EUR,LATAM,CP0386,FUTURE,TDR0182,BOOK_A,2025-11-12
TXN0000232958,APP016,2025-12-16,reversed,184148.59,CHF,LATAM,CP0420,OPTION,TDR0052,BOOK_C,2025-07-13
TXN0007490309,APP008,2025-12-14,reversed,330117.72,CHF,LATAM,CP0007,BOND,TDR0107,BOOK_C,2026-01-30
TXN0008952382,APP017,2025-02-12,reversed,875254.14,GBP,APAC,CP0441,SWAP,TDR0173,BOOK_A,2025-06-06
TXN0003682691,APP015,2025-11-24,failed,556094.7,AUD,APAC,CP0451,FX,TDR0058,BOOK_D,2025-04-14
TXN0002309227,APP019,2026-02-07,reversed,815997.44,JPY,APAC,CP0015,SWAP,TDR0063,BOOK_C,2025-08-25
TXN0007683447,APP006,2026-01-25,reversed,91538.04,CHF,LATAM,CP0072,BOND,TDR0143,BOOK_C,2026-03-30
TXN0006307887,APP004,2025-04-09,settled,82711.45,EUR,LATAM,CP0092,BOND,TDR0131,BOOK_C,2025-05-11
TXN0003337888,APP010,2025-02-25,pending,414975.26,GBP,EMEA,CP0015,EQUITY,TDR0035,BOOK_A,2025-08-29
TXN0006412959,APP016,2025-05-15,failed,179204.75,JPY,AMER,CP0083,OPTION,TDR0048,BOOK_D,2025-01-01
TXN0003052148,APP011,2025-08-26,pending,348898.41,EUR,LATAM,CP0319,FX,TDR0023,BOOK_D,2025-05-11
TXN0006675509,APP005,2025-05-26,settled,888001.97,GBP,APAC,CP0472,OPTION,TDR0028,BOOK_B,2025-02-11
TXN0009877573,APP017,2025-05-19,settled,804417.93,GBP,LATAM,CP0177,OPTION,TDR0193,BOOK_C,2025-02-20
TXN0003122567,APP013,2025-02-21,settled,702789.61,GBP,LATAM,CP0443,EQUITY,TDR0081,BOOK_D,2025-06-19
TXN0008490191,APP006,2025-12-07,active,783029.91,GBP,EMEA,CP0424,FUTURE,TDR0041,BOOK_A,2025-08-14
TXN0001034905,APP013,2025-08-18,failed,117199.89,EUR,APAC,CP0407,FUTURE,TDR0135,BOOK_B,2025-06-22
TXN0005987395,APP007,2025-03-04,failed,52354.55,GBP,AMER,CP0327,FX,TDR0104,BOOK_B,2025-02-15
TXN0009724983,APP007,2025-06-28,pending,626055.22,JPY,AMER,CP0399,SWAP,TDR0087,BOOK_B,2026-04-11
TXN0002874595,APP012,2025-07-14,reversed,208365.28,JPY,AMER,CP0208,FX,TDR0145,BOOK_C,2025-01-19
TXN0001011883,APP001,2025-03-28,settled,706075.79,USD,APAC,CP0479,OPTION,TDR0063,BOOK_B,2025-07-18
TXN0000401726,APP007,2025-07-08,settled,377554.38,EUR,AMER,CP0241,EQUITY,TDR0044,BOOK_B,2025-09-03
TXN0004543319,APP006,2025-02-27,pending,106863.61,JPY,AMER,CP0245,EQUITY,TDR0056,BOOK_A,2025-12-06
TXN0003859386,APP003,2025-06-21,settled,919479.14,JPY,EMEA,CP0418,EQUITY,TDR0171,BOOK_C,2025-05-16
TXN0006635686,APP001,2025-07-21,failed,905299.77,AUD,LATAM,CP0392,BOND,TDR0122,BOOK_D,2025-05-07
TXN0004907459,APP006,2025-04-15,failed,322632.77,JPY,EMEA,CP0225,BOND,TDR0184,BOOK_A,2025-05-22
TXN0009969183,APP014,2025-08-23,settled,592848.0,USD,AMER,CP0208,OPTION,TDR0079,BOOK_A,2025-07-07
TXN0009744254,APP009,2026-04-12,reversed,867775.54,CHF,AMER,CP0165,FX,TDR0134,BOOK_A,2025-05-28
TXN0002982052,APP020,2025-09-02,active,972015.33,AUD,AMER,CP0089,EQUITY,TDR0035,BOOK_C,2025-07-27
TXN0009988487,APP017,2025-12-06,settled,909089.43,USD,APAC,CP0460,FUTURE,TDR0134,BOOK_B,2025-06-03
TXN0005622332,APP013,2026-04-09,settled,901794.32,JPY,AMER,CP0335,FX,TDR0095,BOOK_A,2025-06-23
TXN0005161920,APP008,2025-02-17,active,253520.78,GBP,LATAM,CP0311,FUTURE,TDR0193,BOOK_B,2025-12-29
TXN0008298758,APP003,2025-10-18,pending,2258.96,CHF,AMER,CP0479,SWAP,TDR0029,BOOK_A,2025-09-17
TXN0006031775,APP001,2025-05-04,active,943469.69,USD,APAC,CP0436,FX,TDR0116,BOOK_A,2025-08-30
TXN0007282988,APP003,2025-04-14,active,686480.34,USD,AMER,CP0123,OPTION,TDR0111,BOOK_B,2026-03-11
TXN0001152319,APP010,2025-09-23,settled,189167.08,CHF,AMER,CP0125,SWAP,TDR0129,BOOK_A,2025-01-27
TXN0005431384,APP009,2025-11-16,reversed,718124.79,USD,APAC,CP0443,OPTION,TDR0046,BOOK_A,2025-07-31
TXN0004112940,APP004,2025-10-04,failed,478656.56,AUD,APAC,CP0092,SWAP,TDR0072,BOOK_C,2025-07-03
TXN0003572173,APP006,2025-01-02,active,186470.5,USD,EMEA,CP0310,EQUITY,TDR0041,BOOK_C,2025-08-13
TXN0007794314,APP005,2025-05-22,active,962009.68,GBP,APAC,CP0119,FX,TDR0053,BOOK_A,2025-12-13
TXN0001286787,APP020,2025-02-16,pending,545412.65,USD,APAC,CP0126,OPTION,TDR0052,BOOK_C,2025-05-13
TXN0008068490,APP007,2025-06-08,pending,999946.53,EUR,APAC,CP0204,FX,TDR0042,BOOK_C,2025-06-07
TXN0006854656,APP008,2026-01-23,failed,82026.18,CHF,LATAM,CP0464,BOND,TDR0123,BOOK_B,2025-04-23
TXN0005957862,APP003,2025-08-30,pending,240513.15,JPY,LATAM,CP0159,OPTION,TDR0084,BOOK_C,2025-10-22
TXN0005100096,APP008,2026-01-04,settled,923489.5,CHF,EMEA,CP0221,FUTURE,TDR0002,BOOK_B,2025-02-22
TXN0005194422,APP009,2025-05-13,pending,820392.75,JPY,APAC,CP0103,OPTION,TDR0042,BOOK_B,2025-03-01
TXN0002451474,APP017,2025-05-30,active,224378.81,USD,APAC,CP0478,FX,TDR0044,BOOK_D,2025-02-27
TXN0004436698,APP007,2025-06-24,reversed,810644.78,JPY,AMER,CP0033,FX,TDR0200,BOOK_A,2025-09-19
TXN0003721181,APP011,2025-12-17,failed,450641.7,EUR,LATAM,CP0165,FX,TDR0177,BOOK_A,2025-09-05
TXN0004182316,APP019,2025-10-28,reversed,367245.92,AUD,LATAM,CP0192,FUTURE,TDR0056,BOOK_D,2025-06-11
TXN0003356589,APP011,2026-02-13,pending,968608.46,USD,EMEA,CP0274,OPTION,TDR0083,BOOK_D,2025-09-13
TXN0005482902,APP006,2025-09-27,pending,552642.5,CHF,LATAM,CP0067,FX,TDR0074,BOOK_D,2025-04-18
TXN0002053071,APP011,2025-07-23,failed,333948.46,EUR,AMER,CP0466,EQUITY,TDR0174,BOOK_D,2025-07-10
TXN0000426189,APP006,2025-04-22,failed,481030.03,GBP,LATAM,CP0322,SWAP,TDR0073,BOOK_B,2026-03-11
TXN0009981750,APP018,2025-03-14,failed,677304.78,USD,AMER,CP0034,EQUITY,TDR0129,BOOK_D,2025-12-21
TXN0000414537,APP006,2025-05-03,pending,960454.83,GBP,EMEA,CP0262,SWAP,TDR0087,BOOK_A,2025-12-07
TXN0006045419,APP015,2026-03-01,pending,520028.47,JPY,EMEA,CP0191,FX,TDR0101,BOOK_D,2026-02-04
TXN0003867886,APP019,2025-07-31,settled,377891.27,AUD,APAC,CP0317,FUTURE,TDR0001,BOOK_C,2025-05-28
TXN0001417053,APP008,2026-01-09,settled,998448.38,JPY,AMER,CP0272,BOND,TDR0070,BOOK_C,2025-11-27
TXN0005336383,APP009,2025-03-19,failed,765614.08,EUR,AMER,CP0165,FX,TDR0146,BOOK_C,2025-03-15
TXN0005174534,APP003,2025-05-03,failed,186508.57,AUD,LATAM,CP0133,EQUITY,TDR0025,BOOK_B,2025-08-26
TXN0009000898,APP001,2025-10-08,settled,263560.9,USD,LATAM,CP0358,SWAP,TDR0190,BOOK_D,2025-10-25
TXN0005830078,APP013,2025-08-27,reversed,177382.28,EUR,EMEA,CP0058,FX,TDR0147,BOOK_B,2025-02-04
TXN0003434875,APP001,2025-02-16,reversed,128122.23,EUR,APAC,CP0072,FUTURE,TDR0162,BOOK_C,2025-05-18
TXN0002904573,APP020,2025-07-09,active,145944.81,JPY,AMER,CP0160,EQUITY,TDR0085,BOOK_C,2026-03-10
TXN0002284442,APP001,2026-02-19,reversed,715837.99,GBP,AMER,CP0332,SWAP,TDR0053,BOOK_B,2025-09-09
TXN0008904149,APP012,2025-05-13,pending,135793.45,JPY,EMEA,CP0111,FX,TDR0080,BOOK_A,2025-08-31
TXN0008996689,APP020,2026-01-08,pending,582823.74,EUR,APAC,CP0063,OPTION,TDR0102,BOOK_C,2025-01-10
TXN0009752632,APP017,2025-01-28,pending,885463.79,EUR,AMER,CP0209,OPTION,TDR0133,BOOK_D,2025-01-10
TXN0004771526,APP012,2025-12-09,settled,808050.69,CHF,AMER,CP0077,FUTURE,TDR0193,BOOK_B,2025-10-29
TXN0002048747,APP006,2025-12-21,pending,235063.5,AUD,AMER,CP0122,FUTURE,TDR0093,BOOK_B,2025-05-02
TXN0009738084,APP010,2025-10-21,reversed,8358.87,EUR,AMER,CP0382,FX,TDR0015,BOOK_D,2025-09-02
TXN0009947247,APP010,2025-04-16,failed,788708.61,JPY,EMEA,CP0444,BOND,TDR0110,BOOK_C,2025-04-25
TXN0001548415,APP019,2026-03-29,pending,934575.13,CHF,AMER,CP0306,EQUITY,TDR0043,BOOK_D,2025-05-04
TXN0004744761,APP011,2025-01-24,failed,228518.41,AUD,LATAM,CP0322,SWAP,TDR0101,BOOK_D,2025-05-12
TXN0002263839,APP014,2026-02-10,failed,457895.98,AUD,LATAM,CP0048,FX,TDR0048,BOOK_B,2025-01-27
TXN0000056107,APP006,2025-09-05,reversed,377680.94,CHF,LATAM,CP0364,SWAP,TDR0047,BOOK_C,2025-08-19
TXN0006679139,APP011,2025-01-01,settled,602843.18,EUR,EMEA,CP0186,SWAP,TDR0124,BOOK_B,2026-01-08
TXN0002191884,APP001,2025-07-02,reversed,202948.03,CHF,LATAM,CP0144,FUTURE,TDR0180,BOOK_B,2026-02-14
TXN0007273645,APP020,2025-12-15,settled,412858.62,CHF,APAC,CP0389,BOND,TDR0017,BOOK_B,2025-04-17
TXN0001768328,APP019,2025-10-18,failed,179075.88,CHF,AMER,CP0037,OPTION,TDR0036,BOOK_D,2025-02-08
TXN0009724492,APP007,2025-10-09,reversed,201983.3,AUD,AMER,CP0324,SWAP,TDR0145,BOOK_C,2025-12-05
TXN0000648917,APP019,2025-01-27,failed,161046.61,EUR,APAC,CP0103,FX,TDR0029,BOOK_D,2025-01-12
TXN0006767840,APP006,2026-01-09,reversed,797659.61,EUR,LATAM,CP0300,EQUITY,TDR0045,BOOK_B,2025-03-31
TXN0008422574,APP009,2025-01-10,active,118178.93,AUD,LATAM,CP0380,SWAP,TDR0064,BOOK_D,2025-01-15
TXN0006034825,APP017,2025-09-03,failed,34138.32,JPY,APAC,CP0058,OPTION,TDR0189,BOOK_A,2025-01-07
TXN0008714647,APP004,2025-05-25,active,144745.38,USD,LATAM,CP0341,FUTURE,TDR0199,BOOK_C,2025-01-21
TXN0000960560,APP009,2026-02-18,pending,99590.98,JPY,APAC,CP0221,EQUITY,TDR0180,BOOK_D,2025-11-11
TXN0007343794,APP002,2025-06-18,failed,849269.6,GBP,APAC,CP0240,FX,TDR0019,BOOK_A,2025-04-16
TXN0009888091,APP011,2026-01-15,settled,448569.24,JPY,LATAM,CP0408,FUTURE,TDR0004,BOOK_C,2025-08-14
TXN0008506482,APP003,2025-02-27,pending,497219.96,CHF,LATAM,CP0185,EQUITY,TDR0007,BOOK_C,2025-04-29
TXN0001393575,APP014,2025-02-23,reversed,335080.03,CHF,EMEA,CP0182,EQUITY,TDR0184,BOOK_B,2025-10-10
TXN0005827919,APP012,2025-08-07,pending,264416.8,USD,LATAM,CP0026,SWAP,TDR0066,BOOK_D,2025-04-29
TXN0006652436,APP020,2025-02-09,settled,847753.09,GBP,EMEA,CP0054,FX,TDR0186,BOOK_B,2025-01-10
TXN0009069742,APP016,2025-02-03,failed,695500.66,AUD,EMEA,CP0103,EQUITY,TDR0012,BOOK_A,2025-06-05
TXN0003002279,APP010,2025-10-27,failed,997046.8,USD,EMEA,CP0039,FX,TDR0187,BOOK_D,2025-04-10
TXN0001777812,APP018,2025-11-09,reversed,106209.86,GBP,APAC,CP0449,OPTION,TDR0198,BOOK_B,2025-03-12
TXN0009262001,APP007,2026-03-29,reversed,400553.71,USD,APAC,CP0168,EQUITY,TDR0175,BOOK_B,2026-04-07
TXN0008709089,APP008,2026-01-18,settled,638225.54,USD,LATAM,CP0455,FUTURE,TDR0109,BOOK_C,2025-06-13
TXN0007087680,APP020,2025-01-07,active,137455.17,AUD,AMER,CP0188,FUTURE,TDR0135,BOOK_D,2025-05-08
TXN0004295539,APP019,2025-02-09,active,172666.03,GBP,AMER,CP0098,EQUITY,TDR0018,BOOK_D,2025-09-26
TXN0009920080,APP012,2025-05-18,pending,943879.35,AUD,AMER,CP0163,SWAP,TDR0127,BOOK_C,2025-09-17
TXN0003729464,APP014,2025-03-14,pending,265004.94,JPY,EMEA,CP0385,OPTION,TDR0092,BOOK_A,2025-05-24
TXN0003420824,APP015,2025-01-21,active,970618.17,JPY,APAC,CP0157,SWAP,TDR0159,BOOK_B,2025-10-17
TXN0000322130,APP012,2025-11-23,failed,707450.4,JPY,EMEA,CP0281,FUTURE,TDR0177,BOOK_C,2025-11-04
TXN0002481215,APP015,2025-08-09,active,199078.42,GBP,LATAM,CP0368,FUTURE,TDR0065,BOOK_B,2025-10-19
TXN0003902599,APP007,2025-01-18,pending,606774.53,CHF,APAC,CP0151,BOND,TDR0032,BOOK_A,2025-05-26
TXN0002408288,APP013,2025-04-23,active,231880.88,JPY,AMER,CP0448,BOND,TDR0071,BOOK_B,2025-08-12
TXN0002596642,APP008,2026-04-09,settled,443729.69,USD,EMEA,CP0359,FX,TDR0091,BOOK_B,2025-06-14
TXN0007061360,APP019,2025-11-10,reversed,484069.18,EUR,APAC,CP0001,EQUITY,TDR0107,BOOK_B,2025-09-17
TXN0005180107,APP017,2026-02-11,failed,362920.24,AUD,LATAM,CP0478,EQUITY,TDR0075,BOOK_D,2025-03-10
TXN0008224827,APP003,2025-11-05,failed,430441.39,USD,AMER,CP0415,FX,TDR0087,BOOK_A,2026-01-24
TXN0006155589,APP008,2025-11-26,pending,696799.04,JPY,AMER,CP0492,BOND,TDR0149,BOOK_C,2025-05-07
TXN0008929329,APP015,2026-01-18,reversed,434540.0,CHF,EMEA,CP0134,SWAP,TDR0155,BOOK_D,2025-12-05
TXN0002643675,APP014,2025-09-08,pending,559202.9,CHF,APAC,CP0253,EQUITY,TDR0037,BOOK_C,2025-03-21
TXN0007998082,APP009,2025-04-27,pending,165400.5,USD,LATAM,CP0444,FX,TDR0036,BOOK_D,2025-01-30
TXN0008563159,APP010,2025-11-12,settled,111005.26,JPY,LATAM,CP0092,OPTION,TDR0072,BOOK_B,2025-02-09
TXN0001601496,APP005,2025-09-27,reversed,921578.37,JPY,LATAM,CP0069,EQUITY,TDR0064,BOOK_B,2025-11-03
TXN0009743946,APP007,2025-10-09,failed,470441.24,JPY,AMER,CP0158,EQUITY,TDR0028,BOOK_B,2026-02-24
TXN0007816873,APP013,2026-02-15,pending,820560.79,AUD,EMEA,CP0499,EQUITY,TDR0150,BOOK_D,2026-03-02
TXN0007804133,APP002,2026-02-18,failed,437259.88,CHF,APAC,CP0021,BOND,TDR0126,BOOK_A,2025-05-02
TXN0004716037,APP010,2025-05-11,reversed,106824.63,AUD,LATAM,CP0129,FUTURE,TDR0115,BOOK_B,2025-09-11
TXN0005426574,APP002,2025-12-09,active,60968.16,USD,LATAM,CP0317,FUTURE,TDR0080,BOOK_A,2025-07-01
TXN0007167397,APP005,2026-03-17,active,942825.62,GBP,APAC,CP0340,FUTURE,TDR0019,BOOK_D,2025-11-20
TXN0004183876,APP008,2025-01-31,pending,398543.18,EUR,APAC,CP0454,FX,TDR0180,BOOK_C,2025-01-26
TXN0005507980,APP020,2025-01-15,failed,573261.37,USD,EMEA,CP0216,SWAP,TDR0194,BOOK_B,2026-02-04
TXN0009372729,APP008,2025-06-03,settled,918724.01,JPY,EMEA,CP0231,BOND,TDR0134,BOOK_A,2025-04-09
TXN0006318910,APP011,2025-03-03,active,585944.35,GBP,EMEA,CP0299,OPTION,TDR0044,BOOK_C,2025-10-08
TXN0006231565,APP001,2025-06-15,failed,533187.32,AUD,LATAM,CP0377,FX,TDR0175,BOOK_D,2025-08-30
TXN0005139879,APP009,2025-03-20,reversed,955422.52,AUD,AMER,CP0338,BOND,TDR0186,BOOK_D,2025-07-06
TXN0007286676,APP018,2025-01-22,reversed,974950.08,EUR,APAC,CP0400,FUTURE,TDR0132,BOOK_A,2025-02-04
TXN0001498773,APP003,2026-01-14,reversed,205767.25,USD,LATAM,CP0357,OPTION,TDR0129,BOOK_B,2026-02-22
TXN0005213935,APP007,2026-01-22,reversed,795876.6,EUR,APAC,CP0351,BOND,TDR0153,BOOK_C,2025-05-20
TXN0007961559,APP002,2025-11-17,settled,325942.53,AUD,EMEA,CP0082,OPTION,TDR0112,BOOK_A,2025-03-21
TXN0003827349,APP010,2025-02-05,settled,270396.15,JPY,EMEA,CP0107,FUTURE,TDR0178,BOOK_D,2025-10-30
TXN0003992471,APP020,2025-11-12,pending,47814.32,CHF,EMEA,CP0100,FX,TDR0028,BOOK_B,2025-08-21
TXN0008203173,APP018,2026-01-10,settled,817253.29,GBP,EMEA,CP0267,EQUITY,TDR0127,BOOK_B,2026-02-22
TXN0005956839,APP008,2025-08-16,settled,91232.21,EUR,LATAM,CP0214,FUTURE,TDR0095,BOOK_B,2025-06-18
TXN0001166701,APP006,2025-03-22,reversed,661069.73,GBP,AMER,CP0461,EQUITY,TDR0042,BOOK_C,2025-05-24
TXN0002573977,APP015,2025-11-12,reversed,543323.11,CHF,EMEA,CP0422,BOND,TDR0067,BOOK_D,2025-10-18
TXN0007848508,APP012,2025-01-02,pending,428184.94,CHF,LATAM,CP0457,BOND,TDR0033,BOOK_D,2025-01-08
TXN0000697652,APP016,2025-09-30,pending,718117.66,AUD,LATAM,CP0221,SWAP,TDR0012,BOOK_C,2025-01-02
TXN0001745967,APP009,2025-10-08,active,279157.27,AUD,AMER,CP0217,FX,TDR0030,BOOK_C,2025-02-25
TXN0005097488,APP005,2025-12-14,pending,638877.92,CHF,APAC,CP0372,BOND,TDR0069,BOOK_A,2026-03-19
TXN0009352020,APP006,2026-02-26,failed,536641.84,GBP,EMEA,CP0244,OPTION,TDR0077,BOOK_B,2025-03-27
TXN0004178478,APP017,2025-09-16,settled,964579.2,AUD,LATAM,CP0159,FX,TDR0171,BOOK_B,2025-02-26
TXN0006364457,APP013,2025-10-21,reversed,336473.04,EUR,LATAM,CP0279,OPTION,TDR0157,BOOK_C,2026-01-13
TXN0002997060,APP018,2026-01-19,pending,452273.54,CHF,LATAM,CP0368,FX,TDR0040,BOOK_B,2025-09-01
TXN0002326280,APP004,2026-03-26,failed,65948.73,JPY,APAC,CP0123,FX,TDR0143,BOOK_D,2025-03-07
TXN0005320435,APP017,2025-02-25,pending,623577.1,GBP,LATAM,CP0435,OPTION,TDR0162,BOOK_D,2025-06-29
TXN0008373231,APP006,2025-08-14,active,339317.55,GBP,LATAM,CP0032,BOND,TDR0150,BOOK_D,2025-03-02
TXN0008990174,APP006,2025-10-12,reversed,558692.33,JPY,APAC,CP0319,FUTURE,TDR0124,BOOK_B,2025-07-26
TXN0004239993,APP011,2026-03-29,active,377043.74,GBP,EMEA,CP0246,FX,TDR0052,BOOK_D,2025-07-01
TXN0007145645,APP006,2025-02-05,settled,20504.48,GBP,LATAM,CP0261,FUTURE,TDR0074,BOOK_C,2025-06-03
TXN0002872637,APP016,2025-07-12,settled,172501.41,CHF,AMER,CP0276,FX,TDR0068,BOOK_A,2025-05-10
TXN0004923875,APP011,2025-02-15,reversed,560986.54,EUR,LATAM,CP0416,OPTION,TDR0048,BOOK_B,2026-02-09
TXN0009397545,APP009,2025-03-26,reversed,118000.93,EUR,EMEA,CP0238,SWAP,TDR0111,BOOK_A,2025-06-26
TXN0001249746,APP005,2025-12-03,active,329688.33,CHF,LATAM,CP0224,OPTION,TDR0032,BOOK_D,2025-02-02
TXN0009213860,APP010,2025-02-08,pending,158715.18,CHF,APAC,CP0485,FX,TDR0013,BOOK_B,2025-06-02
TXN0009526192,APP014,2025-12-15,reversed,289135.06,EUR,LATAM,CP0420,FX,TDR0073,BOOK_D,2025-02-20
TXN0003641360,APP004,2025-09-28,failed,679139.29,GBP,LATAM,CP0071,EQUITY,TDR0043,BOOK_C,2025-08-27
TXN0005215811,APP017,2025-03-05,reversed,765738.42,USD,EMEA,CP0262,FX,TDR0186,BOOK_A,2025-05-10
TXN0002052550,APP009,2025-10-16,settled,671019.68,GBP,LATAM,CP0454,EQUITY,TDR0154,BOOK_A,2026-01-14
TXN0004070245,APP013,2025-11-11,settled,250644.13,CHF,LATAM,CP0416,OPTION,TDR0148,BOOK_D,2025-12-17
TXN0002970242,APP003,2026-01-07,active,747856.03,GBP,APAC,CP0131,FUTURE,TDR0136,BOOK_C,2025-01-12
TXN0003708865,APP012,2026-02-08,active,244324.23,USD,LATAM,CP0012,SWAP,TDR0036,BOOK_A,2025-01-23
TXN0004533310,APP011,2026-01-19,reversed,241592.88,EUR,LATAM,CP0265,FUTURE,TDR0186,BOOK_A,2025-05-30
TXN0002200698,APP002,2026-03-26,settled,908270.04,CHF,EMEA,CP0445,EQUITY,TDR0186,BOOK_A,2026-01-04
TXN0003090897,APP004,2025-11-13,failed,556578.98,EUR,LATAM,CP0230,OPTION,TDR0135,BOOK_A,2026-03-11
TXN0002782792,APP018,2025-01-10,failed,80035.31,JPY,APAC,CP0133,FX,TDR0077,BOOK_C,2025-03-27
TXN0001186295,APP002,2025-10-21,reversed,30164.38,GBP,AMER,CP0051,BOND,TDR0066,BOOK_B,2026-03-30
TXN0009837581,APP012,2025-12-28,settled,620817.22,GBP,EMEA,CP0260,SWAP,TDR0145,BOOK_A,2025-04-27
TXN0004852229,APP009,2025-09-25,reversed,765370.19,GBP,LATAM,CP0182,FUTURE,TDR0142,BOOK_D,2026-02-08
TXN0003547394,APP005,2025-10-08,settled,324344.53,GBP,AMER,CP0010,SWAP,TDR0182,BOOK_C,2026-02-09
TXN0005515585,APP004,2026-03-16,reversed,525141.93,EUR,EMEA,CP0070,SWAP,TDR0117,BOOK_A,2026-03-16
TXN0002993673,APP016,2025-11-27,pending,288294.04,USD,LATAM,CP0438,OPTION,TDR0007,BOOK_B,2025-05-05
TXN0004909192,APP015,2025-11-28,failed,539518.54,USD,LATAM,CP0274,SWAP,TDR0031,BOOK_D,2025-11-28
TXN0003756960,APP006,2025-07-13,settled,591079.29,EUR,EMEA,CP0467,OPTION,TDR0161,BOOK_D,2025-11-13
TXN0003557127,APP018,2025-12-26,pending,863021.09,AUD,EMEA,CP0406,OPTION,TDR0042,BOOK_B,2025-11-18
TXN0003660492,APP002,2026-02-14,active,366733.97,USD,EMEA,CP0315,FX,TDR0076,BOOK_D,2025-09-02
TXN0003371668,APP001,2025-06-09,settled,560736.14,EUR,EMEA,CP0097,SWAP,TDR0075,BOOK_C,2026-03-16
TXN0001288636,APP002,2025-12-07,pending,826256.98,GBP,AMER,CP0132,SWAP,TDR0169,BOOK_A,2025-07-18
TXN0002688540,APP006,2026-04-13,active,399476.52,AUD,APAC,CP0124,BOND,TDR0165,BOOK_A,2025-02-13
TXN0001465196,APP006,2025-06-20,settled,446338.56,USD,LATAM,CP0484,EQUITY,TDR0022,BOOK_A,2025-05-24
TXN0002501670,APP003,2025-11-08,reversed,170751.03,GBP,AMER,CP0130,FUTURE,TDR0177,BOOK_D,2026-03-09
TXN0000838222,APP019,2025-01-25,settled,269786.99,EUR,EMEA,CP0174,BOND,TDR0155,BOOK_D,2026-01-11
TXN0004590880,APP011,2025-12-29,active,931372.6,GBP,LATAM,CP0390,SWAP,TDR0161,BOOK_C,2025-05-30
TXN0002894109,APP017,2025-02-12,reversed,948637.51,JPY,AMER,CP0033,BOND,TDR0035,BOOK_B,2026-01-15
TXN0003819350,APP015,2025-01-12,active,95786.14,EUR,AMER,CP0112,FX,TDR0185,BOOK_D,2025-10-15
TXN0007768256,APP008,2026-01-09,pending,677658.59,GBP,EMEA,CP0082,OPTION,TDR0117,BOOK_C,2025-02-13
TXN0005037672,APP011,2025-11-28,active,615194.9,JPY,APAC,CP0004,EQUITY,TDR0170,BOOK_D,2026-03-06
TXN0009287527,APP007,2025-07-28,failed,574304.6,JPY,LATAM,CP0499,FUTURE,TDR0054,BOOK_A,2025-01-11
TXN0003430320,APP018,2025-06-22,pending,556127.46,AUD,EMEA,CP0200,EQUITY,TDR0135,BOOK_C,2025-05-02
TXN0009295624,APP001,2025-11-23,pending,301920.4,AUD,APAC,CP0169,OPTION,TDR0032,BOOK_C,2025-04-27
TXN0006682461,APP010,2025-02-16,failed,490980.79,EUR,LATAM,CP0143,OPTION,TDR0134,BOOK_B,2025-12-21
TXN0003951511,APP020,2025-10-13,failed,324031.55,USD,LATAM,CP0063,EQUITY,TDR0078,BOOK_D,2025-07-20
TXN0008428435,APP010,2025-09-27,reversed,21557.88,USD,LATAM,CP0297,OPTION,TDR0114,BOOK_C,2025-05-07
TXN0000581865,APP002,2026-01-20,reversed,331958.31,USD,LATAM,CP0265,BOND,TDR0123,BOOK_D,2025-05-22
TXN0000996231,APP001,2025-09-10,active,923025.21,EUR,EMEA,CP0342,FX,TDR0101,BOOK_C,2025-09-30
TXN0005461693,APP010,2025-02-16,pending,568571.16,EUR,APAC,CP0490,OPTION,TDR0094,BOOK_C,2026-03-05
TXN0008364534,APP013,2025-08-24,pending,315245.04,JPY,AMER,CP0100,OPTION,TDR0046,BOOK_D,2025-02-20
TXN0008203163,APP015,2026-03-10,settled,894744.63,AUD,EMEA,CP0072,EQUITY,TDR0078,BOOK_B,2025-05-07
TXN0006890884,APP003,2025-11-12,pending,367967.37,USD,APAC,CP0228,SWAP,TDR0177,BOOK_A,2025-05-02
TXN0009858204,APP005,2025-09-25,failed,908988.43,JPY,AMER,CP0010,OPTION,TDR0110,BOOK_C,2025-01-13
TXN0008178325,APP002,2025-03-01,reversed,566509.38,JPY,EMEA,CP0058,EQUITY,TDR0099,BOOK_B,2025-07-26
TXN0007044751,APP002,2025-06-14,pending,239599.29,AUD,EMEA,CP0276,EQUITY,TDR0072,BOOK_A,2025-09-29
TXN0009583011,APP016,2026-01-21,failed,855423.6,AUD,APAC,CP0079,EQUITY,TDR0147,BOOK_B,2025-03-18
TXN0006854758,APP005,2025-01-08,failed,821022.66,AUD,LATAM,CP0187,FUTURE,TDR0091,BOOK_A,2025-11-29
TXN0003329601,APP017,2026-03-14,active,554080.85,GBP,APAC,CP0470,OPTION,TDR0196,BOOK_B,2026-04-03
TXN0005242618,APP002,2025-08-09,active,200326.91,AUD,AMER,CP0173,FUTURE,TDR0117,BOOK_C,2025-08-13
TXN0008792916,APP001,2025-01-28,failed,950427.4,EUR,APAC,CP0301,OPTION,TDR0118,BOOK_C,2025-07-26
TXN0006551104,APP005,2025-01-20,failed,958303.67,USD,LATAM,CP0299,BOND,TDR0197,BOOK_B,2025-02-25
TXN0005595617,APP017,2025-07-30,settled,48677.02,EUR,EMEA,CP0281,SWAP,TDR0124,BOOK_D,2025-12-27
TXN0009763148,APP015,2026-02-24,failed,943355.04,AUD,LATAM,CP0075,FX,TDR0047,BOOK_C,2025-09-05
TXN0006939419,APP012,2025-06-30,pending,977346.86,GBP,LATAM,CP0117,OPTION,TDR0047,BOOK_D,2026-03-08
TXN0007967957,APP012,2025-10-09,settled,957244.06,USD,LATAM,CP0064,OPTION,TDR0027,BOOK_C,2026-02-06
TXN0008729632,APP017,2025-07-04,pending,656818.64,GBP,EMEA,CP0286,BOND,TDR0035,BOOK_B,2026-01-14
TXN0006890998,APP003,2025-09-03,active,733023.65,CHF,EMEA,CP0495,OPTION,TDR0002,BOOK_B,2025-07-06
TXN0005691978,APP016,2025-10-31,reversed,869153.91,GBP,AMER,CP0352,FUTURE,TDR0191,BOOK_B,2025-07-19
TXN0002164496,APP010,2025-08-14,pending,701813.45,AUD,AMER,CP0046,FX,TDR0107,BOOK_C,2025-01-26
TXN0001182827,APP019,2025-04-03,active,614026.61,GBP,AMER,CP0030,OPTION,TDR0035,BOOK_D,2026-02-25
TXN0002387500,APP010,2025-04-02,reversed,482442.44,EUR,LATAM,CP0103,OPTION,TDR0043,BOOK_A,2025-08-13
TXN0007273855,APP011,2025-10-02,failed,479404.45,CHF,EMEA,CP0261,FX,TDR0042,BOOK_D,2026-03-28
TXN0007917650,APP012,2025-06-15,failed,814835.46,JPY,EMEA,CP0413,BOND,TDR0193,BOOK_C,2025-06-27
TXN0003929328,APP014,2025-02-26,reversed,888710.19,JPY,APAC,CP0124,BOND,TDR0011,BOOK_A,2025-03-29
TXN0006718107,APP012,2026-02-01,reversed,274226.48,EUR,EMEA,CP0190,BOND,TDR0086,BOOK_C,2025-11-22
TXN0001400424,APP011,2025-10-25,active,124301.63,JPY,EMEA,CP0339,OPTION,TDR0015,BOOK_D,2025-01-25
TXN0001687241,APP005,2026-04-05,reversed,930368.58,AUD,APAC,CP0385,FX,TDR0167,BOOK_B,2025-01-29
TXN0003142223,APP010,2025-01-14,pending,91782.95,GBP,AMER,CP0026,EQUITY,TDR0146,BOOK_A,2025-09-21
TXN0003633334,APP008,2025-02-07,failed,186212.64,CHF,AMER,CP0449,EQUITY,TDR0126,BOOK_B,2025-05-05
TXN0009969117,APP019,2025-12-05,settled,914998.61,AUD,APAC,CP0204,FX,TDR0139,BOOK_B,2025-05-22
TXN0004940968,APP001,2025-09-14,active,515749.87,GBP,LATAM,CP0252,EQUITY,TDR0133,BOOK_B,2025-11-07
TXN0004778265,APP009,2025-08-15,active,799925.27,CHF,EMEA,CP0488,FX,TDR0061,BOOK_C,2025-01-20
TXN0009532140,APP003,2025-03-03,failed,895672.47,EUR,EMEA,CP0350,FX,TDR0037,BOOK_B,2026-02-10
TXN0002679544,APP010,2026-01-31,pending,147273.02,EUR,AMER,CP0122,OPTION,TDR0105,BOOK_C,2025-05-21
TXN0002754551,APP010,2026-01-02,reversed,516404.01,EUR,APAC,CP0303,FUTURE,TDR0117,BOOK_B,2025-05-05
TXN0001781440,APP002,2025-11-20,pending,254764.47,USD,AMER,CP0301,EQUITY,TDR0095,BOOK_C,2025-03-24
TXN0000262201,APP006,2025-02-01,reversed,747802.29,GBP,AMER,CP0049,FX,TDR0082,BOOK_C,2025-08-17
TXN0008105330,APP003,2025-04-30,active,889033.29,EUR,LATAM,CP0436,EQUITY,TDR0103,BOOK_B,2026-03-01
TXN0005211115,APP019,2025-11-15,settled,951528.08,EUR,AMER,CP0235,SWAP,TDR0026,BOOK_B,2025-09-15
TXN0006875512,APP002,2026-04-13,pending,715221.32,USD,LATAM,CP0018,FX,TDR0067,BOOK_C,2025-10-26
TXN0006153483,APP009,2025-09-14,failed,585905.44,AUD,LATAM,CP0266,SWAP,TDR0003,BOOK_C,2025-08-16
TXN0008404641,APP004,2025-10-22,settled,134876.22,GBP,LATAM,CP0286,SWAP,TDR0174,BOOK_C,2025-01-01
TXN0008365279,APP007,2025-11-30,pending,388339.32,CHF,EMEA,CP0079,FUTURE,TDR0063,BOOK_A,2025-06-09
TXN0001853250,APP009,2025-06-08,pending,770741.67,AUD,LATAM,CP0065,OPTION,TDR0053,BOOK_D,2026-03-03
TXN0007964879,APP002,2025-11-20,failed,681004.91,GBP,APAC,CP0425,FUTURE,TDR0152,BOOK_D,2025-04-12
TXN0001539006,APP012,2025-09-29,reversed,452353.11,CHF,APAC,CP0208,SWAP,TDR0128,BOOK_C,2025-07-04
TXN0009328969,APP015,2025-06-22,failed,163024.46,USD,AMER,CP0473,FUTURE,TDR0192,BOOK_B,2026-02-07
TXN0003848888,APP009,2025-06-03,active,155707.08,AUD,APAC,CP0386,OPTION,TDR0131,BOOK_A,2025-03-16
TXN0000580546,APP008,2025-10-12,reversed,403096.77,CHF,AMER,CP0210,EQUITY,TDR0002,BOOK_D,2025-10-04
TXN0001891994,APP008,2025-04-27,pending,739286.82,JPY,EMEA,CP0476,FUTURE,TDR0167,BOOK_A,2026-01-31
TXN0005579977,APP002,2025-10-15,reversed,634006.21,USD,APAC,CP0121,EQUITY,TDR0078,BOOK_B,2025-03-19
TXN0003130121,APP015,2025-09-24,failed,444219.64,GBP,EMEA,CP0337,BOND,TDR0097,BOOK_A,2025-12-15
TXN0004046219,APP020,2025-05-26,settled,308769.29,GBP,APAC,CP0364,SWAP,TDR0143,BOOK_C,2026-02-25
TXN0002092720,APP012,2025-06-29,settled,774228.08,EUR,APAC,CP0335,EQUITY,TDR0067,BOOK_C,2025-12-13
TXN0008208279,APP018,2025-08-25,failed,407177.81,CHF,EMEA,CP0139,BOND,TDR0122,BOOK_A,2025-12-23
TXN0009091562,APP012,2025-10-06,settled,972847.84,GBP,AMER,CP0075,OPTION,TDR0024,BOOK_A,2026-03-14
TXN0008443529,APP012,2025-08-13,active,479243.18,JPY,EMEA,CP0060,SWAP,TDR0163,BOOK_C,2025-05-18
TXN0007312555,APP010,2025-09-07,reversed,121427.86,GBP,LATAM,CP0248,FUTURE,TDR0022,BOOK_B,2026-01-23
TXN0004425467,APP006,2025-12-14,reversed,6682.79,AUD,LATAM,CP0143,FUTURE,TDR0049,BOOK_A,2025-06-25
TXN0003414846,APP020,2025-11-13,active,245810.21,USD,LATAM,CP0179,FUTURE,TDR0039,BOOK_A,2025-01-16
TXN0007946103,APP019,2025-02-17,failed,966827.56,EUR,LATAM,CP0342,FX,TDR0070,BOOK_C,2025-10-10
TXN0006503686,APP004,2025-08-23,failed,366169.76,EUR,EMEA,CP0245,EQUITY,TDR0086,BOOK_D,2025-02-25
TXN0008025896,APP010,2025-07-02,failed,698837.12,EUR,AMER,CP0367,OPTION,TDR0036,BOOK_A,2025-06-30
TXN0002203627,APP005,2026-02-22,settled,137021.3,EUR,LATAM,CP0050,FX,TDR0126,BOOK_D,2025-10-15
TXN0001662676,APP019,2025-06-09,active,500950.37,EUR,EMEA,CP0140,FX,TDR0192,BOOK_C,2025-08-29
TXN0004155504,APP013,2025-03-15,reversed,453153.61,EUR,EMEA,CP0107,OPTION,TDR0184,BOOK_A,2025-01-26
TXN0001750883,APP014,2025-09-15,reversed,153132.72,USD,AMER,CP0375,OPTION,TDR0046,BOOK_D,2025-08-29
TXN0007555043,APP004,2025-06-26,active,252714.66,CHF,LATAM,CP0120,OPTION,TDR0190,BOOK_D,2025-04-22
TXN0000108833,APP012,2025-11-25,pending,699514.16,JPY,APAC,CP0056,BOND,TDR0033,BOOK_C,2025-05-02
TXN0004016974,APP010,2026-02-26,failed,89211.1,CHF,AMER,CP0209,BOND,TDR0126,BOOK_B,2026-02-24
TXN0009933248,APP001,2025-03-22,pending,245871.07,EUR,APAC,CP0346,FX,TDR0015,BOOK_C,2026-01-18
TXN0006090524,APP010,2025-08-11,failed,721949.49,EUR,AMER,CP0457,FX,TDR0075,BOOK_C,2026-04-01
TXN0007709272,APP014,2025-10-31,pending,753838.84,GBP,AMER,CP0236,BOND,TDR0141,BOOK_A,2026-03-04
TXN0003325071,APP006,2025-10-29,pending,261980.52,USD,AMER,CP0242,OPTION,TDR0082,BOOK_A,2026-01-11
TXN0001849769,APP010,2025-08-17,reversed,687986.72,JPY,EMEA,CP0385,FX,TDR0105,BOOK_B,2025-11-19
TXN0002120905,APP019,2025-04-27,active,11053.43,USD,LATAM,CP0470,SWAP,TDR0071,BOOK_B,2026-01-10
TXN0005099449,APP011,2026-01-14,settled,842778.94,CHF,AMER,CP0469,OPTION,TDR0185,BOOK_C,2025-04-29
TXN0000794955,APP017,2026-03-31,settled,470234.68,EUR,AMER,CP0245,FUTURE,TDR0036,BOOK_A,2025-10-25
TXN0001873135,APP005,2025-05-26,active,951592.84,CHF,APAC,CP0488,OPTION,TDR0074,BOOK_A,2025-03-06
TXN0008918790,APP020,2026-03-12,failed,227979.55,JPY,AMER,CP0064,OPTION,TDR0150,BOOK_A,2025-07-06
TXN0008227592,APP003,2026-02-12,settled,241150.44,CHF,AMER,CP0035,SWAP,TDR0199,BOOK_B,2025-07-15
TXN0008565900,APP008,2026-02-23,pending,803629.05,CHF,LATAM,CP0312,OPTION,TDR0110,BOOK_D,2026-01-22
TXN0004008954,APP005,2025-02-20,pending,838687.93,EUR,EMEA,CP0365,FX,TDR0025,BOOK_A,2025-04-22
TXN0001747704,APP004,2025-10-23,failed,444127.8,JPY,AMER,CP0468,FUTURE,TDR0016,BOOK_C,2025-05-28
TXN0002643785,APP017,2026-02-25,failed,573703.8,JPY,AMER,CP0207,SWAP,TDR0078,BOOK_C,2025-12-07
TXN0006248994,APP020,2025-03-07,pending,40036.42,EUR,AMER,CP0093,FX,TDR0048,BOOK_C,2025-04-24
TXN0006528383,APP017,2025-11-01,settled,28686.46,EUR,EMEA,CP0285,EQUITY,TDR0158,BOOK_B,2025-11-03
TXN0009322727,APP015,2025-04-09,settled,838557.91,GBP,LATAM,CP0078,BOND,TDR0002,BOOK_C,2025-02-07
TXN0009443139,APP017,2025-03-07,reversed,488644.21,JPY,AMER,CP0020,OPTION,TDR0025,BOOK_B,2025-03-18
TXN0008486895,APP012,2025-05-26,reversed,793449.09,GBP,EMEA,CP0141,FX,TDR0142,BOOK_D,2025-10-03
TXN0000815259,APP018,2026-01-31,settled,735196.38,EUR,LATAM,CP0268,OPTION,TDR0080,BOOK_B,2025-06-17
TXN0006051555,APP005,2025-08-22,active,569884.16,GBP,APAC,CP0391,OPTION,TDR0012,BOOK_B,2026-04-09
TXN0003112674,APP012,2025-03-25,active,50621.73,USD,AMER,CP0297,OPTION,TDR0002,BOOK_C,2026-02-26
TXN0008141760,APP010,2025-07-13,reversed,378650.65,AUD,LATAM,CP0280,BOND,TDR0177,BOOK_D,2025-04-24
TXN0008339222,APP013,2026-01-16,failed,428531.32,GBP,AMER,CP0483,BOND,TDR0005,BOOK_C,2025-06-17
TXN0006778206,APP004,2025-04-19,pending,473769.03,CHF,EMEA,CP0043,BOND,TDR0089,BOOK_D,2025-02-13
TXN0007370637,APP002,2025-01-11,pending,116165.99,EUR,AMER,CP0057,EQUITY,TDR0110,BOOK_D,2025-09-12
TXN0007871780,APP003,2025-04-17,pending,919296.86,JPY,APAC,CP0459,FUTURE,TDR0041,BOOK_B,2025-09-04
TXN0003267531,APP010,2025-02-05,reversed,843395.74,GBP,APAC,CP0162,OPTION,TDR0073,BOOK_A,2025-01-08
TXN0001508797,APP008,2025-05-03,pending,811462.22,AUD,AMER,CP0179,OPTION,TDR0063,BOOK_B,2026-02-05
TXN0000144492,APP017,2025-06-16,failed,154959.51,JPY,APAC,CP0412,SWAP,TDR0091,BOOK_D,2026-01-24
TXN0006816069,APP018,2025-04-26,pending,342970.39,GBP,APAC,CP0415,EQUITY,TDR0034,BOOK_D,2025-04-07
TXN0002591970,APP004,2025-05-11,active,815729.78,EUR,EMEA,CP0275,FX,TDR0076,BOOK_C,2025-05-03
TXN0001661545,APP016,2026-04-13,active,922108.19,JPY,APAC,CP0405,SWAP,TDR0043,BOOK_B,2025-07-09
TXN0000462294,APP020,2025-08-11,pending,76763.62,USD,LATAM,CP0200,FX,TDR0181,BOOK_C,2025-07-12
TXN0008960204,APP013,2025-12-19,reversed,445610.1,CHF,EMEA,CP0262,OPTION,TDR0161,BOOK_D,2025-07-06
TXN0003648562,APP001,2025-07-28,reversed,711653.41,CHF,AMER,CP0412,OPTION,TDR0102,BOOK_A,2026-03-30
TXN0008518043,APP010,2026-02-26,reversed,963830.29,GBP,LATAM,CP0431,EQUITY,TDR0053,BOOK_A,2025-03-08
TXN0005347269,APP008,2025-02-21,pending,528387.0,USD,EMEA,CP0016,EQUITY,TDR0049,BOOK_A,2025-09-12
TXN0006411214,APP001,2025-07-10,pending,131465.39,AUD,LATAM,CP0240,OPTION,TDR0146,BOOK_B,2025-08-31
TXN0007594619,APP013,2025-07-18,failed,104642.65,EUR,LATAM,CP0318,EQUITY,TDR0010,BOOK_B,2025-06-01
TXN0004057008,APP002,2025-08-27,settled,417008.27,GBP,APAC,CP0333,EQUITY,TDR0107,BOOK_A,2025-07-20
TXN0000728132,APP018,2025-08-16,settled,555973.24,EUR,EMEA,CP0153,BOND,TDR0008,BOOK_C,2026-03-15
TXN0008049375,APP005,2025-02-27,reversed,223015.83,AUD,LATAM,CP0485,SWAP,TDR0035,BOOK_C,2025-04-15
TXN0002598888,APP019,2025-10-06,active,18278.1,CHF,LATAM,CP0282,EQUITY,TDR0112,BOOK_D,2025-10-08
TXN0000316204,APP014,2025-02-11,active,466805.81,GBP,LATAM,CP0343,EQUITY,TDR0019,BOOK_D,2025-03-01
TXN0005550875,APP018,2025-04-30,active,173416.01,CHF,EMEA,CP0232,FX,TDR0061,BOOK_A,2025-12-29
TXN0005531965,APP008,2025-12-12,pending,851009.47,JPY,EMEA,CP0449,FUTURE,TDR0047,BOOK_C,2026-01-16
TXN0000717101,APP005,2025-05-21,failed,370939.89,EUR,APAC,CP0219,SWAP,TDR0173,BOOK_A,2026-01-28
TXN0000616320,APP002,2026-03-19,settled,534914.41,GBP,LATAM,CP0368,EQUITY,TDR0044,BOOK_A,2025-09-15
TXN0001871639,APP003,2025-09-07,active,365930.87,EUR,EMEA,CP0315,SWAP,TDR0128,BOOK_D,2025-05-15
TXN0000814957,APP012,2026-03-06,reversed,485513.66,EUR,EMEA,CP0179,OPTION,TDR0083,BOOK_C,2025-06-23
TXN0005049899,APP003,2025-02-01,pending,523735.77,GBP,AMER,CP0180,BOND,TDR0019,BOOK_C,2025-01-11
TXN0000257639,APP014,2025-12-16,failed,767669.44,EUR,EMEA,CP0333,OPTION,TDR0114,BOOK_C,2025-08-29
TXN0009132174,APP018,2025-06-03,reversed,88646.39,EUR,APAC,CP0197,EQUITY,TDR0159,BOOK_D,2025-03-20
TXN0000121320,APP009,2025-06-17,reversed,181940.45,AUD,EMEA,CP0171,OPTION,TDR0005,BOOK_C,2025-07-04
TXN0003750596,APP005,2025-04-02,failed,840321.75,AUD,EMEA,CP0270,OPTION,TDR0160,BOOK_A,2025-04-02
TXN0009426946,APP016,2026-02-27,settled,706114.33,EUR,APAC,CP0313,SWAP,TDR0072,BOOK_A,2025-02-11
TXN0005152505,APP008,2025-03-03,pending,361930.22,USD,AMER,CP0020,BOND,TDR0018,BOOK_A,2025-08-23
TXN0009286026,APP009,2025-06-29,settled,739086.9,AUD,EMEA,CP0492,BOND,TDR0175,BOOK_A,2025-07-22
TXN0000705253,APP016,2025-12-21,pending,210641.52,GBP,APAC,CP0381,SWAP,TDR0103,BOOK_B,2025-02-10
TXN0000979114,APP014,2025-10-18,pending,582226.31,CHF,APAC,CP0099,FX,TDR0034,BOOK_A,2026-01-01
TXN0009772279,APP020,2025-03-10,failed,132259.57,CHF,LATAM,CP0317,FX,TDR0104,BOOK_B,2026-01-14
TXN0009489380,APP009,2025-09-05,settled,343514.97,USD,AMER,CP0068,FX,TDR0088,BOOK_A,2025-07-16
TXN0009548291,APP002,2025-07-01,reversed,812153.81,CHF,AMER,CP0238,BOND,TDR0003,BOOK_D,2025-11-10
TXN0003020444,APP009,2025-07-04,pending,81185.74,JPY,APAC,CP0103,EQUITY,TDR0035,BOOK_D,2025-07-25
TXN0008052783,APP002,2025-04-22,active,671906.41,JPY,EMEA,CP0150,SWAP,TDR0162,BOOK_B,2025-09-10
TXN0006150863,APP005,2025-06-13,active,340786.03,USD,LATAM,CP0358,BOND,TDR0174,BOOK_B,2026-01-29
TXN0000210457,APP003,2025-01-29,reversed,855459.85,JPY,EMEA,CP0176,OPTION,TDR0158,BOOK_A,2025-10-29
TXN0009152053,APP011,2025-08-26,pending,102472.9,CHF,EMEA,CP0243,OPTION,TDR0199,BOOK_D,2025-01-19
TXN0005858748,APP003,2025-11-03,active,691441.79,AUD,EMEA,CP0232,SWAP,TDR0193,BOOK_C,2026-04-13
TXN0002293711,APP007,2025-12-15,settled,504251.71,JPY,LATAM,CP0387,FUTURE,TDR0093,BOOK_C,2025-10-06
TXN0001475973,APP013,2025-10-15,active,227048.35,EUR,LATAM,CP0365,FX,TDR0132,BOOK_B,2025-07-23
TXN0004755818,APP011,2025-03-30,failed,98843.61,GBP,AMER,CP0439,BOND,TDR0128,BOOK_B,2025-05-20
TXN0004793947,APP008,2025-11-30,settled,96185.38,AUD,AMER,CP0487,EQUITY,TDR0067,BOOK_C,2026-03-16
TXN0007640464,APP014,2026-01-27,failed,726316.47,EUR,LATAM,CP0168,EQUITY,TDR0172,BOOK_D,2025-04-20
TXN0008536820,APP018,2026-03-18,active,256757.34,JPY,APAC,CP0025,OPTION,TDR0125,BOOK_A,2025-01-31
TXN0009917837,APP006,2025-11-30,settled,666021.95,EUR,LATAM,CP0317,BOND,TDR0055,BOOK_C,2025-11-27
TXN0003761111,APP016,2025-08-18,reversed,687676.84,AUD,EMEA,CP0009,EQUITY,TDR0182,BOOK_C,2025-01-17
TXN0001663204,APP010,2025-08-04,active,127924.31,EUR,LATAM,CP0367,SWAP,TDR0012,BOOK_B,2026-03-07
TXN0006899603,APP013,2025-11-10,reversed,685056.99,EUR,APAC,CP0224,EQUITY,TDR0078,BOOK_C,2025-11-02
TXN0004823018,APP017,2025-07-02,active,759547.71,USD,AMER,CP0490,BOND,TDR0003,BOOK_C,2025-06-01
TXN0004550171,APP001,2025-03-04,pending,560271.07,EUR,APAC,CP0169,EQUITY,TDR0130,BOOK_C,2025-05-27
TXN0000427026,APP020,2025-05-22,reversed,114086.2,AUD,APAC,CP0250,BOND,TDR0056,BOOK_B,2025-04-07
TXN0009177863,APP002,2025-07-02,settled,201030.93,GBP,APAC,CP0197,OPTION,TDR0097,BOOK_C,2026-03-30
TXN0004363122,APP013,2025-02-21,settled,170347.38,GBP,AMER,CP0458,FUTURE,TDR0076,BOOK_C,2025-12-26
TXN0008046735,APP002,2026-03-26,active,251797.1,EUR,LATAM,CP0217,SWAP,TDR0139,BOOK_A,2025-08-13
TXN0005493888,APP008,2025-08-12,failed,888131.24,USD,EMEA,CP0203,FUTURE,TDR0149,BOOK_D,2025-10-04
TXN0008264749,APP011,2025-12-09,settled,168297.54,CHF,AMER,CP0344,OPTION,TDR0085,BOOK_D,2025-03-10
TXN0008323116,APP018,2025-02-24,failed,539746.21,GBP,AMER,CP0045,FUTURE,TDR0176,BOOK_C,2025-01-13
TXN0007679739,APP001,2025-01-13,reversed,509941.55,AUD,APAC,CP0344,BOND,TDR0038,BOOK_C,2025-04-12
TXN0005927340,APP010,2026-03-02,active,636682.8,JPY,APAC,CP0245,OPTION,TDR0192,BOOK_D,2025-12-20
TXN0003754129,APP014,2026-03-12,pending,649208.7,EUR,LATAM,CP0348,OPTION,TDR0140,BOOK_A,2025-06-20
TXN0006964492,APP019,2026-03-06,failed,894903.27,AUD,AMER,CP0015,FX,TDR0009,BOOK_D,2025-03-12
TXN0000012637,APP019,2025-12-02,pending,277974.6,USD,APAC,CP0482,SWAP,TDR0031,BOOK_C,2025-12-02
TXN0000555490,APP008,2025-10-13,settled,656531.77,GBP,AMER,CP0182,BOND,TDR0048,BOOK_D,2025-04-19
TXN0003592739,APP015,2026-03-18,settled,704139.67,AUD,EMEA,CP0073,EQUITY,TDR0056,BOOK_D,2025-08-22
TXN0007191926,APP004,2025-08-03,active,54285.16,JPY,LATAM,CP0340,BOND,TDR0159,BOOK_B,2026-04-01
TXN0002445225,APP015,2025-02-15,failed,649282.27,USD,LATAM,CP0126,BOND,TDR0110,BOOK_D,2025-11-07
TXN0001139951,APP017,2025-06-18,settled,179455.55,JPY,AMER,CP0303,FX,TDR0041,BOOK_A,2025-12-20
TXN0001131042,APP010,2025-03-31,settled,412970.24,JPY,APAC,CP0087,EQUITY,TDR0162,BOOK_C,2026-02-27
TXN0004247389,APP001,2026-01-13,reversed,794890.73,GBP,APAC,CP0206,OPTION,TDR0004,BOOK_D,2025-10-23
TXN0009059783,APP018,2025-04-02,failed,199503.42,USD,EMEA,CP0111,OPTION,TDR0040,BOOK_A,2025-10-06
TXN0003530382,APP016,2025-12-08,failed,149767.52,JPY,EMEA,CP0122,FUTURE,TDR0121,BOOK_D,2025-06-04
TXN0004138066,APP003,2026-02-26,settled,923296.71,USD,EMEA,CP0114,BOND,TDR0067,BOOK_D,2025-06-02
TXN0008241617,APP011,2025-06-03,settled,356631.59,GBP,LATAM,CP0208,FUTURE,TDR0091,BOOK_C,2025-05-12
TXN0004492543,APP019,2025-02-26,pending,330398.97,CHF,APAC,CP0266,BOND,TDR0061,BOOK_C,2026-02-18
TXN0009096295,APP017,2025-03-31,pending,932209.8,JPY,LATAM,CP0161,FUTURE,TDR0159,BOOK_D,2025-07-14
TXN0005514908,APP019,2025-11-28,reversed,450027.39,EUR,APAC,CP0077,FUTURE,TDR0161,BOOK_B,2025-07-03
TXN0005383386,APP003,2025-02-18,failed,545591.38,USD,LATAM,CP0171,OPTION,TDR0183,BOOK_D,2025-03-26
TXN0008513727,APP012,2025-04-11,active,722441.47,EUR,EMEA,CP0422,FX,TDR0132,BOOK_C,2025-04-16
TXN0002429210,APP006,2026-01-07,failed,857278.6,CHF,APAC,CP0258,FX,TDR0102,BOOK_C,2025-08-17
TXN0006607494,APP018,2025-08-14,reversed,637493.23,USD,AMER,CP0244,FX,TDR0102,BOOK_C,2025-08-29
TXN0003983268,APP006,2025-05-27,active,151246.35,EUR,AMER,CP0029,OPTION,TDR0027,BOOK_B,2026-02-08
TXN0007035376,APP020,2026-04-10,pending,946793.61,USD,AMER,CP0483,FX,TDR0047,BOOK_D,2025-09-14
TXN0004617068,APP005,2025-08-16,active,691968.11,GBP,AMER,CP0255,FUTURE,TDR0111,BOOK_C,2025-01-23
TXN0007267555,APP009,2025-12-01,pending,314774.72,JPY,EMEA,CP0108,FUTURE,TDR0102,BOOK_C,2026-01-28
TXN0007965781,APP006,2025-03-09,active,13278.57,CHF,EMEA,CP0437,EQUITY,TDR0178,BOOK_A,2025-11-14
TXN0007065856,APP014,2025-10-07,reversed,647830.59,AUD,AMER,CP0198,FUTURE,TDR0115,BOOK_A,2025-04-03
TXN0006530799,APP013,2025-09-27,reversed,888669.26,AUD,APAC,CP0429,OPTION,TDR0083,BOOK_B,2025-11-29
TXN0004739367,APP012,2026-01-18,settled,617237.86,AUD,LATAM,CP0310,FUTURE,TDR0081,BOOK_A,2025-12-01
TXN0007726429,APP017,2025-06-19,pending,779602.78,GBP,APAC,CP0286,SWAP,TDR0135,BOOK_D,2025-08-18
TXN0007339304,APP003,2025-11-13,active,925049.29,EUR,LATAM,CP0474,SWAP,TDR0026,BOOK_A,2025-03-10
TXN0006641082,APP020,2025-04-26,reversed,516731.72,CHF,APAC,CP0354,FUTURE,TDR0037,BOOK_B,2026-02-28
TXN0006357064,APP009,2025-09-19,reversed,166511.84,AUD,AMER,CP0277,SWAP,TDR0063,BOOK_B,2025-12-03
TXN0007018510,APP003,2025-05-20,settled,425585.35,EUR,LATAM,CP0319,FUTURE,TDR0195,BOOK_A,2025-05-17
TXN0004941087,APP010,2026-04-07,active,535700.69,EUR,AMER,CP0279,BOND,TDR0174,BOOK_D,2025-02-13
TXN0003702968,APP002,2026-03-05,settled,928892.38,CHF,LATAM,CP0363,FUTURE,TDR0155,BOOK_B,2025-05-14
TXN0008803262,APP002,2025-11-16,settled,930841.2,JPY,APAC,CP0390,FX,TDR0121,BOOK_D,2026-01-16
TXN0009602866,APP015,2025-02-17,settled,62400.32,AUD,APAC,CP0042,BOND,TDR0124,BOOK_D,2026-01-18
TXN0002044500,APP002,2025-03-13,pending,63492.7,USD,EMEA,CP0310,BOND,TDR0082,BOOK_A,2025-04-24
TXN0003603574,APP008,2025-04-23,pending,206897.45,USD,LATAM,CP0489,FX,TDR0146,BOOK_D,2026-03-19
TXN0007711476,APP005,2025-03-27,active,6250.02,USD,APAC,CP0381,OPTION,TDR0010,BOOK_C,2025-06-25
TXN0007722894,APP004,2025-09-24,settled,702310.8,AUD,AMER,CP0416,BOND,TDR0064,BOOK_D,2025-07-10
TXN0003310179,APP017,2025-05-12,active,257966.61,GBP,LATAM,CP0376,BOND,TDR0084,BOOK_A,2025-03-19
TXN0009788140,APP002,2025-12-21,pending,55819.72,EUR,APAC,CP0349,SWAP,TDR0042,BOOK_D,2025-05-02
TXN0007812299,APP012,2025-08-08,reversed,412736.24,USD,LATAM,CP0420,FUTURE,TDR0138,BOOK_C,2025-07-20
TXN0003659867,APP003,2025-07-10,pending,194384.18,EUR,LATAM,CP0335,OPTION,TDR0121,BOOK_D,2025-06-26
TXN0009429848,APP003,2025-05-29,failed,991549.78,GBP,APAC,CP0126,OPTION,TDR0078,BOOK_D,2025-12-07
TXN0007070239,APP015,2025-01-13,settled,361302.81,JPY,LATAM,CP0435,EQUITY,TDR0174,BOOK_B,2026-03-20
TXN0009708865,APP012,2026-02-07,failed,913848.94,USD,APAC,CP0468,FX,TDR0118,BOOK_C,2025-08-14
TXN0003063395,APP016,2025-02-26,failed,392257.43,USD,APAC,CP0151,BOND,TDR0085,BOOK_C,2025-12-30
TXN0001975752,APP020,2026-03-02,failed,375134.85,AUD,LATAM,CP0076,FX,TDR0123,BOOK_B,2025-01-05
TXN0002279511,APP007,2025-08-01,failed,338675.26,EUR,APAC,CP0315,EQUITY,TDR0139,BOOK_A,2025-06-02
TXN0002413902,APP015,2025-08-19,active,397417.2,AUD,AMER,CP0351,SWAP,TDR0049,BOOK_A,2025-09-29
TXN0001594013,APP002,2025-10-28,active,524849.75,USD,APAC,CP0174,FX,TDR0109,BOOK_A,2025-01-09
TXN0000094740,APP019,2025-03-30,active,861120.46,JPY,AMER,CP0147,OPTION,TDR0191,BOOK_B,2025-01-22
TXN0001559522,APP020,2025-12-09,failed,176586.43,JPY,APAC,CP0429,BOND,TDR0003,BOOK_A,2025-06-18
TXN0005489335,APP008,2025-03-13,active,990508.17,EUR,AMER,CP0141,BOND,TDR0048,BOOK_A,2025-05-04
TXN0003964796,APP019,2025-03-14,reversed,954544.88,EUR,EMEA,CP0204,SWAP,TDR0152,BOOK_D,2025-12-08
TXN0004372380,APP001,2026-01-18,active,152635.02,CHF,APAC,CP0075,BOND,TDR0033,BOOK_B,2026-03-30
TXN0009442919,APP004,2025-05-09,pending,558650.61,USD,EMEA,CP0022,BOND,TDR0047,BOOK_A,2025-01-21
TXN0004706189,APP020,2025-04-21,active,90813.04,CHF,LATAM,CP0322,OPTION,TDR0139,BOOK_A,2025-04-05
TXN0009406104,APP017,2025-04-29,reversed,658903.3,CHF,LATAM,CP0067,FX,TDR0005,BOOK_C,2025-06-20
TXN0003167448,APP020,2025-03-25,reversed,392912.84,JPY,LATAM,CP0293,BOND,TDR0170,BOOK_D,2025-02-21
TXN0006131473,APP016,2025-08-13,failed,125251.46,CHF,EMEA,CP0390,BOND,TDR0101,BOOK_B,2025-12-21
TXN0005831797,APP004,2026-03-03,reversed,312495.52,USD,EMEA,CP0213,SWAP,TDR0076,BOOK_B,2025-09-16
TXN0001285995,APP016,2025-03-28,failed,660441.94,AUD,EMEA,CP0168,OPTION,TDR0168,BOOK_D,2025-08-01
TXN0002288663,APP019,2025-10-04,pending,28551.7,EUR,APAC,CP0380,FX,TDR0046,BOOK_B,2025-09-27
TXN0005947356,APP018,2025-11-17,failed,948530.06,AUD,APAC,CP0047,BOND,TDR0103,BOOK_A,2026-04-08
TXN0001836229,APP018,2025-06-16,reversed,279503.9,AUD,APAC,CP0401,BOND,TDR0013,BOOK_D,2025-07-23
TXN0003030655,APP007,2025-02-18,active,704715.28,JPY,AMER,CP0480,EQUITY,TDR0054,BOOK_C,2025-01-09
TXN0008470454,APP010,2025-06-09,failed,878079.3,EUR,EMEA,CP0452,BOND,TDR0043,BOOK_C,2025-05-08
TXN0000086390,APP001,2026-01-07,reversed,2523.41,CHF,AMER,CP0441,OPTION,TDR0149,BOOK_C,2025-06-14
TXN0003220948,APP013,2025-04-19,failed,685637.4,CHF,LATAM,CP0208,BOND,TDR0135,BOOK_A,2026-03-02
TXN0003860941,APP009,2025-09-11,settled,530080.62,CHF,APAC,CP0427,OPTION,TDR0042,BOOK_A,2025-04-28
TXN0005868127,APP007,2025-11-30,reversed,939848.15,JPY,EMEA,CP0035,BOND,TDR0104,BOOK_A,2025-11-09
TXN0000795850,APP013,2025-06-09,active,929769.09,JPY,APAC,CP0476,BOND,TDR0122,BOOK_A,2025-08-03
TXN0003203103,APP009,2025-05-06,failed,479455.19,CHF,EMEA,CP0414,FUTURE,TDR0138,BOOK_B,2025-05-19
TXN0009343005,APP015,2026-01-02,pending,637313.52,GBP,EMEA,CP0333,EQUITY,TDR0005,BOOK_C,2025-01-14
TXN0004388106,APP008,2025-05-18,pending,496233.53,EUR,APAC,CP0026,FUTURE,TDR0032,BOOK_A,2026-02-04
TXN0001572085,APP003,2025-08-06,settled,231915.19,GBP,EMEA,CP0291,FUTURE,TDR0133,BOOK_D,2025-07-09
TXN0002863778,APP009,2025-03-16,failed,247722.72,GBP,AMER,CP0324,OPTION,TDR0149,BOOK_A,2026-01-27
TXN0005953201,APP017,2025-09-08,reversed,730641.4,EUR,LATAM,CP0292,EQUITY,TDR0145,BOOK_C,2025-11-16
TXN0008801056,APP018,2025-07-30,settled,447959.4,USD,EMEA,CP0049,OPTION,TDR0148,BOOK_B,2025-09-30
TXN0007222826,APP015,2025-01-18,pending,494422.45,CHF,LATAM,CP0008,SWAP,TDR0102,BOOK_B,2025-04-29
TXN0003930140,APP007,2026-02-04,failed,827940.83,JPY,APAC,CP0380,FX,TDR0143,BOOK_B,2025-04-05
TXN0006893930,APP001,2026-03-14,active,613830.59,EUR,AMER,CP0337,SWAP,TDR0142,BOOK_C,2026-02-02
TXN0005845557,APP005,2026-01-02,pending,807710.85,USD,APAC,CP0116,BOND,TDR0079,BOOK_D,2025-11-17
TXN0007728033,APP004,2025-12-25,reversed,962681.54,EUR,EMEA,CP0114,FX,TDR0130,BOOK_A,2025-09-17
TXN0001443281,APP005,2025-03-13,active,914166.12,JPY,AMER,CP0286,FUTURE,TDR0178,BOOK_B,2026-02-13
TXN0000409167,APP020,2025-07-22,active,484614.51,CHF,AMER,CP0226,EQUITY,TDR0126,BOOK_A,2026-02-28
TXN0005698184,APP002,2025-02-12,failed,44979.76,AUD,APAC,CP0394,BOND,TDR0163,BOOK_A,2025-06-17
TXN0008159337,APP004,2026-01-06,reversed,470531.57,AUD,APAC,CP0353,FUTURE,TDR0148,BOOK_C,2025-04-15
TXN0002007841,APP013,2025-08-27,reversed,949540.25,USD,EMEA,CP0406,FX,TDR0078,BOOK_C,2025-08-28
TXN0007437715,APP019,2025-04-16,settled,24315.35,CHF,EMEA,CP0186,OPTION,TDR0054,BOOK_D,2025-03-23
TXN0008812092,APP020,2025-03-14,reversed,652379.73,AUD,AMER,CP0256,FUTURE,TDR0097,BOOK_D,2025-09-23
TXN0002087185,APP016,2025-04-12,active,931725.03,CHF,LATAM,CP0472,FUTURE,TDR0162,BOOK_D,2025-04-21
TXN0000861460,APP013,2025-10-22,settled,135449.18,GBP,EMEA,CP0342,EQUITY,TDR0021,BOOK_B,2026-03-14
TXN0000743607,APP019,2025-03-28,failed,387444.6,USD,LATAM,CP0305,FX,TDR0016,BOOK_B,2026-03-03
TXN0009188439,APP012,2025-08-06,failed,554601.02,AUD,AMER,CP0382,EQUITY,TDR0031,BOOK_D,2026-02-05
TXN0007357803,APP007,2025-01-18,reversed,366831.19,AUD,LATAM,CP0205,SWAP,TDR0089,BOOK_C,2025-05-23
TXN0005545724,APP009,2026-04-09,pending,860599.17,EUR,APAC,CP0169,BOND,TDR0200,BOOK_A,2025-06-20
TXN0002723484,APP010,2026-04-05,reversed,393494.32,GBP,APAC,CP0337,SWAP,TDR0141,BOOK_D,2026-01-16
TXN0009134740,APP020,2025-02-09,reversed,299005.1,AUD,LATAM,CP0142,OPTION,TDR0050,BOOK_D,2025-03-14
TXN0005568832,APP020,2026-03-30,pending,34275.62,AUD,EMEA,CP0267,OPTION,TDR0150,BOOK_C,2025-05-18
TXN0003874024,APP009,2025-03-01,failed,518007.5,GBP,AMER,CP0134,BOND,TDR0082,BOOK_C,2026-04-13
TXN0007557290,APP019,2026-04-08,settled,187690.26,GBP,APAC,CP0361,BOND,TDR0038,BOOK_C,2025-09-26
TXN0006138015,APP009,2025-07-24,failed,427136.29,USD,LATAM,CP0052,BOND,TDR0159,BOOK_A,2026-03-16
TXN0006159300,APP012,2026-03-23,failed,508441.2,GBP,AMER,CP0023,SWAP,TDR0168,BOOK_B,2026-03-13
TXN0009771013,APP006,2025-04-25,settled,711251.87,AUD,APAC,CP0229,FX,TDR0195,BOOK_C,2026-01-13
TXN0008646109,APP010,2025-01-18,pending,277835.94,AUD,APAC,CP0089,FX,TDR0019,BOOK_B,2025-01-25
TXN0005352876,APP016,2025-11-27,failed,172937.58,AUD,LATAM,CP0240,EQUITY,TDR0037,BOOK_C,2025-12-15
TXN0001232397,APP008,2025-05-30,reversed,603561.49,JPY,APAC,CP0152,OPTION,TDR0169,BOOK_D,2026-04-03
TXN0003311952,APP004,2025-04-05,pending,465726.06,GBP,APAC,CP0035,BOND,TDR0138,BOOK_B,2025-12-29
TXN0001008416,APP007,2025-11-02,settled,375437.44,USD,LATAM,CP0229,SWAP,TDR0007,BOOK_C,2025-01-11
TXN0001763047,APP013,2025-12-03,settled,16729.5,USD,AMER,CP0355,FUTURE,TDR0099,BOOK_A,2025-06-11
TXN0003751561,APP006,2025-10-05,reversed,144466.9,EUR,EMEA,CP0112,EQUITY,TDR0153,BOOK_B,2025-05-08
TXN0002230314,APP016,2025-04-15,pending,577527.11,EUR,EMEA,CP0101,BOND,TDR0015,BOOK_D,2025-05-09
TXN0009775076,APP019,2025-11-06,reversed,643798.38,GBP,EMEA,CP0010,EQUITY,TDR0146,BOOK_D,2025-04-25
TXN0007541979,APP003,2026-03-30,reversed,223754.8,EUR,APAC,CP0232,OPTION,TDR0131,BOOK_B,2025-04-04
TXN0000595481,APP007,2026-03-19,active,761640.43,JPY,EMEA,CP0364,SWAP,TDR0064,BOOK_B,2025-12-10
TXN0003150076,APP011,2025-06-12,reversed,129328.7,AUD,EMEA,CP0448,BOND,TDR0105,BOOK_B,2026-02-08
TXN0003333280,APP012,2026-03-31,settled,76982.77,AUD,APAC,CP0112,BOND,TDR0157,BOOK_A,2025-01-02
TXN0001189082,APP003,2025-03-11,settled,171669.54,JPY,AMER,CP0023,EQUITY,TDR0037,BOOK_A,2025-06-26
TXN0003519689,APP019,2026-01-22,pending,4582.95,JPY,LATAM,CP0049,FX,TDR0182,BOOK_A,2025-08-23
TXN0007576376,APP016,2025-02-22,failed,956141.04,CHF,EMEA,CP0492,BOND,TDR0003,BOOK_A,2025-11-26
TXN0006947977,APP005,2025-05-20,pending,112796.6,GBP,EMEA,CP0427,OPTION,TDR0055,BOOK_B,2026-02-09
TXN0000573618,APP015,2025-12-04,failed,834732.5,GBP,EMEA,CP0443,BOND,TDR0160,BOOK_A,2026-03-27
TXN0003368970,APP012,2025-08-27,pending,622185.25,AUD,EMEA,CP0007,SWAP,TDR0064,BOOK_D,2025-04-20
TXN0007127383,APP011,2025-01-18,settled,920025.53,EUR,APAC,CP0440,FX,TDR0009,BOOK_B,2026-04-06
TXN0007595535,APP018,2026-03-08,reversed,743066.1,EUR,AMER,CP0270,EQUITY,TDR0118,BOOK_D,2025-03-19
TXN0003498537,APP010,2025-02-15,pending,180994.01,AUD,EMEA,CP0238,BOND,TDR0152,BOOK_C,2025-09-25
TXN0001681878,APP011,2025-10-26,pending,8595.32,USD,APAC,CP0076,FUTURE,TDR0034,BOOK_D,2025-10-25
TXN0007519247,APP009,2025-02-14,reversed,930298.74,AUD,EMEA,CP0362,EQUITY,TDR0073,BOOK_C,2025-10-11
TXN0007156035,APP003,2026-03-19,pending,287673.61,JPY,AMER,CP0260,FUTURE,TDR0040,BOOK_B,2026-04-10
TXN0001714058,APP015,2025-05-01,failed,451258.82,CHF,LATAM,CP0340,FUTURE,TDR0047,BOOK_A,2025-03-20
TXN0008149516,APP008,2025-10-18,active,826341.74,EUR,LATAM,CP0056,FX,TDR0145,BOOK_A,2026-04-03
TXN0009709140,APP018,2026-01-27,pending,801157.76,GBP,AMER,CP0078,BOND,TDR0140,BOOK_B,2026-01-04
TXN0000801851,APP004,2025-08-07,failed,301729.26,GBP,APAC,CP0466,BOND,TDR0096,BOOK_D,2025-12-11
TXN0000736472,APP017,2025-05-25,active,407025.13,GBP,LATAM,CP0064,EQUITY,TDR0185,BOOK_A,2025-12-26
TXN0002315089,APP008,2025-10-16,pending,997746.44,JPY,AMER,CP0248,BOND,TDR0053,BOOK_C,2026-03-04
TXN0003983946,APP009,2026-03-15,pending,61307.71,GBP,APAC,CP0080,OPTION,TDR0021,BOOK_B,2025-02-14
TXN0002017867,APP006,2025-07-30,pending,548839.72,CHF,EMEA,CP0365,FUTURE,TDR0141,BOOK_D,2025-12-04
TXN0003303263,APP010,2025-11-20,active,156029.71,EUR,AMER,CP0232,SWAP,TDR0114,BOOK_B,2026-01-15
TXN0002497676,APP008,2026-03-04,active,268202.83,AUD,EMEA,CP0199,BOND,TDR0119,BOOK_D,2026-01-26
TXN0004044095,APP003,2025-11-05,failed,89445.16,EUR,APAC,CP0098,SWAP,TDR0062,BOOK_D,2025-07-18
TXN0004448681,APP004,2025-10-10,active,716614.54,JPY,APAC,CP0471,FX,TDR0170,BOOK_D,2025-08-09
TXN0004916529,APP019,2025-05-01,settled,444524.77,JPY,EMEA,CP0148,BOND,TDR0144,BOOK_A,2025-12-19
TXN0000361312,APP012,2025-04-05,active,271908.3,GBP,APAC,CP0143,OPTION,TDR0120,BOOK_B,2025-04-04
TXN0004123952,APP002,2025-12-23,reversed,566613.94,AUD,EMEA,CP0052,FUTURE,TDR0177,BOOK_C,2025-05-31
TXN0004305704,APP014,2025-06-11,reversed,64797.76,USD,LATAM,CP0243,FUTURE,TDR0190,BOOK_D,2025-04-15
TXN0003857387,APP006,2025-03-04,pending,988824.56,EUR,EMEA,CP0402,EQUITY,TDR0117,BOOK_B,2026-04-02
TXN0000289583,APP001,2026-02-13,pending,152919.43,AUD,AMER,CP0483,EQUITY,TDR0163,BOOK_D,2025-01-26
TXN0001853875,APP016,2025-10-16,failed,730357.16,CHF,AMER,CP0122,EQUITY,TDR0161,BOOK_A,2025-08-30
TXN0005788814,APP020,2026-01-01,reversed,496724.87,CHF,LATAM,CP0498,SWAP,TDR0010,BOOK_D,2026-02-18
TXN0004244162,APP016,2025-03-07,settled,119352.73,JPY,APAC,CP0183,BOND,TDR0016,BOOK_D,2025-03-29
TXN0000845173,APP006,2025-02-21,pending,39298.47,USD,LATAM,CP0238,FUTURE,TDR0079,BOOK_A,2025-03-13
TXN0001962635,APP017,2026-04-08,settled,260330.43,AUD,EMEA,CP0454,FX,TDR0136,BOOK_A,2025-08-25
TXN0004002678,APP001,2026-04-08,pending,245485.68,GBP,APAC,CP0082,OPTION,TDR0179,BOOK_A,2026-01-25
TXN0001985721,APP008,2025-01-09,reversed,776565.42,USD,LATAM,CP0086,EQUITY,TDR0064,BOOK_D,2025-10-05
TXN0007384002,APP018,2025-05-08,pending,282544.29,AUD,APAC,CP0402,SWAP,TDR0129,BOOK_B,2025-07-26
TXN0001720948,APP020,2025-07-03,pending,462845.63,EUR,EMEA,CP0245,OPTION,TDR0087,BOOK_C,2025-11-17
TXN0009404023,APP019,2025-03-28,failed,172756.25,JPY,APAC,CP0336,EQUITY,TDR0168,BOOK_D,2025-02-23
TXN0008692357,APP005,2025-01-18,pending,283231.02,EUR,AMER,CP0358,FX,TDR0064,BOOK_D,2025-02-23
TXN0000437804,APP011,2025-02-20,active,688460.08,AUD,APAC,CP0378,FUTURE,TDR0056,BOOK_B,2025-06-18
TXN0000331060,APP007,2025-08-19,settled,63214.12,GBP,EMEA,CP0308,SWAP,TDR0143,BOOK_D,2026-03-13
TXN0001573387,APP006,2025-09-16,settled,404121.49,USD,APAC,CP0324,FX,TDR0049,BOOK_C,2025-02-05
TXN0006230490,APP009,2025-12-31,failed,203973.7,AUD,EMEA,CP0444,OPTION,TDR0038,BOOK_A,2025-12-20
TXN0000083973,APP018,2025-05-09,pending,636077.91,CHF,APAC,CP0483,OPTION,TDR0004,BOOK_D,2025-06-03
TXN0009925471,APP015,2025-04-24,active,679617.41,CHF,APAC,CP0267,FUTURE,TDR0199,BOOK_A,2026-01-04
TXN0002964957,APP009,2025-06-09,settled,218555.06,GBP,AMER,CP0410,OPTION,TDR0091,BOOK_B,2025-05-04
TXN0000039263,APP015,2025-03-14,settled,320995.52,CHF,AMER,CP0433,BOND,TDR0126,BOOK_B,2025-03-08
TXN0008429407,APP004,2025-11-27,pending,494179.13,CHF,LATAM,CP0108,FX,TDR0105,BOOK_B,2025-10-14
TXN0009017308,APP015,2025-12-15,active,63100.8,JPY,EMEA,CP0272,OPTION,TDR0156,BOOK_D,2025-12-27
TXN0005609650,APP015,2025-03-09,settled,163605.48,EUR,APAC,CP0022,BOND,TDR0093,BOOK_B,2025-09-07
TXN0002394854,APP005,2025-06-06,pending,614933.61,USD,APAC,CP0327,EQUITY,TDR0195,BOOK_D,2026-01-15
TXN0001092328,APP008,2025-06-18,pending,256376.87,JPY,AMER,CP0371,EQUITY,TDR0180,BOOK_D,2025-09-02
TXN0009248235,APP007,2026-04-12,reversed,136272.78,CHF,AMER,CP0313,FX,TDR0170,BOOK_A,2025-05-03
TXN0000279760,APP019,2025-06-29,pending,161463.31,USD,LATAM,CP0183,EQUITY,TDR0171,BOOK_B,2026-03-22
TXN0001402758,APP016,2025-10-04,active,766808.47,CHF,EMEA,CP0083,EQUITY,TDR0081,BOOK_A,2025-07-13
TXN0005752145,APP005,2025-06-10,reversed,931303.09,USD,LATAM,CP0373,OPTION,TDR0153,BOOK_A,2025-03-04
TXN0006116722,APP014,2025-11-18,active,362953.95,GBP,APAC,CP0040,EQUITY,TDR0078,BOOK_A,2025-12-29
TXN0003317580,APP010,2026-02-28,active,315875.68,EUR,AMER,CP0390,FUTURE,TDR0008,BOOK_D,2025-04-15
TXN0004703020,APP008,2025-02-28,reversed,716016.45,USD,LATAM,CP0371,BOND,TDR0186,BOOK_B,2025-11-29
TXN0006499220,APP019,2025-10-19,reversed,682649.5,JPY,APAC,CP0192,SWAP,TDR0071,BOOK_B,2025-08-21
TXN0002815873,APP005,2025-09-14,pending,77835.87,USD,EMEA,CP0338,FUTURE,TDR0165,BOOK_A,2025-08-14
TXN0008326757,APP010,2026-01-12,pending,209717.7,AUD,APAC,CP0453,FUTURE,TDR0142,BOOK_D,2025-04-23
TXN0004656022,APP007,2025-08-14,reversed,307345.4,USD,APAC,CP0161,SWAP,TDR0035,BOOK_C,2025-02-27
TXN0001056250,APP006,2026-04-02,settled,36653.79,GBP,EMEA,CP0125,SWAP,TDR0091,BOOK_B,2025-03-25
TXN0009790833,APP011,2025-02-15,pending,592330.09,CHF,AMER,CP0184,OPTION,TDR0040,BOOK_C,2025-07-11
TXN0004101171,APP014,2025-09-23,settled,659847.3,USD,APAC,CP0283,BOND,TDR0048,BOOK_C,2025-05-13
TXN0009016821,APP016,2026-02-27,pending,403007.03,EUR,APAC,CP0195,BOND,TDR0098,BOOK_B,2025-11-06
TXN0004939350,APP007,2025-12-03,pending,393381.69,USD,LATAM,CP0387,BOND,TDR0198,BOOK_D,2025-08-16
TXN0003534677,APP007,2025-12-04,pending,952726.47,CHF,AMER,CP0212,SWAP,TDR0037,BOOK_A,2025-04-20
TXN0009778974,APP012,2025-09-03,settled,817288.69,EUR,AMER,CP0378,EQUITY,TDR0200,BOOK_A,2026-02-16
TXN0007915731,APP011,2025-08-13,active,830982.37,EUR,LATAM,CP0147,FX,TDR0064,BOOK_C,2025-09-30
TXN0007747398,APP013,2026-02-16,settled,243104.39,AUD,APAC,CP0177,FX,TDR0182,BOOK_B,2025-08-02
TXN0008929463,APP009,2025-09-22,settled,819200.29,AUD,EMEA,CP0348,BOND,TDR0196,BOOK_D,2025-03-10
TXN0003892549,APP009,2025-06-06,settled,26939.3,USD,LATAM,CP0220,FX,TDR0175,BOOK_B,2025-12-18
TXN0004572630,APP007,2025-08-01,reversed,865226.38,JPY,APAC,CP0315,FX,TDR0108,BOOK_D,2026-04-06
TXN0004230158,APP001,2025-12-15,settled,385967.44,JPY,LATAM,CP0071,FX,TDR0103,BOOK_D,2025-08-20
TXN0009980254,APP015,2026-03-18,failed,159548.96,JPY,APAC,CP0146,OPTION,TDR0024,BOOK_D,2026-04-07
TXN0006720065,APP008,2026-03-09,pending,512665.87,AUD,AMER,CP0201,FX,TDR0124,BOOK_A,2025-11-12
TXN0004950478,APP008,2025-05-01,failed,377520.26,CHF,EMEA,CP0406,FUTURE,TDR0178,BOOK_A,2025-03-22
TXN0007529794,APP014,2025-03-31,reversed,870609.41,USD,AMER,CP0457,SWAP,TDR0114,BOOK_C,2025-08-30
TXN0007634688,APP003,2026-03-14,failed,894835.95,GBP,LATAM,CP0435,OPTION,TDR0110,BOOK_A,2025-09-14
TXN0003197055,APP019,2025-03-26,active,154760.88,JPY,AMER,CP0294,BOND,TDR0188,BOOK_C,2025-04-20
TXN0002558937,APP005,2025-12-12,reversed,631892.86,CHF,AMER,CP0134,OPTION,TDR0151,BOOK_C,2025-09-30
TXN0006810030,APP018,2025-02-22,reversed,566297.96,JPY,LATAM,CP0394,OPTION,TDR0024,BOOK_B,2026-01-31
TXN0001617202,APP016,2025-09-30,pending,963771.31,CHF,AMER,CP0020,BOND,TDR0187,BOOK_A,2026-01-23
TXN0002408734,APP008,2025-11-23,active,145740.39,JPY,LATAM,CP0145,FUTURE,TDR0023,BOOK_C,2025-06-26
TXN0002141835,APP019,2026-01-13,pending,134220.39,EUR,AMER,CP0018,FX,TDR0127,BOOK_A,2025-05-09
TXN0009336469,APP020,2026-03-03,settled,773272.7,USD,LATAM,CP0234,BOND,TDR0134,BOOK_D,2025-06-24
TXN0000972229,APP002,2025-01-30,reversed,492627.76,GBP,APAC,CP0436,EQUITY,TDR0108,BOOK_B,2026-02-27
TXN0003540901,APP001,2025-05-09,reversed,5157.77,AUD,APAC,CP0354,SWAP,TDR0095,BOOK_D,2026-03-04
TXN0000407811,APP013,2025-11-03,active,142403.67,JPY,AMER,CP0430,BOND,TDR0109,BOOK_A,2026-03-14
TXN0005372250,APP008,2026-02-20,failed,806870.31,JPY,EMEA,CP0491,SWAP,TDR0158,BOOK_D,2025-04-07
TXN0005195359,APP012,2025-12-03,active,900929.15,GBP,LATAM,CP0153,FX,TDR0180,BOOK_B,2025-07-04
TXN0004738997,APP016,2025-04-25,failed,188544.13,USD,EMEA,CP0400,FUTURE,TDR0193,BOOK_C,2025-01-19
TXN0006142273,APP017,2025-08-19,reversed,167750.57,GBP,APAC,CP0250,BOND,TDR0043,BOOK_A,2025-04-14
TXN0002507744,APP004,2025-11-25,reversed,120953.14,GBP,APAC,CP0142,SWAP,TDR0121,BOOK_D,2025-12-16
TXN0000048919,APP001,2025-08-09,pending,531833.06,CHF,EMEA,CP0231,FX,TDR0090,BOOK_B,2025-03-26
TXN0005544781,APP008,2025-07-23,active,562130.73,CHF,APAC,CP0184,OPTION,TDR0108,BOOK_B,2025-02-03
TXN0000653499,APP013,2026-02-28,settled,482821.08,GBP,LATAM,CP0281,OPTION,TDR0136,BOOK_C,2025-10-13
TXN0007638296,APP015,2025-09-01,pending,404044.17,JPY,APAC,CP0040,BOND,TDR0167,BOOK_A,2026-03-10
TXN0007430444,APP012,2025-10-13,pending,23625.94,CHF,AMER,CP0254,FUTURE,TDR0015,BOOK_C,2025-04-22
TXN0008738319,APP011,2025-01-17,active,772718.86,CHF,EMEA,CP0476,FX,TDR0054,BOOK_C,2025-11-27
TXN0004586019,APP003,2025-12-11,reversed,774335.38,USD,AMER,CP0462,SWAP,TDR0192,BOOK_B,2026-01-08
TXN0001006436,APP005,2026-03-29,pending,445354.19,CHF,APAC,CP0198,FX,TDR0068,BOOK_B,2025-04-28
TXN0000162108,APP018,2026-03-18,failed,265703.29,AUD,LATAM,CP0362,BOND,TDR0117,BOOK_C,2026-02-11
TXN0004574943,APP005,2025-06-14,active,125532.12,AUD,LATAM,CP0369,FX,TDR0176,BOOK_A,2025-11-14
TXN0007436086,APP016,2026-03-12,failed,850957.44,CHF,APAC,CP0296,FUTURE,TDR0090,BOOK_D,2026-04-11
TXN0006285446,APP002,2025-02-13,settled,718313.82,JPY,AMER,CP0332,FUTURE,TDR0066,BOOK_C,2025-05-27
TXN0001329420,APP003,2025-12-06,reversed,404416.8,JPY,AMER,CP0311,BOND,TDR0189,BOOK_A,2025-06-18
TXN0002175613,APP009,2025-05-05,active,285298.45,CHF,LATAM,CP0041,FUTURE,TDR0174,BOOK_D,2025-04-17
TXN0006280812,APP019,2026-02-21,active,199585.55,GBP,APAC,CP0021,SWAP,TDR0161,BOOK_A,2025-11-16
TXN0009554979,APP005,2025-09-26,pending,34379.91,GBP,APAC,CP0194,SWAP,TDR0183,BOOK_D,2025-07-31
TXN0002137364,APP002,2025-07-27,settled,195517.89,USD,APAC,CP0210,FUTURE,TDR0138,BOOK_B,2025-02-14
TXN0000359321,APP010,2025-01-25,pending,234042.33,JPY,EMEA,CP0336,BOND,TDR0112,BOOK_C,2025-01-01
TXN0008250924,APP001,2025-07-22,active,163928.28,AUD,LATAM,CP0172,OPTION,TDR0071,BOOK_B,2025-02-24
TXN0001712447,APP013,2025-08-30,settled,500979.22,USD,AMER,CP0110,SWAP,TDR0125,BOOK_C,2025-12-28
TXN0000165551,APP010,2025-04-24,failed,875159.08,AUD,EMEA,CP0354,FX,TDR0093,BOOK_D,2025-03-22
TXN0001624755,APP017,2025-07-06,pending,18612.83,AUD,LATAM,CP0215,BOND,TDR0043,BOOK_B,2025-12-02
TXN0009460723,APP013,2025-07-26,settled,698570.52,JPY,EMEA,CP0095,OPTION,TDR0107,BOOK_B,2026-03-09
TXN0003684539,APP004,2026-02-19,reversed,13502.65,AUD,AMER,CP0031,SWAP,TDR0189,BOOK_A,2025-11-07
TXN0005948682,APP004,2025-12-15,failed,288499.92,GBP,AMER,CP0211,OPTION,TDR0153,BOOK_A,2025-05-25
TXN0001390915,APP003,2025-01-03,reversed,406860.23,AUD,LATAM,CP0142,SWAP,TDR0177,BOOK_A,2025-12-02
TXN0009655445,APP005,2025-01-13,settled,253062.37,JPY,LATAM,CP0209,FX,TDR0034,BOOK_C,2025-11-21
TXN0000581458,APP018,2025-01-22,settled,555210.94,JPY,LATAM,CP0214,SWAP,TDR0029,BOOK_D,2026-04-05
TXN0003459352,APP019,2025-11-12,settled,142138.83,USD,AMER,CP0235,FUTURE,TDR0081,BOOK_C,2026-01-17
TXN0000426989,APP001,2025-08-03,active,800057.2,EUR,AMER,CP0460,FX,TDR0092,BOOK_B,2025-02-24
TXN0008619262,APP012,2026-01-13,failed,816118.64,GBP,AMER,CP0418,SWAP,TDR0093,BOOK_B,2025-07-29
TXN0001094183,APP012,2026-04-04,active,6124.33,GBP,AMER,CP0002,OPTION,TDR0102,BOOK_A,2025-02-20
TXN0003148095,APP020,2025-12-17,pending,718697.9,USD,LATAM,CP0021,OPTION,TDR0171,BOOK_D,2025-06-04
TXN0006052374,APP013,2025-07-02,active,829347.83,USD,EMEA,CP0121,BOND,TDR0056,BOOK_A,2025-07-12
TXN0006798543,APP002,2025-11-15,settled,365949.79,USD,AMER,CP0417,EQUITY,TDR0179,BOOK_B,2025-08-05
TXN0003733088,APP001,2026-01-04,reversed,257947.81,JPY,APAC,CP0297,SWAP,TDR0116,BOOK_C,2026-04-12
TXN0009702097,APP017,2025-12-13,pending,370811.78,AUD,LATAM,CP0135,BOND,TDR0139,BOOK_C,2025-04-12
TXN0004174097,APP013,2025-09-01,settled,209545.37,USD,AMER,CP0179,FUTURE,TDR0159,BOOK_D,2025-09-08
TXN0003179668,APP015,2025-02-10,reversed,748343.69,GBP,APAC,CP0058,OPTION,TDR0158,BOOK_C,2026-01-28
TXN0006776053,APP015,2025-09-12,failed,4418.17,USD,APAC,CP0106,OPTION,TDR0171,BOOK_B,2025-12-15
TXN0006593271,APP017,2025-11-09,failed,629603.56,AUD,APAC,CP0409,FX,TDR0072,BOOK_B,2025-08-08
TXN0001997283,APP003,2025-02-04,active,651163.5,CHF,AMER,CP0234,FUTURE,TDR0034,BOOK_D,2025-12-02
TXN0003249765,APP005,2026-01-22,reversed,357859.83,CHF,APAC,CP0064,FUTURE,TDR0099,BOOK_A,2025-06-02
TXN0009483580,APP008,2025-01-09,reversed,526316.84,GBP,EMEA,CP0435,EQUITY,TDR0050,BOOK_B,2026-03-21
TXN0002372462,APP002,2025-04-23,reversed,481665.79,JPY,LATAM,CP0346,BOND,TDR0122,BOOK_A,2025-09-02
TXN0002362526,APP020,2026-03-27,active,368813.86,JPY,EMEA,CP0459,BOND,TDR0007,BOOK_A,2025-11-05
TXN0003526324,APP020,2025-09-12,settled,906691.21,EUR,APAC,CP0106,SWAP,TDR0023,BOOK_D,2025-09-24
TXN0002450923,APP016,2025-01-30,active,240121.9,EUR,APAC,CP0256,EQUITY,TDR0034,BOOK_D,2025-07-31
TXN0003286335,APP012,2025-06-23,reversed,347254.47,USD,APAC,CP0041,BOND,TDR0024,BOOK_A,2025-03-01
TXN0009365957,APP001,2025-02-01,pending,804078.69,JPY,LATAM,CP0453,FUTURE,TDR0192,BOOK_C,2025-12-20
TXN0004871472,APP009,2025-12-31,reversed,749218.87,JPY,APAC,CP0163,FUTURE,TDR0139,BOOK_C,2025-02-02
TXN0003965897,APP013,2025-07-23,reversed,626074.39,GBP,EMEA,CP0274,BOND,TDR0104,BOOK_C,2025-05-24
TXN0003659788,APP018,2025-05-08,active,992486.06,JPY,APAC,CP0199,SWAP,TDR0133,BOOK_B,2025-04-05
TXN0002736468,APP014,2025-11-28,reversed,773018.88,CHF,AMER,CP0109,EQUITY,TDR0001,BOOK_C,2025-03-07
TXN0008726551,APP019,2026-01-22,reversed,940623.63,CHF,APAC,CP0151,FUTURE,TDR0177,BOOK_B,2026-04-08
TXN0004620766,APP017,2025-03-30,failed,729608.18,JPY,LATAM,CP0003,BOND,TDR0109,BOOK_B,2025-01-23
TXN0008139569,APP001,2025-06-27,pending,362170.14,USD,APAC,CP0026,EQUITY,TDR0132,BOOK_D,2026-01-16
TXN0002576915,APP006,2026-02-20,settled,142560.38,USD,APAC,CP0033,BOND,TDR0059,BOOK_A,2025-08-30
TXN0005665750,APP006,2025-03-09,active,877868.94,CHF,LATAM,CP0315,SWAP,TDR0106,BOOK_C,2025-12-02
TXN0005451828,APP008,2025-03-07,active,853679.11,GBP,APAC,CP0273,FX,TDR0132,BOOK_A,2025-05-21
TXN0001292889,APP004,2025-02-27,settled,405792.59,CHF,AMER,CP0412,BOND,TDR0034,BOOK_B,2026-01-05
TXN0008456955,APP011,2025-08-09,settled,685261.92,JPY,LATAM,CP0033,OPTION,TDR0089,BOOK_A,2026-03-09
TXN0002838934,APP008,2025-09-09,settled,457439.24,EUR,LATAM,CP0147,FX,TDR0174,BOOK_B,2026-01-21
TXN0004366687,APP018,2025-08-26,failed,463875.35,CHF,EMEA,CP0171,OPTION,TDR0195,BOOK_B,2025-10-02
TXN0001418332,APP011,2025-05-16,pending,727329.17,GBP,AMER,CP0199,SWAP,TDR0033,BOOK_C,2025-09-07
TXN0000057783,APP008,2025-04-13,reversed,904142.88,USD,APAC,CP0460,BOND,TDR0075,BOOK_D,2026-04-01
TXN0004945293,APP009,2025-06-22,settled,432996.44,JPY,EMEA,CP0405,OPTION,TDR0182,BOOK_C,2025-09-15
TXN0005990562,APP010,2025-05-28,pending,832212.22,CHF,EMEA,CP0466,BOND,TDR0006,BOOK_D,2025-10-31
TXN0007746810,APP004,2026-03-17,pending,686839.1,CHF,EMEA,CP0153,EQUITY,TDR0116,BOOK_C,2025-04-29
TXN0006572218,APP001,2026-04-12,pending,660953.87,GBP,AMER,CP0376,FUTURE,TDR0057,BOOK_D,2025-10-04
TXN0005562439,APP007,2025-05-26,settled,469227.53,GBP,APAC,CP0474,FUTURE,TDR0106,BOOK_A,2025-10-17
TXN0005715495,APP019,2026-01-14,reversed,810.01,USD,LATAM,CP0137,BOND,TDR0032,BOOK_D,2025-09-15
TXN0008661077,APP010,2025-07-06,settled,916201.15,EUR,EMEA,CP0330,FX,TDR0007,BOOK_B,2025-06-11
TXN0007534170,APP013,2025-05-24,failed,241611.04,USD,AMER,CP0320,EQUITY,TDR0193,BOOK_B,2025-05-09
TXN0001592283,APP005,2025-07-16,reversed,277430.0,JPY,APAC,CP0113,FUTURE,TDR0071,BOOK_C,2025-01-01
TXN0007944314,APP004,2025-04-02,failed,289448.73,GBP,AMER,CP0008,BOND,TDR0002,BOOK_B,2025-03-26
TXN0008852568,APP002,2025-03-07,active,246042.07,AUD,LATAM,CP0492,EQUITY,TDR0173,BOOK_A,2025-01-30
TXN0003181449,APP017,2025-01-12,failed,465542.1,USD,LATAM,CP0023,OPTION,TDR0022,BOOK_C,2026-03-21
TXN0008505970,APP003,2025-03-25,pending,462887.84,USD,APAC,CP0109,EQUITY,TDR0185,BOOK_B,2026-01-31
TXN0002634233,APP012,2025-07-17,pending,615469.96,GBP,LATAM,CP0256,EQUITY,TDR0168,BOOK_A,2025-05-12
TXN0003655447,APP007,2025-09-17,settled,750222.85,USD,AMER,CP0466,OPTION,TDR0165,BOOK_C,2025-06-11
TXN0009690875,APP004,2025-12-06,pending,534240.18,GBP,EMEA,CP0082,FUTURE,TDR0022,BOOK_D,2026-01-22
TXN0004560494,APP004,2025-02-25,failed,746433.79,AUD,AMER,CP0309,SWAP,TDR0073,BOOK_B,2025-11-09
TXN0008355539,APP018,2025-01-14,settled,874175.93,CHF,EMEA,CP0131,FX,TDR0018,BOOK_A,2025-08-16
TXN0001970252,APP003,2025-02-08,reversed,261573.45,CHF,EMEA,CP0226,SWAP,TDR0160,BOOK_D,2025-09-04
TXN0003663595,APP003,2026-04-11,settled,618484.93,AUD,LATAM,CP0317,BOND,TDR0175,BOOK_D,2025-08-29
TXN0002109220,APP008,2025-04-25,failed,554257.06,AUD,EMEA,CP0093,BOND,TDR0093,BOOK_C,2025-02-01
TXN0001580437,APP004,2025-12-11,reversed,363186.2,CHF,EMEA,CP0418,OPTION,TDR0181,BOOK_C,2026-01-28
TXN0005053835,APP016,2025-10-18,pending,499391.86,USD,LATAM,CP0126,SWAP,TDR0023,BOOK_D,2025-07-01
TXN0008894885,APP013,2025-04-18,failed,657692.97,GBP,APAC,CP0357,FX,TDR0181,BOOK_C,2026-01-27
TXN0000048947,APP016,2025-10-14,settled,983099.15,EUR,APAC,CP0444,EQUITY,TDR0184,BOOK_D,2025-01-27
TXN0008757889,APP004,2025-08-30,active,872292.56,AUD,EMEA,CP0141,FUTURE,TDR0006,BOOK_B,2025-12-13
TXN0007270555,APP006,2025-11-11,failed,545614.39,USD,LATAM,CP0459,SWAP,TDR0122,BOOK_D,2025-05-20
TXN0001173755,APP008,2026-03-29,settled,761408.23,USD,EMEA,CP0207,BOND,TDR0129,BOOK_B,2026-03-18
TXN0002162477,APP006,2026-03-03,failed,623595.91,AUD,AMER,CP0402,SWAP,TDR0005,BOOK_D,2025-07-11
TXN0009273917,APP004,2025-08-23,settled,681579.67,EUR,EMEA,CP0229,FX,TDR0145,BOOK_B,2025-12-05
TXN0002908926,APP004,2026-01-26,pending,519640.55,GBP,EMEA,CP0343,EQUITY,TDR0153,BOOK_D,2026-04-09
TXN0002067865,APP006,2025-10-05,failed,456074.68,AUD,APAC,CP0231,FUTURE,TDR0056,BOOK_D,2025-02-22
TXN0005812806,APP011,2025-11-30,active,23498.24,JPY,LATAM,CP0386,OPTION,TDR0071,BOOK_C,2026-03-26
TXN0005176588,APP017,2025-11-14,pending,456753.93,USD,EMEA,CP0163,FX,TDR0176,BOOK_D,2025-11-18
TXN0004843439,APP009,2025-11-02,active,344069.43,CHF,AMER,CP0367,FX,TDR0104,BOOK_D,2025-03-02
TXN0004909302,APP018,2026-01-29,reversed,440605.39,GBP,AMER,CP0094,FX,TDR0071,BOOK_C,2025-12-13
TXN0003199442,APP011,2025-10-24,failed,539626.33,AUD,EMEA,CP0421,SWAP,TDR0039,BOOK_B,2025-06-06
TXN0004371815,APP005,2026-03-14,failed,722742.96,AUD,LATAM,CP0018,OPTION,TDR0191,BOOK_C,2025-03-21
TXN0008681240,APP013,2025-06-21,active,283988.97,GBP,APAC,CP0317,BOND,TDR0001,BOOK_A,2025-11-08
TXN0006129934,APP019,2025-12-13,settled,406938.66,USD,EMEA,CP0284,OPTION,TDR0186,BOOK_C,2025-08-20
TXN0003589252,APP014,2025-12-21,reversed,280588.72,EUR,EMEA,CP0307,EQUITY,TDR0056,BOOK_B,2026-03-29
TXN0000933758,APP013,2026-02-09,reversed,220981.14,EUR,EMEA,CP0399,FUTURE,TDR0109,BOOK_C,2025-05-25
TXN0008915379,APP001,2026-03-02,pending,650576.5,EUR,EMEA,CP0440,EQUITY,TDR0024,BOOK_D,2026-03-25
TXN0005624633,APP020,2026-01-29,settled,965391.1,AUD,APAC,CP0459,FX,TDR0164,BOOK_A,2025-08-31
TXN0007818634,APP011,2025-12-24,pending,571656.06,AUD,AMER,CP0231,SWAP,TDR0158,BOOK_A,2026-03-01
TXN0004609970,APP003,2025-04-06,pending,691385.53,USD,LATAM,CP0144,OPTION,TDR0056,BOOK_B,2025-02-08
TXN0001888879,APP002,2025-06-15,reversed,344746.28,AUD,LATAM,CP0374,SWAP,TDR0175,BOOK_C,2025-12-21
TXN0009041635,APP006,2025-12-31,settled,588037.25,USD,LATAM,CP0208,FX,TDR0063,BOOK_D,2025-08-17
TXN0007463910,APP006,2025-09-12,settled,164509.04,GBP,EMEA,CP0288,FUTURE,TDR0137,BOOK_D,2025-12-03
TXN0008353410,APP012,2025-12-06,settled,180110.37,AUD,AMER,CP0159,FX,TDR0103,BOOK_B,2026-01-19
TXN0005798318,APP013,2025-06-28,active,819100.27,EUR,EMEA,CP0182,EQUITY,TDR0137,BOOK_B,2025-05-14
TXN0003763169,APP019,2025-04-01,failed,600246.48,GBP,AMER,CP0022,FUTURE,TDR0099,BOOK_B,2025-04-06
TXN0003746184,APP011,2025-10-05,settled,398104.02,AUD,AMER,CP0001,SWAP,TDR0013,BOOK_C,2025-01-13
TXN0007005649,APP011,2026-02-11,active,246655.83,USD,EMEA,CP0379,FX,TDR0081,BOOK_C,2025-04-24
TXN0003444374,APP008,2025-11-06,active,760261.07,AUD,AMER,CP0088,BOND,TDR0168,BOOK_D,2025-08-21
TXN0008820569,APP008,2026-02-13,active,605851.28,JPY,AMER,CP0366,FUTURE,TDR0117,BOOK_A,2026-03-08
TXN0000839616,APP012,2025-04-15,pending,304682.98,AUD,APAC,CP0330,EQUITY,TDR0022,BOOK_C,2025-02-23
TXN0003068394,APP003,2025-01-30,active,902057.89,AUD,LATAM,CP0335,FUTURE,TDR0132,BOOK_C,2025-04-30
TXN0006534943,APP004,2026-02-18,failed,141474.03,USD,APAC,CP0375,OPTION,TDR0194,BOOK_A,2025-01-18
TXN0000987784,APP019,2025-09-04,settled,991661.41,USD,AMER,CP0453,EQUITY,TDR0182,BOOK_B,2025-08-22
TXN0000270629,APP001,2025-09-22,failed,574904.1,CHF,LATAM,CP0033,FX,TDR0077,BOOK_A,2026-02-25
TXN0006421835,APP013,2025-06-30,pending,924380.68,AUD,LATAM,CP0066,OPTION,TDR0151,BOOK_C,2025-06-08
TXN0009908050,APP006,2025-03-17,settled,498464.74,AUD,LATAM,CP0391,SWAP,TDR0158,BOOK_C,2025-06-14
TXN0000417605,APP007,2026-03-16,pending,307951.62,CHF,EMEA,CP0247,OPTION,TDR0098,BOOK_D,2025-03-31
TXN0001298189,APP014,2025-08-18,failed,991121.68,GBP,LATAM,CP0454,FX,TDR0112,BOOK_B,2025-07-29
TXN0007391166,APP015,2025-07-02,reversed,280031.24,GBP,EMEA,CP0405,FUTURE,TDR0118,BOOK_D,2025-06-27
TXN0002720662,APP020,2026-01-27,active,11806.98,EUR,EMEA,CP0398,OPTION,TDR0063,BOOK_B,2026-01-28
TXN0004235024,APP005,2025-03-26,settled,368934.96,JPY,AMER,CP0372,FUTURE,TDR0148,BOOK_B,2025-10-26
TXN0001995067,APP010,2025-11-20,pending,178117.78,JPY,APAC,CP0035,EQUITY,TDR0146,BOOK_B,2025-06-29
TXN0007097730,APP009,2025-04-14,reversed,441205.74,EUR,LATAM,CP0488,EQUITY,TDR0069,BOOK_A,2025-06-07
TXN0001335313,APP006,2025-08-12,settled,547597.89,EUR,EMEA,CP0495,FX,TDR0144,BOOK_A,2025-08-30
TXN0002338143,APP017,2025-03-13,active,117350.27,AUD,AMER,CP0014,EQUITY,TDR0018,BOOK_A,2025-07-17
TXN0006178804,APP019,2025-06-12,reversed,240910.53,AUD,EMEA,CP0196,FX,TDR0182,BOOK_C,2025-08-13
TXN0003131747,APP014,2026-04-14,reversed,380570.48,JPY,AMER,CP0463,FX,TDR0115,BOOK_D,2025-03-13
TXN0008124203,APP004,2026-03-10,active,191305.46,JPY,LATAM,CP0234,OPTION,TDR0168,BOOK_C,2025-01-31
TXN0005774663,APP005,2025-06-11,settled,927256.55,JPY,AMER,CP0129,OPTION,TDR0151,BOOK_C,2025-11-17
TXN0001107501,APP019,2025-09-28,reversed,838696.2,EUR,LATAM,CP0453,BOND,TDR0114,BOOK_D,2025-04-13
TXN0004408010,APP001,2025-10-29,settled,5003.23,GBP,EMEA,CP0242,SWAP,TDR0128,BOOK_C,2025-05-22
TXN0008299359,APP006,2025-07-12,pending,483298.78,CHF,AMER,CP0192,FUTURE,TDR0073,BOOK_B,2025-05-22
TXN0004664406,APP019,2025-04-20,pending,462581.46,GBP,LATAM,CP0488,SWAP,TDR0162,BOOK_C,2025-11-08
TXN0003095695,APP012,2025-05-13,pending,945903.29,JPY,LATAM,CP0439,EQUITY,TDR0031,BOOK_A,2025-07-20
TXN0003335996,APP008,2025-05-20,pending,951989.16,GBP,LATAM,CP0466,FUTURE,TDR0052,BOOK_D,2025-01-01
TXN0006817975,APP010,2025-10-02,pending,500681.11,EUR,EMEA,CP0222,EQUITY,TDR0116,BOOK_C,2025-03-02
TXN0005773499,APP007,2025-08-26,active,180100.97,JPY,EMEA,CP0330,FUTURE,TDR0066,BOOK_A,2025-08-30
TXN0002917626,APP004,2025-01-28,failed,766272.8,AUD,AMER,CP0497,BOND,TDR0124,BOOK_D,2025-08-03
TXN0005513728,APP006,2025-06-20,settled,77738.72,GBP,AMER,CP0047,SWAP,TDR0192,BOOK_C,2025-11-18
TXN0002100132,APP009,2026-02-11,failed,256294.13,USD,EMEA,CP0466,BOND,TDR0169,BOOK_B,2025-12-06
TXN0001608530,APP012,2025-12-25,failed,196828.27,USD,EMEA,CP0441,FUTURE,TDR0060,BOOK_C,2026-03-17
TXN0004666791,APP007,2025-11-08,failed,866407.88,AUD,EMEA,CP0430,FUTURE,TDR0071,BOOK_B,2025-08-13
TXN0007939250,APP008,2025-02-10,failed,338156.17,AUD,AMER,CP0027,EQUITY,TDR0163,BOOK_D,2026-03-26
TXN0001121873,APP009,2025-04-17,settled,593429.05,EUR,AMER,CP0012,FUTURE,TDR0025,BOOK_A,2025-11-09
TXN0008202464,APP004,2025-08-14,reversed,923986.47,USD,AMER,CP0336,FX,TDR0175,BOOK_D,2026-02-22
TXN0007418586,APP020,2025-11-26,settled,617953.37,GBP,EMEA,CP0257,SWAP,TDR0023,BOOK_B,2026-03-14
TXN0006053569,APP016,2025-05-15,reversed,975196.16,EUR,AMER,CP0312,EQUITY,TDR0067,BOOK_A,2025-07-21
TXN0007863163,APP020,2025-11-22,pending,883469.38,USD,EMEA,CP0480,BOND,TDR0176,BOOK_A,2025-05-26
TXN0003215778,APP019,2025-07-24,pending,716930.96,CHF,EMEA,CP0489,SWAP,TDR0052,BOOK_A,2025-05-02
TXN0007751119,APP001,2026-01-12,active,713912.41,AUD,AMER,CP0491,OPTION,TDR0030,BOOK_B,2025-03-23
TXN0002992961,APP005,2025-06-11,settled,12386.53,EUR,AMER,CP0093,BOND,TDR0177,BOOK_C,2025-06-01
TXN0005111707,APP017,2025-12-23,reversed,406373.16,JPY,APAC,CP0162,OPTION,TDR0161,BOOK_B,2025-04-28
TXN0005913652,APP014,2026-02-08,active,102301.62,AUD,EMEA,CP0405,SWAP,TDR0014,BOOK_D,2025-02-21
TXN0007140741,APP012,2025-04-02,pending,63.76,JPY,AMER,CP0215,EQUITY,TDR0121,BOOK_B,2026-03-15
TXN0002264905,APP005,2026-03-18,failed,494634.47,EUR,EMEA,CP0297,EQUITY,TDR0086,BOOK_A,2025-07-05
TXN0005534855,APP011,2025-08-08,pending,509231.78,USD,AMER,CP0262,FX,TDR0166,BOOK_D,2025-08-11
TXN0004906560,APP020,2025-07-22,settled,233841.52,JPY,EMEA,CP0212,FX,TDR0025,BOOK_A,2025-02-11
TXN0006890732,APP013,2025-07-26,pending,354004.01,USD,EMEA,CP0177,FUTURE,TDR0007,BOOK_A,2025-11-17
TXN0003196960,APP006,2025-04-06,failed,552827.84,GBP,LATAM,CP0157,OPTION,TDR0077,BOOK_C,2025-11-22
TXN0001698008,APP013,2025-01-01,failed,389561.92,JPY,APAC,CP0050,FX,TDR0180,BOOK_C,2025-04-29
TXN0001226778,APP019,2025-06-28,settled,375834.95,JPY,LATAM,CP0347,BOND,TDR0051,BOOK_D,2025-09-09
TXN0000736522,APP019,2025-11-04,active,714338.3,GBP,EMEA,CP0240,FX,TDR0057,BOOK_D,2025-12-12
TXN0002303060,APP008,2025-03-26,failed,511225.12,JPY,AMER,CP0271,FUTURE,TDR0009,BOOK_A,2025-06-06
TXN0001504251,APP011,2025-02-22,failed,181743.72,GBP,LATAM,CP0298,FUTURE,TDR0134,BOOK_C,2025-11-03
TXN0008247995,APP005,2026-02-13,reversed,711289.72,EUR,LATAM,CP0273,FUTURE,TDR0102,BOOK_A,2025-09-08
TXN0004217951,APP011,2025-04-30,active,202857.5,USD,APAC,CP0259,SWAP,TDR0075,BOOK_C,2025-11-23
TXN0003205960,APP013,2025-01-19,active,385985.79,CHF,AMER,CP0032,FUTURE,TDR0094,BOOK_C,2025-01-14
TXN0000497414,APP010,2025-07-31,pending,897323.96,CHF,LATAM,CP0383,FUTURE,TDR0128,BOOK_D,2025-07-12
TXN0004739497,APP012,2025-10-22,active,706361.33,CHF,AMER,CP0363,BOND,TDR0021,BOOK_B,2025-10-26
TXN0005475757,APP018,2025-09-07,failed,693081.14,AUD,AMER,CP0465,EQUITY,TDR0094,BOOK_A,2025-03-22
TXN0004787613,APP006,2025-11-17,pending,618974.49,USD,LATAM,CP0165,OPTION,TDR0046,BOOK_A,2025-08-07
TXN0007554496,APP016,2025-08-08,failed,978517.4,EUR,EMEA,CP0106,EQUITY,TDR0193,BOOK_B,2025-01-06
TXN0009156080,APP006,2025-08-19,settled,349499.63,GBP,LATAM,CP0327,BOND,TDR0141,BOOK_B,2025-08-02
TXN0002772647,APP001,2025-07-05,failed,612541.83,CHF,LATAM,CP0329,FX,TDR0085,BOOK_C,2025-03-14
TXN0005964104,APP014,2025-05-18,failed,445939.65,GBP,EMEA,CP0484,SWAP,TDR0101,BOOK_C,2025-11-08
TXN0005014159,APP003,2026-01-24,settled,676604.49,USD,APAC,CP0296,FUTURE,TDR0185,BOOK_A,2025-04-09
TXN0000593140,APP014,2025-05-03,active,176604.01,CHF,AMER,CP0094,BOND,TDR0179,BOOK_B,2025-08-25
TXN0005931280,APP018,2026-02-11,settled,750656.84,EUR,EMEA,CP0245,SWAP,TDR0151,BOOK_D,2025-12-17
TXN0008215079,APP006,2025-10-27,active,323797.63,USD,APAC,CP0119,FUTURE,TDR0198,BOOK_B,2025-03-07
TXN0007419464,APP008,2025-02-20,settled,30481.23,JPY,AMER,CP0295,SWAP,TDR0114,BOOK_B,2025-10-06
TXN0009760827,APP005,2026-03-13,reversed,520321.04,AUD,EMEA,CP0415,EQUITY,TDR0009,BOOK_A,2025-02-14
TXN0004815996,APP019,2025-08-15,reversed,313285.02,CHF,AMER,CP0221,FX,TDR0081,BOOK_C,2025-09-25
TXN0009261468,APP015,2025-09-26,failed,129845.97,AUD,AMER,CP0240,FX,TDR0043,BOOK_B,2025-12-07
TXN0006304170,APP014,2025-02-05,settled,358281.37,AUD,AMER,CP0057,FUTURE,TDR0092,BOOK_A,2026-02-06
TXN0000812815,APP009,2025-08-03,active,306091.29,JPY,APAC,CP0324,EQUITY,TDR0120,BOOK_D,2025-06-25
TXN0001381216,APP014,2026-01-18,failed,40275.89,JPY,EMEA,CP0164,EQUITY,TDR0073,BOOK_A,2025-12-14
TXN0009105621,APP008,2026-04-09,pending,535879.98,GBP,LATAM,CP0244,OPTION,TDR0046,BOOK_D,2025-12-10
TXN0005656586,APP018,2025-08-22,failed,383572.23,USD,APAC,CP0377,EQUITY,TDR0028,BOOK_A,2026-01-23
TXN0004642705,APP016,2025-05-27,pending,663903.32,JPY,AMER,CP0478,SWAP,TDR0075,BOOK_C,2026-01-06
TXN0008055347,APP020,2026-03-26,settled,32969.05,CHF,EMEA,CP0279,FX,TDR0001,BOOK_C,2026-01-09
TXN0001911711,APP019,2026-01-18,active,397619.22,EUR,LATAM,CP0238,EQUITY,TDR0159,BOOK_C,2025-12-24
TXN0007954835,APP008,2026-03-09,reversed,731043.54,GBP,AMER,CP0365,SWAP,TDR0162,BOOK_C,2025-03-29
TXN0001909305,APP011,2026-02-04,failed,951998.58,CHF,AMER,CP0134,BOND,TDR0142,BOOK_C,2025-06-02
TXN0000376236,APP018,2026-04-13,reversed,654282.09,CHF,LATAM,CP0487,OPTION,TDR0030,BOOK_A,2025-10-24
TXN0001289307,APP011,2025-03-05,pending,562038.69,AUD,LATAM,CP0190,EQUITY,TDR0131,BOOK_B,2025-12-23
TXN0004856948,APP004,2025-06-16,settled,124126.33,CHF,APAC,CP0131,FX,TDR0003,BOOK_D,2025-08-30
TXN0000182661,APP004,2026-02-02,failed,293474.89,USD,APAC,CP0019,FX,TDR0078,BOOK_D,2025-11-10
TXN0003618172,APP015,2025-01-30,settled,396117.12,AUD,APAC,CP0363,EQUITY,TDR0117,BOOK_D,2025-10-31
TXN0004620423,APP012,2026-03-05,reversed,280864.28,GBP,LATAM,CP0111,FX,TDR0140,BOOK_D,2026-03-29
TXN0001482198,APP002,2025-04-30,settled,671061.3,GBP,APAC,CP0361,BOND,TDR0112,BOOK_C,2025-10-18
TXN0006922998,APP008,2025-03-31,settled,916273.94,EUR,AMER,CP0495,OPTION,TDR0041,BOOK_A,2025-08-09
TXN0008054252,APP017,2025-05-09,failed,489285.46,AUD,AMER,CP0082,FUTURE,TDR0003,BOOK_A,2026-01-14
TXN0005846741,APP007,2025-04-23,settled,402771.99,JPY,AMER,CP0167,OPTION,TDR0050,BOOK_A,2025-09-21
TXN0004853107,APP004,2026-03-16,pending,822865.11,USD,LATAM,CP0467,FUTURE,TDR0067,BOOK_B,2025-08-27
TXN0007883284,APP002,2025-01-28,reversed,720722.3,GBP,APAC,CP0331,EQUITY,TDR0001,BOOK_C,2025-11-02
TXN0007522085,APP011,2025-06-07,settled,82525.4,JPY,AMER,CP0383,FX,TDR0089,BOOK_B,2025-01-29
TXN0008524888,APP014,2026-04-14,pending,680303.21,USD,LATAM,CP0017,EQUITY,TDR0170,BOOK_C,2025-12-26
TXN0000762422,APP001,2026-02-18,failed,891518.31,CHF,APAC,CP0212,BOND,TDR0067,BOOK_A,2025-03-30
TXN0005703749,APP009,2026-01-18,pending,610487.62,CHF,AMER,CP0190,OPTION,TDR0156,BOOK_C,2025-11-06
TXN0007435693,APP006,2025-11-02,active,487106.67,USD,LATAM,CP0042,EQUITY,TDR0113,BOOK_A,2025-02-23
TXN0001716777,APP003,2025-11-26,settled,914319.38,AUD,LATAM,CP0417,FX,TDR0006,BOOK_C,2025-03-13
TXN0001242583,APP012,2026-02-17,failed,467385.94,JPY,EMEA,CP0230,EQUITY,TDR0001,BOOK_C,2025-09-07
TXN0009826828,APP017,2026-01-06,settled,526119.84,CHF,EMEA,CP0333,BOND,TDR0132,BOOK_C,2025-03-06
TXN0005799947,APP009,2025-09-29,failed,188094.85,CHF,AMER,CP0096,BOND,TDR0137,BOOK_B,2025-01-15
TXN0006533925,APP006,2025-10-14,active,445353.13,CHF,LATAM,CP0495,OPTION,TDR0150,BOOK_D,2025-05-02
TXN0005322034,APP015,2025-07-19,reversed,998599.11,GBP,APAC,CP0452,SWAP,TDR0033,BOOK_B,2026-04-07
TXN0006418594,APP015,2025-07-12,active,828633.5,CHF,LATAM,CP0334,FUTURE,TDR0139,BOOK_C,2025-09-03
TXN0003076856,APP016,2025-06-28,pending,913766.41,CHF,EMEA,CP0100,EQUITY,TDR0125,BOOK_B,2025-12-26
TXN0000229369,APP003,2025-03-02,settled,954587.84,USD,AMER,CP0144,EQUITY,TDR0064,BOOK_B,2025-03-03
TXN0003099373,APP002,2025-12-19,reversed,286677.01,JPY,EMEA,CP0112,OPTION,TDR0197,BOOK_C,2025-07-16
TXN0006267980,APP003,2025-09-28,failed,187528.51,AUD,APAC,CP0125,SWAP,TDR0116,BOOK_A,2025-09-12
TXN0008760613,APP011,2026-03-30,failed,962049.71,AUD,AMER,CP0039,BOND,TDR0178,BOOK_D,2025-05-28
TXN0003056536,APP017,2026-01-15,active,356939.91,EUR,APAC,CP0287,OPTION,TDR0017,BOOK_A,2026-02-20
TXN0006940384,APP002,2025-05-19,reversed,453224.57,GBP,AMER,CP0268,BOND,TDR0041,BOOK_B,2025-12-11
TXN0005283956,APP017,2026-03-01,reversed,361240.06,EUR,EMEA,CP0283,BOND,TDR0124,BOOK_B,2025-04-03
TXN0005646545,APP019,2025-08-31,active,561360.07,EUR,LATAM,CP0452,FX,TDR0066,BOOK_D,2025-05-28
TXN0003831294,APP004,2026-02-04,pending,530979.17,AUD,APAC,CP0237,OPTION,TDR0181,BOOK_D,2025-03-20
TXN0009419884,APP016,2025-05-30,active,559960.27,CHF,AMER,CP0237,EQUITY,TDR0189,BOOK_C,2025-10-25
TXN0005192169,APP015,2026-01-30,failed,112993.91,GBP,LATAM,CP0056,FUTURE,TDR0178,BOOK_C,2025-11-13
TXN0001124230,APP008,2025-10-05,pending,647511.36,CHF,APAC,CP0016,EQUITY,TDR0131,BOOK_A,2026-03-04
TXN0002152597,APP010,2025-11-08,pending,217198.78,GBP,APAC,CP0215,OPTION,TDR0106,BOOK_A,2025-09-04
TXN0009016303,APP002,2026-02-27,pending,837029.01,EUR,AMER,CP0476,OPTION,TDR0137,BOOK_A,2025-01-06
TXN0004092122,APP009,2025-09-19,reversed,272439.33,USD,EMEA,CP0355,BOND,TDR0130,BOOK_B,2025-11-10
TXN0005857311,APP002,2025-01-16,pending,157436.17,JPY,LATAM,CP0193,EQUITY,TDR0029,BOOK_D,2025-07-05
TXN0000280230,APP008,2025-05-07,settled,595881.03,EUR,APAC,CP0447,SWAP,TDR0058,BOOK_A,2025-01-17
TXN0009954329,APP005,2025-04-28,pending,802067.43,EUR,AMER,CP0380,SWAP,TDR0010,BOOK_A,2026-03-21
TXN0003658335,APP018,2025-12-27,pending,707020.98,AUD,AMER,CP0347,EQUITY,TDR0098,BOOK_C,2025-07-10
TXN0004223484,APP017,2026-04-07,active,257625.63,JPY,LATAM,CP0273,FUTURE,TDR0167,BOOK_A,2025-03-08
TXN0005382832,APP001,2025-12-02,reversed,773621.39,AUD,LATAM,CP0447,BOND,TDR0045,BOOK_D,2025-02-15
TXN0005803471,APP019,2025-05-21,failed,436999.96,CHF,AMER,CP0050,BOND,TDR0094,BOOK_B,2025-12-17
TXN0006085475,APP020,2025-04-03,reversed,900311.45,JPY,EMEA,CP0423,BOND,TDR0001,BOOK_D,2025-09-07
TXN0008907957,APP008,2025-12-19,active,181651.11,USD,AMER,CP0245,FUTURE,TDR0182,BOOK_C,2025-09-03
TXN0007098133,APP006,2025-03-03,failed,791279.0,USD,APAC,CP0104,FUTURE,TDR0063,BOOK_C,2025-09-15
TXN0001647796,APP016,2025-12-20,settled,763002.52,AUD,APAC,CP0364,EQUITY,TDR0154,BOOK_A,2025-11-24
TXN0001212333,APP018,2025-11-05,reversed,684601.84,AUD,APAC,CP0029,EQUITY,TDR0115,BOOK_B,2025-03-06
TXN0003775916,APP016,2026-01-21,pending,618083.61,USD,APAC,CP0268,FX,TDR0160,BOOK_B,2025-12-25
TXN0007699556,APP007,2025-10-03,pending,598341.44,GBP,LATAM,CP0212,BOND,TDR0120,BOOK_B,2026-02-24
TXN0001626178,APP020,2025-11-10,reversed,454217.93,CHF,AMER,CP0189,EQUITY,TDR0061,BOOK_B,2026-04-04
TXN0003407055,APP008,2025-06-12,pending,218510.72,CHF,EMEA,CP0388,FUTURE,TDR0173,BOOK_C,2025-06-05
TXN0007392040,APP009,2025-04-19,reversed,429078.31,CHF,EMEA,CP0410,BOND,TDR0078,BOOK_D,2026-01-19
TXN0006819162,APP015,2025-01-07,settled,467140.54,JPY,LATAM,CP0103,SWAP,TDR0080,BOOK_D,2025-06-13
TXN0003683236,APP010,2025-11-05,failed,439721.09,AUD,APAC,CP0253,FX,TDR0101,BOOK_D,2026-01-30
TXN0001915548,APP002,2025-09-27,reversed,372111.56,AUD,APAC,CP0321,OPTION,TDR0025,BOOK_D,2025-06-29
TXN0009592835,APP011,2025-01-18,pending,949710.06,CHF,AMER,CP0386,OPTION,TDR0042,BOOK_C,2025-06-24
TXN0006636108,APP007,2025-04-08,pending,852136.3,CHF,AMER,CP0236,OPTION,TDR0101,BOOK_A,2025-05-21
TXN0005778659,APP013,2025-07-05,failed,290126.64,CHF,LATAM,CP0013,EQUITY,TDR0042,BOOK_A,2025-08-22
TXN0003586976,APP004,2025-08-10,pending,42807.63,CHF,EMEA,CP0287,FUTURE,TDR0170,BOOK_A,2025-11-23
TXN0007174115,APP007,2025-04-20,settled,892648.42,JPY,APAC,CP0227,FX,TDR0015,BOOK_C,2025-09-08
TXN0005522429,APP001,2026-02-08,pending,479240.53,CHF,APAC,CP0070,FX,TDR0032,BOOK_A,2025-05-19
TXN0009635466,APP004,2025-08-19,failed,546918.99,GBP,LATAM,CP0201,OPTION,TDR0142,BOOK_C,2025-11-14
