transaction_id,application_id,business_date,status,amount,currency,region,counterparty_id,product_code,trader_id,book,value_date
TXN0005179987,APP016,2025-01-29,reversed,512120.38,GBP,LATAM,CP0352,FX,TDR0049,BOOK_B,2025-01-12
TXN0000346570,APP002,2025-08-21,pending,762876.14,JPY,LATAM,CP0245,FX,TDR0014,BOOK_D,2025-05-01
TXN0006873682,APP004,2025-03-08,active,44717.63,EUR,EMEA,CP0268,EQUITY,TDR0027,BOOK_D,2025-12-31
TXN0007104554,APP017,2026-02-11,pending,416164.1,USD,AMER,CP0256,BOND,TDR0162,BOOK_A,2026-01-03
TXN0002606662,APP017,2025-09-17,pending,93546.26,EUR,AMER,CP0229,SWAP,TDR0020,BOOK_B,2025-06-24
TXN0001044813,APP014,2025-01-03,pending,775189.2,JPY,AMER,CP0304,EQUITY,TDR0154,BOOK_C,2025-12-10
TXN0004440495,APP009,2026-03-28,settled,129188.62,USD,LATAM,CP0422,OPTION,TDR0091,BOOK_C,2025-04-29
TXN0007380967,APP018,2025-06-08,settled,89708.69,AUD,AMER,CP0079,SWAP,TDR0044,BOOK_B,2025-01-24
TXN0009719597,APP015,2025-09-14,settled,259136.34,JPY,APAC,CP0420,FX,TDR0128,BOOK_C,2025-10-10
TXN0008619676,APP003,2025-02-05,failed,84642.62,JPY,LATAM,CP0048,OPTION,TDR0053,BOOK_A,2025-03-21
TXN0004869717,APP013,2026-03-18,failed,974639.21,EUR,APAC,CP0461,OPTION,TDR0103,BOOK_C,2025-07-16
TXN0005421042,APP006,2025-10-06,active,830598.81,AUD,AMER,CP0298,EQUITY,TDR0086,BOOK_B,2025-06-20
TXN0002628715,APP014,2025-11-28,failed,782915.51,JPY,AMER,CP0494,FX,TDR0194,BOOK_B,2025-05-30
TXN0008143188,APP020,2025-06-15,failed,931766.4,JPY,EMEA,CP0367,FX,TDR0152,BOOK_D,2025-12-12
TXN0003716651,APP014,2025-05-05,pending,529794.65,EUR,APAC,CP0326,OPTION,TDR0117,BOOK_B,2025-04-06
TXN0009818719,APP008,2025-02-10,reversed,679201.37,CHF,APAC,CP0346,EQUITY,TDR0178,BOOK_B,2025-07-08
TXN0005755619,APP002,2025-12-19,failed,129251.19,EUR,AMER,CP0267,OPTION,TDR0040,BOOK_C,2025-09-24
TXN0002503208,APP010,2025-04-28,pending,989975.75,USD,LATAM,CP0030,OPTION,TDR0062,BOOK_B,2026-03-09
TXN0005413702,APP006,2026-01-11,pending,50933.25,JPY,APAC,CP0491,OPTION,TDR0149,BOOK_D,2025-04-05
TXN0003190930,APP014,2026-01-10,reversed,651704.16,CHF,LATAM,CP0444,EQUITY,TDR0199,BOOK_C,2025-06-13
TXN0005421174,APP005,2025-03-22,active,115876.41,USD,LATAM,CP0026,EQUITY,TDR0039,BOOK_D,2025-07-06
TXN0005584668,APP003,2026-02-17,pending,55406.7,EUR,APAC,CP0380,SWAP,TDR0171,BOOK_A,2025-07-26
TXN0001325073,APP016,2026-01-12,settled,202879.16,USD,EMEA,CP0393,FX,TDR0157,BOOK_A,2026-03-08
TXN0007149516,APP011,2025-08-05,pending,760166.79,AUD,APAC,CP0243,BOND,TDR0130,BOOK_D,2025-02-08
TXN0009049747,APP016,2025-01-09,settled,886112.41,EUR,APAC,CP0295,OPTION,TDR0066,BOOK_D,2026-03-23
TXN0000877179,APP002,2025-08-04,pending,594141.48,EUR,EMEA,CP0367,OPTION,TDR0037,BOOK_C,2026-03-16
TXN0008797776,APP009,2025-03-09,settled,653150.81,JPY,AMER,CP0212,FX,TDR0173,BOOK_B,2025-06-08
TXN0007667092,APP015,2025-08-28,active,975643.79,USD,AMER,CP0005,BOND,TDR0009,BOOK_C,2025-04-04
TXN0008594041,APP010,2025-01-09,settled,612044.23,AUD,AMER,CP0187,BOND,TDR0136,BOOK_D,2025-09-16
TXN0003192233,APP005,2025-12-23,active,528941.9,AUD,EMEA,CP0426,SWAP,TDR0154,BOOK_B,2025-10-27
TXN0009043441,APP017,2026-04-10,failed,785949.01,EUR,APAC,CP0460,SWAP,TDR0137,BOOK_A,2025-02-01
TXN0005392908,APP012,2025-03-07,failed,528097.05,EUR,AMER,CP0137,BOND,TDR0193,BOOK_C,2025-03-16
TXN0005663927,APP012,2025-08-16,reversed,67897.41,GBP,APAC,CP0357,SWAP,TDR0094,BOOK_D,2025-01-24
TXN0003967762,APP011,2025-11-13,active,156258.36,CHF,LATAM,CP0223,BOND,TDR0027,BOOK_B,2025-01-21
TXN0003227631,APP008,2025-10-02,settled,341707.13,GBP,AMER,CP0328,FX,TDR0007,BOOK_C,2025-05-22
TXN0006148880,APP018,2026-02-04,failed,458885.01,GBP,LATAM,CP0377,FX,TDR0193,BOOK_D,2025-02-22
TXN0004382907,APP019,2026-02-26,failed,649172.77,EUR,APAC,CP0137,EQUITY,TDR0110,BOOK_D,2025-11-08
TXN0009674094,APP020,2025-01-29,failed,18703.98,GBP,AMER,CP0266,FUTURE,TDR0127,BOOK_B,2026-02-01
TXN0001812416,APP017,2025-11-25,settled,983285.89,EUR,AMER,CP0026,OPTION,TDR0047,BOOK_A,2026-03-30
TXN0006573121,APP010,2025-07-29,failed,894942.73,EUR,APAC,CP0109,BOND,TDR0200,BOOK_C,2026-03-15
TXN0005515966,APP014,2025-06-06,failed,506774.1,CHF,APAC,CP0415,FX,TDR0137,BOOK_B,2025-01-01
TXN0001002153,APP015,2026-04-04,active,52685.51,GBP,APAC,CP0192,FX,TDR0015,BOOK_A,2025-04-03
TXN0002392265,APP020,2025-06-16,active,995500.06,USD,APAC,CP0460,BOND,TDR0035,BOOK_C,2026-03-30
TXN0004394021,APP017,2025-10-19,pending,533202.3,EUR,APAC,CP0469,EQUITY,TDR0006,BOOK_A,2025-08-03
TXN0003847153,APP013,2025-12-28,reversed,278165.82,USD,EMEA,CP0071,SWAP,TDR0055,BOOK_B,2025-05-10
TXN0004819141,APP008,2026-01-15,settled,48785.65,EUR,EMEA,CP0397,FX,TDR0119,BOOK_A,2025-01-06
TXN0008703496,APP003,2025-09-26,reversed,916145.03,AUD,LATAM,CP0011,BOND,TDR0094,BOOK_D,2026-01-04
TXN0002000991,APP018,2026-01-20,settled,76583.65,GBP,LATAM,CP0394,OPTION,TDR0131,BOOK_A,2025-12-05
TXN0005578271,APP017,2025-02-08,active,849180.76,GBP,APAC,CP0306,EQUITY,TDR0110,BOOK_B,2026-01-18
TXN0001517156,APP014,2025-12-07,pending,799638.64,AUD,APAC,CP0217,SWAP,TDR0184,BOOK_C,2026-01-01
TXN0006602783,APP009,2025-11-13,pending,910601.72,USD,AMER,CP0430,FX,TDR0199,BOOK_C,2025-10-21
TXN0008537305,APP016,2025-06-01,pending,438309.76,AUD,APAC,CP0475,OPTION,TDR0142,BOOK_A,2025-12-18
TXN0005568051,APP017,2025-12-19,failed,220460.54,GBP,LATAM,CP0416,OPTION,TDR0005,BOOK_A,2025-10-01
TXN0002777875,APP012,2025-06-03,failed,731588.72,GBP,EMEA,CP0143,SWAP,TDR0123,BOOK_C,2026-01-06
TXN0004437603,APP019,2025-06-01,active,507353.67,JPY,AMER,CP0274,SWAP,TDR0178,BOOK_B,2025-01-02
TXN0009261722,APP001,2025-07-08,settled,309709.69,AUD,LATAM,CP0372,FX,TDR0150,BOOK_B,2026-01-16
TXN0008296366,APP020,2025-08-12,pending,719508.5,USD,EMEA,CP0444,SWAP,TDR0153,BOOK_C,2026-01-13
TXN0005335013,APP013,2025-10-10,reversed,369257.29,GBP,APAC,CP0344,FUTURE,TDR0069,BOOK_D,2025-08-10
TXN0006843029,APP017,2025-04-12,failed,358787.91,USD,APAC,CP0429,SWAP,TDR0111,BOOK_C,2025-06-25
TXN0008338455,APP014,2026-02-09,active,931626.93,AUD,APAC,CP0121,FX,TDR0023,BOOK_C,2025-02-04
TXN0007551049,APP005,2025-12-25,active,781816.73,JPY,APAC,CP0232,EQUITY,TDR0178,BOOK_D,2026-04-09
TXN0008101978,APP016,2025-02-14,active,858022.71,CHF,AMER,CP0453,OPTION,TDR0121,BOOK_C,2025-05-19
TXN0000879006,APP019,2025-05-21,failed,398368.42,JPY,EMEA,CP0300,EQUITY,TDR0092,BOOK_D,2025-03-29
TXN0001734018,APP018,2025-02-13,active,878540.0,AUD,AMER,CP0360,EQUITY,TDR0089,BOOK_D,2025-09-01
TXN0004080068,APP007,2025-02-03,settled,702065.65,EUR,EMEA,CP0342,OPTION,TDR0122,BOOK_B,2025-01-14
TXN0007707755,APP009,2025-12-23,settled,905062.09,USD,EMEA,CP0109,OPTION,TDR0119,BOOK_A,2026-04-14
TXN0002096088,APP002,2025-04-19,failed,692498.31,EUR,APAC,CP0119,FUTURE,TDR0021,BOOK_B,2025-10-03
TXN0007313436,APP005,2025-12-06,pending,138729.57,EUR,EMEA,CP0139,BOND,TDR0002,BOOK_C,2025-10-09
TXN0003787467,APP020,2025-06-05,failed,512796.1,JPY,APAC,CP0327,FX,TDR0192,BOOK_B,2025-11-27
TXN0002528929,APP009,2025-04-28,reversed,938115.56,AUD,APAC,CP0009,BOND,TDR0151,BOOK_D,2025-02-24
TXN0004372057,APP008,2025-01-31,failed,926383.33,EUR,LATAM,CP0340,OPTION,TDR0177,BOOK_B,2025-04-26
TXN0006870518,APP019,2026-01-26,pending,604205.93,GBP,LATAM,CP0108,EQUITY,TDR0177,BOOK_D,2025-05-01
TXN0000551154,APP016,2025-04-19,reversed,623408.11,EUR,EMEA,CP0456,EQUITY,TDR0082,BOOK_A,2026-03-01
TXN0003444475,APP014,2026-03-23,settled,838464.01,EUR,AMER,CP0380,BOND,TDR0144,BOOK_C,2025-07-20
TXN0003737861,APP001,2026-01-07,reversed,639595.58,USD,APAC,CP0460,BOND,TDR0128,BOOK_A,2025-08-26
TXN0005546673,APP005,2025-12-13,pending,699135.37,USD,EMEA,CP0315,SWAP,TDR0083,BOOK_D,2025-01-20
TXN0007297166,APP002,2025-06-09,failed,117938.19,CHF,LATAM,CP0201,OPTION,TDR0185,BOOK_C,2026-01-12
TXN0007590151,APP002,2025-05-19,settled,351853.85,EUR,AMER,CP0472,BOND,TDR0177,BOOK_D,2025-07-08
TXN0000528833,APP003,2025-04-18,reversed,649505.38,USD,LATAM,CP0246,SWAP,TDR0087,BOOK_D,2025-10-14
TXN0000523842,APP003,2026-04-07,settled,685690.82,GBP,EMEA,CP0236,SWAP,TDR0123,BOOK_A,2025-09-28
TXN0005215250,APP020,2026-04-07,failed,210839.57,JPY,AMER,CP0237,EQUITY,TDR0115,BOOK_A,2025-01-22
TXN0001226402,APP019,2025-10-03,pending,618054.44,USD,LATAM,CP0054,SWAP,TDR0177,BOOK_D,2026-04-14
TXN0000367917,APP011,2025-05-17,active,506243.02,JPY,EMEA,CP0423,EQUITY,TDR0051,BOOK_A,2026-03-16
TXN0001738608,APP012,2025-12-27,reversed,507772.39,CHF,EMEA,CP0193,FX,TDR0017,BOOK_B,2025-05-12
TXN0008467672,APP003,2025-01-24,pending,22802.08,CHF,APAC,CP0009,OPTION,TDR0071,BOOK_A,2025-10-23
TXN0008496168,APP008,2025-01-14,failed,130098.57,CHF,EMEA,CP0283,FX,TDR0022,BOOK_C,2025-10-14
TXN0000680452,APP014,2025-02-15,pending,377059.91,JPY,APAC,CP0320,FX,TDR0131,BOOK_D,2026-02-18
TXN0007708899,APP010,2026-04-06,active,775506.63,AUD,LATAM,CP0045,OPTION,TDR0014,BOOK_D,2025-05-27
TXN0005335819,APP001,2025-11-08,failed,677746.47,AUD,APAC,CP0452,FUTURE,TDR0179,BOOK_C,2025-09-19
TXN0007282060,APP001,2025-05-21,pending,382967.93,USD,APAC,CP0121,SWAP,TDR0051,BOOK_B,2025-10-04
TXN0004129851,APP019,2026-01-24,reversed,601400.13,JPY,EMEA,CP0189,EQUITY,TDR0026,BOOK_B,2025-06-25
TXN0005303748,APP005,2026-03-29,active,735248.92,CHF,APAC,CP0060,OPTION,TDR0164,BOOK_C,2026-01-19
TXN0005248645,APP003,2026-04-04,settled,939526.22,EUR,LATAM,CP0301,SWAP,TDR0124,BOOK_C,2025-10-21
TXN0001648918,APP017,2025-01-22,settled,605382.98,AUD,AMER,CP0091,OPTION,TDR0018,BOOK_A,2025-08-13
TXN0004958373,APP009,2025-07-23,active,531646.65,GBP,EMEA,CP0120,BOND,TDR0011,BOOK_D,2025-08-03
TXN0007957255,APP004,2025-08-24,failed,612102.64,JPY,LATAM,CP0124,FUTURE,TDR0127,BOOK_A,2026-01-26
TXN0001043856,APP017,2025-07-21,failed,449188.87,EUR,EMEA,CP0092,EQUITY,TDR0072,BOOK_B,2026-02-15
TXN0009706828,APP002,2025-09-03,failed,529067.2,JPY,EMEA,CP0363,SWAP,TDR0097,BOOK_C,2026-04-11
TXN0006710144,APP003,2025-05-08,failed,435091.73,AUD,LATAM,CP0004,OPTION,TDR0177,BOOK_A,2026-02-07
TXN0007290255,APP005,2026-01-04,reversed,715008.13,JPY,EMEA,CP0125,BOND,TDR0009,BOOK_A,2025-04-30
TXN0002819336,APP018,2025-02-09,active,649333.24,EUR,EMEA,CP0173,FX,TDR0188,BOOK_C,2026-01-26
TXN0005624876,APP008,2025-06-16,pending,301367.61,GBP,EMEA,CP0399,EQUITY,TDR0192,BOOK_D,2025-06-22
TXN0008402851,APP004,2025-01-28,settled,610276.48,JPY,LATAM,CP0053,FUTURE,TDR0198,BOOK_D,2025-07-01
TXN0009528521,APP015,2025-06-28,settled,329454.46,GBP,AMER,CP0436,EQUITY,TDR0061,BOOK_D,2025-01-10
TXN0007561718,APP015,2025-12-29,failed,829430.94,CHF,APAC,CP0119,FX,TDR0143,BOOK_A,2025-04-29
TXN0000540971,APP011,2025-01-29,active,137073.96,AUD,EMEA,CP0098,FX,TDR0076,BOOK_B,2025-09-07
TXN0005461886,APP009,2026-04-07,failed,602105.92,JPY,APAC,CP0278,SWAP,TDR0061,BOOK_B,2025-02-26
TXN0002890273,APP002,2025-11-25,failed,488744.65,CHF,EMEA,CP0255,SWAP,TDR0085,BOOK_B,2025-01-09
TXN0003736153,APP018,2026-01-24,pending,237841.0,JPY,LATAM,CP0061,FX,TDR0048,BOOK_B,2025-08-03
TXN0001501893,APP020,2025-11-10,reversed,455114.05,EUR,APAC,CP0301,SWAP,TDR0199,BOOK_A,2026-01-03
TXN0003204849,APP007,2026-01-12,reversed,881258.89,CHF,APAC,CP0327,OPTION,TDR0140,BOOK_C,2025-07-02
TXN0004122569,APP015,2025-07-09,reversed,123463.66,USD,AMER,CP0287,SWAP,TDR0083,BOOK_D,2025-01-31
TXN0003438344,APP002,2025-02-19,reversed,222991.21,GBP,EMEA,CP0286,OPTION,TDR0181,BOOK_B,2025-06-11
TXN0009034093,APP010,2025-10-20,failed,78931.57,USD,AMER,CP0178,BOND,TDR0104,BOOK_A,2025-11-01
TXN0003386605,APP017,2026-02-12,failed,430361.6,AUD,APAC,CP0351,EQUITY,TDR0025,BOOK_D,2025-08-15
TXN0003266422,APP018,2025-02-09,pending,516579.53,GBP,LATAM,CP0098,FUTURE,TDR0044,BOOK_A,2025-03-10
TXN0000038893,APP014,2026-01-23,reversed,332919.43,CHF,EMEA,CP0439,FUTURE,TDR0168,BOOK_C,2025-12-22
TXN0008476494,APP013,2026-03-08,settled,921641.53,USD,EMEA,CP0405,EQUITY,TDR0048,BOOK_C,2025-02-25
TXN0004721908,APP017,2025-06-15,settled,867566.55,JPY,LATAM,CP0066,EQUITY,TDR0014,BOOK_B,2026-02-15
TXN0008099751,APP013,2025-07-08,reversed,616173.65,USD,AMER,CP0378,FX,TDR0121,BOOK_B,2025-08-06
TXN0001921457,APP010,2025-02-28,settled,881069.4,EUR,LATAM,CP0388,BOND,TDR0196,BOOK_C,2025-04-08
TXN0007685845,APP017,2025-10-27,settled,228970.41,CHF,APAC,CP0367,FUTURE,TDR0185,BOOK_C,2025-05-11
TXN0002734151,APP004,2025-12-28,active,235215.6,EUR,AMER,CP0247,EQUITY,TDR0195,BOOK_C,2026-03-08
TXN0000231368,APP017,2025-02-16,pending,243895.17,AUD,AMER,CP0472,SWAP,TDR0152,BOOK_C,2026-02-04
TXN0003918063,APP004,2025-11-04,reversed,953433.9,AUD,EMEA,CP0119,EQUITY,TDR0101,BOOK_B,2025-09-25
TXN0009515098,APP009,2026-01-20,settled,122461.71,JPY,LATAM,CP0198,BOND,TDR0190,BOOK_D,2025-11-15
TXN0009477618,APP005,2025-06-05,reversed,842128.95,EUR,LATAM,CP0039,SWAP,TDR0157,BOOK_D,2026-01-18
TXN0006487550,APP018,2025-06-03,reversed,198139.3,EUR,AMER,CP0396,FUTURE,TDR0096,BOOK_B,2025-08-10
TXN0009492992,APP014,2025-09-30,failed,567274.9,AUD,APAC,CP0233,SWAP,TDR0187,BOOK_B,2026-03-13
TXN0002716137,APP005,2026-03-21,active,12643.6,GBP,APAC,CP0189,FUTURE,TDR0140,BOOK_D,2025-07-05
TXN0007201562,APP007,2025-03-01,reversed,628418.66,EUR,APAC,CP0383,EQUITY,TDR0144,BOOK_C,2026-01-02
TXN0000032043,APP009,2025-03-25,settled,735839.2,GBP,EMEA,CP0138,SWAP,TDR0153,BOOK_C,2025-10-24
TXN0009807749,APP007,2025-10-10,settled,88720.73,USD,AMER,CP0481,OPTION,TDR0041,BOOK_C,2026-02-16
TXN0002826638,APP006,2026-01-21,reversed,927775.65,AUD,APAC,CP0330,FX,TDR0092,BOOK_B,2026-01-13
TXN0000622212,APP019,2025-01-30,settled,133824.7,CHF,AMER,CP0312,EQUITY,TDR0182,BOOK_D,2025-06-26
TXN0002261427,APP015,2025-04-18,failed,404050.19,CHF,AMER,CP0407,SWAP,TDR0141,BOOK_C,2025-11-22
TXN0008023168,APP019,2025-07-11,active,521799.04,EUR,AMER,CP0005,OPTION,TDR0139,BOOK_D,2025-09-24
TXN0005156807,APP017,2025-04-12,failed,696168.21,CHF,APAC,CP0358,FUTURE,TDR0195,BOOK_B,2025-07-04
TXN0006770059,APP008,2025-08-09,active,609374.1,JPY,APAC,CP0120,FUTURE,TDR0166,BOOK_D,2025-06-19
TXN0005836890,APP016,2025-03-15,failed,552039.74,CHF,APAC,CP0226,FUTURE,TDR0066,BOOK_C,2026-03-19
TXN0006923357,APP001,2026-01-19,settled,174117.45,JPY,APAC,CP0150,FX,TDR0091,BOOK_A,2025-08-15
TXN0009797285,APP018,2026-02-19,active,726327.0,EUR,AMER,CP0010,FUTURE,TDR0017,BOOK_D,2026-03-16
TXN0009335998,APP007,2025-01-05,settled,500129.78,GBP,EMEA,CP0195,FX,TDR0009,BOOK_A,2025-09-22
TXN0001454761,APP018,2025-09-13,settled,417927.02,GBP,AMER,CP0040,FX,TDR0144,BOOK_A,2025-08-28
TXN0006411130,APP013,2025-12-30,settled,291293.3,EUR,LATAM,CP0382,FUTURE,TDR0030,BOOK_D,2025-01-06
TXN0009703691,APP008,2026-02-26,failed,398418.38,CHF,EMEA,CP0208,EQUITY,TDR0008,BOOK_B,2025-06-26
TXN0001900185,APP019,2025-05-06,settled,933154.19,AUD,AMER,CP0124,FX,TDR0200,BOOK_A,2025-02-16
TXN0006771332,APP017,2026-04-07,reversed,582030.01,GBP,AMER,CP0362,OPTION,TDR0136,BOOK_D,2026-01-09
TXN0001749714,APP013,2025-04-02,active,604402.82,EUR,AMER,CP0411,OPTION,TDR0034,BOOK_C,2025-07-23
TXN0004068555,APP009,2025-05-30,settled,669384.09,EUR,LATAM,CP0377,FUTURE,TDR0070,BOOK_C,2026-01-14
TXN0001615355,APP005,2025-09-26,active,608205.87,GBP,LATAM,CP0120,FX,TDR0057,BOOK_C,2025-09-27
TXN0006061223,APP001,2025-05-08,settled,658212.7,GBP,EMEA,CP0082,EQUITY,TDR0160,BOOK_A,2026-01-22
TXN0006660592,APP016,2025-11-26,reversed,403874.98,EUR,APAC,CP0383,FUTURE,TDR0028,BOOK_A,2026-01-30
TXN0003975805,APP004,2025-06-17,failed,630903.38,GBP,APAC,CP0364,FUTURE,TDR0128,BOOK_A,2025-11-05
TXN0000517903,APP010,2025-07-24,active,354428.84,JPY,APAC,CP0057,SWAP,TDR0114,BOOK_B,2026-03-22
TXN0001591241,APP012,2025-01-28,pending,112129.82,GBP,AMER,CP0466,EQUITY,TDR0044,BOOK_C,2025-06-13
TXN0006044742,APP006,2025-02-27,reversed,417100.9,CHF,LATAM,CP0376,FX,TDR0094,BOOK_D,2026-02-18
TXN0007672947,APP006,2025-05-17,reversed,239756.04,CHF,LATAM,CP0294,OPTION,TDR0194,BOOK_D,2026-01-16
TXN0001279712,APP015,2025-01-27,pending,70502.29,USD,AMER,CP0450,EQUITY,TDR0088,BOOK_D,2025-08-02
TXN0008905523,APP003,2025-05-30,reversed,834636.32,AUD,EMEA,CP0229,FX,TDR0183,BOOK_C,2025-10-27
TXN0008707823,APP011,2026-03-20,failed,862556.99,EUR,LATAM,CP0311,FUTURE,TDR0078,BOOK_B,2025-05-20
TXN0001915502,APP007,2026-03-12,pending,770880.82,JPY,EMEA,CP0132,OPTION,TDR0198,BOOK_C,2025-09-17
TXN0009777869,APP008,2025-03-21,failed,120142.57,AUD,AMER,CP0048,OPTION,TDR0030,BOOK_D,2025-08-22
TXN0006040299,APP019,2025-11-03,active,636049.13,USD,LATAM,CP0273,FUTURE,TDR0094,BOOK_B,2026-01-15
TXN0005806784,APP019,2025-07-12,settled,128063.8,AUD,APAC,CP0484,EQUITY,TDR0010,BOOK_C,2025-02-10
TXN0005221613,APP013,2026-03-15,failed,97957.03,AUD,LATAM,CP0287,EQUITY,TDR0197,BOOK_B,2026-02-15
TXN0002025175,APP008,2025-02-10,reversed,86800.04,EUR,EMEA,CP0479,BOND,TDR0101,BOOK_D,2025-05-04
TXN0003263562,APP008,2025-04-15,pending,290157.29,GBP,AMER,CP0023,BOND,TDR0171,BOOK_A,2025-08-27
TXN0005045436,APP007,2025-11-21,settled,433774.56,EUR,EMEA,CP0082,EQUITY,TDR0028,BOOK_B,2025-01-17
TXN0003102084,APP006,2025-03-30,pending,815478.61,USD,EMEA,CP0445,OPTION,TDR0108,BOOK_B,2025-02-16
TXN0008267343,APP014,2025-01-07,active,593232.57,CHF,AMER,CP0305,SWAP,TDR0126,BOOK_B,2025-05-13
TXN0001307746,APP008,2025-01-23,settled,654841.23,AUD,AMER,CP0155,FUTURE,TDR0041,BOOK_D,2025-01-11
TXN0008456347,APP004,2025-04-07,pending,994279.89,AUD,LATAM,CP0425,SWAP,TDR0025,BOOK_B,2025-04-08
TXN0009718591,APP008,2026-02-16,pending,645455.42,AUD,LATAM,CP0280,FUTURE,TDR0176,BOOK_C,2026-01-14
TXN0003404043,APP016,2025-08-18,failed,308220.23,GBP,AMER,CP0041,EQUITY,TDR0048,BOOK_D,2025-11-09
TXN0003914726,APP020,2025-04-19,settled,394778.2,USD,LATAM,CP0078,EQUITY,TDR0020,BOOK_A,2025-09-21
TXN0002845106,APP018,2025-08-09,active,137527.74,JPY,EMEA,CP0359,FX,TDR0157,BOOK_A,2025-06-05
TXN0004838204,APP006,2026-03-19,settled,35663.96,USD,LATAM,CP0238,EQUITY,TDR0026,BOOK_A,2025-04-25
TXN0008326901,APP012,2025-03-31,failed,238363.11,AUD,APAC,CP0277,EQUITY,TDR0123,BOOK_B,2026-03-06
TXN0000448663,APP017,2025-02-03,pending,99378.5,GBP,APAC,CP0437,OPTION,TDR0192,BOOK_C,2025-09-23
TXN0002429229,APP017,2025-02-26,failed,271903.3,AUD,LATAM,CP0166,FUTURE,TDR0124,BOOK_B,2025-12-03
TXN0002530665,APP002,2025-10-31,pending,232422.5,USD,EMEA,CP0389,OPTION,TDR0126,BOOK_B,2025-08-04
TXN0000879666,APP003,2025-05-19,failed,90041.63,JPY,LATAM,CP0368,FX,TDR0145,BOOK_D,2026-02-06
TXN0003947983,APP001,2025-05-06,failed,409158.45,AUD,APAC,CP0365,SWAP,TDR0121,BOOK_C,2025-09-20
TXN0008860205,APP009,2025-03-25,active,939160.5,USD,AMER,CP0052,BOND,TDR0144,BOOK_D,2025-05-13
TXN0009276740,APP002,2026-01-11,settled,158781.38,GBP,APAC,CP0198,FX,TDR0002,BOOK_A,2025-09-21
TXN0007764009,APP003,2025-10-09,active,17957.11,CHF,LATAM,CP0277,FUTURE,TDR0165,BOOK_B,2025-08-29
TXN0007783069,APP002,2026-03-24,failed,323089.99,GBP,AMER,CP0476,EQUITY,TDR0089,BOOK_B,2025-07-19
TXN0000571442,APP015,2026-04-12,pending,307005.48,EUR,LATAM,CP0433,EQUITY,TDR0103,BOOK_B,2025-12-12
TXN0004080520,APP003,2025-08-02,pending,387771.93,USD,AMER,CP0190,SWAP,TDR0181,BOOK_D,2025-04-10
TXN0000992917,APP019,2025-12-13,failed,438902.7,CHF,LATAM,CP0058,FUTURE,TDR0081,BOOK_A,2026-04-07
TXN0000866874,APP010,2025-01-25,failed,876738.62,JPY,EMEA,CP0046,SWAP,TDR0119,BOOK_B,2026-03-27
TXN0004599975,APP009,2025-02-05,failed,179937.51,AUD,AMER,CP0456,FUTURE,TDR0115,BOOK_D,2026-03-05
TXN0008018445,APP008,2025-11-06,reversed,199087.64,GBP,AMER,CP0365,FUTURE,TDR0148,BOOK_A,2025-09-25
TXN0002872510,APP015,2025-09-10,failed,712938.18,JPY,EMEA,CP0346,OPTION,TDR0087,BOOK_B,2025-12-31
TXN0002495376,APP006,2025-08-27,reversed,489180.65,AUD,LATAM,CP0063,BOND,TDR0072,BOOK_A,2026-03-22
TXN0003351096,APP012,2025-08-07,pending,262649.94,JPY,LATAM,CP0312,OPTION,TDR0024,BOOK_B,2025-03-30
TXN0002180185,APP017,2025-09-10,pending,425549.18,CHF,AMER,CP0048,EQUITY,TDR0179,BOOK_B,2025-09-01
TXN0004716732,APP013,2025-09-07,reversed,114462.61,EUR,EMEA,CP0356,BOND,TDR0176,BOOK_C,2025-06-18
TXN0007885964,APP007,2025-10-26,settled,601323.5,GBP,APAC,CP0226,EQUITY,TDR0144,BOOK_A,2025-09-18
TXN0008325973,APP010,2025-01-20,pending,338713.81,JPY,AMER,CP0239,SWAP,TDR0037,BOOK_C,2025-01-16
TXN0003435596,APP020,2025-05-04,active,381926.52,CHF,LATAM,CP0433,SWAP,TDR0041,BOOK_C,2025-01-31
TXN0007856052,APP006,2025-10-06,failed,315873.93,AUD,AMER,CP0167,BOND,TDR0116,BOOK_B,2025-10-12
TXN0008232773,APP002,2025-03-23,active,838907.98,EUR,LATAM,CP0349,BOND,TDR0089,BOOK_B,2025-04-28
TXN0001773960,APP008,2025-10-01,active,995337.73,AUD,AMER,CP0186,SWAP,TDR0129,BOOK_C,2025-01-25
TXN0006302112,APP003,2026-02-03,pending,630247.51,CHF,LATAM,CP0297,FX,TDR0167,BOOK_D,2025-09-01
TXN0008579725,APP019,2026-02-03,failed,92276.53,EUR,AMER,CP0358,OPTION,TDR0058,BOOK_A,2026-01-18
TXN0007677979,APP006,2025-11-02,failed,296.74,CHF,EMEA,CP0331,FX,TDR0010,BOOK_A,2025-11-14
TXN0004825355,APP008,2025-02-12,active,265231.04,GBP,AMER,CP0390,SWAP,TDR0019,BOOK_D,2026-01-09
TXN0008045046,APP006,2025-02-17,active,833818.69,EUR,LATAM,CP0011,SWAP,TDR0103,BOOK_A,2026-02-18
TXN0005599498,APP008,2025-01-13,settled,233446.75,EUR,EMEA,CP0136,BOND,TDR0179,BOOK_B,2026-01-29
TXN0007945110,APP018,2025-05-04,settled,326586.12,CHF,LATAM,CP0068,BOND,TDR0082,BOOK_C,2025-01-17
TXN0005654737,APP020,2025-07-29,active,365359.92,USD,AMER,CP0284,FX,TDR0046,BOOK_B,2025-07-06
TXN0007569999,APP020,2025-02-18,pending,3992.88,CHF,APAC,CP0041,SWAP,TDR0033,BOOK_B,2025-08-12
TXN0002539256,APP018,2025-06-21,active,406184.85,JPY,LATAM,CP0281,OPTION,TDR0045,BOOK_A,2025-02-25
TXN0000987219,APP011,2026-01-20,failed,365008.58,AUD,LATAM,CP0007,EQUITY,TDR0018,BOOK_A,2026-03-03
TXN0004355875,APP008,2026-02-17,pending,346907.36,GBP,APAC,CP0155,BOND,TDR0030,BOOK_C,2025-04-19
TXN0003385867,APP017,2026-04-12,failed,703477.5,JPY,AMER,CP0416,SWAP,TDR0057,BOOK_B,2026-02-25
TXN0003759075,APP017,2025-03-31,pending,859907.01,AUD,LATAM,CP0441,BOND,TDR0076,BOOK_B,2025-12-18
TXN0004604273,APP002,2025-12-11,pending,562748.81,AUD,APAC,CP0083,FUTURE,TDR0042,BOOK_C,2026-01-22
TXN0003469362,APP009,2025-01-23,settled,423999.8,AUD,EMEA,CP0290,EQUITY,TDR0118,BOOK_C,2025-03-23
TXN0001494735,APP009,2025-03-04,failed,743797.05,GBP,AMER,CP0271,EQUITY,TDR0104,BOOK_A,2025-11-27
TXN0005792740,APP014,2026-03-27,pending,802399.54,EUR,LATAM,CP0095,BOND,TDR0068,BOOK_A,2025-06-18
TXN0006950509,APP010,2025-03-26,failed,309175.26,EUR,APAC,CP0173,SWAP,TDR0001,BOOK_C,2025-09-07
TXN0009992898,APP017,2025-07-26,active,629391.27,JPY,APAC,CP0498,FX,TDR0184,BOOK_C,2025-11-26
TXN0004161563,APP004,2025-04-07,failed,535988.86,CHF,LATAM,CP0205,EQUITY,TDR0177,BOOK_D,2025-01-28
TXN0001901501,APP005,2026-01-27,failed,757895.73,EUR,APAC,CP0480,SWAP,TDR0121,BOOK_C,2025-12-05
TXN0007535254,APP018,2025-07-22,failed,431667.87,JPY,APAC,CP0095,BOND,TDR0053,BOOK_A,2025-03-06
TXN0006132135,APP014,2025-07-12,settled,859790.85,CHF,AMER,CP0468,FUTURE,TDR0159,BOOK_D,2026-01-07
TXN0001639201,APP014,2026-02-24,failed,11177.76,GBP,AMER,CP0074,SWAP,TDR0090,BOOK_D,2025-11-16
TXN0002459296,APP018,2025-03-16,failed,389401.45,JPY,APAC,CP0456,FX,TDR0197,BOOK_C,2025-02-24
TXN0002833782,APP004,2026-01-07,settled,299082.85,USD,LATAM,CP0021,FX,TDR0153,BOOK_A,2025-12-11
TXN0001160884,APP017,2025-08-19,active,437234.17,JPY,LATAM,CP0368,BOND,TDR0181,BOOK_A,2025-09-18
TXN0005408954,APP018,2025-09-10,settled,978395.27,CHF,EMEA,CP0004,OPTION,TDR0085,BOOK_B,2025-02-12
TXN0000371932,APP001,2025-12-06,settled,181071.21,CHF,APAC,CP0364,FX,TDR0187,BOOK_A,2025-06-15
TXN0000956037,APP015,2025-11-02,reversed,23128.5,CHF,EMEA,CP0173,EQUITY,TDR0086,BOOK_A,2026-03-28
TXN0000403896,APP016,2026-01-11,active,230454.4,JPY,AMER,CP0044,SWAP,TDR0197,BOOK_D,2026-02-24
TXN0002045259,APP010,2025-10-04,failed,851932.89,CHF,EMEA,CP0173,EQUITY,TDR0178,BOOK_B,2025-07-03
TXN0008369974,APP009,2025-05-28,reversed,849268.67,EUR,EMEA,CP0485,FX,TDR0094,BOOK_D,2025-07-01
TXN0007499219,APP014,2025-07-13,reversed,124465.65,CHF,AMER,CP0008,EQUITY,TDR0078,BOOK_A,2025-05-23
TXN0007033494,APP004,2025-09-02,active,882672.06,JPY,LATAM,CP0499,BOND,TDR0012,BOOK_D,2025-07-10
TXN0008283513,APP010,2025-12-17,pending,598754.62,CHF,AMER,CP0378,OPTION,TDR0018,BOOK_B,2025-10-23
TXN0006997817,APP008,2025-08-21,reversed,645410.1,USD,APAC,CP0290,FX,TDR0014,BOOK_B,2025-05-24
TXN0001454214,APP015,2026-01-07,pending,646491.52,AUD,LATAM,CP0457,SWAP,TDR0072,BOOK_A,2025-12-14
TXN0002471982,APP011,2025-01-30,pending,606612.35,AUD,LATAM,CP0425,EQUITY,TDR0133,BOOK_A,2025-06-13
TXN0007451886,APP007,2025-04-12,failed,695220.0,USD,EMEA,CP0003,FX,TDR0181,BOOK_D,2025-07-30
TXN0004958809,APP020,2026-01-08,pending,488982.98,AUD,AMER,CP0305,FUTURE,TDR0094,BOOK_C,2025-07-09
TXN0009822974,APP020,2025-01-02,pending,694922.19,AUD,APAC,CP0104,FX,TDR0119,BOOK_B,2026-04-01
TXN0008971347,APP001,2025-02-25,reversed,201910.07,AUD,LATAM,CP0401,SWAP,TDR0029,BOOK_B,2025-12-31
TXN0006433146,APP004,2025-06-15,reversed,962747.59,GBP,AMER,CP0062,OPTION,TDR0171,BOOK_C,2025-07-31
TXN0004750735,APP005,2026-01-09,pending,110203.79,GBP,AMER,CP0317,BOND,TDR0124,BOOK_A,2025-04-26
TXN0004695208,APP008,2025-10-31,failed,852141.25,EUR,AMER,CP0144,OPTION,TDR0162,BOOK_B,2025-02-12
TXN0003853487,APP006,2026-01-14,settled,897442.33,JPY,EMEA,CP0493,OPTION,TDR0199,BOOK_C,2025-11-11
TXN0008763303,APP001,2025-05-19,reversed,410312.72,EUR,EMEA,CP0123,BOND,TDR0103,BOOK_B,2026-02-25
TXN0006631078,APP008,2025-03-17,reversed,168751.38,CHF,APAC,CP0355,OPTION,TDR0179,BOOK_A,2025-03-18
TXN0006956763,APP020,2026-02-11,pending,750014.86,CHF,EMEA,CP0108,BOND,TDR0147,BOOK_C,2026-03-24
TXN0009620416,APP007,2026-01-23,settled,917778.64,GBP,AMER,CP0136,BOND,TDR0104,BOOK_A,2025-07-11
TXN0009167431,APP019,2025-02-20,reversed,333262.14,AUD,EMEA,CP0494,EQUITY,TDR0090,BOOK_C,2025-05-25
TXN0009448690,APP002,2025-03-03,reversed,443959.05,JPY,AMER,CP0272,SWAP,TDR0119,BOOK_A,2025-11-25
TXN0003574753,APP020,2025-10-15,pending,832735.55,GBP,APAC,CP0430,SWAP,TDR0200,BOOK_D,2026-03-01
TXN0001684665,APP006,2025-06-09,active,784367.02,EUR,LATAM,CP0063,SWAP,TDR0131,BOOK_B,2025-09-06
TXN0009482318,APP006,2026-03-24,settled,51117.23,AUD,LATAM,CP0306,FUTURE,TDR0164,BOOK_C,2025-01-24
TXN0008507599,APP011,2025-10-15,pending,942976.49,CHF,APAC,CP0488,SWAP,TDR0087,BOOK_A,2025-03-28
TXN0001547764,APP018,2025-09-29,failed,404298.13,GBP,LATAM,CP0157,SWAP,TDR0149,BOOK_D,2026-03-08
TXN0000833269,APP012,2025-05-27,settled,165701.51,EUR,EMEA,CP0300,FUTURE,TDR0169,BOOK_D,2025-05-13
TXN0009535885,APP014,2025-05-12,settled,547704.13,USD,AMER,CP0494,FUTURE,TDR0027,BOOK_D,2025-12-09
TXN0002485288,APP001,2026-03-11,pending,375054.11,JPY,EMEA,CP0368,FX,TDR0183,BOOK_B,2025-05-29
TXN0005718924,APP002,2025-07-31,settled,623977.2,AUD,LATAM,CP0390,FX,TDR0092,BOOK_D,2026-02-06
TXN0000643671,APP003,2025-10-21,settled,423085.8,EUR,EMEA,CP0416,SWAP,TDR0092,BOOK_D,2025-05-24
TXN0003396328,APP001,2025-03-12,failed,654217.5,GBP,AMER,CP0373,FUTURE,TDR0171,BOOK_C,2026-03-22
TXN0004596386,APP019,2026-03-23,active,484030.44,AUD,AMER,CP0160,SWAP,TDR0137,BOOK_B,2025-07-31
TXN0006080325,APP008,2026-01-16,settled,301801.87,JPY,APAC,CP0059,FX,TDR0120,BOOK_D,2025-10-14
TXN0002285235,APP015,2025-09-15,failed,215739.03,USD,AMER,CP0122,OPTION,TDR0172,BOOK_C,2025-06-16
TXN0005685120,APP008,2025-07-01,active,829730.61,USD,APAC,CP0054,FX,TDR0171,BOOK_A,2025-10-10
TXN0004736102,APP004,2025-03-27,reversed,371499.25,USD,AMER,CP0303,FUTURE,TDR0021,BOOK_C,2025-03-29
TXN0007623144,APP015,2025-11-16,reversed,277965.33,EUR,APAC,CP0390,EQUITY,TDR0045,BOOK_C,2025-09-14
TXN0001689913,APP013,2025-01-23,settled,443084.2,EUR,EMEA,CP0087,SWAP,TDR0023,BOOK_D,2025-12-25
TXN0009080457,APP017,2025-05-11,reversed,587184.01,EUR,EMEA,CP0165,BOND,TDR0077,BOOK_D,2025-03-04
TXN0005946550,APP013,2026-03-29,active,406880.37,GBP,LATAM,CP0129,EQUITY,TDR0170,BOOK_D,2025-12-15
TXN0001256457,APP011,2025-03-24,reversed,468570.32,GBP,EMEA,CP0386,FUTURE,TDR0136,BOOK_D,2025-06-04
TXN0003541404,APP019,2025-05-06,pending,490497.47,CHF,EMEA,CP0195,EQUITY,TDR0028,BOOK_B,2025-05-20
TXN0001634766,APP010,2025-05-02,active,639992.59,CHF,EMEA,CP0177,FUTURE,TDR0014,BOOK_B,2025-02-22
TXN0006719949,APP008,2025-05-22,settled,205782.34,CHF,LATAM,CP0152,BOND,TDR0193,BOOK_B,2026-01-17
TXN0002762054,APP018,2025-08-08,settled,141775.75,USD,AMER,CP0294,SWAP,TDR0140,BOOK_A,2025-06-16
TXN0004475994,APP020,2025-10-27,reversed,292420.53,CHF,LATAM,CP0421,FX,TDR0037,BOOK_C,2025-09-29
TXN0000100616,APP011,2025-09-20,failed,791433.3,JPY,APAC,CP0389,BOND,TDR0139,BOOK_B,2025-09-29
TXN0008636695,APP005,2025-08-14,settled,637375.88,USD,EMEA,CP0333,EQUITY,TDR0177,BOOK_C,2025-10-14
TXN0005845139,APP019,2026-01-10,failed,900335.68,CHF,EMEA,CP0224,FX,TDR0141,BOOK_B,2025-09-01
TXN0000025186,APP012,2025-08-18,failed,80904.35,AUD,AMER,CP0077,FX,TDR0087,BOOK_C,2025-08-21
TXN0007831171,APP008,2026-04-04,failed,553270.96,CHF,LATAM,CP0134,BOND,TDR0190,BOOK_A,2025-07-29
TXN0004649054,APP016,2025-12-21,active,426442.2,JPY,LATAM,CP0375,SWAP,TDR0153,BOOK_D,2025-05-04
TXN0009626362,APP002,2026-01-25,settled,907532.18,CHF,LATAM,CP0497,EQUITY,TDR0156,BOOK_D,2025-07-10
TXN0008815000,APP001,2025-01-11,settled,343636.51,GBP,LATAM,CP0459,FX,TDR0197,BOOK_A,2026-02-18
TXN0006213912,APP014,2026-03-06,failed,126291.04,USD,AMER,CP0098,BOND,TDR0065,BOOK_C,2025-01-27
TXN0006592549,APP009,2025-09-03,reversed,808283.66,CHF,EMEA,CP0223,FX,TDR0147,BOOK_A,2025-09-25
TXN0007499193,APP002,2026-01-16,pending,70662.45,GBP,APAC,CP0256,OPTION,TDR0031,BOOK_A,2025-08-27
TXN0003101654,APP003,2025-02-09,active,219395.12,CHF,APAC,CP0041,SWAP,TDR0119,BOOK_B,2025-04-04
TXN0006240336,APP017,2026-03-07,failed,434566.93,EUR,AMER,CP0245,FX,TDR0098,BOOK_A,2025-08-14
TXN0008483453,APP007,2025-05-17,pending,914424.13,AUD,AMER,CP0022,FUTURE,TDR0109,BOOK_B,2026-01-21
TXN0001786434,APP015,2025-04-13,failed,84971.02,CHF,EMEA,CP0287,SWAP,TDR0022,BOOK_C,2025-04-02
TXN0009254581,APP019,2025-04-11,active,921006.93,AUD,AMER,CP0468,SWAP,TDR0166,BOOK_B,2025-10-04
TXN0006180769,APP008,2025-09-10,failed,60264.87,AUD,LATAM,CP0272,SWAP,TDR0028,BOOK_D,2025-08-05
TXN0004965881,APP009,2026-03-05,pending,318645.95,CHF,AMER,CP0143,FUTURE,TDR0198,BOOK_C,2025-10-04
TXN0007981407,APP012,2026-04-13,pending,81276.36,EUR,AMER,CP0014,SWAP,TDR0153,BOOK_D,2026-01-01
TXN0002551911,APP007,2025-01-06,active,638228.68,EUR,APAC,CP0081,EQUITY,TDR0144,BOOK_B,2026-02-02
TXN0007224167,APP002,2026-02-25,failed,279130.75,GBP,LATAM,CP0441,BOND,TDR0096,BOOK_D,2026-03-12
TXN0005419295,APP003,2025-04-02,failed,786359.21,AUD,AMER,CP0325,OPTION,TDR0030,BOOK_A,2025-07-10
TXN0001258299,APP019,2025-02-13,active,95506.07,CHF,APAC,CP0122,SWAP,TDR0174,BOOK_D,2025-01-05
TXN0000658459,APP014,2025-05-03,active,462006.19,GBP,APAC,CP0098,OPTION,TDR0161,BOOK_A,2026-01-26
TXN0002120210,APP011,2025-07-12,active,735234.68,CHF,EMEA,CP0222,EQUITY,TDR0099,BOOK_A,2025-09-15
TXN0000713099,APP002,2025-11-02,settled,396137.44,CHF,EMEA,CP0457,BOND,TDR0051,BOOK_C,2025-02-21
TXN0005104824,APP007,2025-12-10,pending,655847.28,USD,AMER,CP0242,FUTURE,TDR0021,BOOK_A,2026-03-12
TXN0008051181,APP010,2025-06-19,pending,565933.94,EUR,APAC,CP0263,OPTION,TDR0149,BOOK_A,2025-04-10
TXN0001276861,APP020,2025-05-12,reversed,661798.45,AUD,AMER,CP0369,SWAP,TDR0060,BOOK_C,2025-08-05
TXN0003275927,APP003,2025-06-02,active,574344.26,EUR,EMEA,CP0471,EQUITY,TDR0101,BOOK_C,2026-03-04
TXN0003670876,APP011,2025-09-20,settled,923693.03,AUD,APAC,CP0197,FX,TDR0023,BOOK_A,2025-02-08
TXN0009745240,APP019,2026-01-18,failed,260695.57,USD,LATAM,CP0060,FUTURE,TDR0025,BOOK_A,2025-12-12
TXN0002995837,APP011,2025-11-25,active,863044.92,CHF,EMEA,CP0434,FX,TDR0170,BOOK_D,2025-12-17
TXN0001701450,APP020,2025-07-27,settled,362580.61,GBP,APAC,CP0375,FX,TDR0174,BOOK_B,2025-03-12
TXN0006199466,APP014,2025-02-11,active,52992.75,GBP,LATAM,CP0482,EQUITY,TDR0017,BOOK_D,2025-04-26
TXN0007728653,APP003,2025-07-27,settled,869372.67,GBP,EMEA,CP0463,OPTION,TDR0152,BOOK_B,2025-06-30
TXN0009939128,APP015,2025-10-26,active,967620.52,CHF,AMER,CP0013,EQUITY,TDR0141,BOOK_B,2026-01-30
TXN0000514576,APP019,2025-05-30,failed,351482.12,GBP,EMEA,CP0126,FUTURE,TDR0045,BOOK_B,2025-07-05
TXN0009372743,APP019,2025-08-17,pending,561177.96,USD,LATAM,CP0122,EQUITY,TDR0019,BOOK_C,2026-02-27
TXN0009797482,APP001,2026-03-29,pending,362827.61,CHF,AMER,CP0155,SWAP,TDR0047,BOOK_D,2025-11-02
TXN0009036132,APP001,2026-01-10,active,450538.73,JPY,APAC,CP0031,FUTURE,TDR0009,BOOK_C,2025-03-15
TXN0006900827,APP007,2025-09-03,settled,658244.97,JPY,EMEA,CP0019,SWAP,TDR0064,BOOK_B,2026-03-21
TXN0009619579,APP004,2025-09-12,reversed,331871.51,AUD,LATAM,CP0195,OPTION,TDR0158,BOOK_A,2025-12-12
TXN0002422183,APP011,2025-08-18,pending,346123.18,GBP,LATAM,CP0367,FX,TDR0189,BOOK_B,2025-06-08
TXN0009672607,APP002,2025-11-30,settled,284466.42,USD,LATAM,CP0261,BOND,TDR0099,BOOK_A,2025-06-02
TXN0007465462,APP009,2025-04-27,failed,140301.11,AUD,EMEA,CP0207,SWAP,TDR0030,BOOK_C,2025-05-11
TXN0007362343,APP004,2025-08-21,reversed,877880.68,AUD,EMEA,CP0007,OPTION,TDR0001,BOOK_C,2025-05-20
TXN0004100401,APP001,2025-08-20,active,714829.2,CHF,APAC,CP0381,SWAP,TDR0060,BOOK_B,2025-06-29
TXN0007478400,APP003,2025-08-18,active,830735.33,CHF,LATAM,CP0423,FUTURE,TDR0113,BOOK_C,2025-05-02
TXN0008829495,APP011,2026-02-12,failed,514325.92,AUD,EMEA,CP0499,BOND,TDR0049,BOOK_B,2025-06-04
TXN0005691479,APP013,2025-10-18,active,20377.53,GBP,LATAM,CP0113,BOND,TDR0154,BOOK_D,2025-09-07
TXN0008369743,APP018,2025-10-31,reversed,54288.19,CHF,AMER,CP0453,FUTURE,TDR0135,BOOK_D,2025-06-17
TXN0000194100,APP020,2026-03-15,failed,272310.05,AUD,EMEA,CP0345,FX,TDR0112,BOOK_D,2025-06-24
TXN0006563030,APP019,2026-03-12,failed,909329.27,JPY,AMER,CP0108,SWAP,TDR0036,BOOK_B,2026-04-01
TXN0008638590,APP004,2026-01-19,reversed,410992.21,EUR,APAC,CP0327,EQUITY,TDR0007,BOOK_C,2025-05-24
TXN0003589281,APP003,2026-02-10,active,881430.09,GBP,APAC,CP0096,OPTION,TDR0097,BOOK_D,2025-02-03
TXN0009781967,APP008,2026-01-29,active,665537.31,CHF,EMEA,CP0318,EQUITY,TDR0195,BOOK_C,2025-10-05
TXN0008039404,APP001,2025-06-14,pending,321660.56,CHF,AMER,CP0392,BOND,TDR0078,BOOK_B,2026-01-12
TXN0006245262,APP005,2026-01-22,settled,205827.45,EUR,AMER,CP0021,SWAP,TDR0125,BOOK_D,2025-02-27
TXN0004996426,APP004,2026-02-07,pending,115126.45,USD,EMEA,CP0265,FX,TDR0132,BOOK_C,2025-03-15
TXN0008186894,APP002,2025-07-24,failed,887112.82,USD,EMEA,CP0215,FX,TDR0018,BOOK_A,2025-01-15
TXN0000914766,APP002,2025-11-30,active,818796.31,EUR,APAC,CP0190,FUTURE,TDR0144,BOOK_B,2025-05-30
TXN0003792815,APP016,2025-08-13,pending,479729.84,EUR,APAC,CP0296,EQUITY,TDR0014,BOOK_D,2025-08-08
TXN0009858565,APP014,2025-09-15,pending,435491.93,CHF,EMEA,CP0271,FUTURE,TDR0187,BOOK_C,2025-02-22
TXN0005753400,APP015,2026-03-13,reversed,90200.91,JPY,APAC,CP0078,FUTURE,TDR0104,BOOK_D,2025-12-23
TXN0004131775,APP020,2025-01-26,active,300512.99,JPY,EMEA,CP0099,FX,TDR0008,BOOK_B,2025-05-08
TXN0007256966,APP009,2025-12-05,reversed,715733.27,EUR,EMEA,CP0093,FX,TDR0151,BOOK_D,2026-01-25
TXN0001134021,APP001,2025-01-07,pending,498079.07,GBP,AMER,CP0462,OPTION,TDR0019,BOOK_D,2026-01-23
TXN0003195360,APP019,2025-01-23,settled,944856.71,USD,APAC,CP0451,FX,TDR0032,BOOK_D,2026-02-01
TXN0009331760,APP013,2026-01-27,active,707741.31,CHF,LATAM,CP0286,SWAP,TDR0006,BOOK_D,2025-09-20
TXN0002553076,APP018,2025-09-29,settled,29642.23,EUR,EMEA,CP0144,FUTURE,TDR0075,BOOK_D,2025-09-04
TXN0008700801,APP007,2026-01-10,active,722546.45,CHF,AMER,CP0019,BOND,TDR0024,BOOK_C,2025-01-26
TXN0009957325,APP006,2025-05-20,settled,124515.37,CHF,APAC,CP0379,OPTION,TDR0181,BOOK_D,2026-01-16
TXN0009207099,APP001,2025-03-29,reversed,511249.56,AUD,LATAM,CP0039,BOND,TDR0107,BOOK_B,2025-02-24
TXN0005774494,APP016,2026-02-13,settled,861782.63,AUD,AMER,CP0127,FUTURE,TDR0033,BOOK_D,2025-11-19
TXN0001682271,APP017,2025-11-06,settled,717188.98,GBP,AMER,CP0003,SWAP,TDR0081,BOOK_D,2025-07-31
TXN0002028002,APP020,2025-02-21,settled,4141.33,GBP,LATAM,CP0019,FX,TDR0155,BOOK_B,2025-11-05
TXN0005281172,APP019,2025-11-06,active,799217.7,AUD,EMEA,CP0013,EQUITY,TDR0034,BOOK_D,2025-08-23
TXN0004613161,APP006,2025-09-15,pending,293114.22,GBP,EMEA,CP0169,FX,TDR0103,BOOK_B,2026-03-08
TXN0001515389,APP005,2025-09-11,failed,719826.78,AUD,EMEA,CP0276,SWAP,TDR0137,BOOK_C,2025-12-08
TXN0004676243,APP018,2026-01-11,failed,130654.42,AUD,EMEA,CP0120,FX,TDR0045,BOOK_C,2025-07-28
TXN0007382847,APP004,2026-04-05,reversed,390844.28,AUD,EMEA,CP0408,FUTURE,TDR0015,BOOK_C,2026-01-19
TXN0004389689,APP014,2026-03-08,failed,261595.14,GBP,EMEA,CP0061,EQUITY,TDR0137,BOOK_C,2025-07-02
TXN0000729334,APP008,2025-06-08,active,416994.18,GBP,LATAM,CP0260,EQUITY,TDR0159,BOOK_A,2025-09-11
TXN0009606700,APP005,2025-05-10,reversed,188507.46,USD,APAC,CP0210,EQUITY,TDR0107,BOOK_D,2025-12-17
TXN0006191661,APP013,2025-11-28,reversed,803548.47,JPY,APAC,CP0244,FX,TDR0093,BOOK_A,2026-04-07
TXN0003747546,APP010,2025-09-23,settled,132183.44,CHF,APAC,CP0404,FUTURE,TDR0190,BOOK_B,2026-02-18
TXN0006389044,APP007,2026-01-15,failed,346153.27,AUD,EMEA,CP0320,SWAP,TDR0085,BOOK_A,2025-03-12
TXN0007406000,APP020,2025-12-20,pending,262287.06,GBP,APAC,CP0494,EQUITY,TDR0030,BOOK_D,2025-11-02
TXN0003612334,APP020,2026-03-22,reversed,9770.83,USD,AMER,CP0012,FX,TDR0132,BOOK_B,2025-02-27
TXN0002541757,APP016,2026-02-24,reversed,714952.63,AUD,AMER,CP0258,SWAP,TDR0099,BOOK_C,2025-02-16
TXN0005841837,APP008,2025-08-11,settled,467096.22,JPY,EMEA,CP0228,SWAP,TDR0079,BOOK_D,2025-08-18
TXN0000900500,APP013,2025-11-21,failed,887485.92,JPY,APAC,CP0007,OPTION,TDR0120,BOOK_A,2026-03-22
TXN0007314220,APP007,2025-01-20,active,640518.96,EUR,EMEA,CP0074,SWAP,TDR0190,BOOK_C,2025-11-24
TXN0003943556,APP004,2025-08-27,failed,586369.46,GBP,LATAM,CP0385,FX,TDR0065,BOOK_C,2026-04-13
TXN0004131197,APP015,2025-02-17,failed,754523.86,USD,EMEA,CP0474,OPTION,TDR0003,BOOK_D,2025-05-20
TXN0004855655,APP006,2025-09-21,failed,537625.87,JPY,LATAM,CP0305,SWAP,TDR0176,BOOK_C,2026-04-07
TXN0002604328,APP014,2026-03-08,failed,331498.36,EUR,APAC,CP0472,FUTURE,TDR0082,BOOK_D,2025-09-11
TXN0001026776,APP019,2025-12-12,active,648079.09,CHF,AMER,CP0206,OPTION,TDR0132,BOOK_A,2025-05-20
TXN0006486623,APP020,2026-02-21,failed,552416.29,CHF,LATAM,CP0114,OPTION,TDR0080,BOOK_A,2026-01-08
TXN0006887391,APP015,2025-12-30,failed,399550.9,EUR,APAC,CP0137,SWAP,TDR0024,BOOK_C,2025-01-29
TXN0002890864,APP018,2025-11-15,reversed,265680.53,CHF,APAC,CP0129,EQUITY,TDR0067,BOOK_B,2025-06-16
TXN0000032264,APP015,2025-11-13,active,744041.41,USD,APAC,CP0044,FX,TDR0083,BOOK_A,2025-10-08
TXN0000784548,APP020,2025-03-25,failed,622523.19,GBP,EMEA,CP0142,FUTURE,TDR0150,BOOK_D,2025-06-08
TXN0003092773,APP011,2025-07-05,active,814220.53,USD,APAC,CP0235,FUTURE,TDR0021,BOOK_D,2025-03-04
TXN0001491663,APP012,2025-03-30,active,848630.19,AUD,EMEA,CP0252,EQUITY,TDR0164,BOOK_C,2025-04-25
TXN0009466283,APP007,2025-09-25,reversed,275646.59,GBP,AMER,CP0137,OPTION,TDR0027,BOOK_A,2025-02-12
TXN0007344894,APP015,2025-03-04,failed,465298.86,EUR,EMEA,CP0076,FX,TDR0043,BOOK_A,2026-03-26
TXN0004012871,APP018,2025-01-16,reversed,413047.34,AUD,APAC,CP0365,FUTURE,TDR0143,BOOK_C,2025-09-23
TXN0001746302,APP020,2025-12-11,reversed,789119.96,USD,EMEA,CP0303,SWAP,TDR0143,BOOK_C,2025-04-15
TXN0005063138,APP010,2026-01-31,failed,78243.47,GBP,AMER,CP0127,BOND,TDR0102,BOOK_C,2025-08-03
TXN0004616251,APP017,2026-03-20,failed,959885.89,CHF,LATAM,CP0302,FUTURE,TDR0072,BOOK_C,2026-03-23
TXN0003032634,APP015,2025-03-28,reversed,215736.13,EUR,AMER,CP0415,OPTION,TDR0151,BOOK_A,2026-04-04
TXN0005168014,APP006,2025-07-24,reversed,678830.72,GBP,EMEA,CP0210,FUTURE,TDR0114,BOOK_B,2026-01-19
TXN0003395285,APP003,2026-02-28,reversed,897683.27,JPY,EMEA,CP0476,FUTURE,TDR0150,BOOK_A,2025-06-25
TXN0007618492,APP017,2025-03-20,failed,128215.65,USD,LATAM,CP0465,EQUITY,TDR0153,BOOK_C,2025-08-19
TXN0007675063,APP005,2025-02-04,settled,826071.44,CHF,AMER,CP0255,FUTURE,TDR0053,BOOK_C,2026-01-03
TXN0002725851,APP020,2025-05-31,active,802618.82,GBP,AMER,CP0060,FX,TDR0053,BOOK_D,2026-01-20
TXN0002949103,APP005,2025-10-27,reversed,52167.8,EUR,EMEA,CP0311,OPTION,TDR0114,BOOK_B,2025-12-03
TXN0005324979,APP008,2026-04-08,settled,66982.51,JPY,LATAM,CP0057,EQUITY,TDR0176,BOOK_C,2025-03-10
TXN0009532299,APP018,2026-03-11,pending,217376.9,USD,LATAM,CP0421,EQUITY,TDR0173,BOOK_D,2025-08-12
TXN0004319095,APP013,2025-08-07,failed,943239.49,AUD,EMEA,CP0092,FX,TDR0065,BOOK_C,2025-05-25
TXN0009525040,APP006,2025-07-22,settled,847746.32,JPY,AMER,CP0288,OPTION,TDR0019,BOOK_D,2025-10-10
TXN0001305976,APP002,2025-08-03,failed,749912.18,GBP,APAC,CP0434,EQUITY,TDR0084,BOOK_A,2025-06-26
TXN0009279357,APP013,2026-02-14,settled,894230.89,JPY,APAC,CP0112,FX,TDR0117,BOOK_D,2025-07-18
TXN0000692201,APP011,2025-12-01,failed,759942.43,CHF,APAC,CP0061,EQUITY,TDR0141,BOOK_A,2025-05-22
TXN0003602173,APP012,2025-03-03,failed,233220.19,JPY,EMEA,CP0215,OPTION,TDR0105,BOOK_B,2025-12-29
TXN0000971042,APP013,2025-06-07,failed,288554.37,JPY,LATAM,CP0019,OPTION,TDR0191,BOOK_A,2025-07-02
TXN0000970239,APP008,2025-08-27,pending,828821.2,JPY,LATAM,CP0110,FX,TDR0073,BOOK_C,2025-09-14
TXN0002390348,APP008,2026-01-23,pending,92077.14,EUR,AMER,CP0145,OPTION,TDR0134,BOOK_A,2025-04-06
TXN0000695636,APP020,2025-01-31,failed,167852.76,GBP,EMEA,CP0331,BOND,TDR0118,BOOK_B,2025-01-11
TXN0004720466,APP004,2025-09-17,failed,696699.96,AUD,APAC,CP0141,EQUITY,TDR0047,BOOK_D,2025-12-30
TXN0007471507,APP020,2025-08-06,pending,14721.72,JPY,LATAM,CP0251,SWAP,TDR0150,BOOK_C,2026-01-08
TXN0006461168,APP010,2026-04-02,reversed,642522.57,CHF,LATAM,CP0345,OPTION,TDR0027,BOOK_D,2025-08-19
TXN0006674783,APP006,2025-03-23,reversed,414019.57,CHF,LATAM,CP0205,FUTURE,TDR0017,BOOK_A,2026-01-05
TXN0000152097,APP012,2026-02-08,pending,605701.84,AUD,LATAM,CP0067,EQUITY,TDR0080,BOOK_D,2025-05-30
TXN0005086057,APP004,2025-02-23,pending,863339.79,JPY,AMER,CP0183,OPTION,TDR0036,BOOK_D,2025-04-23
TXN0009645504,APP006,2025-10-17,active,571207.06,JPY,LATAM,CP0469,BOND,TDR0154,BOOK_C,2026-01-04
TXN0004062610,APP001,2025-03-22,active,958323.26,CHF,APAC,CP0004,FX,TDR0052,BOOK_B,2025-12-14
TXN0000748468,APP015,2025-10-30,reversed,751598.59,GBP,LATAM,CP0045,OPTION,TDR0116,BOOK_D,2026-03-27
TXN0004743325,APP019,2026-03-22,settled,484281.29,EUR,LATAM,CP0364,OPTION,TDR0168,BOOK_A,2025-04-29
TXN0000287530,APP006,2025-08-14,reversed,76660.23,GBP,AMER,CP0343,SWAP,TDR0171,BOOK_B,2026-02-21
TXN0003097309,APP014,2025-12-25,pending,647210.02,AUD,EMEA,CP0287,SWAP,TDR0105,BOOK_A,2025-05-31
TXN0006052713,APP001,2025-08-20,active,927242.44,EUR,APAC,CP0407,FUTURE,TDR0040,BOOK_C,2025-09-02
TXN0000600812,APP010,2025-02-07,pending,63386.66,EUR,AMER,CP0221,EQUITY,TDR0077,BOOK_C,2025-09-24
TXN0001544783,APP009,2025-11-11,reversed,279175.35,USD,LATAM,CP0447,OPTION,TDR0095,BOOK_A,2025-01-13
TXN0009125077,APP007,2025-09-15,failed,916667.44,JPY,LATAM,CP0441,SWAP,TDR0190,BOOK_C,2025-12-16
TXN0006174489,APP013,2025-11-13,reversed,497343.0,CHF,EMEA,CP0445,EQUITY,TDR0101,BOOK_D,2025-01-28
TXN0002652600,APP005,2026-03-27,reversed,778818.66,GBP,APAC,CP0478,SWAP,TDR0179,BOOK_B,2026-02-05
TXN0000580652,APP001,2025-08-21,failed,90927.98,EUR,AMER,CP0281,FX,TDR0163,BOOK_B,2025-12-31
TXN0002034021,APP006,2025-11-11,settled,145056.55,CHF,APAC,CP0200,SWAP,TDR0045,BOOK_B,2025-03-30
TXN0007392005,APP011,2025-03-18,reversed,340741.93,JPY,LATAM,CP0398,BOND,TDR0069,BOOK_A,2025-03-25
TXN0004995455,APP009,2026-02-16,reversed,571352.89,JPY,EMEA,CP0273,EQUITY,TDR0188,BOOK_C,2025-11-01
TXN0004146930,APP016,2025-04-10,active,766765.93,EUR,LATAM,CP0201,OPTION,TDR0175,BOOK_C,2025-06-23
TXN0002838659,APP003,2025-06-29,pending,292967.2,EUR,APAC,CP0178,SWAP,TDR0092,BOOK_A,2026-04-06
TXN0002787102,APP007,2025-01-06,active,274901.77,USD,LATAM,CP0049,BOND,TDR0103,BOOK_D,2025-07-20
TXN0009011394,APP011,2026-01-26,settled,238731.43,AUD,APAC,CP0305,BOND,TDR0028,BOOK_D,2025-10-31
TXN0002395209,APP016,2025-08-04,reversed,674118.3,GBP,APAC,CP0157,FX,TDR0194,BOOK_D,2026-01-21
TXN0006337504,APP005,2025-10-26,reversed,472536.17,EUR,EMEA,CP0220,BOND,TDR0018,BOOK_D,2026-01-20
TXN0004202710,APP002,2025-09-21,active,874169.5,CHF,AMER,CP0028,FUTURE,TDR0162,BOOK_A,2026-03-06
TXN0003788933,APP010,2025-01-01,pending,114663.21,GBP,EMEA,CP0146,FUTURE,TDR0107,BOOK_C,2025-09-07
TXN0001449320,APP018,2025-09-04,failed,435264.3,EUR,LATAM,CP0407,SWAP,TDR0127,BOOK_A,2026-02-17
TXN0002427827,APP001,2026-04-08,failed,74497.5,USD,AMER,CP0106,OPTION,TDR0171,BOOK_B,2026-01-18
TXN0000146012,APP016,2026-03-29,reversed,869544.41,EUR,AMER,CP0348,BOND,TDR0181,BOOK_D,2025-06-23
TXN0006091311,APP016,2025-01-16,active,642136.4,EUR,LATAM,CP0243,FUTURE,TDR0050,BOOK_B,2025-04-01
TXN0007350389,APP019,2025-08-18,pending,547029.29,JPY,APAC,CP0025,SWAP,TDR0183,BOOK_D,2025-01-27
TXN0001745967,APP018,2026-01-22,active,887088.31,JPY,APAC,CP0265,FX,TDR0081,BOOK_C,2025-08-12
TXN0005778340,APP011,2025-03-31,reversed,468843.75,CHF,AMER,CP0079,BOND,TDR0120,BOOK_D,2025-03-24
TXN0007654121,APP004,2025-01-27,failed,655185.39,JPY,AMER,CP0342,BOND,TDR0098,BOOK_C,2025-02-10
TXN0001583744,APP004,2025-04-06,failed,635897.75,EUR,EMEA,CP0021,SWAP,TDR0122,BOOK_B,2025-09-25
TXN0005253742,APP002,2025-01-20,failed,961003.15,EUR,EMEA,CP0430,OPTION,TDR0147,BOOK_B,2025-10-14
TXN0000145322,APP017,2025-12-19,settled,152639.69,AUD,APAC,CP0221,OPTION,TDR0004,BOOK_B,2025-08-05
TXN0000281040,APP011,2025-12-20,failed,621860.12,GBP,APAC,CP0243,FUTURE,TDR0042,BOOK_D,2025-08-20
TXN0000734260,APP017,2025-01-04,settled,449068.52,EUR,EMEA,CP0254,FX,TDR0058,BOOK_C,2025-08-07
TXN0003202454,APP015,2025-04-19,reversed,310637.21,GBP,EMEA,CP0222,BOND,TDR0198,BOOK_A,2025-03-20
TXN0007904048,APP018,2025-06-01,pending,783707.35,CHF,APAC,CP0140,FX,TDR0113,BOOK_D,2026-01-15
TXN0002893149,APP007,2026-04-03,pending,755282.66,AUD,AMER,CP0202,BOND,TDR0019,BOOK_B,2026-03-18
TXN0001596847,APP003,2025-07-01,settled,831974.95,AUD,AMER,CP0282,OPTION,TDR0038,BOOK_A,2025-04-03
TXN0001199521,APP005,2025-03-02,failed,399709.89,JPY,APAC,CP0310,FUTURE,TDR0049,BOOK_A,2025-01-10
TXN0002247023,APP003,2026-02-12,failed,339055.51,CHF,APAC,CP0170,FX,TDR0054,BOOK_D,2025-03-08
TXN0002751142,APP011,2025-05-30,settled,420626.16,EUR,APAC,CP0278,OPTION,TDR0067,BOOK_A,2025-06-24
TXN0002719025,APP007,2025-08-04,reversed,519965.44,CHF,EMEA,CP0339,SWAP,TDR0192,BOOK_B,2025-05-04
TXN0007297627,APP017,2026-02-01,settled,387594.68,AUD,EMEA,CP0096,SWAP,TDR0043,BOOK_C,2025-12-30
TXN0007991819,APP011,2025-02-26,settled,475255.3,CHF,AMER,CP0266,OPTION,TDR0157,BOOK_B,2025-06-13
TXN0006188455,APP020,2025-07-13,active,442033.12,CHF,AMER,CP0463,OPTION,TDR0069,BOOK_C,2025-09-13
TXN0000081894,APP001,2025-12-08,active,183574.78,GBP,APAC,CP0413,OPTION,TDR0128,BOOK_C,2025-07-04
TXN0005090056,APP016,2026-01-07,settled,768503.68,EUR,LATAM,CP0433,SWAP,TDR0172,BOOK_B,2025-01-01
TXN0002973655,APP014,2025-08-31,failed,675006.68,CHF,LATAM,CP0084,FUTURE,TDR0042,BOOK_B,2025-01-09
TXN0003948716,APP010,2025-01-01,settled,460176.65,JPY,EMEA,CP0199,BOND,TDR0091,BOOK_C,2025-04-08
TXN0004574873,APP004,2025-08-16,failed,527214.85,CHF,LATAM,CP0217,SWAP,TDR0130,BOOK_B,2026-03-31
TXN0009238591,APP008,2025-01-20,reversed,851901.87,GBP,LATAM,CP0387,SWAP,TDR0125,BOOK_A,2025-08-12
TXN0000445788,APP004,2026-03-15,active,299725.41,AUD,LATAM,CP0201,SWAP,TDR0082,BOOK_A,2025-04-09
TXN0003367430,APP002,2025-12-02,settled,393990.83,USD,EMEA,CP0397,EQUITY,TDR0128,BOOK_B,2025-06-29
TXN0009312567,APP014,2025-05-11,pending,998526.93,USD,APAC,CP0360,FUTURE,TDR0108,BOOK_C,2025-10-26
TXN0007952063,APP004,2025-04-10,active,314109.81,AUD,AMER,CP0283,SWAP,TDR0107,BOOK_C,2025-04-13
TXN0005944232,APP019,2025-09-27,failed,766865.74,GBP,AMER,CP0205,FUTURE,TDR0098,BOOK_B,2025-12-19
TXN0001867953,APP019,2025-06-24,reversed,636251.53,GBP,EMEA,CP0224,OPTION,TDR0156,BOOK_A,2025-10-23
TXN0000412937,APP013,2025-05-07,pending,822011.9,CHF,LATAM,CP0270,OPTION,TDR0112,BOOK_B,2025-03-03
TXN0006552225,APP003,2025-01-16,pending,840732.87,JPY,APAC,CP0297,SWAP,TDR0019,BOOK_C,2025-07-26
TXN0007045216,APP016,2025-04-17,settled,177879.79,USD,LATAM,CP0206,FUTURE,TDR0037,BOOK_D,2025-10-27
TXN0007507656,APP018,2025-10-18,settled,154201.17,GBP,APAC,CP0078,EQUITY,TDR0198,BOOK_D,2025-10-04
TXN0004854842,APP001,2026-02-13,settled,232583.53,CHF,AMER,CP0433,FX,TDR0121,BOOK_A,2025-04-30
TXN0000499111,APP020,2025-10-11,failed,875105.69,GBP,AMER,CP0461,EQUITY,TDR0079,BOOK_C,2025-12-02
TXN0002437541,APP014,2025-09-28,pending,625286.09,GBP,APAC,CP0052,OPTION,TDR0126,BOOK_D,2025-03-05
TXN0002185945,APP003,2025-04-02,active,558569.42,JPY,AMER,CP0235,EQUITY,TDR0176,BOOK_B,2025-09-27
TXN0009337703,APP018,2025-10-10,failed,453218.95,USD,EMEA,CP0361,FX,TDR0002,BOOK_B,2025-03-31
TXN0005993104,APP018,2025-03-31,active,161014.8,USD,AMER,CP0206,EQUITY,TDR0005,BOOK_A,2026-01-30
TXN0009365744,APP015,2025-07-18,failed,861029.51,USD,APAC,CP0202,FX,TDR0156,BOOK_A,2025-06-09
TXN0007389152,APP015,2025-11-01,active,936149.22,JPY,AMER,CP0145,FX,TDR0132,BOOK_C,2025-10-10
TXN0000369464,APP010,2025-12-15,failed,878906.39,GBP,LATAM,CP0443,FX,TDR0068,BOOK_B,2025-03-26
TXN0009441903,APP017,2025-08-31,failed,82723.37,USD,LATAM,CP0210,BOND,TDR0093,BOOK_A,2025-11-27
TXN0004511719,APP012,2025-06-20,pending,95182.03,GBP,LATAM,CP0223,EQUITY,TDR0028,BOOK_B,2025-12-23
TXN0005561218,APP005,2025-01-14,settled,763400.3,USD,AMER,CP0238,OPTION,TDR0165,BOOK_C,2025-12-09
TXN0006837576,APP017,2025-06-10,active,763994.07,EUR,AMER,CP0057,FUTURE,TDR0019,BOOK_C,2026-02-14
TXN0008978858,APP002,2026-03-08,failed,559779.23,USD,EMEA,CP0139,BOND,TDR0037,BOOK_C,2025-09-17
TXN0003732786,APP005,2025-01-11,pending,428450.45,CHF,EMEA,CP0431,BOND,TDR0110,BOOK_D,2025-05-25
TXN0005710230,APP012,2026-02-08,reversed,721602.69,AUD,APAC,CP0479,FUTURE,TDR0151,BOOK_D,2025-03-21
TXN0009206474,APP013,2025-10-14,reversed,945905.3,AUD,LATAM,CP0209,OPTION,TDR0168,BOOK_B,2025-12-04
TXN0009119485,APP015,2025-01-23,active,903693.57,USD,LATAM,CP0345,SWAP,TDR0165,BOOK_B,2025-01-24
TXN0001113403,APP007,2025-07-22,reversed,761177.41,AUD,LATAM,CP0004,EQUITY,TDR0022,BOOK_A,2025-03-07
TXN0002503351,APP017,2026-02-23,active,858478.85,EUR,LATAM,CP0104,FUTURE,TDR0051,BOOK_A,2025-04-24
TXN0009166865,APP016,2025-12-03,settled,375534.93,JPY,APAC,CP0092,EQUITY,TDR0198,BOOK_B,2025-11-20
TXN0008975923,APP015,2026-01-06,active,837644.17,AUD,LATAM,CP0419,EQUITY,TDR0141,BOOK_A,2025-08-11
TXN0003486980,APP010,2025-05-02,pending,669359.6,JPY,EMEA,CP0061,EQUITY,TDR0071,BOOK_B,2025-10-01
TXN0000814980,APP004,2026-02-27,pending,785423.66,GBP,LATAM,CP0244,EQUITY,TDR0148,BOOK_B,2025-04-01
TXN0003688575,APP012,2025-10-04,reversed,798352.22,GBP,EMEA,CP0161,SWAP,TDR0066,BOOK_C,2025-03-19
TXN0002450993,APP018,2025-08-26,pending,405394.63,EUR,LATAM,CP0385,EQUITY,TDR0112,BOOK_C,2025-03-17
TXN0002952617,APP010,2025-02-01,active,629239.92,AUD,APAC,CP0159,EQUITY,TDR0047,BOOK_B,2025-10-21
TXN0005644206,APP002,2025-04-13,active,929131.02,JPY,EMEA,CP0109,FX,TDR0005,BOOK_D,2025-02-12
TXN0004403054,APP019,2025-11-26,failed,447505.68,GBP,APAC,CP0329,SWAP,TDR0181,BOOK_D,2025-05-03
TXN0005507967,APP014,2025-12-13,settled,80173.0,CHF,APAC,CP0295,FUTURE,TDR0064,BOOK_C,2025-06-29
TXN0009165531,APP004,2025-10-07,reversed,763888.27,CHF,EMEA,CP0152,EQUITY,TDR0045,BOOK_C,2025-12-04
TXN0008166994,APP015,2025-11-10,pending,494998.34,USD,APAC,CP0126,EQUITY,TDR0047,BOOK_D,2025-02-04
TXN0005127170,APP019,2025-10-12,failed,467691.52,AUD,APAC,CP0375,OPTION,TDR0154,BOOK_A,2025-08-22
TXN0004798902,APP009,2025-05-08,pending,85061.28,JPY,LATAM,CP0300,FX,TDR0123,BOOK_C,2026-04-06
TXN0000601365,APP008,2025-06-25,active,47303.57,GBP,AMER,CP0209,BOND,TDR0159,BOOK_D,2026-02-01
TXN0001276790,APP001,2025-12-12,active,671604.97,JPY,LATAM,CP0201,BOND,TDR0199,BOOK_A,2025-02-20
TXN0006946183,APP017,2025-08-10,failed,909505.03,GBP,EMEA,CP0236,FX,TDR0166,BOOK_B,2025-09-11
TXN0007955575,APP005,2025-03-27,pending,37197.28,CHF,APAC,CP0255,OPTION,TDR0014,BOOK_A,2025-07-13
TXN0002443612,APP020,2026-02-05,pending,440621.06,AUD,APAC,CP0351,BOND,TDR0077,BOOK_C,2025-01-07
TXN0000910308,APP008,2025-08-31,settled,779472.6,USD,EMEA,CP0115,FUTURE,TDR0111,BOOK_B,2025-11-16
TXN0009043795,APP016,2025-02-20,settled,400783.61,JPY,EMEA,CP0352,BOND,TDR0074,BOOK_D,2026-01-29
TXN0007797074,APP002,2025-09-19,failed,620349.29,JPY,APAC,CP0296,FUTURE,TDR0052,BOOK_A,2026-03-06
TXN0009588364,APP010,2025-02-07,active,540003.58,EUR,LATAM,CP0435,OPTION,TDR0148,BOOK_C,2025-05-31
TXN0006203257,APP001,2025-01-10,active,711190.17,EUR,APAC,CP0015,EQUITY,TDR0193,BOOK_C,2026-02-17
TXN0005711696,APP007,2025-07-26,settled,126011.41,USD,LATAM,CP0100,OPTION,TDR0139,BOOK_D,2026-03-28
TXN0007216593,APP008,2025-09-21,active,142718.48,GBP,APAC,CP0377,EQUITY,TDR0152,BOOK_C,2025-02-12
TXN0004581315,APP014,2025-10-17,reversed,278962.0,EUR,AMER,CP0195,SWAP,TDR0150,BOOK_D,2026-03-03
TXN0003553447,APP005,2026-02-16,settled,614333.08,GBP,AMER,CP0350,FUTURE,TDR0172,BOOK_C,2025-01-14
TXN0009409236,APP005,2025-04-02,pending,303431.89,GBP,LATAM,CP0042,BOND,TDR0052,BOOK_B,2025-01-12
TXN0003497199,APP014,2025-06-07,settled,98834.79,GBP,AMER,CP0370,FX,TDR0188,BOOK_B,2026-02-22
TXN0007121330,APP001,2025-12-24,active,521955.94,CHF,LATAM,CP0147,FUTURE,TDR0002,BOOK_A,2025-06-22
TXN0009427622,APP009,2025-11-30,settled,442386.18,JPY,APAC,CP0061,SWAP,TDR0186,BOOK_A,2026-02-03
TXN0000343074,APP004,2025-07-20,pending,856289.84,GBP,APAC,CP0210,BOND,TDR0145,BOOK_A,2025-09-11
TXN0007020034,APP018,2025-12-03,reversed,287579.27,GBP,APAC,CP0174,SWAP,TDR0170,BOOK_A,2025-03-31
TXN0003755356,APP002,2025-10-21,failed,544080.02,CHF,EMEA,CP0148,SWAP,TDR0189,BOOK_D,2026-01-30
TXN0005787633,APP005,2025-02-09,settled,764517.23,GBP,LATAM,CP0344,FX,TDR0085,BOOK_A,2025-12-06
TXN0000564443,APP005,2025-04-09,settled,796713.22,JPY,EMEA,CP0167,BOND,TDR0025,BOOK_A,2025-01-19
TXN0005951614,APP001,2025-06-14,pending,798524.1,GBP,EMEA,CP0365,FUTURE,TDR0105,BOOK_D,2025-09-03
TXN0004593573,APP005,2025-09-14,pending,39221.06,CHF,APAC,CP0134,OPTION,TDR0117,BOOK_B,2025-01-31
TXN0001058845,APP002,2025-05-21,settled,428765.57,AUD,AMER,CP0421,BOND,TDR0049,BOOK_B,2025-12-13
TXN0003645578,APP018,2025-02-20,failed,472270.57,GBP,AMER,CP0426,EQUITY,TDR0079,BOOK_C,2025-12-06
TXN0001494257,APP013,2025-03-02,settled,257744.56,USD,EMEA,CP0317,BOND,TDR0131,BOOK_A,2025-07-26
TXN0009192037,APP003,2026-03-03,settled,478385.91,AUD,APAC,CP0439,EQUITY,TDR0123,BOOK_A,2025-04-05
TXN0005239533,APP011,2025-11-10,settled,391580.89,GBP,LATAM,CP0208,BOND,TDR0129,BOOK_B,2025-09-27
TXN0002007262,APP020,2025-02-28,failed,478360.87,EUR,EMEA,CP0483,SWAP,TDR0021,BOOK_C,2025-12-27
TXN0000357095,APP015,2025-10-31,pending,243904.66,JPY,APAC,CP0091,FUTURE,TDR0189,BOOK_B,2025-09-05
TXN0008325644,APP016,2026-01-10,settled,259570.78,CHF,APAC,CP0327,FX,TDR0140,BOOK_B,2026-04-10
TXN0007828178,APP011,2025-03-20,active,289758.99,AUD,AMER,CP0269,SWAP,TDR0199,BOOK_A,2025-03-20
TXN0008060469,APP018,2025-12-31,settled,5103.68,CHF,AMER,CP0345,OPTION,TDR0127,BOOK_C,2026-02-09
TXN0008780335,APP013,2025-07-07,reversed,612715.41,JPY,EMEA,CP0131,OPTION,TDR0014,BOOK_C,2025-05-11
TXN0009833146,APP008,2025-12-30,reversed,321709.39,EUR,APAC,CP0283,EQUITY,TDR0125,BOOK_C,2026-01-02
TXN0003079479,APP007,2025-03-30,pending,791711.18,AUD,EMEA,CP0388,BOND,TDR0084,BOOK_D,2025-11-26
TXN0005309218,APP010,2026-03-11,pending,420967.15,CHF,EMEA,CP0110,OPTION,TDR0010,BOOK_C,2025-05-30
TXN0003141881,APP012,2025-05-16,settled,149910.55,AUD,EMEA,CP0193,OPTION,TDR0132,BOOK_D,2025-04-22
TXN0009254068,APP016,2025-01-17,reversed,90782.39,CHF,LATAM,CP0112,BOND,TDR0093,BOOK_A,2025-12-30
TXN0001336275,APP019,2025-03-26,pending,792389.67,GBP,APAC,CP0005,FUTURE,TDR0188,BOOK_A,2025-02-04
TXN0001868423,APP013,2025-03-03,failed,798664.81,JPY,EMEA,CP0020,OPTION,TDR0082,BOOK_B,2025-03-13
TXN0000168812,APP018,2026-03-13,settled,602560.74,JPY,LATAM,CP0319,FUTURE,TDR0053,BOOK_D,2025-09-09
TXN0004190791,APP001,2025-06-24,reversed,253380.97,AUD,APAC,CP0102,FX,TDR0101,BOOK_D,2025-11-06
TXN0004582961,APP019,2026-02-19,reversed,933748.36,EUR,AMER,CP0274,BOND,TDR0163,BOOK_D,2025-01-31
TXN0007536730,APP004,2026-03-22,reversed,796987.46,CHF,AMER,CP0036,EQUITY,TDR0120,BOOK_D,2026-03-06
TXN0008836284,APP009,2025-08-12,reversed,162445.06,CHF,EMEA,CP0279,EQUITY,TDR0116,BOOK_C,2026-02-02
TXN0007721213,APP008,2026-01-28,active,95320.0,JPY,APAC,CP0451,FUTURE,TDR0067,BOOK_D,2025-09-07
TXN0005352320,APP015,2025-06-12,reversed,972984.33,AUD,LATAM,CP0281,FUTURE,TDR0125,BOOK_B,2025-03-18
TXN0005316215,APP007,2025-10-23,active,615898.06,EUR,EMEA,CP0489,OPTION,TDR0172,BOOK_C,2026-03-11
TXN0009587334,APP002,2025-06-23,active,200000.42,CHF,APAC,CP0208,EQUITY,TDR0001,BOOK_B,2025-05-22
TXN0009903215,APP009,2025-05-17,reversed,964357.27,USD,AMER,CP0392,OPTION,TDR0175,BOOK_A,2025-03-04
TXN0005944382,APP002,2025-10-08,active,729167.04,JPY,APAC,CP0384,OPTION,TDR0185,BOOK_B,2025-07-29
TXN0002408667,APP003,2025-09-29,pending,874623.69,JPY,APAC,CP0425,FX,TDR0140,BOOK_D,2025-12-22
TXN0008211496,APP015,2026-01-10,failed,994874.87,JPY,EMEA,CP0485,EQUITY,TDR0165,BOOK_D,2026-03-02
TXN0005464429,APP014,2026-02-28,active,816817.57,AUD,APAC,CP0059,SWAP,TDR0030,BOOK_D,2025-12-10
TXN0009206641,APP007,2025-09-30,active,59904.95,GBP,APAC,CP0283,OPTION,TDR0071,BOOK_A,2025-08-25
TXN0009361668,APP012,2025-05-31,active,542255.48,AUD,EMEA,CP0442,BOND,TDR0070,BOOK_B,2026-02-18
TXN0003576670,APP008,2025-11-29,failed,482640.66,USD,LATAM,CP0496,OPTION,TDR0136,BOOK_C,2025-05-02
TXN0007176091,APP016,2025-05-20,active,966540.37,AUD,AMER,CP0499,BOND,TDR0190,BOOK_C,2026-02-14
TXN0009596539,APP002,2025-03-08,active,348736.92,USD,AMER,CP0157,FX,TDR0081,BOOK_B,2025-06-02
TXN0005699007,APP001,2026-04-06,settled,27505.75,USD,LATAM,CP0169,FX,TDR0002,BOOK_A,2026-01-28
TXN0004171119,APP010,2026-01-26,pending,567706.0,AUD,APAC,CP0482,FX,TDR0190,BOOK_D,2025-01-20
TXN0000051524,APP004,2025-03-27,failed,177989.99,CHF,APAC,CP0475,OPTION,TDR0160,BOOK_B,2025-09-23
TXN0004332938,APP009,2025-08-04,active,19587.28,USD,EMEA,CP0208,OPTION,TDR0134,BOOK_C,2026-04-10
TXN0007015478,APP007,2025-11-26,reversed,606985.33,EUR,LATAM,CP0142,EQUITY,TDR0051,BOOK_D,2025-04-20
TXN0004998534,APP003,2026-02-05,pending,191710.75,AUD,LATAM,CP0104,FX,TDR0136,BOOK_D,2025-12-21
TXN0006454560,APP006,2025-07-25,settled,162055.14,JPY,LATAM,CP0449,OPTION,TDR0120,BOOK_D,2025-03-27
TXN0000083245,APP006,2025-05-30,settled,160559.85,AUD,AMER,CP0184,BOND,TDR0195,BOOK_B,2025-03-23
TXN0006138606,APP002,2025-06-07,settled,233126.7,GBP,AMER,CP0412,OPTION,TDR0106,BOOK_C,2025-11-14
TXN0008326687,APP010,2025-05-11,active,855386.26,JPY,LATAM,CP0200,FX,TDR0185,BOOK_A,2026-01-30
TXN0004703993,APP001,2026-03-26,active,881959.54,JPY,APAC,CP0462,FX,TDR0097,BOOK_B,2025-08-20
TXN0003959595,APP018,2025-09-07,reversed,790869.95,JPY,EMEA,CP0316,BOND,TDR0072,BOOK_D,2025-09-11
TXN0005048066,APP015,2025-09-18,settled,292603.96,JPY,EMEA,CP0377,SWAP,TDR0112,BOOK_C,2025-08-19
TXN0002881870,APP001,2026-02-07,failed,541772.99,CHF,AMER,CP0323,EQUITY,TDR0003,BOOK_D,2025-10-10
TXN0009212315,APP017,2026-03-29,active,561860.39,AUD,LATAM,CP0107,EQUITY,TDR0041,BOOK_C,2025-03-29
TXN0003978822,APP003,2026-01-16,reversed,208262.69,GBP,LATAM,CP0131,FUTURE,TDR0170,BOOK_A,2025-09-17
TXN0005053430,APP014,2025-08-01,pending,772370.58,GBP,APAC,CP0026,OPTION,TDR0094,BOOK_B,2026-01-14
TXN0004877315,APP016,2025-09-23,reversed,344536.33,JPY,LATAM,CP0172,EQUITY,TDR0045,BOOK_B,2026-03-20
TXN0001014426,APP020,2025-09-17,pending,669917.67,CHF,APAC,CP0155,SWAP,TDR0021,BOOK_A,2026-03-23
TXN0001528863,APP012,2025-11-27,failed,339894.06,EUR,LATAM,CP0226,SWAP,TDR0165,BOOK_D,2025-05-03
TXN0000697389,APP005,2025-10-18,reversed,14481.55,AUD,APAC,CP0431,EQUITY,TDR0155,BOOK_D,2025-07-20
TXN0008596599,APP007,2025-06-19,pending,119331.93,EUR,APAC,CP0442,EQUITY,TDR0102,BOOK_B,2025-06-26
TXN0006023631,APP002,2025-08-22,reversed,653345.21,CHF,APAC,CP0154,FX,TDR0010,BOOK_D,2026-02-28
TXN0002408619,APP011,2026-03-17,pending,717356.81,CHF,AMER,CP0303,SWAP,TDR0065,BOOK_C,2025-05-25
TXN0001707591,APP019,2025-02-05,reversed,147611.99,USD,APAC,CP0110,EQUITY,TDR0160,BOOK_A,2026-03-21
TXN0004078867,APP001,2025-07-11,failed,971745.32,USD,AMER,CP0065,FX,TDR0047,BOOK_D,2025-10-18
TXN0003607884,APP011,2025-02-10,active,732838.25,AUD,LATAM,CP0371,SWAP,TDR0034,BOOK_D,2025-07-01
TXN0008126932,APP012,2026-04-12,settled,85405.93,GBP,AMER,CP0469,OPTION,TDR0082,BOOK_A,2025-04-01
TXN0009007824,APP007,2026-01-16,settled,12292.97,GBP,AMER,CP0158,BOND,TDR0195,BOOK_B,2025-08-07
TXN0005473862,APP001,2025-09-28,active,27982.69,CHF,LATAM,CP0251,SWAP,TDR0120,BOOK_C,2025-10-26
TXN0002321146,APP005,2025-03-01,pending,627192.81,CHF,APAC,CP0232,EQUITY,TDR0166,BOOK_C,2025-10-12
TXN0002341899,APP001,2026-01-26,settled,722354.68,GBP,EMEA,CP0394,SWAP,TDR0081,BOOK_B,2025-12-20
TXN0008993629,APP013,2025-01-06,reversed,614158.93,GBP,AMER,CP0051,FUTURE,TDR0131,BOOK_C,2026-02-10
TXN0007666563,APP020,2025-03-05,failed,782518.89,JPY,APAC,CP0041,FUTURE,TDR0194,BOOK_C,2025-09-18
TXN0009491986,APP009,2025-05-26,failed,41112.06,AUD,EMEA,CP0124,EQUITY,TDR0137,BOOK_D,2025-04-22
TXN0002146739,APP010,2025-08-07,settled,440339.77,GBP,AMER,CP0200,FX,TDR0187,BOOK_D,2025-08-05
TXN0001629506,APP018,2025-12-06,pending,691731.32,GBP,EMEA,CP0267,EQUITY,TDR0026,BOOK_B,2025-06-11
TXN0003944660,APP020,2025-05-22,active,909248.74,CHF,APAC,CP0484,OPTION,TDR0122,BOOK_A,2025-07-26
TXN0004149103,APP014,2025-06-25,reversed,290842.61,CHF,EMEA,CP0434,BOND,TDR0178,BOOK_C,2025-11-30
TXN0004599904,APP006,2025-12-09,failed,986033.14,USD,EMEA,CP0320,EQUITY,TDR0115,BOOK_A,2025-10-02
TXN0003539981,APP014,2025-01-07,reversed,995348.25,JPY,APAC,CP0148,FUTURE,TDR0073,BOOK_A,2026-03-11
TXN0007677909,APP012,2026-02-19,reversed,348.03,JPY,LATAM,CP0063,SWAP,TDR0015,BOOK_D,2025-01-21
TXN0001234184,APP012,2026-03-16,failed,735917.65,EUR,APAC,CP0407,FX,TDR0156,BOOK_D,2025-05-24
TXN0003200604,APP001,2026-01-01,reversed,412213.84,GBP,EMEA,CP0108,FUTURE,TDR0153,BOOK_A,2025-07-18
TXN0002480336,APP010,2025-09-17,pending,702695.06,USD,APAC,CP0483,OPTION,TDR0178,BOOK_B,2025-04-30
TXN0001311770,APP002,2025-07-21,settled,118062.13,JPY,LATAM,CP0448,FX,TDR0068,BOOK_B,2026-04-08
TXN0003945393,APP014,2025-07-06,active,544793.03,GBP,LATAM,CP0117,OPTION,TDR0140,BOOK_B,2025-05-23
TXN0002065165,APP009,2025-10-12,reversed,675363.86,AUD,APAC,CP0462,OPTION,TDR0120,BOOK_C,2025-04-24
TXN0009384677,APP005,2025-04-14,pending,39203.73,CHF,EMEA,CP0273,FUTURE,TDR0058,BOOK_B,2026-04-14
TXN0008675281,APP004,2025-08-02,active,683310.77,EUR,APAC,CP0315,FX,TDR0150,BOOK_C,2025-11-26
TXN0006662944,APP009,2025-02-18,active,625148.22,JPY,EMEA,CP0296,EQUITY,TDR0157,BOOK_C,2025-05-11
TXN0002737530,APP002,2025-09-09,pending,881169.24,USD,EMEA,CP0064,BOND,TDR0017,BOOK_B,2025-07-23
TXN0005174070,APP005,2025-12-27,pending,490202.81,GBP,AMER,CP0422,BOND,TDR0155,BOOK_A,2025-02-01
TXN0006586573,APP011,2025-08-24,failed,182765.06,CHF,LATAM,CP0100,EQUITY,TDR0188,BOOK_B,2025-10-11
TXN0004679973,APP008,2025-08-04,reversed,772247.92,USD,AMER,CP0138,EQUITY,TDR0135,BOOK_C,2025-06-03
TXN0004246625,APP001,2025-03-13,reversed,477010.91,USD,AMER,CP0097,OPTION,TDR0070,BOOK_B,2025-10-10
TXN0004525652,APP010,2026-03-16,active,595728.86,EUR,AMER,CP0394,OPTION,TDR0054,BOOK_A,2025-06-19
TXN0007827593,APP008,2025-08-12,reversed,940984.65,JPY,LATAM,CP0406,FUTURE,TDR0066,BOOK_D,2025-09-21
TXN0000374888,APP016,2025-07-11,settled,825897.11,AUD,APAC,CP0171,FUTURE,TDR0040,BOOK_A,2025-08-29
TXN0003247030,APP013,2025-12-31,reversed,766254.34,USD,AMER,CP0049,FUTURE,TDR0023,BOOK_C,2025-05-03
TXN0005073194,APP012,2026-04-04,reversed,539040.26,USD,LATAM,CP0307,BOND,TDR0036,BOOK_D,2025-06-16
TXN0007643469,APP017,2026-03-01,settled,947314.76,AUD,LATAM,CP0159,FUTURE,TDR0169,BOOK_C,2025-09-07
TXN0008635177,APP016,2025-07-20,failed,526138.65,AUD,LATAM,CP0398,SWAP,TDR0142,BOOK_C,2025-03-12
TXN0003809879,APP003,2026-01-08,active,149973.37,CHF,APAC,CP0099,SWAP,TDR0007,BOOK_A,2025-12-04
TXN0006116771,APP015,2025-08-05,pending,470368.27,AUD,EMEA,CP0259,BOND,TDR0101,BOOK_A,2025-04-15
TXN0009431157,APP013,2025-03-06,active,646044.78,AUD,AMER,CP0205,BOND,TDR0037,BOOK_C,2025-12-22
TXN0005374853,APP018,2026-04-10,active,988747.16,GBP,LATAM,CP0244,FX,TDR0191,BOOK_A,2026-01-17
TXN0008467056,APP004,2025-11-10,pending,971996.76,CHF,APAC,CP0289,SWAP,TDR0091,BOOK_C,2025-08-26
TXN0004711442,APP018,2026-03-28,reversed,211303.65,JPY,APAC,CP0096,SWAP,TDR0140,BOOK_A,2025-04-21
TXN0006160032,APP019,2025-03-27,failed,527433.57,JPY,EMEA,CP0403,EQUITY,TDR0076,BOOK_D,2025-06-27
TXN0006453283,APP003,2025-07-02,settled,697608.32,USD,APAC,CP0095,EQUITY,TDR0129,BOOK_A,2026-01-05
TXN0005074634,APP012,2026-01-30,active,592179.78,GBP,EMEA,CP0371,BOND,TDR0003,BOOK_A,2025-06-04
TXN0005385846,APP016,2026-01-19,pending,789127.2,EUR,AMER,CP0241,BOND,TDR0097,BOOK_D,2025-06-14
TXN0001730377,APP002,2025-12-18,reversed,389820.93,EUR,AMER,CP0296,FUTURE,TDR0011,BOOK_C,2025-06-13
TXN0008486210,APP002,2025-04-14,pending,402202.79,GBP,LATAM,CP0327,FX,TDR0024,BOOK_A,2025-12-01
TXN0004976635,APP008,2025-02-04,reversed,352548.55,USD,AMER,CP0285,OPTION,TDR0119,BOOK_C,2026-03-24
TXN0004037442,APP002,2025-03-17,failed,79367.22,EUR,APAC,CP0226,OPTION,TDR0025,BOOK_A,2026-03-20
TXN0007916172,APP016,2025-11-26,pending,356728.55,USD,LATAM,CP0202,FX,TDR0109,BOOK_B,2026-02-05
TXN0001521067,APP004,2025-05-02,reversed,401084.95,CHF,APAC,CP0365,BOND,TDR0073,BOOK_C,2025-05-23
TXN0008166744,APP009,2025-09-09,active,622564.38,GBP,APAC,CP0018,FX,TDR0019,BOOK_C,2025-04-03
TXN0002595167,APP009,2025-03-14,settled,156254.95,JPY,EMEA,CP0484,EQUITY,TDR0083,BOOK_A,2025-03-08
TXN0006279144,APP009,2026-02-22,settled,864625.87,CHF,EMEA,CP0037,SWAP,TDR0013,BOOK_B,2025-12-18
TXN0004958686,APP002,2025-02-01,failed,887449.79,JPY,AMER,CP0267,OPTION,TDR0168,BOOK_C,2025-10-05
TXN0006532431,APP018,2025-12-03,active,536841.71,GBP,AMER,CP0207,EQUITY,TDR0127,BOOK_D,2025-08-25
TXN0001861791,APP005,2026-02-24,reversed,920502.63,GBP,AMER,CP0004,OPTION,TDR0175,BOOK_D,2026-04-02
TXN0009628661,APP018,2025-02-06,pending,272830.87,JPY,LATAM,CP0463,SWAP,TDR0155,BOOK_B,2026-03-19
TXN0004649427,APP009,2025-09-07,settled,242603.23,GBP,LATAM,CP0177,SWAP,TDR0010,BOOK_C,2026-01-06
TXN0008611788,APP018,2025-11-25,active,585476.53,JPY,APAC,CP0009,OPTION,TDR0026,BOOK_C,2026-01-26
TXN0003817169,APP003,2025-10-26,pending,191525.16,JPY,EMEA,CP0289,SWAP,TDR0074,BOOK_C,2026-02-15
TXN0008169798,APP004,2025-11-21,pending,742913.7,USD,APAC,CP0495,OPTION,TDR0178,BOOK_A,2025-02-14
TXN0006919809,APP008,2025-11-11,pending,742269.45,JPY,EMEA,CP0075,EQUITY,TDR0029,BOOK_C,2025-09-12
TXN0008251401,APP006,2026-04-06,pending,422810.19,CHF,AMER,CP0162,OPTION,TDR0029,BOOK_C,2025-02-22
TXN0002909965,APP012,2026-03-15,reversed,14255.58,AUD,APAC,CP0093,EQUITY,TDR0143,BOOK_C,2025-02-11
TXN0008262300,APP008,2025-05-07,settled,349418.77,AUD,AMER,CP0451,SWAP,TDR0050,BOOK_C,2025-06-29
TXN0005993694,APP016,2025-07-10,active,455142.12,USD,APAC,CP0153,OPTION,TDR0032,BOOK_D,2025-08-10
TXN0005113267,APP018,2025-01-04,reversed,230624.76,CHF,EMEA,CP0121,OPTION,TDR0132,BOOK_C,2025-03-15
TXN0003395265,APP006,2026-01-22,settled,249321.04,GBP,APAC,CP0136,FUTURE,TDR0179,BOOK_D,2026-04-14
TXN0009582980,APP005,2025-04-16,pending,996235.82,JPY,LATAM,CP0054,FUTURE,TDR0136,BOOK_A,2025-01-12
TXN0004331082,APP009,2025-01-02,reversed,495954.46,CHF,LATAM,CP0301,BOND,TDR0168,BOOK_A,2025-07-07
TXN0002432532,APP002,2025-03-24,reversed,255865.23,EUR,AMER,CP0442,BOND,TDR0186,BOOK_D,2025-10-10
TXN0009400440,APP018,2025-01-09,pending,412290.85,JPY,LATAM,CP0449,BOND,TDR0175,BOOK_A,2026-01-17
TXN0009940893,APP006,2025-01-24,active,247946.78,GBP,AMER,CP0426,SWAP,TDR0083,BOOK_D,2025-11-26
TXN0004080078,APP015,2025-07-29,settled,26095.74,GBP,EMEA,CP0266,FX,TDR0051,BOOK_B,2025-07-06
TXN0001170064,APP017,2025-02-13,failed,338415.01,JPY,APAC,CP0289,SWAP,TDR0008,BOOK_A,2025-07-06
TXN0009503132,APP019,2025-12-11,settled,198842.99,AUD,EMEA,CP0462,OPTION,TDR0081,BOOK_C,2026-01-16
TXN0005753792,APP014,2025-07-10,reversed,877764.68,USD,EMEA,CP0484,SWAP,TDR0117,BOOK_A,2025-02-02
TXN0003553382,APP011,2026-03-11,pending,162279.73,GBP,AMER,CP0287,FX,TDR0137,BOOK_B,2026-01-25
TXN0004149575,APP002,2025-05-05,failed,14005.7,USD,APAC,CP0118,EQUITY,TDR0200,BOOK_D,2025-02-21
TXN0000658592,APP013,2026-03-08,pending,375007.6,USD,LATAM,CP0114,BOND,TDR0059,BOOK_A,2025-06-01
TXN0006667906,APP020,2025-11-29,failed,998769.73,JPY,APAC,CP0089,BOND,TDR0040,BOOK_C,2025-02-16
TXN0004288808,APP002,2025-11-24,settled,87438.71,JPY,APAC,CP0173,FUTURE,TDR0073,BOOK_C,2026-03-28
TXN0002544381,APP019,2025-11-03,pending,585190.06,CHF,EMEA,CP0326,FX,TDR0158,BOOK_C,2026-01-30
TXN0001335196,APP017,2025-05-16,failed,205798.84,CHF,LATAM,CP0202,EQUITY,TDR0134,BOOK_D,2026-02-28
TXN0003814914,APP005,2026-01-22,reversed,27512.54,AUD,AMER,CP0328,SWAP,TDR0132,BOOK_A,2025-07-15
TXN0006852803,APP020,2025-05-21,pending,300765.73,USD,LATAM,CP0127,SWAP,TDR0123,BOOK_C,2025-09-22
TXN0006565225,APP002,2025-10-16,pending,577331.27,GBP,AMER,CP0045,SWAP,TDR0194,BOOK_B,2025-09-08
TXN0003010453,APP009,2025-12-18,active,763865.01,GBP,EMEA,CP0223,EQUITY,TDR0132,BOOK_A,2025-12-17
TXN0001853316,APP004,2026-03-09,failed,838061.81,CHF,APAC,CP0056,SWAP,TDR0132,BOOK_D,2025-06-25
TXN0000486395,APP017,2025-12-07,settled,125688.63,AUD,APAC,CP0017,BOND,TDR0109,BOOK_B,2026-02-20
TXN0002270454,APP011,2025-09-23,active,309097.59,EUR,AMER,CP0318,FUTURE,TDR0072,BOOK_D,2025-10-18
TXN0000444342,APP005,2025-09-17,pending,634688.43,AUD,AMER,CP0007,FX,TDR0027,BOOK_B,2025-08-31
TXN0002665446,APP002,2025-12-14,reversed,682906.64,GBP,LATAM,CP0321,BOND,TDR0079,BOOK_A,2026-03-23
TXN0004160969,APP002,2025-08-04,reversed,245713.52,GBP,EMEA,CP0429,FX,TDR0022,BOOK_D,2025-09-08
TXN0009161912,APP001,2025-01-10,active,891860.95,USD,AMER,CP0277,SWAP,TDR0103,BOOK_A,2025-08-27
TXN0003517178,APP011,2025-09-01,reversed,606044.69,GBP,EMEA,CP0064,OPTION,TDR0088,BOOK_A,2025-12-31
TXN0003459584,APP002,2025-11-28,failed,256508.97,GBP,LATAM,CP0289,SWAP,TDR0128,BOOK_A,2025-05-26
TXN0000749260,APP016,2026-04-14,reversed,321567.44,CHF,EMEA,CP0134,SWAP,TDR0141,BOOK_D,2026-01-24
TXN0008999828,APP003,2025-10-04,failed,694194.14,USD,EMEA,CP0334,SWAP,TDR0024,BOOK_C,2025-05-23
TXN0007900508,APP004,2025-05-17,settled,555011.27,EUR,LATAM,CP0138,EQUITY,TDR0100,BOOK_C,2025-03-05
TXN0000082236,APP001,2025-03-20,failed,413069.89,JPY,EMEA,CP0325,FX,TDR0163,BOOK_A,2026-01-28
TXN0003505448,APP016,2025-09-14,settled,935929.48,EUR,AMER,CP0193,SWAP,TDR0008,BOOK_A,2025-05-14
TXN0003454305,APP002,2025-04-06,settled,311292.93,CHF,APAC,CP0299,SWAP,TDR0189,BOOK_C,2025-03-06
TXN0005918645,APP002,2026-01-26,failed,918054.23,AUD,LATAM,CP0242,FX,TDR0061,BOOK_A,2026-03-19
TXN0002131434,APP010,2025-03-09,reversed,926986.48,JPY,AMER,CP0184,FUTURE,TDR0141,BOOK_B,2025-11-14
TXN0000400249,APP002,2025-04-11,pending,298202.84,CHF,LATAM,CP0374,SWAP,TDR0185,BOOK_D,2026-02-20
TXN0000611014,APP003,2025-05-01,active,741604.37,JPY,AMER,CP0160,FX,TDR0129,BOOK_D,2026-02-26
TXN0004493368,APP012,2025-01-29,pending,125303.3,GBP,EMEA,CP0383,FUTURE,TDR0040,BOOK_C,2026-02-28
TXN0009332755,APP013,2025-07-14,active,100484.36,EUR,EMEA,CP0135,FX,TDR0107,BOOK_B,2025-07-14
TXN0003420889,APP009,2025-10-28,failed,442033.25,USD,LATAM,CP0129,SWAP,TDR0113,BOOK_A,2025-05-28
TXN0003490660,APP010,2025-04-14,settled,422831.0,AUD,APAC,CP0090,SWAP,TDR0037,BOOK_D,2025-12-21
TXN0002202585,APP013,2025-04-09,pending,574942.77,USD,EMEA,CP0423,BOND,TDR0053,BOOK_C,2025-05-19
TXN0003382376,APP016,2025-11-09,reversed,448053.7,AUD,EMEA,CP0108,OPTION,TDR0018,BOOK_C,2026-01-11
TXN0005658291,APP020,2025-02-05,pending,677606.44,USD,LATAM,CP0477,EQUITY,TDR0139,BOOK_C,2025-04-07
TXN0005358148,APP004,2025-04-15,settled,570476.53,CHF,LATAM,CP0102,BOND,TDR0117,BOOK_B,2025-01-12
TXN0001126483,APP004,2025-10-15,pending,261976.49,USD,AMER,CP0049,FX,TDR0140,BOOK_C,2026-03-10
TXN0003491841,APP011,2025-02-14,active,936113.92,EUR,AMER,CP0357,FUTURE,TDR0024,BOOK_B,2025-12-16
TXN0005060612,APP003,2026-02-16,settled,526858.12,CHF,EMEA,CP0292,FUTURE,TDR0160,BOOK_A,2025-01-16
TXN0003420352,APP005,2026-03-19,active,554808.72,EUR,AMER,CP0414,SWAP,TDR0118,BOOK_B,2025-03-17
TXN0005404940,APP015,2025-06-16,reversed,536547.96,CHF,AMER,CP0257,SWAP,TDR0051,BOOK_D,2025-04-28
TXN0006023913,APP016,2026-01-04,reversed,710651.0,GBP,LATAM,CP0373,EQUITY,TDR0022,BOOK_A,2025-01-22
TXN0007662331,APP003,2026-04-01,reversed,41784.02,GBP,EMEA,CP0302,BOND,TDR0032,BOOK_B,2025-09-08
TXN0008495444,APP017,2025-12-29,settled,345435.65,EUR,EMEA,CP0007,BOND,TDR0003,BOOK_C,2025-04-08
TXN0007449549,APP006,2025-01-28,active,461250.59,GBP,APAC,CP0401,SWAP,TDR0189,BOOK_D,2025-04-16
TXN0007044527,APP002,2026-04-14,failed,833622.85,EUR,AMER,CP0026,FX,TDR0165,BOOK_D,2025-11-21
TXN0008601073,APP016,2026-03-26,active,81749.55,USD,APAC,CP0446,BOND,TDR0147,BOOK_D,2025-03-01
TXN0005587863,APP007,2026-01-24,pending,462353.36,JPY,LATAM,CP0295,FX,TDR0092,BOOK_A,2026-02-08
TXN0003367914,APP013,2026-02-27,active,14191.04,JPY,EMEA,CP0417,OPTION,TDR0090,BOOK_C,2026-03-30
TXN0000084045,APP010,2025-06-23,active,557728.16,CHF,APAC,CP0059,OPTION,TDR0041,BOOK_C,2025-01-02
TXN0007580862,APP020,2025-07-04,settled,816169.95,EUR,APAC,CP0390,EQUITY,TDR0075,BOOK_C,2025-08-19
TXN0001022658,APP018,2025-05-15,pending,798635.82,CHF,LATAM,CP0487,FUTURE,TDR0043,BOOK_A,2026-03-17
TXN0005421241,APP016,2025-09-11,reversed,429102.93,USD,LATAM,CP0174,SWAP,TDR0099,BOOK_C,2025-12-20
TXN0000238321,APP018,2026-02-16,failed,995544.7,AUD,AMER,CP0498,SWAP,TDR0144,BOOK_B,2026-04-11
TXN0007756547,APP011,2025-10-06,failed,87962.17,EUR,LATAM,CP0341,FUTURE,TDR0119,BOOK_A,2026-01-04
TXN0004199163,APP017,2025-02-25,reversed,785224.94,CHF,AMER,CP0300,FX,TDR0146,BOOK_D,2025-09-15
TXN0004665569,APP017,2026-01-09,settled,886302.25,GBP,APAC,CP0381,EQUITY,TDR0193,BOOK_B,2026-01-15
TXN0001843665,APP006,2025-02-28,settled,706343.6,CHF,EMEA,CP0366,EQUITY,TDR0043,BOOK_B,2025-06-06
TXN0001920798,APP017,2025-01-18,failed,621950.79,EUR,APAC,CP0150,EQUITY,TDR0182,BOOK_A,2025-12-20
TXN0009035310,APP003,2026-01-21,reversed,163578.73,JPY,APAC,CP0467,FUTURE,TDR0019,BOOK_C,2025-08-29
TXN0000611064,APP011,2025-11-17,failed,331149.59,JPY,APAC,CP0169,FX,TDR0195,BOOK_B,2026-03-08
TXN0000419073,APP001,2025-01-23,active,813153.66,JPY,AMER,CP0003,OPTION,TDR0134,BOOK_D,2025-09-03
TXN0000675502,APP002,2025-07-31,active,471759.45,AUD,APAC,CP0385,SWAP,TDR0036,BOOK_A,2025-06-26
TXN0001264736,APP010,2026-04-13,settled,297549.38,JPY,APAC,CP0313,FUTURE,TDR0166,BOOK_A,2025-08-14
TXN0008272185,APP013,2026-03-27,failed,284493.68,EUR,LATAM,CP0472,FUTURE,TDR0176,BOOK_C,2025-02-18
TXN0007193321,APP014,2025-12-11,settled,115107.55,GBP,APAC,CP0487,FUTURE,TDR0098,BOOK_B,2025-07-31
TXN0004616669,APP001,2025-09-07,settled,33282.66,CHF,EMEA,CP0172,SWAP,TDR0155,BOOK_B,2025-03-30
TXN0008036471,APP010,2025-11-19,pending,248142.36,CHF,AMER,CP0136,SWAP,TDR0128,BOOK_D,2025-09-26
TXN0009739990,APP018,2025-04-09,reversed,292273.49,USD,AMER,CP0114,OPTION,TDR0114,BOOK_D,2025-02-13
TXN0006526386,APP017,2025-10-21,pending,918324.95,JPY,EMEA,CP0122,EQUITY,TDR0151,BOOK_B,2025-04-10
TXN0000912392,APP005,2026-02-08,active,301931.15,JPY,APAC,CP0017,SWAP,TDR0050,BOOK_B,2025-08-22
TXN0008791513,APP003,2025-10-25,reversed,273193.15,AUD,APAC,CP0382,FX,TDR0158,BOOK_A,2025-11-21
TXN0000228492,APP015,2025-11-29,reversed,845477.99,USD,EMEA,CP0459,OPTION,TDR0125,BOOK_B,2025-07-18
TXN0005057049,APP007,2025-06-17,pending,708187.93,CHF,APAC,CP0089,FUTURE,TDR0161,BOOK_A,2025-08-23
TXN0007324342,APP013,2025-12-16,failed,262278.36,USD,AMER,CP0318,BOND,TDR0055,BOOK_C,2025-05-17
TXN0002860077,APP011,2025-08-02,settled,201216.63,CHF,EMEA,CP0215,SWAP,TDR0126,BOOK_C,2025-11-12
TXN0009970193,APP010,2026-03-21,pending,349926.88,AUD,EMEA,CP0447,EQUITY,TDR0156,BOOK_D,2025-06-24
TXN0001435685,APP020,2025-06-12,failed,400722.41,CHF,AMER,CP0155,BOND,TDR0098,BOOK_C,2026-03-21
TXN0004571711,APP014,2025-09-22,reversed,964080.09,CHF,APAC,CP0483,FX,TDR0172,BOOK_A,2026-02-12
TXN0007756070,APP017,2025-06-07,settled,3605.78,AUD,APAC,CP0304,EQUITY,TDR0187,BOOK_D,2025-04-29
TXN0006633553,APP020,2025-10-11,settled,879033.85,GBP,APAC,CP0083,EQUITY,TDR0159,BOOK_C,2026-01-08
TXN0004993409,APP003,2025-09-03,failed,959581.17,JPY,AMER,CP0347,EQUITY,TDR0162,BOOK_B,2025-04-27
TXN0005944825,APP011,2025-12-24,active,642639.86,EUR,AMER,CP0498,BOND,TDR0149,BOOK_B,2025-04-20
TXN0007588285,APP010,2025-11-15,pending,17591.79,USD,EMEA,CP0159,OPTION,TDR0134,BOOK_D,2025-04-14
TXN0001399599,APP018,2025-01-16,failed,417029.16,USD,AMER,CP0143,SWAP,TDR0148,BOOK_D,2025-04-20
TXN0000632244,APP013,2025-10-22,pending,98931.69,GBP,LATAM,CP0103,FX,TDR0191,BOOK_D,2025-02-03
TXN0007311507,APP018,2025-12-06,settled,771176.64,AUD,AMER,CP0063,OPTION,TDR0053,BOOK_D,2025-05-22
TXN0008034721,APP012,2025-01-16,reversed,839668.35,GBP,APAC,CP0386,OPTION,TDR0068,BOOK_D,2025-10-18
TXN0008794788,APP017,2025-06-10,settled,289856.32,AUD,APAC,CP0397,SWAP,TDR0184,BOOK_C,2025-12-06
TXN0003399576,APP010,2025-08-13,settled,142877.64,GBP,AMER,CP0039,SWAP,TDR0145,BOOK_B,2025-11-01
TXN0003708046,APP003,2026-02-08,pending,922664.08,GBP,LATAM,CP0492,SWAP,TDR0167,BOOK_D,2025-02-25
TXN0000758006,APP001,2025-11-18,pending,265340.06,USD,EMEA,CP0325,FX,TDR0094,BOOK_C,2026-04-10
TXN0001933567,APP014,2026-03-23,reversed,657806.1,USD,LATAM,CP0128,OPTION,TDR0098,BOOK_D,2026-01-30
TXN0008617123,APP008,2025-03-21,settled,309070.91,USD,LATAM,CP0043,OPTION,TDR0117,BOOK_B,2025-12-14
TXN0000732355,APP008,2026-03-19,settled,90530.33,JPY,APAC,CP0416,SWAP,TDR0048,BOOK_C,2025-12-22
TXN0008027810,APP009,2025-08-02,failed,452632.5,EUR,APAC,CP0100,OPTION,TDR0094,BOOK_A,2025-01-11
TXN0005824776,APP009,2025-07-15,reversed,798363.22,JPY,LATAM,CP0430,FUTURE,TDR0119,BOOK_D,2025-12-21
TXN0000204477,APP009,2025-12-25,reversed,979907.3,GBP,AMER,CP0340,FUTURE,TDR0050,BOOK_A,2025-11-16
TXN0006037315,APP001,2025-11-02,pending,8276.74,USD,APAC,CP0290,EQUITY,TDR0080,BOOK_B,2025-01-03
TXN0002386975,APP018,2025-08-13,failed,440857.44,CHF,AMER,CP0464,SWAP,TDR0109,BOOK_B,2025-07-05
TXN0006097770,APP010,2026-01-19,reversed,763717.85,CHF,EMEA,CP0064,SWAP,TDR0028,BOOK_D,2025-03-14
TXN0006848260,APP010,2025-08-01,settled,669370.84,JPY,EMEA,CP0203,FX,TDR0045,BOOK_B,2025-01-01
TXN0001262863,APP001,2025-08-03,reversed,489777.89,EUR,LATAM,CP0264,FX,TDR0061,BOOK_B,2025-07-12
TXN0004132091,APP016,2026-04-06,pending,102065.29,GBP,LATAM,CP0311,FX,TDR0120,BOOK_C,2025-04-22
TXN0006619428,APP009,2025-07-05,settled,825303.33,AUD,AMER,CP0242,FX,TDR0108,BOOK_D,2025-08-30
TXN0002782289,APP013,2025-03-13,settled,575802.34,AUD,AMER,CP0003,FUTURE,TDR0022,BOOK_B,2025-09-12
TXN0005159741,APP011,2025-03-17,failed,591947.19,USD,LATAM,CP0102,FUTURE,TDR0189,BOOK_D,2026-02-26
TXN0009224579,APP005,2025-12-11,failed,970141.67,JPY,APAC,CP0226,FX,TDR0126,BOOK_C,2025-08-04
TXN0002921038,APP001,2025-03-21,active,40302.01,CHF,APAC,CP0404,OPTION,TDR0023,BOOK_A,2025-06-12
TXN0008618559,APP019,2026-01-26,reversed,788835.24,CHF,AMER,CP0020,EQUITY,TDR0103,BOOK_D,2025-01-01
TXN0001774643,APP016,2026-04-01,settled,445050.09,USD,EMEA,CP0046,BOND,TDR0022,BOOK_C,2025-04-26
TXN0009696589,APP010,2025-03-08,pending,388227.64,EUR,AMER,CP0444,SWAP,TDR0017,BOOK_B,2025-09-24
TXN0008768274,APP012,2025-06-11,pending,959471.56,JPY,EMEA,CP0057,SWAP,TDR0093,BOOK_C,2026-02-02
TXN0000963101,APP009,2025-04-01,settled,704443.63,JPY,APAC,CP0181,BOND,TDR0119,BOOK_C,2025-01-12
TXN0007886354,APP010,2025-07-04,active,513971.23,AUD,AMER,CP0296,EQUITY,TDR0063,BOOK_B,2026-01-17
TXN0003052351,APP016,2025-12-11,reversed,255040.79,CHF,APAC,CP0322,SWAP,TDR0139,BOOK_B,2025-02-01
TXN0001189160,APP018,2025-11-09,settled,21737.39,AUD,LATAM,CP0130,FX,TDR0041,BOOK_B,2025-01-28
TXN0009455892,APP012,2025-05-09,failed,861246.12,JPY,LATAM,CP0171,OPTION,TDR0051,BOOK_C,2025-02-24
TXN0003490420,APP005,2026-01-04,failed,923559.21,CHF,EMEA,CP0249,SWAP,TDR0147,BOOK_C,2025-08-09
TXN0002672501,APP007,2025-08-02,active,881641.8,CHF,APAC,CP0104,OPTION,TDR0012,BOOK_A,2026-03-19
TXN0003488538,APP016,2025-04-07,settled,314603.15,CHF,EMEA,CP0318,OPTION,TDR0057,BOOK_A,2025-08-11
TXN0007611084,APP006,2025-08-04,failed,151459.58,AUD,EMEA,CP0122,EQUITY,TDR0037,BOOK_C,2025-04-11
TXN0008100917,APP009,2025-05-07,pending,710162.64,EUR,LATAM,CP0098,FX,TDR0138,BOOK_C,2025-07-26
TXN0009201759,APP001,2025-01-20,failed,148316.24,JPY,LATAM,CP0310,OPTION,TDR0040,BOOK_D,2025-07-03
TXN0001272032,APP007,2025-12-27,active,543473.85,USD,APAC,CP0301,FUTURE,TDR0148,BOOK_C,2025-06-07
TXN0003086990,APP008,2026-03-22,reversed,938749.11,GBP,EMEA,CP0444,SWAP,TDR0197,BOOK_B,2025-10-29
TXN0007418486,APP002,2025-08-13,active,440267.17,USD,AMER,CP0031,OPTION,TDR0099,BOOK_D,2025-12-16
TXN0003952183,APP019,2025-08-28,active,63612.52,AUD,EMEA,CP0425,FX,TDR0003,BOOK_B,2025-10-25
TXN0006179568,APP010,2025-01-13,failed,424383.14,CHF,EMEA,CP0442,EQUITY,TDR0034,BOOK_A,2025-07-04
TXN0007425860,APP002,2025-05-17,active,977406.16,CHF,EMEA,CP0388,SWAP,TDR0189,BOOK_A,2025-05-24
TXN0008909350,APP001,2025-12-02,active,920670.33,AUD,AMER,CP0452,EQUITY,TDR0200,BOOK_C,2025-08-22
TXN0009800735,APP002,2025-04-02,failed,870819.97,AUD,APAC,CP0250,BOND,TDR0169,BOOK_B,2025-07-11
TXN0001337654,APP004,2025-01-05,active,560489.17,USD,LATAM,CP0120,SWAP,TDR0156,BOOK_A,2026-01-25
TXN0002213375,APP014,2026-03-09,failed,585845.65,GBP,APAC,CP0045,FX,TDR0030,BOOK_B,2025-05-10
TXN0001991460,APP011,2025-06-16,reversed,766965.75,GBP,AMER,CP0012,SWAP,TDR0165,BOOK_C,2025-07-16
TXN0008838164,APP016,2025-10-05,reversed,274592.12,EUR,AMER,CP0082,EQUITY,TDR0055,BOOK_A,2025-10-25
TXN0007681938,APP013,2025-02-18,settled,81696.11,CHF,APAC,CP0314,FX,TDR0063,BOOK_C,2025-11-21
TXN0003111956,APP006,2025-06-15,active,801013.85,EUR,AMER,CP0461,BOND,TDR0053,BOOK_C,2025-06-20
TXN0002529542,APP002,2025-04-15,reversed,841454.7,EUR,AMER,CP0018,BOND,TDR0135,BOOK_D,2025-11-14
TXN0000992932,APP018,2025-08-15,failed,992475.0,EUR,AMER,CP0423,SWAP,TDR0073,BOOK_C,2026-01-17
TXN0001787556,APP008,2025-05-14,failed,323286.74,EUR,APAC,CP0037,BOND,TDR0170,BOOK_D,2025-12-06
TXN0002388104,APP008,2025-08-27,failed,727481.57,GBP,EMEA,CP0380,OPTION,TDR0101,BOOK_B,2025-07-22
TXN0003132278,APP009,2026-02-16,settled,688838.74,CHF,EMEA,CP0268,FUTURE,TDR0064,BOOK_A,2026-01-11
TXN0004273968,APP019,2025-01-17,settled,46000.32,USD,EMEA,CP0019,EQUITY,TDR0058,BOOK_A,2025-04-03
TXN0000005384,APP008,2025-02-28,pending,341460.52,EUR,LATAM,CP0385,EQUITY,TDR0025,BOOK_C,2025-03-05
TXN0001500847,APP010,2025-07-25,failed,717992.58,GBP,EMEA,CP0201,SWAP,TDR0054,BOOK_A,2025-09-19
TXN0000941580,APP019,2025-02-20,pending,224529.39,USD,APAC,CP0406,SWAP,TDR0043,BOOK_A,2026-03-26
TXN0004942479,APP004,2026-02-16,failed,492183.95,EUR,LATAM,CP0199,OPTION,TDR0179,BOOK_D,2025-06-09
TXN0008408849,APP008,2025-07-02,reversed,497897.7,AUD,LATAM,CP0016,SWAP,TDR0060,BOOK_A,2026-01-08
TXN0002207218,APP007,2025-08-03,pending,867405.58,GBP,EMEA,CP0036,OPTION,TDR0136,BOOK_D,2026-03-31
TXN0001121364,APP019,2025-11-02,active,867712.64,USD,APAC,CP0321,FUTURE,TDR0159,BOOK_A,2025-02-23
TXN0003707491,APP013,2026-03-14,active,119027.88,CHF,EMEA,CP0009,SWAP,TDR0144,BOOK_B,2026-02-03
TXN0003193783,APP013,2025-11-16,reversed,887593.89,EUR,LATAM,CP0440,SWAP,TDR0153,BOOK_D,2025-06-20
TXN0003506623,APP014,2025-06-17,failed,782262.08,AUD,AMER,CP0205,OPTION,TDR0146,BOOK_B,2025-03-07
TXN0002037396,APP016,2025-02-14,active,480559.99,CHF,LATAM,CP0186,FX,TDR0081,BOOK_A,2025-12-10
TXN0008068089,APP010,2025-12-21,active,956660.59,JPY,LATAM,CP0491,OPTION,TDR0131,BOOK_C,2026-01-13
TXN0003650715,APP001,2025-07-06,active,97282.55,USD,APAC,CP0179,BOND,TDR0145,BOOK_A,2025-02-04
TXN0001131193,APP017,2026-01-28,failed,886351.1,AUD,APAC,CP0312,FUTURE,TDR0022,BOOK_B,2026-02-08
TXN0009492747,APP006,2025-08-05,active,336156.54,EUR,EMEA,CP0157,FX,TDR0121,BOOK_A,2025-02-16
TXN0005194381,APP013,2025-11-07,settled,393056.51,EUR,EMEA,CP0337,BOND,TDR0163,BOOK_C,2026-03-24
TXN0000880886,APP010,2025-06-14,active,489425.45,EUR,APAC,CP0291,FX,TDR0059,BOOK_B,2025-03-26
TXN0000651984,APP017,2026-03-15,settled,348840.32,EUR,APAC,CP0116,EQUITY,TDR0116,BOOK_D,2025-02-04
TXN0007925349,APP012,2026-02-21,active,572119.89,USD,APAC,CP0380,BOND,TDR0123,BOOK_A,2025-05-31
TXN0006023816,APP017,2025-12-14,settled,265249.26,EUR,LATAM,CP0342,FX,TDR0031,BOOK_C,2026-01-23
TXN0004088648,APP014,2026-02-09,active,322631.48,GBP,AMER,CP0293,EQUITY,TDR0133,BOOK_A,2025-09-17
TXN0004887909,APP009,2026-01-27,pending,273075.2,GBP,EMEA,CP0363,OPTION,TDR0017,BOOK_B,2026-03-30
TXN0003437638,APP020,2025-08-07,reversed,974443.44,USD,AMER,CP0082,BOND,TDR0054,BOOK_A,2025-05-28
TXN0009161415,APP016,2025-10-21,active,113917.81,EUR,LATAM,CP0428,FX,TDR0128,BOOK_D,2025-05-04
TXN0002493233,APP013,2025-09-14,pending,153803.94,JPY,APAC,CP0133,BOND,TDR0134,BOOK_B,2025-04-30
TXN0003734838,APP010,2025-10-28,failed,967467.54,GBP,AMER,CP0346,EQUITY,TDR0134,BOOK_C,2025-12-16
TXN0003738732,APP006,2025-07-26,settled,329162.86,GBP,LATAM,CP0079,BOND,TDR0142,BOOK_C,2025-11-08
TXN0000924782,APP017,2026-03-11,reversed,783189.33,USD,LATAM,CP0433,BOND,TDR0178,BOOK_D,2025-12-11
TXN0001799209,APP009,2025-03-01,pending,505445.31,USD,LATAM,CP0464,EQUITY,TDR0065,BOOK_B,2025-09-25
TXN0003559239,APP001,2025-01-18,settled,88777.11,AUD,EMEA,CP0447,BOND,TDR0185,BOOK_C,2025-10-03
TXN0005174740,APP017,2025-11-13,pending,435383.12,CHF,APAC,CP0371,BOND,TDR0102,BOOK_B,2025-04-06
TXN0001172122,APP008,2025-12-10,active,762938.53,GBP,AMER,CP0191,OPTION,TDR0001,BOOK_A,2026-01-04
TXN0004572118,APP004,2025-02-24,reversed,883222.26,EUR,APAC,CP0420,SWAP,TDR0165,BOOK_D,2025-10-13
TXN0005831447,APP014,2026-03-16,reversed,53582.4,GBP,APAC,CP0072,FX,TDR0195,BOOK_B,2026-01-14
TXN0002020337,APP019,2026-04-09,settled,987638.74,AUD,APAC,CP0037,EQUITY,TDR0070,BOOK_C,2025-03-13
TXN0007671238,APP006,2025-02-16,pending,221730.46,AUD,APAC,CP0177,FX,TDR0013,BOOK_A,2025-05-08
TXN0004106757,APP005,2025-04-16,reversed,461281.3,CHF,EMEA,CP0315,FUTURE,TDR0075,BOOK_B,2025-02-17
TXN0000681277,APP009,2026-02-07,active,416033.0,JPY,AMER,CP0217,SWAP,TDR0106,BOOK_C,2025-07-11
TXN0001902447,APP003,2025-11-08,active,457669.5,AUD,APAC,CP0455,FX,TDR0133,BOOK_C,2026-01-16
TXN0004115209,APP011,2026-04-11,active,162528.92,AUD,APAC,CP0256,FX,TDR0027,BOOK_D,2025-03-04
TXN0000357547,APP014,2025-07-11,settled,602602.57,USD,AMER,CP0500,BOND,TDR0112,BOOK_B,2026-03-22
TXN0006528434,APP015,2025-04-29,settled,324914.22,EUR,AMER,CP0209,OPTION,TDR0073,BOOK_C,2026-02-22
TXN0005351710,APP017,2025-08-19,reversed,181415.62,USD,LATAM,CP0375,EQUITY,TDR0080,BOOK_D,2025-07-16
TXN0009543903,APP017,2025-09-27,reversed,876685.11,AUD,LATAM,CP0241,FX,TDR0057,BOOK_B,2026-02-27
TXN0003790747,APP019,2026-03-21,settled,187858.02,CHF,AMER,CP0198,BOND,TDR0097,BOOK_A,2026-01-24
TXN0003937737,APP010,2025-01-28,reversed,655737.69,CHF,AMER,CP0342,BOND,TDR0180,BOOK_A,2025-09-16
TXN0008039189,APP009,2026-03-30,reversed,806996.75,JPY,APAC,CP0145,OPTION,TDR0184,BOOK_C,2025-04-23
TXN0002442221,APP010,2026-01-13,active,77673.63,GBP,LATAM,CP0033,EQUITY,TDR0188,BOOK_B,2025-11-17
TXN0000677142,APP014,2025-01-19,pending,610961.21,EUR,EMEA,CP0394,FX,TDR0098,BOOK_D,2025-06-03
TXN0002639221,APP014,2025-03-27,active,698021.49,CHF,APAC,CP0482,EQUITY,TDR0155,BOOK_D,2025-03-02
TXN0002734542,APP010,2025-04-19,reversed,843570.76,GBP,AMER,CP0204,EQUITY,TDR0130,BOOK_A,2025-08-19
TXN0004053486,APP018,2025-10-28,failed,921184.3,GBP,EMEA,CP0420,FX,TDR0184,BOOK_D,2025-05-12
TXN0001198544,APP011,2025-05-27,active,497985.43,GBP,EMEA,CP0164,OPTION,TDR0060,BOOK_D,2025-03-25
TXN0008691957,APP020,2025-06-07,pending,566166.8,USD,AMER,CP0403,OPTION,TDR0042,BOOK_A,2025-04-14
TXN0001953123,APP010,2025-11-19,pending,551346.47,CHF,LATAM,CP0007,BOND,TDR0139,BOOK_C,2025-12-21
TXN0004768169,APP020,2025-03-11,pending,20033.85,AUD,LATAM,CP0496,FX,TDR0151,BOOK_D,2025-01-31
TXN0009581087,APP004,2025-04-26,active,89479.8,CHF,LATAM,CP0331,FUTURE,TDR0151,BOOK_C,2025-09-07
TXN0009800719,APP001,2025-04-13,active,997661.67,USD,AMER,CP0466,FX,TDR0029,BOOK_B,2026-04-14
TXN0006615481,APP015,2025-05-04,failed,767992.19,EUR,LATAM,CP0494,SWAP,TDR0190,BOOK_A,2025-05-01
TXN0000080141,APP008,2025-05-07,reversed,876862.76,GBP,APAC,CP0283,FX,TDR0182,BOOK_D,2026-03-19
TXN0009355305,APP014,2025-08-22,settled,536809.7,USD,APAC,CP0384,FX,TDR0095,BOOK_C,2025-06-20
TXN0002391318,APP010,2025-01-23,active,852413.85,USD,APAC,CP0088,SWAP,TDR0011,BOOK_B,2026-03-06
TXN0002050966,APP005,2025-08-17,settled,552556.13,EUR,LATAM,CP0498,FX,TDR0073,BOOK_B,2025-03-29
TXN0006467560,APP011,2025-07-03,failed,410625.69,EUR,AMER,CP0006,OPTION,TDR0077,BOOK_A,2025-01-19
TXN0003034322,APP012,2025-06-07,active,624238.39,JPY,AMER,CP0157,EQUITY,TDR0154,BOOK_D,2026-02-12
TXN0009798408,APP009,2025-02-05,pending,354237.07,EUR,APAC,CP0163,FUTURE,TDR0084,BOOK_A,2025-11-02
TXN0000449634,APP009,2026-01-05,active,719712.12,AUD,AMER,CP0415,BOND,TDR0058,BOOK_B,2025-05-03
TXN0008502958,APP002,2026-01-12,settled,767412.05,GBP,EMEA,CP0390,SWAP,TDR0145,BOOK_C,2025-01-03
TXN0009568573,APP010,2025-04-10,failed,31906.0,CHF,LATAM,CP0422,BOND,TDR0144,BOOK_A,2025-12-18
TXN0002629737,APP010,2025-04-27,settled,570978.9,USD,AMER,CP0353,SWAP,TDR0125,BOOK_A,2025-09-21
TXN0000400432,APP003,2025-03-18,pending,470875.08,AUD,LATAM,CP0077,OPTION,TDR0121,BOOK_A,2025-04-22
TXN0001843718,APP010,2025-07-08,pending,570828.19,CHF,EMEA,CP0135,EQUITY,TDR0186,BOOK_C,2025-09-21
TXN0002947043,APP007,2025-06-18,failed,686267.31,USD,AMER,CP0064,SWAP,TDR0021,BOOK_C,2026-02-13
TXN0005953997,APP017,2026-02-28,active,272716.01,USD,APAC,CP0474,OPTION,TDR0039,BOOK_A,2026-03-30
TXN0001417781,APP006,2025-10-18,failed,85610.21,CHF,APAC,CP0390,FX,TDR0156,BOOK_D,2025-10-25
TXN0009260754,APP005,2025-02-12,settled,199518.71,JPY,LATAM,CP0212,EQUITY,TDR0175,BOOK_D,2025-10-05
TXN0005306969,APP005,2025-08-05,failed,785951.88,EUR,EMEA,CP0060,BOND,TDR0088,BOOK_C,2025-12-09
TXN0000358158,APP017,2026-02-06,settled,597583.78,JPY,AMER,CP0225,FUTURE,TDR0141,BOOK_D,2025-06-10
TXN0008352583,APP017,2026-03-26,failed,533093.25,JPY,APAC,CP0277,BOND,TDR0164,BOOK_A,2025-04-10
TXN0004702944,APP001,2025-05-21,active,44403.61,USD,AMER,CP0232,EQUITY,TDR0035,BOOK_A,2025-10-01
TXN0006080171,APP018,2025-11-01,settled,602710.9,EUR,AMER,CP0176,SWAP,TDR0011,BOOK_A,2025-03-31
TXN0002200676,APP005,2025-03-12,settled,798369.35,CHF,AMER,CP0309,BOND,TDR0191,BOOK_B,2025-06-11
TXN0007554960,APP009,2026-02-15,settled,610796.53,JPY,AMER,CP0256,BOND,TDR0134,BOOK_D,2025-10-28
TXN0007689995,APP015,2025-04-09,failed,114184.83,USD,LATAM,CP0238,OPTION,TDR0010,BOOK_B,2025-12-11
TXN0007244403,APP019,2025-06-12,pending,729011.46,CHF,APAC,CP0385,EQUITY,TDR0082,BOOK_C,2025-03-05
TXN0004681019,APP020,2026-01-17,failed,827172.8,JPY,APAC,CP0373,OPTION,TDR0173,BOOK_D,2025-06-27
TXN0003523138,APP019,2025-06-30,settled,375763.68,CHF,EMEA,CP0450,SWAP,TDR0158,BOOK_D,2025-08-01
TXN0001095210,APP002,2025-01-06,reversed,822001.26,GBP,APAC,CP0452,FUTURE,TDR0181,BOOK_B,2026-01-14
TXN0007005160,APP012,2025-10-08,settled,489365.69,USD,AMER,CP0375,FX,TDR0133,BOOK_D,2025-01-30
TXN0000078531,APP006,2026-03-26,active,245491.11,CHF,APAC,CP0269,BOND,TDR0040,BOOK_C,2026-02-20
TXN0000615393,APP014,2026-03-02,reversed,982158.18,GBP,LATAM,CP0466,OPTION,TDR0190,BOOK_D,2026-03-27
TXN0005351775,APP015,2025-05-19,failed,695773.88,CHF,AMER,CP0293,OPTION,TDR0156,BOOK_B,2026-02-10
TXN0006142280,APP008,2025-03-29,failed,526744.61,AUD,LATAM,CP0477,EQUITY,TDR0160,BOOK_D,2025-11-15
TXN0002566099,APP019,2025-11-07,failed,656989.95,EUR,AMER,CP0334,EQUITY,TDR0158,BOOK_C,2025-09-21
TXN0001805887,APP011,2025-12-09,reversed,572409.08,EUR,APAC,CP0053,SWAP,TDR0180,BOOK_D,2025-05-17
TXN0003513568,APP013,2025-11-14,pending,477999.1,EUR,APAC,CP0100,SWAP,TDR0061,BOOK_B,2026-03-09
TXN0002840856,APP004,2025-01-21,failed,576627.38,JPY,EMEA,CP0436,FUTURE,TDR0122,BOOK_D,2025-11-19
TXN0002180740,APP019,2025-10-15,reversed,117302.68,CHF,APAC,CP0098,SWAP,TDR0026,BOOK_B,2025-12-30
TXN0001102601,APP002,2025-05-10,pending,168975.24,EUR,EMEA,CP0185,BOND,TDR0057,BOOK_A,2025-09-02
TXN0008823104,APP003,2025-01-19,pending,63848.31,AUD,LATAM,CP0364,BOND,TDR0179,BOOK_A,2025-02-15
TXN0006692733,APP010,2025-12-21,reversed,348267.45,AUD,EMEA,CP0080,FUTURE,TDR0166,BOOK_B,2026-04-07
TXN0000043743,APP001,2025-10-26,pending,212194.26,JPY,AMER,CP0464,FX,TDR0075,BOOK_B,2025-12-26
TXN0009327603,APP009,2026-01-02,reversed,848149.16,CHF,APAC,CP0048,SWAP,TDR0065,BOOK_C,2025-12-06
TXN0004767892,APP011,2025-07-18,failed,904518.18,GBP,EMEA,CP0028,FX,TDR0175,BOOK_D,2026-03-21
TXN0009462241,APP011,2025-12-14,pending,651600.44,EUR,AMER,CP0305,SWAP,TDR0187,BOOK_C,2025-12-20
TXN0003188371,APP004,2025-10-06,settled,873704.6,USD,APAC,CP0099,OPTION,TDR0128,BOOK_B,2025-04-09
TXN0008977770,APP019,2026-03-30,pending,990209.19,GBP,AMER,CP0389,FUTURE,TDR0007,BOOK_C,2025-08-17
TXN0005179352,APP003,2026-01-18,reversed,735980.88,AUD,APAC,CP0362,OPTION,TDR0112,BOOK_D,2025-06-13
TXN0009736785,APP002,2025-09-04,reversed,664314.77,AUD,EMEA,CP0484,EQUITY,TDR0077,BOOK_C,2026-04-05
TXN0001678424,APP015,2025-07-10,failed,770516.46,JPY,APAC,CP0150,FX,TDR0024,BOOK_D,2025-05-15
TXN0002735843,APP010,2025-09-19,settled,617590.89,GBP,AMER,CP0001,OPTION,TDR0075,BOOK_C,2025-04-28
TXN0001724664,APP014,2025-06-02,reversed,148592.15,USD,APAC,CP0032,EQUITY,TDR0157,BOOK_D,2025-03-30
TXN0005237385,APP008,2025-04-30,pending,969108.83,USD,LATAM,CP0023,SWAP,TDR0086,BOOK_C,2025-09-07
TXN0009390381,APP020,2026-02-12,failed,910089.64,JPY,EMEA,CP0434,EQUITY,TDR0025,BOOK_A,2025-08-17
TXN0003007779,APP013,2025-12-27,failed,928197.24,GBP,EMEA,CP0121,OPTION,TDR0156,BOOK_D,2026-03-02
TXN0009255355,APP015,2025-12-28,settled,591481.26,GBP,APAC,CP0301,BOND,TDR0167,BOOK_D,2025-12-18
TXN0000631335,APP006,2026-01-27,failed,835708.13,JPY,LATAM,CP0358,SWAP,TDR0147,BOOK_B,2025-10-11
TXN0000468416,APP009,2025-11-01,pending,141582.93,CHF,EMEA,CP0190,OPTION,TDR0082,BOOK_D,2025-05-10
TXN0000723297,APP015,2025-07-03,reversed,36444.99,CHF,LATAM,CP0469,SWAP,TDR0159,BOOK_D,2025-06-21
TXN0001063856,APP005,2025-04-18,reversed,830085.83,CHF,LATAM,CP0309,FUTURE,TDR0119,BOOK_D,2025-05-03
TXN0001111209,APP014,2025-04-28,reversed,4548.43,EUR,EMEA,CP0497,EQUITY,TDR0038,BOOK_D,2025-04-12
TXN0007937986,APP017,2025-05-27,reversed,274841.69,AUD,LATAM,CP0167,SWAP,TDR0139,BOOK_A,2025-03-28
TXN0003097520,APP020,2025-06-02,settled,264157.95,AUD,LATAM,CP0314,SWAP,TDR0010,BOOK_A,2025-04-23
TXN0003864538,APP010,2026-02-22,failed,304771.82,JPY,APAC,CP0058,FUTURE,TDR0083,BOOK_A,2025-11-20
TXN0003298366,APP001,2025-07-01,failed,201651.43,EUR,AMER,CP0385,FUTURE,TDR0082,BOOK_B,2025-12-31
TXN0003961129,APP017,2025-07-05,reversed,583418.98,CHF,LATAM,CP0061,EQUITY,TDR0048,BOOK_B,2025-09-17
TXN0007373273,APP016,2026-03-31,pending,993971.42,GBP,LATAM,CP0264,FUTURE,TDR0142,BOOK_C,2025-10-19
TXN0006258752,APP020,2025-12-09,settled,559344.86,EUR,LATAM,CP0275,OPTION,TDR0046,BOOK_D,2025-05-24
TXN0006745592,APP003,2025-04-12,active,81271.22,CHF,APAC,CP0481,FUTURE,TDR0057,BOOK_A,2025-06-01
TXN0006891701,APP002,2026-03-01,failed,38305.8,EUR,LATAM,CP0080,BOND,TDR0046,BOOK_D,2026-01-24
TXN0000740292,APP005,2026-04-04,reversed,738593.29,AUD,AMER,CP0344,FUTURE,TDR0116,BOOK_D,2025-06-12
TXN0000608887,APP012,2025-01-30,reversed,814155.85,JPY,APAC,CP0303,BOND,TDR0083,BOOK_A,2025-01-21
TXN0007790187,APP002,2025-05-22,pending,944444.12,AUD,EMEA,CP0127,FX,TDR0063,BOOK_A,2025-02-09
TXN0005819704,APP011,2026-03-07,reversed,896536.75,AUD,AMER,CP0370,FUTURE,TDR0129,BOOK_D,2026-01-24
TXN0005436525,APP009,2025-07-31,failed,32792.5,GBP,EMEA,CP0479,EQUITY,TDR0057,BOOK_C,2026-04-05
TXN0006870597,APP010,2025-04-04,pending,257206.5,EUR,LATAM,CP0034,EQUITY,TDR0004,BOOK_A,2025-10-09
TXN0003870637,APP008,2025-01-31,reversed,399664.91,JPY,AMER,CP0148,FX,TDR0043,BOOK_C,2025-08-24
TXN0006932574,APP015,2025-02-20,pending,816649.07,GBP,EMEA,CP0416,BOND,TDR0194,BOOK_A,2026-01-03
TXN0001055592,APP011,2025-02-05,pending,925567.63,JPY,APAC,CP0312,BOND,TDR0017,BOOK_B,2025-11-04
TXN0006375538,APP012,2025-12-29,settled,742230.7,JPY,EMEA,CP0306,FX,TDR0080,BOOK_B,2025-08-21
TXN0009685391,APP018,2025-03-03,pending,656223.26,USD,LATAM,CP0219,SWAP,TDR0146,BOOK_C,2025-08-24
TXN0009901986,APP006,2025-08-30,settled,786589.27,EUR,AMER,CP0209,FUTURE,TDR0089,BOOK_C,2025-08-05
TXN0005093980,APP014,2025-09-10,reversed,367872.3,USD,LATAM,CP0446,FX,TDR0045,BOOK_B,2025-08-08
TXN0001747806,APP019,2025-11-03,pending,905406.73,EUR,LATAM,CP0076,FX,TDR0015,BOOK_B,2025-07-06
TXN0002012023,APP006,2025-06-11,active,624452.89,GBP,LATAM,CP0272,FX,TDR0099,BOOK_D,2025-07-26
TXN0007706722,APP013,2026-01-30,active,661238.69,JPY,APAC,CP0211,FX,TDR0073,BOOK_D,2025-05-27
TXN0008283370,APP017,2025-08-28,active,183516.82,JPY,AMER,CP0440,OPTION,TDR0058,BOOK_B,2026-02-12
TXN0004894261,APP005,2026-02-12,reversed,18075.62,JPY,EMEA,CP0215,OPTION,TDR0015,BOOK_D,2025-01-11
TXN0005758810,APP007,2025-07-23,pending,183828.87,CHF,APAC,CP0402,SWAP,TDR0003,BOOK_D,2025-04-11
TXN0004807675,APP007,2025-10-14,failed,5657.11,CHF,AMER,CP0479,FX,TDR0199,BOOK_A,2025-08-14
TXN0006565118,APP008,2025-08-07,pending,646611.52,EUR,APAC,CP0437,OPTION,TDR0020,BOOK_B,2025-03-14
TXN0006814051,APP020,2025-05-30,failed,153991.29,EUR,LATAM,CP0046,BOND,TDR0137,BOOK_B,2025-02-01
TXN0002580574,APP005,2025-03-26,failed,41677.32,USD,EMEA,CP0337,OPTION,TDR0040,BOOK_B,2025-07-12
TXN0003765111,APP001,2025-04-29,settled,979279.45,JPY,APAC,CP0053,FX,TDR0069,BOOK_C,2025-10-12
TXN0006752797,APP018,2026-04-02,failed,588472.72,AUD,EMEA,CP0280,EQUITY,TDR0125,BOOK_B,2025-11-12
TXN0009977279,APP008,2025-01-13,active,294171.56,GBP,AMER,CP0403,BOND,TDR0098,BOOK_D,2026-03-24
TXN0005669808,APP006,2025-07-08,pending,716113.77,GBP,AMER,CP0082,EQUITY,TDR0037,BOOK_A,2025-07-06
TXN0007638599,APP010,2025-12-21,failed,982710.89,JPY,AMER,CP0335,FUTURE,TDR0077,BOOK_D,2025-05-03
TXN0008717177,APP006,2025-06-03,reversed,836602.52,JPY,LATAM,CP0270,BOND,TDR0003,BOOK_D,2025-01-16
TXN0008621520,APP011,2026-03-15,reversed,512476.26,JPY,AMER,CP0232,SWAP,TDR0082,BOOK_A,2025-07-20
TXN0004236861,APP015,2026-02-02,active,430728.37,AUD,EMEA,CP0020,FUTURE,TDR0130,BOOK_C,2025-07-30
TXN0000680455,APP018,2026-02-08,settled,381608.27,EUR,EMEA,CP0221,FX,TDR0125,BOOK_A,2025-12-08
TXN0006220100,APP001,2026-01-28,active,614756.82,GBP,AMER,CP0317,FX,TDR0071,BOOK_B,2026-02-08
TXN0004827965,APP005,2025-12-25,pending,146012.07,AUD,APAC,CP0357,EQUITY,TDR0044,BOOK_C,2025-02-15
TXN0004849100,APP009,2025-11-03,settled,639936.45,GBP,AMER,CP0341,FUTURE,TDR0015,BOOK_A,2026-03-09
TXN0007131663,APP009,2025-06-02,pending,896657.36,AUD,APAC,CP0386,SWAP,TDR0096,BOOK_C,2026-01-04
TXN0001134252,APP004,2025-12-30,active,847256.22,USD,AMER,CP0491,BOND,TDR0120,BOOK_C,2025-06-04
TXN0000719746,APP002,2025-09-10,active,389494.31,USD,LATAM,CP0088,OPTION,TDR0125,BOOK_B,2025-08-01
TXN0002605239,APP018,2025-01-02,reversed,681899.88,CHF,APAC,CP0443,BOND,TDR0092,BOOK_A,2025-05-12
TXN0006917799,APP001,2026-03-30,settled,238527.33,EUR,AMER,CP0215,EQUITY,TDR0079,BOOK_B,2025-06-09
TXN0001729600,APP001,2026-04-04,failed,867611.67,AUD,EMEA,CP0457,BOND,TDR0162,BOOK_B,2025-05-16
TXN0007575334,APP005,2026-01-11,settled,125730.88,USD,EMEA,CP0187,BOND,TDR0149,BOOK_C,2025-12-08
TXN0008039320,APP008,2026-01-10,pending,915912.26,EUR,APAC,CP0281,EQUITY,TDR0060,BOOK_D,2025-03-03
TXN0009454077,APP013,2026-03-21,pending,134871.72,USD,LATAM,CP0065,BOND,TDR0187,BOOK_B,2025-02-16
TXN0008189955,APP010,2025-02-09,reversed,202379.26,USD,LATAM,CP0202,FX,TDR0164,BOOK_A,2025-12-15
TXN0002573865,APP015,2025-11-15,active,758818.61,EUR,APAC,CP0073,FX,TDR0050,BOOK_C,2025-05-28
TXN0002154895,APP018,2025-02-13,active,428847.87,CHF,APAC,CP0254,OPTION,TDR0140,BOOK_B,2025-05-11
TXN0001296344,APP006,2026-04-13,active,773067.76,USD,EMEA,CP0400,SWAP,TDR0177,BOOK_A,2025-03-30
TXN0006711828,APP007,2025-06-02,active,964734.98,USD,APAC,CP0437,BOND,TDR0025,BOOK_B,2025-11-18
TXN0007385060,APP011,2026-02-11,reversed,753133.34,AUD,LATAM,CP0189,BOND,TDR0174,BOOK_C,2025-05-17
TXN0007692141,APP014,2025-08-08,settled,377037.78,CHF,AMER,CP0459,EQUITY,TDR0149,BOOK_C,2025-05-27
TXN0002894913,APP010,2026-01-12,reversed,339529.38,USD,LATAM,CP0061,FX,TDR0148,BOOK_C,2025-05-31
TXN0000720474,APP017,2026-01-24,reversed,842396.61,USD,EMEA,CP0180,FUTURE,TDR0132,BOOK_A,2025-10-04
TXN0003306283,APP004,2026-03-28,failed,852827.5,GBP,EMEA,CP0058,BOND,TDR0085,BOOK_B,2025-10-05
TXN0005231365,APP007,2026-03-20,active,538886.91,AUD,LATAM,CP0317,EQUITY,TDR0179,BOOK_C,2025-08-19
TXN0004200310,APP008,2025-01-22,active,458524.31,JPY,EMEA,CP0372,BOND,TDR0056,BOOK_D,2025-07-06
TXN0001200781,APP010,2025-02-21,active,446111.13,GBP,LATAM,CP0179,FUTURE,TDR0153,BOOK_B,2025-07-20
TXN0007371518,APP003,2025-05-14,settled,303393.0,GBP,LATAM,CP0048,SWAP,TDR0103,BOOK_B,2025-01-01
TXN0006022069,APP008,2025-04-04,failed,790554.36,EUR,LATAM,CP0231,FX,TDR0080,BOOK_C,2025-02-11
TXN0008770377,APP005,2025-05-21,active,46430.66,AUD,AMER,CP0351,BOND,TDR0088,BOOK_A,2026-02-02
TXN0009403830,APP020,2025-08-02,reversed,399072.13,CHF,LATAM,CP0015,EQUITY,TDR0026,BOOK_D,2025-09-13
TXN0009666440,APP004,2025-08-08,failed,414305.78,GBP,LATAM,CP0367,OPTION,TDR0196,BOOK_C,2026-02-09
TXN0006223482,APP011,2025-10-21,reversed,19470.0,JPY,APAC,CP0265,EQUITY,TDR0192,BOOK_D,2026-01-05
TXN0008878683,APP004,2025-01-15,pending,596905.98,AUD,APAC,CP0313,FX,TDR0082,BOOK_C,2025-03-02
TXN0001663754,APP008,2025-05-18,settled,509613.87,CHF,AMER,CP0048,FX,TDR0141,BOOK_A,2025-07-29
TXN0009029509,APP015,2025-07-17,active,462680.57,AUD,EMEA,CP0479,EQUITY,TDR0011,BOOK_D,2025-08-21
TXN0003197350,APP019,2025-04-20,active,263342.72,JPY,EMEA,CP0253,BOND,TDR0049,BOOK_B,2025-01-28
TXN0002086260,APP002,2026-01-25,reversed,241627.45,AUD,APAC,CP0142,SWAP,TDR0054,BOOK_A,2025-03-12
TXN0006007189,APP016,2025-04-18,active,128322.12,CHF,EMEA,CP0406,OPTION,TDR0017,BOOK_B,2025-03-22
TXN0006333709,APP016,2025-06-06,failed,103906.61,EUR,APAC,CP0012,SWAP,TDR0137,BOOK_B,2025-06-18
TXN0004147514,APP005,2026-02-21,active,105526.57,EUR,APAC,CP0494,BOND,TDR0074,BOOK_D,2025-11-05
TXN0002684047,APP017,2025-10-13,settled,432543.74,JPY,EMEA,CP0303,OPTION,TDR0189,BOOK_C,2026-03-27
TXN0001327449,APP019,2025-11-05,active,577444.09,JPY,APAC,CP0319,FX,TDR0010,BOOK_C,2026-01-15
TXN0002888686,APP016,2026-03-02,pending,825296.93,CHF,AMER,CP0378,FX,TDR0145,BOOK_A,2025-12-26
TXN0008214352,APP011,2025-08-16,failed,848377.98,EUR,APAC,CP0368,FX,TDR0047,BOOK_D,2025-03-09
TXN0003758969,APP005,2026-01-20,settled,229587.64,USD,APAC,CP0010,OPTION,TDR0013,BOOK_B,2026-03-07
TXN0008333363,APP018,2026-02-19,failed,396874.34,GBP,LATAM,CP0448,FX,TDR0057,BOOK_B,2026-01-02
TXN0004136156,APP015,2026-01-24,active,468140.32,EUR,AMER,CP0065,FUTURE,TDR0104,BOOK_D,2025-06-03
TXN0008876150,APP005,2025-12-14,pending,706574.81,JPY,AMER,CP0402,FX,TDR0037,BOOK_D,2025-04-09
TXN0007215566,APP003,2025-10-27,active,491328.48,AUD,LATAM,CP0125,SWAP,TDR0024,BOOK_A,2026-02-24
TXN0008412955,APP009,2025-08-14,active,433749.66,JPY,LATAM,CP0061,BOND,TDR0034,BOOK_A,2025-04-18
TXN0009613580,APP013,2025-06-01,settled,96230.07,CHF,EMEA,CP0055,FX,TDR0012,BOOK_B,2025-03-22
TXN0004298167,APP007,2026-01-14,settled,415517.72,AUD,APAC,CP0318,OPTION,TDR0158,BOOK_D,2025-05-03
TXN0004592083,APP004,2025-04-10,pending,871540.44,AUD,LATAM,CP0254,EQUITY,TDR0087,BOOK_A,2025-02-19
TXN0006364628,APP012,2025-02-28,settled,213930.89,GBP,AMER,CP0306,FX,TDR0164,BOOK_C,2026-01-02
TXN0004930648,APP009,2025-06-08,reversed,532464.66,GBP,LATAM,CP0183,FX,TDR0059,BOOK_C,2025-03-04
TXN0000215206,APP013,2025-03-31,active,822010.0,EUR,AMER,CP0342,EQUITY,TDR0171,BOOK_D,2025-02-09
TXN0000737112,APP006,2025-01-08,reversed,430253.71,JPY,AMER,CP0277,FUTURE,TDR0013,BOOK_B,2026-03-22
TXN0000583929,APP002,2026-02-12,active,790474.23,CHF,APAC,CP0140,FX,TDR0121,BOOK_C,2025-04-15
TXN0008855632,APP016,2025-11-07,active,170814.66,CHF,EMEA,CP0346,SWAP,TDR0097,BOOK_D,2026-01-12
TXN0002617670,APP006,2025-01-23,failed,714949.0,USD,EMEA,CP0048,EQUITY,TDR0071,BOOK_A,2025-07-27
TXN0009440502,APP007,2026-03-05,settled,410049.71,JPY,AMER,CP0160,FX,TDR0082,BOOK_B,2026-03-30
TXN0002869624,APP012,2026-04-14,reversed,578633.58,CHF,AMER,CP0078,FX,TDR0051,BOOK_B,2026-01-06
TXN0004395305,APP006,2026-03-02,pending,888075.18,CHF,EMEA,CP0438,FX,TDR0173,BOOK_C,2025-11-10
TXN0002715379,APP002,2025-09-19,failed,404062.11,AUD,LATAM,CP0329,EQUITY,TDR0023,BOOK_B,2026-02-06
TXN0004565138,APP018,2026-03-22,pending,688579.07,USD,LATAM,CP0112,BOND,TDR0060,BOOK_B,2025-05-29
TXN0003882756,APP011,2025-01-11,pending,102911.53,GBP,LATAM,CP0047,FX,TDR0087,BOOK_A,2025-07-10
TXN0002795304,APP020,2025-12-10,active,994920.22,CHF,AMER,CP0457,EQUITY,TDR0038,BOOK_B,2025-04-05
TXN0002541427,APP020,2025-06-12,failed,682999.85,EUR,EMEA,CP0490,BOND,TDR0048,BOOK_C,2025-08-08
TXN0005556625,APP010,2025-11-25,settled,220065.31,GBP,APAC,CP0418,OPTION,TDR0017,BOOK_D,2025-09-12
TXN0001351537,APP009,2025-02-17,settled,680539.42,USD,AMER,CP0323,OPTION,TDR0170,BOOK_A,2025-04-16
TXN0005802736,APP011,2026-01-30,pending,428801.72,CHF,AMER,CP0221,SWAP,TDR0060,BOOK_B,2025-09-04
TXN0003290681,APP012,2026-03-12,failed,729029.42,USD,EMEA,CP0314,EQUITY,TDR0095,BOOK_A,2025-10-19
TXN0006742150,APP017,2025-07-14,failed,244428.55,CHF,LATAM,CP0499,OPTION,TDR0046,BOOK_C,2026-02-21
TXN0009985267,APP004,2025-09-27,reversed,550860.71,JPY,LATAM,CP0222,FX,TDR0063,BOOK_A,2026-03-31
TXN0004939066,APP005,2025-07-06,reversed,141184.55,USD,APAC,CP0012,FX,TDR0003,BOOK_A,2026-04-01
TXN0001695069,APP019,2025-02-08,reversed,186687.9,AUD,EMEA,CP0262,FX,TDR0084,BOOK_A,2025-06-12
TXN0005070101,APP007,2026-03-03,active,484717.6,CHF,LATAM,CP0484,EQUITY,TDR0047,BOOK_B,2026-02-11
TXN0005835999,APP020,2026-03-26,pending,171711.87,EUR,LATAM,CP0485,BOND,TDR0149,BOOK_A,2025-04-11
TXN0002228048,APP019,2025-06-15,settled,330116.84,AUD,EMEA,CP0119,BOND,TDR0025,BOOK_C,2025-11-05
TXN0004898853,APP015,2026-01-30,pending,196415.67,EUR,LATAM,CP0041,FX,TDR0173,BOOK_D,2025-01-10
TXN0004247493,APP006,2025-06-20,settled,657771.25,JPY,APAC,CP0247,FUTURE,TDR0016,BOOK_A,2025-05-01
TXN0008082000,APP014,2025-12-21,failed,631787.46,AUD,AMER,CP0068,SWAP,TDR0114,BOOK_A,2025-08-23
TXN0004725986,APP004,2026-02-05,settled,849023.52,JPY,AMER,CP0291,EQUITY,TDR0181,BOOK_B,2026-01-16
TXN0000073422,APP016,2025-08-17,reversed,795246.92,EUR,AMER,CP0006,EQUITY,TDR0048,BOOK_C,2026-03-10
TXN0002360990,APP003,2025-01-09,settled,285162.99,USD,LATAM,CP0071,BOND,TDR0007,BOOK_D,2025-08-20
TXN0003952101,APP003,2025-07-12,active,415159.29,JPY,AMER,CP0289,FX,TDR0173,BOOK_D,2025-05-22
TXN0009557354,APP002,2025-10-07,reversed,6860.66,JPY,EMEA,CP0179,SWAP,TDR0099,BOOK_A,2025-08-26
TXN0009631678,APP019,2025-08-23,active,217644.61,CHF,EMEA,CP0005,FUTURE,TDR0145,BOOK_D,2025-04-14
TXN0002238476,APP016,2025-02-09,reversed,816411.27,JPY,APAC,CP0404,FX,TDR0027,BOOK_C,2025-02-21
TXN0004023329,APP012,2025-06-02,reversed,69471.61,USD,LATAM,CP0480,BOND,TDR0183,BOOK_A,2026-04-11
TXN0007739236,APP018,2025-12-08,active,444508.99,USD,EMEA,CP0142,FUTURE,TDR0175,BOOK_A,2025-12-30
TXN0008353372,APP020,2025-04-30,settled,731020.95,USD,AMER,CP0286,OPTION,TDR0178,BOOK_D,2025-05-28
TXN0006277771,APP011,2025-02-27,active,580169.82,GBP,LATAM,CP0460,FX,TDR0167,BOOK_B,2025-06-21
TXN0006778806,APP009,2025-09-05,failed,940991.23,GBP,APAC,CP0239,FUTURE,TDR0070,BOOK_B,2025-02-11
TXN0004218213,APP001,2025-09-08,failed,565627.29,AUD,APAC,CP0155,BOND,TDR0116,BOOK_B,2025-12-16
TXN0001835988,APP012,2026-04-04,failed,685338.49,JPY,APAC,CP0073,FX,TDR0121,BOOK_A,2025-09-22
TXN0005096214,APP015,2025-10-17,pending,109898.07,CHF,EMEA,CP0230,OPTION,TDR0021,BOOK_B,2025-02-11
TXN0007416073,APP019,2025-01-19,reversed,890784.53,EUR,LATAM,CP0468,EQUITY,TDR0144,BOOK_C,2025-03-29
TXN0008978922,APP006,2025-12-24,settled,939448.15,CHF,EMEA,CP0437,FX,TDR0179,BOOK_D,2025-07-08
TXN0006320571,APP004,2025-12-21,active,640882.57,USD,AMER,CP0317,SWAP,TDR0024,BOOK_B,2025-07-25
TXN0005142969,APP010,2025-06-29,pending,183680.01,AUD,AMER,CP0388,OPTION,TDR0184,BOOK_C,2025-10-17
TXN0002147865,APP009,2025-11-18,settled,56271.06,AUD,EMEA,CP0111,EQUITY,TDR0108,BOOK_A,2025-03-15
TXN0001706058,APP007,2025-09-25,reversed,197328.9,AUD,APAC,CP0493,SWAP,TDR0185,BOOK_B,2026-04-12
TXN0002942797,APP013,2026-02-26,reversed,768344.93,USD,EMEA,CP0074,OPTION,TDR0042,BOOK_C,2025-03-15
TXN0003976955,APP009,2026-01-10,pending,544650.83,EUR,EMEA,CP0397,BOND,TDR0104,BOOK_A,2025-11-13
TXN0006081636,APP006,2026-01-07,active,393353.32,CHF,AMER,CP0189,BOND,TDR0126,BOOK_B,2025-05-14
TXN0001932014,APP020,2026-04-04,reversed,739108.92,USD,LATAM,CP0001,BOND,TDR0195,BOOK_D,2025-08-30
TXN0009231081,APP006,2025-06-16,settled,618057.99,EUR,APAC,CP0419,OPTION,TDR0159,BOOK_D,2025-07-26
TXN0003657708,APP004,2025-08-08,reversed,712213.48,JPY,LATAM,CP0137,EQUITY,TDR0112,BOOK_A,2025-07-07
TXN0007274099,APP001,2025-04-27,failed,765598.96,JPY,LATAM,CP0425,EQUITY,TDR0084,BOOK_B,2026-01-15
TXN0008810225,APP020,2026-02-01,pending,646715.89,EUR,APAC,CP0264,EQUITY,TDR0096,BOOK_A,2026-02-11
TXN0003496508,APP006,2025-08-06,failed,659926.63,AUD,APAC,CP0407,OPTION,TDR0086,BOOK_B,2026-04-14
TXN0000442610,APP002,2025-04-21,reversed,531944.09,EUR,EMEA,CP0092,EQUITY,TDR0120,BOOK_D,2026-01-26
TXN0007023373,APP007,2025-03-07,active,511706.89,GBP,EMEA,CP0095,FUTURE,TDR0066,BOOK_A,2025-04-27
TXN0004218347,APP016,2025-07-01,pending,808784.2,EUR,AMER,CP0452,FUTURE,TDR0147,BOOK_A,2025-08-30
TXN0004104994,APP002,2026-02-10,pending,582544.35,EUR,EMEA,CP0045,OPTION,TDR0157,BOOK_C,2025-03-30
TXN0003439003,APP014,2025-06-17,pending,840594.44,CHF,APAC,CP0025,EQUITY,TDR0004,BOOK_C,2025-04-18
TXN0007489008,APP017,2025-07-26,active,802822.56,USD,APAC,CP0393,EQUITY,TDR0061,BOOK_C,2025-11-14
TXN0003891707,APP008,2026-03-18,failed,704807.76,EUR,APAC,CP0477,EQUITY,TDR0048,BOOK_D,2025-04-08
TXN0004799526,APP012,2025-05-03,reversed,306867.42,EUR,AMER,CP0204,FUTURE,TDR0130,BOOK_C,2025-07-14
TXN0005096993,APP017,2025-04-04,failed,807972.51,GBP,AMER,CP0185,FUTURE,TDR0184,BOOK_D,2025-07-23
TXN0006554917,APP008,2025-12-12,settled,607655.08,AUD,APAC,CP0055,SWAP,TDR0080,BOOK_D,2025-01-01
TXN0006012165,APP016,2025-09-13,active,324093.83,EUR,LATAM,CP0163,FX,TDR0160,BOOK_B,2026-04-06
TXN0002742334,APP012,2025-01-03,failed,97666.48,JPY,AMER,CP0267,FX,TDR0172,BOOK_D,2025-02-11
TXN0008011258,APP004,2025-10-03,settled,980720.86,JPY,APAC,CP0070,SWAP,TDR0021,BOOK_A,2025-05-03
TXN0007403572,APP007,2025-02-15,failed,379311.96,EUR,APAC,CP0387,BOND,TDR0193,BOOK_A,2025-12-12
TXN0009093188,APP013,2025-11-23,failed,710928.96,EUR,APAC,CP0358,OPTION,TDR0010,BOOK_D,2025-07-15
TXN0001580129,APP008,2026-03-05,reversed,713526.07,EUR,APAC,CP0443,BOND,TDR0129,BOOK_A,2026-03-08
TXN0000262628,APP018,2026-02-12,settled,94527.55,EUR,APAC,CP0380,BOND,TDR0160,BOOK_D,2026-03-11
TXN0001588286,APP009,2025-02-06,failed,590006.74,USD,LATAM,CP0069,EQUITY,TDR0082,BOOK_A,2025-05-05
TXN0009338788,APP003,2026-01-17,settled,366802.81,EUR,APAC,CP0134,OPTION,TDR0165,BOOK_A,2025-11-09
TXN0008337602,APP010,2025-09-22,pending,876847.66,CHF,EMEA,CP0195,EQUITY,TDR0154,BOOK_C,2026-01-28
TXN0001137168,APP003,2025-07-29,failed,991439.71,JPY,LATAM,CP0189,OPTION,TDR0018,BOOK_D,2025-08-02
TXN0006819071,APP002,2025-05-30,reversed,557183.94,AUD,APAC,CP0001,EQUITY,TDR0074,BOOK_D,2025-06-30
TXN0004587300,APP004,2026-02-21,settled,80958.4,JPY,EMEA,CP0120,BOND,TDR0086,BOOK_C,2026-02-25
TXN0009515571,APP019,2026-02-11,pending,615452.68,USD,APAC,CP0325,FX,TDR0080,BOOK_D,2025-10-01
TXN0005397739,APP017,2025-10-16,pending,101795.14,GBP,EMEA,CP0375,FX,TDR0029,BOOK_A,2026-02-03
TXN0007871734,APP013,2025-07-26,settled,910478.65,AUD,APAC,CP0472,EQUITY,TDR0078,BOOK_D,2026-01-14
TXN0002365021,APP002,2025-12-03,settled,126398.69,JPY,AMER,CP0188,BOND,TDR0048,BOOK_C,2025-12-08
TXN0007448588,APP014,2025-01-01,pending,701898.86,AUD,APAC,CP0036,FUTURE,TDR0005,BOOK_B,2025-02-22
TXN0008664879,APP013,2025-11-19,pending,78890.07,EUR,AMER,CP0475,OPTION,TDR0074,BOOK_C,2025-01-17
TXN0005121418,APP020,2025-08-03,reversed,417975.9,EUR,LATAM,CP0203,EQUITY,TDR0154,BOOK_C,2025-08-31
TXN0009800803,APP012,2025-11-06,reversed,235251.25,JPY,EMEA,CP0327,FUTURE,TDR0121,BOOK_A,2025-09-09
TXN0004535134,APP013,2025-05-01,reversed,553633.88,GBP,AMER,CP0188,EQUITY,TDR0068,BOOK_C,2025-07-12
TXN0000830952,APP018,2025-05-31,pending,73134.81,AUD,APAC,CP0306,FX,TDR0176,BOOK_B,2025-10-12
TXN0004645307,APP003,2025-06-03,settled,819731.22,EUR,EMEA,CP0036,FUTURE,TDR0089,BOOK_D,2025-06-21
TXN0005336834,APP004,2025-04-18,active,573157.89,AUD,EMEA,CP0270,BOND,TDR0160,BOOK_B,2025-08-31
TXN0004104591,APP013,2025-04-09,settled,817795.67,EUR,APAC,CP0255,SWAP,TDR0140,BOOK_A,2026-01-10
TXN0001645862,APP006,2025-12-13,failed,924934.7,GBP,AMER,CP0068,EQUITY,TDR0083,BOOK_D,2025-02-16
TXN0000198970,APP006,2025-11-15,reversed,440511.34,EUR,LATAM,CP0356,SWAP,TDR0070,BOOK_B,2025-07-06
TXN0001080292,APP010,2025-09-14,reversed,888863.24,GBP,APAC,CP0007,OPTION,TDR0055,BOOK_B,2025-01-14
TXN0007714217,APP015,2025-10-23,settled,169742.35,JPY,LATAM,CP0471,SWAP,TDR0105,BOOK_D,2025-05-19
TXN0008015407,APP003,2025-05-21,pending,423438.65,JPY,APAC,CP0163,OPTION,TDR0054,BOOK_B,2025-10-06
TXN0001294397,APP017,2025-10-22,settled,389286.93,EUR,APAC,CP0432,BOND,TDR0152,BOOK_B,2025-09-03
TXN0006819250,APP015,2025-04-02,failed,38648.32,EUR,AMER,CP0366,FX,TDR0118,BOOK_B,2026-01-17
TXN0009568222,APP001,2025-04-04,settled,12598.13,AUD,APAC,CP0066,EQUITY,TDR0010,BOOK_B,2025-10-07
TXN0009613761,APP001,2025-03-15,pending,773711.03,CHF,EMEA,CP0023,EQUITY,TDR0052,BOOK_B,2025-08-17
TXN0005374754,APP003,2025-04-01,settled,825904.88,CHF,LATAM,CP0274,BOND,TDR0165,BOOK_D,2025-10-08
TXN0001083228,APP005,2026-01-07,settled,933403.51,JPY,AMER,CP0105,FX,TDR0120,BOOK_C,2025-10-06
TXN0004531954,APP002,2025-09-27,settled,82096.77,AUD,LATAM,CP0442,FX,TDR0200,BOOK_B,2025-01-28
TXN0008679581,APP005,2025-07-21,active,295568.98,GBP,EMEA,CP0238,EQUITY,TDR0173,BOOK_C,2026-04-01
TXN0007087191,APP001,2025-08-14,active,409873.07,JPY,EMEA,CP0395,BOND,TDR0020,BOOK_D,2025-06-29
TXN0007720749,APP011,2026-01-08,pending,795426.21,JPY,LATAM,CP0075,OPTION,TDR0037,BOOK_B,2025-09-07
TXN0008668626,APP019,2025-09-15,failed,334701.25,GBP,EMEA,CP0155,OPTION,TDR0003,BOOK_A,2025-08-21
TXN0007364871,APP001,2025-09-05,failed,531106.06,EUR,LATAM,CP0160,FUTURE,TDR0187,BOOK_A,2025-08-25
TXN0001226268,APP008,2025-07-29,active,173301.5,GBP,EMEA,CP0489,EQUITY,TDR0092,BOOK_B,2025-08-28
TXN0000482507,APP016,2025-09-06,reversed,508107.51,EUR,APAC,CP0377,FX,TDR0183,BOOK_A,2025-08-26
TXN0003048149,APP008,2026-03-26,pending,707488.21,USD,AMER,CP0015,OPTION,TDR0004,BOOK_B,2026-01-02
TXN0008487165,APP002,2025-07-24,active,467946.74,JPY,APAC,CP0406,BOND,TDR0151,BOOK_B,2025-03-18
TXN0001478672,APP015,2025-06-07,settled,925176.03,GBP,LATAM,CP0132,SWAP,TDR0105,BOOK_D,2025-11-27
TXN0005728870,APP018,2025-08-31,failed,781636.6,JPY,LATAM,CP0153,FX,TDR0038,BOOK_D,2025-06-05
TXN0008809461,APP016,2025-02-17,active,326973.58,JPY,EMEA,CP0487,BOND,TDR0086,BOOK_A,2026-02-05
TXN0002374779,APP007,2025-09-12,pending,456188.1,AUD,AMER,CP0194,FUTURE,TDR0027,BOOK_D,2025-11-23
TXN0000949985,APP001,2025-11-05,active,439072.72,GBP,EMEA,CP0239,SWAP,TDR0090,BOOK_B,2025-01-28
TXN0001539186,APP014,2026-03-07,settled,71850.33,JPY,EMEA,CP0342,EQUITY,TDR0076,BOOK_B,2025-08-29
TXN0004718411,APP001,2025-07-31,active,983133.32,CHF,AMER,CP0265,SWAP,TDR0122,BOOK_D,2025-05-17
TXN0007424804,APP006,2026-01-03,pending,280484.43,CHF,LATAM,CP0305,EQUITY,TDR0161,BOOK_D,2025-06-21
TXN0005139667,APP004,2025-02-27,failed,224979.56,AUD,APAC,CP0191,OPTION,TDR0197,BOOK_B,2025-09-09
TXN0003616807,APP016,2025-06-16,settled,986548.35,CHF,EMEA,CP0237,FUTURE,TDR0041,BOOK_C,2025-05-01
TXN0006254252,APP010,2025-09-03,active,890515.08,USD,EMEA,CP0359,SWAP,TDR0025,BOOK_D,2025-06-03
TXN0000715476,APP016,2025-05-14,pending,174522.99,JPY,EMEA,CP0380,FX,TDR0041,BOOK_C,2025-02-21
TXN0006344945,APP018,2026-01-25,pending,446270.64,CHF,EMEA,CP0083,BOND,TDR0133,BOOK_D,2026-03-16
TXN0001324621,APP004,2025-04-26,failed,176423.54,CHF,AMER,CP0042,FUTURE,TDR0042,BOOK_A,2026-03-01
TXN0003136736,APP001,2025-07-31,settled,538592.39,AUD,LATAM,CP0117,OPTION,TDR0117,BOOK_D,2026-03-21
TXN0004631750,APP015,2025-08-13,active,898751.51,EUR,LATAM,CP0029,SWAP,TDR0005,BOOK_C,2025-02-01
TXN0007936538,APP020,2025-06-12,reversed,649414.41,GBP,EMEA,CP0164,EQUITY,TDR0064,BOOK_A,2025-12-02
TXN0004864446,APP013,2026-02-14,active,858805.83,GBP,APAC,CP0120,FX,TDR0005,BOOK_C,2026-01-22
TXN0008848794,APP004,2025-09-20,settled,310115.27,USD,EMEA,CP0292,BOND,TDR0120,BOOK_B,2025-03-02
TXN0007212982,APP011,2025-09-18,reversed,522517.39,GBP,APAC,CP0157,SWAP,TDR0059,BOOK_A,2025-04-25
TXN0003851975,APP007,2025-02-14,failed,160618.03,AUD,EMEA,CP0016,SWAP,TDR0167,BOOK_C,2025-04-15
TXN0001639226,APP014,2025-09-16,failed,161005.36,AUD,EMEA,CP0406,SWAP,TDR0002,BOOK_D,2025-01-12
TXN0000387536,APP003,2025-08-29,pending,490215.64,AUD,APAC,CP0013,SWAP,TDR0152,BOOK_A,2025-12-25
TXN0007822620,APP017,2025-11-25,pending,35849.83,AUD,LATAM,CP0455,FX,TDR0039,BOOK_A,2026-01-24
TXN0009852286,APP009,2025-05-02,active,938172.58,JPY,EMEA,CP0025,OPTION,TDR0182,BOOK_B,2026-03-09
TXN0002469060,APP016,2026-01-29,reversed,441459.08,AUD,EMEA,CP0319,EQUITY,TDR0159,BOOK_A,2025-02-14
TXN0009497098,APP012,2025-01-31,active,826248.55,AUD,AMER,CP0455,BOND,TDR0087,BOOK_B,2025-10-29
TXN0009427906,APP011,2025-05-22,active,827660.14,GBP,LATAM,CP0312,SWAP,TDR0004,BOOK_B,2025-07-11
TXN0000762586,APP009,2025-11-27,pending,569015.34,JPY,AMER,CP0041,FX,TDR0185,BOOK_C,2025-05-23
TXN0007258798,APP015,2025-02-22,reversed,127026.67,USD,AMER,CP0183,SWAP,TDR0169,BOOK_A,2025-09-29
TXN0007497938,APP017,2025-02-01,active,646270.42,AUD,EMEA,CP0041,FX,TDR0068,BOOK_A,2026-03-19
TXN0007130360,APP001,2025-07-07,settled,402320.88,CHF,EMEA,CP0147,BOND,TDR0192,BOOK_B,2025-09-12
TXN0001272348,APP014,2025-04-02,reversed,463050.33,AUD,LATAM,CP0172,SWAP,TDR0011,BOOK_A,2026-03-14
TXN0004330899,APP015,2025-07-09,active,305393.37,USD,LATAM,CP0322,FUTURE,TDR0149,BOOK_C,2025-11-10
TXN0000659269,APP009,2026-03-25,active,36052.29,CHF,AMER,CP0325,SWAP,TDR0162,BOOK_C,2026-02-23
TXN0006410352,APP007,2025-08-06,settled,208824.3,USD,EMEA,CP0467,OPTION,TDR0172,BOOK_C,2025-11-13
TXN0007430071,APP003,2025-01-25,reversed,615837.82,AUD,LATAM,CP0358,SWAP,TDR0022,BOOK_C,2025-11-12
TXN0000771570,APP011,2025-08-19,settled,820904.58,EUR,LATAM,CP0322,BOND,TDR0072,BOOK_D,2025-04-28
TXN0006058205,APP010,2025-11-27,failed,269055.53,JPY,LATAM,CP0020,FX,TDR0191,BOOK_C,2025-02-18
TXN0009505306,APP012,2025-09-18,pending,895749.43,EUR,EMEA,CP0218,OPTION,TDR0179,BOOK_D,2025-08-20
TXN0002592257,APP015,2025-11-05,reversed,294352.76,GBP,EMEA,CP0428,EQUITY,TDR0016,BOOK_A,2025-12-23
TXN0003902345,APP012,2025-05-23,pending,1071.37,USD,EMEA,CP0152,OPTION,TDR0050,BOOK_A,2025-02-06
TXN0007425058,APP003,2025-11-22,failed,724134.96,JPY,LATAM,CP0287,FX,TDR0044,BOOK_B,2025-06-16
TXN0006775753,APP005,2026-03-11,reversed,146536.16,AUD,EMEA,CP0252,FUTURE,TDR0166,BOOK_D,2025-08-15
TXN0003991191,APP016,2025-08-18,reversed,694439.98,EUR,AMER,CP0087,BOND,TDR0168,BOOK_C,2025-06-17
TXN0002275447,APP012,2025-11-21,reversed,929363.11,CHF,APAC,CP0009,FX,TDR0086,BOOK_C,2026-03-31
TXN0008356141,APP019,2025-05-23,pending,662557.96,JPY,APAC,CP0428,FX,TDR0108,BOOK_C,2025-02-09
TXN0002932195,APP017,2025-06-26,reversed,715616.53,USD,AMER,CP0446,FX,TDR0007,BOOK_C,2026-01-12
TXN0004640168,APP018,2026-03-19,pending,815573.3,EUR,EMEA,CP0342,FX,TDR0025,BOOK_D,2025-11-02
TXN0001263128,APP008,2025-05-31,settled,609863.89,USD,APAC,CP0311,FUTURE,TDR0091,BOOK_C,2026-03-24
TXN0001856506,APP017,2026-04-09,failed,39682.42,USD,APAC,CP0084,FX,TDR0035,BOOK_A,2025-04-08
TXN0009941937,APP004,2025-09-14,active,142026.65,GBP,LATAM,CP0201,OPTION,TDR0053,BOOK_C,2025-04-27
TXN0001723323,APP016,2025-06-12,pending,240931.76,GBP,APAC,CP0252,FUTURE,TDR0148,BOOK_C,2025-11-13
TXN0001413021,APP011,2025-10-11,failed,757813.37,EUR,APAC,CP0187,BOND,TDR0002,BOOK_C,2025-10-17
TXN0003321327,APP015,2025-12-21,settled,881141.68,CHF,LATAM,CP0280,OPTION,TDR0121,BOOK_A,2026-02-22
TXN0003941953,APP009,2025-07-31,settled,79060.85,CHF,APAC,CP0002,SWAP,TDR0091,BOOK_C,2025-07-15
TXN0006899752,APP010,2025-08-18,reversed,884549.96,JPY,LATAM,CP0302,OPTION,TDR0101,BOOK_C,2026-03-22
TXN0001332675,APP008,2025-10-10,reversed,911495.85,JPY,AMER,CP0217,EQUITY,TDR0047,BOOK_C,2025-02-22
TXN0005176001,APP009,2025-05-23,settled,820894.17,GBP,AMER,CP0213,OPTION,TDR0036,BOOK_A,2025-11-21
TXN0006922920,APP008,2025-03-27,failed,822752.15,GBP,EMEA,CP0167,SWAP,TDR0197,BOOK_A,2025-08-22
TXN0002632753,APP005,2025-09-30,failed,467687.68,AUD,LATAM,CP0254,FX,TDR0099,BOOK_A,2025-11-07
TXN0000305619,APP014,2025-05-12,settled,515299.98,JPY,LATAM,CP0451,FX,TDR0109,BOOK_C,2025-02-09
TXN0009554047,APP013,2025-02-21,settled,948923.67,JPY,AMER,CP0436,OPTION,TDR0050,BOOK_D,2025-06-28
TXN0009830265,APP002,2026-02-08,reversed,422864.27,CHF,AMER,CP0087,OPTION,TDR0023,BOOK_D,2025-11-19
TXN0008909144,APP005,2025-03-16,settled,13838.18,AUD,APAC,CP0340,FX,TDR0115,BOOK_B,2025-08-05
TXN0005119005,APP015,2025-02-23,active,41449.73,GBP,EMEA,CP0227,FX,TDR0097,BOOK_D,2025-07-10
TXN0004235878,APP015,2025-11-05,reversed,871283.37,CHF,EMEA,CP0002,SWAP,TDR0105,BOOK_D,2025-09-09
TXN0005938125,APP017,2025-01-21,pending,277119.56,EUR,LATAM,CP0060,FX,TDR0045,BOOK_D,2025-04-15
TXN0009686178,APP008,2025-03-31,settled,236547.68,USD,AMER,CP0239,SWAP,TDR0071,BOOK_D,2025-09-10
TXN0000550768,APP003,2025-10-30,reversed,732183.61,JPY,EMEA,CP0078,OPTION,TDR0096,BOOK_C,2025-06-19
TXN0000995449,APP020,2025-02-26,failed,216604.6,GBP,APAC,CP0276,FX,TDR0023,BOOK_A,2026-01-09
TXN0001554671,APP015,2025-01-09,failed,191152.89,USD,LATAM,CP0199,FX,TDR0165,BOOK_C,2025-11-01
TXN0003319960,APP011,2025-10-30,reversed,68352.23,CHF,LATAM,CP0479,FUTURE,TDR0060,BOOK_A,2025-09-10
TXN0009022685,APP007,2025-06-03,active,943269.48,JPY,APAC,CP0166,OPTION,TDR0173,BOOK_D,2025-01-31
TXN0009675947,APP018,2025-05-05,pending,844746.96,JPY,EMEA,CP0008,OPTION,TDR0194,BOOK_B,2025-05-14
TXN0003102153,APP002,2025-03-07,active,345109.6,CHF,APAC,CP0499,FX,TDR0051,BOOK_C,2026-01-03
TXN0002841903,APP013,2026-04-02,pending,114588.19,EUR,EMEA,CP0409,BOND,TDR0003,BOOK_A,2026-04-08
TXN0003219689,APP014,2026-03-07,pending,575409.2,CHF,AMER,CP0351,OPTION,TDR0082,BOOK_D,2025-10-21
TXN0003596246,APP019,2025-08-04,pending,518558.43,GBP,LATAM,CP0192,EQUITY,TDR0122,BOOK_D,2026-02-03
TXN0006395868,APP012,2025-12-03,failed,718855.25,EUR,EMEA,CP0142,EQUITY,TDR0110,BOOK_C,2025-07-01
TXN0003637452,APP018,2025-09-25,failed,383111.54,AUD,APAC,CP0033,EQUITY,TDR0130,BOOK_A,2025-11-28
TXN0000568699,APP003,2025-08-30,active,833210.56,GBP,LATAM,CP0245,OPTION,TDR0122,BOOK_B,2025-06-19
TXN0000666420,APP004,2025-06-22,active,154395.34,CHF,LATAM,CP0032,SWAP,TDR0088,BOOK_B,2025-08-30
TXN0003258444,APP001,2025-07-22,settled,170278.96,USD,AMER,CP0010,SWAP,TDR0094,BOOK_A,2025-06-16
TXN0006023613,APP009,2026-02-02,pending,352355.95,USD,AMER,CP0250,FUTURE,TDR0105,BOOK_B,2025-12-21
TXN0001529172,APP015,2026-02-10,settled,742716.34,JPY,AMER,CP0170,FX,TDR0112,BOOK_A,2025-07-27
TXN0001803942,APP020,2026-02-17,pending,639535.64,EUR,LATAM,CP0019,EQUITY,TDR0143,BOOK_C,2026-02-27
TXN0007371183,APP020,2026-01-08,reversed,680649.03,AUD,EMEA,CP0088,FX,TDR0017,BOOK_B,2025-07-13
TXN0002283521,APP017,2025-03-16,failed,457835.41,CHF,LATAM,CP0129,EQUITY,TDR0081,BOOK_B,2026-03-02
TXN0001357314,APP008,2025-05-15,failed,796126.2,USD,AMER,CP0371,OPTION,TDR0153,BOOK_B,2025-08-05
TXN0004392165,APP002,2026-03-01,active,192953.78,JPY,EMEA,CP0304,OPTION,TDR0109,BOOK_D,2025-03-04
TXN0002232507,APP017,2025-10-16,reversed,227776.77,GBP,APAC,CP0282,OPTION,TDR0014,BOOK_C,2025-11-03
TXN0008214970,APP009,2025-04-12,failed,719459.99,GBP,APAC,CP0073,EQUITY,TDR0027,BOOK_D,2025-07-10
TXN0009124555,APP005,2025-11-20,pending,594057.25,USD,APAC,CP0378,FX,TDR0052,BOOK_B,2025-09-25
TXN0006085183,APP005,2025-04-04,reversed,32517.56,USD,APAC,CP0359,FX,TDR0089,BOOK_A,2026-03-27
TXN0000361468,APP002,2026-04-08,failed,13122.86,GBP,EMEA,CP0042,FX,TDR0083,BOOK_D,2025-02-28
TXN0007513553,APP006,2025-08-10,active,818452.27,GBP,APAC,CP0043,FUTURE,TDR0195,BOOK_D,2026-01-19
TXN0006774419,APP012,2025-12-07,settled,542890.06,GBP,APAC,CP0049,BOND,TDR0175,BOOK_C,2025-11-06
TXN0006359324,APP010,2026-04-03,reversed,786668.51,CHF,LATAM,CP0452,BOND,TDR0008,BOOK_B,2025-09-22
TXN0002921532,APP011,2026-03-28,reversed,125138.82,GBP,EMEA,CP0148,FX,TDR0055,BOOK_B,2025-08-10
TXN0006599872,APP016,2025-08-14,settled,917400.21,CHF,EMEA,CP0045,OPTION,TDR0093,BOOK_A,2026-04-14
TXN0001212616,APP005,2025-08-14,active,93088.58,GBP,APAC,CP0187,FUTURE,TDR0081,BOOK_B,2026-04-01
TXN0000165111,APP018,2025-10-08,pending,427391.5,EUR,APAC,CP0383,EQUITY,TDR0097,BOOK_A,2025-06-15
TXN0009759857,APP016,2025-12-17,reversed,78371.43,AUD,AMER,CP0451,EQUITY,TDR0145,BOOK_B,2025-04-23
TXN0005717370,APP016,2025-04-18,failed,681368.21,CHF,AMER,CP0137,FX,TDR0001,BOOK_A,2025-02-15
TXN0004589467,APP012,2025-10-25,pending,616003.89,CHF,AMER,CP0305,OPTION,TDR0032,BOOK_A,2026-04-01
TXN0001467959,APP013,2025-02-07,active,719958.27,JPY,APAC,CP0252,EQUITY,TDR0049,BOOK_C,2025-08-02
TXN0007776696,APP005,2026-01-14,pending,505306.02,USD,EMEA,CP0039,BOND,TDR0102,BOOK_A,2026-01-30
TXN0005660345,APP002,2025-08-18,reversed,524495.07,GBP,APAC,CP0469,FUTURE,TDR0197,BOOK_A,2025-10-14
TXN0005261147,APP009,2025-07-13,active,885624.15,EUR,APAC,CP0088,FX,TDR0175,BOOK_A,2025-02-20
TXN0009375085,APP003,2026-02-06,failed,305275.71,GBP,APAC,CP0385,EQUITY,TDR0112,BOOK_A,2025-04-22
TXN0001162472,APP019,2025-04-29,reversed,501070.25,AUD,EMEA,CP0202,OPTION,TDR0065,BOOK_C,2025-10-31
TXN0004115450,APP015,2025-12-05,reversed,346211.88,AUD,LATAM,CP0216,OPTION,TDR0110,BOOK_C,2025-05-07
TXN0005615939,APP002,2026-02-11,settled,658235.6,EUR,LATAM,CP0130,FX,TDR0193,BOOK_A,2025-03-03
TXN0000039962,APP001,2025-11-30,reversed,434282.94,USD,APAC,CP0040,BOND,TDR0167,BOOK_A,2025-06-23
TXN0001353835,APP009,2025-05-02,failed,736701.32,USD,APAC,CP0487,EQUITY,TDR0026,BOOK_C,2025-06-09
TXN0006700335,APP005,2025-08-04,settled,356043.82,USD,APAC,CP0106,SWAP,TDR0185,BOOK_A,2025-01-21
TXN0003204881,APP012,2026-02-15,reversed,830562.0,EUR,LATAM,CP0082,EQUITY,TDR0158,BOOK_B,2026-02-21
TXN0007697387,APP019,2026-03-13,failed,230230.23,EUR,APAC,CP0481,FUTURE,TDR0138,BOOK_B,2026-02-06
TXN0009637237,APP001,2025-12-29,failed,189008.18,JPY,APAC,CP0355,BOND,TDR0073,BOOK_D,2025-11-16
TXN0001417240,APP003,2025-01-06,settled,520848.25,AUD,LATAM,CP0422,SWAP,TDR0108,BOOK_D,2025-08-31
TXN0005076883,APP020,2025-12-16,pending,492211.99,CHF,EMEA,CP0059,FX,TDR0010,BOOK_D,2025-09-16
TXN0006581979,APP006,2025-10-07,settled,32454.67,JPY,LATAM,CP0270,OPTION,TDR0009,BOOK_A,2025-06-07
TXN0007434123,APP015,2025-03-29,pending,286371.2,USD,AMER,CP0323,OPTION,TDR0095,BOOK_D,2026-03-03
TXN0002022035,APP004,2025-02-22,settled,317283.12,CHF,LATAM,CP0292,SWAP,TDR0131,BOOK_B,2025-08-11
TXN0007814074,APP002,2026-01-09,pending,137329.6,GBP,AMER,CP0024,FX,TDR0146,BOOK_A,2026-03-12
TXN0007251522,APP015,2026-02-02,reversed,644196.81,AUD,EMEA,CP0128,FUTURE,TDR0045,BOOK_A,2025-01-09
TXN0005771835,APP015,2025-06-15,pending,359399.91,CHF,LATAM,CP0256,OPTION,TDR0171,BOOK_D,2025-02-01
TXN0007334886,APP012,2025-04-17,failed,445937.07,CHF,EMEA,CP0426,FX,TDR0105,BOOK_B,2025-06-01
TXN0009342559,APP018,2025-05-02,active,292145.11,CHF,AMER,CP0494,OPTION,TDR0069,BOOK_C,2025-10-02
TXN0006747856,APP003,2026-01-07,reversed,319028.51,USD,AMER,CP0137,OPTION,TDR0143,BOOK_C,2025-03-17
TXN0003873382,APP008,2025-04-23,settled,563257.59,EUR,LATAM,CP0313,EQUITY,TDR0042,BOOK_A,2025-09-06
TXN0001840139,APP002,2026-01-08,settled,629047.59,EUR,APAC,CP0411,FX,TDR0069,BOOK_A,2025-10-23
TXN0002762212,APP008,2025-03-17,settled,117260.22,AUD,AMER,CP0487,FX,TDR0101,BOOK_A,2026-02-20
TXN0005714584,APP017,2025-08-01,active,494277.31,GBP,EMEA,CP0407,EQUITY,TDR0010,BOOK_B,2026-01-22
TXN0003723242,APP002,2025-04-10,pending,171678.06,AUD,LATAM,CP0196,OPTION,TDR0116,BOOK_A,2025-09-27
TXN0006215743,APP013,2025-06-19,failed,613288.59,USD,EMEA,CP0195,BOND,TDR0118,BOOK_D,2025-06-30
TXN0007115365,APP019,2025-05-19,failed,591690.3,USD,APAC,CP0347,FUTURE,TDR0009,BOOK_A,2025-12-02
TXN0001157933,APP015,2025-08-11,settled,773447.88,AUD,APAC,CP0018,SWAP,TDR0101,BOOK_A,2025-02-06
TXN0004196154,APP018,2025-10-04,reversed,173764.77,JPY,LATAM,CP0215,SWAP,TDR0096,BOOK_D,2025-10-09
TXN0003854404,APP017,2026-02-18,reversed,668014.2,GBP,APAC,CP0211,FUTURE,TDR0062,BOOK_A,2025-12-27
TXN0009703533,APP014,2026-03-31,pending,957726.45,GBP,LATAM,CP0376,FUTURE,TDR0041,BOOK_D,2025-09-22
TXN0002240161,APP001,2025-12-29,failed,117495.5,CHF,EMEA,CP0037,EQUITY,TDR0055,BOOK_A,2025-04-19
TXN0009648334,APP012,2025-09-03,reversed,411267.62,AUD,APAC,CP0220,BOND,TDR0180,BOOK_A,2026-03-25
TXN0004549482,APP013,2026-02-08,reversed,122067.5,GBP,AMER,CP0383,OPTION,TDR0079,BOOK_A,2025-01-04
TXN0005731440,APP013,2025-01-07,active,908612.18,AUD,AMER,CP0242,OPTION,TDR0144,BOOK_C,2026-02-01
TXN0004941274,APP009,2025-10-26,pending,192535.57,USD,AMER,CP0438,EQUITY,TDR0134,BOOK_B,2025-05-27
TXN0004616112,APP006,2025-04-25,active,608983.09,EUR,AMER,CP0036,FUTURE,TDR0182,BOOK_A,2026-04-02
TXN0004442244,APP011,2025-06-12,pending,740485.19,EUR,APAC,CP0410,BOND,TDR0192,BOOK_D,2025-12-29
TXN0004061680,APP011,2025-11-04,reversed,840406.45,GBP,AMER,CP0095,BOND,TDR0065,BOOK_A,2025-10-20
TXN0007285857,APP009,2025-05-29,reversed,245462.66,EUR,AMER,CP0421,EQUITY,TDR0091,BOOK_D,2026-02-23
TXN0006916263,APP020,2025-12-17,failed,163141.59,AUD,APAC,CP0002,FX,TDR0059,BOOK_C,2025-10-18
TXN0006668707,APP008,2025-12-04,active,856343.77,JPY,EMEA,CP0437,FUTURE,TDR0162,BOOK_B,2025-04-25
TXN0008478826,APP014,2025-01-17,active,947081.55,CHF,APAC,CP0300,OPTION,TDR0151,BOOK_A,2025-06-04
TXN0003009711,APP001,2026-03-28,active,766887.27,JPY,LATAM,CP0010,OPTION,TDR0064,BOOK_A,2026-02-12
TXN0005865517,APP020,2026-01-23,reversed,303701.23,EUR,EMEA,CP0402,OPTION,TDR0165,BOOK_D,2025-04-08
TXN0008608019,APP002,2025-09-12,pending,135872.45,AUD,AMER,CP0317,OPTION,TDR0186,BOOK_D,2025-12-25
TXN0006769081,APP013,2025-11-28,settled,561057.0,USD,APAC,CP0461,EQUITY,TDR0107,BOOK_C,2025-03-29
TXN0000480685,APP001,2025-07-24,failed,676657.5,GBP,APAC,CP0394,FX,TDR0084,BOOK_A,2025-06-24
TXN0003275944,APP006,2025-09-22,failed,879775.85,GBP,LATAM,CP0300,BOND,TDR0087,BOOK_C,2025-06-11
TXN0002050738,APP017,2026-03-08,pending,834286.22,EUR,EMEA,CP0402,EQUITY,TDR0198,BOOK_D,2025-01-19
TXN0009132721,APP001,2025-07-10,active,662750.8,JPY,EMEA,CP0243,BOND,TDR0088,BOOK_A,2025-12-21
TXN0006001432,APP015,2026-03-23,settled,825961.6,USD,LATAM,CP0057,BOND,TDR0061,BOOK_D,2026-03-24
TXN0004498723,APP008,2025-02-07,settled,394293.05,CHF,AMER,CP0440,SWAP,TDR0046,BOOK_A,2025-07-08
TXN0004176858,APP011,2025-05-08,failed,907543.45,USD,APAC,CP0165,FX,TDR0186,BOOK_D,2026-03-01
TXN0003802185,APP011,2025-05-27,pending,852114.91,JPY,EMEA,CP0103,BOND,TDR0074,BOOK_A,2025-11-03
TXN0004321508,APP020,2025-08-19,pending,401798.71,AUD,AMER,CP0445,OPTION,TDR0186,BOOK_B,2025-10-07
TXN0002753760,APP003,2025-08-20,reversed,109475.36,GBP,AMER,CP0017,SWAP,TDR0109,BOOK_D,2025-12-14
TXN0007606635,APP013,2025-06-21,reversed,424380.11,USD,AMER,CP0263,FUTURE,TDR0190,BOOK_B,2025-04-02
TXN0007308860,APP007,2025-07-08,failed,944524.44,CHF,AMER,CP0243,FUTURE,TDR0191,BOOK_A,2025-11-18
TXN0005777246,APP001,2025-02-05,reversed,705863.59,CHF,LATAM,CP0091,OPTION,TDR0072,BOOK_B,2025-09-04
TXN0008407280,APP012,2025-05-29,settled,503588.74,USD,APAC,CP0302,FUTURE,TDR0113,BOOK_D,2025-08-19
TXN0007493762,APP013,2026-02-14,settled,349416.17,GBP,LATAM,CP0211,BOND,TDR0124,BOOK_D,2025-10-29
TXN0009199288,APP007,2025-12-29,settled,298192.74,EUR,APAC,CP0069,BOND,TDR0200,BOOK_C,2026-03-20
TXN0006664407,APP009,2025-08-02,pending,274137.56,JPY,AMER,CP0292,EQUITY,TDR0113,BOOK_C,2025-05-28
TXN0009443898,APP016,2025-08-21,reversed,317050.09,AUD,LATAM,CP0169,BOND,TDR0080,BOOK_C,2025-10-19
TXN0007261915,APP012,2025-07-10,reversed,303169.38,EUR,EMEA,CP0278,FUTURE,TDR0138,BOOK_D,2025-01-24
TXN0009819331,APP009,2025-01-09,settled,833465.09,GBP,EMEA,CP0047,BOND,TDR0059,BOOK_D,2025-11-26
TXN0009121401,APP012,2025-10-23,failed,173947.08,USD,EMEA,CP0012,EQUITY,TDR0118,BOOK_D,2025-05-04
TXN0006020436,APP004,2025-01-27,active,285338.09,AUD,AMER,CP0234,FUTURE,TDR0149,BOOK_D,2026-01-23
TXN0008618431,APP009,2026-03-11,reversed,351555.27,AUD,AMER,CP0485,FX,TDR0140,BOOK_C,2025-08-02
TXN0002629902,APP012,2026-03-31,pending,11904.02,EUR,APAC,CP0337,SWAP,TDR0046,BOOK_C,2025-09-27
TXN0008226567,APP007,2026-02-18,failed,952593.41,GBP,APAC,CP0218,SWAP,TDR0081,BOOK_B,2025-07-19
TXN0004036932,APP005,2025-04-11,reversed,209819.42,GBP,EMEA,CP0030,OPTION,TDR0119,BOOK_C,2025-08-20
TXN0000324144,APP008,2025-02-08,active,249822.16,CHF,LATAM,CP0158,FUTURE,TDR0155,BOOK_B,2025-06-09
TXN0005670714,APP020,2026-01-22,failed,285382.78,AUD,AMER,CP0298,SWAP,TDR0059,BOOK_D,2026-01-18
TXN0005864627,APP007,2025-01-25,reversed,921862.65,AUD,LATAM,CP0447,OPTION,TDR0029,BOOK_A,2026-03-25
TXN0001860401,APP015,2025-04-17,active,225332.99,EUR,AMER,CP0353,BOND,TDR0022,BOOK_A,2025-09-02
TXN0007491306,APP005,2026-02-18,reversed,885742.53,CHF,EMEA,CP0079,FUTURE,TDR0188,BOOK_C,2026-03-20
TXN0009134187,APP007,2025-11-07,reversed,771395.29,GBP,AMER,CP0081,OPTION,TDR0055,BOOK_D,2025-06-01
TXN0002045557,APP015,2026-02-08,settled,165442.55,EUR,LATAM,CP0334,FX,TDR0123,BOOK_B,2025-03-27
TXN0008558948,APP008,2025-10-02,failed,904767.9,CHF,AMER,CP0484,OPTION,TDR0001,BOOK_C,2026-02-27
TXN0003167403,APP015,2025-07-26,failed,380699.2,CHF,AMER,CP0100,FUTURE,TDR0122,BOOK_C,2025-06-26
TXN0000815884,APP017,2025-01-27,failed,309207.53,GBP,AMER,CP0269,EQUITY,TDR0074,BOOK_B,2025-12-27
TXN0008107989,APP011,2025-08-31,pending,852456.58,JPY,LATAM,CP0029,FX,TDR0158,BOOK_C,2025-02-26
TXN0000920146,APP001,2025-12-16,active,682170.9,JPY,APAC,CP0280,FX,TDR0122,BOOK_D,2025-07-18
TXN0000195966,APP011,2025-05-18,active,154178.93,EUR,APAC,CP0224,FX,TDR0164,BOOK_A,2025-04-19
TXN0002783334,APP008,2026-03-20,settled,91078.58,CHF,EMEA,CP0056,OPTION,TDR0157,BOOK_A,2025-10-14
TXN0004752350,APP019,2025-10-09,failed,650991.18,JPY,APAC,CP0406,EQUITY,TDR0140,BOOK_C,2025-08-18
TXN0000548544,APP006,2025-11-22,settled,137274.17,GBP,AMER,CP0072,SWAP,TDR0086,BOOK_B,2025-10-17
TXN0008666603,APP008,2025-07-09,reversed,785034.43,CHF,LATAM,CP0067,FUTURE,TDR0066,BOOK_C,2025-01-28
TXN0006220636,APP013,2025-10-20,active,860888.08,EUR,AMER,CP0094,FX,TDR0168,BOOK_C,2025-12-16
TXN0002337413,APP010,2026-02-09,pending,699434.74,JPY,AMER,CP0279,FX,TDR0060,BOOK_D,2025-11-10
TXN0002540623,APP016,2025-08-08,settled,289047.92,GBP,AMER,CP0068,BOND,TDR0127,BOOK_D,2026-03-16
TXN0005823938,APP008,2025-06-20,failed,707255.0,AUD,AMER,CP0146,OPTION,TDR0136,BOOK_D,2025-12-18
TXN0003791165,APP005,2025-08-16,pending,98954.81,CHF,EMEA,CP0307,OPTION,TDR0168,BOOK_B,2025-03-13
TXN0008610903,APP015,2026-03-02,reversed,732179.88,EUR,LATAM,CP0243,EQUITY,TDR0061,BOOK_D,2025-12-29
TXN0003094377,APP018,2025-04-05,failed,306604.71,AUD,LATAM,CP0365,SWAP,TDR0160,BOOK_A,2026-01-27
TXN0009240436,APP015,2025-12-12,settled,163970.7,CHF,AMER,CP0303,FX,TDR0023,BOOK_A,2026-04-03
TXN0002624421,APP020,2026-01-12,active,874174.98,AUD,EMEA,CP0220,FX,TDR0114,BOOK_A,2025-09-07
TXN0002332827,APP008,2025-08-09,active,72466.58,GBP,LATAM,CP0328,EQUITY,TDR0164,BOOK_A,2025-05-22
TXN0009940905,APP012,2026-03-12,active,473714.65,USD,AMER,CP0076,OPTION,TDR0179,BOOK_A,2025-02-21
TXN0003178753,APP010,2025-07-29,failed,803461.31,CHF,LATAM,CP0248,EQUITY,TDR0161,BOOK_B,2025-10-04
TXN0008012699,APP004,2026-02-26,reversed,700899.57,GBP,EMEA,CP0420,FX,TDR0107,BOOK_A,2025-12-13
TXN0002905305,APP007,2026-03-29,settled,264042.11,AUD,LATAM,CP0235,EQUITY,TDR0078,BOOK_D,2025-05-03
TXN0007509139,APP018,2026-02-28,settled,51383.77,EUR,APAC,CP0487,EQUITY,TDR0149,BOOK_A,2025-10-12
TXN0005030589,APP008,2026-01-25,failed,173539.54,JPY,APAC,CP0285,FX,TDR0130,BOOK_D,2025-09-23
TXN0009738102,APP018,2025-03-25,reversed,936674.79,CHF,APAC,CP0429,EQUITY,TDR0084,BOOK_D,2025-05-24
TXN0007272678,APP007,2025-11-20,pending,454096.15,EUR,EMEA,CP0425,OPTION,TDR0081,BOOK_D,2025-12-04
TXN0000731165,APP019,2025-10-03,active,460131.04,JPY,APAC,CP0499,EQUITY,TDR0139,BOOK_D,2026-03-31
TXN0002473598,APP012,2025-11-15,active,668354.4,CHF,LATAM,CP0095,EQUITY,TDR0029,BOOK_D,2025-11-25
TXN0007271567,APP018,2026-02-15,reversed,849139.48,AUD,APAC,CP0479,EQUITY,TDR0029,BOOK_D,2025-03-01
TXN0002125001,APP018,2025-08-08,active,603049.11,EUR,AMER,CP0258,FX,TDR0175,BOOK_D,2025-05-19
TXN0004788282,APP001,2025-03-15,failed,239143.43,JPY,LATAM,CP0174,OPTION,TDR0002,BOOK_C,2025-08-03
TXN0009532420,APP018,2025-11-26,reversed,609669.31,AUD,EMEA,CP0239,BOND,TDR0171,BOOK_B,2026-04-07
TXN0007801130,APP020,2025-08-23,pending,254756.81,GBP,AMER,CP0393,SWAP,TDR0181,BOOK_D,2025-01-29
TXN0001330042,APP002,2026-04-06,reversed,538198.31,CHF,LATAM,CP0479,FUTURE,TDR0126,BOOK_C,2025-07-13
TXN0009326154,APP013,2025-08-04,reversed,142616.53,AUD,AMER,CP0117,OPTION,TDR0191,BOOK_D,2026-02-20
TXN0009127258,APP014,2026-02-21,reversed,979661.62,CHF,EMEA,CP0469,SWAP,TDR0117,BOOK_A,2025-03-21
TXN0006516742,APP016,2026-02-19,active,307387.75,AUD,EMEA,CP0303,SWAP,TDR0019,BOOK_D,2026-02-22
TXN0006710972,APP011,2025-12-09,settled,893522.15,USD,LATAM,CP0077,EQUITY,TDR0002,BOOK_B,2026-02-22
TXN0004813883,APP001,2025-06-19,failed,322350.22,EUR,EMEA,CP0291,EQUITY,TDR0029,BOOK_C,2025-07-12
TXN0003411987,APP009,2025-07-13,active,503362.59,JPY,LATAM,CP0049,FX,TDR0043,BOOK_B,2025-07-09
TXN0007904876,APP008,2026-03-30,failed,175433.64,JPY,APAC,CP0015,OPTION,TDR0117,BOOK_C,2025-07-24
TXN0000306486,APP019,2025-05-12,settled,83110.51,USD,APAC,CP0265,FX,TDR0154,BOOK_B,2025-07-22
TXN0008238276,APP016,2025-08-06,active,333432.88,JPY,AMER,CP0126,FUTURE,TDR0133,BOOK_D,2025-11-11
TXN0000760366,APP018,2025-08-05,failed,804289.91,JPY,AMER,CP0389,BOND,TDR0156,BOOK_C,2025-07-29
TXN0007827023,APP018,2026-02-22,failed,679239.31,JPY,LATAM,CP0342,FUTURE,TDR0102,BOOK_A,2025-08-11
TXN0004335411,APP001,2025-07-11,reversed,854514.74,EUR,APAC,CP0062,BOND,TDR0062,BOOK_C,2025-05-23
TXN0006049352,APP010,2025-01-08,active,785521.4,CHF,APAC,CP0221,FX,TDR0087,BOOK_D,2025-10-06
TXN0002450689,APP009,2025-08-28,pending,13803.39,CHF,AMER,CP0032,FUTURE,TDR0087,BOOK_D,2026-03-25
TXN0006971864,APP012,2026-01-04,active,501736.89,AUD,EMEA,CP0375,SWAP,TDR0155,BOOK_A,2025-05-24
TXN0004249368,APP006,2026-04-09,failed,924033.95,EUR,APAC,CP0106,FUTURE,TDR0196,BOOK_D,2025-08-23
TXN0005898425,APP018,2026-03-05,settled,709308.03,AUD,APAC,CP0374,BOND,TDR0122,BOOK_D,2026-03-01
TXN0008030423,APP014,2025-01-14,active,983854.57,JPY,LATAM,CP0006,OPTION,TDR0057,BOOK_B,2025-10-23
TXN0002686245,APP004,2026-01-13,reversed,752398.68,AUD,EMEA,CP0470,BOND,TDR0103,BOOK_B,2025-07-24
TXN0004879125,APP010,2025-04-15,reversed,560979.47,CHF,APAC,CP0326,SWAP,TDR0048,BOOK_A,2025-10-30
TXN0002299628,APP012,2025-07-01,active,226720.87,GBP,EMEA,CP0483,BOND,TDR0064,BOOK_A,2026-03-19
TXN0002908965,APP018,2025-09-30,reversed,623372.86,GBP,AMER,CP0255,FUTURE,TDR0048,BOOK_D,2025-02-01
TXN0008543534,APP013,2026-01-16,reversed,230351.04,EUR,EMEA,CP0203,SWAP,TDR0112,BOOK_A,2025-04-26
TXN0007920497,APP011,2025-03-22,reversed,306881.02,JPY,LATAM,CP0420,SWAP,TDR0048,BOOK_A,2025-08-30
TXN0001496810,APP007,2025-12-08,active,150187.39,GBP,AMER,CP0303,EQUITY,TDR0173,BOOK_B,2025-02-03
TXN0008096013,APP006,2025-03-19,settled,346245.08,AUD,AMER,CP0332,FX,TDR0155,BOOK_C,2025-03-13
TXN0006197884,APP003,2025-07-27,settled,878831.51,CHF,EMEA,CP0235,SWAP,TDR0074,BOOK_C,2025-10-16
TXN0003720732,APP011,2025-07-14,pending,759416.43,USD,EMEA,CP0145,SWAP,TDR0059,BOOK_D,2025-12-02
TXN0008142249,APP009,2025-08-07,active,845361.41,EUR,LATAM,CP0240,EQUITY,TDR0046,BOOK_A,2026-01-20
TXN0003423522,APP017,2025-04-19,failed,733487.31,GBP,EMEA,CP0134,FUTURE,TDR0004,BOOK_B,2026-03-30
TXN0004854875,APP004,2026-04-14,active,653612.5,EUR,LATAM,CP0012,FUTURE,TDR0098,BOOK_C,2025-07-12
TXN0008559242,APP005,2025-11-09,pending,294149.99,USD,APAC,CP0486,BOND,TDR0082,BOOK_B,2025-10-10
TXN0008922121,APP005,2025-09-02,settled,987636.2,USD,EMEA,CP0405,FX,TDR0053,BOOK_D,2025-12-17
TXN0002123078,APP005,2025-05-01,reversed,85355.04,JPY,EMEA,CP0056,BOND,TDR0101,BOOK_A,2025-01-08
TXN0001205929,APP013,2025-06-21,reversed,626253.48,GBP,LATAM,CP0101,FX,TDR0126,BOOK_C,2025-12-20
TXN0004397492,APP004,2025-04-09,failed,725238.89,CHF,EMEA,CP0111,SWAP,TDR0019,BOOK_B,2025-02-24
TXN0006167234,APP002,2025-01-12,settled,646036.46,JPY,LATAM,CP0101,BOND,TDR0006,BOOK_D,2026-03-03
TXN0000242218,APP016,2026-01-04,active,658321.38,CHF,APAC,CP0339,SWAP,TDR0108,BOOK_C,2025-05-29
TXN0007254609,APP014,2025-12-10,pending,997905.53,AUD,LATAM,CP0128,OPTION,TDR0068,BOOK_C,2025-04-11
TXN0003998331,APP018,2025-12-11,reversed,777635.24,EUR,LATAM,CP0227,BOND,TDR0138,BOOK_A,2025-12-17
TXN0009504155,APP010,2025-11-10,failed,251465.82,USD,EMEA,CP0014,OPTION,TDR0180,BOOK_C,2026-04-12
TXN0008375794,APP012,2026-02-03,active,278831.0,CHF,APAC,CP0295,FUTURE,TDR0075,BOOK_A,2025-07-22
TXN0003845860,APP018,2025-05-15,failed,864122.57,EUR,APAC,CP0466,SWAP,TDR0160,BOOK_A,2026-01-28
TXN0000574923,APP009,2025-01-04,failed,282296.48,JPY,APAC,CP0290,FX,TDR0075,BOOK_B,2025-11-27
TXN0005415396,APP009,2026-04-12,settled,153400.18,GBP,EMEA,CP0052,SWAP,TDR0175,BOOK_B,2026-02-08
TXN0000301817,APP006,2025-01-22,settled,939539.57,AUD,APAC,CP0369,FX,TDR0123,BOOK_A,2026-03-17
TXN0002051823,APP016,2025-04-11,pending,352274.01,EUR,AMER,CP0193,BOND,TDR0002,BOOK_D,2025-12-24
TXN0009917849,APP006,2025-10-31,failed,4812.86,GBP,LATAM,CP0459,SWAP,TDR0189,BOOK_D,2025-03-01
TXN0002691268,APP009,2026-01-18,pending,771942.68,EUR,APAC,CP0245,EQUITY,TDR0113,BOOK_A,2025-07-08
TXN0003389938,APP008,2025-03-07,pending,82681.69,AUD,APAC,CP0437,BOND,TDR0022,BOOK_D,2025-07-14
TXN0003207347,APP012,2025-08-20,failed,671473.36,USD,APAC,CP0028,BOND,TDR0039,BOOK_A,2025-09-01
TXN0000760287,APP004,2025-03-25,pending,345411.22,JPY,APAC,CP0480,FUTURE,TDR0185,BOOK_D,2026-03-29
TXN0003903532,APP008,2025-12-24,failed,959192.44,GBP,APAC,CP0475,FUTURE,TDR0181,BOOK_A,2025-11-18
TXN0006078738,APP005,2026-01-01,settled,613389.99,CHF,EMEA,CP0039,OPTION,TDR0127,BOOK_D,2025-11-05
TXN0004587310,APP001,2025-04-03,reversed,696523.65,JPY,AMER,CP0336,OPTION,TDR0070,BOOK_A,2025-12-25
TXN0008707011,APP009,2026-03-27,pending,998848.45,JPY,AMER,CP0170,EQUITY,TDR0100,BOOK_B,2025-05-13
TXN0007476500,APP015,2026-03-17,failed,949882.53,CHF,LATAM,CP0084,SWAP,TDR0129,BOOK_B,2026-04-01
TXN0004699198,APP017,2026-04-01,failed,332976.92,CHF,LATAM,CP0456,FUTURE,TDR0002,BOOK_B,2026-02-27
TXN0006387750,APP003,2025-08-22,pending,887282.71,JPY,EMEA,CP0238,BOND,TDR0011,BOOK_A,2025-05-22
TXN0005947107,APP019,2025-02-24,pending,744922.91,USD,LATAM,CP0417,FUTURE,TDR0123,BOOK_C,2025-09-15
TXN0006441975,APP020,2025-11-25,reversed,889324.82,EUR,AMER,CP0357,SWAP,TDR0041,BOOK_D,2025-05-03
TXN0004997310,APP009,2025-04-23,reversed,433709.91,JPY,AMER,CP0064,SWAP,TDR0064,BOOK_C,2026-03-12
TXN0008790525,APP011,2026-01-14,reversed,687212.64,GBP,AMER,CP0080,EQUITY,TDR0055,BOOK_C,2026-03-03
TXN0000452724,APP003,2025-07-24,settled,972614.82,EUR,AMER,CP0472,EQUITY,TDR0033,BOOK_D,2025-01-08
TXN0002749095,APP010,2025-12-29,failed,384627.46,EUR,EMEA,CP0464,EQUITY,TDR0151,BOOK_A,2026-01-04
TXN0004890699,APP007,2025-04-02,settled,562684.63,GBP,LATAM,CP0075,OPTION,TDR0184,BOOK_D,2026-03-22
TXN0007020906,APP002,2025-12-20,reversed,472903.65,JPY,APAC,CP0043,SWAP,TDR0097,BOOK_C,2025-05-06
TXN0007668618,APP017,2025-03-21,pending,546531.71,CHF,EMEA,CP0070,BOND,TDR0039,BOOK_C,2025-04-30
TXN0002945222,APP003,2026-03-06,failed,514571.04,GBP,APAC,CP0300,EQUITY,TDR0193,BOOK_A,2025-07-02
TXN0000806607,APP001,2025-01-24,failed,776682.31,EUR,AMER,CP0114,OPTION,TDR0104,BOOK_C,2025-06-28
TXN0008008876,APP006,2025-10-12,pending,908670.29,JPY,AMER,CP0476,OPTION,TDR0147,BOOK_B,2025-02-23
TXN0005406933,APP018,2025-06-17,failed,272812.52,GBP,APAC,CP0027,FX,TDR0131,BOOK_D,2025-11-12
TXN0003864976,APP020,2025-05-03,failed,913187.94,JPY,LATAM,CP0053,FUTURE,TDR0014,BOOK_A,2026-04-08
TXN0001863296,APP008,2025-09-11,reversed,595241.45,CHF,AMER,CP0004,OPTION,TDR0127,BOOK_D,2025-02-20
TXN0009856681,APP003,2025-08-09,failed,43406.3,GBP,LATAM,CP0041,OPTION,TDR0130,BOOK_D,2025-05-16
TXN0002900930,APP011,2025-09-13,settled,368412.93,EUR,APAC,CP0074,SWAP,TDR0032,BOOK_D,2025-02-15
TXN0007744143,APP004,2025-03-27,failed,806477.44,GBP,AMER,CP0297,BOND,TDR0073,BOOK_B,2025-02-20
TXN0004016131,APP017,2025-09-08,pending,294669.67,EUR,APAC,CP0270,EQUITY,TDR0038,BOOK_C,2025-11-01
TXN0007477993,APP019,2025-09-02,pending,575409.9,AUD,EMEA,CP0260,BOND,TDR0049,BOOK_C,2025-07-03
TXN0008559674,APP012,2025-08-30,active,518458.83,JPY,AMER,CP0345,OPTION,TDR0119,BOOK_D,2026-03-08
TXN0001551116,APP008,2025-05-14,active,10093.64,GBP,EMEA,CP0279,BOND,TDR0188,BOOK_D,2025-04-12
TXN0008614324,APP020,2025-10-11,active,252544.41,AUD,AMER,CP0105,EQUITY,TDR0044,BOOK_A,2025-04-03
TXN0009516002,APP019,2025-10-12,active,341355.89,USD,APAC,CP0412,FX,TDR0113,BOOK_A,2025-08-25
TXN0002143196,APP015,2025-03-20,pending,942032.81,JPY,EMEA,CP0251,FUTURE,TDR0198,BOOK_B,2025-04-15
TXN0002737952,APP006,2026-01-19,failed,487648.46,JPY,AMER,CP0452,FUTURE,TDR0014,BOOK_C,2026-02-13
TXN0003840786,APP005,2026-02-23,pending,371108.15,CHF,APAC,CP0385,BOND,TDR0195,BOOK_A,2025-02-18
TXN0006071799,APP002,2025-03-28,active,140909.54,JPY,EMEA,CP0476,FUTURE,TDR0169,BOOK_C,2025-11-29
TXN0001779142,APP009,2025-08-19,settled,621472.08,EUR,AMER,CP0318,FUTURE,TDR0110,BOOK_A,2025-04-27
TXN0002208339,APP001,2025-12-10,failed,685099.18,CHF,AMER,CP0063,FX,TDR0124,BOOK_D,2025-10-23
TXN0008050833,APP018,2025-06-29,failed,520762.73,USD,AMER,CP0402,EQUITY,TDR0058,BOOK_B,2025-04-26
TXN0007770824,APP020,2025-03-10,active,148976.86,AUD,LATAM,CP0493,FX,TDR0056,BOOK_B,2025-12-03
TXN0000948086,APP009,2025-03-15,reversed,552035.64,JPY,LATAM,CP0360,BOND,TDR0092,BOOK_C,2026-02-18
TXN0007286910,APP007,2025-10-10,active,452432.14,CHF,LATAM,CP0492,FUTURE,TDR0066,BOOK_A,2025-02-14
TXN0005920659,APP005,2025-06-23,settled,581763.05,USD,APAC,CP0077,OPTION,TDR0005,BOOK_B,2025-04-05
TXN0007212776,APP017,2026-01-27,settled,596506.99,CHF,EMEA,CP0084,FX,TDR0111,BOOK_D,2025-08-13
TXN0005717447,APP003,2025-04-29,pending,214169.41,AUD,LATAM,CP0162,FX,TDR0156,BOOK_A,2025-12-03
TXN0009928243,APP005,2025-11-23,pending,435630.27,USD,LATAM,CP0258,OPTION,TDR0174,BOOK_C,2025-09-25
TXN0006752098,APP010,2025-01-26,failed,403463.21,EUR,APAC,CP0008,EQUITY,TDR0017,BOOK_C,2025-08-11
TXN0004985083,APP019,2025-09-21,failed,611645.33,EUR,LATAM,CP0058,OPTION,TDR0033,BOOK_A,2026-03-27
TXN0007947672,APP011,2026-03-20,reversed,595170.03,USD,AMER,CP0218,OPTION,TDR0080,BOOK_D,2025-11-04
TXN0005722018,APP015,2025-12-17,reversed,505397.67,JPY,AMER,CP0472,EQUITY,TDR0093,BOOK_B,2025-07-28
TXN0000052845,APP014,2025-04-25,failed,128051.87,USD,EMEA,CP0466,BOND,TDR0170,BOOK_C,2025-12-07
TXN0009055117,APP019,2025-01-25,failed,723843.66,AUD,EMEA,CP0276,EQUITY,TDR0007,BOOK_C,2025-02-17
TXN0008016325,APP003,2025-11-11,pending,651420.61,USD,AMER,CP0221,SWAP,TDR0159,BOOK_A,2025-04-23
TXN0003379059,APP015,2025-09-16,reversed,956403.67,JPY,APAC,CP0391,BOND,TDR0102,BOOK_B,2026-01-15
TXN0005140026,APP010,2025-05-25,active,267555.54,AUD,LATAM,CP0305,OPTION,TDR0163,BOOK_A,2025-11-08
TXN0006720391,APP003,2025-05-07,settled,652124.98,AUD,LATAM,CP0308,OPTION,TDR0179,BOOK_B,2025-08-08
TXN0004922644,APP012,2025-04-28,active,33810.37,CHF,EMEA,CP0478,BOND,TDR0097,BOOK_C,2026-04-05
TXN0001810878,APP015,2025-11-19,reversed,192712.91,USD,AMER,CP0067,OPTION,TDR0081,BOOK_B,2025-12-17
TXN0008236267,APP016,2025-12-12,settled,520353.54,GBP,APAC,CP0177,FUTURE,TDR0012,BOOK_B,2025-01-23
TXN0007350545,APP003,2025-06-08,pending,121583.95,USD,AMER,CP0274,SWAP,TDR0129,BOOK_C,2026-02-05
TXN0004621515,APP011,2026-03-16,reversed,267992.41,USD,LATAM,CP0119,BOND,TDR0054,BOOK_D,2025-10-30
TXN0000985427,APP009,2025-03-25,settled,222808.91,USD,AMER,CP0386,OPTION,TDR0099,BOOK_A,2025-08-20
TXN0003716672,APP008,2026-02-08,settled,854257.73,CHF,AMER,CP0443,SWAP,TDR0178,BOOK_D,2025-06-07
TXN0005603283,APP012,2026-03-30,active,511506.1,GBP,APAC,CP0214,OPTION,TDR0182,BOOK_A,2025-07-11
TXN0008027209,APP017,2025-07-06,failed,36422.36,CHF,APAC,CP0099,BOND,TDR0020,BOOK_B,2025-11-28
TXN0004727904,APP003,2025-07-11,active,422126.17,AUD,AMER,CP0081,EQUITY,TDR0155,BOOK_A,2025-07-04
TXN0008595814,APP001,2025-04-14,active,256346.28,JPY,APAC,CP0387,BOND,TDR0132,BOOK_A,2025-09-12
TXN0000748747,APP017,2025-09-03,reversed,871939.84,CHF,APAC,CP0307,FUTURE,TDR0057,BOOK_C,2025-04-24
TXN0004152741,APP005,2026-01-03,reversed,877941.61,CHF,LATAM,CP0402,SWAP,TDR0186,BOOK_D,2025-11-18
TXN0007645298,APP019,2026-03-10,settled,52813.52,GBP,APAC,CP0068,FX,TDR0068,BOOK_C,2025-04-06
TXN0002624285,APP010,2025-09-10,failed,558196.08,AUD,APAC,CP0356,SWAP,TDR0133,BOOK_A,2025-09-01
TXN0004611341,APP008,2025-02-22,settled,904833.36,AUD,EMEA,CP0435,BOND,TDR0104,BOOK_C,2025-03-29
TXN0007303648,APP006,2025-08-26,active,974762.92,EUR,AMER,CP0456,FUTURE,TDR0147,BOOK_B,2025-07-02
TXN0007683719,APP019,2025-10-18,reversed,967052.88,CHF,LATAM,CP0064,FUTURE,TDR0138,BOOK_A,2025-10-14
TXN0004088392,APP009,2025-12-23,active,548606.61,JPY,LATAM,CP0409,OPTION,TDR0130,BOOK_D,2026-02-28
TXN0004974761,APP015,2025-11-22,pending,681384.07,GBP,EMEA,CP0291,BOND,TDR0196,BOOK_A,2025-07-16
TXN0009066898,APP018,2025-06-27,reversed,642546.92,JPY,AMER,CP0458,SWAP,TDR0104,BOOK_A,2025-04-01
TXN0002594474,APP016,2026-02-08,settled,505297.81,USD,LATAM,CP0487,BOND,TDR0160,BOOK_C,2025-09-13
TXN0004604395,APP001,2025-07-27,pending,272717.14,CHF,EMEA,CP0390,FUTURE,TDR0068,BOOK_D,2025-07-26
TXN0005489782,APP016,2025-05-24,failed,633354.52,JPY,LATAM,CP0419,FUTURE,TDR0116,BOOK_C,2026-04-03
TXN0001696880,APP005,2026-02-25,reversed,742103.94,JPY,EMEA,CP0238,BOND,TDR0187,BOOK_A,2026-03-07
TXN0007618025,APP015,2025-08-25,pending,48984.85,USD,EMEA,CP0429,BOND,TDR0157,BOOK_D,2025-02-05
TXN0001896003,APP017,2025-04-26,settled,282561.19,CHF,APAC,CP0215,OPTION,TDR0038,BOOK_B,2026-04-07
TXN0006703831,APP020,2026-01-19,failed,597788.28,CHF,LATAM,CP0175,SWAP,TDR0041,BOOK_B,2026-03-31
TXN0006434344,APP009,2026-03-18,failed,874933.67,CHF,LATAM,CP0166,EQUITY,TDR0007,BOOK_D,2026-02-12
TXN0003223382,APP006,2025-02-16,reversed,28073.65,USD,LATAM,CP0402,BOND,TDR0194,BOOK_B,2025-12-06
TXN0002677425,APP005,2025-03-23,failed,543966.91,CHF,EMEA,CP0180,BOND,TDR0126,BOOK_B,2025-12-07
TXN0000442194,APP012,2025-05-31,settled,391690.55,EUR,EMEA,CP0467,EQUITY,TDR0149,BOOK_B,2026-03-17
TXN0007233514,APP003,2025-01-06,pending,179906.05,GBP,AMER,CP0072,FUTURE,TDR0015,BOOK_C,2025-02-21
TXN0003977879,APP005,2025-02-15,reversed,207271.65,AUD,AMER,CP0374,FX,TDR0035,BOOK_B,2026-03-09
TXN0000573011,APP013,2025-12-10,active,640449.45,USD,APAC,CP0232,FUTURE,TDR0152,BOOK_B,2026-02-28
TXN0006798375,APP005,2026-01-19,active,536934.28,AUD,APAC,CP0158,FX,TDR0097,BOOK_C,2025-06-12
TXN0005292876,APP003,2025-09-14,pending,114318.77,EUR,AMER,CP0301,OPTION,TDR0084,BOOK_D,2026-02-25
TXN0007187976,APP015,2025-11-24,active,344168.85,CHF,EMEA,CP0477,FUTURE,TDR0170,BOOK_B,2026-04-14
TXN0003356720,APP011,2025-03-29,pending,809386.73,GBP,LATAM,CP0328,SWAP,TDR0162,BOOK_A,2025-01-20
TXN0009279385,APP007,2025-01-21,pending,506443.19,GBP,LATAM,CP0471,OPTION,TDR0178,BOOK_C,2026-01-16
TXN0003841332,APP016,2025-10-27,pending,705390.4,EUR,EMEA,CP0289,SWAP,TDR0037,BOOK_B,2025-04-12
TXN0001546022,APP015,2025-05-05,active,910212.94,USD,LATAM,CP0240,EQUITY,TDR0119,BOOK_D,2025-04-25
TXN0001867606,APP018,2025-07-14,reversed,200501.74,AUD,APAC,CP0387,SWAP,TDR0186,BOOK_A,2026-04-05
TXN0003598751,APP012,2025-10-27,pending,308543.76,AUD,EMEA,CP0170,SWAP,TDR0147,BOOK_C,2025-03-12
TXN0006115049,APP001,2026-01-05,pending,156796.24,JPY,APAC,CP0334,EQUITY,TDR0122,BOOK_C,2025-03-18
TXN0005976470,APP001,2025-01-12,settled,660957.09,CHF,LATAM,CP0018,EQUITY,TDR0105,BOOK_D,2025-10-02
TXN0003306390,APP020,2025-02-11,settled,701164.88,AUD,EMEA,CP0137,EQUITY,TDR0174,BOOK_A,2025-12-27
TXN0003612313,APP009,2025-05-08,failed,615050.01,GBP,AMER,CP0262,EQUITY,TDR0159,BOOK_C,2026-01-11
TXN0007148913,APP017,2025-08-21,active,299412.7,CHF,APAC,CP0368,FX,TDR0130,BOOK_B,2025-05-17
TXN0004855166,APP004,2025-10-14,reversed,862541.71,GBP,LATAM,CP0074,FUTURE,TDR0195,BOOK_D,2026-02-04
TXN0002370120,APP011,2025-05-03,failed,740964.83,USD,EMEA,CP0111,FUTURE,TDR0070,BOOK_A,2025-03-10
TXN0008389051,APP013,2025-07-24,reversed,989660.24,AUD,AMER,CP0225,OPTION,TDR0024,BOOK_A,2026-02-23
TXN0009620666,APP007,2025-09-03,settled,887606.13,AUD,APAC,CP0334,OPTION,TDR0152,BOOK_B,2025-11-27
TXN0007313522,APP018,2025-02-14,active,643499.86,USD,EMEA,CP0072,FX,TDR0146,BOOK_B,2025-04-15
TXN0009276037,APP017,2025-01-06,failed,974566.4,JPY,APAC,CP0461,FX,TDR0110,BOOK_B,2025-05-16
TXN0003131414,APP002,2025-01-17,settled,971113.26,GBP,EMEA,CP0183,FX,TDR0108,BOOK_B,2025-04-29
TXN0006578629,APP007,2025-08-15,pending,874273.21,JPY,AMER,CP0277,SWAP,TDR0063,BOOK_A,2025-01-16
TXN0007685590,APP013,2025-01-24,reversed,507129.38,EUR,LATAM,CP0379,FX,TDR0197,BOOK_C,2025-09-01
TXN0005191626,APP019,2025-06-11,active,331717.79,CHF,LATAM,CP0043,OPTION,TDR0044,BOOK_C,2026-04-13
TXN0006777750,APP010,2025-03-03,reversed,357640.54,EUR,APAC,CP0117,EQUITY,TDR0040,BOOK_A,2025-04-14
TXN0009584474,APP001,2026-01-08,settled,311605.19,EUR,AMER,CP0115,SWAP,TDR0088,BOOK_A,2026-02-22
TXN0009478207,APP017,2026-04-04,pending,974664.81,USD,AMER,CP0144,SWAP,TDR0008,BOOK_A,2026-01-17
TXN0001468378,APP020,2025-02-28,reversed,450996.32,GBP,EMEA,CP0035,FX,TDR0138,BOOK_D,2026-02-16
TXN0007232023,APP017,2025-02-27,active,817740.19,CHF,LATAM,CP0269,SWAP,TDR0158,BOOK_D,2025-12-20
TXN0005584757,APP003,2026-01-24,failed,960629.6,AUD,EMEA,CP0386,FX,TDR0047,BOOK_C,2026-02-06
TXN0009947140,APP005,2025-04-08,settled,182101.76,EUR,AMER,CP0425,EQUITY,TDR0016,BOOK_C,2025-05-25
TXN0003591999,APP013,2025-10-26,failed,725316.38,AUD,APAC,CP0305,FX,TDR0020,BOOK_C,2025-08-13
TXN0007431091,APP012,2025-06-23,settled,825199.19,JPY,APAC,CP0265,FX,TDR0035,BOOK_B,2025-03-31
TXN0004189877,APP014,2025-10-23,reversed,305642.91,GBP,EMEA,CP0284,BOND,TDR0095,BOOK_D,2026-03-28
TXN0000045563,APP003,2025-03-21,reversed,244215.98,EUR,APAC,CP0208,FUTURE,TDR0051,BOOK_C,2025-08-05
TXN0009594979,APP009,2025-01-21,settled,797117.92,GBP,EMEA,CP0262,SWAP,TDR0135,BOOK_C,2025-03-25
TXN0009612386,APP008,2026-03-23,reversed,35299.25,CHF,AMER,CP0398,FX,TDR0151,BOOK_B,2025-10-25
TXN0004865360,APP010,2025-12-19,settled,632341.23,EUR,APAC,CP0321,FUTURE,TDR0015,BOOK_A,2025-11-17
TXN0004067590,APP015,2026-01-28,reversed,829541.04,GBP,LATAM,CP0377,SWAP,TDR0004,BOOK_B,2025-02-17
TXN0001706777,APP008,2025-04-30,reversed,946490.27,JPY,AMER,CP0303,SWAP,TDR0166,BOOK_C,2026-03-23
TXN0006578117,APP016,2026-01-12,active,625340.74,AUD,LATAM,CP0213,FX,TDR0021,BOOK_A,2025-07-21
TXN0000111811,APP005,2025-06-29,pending,478327.21,AUD,LATAM,CP0088,SWAP,TDR0102,BOOK_C,2025-06-02
TXN0009874713,APP015,2025-06-18,failed,109533.74,GBP,LATAM,CP0384,SWAP,TDR0038,BOOK_C,2025-06-25
TXN0005409851,APP015,2025-05-18,failed,823722.28,JPY,LATAM,CP0162,FUTURE,TDR0189,BOOK_C,2025-05-27
TXN0001761841,APP008,2025-12-02,reversed,591668.56,AUD,EMEA,CP0053,BOND,TDR0073,BOOK_D,2025-03-16
TXN0005747301,APP001,2025-03-13,active,994331.92,AUD,EMEA,CP0342,SWAP,TDR0084,BOOK_D,2025-08-06
TXN0008746159,APP017,2026-04-13,active,677161.94,EUR,EMEA,CP0008,BOND,TDR0141,BOOK_C,2026-02-04
TXN0003803402,APP015,2025-01-23,settled,73176.96,CHF,LATAM,CP0448,SWAP,TDR0097,BOOK_B,2025-03-08
TXN0000667662,APP013,2025-02-11,pending,291225.04,EUR,LATAM,CP0033,FX,TDR0074,BOOK_C,2025-09-28
TXN0003427128,APP018,2026-02-18,pending,139817.85,USD,EMEA,CP0056,FX,TDR0012,BOOK_D,2025-11-21
TXN0001454989,APP005,2026-03-28,failed,142296.74,AUD,LATAM,CP0495,EQUITY,TDR0194,BOOK_B,2025-04-06
TXN0006346503,APP003,2025-05-20,reversed,415873.54,GBP,LATAM,CP0117,FX,TDR0088,BOOK_B,2025-02-21
TXN0001796060,APP019,2025-02-20,reversed,301302.23,JPY,APAC,CP0078,FUTURE,TDR0115,BOOK_D,2025-01-03
TXN0008909788,APP002,2025-06-17,failed,429748.12,AUD,AMER,CP0219,EQUITY,TDR0104,BOOK_B,2025-09-15
TXN0001812426,APP004,2026-01-15,active,320201.46,EUR,EMEA,CP0309,FUTURE,TDR0064,BOOK_A,2025-09-27
TXN0001100372,APP014,2025-11-11,active,76910.58,AUD,EMEA,CP0089,FUTURE,TDR0111,BOOK_C,2025-01-28
TXN0003169662,APP006,2025-05-04,pending,620457.53,JPY,EMEA,CP0205,OPTION,TDR0099,BOOK_A,2025-10-04
TXN0002990877,APP013,2025-06-17,failed,659001.69,JPY,LATAM,CP0459,FUTURE,TDR0079,BOOK_B,2025-10-27
TXN0009712198,APP010,2025-01-03,active,879543.5,AUD,AMER,CP0102,EQUITY,TDR0132,BOOK_D,2026-04-07
TXN0003862619,APP015,2025-12-31,reversed,615151.22,EUR,AMER,CP0050,SWAP,TDR0088,BOOK_A,2025-10-12
TXN0004144928,APP019,2025-01-15,pending,827030.44,USD,LATAM,CP0306,SWAP,TDR0038,BOOK_D,2025-04-10
TXN0003447787,APP014,2025-11-15,settled,56045.05,USD,APAC,CP0026,OPTION,TDR0176,BOOK_A,2025-04-21
TXN0002995649,APP008,2025-02-07,settled,72182.89,USD,EMEA,CP0149,FX,TDR0148,BOOK_D,2025-12-17
TXN0003826081,APP003,2026-02-23,pending,740124.01,AUD,EMEA,CP0069,FX,TDR0010,BOOK_C,2026-03-29
TXN0003233870,APP001,2026-01-09,settled,540927.54,USD,AMER,CP0314,SWAP,TDR0095,BOOK_C,2025-04-12
TXN0008951588,APP016,2025-09-04,active,388107.78,USD,APAC,CP0162,EQUITY,TDR0051,BOOK_D,2025-10-21
TXN0000635824,APP009,2026-01-06,pending,580414.76,JPY,LATAM,CP0355,OPTION,TDR0058,BOOK_B,2025-11-10
TXN0007300312,APP019,2025-05-11,reversed,2564.26,EUR,LATAM,CP0378,OPTION,TDR0101,BOOK_C,2026-04-02
TXN0005164374,APP011,2025-04-19,pending,695498.73,JPY,EMEA,CP0246,EQUITY,TDR0155,BOOK_A,2025-04-23
TXN0000334810,APP003,2025-02-14,active,433827.7,CHF,LATAM,CP0486,BOND,TDR0003,BOOK_C,2025-02-28
TXN0005441819,APP002,2025-07-08,pending,573228.72,GBP,EMEA,CP0218,OPTION,TDR0141,BOOK_C,2025-12-17
TXN0007625865,APP014,2025-11-16,reversed,163604.75,USD,LATAM,CP0190,FX,TDR0034,BOOK_D,2025-07-16
TXN0007737135,APP001,2025-01-25,pending,778970.01,EUR,LATAM,CP0311,FUTURE,TDR0195,BOOK_A,2025-04-21
TXN0004798942,APP015,2026-03-26,active,538672.61,GBP,APAC,CP0199,SWAP,TDR0091,BOOK_B,2025-12-05
TXN0001759714,APP007,2025-05-11,pending,365232.26,JPY,LATAM,CP0454,EQUITY,TDR0123,BOOK_D,2025-02-15
TXN0008996841,APP003,2025-10-08,failed,665833.72,USD,EMEA,CP0166,OPTION,TDR0073,BOOK_A,2026-03-15
TXN0002069146,APP019,2025-04-18,pending,886340.15,USD,APAC,CP0043,FUTURE,TDR0171,BOOK_B,2025-06-12
TXN0008745104,APP013,2025-02-08,pending,241040.97,AUD,LATAM,CP0245,EQUITY,TDR0045,BOOK_A,2025-01-27
TXN0003464035,APP007,2025-12-20,reversed,499288.87,AUD,LATAM,CP0186,SWAP,TDR0199,BOOK_A,2026-02-03
TXN0008484614,APP007,2025-01-13,failed,75775.72,JPY,APAC,CP0476,BOND,TDR0182,BOOK_D,2026-04-04
TXN0006110517,APP009,2026-03-17,reversed,777274.88,JPY,AMER,CP0463,EQUITY,TDR0164,BOOK_B,2026-01-10
TXN0000698456,APP001,2025-07-04,active,176603.06,GBP,APAC,CP0102,FUTURE,TDR0162,BOOK_D,2025-08-24
TXN0006035499,APP018,2025-09-22,active,198870.12,EUR,EMEA,CP0496,FUTURE,TDR0061,BOOK_D,2025-02-15
TXN0009467305,APP006,2025-06-23,failed,352875.2,CHF,AMER,CP0199,EQUITY,TDR0038,BOOK_D,2026-04-05
TXN0009865654,APP004,2025-02-10,reversed,936753.26,CHF,AMER,CP0385,BOND,TDR0015,BOOK_B,2026-01-14
TXN0009356771,APP011,2026-02-07,failed,60551.31,JPY,AMER,CP0375,SWAP,TDR0037,BOOK_D,2025-02-22
TXN0007451171,APP017,2025-11-01,active,931122.7,GBP,APAC,CP0299,OPTION,TDR0108,BOOK_D,2025-07-16
TXN0002896602,APP013,2025-05-09,pending,982213.1,USD,APAC,CP0437,EQUITY,TDR0074,BOOK_B,2025-11-09
TXN0007849265,APP019,2025-12-02,reversed,342153.77,JPY,LATAM,CP0337,EQUITY,TDR0007,BOOK_D,2026-02-23
TXN0008452005,APP018,2026-02-03,reversed,915510.75,USD,AMER,CP0391,BOND,TDR0035,BOOK_B,2025-10-07
TXN0001777412,APP020,2025-01-28,reversed,164184.95,CHF,LATAM,CP0292,FUTURE,TDR0009,BOOK_D,2026-02-15
TXN0008974651,APP010,2025-04-17,pending,994741.6,CHF,APAC,CP0121,FX,TDR0090,BOOK_B,2025-09-07
TXN0006278515,APP003,2025-07-22,pending,321637.05,GBP,APAC,CP0489,BOND,TDR0196,BOOK_A,2025-05-20
TXN0003551367,APP010,2025-03-15,failed,633355.39,CHF,LATAM,CP0131,OPTION,TDR0087,BOOK_C,2026-01-11
TXN0003402151,APP003,2025-09-29,active,79615.88,AUD,APAC,CP0188,FX,TDR0094,BOOK_D,2026-01-15
TXN0002941375,APP005,2025-12-09,reversed,794142.83,USD,AMER,CP0291,FUTURE,TDR0098,BOOK_A,2025-01-30
TXN0005149980,APP014,2025-12-16,pending,767701.43,JPY,EMEA,CP0333,EQUITY,TDR0181,BOOK_A,2025-10-29
TXN0007241046,APP007,2025-05-18,failed,800777.99,USD,APAC,CP0245,FUTURE,TDR0157,BOOK_D,2025-02-18
TXN0001312780,APP013,2025-01-18,failed,732885.03,USD,AMER,CP0388,EQUITY,TDR0140,BOOK_D,2025-06-07
TXN0002318742,APP007,2025-05-03,reversed,346828.8,CHF,APAC,CP0325,EQUITY,TDR0117,BOOK_C,2025-11-21
TXN0000749516,APP013,2025-07-22,active,621728.65,CHF,APAC,CP0352,SWAP,TDR0177,BOOK_D,2025-03-24
TXN0006668298,APP006,2026-02-06,settled,869047.82,USD,LATAM,CP0315,SWAP,TDR0059,BOOK_A,2026-03-28
TXN0001113491,APP016,2025-10-17,failed,926897.44,AUD,AMER,CP0191,FX,TDR0116,BOOK_B,2025-04-10
TXN0009280805,APP016,2026-02-10,pending,973163.83,GBP,AMER,CP0262,FUTURE,TDR0138,BOOK_C,2025-06-07
TXN0003353176,APP009,2025-08-10,failed,296797.63,USD,EMEA,CP0271,BOND,TDR0079,BOOK_A,2025-04-26
TXN0003039059,APP011,2025-10-03,pending,690944.17,EUR,EMEA,CP0203,EQUITY,TDR0122,BOOK_C,2025-02-26
TXN0004611671,APP009,2025-12-22,active,942139.95,EUR,AMER,CP0153,FUTURE,TDR0132,BOOK_C,2025-04-20
TXN0009217313,APP011,2025-01-09,failed,48308.05,JPY,AMER,CP0490,BOND,TDR0124,BOOK_B,2025-03-30
TXN0007036728,APP010,2025-10-30,settled,620803.85,GBP,EMEA,CP0057,EQUITY,TDR0103,BOOK_A,2025-02-17
TXN0006970090,APP019,2025-10-06,settled,945375.32,JPY,EMEA,CP0047,FX,TDR0059,BOOK_B,2026-01-23
TXN0003173401,APP010,2025-06-13,reversed,843386.44,AUD,APAC,CP0164,FX,TDR0092,BOOK_B,2025-05-15
TXN0002286256,APP010,2025-07-28,reversed,883824.47,GBP,LATAM,CP0183,BOND,TDR0134,BOOK_A,2026-03-01
TXN0008479352,APP020,2025-09-11,active,651915.42,CHF,AMER,CP0263,EQUITY,TDR0059,BOOK_C,2025-12-30
TXN0008188105,APP011,2025-03-12,pending,90534.14,AUD,LATAM,CP0162,SWAP,TDR0052,BOOK_D,2025-09-24
TXN0001085910,APP011,2025-09-17,settled,986393.83,GBP,EMEA,CP0252,EQUITY,TDR0023,BOOK_B,2025-02-22
TXN0008973827,APP003,2025-06-28,settled,737709.37,AUD,LATAM,CP0274,OPTION,TDR0100,BOOK_C,2026-02-18
TXN0006607261,APP013,2025-09-15,active,740451.59,USD,EMEA,CP0336,FX,TDR0139,BOOK_C,2025-02-13
TXN0000576810,APP002,2025-10-17,active,400521.38,USD,LATAM,CP0372,SWAP,TDR0013,BOOK_D,2025-02-08
TXN0003816026,APP007,2025-04-22,settled,467219.0,JPY,LATAM,CP0255,OPTION,TDR0032,BOOK_D,2026-01-06
TXN0003227969,APP020,2026-04-01,pending,3909.4,JPY,APAC,CP0470,SWAP,TDR0197,BOOK_A,2025-09-20
TXN0003260675,APP020,2025-05-26,settled,281699.43,AUD,EMEA,CP0487,EQUITY,TDR0002,BOOK_C,2025-10-11
TXN0003178474,APP020,2025-07-07,settled,811929.38,AUD,AMER,CP0174,SWAP,TDR0120,BOOK_D,2025-05-16
TXN0007338769,APP007,2025-02-14,pending,184403.28,USD,APAC,CP0054,BOND,TDR0042,BOOK_B,2025-07-19
TXN0006564547,APP019,2026-04-10,pending,211240.21,JPY,EMEA,CP0227,BOND,TDR0169,BOOK_A,2025-12-01
TXN0001592378,APP003,2025-10-15,active,756530.68,GBP,APAC,CP0023,FUTURE,TDR0145,BOOK_B,2025-02-05
TXN0007081244,APP020,2025-08-28,settled,310218.08,CHF,EMEA,CP0340,BOND,TDR0027,BOOK_B,2026-01-25
TXN0001728827,APP018,2025-03-24,pending,294955.26,CHF,LATAM,CP0301,EQUITY,TDR0196,BOOK_A,2025-11-22
TXN0005658080,APP003,2025-11-14,pending,83044.62,USD,EMEA,CP0214,FX,TDR0120,BOOK_B,2025-03-13
TXN0007734464,APP004,2025-06-14,failed,899235.81,AUD,LATAM,CP0337,SWAP,TDR0114,BOOK_A,2025-08-25
TXN0000937530,APP007,2025-12-20,settled,562998.04,USD,LATAM,CP0300,EQUITY,TDR0014,BOOK_C,2025-06-07
TXN0000021665,APP006,2025-02-12,active,933319.71,JPY,AMER,CP0338,FUTURE,TDR0011,BOOK_C,2026-03-24
TXN0008854510,APP008,2026-03-27,reversed,14169.38,USD,LATAM,CP0145,FUTURE,TDR0053,BOOK_D,2025-07-19
TXN0000298976,APP019,2025-09-16,pending,136649.82,CHF,APAC,CP0060,FX,TDR0141,BOOK_B,2025-10-29
TXN0009142979,APP006,2025-02-16,pending,33467.24,EUR,APAC,CP0346,FUTURE,TDR0052,BOOK_A,2025-08-28
TXN0006931475,APP008,2025-06-25,reversed,310213.92,USD,AMER,CP0421,SWAP,TDR0133,BOOK_B,2025-12-05
TXN0005917963,APP010,2025-08-28,active,140519.21,USD,LATAM,CP0333,EQUITY,TDR0050,BOOK_B,2025-01-25
TXN0003090804,APP008,2025-01-28,active,314335.69,CHF,EMEA,CP0023,EQUITY,TDR0001,BOOK_C,2025-04-28
TXN0009316693,APP004,2026-01-29,active,678880.42,GBP,LATAM,CP0211,FX,TDR0180,BOOK_D,2026-02-12
TXN0009782314,APP009,2025-12-01,reversed,594124.46,GBP,APAC,CP0059,FX,TDR0117,BOOK_A,2026-02-06
TXN0008865155,APP014,2025-09-21,active,441221.44,EUR,APAC,CP0131,BOND,TDR0141,BOOK_B,2025-06-27
TXN0009249779,APP016,2025-09-10,failed,322666.48,EUR,EMEA,CP0058,FUTURE,TDR0088,BOOK_C,2025-10-01
TXN0008936008,APP001,2026-04-08,reversed,408257.23,GBP,EMEA,CP0262,BOND,TDR0105,BOOK_A,2025-03-16
TXN0006838743,APP001,2026-03-16,failed,797934.2,JPY,LATAM,CP0458,SWAP,TDR0141,BOOK_A,2026-03-22
TXN0000206665,APP006,2025-06-06,failed,638865.71,AUD,AMER,CP0163,BOND,TDR0198,BOOK_A,2025-09-25
TXN0007866899,APP013,2025-06-29,failed,20896.11,GBP,AMER,CP0352,FX,TDR0065,BOOK_C,2025-06-10
TXN0008107376,APP003,2025-09-07,pending,403531.28,CHF,AMER,CP0228,FX,TDR0048,BOOK_D,2025-10-10
TXN0008211906,APP018,2026-03-12,failed,766999.58,EUR,LATAM,CP0431,OPTION,TDR0099,BOOK_D,2026-03-30
TXN0002493176,APP010,2025-02-12,pending,781639.14,USD,APAC,CP0063,SWAP,TDR0008,BOOK_A,2025-03-02
TXN0009238927,APP007,2025-10-11,failed,795251.66,JPY,EMEA,CP0395,FUTURE,TDR0138,BOOK_C,2025-06-15
TXN0005655234,APP011,2025-03-31,reversed,453516.82,USD,LATAM,CP0123,BOND,TDR0173,BOOK_A,2025-12-31
TXN0007038355,APP006,2026-01-10,pending,353117.16,EUR,AMER,CP0469,FX,TDR0048,BOOK_D,2025-11-04
TXN0009901727,APP001,2025-12-07,failed,637682.66,USD,LATAM,CP0395,SWAP,TDR0145,BOOK_D,2025-07-17
TXN0006078907,APP018,2025-06-17,failed,213064.67,CHF,APAC,CP0202,SWAP,TDR0169,BOOK_D,2025-03-28
TXN0002965564,APP009,2025-07-11,failed,770297.98,JPY,AMER,CP0422,SWAP,TDR0104,BOOK_C,2025-04-21
TXN0001226595,APP001,2025-07-30,pending,960863.8,USD,AMER,CP0165,BOND,TDR0099,BOOK_D,2025-03-30
TXN0005600674,APP006,2025-06-19,active,319643.03,JPY,EMEA,CP0175,OPTION,TDR0143,BOOK_D,2025-08-24
TXN0007914663,APP004,2025-06-28,active,945688.25,JPY,LATAM,CP0197,OPTION,TDR0165,BOOK_C,2025-04-15
TXN0008925527,APP009,2025-01-13,settled,575578.55,CHF,EMEA,CP0108,SWAP,TDR0165,BOOK_A,2025-12-25
TXN0002905725,APP012,2026-04-06,pending,605929.21,JPY,LATAM,CP0195,SWAP,TDR0008,BOOK_A,2025-01-07
TXN0003409881,APP009,2025-07-27,failed,169658.13,USD,APAC,CP0439,OPTION,TDR0178,BOOK_D,2025-12-01
TXN0001410910,APP012,2025-06-04,pending,319228.68,AUD,EMEA,CP0007,FX,TDR0060,BOOK_C,2025-06-07
TXN0007560584,APP013,2026-03-24,reversed,577860.99,JPY,APAC,CP0243,FX,TDR0058,BOOK_C,2025-06-18
TXN0007039560,APP006,2025-12-30,failed,983085.03,EUR,APAC,CP0348,SWAP,TDR0122,BOOK_B,2025-01-17
TXN0006348763,APP010,2025-11-13,pending,321037.0,EUR,AMER,CP0403,OPTION,TDR0057,BOOK_C,2025-02-04
TXN0002516937,APP006,2025-03-06,reversed,119178.5,EUR,APAC,CP0254,FX,TDR0152,BOOK_D,2025-01-25
TXN0005796354,APP003,2025-11-19,settled,366045.37,AUD,EMEA,CP0030,SWAP,TDR0200,BOOK_D,2026-01-11
TXN0006885662,APP013,2025-01-20,pending,283652.59,AUD,AMER,CP0215,EQUITY,TDR0071,BOOK_C,2025-05-31
TXN0009960191,APP012,2025-11-03,pending,17693.42,EUR,LATAM,CP0135,SWAP,TDR0193,BOOK_D,2025-01-26
TXN0007607757,APP014,2026-02-18,reversed,750267.41,USD,EMEA,CP0013,BOND,TDR0135,BOOK_B,2025-08-13
TXN0008458832,APP016,2025-03-23,failed,12207.32,EUR,APAC,CP0103,FUTURE,TDR0010,BOOK_B,2026-04-04
TXN0000056035,APP003,2025-11-28,settled,512039.33,USD,APAC,CP0231,FX,TDR0088,BOOK_C,2026-03-27
TXN0006368501,APP008,2026-03-29,failed,958379.64,GBP,LATAM,CP0324,OPTION,TDR0096,BOOK_B,2025-02-28
TXN0007900526,APP006,2025-12-27,failed,709129.82,JPY,AMER,CP0206,OPTION,TDR0027,BOOK_B,2025-01-12
TXN0002123300,APP008,2025-01-14,failed,347068.51,USD,EMEA,CP0124,EQUITY,TDR0055,BOOK_C,2025-02-11
TXN0000095478,APP017,2025-05-29,pending,370549.66,GBP,LATAM,CP0358,FX,TDR0190,BOOK_C,2025-03-07
TXN0004150808,APP011,2025-11-02,reversed,440311.05,JPY,APAC,CP0436,OPTION,TDR0057,BOOK_D,2025-12-27
TXN0003983516,APP013,2025-09-22,failed,946534.71,AUD,EMEA,CP0186,OPTION,TDR0100,BOOK_B,2025-01-15
TXN0007229947,APP010,2026-02-23,settled,205332.51,JPY,EMEA,CP0029,OPTION,TDR0059,BOOK_B,2025-09-19
TXN0003196585,APP015,2025-03-13,settled,686911.01,JPY,LATAM,CP0135,SWAP,TDR0019,BOOK_C,2026-02-20
TXN0009283783,APP017,2025-05-28,reversed,529149.28,GBP,LATAM,CP0113,EQUITY,TDR0058,BOOK_D,2025-05-31
TXN0001223881,APP003,2025-05-12,reversed,511879.24,CHF,EMEA,CP0441,EQUITY,TDR0056,BOOK_B,2025-10-18
TXN0009465985,APP002,2025-10-25,settled,549381.29,EUR,EMEA,CP0316,OPTION,TDR0099,BOOK_D,2025-05-25
TXN0009353207,APP002,2025-10-28,pending,692292.2,CHF,LATAM,CP0200,OPTION,TDR0172,BOOK_B,2025-08-16
TXN0004201510,APP002,2025-11-26,active,911969.6,EUR,EMEA,CP0341,EQUITY,TDR0066,BOOK_C,2025-04-12
TXN0004845586,APP007,2026-02-24,settled,466362.99,USD,AMER,CP0373,BOND,TDR0198,BOOK_B,2026-01-27
TXN0008560494,APP009,2025-04-12,pending,463027.26,USD,AMER,CP0182,SWAP,TDR0142,BOOK_C,2026-03-18
TXN0002830122,APP012,2026-01-17,failed,618725.93,GBP,LATAM,CP0232,EQUITY,TDR0058,BOOK_A,2025-10-13
TXN0006292285,APP013,2025-08-18,pending,718486.26,USD,APAC,CP0439,BOND,TDR0150,BOOK_C,2026-01-25
TXN0003448771,APP003,2025-05-12,pending,522625.48,EUR,EMEA,CP0367,FX,TDR0193,BOOK_A,2025-06-05
TXN0005676089,APP018,2026-01-11,active,113056.62,JPY,AMER,CP0369,OPTION,TDR0040,BOOK_A,2025-11-25
TXN0008603824,APP006,2025-09-05,settled,470597.38,USD,EMEA,CP0224,SWAP,TDR0159,BOOK_D,2025-12-20
TXN0000740892,APP010,2025-04-23,active,393384.35,JPY,AMER,CP0126,BOND,TDR0156,BOOK_B,2025-08-02
TXN0004198860,APP011,2025-07-22,active,375593.93,CHF,APAC,CP0251,EQUITY,TDR0030,BOOK_A,2025-10-26
TXN0008008710,APP003,2025-03-02,active,80252.64,JPY,APAC,CP0256,FUTURE,TDR0126,BOOK_C,2025-12-05
TXN0002543449,APP001,2025-09-04,active,159595.29,AUD,APAC,CP0062,FX,TDR0019,BOOK_B,2025-07-04
TXN0009058881,APP004,2025-06-24,active,802532.32,CHF,AMER,CP0438,OPTION,TDR0040,BOOK_D,2025-08-22
TXN0002100431,APP017,2025-08-01,settled,312248.48,EUR,AMER,CP0491,OPTION,TDR0148,BOOK_D,2025-04-14
TXN0003384867,APP006,2025-05-19,failed,159266.94,GBP,LATAM,CP0366,FUTURE,TDR0194,BOOK_C,2025-03-18
TXN0008374139,APP009,2025-03-16,reversed,283174.68,EUR,LATAM,CP0046,OPTION,TDR0159,BOOK_A,2025-10-28
TXN0005874008,APP006,2025-11-16,failed,385441.51,AUD,APAC,CP0260,FUTURE,TDR0004,BOOK_A,2026-01-24
TXN0009274406,APP015,2025-10-11,settled,692810.79,CHF,LATAM,CP0075,FX,TDR0072,BOOK_B,2025-12-11
TXN0000748098,APP010,2025-12-29,active,743210.17,GBP,EMEA,CP0482,OPTION,TDR0011,BOOK_C,2026-02-13
TXN0005013969,APP018,2026-03-05,reversed,776092.33,EUR,AMER,CP0269,EQUITY,TDR0165,BOOK_C,2025-12-02
TXN0000901749,APP006,2026-03-24,active,185997.33,JPY,AMER,CP0436,FX,TDR0133,BOOK_B,2025-08-03
TXN0002244784,APP002,2025-10-04,pending,722975.82,USD,EMEA,CP0359,FUTURE,TDR0110,BOOK_B,2025-09-21
TXN0005132547,APP017,2025-01-11,pending,381942.17,CHF,APAC,CP0085,SWAP,TDR0155,BOOK_D,2025-07-23
TXN0006701658,APP013,2025-02-12,pending,566015.81,JPY,APAC,CP0306,FUTURE,TDR0043,BOOK_B,2025-09-02
TXN0008626413,APP016,2025-12-11,reversed,125748.85,GBP,AMER,CP0169,OPTION,TDR0044,BOOK_A,2025-05-15
TXN0004763000,APP003,2025-09-29,reversed,400908.81,EUR,AMER,CP0379,OPTION,TDR0121,BOOK_A,2025-10-03
TXN0006972965,APP002,2026-01-12,reversed,76394.84,AUD,APAC,CP0425,FUTURE,TDR0163,BOOK_B,2025-01-18
TXN0002126889,APP009,2025-12-03,active,740124.89,JPY,APAC,CP0475,FX,TDR0011,BOOK_D,2026-01-19
TXN0009385289,APP020,2026-02-06,settled,844650.95,GBP,EMEA,CP0068,OPTION,TDR0099,BOOK_B,2025-08-01
TXN0006214622,APP011,2026-03-04,settled,371797.49,EUR,APAC,CP0104,BOND,TDR0083,BOOK_D,2025-09-24
TXN0005863963,APP002,2025-03-30,active,829649.13,CHF,EMEA,CP0378,SWAP,TDR0198,BOOK_A,2025-05-02
TXN0001899251,APP008,2025-06-20,failed,238465.22,CHF,EMEA,CP0153,EQUITY,TDR0016,BOOK_C,2025-04-17
TXN0003805300,APP011,2025-07-26,pending,881041.96,CHF,APAC,CP0422,BOND,TDR0157,BOOK_C,2025-12-23
TXN0005966263,APP011,2025-07-09,active,926035.99,GBP,APAC,CP0274,EQUITY,TDR0110,BOOK_D,2026-01-09
TXN0000399190,APP019,2026-02-18,active,935123.93,JPY,APAC,CP0130,BOND,TDR0023,BOOK_B,2025-05-15
TXN0004334995,APP018,2025-03-27,failed,839070.17,AUD,LATAM,CP0231,EQUITY,TDR0049,BOOK_B,2025-09-19
TXN0000406419,APP018,2025-07-24,pending,253582.95,AUD,AMER,CP0456,FX,TDR0178,BOOK_A,2025-09-10
TXN0005120868,APP002,2025-05-29,reversed,508599.12,EUR,AMER,CP0475,OPTION,TDR0047,BOOK_B,2025-10-31
TXN0007182628,APP019,2025-01-24,active,692900.53,USD,EMEA,CP0427,FUTURE,TDR0035,BOOK_C,2025-03-20
TXN0007175875,APP016,2025-12-29,active,948762.15,JPY,APAC,CP0377,EQUITY,TDR0075,BOOK_D,2026-03-31
TXN0001067592,APP013,2026-01-12,settled,601792.92,JPY,EMEA,CP0075,SWAP,TDR0182,BOOK_A,2025-12-10
TXN0002368642,APP012,2025-03-01,settled,733301.1,GBP,EMEA,CP0381,EQUITY,TDR0174,BOOK_A,2025-02-25
TXN0000964882,APP015,2026-01-04,settled,123967.54,GBP,LATAM,CP0446,OPTION,TDR0157,BOOK_D,2025-09-08
TXN0006015680,APP005,2025-09-11,active,317913.19,JPY,EMEA,CP0493,FUTURE,TDR0068,BOOK_B,2026-02-24
TXN0004133240,APP014,2025-10-09,settled,157883.32,EUR,LATAM,CP0127,BOND,TDR0049,BOOK_C,2026-04-02
TXN0003805285,APP004,2025-11-26,active,831179.82,AUD,LATAM,CP0004,SWAP,TDR0053,BOOK_B,2026-04-10
TXN0003792646,APP019,2026-02-20,settled,462383.72,GBP,APAC,CP0297,EQUITY,TDR0084,BOOK_D,2025-03-12
TXN0009520599,APP009,2025-06-26,pending,299284.15,AUD,LATAM,CP0324,OPTION,TDR0157,BOOK_A,2025-03-08
TXN0002577839,APP011,2025-02-20,reversed,854525.71,CHF,EMEA,CP0459,FX,TDR0008,BOOK_D,2025-11-18
TXN0001952502,APP003,2025-03-03,active,288385.89,USD,LATAM,CP0483,BOND,TDR0181,BOOK_C,2025-03-04
TXN0003201677,APP014,2025-09-08,pending,514240.19,EUR,AMER,CP0124,BOND,TDR0182,BOOK_A,2026-02-14
TXN0004213814,APP015,2025-08-13,active,879884.29,CHF,APAC,CP0202,SWAP,TDR0158,BOOK_C,2026-03-04
TXN0003281015,APP016,2025-05-03,settled,720695.24,USD,LATAM,CP0133,EQUITY,TDR0074,BOOK_A,2026-01-08
TXN0000878627,APP004,2026-02-22,reversed,919744.57,GBP,LATAM,CP0281,BOND,TDR0170,BOOK_B,2025-11-06
TXN0009601969,APP019,2025-02-20,settled,475502.5,JPY,LATAM,CP0117,FX,TDR0047,BOOK_C,2025-10-06
TXN0002252078,APP003,2025-04-27,pending,336886.89,GBP,APAC,CP0079,BOND,TDR0036,BOOK_B,2025-08-20
TXN0005213446,APP010,2026-03-08,settled,551398.56,GBP,AMER,CP0089,FX,TDR0027,BOOK_D,2025-09-18
TXN0008997576,APP004,2025-07-15,active,400085.87,USD,EMEA,CP0188,EQUITY,TDR0188,BOOK_C,2025-07-15
TXN0009273936,APP011,2025-03-09,pending,50150.81,AUD,AMER,CP0046,FX,TDR0128,BOOK_D,2026-04-08
TXN0000791449,APP020,2025-11-22,failed,491902.57,JPY,EMEA,CP0056,SWAP,TDR0106,BOOK_C,2025-11-11
TXN0004431168,APP010,2025-05-01,pending,222484.67,AUD,APAC,CP0012,EQUITY,TDR0143,BOOK_D,2025-09-17
TXN0006061027,APP008,2026-01-23,failed,959518.08,AUD,APAC,CP0490,FUTURE,TDR0138,BOOK_A,2025-09-10
TXN0005218924,APP017,2025-11-12,failed,568755.76,AUD,APAC,CP0286,OPTION,TDR0047,BOOK_A,2025-12-15
TXN0007317379,APP005,2025-12-09,active,756559.99,JPY,APAC,CP0262,OPTION,TDR0006,BOOK_B,2025-05-29
TXN0005962926,APP006,2025-08-31,failed,707494.87,USD,EMEA,CP0369,FX,TDR0063,BOOK_B,2025-09-26
TXN0000251006,APP005,2026-03-16,active,931085.72,CHF,AMER,CP0440,FX,TDR0181,BOOK_C,2025-07-04
TXN0001364726,APP009,2026-03-06,pending,725545.75,EUR,LATAM,CP0110,FX,TDR0170,BOOK_D,2026-01-09
TXN0005951186,APP014,2026-01-16,settled,656106.81,CHF,EMEA,CP0392,SWAP,TDR0174,BOOK_A,2025-12-14
TXN0009314469,APP020,2025-07-03,settled,787150.04,CHF,APAC,CP0319,FUTURE,TDR0116,BOOK_C,2025-05-08
TXN0008922704,APP018,2026-02-26,settled,527200.19,USD,LATAM,CP0474,SWAP,TDR0021,BOOK_D,2026-04-05
TXN0004462869,APP019,2026-01-04,active,645914.58,CHF,APAC,CP0192,OPTION,TDR0178,BOOK_B,2025-10-20
TXN0008613327,APP004,2025-11-06,pending,587716.7,JPY,APAC,CP0222,OPTION,TDR0014,BOOK_D,2025-06-21
TXN0006618679,APP012,2025-07-19,settled,323192.5,JPY,APAC,CP0102,FX,TDR0124,BOOK_C,2025-12-10
TXN0002257171,APP011,2025-03-23,settled,567214.82,EUR,APAC,CP0462,EQUITY,TDR0107,BOOK_D,2025-05-08
TXN0007029651,APP019,2026-02-12,active,617575.69,AUD,EMEA,CP0307,FUTURE,TDR0006,BOOK_C,2025-10-29
TXN0006665257,APP007,2025-05-05,active,521311.29,CHF,AMER,CP0339,FUTURE,TDR0129,BOOK_D,2025-08-17
TXN0002750595,APP012,2025-07-23,pending,304531.09,GBP,LATAM,CP0192,EQUITY,TDR0183,BOOK_B,2025-08-15
TXN0008434249,APP015,2026-01-18,pending,588142.92,GBP,APAC,CP0270,SWAP,TDR0065,BOOK_B,2026-03-29
TXN0006667818,APP020,2025-08-07,pending,434335.16,USD,LATAM,CP0212,FUTURE,TDR0039,BOOK_B,2025-06-21
TXN0008123654,APP004,2025-09-16,reversed,512257.99,GBP,AMER,CP0361,FUTURE,TDR0142,BOOK_A,2025-08-11
TXN0005724424,APP014,2025-07-03,reversed,814172.69,EUR,APAC,CP0270,OPTION,TDR0113,BOOK_B,2026-03-21
TXN0003413863,APP016,2025-06-02,reversed,88739.84,AUD,LATAM,CP0236,BOND,TDR0010,BOOK_D,2025-10-25
TXN0005642931,APP014,2025-10-05,failed,440858.95,CHF,APAC,CP0071,FX,TDR0157,BOOK_A,2026-02-20
TXN0003799339,APP006,2025-07-12,settled,952316.86,GBP,EMEA,CP0361,BOND,TDR0046,BOOK_C,2025-05-27
TXN0009685233,APP020,2025-12-11,pending,971801.26,USD,AMER,CP0063,BOND,TDR0118,BOOK_C,2025-03-07
TXN0009618504,APP004,2025-11-19,reversed,209579.43,AUD,AMER,CP0288,BOND,TDR0113,BOOK_B,2025-04-03
TXN0005019800,APP009,2025-02-27,reversed,252266.7,GBP,APAC,CP0196,EQUITY,TDR0170,BOOK_D,2025-11-30
TXN0005706916,APP005,2025-01-22,active,287084.14,JPY,AMER,CP0099,EQUITY,TDR0041,BOOK_D,2026-01-12
TXN0002418966,APP010,2026-01-05,reversed,957106.42,JPY,LATAM,CP0124,SWAP,TDR0077,BOOK_A,2025-01-12
TXN0008028806,APP016,2025-10-21,reversed,888904.27,GBP,APAC,CP0084,EQUITY,TDR0113,BOOK_A,2025-12-15
TXN0001364335,APP015,2025-09-23,reversed,669018.16,EUR,EMEA,CP0434,EQUITY,TDR0077,BOOK_B,2026-04-01
TXN0008662554,APP020,2025-09-18,failed,960364.11,EUR,LATAM,CP0461,BOND,TDR0004,BOOK_D,2025-09-01
TXN0006512880,APP014,2025-03-31,pending,873037.29,EUR,EMEA,CP0393,FX,TDR0045,BOOK_C,2025-03-29
TXN0007467649,APP012,2026-03-02,active,582214.81,EUR,AMER,CP0259,FUTURE,TDR0069,BOOK_C,2025-04-17
TXN0004933829,APP005,2026-02-08,reversed,518845.97,CHF,EMEA,CP0377,OPTION,TDR0105,BOOK_A,2025-12-13
TXN0009877321,APP019,2025-01-31,settled,608775.77,EUR,LATAM,CP0260,FUTURE,TDR0039,BOOK_C,2025-03-07
TXN0002018518,APP007,2025-04-07,settled,382962.02,GBP,EMEA,CP0059,BOND,TDR0027,BOOK_D,2025-08-02
TXN0009294818,APP001,2025-09-06,pending,236661.38,EUR,EMEA,CP0244,SWAP,TDR0150,BOOK_A,2026-02-13
TXN0002270427,APP014,2025-02-19,failed,712278.85,GBP,AMER,CP0317,FUTURE,TDR0009,BOOK_C,2025-04-07
TXN0007976182,APP020,2025-11-24,settled,901298.07,EUR,EMEA,CP0311,OPTION,TDR0062,BOOK_C,2025-12-22
TXN0000264883,APP019,2026-04-01,failed,713986.53,USD,EMEA,CP0082,FX,TDR0012,BOOK_C,2026-04-03
TXN0000680982,APP003,2025-02-03,reversed,130249.32,EUR,AMER,CP0343,SWAP,TDR0109,BOOK_A,2025-01-17
TXN0003113843,APP005,2025-07-02,settled,689760.11,JPY,APAC,CP0032,EQUITY,TDR0004,BOOK_A,2025-03-25
TXN0008155917,APP011,2025-07-13,settled,669680.21,USD,AMER,CP0065,OPTION,TDR0093,BOOK_C,2025-10-04
TXN0000979566,APP009,2025-01-21,settled,946175.2,AUD,LATAM,CP0375,FX,TDR0051,BOOK_A,2025-10-31
TXN0002219044,APP013,2026-01-16,active,25415.25,AUD,LATAM,CP0016,FX,TDR0096,BOOK_B,2026-04-03
TXN0009286100,APP011,2025-02-27,active,632325.81,AUD,LATAM,CP0161,FUTURE,TDR0027,BOOK_A,2026-04-12
TXN0009694217,APP005,2025-07-20,active,577568.66,EUR,AMER,CP0184,OPTION,TDR0101,BOOK_A,2025-04-01
TXN0000239898,APP003,2026-04-08,active,51972.25,JPY,APAC,CP0172,OPTION,TDR0131,BOOK_C,2025-05-03
TXN0001137052,APP003,2025-08-05,pending,254750.66,USD,AMER,CP0139,BOND,TDR0054,BOOK_A,2025-06-05
TXN0008067716,APP009,2025-07-07,active,529477.01,EUR,APAC,CP0315,BOND,TDR0151,BOOK_D,2025-01-12
TXN0002338086,APP016,2025-02-03,settled,290360.8,CHF,AMER,CP0135,OPTION,TDR0120,BOOK_B,2025-10-30
TXN0005826500,APP006,2025-10-25,settled,35177.42,AUD,EMEA,CP0252,FX,TDR0144,BOOK_A,2025-11-22
TXN0004589343,APP005,2026-03-17,pending,892883.5,JPY,EMEA,CP0331,FUTURE,TDR0046,BOOK_A,2025-12-30
TXN0003562115,APP011,2025-07-14,reversed,972732.06,JPY,LATAM,CP0089,FUTURE,TDR0195,BOOK_B,2025-05-31
TXN0009008574,APP004,2025-08-14,reversed,948548.7,CHF,APAC,CP0033,OPTION,TDR0061,BOOK_A,2025-10-25
TXN0003419517,APP013,2025-02-21,reversed,340640.33,JPY,APAC,CP0148,OPTION,TDR0170,BOOK_B,2025-11-11
TXN0005357982,APP014,2025-10-12,settled,58356.03,JPY,AMER,CP0490,SWAP,TDR0116,BOOK_C,2025-11-15
TXN0005711047,APP004,2025-08-25,reversed,741884.18,USD,APAC,CP0412,SWAP,TDR0045,BOOK_B,2025-12-02
TXN0005679955,APP008,2025-03-18,failed,924853.71,USD,LATAM,CP0266,BOND,TDR0104,BOOK_C,2025-06-17
TXN0007087113,APP019,2025-08-18,failed,168224.94,EUR,EMEA,CP0351,SWAP,TDR0010,BOOK_C,2025-04-29
TXN0004588469,APP006,2025-06-20,settled,544217.39,AUD,EMEA,CP0332,BOND,TDR0056,BOOK_C,2025-02-26
TXN0004293142,APP005,2025-11-09,pending,235573.86,JPY,APAC,CP0265,FUTURE,TDR0063,BOOK_D,2025-01-31
TXN0004497207,APP015,2025-06-13,pending,55611.41,JPY,LATAM,CP0453,EQUITY,TDR0053,BOOK_B,2025-10-18
TXN0001567349,APP016,2025-08-30,failed,849668.46,EUR,AMER,CP0023,BOND,TDR0076,BOOK_C,2025-11-30
TXN0000757056,APP001,2025-08-15,reversed,295507.41,JPY,APAC,CP0235,BOND,TDR0153,BOOK_A,2025-02-19
TXN0004325207,APP017,2025-05-14,reversed,849309.21,GBP,APAC,CP0204,SWAP,TDR0026,BOOK_A,2025-12-13
TXN0001475734,APP004,2025-04-14,pending,537144.13,JPY,AMER,CP0203,FUTURE,TDR0115,BOOK_D,2026-02-12
TXN0002938601,APP008,2026-04-14,active,446541.5,USD,AMER,CP0106,FX,TDR0092,BOOK_D,2026-01-04
TXN0007325846,APP003,2025-03-12,pending,603513.77,USD,LATAM,CP0386,EQUITY,TDR0071,BOOK_D,2025-02-07
TXN0007940746,APP009,2025-03-23,reversed,32709.63,GBP,LATAM,CP0173,FX,TDR0013,BOOK_D,2025-10-17
TXN0000115749,APP001,2025-07-25,pending,458733.91,CHF,EMEA,CP0197,SWAP,TDR0029,BOOK_A,2025-09-04
TXN0000614195,APP014,2026-02-12,settled,572472.53,GBP,APAC,CP0302,FUTURE,TDR0159,BOOK_D,2025-07-02
TXN0005164601,APP003,2026-04-14,reversed,671808.52,GBP,LATAM,CP0197,SWAP,TDR0008,BOOK_B,2025-03-08
TXN0005448628,APP016,2025-03-08,failed,922018.15,AUD,APAC,CP0478,OPTION,TDR0015,BOOK_D,2025-02-07
TXN0000762101,APP017,2026-03-04,reversed,857397.04,AUD,AMER,CP0347,FUTURE,TDR0122,BOOK_C,2025-03-29
TXN0007362952,APP009,2025-05-05,settled,113206.12,CHF,LATAM,CP0051,OPTION,TDR0127,BOOK_B,2025-09-22
TXN0007596415,APP002,2026-02-09,settled,994090.83,AUD,LATAM,CP0403,SWAP,TDR0198,BOOK_D,2025-04-17
TXN0005232774,APP003,2025-11-17,active,654377.77,EUR,APAC,CP0001,OPTION,TDR0039,BOOK_C,2025-04-04
TXN0008769386,APP018,2025-07-04,active,350964.91,USD,LATAM,CP0224,FX,TDR0036,BOOK_A,2025-08-24
TXN0004251340,APP010,2025-02-11,reversed,335169.61,CHF,APAC,CP0059,OPTION,TDR0064,BOOK_C,2025-09-27
TXN0009769649,APP019,2026-04-06,settled,364678.31,GBP,APAC,CP0496,BOND,TDR0187,BOOK_B,2025-09-09
TXN0000303063,APP009,2025-07-28,settled,40214.99,USD,APAC,CP0465,BOND,TDR0158,BOOK_C,2025-05-16
TXN0004493759,APP017,2026-04-01,failed,658506.23,USD,APAC,CP0028,OPTION,TDR0033,BOOK_B,2025-01-25
TXN0000435865,APP018,2026-01-04,failed,46539.14,GBP,AMER,CP0043,FUTURE,TDR0189,BOOK_D,2025-02-25
TXN0004600858,APP003,2025-10-26,pending,912414.09,CHF,LATAM,CP0431,OPTION,TDR0010,BOOK_D,2025-09-06
TXN0009993821,APP010,2025-07-15,active,642591.19,CHF,AMER,CP0152,OPTION,TDR0198,BOOK_B,2025-05-20
TXN0001273135,APP002,2026-02-20,pending,614014.59,CHF,AMER,CP0252,OPTION,TDR0175,BOOK_A,2025-03-18
TXN0001475153,APP017,2025-11-28,settled,92842.33,CHF,LATAM,CP0354,FX,TDR0037,BOOK_D,2025-08-16
TXN0003368111,APP014,2025-07-26,settled,993586.9,GBP,LATAM,CP0367,FX,TDR0187,BOOK_D,2025-04-22
TXN0008497199,APP013,2026-03-17,active,989302.84,EUR,LATAM,CP0345,EQUITY,TDR0064,BOOK_D,2025-09-27
TXN0003651463,APP010,2025-02-17,active,847892.0,AUD,APAC,CP0284,OPTION,TDR0040,BOOK_A,2025-03-20
TXN0009819172,APP013,2025-06-15,pending,913112.94,CHF,EMEA,CP0433,EQUITY,TDR0150,BOOK_D,2025-06-04
TXN0009352911,APP017,2025-12-15,active,601297.26,AUD,EMEA,CP0426,SWAP,TDR0106,BOOK_B,2025-06-13
TXN0008985061,APP019,2025-02-09,active,68708.69,USD,EMEA,CP0366,FUTURE,TDR0125,BOOK_B,2025-02-22
TXN0003162746,APP002,2025-05-15,reversed,835270.48,GBP,AMER,CP0308,EQUITY,TDR0153,BOOK_B,2025-11-22
TXN0005033557,APP009,2025-04-26,reversed,99899.21,CHF,AMER,CP0165,FX,TDR0037,BOOK_A,2026-02-17
TXN0006009389,APP020,2025-11-13,pending,970275.59,EUR,LATAM,CP0264,FUTURE,TDR0168,BOOK_C,2025-01-16
TXN0004817767,APP016,2025-09-15,reversed,470853.45,CHF,LATAM,CP0338,OPTION,TDR0004,BOOK_D,2025-01-19
TXN0003309498,APP017,2025-09-29,pending,55050.47,USD,LATAM,CP0490,FUTURE,TDR0069,BOOK_D,2025-06-17
TXN0004862084,APP013,2025-11-30,settled,575505.19,JPY,AMER,CP0191,BOND,TDR0192,BOOK_D,2025-12-12
TXN0009501673,APP007,2025-08-04,pending,78736.82,USD,LATAM,CP0364,BOND,TDR0167,BOOK_A,2026-03-26
TXN0003394160,APP010,2025-07-01,reversed,788825.54,JPY,LATAM,CP0001,BOND,TDR0003,BOOK_D,2025-10-08
TXN0008171515,APP014,2025-10-26,active,879779.27,AUD,LATAM,CP0218,FX,TDR0036,BOOK_A,2025-03-12
TXN0004219703,APP002,2025-12-31,pending,327429.04,CHF,AMER,CP0113,OPTION,TDR0132,BOOK_C,2026-03-09
TXN0005592663,APP002,2025-10-08,reversed,848376.1,EUR,LATAM,CP0207,BOND,TDR0086,BOOK_D,2025-04-15
TXN0003580127,APP001,2025-08-09,failed,337829.22,GBP,LATAM,CP0444,SWAP,TDR0060,BOOK_D,2025-04-08
TXN0004637437,APP017,2025-07-23,reversed,238308.59,CHF,EMEA,CP0405,EQUITY,TDR0100,BOOK_C,2025-07-27
TXN0003256270,APP018,2026-02-08,settled,94804.52,JPY,LATAM,CP0222,OPTION,TDR0051,BOOK_B,2025-02-03
TXN0009555098,APP008,2025-02-26,pending,485586.88,JPY,AMER,CP0011,EQUITY,TDR0099,BOOK_D,2026-04-05
TXN0004607953,APP011,2025-07-29,settled,81125.75,AUD,AMER,CP0486,FUTURE,TDR0159,BOOK_C,2025-01-20
TXN0008344077,APP004,2025-06-23,active,285105.23,AUD,APAC,CP0404,SWAP,TDR0058,BOOK_D,2025-02-14
TXN0004519350,APP002,2025-08-07,reversed,286447.28,USD,APAC,CP0023,SWAP,TDR0011,BOOK_A,2025-10-03
TXN0008648988,APP012,2025-03-12,settled,833481.89,EUR,APAC,CP0285,FX,TDR0054,BOOK_A,2025-11-08
TXN0009898182,APP009,2026-01-01,pending,388809.5,CHF,APAC,CP0301,FX,TDR0009,BOOK_C,2025-12-09
TXN0007711474,APP006,2026-02-27,pending,307914.77,AUD,APAC,CP0256,OPTION,TDR0200,BOOK_C,2025-08-29
TXN0000724829,APP011,2025-03-04,reversed,68444.58,AUD,LATAM,CP0214,FX,TDR0007,BOOK_B,2026-02-14
TXN0005702022,APP010,2026-01-10,settled,248321.51,GBP,EMEA,CP0065,BOND,TDR0002,BOOK_B,2025-05-13
TXN0003481128,APP003,2025-03-21,active,787136.96,EUR,APAC,CP0466,OPTION,TDR0078,BOOK_D,2025-01-31
TXN0000447333,APP005,2025-12-27,pending,290680.06,GBP,APAC,CP0425,SWAP,TDR0132,BOOK_A,2026-01-24
TXN0000655996,APP001,2025-04-06,settled,494813.21,CHF,AMER,CP0239,OPTION,TDR0199,BOOK_C,2025-05-26
TXN0004074252,APP008,2025-07-20,active,995514.42,EUR,AMER,CP0111,BOND,TDR0162,BOOK_D,2025-12-07
TXN0008166853,APP014,2025-09-25,reversed,14580.09,AUD,APAC,CP0282,FUTURE,TDR0137,BOOK_B,2025-06-08
TXN0002010477,APP003,2025-02-18,failed,745039.8,CHF,AMER,CP0475,FX,TDR0072,BOOK_A,2026-03-25
TXN0004736436,APP006,2025-06-16,active,845914.18,GBP,AMER,CP0276,OPTION,TDR0120,BOOK_C,2025-09-26
TXN0001390834,APP006,2025-12-18,failed,988763.15,USD,EMEA,CP0465,BOND,TDR0197,BOOK_B,2025-06-19
TXN0009736652,APP020,2026-02-10,pending,540441.89,GBP,APAC,CP0288,FUTURE,TDR0013,BOOK_B,2026-01-09
TXN0008193396,APP001,2025-02-14,pending,982792.06,JPY,APAC,CP0301,FX,TDR0043,BOOK_A,2025-11-22
TXN0005210789,APP013,2025-04-19,failed,157842.23,GBP,LATAM,CP0050,FUTURE,TDR0085,BOOK_D,2025-01-21
TXN0003436090,APP002,2025-06-16,failed,153771.16,CHF,APAC,CP0131,OPTION,TDR0032,BOOK_C,2025-08-10
TXN0009657532,APP003,2025-10-09,active,21478.87,EUR,AMER,CP0192,BOND,TDR0182,BOOK_D,2025-08-10
TXN0001569193,APP010,2025-10-19,failed,640111.07,CHF,LATAM,CP0086,EQUITY,TDR0169,BOOK_D,2025-12-28
TXN0004747744,APP011,2026-01-26,pending,641946.87,GBP,AMER,CP0487,SWAP,TDR0083,BOOK_A,2026-03-09
TXN0000447238,APP015,2025-07-15,active,742098.25,JPY,EMEA,CP0169,FUTURE,TDR0040,BOOK_C,2025-07-09
TXN0002694170,APP014,2025-06-27,reversed,679119.16,GBP,AMER,CP0271,OPTION,TDR0012,BOOK_D,2025-05-23
TXN0008417347,APP007,2025-02-19,settled,842587.95,EUR,EMEA,CP0298,SWAP,TDR0066,BOOK_D,2025-12-26
TXN0004751071,APP008,2026-03-08,reversed,464721.83,GBP,LATAM,CP0447,EQUITY,TDR0153,BOOK_A,2025-10-23
TXN0001933796,APP013,2025-12-08,pending,36033.72,CHF,LATAM,CP0069,OPTION,TDR0166,BOOK_B,2025-12-05
TXN0005370043,APP010,2025-09-22,reversed,914581.63,GBP,AMER,CP0062,FUTURE,TDR0118,BOOK_C,2025-10-28
TXN0002898687,APP011,2025-06-30,reversed,522392.76,AUD,EMEA,CP0363,SWAP,TDR0181,BOOK_C,2025-03-30
TXN0009182194,APP014,2026-01-20,reversed,426747.54,GBP,EMEA,CP0471,EQUITY,TDR0036,BOOK_C,2025-05-28
TXN0000707407,APP012,2025-07-18,pending,436982.31,CHF,EMEA,CP0105,BOND,TDR0103,BOOK_B,2025-03-15
TXN0006967510,APP015,2025-08-25,active,676798.45,USD,APAC,CP0044,SWAP,TDR0198,BOOK_D,2026-02-14
TXN0009342637,APP013,2026-02-17,reversed,9344.08,JPY,LATAM,CP0273,OPTION,TDR0086,BOOK_C,2025-05-11
TXN0004852373,APP006,2025-10-10,pending,681949.69,AUD,EMEA,CP0243,FX,TDR0109,BOOK_B,2025-05-16
TXN0001728692,APP007,2026-02-19,settled,603213.86,CHF,LATAM,CP0219,OPTION,TDR0153,BOOK_A,2025-07-15
TXN0003367619,APP002,2025-12-12,active,642306.56,CHF,EMEA,CP0110,SWAP,TDR0117,BOOK_A,2025-03-22
TXN0005733012,APP013,2025-12-15,failed,900174.18,USD,EMEA,CP0233,OPTION,TDR0185,BOOK_A,2026-01-14
TXN0007964318,APP013,2025-05-01,pending,800524.43,JPY,LATAM,CP0016,EQUITY,TDR0003,BOOK_D,2025-03-13
TXN0008515023,APP001,2025-07-21,active,574035.84,CHF,LATAM,CP0265,FX,TDR0147,BOOK_D,2025-04-13
TXN0005832615,APP011,2025-07-26,pending,21885.53,EUR,APAC,CP0483,BOND,TDR0089,BOOK_B,2025-01-07
TXN0003907373,APP011,2025-02-14,pending,203054.96,CHF,AMER,CP0170,OPTION,TDR0105,BOOK_C,2025-12-13
TXN0008479858,APP011,2025-04-13,pending,430432.22,EUR,EMEA,CP0045,SWAP,TDR0007,BOOK_C,2026-04-02
TXN0000597147,APP002,2025-08-08,settled,673971.41,USD,EMEA,CP0121,OPTION,TDR0147,BOOK_C,2025-02-23
TXN0007500070,APP005,2025-05-24,settled,554950.64,JPY,EMEA,CP0062,OPTION,TDR0175,BOOK_D,2025-07-29
TXN0005542083,APP003,2025-10-03,reversed,21407.3,AUD,EMEA,CP0238,EQUITY,TDR0159,BOOK_D,2025-03-28
TXN0005572096,APP011,2026-04-01,failed,878011.26,EUR,APAC,CP0199,FX,TDR0046,BOOK_A,2025-06-24
TXN0000830030,APP001,2025-12-08,reversed,369365.3,CHF,APAC,CP0350,SWAP,TDR0172,BOOK_D,2025-08-13
TXN0003733102,APP018,2025-10-27,reversed,236528.69,USD,AMER,CP0353,FUTURE,TDR0062,BOOK_C,2025-03-04
TXN0001010046,APP012,2025-09-01,failed,450372.39,AUD,EMEA,CP0451,FX,TDR0056,BOOK_C,2026-02-26
TXN0005586831,APP016,2025-02-19,active,468643.93,USD,EMEA,CP0117,OPTION,TDR0078,BOOK_D,2025-04-02
TXN0008980166,APP013,2025-08-26,settled,902053.36,JPY,LATAM,CP0324,FUTURE,TDR0145,BOOK_A,2025-05-05
TXN0007022886,APP009,2026-02-18,settled,601007.84,JPY,LATAM,CP0221,FX,TDR0197,BOOK_C,2025-01-09
TXN0005876542,APP015,2026-01-11,active,735315.8,JPY,APAC,CP0336,FUTURE,TDR0057,BOOK_A,2025-12-14
TXN0004652396,APP001,2026-03-28,pending,765888.79,AUD,APAC,CP0459,EQUITY,TDR0117,BOOK_D,2025-02-03
TXN0006324029,APP013,2025-05-30,failed,45237.16,GBP,EMEA,CP0256,FX,TDR0129,BOOK_B,2025-12-11
TXN0003834949,APP018,2026-01-08,failed,584223.24,EUR,LATAM,CP0396,FUTURE,TDR0030,BOOK_D,2025-12-02
TXN0001511292,APP005,2025-06-30,reversed,781394.57,AUD,LATAM,CP0446,FUTURE,TDR0166,BOOK_B,2026-03-25
TXN0005919506,APP018,2025-05-23,reversed,800208.37,CHF,EMEA,CP0134,BOND,TDR0161,BOOK_B,2025-07-11
TXN0005955247,APP017,2025-08-12,reversed,547683.91,AUD,AMER,CP0329,BOND,TDR0142,BOOK_C,2025-05-16
TXN0000673596,APP017,2026-03-17,settled,90290.91,EUR,AMER,CP0156,EQUITY,TDR0084,BOOK_C,2025-06-18
TXN0002961964,APP010,2025-04-10,active,340554.51,JPY,AMER,CP0284,OPTION,TDR0054,BOOK_A,2025-04-30
TXN0004073633,APP012,2025-06-01,active,148994.45,GBP,LATAM,CP0305,BOND,TDR0015,BOOK_A,2025-01-16
TXN0005534829,APP001,2025-04-01,failed,561666.32,CHF,EMEA,CP0004,FUTURE,TDR0160,BOOK_D,2025-12-08
TXN0006199538,APP001,2025-05-16,active,240374.12,USD,APAC,CP0053,FX,TDR0056,BOOK_D,2025-07-03
TXN0009785503,APP016,2025-07-03,reversed,879082.53,USD,EMEA,CP0215,OPTION,TDR0159,BOOK_C,2025-08-05
TXN0006641437,APP012,2025-03-05,pending,189524.9,JPY,LATAM,CP0090,FUTURE,TDR0011,BOOK_C,2025-01-04
TXN0002629066,APP019,2026-03-12,active,929917.38,GBP,APAC,CP0328,EQUITY,TDR0032,BOOK_A,2025-08-28
TXN0009454312,APP017,2025-10-11,reversed,364391.07,EUR,EMEA,CP0095,SWAP,TDR0049,BOOK_D,2025-03-17
TXN0004698523,APP004,2025-06-04,pending,509485.67,CHF,EMEA,CP0278,FUTURE,TDR0016,BOOK_C,2026-01-14
TXN0006388514,APP013,2025-07-21,failed,725738.29,AUD,LATAM,CP0169,BOND,TDR0080,BOOK_A,2025-07-07
TXN0007373756,APP001,2025-02-13,failed,134331.34,GBP,LATAM,CP0420,EQUITY,TDR0159,BOOK_D,2025-09-03
TXN0001641112,APP003,2026-04-02,pending,516391.44,AUD,APAC,CP0076,FUTURE,TDR0118,BOOK_D,2026-02-19
TXN0002499160,APP003,2026-01-29,reversed,260584.05,AUD,AMER,CP0188,EQUITY,TDR0181,BOOK_A,2026-03-04
TXN0004485060,APP005,2025-03-16,reversed,916292.04,AUD,AMER,CP0137,BOND,TDR0172,BOOK_A,2025-07-07
TXN0008712344,APP003,2026-01-24,pending,460862.11,EUR,APAC,CP0451,FUTURE,TDR0142,BOOK_C,2025-07-11
TXN0008257290,APP018,2025-07-04,settled,416813.12,AUD,LATAM,CP0272,EQUITY,TDR0048,BOOK_A,2025-08-03
TXN0001639313,APP015,2025-09-21,failed,88144.22,USD,EMEA,CP0222,SWAP,TDR0037,BOOK_A,2025-05-26
TXN0006509194,APP002,2026-03-15,pending,566173.34,CHF,AMER,CP0325,SWAP,TDR0036,BOOK_D,2025-02-09
TXN0002851097,APP002,2025-10-15,failed,974898.61,GBP,LATAM,CP0292,FUTURE,TDR0197,BOOK_C,2026-03-31
TXN0008938173,APP006,2026-03-12,active,91562.65,EUR,EMEA,CP0355,SWAP,TDR0036,BOOK_D,2025-10-21
TXN0003516217,APP008,2025-01-25,settled,912974.62,AUD,AMER,CP0160,SWAP,TDR0072,BOOK_C,2025-06-21
TXN0002169784,APP005,2025-09-10,pending,43620.98,GBP,APAC,CP0423,FX,TDR0055,BOOK_D,2026-01-14
TXN0005275748,APP002,2026-03-24,failed,966094.78,JPY,LATAM,CP0099,FUTURE,TDR0009,BOOK_B,2025-01-02
TXN0007282426,APP010,2025-02-10,active,800022.79,JPY,AMER,CP0461,FX,TDR0099,BOOK_B,2025-04-25
TXN0008131268,APP005,2025-10-30,settled,398726.95,JPY,APAC,CP0155,OPTION,TDR0174,BOOK_D,2025-01-23
TXN0004019148,APP005,2025-12-02,settled,475383.07,EUR,LATAM,CP0081,BOND,TDR0110,BOOK_B,2025-06-19
TXN0004643436,APP015,2025-07-24,reversed,789759.28,EUR,LATAM,CP0180,SWAP,TDR0028,BOOK_C,2026-02-14
TXN0005881109,APP020,2025-06-17,settled,338506.07,CHF,EMEA,CP0002,OPTION,TDR0186,BOOK_D,2025-07-27
TXN0007277597,APP012,2025-05-01,failed,657069.55,GBP,APAC,CP0453,FUTURE,TDR0039,BOOK_A,2025-02-28
TXN0004702078,APP014,2026-04-11,reversed,503957.93,AUD,AMER,CP0398,EQUITY,TDR0009,BOOK_C,2025-12-26
TXN0008163083,APP011,2026-02-27,active,530112.71,USD,APAC,CP0240,BOND,TDR0053,BOOK_C,2025-03-02
TXN0007174424,APP002,2025-06-05,settled,17562.13,CHF,LATAM,CP0037,EQUITY,TDR0135,BOOK_A,2025-12-20
TXN0009251795,APP005,2025-01-25,active,892825.94,USD,EMEA,CP0397,OPTION,TDR0037,BOOK_D,2025-02-13
TXN0005090943,APP019,2026-01-09,pending,974254.23,JPY,APAC,CP0166,FX,TDR0179,BOOK_D,2025-12-25
TXN0003177501,APP014,2026-03-01,pending,610392.47,CHF,EMEA,CP0009,OPTION,TDR0083,BOOK_C,2026-01-09
TXN0007325856,APP008,2025-05-20,failed,540869.87,AUD,AMER,CP0343,EQUITY,TDR0045,BOOK_C,2026-04-09
TXN0005008674,APP003,2026-04-04,settled,271429.92,EUR,LATAM,CP0424,FX,TDR0005,BOOK_D,2025-09-11
TXN0007848556,APP001,2026-02-05,active,559101.6,USD,APAC,CP0102,EQUITY,TDR0038,BOOK_B,2025-12-17
TXN0007626830,APP016,2025-06-29,settled,626029.4,GBP,AMER,CP0115,OPTION,TDR0054,BOOK_D,2025-10-26
TXN0003352801,APP020,2026-01-28,pending,567775.38,GBP,LATAM,CP0402,FX,TDR0117,BOOK_C,2026-02-24
TXN0007306757,APP008,2025-10-19,settled,582139.46,USD,AMER,CP0403,OPTION,TDR0061,BOOK_D,2026-01-26
TXN0004590513,APP003,2025-02-27,pending,863222.17,CHF,LATAM,CP0033,FX,TDR0108,BOOK_D,2026-03-20
TXN0001772452,APP012,2026-01-29,reversed,107819.5,AUD,LATAM,CP0363,SWAP,TDR0164,BOOK_B,2025-12-01
TXN0003980993,APP020,2025-11-05,failed,340800.26,AUD,AMER,CP0321,OPTION,TDR0097,BOOK_B,2025-04-15
TXN0002024058,APP004,2025-06-10,settled,107345.8,AUD,EMEA,CP0296,FUTURE,TDR0166,BOOK_D,2025-03-18
TXN0001298192,APP001,2025-03-17,failed,547438.48,CHF,LATAM,CP0474,FX,TDR0018,BOOK_D,2025-11-02
TXN0003899729,APP001,2025-08-14,pending,648865.55,AUD,AMER,CP0277,FUTURE,TDR0009,BOOK_C,2025-02-27
TXN0008049293,APP005,2026-02-20,failed,358737.79,EUR,APAC,CP0089,EQUITY,TDR0198,BOOK_A,2025-06-01
TXN0000824591,APP013,2026-01-04,reversed,307295.0,USD,EMEA,CP0138,EQUITY,TDR0108,BOOK_D,2026-01-11
TXN0009402806,APP016,2026-03-19,settled,570390.17,JPY,APAC,CP0170,FUTURE,TDR0154,BOOK_B,2025-03-17
TXN0001175785,APP006,2025-07-08,settled,535347.4,EUR,APAC,CP0218,OPTION,TDR0016,BOOK_C,2026-01-08
TXN0001689651,APP020,2026-01-11,pending,905444.67,JPY,APAC,CP0479,SWAP,TDR0115,BOOK_B,2025-07-15
TXN0007359433,APP002,2026-02-19,settled,38217.8,CHF,EMEA,CP0022,FUTURE,TDR0146,BOOK_A,2025-08-17
TXN0002595132,APP015,2025-01-21,reversed,566044.15,CHF,APAC,CP0028,SWAP,TDR0020,BOOK_A,2026-01-07
TXN0006456978,APP012,2026-03-03,active,94561.33,USD,AMER,CP0143,BOND,TDR0077,BOOK_A,2025-02-24
TXN0005510115,APP013,2025-03-17,reversed,480874.41,EUR,AMER,CP0189,EQUITY,TDR0196,BOOK_A,2025-05-01
TXN0004075027,APP017,2025-02-25,failed,261651.34,AUD,LATAM,CP0360,BOND,TDR0026,BOOK_A,2025-12-13
TXN0009832409,APP020,2025-10-23,reversed,841443.87,EUR,APAC,CP0149,SWAP,TDR0077,BOOK_D,2025-09-02
TXN0004363951,APP004,2025-06-25,pending,779576.88,JPY,LATAM,CP0484,FX,TDR0146,BOOK_B,2026-03-12
TXN0006750628,APP007,2025-05-11,failed,418910.58,JPY,APAC,CP0477,FX,TDR0068,BOOK_D,2026-01-11
TXN0009811035,APP015,2025-05-14,failed,567854.19,CHF,APAC,CP0189,FUTURE,TDR0121,BOOK_C,2025-12-13
TXN0001468616,APP009,2025-12-14,settled,450355.6,JPY,LATAM,CP0110,BOND,TDR0116,BOOK_D,2026-03-30
TXN0008681787,APP019,2025-09-25,failed,223424.59,CHF,LATAM,CP0175,OPTION,TDR0197,BOOK_A,2025-03-31
TXN0004814432,APP003,2025-11-29,settled,965813.89,JPY,LATAM,CP0178,SWAP,TDR0064,BOOK_D,2025-10-25
TXN0005077870,APP005,2025-02-14,active,610151.38,USD,LATAM,CP0075,EQUITY,TDR0084,BOOK_B,2026-01-29
TXN0008260681,APP015,2025-11-20,pending,832805.74,GBP,AMER,CP0023,SWAP,TDR0039,BOOK_B,2025-04-15
TXN0002411401,APP007,2025-09-22,failed,714864.83,GBP,EMEA,CP0139,BOND,TDR0025,BOOK_A,2025-02-21
TXN0009549631,APP019,2025-02-21,failed,500428.08,GBP,EMEA,CP0241,BOND,TDR0130,BOOK_A,2025-12-31
TXN0007449359,APP015,2025-01-21,pending,388511.14,GBP,APAC,CP0411,SWAP,TDR0179,BOOK_A,2025-06-07
TXN0009398796,APP016,2026-03-08,failed,965726.91,JPY,EMEA,CP0352,FX,TDR0170,BOOK_C,2026-01-27
TXN0007840561,APP008,2025-01-07,reversed,621532.88,CHF,LATAM,CP0141,SWAP,TDR0178,BOOK_B,2026-02-23
TXN0008995346,APP016,2025-07-18,reversed,294975.91,EUR,LATAM,CP0218,FX,TDR0104,BOOK_D,2025-08-18
TXN0003266487,APP010,2025-08-10,settled,137973.37,JPY,LATAM,CP0222,SWAP,TDR0032,BOOK_D,2025-05-02
TXN0000098067,APP003,2025-11-26,pending,78636.84,CHF,EMEA,CP0346,OPTION,TDR0033,BOOK_D,2025-02-24
TXN0003469813,APP009,2025-12-11,pending,284376.16,CHF,APAC,CP0361,OPTION,TDR0196,BOOK_C,2025-01-21
TXN0007130692,APP007,2026-01-23,active,801967.76,USD,APAC,CP0276,FUTURE,TDR0162,BOOK_B,2025-12-31
TXN0001405062,APP020,2026-02-07,pending,576720.7,GBP,EMEA,CP0396,BOND,TDR0127,BOOK_C,2026-01-12
TXN0005779531,APP008,2025-01-04,failed,761430.67,USD,AMER,CP0408,OPTION,TDR0015,BOOK_A,2025-08-18
TXN0003111387,APP015,2025-01-18,pending,87.77,EUR,AMER,CP0388,OPTION,TDR0012,BOOK_C,2026-03-23
TXN0004988241,APP014,2025-04-04,failed,212393.59,CHF,LATAM,CP0404,FX,TDR0109,BOOK_B,2025-07-15
TXN0006294416,APP005,2025-07-03,active,71446.17,USD,EMEA,CP0057,OPTION,TDR0124,BOOK_C,2025-04-05
TXN0006781038,APP002,2025-10-26,pending,497764.28,USD,AMER,CP0147,BOND,TDR0147,BOOK_A,2025-01-12
TXN0006499241,APP016,2025-05-06,reversed,301703.91,GBP,AMER,CP0474,EQUITY,TDR0052,BOOK_D,2026-01-22
TXN0004906368,APP016,2025-01-05,failed,844574.12,USD,APAC,CP0162,FUTURE,TDR0149,BOOK_A,2025-07-26
TXN0002572148,APP009,2025-01-30,failed,239465.15,CHF,LATAM,CP0088,EQUITY,TDR0049,BOOK_C,2026-03-09
TXN0005049905,APP001,2025-07-13,active,402617.83,USD,AMER,CP0102,FX,TDR0139,BOOK_B,2026-04-10
TXN0008543003,APP007,2025-07-18,active,275330.81,USD,LATAM,CP0255,SWAP,TDR0143,BOOK_B,2025-05-01
TXN0003067692,APP011,2025-03-30,active,963080.33,JPY,APAC,CP0312,BOND,TDR0141,BOOK_C,2025-04-07
TXN0008933213,APP010,2025-06-11,failed,437543.6,EUR,EMEA,CP0320,SWAP,TDR0054,BOOK_B,2025-08-02
TXN0000525961,APP001,2025-12-04,reversed,538885.07,AUD,EMEA,CP0046,BOND,TDR0147,BOOK_A,2025-06-14
TXN0000614328,APP013,2025-02-20,settled,325959.0,CHF,LATAM,CP0176,BOND,TDR0059,BOOK_B,2025-07-05
TXN0007405944,APP001,2025-09-19,active,503731.63,AUD,AMER,CP0253,EQUITY,TDR0103,BOOK_B,2026-02-09
TXN0000171377,APP020,2026-01-29,active,346216.03,USD,LATAM,CP0470,FX,TDR0058,BOOK_B,2025-06-13
TXN0007920434,APP019,2025-09-15,failed,899946.34,CHF,APAC,CP0480,BOND,TDR0176,BOOK_A,2025-02-27
TXN0007553440,APP016,2026-02-08,failed,805089.89,GBP,LATAM,CP0201,OPTION,TDR0009,BOOK_D,2025-03-23
TXN0000249831,APP012,2025-09-05,settled,764768.17,USD,APAC,CP0288,BOND,TDR0119,BOOK_A,2025-11-22
TXN0008468500,APP012,2025-04-18,failed,471413.64,CHF,EMEA,CP0042,FX,TDR0105,BOOK_A,2025-02-06
TXN0006343417,APP003,2026-02-18,failed,262807.54,EUR,APAC,CP0383,EQUITY,TDR0067,BOOK_C,2025-03-13
TXN0001354417,APP010,2025-02-08,settled,676557.82,AUD,AMER,CP0394,BOND,TDR0155,BOOK_A,2025-06-26
TXN0000086848,APP009,2025-02-17,failed,536686.09,USD,AMER,CP0118,BOND,TDR0072,BOOK_C,2025-03-02
TXN0003390636,APP017,2025-03-01,pending,173401.8,GBP,AMER,CP0032,FUTURE,TDR0082,BOOK_B,2025-06-18
TXN0003992628,APP016,2025-10-26,failed,671261.9,GBP,APAC,CP0453,SWAP,TDR0112,BOOK_D,2025-04-27
TXN0002718695,APP018,2025-02-20,active,871024.22,EUR,LATAM,CP0341,EQUITY,TDR0112,BOOK_A,2025-10-01
TXN0008854776,APP018,2025-11-14,pending,230090.31,CHF,LATAM,CP0479,OPTION,TDR0108,BOOK_D,2025-06-10
TXN0009586973,APP009,2025-01-27,reversed,909144.29,USD,APAC,CP0237,SWAP,TDR0055,BOOK_B,2025-05-09
TXN0008773153,APP017,2025-07-24,settled,181897.95,AUD,APAC,CP0332,EQUITY,TDR0170,BOOK_A,2025-05-11
TXN0005509356,APP007,2025-02-22,pending,199138.34,JPY,LATAM,CP0210,FX,TDR0124,BOOK_B,2025-05-08
TXN0007930001,APP008,2025-02-20,pending,710362.61,GBP,APAC,CP0460,FUTURE,TDR0025,BOOK_C,2025-07-12
TXN0002552720,APP001,2025-02-02,failed,29857.94,CHF,APAC,CP0393,OPTION,TDR0096,BOOK_C,2025-07-01
TXN0008209563,APP001,2025-10-24,active,168166.66,JPY,EMEA,CP0310,OPTION,TDR0099,BOOK_D,2025-12-28
TXN0004751544,APP012,2026-04-05,pending,364316.65,USD,EMEA,CP0400,EQUITY,TDR0192,BOOK_D,2026-01-10
TXN0004905415,APP014,2025-12-04,reversed,59452.33,EUR,APAC,CP0299,BOND,TDR0168,BOOK_C,2025-06-18
TXN0005287661,APP013,2025-02-18,reversed,834239.76,AUD,AMER,CP0184,OPTION,TDR0161,BOOK_D,2025-03-18
TXN0006994596,APP011,2025-04-02,failed,679485.7,AUD,EMEA,CP0307,FUTURE,TDR0144,BOOK_B,2026-02-27
TXN0002126590,APP016,2025-03-03,reversed,459918.99,JPY,APAC,CP0498,OPTION,TDR0035,BOOK_C,2026-02-13
TXN0009199810,APP018,2025-04-02,reversed,770430.53,JPY,EMEA,CP0150,FUTURE,TDR0083,BOOK_A,2025-09-02
TXN0006424173,APP004,2025-11-05,pending,231509.61,EUR,APAC,CP0230,EQUITY,TDR0030,BOOK_B,2026-01-14
TXN0005991650,APP004,2025-12-01,active,847731.28,JPY,EMEA,CP0267,FUTURE,TDR0150,BOOK_A,2026-03-25
TXN0005744463,APP004,2025-02-13,pending,908672.17,EUR,APAC,CP0277,EQUITY,TDR0190,BOOK_C,2025-05-14
TXN0005700336,APP017,2026-01-12,reversed,390612.66,GBP,AMER,CP0229,BOND,TDR0071,BOOK_A,2025-12-28
TXN0000850501,APP019,2025-08-04,pending,180236.34,JPY,AMER,CP0222,BOND,TDR0101,BOOK_C,2025-09-14
TXN0006178414,APP009,2026-02-28,failed,785138.47,JPY,LATAM,CP0107,EQUITY,TDR0095,BOOK_D,2025-01-29
TXN0007428860,APP010,2025-11-16,settled,892157.81,JPY,EMEA,CP0493,OPTION,TDR0070,BOOK_A,2025-07-25
TXN0004021505,APP015,2025-11-01,failed,475546.78,EUR,LATAM,CP0351,FUTURE,TDR0084,BOOK_A,2025-03-06
TXN0000084699,APP009,2025-12-04,pending,778921.56,EUR,LATAM,CP0382,BOND,TDR0035,BOOK_D,2025-11-19
TXN0002214800,APP018,2025-09-10,reversed,301089.09,AUD,EMEA,CP0388,FX,TDR0089,BOOK_C,2025-03-05
TXN0008211942,APP008,2025-06-09,settled,538056.43,EUR,APAC,CP0208,FX,TDR0166,BOOK_B,2025-08-19
TXN0004112025,APP012,2025-12-15,pending,866241.04,AUD,EMEA,CP0051,FX,TDR0163,BOOK_D,2026-01-02
TXN0000437914,APP004,2025-05-12,pending,352908.52,JPY,AMER,CP0230,FX,TDR0134,BOOK_A,2025-12-09
TXN0002446388,APP012,2025-05-20,pending,951734.88,JPY,AMER,CP0073,SWAP,TDR0196,BOOK_C,2025-10-16
TXN0004096794,APP009,2026-01-04,failed,381763.19,CHF,AMER,CP0180,FX,TDR0031,BOOK_B,2025-06-22
TXN0009732849,APP004,2026-03-09,reversed,624417.5,GBP,LATAM,CP0490,FUTURE,TDR0102,BOOK_D,2025-07-17
TXN0005520707,APP015,2025-10-04,settled,33900.25,GBP,EMEA,CP0405,BOND,TDR0063,BOOK_C,2025-04-29
TXN0006286861,APP004,2025-09-21,failed,925654.43,JPY,AMER,CP0211,OPTION,TDR0021,BOOK_D,2025-12-26
TXN0005195282,APP019,2025-10-24,active,717939.66,AUD,LATAM,CP0309,OPTION,TDR0119,BOOK_A,2025-10-10
TXN0006328002,APP010,2025-11-03,failed,979649.51,USD,EMEA,CP0290,BOND,TDR0072,BOOK_B,2026-02-05
TXN0002178055,APP015,2025-11-26,pending,170480.75,USD,LATAM,CP0239,BOND,TDR0174,BOOK_B,2025-12-31
TXN0007432231,APP006,2025-08-09,active,738276.81,JPY,EMEA,CP0355,OPTION,TDR0051,BOOK_C,2025-07-03
TXN0000873806,APP001,2025-08-27,settled,335414.4,EUR,EMEA,CP0050,SWAP,TDR0079,BOOK_C,2025-09-02
TXN0004798900,APP008,2025-06-21,active,666787.27,AUD,LATAM,CP0047,FX,TDR0051,BOOK_A,2025-02-04
TXN0009234942,APP018,2025-11-27,settled,37289.02,AUD,APAC,CP0173,FUTURE,TDR0034,BOOK_A,2026-01-19
TXN0007193373,APP020,2025-08-28,reversed,471122.91,USD,EMEA,CP0430,BOND,TDR0160,BOOK_D,2026-02-05
TXN0002785428,APP010,2025-02-24,active,643413.98,GBP,APAC,CP0027,FUTURE,TDR0056,BOOK_C,2025-09-14
TXN0001666755,APP015,2025-02-08,settled,100202.92,CHF,LATAM,CP0102,BOND,TDR0199,BOOK_C,2025-06-08
TXN0002900940,APP018,2025-12-24,active,698085.86,AUD,APAC,CP0127,EQUITY,TDR0135,BOOK_B,2025-03-03
TXN0004450480,APP020,2025-01-02,active,5984.64,EUR,APAC,CP0323,EQUITY,TDR0012,BOOK_D,2026-02-09
TXN0008200736,APP011,2026-01-05,failed,821511.63,JPY,AMER,CP0071,EQUITY,TDR0048,BOOK_B,2025-10-11
TXN0007542419,APP008,2025-10-18,reversed,336350.27,GBP,EMEA,CP0122,FX,TDR0002,BOOK_B,2026-02-26
TXN0002265545,APP008,2025-09-24,pending,70132.81,JPY,AMER,CP0442,OPTION,TDR0088,BOOK_D,2025-01-10
TXN0003443626,APP018,2025-08-11,active,510216.76,EUR,LATAM,CP0442,FUTURE,TDR0092,BOOK_C,2025-02-13
TXN0007694151,APP006,2025-08-25,active,694732.09,AUD,EMEA,CP0226,FX,TDR0108,BOOK_A,2025-05-13
TXN0001119343,APP012,2025-06-15,settled,490767.3,AUD,APAC,CP0439,SWAP,TDR0064,BOOK_D,2026-01-30
TXN0002441804,APP018,2026-03-05,pending,785732.66,AUD,LATAM,CP0235,BOND,TDR0165,BOOK_B,2026-03-10
TXN0006950690,APP016,2025-09-19,settled,461886.0,AUD,LATAM,CP0314,BOND,TDR0068,BOOK_D,2025-10-02
TXN0004827962,APP008,2025-12-18,pending,269805.84,GBP,APAC,CP0433,FUTURE,TDR0024,BOOK_D,2025-11-09
TXN0002284576,APP018,2025-09-20,pending,175021.11,EUR,AMER,CP0464,FX,TDR0083,BOOK_A,2026-04-07
TXN0004764075,APP004,2025-02-05,pending,817048.16,GBP,APAC,CP0101,EQUITY,TDR0048,BOOK_C,2025-06-15
TXN0005779990,APP010,2025-08-22,settled,470692.5,USD,AMER,CP0408,FX,TDR0016,BOOK_A,2025-03-29
TXN0009876490,APP003,2026-03-05,active,872725.11,AUD,AMER,CP0436,EQUITY,TDR0143,BOOK_B,2025-08-25
TXN0001289953,APP016,2025-03-31,pending,258550.24,CHF,APAC,CP0055,EQUITY,TDR0016,BOOK_D,2025-03-02
TXN0007019669,APP012,2026-02-16,failed,337866.41,CHF,EMEA,CP0235,FUTURE,TDR0077,BOOK_B,2026-02-26
TXN0003933819,APP010,2026-02-16,active,2718.17,USD,APAC,CP0061,FUTURE,TDR0041,BOOK_A,2025-01-02
TXN0003202323,APP014,2025-08-26,pending,753444.32,EUR,AMER,CP0470,SWAP,TDR0177,BOOK_A,2025-08-17
TXN0006170833,APP002,2026-03-15,active,602663.36,AUD,EMEA,CP0230,FX,TDR0014,BOOK_C,2025-06-12
TXN0000967290,APP003,2025-06-05,failed,949358.76,GBP,AMER,CP0190,BOND,TDR0086,BOOK_C,2025-09-29
TXN0004901948,APP014,2025-03-06,failed,591739.04,JPY,AMER,CP0384,BOND,TDR0179,BOOK_C,2025-07-27
TXN0007104163,APP015,2025-10-09,settled,226774.07,JPY,AMER,CP0235,FX,TDR0095,BOOK_D,2025-03-12
TXN0002282941,APP003,2025-09-24,reversed,716907.63,USD,AMER,CP0455,EQUITY,TDR0034,BOOK_B,2025-09-13
TXN0003840359,APP003,2025-06-25,pending,321967.07,GBP,AMER,CP0266,EQUITY,TDR0090,BOOK_A,2025-11-06
TXN0002907191,APP016,2025-06-23,pending,372155.75,EUR,APAC,CP0211,OPTION,TDR0087,BOOK_B,2025-05-26
TXN0006543069,APP015,2026-01-10,active,624018.96,EUR,EMEA,CP0103,OPTION,TDR0024,BOOK_B,2025-05-17
TXN0004311334,APP001,2026-03-18,pending,243581.63,JPY,EMEA,CP0041,SWAP,TDR0150,BOOK_B,2025-08-27
TXN0001335173,APP002,2025-06-17,pending,895766.75,EUR,EMEA,CP0277,OPTION,TDR0094,BOOK_D,2026-03-27
TXN0001165974,APP005,2025-03-30,settled,568321.74,AUD,EMEA,CP0344,SWAP,TDR0041,BOOK_C,2026-03-19
TXN0008518646,APP001,2025-02-26,reversed,843325.5,JPY,AMER,CP0004,SWAP,TDR0115,BOOK_A,2025-01-22
TXN0002535092,APP007,2025-01-16,pending,598025.97,GBP,APAC,CP0002,OPTION,TDR0172,BOOK_D,2026-02-28
TXN0007391181,APP017,2026-02-09,pending,562783.89,AUD,EMEA,CP0054,BOND,TDR0011,BOOK_C,2026-02-11
TXN0007800068,APP003,2025-11-13,reversed,796904.14,EUR,AMER,CP0314,BOND,TDR0146,BOOK_D,2025-12-31
TXN0009385978,APP008,2025-07-30,failed,919009.95,EUR,AMER,CP0162,EQUITY,TDR0060,BOOK_A,2025-05-01
TXN0005414553,APP004,2025-05-24,failed,676739.06,GBP,AMER,CP0175,OPTION,TDR0195,BOOK_A,2025-03-18
TXN0009996453,APP014,2025-07-30,pending,397435.21,AUD,LATAM,CP0192,OPTION,TDR0155,BOOK_B,2025-01-11
TXN0009876675,APP014,2025-07-15,reversed,443148.52,CHF,AMER,CP0234,SWAP,TDR0008,BOOK_A,2025-05-03
TXN0002351952,APP020,2025-12-20,failed,909045.46,EUR,EMEA,CP0159,OPTION,TDR0054,BOOK_A,2026-02-16
TXN0001250591,APP010,2025-08-06,failed,406582.38,AUD,APAC,CP0378,BOND,TDR0106,BOOK_B,2025-11-16
TXN0003984931,APP010,2026-01-13,settled,213575.31,EUR,AMER,CP0068,FX,TDR0185,BOOK_A,2025-06-10
TXN0009203152,APP019,2025-07-04,active,468656.66,AUD,APAC,CP0217,EQUITY,TDR0087,BOOK_B,2025-03-17
TXN0009211700,APP015,2026-02-20,settled,159935.28,GBP,EMEA,CP0123,FX,TDR0032,BOOK_B,2025-07-11
TXN0000647112,APP003,2025-08-31,pending,994047.09,USD,APAC,CP0094,SWAP,TDR0037,BOOK_A,2025-07-19
TXN0000466019,APP012,2025-09-06,pending,324638.13,CHF,LATAM,CP0012,EQUITY,TDR0180,BOOK_A,2026-03-03
TXN0003652571,APP014,2025-05-25,pending,951818.75,AUD,APAC,CP0021,SWAP,TDR0115,BOOK_D,2025-06-11
TXN0006669715,APP020,2025-10-26,settled,504826.51,GBP,APAC,CP0494,BOND,TDR0105,BOOK_B,2026-01-05
TXN0000129500,APP011,2025-01-03,failed,203841.19,AUD,EMEA,CP0018,FUTURE,TDR0191,BOOK_A,2026-01-10
TXN0007319002,APP007,2025-01-23,pending,232172.03,USD,LATAM,CP0319,FUTURE,TDR0022,BOOK_A,2025-07-30
TXN0006977689,APP010,2025-06-03,active,291960.8,AUD,LATAM,CP0134,BOND,TDR0094,BOOK_D,2025-10-09
TXN0002700632,APP018,2025-09-13,active,368677.67,EUR,LATAM,CP0485,FUTURE,TDR0102,BOOK_B,2025-01-25
TXN0008520058,APP002,2025-08-05,settled,440941.34,JPY,APAC,CP0276,FUTURE,TDR0132,BOOK_A,2025-04-10
TXN0000270408,APP017,2025-11-03,reversed,410135.1,USD,EMEA,CP0401,BOND,TDR0052,BOOK_B,2025-05-09
TXN0003631845,APP016,2025-03-20,reversed,856496.24,USD,EMEA,CP0411,FX,TDR0049,BOOK_A,2026-02-12
TXN0001622488,APP019,2025-01-28,failed,359626.86,USD,LATAM,CP0239,FX,TDR0009,BOOK_D,2026-04-12
TXN0007270057,APP006,2025-03-05,reversed,588096.08,USD,EMEA,CP0010,SWAP,TDR0028,BOOK_A,2025-08-03
TXN0001561840,APP014,2025-05-10,failed,169259.72,JPY,AMER,CP0191,EQUITY,TDR0142,BOOK_A,2026-01-31
TXN0007149145,APP001,2025-09-06,failed,576221.81,EUR,APAC,CP0293,OPTION,TDR0200,BOOK_C,2025-09-08
TXN0007921779,APP006,2026-03-07,active,583070.82,USD,APAC,CP0319,SWAP,TDR0053,BOOK_D,2026-02-07
TXN0009269030,APP012,2025-06-22,pending,940129.25,EUR,EMEA,CP0495,BOND,TDR0006,BOOK_B,2026-03-23
TXN0005136707,APP008,2025-10-07,settled,26785.75,AUD,LATAM,CP0428,SWAP,TDR0106,BOOK_D,2025-11-17
TXN0004032245,APP007,2026-01-26,pending,159785.64,CHF,EMEA,CP0161,FUTURE,TDR0044,BOOK_B,2025-01-25
TXN0002190269,APP015,2025-11-18,active,772888.05,CHF,LATAM,CP0241,EQUITY,TDR0193,BOOK_A,2026-01-23
TXN0003429578,APP014,2025-03-13,reversed,993421.17,AUD,EMEA,CP0263,EQUITY,TDR0155,BOOK_A,2025-05-21
TXN0008194114,APP012,2025-04-10,pending,532234.01,AUD,AMER,CP0003,SWAP,TDR0081,BOOK_A,2025-04-06
TXN0004968615,APP007,2026-01-17,pending,50678.59,JPY,LATAM,CP0021,FUTURE,TDR0197,BOOK_B,2025-11-02
TXN0000790880,APP018,2025-12-20,settled,738517.5,CHF,APAC,CP0349,FUTURE,TDR0121,BOOK_A,2025-03-28
TXN0009610321,APP015,2025-08-12,settled,196592.61,USD,APAC,CP0396,OPTION,TDR0050,BOOK_A,2025-12-13
TXN0000469834,APP019,2025-07-13,settled,579502.29,JPY,AMER,CP0325,OPTION,TDR0053,BOOK_C,2025-01-22
TXN0006010603,APP015,2025-12-27,reversed,977423.19,USD,APAC,CP0273,BOND,TDR0127,BOOK_D,2025-12-01
TXN0002079079,APP017,2025-05-24,failed,959040.03,GBP,APAC,CP0350,EQUITY,TDR0033,BOOK_B,2025-07-22
TXN0000226514,APP009,2025-03-07,active,880555.46,USD,APAC,CP0218,OPTION,TDR0192,BOOK_B,2026-03-07
TXN0009865973,APP001,2025-11-25,settled,10940.03,EUR,EMEA,CP0441,BOND,TDR0127,BOOK_B,2025-11-20
TXN0009308364,APP019,2025-02-27,active,786245.76,USD,AMER,CP0436,OPTION,TDR0118,BOOK_A,2025-03-08
TXN0003101698,APP005,2025-05-07,failed,821255.91,EUR,APAC,CP0164,FX,TDR0022,BOOK_A,2026-02-13
TXN0000289558,APP011,2025-04-23,active,931765.46,GBP,LATAM,CP0263,FUTURE,TDR0065,BOOK_B,2025-04-29
TXN0006493586,APP008,2025-11-29,active,989847.09,AUD,APAC,CP0316,FUTURE,TDR0010,BOOK_D,2026-01-04
TXN0000676355,APP007,2026-02-11,pending,341707.75,JPY,AMER,CP0450,OPTION,TDR0095,BOOK_B,2025-08-26
TXN0007212535,APP013,2025-01-21,failed,166908.39,GBP,EMEA,CP0499,BOND,TDR0040,BOOK_A,2025-12-01
TXN0009915652,APP016,2026-03-19,pending,696830.08,USD,AMER,CP0281,EQUITY,TDR0052,BOOK_A,2025-12-18
TXN0007806271,APP019,2025-11-03,failed,93204.05,USD,LATAM,CP0015,EQUITY,TDR0012,BOOK_B,2025-05-18
TXN0006585676,APP017,2025-09-01,settled,936384.79,USD,AMER,CP0184,BOND,TDR0131,BOOK_D,2026-03-01
TXN0000716037,APP010,2025-01-21,pending,498050.96,CHF,AMER,CP0477,FUTURE,TDR0125,BOOK_D,2025-06-28
TXN0009259398,APP001,2025-10-26,active,969731.62,USD,LATAM,CP0059,SWAP,TDR0116,BOOK_B,2025-03-20
TXN0006932836,APP006,2025-12-02,pending,892337.83,GBP,LATAM,CP0068,OPTION,TDR0126,BOOK_A,2025-09-04
TXN0004151344,APP015,2025-04-11,reversed,717440.82,USD,LATAM,CP0454,FX,TDR0137,BOOK_B,2025-06-14
TXN0009927352,APP008,2026-02-11,reversed,345928.64,USD,AMER,CP0422,EQUITY,TDR0076,BOOK_C,2025-07-03
TXN0004167282,APP001,2025-04-15,active,129927.87,USD,AMER,CP0059,EQUITY,TDR0173,BOOK_A,2025-01-02
TXN0008735965,APP014,2025-03-28,reversed,444843.69,JPY,APAC,CP0480,FX,TDR0187,BOOK_B,2025-02-21
TXN0000499317,APP001,2025-04-03,settled,737882.82,JPY,EMEA,CP0441,SWAP,TDR0099,BOOK_A,2025-07-08
TXN0003739241,APP018,2025-05-30,failed,577617.31,CHF,LATAM,CP0156,FUTURE,TDR0096,BOOK_C,2025-04-17
TXN0009671321,APP003,2025-10-19,pending,769395.01,EUR,LATAM,CP0066,OPTION,TDR0015,BOOK_A,2025-08-26
TXN0005567507,APP003,2025-08-09,pending,240012.07,GBP,APAC,CP0467,BOND,TDR0161,BOOK_A,2025-11-25
TXN0002279228,APP008,2025-02-02,active,459808.13,EUR,EMEA,CP0003,EQUITY,TDR0038,BOOK_B,2025-01-07
TXN0004704802,APP002,2026-03-29,settled,248511.44,GBP,APAC,CP0001,FUTURE,TDR0199,BOOK_B,2026-01-08
TXN0006109318,APP013,2025-09-19,pending,514407.86,CHF,EMEA,CP0093,OPTION,TDR0044,BOOK_D,2026-01-24
TXN0001624614,APP008,2025-09-08,failed,305035.45,AUD,AMER,CP0207,BOND,TDR0086,BOOK_B,2025-03-15
TXN0007461262,APP013,2025-10-28,pending,761272.7,JPY,LATAM,CP0226,OPTION,TDR0170,BOOK_B,2025-03-31
TXN0003663755,APP017,2025-12-07,active,274428.39,AUD,AMER,CP0459,SWAP,TDR0092,BOOK_B,2026-04-12
TXN0009936662,APP010,2026-03-28,failed,498363.02,EUR,LATAM,CP0244,FUTURE,TDR0130,BOOK_D,2025-07-02
TXN0009314525,APP016,2025-01-06,pending,918397.4,EUR,EMEA,CP0240,EQUITY,TDR0141,BOOK_A,2025-02-09
TXN0004635516,APP015,2025-09-01,failed,720357.62,GBP,LATAM,CP0154,FUTURE,TDR0036,BOOK_C,2025-01-30
TXN0001192281,APP014,2025-12-05,settled,324458.85,AUD,APAC,CP0066,BOND,TDR0182,BOOK_B,2025-11-30
TXN0009231209,APP013,2026-04-14,active,701435.37,USD,EMEA,CP0238,BOND,TDR0035,BOOK_C,2025-10-05
TXN0004800600,APP001,2025-10-22,failed,745827.27,EUR,APAC,CP0439,FUTURE,TDR0199,BOOK_D,2025-03-25
TXN0000417377,APP015,2026-01-19,failed,537985.7,AUD,LATAM,CP0399,BOND,TDR0043,BOOK_D,2026-01-18
TXN0000865001,APP008,2025-09-29,reversed,162279.32,GBP,LATAM,CP0473,FUTURE,TDR0019,BOOK_C,2026-03-15
TXN0008437848,APP005,2025-02-11,active,915351.49,GBP,LATAM,CP0421,EQUITY,TDR0090,BOOK_A,2026-01-20
TXN0001799918,APP004,2025-06-15,failed,487033.03,CHF,EMEA,CP0281,OPTION,TDR0116,BOOK_A,2025-08-11
TXN0002822983,APP012,2025-04-21,active,29207.46,JPY,APAC,CP0364,FX,TDR0169,BOOK_C,2025-12-11
TXN0000133403,APP003,2026-02-01,active,415763.11,USD,LATAM,CP0491,EQUITY,TDR0135,BOOK_B,2025-03-04
TXN0008227917,APP013,2025-11-29,pending,351956.68,GBP,AMER,CP0420,SWAP,TDR0138,BOOK_D,2025-11-12
TXN0003920848,APP017,2025-07-01,settled,41638.47,CHF,APAC,CP0311,OPTION,TDR0008,BOOK_C,2025-09-25
TXN0006739178,APP017,2025-08-23,pending,571937.68,GBP,AMER,CP0158,SWAP,TDR0088,BOOK_B,2025-03-29
TXN0007390820,APP017,2025-10-18,failed,419145.02,AUD,LATAM,CP0232,BOND,TDR0170,BOOK_A,2025-04-02
TXN0000516644,APP016,2025-06-20,settled,915154.92,EUR,AMER,CP0105,OPTION,TDR0009,BOOK_D,2026-01-13
TXN0007952795,APP009,2025-04-05,reversed,683783.59,USD,LATAM,CP0375,SWAP,TDR0158,BOOK_D,2025-11-29
TXN0005515344,APP004,2025-11-18,pending,975550.83,AUD,LATAM,CP0427,OPTION,TDR0175,BOOK_B,2025-06-25
TXN0000499251,APP007,2025-01-06,active,53643.34,JPY,EMEA,CP0479,SWAP,TDR0027,BOOK_C,2025-11-07
TXN0002874640,APP005,2025-12-29,failed,964777.28,EUR,AMER,CP0105,FX,TDR0016,BOOK_D,2026-02-11
TXN0005022455,APP006,2025-11-04,failed,711194.83,GBP,APAC,CP0074,FUTURE,TDR0192,BOOK_C,2025-02-27
TXN0000411649,APP010,2025-06-10,reversed,285047.04,JPY,EMEA,CP0095,SWAP,TDR0090,BOOK_D,2025-05-21
TXN0000894495,APP004,2025-11-06,reversed,374739.31,EUR,EMEA,CP0284,EQUITY,TDR0045,BOOK_B,2026-03-01
TXN0005055010,APP015,2025-04-11,reversed,525079.64,CHF,APAC,CP0118,SWAP,TDR0045,BOOK_C,2025-10-01
TXN0004564685,APP020,2025-09-25,failed,335806.53,USD,LATAM,CP0488,FUTURE,TDR0086,BOOK_C,2025-03-05
TXN0006740614,APP013,2025-04-03,pending,541472.92,GBP,AMER,CP0113,FX,TDR0013,BOOK_C,2026-02-27
TXN0002049804,APP018,2025-12-15,reversed,152819.12,USD,LATAM,CP0360,FUTURE,TDR0039,BOOK_B,2025-01-21
TXN0005168085,APP007,2025-11-13,reversed,408348.07,JPY,LATAM,CP0167,FUTURE,TDR0032,BOOK_D,2026-01-05
TXN0001919244,APP009,2025-09-10,reversed,99763.5,EUR,APAC,CP0239,EQUITY,TDR0188,BOOK_C,2025-06-30
TXN0009100998,APP017,2025-04-24,settled,328447.52,CHF,LATAM,CP0060,EQUITY,TDR0182,BOOK_D,2025-08-27
TXN0008266706,APP013,2025-12-01,pending,192772.12,AUD,LATAM,CP0394,SWAP,TDR0011,BOOK_D,2025-12-19
TXN0005277896,APP010,2025-06-02,reversed,459957.62,AUD,AMER,CP0465,EQUITY,TDR0094,BOOK_C,2025-10-15
TXN0006300556,APP019,2025-04-10,active,941499.64,AUD,APAC,CP0083,SWAP,TDR0040,BOOK_C,2025-10-09
TXN0008695653,APP002,2025-01-25,active,835536.11,CHF,LATAM,CP0178,FX,TDR0119,BOOK_B,2025-09-10
TXN0006357678,APP012,2026-02-02,active,140878.72,USD,EMEA,CP0108,BOND,TDR0171,BOOK_A,2025-08-24
TXN0000089723,APP012,2026-04-04,settled,480831.52,GBP,APAC,CP0140,SWAP,TDR0052,BOOK_A,2025-10-30
TXN0003968821,APP006,2025-04-04,pending,548119.22,EUR,EMEA,CP0199,OPTION,TDR0049,BOOK_D,2026-01-29
TXN0003034750,APP006,2025-12-03,reversed,416833.85,GBP,EMEA,CP0084,SWAP,TDR0174,BOOK_D,2025-02-09
TXN0000792970,APP011,2025-08-22,pending,827323.54,JPY,LATAM,CP0494,EQUITY,TDR0169,BOOK_D,2025-02-28
TXN0009120874,APP013,2025-11-08,active,157471.99,EUR,LATAM,CP0444,SWAP,TDR0055,BOOK_C,2026-04-07
TXN0003978540,APP014,2025-08-13,reversed,914845.97,GBP,LATAM,CP0189,FX,TDR0153,BOOK_A,2025-12-28
TXN0003038240,APP001,2025-08-22,reversed,398951.51,CHF,LATAM,CP0340,BOND,TDR0153,BOOK_A,2025-11-05
TXN0002141346,APP009,2026-02-27,reversed,591189.04,AUD,AMER,CP0311,OPTION,TDR0061,BOOK_B,2025-06-18
TXN0001612988,APP005,2025-06-26,settled,490989.7,AUD,LATAM,CP0351,OPTION,TDR0126,BOOK_D,2025-08-24
TXN0009524758,APP013,2026-02-18,failed,577975.51,AUD,AMER,CP0437,SWAP,TDR0092,BOOK_A,2025-12-07
TXN0001560701,APP001,2025-09-25,failed,970954.46,EUR,APAC,CP0436,SWAP,TDR0142,BOOK_D,2025-02-23
TXN0007194085,APP010,2026-02-09,settled,4404.29,AUD,AMER,CP0081,FX,TDR0161,BOOK_A,2026-01-30
TXN0003756663,APP019,2025-12-11,pending,824852.75,EUR,LATAM,CP0242,EQUITY,TDR0073,BOOK_B,2026-01-09
TXN0008131492,APP009,2025-12-18,reversed,425256.9,AUD,EMEA,CP0235,OPTION,TDR0044,BOOK_D,2025-09-24
TXN0003372590,APP018,2025-08-14,reversed,691762.98,AUD,EMEA,CP0412,EQUITY,TDR0080,BOOK_D,2026-04-08
TXN0001279535,APP004,2025-08-26,failed,344665.07,EUR,EMEA,CP0006,BOND,TDR0062,BOOK_B,2025-09-18
TXN0005457298,APP004,2025-01-02,settled,923257.58,GBP,EMEA,CP0169,EQUITY,TDR0085,BOOK_B,2025-12-09
TXN0009706861,APP005,2025-05-30,active,272645.19,USD,AMER,CP0497,EQUITY,TDR0064,BOOK_D,2025-04-10
TXN0000114834,APP009,2025-10-25,settled,520169.05,CHF,AMER,CP0265,SWAP,TDR0094,BOOK_B,2025-07-15
TXN0004015600,APP006,2025-09-23,failed,909365.7,JPY,APAC,CP0304,OPTION,TDR0187,BOOK_A,2025-07-05
TXN0001444916,APP017,2025-11-24,reversed,899289.24,JPY,AMER,CP0165,FX,TDR0133,BOOK_C,2026-04-12
TXN0001745207,APP014,2025-03-19,settled,223983.97,JPY,EMEA,CP0085,FX,TDR0070,BOOK_B,2025-12-05
TXN0001422120,APP015,2025-05-23,settled,912255.87,AUD,LATAM,CP0172,OPTION,TDR0054,BOOK_D,2025-12-01
TXN0004995795,APP006,2026-01-15,settled,644180.27,AUD,AMER,CP0269,EQUITY,TDR0077,BOOK_B,2025-06-07
TXN0000814598,APP012,2025-02-12,failed,556957.67,JPY,EMEA,CP0407,EQUITY,TDR0144,BOOK_B,2025-04-24
TXN0008554434,APP003,2025-07-04,settled,544929.78,EUR,EMEA,CP0379,OPTION,TDR0071,BOOK_C,2025-12-22
TXN0005001131,APP003,2025-08-12,failed,630708.13,USD,APAC,CP0256,FUTURE,TDR0164,BOOK_D,2025-07-19
TXN0008542947,APP015,2026-03-30,pending,483748.87,JPY,EMEA,CP0342,FX,TDR0136,BOOK_C,2025-06-28
TXN0003240349,APP020,2026-01-29,reversed,528192.37,EUR,LATAM,CP0179,OPTION,TDR0139,BOOK_D,2025-12-25
TXN0006071322,APP002,2025-12-24,failed,896409.64,JPY,LATAM,CP0161,EQUITY,TDR0017,BOOK_D,2025-01-26
TXN0009673489,APP020,2025-12-26,active,195636.15,GBP,APAC,CP0369,BOND,TDR0142,BOOK_A,2026-01-30
TXN0002217297,APP004,2026-01-14,pending,999172.05,GBP,LATAM,CP0270,OPTION,TDR0130,BOOK_D,2025-06-15
TXN0000817490,APP016,2025-06-02,settled,900765.54,CHF,EMEA,CP0408,BOND,TDR0110,BOOK_D,2025-09-09
TXN0005302141,APP013,2025-12-24,settled,452201.83,USD,AMER,CP0057,BOND,TDR0033,BOOK_B,2025-01-22
TXN0001287910,APP004,2026-01-17,failed,45186.74,USD,AMER,CP0048,FUTURE,TDR0149,BOOK_A,2025-07-31
TXN0005860957,APP002,2026-04-11,failed,25877.07,USD,APAC,CP0217,FUTURE,TDR0174,BOOK_B,2025-09-11
TXN0008843063,APP001,2026-01-27,reversed,594777.64,JPY,EMEA,CP0041,BOND,TDR0131,BOOK_B,2025-05-25
TXN0003423428,APP013,2025-06-12,pending,127694.24,USD,APAC,CP0392,FX,TDR0066,BOOK_D,2026-01-16
TXN0000715473,APP014,2026-03-06,reversed,852089.34,JPY,AMER,CP0283,FUTURE,TDR0020,BOOK_C,2025-07-15
TXN0002829467,APP016,2025-05-26,settled,916177.06,AUD,APAC,CP0401,FUTURE,TDR0026,BOOK_B,2025-06-19
TXN0008147145,APP008,2025-10-23,reversed,329567.21,GBP,AMER,CP0344,FX,TDR0053,BOOK_A,2025-02-17
TXN0007159738,APP004,2025-11-18,reversed,977453.81,CHF,LATAM,CP0036,SWAP,TDR0078,BOOK_A,2025-01-31
TXN0002675304,APP008,2025-03-26,reversed,534110.1,CHF,LATAM,CP0171,OPTION,TDR0140,BOOK_A,2026-03-14
TXN0004609468,APP009,2025-05-11,failed,992406.22,JPY,AMER,CP0306,EQUITY,TDR0131,BOOK_B,2025-01-22
TXN0005325219,APP013,2025-05-23,settled,877219.0,AUD,EMEA,CP0110,BOND,TDR0121,BOOK_A,2025-04-06
TXN0002256082,APP004,2025-09-28,pending,408606.23,AUD,LATAM,CP0436,SWAP,TDR0168,BOOK_C,2025-10-17
TXN0008527241,APP006,2025-04-30,failed,529715.29,USD,LATAM,CP0340,EQUITY,TDR0041,BOOK_D,2025-10-11
TXN0007012096,APP009,2025-06-09,settled,864350.69,GBP,AMER,CP0260,EQUITY,TDR0141,BOOK_C,2025-07-05
TXN0009772222,APP001,2025-02-05,reversed,984662.38,EUR,AMER,CP0458,BOND,TDR0005,BOOK_A,2025-09-14
TXN0009867448,APP012,2025-12-23,reversed,409110.76,EUR,APAC,CP0193,OPTION,TDR0150,BOOK_C,2025-10-31
TXN0000250032,APP003,2025-11-21,failed,962916.43,USD,EMEA,CP0240,OPTION,TDR0116,BOOK_D,2025-03-31
TXN0000155187,APP005,2025-06-16,active,35293.23,JPY,EMEA,CP0338,BOND,TDR0058,BOOK_D,2025-07-24
TXN0001616145,APP020,2025-10-31,active,230673.1,USD,AMER,CP0102,OPTION,TDR0130,BOOK_A,2025-06-15
TXN0008767307,APP011,2026-03-14,pending,643485.03,EUR,AMER,CP0123,SWAP,TDR0093,BOOK_D,2025-01-18
TXN0002538047,APP008,2025-05-01,failed,990279.37,EUR,AMER,CP0239,BOND,TDR0006,BOOK_A,2025-12-30
TXN0008563133,APP001,2026-03-26,pending,378391.41,CHF,APAC,CP0427,OPTION,TDR0039,BOOK_B,2025-01-22
TXN0000892987,APP005,2025-02-12,pending,9682.97,JPY,EMEA,CP0212,OPTION,TDR0153,BOOK_C,2025-09-06
TXN0005573624,APP017,2026-01-14,pending,215742.33,USD,APAC,CP0466,OPTION,TDR0187,BOOK_D,2025-10-17
TXN0009875527,APP006,2025-06-23,reversed,229399.26,USD,AMER,CP0259,BOND,TDR0144,BOOK_D,2026-02-01
TXN0005766728,APP007,2025-12-05,pending,105045.35,GBP,LATAM,CP0250,SWAP,TDR0143,BOOK_B,2026-01-31
TXN0008169508,APP002,2025-12-14,pending,15955.06,JPY,AMER,CP0435,BOND,TDR0080,BOOK_D,2025-11-30
TXN0005125013,APP010,2026-01-25,settled,169853.22,JPY,AMER,CP0098,SWAP,TDR0144,BOOK_B,2025-01-09
TXN0000348503,APP008,2025-04-04,reversed,365901.8,CHF,APAC,CP0063,EQUITY,TDR0005,BOOK_A,2025-08-28
TXN0003047251,APP010,2026-03-13,active,302217.03,EUR,AMER,CP0119,OPTION,TDR0116,BOOK_B,2025-02-27
TXN0003983944,APP018,2025-06-25,pending,497466.67,CHF,AMER,CP0173,BOND,TDR0066,BOOK_A,2025-01-04
TXN0004289305,APP011,2025-04-08,active,341687.22,GBP,AMER,CP0110,OPTION,TDR0180,BOOK_B,2025-08-28
TXN0000885319,APP014,2025-09-07,settled,524646.89,USD,LATAM,CP0349,EQUITY,TDR0100,BOOK_D,2025-03-30
TXN0006143005,APP016,2025-09-02,pending,263026.94,GBP,AMER,CP0211,EQUITY,TDR0114,BOOK_D,2026-02-07
TXN0002813696,APP003,2025-10-15,pending,596024.82,JPY,APAC,CP0070,FUTURE,TDR0185,BOOK_A,2025-07-08
TXN0001697589,APP003,2026-04-14,active,144583.93,EUR,LATAM,CP0339,FUTURE,TDR0045,BOOK_C,2025-11-05
TXN0005965703,APP008,2026-01-16,active,593159.27,USD,APAC,CP0203,FUTURE,TDR0107,BOOK_C,2026-04-08
TXN0009772517,APP015,2026-03-06,settled,817009.56,CHF,APAC,CP0293,EQUITY,TDR0001,BOOK_C,2026-01-26
TXN0000267017,APP001,2025-04-03,pending,780861.04,EUR,AMER,CP0170,BOND,TDR0006,BOOK_A,2025-07-16
TXN0007003463,APP016,2025-10-14,active,641716.0,AUD,AMER,CP0150,FUTURE,TDR0174,BOOK_A,2025-06-05
TXN0003191448,APP006,2025-03-30,pending,69219.89,AUD,LATAM,CP0366,EQUITY,TDR0037,BOOK_A,2025-12-05
TXN0006346042,APP015,2026-03-22,active,352843.7,USD,EMEA,CP0334,SWAP,TDR0080,BOOK_A,2026-03-01
TXN0004359001,APP013,2025-02-06,pending,959132.17,USD,EMEA,CP0442,OPTION,TDR0177,BOOK_A,2026-03-16
TXN0008527926,APP018,2025-01-06,settled,647079.97,GBP,EMEA,CP0351,OPTION,TDR0052,BOOK_B,2025-05-18
TXN0009192943,APP006,2025-03-22,active,829881.29,GBP,AMER,CP0095,OPTION,TDR0155,BOOK_B,2025-09-21
TXN0009807386,APP007,2025-07-23,active,637358.52,JPY,AMER,CP0269,SWAP,TDR0170,BOOK_B,2025-03-26
TXN0001399887,APP005,2025-08-30,active,484089.3,CHF,AMER,CP0160,FUTURE,TDR0007,BOOK_D,2025-08-27
TXN0007667292,APP018,2025-08-13,active,909525.24,EUR,AMER,CP0236,SWAP,TDR0184,BOOK_A,2025-05-09
TXN0003588251,APP003,2025-04-07,active,421564.62,CHF,AMER,CP0230,BOND,TDR0178,BOOK_B,2026-01-16
TXN0003283495,APP001,2025-10-06,reversed,401978.82,EUR,LATAM,CP0051,EQUITY,TDR0032,BOOK_B,2025-07-29
TXN0004778263,APP008,2026-01-16,active,763945.63,JPY,APAC,CP0370,EQUITY,TDR0035,BOOK_B,2025-12-28
TXN0007590114,APP004,2025-05-11,active,787793.04,EUR,EMEA,CP0264,EQUITY,TDR0034,BOOK_B,2025-03-24
TXN0000701587,APP006,2025-07-11,failed,69770.92,AUD,APAC,CP0215,BOND,TDR0138,BOOK_A,2025-01-16
TXN0007500068,APP001,2025-10-05,active,741258.26,GBP,APAC,CP0091,FX,TDR0194,BOOK_D,2026-01-15
TXN0001106887,APP019,2026-03-01,pending,380659.33,GBP,AMER,CP0487,FX,TDR0154,BOOK_B,2025-08-11
TXN0004912676,APP013,2025-11-19,pending,150915.73,CHF,APAC,CP0154,EQUITY,TDR0021,BOOK_D,2025-11-26
TXN0001305941,APP016,2025-04-01,pending,560320.25,AUD,EMEA,CP0363,BOND,TDR0041,BOOK_B,2025-05-16
TXN0004576288,APP014,2025-02-08,pending,460634.23,GBP,LATAM,CP0093,FX,TDR0001,BOOK_B,2025-06-22
TXN0001157732,APP016,2025-07-17,settled,724997.75,USD,EMEA,CP0049,OPTION,TDR0141,BOOK_A,2025-04-21
TXN0004662578,APP017,2025-02-04,failed,652793.57,GBP,EMEA,CP0372,OPTION,TDR0102,BOOK_A,2025-04-04
TXN0007375275,APP012,2025-10-27,reversed,566170.46,EUR,EMEA,CP0259,SWAP,TDR0072,BOOK_D,2026-02-03
TXN0006171405,APP003,2025-11-05,reversed,817268.93,GBP,APAC,CP0275,FUTURE,TDR0047,BOOK_D,2025-08-27
TXN0002327099,APP010,2025-02-04,reversed,810194.76,USD,LATAM,CP0035,EQUITY,TDR0010,BOOK_A,2025-12-30
TXN0001190196,APP013,2026-03-08,reversed,63798.37,GBP,APAC,CP0098,OPTION,TDR0134,BOOK_B,2025-04-04
TXN0003606101,APP019,2025-02-25,settled,312801.47,GBP,APAC,CP0051,FUTURE,TDR0076,BOOK_B,2025-07-09
TXN0003592260,APP010,2025-03-15,reversed,810887.32,AUD,AMER,CP0023,EQUITY,TDR0074,BOOK_A,2025-09-24
TXN0004205427,APP018,2025-07-19,pending,776153.61,AUD,APAC,CP0201,BOND,TDR0172,BOOK_D,2025-12-04
TXN0004529887,APP011,2025-11-17,reversed,966367.79,JPY,LATAM,CP0024,BOND,TDR0022,BOOK_D,2026-01-13
TXN0008262500,APP014,2025-10-22,reversed,183830.67,AUD,LATAM,CP0113,OPTION,TDR0178,BOOK_B,2025-09-15
TXN0005769702,APP010,2025-02-20,reversed,365422.2,USD,APAC,CP0012,FX,TDR0064,BOOK_C,2025-09-23
TXN0002345548,APP003,2025-01-03,pending,308166.74,EUR,EMEA,CP0350,SWAP,TDR0090,BOOK_B,2025-12-11
TXN0002432755,APP001,2026-01-26,active,803633.5,CHF,AMER,CP0441,FUTURE,TDR0109,BOOK_D,2025-12-13
TXN0004640357,APP011,2025-07-23,reversed,869270.58,JPY,LATAM,CP0086,OPTION,TDR0144,BOOK_B,2025-01-31
TXN0000308348,APP017,2025-04-08,pending,719507.31,EUR,APAC,CP0489,BOND,TDR0028,BOOK_A,2025-11-20
TXN0007212771,APP013,2025-07-16,failed,768514.04,USD,AMER,CP0105,FUTURE,TDR0152,BOOK_C,2025-11-19
TXN0001270513,APP008,2025-12-16,reversed,893049.58,JPY,EMEA,CP0177,OPTION,TDR0100,BOOK_A,2025-05-12
TXN0007343286,APP005,2025-11-14,settled,429463.86,EUR,EMEA,CP0085,OPTION,TDR0199,BOOK_A,2026-01-18
TXN0007356657,APP012,2025-10-02,active,426261.48,GBP,AMER,CP0137,BOND,TDR0027,BOOK_A,2025-04-27
TXN0005926193,APP002,2025-01-25,active,563749.18,CHF,AMER,CP0092,OPTION,TDR0054,BOOK_C,2025-02-27
TXN0001929546,APP001,2025-04-14,active,173808.94,CHF,APAC,CP0120,EQUITY,TDR0182,BOOK_B,2025-12-23
TXN0008575221,APP004,2025-05-03,settled,631442.82,CHF,AMER,CP0100,BOND,TDR0035,BOOK_B,2025-12-28
TXN0005217426,APP017,2026-01-15,pending,843449.32,JPY,AMER,CP0454,BOND,TDR0080,BOOK_A,2025-08-04
TXN0003725711,APP009,2025-06-20,pending,561472.95,AUD,EMEA,CP0053,BOND,TDR0097,BOOK_A,2025-06-02
TXN0001157452,APP014,2026-03-16,settled,687885.41,JPY,APAC,CP0088,BOND,TDR0067,BOOK_A,2025-03-29
TXN0009555653,APP005,2026-02-14,settled,606740.34,USD,APAC,CP0489,FX,TDR0136,BOOK_C,2025-01-15
TXN0004733746,APP001,2025-08-03,reversed,922047.37,AUD,APAC,CP0213,EQUITY,TDR0137,BOOK_B,2025-02-04
TXN0006777428,APP008,2025-07-30,reversed,117065.54,JPY,LATAM,CP0355,FUTURE,TDR0063,BOOK_C,2025-07-30
TXN0002562327,APP017,2025-12-13,settled,167898.31,JPY,LATAM,CP0395,EQUITY,TDR0070,BOOK_A,2025-07-01
TXN0005235088,APP001,2025-09-14,reversed,771419.52,JPY,LATAM,CP0473,FX,TDR0158,BOOK_D,2025-11-25
TXN0008805413,APP007,2025-11-06,pending,10780.99,EUR,EMEA,CP0399,EQUITY,TDR0040,BOOK_C,2026-02-19
TXN0000278237,APP013,2025-02-02,settled,712938.84,USD,AMER,CP0188,FUTURE,TDR0031,BOOK_B,2026-04-10
TXN0000192544,APP019,2026-01-21,failed,395334.21,CHF,APAC,CP0497,SWAP,TDR0055,BOOK_C,2025-09-23
TXN0007276039,APP019,2025-09-07,settled,841164.56,CHF,AMER,CP0302,EQUITY,TDR0091,BOOK_C,2025-10-28
TXN0006628511,APP003,2025-11-10,reversed,467887.37,JPY,LATAM,CP0180,SWAP,TDR0192,BOOK_A,2025-09-20
TXN0008470643,APP019,2025-12-27,active,239212.15,GBP,LATAM,CP0439,OPTION,TDR0154,BOOK_C,2025-06-26
TXN0005657441,APP020,2025-03-29,reversed,360271.52,JPY,APAC,CP0363,FX,TDR0036,BOOK_A,2025-07-24
TXN0004672532,APP004,2025-06-10,active,245439.88,AUD,AMER,CP0210,FX,TDR0067,BOOK_B,2025-04-08
TXN0004536867,APP014,2025-07-30,settled,58075.7,AUD,LATAM,CP0175,OPTION,TDR0170,BOOK_A,2025-12-16
TXN0005691406,APP013,2026-02-09,active,467287.94,JPY,AMER,CP0498,EQUITY,TDR0198,BOOK_B,2025-10-07
TXN0005176136,APP019,2025-05-10,failed,34538.32,USD,LATAM,CP0112,OPTION,TDR0137,BOOK_B,2025-01-07
TXN0003351607,APP016,2025-04-25,pending,418650.57,USD,AMER,CP0054,BOND,TDR0037,BOOK_A,2025-01-15
TXN0006767509,APP016,2025-03-20,failed,819659.68,GBP,LATAM,CP0146,SWAP,TDR0185,BOOK_C,2025-06-21
TXN0005430432,APP011,2025-09-09,active,361946.16,AUD,LATAM,CP0089,OPTION,TDR0029,BOOK_C,2026-03-23
TXN0002746932,APP019,2025-01-21,pending,394669.38,JPY,AMER,CP0253,EQUITY,TDR0127,BOOK_A,2025-04-23
TXN0007406080,APP007,2026-04-11,reversed,338691.06,JPY,EMEA,CP0378,OPTION,TDR0176,BOOK_A,2026-03-09
TXN0003108370,APP013,2025-12-26,pending,491598.18,EUR,LATAM,CP0042,EQUITY,TDR0168,BOOK_B,2025-02-23
TXN0002033693,APP011,2025-01-25,settled,569777.21,USD,LATAM,CP0094,BOND,TDR0090,BOOK_D,2026-02-25
TXN0002082984,APP006,2025-11-17,reversed,150203.39,CHF,APAC,CP0457,EQUITY,TDR0141,BOOK_A,2026-03-28
TXN0006309166,APP012,2025-08-07,reversed,169247.65,EUR,APAC,CP0025,EQUITY,TDR0120,BOOK_D,2025-04-26
TXN0008269832,APP012,2025-04-04,failed,512595.66,CHF,APAC,CP0118,EQUITY,TDR0107,BOOK_A,2025-09-11
TXN0009687240,APP003,2025-06-06,reversed,335801.43,CHF,EMEA,CP0009,EQUITY,TDR0082,BOOK_B,2025-06-24
TXN0005115401,APP013,2025-09-07,failed,344983.9,AUD,EMEA,CP0171,OPTION,TDR0177,BOOK_A,2025-01-18
TXN0007094420,APP018,2025-12-23,active,101280.56,AUD,EMEA,CP0063,OPTION,TDR0028,BOOK_B,2025-11-15
TXN0009978324,APP012,2025-10-19,failed,449681.71,EUR,LATAM,CP0355,FX,TDR0110,BOOK_C,2025-05-01
TXN0009847794,APP018,2025-04-06,pending,691586.8,USD,LATAM,CP0261,BOND,TDR0062,BOOK_D,2025-10-08
TXN0008120919,APP013,2026-03-05,settled,619161.21,USD,LATAM,CP0160,SWAP,TDR0184,BOOK_A,2025-09-17
TXN0006503217,APP017,2025-02-27,settled,172878.02,CHF,AMER,CP0258,FX,TDR0164,BOOK_D,2025-12-09
TXN0002027914,APP015,2025-07-01,active,370849.21,USD,LATAM,CP0367,OPTION,TDR0001,BOOK_B,2025-02-06
TXN0007193794,APP014,2025-02-05,settled,814153.36,GBP,EMEA,CP0124,OPTION,TDR0192,BOOK_A,2025-02-09
TXN0002642516,APP019,2026-01-26,active,290735.44,JPY,AMER,CP0004,SWAP,TDR0143,BOOK_C,2026-04-10
TXN0001391503,APP001,2025-10-24,active,852361.94,GBP,LATAM,CP0161,FUTURE,TDR0106,BOOK_C,2025-02-17
TXN0000987772,APP016,2025-07-02,pending,808911.48,GBP,LATAM,CP0390,OPTION,TDR0161,BOOK_D,2025-03-19
TXN0009911947,APP006,2025-04-27,reversed,200954.93,CHF,LATAM,CP0314,FX,TDR0118,BOOK_B,2025-05-23
TXN0004829062,APP011,2025-10-07,pending,90289.91,GBP,APAC,CP0168,FUTURE,TDR0126,BOOK_A,2025-11-25
TXN0001062404,APP019,2025-01-14,settled,40479.62,GBP,LATAM,CP0099,FX,TDR0037,BOOK_C,2025-12-12
TXN0001859650,APP013,2025-04-02,settled,957405.68,EUR,AMER,CP0488,EQUITY,TDR0108,BOOK_D,2025-08-29
TXN0007977892,APP009,2025-10-29,settled,547509.17,JPY,APAC,CP0108,SWAP,TDR0134,BOOK_B,2025-05-07
TXN0001198476,APP008,2025-08-20,settled,701932.71,JPY,AMER,CP0447,FUTURE,TDR0035,BOOK_B,2025-03-13
TXN0008791490,APP012,2025-03-29,failed,161086.97,EUR,AMER,CP0207,BOND,TDR0026,BOOK_B,2026-03-11
TXN0008830389,APP010,2025-05-14,reversed,3061.15,GBP,AMER,CP0104,FX,TDR0132,BOOK_D,2025-08-26
TXN0000669666,APP009,2025-10-12,reversed,17061.42,AUD,LATAM,CP0198,SWAP,TDR0127,BOOK_D,2025-09-10
TXN0003783755,APP013,2026-03-08,pending,148437.19,AUD,EMEA,CP0061,FX,TDR0079,BOOK_B,2025-09-19
TXN0000720581,APP011,2025-03-16,failed,614674.6,USD,AMER,CP0187,SWAP,TDR0024,BOOK_D,2026-02-09
TXN0006228528,APP016,2026-01-10,active,597764.55,GBP,LATAM,CP0442,OPTION,TDR0115,BOOK_B,2025-08-31
TXN0003317710,APP011,2025-10-18,pending,354174.15,EUR,APAC,CP0355,FUTURE,TDR0103,BOOK_D,2025-04-09
TXN0009111794,APP010,2025-03-06,failed,467698.91,CHF,EMEA,CP0055,EQUITY,TDR0022,BOOK_C,2026-03-09
TXN0006277542,APP009,2026-03-07,pending,426350.33,GBP,EMEA,CP0455,FUTURE,TDR0143,BOOK_D,2025-10-20
TXN0000441256,APP006,2025-07-12,failed,664707.45,USD,EMEA,CP0032,FX,TDR0163,BOOK_A,2025-01-14
TXN0009452035,APP018,2025-01-23,settled,198294.36,GBP,APAC,CP0030,BOND,TDR0177,BOOK_A,2025-02-11
TXN0007930771,APP001,2025-03-25,settled,35492.23,EUR,APAC,CP0287,BOND,TDR0071,BOOK_C,2025-04-20
TXN0004045918,APP017,2026-01-01,reversed,625547.87,JPY,AMER,CP0287,FUTURE,TDR0054,BOOK_D,2025-10-03
TXN0006561246,APP018,2025-02-07,settled,300165.73,JPY,APAC,CP0143,BOND,TDR0014,BOOK_B,2026-03-24
TXN0005167960,APP017,2026-04-14,settled,194474.26,CHF,AMER,CP0453,OPTION,TDR0143,BOOK_A,2025-01-30
TXN0002095770,APP011,2025-11-16,pending,417128.79,EUR,LATAM,CP0053,BOND,TDR0023,BOOK_D,2026-02-12
TXN0009936352,APP019,2025-02-09,failed,890741.91,JPY,LATAM,CP0350,FX,TDR0066,BOOK_D,2025-12-04
TXN0007666055,APP020,2026-01-14,failed,197696.3,USD,APAC,CP0438,FUTURE,TDR0079,BOOK_A,2025-06-30
TXN0007325221,APP005,2025-06-04,pending,685137.46,CHF,APAC,CP0410,SWAP,TDR0034,BOOK_C,2025-06-12
TXN0003163979,APP008,2026-01-21,settled,16557.25,CHF,APAC,CP0008,SWAP,TDR0155,BOOK_D,2025-04-18
TXN0000711763,APP008,2025-06-09,failed,373943.51,USD,LATAM,CP0396,EQUITY,TDR0192,BOOK_C,2025-06-18
TXN0003729044,APP010,2025-12-02,pending,709496.61,USD,AMER,CP0097,SWAP,TDR0032,BOOK_A,2025-02-26
TXN0000242107,APP006,2026-01-05,pending,3002.82,USD,EMEA,CP0356,BOND,TDR0095,BOOK_D,2025-06-05
TXN0006363638,APP009,2025-04-05,settled,597906.24,EUR,APAC,CP0392,EQUITY,TDR0159,BOOK_B,2025-04-03
TXN0008104686,APP017,2025-03-17,failed,252743.33,CHF,LATAM,CP0488,FX,TDR0044,BOOK_A,2025-04-24
TXN0004295923,APP019,2026-02-25,settled,331287.95,JPY,APAC,CP0092,OPTION,TDR0070,BOOK_A,2025-05-02
TXN0002204823,APP020,2025-09-17,active,551380.85,GBP,APAC,CP0446,BOND,TDR0059,BOOK_D,2025-07-12
TXN0004846563,APP014,2025-12-07,pending,434439.09,GBP,AMER,CP0298,FX,TDR0096,BOOK_A,2025-08-10
TXN0008885599,APP002,2025-12-03,failed,876720.3,JPY,LATAM,CP0259,BOND,TDR0150,BOOK_C,2026-04-13
TXN0004528047,APP019,2026-04-04,settled,522228.02,USD,AMER,CP0162,FUTURE,TDR0096,BOOK_D,2025-10-04
TXN0002257536,APP009,2025-05-22,active,914943.8,EUR,AMER,CP0267,OPTION,TDR0131,BOOK_A,2025-09-28
TXN0009998441,APP018,2025-04-12,reversed,524367.78,EUR,APAC,CP0180,EQUITY,TDR0186,BOOK_B,2025-12-27
TXN0002017690,APP007,2025-08-14,failed,123909.42,CHF,EMEA,CP0332,BOND,TDR0161,BOOK_A,2025-02-10
TXN0007095700,APP008,2025-01-04,pending,42353.41,GBP,EMEA,CP0469,SWAP,TDR0018,BOOK_A,2026-03-08
TXN0007905454,APP016,2026-03-30,reversed,2862.88,AUD,LATAM,CP0393,SWAP,TDR0075,BOOK_A,2025-02-09
TXN0007282286,APP003,2025-08-30,settled,763010.05,CHF,AMER,CP0142,OPTION,TDR0007,BOOK_A,2025-05-17
TXN0004790384,APP013,2025-09-25,reversed,852466.19,GBP,APAC,CP0052,SWAP,TDR0062,BOOK_D,2025-10-05
TXN0004086250,APP006,2026-03-25,failed,385046.14,CHF,APAC,CP0095,FUTURE,TDR0183,BOOK_C,2025-03-22
TXN0000450185,APP005,2026-01-25,reversed,326090.0,AUD,LATAM,CP0231,FUTURE,TDR0195,BOOK_B,2025-05-31
TXN0008516638,APP003,2025-01-22,pending,541902.98,EUR,AMER,CP0046,SWAP,TDR0003,BOOK_A,2025-03-02
TXN0000183306,APP020,2025-11-04,failed,769535.55,CHF,LATAM,CP0402,FX,TDR0074,BOOK_A,2025-11-16
TXN0000930369,APP003,2025-03-10,reversed,265337.61,EUR,AMER,CP0431,FUTURE,TDR0161,BOOK_D,2025-11-28
TXN0007866729,APP002,2025-11-03,pending,612572.13,GBP,AMER,CP0250,FX,TDR0187,BOOK_A,2025-08-17
TXN0005365193,APP017,2026-01-15,reversed,533978.0,USD,APAC,CP0165,SWAP,TDR0023,BOOK_B,2025-08-03
TXN0008411524,APP009,2025-03-26,active,76925.69,EUR,EMEA,CP0137,SWAP,TDR0061,BOOK_C,2026-02-27
TXN0004934580,APP017,2025-04-23,settled,555485.38,AUD,AMER,CP0307,EQUITY,TDR0083,BOOK_B,2025-05-19
TXN0003788487,APP007,2025-08-24,settled,799555.84,USD,LATAM,CP0437,SWAP,TDR0171,BOOK_D,2026-01-30
TXN0003329774,APP006,2026-01-25,failed,363921.24,CHF,AMER,CP0079,EQUITY,TDR0018,BOOK_D,2026-02-06
TXN0007490870,APP011,2025-07-24,settled,635592.68,GBP,AMER,CP0382,EQUITY,TDR0025,BOOK_B,2026-03-04
TXN0009474307,APP016,2026-01-25,active,465057.92,GBP,LATAM,CP0219,BOND,TDR0042,BOOK_A,2025-11-23
TXN0001408211,APP004,2025-11-22,failed,461717.76,JPY,AMER,CP0235,EQUITY,TDR0130,BOOK_A,2025-06-29
TXN0003811619,APP013,2025-11-12,settled,635346.3,GBP,EMEA,CP0402,BOND,TDR0130,BOOK_A,2025-07-22
TXN0003573931,APP011,2025-09-20,active,840468.78,GBP,LATAM,CP0341,FUTURE,TDR0006,BOOK_D,2026-01-11
TXN0005522880,APP010,2025-08-17,pending,632389.88,AUD,AMER,CP0314,FX,TDR0161,BOOK_B,2025-07-30
TXN0009515051,APP014,2025-03-22,active,229800.7,AUD,LATAM,CP0192,EQUITY,TDR0068,BOOK_B,2026-02-18
TXN0004816471,APP013,2025-05-04,reversed,306175.3,JPY,LATAM,CP0404,FUTURE,TDR0103,BOOK_D,2025-10-22
TXN0001668175,APP005,2025-07-31,pending,57160.22,JPY,APAC,CP0410,FUTURE,TDR0142,BOOK_A,2025-09-16
TXN0001382765,APP018,2025-02-19,settled,384760.6,CHF,APAC,CP0475,SWAP,TDR0011,BOOK_B,2025-11-14
TXN0002772727,APP004,2026-01-23,reversed,624845.33,EUR,APAC,CP0423,SWAP,TDR0121,BOOK_B,2026-02-14
TXN0008346649,APP018,2025-02-01,reversed,706313.5,AUD,LATAM,CP0231,BOND,TDR0072,BOOK_B,2025-10-03
TXN0004529730,APP018,2025-04-17,settled,879377.39,EUR,LATAM,CP0008,FUTURE,TDR0041,BOOK_A,2025-12-17
TXN0004025289,APP001,2025-03-01,active,218769.19,USD,LATAM,CP0467,BOND,TDR0050,BOOK_A,2025-09-05
TXN0001255578,APP011,2025-10-25,reversed,476084.29,JPY,APAC,CP0403,BOND,TDR0062,BOOK_C,2025-06-15
TXN0007924512,APP003,2025-07-08,failed,240938.88,AUD,EMEA,CP0246,BOND,TDR0100,BOOK_D,2025-04-03
TXN0006643455,APP008,2025-03-19,reversed,160773.36,AUD,LATAM,CP0413,SWAP,TDR0182,BOOK_D,2025-03-26
TXN0009736606,APP020,2025-04-19,pending,664207.01,JPY,AMER,CP0357,FUTURE,TDR0098,BOOK_B,2026-01-18
TXN0006025745,APP001,2025-06-13,active,870897.03,AUD,AMER,CP0208,OPTION,TDR0131,BOOK_D,2025-03-14
TXN0009564599,APP020,2025-09-20,settled,361091.2,CHF,LATAM,CP0216,SWAP,TDR0028,BOOK_A,2025-12-28
TXN0005295975,APP011,2026-01-05,pending,636677.59,EUR,AMER,CP0430,EQUITY,TDR0069,BOOK_D,2025-04-24
TXN0004015032,APP014,2025-09-18,active,554888.23,JPY,LATAM,CP0321,EQUITY,TDR0131,BOOK_B,2025-03-19
TXN0002267268,APP016,2025-12-16,reversed,264161.84,CHF,APAC,CP0037,BOND,TDR0147,BOOK_B,2025-03-27
TXN0003790323,APP019,2026-03-29,reversed,204586.67,EUR,LATAM,CP0029,FUTURE,TDR0151,BOOK_D,2025-10-25
TXN0007934378,APP007,2025-09-22,active,550166.16,USD,APAC,CP0206,FX,TDR0122,BOOK_A,2025-12-16
TXN0009054969,APP013,2025-07-26,active,522121.48,AUD,LATAM,CP0142,SWAP,TDR0065,BOOK_D,2025-01-01
TXN0000874405,APP008,2026-03-12,settled,363134.95,GBP,APAC,CP0114,OPTION,TDR0024,BOOK_B,2026-04-14
TXN0003349140,APP016,2025-09-12,pending,64105.0,EUR,LATAM,CP0414,OPTION,TDR0141,BOOK_C,2025-03-21
TXN0003521444,APP015,2025-02-18,reversed,909065.75,USD,AMER,CP0202,SWAP,TDR0017,BOOK_C,2026-03-27
TXN0005630824,APP012,2025-04-29,failed,305769.11,JPY,AMER,CP0420,FX,TDR0157,BOOK_B,2025-05-14
TXN0004252837,APP009,2026-02-21,failed,193197.87,USD,APAC,CP0359,OPTION,TDR0165,BOOK_C,2025-12-23
TXN0001792429,APP008,2025-04-29,failed,548404.72,AUD,LATAM,CP0091,FX,TDR0122,BOOK_C,2025-01-18
TXN0008538781,APP019,2026-03-23,settled,115928.25,CHF,AMER,CP0030,FX,TDR0024,BOOK_C,2026-01-04
TXN0000983044,APP017,2025-10-04,settled,819576.82,GBP,APAC,CP0287,FX,TDR0163,BOOK_A,2025-04-20
TXN0000505281,APP002,2025-03-07,pending,597267.02,JPY,AMER,CP0027,EQUITY,TDR0013,BOOK_D,2025-09-14
TXN0001503284,APP003,2026-02-21,active,589987.73,AUD,EMEA,CP0217,SWAP,TDR0115,BOOK_B,2026-03-05
TXN0002169689,APP003,2025-12-19,failed,15299.93,USD,APAC,CP0497,BOND,TDR0073,BOOK_A,2025-03-04
TXN0007779171,APP004,2025-08-31,active,474559.53,USD,AMER,CP0113,SWAP,TDR0071,BOOK_A,2025-06-25
TXN0007436231,APP005,2025-04-28,pending,611054.69,USD,EMEA,CP0020,FX,TDR0172,BOOK_A,2025-03-02
TXN0008450591,APP004,2025-06-24,active,438276.81,EUR,APAC,CP0305,FUTURE,TDR0087,BOOK_D,2025-09-07
TXN0000646306,APP018,2025-07-17,reversed,352401.1,CHF,AMER,CP0237,SWAP,TDR0046,BOOK_B,2025-12-05
TXN0009051475,APP018,2025-10-14,active,98963.11,CHF,APAC,CP0102,BOND,TDR0092,BOOK_D,2025-01-22
TXN0006569984,APP008,2025-02-10,active,32040.17,EUR,APAC,CP0127,BOND,TDR0049,BOOK_B,2025-12-10
TXN0001218355,APP020,2025-08-12,reversed,415713.87,EUR,APAC,CP0324,BOND,TDR0141,BOOK_B,2025-10-24
TXN0003800643,APP011,2025-01-28,settled,951081.76,JPY,LATAM,CP0217,BOND,TDR0014,BOOK_D,2025-12-12
TXN0005496640,APP002,2026-02-26,failed,160483.73,GBP,AMER,CP0254,FUTURE,TDR0152,BOOK_C,2025-07-09
TXN0008247285,APP018,2025-12-01,active,702017.57,AUD,AMER,CP0319,BOND,TDR0196,BOOK_C,2025-11-11
TXN0000870474,APP018,2026-03-11,reversed,650780.76,AUD,LATAM,CP0044,FX,TDR0145,BOOK_D,2025-04-10
TXN0000442236,APP010,2025-05-18,failed,854251.6,USD,EMEA,CP0045,BOND,TDR0045,BOOK_A,2025-01-19
TXN0003463521,APP011,2025-12-18,active,156468.79,EUR,LATAM,CP0092,EQUITY,TDR0024,BOOK_A,2026-03-03
TXN0003316051,APP018,2025-01-07,active,164709.22,JPY,APAC,CP0054,FUTURE,TDR0118,BOOK_A,2026-01-26
TXN0003676921,APP020,2025-09-14,settled,930936.84,CHF,AMER,CP0009,EQUITY,TDR0185,BOOK_D,2025-12-31
TXN0003747989,APP003,2025-07-24,failed,144057.69,AUD,EMEA,CP0449,SWAP,TDR0162,BOOK_D,2025-05-23
TXN0000744810,APP003,2025-01-08,active,412346.35,EUR,EMEA,CP0072,FX,TDR0006,BOOK_C,2025-01-25
TXN0008717857,APP004,2026-01-17,settled,984399.24,GBP,AMER,CP0278,FX,TDR0172,BOOK_D,2025-07-25
TXN0004285360,APP005,2025-08-08,failed,708698.96,AUD,EMEA,CP0370,SWAP,TDR0038,BOOK_C,2025-09-13
TXN0007194276,APP009,2025-12-15,pending,677252.55,EUR,LATAM,CP0153,FUTURE,TDR0099,BOOK_D,2025-06-12
TXN0004145280,APP013,2026-03-06,active,352296.81,EUR,LATAM,CP0001,EQUITY,TDR0099,BOOK_D,2026-03-22
TXN0003574242,APP006,2025-11-15,active,35647.88,JPY,AMER,CP0309,OPTION,TDR0192,BOOK_D,2026-04-11
TXN0009916910,APP020,2026-04-03,pending,177753.93,CHF,EMEA,CP0051,FUTURE,TDR0180,BOOK_B,2025-09-22
TXN0000428809,APP001,2025-05-21,reversed,585473.88,GBP,EMEA,CP0188,OPTION,TDR0146,BOOK_D,2025-08-27
TXN0009696825,APP012,2026-01-18,pending,347155.48,AUD,EMEA,CP0040,EQUITY,TDR0070,BOOK_B,2025-09-10
TXN0007976925,APP003,2025-05-14,pending,823067.07,EUR,APAC,CP0089,FUTURE,TDR0045,BOOK_A,2025-08-22
TXN0007477262,APP001,2025-05-05,settled,975696.87,CHF,EMEA,CP0185,BOND,TDR0143,BOOK_D,2025-12-21
TXN0004658673,APP003,2025-10-05,active,914416.27,EUR,EMEA,CP0227,SWAP,TDR0072,BOOK_C,2025-01-06
TXN0006911949,APP019,2025-02-05,reversed,644211.02,USD,APAC,CP0103,EQUITY,TDR0016,BOOK_C,2025-04-06
TXN0007171093,APP004,2026-03-10,active,202395.65,CHF,LATAM,CP0259,FUTURE,TDR0001,BOOK_A,2025-03-03
TXN0004454744,APP004,2025-06-13,failed,608162.02,AUD,APAC,CP0424,EQUITY,TDR0149,BOOK_C,2026-03-11
TXN0002577746,APP013,2025-10-19,settled,690628.74,EUR,EMEA,CP0330,OPTION,TDR0046,BOOK_D,2025-03-22
TXN0009081394,APP006,2025-06-04,active,917257.35,CHF,AMER,CP0163,FUTURE,TDR0096,BOOK_D,2026-03-11
TXN0002327446,APP009,2026-02-09,settled,323881.89,USD,AMER,CP0165,EQUITY,TDR0079,BOOK_A,2025-04-09
TXN0000090947,APP008,2026-03-02,settled,979347.75,EUR,EMEA,CP0290,FX,TDR0082,BOOK_B,2025-06-30
TXN0003024716,APP002,2025-07-25,pending,11345.67,AUD,EMEA,CP0065,SWAP,TDR0012,BOOK_D,2025-04-23
TXN0009893133,APP001,2025-10-08,settled,591547.8,GBP,APAC,CP0460,EQUITY,TDR0001,BOOK_D,2025-06-11
TXN0006544011,APP016,2025-11-15,pending,670068.12,USD,EMEA,CP0376,FX,TDR0083,BOOK_B,2025-12-31
TXN0002789818,APP014,2025-04-19,reversed,2080.22,USD,AMER,CP0035,EQUITY,TDR0053,BOOK_D,2025-08-02
TXN0003803418,APP002,2026-01-30,settled,805786.72,EUR,LATAM,CP0437,SWAP,TDR0016,BOOK_B,2026-03-05
TXN0008852233,APP006,2025-03-04,reversed,891228.18,GBP,EMEA,CP0181,SWAP,TDR0185,BOOK_B,2026-03-15
TXN0008184042,APP010,2025-03-17,reversed,543273.72,GBP,APAC,CP0026,BOND,TDR0056,BOOK_B,2025-01-15
TXN0008332107,APP015,2025-12-15,settled,157261.49,USD,EMEA,CP0014,SWAP,TDR0109,BOOK_C,2025-04-08
TXN0007134577,APP008,2025-04-02,pending,899765.33,USD,EMEA,CP0026,FUTURE,TDR0175,BOOK_B,2026-02-20
TXN0001581487,APP008,2025-02-14,settled,605736.13,GBP,APAC,CP0204,EQUITY,TDR0109,BOOK_B,2026-02-03
TXN0007537839,APP001,2026-01-24,active,836847.37,USD,LATAM,CP0480,SWAP,TDR0150,BOOK_D,2026-04-11
TXN0003800080,APP001,2025-05-05,reversed,511051.34,GBP,EMEA,CP0057,FUTURE,TDR0068,BOOK_B,2025-10-28
TXN0008365744,APP010,2026-01-22,pending,530986.37,EUR,EMEA,CP0323,SWAP,TDR0181,BOOK_A,2025-04-04
TXN0009746423,APP020,2025-07-24,active,777441.78,AUD,APAC,CP0301,EQUITY,TDR0180,BOOK_B,2025-02-06
TXN0002817813,APP004,2026-02-16,settled,681310.27,EUR,AMER,CP0151,FX,TDR0078,BOOK_A,2026-01-05
TXN0003776232,APP006,2026-03-12,active,836917.31,EUR,EMEA,CP0087,FX,TDR0111,BOOK_B,2025-12-30
TXN0004965781,APP002,2026-02-06,settled,129608.22,JPY,EMEA,CP0001,SWAP,TDR0098,BOOK_B,2025-07-20
TXN0008141504,APP001,2025-08-03,active,239376.14,GBP,AMER,CP0284,OPTION,TDR0051,BOOK_A,2025-08-16
TXN0000170846,APP017,2025-07-15,active,153995.51,EUR,LATAM,CP0153,EQUITY,TDR0180,BOOK_D,2025-03-07
TXN0002110532,APP003,2025-06-07,active,686820.81,EUR,EMEA,CP0044,SWAP,TDR0089,BOOK_C,2025-01-19
TXN0000041403,APP007,2025-07-19,settled,486446.44,CHF,AMER,CP0107,FUTURE,TDR0168,BOOK_D,2026-01-26
TXN0005155302,APP008,2026-01-20,reversed,860531.48,USD,LATAM,CP0429,BOND,TDR0041,BOOK_A,2026-04-03
TXN0001960894,APP008,2025-11-10,settled,357875.52,CHF,AMER,CP0300,EQUITY,TDR0149,BOOK_B,2025-11-29
TXN0009432638,APP013,2025-07-17,reversed,37894.53,EUR,APAC,CP0362,FX,TDR0108,BOOK_D,2025-09-14
TXN0003774575,APP016,2026-03-04,reversed,323232.03,USD,AMER,CP0482,BOND,TDR0091,BOOK_B,2025-10-01
TXN0001147278,APP018,2025-07-26,reversed,397117.11,USD,LATAM,CP0474,OPTION,TDR0058,BOOK_D,2025-02-28
TXN0008300187,APP013,2025-09-22,active,771524.78,GBP,AMER,CP0460,FUTURE,TDR0061,BOOK_C,2025-11-08
TXN0005814757,APP009,2025-03-11,failed,785103.68,GBP,AMER,CP0020,FUTURE,TDR0199,BOOK_C,2025-01-09
TXN0003699673,APP005,2026-03-17,reversed,531070.4,EUR,AMER,CP0179,OPTION,TDR0090,BOOK_C,2025-01-31
TXN0004901634,APP001,2026-03-25,active,143899.49,USD,LATAM,CP0413,FX,TDR0104,BOOK_C,2025-12-12
TXN0008532105,APP002,2025-02-15,active,851936.33,JPY,AMER,CP0451,FX,TDR0006,BOOK_A,2026-03-07
TXN0007640943,APP012,2025-11-02,pending,277893.7,JPY,LATAM,CP0202,SWAP,TDR0034,BOOK_B,2025-04-24
TXN0000491029,APP003,2026-01-24,settled,222414.97,CHF,LATAM,CP0058,OPTION,TDR0097,BOOK_D,2025-02-16
TXN0001904651,APP007,2026-04-12,reversed,272394.15,AUD,EMEA,CP0034,FUTURE,TDR0172,BOOK_A,2025-02-07
TXN0006669462,APP001,2026-02-11,reversed,116286.41,GBP,AMER,CP0241,EQUITY,TDR0123,BOOK_D,2025-04-22
TXN0006457594,APP011,2025-12-13,failed,524830.44,AUD,EMEA,CP0007,OPTION,TDR0020,BOOK_B,2025-12-24
TXN0008064061,APP012,2025-04-26,failed,375258.41,JPY,APAC,CP0367,FX,TDR0123,BOOK_B,2026-01-05
TXN0008149298,APP018,2025-09-03,settled,9601.29,AUD,LATAM,CP0048,SWAP,TDR0113,BOOK_A,2026-03-23
TXN0001851034,APP001,2025-09-18,pending,695272.64,AUD,EMEA,CP0060,OPTION,TDR0030,BOOK_A,2025-09-19
TXN0007344335,APP018,2025-05-07,failed,492800.11,USD,APAC,CP0346,EQUITY,TDR0064,BOOK_C,2025-07-21
TXN0005682144,APP012,2025-02-05,reversed,948089.57,USD,APAC,CP0215,OPTION,TDR0025,BOOK_A,2025-03-19
TXN0002706157,APP013,2025-01-24,failed,750928.18,USD,AMER,CP0149,SWAP,TDR0191,BOOK_C,2025-10-03
TXN0005545896,APP010,2025-12-09,active,980628.71,CHF,AMER,CP0462,FUTURE,TDR0129,BOOK_A,2025-07-01
TXN0008363306,APP006,2025-01-22,failed,951616.29,EUR,EMEA,CP0275,BOND,TDR0067,BOOK_C,2025-03-13
TXN0001812813,APP009,2025-03-29,active,618611.09,AUD,EMEA,CP0100,FX,TDR0064,BOOK_D,2025-02-20
TXN0006500212,APP010,2025-03-16,active,648801.51,JPY,APAC,CP0414,FUTURE,TDR0042,BOOK_A,2025-09-09
TXN0005172407,APP002,2025-11-11,failed,308978.34,CHF,EMEA,CP0058,FX,TDR0133,BOOK_B,2026-01-08
TXN0005164991,APP012,2025-01-07,active,835207.07,CHF,EMEA,CP0263,FX,TDR0109,BOOK_A,2025-11-30
TXN0009433210,APP008,2025-02-26,pending,981608.75,USD,LATAM,CP0198,FX,TDR0054,BOOK_C,2025-07-24
TXN0000296099,APP005,2026-02-10,pending,892612.23,JPY,LATAM,CP0186,FUTURE,TDR0174,BOOK_D,2025-04-21
TXN0006244200,APP003,2026-04-07,reversed,518160.75,JPY,AMER,CP0020,FUTURE,TDR0070,BOOK_A,2025-11-22
TXN0007935393,APP020,2025-08-21,settled,468988.5,GBP,EMEA,CP0449,FUTURE,TDR0006,BOOK_D,2025-02-21
TXN0009771196,APP001,2025-10-03,pending,641694.19,AUD,AMER,CP0409,FUTURE,TDR0173,BOOK_D,2025-04-22
TXN0002307763,APP009,2025-07-07,settled,375166.56,EUR,APAC,CP0075,OPTION,TDR0149,BOOK_C,2025-09-15
TXN0004521312,APP007,2025-11-22,pending,593876.41,EUR,LATAM,CP0189,EQUITY,TDR0199,BOOK_D,2025-03-28
TXN0002043416,APP019,2026-01-22,settled,606363.53,AUD,EMEA,CP0288,FUTURE,TDR0150,BOOK_B,2025-05-15
TXN0001736781,APP017,2025-05-16,failed,916013.06,AUD,LATAM,CP0059,BOND,TDR0032,BOOK_A,2025-10-16
TXN0004223871,APP008,2025-10-04,settled,91990.22,AUD,LATAM,CP0127,BOND,TDR0036,BOOK_B,2025-01-10
TXN0003112511,APP017,2025-09-09,reversed,471474.28,GBP,APAC,CP0447,FUTURE,TDR0039,BOOK_D,2025-05-12
TXN0003756695,APP018,2025-07-06,settled,87682.39,CHF,APAC,CP0147,SWAP,TDR0024,BOOK_B,2025-06-27
TXN0001077945,APP003,2025-07-17,pending,735067.22,USD,APAC,CP0271,FX,TDR0093,BOOK_A,2025-01-09
TXN0003452026,APP001,2025-04-06,failed,200432.8,USD,AMER,CP0311,OPTION,TDR0132,BOOK_D,2025-01-12
TXN0006862691,APP006,2025-11-03,active,537419.04,EUR,AMER,CP0030,OPTION,TDR0072,BOOK_B,2025-03-03
TXN0003515691,APP014,2025-08-23,pending,197663.14,USD,AMER,CP0472,EQUITY,TDR0110,BOOK_B,2025-11-13
TXN0008085701,APP007,2025-02-09,active,841411.62,CHF,EMEA,CP0254,EQUITY,TDR0157,BOOK_B,2025-02-05
TXN0003385983,APP002,2026-04-08,reversed,851127.19,JPY,AMER,CP0257,OPTION,TDR0174,BOOK_D,2026-02-22
TXN0004068985,APP009,2026-02-18,active,51676.19,JPY,AMER,CP0194,OPTION,TDR0081,BOOK_A,2025-09-05
TXN0005422323,APP016,2025-12-02,active,794956.06,JPY,AMER,CP0202,BOND,TDR0036,BOOK_A,2025-12-15
TXN0006572503,APP010,2026-01-27,settled,136139.43,CHF,AMER,CP0370,EQUITY,TDR0071,BOOK_A,2025-10-20
TXN0008667843,APP015,2025-05-13,pending,363689.66,USD,AMER,CP0162,BOND,TDR0035,BOOK_A,2026-04-09
TXN0007166705,APP006,2025-09-17,settled,253285.92,GBP,LATAM,CP0064,FUTURE,TDR0139,BOOK_B,2025-12-02
TXN0008644291,APP013,2026-03-24,active,879802.33,CHF,AMER,CP0134,EQUITY,TDR0132,BOOK_C,2025-04-20
TXN0008888623,APP005,2025-01-18,failed,718249.81,JPY,LATAM,CP0280,FUTURE,TDR0106,BOOK_C,2025-03-08
TXN0004179741,APP011,2025-01-23,pending,112016.46,CHF,EMEA,CP0009,EQUITY,TDR0185,BOOK_D,2025-02-23
TXN0002116926,APP004,2025-09-22,active,776996.42,GBP,LATAM,CP0355,EQUITY,TDR0189,BOOK_C,2025-11-06
TXN0006157751,APP017,2025-11-09,pending,999491.68,CHF,LATAM,CP0010,SWAP,TDR0184,BOOK_B,2026-03-01
TXN0000985683,APP012,2026-02-28,reversed,571648.14,GBP,AMER,CP0256,OPTION,TDR0032,BOOK_A,2025-05-03
TXN0000455077,APP011,2025-03-30,settled,18424.22,AUD,AMER,CP0242,EQUITY,TDR0011,BOOK_A,2025-07-10
TXN0007718784,APP009,2026-02-20,pending,858200.42,CHF,APAC,CP0498,FX,TDR0152,BOOK_B,2025-06-11
TXN0004609296,APP006,2025-08-01,failed,131614.29,GBP,AMER,CP0373,SWAP,TDR0035,BOOK_D,2026-04-01
TXN0005267429,APP016,2025-03-27,failed,360641.23,EUR,LATAM,CP0481,BOND,TDR0108,BOOK_D,2025-06-05
TXN0001421784,APP014,2025-06-25,reversed,633126.0,AUD,LATAM,CP0129,BOND,TDR0168,BOOK_B,2026-01-05
TXN0004081498,APP009,2025-12-31,active,37504.24,EUR,EMEA,CP0181,EQUITY,TDR0041,BOOK_A,2026-01-14
TXN0002138432,APP011,2025-01-07,pending,93013.76,AUD,APAC,CP0089,OPTION,TDR0114,BOOK_C,2025-07-12
TXN0002772168,APP011,2025-04-15,pending,186642.98,EUR,EMEA,CP0344,FX,TDR0133,BOOK_D,2025-02-12
TXN0000691402,APP005,2025-10-05,active,596708.77,USD,AMER,CP0415,FUTURE,TDR0166,BOOK_B,2026-01-02
TXN0001213906,APP020,2025-08-21,reversed,740922.72,AUD,APAC,CP0366,SWAP,TDR0074,BOOK_A,2025-06-08
TXN0005048817,APP020,2025-02-13,pending,212357.73,CHF,APAC,CP0168,FX,TDR0137,BOOK_B,2025-08-30
TXN0006480155,APP009,2025-06-11,active,199769.64,GBP,LATAM,CP0286,FUTURE,TDR0052,BOOK_D,2025-03-09
TXN0002796108,APP013,2026-04-12,settled,978131.79,AUD,AMER,CP0407,BOND,TDR0020,BOOK_D,2025-12-06
TXN0009284575,APP005,2025-12-06,active,439751.3,GBP,AMER,CP0455,SWAP,TDR0057,BOOK_B,2026-02-25
TXN0001857353,APP015,2025-03-24,failed,666457.47,USD,AMER,CP0449,FX,TDR0053,BOOK_B,2025-04-06
TXN0007639419,APP004,2025-02-03,failed,212388.39,USD,AMER,CP0165,EQUITY,TDR0125,BOOK_A,2025-04-14
TXN0001841000,APP003,2025-11-27,pending,646713.16,USD,EMEA,CP0120,FX,TDR0120,BOOK_B,2025-11-05
TXN0009563098,APP002,2025-05-08,reversed,381707.77,EUR,EMEA,CP0284,SWAP,TDR0008,BOOK_B,2025-02-19
TXN0004000867,APP013,2025-11-23,pending,136177.97,USD,AMER,CP0288,SWAP,TDR0136,BOOK_D,2025-10-18
TXN0009699458,APP019,2025-03-02,settled,603769.86,CHF,EMEA,CP0329,EQUITY,TDR0190,BOOK_B,2025-02-13
TXN0006281438,APP018,2025-04-06,active,287168.95,GBP,LATAM,CP0454,EQUITY,TDR0082,BOOK_D,2025-06-04
TXN0003855355,APP004,2025-12-30,reversed,748872.78,USD,LATAM,CP0154,EQUITY,TDR0143,BOOK_C,2025-07-11
TXN0009790879,APP015,2025-01-17,pending,457192.88,EUR,AMER,CP0426,FX,TDR0110,BOOK_C,2025-05-09
TXN0008909039,APP003,2025-06-04,settled,23376.53,AUD,APAC,CP0382,SWAP,TDR0026,BOOK_C,2026-03-14
TXN0004715839,APP010,2025-07-16,failed,453892.11,EUR,LATAM,CP0191,SWAP,TDR0112,BOOK_B,2025-04-09
TXN0002587031,APP004,2025-11-21,pending,551867.17,CHF,APAC,CP0338,FX,TDR0180,BOOK_D,2026-04-08
TXN0000095273,APP011,2026-03-17,reversed,453841.08,JPY,APAC,CP0243,EQUITY,TDR0149,BOOK_D,2026-04-08
TXN0003883586,APP010,2025-01-09,pending,774221.38,EUR,LATAM,CP0269,FUTURE,TDR0107,BOOK_D,2025-12-14
TXN0005885749,APP002,2025-07-18,failed,80006.83,CHF,AMER,CP0348,FUTURE,TDR0138,BOOK_A,2025-11-21
TXN0007756084,APP001,2025-08-18,active,617470.04,AUD,AMER,CP0098,SWAP,TDR0154,BOOK_B,2025-09-21
TXN0001097144,APP013,2026-03-29,pending,138170.95,JPY,APAC,CP0271,OPTION,TDR0044,BOOK_C,2025-12-07
TXN0009273271,APP008,2025-09-24,settled,915821.12,AUD,EMEA,CP0172,FX,TDR0089,BOOK_B,2025-08-26
TXN0007202307,APP009,2026-03-15,pending,449244.89,GBP,EMEA,CP0350,OPTION,TDR0116,BOOK_A,2026-02-17
TXN0006733624,APP004,2025-09-20,reversed,673798.17,AUD,APAC,CP0013,EQUITY,TDR0080,BOOK_D,2025-09-30
TXN0001824543,APP010,2025-08-25,reversed,109420.19,GBP,EMEA,CP0174,EQUITY,TDR0188,BOOK_D,2025-06-24
TXN0000194765,APP002,2026-03-09,active,74072.31,CHF,APAC,CP0445,EQUITY,TDR0147,BOOK_D,2025-10-03
TXN0007727348,APP018,2026-01-09,active,616262.55,GBP,APAC,CP0023,BOND,TDR0077,BOOK_B,2025-06-11
TXN0005236581,APP010,2026-02-27,failed,838489.53,USD,AMER,CP0288,SWAP,TDR0053,BOOK_D,2025-03-24
TXN0005692796,APP013,2025-11-27,reversed,63894.85,USD,APAC,CP0186,FX,TDR0024,BOOK_A,2025-11-27
TXN0007353038,APP010,2025-02-23,settled,334018.15,JPY,APAC,CP0018,OPTION,TDR0121,BOOK_B,2025-12-03
TXN0001804849,APP013,2025-12-02,active,946033.97,AUD,EMEA,CP0494,SWAP,TDR0077,BOOK_D,2025-11-28
TXN0004774260,APP003,2025-03-16,pending,539600.1,USD,AMER,CP0315,SWAP,TDR0140,BOOK_C,2025-05-10
TXN0000501544,APP005,2025-04-19,active,751503.04,JPY,APAC,CP0297,BOND,TDR0104,BOOK_B,2025-06-21
TXN0007276367,APP005,2025-07-01,pending,443682.93,AUD,APAC,CP0320,SWAP,TDR0040,BOOK_C,2025-06-13
TXN0007203507,APP006,2025-09-02,failed,286973.75,EUR,LATAM,CP0095,OPTION,TDR0167,BOOK_A,2025-12-03
TXN0008453711,APP008,2025-02-23,reversed,994357.64,CHF,EMEA,CP0210,FX,TDR0173,BOOK_C,2025-10-15
TXN0000994331,APP015,2025-09-28,settled,253845.06,AUD,APAC,CP0268,SWAP,TDR0198,BOOK_A,2025-01-27
TXN0003007527,APP014,2025-10-24,pending,135554.28,CHF,EMEA,CP0323,EQUITY,TDR0117,BOOK_C,2025-01-05
TXN0007862025,APP010,2026-02-11,settled,889345.07,JPY,LATAM,CP0362,BOND,TDR0101,BOOK_B,2025-08-06
TXN0004623576,APP012,2025-06-18,active,516006.62,EUR,LATAM,CP0375,SWAP,TDR0018,BOOK_B,2025-05-29
TXN0009842234,APP017,2025-11-12,settled,184151.92,CHF,LATAM,CP0074,OPTION,TDR0062,BOOK_A,2025-06-25
TXN0006450425,APP015,2025-08-07,settled,758961.52,JPY,APAC,CP0014,FX,TDR0078,BOOK_B,2025-12-22
TXN0006826815,APP019,2025-02-10,settled,805152.74,CHF,AMER,CP0159,FUTURE,TDR0048,BOOK_D,2025-08-22
TXN0007341233,APP001,2025-10-30,failed,4338.62,JPY,APAC,CP0150,SWAP,TDR0111,BOOK_C,2025-10-28
TXN0002486459,APP001,2025-09-27,failed,340021.36,JPY,APAC,CP0345,FUTURE,TDR0093,BOOK_A,2026-03-24
TXN0004783164,APP014,2025-01-23,active,167703.2,JPY,AMER,CP0096,EQUITY,TDR0159,BOOK_A,2026-04-10
TXN0006114436,APP004,2025-08-22,reversed,832611.68,GBP,EMEA,CP0309,SWAP,TDR0171,BOOK_D,2025-02-17
TXN0003505370,APP018,2025-06-15,reversed,815303.79,AUD,LATAM,CP0088,BOND,TDR0035,BOOK_A,2025-10-11
TXN0009121110,APP013,2025-02-25,active,85582.19,AUD,APAC,CP0347,FUTURE,TDR0131,BOOK_C,2026-04-11
TXN0000899963,APP002,2025-10-27,settled,636387.79,AUD,LATAM,CP0033,EQUITY,TDR0146,BOOK_D,2025-10-15
TXN0005222906,APP012,2026-03-27,reversed,314692.02,USD,LATAM,CP0127,FUTURE,TDR0146,BOOK_C,2025-02-21
TXN0005683022,APP004,2025-10-22,reversed,628083.34,JPY,APAC,CP0487,OPTION,TDR0195,BOOK_B,2025-01-28
TXN0007577464,APP002,2025-03-11,active,145808.11,JPY,APAC,CP0309,EQUITY,TDR0152,BOOK_D,2025-08-05
TXN0008241619,APP010,2026-01-20,failed,363045.67,JPY,EMEA,CP0333,OPTION,TDR0054,BOOK_B,2025-05-22
TXN0008823657,APP017,2025-07-18,reversed,300579.81,EUR,AMER,CP0141,FX,TDR0066,BOOK_D,2025-06-16
TXN0000042606,APP014,2025-03-31,reversed,382453.31,EUR,AMER,CP0093,EQUITY,TDR0176,BOOK_A,2025-03-20
TXN0002272105,APP001,2025-07-08,pending,425083.54,EUR,EMEA,CP0267,FX,TDR0151,BOOK_D,2025-05-30
TXN0009821403,APP002,2026-01-02,failed,796446.35,JPY,AMER,CP0207,BOND,TDR0167,BOOK_C,2025-01-19
TXN0009948435,APP008,2026-03-31,settled,576985.86,EUR,APAC,CP0498,FX,TDR0111,BOOK_B,2025-08-11
TXN0000891896,APP002,2026-02-16,active,781988.61,EUR,LATAM,CP0232,SWAP,TDR0126,BOOK_D,2025-12-30
TXN0000586797,APP016,2025-10-08,settled,289295.93,JPY,EMEA,CP0254,OPTION,TDR0025,BOOK_C,2025-12-03
TXN0007970323,APP006,2025-07-11,reversed,212734.73,CHF,LATAM,CP0317,FUTURE,TDR0123,BOOK_C,2025-05-27
TXN0004844527,APP018,2025-02-13,active,346072.41,USD,EMEA,CP0383,FX,TDR0114,BOOK_A,2025-12-09
TXN0001953685,APP001,2025-08-09,failed,355404.72,EUR,APAC,CP0409,FUTURE,TDR0102,BOOK_A,2025-09-11
TXN0000522482,APP003,2026-02-14,pending,558030.44,AUD,LATAM,CP0461,SWAP,TDR0077,BOOK_A,2026-02-09
TXN0008016848,APP010,2025-06-12,active,347164.52,EUR,APAC,CP0475,OPTION,TDR0061,BOOK_C,2025-01-27
TXN0001883657,APP003,2025-07-18,reversed,943547.02,USD,APAC,CP0138,FUTURE,TDR0092,BOOK_B,2025-10-17
TXN0005952800,APP005,2025-03-10,pending,874254.16,JPY,LATAM,CP0217,EQUITY,TDR0189,BOOK_B,2025-03-08
TXN0003810278,APP001,2025-01-16,active,549831.74,EUR,APAC,CP0110,BOND,TDR0008,BOOK_B,2025-01-16
TXN0006851343,APP016,2025-05-16,failed,533.75,EUR,LATAM,CP0175,EQUITY,TDR0185,BOOK_A,2025-06-04
TXN0002385937,APP017,2025-03-26,pending,155195.08,GBP,APAC,CP0131,BOND,TDR0099,BOOK_D,2025-05-15
TXN0001509004,APP019,2025-11-09,pending,506025.57,AUD,APAC,CP0206,SWAP,TDR0127,BOOK_C,2026-01-07
TXN0003129063,APP020,2025-11-07,pending,883520.29,EUR,APAC,CP0243,BOND,TDR0067,BOOK_D,2026-04-04
TXN0008939899,APP003,2025-07-08,settled,237540.19,CHF,EMEA,CP0091,OPTION,TDR0127,BOOK_D,2025-01-06
TXN0008976317,APP003,2025-05-26,settled,518527.14,GBP,APAC,CP0262,BOND,TDR0140,BOOK_C,2025-04-15
TXN0003312980,APP014,2025-02-18,settled,259793.97,AUD,APAC,CP0028,EQUITY,TDR0119,BOOK_A,2025-06-11
TXN0000665461,APP017,2025-02-07,failed,139368.4,AUD,LATAM,CP0352,FX,TDR0080,BOOK_D,2025-11-05
TXN0004308190,APP009,2026-04-14,failed,141026.31,GBP,AMER,CP0090,SWAP,TDR0059,BOOK_D,2026-03-09
TXN0007266432,APP012,2025-09-08,active,805200.11,AUD,LATAM,CP0313,EQUITY,TDR0021,BOOK_B,2025-10-28
TXN0003254667,APP014,2025-10-21,reversed,250284.17,USD,LATAM,CP0045,FUTURE,TDR0022,BOOK_B,2025-07-02
TXN0008906109,APP014,2025-12-18,reversed,546484.85,AUD,EMEA,CP0207,FX,TDR0070,BOOK_C,2025-03-30
TXN0006042149,APP001,2026-03-15,active,689194.93,USD,AMER,CP0254,FX,TDR0171,BOOK_C,2025-10-01
TXN0002029100,APP012,2025-03-28,pending,64855.46,GBP,AMER,CP0020,SWAP,TDR0176,BOOK_C,2025-05-20
TXN0002090838,APP013,2025-02-11,reversed,460437.53,JPY,LATAM,CP0306,OPTION,TDR0034,BOOK_C,2025-02-04
TXN0002762332,APP011,2026-01-25,pending,575172.58,GBP,LATAM,CP0058,FUTURE,TDR0081,BOOK_C,2025-04-03
TXN0005560740,APP016,2026-02-03,reversed,816980.78,USD,EMEA,CP0093,EQUITY,TDR0007,BOOK_D,2025-04-08
TXN0005193391,APP003,2026-03-05,failed,260898.31,AUD,APAC,CP0396,OPTION,TDR0156,BOOK_A,2025-07-24
TXN0006878221,APP013,2025-11-16,settled,359072.7,AUD,LATAM,CP0021,FUTURE,TDR0148,BOOK_B,2025-04-29
TXN0000901219,APP008,2026-04-13,failed,734517.08,USD,LATAM,CP0364,OPTION,TDR0145,BOOK_B,2025-11-05
TXN0003790542,APP005,2025-03-15,failed,329407.83,GBP,EMEA,CP0335,FUTURE,TDR0200,BOOK_A,2026-04-04
TXN0000586285,APP004,2025-10-21,settled,780092.26,CHF,APAC,CP0026,FUTURE,TDR0133,BOOK_A,2025-06-04
TXN0001764097,APP005,2025-06-12,settled,245286.39,CHF,AMER,CP0444,BOND,TDR0188,BOOK_A,2026-04-07
TXN0005002467,APP011,2025-10-20,failed,434737.81,JPY,AMER,CP0190,BOND,TDR0117,BOOK_A,2025-03-03
TXN0002660979,APP005,2025-03-24,active,992110.15,AUD,EMEA,CP0266,SWAP,TDR0080,BOOK_B,2025-01-14
TXN0002380637,APP007,2025-01-16,pending,394373.16,CHF,EMEA,CP0452,BOND,TDR0178,BOOK_D,2026-03-19
TXN0002793067,APP010,2026-03-19,settled,638405.24,GBP,APAC,CP0092,EQUITY,TDR0198,BOOK_D,2025-11-01
TXN0003959493,APP019,2025-09-28,reversed,135244.73,CHF,EMEA,CP0060,FUTURE,TDR0191,BOOK_D,2025-04-13
TXN0000964655,APP001,2025-04-20,pending,629132.65,EUR,AMER,CP0194,EQUITY,TDR0118,BOOK_A,2025-07-21
TXN0004233960,APP005,2025-06-10,failed,775005.07,EUR,APAC,CP0091,OPTION,TDR0184,BOOK_C,2025-01-01
TXN0002772741,APP016,2025-02-01,settled,552410.13,USD,EMEA,CP0154,FUTURE,TDR0157,BOOK_B,2025-07-13
TXN0006280146,APP017,2025-08-31,failed,338845.3,CHF,LATAM,CP0059,OPTION,TDR0017,BOOK_B,2025-08-24
TXN0004091616,APP004,2025-01-02,failed,486129.98,CHF,LATAM,CP0070,FUTURE,TDR0084,BOOK_A,2026-03-07
TXN0002427569,APP020,2026-01-11,settled,426327.13,GBP,APAC,CP0365,FX,TDR0034,BOOK_B,2026-02-06
TXN0005767767,APP002,2026-01-11,active,134954.99,EUR,APAC,CP0115,EQUITY,TDR0039,BOOK_B,2026-02-25
TXN0000301922,APP009,2025-10-17,failed,896123.72,GBP,LATAM,CP0474,FX,TDR0111,BOOK_A,2025-12-13
TXN0002472930,APP011,2026-03-28,pending,988241.61,JPY,APAC,CP0018,FUTURE,TDR0071,BOOK_A,2025-12-28
TXN0003580887,APP009,2025-04-14,failed,73579.74,EUR,AMER,CP0330,FX,TDR0200,BOOK_A,2026-02-13
TXN0001247684,APP006,2025-05-10,settled,414183.12,CHF,AMER,CP0359,SWAP,TDR0189,BOOK_A,2025-06-23
TXN0006588891,APP009,2025-05-23,pending,797236.13,CHF,LATAM,CP0082,EQUITY,TDR0169,BOOK_D,2026-02-09
TXN0009064796,APP018,2025-09-03,settled,425788.14,JPY,LATAM,CP0486,SWAP,TDR0078,BOOK_C,2025-10-16
TXN0007921532,APP009,2025-07-03,reversed,936846.98,AUD,APAC,CP0255,SWAP,TDR0148,BOOK_D,2025-09-13
TXN0006714083,APP003,2026-03-18,settled,673280.58,EUR,APAC,CP0242,BOND,TDR0027,BOOK_D,2025-08-26
TXN0007892342,APP014,2025-11-30,reversed,688131.73,GBP,LATAM,CP0182,BOND,TDR0025,BOOK_C,2025-02-07
TXN0005868248,APP006,2025-10-12,reversed,1905.93,CHF,EMEA,CP0350,OPTION,TDR0161,BOOK_D,2025-10-18
TXN0009334659,APP007,2025-02-12,active,986689.69,EUR,EMEA,CP0161,FX,TDR0117,BOOK_B,2026-01-29
TXN0004512308,APP007,2025-02-05,active,342010.39,EUR,APAC,CP0099,FX,TDR0052,BOOK_B,2025-03-26
TXN0004486950,APP001,2025-10-03,reversed,529666.57,EUR,LATAM,CP0287,FX,TDR0074,BOOK_D,2025-06-01
TXN0007757008,APP013,2025-07-03,failed,553659.38,AUD,APAC,CP0167,FX,TDR0123,BOOK_D,2026-03-29
TXN0006968015,APP010,2025-05-08,settled,548061.03,EUR,LATAM,CP0203,BOND,TDR0086,BOOK_C,2025-08-04
TXN0001333824,APP017,2025-04-28,failed,677542.61,JPY,AMER,CP0294,OPTION,TDR0182,BOOK_D,2026-01-12
TXN0007931518,APP007,2026-01-04,failed,67037.26,JPY,EMEA,CP0472,BOND,TDR0061,BOOK_C,2025-10-03
TXN0001211135,APP008,2025-04-22,failed,377723.13,CHF,AMER,CP0146,OPTION,TDR0031,BOOK_A,2025-09-15
TXN0009831209,APP001,2025-02-10,active,736983.85,AUD,EMEA,CP0258,FUTURE,TDR0121,BOOK_B,2025-05-03
TXN0007449225,APP018,2025-02-22,active,584614.46,USD,APAC,CP0346,SWAP,TDR0110,BOOK_A,2025-10-05
TXN0007053625,APP015,2025-03-22,failed,499446.61,AUD,EMEA,CP0187,FX,TDR0118,BOOK_B,2025-10-21
TXN0007914005,APP005,2025-08-24,reversed,104657.62,EUR,AMER,CP0096,OPTION,TDR0195,BOOK_D,2026-01-30
TXN0004401106,APP007,2025-05-03,pending,98636.64,CHF,APAC,CP0072,SWAP,TDR0003,BOOK_D,2026-02-13
TXN0004791790,APP017,2025-10-29,reversed,398262.14,AUD,APAC,CP0454,SWAP,TDR0173,BOOK_C,2026-03-18
TXN0006320577,APP003,2025-02-02,active,215510.75,EUR,AMER,CP0304,SWAP,TDR0058,BOOK_C,2025-07-03
TXN0006250073,APP015,2025-03-25,reversed,831041.33,GBP,APAC,CP0290,BOND,TDR0180,BOOK_D,2025-07-13
TXN0000757646,APP002,2025-09-07,active,467553.45,AUD,APAC,CP0007,OPTION,TDR0092,BOOK_D,2025-10-22
TXN0002139293,APP006,2025-02-28,reversed,704384.39,JPY,AMER,CP0415,SWAP,TDR0191,BOOK_D,2025-03-31
TXN0002744491,APP010,2025-06-30,failed,115650.56,AUD,EMEA,CP0207,OPTION,TDR0105,BOOK_D,2025-04-16
TXN0007392785,APP008,2025-08-29,pending,621131.87,AUD,APAC,CP0094,BOND,TDR0143,BOOK_C,2026-01-04
TXN0009035578,APP018,2025-01-24,reversed,305578.83,AUD,EMEA,CP0342,OPTION,TDR0056,BOOK_C,2025-09-25
TXN0009005341,APP005,2025-05-11,failed,62535.17,AUD,LATAM,CP0196,FUTURE,TDR0128,BOOK_B,2026-03-13
TXN0003043959,APP016,2026-03-26,settled,397573.43,CHF,AMER,CP0308,EQUITY,TDR0004,BOOK_D,2025-09-15
TXN0007018273,APP014,2025-12-08,settled,270985.76,USD,APAC,CP0206,OPTION,TDR0179,BOOK_B,2025-11-09
TXN0006180347,APP015,2025-07-07,failed,671764.33,EUR,AMER,CP0313,OPTION,TDR0065,BOOK_C,2025-03-23
TXN0001006709,APP006,2025-11-11,settled,813258.79,AUD,LATAM,CP0479,BOND,TDR0002,BOOK_D,2025-01-17
TXN0007106624,APP011,2026-01-08,active,542496.61,GBP,EMEA,CP0348,EQUITY,TDR0022,BOOK_D,2026-02-19
TXN0000872074,APP011,2025-08-11,active,787630.53,USD,AMER,CP0003,EQUITY,TDR0149,BOOK_D,2026-02-22
TXN0006326380,APP004,2025-12-02,failed,974483.27,GBP,APAC,CP0477,FUTURE,TDR0115,BOOK_D,2025-12-10
TXN0003342638,APP007,2025-05-24,active,517954.47,AUD,EMEA,CP0222,SWAP,TDR0054,BOOK_C,2026-03-29
TXN0002389139,APP020,2025-08-27,pending,18834.58,GBP,LATAM,CP0270,OPTION,TDR0111,BOOK_A,2025-10-04
TXN0005821326,APP016,2025-05-28,settled,584112.38,AUD,LATAM,CP0061,FUTURE,TDR0080,BOOK_C,2025-08-14
TXN0000470059,APP014,2025-01-23,settled,206073.99,CHF,LATAM,CP0061,OPTION,TDR0034,BOOK_D,2025-03-25
TXN0000904598,APP020,2025-10-16,pending,780172.5,USD,LATAM,CP0467,SWAP,TDR0190,BOOK_B,2025-08-04
TXN0001124865,APP007,2026-04-01,failed,773067.42,GBP,EMEA,CP0172,EQUITY,TDR0180,BOOK_C,2026-03-08
TXN0007309100,APP007,2025-12-21,reversed,679084.45,JPY,LATAM,CP0276,BOND,TDR0038,BOOK_A,2025-08-16
TXN0003349573,APP005,2026-01-13,settled,249631.76,CHF,APAC,CP0348,OPTION,TDR0070,BOOK_A,2025-01-21
TXN0009390910,APP017,2025-12-18,pending,218474.72,EUR,EMEA,CP0031,OPTION,TDR0108,BOOK_A,2025-02-07
TXN0005562146,APP003,2026-03-04,pending,522039.21,EUR,LATAM,CP0049,OPTION,TDR0026,BOOK_B,2025-12-06
TXN0000022834,APP013,2025-07-17,pending,219788.45,GBP,APAC,CP0340,OPTION,TDR0114,BOOK_D,2025-09-08
TXN0004820557,APP020,2025-08-30,failed,387896.38,AUD,LATAM,CP0431,FX,TDR0189,BOOK_D,2025-08-03
TXN0003444329,APP014,2025-12-23,settled,62215.68,CHF,EMEA,CP0030,FX,TDR0108,BOOK_A,2025-02-09
TXN0005982413,APP005,2025-06-28,active,761327.36,AUD,APAC,CP0023,EQUITY,TDR0198,BOOK_C,2025-04-15
TXN0005658594,APP018,2025-01-13,settled,865601.87,EUR,AMER,CP0312,FX,TDR0090,BOOK_A,2025-10-27
TXN0007555266,APP004,2025-10-16,active,724014.83,AUD,LATAM,CP0449,BOND,TDR0002,BOOK_B,2026-01-13
TXN0003853056,APP003,2025-04-08,reversed,508793.38,CHF,AMER,CP0395,FUTURE,TDR0023,BOOK_A,2026-01-23
TXN0001024099,APP005,2025-05-22,settled,123466.28,GBP,APAC,CP0259,FUTURE,TDR0008,BOOK_D,2025-07-22
TXN0003407117,APP002,2025-05-13,reversed,698008.64,AUD,APAC,CP0239,EQUITY,TDR0159,BOOK_D,2025-11-25
TXN0005480389,APP001,2026-02-16,active,94879.01,CHF,EMEA,CP0401,BOND,TDR0129,BOOK_D,2025-12-10
TXN0005827639,APP004,2026-03-07,reversed,448863.94,EUR,APAC,CP0442,SWAP,TDR0086,BOOK_D,2025-03-14
TXN0005715639,APP005,2025-10-20,pending,854.74,JPY,EMEA,CP0126,BOND,TDR0188,BOOK_D,2025-05-25
TXN0000775179,APP018,2025-08-03,active,659448.23,EUR,EMEA,CP0245,BOND,TDR0071,BOOK_D,2025-02-15
TXN0003029186,APP004,2025-05-13,failed,457436.1,USD,EMEA,CP0186,FX,TDR0106,BOOK_A,2025-08-30
TXN0006398902,APP019,2026-02-01,reversed,4337.37,AUD,APAC,CP0199,BOND,TDR0067,BOOK_B,2025-11-04
TXN0004663493,APP003,2026-01-02,failed,713513.89,GBP,APAC,CP0465,FUTURE,TDR0087,BOOK_D,2026-02-24
TXN0001173277,APP016,2026-03-09,failed,150645.53,AUD,EMEA,CP0343,FX,TDR0096,BOOK_A,2026-04-08
TXN0000665678,APP008,2025-05-29,failed,86355.97,AUD,LATAM,CP0176,SWAP,TDR0001,BOOK_D,2026-03-25
TXN0008738389,APP018,2025-02-07,reversed,641878.77,GBP,LATAM,CP0446,EQUITY,TDR0070,BOOK_C,2025-07-15
TXN0000216786,APP017,2026-03-31,reversed,60970.53,USD,APAC,CP0124,BOND,TDR0190,BOOK_D,2025-05-27
TXN0001274024,APP004,2025-11-21,pending,878826.0,JPY,EMEA,CP0463,EQUITY,TDR0168,BOOK_C,2026-02-07
TXN0005715881,APP013,2025-11-15,settled,135973.23,JPY,LATAM,CP0141,OPTION,TDR0100,BOOK_B,2025-10-27
TXN0005898712,APP018,2025-11-26,active,169297.48,JPY,EMEA,CP0270,SWAP,TDR0140,BOOK_D,2026-03-04
TXN0005711705,APP009,2025-05-11,pending,577511.01,CHF,EMEA,CP0305,EQUITY,TDR0164,BOOK_C,2025-01-08
TXN0001584574,APP006,2025-12-15,settled,508010.09,EUR,APAC,CP0005,EQUITY,TDR0033,BOOK_D,2026-02-09
TXN0006507103,APP009,2025-10-09,reversed,78133.09,EUR,APAC,CP0325,FUTURE,TDR0095,BOOK_D,2025-11-22
TXN0009594755,APP003,2025-05-27,settled,527187.86,JPY,EMEA,CP0382,BOND,TDR0151,BOOK_C,2025-09-01
TXN0006054146,APP011,2026-03-05,active,687817.11,AUD,AMER,CP0096,BOND,TDR0149,BOOK_C,2026-01-03
TXN0006555033,APP020,2026-02-24,settled,281969.3,CHF,LATAM,CP0144,BOND,TDR0030,BOOK_A,2025-01-14
TXN0003135301,APP003,2025-08-20,reversed,248878.96,USD,EMEA,CP0159,FUTURE,TDR0115,BOOK_C,2026-03-25
TXN0002795327,APP011,2025-09-04,active,210000.55,EUR,LATAM,CP0457,SWAP,TDR0049,BOOK_B,2026-03-21
TXN0001532449,APP011,2025-11-29,reversed,141149.09,CHF,AMER,CP0293,FUTURE,TDR0073,BOOK_A,2026-02-11
TXN0002273486,APP012,2026-02-03,reversed,23511.5,AUD,LATAM,CP0229,SWAP,TDR0156,BOOK_A,2026-03-13
TXN0007819048,APP010,2025-02-07,pending,365120.92,CHF,AMER,CP0361,EQUITY,TDR0005,BOOK_C,2025-07-15
TXN0009504253,APP001,2025-07-04,failed,815049.21,GBP,APAC,CP0044,BOND,TDR0049,BOOK_C,2026-02-26
TXN0005866331,APP009,2026-02-25,failed,294374.02,JPY,LATAM,CP0379,SWAP,TDR0048,BOOK_D,2025-12-23
TXN0008022070,APP010,2025-08-24,reversed,98741.94,AUD,EMEA,CP0225,FX,TDR0001,BOOK_C,2025-02-21
TXN0001412908,APP007,2025-06-06,settled,283714.18,AUD,LATAM,CP0126,FUTURE,TDR0157,BOOK_A,2025-02-27
TXN0003706155,APP009,2026-03-28,pending,982111.02,CHF,EMEA,CP0266,EQUITY,TDR0020,BOOK_C,2025-04-02
TXN0007965572,APP011,2025-02-23,active,987453.68,JPY,EMEA,CP0491,OPTION,TDR0075,BOOK_D,2025-01-03
TXN0006546313,APP002,2025-01-28,active,679854.21,EUR,EMEA,CP0435,FX,TDR0127,BOOK_B,2025-09-25
TXN0009613183,APP004,2025-08-07,reversed,579106.35,CHF,AMER,CP0207,FX,TDR0079,BOOK_A,2025-01-04
TXN0009488937,APP011,2025-11-18,reversed,690546.25,GBP,LATAM,CP0488,FUTURE,TDR0035,BOOK_B,2025-09-11
TXN0007000677,APP008,2025-01-03,pending,623391.65,USD,APAC,CP0020,BOND,TDR0161,BOOK_A,2025-04-02
TXN0007620508,APP008,2025-09-05,pending,870126.53,EUR,AMER,CP0407,SWAP,TDR0079,BOOK_C,2025-10-14
TXN0009718467,APP006,2025-03-19,settled,45593.31,AUD,EMEA,CP0142,FX,TDR0138,BOOK_B,2025-04-08
TXN0006466895,APP009,2026-03-02,failed,813512.09,AUD,AMER,CP0137,EQUITY,TDR0198,BOOK_C,2025-09-13
TXN0002356374,APP008,2025-04-20,pending,759152.9,USD,EMEA,CP0355,BOND,TDR0065,BOOK_C,2025-03-26
TXN0003133173,APP017,2026-04-08,failed,649438.22,EUR,LATAM,CP0401,FUTURE,TDR0110,BOOK_C,2026-03-24
TXN0000675562,APP006,2025-10-16,pending,276210.33,EUR,LATAM,CP0306,FUTURE,TDR0162,BOOK_A,2025-02-23
TXN0002227293,APP009,2026-01-27,failed,245197.36,CHF,LATAM,CP0154,FUTURE,TDR0066,BOOK_B,2025-07-17
TXN0003061237,APP004,2026-03-14,failed,101773.31,EUR,APAC,CP0350,BOND,TDR0050,BOOK_B,2026-02-21
TXN0008220303,APP017,2025-03-21,pending,663827.9,CHF,EMEA,CP0472,OPTION,TDR0059,BOOK_B,2026-02-07
TXN0009495739,APP002,2025-05-14,failed,283871.54,JPY,APAC,CP0199,BOND,TDR0035,BOOK_D,2025-12-21
TXN0001707774,APP019,2026-04-14,pending,531897.5,USD,LATAM,CP0284,FUTURE,TDR0029,BOOK_D,2025-02-16
TXN0001426098,APP002,2025-11-27,failed,903415.74,GBP,AMER,CP0321,BOND,TDR0076,BOOK_D,2026-02-18
TXN0001936932,APP008,2026-02-01,pending,467313.29,USD,APAC,CP0128,FX,TDR0041,BOOK_B,2025-11-11
TXN0005069561,APP016,2025-12-11,active,811095.41,GBP,APAC,CP0323,OPTION,TDR0068,BOOK_A,2025-07-18
TXN0007524393,APP017,2025-01-13,reversed,62592.61,EUR,AMER,CP0163,OPTION,TDR0012,BOOK_A,2025-10-02
TXN0009718140,APP015,2026-02-07,active,952104.84,EUR,EMEA,CP0178,BOND,TDR0005,BOOK_C,2025-02-08
TXN0009099767,APP020,2026-02-15,pending,122253.51,JPY,AMER,CP0051,FX,TDR0115,BOOK_A,2025-03-07
TXN0009711950,APP004,2025-09-25,active,62302.72,CHF,LATAM,CP0249,BOND,TDR0096,BOOK_B,2025-08-10
TXN0006652087,APP010,2025-06-11,active,575083.15,EUR,LATAM,CP0482,EQUITY,TDR0185,BOOK_B,2025-01-10
TXN0003365193,APP002,2025-09-02,failed,43676.99,JPY,LATAM,CP0111,BOND,TDR0117,BOOK_A,2025-10-20
TXN0005904279,APP004,2025-01-14,reversed,804316.23,AUD,EMEA,CP0281,BOND,TDR0044,BOOK_D,2026-04-11
TXN0004621677,APP001,2025-02-07,pending,441761.17,JPY,AMER,CP0103,FX,TDR0152,BOOK_D,2025-02-06
TXN0006218244,APP015,2025-04-17,failed,672001.07,GBP,LATAM,CP0144,SWAP,TDR0074,BOOK_A,2025-09-07
TXN0001707002,APP001,2026-03-19,pending,48306.71,JPY,LATAM,CP0072,BOND,TDR0101,BOOK_A,2025-09-30
TXN0005602471,APP019,2026-01-22,failed,720067.35,USD,APAC,CP0336,FUTURE,TDR0030,BOOK_B,2025-09-09
TXN0003162637,APP014,2025-11-09,reversed,640945.84,GBP,LATAM,CP0458,EQUITY,TDR0124,BOOK_C,2025-04-02
TXN0005777428,APP012,2025-01-20,settled,554648.67,USD,EMEA,CP0226,OPTION,TDR0049,BOOK_C,2025-07-29
TXN0001786144,APP012,2025-04-15,failed,907004.91,AUD,EMEA,CP0028,OPTION,TDR0059,BOOK_D,2025-11-14
TXN0006778393,APP014,2025-01-20,active,113808.12,GBP,LATAM,CP0178,OPTION,TDR0145,BOOK_A,2025-12-24
TXN0006870541,APP017,2025-07-16,active,639365.88,GBP,LATAM,CP0206,OPTION,TDR0009,BOOK_B,2025-01-02
TXN0001478761,APP020,2025-09-01,failed,689962.58,CHF,APAC,CP0105,SWAP,TDR0043,BOOK_D,2025-01-28
TXN0002515479,APP015,2026-02-09,reversed,830274.61,EUR,APAC,CP0218,BOND,TDR0092,BOOK_A,2025-02-14
TXN0003275434,APP007,2025-01-20,reversed,919755.26,GBP,AMER,CP0207,OPTION,TDR0170,BOOK_D,2025-04-09
TXN0005508808,APP015,2025-06-30,failed,390072.43,CHF,EMEA,CP0006,FUTURE,TDR0159,BOOK_A,2025-07-22
TXN0005449349,APP014,2025-05-20,settled,550680.24,JPY,AMER,CP0409,FUTURE,TDR0012,BOOK_B,2025-10-13
TXN0002475880,APP004,2026-01-30,active,652465.11,JPY,LATAM,CP0165,EQUITY,TDR0057,BOOK_C,2026-02-15
TXN0008693630,APP014,2026-03-08,pending,555703.83,USD,LATAM,CP0405,OPTION,TDR0032,BOOK_C,2025-08-05
TXN0008863865,APP018,2026-03-08,failed,510706.64,AUD,AMER,CP0394,FUTURE,TDR0167,BOOK_A,2025-03-16
TXN0008340340,APP013,2025-06-14,failed,312072.96,AUD,EMEA,CP0423,EQUITY,TDR0074,BOOK_C,2026-03-24
TXN0007637320,APP002,2025-10-12,pending,249586.7,CHF,AMER,CP0211,SWAP,TDR0059,BOOK_B,2025-08-23
TXN0002960914,APP010,2026-02-11,failed,937790.76,EUR,EMEA,CP0040,FUTURE,TDR0180,BOOK_A,2025-12-06
TXN0003660549,APP007,2026-04-14,settled,413841.75,EUR,AMER,CP0237,SWAP,TDR0189,BOOK_C,2025-11-28
TXN0004488235,APP010,2025-04-15,active,803791.42,JPY,EMEA,CP0104,FX,TDR0054,BOOK_A,2026-03-06
TXN0000822424,APP017,2025-11-06,pending,749897.95,AUD,EMEA,CP0446,EQUITY,TDR0145,BOOK_B,2025-06-30
TXN0003874449,APP009,2025-03-04,active,905486.42,JPY,EMEA,CP0289,FX,TDR0146,BOOK_C,2026-03-08
TXN0002355181,APP020,2025-12-08,reversed,580529.17,EUR,AMER,CP0147,FX,TDR0132,BOOK_A,2025-11-21
TXN0009648008,APP012,2025-10-04,settled,32121.61,CHF,AMER,CP0473,EQUITY,TDR0060,BOOK_D,2026-04-12
TXN0006512568,APP011,2025-11-03,reversed,213129.07,CHF,AMER,CP0033,FUTURE,TDR0182,BOOK_C,2026-03-12
TXN0005413617,APP004,2026-03-12,settled,369223.25,CHF,LATAM,CP0198,EQUITY,TDR0001,BOOK_D,2025-05-17
TXN0008415429,APP009,2025-03-27,failed,893127.93,CHF,EMEA,CP0439,OPTION,TDR0092,BOOK_B,2025-12-13
TXN0004637326,APP017,2026-01-28,active,798042.25,CHF,EMEA,CP0490,FX,TDR0032,BOOK_C,2025-03-24
TXN0000378418,APP011,2025-04-22,active,814976.63,JPY,AMER,CP0232,SWAP,TDR0118,BOOK_C,2025-01-20
TXN0002002528,APP004,2025-06-29,pending,806708.36,CHF,AMER,CP0314,SWAP,TDR0053,BOOK_A,2025-10-26
TXN0001507662,APP006,2025-11-25,reversed,188382.29,JPY,APAC,CP0106,SWAP,TDR0152,BOOK_B,2025-11-05
TXN0009074197,APP015,2026-03-15,active,322370.23,EUR,EMEA,CP0237,EQUITY,TDR0200,BOOK_B,2025-03-10
TXN0007324792,APP003,2025-07-21,active,682942.5,AUD,LATAM,CP0361,FX,TDR0001,BOOK_B,2025-03-20
TXN0008838572,APP005,2025-09-05,settled,222401.04,JPY,LATAM,CP0448,SWAP,TDR0073,BOOK_B,2025-04-12
TXN0006402543,APP009,2025-10-31,settled,496507.53,USD,EMEA,CP0179,BOND,TDR0170,BOOK_A,2025-12-08
TXN0006118523,APP019,2026-02-01,failed,351434.4,GBP,AMER,CP0018,BOND,TDR0040,BOOK_C,2026-01-01
TXN0002372561,APP012,2026-04-12,active,878411.46,EUR,AMER,CP0191,BOND,TDR0088,BOOK_B,2025-04-01
TXN0004801507,APP006,2025-05-01,reversed,779071.23,USD,APAC,CP0149,OPTION,TDR0087,BOOK_A,2025-12-27
TXN0000726974,APP014,2025-03-24,active,219221.09,AUD,AMER,CP0420,EQUITY,TDR0164,BOOK_A,2025-12-09
TXN0002185279,APP011,2025-12-30,active,6162.76,EUR,EMEA,CP0025,FX,TDR0076,BOOK_D,2026-01-20
TXN0009300378,APP011,2025-03-29,active,196412.84,GBP,LATAM,CP0134,FUTURE,TDR0106,BOOK_B,2025-06-13
TXN0001710147,APP004,2025-02-16,reversed,942435.01,CHF,AMER,CP0451,SWAP,TDR0021,BOOK_A,2025-04-15
TXN0002233764,APP013,2025-12-16,active,743376.88,AUD,AMER,CP0114,SWAP,TDR0117,BOOK_C,2025-05-07
TXN0005931288,APP005,2026-01-10,active,434405.75,AUD,EMEA,CP0306,BOND,TDR0141,BOOK_B,2025-09-02
TXN0003268258,APP007,2025-11-12,settled,359595.12,CHF,APAC,CP0369,OPTION,TDR0051,BOOK_A,2025-03-11
TXN0002127813,APP002,2026-03-12,pending,628937.14,EUR,AMER,CP0340,FX,TDR0040,BOOK_D,2025-09-23
TXN0007893745,APP015,2025-05-24,failed,3068.97,JPY,AMER,CP0371,BOND,TDR0130,BOOK_D,2025-07-01
TXN0004594963,APP016,2025-01-24,pending,871372.55,EUR,APAC,CP0365,EQUITY,TDR0071,BOOK_A,2025-12-28
TXN0000620572,APP014,2025-03-22,active,626909.47,CHF,EMEA,CP0167,EQUITY,TDR0145,BOOK_D,2026-01-02
TXN0000977675,APP019,2025-12-22,settled,746195.83,JPY,AMER,CP0499,EQUITY,TDR0043,BOOK_C,2025-11-06
TXN0003894646,APP010,2025-01-13,failed,685182.99,AUD,AMER,CP0197,SWAP,TDR0091,BOOK_A,2025-11-18
TXN0006968535,APP002,2026-02-09,pending,609446.19,AUD,EMEA,CP0221,FX,TDR0133,BOOK_D,2025-12-15
TXN0008674907,APP002,2025-08-25,active,456245.98,USD,APAC,CP0370,SWAP,TDR0015,BOOK_B,2025-04-04
TXN0005165338,APP002,2026-02-03,failed,345641.87,JPY,EMEA,CP0366,BOND,TDR0167,BOOK_B,2025-04-01
TXN0002075363,APP018,2025-07-11,failed,273927.03,AUD,EMEA,CP0375,FX,TDR0193,BOOK_A,2025-06-16
TXN0009610350,APP013,2025-11-24,reversed,646527.73,USD,EMEA,CP0251,FX,TDR0009,BOOK_A,2025-01-17
TXN0000470517,APP012,2025-08-02,settled,614545.38,CHF,AMER,CP0215,FUTURE,TDR0199,BOOK_B,2025-02-20
TXN0000098406,APP005,2025-10-10,active,79001.48,USD,LATAM,CP0390,FUTURE,TDR0012,BOOK_D,2025-05-22
TXN0007460137,APP020,2025-04-13,failed,329598.11,CHF,APAC,CP0286,EQUITY,TDR0152,BOOK_D,2025-01-06
TXN0006373296,APP005,2025-11-28,settled,807147.46,JPY,EMEA,CP0020,FX,TDR0034,BOOK_A,2026-01-15
TXN0003810619,APP011,2025-06-26,pending,113940.15,CHF,LATAM,CP0486,EQUITY,TDR0163,BOOK_B,2025-07-17
TXN0002378272,APP012,2025-11-18,active,858501.25,JPY,EMEA,CP0309,SWAP,TDR0051,BOOK_A,2025-10-22
TXN0009230083,APP001,2026-03-19,settled,804382.02,AUD,LATAM,CP0385,FX,TDR0156,BOOK_A,2025-09-30
TXN0008714512,APP011,2025-02-17,failed,676219.6,AUD,LATAM,CP0145,EQUITY,TDR0107,BOOK_A,2025-08-19
TXN0000581839,APP005,2025-05-18,reversed,95181.89,AUD,AMER,CP0045,BOND,TDR0083,BOOK_C,2026-01-19
TXN0001357469,APP016,2025-05-05,settled,511.99,GBP,APAC,CP0016,SWAP,TDR0192,BOOK_B,2025-08-29
TXN0005631867,APP007,2025-05-07,failed,401153.99,EUR,APAC,CP0034,BOND,TDR0048,BOOK_B,2025-07-28
TXN0000886053,APP014,2025-08-11,failed,669796.79,CHF,EMEA,CP0082,SWAP,TDR0155,BOOK_B,2026-02-10
TXN0002923443,APP014,2025-08-29,settled,145083.31,AUD,EMEA,CP0140,EQUITY,TDR0025,BOOK_B,2025-11-24
TXN0007607176,APP018,2025-01-09,failed,977202.4,CHF,AMER,CP0149,SWAP,TDR0030,BOOK_C,2025-03-23
TXN0006924703,APP006,2025-11-08,reversed,695612.82,GBP,LATAM,CP0101,FUTURE,TDR0124,BOOK_D,2025-08-01
TXN0006422980,APP015,2025-12-21,active,319132.2,JPY,AMER,CP0271,FX,TDR0128,BOOK_D,2026-02-10
TXN0002165568,APP002,2025-08-06,active,959885.81,EUR,LATAM,CP0330,BOND,TDR0157,BOOK_C,2025-06-05
TXN0003895171,APP010,2025-12-25,failed,192095.72,CHF,LATAM,CP0328,FX,TDR0014,BOOK_D,2025-11-02
TXN0004142765,APP008,2025-06-07,reversed,226556.31,CHF,LATAM,CP0235,FUTURE,TDR0183,BOOK_C,2026-01-21
TXN0006582700,APP016,2025-05-13,settled,187190.7,GBP,EMEA,CP0058,BOND,TDR0073,BOOK_C,2026-02-10
TXN0005699522,APP003,2025-02-12,settled,715165.99,CHF,EMEA,CP0236,FX,TDR0074,BOOK_B,2025-05-03
TXN0002570443,APP015,2026-01-26,active,978656.23,AUD,APAC,CP0229,OPTION,TDR0161,BOOK_D,2025-05-26
TXN0002483837,APP012,2025-09-06,failed,490664.14,CHF,LATAM,CP0166,SWAP,TDR0141,BOOK_C,2025-07-07
TXN0008545085,APP008,2026-03-03,reversed,805550.31,USD,APAC,CP0129,OPTION,TDR0114,BOOK_B,2025-11-20
TXN0008003665,APP020,2025-01-10,settled,640186.5,USD,AMER,CP0027,OPTION,TDR0006,BOOK_D,2025-12-07
TXN0000072307,APP012,2025-08-31,reversed,849317.5,EUR,EMEA,CP0410,FX,TDR0164,BOOK_A,2026-01-11
TXN0004413884,APP005,2026-03-03,pending,859360.64,USD,LATAM,CP0207,SWAP,TDR0037,BOOK_C,2025-11-10
TXN0003218117,APP009,2025-02-23,settled,259479.17,JPY,APAC,CP0209,SWAP,TDR0050,BOOK_A,2025-03-04
TXN0007860408,APP018,2025-06-29,reversed,511387.59,USD,APAC,CP0133,OPTION,TDR0125,BOOK_C,2026-01-25
TXN0001232560,APP002,2025-05-09,active,632855.84,EUR,APAC,CP0463,SWAP,TDR0172,BOOK_B,2025-04-30
TXN0002816508,APP017,2026-03-15,settled,792527.48,JPY,EMEA,CP0024,BOND,TDR0092,BOOK_C,2025-11-14
TXN0003552770,APP002,2025-08-16,active,463755.05,AUD,LATAM,CP0352,EQUITY,TDR0007,BOOK_D,2026-01-17
TXN0004519143,APP018,2026-03-12,pending,302433.5,JPY,LATAM,CP0059,BOND,TDR0170,BOOK_B,2025-11-04
TXN0005759334,APP011,2026-01-16,active,620157.09,USD,LATAM,CP0325,OPTION,TDR0101,BOOK_A,2025-08-21
TXN0005360829,APP007,2025-09-10,reversed,728916.22,AUD,LATAM,CP0207,FUTURE,TDR0200,BOOK_A,2026-01-11
TXN0006819594,APP010,2025-10-08,active,627644.39,USD,AMER,CP0164,FX,TDR0146,BOOK_C,2025-01-03
TXN0002182045,APP004,2025-12-01,reversed,46627.47,EUR,LATAM,CP0410,OPTION,TDR0198,BOOK_C,2025-04-27
TXN0000879983,APP013,2025-11-02,reversed,352818.71,CHF,AMER,CP0428,FUTURE,TDR0066,BOOK_D,2025-06-25
TXN0004430508,APP012,2025-10-20,pending,900791.4,EUR,LATAM,CP0465,SWAP,TDR0189,BOOK_D,2026-01-14
TXN0005566690,APP007,2026-04-01,pending,600931.33,GBP,APAC,CP0171,FUTURE,TDR0134,BOOK_C,2025-09-19
TXN0008337156,APP013,2025-08-18,active,972621.42,AUD,LATAM,CP0298,FX,TDR0158,BOOK_A,2025-12-31
TXN0005727532,APP012,2025-07-10,settled,602496.13,USD,AMER,CP0273,SWAP,TDR0082,BOOK_B,2025-10-02
TXN0003749747,APP008,2026-03-22,settled,691690.5,AUD,EMEA,CP0291,SWAP,TDR0074,BOOK_C,2025-10-03
TXN0006641019,APP001,2025-12-06,settled,12384.64,USD,EMEA,CP0196,FX,TDR0047,BOOK_A,2025-09-04
TXN0003774881,APP008,2025-08-29,pending,938787.97,GBP,APAC,CP0081,BOND,TDR0105,BOOK_D,2025-06-01
TXN0002424680,APP015,2025-11-23,active,787364.35,CHF,APAC,CP0049,OPTION,TDR0034,BOOK_B,2025-12-21
TXN0004198747,APP010,2025-09-27,failed,899127.76,CHF,AMER,CP0136,SWAP,TDR0062,BOOK_D,2025-07-05
TXN0007734818,APP001,2025-01-23,pending,721707.62,AUD,LATAM,CP0164,OPTION,TDR0160,BOOK_C,2025-09-21
TXN0009979506,APP008,2025-05-13,settled,449297.22,GBP,AMER,CP0368,EQUITY,TDR0114,BOOK_A,2025-03-18
TXN0006680558,APP008,2025-05-13,settled,769897.35,GBP,LATAM,CP0239,SWAP,TDR0037,BOOK_C,2026-03-05
TXN0005918605,APP020,2025-08-01,failed,961507.33,EUR,APAC,CP0029,SWAP,TDR0015,BOOK_D,2025-10-24
TXN0009398065,APP017,2025-03-01,pending,201448.78,CHF,APAC,CP0303,FUTURE,TDR0163,BOOK_D,2025-02-09
TXN0006569095,APP002,2025-10-04,pending,941256.16,CHF,EMEA,CP0445,FX,TDR0071,BOOK_B,2026-04-05
TXN0001124699,APP007,2026-02-06,reversed,87446.05,CHF,EMEA,CP0024,FUTURE,TDR0025,BOOK_A,2026-02-20
TXN0003797168,APP006,2026-04-01,failed,214642.58,CHF,APAC,CP0452,BOND,TDR0070,BOOK_A,2026-01-06
TXN0007996043,APP019,2025-09-29,settled,14910.91,USD,EMEA,CP0132,EQUITY,TDR0143,BOOK_B,2025-04-21
TXN0002927254,APP008,2025-05-08,pending,183858.59,JPY,APAC,CP0497,EQUITY,TDR0138,BOOK_B,2025-10-10
TXN0006374539,APP011,2026-02-17,active,614700.35,GBP,APAC,CP0030,OPTION,TDR0010,BOOK_A,2025-07-11
TXN0009867633,APP019,2026-02-19,settled,709339.35,AUD,APAC,CP0272,OPTION,TDR0158,BOOK_C,2025-07-26
TXN0004246974,APP015,2026-04-02,active,147490.38,AUD,APAC,CP0347,BOND,TDR0128,BOOK_A,2026-03-18
TXN0004263502,APP004,2025-01-03,failed,667084.1,JPY,EMEA,CP0131,BOND,TDR0003,BOOK_D,2025-11-01
TXN0003220281,APP010,2025-09-02,pending,611948.65,GBP,LATAM,CP0397,OPTION,TDR0098,BOOK_C,2025-07-02
TXN0003812975,APP005,2025-10-07,settled,818243.51,GBP,EMEA,CP0466,FUTURE,TDR0038,BOOK_D,2026-02-04
TXN0002107198,APP005,2025-10-08,pending,787588.3,JPY,APAC,CP0479,BOND,TDR0191,BOOK_C,2025-12-30
TXN0004414809,APP015,2025-02-07,reversed,626216.58,EUR,APAC,CP0334,SWAP,TDR0187,BOOK_D,2025-01-04
TXN0009126850,APP017,2025-10-11,failed,676461.88,GBP,LATAM,CP0231,BOND,TDR0102,BOOK_A,2025-12-05
TXN0000806306,APP015,2025-05-29,active,958401.56,USD,AMER,CP0371,FX,TDR0067,BOOK_A,2025-07-25
TXN0001538436,APP007,2025-09-30,active,401755.65,CHF,APAC,CP0127,FUTURE,TDR0117,BOOK_D,2025-12-06
TXN0006285688,APP012,2026-01-24,failed,834190.89,GBP,AMER,CP0169,FX,TDR0020,BOOK_D,2025-11-20
TXN0000129355,APP013,2025-07-15,active,262829.71,USD,EMEA,CP0349,OPTION,TDR0167,BOOK_D,2025-02-02
TXN0006503383,APP002,2025-07-22,settled,149780.98,GBP,AMER,CP0376,SWAP,TDR0190,BOOK_C,2025-07-05
TXN0005686046,APP017,2026-04-14,pending,550108.93,GBP,LATAM,CP0165,BOND,TDR0113,BOOK_C,2026-02-19
TXN0003756330,APP012,2026-03-24,pending,303584.2,GBP,EMEA,CP0397,BOND,TDR0032,BOOK_D,2026-01-29
TXN0009771389,APP004,2025-02-24,active,457104.0,USD,AMER,CP0282,OPTION,TDR0128,BOOK_C,2025-05-16
TXN0004982704,APP014,2025-11-25,active,479407.67,JPY,APAC,CP0034,BOND,TDR0067,BOOK_C,2025-01-10
TXN0001481931,APP010,2025-04-19,reversed,163141.98,AUD,EMEA,CP0202,BOND,TDR0175,BOOK_B,2025-12-17
TXN0007239070,APP011,2026-02-16,active,154994.75,USD,EMEA,CP0333,OPTION,TDR0134,BOOK_A,2025-10-31
TXN0006712974,APP006,2026-02-24,active,648438.35,GBP,LATAM,CP0314,SWAP,TDR0035,BOOK_D,2025-02-20
TXN0004123217,APP009,2025-11-25,active,134440.36,JPY,LATAM,CP0381,FUTURE,TDR0152,BOOK_C,2025-09-14
TXN0003284931,APP019,2025-08-11,settled,749972.24,JPY,EMEA,CP0044,FUTURE,TDR0112,BOOK_D,2025-01-05
TXN0008605682,APP002,2025-10-23,active,137670.04,GBP,LATAM,CP0474,OPTION,TDR0124,BOOK_C,2026-04-11
TXN0000617919,APP010,2025-03-16,failed,315347.27,EUR,EMEA,CP0045,OPTION,TDR0161,BOOK_A,2025-09-04
TXN0004278914,APP014,2025-05-13,active,208195.48,CHF,AMER,CP0214,FUTURE,TDR0154,BOOK_C,2025-07-03
TXN0009601928,APP015,2026-03-29,settled,260964.7,EUR,APAC,CP0205,EQUITY,TDR0164,BOOK_A,2025-03-23
TXN0002778681,APP002,2025-03-31,active,849534.9,CHF,AMER,CP0317,SWAP,TDR0043,BOOK_C,2025-01-10
TXN0005937317,APP006,2025-01-14,failed,25664.48,CHF,EMEA,CP0270,SWAP,TDR0003,BOOK_B,2025-09-21
TXN0005851209,APP019,2026-04-01,reversed,722903.48,EUR,LATAM,CP0360,FUTURE,TDR0088,BOOK_B,2025-08-11
TXN0009280732,APP007,2025-03-16,failed,323344.47,EUR,EMEA,CP0493,FX,TDR0160,BOOK_B,2025-05-21
TXN0001900084,APP013,2025-01-30,active,347942.98,GBP,LATAM,CP0476,SWAP,TDR0066,BOOK_B,2025-11-16
TXN0001305625,APP002,2025-10-18,reversed,453659.52,USD,LATAM,CP0460,FUTURE,TDR0060,BOOK_C,2025-06-09
TXN0000186960,APP009,2026-03-17,pending,101002.2,EUR,LATAM,CP0147,FX,TDR0189,BOOK_D,2026-02-28
TXN0003489878,APP013,2025-03-30,failed,15683.05,JPY,AMER,CP0150,EQUITY,TDR0101,BOOK_C,2025-09-11
TXN0008744781,APP003,2025-01-16,reversed,953184.2,USD,APAC,CP0477,SWAP,TDR0119,BOOK_C,2025-06-06
TXN0009073372,APP007,2025-02-16,failed,56697.45,AUD,EMEA,CP0203,OPTION,TDR0100,BOOK_D,2026-03-06
TXN0005286747,APP014,2025-03-14,failed,700631.45,JPY,LATAM,CP0117,SWAP,TDR0109,BOOK_D,2025-01-29
TXN0002240372,APP018,2026-01-09,active,871691.74,EUR,EMEA,CP0222,SWAP,TDR0045,BOOK_C,2025-07-12
TXN0001178057,APP011,2026-01-22,active,797198.51,CHF,AMER,CP0307,SWAP,TDR0179,BOOK_C,2025-01-09
TXN0006710664,APP018,2025-11-12,reversed,891725.27,CHF,LATAM,CP0465,EQUITY,TDR0121,BOOK_D,2025-10-06
TXN0005779925,APP006,2025-11-29,pending,576828.79,GBP,AMER,CP0378,OPTION,TDR0100,BOOK_D,2026-01-15
TXN0007159255,APP009,2025-08-18,active,437942.76,GBP,LATAM,CP0093,EQUITY,TDR0078,BOOK_A,2025-07-04
TXN0004259705,APP006,2025-09-23,reversed,980262.83,CHF,AMER,CP0462,EQUITY,TDR0075,BOOK_D,2025-07-22
TXN0003323278,APP004,2025-01-20,failed,432922.43,JPY,EMEA,CP0324,OPTION,TDR0167,BOOK_D,2025-05-20
TXN0002150370,APP005,2025-12-09,active,889028.51,AUD,APAC,CP0281,FUTURE,TDR0086,BOOK_A,2025-10-24
TXN0001641554,APP011,2025-05-28,reversed,886402.34,GBP,EMEA,CP0301,FX,TDR0018,BOOK_D,2025-11-19
TXN0008529057,APP004,2025-11-17,settled,624796.5,USD,APAC,CP0400,FX,TDR0056,BOOK_B,2025-02-08
TXN0002792421,APP017,2025-01-06,active,36119.11,CHF,LATAM,CP0484,FUTURE,TDR0060,BOOK_B,2025-12-08
TXN0001824950,APP017,2025-08-25,pending,63512.51,EUR,AMER,CP0036,OPTION,TDR0120,BOOK_C,2025-10-25
TXN0001384655,APP006,2026-02-06,active,960347.25,JPY,EMEA,CP0392,EQUITY,TDR0039,BOOK_B,2025-12-11
TXN0007176019,APP006,2025-02-28,failed,802270.46,CHF,AMER,CP0393,SWAP,TDR0038,BOOK_A,2025-09-25
TXN0009064657,APP013,2025-12-25,pending,678852.02,JPY,LATAM,CP0452,FUTURE,TDR0145,BOOK_A,2025-04-07
TXN0001863362,APP011,2025-07-25,failed,511163.19,JPY,APAC,CP0310,FX,TDR0170,BOOK_D,2025-04-03
TXN0004347617,APP008,2025-10-11,failed,550265.67,AUD,AMER,CP0330,FUTURE,TDR0107,BOOK_A,2025-03-11
TXN0007365586,APP012,2025-06-20,active,236102.86,EUR,APAC,CP0415,BOND,TDR0113,BOOK_D,2026-01-23
TXN0008913419,APP003,2026-01-07,active,507548.43,GBP,EMEA,CP0500,OPTION,TDR0194,BOOK_D,2025-11-18
TXN0007141867,APP014,2026-01-30,pending,609496.24,EUR,AMER,CP0259,BOND,TDR0049,BOOK_B,2025-07-21
TXN0005062193,APP009,2025-03-16,failed,870929.41,GBP,LATAM,CP0456,OPTION,TDR0029,BOOK_B,2025-01-10
TXN0003067738,APP004,2026-01-24,active,597876.18,GBP,LATAM,CP0379,SWAP,TDR0110,BOOK_D,2026-03-20
TXN0000469730,APP011,2026-01-03,settled,488098.34,AUD,EMEA,CP0072,SWAP,TDR0029,BOOK_D,2026-03-01
TXN0000603665,APP015,2026-04-01,pending,195924.94,AUD,AMER,CP0461,OPTION,TDR0134,BOOK_B,2025-02-09
TXN0009595033,APP002,2025-06-02,active,748437.61,GBP,EMEA,CP0385,OPTION,TDR0058,BOOK_A,2026-02-28
TXN0000226581,APP001,2026-02-28,reversed,992473.37,JPY,EMEA,CP0183,FX,TDR0065,BOOK_D,2025-05-17
TXN0005340599,APP007,2026-04-08,settled,516427.65,JPY,APAC,CP0261,SWAP,TDR0113,BOOK_B,2025-10-11
TXN0002236112,APP003,2025-08-10,reversed,758578.84,AUD,LATAM,CP0196,OPTION,TDR0109,BOOK_B,2025-04-07
TXN0009477249,APP010,2025-03-21,pending,909018.15,AUD,AMER,CP0191,OPTION,TDR0067,BOOK_C,2026-04-07
TXN0006861040,APP019,2025-05-24,active,237824.27,EUR,AMER,CP0149,SWAP,TDR0008,BOOK_A,2025-11-20
TXN0004907834,APP013,2025-03-04,settled,765679.96,USD,AMER,CP0454,BOND,TDR0133,BOOK_A,2025-06-29
TXN0001997114,APP014,2025-12-09,active,822221.93,AUD,AMER,CP0361,FX,TDR0013,BOOK_C,2025-05-17
TXN0001674094,APP013,2026-04-14,active,780953.93,GBP,APAC,CP0274,OPTION,TDR0126,BOOK_A,2026-01-11
TXN0007165399,APP013,2025-05-21,reversed,155611.08,GBP,LATAM,CP0440,FX,TDR0175,BOOK_A,2025-04-10
TXN0000646614,APP003,2025-02-03,failed,941922.43,AUD,EMEA,CP0400,OPTION,TDR0123,BOOK_B,2025-02-09
TXN0003202625,APP006,2026-04-12,pending,513718.24,CHF,AMER,CP0312,SWAP,TDR0168,BOOK_C,2025-12-24
TXN0002363089,APP005,2025-05-31,active,559143.12,CHF,AMER,CP0200,BOND,TDR0142,BOOK_A,2025-04-20
TXN0005282585,APP009,2025-01-14,failed,101742.55,USD,AMER,CP0174,FUTURE,TDR0104,BOOK_D,2025-02-22
TXN0009638673,APP012,2026-02-14,settled,98396.04,USD,AMER,CP0120,FX,TDR0087,BOOK_A,2025-12-22
TXN0007263126,APP015,2026-02-11,pending,301483.73,AUD,APAC,CP0119,OPTION,TDR0020,BOOK_A,2025-11-12
TXN0003041486,APP004,2025-03-19,active,283899.31,AUD,EMEA,CP0449,BOND,TDR0154,BOOK_B,2025-01-24
TXN0001412065,APP007,2025-12-20,reversed,779622.97,USD,EMEA,CP0184,OPTION,TDR0098,BOOK_D,2025-01-10
TXN0001352125,APP006,2026-03-04,reversed,697739.73,CHF,APAC,CP0339,EQUITY,TDR0007,BOOK_A,2025-08-27
TXN0000649161,APP014,2025-11-27,reversed,910728.16,USD,AMER,CP0165,OPTION,TDR0143,BOOK_C,2025-01-10
TXN0000716989,APP007,2025-05-16,reversed,144327.02,AUD,APAC,CP0427,SWAP,TDR0049,BOOK_D,2025-04-24
TXN0008397751,APP015,2026-02-04,active,773916.37,AUD,APAC,CP0321,EQUITY,TDR0080,BOOK_A,2025-04-28
TXN0009749755,APP010,2026-03-22,reversed,205878.36,GBP,APAC,CP0111,EQUITY,TDR0133,BOOK_C,2025-12-05
TXN0005561532,APP002,2025-08-27,active,586503.33,JPY,EMEA,CP0355,FX,TDR0092,BOOK_D,2026-03-12
TXN0009718165,APP007,2025-05-15,active,375716.0,USD,APAC,CP0405,SWAP,TDR0117,BOOK_D,2026-03-26
TXN0008787165,APP013,2025-09-09,reversed,61446.37,AUD,AMER,CP0081,EQUITY,TDR0155,BOOK_B,2025-09-05
TXN0002400584,APP002,2025-02-26,failed,455097.63,CHF,APAC,CP0161,FUTURE,TDR0141,BOOK_C,2025-05-03
TXN0000509296,APP007,2026-04-01,active,562839.19,EUR,APAC,CP0213,FUTURE,TDR0051,BOOK_A,2026-01-22
TXN0005042839,APP004,2026-04-08,pending,111333.34,GBP,EMEA,CP0217,FX,TDR0190,BOOK_D,2025-09-24
TXN0003882641,APP017,2025-10-15,pending,154684.04,CHF,AMER,CP0280,BOND,TDR0036,BOOK_B,2025-05-26
TXN0006177362,APP018,2025-06-08,reversed,289601.09,JPY,AMER,CP0140,BOND,TDR0179,BOOK_A,2026-01-14
TXN0001543883,APP002,2025-05-22,pending,731394.74,CHF,AMER,CP0090,FX,TDR0074,BOOK_A,2025-03-02
TXN0006987585,APP019,2025-09-10,failed,739050.02,JPY,APAC,CP0095,FUTURE,TDR0176,BOOK_B,2025-09-29
TXN0003364875,APP015,2025-07-07,failed,443388.6,EUR,LATAM,CP0167,FX,TDR0015,BOOK_D,2025-03-08
TXN0009784060,APP008,2026-04-11,active,264323.84,GBP,APAC,CP0338,FX,TDR0012,BOOK_D,2025-03-20
TXN0007666663,APP003,2025-11-29,settled,481940.37,CHF,AMER,CP0380,EQUITY,TDR0084,BOOK_A,2025-08-11
TXN0003612009,APP002,2025-05-11,reversed,592825.3,AUD,APAC,CP0137,FX,TDR0135,BOOK_A,2026-02-17
TXN0000660401,APP005,2025-08-23,pending,43988.67,USD,AMER,CP0491,FX,TDR0049,BOOK_A,2025-01-09
TXN0003590834,APP010,2025-03-03,reversed,402156.93,CHF,LATAM,CP0005,SWAP,TDR0122,BOOK_A,2025-11-20
TXN0005141281,APP009,2025-01-21,reversed,224732.69,EUR,APAC,CP0446,FX,TDR0187,BOOK_D,2025-12-29
TXN0003795476,APP011,2025-09-27,failed,996581.54,USD,LATAM,CP0215,EQUITY,TDR0194,BOOK_A,2025-12-20
TXN0006222851,APP003,2025-10-19,reversed,147789.22,JPY,EMEA,CP0447,BOND,TDR0118,BOOK_A,2025-10-23
TXN0002152278,APP001,2025-02-16,failed,836457.4,JPY,EMEA,CP0215,SWAP,TDR0108,BOOK_D,2026-03-12
TXN0003067298,APP018,2026-01-18,pending,588625.25,CHF,LATAM,CP0219,FX,TDR0002,BOOK_C,2026-01-17
TXN0000219427,APP010,2025-06-07,failed,740054.12,AUD,APAC,CP0033,FX,TDR0007,BOOK_A,2025-06-10
TXN0000836651,APP013,2025-02-24,active,965921.89,CHF,LATAM,CP0465,SWAP,TDR0110,BOOK_D,2026-01-26
TXN0008544049,APP003,2025-05-22,pending,681017.82,AUD,APAC,CP0340,FX,TDR0144,BOOK_B,2026-02-01
TXN0004937222,APP003,2025-07-13,reversed,712466.89,AUD,EMEA,CP0278,EQUITY,TDR0145,BOOK_B,2025-03-26
TXN0006593094,APP011,2025-01-19,failed,17158.75,JPY,EMEA,CP0008,FUTURE,TDR0073,BOOK_C,2026-02-20
TXN0000309011,APP019,2025-06-18,reversed,621811.16,JPY,EMEA,CP0343,FX,TDR0037,BOOK_A,2025-02-24
TXN0009779588,APP002,2025-02-10,reversed,609756.09,CHF,EMEA,CP0123,OPTION,TDR0090,BOOK_B,2025-11-23
TXN0009386579,APP004,2026-02-14,reversed,112843.72,EUR,LATAM,CP0456,OPTION,TDR0175,BOOK_B,2026-02-28
TXN0005758377,APP020,2025-09-21,pending,188544.06,EUR,AMER,CP0365,FUTURE,TDR0195,BOOK_B,2026-01-03
TXN0003958368,APP004,2026-01-20,reversed,570751.34,GBP,AMER,CP0317,EQUITY,TDR0099,BOOK_B,2025-05-31
TXN0001920686,APP006,2025-01-02,reversed,353883.48,JPY,EMEA,CP0471,OPTION,TDR0064,BOOK_A,2025-07-14
TXN0008393082,APP002,2025-01-29,settled,198686.28,JPY,APAC,CP0399,SWAP,TDR0151,BOOK_B,2025-01-24
TXN0005172008,APP005,2026-01-05,settled,344959.73,AUD,LATAM,CP0322,OPTION,TDR0008,BOOK_D,2026-02-27
TXN0006173113,APP001,2026-02-14,settled,247679.2,JPY,APAC,CP0390,FUTURE,TDR0089,BOOK_B,2025-08-22
TXN0001923494,APP011,2025-01-06,settled,186745.22,GBP,AMER,CP0231,SWAP,TDR0096,BOOK_A,2025-07-01
TXN0004321585,APP002,2025-10-12,active,552842.11,CHF,APAC,CP0127,BOND,TDR0115,BOOK_A,2025-12-30
TXN0006088128,APP004,2025-03-13,pending,465885.17,AUD,LATAM,CP0264,FX,TDR0135,BOOK_A,2026-03-15
TXN0009899618,APP014,2025-01-30,active,273963.73,GBP,LATAM,CP0296,BOND,TDR0166,BOOK_A,2026-02-04
TXN0007758067,APP008,2025-09-01,active,234613.33,JPY,AMER,CP0400,OPTION,TDR0118,BOOK_D,2025-11-12
TXN0002134954,APP013,2025-02-04,pending,533601.12,AUD,APAC,CP0403,EQUITY,TDR0020,BOOK_B,2025-10-26
TXN0002489512,APP008,2025-07-05,settled,678101.67,JPY,LATAM,CP0014,OPTION,TDR0106,BOOK_B,2025-06-24
TXN0008796871,APP007,2025-11-21,reversed,21835.62,AUD,AMER,CP0020,FUTURE,TDR0042,BOOK_C,2025-10-02
TXN0005312377,APP018,2025-05-31,pending,165776.61,EUR,EMEA,CP0444,FUTURE,TDR0036,BOOK_D,2026-03-31
TXN0001785860,APP003,2025-04-13,failed,597522.07,EUR,EMEA,CP0149,SWAP,TDR0042,BOOK_D,2025-01-04
TXN0003734495,APP003,2025-04-13,reversed,123536.48,CHF,AMER,CP0389,FX,TDR0006,BOOK_A,2025-05-03
TXN0003341927,APP005,2025-04-14,settled,738288.92,CHF,EMEA,CP0240,BOND,TDR0164,BOOK_A,2025-03-03
TXN0007168302,APP018,2025-06-06,settled,710328.78,JPY,EMEA,CP0064,SWAP,TDR0064,BOOK_C,2026-02-17
TXN0005108870,APP004,2026-03-17,reversed,708505.25,CHF,EMEA,CP0443,BOND,TDR0046,BOOK_C,2025-06-15
TXN0000592323,APP019,2025-12-23,active,524018.67,GBP,APAC,CP0163,SWAP,TDR0086,BOOK_D,2025-11-13
TXN0008437007,APP006,2025-01-20,settled,99498.52,AUD,EMEA,CP0181,SWAP,TDR0114,BOOK_A,2025-04-27
TXN0009793861,APP008,2026-02-13,pending,394248.38,USD,LATAM,CP0404,EQUITY,TDR0038,BOOK_A,2025-07-15
TXN0007722723,APP009,2025-11-11,failed,930168.66,CHF,APAC,CP0310,FX,TDR0012,BOOK_C,2026-01-16
TXN0004227207,APP002,2025-01-12,failed,425225.02,USD,APAC,CP0063,FUTURE,TDR0034,BOOK_D,2025-06-07
TXN0000320689,APP020,2025-05-20,active,408576.22,AUD,LATAM,CP0021,EQUITY,TDR0159,BOOK_C,2025-10-27
TXN0002434752,APP008,2025-01-29,pending,220328.14,GBP,LATAM,CP0334,FX,TDR0156,BOOK_B,2025-12-27
TXN0003853081,APP017,2025-08-14,pending,340240.86,JPY,AMER,CP0463,EQUITY,TDR0068,BOOK_B,2026-01-07
TXN0003630755,APP016,2025-10-30,reversed,853717.64,JPY,EMEA,CP0096,BOND,TDR0130,BOOK_A,2025-02-12
TXN0002549729,APP001,2025-01-28,pending,595304.41,AUD,APAC,CP0260,BOND,TDR0048,BOOK_D,2025-04-24
TXN0004548573,APP017,2025-02-11,active,801747.23,USD,EMEA,CP0065,BOND,TDR0100,BOOK_A,2025-12-02
TXN0004317991,APP001,2026-01-14,failed,612652.25,USD,AMER,CP0089,FUTURE,TDR0091,BOOK_D,2025-03-09
TXN0007074283,APP004,2026-02-13,reversed,593111.88,JPY,EMEA,CP0215,FUTURE,TDR0148,BOOK_D,2026-03-08
TXN0006160030,APP002,2025-03-27,failed,868714.22,GBP,LATAM,CP0296,SWAP,TDR0011,BOOK_B,2025-09-10
TXN0008303941,APP001,2025-01-27,failed,564534.24,USD,LATAM,CP0484,BOND,TDR0015,BOOK_A,2025-10-22
TXN0001995512,APP006,2025-05-22,pending,18931.49,GBP,EMEA,CP0090,EQUITY,TDR0014,BOOK_C,2025-09-04
TXN0003383546,APP017,2026-01-21,reversed,439623.15,USD,APAC,CP0372,FUTURE,TDR0145,BOOK_C,2025-06-16
TXN0001132126,APP009,2025-06-22,settled,987942.87,AUD,EMEA,CP0191,OPTION,TDR0156,BOOK_C,2025-08-11
TXN0008054777,APP017,2026-03-25,pending,341330.63,GBP,APAC,CP0436,FX,TDR0038,BOOK_D,2025-11-08
TXN0004484007,APP019,2025-06-25,settled,531424.19,JPY,APAC,CP0104,BOND,TDR0010,BOOK_A,2026-01-24
TXN0002272457,APP012,2025-04-05,active,363752.95,EUR,AMER,CP0221,EQUITY,TDR0057,BOOK_A,2025-08-04
TXN0007355033,APP004,2025-10-04,pending,262160.43,JPY,APAC,CP0259,FUTURE,TDR0051,BOOK_B,2025-11-12
TXN0004770911,APP020,2025-05-30,active,123648.32,GBP,LATAM,CP0302,FUTURE,TDR0161,BOOK_D,2025-03-07
TXN0002919151,APP012,2025-10-19,failed,507243.48,AUD,EMEA,CP0068,OPTION,TDR0039,BOOK_D,2026-01-02
TXN0009707172,APP019,2026-02-10,failed,283868.15,CHF,EMEA,CP0331,EQUITY,TDR0152,BOOK_D,2026-01-31
TXN0006581221,APP008,2026-02-04,active,294001.4,GBP,AMER,CP0150,FUTURE,TDR0128,BOOK_C,2025-04-20
TXN0009356317,APP006,2026-02-15,pending,862399.99,EUR,LATAM,CP0446,EQUITY,TDR0055,BOOK_A,2025-08-21
TXN0002633509,APP008,2025-03-19,pending,850735.64,CHF,APAC,CP0075,EQUITY,TDR0114,BOOK_D,2026-03-30
TXN0000913204,APP001,2026-02-11,reversed,408680.72,JPY,APAC,CP0355,FX,TDR0013,BOOK_A,2025-06-20
TXN0009878611,APP002,2025-08-01,reversed,473763.96,USD,EMEA,CP0149,OPTION,TDR0084,BOOK_B,2025-05-14
TXN0000597293,APP013,2025-09-19,active,859497.07,CHF,EMEA,CP0450,FX,TDR0048,BOOK_C,2025-09-21
TXN0001844903,APP004,2025-11-27,settled,556267.22,AUD,AMER,CP0217,FUTURE,TDR0142,BOOK_B,2025-01-23
TXN0009676672,APP018,2025-08-12,failed,857002.75,GBP,AMER,CP0015,FX,TDR0061,BOOK_D,2025-05-16
TXN0007164388,APP009,2025-04-13,settled,736304.98,AUD,APAC,CP0468,FUTURE,TDR0150,BOOK_A,2025-03-26
TXN0001219597,APP001,2025-04-19,settled,146201.43,JPY,AMER,CP0416,FUTURE,TDR0162,BOOK_C,2025-11-05
TXN0005305247,APP019,2026-01-27,reversed,348094.85,CHF,LATAM,CP0146,FX,TDR0117,BOOK_C,2025-07-12
TXN0001140364,APP007,2025-07-13,pending,486318.22,USD,AMER,CP0492,FX,TDR0168,BOOK_B,2025-08-09
TXN0004781964,APP020,2025-12-25,active,316247.2,CHF,APAC,CP0178,FUTURE,TDR0089,BOOK_C,2025-09-12
TXN0008846596,APP017,2026-01-08,reversed,979028.65,CHF,APAC,CP0239,SWAP,TDR0071,BOOK_A,2025-11-04
TXN0003402344,APP010,2026-03-30,settled,754668.04,EUR,LATAM,CP0399,BOND,TDR0133,BOOK_B,2025-11-12
TXN0008864345,APP014,2025-10-11,active,430298.28,JPY,APAC,CP0223,FUTURE,TDR0046,BOOK_C,2025-07-07
TXN0000422247,APP018,2026-01-23,failed,993586.85,EUR,EMEA,CP0071,EQUITY,TDR0075,BOOK_B,2025-09-24
TXN0008230292,APP011,2026-03-14,failed,277474.51,AUD,APAC,CP0118,FX,TDR0179,BOOK_B,2026-01-15
TXN0001962537,APP018,2025-05-07,reversed,539977.69,JPY,EMEA,CP0029,OPTION,TDR0078,BOOK_A,2025-02-27
TXN0002306673,APP001,2025-07-18,failed,424491.13,GBP,LATAM,CP0415,FUTURE,TDR0053,BOOK_C,2025-03-08
TXN0007664103,APP008,2025-03-24,active,962382.62,GBP,LATAM,CP0029,SWAP,TDR0008,BOOK_B,2025-12-14
TXN0001466199,APP019,2025-08-14,reversed,845142.82,AUD,LATAM,CP0453,OPTION,TDR0102,BOOK_B,2025-11-06
TXN0004825997,APP009,2026-03-17,settled,315618.73,CHF,EMEA,CP0158,BOND,TDR0053,BOOK_C,2025-01-06
TXN0009919315,APP001,2026-03-22,active,947259.88,JPY,EMEA,CP0263,FX,TDR0028,BOOK_B,2025-09-25
TXN0008046008,APP003,2025-08-26,active,144177.03,AUD,APAC,CP0293,SWAP,TDR0146,BOOK_D,2025-01-15
TXN0007358084,APP020,2026-03-15,reversed,475003.25,EUR,EMEA,CP0097,FUTURE,TDR0087,BOOK_C,2025-09-18
TXN0009252280,APP001,2025-08-24,settled,308622.21,EUR,EMEA,CP0462,FUTURE,TDR0185,BOOK_B,2025-12-04
TXN0000193283,APP002,2025-02-28,settled,729085.52,USD,LATAM,CP0097,FUTURE,TDR0029,BOOK_C,2025-07-23
TXN0000701908,APP012,2026-03-28,failed,781490.76,AUD,APAC,CP0104,EQUITY,TDR0007,BOOK_D,2025-05-30
TXN0003428435,APP008,2025-01-24,reversed,896988.3,GBP,AMER,CP0409,OPTION,TDR0044,BOOK_D,2026-01-06
TXN0006977529,APP018,2026-03-04,reversed,39292.65,CHF,APAC,CP0100,EQUITY,TDR0101,BOOK_A,2025-02-11
TXN0006556006,APP006,2025-03-28,pending,600253.45,CHF,LATAM,CP0056,FX,TDR0059,BOOK_D,2025-03-29
TXN0003473590,APP011,2026-01-01,reversed,576442.29,JPY,EMEA,CP0161,SWAP,TDR0012,BOOK_C,2025-06-27
TXN0003699571,APP006,2025-11-15,settled,4540.68,GBP,LATAM,CP0224,SWAP,TDR0070,BOOK_B,2025-10-13
TXN0006530523,APP001,2026-02-16,pending,395889.34,GBP,EMEA,CP0335,OPTION,TDR0155,BOOK_B,2025-06-28
TXN0002215131,APP020,2025-08-28,reversed,929520.52,AUD,EMEA,CP0398,BOND,TDR0020,BOOK_C,2026-03-31
TXN0005695855,APP006,2025-09-23,reversed,708841.59,USD,LATAM,CP0498,BOND,TDR0033,BOOK_A,2025-03-06
TXN0000798528,APP020,2025-10-11,settled,493825.96,USD,LATAM,CP0182,SWAP,TDR0134,BOOK_C,2025-10-12
TXN0004405152,APP003,2026-04-12,failed,179095.33,EUR,LATAM,CP0326,OPTION,TDR0001,BOOK_D,2025-01-02
TXN0004273514,APP007,2025-09-05,active,316907.79,CHF,LATAM,CP0315,FUTURE,TDR0040,BOOK_B,2025-10-27
TXN0006173941,APP011,2026-03-22,active,955217.56,USD,AMER,CP0036,EQUITY,TDR0137,BOOK_A,2025-03-22
TXN0000738866,APP004,2025-02-11,reversed,305988.13,AUD,AMER,CP0437,OPTION,TDR0053,BOOK_C,2026-04-12
TXN0009863704,APP002,2025-08-19,settled,580685.37,USD,EMEA,CP0241,OPTION,TDR0197,BOOK_B,2026-01-01
TXN0000838662,APP017,2026-02-28,pending,154036.59,JPY,AMER,CP0069,OPTION,TDR0005,BOOK_C,2025-03-12
TXN0004392036,APP019,2026-04-01,pending,579989.74,GBP,LATAM,CP0284,BOND,TDR0005,BOOK_B,2026-01-09
TXN0007031122,APP016,2026-02-20,active,911289.75,EUR,LATAM,CP0348,BOND,TDR0173,BOOK_A,2025-12-21
TXN0001235986,APP014,2025-04-23,pending,226837.04,EUR,APAC,CP0167,BOND,TDR0087,BOOK_C,2025-10-07
TXN0004261819,APP006,2026-03-11,active,390982.19,JPY,LATAM,CP0093,SWAP,TDR0005,BOOK_B,2025-03-26
TXN0002514025,APP003,2025-05-06,failed,657784.18,USD,LATAM,CP0212,OPTION,TDR0094,BOOK_D,2025-05-01
TXN0002582793,APP020,2025-08-25,failed,316828.67,USD,AMER,CP0425,FX,TDR0196,BOOK_C,2025-11-10
TXN0004733289,APP004,2026-01-22,settled,204995.78,EUR,LATAM,CP0204,FUTURE,TDR0065,BOOK_B,2025-02-09
TXN0005300535,APP016,2026-02-18,reversed,555383.12,CHF,LATAM,CP0412,EQUITY,TDR0173,BOOK_B,2025-10-23
TXN0000671202,APP009,2025-08-28,reversed,940503.95,GBP,AMER,CP0136,FX,TDR0030,BOOK_C,2025-05-02
TXN0003451983,APP006,2026-04-13,active,146201.33,USD,APAC,CP0339,FX,TDR0187,BOOK_D,2025-12-21
TXN0004888040,APP006,2025-06-23,failed,907078.68,USD,EMEA,CP0446,EQUITY,TDR0108,BOOK_C,2025-01-21
TXN0002172435,APP006,2025-06-05,settled,651289.47,GBP,EMEA,CP0093,BOND,TDR0198,BOOK_B,2026-02-12
TXN0000229265,APP020,2025-03-20,reversed,779916.27,USD,LATAM,CP0026,SWAP,TDR0074,BOOK_D,2025-10-15
TXN0006214130,APP012,2025-09-16,settled,891072.03,JPY,APAC,CP0175,FUTURE,TDR0072,BOOK_C,2025-03-28
TXN0005875840,APP003,2025-08-04,reversed,581646.23,USD,APAC,CP0428,FX,TDR0112,BOOK_B,2025-09-12
TXN0001666609,APP007,2025-09-16,pending,735072.24,JPY,AMER,CP0042,SWAP,TDR0072,BOOK_A,2026-02-21
TXN0007209101,APP020,2026-01-13,active,567644.46,JPY,APAC,CP0290,SWAP,TDR0110,BOOK_C,2025-10-20
TXN0004657988,APP016,2025-10-23,active,308048.82,JPY,LATAM,CP0336,EQUITY,TDR0111,BOOK_A,2026-03-23
TXN0002551261,APP001,2025-02-14,pending,126845.08,USD,AMER,CP0162,OPTION,TDR0175,BOOK_B,2025-06-08
TXN0007010139,APP006,2025-10-13,failed,294526.26,GBP,AMER,CP0354,SWAP,TDR0071,BOOK_A,2025-09-26
TXN0002127781,APP012,2025-03-24,pending,314610.91,EUR,APAC,CP0207,BOND,TDR0039,BOOK_A,2026-03-22
TXN0002048825,APP016,2025-07-25,pending,401199.05,CHF,LATAM,CP0036,BOND,TDR0115,BOOK_A,2025-09-22
TXN0005600566,APP012,2025-12-06,failed,501116.6,USD,LATAM,CP0412,EQUITY,TDR0137,BOOK_B,2025-06-16
TXN0004294469,APP020,2026-03-30,pending,545616.53,JPY,EMEA,CP0331,BOND,TDR0135,BOOK_C,2026-01-13
TXN0000630612,APP017,2025-07-18,pending,169595.04,GBP,EMEA,CP0014,SWAP,TDR0119,BOOK_C,2025-03-27
TXN0008451210,APP010,2025-07-31,reversed,278101.28,CHF,LATAM,CP0180,SWAP,TDR0027,BOOK_B,2025-06-26
TXN0009469573,APP011,2025-08-11,active,927327.39,JPY,EMEA,CP0315,FX,TDR0166,BOOK_A,2025-07-12
TXN0006752146,APP008,2025-02-01,pending,198053.51,GBP,LATAM,CP0257,FX,TDR0094,BOOK_D,2025-07-15
TXN0003276671,APP019,2025-09-08,active,221359.02,GBP,AMER,CP0469,FUTURE,TDR0055,BOOK_A,2025-08-18
TXN0007318409,APP019,2025-10-31,settled,571403.81,GBP,APAC,CP0010,FX,TDR0017,BOOK_B,2025-04-24
TXN0008766521,APP009,2025-04-23,settled,156105.31,USD,LATAM,CP0326,FX,TDR0132,BOOK_B,2026-01-23
TXN0002639505,APP007,2026-01-04,settled,368969.79,CHF,LATAM,CP0174,EQUITY,TDR0081,BOOK_D,2025-06-06
TXN0004225830,APP006,2025-02-22,failed,684006.86,AUD,AMER,CP0356,BOND,TDR0185,BOOK_D,2025-02-19
TXN0007204738,APP012,2025-08-17,reversed,496493.12,EUR,AMER,CP0247,OPTION,TDR0152,BOOK_A,2026-03-18
TXN0008156594,APP019,2025-04-27,settled,817020.07,AUD,LATAM,CP0374,FX,TDR0008,BOOK_C,2025-01-02
TXN0007609697,APP012,2025-09-14,pending,493303.92,AUD,EMEA,CP0040,EQUITY,TDR0188,BOOK_A,2025-01-08
TXN0006168799,APP015,2025-09-15,reversed,651061.74,AUD,LATAM,CP0474,FX,TDR0073,BOOK_C,2026-02-04
TXN0002410969,APP008,2025-02-26,settled,94756.8,CHF,LATAM,CP0044,OPTION,TDR0116,BOOK_B,2025-12-24
TXN0004830876,APP016,2025-12-19,settled,808452.18,USD,LATAM,CP0323,EQUITY,TDR0186,BOOK_A,2026-01-17
TXN0007476458,APP012,2026-01-30,failed,318106.77,GBP,AMER,CP0398,OPTION,TDR0088,BOOK_A,2025-11-03
TXN0005813897,APP015,2025-08-28,failed,372416.45,CHF,AMER,CP0010,OPTION,TDR0181,BOOK_D,2025-12-19
TXN0009630742,APP004,2025-07-24,active,370207.99,AUD,APAC,CP0351,SWAP,TDR0010,BOOK_D,2025-11-15
TXN0000324886,APP010,2025-11-24,settled,211708.47,JPY,APAC,CP0157,BOND,TDR0032,BOOK_D,2025-07-30
TXN0007011992,APP013,2025-07-27,pending,33151.71,AUD,AMER,CP0251,FUTURE,TDR0108,BOOK_B,2025-06-26
TXN0003488665,APP020,2025-03-23,settled,376514.15,CHF,APAC,CP0288,EQUITY,TDR0145,BOOK_B,2025-11-04
TXN0008143148,APP020,2025-11-16,failed,789950.18,JPY,AMER,CP0079,SWAP,TDR0005,BOOK_A,2026-04-05
TXN0005978692,APP013,2025-11-10,settled,809347.35,CHF,LATAM,CP0052,OPTION,TDR0035,BOOK_A,2025-09-29
TXN0005019206,APP012,2025-11-25,settled,995584.75,EUR,LATAM,CP0306,OPTION,TDR0019,BOOK_A,2025-08-04
TXN0008292698,APP015,2026-01-26,failed,387751.06,GBP,APAC,CP0356,EQUITY,TDR0194,BOOK_B,2025-10-16
TXN0000310993,APP017,2025-10-28,pending,64999.65,CHF,APAC,CP0096,FX,TDR0093,BOOK_B,2025-12-24
TXN0000095146,APP007,2026-03-09,active,494873.56,JPY,AMER,CP0447,OPTION,TDR0015,BOOK_A,2025-08-29
TXN0009121495,APP012,2025-04-05,active,764740.05,USD,AMER,CP0307,FX,TDR0067,BOOK_C,2026-04-06
TXN0003731939,APP011,2025-08-20,failed,839451.8,GBP,EMEA,CP0303,FX,TDR0137,BOOK_D,2025-11-29
TXN0001932401,APP019,2025-08-19,settled,288796.96,GBP,APAC,CP0391,EQUITY,TDR0001,BOOK_C,2025-08-19
TXN0007281159,APP009,2025-10-09,pending,329171.33,CHF,LATAM,CP0307,SWAP,TDR0032,BOOK_B,2026-03-24
TXN0005452174,APP006,2025-07-01,pending,463805.83,AUD,LATAM,CP0383,BOND,TDR0150,BOOK_D,2025-04-01
TXN0002088076,APP015,2026-03-06,active,935630.42,GBP,EMEA,CP0012,FUTURE,TDR0141,BOOK_B,2025-05-04
TXN0009054968,APP004,2025-06-10,settled,307366.62,CHF,APAC,CP0409,EQUITY,TDR0007,BOOK_C,2025-04-27
TXN0005098477,APP006,2025-09-05,active,150087.76,AUD,EMEA,CP0354,BOND,TDR0052,BOOK_C,2025-08-21
TXN0009479238,APP002,2025-09-26,failed,270416.86,JPY,EMEA,CP0393,OPTION,TDR0108,BOOK_A,2025-10-31
TXN0009218971,APP020,2025-07-19,reversed,7954.63,AUD,AMER,CP0428,BOND,TDR0098,BOOK_D,2026-03-19
TXN0003633872,APP011,2026-02-10,failed,918040.45,AUD,LATAM,CP0176,EQUITY,TDR0052,BOOK_C,2025-05-12
TXN0003704191,APP006,2026-04-13,settled,737924.04,CHF,AMER,CP0375,BOND,TDR0086,BOOK_D,2025-03-16
TXN0009674230,APP016,2026-03-29,reversed,793401.35,AUD,LATAM,CP0111,FX,TDR0065,BOOK_B,2025-05-22
TXN0006688975,APP009,2025-10-15,settled,350681.17,JPY,LATAM,CP0235,SWAP,TDR0034,BOOK_D,2026-01-27
TXN0004804228,APP017,2025-05-27,reversed,549803.13,CHF,EMEA,CP0500,SWAP,TDR0080,BOOK_A,2026-04-12
TXN0007055235,APP002,2026-03-12,active,89417.44,USD,APAC,CP0237,SWAP,TDR0058,BOOK_C,2025-02-19
TXN0007182226,APP016,2025-05-22,failed,925614.27,EUR,EMEA,CP0087,FUTURE,TDR0190,BOOK_B,2025-03-25
TXN0002247768,APP019,2026-01-09,active,237078.53,EUR,AMER,CP0161,FX,TDR0003,BOOK_D,2025-02-11
TXN0006232984,APP009,2025-04-27,failed,667381.83,JPY,LATAM,CP0270,SWAP,TDR0114,BOOK_C,2026-02-18
TXN0002114885,APP011,2025-09-15,reversed,29285.48,CHF,AMER,CP0057,EQUITY,TDR0125,BOOK_A,2025-04-12
TXN0005844412,APP014,2026-02-07,active,176367.8,EUR,APAC,CP0196,SWAP,TDR0146,BOOK_A,2025-01-06
TXN0003924177,APP004,2025-03-16,settled,200413.78,USD,EMEA,CP0266,FUTURE,TDR0099,BOOK_C,2025-10-23
TXN0008429323,APP001,2025-12-27,pending,571550.96,AUD,AMER,CP0109,SWAP,TDR0135,BOOK_D,2025-02-17
TXN0000657211,APP017,2025-05-30,pending,545599.97,GBP,APAC,CP0043,EQUITY,TDR0075,BOOK_D,2026-01-13
TXN0004853466,APP017,2025-12-23,reversed,64567.96,GBP,LATAM,CP0133,FUTURE,TDR0128,BOOK_C,2025-02-03
TXN0001815253,APP012,2025-07-07,settled,498989.96,AUD,EMEA,CP0218,FUTURE,TDR0058,BOOK_C,2025-08-23
TXN0009620978,APP012,2025-04-29,settled,9656.57,JPY,APAC,CP0270,BOND,TDR0095,BOOK_C,2026-02-05
TXN0009494191,APP003,2025-11-20,settled,889119.52,EUR,AMER,CP0146,OPTION,TDR0006,BOOK_A,2025-09-21
TXN0002229035,APP013,2025-09-01,active,494509.7,CHF,EMEA,CP0127,FX,TDR0129,BOOK_C,2025-11-26
TXN0002860127,APP010,2025-08-20,failed,837896.35,JPY,APAC,CP0385,BOND,TDR0162,BOOK_A,2025-06-05
TXN0001370373,APP013,2025-02-28,settled,563930.95,JPY,LATAM,CP0031,FX,TDR0014,BOOK_A,2026-01-16
TXN0003352884,APP001,2025-06-04,settled,145011.08,AUD,AMER,CP0031,SWAP,TDR0137,BOOK_B,2025-05-30
TXN0001901172,APP015,2025-12-22,settled,129412.11,USD,APAC,CP0493,FUTURE,TDR0056,BOOK_B,2025-04-10
TXN0002054290,APP009,2025-08-08,pending,991141.65,JPY,APAC,CP0335,FUTURE,TDR0122,BOOK_D,2026-03-18
TXN0006048720,APP011,2025-07-14,active,50688.72,CHF,EMEA,CP0208,FUTURE,TDR0094,BOOK_B,2025-02-07
TXN0000444617,APP020,2025-01-07,failed,642782.94,USD,AMER,CP0038,SWAP,TDR0035,BOOK_D,2025-05-11
TXN0004228300,APP002,2026-03-16,settled,97625.07,JPY,EMEA,CP0394,SWAP,TDR0170,BOOK_B,2025-06-02
TXN0002214926,APP018,2025-01-09,pending,82503.13,CHF,LATAM,CP0224,FX,TDR0106,BOOK_C,2025-06-13
TXN0005023378,APP020,2025-03-23,active,775380.83,AUD,APAC,CP0499,OPTION,TDR0085,BOOK_B,2025-07-09
TXN0003919530,APP016,2026-01-04,reversed,616379.32,GBP,LATAM,CP0076,BOND,TDR0103,BOOK_C,2026-01-06
TXN0005029796,APP003,2026-03-12,pending,137216.09,USD,APAC,CP0180,BOND,TDR0113,BOOK_A,2025-08-13
TXN0008808605,APP009,2025-05-26,failed,343807.47,CHF,LATAM,CP0393,SWAP,TDR0109,BOOK_A,2025-01-02
TXN0008045290,APP018,2025-04-08,active,840941.78,EUR,EMEA,CP0341,BOND,TDR0141,BOOK_C,2026-02-18
TXN0009993840,APP009,2026-01-15,reversed,543638.16,AUD,LATAM,CP0147,BOND,TDR0071,BOOK_D,2025-02-02
TXN0001381562,APP015,2025-08-15,active,952183.41,GBP,EMEA,CP0438,OPTION,TDR0063,BOOK_D,2026-02-03
TXN0004226366,APP005,2025-09-27,settled,531220.18,USD,AMER,CP0362,OPTION,TDR0004,BOOK_C,2025-08-24
TXN0000214752,APP011,2025-07-14,active,319247.16,AUD,AMER,CP0162,OPTION,TDR0113,BOOK_D,2025-12-11
TXN0006940212,APP018,2026-03-20,active,393423.89,JPY,APAC,CP0139,FX,TDR0064,BOOK_A,2025-07-22
TXN0000717410,APP006,2025-09-10,settled,887283.57,USD,APAC,CP0469,BOND,TDR0198,BOOK_C,2025-06-16
TXN0008587564,APP007,2025-11-24,failed,810425.77,USD,EMEA,CP0341,EQUITY,TDR0081,BOOK_D,2025-05-10
TXN0005408552,APP013,2025-03-02,active,353966.35,CHF,LATAM,CP0496,SWAP,TDR0102,BOOK_B,2026-03-10
TXN0006105889,APP002,2025-06-06,reversed,788838.39,USD,AMER,CP0002,EQUITY,TDR0020,BOOK_D,2026-03-04
TXN0002708704,APP011,2026-02-01,active,796865.22,GBP,AMER,CP0234,OPTION,TDR0101,BOOK_C,2025-12-31
TXN0005091470,APP013,2025-04-22,settled,64569.11,CHF,AMER,CP0297,FX,TDR0029,BOOK_B,2025-10-15
TXN0007843111,APP019,2025-12-08,failed,778788.5,JPY,EMEA,CP0072,FUTURE,TDR0164,BOOK_C,2026-01-24
TXN0001510929,APP006,2025-12-31,reversed,884749.36,EUR,EMEA,CP0359,EQUITY,TDR0163,BOOK_D,2025-10-20
TXN0005458982,APP015,2025-06-11,failed,196375.3,EUR,LATAM,CP0014,FUTURE,TDR0158,BOOK_B,2025-04-28
TXN0004031644,APP002,2025-08-16,reversed,654798.49,GBP,EMEA,CP0174,BOND,TDR0148,BOOK_D,2025-02-26
TXN0006194224,APP003,2025-08-04,reversed,727723.8,GBP,APAC,CP0282,FUTURE,TDR0059,BOOK_D,2025-09-06
TXN0005117359,APP016,2026-02-09,active,820475.06,EUR,EMEA,CP0064,OPTION,TDR0014,BOOK_D,2025-03-17
TXN0003145291,APP010,2025-04-13,failed,15200.72,GBP,APAC,CP0157,FX,TDR0147,BOOK_C,2025-02-07
TXN0003005364,APP015,2025-09-09,settled,404496.81,EUR,EMEA,CP0499,BOND,TDR0073,BOOK_C,2025-11-04
TXN0004132689,APP017,2025-08-26,settled,571114.78,GBP,EMEA,CP0424,FUTURE,TDR0054,BOOK_C,2025-10-03
TXN0000622348,APP010,2026-01-17,reversed,406098.91,GBP,LATAM,CP0194,BOND,TDR0160,BOOK_B,2026-01-16
TXN0003369458,APP015,2025-10-30,settled,261218.58,CHF,EMEA,CP0229,SWAP,TDR0014,BOOK_D,2025-04-01
TXN0009139634,APP006,2026-01-27,failed,467710.5,GBP,APAC,CP0468,FUTURE,TDR0158,BOOK_D,2026-04-06
TXN0009541959,APP018,2026-03-26,active,103224.08,EUR,AMER,CP0456,EQUITY,TDR0091,BOOK_C,2026-01-10
TXN0001840932,APP009,2025-09-12,active,863440.27,GBP,APAC,CP0191,EQUITY,TDR0025,BOOK_B,2026-03-29
TXN0008305368,APP005,2025-01-20,active,458493.95,USD,LATAM,CP0078,SWAP,TDR0099,BOOK_A,2026-01-15
TXN0000060100,APP005,2025-12-20,settled,380666.14,EUR,AMER,CP0037,SWAP,TDR0012,BOOK_A,2025-01-20
TXN0006610087,APP005,2026-04-04,reversed,292552.89,USD,AMER,CP0245,FX,TDR0092,BOOK_B,2025-12-01
TXN0005768819,APP005,2025-04-05,pending,252000.72,GBP,AMER,CP0165,FX,TDR0074,BOOK_D,2025-03-16
TXN0003360433,APP009,2025-10-30,reversed,524498.2,EUR,APAC,CP0133,EQUITY,TDR0138,BOOK_B,2026-01-14
TXN0001201733,APP019,2026-03-01,reversed,331786.79,CHF,APAC,CP0313,FX,TDR0143,BOOK_B,2025-10-29
TXN0004432393,APP004,2025-07-10,active,888470.74,CHF,APAC,CP0100,EQUITY,TDR0125,BOOK_C,2025-10-24
TXN0006648183,APP014,2026-02-18,pending,411546.82,EUR,LATAM,CP0043,SWAP,TDR0127,BOOK_A,2025-08-27
TXN0009157600,APP016,2025-09-02,active,80394.92,GBP,LATAM,CP0398,SWAP,TDR0165,BOOK_A,2025-04-01
TXN0003476458,APP007,2026-03-09,pending,902282.96,GBP,EMEA,CP0255,FX,TDR0120,BOOK_D,2025-11-05
TXN0006677431,APP006,2025-06-23,failed,461839.71,JPY,AMER,CP0056,FUTURE,TDR0090,BOOK_B,2025-04-19
TXN0007813953,APP004,2025-09-18,pending,744208.27,EUR,APAC,CP0445,SWAP,TDR0166,BOOK_D,2025-11-06
TXN0008776450,APP002,2025-10-08,settled,326446.69,CHF,APAC,CP0338,FX,TDR0136,BOOK_C,2025-05-19
TXN0000724499,APP002,2025-06-01,settled,885477.39,USD,EMEA,CP0040,FUTURE,TDR0022,BOOK_C,2025-02-19
TXN0009396144,APP016,2026-02-13,reversed,491011.27,GBP,LATAM,CP0030,BOND,TDR0068,BOOK_A,2025-07-19
TXN0009848877,APP002,2025-09-07,active,908923.73,JPY,AMER,CP0162,FX,TDR0198,BOOK_A,2025-06-30
TXN0004651703,APP020,2026-01-26,failed,680826.35,EUR,AMER,CP0147,EQUITY,TDR0129,BOOK_D,2025-01-07
TXN0002077195,APP015,2025-10-25,pending,615972.19,GBP,AMER,CP0370,SWAP,TDR0117,BOOK_A,2025-10-28
TXN0004529412,APP020,2025-05-27,pending,444861.31,CHF,AMER,CP0405,FX,TDR0110,BOOK_D,2025-07-25
TXN0000105015,APP011,2025-02-09,settled,650342.96,CHF,APAC,CP0341,FX,TDR0146,BOOK_D,2026-03-31
TXN0002270974,APP009,2025-06-10,pending,25819.8,GBP,AMER,CP0224,OPTION,TDR0184,BOOK_A,2025-08-09
TXN0001484337,APP020,2025-07-13,pending,419794.0,CHF,AMER,CP0338,FX,TDR0035,BOOK_C,2026-02-18
TXN0003326843,APP011,2025-02-01,settled,110992.08,GBP,APAC,CP0359,SWAP,TDR0082,BOOK_D,2025-02-24
TXN0004541620,APP016,2026-01-10,reversed,308189.0,EUR,AMER,CP0307,FX,TDR0156,BOOK_C,2026-03-12
TXN0008688277,APP012,2025-01-05,active,211258.83,AUD,AMER,CP0109,FUTURE,TDR0133,BOOK_A,2025-03-14
TXN0009731162,APP019,2025-07-12,pending,704421.72,EUR,AMER,CP0495,BOND,TDR0036,BOOK_C,2026-04-09
TXN0006589094,APP012,2025-05-01,pending,603739.35,USD,EMEA,CP0306,EQUITY,TDR0009,BOOK_A,2025-09-28
TXN0003539621,APP020,2025-07-22,reversed,648794.24,JPY,LATAM,CP0365,FX,TDR0109,BOOK_B,2025-07-23
TXN0006682825,APP016,2025-06-17,active,977025.9,EUR,LATAM,CP0331,OPTION,TDR0038,BOOK_D,2025-06-29
TXN0007507540,APP020,2026-02-02,active,913454.22,GBP,LATAM,CP0069,FX,TDR0034,BOOK_C,2025-05-01
TXN0001457471,APP003,2025-08-29,failed,205610.14,JPY,APAC,CP0361,EQUITY,TDR0074,BOOK_A,2025-05-02
TXN0002290239,APP010,2025-09-05,reversed,400798.02,CHF,AMER,CP0498,FX,TDR0127,BOOK_B,2025-05-12
TXN0002826640,APP009,2025-07-22,settled,562605.7,EUR,LATAM,CP0153,FX,TDR0161,BOOK_C,2025-12-15
TXN0008904931,APP010,2026-02-02,pending,443803.2,GBP,LATAM,CP0372,SWAP,TDR0155,BOOK_D,2025-02-23
TXN0006727987,APP006,2025-10-01,active,38242.06,AUD,AMER,CP0255,OPTION,TDR0163,BOOK_C,2025-04-22
TXN0009410435,APP013,2025-06-01,active,111584.69,JPY,APAC,CP0203,BOND,TDR0091,BOOK_B,2025-06-17
TXN0003340727,APP004,2025-02-25,active,821052.54,EUR,APAC,CP0109,OPTION,TDR0020,BOOK_B,2025-11-07
TXN0002496732,APP018,2025-03-19,reversed,587857.66,AUD,AMER,CP0031,EQUITY,TDR0180,BOOK_A,2025-12-14
TXN0000745588,APP002,2025-08-09,pending,846781.23,GBP,LATAM,CP0256,SWAP,TDR0019,BOOK_D,2025-07-05
TXN0000183176,APP007,2025-03-24,pending,574199.65,USD,LATAM,CP0018,BOND,TDR0020,BOOK_B,2025-01-23
TXN0000415559,APP005,2026-04-04,settled,267728.65,AUD,EMEA,CP0248,OPTION,TDR0132,BOOK_B,2026-01-12
TXN0000670570,APP003,2026-03-07,pending,319181.35,CHF,APAC,CP0100,SWAP,TDR0132,BOOK_A,2026-01-26
TXN0002317842,APP005,2025-05-21,pending,221186.28,EUR,LATAM,CP0500,SWAP,TDR0022,BOOK_D,2025-03-07
TXN0001705312,APP010,2025-07-21,active,502129.32,EUR,EMEA,CP0219,FX,TDR0001,BOOK_D,2025-12-05
TXN0002928385,APP012,2025-10-12,reversed,802838.17,EUR,LATAM,CP0418,FUTURE,TDR0073,BOOK_D,2025-06-10
TXN0009766864,APP014,2025-10-16,active,427062.92,USD,LATAM,CP0302,SWAP,TDR0006,BOOK_A,2025-11-23
TXN0008502087,APP006,2026-04-01,settled,679745.71,AUD,APAC,CP0419,BOND,TDR0004,BOOK_B,2025-12-07
TXN0003932778,APP015,2025-11-19,failed,366209.71,EUR,AMER,CP0177,SWAP,TDR0138,BOOK_B,2025-08-20
TXN0000574968,APP006,2025-11-27,reversed,63926.97,CHF,AMER,CP0439,FX,TDR0140,BOOK_A,2025-07-09
TXN0003510373,APP008,2026-02-15,pending,881132.34,EUR,EMEA,CP0144,SWAP,TDR0043,BOOK_C,2025-08-04
TXN0002227392,APP016,2025-04-10,settled,39133.86,CHF,AMER,CP0136,BOND,TDR0108,BOOK_A,2025-01-15
TXN0002121756,APP020,2026-03-15,active,787429.49,USD,APAC,CP0441,OPTION,TDR0031,BOOK_C,2026-03-22
TXN0005436310,APP016,2025-08-25,active,118553.26,GBP,APAC,CP0215,OPTION,TDR0062,BOOK_A,2025-01-14
TXN0006495566,APP008,2026-02-11,reversed,962112.92,EUR,AMER,CP0253,FUTURE,TDR0012,BOOK_B,2025-07-01
TXN0009361639,APP004,2026-01-28,settled,256584.77,GBP,LATAM,CP0055,FX,TDR0122,BOOK_A,2025-10-31
TXN0008555775,APP011,2025-12-11,reversed,599174.71,USD,EMEA,CP0119,FX,TDR0024,BOOK_D,2025-11-27
TXN0009848451,APP002,2025-12-02,active,43667.32,GBP,APAC,CP0189,FUTURE,TDR0153,BOOK_C,2025-03-14
TXN0008307151,APP012,2025-07-29,reversed,369841.66,USD,EMEA,CP0483,BOND,TDR0192,BOOK_A,2026-03-28
TXN0001656007,APP006,2026-03-18,active,990862.07,JPY,EMEA,CP0295,BOND,TDR0030,BOOK_C,2025-09-22
TXN0002391049,APP016,2025-11-17,active,113081.99,GBP,EMEA,CP0446,FUTURE,TDR0110,BOOK_A,2025-01-06
TXN0002086565,APP005,2026-01-25,settled,769195.32,EUR,EMEA,CP0133,FX,TDR0177,BOOK_A,2026-02-28
TXN0009424434,APP005,2025-10-26,pending,95307.86,GBP,EMEA,CP0394,OPTION,TDR0128,BOOK_D,2026-01-01
TXN0005383132,APP015,2025-01-08,pending,676778.17,CHF,EMEA,CP0319,BOND,TDR0035,BOOK_C,2025-01-11
TXN0006788108,APP004,2025-04-24,active,972055.99,AUD,AMER,CP0292,EQUITY,TDR0186,BOOK_B,2025-05-06
TXN0007845899,APP002,2025-04-12,active,256442.24,AUD,EMEA,CP0474,OPTION,TDR0195,BOOK_D,2025-01-02
TXN0004640727,APP013,2025-03-10,pending,947120.55,EUR,LATAM,CP0320,BOND,TDR0154,BOOK_B,2025-02-15
TXN0004308215,APP017,2025-11-13,failed,619889.57,CHF,EMEA,CP0040,OPTION,TDR0124,BOOK_C,2026-01-11
TXN0003419663,APP016,2025-05-25,settled,592083.17,GBP,LATAM,CP0425,EQUITY,TDR0008,BOOK_D,2026-01-02
TXN0003688990,APP018,2025-11-05,settled,707908.98,EUR,LATAM,CP0266,BOND,TDR0033,BOOK_A,2025-07-20
TXN0001687882,APP011,2025-12-31,settled,833206.33,USD,AMER,CP0395,OPTION,TDR0144,BOOK_B,2025-04-28
TXN0007836850,APP014,2025-07-30,failed,630352.31,USD,AMER,CP0035,EQUITY,TDR0113,BOOK_D,2025-07-04
TXN0009099343,APP012,2026-02-28,pending,56094.22,EUR,AMER,CP0466,FX,TDR0106,BOOK_B,2025-01-03
TXN0004487630,APP005,2025-07-15,pending,286972.36,USD,AMER,CP0427,FX,TDR0192,BOOK_D,2026-03-05
TXN0004775705,APP012,2025-03-23,active,862052.34,CHF,APAC,CP0167,OPTION,TDR0054,BOOK_C,2025-02-06
TXN0006952726,APP013,2025-01-30,failed,851992.05,GBP,EMEA,CP0255,EQUITY,TDR0170,BOOK_C,2025-01-10
TXN0004016540,APP003,2025-12-08,failed,591800.47,GBP,EMEA,CP0469,BOND,TDR0117,BOOK_D,2025-03-27
TXN0003622649,APP019,2025-09-11,pending,97788.49,AUD,EMEA,CP0394,FUTURE,TDR0101,BOOK_B,2025-04-29
TXN0009728742,APP016,2025-10-18,settled,338808.06,GBP,APAC,CP0342,FUTURE,TDR0108,BOOK_C,2025-08-06
TXN0002674686,APP010,2025-04-16,pending,958157.21,USD,AMER,CP0469,FX,TDR0109,BOOK_D,2025-02-19
TXN0002691812,APP008,2026-04-01,settled,223953.38,GBP,APAC,CP0169,EQUITY,TDR0046,BOOK_B,2025-09-24
TXN0008646535,APP008,2025-08-24,reversed,945249.88,CHF,EMEA,CP0249,FX,TDR0049,BOOK_D,2025-06-05
TXN0004532058,APP013,2025-12-03,failed,566515.01,JPY,LATAM,CP0290,EQUITY,TDR0108,BOOK_C,2025-07-31
TXN0007321820,APP012,2025-09-13,settled,54788.7,EUR,EMEA,CP0386,BOND,TDR0055,BOOK_B,2025-11-04
TXN0009507060,APP020,2025-03-15,failed,169515.44,CHF,APAC,CP0257,EQUITY,TDR0141,BOOK_B,2025-08-01
TXN0008245409,APP002,2026-01-18,settled,997128.58,EUR,APAC,CP0426,OPTION,TDR0031,BOOK_C,2025-12-25
TXN0004195276,APP013,2025-12-05,failed,956034.19,USD,LATAM,CP0229,SWAP,TDR0014,BOOK_A,2025-05-31
TXN0003322179,APP004,2025-04-23,pending,288700.73,EUR,LATAM,CP0391,FX,TDR0164,BOOK_D,2025-12-15
TXN0006829585,APP004,2025-06-20,pending,821976.07,GBP,APAC,CP0163,FUTURE,TDR0116,BOOK_B,2025-06-15
TXN0005231162,APP004,2026-01-01,failed,181281.08,CHF,LATAM,CP0443,BOND,TDR0105,BOOK_B,2025-12-23
TXN0008861044,APP002,2026-02-26,active,663901.68,USD,AMER,CP0432,OPTION,TDR0020,BOOK_A,2025-04-20
TXN0006377206,APP018,2025-02-02,reversed,924282.33,AUD,AMER,CP0380,FUTURE,TDR0090,BOOK_C,2025-03-25
TXN0006250199,APP001,2025-03-21,active,163384.34,JPY,APAC,CP0329,OPTION,TDR0076,BOOK_A,2025-05-12
TXN0000442770,APP001,2025-10-01,active,88864.49,USD,AMER,CP0357,SWAP,TDR0196,BOOK_D,2026-01-11
TXN0009415325,APP014,2025-05-08,reversed,221636.61,JPY,AMER,CP0248,FUTURE,TDR0014,BOOK_B,2025-10-24
TXN0000817690,APP002,2025-12-06,settled,772683.2,USD,EMEA,CP0145,BOND,TDR0002,BOOK_D,2025-02-10
TXN0005960340,APP019,2025-08-08,settled,803213.53,CHF,AMER,CP0173,OPTION,TDR0026,BOOK_B,2025-10-29
TXN0004075943,APP017,2025-07-06,reversed,214166.47,USD,EMEA,CP0340,FUTURE,TDR0156,BOOK_C,2025-07-07
TXN0009807186,APP005,2026-04-03,active,348890.64,CHF,LATAM,CP0171,FUTURE,TDR0103,BOOK_D,2025-07-13
TXN0004238566,APP013,2026-03-30,reversed,879146.89,EUR,APAC,CP0254,OPTION,TDR0192,BOOK_C,2025-02-28
TXN0000481728,APP017,2025-09-01,reversed,178502.48,CHF,LATAM,CP0372,BOND,TDR0146,BOOK_D,2026-03-17
TXN0001697291,APP014,2025-03-15,pending,110762.12,AUD,EMEA,CP0265,FX,TDR0172,BOOK_A,2026-01-28
TXN0002343022,APP009,2025-03-14,reversed,450677.02,CHF,AMER,CP0205,FUTURE,TDR0155,BOOK_B,2025-10-27
TXN0002063892,APP014,2025-08-15,pending,845969.43,CHF,EMEA,CP0403,SWAP,TDR0122,BOOK_B,2026-02-27
TXN0001069457,APP015,2026-02-04,pending,986911.49,JPY,AMER,CP0484,FUTURE,TDR0137,BOOK_A,2026-02-14
TXN0007781120,APP003,2025-02-10,pending,374462.24,EUR,EMEA,CP0145,BOND,TDR0156,BOOK_C,2026-02-20
TXN0005147198,APP016,2025-02-04,pending,895908.06,EUR,EMEA,CP0026,FUTURE,TDR0110,BOOK_C,2025-06-23
TXN0005850933,APP001,2025-12-20,reversed,49505.01,JPY,EMEA,CP0442,FUTURE,TDR0018,BOOK_B,2025-08-31
TXN0004183425,APP014,2026-03-24,reversed,640304.98,AUD,AMER,CP0234,FX,TDR0130,BOOK_B,2025-10-31
TXN0008684946,APP013,2026-03-17,reversed,444603.48,CHF,APAC,CP0202,FX,TDR0004,BOOK_C,2025-10-23
TXN0008730046,APP015,2026-04-10,pending,752311.2,EUR,AMER,CP0085,FUTURE,TDR0099,BOOK_C,2025-10-02
TXN0009253221,APP014,2026-03-31,settled,23329.29,AUD,EMEA,CP0388,BOND,TDR0103,BOOK_D,2025-12-08
TXN0004790511,APP014,2025-05-02,reversed,629441.72,CHF,LATAM,CP0007,OPTION,TDR0153,BOOK_C,2025-11-13
TXN0007765392,APP020,2025-03-27,failed,847956.95,CHF,AMER,CP0413,EQUITY,TDR0015,BOOK_B,2026-03-26
TXN0005641901,APP012,2025-11-01,pending,653702.52,AUD,APAC,CP0052,FX,TDR0089,BOOK_A,2025-11-01
TXN0009233526,APP017,2026-01-10,pending,961178.14,USD,AMER,CP0351,BOND,TDR0061,BOOK_D,2025-10-22
TXN0001032253,APP011,2026-03-31,pending,141862.01,CHF,LATAM,CP0027,SWAP,TDR0173,BOOK_B,2025-03-18
TXN0002529294,APP015,2025-03-08,reversed,533609.93,CHF,APAC,CP0206,SWAP,TDR0023,BOOK_A,2025-07-01
TXN0009966788,APP018,2025-09-01,active,550454.11,GBP,LATAM,CP0193,BOND,TDR0126,BOOK_B,2026-03-04
TXN0006717155,APP014,2025-06-07,settled,519846.03,JPY,EMEA,CP0017,BOND,TDR0097,BOOK_D,2025-11-19
TXN0005233131,APP019,2025-07-09,settled,877221.07,EUR,EMEA,CP0238,FX,TDR0025,BOOK_A,2026-01-17
TXN0009051586,APP009,2025-10-09,reversed,825990.47,EUR,EMEA,CP0101,SWAP,TDR0096,BOOK_C,2025-05-14
TXN0009906964,APP010,2025-04-03,pending,348568.22,CHF,LATAM,CP0445,EQUITY,TDR0158,BOOK_D,2025-04-04
TXN0002532515,APP010,2025-12-16,settled,838688.07,CHF,AMER,CP0479,EQUITY,TDR0102,BOOK_A,2026-02-16
TXN0001810970,APP005,2025-06-02,active,187406.73,USD,AMER,CP0500,BOND,TDR0091,BOOK_D,2025-01-09
TXN0008756354,APP015,2026-01-11,pending,370295.71,AUD,EMEA,CP0475,EQUITY,TDR0180,BOOK_A,2025-01-20
TXN0004000936,APP011,2025-06-14,pending,507721.17,CHF,EMEA,CP0446,BOND,TDR0069,BOOK_B,2026-01-04
TXN0008022271,APP016,2025-09-08,active,78943.22,USD,AMER,CP0270,BOND,TDR0085,BOOK_C,2025-03-27
TXN0000188968,APP016,2025-06-04,pending,324998.21,EUR,LATAM,CP0184,FX,TDR0145,BOOK_B,2026-04-07
TXN0006224183,APP018,2025-07-09,reversed,849294.56,CHF,EMEA,CP0197,EQUITY,TDR0092,BOOK_A,2025-01-08
TXN0004793487,APP005,2025-03-24,pending,849735.69,GBP,LATAM,CP0082,OPTION,TDR0183,BOOK_C,2026-02-24
TXN0005265164,APP007,2025-08-09,failed,411256.34,CHF,EMEA,CP0445,FX,TDR0103,BOOK_C,2025-03-24
TXN0007610862,APP018,2025-03-19,settled,362927.03,USD,AMER,CP0199,SWAP,TDR0149,BOOK_B,2025-07-21
TXN0003073703,APP007,2026-03-17,active,892590.17,EUR,AMER,CP0253,OPTION,TDR0003,BOOK_D,2025-05-17
TXN0008780022,APP008,2025-02-02,active,904638.81,AUD,LATAM,CP0044,OPTION,TDR0050,BOOK_C,2025-07-06
TXN0001269538,APP001,2026-02-07,reversed,691729.24,EUR,AMER,CP0422,OPTION,TDR0173,BOOK_B,2026-01-25
TXN0001803291,APP020,2025-12-21,pending,160202.44,USD,AMER,CP0129,BOND,TDR0126,BOOK_B,2025-02-17
TXN0009553223,APP017,2025-07-07,pending,730644.04,JPY,APAC,CP0044,FUTURE,TDR0127,BOOK_C,2025-04-19
TXN0004617389,APP010,2025-04-28,settled,623816.81,GBP,APAC,CP0012,EQUITY,TDR0029,BOOK_B,2025-04-01
TXN0009931800,APP015,2025-07-16,failed,753980.44,CHF,APAC,CP0237,SWAP,TDR0030,BOOK_B,2025-05-23
TXN0001715469,APP004,2025-10-08,settled,602274.95,CHF,LATAM,CP0003,OPTION,TDR0034,BOOK_D,2025-01-27
TXN0007999783,APP001,2025-10-12,settled,97346.06,AUD,AMER,CP0245,FUTURE,TDR0084,BOOK_D,2025-09-30
TXN0006529745,APP007,2025-12-31,settled,40336.4,AUD,APAC,CP0394,SWAP,TDR0119,BOOK_A,2025-03-26
TXN0003097663,APP012,2025-02-02,pending,319426.7,CHF,APAC,CP0110,OPTION,TDR0011,BOOK_A,2025-12-23
TXN0006046864,APP016,2025-11-28,failed,863804.54,JPY,AMER,CP0079,BOND,TDR0040,BOOK_C,2025-12-25
TXN0005736714,APP011,2025-11-17,reversed,512074.03,CHF,EMEA,CP0046,FX,TDR0117,BOOK_D,2025-06-21
TXN0005753650,APP020,2026-03-09,active,707103.58,JPY,LATAM,CP0226,FX,TDR0067,BOOK_C,2026-01-13
TXN0005671675,APP006,2025-05-28,reversed,464536.75,JPY,AMER,CP0176,FUTURE,TDR0141,BOOK_B,2025-12-14
TXN0002892001,APP002,2025-09-14,settled,390128.2,USD,APAC,CP0348,OPTION,TDR0037,BOOK_D,2025-04-01
TXN0008236520,APP001,2025-12-17,reversed,160032.69,CHF,APAC,CP0343,FX,TDR0180,BOOK_D,2026-02-07
TXN0008148153,APP008,2025-02-03,active,501055.99,EUR,LATAM,CP0221,OPTION,TDR0192,BOOK_A,2025-09-08
TXN0005088610,APP003,2025-07-18,reversed,725756.14,GBP,APAC,CP0171,FUTURE,TDR0133,BOOK_C,2025-05-03
TXN0006193117,APP002,2025-10-04,reversed,830426.91,JPY,LATAM,CP0462,FX,TDR0181,BOOK_A,2025-06-17
TXN0007299865,APP003,2025-03-24,active,728312.01,USD,APAC,CP0482,OPTION,TDR0048,BOOK_C,2025-12-05
TXN0002754308,APP013,2025-02-28,pending,118115.04,CHF,LATAM,CP0481,SWAP,TDR0088,BOOK_D,2026-04-11
TXN0003232342,APP012,2025-04-16,settled,992047.04,AUD,LATAM,CP0392,FUTURE,TDR0062,BOOK_C,2026-01-16
TXN0005304669,APP008,2025-11-12,pending,733893.73,EUR,LATAM,CP0486,FX,TDR0093,BOOK_C,2025-01-28
TXN0002002287,APP016,2025-07-08,reversed,658297.62,AUD,APAC,CP0377,OPTION,TDR0095,BOOK_C,2025-03-12
TXN0007580223,APP002,2025-07-09,settled,13847.49,CHF,APAC,CP0430,EQUITY,TDR0042,BOOK_C,2025-03-05
TXN0005421906,APP007,2025-07-23,failed,499056.72,JPY,LATAM,CP0488,EQUITY,TDR0175,BOOK_B,2025-05-13
TXN0004482566,APP016,2025-01-10,reversed,487792.93,JPY,APAC,CP0202,FX,TDR0065,BOOK_D,2025-07-14
TXN0004198520,APP012,2026-01-10,reversed,521056.93,CHF,EMEA,CP0459,BOND,TDR0114,BOOK_A,2026-02-05
TXN0009280213,APP013,2025-12-21,settled,366355.57,EUR,EMEA,CP0235,BOND,TDR0090,BOOK_B,2025-08-01
TXN0000845047,APP003,2025-08-05,pending,116435.21,JPY,EMEA,CP0295,OPTION,TDR0030,BOOK_A,2026-03-29
TXN0004034869,APP005,2025-11-13,pending,54160.61,EUR,AMER,CP0500,FUTURE,TDR0200,BOOK_A,2025-12-05
TXN0001520482,APP008,2025-11-04,settled,238297.24,AUD,LATAM,CP0231,EQUITY,TDR0137,BOOK_C,2025-10-28
TXN0005462895,APP001,2026-01-01,active,470949.79,CHF,AMER,CP0071,OPTION,TDR0051,BOOK_B,2025-01-31
TXN0001469815,APP003,2025-03-25,settled,136821.74,CHF,APAC,CP0227,EQUITY,TDR0061,BOOK_C,2025-11-23
TXN0004341122,APP009,2025-12-24,settled,595265.78,USD,AMER,CP0065,OPTION,TDR0168,BOOK_D,2025-05-28
TXN0004769646,APP002,2025-12-21,pending,499118.25,JPY,EMEA,CP0208,SWAP,TDR0106,BOOK_B,2026-03-01
TXN0007747045,APP001,2025-02-08,settled,833657.41,AUD,LATAM,CP0022,FUTURE,TDR0067,BOOK_A,2025-06-26
TXN0006401913,APP019,2025-10-18,active,259762.68,USD,AMER,CP0112,OPTION,TDR0036,BOOK_B,2026-03-29
TXN0006019377,APP019,2025-04-26,settled,932716.65,CHF,AMER,CP0330,SWAP,TDR0134,BOOK_A,2025-06-01
TXN0009665382,APP004,2026-03-11,active,798872.55,EUR,AMER,CP0487,OPTION,TDR0156,BOOK_D,2026-02-03
TXN0001818302,APP001,2026-02-22,reversed,573689.56,GBP,AMER,CP0334,SWAP,TDR0030,BOOK_C,2025-02-02
TXN0002755494,APP003,2025-05-30,settled,261038.09,CHF,EMEA,CP0403,FUTURE,TDR0105,BOOK_C,2025-11-23
TXN0009690103,APP001,2025-05-09,pending,125762.34,CHF,APAC,CP0014,SWAP,TDR0200,BOOK_B,2025-02-06
TXN0007411714,APP006,2025-08-17,active,718430.53,JPY,EMEA,CP0343,OPTION,TDR0076,BOOK_C,2025-02-05
TXN0005305847,APP006,2025-10-02,failed,496435.96,USD,APAC,CP0016,FX,TDR0069,BOOK_A,2026-02-22
TXN0003150401,APP001,2025-02-21,failed,300702.91,JPY,APAC,CP0220,EQUITY,TDR0197,BOOK_C,2025-10-17
TXN0007868838,APP017,2025-12-24,pending,331769.33,EUR,AMER,CP0403,FX,TDR0115,BOOK_C,2026-04-09
TXN0004318098,APP006,2025-09-04,settled,53746.12,AUD,LATAM,CP0072,OPTION,TDR0133,BOOK_B,2025-05-29
TXN0007328151,APP019,2025-07-11,failed,194716.15,GBP,EMEA,CP0261,EQUITY,TDR0151,BOOK_A,2025-08-31
TXN0003198278,APP020,2025-06-27,settled,104787.75,USD,APAC,CP0146,OPTION,TDR0130,BOOK_B,2025-08-05
TXN0001963741,APP019,2025-12-26,failed,668580.31,JPY,AMER,CP0040,SWAP,TDR0026,BOOK_A,2025-09-23
TXN0008493571,APP012,2025-11-21,active,390354.41,USD,AMER,CP0005,FUTURE,TDR0195,BOOK_A,2025-03-17
TXN0002809671,APP007,2025-08-23,settled,424590.55,EUR,LATAM,CP0366,OPTION,TDR0194,BOOK_A,2025-09-08
TXN0008513957,APP011,2025-10-17,settled,755284.7,USD,LATAM,CP0242,SWAP,TDR0168,BOOK_A,2025-02-12
TXN0004200097,APP002,2025-05-17,active,906758.39,GBP,APAC,CP0148,OPTION,TDR0106,BOOK_C,2025-09-13
TXN0004311495,APP018,2026-02-20,failed,736996.1,EUR,AMER,CP0469,OPTION,TDR0187,BOOK_C,2025-06-02
TXN0007966769,APP008,2026-01-07,settled,4096.91,USD,EMEA,CP0390,OPTION,TDR0146,BOOK_B,2026-04-14
TXN0000699466,APP008,2025-05-04,reversed,433190.01,USD,EMEA,CP0096,BOND,TDR0060,BOOK_C,2025-11-05
TXN0004075569,APP018,2025-01-28,failed,282778.27,JPY,AMER,CP0188,OPTION,TDR0022,BOOK_B,2025-05-29
TXN0005121963,APP019,2026-04-04,reversed,864778.41,GBP,AMER,CP0440,FX,TDR0141,BOOK_C,2025-01-12
TXN0002958513,APP010,2025-03-12,reversed,402021.02,CHF,LATAM,CP0113,SWAP,TDR0041,BOOK_A,2025-04-26
TXN0006705948,APP007,2025-05-17,settled,859392.65,GBP,APAC,CP0059,EQUITY,TDR0053,BOOK_A,2025-04-14
TXN0002208726,APP013,2025-04-13,pending,606340.14,GBP,APAC,CP0174,BOND,TDR0094,BOOK_C,2025-03-13
TXN0004350187,APP008,2026-04-04,active,354085.41,AUD,AMER,CP0168,BOND,TDR0154,BOOK_A,2025-03-28
TXN0006252098,APP013,2025-12-08,settled,972561.75,USD,EMEA,CP0232,FX,TDR0104,BOOK_D,2025-04-07
TXN0005957252,APP007,2025-10-22,active,463610.08,JPY,EMEA,CP0137,FUTURE,TDR0096,BOOK_A,2025-02-14
TXN0004603814,APP011,2025-01-22,failed,120819.8,CHF,AMER,CP0012,SWAP,TDR0057,BOOK_B,2025-12-15
TXN0002717355,APP003,2025-08-30,active,637356.7,USD,AMER,CP0065,BOND,TDR0111,BOOK_D,2025-12-28
TXN0002132507,APP010,2026-04-01,settled,441783.64,USD,AMER,CP0033,BOND,TDR0125,BOOK_B,2025-09-18
TXN0003609833,APP010,2025-06-30,failed,783309.04,JPY,APAC,CP0314,FUTURE,TDR0110,BOOK_D,2025-02-02
TXN0009117472,APP015,2025-12-05,failed,903424.8,AUD,LATAM,CP0208,OPTION,TDR0019,BOOK_A,2025-04-21
TXN0005009500,APP007,2025-07-26,pending,351545.3,USD,APAC,CP0456,OPTION,TDR0024,BOOK_C,2025-10-31
TXN0004645808,APP020,2025-03-24,failed,953035.06,CHF,EMEA,CP0056,FX,TDR0105,BOOK_A,2026-01-14
TXN0000077119,APP020,2026-04-13,pending,40400.09,JPY,LATAM,CP0177,SWAP,TDR0099,BOOK_B,2025-02-11
TXN0000894164,APP015,2026-02-06,pending,481698.64,GBP,APAC,CP0104,FX,TDR0032,BOOK_A,2025-09-09
TXN0006518302,APP011,2026-03-21,reversed,48076.29,USD,AMER,CP0068,BOND,TDR0014,BOOK_D,2025-03-06
TXN0005363278,APP018,2026-01-17,active,192103.43,AUD,APAC,CP0379,OPTION,TDR0040,BOOK_D,2025-02-22
TXN0000952157,APP015,2025-11-11,pending,411034.1,GBP,LATAM,CP0241,EQUITY,TDR0150,BOOK_D,2025-01-19
TXN0008013157,APP013,2025-03-12,active,280366.96,AUD,AMER,CP0263,FUTURE,TDR0074,BOOK_A,2025-03-28
TXN0004864817,APP018,2025-10-20,settled,789433.27,JPY,APAC,CP0473,BOND,TDR0113,BOOK_D,2026-01-23
TXN0000463832,APP011,2025-06-20,reversed,428224.01,USD,EMEA,CP0055,BOND,TDR0166,BOOK_C,2025-07-06
TXN0003425780,APP002,2025-11-24,settled,160462.28,CHF,APAC,CP0134,EQUITY,TDR0048,BOOK_C,2026-02-05
TXN0000287547,APP014,2025-03-01,reversed,489766.49,EUR,APAC,CP0384,BOND,TDR0128,BOOK_B,2025-03-15
TXN0002624183,APP008,2025-10-30,active,742609.29,JPY,EMEA,CP0036,EQUITY,TDR0038,BOOK_C,2025-10-04
TXN0000228736,APP017,2025-12-13,settled,574097.27,CHF,LATAM,CP0199,BOND,TDR0032,BOOK_D,2026-03-08
TXN0004438178,APP010,2025-02-23,failed,430095.91,AUD,AMER,CP0178,EQUITY,TDR0065,BOOK_A,2025-06-18
TXN0005166017,APP020,2025-10-23,pending,947696.51,JPY,EMEA,CP0008,SWAP,TDR0141,BOOK_B,2025-08-09
TXN0008768488,APP007,2025-10-27,pending,935182.75,EUR,APAC,CP0461,FX,TDR0001,BOOK_D,2026-01-12
TXN0004784327,APP018,2026-04-10,reversed,359365.78,USD,AMER,CP0139,BOND,TDR0101,BOOK_A,2025-09-14
TXN0004308981,APP013,2025-04-02,reversed,197704.42,EUR,AMER,CP0140,BOND,TDR0048,BOOK_D,2025-11-01
TXN0003154064,APP015,2025-10-25,failed,894556.93,EUR,AMER,CP0047,EQUITY,TDR0137,BOOK_D,2025-12-19
TXN0004814401,APP013,2026-04-12,pending,668637.73,AUD,AMER,CP0078,FX,TDR0135,BOOK_A,2025-01-20
TXN0008887931,APP007,2025-03-13,settled,977864.84,USD,EMEA,CP0234,EQUITY,TDR0043,BOOK_D,2025-06-28
TXN0003228166,APP011,2025-06-10,failed,318143.44,CHF,APAC,CP0455,FX,TDR0113,BOOK_B,2025-09-27
TXN0007597998,APP014,2026-02-24,failed,717734.7,JPY,AMER,CP0122,FUTURE,TDR0166,BOOK_C,2026-03-27
TXN0008447675,APP020,2025-04-14,settled,675315.0,JPY,APAC,CP0124,SWAP,TDR0067,BOOK_A,2025-07-01
TXN0004699826,APP017,2025-08-22,failed,775632.6,EUR,EMEA,CP0141,BOND,TDR0067,BOOK_B,2025-05-18
TXN0000003241,APP012,2025-05-25,reversed,560441.4,EUR,APAC,CP0076,FX,TDR0018,BOOK_A,2025-01-07
TXN0003297186,APP018,2025-07-04,settled,523823.38,EUR,AMER,CP0172,FX,TDR0106,BOOK_C,2026-01-15
TXN0009264236,APP003,2026-03-30,failed,58955.75,AUD,LATAM,CP0429,FX,TDR0154,BOOK_C,2025-08-08
TXN0003822303,APP019,2025-02-26,active,872275.25,USD,AMER,CP0217,OPTION,TDR0073,BOOK_B,2025-03-18
TXN0004632248,APP004,2026-01-27,active,380266.15,CHF,LATAM,CP0498,EQUITY,TDR0139,BOOK_A,2025-01-23
TXN0002125425,APP019,2026-01-28,settled,383266.12,USD,APAC,CP0130,OPTION,TDR0043,BOOK_C,2026-02-14
TXN0002523096,APP001,2025-01-26,reversed,31074.33,USD,AMER,CP0033,FUTURE,TDR0017,BOOK_B,2025-06-24
TXN0004785815,APP015,2025-12-02,active,270543.76,GBP,AMER,CP0049,SWAP,TDR0022,BOOK_B,2026-02-02
TXN0004755863,APP015,2025-09-07,pending,282047.95,GBP,EMEA,CP0198,FX,TDR0198,BOOK_B,2025-05-15
TXN0008122358,APP001,2026-03-07,settled,156331.05,EUR,APAC,CP0168,EQUITY,TDR0039,BOOK_C,2025-09-02
TXN0002857936,APP010,2026-03-15,pending,664152.52,JPY,APAC,CP0047,FUTURE,TDR0083,BOOK_B,2025-12-27
TXN0005748443,APP010,2026-02-27,settled,908785.74,AUD,AMER,CP0341,FUTURE,TDR0123,BOOK_B,2026-02-04
TXN0004531922,APP014,2025-12-06,settled,797498.9,CHF,LATAM,CP0135,OPTION,TDR0095,BOOK_A,2026-01-25
TXN0004899465,APP003,2025-09-24,pending,139266.27,EUR,LATAM,CP0394,EQUITY,TDR0136,BOOK_D,2025-10-08
TXN0001675253,APP016,2025-08-15,pending,578180.13,CHF,AMER,CP0382,FX,TDR0193,BOOK_C,2026-01-16
TXN0002882766,APP003,2026-02-14,reversed,97004.5,CHF,LATAM,CP0012,SWAP,TDR0124,BOOK_A,2025-08-21
TXN0000593711,APP009,2026-03-25,pending,765538.55,CHF,LATAM,CP0495,BOND,TDR0116,BOOK_B,2025-09-19
TXN0003827085,APP004,2025-08-08,pending,587500.65,JPY,LATAM,CP0405,FUTURE,TDR0157,BOOK_C,2025-03-28
TXN0003740172,APP003,2026-01-13,settled,643583.98,CHF,APAC,CP0278,BOND,TDR0194,BOOK_A,2026-02-20
TXN0000005257,APP020,2025-06-10,active,597038.81,USD,APAC,CP0303,OPTION,TDR0023,BOOK_C,2025-08-17
TXN0004377555,APP019,2025-10-07,failed,491988.86,USD,APAC,CP0086,FUTURE,TDR0054,BOOK_B,2026-02-08
TXN0001120321,APP015,2025-02-17,active,624239.68,CHF,LATAM,CP0007,FUTURE,TDR0150,BOOK_B,2025-06-11
TXN0009338362,APP019,2025-06-30,pending,557069.89,GBP,LATAM,CP0323,FX,TDR0006,BOOK_D,2025-01-30
TXN0008916282,APP011,2025-10-31,active,226794.93,CHF,APAC,CP0144,BOND,TDR0135,BOOK_D,2025-09-12
TXN0007206039,APP004,2025-12-13,settled,677465.33,EUR,LATAM,CP0185,FUTURE,TDR0134,BOOK_D,2026-03-24
TXN0000050067,APP018,2025-10-12,pending,626995.77,JPY,APAC,CP0355,EQUITY,TDR0105,BOOK_B,2025-06-15
TXN0001851343,APP020,2025-11-09,active,935907.99,AUD,EMEA,CP0097,SWAP,TDR0178,BOOK_B,2026-04-08
TXN0001199548,APP006,2025-06-22,pending,765393.38,USD,EMEA,CP0318,FX,TDR0107,BOOK_C,2026-02-04
TXN0008373207,APP017,2025-08-23,pending,844985.14,AUD,APAC,CP0342,SWAP,TDR0170,BOOK_B,2025-05-28
TXN0008768684,APP016,2025-04-26,pending,13434.19,JPY,LATAM,CP0395,EQUITY,TDR0046,BOOK_C,2025-02-27
TXN0000968734,APP007,2025-12-28,failed,822019.59,JPY,AMER,CP0060,EQUITY,TDR0056,BOOK_D,2025-04-02
TXN0009726667,APP016,2025-01-27,reversed,198152.65,CHF,AMER,CP0380,FX,TDR0133,BOOK_C,2025-10-07
TXN0000665176,APP004,2025-09-25,settled,983673.77,EUR,APAC,CP0439,EQUITY,TDR0087,BOOK_B,2025-08-31
TXN0000499718,APP001,2025-03-20,pending,199973.03,AUD,EMEA,CP0102,FUTURE,TDR0119,BOOK_C,2025-10-21
TXN0008309434,APP012,2025-10-21,pending,205288.54,GBP,APAC,CP0301,EQUITY,TDR0174,BOOK_B,2026-02-21
TXN0003138006,APP015,2025-11-05,settled,198790.57,JPY,EMEA,CP0232,BOND,TDR0048,BOOK_D,2025-01-11
TXN0008649905,APP018,2025-06-04,settled,82466.65,GBP,EMEA,CP0357,SWAP,TDR0162,BOOK_D,2026-03-18
TXN0002705897,APP013,2025-08-26,active,825741.49,USD,AMER,CP0029,FUTURE,TDR0108,BOOK_B,2025-01-29
TXN0004785092,APP019,2025-04-26,reversed,114725.14,GBP,APAC,CP0143,OPTION,TDR0122,BOOK_D,2025-09-27
TXN0007447071,APP018,2026-04-13,active,510064.33,AUD,EMEA,CP0092,SWAP,TDR0150,BOOK_D,2025-05-30
TXN0005777208,APP015,2025-02-28,failed,912137.59,EUR,AMER,CP0141,BOND,TDR0131,BOOK_A,2025-11-24
TXN0007247247,APP006,2025-01-31,pending,466532.95,USD,APAC,CP0441,BOND,TDR0045,BOOK_D,2025-09-01
TXN0007351228,APP017,2026-01-03,active,102436.07,GBP,APAC,CP0300,FUTURE,TDR0048,BOOK_A,2026-03-27
TXN0008308769,APP012,2025-12-31,pending,420828.58,JPY,AMER,CP0199,FUTURE,TDR0098,BOOK_B,2025-06-01
TXN0004580161,APP004,2026-03-22,active,600318.6,CHF,EMEA,CP0031,OPTION,TDR0115,BOOK_C,2025-09-11
TXN0002405068,APP020,2026-01-08,reversed,532070.74,USD,EMEA,CP0134,SWAP,TDR0155,BOOK_B,2025-05-06
TXN0005151286,APP012,2025-08-05,reversed,938674.36,EUR,EMEA,CP0330,SWAP,TDR0200,BOOK_B,2025-12-11
TXN0001298391,APP004,2025-10-09,settled,967320.18,USD,LATAM,CP0153,EQUITY,TDR0009,BOOK_C,2025-12-19
TXN0003854696,APP016,2025-10-18,active,310458.81,EUR,LATAM,CP0186,OPTION,TDR0048,BOOK_C,2025-07-22
TXN0000256709,APP016,2025-01-05,reversed,365184.37,CHF,APAC,CP0122,OPTION,TDR0094,BOOK_C,2025-03-01
TXN0004702710,APP012,2025-07-08,settled,792970.25,JPY,LATAM,CP0069,EQUITY,TDR0007,BOOK_A,2025-03-23
TXN0000102593,APP003,2025-12-07,failed,248821.86,EUR,APAC,CP0288,FUTURE,TDR0165,BOOK_B,2025-12-15
TXN0001929483,APP008,2025-01-06,pending,980718.63,USD,EMEA,CP0202,OPTION,TDR0065,BOOK_A,2026-03-04
TXN0000286449,APP003,2026-03-22,pending,439262.3,CHF,LATAM,CP0151,EQUITY,TDR0190,BOOK_A,2025-06-16
TXN0009957723,APP017,2026-01-25,settled,880456.93,JPY,LATAM,CP0334,BOND,TDR0094,BOOK_C,2025-02-07
TXN0003479976,APP010,2026-03-26,pending,454600.76,CHF,EMEA,CP0027,SWAP,TDR0184,BOOK_B,2025-09-24
TXN0005116069,APP003,2025-07-20,settled,425142.33,GBP,APAC,CP0159,FX,TDR0096,BOOK_A,2025-08-16
TXN0003439721,APP010,2025-10-03,reversed,486599.5,EUR,APAC,CP0412,EQUITY,TDR0187,BOOK_A,2025-01-28
TXN0008323921,APP016,2025-02-01,reversed,688719.38,AUD,APAC,CP0388,OPTION,TDR0038,BOOK_B,2025-09-27
TXN0005513794,APP016,2025-01-21,reversed,131576.92,EUR,LATAM,CP0063,BOND,TDR0169,BOOK_D,2025-04-21
TXN0003119254,APP003,2025-08-27,pending,527855.32,AUD,LATAM,CP0014,SWAP,TDR0181,BOOK_A,2025-08-08
TXN0005759900,APP016,2025-02-11,settled,840946.42,USD,LATAM,CP0361,SWAP,TDR0016,BOOK_A,2026-02-24
TXN0005467498,APP016,2025-04-02,reversed,317208.93,GBP,APAC,CP0420,SWAP,TDR0178,BOOK_B,2026-03-27
TXN0005356243,APP011,2025-06-16,failed,306607.13,GBP,EMEA,CP0458,FX,TDR0147,BOOK_D,2025-07-26
TXN0000600052,APP010,2025-05-06,failed,256081.77,CHF,EMEA,CP0444,EQUITY,TDR0102,BOOK_D,2025-05-01
TXN0000989681,APP002,2025-04-05,pending,636662.01,JPY,AMER,CP0490,OPTION,TDR0191,BOOK_A,2026-02-08
TXN0009595415,APP010,2025-11-10,pending,621415.61,JPY,APAC,CP0300,SWAP,TDR0130,BOOK_B,2025-11-07
TXN0005045386,APP008,2025-11-29,pending,639322.43,GBP,EMEA,CP0321,FX,TDR0073,BOOK_D,2026-03-08
TXN0002361107,APP017,2025-12-30,failed,808301.81,CHF,APAC,CP0275,BOND,TDR0028,BOOK_A,2025-07-28
TXN0003275819,APP011,2026-01-22,active,238649.04,JPY,LATAM,CP0349,FX,TDR0175,BOOK_B,2025-03-12
TXN0006533370,APP005,2026-03-27,pending,670541.79,EUR,EMEA,CP0069,FUTURE,TDR0064,BOOK_C,2025-11-09
TXN0007198861,APP009,2025-08-29,active,280681.39,USD,APAC,CP0022,BOND,TDR0184,BOOK_A,2026-01-29
TXN0009585135,APP003,2025-09-25,active,116448.2,USD,AMER,CP0187,BOND,TDR0080,BOOK_D,2025-09-02
TXN0006565519,APP012,2025-12-15,failed,560797.21,JPY,EMEA,CP0306,FX,TDR0106,BOOK_D,2025-10-05
TXN0007067341,APP012,2026-04-01,failed,403288.35,AUD,LATAM,CP0474,OPTION,TDR0130,BOOK_C,2025-03-25
TXN0008123889,APP005,2025-10-17,settled,546292.17,USD,LATAM,CP0107,SWAP,TDR0090,BOOK_B,2025-01-20
TXN0002328827,APP013,2025-11-30,failed,307094.86,USD,LATAM,CP0128,FUTURE,TDR0071,BOOK_B,2025-07-15
TXN0009522003,APP008,2026-01-06,reversed,37896.7,EUR,AMER,CP0010,OPTION,TDR0043,BOOK_D,2025-11-14
TXN0002056950,APP012,2026-04-12,settled,608487.39,CHF,LATAM,CP0031,OPTION,TDR0140,BOOK_D,2025-01-27
TXN0001061797,APP017,2025-05-21,reversed,807920.46,USD,AMER,CP0006,FX,TDR0159,BOOK_A,2025-06-19
TXN0007909314,APP020,2025-12-12,reversed,155825.12,USD,LATAM,CP0377,BOND,TDR0197,BOOK_B,2025-12-04
TXN0002417583,APP016,2025-07-06,settled,69709.94,USD,EMEA,CP0251,OPTION,TDR0061,BOOK_A,2025-09-25
TXN0001657368,APP017,2025-02-13,failed,181375.33,CHF,LATAM,CP0403,FUTURE,TDR0194,BOOK_D,2026-01-23
TXN0003522619,APP012,2025-05-06,reversed,245925.55,GBP,APAC,CP0067,FX,TDR0068,BOOK_C,2026-01-24
TXN0000170665,APP019,2025-09-28,active,907246.94,AUD,LATAM,CP0143,OPTION,TDR0176,BOOK_B,2025-07-27
TXN0000952669,APP003,2025-09-27,active,586529.68,GBP,LATAM,CP0456,EQUITY,TDR0038,BOOK_D,2025-12-20
TXN0002418396,APP017,2025-01-01,pending,994990.45,AUD,AMER,CP0425,SWAP,TDR0156,BOOK_C,2025-06-27
TXN0005925651,APP019,2025-06-08,settled,391150.65,GBP,EMEA,CP0195,SWAP,TDR0100,BOOK_A,2026-01-25
TXN0002755211,APP015,2026-03-17,settled,364496.5,AUD,APAC,CP0361,FUTURE,TDR0017,BOOK_A,2026-02-28
TXN0007547323,APP014,2026-03-25,failed,901746.32,GBP,APAC,CP0198,EQUITY,TDR0197,BOOK_C,2025-02-12
TXN0006001742,APP015,2025-04-19,settled,697286.39,EUR,APAC,CP0361,BOND,TDR0093,BOOK_A,2025-01-20
TXN0007643140,APP004,2025-01-18,failed,953512.32,USD,APAC,CP0288,OPTION,TDR0062,BOOK_D,2025-10-19
TXN0002786550,APP006,2026-01-25,active,773941.57,JPY,LATAM,CP0121,EQUITY,TDR0011,BOOK_A,2025-03-30
TXN0002235210,APP020,2026-01-09,reversed,955129.28,GBP,AMER,CP0094,EQUITY,TDR0068,BOOK_A,2026-01-11
TXN0001940748,APP002,2025-10-15,reversed,999013.69,JPY,LATAM,CP0382,OPTION,TDR0189,BOOK_A,2025-02-27
TXN0003459790,APP002,2026-02-18,reversed,682099.59,USD,EMEA,CP0399,FUTURE,TDR0161,BOOK_B,2025-08-15
TXN0007419304,APP011,2025-02-02,settled,585507.95,AUD,LATAM,CP0221,BOND,TDR0121,BOOK_D,2025-07-18
TXN0004037218,APP017,2025-02-20,settled,105707.78,GBP,EMEA,CP0284,BOND,TDR0150,BOOK_C,2025-03-11
TXN0004790037,APP003,2025-07-30,failed,942169.93,JPY,EMEA,CP0335,FUTURE,TDR0124,BOOK_D,2025-08-20
TXN0001386354,APP019,2026-03-10,failed,442068.0,AUD,EMEA,CP0471,BOND,TDR0064,BOOK_C,2026-02-02
TXN0009046114,APP003,2025-11-22,reversed,756391.41,JPY,APAC,CP0111,BOND,TDR0183,BOOK_A,2025-04-04
TXN0006318982,APP007,2026-04-05,failed,38132.49,EUR,EMEA,CP0470,SWAP,TDR0188,BOOK_A,2025-01-26
TXN0004803158,APP004,2025-02-11,reversed,688405.98,CHF,APAC,CP0016,BOND,TDR0158,BOOK_A,2025-01-21
TXN0003239971,APP008,2025-05-02,failed,604083.09,USD,LATAM,CP0440,FUTURE,TDR0199,BOOK_D,2025-05-23
TXN0008981310,APP009,2025-09-30,pending,698260.7,EUR,AMER,CP0090,BOND,TDR0019,BOOK_B,2025-01-08
TXN0001874120,APP012,2025-07-06,pending,198348.21,JPY,LATAM,CP0106,FX,TDR0094,BOOK_A,2025-05-15
TXN0000032844,APP015,2025-04-13,reversed,164772.39,GBP,APAC,CP0261,SWAP,TDR0142,BOOK_A,2025-09-26
TXN0001366399,APP018,2025-11-29,settled,349448.57,USD,LATAM,CP0126,FUTURE,TDR0116,BOOK_B,2025-02-23
TXN0000092776,APP014,2026-01-27,failed,629102.81,USD,APAC,CP0082,EQUITY,TDR0034,BOOK_A,2025-07-08
TXN0006378605,APP006,2026-03-27,active,317610.46,EUR,AMER,CP0080,SWAP,TDR0156,BOOK_D,2025-11-26
TXN0005790316,APP007,2025-07-07,pending,308354.0,EUR,APAC,CP0124,BOND,TDR0048,BOOK_B,2025-01-25
TXN0008641928,APP018,2025-11-08,failed,407556.95,AUD,APAC,CP0128,OPTION,TDR0119,BOOK_D,2025-06-06
TXN0000280961,APP012,2025-10-20,pending,833970.96,JPY,LATAM,CP0057,SWAP,TDR0052,BOOK_C,2025-12-09
TXN0007354937,APP019,2025-02-18,active,273601.76,USD,LATAM,CP0433,FX,TDR0056,BOOK_D,2025-12-14
TXN0000747011,APP007,2025-04-30,pending,819902.47,EUR,EMEA,CP0158,FX,TDR0009,BOOK_A,2025-01-23
TXN0001335377,APP007,2025-06-03,failed,686750.27,JPY,LATAM,CP0123,OPTION,TDR0021,BOOK_A,2026-03-11
TXN0002643945,APP010,2025-08-14,pending,711530.25,USD,EMEA,CP0495,BOND,TDR0130,BOOK_B,2025-01-10
TXN0006831078,APP011,2025-09-01,failed,617935.57,GBP,LATAM,CP0122,FX,TDR0152,BOOK_D,2026-03-07
TXN0007120795,APP020,2025-06-26,settled,709540.2,JPY,LATAM,CP0492,FUTURE,TDR0194,BOOK_B,2025-12-13
TXN0003655493,APP013,2025-03-18,settled,250271.43,EUR,EMEA,CP0381,SWAP,TDR0005,BOOK_D,2026-03-31
TXN0004230340,APP016,2025-08-21,active,713859.97,AUD,AMER,CP0110,FUTURE,TDR0116,BOOK_B,2025-10-20
TXN0001591365,APP007,2025-12-11,active,994956.47,AUD,APAC,CP0315,FX,TDR0183,BOOK_B,2025-09-05
TXN0005836802,APP010,2025-01-01,settled,350009.78,USD,LATAM,CP0112,FUTURE,TDR0103,BOOK_B,2025-02-02
TXN0000935734,APP020,2026-03-28,reversed,620118.36,GBP,AMER,CP0262,BOND,TDR0009,BOOK_B,2025-09-16
TXN0008998377,APP003,2025-09-22,pending,904110.85,EUR,EMEA,CP0218,OPTION,TDR0134,BOOK_B,2026-01-08
TXN0005812769,APP006,2025-06-06,reversed,212915.19,CHF,AMER,CP0148,FX,TDR0032,BOOK_C,2025-10-12
TXN0008050457,APP004,2026-02-22,settled,48027.37,USD,LATAM,CP0333,FUTURE,TDR0031,BOOK_B,2025-05-07
TXN0006204519,APP004,2025-10-24,failed,239081.11,CHF,EMEA,CP0086,FX,TDR0073,BOOK_D,2025-07-13
TXN0006406916,APP006,2025-02-19,active,852753.44,GBP,AMER,CP0082,OPTION,TDR0102,BOOK_B,2026-02-20
TXN0003079149,APP017,2025-08-25,settled,848369.69,JPY,EMEA,CP0303,EQUITY,TDR0148,BOOK_A,2025-07-05
TXN0003189542,APP016,2025-01-07,active,790401.8,USD,EMEA,CP0184,FUTURE,TDR0111,BOOK_D,2025-10-24
TXN0003503282,APP015,2025-12-28,failed,477835.63,EUR,LATAM,CP0475,FUTURE,TDR0114,BOOK_D,2025-06-06
TXN0003009837,APP004,2025-03-10,reversed,861179.57,USD,APAC,CP0022,BOND,TDR0198,BOOK_B,2025-08-29
TXN0002871104,APP014,2025-11-07,active,672206.85,GBP,APAC,CP0196,EQUITY,TDR0141,BOOK_D,2025-09-27
TXN0005896480,APP017,2025-08-23,pending,969653.93,JPY,AMER,CP0174,OPTION,TDR0179,BOOK_D,2025-08-18
TXN0001820694,APP011,2025-11-10,settled,268416.01,JPY,AMER,CP0412,FUTURE,TDR0153,BOOK_B,2026-03-01
TXN0006084983,APP013,2025-09-22,pending,575595.95,GBP,AMER,CP0364,SWAP,TDR0028,BOOK_D,2025-08-13
TXN0005591199,APP005,2025-04-29,pending,186696.99,GBP,LATAM,CP0203,SWAP,TDR0037,BOOK_C,2025-03-14
TXN0006357801,APP008,2025-08-28,reversed,162294.73,AUD,APAC,CP0005,FUTURE,TDR0098,BOOK_D,2025-01-19
TXN0005217902,APP005,2025-05-31,reversed,345204.99,CHF,AMER,CP0350,EQUITY,TDR0172,BOOK_C,2025-02-20
TXN0008454257,APP013,2025-01-22,settled,525283.77,USD,LATAM,CP0110,FX,TDR0199,BOOK_D,2025-01-25
TXN0005219341,APP015,2026-02-26,reversed,949819.95,JPY,AMER,CP0447,FX,TDR0145,BOOK_C,2025-12-26
TXN0002926752,APP001,2025-08-07,reversed,371610.58,USD,EMEA,CP0277,FX,TDR0114,BOOK_C,2026-03-20
TXN0006102715,APP011,2025-11-05,settled,602160.54,CHF,APAC,CP0477,EQUITY,TDR0133,BOOK_C,2026-04-12
TXN0007659175,APP014,2026-03-07,reversed,771006.79,AUD,APAC,CP0009,EQUITY,TDR0021,BOOK_D,2025-07-12
TXN0009168675,APP010,2025-02-25,failed,683421.91,CHF,APAC,CP0081,BOND,TDR0135,BOOK_D,2025-12-17
TXN0005765981,APP003,2025-11-16,pending,425712.14,JPY,EMEA,CP0200,EQUITY,TDR0031,BOOK_B,2025-09-25
TXN0005282275,APP020,2026-01-28,pending,25450.67,CHF,AMER,CP0040,OPTION,TDR0196,BOOK_C,2025-03-05
TXN0006575245,APP009,2025-12-16,pending,361545.48,USD,LATAM,CP0184,EQUITY,TDR0129,BOOK_D,2025-05-15
TXN0000731145,APP016,2025-04-20,reversed,276294.11,USD,APAC,CP0461,FX,TDR0177,BOOK_B,2026-02-06
TXN0007521274,APP003,2025-10-25,pending,513673.11,AUD,APAC,CP0463,OPTION,TDR0091,BOOK_C,2025-07-31
TXN0004699789,APP008,2025-08-26,active,84710.56,GBP,EMEA,CP0161,SWAP,TDR0063,BOOK_C,2026-03-12
TXN0004762846,APP004,2025-07-18,active,946687.48,AUD,AMER,CP0024,EQUITY,TDR0170,BOOK_D,2026-03-05
TXN0005527001,APP019,2025-05-28,reversed,313136.4,AUD,LATAM,CP0450,OPTION,TDR0083,BOOK_B,2025-09-17
TXN0003494636,APP003,2025-05-08,pending,293988.57,EUR,APAC,CP0451,SWAP,TDR0119,BOOK_D,2025-11-26
TXN0009381108,APP007,2025-03-26,pending,982711.79,GBP,APAC,CP0389,OPTION,TDR0092,BOOK_B,2025-10-20
TXN0004801420,APP006,2025-06-19,settled,978463.69,GBP,AMER,CP0328,BOND,TDR0093,BOOK_D,2025-06-11
TXN0002880742,APP017,2025-12-23,reversed,182424.58,USD,APAC,CP0220,SWAP,TDR0061,BOOK_A,2025-02-21
TXN0008095010,APP016,2025-05-23,failed,907789.16,EUR,AMER,CP0315,FX,TDR0013,BOOK_B,2025-10-08
TXN0006240317,APP017,2025-11-16,pending,831837.6,EUR,APAC,CP0075,FUTURE,TDR0169,BOOK_C,2025-11-08
TXN0002962849,APP005,2025-07-08,failed,544133.04,CHF,APAC,CP0069,FUTURE,TDR0091,BOOK_C,2026-04-08
TXN0000151821,APP005,2025-02-25,active,462592.67,CHF,EMEA,CP0047,EQUITY,TDR0001,BOOK_D,2025-10-08
TXN0004168477,APP013,2025-01-30,settled,661997.69,JPY,EMEA,CP0238,EQUITY,TDR0004,BOOK_C,2025-05-06
TXN0006876679,APP019,2025-04-10,active,604036.25,GBP,APAC,CP0226,FUTURE,TDR0112,BOOK_B,2025-08-31
TXN0008066391,APP018,2026-03-25,settled,982191.91,EUR,LATAM,CP0133,OPTION,TDR0080,BOOK_A,2025-07-13
TXN0001811237,APP017,2025-07-29,settled,390951.21,GBP,AMER,CP0031,EQUITY,TDR0163,BOOK_D,2025-06-08
TXN0003192819,APP005,2025-08-17,settled,518714.02,GBP,EMEA,CP0190,FX,TDR0044,BOOK_D,2025-10-06
TXN0005219018,APP018,2025-12-13,settled,579927.36,AUD,LATAM,CP0113,SWAP,TDR0120,BOOK_A,2025-06-03
TXN0002222833,APP019,2026-03-23,reversed,221006.35,CHF,LATAM,CP0001,BOND,TDR0054,BOOK_B,2026-03-13
TXN0008412184,APP020,2025-11-25,failed,526170.42,CHF,LATAM,CP0361,SWAP,TDR0003,BOOK_B,2025-07-28
TXN0007530334,APP012,2025-12-14,settled,480773.74,CHF,AMER,CP0419,SWAP,TDR0071,BOOK_C,2026-02-27
TXN0007486977,APP012,2025-08-08,active,562274.02,USD,APAC,CP0155,SWAP,TDR0085,BOOK_B,2025-11-11
TXN0005397393,APP013,2026-03-15,reversed,864445.58,EUR,LATAM,CP0270,SWAP,TDR0130,BOOK_D,2025-12-31
TXN0008104596,APP002,2025-08-19,failed,609137.35,USD,LATAM,CP0004,OPTION,TDR0065,BOOK_C,2025-03-13
TXN0000316534,APP001,2025-03-22,reversed,698167.9,EUR,AMER,CP0315,EQUITY,TDR0074,BOOK_A,2025-12-20
TXN0009238342,APP019,2025-03-02,pending,8864.19,CHF,LATAM,CP0492,EQUITY,TDR0177,BOOK_D,2025-03-31
TXN0002937871,APP003,2025-11-09,settled,771912.55,USD,APAC,CP0152,BOND,TDR0032,BOOK_C,2025-09-10
TXN0001010816,APP011,2025-12-28,failed,703919.98,JPY,AMER,CP0099,FX,TDR0004,BOOK_A,2025-06-11
TXN0003552242,APP002,2025-10-29,pending,231172.63,USD,AMER,CP0162,EQUITY,TDR0119,BOOK_C,2025-06-10
TXN0004708024,APP009,2025-04-14,reversed,196423.83,GBP,APAC,CP0198,OPTION,TDR0025,BOOK_A,2026-02-02
TXN0002967234,APP007,2025-06-27,settled,400470.82,EUR,APAC,CP0134,SWAP,TDR0020,BOOK_B,2025-09-28
TXN0008207783,APP008,2025-07-31,pending,877669.35,GBP,EMEA,CP0141,FX,TDR0078,BOOK_C,2026-01-28
TXN0006196539,APP016,2025-09-07,settled,973922.22,JPY,EMEA,CP0224,BOND,TDR0008,BOOK_D,2025-11-22
TXN0009783852,APP014,2026-01-09,reversed,984037.46,JPY,LATAM,CP0153,BOND,TDR0056,BOOK_A,2025-12-06
TXN0004504397,APP009,2026-01-15,active,602449.49,JPY,APAC,CP0119,FX,TDR0155,BOOK_D,2025-04-14
TXN0003803370,APP002,2025-04-14,failed,893075.82,GBP,AMER,CP0205,EQUITY,TDR0173,BOOK_C,2026-02-10
TXN0004062682,APP019,2025-12-31,pending,453076.96,EUR,AMER,CP0091,EQUITY,TDR0001,BOOK_B,2026-04-11
TXN0000630672,APP008,2026-01-21,failed,553230.15,AUD,APAC,CP0428,FX,TDR0021,BOOK_C,2025-05-18
TXN0002195608,APP020,2026-03-18,failed,132266.65,EUR,LATAM,CP0202,FUTURE,TDR0140,BOOK_D,2025-07-01
TXN0004663272,APP013,2025-07-03,reversed,306076.16,EUR,AMER,CP0049,FX,TDR0008,BOOK_A,2025-11-30
TXN0002221526,APP012,2026-01-08,active,491470.58,GBP,APAC,CP0415,BOND,TDR0026,BOOK_D,2025-02-20
TXN0001305595,APP013,2025-10-16,active,660572.67,GBP,APAC,CP0191,EQUITY,TDR0134,BOOK_D,2025-06-08
TXN0000637710,APP012,2026-01-27,reversed,460253.93,AUD,EMEA,CP0441,OPTION,TDR0165,BOOK_B,2026-01-02
TXN0005749739,APP020,2025-02-09,settled,121428.81,JPY,LATAM,CP0478,EQUITY,TDR0191,BOOK_C,2026-04-03
TXN0001651896,APP011,2025-11-18,reversed,694801.42,JPY,EMEA,CP0477,SWAP,TDR0071,BOOK_D,2025-01-17
TXN0001132730,APP007,2025-06-30,reversed,420999.63,USD,AMER,CP0151,FX,TDR0124,BOOK_D,2025-07-21
TXN0009849592,APP014,2025-01-14,active,276213.24,EUR,APAC,CP0156,FX,TDR0101,BOOK_B,2025-12-21
TXN0009529163,APP020,2025-10-13,failed,898275.62,EUR,AMER,CP0009,BOND,TDR0120,BOOK_C,2025-01-08
TXN0008606798,APP014,2025-02-22,active,164093.65,JPY,APAC,CP0096,EQUITY,TDR0019,BOOK_C,2026-04-01
TXN0009570340,APP007,2025-07-29,pending,411790.05,AUD,LATAM,CP0054,EQUITY,TDR0124,BOOK_D,2025-08-30
TXN0007290378,APP007,2025-06-06,failed,682241.03,EUR,EMEA,CP0145,FUTURE,TDR0114,BOOK_D,2025-06-12
TXN0004935777,APP005,2025-06-23,pending,111033.37,AUD,AMER,CP0402,BOND,TDR0122,BOOK_D,2025-09-28
TXN0002821456,APP020,2026-03-27,reversed,564563.2,CHF,APAC,CP0331,BOND,TDR0031,BOOK_A,2025-11-18
TXN0000177188,APP004,2026-04-04,settled,413997.82,CHF,LATAM,CP0495,FUTURE,TDR0123,BOOK_A,2026-03-16
TXN0006565492,APP016,2026-03-01,settled,300470.5,USD,APAC,CP0299,FX,TDR0005,BOOK_A,2025-08-11
TXN0008132664,APP004,2026-03-13,pending,879438.04,EUR,EMEA,CP0075,FX,TDR0161,BOOK_A,2025-10-02
TXN0006213971,APP008,2025-09-19,pending,280879.11,EUR,APAC,CP0208,FX,TDR0122,BOOK_C,2025-04-18
TXN0005891837,APP020,2025-12-24,failed,821522.75,JPY,APAC,CP0371,BOND,TDR0075,BOOK_A,2025-07-24
TXN0009727352,APP003,2025-09-28,pending,613679.6,CHF,EMEA,CP0162,OPTION,TDR0022,BOOK_B,2025-12-26
TXN0007122820,APP015,2025-08-24,reversed,948383.26,AUD,AMER,CP0418,BOND,TDR0051,BOOK_C,2025-05-27
TXN0006543836,APP020,2025-09-15,settled,597502.86,EUR,APAC,CP0290,FUTURE,TDR0098,BOOK_C,2025-08-05
TXN0000106791,APP012,2026-01-27,active,718073.89,GBP,APAC,CP0082,SWAP,TDR0017,BOOK_D,2026-03-30
TXN0001047070,APP018,2025-07-15,active,235546.34,AUD,EMEA,CP0338,BOND,TDR0118,BOOK_C,2025-01-04
TXN0004033734,APP018,2026-03-20,settled,606918.67,JPY,AMER,CP0226,BOND,TDR0013,BOOK_A,2025-06-10
TXN0000356279,APP009,2025-06-03,active,840545.33,AUD,APAC,CP0153,SWAP,TDR0026,BOOK_D,2025-01-02
TXN0009708797,APP010,2026-04-13,failed,749040.23,AUD,LATAM,CP0169,BOND,TDR0022,BOOK_C,2026-02-20
TXN0007754718,APP013,2026-04-12,failed,277746.19,AUD,LATAM,CP0188,SWAP,TDR0189,BOOK_D,2025-02-18
TXN0002002208,APP003,2025-08-01,pending,331432.53,AUD,LATAM,CP0040,FX,TDR0017,BOOK_D,2025-10-06
TXN0004139818,APP017,2025-10-25,settled,400929.53,GBP,APAC,CP0496,SWAP,TDR0182,BOOK_B,2025-01-29
TXN0000972196,APP007,2025-09-11,active,391982.22,CHF,LATAM,CP0256,FUTURE,TDR0172,BOOK_C,2025-01-01
TXN0006075654,APP013,2025-12-21,settled,143927.6,CHF,LATAM,CP0438,BOND,TDR0142,BOOK_D,2025-11-22
TXN0007742732,APP016,2025-07-17,failed,193753.59,USD,LATAM,CP0062,SWAP,TDR0019,BOOK_C,2025-01-14
TXN0005897833,APP006,2026-02-15,active,867309.79,GBP,LATAM,CP0276,BOND,TDR0004,BOOK_C,2026-02-10
TXN0005831655,APP005,2025-12-12,pending,697737.65,GBP,APAC,CP0276,EQUITY,TDR0141,BOOK_C,2025-06-02
TXN0006485494,APP005,2026-01-03,settled,300324.61,EUR,AMER,CP0338,OPTION,TDR0018,BOOK_C,2025-04-23
TXN0006365059,APP007,2026-01-16,pending,229911.84,CHF,EMEA,CP0266,FX,TDR0114,BOOK_C,2025-05-20
TXN0009822875,APP013,2025-06-13,pending,279693.67,GBP,APAC,CP0125,OPTION,TDR0012,BOOK_B,2025-06-09
TXN0007640355,APP003,2025-05-03,settled,932536.48,JPY,EMEA,CP0288,EQUITY,TDR0002,BOOK_A,2025-07-10
TXN0004197422,APP011,2025-11-20,settled,302152.34,USD,APAC,CP0398,SWAP,TDR0102,BOOK_B,2025-07-21
TXN0003179174,APP007,2025-10-16,failed,558888.09,JPY,AMER,CP0499,BOND,TDR0143,BOOK_C,2025-06-12
TXN0004771589,APP020,2025-07-07,active,938014.12,JPY,APAC,CP0264,FUTURE,TDR0085,BOOK_C,2025-10-02
TXN0003694134,APP020,2025-07-16,failed,94566.58,EUR,APAC,CP0471,FX,TDR0073,BOOK_A,2026-02-03
TXN0000311067,APP007,2026-01-30,settled,935623.39,GBP,APAC,CP0030,FX,TDR0105,BOOK_C,2025-12-01
TXN0005589678,APP004,2025-08-29,settled,803082.37,AUD,APAC,CP0227,SWAP,TDR0041,BOOK_A,2025-04-08
TXN0004599280,APP020,2025-07-27,failed,533203.67,AUD,APAC,CP0400,OPTION,TDR0196,BOOK_A,2025-07-09
TXN0006860557,APP015,2026-03-06,pending,331092.47,AUD,EMEA,CP0464,EQUITY,TDR0137,BOOK_D,2026-02-13
TXN0006436366,APP016,2025-07-14,settled,211641.78,CHF,EMEA,CP0114,EQUITY,TDR0178,BOOK_B,2025-09-10
TXN0001038069,APP019,2025-01-02,reversed,224468.34,AUD,LATAM,CP0174,FUTURE,TDR0152,BOOK_C,2026-01-15
TXN0004329621,APP010,2026-02-01,reversed,965685.11,EUR,APAC,CP0179,EQUITY,TDR0171,BOOK_A,2025-04-16
TXN0003214690,APP020,2025-07-13,active,925612.15,AUD,LATAM,CP0353,FUTURE,TDR0039,BOOK_A,2025-12-20
TXN0004422504,APP005,2025-12-28,reversed,742920.03,AUD,EMEA,CP0343,SWAP,TDR0038,BOOK_D,2026-04-13
TXN0006191848,APP013,2025-06-26,settled,903061.06,AUD,AMER,CP0500,EQUITY,TDR0025,BOOK_B,2025-09-21
TXN0001345665,APP018,2025-05-03,reversed,623272.6,EUR,APAC,CP0453,EQUITY,TDR0136,BOOK_A,2025-04-26
TXN0008820635,APP010,2025-10-11,reversed,161383.53,USD,APAC,CP0426,FX,TDR0109,BOOK_B,2026-03-28
TXN0003771823,APP007,2025-04-16,settled,871890.5,AUD,EMEA,CP0013,BOND,TDR0094,BOOK_D,2025-03-19
TXN0001135443,APP019,2025-10-30,failed,416590.98,JPY,AMER,CP0385,FUTURE,TDR0045,BOOK_D,2025-02-11
TXN0003318561,APP017,2025-06-20,reversed,780185.76,USD,LATAM,CP0145,SWAP,TDR0069,BOOK_D,2025-04-23
TXN0002161029,APP020,2025-07-30,failed,778977.29,GBP,LATAM,CP0360,FX,TDR0053,BOOK_A,2025-04-26
TXN0005468752,APP011,2025-10-11,failed,884152.25,EUR,APAC,CP0288,BOND,TDR0197,BOOK_C,2026-03-19
TXN0008953967,APP001,2026-03-15,active,534004.65,JPY,AMER,CP0484,FUTURE,TDR0112,BOOK_D,2026-01-27
TXN0002007513,APP004,2025-03-19,pending,258262.76,JPY,EMEA,CP0065,OPTION,TDR0083,BOOK_D,2025-05-15
TXN0004707267,APP018,2025-07-17,settled,639056.86,CHF,AMER,CP0011,FUTURE,TDR0030,BOOK_A,2025-12-09
TXN0008800515,APP001,2025-07-12,active,142215.25,GBP,LATAM,CP0344,BOND,TDR0181,BOOK_D,2025-06-29
TXN0003074644,APP019,2025-04-30,settled,397343.88,AUD,EMEA,CP0493,FUTURE,TDR0129,BOOK_B,2025-07-29
TXN0007939470,APP015,2026-03-04,failed,30071.72,CHF,AMER,CP0421,OPTION,TDR0107,BOOK_C,2025-09-24
TXN0006791618,APP002,2025-02-25,active,76495.14,JPY,EMEA,CP0383,FUTURE,TDR0175,BOOK_D,2025-11-23
TXN0002685215,APP017,2025-07-22,settled,301947.54,AUD,LATAM,CP0232,SWAP,TDR0135,BOOK_B,2026-02-03
TXN0005664847,APP012,2026-02-07,active,887889.41,GBP,APAC,CP0393,SWAP,TDR0074,BOOK_C,2026-01-24
TXN0002830709,APP003,2025-05-09,failed,61783.74,AUD,EMEA,CP0271,EQUITY,TDR0006,BOOK_C,2025-06-17
TXN0000008573,APP008,2025-04-05,failed,185075.08,AUD,APAC,CP0095,SWAP,TDR0162,BOOK_A,2026-03-17
TXN0007223976,APP011,2025-08-31,active,345499.84,JPY,LATAM,CP0222,SWAP,TDR0001,BOOK_D,2025-10-21
TXN0006549928,APP017,2025-08-16,pending,995274.62,USD,APAC,CP0431,FX,TDR0113,BOOK_D,2025-04-10
TXN0001389985,APP005,2026-03-04,settled,243383.39,GBP,EMEA,CP0301,BOND,TDR0097,BOOK_D,2025-04-10
TXN0005881082,APP008,2025-01-05,active,332971.22,USD,LATAM,CP0012,EQUITY,TDR0038,BOOK_C,2025-12-21
TXN0001828354,APP010,2025-05-23,pending,729764.48,USD,EMEA,CP0038,SWAP,TDR0173,BOOK_D,2025-12-07
TXN0001670848,APP009,2025-06-26,active,929292.3,JPY,AMER,CP0068,BOND,TDR0013,BOOK_A,2025-10-04
TXN0003880173,APP013,2025-01-31,settled,113827.79,JPY,APAC,CP0063,FUTURE,TDR0018,BOOK_D,2025-03-24
TXN0004881509,APP020,2025-01-08,settled,711693.94,GBP,EMEA,CP0278,OPTION,TDR0007,BOOK_B,2026-02-17
TXN0006288179,APP015,2025-06-15,pending,341275.75,EUR,APAC,CP0344,EQUITY,TDR0148,BOOK_B,2025-03-04
TXN0003666291,APP015,2025-07-08,reversed,519470.12,AUD,APAC,CP0484,OPTION,TDR0172,BOOK_C,2025-06-22
TXN0006943529,APP012,2025-09-06,pending,1085.79,CHF,LATAM,CP0005,EQUITY,TDR0154,BOOK_B,2025-07-26
TXN0007715700,APP011,2026-03-27,active,152691.49,EUR,LATAM,CP0263,SWAP,TDR0120,BOOK_C,2025-04-01
TXN0006439675,APP018,2025-10-27,reversed,274876.25,AUD,LATAM,CP0059,FX,TDR0179,BOOK_A,2025-04-07
TXN0006714712,APP011,2026-02-09,reversed,944547.44,JPY,APAC,CP0469,BOND,TDR0178,BOOK_D,2026-04-11
TXN0007024119,APP005,2025-12-29,failed,253137.06,JPY,AMER,CP0177,FUTURE,TDR0138,BOOK_C,2025-01-24
TXN0005748981,APP002,2026-02-26,failed,14787.41,CHF,LATAM,CP0171,SWAP,TDR0088,BOOK_D,2025-01-26
TXN0008917999,APP001,2025-03-19,reversed,351269.6,AUD,AMER,CP0115,EQUITY,TDR0052,BOOK_C,2026-04-01
TXN0009367420,APP014,2025-01-15,reversed,68936.64,JPY,LATAM,CP0280,EQUITY,TDR0096,BOOK_C,2025-04-02
TXN0002712345,APP010,2025-07-12,pending,220260.86,EUR,LATAM,CP0489,OPTION,TDR0132,BOOK_C,2026-04-11
TXN0000722294,APP005,2025-08-06,failed,949137.3,EUR,LATAM,CP0285,BOND,TDR0149,BOOK_B,2026-02-10
TXN0001051935,APP017,2025-11-04,active,138195.46,CHF,LATAM,CP0412,FUTURE,TDR0065,BOOK_C,2025-01-30
TXN0007400767,APP018,2025-04-12,active,419403.27,GBP,AMER,CP0004,SWAP,TDR0108,BOOK_B,2025-06-10
TXN0007548389,APP001,2025-08-19,settled,948689.55,GBP,LATAM,CP0152,FUTURE,TDR0150,BOOK_D,2025-05-23
TXN0000498751,APP016,2025-03-23,pending,468297.12,JPY,APAC,CP0290,FUTURE,TDR0104,BOOK_C,2025-06-14
TXN0001080743,APP011,2025-08-05,reversed,396610.32,EUR,APAC,CP0254,EQUITY,TDR0121,BOOK_C,2026-02-04
TXN0007795352,APP017,2025-09-23,settled,634868.38,USD,LATAM,CP0162,BOND,TDR0004,BOOK_A,2025-08-27
TXN0003135091,APP016,2025-08-12,active,375592.11,AUD,LATAM,CP0491,BOND,TDR0039,BOOK_D,2025-05-30
TXN0004593293,APP008,2025-06-23,pending,524343.26,JPY,EMEA,CP0419,FX,TDR0041,BOOK_B,2025-01-17
TXN0007200976,APP015,2025-08-22,active,512628.9,GBP,APAC,CP0042,FUTURE,TDR0028,BOOK_C,2025-10-13
TXN0008885816,APP014,2025-02-09,reversed,609770.3,CHF,LATAM,CP0446,FX,TDR0151,BOOK_B,2025-03-26
TXN0004461134,APP012,2025-03-25,active,861663.92,CHF,AMER,CP0123,OPTION,TDR0200,BOOK_C,2025-11-17
TXN0003270309,APP014,2025-09-21,active,554166.03,USD,AMER,CP0176,SWAP,TDR0195,BOOK_B,2025-03-31
TXN0000284567,APP020,2025-06-14,settled,271251.71,EUR,APAC,CP0225,OPTION,TDR0171,BOOK_C,2025-10-27
TXN0003210720,APP014,2026-02-28,pending,785125.88,GBP,EMEA,CP0161,BOND,TDR0041,BOOK_A,2025-02-25
TXN0008038177,APP009,2025-11-09,failed,335877.57,GBP,LATAM,CP0159,OPTION,TDR0078,BOOK_B,2025-11-13
TXN0002174188,APP020,2025-11-25,failed,136799.52,CHF,EMEA,CP0166,SWAP,TDR0084,BOOK_C,2025-12-05
TXN0003086150,APP016,2025-06-16,reversed,965668.23,EUR,LATAM,CP0419,BOND,TDR0086,BOOK_B,2025-07-04
TXN0001518268,APP020,2025-08-20,pending,838021.42,JPY,LATAM,CP0480,EQUITY,TDR0176,BOOK_D,2025-06-21
TXN0008319673,APP004,2025-05-18,settled,714175.35,CHF,APAC,CP0477,FUTURE,TDR0095,BOOK_D,2025-06-12
TXN0007551593,APP017,2025-02-19,pending,875404.63,JPY,LATAM,CP0220,FX,TDR0002,BOOK_D,2025-05-16
TXN0005345902,APP019,2025-08-20,settled,687241.59,CHF,AMER,CP0434,FX,TDR0163,BOOK_C,2025-09-08
TXN0000896564,APP019,2026-01-12,active,888503.4,JPY,AMER,CP0040,FX,TDR0176,BOOK_C,2026-02-05
TXN0006832420,APP012,2025-07-09,reversed,332755.09,GBP,EMEA,CP0026,OPTION,TDR0096,BOOK_A,2025-11-18
TXN0001289029,APP020,2025-03-19,active,980450.36,JPY,APAC,CP0034,FUTURE,TDR0064,BOOK_C,2025-05-18
TXN0005641331,APP014,2026-02-13,settled,514767.92,AUD,LATAM,CP0009,FUTURE,TDR0167,BOOK_A,2025-06-20
TXN0009471582,APP017,2025-06-22,settled,434181.97,USD,EMEA,CP0421,BOND,TDR0185,BOOK_B,2025-05-05
TXN0003175396,APP005,2025-01-16,reversed,63318.08,AUD,AMER,CP0393,FUTURE,TDR0024,BOOK_C,2025-10-21
TXN0002752055,APP007,2026-03-01,pending,459209.8,GBP,APAC,CP0069,FX,TDR0055,BOOK_C,2025-10-14
TXN0009158122,APP007,2026-03-06,settled,468301.35,GBP,LATAM,CP0385,FX,TDR0147,BOOK_B,2025-09-30
TXN0006556581,APP010,2025-07-04,pending,666313.07,USD,EMEA,CP0393,SWAP,TDR0092,BOOK_D,2026-04-11
TXN0000608641,APP014,2025-12-18,active,269132.41,USD,APAC,CP0312,SWAP,TDR0021,BOOK_B,2026-03-17
TXN0002770576,APP017,2025-02-11,settled,274545.99,EUR,AMER,CP0444,BOND,TDR0119,BOOK_B,2025-06-11
TXN0000343907,APP009,2026-04-06,active,402743.13,GBP,EMEA,CP0016,EQUITY,TDR0042,BOOK_B,2025-05-09
TXN0001532292,APP015,2025-10-28,active,46618.13,USD,EMEA,CP0297,OPTION,TDR0138,BOOK_A,2025-08-18
TXN0008495056,APP019,2025-04-18,settled,346067.14,GBP,LATAM,CP0052,FX,TDR0009,BOOK_C,2026-01-27
TXN0002289172,APP007,2025-10-24,active,524427.76,EUR,LATAM,CP0243,OPTION,TDR0122,BOOK_A,2025-03-24
TXN0006855882,APP012,2025-12-27,reversed,878740.13,AUD,LATAM,CP0317,SWAP,TDR0029,BOOK_D,2025-08-13
TXN0007078745,APP001,2025-05-01,active,72526.4,EUR,LATAM,CP0040,BOND,TDR0184,BOOK_C,2025-02-07
TXN0006942302,APP016,2025-03-30,reversed,118711.43,JPY,LATAM,CP0118,OPTION,TDR0075,BOOK_D,2025-04-21
TXN0004402180,APP012,2025-04-13,settled,318037.89,CHF,AMER,CP0182,OPTION,TDR0197,BOOK_C,2026-02-20
TXN0008978848,APP004,2025-02-24,active,340676.11,EUR,EMEA,CP0327,BOND,TDR0169,BOOK_A,2025-08-24
TXN0001767972,APP001,2025-10-08,active,308979.98,AUD,LATAM,CP0062,FX,TDR0119,BOOK_D,2026-01-15
TXN0002086337,APP007,2025-04-25,settled,468973.18,USD,AMER,CP0229,OPTION,TDR0158,BOOK_B,2025-07-17
TXN0009861866,APP007,2025-08-23,pending,701771.39,AUD,AMER,CP0084,SWAP,TDR0177,BOOK_D,2025-09-15
TXN0008171298,APP002,2025-11-26,reversed,296492.87,JPY,EMEA,CP0124,FX,TDR0067,BOOK_D,2025-12-09
TXN0006038962,APP018,2025-08-21,failed,223257.22,CHF,LATAM,CP0365,FUTURE,TDR0072,BOOK_C,2026-01-26
TXN0009671411,APP012,2025-10-26,pending,749276.8,AUD,APAC,CP0257,FUTURE,TDR0127,BOOK_A,2025-12-30
TXN0002971346,APP012,2025-08-29,pending,962023.19,GBP,APAC,CP0045,BOND,TDR0175,BOOK_A,2025-09-26
TXN0002827533,APP007,2026-01-20,settled,32653.69,CHF,LATAM,CP0274,SWAP,TDR0130,BOOK_A,2025-08-07
TXN0008627477,APP015,2026-03-28,reversed,977934.46,GBP,LATAM,CP0048,SWAP,TDR0114,BOOK_D,2025-06-16
TXN0000318090,APP010,2025-02-07,failed,507486.54,GBP,EMEA,CP0107,BOND,TDR0123,BOOK_C,2025-07-23
TXN0005655395,APP013,2025-03-07,settled,734971.18,AUD,APAC,CP0121,SWAP,TDR0056,BOOK_A,2026-01-25
TXN0001055732,APP006,2025-09-14,failed,462901.73,JPY,AMER,CP0483,SWAP,TDR0094,BOOK_C,2025-07-12
TXN0007760201,APP003,2025-08-16,pending,431674.07,CHF,LATAM,CP0469,BOND,TDR0136,BOOK_C,2025-04-11
TXN0004047625,APP011,2025-10-13,reversed,155860.62,USD,AMER,CP0275,SWAP,TDR0070,BOOK_D,2025-01-30
TXN0006394974,APP019,2025-12-21,active,89718.6,EUR,APAC,CP0182,OPTION,TDR0113,BOOK_B,2025-05-07
TXN0009892927,APP017,2025-10-06,settled,692439.8,AUD,LATAM,CP0125,SWAP,TDR0165,BOOK_D,2025-08-12
TXN0006918996,APP012,2025-05-06,active,750886.6,USD,LATAM,CP0480,FX,TDR0168,BOOK_A,2025-02-03
TXN0003864282,APP002,2025-12-11,active,860022.38,USD,AMER,CP0287,SWAP,TDR0144,BOOK_D,2026-03-03
TXN0002538200,APP011,2025-11-17,reversed,946491.57,JPY,EMEA,CP0221,SWAP,TDR0016,BOOK_D,2025-07-24
TXN0004203758,APP005,2025-02-04,reversed,318358.41,EUR,LATAM,CP0422,OPTION,TDR0039,BOOK_D,2025-02-19
TXN0008205942,APP015,2025-12-14,failed,943819.99,EUR,AMER,CP0013,BOND,TDR0182,BOOK_A,2025-10-06
TXN0000522892,APP014,2026-01-03,reversed,542207.26,GBP,EMEA,CP0162,SWAP,TDR0069,BOOK_C,2025-08-27
TXN0006850792,APP003,2025-07-24,failed,478337.26,EUR,LATAM,CP0221,OPTION,TDR0005,BOOK_B,2025-07-02
TXN0001208344,APP014,2025-04-07,pending,289665.34,USD,EMEA,CP0045,EQUITY,TDR0194,BOOK_C,2025-04-19
TXN0002255925,APP006,2025-01-11,reversed,981047.2,AUD,AMER,CP0264,FX,TDR0092,BOOK_D,2025-10-12
TXN0002982515,APP003,2025-06-26,active,716634.39,JPY,APAC,CP0120,SWAP,TDR0093,BOOK_A,2026-01-13
TXN0002119028,APP019,2026-02-05,reversed,399184.23,USD,LATAM,CP0359,FX,TDR0091,BOOK_B,2025-09-30
TXN0007771777,APP004,2025-04-30,reversed,172585.82,EUR,EMEA,CP0339,BOND,TDR0035,BOOK_B,2025-06-20
TXN0003105298,APP005,2025-11-11,pending,428809.79,JPY,AMER,CP0480,FX,TDR0041,BOOK_D,2026-02-12
TXN0007226461,APP001,2026-01-19,active,701138.52,EUR,AMER,CP0202,OPTION,TDR0172,BOOK_C,2025-05-09
TXN0007553250,APP010,2025-10-15,failed,918890.3,CHF,AMER,CP0376,OPTION,TDR0172,BOOK_D,2026-01-10
TXN0006560636,APP011,2025-07-14,settled,934225.82,USD,EMEA,CP0121,OPTION,TDR0122,BOOK_B,2026-03-04
TXN0002581733,APP009,2025-03-29,failed,224742.78,CHF,APAC,CP0405,FUTURE,TDR0134,BOOK_C,2025-06-27
TXN0004145749,APP009,2026-03-17,settled,938923.54,EUR,EMEA,CP0011,SWAP,TDR0133,BOOK_B,2025-06-21
TXN0005942629,APP012,2025-09-05,reversed,67074.42,JPY,APAC,CP0128,FUTURE,TDR0113,BOOK_C,2025-04-15
TXN0001113220,APP014,2026-03-01,pending,585709.87,USD,LATAM,CP0288,EQUITY,TDR0199,BOOK_D,2025-09-03
TXN0003105730,APP007,2025-06-17,active,656669.97,JPY,LATAM,CP0146,OPTION,TDR0079,BOOK_D,2025-01-11
TXN0002987744,APP018,2025-09-18,pending,621169.0,CHF,LATAM,CP0164,SWAP,TDR0161,BOOK_D,2025-09-30
TXN0009035931,APP009,2025-11-22,active,148200.46,AUD,LATAM,CP0082,BOND,TDR0014,BOOK_B,2025-04-24
TXN0009632131,APP015,2025-02-26,failed,881657.55,JPY,LATAM,CP0032,FUTURE,TDR0044,BOOK_B,2025-06-07
TXN0005166654,APP009,2025-02-09,reversed,486288.54,USD,APAC,CP0478,FUTURE,TDR0005,BOOK_A,2025-06-13
TXN0002579734,APP008,2025-03-29,settled,745845.51,USD,APAC,CP0131,BOND,TDR0151,BOOK_D,2025-06-17
TXN0003061204,APP009,2025-02-15,active,88634.07,USD,EMEA,CP0430,FUTURE,TDR0146,BOOK_B,2025-03-17
TXN0005675229,APP009,2025-11-12,reversed,746311.28,USD,LATAM,CP0409,FX,TDR0122,BOOK_C,2025-11-08
TXN0003453881,APP001,2025-04-24,active,335676.28,GBP,EMEA,CP0493,FUTURE,TDR0177,BOOK_C,2025-08-17
TXN0009803794,APP006,2025-10-07,failed,24305.43,GBP,LATAM,CP0448,OPTION,TDR0170,BOOK_B,2025-11-03
TXN0003447769,APP016,2026-01-08,failed,594011.23,GBP,APAC,CP0355,BOND,TDR0133,BOOK_D,2025-08-06
TXN0002034459,APP018,2025-06-18,failed,418281.69,CHF,AMER,CP0093,EQUITY,TDR0177,BOOK_A,2026-01-18
TXN0002453362,APP005,2025-10-20,reversed,691354.33,GBP,LATAM,CP0266,FX,TDR0103,BOOK_B,2026-01-17
TXN0002225891,APP009,2025-11-13,active,889846.45,CHF,LATAM,CP0076,FUTURE,TDR0198,BOOK_B,2025-01-18
TXN0004129265,APP009,2025-12-13,pending,623624.09,AUD,EMEA,CP0047,FUTURE,TDR0136,BOOK_A,2025-06-23
TXN0006786563,APP007,2026-04-13,settled,208012.73,AUD,APAC,CP0458,FUTURE,TDR0127,BOOK_A,2025-12-25
TXN0000529457,APP005,2025-06-10,pending,943823.23,AUD,AMER,CP0437,SWAP,TDR0025,BOOK_D,2025-05-11
TXN0009800666,APP010,2025-05-23,settled,173172.16,GBP,APAC,CP0050,OPTION,TDR0172,BOOK_D,2026-01-17
TXN0001959425,APP002,2025-07-15,active,523670.36,EUR,APAC,CP0394,FUTURE,TDR0065,BOOK_B,2026-02-12
TXN0000325522,APP008,2025-08-19,active,463135.98,CHF,LATAM,CP0002,FUTURE,TDR0166,BOOK_C,2025-06-20
TXN0000525692,APP013,2025-07-12,reversed,366274.36,EUR,AMER,CP0093,EQUITY,TDR0013,BOOK_A,2025-11-12
TXN0008338392,APP011,2025-05-10,pending,203182.55,EUR,AMER,CP0307,BOND,TDR0183,BOOK_D,2025-07-20
TXN0004140713,APP003,2025-02-04,active,745787.43,USD,LATAM,CP0300,FUTURE,TDR0075,BOOK_A,2025-10-27
TXN0002677479,APP008,2026-01-19,settled,321772.26,AUD,APAC,CP0420,FUTURE,TDR0010,BOOK_B,2025-07-09
TXN0006300518,APP004,2025-02-21,settled,639514.5,CHF,EMEA,CP0244,SWAP,TDR0192,BOOK_C,2025-12-08
TXN0009866314,APP001,2025-12-26,active,329257.72,GBP,APAC,CP0322,FUTURE,TDR0178,BOOK_B,2025-12-24
TXN0003345837,APP019,2025-02-26,pending,347008.11,EUR,LATAM,CP0312,SWAP,TDR0084,BOOK_A,2026-04-07
TXN0009826619,APP013,2025-09-25,failed,624088.39,GBP,AMER,CP0450,EQUITY,TDR0027,BOOK_C,2025-04-27
TXN0005014886,APP012,2025-05-29,reversed,143391.79,GBP,EMEA,CP0262,FX,TDR0038,BOOK_A,2026-02-27
TXN0000394653,APP011,2025-04-18,settled,359559.93,CHF,AMER,CP0456,EQUITY,TDR0030,BOOK_B,2025-10-24
TXN0004463988,APP015,2025-09-09,active,466564.3,CHF,AMER,CP0078,BOND,TDR0077,BOOK_A,2025-04-29
TXN0002850732,APP010,2025-08-20,pending,248820.61,AUD,LATAM,CP0130,FX,TDR0017,BOOK_D,2025-10-12
TXN0006984315,APP006,2025-04-11,failed,135570.29,CHF,LATAM,CP0166,FUTURE,TDR0139,BOOK_B,2025-12-22
TXN0000634927,APP011,2025-06-02,settled,470287.56,USD,LATAM,CP0158,FUTURE,TDR0038,BOOK_D,2025-09-29
TXN0001337575,APP020,2025-11-24,reversed,812666.59,EUR,AMER,CP0358,FX,TDR0038,BOOK_D,2025-05-26
TXN0000781617,APP013,2025-03-01,failed,911217.09,AUD,LATAM,CP0327,FUTURE,TDR0117,BOOK_D,2026-03-20
TXN0009686837,APP019,2025-09-19,reversed,28141.86,EUR,LATAM,CP0118,BOND,TDR0168,BOOK_B,2025-03-07
TXN0005648533,APP001,2025-01-03,pending,540210.88,CHF,LATAM,CP0455,EQUITY,TDR0046,BOOK_D,2025-02-25
TXN0001870895,APP004,2025-04-21,pending,196355.9,USD,LATAM,CP0427,FUTURE,TDR0195,BOOK_A,2025-05-17
TXN0001198835,APP020,2025-04-08,pending,37150.97,USD,LATAM,CP0012,FUTURE,TDR0099,BOOK_B,2026-03-14
TXN0009359585,APP017,2025-05-11,settled,34677.5,JPY,LATAM,CP0255,OPTION,TDR0080,BOOK_C,2025-09-05
TXN0001400848,APP015,2025-02-15,reversed,174323.18,USD,LATAM,CP0006,EQUITY,TDR0077,BOOK_A,2026-02-22
TXN0002219782,APP017,2026-02-09,active,530374.49,USD,EMEA,CP0413,EQUITY,TDR0024,BOOK_C,2026-01-20
TXN0000592983,APP020,2025-12-04,active,658465.11,AUD,AMER,CP0388,OPTION,TDR0057,BOOK_D,2025-12-03
TXN0002449668,APP012,2025-10-25,failed,618793.63,GBP,EMEA,CP0485,EQUITY,TDR0143,BOOK_C,2025-11-22
TXN0007907000,APP012,2026-01-04,active,481542.37,CHF,AMER,CP0393,FUTURE,TDR0152,BOOK_B,2026-02-06
TXN0001636871,APP015,2025-11-20,failed,146594.64,USD,EMEA,CP0161,OPTION,TDR0033,BOOK_A,2025-07-30
TXN0003480261,APP019,2025-09-24,failed,223716.95,USD,EMEA,CP0054,FUTURE,TDR0146,BOOK_D,2025-12-19
TXN0008345135,APP007,2025-12-30,reversed,124226.95,GBP,LATAM,CP0221,FUTURE,TDR0127,BOOK_B,2025-09-02
TXN0007714274,APP008,2026-03-08,settled,297781.47,EUR,APAC,CP0378,FUTURE,TDR0015,BOOK_D,2025-12-08
TXN0009619146,APP016,2025-03-01,settled,364700.32,EUR,APAC,CP0250,EQUITY,TDR0077,BOOK_A,2025-05-04
TXN0005165989,APP020,2025-09-23,active,174603.69,USD,EMEA,CP0453,EQUITY,TDR0130,BOOK_D,2025-05-18
TXN0006867697,APP006,2025-11-23,settled,52502.88,JPY,EMEA,CP0462,OPTION,TDR0072,BOOK_C,2025-02-15
TXN0004653977,APP019,2025-06-09,active,803014.87,JPY,APAC,CP0402,EQUITY,TDR0172,BOOK_B,2026-02-13
TXN0008242704,APP001,2025-12-10,pending,288659.85,EUR,EMEA,CP0375,BOND,TDR0057,BOOK_D,2025-11-18
TXN0004579202,APP016,2025-07-17,settled,652501.38,CHF,LATAM,CP0450,OPTION,TDR0092,BOOK_A,2026-04-06
TXN0003585265,APP014,2025-08-28,pending,245177.79,GBP,APAC,CP0200,FX,TDR0185,BOOK_A,2025-12-27
TXN0004043961,APP019,2025-06-14,active,781992.4,CHF,AMER,CP0487,SWAP,TDR0055,BOOK_A,2025-06-03
TXN0005194874,APP009,2025-01-16,failed,651879.37,CHF,EMEA,CP0260,EQUITY,TDR0158,BOOK_C,2025-11-04
TXN0008423559,APP017,2025-11-03,failed,551824.43,EUR,APAC,CP0382,FUTURE,TDR0066,BOOK_B,2025-01-10
TXN0000022654,APP017,2025-08-23,failed,391430.27,GBP,APAC,CP0445,SWAP,TDR0077,BOOK_B,2025-08-21
TXN0002879490,APP008,2025-06-16,reversed,686330.24,CHF,EMEA,CP0169,OPTION,TDR0167,BOOK_B,2026-01-08
TXN0002238690,APP013,2026-01-15,reversed,792642.5,CHF,LATAM,CP0127,EQUITY,TDR0116,BOOK_A,2025-09-21
TXN0007778010,APP003,2025-03-06,settled,71608.58,CHF,AMER,CP0071,FUTURE,TDR0006,BOOK_A,2025-06-06
TXN0001459238,APP020,2025-10-01,reversed,43150.83,GBP,EMEA,CP0304,EQUITY,TDR0126,BOOK_C,2025-09-15
TXN0001333274,APP015,2025-03-31,active,416885.58,USD,APAC,CP0061,EQUITY,TDR0200,BOOK_A,2025-04-07
TXN0004665921,APP013,2025-07-02,settled,25193.0,USD,AMER,CP0188,FUTURE,TDR0068,BOOK_D,2025-02-17
TXN0002874208,APP016,2025-12-29,active,901291.8,EUR,EMEA,CP0002,FX,TDR0039,BOOK_D,2025-06-12
TXN0007204605,APP001,2025-02-18,settled,644828.31,AUD,AMER,CP0169,SWAP,TDR0033,BOOK_B,2026-02-18
TXN0005405593,APP019,2025-07-13,settled,46101.02,EUR,EMEA,CP0039,OPTION,TDR0005,BOOK_B,2025-02-06
TXN0008340417,APP011,2025-06-27,pending,487798.35,GBP,LATAM,CP0132,FX,TDR0104,BOOK_C,2025-12-13
TXN0007305349,APP019,2025-09-05,reversed,507940.49,GBP,AMER,CP0265,BOND,TDR0022,BOOK_A,2025-10-26
TXN0009823515,APP015,2025-08-18,failed,247527.45,GBP,AMER,CP0362,FUTURE,TDR0159,BOOK_A,2025-07-16
TXN0004027691,APP002,2025-04-16,reversed,209000.61,EUR,LATAM,CP0363,BOND,TDR0118,BOOK_D,2025-10-23
TXN0007449191,APP009,2025-05-27,failed,450135.55,EUR,EMEA,CP0480,EQUITY,TDR0039,BOOK_A,2025-06-07
TXN0006043042,APP016,2025-07-28,reversed,221746.69,EUR,LATAM,CP0368,FX,TDR0064,BOOK_A,2025-02-05
TXN0000607782,APP006,2025-07-16,active,699893.43,EUR,APAC,CP0384,EQUITY,TDR0187,BOOK_A,2025-03-12
TXN0007126153,APP010,2025-11-10,pending,614576.29,GBP,AMER,CP0246,FUTURE,TDR0065,BOOK_A,2025-08-26
TXN0007805027,APP007,2025-01-21,active,255909.88,EUR,APAC,CP0131,FUTURE,TDR0169,BOOK_A,2025-09-29
TXN0008568450,APP015,2026-03-28,pending,272176.17,EUR,AMER,CP0379,FUTURE,TDR0199,BOOK_C,2025-06-18
TXN0000176154,APP016,2026-04-10,pending,375656.4,AUD,EMEA,CP0453,FUTURE,TDR0065,BOOK_C,2025-03-28
TXN0001889920,APP020,2025-06-17,failed,7626.82,CHF,APAC,CP0340,OPTION,TDR0184,BOOK_B,2025-02-07
TXN0004364201,APP002,2025-09-27,reversed,203382.31,GBP,APAC,CP0263,FUTURE,TDR0163,BOOK_B,2025-05-09
TXN0006227626,APP003,2025-07-03,reversed,92280.97,AUD,APAC,CP0242,BOND,TDR0184,BOOK_A,2026-04-02
TXN0009028305,APP010,2025-06-05,reversed,38130.41,EUR,AMER,CP0236,SWAP,TDR0148,BOOK_B,2025-12-15
TXN0004257633,APP005,2025-06-18,failed,819616.03,USD,AMER,CP0403,FUTURE,TDR0044,BOOK_D,2025-06-20
TXN0007356954,APP003,2025-02-04,active,499808.28,EUR,LATAM,CP0285,SWAP,TDR0107,BOOK_C,2025-06-14
TXN0005406300,APP003,2025-06-08,settled,621196.77,CHF,APAC,CP0018,FX,TDR0138,BOOK_B,2025-02-07
TXN0002859785,APP019,2026-02-23,active,916190.35,CHF,AMER,CP0393,FUTURE,TDR0193,BOOK_A,2025-10-25
TXN0004030835,APP013,2025-01-16,active,215874.63,AUD,APAC,CP0292,OPTION,TDR0139,BOOK_B,2025-09-26
TXN0000410260,APP008,2025-05-08,pending,164435.39,GBP,AMER,CP0428,FUTURE,TDR0098,BOOK_D,2025-11-03
TXN0009901646,APP002,2025-01-24,failed,152274.14,JPY,AMER,CP0076,OPTION,TDR0038,BOOK_A,2025-12-13
TXN0002951223,APP020,2026-04-08,pending,18449.68,EUR,LATAM,CP0143,SWAP,TDR0105,BOOK_C,2026-02-02
TXN0005948007,APP010,2025-05-10,failed,913875.53,AUD,APAC,CP0145,EQUITY,TDR0090,BOOK_B,2025-04-09
TXN0006925423,APP005,2025-07-26,pending,411066.38,GBP,APAC,CP0261,EQUITY,TDR0072,BOOK_A,2026-03-04
TXN0000181300,APP020,2025-09-23,pending,549786.52,AUD,LATAM,CP0012,BOND,TDR0085,BOOK_C,2026-01-26
TXN0005722938,APP020,2025-03-30,reversed,126137.24,CHF,APAC,CP0458,FX,TDR0044,BOOK_C,2025-01-23
TXN0002755608,APP017,2025-09-03,pending,110510.8,USD,EMEA,CP0069,EQUITY,TDR0090,BOOK_D,2025-02-25
TXN0002394548,APP019,2025-05-29,active,785751.77,CHF,LATAM,CP0044,FUTURE,TDR0050,BOOK_D,2026-02-08
TXN0007058040,APP016,2026-02-19,failed,946686.06,CHF,LATAM,CP0432,OPTION,TDR0097,BOOK_B,2026-01-11
TXN0003352681,APP003,2025-06-02,reversed,406683.29,GBP,AMER,CP0291,FX,TDR0161,BOOK_B,2025-07-10
TXN0001174276,APP013,2026-03-30,reversed,297506.98,AUD,AMER,CP0075,FX,TDR0056,BOOK_C,2025-05-14
TXN0004965795,APP001,2025-06-19,reversed,325121.26,GBP,APAC,CP0079,FUTURE,TDR0019,BOOK_B,2025-03-19
TXN0009657880,APP011,2026-02-02,active,746165.47,EUR,EMEA,CP0396,SWAP,TDR0199,BOOK_A,2025-12-17
TXN0002259044,APP015,2026-01-28,pending,664806.78,CHF,EMEA,CP0386,OPTION,TDR0139,BOOK_A,2025-01-02
TXN0002997270,APP003,2025-03-31,settled,436206.32,USD,APAC,CP0136,SWAP,TDR0042,BOOK_D,2025-10-13
TXN0007620858,APP002,2025-09-11,failed,327010.2,JPY,EMEA,CP0331,BOND,TDR0135,BOOK_D,2025-12-31
TXN0001729916,APP001,2025-08-27,reversed,562246.37,CHF,AMER,CP0319,FUTURE,TDR0103,BOOK_D,2025-08-12
TXN0004747359,APP012,2025-04-14,reversed,142247.21,USD,EMEA,CP0005,FUTURE,TDR0078,BOOK_C,2025-12-12
TXN0005406476,APP003,2025-09-24,pending,427817.63,USD,AMER,CP0363,EQUITY,TDR0023,BOOK_C,2025-10-22
TXN0008200828,APP004,2025-09-22,failed,448019.18,AUD,EMEA,CP0120,FUTURE,TDR0176,BOOK_A,2025-06-18
TXN0001668223,APP006,2025-07-10,reversed,2025.77,AUD,APAC,CP0026,BOND,TDR0110,BOOK_A,2025-11-05
TXN0003305992,APP001,2025-08-05,settled,994561.71,AUD,LATAM,CP0376,BOND,TDR0112,BOOK_D,2026-03-25
TXN0001744976,APP002,2025-10-31,reversed,117830.95,AUD,AMER,CP0444,BOND,TDR0109,BOOK_D,2025-08-27
TXN0003977554,APP014,2026-03-06,reversed,693795.69,CHF,AMER,CP0085,SWAP,TDR0141,BOOK_B,2025-08-30
TXN0000453329,APP002,2025-08-30,active,84367.08,USD,LATAM,CP0187,SWAP,TDR0132,BOOK_A,2025-01-16
TXN0001889491,APP008,2025-12-27,settled,552166.33,EUR,EMEA,CP0400,EQUITY,TDR0176,BOOK_B,2026-04-10
TXN0000834656,APP008,2026-02-23,pending,740809.27,AUD,LATAM,CP0015,FUTURE,TDR0142,BOOK_B,2026-04-11
TXN0000408830,APP003,2025-06-01,active,93777.92,CHF,EMEA,CP0440,BOND,TDR0164,BOOK_D,2025-01-06
TXN0009487780,APP002,2025-05-21,settled,199928.26,JPY,AMER,CP0287,FUTURE,TDR0019,BOOK_A,2025-02-09
TXN0005952278,APP008,2025-06-20,active,443953.6,AUD,AMER,CP0339,BOND,TDR0053,BOOK_C,2025-08-24
TXN0007995469,APP003,2025-01-01,failed,690900.15,CHF,EMEA,CP0165,FX,TDR0092,BOOK_C,2026-01-16
TXN0000088044,APP012,2025-04-20,active,730562.43,CHF,LATAM,CP0134,BOND,TDR0026,BOOK_C,2025-03-23
TXN0005396606,APP016,2025-04-24,failed,644051.28,JPY,APAC,CP0344,FUTURE,TDR0199,BOOK_D,2025-05-07
TXN0001020100,APP010,2025-09-03,settled,576122.13,GBP,AMER,CP0409,EQUITY,TDR0054,BOOK_B,2025-06-26
TXN0008527874,APP013,2025-12-11,settled,198566.92,JPY,EMEA,CP0355,SWAP,TDR0052,BOOK_D,2025-02-18
TXN0009633074,APP013,2025-05-27,pending,165607.78,JPY,LATAM,CP0424,FX,TDR0119,BOOK_A,2025-01-04
TXN0000766216,APP004,2026-03-08,pending,632819.03,CHF,APAC,CP0158,OPTION,TDR0005,BOOK_D,2025-08-02
TXN0000658924,APP006,2025-08-03,settled,864927.55,GBP,EMEA,CP0307,OPTION,TDR0019,BOOK_C,2026-03-18
TXN0000727707,APP017,2026-01-28,reversed,981578.23,EUR,EMEA,CP0037,SWAP,TDR0061,BOOK_C,2025-12-07
TXN0006254964,APP002,2025-04-20,settled,277086.82,GBP,LATAM,CP0358,BOND,TDR0142,BOOK_C,2025-01-12
TXN0009431963,APP003,2025-11-16,reversed,212585.67,CHF,EMEA,CP0284,FX,TDR0086,BOOK_A,2026-01-28
TXN0004377599,APP006,2025-08-10,pending,55120.21,USD,LATAM,CP0347,FX,TDR0121,BOOK_D,2025-09-07
TXN0002465852,APP017,2025-01-31,pending,153573.48,CHF,APAC,CP0423,BOND,TDR0085,BOOK_D,2025-10-08
TXN0007258106,APP020,2025-10-16,active,593369.9,AUD,APAC,CP0467,SWAP,TDR0013,BOOK_B,2025-10-24
TXN0003944250,APP013,2025-05-28,pending,76473.82,GBP,EMEA,CP0061,OPTION,TDR0020,BOOK_C,2025-12-22
TXN0005727780,APP003,2025-09-02,reversed,24909.71,JPY,APAC,CP0279,SWAP,TDR0077,BOOK_A,2025-07-15
TXN0007738573,APP007,2025-09-04,active,678269.8,GBP,APAC,CP0359,FX,TDR0161,BOOK_C,2025-09-28
TXN0002719817,APP010,2026-01-08,failed,75116.51,EUR,APAC,CP0154,FUTURE,TDR0007,BOOK_B,2025-10-20
TXN0007229035,APP013,2025-03-19,settled,791582.99,GBP,AMER,CP0317,FX,TDR0105,BOOK_D,2025-11-29
TXN0000373808,APP017,2025-02-04,active,662581.09,CHF,LATAM,CP0478,OPTION,TDR0166,BOOK_D,2025-03-23
TXN0001282080,APP006,2025-12-24,reversed,386516.96,JPY,APAC,CP0034,EQUITY,TDR0193,BOOK_B,2025-07-14
TXN0002679493,APP010,2025-07-10,pending,268667.21,JPY,AMER,CP0251,SWAP,TDR0048,BOOK_D,2025-10-26
TXN0008404491,APP001,2025-02-06,pending,921545.61,USD,LATAM,CP0488,OPTION,TDR0168,BOOK_C,2025-01-27
TXN0005011693,APP003,2025-07-13,failed,575827.58,CHF,LATAM,CP0157,OPTION,TDR0010,BOOK_A,2025-01-15
TXN0001577989,APP007,2026-03-29,pending,150872.43,AUD,EMEA,CP0077,BOND,TDR0151,BOOK_C,2025-03-04
TXN0007918116,APP016,2025-11-07,failed,196936.11,EUR,LATAM,CP0260,FUTURE,TDR0174,BOOK_A,2025-02-24
TXN0005291690,APP020,2025-10-25,pending,268416.81,GBP,EMEA,CP0248,SWAP,TDR0153,BOOK_D,2025-09-20
TXN0009168175,APP005,2025-07-12,reversed,371726.82,EUR,APAC,CP0325,OPTION,TDR0188,BOOK_A,2025-04-26
TXN0000852156,APP011,2025-05-06,pending,8464.21,CHF,LATAM,CP0099,FUTURE,TDR0107,BOOK_B,2026-01-11
TXN0002795305,APP007,2025-04-09,active,726974.33,JPY,APAC,CP0458,OPTION,TDR0006,BOOK_B,2025-02-17
TXN0009034131,APP020,2026-01-17,active,783566.34,GBP,APAC,CP0070,OPTION,TDR0126,BOOK_D,2025-04-23
TXN0002616164,APP018,2025-07-02,active,661351.46,AUD,APAC,CP0364,EQUITY,TDR0059,BOOK_D,2025-06-11
TXN0007423033,APP017,2026-04-08,pending,395778.39,USD,APAC,CP0372,SWAP,TDR0134,BOOK_C,2026-04-13
TXN0004523789,APP015,2025-02-12,reversed,177256.61,USD,LATAM,CP0198,EQUITY,TDR0047,BOOK_A,2025-12-06
TXN0006438276,APP017,2025-01-14,reversed,188122.18,EUR,EMEA,CP0186,FX,TDR0005,BOOK_B,2025-02-13
TXN0004253691,APP006,2025-02-27,pending,495119.34,AUD,EMEA,CP0499,OPTION,TDR0110,BOOK_A,2025-07-03
TXN0007750654,APP006,2025-01-02,settled,846615.51,USD,AMER,CP0141,OPTION,TDR0060,BOOK_A,2025-01-07
TXN0007840256,APP008,2025-04-20,settled,541636.93,CHF,EMEA,CP0113,BOND,TDR0060,BOOK_B,2025-03-04
TXN0001884673,APP010,2025-12-02,reversed,476102.32,AUD,APAC,CP0068,OPTION,TDR0161,BOOK_A,2026-01-25
TXN0009522790,APP002,2026-03-26,reversed,197901.82,GBP,EMEA,CP0107,FUTURE,TDR0196,BOOK_D,2026-02-04
TXN0002226499,APP011,2026-01-28,settled,553008.07,JPY,EMEA,CP0384,SWAP,TDR0071,BOOK_B,2025-11-08
TXN0008691927,APP019,2025-01-29,pending,826677.63,CHF,AMER,CP0272,EQUITY,TDR0197,BOOK_C,2026-02-14
TXN0003065812,APP011,2025-05-08,pending,735065.84,JPY,AMER,CP0241,OPTION,TDR0078,BOOK_A,2025-09-09
TXN0005933124,APP013,2026-02-18,failed,660418.07,GBP,EMEA,CP0053,FX,TDR0122,BOOK_D,2025-11-22
TXN0000443128,APP007,2025-08-15,failed,914341.09,CHF,LATAM,CP0332,FX,TDR0185,BOOK_B,2025-02-23
TXN0002680539,APP014,2025-01-05,active,877961.18,GBP,APAC,CP0452,BOND,TDR0011,BOOK_C,2026-03-30
TXN0001738398,APP005,2025-04-08,settled,968549.88,CHF,APAC,CP0383,OPTION,TDR0168,BOOK_D,2025-04-10
TXN0006992402,APP008,2025-10-05,settled,425941.74,CHF,APAC,CP0333,SWAP,TDR0042,BOOK_A,2025-12-16
TXN0003638830,APP008,2025-02-21,pending,522704.71,GBP,AMER,CP0208,OPTION,TDR0017,BOOK_A,2025-03-09
TXN0009899706,APP012,2025-12-27,pending,579098.58,GBP,AMER,CP0035,EQUITY,TDR0190,BOOK_C,2026-01-18
TXN0002836762,APP001,2026-03-30,pending,710127.6,USD,APAC,CP0087,BOND,TDR0037,BOOK_B,2025-11-29
TXN0004686450,APP006,2025-06-07,settled,667278.17,GBP,APAC,CP0013,BOND,TDR0123,BOOK_B,2025-01-20
TXN0002189069,APP007,2026-04-01,reversed,945546.9,JPY,APAC,CP0404,EQUITY,TDR0057,BOOK_A,2025-07-01
TXN0000081039,APP007,2025-07-04,settled,565715.29,USD,APAC,CP0251,FX,TDR0016,BOOK_A,2025-10-05
TXN0007362017,APP019,2025-07-06,pending,556287.63,CHF,AMER,CP0386,OPTION,TDR0078,BOOK_B,2025-04-14
TXN0006190272,APP013,2025-11-11,active,673730.03,JPY,EMEA,CP0234,OPTION,TDR0046,BOOK_A,2026-03-12
TXN0009110222,APP004,2025-06-25,settled,420658.01,AUD,AMER,CP0087,EQUITY,TDR0193,BOOK_D,2025-03-06
TXN0008609339,APP018,2025-10-12,active,696526.57,CHF,APAC,CP0327,FUTURE,TDR0099,BOOK_B,2025-04-02
TXN0007316939,APP002,2026-03-02,failed,934045.57,CHF,LATAM,CP0092,FUTURE,TDR0047,BOOK_B,2025-10-09
TXN0003872216,APP005,2025-10-10,reversed,330065.22,AUD,LATAM,CP0368,EQUITY,TDR0182,BOOK_A,2025-09-10
TXN0004510619,APP010,2025-07-12,pending,539617.37,CHF,APAC,CP0473,FUTURE,TDR0057,BOOK_B,2025-08-17
TXN0005542533,APP013,2026-03-19,pending,690892.47,CHF,EMEA,CP0278,BOND,TDR0189,BOOK_A,2026-01-16
TXN0005180687,APP005,2026-02-18,reversed,952703.13,CHF,EMEA,CP0346,OPTION,TDR0015,BOOK_A,2026-02-13
TXN0004440882,APP008,2025-09-26,settled,38705.28,GBP,AMER,CP0319,EQUITY,TDR0192,BOOK_D,2026-01-26
TXN0000832268,APP016,2025-10-11,active,852680.3,CHF,APAC,CP0304,OPTION,TDR0032,BOOK_C,2026-02-25
TXN0008001374,APP006,2025-01-09,pending,370080.85,AUD,AMER,CP0311,BOND,TDR0114,BOOK_B,2025-06-13
TXN0004679697,APP006,2025-07-26,pending,6389.93,JPY,APAC,CP0496,OPTION,TDR0072,BOOK_D,2026-03-19
TXN0005481818,APP012,2026-04-03,settled,765027.46,AUD,EMEA,CP0297,FX,TDR0198,BOOK_A,2025-10-21
TXN0005065039,APP004,2025-12-09,settled,416592.84,CHF,EMEA,CP0413,FX,TDR0073,BOOK_D,2025-04-18
TXN0007229077,APP006,2025-11-10,failed,744706.7,GBP,EMEA,CP0392,BOND,TDR0191,BOOK_B,2025-03-16
TXN0001514065,APP017,2025-08-29,pending,372373.94,AUD,LATAM,CP0432,EQUITY,TDR0086,BOOK_A,2026-03-12
TXN0005854372,APP004,2025-06-13,settled,867441.75,AUD,LATAM,CP0247,BOND,TDR0050,BOOK_C,2025-06-15
TXN0003140187,APP020,2025-05-10,active,62240.98,GBP,AMER,CP0383,FX,TDR0139,BOOK_D,2026-01-08
TXN0008682594,APP012,2025-12-22,reversed,833679.99,AUD,EMEA,CP0190,OPTION,TDR0002,BOOK_D,2025-09-20
TXN0001485808,APP017,2025-03-16,pending,732737.09,EUR,AMER,CP0127,EQUITY,TDR0148,BOOK_C,2025-08-23
TXN0008296293,APP017,2026-03-07,settled,464881.39,JPY,LATAM,CP0087,FUTURE,TDR0048,BOOK_C,2026-01-10
TXN0003782219,APP008,2025-02-07,reversed,816343.13,EUR,APAC,CP0369,SWAP,TDR0004,BOOK_B,2026-04-07
TXN0007208833,APP001,2025-08-11,active,292672.93,CHF,APAC,CP0307,EQUITY,TDR0029,BOOK_A,2026-02-17
TXN0009251759,APP011,2025-08-02,failed,537264.26,JPY,EMEA,CP0463,FX,TDR0135,BOOK_B,2026-01-05
TXN0006467270,APP005,2025-08-22,pending,720462.1,EUR,AMER,CP0474,SWAP,TDR0066,BOOK_A,2026-02-18
TXN0001985366,APP006,2025-08-02,settled,66200.22,JPY,APAC,CP0479,EQUITY,TDR0014,BOOK_A,2025-02-24
TXN0004651488,APP016,2025-10-16,reversed,231244.58,JPY,LATAM,CP0338,FUTURE,TDR0089,BOOK_B,2025-10-23
TXN0008053375,APP010,2025-10-20,settled,607985.02,JPY,AMER,CP0044,FUTURE,TDR0101,BOOK_A,2025-09-28
TXN0002497359,APP001,2025-03-02,active,120077.32,EUR,EMEA,CP0181,FX,TDR0123,BOOK_C,2025-09-21
TXN0001415342,APP016,2025-10-05,failed,663406.77,USD,APAC,CP0250,FUTURE,TDR0164,BOOK_A,2025-03-21
TXN0003964942,APP017,2025-12-11,reversed,45902.03,EUR,EMEA,CP0271,EQUITY,TDR0063,BOOK_B,2025-05-08
TXN0003546933,APP018,2025-06-11,reversed,434026.2,EUR,AMER,CP0391,OPTION,TDR0151,BOOK_C,2026-04-01
TXN0003558240,APP006,2025-01-03,active,337243.23,EUR,LATAM,CP0468,EQUITY,TDR0042,BOOK_A,2025-07-09
TXN0006371842,APP007,2025-12-05,reversed,17972.66,EUR,APAC,CP0234,OPTION,TDR0107,BOOK_D,2025-07-09
TXN0007211041,APP012,2025-07-25,settled,480908.22,AUD,LATAM,CP0461,FX,TDR0055,BOOK_D,2026-01-22
TXN0001987897,APP009,2026-02-09,active,755834.52,EUR,EMEA,CP0247,SWAP,TDR0169,BOOK_D,2025-07-26
TXN0007567341,APP006,2025-06-07,failed,431111.45,USD,APAC,CP0027,EQUITY,TDR0060,BOOK_A,2025-05-09
TXN0001848237,APP009,2026-01-15,failed,522311.95,JPY,APAC,CP0387,FUTURE,TDR0032,BOOK_C,2025-09-22
TXN0008133260,APP003,2026-03-14,pending,510077.29,CHF,AMER,CP0162,SWAP,TDR0181,BOOK_B,2026-02-18
TXN0000487520,APP018,2025-03-03,pending,920091.16,GBP,LATAM,CP0111,EQUITY,TDR0163,BOOK_A,2025-01-30
TXN0006545601,APP003,2025-10-25,pending,596008.25,EUR,LATAM,CP0280,OPTION,TDR0129,BOOK_D,2025-03-03
TXN0006855598,APP020,2026-04-11,active,241251.3,GBP,EMEA,CP0398,EQUITY,TDR0092,BOOK_A,2025-08-25
TXN0008764316,APP014,2025-08-28,active,333080.71,USD,AMER,CP0096,OPTION,TDR0076,BOOK_D,2025-02-24
TXN0007034816,APP016,2025-03-03,failed,814014.17,USD,AMER,CP0037,BOND,TDR0170,BOOK_D,2025-09-27
TXN0003519880,APP003,2025-04-30,reversed,919618.23,JPY,AMER,CP0105,FUTURE,TDR0022,BOOK_B,2025-03-15
TXN0007620807,APP020,2025-08-22,reversed,807661.27,AUD,AMER,CP0470,SWAP,TDR0175,BOOK_C,2025-10-29
TXN0000174829,APP015,2026-03-10,settled,437769.93,AUD,AMER,CP0444,OPTION,TDR0178,BOOK_D,2026-02-21
TXN0000315635,APP005,2025-10-02,reversed,378804.39,USD,EMEA,CP0060,OPTION,TDR0141,BOOK_C,2025-08-29
TXN0009234363,APP011,2025-12-01,failed,916425.45,AUD,LATAM,CP0465,SWAP,TDR0070,BOOK_D,2025-06-12
TXN0008362470,APP006,2025-08-22,settled,824982.46,AUD,EMEA,CP0036,OPTION,TDR0052,BOOK_A,2025-09-29
TXN0002165945,APP008,2025-05-07,failed,920038.49,AUD,APAC,CP0437,FUTURE,TDR0019,BOOK_D,2025-12-22
TXN0005314979,APP020,2025-12-22,active,694941.0,GBP,EMEA,CP0455,SWAP,TDR0116,BOOK_C,2025-08-17
TXN0001637899,APP017,2025-12-13,settled,192286.1,JPY,EMEA,CP0355,SWAP,TDR0110,BOOK_B,2025-03-07
TXN0003055129,APP014,2026-02-08,pending,276917.85,EUR,AMER,CP0225,FX,TDR0058,BOOK_C,2026-02-23
TXN0004613542,APP016,2025-11-15,settled,780188.31,AUD,LATAM,CP0056,OPTION,TDR0003,BOOK_C,2025-05-04
TXN0008666479,APP004,2025-12-22,pending,629077.54,AUD,AMER,CP0364,BOND,TDR0138,BOOK_A,2026-04-09
TXN0002616460,APP012,2025-01-31,settled,618292.98,JPY,EMEA,CP0459,EQUITY,TDR0111,BOOK_D,2025-09-11
TXN0007164704,APP012,2025-02-02,pending,212565.84,AUD,APAC,CP0116,FX,TDR0079,BOOK_A,2025-04-13
TXN0000283099,APP019,2025-11-01,active,873905.29,CHF,AMER,CP0254,FX,TDR0020,BOOK_B,2025-12-20
TXN0002087365,APP013,2026-01-22,settled,301301.49,EUR,AMER,CP0496,EQUITY,TDR0016,BOOK_B,2025-05-31
TXN0005030305,APP006,2025-01-16,failed,419544.85,GBP,APAC,CP0324,SWAP,TDR0154,BOOK_C,2025-06-18
TXN0001024775,APP002,2025-03-29,failed,781901.69,JPY,APAC,CP0371,SWAP,TDR0089,BOOK_D,2025-06-11
TXN0005007244,APP007,2025-12-30,reversed,490553.73,CHF,EMEA,CP0153,SWAP,TDR0134,BOOK_C,2025-02-11
TXN0000990479,APP002,2025-09-14,failed,991477.29,USD,APAC,CP0186,BOND,TDR0088,BOOK_B,2025-07-15
TXN0008505240,APP006,2025-03-11,active,588287.68,EUR,EMEA,CP0238,FX,TDR0198,BOOK_B,2025-12-27
TXN0003275011,APP018,2025-05-24,failed,311782.59,USD,APAC,CP0041,FUTURE,TDR0066,BOOK_D,2025-07-22
TXN0001107983,APP004,2025-05-19,active,608572.37,AUD,AMER,CP0289,FX,TDR0145,BOOK_D,2025-05-08
TXN0002270207,APP006,2025-05-28,failed,749823.31,JPY,LATAM,CP0328,OPTION,TDR0111,BOOK_C,2025-01-26
TXN0005066077,APP011,2025-08-10,settled,14602.71,GBP,LATAM,CP0340,BOND,TDR0161,BOOK_D,2026-03-04
TXN0005450201,APP006,2025-12-05,pending,85531.76,AUD,APAC,CP0142,FX,TDR0050,BOOK_A,2025-10-29
TXN0000311461,APP005,2025-10-01,reversed,197219.8,CHF,AMER,CP0292,BOND,TDR0150,BOOK_B,2025-08-13
TXN0006727617,APP019,2025-02-27,settled,155412.4,CHF,EMEA,CP0162,EQUITY,TDR0018,BOOK_B,2025-05-07
TXN0007392882,APP017,2025-03-15,pending,673431.34,AUD,LATAM,CP0307,SWAP,TDR0176,BOOK_C,2025-03-04
TXN0000312217,APP013,2026-02-07,pending,129732.98,EUR,EMEA,CP0044,FUTURE,TDR0179,BOOK_B,2026-01-27
TXN0008458344,APP017,2025-04-13,reversed,887908.47,JPY,AMER,CP0433,FUTURE,TDR0098,BOOK_B,2026-04-06
TXN0009813897,APP014,2025-07-29,pending,770290.76,GBP,AMER,CP0492,FX,TDR0177,BOOK_A,2025-08-31
TXN0008325622,APP018,2025-10-24,failed,117556.49,EUR,EMEA,CP0123,FX,TDR0194,BOOK_C,2025-03-06
TXN0004590820,APP002,2026-04-12,failed,398791.62,CHF,APAC,CP0456,FUTURE,TDR0182,BOOK_B,2025-06-24
TXN0006101071,APP016,2026-01-24,active,580247.85,AUD,EMEA,CP0174,EQUITY,TDR0117,BOOK_C,2025-10-28
TXN0002761039,APP014,2026-02-05,reversed,827294.49,CHF,AMER,CP0280,OPTION,TDR0166,BOOK_B,2025-05-13
TXN0004550827,APP007,2025-06-05,reversed,752359.55,AUD,APAC,CP0268,EQUITY,TDR0121,BOOK_A,2025-07-20
TXN0007318716,APP003,2025-04-24,pending,552014.01,GBP,AMER,CP0286,FUTURE,TDR0112,BOOK_C,2026-02-08
TXN0003066405,APP015,2025-07-06,active,693987.72,CHF,AMER,CP0352,BOND,TDR0043,BOOK_C,2025-07-22
TXN0002394729,APP019,2025-05-16,settled,130246.82,GBP,LATAM,CP0323,FUTURE,TDR0091,BOOK_C,2025-10-07
TXN0001502041,APP015,2025-06-17,reversed,217238.59,AUD,APAC,CP0179,OPTION,TDR0072,BOOK_B,2025-06-22
TXN0000600603,APP010,2025-04-20,active,886501.7,USD,APAC,CP0495,EQUITY,TDR0117,BOOK_B,2025-11-29
TXN0009558701,APP012,2025-05-12,active,280504.89,JPY,EMEA,CP0419,BOND,TDR0086,BOOK_B,2025-05-22
TXN0008656141,APP016,2025-09-23,failed,250818.38,EUR,APAC,CP0074,FX,TDR0142,BOOK_B,2026-01-13
TXN0003896339,APP002,2025-04-26,settled,765932.11,CHF,LATAM,CP0065,SWAP,TDR0046,BOOK_D,2025-09-08
TXN0003820658,APP004,2026-01-09,active,106196.61,USD,APAC,CP0170,FX,TDR0162,BOOK_C,2025-08-31
TXN0002892875,APP016,2025-10-11,settled,418371.75,USD,AMER,CP0344,FX,TDR0173,BOOK_B,2025-05-10
TXN0009919029,APP017,2025-05-29,reversed,807607.0,CHF,APAC,CP0350,FX,TDR0191,BOOK_B,2025-07-06
TXN0004288308,APP013,2025-08-12,settled,232979.22,JPY,EMEA,CP0251,FX,TDR0135,BOOK_D,2026-01-17
TXN0006896272,APP017,2025-02-28,pending,499538.9,AUD,AMER,CP0211,EQUITY,TDR0051,BOOK_C,2025-02-11
TXN0004766283,APP012,2025-06-16,failed,733292.64,CHF,APAC,CP0186,BOND,TDR0080,BOOK_D,2025-01-23
TXN0006052700,APP015,2025-05-06,active,892988.53,JPY,LATAM,CP0424,FUTURE,TDR0061,BOOK_A,2025-10-18
TXN0004142266,APP011,2025-07-02,active,916099.8,GBP,EMEA,CP0425,SWAP,TDR0085,BOOK_A,2025-08-12
TXN0001946499,APP020,2025-09-09,settled,60770.96,JPY,APAC,CP0246,FX,TDR0054,BOOK_B,2025-07-12
TXN0007423111,APP008,2025-03-18,failed,350041.69,AUD,AMER,CP0296,EQUITY,TDR0036,BOOK_B,2025-01-12
TXN0009176148,APP019,2025-04-09,failed,61738.54,AUD,AMER,CP0103,OPTION,TDR0102,BOOK_C,2025-04-21
TXN0007336430,APP017,2025-03-10,pending,54043.38,USD,AMER,CP0128,EQUITY,TDR0136,BOOK_B,2025-04-10
TXN0005702954,APP017,2025-06-10,active,408768.88,GBP,APAC,CP0415,EQUITY,TDR0093,BOOK_C,2025-10-03
TXN0007292803,APP014,2026-04-14,reversed,825083.19,GBP,LATAM,CP0373,BOND,TDR0141,BOOK_A,2026-03-04
TXN0000555970,APP020,2025-06-22,failed,522194.1,EUR,AMER,CP0480,EQUITY,TDR0158,BOOK_C,2025-12-11
TXN0007035089,APP003,2025-04-16,active,651854.84,EUR,AMER,CP0289,FUTURE,TDR0137,BOOK_A,2025-11-27
TXN0003081248,APP017,2025-12-11,pending,750021.7,EUR,EMEA,CP0449,FUTURE,TDR0060,BOOK_B,2025-04-30
TXN0001924195,APP013,2025-09-16,settled,578191.83,AUD,AMER,CP0298,EQUITY,TDR0188,BOOK_A,2026-02-15
TXN0007154475,APP019,2025-03-15,settled,241360.2,CHF,APAC,CP0144,OPTION,TDR0182,BOOK_C,2025-03-25
TXN0007215862,APP004,2025-06-17,active,517511.69,CHF,AMER,CP0421,FX,TDR0044,BOOK_C,2025-05-09
TXN0005004815,APP014,2025-03-24,settled,721113.14,JPY,LATAM,CP0229,SWAP,TDR0196,BOOK_A,2025-08-16
TXN0003952661,APP011,2025-10-06,failed,183064.71,CHF,LATAM,CP0268,FUTURE,TDR0192,BOOK_A,2025-12-10
TXN0004453212,APP015,2026-02-23,pending,538534.23,CHF,APAC,CP0199,BOND,TDR0093,BOOK_D,2025-02-20
TXN0003122561,APP006,2026-03-01,failed,568854.98,AUD,LATAM,CP0338,BOND,TDR0100,BOOK_B,2025-07-03
TXN0009554377,APP003,2025-09-03,reversed,1513.76,AUD,AMER,CP0085,FUTURE,TDR0118,BOOK_C,2026-04-06
TXN0008716332,APP013,2025-10-22,pending,775553.49,AUD,AMER,CP0457,OPTION,TDR0029,BOOK_B,2025-10-30
TXN0002300886,APP019,2025-09-11,reversed,364991.09,USD,LATAM,CP0160,SWAP,TDR0168,BOOK_A,2026-01-27
TXN0004024834,APP012,2025-05-02,failed,999048.69,GBP,AMER,CP0116,OPTION,TDR0135,BOOK_B,2025-11-30
TXN0003601446,APP008,2026-01-30,reversed,181227.9,GBP,AMER,CP0473,OPTION,TDR0156,BOOK_A,2026-01-18
TXN0006021562,APP020,2025-12-10,pending,864417.71,JPY,LATAM,CP0277,FUTURE,TDR0113,BOOK_C,2026-01-23
TXN0009908085,APP010,2026-04-10,failed,118166.81,CHF,LATAM,CP0327,SWAP,TDR0163,BOOK_B,2025-09-27
TXN0001951137,APP003,2025-01-15,active,692593.53,AUD,LATAM,CP0475,FUTURE,TDR0027,BOOK_B,2026-04-06
TXN0006803469,APP018,2025-03-08,reversed,74064.77,CHF,APAC,CP0437,BOND,TDR0080,BOOK_B,2026-04-09
TXN0004556000,APP004,2025-04-28,reversed,450111.2,AUD,LATAM,CP0431,FUTURE,TDR0153,BOOK_B,2026-03-29
TXN0005199113,APP013,2025-05-27,settled,52085.02,JPY,LATAM,CP0245,BOND,TDR0089,BOOK_D,2025-07-08
TXN0005567236,APP001,2025-02-19,active,134700.09,EUR,LATAM,CP0218,BOND,TDR0159,BOOK_D,2026-01-16
TXN0001818370,APP015,2025-04-19,failed,639498.81,USD,AMER,CP0488,OPTION,TDR0055,BOOK_B,2026-04-03
TXN0003340218,APP014,2026-02-26,active,178821.1,JPY,APAC,CP0493,BOND,TDR0143,BOOK_A,2026-02-08
TXN0006877370,APP012,2026-01-14,reversed,804171.22,USD,EMEA,CP0136,FUTURE,TDR0060,BOOK_B,2025-11-16
TXN0004449358,APP015,2025-08-16,pending,136500.06,USD,APAC,CP0361,FUTURE,TDR0117,BOOK_B,2025-03-11
TXN0002677334,APP018,2025-12-26,reversed,667580.83,CHF,AMER,CP0076,EQUITY,TDR0171,BOOK_C,2026-03-23
TXN0004861909,APP008,2026-03-27,settled,310347.67,USD,AMER,CP0268,SWAP,TDR0086,BOOK_C,2025-07-08
TXN0006192502,APP018,2026-03-19,pending,167737.2,CHF,LATAM,CP0484,SWAP,TDR0103,BOOK_D,2025-07-16
TXN0003812103,APP006,2025-07-12,failed,287864.74,CHF,APAC,CP0097,SWAP,TDR0005,BOOK_D,2026-02-10
TXN0007810715,APP017,2025-12-24,pending,260188.46,USD,APAC,CP0217,EQUITY,TDR0049,BOOK_D,2025-12-13
TXN0006460927,APP009,2026-01-02,pending,229231.99,EUR,AMER,CP0135,FX,TDR0044,BOOK_D,2026-03-06
TXN0004542395,APP019,2026-03-28,pending,855374.88,CHF,APAC,CP0298,BOND,TDR0105,BOOK_B,2025-02-14
TXN0000843304,APP003,2025-04-16,failed,211937.65,USD,AMER,CP0115,SWAP,TDR0156,BOOK_A,2025-09-27
TXN0007512759,APP008,2025-07-04,active,183331.57,USD,LATAM,CP0390,BOND,TDR0178,BOOK_D,2025-01-20
TXN0006286651,APP011,2025-10-14,settled,419078.21,GBP,EMEA,CP0337,FX,TDR0077,BOOK_D,2025-08-29
TXN0008665786,APP016,2025-02-01,pending,800498.21,CHF,LATAM,CP0372,SWAP,TDR0013,BOOK_A,2026-03-04
TXN0001617014,APP015,2025-10-09,reversed,955614.14,GBP,APAC,CP0425,FX,TDR0128,BOOK_D,2025-07-04
TXN0003965314,APP003,2026-03-29,reversed,316297.61,JPY,LATAM,CP0154,FUTURE,TDR0071,BOOK_B,2025-08-20
TXN0000828019,APP019,2026-04-04,active,800574.68,USD,LATAM,CP0131,OPTION,TDR0002,BOOK_A,2025-11-05
TXN0006570649,APP001,2025-03-01,active,257738.43,USD,EMEA,CP0127,SWAP,TDR0058,BOOK_B,2025-10-16
TXN0000209784,APP001,2026-01-10,failed,208859.96,CHF,EMEA,CP0272,FUTURE,TDR0177,BOOK_A,2025-10-12
TXN0006498012,APP007,2025-11-07,pending,735168.14,AUD,EMEA,CP0208,FUTURE,TDR0151,BOOK_D,2025-10-15
TXN0004502609,APP015,2025-06-10,active,929341.03,EUR,LATAM,CP0443,FUTURE,TDR0004,BOOK_C,2025-04-12
TXN0005158621,APP014,2025-08-07,failed,405408.95,AUD,LATAM,CP0353,FX,TDR0188,BOOK_D,2025-01-14
TXN0001948496,APP011,2025-01-21,active,99759.48,CHF,AMER,CP0500,SWAP,TDR0177,BOOK_B,2025-09-06
TXN0003317115,APP007,2025-08-10,pending,933666.64,JPY,LATAM,CP0336,BOND,TDR0021,BOOK_D,2025-04-16
TXN0004518849,APP020,2025-12-08,settled,14475.48,GBP,APAC,CP0065,SWAP,TDR0146,BOOK_C,2025-03-03
TXN0006921247,APP018,2025-01-21,active,265062.01,EUR,EMEA,CP0402,FX,TDR0030,BOOK_D,2025-12-22
TXN0006907069,APP008,2025-07-04,active,540066.47,JPY,AMER,CP0131,EQUITY,TDR0139,BOOK_B,2025-12-13
TXN0009490835,APP017,2025-04-15,settled,779451.12,JPY,AMER,CP0386,FUTURE,TDR0060,BOOK_A,2025-03-20
TXN0009542304,APP012,2025-07-13,reversed,112443.55,EUR,LATAM,CP0190,EQUITY,TDR0172,BOOK_D,2025-03-17
TXN0000638809,APP019,2025-09-09,settled,837171.19,AUD,APAC,CP0313,BOND,TDR0023,BOOK_D,2025-04-15
TXN0002800609,APP015,2025-11-14,pending,271077.91,AUD,EMEA,CP0109,FX,TDR0041,BOOK_B,2025-08-03
TXN0002078563,APP009,2025-05-19,settled,543969.33,USD,EMEA,CP0366,BOND,TDR0023,BOOK_B,2025-04-26
TXN0003280913,APP012,2025-09-22,pending,571766.11,EUR,EMEA,CP0164,SWAP,TDR0175,BOOK_C,2026-01-12
TXN0000866837,APP006,2025-06-25,active,548186.02,EUR,APAC,CP0357,OPTION,TDR0107,BOOK_A,2025-04-11
TXN0003641090,APP010,2026-03-08,pending,844834.19,GBP,EMEA,CP0340,OPTION,TDR0021,BOOK_A,2025-05-27
TXN0008703247,APP016,2025-03-04,settled,920901.31,USD,LATAM,CP0113,FUTURE,TDR0051,BOOK_B,2025-11-29
TXN0003019333,APP020,2026-01-03,failed,642284.58,JPY,AMER,CP0054,FX,TDR0027,BOOK_A,2025-05-25
TXN0000941929,APP013,2025-12-18,active,285243.95,JPY,APAC,CP0100,EQUITY,TDR0048,BOOK_C,2025-06-03
TXN0003621255,APP016,2025-03-28,reversed,785412.73,CHF,AMER,CP0359,EQUITY,TDR0054,BOOK_D,2025-10-09
TXN0000824660,APP020,2025-01-09,reversed,122288.45,EUR,EMEA,CP0027,FUTURE,TDR0097,BOOK_C,2025-08-12
TXN0009561597,APP001,2025-07-01,failed,669158.26,AUD,LATAM,CP0414,OPTION,TDR0093,BOOK_A,2025-05-24
TXN0009215615,APP007,2025-07-09,pending,854637.77,USD,LATAM,CP0331,OPTION,TDR0058,BOOK_A,2025-12-07
TXN0003900404,APP005,2025-09-26,pending,980608.61,USD,LATAM,CP0136,EQUITY,TDR0030,BOOK_A,2025-08-19
TXN0008085925,APP017,2025-08-07,reversed,930665.73,GBP,APAC,CP0241,OPTION,TDR0160,BOOK_D,2025-10-25
TXN0005857880,APP002,2025-04-01,settled,230564.79,EUR,LATAM,CP0344,OPTION,TDR0193,BOOK_B,2025-05-15
TXN0006654444,APP011,2026-01-07,settled,749009.3,USD,APAC,CP0392,SWAP,TDR0128,BOOK_A,2025-05-02
TXN0000993361,APP002,2025-11-10,reversed,276765.18,CHF,EMEA,CP0073,EQUITY,TDR0018,BOOK_B,2025-04-05
TXN0004154568,APP017,2025-06-15,reversed,52621.25,USD,APAC,CP0409,FUTURE,TDR0128,BOOK_C,2025-04-15
TXN0004949966,APP007,2025-03-01,reversed,229179.94,JPY,AMER,CP0243,BOND,TDR0199,BOOK_B,2025-06-08
TXN0007614366,APP005,2025-04-12,failed,910964.1,EUR,EMEA,CP0004,BOND,TDR0015,BOOK_A,2025-12-14
TXN0000476612,APP020,2025-04-24,active,272109.8,AUD,LATAM,CP0437,SWAP,TDR0125,BOOK_C,2025-07-09
TXN0008681717,APP016,2026-02-21,failed,246576.58,GBP,APAC,CP0039,EQUITY,TDR0034,BOOK_D,2025-07-03
TXN0006821766,APP003,2025-02-28,reversed,366104.34,USD,APAC,CP0211,OPTION,TDR0050,BOOK_A,2025-11-22
TXN0000025930,APP010,2025-12-16,settled,293606.98,AUD,APAC,CP0462,FUTURE,TDR0148,BOOK_D,2026-01-01
TXN0004438927,APP014,2025-10-05,active,629984.16,EUR,EMEA,CP0030,BOND,TDR0099,BOOK_B,2025-06-08
TXN0000255895,APP006,2025-06-01,reversed,306438.41,USD,EMEA,CP0460,BOND,TDR0186,BOOK_C,2025-08-11
TXN0003033120,APP003,2026-01-27,active,826007.47,GBP,LATAM,CP0140,BOND,TDR0162,BOOK_B,2025-01-29
TXN0004600235,APP009,2025-05-25,reversed,657659.14,USD,LATAM,CP0491,OPTION,TDR0173,BOOK_A,2025-12-20
TXN0003041199,APP019,2025-12-28,failed,242440.54,AUD,APAC,CP0022,BOND,TDR0066,BOOK_B,2025-06-10
TXN0002397731,APP008,2025-03-17,settled,739063.99,GBP,LATAM,CP0439,SWAP,TDR0001,BOOK_D,2026-01-23
TXN0009875106,APP017,2026-02-23,active,343766.78,GBP,LATAM,CP0014,SWAP,TDR0055,BOOK_C,2025-10-27
TXN0001518908,APP018,2025-07-08,active,206001.53,AUD,LATAM,CP0081,SWAP,TDR0072,BOOK_B,2025-09-15
TXN0008757971,APP007,2025-02-06,failed,258317.33,GBP,APAC,CP0318,FX,TDR0016,BOOK_B,2025-04-06
TXN0008673719,APP009,2025-04-28,reversed,812445.15,USD,EMEA,CP0122,BOND,TDR0164,BOOK_D,2026-03-22
TXN0005678505,APP002,2025-11-14,settled,79661.41,EUR,EMEA,CP0393,FUTURE,TDR0138,BOOK_C,2026-01-30
TXN0008676091,APP011,2025-05-27,active,202248.35,CHF,AMER,CP0360,EQUITY,TDR0125,BOOK_C,2026-04-13
TXN0008356708,APP020,2025-10-26,reversed,337420.71,GBP,AMER,CP0218,FX,TDR0179,BOOK_D,2025-05-21
TXN0009177271,APP012,2025-09-22,failed,245389.69,USD,APAC,CP0041,SWAP,TDR0014,BOOK_B,2025-06-13
TXN0003606078,APP005,2025-09-20,reversed,589649.12,CHF,EMEA,CP0169,SWAP,TDR0179,BOOK_B,2025-06-05
TXN0001562000,APP010,2026-01-20,reversed,833061.26,AUD,EMEA,CP0400,FX,TDR0156,BOOK_C,2025-04-11
TXN0004397700,APP012,2025-05-03,settled,519529.96,JPY,EMEA,CP0210,EQUITY,TDR0145,BOOK_A,2025-08-25
TXN0004840627,APP016,2025-08-21,settled,680362.06,EUR,EMEA,CP0436,BOND,TDR0081,BOOK_D,2025-07-13
TXN0005568199,APP004,2025-09-07,failed,729063.7,USD,APAC,CP0289,SWAP,TDR0072,BOOK_D,2025-06-25
TXN0009450188,APP018,2025-03-10,failed,519469.35,EUR,LATAM,CP0218,FX,TDR0169,BOOK_B,2025-07-01
TXN0005053459,APP007,2025-11-25,active,194674.91,AUD,APAC,CP0120,BOND,TDR0114,BOOK_B,2025-06-26
TXN0001133059,APP009,2025-12-09,active,85884.69,EUR,AMER,CP0262,EQUITY,TDR0166,BOOK_C,2025-01-08
TXN0009181026,APP004,2025-01-21,reversed,419377.78,USD,LATAM,CP0109,FUTURE,TDR0109,BOOK_B,2026-01-26
TXN0001819459,APP019,2025-12-20,reversed,608896.17,USD,EMEA,CP0300,FUTURE,TDR0131,BOOK_D,2025-09-21
TXN0008569467,APP011,2025-05-16,failed,332760.79,EUR,AMER,CP0406,FUTURE,TDR0189,BOOK_C,2025-05-25
TXN0002527199,APP018,2025-12-13,active,508006.73,GBP,AMER,CP0077,EQUITY,TDR0077,BOOK_D,2026-02-04
TXN0003501284,APP020,2026-02-07,settled,542183.66,GBP,LATAM,CP0185,BOND,TDR0197,BOOK_A,2025-05-24
TXN0000093499,APP007,2026-01-08,settled,132580.54,USD,AMER,CP0339,BOND,TDR0139,BOOK_C,2025-04-26
TXN0007948566,APP006,2025-01-20,pending,901551.24,AUD,LATAM,CP0214,SWAP,TDR0147,BOOK_A,2025-12-01
TXN0009939035,APP018,2025-11-29,settled,489480.65,AUD,APAC,CP0123,BOND,TDR0001,BOOK_D,2025-05-20
TXN0005944958,APP008,2025-05-15,pending,451877.78,CHF,APAC,CP0356,SWAP,TDR0107,BOOK_C,2025-11-10
TXN0001861020,APP009,2026-04-03,failed,238223.72,JPY,AMER,CP0065,BOND,TDR0104,BOOK_A,2025-05-27
TXN0005611907,APP013,2025-05-05,pending,424353.21,AUD,LATAM,CP0016,BOND,TDR0189,BOOK_A,2025-07-06
TXN0000226794,APP013,2025-09-17,active,742502.52,JPY,EMEA,CP0301,FX,TDR0123,BOOK_D,2025-07-12
TXN0001733603,APP004,2025-11-09,settled,964193.77,EUR,LATAM,CP0255,FUTURE,TDR0153,BOOK_A,2025-03-19
TXN0009046215,APP013,2025-04-10,pending,439342.97,USD,LATAM,CP0356,SWAP,TDR0017,BOOK_B,2025-09-14
TXN0007398100,APP011,2025-05-21,settled,744381.79,USD,LATAM,CP0232,OPTION,TDR0193,BOOK_C,2026-02-14
TXN0000421232,APP018,2026-02-18,reversed,303560.38,AUD,EMEA,CP0353,EQUITY,TDR0152,BOOK_B,2026-02-26
TXN0004399457,APP007,2026-02-03,reversed,67509.03,JPY,EMEA,CP0491,OPTION,TDR0087,BOOK_A,2025-08-07
TXN0009946934,APP011,2026-01-31,settled,476859.71,JPY,APAC,CP0498,FX,TDR0091,BOOK_C,2025-03-10
TXN0002226094,APP007,2025-01-26,active,680248.16,EUR,APAC,CP0058,SWAP,TDR0066,BOOK_D,2025-02-07
TXN0008360781,APP018,2026-02-04,failed,188819.23,GBP,LATAM,CP0337,FUTURE,TDR0090,BOOK_C,2026-03-04
TXN0005183279,APP019,2025-03-23,pending,887195.92,EUR,AMER,CP0161,FUTURE,TDR0178,BOOK_D,2025-08-09
TXN0003969590,APP012,2025-12-21,settled,401859.56,CHF,APAC,CP0459,EQUITY,TDR0092,BOOK_A,2025-03-29
TXN0004413072,APP002,2025-10-31,active,820691.9,CHF,APAC,CP0236,SWAP,TDR0134,BOOK_C,2025-12-29
TXN0008955267,APP002,2026-03-22,active,283664.71,EUR,APAC,CP0193,FUTURE,TDR0076,BOOK_C,2025-05-20
TXN0008026893,APP003,2026-01-03,reversed,132373.7,CHF,LATAM,CP0474,OPTION,TDR0001,BOOK_B,2026-01-06
TXN0009282394,APP016,2025-06-26,active,990885.89,CHF,EMEA,CP0045,SWAP,TDR0155,BOOK_D,2025-09-12
TXN0000432578,APP004,2026-01-31,active,935136.3,USD,AMER,CP0431,OPTION,TDR0099,BOOK_C,2025-03-03
TXN0005734689,APP009,2025-07-30,reversed,376268.35,USD,AMER,CP0481,FUTURE,TDR0111,BOOK_B,2025-10-30
TXN0002071430,APP018,2025-07-05,pending,732841.86,USD,EMEA,CP0207,FX,TDR0118,BOOK_D,2026-01-22
TXN0000440852,APP018,2025-06-26,active,183343.16,USD,EMEA,CP0132,BOND,TDR0070,BOOK_D,2025-01-17
TXN0001773634,APP017,2025-10-25,reversed,201985.53,USD,AMER,CP0499,EQUITY,TDR0064,BOOK_A,2025-11-28
TXN0000034901,APP006,2025-08-15,active,359040.03,USD,EMEA,CP0375,OPTION,TDR0143,BOOK_B,2025-07-07
TXN0004313598,APP015,2025-10-03,reversed,828864.51,EUR,APAC,CP0202,SWAP,TDR0008,BOOK_D,2025-07-25
TXN0004931964,APP002,2026-03-18,active,207816.37,USD,APAC,CP0092,FUTURE,TDR0092,BOOK_B,2025-11-17
TXN0007648877,APP002,2025-04-22,settled,426284.81,GBP,AMER,CP0283,EQUITY,TDR0151,BOOK_D,2025-12-30
TXN0009068583,APP011,2026-04-10,reversed,214793.96,GBP,EMEA,CP0425,SWAP,TDR0125,BOOK_C,2026-01-07
TXN0002949226,APP003,2026-01-24,failed,812048.36,EUR,LATAM,CP0137,EQUITY,TDR0154,BOOK_A,2026-02-27
TXN0008199396,APP017,2026-03-26,settled,231103.74,JPY,LATAM,CP0029,SWAP,TDR0181,BOOK_C,2025-09-06
TXN0006990206,APP018,2025-07-14,settled,666752.68,USD,EMEA,CP0303,SWAP,TDR0156,BOOK_D,2025-06-20
TXN0001039826,APP020,2025-05-03,pending,460065.07,CHF,LATAM,CP0129,EQUITY,TDR0023,BOOK_A,2025-05-31
TXN0000076987,APP015,2026-02-25,active,207342.94,EUR,LATAM,CP0157,FX,TDR0180,BOOK_C,2025-03-25
TXN0001760158,APP017,2025-04-10,settled,794710.61,USD,APAC,CP0038,OPTION,TDR0065,BOOK_D,2025-12-14
TXN0008301919,APP003,2026-01-15,active,311900.48,CHF,LATAM,CP0154,BOND,TDR0140,BOOK_A,2025-11-07
TXN0005171959,APP003,2025-11-29,reversed,968094.28,USD,AMER,CP0003,BOND,TDR0183,BOOK_C,2025-07-23
TXN0008984598,APP002,2025-05-11,pending,308969.42,GBP,APAC,CP0407,FUTURE,TDR0034,BOOK_B,2025-12-03
TXN0006477375,APP011,2026-03-09,active,379923.83,AUD,AMER,CP0485,BOND,TDR0054,BOOK_A,2026-02-11
TXN0004341767,APP013,2025-05-19,pending,12472.35,USD,EMEA,CP0183,FX,TDR0017,BOOK_A,2025-10-17
TXN0002369720,APP003,2025-03-19,settled,612015.18,CHF,APAC,CP0187,EQUITY,TDR0157,BOOK_C,2025-08-19
TXN0008138876,APP005,2025-01-27,active,253049.32,USD,EMEA,CP0361,OPTION,TDR0127,BOOK_B,2026-02-12
TXN0000489658,APP001,2025-12-06,pending,524692.62,EUR,AMER,CP0079,FX,TDR0157,BOOK_C,2026-01-10
TXN0003268236,APP013,2026-03-03,active,845884.6,AUD,LATAM,CP0052,SWAP,TDR0144,BOOK_D,2025-06-20
TXN0001454774,APP018,2025-11-17,settled,294578.48,AUD,EMEA,CP0111,FX,TDR0082,BOOK_A,2025-07-01
TXN0001932811,APP019,2025-09-20,pending,227745.28,GBP,AMER,CP0180,SWAP,TDR0164,BOOK_C,2025-11-22
TXN0008808585,APP011,2025-11-19,reversed,746582.77,JPY,AMER,CP0289,SWAP,TDR0066,BOOK_D,2026-03-14
TXN0008240917,APP011,2025-09-15,pending,59662.53,GBP,LATAM,CP0027,FX,TDR0028,BOOK_C,2025-12-27
TXN0005809846,APP006,2025-06-19,failed,943516.38,JPY,EMEA,CP0345,FX,TDR0144,BOOK_A,2025-10-17
TXN0003972984,APP015,2025-01-27,active,879455.88,JPY,EMEA,CP0208,FX,TDR0052,BOOK_C,2025-04-25
TXN0006801688,APP003,2025-08-28,failed,127042.83,EUR,AMER,CP0372,OPTION,TDR0089,BOOK_D,2025-01-23
TXN0000609094,APP016,2025-07-16,settled,746982.5,USD,AMER,CP0169,BOND,TDR0083,BOOK_D,2025-12-28
TXN0000087497,APP002,2026-02-25,failed,120916.43,AUD,EMEA,CP0142,OPTION,TDR0124,BOOK_C,2026-03-05
TXN0004857086,APP004,2026-03-30,active,53304.66,CHF,EMEA,CP0296,FUTURE,TDR0093,BOOK_A,2025-12-18
TXN0002537428,APP004,2025-05-01,failed,482851.94,AUD,LATAM,CP0368,OPTION,TDR0047,BOOK_A,2025-10-19
TXN0001465550,APP002,2025-03-22,pending,360375.57,USD,LATAM,CP0031,EQUITY,TDR0159,BOOK_B,2025-10-22
TXN0002262794,APP013,2026-04-03,failed,562025.08,EUR,APAC,CP0301,BOND,TDR0083,BOOK_D,2025-08-08
TXN0003662102,APP015,2025-11-02,reversed,482326.72,GBP,EMEA,CP0441,FUTURE,TDR0186,BOOK_D,2025-06-16
TXN0006135330,APP011,2026-01-01,active,505669.09,CHF,APAC,CP0133,BOND,TDR0085,BOOK_C,2025-10-17
TXN0003657277,APP014,2025-12-23,settled,93320.09,JPY,APAC,CP0041,OPTION,TDR0084,BOOK_C,2025-02-04
TXN0007954385,APP015,2025-09-21,failed,675853.76,AUD,EMEA,CP0195,FUTURE,TDR0037,BOOK_B,2025-05-16
TXN0008180898,APP014,2025-01-07,failed,636706.88,AUD,EMEA,CP0422,EQUITY,TDR0002,BOOK_B,2025-10-11
TXN0000663544,APP002,2025-05-30,failed,530078.67,USD,APAC,CP0447,FX,TDR0123,BOOK_A,2025-11-10
TXN0003608601,APP001,2025-07-26,failed,486922.44,JPY,LATAM,CP0133,BOND,TDR0028,BOOK_D,2025-10-27
TXN0006360488,APP009,2026-04-06,active,897680.65,USD,LATAM,CP0318,FX,TDR0156,BOOK_A,2026-01-19
TXN0008246152,APP012,2026-03-30,reversed,694597.04,AUD,LATAM,CP0188,BOND,TDR0154,BOOK_D,2025-02-20
TXN0004330699,APP001,2026-03-05,failed,60093.13,EUR,AMER,CP0370,FX,TDR0132,BOOK_D,2025-10-04
TXN0005459309,APP019,2025-07-29,reversed,628668.42,USD,LATAM,CP0438,OPTION,TDR0105,BOOK_D,2026-02-08
TXN0006598876,APP007,2025-06-15,reversed,910114.14,JPY,EMEA,CP0152,SWAP,TDR0184,BOOK_B,2025-06-30
TXN0003608064,APP008,2026-03-13,active,334120.13,JPY,EMEA,CP0100,FUTURE,TDR0087,BOOK_C,2025-01-20
TXN0006144358,APP010,2026-02-18,settled,877509.92,AUD,LATAM,CP0116,EQUITY,TDR0001,BOOK_A,2025-08-12
TXN0002446279,APP019,2025-02-09,reversed,979451.31,CHF,EMEA,CP0057,OPTION,TDR0007,BOOK_A,2025-12-02
TXN0002701231,APP003,2025-09-11,reversed,62929.83,CHF,LATAM,CP0337,EQUITY,TDR0073,BOOK_C,2026-01-10
TXN0000474814,APP007,2026-01-04,reversed,992926.86,JPY,APAC,CP0365,OPTION,TDR0068,BOOK_C,2025-01-11
TXN0009335975,APP017,2025-08-24,active,38551.37,EUR,APAC,CP0336,OPTION,TDR0172,BOOK_D,2026-01-16
TXN0004144221,APP020,2025-05-25,reversed,446625.45,CHF,AMER,CP0213,EQUITY,TDR0026,BOOK_D,2026-04-12
TXN0002424770,APP003,2026-02-07,failed,410755.31,JPY,APAC,CP0162,FUTURE,TDR0039,BOOK_B,2025-04-06
TXN0006211141,APP004,2026-02-24,failed,707789.19,JPY,APAC,CP0016,OPTION,TDR0066,BOOK_C,2026-02-16
TXN0009668353,APP017,2026-02-11,reversed,533209.64,JPY,LATAM,CP0329,SWAP,TDR0100,BOOK_D,2025-09-23
TXN0003015767,APP020,2025-08-30,failed,222860.32,CHF,LATAM,CP0451,FUTURE,TDR0047,BOOK_C,2025-01-05
TXN0009209909,APP007,2025-09-12,settled,552857.57,AUD,AMER,CP0332,SWAP,TDR0146,BOOK_A,2025-04-23
TXN0003380460,APP003,2025-01-15,settled,430369.45,JPY,APAC,CP0403,EQUITY,TDR0144,BOOK_D,2025-01-06
TXN0005289602,APP011,2025-12-15,failed,379502.17,AUD,EMEA,CP0339,OPTION,TDR0174,BOOK_D,2025-01-12
TXN0008858391,APP004,2025-07-28,failed,130584.77,CHF,EMEA,CP0082,SWAP,TDR0173,BOOK_D,2025-11-01
TXN0009639889,APP015,2026-03-23,pending,684558.14,CHF,EMEA,CP0310,BOND,TDR0052,BOOK_A,2025-09-12
TXN0005965464,APP019,2025-05-16,reversed,629112.6,JPY,LATAM,CP0436,SWAP,TDR0188,BOOK_C,2026-04-07
TXN0006558853,APP006,2025-08-12,active,797016.5,GBP,EMEA,CP0044,BOND,TDR0195,BOOK_A,2025-03-07
TXN0000458472,APP005,2025-01-01,active,24753.98,JPY,EMEA,CP0457,FUTURE,TDR0031,BOOK_B,2025-12-30
TXN0005489970,APP008,2026-02-08,failed,137230.97,JPY,EMEA,CP0192,FX,TDR0184,BOOK_C,2026-02-15
TXN0000129281,APP002,2025-01-31,pending,263402.91,GBP,AMER,CP0094,FX,TDR0099,BOOK_D,2025-03-21
TXN0008769711,APP012,2025-04-14,pending,922987.85,AUD,EMEA,CP0194,SWAP,TDR0185,BOOK_A,2026-03-06
TXN0001826443,APP015,2026-04-08,reversed,664751.89,GBP,APAC,CP0191,EQUITY,TDR0056,BOOK_A,2026-01-14
TXN0003664881,APP006,2025-03-21,reversed,659311.87,CHF,LATAM,CP0026,EQUITY,TDR0085,BOOK_C,2026-02-07
TXN0009680898,APP005,2026-03-01,pending,953889.42,AUD,AMER,CP0060,EQUITY,TDR0188,BOOK_A,2025-09-13
TXN0009268284,APP001,2025-10-06,active,657235.21,JPY,AMER,CP0263,BOND,TDR0101,BOOK_C,2025-07-15
TXN0006521609,APP009,2026-04-12,pending,705256.02,GBP,APAC,CP0130,OPTION,TDR0002,BOOK_C,2026-02-23
TXN0007030667,APP020,2026-01-21,reversed,484675.76,USD,EMEA,CP0068,OPTION,TDR0098,BOOK_C,2025-01-23
TXN0000249995,APP013,2025-10-07,failed,498886.92,EUR,APAC,CP0067,OPTION,TDR0158,BOOK_C,2025-05-30
TXN0000167439,APP004,2025-02-23,settled,410559.46,EUR,LATAM,CP0044,EQUITY,TDR0129,BOOK_A,2026-04-14
TXN0005779059,APP010,2025-10-06,settled,282203.7,EUR,LATAM,CP0070,FX,TDR0076,BOOK_A,2025-12-26
TXN0007220070,APP009,2025-11-03,settled,603931.79,JPY,AMER,CP0105,SWAP,TDR0187,BOOK_A,2025-01-19
TXN0008532574,APP012,2025-02-13,active,964676.34,EUR,APAC,CP0285,EQUITY,TDR0008,BOOK_A,2025-12-19
TXN0004541824,APP008,2025-09-10,pending,633159.3,EUR,EMEA,CP0340,EQUITY,TDR0109,BOOK_A,2025-09-17
TXN0008236463,APP005,2026-01-18,settled,781774.79,EUR,AMER,CP0125,OPTION,TDR0052,BOOK_D,2025-02-21
TXN0008533197,APP011,2026-01-21,pending,678867.74,AUD,APAC,CP0232,BOND,TDR0096,BOOK_C,2025-04-14
TXN0009829476,APP017,2026-03-16,active,162640.39,AUD,LATAM,CP0253,FUTURE,TDR0147,BOOK_C,2025-03-28
TXN0004654435,APP014,2025-11-26,settled,10221.41,JPY,LATAM,CP0082,SWAP,TDR0003,BOOK_B,2025-07-30
TXN0004900281,APP010,2025-12-09,active,612985.33,CHF,EMEA,CP0102,EQUITY,TDR0039,BOOK_B,2025-11-30
TXN0008671577,APP016,2025-02-16,pending,660469.28,AUD,APAC,CP0414,FX,TDR0152,BOOK_A,2025-04-20
TXN0004976662,APP012,2025-11-26,pending,654148.5,GBP,LATAM,CP0499,FUTURE,TDR0153,BOOK_A,2025-12-28
TXN0002184217,APP015,2025-10-26,failed,302700.49,EUR,AMER,CP0315,FX,TDR0067,BOOK_A,2025-06-01
TXN0009631647,APP017,2026-03-19,reversed,844337.89,GBP,APAC,CP0455,FUTURE,TDR0164,BOOK_A,2025-04-30
TXN0003157916,APP018,2025-07-01,settled,249413.94,AUD,LATAM,CP0482,BOND,TDR0152,BOOK_C,2025-07-08
TXN0004400367,APP009,2025-12-08,reversed,111915.62,AUD,LATAM,CP0279,EQUITY,TDR0112,BOOK_D,2025-01-27
TXN0006220006,APP020,2025-11-23,settled,137463.06,GBP,APAC,CP0017,FX,TDR0080,BOOK_C,2026-02-04
TXN0009099781,APP015,2025-10-25,settled,819391.81,JPY,APAC,CP0076,SWAP,TDR0118,BOOK_D,2025-07-15
TXN0000598610,APP002,2026-04-13,reversed,554930.97,CHF,APAC,CP0281,SWAP,TDR0002,BOOK_C,2025-08-28
TXN0002493878,APP007,2025-12-04,pending,850052.28,JPY,APAC,CP0186,FX,TDR0012,BOOK_B,2025-11-05
TXN0002007277,APP016,2025-03-11,pending,427584.31,GBP,LATAM,CP0016,OPTION,TDR0049,BOOK_B,2025-05-26
TXN0002865999,APP001,2025-07-11,reversed,197243.32,EUR,LATAM,CP0164,OPTION,TDR0129,BOOK_B,2025-10-04
TXN0008399387,APP020,2026-01-12,settled,492987.49,EUR,LATAM,CP0484,EQUITY,TDR0035,BOOK_C,2025-08-20
TXN0004838147,APP012,2025-12-30,pending,386578.43,JPY,LATAM,CP0347,SWAP,TDR0067,BOOK_D,2025-08-29
TXN0008513411,APP013,2026-01-11,reversed,728893.19,JPY,LATAM,CP0310,BOND,TDR0174,BOOK_A,2026-02-20
TXN0008102218,APP015,2025-01-24,pending,603061.74,CHF,AMER,CP0500,BOND,TDR0186,BOOK_A,2025-10-15
TXN0007659588,APP007,2025-09-21,failed,910961.57,EUR,LATAM,CP0281,SWAP,TDR0072,BOOK_C,2025-07-06
TXN0004948056,APP004,2025-08-29,active,559912.29,USD,LATAM,CP0232,SWAP,TDR0025,BOOK_D,2025-05-19
TXN0008902396,APP010,2025-01-03,settled,151713.28,AUD,AMER,CP0208,BOND,TDR0105,BOOK_A,2025-04-30
TXN0000563182,APP008,2025-06-10,reversed,147406.57,CHF,APAC,CP0493,OPTION,TDR0040,BOOK_B,2025-06-17
TXN0001638315,APP006,2025-11-29,pending,433727.36,JPY,AMER,CP0437,FUTURE,TDR0165,BOOK_D,2025-09-25
TXN0007151926,APP013,2025-12-16,pending,234974.6,GBP,AMER,CP0040,OPTION,TDR0128,BOOK_B,2026-03-16
TXN0001891597,APP009,2025-11-16,active,568368.9,CHF,EMEA,CP0348,OPTION,TDR0017,BOOK_A,2026-01-09
TXN0006860991,APP002,2025-01-27,failed,436858.44,AUD,LATAM,CP0477,BOND,TDR0095,BOOK_C,2026-01-26
TXN0003625264,APP015,2025-12-04,failed,75398.03,USD,APAC,CP0036,BOND,TDR0107,BOOK_D,2025-03-22
TXN0007688762,APP012,2026-04-12,active,134359.29,GBP,LATAM,CP0208,OPTION,TDR0190,BOOK_A,2025-01-10
TXN0006303253,APP007,2026-01-24,pending,190450.09,CHF,APAC,CP0327,FX,TDR0001,BOOK_A,2026-03-29
TXN0002991848,APP008,2025-12-11,pending,709507.94,EUR,APAC,CP0091,BOND,TDR0133,BOOK_C,2025-09-20
TXN0007241923,APP008,2025-05-12,pending,873141.5,JPY,EMEA,CP0339,OPTION,TDR0066,BOOK_A,2025-01-04
TXN0001866562,APP014,2025-08-14,reversed,398580.46,CHF,AMER,CP0432,FUTURE,TDR0099,BOOK_C,2025-03-10
TXN0008452471,APP014,2025-10-24,failed,270354.34,GBP,LATAM,CP0439,FX,TDR0192,BOOK_B,2025-06-12
TXN0006019648,APP007,2026-04-08,pending,561385.77,EUR,LATAM,CP0498,BOND,TDR0186,BOOK_B,2025-08-02
TXN0006395373,APP010,2026-04-13,pending,87678.95,AUD,LATAM,CP0071,FUTURE,TDR0108,BOOK_D,2025-09-27
TXN0001814846,APP018,2025-04-16,reversed,556460.34,USD,APAC,CP0240,OPTION,TDR0156,BOOK_C,2025-06-03
TXN0004593916,APP003,2026-02-14,settled,923056.54,EUR,LATAM,CP0326,BOND,TDR0145,BOOK_C,2025-07-26
TXN0009857164,APP020,2025-04-27,failed,614510.07,AUD,AMER,CP0471,FX,TDR0127,BOOK_D,2025-02-24
TXN0003377386,APP020,2025-06-15,reversed,925925.36,AUD,AMER,CP0476,SWAP,TDR0058,BOOK_C,2026-03-16
TXN0003056248,APP014,2025-08-16,pending,291068.72,USD,APAC,CP0232,EQUITY,TDR0146,BOOK_B,2025-09-17
TXN0001974282,APP005,2025-01-25,failed,110107.68,USD,APAC,CP0480,BOND,TDR0187,BOOK_C,2025-08-24
TXN0007475572,APP007,2025-01-19,reversed,440909.57,CHF,LATAM,CP0326,EQUITY,TDR0035,BOOK_D,2026-03-24
TXN0008121043,APP017,2026-01-20,reversed,278727.32,JPY,AMER,CP0371,FX,TDR0007,BOOK_B,2025-05-21
TXN0004586169,APP019,2025-07-23,settled,76573.64,CHF,LATAM,CP0043,SWAP,TDR0008,BOOK_D,2026-03-30
TXN0000003554,APP014,2025-09-29,reversed,2967.47,EUR,AMER,CP0006,OPTION,TDR0051,BOOK_B,2025-12-14
TXN0003074366,APP009,2025-03-19,active,591713.77,USD,EMEA,CP0329,OPTION,TDR0071,BOOK_D,2025-12-24
TXN0008067710,APP013,2025-05-07,reversed,439038.61,USD,EMEA,CP0153,EQUITY,TDR0147,BOOK_B,2025-03-09
TXN0002497445,APP017,2025-08-21,settled,746175.64,USD,AMER,CP0488,OPTION,TDR0162,BOOK_A,2025-05-26
TXN0001466335,APP011,2025-07-10,settled,478897.15,USD,EMEA,CP0493,BOND,TDR0143,BOOK_D,2025-10-14
TXN0007527285,APP016,2026-01-24,pending,717378.59,AUD,EMEA,CP0133,FUTURE,TDR0022,BOOK_A,2025-03-13
TXN0001468350,APP002,2025-05-21,active,75790.45,EUR,EMEA,CP0218,EQUITY,TDR0120,BOOK_B,2025-02-14
TXN0006871855,APP018,2025-10-18,pending,378837.22,USD,AMER,CP0009,BOND,TDR0004,BOOK_D,2025-05-14
TXN0008470391,APP010,2025-08-28,settled,3722.08,JPY,EMEA,CP0497,FUTURE,TDR0028,BOOK_D,2026-02-09
TXN0008043979,APP007,2025-09-01,settled,80716.11,USD,APAC,CP0406,FX,TDR0186,BOOK_B,2025-07-06
TXN0007275221,APP018,2025-02-09,active,636013.59,JPY,LATAM,CP0390,SWAP,TDR0084,BOOK_C,2025-04-25
TXN0008822787,APP001,2025-09-13,pending,342449.35,AUD,EMEA,CP0004,FX,TDR0035,BOOK_C,2026-01-11
TXN0006480818,APP002,2025-12-27,failed,221962.01,AUD,AMER,CP0324,OPTION,TDR0130,BOOK_C,2025-08-07
TXN0003106695,APP007,2026-01-10,failed,588867.32,GBP,APAC,CP0149,FX,TDR0053,BOOK_B,2025-02-13
TXN0009296313,APP011,2025-06-02,reversed,61812.16,USD,APAC,CP0097,FUTURE,TDR0111,BOOK_B,2026-02-20
TXN0000233524,APP019,2026-03-22,reversed,560235.92,JPY,EMEA,CP0280,EQUITY,TDR0171,BOOK_A,2026-02-23
TXN0000766814,APP001,2025-04-18,active,310033.52,USD,APAC,CP0240,FUTURE,TDR0056,BOOK_A,2026-01-22
TXN0003236697,APP006,2025-04-19,reversed,528342.0,EUR,APAC,CP0426,OPTION,TDR0029,BOOK_B,2025-08-08
TXN0005618042,APP009,2025-11-25,pending,792283.5,USD,LATAM,CP0217,BOND,TDR0072,BOOK_D,2026-02-12
TXN0000398902,APP015,2026-01-25,settled,327622.12,GBP,LATAM,CP0237,SWAP,TDR0159,BOOK_A,2025-12-15
TXN0008432885,APP020,2025-08-25,reversed,383270.15,EUR,AMER,CP0099,BOND,TDR0006,BOOK_B,2025-07-04
TXN0007684484,APP016,2025-09-22,active,996964.9,JPY,LATAM,CP0217,SWAP,TDR0095,BOOK_D,2026-04-01
TXN0003445410,APP020,2025-02-27,failed,154571.03,GBP,LATAM,CP0057,BOND,TDR0073,BOOK_B,2025-06-30
TXN0003399036,APP002,2025-01-15,pending,806418.91,EUR,LATAM,CP0286,SWAP,TDR0116,BOOK_C,2025-05-12
TXN0006348488,APP014,2025-10-07,active,716679.49,GBP,APAC,CP0004,SWAP,TDR0167,BOOK_C,2025-01-03
TXN0006045614,APP017,2025-12-04,active,248033.51,AUD,EMEA,CP0406,BOND,TDR0070,BOOK_C,2025-05-14
TXN0009430633,APP019,2025-01-25,settled,346223.39,EUR,EMEA,CP0412,EQUITY,TDR0188,BOOK_D,2025-08-04
TXN0006524707,APP015,2025-10-15,pending,863788.68,CHF,APAC,CP0278,SWAP,TDR0064,BOOK_A,2026-02-14
TXN0009667413,APP001,2025-09-05,active,310881.74,AUD,EMEA,CP0340,BOND,TDR0159,BOOK_A,2025-12-01
TXN0001005251,APP006,2025-09-09,settled,169822.41,AUD,LATAM,CP0412,SWAP,TDR0177,BOOK_C,2026-02-08
TXN0002665613,APP019,2025-11-28,active,99390.74,USD,EMEA,CP0410,EQUITY,TDR0148,BOOK_C,2025-12-04
TXN0006658174,APP005,2026-03-21,active,4294.68,GBP,APAC,CP0312,BOND,TDR0169,BOOK_B,2025-09-26
TXN0003381560,APP010,2026-01-21,reversed,703596.7,GBP,LATAM,CP0398,OPTION,TDR0196,BOOK_B,2025-05-04
TXN0002637243,APP010,2025-06-15,failed,172554.23,EUR,AMER,CP0112,FUTURE,TDR0184,BOOK_A,2025-03-05
TXN0003845925,APP017,2025-10-01,active,532051.18,AUD,AMER,CP0072,FUTURE,TDR0152,BOOK_D,2025-03-07
TXN0009866287,APP018,2026-03-05,pending,438452.23,CHF,LATAM,CP0495,FUTURE,TDR0136,BOOK_D,2025-12-27
TXN0007768885,APP003,2026-03-30,failed,187002.4,AUD,APAC,CP0354,FX,TDR0003,BOOK_C,2025-10-10
TXN0008877812,APP015,2025-11-22,reversed,959659.08,JPY,AMER,CP0179,SWAP,TDR0164,BOOK_A,2025-11-04
TXN0002817768,APP017,2025-04-14,settled,243735.77,JPY,EMEA,CP0238,BOND,TDR0023,BOOK_C,2026-03-17
TXN0006349066,APP001,2025-09-30,reversed,765765.06,JPY,AMER,CP0478,SWAP,TDR0195,BOOK_B,2025-03-13
TXN0008890213,APP012,2025-06-07,pending,371767.88,JPY,AMER,CP0482,FUTURE,TDR0050,BOOK_C,2025-12-29
TXN0000849618,APP010,2025-03-08,settled,600048.54,GBP,AMER,CP0313,FUTURE,TDR0032,BOOK_B,2025-07-31
TXN0000471289,APP007,2026-02-25,pending,691200.34,GBP,APAC,CP0024,FX,TDR0019,BOOK_B,2025-12-23
TXN0002065272,APP002,2026-01-16,reversed,916722.04,CHF,LATAM,CP0398,BOND,TDR0145,BOOK_D,2026-01-12
TXN0001309075,APP008,2026-02-19,settled,158992.88,GBP,LATAM,CP0426,FX,TDR0179,BOOK_D,2026-02-02
TXN0003877794,APP009,2025-08-03,pending,925030.02,EUR,APAC,CP0424,EQUITY,TDR0177,BOOK_C,2025-07-01
TXN0002861403,APP002,2026-01-03,failed,177784.84,CHF,AMER,CP0342,FUTURE,TDR0109,BOOK_B,2025-03-07
TXN0006690106,APP005,2025-03-07,pending,927768.34,USD,EMEA,CP0302,BOND,TDR0033,BOOK_A,2025-04-11
TXN0008264190,APP008,2025-11-13,reversed,941510.66,JPY,APAC,CP0496,EQUITY,TDR0030,BOOK_D,2025-06-09
TXN0001364708,APP014,2025-02-06,pending,519041.4,AUD,AMER,CP0347,SWAP,TDR0046,BOOK_C,2026-02-14
TXN0000335811,APP005,2025-02-02,active,717115.94,EUR,LATAM,CP0169,FUTURE,TDR0002,BOOK_A,2025-10-22
TXN0005787224,APP020,2025-06-09,failed,669866.06,AUD,EMEA,CP0142,BOND,TDR0170,BOOK_B,2025-09-01
TXN0008107506,APP019,2026-03-11,pending,236550.83,CHF,LATAM,CP0245,OPTION,TDR0194,BOOK_D,2026-01-23
TXN0002252869,APP015,2025-03-08,settled,885213.33,JPY,LATAM,CP0465,FUTURE,TDR0015,BOOK_D,2025-10-31
TXN0000249312,APP003,2025-02-24,pending,523892.72,USD,LATAM,CP0399,OPTION,TDR0100,BOOK_A,2025-03-23
TXN0002418282,APP004,2026-01-23,failed,942594.74,GBP,AMER,CP0354,OPTION,TDR0160,BOOK_B,2026-02-05
TXN0000592098,APP019,2025-03-30,failed,299614.24,GBP,LATAM,CP0019,BOND,TDR0089,BOOK_C,2025-03-15
TXN0005778956,APP009,2025-11-24,reversed,790043.84,USD,LATAM,CP0480,OPTION,TDR0153,BOOK_B,2025-03-28
TXN0002958462,APP020,2026-03-28,failed,738932.32,JPY,AMER,CP0444,SWAP,TDR0027,BOOK_A,2025-02-10
TXN0003056987,APP009,2025-07-26,reversed,882127.18,AUD,EMEA,CP0365,EQUITY,TDR0050,BOOK_C,2025-07-12
TXN0003794675,APP001,2025-03-31,settled,435815.47,USD,AMER,CP0270,FX,TDR0178,BOOK_A,2025-10-25
TXN0001219952,APP018,2025-11-17,failed,893992.26,GBP,LATAM,CP0074,EQUITY,TDR0141,BOOK_A,2025-06-26
TXN0002996252,APP017,2025-05-06,reversed,669954.88,USD,LATAM,CP0385,FX,TDR0019,BOOK_A,2025-12-24
TXN0003686096,APP016,2025-10-04,reversed,374305.31,CHF,AMER,CP0396,EQUITY,TDR0062,BOOK_C,2025-10-19
TXN0004144717,APP011,2025-04-19,failed,96852.32,JPY,LATAM,CP0410,EQUITY,TDR0038,BOOK_A,2025-04-25
TXN0000940988,APP020,2025-03-26,pending,370314.26,JPY,APAC,CP0323,OPTION,TDR0169,BOOK_A,2025-01-18
TXN0002032473,APP018,2025-01-22,active,596040.11,CHF,AMER,CP0289,OPTION,TDR0102,BOOK_C,2025-11-19
TXN0000736267,APP003,2025-04-18,active,990560.31,GBP,APAC,CP0373,EQUITY,TDR0124,BOOK_D,2025-03-03
TXN0002897110,APP018,2025-02-25,active,384521.74,USD,APAC,CP0435,FX,TDR0126,BOOK_B,2025-09-09
TXN0008220728,APP015,2026-03-31,failed,573636.56,CHF,AMER,CP0460,FUTURE,TDR0178,BOOK_A,2026-02-24
TXN0006899656,APP015,2025-04-17,reversed,810233.7,USD,EMEA,CP0207,OPTION,TDR0012,BOOK_B,2025-07-31
TXN0008596296,APP009,2025-04-27,reversed,246456.72,JPY,APAC,CP0439,FX,TDR0158,BOOK_B,2025-10-17
TXN0005041624,APP010,2025-06-01,reversed,700298.55,AUD,EMEA,CP0172,FX,TDR0188,BOOK_A,2025-12-28
TXN0006557625,APP001,2025-10-18,reversed,467678.9,JPY,LATAM,CP0495,OPTION,TDR0082,BOOK_B,2026-02-24
TXN0009293800,APP002,2025-11-30,failed,165614.72,USD,AMER,CP0149,EQUITY,TDR0121,BOOK_C,2025-12-03
TXN0005457237,APP006,2025-10-01,reversed,606117.71,USD,LATAM,CP0497,OPTION,TDR0184,BOOK_A,2026-01-20
TXN0006319250,APP004,2026-01-10,reversed,182927.89,EUR,LATAM,CP0297,OPTION,TDR0047,BOOK_B,2025-12-28
TXN0003678213,APP002,2026-03-19,failed,943210.69,USD,AMER,CP0227,EQUITY,TDR0093,BOOK_A,2025-05-28
TXN0009029055,APP020,2025-06-25,active,417516.89,JPY,LATAM,CP0378,SWAP,TDR0139,BOOK_D,2025-07-20
TXN0004717026,APP016,2025-12-04,reversed,626466.68,GBP,LATAM,CP0056,FUTURE,TDR0172,BOOK_D,2025-01-18
TXN0001662193,APP020,2025-06-10,failed,706445.67,USD,AMER,CP0466,SWAP,TDR0007,BOOK_D,2026-01-19
TXN0000555581,APP007,2025-06-13,reversed,347207.38,GBP,LATAM,CP0335,BOND,TDR0184,BOOK_C,2025-02-18
TXN0001487231,APP020,2025-07-18,failed,993316.12,EUR,EMEA,CP0486,BOND,TDR0105,BOOK_B,2025-02-18
TXN0003556239,APP017,2025-06-23,settled,773076.8,EUR,AMER,CP0078,FUTURE,TDR0176,BOOK_B,2025-06-12
TXN0000623766,APP020,2025-12-19,settled,602170.08,USD,APAC,CP0089,FX,TDR0005,BOOK_D,2025-07-28
TXN0001420643,APP001,2026-03-04,pending,259616.12,CHF,EMEA,CP0264,SWAP,TDR0046,BOOK_A,2025-11-28
TXN0003201480,APP013,2026-04-08,settled,662009.69,USD,LATAM,CP0215,EQUITY,TDR0013,BOOK_C,2026-01-03
TXN0003006410,APP016,2025-06-14,settled,128239.52,JPY,AMER,CP0309,FUTURE,TDR0151,BOOK_B,2026-02-05
TXN0002395950,APP020,2026-01-31,active,679667.01,EUR,EMEA,CP0141,SWAP,TDR0049,BOOK_A,2025-09-05
TXN0008986339,APP018,2025-01-09,reversed,258408.76,USD,LATAM,CP0328,EQUITY,TDR0106,BOOK_B,2025-05-31
TXN0005782152,APP012,2025-07-23,reversed,685143.93,JPY,APAC,CP0183,FX,TDR0051,BOOK_C,2025-08-06
TXN0009856029,APP013,2025-10-21,reversed,309490.13,USD,LATAM,CP0077,OPTION,TDR0163,BOOK_D,2025-02-12
TXN0002159916,APP012,2025-09-20,settled,714888.82,CHF,LATAM,CP0193,EQUITY,TDR0026,BOOK_A,2025-10-23
TXN0006201925,APP006,2025-07-08,failed,61820.35,JPY,LATAM,CP0223,SWAP,TDR0155,BOOK_B,2026-01-15
TXN0008275259,APP011,2025-04-29,settled,327281.47,GBP,LATAM,CP0473,BOND,TDR0032,BOOK_C,2025-06-19
TXN0001962695,APP011,2025-02-04,settled,310134.09,JPY,AMER,CP0158,FX,TDR0090,BOOK_D,2025-07-23
TXN0000758185,APP018,2025-09-24,settled,585118.19,EUR,LATAM,CP0339,FX,TDR0114,BOOK_A,2025-01-23
TXN0003733181,APP014,2025-12-23,reversed,86334.38,EUR,EMEA,CP0293,FUTURE,TDR0165,BOOK_C,2025-01-04
TXN0000525721,APP011,2025-05-24,reversed,508136.69,CHF,LATAM,CP0088,EQUITY,TDR0110,BOOK_A,2025-04-26
TXN0008706405,APP020,2025-06-16,pending,989036.69,EUR,APAC,CP0099,SWAP,TDR0072,BOOK_B,2025-03-17
TXN0002566481,APP005,2025-01-05,settled,561373.98,EUR,EMEA,CP0342,FUTURE,TDR0185,BOOK_C,2026-03-13
TXN0007651374,APP006,2025-02-14,active,992537.67,GBP,AMER,CP0440,OPTION,TDR0175,BOOK_C,2025-08-06
TXN0000200879,APP019,2025-06-24,failed,556970.48,GBP,AMER,CP0324,BOND,TDR0141,BOOK_B,2025-09-10
TXN0008551772,APP011,2025-12-01,failed,890780.7,USD,EMEA,CP0093,EQUITY,TDR0120,BOOK_A,2025-12-31
TXN0006139269,APP013,2025-10-08,settled,40118.77,JPY,EMEA,CP0484,OPTION,TDR0020,BOOK_D,2025-02-01
TXN0008389925,APP007,2025-10-23,settled,121450.62,GBP,APAC,CP0256,SWAP,TDR0042,BOOK_B,2025-10-25
TXN0008932791,APP001,2026-03-29,settled,205270.55,JPY,EMEA,CP0357,FUTURE,TDR0146,BOOK_A,2025-02-11
TXN0002632217,APP018,2026-01-07,active,671609.67,EUR,LATAM,CP0286,FX,TDR0107,BOOK_C,2025-07-30
TXN0005115050,APP015,2025-10-28,reversed,897533.26,CHF,AMER,CP0392,SWAP,TDR0042,BOOK_B,2025-09-30
TXN0001628101,APP013,2025-09-14,failed,828253.13,AUD,LATAM,CP0398,BOND,TDR0079,BOOK_D,2025-06-05
TXN0004682413,APP014,2026-04-02,failed,887484.48,GBP,APAC,CP0041,EQUITY,TDR0174,BOOK_D,2025-09-03
TXN0007095012,APP010,2025-01-28,settled,521907.49,CHF,APAC,CP0156,BOND,TDR0046,BOOK_C,2025-07-15
TXN0000633462,APP004,2026-03-10,active,974644.67,JPY,AMER,CP0262,SWAP,TDR0184,BOOK_C,2025-08-12
TXN0003759286,APP010,2025-10-18,active,99433.5,USD,EMEA,CP0227,BOND,TDR0036,BOOK_A,2026-03-19
TXN0002151252,APP003,2025-06-05,reversed,387713.26,EUR,AMER,CP0105,OPTION,TDR0192,BOOK_B,2025-04-05
TXN0000366156,APP016,2025-06-07,settled,823939.21,CHF,EMEA,CP0291,EQUITY,TDR0092,BOOK_D,2026-03-29
TXN0008472747,APP019,2025-08-31,failed,655835.59,JPY,LATAM,CP0197,SWAP,TDR0038,BOOK_A,2026-01-02
TXN0006220462,APP014,2025-03-10,failed,354403.34,EUR,LATAM,CP0186,FX,TDR0053,BOOK_C,2025-12-05
TXN0003958277,APP005,2025-09-08,failed,457654.36,EUR,AMER,CP0032,FUTURE,TDR0094,BOOK_A,2025-08-02
TXN0004121349,APP008,2025-02-04,settled,597948.18,GBP,AMER,CP0497,BOND,TDR0115,BOOK_A,2026-04-07
TXN0007225428,APP007,2026-01-19,active,590606.22,JPY,APAC,CP0132,SWAP,TDR0047,BOOK_C,2025-12-25
TXN0001827776,APP017,2025-08-22,active,22590.15,GBP,EMEA,CP0480,SWAP,TDR0102,BOOK_B,2026-01-10
TXN0008701254,APP001,2025-08-03,failed,127514.57,JPY,AMER,CP0472,FX,TDR0091,BOOK_A,2025-10-25
TXN0006325163,APP001,2025-09-06,settled,641759.56,EUR,EMEA,CP0421,FUTURE,TDR0090,BOOK_C,2025-07-13
TXN0002594511,APP013,2025-05-28,failed,146638.07,AUD,EMEA,CP0452,EQUITY,TDR0138,BOOK_A,2025-09-28
TXN0008544204,APP016,2025-08-02,reversed,602874.66,USD,EMEA,CP0087,BOND,TDR0060,BOOK_B,2025-10-04
TXN0001468730,APP001,2025-07-30,failed,860009.02,EUR,AMER,CP0058,OPTION,TDR0101,BOOK_D,2025-08-11
TXN0003719970,APP003,2025-07-19,reversed,731114.48,GBP,EMEA,CP0444,BOND,TDR0185,BOOK_B,2025-01-31
TXN0008313763,APP013,2025-07-15,reversed,598032.42,USD,LATAM,CP0447,OPTION,TDR0086,BOOK_A,2025-02-26
TXN0000175164,APP015,2026-01-02,pending,383704.74,AUD,EMEA,CP0049,OPTION,TDR0135,BOOK_B,2025-01-12
TXN0000986952,APP014,2025-12-19,pending,671335.41,JPY,AMER,CP0163,FX,TDR0036,BOOK_A,2026-03-04
TXN0002466763,APP013,2025-02-09,settled,564811.69,JPY,AMER,CP0365,SWAP,TDR0009,BOOK_A,2025-05-28
TXN0002089598,APP001,2025-03-04,failed,837478.19,CHF,AMER,CP0003,OPTION,TDR0153,BOOK_B,2025-12-14
TXN0000962894,APP006,2025-07-24,failed,376616.63,USD,AMER,CP0306,BOND,TDR0116,BOOK_C,2026-02-14
TXN0005421932,APP014,2025-02-24,settled,381314.75,JPY,APAC,CP0162,FX,TDR0096,BOOK_C,2025-12-05
TXN0004266232,APP012,2026-01-30,pending,774313.27,EUR,AMER,CP0370,SWAP,TDR0076,BOOK_B,2025-03-24
TXN0001339277,APP015,2026-02-10,settled,20143.4,EUR,AMER,CP0281,FX,TDR0122,BOOK_D,2025-07-28
TXN0004531190,APP008,2025-12-01,failed,768330.23,USD,APAC,CP0115,EQUITY,TDR0197,BOOK_A,2026-03-15
TXN0007011451,APP014,2026-03-05,failed,587423.22,JPY,EMEA,CP0245,SWAP,TDR0034,BOOK_D,2025-05-02
TXN0009160530,APP001,2026-02-26,pending,781550.55,GBP,LATAM,CP0159,OPTION,TDR0193,BOOK_A,2025-12-04
TXN0003159297,APP014,2026-02-23,failed,190489.34,GBP,EMEA,CP0266,BOND,TDR0018,BOOK_A,2026-01-27
TXN0002765647,APP017,2025-05-20,failed,61038.73,USD,APAC,CP0320,EQUITY,TDR0128,BOOK_D,2025-01-02
TXN0006676004,APP012,2025-12-31,pending,753270.86,USD,LATAM,CP0259,SWAP,TDR0018,BOOK_B,2025-11-18
TXN0001644054,APP012,2025-05-20,reversed,347719.17,EUR,APAC,CP0244,FUTURE,TDR0134,BOOK_D,2025-12-16
TXN0002203685,APP016,2025-06-17,failed,501456.21,CHF,LATAM,CP0384,BOND,TDR0029,BOOK_D,2025-03-27
TXN0005332851,APP002,2025-02-23,settled,995040.68,EUR,LATAM,CP0137,FUTURE,TDR0129,BOOK_B,2025-05-09
TXN0001993151,APP011,2026-01-06,failed,173543.21,JPY,LATAM,CP0398,SWAP,TDR0166,BOOK_D,2026-01-10
TXN0003718605,APP001,2025-07-23,active,797381.41,EUR,APAC,CP0469,EQUITY,TDR0026,BOOK_D,2025-01-15
TXN0005482834,APP016,2025-11-21,failed,55510.79,GBP,AMER,CP0423,SWAP,TDR0126,BOOK_C,2025-02-14
TXN0009618547,APP013,2025-07-05,settled,62553.33,GBP,LATAM,CP0350,OPTION,TDR0024,BOOK_D,2025-04-15
TXN0009974010,APP003,2025-08-31,settled,912318.49,GBP,LATAM,CP0221,OPTION,TDR0047,BOOK_A,2025-07-19
TXN0000642890,APP020,2025-10-07,pending,38918.4,AUD,AMER,CP0326,FX,TDR0111,BOOK_B,2025-12-22
TXN0001807211,APP001,2025-04-16,reversed,713118.33,EUR,EMEA,CP0409,BOND,TDR0055,BOOK_D,2025-05-29
TXN0001183696,APP007,2025-12-08,failed,300640.05,AUD,EMEA,CP0418,FX,TDR0053,BOOK_C,2025-01-01
TXN0004499525,APP014,2025-01-25,failed,669239.3,EUR,AMER,CP0398,FUTURE,TDR0150,BOOK_C,2025-12-23
TXN0001508289,APP010,2026-01-03,active,695600.49,EUR,EMEA,CP0062,OPTION,TDR0128,BOOK_A,2025-07-28
TXN0002401827,APP019,2025-06-04,failed,197029.17,CHF,APAC,CP0188,SWAP,TDR0107,BOOK_C,2025-07-16
TXN0007979742,APP007,2026-02-28,active,525907.81,USD,APAC,CP0481,EQUITY,TDR0117,BOOK_D,2025-05-12
TXN0004290170,APP007,2025-01-04,settled,969865.05,AUD,APAC,CP0302,FX,TDR0004,BOOK_B,2025-11-02
TXN0003362959,APP014,2025-04-06,failed,76764.52,GBP,AMER,CP0259,FUTURE,TDR0108,BOOK_A,2026-01-06
TXN0004608480,APP019,2025-12-30,reversed,552941.98,CHF,EMEA,CP0360,EQUITY,TDR0075,BOOK_D,2025-10-25
TXN0001861467,APP012,2025-08-27,active,91589.68,JPY,LATAM,CP0172,SWAP,TDR0055,BOOK_C,2025-09-15
TXN0002424098,APP001,2025-03-28,active,605457.91,AUD,EMEA,CP0362,SWAP,TDR0103,BOOK_D,2025-10-20
TXN0003774874,APP003,2025-03-21,failed,627638.81,CHF,APAC,CP0467,EQUITY,TDR0056,BOOK_B,2026-01-06
TXN0009885031,APP005,2026-01-17,settled,462877.89,JPY,AMER,CP0108,OPTION,TDR0006,BOOK_B,2025-10-07
TXN0009705873,APP004,2025-04-04,failed,201196.56,EUR,EMEA,CP0341,FX,TDR0071,BOOK_D,2025-07-26
TXN0003051098,APP012,2025-05-24,active,935207.68,GBP,AMER,CP0481,FX,TDR0109,BOOK_B,2026-02-11
TXN0005953124,APP010,2025-12-13,settled,895636.0,EUR,EMEA,CP0247,EQUITY,TDR0139,BOOK_B,2025-09-27
TXN0008099274,APP003,2025-08-14,active,663522.5,GBP,AMER,CP0225,OPTION,TDR0190,BOOK_D,2025-03-09
TXN0006698365,APP019,2025-05-09,pending,368497.67,EUR,AMER,CP0492,OPTION,TDR0016,BOOK_C,2025-09-20
TXN0006227374,APP002,2025-05-26,active,934023.96,EUR,EMEA,CP0137,FUTURE,TDR0120,BOOK_B,2025-05-21
TXN0007663491,APP016,2025-04-04,pending,7327.23,EUR,APAC,CP0464,SWAP,TDR0058,BOOK_C,2025-11-12
TXN0009501167,APP001,2025-05-13,failed,247874.55,AUD,AMER,CP0082,BOND,TDR0008,BOOK_D,2025-10-12
TXN0000647576,APP011,2025-01-27,reversed,442169.26,JPY,AMER,CP0420,EQUITY,TDR0154,BOOK_B,2025-06-02
TXN0005207323,APP013,2025-02-10,active,843670.63,CHF,AMER,CP0188,EQUITY,TDR0124,BOOK_D,2025-12-13
TXN0008917668,APP018,2026-04-02,pending,61514.96,USD,EMEA,CP0336,SWAP,TDR0144,BOOK_B,2025-01-25
TXN0003375642,APP019,2025-01-18,reversed,809810.52,EUR,LATAM,CP0068,FUTURE,TDR0116,BOOK_B,2025-12-15
TXN0005541402,APP006,2025-09-08,active,584122.63,EUR,LATAM,CP0112,OPTION,TDR0164,BOOK_B,2025-04-28
TXN0009710755,APP018,2025-10-23,reversed,749370.68,JPY,EMEA,CP0391,EQUITY,TDR0010,BOOK_A,2025-05-17
TXN0007262850,APP003,2026-01-09,pending,735146.49,CHF,APAC,CP0199,SWAP,TDR0155,BOOK_C,2026-01-08
TXN0003486798,APP008,2026-03-04,pending,731492.58,AUD,EMEA,CP0379,BOND,TDR0158,BOOK_A,2025-01-24
TXN0000564840,APP013,2025-04-15,active,738700.34,USD,LATAM,CP0171,FX,TDR0139,BOOK_B,2025-10-08
TXN0007157531,APP005,2025-03-09,failed,307414.75,EUR,LATAM,CP0414,SWAP,TDR0052,BOOK_A,2025-11-02
TXN0001909843,APP002,2025-06-20,settled,338777.38,AUD,AMER,CP0114,EQUITY,TDR0142,BOOK_A,2025-10-19
TXN0008074890,APP006,2025-12-17,settled,405701.68,GBP,APAC,CP0114,SWAP,TDR0152,BOOK_B,2025-09-16
TXN0006598200,APP016,2025-01-08,pending,18390.45,USD,APAC,CP0289,EQUITY,TDR0017,BOOK_A,2025-01-27
TXN0009928312,APP015,2026-04-09,reversed,118306.15,JPY,AMER,CP0015,EQUITY,TDR0091,BOOK_B,2026-03-31
TXN0005559585,APP016,2025-05-22,active,957459.43,GBP,EMEA,CP0391,BOND,TDR0181,BOOK_A,2025-08-24
TXN0009535249,APP002,2026-02-12,pending,522268.96,GBP,LATAM,CP0267,EQUITY,TDR0180,BOOK_B,2025-09-30
TXN0002677599,APP012,2025-08-22,reversed,648004.65,USD,EMEA,CP0443,EQUITY,TDR0071,BOOK_B,2025-12-23
TXN0000972291,APP003,2025-06-23,active,783224.58,JPY,APAC,CP0053,FX,TDR0075,BOOK_C,2025-11-06
TXN0000296520,APP020,2025-01-18,failed,922194.58,USD,AMER,CP0325,SWAP,TDR0020,BOOK_A,2026-01-05
TXN0007168446,APP014,2025-10-31,active,156466.57,JPY,AMER,CP0408,FUTURE,TDR0072,BOOK_C,2025-04-15
TXN0009057967,APP016,2025-01-29,settled,574262.68,USD,APAC,CP0274,SWAP,TDR0059,BOOK_B,2025-10-08
TXN0000394456,APP009,2025-01-29,pending,960847.27,AUD,APAC,CP0475,BOND,TDR0184,BOOK_B,2026-03-04
TXN0002401236,APP002,2025-12-30,reversed,786027.08,USD,AMER,CP0383,OPTION,TDR0022,BOOK_A,2025-09-10
TXN0001409271,APP017,2026-03-20,reversed,341018.43,CHF,LATAM,CP0365,SWAP,TDR0127,BOOK_C,2026-03-05
TXN0000427263,APP005,2026-03-22,settled,24827.44,CHF,APAC,CP0363,OPTION,TDR0074,BOOK_A,2025-03-15
TXN0006573708,APP003,2026-03-24,pending,479318.35,USD,APAC,CP0069,EQUITY,TDR0075,BOOK_C,2025-09-24
TXN0008494724,APP019,2025-09-09,active,779376.27,CHF,EMEA,CP0330,OPTION,TDR0034,BOOK_A,2026-03-22
TXN0002530618,APP019,2025-01-15,reversed,570119.94,CHF,EMEA,CP0389,EQUITY,TDR0099,BOOK_B,2025-05-04
TXN0005800256,APP016,2025-03-31,active,445188.16,AUD,EMEA,CP0134,SWAP,TDR0077,BOOK_D,2025-04-01
TXN0005840476,APP010,2025-01-25,pending,91333.24,AUD,LATAM,CP0102,BOND,TDR0015,BOOK_D,2025-12-13
TXN0007016402,APP020,2025-01-09,failed,870841.3,EUR,AMER,CP0036,SWAP,TDR0053,BOOK_A,2025-04-03
TXN0004010724,APP004,2025-04-04,reversed,460397.57,CHF,APAC,CP0387,SWAP,TDR0111,BOOK_A,2025-01-04
TXN0001924539,APP011,2025-10-04,reversed,843461.38,AUD,AMER,CP0415,FUTURE,TDR0042,BOOK_A,2026-01-24
TXN0000331587,APP010,2025-05-27,active,389801.47,CHF,APAC,CP0469,SWAP,TDR0042,BOOK_B,2025-06-04
TXN0000520181,APP011,2025-01-04,active,619218.01,EUR,LATAM,CP0212,FUTURE,TDR0070,BOOK_B,2025-02-04
TXN0005172585,APP002,2025-11-04,settled,90926.79,EUR,EMEA,CP0398,OPTION,TDR0014,BOOK_D,2025-08-21
TXN0006762819,APP015,2025-02-25,failed,909282.89,EUR,EMEA,CP0029,FX,TDR0037,BOOK_D,2025-03-19
TXN0001274675,APP012,2025-12-01,active,951150.95,JPY,AMER,CP0311,FUTURE,TDR0192,BOOK_C,2026-01-27
TXN0007606615,APP016,2025-09-13,failed,393690.1,GBP,AMER,CP0104,BOND,TDR0070,BOOK_A,2026-02-11
TXN0000671746,APP001,2025-01-02,failed,675783.52,CHF,AMER,CP0193,FUTURE,TDR0056,BOOK_A,2025-11-13
TXN0006061376,APP016,2025-08-02,pending,766134.75,JPY,LATAM,CP0379,OPTION,TDR0094,BOOK_B,2025-01-14
TXN0008665367,APP006,2025-02-26,active,193508.71,USD,AMER,CP0213,OPTION,TDR0196,BOOK_A,2026-04-04
TXN0003699203,APP006,2025-12-26,settled,992880.81,USD,EMEA,CP0456,OPTION,TDR0079,BOOK_C,2026-03-28
TXN0002086516,APP005,2026-02-13,pending,471619.2,CHF,AMER,CP0123,SWAP,TDR0030,BOOK_D,2025-03-28
TXN0006056815,APP001,2025-07-12,settled,942962.23,AUD,EMEA,CP0415,BOND,TDR0169,BOOK_D,2025-10-16
TXN0004167082,APP015,2025-06-15,pending,614876.49,AUD,AMER,CP0371,BOND,TDR0063,BOOK_A,2025-06-25
TXN0006993869,APP005,2025-02-23,settled,74172.13,AUD,AMER,CP0091,OPTION,TDR0084,BOOK_B,2025-02-25
TXN0001103910,APP016,2026-03-14,pending,71969.54,CHF,LATAM,CP0094,OPTION,TDR0064,BOOK_B,2025-02-28
TXN0000291366,APP001,2026-01-21,reversed,913751.02,CHF,APAC,CP0478,FUTURE,TDR0156,BOOK_A,2026-04-06
TXN0001197848,APP001,2025-01-12,settled,260923.48,CHF,APAC,CP0319,FX,TDR0191,BOOK_B,2026-03-27
TXN0007950537,APP008,2025-11-04,reversed,636485.88,GBP,LATAM,CP0145,EQUITY,TDR0073,BOOK_C,2025-01-17
TXN0005845618,APP015,2026-03-03,failed,358357.78,JPY,APAC,CP0254,OPTION,TDR0159,BOOK_B,2026-01-13
TXN0007540381,APP001,2026-03-11,active,587295.0,JPY,APAC,CP0451,EQUITY,TDR0158,BOOK_D,2026-03-23
TXN0000785676,APP011,2025-11-06,active,310148.12,USD,APAC,CP0371,OPTION,TDR0010,BOOK_D,2025-04-04
TXN0009305412,APP018,2025-04-16,settled,268543.11,AUD,EMEA,CP0295,SWAP,TDR0074,BOOK_D,2025-07-09
TXN0007433854,APP020,2025-12-12,pending,612720.29,EUR,LATAM,CP0077,BOND,TDR0027,BOOK_B,2025-02-11
TXN0002103918,APP008,2025-06-09,failed,951047.07,CHF,EMEA,CP0156,EQUITY,TDR0172,BOOK_A,2025-05-08
TXN0000277740,APP004,2026-01-20,settled,866428.17,CHF,AMER,CP0058,SWAP,TDR0014,BOOK_C,2025-10-07
TXN0004866839,APP005,2026-03-17,active,809922.9,USD,LATAM,CP0204,OPTION,TDR0007,BOOK_B,2025-05-12
TXN0007126335,APP011,2026-01-08,reversed,772109.86,JPY,LATAM,CP0159,EQUITY,TDR0020,BOOK_D,2025-09-07
TXN0009430659,APP010,2026-02-17,settled,582820.8,GBP,AMER,CP0473,FX,TDR0178,BOOK_C,2025-09-12
TXN0008994023,APP018,2025-03-14,settled,712974.34,JPY,EMEA,CP0482,BOND,TDR0044,BOOK_D,2025-02-10
TXN0001517575,APP004,2026-03-23,active,756708.72,JPY,EMEA,CP0122,FX,TDR0101,BOOK_D,2025-05-26
TXN0004690532,APP007,2025-12-05,pending,997925.31,GBP,EMEA,CP0130,SWAP,TDR0114,BOOK_D,2025-12-15
TXN0006865046,APP003,2025-12-22,active,723760.96,EUR,EMEA,CP0407,SWAP,TDR0181,BOOK_B,2025-02-11
TXN0001699810,APP011,2025-04-29,failed,398995.29,EUR,LATAM,CP0318,OPTION,TDR0184,BOOK_B,2026-02-04
TXN0007837348,APP009,2025-04-03,active,163928.27,USD,EMEA,CP0136,OPTION,TDR0074,BOOK_C,2025-04-01
TXN0006019657,APP015,2025-12-26,failed,708965.78,CHF,APAC,CP0259,BOND,TDR0016,BOOK_A,2026-02-03
TXN0002205020,APP006,2026-03-19,reversed,417512.75,GBP,EMEA,CP0447,OPTION,TDR0010,BOOK_B,2025-09-24
TXN0004080967,APP006,2025-08-23,settled,270854.56,JPY,APAC,CP0466,BOND,TDR0120,BOOK_A,2025-03-12
TXN0005424724,APP003,2025-03-21,failed,832171.33,AUD,LATAM,CP0444,OPTION,TDR0071,BOOK_A,2026-01-17
TXN0000836740,APP014,2026-04-12,pending,328780.58,EUR,AMER,CP0094,BOND,TDR0045,BOOK_C,2026-04-11
TXN0002815010,APP018,2025-06-02,failed,427380.57,GBP,AMER,CP0480,OPTION,TDR0016,BOOK_B,2025-11-23
TXN0001156256,APP016,2025-04-24,reversed,707462.74,AUD,APAC,CP0463,FUTURE,TDR0150,BOOK_D,2025-05-21
TXN0001310188,APP005,2025-02-03,pending,941198.13,USD,AMER,CP0342,BOND,TDR0140,BOOK_A,2025-07-08
TXN0008769737,APP003,2025-11-11,failed,374992.16,GBP,EMEA,CP0304,EQUITY,TDR0106,BOOK_A,2025-04-13
TXN0007526287,APP009,2025-05-22,pending,721340.4,CHF,AMER,CP0445,OPTION,TDR0010,BOOK_B,2025-07-15
TXN0003226166,APP017,2025-07-14,reversed,552447.28,JPY,LATAM,CP0111,FUTURE,TDR0045,BOOK_D,2025-05-28
TXN0007606618,APP002,2025-06-13,failed,358584.39,USD,EMEA,CP0327,FUTURE,TDR0024,BOOK_A,2026-02-07
TXN0008219101,APP002,2025-09-05,active,299190.84,CHF,AMER,CP0469,EQUITY,TDR0080,BOOK_C,2026-02-03
TXN0002816192,APP017,2025-09-19,settled,359714.94,EUR,APAC,CP0258,EQUITY,TDR0156,BOOK_A,2025-05-20
TXN0000442662,APP009,2025-11-18,pending,12857.63,GBP,AMER,CP0167,OPTION,TDR0104,BOOK_A,2026-01-26
TXN0007157790,APP003,2025-12-06,active,613122.02,AUD,APAC,CP0241,EQUITY,TDR0009,BOOK_C,2025-11-21
TXN0009704884,APP008,2025-06-22,reversed,443948.2,AUD,AMER,CP0229,SWAP,TDR0128,BOOK_D,2025-08-23
TXN0000571729,APP005,2025-10-13,failed,123793.89,CHF,LATAM,CP0489,OPTION,TDR0192,BOOK_D,2026-03-21
TXN0004694312,APP003,2025-06-02,failed,746239.09,GBP,EMEA,CP0408,FUTURE,TDR0028,BOOK_B,2025-10-11
TXN0004033568,APP019,2025-06-01,active,17172.47,JPY,APAC,CP0087,FUTURE,TDR0148,BOOK_C,2026-02-10
TXN0004120940,APP006,2025-02-21,pending,774704.28,CHF,EMEA,CP0269,OPTION,TDR0020,BOOK_A,2025-10-14
TXN0007384267,APP007,2025-06-25,reversed,387755.43,CHF,AMER,CP0018,FX,TDR0132,BOOK_B,2026-03-09
TXN0005454613,APP013,2025-12-09,settled,936563.84,GBP,LATAM,CP0219,FX,TDR0001,BOOK_A,2025-12-21
TXN0005605914,APP002,2025-12-02,reversed,649015.53,EUR,APAC,CP0339,BOND,TDR0199,BOOK_B,2025-09-29
TXN0005260844,APP016,2026-01-28,pending,915735.63,JPY,APAC,CP0099,FUTURE,TDR0056,BOOK_B,2025-08-01
TXN0004678643,APP017,2025-01-10,settled,182503.39,EUR,AMER,CP0283,FX,TDR0056,BOOK_D,2025-04-10
TXN0002406164,APP009,2025-11-01,pending,486563.32,JPY,LATAM,CP0271,OPTION,TDR0154,BOOK_C,2025-11-25
TXN0005991993,APP011,2026-04-04,settled,107449.88,EUR,LATAM,CP0053,FX,TDR0092,BOOK_B,2026-04-06
TXN0006480261,APP006,2026-01-19,pending,458426.73,CHF,EMEA,CP0447,EQUITY,TDR0035,BOOK_B,2026-03-30
TXN0006173079,APP019,2025-12-22,pending,39426.14,USD,EMEA,CP0015,OPTION,TDR0153,BOOK_D,2025-04-23
TXN0000879935,APP019,2025-10-21,active,352775.42,EUR,APAC,CP0167,BOND,TDR0089,BOOK_D,2025-03-24
TXN0006550616,APP017,2025-06-24,failed,909740.51,GBP,APAC,CP0403,BOND,TDR0132,BOOK_D,2026-03-15
TXN0003666259,APP004,2025-12-23,failed,699078.15,EUR,AMER,CP0348,BOND,TDR0106,BOOK_C,2026-02-01
TXN0004954932,APP013,2025-10-29,reversed,614691.98,CHF,LATAM,CP0417,SWAP,TDR0006,BOOK_D,2025-05-25
TXN0008937843,APP003,2026-02-16,settled,864498.75,CHF,EMEA,CP0197,FX,TDR0175,BOOK_A,2025-05-02
TXN0003361487,APP009,2026-01-04,active,325003.87,EUR,APAC,CP0214,BOND,TDR0186,BOOK_B,2025-08-26
TXN0000538636,APP004,2025-09-26,pending,418168.48,EUR,EMEA,CP0055,OPTION,TDR0182,BOOK_C,2025-01-02
TXN0006713384,APP017,2026-01-24,settled,608791.92,GBP,LATAM,CP0265,SWAP,TDR0124,BOOK_A,2026-04-09
TXN0009524584,APP007,2025-10-06,pending,22273.6,EUR,LATAM,CP0347,OPTION,TDR0009,BOOK_B,2026-02-26
TXN0004845930,APP006,2025-07-26,settled,456271.91,USD,EMEA,CP0067,EQUITY,TDR0104,BOOK_D,2025-05-05
TXN0001984431,APP011,2026-02-01,pending,247345.27,AUD,APAC,CP0373,FUTURE,TDR0082,BOOK_C,2025-11-05
TXN0009163525,APP017,2025-07-10,failed,795721.74,AUD,AMER,CP0043,EQUITY,TDR0153,BOOK_A,2025-07-10
TXN0008491903,APP007,2025-08-31,failed,389143.33,GBP,LATAM,CP0500,FUTURE,TDR0120,BOOK_C,2025-02-12
TXN0009755630,APP013,2025-07-29,settled,673612.31,JPY,EMEA,CP0471,BOND,TDR0125,BOOK_D,2025-02-25
TXN0006947113,APP020,2025-01-16,pending,428754.81,EUR,AMER,CP0419,FX,TDR0030,BOOK_A,2025-09-06
TXN0005607296,APP006,2025-03-07,settled,311158.95,EUR,LATAM,CP0209,BOND,TDR0023,BOOK_A,2025-05-30
TXN0002462432,APP005,2025-01-12,failed,230859.18,EUR,EMEA,CP0111,BOND,TDR0075,BOOK_C,2026-02-24
TXN0007585900,APP005,2025-02-19,pending,684673.02,JPY,EMEA,CP0412,BOND,TDR0161,BOOK_A,2025-09-09
TXN0001456807,APP011,2026-03-21,pending,648481.13,USD,APAC,CP0351,FX,TDR0140,BOOK_A,2025-09-02
TXN0005365961,APP018,2025-12-23,active,122118.88,USD,AMER,CP0087,OPTION,TDR0044,BOOK_D,2025-01-09
TXN0008079327,APP010,2025-07-04,failed,487162.08,AUD,APAC,CP0460,OPTION,TDR0020,BOOK_C,2026-01-13
TXN0009367983,APP001,2025-03-23,pending,203275.58,CHF,AMER,CP0407,FX,TDR0114,BOOK_D,2025-08-30
TXN0004167133,APP016,2025-11-21,reversed,889164.81,CHF,EMEA,CP0146,FX,TDR0042,BOOK_C,2026-01-14
TXN0008620059,APP014,2025-04-26,settled,808465.77,USD,AMER,CP0176,SWAP,TDR0177,BOOK_D,2025-09-18
TXN0009126335,APP001,2025-05-15,failed,646812.18,JPY,AMER,CP0062,EQUITY,TDR0154,BOOK_A,2025-06-13
TXN0005927115,APP010,2026-01-26,settled,736727.89,JPY,EMEA,CP0257,FX,TDR0077,BOOK_D,2025-11-01
TXN0003783719,APP015,2025-10-22,active,722291.41,USD,EMEA,CP0167,SWAP,TDR0053,BOOK_D,2026-01-18
TXN0006911743,APP007,2025-04-06,pending,5059.84,USD,AMER,CP0289,BOND,TDR0059,BOOK_B,2025-05-12
TXN0006065226,APP016,2025-04-01,reversed,864932.46,EUR,LATAM,CP0026,OPTION,TDR0068,BOOK_B,2026-02-23
TXN0009929713,APP012,2025-08-27,failed,731420.86,AUD,EMEA,CP0271,BOND,TDR0159,BOOK_D,2025-03-17
TXN0007466154,APP003,2025-01-05,settled,603106.15,CHF,APAC,CP0354,EQUITY,TDR0059,BOOK_C,2025-11-24
TXN0007957463,APP002,2025-10-05,pending,290491.4,JPY,EMEA,CP0405,BOND,TDR0019,BOOK_B,2026-04-10
TXN0002486895,APP004,2025-09-28,settled,433005.53,CHF,APAC,CP0098,FUTURE,TDR0141,BOOK_B,2025-10-28
TXN0009516861,APP013,2025-02-03,active,588008.01,AUD,LATAM,CP0058,FUTURE,TDR0165,BOOK_D,2025-04-01
TXN0000101464,APP001,2025-08-27,reversed,345729.03,JPY,LATAM,CP0042,FX,TDR0132,BOOK_A,2025-07-28
TXN0000645098,APP008,2025-01-26,settled,372351.3,EUR,LATAM,CP0319,EQUITY,TDR0181,BOOK_B,2026-03-11
TXN0002995641,APP014,2025-02-14,settled,203238.34,AUD,APAC,CP0342,FX,TDR0006,BOOK_B,2025-07-09
TXN0002659724,APP012,2026-02-10,settled,692996.08,JPY,APAC,CP0053,OPTION,TDR0170,BOOK_A,2025-03-12
TXN0001192702,APP013,2026-01-03,reversed,714933.74,AUD,LATAM,CP0498,SWAP,TDR0121,BOOK_C,2025-01-26
TXN0004334068,APP019,2026-01-07,pending,399403.2,AUD,APAC,CP0307,EQUITY,TDR0086,BOOK_A,2026-01-08
TXN0007628048,APP008,2025-01-11,failed,611333.41,AUD,EMEA,CP0305,SWAP,TDR0178,BOOK_C,2025-10-25
TXN0002863967,APP002,2025-07-24,failed,203703.86,JPY,AMER,CP0143,SWAP,TDR0072,BOOK_B,2025-03-29
TXN0004374879,APP008,2025-11-02,pending,160660.53,AUD,APAC,CP0325,BOND,TDR0089,BOOK_B,2025-07-15
TXN0003310974,APP011,2026-02-06,pending,145312.03,USD,APAC,CP0454,SWAP,TDR0116,BOOK_C,2025-01-04
TXN0001967998,APP003,2026-03-10,settled,991764.33,JPY,EMEA,CP0475,FUTURE,TDR0190,BOOK_D,2025-10-17
TXN0003636360,APP018,2025-04-01,settled,118058.65,EUR,EMEA,CP0271,EQUITY,TDR0055,BOOK_B,2025-05-24
TXN0008365225,APP004,2025-11-26,reversed,831328.34,AUD,APAC,CP0341,SWAP,TDR0057,BOOK_D,2025-06-05
TXN0003678665,APP013,2025-05-11,settled,968939.78,AUD,AMER,CP0274,FX,TDR0098,BOOK_C,2025-04-29
TXN0007036486,APP019,2025-05-12,reversed,820875.79,GBP,AMER,CP0188,EQUITY,TDR0137,BOOK_B,2025-06-13
TXN0001239848,APP014,2025-05-16,active,495935.9,JPY,EMEA,CP0243,BOND,TDR0073,BOOK_B,2026-04-12
TXN0006102045,APP004,2025-04-14,reversed,78339.28,USD,LATAM,CP0467,OPTION,TDR0083,BOOK_D,2025-03-25
TXN0007455805,APP016,2025-09-08,pending,698306.31,AUD,APAC,CP0240,FUTURE,TDR0016,BOOK_A,2026-01-02
TXN0001147234,APP016,2025-09-19,active,675156.02,EUR,LATAM,CP0344,SWAP,TDR0124,BOOK_D,2025-05-05
TXN0001326864,APP010,2026-03-18,failed,141085.2,GBP,APAC,CP0129,EQUITY,TDR0090,BOOK_C,2025-02-16
TXN0002182661,APP018,2025-11-05,reversed,828314.71,JPY,LATAM,CP0366,FUTURE,TDR0180,BOOK_A,2025-11-16
TXN0009034519,APP020,2025-05-10,settled,3612.9,GBP,LATAM,CP0103,FX,TDR0061,BOOK_A,2026-01-30
TXN0004536102,APP013,2025-09-03,pending,849289.1,AUD,EMEA,CP0211,SWAP,TDR0174,BOOK_D,2025-09-10
TXN0001507805,APP009,2026-02-02,failed,462405.7,EUR,AMER,CP0033,FX,TDR0018,BOOK_D,2025-09-25
TXN0008005185,APP011,2025-02-26,active,226096.01,CHF,APAC,CP0025,BOND,TDR0106,BOOK_B,2026-01-10
TXN0003301076,APP002,2025-09-19,reversed,854770.99,CHF,APAC,CP0147,FUTURE,TDR0173,BOOK_A,2025-09-15
TXN0006124954,APP020,2025-04-30,settled,733978.82,CHF,EMEA,CP0308,FUTURE,TDR0177,BOOK_D,2025-01-10
TXN0003537864,APP018,2025-09-06,pending,417734.48,USD,LATAM,CP0132,OPTION,TDR0106,BOOK_B,2026-02-07
TXN0002607030,APP008,2025-07-14,active,214708.35,JPY,AMER,CP0403,BOND,TDR0159,BOOK_A,2025-05-13
TXN0006341450,APP020,2025-12-28,active,4538.29,AUD,EMEA,CP0170,BOND,TDR0077,BOOK_C,2025-07-08
TXN0002175964,APP004,2025-12-26,pending,558282.84,JPY,EMEA,CP0349,SWAP,TDR0043,BOOK_C,2026-01-18
TXN0008317099,APP020,2026-01-03,settled,196814.9,JPY,LATAM,CP0285,OPTION,TDR0089,BOOK_B,2025-07-15
TXN0004965782,APP012,2025-09-22,reversed,865697.17,USD,APAC,CP0441,OPTION,TDR0169,BOOK_B,2026-02-24
TXN0009064622,APP017,2025-03-12,settled,606887.11,EUR,EMEA,CP0325,BOND,TDR0171,BOOK_A,2025-03-04
TXN0000248323,APP006,2025-07-19,active,509792.74,JPY,AMER,CP0283,EQUITY,TDR0174,BOOK_A,2025-10-03
TXN0006346270,APP004,2025-08-22,failed,327845.08,EUR,LATAM,CP0209,OPTION,TDR0189,BOOK_D,2026-02-01
TXN0002845950,APP002,2026-02-24,pending,480832.81,GBP,AMER,CP0062,BOND,TDR0056,BOOK_B,2025-07-11
TXN0002054018,APP019,2025-11-02,settled,296260.84,CHF,LATAM,CP0433,BOND,TDR0188,BOOK_A,2026-03-09
TXN0003996446,APP001,2025-02-18,pending,709786.62,USD,EMEA,CP0295,OPTION,TDR0166,BOOK_A,2025-03-22
TXN0007692041,APP009,2025-12-30,failed,106646.34,JPY,EMEA,CP0440,FX,TDR0090,BOOK_C,2026-02-16
TXN0004337593,APP007,2025-05-30,pending,60958.75,CHF,AMER,CP0055,BOND,TDR0130,BOOK_B,2026-01-23
TXN0002910069,APP015,2025-06-16,failed,28566.91,USD,EMEA,CP0396,SWAP,TDR0020,BOOK_B,2026-03-27
TXN0004331269,APP006,2025-10-31,failed,755872.84,CHF,APAC,CP0214,OPTION,TDR0031,BOOK_A,2025-04-02
TXN0000981287,APP003,2025-08-15,pending,430780.68,AUD,EMEA,CP0254,BOND,TDR0133,BOOK_D,2026-02-20
TXN0000055121,APP004,2026-02-25,failed,917082.68,GBP,AMER,CP0134,OPTION,TDR0035,BOOK_A,2026-02-25
TXN0005824471,APP012,2025-06-29,reversed,948930.61,JPY,EMEA,CP0299,FUTURE,TDR0113,BOOK_C,2025-03-07
TXN0007138002,APP008,2025-03-20,failed,386522.12,USD,EMEA,CP0407,OPTION,TDR0124,BOOK_C,2025-08-07
TXN0000977470,APP007,2026-04-08,pending,873213.88,USD,AMER,CP0015,FX,TDR0151,BOOK_C,2026-01-13
TXN0004828193,APP006,2025-01-07,active,464382.62,AUD,LATAM,CP0146,OPTION,TDR0100,BOOK_B,2026-04-07
TXN0009137351,APP004,2025-05-06,failed,486628.88,GBP,EMEA,CP0462,OPTION,TDR0188,BOOK_B,2025-09-04
TXN0009730030,APP014,2026-02-13,failed,9942.24,AUD,LATAM,CP0101,FX,TDR0127,BOOK_C,2025-07-12
TXN0005521257,APP005,2025-02-25,active,932053.52,JPY,AMER,CP0004,FUTURE,TDR0112,BOOK_C,2025-04-12
TXN0004509959,APP002,2026-04-02,active,218079.3,JPY,EMEA,CP0490,FX,TDR0079,BOOK_D,2025-07-26
TXN0008975142,APP019,2025-10-30,failed,473054.59,AUD,LATAM,CP0092,FUTURE,TDR0127,BOOK_A,2025-03-18
TXN0007510232,APP018,2026-02-03,active,686985.43,EUR,EMEA,CP0424,BOND,TDR0039,BOOK_D,2025-02-20
TXN0007323070,APP006,2025-08-29,active,947815.13,AUD,EMEA,CP0480,BOND,TDR0142,BOOK_B,2025-10-31
TXN0000350381,APP008,2025-01-29,failed,460731.62,AUD,EMEA,CP0473,EQUITY,TDR0062,BOOK_A,2025-05-15
TXN0003996916,APP019,2025-03-23,pending,851874.67,USD,APAC,CP0004,FUTURE,TDR0154,BOOK_C,2025-07-21
TXN0002655305,APP017,2025-02-25,reversed,371509.32,EUR,LATAM,CP0258,FX,TDR0023,BOOK_A,2025-09-13
TXN0003322928,APP003,2025-03-13,active,25816.56,EUR,LATAM,CP0460,FX,TDR0113,BOOK_D,2025-07-04
TXN0004367622,APP020,2025-04-24,pending,196436.17,GBP,APAC,CP0275,BOND,TDR0093,BOOK_D,2025-02-12
TXN0001055233,APP003,2025-01-28,failed,522319.69,JPY,APAC,CP0309,EQUITY,TDR0074,BOOK_C,2025-09-10
TXN0003971318,APP018,2025-10-12,active,524714.94,EUR,APAC,CP0087,FX,TDR0095,BOOK_B,2025-12-05
TXN0002373924,APP017,2025-04-01,active,173328.48,USD,LATAM,CP0085,FUTURE,TDR0070,BOOK_C,2025-12-25
TXN0008425780,APP017,2026-01-07,pending,743335.57,GBP,APAC,CP0237,FUTURE,TDR0005,BOOK_C,2025-05-24
TXN0004407758,APP006,2025-06-19,failed,987438.16,USD,APAC,CP0101,EQUITY,TDR0012,BOOK_B,2025-07-23
TXN0002832877,APP008,2025-12-17,failed,444618.06,AUD,LATAM,CP0283,BOND,TDR0121,BOOK_D,2025-07-27
TXN0007787021,APP016,2026-02-26,reversed,381121.97,CHF,LATAM,CP0345,BOND,TDR0038,BOOK_B,2025-12-25
TXN0006858353,APP018,2025-05-31,reversed,612749.52,AUD,APAC,CP0328,FX,TDR0063,BOOK_A,2026-03-06
TXN0006292462,APP004,2025-10-15,active,59928.45,EUR,APAC,CP0166,BOND,TDR0063,BOOK_B,2025-11-10
TXN0000575035,APP005,2025-07-03,active,661578.71,JPY,APAC,CP0167,SWAP,TDR0096,BOOK_B,2025-09-17
TXN0005733290,APP010,2025-07-16,settled,980373.03,AUD,EMEA,CP0044,FUTURE,TDR0055,BOOK_C,2025-08-11
TXN0000538526,APP015,2025-01-12,active,770573.51,CHF,APAC,CP0374,OPTION,TDR0126,BOOK_D,2026-01-06
TXN0006890830,APP010,2026-03-19,reversed,339508.07,JPY,EMEA,CP0482,OPTION,TDR0136,BOOK_A,2025-08-02
TXN0006593826,APP013,2025-05-16,settled,284347.55,AUD,APAC,CP0487,BOND,TDR0163,BOOK_B,2025-04-15
TXN0003112753,APP001,2025-03-25,failed,643909.64,CHF,APAC,CP0474,BOND,TDR0110,BOOK_D,2025-02-12
TXN0000340197,APP010,2025-03-19,pending,846756.44,GBP,LATAM,CP0328,BOND,TDR0062,BOOK_C,2025-06-28
TXN0004950377,APP001,2025-10-21,pending,42281.46,AUD,AMER,CP0053,SWAP,TDR0200,BOOK_D,2026-03-03
TXN0003763540,APP019,2025-09-18,reversed,52776.79,JPY,APAC,CP0379,SWAP,TDR0061,BOOK_C,2025-06-21
TXN0000977031,APP018,2025-06-30,active,31192.13,CHF,EMEA,CP0242,FX,TDR0148,BOOK_B,2025-08-17
TXN0002517406,APP003,2025-04-14,failed,481713.23,JPY,APAC,CP0367,BOND,TDR0124,BOOK_A,2025-10-17
TXN0004414449,APP011,2025-04-25,active,637071.65,AUD,APAC,CP0259,FX,TDR0089,BOOK_D,2026-03-29
TXN0000674902,APP002,2025-05-30,reversed,852301.24,CHF,EMEA,CP0274,EQUITY,TDR0167,BOOK_D,2025-08-30
TXN0000095838,APP020,2025-02-26,pending,751862.96,CHF,LATAM,CP0067,FX,TDR0048,BOOK_B,2026-02-16
TXN0007951574,APP005,2025-10-24,settled,34476.12,USD,AMER,CP0153,EQUITY,TDR0117,BOOK_B,2026-04-12
TXN0008134030,APP013,2025-05-08,settled,86741.1,USD,LATAM,CP0469,OPTION,TDR0046,BOOK_A,2025-06-25
TXN0009848295,APP003,2025-12-17,failed,46141.18,JPY,APAC,CP0233,SWAP,TDR0106,BOOK_B,2025-10-05
TXN0001757638,APP020,2025-02-05,pending,19532.3,JPY,AMER,CP0246,EQUITY,TDR0049,BOOK_C,2025-10-22
TXN0003266138,APP014,2025-06-13,active,44918.74,AUD,LATAM,CP0371,SWAP,TDR0053,BOOK_B,2025-02-09
TXN0000042367,APP016,2026-03-24,failed,209283.21,JPY,LATAM,CP0496,SWAP,TDR0192,BOOK_A,2025-04-12
TXN0008827015,APP007,2026-03-03,failed,632018.15,EUR,AMER,CP0230,EQUITY,TDR0092,BOOK_B,2025-03-01
TXN0006056408,APP017,2025-09-30,failed,192347.8,AUD,LATAM,CP0022,SWAP,TDR0030,BOOK_A,2025-11-09
TXN0000550787,APP005,2025-02-05,pending,388047.28,GBP,AMER,CP0274,FUTURE,TDR0065,BOOK_B,2025-02-11
TXN0006362957,APP014,2025-06-30,failed,494936.04,CHF,EMEA,CP0337,OPTION,TDR0188,BOOK_B,2025-07-24
TXN0001265730,APP014,2026-04-07,settled,260897.29,USD,EMEA,CP0010,EQUITY,TDR0091,BOOK_A,2025-03-23
TXN0002853208,APP004,2025-03-19,reversed,768465.57,AUD,EMEA,CP0301,EQUITY,TDR0146,BOOK_B,2026-02-22
TXN0006322805,APP003,2026-04-05,pending,727223.22,JPY,LATAM,CP0097,SWAP,TDR0145,BOOK_C,2025-08-27
TXN0008049310,APP001,2025-01-16,active,787763.77,CHF,APAC,CP0185,OPTION,TDR0168,BOOK_D,2025-10-18
TXN0009355694,APP010,2025-07-27,failed,176244.46,CHF,AMER,CP0350,SWAP,TDR0191,BOOK_B,2025-06-12
TXN0008258521,APP001,2025-11-18,active,355253.79,USD,AMER,CP0073,SWAP,TDR0059,BOOK_C,2025-06-13
TXN0002627156,APP004,2025-01-03,pending,606270.12,GBP,EMEA,CP0354,FX,TDR0145,BOOK_D,2025-09-29
TXN0001834956,APP009,2025-07-23,active,894022.68,JPY,EMEA,CP0183,EQUITY,TDR0089,BOOK_A,2025-07-16
TXN0003792213,APP005,2025-07-14,settled,38714.53,EUR,APAC,CP0442,OPTION,TDR0195,BOOK_D,2025-04-28
TXN0005955619,APP007,2025-08-03,settled,608216.69,EUR,LATAM,CP0143,BOND,TDR0056,BOOK_B,2025-07-06
TXN0006896132,APP018,2025-06-12,pending,442709.74,AUD,EMEA,CP0385,OPTION,TDR0018,BOOK_B,2025-03-07
TXN0005366984,APP018,2026-01-18,reversed,935185.37,GBP,APAC,CP0013,SWAP,TDR0146,BOOK_A,2025-08-08
TXN0008081936,APP019,2025-05-24,failed,42904.76,USD,LATAM,CP0387,EQUITY,TDR0127,BOOK_D,2025-09-07
TXN0001281789,APP007,2025-05-13,settled,752906.85,AUD,AMER,CP0249,EQUITY,TDR0029,BOOK_A,2025-01-06
TXN0001467926,APP010,2025-09-05,settled,439832.57,USD,EMEA,CP0172,EQUITY,TDR0169,BOOK_C,2025-02-06
TXN0009787458,APP020,2025-07-13,reversed,826131.82,AUD,LATAM,CP0129,FX,TDR0170,BOOK_B,2025-09-22
TXN0000897381,APP013,2025-06-29,pending,86523.62,AUD,APAC,CP0066,EQUITY,TDR0094,BOOK_C,2026-04-02
TXN0001832240,APP008,2025-08-31,failed,939276.04,CHF,AMER,CP0006,FX,TDR0170,BOOK_B,2026-03-05
TXN0008656752,APP001,2025-12-17,reversed,44241.67,AUD,APAC,CP0196,BOND,TDR0084,BOOK_B,2025-08-12
TXN0007885489,APP015,2026-01-18,reversed,319700.88,EUR,LATAM,CP0249,OPTION,TDR0132,BOOK_B,2025-04-19
TXN0002474323,APP013,2026-03-13,active,240041.8,GBP,LATAM,CP0412,OPTION,TDR0051,BOOK_B,2026-03-17
TXN0000579082,APP007,2025-09-05,pending,271579.72,EUR,APAC,CP0304,OPTION,TDR0079,BOOK_D,2025-02-07
TXN0001903194,APP004,2025-03-31,pending,502570.54,CHF,EMEA,CP0108,FUTURE,TDR0089,BOOK_C,2025-01-19
TXN0009195539,APP010,2026-02-26,reversed,658692.72,USD,EMEA,CP0447,FUTURE,TDR0040,BOOK_D,2025-03-20
TXN0008277152,APP015,2026-02-22,reversed,264165.05,EUR,EMEA,CP0044,BOND,TDR0176,BOOK_C,2025-05-11
TXN0002294883,APP020,2026-01-18,pending,595213.12,JPY,EMEA,CP0182,FX,TDR0116,BOOK_B,2025-01-24
TXN0009373883,APP011,2026-03-07,settled,647440.3,USD,EMEA,CP0406,SWAP,TDR0200,BOOK_A,2025-01-27
TXN0003265262,APP019,2025-01-31,pending,31803.79,CHF,AMER,CP0053,BOND,TDR0117,BOOK_D,2026-03-15
TXN0000856952,APP005,2025-09-14,active,788622.01,CHF,AMER,CP0068,FUTURE,TDR0077,BOOK_B,2025-04-21
TXN0003150805,APP016,2025-07-02,failed,767727.17,GBP,AMER,CP0284,SWAP,TDR0021,BOOK_D,2025-02-23
TXN0008249247,APP009,2025-03-14,settled,904630.87,AUD,LATAM,CP0004,EQUITY,TDR0034,BOOK_D,2025-02-19
TXN0000771523,APP005,2026-01-27,active,571286.45,JPY,APAC,CP0027,OPTION,TDR0197,BOOK_B,2025-02-25
TXN0009151866,APP005,2025-08-23,active,557516.78,GBP,EMEA,CP0475,FUTURE,TDR0105,BOOK_D,2025-08-22
TXN0009997420,APP005,2025-11-27,reversed,729681.03,EUR,EMEA,CP0372,FX,TDR0008,BOOK_A,2026-01-11
TXN0004125942,APP020,2025-08-10,reversed,584631.21,EUR,AMER,CP0224,OPTION,TDR0101,BOOK_B,2025-10-01
TXN0000662893,APP004,2025-01-09,settled,331003.78,CHF,EMEA,CP0075,FUTURE,TDR0102,BOOK_D,2025-10-08
TXN0007539138,APP003,2025-05-16,active,777988.08,AUD,EMEA,CP0059,FX,TDR0111,BOOK_A,2026-01-31
TXN0007495835,APP001,2025-01-11,reversed,11693.51,JPY,LATAM,CP0027,OPTION,TDR0056,BOOK_D,2025-06-07
TXN0007918127,APP008,2025-01-26,failed,577195.82,AUD,AMER,CP0199,BOND,TDR0101,BOOK_C,2025-03-11
TXN0005151097,APP003,2025-10-01,pending,304334.92,GBP,AMER,CP0040,EQUITY,TDR0150,BOOK_C,2025-02-17
TXN0009212563,APP007,2025-12-16,settled,693418.79,USD,EMEA,CP0006,FX,TDR0026,BOOK_D,2025-04-17
TXN0009917850,APP003,2026-02-08,settled,383385.65,JPY,LATAM,CP0034,BOND,TDR0010,BOOK_A,2025-10-18
TXN0000976563,APP007,2025-05-23,reversed,858933.94,EUR,APAC,CP0368,FUTURE,TDR0200,BOOK_C,2025-02-01
TXN0000000198,APP013,2025-12-07,reversed,563734.51,EUR,AMER,CP0119,FX,TDR0125,BOOK_B,2025-08-04
TXN0003189233,APP020,2025-10-22,reversed,762814.57,CHF,LATAM,CP0130,FUTURE,TDR0142,BOOK_D,2025-11-04
TXN0005309686,APP002,2026-02-04,failed,366872.78,GBP,EMEA,CP0481,BOND,TDR0128,BOOK_A,2026-02-16
TXN0006889594,APP020,2025-03-16,settled,337724.65,EUR,APAC,CP0040,SWAP,TDR0174,BOOK_C,2025-11-20
TXN0000312599,APP004,2025-07-18,pending,671460.37,GBP,AMER,CP0480,SWAP,TDR0004,BOOK_D,2025-06-13
TXN0006235300,APP017,2025-04-27,pending,289883.1,EUR,AMER,CP0122,SWAP,TDR0190,BOOK_A,2025-12-20
TXN0009613849,APP006,2025-11-17,failed,124236.89,CHF,APAC,CP0489,SWAP,TDR0183,BOOK_B,2025-07-26
TXN0007419697,APP016,2025-01-21,failed,17772.06,USD,APAC,CP0209,FUTURE,TDR0085,BOOK_C,2025-09-02
TXN0002874742,APP011,2025-11-29,reversed,686486.98,CHF,APAC,CP0457,FX,TDR0071,BOOK_D,2025-06-12
TXN0007373951,APP015,2025-11-12,settled,189093.71,AUD,APAC,CP0382,BOND,TDR0117,BOOK_B,2025-05-27
TXN0001045561,APP018,2025-11-19,active,144689.3,CHF,LATAM,CP0263,SWAP,TDR0047,BOOK_D,2025-05-22
TXN0005168183,APP019,2026-02-22,settled,120462.17,AUD,LATAM,CP0383,OPTION,TDR0192,BOOK_A,2026-03-30
TXN0000325773,APP008,2025-08-13,pending,213335.36,GBP,AMER,CP0353,FX,TDR0110,BOOK_C,2026-04-13
TXN0003897409,APP015,2026-01-15,active,532054.93,GBP,EMEA,CP0455,EQUITY,TDR0145,BOOK_A,2025-02-18
TXN0000804239,APP003,2025-01-20,pending,465732.71,USD,LATAM,CP0291,FUTURE,TDR0145,BOOK_C,2025-11-16
TXN0003772641,APP010,2025-11-06,failed,782560.94,AUD,APAC,CP0282,EQUITY,TDR0055,BOOK_D,2025-01-23
TXN0003230202,APP011,2026-02-13,pending,60439.16,CHF,EMEA,CP0396,FUTURE,TDR0009,BOOK_C,2026-01-09
TXN0005323877,APP004,2025-12-23,reversed,1271.59,AUD,APAC,CP0150,BOND,TDR0084,BOOK_C,2026-02-25
TXN0009380714,APP011,2026-02-01,settled,136513.62,AUD,EMEA,CP0388,FUTURE,TDR0135,BOOK_A,2025-02-11
TXN0000235031,APP018,2025-06-15,pending,513242.3,EUR,APAC,CP0395,FUTURE,TDR0056,BOOK_C,2026-01-17
TXN0007011147,APP015,2025-04-12,reversed,926246.4,CHF,AMER,CP0489,BOND,TDR0059,BOOK_D,2025-10-21
TXN0004145077,APP013,2025-08-03,failed,435928.34,CHF,APAC,CP0131,BOND,TDR0191,BOOK_C,2025-01-24
TXN0002393958,APP013,2025-08-23,active,111628.89,GBP,AMER,CP0036,BOND,TDR0130,BOOK_D,2026-01-22
TXN0001292909,APP007,2025-09-02,reversed,287166.37,AUD,AMER,CP0385,EQUITY,TDR0084,BOOK_D,2025-03-28
TXN0001807659,APP020,2025-01-28,active,874660.74,AUD,AMER,CP0142,BOND,TDR0123,BOOK_D,2026-03-01
TXN0009785717,APP009,2025-07-21,reversed,632454.0,CHF,LATAM,CP0494,FUTURE,TDR0157,BOOK_A,2025-02-22
TXN0005981618,APP001,2025-12-18,reversed,6405.51,USD,EMEA,CP0227,EQUITY,TDR0178,BOOK_B,2025-10-10
TXN0004228362,APP004,2025-12-05,reversed,276553.93,AUD,LATAM,CP0080,FUTURE,TDR0064,BOOK_D,2026-02-11
TXN0006975880,APP009,2025-06-22,reversed,25786.77,JPY,APAC,CP0467,OPTION,TDR0156,BOOK_D,2025-05-10
TXN0006731095,APP009,2026-02-14,pending,937045.11,CHF,EMEA,CP0092,OPTION,TDR0120,BOOK_A,2025-08-11
TXN0005343970,APP016,2026-01-04,failed,818625.51,EUR,EMEA,CP0335,OPTION,TDR0135,BOOK_A,2026-01-09
TXN0009280604,APP005,2025-11-09,pending,22587.86,USD,AMER,CP0261,BOND,TDR0032,BOOK_C,2026-01-25
TXN0004419220,APP018,2025-07-01,active,532262.22,USD,LATAM,CP0276,FX,TDR0019,BOOK_A,2025-10-16
TXN0001881500,APP004,2025-09-13,settled,743160.59,CHF,APAC,CP0107,EQUITY,TDR0173,BOOK_D,2026-01-15
TXN0002098504,APP002,2026-03-02,active,908413.64,JPY,EMEA,CP0058,FUTURE,TDR0153,BOOK_D,2025-02-05
TXN0002097285,APP011,2025-12-01,reversed,824772.1,USD,AMER,CP0218,BOND,TDR0018,BOOK_B,2025-11-12
TXN0000261738,APP009,2025-09-27,pending,163075.9,EUR,AMER,CP0492,EQUITY,TDR0052,BOOK_C,2025-07-19
TXN0001257049,APP009,2026-03-25,reversed,352473.39,GBP,LATAM,CP0044,FX,TDR0094,BOOK_B,2026-01-20
TXN0009743260,APP012,2025-04-19,pending,928341.49,GBP,APAC,CP0263,FX,TDR0100,BOOK_C,2025-06-06
TXN0005722726,APP011,2026-01-10,active,232912.35,AUD,LATAM,CP0316,SWAP,TDR0025,BOOK_D,2026-03-20
TXN0003693360,APP014,2026-01-09,active,495553.51,JPY,APAC,CP0441,FX,TDR0007,BOOK_B,2025-06-17
TXN0003231714,APP010,2025-08-15,pending,962433.08,EUR,APAC,CP0327,EQUITY,TDR0119,BOOK_A,2025-02-13
TXN0008609100,APP011,2026-01-01,active,916869.13,USD,EMEA,CP0390,FUTURE,TDR0130,BOOK_A,2025-05-29
TXN0000418225,APP004,2025-09-13,settled,170238.19,EUR,LATAM,CP0499,BOND,TDR0077,BOOK_A,2025-07-31
TXN0003886393,APP005,2026-03-07,settled,469635.84,AUD,EMEA,CP0366,FUTURE,TDR0125,BOOK_B,2025-07-22
TXN0005996228,APP013,2025-10-06,failed,520364.2,USD,APAC,CP0067,FX,TDR0133,BOOK_B,2025-03-01
TXN0005262562,APP010,2025-07-16,reversed,783409.86,CHF,APAC,CP0280,FX,TDR0182,BOOK_D,2026-01-18
TXN0004425928,APP011,2025-10-27,failed,949452.95,CHF,APAC,CP0291,SWAP,TDR0105,BOOK_C,2025-02-12
TXN0007232402,APP003,2026-04-05,pending,925324.77,EUR,EMEA,CP0288,FUTURE,TDR0124,BOOK_C,2025-07-20
TXN0007959991,APP003,2025-02-24,failed,657590.95,AUD,APAC,CP0005,FX,TDR0009,BOOK_B,2025-08-02
TXN0000808798,APP015,2025-11-14,settled,87905.41,EUR,EMEA,CP0210,FUTURE,TDR0163,BOOK_C,2026-02-23
TXN0000333318,APP018,2025-01-13,pending,325043.79,AUD,LATAM,CP0362,EQUITY,TDR0063,BOOK_B,2025-11-07
TXN0000800969,APP004,2025-02-07,pending,404904.74,GBP,APAC,CP0273,FX,TDR0139,BOOK_A,2025-08-28
TXN0007137241,APP016,2026-01-10,reversed,230421.89,JPY,AMER,CP0363,OPTION,TDR0173,BOOK_C,2026-02-05
TXN0009639810,APP004,2025-07-23,failed,960741.06,EUR,APAC,CP0157,SWAP,TDR0038,BOOK_A,2026-03-02
TXN0006107320,APP014,2026-02-09,settled,38134.05,AUD,LATAM,CP0267,OPTION,TDR0187,BOOK_D,2025-11-16
TXN0002116024,APP009,2025-11-20,reversed,931276.42,EUR,LATAM,CP0306,SWAP,TDR0014,BOOK_C,2025-12-11
TXN0002902572,APP003,2026-04-14,settled,177560.53,JPY,EMEA,CP0367,EQUITY,TDR0049,BOOK_B,2026-01-02
TXN0006053491,APP019,2025-08-21,failed,244729.67,GBP,EMEA,CP0069,SWAP,TDR0059,BOOK_C,2025-11-17
TXN0001281762,APP001,2026-02-13,settled,374252.94,EUR,AMER,CP0441,OPTION,TDR0148,BOOK_C,2025-03-21
TXN0006502117,APP007,2025-04-08,settled,620206.15,JPY,AMER,CP0058,SWAP,TDR0175,BOOK_A,2025-09-27
TXN0003262885,APP003,2025-06-19,pending,852089.55,AUD,AMER,CP0090,BOND,TDR0088,BOOK_B,2025-07-22
TXN0001721850,APP017,2025-11-26,failed,593803.65,JPY,EMEA,CP0026,FUTURE,TDR0024,BOOK_A,2025-04-26
TXN0001527911,APP009,2025-02-02,pending,849064.06,AUD,AMER,CP0237,SWAP,TDR0130,BOOK_B,2026-02-04
TXN0002946766,APP001,2025-11-03,pending,619872.85,CHF,AMER,CP0058,FX,TDR0005,BOOK_C,2025-11-14
TXN0003200621,APP005,2025-06-04,reversed,969494.98,EUR,AMER,CP0060,FUTURE,TDR0001,BOOK_C,2026-04-01
TXN0001644870,APP002,2026-03-22,pending,674074.52,EUR,APAC,CP0214,OPTION,TDR0173,BOOK_D,2025-08-13
TXN0008734214,APP015,2025-05-05,settled,76069.47,AUD,EMEA,CP0388,SWAP,TDR0180,BOOK_A,2025-01-21
TXN0009532566,APP011,2025-07-01,failed,609254.07,AUD,LATAM,CP0210,FUTURE,TDR0100,BOOK_D,2025-03-14
TXN0009885461,APP012,2026-02-02,pending,940744.44,JPY,LATAM,CP0102,FUTURE,TDR0141,BOOK_A,2025-03-04
TXN0000255876,APP015,2025-12-31,active,281741.39,JPY,EMEA,CP0178,FX,TDR0189,BOOK_B,2025-06-23
TXN0001668090,APP006,2025-05-21,failed,573452.16,CHF,APAC,CP0393,FUTURE,TDR0174,BOOK_D,2026-03-13
TXN0006284389,APP017,2025-02-26,reversed,472805.16,USD,AMER,CP0123,BOND,TDR0073,BOOK_A,2025-05-21
TXN0008500839,APP004,2025-08-12,failed,228414.08,CHF,LATAM,CP0200,BOND,TDR0041,BOOK_D,2025-04-01
TXN0005254001,APP006,2025-11-27,settled,212365.83,CHF,EMEA,CP0183,FX,TDR0197,BOOK_A,2026-03-21
TXN0001123983,APP020,2025-04-28,failed,884802.02,USD,EMEA,CP0004,OPTION,TDR0094,BOOK_A,2026-01-03
TXN0009212671,APP019,2025-11-16,active,806551.28,CHF,EMEA,CP0169,OPTION,TDR0117,BOOK_A,2025-05-03
TXN0001592625,APP004,2025-11-27,active,224659.65,GBP,EMEA,CP0419,OPTION,TDR0133,BOOK_A,2025-07-12
TXN0003305849,APP011,2025-09-15,active,978302.38,AUD,AMER,CP0119,OPTION,TDR0080,BOOK_B,2025-07-16
TXN0002056416,APP013,2026-03-03,reversed,835603.41,JPY,APAC,CP0310,SWAP,TDR0139,BOOK_D,2025-06-30
TXN0007284219,APP009,2025-03-09,reversed,445129.05,JPY,LATAM,CP0349,BOND,TDR0151,BOOK_B,2025-12-25
TXN0005113142,APP009,2025-12-03,pending,124433.23,AUD,APAC,CP0186,FUTURE,TDR0090,BOOK_D,2025-04-03
TXN0001995389,APP009,2026-03-17,reversed,52487.11,JPY,LATAM,CP0029,FX,TDR0166,BOOK_C,2025-04-14
TXN0001347240,APP015,2025-04-06,active,688269.44,EUR,LATAM,CP0361,SWAP,TDR0051,BOOK_C,2025-12-18
TXN0007713672,APP016,2025-12-14,failed,137065.25,GBP,LATAM,CP0353,EQUITY,TDR0030,BOOK_A,2025-04-22
TXN0004550960,APP016,2025-01-31,active,466923.86,USD,LATAM,CP0117,EQUITY,TDR0049,BOOK_A,2025-07-04
TXN0001032113,APP011,2025-04-13,failed,592862.57,JPY,AMER,CP0099,FX,TDR0027,BOOK_A,2025-08-04
TXN0007018284,APP020,2025-02-23,reversed,747419.46,AUD,APAC,CP0367,FUTURE,TDR0160,BOOK_D,2025-02-12
TXN0003096020,APP012,2025-05-04,reversed,151997.07,GBP,AMER,CP0003,EQUITY,TDR0172,BOOK_A,2025-12-07
TXN0002663163,APP009,2025-09-01,active,266258.74,USD,AMER,CP0425,OPTION,TDR0068,BOOK_A,2025-09-04
TXN0008304689,APP013,2026-03-19,active,543056.23,CHF,AMER,CP0216,OPTION,TDR0157,BOOK_A,2025-08-11
TXN0004118275,APP011,2026-03-04,active,851945.51,AUD,APAC,CP0206,FX,TDR0031,BOOK_C,2025-03-27
TXN0009178148,APP016,2025-11-08,reversed,623725.12,JPY,EMEA,CP0112,BOND,TDR0179,BOOK_C,2025-06-24
TXN0005626328,APP008,2025-04-20,reversed,886903.24,EUR,EMEA,CP0269,OPTION,TDR0025,BOOK_B,2025-07-14
TXN0003838289,APP018,2025-10-30,pending,354953.4,JPY,LATAM,CP0412,OPTION,TDR0159,BOOK_D,2025-11-14
TXN0003293725,APP011,2026-02-04,settled,430682.75,EUR,APAC,CP0012,SWAP,TDR0165,BOOK_D,2025-08-21
TXN0002879546,APP003,2026-03-13,settled,658746.27,USD,APAC,CP0026,BOND,TDR0075,BOOK_C,2025-01-08
TXN0004926064,APP016,2025-06-04,pending,53710.67,GBP,APAC,CP0168,FUTURE,TDR0141,BOOK_B,2026-03-18
TXN0003082455,APP018,2025-07-05,pending,309994.09,EUR,LATAM,CP0265,OPTION,TDR0181,BOOK_D,2025-01-06
TXN0008049291,APP009,2026-04-08,settled,853151.87,EUR,LATAM,CP0319,EQUITY,TDR0054,BOOK_A,2025-04-29
TXN0009800486,APP007,2025-01-13,settled,286783.98,AUD,EMEA,CP0384,EQUITY,TDR0044,BOOK_B,2025-09-16
TXN0004821985,APP014,2025-06-04,pending,57663.22,GBP,APAC,CP0351,FX,TDR0110,BOOK_A,2025-09-01
TXN0003426979,APP002,2025-12-24,active,601367.18,AUD,LATAM,CP0477,FX,TDR0149,BOOK_A,2025-07-27
TXN0006617340,APP006,2026-01-07,settled,879513.79,JPY,AMER,CP0084,FUTURE,TDR0077,BOOK_A,2025-10-04
TXN0002176480,APP011,2025-02-17,active,288356.31,CHF,LATAM,CP0109,EQUITY,TDR0003,BOOK_D,2025-03-25
TXN0000792739,APP009,2025-07-13,pending,816189.58,JPY,LATAM,CP0283,SWAP,TDR0023,BOOK_D,2025-05-05
TXN0006799829,APP014,2025-11-08,active,997179.5,EUR,AMER,CP0104,FUTURE,TDR0059,BOOK_C,2026-02-19
TXN0005820509,APP013,2025-05-05,failed,450239.81,JPY,APAC,CP0067,SWAP,TDR0129,BOOK_A,2026-03-20
TXN0004953339,APP018,2025-12-04,failed,277463.87,AUD,EMEA,CP0208,FUTURE,TDR0082,BOOK_D,2025-09-06
TXN0002927983,APP013,2025-03-31,pending,44640.77,USD,APAC,CP0115,FUTURE,TDR0099,BOOK_A,2025-07-15
TXN0000481091,APP008,2025-12-20,active,307317.43,GBP,EMEA,CP0494,SWAP,TDR0132,BOOK_B,2025-09-26
TXN0005522033,APP010,2025-03-13,reversed,287204.79,CHF,APAC,CP0161,BOND,TDR0153,BOOK_B,2025-05-03
TXN0004465385,APP017,2026-01-23,pending,354103.5,USD,APAC,CP0017,BOND,TDR0179,BOOK_A,2026-03-27
TXN0001308478,APP013,2025-08-08,active,458870.1,AUD,AMER,CP0301,SWAP,TDR0117,BOOK_D,2025-10-18
TXN0007303055,APP006,2025-03-08,pending,848046.04,EUR,LATAM,CP0318,SWAP,TDR0166,BOOK_A,2025-11-05
TXN0002701890,APP019,2025-01-15,active,805374.48,GBP,AMER,CP0471,SWAP,TDR0193,BOOK_C,2025-05-07
TXN0000528957,APP018,2025-11-26,settled,564715.77,USD,APAC,CP0200,OPTION,TDR0129,BOOK_B,2025-11-16
TXN0008344643,APP011,2026-01-21,settled,338335.39,USD,EMEA,CP0453,SWAP,TDR0163,BOOK_C,2025-12-13
TXN0007094525,APP020,2025-04-01,pending,524262.76,USD,AMER,CP0286,SWAP,TDR0021,BOOK_B,2025-09-17
TXN0009582264,APP002,2025-05-07,failed,516754.42,CHF,AMER,CP0486,SWAP,TDR0034,BOOK_C,2026-02-24
TXN0002423524,APP002,2025-09-16,failed,696356.79,JPY,AMER,CP0323,EQUITY,TDR0177,BOOK_B,2025-01-27
TXN0009102706,APP017,2025-03-12,failed,794714.5,JPY,LATAM,CP0163,FUTURE,TDR0040,BOOK_A,2025-09-30
TXN0007189247,APP015,2025-08-09,reversed,724974.61,JPY,AMER,CP0086,EQUITY,TDR0130,BOOK_A,2025-01-22
TXN0005411801,APP013,2025-03-06,reversed,782675.82,GBP,AMER,CP0099,OPTION,TDR0117,BOOK_D,2025-08-19
TXN0001214895,APP002,2026-01-08,settled,590623.85,EUR,APAC,CP0282,BOND,TDR0164,BOOK_C,2025-01-02
TXN0009925790,APP001,2026-02-09,failed,102155.59,EUR,AMER,CP0214,BOND,TDR0092,BOOK_C,2025-12-19
TXN0006505732,APP007,2025-12-23,reversed,60307.95,CHF,EMEA,CP0427,FX,TDR0189,BOOK_C,2025-04-07
TXN0003823068,APP008,2025-11-29,pending,173600.19,EUR,APAC,CP0375,FUTURE,TDR0022,BOOK_D,2026-02-26
TXN0007427551,APP001,2025-11-03,reversed,306559.11,USD,AMER,CP0490,OPTION,TDR0084,BOOK_D,2025-09-06
TXN0005916818,APP006,2025-04-19,pending,431019.37,JPY,APAC,CP0092,SWAP,TDR0106,BOOK_B,2025-09-04
TXN0004684639,APP016,2026-03-27,failed,663501.86,GBP,APAC,CP0330,SWAP,TDR0194,BOOK_D,2025-11-27
TXN0004178957,APP006,2026-02-22,failed,330997.58,AUD,AMER,CP0360,FX,TDR0095,BOOK_D,2026-02-01
TXN0005174564,APP001,2025-07-11,settled,710003.34,EUR,APAC,CP0266,SWAP,TDR0169,BOOK_A,2025-07-05
TXN0002773846,APP015,2025-06-07,reversed,103963.83,USD,LATAM,CP0077,EQUITY,TDR0041,BOOK_D,2025-10-26
TXN0000938580,APP007,2025-01-29,pending,773189.11,CHF,APAC,CP0355,OPTION,TDR0088,BOOK_C,2026-02-10
TXN0003852899,APP007,2025-04-11,failed,404682.74,CHF,APAC,CP0406,FUTURE,TDR0086,BOOK_B,2025-08-09
TXN0009819929,APP009,2026-03-04,active,647337.79,EUR,LATAM,CP0344,FX,TDR0184,BOOK_B,2025-05-13
TXN0006256252,APP017,2025-05-08,pending,106960.19,GBP,APAC,CP0315,FUTURE,TDR0193,BOOK_A,2025-01-07
TXN0006248223,APP016,2026-04-06,pending,106187.41,EUR,LATAM,CP0070,FX,TDR0163,BOOK_B,2026-03-27
TXN0000591219,APP004,2026-02-16,active,734234.97,EUR,APAC,CP0121,BOND,TDR0031,BOOK_D,2025-05-01
TXN0002696094,APP001,2025-05-12,settled,585914.48,AUD,APAC,CP0266,EQUITY,TDR0164,BOOK_C,2025-01-25
TXN0000904743,APP004,2025-04-29,reversed,526849.17,JPY,APAC,CP0463,EQUITY,TDR0021,BOOK_D,2025-03-14
TXN0003819363,APP009,2025-05-18,pending,636291.48,USD,AMER,CP0253,OPTION,TDR0042,BOOK_A,2025-04-07
TXN0000312646,APP016,2025-07-23,pending,141616.15,JPY,APAC,CP0323,OPTION,TDR0102,BOOK_C,2025-04-08
TXN0007354030,APP009,2026-03-01,pending,519605.67,JPY,APAC,CP0252,SWAP,TDR0020,BOOK_A,2025-07-06
TXN0005272630,APP017,2025-03-28,active,331810.76,GBP,AMER,CP0154,FUTURE,TDR0175,BOOK_A,2025-08-14
TXN0009126018,APP009,2025-10-18,settled,98241.58,AUD,APAC,CP0148,EQUITY,TDR0106,BOOK_C,2025-03-05
TXN0007958584,APP001,2025-12-29,failed,589931.47,GBP,EMEA,CP0371,EQUITY,TDR0078,BOOK_B,2025-04-04
TXN0000038433,APP008,2025-01-30,active,664005.73,JPY,EMEA,CP0080,FUTURE,TDR0118,BOOK_A,2025-10-26
TXN0002025918,APP005,2025-06-19,active,575679.89,CHF,AMER,CP0102,EQUITY,TDR0057,BOOK_C,2025-03-29
TXN0002045304,APP014,2025-02-16,reversed,399772.54,GBP,APAC,CP0074,EQUITY,TDR0117,BOOK_B,2026-01-26
TXN0000185298,APP003,2025-06-07,settled,631993.86,AUD,LATAM,CP0270,SWAP,TDR0162,BOOK_D,2025-04-20
TXN0007279440,APP020,2025-07-24,active,513575.64,JPY,APAC,CP0372,EQUITY,TDR0181,BOOK_C,2026-03-06
TXN0007891912,APP020,2025-05-24,failed,426997.11,CHF,APAC,CP0015,BOND,TDR0016,BOOK_B,2025-11-22
TXN0001892120,APP007,2025-11-11,settled,568014.93,USD,EMEA,CP0105,EQUITY,TDR0123,BOOK_D,2025-01-13
TXN0009194374,APP007,2026-04-09,settled,830025.65,EUR,EMEA,CP0256,FUTURE,TDR0111,BOOK_B,2025-02-07
TXN0003476629,APP008,2025-05-03,settled,200416.78,CHF,APAC,CP0256,EQUITY,TDR0030,BOOK_D,2025-10-06
TXN0005063952,APP002,2025-01-08,active,644587.81,GBP,AMER,CP0320,FUTURE,TDR0057,BOOK_B,2026-01-13
TXN0004215511,APP014,2025-01-16,active,674890.1,CHF,EMEA,CP0215,OPTION,TDR0148,BOOK_D,2026-03-30
TXN0001372184,APP003,2025-08-18,settled,71078.85,GBP,LATAM,CP0109,FUTURE,TDR0077,BOOK_B,2025-07-13
TXN0000305839,APP011,2025-04-05,active,781304.49,CHF,AMER,CP0360,FX,TDR0122,BOOK_D,2025-10-31
TXN0003667197,APP014,2025-03-23,active,4479.62,JPY,EMEA,CP0081,FUTURE,TDR0139,BOOK_D,2025-03-15
TXN0007055091,APP005,2025-12-12,settled,343885.63,GBP,LATAM,CP0453,BOND,TDR0015,BOOK_D,2026-02-05
TXN0004341819,APP014,2025-07-07,active,432606.51,CHF,AMER,CP0298,FUTURE,TDR0117,BOOK_B,2025-07-28
TXN0002223832,APP011,2025-08-08,pending,221168.01,JPY,APAC,CP0379,BOND,TDR0083,BOOK_D,2025-11-01
TXN0000705934,APP006,2025-10-26,reversed,214907.89,EUR,LATAM,CP0465,OPTION,TDR0099,BOOK_A,2025-04-28
TXN0009585502,APP008,2026-01-31,reversed,357113.56,AUD,EMEA,CP0440,SWAP,TDR0177,BOOK_D,2025-12-28
TXN0008487165,APP020,2026-01-10,failed,30120.49,AUD,LATAM,CP0099,OPTION,TDR0014,BOOK_C,2026-04-14
TXN0006937001,APP006,2025-02-03,reversed,940447.25,GBP,LATAM,CP0080,OPTION,TDR0041,BOOK_A,2025-08-10
TXN0002245789,APP003,2025-10-25,active,341568.73,GBP,EMEA,CP0024,FX,TDR0096,BOOK_A,2025-12-02
TXN0007532105,APP011,2025-01-03,reversed,542994.53,AUD,EMEA,CP0204,EQUITY,TDR0083,BOOK_D,2025-09-21
TXN0009508027,APP013,2026-02-28,pending,672386.84,CHF,AMER,CP0424,FX,TDR0091,BOOK_D,2025-10-20
TXN0002963820,APP007,2025-03-27,active,653620.69,JPY,EMEA,CP0362,OPTION,TDR0186,BOOK_C,2025-07-13
TXN0003731755,APP002,2025-02-26,settled,756456.94,USD,APAC,CP0035,FUTURE,TDR0065,BOOK_B,2025-01-04
TXN0001830716,APP016,2026-03-23,active,371412.63,CHF,EMEA,CP0120,FUTURE,TDR0117,BOOK_A,2025-03-26
TXN0003185954,APP017,2025-01-18,pending,339775.37,USD,EMEA,CP0353,SWAP,TDR0030,BOOK_C,2026-03-12
TXN0002835484,APP006,2025-09-25,failed,775940.35,EUR,EMEA,CP0413,FUTURE,TDR0012,BOOK_D,2025-01-01
TXN0009437343,APP015,2025-07-27,settled,578474.02,GBP,APAC,CP0005,OPTION,TDR0177,BOOK_D,2025-03-29
TXN0008751193,APP018,2025-02-19,active,232283.83,AUD,EMEA,CP0285,BOND,TDR0117,BOOK_B,2025-05-06
TXN0004121097,APP010,2026-03-19,active,883194.67,EUR,APAC,CP0163,EQUITY,TDR0056,BOOK_A,2025-07-04
TXN0005379357,APP012,2025-05-10,active,944927.87,CHF,AMER,CP0334,EQUITY,TDR0157,BOOK_C,2025-04-04
TXN0005058486,APP017,2026-04-02,settled,777703.39,USD,LATAM,CP0177,OPTION,TDR0142,BOOK_D,2026-03-25
TXN0005804624,APP001,2026-02-04,reversed,324256.0,USD,LATAM,CP0451,EQUITY,TDR0167,BOOK_D,2025-03-20
TXN0005263829,APP014,2025-12-11,failed,613075.95,EUR,LATAM,CP0318,EQUITY,TDR0018,BOOK_B,2026-03-24
TXN0001486320,APP002,2025-12-22,reversed,540494.97,CHF,EMEA,CP0263,FUTURE,TDR0148,BOOK_D,2025-11-16
TXN0005035789,APP001,2025-10-18,reversed,380579.13,JPY,EMEA,CP0030,SWAP,TDR0183,BOOK_A,2026-02-26
TXN0007978453,APP008,2025-03-12,reversed,436025.97,GBP,AMER,CP0490,BOND,TDR0062,BOOK_A,2025-07-26
TXN0008095989,APP016,2025-09-01,settled,187076.0,AUD,AMER,CP0099,FUTURE,TDR0131,BOOK_B,2025-03-22
TXN0001231230,APP013,2026-02-10,failed,432215.7,JPY,LATAM,CP0328,BOND,TDR0080,BOOK_D,2025-11-09
TXN0007303344,APP019,2025-12-16,reversed,970100.28,AUD,AMER,CP0228,SWAP,TDR0107,BOOK_A,2025-01-26
TXN0005992870,APP020,2025-08-16,settled,149824.38,GBP,LATAM,CP0262,BOND,TDR0078,BOOK_A,2026-01-04
TXN0004222566,APP001,2025-10-06,active,884825.65,EUR,EMEA,CP0336,FUTURE,TDR0119,BOOK_A,2026-03-06
TXN0006457225,APP016,2025-12-26,settled,883015.9,GBP,APAC,CP0410,SWAP,TDR0190,BOOK_A,2026-02-10
TXN0008359777,APP004,2025-04-18,failed,691279.62,AUD,AMER,CP0012,BOND,TDR0010,BOOK_C,2025-01-09
TXN0008670450,APP014,2025-03-22,failed,983249.74,CHF,EMEA,CP0019,FX,TDR0002,BOOK_D,2026-04-01
TXN0008243711,APP017,2025-08-19,failed,921382.75,AUD,EMEA,CP0481,OPTION,TDR0199,BOOK_B,2026-03-31
TXN0003192236,APP006,2025-03-10,failed,288966.03,GBP,EMEA,CP0440,SWAP,TDR0091,BOOK_B,2025-11-29
TXN0003584817,APP010,2025-06-18,failed,174910.26,GBP,EMEA,CP0108,OPTION,TDR0144,BOOK_D,2026-02-21
TXN0003188827,APP020,2025-06-08,failed,874949.48,EUR,APAC,CP0335,EQUITY,TDR0059,BOOK_C,2025-03-02
TXN0005953105,APP013,2025-03-10,reversed,977699.47,AUD,EMEA,CP0426,FUTURE,TDR0050,BOOK_D,2025-02-21
TXN0003954077,APP019,2025-11-03,reversed,626387.33,USD,EMEA,CP0283,FUTURE,TDR0122,BOOK_D,2026-02-04
TXN0008405421,APP015,2026-02-11,settled,464365.91,CHF,LATAM,CP0200,SWAP,TDR0066,BOOK_B,2025-07-02
TXN0000643637,APP006,2025-12-12,active,772027.23,CHF,AMER,CP0320,OPTION,TDR0186,BOOK_B,2025-09-14
TXN0007492220,APP010,2026-04-04,active,451616.99,AUD,APAC,CP0269,SWAP,TDR0136,BOOK_C,2026-02-12
TXN0000027155,APP007,2025-02-15,failed,253011.54,USD,AMER,CP0411,BOND,TDR0027,BOOK_B,2025-02-27
TXN0004490902,APP015,2025-09-25,reversed,544984.87,CHF,APAC,CP0088,EQUITY,TDR0049,BOOK_C,2026-04-03
TXN0004751929,APP014,2025-08-28,active,302067.72,GBP,AMER,CP0448,FUTURE,TDR0016,BOOK_A,2025-09-22
TXN0008314292,APP016,2025-04-14,failed,533179.28,CHF,EMEA,CP0007,OPTION,TDR0064,BOOK_C,2026-03-30
TXN0004200909,APP012,2025-08-19,active,22696.42,EUR,AMER,CP0100,EQUITY,TDR0170,BOOK_C,2025-09-12
TXN0003370299,APP020,2025-07-13,reversed,652018.47,USD,LATAM,CP0001,BOND,TDR0161,BOOK_D,2025-01-07
TXN0002121060,APP004,2025-04-19,pending,257153.59,AUD,EMEA,CP0457,EQUITY,TDR0091,BOOK_C,2026-03-30
TXN0005573543,APP013,2025-05-04,settled,643752.93,GBP,LATAM,CP0397,SWAP,TDR0188,BOOK_B,2025-11-11
TXN0006850107,APP008,2025-03-28,failed,917533.8,GBP,AMER,CP0134,FX,TDR0181,BOOK_A,2025-06-22
TXN0008909434,APP018,2026-01-25,pending,146517.96,CHF,AMER,CP0397,FUTURE,TDR0019,BOOK_A,2025-07-20
TXN0009236030,APP007,2025-09-21,settled,24340.13,GBP,LATAM,CP0409,BOND,TDR0069,BOOK_D,2025-03-05
TXN0009512839,APP013,2025-01-18,pending,620408.77,JPY,LATAM,CP0451,OPTION,TDR0072,BOOK_B,2025-10-08
TXN0003750910,APP011,2025-07-03,failed,331963.42,JPY,LATAM,CP0086,OPTION,TDR0033,BOOK_D,2026-02-18
TXN0004035990,APP013,2025-02-07,reversed,452421.05,EUR,APAC,CP0417,FUTURE,TDR0046,BOOK_B,2025-06-23
TXN0001785832,APP020,2025-07-01,settled,363235.48,AUD,EMEA,CP0167,EQUITY,TDR0195,BOOK_C,2025-11-14
TXN0008522116,APP003,2025-05-23,reversed,425482.02,AUD,LATAM,CP0138,SWAP,TDR0037,BOOK_A,2025-10-13
TXN0005884876,APP009,2025-05-13,active,518417.44,JPY,LATAM,CP0268,OPTION,TDR0019,BOOK_B,2025-05-10
TXN0002450592,APP001,2025-10-21,failed,821460.55,EUR,APAC,CP0107,SWAP,TDR0165,BOOK_C,2025-03-31
TXN0000332446,APP012,2025-05-02,pending,6053.07,AUD,APAC,CP0014,OPTION,TDR0063,BOOK_D,2026-03-11
TXN0000560608,APP010,2025-10-16,settled,170346.07,USD,EMEA,CP0378,BOND,TDR0011,BOOK_C,2025-11-08
TXN0008028163,APP015,2025-11-14,settled,940938.78,AUD,AMER,CP0468,FX,TDR0180,BOOK_C,2025-08-28
TXN0008791858,APP009,2025-03-02,pending,644552.51,AUD,EMEA,CP0451,BOND,TDR0045,BOOK_A,2025-01-05
TXN0008704783,APP013,2025-02-01,reversed,431918.63,EUR,APAC,CP0027,SWAP,TDR0091,BOOK_D,2026-02-27
TXN0007507631,APP019,2026-01-27,pending,969257.58,USD,APAC,CP0405,OPTION,TDR0046,BOOK_D,2025-06-01
TXN0005263724,APP020,2025-07-28,settled,154808.75,JPY,EMEA,CP0044,BOND,TDR0037,BOOK_D,2025-10-10
TXN0007268197,APP008,2025-11-13,active,109252.87,CHF,EMEA,CP0054,SWAP,TDR0027,BOOK_D,2025-09-04
TXN0002340471,APP010,2025-10-19,reversed,644830.78,GBP,APAC,CP0083,SWAP,TDR0190,BOOK_D,2025-10-21
TXN0000687368,APP005,2025-10-05,failed,316299.26,JPY,APAC,CP0347,EQUITY,TDR0104,BOOK_C,2025-02-04
TXN0004581332,APP020,2025-05-28,pending,257889.44,CHF,APAC,CP0271,EQUITY,TDR0087,BOOK_C,2025-03-07
TXN0007738157,APP015,2025-03-05,pending,96585.64,CHF,APAC,CP0213,EQUITY,TDR0189,BOOK_D,2025-09-13
TXN0005981689,APP001,2025-07-09,reversed,853070.01,AUD,LATAM,CP0215,FX,TDR0148,BOOK_A,2025-12-05
TXN0002677247,APP011,2025-07-30,reversed,559586.79,JPY,APAC,CP0174,BOND,TDR0064,BOOK_C,2026-02-03
TXN0000740425,APP015,2025-09-12,reversed,217245.56,AUD,APAC,CP0265,FX,TDR0067,BOOK_D,2026-02-27
TXN0009602498,APP006,2026-01-07,settled,233413.32,GBP,AMER,CP0016,FX,TDR0175,BOOK_A,2025-07-08
TXN0001028928,APP011,2025-11-10,active,260071.77,USD,AMER,CP0425,BOND,TDR0142,BOOK_D,2025-01-21
TXN0008245025,APP017,2026-03-23,pending,596723.81,EUR,EMEA,CP0048,EQUITY,TDR0006,BOOK_D,2025-10-18
TXN0003352762,APP004,2025-01-29,settled,34010.89,GBP,AMER,CP0205,FUTURE,TDR0071,BOOK_B,2025-10-07
TXN0000508155,APP010,2026-01-31,failed,246278.58,USD,APAC,CP0166,FX,TDR0059,BOOK_B,2025-12-25
TXN0006731849,APP020,2026-03-29,failed,912146.85,AUD,AMER,CP0303,BOND,TDR0037,BOOK_D,2025-08-03
TXN0004769841,APP008,2025-09-01,pending,290776.43,GBP,EMEA,CP0455,BOND,TDR0125,BOOK_A,2026-01-29
TXN0005505039,APP008,2025-06-25,active,586704.1,CHF,EMEA,CP0162,OPTION,TDR0165,BOOK_A,2025-11-28
TXN0002098374,APP001,2026-01-02,failed,956564.08,AUD,AMER,CP0478,SWAP,TDR0039,BOOK_D,2025-06-28
TXN0002137730,APP015,2026-04-02,settled,55784.97,USD,AMER,CP0432,BOND,TDR0014,BOOK_D,2025-01-27
TXN0004555474,APP012,2026-03-22,settled,272405.45,EUR,LATAM,CP0486,FUTURE,TDR0150,BOOK_A,2025-02-13
TXN0003344008,APP007,2026-03-19,active,239689.68,JPY,APAC,CP0447,FX,TDR0059,BOOK_D,2025-12-04
TXN0000841271,APP004,2025-01-02,failed,95973.41,JPY,LATAM,CP0291,EQUITY,TDR0026,BOOK_A,2025-09-05
TXN0003789594,APP002,2025-11-08,reversed,560246.05,GBP,EMEA,CP0081,EQUITY,TDR0107,BOOK_C,2025-03-13
TXN0004286663,APP017,2025-10-09,reversed,25852.48,CHF,AMER,CP0101,BOND,TDR0174,BOOK_B,2025-06-19
TXN0005382677,APP012,2025-02-02,active,581226.46,GBP,APAC,CP0379,FX,TDR0181,BOOK_A,2025-09-16
TXN0002294855,APP013,2026-04-04,failed,296303.35,EUR,AMER,CP0437,EQUITY,TDR0093,BOOK_C,2026-03-02
TXN0001263971,APP011,2026-02-18,pending,417993.02,CHF,AMER,CP0188,FX,TDR0152,BOOK_B,2025-04-30
TXN0005781099,APP018,2026-01-25,pending,170431.16,CHF,LATAM,CP0225,FUTURE,TDR0145,BOOK_A,2025-04-14
TXN0002288524,APP011,2025-11-12,failed,618086.53,AUD,AMER,CP0050,OPTION,TDR0082,BOOK_C,2025-04-30
TXN0006228838,APP019,2025-03-20,active,749977.73,GBP,AMER,CP0468,FUTURE,TDR0121,BOOK_D,2025-06-08
TXN0003839005,APP002,2025-02-03,active,857255.1,AUD,LATAM,CP0187,FUTURE,TDR0113,BOOK_A,2025-03-14
TXN0000290431,APP005,2026-02-01,failed,278057.84,CHF,LATAM,CP0117,BOND,TDR0084,BOOK_A,2026-03-25
TXN0009766993,APP014,2026-01-23,pending,416470.54,JPY,LATAM,CP0257,BOND,TDR0122,BOOK_C,2025-07-10
TXN0004641624,APP006,2026-03-24,settled,224952.24,EUR,LATAM,CP0474,BOND,TDR0005,BOOK_A,2025-10-03
TXN0004701203,APP002,2025-10-07,settled,440600.23,GBP,APAC,CP0383,SWAP,TDR0115,BOOK_A,2025-03-31
TXN0009007462,APP018,2025-04-01,pending,591735.87,JPY,LATAM,CP0085,SWAP,TDR0116,BOOK_B,2025-12-06
TXN0005703164,APP014,2025-07-19,settled,192158.11,AUD,LATAM,CP0380,SWAP,TDR0029,BOOK_D,2025-05-12
TXN0007653518,APP004,2025-04-16,failed,915378.73,USD,EMEA,CP0237,EQUITY,TDR0068,BOOK_C,2025-08-07
TXN0003597767,APP001,2026-03-19,settled,240211.52,USD,EMEA,CP0074,FUTURE,TDR0019,BOOK_B,2025-11-05
TXN0003975177,APP012,2025-04-28,active,855186.04,CHF,EMEA,CP0006,SWAP,TDR0107,BOOK_B,2025-01-20
TXN0004596391,APP004,2025-08-31,active,58768.86,GBP,LATAM,CP0493,EQUITY,TDR0010,BOOK_A,2026-01-30
TXN0005404325,APP002,2025-02-05,active,677424.27,GBP,AMER,CP0484,BOND,TDR0080,BOOK_D,2026-02-21
TXN0003888152,APP019,2025-06-23,failed,503047.42,GBP,APAC,CP0012,FX,TDR0170,BOOK_D,2025-01-11
TXN0001105738,APP019,2025-01-08,active,968915.81,USD,APAC,CP0194,FUTURE,TDR0095,BOOK_C,2025-05-16
TXN0005972920,APP009,2025-09-04,settled,286830.32,USD,EMEA,CP0404,FX,TDR0099,BOOK_A,2025-05-09
TXN0009619996,APP014,2026-03-02,active,386358.15,AUD,EMEA,CP0012,SWAP,TDR0030,BOOK_B,2025-06-02
TXN0004939010,APP018,2025-11-12,reversed,140329.49,USD,LATAM,CP0207,FX,TDR0149,BOOK_B,2025-05-29
TXN0003272525,APP012,2025-04-22,failed,128421.36,CHF,LATAM,CP0183,FUTURE,TDR0145,BOOK_A,2025-05-29
TXN0001365129,APP012,2025-01-17,failed,173663.97,GBP,AMER,CP0017,SWAP,TDR0175,BOOK_B,2025-12-28
TXN0006641679,APP020,2026-02-25,pending,47927.35,CHF,EMEA,CP0457,EQUITY,TDR0172,BOOK_B,2026-04-10
TXN0007654732,APP014,2025-07-05,failed,645702.46,USD,APAC,CP0389,FX,TDR0087,BOOK_A,2025-06-28
TXN0008506799,APP003,2025-03-25,settled,162432.32,USD,EMEA,CP0221,EQUITY,TDR0094,BOOK_A,2026-04-01
TXN0009225735,APP012,2026-01-10,failed,730005.22,AUD,LATAM,CP0162,FX,TDR0144,BOOK_B,2026-03-23
TXN0004533297,APP017,2025-04-26,failed,16303.48,EUR,EMEA,CP0048,BOND,TDR0100,BOOK_B,2025-05-22
TXN0006747661,APP019,2025-12-25,pending,504042.94,EUR,APAC,CP0121,FX,TDR0118,BOOK_A,2025-07-08
TXN0005366571,APP015,2026-02-25,failed,834840.22,CHF,AMER,CP0092,OPTION,TDR0177,BOOK_A,2026-01-11
TXN0007540773,APP013,2025-07-18,reversed,250171.39,EUR,AMER,CP0429,OPTION,TDR0090,BOOK_A,2025-10-18
TXN0009483061,APP018,2026-04-05,failed,108866.91,CHF,LATAM,CP0083,SWAP,TDR0176,BOOK_D,2026-01-03
TXN0003266206,APP003,2025-08-20,failed,270348.32,EUR,APAC,CP0035,EQUITY,TDR0151,BOOK_B,2025-10-17
TXN0003106280,APP011,2025-05-19,pending,907285.59,JPY,LATAM,CP0147,FUTURE,TDR0048,BOOK_C,2025-12-26
TXN0008365613,APP005,2026-03-02,pending,802048.02,AUD,EMEA,CP0130,EQUITY,TDR0093,BOOK_C,2025-01-27
TXN0007138018,APP001,2025-12-10,reversed,833547.64,CHF,LATAM,CP0416,OPTION,TDR0130,BOOK_A,2025-10-28
TXN0004301046,APP020,2025-10-29,settled,649593.26,USD,EMEA,CP0383,SWAP,TDR0159,BOOK_A,2025-11-13
TXN0008838461,APP004,2025-01-19,active,628001.74,JPY,APAC,CP0407,BOND,TDR0043,BOOK_B,2025-08-23
TXN0008765304,APP007,2025-07-26,pending,791573.38,CHF,LATAM,CP0473,EQUITY,TDR0098,BOOK_C,2025-11-05
TXN0002017077,APP011,2025-10-16,reversed,556483.45,GBP,EMEA,CP0216,BOND,TDR0141,BOOK_D,2025-02-21
TXN0009632668,APP005,2025-08-17,active,344663.66,EUR,LATAM,CP0382,FUTURE,TDR0170,BOOK_D,2025-01-19
TXN0001612584,APP005,2025-11-20,active,398847.74,CHF,LATAM,CP0457,BOND,TDR0022,BOOK_D,2025-06-14
TXN0003790945,APP011,2025-01-03,active,457097.27,EUR,EMEA,CP0027,FX,TDR0015,BOOK_A,2025-03-05
TXN0004398654,APP012,2026-01-08,failed,684533.33,EUR,APAC,CP0450,OPTION,TDR0092,BOOK_C,2025-05-11
TXN0000628285,APP014,2025-01-18,active,636476.87,GBP,AMER,CP0417,FX,TDR0164,BOOK_B,2025-07-02
TXN0004087783,APP011,2026-04-13,reversed,321270.98,GBP,AMER,CP0007,OPTION,TDR0134,BOOK_C,2025-04-13
TXN0008778582,APP018,2026-03-24,reversed,909405.54,GBP,AMER,CP0474,SWAP,TDR0091,BOOK_C,2026-01-19
TXN0009998784,APP011,2025-05-28,active,669121.77,USD,LATAM,CP0314,OPTION,TDR0023,BOOK_B,2025-02-07
TXN0005295404,APP016,2026-03-08,active,41575.85,AUD,EMEA,CP0110,OPTION,TDR0200,BOOK_D,2026-03-14
TXN0004595760,APP018,2025-06-19,reversed,926679.41,AUD,EMEA,CP0031,FX,TDR0189,BOOK_D,2025-04-22
TXN0000124948,APP009,2025-06-13,settled,17426.62,USD,AMER,CP0040,BOND,TDR0145,BOOK_B,2026-03-21
TXN0008571785,APP008,2025-04-24,reversed,811420.94,USD,EMEA,CP0462,FUTURE,TDR0133,BOOK_A,2026-03-03
TXN0003102286,APP006,2025-07-28,failed,152495.59,GBP,AMER,CP0376,EQUITY,TDR0049,BOOK_D,2025-03-29
TXN0009540058,APP013,2025-04-24,settled,173650.72,GBP,LATAM,CP0355,OPTION,TDR0095,BOOK_B,2026-03-19
TXN0002234783,APP017,2025-01-10,failed,102400.41,JPY,LATAM,CP0249,SWAP,TDR0154,BOOK_C,2025-08-28
TXN0004675170,APP011,2026-01-01,reversed,613863.4,JPY,LATAM,CP0350,FUTURE,TDR0199,BOOK_D,2025-10-20
TXN0002260882,APP015,2025-10-07,reversed,971874.87,EUR,AMER,CP0253,SWAP,TDR0006,BOOK_A,2026-03-10
TXN0002797920,APP005,2025-02-19,active,375776.97,AUD,AMER,CP0037,OPTION,TDR0099,BOOK_B,2026-02-06
TXN0009895439,APP012,2025-08-03,settled,118970.67,CHF,EMEA,CP0401,OPTION,TDR0048,BOOK_D,2026-01-05
TXN0008050999,APP013,2025-01-31,failed,888469.42,EUR,EMEA,CP0459,FX,TDR0185,BOOK_D,2025-05-31
TXN0007690252,APP009,2025-03-26,failed,538003.45,EUR,APAC,CP0212,OPTION,TDR0132,BOOK_B,2025-08-23
TXN0002754811,APP002,2025-04-30,settled,34474.81,EUR,AMER,CP0328,EQUITY,TDR0046,BOOK_C,2025-05-21
TXN0000845698,APP013,2025-05-21,reversed,559003.43,USD,LATAM,CP0068,EQUITY,TDR0044,BOOK_D,2025-03-15
TXN0007830516,APP003,2025-06-08,settled,899695.74,GBP,EMEA,CP0101,EQUITY,TDR0096,BOOK_A,2025-06-27
TXN0001841496,APP013,2026-02-12,pending,606366.14,GBP,AMER,CP0418,BOND,TDR0063,BOOK_A,2025-05-22
TXN0006793996,APP008,2025-12-03,settled,234868.04,JPY,EMEA,CP0259,FX,TDR0198,BOOK_D,2026-02-26
TXN0007458142,APP007,2025-02-12,failed,282753.92,JPY,LATAM,CP0170,BOND,TDR0095,BOOK_B,2025-12-13
TXN0001228546,APP018,2025-10-24,reversed,479194.91,USD,AMER,CP0116,BOND,TDR0115,BOOK_D,2026-03-31
TXN0006848646,APP020,2025-05-27,failed,987525.58,GBP,LATAM,CP0425,OPTION,TDR0097,BOOK_B,2026-01-15
TXN0003665880,APP012,2025-03-03,pending,626639.8,JPY,AMER,CP0226,BOND,TDR0198,BOOK_A,2025-04-09
TXN0009279045,APP017,2026-01-12,active,512385.37,CHF,EMEA,CP0496,OPTION,TDR0155,BOOK_D,2025-09-12
TXN0009830748,APP012,2025-10-14,failed,922178.43,AUD,AMER,CP0138,OPTION,TDR0176,BOOK_B,2026-01-15
TXN0007011949,APP006,2026-01-30,reversed,907719.18,CHF,EMEA,CP0285,FUTURE,TDR0032,BOOK_D,2025-05-15
TXN0001023020,APP002,2025-10-09,settled,48250.1,AUD,APAC,CP0324,BOND,TDR0010,BOOK_A,2025-12-15
TXN0008476044,APP005,2026-03-13,failed,245959.87,USD,LATAM,CP0380,FUTURE,TDR0040,BOOK_B,2025-08-16
TXN0001833414,APP004,2026-02-16,settled,297116.89,USD,EMEA,CP0334,BOND,TDR0102,BOOK_D,2025-08-20
TXN0007002277,APP020,2025-04-03,pending,57558.54,JPY,AMER,CP0216,FX,TDR0054,BOOK_A,2026-02-15
TXN0008703481,APP015,2026-01-25,active,695552.92,GBP,AMER,CP0200,FX,TDR0053,BOOK_B,2025-12-31
TXN0008071734,APP016,2025-01-01,pending,652848.7,AUD,AMER,CP0053,FX,TDR0068,BOOK_D,2025-09-08
TXN0001211871,APP019,2025-09-29,active,337690.62,AUD,AMER,CP0413,EQUITY,TDR0060,BOOK_C,2025-10-23
TXN0009064415,APP002,2026-03-14,settled,919391.41,AUD,AMER,CP0318,FUTURE,TDR0034,BOOK_D,2025-04-19
TXN0006666063,APP007,2025-12-12,reversed,193723.43,JPY,EMEA,CP0149,SWAP,TDR0114,BOOK_B,2025-08-16
TXN0001850816,APP014,2025-05-04,pending,204314.95,USD,APAC,CP0049,BOND,TDR0162,BOOK_A,2025-08-02
TXN0005592546,APP007,2025-06-03,settled,852730.94,GBP,EMEA,CP0272,FUTURE,TDR0125,BOOK_D,2025-08-27
TXN0007065705,APP004,2025-07-10,active,950629.9,AUD,APAC,CP0447,FUTURE,TDR0165,BOOK_A,2025-11-17
TXN0006520266,APP001,2025-04-02,failed,960130.86,EUR,AMER,CP0242,BOND,TDR0190,BOOK_B,2025-08-21
TXN0003723196,APP005,2026-02-24,reversed,845547.31,USD,LATAM,CP0441,FUTURE,TDR0041,BOOK_A,2025-03-22
TXN0006144988,APP001,2026-04-07,failed,159976.71,USD,APAC,CP0050,FX,TDR0176,BOOK_D,2025-06-14
TXN0002929858,APP016,2025-05-23,failed,166666.98,AUD,APAC,CP0269,OPTION,TDR0078,BOOK_B,2025-10-02
TXN0006563430,APP013,2025-03-30,pending,293916.76,GBP,APAC,CP0428,EQUITY,TDR0092,BOOK_D,2025-02-28
TXN0004832602,APP007,2025-08-04,active,118733.13,CHF,APAC,CP0319,EQUITY,TDR0174,BOOK_D,2025-02-17
TXN0007171883,APP002,2025-02-01,reversed,897652.78,EUR,APAC,CP0337,BOND,TDR0053,BOOK_A,2025-03-19
TXN0001904330,APP002,2025-02-19,pending,933547.82,EUR,LATAM,CP0434,FX,TDR0146,BOOK_B,2025-10-01
TXN0004274957,APP010,2025-08-15,settled,9200.87,AUD,LATAM,CP0214,EQUITY,TDR0141,BOOK_C,2025-09-10
TXN0003002152,APP004,2025-11-17,settled,308022.73,CHF,AMER,CP0473,FUTURE,TDR0003,BOOK_C,2025-04-24
TXN0000568412,APP012,2025-01-11,active,231331.39,JPY,AMER,CP0252,FX,TDR0118,BOOK_B,2025-03-30
TXN0002092451,APP003,2025-08-15,failed,955492.83,AUD,LATAM,CP0460,FX,TDR0144,BOOK_C,2025-08-20
TXN0001589699,APP001,2026-01-19,failed,56427.94,CHF,AMER,CP0350,EQUITY,TDR0167,BOOK_B,2025-02-13
TXN0009333536,APP009,2025-01-28,pending,363651.3,JPY,AMER,CP0260,FUTURE,TDR0054,BOOK_A,2025-02-15
TXN0003024721,APP011,2025-02-25,active,643288.15,USD,AMER,CP0187,FX,TDR0196,BOOK_B,2025-06-06
TXN0005668560,APP013,2025-07-07,active,353810.92,AUD,AMER,CP0210,EQUITY,TDR0097,BOOK_D,2025-03-17
TXN0009641357,APP001,2025-11-25,failed,959970.48,USD,LATAM,CP0302,FUTURE,TDR0035,BOOK_B,2025-06-06
TXN0001136941,APP005,2025-02-23,failed,858908.44,AUD,EMEA,CP0168,OPTION,TDR0161,BOOK_D,2025-05-28
TXN0000732510,APP018,2025-07-29,failed,466509.05,EUR,EMEA,CP0451,OPTION,TDR0102,BOOK_A,2025-03-22
TXN0006808260,APP006,2025-08-10,reversed,828426.16,JPY,APAC,CP0440,EQUITY,TDR0138,BOOK_D,2025-08-29
TXN0003038884,APP009,2025-06-20,active,41850.08,JPY,APAC,CP0009,EQUITY,TDR0110,BOOK_B,2026-01-23
TXN0003006023,APP001,2025-11-26,pending,981191.47,GBP,EMEA,CP0157,FX,TDR0176,BOOK_A,2025-08-23
TXN0000171970,APP002,2025-12-05,reversed,101073.59,JPY,AMER,CP0239,FUTURE,TDR0050,BOOK_B,2025-04-26
TXN0008731877,APP001,2025-01-28,failed,789273.37,GBP,EMEA,CP0133,OPTION,TDR0136,BOOK_D,2025-07-24
TXN0000198836,APP010,2025-04-05,reversed,288268.58,AUD,EMEA,CP0196,SWAP,TDR0074,BOOK_B,2025-10-19
TXN0009961505,APP006,2026-04-06,settled,495749.12,CHF,APAC,CP0317,EQUITY,TDR0188,BOOK_C,2025-01-15
TXN0002370995,APP009,2026-03-06,settled,294076.08,CHF,AMER,CP0116,FX,TDR0018,BOOK_D,2025-03-29
TXN0006648596,APP018,2025-10-15,reversed,360950.45,CHF,AMER,CP0453,OPTION,TDR0159,BOOK_B,2025-08-06
TXN0004520144,APP009,2025-12-01,active,526995.26,JPY,EMEA,CP0244,SWAP,TDR0035,BOOK_A,2025-10-19
TXN0005930073,APP007,2025-07-16,failed,196854.88,AUD,APAC,CP0435,SWAP,TDR0165,BOOK_A,2026-03-15
TXN0001589598,APP008,2025-06-03,reversed,342432.7,AUD,AMER,CP0433,SWAP,TDR0086,BOOK_D,2025-08-08
TXN0003633809,APP005,2025-10-22,reversed,773260.16,EUR,EMEA,CP0150,FUTURE,TDR0015,BOOK_A,2025-04-19
TXN0002174399,APP008,2025-07-23,reversed,652269.8,CHF,EMEA,CP0044,OPTION,TDR0097,BOOK_B,2025-02-28
TXN0003211995,APP004,2025-05-04,failed,298491.96,AUD,AMER,CP0155,EQUITY,TDR0122,BOOK_B,2025-12-25
TXN0001873434,APP019,2025-11-21,pending,369690.67,EUR,EMEA,CP0135,FUTURE,TDR0106,BOOK_A,2025-06-09
TXN0002074080,APP014,2025-09-06,settled,110149.3,GBP,APAC,CP0152,EQUITY,TDR0141,BOOK_A,2025-06-01
TXN0000987579,APP010,2025-05-04,settled,228873.75,AUD,APAC,CP0233,BOND,TDR0083,BOOK_C,2026-02-21
TXN0003437718,APP013,2025-04-15,active,326590.66,JPY,APAC,CP0452,SWAP,TDR0098,BOOK_D,2025-12-20
TXN0006085688,APP002,2025-03-28,pending,316319.49,AUD,EMEA,CP0383,SWAP,TDR0032,BOOK_A,2025-09-04
TXN0000999820,APP008,2025-11-28,pending,608586.1,AUD,APAC,CP0342,FX,TDR0107,BOOK_A,2025-01-27
TXN0009288226,APP011,2025-03-17,pending,442582.53,USD,LATAM,CP0328,BOND,TDR0131,BOOK_A,2026-02-19
TXN0000855751,APP002,2026-01-26,settled,845215.45,CHF,LATAM,CP0096,FX,TDR0134,BOOK_A,2026-02-15
TXN0000630617,APP009,2025-12-22,pending,177447.46,CHF,EMEA,CP0236,BOND,TDR0091,BOOK_B,2025-05-23
TXN0003915206,APP005,2026-01-15,active,969252.08,JPY,EMEA,CP0299,EQUITY,TDR0189,BOOK_A,2025-11-06
TXN0000179263,APP004,2025-01-16,failed,210624.8,GBP,LATAM,CP0263,BOND,TDR0183,BOOK_D,2025-06-27
TXN0001475733,APP016,2025-01-05,reversed,346408.16,CHF,APAC,CP0376,OPTION,TDR0001,BOOK_D,2025-08-29
TXN0005601147,APP011,2025-05-03,pending,583849.16,CHF,AMER,CP0146,SWAP,TDR0030,BOOK_B,2025-11-10
TXN0001420828,APP013,2025-03-14,reversed,201636.03,AUD,APAC,CP0345,FX,TDR0116,BOOK_A,2026-03-24
TXN0004910860,APP002,2025-12-23,pending,248933.56,GBP,LATAM,CP0317,OPTION,TDR0108,BOOK_D,2026-03-23
TXN0004568748,APP012,2025-01-14,reversed,637998.85,EUR,APAC,CP0349,BOND,TDR0048,BOOK_C,2025-10-14
TXN0003814466,APP015,2025-08-07,settled,250424.16,EUR,APAC,CP0192,BOND,TDR0199,BOOK_D,2026-01-01
TXN0009932533,APP009,2026-02-22,active,465476.51,USD,APAC,CP0388,EQUITY,TDR0133,BOOK_B,2025-04-17
TXN0006781592,APP020,2025-03-01,reversed,971967.93,EUR,AMER,CP0417,SWAP,TDR0162,BOOK_B,2025-09-26
TXN0004238136,APP017,2025-05-28,pending,788000.14,EUR,AMER,CP0159,FX,TDR0025,BOOK_B,2025-12-18
TXN0006749559,APP016,2025-01-23,failed,458854.13,AUD,LATAM,CP0146,BOND,TDR0017,BOOK_C,2025-07-04
TXN0008463680,APP013,2025-08-31,reversed,823246.35,JPY,LATAM,CP0437,BOND,TDR0092,BOOK_C,2025-02-09
TXN0000391900,APP004,2025-10-04,failed,503017.68,AUD,EMEA,CP0036,SWAP,TDR0092,BOOK_A,2025-09-12
TXN0000539007,APP017,2026-02-14,settled,658271.4,JPY,EMEA,CP0415,EQUITY,TDR0184,BOOK_A,2026-01-17
TXN0000828281,APP014,2025-08-11,active,350429.26,EUR,LATAM,CP0054,OPTION,TDR0057,BOOK_A,2025-04-11
TXN0001276036,APP020,2026-03-27,pending,366052.98,JPY,EMEA,CP0083,FX,TDR0166,BOOK_A,2025-10-07
TXN0009267673,APP004,2025-02-04,failed,367989.32,GBP,LATAM,CP0170,EQUITY,TDR0067,BOOK_A,2026-03-13
TXN0007232097,APP009,2026-02-14,active,63090.5,JPY,EMEA,CP0445,OPTION,TDR0159,BOOK_C,2025-12-23
TXN0009328404,APP019,2025-09-28,reversed,991597.04,USD,EMEA,CP0273,EQUITY,TDR0008,BOOK_D,2025-03-24
TXN0009452597,APP002,2025-02-12,pending,375295.91,JPY,EMEA,CP0369,EQUITY,TDR0153,BOOK_B,2025-07-12
TXN0004461518,APP004,2026-02-01,reversed,889244.18,GBP,APAC,CP0307,SWAP,TDR0180,BOOK_B,2025-12-05
TXN0003469080,APP017,2025-01-19,reversed,672849.56,AUD,EMEA,CP0438,BOND,TDR0170,BOOK_B,2026-03-08
TXN0006512902,APP001,2025-01-23,reversed,841414.72,EUR,EMEA,CP0096,BOND,TDR0106,BOOK_B,2026-03-04
TXN0002521078,APP008,2025-03-01,active,703782.6,EUR,LATAM,CP0051,OPTION,TDR0196,BOOK_B,2025-03-03
TXN0001402805,APP018,2025-01-28,active,660122.57,EUR,AMER,CP0282,FUTURE,TDR0151,BOOK_D,2025-03-21
TXN0004484687,APP015,2025-10-07,active,422431.73,JPY,LATAM,CP0238,SWAP,TDR0093,BOOK_A,2025-10-13
TXN0005942259,APP001,2025-12-03,failed,290330.74,GBP,LATAM,CP0368,FX,TDR0084,BOOK_C,2025-11-19
TXN0005264602,APP011,2025-09-05,pending,43112.33,CHF,AMER,CP0368,FUTURE,TDR0068,BOOK_D,2026-02-21
TXN0007987917,APP019,2025-10-26,settled,12154.6,USD,AMER,CP0376,EQUITY,TDR0021,BOOK_B,2025-05-13
TXN0006007840,APP008,2025-04-28,failed,233181.31,JPY,EMEA,CP0169,OPTION,TDR0179,BOOK_A,2025-03-13
TXN0009460370,APP012,2025-01-03,active,904021.32,CHF,EMEA,CP0274,FUTURE,TDR0182,BOOK_A,2025-03-07
TXN0003063861,APP013,2025-11-14,active,899756.87,CHF,AMER,CP0383,OPTION,TDR0163,BOOK_D,2026-04-14
TXN0000337959,APP004,2025-02-16,settled,737845.01,EUR,LATAM,CP0133,OPTION,TDR0034,BOOK_B,2026-02-12
TXN0001900950,APP004,2025-09-17,active,301010.84,USD,AMER,CP0059,FUTURE,TDR0131,BOOK_B,2025-06-08
TXN0002018555,APP003,2025-09-09,settled,296697.2,EUR,APAC,CP0137,SWAP,TDR0022,BOOK_C,2026-03-16
TXN0000767056,APP011,2025-06-09,active,967243.21,CHF,AMER,CP0305,OPTION,TDR0098,BOOK_B,2025-06-07
TXN0001455123,APP009,2026-01-13,active,505385.58,USD,AMER,CP0285,FUTURE,TDR0168,BOOK_B,2026-03-14
TXN0001349861,APP007,2025-12-17,active,442368.34,CHF,LATAM,CP0393,FUTURE,TDR0145,BOOK_B,2025-12-10
TXN0003404072,APP004,2025-07-17,failed,2968.04,GBP,LATAM,CP0274,BOND,TDR0179,BOOK_D,2025-04-13
TXN0001723803,APP018,2025-02-19,settled,296372.61,JPY,APAC,CP0060,FUTURE,TDR0178,BOOK_A,2025-07-06
TXN0000215099,APP010,2025-11-26,active,845177.55,CHF,APAC,CP0152,OPTION,TDR0094,BOOK_C,2025-05-26
TXN0002567312,APP001,2025-03-14,pending,707646.0,USD,LATAM,CP0185,FUTURE,TDR0138,BOOK_D,2025-08-11
TXN0000863348,APP007,2026-01-17,reversed,353666.01,USD,AMER,CP0228,FUTURE,TDR0103,BOOK_C,2025-02-05
TXN0006184675,APP004,2025-06-21,pending,401097.25,USD,AMER,CP0145,BOND,TDR0030,BOOK_C,2026-04-06
TXN0002840571,APP005,2025-08-01,settled,27388.85,GBP,AMER,CP0339,SWAP,TDR0158,BOOK_B,2026-02-10
TXN0003207954,APP004,2026-04-02,failed,244775.91,USD,AMER,CP0007,SWAP,TDR0057,BOOK_C,2025-04-10
TXN0006106102,APP011,2025-05-06,failed,471829.31,EUR,LATAM,CP0214,FX,TDR0148,BOOK_A,2025-12-24
TXN0001985961,APP006,2025-12-09,settled,782846.36,CHF,LATAM,CP0129,EQUITY,TDR0115,BOOK_A,2025-03-13
TXN0006776607,APP004,2025-12-10,settled,614581.16,AUD,APAC,CP0191,FX,TDR0029,BOOK_A,2025-04-29
TXN0007541693,APP011,2026-04-01,reversed,27999.81,CHF,AMER,CP0035,OPTION,TDR0111,BOOK_D,2025-01-22
TXN0001389945,APP002,2025-05-08,failed,705486.57,AUD,EMEA,CP0080,FX,TDR0007,BOOK_B,2026-02-27
TXN0008482005,APP004,2026-02-25,settled,125992.48,CHF,APAC,CP0124,EQUITY,TDR0172,BOOK_D,2026-01-24
TXN0006583221,APP013,2025-05-08,reversed,352206.3,EUR,LATAM,CP0210,OPTION,TDR0090,BOOK_A,2025-01-09
TXN0000093252,APP013,2025-09-07,failed,652420.58,JPY,APAC,CP0049,SWAP,TDR0008,BOOK_B,2025-05-23
TXN0005857946,APP001,2026-03-11,pending,179672.75,GBP,LATAM,CP0326,OPTION,TDR0124,BOOK_B,2025-02-19
TXN0006366300,APP005,2025-07-17,failed,114315.09,CHF,AMER,CP0327,FUTURE,TDR0194,BOOK_B,2025-06-28
TXN0003070799,APP005,2025-05-14,failed,812733.13,CHF,AMER,CP0444,BOND,TDR0136,BOOK_A,2025-04-22
TXN0009990602,APP015,2026-03-17,reversed,493004.15,CHF,AMER,CP0091,FUTURE,TDR0109,BOOK_C,2025-12-10
TXN0000572859,APP001,2025-06-02,settled,743024.3,USD,EMEA,CP0366,FUTURE,TDR0189,BOOK_D,2025-02-09
TXN0004875964,APP002,2026-02-07,active,170418.27,USD,AMER,CP0455,FUTURE,TDR0001,BOOK_A,2025-06-08
TXN0006626417,APP006,2025-11-07,settled,293344.27,AUD,APAC,CP0011,BOND,TDR0024,BOOK_D,2025-08-20
TXN0001277684,APP018,2026-04-06,active,38761.47,GBP,AMER,CP0357,EQUITY,TDR0134,BOOK_B,2025-03-27
TXN0006407132,APP014,2025-03-25,settled,509220.44,CHF,APAC,CP0371,SWAP,TDR0097,BOOK_A,2025-04-27
TXN0007018992,APP016,2026-03-16,settled,332483.29,JPY,LATAM,CP0070,EQUITY,TDR0060,BOOK_C,2025-11-07
TXN0000870430,APP005,2025-06-15,active,354896.18,EUR,EMEA,CP0343,BOND,TDR0137,BOOK_A,2026-01-10
TXN0008220237,APP017,2025-01-07,active,866989.32,EUR,AMER,CP0206,OPTION,TDR0091,BOOK_C,2025-04-26
TXN0002647572,APP012,2025-04-05,active,107157.74,CHF,APAC,CP0462,BOND,TDR0122,BOOK_C,2026-01-12
TXN0002122176,APP008,2025-09-11,active,88875.96,USD,LATAM,CP0086,SWAP,TDR0142,BOOK_D,2025-03-12
TXN0002291039,APP012,2026-02-05,settled,373370.21,JPY,APAC,CP0412,SWAP,TDR0119,BOOK_A,2025-06-18
TXN0006136589,APP020,2026-03-18,active,766997.67,USD,AMER,CP0448,EQUITY,TDR0172,BOOK_B,2025-11-20
TXN0008299931,APP004,2025-11-16,active,668391.63,CHF,AMER,CP0190,OPTION,TDR0036,BOOK_C,2025-04-05
TXN0006988454,APP014,2025-01-10,failed,629503.38,AUD,APAC,CP0469,FX,TDR0140,BOOK_C,2025-06-10
TXN0008560497,APP010,2025-07-27,settled,598156.89,GBP,AMER,CP0108,BOND,TDR0187,BOOK_D,2025-05-31
TXN0008308623,APP019,2026-03-16,settled,674626.02,EUR,APAC,CP0007,FX,TDR0124,BOOK_B,2025-01-20
TXN0007196875,APP008,2025-09-05,failed,236902.46,USD,APAC,CP0433,EQUITY,TDR0046,BOOK_D,2025-05-22
TXN0006212868,APP013,2026-03-22,reversed,86372.22,EUR,LATAM,CP0014,FUTURE,TDR0066,BOOK_B,2025-03-20
TXN0002172425,APP009,2025-01-25,failed,958625.57,CHF,EMEA,CP0162,SWAP,TDR0019,BOOK_B,2026-02-08
TXN0003326432,APP010,2025-02-04,pending,260591.75,AUD,APAC,CP0117,BOND,TDR0165,BOOK_B,2025-11-01
TXN0009806684,APP009,2025-05-21,pending,760694.19,EUR,APAC,CP0492,FUTURE,TDR0180,BOOK_C,2025-09-19
TXN0005447322,APP011,2025-08-28,pending,716868.08,GBP,LATAM,CP0473,SWAP,TDR0070,BOOK_A,2025-02-02
TXN0000757166,APP016,2026-01-23,pending,949010.66,GBP,LATAM,CP0362,EQUITY,TDR0164,BOOK_A,2025-12-12
TXN0004794976,APP002,2025-11-02,reversed,608503.65,JPY,APAC,CP0393,FX,TDR0190,BOOK_B,2025-08-31
TXN0001860152,APP007,2025-08-11,reversed,304100.8,AUD,EMEA,CP0130,BOND,TDR0180,BOOK_D,2026-01-29
TXN0005153546,APP008,2025-07-21,failed,196699.16,AUD,LATAM,CP0315,BOND,TDR0034,BOOK_D,2025-01-14
TXN0004510214,APP005,2026-02-08,reversed,154614.24,GBP,EMEA,CP0032,SWAP,TDR0043,BOOK_C,2025-10-18
TXN0008369688,APP002,2025-08-19,pending,948051.97,USD,APAC,CP0394,OPTION,TDR0143,BOOK_D,2025-11-07
TXN0000372257,APP001,2025-03-30,active,606987.82,EUR,LATAM,CP0389,SWAP,TDR0141,BOOK_D,2025-10-23
TXN0009010150,APP006,2026-01-31,reversed,254144.35,EUR,AMER,CP0156,FX,TDR0054,BOOK_C,2025-07-25
TXN0006647003,APP002,2025-10-06,settled,542369.33,GBP,EMEA,CP0425,FX,TDR0072,BOOK_B,2025-12-26
TXN0005959151,APP019,2025-08-19,active,228087.72,CHF,LATAM,CP0106,FX,TDR0168,BOOK_D,2025-07-03
TXN0003240975,APP014,2026-03-29,pending,878594.7,EUR,LATAM,CP0104,FX,TDR0105,BOOK_B,2025-09-07
TXN0002464054,APP018,2025-08-11,failed,444936.46,AUD,LATAM,CP0137,BOND,TDR0182,BOOK_C,2026-04-09
TXN0007742762,APP014,2025-02-28,active,800532.54,CHF,LATAM,CP0403,BOND,TDR0104,BOOK_C,2025-03-15
TXN0004412883,APP018,2026-03-04,failed,659331.3,GBP,APAC,CP0113,OPTION,TDR0106,BOOK_B,2025-05-23
TXN0007011703,APP005,2025-11-25,reversed,343434.58,USD,EMEA,CP0384,OPTION,TDR0185,BOOK_D,2025-05-24
TXN0007734090,APP001,2026-02-18,settled,842512.98,GBP,EMEA,CP0383,FUTURE,TDR0028,BOOK_D,2025-01-01
TXN0001025657,APP002,2025-06-11,active,120543.87,GBP,AMER,CP0474,BOND,TDR0042,BOOK_A,2026-03-20
TXN0007755864,APP013,2025-02-08,failed,735437.23,EUR,AMER,CP0313,FX,TDR0049,BOOK_A,2026-02-19
TXN0003613306,APP008,2026-02-09,pending,286077.04,AUD,APAC,CP0240,SWAP,TDR0039,BOOK_C,2025-02-01
TXN0003045502,APP011,2026-02-13,reversed,618577.05,GBP,APAC,CP0060,BOND,TDR0120,BOOK_A,2025-05-20
TXN0003898819,APP014,2025-11-08,settled,88613.81,AUD,AMER,CP0162,BOND,TDR0037,BOOK_D,2025-03-12
TXN0005898289,APP014,2025-08-17,settled,933235.2,USD,LATAM,CP0114,OPTION,TDR0026,BOOK_C,2025-02-01
TXN0004283276,APP004,2026-02-14,pending,60999.37,EUR,EMEA,CP0030,OPTION,TDR0128,BOOK_A,2025-08-23
TXN0003946446,APP004,2026-02-24,settled,449225.46,AUD,LATAM,CP0456,EQUITY,TDR0170,BOOK_A,2026-01-16
TXN0003810855,APP016,2026-02-16,active,414207.65,GBP,APAC,CP0418,SWAP,TDR0007,BOOK_D,2025-03-17
TXN0002607155,APP007,2025-08-11,pending,611022.48,CHF,APAC,CP0043,OPTION,TDR0026,BOOK_B,2025-04-30
TXN0006620997,APP017,2025-01-08,pending,465742.32,JPY,APAC,CP0030,OPTION,TDR0093,BOOK_C,2025-09-09
TXN0006611555,APP011,2025-05-19,settled,761109.85,AUD,EMEA,CP0099,SWAP,TDR0085,BOOK_A,2026-01-05
TXN0004386774,APP003,2025-02-12,active,461906.42,AUD,AMER,CP0413,EQUITY,TDR0150,BOOK_C,2025-07-31
TXN0004258283,APP006,2025-07-07,pending,702542.42,JPY,LATAM,CP0442,SWAP,TDR0136,BOOK_A,2025-04-03
TXN0002329554,APP008,2025-01-20,pending,196770.07,GBP,APAC,CP0050,OPTION,TDR0039,BOOK_A,2025-10-12
TXN0000966855,APP018,2025-05-31,active,511656.92,GBP,EMEA,CP0018,EQUITY,TDR0135,BOOK_C,2025-12-02
TXN0005620908,APP014,2025-05-20,reversed,113701.32,AUD,EMEA,CP0345,OPTION,TDR0046,BOOK_B,2025-05-14
TXN0000373892,APP019,2026-02-11,failed,548726.81,EUR,AMER,CP0472,SWAP,TDR0027,BOOK_A,2026-03-01
TXN0001815490,APP006,2025-03-01,failed,707835.51,EUR,AMER,CP0210,OPTION,TDR0183,BOOK_B,2025-04-18
TXN0006322003,APP007,2026-03-03,failed,733317.76,AUD,LATAM,CP0204,SWAP,TDR0188,BOOK_C,2025-11-27
TXN0001963205,APP018,2025-02-22,settled,996748.69,AUD,AMER,CP0463,FUTURE,TDR0145,BOOK_D,2025-05-21
TXN0008915964,APP012,2026-01-11,settled,471397.73,EUR,LATAM,CP0231,BOND,TDR0005,BOOK_C,2025-03-10
TXN0008990715,APP009,2025-07-23,settled,787469.75,CHF,LATAM,CP0264,FX,TDR0093,BOOK_C,2025-11-19
TXN0007612468,APP010,2025-11-29,reversed,868150.61,JPY,EMEA,CP0210,OPTION,TDR0195,BOOK_C,2025-01-04
TXN0005981401,APP002,2025-12-16,pending,530033.75,USD,EMEA,CP0038,BOND,TDR0192,BOOK_C,2025-07-31
TXN0003138560,APP010,2025-11-23,failed,304617.92,CHF,AMER,CP0370,EQUITY,TDR0100,BOOK_B,2025-02-27
TXN0002030455,APP014,2025-02-25,active,510153.67,JPY,LATAM,CP0010,SWAP,TDR0058,BOOK_C,2025-04-28
TXN0008483294,APP005,2025-11-04,failed,102985.44,CHF,EMEA,CP0245,FUTURE,TDR0170,BOOK_D,2026-03-11
TXN0000245957,APP019,2025-10-03,pending,64648.01,JPY,AMER,CP0051,BOND,TDR0104,BOOK_B,2025-02-12
TXN0002512425,APP005,2025-05-24,failed,794087.34,EUR,LATAM,CP0023,OPTION,TDR0196,BOOK_B,2026-01-31
TXN0002472040,APP020,2025-11-14,settled,762610.29,EUR,EMEA,CP0096,BOND,TDR0111,BOOK_D,2025-05-17
TXN0001859051,APP009,2025-10-11,failed,80740.55,CHF,EMEA,CP0177,FUTURE,TDR0034,BOOK_B,2025-07-23
TXN0004390489,APP007,2025-06-24,active,345724.09,JPY,AMER,CP0494,FUTURE,TDR0146,BOOK_B,2025-12-18
TXN0004808041,APP016,2026-01-12,failed,827606.99,GBP,AMER,CP0464,FX,TDR0028,BOOK_A,2026-02-28
TXN0004288422,APP018,2025-10-14,failed,157465.01,CHF,EMEA,CP0015,SWAP,TDR0119,BOOK_D,2025-07-13
TXN0005408583,APP012,2026-01-15,settled,641170.44,JPY,APAC,CP0471,EQUITY,TDR0058,BOOK_A,2025-09-01
TXN0002309779,APP009,2026-02-26,active,177712.8,EUR,APAC,CP0149,EQUITY,TDR0006,BOOK_D,2025-11-18
TXN0009438406,APP020,2025-11-23,settled,155393.08,JPY,AMER,CP0254,SWAP,TDR0151,BOOK_C,2025-10-15
TXN0007534608,APP004,2025-12-30,pending,80446.63,JPY,LATAM,CP0285,FUTURE,TDR0049,BOOK_A,2026-04-05
TXN0006288843,APP002,2025-08-03,reversed,382578.44,USD,APAC,CP0070,FX,TDR0189,BOOK_B,2025-07-28
TXN0003850681,APP010,2025-05-06,failed,319915.76,GBP,EMEA,CP0021,BOND,TDR0060,BOOK_A,2026-02-18
TXN0003264641,APP009,2025-04-15,pending,253467.12,JPY,APAC,CP0399,EQUITY,TDR0117,BOOK_A,2025-04-23
TXN0009416543,APP014,2025-03-27,pending,924925.8,JPY,AMER,CP0266,FUTURE,TDR0181,BOOK_D,2025-07-04
TXN0007689128,APP015,2025-12-06,reversed,158401.37,CHF,AMER,CP0148,FUTURE,TDR0020,BOOK_A,2025-01-31
TXN0007913349,APP002,2025-05-16,active,351232.1,GBP,APAC,CP0471,FUTURE,TDR0032,BOOK_C,2025-05-19
TXN0005021541,APP011,2025-01-06,pending,477156.26,EUR,LATAM,CP0360,FX,TDR0156,BOOK_D,2026-04-05
TXN0008028142,APP009,2026-03-18,active,810365.0,GBP,APAC,CP0130,EQUITY,TDR0074,BOOK_D,2025-03-13
TXN0004061615,APP002,2025-05-20,settled,367827.9,GBP,LATAM,CP0383,OPTION,TDR0110,BOOK_B,2025-12-19
TXN0004961787,APP010,2025-05-07,active,200263.09,CHF,AMER,CP0006,OPTION,TDR0028,BOOK_C,2025-07-19
TXN0007620885,APP007,2025-11-22,active,581908.73,USD,AMER,CP0439,BOND,TDR0104,BOOK_D,2025-09-18
TXN0006916066,APP007,2025-04-23,active,74958.5,GBP,EMEA,CP0327,OPTION,TDR0103,BOOK_C,2025-08-17
TXN0007937394,APP020,2026-03-07,active,97575.11,CHF,LATAM,CP0013,FUTURE,TDR0057,BOOK_B,2026-03-10
TXN0006005052,APP018,2025-01-10,settled,154521.14,USD,AMER,CP0322,FX,TDR0022,BOOK_B,2026-03-20
TXN0009036656,APP010,2025-10-18,reversed,956596.62,GBP,EMEA,CP0053,EQUITY,TDR0068,BOOK_B,2025-04-22
TXN0009295322,APP016,2026-02-09,pending,264372.75,AUD,APAC,CP0200,SWAP,TDR0179,BOOK_D,2025-09-19
TXN0001279794,APP020,2025-12-07,pending,536527.66,GBP,APAC,CP0267,BOND,TDR0173,BOOK_D,2025-08-11
TXN0002190844,APP019,2025-09-08,failed,554345.55,JPY,APAC,CP0071,EQUITY,TDR0077,BOOK_C,2025-06-19
TXN0001217238,APP015,2025-01-21,pending,897875.21,USD,APAC,CP0421,EQUITY,TDR0028,BOOK_B,2026-01-12
TXN0004817372,APP003,2025-12-08,reversed,978800.02,AUD,LATAM,CP0464,FUTURE,TDR0067,BOOK_B,2025-05-17
TXN0003421687,APP020,2025-10-31,active,190113.41,AUD,EMEA,CP0444,SWAP,TDR0076,BOOK_A,2025-04-10
TXN0003770879,APP007,2026-03-02,settled,852709.29,EUR,EMEA,CP0313,EQUITY,TDR0002,BOOK_D,2026-03-16
TXN0003415678,APP001,2025-08-29,pending,355953.0,GBP,APAC,CP0372,FUTURE,TDR0041,BOOK_B,2025-02-15
TXN0002356566,APP017,2025-07-31,reversed,117393.19,GBP,LATAM,CP0432,SWAP,TDR0009,BOOK_B,2025-06-17
TXN0008603251,APP011,2025-12-02,reversed,22233.66,USD,LATAM,CP0245,EQUITY,TDR0141,BOOK_B,2026-01-20
TXN0006887168,APP004,2026-04-13,active,905975.25,JPY,LATAM,CP0439,FX,TDR0156,BOOK_B,2025-06-07
TXN0007781306,APP013,2025-12-29,failed,124531.46,CHF,AMER,CP0099,SWAP,TDR0157,BOOK_C,2026-02-18
TXN0003412966,APP013,2026-03-21,reversed,479884.38,AUD,APAC,CP0491,FUTURE,TDR0091,BOOK_D,2026-03-21
TXN0001729641,APP004,2025-03-02,active,486486.23,JPY,APAC,CP0493,FX,TDR0051,BOOK_B,2025-03-23
TXN0008684709,APP014,2026-03-30,reversed,999258.72,EUR,AMER,CP0247,EQUITY,TDR0026,BOOK_A,2025-05-16
TXN0004908703,APP020,2025-02-18,failed,764316.86,USD,LATAM,CP0126,FX,TDR0043,BOOK_B,2025-06-27
TXN0002576514,APP010,2025-05-17,reversed,633996.47,EUR,AMER,CP0284,OPTION,TDR0156,BOOK_C,2025-04-18
TXN0004181268,APP017,2025-08-11,pending,876483.91,AUD,APAC,CP0310,OPTION,TDR0104,BOOK_D,2026-01-04
TXN0009096941,APP014,2025-08-12,failed,366474.35,AUD,EMEA,CP0384,BOND,TDR0131,BOOK_A,2025-08-18
TXN0003955844,APP014,2025-10-26,settled,444379.69,GBP,APAC,CP0165,SWAP,TDR0075,BOOK_D,2025-02-13
TXN0008473218,APP013,2025-02-02,failed,556795.53,GBP,APAC,CP0305,OPTION,TDR0193,BOOK_B,2025-07-13
TXN0008758875,APP016,2025-08-30,settled,153166.86,EUR,EMEA,CP0459,FX,TDR0021,BOOK_A,2026-02-21
TXN0005636999,APP017,2025-08-15,reversed,437660.67,CHF,LATAM,CP0190,SWAP,TDR0062,BOOK_D,2025-02-24
TXN0004095582,APP007,2025-09-09,reversed,138405.06,GBP,AMER,CP0338,FUTURE,TDR0174,BOOK_C,2025-01-18
TXN0002312944,APP019,2026-03-10,settled,570824.13,USD,LATAM,CP0212,FUTURE,TDR0122,BOOK_A,2025-05-22
TXN0002675640,APP008,2025-11-11,reversed,685050.7,AUD,EMEA,CP0353,OPTION,TDR0187,BOOK_D,2025-11-13
TXN0003610884,APP011,2025-06-14,settled,373437.49,EUR,AMER,CP0121,BOND,TDR0154,BOOK_C,2025-09-10
TXN0006089436,APP018,2025-06-04,failed,557773.57,JPY,EMEA,CP0314,EQUITY,TDR0004,BOOK_D,2026-03-29
TXN0006677141,APP010,2025-11-25,failed,968506.72,AUD,AMER,CP0394,EQUITY,TDR0160,BOOK_B,2026-01-12
TXN0002485441,APP008,2025-09-22,reversed,388386.27,GBP,AMER,CP0401,EQUITY,TDR0026,BOOK_A,2025-02-17
TXN0004910463,APP009,2026-02-20,reversed,832199.75,CHF,EMEA,CP0367,OPTION,TDR0178,BOOK_A,2025-05-24
TXN0004529491,APP005,2025-06-22,settled,222897.84,JPY,AMER,CP0271,FX,TDR0056,BOOK_B,2025-04-06
TXN0008830712,APP002,2025-09-20,reversed,755951.44,JPY,AMER,CP0223,FUTURE,TDR0164,BOOK_C,2025-01-19
TXN0009998177,APP003,2026-01-05,active,603167.14,CHF,AMER,CP0042,SWAP,TDR0081,BOOK_C,2025-05-07
TXN0005859326,APP014,2026-02-06,failed,707099.29,AUD,LATAM,CP0430,EQUITY,TDR0089,BOOK_A,2025-10-21
TXN0008265048,APP011,2025-10-25,failed,167040.84,EUR,APAC,CP0026,EQUITY,TDR0008,BOOK_C,2025-05-10
TXN0003611872,APP011,2025-06-08,reversed,646949.55,USD,LATAM,CP0109,OPTION,TDR0098,BOOK_B,2025-08-30
TXN0006184972,APP009,2026-04-07,reversed,948023.15,EUR,AMER,CP0214,FX,TDR0097,BOOK_D,2025-05-24
TXN0002749874,APP010,2026-03-08,failed,216275.63,JPY,EMEA,CP0188,EQUITY,TDR0162,BOOK_B,2025-07-21
TXN0007674877,APP006,2025-03-10,reversed,778505.83,GBP,LATAM,CP0072,EQUITY,TDR0044,BOOK_D,2026-02-17
TXN0003564244,APP005,2025-09-26,active,778149.43,USD,EMEA,CP0295,FUTURE,TDR0180,BOOK_C,2026-01-02
TXN0004687955,APP002,2025-08-22,failed,58927.72,CHF,AMER,CP0336,FUTURE,TDR0179,BOOK_D,2025-01-03
TXN0003691672,APP008,2025-05-08,reversed,263121.04,GBP,EMEA,CP0147,BOND,TDR0198,BOOK_C,2025-01-15
TXN0000063362,APP012,2025-01-09,pending,853375.07,CHF,APAC,CP0083,OPTION,TDR0055,BOOK_C,2025-04-06
TXN0003993231,APP018,2026-01-15,active,226088.27,JPY,LATAM,CP0112,BOND,TDR0142,BOOK_D,2026-02-14
TXN0009005938,APP011,2025-04-27,active,291332.33,GBP,LATAM,CP0411,BOND,TDR0071,BOOK_D,2025-11-26
TXN0006877096,APP010,2025-09-05,reversed,192528.67,JPY,AMER,CP0329,SWAP,TDR0090,BOOK_B,2026-03-31
TXN0008349147,APP008,2025-03-03,reversed,299557.24,CHF,APAC,CP0340,EQUITY,TDR0162,BOOK_A,2025-02-05
TXN0003914533,APP014,2026-01-14,pending,445260.82,GBP,EMEA,CP0095,SWAP,TDR0183,BOOK_D,2026-02-22
TXN0006604164,APP019,2025-03-22,failed,99863.86,EUR,AMER,CP0236,OPTION,TDR0097,BOOK_B,2026-01-02
TXN0008376066,APP009,2025-08-06,failed,375233.57,JPY,EMEA,CP0131,FUTURE,TDR0075,BOOK_D,2025-11-19
TXN0004666742,APP007,2025-02-09,settled,157232.04,JPY,EMEA,CP0300,FX,TDR0005,BOOK_C,2025-02-26
TXN0000392941,APP009,2026-02-28,pending,696785.41,JPY,AMER,CP0096,FX,TDR0038,BOOK_C,2025-03-21
TXN0007163394,APP014,2025-01-25,settled,42957.31,USD,EMEA,CP0099,EQUITY,TDR0084,BOOK_A,2025-06-20
TXN0008428962,APP009,2025-10-30,failed,802631.61,CHF,APAC,CP0346,OPTION,TDR0126,BOOK_A,2026-01-07
TXN0009249263,APP011,2025-08-04,active,751962.46,GBP,APAC,CP0201,SWAP,TDR0030,BOOK_D,2025-10-08
TXN0009688916,APP009,2025-05-03,settled,47813.91,CHF,AMER,CP0388,FX,TDR0092,BOOK_B,2026-02-12
TXN0003385666,APP002,2025-08-26,pending,75619.05,CHF,APAC,CP0342,BOND,TDR0003,BOOK_A,2025-08-19
TXN0009275749,APP019,2025-03-09,settled,178250.08,JPY,AMER,CP0096,OPTION,TDR0096,BOOK_C,2025-02-27
TXN0001010265,APP004,2025-03-25,reversed,604382.86,AUD,APAC,CP0477,BOND,TDR0186,BOOK_A,2026-02-16
TXN0006536460,APP015,2026-02-17,active,757390.85,CHF,AMER,CP0051,BOND,TDR0154,BOOK_C,2025-09-18
TXN0008495234,APP015,2026-03-03,failed,866667.53,USD,EMEA,CP0455,FUTURE,TDR0119,BOOK_C,2025-03-25
TXN0001752962,APP005,2025-11-29,settled,649123.12,CHF,AMER,CP0352,SWAP,TDR0104,BOOK_B,2025-08-24
TXN0000571648,APP016,2025-01-10,reversed,129041.66,USD,EMEA,CP0152,SWAP,TDR0104,BOOK_A,2025-02-07
TXN0005960623,APP015,2026-04-02,settled,964372.9,AUD,EMEA,CP0380,OPTION,TDR0015,BOOK_C,2025-11-25
TXN0004489427,APP007,2026-01-02,reversed,205633.17,GBP,APAC,CP0483,OPTION,TDR0176,BOOK_A,2025-03-22
TXN0004646314,APP002,2025-12-30,pending,906384.44,EUR,LATAM,CP0243,OPTION,TDR0099,BOOK_C,2025-11-16
TXN0004472451,APP020,2025-10-15,settled,211675.57,GBP,APAC,CP0385,FX,TDR0125,BOOK_C,2026-04-14
TXN0003940719,APP016,2026-03-24,failed,972515.03,USD,AMER,CP0358,OPTION,TDR0168,BOOK_C,2025-01-24
TXN0007127525,APP020,2026-03-22,pending,867031.97,JPY,APAC,CP0268,EQUITY,TDR0006,BOOK_A,2025-05-12
TXN0003689599,APP010,2025-02-28,active,764736.99,EUR,APAC,CP0099,FX,TDR0020,BOOK_B,2025-07-25
TXN0003723242,APP015,2026-03-06,pending,642729.46,USD,LATAM,CP0324,OPTION,TDR0112,BOOK_B,2025-09-22
TXN0009894866,APP010,2025-01-04,reversed,95821.18,JPY,APAC,CP0468,BOND,TDR0145,BOOK_D,2025-04-02
TXN0002572519,APP011,2026-04-05,active,330727.9,CHF,AMER,CP0447,FX,TDR0162,BOOK_B,2026-02-03
TXN0000162845,APP015,2025-09-25,active,933680.75,CHF,LATAM,CP0166,OPTION,TDR0170,BOOK_D,2026-01-03
TXN0004136717,APP005,2025-02-25,failed,268276.2,AUD,LATAM,CP0009,SWAP,TDR0068,BOOK_D,2025-02-26
TXN0005091580,APP015,2026-01-03,reversed,720851.25,JPY,AMER,CP0061,SWAP,TDR0180,BOOK_C,2025-01-07
TXN0007766003,APP020,2025-05-21,reversed,634484.55,EUR,AMER,CP0057,FX,TDR0148,BOOK_D,2025-02-23
TXN0009498260,APP004,2026-03-13,failed,70950.02,CHF,APAC,CP0090,FX,TDR0059,BOOK_C,2025-06-13
TXN0006136416,APP019,2025-06-14,settled,215189.88,CHF,LATAM,CP0371,BOND,TDR0044,BOOK_C,2025-08-12
TXN0006359031,APP012,2025-03-25,pending,282361.31,JPY,AMER,CP0477,BOND,TDR0073,BOOK_B,2025-07-28
TXN0002384958,APP007,2026-04-05,settled,545947.05,AUD,EMEA,CP0375,FUTURE,TDR0051,BOOK_B,2025-05-01
TXN0000267798,APP019,2025-04-09,reversed,257701.17,AUD,AMER,CP0216,SWAP,TDR0077,BOOK_B,2025-02-21
TXN0005581582,APP010,2025-02-22,settled,24728.54,AUD,LATAM,CP0119,FX,TDR0033,BOOK_D,2025-02-06
TXN0008923480,APP009,2025-02-09,settled,251611.75,JPY,EMEA,CP0250,SWAP,TDR0135,BOOK_B,2025-05-27
TXN0009203358,APP012,2025-08-28,active,171327.82,CHF,EMEA,CP0103,FUTURE,TDR0192,BOOK_A,2025-07-16
TXN0008755714,APP018,2026-03-07,settled,636427.77,AUD,AMER,CP0060,OPTION,TDR0173,BOOK_A,2026-02-24
TXN0005815177,APP015,2026-01-19,settled,802090.74,USD,EMEA,CP0450,FUTURE,TDR0074,BOOK_A,2025-06-18
TXN0006831150,APP010,2025-10-02,failed,765804.37,USD,APAC,CP0307,SWAP,TDR0013,BOOK_D,2026-01-22
TXN0008510359,APP012,2025-03-21,settled,536667.83,EUR,AMER,CP0185,FX,TDR0009,BOOK_D,2025-04-27
TXN0008102526,APP015,2025-04-04,pending,495625.04,GBP,LATAM,CP0153,FX,TDR0143,BOOK_C,2026-03-01
TXN0000432821,APP008,2025-11-18,reversed,473981.05,JPY,EMEA,CP0316,OPTION,TDR0020,BOOK_A,2025-03-12
TXN0007811037,APP016,2025-08-23,failed,399921.43,USD,LATAM,CP0085,FUTURE,TDR0054,BOOK_C,2025-01-10
TXN0007194911,APP002,2025-12-16,failed,907373.63,EUR,EMEA,CP0146,EQUITY,TDR0092,BOOK_B,2025-12-17
TXN0001875526,APP015,2026-03-25,reversed,993054.28,EUR,APAC,CP0164,FUTURE,TDR0065,BOOK_D,2025-10-12
TXN0004465897,APP008,2026-01-18,reversed,602.64,EUR,LATAM,CP0028,FX,TDR0091,BOOK_D,2025-05-20
TXN0007882814,APP009,2025-03-09,active,361375.61,EUR,AMER,CP0101,SWAP,TDR0123,BOOK_A,2025-05-02
TXN0006729983,APP019,2026-01-08,pending,338209.13,AUD,AMER,CP0043,BOND,TDR0189,BOOK_D,2025-12-05
TXN0003988537,APP019,2025-05-08,settled,312404.38,AUD,APAC,CP0274,FX,TDR0119,BOOK_A,2025-01-26
TXN0008565137,APP008,2025-04-13,failed,553053.54,USD,LATAM,CP0317,BOND,TDR0050,BOOK_D,2025-12-01
TXN0009106250,APP002,2025-02-08,active,473765.65,CHF,AMER,CP0026,FUTURE,TDR0085,BOOK_C,2025-12-26
TXN0006763267,APP014,2025-03-27,failed,451998.21,CHF,LATAM,CP0408,FX,TDR0012,BOOK_A,2026-03-13
TXN0009398311,APP013,2025-12-08,failed,356096.82,AUD,LATAM,CP0145,BOND,TDR0091,BOOK_B,2025-06-13
TXN0002894008,APP018,2026-04-03,settled,323930.49,EUR,AMER,CP0429,SWAP,TDR0198,BOOK_D,2026-02-23
TXN0001092187,APP010,2025-10-31,settled,919800.04,USD,AMER,CP0156,BOND,TDR0023,BOOK_A,2025-06-10
TXN0009201197,APP002,2025-06-01,settled,393206.9,AUD,LATAM,CP0160,FX,TDR0034,BOOK_D,2025-02-07
TXN0008005867,APP008,2025-02-28,settled,599046.58,AUD,APAC,CP0393,SWAP,TDR0163,BOOK_D,2025-05-14
TXN0006436357,APP020,2025-07-08,pending,30089.86,EUR,APAC,CP0090,FX,TDR0079,BOOK_A,2025-06-01
TXN0000988694,APP019,2025-12-18,reversed,177375.59,GBP,APAC,CP0294,OPTION,TDR0135,BOOK_D,2026-03-06
TXN0002495388,APP017,2026-02-01,settled,166522.98,JPY,EMEA,CP0101,EQUITY,TDR0062,BOOK_A,2025-09-19
TXN0000987914,APP020,2025-03-13,active,377755.24,JPY,LATAM,CP0500,FX,TDR0017,BOOK_C,2025-12-03
TXN0006395810,APP017,2025-06-08,active,633702.25,CHF,AMER,CP0316,OPTION,TDR0142,BOOK_A,2025-05-30
TXN0005251449,APP017,2025-06-12,active,263006.35,JPY,EMEA,CP0392,OPTION,TDR0164,BOOK_A,2025-11-04
TXN0004342673,APP016,2025-02-10,active,981454.09,GBP,LATAM,CP0078,BOND,TDR0019,BOOK_C,2025-05-01
TXN0006488740,APP018,2025-05-14,failed,42972.15,USD,LATAM,CP0079,OPTION,TDR0065,BOOK_A,2025-06-06
TXN0003773588,APP006,2025-12-27,failed,411389.7,GBP,APAC,CP0216,OPTION,TDR0148,BOOK_C,2026-02-02
TXN0008573729,APP008,2025-09-28,pending,12743.35,EUR,AMER,CP0461,FUTURE,TDR0050,BOOK_B,2025-05-16
TXN0003403523,APP003,2026-03-10,settled,612654.23,GBP,AMER,CP0257,SWAP,TDR0116,BOOK_C,2025-04-27
TXN0001796008,APP009,2025-01-29,pending,276275.5,JPY,EMEA,CP0005,BOND,TDR0071,BOOK_C,2026-02-24
TXN0002864508,APP017,2025-02-16,reversed,306845.36,USD,AMER,CP0179,FUTURE,TDR0091,BOOK_A,2025-08-12
TXN0008519798,APP006,2025-08-13,failed,352252.21,USD,AMER,CP0286,OPTION,TDR0041,BOOK_D,2025-02-22
TXN0003097775,APP018,2025-05-25,active,950173.66,USD,APAC,CP0076,EQUITY,TDR0146,BOOK_A,2025-08-17
TXN0007243827,APP015,2025-04-20,active,647465.55,USD,EMEA,CP0420,BOND,TDR0123,BOOK_A,2025-10-10
TXN0008139163,APP020,2026-04-07,reversed,303853.09,AUD,APAC,CP0319,FUTURE,TDR0048,BOOK_A,2025-06-17
TXN0006188523,APP012,2025-04-22,active,772626.72,CHF,LATAM,CP0223,FX,TDR0190,BOOK_C,2026-03-13
TXN0002058514,APP018,2025-01-04,pending,210285.98,AUD,AMER,CP0142,SWAP,TDR0065,BOOK_D,2025-10-14
TXN0006819978,APP013,2026-01-06,pending,361957.27,USD,APAC,CP0444,EQUITY,TDR0141,BOOK_A,2025-11-30
TXN0006995203,APP006,2025-10-02,active,230864.16,EUR,AMER,CP0408,BOND,TDR0088,BOOK_A,2026-01-21
TXN0003517008,APP009,2025-05-28,pending,732747.85,USD,APAC,CP0409,SWAP,TDR0200,BOOK_D,2025-09-10
TXN0006936632,APP011,2026-03-12,settled,914726.91,EUR,APAC,CP0217,OPTION,TDR0018,BOOK_D,2025-03-27
TXN0006149221,APP012,2025-02-23,reversed,121846.36,EUR,EMEA,CP0382,BOND,TDR0038,BOOK_D,2025-12-28
TXN0008960292,APP020,2025-04-16,failed,22488.07,EUR,APAC,CP0272,FUTURE,TDR0026,BOOK_C,2025-01-11
TXN0009362139,APP016,2025-12-06,reversed,658529.12,GBP,EMEA,CP0486,FX,TDR0144,BOOK_D,2025-06-04
TXN0008108930,APP011,2026-02-16,pending,976465.47,AUD,LATAM,CP0055,FUTURE,TDR0139,BOOK_D,2025-06-08
TXN0003240116,APP001,2025-08-17,settled,65230.84,GBP,APAC,CP0179,FX,TDR0061,BOOK_D,2025-04-19
TXN0000719548,APP019,2025-08-26,active,121663.1,CHF,AMER,CP0379,FUTURE,TDR0157,BOOK_A,2026-01-12
TXN0003300526,APP014,2025-08-07,reversed,384719.08,AUD,LATAM,CP0403,OPTION,TDR0177,BOOK_C,2025-09-04
TXN0004836975,APP015,2025-05-23,settled,957022.41,USD,APAC,CP0474,EQUITY,TDR0158,BOOK_A,2025-03-31
TXN0004698402,APP009,2025-10-09,active,242301.89,EUR,AMER,CP0343,EQUITY,TDR0155,BOOK_A,2025-12-20
TXN0004609222,APP013,2025-12-13,pending,382434.23,AUD,AMER,CP0333,FX,TDR0077,BOOK_D,2025-12-28
TXN0008279586,APP001,2026-03-18,active,275981.25,AUD,LATAM,CP0500,EQUITY,TDR0009,BOOK_A,2025-09-06
TXN0007503083,APP019,2025-07-29,pending,983739.06,GBP,LATAM,CP0332,SWAP,TDR0197,BOOK_C,2025-11-11
TXN0005777195,APP001,2025-09-11,reversed,368603.92,GBP,APAC,CP0284,SWAP,TDR0031,BOOK_B,2025-08-28
TXN0008286956,APP002,2025-03-16,active,825768.17,USD,LATAM,CP0429,FX,TDR0109,BOOK_A,2025-01-05
TXN0001982833,APP003,2026-03-01,settled,818724.21,USD,LATAM,CP0052,BOND,TDR0042,BOOK_C,2025-05-07
TXN0000205861,APP016,2026-02-16,pending,777673.86,EUR,LATAM,CP0321,FUTURE,TDR0038,BOOK_A,2025-08-22
TXN0009467730,APP004,2025-06-27,settled,939217.63,USD,LATAM,CP0410,OPTION,TDR0124,BOOK_B,2026-01-18
TXN0006683988,APP004,2025-08-11,failed,438742.3,CHF,AMER,CP0129,EQUITY,TDR0064,BOOK_A,2026-03-30
TXN0001974274,APP016,2026-02-07,reversed,636584.06,JPY,APAC,CP0297,FX,TDR0055,BOOK_A,2025-03-06
TXN0008527816,APP019,2025-05-15,failed,514927.48,AUD,LATAM,CP0203,FUTURE,TDR0026,BOOK_C,2025-03-05
TXN0006063059,APP006,2025-04-25,active,736869.27,JPY,APAC,CP0366,OPTION,TDR0051,BOOK_C,2025-07-08
TXN0000540724,APP014,2025-04-21,active,468939.19,GBP,LATAM,CP0436,OPTION,TDR0035,BOOK_C,2026-03-09
TXN0007887293,APP006,2025-01-10,failed,873056.66,EUR,LATAM,CP0458,EQUITY,TDR0122,BOOK_D,2025-07-28
TXN0002401286,APP011,2025-01-20,settled,800777.56,GBP,EMEA,CP0132,FX,TDR0193,BOOK_A,2026-03-06
TXN0008382989,APP012,2025-08-01,reversed,416940.84,AUD,AMER,CP0413,EQUITY,TDR0068,BOOK_B,2025-07-08
TXN0001761062,APP012,2026-01-20,settled,778222.82,EUR,APAC,CP0049,FX,TDR0138,BOOK_D,2025-07-17
TXN0003432247,APP015,2025-10-09,reversed,166530.7,USD,EMEA,CP0251,SWAP,TDR0141,BOOK_B,2025-09-05
TXN0006117612,APP017,2026-04-04,settled,88085.59,CHF,LATAM,CP0489,FX,TDR0179,BOOK_D,2025-08-30
TXN0009276880,APP018,2025-05-20,settled,156888.49,CHF,APAC,CP0398,BOND,TDR0006,BOOK_A,2026-03-08
TXN0007867294,APP011,2025-03-05,failed,674728.58,CHF,AMER,CP0105,SWAP,TDR0007,BOOK_B,2025-12-01
TXN0005318668,APP016,2025-07-10,pending,314279.34,USD,LATAM,CP0172,OPTION,TDR0118,BOOK_B,2025-04-27
TXN0005895514,APP009,2025-08-23,failed,462557.88,EUR,LATAM,CP0454,SWAP,TDR0031,BOOK_C,2025-12-12
TXN0006238704,APP013,2025-07-26,active,267788.62,EUR,APAC,CP0265,BOND,TDR0156,BOOK_C,2026-03-19
TXN0007338443,APP020,2025-09-03,failed,202650.78,AUD,AMER,CP0096,FX,TDR0081,BOOK_D,2025-11-09
TXN0004084392,APP006,2026-02-28,pending,206283.33,GBP,LATAM,CP0074,EQUITY,TDR0025,BOOK_D,2025-08-06
TXN0006952161,APP015,2025-06-15,failed,394606.49,USD,EMEA,CP0257,OPTION,TDR0193,BOOK_A,2025-06-30
TXN0002779159,APP010,2025-06-29,failed,13990.27,GBP,EMEA,CP0148,FUTURE,TDR0059,BOOK_C,2025-04-16
TXN0006091211,APP010,2026-02-05,reversed,552026.45,CHF,LATAM,CP0280,FUTURE,TDR0069,BOOK_C,2025-09-08
TXN0003834419,APP014,2025-12-17,failed,159013.73,USD,AMER,CP0442,FX,TDR0032,BOOK_A,2025-12-08
TXN0009158479,APP006,2025-08-11,pending,928231.85,JPY,AMER,CP0341,OPTION,TDR0128,BOOK_A,2025-08-09
TXN0008535501,APP010,2025-06-30,failed,473555.63,CHF,LATAM,CP0077,OPTION,TDR0171,BOOK_A,2025-12-25
TXN0006895188,APP011,2025-11-22,failed,561924.97,GBP,APAC,CP0238,BOND,TDR0075,BOOK_C,2025-08-27
TXN0001119072,APP005,2026-01-19,failed,21232.31,USD,EMEA,CP0010,FUTURE,TDR0157,BOOK_C,2025-11-30
TXN0009601707,APP004,2025-02-14,settled,741738.71,USD,AMER,CP0071,OPTION,TDR0054,BOOK_B,2025-07-21
TXN0002059577,APP010,2025-07-02,failed,461749.33,JPY,AMER,CP0128,FUTURE,TDR0075,BOOK_D,2025-08-26
TXN0008085439,APP001,2026-03-04,reversed,961282.95,USD,LATAM,CP0439,SWAP,TDR0069,BOOK_A,2025-01-19
TXN0005091445,APP010,2025-10-28,settled,756551.83,USD,AMER,CP0354,FX,TDR0171,BOOK_B,2025-12-16
TXN0000855461,APP004,2026-02-12,active,782977.56,CHF,LATAM,CP0311,FUTURE,TDR0142,BOOK_A,2025-01-23
TXN0007664913,APP017,2025-05-10,pending,158295.1,GBP,AMER,CP0338,OPTION,TDR0144,BOOK_B,2025-05-24
TXN0007640058,APP018,2026-02-22,settled,279470.48,EUR,LATAM,CP0036,FX,TDR0170,BOOK_B,2025-10-08
TXN0006694873,APP005,2025-06-12,pending,751419.82,GBP,LATAM,CP0389,BOND,TDR0157,BOOK_A,2025-03-19
TXN0004716073,APP010,2025-04-26,reversed,343029.52,USD,APAC,CP0256,BOND,TDR0047,BOOK_A,2025-10-20
TXN0008713783,APP002,2026-01-20,pending,214175.98,CHF,LATAM,CP0035,SWAP,TDR0139,BOOK_A,2025-12-11
TXN0005394054,APP015,2026-01-27,settled,770324.21,JPY,LATAM,CP0164,FX,TDR0045,BOOK_D,2025-07-09
TXN0008865717,APP007,2025-11-17,failed,324177.35,CHF,APAC,CP0169,BOND,TDR0165,BOOK_D,2025-03-23
TXN0005285001,APP010,2025-03-03,active,167311.8,JPY,APAC,CP0014,BOND,TDR0056,BOOK_A,2025-09-13
TXN0007290791,APP007,2025-08-31,active,616363.07,AUD,AMER,CP0183,FUTURE,TDR0007,BOOK_A,2025-12-16
TXN0005926745,APP007,2025-12-14,reversed,914469.07,GBP,APAC,CP0058,FUTURE,TDR0083,BOOK_B,2025-07-20
TXN0001051087,APP002,2025-08-27,reversed,379831.79,AUD,LATAM,CP0131,BOND,TDR0042,BOOK_C,2025-03-20
TXN0008611159,APP002,2026-02-03,failed,402415.19,GBP,AMER,CP0493,BOND,TDR0116,BOOK_D,2025-05-21
TXN0004613643,APP010,2025-07-09,pending,616880.08,EUR,APAC,CP0486,SWAP,TDR0139,BOOK_A,2025-03-21
TXN0009654273,APP003,2026-02-10,reversed,173132.69,GBP,EMEA,CP0429,FX,TDR0141,BOOK_C,2025-04-03
TXN0008551386,APP017,2025-01-25,failed,82558.49,AUD,EMEA,CP0083,FUTURE,TDR0031,BOOK_C,2025-07-29
TXN0007230343,APP003,2025-08-14,failed,270649.17,EUR,AMER,CP0340,FX,TDR0184,BOOK_C,2025-06-03
TXN0009237185,APP008,2025-01-24,active,461314.61,CHF,EMEA,CP0439,EQUITY,TDR0110,BOOK_D,2025-04-23
TXN0001060117,APP020,2025-04-18,settled,974792.61,AUD,LATAM,CP0323,OPTION,TDR0066,BOOK_C,2025-07-28
TXN0007190023,APP016,2025-11-18,pending,25216.52,CHF,LATAM,CP0377,FUTURE,TDR0177,BOOK_D,2025-06-25
TXN0002452954,APP007,2025-05-07,settled,89576.13,JPY,LATAM,CP0158,SWAP,TDR0195,BOOK_B,2025-07-02
TXN0009684449,APP020,2025-02-26,active,105502.13,CHF,EMEA,CP0203,EQUITY,TDR0058,BOOK_D,2025-05-31
TXN0001101057,APP002,2025-05-08,active,266467.54,JPY,AMER,CP0367,OPTION,TDR0115,BOOK_A,2025-09-14
TXN0002633030,APP001,2025-06-29,settled,154288.06,USD,EMEA,CP0395,SWAP,TDR0199,BOOK_B,2025-06-26
TXN0009876484,APP011,2025-07-06,failed,447996.62,JPY,EMEA,CP0314,FX,TDR0147,BOOK_C,2025-05-09
TXN0003790561,APP004,2025-10-30,pending,851361.1,GBP,APAC,CP0092,FX,TDR0001,BOOK_A,2025-12-06
TXN0002973680,APP001,2025-11-03,pending,680151.54,USD,APAC,CP0427,FUTURE,TDR0194,BOOK_C,2025-08-14
TXN0000885765,APP008,2025-02-14,settled,420045.23,CHF,EMEA,CP0450,SWAP,TDR0069,BOOK_B,2025-01-28
TXN0006439654,APP007,2026-01-20,active,231286.03,CHF,AMER,CP0238,SWAP,TDR0179,BOOK_C,2025-07-20
TXN0008911562,APP010,2026-01-14,active,459036.1,AUD,LATAM,CP0114,EQUITY,TDR0119,BOOK_A,2025-04-11
TXN0007692038,APP009,2025-02-16,settled,980069.08,JPY,AMER,CP0329,FX,TDR0034,BOOK_C,2025-06-15
TXN0002704439,APP008,2025-05-06,failed,933629.29,JPY,AMER,CP0008,OPTION,TDR0119,BOOK_C,2026-04-13
TXN0000346198,APP011,2026-03-29,pending,922855.44,GBP,EMEA,CP0423,FUTURE,TDR0118,BOOK_D,2025-02-15
TXN0004647752,APP018,2025-06-17,active,991645.59,CHF,APAC,CP0471,SWAP,TDR0173,BOOK_C,2026-01-16
TXN0001723614,APP012,2025-09-20,pending,154146.1,AUD,LATAM,CP0259,FUTURE,TDR0029,BOOK_D,2026-01-17
TXN0000031984,APP010,2025-08-30,pending,971685.95,CHF,LATAM,CP0373,BOND,TDR0132,BOOK_A,2025-12-21
TXN0009293794,APP016,2025-03-13,pending,855643.75,USD,APAC,CP0354,BOND,TDR0060,BOOK_D,2025-08-17
TXN0002919470,APP014,2025-10-31,reversed,213235.5,JPY,LATAM,CP0222,EQUITY,TDR0093,BOOK_A,2025-05-21
TXN0002838073,APP018,2025-02-03,active,478785.69,EUR,LATAM,CP0395,FX,TDR0020,BOOK_C,2025-05-08
TXN0001373143,APP019,2025-05-09,reversed,34722.55,CHF,LATAM,CP0274,OPTION,TDR0118,BOOK_B,2026-03-25
TXN0005764265,APP003,2025-10-14,pending,769420.65,CHF,AMER,CP0067,FX,TDR0171,BOOK_A,2025-01-14
TXN0001129642,APP016,2025-10-23,reversed,653167.04,JPY,AMER,CP0213,FX,TDR0028,BOOK_C,2025-07-31
TXN0001732323,APP002,2025-02-08,settled,461575.5,EUR,LATAM,CP0022,FX,TDR0183,BOOK_B,2025-11-06
TXN0002546899,APP003,2025-11-28,pending,405791.38,GBP,APAC,CP0244,OPTION,TDR0015,BOOK_A,2025-12-26
TXN0004001871,APP002,2025-06-28,settled,312450.62,GBP,LATAM,CP0493,FX,TDR0071,BOOK_A,2025-01-22
TXN0008787154,APP016,2026-03-05,reversed,341465.15,CHF,APAC,CP0384,OPTION,TDR0098,BOOK_A,2025-08-17
TXN0000537679,APP015,2025-10-31,reversed,93788.16,GBP,APAC,CP0304,OPTION,TDR0156,BOOK_B,2026-04-07
TXN0003429703,APP017,2025-04-13,failed,833571.97,GBP,AMER,CP0005,OPTION,TDR0093,BOOK_A,2026-03-31
TXN0002511024,APP015,2025-04-02,pending,503454.47,AUD,APAC,CP0087,BOND,TDR0066,BOOK_C,2025-10-30
TXN0008505101,APP012,2025-07-21,failed,238827.15,AUD,APAC,CP0427,OPTION,TDR0053,BOOK_C,2025-11-22
TXN0001154593,APP015,2025-12-02,settled,909541.86,GBP,LATAM,CP0016,FX,TDR0182,BOOK_A,2025-03-02
TXN0003057991,APP011,2025-03-14,failed,440422.02,AUD,EMEA,CP0016,OPTION,TDR0138,BOOK_B,2026-01-30
TXN0008567918,APP007,2026-02-10,settled,618233.19,USD,EMEA,CP0335,FX,TDR0180,BOOK_A,2025-03-11
TXN0007913618,APP006,2025-10-06,reversed,533700.24,AUD,LATAM,CP0164,BOND,TDR0101,BOOK_B,2025-07-02
TXN0007827909,APP007,2025-02-23,failed,667713.11,USD,LATAM,CP0300,FX,TDR0091,BOOK_A,2025-09-29
TXN0000672134,APP009,2025-06-22,failed,886160.74,USD,AMER,CP0349,OPTION,TDR0086,BOOK_A,2025-03-18
TXN0006400299,APP011,2025-09-18,settled,322199.84,GBP,AMER,CP0438,EQUITY,TDR0082,BOOK_B,2025-02-28
TXN0002976808,APP012,2025-01-02,settled,789524.56,AUD,AMER,CP0129,FUTURE,TDR0134,BOOK_B,2025-01-22
TXN0000765623,APP014,2026-03-22,failed,454155.75,GBP,AMER,CP0127,BOND,TDR0152,BOOK_C,2025-10-05
TXN0001871816,APP006,2025-03-21,pending,882068.75,USD,LATAM,CP0246,OPTION,TDR0013,BOOK_C,2025-08-17
TXN0009054189,APP007,2025-12-27,pending,789899.77,EUR,APAC,CP0426,BOND,TDR0150,BOOK_B,2025-07-14
TXN0000837397,APP006,2025-05-25,active,952830.71,GBP,EMEA,CP0146,FUTURE,TDR0150,BOOK_D,2025-10-01
TXN0005137031,APP019,2025-07-25,failed,706983.01,AUD,AMER,CP0154,BOND,TDR0072,BOOK_D,2025-10-09
TXN0003679071,APP015,2025-04-24,active,182875.6,CHF,APAC,CP0352,OPTION,TDR0009,BOOK_A,2025-09-02
TXN0001520143,APP017,2025-06-23,failed,614090.02,GBP,LATAM,CP0478,FX,TDR0131,BOOK_C,2026-02-01
TXN0002897902,APP002,2025-02-08,active,823890.57,USD,AMER,CP0299,SWAP,TDR0034,BOOK_A,2025-12-10
TXN0000769701,APP010,2025-09-19,pending,740442.2,AUD,LATAM,CP0462,OPTION,TDR0070,BOOK_D,2026-04-05
TXN0005418492,APP020,2025-08-30,settled,204422.9,AUD,AMER,CP0123,OPTION,TDR0054,BOOK_B,2026-02-02
TXN0003317655,APP014,2025-09-22,active,206940.72,AUD,AMER,CP0088,FX,TDR0167,BOOK_B,2025-04-03
TXN0001258735,APP004,2025-09-09,reversed,26971.5,GBP,LATAM,CP0282,BOND,TDR0045,BOOK_B,2025-11-14
TXN0001388767,APP003,2025-08-05,failed,684264.56,CHF,AMER,CP0386,BOND,TDR0159,BOOK_A,2025-12-27
TXN0003739884,APP019,2025-03-21,failed,931866.47,EUR,APAC,CP0488,FX,TDR0198,BOOK_B,2025-10-26
TXN0000883918,APP017,2025-12-06,failed,95576.63,JPY,EMEA,CP0450,OPTION,TDR0146,BOOK_B,2026-04-07
TXN0007494263,APP008,2025-01-08,reversed,304022.68,USD,APAC,CP0230,BOND,TDR0096,BOOK_A,2025-05-14
TXN0000211835,APP019,2025-06-10,settled,203234.13,AUD,APAC,CP0141,FUTURE,TDR0021,BOOK_D,2025-11-26
TXN0000636002,APP020,2026-03-19,settled,544418.85,EUR,LATAM,CP0435,EQUITY,TDR0125,BOOK_D,2025-09-15
TXN0008121334,APP015,2025-08-15,settled,200101.24,GBP,LATAM,CP0015,FUTURE,TDR0117,BOOK_D,2025-08-07
TXN0001366879,APP015,2025-10-01,active,200258.29,EUR,AMER,CP0462,OPTION,TDR0001,BOOK_D,2026-02-17
TXN0008085296,APP015,2026-03-13,settled,71966.39,CHF,LATAM,CP0196,BOND,TDR0051,BOOK_C,2025-10-15
TXN0008332202,APP009,2025-08-11,failed,117448.4,AUD,AMER,CP0398,EQUITY,TDR0042,BOOK_B,2025-12-01
TXN0009947642,APP011,2025-12-13,reversed,474623.09,EUR,AMER,CP0387,FX,TDR0148,BOOK_D,2025-12-22
TXN0003395139,APP008,2025-07-31,pending,664377.45,AUD,APAC,CP0219,FUTURE,TDR0149,BOOK_D,2026-02-24
TXN0000062503,APP003,2025-02-07,reversed,768197.53,AUD,AMER,CP0342,FX,TDR0028,BOOK_B,2026-01-06
TXN0002178221,APP006,2026-01-21,active,329119.69,EUR,LATAM,CP0069,FUTURE,TDR0124,BOOK_B,2026-02-11
TXN0002918435,APP016,2025-12-06,settled,847247.41,EUR,LATAM,CP0386,OPTION,TDR0194,BOOK_C,2025-01-21
TXN0007274616,APP012,2025-09-13,settled,629849.55,GBP,LATAM,CP0473,FX,TDR0194,BOOK_C,2025-08-28
TXN0000584944,APP003,2026-01-01,pending,386865.46,CHF,APAC,CP0175,FX,TDR0013,BOOK_A,2025-08-04
TXN0004143118,APP002,2025-02-11,reversed,195672.39,USD,APAC,CP0268,FUTURE,TDR0052,BOOK_B,2025-02-17
TXN0006830508,APP003,2025-02-26,reversed,444229.48,CHF,EMEA,CP0433,EQUITY,TDR0053,BOOK_D,2025-03-31
TXN0005296763,APP014,2026-03-08,reversed,162742.62,AUD,LATAM,CP0475,BOND,TDR0085,BOOK_C,2026-03-09
TXN0001089832,APP014,2025-08-05,failed,979037.17,USD,LATAM,CP0451,BOND,TDR0160,BOOK_B,2025-06-12
TXN0002837904,APP013,2025-01-11,pending,762810.98,CHF,APAC,CP0092,FUTURE,TDR0024,BOOK_D,2026-04-06
TXN0004320043,APP006,2025-05-27,active,194041.34,USD,LATAM,CP0007,FX,TDR0109,BOOK_D,2025-08-31
TXN0002004695,APP014,2025-08-24,failed,385125.34,GBP,EMEA,CP0219,OPTION,TDR0189,BOOK_C,2025-03-28
TXN0003883219,APP017,2025-07-21,settled,130515.18,GBP,AMER,CP0359,FX,TDR0190,BOOK_B,2025-07-16
TXN0009805191,APP016,2025-03-04,failed,120649.22,GBP,AMER,CP0073,FX,TDR0083,BOOK_A,2025-10-17
TXN0003252858,APP020,2025-03-20,active,564465.81,GBP,APAC,CP0098,FUTURE,TDR0064,BOOK_D,2026-02-14
TXN0004041229,APP007,2025-12-04,failed,710897.36,GBP,APAC,CP0387,SWAP,TDR0122,BOOK_B,2025-02-24
TXN0005930618,APP002,2025-12-22,failed,139352.21,GBP,AMER,CP0379,OPTION,TDR0035,BOOK_C,2026-03-17
TXN0000065158,APP012,2025-03-18,reversed,89738.01,GBP,APAC,CP0470,EQUITY,TDR0077,BOOK_B,2025-04-15
TXN0006309470,APP019,2025-03-27,active,861862.02,CHF,LATAM,CP0009,BOND,TDR0116,BOOK_C,2026-01-04
TXN0004507291,APP016,2025-07-01,pending,556695.74,GBP,EMEA,CP0462,BOND,TDR0096,BOOK_C,2025-08-02
TXN0003672991,APP006,2025-09-22,failed,674516.81,AUD,AMER,CP0026,FX,TDR0091,BOOK_A,2025-12-11
TXN0007390214,APP014,2026-02-23,active,463745.94,CHF,LATAM,CP0263,FUTURE,TDR0027,BOOK_D,2025-01-26
TXN0007142068,APP010,2025-12-16,active,248328.26,JPY,APAC,CP0231,BOND,TDR0022,BOOK_C,2025-06-06
TXN0009292608,APP001,2025-06-16,reversed,738133.05,JPY,AMER,CP0235,EQUITY,TDR0155,BOOK_A,2026-03-20
TXN0008459498,APP014,2025-12-10,active,693563.82,JPY,APAC,CP0260,SWAP,TDR0150,BOOK_A,2026-04-11
TXN0006462301,APP005,2025-10-10,pending,729192.75,AUD,LATAM,CP0490,FUTURE,TDR0121,BOOK_B,2025-07-05
TXN0007904926,APP010,2025-06-11,settled,68689.28,EUR,AMER,CP0006,EQUITY,TDR0188,BOOK_C,2025-11-04
TXN0003579692,APP002,2026-02-22,failed,347137.08,AUD,AMER,CP0071,BOND,TDR0100,BOOK_A,2025-08-17
TXN0001708991,APP008,2025-04-22,active,396576.77,USD,AMER,CP0193,FUTURE,TDR0043,BOOK_A,2025-09-06
TXN0004773678,APP002,2025-06-03,active,999859.46,GBP,EMEA,CP0261,FX,TDR0069,BOOK_C,2025-04-29
TXN0005359751,APP008,2026-02-10,pending,418115.16,GBP,AMER,CP0216,SWAP,TDR0053,BOOK_D,2025-02-01
TXN0008185803,APP018,2025-05-17,failed,379939.27,AUD,LATAM,CP0160,EQUITY,TDR0088,BOOK_C,2025-01-21
TXN0006854338,APP017,2025-04-15,failed,8492.19,AUD,EMEA,CP0449,FX,TDR0002,BOOK_D,2026-01-26
TXN0002304060,APP007,2025-03-12,failed,319895.79,GBP,EMEA,CP0472,FUTURE,TDR0130,BOOK_A,2025-11-17
TXN0008911478,APP016,2025-07-26,active,913709.78,GBP,LATAM,CP0298,FX,TDR0120,BOOK_D,2026-03-22
TXN0009921958,APP004,2025-04-19,failed,957463.37,GBP,EMEA,CP0010,EQUITY,TDR0038,BOOK_A,2026-01-10
TXN0001416893,APP010,2025-11-11,settled,433719.96,JPY,EMEA,CP0039,FX,TDR0022,BOOK_C,2025-02-23
TXN0009762864,APP019,2025-03-19,reversed,887657.64,JPY,APAC,CP0425,FX,TDR0139,BOOK_D,2026-03-06
TXN0003561303,APP001,2025-05-08,settled,388706.22,CHF,AMER,CP0196,FX,TDR0076,BOOK_D,2025-01-22
TXN0002740288,APP020,2025-09-07,reversed,343474.89,USD,AMER,CP0274,BOND,TDR0115,BOOK_D,2025-10-25
TXN0006800069,APP011,2025-01-31,settled,633776.06,AUD,AMER,CP0365,FX,TDR0028,BOOK_B,2025-12-21
TXN0007579799,APP012,2025-09-11,failed,359683.91,JPY,AMER,CP0441,BOND,TDR0065,BOOK_A,2025-01-19
TXN0008856238,APP002,2026-02-15,active,120193.59,GBP,AMER,CP0299,BOND,TDR0040,BOOK_B,2025-02-16
TXN0007124400,APP006,2025-04-09,pending,966016.35,GBP,LATAM,CP0179,OPTION,TDR0147,BOOK_D,2026-01-11
TXN0007066468,APP006,2025-11-18,reversed,746718.8,EUR,AMER,CP0299,OPTION,TDR0001,BOOK_D,2025-12-09
TXN0006068096,APP005,2025-11-05,failed,795526.71,CHF,LATAM,CP0154,OPTION,TDR0038,BOOK_B,2025-10-15
TXN0006193598,APP010,2025-09-23,active,644306.99,GBP,EMEA,CP0499,OPTION,TDR0094,BOOK_C,2025-03-28
TXN0000910660,APP003,2025-01-03,active,207373.07,USD,LATAM,CP0080,EQUITY,TDR0028,BOOK_A,2026-02-19
TXN0003916768,APP011,2025-02-19,settled,170902.34,USD,APAC,CP0273,OPTION,TDR0013,BOOK_C,2025-12-16
TXN0004416241,APP002,2025-10-25,active,314900.45,USD,APAC,CP0236,OPTION,TDR0161,BOOK_A,2025-05-31
TXN0001595039,APP001,2025-04-16,failed,744130.98,EUR,APAC,CP0063,EQUITY,TDR0111,BOOK_A,2025-01-04
TXN0002108547,APP017,2025-02-09,settled,821974.89,CHF,APAC,CP0464,OPTION,TDR0096,BOOK_A,2025-09-30
TXN0000982409,APP004,2026-03-15,failed,943311.99,AUD,EMEA,CP0290,OPTION,TDR0047,BOOK_C,2025-11-15
TXN0003868703,APP006,2025-04-30,failed,493251.67,JPY,LATAM,CP0474,SWAP,TDR0181,BOOK_D,2025-07-21
TXN0009205001,APP008,2025-11-18,active,910386.42,AUD,EMEA,CP0207,FX,TDR0123,BOOK_B,2026-04-05
TXN0009229110,APP017,2025-07-24,failed,387859.24,AUD,EMEA,CP0043,EQUITY,TDR0174,BOOK_D,2025-06-14
TXN0003784504,APP008,2025-08-23,reversed,704849.14,AUD,AMER,CP0417,EQUITY,TDR0021,BOOK_D,2025-08-21
TXN0004585011,APP019,2025-03-24,active,134635.96,JPY,APAC,CP0190,FX,TDR0165,BOOK_C,2025-05-21
TXN0002017652,APP001,2026-01-17,pending,679938.43,CHF,APAC,CP0130,FX,TDR0131,BOOK_B,2025-10-13
TXN0005094306,APP002,2025-10-13,active,499166.77,AUD,APAC,CP0030,EQUITY,TDR0006,BOOK_A,2025-10-10
TXN0000095384,APP016,2025-07-29,active,22730.66,AUD,LATAM,CP0101,FUTURE,TDR0114,BOOK_B,2025-12-09
TXN0007827948,APP006,2026-03-22,reversed,974320.75,AUD,AMER,CP0163,FUTURE,TDR0150,BOOK_D,2025-05-09
TXN0000031453,APP003,2025-03-14,active,281725.62,CHF,APAC,CP0167,OPTION,TDR0171,BOOK_C,2025-10-10
TXN0002803938,APP004,2025-11-23,failed,940996.29,JPY,LATAM,CP0081,OPTION,TDR0171,BOOK_A,2026-01-10
TXN0001687673,APP003,2026-02-19,pending,494656.01,AUD,EMEA,CP0321,FX,TDR0033,BOOK_A,2025-11-16
TXN0006876154,APP006,2025-10-30,pending,668966.04,USD,LATAM,CP0209,FUTURE,TDR0019,BOOK_D,2025-10-24
TXN0003620886,APP005,2025-02-20,failed,628489.09,GBP,LATAM,CP0296,SWAP,TDR0031,BOOK_D,2025-05-31
TXN0008781878,APP004,2025-08-09,reversed,653127.67,EUR,EMEA,CP0245,OPTION,TDR0081,BOOK_D,2026-02-15
TXN0001025652,APP015,2025-11-22,reversed,557475.21,EUR,APAC,CP0228,SWAP,TDR0109,BOOK_D,2025-08-05
TXN0009869673,APP014,2025-02-01,settled,553851.54,GBP,AMER,CP0140,SWAP,TDR0088,BOOK_B,2026-02-10
TXN0003723064,APP007,2025-01-14,settled,602030.12,JPY,AMER,CP0426,OPTION,TDR0116,BOOK_D,2025-08-09
TXN0000021986,APP015,2025-06-21,failed,274905.24,CHF,EMEA,CP0139,BOND,TDR0112,BOOK_D,2025-01-20
TXN0003089036,APP015,2025-01-12,failed,853069.22,JPY,EMEA,CP0467,SWAP,TDR0075,BOOK_D,2025-01-27
TXN0009379542,APP013,2025-04-27,failed,281055.16,USD,LATAM,CP0011,FX,TDR0158,BOOK_C,2025-06-20
TXN0005270996,APP018,2025-04-07,settled,398108.08,USD,EMEA,CP0211,BOND,TDR0139,BOOK_A,2026-02-27
TXN0002093905,APP010,2025-05-12,active,501811.56,AUD,APAC,CP0485,OPTION,TDR0142,BOOK_A,2025-07-08
TXN0007831735,APP002,2025-02-09,reversed,751720.08,CHF,LATAM,CP0255,FX,TDR0134,BOOK_D,2025-06-23
TXN0000585109,APP003,2026-02-06,settled,524177.8,CHF,AMER,CP0002,BOND,TDR0132,BOOK_C,2025-02-27
TXN0001661953,APP011,2026-02-03,failed,952116.34,GBP,LATAM,CP0010,FX,TDR0042,BOOK_B,2025-06-06
TXN0009036506,APP020,2025-01-16,pending,460910.19,JPY,LATAM,CP0405,SWAP,TDR0026,BOOK_C,2025-08-10
TXN0000557340,APP015,2025-09-20,active,495007.01,JPY,EMEA,CP0277,BOND,TDR0054,BOOK_C,2025-12-20
TXN0002464720,APP019,2026-03-29,pending,869327.79,CHF,APAC,CP0379,FX,TDR0052,BOOK_B,2025-01-25
TXN0000639474,APP019,2025-08-19,reversed,997380.99,AUD,APAC,CP0409,EQUITY,TDR0037,BOOK_B,2025-01-24
TXN0003591045,APP012,2025-11-24,reversed,452316.33,GBP,AMER,CP0119,EQUITY,TDR0137,BOOK_D,2026-04-09
TXN0008420798,APP007,2025-01-28,reversed,730970.14,USD,APAC,CP0234,FX,TDR0191,BOOK_B,2025-03-12
TXN0003362051,APP012,2026-01-28,failed,620603.78,GBP,AMER,CP0031,FX,TDR0116,BOOK_D,2025-01-16
TXN0002174209,APP013,2025-01-31,active,242880.01,CHF,APAC,CP0131,FX,TDR0166,BOOK_D,2025-11-02
TXN0005722988,APP019,2025-06-18,settled,633834.43,USD,EMEA,CP0025,EQUITY,TDR0064,BOOK_D,2025-12-26
TXN0009851212,APP006,2025-02-28,pending,12697.13,USD,LATAM,CP0179,EQUITY,TDR0063,BOOK_D,2025-05-21
TXN0005793194,APP012,2025-10-13,reversed,657836.31,JPY,LATAM,CP0433,FX,TDR0038,BOOK_D,2025-04-21
TXN0009454213,APP014,2026-02-19,failed,802565.34,JPY,AMER,CP0206,BOND,TDR0076,BOOK_C,2025-06-05
TXN0005297839,APP010,2025-04-26,failed,149707.23,EUR,AMER,CP0209,EQUITY,TDR0150,BOOK_A,2026-02-20
TXN0001059934,APP020,2026-02-19,reversed,305403.34,GBP,EMEA,CP0444,OPTION,TDR0160,BOOK_A,2025-07-16
TXN0007730253,APP003,2025-04-03,reversed,780347.39,USD,AMER,CP0193,SWAP,TDR0175,BOOK_B,2026-03-04
TXN0007461079,APP002,2026-03-14,failed,797370.83,GBP,APAC,CP0284,OPTION,TDR0002,BOOK_B,2025-09-21
TXN0005767694,APP020,2026-01-22,failed,670532.02,GBP,LATAM,CP0021,SWAP,TDR0016,BOOK_D,2025-07-11
TXN0000675838,APP012,2025-09-18,settled,488843.34,JPY,AMER,CP0457,OPTION,TDR0012,BOOK_D,2025-03-22
TXN0002472957,APP005,2026-03-19,active,82674.71,JPY,LATAM,CP0345,EQUITY,TDR0130,BOOK_B,2025-04-14
TXN0005507683,APP014,2025-06-13,reversed,985250.72,CHF,AMER,CP0468,SWAP,TDR0043,BOOK_A,2026-01-20
TXN0002554828,APP003,2025-03-24,settled,504109.97,USD,AMER,CP0086,SWAP,TDR0117,BOOK_B,2025-10-08
TXN0005021053,APP009,2026-03-27,settled,163833.57,CHF,EMEA,CP0251,BOND,TDR0116,BOOK_D,2025-03-14
TXN0008088379,APP009,2025-03-10,settled,463595.83,CHF,APAC,CP0171,FX,TDR0068,BOOK_B,2025-04-19
TXN0002277888,APP019,2025-11-02,pending,165484.09,AUD,APAC,CP0114,FX,TDR0084,BOOK_B,2025-02-04
TXN0000819399,APP005,2026-01-21,pending,738622.62,GBP,AMER,CP0419,EQUITY,TDR0134,BOOK_A,2025-01-12
TXN0008021132,APP008,2025-07-31,pending,655162.13,USD,APAC,CP0137,BOND,TDR0148,BOOK_B,2025-10-29
TXN0002778222,APP009,2025-01-14,active,659970.47,JPY,EMEA,CP0396,SWAP,TDR0127,BOOK_C,2026-02-24
TXN0007860467,APP016,2025-03-02,failed,42000.0,AUD,EMEA,CP0134,EQUITY,TDR0001,BOOK_B,2025-01-30
TXN0003930231,APP007,2025-08-17,active,165624.81,CHF,LATAM,CP0437,EQUITY,TDR0070,BOOK_D,2025-10-05
TXN0005082002,APP005,2025-06-16,active,9372.96,JPY,EMEA,CP0127,FUTURE,TDR0176,BOOK_A,2025-06-24
TXN0007111469,APP008,2025-06-23,active,816966.06,EUR,APAC,CP0252,FX,TDR0036,BOOK_C,2025-01-07
TXN0007773790,APP007,2025-08-07,pending,682115.37,EUR,LATAM,CP0190,EQUITY,TDR0199,BOOK_A,2026-01-11
TXN0008532575,APP006,2026-04-12,active,596985.91,EUR,LATAM,CP0321,FUTURE,TDR0160,BOOK_A,2026-03-15
TXN0005022616,APP002,2025-11-17,reversed,416566.61,GBP,AMER,CP0473,EQUITY,TDR0118,BOOK_B,2025-09-22
TXN0001754813,APP016,2025-12-24,reversed,826156.86,CHF,APAC,CP0076,EQUITY,TDR0115,BOOK_A,2026-01-08
TXN0006067486,APP010,2025-10-02,failed,117583.96,CHF,AMER,CP0176,SWAP,TDR0135,BOOK_C,2025-06-18
TXN0003037943,APP004,2026-02-14,active,728062.58,AUD,AMER,CP0059,SWAP,TDR0146,BOOK_D,2025-11-07
TXN0006265730,APP001,2025-04-29,reversed,333190.83,CHF,LATAM,CP0209,OPTION,TDR0198,BOOK_B,2025-09-09
TXN0000116315,APP002,2025-12-30,pending,404803.32,JPY,EMEA,CP0029,SWAP,TDR0082,BOOK_A,2025-03-18
TXN0006848974,APP007,2025-10-02,settled,367723.98,AUD,APAC,CP0060,FX,TDR0086,BOOK_B,2025-12-04
TXN0005100111,APP018,2025-10-22,active,513843.31,GBP,APAC,CP0431,BOND,TDR0169,BOOK_C,2025-08-29
TXN0008898767,APP017,2025-04-05,active,568248.88,USD,AMER,CP0310,EQUITY,TDR0135,BOOK_B,2025-05-31
TXN0007403985,APP006,2025-07-27,settled,648466.42,EUR,EMEA,CP0204,SWAP,TDR0122,BOOK_A,2026-01-15
TXN0005788952,APP017,2025-05-19,reversed,493710.82,GBP,LATAM,CP0299,FUTURE,TDR0114,BOOK_C,2025-02-13
TXN0005640399,APP019,2025-08-25,settled,967602.08,CHF,APAC,CP0390,BOND,TDR0095,BOOK_D,2025-03-07
TXN0008992649,APP017,2026-03-07,settled,63689.47,USD,EMEA,CP0096,FX,TDR0179,BOOK_A,2026-01-23
TXN0002010517,APP019,2025-10-10,reversed,956497.29,USD,EMEA,CP0379,FUTURE,TDR0097,BOOK_B,2025-07-07
TXN0000402170,APP011,2025-11-07,pending,211910.19,USD,APAC,CP0247,OPTION,TDR0153,BOOK_B,2025-12-11
TXN0009827116,APP014,2026-03-30,settled,648881.7,USD,APAC,CP0247,SWAP,TDR0178,BOOK_D,2025-04-11
TXN0008275778,APP012,2025-09-07,failed,939817.85,EUR,AMER,CP0365,BOND,TDR0069,BOOK_B,2025-12-20
TXN0007580846,APP019,2026-02-15,failed,979841.65,AUD,AMER,CP0221,BOND,TDR0195,BOOK_C,2025-06-03
TXN0006468225,APP007,2025-12-22,reversed,69918.57,GBP,AMER,CP0120,FUTURE,TDR0101,BOOK_A,2025-04-21
TXN0002059341,APP010,2025-03-09,active,15529.85,USD,AMER,CP0354,FUTURE,TDR0050,BOOK_B,2025-08-17
TXN0003350274,APP015,2025-10-02,active,204368.63,EUR,AMER,CP0259,OPTION,TDR0194,BOOK_A,2025-03-30
TXN0008571532,APP018,2025-12-20,failed,117190.55,AUD,APAC,CP0316,EQUITY,TDR0044,BOOK_D,2026-03-10
TXN0001636152,APP010,2025-08-09,reversed,289828.01,JPY,EMEA,CP0348,OPTION,TDR0069,BOOK_A,2026-03-13
TXN0004320582,APP007,2025-10-18,reversed,355984.98,EUR,APAC,CP0028,FUTURE,TDR0100,BOOK_B,2026-01-08
TXN0001589938,APP002,2025-03-08,failed,409572.4,USD,EMEA,CP0238,EQUITY,TDR0095,BOOK_A,2026-01-27
TXN0000826697,APP008,2026-04-08,active,268216.7,EUR,LATAM,CP0273,EQUITY,TDR0042,BOOK_C,2025-07-19
TXN0006943980,APP003,2025-01-18,settled,121985.41,CHF,LATAM,CP0147,OPTION,TDR0118,BOOK_D,2025-04-23
TXN0007942412,APP002,2025-02-17,settled,402777.66,CHF,APAC,CP0264,FX,TDR0198,BOOK_A,2025-07-08
TXN0008272719,APP001,2025-12-15,active,935129.46,JPY,LATAM,CP0298,FUTURE,TDR0032,BOOK_C,2025-10-01
TXN0007080439,APP005,2025-09-14,active,985879.67,AUD,EMEA,CP0315,OPTION,TDR0161,BOOK_D,2026-03-31
TXN0009935528,APP004,2025-03-06,active,579813.05,USD,APAC,CP0132,BOND,TDR0187,BOOK_C,2025-11-12
TXN0008414230,APP001,2025-10-25,pending,403040.75,USD,AMER,CP0351,SWAP,TDR0001,BOOK_C,2025-02-11
TXN0008754826,APP013,2025-04-22,settled,532655.82,EUR,EMEA,CP0437,EQUITY,TDR0019,BOOK_C,2026-01-15
TXN0003523449,APP017,2025-05-22,reversed,960791.26,AUD,AMER,CP0462,EQUITY,TDR0070,BOOK_C,2025-10-08
TXN0000251625,APP013,2025-05-14,pending,669346.18,EUR,AMER,CP0232,BOND,TDR0084,BOOK_D,2025-12-25
TXN0004227708,APP007,2026-01-30,reversed,198792.34,CHF,APAC,CP0170,SWAP,TDR0128,BOOK_A,2025-12-26
TXN0003276268,APP020,2026-04-08,settled,787177.37,AUD,AMER,CP0052,SWAP,TDR0078,BOOK_C,2026-01-15
TXN0006599657,APP007,2025-04-07,active,755285.32,AUD,EMEA,CP0346,OPTION,TDR0178,BOOK_A,2025-01-19
TXN0008749422,APP005,2025-04-06,failed,587770.49,CHF,APAC,CP0111,FUTURE,TDR0149,BOOK_A,2026-02-14
TXN0005518115,APP020,2025-12-26,active,272655.35,GBP,EMEA,CP0225,BOND,TDR0004,BOOK_A,2026-04-01
TXN0009740226,APP017,2025-12-22,reversed,51769.53,EUR,APAC,CP0004,OPTION,TDR0172,BOOK_B,2026-01-21
TXN0006061497,APP015,2025-05-01,active,288516.96,CHF,APAC,CP0156,SWAP,TDR0171,BOOK_B,2025-06-21
TXN0008314929,APP018,2025-09-06,reversed,904705.79,GBP,LATAM,CP0366,BOND,TDR0098,BOOK_A,2025-04-07
TXN0004273660,APP012,2025-06-23,reversed,873364.88,CHF,LATAM,CP0042,FUTURE,TDR0023,BOOK_D,2025-03-15
TXN0003332844,APP003,2026-04-09,active,349339.62,USD,EMEA,CP0106,EQUITY,TDR0135,BOOK_C,2025-10-23
TXN0005028445,APP015,2025-05-12,active,981528.13,EUR,APAC,CP0277,SWAP,TDR0003,BOOK_C,2026-02-04
TXN0003755385,APP017,2026-02-14,settled,475075.67,EUR,EMEA,CP0133,SWAP,TDR0140,BOOK_A,2026-01-27
TXN0003964025,APP018,2026-03-22,pending,872128.16,AUD,EMEA,CP0399,BOND,TDR0175,BOOK_D,2025-12-04
TXN0008032514,APP009,2025-06-06,settled,325366.55,GBP,LATAM,CP0481,FX,TDR0005,BOOK_C,2025-06-09
TXN0006790316,APP020,2026-04-12,reversed,937189.39,EUR,EMEA,CP0044,FUTURE,TDR0165,BOOK_A,2025-07-23
TXN0002692574,APP004,2025-02-22,active,857389.51,GBP,EMEA,CP0493,FUTURE,TDR0085,BOOK_A,2025-04-25
TXN0005918769,APP016,2025-01-10,failed,229145.54,CHF,LATAM,CP0319,FX,TDR0142,BOOK_A,2025-01-08
TXN0007287689,APP019,2025-03-06,pending,161197.02,JPY,AMER,CP0439,BOND,TDR0105,BOOK_B,2025-03-05
TXN0000291545,APP011,2025-10-21,reversed,737618.24,GBP,AMER,CP0446,OPTION,TDR0126,BOOK_C,2025-07-26
TXN0003520647,APP001,2025-03-14,failed,428956.08,EUR,LATAM,CP0360,FUTURE,TDR0077,BOOK_A,2025-09-28
TXN0003573896,APP014,2025-06-25,settled,817134.42,JPY,EMEA,CP0308,FUTURE,TDR0077,BOOK_A,2025-04-01
TXN0006539631,APP020,2025-02-19,failed,21454.31,USD,LATAM,CP0050,FUTURE,TDR0125,BOOK_B,2026-03-07
TXN0002411219,APP001,2026-01-08,reversed,590887.38,AUD,APAC,CP0151,BOND,TDR0028,BOOK_A,2025-02-19
TXN0004835461,APP012,2025-03-03,pending,79851.08,EUR,LATAM,CP0229,FUTURE,TDR0118,BOOK_B,2025-10-08
TXN0009815657,APP014,2025-04-18,active,936881.57,EUR,AMER,CP0321,EQUITY,TDR0149,BOOK_D,2025-10-15
TXN0004248459,APP012,2026-03-24,reversed,684783.37,CHF,APAC,CP0205,BOND,TDR0023,BOOK_C,2025-09-13
TXN0000524567,APP005,2025-02-01,pending,606345.67,AUD,LATAM,CP0125,OPTION,TDR0061,BOOK_B,2025-05-16
TXN0003356918,APP018,2025-06-18,reversed,209142.12,JPY,APAC,CP0094,FUTURE,TDR0148,BOOK_D,2026-04-14
TXN0007324389,APP006,2025-02-26,active,571347.95,AUD,AMER,CP0200,EQUITY,TDR0003,BOOK_B,2025-07-02
TXN0000375359,APP016,2025-11-23,reversed,25694.8,JPY,APAC,CP0064,EQUITY,TDR0122,BOOK_B,2026-03-02
TXN0002140326,APP017,2025-08-09,reversed,932762.67,GBP,APAC,CP0442,EQUITY,TDR0007,BOOK_A,2026-02-04
TXN0006948754,APP007,2025-12-14,pending,677604.74,CHF,LATAM,CP0410,OPTION,TDR0149,BOOK_B,2025-07-14
TXN0001501861,APP013,2025-05-04,reversed,164649.4,EUR,EMEA,CP0260,FUTURE,TDR0036,BOOK_A,2025-10-01
TXN0000245162,APP020,2025-01-14,settled,959287.97,GBP,AMER,CP0384,SWAP,TDR0117,BOOK_B,2025-02-06
TXN0008721919,APP014,2025-12-13,failed,270094.76,JPY,EMEA,CP0128,FUTURE,TDR0139,BOOK_A,2026-01-09
TXN0005237760,APP017,2025-08-09,settled,137008.83,GBP,LATAM,CP0361,OPTION,TDR0026,BOOK_C,2026-01-24
TXN0008694314,APP013,2025-06-04,pending,781500.17,USD,EMEA,CP0040,FX,TDR0078,BOOK_C,2025-02-04
TXN0005823978,APP020,2025-08-23,settled,553099.04,CHF,APAC,CP0165,FUTURE,TDR0028,BOOK_D,2025-11-12
TXN0001229774,APP018,2025-09-14,reversed,361533.27,EUR,APAC,CP0248,BOND,TDR0172,BOOK_C,2025-12-15
TXN0001770968,APP006,2025-12-29,active,226552.73,AUD,EMEA,CP0349,EQUITY,TDR0123,BOOK_D,2025-02-09
TXN0000171562,APP010,2025-05-22,reversed,44032.02,AUD,APAC,CP0249,EQUITY,TDR0189,BOOK_C,2025-10-17
TXN0002572266,APP020,2025-05-22,pending,825382.02,EUR,APAC,CP0030,SWAP,TDR0139,BOOK_C,2025-10-25
TXN0003166173,APP017,2026-04-01,reversed,709426.78,GBP,EMEA,CP0284,BOND,TDR0080,BOOK_B,2025-09-06
TXN0008470102,APP009,2025-07-09,active,188662.22,CHF,LATAM,CP0249,FUTURE,TDR0174,BOOK_A,2025-09-06
TXN0005913672,APP007,2026-03-03,reversed,245991.44,CHF,EMEA,CP0447,FX,TDR0107,BOOK_B,2025-02-15
TXN0004212435,APP004,2025-08-14,reversed,895331.86,CHF,LATAM,CP0388,EQUITY,TDR0193,BOOK_A,2025-01-22
TXN0009323147,APP003,2025-10-11,pending,706014.48,GBP,LATAM,CP0492,BOND,TDR0101,BOOK_A,2025-03-25
TXN0004751187,APP013,2025-06-04,reversed,422291.31,JPY,LATAM,CP0090,FUTURE,TDR0172,BOOK_C,2026-01-15
TXN0003555273,APP015,2025-08-07,active,462010.82,AUD,AMER,CP0135,FX,TDR0094,BOOK_C,2026-01-20
TXN0007307974,APP001,2025-01-17,settled,343823.38,CHF,LATAM,CP0263,BOND,TDR0104,BOOK_B,2025-11-06
TXN0002339387,APP018,2025-02-13,reversed,580449.68,GBP,AMER,CP0031,FX,TDR0190,BOOK_D,2025-07-04
TXN0002057197,APP014,2025-09-05,active,990529.97,CHF,EMEA,CP0188,BOND,TDR0015,BOOK_A,2025-07-31
TXN0004436365,APP020,2025-09-07,settled,50467.56,USD,LATAM,CP0265,OPTION,TDR0145,BOOK_D,2025-08-01
TXN0007150976,APP009,2025-07-17,active,949332.52,EUR,APAC,CP0406,FX,TDR0148,BOOK_C,2026-03-08
TXN0006722370,APP005,2025-09-28,settled,292946.49,GBP,LATAM,CP0088,FX,TDR0035,BOOK_B,2026-03-20
TXN0000137474,APP009,2025-08-01,failed,582628.64,AUD,APAC,CP0371,FX,TDR0151,BOOK_C,2025-08-23
TXN0009901367,APP017,2025-01-07,reversed,765835.23,AUD,APAC,CP0405,OPTION,TDR0041,BOOK_A,2025-12-24
TXN0007371861,APP007,2025-09-19,failed,219059.9,AUD,APAC,CP0040,OPTION,TDR0181,BOOK_A,2025-08-28
TXN0000143422,APP017,2025-06-15,failed,20315.02,JPY,EMEA,CP0290,FUTURE,TDR0069,BOOK_D,2025-04-20
TXN0006173875,APP006,2025-09-08,settled,97751.09,JPY,EMEA,CP0374,FUTURE,TDR0145,BOOK_C,2025-06-08
TXN0000056829,APP013,2025-05-14,settled,198068.88,CHF,APAC,CP0243,FUTURE,TDR0063,BOOK_B,2025-06-19
TXN0000816868,APP020,2025-10-09,reversed,24325.86,JPY,AMER,CP0240,FUTURE,TDR0136,BOOK_D,2025-04-26
TXN0002736557,APP006,2026-03-22,settled,364734.17,AUD,LATAM,CP0454,OPTION,TDR0185,BOOK_B,2025-10-09
TXN0006966915,APP005,2026-03-27,failed,786935.58,CHF,LATAM,CP0403,OPTION,TDR0183,BOOK_B,2025-06-03
TXN0002787373,APP020,2025-01-25,active,794118.98,AUD,EMEA,CP0243,OPTION,TDR0083,BOOK_A,2025-12-29
TXN0004769202,APP015,2025-07-31,pending,415771.02,GBP,AMER,CP0178,OPTION,TDR0158,BOOK_D,2026-02-04
TXN0002149838,APP013,2025-01-02,reversed,830216.78,AUD,EMEA,CP0404,EQUITY,TDR0021,BOOK_B,2025-11-13
TXN0009212077,APP002,2025-08-16,active,44449.25,CHF,APAC,CP0363,FUTURE,TDR0011,BOOK_B,2026-03-23
TXN0008090281,APP009,2026-02-19,settled,65260.49,JPY,AMER,CP0458,FX,TDR0110,BOOK_B,2025-11-14
TXN0003257082,APP017,2025-02-19,settled,872585.42,JPY,LATAM,CP0126,EQUITY,TDR0057,BOOK_C,2025-04-14
TXN0003186054,APP010,2025-09-27,settled,789669.43,JPY,APAC,CP0107,OPTION,TDR0077,BOOK_A,2025-06-01
TXN0009717108,APP009,2026-03-14,failed,941529.7,CHF,EMEA,CP0295,FUTURE,TDR0015,BOOK_C,2025-08-03
TXN0009838402,APP019,2025-05-09,failed,316317.28,GBP,APAC,CP0340,EQUITY,TDR0075,BOOK_C,2025-03-22
TXN0003957820,APP010,2025-01-22,active,888835.22,AUD,APAC,CP0298,BOND,TDR0092,BOOK_D,2025-12-27
TXN0007527661,APP012,2025-11-24,pending,532037.14,EUR,APAC,CP0065,FX,TDR0003,BOOK_A,2025-11-25
TXN0001415233,APP019,2026-03-13,settled,411951.05,GBP,LATAM,CP0319,FUTURE,TDR0007,BOOK_D,2025-03-25
TXN0009082876,APP008,2025-06-07,failed,783188.54,AUD,AMER,CP0299,EQUITY,TDR0017,BOOK_B,2025-12-01
TXN0001359399,APP013,2025-09-19,settled,643296.06,GBP,APAC,CP0485,SWAP,TDR0072,BOOK_A,2025-08-23
TXN0006866006,APP019,2025-06-12,settled,34271.68,CHF,AMER,CP0331,BOND,TDR0049,BOOK_B,2025-06-23
TXN0001086400,APP009,2025-08-13,pending,423902.49,USD,AMER,CP0284,SWAP,TDR0131,BOOK_B,2025-03-18
TXN0007492149,APP010,2025-09-12,settled,834396.27,CHF,LATAM,CP0130,BOND,TDR0146,BOOK_C,2026-02-06
TXN0009058023,APP003,2026-04-10,pending,392473.4,USD,APAC,CP0394,FUTURE,TDR0157,BOOK_B,2025-02-11
TXN0005090656,APP002,2025-12-10,settled,737044.01,CHF,EMEA,CP0218,SWAP,TDR0159,BOOK_A,2026-03-09
TXN0005676868,APP009,2025-05-18,active,774677.66,USD,APAC,CP0068,SWAP,TDR0120,BOOK_B,2025-09-26
TXN0009908465,APP015,2025-05-28,reversed,792487.51,USD,APAC,CP0431,FX,TDR0179,BOOK_A,2025-11-08
TXN0005549887,APP018,2025-07-21,pending,669651.12,GBP,APAC,CP0329,FX,TDR0184,BOOK_C,2025-11-09
TXN0002701672,APP018,2025-01-19,failed,139812.71,GBP,LATAM,CP0094,SWAP,TDR0190,BOOK_D,2025-03-13
TXN0005615797,APP017,2025-08-18,failed,51482.16,AUD,APAC,CP0259,SWAP,TDR0146,BOOK_D,2025-03-31
TXN0002398689,APP015,2025-02-27,active,241381.27,JPY,AMER,CP0385,BOND,TDR0149,BOOK_D,2025-01-10
TXN0001485716,APP014,2025-02-02,reversed,830531.39,JPY,LATAM,CP0063,FX,TDR0186,BOOK_C,2025-03-20
TXN0001406846,APP012,2025-06-06,pending,873414.92,JPY,EMEA,CP0210,FX,TDR0193,BOOK_C,2025-04-27
TXN0004626381,APP014,2026-02-03,reversed,835324.21,JPY,APAC,CP0130,FUTURE,TDR0027,BOOK_C,2025-09-20
TXN0004821617,APP007,2025-05-28,reversed,904786.03,USD,EMEA,CP0412,EQUITY,TDR0017,BOOK_B,2025-11-07
TXN0008698766,APP010,2025-08-05,failed,376910.28,CHF,APAC,CP0100,SWAP,TDR0086,BOOK_D,2025-05-06
TXN0004203851,APP008,2025-02-19,reversed,874633.32,EUR,LATAM,CP0402,FUTURE,TDR0119,BOOK_D,2025-02-01
TXN0003228812,APP015,2025-09-12,settled,810550.2,JPY,AMER,CP0097,EQUITY,TDR0165,BOOK_A,2025-03-26
TXN0005058401,APP008,2025-01-08,failed,350843.83,JPY,AMER,CP0290,EQUITY,TDR0088,BOOK_D,2025-07-06
TXN0007969330,APP004,2025-12-21,pending,875002.58,EUR,AMER,CP0189,BOND,TDR0005,BOOK_D,2025-03-31
TXN0000751625,APP012,2025-04-08,active,578100.41,USD,APAC,CP0246,BOND,TDR0118,BOOK_B,2025-08-04
TXN0002341124,APP012,2026-01-17,pending,871795.85,GBP,LATAM,CP0413,SWAP,TDR0116,BOOK_A,2025-07-30
TXN0000924492,APP005,2025-12-03,active,392265.96,CHF,LATAM,CP0080,OPTION,TDR0049,BOOK_B,2025-04-24
TXN0002650831,APP007,2025-11-29,settled,704266.12,EUR,APAC,CP0416,BOND,TDR0045,BOOK_C,2026-04-06
TXN0007146176,APP014,2025-01-29,settled,987836.96,CHF,AMER,CP0450,BOND,TDR0180,BOOK_D,2025-12-01
TXN0004941278,APP018,2025-05-12,settled,360848.51,USD,AMER,CP0247,BOND,TDR0041,BOOK_D,2025-07-16
TXN0009344464,APP002,2025-10-26,pending,202246.36,JPY,LATAM,CP0457,FX,TDR0157,BOOK_D,2025-07-23
TXN0001142860,APP002,2026-01-10,reversed,260851.3,EUR,AMER,CP0405,OPTION,TDR0150,BOOK_A,2025-02-09
TXN0008568832,APP010,2026-02-04,active,37472.42,EUR,AMER,CP0277,BOND,TDR0027,BOOK_A,2025-05-12
TXN0004256142,APP013,2025-10-03,failed,815044.82,GBP,APAC,CP0037,EQUITY,TDR0195,BOOK_A,2025-01-30
TXN0004541042,APP012,2026-01-29,reversed,201439.94,CHF,AMER,CP0211,EQUITY,TDR0182,BOOK_C,2025-09-02
TXN0009472612,APP017,2026-01-20,active,232569.62,EUR,APAC,CP0148,FUTURE,TDR0065,BOOK_B,2025-07-19
TXN0006017540,APP020,2025-07-14,failed,229580.02,AUD,EMEA,CP0340,SWAP,TDR0112,BOOK_D,2026-03-02
TXN0004178536,APP011,2025-03-22,failed,323862.18,GBP,AMER,CP0111,EQUITY,TDR0038,BOOK_A,2025-11-09
TXN0007677803,APP005,2025-07-05,settled,600576.15,EUR,EMEA,CP0378,SWAP,TDR0111,BOOK_D,2025-04-07
TXN0008852273,APP018,2026-04-03,pending,236273.75,CHF,AMER,CP0428,FX,TDR0148,BOOK_C,2025-04-30
TXN0008300178,APP017,2025-04-03,pending,745885.92,USD,APAC,CP0068,FX,TDR0135,BOOK_B,2025-05-29
TXN0003500494,APP008,2025-04-22,failed,540295.62,GBP,AMER,CP0445,OPTION,TDR0018,BOOK_D,2025-10-09
TXN0005289724,APP006,2025-08-05,settled,915.51,EUR,APAC,CP0251,EQUITY,TDR0041,BOOK_D,2025-03-11
TXN0002071915,APP016,2026-01-19,reversed,783613.14,GBP,APAC,CP0313,FUTURE,TDR0150,BOOK_C,2026-04-11
TXN0000325982,APP005,2025-05-27,settled,858592.04,EUR,EMEA,CP0155,EQUITY,TDR0194,BOOK_B,2025-02-16
TXN0001612891,APP010,2025-09-29,reversed,391862.99,CHF,LATAM,CP0028,BOND,TDR0042,BOOK_C,2025-06-21
TXN0005318053,APP010,2025-05-03,failed,975660.16,AUD,EMEA,CP0442,FX,TDR0159,BOOK_D,2025-10-09
TXN0008285537,APP013,2025-11-21,reversed,964201.9,JPY,AMER,CP0092,FUTURE,TDR0104,BOOK_B,2025-07-12
TXN0008655391,APP019,2026-04-13,active,128470.7,CHF,EMEA,CP0155,OPTION,TDR0079,BOOK_D,2025-09-06
TXN0002551766,APP009,2025-02-07,failed,474172.07,AUD,AMER,CP0087,BOND,TDR0163,BOOK_A,2025-07-17
TXN0008292570,APP013,2026-01-22,settled,578918.86,AUD,EMEA,CP0080,BOND,TDR0148,BOOK_A,2025-01-12
TXN0009900423,APP004,2026-03-30,failed,340431.9,GBP,APAC,CP0395,SWAP,TDR0094,BOOK_D,2026-02-13
TXN0005833456,APP010,2025-08-16,pending,400488.39,AUD,AMER,CP0441,EQUITY,TDR0042,BOOK_A,2025-02-17
TXN0006162184,APP004,2025-01-19,failed,84683.83,GBP,APAC,CP0417,BOND,TDR0072,BOOK_B,2025-08-13
TXN0003831707,APP017,2025-12-11,pending,787264.31,JPY,LATAM,CP0327,BOND,TDR0178,BOOK_D,2025-01-17
TXN0007585313,APP015,2025-12-27,pending,209096.87,USD,APAC,CP0333,FUTURE,TDR0127,BOOK_C,2025-01-13
TXN0007209168,APP012,2025-08-10,settled,198452.61,CHF,AMER,CP0376,EQUITY,TDR0055,BOOK_A,2025-12-12
TXN0006432914,APP014,2026-01-30,active,850834.09,AUD,APAC,CP0045,FX,TDR0028,BOOK_B,2026-04-13
TXN0001257006,APP020,2026-02-25,failed,336525.3,CHF,EMEA,CP0271,BOND,TDR0080,BOOK_A,2025-09-16
TXN0003373591,APP014,2026-01-04,failed,287802.36,CHF,APAC,CP0251,SWAP,TDR0137,BOOK_C,2025-08-05
TXN0000594980,APP001,2025-09-03,failed,694770.11,GBP,AMER,CP0307,BOND,TDR0044,BOOK_C,2025-05-15
TXN0006676970,APP015,2025-04-06,settled,55335.55,USD,LATAM,CP0293,FX,TDR0025,BOOK_A,2025-11-06
TXN0003319800,APP011,2026-03-06,pending,942036.0,USD,AMER,CP0347,SWAP,TDR0164,BOOK_D,2025-09-11
TXN0008444588,APP019,2025-01-12,settled,383891.91,GBP,APAC,CP0273,FUTURE,TDR0131,BOOK_B,2025-03-01
TXN0006885774,APP002,2025-04-13,settled,98520.03,EUR,APAC,CP0093,BOND,TDR0062,BOOK_B,2026-02-05
TXN0000205478,APP014,2025-06-12,reversed,695701.77,CHF,AMER,CP0343,EQUITY,TDR0158,BOOK_D,2025-03-30
TXN0007681053,APP002,2025-04-17,failed,579256.48,EUR,EMEA,CP0315,OPTION,TDR0041,BOOK_B,2025-08-15
TXN0006950505,APP012,2025-03-18,reversed,688290.52,EUR,EMEA,CP0122,EQUITY,TDR0036,BOOK_C,2025-03-02
TXN0000074797,APP009,2025-07-04,reversed,594907.44,CHF,AMER,CP0491,OPTION,TDR0192,BOOK_A,2026-01-28
TXN0000743451,APP014,2025-10-22,failed,697482.73,USD,AMER,CP0079,EQUITY,TDR0179,BOOK_D,2026-03-17
TXN0007075061,APP016,2025-04-20,settled,970846.58,CHF,AMER,CP0002,BOND,TDR0008,BOOK_C,2025-06-21
TXN0005853357,APP015,2025-02-24,active,796349.73,USD,EMEA,CP0188,SWAP,TDR0175,BOOK_B,2025-07-13
TXN0004200511,APP017,2025-05-10,failed,931674.94,GBP,AMER,CP0191,FUTURE,TDR0114,BOOK_C,2025-10-11
TXN0006911788,APP006,2025-04-30,settled,54855.49,AUD,APAC,CP0203,OPTION,TDR0024,BOOK_B,2025-01-29
TXN0009329910,APP018,2025-04-20,failed,609161.79,JPY,LATAM,CP0012,BOND,TDR0198,BOOK_D,2025-01-28
TXN0000833995,APP009,2025-08-09,pending,463133.32,CHF,AMER,CP0118,EQUITY,TDR0134,BOOK_A,2025-04-18
TXN0006029681,APP006,2025-01-12,reversed,605439.45,AUD,AMER,CP0328,FX,TDR0011,BOOK_C,2025-07-28
TXN0004164619,APP004,2026-04-03,active,587497.07,CHF,AMER,CP0500,FUTURE,TDR0100,BOOK_D,2025-10-08
TXN0007487851,APP003,2025-11-26,settled,332565.84,GBP,APAC,CP0305,BOND,TDR0026,BOOK_C,2025-09-26
TXN0005587682,APP011,2025-06-22,reversed,613544.57,GBP,EMEA,CP0308,OPTION,TDR0065,BOOK_A,2026-03-15
TXN0001105548,APP003,2025-07-02,settled,698263.56,AUD,EMEA,CP0303,BOND,TDR0036,BOOK_C,2025-10-28
TXN0001371855,APP004,2026-03-16,failed,320598.85,JPY,AMER,CP0421,FX,TDR0058,BOOK_D,2025-07-09
TXN0000307648,APP018,2026-03-28,active,95981.3,AUD,LATAM,CP0442,OPTION,TDR0034,BOOK_A,2025-10-29
TXN0005292136,APP004,2025-03-01,settled,529473.43,USD,APAC,CP0487,BOND,TDR0015,BOOK_A,2025-09-26
TXN0008696649,APP013,2025-06-28,pending,55356.68,USD,EMEA,CP0496,OPTION,TDR0003,BOOK_C,2025-05-26
TXN0002881409,APP016,2025-07-13,settled,328101.14,USD,APAC,CP0375,BOND,TDR0003,BOOK_D,2025-10-01
TXN0006122682,APP013,2025-09-14,reversed,98022.52,USD,EMEA,CP0024,FUTURE,TDR0177,BOOK_D,2026-04-01
TXN0003891962,APP014,2025-12-09,pending,406575.91,USD,APAC,CP0494,FX,TDR0200,BOOK_B,2025-10-19
TXN0009433484,APP010,2025-10-14,failed,60285.75,GBP,EMEA,CP0366,SWAP,TDR0029,BOOK_B,2025-05-25
TXN0009257094,APP008,2025-06-18,active,139525.6,EUR,EMEA,CP0434,BOND,TDR0188,BOOK_A,2025-02-27
TXN0004370958,APP009,2025-03-02,active,999590.27,CHF,AMER,CP0348,OPTION,TDR0181,BOOK_A,2025-05-21
TXN0003309829,APP010,2025-01-09,pending,866481.22,CHF,LATAM,CP0107,FUTURE,TDR0111,BOOK_D,2025-09-28
TXN0001720363,APP010,2025-11-14,settled,717193.19,JPY,APAC,CP0070,EQUITY,TDR0035,BOOK_D,2025-02-15
TXN0006206746,APP009,2025-11-16,reversed,821953.64,JPY,AMER,CP0357,FX,TDR0194,BOOK_D,2025-06-22
TXN0003312986,APP018,2025-06-05,active,897167.77,CHF,AMER,CP0130,EQUITY,TDR0095,BOOK_B,2025-09-27
TXN0009200011,APP003,2025-04-02,active,110052.32,USD,AMER,CP0005,EQUITY,TDR0080,BOOK_C,2025-12-06
TXN0009496648,APP016,2026-01-31,reversed,916161.98,GBP,AMER,CP0185,BOND,TDR0066,BOOK_C,2025-02-09
TXN0004351453,APP018,2025-12-14,failed,193280.88,CHF,LATAM,CP0225,SWAP,TDR0077,BOOK_D,2026-03-15
TXN0001054690,APP008,2026-03-02,settled,124549.8,USD,APAC,CP0165,OPTION,TDR0100,BOOK_A,2025-09-24
TXN0007814029,APP010,2026-02-15,failed,245194.6,GBP,EMEA,CP0481,FX,TDR0015,BOOK_D,2025-02-16
TXN0003034684,APP010,2025-12-06,reversed,983678.08,USD,EMEA,CP0332,EQUITY,TDR0029,BOOK_B,2025-05-19
TXN0008120602,APP003,2025-06-19,failed,529788.7,GBP,LATAM,CP0054,BOND,TDR0169,BOOK_B,2026-03-14
TXN0008551183,APP007,2025-01-07,active,964534.47,USD,APAC,CP0023,SWAP,TDR0172,BOOK_B,2025-11-11
TXN0000085140,APP009,2025-03-31,pending,723098.48,CHF,AMER,CP0176,SWAP,TDR0030,BOOK_B,2025-11-10
TXN0003877016,APP017,2025-12-12,settled,889107.62,JPY,APAC,CP0012,OPTION,TDR0157,BOOK_C,2025-11-07
TXN0006341701,APP011,2025-11-04,failed,667122.45,EUR,AMER,CP0368,EQUITY,TDR0088,BOOK_A,2026-01-31
TXN0002225718,APP010,2025-04-23,settled,890560.84,JPY,AMER,CP0303,BOND,TDR0139,BOOK_B,2025-10-26
TXN0004824244,APP017,2026-02-04,reversed,442684.54,JPY,APAC,CP0032,EQUITY,TDR0063,BOOK_A,2025-11-24
TXN0001584566,APP007,2025-05-13,settled,105734.27,USD,LATAM,CP0012,BOND,TDR0094,BOOK_A,2026-03-13
TXN0005458343,APP008,2025-10-23,failed,175388.48,USD,LATAM,CP0482,FUTURE,TDR0154,BOOK_D,2025-06-05
TXN0002516609,APP017,2025-10-13,failed,517991.51,EUR,EMEA,CP0101,OPTION,TDR0135,BOOK_C,2026-01-19
TXN0002962117,APP018,2025-11-24,active,766150.75,AUD,LATAM,CP0247,BOND,TDR0180,BOOK_B,2026-02-04
TXN0003902176,APP008,2025-07-10,active,201391.09,GBP,EMEA,CP0101,FX,TDR0170,BOOK_D,2025-02-24
TXN0007602112,APP017,2025-12-08,active,130754.24,EUR,APAC,CP0399,FX,TDR0152,BOOK_C,2025-03-11
TXN0007897393,APP005,2025-09-04,active,192904.18,AUD,LATAM,CP0366,EQUITY,TDR0161,BOOK_B,2025-05-14
TXN0009882385,APP016,2025-09-18,active,122423.49,USD,LATAM,CP0485,BOND,TDR0049,BOOK_B,2026-03-21
TXN0002258604,APP007,2025-02-02,active,589751.94,EUR,EMEA,CP0407,OPTION,TDR0040,BOOK_B,2025-11-28
TXN0009495045,APP001,2026-01-04,pending,345591.59,EUR,EMEA,CP0366,FX,TDR0031,BOOK_D,2025-05-13
TXN0001364240,APP006,2025-02-15,failed,329623.74,EUR,APAC,CP0187,FUTURE,TDR0137,BOOK_B,2025-12-17
TXN0004746611,APP015,2025-01-21,reversed,804675.04,USD,APAC,CP0394,EQUITY,TDR0045,BOOK_A,2025-05-16
TXN0006713416,APP013,2026-02-10,reversed,275273.58,EUR,EMEA,CP0316,FX,TDR0076,BOOK_A,2026-03-24
TXN0006510901,APP014,2025-11-18,pending,267445.05,USD,EMEA,CP0035,BOND,TDR0056,BOOK_C,2025-09-05
TXN0007500562,APP014,2025-04-23,reversed,325618.61,USD,AMER,CP0347,OPTION,TDR0118,BOOK_A,2025-07-28
TXN0002595263,APP004,2026-03-01,active,30259.69,JPY,AMER,CP0059,SWAP,TDR0089,BOOK_A,2025-10-12
TXN0004818977,APP005,2026-02-14,reversed,305401.36,CHF,AMER,CP0028,FX,TDR0178,BOOK_C,2025-03-06
TXN0004368024,APP012,2025-10-26,active,861466.64,EUR,AMER,CP0257,FUTURE,TDR0160,BOOK_C,2026-02-07
TXN0001562465,APP020,2025-06-26,failed,731968.62,JPY,APAC,CP0152,BOND,TDR0004,BOOK_B,2025-05-22
TXN0004262150,APP006,2025-08-02,reversed,242896.88,GBP,LATAM,CP0206,SWAP,TDR0014,BOOK_C,2025-01-30
TXN0004646367,APP012,2025-11-04,settled,533038.53,EUR,LATAM,CP0156,EQUITY,TDR0095,BOOK_C,2025-08-26
TXN0005956567,APP009,2025-01-16,settled,413265.92,GBP,APAC,CP0316,FUTURE,TDR0065,BOOK_B,2025-12-02
TXN0009242533,APP013,2025-06-06,pending,815520.94,EUR,APAC,CP0195,EQUITY,TDR0194,BOOK_D,2025-10-21
TXN0003374580,APP002,2025-02-23,pending,6699.58,JPY,APAC,CP0176,OPTION,TDR0157,BOOK_A,2026-01-20
TXN0001109951,APP020,2025-05-11,pending,783128.12,AUD,LATAM,CP0039,OPTION,TDR0016,BOOK_A,2025-12-17
TXN0007614659,APP019,2026-01-28,pending,113097.63,USD,LATAM,CP0099,SWAP,TDR0194,BOOK_C,2026-01-06
TXN0004353184,APP009,2025-06-17,failed,611644.19,GBP,LATAM,CP0461,SWAP,TDR0146,BOOK_B,2026-03-26
TXN0004278814,APP019,2026-02-12,active,969750.8,AUD,APAC,CP0047,OPTION,TDR0061,BOOK_D,2025-04-19
TXN0008191136,APP003,2025-01-23,failed,695637.93,CHF,LATAM,CP0057,EQUITY,TDR0014,BOOK_C,2025-06-04
TXN0001895568,APP007,2025-10-28,settled,177902.02,JPY,AMER,CP0172,OPTION,TDR0195,BOOK_C,2025-04-29
TXN0005018834,APP007,2025-09-18,settled,789034.3,GBP,AMER,CP0290,FUTURE,TDR0036,BOOK_B,2025-03-07
TXN0006628883,APP008,2025-06-03,active,451299.37,JPY,EMEA,CP0318,FX,TDR0165,BOOK_A,2025-06-26
TXN0006178857,APP014,2025-09-22,settled,174990.15,GBP,LATAM,CP0070,EQUITY,TDR0035,BOOK_C,2025-09-06
TXN0001470962,APP007,2026-02-25,active,695962.38,CHF,APAC,CP0015,SWAP,TDR0094,BOOK_A,2025-09-06
TXN0004355216,APP005,2025-12-09,settled,742286.2,EUR,AMER,CP0475,OPTION,TDR0074,BOOK_A,2025-02-23
TXN0000166036,APP020,2025-10-19,failed,525712.99,EUR,AMER,CP0409,FX,TDR0013,BOOK_A,2026-03-18
TXN0000914125,APP001,2026-01-14,pending,259626.64,USD,EMEA,CP0081,FUTURE,TDR0137,BOOK_C,2026-01-10
TXN0003307568,APP008,2025-03-29,reversed,159111.41,EUR,AMER,CP0346,EQUITY,TDR0070,BOOK_A,2025-09-15
TXN0000245331,APP012,2025-08-02,pending,297787.96,USD,LATAM,CP0249,FX,TDR0079,BOOK_B,2025-06-21
TXN0006766111,APP017,2025-09-27,active,201356.06,GBP,EMEA,CP0220,OPTION,TDR0076,BOOK_A,2026-03-02
TXN0007188014,APP002,2026-01-13,pending,772745.66,CHF,APAC,CP0476,FX,TDR0069,BOOK_A,2026-03-20
TXN0007037457,APP006,2026-03-29,failed,368674.13,EUR,AMER,CP0390,FUTURE,TDR0163,BOOK_C,2026-02-08
TXN0003270604,APP001,2026-03-26,reversed,774747.63,CHF,LATAM,CP0187,FUTURE,TDR0018,BOOK_B,2025-02-21
TXN0006393392,APP013,2025-03-16,settled,657265.59,CHF,APAC,CP0300,OPTION,TDR0095,BOOK_B,2025-10-25
TXN0005923820,APP015,2025-07-20,reversed,687297.99,JPY,AMER,CP0055,BOND,TDR0114,BOOK_A,2025-02-21
TXN0004383202,APP019,2025-09-14,reversed,331045.83,AUD,LATAM,CP0314,FX,TDR0172,BOOK_A,2025-10-18
TXN0005446749,APP017,2025-09-23,settled,338356.31,EUR,AMER,CP0157,BOND,TDR0043,BOOK_C,2025-04-02
TXN0002769867,APP012,2025-01-26,pending,317796.52,AUD,LATAM,CP0310,OPTION,TDR0101,BOOK_A,2026-03-30
TXN0001816069,APP009,2025-03-25,settled,212300.68,USD,EMEA,CP0196,FUTURE,TDR0017,BOOK_B,2025-01-01
TXN0007171746,APP004,2026-04-10,reversed,852236.9,AUD,APAC,CP0431,FUTURE,TDR0097,BOOK_A,2025-06-19
TXN0004529683,APP018,2026-04-07,pending,602614.17,EUR,APAC,CP0082,SWAP,TDR0199,BOOK_D,2025-03-25
TXN0005563297,APP008,2025-04-16,active,461018.96,EUR,AMER,CP0018,FUTURE,TDR0091,BOOK_B,2025-02-27
TXN0008721242,APP017,2026-01-13,failed,952199.26,GBP,LATAM,CP0015,FUTURE,TDR0106,BOOK_D,2026-02-03
TXN0004011246,APP020,2025-05-29,reversed,888990.93,JPY,APAC,CP0441,FUTURE,TDR0011,BOOK_A,2025-05-20
TXN0005524760,APP016,2025-01-21,pending,276763.62,GBP,EMEA,CP0410,OPTION,TDR0037,BOOK_C,2025-07-28
TXN0009564469,APP016,2025-05-11,failed,873997.56,AUD,APAC,CP0296,FUTURE,TDR0130,BOOK_A,2025-09-15
TXN0008994319,APP019,2025-06-28,settled,177068.56,AUD,AMER,CP0081,EQUITY,TDR0175,BOOK_A,2025-04-26
TXN0000653280,APP013,2025-03-27,settled,970241.58,EUR,AMER,CP0196,EQUITY,TDR0180,BOOK_C,2025-12-20
TXN0005074333,APP002,2025-08-13,reversed,238799.68,USD,LATAM,CP0418,OPTION,TDR0138,BOOK_A,2025-08-19
TXN0007269665,APP013,2025-01-06,reversed,982600.42,USD,APAC,CP0479,EQUITY,TDR0133,BOOK_C,2026-01-01
TXN0009872559,APP015,2025-01-26,active,300142.24,USD,AMER,CP0129,FUTURE,TDR0141,BOOK_B,2025-02-03
TXN0000868442,APP016,2025-03-02,pending,399605.36,CHF,LATAM,CP0277,FX,TDR0056,BOOK_D,2025-06-02
TXN0003793434,APP020,2025-04-03,active,879699.34,USD,LATAM,CP0041,BOND,TDR0008,BOOK_C,2025-06-19
TXN0008188909,APP019,2026-03-14,active,133380.47,EUR,LATAM,CP0201,SWAP,TDR0034,BOOK_D,2025-02-09
TXN0009972821,APP001,2025-09-02,active,997533.51,CHF,AMER,CP0245,OPTION,TDR0081,BOOK_A,2026-01-27
TXN0007660240,APP010,2026-01-17,reversed,36836.37,GBP,EMEA,CP0034,OPTION,TDR0096,BOOK_A,2025-03-25
TXN0009661389,APP014,2026-03-03,failed,853385.12,JPY,EMEA,CP0221,EQUITY,TDR0099,BOOK_C,2025-04-10
TXN0008490582,APP020,2025-09-18,active,209101.05,GBP,APAC,CP0424,BOND,TDR0018,BOOK_D,2026-01-31
TXN0008206880,APP004,2026-01-30,pending,639240.03,CHF,AMER,CP0060,FUTURE,TDR0072,BOOK_D,2026-01-02
TXN0000572096,APP014,2026-03-16,failed,222594.96,EUR,AMER,CP0471,OPTION,TDR0151,BOOK_B,2026-03-03
TXN0009537569,APP013,2025-05-20,reversed,108597.32,AUD,AMER,CP0097,FUTURE,TDR0061,BOOK_B,2025-07-14
TXN0000305706,APP008,2025-03-03,settled,894043.53,CHF,LATAM,CP0177,OPTION,TDR0008,BOOK_A,2025-10-31
TXN0000308169,APP001,2025-06-07,failed,329833.75,CHF,APAC,CP0342,FX,TDR0072,BOOK_B,2026-01-05
TXN0007861738,APP017,2025-05-09,active,676420.92,JPY,APAC,CP0212,FX,TDR0031,BOOK_B,2025-09-09
TXN0008715327,APP009,2026-02-18,settled,75528.59,CHF,LATAM,CP0475,FUTURE,TDR0051,BOOK_B,2026-03-27
TXN0002740163,APP006,2026-03-24,settled,290457.03,JPY,EMEA,CP0382,BOND,TDR0186,BOOK_B,2026-01-26
TXN0005082174,APP012,2026-01-27,settled,780216.25,GBP,AMER,CP0185,EQUITY,TDR0041,BOOK_D,2025-07-30
TXN0008027150,APP010,2025-11-24,settled,346259.88,EUR,EMEA,CP0473,FX,TDR0160,BOOK_C,2026-03-15
TXN0008692343,APP016,2025-01-14,failed,343188.33,EUR,LATAM,CP0156,BOND,TDR0046,BOOK_D,2026-01-16
TXN0001965766,APP005,2025-10-18,failed,657922.79,USD,EMEA,CP0037,FUTURE,TDR0090,BOOK_D,2025-10-21
TXN0003169025,APP018,2025-11-14,active,511449.32,GBP,EMEA,CP0056,BOND,TDR0143,BOOK_D,2025-08-11
TXN0008837429,APP002,2025-09-26,pending,183092.91,CHF,EMEA,CP0207,EQUITY,TDR0200,BOOK_D,2025-09-08
TXN0005001723,APP011,2025-07-02,active,771206.42,USD,APAC,CP0467,FUTURE,TDR0019,BOOK_B,2025-09-05
TXN0002429590,APP010,2025-02-02,settled,649009.53,EUR,AMER,CP0323,FX,TDR0186,BOOK_A,2025-12-21
TXN0009983426,APP019,2025-08-19,settled,65678.92,USD,AMER,CP0130,FUTURE,TDR0082,BOOK_B,2025-11-06
TXN0009047384,APP004,2025-06-06,active,910255.71,USD,EMEA,CP0246,SWAP,TDR0121,BOOK_C,2025-05-09
TXN0006668106,APP017,2025-02-15,reversed,613663.67,AUD,EMEA,CP0081,BOND,TDR0152,BOOK_C,2026-04-12
TXN0008198642,APP003,2025-11-17,settled,431277.3,EUR,EMEA,CP0155,FX,TDR0009,BOOK_B,2025-03-11
TXN0002817426,APP002,2025-09-29,failed,626894.15,GBP,APAC,CP0433,FUTURE,TDR0113,BOOK_B,2026-01-12
TXN0002263459,APP006,2026-02-16,pending,877743.06,AUD,EMEA,CP0031,FX,TDR0093,BOOK_B,2025-09-21
TXN0004799391,APP015,2026-01-06,reversed,115177.73,GBP,EMEA,CP0015,OPTION,TDR0131,BOOK_D,2025-06-15
TXN0000587207,APP003,2025-12-14,active,136512.23,EUR,LATAM,CP0061,BOND,TDR0046,BOOK_A,2026-02-25
TXN0002989875,APP019,2025-11-13,pending,872322.11,CHF,LATAM,CP0498,EQUITY,TDR0111,BOOK_A,2025-06-28
TXN0002453172,APP017,2026-03-26,failed,907589.99,JPY,AMER,CP0162,FX,TDR0075,BOOK_D,2025-04-14
TXN0000159229,APP016,2025-12-23,settled,308141.7,EUR,EMEA,CP0351,SWAP,TDR0078,BOOK_A,2026-02-08
TXN0005031229,APP003,2025-05-27,failed,174845.99,GBP,EMEA,CP0137,SWAP,TDR0189,BOOK_D,2025-11-02
TXN0007326727,APP010,2025-10-04,failed,23384.87,EUR,AMER,CP0069,SWAP,TDR0061,BOOK_A,2025-08-25
TXN0004605110,APP018,2025-10-20,active,645038.28,USD,AMER,CP0389,OPTION,TDR0104,BOOK_C,2025-07-03
TXN0000047792,APP018,2026-02-13,reversed,697357.93,GBP,AMER,CP0484,FX,TDR0023,BOOK_C,2025-02-26
TXN0001298150,APP005,2025-10-24,failed,516064.6,JPY,LATAM,CP0344,FUTURE,TDR0043,BOOK_A,2025-10-26
TXN0004171371,APP020,2025-02-10,reversed,677462.31,AUD,LATAM,CP0166,FX,TDR0148,BOOK_D,2025-01-23
TXN0005733480,APP015,2025-01-26,active,193963.94,USD,APAC,CP0324,BOND,TDR0074,BOOK_C,2025-08-07
TXN0007184813,APP013,2025-08-26,failed,302720.73,AUD,EMEA,CP0024,FX,TDR0187,BOOK_A,2025-12-18
TXN0006291339,APP006,2025-04-06,failed,602176.97,CHF,APAC,CP0270,EQUITY,TDR0083,BOOK_D,2026-01-25
TXN0009005150,APP010,2026-03-28,settled,921291.38,EUR,APAC,CP0397,EQUITY,TDR0151,BOOK_B,2025-01-27
TXN0003782614,APP019,2025-09-29,failed,864858.47,EUR,EMEA,CP0357,BOND,TDR0057,BOOK_C,2026-03-16
TXN0002538355,APP001,2026-02-26,reversed,864124.53,USD,EMEA,CP0341,FUTURE,TDR0032,BOOK_B,2025-10-20
TXN0004215150,APP001,2025-01-04,failed,99271.81,JPY,EMEA,CP0500,SWAP,TDR0051,BOOK_A,2025-07-15
TXN0006049108,APP018,2026-03-26,pending,488272.89,USD,APAC,CP0040,BOND,TDR0108,BOOK_D,2026-02-22
TXN0004213358,APP019,2026-01-12,failed,652716.6,CHF,EMEA,CP0160,OPTION,TDR0035,BOOK_D,2025-11-20
TXN0008241449,APP018,2025-02-04,failed,4113.69,JPY,AMER,CP0306,BOND,TDR0182,BOOK_D,2025-08-17
TXN0009395542,APP012,2025-06-11,pending,48542.12,JPY,APAC,CP0325,FX,TDR0104,BOOK_A,2025-06-12
TXN0002398432,APP002,2025-06-19,pending,995011.62,CHF,LATAM,CP0400,FX,TDR0153,BOOK_C,2026-03-03
TXN0002961612,APP008,2026-03-24,active,788157.56,AUD,APAC,CP0048,FUTURE,TDR0075,BOOK_A,2025-11-15
TXN0001046568,APP020,2025-01-08,reversed,965095.62,JPY,APAC,CP0418,SWAP,TDR0048,BOOK_C,2025-02-22
TXN0005420584,APP003,2026-02-18,reversed,874249.82,EUR,AMER,CP0166,FUTURE,TDR0026,BOOK_D,2025-10-23
TXN0004109110,APP008,2026-01-13,failed,832897.79,USD,APAC,CP0492,EQUITY,TDR0094,BOOK_D,2025-12-12
TXN0009590955,APP020,2026-01-26,failed,469653.95,USD,AMER,CP0497,FX,TDR0039,BOOK_A,2025-09-03
TXN0006665325,APP019,2025-11-30,settled,44030.07,CHF,AMER,CP0480,OPTION,TDR0045,BOOK_D,2025-07-26
TXN0003249234,APP020,2025-03-29,settled,804488.91,USD,LATAM,CP0218,FUTURE,TDR0028,BOOK_C,2025-12-20
TXN0008459586,APP018,2025-08-20,active,219801.3,EUR,APAC,CP0084,SWAP,TDR0131,BOOK_C,2025-09-23
TXN0007767312,APP011,2025-10-11,active,424526.66,USD,LATAM,CP0151,FX,TDR0105,BOOK_C,2025-04-17
TXN0005742999,APP020,2025-03-19,pending,222305.93,USD,AMER,CP0372,FUTURE,TDR0062,BOOK_D,2025-06-28
TXN0009146613,APP012,2025-05-12,active,72961.04,AUD,EMEA,CP0038,BOND,TDR0165,BOOK_A,2025-05-19
TXN0007939441,APP014,2025-03-10,active,235950.56,CHF,APAC,CP0320,OPTION,TDR0086,BOOK_B,2025-06-26
TXN0004656780,APP017,2025-09-02,settled,236159.15,GBP,LATAM,CP0358,EQUITY,TDR0197,BOOK_B,2026-01-14
TXN0003544380,APP020,2025-08-10,failed,336357.18,USD,AMER,CP0308,EQUITY,TDR0123,BOOK_D,2025-02-22
TXN0006324251,APP010,2026-02-28,reversed,470636.64,AUD,APAC,CP0281,BOND,TDR0113,BOOK_C,2025-12-29
TXN0009070587,APP019,2026-04-14,settled,951749.26,USD,EMEA,CP0406,EQUITY,TDR0027,BOOK_A,2025-11-04
TXN0000185038,APP013,2026-01-28,settled,908106.53,GBP,EMEA,CP0257,SWAP,TDR0196,BOOK_A,2025-01-13
TXN0006916280,APP007,2025-05-12,active,978709.74,CHF,APAC,CP0017,FX,TDR0143,BOOK_C,2025-07-25
TXN0006836063,APP005,2025-05-25,pending,140478.53,CHF,APAC,CP0381,BOND,TDR0189,BOOK_D,2025-03-19
TXN0003969171,APP016,2025-04-23,pending,600571.02,JPY,LATAM,CP0197,FUTURE,TDR0062,BOOK_B,2026-03-28
TXN0000120679,APP011,2026-02-01,pending,978815.26,CHF,AMER,CP0254,BOND,TDR0132,BOOK_C,2025-03-19
TXN0007410133,APP009,2025-10-06,reversed,998175.66,AUD,APAC,CP0216,FX,TDR0193,BOOK_A,2026-02-22
TXN0000498250,APP002,2025-02-17,reversed,440584.41,USD,APAC,CP0125,FUTURE,TDR0185,BOOK_B,2025-04-27
TXN0004985072,APP011,2026-03-14,active,955825.45,CHF,APAC,CP0136,FX,TDR0084,BOOK_A,2025-01-14
TXN0003098689,APP008,2025-01-27,failed,808852.74,CHF,AMER,CP0126,BOND,TDR0048,BOOK_A,2025-08-26
TXN0001695275,APP011,2025-07-30,active,788197.72,AUD,AMER,CP0387,BOND,TDR0019,BOOK_A,2026-01-10
TXN0000347792,APP014,2025-07-10,failed,764756.28,AUD,EMEA,CP0183,BOND,TDR0131,BOOK_B,2025-11-29
TXN0009528202,APP011,2025-09-13,settled,92173.03,EUR,APAC,CP0131,FUTURE,TDR0029,BOOK_A,2025-01-27
TXN0000772563,APP016,2025-08-20,settled,192485.83,EUR,EMEA,CP0033,FUTURE,TDR0026,BOOK_C,2025-03-27
TXN0007779629,APP014,2026-01-23,active,277478.97,EUR,APAC,CP0384,FX,TDR0126,BOOK_D,2025-10-30
TXN0002987319,APP018,2025-03-21,active,166076.3,EUR,APAC,CP0150,FUTURE,TDR0013,BOOK_B,2025-02-14
TXN0008922284,APP009,2025-06-12,settled,495525.3,AUD,APAC,CP0387,FX,TDR0068,BOOK_A,2025-09-15
TXN0005837067,APP006,2025-02-15,active,685387.9,AUD,LATAM,CP0228,FX,TDR0067,BOOK_B,2025-02-13
TXN0000512096,APP005,2026-03-28,pending,707084.84,AUD,LATAM,CP0177,BOND,TDR0070,BOOK_B,2025-06-22
TXN0001591041,APP016,2025-07-06,settled,336325.19,USD,LATAM,CP0061,FX,TDR0112,BOOK_A,2025-12-21
TXN0006140667,APP001,2025-05-02,failed,992736.29,CHF,EMEA,CP0214,EQUITY,TDR0102,BOOK_A,2025-02-04
TXN0002671015,APP019,2025-11-16,pending,511356.89,CHF,LATAM,CP0320,FX,TDR0165,BOOK_D,2025-08-16
TXN0004490126,APP007,2025-11-12,reversed,468057.97,GBP,LATAM,CP0323,BOND,TDR0161,BOOK_A,2025-12-05
TXN0009114430,APP011,2025-10-04,reversed,325337.76,GBP,APAC,CP0217,BOND,TDR0185,BOOK_A,2025-11-19
TXN0004443354,APP006,2025-05-22,reversed,99150.61,EUR,AMER,CP0243,BOND,TDR0070,BOOK_C,2025-11-19
TXN0007410419,APP019,2025-08-24,reversed,20760.76,EUR,EMEA,CP0229,BOND,TDR0125,BOOK_D,2025-02-12
TXN0005652913,APP014,2026-02-18,pending,632333.44,JPY,EMEA,CP0022,EQUITY,TDR0016,BOOK_A,2025-04-15
TXN0005749330,APP003,2025-03-25,reversed,81229.39,USD,APAC,CP0043,OPTION,TDR0178,BOOK_C,2025-05-01
TXN0008671618,APP020,2025-06-02,active,413379.01,GBP,AMER,CP0468,BOND,TDR0097,BOOK_C,2025-02-03
TXN0004793394,APP010,2025-10-14,active,832548.74,AUD,APAC,CP0379,EQUITY,TDR0168,BOOK_D,2025-05-25
TXN0006952764,APP019,2026-03-03,failed,991538.15,EUR,APAC,CP0125,SWAP,TDR0128,BOOK_B,2025-07-26
TXN0004447360,APP016,2025-04-01,settled,8151.51,USD,AMER,CP0345,EQUITY,TDR0169,BOOK_D,2025-06-12
TXN0000923920,APP011,2025-05-14,reversed,765994.82,JPY,LATAM,CP0238,BOND,TDR0030,BOOK_B,2025-04-12
TXN0004004155,APP017,2025-07-06,reversed,583331.64,JPY,LATAM,CP0285,SWAP,TDR0195,BOOK_D,2025-07-09
TXN0005470096,APP007,2025-02-09,failed,757286.75,CHF,LATAM,CP0363,BOND,TDR0044,BOOK_B,2026-03-12
TXN0006321353,APP003,2026-01-08,settled,533346.5,USD,AMER,CP0388,SWAP,TDR0151,BOOK_D,2026-03-12
TXN0008694306,APP011,2025-04-13,reversed,864695.48,GBP,LATAM,CP0235,EQUITY,TDR0097,BOOK_B,2026-03-28
TXN0007929898,APP014,2025-07-03,failed,556776.82,CHF,AMER,CP0201,BOND,TDR0063,BOOK_B,2025-03-02
TXN0004450397,APP011,2025-09-30,failed,993253.53,JPY,AMER,CP0227,EQUITY,TDR0198,BOOK_A,2025-03-27
TXN0001597200,APP002,2025-03-14,failed,432323.22,AUD,LATAM,CP0463,SWAP,TDR0052,BOOK_B,2026-02-02
TXN0002296430,APP014,2025-09-21,active,564728.58,JPY,LATAM,CP0216,FX,TDR0181,BOOK_C,2026-03-24
TXN0009062520,APP012,2026-01-01,pending,23799.89,USD,AMER,CP0084,BOND,TDR0074,BOOK_B,2026-03-14
TXN0004440821,APP007,2025-10-20,failed,107243.53,JPY,AMER,CP0405,EQUITY,TDR0154,BOOK_B,2025-03-23
TXN0007011469,APP013,2025-10-13,settled,327617.98,EUR,EMEA,CP0386,SWAP,TDR0122,BOOK_D,2025-03-17
TXN0003595642,APP016,2025-08-25,pending,203106.81,JPY,LATAM,CP0325,FUTURE,TDR0036,BOOK_A,2025-05-11
TXN0001511237,APP005,2025-09-08,active,477903.08,EUR,LATAM,CP0281,BOND,TDR0004,BOOK_D,2025-11-15
TXN0005008761,APP018,2026-01-23,settled,963764.2,USD,LATAM,CP0212,FUTURE,TDR0116,BOOK_D,2025-08-10
TXN0000071728,APP011,2025-01-30,active,701818.93,EUR,AMER,CP0397,SWAP,TDR0049,BOOK_D,2025-02-18
TXN0007916259,APP012,2025-10-27,settled,888090.43,GBP,EMEA,CP0188,SWAP,TDR0075,BOOK_C,2025-07-23
TXN0008880570,APP018,2025-06-17,pending,729715.41,JPY,LATAM,CP0134,SWAP,TDR0065,BOOK_B,2025-12-18
TXN0001282200,APP001,2025-12-01,reversed,627465.15,USD,APAC,CP0331,BOND,TDR0083,BOOK_C,2025-04-30
TXN0004494337,APP001,2026-01-31,active,47450.85,AUD,LATAM,CP0349,SWAP,TDR0173,BOOK_D,2025-10-09
TXN0004836144,APP016,2025-03-23,settled,521257.49,USD,EMEA,CP0210,OPTION,TDR0079,BOOK_D,2025-03-15
TXN0005023991,APP003,2025-05-29,reversed,515144.42,CHF,LATAM,CP0086,EQUITY,TDR0027,BOOK_C,2025-08-29
TXN0004773973,APP008,2026-03-02,settled,739506.73,JPY,LATAM,CP0210,BOND,TDR0127,BOOK_D,2026-01-09
TXN0005996098,APP017,2025-08-17,settled,894365.6,AUD,AMER,CP0231,SWAP,TDR0188,BOOK_C,2025-08-13
TXN0008401282,APP019,2025-02-09,settled,879924.94,CHF,APAC,CP0131,OPTION,TDR0023,BOOK_A,2025-01-03
TXN0007989626,APP010,2026-02-28,failed,716979.83,JPY,LATAM,CP0180,FUTURE,TDR0057,BOOK_C,2026-01-22
TXN0007107205,APP005,2025-04-18,failed,653639.97,AUD,LATAM,CP0039,BOND,TDR0084,BOOK_B,2025-03-07
TXN0003782693,APP002,2025-09-10,active,951858.55,CHF,AMER,CP0166,EQUITY,TDR0144,BOOK_C,2026-01-19
TXN0009513308,APP016,2025-05-07,failed,64498.26,CHF,EMEA,CP0110,EQUITY,TDR0122,BOOK_D,2026-04-04
TXN0005347623,APP017,2026-01-13,active,820351.62,EUR,EMEA,CP0087,OPTION,TDR0163,BOOK_A,2025-08-16
TXN0000684324,APP001,2026-01-03,settled,142236.8,EUR,LATAM,CP0424,FX,TDR0107,BOOK_A,2025-11-13
TXN0001482157,APP019,2026-04-01,reversed,507210.68,AUD,AMER,CP0030,OPTION,TDR0052,BOOK_A,2026-04-02
TXN0005105193,APP018,2025-05-12,reversed,757186.2,JPY,AMER,CP0377,FUTURE,TDR0105,BOOK_C,2025-07-27
TXN0004880402,APP001,2025-01-09,settled,723367.78,EUR,AMER,CP0463,BOND,TDR0147,BOOK_D,2025-12-20
TXN0002730083,APP007,2025-12-30,active,678593.25,USD,EMEA,CP0441,OPTION,TDR0042,BOOK_D,2025-02-12
TXN0008219568,APP004,2025-01-31,settled,541019.3,CHF,APAC,CP0038,OPTION,TDR0018,BOOK_D,2025-12-29
TXN0008980974,APP008,2025-01-06,active,349181.31,AUD,APAC,CP0061,EQUITY,TDR0025,BOOK_D,2025-03-22
TXN0009618456,APP016,2025-07-20,active,517850.95,JPY,AMER,CP0066,FX,TDR0175,BOOK_D,2025-07-17
TXN0003821437,APP003,2026-03-06,reversed,859103.52,GBP,AMER,CP0406,SWAP,TDR0085,BOOK_D,2025-07-30
TXN0003752168,APP014,2025-09-11,failed,41993.44,AUD,LATAM,CP0316,BOND,TDR0009,BOOK_C,2025-01-29
TXN0003948601,APP012,2026-01-29,pending,133920.64,JPY,LATAM,CP0222,FX,TDR0153,BOOK_C,2025-07-23
TXN0006298905,APP013,2025-01-08,failed,857822.81,AUD,AMER,CP0021,FUTURE,TDR0020,BOOK_B,2025-06-27
TXN0009711732,APP003,2025-04-05,failed,133915.63,AUD,AMER,CP0112,EQUITY,TDR0116,BOOK_D,2025-07-05
TXN0001769871,APP004,2025-11-07,settled,841254.13,AUD,EMEA,CP0400,SWAP,TDR0193,BOOK_C,2025-06-28
TXN0003519581,APP019,2025-05-31,pending,305780.04,CHF,EMEA,CP0025,EQUITY,TDR0112,BOOK_C,2026-02-17
TXN0003551415,APP001,2025-03-23,reversed,990303.24,EUR,EMEA,CP0151,BOND,TDR0001,BOOK_C,2025-08-27
TXN0003911360,APP002,2025-06-15,settled,567166.15,AUD,LATAM,CP0321,EQUITY,TDR0095,BOOK_A,2025-04-18
TXN0001048553,APP011,2025-01-21,failed,799304.05,USD,AMER,CP0426,OPTION,TDR0124,BOOK_C,2025-07-30
TXN0006622700,APP004,2026-02-09,failed,570274.08,EUR,LATAM,CP0444,EQUITY,TDR0176,BOOK_C,2025-09-10
TXN0005083158,APP016,2025-05-15,pending,265346.74,AUD,APAC,CP0069,OPTION,TDR0063,BOOK_B,2025-05-27
TXN0000435545,APP011,2025-08-11,pending,927778.2,JPY,APAC,CP0059,FX,TDR0011,BOOK_B,2026-03-27
TXN0008204875,APP007,2026-01-22,reversed,363104.51,AUD,EMEA,CP0008,OPTION,TDR0169,BOOK_C,2026-01-05
TXN0001225210,APP015,2025-04-16,settled,559169.73,USD,LATAM,CP0488,FX,TDR0168,BOOK_D,2025-05-31
TXN0006751159,APP018,2025-03-17,reversed,846805.8,GBP,AMER,CP0096,FX,TDR0147,BOOK_A,2025-01-14
TXN0002957805,APP008,2025-09-19,active,714601.59,JPY,AMER,CP0027,EQUITY,TDR0169,BOOK_D,2025-07-29
TXN0006437222,APP002,2026-02-24,pending,624185.67,AUD,AMER,CP0494,OPTION,TDR0045,BOOK_D,2025-11-27
TXN0001625554,APP005,2025-06-12,settled,224984.9,AUD,AMER,CP0034,SWAP,TDR0045,BOOK_D,2025-04-01
TXN0007138265,APP007,2025-10-30,settled,109497.19,EUR,AMER,CP0161,BOND,TDR0071,BOOK_B,2025-02-10
TXN0001268224,APP019,2026-02-15,reversed,664277.05,AUD,EMEA,CP0192,EQUITY,TDR0130,BOOK_D,2025-03-25
TXN0006083199,APP006,2025-10-03,settled,845989.97,USD,AMER,CP0370,FX,TDR0015,BOOK_C,2025-03-03
TXN0009613951,APP019,2025-07-13,pending,835716.35,AUD,LATAM,CP0331,SWAP,TDR0013,BOOK_A,2025-12-31
TXN0004732718,APP020,2026-02-12,failed,35364.39,AUD,AMER,CP0209,SWAP,TDR0037,BOOK_B,2025-03-06
TXN0000648717,APP011,2025-09-16,active,774063.55,JPY,AMER,CP0178,EQUITY,TDR0061,BOOK_D,2025-10-29
TXN0006397409,APP018,2025-07-02,active,741538.93,USD,AMER,CP0350,SWAP,TDR0147,BOOK_B,2025-03-10
TXN0009779468,APP005,2025-06-17,pending,303217.71,GBP,AMER,CP0134,SWAP,TDR0054,BOOK_B,2025-10-17
TXN0009835242,APP007,2025-01-01,settled,593993.5,USD,AMER,CP0219,EQUITY,TDR0152,BOOK_C,2025-12-06
TXN0001822296,APP011,2025-06-30,pending,516933.54,GBP,APAC,CP0059,FX,TDR0107,BOOK_B,2025-12-19
TXN0004783255,APP004,2025-10-14,settled,613532.19,GBP,EMEA,CP0112,BOND,TDR0004,BOOK_D,2025-11-04
TXN0002362643,APP013,2025-08-05,reversed,886983.46,GBP,EMEA,CP0122,OPTION,TDR0184,BOOK_D,2025-03-13
TXN0006902461,APP017,2025-01-05,reversed,277494.7,EUR,AMER,CP0483,FUTURE,TDR0013,BOOK_A,2025-03-20
TXN0000051677,APP006,2025-05-30,settled,661139.96,USD,APAC,CP0212,OPTION,TDR0138,BOOK_C,2025-04-23
TXN0009804979,APP001,2025-03-31,failed,102352.59,EUR,EMEA,CP0433,FUTURE,TDR0132,BOOK_D,2025-11-24
TXN0001414434,APP009,2025-08-04,pending,308052.25,USD,AMER,CP0150,SWAP,TDR0010,BOOK_D,2026-04-05
TXN0008958062,APP006,2025-06-20,reversed,549374.13,CHF,AMER,CP0491,FX,TDR0190,BOOK_A,2025-05-11
TXN0003290484,APP008,2025-11-15,active,563530.51,EUR,AMER,CP0492,FUTURE,TDR0161,BOOK_C,2025-07-29
TXN0003481987,APP011,2025-05-14,settled,174665.06,USD,LATAM,CP0193,FUTURE,TDR0083,BOOK_A,2025-09-16
TXN0007533422,APP016,2025-12-05,failed,264757.31,USD,LATAM,CP0031,FUTURE,TDR0109,BOOK_A,2025-07-07
TXN0006412402,APP004,2025-05-21,settled,365381.11,EUR,AMER,CP0078,FUTURE,TDR0048,BOOK_C,2026-02-11
TXN0004079451,APP018,2025-12-02,settled,611609.34,JPY,LATAM,CP0487,BOND,TDR0198,BOOK_A,2025-05-17
TXN0004654350,APP014,2025-12-04,reversed,425011.81,USD,LATAM,CP0457,SWAP,TDR0066,BOOK_D,2025-12-23
TXN0005725881,APP017,2025-10-15,settled,605340.85,EUR,EMEA,CP0499,EQUITY,TDR0085,BOOK_C,2025-01-23
TXN0002545972,APP004,2026-01-31,active,715910.45,JPY,AMER,CP0392,EQUITY,TDR0162,BOOK_C,2025-03-09
TXN0002350851,APP012,2025-12-29,failed,641113.98,EUR,APAC,CP0399,FX,TDR0008,BOOK_D,2026-02-08
TXN0004144420,APP003,2025-02-21,settled,775075.92,EUR,APAC,CP0432,FX,TDR0036,BOOK_C,2025-12-23
TXN0000526466,APP014,2025-09-24,reversed,781151.06,CHF,AMER,CP0497,SWAP,TDR0003,BOOK_C,2026-03-28
TXN0001058485,APP009,2025-01-13,settled,748305.94,CHF,APAC,CP0080,FUTURE,TDR0200,BOOK_A,2025-11-04
TXN0008153780,APP001,2025-02-09,settled,539333.45,USD,APAC,CP0439,SWAP,TDR0114,BOOK_B,2025-02-19
TXN0008427797,APP015,2025-05-16,active,564323.99,GBP,EMEA,CP0211,OPTION,TDR0167,BOOK_B,2025-12-06
TXN0008265325,APP015,2025-11-18,failed,692997.05,CHF,EMEA,CP0436,BOND,TDR0042,BOOK_B,2025-01-11
TXN0006054587,APP014,2025-06-05,reversed,56226.59,USD,AMER,CP0419,BOND,TDR0016,BOOK_A,2025-02-05
TXN0001070750,APP016,2025-11-18,reversed,164136.83,JPY,APAC,CP0461,BOND,TDR0195,BOOK_D,2025-03-23
TXN0004127282,APP006,2025-01-11,failed,189527.26,EUR,EMEA,CP0063,OPTION,TDR0011,BOOK_D,2025-08-03
TXN0004295234,APP005,2026-03-01,settled,717414.26,GBP,EMEA,CP0291,BOND,TDR0175,BOOK_C,2025-05-10
TXN0000033780,APP009,2025-11-03,failed,731624.49,AUD,AMER,CP0496,EQUITY,TDR0005,BOOK_A,2025-08-27
TXN0006696220,APP012,2025-01-19,pending,3870.28,USD,AMER,CP0198,OPTION,TDR0077,BOOK_D,2025-09-25
TXN0007085591,APP014,2025-04-19,active,932293.08,EUR,APAC,CP0247,BOND,TDR0056,BOOK_B,2025-02-28
TXN0006817892,APP002,2025-02-11,failed,772345.06,AUD,EMEA,CP0136,FX,TDR0184,BOOK_C,2025-03-15
TXN0007644597,APP018,2026-03-14,active,897080.49,AUD,AMER,CP0068,BOND,TDR0150,BOOK_A,2025-05-26
TXN0009821626,APP016,2025-07-16,failed,162257.33,USD,APAC,CP0033,FX,TDR0192,BOOK_A,2026-04-01
TXN0002319173,APP020,2025-03-23,active,88191.25,EUR,LATAM,CP0344,FUTURE,TDR0057,BOOK_A,2025-09-11
TXN0003026324,APP019,2025-11-14,reversed,880855.65,USD,AMER,CP0125,SWAP,TDR0172,BOOK_D,2025-11-14
TXN0005615341,APP007,2025-09-06,pending,832403.62,CHF,APAC,CP0431,BOND,TDR0190,BOOK_D,2025-03-26
TXN0000174585,APP016,2025-04-23,failed,697047.25,JPY,LATAM,CP0227,EQUITY,TDR0154,BOOK_A,2025-12-09
TXN0002950104,APP006,2025-04-27,pending,697952.65,GBP,LATAM,CP0110,FX,TDR0092,BOOK_C,2025-12-07
TXN0007300486,APP005,2025-01-09,pending,879126.54,GBP,APAC,CP0075,OPTION,TDR0004,BOOK_B,2026-03-14
TXN0007882837,APP005,2025-07-17,active,298208.67,CHF,APAC,CP0439,EQUITY,TDR0160,BOOK_B,2026-04-08
TXN0000157587,APP011,2025-07-08,reversed,22034.39,CHF,LATAM,CP0326,FUTURE,TDR0071,BOOK_D,2025-07-08
TXN0002850524,APP018,2025-11-21,failed,956114.95,CHF,APAC,CP0290,EQUITY,TDR0092,BOOK_C,2025-10-25
TXN0007477410,APP009,2025-09-18,failed,4228.89,USD,AMER,CP0158,FUTURE,TDR0073,BOOK_C,2025-09-04
TXN0006005558,APP007,2025-07-04,pending,878040.79,CHF,AMER,CP0141,BOND,TDR0172,BOOK_D,2025-07-11
TXN0003069992,APP018,2025-05-16,pending,486670.92,USD,LATAM,CP0278,SWAP,TDR0154,BOOK_D,2025-12-12
TXN0002196175,APP018,2026-01-27,failed,246004.6,CHF,EMEA,CP0167,OPTION,TDR0134,BOOK_A,2025-08-16
TXN0006353199,APP006,2026-04-05,settled,194406.2,JPY,LATAM,CP0286,EQUITY,TDR0061,BOOK_C,2025-09-18
TXN0001907622,APP004,2025-02-02,settled,792844.86,USD,AMER,CP0022,OPTION,TDR0001,BOOK_C,2025-09-21
TXN0007883102,APP019,2025-09-25,reversed,42246.64,JPY,EMEA,CP0333,BOND,TDR0012,BOOK_C,2025-05-21
TXN0002091138,APP014,2025-10-13,failed,493093.5,EUR,APAC,CP0308,SWAP,TDR0116,BOOK_C,2025-03-23
TXN0007229346,APP018,2025-07-11,reversed,255250.72,USD,AMER,CP0192,OPTION,TDR0047,BOOK_A,2025-09-10
TXN0007474381,APP010,2026-01-19,reversed,387005.1,GBP,LATAM,CP0059,OPTION,TDR0030,BOOK_D,2025-03-08
TXN0000981704,APP016,2025-08-14,pending,583859.82,JPY,LATAM,CP0486,SWAP,TDR0116,BOOK_C,2025-06-04
TXN0006370071,APP013,2026-04-03,pending,918498.73,EUR,AMER,CP0035,EQUITY,TDR0077,BOOK_A,2025-09-13
TXN0004505896,APP008,2026-01-03,pending,617093.78,USD,LATAM,CP0390,EQUITY,TDR0131,BOOK_A,2025-09-16
TXN0005762871,APP004,2026-01-02,settled,565636.36,CHF,EMEA,CP0072,FUTURE,TDR0011,BOOK_A,2025-04-20
TXN0005806679,APP013,2026-02-04,settled,922747.02,AUD,AMER,CP0432,OPTION,TDR0128,BOOK_B,2025-07-19
TXN0001050333,APP013,2026-03-19,reversed,750884.07,JPY,EMEA,CP0344,EQUITY,TDR0125,BOOK_C,2025-02-19
TXN0000831359,APP010,2025-12-28,active,271223.88,GBP,AMER,CP0301,FX,TDR0047,BOOK_B,2025-06-30
TXN0007971419,APP005,2025-04-19,settled,520394.91,GBP,LATAM,CP0372,EQUITY,TDR0033,BOOK_C,2026-01-21
TXN0007281132,APP002,2025-03-29,failed,498018.8,GBP,AMER,CP0273,FUTURE,TDR0087,BOOK_C,2026-04-07
TXN0007727647,APP001,2025-02-16,failed,269538.97,GBP,AMER,CP0219,FX,TDR0115,BOOK_C,2025-07-04
TXN0004885004,APP003,2025-07-21,reversed,890854.67,GBP,APAC,CP0238,FX,TDR0055,BOOK_B,2025-03-07
TXN0004387193,APP006,2025-10-21,pending,707620.22,AUD,LATAM,CP0031,OPTION,TDR0023,BOOK_B,2025-11-19
TXN0006821714,APP010,2025-09-29,settled,379445.13,CHF,AMER,CP0125,EQUITY,TDR0077,BOOK_D,2025-07-05
TXN0000307810,APP005,2025-01-20,pending,994269.81,EUR,EMEA,CP0184,EQUITY,TDR0101,BOOK_B,2025-03-25
TXN0008057556,APP019,2025-03-21,settled,518838.04,JPY,LATAM,CP0328,OPTION,TDR0086,BOOK_D,2025-04-04
TXN0000744698,APP012,2025-11-01,reversed,401184.14,USD,APAC,CP0127,BOND,TDR0086,BOOK_A,2026-03-31
TXN0000571903,APP020,2026-02-05,failed,462490.09,CHF,EMEA,CP0379,EQUITY,TDR0086,BOOK_C,2026-03-01
TXN0000780268,APP019,2026-04-13,failed,254747.1,USD,EMEA,CP0417,BOND,TDR0095,BOOK_A,2025-10-03
TXN0009009191,APP010,2025-06-26,settled,495097.26,USD,EMEA,CP0414,FUTURE,TDR0115,BOOK_A,2025-06-21
TXN0004923389,APP018,2025-11-29,settled,284740.88,AUD,EMEA,CP0025,FX,TDR0166,BOOK_A,2025-05-14
TXN0003068460,APP008,2026-02-20,settled,982183.48,USD,EMEA,CP0477,OPTION,TDR0098,BOOK_A,2025-08-14
TXN0002194480,APP008,2025-10-29,reversed,144335.75,AUD,APAC,CP0159,FX,TDR0132,BOOK_D,2025-03-03
TXN0002352149,APP006,2025-06-22,failed,535795.1,EUR,LATAM,CP0136,FX,TDR0011,BOOK_B,2025-04-22
TXN0002948497,APP001,2025-06-02,failed,332480.28,AUD,AMER,CP0454,FX,TDR0198,BOOK_C,2025-06-21
TXN0007767881,APP001,2025-01-20,reversed,967641.71,EUR,EMEA,CP0090,EQUITY,TDR0124,BOOK_C,2025-05-02
TXN0006409450,APP003,2025-08-18,pending,826484.24,EUR,APAC,CP0451,BOND,TDR0051,BOOK_B,2026-03-31
TXN0005760044,APP010,2025-02-03,failed,384066.34,AUD,AMER,CP0313,BOND,TDR0029,BOOK_D,2026-02-09
TXN0008601016,APP007,2025-10-15,pending,68271.17,GBP,LATAM,CP0037,BOND,TDR0006,BOOK_D,2025-11-29
TXN0005902090,APP009,2025-01-08,failed,415871.62,USD,LATAM,CP0037,SWAP,TDR0190,BOOK_D,2025-11-15
TXN0004434889,APP020,2025-12-21,active,648596.2,CHF,AMER,CP0138,BOND,TDR0120,BOOK_A,2025-01-09
TXN0009944224,APP004,2025-04-18,failed,240461.31,CHF,EMEA,CP0025,OPTION,TDR0177,BOOK_C,2026-02-19
TXN0005314061,APP002,2025-10-18,reversed,690832.37,JPY,AMER,CP0494,SWAP,TDR0003,BOOK_D,2026-04-12
TXN0000983357,APP020,2025-12-28,pending,538191.26,JPY,LATAM,CP0438,OPTION,TDR0179,BOOK_C,2025-12-24
TXN0001348035,APP002,2025-03-10,reversed,376671.66,CHF,AMER,CP0088,FUTURE,TDR0198,BOOK_C,2026-03-30
TXN0007820585,APP007,2025-01-21,pending,837433.92,GBP,APAC,CP0173,FUTURE,TDR0191,BOOK_C,2025-04-11
TXN0007443479,APP009,2025-07-14,failed,359631.68,EUR,LATAM,CP0383,FUTURE,TDR0075,BOOK_D,2025-01-17
TXN0007556161,APP007,2025-05-30,active,436653.74,AUD,APAC,CP0222,SWAP,TDR0068,BOOK_C,2025-11-21
TXN0009891486,APP006,2025-07-27,settled,683369.15,CHF,EMEA,CP0040,FUTURE,TDR0130,BOOK_D,2025-12-27
TXN0008051950,APP002,2025-07-06,settled,765850.57,EUR,APAC,CP0249,FUTURE,TDR0067,BOOK_C,2025-03-25
TXN0009040886,APP018,2025-10-03,failed,724779.83,JPY,EMEA,CP0180,SWAP,TDR0067,BOOK_C,2025-11-27
TXN0002360976,APP018,2026-02-15,pending,308031.14,GBP,APAC,CP0330,FUTURE,TDR0019,BOOK_D,2025-10-01
TXN0007949721,APP001,2025-09-27,failed,181991.02,CHF,LATAM,CP0095,EQUITY,TDR0172,BOOK_B,2026-02-20
TXN0004143098,APP016,2025-08-28,settled,501638.52,CHF,LATAM,CP0127,SWAP,TDR0094,BOOK_B,2026-02-19
TXN0000011520,APP013,2026-03-04,reversed,885769.42,CHF,EMEA,CP0020,OPTION,TDR0166,BOOK_C,2025-08-11
TXN0005510584,APP020,2026-02-22,reversed,191389.04,CHF,APAC,CP0048,EQUITY,TDR0192,BOOK_C,2025-11-28
TXN0001674734,APP006,2025-07-09,reversed,702724.3,JPY,LATAM,CP0144,BOND,TDR0151,BOOK_D,2025-01-17
TXN0002525010,APP002,2025-08-25,pending,76442.96,AUD,LATAM,CP0177,OPTION,TDR0018,BOOK_D,2025-08-26
TXN0008614791,APP018,2025-02-25,failed,363292.36,EUR,APAC,CP0047,FUTURE,TDR0196,BOOK_C,2025-08-04
TXN0001101290,APP015,2025-10-30,failed,111153.47,AUD,APAC,CP0440,EQUITY,TDR0118,BOOK_C,2025-03-07
TXN0005881517,APP020,2025-09-10,reversed,517602.73,USD,EMEA,CP0236,EQUITY,TDR0113,BOOK_A,2026-04-08
TXN0003544554,APP007,2025-04-12,active,951724.66,JPY,EMEA,CP0313,BOND,TDR0196,BOOK_D,2025-06-19
TXN0000406989,APP014,2025-09-07,active,595423.29,EUR,LATAM,CP0356,SWAP,TDR0053,BOOK_D,2026-01-03
TXN0007541098,APP006,2026-01-30,active,857968.23,GBP,APAC,CP0360,SWAP,TDR0001,BOOK_A,2025-05-04
TXN0002202590,APP008,2025-02-02,active,584120.33,GBP,AMER,CP0476,SWAP,TDR0194,BOOK_D,2025-08-09
TXN0008732024,APP001,2025-09-25,active,825050.03,JPY,LATAM,CP0324,OPTION,TDR0031,BOOK_D,2025-03-23
TXN0002433257,APP001,2026-01-22,failed,114426.29,EUR,AMER,CP0384,FX,TDR0134,BOOK_C,2026-01-30
TXN0003445429,APP014,2025-12-19,reversed,860373.05,CHF,APAC,CP0462,EQUITY,TDR0110,BOOK_C,2025-07-12
TXN0005924673,APP002,2026-04-03,failed,221308.02,EUR,APAC,CP0187,FX,TDR0039,BOOK_D,2025-08-30
TXN0006747775,APP004,2025-01-20,failed,590812.21,EUR,APAC,CP0405,OPTION,TDR0175,BOOK_B,2025-11-07
TXN0000892659,APP011,2025-01-27,active,31004.13,USD,EMEA,CP0352,OPTION,TDR0156,BOOK_B,2025-05-08
TXN0005997092,APP015,2025-10-22,active,8116.77,USD,LATAM,CP0461,BOND,TDR0098,BOOK_C,2025-04-08
TXN0008727509,APP018,2025-11-08,active,537642.39,AUD,APAC,CP0118,FUTURE,TDR0177,BOOK_C,2025-03-20
TXN0005060766,APP020,2025-11-24,active,508088.19,EUR,AMER,CP0292,EQUITY,TDR0025,BOOK_B,2026-04-04
TXN0009322832,APP003,2025-10-01,reversed,860899.55,JPY,APAC,CP0360,OPTION,TDR0018,BOOK_D,2025-10-10
TXN0004163918,APP016,2025-04-02,reversed,458606.94,EUR,EMEA,CP0076,FUTURE,TDR0195,BOOK_A,2025-01-17
TXN0001106808,APP010,2025-03-24,reversed,269323.29,EUR,EMEA,CP0213,FX,TDR0005,BOOK_C,2026-04-03
TXN0007276316,APP009,2026-02-14,settled,386008.41,CHF,APAC,CP0369,FUTURE,TDR0180,BOOK_D,2026-03-16
TXN0000931408,APP012,2025-09-17,reversed,485092.05,CHF,APAC,CP0285,EQUITY,TDR0161,BOOK_A,2026-01-27
TXN0006727322,APP001,2025-12-19,active,574220.61,AUD,APAC,CP0424,SWAP,TDR0091,BOOK_D,2025-02-20
TXN0008037952,APP017,2025-03-30,settled,774562.39,CHF,LATAM,CP0146,SWAP,TDR0069,BOOK_A,2025-01-24
TXN0006715831,APP017,2025-04-04,settled,766248.5,USD,AMER,CP0245,BOND,TDR0116,BOOK_B,2025-02-26
TXN0001158705,APP018,2025-11-28,reversed,194860.57,GBP,APAC,CP0053,OPTION,TDR0156,BOOK_A,2025-09-23
TXN0007910511,APP010,2025-05-21,active,227885.27,EUR,AMER,CP0016,FUTURE,TDR0079,BOOK_A,2025-12-14
TXN0000859587,APP011,2025-09-07,reversed,801084.89,GBP,APAC,CP0241,EQUITY,TDR0077,BOOK_D,2026-03-02
TXN0009072206,APP007,2026-04-08,pending,337872.37,USD,EMEA,CP0394,EQUITY,TDR0090,BOOK_B,2025-08-04
TXN0002265195,APP018,2025-03-28,settled,565053.18,USD,EMEA,CP0056,BOND,TDR0011,BOOK_D,2026-03-06
TXN0000960159,APP018,2026-02-09,active,896331.57,JPY,LATAM,CP0197,FUTURE,TDR0007,BOOK_A,2025-12-14
TXN0000044797,APP006,2025-01-02,active,297174.44,USD,EMEA,CP0216,FX,TDR0081,BOOK_D,2025-02-22
TXN0001829599,APP006,2025-05-06,settled,551253.32,GBP,LATAM,CP0175,FUTURE,TDR0153,BOOK_A,2025-09-15
TXN0002215892,APP004,2025-07-05,reversed,267153.46,AUD,LATAM,CP0440,FX,TDR0158,BOOK_B,2026-04-14
TXN0000588284,APP014,2026-01-10,reversed,869284.78,AUD,LATAM,CP0174,FX,TDR0117,BOOK_C,2025-09-03
TXN0007759956,APP011,2025-09-27,settled,966389.73,JPY,APAC,CP0110,BOND,TDR0091,BOOK_B,2025-04-20
TXN0009762993,APP011,2025-05-07,failed,874962.04,GBP,APAC,CP0151,FX,TDR0074,BOOK_B,2025-02-16
TXN0003215580,APP007,2025-04-26,active,443828.65,CHF,LATAM,CP0375,BOND,TDR0146,BOOK_C,2025-07-16
TXN0007107263,APP008,2026-04-02,settled,914821.94,GBP,AMER,CP0387,FUTURE,TDR0178,BOOK_A,2026-01-22
TXN0006011923,APP012,2026-02-18,settled,532298.78,JPY,EMEA,CP0210,BOND,TDR0133,BOOK_A,2025-03-26
TXN0002164640,APP018,2025-11-19,settled,692225.96,AUD,EMEA,CP0141,EQUITY,TDR0046,BOOK_A,2025-12-08
TXN0009079894,APP009,2025-07-13,failed,200228.26,USD,LATAM,CP0047,FUTURE,TDR0112,BOOK_D,2025-11-18
TXN0007200760,APP005,2025-08-02,failed,175526.18,GBP,APAC,CP0028,FUTURE,TDR0082,BOOK_A,2025-10-17
TXN0006969168,APP009,2026-04-06,failed,682969.54,USD,EMEA,CP0391,OPTION,TDR0197,BOOK_A,2025-01-09
TXN0004869567,APP017,2025-09-06,failed,742485.5,USD,EMEA,CP0080,SWAP,TDR0154,BOOK_C,2026-04-11
TXN0002673795,APP007,2025-07-12,reversed,981323.08,JPY,APAC,CP0442,SWAP,TDR0029,BOOK_C,2025-09-13
TXN0005654292,APP020,2025-10-09,failed,612566.36,EUR,EMEA,CP0023,FUTURE,TDR0093,BOOK_B,2025-12-13
TXN0008482727,APP020,2026-04-06,pending,61231.75,JPY,EMEA,CP0173,EQUITY,TDR0066,BOOK_D,2025-09-24
TXN0005404954,APP018,2025-02-06,failed,371148.61,GBP,LATAM,CP0200,BOND,TDR0197,BOOK_B,2025-04-06
TXN0005205764,APP002,2026-02-26,reversed,336521.86,USD,LATAM,CP0494,OPTION,TDR0152,BOOK_A,2026-03-19
TXN0003444506,APP010,2025-05-13,pending,145129.61,AUD,AMER,CP0465,SWAP,TDR0192,BOOK_A,2025-11-07
TXN0001280777,APP011,2025-06-29,failed,289470.05,USD,AMER,CP0298,BOND,TDR0178,BOOK_D,2025-04-29
TXN0002104032,APP004,2025-02-16,pending,480105.71,GBP,APAC,CP0308,BOND,TDR0012,BOOK_B,2025-05-11
TXN0008383743,APP012,2026-01-09,active,425053.21,CHF,AMER,CP0465,OPTION,TDR0046,BOOK_A,2025-01-31
TXN0000133284,APP019,2025-12-06,failed,634102.59,AUD,LATAM,CP0109,FX,TDR0192,BOOK_C,2025-08-11
TXN0006957999,APP003,2026-02-23,settled,400707.88,GBP,APAC,CP0410,FX,TDR0015,BOOK_C,2025-12-05
TXN0007206706,APP002,2025-10-11,pending,942519.61,EUR,EMEA,CP0305,SWAP,TDR0032,BOOK_B,2025-11-02
TXN0002464746,APP015,2026-03-15,active,128041.16,GBP,LATAM,CP0123,OPTION,TDR0015,BOOK_C,2025-02-24
TXN0009560501,APP001,2026-03-29,failed,224433.07,GBP,AMER,CP0079,FUTURE,TDR0142,BOOK_A,2025-03-26
TXN0001271523,APP012,2025-06-09,settled,4536.57,GBP,AMER,CP0380,BOND,TDR0002,BOOK_C,2025-02-26
TXN0001922676,APP013,2026-03-01,reversed,841883.56,JPY,APAC,CP0204,FX,TDR0153,BOOK_B,2025-06-15
TXN0003723245,APP013,2025-11-02,active,784142.31,GBP,APAC,CP0296,FX,TDR0128,BOOK_D,2026-03-19
TXN0001387794,APP016,2025-01-10,reversed,979759.95,CHF,AMER,CP0246,FUTURE,TDR0145,BOOK_C,2025-09-10
TXN0003665235,APP012,2026-01-20,pending,632042.76,CHF,LATAM,CP0093,FX,TDR0098,BOOK_A,2025-11-26
TXN0002037147,APP004,2026-02-08,settled,484342.67,GBP,AMER,CP0248,FUTURE,TDR0030,BOOK_C,2025-06-20
TXN0001564533,APP020,2025-06-23,settled,943666.48,JPY,LATAM,CP0196,EQUITY,TDR0049,BOOK_B,2025-12-21
TXN0001082355,APP008,2025-07-12,settled,43804.27,GBP,LATAM,CP0340,BOND,TDR0064,BOOK_A,2025-04-30
TXN0002696657,APP007,2026-01-10,active,843029.06,GBP,APAC,CP0097,BOND,TDR0114,BOOK_A,2025-03-18
TXN0002984039,APP019,2025-04-06,pending,95707.54,CHF,LATAM,CP0255,EQUITY,TDR0113,BOOK_D,2025-10-29
TXN0006397675,APP016,2025-11-11,settled,80842.66,USD,APAC,CP0339,OPTION,TDR0140,BOOK_B,2025-07-16
TXN0008639783,APP008,2025-06-26,reversed,23200.17,JPY,EMEA,CP0380,EQUITY,TDR0099,BOOK_C,2025-12-18
TXN0001143572,APP011,2026-01-11,failed,538328.71,CHF,LATAM,CP0384,BOND,TDR0162,BOOK_A,2025-04-04
TXN0001026002,APP012,2025-07-16,active,723345.82,GBP,AMER,CP0497,EQUITY,TDR0075,BOOK_C,2026-02-13
TXN0000711557,APP011,2026-01-04,pending,823052.17,EUR,APAC,CP0463,FX,TDR0098,BOOK_D,2025-08-12
TXN0008930904,APP018,2025-07-31,reversed,446070.42,AUD,EMEA,CP0430,FUTURE,TDR0065,BOOK_D,2026-01-19
TXN0004806209,APP002,2025-12-10,reversed,631099.0,USD,EMEA,CP0469,BOND,TDR0185,BOOK_B,2025-12-05
TXN0009849089,APP013,2025-08-13,pending,127618.89,AUD,AMER,CP0136,SWAP,TDR0027,BOOK_B,2025-11-24
TXN0009638072,APP012,2025-08-23,active,197452.18,CHF,APAC,CP0467,SWAP,TDR0182,BOOK_C,2025-10-31
TXN0002841096,APP010,2026-02-12,failed,756918.05,USD,EMEA,CP0073,FX,TDR0053,BOOK_B,2025-08-14
TXN0006909196,APP018,2025-12-18,reversed,740214.52,JPY,EMEA,CP0355,BOND,TDR0026,BOOK_A,2026-03-13
TXN0009645122,APP014,2025-06-14,reversed,680543.95,CHF,EMEA,CP0069,OPTION,TDR0108,BOOK_C,2025-11-30
TXN0004661045,APP001,2025-11-08,settled,558932.39,GBP,APAC,CP0255,FUTURE,TDR0194,BOOK_D,2025-02-11
TXN0007549411,APP017,2025-06-03,active,824393.24,JPY,AMER,CP0322,BOND,TDR0070,BOOK_B,2026-03-31
TXN0000559114,APP018,2025-11-18,failed,649887.06,CHF,EMEA,CP0156,FUTURE,TDR0095,BOOK_A,2025-11-03
TXN0005539322,APP004,2025-03-26,failed,703708.56,CHF,LATAM,CP0388,FUTURE,TDR0147,BOOK_D,2025-04-27
TXN0003538660,APP019,2026-01-22,reversed,741287.23,USD,EMEA,CP0318,BOND,TDR0147,BOOK_D,2025-12-22
TXN0006212728,APP020,2025-12-10,pending,9314.71,AUD,AMER,CP0240,OPTION,TDR0038,BOOK_D,2025-02-01
TXN0005386525,APP015,2025-10-12,active,631684.08,JPY,EMEA,CP0376,FUTURE,TDR0004,BOOK_D,2025-01-10
TXN0006069455,APP019,2025-02-09,failed,519960.16,CHF,APAC,CP0267,BOND,TDR0011,BOOK_B,2025-04-27
TXN0005084977,APP016,2025-12-01,failed,133965.01,AUD,AMER,CP0312,FX,TDR0051,BOOK_C,2025-08-05
TXN0005390551,APP007,2025-02-17,active,121929.98,AUD,AMER,CP0121,FX,TDR0084,BOOK_D,2025-12-28
TXN0001649886,APP013,2025-07-03,pending,457440.25,GBP,APAC,CP0290,FUTURE,TDR0081,BOOK_A,2025-03-06
TXN0007931283,APP006,2025-02-22,failed,488286.98,AUD,AMER,CP0055,SWAP,TDR0107,BOOK_A,2025-07-06
TXN0006406288,APP010,2025-12-20,failed,507542.24,AUD,APAC,CP0039,FX,TDR0160,BOOK_B,2025-08-03
TXN0008994825,APP004,2025-12-15,pending,979893.81,USD,EMEA,CP0189,OPTION,TDR0172,BOOK_B,2025-11-27
TXN0003825000,APP016,2025-07-22,reversed,572029.57,CHF,AMER,CP0153,FUTURE,TDR0032,BOOK_C,2025-05-26
TXN0000275418,APP016,2025-05-21,pending,792278.07,GBP,LATAM,CP0250,FX,TDR0134,BOOK_A,2025-08-08
TXN0000359554,APP004,2026-03-29,settled,242497.58,EUR,APAC,CP0412,OPTION,TDR0021,BOOK_D,2025-07-09
TXN0005889031,APP019,2025-06-18,pending,320939.08,CHF,AMER,CP0193,OPTION,TDR0183,BOOK_D,2025-05-01
TXN0005881592,APP004,2025-08-27,failed,581872.6,AUD,LATAM,CP0492,FUTURE,TDR0120,BOOK_A,2025-10-28
TXN0006328305,APP018,2025-10-31,pending,571396.06,CHF,AMER,CP0123,BOND,TDR0024,BOOK_B,2025-12-12
TXN0003760005,APP010,2025-09-03,failed,811495.24,EUR,APAC,CP0317,OPTION,TDR0072,BOOK_C,2026-03-31
TXN0009323308,APP008,2025-08-04,settled,564632.73,USD,AMER,CP0101,EQUITY,TDR0051,BOOK_D,2025-02-27
TXN0008875747,APP003,2025-07-15,settled,734295.26,CHF,AMER,CP0362,OPTION,TDR0148,BOOK_A,2026-03-07
TXN0005761601,APP009,2026-02-05,reversed,898717.59,AUD,EMEA,CP0040,SWAP,TDR0085,BOOK_A,2025-05-27
TXN0004292254,APP013,2025-02-16,failed,368217.86,JPY,EMEA,CP0161,FX,TDR0145,BOOK_D,2025-05-06
TXN0007053897,APP014,2025-12-16,active,464166.8,AUD,APAC,CP0381,FX,TDR0008,BOOK_A,2026-02-03
TXN0009836431,APP008,2026-04-04,pending,508291.94,AUD,EMEA,CP0062,OPTION,TDR0092,BOOK_B,2025-03-27
TXN0006294018,APP004,2025-10-15,settled,267977.88,GBP,APAC,CP0296,FUTURE,TDR0064,BOOK_A,2025-07-19
TXN0007572419,APP007,2025-12-18,failed,573712.96,GBP,APAC,CP0384,SWAP,TDR0098,BOOK_B,2025-09-07
TXN0007247522,APP003,2025-07-27,failed,410265.06,AUD,EMEA,CP0356,OPTION,TDR0138,BOOK_A,2025-01-21
TXN0007798145,APP010,2026-02-14,reversed,827413.77,GBP,AMER,CP0051,SWAP,TDR0052,BOOK_A,2026-04-13
TXN0006573321,APP013,2025-08-21,settled,752784.79,CHF,LATAM,CP0030,BOND,TDR0056,BOOK_D,2025-06-07
TXN0009069395,APP003,2025-03-08,reversed,112992.32,USD,AMER,CP0209,FUTURE,TDR0130,BOOK_A,2026-01-26
TXN0000570893,APP003,2025-01-11,failed,527437.44,EUR,EMEA,CP0391,EQUITY,TDR0008,BOOK_D,2025-09-24
TXN0009886295,APP005,2026-01-03,failed,176606.79,USD,AMER,CP0369,SWAP,TDR0187,BOOK_C,2025-07-06
TXN0006923224,APP004,2025-12-05,failed,956178.44,JPY,APAC,CP0028,OPTION,TDR0009,BOOK_D,2025-11-12
TXN0004427318,APP005,2025-08-09,active,988759.11,GBP,APAC,CP0088,SWAP,TDR0008,BOOK_D,2025-02-17
TXN0008168129,APP002,2025-04-05,reversed,117173.66,JPY,EMEA,CP0343,FX,TDR0162,BOOK_B,2026-01-15
TXN0001326696,APP011,2025-06-30,failed,562744.74,AUD,APAC,CP0346,FUTURE,TDR0039,BOOK_A,2025-09-15
TXN0003169157,APP011,2025-03-20,reversed,106100.06,CHF,APAC,CP0001,BOND,TDR0098,BOOK_B,2025-12-25
TXN0007855293,APP013,2025-03-25,active,376059.32,EUR,APAC,CP0472,SWAP,TDR0127,BOOK_D,2026-03-02
TXN0009129024,APP003,2025-05-09,active,143739.97,EUR,EMEA,CP0282,BOND,TDR0017,BOOK_A,2025-07-13
TXN0002401961,APP010,2025-01-09,reversed,356070.27,JPY,APAC,CP0255,FX,TDR0045,BOOK_D,2025-02-02
TXN0003133372,APP004,2025-05-25,pending,941152.39,EUR,AMER,CP0260,SWAP,TDR0059,BOOK_A,2025-09-30
TXN0005292284,APP016,2025-02-13,active,721161.94,AUD,LATAM,CP0035,SWAP,TDR0170,BOOK_B,2026-04-02
TXN0003055556,APP001,2026-02-26,active,893682.87,CHF,LATAM,CP0312,EQUITY,TDR0031,BOOK_A,2025-02-19
TXN0004468057,APP004,2025-10-11,reversed,638983.34,GBP,AMER,CP0104,OPTION,TDR0020,BOOK_C,2026-04-07
TXN0001249206,APP020,2025-02-08,pending,201822.88,JPY,EMEA,CP0485,OPTION,TDR0175,BOOK_C,2025-02-06
TXN0008366466,APP020,2026-03-26,failed,169705.22,JPY,EMEA,CP0140,FUTURE,TDR0050,BOOK_A,2025-09-08
TXN0005134854,APP003,2025-05-25,reversed,361910.19,USD,APAC,CP0234,FUTURE,TDR0189,BOOK_B,2025-05-08
TXN0009477901,APP009,2025-11-16,pending,535683.65,AUD,AMER,CP0213,FX,TDR0039,BOOK_C,2026-03-04
TXN0009107908,APP005,2025-05-07,pending,527084.35,EUR,EMEA,CP0210,FUTURE,TDR0175,BOOK_D,2025-07-02
TXN0003436103,APP020,2025-06-24,failed,735737.4,JPY,EMEA,CP0026,FX,TDR0166,BOOK_D,2025-02-03
TXN0007077540,APP019,2025-06-15,settled,141239.9,CHF,APAC,CP0395,SWAP,TDR0081,BOOK_B,2026-01-11
TXN0008625629,APP020,2025-06-03,reversed,216946.28,USD,LATAM,CP0109,OPTION,TDR0175,BOOK_B,2025-03-28
TXN0009010366,APP018,2025-02-06,failed,293447.13,EUR,APAC,CP0198,BOND,TDR0087,BOOK_A,2025-10-12
TXN0004993397,APP005,2026-01-22,settled,584064.64,EUR,AMER,CP0223,EQUITY,TDR0116,BOOK_A,2025-08-08
TXN0002594048,APP009,2025-12-08,failed,447257.35,CHF,LATAM,CP0294,OPTION,TDR0081,BOOK_A,2025-01-31
TXN0007910897,APP020,2025-07-06,active,521151.39,AUD,EMEA,CP0095,BOND,TDR0127,BOOK_C,2026-03-25
TXN0000325672,APP004,2026-01-30,reversed,524705.65,JPY,AMER,CP0107,FX,TDR0111,BOOK_C,2025-09-11
TXN0000334846,APP019,2026-03-15,active,666114.44,AUD,AMER,CP0275,FUTURE,TDR0014,BOOK_B,2026-03-20
TXN0005418678,APP019,2026-01-02,active,643335.47,GBP,LATAM,CP0321,OPTION,TDR0166,BOOK_D,2026-01-09
TXN0005349549,APP006,2025-10-30,active,953820.71,GBP,EMEA,CP0347,OPTION,TDR0183,BOOK_C,2025-11-04
TXN0009204796,APP015,2025-02-27,pending,987.15,AUD,APAC,CP0363,FX,TDR0146,BOOK_C,2025-12-15
TXN0004744143,APP009,2026-01-17,active,655448.67,JPY,AMER,CP0274,OPTION,TDR0104,BOOK_A,2025-12-26
TXN0006360464,APP009,2026-01-28,settled,568343.0,USD,APAC,CP0093,SWAP,TDR0145,BOOK_B,2025-06-17
TXN0006965817,APP014,2025-01-24,pending,1882.65,JPY,LATAM,CP0382,BOND,TDR0156,BOOK_B,2026-03-18
TXN0003584004,APP012,2026-03-16,reversed,164030.7,USD,EMEA,CP0049,FX,TDR0029,BOOK_C,2026-01-27
TXN0002896142,APP020,2025-02-21,settled,234871.47,EUR,LATAM,CP0182,BOND,TDR0053,BOOK_A,2025-07-19
TXN0000664675,APP006,2025-11-13,settled,367895.83,GBP,EMEA,CP0245,FUTURE,TDR0192,BOOK_A,2025-10-13
TXN0009184259,APP003,2026-03-06,pending,647332.67,AUD,APAC,CP0288,SWAP,TDR0061,BOOK_D,2026-01-28
TXN0006455719,APP008,2025-12-07,settled,6068.88,CHF,EMEA,CP0462,FUTURE,TDR0096,BOOK_C,2025-07-23
TXN0001936373,APP001,2025-06-27,settled,560762.89,GBP,AMER,CP0430,BOND,TDR0007,BOOK_D,2025-10-25
TXN0001624724,APP017,2025-07-26,settled,429136.96,USD,LATAM,CP0328,OPTION,TDR0184,BOOK_D,2026-03-31
TXN0004353396,APP017,2025-02-21,reversed,930099.17,GBP,APAC,CP0301,EQUITY,TDR0067,BOOK_C,2026-03-24
TXN0009587975,APP010,2025-02-04,failed,514770.63,USD,APAC,CP0024,SWAP,TDR0008,BOOK_B,2025-02-13
TXN0004064379,APP004,2025-02-23,pending,503716.64,CHF,APAC,CP0399,SWAP,TDR0027,BOOK_C,2025-05-12
TXN0006302209,APP008,2026-01-09,settled,299551.75,USD,LATAM,CP0236,OPTION,TDR0095,BOOK_A,2025-01-16
TXN0000103918,APP001,2025-01-11,failed,862687.44,GBP,APAC,CP0054,FX,TDR0126,BOOK_B,2026-03-03
TXN0006305204,APP020,2025-07-13,settled,957805.66,AUD,LATAM,CP0360,FX,TDR0048,BOOK_C,2025-10-12
TXN0006636604,APP007,2025-06-11,settled,436127.46,CHF,EMEA,CP0229,FX,TDR0008,BOOK_B,2025-03-15
TXN0006680576,APP020,2025-05-23,failed,105920.05,JPY,EMEA,CP0131,FUTURE,TDR0125,BOOK_B,2025-07-01
TXN0009002163,APP013,2026-02-22,settled,233051.35,JPY,EMEA,CP0243,FUTURE,TDR0179,BOOK_C,2025-01-31
TXN0001462979,APP016,2025-11-20,pending,599254.78,JPY,AMER,CP0261,BOND,TDR0198,BOOK_D,2025-10-30
TXN0000037413,APP016,2025-01-28,settled,131211.14,EUR,EMEA,CP0212,FX,TDR0022,BOOK_C,2025-06-26
TXN0008201951,APP016,2025-11-30,settled,138405.95,EUR,LATAM,CP0051,FX,TDR0178,BOOK_A,2025-10-07
TXN0007230932,APP010,2026-01-03,failed,654081.54,GBP,LATAM,CP0093,SWAP,TDR0039,BOOK_C,2025-03-17
TXN0003454749,APP018,2025-11-12,active,484685.48,JPY,EMEA,CP0275,FX,TDR0193,BOOK_C,2025-09-08
TXN0006552229,APP010,2026-04-02,reversed,32581.09,USD,APAC,CP0297,FX,TDR0021,BOOK_A,2025-11-13
TXN0009003500,APP020,2025-01-26,active,950988.35,USD,APAC,CP0310,OPTION,TDR0168,BOOK_D,2026-01-31
TXN0000844679,APP007,2025-04-15,pending,647873.44,CHF,AMER,CP0132,EQUITY,TDR0028,BOOK_C,2026-03-24
TXN0009250492,APP009,2025-10-22,settled,862560.38,USD,APAC,CP0433,FX,TDR0182,BOOK_C,2025-08-19
TXN0003156494,APP003,2025-04-24,reversed,139730.04,EUR,AMER,CP0308,FUTURE,TDR0004,BOOK_D,2025-01-31
TXN0008974070,APP018,2026-02-15,active,849460.09,AUD,EMEA,CP0367,SWAP,TDR0062,BOOK_B,2025-07-12
TXN0006190985,APP020,2026-01-16,reversed,648739.49,EUR,EMEA,CP0028,FUTURE,TDR0005,BOOK_A,2025-11-17
TXN0005726487,APP014,2025-11-18,settled,212792.11,EUR,EMEA,CP0414,EQUITY,TDR0056,BOOK_A,2025-08-14
TXN0006977718,APP008,2026-02-24,failed,703121.0,GBP,APAC,CP0495,BOND,TDR0014,BOOK_B,2025-09-30
TXN0006894309,APP008,2025-12-15,active,995753.31,GBP,EMEA,CP0145,FX,TDR0038,BOOK_C,2025-12-09
TXN0001811370,APP018,2025-04-08,active,856169.5,USD,APAC,CP0390,SWAP,TDR0035,BOOK_B,2025-04-10
TXN0008371031,APP019,2025-10-12,settled,473332.17,CHF,APAC,CP0387,EQUITY,TDR0130,BOOK_D,2025-03-08
TXN0000563213,APP004,2025-09-19,failed,120682.57,AUD,AMER,CP0140,FUTURE,TDR0182,BOOK_A,2025-04-02
TXN0005804991,APP005,2025-07-10,reversed,208108.36,EUR,AMER,CP0046,FUTURE,TDR0102,BOOK_A,2026-04-07
TXN0007577853,APP004,2025-06-24,reversed,599216.28,JPY,EMEA,CP0461,BOND,TDR0178,BOOK_B,2025-10-13
TXN0009302046,APP020,2025-02-12,failed,823427.94,USD,APAC,CP0035,OPTION,TDR0095,BOOK_C,2026-02-14
TXN0002069789,APP003,2025-01-01,reversed,627933.01,USD,AMER,CP0003,BOND,TDR0103,BOOK_B,2026-02-14
TXN0005896970,APP011,2026-03-08,failed,531592.97,GBP,EMEA,CP0311,BOND,TDR0125,BOOK_B,2025-08-06
TXN0003988992,APP014,2025-09-10,active,834522.5,EUR,LATAM,CP0046,OPTION,TDR0146,BOOK_C,2025-01-08
TXN0005549247,APP005,2025-11-28,settled,33841.0,CHF,AMER,CP0060,OPTION,TDR0014,BOOK_C,2026-01-29
TXN0005370658,APP002,2025-01-10,settled,479164.75,GBP,APAC,CP0223,BOND,TDR0128,BOOK_A,2026-03-14
TXN0008806433,APP007,2025-04-22,failed,941053.95,EUR,EMEA,CP0213,OPTION,TDR0016,BOOK_B,2025-01-06
TXN0000613821,APP014,2026-03-05,reversed,735766.72,USD,LATAM,CP0431,SWAP,TDR0162,BOOK_D,2025-11-23
TXN0002049902,APP007,2026-03-06,active,817207.31,EUR,APAC,CP0328,EQUITY,TDR0114,BOOK_C,2025-12-01
TXN0004665442,APP017,2026-03-19,pending,167399.03,CHF,EMEA,CP0169,SWAP,TDR0040,BOOK_D,2025-11-13
TXN0000158651,APP003,2025-11-08,failed,578559.59,CHF,LATAM,CP0012,OPTION,TDR0197,BOOK_B,2026-04-10
TXN0002237971,APP001,2025-07-21,active,74016.72,GBP,EMEA,CP0171,FX,TDR0140,BOOK_B,2026-03-19
TXN0002740058,APP016,2025-06-22,failed,836312.81,USD,LATAM,CP0243,EQUITY,TDR0066,BOOK_D,2025-04-19
TXN0004493339,APP007,2025-12-06,settled,723640.8,GBP,LATAM,CP0334,OPTION,TDR0005,BOOK_A,2025-11-17
TXN0006066352,APP018,2025-11-14,active,66782.85,JPY,EMEA,CP0237,EQUITY,TDR0047,BOOK_B,2025-04-30
TXN0002742065,APP008,2025-02-13,settled,613087.33,AUD,AMER,CP0182,BOND,TDR0108,BOOK_C,2025-02-03
TXN0008645392,APP008,2026-01-02,active,836426.16,GBP,AMER,CP0357,FUTURE,TDR0006,BOOK_C,2025-05-06
TXN0001786698,APP011,2025-06-20,reversed,489424.17,JPY,AMER,CP0022,FUTURE,TDR0045,BOOK_B,2025-02-06
TXN0007487484,APP020,2025-01-19,active,318119.26,USD,AMER,CP0268,BOND,TDR0167,BOOK_B,2025-09-21
TXN0006764567,APP004,2025-01-19,pending,659836.13,JPY,EMEA,CP0438,SWAP,TDR0090,BOOK_A,2025-09-04
TXN0003095002,APP001,2026-03-05,failed,323480.14,CHF,LATAM,CP0072,OPTION,TDR0016,BOOK_B,2025-11-18
TXN0002803407,APP005,2026-01-21,failed,139291.96,EUR,EMEA,CP0008,FX,TDR0016,BOOK_D,2025-05-11
TXN0002855255,APP014,2025-07-10,settled,446556.21,AUD,AMER,CP0239,SWAP,TDR0186,BOOK_C,2025-08-21
TXN0004092840,APP006,2025-03-25,pending,682394.54,GBP,AMER,CP0245,SWAP,TDR0076,BOOK_B,2025-05-05
TXN0003761131,APP016,2025-01-19,pending,439447.74,CHF,EMEA,CP0370,OPTION,TDR0193,BOOK_C,2025-04-27
TXN0001646455,APP006,2025-12-07,active,625063.13,JPY,APAC,CP0281,FUTURE,TDR0096,BOOK_C,2025-02-03
TXN0006521799,APP018,2025-09-05,active,561365.67,EUR,AMER,CP0119,BOND,TDR0169,BOOK_A,2025-01-11
TXN0007803764,APP008,2026-02-17,pending,203269.69,AUD,EMEA,CP0335,FX,TDR0035,BOOK_C,2025-05-24
TXN0002565031,APP011,2025-12-12,active,490325.59,EUR,APAC,CP0205,FUTURE,TDR0024,BOOK_D,2026-02-16
TXN0006517038,APP018,2026-02-01,pending,865085.23,EUR,APAC,CP0428,FUTURE,TDR0024,BOOK_A,2025-11-18
TXN0001372548,APP015,2025-02-13,pending,416313.06,GBP,LATAM,CP0261,OPTION,TDR0091,BOOK_D,2025-06-02
TXN0004616241,APP013,2026-02-28,settled,825253.7,CHF,EMEA,CP0111,BOND,TDR0190,BOOK_C,2025-07-03
TXN0006862027,APP018,2025-07-16,active,115844.4,USD,EMEA,CP0294,OPTION,TDR0033,BOOK_D,2026-01-18
TXN0005499705,APP018,2025-07-09,pending,467889.63,USD,AMER,CP0230,SWAP,TDR0120,BOOK_A,2026-01-02
TXN0003661253,APP012,2025-09-07,active,716243.18,EUR,APAC,CP0163,SWAP,TDR0011,BOOK_C,2026-02-08
TXN0005934598,APP014,2025-08-05,failed,675310.31,AUD,LATAM,CP0148,EQUITY,TDR0088,BOOK_B,2026-02-03
TXN0005143050,APP002,2025-03-14,reversed,129046.92,JPY,EMEA,CP0019,SWAP,TDR0049,BOOK_D,2026-02-13
TXN0005343759,APP013,2025-11-20,active,249174.14,EUR,LATAM,CP0343,EQUITY,TDR0077,BOOK_A,2025-09-26
TXN0006434835,APP003,2025-02-02,failed,435064.86,AUD,EMEA,CP0075,FUTURE,TDR0006,BOOK_A,2025-01-28
TXN0000279359,APP016,2026-04-03,settled,779287.59,EUR,LATAM,CP0115,FUTURE,TDR0063,BOOK_A,2025-09-13
TXN0006701084,APP015,2025-07-11,settled,866230.83,CHF,AMER,CP0257,FUTURE,TDR0024,BOOK_D,2026-02-25
TXN0007479778,APP004,2025-10-08,settled,937698.37,AUD,LATAM,CP0213,EQUITY,TDR0014,BOOK_D,2026-03-21
TXN0002768014,APP018,2025-09-10,failed,73726.67,CHF,APAC,CP0089,SWAP,TDR0169,BOOK_C,2025-10-28
TXN0003948496,APP003,2025-07-01,active,118560.58,AUD,EMEA,CP0338,FUTURE,TDR0086,BOOK_B,2025-03-13
TXN0000319471,APP010,2025-04-15,failed,652605.86,USD,LATAM,CP0266,FX,TDR0157,BOOK_B,2025-10-04
TXN0007506108,APP020,2025-10-28,active,353415.91,USD,EMEA,CP0368,BOND,TDR0104,BOOK_D,2025-02-02
TXN0005132672,APP009,2025-05-10,active,881975.93,AUD,APAC,CP0410,OPTION,TDR0193,BOOK_B,2026-03-05
TXN0005515404,APP006,2026-03-23,active,472976.57,JPY,AMER,CP0333,BOND,TDR0088,BOOK_B,2026-03-22
TXN0007273670,APP016,2025-08-22,pending,854763.29,AUD,APAC,CP0420,OPTION,TDR0184,BOOK_C,2025-08-23
TXN0001861250,APP006,2025-04-25,active,938664.15,CHF,APAC,CP0422,SWAP,TDR0178,BOOK_A,2025-10-17
TXN0007151402,APP019,2025-04-24,active,804624.48,EUR,LATAM,CP0449,BOND,TDR0070,BOOK_C,2026-01-15
TXN0008176936,APP002,2025-05-21,pending,445197.27,USD,APAC,CP0334,FUTURE,TDR0042,BOOK_D,2026-03-23
TXN0006202683,APP014,2026-03-04,active,823221.23,CHF,LATAM,CP0162,FUTURE,TDR0028,BOOK_D,2025-11-20
TXN0007872506,APP014,2025-11-22,settled,554614.71,CHF,AMER,CP0164,FUTURE,TDR0172,BOOK_C,2025-05-10
TXN0003559869,APP006,2026-02-01,active,709358.46,JPY,AMER,CP0292,BOND,TDR0191,BOOK_A,2025-12-10
TXN0003118882,APP020,2025-08-25,pending,218491.72,USD,APAC,CP0298,OPTION,TDR0100,BOOK_B,2025-03-20
TXN0007152727,APP017,2025-02-27,failed,352044.97,JPY,EMEA,CP0151,BOND,TDR0099,BOOK_A,2025-05-08
TXN0000873896,APP014,2026-03-04,active,957382.33,GBP,APAC,CP0139,FX,TDR0058,BOOK_C,2026-04-06
TXN0001425110,APP017,2025-06-19,reversed,485259.85,CHF,AMER,CP0397,EQUITY,TDR0022,BOOK_D,2025-01-03
TXN0005738805,APP004,2025-02-23,settled,665047.4,AUD,APAC,CP0308,BOND,TDR0104,BOOK_B,2025-04-23
TXN0005310773,APP006,2025-03-27,active,236866.7,AUD,EMEA,CP0380,FUTURE,TDR0149,BOOK_A,2025-12-11
TXN0006543791,APP018,2026-03-02,failed,716991.37,GBP,APAC,CP0287,SWAP,TDR0094,BOOK_D,2026-02-26
TXN0004351217,APP012,2026-03-20,active,959168.09,JPY,AMER,CP0179,OPTION,TDR0060,BOOK_D,2025-12-17
TXN0001392503,APP010,2025-01-26,reversed,302197.12,EUR,EMEA,CP0109,FUTURE,TDR0054,BOOK_A,2025-09-29
TXN0008602857,APP020,2025-10-30,active,489300.0,CHF,EMEA,CP0086,EQUITY,TDR0162,BOOK_C,2025-11-04
TXN0005301116,APP010,2025-08-10,pending,784826.08,CHF,EMEA,CP0394,FUTURE,TDR0102,BOOK_A,2025-06-24
TXN0008532129,APP002,2025-07-29,reversed,463838.51,USD,AMER,CP0498,OPTION,TDR0015,BOOK_D,2026-03-30
TXN0003723990,APP014,2025-07-21,settled,139369.05,JPY,LATAM,CP0394,EQUITY,TDR0129,BOOK_D,2026-02-20
TXN0003456203,APP004,2026-01-05,failed,921218.27,GBP,AMER,CP0499,SWAP,TDR0104,BOOK_A,2025-01-16
TXN0008081834,APP004,2025-08-28,reversed,396763.04,CHF,AMER,CP0039,SWAP,TDR0079,BOOK_B,2025-12-15
TXN0004074813,APP017,2025-02-07,failed,794023.92,CHF,EMEA,CP0024,OPTION,TDR0058,BOOK_A,2025-02-09
TXN0005256703,APP018,2025-06-15,failed,426811.97,USD,APAC,CP0021,FX,TDR0111,BOOK_A,2025-02-09
TXN0008658973,APP001,2025-05-06,pending,835516.41,GBP,AMER,CP0071,BOND,TDR0173,BOOK_B,2025-03-17
TXN0002947906,APP006,2026-03-31,failed,267450.43,USD,AMER,CP0345,BOND,TDR0042,BOOK_C,2025-09-15
TXN0006538431,APP005,2025-01-03,settled,235785.61,EUR,EMEA,CP0218,FUTURE,TDR0200,BOOK_D,2025-07-13
TXN0004544457,APP003,2026-01-08,pending,114157.16,CHF,EMEA,CP0276,EQUITY,TDR0006,BOOK_C,2025-06-11
TXN0004849058,APP019,2025-09-27,settled,586921.87,AUD,AMER,CP0170,BOND,TDR0062,BOOK_A,2025-05-09
TXN0009284454,APP014,2025-10-12,reversed,926552.62,JPY,APAC,CP0138,EQUITY,TDR0105,BOOK_A,2025-08-20
TXN0000954778,APP005,2026-01-21,active,532966.14,GBP,APAC,CP0219,SWAP,TDR0146,BOOK_C,2025-08-22
TXN0009922759,APP020,2025-09-22,failed,461595.55,CHF,EMEA,CP0051,OPTION,TDR0121,BOOK_D,2025-04-08
TXN0009353348,APP005,2025-06-12,reversed,909075.87,GBP,EMEA,CP0239,FX,TDR0039,BOOK_C,2026-01-09
TXN0002130973,APP017,2026-01-11,active,876753.9,EUR,LATAM,CP0164,SWAP,TDR0060,BOOK_D,2026-03-23
TXN0006780064,APP009,2025-10-29,active,915985.6,USD,EMEA,CP0026,FX,TDR0080,BOOK_B,2025-10-30
TXN0002677321,APP005,2025-12-23,failed,232890.61,AUD,LATAM,CP0496,FX,TDR0154,BOOK_B,2025-07-06
TXN0009247524,APP018,2025-04-09,active,589442.3,EUR,AMER,CP0363,BOND,TDR0038,BOOK_A,2025-01-09
TXN0008864800,APP016,2025-03-08,failed,999940.65,EUR,AMER,CP0072,EQUITY,TDR0188,BOOK_C,2025-03-17
TXN0008489879,APP009,2026-02-09,settled,339933.67,USD,EMEA,CP0094,FX,TDR0061,BOOK_D,2025-08-05
TXN0001119333,APP010,2025-11-27,active,312601.91,GBP,EMEA,CP0012,EQUITY,TDR0196,BOOK_B,2025-04-26
TXN0001389730,APP016,2025-05-14,reversed,638522.52,JPY,EMEA,CP0053,BOND,TDR0027,BOOK_A,2026-01-28
TXN0006135309,APP006,2025-04-26,failed,805097.14,CHF,LATAM,CP0398,FX,TDR0153,BOOK_D,2026-04-02
TXN0004656517,APP013,2026-01-29,failed,863713.01,JPY,APAC,CP0019,SWAP,TDR0100,BOOK_A,2025-05-02
TXN0001382287,APP017,2025-08-01,failed,691734.88,GBP,APAC,CP0199,EQUITY,TDR0039,BOOK_A,2026-01-05
TXN0002648334,APP003,2025-06-11,active,712716.25,AUD,EMEA,CP0077,EQUITY,TDR0091,BOOK_B,2025-06-30
TXN0000632411,APP010,2025-08-02,active,226485.15,GBP,AMER,CP0287,SWAP,TDR0177,BOOK_A,2025-12-14
TXN0002169379,APP008,2025-05-28,reversed,175486.93,GBP,EMEA,CP0074,SWAP,TDR0177,BOOK_B,2025-09-10
TXN0009880541,APP011,2025-03-23,failed,306596.75,USD,LATAM,CP0420,SWAP,TDR0097,BOOK_A,2025-06-04
TXN0005396063,APP002,2025-05-08,reversed,38570.74,AUD,AMER,CP0376,FX,TDR0156,BOOK_D,2025-04-26
TXN0003712835,APP016,2026-01-09,active,905690.54,USD,LATAM,CP0472,FUTURE,TDR0169,BOOK_B,2026-03-13
TXN0009364768,APP005,2025-04-28,reversed,201158.42,CHF,APAC,CP0115,FUTURE,TDR0193,BOOK_A,2025-01-10
TXN0003213803,APP002,2025-06-01,active,743584.39,GBP,AMER,CP0466,OPTION,TDR0176,BOOK_B,2025-12-12
TXN0001921152,APP018,2025-01-01,failed,750462.83,CHF,APAC,CP0273,FUTURE,TDR0009,BOOK_B,2025-12-23
TXN0002175533,APP011,2025-08-30,failed,950799.97,GBP,LATAM,CP0491,FX,TDR0141,BOOK_A,2026-03-14
TXN0004730637,APP003,2025-05-18,reversed,597117.35,JPY,EMEA,CP0216,EQUITY,TDR0031,BOOK_D,2025-08-20
TXN0001969309,APP005,2026-03-04,reversed,193240.11,GBP,APAC,CP0188,EQUITY,TDR0107,BOOK_B,2025-05-13
TXN0006162322,APP003,2025-03-14,reversed,260472.88,GBP,EMEA,CP0431,SWAP,TDR0008,BOOK_C,2026-03-27
TXN0006910545,APP017,2025-01-22,reversed,46069.97,JPY,LATAM,CP0167,FUTURE,TDR0101,BOOK_C,2025-03-15
TXN0008739211,APP014,2025-12-24,reversed,623801.46,USD,AMER,CP0234,OPTION,TDR0062,BOOK_A,2026-01-15
TXN0001173845,APP016,2026-03-29,reversed,864854.83,AUD,EMEA,CP0391,SWAP,TDR0018,BOOK_C,2025-06-03
TXN0000972617,APP004,2026-02-03,active,57251.76,EUR,APAC,CP0366,BOND,TDR0195,BOOK_C,2025-06-20
TXN0001420812,APP016,2026-02-12,failed,22993.39,CHF,APAC,CP0446,EQUITY,TDR0059,BOOK_B,2025-07-20
TXN0008610279,APP010,2025-08-26,failed,1193.53,AUD,EMEA,CP0405,FUTURE,TDR0061,BOOK_C,2026-04-04
TXN0000227446,APP003,2025-01-05,active,777231.82,USD,LATAM,CP0110,FX,TDR0055,BOOK_B,2025-01-26
TXN0001020041,APP013,2026-01-01,active,906278.13,EUR,AMER,CP0244,OPTION,TDR0139,BOOK_C,2025-09-12
TXN0003649946,APP015,2026-04-09,reversed,28888.95,CHF,EMEA,CP0131,FX,TDR0154,BOOK_A,2026-03-12
TXN0009058055,APP018,2025-03-25,active,610923.95,GBP,AMER,CP0047,FUTURE,TDR0002,BOOK_D,2025-09-10
TXN0002777115,APP019,2025-05-24,reversed,627734.72,CHF,LATAM,CP0262,FUTURE,TDR0023,BOOK_B,2026-01-18
TXN0002904346,APP003,2025-01-23,reversed,713849.95,CHF,EMEA,CP0167,FX,TDR0011,BOOK_B,2026-01-08
TXN0007095178,APP003,2025-12-13,reversed,31958.2,AUD,LATAM,CP0106,BOND,TDR0169,BOOK_B,2025-04-12
TXN0004126023,APP003,2025-06-28,active,818334.44,CHF,EMEA,CP0084,OPTION,TDR0014,BOOK_B,2025-09-07
TXN0008088032,APP020,2025-03-09,pending,731002.47,USD,LATAM,CP0051,FUTURE,TDR0144,BOOK_D,2025-01-18
TXN0000803116,APP011,2025-06-17,active,203359.53,CHF,EMEA,CP0296,BOND,TDR0007,BOOK_B,2025-05-03
TXN0001893605,APP006,2026-03-30,failed,947948.54,JPY,EMEA,CP0003,EQUITY,TDR0149,BOOK_A,2025-11-16
TXN0005247824,APP013,2025-07-20,reversed,249836.53,USD,LATAM,CP0100,SWAP,TDR0080,BOOK_A,2026-04-04
TXN0009070538,APP003,2026-03-26,failed,305223.16,CHF,LATAM,CP0465,FUTURE,TDR0147,BOOK_B,2025-01-21
TXN0003583301,APP011,2025-12-07,pending,209003.74,USD,APAC,CP0335,SWAP,TDR0019,BOOK_B,2025-12-29
TXN0004280196,APP015,2025-05-04,failed,733903.17,USD,AMER,CP0272,SWAP,TDR0123,BOOK_B,2025-05-31
TXN0002675984,APP003,2026-04-13,reversed,42083.99,GBP,EMEA,CP0085,OPTION,TDR0164,BOOK_B,2026-01-09
TXN0007014650,APP020,2025-06-26,failed,637754.6,GBP,AMER,CP0356,BOND,TDR0049,BOOK_B,2025-06-27
TXN0008374825,APP002,2025-06-20,reversed,543563.5,CHF,APAC,CP0355,FX,TDR0023,BOOK_D,2025-03-23
TXN0006528468,APP004,2025-08-06,active,590460.94,EUR,EMEA,CP0188,SWAP,TDR0120,BOOK_C,2025-04-21
TXN0001765633,APP020,2025-07-09,settled,22760.18,EUR,LATAM,CP0489,BOND,TDR0051,BOOK_B,2026-01-30
TXN0005246569,APP006,2025-05-13,pending,781680.04,USD,APAC,CP0317,OPTION,TDR0163,BOOK_D,2025-04-15
TXN0006695761,APP002,2026-03-15,failed,945979.79,CHF,AMER,CP0453,EQUITY,TDR0094,BOOK_D,2025-04-16
TXN0006229112,APP009,2025-02-20,active,968593.99,USD,AMER,CP0051,FUTURE,TDR0038,BOOK_D,2025-04-24
TXN0004750570,APP010,2026-01-25,active,14013.97,USD,AMER,CP0352,FX,TDR0142,BOOK_C,2026-01-13
TXN0000471482,APP004,2025-01-08,failed,365049.58,GBP,APAC,CP0181,FX,TDR0139,BOOK_C,2026-01-08
TXN0004265894,APP019,2025-01-20,failed,12719.11,JPY,AMER,CP0116,FX,TDR0163,BOOK_B,2025-04-17
TXN0000143801,APP009,2026-03-01,pending,282906.77,EUR,LATAM,CP0274,SWAP,TDR0151,BOOK_B,2026-02-07
TXN0009595088,APP011,2025-11-24,pending,75372.04,JPY,EMEA,CP0289,FX,TDR0148,BOOK_B,2025-09-05
TXN0004786928,APP008,2025-07-15,reversed,840477.05,EUR,AMER,CP0398,EQUITY,TDR0199,BOOK_A,2025-04-09
TXN0006023406,APP002,2025-09-20,failed,475568.84,JPY,AMER,CP0318,FUTURE,TDR0187,BOOK_A,2025-09-07
TXN0006193204,APP007,2025-03-17,pending,667939.6,EUR,LATAM,CP0062,BOND,TDR0027,BOOK_B,2026-04-09
TXN0005092232,APP004,2025-12-14,failed,801696.49,EUR,AMER,CP0397,EQUITY,TDR0001,BOOK_B,2025-06-08
TXN0005256947,APP019,2025-01-11,reversed,426987.73,CHF,AMER,CP0378,SWAP,TDR0021,BOOK_C,2025-02-10
TXN0001637354,APP003,2025-07-28,settled,802814.83,JPY,APAC,CP0332,FX,TDR0003,BOOK_B,2025-05-19
TXN0004800154,APP009,2025-12-25,failed,501911.06,AUD,EMEA,CP0163,FX,TDR0191,BOOK_B,2025-06-06
TXN0004571124,APP020,2025-01-03,pending,77197.4,EUR,AMER,CP0278,BOND,TDR0169,BOOK_D,2025-05-14
TXN0008970547,APP010,2025-06-16,active,869584.75,EUR,EMEA,CP0081,FUTURE,TDR0088,BOOK_C,2025-10-30
TXN0004244307,APP015,2025-12-26,settled,567633.25,USD,EMEA,CP0347,FX,TDR0152,BOOK_C,2025-06-17
TXN0004933818,APP016,2025-11-30,reversed,435547.87,USD,LATAM,CP0091,SWAP,TDR0075,BOOK_A,2025-01-19
TXN0007048913,APP003,2025-10-18,settled,990600.49,GBP,LATAM,CP0165,SWAP,TDR0188,BOOK_C,2025-03-16
TXN0008317707,APP016,2026-02-23,settled,704742.88,EUR,AMER,CP0174,OPTION,TDR0041,BOOK_C,2025-01-17
TXN0000089766,APP010,2025-02-24,settled,309940.69,CHF,LATAM,CP0165,FUTURE,TDR0125,BOOK_B,2025-12-09
TXN0009406298,APP006,2025-06-25,pending,213733.82,CHF,AMER,CP0120,EQUITY,TDR0010,BOOK_B,2025-06-12
TXN0005322334,APP006,2025-07-02,pending,653372.0,JPY,APAC,CP0149,EQUITY,TDR0107,BOOK_C,2025-03-01
TXN0003165378,APP007,2026-02-20,active,565045.49,USD,APAC,CP0455,EQUITY,TDR0020,BOOK_D,2026-01-27
TXN0004368566,APP006,2025-01-03,pending,184273.92,EUR,LATAM,CP0416,FX,TDR0028,BOOK_C,2025-03-04
TXN0008854159,APP018,2025-03-13,settled,194284.68,GBP,EMEA,CP0064,BOND,TDR0166,BOOK_A,2025-11-16
TXN0001245138,APP001,2025-09-21,failed,957403.0,EUR,APAC,CP0293,OPTION,TDR0162,BOOK_A,2026-02-09
TXN0009679495,APP019,2025-11-04,settled,429003.76,JPY,LATAM,CP0367,FUTURE,TDR0139,BOOK_D,2025-08-01
TXN0000960023,APP008,2026-01-02,pending,2598.6,USD,LATAM,CP0288,BOND,TDR0173,BOOK_B,2025-02-19
TXN0003227536,APP019,2026-01-29,failed,970661.34,JPY,APAC,CP0072,SWAP,TDR0052,BOOK_A,2025-10-13
TXN0009822638,APP002,2026-03-05,failed,393591.16,JPY,APAC,CP0405,FX,TDR0050,BOOK_B,2026-04-01
TXN0004225907,APP004,2025-10-25,failed,845232.89,CHF,AMER,CP0491,EQUITY,TDR0120,BOOK_A,2025-07-24
TXN0004621182,APP002,2025-05-04,settled,220942.63,AUD,EMEA,CP0143,OPTION,TDR0182,BOOK_A,2025-10-28
TXN0006340345,APP013,2025-03-09,settled,875184.9,JPY,LATAM,CP0185,OPTION,TDR0137,BOOK_B,2025-11-10
TXN0007404011,APP020,2026-02-07,settled,325202.71,USD,LATAM,CP0419,OPTION,TDR0048,BOOK_C,2025-01-24
TXN0000378811,APP004,2025-01-19,pending,717432.35,AUD,AMER,CP0170,FX,TDR0012,BOOK_A,2025-05-28
TXN0002117128,APP005,2026-02-22,settled,606922.77,GBP,APAC,CP0358,FUTURE,TDR0130,BOOK_D,2025-11-25
TXN0003354147,APP003,2025-04-16,failed,750058.77,EUR,APAC,CP0448,FX,TDR0038,BOOK_A,2025-09-08
TXN0005969636,APP020,2025-05-18,settled,784107.76,GBP,APAC,CP0404,BOND,TDR0071,BOOK_B,2025-06-09
TXN0000149861,APP016,2025-04-11,failed,695639.68,CHF,LATAM,CP0360,FX,TDR0192,BOOK_D,2026-01-27
TXN0008490386,APP013,2026-01-15,settled,261052.47,CHF,LATAM,CP0088,BOND,TDR0058,BOOK_A,2025-03-05
TXN0008463865,APP005,2025-04-01,reversed,368598.9,EUR,EMEA,CP0448,OPTION,TDR0168,BOOK_D,2025-06-17
TXN0005354341,APP002,2025-12-07,active,727711.27,EUR,LATAM,CP0178,FUTURE,TDR0125,BOOK_B,2025-07-26
TXN0009565503,APP017,2025-04-13,reversed,469324.31,USD,AMER,CP0176,EQUITY,TDR0162,BOOK_C,2025-04-16
TXN0004039244,APP013,2025-07-07,pending,344513.23,AUD,EMEA,CP0145,SWAP,TDR0089,BOOK_C,2025-04-06
TXN0004903244,APP010,2025-05-31,pending,527013.56,GBP,AMER,CP0437,EQUITY,TDR0157,BOOK_A,2025-04-19
TXN0006834943,APP006,2026-01-15,reversed,758344.6,EUR,AMER,CP0210,OPTION,TDR0093,BOOK_C,2026-01-31
TXN0000763036,APP001,2025-06-12,active,600722.0,AUD,AMER,CP0130,EQUITY,TDR0119,BOOK_D,2025-01-15
TXN0007218605,APP002,2025-07-28,pending,475471.97,CHF,AMER,CP0436,SWAP,TDR0123,BOOK_D,2026-02-07
TXN0001941866,APP006,2025-01-12,pending,353843.78,USD,EMEA,CP0421,BOND,TDR0049,BOOK_B,2025-08-06
TXN0000219451,APP008,2026-01-26,reversed,509900.06,CHF,EMEA,CP0017,FUTURE,TDR0104,BOOK_A,2025-08-25
TXN0007004964,APP015,2025-01-31,pending,168905.42,GBP,APAC,CP0336,SWAP,TDR0110,BOOK_A,2025-03-03
TXN0000345392,APP019,2025-08-12,pending,778240.5,CHF,AMER,CP0134,SWAP,TDR0057,BOOK_A,2025-10-25
TXN0001995375,APP020,2026-01-06,pending,326886.77,CHF,EMEA,CP0268,SWAP,TDR0017,BOOK_A,2026-03-22
TXN0005491008,APP001,2025-09-13,pending,227475.28,EUR,AMER,CP0153,EQUITY,TDR0125,BOOK_D,2025-03-25
TXN0009797078,APP010,2026-03-03,reversed,659351.33,USD,AMER,CP0351,FUTURE,TDR0189,BOOK_B,2025-09-04
TXN0006651866,APP004,2025-11-16,active,496318.15,GBP,EMEA,CP0161,EQUITY,TDR0114,BOOK_B,2025-09-21
TXN0004771369,APP014,2025-12-06,active,503047.02,EUR,APAC,CP0132,BOND,TDR0055,BOOK_B,2025-11-09
TXN0005432203,APP005,2025-11-13,pending,550457.74,JPY,AMER,CP0307,FUTURE,TDR0048,BOOK_D,2025-06-29
TXN0007206193,APP007,2026-01-10,reversed,369309.2,GBP,AMER,CP0258,FUTURE,TDR0059,BOOK_D,2025-02-09
TXN0006295029,APP016,2025-07-20,pending,364299.45,AUD,EMEA,CP0372,FX,TDR0084,BOOK_D,2025-02-23
TXN0008761948,APP006,2025-10-17,pending,102710.68,GBP,AMER,CP0351,SWAP,TDR0015,BOOK_C,2025-03-09
TXN0002775432,APP020,2025-04-26,failed,641048.25,EUR,EMEA,CP0447,SWAP,TDR0063,BOOK_B,2025-11-24
TXN0003981520,APP004,2025-04-25,pending,889861.75,AUD,LATAM,CP0355,FX,TDR0107,BOOK_D,2025-05-22
TXN0007713085,APP009,2025-06-29,settled,58470.08,EUR,EMEA,CP0210,OPTION,TDR0098,BOOK_C,2025-12-17
TXN0003275138,APP014,2025-04-20,reversed,784121.01,USD,AMER,CP0490,EQUITY,TDR0086,BOOK_B,2026-02-14
TXN0006427843,APP001,2025-03-01,active,776863.54,GBP,EMEA,CP0358,FX,TDR0134,BOOK_A,2025-11-19
TXN0002348576,APP016,2025-02-18,reversed,906539.61,JPY,LATAM,CP0086,EQUITY,TDR0179,BOOK_A,2025-04-08
TXN0000609885,APP013,2025-07-07,active,662220.17,EUR,LATAM,CP0418,FX,TDR0198,BOOK_D,2025-12-17
TXN0003573046,APP006,2025-08-21,pending,500170.05,EUR,APAC,CP0334,SWAP,TDR0029,BOOK_B,2025-02-27
TXN0004088178,APP011,2026-04-02,pending,277153.76,AUD,LATAM,CP0388,SWAP,TDR0144,BOOK_B,2025-03-07
TXN0008279008,APP019,2025-12-04,settled,964309.64,EUR,APAC,CP0351,OPTION,TDR0022,BOOK_C,2025-10-25
TXN0000021850,APP004,2025-07-08,active,659933.41,CHF,APAC,CP0461,BOND,TDR0115,BOOK_C,2025-07-17
TXN0006034545,APP011,2025-12-01,settled,411232.03,GBP,APAC,CP0158,OPTION,TDR0095,BOOK_B,2025-10-25
TXN0002226634,APP019,2025-12-24,reversed,142986.05,EUR,AMER,CP0429,BOND,TDR0147,BOOK_A,2025-09-07
TXN0008109571,APP018,2026-02-19,failed,652391.18,CHF,LATAM,CP0073,FX,TDR0060,BOOK_D,2025-10-21
TXN0002243354,APP008,2025-09-09,active,590974.65,AUD,APAC,CP0142,SWAP,TDR0092,BOOK_B,2025-02-03
TXN0009336655,APP008,2025-09-18,pending,900538.16,EUR,APAC,CP0500,BOND,TDR0114,BOOK_B,2025-02-15
TXN0004778642,APP010,2026-01-03,failed,760555.64,JPY,EMEA,CP0149,FX,TDR0052,BOOK_B,2026-02-05
TXN0002133312,APP019,2025-08-17,active,648481.8,JPY,EMEA,CP0031,OPTION,TDR0065,BOOK_B,2025-06-15
TXN0001727399,APP002,2025-10-25,active,856790.53,JPY,AMER,CP0473,SWAP,TDR0059,BOOK_B,2026-03-31
TXN0006581538,APP014,2025-01-29,reversed,916436.64,USD,APAC,CP0100,FX,TDR0115,BOOK_C,2025-03-13
TXN0009767773,APP009,2025-07-05,reversed,707288.12,AUD,AMER,CP0123,EQUITY,TDR0199,BOOK_D,2025-11-06
TXN0000943821,APP015,2025-09-22,active,50844.05,AUD,EMEA,CP0149,BOND,TDR0106,BOOK_D,2026-03-14
TXN0002443384,APP001,2026-01-14,reversed,767762.47,CHF,LATAM,CP0004,BOND,TDR0158,BOOK_D,2026-03-26
TXN0002066061,APP011,2026-03-29,reversed,247187.33,JPY,EMEA,CP0271,EQUITY,TDR0033,BOOK_B,2025-09-24
TXN0008579894,APP006,2025-01-21,pending,850895.6,EUR,APAC,CP0461,FX,TDR0187,BOOK_A,2025-09-19
TXN0009375667,APP019,2025-08-29,reversed,791338.15,JPY,EMEA,CP0161,FUTURE,TDR0101,BOOK_A,2025-08-17
TXN0004240643,APP013,2026-03-24,reversed,195766.23,CHF,APAC,CP0031,SWAP,TDR0002,BOOK_D,2025-12-16
TXN0007650868,APP012,2025-08-03,failed,8675.12,GBP,AMER,CP0386,FX,TDR0162,BOOK_C,2026-01-05
TXN0000347297,APP014,2025-09-01,settled,523828.0,JPY,EMEA,CP0450,FX,TDR0089,BOOK_B,2025-03-14
TXN0004489657,APP020,2025-08-05,settled,700579.62,CHF,LATAM,CP0348,FX,TDR0007,BOOK_A,2025-07-26
TXN0008846867,APP004,2026-04-08,settled,623025.05,GBP,AMER,CP0190,FX,TDR0075,BOOK_C,2026-01-03
TXN0007173924,APP006,2025-12-11,active,253025.08,EUR,EMEA,CP0231,FUTURE,TDR0149,BOOK_D,2025-10-20
TXN0004033245,APP009,2026-02-12,active,88850.55,EUR,APAC,CP0097,BOND,TDR0056,BOOK_D,2026-01-14
TXN0007830328,APP017,2025-11-18,pending,592928.0,EUR,APAC,CP0392,EQUITY,TDR0037,BOOK_B,2025-04-02
TXN0002445689,APP002,2025-09-07,failed,818354.62,EUR,EMEA,CP0212,FX,TDR0027,BOOK_A,2025-02-09
TXN0003160374,APP003,2026-03-16,active,224306.32,GBP,EMEA,CP0438,FX,TDR0024,BOOK_A,2025-09-15
TXN0002842991,APP005,2025-04-30,failed,999163.35,CHF,LATAM,CP0383,BOND,TDR0162,BOOK_D,2025-06-24
TXN0004415657,APP002,2025-03-20,reversed,181827.1,AUD,LATAM,CP0482,BOND,TDR0076,BOOK_D,2025-07-29
TXN0000318201,APP013,2025-08-05,failed,639097.96,GBP,LATAM,CP0397,SWAP,TDR0077,BOOK_C,2025-11-29
TXN0004198754,APP009,2025-05-25,failed,182636.67,AUD,LATAM,CP0143,FX,TDR0152,BOOK_D,2025-05-01
TXN0006444867,APP013,2025-02-26,reversed,542260.81,EUR,LATAM,CP0498,FX,TDR0075,BOOK_C,2026-03-02
TXN0009805895,APP003,2026-01-20,failed,835110.53,USD,LATAM,CP0251,FX,TDR0073,BOOK_C,2026-01-22
TXN0007477072,APP002,2025-09-08,failed,735411.4,CHF,EMEA,CP0060,FX,TDR0079,BOOK_B,2025-01-21
TXN0006238421,APP016,2026-02-24,active,618977.03,CHF,EMEA,CP0463,OPTION,TDR0019,BOOK_C,2025-01-04
TXN0007731529,APP018,2025-01-04,active,2319.23,CHF,AMER,CP0364,OPTION,TDR0104,BOOK_D,2025-12-24
TXN0000314628,APP001,2026-01-02,active,206695.15,JPY,APAC,CP0150,FUTURE,TDR0134,BOOK_B,2025-09-03
TXN0008008823,APP002,2025-06-18,pending,18757.23,EUR,LATAM,CP0450,SWAP,TDR0158,BOOK_C,2025-07-30
TXN0004712326,APP014,2025-09-08,pending,89902.25,EUR,EMEA,CP0493,FX,TDR0054,BOOK_D,2026-02-14
TXN0000974518,APP006,2025-09-16,pending,807043.75,GBP,AMER,CP0289,BOND,TDR0149,BOOK_C,2025-02-14
TXN0002257704,APP015,2025-11-13,pending,429189.98,AUD,AMER,CP0244,BOND,TDR0117,BOOK_C,2026-02-19
TXN0007801334,APP012,2026-02-16,pending,301654.31,GBP,AMER,CP0044,OPTION,TDR0136,BOOK_B,2026-03-11
TXN0008421057,APP010,2025-01-24,pending,287053.27,JPY,EMEA,CP0171,FUTURE,TDR0135,BOOK_D,2025-06-23
TXN0001463571,APP006,2025-10-15,active,271703.6,JPY,EMEA,CP0103,FUTURE,TDR0014,BOOK_D,2026-02-25
TXN0009801555,APP002,2025-04-10,active,216038.78,EUR,AMER,CP0398,FUTURE,TDR0195,BOOK_A,2025-08-09
TXN0005887884,APP011,2025-10-23,reversed,484426.22,CHF,AMER,CP0118,SWAP,TDR0125,BOOK_D,2025-02-21
TXN0000525493,APP010,2025-09-02,pending,680010.47,EUR,LATAM,CP0326,OPTION,TDR0063,BOOK_A,2026-01-20
TXN0009969979,APP013,2025-08-25,settled,16020.53,EUR,EMEA,CP0065,SWAP,TDR0146,BOOK_B,2025-01-30
TXN0007675326,APP010,2025-10-17,active,936052.98,AUD,AMER,CP0195,FX,TDR0101,BOOK_D,2025-06-04
TXN0003139490,APP014,2025-10-25,active,427630.97,USD,AMER,CP0347,FX,TDR0033,BOOK_C,2025-12-03
TXN0009197718,APP011,2026-02-22,pending,683769.86,AUD,APAC,CP0230,FX,TDR0156,BOOK_D,2025-02-18
TXN0002795180,APP017,2025-06-23,reversed,374754.58,USD,AMER,CP0387,FX,TDR0177,BOOK_D,2025-04-16
TXN0006517544,APP017,2025-02-25,pending,646302.4,EUR,APAC,CP0052,SWAP,TDR0183,BOOK_C,2025-07-17
TXN0006723497,APP005,2025-09-05,failed,401146.81,USD,LATAM,CP0222,SWAP,TDR0071,BOOK_B,2025-03-07
TXN0000095277,APP006,2026-02-23,active,992792.33,AUD,AMER,CP0074,FX,TDR0191,BOOK_B,2025-02-24
TXN0005477279,APP006,2025-07-20,reversed,274611.59,GBP,APAC,CP0187,FX,TDR0029,BOOK_B,2025-03-31
TXN0001138355,APP006,2026-02-27,failed,642632.16,CHF,EMEA,CP0293,BOND,TDR0078,BOOK_C,2025-02-25
TXN0008175015,APP009,2025-02-17,reversed,799642.04,JPY,LATAM,CP0390,OPTION,TDR0196,BOOK_B,2025-12-14
TXN0002369538,APP016,2025-08-30,reversed,520569.14,USD,AMER,CP0209,OPTION,TDR0181,BOOK_B,2025-01-16
TXN0003826806,APP007,2025-09-02,reversed,636840.7,AUD,EMEA,CP0052,OPTION,TDR0104,BOOK_C,2026-02-25
TXN0006938325,APP017,2025-04-20,settled,921413.42,USD,APAC,CP0302,FX,TDR0197,BOOK_D,2025-02-15
TXN0002490155,APP012,2026-04-02,settled,237129.41,GBP,LATAM,CP0293,BOND,TDR0054,BOOK_C,2025-04-04
TXN0009197489,APP002,2026-01-02,reversed,208468.6,EUR,EMEA,CP0251,OPTION,TDR0102,BOOK_C,2025-01-27
TXN0000865470,APP012,2026-02-16,failed,259827.08,EUR,EMEA,CP0439,EQUITY,TDR0071,BOOK_B,2026-01-11
TXN0003854767,APP003,2025-06-20,reversed,660853.63,EUR,LATAM,CP0124,EQUITY,TDR0017,BOOK_B,2026-02-28
TXN0002224950,APP012,2026-03-17,pending,816503.93,AUD,AMER,CP0411,SWAP,TDR0084,BOOK_A,2025-09-12
TXN0000723984,APP020,2025-10-18,reversed,904611.39,USD,AMER,CP0462,SWAP,TDR0121,BOOK_C,2026-03-14
TXN0007820891,APP009,2025-05-23,reversed,866167.37,JPY,APAC,CP0183,OPTION,TDR0096,BOOK_B,2025-05-27
TXN0004194606,APP018,2026-01-24,settled,873071.58,USD,APAC,CP0283,SWAP,TDR0070,BOOK_C,2025-04-23
TXN0004129625,APP018,2025-10-12,failed,672230.19,AUD,AMER,CP0347,FUTURE,TDR0115,BOOK_A,2025-03-13
TXN0000859542,APP008,2025-12-20,reversed,913982.34,USD,APAC,CP0416,FX,TDR0159,BOOK_D,2025-09-13
TXN0001675380,APP017,2025-05-02,failed,814515.6,GBP,EMEA,CP0291,BOND,TDR0036,BOOK_B,2025-05-29
TXN0009964587,APP019,2025-03-16,active,389235.78,USD,EMEA,CP0153,EQUITY,TDR0182,BOOK_B,2025-08-06
TXN0000938407,APP005,2026-02-17,failed,847450.19,AUD,EMEA,CP0062,FX,TDR0078,BOOK_D,2025-08-03
TXN0005384391,APP007,2026-03-30,reversed,583757.23,AUD,LATAM,CP0222,FUTURE,TDR0111,BOOK_B,2025-10-01
TXN0006997317,APP002,2025-03-07,active,588222.91,CHF,EMEA,CP0474,EQUITY,TDR0016,BOOK_C,2025-04-13
TXN0008332641,APP014,2025-08-07,reversed,405897.1,JPY,AMER,CP0330,OPTION,TDR0068,BOOK_D,2025-02-19
TXN0008054722,APP020,2026-02-18,settled,373418.16,JPY,LATAM,CP0433,OPTION,TDR0146,BOOK_A,2025-04-14
TXN0002914332,APP008,2025-12-16,settled,804978.73,EUR,APAC,CP0259,FUTURE,TDR0157,BOOK_C,2025-08-14
TXN0003192344,APP007,2025-04-01,reversed,601754.72,GBP,EMEA,CP0168,FUTURE,TDR0109,BOOK_D,2026-04-09
TXN0008627617,APP018,2025-12-26,failed,269240.13,GBP,EMEA,CP0054,FX,TDR0164,BOOK_B,2025-01-13
TXN0000935671,APP011,2026-04-02,reversed,15746.61,USD,APAC,CP0296,SWAP,TDR0177,BOOK_C,2026-04-07
TXN0002736000,APP020,2026-04-09,settled,699727.07,GBP,AMER,CP0495,FX,TDR0053,BOOK_B,2025-12-25
TXN0007004254,APP001,2025-11-28,settled,90603.17,EUR,EMEA,CP0154,OPTION,TDR0185,BOOK_C,2025-07-29
TXN0006774350,APP015,2025-03-16,failed,319095.09,USD,LATAM,CP0127,SWAP,TDR0042,BOOK_C,2025-03-20
TXN0003442421,APP015,2025-09-27,settled,547900.6,AUD,APAC,CP0440,OPTION,TDR0009,BOOK_B,2025-03-20
TXN0009058427,APP011,2025-06-24,settled,511189.82,CHF,AMER,CP0323,FUTURE,TDR0041,BOOK_D,2025-01-16
TXN0001481363,APP010,2026-03-16,reversed,613265.08,GBP,EMEA,CP0083,BOND,TDR0137,BOOK_D,2025-09-27
TXN0002140194,APP005,2025-09-28,active,833316.58,GBP,APAC,CP0060,OPTION,TDR0029,BOOK_B,2025-08-02
TXN0004845910,APP001,2025-08-10,failed,962276.71,CHF,LATAM,CP0374,FX,TDR0172,BOOK_A,2025-11-16
TXN0001180597,APP002,2026-01-27,reversed,470423.39,AUD,LATAM,CP0434,BOND,TDR0049,BOOK_B,2026-03-19
TXN0008012575,APP012,2025-01-10,active,485045.43,GBP,APAC,CP0211,SWAP,TDR0064,BOOK_C,2025-03-07
TXN0003729870,APP018,2025-05-25,reversed,937548.73,JPY,APAC,CP0067,SWAP,TDR0015,BOOK_C,2025-02-03
TXN0004429709,APP004,2026-01-27,failed,695387.97,AUD,APAC,CP0222,OPTION,TDR0172,BOOK_B,2025-04-29
TXN0004209995,APP017,2025-10-01,settled,131477.51,USD,APAC,CP0060,FX,TDR0069,BOOK_B,2025-03-02
TXN0008130589,APP009,2026-03-02,reversed,10102.8,JPY,APAC,CP0365,OPTION,TDR0014,BOOK_D,2025-08-30
TXN0009958708,APP012,2025-08-19,reversed,501904.89,GBP,EMEA,CP0074,FX,TDR0067,BOOK_B,2026-01-17
TXN0004588770,APP012,2026-02-23,settled,868054.43,GBP,EMEA,CP0111,FUTURE,TDR0157,BOOK_D,2025-04-28
TXN0002919132,APP012,2025-06-29,pending,855589.1,JPY,AMER,CP0334,OPTION,TDR0036,BOOK_D,2026-04-03
TXN0007216497,APP015,2025-05-03,failed,278469.67,AUD,AMER,CP0245,EQUITY,TDR0082,BOOK_D,2025-11-20
TXN0009410466,APP002,2025-05-11,reversed,731752.02,AUD,APAC,CP0209,EQUITY,TDR0183,BOOK_A,2025-10-03
TXN0004270738,APP020,2025-05-06,failed,166815.05,USD,EMEA,CP0474,FX,TDR0075,BOOK_B,2025-04-07
TXN0009718598,APP015,2025-04-03,reversed,193723.3,CHF,APAC,CP0255,FUTURE,TDR0128,BOOK_C,2026-01-08
TXN0000803633,APP002,2025-05-12,reversed,382802.35,USD,EMEA,CP0058,FX,TDR0001,BOOK_C,2025-05-20
TXN0005001359,APP005,2025-03-08,settled,915065.29,USD,AMER,CP0477,EQUITY,TDR0146,BOOK_B,2025-05-16
TXN0001898490,APP001,2025-10-23,active,665079.39,CHF,EMEA,CP0219,FX,TDR0042,BOOK_C,2025-12-16
TXN0005476962,APP004,2025-06-25,reversed,34999.31,GBP,LATAM,CP0348,SWAP,TDR0192,BOOK_D,2026-03-09
TXN0001227076,APP006,2025-11-10,reversed,289742.52,AUD,EMEA,CP0344,OPTION,TDR0170,BOOK_B,2026-01-05
TXN0004506038,APP019,2026-01-01,pending,527342.5,GBP,EMEA,CP0094,FX,TDR0180,BOOK_A,2025-01-04
TXN0002102534,APP014,2025-01-07,settled,309117.89,CHF,APAC,CP0358,EQUITY,TDR0062,BOOK_A,2025-02-27
TXN0009280957,APP016,2025-03-15,failed,38947.58,AUD,LATAM,CP0285,FX,TDR0196,BOOK_A,2025-10-23
TXN0004863593,APP005,2025-09-09,pending,289478.15,AUD,LATAM,CP0416,FUTURE,TDR0154,BOOK_A,2026-02-05
TXN0008472553,APP005,2025-08-26,failed,691686.62,EUR,EMEA,CP0324,SWAP,TDR0141,BOOK_C,2025-11-16
TXN0009544838,APP015,2025-12-27,reversed,558093.31,GBP,APAC,CP0488,BOND,TDR0191,BOOK_B,2025-11-17
TXN0006472416,APP004,2025-05-26,active,200252.09,AUD,EMEA,CP0358,FX,TDR0072,BOOK_D,2026-04-05
TXN0000962352,APP002,2025-09-11,settled,111374.45,AUD,LATAM,CP0161,EQUITY,TDR0165,BOOK_B,2025-09-16
TXN0006954975,APP006,2026-02-05,failed,954938.98,CHF,AMER,CP0482,FX,TDR0110,BOOK_D,2025-10-13
TXN0003679602,APP001,2025-04-07,pending,352514.43,GBP,EMEA,CP0035,BOND,TDR0043,BOOK_B,2025-12-28
TXN0001771494,APP019,2025-12-09,reversed,754804.53,EUR,EMEA,CP0439,SWAP,TDR0165,BOOK_A,2025-07-13
TXN0002339012,APP011,2025-10-06,active,952329.81,GBP,APAC,CP0301,SWAP,TDR0165,BOOK_D,2025-06-21
TXN0007963932,APP002,2025-01-11,reversed,374651.79,USD,EMEA,CP0124,FUTURE,TDR0050,BOOK_A,2025-06-10
TXN0002702749,APP003,2025-01-25,active,787441.37,JPY,LATAM,CP0456,EQUITY,TDR0199,BOOK_A,2026-02-22
TXN0003780118,APP018,2026-02-26,failed,940978.32,GBP,APAC,CP0369,EQUITY,TDR0060,BOOK_C,2025-08-05
TXN0008360905,APP002,2026-01-07,active,940642.34,USD,APAC,CP0040,BOND,TDR0066,BOOK_B,2025-05-09
TXN0005905198,APP006,2025-07-25,reversed,315855.95,JPY,EMEA,CP0229,FUTURE,TDR0024,BOOK_D,2025-08-19
TXN0001113035,APP007,2025-03-09,pending,745281.66,GBP,LATAM,CP0298,EQUITY,TDR0170,BOOK_C,2026-02-03
TXN0006885874,APP019,2025-08-10,settled,222182.01,EUR,EMEA,CP0265,FX,TDR0089,BOOK_D,2025-02-14
TXN0008370746,APP013,2025-05-17,failed,674133.1,AUD,AMER,CP0304,BOND,TDR0040,BOOK_D,2026-01-01
TXN0007798130,APP016,2025-03-14,active,740577.44,JPY,AMER,CP0242,OPTION,TDR0194,BOOK_D,2025-10-01
TXN0008870096,APP020,2026-02-06,settled,615596.97,AUD,LATAM,CP0039,EQUITY,TDR0053,BOOK_A,2025-01-02
TXN0009049516,APP007,2025-11-16,active,376480.51,JPY,AMER,CP0251,OPTION,TDR0154,BOOK_C,2025-06-06
TXN0009107248,APP019,2026-04-13,settled,276777.46,CHF,EMEA,CP0256,FX,TDR0171,BOOK_D,2025-09-23
TXN0007428618,APP003,2025-05-08,failed,125211.82,USD,LATAM,CP0002,FUTURE,TDR0041,BOOK_B,2026-01-01
TXN0005202728,APP019,2026-01-27,settled,981544.7,AUD,APAC,CP0412,SWAP,TDR0038,BOOK_B,2025-04-15
TXN0002063030,APP006,2025-12-23,pending,580490.14,CHF,LATAM,CP0163,BOND,TDR0182,BOOK_A,2025-06-17
TXN0007739861,APP002,2025-09-16,pending,540865.32,JPY,APAC,CP0068,FUTURE,TDR0008,BOOK_D,2025-04-08
TXN0008877527,APP004,2025-08-25,pending,490849.89,AUD,EMEA,CP0117,SWAP,TDR0064,BOOK_D,2026-03-04
TXN0001087039,APP009,2025-05-05,settled,828262.56,EUR,EMEA,CP0486,FUTURE,TDR0095,BOOK_A,2025-02-16
TXN0007343059,APP007,2025-04-16,active,730753.86,AUD,LATAM,CP0084,FUTURE,TDR0029,BOOK_B,2025-09-03
TXN0001636431,APP013,2025-05-04,reversed,105416.54,EUR,LATAM,CP0477,OPTION,TDR0143,BOOK_B,2025-11-18
TXN0009746974,APP009,2025-01-30,pending,405963.03,EUR,APAC,CP0310,BOND,TDR0111,BOOK_B,2025-02-22
TXN0008006658,APP007,2025-02-26,active,750448.55,CHF,AMER,CP0370,SWAP,TDR0065,BOOK_D,2026-01-05
TXN0004217354,APP020,2025-12-13,failed,448623.49,JPY,EMEA,CP0047,BOND,TDR0006,BOOK_C,2025-05-01
TXN0006136643,APP017,2025-05-23,failed,860241.36,CHF,EMEA,CP0365,SWAP,TDR0157,BOOK_B,2025-03-09
TXN0000994267,APP003,2025-08-22,pending,276983.76,AUD,AMER,CP0215,EQUITY,TDR0171,BOOK_B,2025-10-24
TXN0000213167,APP001,2025-12-06,active,626229.87,AUD,AMER,CP0309,FX,TDR0187,BOOK_B,2025-04-16
TXN0000243238,APP017,2025-08-13,pending,163303.3,USD,AMER,CP0071,FX,TDR0052,BOOK_C,2025-09-29
TXN0002177388,APP014,2025-05-14,settled,560240.24,EUR,APAC,CP0327,FUTURE,TDR0190,BOOK_C,2025-01-21
TXN0004333020,APP012,2025-11-03,reversed,816439.78,GBP,APAC,CP0082,FUTURE,TDR0006,BOOK_D,2025-06-10
TXN0004714728,APP008,2026-01-23,failed,174668.3,EUR,LATAM,CP0328,OPTION,TDR0122,BOOK_A,2025-02-10
TXN0008218769,APP005,2025-05-18,pending,24132.37,USD,LATAM,CP0200,FX,TDR0103,BOOK_A,2025-01-07
TXN0001400158,APP020,2025-12-19,settled,173921.65,USD,LATAM,CP0352,OPTION,TDR0181,BOOK_B,2025-10-16
TXN0006473438,APP001,2025-08-19,reversed,659775.16,GBP,LATAM,CP0379,OPTION,TDR0033,BOOK_C,2026-01-07
TXN0009035808,APP006,2025-12-18,failed,659845.21,JPY,EMEA,CP0369,EQUITY,TDR0170,BOOK_A,2025-08-25
TXN0004342319,APP002,2025-11-01,reversed,380646.51,AUD,AMER,CP0040,OPTION,TDR0016,BOOK_B,2025-03-16
TXN0005867754,APP014,2025-05-29,active,261339.49,EUR,LATAM,CP0340,OPTION,TDR0031,BOOK_A,2025-02-09
TXN0004709601,APP020,2026-03-09,reversed,642796.4,EUR,APAC,CP0037,FUTURE,TDR0035,BOOK_A,2025-04-28
TXN0006234495,APP010,2025-10-14,settled,792284.25,AUD,APAC,CP0265,FX,TDR0074,BOOK_C,2025-02-11
TXN0000932773,APP019,2025-04-16,active,866895.17,AUD,AMER,CP0107,SWAP,TDR0120,BOOK_B,2025-04-24
TXN0004605765,APP020,2025-03-04,settled,942353.83,AUD,APAC,CP0411,BOND,TDR0028,BOOK_D,2026-01-28
TXN0007022739,APP016,2025-12-25,active,395827.14,AUD,AMER,CP0213,SWAP,TDR0076,BOOK_D,2025-04-20
TXN0002586093,APP003,2025-09-24,failed,478756.29,EUR,AMER,CP0357,OPTION,TDR0157,BOOK_D,2025-08-28
TXN0003002300,APP010,2025-06-12,failed,762107.45,GBP,AMER,CP0217,FX,TDR0075,BOOK_A,2025-08-14
TXN0001464239,APP008,2025-07-25,reversed,282267.04,GBP,APAC,CP0010,FX,TDR0125,BOOK_A,2025-08-20
TXN0009336224,APP004,2025-01-03,settled,25573.98,AUD,APAC,CP0040,SWAP,TDR0081,BOOK_B,2025-10-31
TXN0001635540,APP007,2026-03-28,active,199622.69,JPY,APAC,CP0154,OPTION,TDR0034,BOOK_C,2025-08-05
TXN0000964914,APP005,2025-07-12,active,912346.02,EUR,LATAM,CP0209,FX,TDR0160,BOOK_C,2025-01-03
TXN0005285584,APP011,2025-06-28,active,464386.93,USD,APAC,CP0485,BOND,TDR0074,BOOK_B,2025-02-14
TXN0006652413,APP016,2025-08-03,active,839948.16,USD,LATAM,CP0001,EQUITY,TDR0154,BOOK_B,2026-03-16
TXN0009341145,APP017,2025-02-22,settled,202371.09,AUD,AMER,CP0219,BOND,TDR0156,BOOK_D,2025-12-31
TXN0004554794,APP007,2025-12-23,pending,806871.33,CHF,LATAM,CP0090,SWAP,TDR0037,BOOK_D,2025-10-20
TXN0000078979,APP020,2025-01-13,pending,60276.09,AUD,LATAM,CP0127,EQUITY,TDR0127,BOOK_B,2025-08-20
TXN0004912411,APP010,2025-12-29,active,755855.32,GBP,AMER,CP0374,FX,TDR0182,BOOK_C,2026-03-18
TXN0004777972,APP014,2026-03-15,active,657095.8,CHF,APAC,CP0318,OPTION,TDR0045,BOOK_C,2025-08-02
TXN0007596733,APP007,2025-12-07,settled,346406.24,JPY,EMEA,CP0067,FUTURE,TDR0066,BOOK_D,2025-09-04
TXN0007415101,APP012,2025-11-26,settled,818015.79,GBP,APAC,CP0246,SWAP,TDR0045,BOOK_C,2026-02-25
TXN0009656703,APP011,2025-06-26,settled,402688.16,USD,AMER,CP0468,OPTION,TDR0014,BOOK_D,2025-11-30
TXN0003858743,APP014,2025-03-25,failed,936767.36,JPY,EMEA,CP0089,EQUITY,TDR0143,BOOK_D,2025-01-19
TXN0009718863,APP008,2025-06-24,active,675416.35,GBP,EMEA,CP0389,EQUITY,TDR0172,BOOK_C,2025-08-04
TXN0008873347,APP001,2025-11-30,pending,20224.36,JPY,AMER,CP0320,SWAP,TDR0138,BOOK_C,2026-03-14
TXN0007683065,APP010,2025-06-17,failed,995834.14,AUD,LATAM,CP0047,OPTION,TDR0159,BOOK_A,2026-01-03
TXN0001573121,APP005,2025-03-02,reversed,972656.48,AUD,LATAM,CP0217,FUTURE,TDR0023,BOOK_C,2025-04-24
TXN0007253095,APP011,2025-11-23,settled,530764.07,CHF,AMER,CP0094,OPTION,TDR0154,BOOK_C,2026-02-04
TXN0007324793,APP018,2025-04-20,settled,747235.99,JPY,LATAM,CP0060,BOND,TDR0031,BOOK_C,2026-02-12
TXN0004639226,APP001,2025-04-22,reversed,645234.96,USD,AMER,CP0441,OPTION,TDR0047,BOOK_C,2026-03-26
TXN0009173228,APP012,2026-03-01,failed,846160.57,GBP,LATAM,CP0223,EQUITY,TDR0118,BOOK_C,2025-07-29
TXN0006915045,APP013,2025-04-30,settled,828901.28,EUR,AMER,CP0203,SWAP,TDR0060,BOOK_A,2026-04-02
TXN0000381839,APP019,2026-01-09,active,237290.85,USD,LATAM,CP0050,FX,TDR0020,BOOK_B,2025-03-04
TXN0003676601,APP018,2026-03-05,settled,22319.24,USD,EMEA,CP0314,FUTURE,TDR0011,BOOK_C,2025-05-15
TXN0001221902,APP020,2025-11-20,settled,934220.71,AUD,EMEA,CP0224,SWAP,TDR0004,BOOK_B,2025-03-09
TXN0004164892,APP009,2025-05-07,active,391831.52,EUR,EMEA,CP0028,FUTURE,TDR0056,BOOK_D,2025-05-29
TXN0001165261,APP020,2025-08-09,settled,653239.23,USD,LATAM,CP0306,FX,TDR0028,BOOK_A,2025-04-28
TXN0001934555,APP012,2026-03-03,reversed,448668.13,CHF,AMER,CP0203,FX,TDR0196,BOOK_D,2025-07-25
TXN0002439606,APP017,2026-04-07,reversed,735450.42,EUR,APAC,CP0141,EQUITY,TDR0038,BOOK_B,2025-03-11
TXN0005978729,APP018,2025-06-14,active,434747.92,CHF,EMEA,CP0076,EQUITY,TDR0103,BOOK_D,2025-12-18
TXN0009315598,APP001,2025-04-14,failed,164397.62,CHF,APAC,CP0082,OPTION,TDR0164,BOOK_C,2026-01-26
TXN0006732989,APP019,2025-09-07,failed,289600.16,USD,APAC,CP0185,FX,TDR0126,BOOK_D,2025-06-03
TXN0001514960,APP020,2025-10-12,pending,986008.81,EUR,AMER,CP0281,EQUITY,TDR0112,BOOK_A,2025-03-12
TXN0004301069,APP011,2025-03-22,pending,724939.42,AUD,AMER,CP0026,OPTION,TDR0161,BOOK_C,2026-01-26
TXN0009001827,APP011,2026-02-24,active,159173.26,AUD,APAC,CP0059,FX,TDR0112,BOOK_B,2025-02-13
TXN0001314066,APP013,2026-01-28,active,26448.56,CHF,APAC,CP0219,BOND,TDR0067,BOOK_A,2025-11-09
TXN0006667787,APP015,2025-10-11,settled,634714.82,USD,LATAM,CP0260,EQUITY,TDR0059,BOOK_B,2026-01-12
TXN0009313789,APP013,2025-07-21,failed,271340.06,CHF,AMER,CP0374,BOND,TDR0190,BOOK_C,2025-12-22
TXN0002494107,APP015,2025-07-30,reversed,664224.77,EUR,LATAM,CP0206,FUTURE,TDR0160,BOOK_A,2025-08-18
TXN0003837222,APP018,2025-07-25,pending,929749.25,GBP,EMEA,CP0113,BOND,TDR0015,BOOK_C,2025-04-23
TXN0009996882,APP007,2025-09-28,failed,779442.61,GBP,EMEA,CP0017,BOND,TDR0092,BOOK_A,2026-03-15
TXN0004104866,APP020,2025-08-23,pending,968513.59,AUD,AMER,CP0202,FX,TDR0092,BOOK_B,2025-03-10
TXN0007156921,APP012,2025-11-19,pending,459596.24,EUR,APAC,CP0334,FX,TDR0058,BOOK_C,2025-08-11
TXN0009797340,APP009,2025-07-14,active,175985.67,GBP,APAC,CP0199,BOND,TDR0070,BOOK_B,2025-07-26
TXN0000820524,APP012,2025-02-03,failed,389939.95,JPY,LATAM,CP0431,BOND,TDR0085,BOOK_D,2025-02-05
TXN0003645848,APP018,2025-06-14,settled,391432.44,GBP,AMER,CP0213,OPTION,TDR0190,BOOK_D,2025-10-04
TXN0008272745,APP018,2025-05-02,failed,87960.93,JPY,EMEA,CP0312,SWAP,TDR0082,BOOK_C,2026-01-08
TXN0003210849,APP008,2025-12-10,reversed,195850.21,EUR,APAC,CP0405,SWAP,TDR0196,BOOK_C,2025-01-28
TXN0004660222,APP009,2025-01-21,settled,377230.65,AUD,AMER,CP0430,FX,TDR0029,BOOK_A,2025-04-08
TXN0005790838,APP013,2025-03-06,pending,394403.9,JPY,AMER,CP0479,BOND,TDR0130,BOOK_C,2025-02-06
TXN0007561148,APP002,2025-07-05,reversed,988448.51,JPY,LATAM,CP0215,FUTURE,TDR0035,BOOK_B,2025-11-20
TXN0001439023,APP004,2025-03-03,active,41495.82,AUD,AMER,CP0251,EQUITY,TDR0118,BOOK_D,2025-05-31
TXN0000901793,APP018,2025-12-27,active,977942.74,AUD,LATAM,CP0210,EQUITY,TDR0004,BOOK_D,2025-01-19
TXN0002126512,APP018,2025-03-31,active,68277.22,USD,AMER,CP0482,OPTION,TDR0058,BOOK_A,2025-03-31
TXN0003624892,APP010,2025-01-12,settled,55368.17,EUR,APAC,CP0037,BOND,TDR0060,BOOK_C,2025-09-08
TXN0009134699,APP020,2025-11-26,failed,524963.06,AUD,APAC,CP0045,OPTION,TDR0123,BOOK_B,2026-04-10
TXN0007994139,APP004,2025-01-24,settled,320721.9,USD,EMEA,CP0167,EQUITY,TDR0057,BOOK_B,2025-09-24
TXN0001678824,APP018,2025-07-03,reversed,235848.99,EUR,EMEA,CP0428,OPTION,TDR0049,BOOK_C,2025-02-17
TXN0004437889,APP020,2025-06-27,failed,404156.03,CHF,AMER,CP0432,BOND,TDR0169,BOOK_A,2025-01-07
TXN0003630569,APP003,2026-01-18,pending,86615.31,AUD,AMER,CP0453,BOND,TDR0081,BOOK_B,2025-10-29
TXN0005903184,APP001,2025-04-03,reversed,621734.46,USD,AMER,CP0400,BOND,TDR0005,BOOK_C,2025-01-10
TXN0008968663,APP019,2025-06-17,failed,303926.92,JPY,LATAM,CP0333,FX,TDR0149,BOOK_A,2025-02-15
TXN0009450912,APP019,2025-08-07,pending,518410.83,EUR,LATAM,CP0336,BOND,TDR0136,BOOK_B,2025-03-31
TXN0008817763,APP019,2025-04-24,reversed,849503.97,EUR,APAC,CP0024,EQUITY,TDR0153,BOOK_B,2026-03-09
TXN0003096837,APP004,2025-04-30,active,555235.33,GBP,APAC,CP0094,FUTURE,TDR0119,BOOK_C,2025-01-12
TXN0008454429,APP012,2025-01-21,active,311471.58,EUR,APAC,CP0069,FUTURE,TDR0015,BOOK_C,2025-12-16
TXN0004353354,APP006,2025-09-28,settled,873697.72,AUD,EMEA,CP0081,BOND,TDR0119,BOOK_D,2025-05-22
TXN0008383006,APP016,2025-07-15,settled,131993.6,CHF,AMER,CP0460,BOND,TDR0172,BOOK_C,2025-10-24
TXN0000536142,APP006,2025-05-28,active,313189.46,JPY,EMEA,CP0311,BOND,TDR0158,BOOK_C,2025-10-17
TXN0003207451,APP017,2025-04-19,settled,234460.9,JPY,AMER,CP0261,SWAP,TDR0132,BOOK_A,2026-01-20
TXN0003388681,APP019,2025-12-23,failed,682932.67,GBP,LATAM,CP0470,SWAP,TDR0043,BOOK_A,2025-03-17
TXN0004153459,APP013,2026-03-27,pending,246958.18,JPY,EMEA,CP0389,FX,TDR0181,BOOK_B,2025-09-27
TXN0003794673,APP002,2025-04-23,reversed,971771.6,AUD,EMEA,CP0088,SWAP,TDR0198,BOOK_C,2026-01-24
TXN0005484944,APP011,2026-03-30,failed,97496.0,CHF,AMER,CP0065,BOND,TDR0020,BOOK_B,2025-06-05
TXN0001576401,APP007,2025-06-05,settled,278460.77,GBP,AMER,CP0006,EQUITY,TDR0072,BOOK_D,2026-02-27
TXN0000424395,APP019,2025-10-25,active,627077.44,USD,LATAM,CP0335,FX,TDR0177,BOOK_D,2026-01-20
TXN0003258459,APP013,2025-07-24,failed,477348.79,GBP,LATAM,CP0418,FUTURE,TDR0142,BOOK_A,2025-11-12
TXN0002902163,APP011,2025-07-04,reversed,424365.06,USD,LATAM,CP0028,SWAP,TDR0184,BOOK_C,2025-09-12
TXN0000906474,APP007,2026-04-02,active,270103.55,EUR,LATAM,CP0326,EQUITY,TDR0088,BOOK_C,2025-05-16
TXN0005377030,APP016,2025-09-11,settled,548731.34,GBP,AMER,CP0241,FX,TDR0027,BOOK_D,2026-01-15
TXN0001007274,APP016,2025-05-25,failed,307556.2,USD,AMER,CP0448,OPTION,TDR0170,BOOK_C,2026-01-17
TXN0009100459,APP003,2026-03-18,settled,714627.52,USD,AMER,CP0439,BOND,TDR0191,BOOK_C,2025-05-24
TXN0004940660,APP007,2025-05-11,failed,341408.61,AUD,LATAM,CP0436,BOND,TDR0036,BOOK_C,2025-06-30
TXN0009667593,APP011,2025-06-25,pending,228666.55,EUR,AMER,CP0228,SWAP,TDR0153,BOOK_A,2025-05-04
TXN0006414763,APP008,2025-03-07,settled,461448.51,EUR,LATAM,CP0462,FUTURE,TDR0059,BOOK_D,2025-02-15
TXN0002907469,APP013,2026-02-04,settled,393309.06,USD,EMEA,CP0240,FX,TDR0049,BOOK_A,2025-02-27
TXN0002540378,APP003,2025-09-22,pending,528305.02,JPY,APAC,CP0335,SWAP,TDR0140,BOOK_A,2025-12-04
TXN0003622042,APP018,2025-06-07,reversed,931202.52,GBP,APAC,CP0479,EQUITY,TDR0107,BOOK_A,2025-03-11
TXN0001383565,APP002,2026-03-03,settled,135502.25,CHF,EMEA,CP0380,FX,TDR0109,BOOK_B,2025-10-19
TXN0000546557,APP005,2025-11-11,reversed,973600.86,EUR,APAC,CP0185,SWAP,TDR0123,BOOK_B,2026-01-30
TXN0009437735,APP017,2025-02-11,reversed,178979.86,AUD,AMER,CP0250,OPTION,TDR0146,BOOK_A,2025-06-04
TXN0006661173,APP013,2025-08-04,pending,866356.63,EUR,APAC,CP0096,FX,TDR0076,BOOK_A,2025-04-25
TXN0006585030,APP018,2025-02-26,failed,59080.17,EUR,LATAM,CP0324,EQUITY,TDR0162,BOOK_B,2025-09-04
TXN0006116413,APP014,2025-07-30,active,846540.8,CHF,LATAM,CP0276,SWAP,TDR0121,BOOK_C,2026-01-29
TXN0006566562,APP013,2026-01-20,failed,478518.61,GBP,AMER,CP0172,OPTION,TDR0160,BOOK_C,2025-01-26
TXN0007892739,APP004,2025-01-29,failed,204754.22,AUD,EMEA,CP0486,EQUITY,TDR0058,BOOK_D,2025-02-14
TXN0008601685,APP020,2025-09-24,pending,37923.22,GBP,EMEA,CP0324,EQUITY,TDR0172,BOOK_B,2026-01-31
TXN0002107318,APP003,2025-10-13,pending,847635.66,JPY,AMER,CP0126,OPTION,TDR0059,BOOK_C,2025-08-15
TXN0008517248,APP018,2025-05-04,failed,173985.31,EUR,AMER,CP0304,FUTURE,TDR0130,BOOK_C,2026-04-03
TXN0007972150,APP014,2026-01-30,active,298914.33,JPY,AMER,CP0478,BOND,TDR0177,BOOK_A,2025-09-14
TXN0007264655,APP013,2025-12-18,settled,223697.4,USD,AMER,CP0119,OPTION,TDR0109,BOOK_D,2025-12-27
TXN0004069715,APP011,2025-05-20,pending,799215.01,GBP,EMEA,CP0317,OPTION,TDR0160,BOOK_D,2026-01-10
TXN0006398338,APP016,2025-12-01,reversed,75448.89,GBP,APAC,CP0251,BOND,TDR0068,BOOK_C,2025-11-15
TXN0008368079,APP018,2025-01-04,active,504331.8,JPY,APAC,CP0102,FUTURE,TDR0126,BOOK_D,2025-07-23
TXN0008736246,APP016,2025-10-12,reversed,417719.97,CHF,AMER,CP0107,SWAP,TDR0142,BOOK_A,2025-06-21
TXN0008979221,APP018,2025-09-27,pending,24239.47,JPY,LATAM,CP0256,OPTION,TDR0193,BOOK_D,2025-11-09
TXN0009908365,APP017,2026-01-20,active,301640.64,USD,EMEA,CP0045,BOND,TDR0131,BOOK_C,2025-02-22
TXN0006367037,APP016,2026-02-12,settled,335053.98,AUD,EMEA,CP0049,FX,TDR0158,BOOK_A,2025-08-15
TXN0004798365,APP001,2025-01-28,active,601266.18,AUD,APAC,CP0437,FX,TDR0164,BOOK_B,2025-05-18
TXN0000388362,APP005,2025-02-08,pending,993356.99,USD,AMER,CP0176,OPTION,TDR0037,BOOK_B,2025-06-22
TXN0005376709,APP010,2025-08-08,reversed,447472.12,EUR,EMEA,CP0341,SWAP,TDR0165,BOOK_B,2025-08-24
TXN0007603013,APP011,2025-05-20,reversed,660077.82,GBP,AMER,CP0458,SWAP,TDR0089,BOOK_B,2025-04-11
TXN0008862689,APP012,2025-10-30,settled,743117.42,GBP,EMEA,CP0081,FUTURE,TDR0059,BOOK_B,2026-03-03
TXN0002737437,APP001,2025-08-13,settled,521991.36,USD,LATAM,CP0048,BOND,TDR0087,BOOK_D,2025-08-10
TXN0005938111,APP012,2025-12-29,pending,84414.32,EUR,APAC,CP0068,OPTION,TDR0071,BOOK_C,2025-01-06
TXN0004166904,APP018,2025-08-05,reversed,116559.03,CHF,LATAM,CP0396,BOND,TDR0126,BOOK_B,2025-05-27
TXN0007528268,APP019,2025-10-21,settled,50461.35,USD,LATAM,CP0171,FUTURE,TDR0191,BOOK_C,2025-06-10
TXN0002310432,APP018,2026-01-06,active,859109.91,JPY,LATAM,CP0288,FUTURE,TDR0184,BOOK_A,2025-02-14
TXN0005997671,APP017,2025-10-26,settled,673725.7,CHF,AMER,CP0065,BOND,TDR0007,BOOK_B,2025-11-27
TXN0004928776,APP009,2025-03-14,settled,681041.43,CHF,APAC,CP0226,BOND,TDR0200,BOOK_B,2025-08-05
TXN0005756974,APP020,2026-01-22,reversed,115288.77,CHF,APAC,CP0046,BOND,TDR0111,BOOK_D,2026-01-13
TXN0003603873,APP010,2025-10-18,reversed,493124.96,USD,AMER,CP0026,BOND,TDR0125,BOOK_B,2025-12-01
TXN0004075133,APP009,2025-01-21,pending,847630.39,USD,EMEA,CP0320,BOND,TDR0098,BOOK_C,2025-05-12
TXN0007382101,APP003,2025-02-04,pending,937584.06,AUD,EMEA,CP0144,FUTURE,TDR0100,BOOK_C,2025-04-03
TXN0003527680,APP010,2025-06-30,settled,577090.01,AUD,APAC,CP0290,BOND,TDR0034,BOOK_C,2025-03-24
TXN0006646303,APP011,2025-03-03,active,745475.64,USD,AMER,CP0086,SWAP,TDR0079,BOOK_D,2026-04-10
TXN0006783288,APP007,2025-02-09,active,937743.26,JPY,EMEA,CP0327,SWAP,TDR0080,BOOK_A,2025-07-10
TXN0000171670,APP015,2025-11-03,settled,397049.87,GBP,AMER,CP0197,OPTION,TDR0053,BOOK_B,2025-08-27
TXN0009292646,APP003,2026-02-02,pending,733331.74,AUD,APAC,CP0354,OPTION,TDR0052,BOOK_C,2025-10-08
TXN0006340677,APP002,2026-01-18,settled,708720.1,USD,APAC,CP0427,OPTION,TDR0143,BOOK_A,2026-02-06
TXN0008713803,APP020,2025-09-03,active,707253.93,AUD,EMEA,CP0473,OPTION,TDR0145,BOOK_C,2025-02-19
TXN0009891240,APP006,2025-05-30,pending,208339.32,CHF,AMER,CP0472,FX,TDR0157,BOOK_B,2026-02-08
TXN0009208472,APP007,2025-03-17,failed,179967.1,JPY,APAC,CP0022,BOND,TDR0064,BOOK_C,2025-05-09
TXN0008511451,APP011,2025-08-29,pending,385994.55,CHF,LATAM,CP0261,EQUITY,TDR0066,BOOK_C,2025-07-12
TXN0004334111,APP015,2026-03-06,pending,897024.99,USD,EMEA,CP0193,SWAP,TDR0147,BOOK_A,2025-08-11
TXN0005124632,APP002,2025-06-01,failed,833352.91,JPY,EMEA,CP0206,SWAP,TDR0147,BOOK_D,2025-05-17
TXN0009710778,APP004,2025-04-02,reversed,284964.43,JPY,AMER,CP0052,FUTURE,TDR0136,BOOK_B,2025-11-08
TXN0004818393,APP011,2025-03-08,active,506643.9,AUD,LATAM,CP0148,EQUITY,TDR0176,BOOK_A,2025-01-25
TXN0006413916,APP018,2025-06-15,failed,726705.64,EUR,APAC,CP0375,SWAP,TDR0120,BOOK_C,2026-02-22
TXN0008974008,APP003,2025-06-09,failed,980395.09,CHF,APAC,CP0439,FUTURE,TDR0189,BOOK_C,2025-09-07
TXN0007319067,APP019,2025-01-02,reversed,417816.81,GBP,EMEA,CP0410,SWAP,TDR0139,BOOK_D,2025-01-04
TXN0004470750,APP001,2025-06-29,reversed,812205.29,JPY,EMEA,CP0012,EQUITY,TDR0100,BOOK_D,2025-01-27
TXN0000704540,APP018,2025-06-24,failed,288735.19,CHF,LATAM,CP0241,SWAP,TDR0119,BOOK_A,2025-12-17
TXN0002975235,APP005,2025-11-19,reversed,220204.5,AUD,LATAM,CP0197,EQUITY,TDR0038,BOOK_C,2025-10-18
TXN0008476096,APP019,2025-05-31,failed,538078.72,CHF,LATAM,CP0075,OPTION,TDR0120,BOOK_C,2025-06-03
TXN0004446561,APP007,2025-08-23,active,852832.44,CHF,AMER,CP0121,EQUITY,TDR0052,BOOK_C,2025-06-27
TXN0002946289,APP019,2025-05-22,active,931140.27,GBP,LATAM,CP0339,FX,TDR0168,BOOK_C,2025-10-04
TXN0000963904,APP019,2025-02-12,failed,422215.85,CHF,APAC,CP0337,FUTURE,TDR0133,BOOK_D,2026-01-01
TXN0002451443,APP017,2026-01-09,reversed,992851.16,AUD,AMER,CP0351,FUTURE,TDR0139,BOOK_C,2025-03-30
TXN0005868451,APP020,2025-06-04,failed,133956.9,AUD,EMEA,CP0425,FX,TDR0168,BOOK_D,2025-01-29
TXN0000305475,APP010,2025-04-24,failed,780058.12,JPY,LATAM,CP0257,BOND,TDR0194,BOOK_D,2025-11-04
TXN0002078333,APP014,2025-06-09,reversed,933927.45,CHF,APAC,CP0223,FUTURE,TDR0021,BOOK_B,2025-08-04
TXN0006303011,APP018,2025-06-12,active,388389.28,GBP,LATAM,CP0131,FUTURE,TDR0027,BOOK_B,2026-04-14
TXN0009791118,APP004,2025-03-09,pending,767194.47,EUR,LATAM,CP0345,FUTURE,TDR0014,BOOK_B,2025-09-19
TXN0003462468,APP019,2025-08-12,failed,602292.73,GBP,AMER,CP0069,BOND,TDR0082,BOOK_D,2025-09-01
TXN0000115035,APP007,2025-07-07,active,978081.02,EUR,APAC,CP0063,FX,TDR0127,BOOK_A,2025-01-28
TXN0002322950,APP001,2025-10-06,pending,637682.2,USD,APAC,CP0235,BOND,TDR0162,BOOK_D,2025-11-10
TXN0002042247,APP019,2025-10-15,reversed,643289.67,JPY,LATAM,CP0253,OPTION,TDR0139,BOOK_B,2025-01-25
TXN0002523818,APP020,2025-06-05,pending,477159.26,CHF,LATAM,CP0053,OPTION,TDR0159,BOOK_D,2025-06-02
TXN0004103584,APP007,2026-03-13,reversed,720142.35,USD,AMER,CP0359,EQUITY,TDR0146,BOOK_A,2025-01-25
TXN0004665014,APP008,2026-03-20,settled,35525.42,GBP,LATAM,CP0413,SWAP,TDR0175,BOOK_A,2025-05-26
TXN0004061493,APP011,2026-03-28,active,296068.83,GBP,EMEA,CP0213,OPTION,TDR0027,BOOK_B,2025-06-18
TXN0007605752,APP020,2025-09-11,failed,573505.06,EUR,LATAM,CP0203,FUTURE,TDR0001,BOOK_B,2025-05-25
TXN0004941683,APP019,2025-12-13,settled,445328.06,JPY,APAC,CP0228,EQUITY,TDR0198,BOOK_A,2025-06-06
TXN0007298320,APP009,2025-12-01,failed,485540.56,USD,APAC,CP0357,OPTION,TDR0094,BOOK_D,2025-03-17
TXN0008862328,APP008,2025-10-31,settled,544750.33,USD,LATAM,CP0361,SWAP,TDR0009,BOOK_D,2025-12-12
TXN0005686100,APP015,2026-02-06,settled,336264.72,USD,AMER,CP0286,SWAP,TDR0065,BOOK_D,2025-06-24
TXN0004203953,APP006,2025-12-10,active,61462.83,USD,LATAM,CP0209,BOND,TDR0187,BOOK_B,2026-01-18
TXN0007551369,APP014,2025-02-02,failed,295464.01,CHF,APAC,CP0177,FX,TDR0007,BOOK_A,2025-07-24
TXN0008929271,APP007,2025-06-17,active,435157.49,EUR,APAC,CP0276,OPTION,TDR0002,BOOK_B,2025-03-13
TXN0006886092,APP013,2025-11-19,active,92555.09,GBP,APAC,CP0457,OPTION,TDR0105,BOOK_B,2025-07-26
TXN0002066765,APP017,2025-12-20,reversed,972179.62,USD,AMER,CP0171,SWAP,TDR0026,BOOK_B,2026-03-21
TXN0008102621,APP009,2025-02-02,reversed,749819.05,AUD,EMEA,CP0498,FX,TDR0041,BOOK_C,2025-11-14
TXN0009065991,APP015,2026-03-24,active,220580.18,JPY,EMEA,CP0211,BOND,TDR0082,BOOK_A,2025-10-04
TXN0000109657,APP005,2025-02-05,pending,800488.75,EUR,LATAM,CP0230,FX,TDR0007,BOOK_D,2025-07-11
TXN0004578722,APP014,2026-02-22,active,632782.8,USD,EMEA,CP0029,FUTURE,TDR0181,BOOK_B,2025-10-06
TXN0002985196,APP006,2025-08-30,settled,311303.25,GBP,LATAM,CP0482,FUTURE,TDR0024,BOOK_C,2026-01-05
TXN0008580764,APP004,2025-09-15,failed,235953.85,CHF,APAC,CP0350,EQUITY,TDR0124,BOOK_C,2025-08-28
TXN0005978433,APP016,2025-12-08,reversed,693360.8,CHF,APAC,CP0024,EQUITY,TDR0064,BOOK_D,2025-09-09
TXN0000841384,APP007,2026-01-13,settled,628250.12,CHF,LATAM,CP0012,SWAP,TDR0087,BOOK_B,2025-09-02
TXN0008011518,APP003,2025-10-01,reversed,944084.68,CHF,EMEA,CP0038,FX,TDR0139,BOOK_C,2025-06-19
TXN0004286660,APP010,2026-03-31,settled,575248.24,JPY,EMEA,CP0008,SWAP,TDR0146,BOOK_A,2025-07-12
TXN0005016401,APP018,2026-04-06,failed,27261.26,GBP,APAC,CP0216,SWAP,TDR0127,BOOK_C,2025-04-04
TXN0005624339,APP010,2025-12-06,pending,451895.42,AUD,LATAM,CP0239,BOND,TDR0108,BOOK_B,2025-10-23
TXN0006721192,APP005,2025-05-17,reversed,815874.2,AUD,EMEA,CP0483,SWAP,TDR0081,BOOK_B,2025-06-03
TXN0006980313,APP009,2026-02-01,settled,112943.74,USD,APAC,CP0024,OPTION,TDR0109,BOOK_B,2025-10-26
TXN0009581943,APP002,2025-10-04,reversed,448550.12,EUR,EMEA,CP0232,OPTION,TDR0063,BOOK_D,2025-02-23
TXN0009464142,APP008,2025-11-03,active,275075.0,GBP,APAC,CP0017,FUTURE,TDR0139,BOOK_D,2025-11-09
TXN0009138050,APP002,2025-11-30,pending,91003.17,JPY,AMER,CP0468,FX,TDR0024,BOOK_D,2025-02-03
TXN0005900182,APP018,2025-11-10,pending,472616.85,EUR,APAC,CP0043,EQUITY,TDR0141,BOOK_D,2025-08-10
TXN0007113883,APP018,2025-06-28,failed,226320.63,GBP,EMEA,CP0477,BOND,TDR0016,BOOK_C,2025-10-30
TXN0009220874,APP009,2025-06-06,pending,268022.46,EUR,LATAM,CP0236,BOND,TDR0172,BOOK_C,2025-05-23
TXN0003644876,APP020,2025-12-07,active,231187.24,AUD,AMER,CP0010,EQUITY,TDR0156,BOOK_C,2025-11-16
TXN0004714872,APP004,2026-03-08,settled,226717.16,CHF,AMER,CP0269,EQUITY,TDR0061,BOOK_B,2025-12-30
TXN0009156107,APP004,2025-06-28,active,311578.56,JPY,EMEA,CP0463,OPTION,TDR0183,BOOK_A,2025-04-04
TXN0003063529,APP001,2025-02-28,active,665195.73,USD,APAC,CP0207,BOND,TDR0103,BOOK_A,2026-01-12
TXN0002412641,APP017,2025-11-16,active,566959.11,USD,APAC,CP0136,OPTION,TDR0010,BOOK_D,2026-02-04
TXN0008138176,APP002,2025-06-09,reversed,260120.28,EUR,AMER,CP0336,OPTION,TDR0143,BOOK_D,2026-04-13
TXN0002843299,APP001,2026-01-14,settled,202734.89,USD,AMER,CP0448,SWAP,TDR0155,BOOK_A,2026-01-30
TXN0008752305,APP013,2025-06-18,active,403657.46,GBP,AMER,CP0371,FUTURE,TDR0030,BOOK_C,2025-06-14
TXN0007835235,APP011,2025-06-06,settled,122423.5,GBP,AMER,CP0364,BOND,TDR0104,BOOK_D,2025-06-26
TXN0007349934,APP017,2025-06-09,active,672487.58,EUR,LATAM,CP0053,FX,TDR0050,BOOK_C,2026-01-07
TXN0005117324,APP015,2026-03-27,pending,431672.82,EUR,EMEA,CP0181,FUTURE,TDR0019,BOOK_A,2025-06-18
TXN0008529338,APP009,2026-01-09,failed,292681.0,GBP,LATAM,CP0206,BOND,TDR0057,BOOK_D,2026-01-04
TXN0004530149,APP009,2025-12-14,reversed,176018.75,CHF,APAC,CP0073,OPTION,TDR0140,BOOK_B,2025-12-14
TXN0000735246,APP001,2025-08-09,reversed,358055.45,AUD,APAC,CP0027,SWAP,TDR0113,BOOK_B,2025-02-04
TXN0001885166,APP005,2026-02-13,active,924304.28,USD,AMER,CP0270,FX,TDR0064,BOOK_A,2025-12-07
TXN0004262955,APP015,2026-03-30,reversed,193204.32,GBP,LATAM,CP0180,BOND,TDR0035,BOOK_D,2025-05-05
TXN0009551412,APP005,2025-01-13,pending,535367.53,AUD,EMEA,CP0114,BOND,TDR0145,BOOK_A,2025-10-04
TXN0009571923,APP016,2025-08-17,settled,906306.73,GBP,AMER,CP0443,EQUITY,TDR0015,BOOK_B,2026-02-11
TXN0006482809,APP003,2025-02-04,reversed,605860.17,GBP,AMER,CP0286,EQUITY,TDR0048,BOOK_A,2025-05-20
TXN0008867303,APP001,2025-05-07,pending,430585.99,GBP,LATAM,CP0149,EQUITY,TDR0112,BOOK_D,2025-08-25
TXN0004154205,APP016,2025-07-24,failed,251654.54,EUR,LATAM,CP0396,EQUITY,TDR0170,BOOK_A,2025-02-22
TXN0008619589,APP010,2025-10-30,active,522705.63,CHF,AMER,CP0222,SWAP,TDR0062,BOOK_B,2025-09-01
TXN0009366689,APP018,2026-03-04,active,224816.22,USD,EMEA,CP0117,SWAP,TDR0086,BOOK_D,2025-10-16
TXN0001763414,APP009,2025-12-17,failed,413312.2,USD,APAC,CP0328,OPTION,TDR0187,BOOK_B,2025-04-11
TXN0005363699,APP016,2025-02-23,active,604201.97,AUD,EMEA,CP0455,FUTURE,TDR0054,BOOK_D,2026-02-16
TXN0008104859,APP008,2025-08-23,failed,886427.7,USD,LATAM,CP0340,FX,TDR0034,BOOK_B,2025-04-14
TXN0004401141,APP003,2026-01-14,active,209602.39,JPY,EMEA,CP0059,EQUITY,TDR0005,BOOK_C,2026-03-24
TXN0008162221,APP006,2025-03-27,failed,485620.6,CHF,APAC,CP0080,FUTURE,TDR0158,BOOK_B,2025-01-27
TXN0009461919,APP013,2025-08-05,pending,57429.21,JPY,APAC,CP0393,FX,TDR0192,BOOK_D,2025-08-16
TXN0008562819,APP020,2026-01-23,settled,590408.54,USD,APAC,CP0105,OPTION,TDR0055,BOOK_D,2025-04-07
TXN0008265892,APP006,2025-05-04,failed,825064.08,CHF,APAC,CP0029,OPTION,TDR0171,BOOK_D,2025-05-29
TXN0000024340,APP020,2025-10-20,failed,699964.13,GBP,AMER,CP0462,FX,TDR0067,BOOK_B,2025-01-07
TXN0006180482,APP010,2026-01-17,active,950076.0,AUD,APAC,CP0352,FX,TDR0077,BOOK_A,2026-02-09
TXN0007663429,APP004,2025-07-20,active,51823.67,AUD,APAC,CP0203,BOND,TDR0127,BOOK_C,2025-10-10
TXN0001138439,APP020,2025-01-30,failed,304115.22,GBP,LATAM,CP0184,BOND,TDR0084,BOOK_B,2025-01-06
TXN0005592831,APP015,2025-02-14,pending,909474.0,EUR,APAC,CP0272,EQUITY,TDR0064,BOOK_D,2025-05-03
TXN0007020936,APP011,2025-08-15,active,254767.06,AUD,LATAM,CP0498,BOND,TDR0166,BOOK_A,2025-01-04
TXN0006115763,APP006,2025-12-26,settled,317990.18,EUR,AMER,CP0298,SWAP,TDR0128,BOOK_A,2025-09-11
TXN0000183004,APP002,2025-03-25,settled,518852.37,JPY,AMER,CP0358,OPTION,TDR0080,BOOK_B,2025-06-11
TXN0008552688,APP013,2026-02-27,pending,750514.33,AUD,APAC,CP0312,EQUITY,TDR0043,BOOK_A,2025-09-02
TXN0006957717,APP011,2025-01-29,active,877511.73,AUD,APAC,CP0217,EQUITY,TDR0073,BOOK_D,2026-01-18
TXN0005110066,APP016,2026-01-30,settled,653152.06,GBP,LATAM,CP0381,EQUITY,TDR0115,BOOK_A,2025-09-22
TXN0009142872,APP010,2025-11-09,reversed,115372.41,CHF,APAC,CP0288,BOND,TDR0125,BOOK_D,2025-01-30
TXN0004364668,APP018,2025-05-04,settled,816557.18,AUD,AMER,CP0335,SWAP,TDR0197,BOOK_C,2025-05-17
TXN0004200618,APP020,2025-08-13,settled,21585.19,CHF,APAC,CP0048,OPTION,TDR0159,BOOK_A,2025-09-12
TXN0006406309,APP003,2025-05-18,settled,945277.52,JPY,AMER,CP0009,FUTURE,TDR0191,BOOK_C,2025-03-10
TXN0000348687,APP012,2026-03-09,failed,827872.78,AUD,AMER,CP0262,BOND,TDR0118,BOOK_D,2026-03-22
TXN0004389991,APP020,2025-09-24,settled,696917.16,CHF,EMEA,CP0464,FX,TDR0147,BOOK_B,2025-09-20
TXN0005510463,APP017,2025-01-10,reversed,959247.78,AUD,LATAM,CP0087,FUTURE,TDR0197,BOOK_D,2025-01-02
TXN0003992874,APP005,2025-11-13,reversed,110859.15,USD,AMER,CP0209,FUTURE,TDR0157,BOOK_A,2025-08-15
TXN0007205862,APP018,2025-10-25,active,974083.49,EUR,EMEA,CP0296,OPTION,TDR0031,BOOK_B,2025-09-22
TXN0005905453,APP009,2025-02-25,failed,207161.92,GBP,EMEA,CP0391,EQUITY,TDR0180,BOOK_A,2026-03-01
TXN0008764538,APP011,2025-08-19,pending,517040.31,JPY,APAC,CP0366,BOND,TDR0146,BOOK_C,2026-04-08
TXN0004151136,APP001,2025-12-31,active,901586.35,EUR,APAC,CP0220,BOND,TDR0091,BOOK_D,2025-06-25
TXN0002830874,APP019,2025-08-10,reversed,287740.01,CHF,LATAM,CP0099,FX,TDR0102,BOOK_B,2025-11-02
TXN0001597863,APP015,2025-04-26,active,215417.18,USD,LATAM,CP0428,FUTURE,TDR0008,BOOK_D,2025-08-05
TXN0007432307,APP004,2025-09-05,pending,859723.07,EUR,APAC,CP0456,EQUITY,TDR0164,BOOK_C,2025-11-26
TXN0000106650,APP007,2025-05-17,pending,926325.89,GBP,EMEA,CP0148,SWAP,TDR0094,BOOK_D,2025-05-04
TXN0006769213,APP015,2025-04-02,failed,864950.68,GBP,EMEA,CP0068,OPTION,TDR0166,BOOK_A,2025-08-03
TXN0000418963,APP017,2025-07-27,failed,638136.28,EUR,AMER,CP0097,FX,TDR0094,BOOK_D,2025-05-31
TXN0004329069,APP013,2025-11-12,pending,18189.23,GBP,APAC,CP0498,FUTURE,TDR0118,BOOK_B,2025-12-11
TXN0006201467,APP017,2026-01-28,pending,916614.83,AUD,LATAM,CP0209,FX,TDR0066,BOOK_B,2025-12-04
TXN0007145336,APP014,2026-01-20,pending,543542.48,GBP,AMER,CP0146,EQUITY,TDR0196,BOOK_D,2026-01-03
TXN0002257071,APP020,2025-02-06,reversed,241149.84,EUR,LATAM,CP0300,SWAP,TDR0045,BOOK_A,2025-11-01
TXN0003407110,APP005,2025-09-07,active,251103.1,CHF,AMER,CP0351,EQUITY,TDR0145,BOOK_C,2025-09-03
TXN0000333366,APP005,2026-02-20,pending,301636.61,AUD,EMEA,CP0061,EQUITY,TDR0195,BOOK_D,2025-04-18
TXN0009902980,APP020,2025-01-30,reversed,680690.3,GBP,LATAM,CP0094,EQUITY,TDR0009,BOOK_B,2026-03-10
TXN0002345960,APP010,2025-06-26,active,181593.62,JPY,APAC,CP0200,EQUITY,TDR0151,BOOK_C,2025-06-18
TXN0008347159,APP007,2025-02-02,failed,824899.44,CHF,LATAM,CP0243,FUTURE,TDR0135,BOOK_B,2026-02-08
TXN0009385830,APP020,2025-03-20,pending,983639.58,GBP,AMER,CP0242,FUTURE,TDR0101,BOOK_B,2026-04-08
TXN0004109669,APP020,2025-03-19,pending,629709.0,EUR,APAC,CP0498,SWAP,TDR0193,BOOK_B,2025-07-18
TXN0006235567,APP003,2025-12-07,active,546053.68,AUD,EMEA,CP0274,BOND,TDR0070,BOOK_A,2026-02-04
TXN0003871476,APP002,2025-03-07,reversed,845892.43,CHF,LATAM,CP0164,EQUITY,TDR0109,BOOK_D,2025-12-11
TXN0002489626,APP009,2025-03-06,reversed,873898.27,GBP,APAC,CP0183,BOND,TDR0122,BOOK_C,2025-06-25
TXN0009002944,APP013,2025-06-17,settled,434446.67,AUD,EMEA,CP0261,OPTION,TDR0125,BOOK_C,2025-03-17
TXN0007304853,APP003,2026-02-05,reversed,683547.34,EUR,EMEA,CP0231,FUTURE,TDR0121,BOOK_A,2026-01-03
TXN0001032775,APP017,2025-06-07,settled,343762.14,EUR,LATAM,CP0007,FUTURE,TDR0187,BOOK_D,2025-03-20
TXN0006994253,APP018,2025-11-15,settled,397075.0,USD,EMEA,CP0297,BOND,TDR0157,BOOK_A,2025-08-09
TXN0004363333,APP009,2026-02-04,failed,762524.64,CHF,AMER,CP0428,OPTION,TDR0175,BOOK_C,2025-06-17
TXN0006663550,APP019,2025-04-25,pending,6646.45,CHF,LATAM,CP0420,FUTURE,TDR0026,BOOK_B,2025-08-16
TXN0008201418,APP020,2026-04-04,settled,664974.35,AUD,LATAM,CP0048,BOND,TDR0091,BOOK_B,2026-01-23
TXN0007280331,APP010,2025-08-27,active,769681.77,JPY,AMER,CP0408,FUTURE,TDR0115,BOOK_B,2025-04-20
TXN0008763851,APP014,2025-11-16,reversed,323980.7,USD,EMEA,CP0071,OPTION,TDR0136,BOOK_D,2025-11-16
TXN0007583675,APP010,2026-03-13,reversed,656827.93,AUD,EMEA,CP0139,SWAP,TDR0151,BOOK_A,2025-07-14
TXN0002862996,APP007,2026-01-03,active,239638.04,CHF,APAC,CP0076,BOND,TDR0068,BOOK_C,2025-09-09
TXN0007331806,APP018,2025-05-26,settled,138791.96,USD,APAC,CP0431,BOND,TDR0089,BOOK_D,2025-12-17
TXN0008713749,APP017,2025-06-21,settled,186042.88,GBP,APAC,CP0209,SWAP,TDR0074,BOOK_A,2026-03-25
TXN0009338365,APP018,2025-12-06,settled,858944.23,EUR,LATAM,CP0193,FUTURE,TDR0198,BOOK_D,2025-08-16
TXN0007018597,APP010,2025-10-06,settled,659486.45,CHF,EMEA,CP0196,EQUITY,TDR0022,BOOK_B,2026-03-14
TXN0000149084,APP003,2025-04-06,reversed,572641.37,USD,EMEA,CP0376,FUTURE,TDR0016,BOOK_D,2025-01-16
TXN0005374826,APP018,2025-09-29,reversed,724551.43,EUR,EMEA,CP0382,FUTURE,TDR0052,BOOK_B,2025-03-10
TXN0005889556,APP007,2026-01-21,active,922306.57,JPY,LATAM,CP0288,EQUITY,TDR0087,BOOK_B,2025-03-17
TXN0000688895,APP009,2025-03-31,failed,122830.26,CHF,APAC,CP0436,FUTURE,TDR0188,BOOK_D,2025-08-08
TXN0001817324,APP019,2026-04-13,settled,1958.65,GBP,AMER,CP0041,EQUITY,TDR0061,BOOK_A,2025-04-28
TXN0001350862,APP009,2025-06-26,active,219708.5,GBP,APAC,CP0251,SWAP,TDR0196,BOOK_D,2025-05-08
TXN0000062723,APP013,2025-11-11,failed,133104.65,CHF,APAC,CP0386,BOND,TDR0018,BOOK_A,2025-05-24
TXN0004334756,APP019,2025-02-09,settled,74563.04,EUR,AMER,CP0433,OPTION,TDR0086,BOOK_B,2025-10-29
TXN0004909608,APP020,2025-01-03,reversed,296349.96,AUD,APAC,CP0430,FX,TDR0019,BOOK_C,2026-02-17
TXN0007255813,APP018,2025-04-04,settled,964799.82,GBP,AMER,CP0471,EQUITY,TDR0130,BOOK_A,2025-11-30
TXN0000332454,APP008,2025-02-18,reversed,425113.82,USD,AMER,CP0298,EQUITY,TDR0001,BOOK_C,2025-02-25
TXN0001585130,APP012,2025-09-10,reversed,805041.97,USD,LATAM,CP0161,SWAP,TDR0128,BOOK_D,2025-08-02
TXN0001582285,APP010,2025-10-04,pending,173316.07,USD,APAC,CP0262,SWAP,TDR0165,BOOK_D,2025-01-04
TXN0001251659,APP019,2025-01-27,active,785374.68,GBP,APAC,CP0006,EQUITY,TDR0181,BOOK_D,2025-02-26
TXN0005749426,APP018,2025-05-21,settled,625986.54,GBP,AMER,CP0019,FUTURE,TDR0028,BOOK_B,2025-09-03
TXN0001236147,APP011,2025-02-25,pending,97757.06,EUR,APAC,CP0170,OPTION,TDR0142,BOOK_C,2025-02-13
TXN0000934197,APP001,2026-02-10,reversed,442746.4,CHF,LATAM,CP0326,EQUITY,TDR0107,BOOK_A,2025-06-04
TXN0001038200,APP017,2025-06-06,settled,106095.45,AUD,LATAM,CP0226,OPTION,TDR0019,BOOK_A,2026-01-25
TXN0003459021,APP019,2026-03-22,settled,847805.89,GBP,EMEA,CP0075,SWAP,TDR0133,BOOK_C,2025-03-24
TXN0007579963,APP009,2025-09-10,pending,154753.08,EUR,LATAM,CP0213,FX,TDR0095,BOOK_B,2025-09-19
TXN0001718117,APP010,2026-01-07,settled,851134.41,AUD,APAC,CP0435,EQUITY,TDR0172,BOOK_C,2025-08-23
TXN0008903229,APP011,2025-12-11,failed,730684.19,EUR,APAC,CP0166,EQUITY,TDR0097,BOOK_C,2026-01-07
TXN0006068545,APP011,2026-03-11,pending,337924.62,CHF,AMER,CP0284,SWAP,TDR0098,BOOK_D,2026-03-22
TXN0007827305,APP020,2025-05-22,settled,914362.4,JPY,EMEA,CP0161,BOND,TDR0107,BOOK_D,2025-05-22
TXN0008456602,APP009,2025-02-13,settled,471115.56,AUD,AMER,CP0413,SWAP,TDR0048,BOOK_B,2026-03-11
TXN0000449825,APP003,2026-02-13,pending,823635.24,JPY,EMEA,CP0103,FUTURE,TDR0138,BOOK_A,2026-01-25
TXN0006393485,APP016,2025-04-23,settled,978632.43,CHF,AMER,CP0308,OPTION,TDR0162,BOOK_B,2025-01-17
TXN0002820983,APP007,2025-06-13,settled,809231.72,CHF,EMEA,CP0063,FX,TDR0140,BOOK_D,2025-05-04
TXN0008374055,APP005,2025-02-23,reversed,511739.11,GBP,LATAM,CP0386,EQUITY,TDR0146,BOOK_D,2025-10-06
TXN0000404789,APP003,2026-04-09,pending,589509.16,USD,LATAM,CP0419,SWAP,TDR0173,BOOK_C,2025-10-02
TXN0000784322,APP012,2026-03-20,settled,960612.63,EUR,APAC,CP0297,FUTURE,TDR0027,BOOK_B,2025-07-10
TXN0004274735,APP018,2025-01-24,reversed,401865.9,EUR,LATAM,CP0276,FUTURE,TDR0117,BOOK_D,2026-03-01
TXN0006107458,APP003,2025-09-16,settled,729803.11,GBP,LATAM,CP0183,BOND,TDR0153,BOOK_B,2025-07-21
TXN0004780156,APP008,2025-11-28,active,336046.43,GBP,LATAM,CP0458,BOND,TDR0143,BOOK_C,2026-03-07
TXN0006715443,APP016,2025-06-17,pending,891420.45,AUD,AMER,CP0421,OPTION,TDR0029,BOOK_C,2025-06-23
TXN0007181122,APP005,2025-08-14,reversed,302183.38,CHF,LATAM,CP0349,SWAP,TDR0106,BOOK_C,2025-12-01
TXN0009637034,APP016,2025-05-30,reversed,546846.25,GBP,EMEA,CP0253,EQUITY,TDR0191,BOOK_D,2026-04-01
TXN0005986883,APP012,2025-08-20,active,427751.52,JPY,EMEA,CP0152,EQUITY,TDR0016,BOOK_D,2026-02-13
TXN0001044565,APP004,2025-11-14,settled,435119.34,GBP,LATAM,CP0254,OPTION,TDR0047,BOOK_B,2025-10-26
TXN0005454611,APP003,2025-08-26,pending,554204.88,GBP,AMER,CP0008,FUTURE,TDR0093,BOOK_A,2025-12-04
TXN0009055317,APP004,2025-09-20,active,348267.82,CHF,LATAM,CP0448,OPTION,TDR0183,BOOK_D,2025-03-24
TXN0007581172,APP013,2025-05-03,active,761958.54,GBP,EMEA,CP0100,EQUITY,TDR0061,BOOK_D,2025-03-09
TXN0004449691,APP018,2025-05-05,settled,923420.47,JPY,EMEA,CP0417,OPTION,TDR0150,BOOK_B,2025-10-26
TXN0003085277,APP014,2025-09-20,active,142511.26,USD,LATAM,CP0290,BOND,TDR0059,BOOK_B,2025-01-07
TXN0004194260,APP005,2025-01-21,pending,379715.13,CHF,EMEA,CP0264,SWAP,TDR0076,BOOK_C,2025-07-12
TXN0007400796,APP013,2025-12-31,pending,254437.31,USD,APAC,CP0203,SWAP,TDR0081,BOOK_A,2025-11-24
TXN0005496510,APP008,2025-07-27,settled,143050.57,AUD,LATAM,CP0168,FUTURE,TDR0030,BOOK_D,2025-10-07
TXN0009172107,APP009,2025-01-27,reversed,930620.3,USD,APAC,CP0363,EQUITY,TDR0108,BOOK_C,2026-02-17
TXN0001399064,APP001,2026-01-15,failed,41742.15,USD,AMER,CP0477,FUTURE,TDR0099,BOOK_A,2025-06-13
TXN0007579108,APP006,2025-03-06,failed,936080.19,CHF,LATAM,CP0156,SWAP,TDR0031,BOOK_A,2025-07-02
TXN0007966687,APP006,2025-04-23,pending,842670.47,JPY,LATAM,CP0355,BOND,TDR0074,BOOK_A,2025-06-20
TXN0002108899,APP004,2025-01-01,active,19977.22,AUD,AMER,CP0216,FX,TDR0102,BOOK_D,2025-03-20
TXN0001235670,APP005,2026-03-27,active,454282.3,JPY,EMEA,CP0388,OPTION,TDR0107,BOOK_D,2025-09-13
TXN0000412597,APP002,2025-07-03,reversed,994202.19,JPY,EMEA,CP0171,FX,TDR0036,BOOK_C,2026-03-04
TXN0005128205,APP007,2026-01-30,pending,878337.74,JPY,APAC,CP0487,EQUITY,TDR0008,BOOK_C,2026-01-12
TXN0000090112,APP001,2025-02-16,settled,178863.94,USD,LATAM,CP0064,SWAP,TDR0135,BOOK_B,2025-11-04
TXN0001684563,APP008,2026-01-07,failed,760962.0,JPY,LATAM,CP0058,FUTURE,TDR0103,BOOK_C,2025-06-03
TXN0003786525,APP013,2025-04-10,reversed,397688.47,EUR,EMEA,CP0259,BOND,TDR0166,BOOK_D,2025-05-27
TXN0002232052,APP016,2025-02-07,active,738844.28,JPY,AMER,CP0222,SWAP,TDR0154,BOOK_B,2025-07-08
TXN0006776351,APP018,2025-01-21,active,883223.1,EUR,APAC,CP0240,FX,TDR0028,BOOK_C,2025-09-20
TXN0001949447,APP018,2025-02-13,reversed,75007.3,GBP,LATAM,CP0040,EQUITY,TDR0066,BOOK_B,2026-02-12
TXN0003133555,APP014,2025-12-29,settled,900315.77,EUR,EMEA,CP0023,SWAP,TDR0019,BOOK_A,2026-04-09
TXN0009798461,APP008,2025-11-17,active,28684.66,JPY,APAC,CP0199,EQUITY,TDR0178,BOOK_A,2025-02-12
TXN0001295087,APP010,2026-04-10,settled,282781.62,CHF,EMEA,CP0443,FUTURE,TDR0170,BOOK_A,2025-02-22
TXN0006801014,APP010,2025-04-29,failed,775160.13,GBP,APAC,CP0354,SWAP,TDR0115,BOOK_D,2026-01-21
TXN0004223431,APP016,2025-07-05,pending,355896.0,AUD,LATAM,CP0150,FUTURE,TDR0096,BOOK_D,2026-02-20
TXN0000142503,APP009,2026-02-25,failed,5697.32,CHF,AMER,CP0211,OPTION,TDR0179,BOOK_B,2025-12-15
TXN0002945162,APP014,2025-04-02,pending,966253.14,JPY,EMEA,CP0313,FUTURE,TDR0191,BOOK_D,2025-10-02
TXN0003898787,APP014,2025-07-19,settled,111376.96,GBP,AMER,CP0249,FX,TDR0170,BOOK_C,2025-08-05
TXN0004405893,APP017,2025-01-01,pending,621843.11,JPY,LATAM,CP0023,EQUITY,TDR0172,BOOK_C,2025-05-07
TXN0003354911,APP017,2025-04-04,pending,383847.3,JPY,EMEA,CP0265,OPTION,TDR0108,BOOK_B,2025-01-13
TXN0009711527,APP007,2025-09-17,reversed,759627.89,EUR,APAC,CP0161,FUTURE,TDR0163,BOOK_D,2025-06-02
TXN0007713803,APP004,2025-12-20,failed,852728.62,GBP,LATAM,CP0438,FUTURE,TDR0113,BOOK_C,2026-03-31
TXN0001497475,APP017,2025-12-26,pending,101522.99,AUD,APAC,CP0040,OPTION,TDR0160,BOOK_A,2025-05-07
TXN0002826330,APP006,2025-04-05,active,66861.86,CHF,AMER,CP0158,OPTION,TDR0010,BOOK_C,2025-10-29
TXN0000771993,APP009,2026-02-20,settled,648671.77,JPY,APAC,CP0107,FX,TDR0093,BOOK_C,2025-03-07
TXN0001025292,APP012,2026-02-23,failed,770308.08,USD,AMER,CP0088,SWAP,TDR0133,BOOK_B,2025-07-08
TXN0009900532,APP014,2025-06-07,failed,356888.91,GBP,EMEA,CP0204,FX,TDR0134,BOOK_D,2025-10-25
TXN0003442740,APP005,2026-04-04,settled,239678.48,GBP,LATAM,CP0319,BOND,TDR0058,BOOK_D,2026-04-02
TXN0003589001,APP002,2026-01-03,reversed,256246.33,GBP,EMEA,CP0091,EQUITY,TDR0099,BOOK_A,2025-11-12
TXN0000714561,APP002,2025-07-26,settled,406697.59,JPY,AMER,CP0467,EQUITY,TDR0174,BOOK_A,2025-09-22
TXN0000346624,APP014,2025-10-20,failed,768893.89,EUR,LATAM,CP0199,FUTURE,TDR0070,BOOK_D,2025-12-07
TXN0000206037,APP011,2026-04-14,failed,890873.06,USD,AMER,CP0377,SWAP,TDR0041,BOOK_A,2026-01-26
TXN0008109928,APP005,2025-04-13,pending,591994.64,EUR,APAC,CP0119,FUTURE,TDR0066,BOOK_A,2025-12-07
TXN0000805418,APP007,2025-06-13,pending,493600.4,JPY,LATAM,CP0011,BOND,TDR0025,BOOK_D,2026-04-05
TXN0008071618,APP014,2025-08-03,pending,898885.06,EUR,AMER,CP0439,FUTURE,TDR0191,BOOK_C,2025-12-17
TXN0005914649,APP009,2025-08-15,active,548955.26,GBP,EMEA,CP0235,FX,TDR0113,BOOK_D,2025-04-30
TXN0007661413,APP008,2025-06-21,reversed,868586.16,USD,AMER,CP0173,FX,TDR0166,BOOK_D,2025-10-26
TXN0008486206,APP003,2025-07-19,failed,211391.39,CHF,APAC,CP0030,OPTION,TDR0191,BOOK_D,2025-08-07
TXN0004572402,APP004,2025-09-16,failed,157927.08,JPY,AMER,CP0167,FUTURE,TDR0173,BOOK_C,2025-05-04
TXN0007073857,APP009,2025-09-15,pending,920182.24,EUR,AMER,CP0248,BOND,TDR0019,BOOK_C,2025-05-23
TXN0004769304,APP005,2025-11-24,pending,281295.91,EUR,EMEA,CP0004,EQUITY,TDR0002,BOOK_C,2025-02-12
TXN0003821361,APP013,2025-10-17,reversed,968901.31,GBP,APAC,CP0436,FUTURE,TDR0089,BOOK_A,2025-04-24
TXN0009102061,APP005,2025-05-27,settled,944334.56,GBP,APAC,CP0385,FX,TDR0011,BOOK_B,2025-10-05
TXN0001768077,APP020,2026-03-29,failed,978342.53,EUR,AMER,CP0176,FUTURE,TDR0020,BOOK_B,2025-07-15
TXN0004457284,APP005,2026-02-26,settled,310725.89,JPY,LATAM,CP0413,BOND,TDR0104,BOOK_A,2025-07-17
TXN0008339257,APP016,2025-12-02,failed,948528.46,USD,LATAM,CP0271,EQUITY,TDR0150,BOOK_B,2025-07-25
TXN0008443552,APP005,2025-09-30,settled,95922.84,EUR,LATAM,CP0457,EQUITY,TDR0109,BOOK_A,2025-02-28
TXN0006556458,APP005,2026-01-24,active,440651.07,CHF,AMER,CP0086,EQUITY,TDR0001,BOOK_B,2025-04-24
TXN0001063030,APP013,2025-09-16,active,496588.38,AUD,AMER,CP0485,EQUITY,TDR0117,BOOK_B,2026-04-08
TXN0009138362,APP004,2025-07-03,active,902850.19,EUR,APAC,CP0374,BOND,TDR0200,BOOK_D,2026-02-15
TXN0008942543,APP004,2026-02-16,pending,705270.31,AUD,AMER,CP0228,BOND,TDR0027,BOOK_C,2025-03-24
TXN0001848638,APP010,2025-06-21,reversed,791533.27,GBP,LATAM,CP0309,SWAP,TDR0098,BOOK_C,2025-07-12
TXN0000284727,APP001,2025-05-19,failed,352965.23,JPY,APAC,CP0498,EQUITY,TDR0152,BOOK_C,2025-04-12
TXN0004249479,APP018,2025-08-20,reversed,823316.75,USD,LATAM,CP0392,SWAP,TDR0181,BOOK_D,2025-12-19
TXN0003921741,APP002,2026-03-02,active,101050.24,JPY,EMEA,CP0383,FX,TDR0067,BOOK_D,2025-06-23
TXN0005430352,APP001,2025-06-23,pending,387721.35,JPY,AMER,CP0473,OPTION,TDR0049,BOOK_B,2025-03-08
TXN0002529471,APP017,2025-04-01,failed,895468.26,EUR,APAC,CP0314,FUTURE,TDR0012,BOOK_C,2025-06-11
TXN0002392047,APP016,2025-11-07,failed,803704.4,GBP,AMER,CP0105,SWAP,TDR0108,BOOK_B,2025-11-20
TXN0004092401,APP011,2025-09-17,active,394176.33,AUD,LATAM,CP0011,EQUITY,TDR0164,BOOK_A,2025-09-30
TXN0002272646,APP014,2025-05-27,settled,852657.84,AUD,AMER,CP0216,BOND,TDR0017,BOOK_B,2025-04-29
TXN0004779977,APP017,2026-04-14,failed,464978.16,AUD,APAC,CP0328,OPTION,TDR0002,BOOK_C,2025-10-09
TXN0009005428,APP003,2026-01-28,pending,783906.14,USD,APAC,CP0160,FX,TDR0133,BOOK_D,2025-12-03
TXN0007135737,APP006,2025-01-06,pending,705982.97,AUD,EMEA,CP0457,EQUITY,TDR0156,BOOK_C,2025-09-22
TXN0002929795,APP008,2025-07-03,reversed,95046.29,GBP,LATAM,CP0081,EQUITY,TDR0089,BOOK_A,2025-06-02
TXN0002445676,APP017,2025-10-06,reversed,649714.93,EUR,AMER,CP0440,FUTURE,TDR0048,BOOK_B,2026-03-15
TXN0004638301,APP002,2025-04-05,pending,934612.72,JPY,EMEA,CP0120,FX,TDR0146,BOOK_B,2025-11-02
TXN0001068773,APP002,2025-06-20,active,761696.96,EUR,APAC,CP0017,OPTION,TDR0183,BOOK_B,2025-04-16
TXN0000377293,APP011,2026-03-28,active,291365.96,CHF,APAC,CP0336,FX,TDR0020,BOOK_C,2025-05-28
TXN0000086702,APP020,2026-01-02,pending,427897.07,JPY,AMER,CP0001,OPTION,TDR0059,BOOK_C,2025-04-12
TXN0008678255,APP011,2026-04-13,reversed,487446.06,GBP,APAC,CP0344,BOND,TDR0123,BOOK_A,2025-01-11
TXN0002872024,APP016,2025-06-23,reversed,256932.78,CHF,APAC,CP0267,FUTURE,TDR0021,BOOK_D,2025-06-05
TXN0002566612,APP017,2025-03-01,active,558446.98,GBP,APAC,CP0188,OPTION,TDR0159,BOOK_D,2026-01-06
TXN0002080046,APP017,2025-07-25,pending,296491.05,GBP,EMEA,CP0428,SWAP,TDR0083,BOOK_C,2026-03-28
TXN0006441964,APP006,2025-03-01,settled,338739.31,CHF,EMEA,CP0147,EQUITY,TDR0150,BOOK_D,2025-06-22
TXN0008788836,APP008,2025-11-09,reversed,301191.78,CHF,LATAM,CP0409,SWAP,TDR0154,BOOK_D,2025-07-05
TXN0001739118,APP018,2025-06-04,pending,41199.63,USD,EMEA,CP0267,FUTURE,TDR0073,BOOK_B,2025-11-09
TXN0003656309,APP006,2025-06-08,active,890406.49,CHF,EMEA,CP0297,BOND,TDR0122,BOOK_D,2026-01-06
TXN0006451140,APP004,2025-11-11,settled,32077.29,USD,APAC,CP0395,FUTURE,TDR0120,BOOK_A,2026-01-29
TXN0007326206,APP012,2026-03-13,settled,513263.53,USD,EMEA,CP0155,BOND,TDR0009,BOOK_C,2025-11-03
TXN0001380354,APP014,2025-12-29,active,145734.3,GBP,EMEA,CP0109,SWAP,TDR0010,BOOK_C,2026-04-04
TXN0004313924,APP005,2025-12-14,active,820193.41,USD,APAC,CP0406,BOND,TDR0122,BOOK_C,2025-04-17
TXN0002190665,APP009,2026-02-19,settled,277385.5,GBP,APAC,CP0329,FUTURE,TDR0018,BOOK_A,2025-10-19
TXN0006303992,APP009,2025-04-16,settled,358089.84,GBP,APAC,CP0344,OPTION,TDR0029,BOOK_D,2025-02-01
TXN0006657803,APP017,2026-04-05,failed,443248.66,EUR,LATAM,CP0430,SWAP,TDR0179,BOOK_A,2025-09-07
TXN0003318995,APP002,2025-01-17,failed,162169.02,USD,EMEA,CP0401,OPTION,TDR0058,BOOK_C,2025-09-07
TXN0006493143,APP001,2025-07-17,active,421294.8,GBP,APAC,CP0374,EQUITY,TDR0082,BOOK_A,2025-09-23
TXN0004858366,APP001,2025-01-20,reversed,617099.24,JPY,EMEA,CP0167,SWAP,TDR0200,BOOK_D,2025-07-21
TXN0008362805,APP001,2025-03-07,settled,448952.89,JPY,APAC,CP0374,OPTION,TDR0024,BOOK_B,2025-10-13
TXN0008432903,APP004,2025-01-17,reversed,922573.3,USD,EMEA,CP0325,SWAP,TDR0046,BOOK_D,2025-12-11
TXN0006911077,APP012,2026-03-04,failed,984519.54,GBP,APAC,CP0321,BOND,TDR0172,BOOK_B,2025-06-15
TXN0008940133,APP005,2025-11-18,pending,22321.02,AUD,APAC,CP0151,FX,TDR0017,BOOK_B,2025-07-19
TXN0007557627,APP015,2025-09-23,pending,933999.24,GBP,LATAM,CP0315,SWAP,TDR0098,BOOK_C,2025-10-18
TXN0006093432,APP014,2025-02-21,settled,285675.78,USD,AMER,CP0244,BOND,TDR0031,BOOK_D,2026-03-12
TXN0003113921,APP011,2026-03-08,active,558255.93,GBP,AMER,CP0007,OPTION,TDR0046,BOOK_C,2025-05-26
TXN0009283052,APP003,2025-06-24,active,319370.57,USD,LATAM,CP0335,BOND,TDR0136,BOOK_C,2025-11-19
TXN0006618854,APP016,2025-10-27,settled,812523.99,AUD,AMER,CP0383,SWAP,TDR0115,BOOK_C,2025-10-20
TXN0009412200,APP016,2025-01-17,pending,859514.73,AUD,AMER,CP0175,OPTION,TDR0096,BOOK_A,2025-10-27
TXN0001780884,APP019,2025-01-06,reversed,797447.76,USD,LATAM,CP0329,OPTION,TDR0112,BOOK_B,2025-04-15
TXN0003009108,APP004,2026-01-08,failed,999143.38,CHF,APAC,CP0443,BOND,TDR0102,BOOK_C,2025-03-25
TXN0005195770,APP009,2025-11-11,active,317433.82,JPY,APAC,CP0147,EQUITY,TDR0034,BOOK_C,2025-08-27
TXN0002537970,APP002,2025-02-25,pending,20065.79,CHF,AMER,CP0175,FX,TDR0124,BOOK_D,2025-08-07
TXN0008090620,APP016,2026-03-06,pending,52431.98,USD,EMEA,CP0372,FUTURE,TDR0168,BOOK_C,2025-01-07
TXN0005352384,APP020,2025-01-08,settled,522342.1,JPY,AMER,CP0121,SWAP,TDR0112,BOOK_D,2025-04-22
TXN0003058099,APP016,2025-02-02,reversed,490196.74,USD,APAC,CP0433,FUTURE,TDR0049,BOOK_D,2025-12-15
TXN0009932070,APP002,2025-05-01,settled,636784.82,JPY,EMEA,CP0012,OPTION,TDR0142,BOOK_C,2025-05-06
TXN0005464180,APP012,2025-10-03,active,60644.52,GBP,APAC,CP0399,FUTURE,TDR0147,BOOK_A,2025-02-28
TXN0003520101,APP011,2026-04-10,failed,759124.55,JPY,EMEA,CP0401,EQUITY,TDR0113,BOOK_D,2025-05-01
TXN0001037957,APP003,2025-06-14,reversed,973684.91,JPY,LATAM,CP0061,FUTURE,TDR0048,BOOK_D,2026-03-27
TXN0004302998,APP019,2025-10-15,active,550318.91,EUR,EMEA,CP0207,SWAP,TDR0161,BOOK_C,2025-10-11
TXN0008620044,APP019,2026-03-03,reversed,609410.56,JPY,EMEA,CP0312,SWAP,TDR0063,BOOK_C,2025-03-02
TXN0004357492,APP017,2025-07-03,reversed,951763.02,USD,LATAM,CP0263,BOND,TDR0157,BOOK_C,2025-04-10
TXN0001482510,APP003,2026-04-12,pending,580917.46,EUR,APAC,CP0190,OPTION,TDR0079,BOOK_B,2025-10-18
TXN0005729131,APP006,2025-11-18,active,594487.52,JPY,EMEA,CP0025,SWAP,TDR0165,BOOK_C,2026-03-06
TXN0003254966,APP005,2025-08-25,settled,535733.42,EUR,AMER,CP0476,EQUITY,TDR0163,BOOK_A,2025-06-29
TXN0006063226,APP019,2025-11-27,failed,51930.71,AUD,EMEA,CP0247,BOND,TDR0084,BOOK_C,2025-08-26
TXN0007665984,APP017,2025-09-09,reversed,397607.76,AUD,LATAM,CP0322,EQUITY,TDR0128,BOOK_B,2026-01-25
TXN0001950940,APP012,2025-03-28,failed,151456.77,GBP,EMEA,CP0013,BOND,TDR0096,BOOK_C,2025-07-26
TXN0006453652,APP017,2025-08-08,pending,496560.49,CHF,LATAM,CP0304,BOND,TDR0184,BOOK_A,2026-02-19
TXN0004398611,APP004,2025-06-29,settled,462129.53,GBP,EMEA,CP0295,FUTURE,TDR0012,BOOK_D,2025-01-15
TXN0004163439,APP010,2026-03-08,active,310646.08,GBP,APAC,CP0206,FX,TDR0185,BOOK_A,2025-05-26
TXN0004853300,APP020,2025-05-15,active,196452.1,EUR,EMEA,CP0142,BOND,TDR0115,BOOK_A,2025-10-04
TXN0002945090,APP009,2026-03-16,failed,234805.7,GBP,AMER,CP0284,EQUITY,TDR0013,BOOK_A,2025-04-28
TXN0007430589,APP009,2025-02-07,active,368899.54,EUR,EMEA,CP0363,BOND,TDR0111,BOOK_B,2025-08-14
TXN0005787416,APP018,2025-05-18,settled,747884.05,CHF,LATAM,CP0171,FUTURE,TDR0175,BOOK_B,2025-05-20
TXN0004087889,APP007,2026-04-05,failed,707869.86,EUR,APAC,CP0020,FX,TDR0023,BOOK_C,2025-08-07
TXN0002234890,APP010,2025-07-13,pending,948175.31,USD,APAC,CP0468,FUTURE,TDR0163,BOOK_D,2026-04-11
TXN0003319700,APP008,2025-01-21,pending,507973.49,AUD,AMER,CP0092,FUTURE,TDR0150,BOOK_A,2025-10-31
TXN0001427374,APP018,2026-03-22,active,692929.88,GBP,LATAM,CP0437,EQUITY,TDR0086,BOOK_A,2025-04-26
TXN0002541407,APP015,2025-02-19,pending,105903.93,JPY,EMEA,CP0064,SWAP,TDR0127,BOOK_B,2026-03-10
TXN0008363375,APP020,2025-10-03,settled,741969.72,AUD,LATAM,CP0398,FX,TDR0181,BOOK_A,2025-07-31
TXN0002818107,APP011,2025-09-29,failed,549914.13,JPY,AMER,CP0168,OPTION,TDR0153,BOOK_C,2025-10-08
TXN0001209710,APP013,2026-04-07,pending,374017.12,CHF,EMEA,CP0037,FUTURE,TDR0191,BOOK_B,2026-03-19
TXN0005801136,APP016,2025-01-04,settled,774081.75,AUD,LATAM,CP0153,EQUITY,TDR0076,BOOK_B,2025-03-31
TXN0005352993,APP009,2025-04-01,active,972162.51,AUD,APAC,CP0225,SWAP,TDR0196,BOOK_D,2025-03-08
TXN0007663970,APP007,2025-03-30,pending,840748.54,JPY,LATAM,CP0275,OPTION,TDR0063,BOOK_A,2026-02-17
TXN0005210200,APP012,2025-10-29,pending,306491.73,EUR,LATAM,CP0115,BOND,TDR0059,BOOK_C,2025-03-13
TXN0009913964,APP017,2025-09-18,active,152073.05,JPY,AMER,CP0376,OPTION,TDR0171,BOOK_B,2025-12-29
TXN0006151472,APP008,2025-06-10,active,703848.18,CHF,EMEA,CP0327,OPTION,TDR0050,BOOK_C,2025-12-03
TXN0009305979,APP006,2025-12-18,active,137961.89,CHF,LATAM,CP0171,SWAP,TDR0165,BOOK_B,2025-06-15
TXN0000268003,APP005,2025-10-08,reversed,170797.51,JPY,AMER,CP0175,FUTURE,TDR0106,BOOK_B,2026-02-06
TXN0003456216,APP015,2026-04-06,failed,7213.93,AUD,EMEA,CP0458,EQUITY,TDR0081,BOOK_C,2025-01-10
TXN0005602735,APP020,2025-09-06,active,263991.57,CHF,EMEA,CP0232,OPTION,TDR0154,BOOK_D,2025-08-22
TXN0000393937,APP020,2025-11-05,failed,751959.97,GBP,AMER,CP0118,FX,TDR0020,BOOK_D,2026-02-21
TXN0000875152,APP010,2026-01-07,active,967473.17,JPY,EMEA,CP0104,OPTION,TDR0194,BOOK_B,2025-10-27
TXN0009273760,APP008,2025-11-27,active,436257.31,AUD,APAC,CP0095,BOND,TDR0170,BOOK_C,2025-05-23
TXN0000341066,APP019,2025-04-18,reversed,50638.5,JPY,APAC,CP0060,EQUITY,TDR0132,BOOK_B,2026-02-27
TXN0001099347,APP015,2025-06-19,settled,484018.49,USD,EMEA,CP0213,EQUITY,TDR0164,BOOK_D,2025-08-28
TXN0008317722,APP011,2026-04-11,settled,33385.83,AUD,EMEA,CP0186,EQUITY,TDR0168,BOOK_D,2025-05-11
TXN0009946843,APP007,2025-12-30,pending,119534.52,AUD,EMEA,CP0412,FUTURE,TDR0052,BOOK_C,2025-10-14
TXN0001755706,APP016,2025-05-22,pending,95065.92,USD,EMEA,CP0378,FX,TDR0152,BOOK_D,2025-11-03
TXN0005351304,APP004,2025-10-11,reversed,404579.55,AUD,LATAM,CP0096,FX,TDR0053,BOOK_D,2025-07-21
TXN0001604077,APP007,2025-07-23,pending,871644.34,EUR,APAC,CP0272,FUTURE,TDR0028,BOOK_B,2025-01-08
TXN0007324733,APP004,2025-10-15,settled,474857.42,EUR,LATAM,CP0031,FX,TDR0158,BOOK_D,2026-03-22
TXN0006874688,APP005,2025-09-28,failed,779790.99,JPY,LATAM,CP0054,FX,TDR0075,BOOK_D,2025-02-19
TXN0000597322,APP004,2025-10-04,active,348695.76,JPY,EMEA,CP0217,EQUITY,TDR0102,BOOK_C,2025-12-04
TXN0003100841,APP017,2026-02-05,settled,983934.66,AUD,APAC,CP0383,FX,TDR0136,BOOK_B,2026-01-04
TXN0006228050,APP012,2025-02-04,failed,720613.19,GBP,LATAM,CP0319,BOND,TDR0188,BOOK_D,2025-04-05
TXN0003795076,APP004,2025-11-19,settled,545215.33,AUD,APAC,CP0235,SWAP,TDR0016,BOOK_C,2026-01-25
TXN0008642861,APP016,2025-10-23,reversed,415280.28,EUR,EMEA,CP0313,OPTION,TDR0200,BOOK_C,2025-04-11
TXN0003778771,APP005,2025-03-19,reversed,496577.93,JPY,AMER,CP0003,EQUITY,TDR0095,BOOK_C,2025-07-12
TXN0006061743,APP006,2025-10-29,settled,741827.95,CHF,AMER,CP0163,OPTION,TDR0120,BOOK_A,2025-02-02
TXN0006315728,APP020,2025-01-25,pending,526107.57,USD,APAC,CP0098,SWAP,TDR0111,BOOK_A,2025-01-30
TXN0009427792,APP008,2025-05-15,settled,668323.02,AUD,LATAM,CP0180,EQUITY,TDR0162,BOOK_C,2025-03-15
TXN0007349146,APP020,2025-11-23,active,334254.12,USD,EMEA,CP0396,FX,TDR0113,BOOK_D,2025-03-19
TXN0002279196,APP006,2025-05-18,reversed,168001.77,USD,AMER,CP0294,SWAP,TDR0117,BOOK_B,2025-01-06
TXN0003422050,APP006,2025-05-20,pending,573047.04,GBP,AMER,CP0376,FUTURE,TDR0175,BOOK_D,2026-03-05
TXN0000655926,APP011,2025-12-26,reversed,712445.11,EUR,APAC,CP0089,BOND,TDR0082,BOOK_C,2026-02-14
TXN0002097839,APP006,2025-08-19,reversed,276534.47,CHF,AMER,CP0231,BOND,TDR0078,BOOK_A,2026-04-03
TXN0007924964,APP005,2025-01-08,reversed,190801.04,EUR,AMER,CP0098,BOND,TDR0144,BOOK_C,2025-02-22
TXN0007688620,APP016,2026-01-29,reversed,978758.64,GBP,APAC,CP0395,BOND,TDR0185,BOOK_B,2025-09-12
TXN0007151918,APP005,2025-08-10,pending,575257.85,USD,AMER,CP0455,EQUITY,TDR0022,BOOK_C,2025-08-09
TXN0009093044,APP002,2025-04-09,failed,194650.16,GBP,AMER,CP0468,BOND,TDR0007,BOOK_C,2025-02-18
TXN0006054965,APP005,2025-06-20,reversed,712604.19,EUR,APAC,CP0457,SWAP,TDR0027,BOOK_A,2025-05-19
TXN0000224353,APP016,2025-01-06,active,185633.21,GBP,AMER,CP0236,FUTURE,TDR0167,BOOK_A,2025-12-20
TXN0002822512,APP006,2025-11-23,pending,982143.21,EUR,EMEA,CP0014,FX,TDR0064,BOOK_D,2025-01-21
TXN0004284415,APP016,2025-01-31,pending,64922.59,AUD,APAC,CP0490,EQUITY,TDR0166,BOOK_A,2025-10-24
TXN0004842905,APP008,2025-11-07,settled,346901.67,EUR,APAC,CP0088,EQUITY,TDR0021,BOOK_D,2025-03-25
TXN0000906807,APP005,2025-02-03,reversed,240583.46,AUD,LATAM,CP0068,SWAP,TDR0006,BOOK_A,2025-10-20
TXN0009153432,APP011,2025-07-07,active,841358.25,GBP,APAC,CP0092,OPTION,TDR0084,BOOK_C,2025-05-18
TXN0002978521,APP006,2025-05-12,settled,606237.4,JPY,AMER,CP0068,FUTURE,TDR0157,BOOK_B,2025-10-09
TXN0005182253,APP013,2025-09-20,pending,370292.73,JPY,APAC,CP0316,FX,TDR0128,BOOK_C,2025-02-17
TXN0009982094,APP005,2026-01-14,reversed,294338.45,USD,AMER,CP0430,FX,TDR0114,BOOK_D,2025-03-04
TXN0001679108,APP016,2025-06-02,reversed,833597.39,USD,EMEA,CP0396,EQUITY,TDR0132,BOOK_A,2025-11-20
TXN0003541251,APP007,2026-01-27,failed,996737.86,AUD,APAC,CP0332,EQUITY,TDR0080,BOOK_D,2025-12-03
TXN0007315397,APP016,2025-07-02,active,36832.37,EUR,LATAM,CP0364,BOND,TDR0094,BOOK_C,2025-12-26
TXN0005335229,APP013,2025-11-01,pending,843391.05,GBP,AMER,CP0146,EQUITY,TDR0092,BOOK_B,2025-08-21
TXN0001086795,APP003,2025-12-17,active,435307.1,CHF,LATAM,CP0391,FX,TDR0051,BOOK_C,2026-01-03
TXN0005995831,APP003,2025-04-12,failed,689169.25,USD,LATAM,CP0438,BOND,TDR0150,BOOK_C,2026-01-15
TXN0009685842,APP015,2025-07-03,failed,978633.51,JPY,AMER,CP0243,FUTURE,TDR0013,BOOK_D,2025-07-03
TXN0008909507,APP016,2025-07-29,pending,473222.68,GBP,AMER,CP0043,FX,TDR0136,BOOK_C,2026-01-26
TXN0005247147,APP009,2025-09-27,pending,222723.08,EUR,LATAM,CP0043,EQUITY,TDR0154,BOOK_B,2026-01-13
TXN0002549718,APP010,2026-02-18,reversed,110783.7,USD,APAC,CP0287,EQUITY,TDR0086,BOOK_A,2025-03-12
TXN0007366178,APP005,2026-01-10,active,314807.86,AUD,EMEA,CP0489,FUTURE,TDR0159,BOOK_D,2026-04-10
TXN0008578045,APP013,2025-01-16,settled,69787.09,GBP,APAC,CP0397,EQUITY,TDR0042,BOOK_A,2025-08-13
TXN0000156661,APP016,2025-03-23,failed,101800.14,EUR,EMEA,CP0239,SWAP,TDR0166,BOOK_C,2025-06-01
TXN0009144373,APP009,2025-09-26,reversed,68335.84,EUR,EMEA,CP0232,BOND,TDR0165,BOOK_D,2025-06-09
TXN0004325332,APP017,2025-11-30,active,656395.8,EUR,AMER,CP0453,BOND,TDR0107,BOOK_C,2026-03-06
TXN0006882076,APP006,2025-06-27,reversed,530796.36,USD,EMEA,CP0205,BOND,TDR0136,BOOK_C,2026-01-12
TXN0008514660,APP013,2025-07-26,settled,352076.55,GBP,APAC,CP0476,EQUITY,TDR0013,BOOK_D,2025-08-12
TXN0006915640,APP019,2025-07-23,settled,4707.62,AUD,LATAM,CP0310,EQUITY,TDR0080,BOOK_A,2025-07-02
TXN0003026971,APP008,2025-01-28,pending,253542.42,EUR,EMEA,CP0494,EQUITY,TDR0026,BOOK_B,2025-05-06
TXN0005921532,APP005,2025-03-24,settled,616635.09,EUR,AMER,CP0430,OPTION,TDR0010,BOOK_C,2026-03-20
TXN0007278975,APP001,2026-03-28,reversed,566869.08,GBP,EMEA,CP0358,EQUITY,TDR0069,BOOK_D,2025-08-15
TXN0006270196,APP014,2025-04-30,failed,200174.49,USD,LATAM,CP0088,OPTION,TDR0114,BOOK_C,2025-08-07
TXN0004929330,APP005,2025-11-13,settled,958620.17,GBP,APAC,CP0276,SWAP,TDR0022,BOOK_A,2025-05-13
TXN0004166693,APP007,2025-03-29,reversed,614877.05,GBP,AMER,CP0492,FUTURE,TDR0137,BOOK_D,2025-05-20
TXN0009642724,APP019,2025-09-30,failed,225444.47,JPY,EMEA,CP0333,FX,TDR0073,BOOK_D,2025-10-06
TXN0001658180,APP005,2025-03-30,active,347984.65,EUR,LATAM,CP0036,SWAP,TDR0143,BOOK_C,2025-04-01
TXN0009718968,APP012,2025-07-24,settled,17349.89,CHF,APAC,CP0048,FUTURE,TDR0144,BOOK_D,2025-03-13
TXN0009670945,APP004,2025-09-24,reversed,809404.88,JPY,EMEA,CP0052,EQUITY,TDR0149,BOOK_B,2025-06-08
TXN0007579653,APP006,2025-03-13,failed,317685.05,AUD,AMER,CP0374,SWAP,TDR0042,BOOK_D,2025-11-05
TXN0005300585,APP015,2025-11-06,reversed,146921.06,EUR,APAC,CP0345,BOND,TDR0151,BOOK_A,2025-03-18
TXN0009124067,APP003,2025-05-15,failed,473125.52,CHF,APAC,CP0120,FX,TDR0130,BOOK_A,2026-02-07
TXN0005833637,APP020,2025-11-12,failed,435428.69,CHF,LATAM,CP0226,OPTION,TDR0061,BOOK_B,2025-02-14
TXN0002489313,APP010,2025-08-15,active,535786.44,GBP,APAC,CP0416,FUTURE,TDR0064,BOOK_D,2025-08-14
TXN0003678462,APP006,2025-09-04,pending,925502.99,EUR,AMER,CP0260,BOND,TDR0053,BOOK_A,2025-07-26
TXN0009897277,APP001,2026-02-04,pending,267049.04,JPY,APAC,CP0176,EQUITY,TDR0106,BOOK_A,2025-10-04
TXN0005275880,APP005,2025-03-21,settled,871659.05,JPY,EMEA,CP0006,FX,TDR0032,BOOK_D,2025-12-18
TXN0006832991,APP015,2026-01-28,failed,670355.96,EUR,LATAM,CP0493,FX,TDR0073,BOOK_C,2025-06-07
TXN0004544543,APP004,2025-07-17,pending,973459.38,USD,EMEA,CP0178,FUTURE,TDR0016,BOOK_C,2025-04-03
TXN0007967931,APP009,2025-02-03,failed,428889.5,GBP,APAC,CP0468,BOND,TDR0037,BOOK_B,2025-12-02
TXN0002292460,APP015,2025-02-05,settled,767445.11,JPY,AMER,CP0135,EQUITY,TDR0192,BOOK_B,2025-03-21
TXN0007610621,APP011,2026-02-25,active,151043.91,EUR,APAC,CP0087,FX,TDR0027,BOOK_A,2025-11-19
TXN0009694997,APP014,2025-10-11,failed,677078.1,CHF,EMEA,CP0387,FX,TDR0128,BOOK_B,2026-03-26
TXN0000462633,APP007,2025-07-16,settled,986756.98,GBP,LATAM,CP0225,FX,TDR0156,BOOK_C,2025-07-07
TXN0003247343,APP014,2025-04-19,failed,413779.54,USD,AMER,CP0288,OPTION,TDR0005,BOOK_D,2025-04-11
TXN0005510641,APP017,2026-03-19,active,55292.7,EUR,LATAM,CP0055,EQUITY,TDR0106,BOOK_B,2025-12-16
TXN0008806106,APP005,2025-02-11,reversed,640947.71,CHF,APAC,CP0301,EQUITY,TDR0187,BOOK_C,2025-06-26
TXN0001288222,APP004,2026-02-09,pending,401549.37,GBP,APAC,CP0122,FX,TDR0075,BOOK_D,2025-07-12
TXN0003845774,APP001,2026-01-03,reversed,49294.51,EUR,AMER,CP0299,FX,TDR0020,BOOK_D,2025-12-16
TXN0005952750,APP012,2025-02-04,pending,764422.78,USD,APAC,CP0289,SWAP,TDR0134,BOOK_D,2025-06-14
TXN0009424017,APP017,2025-04-23,active,860839.17,AUD,AMER,CP0482,SWAP,TDR0010,BOOK_B,2025-04-16
TXN0005869179,APP014,2025-12-12,settled,346753.57,CHF,EMEA,CP0019,FUTURE,TDR0135,BOOK_C,2025-08-12
TXN0006490511,APP004,2025-11-09,pending,866861.14,JPY,APAC,CP0016,EQUITY,TDR0133,BOOK_C,2026-02-27
TXN0002517980,APP013,2026-03-17,reversed,306614.13,EUR,AMER,CP0293,FUTURE,TDR0142,BOOK_A,2025-02-26
TXN0008447858,APP019,2026-03-04,reversed,218912.79,JPY,APAC,CP0085,FUTURE,TDR0183,BOOK_C,2025-05-13
TXN0001208367,APP003,2025-10-05,active,39554.12,USD,EMEA,CP0392,FUTURE,TDR0095,BOOK_A,2025-12-17
TXN0003192437,APP011,2025-02-27,settled,838751.52,JPY,AMER,CP0402,EQUITY,TDR0171,BOOK_D,2025-12-28
TXN0005166647,APP012,2026-02-04,reversed,432674.11,GBP,APAC,CP0468,SWAP,TDR0172,BOOK_D,2025-06-08
TXN0006742882,APP002,2026-03-29,active,295303.94,EUR,EMEA,CP0357,FX,TDR0141,BOOK_B,2025-09-28
TXN0003846457,APP006,2025-06-07,failed,271204.83,JPY,LATAM,CP0191,SWAP,TDR0094,BOOK_A,2025-03-26
TXN0002440987,APP018,2025-06-02,active,95278.91,GBP,LATAM,CP0481,FX,TDR0138,BOOK_B,2026-03-31
TXN0002324670,APP007,2025-10-29,pending,317802.15,EUR,LATAM,CP0097,FUTURE,TDR0102,BOOK_B,2025-03-17
TXN0003069082,APP005,2025-12-13,settled,925510.3,AUD,EMEA,CP0037,FX,TDR0132,BOOK_B,2026-01-05
TXN0003791657,APP011,2025-10-30,failed,833496.62,EUR,AMER,CP0087,FX,TDR0117,BOOK_B,2026-02-06
TXN0002028470,APP019,2025-09-02,settled,388742.05,JPY,EMEA,CP0175,FUTURE,TDR0031,BOOK_C,2026-01-21
TXN0001840954,APP011,2025-11-23,settled,915726.36,GBP,EMEA,CP0157,OPTION,TDR0132,BOOK_A,2025-08-05
TXN0006200020,APP006,2025-10-31,failed,108463.83,GBP,AMER,CP0274,EQUITY,TDR0065,BOOK_A,2025-08-28
TXN0000632302,APP010,2025-06-04,settled,167509.26,AUD,EMEA,CP0432,EQUITY,TDR0022,BOOK_C,2025-12-21
TXN0001323704,APP015,2026-01-23,active,114295.09,CHF,APAC,CP0338,EQUITY,TDR0129,BOOK_B,2025-04-08
TXN0000412447,APP007,2026-04-08,active,412409.38,AUD,EMEA,CP0230,FX,TDR0083,BOOK_C,2026-03-21
TXN0004239730,APP017,2025-10-04,failed,949946.66,GBP,EMEA,CP0493,FUTURE,TDR0111,BOOK_C,2025-06-28
TXN0002446370,APP015,2025-03-15,active,506546.73,CHF,EMEA,CP0020,FUTURE,TDR0136,BOOK_C,2026-01-02
TXN0001227074,APP011,2025-07-10,failed,194287.99,GBP,APAC,CP0461,OPTION,TDR0101,BOOK_D,2025-02-03
TXN0007038652,APP001,2026-03-17,failed,898771.88,USD,EMEA,CP0417,FUTURE,TDR0036,BOOK_B,2025-12-12
TXN0009204749,APP014,2025-07-16,pending,994208.27,USD,LATAM,CP0423,FUTURE,TDR0027,BOOK_B,2025-12-24
TXN0000994073,APP011,2025-01-23,settled,720135.3,JPY,LATAM,CP0095,BOND,TDR0127,BOOK_B,2025-12-08
TXN0004670761,APP006,2025-04-08,settled,676420.41,JPY,AMER,CP0047,FX,TDR0108,BOOK_C,2025-06-04
TXN0001493798,APP006,2026-03-22,pending,549139.38,AUD,AMER,CP0429,EQUITY,TDR0086,BOOK_A,2026-04-01
TXN0002700112,APP002,2025-12-17,settled,78515.6,AUD,APAC,CP0074,FUTURE,TDR0040,BOOK_D,2025-12-21
TXN0000503320,APP013,2025-01-10,failed,782563.83,AUD,APAC,CP0445,FX,TDR0033,BOOK_D,2025-02-06
TXN0008917646,APP013,2025-12-23,failed,311462.38,GBP,AMER,CP0270,FX,TDR0071,BOOK_D,2025-01-09
TXN0000254644,APP020,2025-04-19,reversed,367089.97,AUD,EMEA,CP0279,FX,TDR0138,BOOK_D,2025-06-08
TXN0002850592,APP011,2025-12-30,settled,421127.87,GBP,AMER,CP0222,OPTION,TDR0105,BOOK_C,2025-03-17
TXN0000964424,APP019,2025-10-01,failed,466309.53,USD,LATAM,CP0422,BOND,TDR0011,BOOK_D,2025-09-23
TXN0001793355,APP005,2025-08-28,pending,28930.92,USD,AMER,CP0293,SWAP,TDR0113,BOOK_B,2025-01-16
TXN0000762390,APP014,2025-06-29,reversed,230719.87,AUD,EMEA,CP0483,FUTURE,TDR0059,BOOK_B,2026-02-22
TXN0009770058,APP015,2025-09-04,settled,101136.67,CHF,LATAM,CP0132,FUTURE,TDR0118,BOOK_D,2026-01-06
TXN0005278838,APP015,2025-12-22,pending,530295.5,CHF,EMEA,CP0262,OPTION,TDR0093,BOOK_B,2026-03-10
TXN0007021747,APP001,2025-11-26,active,793984.55,USD,AMER,CP0390,EQUITY,TDR0189,BOOK_D,2025-09-22
TXN0008030057,APP003,2026-04-14,pending,653155.38,CHF,APAC,CP0346,FX,TDR0084,BOOK_B,2026-01-02
TXN0009678257,APP008,2025-07-17,failed,365740.43,EUR,AMER,CP0041,EQUITY,TDR0186,BOOK_D,2025-12-17
TXN0002804418,APP019,2025-06-10,failed,790717.76,CHF,AMER,CP0070,BOND,TDR0137,BOOK_A,2026-04-14
TXN0002504340,APP019,2025-01-11,reversed,814728.09,JPY,AMER,CP0233,SWAP,TDR0033,BOOK_D,2025-08-09
TXN0007980828,APP013,2025-02-19,settled,598893.61,JPY,AMER,CP0288,FX,TDR0196,BOOK_D,2026-01-27
TXN0005182085,APP019,2025-12-30,active,282895.5,JPY,LATAM,CP0331,EQUITY,TDR0152,BOOK_C,2025-05-24
TXN0006619784,APP018,2025-06-24,reversed,523667.76,CHF,AMER,CP0247,OPTION,TDR0150,BOOK_D,2025-09-29
TXN0000920499,APP005,2025-07-08,active,787815.36,EUR,APAC,CP0427,EQUITY,TDR0051,BOOK_A,2025-04-28
TXN0009782033,APP005,2025-09-18,pending,413274.81,JPY,LATAM,CP0466,BOND,TDR0047,BOOK_D,2025-05-09
TXN0003787348,APP012,2025-01-19,active,506288.03,CHF,AMER,CP0338,EQUITY,TDR0119,BOOK_C,2026-02-10
TXN0002119395,APP012,2025-09-28,settled,63425.34,EUR,APAC,CP0152,FUTURE,TDR0111,BOOK_B,2026-02-01
TXN0007991247,APP006,2026-03-24,pending,298888.93,AUD,EMEA,CP0395,FUTURE,TDR0177,BOOK_C,2025-12-11
TXN0006170610,APP007,2025-06-23,active,347889.2,AUD,APAC,CP0491,FX,TDR0165,BOOK_B,2025-01-27
TXN0004596596,APP009,2025-08-31,settled,416925.67,GBP,AMER,CP0478,OPTION,TDR0014,BOOK_B,2025-03-10
TXN0002039367,APP010,2025-10-28,active,471154.2,EUR,APAC,CP0452,FX,TDR0017,BOOK_D,2025-10-24
TXN0002534803,APP011,2025-03-26,settled,837096.45,JPY,APAC,CP0244,FX,TDR0188,BOOK_B,2026-04-10
TXN0008098460,APP013,2025-09-21,pending,27369.79,AUD,LATAM,CP0004,FUTURE,TDR0019,BOOK_B,2025-12-05
TXN0007807198,APP015,2025-10-20,active,208813.91,AUD,LATAM,CP0326,BOND,TDR0046,BOOK_A,2025-01-04
TXN0004736508,APP005,2025-08-27,settled,553049.18,JPY,LATAM,CP0426,EQUITY,TDR0074,BOOK_C,2026-01-14
TXN0000311246,APP020,2025-02-06,pending,449557.37,CHF,LATAM,CP0042,EQUITY,TDR0027,BOOK_B,2025-12-04
TXN0000940330,APP007,2026-03-28,active,426955.23,CHF,LATAM,CP0149,OPTION,TDR0085,BOOK_A,2025-07-06
TXN0008983214,APP005,2025-11-25,pending,477986.28,EUR,EMEA,CP0234,SWAP,TDR0152,BOOK_D,2025-05-29
TXN0002160219,APP006,2025-10-18,active,981740.63,USD,AMER,CP0323,FUTURE,TDR0059,BOOK_D,2025-01-08
TXN0005626817,APP020,2026-02-26,active,983546.91,GBP,AMER,CP0339,FX,TDR0085,BOOK_C,2025-02-15
TXN0001096083,APP015,2025-09-22,failed,373291.32,EUR,LATAM,CP0202,EQUITY,TDR0009,BOOK_B,2026-03-22
TXN0005424592,APP019,2025-08-02,settled,530600.73,CHF,EMEA,CP0120,EQUITY,TDR0071,BOOK_B,2025-02-21
TXN0008549403,APP006,2025-01-07,reversed,384850.83,CHF,EMEA,CP0096,FX,TDR0001,BOOK_D,2025-10-11
TXN0008659933,APP005,2025-11-21,active,727832.0,AUD,EMEA,CP0232,SWAP,TDR0192,BOOK_A,2025-03-11
TXN0007082578,APP008,2026-03-21,failed,44054.0,AUD,APAC,CP0066,OPTION,TDR0003,BOOK_C,2025-11-25
TXN0007073330,APP014,2025-11-30,reversed,682617.71,EUR,EMEA,CP0086,SWAP,TDR0123,BOOK_A,2025-08-07
TXN0004728547,APP015,2025-08-01,settled,94278.27,JPY,EMEA,CP0390,EQUITY,TDR0033,BOOK_B,2025-10-20
TXN0007935556,APP017,2025-01-16,settled,864246.36,CHF,LATAM,CP0101,FX,TDR0084,BOOK_C,2026-03-02
TXN0007319717,APP018,2025-11-30,pending,141698.27,USD,LATAM,CP0263,OPTION,TDR0183,BOOK_D,2026-02-04
TXN0008947308,APP002,2025-07-27,failed,629458.03,AUD,AMER,CP0003,EQUITY,TDR0110,BOOK_C,2025-01-09
TXN0003128770,APP006,2025-01-26,reversed,779927.78,EUR,AMER,CP0061,BOND,TDR0067,BOOK_C,2025-01-12
TXN0006454011,APP017,2025-01-27,reversed,972367.27,AUD,LATAM,CP0060,FX,TDR0116,BOOK_D,2025-10-27
TXN0007759578,APP002,2025-05-22,settled,910357.48,JPY,LATAM,CP0340,OPTION,TDR0069,BOOK_A,2025-11-24
TXN0004571273,APP019,2025-12-15,failed,799618.54,GBP,AMER,CP0235,FX,TDR0082,BOOK_C,2026-03-14
TXN0003970174,APP015,2025-04-22,reversed,992574.96,AUD,LATAM,CP0252,SWAP,TDR0031,BOOK_B,2025-08-06
TXN0009084889,APP013,2026-02-13,settled,856584.34,GBP,APAC,CP0426,FUTURE,TDR0199,BOOK_C,2025-11-24
TXN0006289040,APP011,2025-03-26,pending,272845.48,EUR,EMEA,CP0259,SWAP,TDR0186,BOOK_A,2025-01-14
TXN0009761614,APP010,2026-02-20,active,762356.21,JPY,LATAM,CP0257,FX,TDR0048,BOOK_B,2025-08-03
TXN0000855620,APP015,2025-06-29,active,722591.61,GBP,APAC,CP0377,EQUITY,TDR0095,BOOK_C,2025-05-07
TXN0002033060,APP017,2025-12-29,failed,190734.9,AUD,AMER,CP0382,BOND,TDR0039,BOOK_D,2025-03-16
TXN0007206879,APP001,2026-01-08,active,415997.65,CHF,AMER,CP0074,EQUITY,TDR0126,BOOK_C,2025-02-07
TXN0007255514,APP010,2025-06-13,failed,512006.54,USD,AMER,CP0490,FX,TDR0192,BOOK_D,2025-04-25
TXN0009360042,APP016,2025-11-16,reversed,384448.13,AUD,APAC,CP0338,SWAP,TDR0002,BOOK_D,2025-12-26
TXN0009685925,APP005,2025-02-16,failed,607563.31,AUD,LATAM,CP0293,SWAP,TDR0086,BOOK_A,2026-01-13
TXN0006603570,APP018,2025-04-26,pending,208111.2,USD,APAC,CP0151,FUTURE,TDR0016,BOOK_B,2025-01-06
TXN0000319381,APP011,2025-08-13,failed,580817.82,AUD,EMEA,CP0226,BOND,TDR0196,BOOK_B,2025-05-04
TXN0003002139,APP013,2025-12-16,pending,413568.71,JPY,AMER,CP0457,FX,TDR0109,BOOK_A,2025-04-19
TXN0008200461,APP015,2025-10-18,reversed,939800.9,CHF,EMEA,CP0275,SWAP,TDR0025,BOOK_D,2025-03-19
TXN0000373656,APP020,2025-02-27,reversed,243451.29,CHF,AMER,CP0167,FUTURE,TDR0123,BOOK_D,2025-03-16
TXN0009784558,APP016,2025-08-27,active,775709.58,CHF,LATAM,CP0352,SWAP,TDR0039,BOOK_C,2025-04-24
TXN0005188558,APP002,2025-01-09,settled,224824.06,EUR,AMER,CP0422,BOND,TDR0125,BOOK_D,2026-03-07
TXN0001214326,APP016,2025-05-13,settled,968027.88,EUR,EMEA,CP0276,EQUITY,TDR0188,BOOK_B,2025-11-22
TXN0001674904,APP018,2025-08-01,failed,791762.39,CHF,APAC,CP0326,FX,TDR0135,BOOK_C,2025-07-04
TXN0003199041,APP020,2025-02-15,settled,110618.12,USD,APAC,CP0410,FX,TDR0097,BOOK_A,2025-08-05
TXN0004308734,APP007,2025-02-12,reversed,287017.03,AUD,AMER,CP0285,BOND,TDR0140,BOOK_A,2025-12-31
TXN0000629481,APP004,2025-03-01,active,849376.24,AUD,EMEA,CP0476,FX,TDR0182,BOOK_A,2025-07-11
TXN0000072710,APP012,2025-02-20,reversed,999142.57,CHF,AMER,CP0127,FX,TDR0070,BOOK_B,2025-10-25
TXN0005659189,APP006,2026-02-14,failed,258133.88,EUR,LATAM,CP0330,FUTURE,TDR0067,BOOK_B,2026-02-25
TXN0008324427,APP005,2025-02-07,active,623055.66,EUR,APAC,CP0006,FUTURE,TDR0035,BOOK_D,2025-01-16
TXN0002540833,APP012,2025-12-05,active,186383.92,USD,APAC,CP0450,FUTURE,TDR0076,BOOK_A,2025-11-16
TXN0003504135,APP010,2025-01-08,settled,262892.72,JPY,APAC,CP0022,SWAP,TDR0139,BOOK_D,2025-02-20
TXN0007711806,APP015,2025-03-16,pending,324280.74,AUD,AMER,CP0433,OPTION,TDR0016,BOOK_A,2025-11-24
TXN0002765093,APP001,2025-04-07,pending,376621.35,JPY,APAC,CP0441,FUTURE,TDR0117,BOOK_D,2025-05-17
TXN0003303068,APP009,2025-05-08,pending,905581.08,GBP,LATAM,CP0444,BOND,TDR0021,BOOK_A,2025-11-19
TXN0008451848,APP007,2025-11-05,pending,189093.31,USD,EMEA,CP0168,EQUITY,TDR0130,BOOK_D,2026-01-26
TXN0002347617,APP004,2026-01-10,failed,290192.99,EUR,AMER,CP0380,OPTION,TDR0037,BOOK_D,2026-04-13
TXN0003275685,APP005,2025-03-23,reversed,501557.96,AUD,EMEA,CP0023,SWAP,TDR0109,BOOK_C,2025-09-17
TXN0008341877,APP009,2025-06-04,settled,682760.43,GBP,EMEA,CP0448,OPTION,TDR0109,BOOK_D,2025-04-07
TXN0006251271,APP007,2025-01-15,failed,49325.74,JPY,APAC,CP0051,SWAP,TDR0048,BOOK_A,2025-02-06
TXN0001335870,APP008,2026-03-17,failed,963486.72,JPY,APAC,CP0456,FUTURE,TDR0011,BOOK_B,2026-02-16
TXN0002469689,APP016,2026-02-12,failed,870023.62,JPY,LATAM,CP0148,OPTION,TDR0178,BOOK_C,2025-10-04
TXN0008510679,APP002,2025-05-13,active,208183.03,USD,EMEA,CP0265,EQUITY,TDR0197,BOOK_C,2025-04-06
TXN0000250864,APP016,2025-05-20,settled,23216.54,USD,LATAM,CP0443,SWAP,TDR0142,BOOK_A,2025-01-24
TXN0001538581,APP015,2025-02-05,active,916892.04,AUD,APAC,CP0015,FX,TDR0029,BOOK_A,2025-11-14
TXN0006131601,APP003,2025-11-19,failed,411162.67,JPY,AMER,CP0070,SWAP,TDR0089,BOOK_A,2025-10-02
TXN0000779253,APP008,2025-05-18,failed,417253.05,GBP,EMEA,CP0237,EQUITY,TDR0163,BOOK_C,2025-01-13
TXN0007050608,APP017,2025-07-17,reversed,758428.06,GBP,EMEA,CP0187,FUTURE,TDR0047,BOOK_B,2025-09-23
TXN0008318213,APP012,2025-06-24,active,96239.85,EUR,APAC,CP0357,OPTION,TDR0129,BOOK_B,2025-01-23
TXN0005355442,APP009,2025-04-13,pending,643407.43,CHF,EMEA,CP0432,OPTION,TDR0090,BOOK_B,2026-02-18
TXN0006956212,APP001,2026-03-14,settled,521648.12,USD,LATAM,CP0127,EQUITY,TDR0183,BOOK_C,2025-04-23
TXN0007574488,APP013,2025-08-14,reversed,193324.36,JPY,LATAM,CP0458,OPTION,TDR0162,BOOK_D,2025-04-26
TXN0005333661,APP001,2026-01-14,active,695581.04,AUD,APAC,CP0200,BOND,TDR0108,BOOK_D,2025-09-25
TXN0000005315,APP005,2025-06-19,pending,323353.62,EUR,AMER,CP0014,FX,TDR0011,BOOK_D,2025-04-28
TXN0006886040,APP010,2025-06-14,pending,71814.68,CHF,EMEA,CP0211,SWAP,TDR0147,BOOK_A,2025-08-06
TXN0000400902,APP011,2025-05-15,failed,593087.18,JPY,EMEA,CP0123,OPTION,TDR0100,BOOK_A,2025-09-22
TXN0006720550,APP009,2025-12-22,reversed,479552.71,CHF,AMER,CP0347,OPTION,TDR0027,BOOK_C,2025-08-25
TXN0004442391,APP007,2026-03-14,settled,801014.71,AUD,AMER,CP0457,FUTURE,TDR0199,BOOK_D,2026-01-08
TXN0007629877,APP004,2025-10-03,failed,446469.97,JPY,LATAM,CP0484,BOND,TDR0122,BOOK_D,2025-08-22
TXN0009104099,APP012,2025-10-30,pending,136687.61,CHF,AMER,CP0394,BOND,TDR0079,BOOK_D,2025-04-18
TXN0000176354,APP009,2025-10-18,pending,197709.5,EUR,EMEA,CP0204,BOND,TDR0133,BOOK_D,2025-05-05
TXN0008605044,APP001,2025-02-14,failed,882209.7,EUR,APAC,CP0414,BOND,TDR0108,BOOK_C,2025-07-13
TXN0005579926,APP007,2025-06-03,reversed,828690.03,CHF,AMER,CP0388,OPTION,TDR0151,BOOK_C,2025-11-25
TXN0004798481,APP017,2026-04-14,pending,928143.57,EUR,AMER,CP0150,BOND,TDR0069,BOOK_C,2025-05-14
TXN0002390665,APP007,2025-11-28,pending,995416.15,USD,LATAM,CP0390,EQUITY,TDR0086,BOOK_C,2025-04-03
TXN0005246135,APP003,2025-03-22,pending,341970.53,USD,LATAM,CP0410,EQUITY,TDR0058,BOOK_B,2025-08-14
TXN0008095382,APP013,2025-07-19,settled,610505.64,GBP,AMER,CP0063,SWAP,TDR0080,BOOK_D,2025-12-02
TXN0009518845,APP002,2025-02-18,active,70020.64,GBP,AMER,CP0295,EQUITY,TDR0189,BOOK_B,2025-06-18
TXN0005686064,APP012,2025-08-07,active,30806.11,EUR,EMEA,CP0222,FX,TDR0067,BOOK_A,2025-12-17
TXN0006740026,APP020,2025-12-21,active,239037.81,AUD,EMEA,CP0249,EQUITY,TDR0087,BOOK_A,2025-01-15
TXN0004009323,APP001,2025-09-09,pending,706157.08,AUD,LATAM,CP0299,BOND,TDR0091,BOOK_D,2026-04-06
TXN0002521905,APP003,2025-01-25,pending,317679.53,GBP,AMER,CP0391,SWAP,TDR0194,BOOK_D,2025-08-14
TXN0004200810,APP004,2025-02-27,active,849327.68,USD,EMEA,CP0177,EQUITY,TDR0162,BOOK_A,2025-08-13
TXN0009775912,APP005,2026-02-05,reversed,943516.74,USD,EMEA,CP0338,BOND,TDR0044,BOOK_A,2025-05-08
TXN0007524183,APP015,2025-09-22,settled,329759.65,GBP,AMER,CP0498,FX,TDR0087,BOOK_B,2025-10-17
TXN0003028530,APP019,2025-02-23,reversed,409522.56,CHF,EMEA,CP0473,BOND,TDR0012,BOOK_B,2025-12-22
TXN0000260324,APP002,2025-07-20,reversed,900774.98,GBP,EMEA,CP0201,EQUITY,TDR0050,BOOK_A,2025-07-22
TXN0004869124,APP003,2025-07-11,settled,683920.76,CHF,LATAM,CP0224,FUTURE,TDR0077,BOOK_D,2026-03-06
TXN0009740684,APP017,2025-08-08,reversed,853961.83,USD,APAC,CP0325,OPTION,TDR0002,BOOK_A,2025-05-17
TXN0001291839,APP014,2026-01-05,active,711118.37,JPY,AMER,CP0013,EQUITY,TDR0133,BOOK_C,2025-10-10
TXN0008910574,APP019,2025-01-24,failed,739463.77,CHF,EMEA,CP0424,EQUITY,TDR0013,BOOK_A,2025-07-04
TXN0002903754,APP019,2025-10-09,failed,46826.16,EUR,LATAM,CP0255,OPTION,TDR0190,BOOK_A,2025-07-29
TXN0004993482,APP018,2025-12-08,active,343188.01,AUD,EMEA,CP0339,OPTION,TDR0142,BOOK_C,2026-02-04
TXN0007840050,APP001,2025-10-01,pending,117482.59,EUR,APAC,CP0142,FUTURE,TDR0024,BOOK_D,2025-11-05
TXN0001294146,APP002,2025-05-05,failed,341477.16,CHF,AMER,CP0141,FUTURE,TDR0193,BOOK_D,2026-04-07
TXN0003165847,APP010,2025-01-16,failed,821853.54,GBP,APAC,CP0449,OPTION,TDR0170,BOOK_C,2025-08-07
TXN0000272678,APP004,2025-01-25,active,656115.59,USD,APAC,CP0236,OPTION,TDR0081,BOOK_D,2025-10-16
TXN0006575638,APP017,2025-12-11,active,8405.88,CHF,APAC,CP0118,FUTURE,TDR0197,BOOK_B,2025-08-11
TXN0000826580,APP014,2025-10-01,failed,462994.53,EUR,APAC,CP0191,BOND,TDR0069,BOOK_A,2026-03-19
TXN0009891579,APP018,2026-02-10,failed,962475.51,EUR,APAC,CP0383,OPTION,TDR0112,BOOK_B,2026-01-17
TXN0007118171,APP013,2025-11-05,active,805675.86,USD,EMEA,CP0039,SWAP,TDR0137,BOOK_C,2025-12-22
TXN0009393077,APP005,2025-09-07,failed,303877.58,GBP,LATAM,CP0194,BOND,TDR0074,BOOK_D,2026-01-21
TXN0003385580,APP007,2025-07-31,reversed,77280.78,GBP,EMEA,CP0011,OPTION,TDR0067,BOOK_A,2026-03-15
TXN0007779188,APP002,2026-04-09,pending,46342.69,AUD,LATAM,CP0082,OPTION,TDR0175,BOOK_C,2025-05-05
TXN0007150320,APP014,2025-02-03,active,537923.49,AUD,APAC,CP0243,FUTURE,TDR0125,BOOK_C,2025-04-29
TXN0005158862,APP015,2026-04-10,settled,380759.24,GBP,LATAM,CP0336,SWAP,TDR0056,BOOK_B,2025-11-17
TXN0003338407,APP005,2026-02-02,settled,997233.7,EUR,LATAM,CP0168,FUTURE,TDR0199,BOOK_A,2025-06-23
TXN0004206902,APP008,2025-08-16,reversed,318155.13,USD,EMEA,CP0062,EQUITY,TDR0004,BOOK_D,2026-01-30
TXN0002352071,APP008,2026-03-16,failed,283857.4,AUD,APAC,CP0232,FX,TDR0141,BOOK_A,2025-02-16
TXN0008065121,APP002,2025-11-19,failed,292714.64,JPY,LATAM,CP0405,OPTION,TDR0175,BOOK_A,2025-08-10
TXN0009953916,APP010,2025-07-14,settled,732095.98,USD,LATAM,CP0092,EQUITY,TDR0060,BOOK_C,2025-11-10
TXN0007045820,APP011,2026-03-24,failed,17572.13,GBP,AMER,CP0454,FX,TDR0027,BOOK_B,2025-08-02
TXN0009220635,APP012,2025-06-28,failed,508717.37,JPY,LATAM,CP0362,SWAP,TDR0102,BOOK_B,2025-04-02
TXN0004375870,APP006,2025-12-24,pending,242418.69,CHF,LATAM,CP0195,EQUITY,TDR0154,BOOK_C,2025-08-15
TXN0004435430,APP013,2025-04-19,settled,217581.75,USD,LATAM,CP0361,OPTION,TDR0027,BOOK_D,2025-02-17
TXN0002606009,APP008,2025-09-12,settled,27535.22,GBP,LATAM,CP0238,FUTURE,TDR0048,BOOK_C,2025-08-25
TXN0001248347,APP002,2025-04-06,pending,871884.23,JPY,EMEA,CP0438,FUTURE,TDR0130,BOOK_B,2026-01-28
TXN0004291803,APP010,2025-11-06,reversed,558976.05,USD,AMER,CP0142,OPTION,TDR0191,BOOK_B,2025-10-10
TXN0002514062,APP007,2025-02-16,pending,258614.95,EUR,LATAM,CP0223,OPTION,TDR0046,BOOK_A,2025-10-25
TXN0006422971,APP013,2026-01-27,settled,803873.46,GBP,APAC,CP0332,FX,TDR0075,BOOK_B,2026-02-16
TXN0004902767,APP011,2025-02-12,reversed,628577.15,EUR,EMEA,CP0151,BOND,TDR0096,BOOK_C,2026-02-26
TXN0007010576,APP002,2026-02-26,pending,678210.43,EUR,AMER,CP0056,OPTION,TDR0198,BOOK_C,2025-02-04
TXN0006085798,APP011,2025-10-30,active,592870.7,AUD,APAC,CP0092,BOND,TDR0163,BOOK_B,2025-09-06
TXN0009121779,APP014,2026-04-06,failed,769437.99,EUR,AMER,CP0304,FX,TDR0073,BOOK_B,2026-02-07
TXN0009139598,APP018,2025-01-13,settled,42475.01,JPY,EMEA,CP0285,EQUITY,TDR0060,BOOK_A,2025-10-26
TXN0001193622,APP019,2026-03-19,failed,743401.18,AUD,AMER,CP0064,FUTURE,TDR0175,BOOK_C,2025-02-24
TXN0007995867,APP012,2025-01-13,active,203912.8,USD,LATAM,CP0248,SWAP,TDR0069,BOOK_A,2025-11-13
TXN0000275454,APP014,2025-12-05,active,515306.71,AUD,LATAM,CP0473,BOND,TDR0114,BOOK_D,2025-03-10
TXN0006592734,APP006,2025-01-17,settled,51407.0,AUD,LATAM,CP0163,OPTION,TDR0096,BOOK_A,2025-05-12
TXN0001720109,APP017,2025-04-08,failed,79104.15,EUR,EMEA,CP0274,OPTION,TDR0041,BOOK_D,2025-12-09
TXN0004818419,APP008,2025-04-29,active,613826.11,GBP,APAC,CP0329,OPTION,TDR0062,BOOK_B,2026-02-02
TXN0009397596,APP004,2025-04-06,active,224911.02,USD,APAC,CP0363,FUTURE,TDR0003,BOOK_B,2025-03-16
TXN0003753091,APP018,2025-03-15,failed,747495.4,JPY,LATAM,CP0473,FUTURE,TDR0142,BOOK_C,2025-12-26
TXN0008871590,APP008,2025-03-13,pending,639424.83,JPY,AMER,CP0124,SWAP,TDR0129,BOOK_D,2026-03-19
TXN0008065893,APP013,2025-10-22,active,941106.75,JPY,LATAM,CP0088,FX,TDR0005,BOOK_A,2025-12-30
TXN0009261256,APP006,2026-01-21,pending,482841.98,GBP,AMER,CP0351,FUTURE,TDR0018,BOOK_A,2025-02-24
TXN0003937633,APP020,2025-02-16,failed,457648.2,CHF,APAC,CP0377,OPTION,TDR0190,BOOK_B,2025-01-25
TXN0009907353,APP007,2025-08-18,failed,336832.74,GBP,AMER,CP0476,SWAP,TDR0168,BOOK_A,2025-11-17
TXN0004120606,APP004,2025-09-13,reversed,645774.71,EUR,AMER,CP0021,OPTION,TDR0155,BOOK_A,2026-03-13
TXN0004153574,APP019,2025-01-31,pending,460268.52,USD,LATAM,CP0327,OPTION,TDR0151,BOOK_C,2026-01-06
TXN0002005564,APP001,2026-01-26,failed,589326.71,JPY,APAC,CP0434,FX,TDR0102,BOOK_B,2025-02-27
TXN0003244618,APP007,2025-05-30,active,428658.18,USD,AMER,CP0399,FUTURE,TDR0190,BOOK_C,2025-05-02
TXN0007781544,APP014,2026-03-18,settled,546846.26,GBP,LATAM,CP0396,FUTURE,TDR0196,BOOK_B,2025-01-18
TXN0008960614,APP020,2025-09-12,pending,629924.62,EUR,LATAM,CP0185,FUTURE,TDR0111,BOOK_A,2025-08-04
TXN0007952347,APP006,2026-03-29,failed,886909.96,GBP,EMEA,CP0223,FX,TDR0099,BOOK_A,2025-12-28
TXN0000820756,APP006,2026-03-26,settled,83485.57,JPY,APAC,CP0382,SWAP,TDR0110,BOOK_C,2026-03-26
TXN0002174255,APP005,2025-12-09,pending,681986.35,JPY,EMEA,CP0419,FUTURE,TDR0181,BOOK_B,2025-12-15
TXN0005872403,APP014,2025-05-12,failed,183467.04,AUD,APAC,CP0274,BOND,TDR0162,BOOK_C,2026-02-08
TXN0005109500,APP002,2025-10-31,active,795821.45,USD,EMEA,CP0237,EQUITY,TDR0151,BOOK_D,2025-07-08
TXN0004191352,APP005,2025-03-12,settled,884637.37,EUR,AMER,CP0313,FUTURE,TDR0138,BOOK_A,2025-03-14
TXN0000435175,APP016,2025-04-08,pending,473181.27,GBP,EMEA,CP0246,OPTION,TDR0061,BOOK_B,2026-02-28
TXN0006146327,APP018,2025-11-28,active,308643.89,AUD,AMER,CP0356,OPTION,TDR0185,BOOK_C,2026-01-24
TXN0008720054,APP010,2025-03-02,active,46470.64,EUR,EMEA,CP0035,FUTURE,TDR0056,BOOK_C,2026-02-26
TXN0007558855,APP002,2026-03-19,active,752485.24,EUR,AMER,CP0473,FUTURE,TDR0079,BOOK_C,2025-10-23
TXN0002009321,APP006,2025-08-11,settled,555032.76,GBP,EMEA,CP0053,OPTION,TDR0046,BOOK_A,2026-02-24
TXN0004989348,APP003,2025-01-01,settled,591797.05,AUD,AMER,CP0030,FUTURE,TDR0194,BOOK_D,2025-09-21
TXN0006099933,APP006,2025-02-07,settled,188001.29,EUR,EMEA,CP0329,SWAP,TDR0066,BOOK_D,2026-04-03
TXN0001841951,APP003,2025-09-05,active,300430.94,USD,EMEA,CP0306,FUTURE,TDR0112,BOOK_C,2026-01-20
TXN0001469335,APP008,2025-11-18,active,526104.36,JPY,APAC,CP0258,BOND,TDR0112,BOOK_A,2025-03-07
TXN0002474169,APP017,2025-11-13,failed,263337.63,USD,EMEA,CP0194,FUTURE,TDR0121,BOOK_B,2025-07-10
TXN0004771913,APP004,2025-12-24,reversed,408207.31,JPY,APAC,CP0206,EQUITY,TDR0047,BOOK_A,2025-02-19
TXN0003860383,APP010,2025-07-24,active,233163.34,GBP,EMEA,CP0477,BOND,TDR0054,BOOK_D,2026-02-26
TXN0004127161,APP017,2025-10-15,pending,959428.82,CHF,LATAM,CP0488,FUTURE,TDR0045,BOOK_B,2025-01-02
TXN0003579442,APP012,2025-12-25,reversed,41734.08,AUD,APAC,CP0416,SWAP,TDR0020,BOOK_B,2026-02-07
TXN0006070226,APP008,2025-03-03,pending,929220.78,JPY,LATAM,CP0292,FUTURE,TDR0064,BOOK_A,2025-07-23
TXN0003715707,APP003,2026-02-14,pending,53448.28,CHF,EMEA,CP0033,EQUITY,TDR0010,BOOK_B,2025-12-14
TXN0008254751,APP008,2025-01-27,failed,384539.57,EUR,EMEA,CP0035,FUTURE,TDR0119,BOOK_D,2025-08-02
TXN0001563980,APP017,2025-06-04,active,788596.87,CHF,AMER,CP0360,FX,TDR0011,BOOK_B,2025-12-28
TXN0008214814,APP012,2025-02-22,failed,80353.76,AUD,AMER,CP0305,EQUITY,TDR0101,BOOK_D,2025-01-30
TXN0009319485,APP017,2026-03-28,pending,618429.78,EUR,LATAM,CP0076,OPTION,TDR0129,BOOK_C,2025-10-22
TXN0009711847,APP015,2025-06-11,settled,72518.36,USD,LATAM,CP0289,SWAP,TDR0126,BOOK_A,2025-03-07
TXN0007401277,APP019,2025-09-14,active,972194.04,EUR,APAC,CP0325,EQUITY,TDR0100,BOOK_C,2025-11-21
TXN0001938938,APP010,2025-10-24,pending,584893.93,GBP,EMEA,CP0005,FUTURE,TDR0035,BOOK_C,2025-07-04
TXN0008078756,APP012,2026-01-07,pending,96549.91,GBP,EMEA,CP0324,BOND,TDR0174,BOOK_A,2025-02-19
TXN0009495071,APP001,2025-07-23,reversed,454731.05,JPY,LATAM,CP0440,SWAP,TDR0066,BOOK_B,2025-10-27
TXN0008721323,APP007,2025-07-30,settled,77860.79,CHF,AMER,CP0437,BOND,TDR0166,BOOK_D,2025-07-24
TXN0006939893,APP015,2026-02-10,pending,339555.15,GBP,APAC,CP0186,OPTION,TDR0153,BOOK_C,2025-09-06
TXN0009755964,APP014,2025-06-01,active,515144.89,CHF,EMEA,CP0392,BOND,TDR0159,BOOK_B,2025-05-20
TXN0000734975,APP003,2025-01-22,pending,262411.49,AUD,LATAM,CP0269,FUTURE,TDR0167,BOOK_C,2025-03-14
TXN0005551489,APP018,2025-11-24,reversed,995330.37,USD,AMER,CP0218,OPTION,TDR0125,BOOK_C,2025-04-08
TXN0008152440,APP020,2025-01-20,reversed,16622.32,USD,APAC,CP0277,FX,TDR0126,BOOK_C,2025-08-26
TXN0005668318,APP014,2025-03-29,active,305946.31,USD,APAC,CP0059,SWAP,TDR0199,BOOK_A,2025-03-05
TXN0002660352,APP003,2025-08-03,reversed,536912.61,AUD,EMEA,CP0244,EQUITY,TDR0134,BOOK_D,2025-09-11
TXN0005901804,APP004,2026-01-07,pending,276599.52,USD,AMER,CP0331,FX,TDR0024,BOOK_B,2025-09-24
TXN0005567120,APP019,2025-11-01,pending,533423.74,USD,AMER,CP0083,SWAP,TDR0166,BOOK_D,2026-01-22
TXN0001678928,APP001,2025-04-30,pending,960755.3,JPY,EMEA,CP0425,SWAP,TDR0143,BOOK_C,2025-10-10
TXN0000981642,APP012,2025-11-26,active,792845.98,USD,APAC,CP0444,FX,TDR0151,BOOK_D,2025-12-14
TXN0005400706,APP009,2025-10-24,failed,447914.24,GBP,APAC,CP0411,FUTURE,TDR0015,BOOK_C,2025-09-17
TXN0002979109,APP020,2025-05-24,reversed,801705.15,EUR,EMEA,CP0432,FX,TDR0092,BOOK_B,2026-01-20
TXN0007077875,APP005,2026-02-16,settled,375454.47,CHF,APAC,CP0242,SWAP,TDR0145,BOOK_A,2025-10-06
TXN0007130605,APP003,2025-12-29,active,297093.64,USD,EMEA,CP0306,BOND,TDR0148,BOOK_A,2025-03-19
TXN0009214816,APP018,2025-11-12,settled,982006.98,USD,EMEA,CP0022,BOND,TDR0110,BOOK_D,2025-03-12
TXN0003850017,APP013,2025-09-22,pending,508394.29,USD,LATAM,CP0128,SWAP,TDR0120,BOOK_A,2025-03-12
TXN0002684370,APP007,2025-03-08,active,786452.37,JPY,EMEA,CP0328,OPTION,TDR0160,BOOK_D,2025-02-06
TXN0002184200,APP003,2025-03-21,active,469403.91,GBP,LATAM,CP0070,FX,TDR0070,BOOK_A,2025-12-20
TXN0009030777,APP018,2025-10-09,failed,45048.81,AUD,APAC,CP0469,FX,TDR0101,BOOK_A,2025-09-02
TXN0000157540,APP007,2025-08-09,failed,438445.18,CHF,AMER,CP0131,OPTION,TDR0078,BOOK_D,2025-01-24
TXN0008875388,APP015,2026-03-28,reversed,967320.46,JPY,LATAM,CP0124,BOND,TDR0072,BOOK_C,2025-12-19
TXN0001763943,APP011,2026-04-09,settled,538772.69,JPY,LATAM,CP0108,FUTURE,TDR0114,BOOK_C,2025-01-29
TXN0008455522,APP009,2026-02-18,active,481241.64,EUR,APAC,CP0389,OPTION,TDR0144,BOOK_B,2025-12-22
TXN0005628215,APP001,2026-03-21,reversed,860350.43,USD,EMEA,CP0290,BOND,TDR0049,BOOK_D,2025-03-10
TXN0008887676,APP004,2026-02-26,reversed,549274.13,AUD,AMER,CP0357,BOND,TDR0131,BOOK_C,2025-09-24
TXN0003190222,APP011,2025-03-22,failed,111059.24,USD,AMER,CP0412,FX,TDR0067,BOOK_C,2025-04-07
TXN0008276579,APP016,2025-05-23,active,816617.22,GBP,EMEA,CP0129,BOND,TDR0007,BOOK_D,2025-04-02
TXN0006379049,APP011,2025-10-08,failed,880256.61,CHF,EMEA,CP0056,EQUITY,TDR0102,BOOK_D,2025-11-09
TXN0000319784,APP007,2025-05-29,pending,861411.12,EUR,LATAM,CP0436,FUTURE,TDR0054,BOOK_B,2025-09-15
TXN0007448752,APP018,2025-11-20,failed,901594.69,USD,AMER,CP0135,OPTION,TDR0113,BOOK_B,2025-11-28
TXN0009935587,APP013,2025-11-28,reversed,80755.33,EUR,APAC,CP0423,FX,TDR0030,BOOK_D,2025-04-03
TXN0009739130,APP001,2025-12-12,active,36476.62,USD,APAC,CP0075,FUTURE,TDR0188,BOOK_D,2025-05-02
TXN0000926144,APP014,2025-02-05,reversed,529216.03,EUR,APAC,CP0154,OPTION,TDR0082,BOOK_B,2025-09-24
TXN0002201205,APP009,2025-08-18,reversed,124468.16,GBP,LATAM,CP0248,SWAP,TDR0139,BOOK_C,2026-03-10
TXN0004892944,APP010,2026-02-21,settled,129070.62,CHF,LATAM,CP0484,FX,TDR0184,BOOK_D,2025-04-05
TXN0002223799,APP003,2025-12-20,failed,479462.33,EUR,APAC,CP0027,BOND,TDR0120,BOOK_A,2025-12-18
TXN0008816777,APP020,2025-03-28,settled,477344.03,USD,EMEA,CP0388,OPTION,TDR0076,BOOK_A,2025-12-28
TXN0008441746,APP005,2026-02-09,settled,704535.07,CHF,LATAM,CP0099,BOND,TDR0050,BOOK_B,2026-01-27
TXN0009363848,APP017,2025-04-07,settled,565988.16,AUD,EMEA,CP0382,FX,TDR0189,BOOK_C,2025-12-20
TXN0006558961,APP014,2025-11-22,settled,4248.11,EUR,EMEA,CP0297,EQUITY,TDR0155,BOOK_C,2025-02-06
TXN0005105400,APP015,2026-03-08,pending,528699.19,USD,LATAM,CP0496,SWAP,TDR0044,BOOK_A,2025-12-07
TXN0005348250,APP006,2025-03-06,failed,853324.5,CHF,EMEA,CP0154,BOND,TDR0105,BOOK_D,2025-02-05
TXN0006349045,APP005,2025-12-14,active,243157.1,CHF,APAC,CP0128,SWAP,TDR0026,BOOK_B,2025-11-09
TXN0001039838,APP009,2026-02-09,active,262689.09,EUR,AMER,CP0040,OPTION,TDR0092,BOOK_B,2025-11-28
TXN0009120659,APP008,2025-08-24,settled,56927.13,GBP,LATAM,CP0234,FUTURE,TDR0049,BOOK_B,2025-10-18
TXN0005283984,APP016,2026-01-22,active,198359.61,JPY,APAC,CP0381,SWAP,TDR0134,BOOK_D,2025-11-06
TXN0001679781,APP015,2025-02-20,reversed,108583.32,GBP,LATAM,CP0174,FUTURE,TDR0138,BOOK_D,2025-05-31
TXN0000058851,APP002,2026-02-03,failed,997003.68,JPY,EMEA,CP0397,OPTION,TDR0016,BOOK_A,2025-02-09
TXN0005816077,APP005,2026-01-02,pending,16816.05,GBP,LATAM,CP0055,OPTION,TDR0038,BOOK_B,2025-10-17
TXN0004406353,APP010,2025-01-31,settled,169512.54,USD,APAC,CP0496,FX,TDR0187,BOOK_A,2025-05-25
TXN0002256762,APP010,2025-01-03,pending,562303.52,CHF,EMEA,CP0198,FX,TDR0097,BOOK_D,2025-07-20
TXN0001620442,APP007,2025-07-15,failed,647585.16,CHF,AMER,CP0160,BOND,TDR0058,BOOK_B,2026-02-23
TXN0003304362,APP001,2025-05-30,active,382904.86,USD,LATAM,CP0009,FUTURE,TDR0148,BOOK_D,2025-03-02
TXN0007685344,APP010,2025-10-26,settled,399050.73,GBP,LATAM,CP0476,OPTION,TDR0147,BOOK_A,2025-03-16
TXN0007388557,APP019,2026-03-02,failed,888237.52,GBP,AMER,CP0391,BOND,TDR0054,BOOK_D,2025-06-28
TXN0000221452,APP020,2025-06-19,settled,272073.89,USD,AMER,CP0226,EQUITY,TDR0014,BOOK_B,2025-05-30
TXN0000896891,APP007,2025-07-09,pending,680441.89,EUR,AMER,CP0427,SWAP,TDR0002,BOOK_A,2025-12-08
TXN0001487321,APP015,2025-03-09,settled,603363.54,AUD,EMEA,CP0130,OPTION,TDR0082,BOOK_B,2025-05-01
TXN0002745757,APP004,2025-07-13,pending,99418.84,GBP,LATAM,CP0251,OPTION,TDR0039,BOOK_B,2025-12-06
TXN0001368718,APP017,2025-05-18,active,187208.64,CHF,LATAM,CP0466,FX,TDR0087,BOOK_D,2025-12-06
TXN0009467048,APP001,2025-03-03,reversed,368165.12,AUD,LATAM,CP0177,SWAP,TDR0191,BOOK_B,2025-07-29
TXN0000359102,APP019,2025-06-21,active,56125.61,AUD,APAC,CP0050,SWAP,TDR0077,BOOK_D,2025-12-11
TXN0008238967,APP020,2025-03-25,failed,101854.23,GBP,LATAM,CP0026,SWAP,TDR0150,BOOK_D,2025-07-03
TXN0001003165,APP009,2025-12-17,settled,810648.12,EUR,EMEA,CP0039,OPTION,TDR0173,BOOK_C,2025-02-04
TXN0006853956,APP018,2025-09-06,reversed,698441.33,USD,AMER,CP0338,SWAP,TDR0177,BOOK_A,2025-06-01
TXN0008989947,APP011,2025-08-15,failed,63341.51,AUD,APAC,CP0282,FUTURE,TDR0079,BOOK_C,2026-03-08
TXN0000529127,APP020,2025-09-24,settled,656085.41,AUD,AMER,CP0243,FUTURE,TDR0200,BOOK_A,2025-12-07
TXN0005853182,APP006,2025-12-29,pending,225855.99,EUR,LATAM,CP0143,SWAP,TDR0004,BOOK_B,2026-03-10
TXN0000867750,APP015,2025-11-30,settled,597561.07,EUR,AMER,CP0383,SWAP,TDR0161,BOOK_D,2025-03-10
TXN0002849001,APP017,2025-09-08,pending,942267.34,JPY,AMER,CP0183,BOND,TDR0083,BOOK_D,2026-03-27
TXN0002330707,APP008,2025-10-10,settled,144006.76,USD,EMEA,CP0365,SWAP,TDR0072,BOOK_D,2026-02-26
TXN0002140793,APP014,2025-03-03,failed,673751.3,EUR,EMEA,CP0438,FUTURE,TDR0155,BOOK_B,2025-01-16
TXN0007532986,APP005,2025-01-18,failed,741123.3,AUD,EMEA,CP0285,EQUITY,TDR0132,BOOK_C,2025-02-09
TXN0007842660,APP018,2025-09-14,reversed,349089.47,JPY,AMER,CP0032,SWAP,TDR0171,BOOK_B,2025-06-12
TXN0009572229,APP002,2025-09-13,failed,712065.8,EUR,LATAM,CP0240,BOND,TDR0112,BOOK_A,2025-01-26
TXN0007972738,APP010,2025-10-13,active,632536.17,GBP,APAC,CP0361,OPTION,TDR0185,BOOK_B,2025-07-25
TXN0002861383,APP014,2025-07-28,settled,405355.85,USD,LATAM,CP0358,FUTURE,TDR0144,BOOK_A,2025-10-05
TXN0007529877,APP018,2025-10-25,reversed,34064.54,EUR,APAC,CP0169,BOND,TDR0077,BOOK_B,2025-11-28
TXN0001664497,APP011,2025-07-09,reversed,664631.57,CHF,AMER,CP0007,OPTION,TDR0120,BOOK_D,2025-11-11
TXN0008639501,APP007,2025-02-07,reversed,820735.24,EUR,APAC,CP0335,FUTURE,TDR0043,BOOK_D,2025-03-13
TXN0001741125,APP011,2025-12-06,settled,119728.99,EUR,AMER,CP0469,EQUITY,TDR0170,BOOK_C,2025-07-04
TXN0003851041,APP012,2025-04-18,reversed,743950.79,GBP,APAC,CP0386,EQUITY,TDR0105,BOOK_B,2025-05-17
TXN0007067082,APP016,2025-09-02,failed,395936.46,USD,APAC,CP0214,FX,TDR0180,BOOK_B,2025-10-05
TXN0007757982,APP015,2025-12-26,reversed,722581.16,GBP,EMEA,CP0063,EQUITY,TDR0196,BOOK_A,2025-06-22
TXN0005745691,APP015,2025-12-21,active,837915.33,JPY,APAC,CP0176,EQUITY,TDR0177,BOOK_A,2026-03-22
TXN0002820225,APP005,2025-10-07,active,223162.06,USD,EMEA,CP0028,BOND,TDR0076,BOOK_C,2025-01-08
TXN0006749528,APP009,2025-01-06,reversed,39761.67,EUR,AMER,CP0019,OPTION,TDR0014,BOOK_C,2025-02-15
TXN0001862413,APP010,2025-03-26,reversed,343333.18,CHF,LATAM,CP0133,SWAP,TDR0129,BOOK_C,2025-07-10
TXN0006336170,APP003,2025-11-26,active,307198.29,JPY,AMER,CP0114,OPTION,TDR0006,BOOK_A,2025-05-16
TXN0002937379,APP010,2026-01-13,failed,384060.38,USD,LATAM,CP0075,FUTURE,TDR0196,BOOK_D,2025-01-20
TXN0005561402,APP001,2025-03-29,failed,994370.69,GBP,EMEA,CP0385,FUTURE,TDR0182,BOOK_B,2025-01-14
TXN0000315144,APP014,2026-03-14,settled,84386.46,JPY,LATAM,CP0184,FX,TDR0200,BOOK_D,2026-03-14
TXN0001755610,APP003,2025-09-24,pending,126024.08,AUD,AMER,CP0230,OPTION,TDR0108,BOOK_D,2025-01-10
TXN0004110821,APP004,2025-04-25,reversed,63341.97,EUR,APAC,CP0003,EQUITY,TDR0184,BOOK_D,2025-02-10
TXN0009998093,APP007,2025-11-05,settled,952666.37,EUR,APAC,CP0105,FUTURE,TDR0116,BOOK_A,2026-01-15
TXN0009603079,APP005,2025-06-23,reversed,96016.62,CHF,LATAM,CP0401,FX,TDR0158,BOOK_C,2025-04-06
TXN0003233682,APP010,2025-12-12,active,159015.15,EUR,EMEA,CP0477,OPTION,TDR0064,BOOK_B,2026-01-14
TXN0005458135,APP010,2025-03-12,failed,152828.46,USD,APAC,CP0265,FUTURE,TDR0036,BOOK_C,2026-02-06
TXN0003722870,APP017,2026-01-16,active,589155.34,JPY,APAC,CP0270,OPTION,TDR0197,BOOK_D,2025-01-16
TXN0002024142,APP009,2025-09-02,reversed,735911.5,JPY,APAC,CP0030,BOND,TDR0190,BOOK_D,2025-02-05
TXN0008877567,APP005,2026-03-14,settled,338334.64,GBP,EMEA,CP0413,BOND,TDR0168,BOOK_D,2026-03-21
TXN0005100519,APP018,2025-03-04,settled,162105.27,JPY,AMER,CP0449,SWAP,TDR0092,BOOK_C,2025-03-01
TXN0000141288,APP018,2025-03-26,active,832088.94,GBP,AMER,CP0132,FX,TDR0147,BOOK_C,2026-02-04
TXN0003600261,APP002,2026-03-06,reversed,686968.17,CHF,EMEA,CP0494,FX,TDR0026,BOOK_C,2025-03-02
TXN0003371235,APP017,2025-12-18,reversed,516483.41,AUD,LATAM,CP0153,OPTION,TDR0127,BOOK_D,2026-02-02
TXN0001026132,APP017,2025-04-03,pending,880580.1,AUD,LATAM,CP0116,FX,TDR0176,BOOK_B,2026-01-19
TXN0004398131,APP003,2025-08-06,settled,965517.27,JPY,APAC,CP0306,BOND,TDR0062,BOOK_A,2025-11-26
TXN0003418988,APP014,2026-01-24,settled,953084.6,JPY,LATAM,CP0285,FX,TDR0076,BOOK_A,2026-02-14
TXN0007076626,APP018,2025-04-05,pending,154962.02,GBP,AMER,CP0342,FX,TDR0158,BOOK_C,2025-04-28
TXN0004079451,APP017,2025-03-15,failed,384821.96,USD,APAC,CP0336,BOND,TDR0151,BOOK_C,2025-11-19
TXN0006127671,APP017,2025-10-15,pending,662523.59,CHF,EMEA,CP0058,FUTURE,TDR0075,BOOK_A,2026-01-08
TXN0000200868,APP008,2025-06-01,settled,388383.47,CHF,APAC,CP0056,BOND,TDR0186,BOOK_D,2025-07-13
TXN0002408762,APP014,2025-07-17,settled,162062.4,JPY,AMER,CP0482,OPTION,TDR0198,BOOK_B,2025-12-31
TXN0000578388,APP008,2026-01-07,reversed,715301.03,CHF,EMEA,CP0062,OPTION,TDR0032,BOOK_A,2025-10-12
TXN0008768301,APP016,2025-08-03,failed,196530.23,GBP,LATAM,CP0186,OPTION,TDR0027,BOOK_D,2025-02-15
TXN0008964520,APP010,2026-03-12,reversed,131492.76,EUR,LATAM,CP0233,OPTION,TDR0045,BOOK_C,2025-05-08
TXN0002547854,APP016,2026-03-08,active,824842.94,AUD,APAC,CP0312,FUTURE,TDR0193,BOOK_A,2025-07-16
TXN0008299673,APP004,2025-05-06,settled,871460.19,AUD,AMER,CP0435,EQUITY,TDR0038,BOOK_C,2026-02-27
TXN0006805064,APP006,2025-12-02,pending,550792.05,CHF,LATAM,CP0059,BOND,TDR0159,BOOK_D,2026-04-11
TXN0001686904,APP018,2025-04-20,settled,227176.04,JPY,AMER,CP0011,EQUITY,TDR0182,BOOK_B,2025-12-12
TXN0006693764,APP003,2025-04-30,reversed,606128.57,CHF,AMER,CP0276,FX,TDR0096,BOOK_A,2025-01-18
TXN0002847308,APP007,2026-03-25,pending,461859.78,AUD,EMEA,CP0156,FUTURE,TDR0048,BOOK_B,2025-05-31
TXN0001360808,APP017,2025-01-09,active,692409.46,EUR,APAC,CP0124,FUTURE,TDR0077,BOOK_B,2026-01-14
TXN0005682136,APP015,2025-08-18,reversed,228473.01,USD,EMEA,CP0183,FX,TDR0087,BOOK_B,2026-01-24
TXN0008491102,APP012,2026-02-14,reversed,185706.2,GBP,AMER,CP0274,FX,TDR0094,BOOK_C,2025-02-19
TXN0001533071,APP004,2025-01-16,active,156438.28,GBP,AMER,CP0472,FX,TDR0166,BOOK_C,2025-05-29
TXN0001972961,APP009,2026-03-25,failed,286797.14,EUR,APAC,CP0333,OPTION,TDR0043,BOOK_A,2025-07-06
TXN0003961217,APP004,2026-03-15,settled,801023.59,USD,APAC,CP0415,EQUITY,TDR0200,BOOK_D,2025-03-02
TXN0001224797,APP007,2025-03-08,reversed,913397.02,CHF,EMEA,CP0139,FUTURE,TDR0026,BOOK_D,2026-01-31
TXN0008523785,APP001,2025-10-02,reversed,389445.88,JPY,EMEA,CP0155,BOND,TDR0028,BOOK_C,2025-09-13
TXN0006518844,APP014,2026-02-25,failed,722043.32,EUR,APAC,CP0479,BOND,TDR0126,BOOK_C,2025-06-12
TXN0004108078,APP003,2026-03-13,active,916249.4,GBP,AMER,CP0437,FUTURE,TDR0065,BOOK_C,2025-09-09
TXN0000689261,APP005,2026-04-14,failed,243850.04,EUR,AMER,CP0138,SWAP,TDR0112,BOOK_B,2026-01-29
TXN0009941849,APP010,2025-11-15,active,827441.19,JPY,LATAM,CP0236,SWAP,TDR0143,BOOK_A,2025-08-14
TXN0006811002,APP019,2025-07-30,failed,539962.68,USD,EMEA,CP0025,SWAP,TDR0054,BOOK_B,2026-04-01
TXN0008727262,APP017,2026-02-04,reversed,957249.42,USD,AMER,CP0360,BOND,TDR0172,BOOK_C,2025-09-06
TXN0004687907,APP008,2025-09-30,settled,982187.36,JPY,LATAM,CP0059,BOND,TDR0196,BOOK_C,2025-04-18
TXN0003895846,APP005,2025-12-25,pending,29582.95,EUR,EMEA,CP0437,OPTION,TDR0036,BOOK_D,2025-02-13
TXN0004042159,APP007,2026-03-04,pending,310122.16,CHF,LATAM,CP0486,FUTURE,TDR0013,BOOK_A,2025-12-24
TXN0007806494,APP017,2025-03-24,reversed,840236.0,GBP,APAC,CP0159,SWAP,TDR0063,BOOK_B,2025-03-02
TXN0002829767,APP003,2026-04-12,reversed,4550.41,EUR,LATAM,CP0279,EQUITY,TDR0188,BOOK_C,2025-08-24
TXN0002486204,APP011,2025-05-21,settled,558191.89,JPY,EMEA,CP0364,BOND,TDR0174,BOOK_C,2025-04-26
TXN0009115854,APP014,2025-12-21,reversed,295671.83,GBP,EMEA,CP0308,SWAP,TDR0179,BOOK_A,2025-03-14
TXN0001015501,APP005,2025-01-09,active,347919.85,CHF,AMER,CP0166,BOND,TDR0004,BOOK_C,2026-02-13
TXN0008909316,APP005,2025-08-29,reversed,928013.75,JPY,LATAM,CP0176,EQUITY,TDR0110,BOOK_B,2025-12-30
TXN0004326127,APP020,2026-01-25,active,186779.42,USD,APAC,CP0032,EQUITY,TDR0117,BOOK_B,2026-01-27
TXN0006828433,APP006,2026-01-18,failed,283205.27,JPY,EMEA,CP0155,EQUITY,TDR0163,BOOK_A,2025-10-29
TXN0009510567,APP011,2025-05-22,pending,378212.47,JPY,AMER,CP0226,BOND,TDR0076,BOOK_D,2025-02-24
TXN0001032927,APP017,2026-03-30,active,527106.22,GBP,EMEA,CP0482,SWAP,TDR0173,BOOK_B,2025-10-20
TXN0001144655,APP007,2025-05-05,reversed,641774.14,EUR,AMER,CP0336,BOND,TDR0063,BOOK_A,2025-04-12
TXN0006037318,APP003,2025-04-07,failed,612223.86,EUR,APAC,CP0196,FX,TDR0170,BOOK_D,2025-11-16
TXN0005358253,APP010,2025-11-10,failed,535948.2,JPY,APAC,CP0392,SWAP,TDR0149,BOOK_C,2025-01-08
TXN0003745543,APP015,2025-11-15,active,422043.24,GBP,EMEA,CP0433,BOND,TDR0200,BOOK_A,2025-03-16
TXN0005324803,APP007,2025-10-07,settled,974405.71,EUR,APAC,CP0026,SWAP,TDR0088,BOOK_C,2025-12-03
TXN0006422140,APP020,2025-09-01,active,240032.4,CHF,AMER,CP0313,FX,TDR0083,BOOK_B,2025-05-02
TXN0004105045,APP003,2026-04-09,reversed,485342.44,JPY,AMER,CP0122,SWAP,TDR0042,BOOK_B,2025-11-27
TXN0005907273,APP019,2026-01-09,reversed,581189.56,CHF,LATAM,CP0064,EQUITY,TDR0102,BOOK_D,2025-06-23
TXN0001741575,APP014,2025-10-11,reversed,746765.56,USD,LATAM,CP0032,BOND,TDR0042,BOOK_A,2025-02-01
TXN0007130734,APP003,2025-11-14,reversed,575553.11,EUR,EMEA,CP0315,FX,TDR0144,BOOK_B,2025-11-17
TXN0001318934,APP007,2026-04-06,settled,903792.99,EUR,EMEA,CP0367,EQUITY,TDR0037,BOOK_B,2025-04-09
TXN0001534648,APP018,2025-05-15,pending,610377.11,GBP,AMER,CP0353,OPTION,TDR0120,BOOK_B,2025-10-11
TXN0008014111,APP008,2025-09-20,active,816971.7,EUR,LATAM,CP0495,EQUITY,TDR0131,BOOK_C,2025-09-24
TXN0007702265,APP014,2026-02-11,active,868138.49,USD,LATAM,CP0263,EQUITY,TDR0082,BOOK_D,2025-03-21
TXN0009328908,APP012,2025-02-09,failed,594074.25,USD,APAC,CP0189,BOND,TDR0133,BOOK_B,2025-09-19
TXN0000750780,APP017,2026-02-12,pending,481831.97,AUD,APAC,CP0134,EQUITY,TDR0088,BOOK_A,2025-09-06
TXN0007689380,APP005,2025-01-25,failed,394507.79,JPY,LATAM,CP0112,EQUITY,TDR0106,BOOK_D,2026-02-07
TXN0009330032,APP001,2025-07-27,active,875966.6,USD,AMER,CP0237,BOND,TDR0137,BOOK_B,2025-09-24
TXN0006018213,APP008,2025-03-15,active,663634.08,EUR,APAC,CP0350,BOND,TDR0033,BOOK_D,2025-07-05
TXN0002011637,APP009,2025-07-20,pending,852480.47,USD,LATAM,CP0183,FUTURE,TDR0084,BOOK_D,2025-07-02
TXN0003564340,APP017,2026-02-18,reversed,197188.91,USD,APAC,CP0181,FX,TDR0011,BOOK_A,2025-05-15
TXN0008042480,APP002,2025-09-14,settled,744800.37,USD,EMEA,CP0308,FUTURE,TDR0114,BOOK_C,2026-03-10
TXN0001768643,APP015,2025-12-02,active,932324.36,USD,EMEA,CP0152,FX,TDR0085,BOOK_D,2026-03-12
TXN0002265446,APP005,2025-01-22,reversed,746075.62,EUR,EMEA,CP0084,OPTION,TDR0075,BOOK_D,2026-02-27
TXN0009297113,APP007,2026-04-11,failed,279290.17,GBP,LATAM,CP0289,EQUITY,TDR0166,BOOK_A,2025-11-13
TXN0006587646,APP014,2026-02-08,failed,273197.56,EUR,EMEA,CP0083,EQUITY,TDR0077,BOOK_C,2025-11-04
TXN0001878102,APP002,2025-06-15,active,815161.56,EUR,EMEA,CP0398,FX,TDR0039,BOOK_D,2025-09-17
TXN0005351782,APP018,2025-03-21,active,944010.1,AUD,LATAM,CP0087,SWAP,TDR0112,BOOK_C,2025-08-23
TXN0006368954,APP008,2025-11-08,settled,912989.21,CHF,LATAM,CP0280,FX,TDR0015,BOOK_B,2025-07-18
TXN0002050534,APP003,2025-07-29,pending,601842.32,JPY,AMER,CP0102,FUTURE,TDR0093,BOOK_D,2025-07-03
TXN0005886447,APP003,2026-03-19,failed,88579.82,EUR,EMEA,CP0258,BOND,TDR0081,BOOK_A,2025-09-22
TXN0008369193,APP014,2025-08-15,settled,602858.9,USD,APAC,CP0209,OPTION,TDR0177,BOOK_B,2025-02-13
TXN0008561165,APP016,2025-06-18,pending,321965.36,EUR,AMER,CP0162,BOND,TDR0130,BOOK_C,2025-05-02
TXN0008641453,APP006,2025-05-11,failed,715626.88,USD,APAC,CP0220,FX,TDR0022,BOOK_B,2025-02-07
TXN0006348462,APP007,2025-03-15,active,802924.56,JPY,AMER,CP0329,FX,TDR0044,BOOK_B,2025-10-05
TXN0004838070,APP002,2025-10-29,settled,232628.23,GBP,LATAM,CP0326,OPTION,TDR0004,BOOK_B,2025-07-30
TXN0005220997,APP003,2025-03-13,reversed,76996.2,CHF,EMEA,CP0077,FX,TDR0018,BOOK_D,2025-01-08
TXN0006775460,APP012,2026-04-02,failed,774395.36,AUD,EMEA,CP0467,BOND,TDR0148,BOOK_B,2025-03-28
TXN0000812876,APP007,2026-02-09,active,799673.22,JPY,APAC,CP0180,EQUITY,TDR0065,BOOK_D,2026-02-25
TXN0008518826,APP020,2026-01-31,active,773650.4,JPY,APAC,CP0010,FX,TDR0105,BOOK_D,2025-07-21
TXN0006387332,APP019,2025-02-19,active,693235.2,USD,AMER,CP0156,FX,TDR0117,BOOK_B,2026-04-01
TXN0007264971,APP002,2026-04-14,failed,187784.56,GBP,AMER,CP0323,SWAP,TDR0104,BOOK_C,2026-01-03
TXN0007422339,APP007,2026-01-22,reversed,841417.15,GBP,EMEA,CP0273,FUTURE,TDR0190,BOOK_C,2026-02-26
TXN0000068299,APP005,2025-11-24,settled,464877.25,CHF,AMER,CP0140,FUTURE,TDR0035,BOOK_A,2025-12-03
TXN0004590934,APP002,2025-12-24,failed,924172.34,GBP,APAC,CP0270,OPTION,TDR0068,BOOK_B,2025-08-14
TXN0008643631,APP017,2025-10-08,settled,855867.43,EUR,LATAM,CP0084,EQUITY,TDR0061,BOOK_A,2025-07-13
TXN0005757650,APP010,2026-01-25,pending,979535.66,AUD,LATAM,CP0219,FUTURE,TDR0192,BOOK_B,2025-08-10
TXN0002453902,APP010,2025-05-13,reversed,766857.65,EUR,LATAM,CP0268,SWAP,TDR0097,BOOK_C,2025-05-04
TXN0001938327,APP020,2025-05-03,pending,383931.01,GBP,LATAM,CP0287,SWAP,TDR0194,BOOK_B,2025-01-17
TXN0005378355,APP007,2025-12-10,pending,424369.47,JPY,AMER,CP0049,SWAP,TDR0098,BOOK_D,2025-02-24
TXN0000590121,APP015,2026-03-24,pending,871303.31,JPY,AMER,CP0484,EQUITY,TDR0097,BOOK_D,2025-09-03
TXN0009010898,APP011,2025-03-09,failed,691205.46,AUD,EMEA,CP0062,BOND,TDR0112,BOOK_A,2026-03-29
TXN0004315135,APP008,2025-12-14,active,92699.67,GBP,LATAM,CP0152,BOND,TDR0137,BOOK_D,2025-01-05
TXN0002256471,APP014,2025-04-10,active,793389.41,CHF,LATAM,CP0060,EQUITY,TDR0114,BOOK_B,2025-12-18
TXN0007136243,APP002,2025-08-08,reversed,658842.58,CHF,AMER,CP0340,FX,TDR0162,BOOK_D,2025-01-06
TXN0003706422,APP016,2025-07-31,reversed,969286.13,JPY,LATAM,CP0026,BOND,TDR0158,BOOK_B,2026-01-07
TXN0008943465,APP010,2025-02-14,failed,77597.97,CHF,AMER,CP0450,SWAP,TDR0100,BOOK_B,2025-07-15
TXN0004660003,APP019,2025-12-02,reversed,109618.88,CHF,APAC,CP0035,BOND,TDR0113,BOOK_C,2025-11-22
TXN0000956452,APP005,2026-03-26,reversed,915888.2,JPY,LATAM,CP0193,EQUITY,TDR0121,BOOK_A,2025-09-03
TXN0004440618,APP020,2025-01-29,pending,592308.48,CHF,LATAM,CP0472,EQUITY,TDR0151,BOOK_A,2025-11-27
TXN0002402098,APP012,2025-03-27,failed,426720.43,USD,LATAM,CP0328,BOND,TDR0181,BOOK_D,2025-03-17
TXN0007266347,APP010,2025-04-24,failed,296161.55,JPY,APAC,CP0133,BOND,TDR0112,BOOK_D,2025-09-30
TXN0001406616,APP019,2025-05-06,active,440802.84,JPY,APAC,CP0011,OPTION,TDR0047,BOOK_B,2025-04-06
TXN0002475926,APP014,2025-09-07,settled,948596.58,GBP,LATAM,CP0407,SWAP,TDR0100,BOOK_D,2026-03-31
TXN0003299145,APP001,2025-03-26,pending,77128.12,GBP,LATAM,CP0364,FX,TDR0188,BOOK_A,2025-11-11
TXN0005009009,APP010,2025-05-28,reversed,158659.0,CHF,AMER,CP0008,BOND,TDR0011,BOOK_C,2025-06-29
TXN0006279582,APP007,2025-08-28,active,709359.38,EUR,LATAM,CP0292,FUTURE,TDR0032,BOOK_D,2026-02-16
TXN0007913465,APP007,2025-07-02,reversed,730135.66,GBP,AMER,CP0368,SWAP,TDR0184,BOOK_C,2025-12-07
TXN0003512779,APP006,2025-06-28,settled,989734.55,CHF,APAC,CP0447,FX,TDR0175,BOOK_D,2025-10-12
TXN0009392468,APP017,2026-03-28,settled,859961.01,AUD,LATAM,CP0024,FUTURE,TDR0152,BOOK_A,2025-04-01
TXN0009674274,APP007,2025-04-19,reversed,27820.4,GBP,APAC,CP0420,OPTION,TDR0161,BOOK_D,2025-06-04
TXN0000190775,APP016,2026-03-07,settled,544277.64,JPY,AMER,CP0409,FUTURE,TDR0038,BOOK_D,2025-03-02
TXN0004807846,APP018,2025-12-17,active,483420.62,AUD,EMEA,CP0116,SWAP,TDR0157,BOOK_B,2025-03-21
TXN0002160385,APP011,2025-10-20,settled,699220.16,JPY,APAC,CP0029,BOND,TDR0150,BOOK_C,2025-10-07
TXN0000718338,APP015,2026-02-27,failed,97086.08,JPY,LATAM,CP0291,FX,TDR0121,BOOK_B,2026-03-23
TXN0006719537,APP020,2026-01-15,reversed,851389.91,JPY,APAC,CP0240,EQUITY,TDR0037,BOOK_C,2025-05-04
TXN0000451051,APP014,2025-02-11,pending,650819.22,JPY,EMEA,CP0054,FUTURE,TDR0184,BOOK_D,2025-03-11
TXN0007921727,APP014,2026-02-02,reversed,6897.53,EUR,LATAM,CP0291,OPTION,TDR0071,BOOK_C,2025-08-09
TXN0006660580,APP012,2025-05-28,failed,848408.89,AUD,EMEA,CP0308,OPTION,TDR0178,BOOK_C,2026-03-24
TXN0006618154,APP020,2025-03-23,reversed,728642.12,EUR,EMEA,CP0245,FX,TDR0030,BOOK_B,2026-04-11
TXN0000949318,APP018,2026-01-01,reversed,244981.41,AUD,AMER,CP0026,FX,TDR0094,BOOK_B,2025-07-30
TXN0005594249,APP020,2026-01-11,pending,415510.39,GBP,LATAM,CP0150,FUTURE,TDR0030,BOOK_B,2025-03-08
TXN0008227793,APP013,2025-03-12,reversed,540891.04,CHF,AMER,CP0485,EQUITY,TDR0016,BOOK_B,2026-04-09
TXN0004881888,APP020,2025-10-15,failed,565889.64,EUR,LATAM,CP0458,FUTURE,TDR0191,BOOK_D,2025-10-22
TXN0009286731,APP011,2025-07-03,settled,708626.69,CHF,LATAM,CP0420,SWAP,TDR0063,BOOK_C,2026-02-26
TXN0003791686,APP019,2026-01-06,pending,457563.94,CHF,AMER,CP0041,OPTION,TDR0005,BOOK_C,2025-05-26
TXN0001208070,APP012,2025-09-03,pending,781985.13,CHF,APAC,CP0367,FUTURE,TDR0192,BOOK_A,2025-10-13
TXN0003634780,APP014,2025-10-28,failed,14272.57,CHF,APAC,CP0450,BOND,TDR0164,BOOK_A,2025-06-08
TXN0000163711,APP015,2025-09-04,reversed,637934.12,JPY,LATAM,CP0006,SWAP,TDR0200,BOOK_A,2026-01-16
TXN0001030176,APP016,2025-08-04,failed,165668.5,GBP,LATAM,CP0473,BOND,TDR0007,BOOK_A,2025-12-17
TXN0008217698,APP002,2025-07-12,pending,867248.33,CHF,LATAM,CP0386,OPTION,TDR0015,BOOK_D,2026-03-03
TXN0003889393,APP001,2025-01-28,pending,607001.46,CHF,EMEA,CP0360,OPTION,TDR0032,BOOK_B,2025-11-11
TXN0001332584,APP018,2026-04-07,reversed,287511.99,GBP,LATAM,CP0244,SWAP,TDR0032,BOOK_D,2025-12-23
TXN0007823529,APP012,2025-11-19,settled,133434.88,AUD,APAC,CP0010,FUTURE,TDR0052,BOOK_D,2025-01-28
TXN0009660651,APP008,2025-10-09,failed,200022.03,GBP,EMEA,CP0285,BOND,TDR0116,BOOK_D,2025-09-08
TXN0003605070,APP006,2025-07-13,pending,568786.34,USD,LATAM,CP0243,SWAP,TDR0086,BOOK_D,2025-10-10
TXN0003611307,APP007,2025-07-02,active,417293.46,GBP,AMER,CP0250,OPTION,TDR0103,BOOK_D,2025-07-02
TXN0009622266,APP002,2026-02-21,failed,573912.08,CHF,AMER,CP0172,OPTION,TDR0178,BOOK_C,2025-10-04
TXN0007224808,APP014,2026-01-21,failed,789441.65,USD,AMER,CP0234,OPTION,TDR0157,BOOK_B,2025-04-13
TXN0003576722,APP012,2025-01-27,failed,77461.8,EUR,LATAM,CP0341,OPTION,TDR0089,BOOK_C,2025-03-07
TXN0009753936,APP009,2025-02-06,reversed,746316.73,AUD,APAC,CP0165,OPTION,TDR0069,BOOK_D,2025-08-08
TXN0004639711,APP016,2025-08-16,failed,477505.27,EUR,AMER,CP0040,FX,TDR0131,BOOK_A,2025-07-11
TXN0002612370,APP012,2025-03-15,settled,771936.95,CHF,APAC,CP0373,EQUITY,TDR0070,BOOK_C,2025-10-29
TXN0009559190,APP014,2026-03-14,pending,921978.79,JPY,LATAM,CP0114,SWAP,TDR0002,BOOK_C,2025-06-24
TXN0002995547,APP006,2025-01-12,failed,230805.91,AUD,APAC,CP0051,FX,TDR0185,BOOK_C,2025-09-22
TXN0000176610,APP010,2025-12-17,settled,184638.0,EUR,APAC,CP0315,FX,TDR0048,BOOK_C,2025-01-29
TXN0006612612,APP007,2026-03-27,pending,706104.52,JPY,APAC,CP0277,FUTURE,TDR0170,BOOK_D,2025-01-15
TXN0005144550,APP010,2025-05-23,reversed,424848.59,JPY,APAC,CP0453,BOND,TDR0132,BOOK_C,2026-02-21
TXN0005029754,APP003,2026-04-02,settled,823935.66,AUD,APAC,CP0294,SWAP,TDR0172,BOOK_C,2025-03-28
TXN0002487264,APP020,2025-05-26,settled,809057.37,USD,AMER,CP0226,SWAP,TDR0182,BOOK_C,2025-03-09
TXN0000292326,APP004,2025-09-18,reversed,824276.03,JPY,EMEA,CP0479,OPTION,TDR0001,BOOK_A,2025-11-07
TXN0000907589,APP003,2025-10-20,failed,295776.34,CHF,LATAM,CP0327,OPTION,TDR0016,BOOK_D,2025-03-07
TXN0008853765,APP009,2026-01-19,reversed,202987.25,GBP,EMEA,CP0088,OPTION,TDR0171,BOOK_D,2025-07-11
TXN0000252021,APP014,2025-07-09,settled,41584.51,AUD,AMER,CP0468,SWAP,TDR0156,BOOK_B,2025-01-20
TXN0007408240,APP009,2025-03-03,settled,413240.94,JPY,EMEA,CP0039,EQUITY,TDR0176,BOOK_D,2025-07-27
TXN0004170541,APP009,2025-11-20,reversed,523550.3,CHF,LATAM,CP0286,EQUITY,TDR0052,BOOK_D,2025-10-03
TXN0000462939,APP013,2025-06-12,reversed,268868.4,GBP,LATAM,CP0262,FUTURE,TDR0180,BOOK_D,2026-01-21
TXN0002700791,APP012,2025-07-11,pending,898622.22,EUR,LATAM,CP0143,OPTION,TDR0048,BOOK_C,2025-10-26
TXN0005810361,APP014,2026-01-01,settled,870153.8,USD,APAC,CP0270,FUTURE,TDR0191,BOOK_D,2026-04-02
TXN0006492885,APP010,2025-12-04,reversed,25897.7,USD,EMEA,CP0320,SWAP,TDR0032,BOOK_A,2025-03-08
TXN0001129783,APP019,2026-01-09,active,454161.64,AUD,AMER,CP0326,FUTURE,TDR0188,BOOK_A,2025-05-14
TXN0000597293,APP003,2025-09-23,settled,420901.76,USD,AMER,CP0148,FX,TDR0049,BOOK_A,2025-01-09
TXN0000205570,APP015,2025-06-10,pending,883186.56,USD,AMER,CP0383,SWAP,TDR0156,BOOK_A,2026-02-04
TXN0009915419,APP010,2025-08-06,active,499448.78,USD,LATAM,CP0282,BOND,TDR0078,BOOK_C,2025-08-12
TXN0006895747,APP002,2025-10-04,failed,87500.28,CHF,AMER,CP0431,OPTION,TDR0006,BOOK_A,2025-09-04
TXN0007427398,APP019,2026-04-08,pending,53799.52,GBP,AMER,CP0438,FX,TDR0087,BOOK_A,2025-07-05
TXN0008341770,APP020,2025-05-23,active,755870.9,JPY,AMER,CP0422,FX,TDR0177,BOOK_A,2025-04-08
TXN0000487062,APP009,2025-02-03,reversed,83097.08,GBP,LATAM,CP0271,EQUITY,TDR0199,BOOK_B,2025-05-21
TXN0002802845,APP004,2026-03-05,active,19147.69,JPY,AMER,CP0103,OPTION,TDR0198,BOOK_B,2025-07-18
TXN0009552642,APP005,2025-12-14,failed,849591.99,CHF,APAC,CP0356,EQUITY,TDR0044,BOOK_D,2026-04-03
TXN0006118817,APP014,2025-10-02,failed,386944.25,USD,EMEA,CP0211,BOND,TDR0048,BOOK_D,2025-12-26
TXN0004797262,APP004,2026-03-21,pending,354288.43,GBP,APAC,CP0374,SWAP,TDR0127,BOOK_D,2025-06-03
TXN0009987089,APP009,2026-03-30,active,487626.55,CHF,LATAM,CP0348,BOND,TDR0134,BOOK_A,2025-04-03
TXN0003443730,APP018,2026-03-02,active,823611.1,AUD,AMER,CP0461,OPTION,TDR0155,BOOK_B,2025-03-15
TXN0004408993,APP005,2025-01-03,active,506970.61,CHF,APAC,CP0140,FUTURE,TDR0153,BOOK_A,2026-01-27
TXN0001446706,APP013,2025-01-24,active,367034.97,GBP,APAC,CP0045,SWAP,TDR0021,BOOK_D,2026-04-04
TXN0007031415,APP019,2025-09-28,settled,747745.21,JPY,EMEA,CP0444,OPTION,TDR0146,BOOK_B,2025-11-26
TXN0001732605,APP006,2025-11-09,reversed,321144.01,AUD,APAC,CP0360,BOND,TDR0145,BOOK_A,2026-03-09
TXN0007113561,APP003,2026-01-03,pending,655770.29,USD,EMEA,CP0262,SWAP,TDR0096,BOOK_B,2026-01-13
TXN0002736599,APP008,2025-12-25,failed,762481.05,USD,EMEA,CP0085,EQUITY,TDR0191,BOOK_A,2025-05-03
TXN0009787477,APP016,2025-10-19,failed,696603.62,AUD,APAC,CP0284,BOND,TDR0013,BOOK_D,2026-02-03
TXN0000178440,APP009,2025-01-16,reversed,865984.26,USD,LATAM,CP0077,FUTURE,TDR0035,BOOK_A,2025-12-13
TXN0006798488,APP012,2025-07-20,failed,208200.28,USD,APAC,CP0064,FUTURE,TDR0039,BOOK_A,2025-05-06
TXN0000852353,APP006,2025-11-01,failed,305230.53,CHF,LATAM,CP0154,FUTURE,TDR0081,BOOK_B,2025-04-13
TXN0006881372,APP016,2025-02-13,active,915621.59,GBP,APAC,CP0163,FUTURE,TDR0015,BOOK_C,2025-07-22
TXN0008243697,APP013,2025-04-07,reversed,492406.51,JPY,LATAM,CP0060,FUTURE,TDR0103,BOOK_C,2026-02-06
TXN0009402266,APP010,2026-02-08,failed,125840.68,USD,AMER,CP0116,FUTURE,TDR0187,BOOK_B,2025-05-28
TXN0005382635,APP009,2025-01-22,pending,681852.66,CHF,LATAM,CP0155,FX,TDR0156,BOOK_A,2025-04-02
TXN0007598622,APP010,2025-10-02,reversed,339922.94,GBP,AMER,CP0243,SWAP,TDR0125,BOOK_C,2025-11-12
TXN0007787634,APP014,2026-03-18,reversed,61798.88,GBP,APAC,CP0363,FX,TDR0058,BOOK_A,2025-11-20
TXN0003753093,APP013,2025-08-13,settled,536877.57,AUD,AMER,CP0425,SWAP,TDR0007,BOOK_B,2026-03-17
TXN0003646623,APP001,2025-05-29,pending,358730.43,JPY,AMER,CP0371,SWAP,TDR0049,BOOK_C,2025-11-13
TXN0005088420,APP006,2025-06-28,active,492323.07,EUR,LATAM,CP0434,OPTION,TDR0009,BOOK_B,2025-12-12
TXN0001559259,APP013,2026-03-01,pending,469894.29,USD,LATAM,CP0144,OPTION,TDR0031,BOOK_D,2025-11-08
TXN0007995840,APP006,2025-09-27,failed,127531.14,CHF,AMER,CP0038,BOND,TDR0178,BOOK_B,2025-12-02
TXN0003773053,APP005,2026-02-08,reversed,139833.51,JPY,APAC,CP0243,OPTION,TDR0175,BOOK_B,2025-08-06
TXN0002379156,APP015,2025-12-14,failed,795795.95,JPY,EMEA,CP0058,FX,TDR0104,BOOK_A,2025-12-26
TXN0002936156,APP011,2025-02-25,reversed,794243.62,AUD,LATAM,CP0195,BOND,TDR0180,BOOK_C,2025-01-31
TXN0004802518,APP011,2025-12-31,settled,603213.04,JPY,APAC,CP0390,FUTURE,TDR0019,BOOK_A,2025-05-16
TXN0009023892,APP015,2025-06-18,failed,10569.4,JPY,EMEA,CP0120,OPTION,TDR0160,BOOK_C,2025-04-05
TXN0001721016,APP015,2025-01-11,reversed,347017.31,EUR,AMER,CP0307,EQUITY,TDR0185,BOOK_A,2025-09-23
TXN0009400154,APP013,2025-09-26,active,274310.82,JPY,EMEA,CP0139,EQUITY,TDR0199,BOOK_B,2025-09-03
TXN0004950974,APP012,2026-01-11,pending,106262.69,AUD,EMEA,CP0045,FX,TDR0151,BOOK_B,2025-12-09
TXN0006838431,APP014,2025-01-31,settled,354818.18,CHF,APAC,CP0051,OPTION,TDR0062,BOOK_D,2025-06-29
TXN0000897582,APP019,2025-10-02,pending,471208.6,JPY,AMER,CP0240,OPTION,TDR0114,BOOK_C,2025-03-26
TXN0004824350,APP014,2026-01-25,pending,531052.57,EUR,EMEA,CP0297,BOND,TDR0067,BOOK_C,2025-09-21
TXN0004103517,APP012,2025-05-01,pending,60415.88,JPY,AMER,CP0175,FUTURE,TDR0069,BOOK_A,2025-06-16
TXN0004322998,APP015,2026-04-05,settled,937854.05,GBP,LATAM,CP0198,SWAP,TDR0194,BOOK_B,2025-06-24
TXN0006302859,APP006,2025-05-17,pending,273587.96,EUR,AMER,CP0341,OPTION,TDR0070,BOOK_A,2025-11-07
TXN0008226632,APP015,2026-03-12,pending,851461.85,AUD,AMER,CP0389,SWAP,TDR0199,BOOK_A,2025-01-07
TXN0002598229,APP016,2025-07-11,active,283676.13,AUD,APAC,CP0428,FUTURE,TDR0015,BOOK_C,2025-12-04
TXN0003266676,APP013,2026-03-20,active,592546.22,GBP,LATAM,CP0486,BOND,TDR0119,BOOK_D,2025-05-19
TXN0003417903,APP001,2025-03-24,settled,454102.27,CHF,APAC,CP0369,EQUITY,TDR0115,BOOK_B,2025-11-22
TXN0006109608,APP016,2025-09-26,settled,87742.59,AUD,AMER,CP0032,SWAP,TDR0109,BOOK_B,2025-03-22
TXN0009810421,APP004,2025-01-17,settled,690486.96,AUD,LATAM,CP0271,BOND,TDR0088,BOOK_B,2025-10-13
TXN0009938450,APP013,2025-04-09,active,963908.31,JPY,APAC,CP0277,OPTION,TDR0120,BOOK_C,2025-04-10
TXN0002994960,APP012,2025-09-15,settled,364557.92,JPY,LATAM,CP0167,FUTURE,TDR0178,BOOK_D,2025-07-26
TXN0005860372,APP009,2025-01-26,settled,932820.69,JPY,LATAM,CP0288,FUTURE,TDR0117,BOOK_B,2025-12-16
TXN0003757037,APP017,2025-06-26,pending,400216.36,USD,LATAM,CP0396,SWAP,TDR0097,BOOK_C,2025-02-07
TXN0008262065,APP005,2025-09-17,reversed,32508.11,EUR,APAC,CP0168,BOND,TDR0079,BOOK_B,2025-10-30
TXN0007660173,APP013,2025-08-05,settled,628822.23,JPY,LATAM,CP0099,FUTURE,TDR0156,BOOK_C,2026-02-13
TXN0000772749,APP002,2025-08-23,failed,622465.14,EUR,EMEA,CP0266,FUTURE,TDR0008,BOOK_C,2025-09-13
TXN0008182745,APP006,2026-03-10,settled,24984.29,EUR,EMEA,CP0323,FX,TDR0189,BOOK_D,2025-06-02
TXN0000826500,APP012,2025-09-07,active,353770.66,EUR,LATAM,CP0067,BOND,TDR0006,BOOK_B,2026-01-03
TXN0005541103,APP002,2026-02-20,failed,326616.3,AUD,EMEA,CP0287,SWAP,TDR0106,BOOK_C,2026-04-11
TXN0008670160,APP018,2026-01-05,pending,123932.75,AUD,LATAM,CP0220,OPTION,TDR0001,BOOK_B,2025-06-20
TXN0007817879,APP017,2025-06-10,reversed,387110.09,JPY,APAC,CP0011,FX,TDR0102,BOOK_C,2025-01-21
TXN0005489310,APP005,2025-11-11,settled,69313.0,JPY,APAC,CP0447,OPTION,TDR0107,BOOK_D,2025-01-01
TXN0005014527,APP011,2026-02-01,settled,62074.22,USD,EMEA,CP0270,FUTURE,TDR0071,BOOK_A,2025-06-07
TXN0007064095,APP004,2026-02-23,settled,283258.74,EUR,LATAM,CP0273,FUTURE,TDR0179,BOOK_C,2025-03-07
TXN0006041998,APP009,2025-04-12,settled,434596.71,AUD,LATAM,CP0223,EQUITY,TDR0059,BOOK_D,2025-12-11
TXN0008397402,APP008,2025-11-29,settled,226880.31,JPY,AMER,CP0409,OPTION,TDR0112,BOOK_C,2026-02-08
TXN0002828735,APP007,2025-12-06,failed,666538.89,CHF,AMER,CP0447,FX,TDR0046,BOOK_B,2026-02-02
TXN0004531271,APP009,2025-04-12,pending,911661.6,CHF,AMER,CP0490,FX,TDR0088,BOOK_B,2025-07-20
TXN0003368696,APP003,2025-08-23,failed,785088.32,AUD,APAC,CP0109,OPTION,TDR0128,BOOK_B,2025-03-16
TXN0003086838,APP018,2025-04-13,settled,642192.92,JPY,APAC,CP0242,FUTURE,TDR0106,BOOK_A,2025-03-16
TXN0002899525,APP001,2025-07-22,active,55314.59,EUR,EMEA,CP0243,SWAP,TDR0147,BOOK_C,2025-06-14
TXN0009049045,APP013,2025-07-05,reversed,987027.09,AUD,APAC,CP0178,EQUITY,TDR0062,BOOK_A,2025-08-25
TXN0007750934,APP017,2025-09-23,pending,866894.47,AUD,EMEA,CP0428,EQUITY,TDR0077,BOOK_A,2025-02-26
TXN0002765187,APP010,2026-03-24,settled,211652.16,USD,LATAM,CP0398,BOND,TDR0067,BOOK_D,2025-10-22
TXN0008246495,APP017,2025-07-28,active,679717.94,AUD,AMER,CP0015,OPTION,TDR0052,BOOK_D,2025-03-13
TXN0003549838,APP013,2026-01-22,settled,515362.94,CHF,LATAM,CP0293,EQUITY,TDR0105,BOOK_B,2025-04-07
TXN0008669171,APP010,2025-10-05,failed,192347.64,USD,LATAM,CP0083,FX,TDR0144,BOOK_D,2025-11-09
TXN0003738413,APP009,2025-11-07,settled,504264.1,USD,APAC,CP0189,FX,TDR0043,BOOK_A,2025-01-31
TXN0005145574,APP004,2026-01-08,active,660662.36,AUD,APAC,CP0395,FX,TDR0060,BOOK_A,2025-07-06
TXN0007315909,APP011,2025-10-02,failed,529200.39,AUD,APAC,CP0103,EQUITY,TDR0043,BOOK_B,2026-02-11
TXN0004435005,APP017,2025-07-16,reversed,587932.95,USD,EMEA,CP0258,SWAP,TDR0156,BOOK_C,2025-06-12
TXN0000141017,APP003,2026-02-09,settled,947416.23,USD,EMEA,CP0056,BOND,TDR0179,BOOK_C,2025-03-19
TXN0004431201,APP001,2025-12-06,active,151251.39,JPY,EMEA,CP0359,FUTURE,TDR0121,BOOK_C,2025-06-18
TXN0008089316,APP012,2025-10-01,pending,327152.17,EUR,EMEA,CP0092,FX,TDR0055,BOOK_B,2026-02-26
TXN0004657371,APP004,2025-09-04,active,147354.54,USD,AMER,CP0321,FX,TDR0102,BOOK_A,2025-08-07
TXN0007284246,APP013,2025-11-14,reversed,274752.88,EUR,APAC,CP0351,EQUITY,TDR0142,BOOK_C,2025-07-08
TXN0004085475,APP012,2026-03-21,pending,427391.33,AUD,AMER,CP0161,BOND,TDR0013,BOOK_C,2025-09-14
TXN0001090205,APP015,2025-10-26,failed,138539.89,USD,APAC,CP0061,EQUITY,TDR0153,BOOK_B,2025-09-13
TXN0007181646,APP003,2025-11-18,reversed,432190.37,USD,LATAM,CP0318,FX,TDR0125,BOOK_D,2025-06-27
TXN0001842253,APP005,2025-03-13,settled,472621.88,JPY,AMER,CP0406,FUTURE,TDR0088,BOOK_A,2025-09-23
TXN0000400275,APP003,2025-03-13,pending,421411.78,CHF,LATAM,CP0271,FUTURE,TDR0174,BOOK_A,2025-06-21
TXN0008691406,APP008,2025-01-28,settled,891119.66,GBP,LATAM,CP0461,FUTURE,TDR0113,BOOK_B,2025-07-24
TXN0002309414,APP010,2025-08-28,settled,446081.18,EUR,APAC,CP0317,SWAP,TDR0078,BOOK_D,2026-04-02
TXN0000021563,APP013,2025-11-04,active,224352.66,AUD,APAC,CP0115,SWAP,TDR0056,BOOK_D,2025-04-23
TXN0009579954,APP011,2025-07-12,pending,429999.78,USD,AMER,CP0307,FUTURE,TDR0183,BOOK_C,2025-06-30
TXN0000892066,APP011,2025-04-27,reversed,63247.38,USD,EMEA,CP0333,FX,TDR0043,BOOK_B,2025-09-30
TXN0004901973,APP016,2025-08-14,failed,362376.33,CHF,EMEA,CP0090,FX,TDR0151,BOOK_D,2025-12-17
TXN0007134748,APP015,2025-05-31,reversed,695381.1,GBP,APAC,CP0113,FX,TDR0129,BOOK_B,2025-10-21
TXN0009250918,APP017,2025-07-07,reversed,163798.5,USD,EMEA,CP0095,FUTURE,TDR0177,BOOK_C,2025-08-16
TXN0003121772,APP018,2025-12-04,failed,240748.46,AUD,EMEA,CP0115,SWAP,TDR0111,BOOK_B,2025-06-24
TXN0003322282,APP017,2026-02-15,failed,967760.92,GBP,LATAM,CP0449,SWAP,TDR0013,BOOK_C,2026-02-21
TXN0006652510,APP005,2025-05-12,failed,700316.72,AUD,LATAM,CP0424,SWAP,TDR0154,BOOK_A,2025-08-09
TXN0005489220,APP009,2025-05-21,settled,46469.3,AUD,EMEA,CP0334,BOND,TDR0147,BOOK_D,2025-12-04
TXN0008445646,APP015,2025-03-18,active,797336.84,JPY,APAC,CP0484,OPTION,TDR0064,BOOK_C,2025-12-23
TXN0003351189,APP008,2025-07-15,pending,326175.56,CHF,LATAM,CP0107,SWAP,TDR0007,BOOK_C,2025-12-22
TXN0007957854,APP012,2026-03-05,reversed,623626.08,GBP,APAC,CP0365,SWAP,TDR0098,BOOK_B,2025-10-25
TXN0008715551,APP010,2025-06-15,active,888856.17,USD,LATAM,CP0003,SWAP,TDR0041,BOOK_C,2025-09-10
TXN0009059698,APP015,2025-12-17,reversed,259805.08,GBP,EMEA,CP0247,FX,TDR0196,BOOK_C,2025-01-15
TXN0006457238,APP012,2025-06-27,active,602529.92,JPY,LATAM,CP0134,FUTURE,TDR0154,BOOK_B,2025-07-23
TXN0007503359,APP011,2025-12-05,pending,728595.91,CHF,APAC,CP0360,OPTION,TDR0124,BOOK_B,2025-11-27
TXN0000771215,APP012,2025-05-27,failed,589297.63,EUR,LATAM,CP0430,FUTURE,TDR0032,BOOK_C,2025-11-10
TXN0001354570,APP009,2025-04-07,settled,537521.04,USD,AMER,CP0212,OPTION,TDR0196,BOOK_A,2026-01-31
TXN0001897979,APP016,2025-05-12,reversed,117552.97,CHF,APAC,CP0329,FX,TDR0167,BOOK_C,2025-03-23
TXN0008676073,APP020,2025-04-14,failed,48954.14,GBP,AMER,CP0444,OPTION,TDR0042,BOOK_B,2025-02-23
TXN0003948906,APP003,2025-04-10,settled,765827.55,GBP,APAC,CP0240,SWAP,TDR0115,BOOK_B,2025-11-05
TXN0002336858,APP011,2025-05-07,failed,619696.61,GBP,EMEA,CP0498,FX,TDR0046,BOOK_D,2025-07-20
TXN0005999498,APP011,2025-07-07,reversed,301731.26,USD,EMEA,CP0423,FUTURE,TDR0152,BOOK_B,2025-07-23
TXN0004206265,APP003,2025-09-11,failed,62754.01,JPY,APAC,CP0052,OPTION,TDR0147,BOOK_C,2025-07-26
TXN0002233044,APP003,2025-10-06,settled,240269.38,AUD,LATAM,CP0421,EQUITY,TDR0096,BOOK_B,2025-02-02
TXN0000476616,APP004,2025-02-04,pending,839001.14,AUD,LATAM,CP0263,FX,TDR0050,BOOK_C,2025-06-10
TXN0007248513,APP001,2025-02-21,failed,377949.64,EUR,LATAM,CP0191,EQUITY,TDR0131,BOOK_A,2025-09-18
TXN0006013229,APP016,2025-04-28,failed,604769.51,AUD,APAC,CP0289,OPTION,TDR0193,BOOK_D,2025-04-11
TXN0009934865,APP015,2025-07-15,failed,10817.62,CHF,LATAM,CP0448,EQUITY,TDR0162,BOOK_D,2025-07-22
TXN0001995029,APP017,2025-08-22,reversed,643937.99,USD,EMEA,CP0377,BOND,TDR0193,BOOK_B,2025-06-10
TXN0006456559,APP013,2025-03-02,reversed,955951.79,USD,APAC,CP0470,OPTION,TDR0031,BOOK_C,2026-01-26
TXN0003172941,APP011,2026-02-08,pending,592243.1,JPY,APAC,CP0221,SWAP,TDR0161,BOOK_D,2026-02-17
TXN0000697398,APP019,2025-07-21,settled,856279.87,AUD,AMER,CP0352,FUTURE,TDR0004,BOOK_A,2025-09-20
TXN0007188909,APP002,2025-02-16,pending,50493.37,GBP,APAC,CP0181,FUTURE,TDR0168,BOOK_B,2025-05-18
TXN0007192941,APP008,2025-04-11,active,571589.15,GBP,EMEA,CP0450,FX,TDR0061,BOOK_B,2025-01-03
TXN0004335998,APP020,2025-08-03,failed,580544.05,JPY,APAC,CP0032,FX,TDR0120,BOOK_C,2026-02-16
TXN0009029851,APP003,2025-01-08,pending,690454.41,GBP,APAC,CP0431,OPTION,TDR0104,BOOK_D,2025-07-01
TXN0006121500,APP005,2025-02-10,failed,997706.13,CHF,LATAM,CP0373,FX,TDR0096,BOOK_B,2026-04-03
TXN0001646255,APP010,2025-03-17,settled,735772.13,USD,APAC,CP0052,FUTURE,TDR0098,BOOK_B,2025-09-10
TXN0006126559,APP017,2025-08-14,active,826492.09,CHF,EMEA,CP0378,FUTURE,TDR0134,BOOK_D,2026-02-05
TXN0001093784,APP006,2026-03-01,active,737577.06,GBP,EMEA,CP0118,FX,TDR0061,BOOK_D,2025-10-10
TXN0008661052,APP010,2025-09-19,pending,29447.99,GBP,EMEA,CP0055,SWAP,TDR0189,BOOK_B,2025-01-17
TXN0002264498,APP018,2026-02-07,failed,821944.09,CHF,AMER,CP0376,BOND,TDR0065,BOOK_A,2025-06-02
TXN0000835928,APP005,2025-01-18,active,533226.79,JPY,AMER,CP0233,EQUITY,TDR0153,BOOK_C,2025-11-30
TXN0001966649,APP018,2025-10-02,settled,702066.29,AUD,EMEA,CP0005,FX,TDR0055,BOOK_B,2025-09-18
TXN0004534737,APP017,2025-01-06,reversed,595550.85,USD,LATAM,CP0404,EQUITY,TDR0105,BOOK_A,2026-04-06
TXN0001824260,APP019,2025-04-23,reversed,576812.36,CHF,EMEA,CP0245,OPTION,TDR0022,BOOK_C,2025-04-11
TXN0001921555,APP013,2025-12-12,active,907513.63,AUD,AMER,CP0451,BOND,TDR0020,BOOK_B,2025-07-27
TXN0004660448,APP012,2026-01-05,active,374414.13,JPY,APAC,CP0179,FX,TDR0130,BOOK_C,2025-10-01
TXN0000487811,APP010,2025-03-09,reversed,642529.67,EUR,EMEA,CP0066,FX,TDR0076,BOOK_B,2026-02-10
TXN0001806542,APP011,2025-08-19,reversed,691527.34,JPY,LATAM,CP0248,SWAP,TDR0079,BOOK_B,2025-07-30
TXN0009318825,APP002,2025-09-21,failed,316743.03,GBP,AMER,CP0221,SWAP,TDR0068,BOOK_D,2025-05-26
TXN0001715542,APP013,2025-12-12,active,357242.69,USD,LATAM,CP0028,FX,TDR0178,BOOK_A,2025-03-09
TXN0007708056,APP011,2025-07-16,settled,485768.66,JPY,AMER,CP0336,SWAP,TDR0116,BOOK_C,2025-01-26
TXN0006011324,APP013,2025-03-23,pending,370503.06,GBP,AMER,CP0409,FX,TDR0153,BOOK_C,2026-03-17
TXN0004890289,APP010,2026-01-30,settled,565320.54,EUR,APAC,CP0279,SWAP,TDR0116,BOOK_C,2025-04-07
TXN0003985443,APP009,2025-12-05,reversed,382809.43,USD,EMEA,CP0220,FUTURE,TDR0055,BOOK_B,2025-02-22
TXN0004476202,APP003,2025-12-08,active,970061.99,USD,APAC,CP0281,BOND,TDR0016,BOOK_D,2026-02-01
TXN0002342616,APP004,2026-03-19,reversed,390697.68,GBP,LATAM,CP0214,OPTION,TDR0129,BOOK_C,2025-02-03
TXN0007802528,APP014,2025-03-21,settled,444821.35,EUR,LATAM,CP0229,FUTURE,TDR0046,BOOK_C,2025-09-23
TXN0001275726,APP015,2025-06-28,settled,611756.36,CHF,LATAM,CP0009,FUTURE,TDR0056,BOOK_D,2025-04-26
TXN0000863307,APP004,2025-10-12,pending,300091.95,GBP,LATAM,CP0479,FX,TDR0111,BOOK_A,2025-02-06
TXN0007112998,APP020,2025-02-08,active,117262.87,GBP,APAC,CP0382,SWAP,TDR0143,BOOK_C,2025-03-14
TXN0002295157,APP001,2025-05-24,settled,483082.8,CHF,AMER,CP0489,OPTION,TDR0051,BOOK_B,2025-11-26
TXN0004472502,APP020,2025-02-06,settled,327252.43,EUR,AMER,CP0219,EQUITY,TDR0150,BOOK_A,2025-07-02
TXN0006763832,APP019,2025-04-24,failed,887055.29,GBP,LATAM,CP0313,SWAP,TDR0063,BOOK_D,2025-02-26
TXN0000550642,APP003,2025-04-13,settled,6226.22,AUD,AMER,CP0132,EQUITY,TDR0025,BOOK_A,2025-12-05
TXN0001828108,APP001,2026-01-03,active,828315.76,GBP,AMER,CP0103,FUTURE,TDR0052,BOOK_D,2025-03-24
TXN0001950004,APP011,2026-01-08,pending,138666.75,EUR,LATAM,CP0358,OPTION,TDR0074,BOOK_C,2025-01-19
TXN0006551404,APP019,2026-02-25,settled,656235.97,AUD,LATAM,CP0031,FUTURE,TDR0195,BOOK_B,2026-03-01
TXN0009429882,APP001,2025-05-29,failed,148904.08,GBP,AMER,CP0341,EQUITY,TDR0137,BOOK_B,2025-01-16
TXN0009148971,APP007,2026-02-16,failed,103122.55,EUR,EMEA,CP0334,FX,TDR0017,BOOK_D,2025-12-04
TXN0004430606,APP015,2025-07-21,pending,107266.03,AUD,APAC,CP0089,OPTION,TDR0192,BOOK_B,2025-07-20
TXN0005094429,APP008,2025-01-10,reversed,654742.54,USD,LATAM,CP0281,FX,TDR0093,BOOK_C,2025-07-23
TXN0002275963,APP009,2026-02-19,active,315279.39,GBP,LATAM,CP0127,FUTURE,TDR0070,BOOK_C,2025-09-23
TXN0001912203,APP001,2025-12-08,pending,653947.64,EUR,EMEA,CP0238,FX,TDR0018,BOOK_B,2025-10-16
TXN0001894695,APP014,2025-08-03,failed,817873.22,CHF,APAC,CP0461,SWAP,TDR0006,BOOK_B,2025-01-12
TXN0001349803,APP005,2026-03-25,pending,125789.39,CHF,AMER,CP0222,OPTION,TDR0161,BOOK_C,2025-12-28
TXN0005914179,APP002,2025-12-26,pending,682156.62,CHF,APAC,CP0144,OPTION,TDR0146,BOOK_C,2025-11-29
TXN0009027086,APP005,2025-09-23,settled,680532.89,GBP,AMER,CP0167,FUTURE,TDR0010,BOOK_C,2025-10-12
TXN0007334946,APP018,2025-04-04,pending,32468.52,GBP,AMER,CP0120,FX,TDR0047,BOOK_D,2026-03-16
TXN0007423743,APP007,2025-10-23,active,411200.14,AUD,LATAM,CP0199,FX,TDR0099,BOOK_A,2025-07-03
TXN0007603750,APP007,2025-03-18,pending,657926.64,AUD,AMER,CP0211,EQUITY,TDR0192,BOOK_B,2025-09-06
TXN0007705237,APP013,2025-09-23,settled,980754.33,JPY,APAC,CP0327,FUTURE,TDR0024,BOOK_A,2025-09-14
TXN0009465156,APP001,2025-06-23,pending,797650.27,JPY,LATAM,CP0390,SWAP,TDR0114,BOOK_B,2026-02-11
TXN0007436957,APP005,2025-08-02,failed,659301.47,CHF,APAC,CP0128,SWAP,TDR0125,BOOK_C,2025-12-27
TXN0009354037,APP007,2025-06-19,reversed,602367.0,EUR,LATAM,CP0316,EQUITY,TDR0052,BOOK_C,2025-02-14
TXN0000943906,APP010,2025-06-19,active,216463.24,GBP,AMER,CP0368,SWAP,TDR0101,BOOK_A,2026-03-27
TXN0008466067,APP019,2025-08-05,reversed,1835.64,GBP,AMER,CP0171,BOND,TDR0140,BOOK_D,2025-03-31
TXN0004980253,APP004,2025-05-26,settled,122064.6,USD,LATAM,CP0165,SWAP,TDR0113,BOOK_D,2025-10-08
TXN0000680335,APP012,2025-11-29,failed,535145.68,EUR,LATAM,CP0278,BOND,TDR0171,BOOK_A,2026-04-04
TXN0000370646,APP002,2025-01-11,failed,784658.88,JPY,APAC,CP0438,SWAP,TDR0143,BOOK_D,2025-09-03
TXN0001500942,APP006,2025-09-22,settled,782650.0,AUD,APAC,CP0033,EQUITY,TDR0102,BOOK_D,2025-12-04
TXN0003533355,APP008,2025-12-24,active,288726.39,EUR,EMEA,CP0073,EQUITY,TDR0096,BOOK_C,2025-11-11
TXN0006132658,APP020,2025-03-05,reversed,514942.0,JPY,AMER,CP0058,BOND,TDR0034,BOOK_C,2025-09-05
TXN0009185889,APP002,2025-10-18,settled,918331.51,GBP,APAC,CP0386,FUTURE,TDR0058,BOOK_A,2025-06-07
TXN0000545569,APP009,2026-01-03,settled,614957.79,CHF,EMEA,CP0184,OPTION,TDR0124,BOOK_C,2025-03-17
TXN0001579718,APP011,2025-02-21,reversed,628212.76,AUD,AMER,CP0257,FX,TDR0082,BOOK_B,2025-12-17
TXN0005313482,APP008,2025-08-13,settled,476661.19,CHF,LATAM,CP0357,BOND,TDR0016,BOOK_C,2025-09-16
TXN0001603057,APP007,2026-01-31,settled,716889.21,CHF,LATAM,CP0174,SWAP,TDR0082,BOOK_D,2025-10-05
TXN0007729421,APP001,2025-01-08,reversed,651645.26,EUR,AMER,CP0402,EQUITY,TDR0096,BOOK_B,2025-05-14
TXN0005177201,APP018,2026-01-03,failed,882377.94,GBP,LATAM,CP0474,SWAP,TDR0072,BOOK_D,2025-01-31
TXN0006869071,APP009,2025-06-02,failed,208660.0,EUR,EMEA,CP0162,FX,TDR0167,BOOK_C,2025-09-03
TXN0005050977,APP006,2025-10-10,active,921955.72,CHF,APAC,CP0288,FUTURE,TDR0082,BOOK_C,2025-03-21
TXN0008542045,APP017,2025-02-26,reversed,254420.98,AUD,EMEA,CP0002,EQUITY,TDR0021,BOOK_B,2026-04-11
TXN0001143121,APP001,2025-04-13,failed,440230.28,GBP,LATAM,CP0077,BOND,TDR0055,BOOK_A,2025-02-27
TXN0006861266,APP012,2025-07-30,pending,552761.47,USD,EMEA,CP0480,FUTURE,TDR0076,BOOK_C,2025-02-01
TXN0000320901,APP013,2025-01-28,active,462164.13,USD,EMEA,CP0432,BOND,TDR0085,BOOK_D,2025-07-24
TXN0003891610,APP003,2025-07-17,pending,439800.81,EUR,EMEA,CP0500,FX,TDR0097,BOOK_B,2025-09-21
TXN0002888068,APP003,2026-02-14,active,253826.49,CHF,AMER,CP0335,FUTURE,TDR0132,BOOK_A,2025-11-09
TXN0001942237,APP007,2026-03-22,pending,144005.56,EUR,APAC,CP0411,FUTURE,TDR0152,BOOK_C,2025-04-18
TXN0005216570,APP010,2025-03-17,failed,86334.46,GBP,LATAM,CP0018,FX,TDR0199,BOOK_D,2025-06-09
TXN0009056316,APP005,2025-03-23,settled,834749.86,EUR,LATAM,CP0177,FX,TDR0196,BOOK_C,2025-12-18
TXN0007514675,APP008,2025-11-11,failed,405607.46,JPY,AMER,CP0053,SWAP,TDR0043,BOOK_B,2026-03-21
TXN0004339226,APP013,2025-09-05,pending,568962.47,USD,AMER,CP0104,EQUITY,TDR0071,BOOK_B,2026-03-25
TXN0004297572,APP006,2025-10-28,pending,733522.51,JPY,EMEA,CP0110,FUTURE,TDR0044,BOOK_C,2026-03-19
TXN0006063539,APP018,2025-07-29,active,619353.62,EUR,APAC,CP0394,FX,TDR0026,BOOK_A,2025-11-02
TXN0004952353,APP014,2025-05-02,settled,15662.43,JPY,APAC,CP0128,BOND,TDR0053,BOOK_B,2025-11-12
TXN0001869095,APP012,2025-04-17,failed,812336.45,USD,LATAM,CP0117,OPTION,TDR0063,BOOK_B,2025-07-22
TXN0006411659,APP005,2025-07-22,reversed,895479.41,CHF,EMEA,CP0049,BOND,TDR0111,BOOK_D,2025-07-05
TXN0002069573,APP018,2025-11-01,pending,965680.25,GBP,APAC,CP0074,OPTION,TDR0091,BOOK_B,2026-03-28
TXN0006875229,APP013,2026-03-09,reversed,284599.52,AUD,APAC,CP0217,EQUITY,TDR0138,BOOK_C,2026-01-13
TXN0002567222,APP002,2025-07-15,settled,179251.22,USD,EMEA,CP0240,EQUITY,TDR0162,BOOK_C,2026-02-12
TXN0002868737,APP009,2026-03-09,reversed,157617.35,GBP,EMEA,CP0127,OPTION,TDR0199,BOOK_A,2025-05-25
TXN0000780741,APP004,2025-11-21,active,953045.73,GBP,AMER,CP0366,FUTURE,TDR0125,BOOK_D,2026-02-07
TXN0001715175,APP010,2025-07-16,settled,893203.47,USD,AMER,CP0233,OPTION,TDR0120,BOOK_D,2026-02-01
TXN0001248168,APP017,2025-07-24,failed,636014.13,JPY,LATAM,CP0198,FUTURE,TDR0066,BOOK_A,2025-10-12
TXN0002078884,APP010,2025-02-07,settled,202252.72,USD,APAC,CP0340,FUTURE,TDR0035,BOOK_B,2026-03-01
TXN0007424709,APP015,2026-02-12,settled,310843.48,JPY,EMEA,CP0100,EQUITY,TDR0006,BOOK_B,2025-09-20
TXN0007939365,APP020,2025-12-04,active,768269.33,AUD,AMER,CP0445,SWAP,TDR0154,BOOK_B,2026-04-12
TXN0001283173,APP002,2026-01-18,settled,16714.26,USD,EMEA,CP0474,EQUITY,TDR0115,BOOK_B,2025-11-16
TXN0002586662,APP020,2025-02-01,reversed,710596.49,JPY,EMEA,CP0491,SWAP,TDR0158,BOOK_B,2025-03-02
TXN0001811514,APP014,2025-08-17,reversed,261785.42,USD,AMER,CP0210,EQUITY,TDR0133,BOOK_B,2026-02-15
TXN0002050913,APP009,2025-07-12,failed,500893.28,EUR,LATAM,CP0019,FX,TDR0078,BOOK_B,2025-12-09
TXN0009476120,APP008,2026-03-19,active,539298.21,EUR,AMER,CP0425,FX,TDR0164,BOOK_D,2026-02-02
TXN0004573706,APP010,2025-06-19,settled,231452.92,JPY,EMEA,CP0371,FX,TDR0070,BOOK_A,2026-04-13
TXN0006695729,APP009,2025-08-27,settled,97992.28,GBP,EMEA,CP0369,SWAP,TDR0015,BOOK_C,2025-10-27
TXN0006368856,APP015,2026-01-12,reversed,113127.61,AUD,AMER,CP0096,EQUITY,TDR0066,BOOK_C,2025-04-23
TXN0009272298,APP017,2025-12-21,pending,117846.08,JPY,LATAM,CP0385,BOND,TDR0044,BOOK_D,2025-11-04
TXN0008550815,APP008,2025-10-26,failed,773000.5,AUD,APAC,CP0220,OPTION,TDR0153,BOOK_C,2025-10-05
TXN0005342665,APP014,2025-12-23,failed,53369.92,USD,LATAM,CP0327,OPTION,TDR0001,BOOK_B,2025-04-21
TXN0006792512,APP009,2025-05-16,failed,518915.14,JPY,AMER,CP0443,FX,TDR0178,BOOK_D,2025-09-08
TXN0006112272,APP013,2026-03-18,pending,450816.38,EUR,LATAM,CP0191,FUTURE,TDR0087,BOOK_B,2025-03-06
TXN0004468061,APP012,2025-09-23,pending,489622.61,EUR,APAC,CP0338,EQUITY,TDR0039,BOOK_A,2025-05-24
TXN0001366513,APP012,2025-07-15,failed,287324.45,GBP,AMER,CP0111,BOND,TDR0101,BOOK_A,2025-07-21
TXN0000270817,APP013,2025-03-05,failed,950643.47,JPY,EMEA,CP0242,BOND,TDR0026,BOOK_B,2025-09-08
TXN0007867267,APP020,2025-01-23,failed,776543.59,JPY,LATAM,CP0159,FX,TDR0126,BOOK_B,2025-04-15
TXN0001219478,APP018,2025-07-26,pending,413855.43,AUD,AMER,CP0094,EQUITY,TDR0140,BOOK_B,2025-09-13
TXN0009284846,APP019,2025-06-10,active,175717.75,EUR,LATAM,CP0063,FUTURE,TDR0019,BOOK_D,2025-12-29
TXN0001758865,APP017,2025-09-21,settled,496218.98,CHF,EMEA,CP0067,SWAP,TDR0057,BOOK_C,2025-07-12
TXN0008886763,APP016,2025-07-10,failed,302264.63,JPY,APAC,CP0469,SWAP,TDR0083,BOOK_C,2026-03-19
TXN0006412800,APP010,2026-01-25,failed,164923.3,JPY,EMEA,CP0495,FX,TDR0179,BOOK_C,2025-12-01
TXN0007926109,APP013,2026-01-04,settled,979152.74,USD,AMER,CP0330,SWAP,TDR0094,BOOK_A,2025-11-05
TXN0005769699,APP015,2026-03-29,settled,800241.11,USD,AMER,CP0305,FX,TDR0056,BOOK_B,2025-12-18
TXN0000443257,APP006,2025-01-27,failed,649889.46,GBP,APAC,CP0129,FUTURE,TDR0008,BOOK_C,2025-05-15
TXN0002065336,APP005,2025-01-19,active,903694.23,USD,EMEA,CP0496,FX,TDR0068,BOOK_C,2025-07-01
TXN0006940086,APP012,2025-10-05,pending,456127.09,CHF,LATAM,CP0249,FUTURE,TDR0014,BOOK_B,2025-12-14
TXN0007409761,APP019,2025-12-04,pending,80773.51,CHF,APAC,CP0369,FX,TDR0195,BOOK_D,2026-03-13
TXN0002587377,APP010,2026-01-02,active,702072.25,JPY,EMEA,CP0140,OPTION,TDR0062,BOOK_D,2026-03-08
TXN0003029134,APP014,2025-04-08,reversed,977290.77,EUR,LATAM,CP0131,FX,TDR0032,BOOK_B,2025-01-25
TXN0009194253,APP012,2026-03-21,active,820134.07,USD,APAC,CP0062,FX,TDR0090,BOOK_A,2026-03-04
TXN0003157700,APP002,2025-06-01,active,969764.99,JPY,EMEA,CP0151,EQUITY,TDR0092,BOOK_B,2025-06-20
TXN0005648623,APP015,2025-01-06,active,408590.7,EUR,EMEA,CP0183,OPTION,TDR0035,BOOK_D,2025-09-28
TXN0009572596,APP018,2026-03-15,pending,833041.72,EUR,APAC,CP0010,SWAP,TDR0062,BOOK_B,2025-10-01
TXN0004422730,APP010,2026-01-01,pending,418849.13,USD,AMER,CP0107,FUTURE,TDR0183,BOOK_D,2025-10-03
TXN0007628684,APP015,2025-01-05,reversed,709879.73,USD,EMEA,CP0259,SWAP,TDR0037,BOOK_C,2025-08-13
TXN0009803297,APP016,2025-11-27,active,65780.22,AUD,APAC,CP0441,OPTION,TDR0021,BOOK_B,2025-03-04
TXN0005841228,APP012,2025-05-29,active,276296.71,CHF,LATAM,CP0498,SWAP,TDR0132,BOOK_D,2025-06-24
TXN0001313857,APP013,2025-09-07,settled,313628.85,JPY,AMER,CP0344,FUTURE,TDR0106,BOOK_D,2025-09-27
TXN0006452276,APP004,2025-07-26,pending,412244.51,CHF,EMEA,CP0150,BOND,TDR0092,BOOK_B,2025-03-03
TXN0002304935,APP001,2025-01-15,active,287921.8,GBP,LATAM,CP0219,FX,TDR0145,BOOK_B,2025-11-19
TXN0006898900,APP015,2025-07-11,reversed,324405.9,EUR,APAC,CP0107,FX,TDR0148,BOOK_A,2025-06-19
TXN0002286806,APP006,2025-11-06,failed,776214.69,EUR,LATAM,CP0187,OPTION,TDR0087,BOOK_B,2026-01-20
TXN0003148436,APP008,2025-12-26,settled,57442.17,USD,LATAM,CP0452,FUTURE,TDR0128,BOOK_C,2025-06-21
TXN0005458266,APP002,2025-09-13,reversed,35969.19,JPY,AMER,CP0230,BOND,TDR0029,BOOK_A,2025-10-12
TXN0008859563,APP005,2025-02-02,failed,220845.93,AUD,AMER,CP0388,EQUITY,TDR0150,BOOK_D,2025-05-11
TXN0005436546,APP017,2025-05-06,settled,298060.7,JPY,APAC,CP0165,FUTURE,TDR0155,BOOK_D,2025-08-07
TXN0003098731,APP002,2025-05-10,active,975378.23,EUR,APAC,CP0274,FUTURE,TDR0128,BOOK_A,2025-05-23
TXN0007283546,APP019,2025-09-21,settled,239997.57,AUD,EMEA,CP0077,EQUITY,TDR0167,BOOK_D,2025-03-30
TXN0002390328,APP004,2026-01-15,failed,477008.98,AUD,EMEA,CP0086,OPTION,TDR0016,BOOK_D,2025-07-12
TXN0002794604,APP002,2025-04-07,reversed,294654.42,JPY,AMER,CP0047,OPTION,TDR0197,BOOK_A,2025-08-19
TXN0009582933,APP006,2026-01-11,active,786344.16,AUD,LATAM,CP0439,FX,TDR0129,BOOK_A,2025-01-09
TXN0006492826,APP013,2025-04-24,active,947472.12,EUR,LATAM,CP0190,EQUITY,TDR0003,BOOK_C,2026-01-26
TXN0007385355,APP003,2025-01-25,pending,691896.7,JPY,APAC,CP0184,SWAP,TDR0078,BOOK_A,2026-01-05
TXN0008105758,APP016,2026-01-08,pending,544309.1,CHF,EMEA,CP0335,SWAP,TDR0110,BOOK_D,2026-01-11
TXN0001276916,APP001,2025-07-24,pending,874356.53,EUR,EMEA,CP0008,BOND,TDR0142,BOOK_A,2025-03-30
TXN0009119904,APP018,2025-08-22,failed,347868.67,GBP,AMER,CP0270,SWAP,TDR0060,BOOK_C,2025-05-30
TXN0003863481,APP008,2025-05-31,failed,861205.21,USD,APAC,CP0360,FX,TDR0102,BOOK_B,2025-09-09
TXN0002663257,APP016,2026-02-18,settled,255307.56,JPY,LATAM,CP0035,SWAP,TDR0094,BOOK_B,2025-05-23
TXN0003956459,APP002,2025-05-06,pending,822676.62,CHF,LATAM,CP0432,FX,TDR0164,BOOK_B,2025-03-26
TXN0007784183,APP005,2025-08-12,reversed,141487.92,AUD,APAC,CP0407,EQUITY,TDR0199,BOOK_D,2025-09-22
TXN0007970848,APP013,2026-03-14,failed,824629.84,USD,EMEA,CP0400,FUTURE,TDR0141,BOOK_B,2026-03-11
TXN0008027293,APP013,2025-03-12,failed,978051.24,AUD,AMER,CP0191,BOND,TDR0009,BOOK_B,2026-01-03
TXN0006348013,APP020,2025-11-25,failed,185406.76,AUD,APAC,CP0095,SWAP,TDR0093,BOOK_C,2025-01-18
TXN0002654733,APP020,2026-02-09,failed,311032.8,GBP,LATAM,CP0500,FUTURE,TDR0178,BOOK_C,2025-12-21
TXN0006570623,APP004,2025-08-22,pending,161070.17,USD,AMER,CP0160,FX,TDR0041,BOOK_D,2026-04-10
TXN0001896826,APP014,2025-11-27,settled,4737.7,EUR,APAC,CP0454,FX,TDR0049,BOOK_B,2025-04-28
TXN0008656240,APP018,2025-11-13,active,257939.25,GBP,EMEA,CP0291,FUTURE,TDR0198,BOOK_D,2025-05-08
TXN0000412556,APP010,2025-08-11,active,467534.87,USD,AMER,CP0105,EQUITY,TDR0117,BOOK_A,2026-04-08
TXN0008153199,APP009,2026-03-17,failed,970861.93,JPY,AMER,CP0412,FUTURE,TDR0140,BOOK_C,2025-10-25
TXN0004260079,APP006,2025-07-10,active,979808.95,GBP,EMEA,CP0434,FX,TDR0100,BOOK_A,2025-09-16
TXN0002871099,APP008,2025-02-27,failed,662336.38,EUR,LATAM,CP0389,OPTION,TDR0120,BOOK_B,2025-01-06
TXN0000662311,APP006,2025-12-26,active,113063.79,USD,EMEA,CP0487,EQUITY,TDR0024,BOOK_A,2025-03-11
TXN0002591160,APP008,2025-03-27,active,659798.81,GBP,EMEA,CP0281,FX,TDR0137,BOOK_A,2025-09-12
TXN0006934868,APP014,2025-02-18,active,722609.44,CHF,APAC,CP0105,EQUITY,TDR0075,BOOK_B,2026-03-06
TXN0004089549,APP012,2026-01-18,reversed,800114.77,CHF,AMER,CP0390,FUTURE,TDR0101,BOOK_D,2025-01-03
TXN0009078799,APP011,2025-01-26,active,105081.48,AUD,APAC,CP0463,OPTION,TDR0197,BOOK_C,2025-05-25
TXN0001394888,APP007,2026-03-23,failed,300038.51,JPY,LATAM,CP0211,FUTURE,TDR0177,BOOK_B,2025-10-12
TXN0008627343,APP010,2025-12-23,pending,969198.23,EUR,LATAM,CP0007,OPTION,TDR0112,BOOK_A,2025-04-23
TXN0007221785,APP019,2025-09-17,active,166127.69,JPY,LATAM,CP0255,BOND,TDR0179,BOOK_A,2025-02-16
TXN0009453861,APP010,2025-04-29,failed,565958.75,CHF,EMEA,CP0460,OPTION,TDR0150,BOOK_D,2025-09-25
TXN0004666843,APP002,2025-07-01,reversed,172052.15,GBP,EMEA,CP0267,SWAP,TDR0017,BOOK_C,2026-04-05
TXN0009723530,APP017,2025-07-26,reversed,225692.86,CHF,APAC,CP0207,EQUITY,TDR0044,BOOK_A,2025-09-28
TXN0004263716,APP008,2025-08-22,active,212377.85,CHF,APAC,CP0412,EQUITY,TDR0089,BOOK_B,2025-07-12
TXN0003377690,APP016,2025-10-07,settled,262961.61,CHF,AMER,CP0056,EQUITY,TDR0101,BOOK_C,2025-07-07
TXN0009440650,APP012,2025-11-06,settled,476789.94,EUR,APAC,CP0311,BOND,TDR0147,BOOK_C,2025-11-25
TXN0002400250,APP019,2025-10-05,pending,845731.82,GBP,EMEA,CP0226,SWAP,TDR0128,BOOK_D,2025-07-09
TXN0000707435,APP009,2025-08-25,active,223031.34,JPY,LATAM,CP0389,BOND,TDR0083,BOOK_A,2026-01-11
TXN0000744827,APP017,2025-01-17,reversed,888414.81,EUR,EMEA,CP0363,FUTURE,TDR0105,BOOK_B,2025-05-04
TXN0009261080,APP004,2025-04-09,reversed,509429.64,USD,AMER,CP0106,SWAP,TDR0082,BOOK_A,2025-08-07
TXN0003651057,APP018,2025-01-05,active,347993.04,EUR,AMER,CP0412,FUTURE,TDR0169,BOOK_C,2025-02-20
TXN0001614689,APP012,2026-03-26,settled,79114.83,USD,AMER,CP0170,FX,TDR0070,BOOK_C,2025-05-12
TXN0002032606,APP017,2025-08-19,reversed,362553.51,CHF,LATAM,CP0015,EQUITY,TDR0149,BOOK_D,2025-08-13
TXN0006600018,APP020,2026-01-24,pending,404798.62,JPY,APAC,CP0466,SWAP,TDR0158,BOOK_C,2025-08-24
TXN0002895616,APP008,2026-01-29,active,873240.2,JPY,APAC,CP0035,EQUITY,TDR0101,BOOK_B,2025-11-18
TXN0004126761,APP009,2026-04-05,settled,490570.44,AUD,LATAM,CP0266,EQUITY,TDR0031,BOOK_D,2025-08-05
TXN0007417854,APP018,2025-11-13,failed,411268.67,USD,AMER,CP0441,SWAP,TDR0031,BOOK_C,2025-03-30
TXN0004935334,APP005,2026-02-12,failed,491506.11,CHF,EMEA,CP0118,FUTURE,TDR0192,BOOK_B,2025-08-13
TXN0001342620,APP009,2025-04-01,failed,878838.96,CHF,EMEA,CP0139,BOND,TDR0096,BOOK_B,2025-10-02
TXN0002120767,APP009,2025-04-12,reversed,386123.63,AUD,EMEA,CP0048,BOND,TDR0151,BOOK_C,2025-04-04
TXN0009203910,APP012,2026-03-28,failed,291190.11,AUD,APAC,CP0016,BOND,TDR0102,BOOK_D,2025-11-03
TXN0003439899,APP009,2025-02-23,failed,20637.18,JPY,LATAM,CP0233,BOND,TDR0009,BOOK_B,2025-06-11
TXN0000488719,APP013,2026-02-21,reversed,206856.06,JPY,APAC,CP0201,FUTURE,TDR0099,BOOK_A,2026-01-30
TXN0009511341,APP006,2025-11-13,settled,281720.13,JPY,AMER,CP0430,SWAP,TDR0007,BOOK_A,2025-06-03
TXN0009742771,APP003,2026-01-20,settled,759310.36,GBP,APAC,CP0477,SWAP,TDR0143,BOOK_B,2025-10-02
TXN0002982135,APP009,2025-03-20,reversed,661055.86,CHF,AMER,CP0207,OPTION,TDR0176,BOOK_D,2025-05-05
TXN0007044318,APP001,2025-08-22,settled,142913.1,JPY,AMER,CP0334,OPTION,TDR0112,BOOK_B,2025-11-03
TXN0000839180,APP008,2025-10-01,settled,360150.97,GBP,APAC,CP0288,FX,TDR0182,BOOK_C,2025-10-16
TXN0003354894,APP009,2025-10-02,pending,834779.73,GBP,EMEA,CP0420,SWAP,TDR0110,BOOK_A,2025-06-10
TXN0003899295,APP010,2025-06-11,failed,255856.74,CHF,EMEA,CP0060,FX,TDR0058,BOOK_C,2025-01-15
TXN0008962572,APP006,2025-05-06,reversed,841572.17,JPY,AMER,CP0321,FX,TDR0161,BOOK_C,2025-03-12
TXN0000893348,APP010,2025-08-16,reversed,612406.14,JPY,EMEA,CP0492,FX,TDR0180,BOOK_A,2025-12-23
TXN0008674221,APP010,2025-05-24,failed,223106.74,CHF,LATAM,CP0242,FUTURE,TDR0059,BOOK_D,2025-08-11
TXN0004456952,APP004,2026-03-10,active,354140.45,EUR,LATAM,CP0035,BOND,TDR0032,BOOK_A,2025-08-16
TXN0005322277,APP002,2025-04-11,active,373032.85,AUD,APAC,CP0065,FUTURE,TDR0056,BOOK_C,2025-11-22
TXN0007139963,APP016,2025-10-17,pending,458720.5,GBP,LATAM,CP0138,EQUITY,TDR0182,BOOK_B,2025-07-19
TXN0008948445,APP003,2025-02-04,active,136287.94,CHF,APAC,CP0492,FX,TDR0078,BOOK_C,2025-09-17
TXN0001663784,APP020,2025-06-06,failed,212179.2,AUD,LATAM,CP0150,BOND,TDR0153,BOOK_C,2025-10-20
TXN0005377078,APP004,2025-01-29,pending,838067.46,EUR,APAC,CP0412,BOND,TDR0172,BOOK_B,2025-05-16
TXN0003357306,APP018,2025-05-22,settled,179892.06,EUR,AMER,CP0328,OPTION,TDR0052,BOOK_A,2026-01-28
TXN0007545220,APP016,2026-01-04,pending,139857.96,AUD,EMEA,CP0239,EQUITY,TDR0061,BOOK_C,2025-04-19
TXN0002365651,APP007,2025-07-22,reversed,578979.07,GBP,AMER,CP0188,EQUITY,TDR0002,BOOK_B,2025-03-24
TXN0001170007,APP012,2025-09-10,reversed,422022.68,JPY,EMEA,CP0340,OPTION,TDR0055,BOOK_A,2025-03-21
TXN0003960581,APP014,2026-03-11,pending,335682.44,USD,LATAM,CP0052,OPTION,TDR0134,BOOK_D,2025-12-03
TXN0001064662,APP011,2025-07-21,settled,486462.76,JPY,APAC,CP0050,SWAP,TDR0012,BOOK_D,2025-06-07
TXN0002577789,APP018,2025-03-11,reversed,468475.95,USD,AMER,CP0252,FX,TDR0024,BOOK_D,2025-01-07
TXN0001470514,APP004,2025-12-05,reversed,886690.82,AUD,EMEA,CP0478,EQUITY,TDR0134,BOOK_D,2025-10-13
TXN0003248070,APP008,2025-12-30,failed,310021.05,USD,AMER,CP0130,FX,TDR0071,BOOK_D,2025-07-30
TXN0004880560,APP020,2025-11-07,pending,109815.63,JPY,LATAM,CP0312,OPTION,TDR0058,BOOK_D,2026-02-18
TXN0004114216,APP014,2025-01-20,failed,954370.96,JPY,AMER,CP0305,SWAP,TDR0146,BOOK_C,2026-01-07
TXN0005651542,APP007,2025-02-05,active,113381.87,CHF,LATAM,CP0190,BOND,TDR0057,BOOK_A,2025-08-29
TXN0007454732,APP002,2025-10-21,reversed,578721.35,USD,EMEA,CP0098,FX,TDR0144,BOOK_A,2025-07-21
TXN0001436787,APP010,2025-01-26,active,725180.98,AUD,LATAM,CP0389,SWAP,TDR0133,BOOK_C,2026-01-12
TXN0001878283,APP018,2025-12-01,settled,657056.87,JPY,AMER,CP0231,OPTION,TDR0140,BOOK_D,2025-07-02
TXN0007099906,APP012,2025-05-16,settled,218494.68,GBP,APAC,CP0014,FX,TDR0143,BOOK_C,2025-12-03
TXN0006241271,APP002,2025-01-16,active,455421.02,EUR,EMEA,CP0350,FX,TDR0067,BOOK_B,2025-12-18
TXN0005524680,APP009,2025-06-11,settled,29543.08,USD,EMEA,CP0275,OPTION,TDR0128,BOOK_A,2026-03-21
TXN0007435095,APP008,2025-04-06,active,134956.27,EUR,EMEA,CP0026,OPTION,TDR0143,BOOK_B,2025-06-03
TXN0000029546,APP002,2025-12-28,settled,435373.2,GBP,APAC,CP0393,SWAP,TDR0034,BOOK_C,2025-04-20
TXN0009553485,APP004,2025-10-22,settled,104044.19,GBP,LATAM,CP0092,SWAP,TDR0178,BOOK_D,2026-02-08
TXN0005574717,APP006,2025-10-19,active,494704.78,JPY,AMER,CP0128,FX,TDR0090,BOOK_B,2026-03-12
TXN0002904241,APP018,2025-09-09,pending,616355.65,GBP,AMER,CP0093,BOND,TDR0092,BOOK_A,2025-02-03
TXN0006543478,APP008,2025-12-14,failed,289780.5,GBP,LATAM,CP0061,SWAP,TDR0154,BOOK_A,2026-02-26
TXN0001761602,APP002,2026-02-02,settled,815366.98,JPY,AMER,CP0169,EQUITY,TDR0016,BOOK_A,2025-03-11
TXN0002217799,APP003,2026-01-23,failed,752527.12,USD,APAC,CP0125,SWAP,TDR0059,BOOK_C,2025-02-26
TXN0001744489,APP008,2025-03-05,pending,623252.66,CHF,APAC,CP0079,SWAP,TDR0078,BOOK_B,2026-04-14
TXN0004235534,APP004,2025-03-09,active,522936.04,JPY,EMEA,CP0314,OPTION,TDR0071,BOOK_C,2025-04-07
TXN0000741250,APP016,2025-04-24,reversed,723492.67,USD,AMER,CP0357,BOND,TDR0105,BOOK_C,2026-04-05
TXN0000335692,APP010,2025-03-14,settled,559843.69,USD,APAC,CP0129,EQUITY,TDR0143,BOOK_B,2025-01-31
TXN0001819731,APP001,2026-03-16,settled,670135.95,EUR,EMEA,CP0241,FUTURE,TDR0190,BOOK_C,2025-01-17
TXN0002321351,APP019,2025-09-22,pending,218461.28,AUD,EMEA,CP0339,FX,TDR0125,BOOK_C,2025-02-06
TXN0006518336,APP008,2025-07-08,active,681630.71,CHF,EMEA,CP0011,FUTURE,TDR0092,BOOK_B,2026-02-03
TXN0005082640,APP007,2025-03-29,settled,771424.52,CHF,APAC,CP0375,FUTURE,TDR0109,BOOK_A,2025-12-23
TXN0004651049,APP012,2025-03-26,pending,768670.31,AUD,LATAM,CP0417,BOND,TDR0018,BOOK_A,2026-03-13
TXN0007037032,APP003,2026-01-19,settled,349064.42,JPY,AMER,CP0312,FUTURE,TDR0012,BOOK_D,2025-05-22
TXN0005511158,APP012,2025-01-23,settled,432954.59,GBP,EMEA,CP0039,SWAP,TDR0056,BOOK_C,2025-08-05
TXN0007209883,APP018,2026-02-07,failed,731581.38,USD,AMER,CP0213,FUTURE,TDR0183,BOOK_D,2025-09-02
TXN0009480981,APP001,2026-03-01,failed,842422.36,JPY,APAC,CP0198,OPTION,TDR0036,BOOK_C,2025-02-05
TXN0000197310,APP012,2025-09-01,settled,183489.59,USD,APAC,CP0105,FUTURE,TDR0063,BOOK_A,2025-05-07
TXN0004957573,APP001,2025-11-10,active,665796.17,EUR,LATAM,CP0115,FUTURE,TDR0071,BOOK_D,2026-01-01
TXN0008788536,APP003,2026-01-19,pending,787345.1,GBP,LATAM,CP0185,FX,TDR0062,BOOK_C,2025-02-17
TXN0000474574,APP013,2025-01-28,reversed,371612.31,AUD,EMEA,CP0196,EQUITY,TDR0082,BOOK_D,2025-09-19
TXN0001535265,APP015,2025-03-31,reversed,945861.34,JPY,APAC,CP0227,SWAP,TDR0167,BOOK_A,2025-05-03
TXN0006294269,APP013,2025-03-08,active,46922.66,AUD,LATAM,CP0164,OPTION,TDR0066,BOOK_A,2025-06-07
TXN0004806894,APP018,2025-11-18,active,888832.21,EUR,EMEA,CP0414,SWAP,TDR0035,BOOK_C,2025-08-09
TXN0005836733,APP001,2025-07-22,settled,382451.39,EUR,AMER,CP0315,SWAP,TDR0122,BOOK_A,2025-05-13
TXN0008277057,APP004,2026-03-20,active,963819.84,EUR,EMEA,CP0190,EQUITY,TDR0010,BOOK_B,2025-06-26
TXN0007014096,APP020,2026-02-13,reversed,38410.63,GBP,LATAM,CP0466,FUTURE,TDR0177,BOOK_D,2025-11-26
TXN0003989835,APP001,2025-09-08,pending,600184.51,JPY,AMER,CP0239,BOND,TDR0173,BOOK_B,2026-01-01
TXN0005167488,APP001,2025-06-11,failed,895902.22,EUR,AMER,CP0395,BOND,TDR0048,BOOK_C,2026-01-04
TXN0009687486,APP008,2025-09-21,failed,453316.94,GBP,AMER,CP0180,SWAP,TDR0191,BOOK_D,2025-11-04
TXN0005039624,APP004,2026-01-02,active,759793.87,CHF,LATAM,CP0427,BOND,TDR0129,BOOK_C,2025-12-02
TXN0003135068,APP018,2025-11-09,settled,901085.19,JPY,AMER,CP0144,SWAP,TDR0066,BOOK_D,2026-01-29
TXN0003692534,APP015,2026-02-27,pending,553041.18,JPY,EMEA,CP0391,BOND,TDR0043,BOOK_A,2025-09-07
TXN0005588001,APP011,2025-04-26,failed,414220.39,JPY,LATAM,CP0175,BOND,TDR0001,BOOK_A,2026-02-25
TXN0007429060,APP005,2025-03-07,pending,178804.75,JPY,AMER,CP0464,SWAP,TDR0046,BOOK_C,2025-03-26
TXN0004267143,APP014,2025-12-30,reversed,712325.56,AUD,APAC,CP0280,FUTURE,TDR0075,BOOK_A,2025-11-27
TXN0006877805,APP014,2025-01-19,failed,514785.88,GBP,APAC,CP0443,FX,TDR0095,BOOK_B,2025-04-21
TXN0009379949,APP015,2025-06-02,pending,933432.17,AUD,LATAM,CP0079,BOND,TDR0196,BOOK_C,2025-11-16
TXN0007866633,APP019,2026-02-10,failed,612276.54,JPY,LATAM,CP0479,OPTION,TDR0135,BOOK_B,2025-11-15
TXN0008335557,APP019,2025-01-20,failed,989623.19,USD,EMEA,CP0464,FX,TDR0141,BOOK_D,2026-02-15
TXN0005399870,APP004,2025-07-27,active,680785.64,USD,LATAM,CP0379,FX,TDR0120,BOOK_B,2025-06-13
TXN0006408073,APP003,2025-03-19,failed,543395.67,CHF,APAC,CP0060,FUTURE,TDR0104,BOOK_A,2025-04-03
TXN0004807629,APP005,2025-07-31,pending,112639.39,JPY,AMER,CP0357,FX,TDR0176,BOOK_A,2026-01-28
TXN0009502998,APP017,2025-02-04,failed,104124.35,JPY,AMER,CP0114,FUTURE,TDR0029,BOOK_D,2025-08-19
TXN0004245489,APP020,2025-04-21,pending,285072.03,USD,AMER,CP0469,FUTURE,TDR0157,BOOK_D,2025-11-19
TXN0009510313,APP009,2026-02-11,pending,322713.09,EUR,LATAM,CP0001,EQUITY,TDR0063,BOOK_D,2025-01-22
TXN0001446336,APP017,2025-11-08,pending,997086.65,CHF,EMEA,CP0138,FUTURE,TDR0028,BOOK_A,2026-01-19
TXN0004149980,APP015,2025-07-20,settled,913208.68,GBP,EMEA,CP0036,FX,TDR0047,BOOK_D,2025-01-12
TXN0003784051,APP003,2025-09-19,reversed,22969.77,EUR,EMEA,CP0241,EQUITY,TDR0164,BOOK_B,2025-11-23
TXN0002879283,APP003,2025-07-12,pending,678625.96,AUD,APAC,CP0074,SWAP,TDR0122,BOOK_D,2025-04-07
TXN0008897125,APP013,2025-09-26,failed,828584.55,GBP,APAC,CP0462,BOND,TDR0047,BOOK_D,2026-01-14
TXN0005629861,APP011,2025-06-25,active,547199.59,EUR,AMER,CP0472,EQUITY,TDR0118,BOOK_D,2025-02-18
TXN0007414465,APP014,2025-03-01,reversed,302340.17,USD,EMEA,CP0031,BOND,TDR0028,BOOK_A,2025-11-12
TXN0000880392,APP018,2025-03-21,reversed,796599.73,JPY,APAC,CP0045,SWAP,TDR0074,BOOK_C,2025-10-04
TXN0004252948,APP014,2025-09-12,failed,105905.51,JPY,LATAM,CP0179,EQUITY,TDR0110,BOOK_B,2026-01-22
TXN0008863034,APP001,2025-11-29,pending,747276.68,EUR,APAC,CP0268,EQUITY,TDR0012,BOOK_B,2026-03-06
TXN0005924697,APP017,2025-04-22,failed,605026.45,USD,EMEA,CP0333,FX,TDR0184,BOOK_D,2025-01-07
TXN0007004076,APP010,2025-10-15,active,708724.11,JPY,EMEA,CP0098,SWAP,TDR0085,BOOK_D,2025-01-06
TXN0009632845,APP013,2025-08-03,active,761303.01,EUR,EMEA,CP0160,FUTURE,TDR0164,BOOK_D,2026-04-05
TXN0000082348,APP006,2025-03-01,failed,155005.11,AUD,EMEA,CP0485,OPTION,TDR0156,BOOK_B,2025-02-24
TXN0000375100,APP008,2025-07-04,pending,42112.89,EUR,EMEA,CP0125,EQUITY,TDR0176,BOOK_D,2025-05-15
TXN0006720249,APP011,2025-10-07,active,38179.69,EUR,AMER,CP0430,OPTION,TDR0088,BOOK_D,2026-03-12
TXN0001294342,APP016,2025-06-10,failed,869903.66,AUD,EMEA,CP0425,OPTION,TDR0027,BOOK_D,2025-08-30
TXN0009041775,APP020,2025-11-02,reversed,662330.45,AUD,APAC,CP0253,FX,TDR0149,BOOK_C,2025-03-13
TXN0003078761,APP010,2025-07-30,reversed,647139.08,GBP,AMER,CP0322,OPTION,TDR0063,BOOK_D,2025-11-13
TXN0007471605,APP016,2025-12-08,pending,968445.35,JPY,APAC,CP0468,SWAP,TDR0084,BOOK_B,2025-01-20
TXN0002436289,APP006,2026-02-02,pending,420434.83,GBP,LATAM,CP0329,SWAP,TDR0051,BOOK_D,2025-03-24
TXN0002897593,APP006,2025-10-14,reversed,126674.7,JPY,LATAM,CP0378,SWAP,TDR0085,BOOK_D,2025-03-21
TXN0003491953,APP011,2026-02-09,settled,717864.18,EUR,LATAM,CP0423,FUTURE,TDR0117,BOOK_C,2025-02-21
TXN0002106099,APP019,2025-08-06,failed,691518.1,JPY,AMER,CP0184,EQUITY,TDR0167,BOOK_D,2025-11-08
TXN0005867978,APP009,2026-02-14,active,494907.92,EUR,APAC,CP0199,FX,TDR0191,BOOK_C,2025-09-15
TXN0001812301,APP014,2025-09-23,reversed,158568.39,AUD,EMEA,CP0403,FX,TDR0073,BOOK_C,2025-06-24
TXN0006853418,APP001,2025-11-24,pending,819150.41,GBP,LATAM,CP0465,OPTION,TDR0189,BOOK_A,2025-03-03
TXN0002863990,APP001,2025-06-12,active,914335.24,EUR,APAC,CP0196,EQUITY,TDR0128,BOOK_A,2025-11-13
TXN0002588459,APP004,2026-01-21,settled,384532.33,CHF,APAC,CP0434,EQUITY,TDR0111,BOOK_A,2025-11-21
TXN0009483278,APP006,2026-02-23,reversed,989613.24,JPY,LATAM,CP0158,FUTURE,TDR0033,BOOK_D,2025-02-17
TXN0002264236,APP020,2025-12-20,active,577767.75,JPY,APAC,CP0481,SWAP,TDR0037,BOOK_C,2025-03-29
TXN0003252445,APP011,2025-01-04,pending,571286.56,GBP,AMER,CP0300,FUTURE,TDR0073,BOOK_C,2025-08-13
TXN0006356209,APP020,2025-06-20,failed,280619.36,USD,LATAM,CP0334,FUTURE,TDR0007,BOOK_B,2025-04-11
TXN0004887780,APP019,2025-12-28,settled,90346.88,JPY,LATAM,CP0061,BOND,TDR0082,BOOK_B,2025-02-12
TXN0007840000,APP004,2026-02-12,reversed,927012.22,AUD,AMER,CP0306,SWAP,TDR0160,BOOK_A,2026-01-05
TXN0006151063,APP008,2026-04-12,pending,996405.3,EUR,LATAM,CP0250,FUTURE,TDR0073,BOOK_D,2026-01-25
TXN0003388893,APP015,2026-03-08,settled,928381.07,EUR,EMEA,CP0311,OPTION,TDR0188,BOOK_A,2025-08-02
TXN0000619212,APP015,2025-09-25,pending,445684.38,EUR,LATAM,CP0404,EQUITY,TDR0193,BOOK_A,2026-04-12
TXN0007782050,APP005,2025-02-28,active,823222.39,JPY,AMER,CP0377,FUTURE,TDR0096,BOOK_A,2025-03-16
TXN0003591842,APP010,2025-03-11,failed,889559.61,EUR,AMER,CP0138,EQUITY,TDR0108,BOOK_D,2025-05-01
TXN0000938224,APP017,2026-03-02,pending,733586.96,EUR,APAC,CP0084,FX,TDR0005,BOOK_B,2025-10-06
TXN0007092068,APP012,2025-09-07,pending,613810.1,USD,LATAM,CP0398,SWAP,TDR0049,BOOK_D,2025-10-26
TXN0006037493,APP002,2025-09-27,failed,370046.56,EUR,LATAM,CP0094,SWAP,TDR0149,BOOK_A,2025-06-29
TXN0004755081,APP006,2025-04-14,pending,366676.41,JPY,EMEA,CP0139,EQUITY,TDR0191,BOOK_B,2025-11-22
TXN0003277696,APP007,2025-07-30,active,167828.3,GBP,AMER,CP0073,EQUITY,TDR0125,BOOK_C,2025-07-25
TXN0009472532,APP005,2025-11-27,pending,883250.29,CHF,AMER,CP0371,FUTURE,TDR0148,BOOK_A,2025-04-30
TXN0005195869,APP006,2026-01-07,failed,301448.56,CHF,LATAM,CP0215,SWAP,TDR0069,BOOK_D,2026-01-31
TXN0003579198,APP006,2025-04-13,reversed,588416.5,JPY,LATAM,CP0198,BOND,TDR0110,BOOK_D,2025-06-11
TXN0004806455,APP005,2025-11-10,active,405915.73,AUD,LATAM,CP0062,FUTURE,TDR0050,BOOK_B,2025-02-27
TXN0004184841,APP001,2025-07-01,failed,810974.28,JPY,APAC,CP0276,EQUITY,TDR0041,BOOK_A,2026-02-10
TXN0001253033,APP010,2025-12-03,active,592538.47,GBP,APAC,CP0147,SWAP,TDR0014,BOOK_A,2025-01-08
TXN0009012037,APP011,2025-12-07,active,514135.85,AUD,APAC,CP0152,EQUITY,TDR0184,BOOK_C,2025-10-18
TXN0001078297,APP006,2025-04-25,pending,656373.15,CHF,AMER,CP0219,FX,TDR0009,BOOK_A,2025-01-25
TXN0004894805,APP018,2025-04-16,reversed,412049.55,AUD,AMER,CP0461,OPTION,TDR0100,BOOK_B,2026-01-03
TXN0006105764,APP007,2025-05-16,reversed,996632.08,USD,LATAM,CP0023,FX,TDR0190,BOOK_D,2026-03-12
TXN0008016602,APP001,2026-03-11,failed,890023.39,AUD,EMEA,CP0341,EQUITY,TDR0183,BOOK_B,2025-04-23
TXN0002573889,APP007,2025-12-23,active,289150.16,EUR,LATAM,CP0026,BOND,TDR0090,BOOK_A,2025-05-15
TXN0009749395,APP018,2025-10-30,reversed,411358.14,CHF,LATAM,CP0156,OPTION,TDR0196,BOOK_B,2025-11-24
TXN0003525375,APP011,2026-03-03,active,269775.62,EUR,LATAM,CP0477,EQUITY,TDR0106,BOOK_C,2025-05-23
TXN0006790653,APP019,2025-06-07,reversed,608480.97,GBP,LATAM,CP0437,FUTURE,TDR0196,BOOK_B,2025-08-19
TXN0002947688,APP018,2025-08-08,pending,996629.86,CHF,APAC,CP0276,FX,TDR0023,BOOK_B,2026-04-05
TXN0004298932,APP011,2025-06-17,reversed,978740.86,USD,EMEA,CP0069,FUTURE,TDR0193,BOOK_A,2025-06-08
TXN0005408060,APP001,2025-07-08,active,1980.44,CHF,LATAM,CP0435,SWAP,TDR0128,BOOK_B,2025-11-23
TXN0009793795,APP008,2025-12-28,reversed,140874.12,JPY,EMEA,CP0193,EQUITY,TDR0176,BOOK_D,2025-05-26
TXN0001228278,APP013,2025-01-03,failed,341902.51,USD,EMEA,CP0258,SWAP,TDR0069,BOOK_D,2025-05-03
TXN0003686108,APP014,2025-09-02,failed,305408.2,JPY,AMER,CP0008,SWAP,TDR0027,BOOK_B,2026-01-18
TXN0008703074,APP005,2025-05-23,reversed,989742.15,EUR,AMER,CP0206,FUTURE,TDR0051,BOOK_D,2025-06-11
TXN0003780685,APP002,2025-03-13,failed,334160.4,USD,LATAM,CP0157,EQUITY,TDR0134,BOOK_A,2025-02-11
TXN0002869492,APP001,2025-08-30,settled,802227.67,AUD,LATAM,CP0228,OPTION,TDR0109,BOOK_A,2026-03-03
TXN0000867197,APP002,2026-03-31,settled,416430.95,USD,EMEA,CP0465,SWAP,TDR0117,BOOK_C,2025-10-05
TXN0002560084,APP003,2026-01-04,settled,963622.15,USD,EMEA,CP0398,BOND,TDR0049,BOOK_B,2025-09-26
TXN0003187185,APP008,2025-07-23,active,289749.38,CHF,LATAM,CP0329,OPTION,TDR0125,BOOK_D,2025-09-30
TXN0001214137,APP013,2026-02-18,reversed,284913.38,GBP,EMEA,CP0375,OPTION,TDR0086,BOOK_B,2025-10-25
TXN0003351789,APP015,2025-09-27,active,790333.55,GBP,AMER,CP0325,BOND,TDR0117,BOOK_C,2025-03-03
TXN0002745393,APP011,2026-02-01,failed,441680.9,USD,LATAM,CP0379,EQUITY,TDR0177,BOOK_D,2025-05-28
TXN0004902112,APP020,2025-01-15,failed,834443.78,EUR,APAC,CP0240,OPTION,TDR0200,BOOK_D,2026-04-12
TXN0007825062,APP018,2025-08-02,settled,26264.15,EUR,AMER,CP0068,BOND,TDR0007,BOOK_D,2025-12-10
TXN0008534252,APP016,2025-07-17,failed,158849.37,GBP,AMER,CP0274,EQUITY,TDR0145,BOOK_C,2025-11-21
TXN0001728025,APP007,2025-10-31,settled,98704.36,EUR,AMER,CP0246,FUTURE,TDR0038,BOOK_D,2025-01-17
TXN0003346202,APP012,2026-01-25,failed,620945.09,AUD,APAC,CP0157,FUTURE,TDR0067,BOOK_B,2025-05-04
TXN0007495319,APP005,2026-01-24,active,372581.06,JPY,EMEA,CP0439,FX,TDR0034,BOOK_B,2025-09-27
TXN0009735005,APP012,2025-06-11,failed,241136.21,JPY,LATAM,CP0200,FUTURE,TDR0062,BOOK_D,2025-08-05
TXN0007634072,APP018,2025-07-19,active,645338.34,CHF,EMEA,CP0196,SWAP,TDR0140,BOOK_C,2026-03-11
TXN0007213738,APP007,2026-04-02,pending,458483.08,USD,AMER,CP0240,FX,TDR0166,BOOK_B,2026-02-26
TXN0008109372,APP012,2026-01-28,pending,700331.43,GBP,APAC,CP0009,EQUITY,TDR0055,BOOK_B,2025-02-23
TXN0004715085,APP017,2025-03-01,reversed,269236.71,EUR,EMEA,CP0416,SWAP,TDR0178,BOOK_D,2025-10-28
TXN0000860310,APP018,2026-03-15,reversed,152939.9,USD,AMER,CP0115,FUTURE,TDR0089,BOOK_C,2026-04-03
TXN0003055458,APP007,2025-09-17,pending,44529.58,EUR,AMER,CP0008,SWAP,TDR0069,BOOK_D,2026-01-28
TXN0007606594,APP007,2025-06-25,reversed,782264.61,GBP,AMER,CP0483,EQUITY,TDR0110,BOOK_A,2026-02-23
TXN0007456346,APP020,2025-09-23,active,355750.6,GBP,EMEA,CP0284,OPTION,TDR0155,BOOK_A,2026-01-26
TXN0002582966,APP013,2025-04-07,settled,868933.65,GBP,APAC,CP0497,OPTION,TDR0077,BOOK_C,2025-02-10
TXN0006089068,APP001,2025-06-01,failed,730667.65,JPY,LATAM,CP0494,FX,TDR0086,BOOK_A,2025-10-27
TXN0000960597,APP016,2025-05-16,failed,898936.93,USD,EMEA,CP0026,FX,TDR0131,BOOK_D,2025-01-11
TXN0009548372,APP015,2025-02-06,reversed,746600.95,JPY,EMEA,CP0244,EQUITY,TDR0192,BOOK_A,2026-03-16
TXN0008304373,APP006,2025-06-30,pending,311635.27,USD,LATAM,CP0313,EQUITY,TDR0097,BOOK_A,2025-11-03
TXN0005438561,APP008,2025-12-21,reversed,737314.04,AUD,LATAM,CP0032,SWAP,TDR0063,BOOK_C,2026-03-23
TXN0009875016,APP011,2025-09-20,pending,253495.8,GBP,APAC,CP0313,FX,TDR0043,BOOK_D,2025-05-07
TXN0001883728,APP001,2025-11-11,pending,813759.23,CHF,EMEA,CP0238,SWAP,TDR0194,BOOK_A,2025-06-06
TXN0005170404,APP016,2025-05-08,pending,574294.18,JPY,AMER,CP0433,FUTURE,TDR0161,BOOK_D,2025-02-14
TXN0005144787,APP006,2026-03-14,active,399333.96,USD,AMER,CP0288,EQUITY,TDR0171,BOOK_A,2026-04-04
TXN0003818987,APP001,2025-03-20,failed,288776.35,GBP,EMEA,CP0412,BOND,TDR0037,BOOK_C,2025-09-05
TXN0005394355,APP020,2025-01-05,pending,535759.5,CHF,EMEA,CP0326,OPTION,TDR0101,BOOK_A,2025-11-23
TXN0002231670,APP007,2025-10-11,active,503881.15,JPY,EMEA,CP0200,OPTION,TDR0076,BOOK_D,2025-07-05
TXN0004475490,APP015,2025-02-02,failed,799874.51,EUR,APAC,CP0127,FX,TDR0090,BOOK_D,2025-04-30
TXN0003863224,APP020,2025-09-04,failed,606610.03,JPY,APAC,CP0196,FUTURE,TDR0140,BOOK_C,2026-03-14
TXN0008033449,APP016,2025-01-20,pending,800079.37,AUD,APAC,CP0089,EQUITY,TDR0084,BOOK_A,2025-11-06
TXN0002641577,APP006,2025-05-12,active,426236.42,CHF,EMEA,CP0142,FX,TDR0030,BOOK_A,2026-02-14
TXN0005541016,APP006,2025-08-21,settled,125061.74,EUR,APAC,CP0083,BOND,TDR0148,BOOK_B,2025-09-22
TXN0000745250,APP004,2025-05-22,pending,654267.27,GBP,AMER,CP0202,OPTION,TDR0084,BOOK_C,2025-11-25
TXN0000382614,APP009,2025-01-09,settled,779368.1,CHF,AMER,CP0291,EQUITY,TDR0034,BOOK_C,2026-03-10
TXN0000642696,APP005,2025-02-09,pending,442017.67,EUR,APAC,CP0453,FUTURE,TDR0022,BOOK_D,2026-02-04
TXN0002926044,APP019,2025-01-13,settled,322257.64,GBP,EMEA,CP0441,FX,TDR0041,BOOK_A,2026-01-14
TXN0009115568,APP006,2025-06-06,pending,214673.56,JPY,AMER,CP0245,FX,TDR0006,BOOK_B,2025-07-10
TXN0000552462,APP015,2025-12-06,settled,773883.25,AUD,APAC,CP0114,FUTURE,TDR0036,BOOK_D,2025-03-11
TXN0009573220,APP011,2025-10-09,active,97120.78,CHF,APAC,CP0454,BOND,TDR0180,BOOK_D,2025-12-18
TXN0007926827,APP007,2026-01-30,reversed,654127.53,CHF,EMEA,CP0440,FX,TDR0040,BOOK_A,2025-09-08
TXN0003415421,APP020,2025-04-09,failed,449188.11,USD,AMER,CP0349,OPTION,TDR0177,BOOK_D,2025-11-04
TXN0009245597,APP007,2025-03-07,pending,616316.56,GBP,EMEA,CP0265,BOND,TDR0119,BOOK_C,2025-04-15
TXN0002398121,APP006,2025-11-04,pending,657562.25,JPY,EMEA,CP0390,BOND,TDR0058,BOOK_D,2025-12-22
TXN0004642123,APP011,2025-09-14,settled,637237.05,GBP,AMER,CP0044,EQUITY,TDR0120,BOOK_A,2025-12-30
TXN0000011527,APP015,2026-01-22,failed,492695.61,CHF,AMER,CP0125,BOND,TDR0187,BOOK_B,2025-01-28
TXN0003432221,APP014,2025-06-20,active,251068.73,JPY,EMEA,CP0464,EQUITY,TDR0084,BOOK_C,2026-01-09
TXN0003979127,APP017,2025-11-05,active,7971.06,GBP,LATAM,CP0124,EQUITY,TDR0042,BOOK_C,2025-03-12
TXN0006720622,APP017,2025-06-27,failed,168972.36,AUD,AMER,CP0377,SWAP,TDR0048,BOOK_C,2026-03-20
TXN0001384212,APP013,2025-02-12,active,302925.1,AUD,AMER,CP0241,SWAP,TDR0038,BOOK_A,2026-03-11
TXN0002952011,APP007,2025-11-19,settled,4256.65,GBP,APAC,CP0020,FUTURE,TDR0142,BOOK_B,2025-10-06
TXN0005779464,APP005,2025-06-05,active,71387.76,AUD,LATAM,CP0359,FX,TDR0089,BOOK_D,2025-12-26
TXN0005109631,APP005,2025-09-21,reversed,288758.47,USD,LATAM,CP0132,FX,TDR0052,BOOK_A,2026-03-27
TXN0003417082,APP007,2025-02-04,failed,996248.16,CHF,LATAM,CP0476,SWAP,TDR0144,BOOK_C,2025-12-20
TXN0006844574,APP010,2025-12-21,active,531930.88,JPY,AMER,CP0027,BOND,TDR0031,BOOK_D,2025-03-13
TXN0005996876,APP011,2025-12-17,reversed,180326.03,EUR,LATAM,CP0127,FX,TDR0013,BOOK_A,2025-07-22
TXN0008886947,APP019,2025-12-03,reversed,706955.83,GBP,AMER,CP0297,OPTION,TDR0097,BOOK_D,2025-05-07
TXN0000356868,APP014,2025-08-10,active,890525.95,JPY,AMER,CP0317,FX,TDR0103,BOOK_D,2025-10-29
TXN0005569983,APP003,2025-11-30,reversed,176790.53,EUR,APAC,CP0488,SWAP,TDR0031,BOOK_D,2025-10-17
TXN0005137103,APP014,2025-04-15,pending,572897.01,JPY,APAC,CP0352,OPTION,TDR0199,BOOK_A,2026-02-11
TXN0002561414,APP017,2025-12-04,pending,602136.93,JPY,AMER,CP0060,FUTURE,TDR0086,BOOK_A,2026-03-30
TXN0005157446,APP008,2026-04-08,pending,472663.64,JPY,AMER,CP0422,EQUITY,TDR0171,BOOK_B,2026-02-25
TXN0003628611,APP009,2025-01-08,reversed,844089.58,JPY,LATAM,CP0370,FUTURE,TDR0135,BOOK_A,2025-05-16
TXN0002661309,APP016,2025-12-14,pending,162784.16,USD,APAC,CP0322,FX,TDR0129,BOOK_D,2025-02-27
TXN0000945945,APP011,2025-12-08,failed,992883.31,JPY,APAC,CP0395,FUTURE,TDR0116,BOOK_D,2025-10-02
TXN0001264411,APP004,2026-03-09,active,516710.21,JPY,AMER,CP0312,BOND,TDR0010,BOOK_D,2025-05-31
TXN0008984676,APP017,2025-09-03,active,353200.12,CHF,LATAM,CP0474,EQUITY,TDR0194,BOOK_D,2025-05-18
TXN0000567651,APP007,2025-01-17,reversed,740859.68,EUR,AMER,CP0403,EQUITY,TDR0037,BOOK_B,2025-03-27
TXN0009662198,APP019,2025-02-02,pending,418529.29,USD,APAC,CP0117,SWAP,TDR0174,BOOK_C,2026-03-09
TXN0005259491,APP009,2025-08-10,pending,2126.11,JPY,LATAM,CP0045,BOND,TDR0071,BOOK_B,2025-08-22
TXN0007132943,APP015,2025-05-07,failed,637654.63,USD,LATAM,CP0276,FUTURE,TDR0194,BOOK_B,2025-07-16
TXN0001072327,APP016,2025-02-27,settled,41017.34,CHF,LATAM,CP0285,FX,TDR0021,BOOK_A,2025-01-15
TXN0000184876,APP011,2025-04-26,settled,816778.43,EUR,AMER,CP0391,FX,TDR0179,BOOK_B,2025-08-26
TXN0007673680,APP012,2025-02-17,pending,488635.49,EUR,AMER,CP0389,SWAP,TDR0111,BOOK_C,2026-02-02
TXN0000595813,APP009,2025-06-09,active,505641.99,USD,APAC,CP0207,EQUITY,TDR0180,BOOK_A,2025-11-17
TXN0000702968,APP013,2026-03-22,failed,182356.37,EUR,APAC,CP0124,FX,TDR0104,BOOK_B,2025-09-24
TXN0008097706,APP019,2025-05-23,failed,249694.08,GBP,APAC,CP0231,SWAP,TDR0145,BOOK_C,2025-03-27
TXN0001549630,APP020,2025-02-01,failed,927321.64,JPY,EMEA,CP0046,SWAP,TDR0094,BOOK_C,2025-04-25
TXN0002871990,APP015,2025-06-28,active,368586.68,USD,APAC,CP0234,BOND,TDR0076,BOOK_A,2025-05-29
TXN0001456081,APP002,2025-12-28,settled,665643.56,EUR,AMER,CP0251,FX,TDR0182,BOOK_A,2026-02-19
TXN0007215388,APP013,2025-12-11,reversed,501630.5,USD,EMEA,CP0036,FX,TDR0167,BOOK_C,2025-04-07
TXN0002318541,APP007,2025-05-29,settled,691172.38,GBP,APAC,CP0002,SWAP,TDR0178,BOOK_D,2025-03-23
TXN0000553270,APP011,2025-10-30,active,848239.29,EUR,LATAM,CP0016,BOND,TDR0010,BOOK_A,2025-04-20
TXN0005535800,APP002,2025-07-02,pending,350602.71,AUD,EMEA,CP0104,OPTION,TDR0180,BOOK_D,2025-05-13
TXN0001151307,APP001,2025-09-26,settled,968004.57,JPY,LATAM,CP0186,EQUITY,TDR0042,BOOK_B,2025-11-02
TXN0009554217,APP018,2025-07-22,failed,756533.36,CHF,AMER,CP0279,OPTION,TDR0137,BOOK_C,2026-03-18
TXN0009536331,APP005,2025-07-16,settled,591526.94,EUR,AMER,CP0370,EQUITY,TDR0150,BOOK_D,2025-01-27
TXN0000112223,APP004,2025-12-23,reversed,371615.76,EUR,APAC,CP0163,OPTION,TDR0191,BOOK_B,2025-04-22
TXN0003820821,APP014,2025-06-29,active,228355.31,AUD,APAC,CP0383,FUTURE,TDR0170,BOOK_A,2025-10-05
TXN0008829675,APP003,2025-09-07,failed,43371.85,GBP,LATAM,CP0098,BOND,TDR0041,BOOK_D,2026-01-29
TXN0005250255,APP011,2026-01-06,pending,428406.9,AUD,AMER,CP0177,SWAP,TDR0117,BOOK_B,2025-07-15
TXN0001545842,APP016,2025-06-08,failed,346024.23,EUR,LATAM,CP0214,EQUITY,TDR0002,BOOK_B,2026-01-20
TXN0003143208,APP018,2025-03-04,settled,430719.87,CHF,EMEA,CP0410,SWAP,TDR0199,BOOK_B,2025-03-17
TXN0000597770,APP012,2025-10-31,pending,866834.57,EUR,EMEA,CP0383,FX,TDR0067,BOOK_C,2025-04-01
TXN0000977026,APP016,2025-10-29,settled,546653.3,USD,APAC,CP0286,EQUITY,TDR0189,BOOK_C,2025-08-24
TXN0001502309,APP011,2026-01-19,reversed,652086.33,GBP,EMEA,CP0206,EQUITY,TDR0163,BOOK_A,2026-01-04
TXN0005904124,APP003,2025-06-21,failed,327733.86,CHF,AMER,CP0090,OPTION,TDR0118,BOOK_D,2025-07-07
TXN0000802653,APP015,2025-02-24,failed,722543.4,CHF,AMER,CP0140,SWAP,TDR0025,BOOK_C,2025-05-25
TXN0004556534,APP003,2025-05-07,pending,769615.36,USD,APAC,CP0123,BOND,TDR0054,BOOK_A,2025-05-11
TXN0000118911,APP006,2025-05-18,settled,471812.35,CHF,EMEA,CP0283,BOND,TDR0074,BOOK_A,2025-08-20
TXN0009982580,APP018,2025-05-14,reversed,699706.32,GBP,EMEA,CP0113,FUTURE,TDR0131,BOOK_B,2025-01-08
TXN0000002982,APP011,2025-04-04,failed,639259.95,JPY,AMER,CP0353,BOND,TDR0013,BOOK_B,2025-12-24
TXN0009317070,APP007,2025-12-29,pending,930432.97,AUD,EMEA,CP0397,FUTURE,TDR0097,BOOK_D,2026-02-11
TXN0006158775,APP007,2025-08-16,reversed,981437.54,USD,APAC,CP0322,EQUITY,TDR0053,BOOK_A,2025-04-17
TXN0000274259,APP019,2025-01-05,reversed,581008.35,JPY,LATAM,CP0026,EQUITY,TDR0056,BOOK_D,2025-06-01
TXN0005151757,APP013,2025-08-22,settled,223100.76,EUR,EMEA,CP0008,OPTION,TDR0060,BOOK_A,2025-10-13
TXN0006581241,APP006,2025-06-05,reversed,162473.15,JPY,EMEA,CP0231,OPTION,TDR0125,BOOK_D,2025-01-30
TXN0007817626,APP015,2025-04-11,reversed,576494.86,CHF,AMER,CP0418,SWAP,TDR0187,BOOK_A,2025-01-11
TXN0001880487,APP009,2025-04-13,failed,217033.25,AUD,EMEA,CP0410,OPTION,TDR0149,BOOK_A,2025-08-30
TXN0004636472,APP020,2025-01-23,reversed,735936.83,USD,LATAM,CP0386,BOND,TDR0176,BOOK_D,2025-12-27
TXN0008878329,APP016,2025-08-06,active,88683.0,USD,AMER,CP0352,EQUITY,TDR0121,BOOK_D,2025-07-08
TXN0006072331,APP007,2025-01-07,reversed,727114.85,EUR,APAC,CP0486,OPTION,TDR0146,BOOK_C,2025-09-03
TXN0001157905,APP016,2025-11-30,pending,5088.18,EUR,LATAM,CP0284,FX,TDR0044,BOOK_D,2025-03-04
TXN0006300225,APP007,2025-11-14,failed,777896.87,EUR,AMER,CP0274,OPTION,TDR0057,BOOK_B,2025-04-15
TXN0005784917,APP014,2025-03-02,active,649408.75,AUD,AMER,CP0433,EQUITY,TDR0112,BOOK_B,2025-02-20
TXN0001683278,APP005,2026-03-12,reversed,742405.57,AUD,APAC,CP0066,EQUITY,TDR0148,BOOK_D,2025-09-14
TXN0002452836,APP002,2025-08-11,failed,175707.1,EUR,EMEA,CP0081,FX,TDR0139,BOOK_A,2025-04-26
TXN0002530087,APP019,2025-05-28,active,136571.32,USD,APAC,CP0290,FX,TDR0023,BOOK_A,2026-04-11
TXN0005067943,APP017,2025-11-12,failed,518103.57,EUR,LATAM,CP0475,FX,TDR0194,BOOK_D,2025-04-04
TXN0006692243,APP016,2025-12-17,settled,986852.79,USD,EMEA,CP0290,SWAP,TDR0014,BOOK_B,2025-06-22
TXN0001121078,APP006,2025-12-24,reversed,944685.99,GBP,AMER,CP0426,OPTION,TDR0176,BOOK_C,2025-01-23
TXN0002075436,APP007,2025-04-07,pending,316941.08,GBP,AMER,CP0193,BOND,TDR0060,BOOK_D,2025-05-19
TXN0002636585,APP017,2025-06-03,active,391282.7,CHF,AMER,CP0205,OPTION,TDR0087,BOOK_D,2026-02-08
TXN0000065887,APP009,2025-07-27,failed,289006.62,AUD,LATAM,CP0196,EQUITY,TDR0189,BOOK_B,2025-09-18
TXN0004732905,APP013,2025-11-23,failed,122381.07,USD,EMEA,CP0500,FX,TDR0164,BOOK_C,2026-01-14
TXN0006058874,APP003,2025-01-24,pending,180188.88,GBP,LATAM,CP0247,SWAP,TDR0033,BOOK_D,2025-01-04
TXN0002944600,APP009,2025-01-17,failed,713636.68,JPY,APAC,CP0073,EQUITY,TDR0110,BOOK_C,2025-10-30
TXN0000217840,APP005,2025-08-03,active,180995.04,CHF,AMER,CP0395,FX,TDR0191,BOOK_A,2025-06-05
TXN0005674845,APP016,2026-02-15,reversed,756037.02,CHF,AMER,CP0400,SWAP,TDR0067,BOOK_C,2025-06-05
TXN0001502386,APP020,2025-01-29,active,986833.93,AUD,EMEA,CP0037,OPTION,TDR0042,BOOK_C,2026-03-19
TXN0001093474,APP001,2025-06-28,active,971342.26,USD,APAC,CP0233,BOND,TDR0043,BOOK_B,2025-12-11
TXN0008937835,APP003,2026-03-20,pending,812966.11,CHF,EMEA,CP0492,FUTURE,TDR0129,BOOK_B,2025-08-23
TXN0007922931,APP005,2025-02-21,active,786278.48,EUR,APAC,CP0303,FUTURE,TDR0047,BOOK_C,2025-02-20
TXN0009783739,APP016,2025-01-03,settled,64334.0,USD,AMER,CP0416,BOND,TDR0034,BOOK_D,2026-04-13
TXN0008888360,APP010,2025-02-21,reversed,949061.11,AUD,LATAM,CP0199,BOND,TDR0189,BOOK_A,2025-03-20
TXN0004653535,APP009,2025-07-28,active,514945.32,JPY,LATAM,CP0177,OPTION,TDR0156,BOOK_B,2026-03-19
TXN0006659151,APP012,2026-02-07,reversed,845526.6,GBP,AMER,CP0250,OPTION,TDR0156,BOOK_C,2025-08-14
TXN0006359893,APP004,2025-07-12,failed,186658.43,GBP,APAC,CP0349,SWAP,TDR0164,BOOK_D,2026-02-01
TXN0001800625,APP005,2026-02-14,active,253988.65,CHF,APAC,CP0179,SWAP,TDR0059,BOOK_B,2025-02-25
TXN0008944214,APP016,2026-03-03,failed,469877.23,GBP,EMEA,CP0089,SWAP,TDR0013,BOOK_B,2025-11-25
TXN0001051772,APP010,2025-01-11,settled,418503.25,USD,LATAM,CP0036,FX,TDR0022,BOOK_D,2026-01-23
TXN0001108463,APP004,2025-12-29,settled,916200.28,EUR,APAC,CP0460,FUTURE,TDR0159,BOOK_D,2026-02-08
TXN0003718596,APP019,2025-06-27,failed,35022.54,EUR,AMER,CP0024,OPTION,TDR0054,BOOK_D,2026-01-11
TXN0001468923,APP003,2026-02-10,reversed,134757.58,EUR,LATAM,CP0329,FX,TDR0063,BOOK_D,2025-11-23
TXN0001284853,APP005,2026-01-04,failed,162321.23,CHF,AMER,CP0365,FX,TDR0153,BOOK_C,2025-07-12
TXN0007608330,APP015,2025-07-14,active,132184.13,JPY,LATAM,CP0006,EQUITY,TDR0088,BOOK_A,2025-08-17
TXN0000720866,APP020,2025-02-02,pending,111752.98,JPY,APAC,CP0423,FX,TDR0163,BOOK_B,2025-04-26
TXN0003216162,APP012,2025-01-03,active,935743.9,EUR,EMEA,CP0186,SWAP,TDR0103,BOOK_C,2025-07-02
TXN0005927022,APP020,2025-09-21,reversed,604861.81,AUD,AMER,CP0356,BOND,TDR0174,BOOK_D,2025-12-02
TXN0006146224,APP013,2025-10-25,reversed,292132.07,JPY,AMER,CP0306,OPTION,TDR0161,BOOK_B,2026-01-14
TXN0004082174,APP003,2025-07-29,failed,778865.35,USD,AMER,CP0242,BOND,TDR0033,BOOK_B,2025-10-31
TXN0005117041,APP001,2026-01-05,pending,881883.63,AUD,AMER,CP0498,EQUITY,TDR0139,BOOK_C,2025-03-31
TXN0005950802,APP020,2025-04-24,settled,272818.97,GBP,LATAM,CP0158,FX,TDR0135,BOOK_A,2025-05-31
TXN0003874846,APP017,2025-05-03,settled,556816.9,JPY,APAC,CP0362,SWAP,TDR0200,BOOK_A,2026-03-31
TXN0003249834,APP014,2026-04-13,pending,586434.1,AUD,EMEA,CP0121,FX,TDR0050,BOOK_C,2025-03-19
TXN0002759279,APP007,2025-10-01,pending,56852.16,AUD,AMER,CP0191,EQUITY,TDR0004,BOOK_D,2025-11-02
TXN0001284522,APP013,2025-03-26,failed,568769.27,JPY,EMEA,CP0403,BOND,TDR0128,BOOK_B,2025-01-30
TXN0007411596,APP001,2026-02-09,settled,703345.64,JPY,AMER,CP0203,FUTURE,TDR0104,BOOK_C,2026-04-12
TXN0001541718,APP003,2026-01-31,failed,691541.38,JPY,LATAM,CP0033,FUTURE,TDR0161,BOOK_D,2025-04-26
TXN0009711700,APP002,2025-09-24,reversed,537145.35,EUR,APAC,CP0007,FUTURE,TDR0154,BOOK_A,2026-02-11
TXN0008440352,APP015,2025-04-21,active,112979.3,GBP,LATAM,CP0076,SWAP,TDR0029,BOOK_D,2026-02-21
TXN0006628169,APP001,2026-02-03,reversed,604256.91,GBP,APAC,CP0372,EQUITY,TDR0001,BOOK_C,2025-03-10
TXN0003896370,APP018,2026-01-13,settled,719307.72,CHF,APAC,CP0217,EQUITY,TDR0195,BOOK_B,2025-01-01
TXN0009765776,APP017,2025-05-21,settled,919937.58,GBP,LATAM,CP0049,OPTION,TDR0006,BOOK_D,2026-01-02
TXN0000773635,APP005,2025-02-05,pending,807362.56,GBP,LATAM,CP0193,EQUITY,TDR0168,BOOK_D,2025-08-23
TXN0004291104,APP017,2025-05-12,reversed,34793.1,JPY,EMEA,CP0100,BOND,TDR0077,BOOK_A,2025-11-18
TXN0003408803,APP018,2025-12-19,active,170089.34,GBP,APAC,CP0178,EQUITY,TDR0126,BOOK_C,2025-12-17
TXN0009503089,APP012,2025-06-14,active,543574.66,CHF,APAC,CP0306,OPTION,TDR0082,BOOK_C,2025-08-31
TXN0000548794,APP012,2025-10-21,failed,22424.95,CHF,LATAM,CP0283,FUTURE,TDR0049,BOOK_C,2025-07-19
TXN0005564757,APP004,2025-11-20,active,986240.19,CHF,APAC,CP0498,BOND,TDR0036,BOOK_D,2025-07-13
TXN0003142155,APP005,2025-06-01,pending,740514.15,GBP,AMER,CP0051,EQUITY,TDR0128,BOOK_D,2025-11-05
TXN0004618817,APP010,2025-08-08,active,493087.76,USD,APAC,CP0241,BOND,TDR0014,BOOK_D,2026-02-27
TXN0008468106,APP009,2026-02-03,failed,198409.09,CHF,APAC,CP0155,SWAP,TDR0183,BOOK_D,2025-01-08
TXN0005163916,APP003,2026-03-13,active,881601.97,GBP,LATAM,CP0191,BOND,TDR0164,BOOK_B,2026-04-03
TXN0000780614,APP008,2026-01-31,reversed,75719.64,CHF,AMER,CP0315,FX,TDR0112,BOOK_A,2026-04-02
TXN0007464091,APP015,2025-01-21,pending,946164.75,AUD,AMER,CP0499,BOND,TDR0190,BOOK_B,2025-05-12
TXN0009044139,APP004,2025-03-31,reversed,980806.01,AUD,LATAM,CP0101,BOND,TDR0020,BOOK_C,2025-10-25
TXN0002525195,APP011,2025-02-18,pending,198011.28,JPY,AMER,CP0067,FUTURE,TDR0150,BOOK_C,2025-07-14
TXN0004624202,APP003,2025-09-01,settled,438545.62,USD,LATAM,CP0351,FUTURE,TDR0115,BOOK_D,2025-07-23
TXN0003727924,APP012,2025-06-01,failed,447647.37,GBP,APAC,CP0430,BOND,TDR0172,BOOK_B,2026-04-08
TXN0002152811,APP003,2025-07-23,pending,219222.46,USD,APAC,CP0266,FX,TDR0108,BOOK_C,2025-06-13
TXN0005948837,APP005,2025-08-18,failed,353005.39,AUD,EMEA,CP0155,EQUITY,TDR0008,BOOK_A,2026-02-28
TXN0005205649,APP002,2025-05-25,active,289320.0,USD,LATAM,CP0135,BOND,TDR0071,BOOK_C,2025-04-19
TXN0002266636,APP002,2025-02-18,reversed,241171.57,GBP,EMEA,CP0012,EQUITY,TDR0077,BOOK_D,2025-11-06
TXN0005003312,APP005,2025-11-13,active,25936.61,USD,EMEA,CP0347,BOND,TDR0121,BOOK_D,2025-08-29
TXN0002713947,APP020,2025-06-26,settled,145924.35,EUR,LATAM,CP0258,FUTURE,TDR0055,BOOK_D,2025-11-22
TXN0005753196,APP020,2025-01-21,reversed,818347.85,USD,APAC,CP0233,SWAP,TDR0149,BOOK_D,2025-04-14
TXN0004782429,APP007,2025-12-25,settled,538605.27,AUD,AMER,CP0401,EQUITY,TDR0200,BOOK_A,2025-05-26
TXN0008189242,APP001,2025-08-24,pending,208891.83,EUR,LATAM,CP0315,OPTION,TDR0045,BOOK_C,2025-10-15
TXN0005602592,APP019,2025-08-30,pending,659954.83,CHF,EMEA,CP0242,FX,TDR0061,BOOK_C,2025-12-22
TXN0006530710,APP011,2025-01-20,settled,267945.55,AUD,APAC,CP0197,OPTION,TDR0171,BOOK_B,2026-03-03
TXN0000998180,APP006,2025-05-16,pending,812998.42,USD,LATAM,CP0236,FUTURE,TDR0086,BOOK_A,2025-02-22
TXN0004781754,APP006,2025-08-08,active,105914.99,GBP,AMER,CP0044,OPTION,TDR0014,BOOK_B,2025-06-20
TXN0001175143,APP020,2025-10-29,failed,89503.06,AUD,AMER,CP0151,FUTURE,TDR0007,BOOK_D,2025-10-31
TXN0004843123,APP005,2025-03-26,failed,972613.55,CHF,EMEA,CP0096,EQUITY,TDR0171,BOOK_B,2025-07-09
TXN0002205402,APP007,2025-08-24,active,143631.47,AUD,LATAM,CP0013,SWAP,TDR0172,BOOK_D,2025-06-19
TXN0007275181,APP019,2025-12-28,settled,451067.55,JPY,EMEA,CP0211,SWAP,TDR0126,BOOK_B,2025-03-31
TXN0006980029,APP019,2025-12-12,active,467170.54,EUR,LATAM,CP0368,OPTION,TDR0129,BOOK_C,2025-10-24
TXN0000686178,APP005,2025-06-20,reversed,281199.35,USD,AMER,CP0498,OPTION,TDR0166,BOOK_C,2025-04-14
TXN0007707533,APP018,2025-01-22,pending,531481.17,USD,AMER,CP0216,OPTION,TDR0044,BOOK_C,2025-03-11
TXN0007406994,APP003,2025-01-16,reversed,92708.78,CHF,EMEA,CP0158,EQUITY,TDR0181,BOOK_C,2025-07-05
TXN0005221319,APP001,2025-02-07,reversed,665226.59,CHF,LATAM,CP0165,FX,TDR0019,BOOK_B,2025-08-12
TXN0000748741,APP017,2026-01-26,failed,980767.04,AUD,AMER,CP0074,OPTION,TDR0035,BOOK_C,2025-07-19
TXN0007474297,APP005,2025-11-19,active,202044.29,USD,AMER,CP0085,OPTION,TDR0075,BOOK_B,2025-01-07
TXN0001274905,APP011,2025-08-02,settled,67416.66,GBP,APAC,CP0420,BOND,TDR0075,BOOK_A,2025-12-14
TXN0007533644,APP008,2025-04-20,reversed,514294.83,GBP,EMEA,CP0311,OPTION,TDR0185,BOOK_B,2026-02-10
TXN0004104799,APP019,2025-01-09,failed,904874.24,JPY,AMER,CP0333,OPTION,TDR0197,BOOK_D,2025-10-18
TXN0008225718,APP001,2025-03-20,settled,79426.49,GBP,LATAM,CP0348,FUTURE,TDR0078,BOOK_A,2026-03-30
TXN0007355518,APP018,2025-07-16,pending,927364.01,CHF,EMEA,CP0244,OPTION,TDR0084,BOOK_B,2026-04-03
TXN0008008218,APP010,2025-06-13,failed,36218.18,CHF,APAC,CP0244,SWAP,TDR0088,BOOK_C,2026-01-15
TXN0001234078,APP016,2025-07-21,failed,91869.54,GBP,AMER,CP0389,SWAP,TDR0197,BOOK_A,2026-02-17
TXN0003095587,APP014,2025-05-19,active,385788.0,AUD,EMEA,CP0414,FX,TDR0112,BOOK_A,2025-09-17
TXN0008257323,APP020,2025-06-28,failed,221872.91,CHF,APAC,CP0150,SWAP,TDR0034,BOOK_A,2025-03-20
TXN0004168890,APP007,2025-05-18,reversed,264268.27,CHF,LATAM,CP0077,EQUITY,TDR0082,BOOK_A,2025-12-14
TXN0008156490,APP019,2025-01-01,settled,881849.58,AUD,EMEA,CP0112,OPTION,TDR0165,BOOK_D,2025-03-20
TXN0001909357,APP017,2025-08-21,settled,940586.64,JPY,LATAM,CP0174,FX,TDR0136,BOOK_C,2025-04-30
TXN0005415771,APP005,2025-06-06,settled,200512.34,GBP,APAC,CP0481,OPTION,TDR0168,BOOK_C,2025-11-19
TXN0000797510,APP015,2025-06-26,active,958308.95,CHF,AMER,CP0128,FUTURE,TDR0184,BOOK_D,2025-03-21
TXN0002509448,APP005,2025-10-19,pending,183850.22,EUR,APAC,CP0079,EQUITY,TDR0040,BOOK_A,2025-11-21
TXN0004049792,APP003,2025-07-17,settled,489076.89,AUD,APAC,CP0018,SWAP,TDR0065,BOOK_C,2026-01-27
TXN0002102867,APP007,2025-03-15,active,846545.83,GBP,EMEA,CP0191,BOND,TDR0187,BOOK_C,2026-04-05
TXN0006157627,APP007,2026-01-21,pending,255795.37,AUD,APAC,CP0021,SWAP,TDR0026,BOOK_B,2025-01-04
TXN0007380988,APP005,2025-10-21,settled,754747.5,EUR,LATAM,CP0351,FUTURE,TDR0143,BOOK_D,2025-03-29
TXN0008812938,APP020,2025-07-24,failed,890025.87,CHF,AMER,CP0189,EQUITY,TDR0024,BOOK_D,2025-06-12
TXN0009420016,APP017,2025-02-17,active,971218.32,EUR,AMER,CP0187,SWAP,TDR0011,BOOK_C,2025-01-09
TXN0009021192,APP012,2025-01-07,pending,496992.81,JPY,APAC,CP0405,SWAP,TDR0060,BOOK_D,2025-07-15
TXN0008182731,APP012,2025-06-29,active,100419.64,EUR,LATAM,CP0315,OPTION,TDR0090,BOOK_B,2026-03-22
TXN0002024560,APP009,2025-02-22,active,134432.84,CHF,LATAM,CP0212,SWAP,TDR0159,BOOK_A,2026-03-20
TXN0002310233,APP004,2025-06-08,active,193012.66,USD,LATAM,CP0396,FX,TDR0039,BOOK_C,2025-04-21
TXN0000421640,APP016,2025-12-27,active,28964.14,USD,EMEA,CP0115,EQUITY,TDR0059,BOOK_A,2026-01-06
TXN0002722022,APP005,2025-07-18,reversed,200926.01,GBP,AMER,CP0443,FUTURE,TDR0082,BOOK_D,2026-04-03
TXN0002934596,APP018,2025-08-29,reversed,999037.02,EUR,EMEA,CP0425,FX,TDR0077,BOOK_B,2026-01-21
TXN0006375519,APP005,2025-01-15,failed,422613.64,USD,AMER,CP0411,BOND,TDR0101,BOOK_A,2025-06-25
TXN0007461153,APP020,2025-03-10,reversed,120040.8,GBP,LATAM,CP0455,BOND,TDR0158,BOOK_B,2026-02-17
TXN0006676245,APP009,2025-01-08,reversed,558085.47,GBP,AMER,CP0220,SWAP,TDR0032,BOOK_D,2025-04-09
TXN0009157378,APP016,2025-11-02,pending,586523.37,EUR,EMEA,CP0395,SWAP,TDR0177,BOOK_B,2025-10-01
TXN0007916496,APP015,2025-02-12,reversed,802098.04,AUD,APAC,CP0374,FUTURE,TDR0156,BOOK_B,2026-01-07
TXN0003527474,APP019,2025-02-25,settled,41412.47,USD,EMEA,CP0343,SWAP,TDR0194,BOOK_D,2025-10-26
TXN0006309253,APP007,2026-01-06,pending,962787.97,EUR,APAC,CP0314,OPTION,TDR0160,BOOK_D,2025-05-29
TXN0008072332,APP019,2025-09-09,reversed,836568.22,GBP,LATAM,CP0280,BOND,TDR0019,BOOK_A,2025-11-17
TXN0006166250,APP005,2025-03-09,reversed,707005.28,USD,APAC,CP0127,FX,TDR0187,BOOK_A,2026-03-20
TXN0007356094,APP006,2026-03-22,active,958869.7,EUR,AMER,CP0339,OPTION,TDR0077,BOOK_B,2025-12-03
TXN0007662209,APP019,2025-08-05,reversed,613196.61,EUR,LATAM,CP0360,EQUITY,TDR0102,BOOK_A,2025-07-12
TXN0007152573,APP005,2025-12-28,pending,765573.89,AUD,EMEA,CP0310,OPTION,TDR0037,BOOK_C,2025-02-25
TXN0007315754,APP014,2026-02-20,reversed,647475.75,EUR,LATAM,CP0029,FX,TDR0043,BOOK_C,2025-03-28
TXN0003953390,APP006,2025-07-18,failed,282593.5,AUD,AMER,CP0187,OPTION,TDR0099,BOOK_D,2025-05-24
TXN0007283460,APP002,2025-06-08,pending,577285.57,GBP,AMER,CP0266,FUTURE,TDR0086,BOOK_C,2025-01-05
TXN0000597691,APP006,2025-02-04,pending,591464.8,CHF,LATAM,CP0085,EQUITY,TDR0021,BOOK_C,2025-11-18
TXN0005001367,APP011,2025-10-14,failed,492691.77,CHF,EMEA,CP0225,EQUITY,TDR0121,BOOK_B,2026-01-01
TXN0004743160,APP002,2025-05-23,failed,774176.55,GBP,APAC,CP0471,FUTURE,TDR0080,BOOK_A,2025-01-27
TXN0008302346,APP016,2025-12-30,reversed,758489.9,CHF,APAC,CP0319,EQUITY,TDR0122,BOOK_A,2025-09-09
TXN0008781900,APP007,2025-04-15,pending,120744.95,GBP,AMER,CP0151,FUTURE,TDR0070,BOOK_D,2025-02-03
TXN0005855349,APP007,2026-04-13,failed,947047.98,CHF,AMER,CP0236,EQUITY,TDR0009,BOOK_C,2026-01-28
TXN0008439729,APP015,2025-01-25,failed,315587.32,JPY,EMEA,CP0279,EQUITY,TDR0177,BOOK_A,2025-03-13
TXN0005491472,APP003,2026-03-21,reversed,337222.19,JPY,APAC,CP0473,OPTION,TDR0174,BOOK_D,2026-02-07
TXN0000992333,APP014,2025-02-06,failed,273962.56,CHF,EMEA,CP0330,BOND,TDR0037,BOOK_D,2025-04-05
TXN0004916465,APP010,2026-04-04,active,958930.65,USD,AMER,CP0062,BOND,TDR0040,BOOK_D,2025-08-23
TXN0002773579,APP014,2025-10-20,failed,927255.4,USD,LATAM,CP0006,FX,TDR0195,BOOK_A,2025-07-08
TXN0004785631,APP012,2025-08-11,settled,921447.5,USD,LATAM,CP0500,BOND,TDR0157,BOOK_D,2025-04-02
TXN0005936317,APP018,2026-02-12,reversed,424947.21,EUR,AMER,CP0327,FUTURE,TDR0059,BOOK_B,2026-03-16
TXN0005026360,APP007,2025-07-11,failed,706274.68,GBP,AMER,CP0395,FX,TDR0045,BOOK_A,2025-10-18
TXN0004651894,APP006,2026-01-11,reversed,595417.92,JPY,LATAM,CP0018,FUTURE,TDR0078,BOOK_A,2026-02-17
TXN0006870917,APP016,2025-03-27,failed,933078.13,GBP,AMER,CP0096,FX,TDR0194,BOOK_B,2025-02-17
TXN0008385158,APP004,2026-02-17,reversed,288740.51,CHF,EMEA,CP0128,OPTION,TDR0044,BOOK_D,2025-03-29
TXN0002678635,APP004,2026-01-31,failed,711640.56,JPY,APAC,CP0238,OPTION,TDR0163,BOOK_A,2025-11-18
TXN0005932636,APP011,2026-02-13,active,778298.31,AUD,LATAM,CP0294,BOND,TDR0172,BOOK_B,2025-08-28
TXN0001855541,APP019,2025-07-02,failed,969162.84,EUR,APAC,CP0271,FX,TDR0015,BOOK_C,2025-06-29
TXN0001534628,APP006,2025-01-31,settled,877719.23,CHF,APAC,CP0245,EQUITY,TDR0151,BOOK_B,2025-03-20
TXN0003729842,APP010,2025-05-15,active,83075.89,CHF,AMER,CP0063,BOND,TDR0081,BOOK_B,2026-03-14
TXN0008956407,APP019,2026-01-17,failed,191245.73,JPY,APAC,CP0225,BOND,TDR0147,BOOK_D,2025-12-16
TXN0005199409,APP020,2026-02-20,settled,749054.89,EUR,LATAM,CP0288,SWAP,TDR0030,BOOK_B,2025-01-03
TXN0002991631,APP013,2025-05-15,failed,813478.85,EUR,EMEA,CP0070,SWAP,TDR0107,BOOK_B,2025-09-17
TXN0009534426,APP013,2026-03-13,pending,934773.86,GBP,LATAM,CP0295,EQUITY,TDR0192,BOOK_B,2025-12-27
TXN0004340090,APP006,2025-01-08,active,895996.62,AUD,APAC,CP0395,SWAP,TDR0068,BOOK_D,2025-08-30
TXN0001087417,APP010,2025-04-05,reversed,271784.9,EUR,LATAM,CP0218,BOND,TDR0157,BOOK_C,2025-07-02
TXN0007300105,APP008,2025-12-01,settled,411640.82,AUD,EMEA,CP0258,OPTION,TDR0110,BOOK_A,2025-10-26
TXN0008315673,APP011,2025-10-27,pending,338726.98,CHF,EMEA,CP0006,FUTURE,TDR0183,BOOK_D,2026-04-14
TXN0002606406,APP001,2025-12-03,pending,844194.08,USD,APAC,CP0250,OPTION,TDR0120,BOOK_C,2025-01-16
TXN0006573065,APP011,2026-03-29,failed,645559.03,CHF,LATAM,CP0481,OPTION,TDR0065,BOOK_C,2025-05-08
TXN0002492629,APP010,2025-03-29,pending,823308.23,EUR,EMEA,CP0289,FX,TDR0127,BOOK_A,2026-03-17
TXN0002264116,APP015,2026-02-23,reversed,120057.69,AUD,EMEA,CP0007,BOND,TDR0005,BOOK_A,2026-02-20
TXN0002903356,APP002,2025-12-31,reversed,789806.4,EUR,LATAM,CP0099,FX,TDR0181,BOOK_C,2025-03-16
TXN0002008022,APP001,2025-05-13,active,615356.47,EUR,APAC,CP0071,OPTION,TDR0012,BOOK_C,2025-08-03
TXN0007917687,APP016,2025-03-23,failed,883067.95,CHF,AMER,CP0321,FX,TDR0170,BOOK_C,2025-08-18
TXN0003458420,APP004,2025-09-09,settled,52685.27,EUR,EMEA,CP0269,FUTURE,TDR0004,BOOK_A,2025-09-27
TXN0005472293,APP018,2026-04-05,settled,632491.83,JPY,AMER,CP0273,FX,TDR0148,BOOK_D,2025-01-01
TXN0009429419,APP019,2025-11-14,active,299.26,AUD,AMER,CP0117,OPTION,TDR0091,BOOK_A,2025-06-13
TXN0002241969,APP020,2025-12-06,reversed,156923.71,AUD,AMER,CP0199,EQUITY,TDR0065,BOOK_A,2025-07-26
TXN0001016793,APP006,2025-04-12,pending,829123.05,CHF,LATAM,CP0237,SWAP,TDR0083,BOOK_A,2025-12-08
TXN0005203818,APP002,2025-06-03,settled,633711.0,JPY,LATAM,CP0461,SWAP,TDR0175,BOOK_D,2025-03-13
TXN0008838293,APP004,2026-03-01,active,906349.47,USD,EMEA,CP0192,BOND,TDR0017,BOOK_B,2025-01-01
TXN0007518850,APP010,2025-04-30,settled,842230.13,CHF,AMER,CP0420,EQUITY,TDR0197,BOOK_B,2025-10-27
TXN0003830336,APP019,2025-11-10,settled,495759.13,AUD,APAC,CP0359,FUTURE,TDR0076,BOOK_D,2025-09-24
TXN0006778705,APP005,2026-03-23,reversed,903132.53,EUR,AMER,CP0018,SWAP,TDR0198,BOOK_B,2025-12-15
TXN0003715950,APP002,2025-07-31,settled,541610.21,CHF,APAC,CP0391,OPTION,TDR0172,BOOK_D,2025-02-25
TXN0004582221,APP006,2025-11-30,failed,322594.39,JPY,LATAM,CP0322,FUTURE,TDR0005,BOOK_D,2025-12-06
TXN0007270347,APP004,2026-01-14,pending,585292.25,GBP,EMEA,CP0482,SWAP,TDR0047,BOOK_B,2025-08-06
TXN0004500517,APP005,2025-10-06,settled,377335.62,AUD,AMER,CP0486,OPTION,TDR0199,BOOK_B,2025-12-30
TXN0006312856,APP004,2025-07-27,reversed,369913.63,AUD,EMEA,CP0250,SWAP,TDR0005,BOOK_C,2025-11-10
TXN0000059286,APP011,2025-08-11,pending,196008.13,AUD,APAC,CP0076,EQUITY,TDR0177,BOOK_A,2025-05-05
TXN0003675362,APP005,2025-04-05,failed,259887.23,USD,EMEA,CP0397,FX,TDR0197,BOOK_C,2025-11-17
TXN0005329541,APP012,2025-03-10,failed,44482.49,EUR,LATAM,CP0362,SWAP,TDR0036,BOOK_C,2025-06-14
TXN0009011522,APP001,2025-07-29,reversed,769825.26,EUR,LATAM,CP0489,EQUITY,TDR0035,BOOK_D,2025-10-26
TXN0001701934,APP006,2025-04-05,pending,473191.27,CHF,EMEA,CP0417,SWAP,TDR0017,BOOK_A,2025-06-24
TXN0001673201,APP014,2026-01-24,reversed,671849.51,CHF,AMER,CP0264,BOND,TDR0118,BOOK_C,2025-12-27
TXN0007635587,APP004,2025-03-20,failed,624888.76,CHF,EMEA,CP0337,FX,TDR0192,BOOK_B,2025-03-26
TXN0008368136,APP001,2025-07-15,reversed,298668.37,AUD,EMEA,CP0196,OPTION,TDR0142,BOOK_B,2025-05-24
TXN0000764608,APP016,2026-01-27,failed,127523.37,USD,APAC,CP0172,EQUITY,TDR0010,BOOK_B,2025-02-28
TXN0000899407,APP008,2026-02-09,reversed,999205.69,GBP,AMER,CP0362,FUTURE,TDR0081,BOOK_D,2025-06-25
TXN0002633446,APP007,2025-01-05,settled,860194.61,AUD,EMEA,CP0045,FX,TDR0027,BOOK_A,2025-07-03
TXN0001557783,APP013,2026-02-02,failed,692834.76,USD,EMEA,CP0106,FUTURE,TDR0001,BOOK_D,2025-04-19
TXN0007768731,APP016,2025-12-08,pending,159277.33,EUR,EMEA,CP0348,SWAP,TDR0134,BOOK_B,2025-04-07
TXN0002943592,APP001,2025-06-20,failed,499277.31,JPY,EMEA,CP0480,EQUITY,TDR0196,BOOK_C,2025-07-08
TXN0002501127,APP008,2025-06-13,active,462758.27,GBP,EMEA,CP0379,EQUITY,TDR0031,BOOK_A,2025-07-24
TXN0008297292,APP004,2025-03-21,failed,240318.81,EUR,LATAM,CP0251,BOND,TDR0075,BOOK_C,2026-02-02
TXN0004903883,APP001,2025-04-11,active,689438.02,USD,APAC,CP0375,FUTURE,TDR0064,BOOK_B,2026-03-13
TXN0008706259,APP011,2025-11-10,settled,103453.01,EUR,AMER,CP0324,FX,TDR0191,BOOK_C,2026-01-05
TXN0004140495,APP004,2025-07-11,active,837932.15,AUD,LATAM,CP0291,FX,TDR0052,BOOK_B,2025-09-21
TXN0003559490,APP002,2025-04-18,settled,478620.73,EUR,EMEA,CP0260,SWAP,TDR0123,BOOK_D,2025-09-15
TXN0004965897,APP008,2026-03-07,pending,746556.39,EUR,LATAM,CP0351,EQUITY,TDR0160,BOOK_B,2025-03-05
TXN0002020142,APP007,2025-08-04,settled,803199.35,EUR,EMEA,CP0184,EQUITY,TDR0081,BOOK_D,2025-08-17
TXN0000215155,APP009,2026-04-03,settled,104292.36,EUR,APAC,CP0090,FX,TDR0045,BOOK_B,2025-04-16
TXN0008114181,APP018,2026-02-09,settled,831186.74,JPY,APAC,CP0098,FUTURE,TDR0196,BOOK_A,2025-04-20
TXN0006614076,APP003,2025-11-11,settled,629260.04,JPY,AMER,CP0392,BOND,TDR0069,BOOK_B,2025-01-14
TXN0006018309,APP014,2025-08-11,failed,66381.55,EUR,AMER,CP0469,FUTURE,TDR0072,BOOK_D,2025-04-07
TXN0001209247,APP012,2025-03-22,reversed,585706.31,JPY,EMEA,CP0062,EQUITY,TDR0186,BOOK_C,2026-02-04
TXN0005135408,APP010,2025-09-11,reversed,394299.94,JPY,LATAM,CP0280,FUTURE,TDR0021,BOOK_D,2025-03-16
TXN0007601881,APP004,2025-01-15,active,639173.51,EUR,LATAM,CP0472,SWAP,TDR0146,BOOK_C,2025-04-12
TXN0003310922,APP013,2025-12-19,settled,875862.4,USD,LATAM,CP0007,OPTION,TDR0163,BOOK_B,2025-10-10
TXN0002947534,APP005,2025-01-01,settled,389791.7,AUD,APAC,CP0314,BOND,TDR0100,BOOK_C,2026-02-16
TXN0008521878,APP018,2025-06-16,pending,333993.76,GBP,EMEA,CP0193,EQUITY,TDR0163,BOOK_A,2025-07-18
TXN0000217199,APP005,2026-02-13,settled,367951.94,EUR,LATAM,CP0114,EQUITY,TDR0024,BOOK_D,2025-11-11
TXN0002504949,APP002,2025-12-15,pending,687842.08,GBP,AMER,CP0171,BOND,TDR0088,BOOK_C,2025-07-19
TXN0000224114,APP004,2026-03-06,settled,680922.15,EUR,LATAM,CP0410,EQUITY,TDR0141,BOOK_B,2025-10-08
TXN0002945156,APP013,2025-04-06,pending,568016.33,AUD,AMER,CP0118,EQUITY,TDR0010,BOOK_B,2026-01-22
TXN0005116442,APP013,2025-07-31,pending,193934.81,GBP,LATAM,CP0165,EQUITY,TDR0054,BOOK_A,2025-07-26
TXN0009821201,APP018,2025-12-04,active,700308.48,USD,APAC,CP0406,FUTURE,TDR0030,BOOK_C,2025-11-11
TXN0008904219,APP008,2026-04-09,active,889749.61,CHF,AMER,CP0446,SWAP,TDR0173,BOOK_A,2026-03-20
TXN0009891470,APP017,2026-03-20,active,628060.87,CHF,APAC,CP0106,FUTURE,TDR0066,BOOK_C,2026-02-02
TXN0008373392,APP006,2025-08-18,active,512562.07,USD,AMER,CP0204,EQUITY,TDR0017,BOOK_C,2025-09-29
TXN0003114703,APP018,2025-03-17,failed,62987.56,JPY,EMEA,CP0369,EQUITY,TDR0072,BOOK_D,2025-05-17
TXN0000765024,APP007,2025-02-11,active,500851.49,USD,EMEA,CP0014,BOND,TDR0066,BOOK_D,2025-10-10
TXN0008049964,APP020,2025-07-05,settled,697356.43,CHF,EMEA,CP0023,SWAP,TDR0137,BOOK_D,2025-11-06
TXN0002273522,APP010,2026-03-06,failed,608008.77,GBP,LATAM,CP0256,EQUITY,TDR0097,BOOK_B,2026-04-10
TXN0004448172,APP009,2025-10-15,pending,872860.86,GBP,APAC,CP0490,BOND,TDR0189,BOOK_B,2025-08-02
TXN0007376517,APP017,2025-11-05,settled,949458.42,JPY,AMER,CP0228,OPTION,TDR0190,BOOK_D,2025-02-12
TXN0007779712,APP012,2025-10-08,failed,215884.99,JPY,AMER,CP0318,FX,TDR0168,BOOK_B,2025-08-01
TXN0002045189,APP012,2025-04-15,settled,45862.37,JPY,LATAM,CP0407,SWAP,TDR0085,BOOK_A,2025-01-14
TXN0007462855,APP012,2025-06-27,pending,255312.58,JPY,APAC,CP0204,FX,TDR0132,BOOK_A,2026-02-08
TXN0006940629,APP019,2026-03-11,failed,239106.16,JPY,APAC,CP0103,FUTURE,TDR0165,BOOK_B,2025-08-08
TXN0001988706,APP002,2025-09-08,active,834654.18,AUD,APAC,CP0092,BOND,TDR0151,BOOK_A,2025-08-21
TXN0007846961,APP017,2026-01-07,failed,228184.77,EUR,EMEA,CP0107,FUTURE,TDR0064,BOOK_D,2025-12-13
TXN0001952545,APP009,2026-01-10,active,817134.44,JPY,LATAM,CP0344,EQUITY,TDR0087,BOOK_A,2025-04-05
TXN0003867168,APP016,2026-03-15,pending,702592.67,USD,AMER,CP0419,FUTURE,TDR0086,BOOK_A,2025-05-24
TXN0004377880,APP010,2025-09-09,settled,391056.46,EUR,EMEA,CP0472,BOND,TDR0009,BOOK_A,2025-12-15
TXN0003647872,APP010,2026-01-30,active,854947.82,JPY,APAC,CP0484,FUTURE,TDR0153,BOOK_A,2025-08-29
TXN0001520854,APP018,2026-03-24,settled,728247.8,AUD,EMEA,CP0337,FUTURE,TDR0123,BOOK_B,2025-06-27
TXN0001224646,APP018,2026-02-18,active,774566.78,AUD,APAC,CP0184,SWAP,TDR0062,BOOK_B,2025-11-08
TXN0007523855,APP007,2025-10-09,pending,425880.58,JPY,APAC,CP0068,OPTION,TDR0079,BOOK_A,2025-01-23
TXN0002246930,APP006,2025-09-07,active,885683.05,CHF,AMER,CP0358,FUTURE,TDR0053,BOOK_C,2025-09-15
TXN0008880193,APP012,2025-12-11,failed,956195.5,USD,EMEA,CP0201,BOND,TDR0081,BOOK_B,2025-06-15
TXN0000956557,APP020,2025-04-16,settled,421453.63,GBP,APAC,CP0322,FUTURE,TDR0096,BOOK_A,2025-07-09
TXN0003485014,APP014,2025-10-12,settled,902945.37,CHF,APAC,CP0247,SWAP,TDR0185,BOOK_A,2025-10-13
TXN0002283258,APP018,2025-05-29,reversed,599626.4,EUR,EMEA,CP0286,FUTURE,TDR0008,BOOK_D,2025-10-11
TXN0000691560,APP001,2025-09-12,pending,888385.31,JPY,APAC,CP0115,EQUITY,TDR0199,BOOK_D,2025-06-01
TXN0004853155,APP011,2025-01-06,settled,644839.27,EUR,LATAM,CP0066,SWAP,TDR0059,BOOK_C,2026-04-08
TXN0006849757,APP002,2025-11-29,failed,219731.94,CHF,APAC,CP0327,EQUITY,TDR0087,BOOK_B,2026-04-03
TXN0006372849,APP006,2025-06-22,active,516045.55,USD,LATAM,CP0321,OPTION,TDR0001,BOOK_B,2025-10-28
TXN0007064692,APP013,2025-07-28,reversed,608208.85,JPY,APAC,CP0192,OPTION,TDR0026,BOOK_B,2025-06-30
TXN0002951286,APP003,2025-04-20,pending,914297.42,AUD,APAC,CP0395,SWAP,TDR0094,BOOK_A,2025-10-01
TXN0004030417,APP019,2025-12-02,pending,636833.13,JPY,LATAM,CP0126,SWAP,TDR0028,BOOK_A,2025-02-25
TXN0008217478,APP011,2026-03-19,failed,7595.69,GBP,LATAM,CP0072,OPTION,TDR0111,BOOK_B,2025-11-24
TXN0004850189,APP002,2025-07-16,settled,740998.82,CHF,EMEA,CP0396,FUTURE,TDR0070,BOOK_B,2025-10-23
TXN0006750732,APP013,2025-03-30,pending,256208.13,JPY,APAC,CP0372,EQUITY,TDR0164,BOOK_C,2025-02-01
TXN0005573766,APP019,2025-05-31,failed,846937.3,AUD,APAC,CP0423,OPTION,TDR0083,BOOK_C,2026-01-30
TXN0000092600,APP002,2025-12-14,reversed,201252.22,CHF,LATAM,CP0443,FUTURE,TDR0020,BOOK_C,2025-06-13
TXN0003037382,APP018,2025-08-16,reversed,431465.38,JPY,EMEA,CP0169,BOND,TDR0157,BOOK_D,2025-01-28
TXN0002355764,APP017,2026-02-17,pending,379338.15,GBP,AMER,CP0261,FX,TDR0194,BOOK_A,2025-02-01
TXN0002408147,APP015,2025-09-20,pending,748132.54,GBP,EMEA,CP0182,BOND,TDR0145,BOOK_A,2025-02-15
TXN0001404257,APP001,2025-09-26,failed,577552.06,EUR,APAC,CP0380,SWAP,TDR0038,BOOK_B,2026-02-20
TXN0005608882,APP002,2025-08-16,active,698559.48,USD,LATAM,CP0023,OPTION,TDR0043,BOOK_B,2025-10-31
TXN0008612440,APP001,2025-10-23,reversed,630978.96,EUR,EMEA,CP0440,SWAP,TDR0018,BOOK_C,2025-11-16
TXN0004116762,APP020,2025-03-23,settled,672608.92,GBP,LATAM,CP0229,OPTION,TDR0047,BOOK_D,2025-10-23
TXN0002714720,APP001,2025-05-02,settled,54953.53,GBP,LATAM,CP0428,BOND,TDR0052,BOOK_D,2025-11-07
TXN0007663119,APP011,2025-08-06,reversed,600985.63,USD,AMER,CP0100,OPTION,TDR0192,BOOK_C,2025-02-12
TXN0000759731,APP018,2026-04-05,settled,390950.41,GBP,EMEA,CP0329,FX,TDR0078,BOOK_A,2025-11-20
TXN0000672339,APP008,2025-06-14,active,952415.05,USD,AMER,CP0372,FX,TDR0110,BOOK_A,2026-01-06
TXN0000870406,APP017,2025-09-10,settled,420451.85,AUD,LATAM,CP0484,EQUITY,TDR0029,BOOK_B,2025-06-29
TXN0007705083,APP017,2025-05-11,failed,771646.37,EUR,AMER,CP0398,EQUITY,TDR0023,BOOK_D,2026-04-07
TXN0008857587,APP016,2026-03-27,settled,368642.17,USD,EMEA,CP0408,FUTURE,TDR0170,BOOK_B,2025-04-11
TXN0002984749,APP009,2025-05-29,active,158063.97,AUD,LATAM,CP0362,OPTION,TDR0050,BOOK_A,2026-01-15
TXN0001785096,APP001,2025-02-24,reversed,312748.64,GBP,APAC,CP0108,FX,TDR0069,BOOK_C,2026-01-08
TXN0005576145,APP008,2025-06-12,reversed,823269.6,USD,AMER,CP0082,BOND,TDR0190,BOOK_A,2026-03-23
TXN0008405927,APP005,2025-12-26,settled,206937.8,USD,APAC,CP0212,EQUITY,TDR0036,BOOK_A,2026-03-23
TXN0008227234,APP007,2026-03-10,active,942993.67,AUD,APAC,CP0322,BOND,TDR0095,BOOK_D,2025-03-20
TXN0006378264,APP007,2025-06-07,reversed,504014.43,CHF,AMER,CP0500,BOND,TDR0010,BOOK_C,2025-05-16
TXN0002312470,APP009,2025-04-03,pending,190547.72,USD,EMEA,CP0408,FUTURE,TDR0183,BOOK_B,2025-01-24
TXN0005138790,APP012,2025-10-18,pending,697551.88,EUR,LATAM,CP0127,SWAP,TDR0020,BOOK_D,2026-01-24
TXN0009229484,APP020,2025-10-02,reversed,528712.38,USD,LATAM,CP0286,SWAP,TDR0164,BOOK_B,2025-12-26
TXN0009159529,APP001,2025-12-20,active,576574.73,AUD,LATAM,CP0458,FX,TDR0080,BOOK_C,2025-09-19
TXN0005039442,APP019,2026-01-03,settled,803991.56,CHF,EMEA,CP0350,FUTURE,TDR0111,BOOK_A,2025-03-07
TXN0003734171,APP003,2025-09-06,failed,175545.98,USD,APAC,CP0174,FUTURE,TDR0146,BOOK_D,2025-09-01
TXN0006388351,APP017,2025-09-07,reversed,556253.24,GBP,LATAM,CP0342,FUTURE,TDR0138,BOOK_B,2025-12-26
TXN0008782124,APP007,2025-03-31,reversed,533356.87,GBP,AMER,CP0391,FUTURE,TDR0048,BOOK_D,2026-01-21
TXN0002355774,APP020,2026-02-17,active,640318.75,USD,AMER,CP0182,SWAP,TDR0017,BOOK_D,2026-02-23
TXN0007730782,APP017,2025-12-12,failed,22493.73,AUD,LATAM,CP0139,BOND,TDR0105,BOOK_D,2025-06-06
TXN0006402619,APP014,2026-02-21,settled,75157.48,JPY,AMER,CP0031,FX,TDR0066,BOOK_B,2025-12-06
TXN0001208481,APP015,2025-09-05,pending,506215.67,JPY,AMER,CP0256,SWAP,TDR0124,BOOK_A,2025-01-16
TXN0009912875,APP011,2025-12-26,active,233882.46,AUD,AMER,CP0137,FUTURE,TDR0020,BOOK_D,2025-10-03
TXN0003607140,APP009,2025-04-03,failed,315699.82,CHF,LATAM,CP0122,FX,TDR0199,BOOK_B,2026-01-28
TXN0000602082,APP020,2025-03-01,settled,869933.7,EUR,EMEA,CP0269,FUTURE,TDR0024,BOOK_C,2025-11-04
TXN0008397740,APP013,2026-03-11,active,337898.24,CHF,LATAM,CP0295,SWAP,TDR0172,BOOK_B,2025-09-28
TXN0001387873,APP014,2025-10-20,failed,805940.74,AUD,LATAM,CP0132,EQUITY,TDR0171,BOOK_A,2025-02-05
TXN0000454322,APP020,2025-09-25,active,762945.81,GBP,AMER,CP0191,OPTION,TDR0155,BOOK_A,2025-10-12
TXN0007567153,APP004,2025-06-28,failed,302718.27,AUD,AMER,CP0218,OPTION,TDR0179,BOOK_C,2025-11-09
TXN0005768773,APP005,2026-04-08,failed,768099.23,USD,EMEA,CP0258,SWAP,TDR0106,BOOK_A,2025-03-12
TXN0004396754,APP002,2025-03-13,reversed,995007.35,AUD,AMER,CP0027,OPTION,TDR0030,BOOK_A,2025-07-27
TXN0008642944,APP001,2025-02-13,failed,809828.35,GBP,APAC,CP0450,FX,TDR0060,BOOK_B,2025-05-15
TXN0004164810,APP015,2026-03-08,settled,364923.25,AUD,AMER,CP0058,OPTION,TDR0190,BOOK_B,2025-06-23
TXN0007780787,APP011,2025-02-05,settled,315181.94,EUR,AMER,CP0223,EQUITY,TDR0124,BOOK_B,2025-10-29
TXN0009748767,APP005,2025-05-30,failed,678868.9,GBP,AMER,CP0273,OPTION,TDR0188,BOOK_B,2026-04-10
TXN0007067382,APP020,2026-01-13,active,574260.8,EUR,LATAM,CP0106,EQUITY,TDR0064,BOOK_C,2025-02-23
TXN0004736508,APP003,2025-02-24,pending,229382.18,AUD,EMEA,CP0351,EQUITY,TDR0110,BOOK_D,2025-09-24
TXN0007548355,APP011,2026-02-08,settled,107860.8,CHF,LATAM,CP0195,FX,TDR0189,BOOK_D,2025-11-26
TXN0004998783,APP008,2025-06-06,active,316203.6,CHF,EMEA,CP0215,FX,TDR0187,BOOK_D,2025-05-05
TXN0006699969,APP019,2026-02-21,settled,214891.52,EUR,LATAM,CP0290,FX,TDR0134,BOOK_D,2025-07-01
TXN0000884965,APP006,2025-08-10,failed,485900.4,JPY,EMEA,CP0120,BOND,TDR0094,BOOK_B,2026-03-03
TXN0003424034,APP004,2025-12-03,active,252539.82,JPY,APAC,CP0180,FUTURE,TDR0185,BOOK_A,2025-03-25
TXN0004584316,APP008,2026-03-10,settled,573167.09,EUR,APAC,CP0018,BOND,TDR0100,BOOK_C,2025-11-03
TXN0000213611,APP017,2025-11-13,reversed,532186.81,JPY,EMEA,CP0081,OPTION,TDR0085,BOOK_C,2025-12-04
TXN0009742557,APP013,2026-03-23,reversed,639201.01,EUR,LATAM,CP0364,BOND,TDR0190,BOOK_B,2025-07-06
TXN0004846661,APP003,2026-02-13,active,256877.86,CHF,AMER,CP0383,BOND,TDR0093,BOOK_B,2026-04-01
TXN0006388023,APP007,2025-12-20,settled,322980.72,AUD,APAC,CP0347,FUTURE,TDR0109,BOOK_D,2025-05-21
TXN0008119170,APP019,2025-03-06,active,352395.42,CHF,AMER,CP0125,EQUITY,TDR0017,BOOK_B,2025-10-21
TXN0004379614,APP001,2025-11-16,pending,961941.05,CHF,EMEA,CP0428,EQUITY,TDR0108,BOOK_C,2025-06-04
TXN0007978058,APP020,2026-04-12,settled,324761.88,GBP,APAC,CP0326,SWAP,TDR0018,BOOK_C,2025-03-21
TXN0005443428,APP016,2025-07-11,settled,566307.91,AUD,LATAM,CP0429,EQUITY,TDR0059,BOOK_B,2026-01-05
TXN0007880820,APP005,2026-02-09,pending,289087.79,JPY,AMER,CP0171,FX,TDR0187,BOOK_B,2025-10-17
TXN0006137880,APP003,2025-04-25,pending,528015.64,JPY,EMEA,CP0333,BOND,TDR0020,BOOK_D,2025-09-14
TXN0000733296,APP001,2025-01-03,failed,325296.5,GBP,AMER,CP0011,SWAP,TDR0096,BOOK_A,2025-08-27
TXN0003880926,APP014,2025-04-20,failed,793472.89,EUR,EMEA,CP0093,EQUITY,TDR0129,BOOK_A,2026-03-25
TXN0003985310,APP005,2025-09-26,failed,652597.55,USD,LATAM,CP0244,FX,TDR0087,BOOK_C,2025-05-15
TXN0001987376,APP002,2025-10-20,failed,273893.83,JPY,APAC,CP0438,FUTURE,TDR0161,BOOK_B,2025-05-17
TXN0004493950,APP006,2025-05-25,pending,504964.15,CHF,AMER,CP0306,FUTURE,TDR0063,BOOK_B,2026-03-30
TXN0004921351,APP019,2025-12-16,failed,693060.04,JPY,APAC,CP0468,FX,TDR0184,BOOK_D,2025-07-04
TXN0007603970,APP001,2026-01-24,active,471347.48,EUR,APAC,CP0437,FX,TDR0090,BOOK_A,2025-12-16
TXN0002908844,APP009,2025-12-05,reversed,682583.02,EUR,LATAM,CP0127,OPTION,TDR0162,BOOK_A,2025-09-14
TXN0002614683,APP009,2025-11-09,pending,202985.18,EUR,APAC,CP0174,SWAP,TDR0143,BOOK_C,2025-09-10
TXN0002527426,APP018,2026-02-28,reversed,506622.97,AUD,EMEA,CP0425,SWAP,TDR0054,BOOK_D,2025-11-03
TXN0003073785,APP019,2025-07-05,pending,786478.26,GBP,APAC,CP0062,FUTURE,TDR0106,BOOK_D,2026-03-31
TXN0008538365,APP020,2025-09-18,reversed,434082.68,USD,LATAM,CP0311,OPTION,TDR0165,BOOK_D,2026-03-24
TXN0007577791,APP008,2025-04-11,active,178404.71,EUR,APAC,CP0376,OPTION,TDR0088,BOOK_B,2026-04-10
TXN0003120129,APP012,2025-12-14,reversed,890021.5,AUD,EMEA,CP0082,FUTURE,TDR0170,BOOK_C,2026-01-11
TXN0007291225,APP012,2025-05-05,pending,7330.27,GBP,LATAM,CP0426,EQUITY,TDR0005,BOOK_C,2026-03-20
TXN0008930937,APP014,2025-07-03,settled,398044.54,CHF,AMER,CP0040,BOND,TDR0180,BOOK_A,2025-06-17
TXN0001750010,APP001,2025-05-24,failed,118850.83,USD,AMER,CP0253,BOND,TDR0174,BOOK_A,2025-12-27
TXN0003471690,APP006,2025-11-16,active,907752.85,JPY,APAC,CP0368,OPTION,TDR0200,BOOK_D,2025-08-13
TXN0003472061,APP020,2025-03-23,reversed,883513.77,GBP,LATAM,CP0304,EQUITY,TDR0192,BOOK_B,2025-11-07
TXN0005387145,APP004,2025-07-11,failed,804169.61,USD,EMEA,CP0158,FUTURE,TDR0074,BOOK_B,2025-07-18
TXN0000752814,APP010,2025-06-21,settled,143479.67,EUR,AMER,CP0077,EQUITY,TDR0088,BOOK_D,2025-07-29
TXN0009708747,APP010,2025-07-16,failed,919785.81,CHF,EMEA,CP0150,SWAP,TDR0132,BOOK_B,2025-01-05
TXN0001226231,APP013,2026-03-11,failed,88852.87,EUR,LATAM,CP0373,EQUITY,TDR0030,BOOK_B,2025-12-11
TXN0006960224,APP004,2025-04-17,reversed,433094.17,GBP,APAC,CP0063,OPTION,TDR0014,BOOK_C,2025-03-31
TXN0007525314,APP017,2025-04-19,settled,648793.33,JPY,LATAM,CP0011,SWAP,TDR0050,BOOK_B,2025-03-24
TXN0008787214,APP017,2026-01-19,settled,923983.66,CHF,APAC,CP0281,OPTION,TDR0041,BOOK_B,2026-02-11
TXN0006182077,APP016,2025-02-22,pending,854215.51,EUR,AMER,CP0243,OPTION,TDR0147,BOOK_B,2025-11-30
TXN0008002862,APP012,2025-02-06,pending,740085.2,JPY,LATAM,CP0281,SWAP,TDR0197,BOOK_A,2025-05-07
TXN0002655834,APP012,2026-03-15,settled,771497.8,AUD,APAC,CP0073,SWAP,TDR0179,BOOK_D,2025-04-25
TXN0000952954,APP002,2025-02-26,active,467231.6,JPY,EMEA,CP0185,BOND,TDR0057,BOOK_C,2025-04-20
TXN0005650735,APP016,2025-10-23,reversed,100905.45,AUD,LATAM,CP0037,OPTION,TDR0093,BOOK_B,2025-05-04
TXN0003488858,APP014,2025-09-14,settled,121472.22,USD,AMER,CP0293,FUTURE,TDR0125,BOOK_A,2025-12-27
TXN0008641993,APP020,2025-09-06,settled,977872.5,USD,LATAM,CP0087,OPTION,TDR0133,BOOK_D,2025-01-08
TXN0002137035,APP002,2026-03-28,active,181338.14,GBP,APAC,CP0095,EQUITY,TDR0122,BOOK_A,2025-04-14
TXN0000318496,APP006,2026-01-17,active,286510.79,GBP,AMER,CP0100,FX,TDR0156,BOOK_C,2025-02-09
TXN0008811575,APP018,2026-01-18,pending,123178.15,EUR,LATAM,CP0071,OPTION,TDR0033,BOOK_A,2025-08-13
TXN0000903648,APP003,2025-06-19,reversed,361601.31,JPY,LATAM,CP0339,OPTION,TDR0066,BOOK_A,2026-04-05
TXN0008358330,APP007,2025-01-23,failed,75522.66,JPY,EMEA,CP0468,OPTION,TDR0064,BOOK_C,2026-03-09
TXN0002449918,APP002,2025-05-02,reversed,2166.78,GBP,EMEA,CP0141,FUTURE,TDR0060,BOOK_C,2025-06-18
TXN0007869934,APP016,2025-10-22,pending,420356.57,EUR,LATAM,CP0232,EQUITY,TDR0169,BOOK_C,2025-09-24
TXN0003876167,APP015,2025-03-09,pending,56056.81,GBP,LATAM,CP0345,EQUITY,TDR0024,BOOK_B,2025-08-04
TXN0003567684,APP017,2025-05-13,reversed,332844.62,CHF,LATAM,CP0293,OPTION,TDR0050,BOOK_C,2025-02-21
TXN0005018732,APP019,2025-10-04,pending,899996.81,EUR,AMER,CP0014,FUTURE,TDR0111,BOOK_A,2025-04-17
TXN0009522254,APP014,2025-08-21,active,989831.59,USD,AMER,CP0071,SWAP,TDR0146,BOOK_D,2025-08-04
TXN0001514022,APP018,2025-11-07,active,226586.41,CHF,EMEA,CP0337,BOND,TDR0162,BOOK_C,2025-06-13
TXN0005931321,APP017,2025-10-05,active,870654.0,AUD,APAC,CP0125,FUTURE,TDR0128,BOOK_C,2025-08-06
TXN0002798841,APP004,2025-12-01,settled,704075.42,GBP,LATAM,CP0206,OPTION,TDR0108,BOOK_C,2025-01-08
TXN0000392156,APP007,2026-03-15,pending,755064.96,CHF,LATAM,CP0447,EQUITY,TDR0017,BOOK_D,2025-11-26
TXN0003431720,APP006,2026-03-24,settled,656368.15,EUR,EMEA,CP0201,BOND,TDR0035,BOOK_B,2025-12-08
TXN0002600308,APP018,2025-07-15,pending,624955.84,EUR,LATAM,CP0179,SWAP,TDR0023,BOOK_A,2025-09-24
TXN0006952841,APP019,2026-03-22,pending,925465.69,USD,APAC,CP0314,FUTURE,TDR0134,BOOK_D,2025-02-02
TXN0004088855,APP005,2025-05-08,reversed,329905.58,USD,LATAM,CP0325,OPTION,TDR0026,BOOK_B,2025-08-07
TXN0009115871,APP018,2025-10-13,reversed,660831.49,JPY,EMEA,CP0307,OPTION,TDR0144,BOOK_A,2025-02-27
TXN0009111798,APP014,2025-01-29,pending,738436.63,GBP,LATAM,CP0137,SWAP,TDR0053,BOOK_D,2025-02-26
TXN0003117897,APP004,2025-01-07,pending,410901.37,JPY,EMEA,CP0341,FUTURE,TDR0102,BOOK_A,2025-06-04
TXN0000000771,APP001,2026-01-18,reversed,543923.7,CHF,APAC,CP0139,SWAP,TDR0022,BOOK_B,2025-05-14
TXN0006489018,APP020,2026-01-20,active,270750.73,AUD,EMEA,CP0221,EQUITY,TDR0158,BOOK_C,2025-01-10
TXN0001189107,APP012,2025-07-15,pending,489704.36,AUD,LATAM,CP0271,OPTION,TDR0091,BOOK_D,2025-08-01
TXN0008935292,APP009,2025-03-18,active,488396.79,GBP,LATAM,CP0257,FUTURE,TDR0051,BOOK_D,2025-10-09
TXN0001779860,APP019,2026-04-14,failed,523939.11,AUD,EMEA,CP0045,FUTURE,TDR0031,BOOK_A,2026-02-19
TXN0006884927,APP004,2025-09-07,reversed,541663.4,USD,APAC,CP0237,FUTURE,TDR0195,BOOK_D,2025-01-05
TXN0004905476,APP016,2025-03-15,pending,925082.03,USD,EMEA,CP0206,FUTURE,TDR0113,BOOK_C,2025-11-21
TXN0003467811,APP015,2025-07-23,pending,504615.06,USD,AMER,CP0121,FX,TDR0080,BOOK_B,2025-07-31
TXN0005044082,APP003,2025-07-17,pending,697344.46,CHF,LATAM,CP0317,BOND,TDR0019,BOOK_A,2025-06-01
TXN0007862693,APP020,2025-10-03,pending,124538.1,GBP,APAC,CP0237,OPTION,TDR0046,BOOK_C,2025-06-21
TXN0009756534,APP016,2025-12-23,settled,339410.01,USD,APAC,CP0307,FX,TDR0184,BOOK_A,2025-09-20
TXN0008845552,APP009,2025-08-01,pending,976216.42,JPY,APAC,CP0212,FUTURE,TDR0145,BOOK_B,2025-09-23
TXN0001205094,APP019,2026-03-23,pending,966134.41,AUD,APAC,CP0312,FX,TDR0194,BOOK_C,2025-02-20
TXN0003405883,APP018,2025-03-15,pending,565775.69,USD,APAC,CP0096,EQUITY,TDR0047,BOOK_A,2026-04-01
TXN0002214853,APP014,2025-05-28,pending,277367.03,EUR,APAC,CP0435,SWAP,TDR0087,BOOK_B,2026-04-04
TXN0000916531,APP012,2025-05-16,active,718619.4,CHF,APAC,CP0197,BOND,TDR0190,BOOK_C,2026-01-04
TXN0004871595,APP008,2025-11-13,failed,46565.07,GBP,APAC,CP0287,FX,TDR0047,BOOK_A,2025-06-25
TXN0003073562,APP003,2025-04-29,active,458816.11,EUR,EMEA,CP0348,BOND,TDR0169,BOOK_B,2025-01-29
TXN0006386940,APP015,2025-09-11,failed,756396.19,CHF,APAC,CP0023,OPTION,TDR0079,BOOK_D,2025-07-08
TXN0006512386,APP019,2025-04-22,settled,973551.65,USD,APAC,CP0359,OPTION,TDR0116,BOOK_C,2025-02-10
TXN0005420383,APP017,2025-10-16,failed,212121.44,EUR,LATAM,CP0397,EQUITY,TDR0139,BOOK_A,2025-08-19
TXN0003636373,APP013,2026-02-19,pending,145533.21,AUD,APAC,CP0439,SWAP,TDR0174,BOOK_D,2025-06-03
TXN0000684290,APP003,2025-04-23,pending,380797.52,AUD,APAC,CP0163,BOND,TDR0042,BOOK_C,2026-01-22
TXN0000758715,APP018,2025-10-26,pending,711523.61,AUD,EMEA,CP0199,FX,TDR0061,BOOK_B,2025-07-21
TXN0006473014,APP008,2025-12-09,pending,127191.74,CHF,EMEA,CP0436,BOND,TDR0171,BOOK_A,2025-05-12
TXN0001797221,APP005,2025-01-11,failed,553650.42,CHF,LATAM,CP0381,OPTION,TDR0163,BOOK_A,2025-09-07
TXN0005075605,APP018,2025-12-11,failed,968654.68,USD,EMEA,CP0085,EQUITY,TDR0118,BOOK_B,2025-12-31
TXN0002680256,APP014,2025-05-01,failed,390306.98,GBP,AMER,CP0343,FX,TDR0002,BOOK_A,2026-03-04
TXN0008246020,APP007,2025-10-06,pending,38201.99,JPY,AMER,CP0372,FUTURE,TDR0128,BOOK_D,2025-12-05
TXN0006652119,APP008,2025-02-24,active,298054.76,GBP,AMER,CP0005,SWAP,TDR0174,BOOK_C,2025-12-07
TXN0000184293,APP018,2026-01-19,pending,720779.28,EUR,EMEA,CP0463,EQUITY,TDR0068,BOOK_D,2025-12-14
TXN0000932426,APP015,2025-02-27,reversed,36806.66,USD,APAC,CP0431,BOND,TDR0113,BOOK_A,2025-07-28
TXN0006673366,APP009,2025-05-01,active,707847.53,USD,LATAM,CP0105,BOND,TDR0188,BOOK_C,2025-05-25
TXN0006432469,APP019,2025-05-09,failed,187776.99,EUR,LATAM,CP0037,SWAP,TDR0082,BOOK_D,2025-06-14
TXN0008443080,APP009,2025-08-07,reversed,348881.57,JPY,LATAM,CP0162,EQUITY,TDR0149,BOOK_C,2025-04-02
TXN0000878377,APP009,2025-11-13,reversed,76999.77,GBP,APAC,CP0217,FX,TDR0133,BOOK_C,2025-04-05
TXN0002626742,APP010,2025-05-03,settled,181818.55,EUR,APAC,CP0197,FX,TDR0145,BOOK_D,2025-01-01
TXN0006270627,APP001,2026-01-18,settled,757384.12,GBP,EMEA,CP0331,FX,TDR0078,BOOK_D,2025-05-20
TXN0000722130,APP008,2025-10-02,reversed,920372.18,GBP,EMEA,CP0064,BOND,TDR0068,BOOK_A,2025-12-14
TXN0006702403,APP013,2025-08-21,active,953357.88,GBP,APAC,CP0243,SWAP,TDR0198,BOOK_A,2025-10-21
TXN0005259603,APP012,2025-02-25,reversed,119643.23,JPY,AMER,CP0053,OPTION,TDR0183,BOOK_A,2025-03-06
TXN0007455651,APP002,2025-08-31,pending,727919.98,CHF,LATAM,CP0476,OPTION,TDR0020,BOOK_A,2025-02-21
TXN0007744059,APP005,2025-01-11,pending,673735.86,JPY,LATAM,CP0272,FX,TDR0056,BOOK_A,2025-12-07
TXN0008564099,APP019,2025-07-07,active,643852.0,JPY,APAC,CP0291,SWAP,TDR0157,BOOK_B,2025-09-12
TXN0003435854,APP017,2025-01-18,pending,487762.29,EUR,EMEA,CP0147,SWAP,TDR0176,BOOK_C,2025-03-14
TXN0002668984,APP010,2025-11-04,failed,973558.1,AUD,APAC,CP0267,EQUITY,TDR0144,BOOK_B,2025-08-19
TXN0009983411,APP012,2025-04-09,active,919761.2,CHF,AMER,CP0107,OPTION,TDR0014,BOOK_B,2025-07-21
TXN0001419361,APP015,2025-09-20,failed,950299.05,EUR,AMER,CP0284,FUTURE,TDR0140,BOOK_A,2025-06-26
TXN0006042645,APP004,2026-04-11,active,374087.49,GBP,AMER,CP0123,FX,TDR0049,BOOK_C,2025-12-24
TXN0008375040,APP001,2025-09-22,pending,230848.68,EUR,APAC,CP0370,BOND,TDR0019,BOOK_D,2025-11-12
TXN0006206219,APP012,2025-02-26,active,130565.5,AUD,LATAM,CP0107,EQUITY,TDR0056,BOOK_C,2025-03-22
TXN0007250141,APP005,2025-08-21,settled,704779.01,JPY,AMER,CP0109,SWAP,TDR0131,BOOK_D,2025-05-23
TXN0002219041,APP005,2025-01-13,reversed,753984.47,GBP,LATAM,CP0432,BOND,TDR0135,BOOK_A,2025-02-27
TXN0007304617,APP003,2025-08-03,reversed,681912.01,CHF,AMER,CP0026,EQUITY,TDR0114,BOOK_A,2026-03-01
TXN0009954558,APP002,2025-03-23,settled,191151.31,USD,APAC,CP0128,SWAP,TDR0105,BOOK_B,2026-01-20
TXN0007251612,APP006,2025-10-24,failed,386810.64,CHF,LATAM,CP0242,OPTION,TDR0058,BOOK_B,2026-04-07
TXN0003550303,APP018,2025-06-23,active,947452.58,EUR,APAC,CP0157,SWAP,TDR0171,BOOK_C,2025-06-10
TXN0003044948,APP020,2025-09-26,failed,906558.31,GBP,APAC,CP0368,FX,TDR0141,BOOK_C,2025-10-20
TXN0001296012,APP013,2025-07-28,reversed,378796.03,JPY,AMER,CP0482,FUTURE,TDR0141,BOOK_A,2025-01-13
TXN0001820705,APP015,2025-10-29,pending,713088.58,JPY,APAC,CP0117,OPTION,TDR0081,BOOK_B,2025-05-05
TXN0007677402,APP010,2025-05-14,settled,505350.12,AUD,APAC,CP0190,EQUITY,TDR0010,BOOK_A,2025-07-27
TXN0009546256,APP003,2025-04-28,failed,196466.85,EUR,APAC,CP0267,OPTION,TDR0033,BOOK_A,2026-04-02
TXN0008594765,APP001,2026-01-30,pending,165327.13,EUR,AMER,CP0402,EQUITY,TDR0200,BOOK_C,2025-04-01
TXN0009674867,APP015,2025-06-22,settled,955050.31,USD,EMEA,CP0238,BOND,TDR0176,BOOK_A,2025-10-16
TXN0004488552,APP014,2026-01-12,pending,491295.07,EUR,APAC,CP0066,EQUITY,TDR0111,BOOK_C,2026-03-19
TXN0006532633,APP013,2025-09-26,reversed,333350.85,CHF,AMER,CP0225,FUTURE,TDR0159,BOOK_C,2025-09-20
TXN0002739398,APP014,2025-07-30,reversed,195889.35,CHF,EMEA,CP0276,BOND,TDR0152,BOOK_A,2025-04-04
TXN0009262659,APP014,2026-04-07,failed,577864.96,JPY,EMEA,CP0418,BOND,TDR0052,BOOK_D,2025-01-14
TXN0007621056,APP007,2025-05-13,active,477435.72,JPY,AMER,CP0050,BOND,TDR0039,BOOK_B,2025-01-05
TXN0002598993,APP012,2025-11-07,failed,955266.91,CHF,APAC,CP0392,EQUITY,TDR0068,BOOK_A,2025-08-24
TXN0008374031,APP011,2025-07-09,settled,604964.3,USD,AMER,CP0328,SWAP,TDR0008,BOOK_C,2025-05-16
TXN0001184138,APP013,2026-02-03,reversed,686852.83,USD,AMER,CP0090,FUTURE,TDR0174,BOOK_B,2025-01-12
TXN0009794401,APP016,2025-10-25,active,285538.03,USD,AMER,CP0394,SWAP,TDR0184,BOOK_D,2026-03-02
TXN0003149867,APP009,2025-06-27,active,220913.48,GBP,APAC,CP0349,BOND,TDR0141,BOOK_C,2025-04-21
TXN0001799813,APP019,2026-02-15,failed,560755.66,EUR,LATAM,CP0258,EQUITY,TDR0179,BOOK_B,2025-10-12
TXN0008733025,APP015,2025-04-17,active,480045.77,GBP,EMEA,CP0045,BOND,TDR0055,BOOK_C,2026-02-23
TXN0000700501,APP006,2025-03-13,active,94249.34,JPY,LATAM,CP0254,SWAP,TDR0080,BOOK_C,2026-03-31
TXN0003282327,APP009,2025-08-07,reversed,437262.16,JPY,LATAM,CP0409,FUTURE,TDR0111,BOOK_A,2026-02-04
TXN0001410949,APP020,2025-09-02,active,798601.11,JPY,LATAM,CP0444,FX,TDR0126,BOOK_A,2025-04-17
TXN0004378011,APP020,2025-04-02,settled,846837.19,CHF,EMEA,CP0425,FUTURE,TDR0100,BOOK_A,2025-12-08
TXN0008582219,APP015,2025-10-03,settled,299300.39,JPY,APAC,CP0056,FUTURE,TDR0017,BOOK_A,2025-03-30
TXN0007948919,APP018,2026-01-16,reversed,675822.01,AUD,APAC,CP0131,EQUITY,TDR0198,BOOK_B,2025-11-15
TXN0009589937,APP013,2026-01-18,reversed,47363.42,USD,LATAM,CP0221,FUTURE,TDR0090,BOOK_B,2025-03-11
TXN0000356128,APP017,2025-08-23,failed,370699.88,USD,LATAM,CP0217,FX,TDR0037,BOOK_C,2025-09-22
TXN0009058119,APP013,2025-01-22,reversed,109147.91,JPY,LATAM,CP0330,OPTION,TDR0075,BOOK_D,2025-09-27
TXN0002957282,APP012,2026-04-13,settled,736124.49,JPY,APAC,CP0214,EQUITY,TDR0013,BOOK_A,2026-03-08
TXN0000709079,APP008,2025-07-21,reversed,264812.09,CHF,EMEA,CP0240,BOND,TDR0151,BOOK_D,2025-12-16
TXN0001597707,APP013,2025-11-06,active,704946.13,JPY,LATAM,CP0115,EQUITY,TDR0152,BOOK_C,2025-11-21
TXN0007165346,APP017,2025-03-14,active,218910.31,USD,EMEA,CP0080,BOND,TDR0138,BOOK_C,2025-10-21
TXN0004612751,APP018,2025-09-16,reversed,883356.25,GBP,LATAM,CP0457,FX,TDR0056,BOOK_D,2025-01-13
TXN0001591537,APP011,2026-02-14,active,405803.91,CHF,EMEA,CP0386,FUTURE,TDR0066,BOOK_B,2025-03-08
TXN0008502699,APP016,2026-01-10,reversed,123459.47,JPY,AMER,CP0189,EQUITY,TDR0055,BOOK_C,2026-01-20
TXN0002054501,APP008,2025-10-13,active,626094.77,CHF,LATAM,CP0210,FX,TDR0186,BOOK_C,2025-07-15
TXN0009022088,APP014,2025-03-19,pending,523228.19,EUR,AMER,CP0098,BOND,TDR0022,BOOK_C,2026-01-10
TXN0003485635,APP005,2025-04-18,settled,612317.64,JPY,EMEA,CP0179,OPTION,TDR0011,BOOK_D,2026-02-21
TXN0002628678,APP009,2025-05-31,failed,325226.3,EUR,AMER,CP0150,SWAP,TDR0016,BOOK_C,2025-08-14
TXN0006712926,APP017,2026-03-15,failed,310837.98,EUR,AMER,CP0468,SWAP,TDR0065,BOOK_C,2026-03-29
TXN0006189577,APP005,2025-05-22,pending,544499.72,GBP,LATAM,CP0162,BOND,TDR0035,BOOK_B,2025-08-12
TXN0006066476,APP012,2026-03-07,failed,86191.0,USD,LATAM,CP0371,BOND,TDR0142,BOOK_C,2025-04-01
TXN0009875609,APP011,2025-04-02,active,763540.53,JPY,APAC,CP0273,OPTION,TDR0103,BOOK_A,2025-02-23
TXN0007984385,APP007,2026-03-06,failed,119292.53,EUR,EMEA,CP0099,SWAP,TDR0170,BOOK_C,2026-01-15
TXN0004340262,APP020,2025-06-13,failed,374580.76,JPY,APAC,CP0343,EQUITY,TDR0107,BOOK_D,2025-03-01
TXN0007559483,APP015,2025-05-11,active,225784.18,CHF,APAC,CP0234,FX,TDR0025,BOOK_D,2025-05-12
TXN0005551780,APP001,2025-10-07,pending,72024.05,USD,EMEA,CP0179,BOND,TDR0009,BOOK_B,2025-05-11
TXN0009254262,APP020,2025-06-11,settled,285589.41,USD,AMER,CP0495,SWAP,TDR0094,BOOK_C,2026-02-13
TXN0006238607,APP004,2026-01-13,settled,983441.0,CHF,AMER,CP0221,BOND,TDR0055,BOOK_C,2025-05-27
TXN0005509116,APP003,2025-09-09,pending,214625.71,USD,AMER,CP0374,OPTION,TDR0015,BOOK_D,2026-04-12
TXN0009746317,APP012,2025-06-17,pending,972583.71,JPY,EMEA,CP0231,OPTION,TDR0196,BOOK_A,2025-09-19
TXN0006452623,APP002,2025-03-18,active,638303.56,GBP,LATAM,CP0057,SWAP,TDR0166,BOOK_A,2025-02-11
TXN0003820825,APP017,2025-08-17,failed,300487.2,USD,AMER,CP0364,FX,TDR0166,BOOK_B,2025-01-02
TXN0003204024,APP017,2026-01-22,settled,68996.3,JPY,APAC,CP0487,EQUITY,TDR0096,BOOK_A,2025-09-24
TXN0008113884,APP018,2025-04-26,reversed,979341.82,GBP,AMER,CP0360,BOND,TDR0022,BOOK_B,2025-01-25
TXN0008126466,APP015,2025-02-23,pending,418977.98,AUD,APAC,CP0221,FX,TDR0092,BOOK_B,2025-09-03
TXN0009885175,APP016,2025-03-05,reversed,549977.39,CHF,AMER,CP0271,EQUITY,TDR0075,BOOK_C,2025-04-30
TXN0009888206,APP007,2025-04-15,failed,898770.84,GBP,APAC,CP0047,BOND,TDR0064,BOOK_A,2025-02-03
TXN0003646171,APP014,2026-02-01,pending,842278.75,AUD,EMEA,CP0480,EQUITY,TDR0196,BOOK_A,2026-02-21
TXN0006936834,APP013,2025-06-25,pending,442703.42,AUD,EMEA,CP0179,FX,TDR0074,BOOK_A,2025-03-01
TXN0004080912,APP002,2025-10-24,active,700330.51,JPY,AMER,CP0481,FX,TDR0078,BOOK_C,2026-02-23
TXN0002655597,APP008,2025-06-28,reversed,64213.86,JPY,AMER,CP0370,BOND,TDR0005,BOOK_A,2025-07-24
TXN0003398656,APP005,2025-02-04,reversed,459030.42,CHF,AMER,CP0454,FX,TDR0113,BOOK_C,2025-05-13
TXN0005237227,APP014,2026-04-03,settled,723981.91,AUD,LATAM,CP0452,FUTURE,TDR0191,BOOK_D,2025-11-25
TXN0004305563,APP001,2026-02-26,pending,494822.25,GBP,EMEA,CP0437,FUTURE,TDR0038,BOOK_D,2025-06-20
TXN0003249329,APP014,2025-02-25,reversed,2008.31,JPY,LATAM,CP0230,BOND,TDR0118,BOOK_A,2025-03-12
TXN0001597187,APP007,2026-01-24,active,168703.13,JPY,LATAM,CP0458,FUTURE,TDR0187,BOOK_B,2026-01-26
TXN0005918466,APP002,2025-01-08,active,395286.53,CHF,APAC,CP0008,SWAP,TDR0195,BOOK_A,2026-01-16
TXN0008862367,APP003,2025-04-14,settled,582079.73,JPY,LATAM,CP0407,EQUITY,TDR0132,BOOK_D,2025-12-10
TXN0008889453,APP018,2026-02-24,settled,76178.35,USD,APAC,CP0448,OPTION,TDR0084,BOOK_C,2025-09-10
TXN0001310040,APP008,2025-03-19,pending,62937.71,AUD,APAC,CP0418,SWAP,TDR0136,BOOK_A,2025-01-08
TXN0009096299,APP020,2025-07-18,reversed,65217.44,GBP,LATAM,CP0258,SWAP,TDR0039,BOOK_C,2025-05-26
TXN0008482603,APP017,2026-01-14,settled,450641.26,AUD,LATAM,CP0103,BOND,TDR0099,BOOK_C,2025-11-26
TXN0007079567,APP018,2025-07-09,settled,148160.17,USD,APAC,CP0325,SWAP,TDR0174,BOOK_C,2025-08-27
TXN0005544133,APP008,2025-07-19,pending,776235.8,CHF,AMER,CP0361,SWAP,TDR0028,BOOK_A,2025-10-07
TXN0007826350,APP002,2025-04-06,reversed,954203.49,GBP,AMER,CP0386,FUTURE,TDR0078,BOOK_D,2025-08-11
TXN0005038593,APP013,2025-04-26,active,85238.13,CHF,LATAM,CP0091,FX,TDR0010,BOOK_D,2025-08-06
TXN0008224713,APP018,2025-08-24,failed,666132.69,JPY,APAC,CP0366,OPTION,TDR0158,BOOK_D,2025-11-29
TXN0006700468,APP016,2025-06-23,active,802924.07,USD,LATAM,CP0319,SWAP,TDR0198,BOOK_B,2025-12-13
TXN0009600965,APP006,2025-11-27,reversed,672815.96,USD,AMER,CP0007,FUTURE,TDR0030,BOOK_C,2026-02-03
TXN0000038244,APP020,2025-10-18,settled,909982.99,EUR,LATAM,CP0396,EQUITY,TDR0179,BOOK_C,2025-06-25
TXN0004661078,APP015,2025-01-02,pending,715291.99,JPY,APAC,CP0312,FUTURE,TDR0038,BOOK_C,2025-11-01
TXN0004700261,APP020,2025-06-09,reversed,78682.52,CHF,LATAM,CP0312,FX,TDR0070,BOOK_A,2026-03-22
TXN0005240612,APP007,2025-03-12,settled,562090.06,EUR,AMER,CP0292,OPTION,TDR0067,BOOK_C,2026-02-11
TXN0004705426,APP017,2025-08-16,settled,84922.27,AUD,EMEA,CP0399,FUTURE,TDR0041,BOOK_C,2025-04-09
TXN0005379915,APP013,2026-01-08,reversed,805146.63,EUR,AMER,CP0245,FUTURE,TDR0174,BOOK_D,2025-11-27
TXN0009105522,APP005,2026-04-08,pending,763515.08,EUR,AMER,CP0016,FUTURE,TDR0060,BOOK_C,2025-06-14
TXN0003338197,APP001,2025-07-07,active,972484.35,CHF,APAC,CP0328,BOND,TDR0093,BOOK_C,2025-10-11
TXN0009072439,APP001,2025-08-07,failed,91490.93,AUD,EMEA,CP0013,FX,TDR0087,BOOK_A,2025-09-25
TXN0002479779,APP019,2025-04-04,active,962937.43,GBP,LATAM,CP0031,OPTION,TDR0088,BOOK_A,2025-08-31
TXN0006319209,APP014,2025-04-11,reversed,580333.14,USD,LATAM,CP0351,EQUITY,TDR0074,BOOK_C,2025-08-25
TXN0007572097,APP013,2025-08-20,settled,989059.3,JPY,EMEA,CP0169,BOND,TDR0071,BOOK_B,2026-01-26
TXN0006384621,APP013,2025-04-08,active,347568.33,JPY,AMER,CP0174,FUTURE,TDR0162,BOOK_A,2025-08-23
TXN0004619665,APP007,2026-01-12,failed,729839.98,CHF,APAC,CP0256,BOND,TDR0193,BOOK_B,2026-01-07
TXN0000657818,APP014,2025-07-04,pending,432275.72,USD,APAC,CP0463,OPTION,TDR0139,BOOK_D,2025-06-09
TXN0005431901,APP019,2025-05-22,reversed,232606.26,JPY,APAC,CP0469,EQUITY,TDR0173,BOOK_C,2026-03-18
TXN0009364395,APP007,2025-02-28,pending,755858.66,GBP,APAC,CP0359,EQUITY,TDR0103,BOOK_A,2026-02-07
TXN0000036405,APP014,2025-07-09,reversed,474513.81,CHF,APAC,CP0416,BOND,TDR0199,BOOK_D,2025-10-03
TXN0004242843,APP001,2025-05-29,reversed,391078.48,GBP,EMEA,CP0096,BOND,TDR0051,BOOK_C,2026-02-27
TXN0000522734,APP003,2026-01-09,settled,447729.66,AUD,AMER,CP0110,EQUITY,TDR0167,BOOK_A,2026-03-15
TXN0001911971,APP016,2025-05-03,reversed,120210.57,AUD,APAC,CP0141,FUTURE,TDR0147,BOOK_B,2025-10-12
TXN0001615117,APP018,2025-03-25,reversed,694566.18,GBP,EMEA,CP0042,EQUITY,TDR0081,BOOK_D,2025-03-19
TXN0000386381,APP019,2025-08-27,pending,10507.4,GBP,APAC,CP0108,BOND,TDR0120,BOOK_C,2026-03-06
TXN0001485173,APP012,2025-05-18,reversed,325797.1,CHF,EMEA,CP0192,SWAP,TDR0193,BOOK_C,2025-10-21
TXN0003838340,APP019,2026-01-02,active,975410.21,EUR,EMEA,CP0372,BOND,TDR0147,BOOK_B,2025-10-16
TXN0002643522,APP005,2025-10-09,settled,788587.94,CHF,EMEA,CP0403,SWAP,TDR0102,BOOK_C,2025-03-08
TXN0008805160,APP016,2025-02-21,active,61235.64,USD,APAC,CP0243,FX,TDR0084,BOOK_C,2025-04-07
TXN0006412835,APP017,2025-10-17,reversed,199562.84,JPY,LATAM,CP0296,OPTION,TDR0189,BOOK_D,2025-05-31
TXN0009863857,APP012,2025-09-01,active,672266.14,USD,EMEA,CP0035,SWAP,TDR0090,BOOK_B,2025-06-18
TXN0003525702,APP017,2026-02-08,active,850309.94,GBP,LATAM,CP0346,BOND,TDR0121,BOOK_B,2025-07-26
TXN0000160867,APP004,2025-06-07,reversed,980954.18,AUD,APAC,CP0078,SWAP,TDR0067,BOOK_C,2026-03-06
TXN0000233589,APP012,2025-08-18,failed,509376.12,CHF,APAC,CP0173,FUTURE,TDR0027,BOOK_D,2025-02-09
TXN0006011629,APP017,2026-03-21,active,264170.3,GBP,AMER,CP0173,OPTION,TDR0183,BOOK_B,2026-03-24
TXN0003792620,APP011,2026-01-20,settled,527819.59,GBP,LATAM,CP0171,SWAP,TDR0062,BOOK_D,2026-03-07
TXN0008184947,APP016,2025-01-11,settled,859640.74,CHF,EMEA,CP0242,EQUITY,TDR0002,BOOK_A,2025-10-12
TXN0001270245,APP010,2025-05-18,active,406413.38,GBP,EMEA,CP0354,BOND,TDR0190,BOOK_A,2025-05-28
TXN0006460899,APP003,2025-10-04,active,196710.93,USD,APAC,CP0431,FUTURE,TDR0170,BOOK_D,2025-09-21
TXN0008248490,APP008,2025-05-02,failed,491524.39,AUD,EMEA,CP0149,BOND,TDR0013,BOOK_B,2026-02-10
TXN0002612949,APP005,2025-02-02,pending,115276.3,JPY,APAC,CP0477,EQUITY,TDR0096,BOOK_A,2025-04-20
TXN0008713094,APP005,2026-01-22,pending,906932.58,USD,EMEA,CP0185,FX,TDR0139,BOOK_C,2025-06-23
TXN0003794515,APP014,2025-02-13,failed,714028.19,JPY,EMEA,CP0268,EQUITY,TDR0008,BOOK_B,2025-03-01
TXN0005507929,APP002,2025-03-14,reversed,794552.63,AUD,AMER,CP0052,OPTION,TDR0044,BOOK_D,2025-11-30
TXN0003310377,APP007,2025-10-03,pending,391870.38,USD,LATAM,CP0071,BOND,TDR0057,BOOK_D,2026-03-18
TXN0003339104,APP006,2025-03-24,reversed,146198.02,EUR,AMER,CP0261,EQUITY,TDR0102,BOOK_A,2025-06-06
TXN0003038917,APP008,2025-03-07,active,843449.58,USD,APAC,CP0076,SWAP,TDR0047,BOOK_B,2025-01-07
TXN0004217568,APP007,2025-01-25,reversed,732792.51,USD,EMEA,CP0289,BOND,TDR0166,BOOK_A,2025-11-03
TXN0009637035,APP001,2025-06-07,settled,906353.47,JPY,APAC,CP0309,EQUITY,TDR0189,BOOK_A,2025-06-28
TXN0009260130,APP019,2025-05-29,reversed,570486.47,CHF,AMER,CP0266,BOND,TDR0199,BOOK_D,2025-07-20
TXN0006069642,APP012,2025-01-02,failed,501267.43,JPY,EMEA,CP0099,EQUITY,TDR0200,BOOK_D,2026-03-03
TXN0008364041,APP002,2025-12-16,failed,380028.2,AUD,LATAM,CP0264,FX,TDR0023,BOOK_A,2025-03-29
TXN0008008398,APP007,2025-01-02,reversed,886665.76,CHF,AMER,CP0319,FUTURE,TDR0032,BOOK_C,2026-01-10
TXN0003059260,APP012,2025-01-06,settled,382082.97,JPY,APAC,CP0477,EQUITY,TDR0011,BOOK_B,2025-10-26
TXN0009620108,APP019,2025-07-16,failed,174458.22,USD,LATAM,CP0464,BOND,TDR0158,BOOK_B,2025-05-30
TXN0009031623,APP002,2026-04-14,settled,305792.49,CHF,AMER,CP0484,SWAP,TDR0153,BOOK_C,2026-01-31
TXN0003753906,APP002,2025-08-15,failed,136018.28,AUD,APAC,CP0031,BOND,TDR0138,BOOK_C,2025-11-15
TXN0005050733,APP003,2025-12-17,settled,516622.28,CHF,AMER,CP0313,OPTION,TDR0043,BOOK_A,2026-01-30
TXN0000844200,APP012,2025-04-27,active,746845.29,USD,LATAM,CP0154,OPTION,TDR0100,BOOK_B,2025-07-08
TXN0006893271,APP012,2026-01-31,pending,606814.53,CHF,LATAM,CP0354,FX,TDR0155,BOOK_D,2025-01-01
TXN0004600552,APP002,2025-02-19,pending,700576.45,CHF,APAC,CP0207,FX,TDR0042,BOOK_B,2025-08-10
TXN0003917499,APP008,2025-05-03,failed,808941.98,USD,APAC,CP0405,EQUITY,TDR0082,BOOK_C,2025-12-02
TXN0005390099,APP016,2025-11-14,active,928853.32,USD,LATAM,CP0243,FUTURE,TDR0172,BOOK_B,2025-03-03
TXN0003739793,APP020,2025-06-02,failed,703129.41,AUD,APAC,CP0269,FUTURE,TDR0066,BOOK_B,2025-06-17
TXN0008081979,APP016,2025-11-18,failed,789774.03,GBP,AMER,CP0473,FUTURE,TDR0019,BOOK_D,2025-10-22
TXN0005550978,APP015,2026-01-20,failed,39485.11,USD,EMEA,CP0039,FX,TDR0129,BOOK_D,2025-08-11
TXN0001851858,APP003,2025-03-23,failed,209084.37,GBP,LATAM,CP0425,FUTURE,TDR0116,BOOK_A,2025-12-03
TXN0003794778,APP017,2025-09-01,pending,861486.81,EUR,AMER,CP0396,FUTURE,TDR0021,BOOK_A,2025-06-11
TXN0008177889,APP016,2025-10-18,active,647875.56,AUD,LATAM,CP0088,FX,TDR0134,BOOK_A,2025-11-26
TXN0006015880,APP014,2025-03-19,failed,68354.14,GBP,AMER,CP0398,EQUITY,TDR0150,BOOK_B,2025-12-19
TXN0001699199,APP017,2025-05-26,failed,55752.28,JPY,APAC,CP0481,BOND,TDR0097,BOOK_D,2025-10-19
TXN0005601478,APP012,2025-02-16,reversed,809894.17,EUR,LATAM,CP0320,SWAP,TDR0160,BOOK_A,2025-11-15
TXN0005409723,APP017,2026-04-11,settled,542069.72,USD,APAC,CP0028,FX,TDR0187,BOOK_B,2025-09-27
TXN0001044313,APP017,2025-10-28,active,75738.69,JPY,APAC,CP0373,FUTURE,TDR0156,BOOK_A,2025-12-17
TXN0006110201,APP011,2025-02-04,reversed,306733.59,JPY,APAC,CP0410,FX,TDR0023,BOOK_B,2025-12-31
TXN0003710619,APP001,2025-03-25,active,653747.47,USD,APAC,CP0233,BOND,TDR0059,BOOK_B,2025-05-14
TXN0007115779,APP001,2025-05-14,pending,788256.66,JPY,EMEA,CP0092,SWAP,TDR0026,BOOK_D,2025-02-19
TXN0004345472,APP019,2025-02-10,active,7735.04,CHF,EMEA,CP0063,FUTURE,TDR0195,BOOK_B,2026-02-18
TXN0000579788,APP014,2025-07-24,pending,931417.51,JPY,LATAM,CP0053,EQUITY,TDR0102,BOOK_A,2025-03-14
TXN0007354471,APP015,2025-06-17,failed,76446.28,AUD,EMEA,CP0266,OPTION,TDR0019,BOOK_C,2025-02-23
TXN0000150451,APP007,2025-10-04,active,459448.89,CHF,LATAM,CP0264,FX,TDR0167,BOOK_C,2025-04-18
TXN0007380694,APP010,2025-10-31,settled,382869.77,CHF,AMER,CP0386,BOND,TDR0105,BOOK_D,2026-01-09
TXN0004972603,APP003,2025-12-18,failed,332188.94,EUR,APAC,CP0223,SWAP,TDR0062,BOOK_B,2025-07-16
TXN0007903619,APP019,2025-12-12,reversed,745361.63,USD,AMER,CP0248,SWAP,TDR0066,BOOK_B,2025-11-24
TXN0007850727,APP013,2025-10-17,pending,802038.97,CHF,APAC,CP0306,BOND,TDR0021,BOOK_B,2025-08-05
TXN0008997215,APP007,2025-02-16,reversed,757888.71,JPY,LATAM,CP0070,OPTION,TDR0085,BOOK_B,2025-09-18
TXN0005739178,APP003,2025-03-29,pending,647191.59,AUD,EMEA,CP0309,EQUITY,TDR0068,BOOK_D,2025-01-03
TXN0003241257,APP014,2025-07-09,failed,602067.32,AUD,EMEA,CP0134,SWAP,TDR0040,BOOK_B,2025-09-28
TXN0000902340,APP019,2025-11-15,pending,956404.96,AUD,EMEA,CP0397,SWAP,TDR0026,BOOK_A,2025-02-09
TXN0006175146,APP011,2025-01-17,active,243242.8,AUD,EMEA,CP0093,FUTURE,TDR0180,BOOK_B,2025-03-24
TXN0001731987,APP007,2025-08-10,pending,400952.22,JPY,AMER,CP0457,SWAP,TDR0189,BOOK_B,2025-03-31
TXN0009196344,APP016,2025-01-19,failed,366179.0,EUR,APAC,CP0360,OPTION,TDR0112,BOOK_A,2025-09-23
TXN0005474289,APP012,2026-03-15,failed,180349.79,CHF,EMEA,CP0190,BOND,TDR0012,BOOK_D,2025-07-11
TXN0004306650,APP010,2025-12-22,pending,935229.14,GBP,LATAM,CP0428,EQUITY,TDR0028,BOOK_C,2025-04-28
TXN0008079072,APP014,2025-05-06,failed,245530.94,GBP,EMEA,CP0402,FUTURE,TDR0157,BOOK_A,2025-10-22
TXN0008594271,APP015,2025-06-15,pending,946833.23,CHF,EMEA,CP0208,OPTION,TDR0159,BOOK_A,2025-11-10
TXN0005653103,APP002,2025-12-22,active,844842.87,EUR,APAC,CP0208,FX,TDR0035,BOOK_C,2025-03-30
TXN0006762853,APP019,2025-08-20,active,280091.55,AUD,AMER,CP0023,BOND,TDR0151,BOOK_A,2025-12-14
TXN0007034775,APP013,2025-05-07,failed,607504.6,GBP,LATAM,CP0101,FX,TDR0027,BOOK_D,2025-05-15
TXN0004690181,APP008,2025-02-25,reversed,131652.0,USD,LATAM,CP0423,BOND,TDR0044,BOOK_B,2025-06-27
TXN0005175889,APP007,2025-09-24,reversed,30782.77,AUD,APAC,CP0044,FUTURE,TDR0117,BOOK_B,2025-02-05
TXN0006458262,APP017,2026-01-01,active,483711.03,JPY,AMER,CP0072,FX,TDR0086,BOOK_A,2025-08-03
TXN0004121713,APP014,2025-07-14,failed,157014.68,GBP,EMEA,CP0183,BOND,TDR0034,BOOK_C,2025-05-24
TXN0001744541,APP014,2025-12-26,failed,892649.76,EUR,APAC,CP0218,BOND,TDR0175,BOOK_C,2025-06-25
TXN0005117346,APP002,2025-10-27,settled,240526.79,USD,APAC,CP0464,SWAP,TDR0191,BOOK_A,2025-08-02
TXN0006191977,APP016,2025-04-03,active,202108.13,AUD,EMEA,CP0111,FX,TDR0137,BOOK_B,2025-03-05
TXN0007813686,APP010,2026-01-03,pending,338111.04,JPY,LATAM,CP0151,FUTURE,TDR0112,BOOK_C,2025-03-15
TXN0002110906,APP018,2025-07-15,reversed,739800.6,AUD,EMEA,CP0126,EQUITY,TDR0128,BOOK_C,2025-08-12
TXN0007435358,APP008,2025-01-16,settled,748986.72,GBP,AMER,CP0074,BOND,TDR0175,BOOK_A,2025-01-27
TXN0000537287,APP005,2025-06-01,settled,497620.51,EUR,AMER,CP0462,EQUITY,TDR0035,BOOK_A,2025-04-16
TXN0001968825,APP012,2025-07-21,failed,619836.97,GBP,APAC,CP0380,BOND,TDR0021,BOOK_C,2025-06-02
TXN0007340443,APP013,2025-02-28,pending,803447.35,JPY,LATAM,CP0401,EQUITY,TDR0131,BOOK_C,2025-07-31
TXN0005429695,APP003,2025-11-17,settled,310964.88,GBP,LATAM,CP0441,FX,TDR0055,BOOK_D,2025-10-11
TXN0004892929,APP014,2025-04-13,reversed,177210.85,GBP,EMEA,CP0344,SWAP,TDR0077,BOOK_A,2025-07-06
TXN0002054732,APP015,2025-07-20,failed,659715.59,CHF,APAC,CP0089,FX,TDR0142,BOOK_D,2026-04-09
TXN0007075585,APP001,2025-01-17,active,805951.72,CHF,AMER,CP0493,SWAP,TDR0174,BOOK_C,2025-08-03
TXN0005930826,APP010,2025-08-28,active,857614.12,AUD,APAC,CP0176,SWAP,TDR0194,BOOK_B,2025-08-29
TXN0004892589,APP015,2025-07-23,failed,6917.06,JPY,APAC,CP0059,EQUITY,TDR0039,BOOK_C,2026-01-21
TXN0001557240,APP001,2025-04-03,reversed,243882.07,GBP,APAC,CP0163,BOND,TDR0008,BOOK_A,2025-02-20
TXN0000824788,APP009,2025-01-14,failed,841941.56,JPY,EMEA,CP0404,FX,TDR0035,BOOK_B,2025-01-24
TXN0008859095,APP019,2025-11-27,pending,117520.0,AUD,APAC,CP0345,OPTION,TDR0097,BOOK_B,2025-06-17
TXN0000584200,APP012,2025-05-18,active,499358.44,USD,EMEA,CP0012,OPTION,TDR0083,BOOK_A,2026-02-04
TXN0006348120,APP012,2025-10-04,failed,461848.7,EUR,AMER,CP0270,FUTURE,TDR0076,BOOK_C,2026-03-01
TXN0007587150,APP011,2025-05-18,failed,411724.87,GBP,LATAM,CP0280,BOND,TDR0045,BOOK_B,2026-03-13
TXN0008114244,APP020,2025-06-13,pending,911798.01,JPY,EMEA,CP0390,BOND,TDR0197,BOOK_B,2025-08-11
TXN0004434253,APP008,2025-12-03,reversed,920205.98,AUD,LATAM,CP0464,FUTURE,TDR0124,BOOK_C,2025-12-18
TXN0000603108,APP004,2025-06-06,active,439995.02,EUR,EMEA,CP0307,FUTURE,TDR0046,BOOK_C,2025-12-31
TXN0006734424,APP008,2025-10-06,settled,680765.4,GBP,AMER,CP0085,FUTURE,TDR0194,BOOK_C,2026-03-20
TXN0009539521,APP007,2025-06-11,failed,574336.71,JPY,EMEA,CP0034,SWAP,TDR0188,BOOK_A,2026-03-16
TXN0008439749,APP017,2025-07-19,reversed,538752.37,JPY,AMER,CP0063,EQUITY,TDR0015,BOOK_D,2026-01-01
TXN0007680872,APP020,2025-02-06,failed,986318.63,USD,APAC,CP0028,EQUITY,TDR0062,BOOK_D,2025-05-12
TXN0008604806,APP011,2025-02-07,failed,567223.0,CHF,LATAM,CP0399,EQUITY,TDR0162,BOOK_B,2026-03-09
TXN0002317436,APP002,2025-09-10,reversed,699327.9,USD,EMEA,CP0348,EQUITY,TDR0029,BOOK_A,2025-02-21
TXN0008174618,APP014,2025-11-05,failed,511160.72,GBP,APAC,CP0035,BOND,TDR0016,BOOK_A,2026-01-30
TXN0006430526,APP019,2025-04-26,pending,765916.6,AUD,EMEA,CP0106,OPTION,TDR0138,BOOK_C,2026-01-29
TXN0007400200,APP003,2025-01-07,settled,420724.59,JPY,APAC,CP0439,BOND,TDR0129,BOOK_A,2026-02-05
TXN0005923820,APP014,2026-02-09,reversed,365621.17,JPY,APAC,CP0035,SWAP,TDR0006,BOOK_D,2026-01-30
TXN0009440410,APP016,2025-12-06,failed,72431.89,GBP,APAC,CP0478,SWAP,TDR0035,BOOK_B,2025-08-13
TXN0005134731,APP012,2026-03-13,reversed,919339.62,JPY,APAC,CP0274,EQUITY,TDR0101,BOOK_A,2025-03-26
TXN0009661078,APP009,2025-09-27,settled,555123.41,GBP,LATAM,CP0373,EQUITY,TDR0130,BOOK_D,2026-01-21
TXN0006477674,APP012,2025-04-22,active,351268.68,EUR,AMER,CP0387,FUTURE,TDR0109,BOOK_D,2026-01-14
TXN0005450707,APP002,2025-05-25,settled,403913.66,USD,APAC,CP0143,OPTION,TDR0068,BOOK_B,2026-02-26
TXN0008427659,APP014,2025-05-18,active,99093.16,EUR,LATAM,CP0010,FX,TDR0086,BOOK_D,2026-02-26
TXN0008795490,APP011,2025-01-09,pending,243068.23,EUR,AMER,CP0452,FX,TDR0125,BOOK_C,2025-11-18
TXN0003411276,APP009,2026-03-19,reversed,510473.45,CHF,EMEA,CP0367,EQUITY,TDR0197,BOOK_A,2026-02-03
TXN0007294297,APP008,2026-02-22,settled,320838.09,JPY,LATAM,CP0430,BOND,TDR0123,BOOK_B,2026-03-01
TXN0008650965,APP016,2025-07-21,active,778515.42,CHF,APAC,CP0220,EQUITY,TDR0006,BOOK_D,2026-02-25
TXN0003482311,APP019,2026-01-30,settled,927615.33,AUD,LATAM,CP0099,FUTURE,TDR0199,BOOK_B,2025-01-24
TXN0009611244,APP007,2025-02-20,failed,241221.96,JPY,AMER,CP0485,EQUITY,TDR0157,BOOK_B,2025-09-27
TXN0003704834,APP001,2026-02-11,settled,899166.95,USD,LATAM,CP0483,FUTURE,TDR0028,BOOK_C,2025-08-18
TXN0007711213,APP009,2026-01-14,failed,759540.87,USD,LATAM,CP0213,EQUITY,TDR0022,BOOK_B,2026-01-24
TXN0008354963,APP014,2025-05-21,active,533526.53,AUD,AMER,CP0056,BOND,TDR0118,BOOK_D,2025-06-30
TXN0009762836,APP012,2026-01-06,settled,760666.88,JPY,LATAM,CP0001,BOND,TDR0004,BOOK_C,2026-03-04
TXN0003023248,APP003,2025-12-06,active,773523.48,AUD,APAC,CP0460,EQUITY,TDR0037,BOOK_C,2025-08-09
TXN0001099284,APP018,2025-01-03,reversed,414316.05,GBP,EMEA,CP0008,SWAP,TDR0096,BOOK_D,2025-03-06
TXN0008894016,APP009,2025-11-18,pending,33460.57,USD,EMEA,CP0163,EQUITY,TDR0125,BOOK_C,2025-05-08
TXN0006799356,APP007,2025-12-13,reversed,133698.26,AUD,APAC,CP0075,EQUITY,TDR0165,BOOK_A,2025-03-20
TXN0008141755,APP020,2026-02-05,pending,647231.31,AUD,EMEA,CP0418,BOND,TDR0084,BOOK_C,2026-02-03
TXN0001044457,APP001,2025-01-16,pending,152483.52,CHF,AMER,CP0114,FUTURE,TDR0076,BOOK_C,2025-03-28
TXN0004296370,APP016,2025-04-04,settled,102289.75,EUR,EMEA,CP0244,EQUITY,TDR0077,BOOK_A,2025-04-27
TXN0000335960,APP001,2025-07-25,reversed,238083.34,CHF,EMEA,CP0335,OPTION,TDR0067,BOOK_D,2026-03-10
TXN0003134345,APP003,2025-12-10,settled,395119.62,CHF,LATAM,CP0253,EQUITY,TDR0011,BOOK_B,2025-10-14
TXN0006361108,APP013,2025-09-10,reversed,923238.24,AUD,AMER,CP0319,EQUITY,TDR0009,BOOK_C,2026-02-03
TXN0002122016,APP018,2025-01-02,reversed,142575.77,EUR,APAC,CP0043,SWAP,TDR0071,BOOK_B,2026-03-13
TXN0008818609,APP014,2025-11-06,settled,125080.78,JPY,EMEA,CP0327,BOND,TDR0014,BOOK_C,2025-10-02
TXN0004007264,APP004,2026-02-14,reversed,72109.58,USD,LATAM,CP0392,SWAP,TDR0173,BOOK_B,2026-04-04
TXN0002831771,APP016,2025-05-19,pending,301618.14,EUR,LATAM,CP0220,BOND,TDR0092,BOOK_D,2025-08-05
TXN0003160625,APP005,2025-10-10,active,388299.73,USD,APAC,CP0134,SWAP,TDR0005,BOOK_C,2025-08-01
TXN0005361741,APP018,2026-03-01,failed,634945.17,CHF,AMER,CP0156,EQUITY,TDR0047,BOOK_C,2025-03-13
TXN0007372538,APP001,2025-09-26,active,348058.75,AUD,LATAM,CP0147,OPTION,TDR0145,BOOK_C,2025-03-19
TXN0009662605,APP010,2025-02-19,reversed,672445.25,GBP,LATAM,CP0231,SWAP,TDR0192,BOOK_A,2025-02-21
TXN0001998967,APP001,2025-04-06,settled,576376.22,GBP,EMEA,CP0191,BOND,TDR0182,BOOK_A,2026-01-27
TXN0008382747,APP006,2026-02-17,pending,247418.1,EUR,AMER,CP0083,EQUITY,TDR0030,BOOK_C,2026-03-07
TXN0000557906,APP017,2025-07-03,settled,169937.03,GBP,LATAM,CP0284,BOND,TDR0076,BOOK_D,2025-10-15
TXN0002738416,APP010,2025-03-18,failed,591909.67,USD,AMER,CP0034,BOND,TDR0020,BOOK_D,2025-05-30
TXN0006791418,APP008,2026-02-07,failed,254496.21,GBP,APAC,CP0257,EQUITY,TDR0176,BOOK_B,2025-04-16
TXN0009805991,APP015,2025-05-31,reversed,306710.2,AUD,APAC,CP0364,SWAP,TDR0025,BOOK_B,2026-04-09
TXN0007089357,APP007,2026-02-24,active,929870.71,JPY,LATAM,CP0100,OPTION,TDR0137,BOOK_D,2026-03-08
TXN0003567674,APP015,2025-04-28,reversed,112732.31,GBP,AMER,CP0070,EQUITY,TDR0030,BOOK_D,2025-02-26
TXN0004570468,APP020,2025-04-30,reversed,119281.12,USD,AMER,CP0432,FUTURE,TDR0161,BOOK_D,2026-02-15
TXN0009346670,APP004,2025-07-12,failed,541994.65,EUR,EMEA,CP0240,BOND,TDR0035,BOOK_A,2025-08-18
TXN0009965326,APP011,2025-09-19,settled,337349.4,GBP,EMEA,CP0113,SWAP,TDR0007,BOOK_A,2025-11-22
TXN0003338232,APP006,2026-01-08,pending,541565.46,GBP,EMEA,CP0044,EQUITY,TDR0049,BOOK_A,2025-08-22
TXN0000898725,APP001,2025-12-22,active,741828.21,JPY,LATAM,CP0109,EQUITY,TDR0108,BOOK_B,2025-11-19
TXN0002968194,APP015,2026-01-15,failed,845266.56,JPY,EMEA,CP0441,SWAP,TDR0168,BOOK_C,2025-12-04
TXN0003744657,APP017,2025-02-21,pending,152882.94,EUR,LATAM,CP0111,FX,TDR0190,BOOK_B,2025-11-28
TXN0008908221,APP016,2025-04-08,active,741864.82,CHF,EMEA,CP0344,EQUITY,TDR0049,BOOK_A,2025-08-29
TXN0008403885,APP013,2025-05-04,pending,169177.7,USD,APAC,CP0035,FX,TDR0035,BOOK_D,2025-05-24
TXN0007763361,APP003,2025-07-08,failed,887810.52,JPY,LATAM,CP0240,OPTION,TDR0187,BOOK_B,2025-08-15
TXN0009642338,APP018,2025-03-15,settled,903584.59,CHF,APAC,CP0218,OPTION,TDR0128,BOOK_C,2026-02-01
TXN0005238062,APP015,2025-02-27,settled,209209.89,EUR,LATAM,CP0458,FX,TDR0164,BOOK_C,2025-03-23
TXN0006281689,APP014,2025-03-18,settled,328666.38,USD,LATAM,CP0422,EQUITY,TDR0166,BOOK_A,2026-02-19
TXN0006398519,APP002,2026-02-01,settled,553488.7,GBP,LATAM,CP0287,FX,TDR0111,BOOK_A,2025-02-09
TXN0001133664,APP018,2025-12-27,failed,141317.98,EUR,EMEA,CP0186,BOND,TDR0117,BOOK_B,2025-08-10
TXN0002089313,APP020,2025-08-01,pending,287363.24,GBP,EMEA,CP0339,FX,TDR0057,BOOK_C,2025-01-27
TXN0007102384,APP020,2026-02-08,settled,74445.85,AUD,AMER,CP0197,FX,TDR0137,BOOK_B,2026-02-22
TXN0007211195,APP020,2025-02-09,pending,108853.52,GBP,APAC,CP0447,SWAP,TDR0009,BOOK_B,2025-11-15
TXN0008050138,APP001,2025-08-22,reversed,279780.73,AUD,EMEA,CP0255,BOND,TDR0200,BOOK_D,2025-04-11
TXN0001405182,APP006,2025-06-19,reversed,634125.34,GBP,APAC,CP0086,EQUITY,TDR0005,BOOK_D,2025-11-27
TXN0008865289,APP012,2025-07-31,settled,184219.23,JPY,AMER,CP0464,OPTION,TDR0083,BOOK_A,2025-09-09
TXN0002270948,APP013,2025-01-05,pending,245893.26,EUR,LATAM,CP0254,SWAP,TDR0024,BOOK_B,2025-05-17
TXN0007003998,APP020,2025-06-19,failed,493931.31,GBP,APAC,CP0190,OPTION,TDR0170,BOOK_D,2025-01-26
TXN0001952398,APP013,2025-08-20,settled,37655.54,AUD,APAC,CP0065,BOND,TDR0094,BOOK_A,2025-03-18
TXN0003276730,APP004,2025-08-01,reversed,842512.32,CHF,LATAM,CP0386,SWAP,TDR0095,BOOK_B,2025-12-26
TXN0000408055,APP002,2026-03-20,pending,250362.37,EUR,LATAM,CP0472,EQUITY,TDR0095,BOOK_A,2025-08-01
TXN0008064580,APP013,2025-07-24,settled,528922.77,CHF,AMER,CP0034,FUTURE,TDR0013,BOOK_A,2025-07-02
TXN0000930947,APP006,2025-05-05,active,404560.17,GBP,LATAM,CP0028,OPTION,TDR0101,BOOK_D,2026-02-09
TXN0005641574,APP001,2025-02-21,pending,643263.32,JPY,EMEA,CP0183,OPTION,TDR0013,BOOK_D,2025-05-25
TXN0009334652,APP002,2026-01-28,pending,772759.51,AUD,EMEA,CP0298,BOND,TDR0153,BOOK_A,2025-05-25
TXN0000785417,APP010,2025-07-09,pending,553496.64,AUD,APAC,CP0483,FUTURE,TDR0037,BOOK_A,2025-04-06
TXN0000992688,APP005,2025-07-15,failed,93239.26,GBP,APAC,CP0487,FUTURE,TDR0078,BOOK_A,2025-06-24
TXN0008845183,APP014,2025-01-31,reversed,559645.52,AUD,APAC,CP0369,BOND,TDR0033,BOOK_A,2025-01-21
TXN0004177116,APP013,2025-06-17,failed,471924.98,CHF,LATAM,CP0167,EQUITY,TDR0120,BOOK_C,2026-03-16
TXN0001669597,APP004,2025-01-28,pending,214869.52,JPY,APAC,CP0422,FX,TDR0098,BOOK_C,2025-06-06
TXN0005789850,APP016,2025-09-01,settled,239814.19,AUD,LATAM,CP0078,SWAP,TDR0109,BOOK_A,2026-04-03
TXN0000820212,APP008,2025-12-23,reversed,132855.36,CHF,LATAM,CP0067,FUTURE,TDR0039,BOOK_D,2026-03-02
TXN0005495646,APP010,2026-01-22,active,404996.67,EUR,LATAM,CP0230,BOND,TDR0052,BOOK_D,2025-03-20
TXN0005645098,APP014,2025-02-26,pending,585112.09,USD,LATAM,CP0380,OPTION,TDR0037,BOOK_B,2025-07-14
TXN0006976050,APP019,2025-03-26,reversed,255238.1,CHF,LATAM,CP0040,EQUITY,TDR0136,BOOK_C,2026-02-11
TXN0000410710,APP006,2025-06-17,active,49930.9,EUR,EMEA,CP0325,OPTION,TDR0056,BOOK_D,2025-09-06
TXN0004059441,APP004,2025-12-26,failed,919450.21,AUD,EMEA,CP0031,OPTION,TDR0144,BOOK_D,2025-04-26
TXN0001547691,APP012,2025-02-26,active,584842.65,CHF,LATAM,CP0398,FUTURE,TDR0067,BOOK_A,2025-05-15
TXN0008902391,APP019,2025-09-22,reversed,873513.64,USD,LATAM,CP0499,EQUITY,TDR0109,BOOK_C,2025-02-10
TXN0006692482,APP005,2026-03-03,active,908884.81,JPY,EMEA,CP0317,SWAP,TDR0027,BOOK_A,2025-09-03
TXN0009237351,APP001,2025-05-11,failed,665809.14,GBP,AMER,CP0267,FX,TDR0106,BOOK_C,2026-01-21
TXN0004286099,APP013,2025-11-30,active,527666.26,USD,LATAM,CP0374,SWAP,TDR0075,BOOK_C,2025-03-24
TXN0009409114,APP012,2025-10-29,pending,381963.31,CHF,APAC,CP0126,FUTURE,TDR0111,BOOK_D,2025-07-13
TXN0004217929,APP020,2026-02-07,failed,327372.37,GBP,EMEA,CP0282,BOND,TDR0087,BOOK_A,2026-01-25
TXN0002450807,APP010,2025-03-26,reversed,836672.51,EUR,AMER,CP0101,EQUITY,TDR0123,BOOK_C,2025-03-16
TXN0007054138,APP019,2026-04-09,failed,674469.22,JPY,LATAM,CP0229,OPTION,TDR0073,BOOK_C,2026-02-22
TXN0009254013,APP003,2025-06-19,pending,977042.93,AUD,AMER,CP0488,FUTURE,TDR0147,BOOK_A,2026-02-18
TXN0000838169,APP012,2025-07-07,failed,235099.55,CHF,AMER,CP0196,FUTURE,TDR0043,BOOK_D,2026-02-11
TXN0009639825,APP016,2025-01-08,active,796871.05,USD,LATAM,CP0468,SWAP,TDR0199,BOOK_A,2025-01-04
TXN0005831913,APP006,2025-01-20,pending,465967.59,EUR,LATAM,CP0435,FX,TDR0044,BOOK_D,2025-04-07
TXN0006185360,APP020,2025-02-01,active,344650.56,AUD,APAC,CP0008,FX,TDR0036,BOOK_D,2025-11-27
TXN0002715962,APP006,2026-01-05,active,164931.78,JPY,LATAM,CP0158,FX,TDR0128,BOOK_A,2025-01-10
TXN0000378713,APP016,2025-06-29,failed,883274.53,AUD,AMER,CP0140,FUTURE,TDR0119,BOOK_B,2025-01-12
TXN0008562760,APP010,2025-06-07,settled,238021.13,JPY,AMER,CP0290,SWAP,TDR0001,BOOK_A,2026-01-21
TXN0007498724,APP007,2025-05-27,failed,818937.5,USD,APAC,CP0272,SWAP,TDR0077,BOOK_D,2025-11-27
TXN0004122755,APP010,2025-08-05,failed,110294.12,AUD,AMER,CP0312,FUTURE,TDR0019,BOOK_A,2025-12-02
TXN0009411411,APP005,2025-02-11,pending,311501.02,CHF,APAC,CP0069,FX,TDR0058,BOOK_C,2025-09-17
TXN0008287169,APP002,2025-03-31,active,675593.32,CHF,LATAM,CP0112,FX,TDR0030,BOOK_A,2025-10-30
TXN0005144485,APP015,2025-12-23,reversed,960270.75,EUR,LATAM,CP0129,FUTURE,TDR0185,BOOK_B,2025-08-03
TXN0008215421,APP002,2025-02-08,failed,258702.24,USD,AMER,CP0230,EQUITY,TDR0189,BOOK_B,2025-07-19
TXN0008917598,APP016,2025-05-15,reversed,908666.28,JPY,LATAM,CP0385,EQUITY,TDR0145,BOOK_D,2025-07-21
TXN0004112000,APP005,2025-09-27,settled,799793.23,EUR,AMER,CP0071,FUTURE,TDR0137,BOOK_A,2026-02-23
TXN0008021071,APP015,2025-01-01,active,5385.05,AUD,EMEA,CP0102,FX,TDR0018,BOOK_C,2025-04-27
TXN0004296166,APP010,2026-01-24,settled,260347.94,GBP,LATAM,CP0308,EQUITY,TDR0028,BOOK_C,2026-01-29
TXN0006152234,APP012,2025-11-16,settled,518023.5,EUR,EMEA,CP0466,OPTION,TDR0162,BOOK_A,2025-06-17
TXN0006675310,APP012,2025-02-24,settled,66361.31,USD,EMEA,CP0208,BOND,TDR0112,BOOK_A,2025-08-26
TXN0004889995,APP009,2025-07-26,failed,450467.87,EUR,APAC,CP0222,FUTURE,TDR0140,BOOK_B,2025-02-13
TXN0006387116,APP012,2025-07-21,reversed,165265.61,GBP,AMER,CP0043,SWAP,TDR0196,BOOK_D,2025-12-20
TXN0008786130,APP020,2026-03-15,reversed,93990.17,CHF,AMER,CP0175,OPTION,TDR0084,BOOK_A,2025-09-20
TXN0008707328,APP003,2025-01-26,failed,891656.77,JPY,AMER,CP0018,FX,TDR0118,BOOK_B,2026-03-13
TXN0004478555,APP002,2025-11-23,active,713382.29,AUD,LATAM,CP0360,BOND,TDR0016,BOOK_A,2025-05-25
TXN0005839020,APP003,2025-10-17,pending,709043.41,AUD,APAC,CP0401,SWAP,TDR0041,BOOK_B,2025-08-09
TXN0007097309,APP012,2026-02-14,active,879542.35,CHF,AMER,CP0349,SWAP,TDR0035,BOOK_D,2026-03-16
TXN0006056646,APP010,2026-03-10,pending,979787.64,USD,AMER,CP0499,EQUITY,TDR0078,BOOK_B,2025-02-09
TXN0002180170,APP018,2025-11-27,active,934206.82,USD,LATAM,CP0309,SWAP,TDR0038,BOOK_B,2025-11-27
TXN0003329564,APP014,2025-01-29,failed,261478.3,EUR,AMER,CP0379,OPTION,TDR0181,BOOK_C,2025-09-12
TXN0006958150,APP008,2025-12-14,reversed,169789.35,AUD,APAC,CP0154,FUTURE,TDR0019,BOOK_C,2025-03-18
TXN0007565957,APP018,2025-03-13,reversed,601187.88,EUR,LATAM,CP0380,SWAP,TDR0089,BOOK_D,2026-02-06
TXN0006527820,APP009,2026-02-01,reversed,861520.47,GBP,LATAM,CP0477,SWAP,TDR0091,BOOK_B,2025-02-19
TXN0002726481,APP015,2025-06-07,failed,614598.69,GBP,EMEA,CP0360,BOND,TDR0096,BOOK_A,2025-09-29
TXN0001186362,APP003,2025-12-07,settled,811748.85,CHF,LATAM,CP0160,SWAP,TDR0099,BOOK_A,2025-04-19
TXN0002174175,APP002,2025-12-13,settled,57961.59,AUD,EMEA,CP0051,OPTION,TDR0122,BOOK_D,2026-02-09
TXN0005675793,APP001,2025-03-15,reversed,511284.44,USD,LATAM,CP0025,FUTURE,TDR0194,BOOK_D,2025-08-27
TXN0007408148,APP018,2025-08-12,reversed,298259.36,GBP,EMEA,CP0438,FX,TDR0113,BOOK_A,2025-01-20
TXN0007127880,APP002,2025-12-05,failed,282161.65,USD,AMER,CP0427,BOND,TDR0101,BOOK_A,2026-03-13
TXN0008820743,APP009,2026-03-26,pending,689959.21,CHF,LATAM,CP0087,FX,TDR0191,BOOK_A,2025-07-30
TXN0008476232,APP016,2025-04-20,settled,76370.4,USD,LATAM,CP0071,OPTION,TDR0081,BOOK_D,2026-03-22
TXN0008010440,APP005,2026-03-02,pending,514449.14,EUR,LATAM,CP0412,SWAP,TDR0103,BOOK_C,2025-09-10
TXN0005161134,APP015,2026-02-09,active,853053.46,CHF,APAC,CP0239,OPTION,TDR0005,BOOK_B,2026-02-20
TXN0004023878,APP010,2026-01-02,active,647323.69,EUR,EMEA,CP0212,OPTION,TDR0148,BOOK_B,2025-07-27
TXN0002112760,APP015,2026-01-20,active,270139.86,GBP,AMER,CP0083,OPTION,TDR0192,BOOK_C,2025-11-13
TXN0001621220,APP006,2025-09-13,failed,202096.27,GBP,LATAM,CP0195,BOND,TDR0156,BOOK_D,2026-02-17
TXN0000453571,APP010,2025-02-03,pending,104055.21,EUR,APAC,CP0147,FUTURE,TDR0104,BOOK_C,2025-01-16
TXN0009026099,APP017,2025-08-11,failed,475656.3,AUD,EMEA,CP0499,EQUITY,TDR0197,BOOK_D,2025-10-29
TXN0007139535,APP002,2025-06-25,reversed,766009.76,AUD,LATAM,CP0327,OPTION,TDR0159,BOOK_B,2025-03-02
TXN0009353476,APP020,2026-01-20,pending,537699.8,AUD,LATAM,CP0046,SWAP,TDR0121,BOOK_A,2025-02-09
TXN0001535662,APP006,2025-10-10,settled,689854.95,EUR,APAC,CP0485,OPTION,TDR0035,BOOK_C,2025-06-01
TXN0008382057,APP014,2025-02-22,settled,695924.06,CHF,AMER,CP0125,SWAP,TDR0101,BOOK_B,2026-02-03
TXN0003540832,APP014,2026-03-17,pending,522418.03,JPY,EMEA,CP0299,SWAP,TDR0109,BOOK_C,2026-04-13
TXN0009131008,APP006,2025-07-03,active,856594.66,AUD,EMEA,CP0251,FX,TDR0046,BOOK_A,2025-09-08
TXN0002579931,APP002,2025-07-27,failed,474682.79,JPY,AMER,CP0141,EQUITY,TDR0052,BOOK_A,2025-09-15
TXN0004066447,APP017,2025-09-28,pending,931243.35,EUR,EMEA,CP0296,FUTURE,TDR0176,BOOK_D,2025-05-28
TXN0008020270,APP020,2025-02-16,settled,125453.4,EUR,EMEA,CP0314,BOND,TDR0151,BOOK_B,2025-10-18
TXN0004252218,APP014,2025-01-26,active,406485.01,AUD,APAC,CP0370,EQUITY,TDR0143,BOOK_C,2025-11-25
TXN0002695252,APP017,2025-04-13,pending,358583.54,USD,LATAM,CP0399,FUTURE,TDR0073,BOOK_A,2025-04-02
TXN0003222950,APP006,2025-06-17,active,707242.53,EUR,LATAM,CP0127,BOND,TDR0081,BOOK_B,2025-09-25
TXN0004303170,APP003,2025-06-30,settled,888038.06,EUR,AMER,CP0432,FX,TDR0025,BOOK_D,2025-02-12
TXN0009907704,APP014,2025-03-06,settled,859726.26,CHF,AMER,CP0003,FUTURE,TDR0009,BOOK_D,2025-01-22
TXN0008877111,APP020,2026-03-22,reversed,940674.47,AUD,EMEA,CP0011,SWAP,TDR0082,BOOK_B,2025-02-11
TXN0007317524,APP005,2026-03-20,active,174006.75,CHF,APAC,CP0411,SWAP,TDR0067,BOOK_A,2025-09-14
TXN0008271195,APP003,2025-07-07,failed,871700.86,JPY,LATAM,CP0332,FUTURE,TDR0042,BOOK_D,2025-12-27
TXN0009011405,APP016,2025-03-23,settled,237799.83,JPY,APAC,CP0393,FUTURE,TDR0066,BOOK_D,2025-09-18
TXN0000893147,APP010,2025-05-26,pending,747419.99,AUD,APAC,CP0421,OPTION,TDR0104,BOOK_B,2025-04-09
TXN0004789783,APP018,2025-10-06,pending,206831.99,AUD,APAC,CP0392,BOND,TDR0105,BOOK_B,2025-06-23
TXN0007740744,APP016,2026-02-10,failed,779025.79,AUD,APAC,CP0250,BOND,TDR0055,BOOK_C,2025-06-18
TXN0002160133,APP016,2026-01-01,active,486069.9,AUD,EMEA,CP0072,BOND,TDR0100,BOOK_A,2025-07-29
TXN0003534315,APP005,2025-09-27,pending,313000.28,EUR,EMEA,CP0390,FX,TDR0041,BOOK_C,2025-09-17
TXN0009135471,APP004,2025-07-19,settled,531914.32,CHF,EMEA,CP0403,SWAP,TDR0069,BOOK_B,2026-02-18
TXN0003755077,APP009,2025-08-13,reversed,596321.59,EUR,AMER,CP0225,EQUITY,TDR0137,BOOK_B,2025-06-14
TXN0004091732,APP017,2026-03-28,settled,953417.53,GBP,LATAM,CP0483,FUTURE,TDR0003,BOOK_B,2025-07-21
TXN0002385606,APP019,2025-05-02,settled,573645.36,CHF,EMEA,CP0362,BOND,TDR0098,BOOK_C,2025-03-05
TXN0006317212,APP020,2026-03-14,settled,576410.96,USD,EMEA,CP0181,FUTURE,TDR0138,BOOK_D,2026-02-24
TXN0000151322,APP008,2025-08-20,pending,244367.96,CHF,APAC,CP0299,FUTURE,TDR0174,BOOK_B,2025-06-21
TXN0002134091,APP010,2026-04-10,settled,375203.97,CHF,EMEA,CP0290,FX,TDR0129,BOOK_B,2025-09-24
TXN0004033550,APP017,2025-03-26,active,34632.05,EUR,LATAM,CP0229,OPTION,TDR0080,BOOK_C,2025-03-25
TXN0006389655,APP019,2025-10-18,settled,545279.68,USD,EMEA,CP0010,FX,TDR0037,BOOK_A,2025-10-18
TXN0003169445,APP015,2026-01-22,active,321510.24,JPY,AMER,CP0460,BOND,TDR0197,BOOK_D,2026-04-11
TXN0002479639,APP018,2025-08-12,settled,815022.9,JPY,APAC,CP0178,EQUITY,TDR0013,BOOK_C,2025-10-02
TXN0004679547,APP011,2026-01-04,active,955243.24,USD,APAC,CP0264,FX,TDR0118,BOOK_C,2025-07-11
TXN0001397493,APP013,2026-04-14,active,1672.92,GBP,AMER,CP0050,SWAP,TDR0064,BOOK_A,2025-05-05
TXN0005624328,APP007,2025-05-17,active,866065.26,AUD,AMER,CP0248,FUTURE,TDR0191,BOOK_B,2025-03-19
TXN0001839327,APP008,2025-01-14,reversed,592561.62,EUR,AMER,CP0058,EQUITY,TDR0127,BOOK_A,2026-03-24
TXN0007239408,APP011,2025-08-31,active,960650.52,GBP,LATAM,CP0280,FUTURE,TDR0196,BOOK_C,2025-03-16
TXN0000956165,APP011,2025-12-22,reversed,608596.41,GBP,AMER,CP0467,EQUITY,TDR0096,BOOK_C,2025-01-13
TXN0003096543,APP004,2025-06-16,failed,228882.62,JPY,AMER,CP0277,FUTURE,TDR0026,BOOK_C,2025-03-15
TXN0006678084,APP016,2026-01-30,settled,701971.0,JPY,APAC,CP0085,FUTURE,TDR0146,BOOK_C,2025-01-08
TXN0000911573,APP014,2026-02-17,reversed,383416.67,USD,LATAM,CP0143,SWAP,TDR0189,BOOK_C,2025-05-03
TXN0009746843,APP009,2026-03-19,reversed,918957.96,JPY,EMEA,CP0163,EQUITY,TDR0064,BOOK_D,2025-12-18
TXN0002506640,APP018,2025-12-29,failed,930193.7,CHF,LATAM,CP0288,SWAP,TDR0143,BOOK_B,2026-03-19
TXN0004088950,APP014,2025-03-13,reversed,677889.56,USD,EMEA,CP0226,OPTION,TDR0122,BOOK_B,2025-03-23
TXN0005195176,APP009,2025-04-22,reversed,973315.22,GBP,APAC,CP0010,SWAP,TDR0046,BOOK_D,2026-02-15
TXN0003286315,APP011,2025-09-08,failed,575672.48,CHF,LATAM,CP0460,SWAP,TDR0011,BOOK_D,2025-01-19
TXN0006539622,APP013,2025-10-20,reversed,162950.19,AUD,LATAM,CP0057,FX,TDR0106,BOOK_B,2025-05-18
TXN0008292993,APP015,2025-03-29,reversed,920198.22,GBP,AMER,CP0109,FX,TDR0064,BOOK_B,2026-01-19
TXN0008883598,APP007,2025-06-06,reversed,871081.4,GBP,LATAM,CP0224,EQUITY,TDR0080,BOOK_C,2026-04-12
TXN0009958283,APP018,2025-10-30,reversed,693451.62,AUD,AMER,CP0051,FUTURE,TDR0074,BOOK_C,2025-02-24
TXN0002355480,APP011,2025-07-01,failed,190833.5,JPY,LATAM,CP0308,BOND,TDR0093,BOOK_A,2025-07-28
TXN0003695001,APP020,2025-04-03,active,518459.62,GBP,APAC,CP0352,FX,TDR0048,BOOK_B,2026-02-20
TXN0006844058,APP018,2025-12-31,active,854368.75,JPY,LATAM,CP0240,FX,TDR0050,BOOK_D,2026-03-31
TXN0007564548,APP014,2025-04-22,pending,134085.21,JPY,AMER,CP0236,FX,TDR0132,BOOK_B,2025-08-31
TXN0003018702,APP002,2025-01-01,failed,624767.28,USD,AMER,CP0373,SWAP,TDR0066,BOOK_B,2025-01-07
TXN0005262793,APP005,2025-10-02,settled,640378.67,EUR,EMEA,CP0116,SWAP,TDR0021,BOOK_C,2025-07-28
TXN0004457261,APP020,2026-03-02,active,728387.0,CHF,APAC,CP0132,EQUITY,TDR0190,BOOK_C,2025-07-13
TXN0001773770,APP013,2025-02-07,reversed,59821.73,AUD,EMEA,CP0377,FX,TDR0099,BOOK_B,2025-04-07
TXN0002000248,APP014,2025-11-18,active,754209.9,EUR,AMER,CP0023,EQUITY,TDR0002,BOOK_B,2025-09-29
TXN0006493921,APP002,2026-01-16,reversed,637116.07,CHF,LATAM,CP0123,SWAP,TDR0135,BOOK_B,2026-01-13
TXN0001298250,APP010,2025-03-08,failed,806097.5,JPY,EMEA,CP0185,EQUITY,TDR0136,BOOK_A,2026-01-22
TXN0004367407,APP019,2025-08-05,pending,172187.08,EUR,AMER,CP0470,BOND,TDR0055,BOOK_D,2025-06-27
TXN0006684050,APP012,2025-06-06,pending,840127.87,EUR,LATAM,CP0327,OPTION,TDR0065,BOOK_D,2025-08-26
TXN0008883185,APP011,2025-03-15,failed,335491.52,AUD,APAC,CP0209,FUTURE,TDR0039,BOOK_D,2025-05-02
TXN0009238625,APP004,2026-02-26,active,78409.88,CHF,EMEA,CP0344,SWAP,TDR0070,BOOK_A,2026-01-20
TXN0008650230,APP008,2025-01-12,reversed,305606.64,CHF,EMEA,CP0043,FX,TDR0004,BOOK_B,2025-07-10
TXN0004332210,APP004,2025-01-20,reversed,157270.39,USD,AMER,CP0233,BOND,TDR0022,BOOK_D,2025-07-19
TXN0005717284,APP009,2025-03-25,failed,512940.9,GBP,EMEA,CP0306,EQUITY,TDR0029,BOOK_B,2025-12-06
TXN0001932549,APP018,2025-08-10,failed,44171.86,AUD,EMEA,CP0408,FX,TDR0192,BOOK_A,2026-01-16
TXN0006907279,APP014,2026-04-03,failed,147548.49,EUR,EMEA,CP0036,BOND,TDR0004,BOOK_C,2025-08-12
TXN0001517468,APP003,2025-08-03,active,826312.29,CHF,AMER,CP0349,FX,TDR0120,BOOK_B,2025-05-05
TXN0009172194,APP010,2025-01-22,active,543568.09,EUR,LATAM,CP0130,OPTION,TDR0092,BOOK_D,2025-03-23
TXN0005384188,APP011,2025-03-31,settled,400031.5,GBP,LATAM,CP0492,BOND,TDR0172,BOOK_B,2026-03-22
TXN0002679282,APP004,2025-04-14,reversed,509081.07,EUR,EMEA,CP0492,FX,TDR0131,BOOK_C,2026-02-11
TXN0004663364,APP012,2025-12-31,failed,360964.41,GBP,EMEA,CP0323,BOND,TDR0168,BOOK_C,2025-12-15
TXN0006877615,APP012,2025-05-05,reversed,60809.23,EUR,LATAM,CP0153,FUTURE,TDR0027,BOOK_B,2025-09-04
TXN0006911219,APP013,2025-12-15,active,929555.9,GBP,APAC,CP0242,SWAP,TDR0142,BOOK_D,2026-01-15
TXN0000931587,APP009,2025-05-07,pending,470357.68,EUR,APAC,CP0454,BOND,TDR0050,BOOK_C,2025-04-08
TXN0002290427,APP005,2025-04-02,reversed,981425.06,AUD,LATAM,CP0322,BOND,TDR0099,BOOK_B,2025-01-19
TXN0006485779,APP020,2025-11-12,pending,595332.19,AUD,EMEA,CP0232,SWAP,TDR0023,BOOK_D,2025-02-21
TXN0002606391,APP019,2025-12-08,settled,692053.03,EUR,LATAM,CP0136,FUTURE,TDR0048,BOOK_A,2025-09-30
TXN0007196637,APP019,2025-09-04,pending,924669.8,CHF,AMER,CP0117,OPTION,TDR0004,BOOK_C,2025-10-21
TXN0007714523,APP001,2025-01-14,active,44886.7,EUR,APAC,CP0119,OPTION,TDR0081,BOOK_B,2025-03-02
TXN0009656003,APP007,2025-07-29,settled,164711.27,GBP,AMER,CP0014,FX,TDR0127,BOOK_D,2025-09-21
TXN0008796253,APP005,2025-01-29,pending,487171.07,CHF,EMEA,CP0498,OPTION,TDR0180,BOOK_C,2025-02-16
TXN0001508125,APP015,2026-02-10,failed,4095.1,USD,LATAM,CP0284,FUTURE,TDR0175,BOOK_B,2025-02-03
TXN0007089592,APP002,2025-01-01,settled,104423.82,CHF,EMEA,CP0421,SWAP,TDR0056,BOOK_C,2025-07-11
TXN0008505676,APP005,2025-05-18,reversed,133056.23,CHF,LATAM,CP0247,BOND,TDR0100,BOOK_D,2025-05-30
TXN0001184519,APP016,2025-06-15,active,5422.87,CHF,LATAM,CP0291,FUTURE,TDR0173,BOOK_B,2025-06-12
TXN0008953688,APP001,2026-03-05,failed,591834.89,USD,APAC,CP0431,SWAP,TDR0140,BOOK_A,2025-06-15
TXN0001902919,APP017,2025-04-24,active,726811.23,GBP,APAC,CP0115,EQUITY,TDR0048,BOOK_C,2025-11-24
TXN0005866071,APP012,2025-07-22,reversed,525322.07,AUD,APAC,CP0002,FX,TDR0118,BOOK_D,2025-10-09
TXN0008350564,APP003,2025-04-26,failed,284651.62,AUD,EMEA,CP0061,SWAP,TDR0054,BOOK_B,2025-05-22
TXN0008758309,APP008,2025-12-12,settled,503335.68,CHF,APAC,CP0404,FX,TDR0143,BOOK_B,2025-10-07
TXN0008881825,APP010,2025-04-21,pending,367868.91,JPY,EMEA,CP0396,BOND,TDR0186,BOOK_D,2025-06-25
TXN0007402175,APP010,2026-01-04,active,602703.23,USD,AMER,CP0281,BOND,TDR0177,BOOK_C,2025-04-27
TXN0000267937,APP015,2026-01-10,failed,682599.95,AUD,LATAM,CP0038,FX,TDR0083,BOOK_B,2025-02-05
TXN0003081088,APP020,2025-05-10,failed,653302.89,AUD,APAC,CP0007,FX,TDR0086,BOOK_B,2025-12-22
TXN0005137799,APP019,2026-01-10,settled,663658.5,GBP,LATAM,CP0294,OPTION,TDR0066,BOOK_B,2025-10-24
TXN0009272950,APP014,2025-10-24,pending,824255.3,EUR,LATAM,CP0091,SWAP,TDR0087,BOOK_C,2025-01-14
TXN0000928784,APP011,2025-06-07,settled,955445.99,EUR,EMEA,CP0237,SWAP,TDR0132,BOOK_D,2025-06-01
TXN0009357764,APP012,2026-03-08,failed,219248.86,USD,AMER,CP0266,FX,TDR0172,BOOK_A,2025-07-01
TXN0007686086,APP007,2025-07-26,settled,533042.67,CHF,AMER,CP0045,EQUITY,TDR0077,BOOK_A,2025-10-11
TXN0004243523,APP008,2025-08-04,active,54106.09,AUD,LATAM,CP0315,FX,TDR0077,BOOK_C,2025-02-23
TXN0001991764,APP004,2026-02-07,reversed,565651.33,EUR,EMEA,CP0211,FUTURE,TDR0016,BOOK_A,2025-09-25
TXN0001462609,APP019,2026-02-07,settled,76309.98,EUR,AMER,CP0368,SWAP,TDR0162,BOOK_A,2025-03-09
TXN0000706711,APP020,2026-03-07,settled,337612.93,CHF,APAC,CP0240,OPTION,TDR0091,BOOK_B,2025-06-03
TXN0003947183,APP011,2025-02-20,settled,66050.66,USD,EMEA,CP0378,BOND,TDR0046,BOOK_A,2025-04-06
TXN0006301058,APP008,2026-01-20,pending,519650.16,GBP,LATAM,CP0022,EQUITY,TDR0029,BOOK_D,2026-03-24
TXN0000937625,APP001,2025-02-08,reversed,420036.85,GBP,AMER,CP0072,EQUITY,TDR0029,BOOK_D,2025-05-26
TXN0000068957,APP001,2025-08-04,pending,775656.8,CHF,AMER,CP0137,SWAP,TDR0155,BOOK_A,2025-12-05
TXN0007442394,APP003,2025-10-22,failed,310358.82,JPY,LATAM,CP0103,EQUITY,TDR0039,BOOK_D,2025-09-18
TXN0001846088,APP018,2025-10-23,settled,618223.87,CHF,EMEA,CP0419,OPTION,TDR0159,BOOK_A,2026-03-11
TXN0001379776,APP012,2025-12-28,failed,409146.61,CHF,EMEA,CP0099,SWAP,TDR0160,BOOK_C,2025-10-30
TXN0004810662,APP016,2025-04-03,settled,704390.79,GBP,AMER,CP0299,EQUITY,TDR0138,BOOK_C,2026-01-09
TXN0006707011,APP019,2026-03-16,active,384732.98,GBP,APAC,CP0252,OPTION,TDR0034,BOOK_A,2025-11-21
TXN0007868204,APP009,2025-09-27,reversed,226428.26,USD,EMEA,CP0220,EQUITY,TDR0087,BOOK_A,2025-12-14
TXN0000824743,APP018,2025-06-17,settled,517560.99,USD,AMER,CP0440,BOND,TDR0196,BOOK_C,2025-06-22
TXN0009335421,APP016,2025-11-29,active,800459.9,CHF,LATAM,CP0374,SWAP,TDR0174,BOOK_C,2026-04-11
TXN0002956082,APP005,2026-03-26,failed,453587.42,USD,LATAM,CP0117,FUTURE,TDR0195,BOOK_B,2026-04-03
TXN0007281689,APP011,2025-05-07,failed,946191.66,AUD,APAC,CP0151,OPTION,TDR0026,BOOK_D,2025-07-23
TXN0001470908,APP008,2025-03-20,reversed,631746.1,JPY,EMEA,CP0166,BOND,TDR0193,BOOK_C,2025-04-11
TXN0004087430,APP001,2025-02-15,pending,870927.93,CHF,APAC,CP0261,EQUITY,TDR0037,BOOK_A,2025-10-25
TXN0008779404,APP011,2025-04-17,active,576340.48,GBP,AMER,CP0205,EQUITY,TDR0173,BOOK_A,2025-07-07
TXN0007923603,APP002,2025-03-01,active,671280.73,CHF,AMER,CP0055,FUTURE,TDR0043,BOOK_D,2025-10-21
TXN0000206154,APP008,2025-09-25,reversed,583839.94,EUR,LATAM,CP0257,FX,TDR0161,BOOK_D,2025-03-29
TXN0003770322,APP015,2025-09-11,active,426789.18,USD,EMEA,CP0215,EQUITY,TDR0078,BOOK_B,2026-01-20
TXN0000565365,APP016,2025-05-13,active,253547.74,CHF,APAC,CP0208,BOND,TDR0198,BOOK_B,2026-02-10
TXN0001992190,APP002,2025-04-23,active,351561.48,CHF,AMER,CP0474,SWAP,TDR0124,BOOK_D,2025-08-12
TXN0002423949,APP016,2025-11-10,reversed,107047.39,EUR,AMER,CP0251,EQUITY,TDR0091,BOOK_A,2025-06-27
TXN0008122208,APP017,2025-04-18,pending,111432.58,EUR,LATAM,CP0398,SWAP,TDR0082,BOOK_C,2025-05-24
TXN0005259767,APP009,2025-11-17,pending,586734.69,AUD,EMEA,CP0368,BOND,TDR0125,BOOK_C,2025-05-15
TXN0004787534,APP012,2025-08-15,settled,904103.91,EUR,EMEA,CP0270,FX,TDR0028,BOOK_A,2025-03-02
TXN0002775757,APP020,2026-02-05,pending,85433.56,EUR,APAC,CP0386,FX,TDR0200,BOOK_D,2026-02-04
TXN0007615238,APP017,2026-02-05,pending,174371.85,EUR,APAC,CP0091,SWAP,TDR0013,BOOK_B,2025-04-08
TXN0000503301,APP015,2025-05-17,active,237116.13,GBP,APAC,CP0051,EQUITY,TDR0004,BOOK_A,2025-04-06
TXN0009287374,APP015,2026-01-10,settled,535801.46,AUD,LATAM,CP0279,FUTURE,TDR0091,BOOK_D,2025-06-29
TXN0005437413,APP014,2026-02-03,failed,752272.97,AUD,AMER,CP0132,OPTION,TDR0148,BOOK_B,2025-09-04
TXN0001176286,APP007,2025-02-25,active,871549.29,USD,APAC,CP0266,FX,TDR0019,BOOK_C,2025-12-13
TXN0007571983,APP006,2026-03-01,settled,866080.68,CHF,AMER,CP0012,SWAP,TDR0132,BOOK_A,2026-02-01
TXN0005864040,APP002,2025-04-22,failed,209311.12,AUD,AMER,CP0333,EQUITY,TDR0015,BOOK_B,2026-03-08
TXN0001218553,APP020,2025-11-11,reversed,678245.45,AUD,APAC,CP0125,EQUITY,TDR0018,BOOK_C,2025-04-26
TXN0003068398,APP014,2025-12-23,settled,38187.2,GBP,AMER,CP0381,FUTURE,TDR0162,BOOK_A,2025-11-23
TXN0007688002,APP019,2025-08-08,pending,267219.71,GBP,AMER,CP0132,SWAP,TDR0196,BOOK_A,2026-02-05
TXN0007266451,APP014,2025-05-23,active,715984.55,CHF,AMER,CP0448,BOND,TDR0169,BOOK_B,2025-07-20
TXN0004345227,APP011,2026-02-14,reversed,863445.68,USD,EMEA,CP0214,BOND,TDR0053,BOOK_C,2026-03-10
TXN0004886750,APP019,2025-02-04,settled,513717.21,JPY,EMEA,CP0193,OPTION,TDR0162,BOOK_D,2025-06-20
TXN0001712893,APP020,2025-03-27,reversed,467919.67,EUR,LATAM,CP0141,EQUITY,TDR0102,BOOK_C,2025-04-17
TXN0006047142,APP019,2025-01-25,reversed,487187.21,JPY,EMEA,CP0470,FX,TDR0020,BOOK_C,2025-06-04
TXN0006493968,APP001,2025-05-12,active,702321.76,JPY,LATAM,CP0040,FX,TDR0130,BOOK_B,2025-02-07
TXN0001977919,APP010,2025-09-20,active,503379.86,JPY,APAC,CP0346,BOND,TDR0109,BOOK_B,2025-05-20
TXN0008456065,APP016,2025-04-09,pending,394209.24,CHF,APAC,CP0146,FUTURE,TDR0177,BOOK_A,2025-08-23
TXN0005985070,APP003,2025-08-16,reversed,203653.95,GBP,APAC,CP0111,FX,TDR0101,BOOK_B,2025-09-25
TXN0003880868,APP008,2025-07-25,pending,955602.82,USD,LATAM,CP0182,OPTION,TDR0097,BOOK_C,2026-02-23
TXN0001338964,APP007,2026-01-23,failed,434781.03,USD,AMER,CP0440,BOND,TDR0185,BOOK_A,2025-09-29
TXN0001067993,APP007,2025-06-10,settled,387086.9,JPY,APAC,CP0225,SWAP,TDR0113,BOOK_C,2025-03-08
TXN0009649096,APP003,2025-09-26,settled,644204.06,CHF,AMER,CP0268,FUTURE,TDR0034,BOOK_B,2025-03-15
TXN0009911725,APP019,2025-07-06,active,899272.86,EUR,EMEA,CP0158,FX,TDR0170,BOOK_C,2025-01-20
TXN0004477439,APP001,2025-09-22,pending,817753.48,CHF,AMER,CP0310,FX,TDR0066,BOOK_D,2026-04-13
TXN0004549364,APP019,2025-08-21,failed,997712.96,JPY,AMER,CP0446,BOND,TDR0110,BOOK_D,2025-12-01
TXN0003835361,APP012,2026-01-21,failed,436997.18,EUR,APAC,CP0084,EQUITY,TDR0082,BOOK_D,2026-03-17
TXN0006626251,APP007,2025-10-24,active,805611.3,JPY,APAC,CP0367,EQUITY,TDR0151,BOOK_B,2026-03-18
TXN0000232338,APP008,2025-07-14,reversed,700146.61,GBP,AMER,CP0219,SWAP,TDR0171,BOOK_A,2025-05-17
TXN0009690471,APP007,2025-03-31,settled,84315.11,GBP,LATAM,CP0346,FX,TDR0017,BOOK_C,2025-01-17
TXN0003459156,APP013,2025-08-04,settled,596082.82,EUR,EMEA,CP0331,BOND,TDR0133,BOOK_B,2025-09-30
TXN0007417331,APP006,2025-10-06,settled,617577.07,JPY,EMEA,CP0058,BOND,TDR0111,BOOK_D,2025-04-18
TXN0005066086,APP006,2025-03-24,pending,125971.68,JPY,EMEA,CP0363,SWAP,TDR0106,BOOK_D,2025-12-21
TXN0009648054,APP012,2025-04-11,pending,418018.46,USD,AMER,CP0343,SWAP,TDR0105,BOOK_A,2025-03-09
TXN0007304127,APP015,2026-04-06,settled,357236.71,GBP,APAC,CP0143,EQUITY,TDR0078,BOOK_C,2026-01-01
TXN0002765366,APP011,2025-07-05,failed,561163.53,JPY,EMEA,CP0393,FX,TDR0019,BOOK_D,2026-01-18
TXN0003967870,APP005,2025-11-14,active,661161.51,AUD,AMER,CP0143,FUTURE,TDR0037,BOOK_B,2026-02-03
TXN0007266430,APP012,2025-08-18,pending,154077.61,USD,AMER,CP0489,FUTURE,TDR0084,BOOK_A,2025-10-15
TXN0008873216,APP015,2026-03-11,failed,534092.07,JPY,EMEA,CP0411,OPTION,TDR0006,BOOK_B,2025-11-15
TXN0000457948,APP003,2026-03-14,pending,349112.88,CHF,APAC,CP0404,BOND,TDR0132,BOOK_A,2025-01-11
TXN0005611401,APP014,2026-03-25,failed,345489.7,JPY,APAC,CP0128,OPTION,TDR0171,BOOK_D,2025-02-03
TXN0000337069,APP020,2025-01-26,active,276443.31,GBP,APAC,CP0477,EQUITY,TDR0131,BOOK_A,2026-01-05
TXN0003610069,APP010,2025-11-02,failed,580044.55,JPY,EMEA,CP0172,FUTURE,TDR0099,BOOK_C,2025-08-11
TXN0006885411,APP002,2025-10-31,failed,478274.34,GBP,AMER,CP0316,OPTION,TDR0090,BOOK_C,2025-07-14
TXN0001439110,APP010,2025-05-01,active,985368.04,CHF,EMEA,CP0221,EQUITY,TDR0006,BOOK_A,2026-03-29
TXN0002549225,APP010,2025-02-06,pending,169610.91,EUR,AMER,CP0207,FX,TDR0085,BOOK_D,2025-07-29
TXN0008517919,APP006,2025-04-14,reversed,297088.91,GBP,AMER,CP0046,BOND,TDR0135,BOOK_B,2025-10-08
TXN0000963467,APP014,2025-01-27,reversed,679732.7,EUR,APAC,CP0321,FX,TDR0061,BOOK_C,2025-12-18
TXN0000020649,APP011,2025-09-06,pending,379389.48,JPY,APAC,CP0449,BOND,TDR0098,BOOK_A,2025-05-18
TXN0003498672,APP005,2025-01-30,failed,954253.35,USD,LATAM,CP0299,OPTION,TDR0164,BOOK_C,2025-08-24
TXN0002387801,APP005,2025-10-21,pending,776374.56,AUD,LATAM,CP0400,FUTURE,TDR0143,BOOK_B,2025-07-20
TXN0001901189,APP020,2026-03-27,pending,487105.1,GBP,LATAM,CP0321,FUTURE,TDR0011,BOOK_C,2025-04-20
TXN0007740994,APP006,2025-08-27,failed,572506.44,JPY,EMEA,CP0250,SWAP,TDR0118,BOOK_A,2025-04-25
TXN0004289742,APP013,2026-03-22,reversed,554342.37,JPY,AMER,CP0432,FUTURE,TDR0179,BOOK_D,2025-10-02
TXN0000719330,APP002,2025-05-19,reversed,792423.41,EUR,LATAM,CP0109,OPTION,TDR0159,BOOK_D,2025-12-21
TXN0006305648,APP003,2026-03-24,reversed,370518.13,AUD,AMER,CP0139,EQUITY,TDR0141,BOOK_C,2025-12-04
TXN0005062396,APP011,2026-02-22,active,176335.62,EUR,LATAM,CP0022,FUTURE,TDR0161,BOOK_C,2025-12-13
TXN0001710065,APP009,2025-01-16,reversed,390748.14,GBP,AMER,CP0320,SWAP,TDR0165,BOOK_C,2025-07-23
TXN0004083555,APP012,2026-03-18,failed,417529.43,GBP,AMER,CP0400,FUTURE,TDR0101,BOOK_D,2026-01-26
TXN0008745754,APP014,2025-05-03,settled,846330.89,GBP,AMER,CP0164,OPTION,TDR0076,BOOK_D,2025-11-29
TXN0009196997,APP001,2025-04-15,pending,340972.38,JPY,AMER,CP0488,EQUITY,TDR0021,BOOK_D,2025-05-15
TXN0000734998,APP016,2025-11-26,failed,265819.24,JPY,AMER,CP0236,OPTION,TDR0072,BOOK_C,2025-03-13
TXN0004720169,APP013,2025-04-19,failed,138444.78,USD,AMER,CP0465,OPTION,TDR0075,BOOK_B,2025-09-13
TXN0001232788,APP020,2025-07-02,failed,240467.11,EUR,AMER,CP0011,FUTURE,TDR0171,BOOK_C,2025-02-09
TXN0002631958,APP006,2025-02-08,reversed,965234.7,EUR,EMEA,CP0369,FX,TDR0024,BOOK_B,2025-02-01
TXN0006709004,APP006,2026-03-18,failed,997550.5,AUD,APAC,CP0432,FX,TDR0047,BOOK_A,2025-06-12
TXN0007757060,APP001,2025-10-22,reversed,664112.61,EUR,EMEA,CP0488,SWAP,TDR0058,BOOK_C,2025-01-29
TXN0009988827,APP010,2025-03-27,settled,918436.52,EUR,EMEA,CP0091,FUTURE,TDR0081,BOOK_B,2025-10-10
TXN0007474581,APP019,2025-10-21,failed,692694.99,CHF,EMEA,CP0107,FUTURE,TDR0169,BOOK_D,2025-02-21
TXN0006154605,APP018,2025-02-16,settled,324972.65,JPY,AMER,CP0105,SWAP,TDR0074,BOOK_D,2026-03-01
TXN0009016360,APP003,2025-01-19,reversed,837999.97,GBP,EMEA,CP0318,EQUITY,TDR0083,BOOK_D,2025-03-23
TXN0009295475,APP011,2025-07-12,failed,466662.35,GBP,LATAM,CP0283,EQUITY,TDR0071,BOOK_B,2026-03-14
TXN0007269730,APP003,2025-11-15,pending,456143.19,USD,EMEA,CP0428,FUTURE,TDR0158,BOOK_C,2025-10-24
TXN0009011016,APP007,2025-12-30,active,102416.95,GBP,LATAM,CP0106,FUTURE,TDR0114,BOOK_D,2025-03-01
TXN0002629639,APP003,2025-07-05,settled,165735.8,AUD,EMEA,CP0175,SWAP,TDR0116,BOOK_A,2025-03-08
TXN0009098122,APP002,2025-05-21,failed,102091.82,EUR,AMER,CP0216,FUTURE,TDR0013,BOOK_C,2026-03-11
TXN0009932588,APP017,2025-03-06,failed,757907.85,USD,APAC,CP0214,FX,TDR0122,BOOK_A,2025-03-02
TXN0002584144,APP012,2025-10-24,pending,485649.2,GBP,AMER,CP0137,FUTURE,TDR0149,BOOK_B,2025-03-30
TXN0001183168,APP006,2026-01-06,settled,107297.77,USD,LATAM,CP0486,FUTURE,TDR0152,BOOK_C,2025-11-05
TXN0002944991,APP012,2025-11-03,settled,670421.01,GBP,APAC,CP0427,OPTION,TDR0061,BOOK_A,2026-02-14
TXN0002761932,APP001,2025-08-12,active,435461.86,USD,LATAM,CP0428,OPTION,TDR0047,BOOK_D,2025-12-09
TXN0002542935,APP019,2025-02-16,active,510736.41,JPY,LATAM,CP0497,FX,TDR0158,BOOK_C,2025-09-11
TXN0007758059,APP001,2026-02-12,active,367140.9,CHF,APAC,CP0081,BOND,TDR0179,BOOK_A,2025-04-02
TXN0001486599,APP017,2025-11-13,settled,600949.38,JPY,LATAM,CP0054,EQUITY,TDR0118,BOOK_B,2025-01-07
TXN0006122509,APP009,2026-02-17,active,671394.88,CHF,AMER,CP0007,EQUITY,TDR0155,BOOK_D,2025-01-30
TXN0005134810,APP019,2025-02-27,failed,493566.64,CHF,APAC,CP0426,FUTURE,TDR0197,BOOK_B,2025-01-10
TXN0006734377,APP004,2025-10-08,reversed,242620.18,EUR,APAC,CP0380,BOND,TDR0186,BOOK_D,2025-04-18
TXN0008729137,APP016,2025-10-11,reversed,72069.54,EUR,LATAM,CP0081,EQUITY,TDR0015,BOOK_B,2025-04-04
TXN0009661768,APP004,2026-02-13,reversed,85661.4,JPY,APAC,CP0010,OPTION,TDR0072,BOOK_B,2025-07-30
TXN0003740245,APP008,2025-11-17,pending,950147.02,CHF,AMER,CP0362,SWAP,TDR0042,BOOK_A,2026-03-17
TXN0003074023,APP020,2025-05-01,active,60670.75,USD,EMEA,CP0261,FX,TDR0107,BOOK_D,2025-03-20
TXN0004905568,APP009,2025-12-22,settled,361886.37,USD,LATAM,CP0285,OPTION,TDR0153,BOOK_D,2025-06-23
TXN0006336348,APP020,2025-05-23,pending,462216.34,AUD,EMEA,CP0465,BOND,TDR0059,BOOK_C,2025-01-24
TXN0008178045,APP002,2026-03-12,pending,300026.42,CHF,EMEA,CP0268,EQUITY,TDR0079,BOOK_C,2025-01-25
TXN0000750418,APP003,2025-07-03,active,598706.23,USD,LATAM,CP0386,EQUITY,TDR0145,BOOK_D,2025-07-13
TXN0002394735,APP016,2025-02-18,failed,647527.43,USD,EMEA,CP0052,FUTURE,TDR0193,BOOK_D,2025-10-31
TXN0004095860,APP008,2025-02-04,pending,875185.89,USD,AMER,CP0316,OPTION,TDR0051,BOOK_A,2025-11-27
TXN0007180592,APP016,2026-02-13,reversed,167722.73,CHF,AMER,CP0342,SWAP,TDR0055,BOOK_A,2026-03-10
TXN0003622501,APP005,2025-04-09,pending,903094.95,AUD,EMEA,CP0379,EQUITY,TDR0168,BOOK_A,2026-02-08
TXN0000753298,APP011,2025-08-15,active,258515.99,JPY,LATAM,CP0357,BOND,TDR0171,BOOK_D,2025-02-20
TXN0007022682,APP020,2025-11-22,settled,834808.46,GBP,EMEA,CP0300,BOND,TDR0082,BOOK_A,2025-02-01
TXN0009833342,APP004,2025-03-28,settled,529221.52,USD,EMEA,CP0162,FX,TDR0097,BOOK_C,2025-02-22
TXN0009079772,APP019,2025-01-07,reversed,128004.69,GBP,LATAM,CP0444,SWAP,TDR0170,BOOK_B,2025-07-21
TXN0000353725,APP003,2025-12-06,active,934350.4,JPY,APAC,CP0010,EQUITY,TDR0129,BOOK_B,2025-07-01
TXN0001109459,APP017,2026-01-11,pending,44356.11,CHF,EMEA,CP0197,EQUITY,TDR0014,BOOK_A,2026-01-31
TXN0005693883,APP008,2025-05-22,active,705701.04,CHF,EMEA,CP0008,BOND,TDR0133,BOOK_C,2026-01-15
TXN0000345027,APP011,2025-09-07,settled,109143.55,GBP,EMEA,CP0025,OPTION,TDR0051,BOOK_A,2025-01-21
TXN0001538169,APP009,2026-01-11,active,669246.35,JPY,AMER,CP0460,FX,TDR0020,BOOK_D,2026-03-17
TXN0004481195,APP011,2025-07-25,active,744860.24,AUD,EMEA,CP0368,SWAP,TDR0125,BOOK_C,2025-11-02
TXN0003618681,APP020,2026-01-17,pending,973306.4,AUD,EMEA,CP0016,OPTION,TDR0157,BOOK_D,2025-04-09
TXN0006081722,APP001,2025-12-25,failed,523232.43,GBP,LATAM,CP0126,FX,TDR0013,BOOK_D,2026-03-29
TXN0002883430,APP011,2026-04-11,reversed,369604.51,EUR,APAC,CP0368,BOND,TDR0009,BOOK_A,2025-10-13
TXN0002095278,APP002,2025-02-18,settled,984339.8,CHF,APAC,CP0153,BOND,TDR0141,BOOK_C,2025-02-15
TXN0003306950,APP010,2025-01-11,pending,733980.37,GBP,AMER,CP0449,BOND,TDR0164,BOOK_B,2025-08-19
TXN0003328787,APP013,2025-07-29,pending,530473.94,CHF,EMEA,CP0500,BOND,TDR0047,BOOK_B,2025-01-01
TXN0004845906,APP013,2026-03-24,settled,6694.56,CHF,LATAM,CP0374,SWAP,TDR0154,BOOK_B,2025-06-13
TXN0001800063,APP019,2026-01-30,failed,899613.67,EUR,LATAM,CP0066,SWAP,TDR0069,BOOK_A,2025-12-29
TXN0006173943,APP011,2025-03-22,settled,424338.73,JPY,LATAM,CP0089,FX,TDR0048,BOOK_C,2025-01-22
TXN0001968944,APP009,2025-11-02,failed,54974.13,JPY,EMEA,CP0389,OPTION,TDR0026,BOOK_D,2025-07-25
TXN0009091295,APP019,2026-02-27,failed,921360.86,GBP,APAC,CP0050,EQUITY,TDR0160,BOOK_B,2025-07-28
TXN0004697372,APP018,2025-06-02,reversed,766360.92,USD,EMEA,CP0272,FUTURE,TDR0046,BOOK_C,2026-04-05
TXN0009612518,APP014,2026-03-04,reversed,167397.43,EUR,APAC,CP0256,SWAP,TDR0117,BOOK_A,2025-08-23
TXN0001065049,APP002,2025-03-03,pending,346631.29,AUD,LATAM,CP0421,SWAP,TDR0023,BOOK_C,2025-05-28
TXN0005608823,APP019,2025-06-22,pending,206419.06,USD,AMER,CP0030,EQUITY,TDR0126,BOOK_B,2026-03-14
TXN0006869896,APP011,2025-08-01,settled,506731.79,CHF,APAC,CP0004,SWAP,TDR0010,BOOK_A,2025-05-19
TXN0002948479,APP005,2025-03-18,active,884588.48,CHF,LATAM,CP0020,OPTION,TDR0117,BOOK_A,2025-11-08
TXN0006551061,APP019,2025-07-06,failed,868661.57,CHF,APAC,CP0435,FUTURE,TDR0008,BOOK_B,2025-01-13
TXN0008963280,APP016,2025-02-15,pending,300933.15,USD,APAC,CP0077,BOND,TDR0082,BOOK_B,2025-09-13
TXN0000241104,APP007,2025-01-28,reversed,840223.19,EUR,AMER,CP0332,FX,TDR0194,BOOK_A,2025-03-22
TXN0006383146,APP001,2025-12-09,failed,85061.94,GBP,AMER,CP0484,SWAP,TDR0109,BOOK_D,2026-04-03
TXN0001970720,APP009,2025-11-30,settled,823010.04,JPY,LATAM,CP0043,SWAP,TDR0122,BOOK_A,2025-12-20
TXN0002904211,APP019,2025-01-15,active,419807.25,AUD,AMER,CP0346,BOND,TDR0078,BOOK_C,2025-05-15
TXN0007088059,APP007,2025-03-29,pending,877556.43,EUR,APAC,CP0130,OPTION,TDR0016,BOOK_D,2025-03-23
TXN0002145638,APP015,2025-12-05,pending,542809.92,GBP,APAC,CP0235,FUTURE,TDR0193,BOOK_A,2026-01-13
TXN0004069697,APP017,2026-04-12,failed,852415.23,GBP,APAC,CP0425,BOND,TDR0036,BOOK_A,2025-03-20
TXN0004957205,APP008,2025-01-29,active,108639.18,JPY,AMER,CP0250,FX,TDR0178,BOOK_A,2025-09-11
TXN0000341191,APP015,2025-06-24,active,562923.59,AUD,LATAM,CP0290,FUTURE,TDR0054,BOOK_B,2025-01-21
TXN0007592218,APP018,2025-02-25,active,309131.13,USD,AMER,CP0140,FX,TDR0031,BOOK_D,2025-07-19
TXN0000016240,APP017,2025-04-13,failed,792422.91,CHF,LATAM,CP0060,SWAP,TDR0080,BOOK_D,2025-08-14
TXN0000823747,APP010,2025-11-04,settled,937687.92,CHF,EMEA,CP0047,EQUITY,TDR0118,BOOK_B,2026-02-13
TXN0003297649,APP015,2025-04-05,failed,320083.12,CHF,EMEA,CP0098,FUTURE,TDR0093,BOOK_B,2025-10-06
TXN0002488423,APP008,2026-01-27,failed,823662.05,EUR,LATAM,CP0115,OPTION,TDR0095,BOOK_D,2025-10-28
TXN0009945087,APP006,2025-12-17,active,280613.09,USD,LATAM,CP0346,SWAP,TDR0096,BOOK_B,2025-09-11
TXN0006457758,APP019,2025-07-30,reversed,471273.24,JPY,AMER,CP0179,SWAP,TDR0037,BOOK_D,2025-11-27
TXN0006617658,APP018,2025-04-15,pending,480670.29,AUD,EMEA,CP0050,FX,TDR0063,BOOK_B,2025-09-01
TXN0001361502,APP005,2025-12-26,reversed,978670.45,GBP,AMER,CP0102,EQUITY,TDR0193,BOOK_D,2026-01-06
TXN0002767910,APP019,2025-03-06,active,310589.91,JPY,APAC,CP0341,BOND,TDR0109,BOOK_A,2025-09-03
TXN0008253449,APP007,2025-08-29,active,272058.22,JPY,LATAM,CP0119,FUTURE,TDR0171,BOOK_B,2025-10-03
TXN0002517082,APP015,2025-03-20,pending,848114.73,JPY,APAC,CP0472,FUTURE,TDR0185,BOOK_C,2025-09-17
TXN0000496584,APP018,2025-12-15,active,210745.75,CHF,EMEA,CP0298,FX,TDR0076,BOOK_B,2025-11-26
TXN0009465184,APP011,2025-04-08,settled,944785.98,CHF,EMEA,CP0357,BOND,TDR0184,BOOK_C,2025-09-15
TXN0007811288,APP008,2026-01-10,pending,371382.67,EUR,LATAM,CP0023,FUTURE,TDR0145,BOOK_B,2025-04-27
TXN0008803023,APP003,2026-04-04,settled,805909.92,AUD,APAC,CP0332,EQUITY,TDR0085,BOOK_C,2025-01-30
TXN0002344727,APP003,2025-03-19,settled,729570.3,GBP,APAC,CP0034,OPTION,TDR0059,BOOK_D,2025-01-10
TXN0003379559,APP007,2025-03-15,reversed,666172.63,JPY,EMEA,CP0002,FUTURE,TDR0101,BOOK_C,2025-11-21
TXN0001473864,APP001,2026-02-20,active,421735.91,JPY,AMER,CP0486,FUTURE,TDR0177,BOOK_A,2025-06-28
TXN0007951666,APP016,2026-03-17,failed,921255.07,EUR,LATAM,CP0244,FUTURE,TDR0093,BOOK_C,2025-01-29
TXN0005274227,APP016,2025-10-05,failed,898796.28,EUR,AMER,CP0015,OPTION,TDR0004,BOOK_C,2025-05-31
TXN0008033921,APP010,2025-04-11,pending,721580.08,JPY,APAC,CP0098,BOND,TDR0119,BOOK_B,2025-09-14
TXN0002994036,APP016,2025-09-15,settled,335382.13,USD,EMEA,CP0145,FUTURE,TDR0112,BOOK_C,2025-05-26
TXN0006274508,APP010,2025-06-08,active,327619.58,JPY,APAC,CP0080,FUTURE,TDR0081,BOOK_A,2026-03-31
TXN0003499500,APP014,2025-09-16,failed,606545.71,CHF,EMEA,CP0352,EQUITY,TDR0052,BOOK_D,2025-01-03
TXN0003276381,APP013,2025-12-08,settled,754536.71,AUD,AMER,CP0489,EQUITY,TDR0042,BOOK_D,2025-03-31
TXN0004550867,APP005,2025-09-23,pending,956752.65,USD,AMER,CP0177,SWAP,TDR0121,BOOK_A,2025-03-04
TXN0001226770,APP009,2025-12-02,pending,55068.67,AUD,EMEA,CP0400,FUTURE,TDR0173,BOOK_C,2025-03-08
TXN0001114120,APP019,2025-11-06,pending,14677.84,USD,EMEA,CP0245,FX,TDR0092,BOOK_A,2025-11-24
TXN0002878138,APP008,2025-04-23,settled,336066.76,AUD,LATAM,CP0213,BOND,TDR0113,BOOK_C,2025-08-20
TXN0009175657,APP012,2025-12-26,active,505191.52,JPY,AMER,CP0199,EQUITY,TDR0132,BOOK_D,2025-09-25
TXN0004054075,APP002,2025-11-27,reversed,47065.19,EUR,LATAM,CP0143,BOND,TDR0078,BOOK_D,2025-07-06
TXN0006012752,APP001,2025-12-22,settled,818933.25,GBP,LATAM,CP0205,FX,TDR0152,BOOK_D,2025-12-27
TXN0000226804,APP008,2025-03-21,pending,18539.09,EUR,APAC,CP0415,FX,TDR0139,BOOK_B,2025-07-08
TXN0007406216,APP011,2025-10-13,failed,274587.65,USD,APAC,CP0070,FUTURE,TDR0012,BOOK_D,2025-04-06
TXN0003271218,APP012,2025-03-01,settled,377435.31,USD,AMER,CP0160,SWAP,TDR0143,BOOK_C,2025-02-07
TXN0002235707,APP004,2025-07-24,reversed,617176.18,USD,LATAM,CP0437,EQUITY,TDR0019,BOOK_D,2025-06-15
TXN0002537048,APP012,2025-03-15,pending,797674.69,CHF,LATAM,CP0053,FX,TDR0200,BOOK_D,2025-02-09
TXN0003438442,APP001,2025-09-11,reversed,515050.37,CHF,APAC,CP0375,FUTURE,TDR0127,BOOK_B,2026-01-19
TXN0004651701,APP004,2025-12-29,active,71718.49,USD,AMER,CP0015,SWAP,TDR0175,BOOK_D,2026-01-20
TXN0009811308,APP014,2025-10-10,settled,38460.6,CHF,APAC,CP0257,EQUITY,TDR0093,BOOK_A,2025-03-01
TXN0008308465,APP003,2025-01-10,pending,28683.59,JPY,EMEA,CP0335,FX,TDR0008,BOOK_A,2025-10-28
TXN0002983550,APP017,2026-01-19,reversed,281912.7,JPY,APAC,CP0061,FX,TDR0174,BOOK_C,2025-03-02
TXN0008373383,APP014,2025-05-15,reversed,340309.67,AUD,LATAM,CP0332,FUTURE,TDR0132,BOOK_B,2025-07-23
TXN0002787240,APP003,2025-08-21,reversed,884098.06,JPY,EMEA,CP0249,FUTURE,TDR0150,BOOK_C,2025-04-01
TXN0000839266,APP006,2025-09-08,active,799455.96,AUD,APAC,CP0141,FUTURE,TDR0065,BOOK_A,2025-05-10
TXN0003846090,APP014,2026-01-17,failed,32048.11,EUR,AMER,CP0317,EQUITY,TDR0024,BOOK_C,2025-01-29
TXN0007001610,APP012,2025-01-19,settled,886807.95,GBP,AMER,CP0129,OPTION,TDR0010,BOOK_C,2025-05-14
TXN0006297616,APP003,2025-05-22,settled,666412.75,USD,LATAM,CP0406,EQUITY,TDR0153,BOOK_A,2025-06-05
TXN0007360653,APP017,2025-06-10,pending,908492.02,JPY,EMEA,CP0399,SWAP,TDR0037,BOOK_C,2026-03-28
TXN0004516129,APP009,2026-03-09,pending,658832.02,EUR,LATAM,CP0417,SWAP,TDR0157,BOOK_C,2026-03-30
TXN0005349899,APP016,2026-01-09,pending,710947.8,USD,LATAM,CP0149,BOND,TDR0113,BOOK_A,2025-03-21
TXN0000550997,APP006,2025-06-03,failed,564530.3,GBP,APAC,CP0326,FUTURE,TDR0139,BOOK_B,2026-02-23
TXN0003451213,APP015,2025-05-18,settled,858260.61,AUD,AMER,CP0476,FX,TDR0016,BOOK_B,2025-08-30
TXN0005377491,APP007,2025-03-24,failed,785887.22,USD,EMEA,CP0222,BOND,TDR0141,BOOK_A,2026-04-03
TXN0009728134,APP001,2025-01-22,pending,765042.45,USD,EMEA,CP0371,OPTION,TDR0183,BOOK_D,2025-05-26
TXN0006393444,APP019,2025-12-08,active,670950.59,JPY,APAC,CP0403,BOND,TDR0029,BOOK_A,2026-01-18
TXN0000838362,APP003,2025-01-01,settled,837709.63,CHF,LATAM,CP0369,EQUITY,TDR0056,BOOK_A,2025-08-03
TXN0002417433,APP019,2025-09-28,pending,221184.62,AUD,EMEA,CP0338,SWAP,TDR0120,BOOK_B,2025-11-21
TXN0007651277,APP008,2025-06-30,active,341076.75,JPY,APAC,CP0495,FUTURE,TDR0072,BOOK_D,2026-01-11
TXN0002963700,APP014,2026-02-18,reversed,615794.49,JPY,LATAM,CP0042,FX,TDR0138,BOOK_B,2025-04-20
TXN0009950829,APP010,2025-09-10,reversed,927647.43,EUR,APAC,CP0463,EQUITY,TDR0016,BOOK_B,2025-08-04
TXN0003563014,APP011,2025-01-05,failed,299954.73,CHF,LATAM,CP0276,FX,TDR0182,BOOK_A,2026-03-05
TXN0008550125,APP015,2025-11-04,pending,284175.02,GBP,LATAM,CP0327,OPTION,TDR0043,BOOK_D,2025-09-15
TXN0000858723,APP001,2026-02-17,active,278340.64,EUR,LATAM,CP0107,SWAP,TDR0192,BOOK_C,2025-11-28
TXN0002317650,APP002,2025-12-20,reversed,914120.39,CHF,EMEA,CP0153,BOND,TDR0177,BOOK_B,2025-08-31
TXN0003544081,APP002,2025-05-03,settled,567825.76,GBP,AMER,CP0475,SWAP,TDR0072,BOOK_B,2025-01-07
TXN0008175712,APP003,2026-04-09,settled,123274.19,JPY,APAC,CP0282,FX,TDR0040,BOOK_D,2026-02-05
TXN0009463371,APP001,2025-11-27,active,436342.61,USD,EMEA,CP0195,SWAP,TDR0102,BOOK_C,2025-06-14
TXN0004717236,APP008,2025-11-20,pending,188799.29,GBP,APAC,CP0356,FUTURE,TDR0067,BOOK_D,2025-04-30
TXN0002668380,APP007,2026-01-10,settled,728194.18,JPY,EMEA,CP0375,SWAP,TDR0096,BOOK_C,2025-11-20
TXN0000392365,APP020,2025-01-01,active,34754.16,JPY,APAC,CP0396,FUTURE,TDR0036,BOOK_D,2025-02-14
TXN0009389991,APP014,2025-09-25,pending,447169.12,GBP,AMER,CP0436,SWAP,TDR0139,BOOK_D,2025-09-11
TXN0007102275,APP002,2025-04-03,failed,515480.15,GBP,APAC,CP0138,BOND,TDR0141,BOOK_B,2025-12-07
TXN0006335066,APP010,2025-11-06,pending,800133.7,USD,APAC,CP0338,EQUITY,TDR0144,BOOK_A,2025-01-02
TXN0008664485,APP005,2025-07-10,reversed,759724.77,USD,EMEA,CP0370,OPTION,TDR0027,BOOK_D,2026-02-26
TXN0009455815,APP003,2026-01-13,active,645537.26,GBP,APAC,CP0044,SWAP,TDR0138,BOOK_D,2025-05-01
TXN0009480903,APP004,2026-03-21,reversed,990122.77,CHF,LATAM,CP0258,FX,TDR0171,BOOK_A,2025-06-25
TXN0000557466,APP006,2025-06-14,settled,71008.94,GBP,EMEA,CP0378,FUTURE,TDR0193,BOOK_D,2026-01-22
TXN0000956604,APP014,2025-11-19,settled,575002.83,CHF,AMER,CP0214,BOND,TDR0012,BOOK_A,2025-01-07
TXN0008814193,APP013,2026-03-26,pending,625423.16,AUD,APAC,CP0338,OPTION,TDR0162,BOOK_C,2025-01-26
TXN0005484973,APP019,2025-07-10,active,104703.9,JPY,EMEA,CP0455,SWAP,TDR0109,BOOK_D,2026-02-02
TXN0002839305,APP016,2026-02-18,active,643728.78,JPY,EMEA,CP0154,EQUITY,TDR0087,BOOK_A,2026-02-16
TXN0007305311,APP018,2025-05-17,active,33844.22,USD,AMER,CP0041,BOND,TDR0074,BOOK_D,2025-07-03
TXN0007044700,APP019,2025-02-12,active,640961.22,CHF,EMEA,CP0157,EQUITY,TDR0095,BOOK_D,2025-07-21
TXN0002948616,APP008,2025-06-02,active,493562.39,AUD,AMER,CP0168,FX,TDR0185,BOOK_A,2026-03-16
TXN0001164905,APP006,2025-05-09,reversed,266.31,USD,APAC,CP0277,SWAP,TDR0139,BOOK_B,2025-01-13
TXN0005015967,APP009,2025-05-27,active,510772.75,AUD,EMEA,CP0005,FX,TDR0146,BOOK_A,2025-07-18
TXN0002400245,APP012,2025-10-15,settled,606768.08,CHF,LATAM,CP0313,OPTION,TDR0188,BOOK_B,2026-03-20
TXN0001855447,APP018,2025-07-10,reversed,21375.05,CHF,APAC,CP0461,OPTION,TDR0141,BOOK_D,2025-12-08
TXN0009005959,APP011,2025-02-22,reversed,808437.55,AUD,LATAM,CP0440,EQUITY,TDR0062,BOOK_D,2025-10-30
TXN0004932732,APP008,2025-09-22,pending,30067.89,CHF,EMEA,CP0472,EQUITY,TDR0058,BOOK_C,2025-11-17
TXN0002311960,APP010,2025-09-18,reversed,248278.19,JPY,EMEA,CP0356,FX,TDR0132,BOOK_A,2025-05-10
TXN0000843292,APP011,2025-04-07,reversed,712040.45,AUD,AMER,CP0470,BOND,TDR0131,BOOK_C,2025-02-25
TXN0004577111,APP006,2026-02-13,failed,448505.23,EUR,LATAM,CP0056,EQUITY,TDR0178,BOOK_A,2025-02-27
TXN0000492698,APP001,2025-07-02,failed,452726.48,USD,EMEA,CP0270,FUTURE,TDR0019,BOOK_C,2025-12-18
TXN0004397783,APP005,2026-02-22,failed,156545.35,CHF,APAC,CP0074,OPTION,TDR0028,BOOK_A,2025-05-18
TXN0000942339,APP008,2025-10-17,pending,657801.73,CHF,LATAM,CP0416,EQUITY,TDR0072,BOOK_D,2025-03-31
TXN0005368046,APP015,2026-02-16,reversed,400660.93,GBP,EMEA,CP0043,FUTURE,TDR0166,BOOK_C,2025-03-25
TXN0008147565,APP006,2025-01-19,settled,982419.75,EUR,APAC,CP0479,OPTION,TDR0124,BOOK_C,2025-02-24
TXN0008910138,APP001,2026-04-13,active,289512.89,GBP,LATAM,CP0384,BOND,TDR0048,BOOK_B,2025-04-14
TXN0006768046,APP014,2025-08-25,pending,131841.45,JPY,LATAM,CP0120,EQUITY,TDR0086,BOOK_A,2026-02-22
TXN0006629979,APP014,2026-04-06,failed,107374.63,JPY,EMEA,CP0472,OPTION,TDR0096,BOOK_D,2025-06-29
TXN0002905989,APP019,2025-11-17,settled,826940.27,CHF,LATAM,CP0054,FUTURE,TDR0073,BOOK_B,2025-11-21
TXN0001901561,APP019,2026-04-09,failed,223811.81,JPY,EMEA,CP0391,SWAP,TDR0139,BOOK_C,2025-09-18
TXN0005964525,APP016,2025-01-22,settled,864771.22,AUD,EMEA,CP0397,EQUITY,TDR0127,BOOK_C,2025-06-01
TXN0007031458,APP008,2025-02-18,settled,601454.4,EUR,EMEA,CP0297,FX,TDR0125,BOOK_C,2025-06-05
TXN0004318548,APP005,2025-04-11,active,186708.23,EUR,LATAM,CP0375,FX,TDR0049,BOOK_D,2025-03-23
TXN0009509744,APP010,2025-08-17,failed,640903.42,GBP,APAC,CP0359,OPTION,TDR0057,BOOK_A,2025-01-07
TXN0009115214,APP004,2026-03-30,failed,304592.04,CHF,APAC,CP0094,SWAP,TDR0172,BOOK_D,2025-10-31
TXN0003227996,APP015,2025-09-18,reversed,36888.94,GBP,APAC,CP0190,SWAP,TDR0176,BOOK_C,2025-08-31
TXN0008848465,APP012,2025-10-19,active,868906.04,AUD,LATAM,CP0145,SWAP,TDR0070,BOOK_B,2025-05-07
TXN0009262640,APP009,2025-12-05,pending,648596.98,USD,EMEA,CP0272,EQUITY,TDR0093,BOOK_D,2025-11-05
TXN0004798375,APP007,2025-06-02,failed,265898.16,CHF,APAC,CP0275,OPTION,TDR0127,BOOK_D,2025-10-01
TXN0007694887,APP014,2026-01-12,settled,889299.37,GBP,EMEA,CP0124,EQUITY,TDR0158,BOOK_B,2025-02-02
TXN0007153004,APP011,2025-11-25,failed,321840.06,CHF,AMER,CP0483,FUTURE,TDR0030,BOOK_A,2025-05-08
TXN0009983356,APP009,2025-12-04,reversed,865628.19,AUD,LATAM,CP0091,BOND,TDR0062,BOOK_A,2026-03-08
TXN0009348297,APP013,2025-08-29,failed,639688.69,JPY,APAC,CP0080,FUTURE,TDR0153,BOOK_C,2025-01-05
TXN0002327593,APP004,2026-02-08,active,973950.31,USD,AMER,CP0249,OPTION,TDR0190,BOOK_D,2025-03-20
TXN0005233094,APP009,2025-05-27,failed,795644.52,USD,AMER,CP0098,FUTURE,TDR0027,BOOK_D,2025-01-20
TXN0000816050,APP009,2025-05-16,active,214763.53,GBP,EMEA,CP0455,OPTION,TDR0048,BOOK_A,2025-04-27
TXN0000692521,APP017,2025-11-26,settled,484060.46,EUR,LATAM,CP0161,SWAP,TDR0071,BOOK_C,2026-02-03
TXN0000828381,APP007,2026-04-11,settled,681407.99,JPY,AMER,CP0338,SWAP,TDR0192,BOOK_C,2026-01-02
TXN0009118916,APP009,2026-04-06,settled,251035.13,USD,AMER,CP0067,FX,TDR0195,BOOK_C,2026-01-28
TXN0004186928,APP013,2025-11-03,reversed,631661.0,EUR,APAC,CP0018,FX,TDR0017,BOOK_B,2026-01-23
TXN0009649949,APP009,2025-04-01,reversed,726492.87,JPY,AMER,CP0087,OPTION,TDR0070,BOOK_A,2025-03-18
TXN0006562514,APP010,2025-04-08,failed,721610.78,EUR,APAC,CP0219,SWAP,TDR0167,BOOK_B,2026-03-17
TXN0007396123,APP007,2025-04-01,failed,560496.41,CHF,LATAM,CP0253,FX,TDR0044,BOOK_A,2026-02-19
TXN0005883819,APP008,2025-08-25,failed,895082.13,JPY,APAC,CP0346,FX,TDR0045,BOOK_C,2025-08-26
TXN0004328260,APP012,2026-01-19,active,382021.7,JPY,EMEA,CP0438,BOND,TDR0057,BOOK_C,2025-05-31
TXN0004792169,APP013,2025-02-24,pending,873862.71,USD,LATAM,CP0188,FUTURE,TDR0022,BOOK_D,2026-04-11
TXN0000460101,APP007,2025-11-02,pending,43845.63,USD,AMER,CP0254,EQUITY,TDR0090,BOOK_B,2025-01-23
TXN0000268730,APP015,2026-03-04,active,508983.04,EUR,APAC,CP0137,SWAP,TDR0143,BOOK_B,2025-09-27
TXN0005522982,APP010,2025-12-31,reversed,758847.44,GBP,EMEA,CP0146,BOND,TDR0127,BOOK_C,2025-12-12
TXN0000876522,APP018,2025-12-01,pending,184123.68,USD,AMER,CP0317,OPTION,TDR0069,BOOK_B,2026-03-02
TXN0001761880,APP014,2026-04-11,pending,235213.37,USD,EMEA,CP0398,BOND,TDR0048,BOOK_D,2025-12-05
TXN0002132758,APP017,2025-07-15,failed,612790.18,AUD,AMER,CP0219,OPTION,TDR0195,BOOK_D,2025-05-01
TXN0003973663,APP014,2026-01-30,pending,230850.92,EUR,EMEA,CP0381,OPTION,TDR0095,BOOK_C,2025-06-15
TXN0004593787,APP010,2026-03-22,failed,781262.53,AUD,AMER,CP0390,FUTURE,TDR0121,BOOK_A,2026-01-16
TXN0009347895,APP014,2025-06-16,active,223423.73,CHF,AMER,CP0164,BOND,TDR0120,BOOK_A,2026-02-09
TXN0001249583,APP007,2026-02-17,active,252030.21,EUR,LATAM,CP0025,OPTION,TDR0167,BOOK_B,2025-08-13
TXN0006819231,APP004,2025-09-13,settled,201632.72,EUR,EMEA,CP0288,OPTION,TDR0082,BOOK_A,2026-04-10
TXN0007840499,APP009,2025-08-26,failed,207906.67,USD,LATAM,CP0151,FUTURE,TDR0107,BOOK_B,2025-04-06
TXN0008031535,APP020,2025-01-10,settled,355555.83,CHF,APAC,CP0363,OPTION,TDR0078,BOOK_A,2025-02-28
TXN0001297447,APP020,2025-08-23,failed,211834.49,AUD,AMER,CP0194,BOND,TDR0080,BOOK_A,2025-10-24
TXN0006508656,APP018,2025-12-10,active,980069.84,GBP,APAC,CP0116,BOND,TDR0187,BOOK_D,2025-11-17
TXN0002789839,APP002,2025-08-26,active,612826.95,CHF,EMEA,CP0097,EQUITY,TDR0063,BOOK_D,2025-02-08
TXN0009223073,APP002,2026-03-31,active,230988.29,CHF,AMER,CP0226,OPTION,TDR0026,BOOK_B,2025-08-07
TXN0005486824,APP018,2025-12-02,active,794046.75,USD,APAC,CP0236,BOND,TDR0024,BOOK_D,2026-03-03
TXN0000338326,APP015,2026-01-21,active,601676.66,JPY,LATAM,CP0483,FX,TDR0141,BOOK_A,2025-05-29
TXN0009020768,APP011,2025-07-06,pending,48803.28,CHF,APAC,CP0401,EQUITY,TDR0065,BOOK_D,2025-05-24
TXN0001288781,APP002,2025-01-18,active,614124.31,GBP,APAC,CP0057,EQUITY,TDR0006,BOOK_C,2025-12-03
TXN0003176028,APP008,2025-01-31,settled,92725.28,USD,AMER,CP0135,EQUITY,TDR0110,BOOK_C,2025-12-08
TXN0003851351,APP014,2025-05-28,reversed,779683.79,GBP,APAC,CP0301,SWAP,TDR0192,BOOK_C,2025-05-21
TXN0008480105,APP009,2025-06-21,reversed,630414.38,AUD,EMEA,CP0462,FX,TDR0051,BOOK_A,2025-03-14
TXN0009395250,APP002,2026-01-11,pending,278725.53,CHF,AMER,CP0152,SWAP,TDR0185,BOOK_B,2025-06-28
TXN0002449740,APP018,2025-03-19,reversed,914143.84,USD,AMER,CP0448,SWAP,TDR0081,BOOK_D,2025-05-28
TXN0005981358,APP001,2026-04-06,settled,768044.89,USD,EMEA,CP0284,BOND,TDR0057,BOOK_C,2025-11-18
TXN0002625969,APP008,2025-01-22,reversed,311212.37,USD,EMEA,CP0436,FUTURE,TDR0001,BOOK_A,2026-03-11
TXN0000022694,APP005,2026-01-04,settled,808574.73,USD,AMER,CP0282,FX,TDR0144,BOOK_B,2025-02-10
TXN0008185589,APP005,2025-11-14,active,670975.63,JPY,EMEA,CP0171,OPTION,TDR0178,BOOK_A,2025-05-30
TXN0000919249,APP001,2025-04-02,pending,833956.89,CHF,LATAM,CP0457,FUTURE,TDR0017,BOOK_B,2025-10-12
TXN0004229593,APP002,2025-02-06,failed,134919.3,CHF,APAC,CP0474,BOND,TDR0074,BOOK_B,2025-10-20
TXN0008571854,APP007,2025-07-12,pending,792004.5,EUR,LATAM,CP0230,FX,TDR0188,BOOK_D,2025-12-24
TXN0000826441,APP011,2025-04-16,reversed,140096.46,AUD,EMEA,CP0082,OPTION,TDR0132,BOOK_A,2026-02-08
TXN0003626761,APP011,2025-12-24,settled,528928.49,CHF,AMER,CP0266,OPTION,TDR0166,BOOK_A,2025-08-18
TXN0006632710,APP007,2025-02-21,pending,455260.78,JPY,APAC,CP0184,FX,TDR0088,BOOK_A,2026-01-09
TXN0008550845,APP002,2025-02-01,reversed,824162.31,JPY,AMER,CP0339,FX,TDR0072,BOOK_B,2025-03-09
TXN0008925585,APP001,2025-01-24,settled,61981.43,USD,LATAM,CP0104,FX,TDR0005,BOOK_D,2025-04-12
TXN0006854189,APP007,2026-01-12,pending,5245.26,AUD,APAC,CP0267,FX,TDR0144,BOOK_D,2025-10-14
TXN0004315623,APP013,2026-03-26,settled,677953.51,AUD,AMER,CP0288,EQUITY,TDR0118,BOOK_B,2025-09-20
TXN0003695602,APP012,2025-04-17,pending,168055.64,AUD,EMEA,CP0215,FX,TDR0115,BOOK_A,2025-11-20
TXN0004737581,APP004,2026-01-03,failed,812326.22,USD,AMER,CP0172,BOND,TDR0164,BOOK_B,2025-07-09
TXN0009465249,APP019,2026-03-12,active,970124.3,EUR,AMER,CP0301,FX,TDR0133,BOOK_D,2025-09-15
TXN0001651383,APP006,2025-06-04,reversed,765014.29,GBP,AMER,CP0418,FX,TDR0166,BOOK_D,2025-06-20
TXN0001963262,APP016,2026-03-07,settled,696597.57,AUD,LATAM,CP0191,FX,TDR0144,BOOK_A,2026-04-13
TXN0000771937,APP020,2025-04-04,pending,895012.64,CHF,LATAM,CP0374,OPTION,TDR0138,BOOK_C,2025-07-22
TXN0002218543,APP010,2025-07-04,active,509236.51,AUD,AMER,CP0027,FX,TDR0030,BOOK_A,2025-10-17
TXN0009505925,APP019,2025-09-17,active,418580.61,USD,LATAM,CP0149,OPTION,TDR0157,BOOK_C,2025-07-04
TXN0009048699,APP006,2026-01-23,settled,79584.53,EUR,APAC,CP0079,FUTURE,TDR0137,BOOK_D,2026-01-03
TXN0009918922,APP006,2025-01-30,pending,810629.08,JPY,APAC,CP0471,FUTURE,TDR0036,BOOK_C,2025-02-20
TXN0008390052,APP018,2026-01-31,active,842653.52,EUR,EMEA,CP0148,SWAP,TDR0031,BOOK_B,2025-08-13
TXN0008623762,APP013,2025-04-07,pending,347829.63,USD,APAC,CP0143,OPTION,TDR0163,BOOK_A,2026-01-12
TXN0000811231,APP012,2026-04-09,reversed,476305.51,EUR,LATAM,CP0280,EQUITY,TDR0089,BOOK_D,2026-02-14
TXN0006973524,APP016,2025-12-11,active,468478.58,EUR,APAC,CP0122,OPTION,TDR0003,BOOK_A,2025-11-03
TXN0007369644,APP004,2025-11-04,failed,957899.52,USD,APAC,CP0166,OPTION,TDR0169,BOOK_D,2026-02-20
TXN0006777554,APP014,2026-03-22,reversed,336786.04,AUD,AMER,CP0067,BOND,TDR0071,BOOK_A,2025-04-13
TXN0005021009,APP011,2026-04-01,active,875758.84,EUR,APAC,CP0118,SWAP,TDR0111,BOOK_B,2025-11-05
TXN0005199450,APP005,2026-02-09,pending,566124.68,JPY,APAC,CP0424,FUTURE,TDR0082,BOOK_C,2025-03-03
TXN0002886069,APP018,2025-03-25,reversed,249639.43,CHF,APAC,CP0462,BOND,TDR0012,BOOK_B,2026-01-17
TXN0002339301,APP010,2026-03-01,settled,415269.51,AUD,APAC,CP0343,OPTION,TDR0029,BOOK_A,2025-10-10
TXN0009068502,APP014,2025-01-27,reversed,317037.2,USD,APAC,CP0171,EQUITY,TDR0002,BOOK_B,2025-03-21
TXN0003520185,APP009,2025-01-24,active,621193.84,CHF,EMEA,CP0391,SWAP,TDR0121,BOOK_C,2025-10-22
TXN0005057291,APP003,2025-11-01,pending,828976.15,JPY,AMER,CP0148,SWAP,TDR0004,BOOK_B,2026-01-29
TXN0000646603,APP009,2025-09-07,reversed,710088.72,AUD,AMER,CP0136,FUTURE,TDR0087,BOOK_D,2025-02-09
TXN0009102765,APP014,2025-05-06,reversed,128018.52,CHF,EMEA,CP0077,FUTURE,TDR0011,BOOK_A,2025-09-01
TXN0000900030,APP001,2025-07-31,reversed,470280.39,EUR,APAC,CP0277,BOND,TDR0003,BOOK_C,2025-02-15
TXN0003952924,APP008,2025-11-26,active,734667.0,JPY,LATAM,CP0261,FX,TDR0066,BOOK_B,2025-01-13
TXN0007302221,APP017,2025-12-09,pending,356345.05,EUR,APAC,CP0279,SWAP,TDR0137,BOOK_A,2025-09-15
TXN0001097125,APP008,2025-09-23,settled,806525.99,JPY,AMER,CP0274,EQUITY,TDR0059,BOOK_C,2025-10-27
TXN0002554611,APP006,2025-02-13,settled,363916.04,GBP,APAC,CP0389,EQUITY,TDR0017,BOOK_B,2026-01-31
TXN0000552354,APP018,2025-07-28,reversed,539534.62,JPY,AMER,CP0158,FX,TDR0077,BOOK_B,2025-02-14
TXN0009361136,APP013,2025-05-29,settled,56346.7,JPY,LATAM,CP0467,FX,TDR0059,BOOK_C,2025-11-09
TXN0006271480,APP010,2026-01-01,settled,238102.83,AUD,LATAM,CP0289,FUTURE,TDR0008,BOOK_D,2025-11-18
TXN0000997473,APP015,2025-01-13,pending,758820.82,CHF,APAC,CP0050,FUTURE,TDR0109,BOOK_D,2025-08-28
TXN0007881435,APP015,2025-02-21,reversed,397629.83,USD,AMER,CP0426,FUTURE,TDR0177,BOOK_C,2025-10-19
TXN0001731845,APP013,2025-03-13,failed,323086.65,USD,APAC,CP0099,EQUITY,TDR0059,BOOK_D,2025-01-10
TXN0006910403,APP002,2025-01-26,failed,389377.81,CHF,AMER,CP0345,EQUITY,TDR0174,BOOK_A,2025-02-08
TXN0007739074,APP008,2025-12-31,failed,883747.37,JPY,AMER,CP0313,OPTION,TDR0044,BOOK_B,2025-11-18
TXN0002094602,APP005,2025-03-31,reversed,880951.36,EUR,LATAM,CP0342,SWAP,TDR0044,BOOK_D,2026-03-04
TXN0009637442,APP004,2025-09-27,reversed,422781.23,EUR,AMER,CP0006,FUTURE,TDR0185,BOOK_A,2025-09-10
TXN0005778232,APP010,2025-02-05,settled,833832.43,GBP,EMEA,CP0103,OPTION,TDR0052,BOOK_D,2026-02-22
TXN0003588066,APP018,2025-02-06,active,598795.39,CHF,APAC,CP0328,EQUITY,TDR0122,BOOK_D,2025-08-03
TXN0003841284,APP008,2025-12-31,failed,187359.98,GBP,AMER,CP0054,BOND,TDR0128,BOOK_B,2025-09-25
TXN0004258542,APP011,2025-03-14,reversed,751380.75,USD,LATAM,CP0241,FX,TDR0141,BOOK_A,2026-01-11
TXN0001535972,APP014,2025-08-15,reversed,684049.78,USD,AMER,CP0042,OPTION,TDR0156,BOOK_B,2025-01-16
TXN0005150452,APP004,2025-11-23,failed,906770.45,EUR,AMER,CP0122,BOND,TDR0110,BOOK_B,2025-06-19
TXN0004495512,APP020,2025-06-29,active,782882.25,USD,LATAM,CP0109,OPTION,TDR0070,BOOK_D,2025-03-08
TXN0008861653,APP009,2025-10-24,active,474805.18,CHF,AMER,CP0117,OPTION,TDR0136,BOOK_A,2025-03-04
TXN0001476402,APP016,2025-04-26,reversed,702990.97,EUR,APAC,CP0475,FUTURE,TDR0097,BOOK_B,2025-03-31
TXN0006319493,APP008,2025-05-12,pending,436855.11,USD,EMEA,CP0450,BOND,TDR0043,BOOK_D,2025-12-23
TXN0006005055,APP009,2025-04-05,pending,481264.15,GBP,EMEA,CP0355,OPTION,TDR0081,BOOK_C,2025-03-03
TXN0009992670,APP009,2025-03-21,active,962286.62,USD,EMEA,CP0086,BOND,TDR0097,BOOK_D,2026-02-23
TXN0003628760,APP003,2025-08-01,settled,744472.28,USD,LATAM,CP0085,SWAP,TDR0078,BOOK_B,2025-08-31
TXN0008917203,APP016,2026-04-04,settled,862739.81,USD,AMER,CP0256,EQUITY,TDR0098,BOOK_B,2026-04-06
TXN0001972227,APP011,2025-09-22,active,932181.63,USD,APAC,CP0423,EQUITY,TDR0111,BOOK_C,2025-05-10
TXN0008803590,APP007,2025-12-13,settled,297296.01,AUD,LATAM,CP0275,OPTION,TDR0042,BOOK_C,2026-01-06
TXN0003886822,APP015,2025-11-06,settled,921003.21,CHF,EMEA,CP0102,FUTURE,TDR0178,BOOK_D,2025-10-02
TXN0005771111,APP019,2025-09-03,reversed,603517.81,EUR,APAC,CP0324,FX,TDR0025,BOOK_D,2026-03-25
TXN0008032353,APP012,2026-03-21,active,134249.03,GBP,EMEA,CP0416,EQUITY,TDR0106,BOOK_C,2025-08-29
TXN0001921739,APP003,2025-02-26,reversed,565312.36,AUD,EMEA,CP0100,BOND,TDR0126,BOOK_B,2025-09-07
TXN0002363203,APP001,2025-04-26,pending,839127.48,GBP,APAC,CP0352,OPTION,TDR0086,BOOK_D,2025-11-04
TXN0003930175,APP001,2025-10-20,reversed,465928.13,AUD,LATAM,CP0020,FX,TDR0089,BOOK_B,2025-11-24
TXN0001620901,APP016,2025-07-11,active,706844.42,AUD,AMER,CP0376,EQUITY,TDR0048,BOOK_B,2025-10-24
TXN0009780263,APP002,2025-10-23,active,793151.42,JPY,LATAM,CP0254,OPTION,TDR0140,BOOK_B,2026-03-27
TXN0004604013,APP004,2025-03-25,pending,992864.81,GBP,APAC,CP0013,SWAP,TDR0027,BOOK_C,2025-08-20
TXN0004036561,APP008,2025-01-23,pending,44510.72,USD,EMEA,CP0197,OPTION,TDR0057,BOOK_C,2026-01-30
TXN0009267230,APP003,2026-03-23,reversed,80956.96,USD,EMEA,CP0179,SWAP,TDR0013,BOOK_B,2025-08-26
TXN0001984444,APP006,2025-09-01,active,992383.17,GBP,LATAM,CP0149,BOND,TDR0108,BOOK_D,2025-09-04
TXN0003880957,APP014,2025-03-17,failed,61895.98,GBP,LATAM,CP0001,SWAP,TDR0143,BOOK_A,2025-11-05
TXN0005925007,APP009,2025-07-06,pending,976537.53,USD,LATAM,CP0417,FX,TDR0036,BOOK_D,2025-05-18
TXN0007383467,APP008,2025-03-30,active,992077.73,EUR,AMER,CP0073,FUTURE,TDR0126,BOOK_A,2025-07-31
TXN0004760956,APP004,2025-09-14,reversed,584367.68,JPY,LATAM,CP0441,FX,TDR0148,BOOK_B,2025-10-10
TXN0009645344,APP013,2025-11-15,failed,822858.79,CHF,AMER,CP0038,OPTION,TDR0103,BOOK_A,2025-08-13
TXN0001452661,APP015,2025-10-31,active,632453.85,AUD,LATAM,CP0117,EQUITY,TDR0179,BOOK_B,2025-04-19
TXN0005651850,APP015,2025-01-18,reversed,56291.1,AUD,LATAM,CP0040,FX,TDR0177,BOOK_A,2026-01-05
TXN0002084863,APP001,2025-04-26,failed,543537.78,CHF,AMER,CP0103,BOND,TDR0010,BOOK_C,2025-02-20
TXN0001248889,APP004,2026-01-10,failed,700541.28,JPY,LATAM,CP0284,FUTURE,TDR0040,BOOK_A,2025-01-13
TXN0003322473,APP014,2025-08-03,failed,37425.97,AUD,LATAM,CP0441,OPTION,TDR0088,BOOK_A,2025-02-10
TXN0008928188,APP012,2025-04-08,failed,396765.71,CHF,LATAM,CP0186,BOND,TDR0139,BOOK_D,2025-11-11
TXN0007845392,APP019,2025-06-04,settled,900073.95,CHF,AMER,CP0197,FUTURE,TDR0102,BOOK_B,2025-11-25
TXN0000202264,APP010,2025-06-04,settled,238501.74,GBP,AMER,CP0166,OPTION,TDR0048,BOOK_A,2026-03-13
TXN0002063085,APP002,2025-07-14,reversed,807185.77,JPY,EMEA,CP0321,BOND,TDR0173,BOOK_C,2026-03-28
TXN0001656818,APP006,2025-10-07,active,189296.65,CHF,EMEA,CP0107,OPTION,TDR0194,BOOK_C,2025-03-18
TXN0005407763,APP004,2026-02-13,settled,862752.09,USD,LATAM,CP0233,FX,TDR0018,BOOK_B,2026-03-07
TXN0002051522,APP009,2025-10-13,settled,687708.49,USD,LATAM,CP0077,FX,TDR0016,BOOK_D,2025-10-03
TXN0008980788,APP013,2025-03-26,active,762011.37,CHF,LATAM,CP0227,OPTION,TDR0040,BOOK_B,2025-11-06
TXN0007042497,APP008,2025-01-11,settled,502378.71,CHF,AMER,CP0312,FUTURE,TDR0166,BOOK_B,2025-03-02
TXN0005258736,APP009,2025-06-11,active,428447.02,EUR,LATAM,CP0355,SWAP,TDR0082,BOOK_B,2025-08-02
TXN0002239074,APP011,2025-11-29,pending,283289.22,USD,LATAM,CP0247,BOND,TDR0196,BOOK_A,2025-12-10
TXN0005649524,APP015,2025-03-12,settled,412409.48,USD,AMER,CP0371,BOND,TDR0037,BOOK_D,2025-01-31
TXN0006410124,APP017,2025-02-15,failed,604070.65,USD,APAC,CP0490,FX,TDR0185,BOOK_D,2026-01-04
TXN0001102950,APP003,2026-03-27,settled,971008.88,CHF,APAC,CP0057,BOND,TDR0064,BOOK_A,2025-04-30
TXN0001275653,APP003,2025-10-08,settled,917821.34,AUD,LATAM,CP0347,OPTION,TDR0193,BOOK_C,2025-03-12
TXN0001358962,APP009,2025-04-20,failed,328608.84,CHF,AMER,CP0370,EQUITY,TDR0068,BOOK_B,2026-02-20
TXN0006754143,APP018,2025-12-10,settled,151288.8,GBP,EMEA,CP0041,FX,TDR0039,BOOK_D,2025-06-11
TXN0002932165,APP017,2025-04-06,failed,567027.44,CHF,APAC,CP0436,OPTION,TDR0025,BOOK_D,2026-02-19
TXN0009667782,APP019,2025-10-13,pending,426704.92,USD,EMEA,CP0287,FX,TDR0078,BOOK_A,2025-12-11
TXN0004892797,APP016,2026-01-25,pending,364714.92,JPY,LATAM,CP0213,BOND,TDR0093,BOOK_B,2025-05-19
TXN0005763216,APP003,2025-12-05,active,150789.5,USD,AMER,CP0383,EQUITY,TDR0029,BOOK_C,2026-03-20
TXN0002437868,APP006,2026-02-05,pending,138879.6,JPY,APAC,CP0128,SWAP,TDR0139,BOOK_B,2025-06-18
TXN0004476138,APP017,2025-11-09,settled,669091.59,AUD,APAC,CP0474,FX,TDR0106,BOOK_D,2025-05-23
TXN0001242319,APP004,2025-06-07,settled,37445.49,JPY,APAC,CP0103,OPTION,TDR0035,BOOK_C,2025-08-24
TXN0001695317,APP018,2026-02-04,failed,194468.57,GBP,APAC,CP0048,EQUITY,TDR0008,BOOK_D,2025-10-08
TXN0008955854,APP008,2026-03-15,failed,724894.1,AUD,LATAM,CP0075,BOND,TDR0109,BOOK_A,2025-12-28
TXN0007534443,APP019,2025-03-26,failed,397855.1,CHF,LATAM,CP0115,OPTION,TDR0150,BOOK_A,2026-01-03
TXN0009730419,APP020,2025-05-19,active,764655.61,EUR,EMEA,CP0071,BOND,TDR0046,BOOK_A,2025-06-26
TXN0008884378,APP018,2025-10-26,settled,215661.84,CHF,EMEA,CP0496,OPTION,TDR0018,BOOK_A,2025-01-03
TXN0004811749,APP001,2026-03-18,failed,456318.56,CHF,EMEA,CP0395,FUTURE,TDR0110,BOOK_D,2025-11-18
TXN0003941715,APP009,2025-03-03,settled,417271.53,EUR,APAC,CP0314,FX,TDR0025,BOOK_C,2025-09-13
TXN0006198971,APP019,2026-01-12,pending,164754.97,AUD,EMEA,CP0223,FX,TDR0035,BOOK_B,2025-08-02
TXN0009804834,APP014,2025-08-13,failed,122221.71,EUR,EMEA,CP0020,SWAP,TDR0103,BOOK_B,2025-03-21
TXN0006333454,APP001,2026-01-08,pending,460669.67,EUR,AMER,CP0077,EQUITY,TDR0169,BOOK_D,2025-04-08
TXN0003482399,APP006,2025-03-13,failed,421431.31,AUD,LATAM,CP0077,FX,TDR0038,BOOK_D,2026-04-12
TXN0006462805,APP013,2026-01-23,reversed,352987.61,EUR,AMER,CP0274,FX,TDR0066,BOOK_D,2026-02-02
TXN0001445738,APP005,2026-04-12,failed,812062.98,EUR,EMEA,CP0385,FX,TDR0122,BOOK_B,2025-12-13
TXN0009597657,APP010,2026-01-31,failed,748324.68,GBP,EMEA,CP0286,BOND,TDR0061,BOOK_B,2025-04-02
TXN0004369790,APP002,2025-11-03,reversed,439195.48,JPY,AMER,CP0048,BOND,TDR0099,BOOK_B,2026-02-10
TXN0003334547,APP012,2026-03-14,pending,545266.05,USD,APAC,CP0049,FX,TDR0170,BOOK_A,2025-10-02
TXN0004796763,APP020,2025-09-25,active,568612.54,CHF,APAC,CP0179,EQUITY,TDR0056,BOOK_C,2025-01-23
TXN0006782766,APP011,2025-02-21,settled,44058.81,USD,AMER,CP0065,FX,TDR0088,BOOK_B,2026-04-03
TXN0005585023,APP015,2025-11-20,reversed,615680.99,GBP,AMER,CP0125,BOND,TDR0104,BOOK_A,2026-03-16
TXN0002832841,APP003,2025-10-22,reversed,786428.94,EUR,EMEA,CP0344,EQUITY,TDR0059,BOOK_C,2026-03-12
TXN0007045889,APP011,2025-02-17,pending,181974.84,USD,EMEA,CP0012,FUTURE,TDR0155,BOOK_C,2026-01-25
TXN0005859107,APP004,2025-01-18,failed,954257.31,CHF,APAC,CP0087,FX,TDR0080,BOOK_D,2025-11-09
TXN0001837987,APP012,2025-03-21,active,250468.11,CHF,APAC,CP0018,OPTION,TDR0034,BOOK_C,2025-04-01
TXN0004730262,APP008,2026-01-05,active,13369.01,EUR,EMEA,CP0343,FUTURE,TDR0173,BOOK_B,2025-12-07
TXN0001699142,APP017,2025-08-17,settled,857299.58,USD,AMER,CP0007,EQUITY,TDR0175,BOOK_D,2025-07-03
TXN0002884723,APP016,2025-07-23,failed,560455.31,GBP,EMEA,CP0282,SWAP,TDR0078,BOOK_C,2025-11-23
TXN0001598711,APP018,2025-05-07,settled,452563.1,JPY,APAC,CP0449,SWAP,TDR0167,BOOK_A,2026-03-15
TXN0000399705,APP002,2025-02-26,pending,756538.1,GBP,AMER,CP0010,EQUITY,TDR0048,BOOK_C,2025-07-27
TXN0008983059,APP011,2025-07-19,active,554054.45,CHF,APAC,CP0300,FX,TDR0060,BOOK_A,2026-01-07
TXN0005238504,APP002,2025-12-18,failed,225353.97,USD,AMER,CP0174,OPTION,TDR0046,BOOK_A,2026-03-30
TXN0009429632,APP008,2025-08-16,active,796488.73,GBP,AMER,CP0021,SWAP,TDR0102,BOOK_D,2025-02-20
TXN0000897323,APP015,2025-10-01,settled,831396.83,GBP,AMER,CP0093,BOND,TDR0013,BOOK_D,2025-08-31
TXN0002905015,APP012,2026-02-12,pending,452413.39,CHF,EMEA,CP0284,FX,TDR0039,BOOK_C,2026-03-13
TXN0003674746,APP007,2026-01-18,failed,955296.43,CHF,LATAM,CP0322,OPTION,TDR0154,BOOK_B,2025-06-28
TXN0006851000,APP017,2025-08-28,settled,334810.52,AUD,AMER,CP0113,FX,TDR0193,BOOK_B,2026-03-26
TXN0005599309,APP014,2025-09-12,settled,298903.32,CHF,APAC,CP0213,EQUITY,TDR0092,BOOK_B,2026-03-11
TXN0007573631,APP003,2025-07-10,failed,314552.83,USD,EMEA,CP0301,FUTURE,TDR0010,BOOK_D,2025-10-12
TXN0007020439,APP015,2025-03-16,settled,22056.14,JPY,AMER,CP0444,OPTION,TDR0145,BOOK_A,2025-01-01
TXN0000221840,APP001,2025-05-21,failed,913787.52,USD,EMEA,CP0444,EQUITY,TDR0105,BOOK_C,2025-04-02
TXN0003117784,APP018,2025-05-30,active,740748.68,CHF,AMER,CP0198,BOND,TDR0139,BOOK_D,2026-01-12
TXN0008376932,APP001,2025-02-26,pending,421909.5,AUD,LATAM,CP0485,BOND,TDR0029,BOOK_D,2026-03-12
TXN0003931917,APP018,2025-02-05,reversed,123298.41,CHF,LATAM,CP0090,BOND,TDR0118,BOOK_C,2025-06-21
TXN0009346322,APP008,2025-01-18,reversed,702840.82,CHF,EMEA,CP0145,FUTURE,TDR0179,BOOK_A,2025-12-05
TXN0006464559,APP004,2025-05-31,active,447240.41,AUD,EMEA,CP0318,SWAP,TDR0149,BOOK_A,2025-02-05
TXN0006250255,APP010,2026-01-17,reversed,250536.36,JPY,EMEA,CP0142,OPTION,TDR0139,BOOK_A,2025-01-20
TXN0005697272,APP008,2025-03-19,active,836808.45,AUD,APAC,CP0440,SWAP,TDR0092,BOOK_B,2025-06-05
TXN0003755523,APP004,2025-10-09,settled,757188.95,AUD,AMER,CP0498,FUTURE,TDR0061,BOOK_D,2025-06-05
TXN0009879004,APP020,2026-03-29,active,170820.48,GBP,LATAM,CP0227,EQUITY,TDR0099,BOOK_B,2025-07-13
TXN0004941867,APP004,2026-02-02,pending,64436.96,EUR,AMER,CP0322,FX,TDR0117,BOOK_A,2025-05-21
TXN0008830258,APP008,2025-09-10,settled,955551.94,USD,APAC,CP0313,SWAP,TDR0092,BOOK_D,2025-04-10
TXN0009292855,APP005,2025-01-10,settled,792095.29,EUR,AMER,CP0029,BOND,TDR0069,BOOK_A,2026-03-29
TXN0004982455,APP019,2025-02-13,active,709659.37,CHF,EMEA,CP0018,SWAP,TDR0075,BOOK_C,2025-10-23
TXN0004381560,APP002,2026-01-10,reversed,40918.35,JPY,AMER,CP0299,FUTURE,TDR0065,BOOK_B,2025-02-10
TXN0008072287,APP020,2025-10-19,active,798642.35,USD,LATAM,CP0459,BOND,TDR0195,BOOK_A,2025-11-18
TXN0001263990,APP003,2025-07-05,reversed,928423.16,EUR,EMEA,CP0460,SWAP,TDR0129,BOOK_A,2025-07-05
TXN0002447337,APP003,2025-05-11,reversed,416818.02,USD,AMER,CP0317,SWAP,TDR0127,BOOK_B,2025-02-23
TXN0005962289,APP009,2025-03-10,pending,186222.87,GBP,AMER,CP0151,BOND,TDR0195,BOOK_B,2025-04-25
TXN0006536510,APP009,2025-10-21,active,495990.88,CHF,LATAM,CP0248,BOND,TDR0107,BOOK_A,2025-05-26
TXN0000364583,APP019,2026-01-05,failed,426206.69,JPY,AMER,CP0242,FX,TDR0161,BOOK_A,2025-06-05
TXN0007661114,APP015,2025-11-12,active,771561.62,USD,APAC,CP0402,BOND,TDR0030,BOOK_A,2025-09-12
TXN0001962861,APP002,2025-09-19,pending,675895.95,CHF,LATAM,CP0039,BOND,TDR0046,BOOK_D,2025-04-02
TXN0001665041,APP005,2025-04-12,failed,922696.97,GBP,EMEA,CP0359,FUTURE,TDR0188,BOOK_A,2026-02-03
TXN0001850642,APP010,2025-07-30,active,555904.57,USD,APAC,CP0012,BOND,TDR0176,BOOK_D,2025-04-16
TXN0007869270,APP015,2025-07-19,failed,844061.46,CHF,AMER,CP0397,OPTION,TDR0138,BOOK_A,2026-01-02
TXN0001750318,APP007,2025-09-16,reversed,768382.57,JPY,APAC,CP0307,FX,TDR0150,BOOK_C,2025-06-19
TXN0008608124,APP011,2026-01-06,pending,179977.7,CHF,EMEA,CP0385,OPTION,TDR0009,BOOK_A,2025-12-04
TXN0006954246,APP018,2025-05-01,pending,899603.78,CHF,APAC,CP0484,FX,TDR0113,BOOK_B,2025-12-07
TXN0000945251,APP004,2025-06-21,active,527865.49,GBP,AMER,CP0327,BOND,TDR0196,BOOK_D,2026-02-11
TXN0004209762,APP007,2025-08-23,failed,855116.94,EUR,APAC,CP0488,BOND,TDR0081,BOOK_C,2025-06-13
TXN0000499082,APP013,2025-05-18,reversed,220399.09,CHF,APAC,CP0442,SWAP,TDR0042,BOOK_B,2025-11-04
TXN0000501120,APP014,2026-03-19,failed,605069.17,EUR,EMEA,CP0180,BOND,TDR0082,BOOK_D,2025-08-11
TXN0002691379,APP003,2026-03-14,reversed,553766.4,GBP,EMEA,CP0096,OPTION,TDR0008,BOOK_C,2025-10-17
TXN0000746986,APP015,2026-02-21,active,214746.74,CHF,AMER,CP0169,EQUITY,TDR0063,BOOK_A,2025-05-17
TXN0005104191,APP016,2025-03-14,pending,789312.73,USD,LATAM,CP0151,EQUITY,TDR0145,BOOK_B,2025-04-27
TXN0001773433,APP004,2025-07-04,settled,480512.86,USD,LATAM,CP0391,FX,TDR0013,BOOK_D,2025-02-10
TXN0006038800,APP018,2025-07-14,settled,489415.61,CHF,APAC,CP0292,OPTION,TDR0084,BOOK_C,2025-01-02
TXN0003067650,APP017,2025-06-04,active,385138.03,CHF,EMEA,CP0056,FUTURE,TDR0110,BOOK_C,2025-02-14
TXN0007591531,APP012,2025-01-29,reversed,742280.97,JPY,LATAM,CP0088,FX,TDR0078,BOOK_C,2026-02-13
TXN0008153317,APP016,2025-01-16,pending,322134.56,EUR,APAC,CP0040,OPTION,TDR0117,BOOK_D,2025-07-18
TXN0004194637,APP011,2025-09-16,reversed,685277.34,JPY,AMER,CP0119,SWAP,TDR0080,BOOK_D,2026-03-28
TXN0004860698,APP006,2025-02-16,pending,469967.44,USD,EMEA,CP0289,FX,TDR0089,BOOK_C,2025-02-16
TXN0000172087,APP008,2025-11-21,pending,548419.64,GBP,LATAM,CP0418,BOND,TDR0170,BOOK_D,2025-10-06
TXN0003960178,APP018,2025-04-12,failed,334332.38,AUD,EMEA,CP0393,EQUITY,TDR0086,BOOK_B,2026-03-27
TXN0009119507,APP020,2025-09-01,settled,336499.85,GBP,EMEA,CP0200,FX,TDR0021,BOOK_D,2026-03-08
TXN0004941252,APP011,2025-04-28,pending,739545.54,AUD,EMEA,CP0232,OPTION,TDR0058,BOOK_A,2025-12-12
TXN0007407281,APP012,2026-01-14,failed,94969.83,USD,APAC,CP0490,SWAP,TDR0157,BOOK_C,2025-06-22
TXN0000012527,APP012,2025-03-22,settled,866250.71,AUD,EMEA,CP0040,FUTURE,TDR0116,BOOK_A,2025-02-17
TXN0009647474,APP014,2025-04-23,reversed,355111.99,EUR,APAC,CP0042,OPTION,TDR0192,BOOK_D,2025-04-07
TXN0005937098,APP014,2025-04-14,active,48927.25,AUD,EMEA,CP0241,OPTION,TDR0145,BOOK_D,2025-10-02
TXN0009156973,APP002,2025-11-18,pending,645005.84,AUD,LATAM,CP0487,SWAP,TDR0047,BOOK_D,2025-06-10
TXN0004735136,APP002,2025-09-20,pending,315099.32,AUD,LATAM,CP0121,SWAP,TDR0133,BOOK_B,2025-07-18
TXN0006944777,APP016,2025-04-14,reversed,280524.49,USD,AMER,CP0125,SWAP,TDR0091,BOOK_C,2025-10-16
TXN0008400920,APP005,2025-03-12,active,416247.91,CHF,AMER,CP0070,BOND,TDR0167,BOOK_C,2025-07-01
TXN0006446049,APP012,2025-09-04,failed,81601.29,EUR,EMEA,CP0309,FX,TDR0142,BOOK_D,2025-04-27
TXN0007264701,APP008,2025-10-24,settled,156527.73,USD,APAC,CP0284,BOND,TDR0009,BOOK_B,2026-01-22
TXN0001359808,APP020,2026-04-10,pending,342558.13,JPY,LATAM,CP0496,OPTION,TDR0196,BOOK_D,2026-03-29
TXN0002026503,APP018,2025-08-21,failed,193677.76,JPY,AMER,CP0242,FX,TDR0080,BOOK_A,2025-03-21
TXN0004203574,APP010,2025-03-18,reversed,955657.72,JPY,AMER,CP0199,FUTURE,TDR0018,BOOK_A,2026-03-07
TXN0009970722,APP019,2025-06-13,failed,540291.59,EUR,EMEA,CP0449,EQUITY,TDR0186,BOOK_C,2025-03-13
TXN0009447828,APP006,2026-01-15,pending,870159.76,JPY,AMER,CP0381,FUTURE,TDR0099,BOOK_D,2025-10-05
TXN0007284273,APP004,2025-01-04,reversed,355449.92,JPY,AMER,CP0002,OPTION,TDR0120,BOOK_B,2025-07-05
TXN0002039231,APP018,2026-01-17,reversed,752690.23,USD,EMEA,CP0314,BOND,TDR0173,BOOK_C,2025-05-24
TXN0005901624,APP020,2025-05-04,reversed,665968.04,AUD,LATAM,CP0281,BOND,TDR0190,BOOK_A,2025-10-08
TXN0003954119,APP010,2026-01-01,settled,149954.19,EUR,APAC,CP0245,BOND,TDR0171,BOOK_C,2025-08-24
TXN0002392295,APP018,2025-09-26,reversed,648501.29,GBP,AMER,CP0297,FUTURE,TDR0166,BOOK_B,2025-03-06
TXN0007589229,APP012,2026-01-18,active,384853.72,JPY,APAC,CP0270,FUTURE,TDR0067,BOOK_B,2025-09-21
TXN0007342385,APP004,2025-09-07,settled,563336.6,EUR,LATAM,CP0325,BOND,TDR0049,BOOK_B,2025-05-03
TXN0000056281,APP010,2025-02-09,failed,809634.58,CHF,EMEA,CP0468,EQUITY,TDR0062,BOOK_C,2025-12-26
TXN0004991115,APP015,2025-03-11,settled,673122.74,USD,AMER,CP0199,FX,TDR0161,BOOK_A,2025-10-03
TXN0008160932,APP007,2025-08-20,reversed,666599.58,CHF,LATAM,CP0489,SWAP,TDR0154,BOOK_D,2025-12-12
TXN0009627849,APP001,2026-03-01,failed,221620.06,AUD,AMER,CP0326,OPTION,TDR0010,BOOK_B,2026-01-06
TXN0005807791,APP003,2025-06-08,failed,136229.3,JPY,LATAM,CP0144,SWAP,TDR0014,BOOK_B,2026-01-23
TXN0000397834,APP006,2025-07-09,failed,236762.05,EUR,AMER,CP0130,SWAP,TDR0058,BOOK_C,2025-12-23
TXN0003473500,APP009,2025-08-14,pending,416087.1,EUR,AMER,CP0301,BOND,TDR0165,BOOK_B,2026-01-05
TXN0007199522,APP006,2025-11-12,active,883495.41,GBP,APAC,CP0231,OPTION,TDR0178,BOOK_D,2025-03-10
TXN0009091557,APP004,2025-04-29,active,231735.2,CHF,APAC,CP0437,FUTURE,TDR0083,BOOK_A,2026-02-12
TXN0008015480,APP005,2026-04-06,active,299326.08,GBP,AMER,CP0448,BOND,TDR0139,BOOK_C,2025-08-24
TXN0004827322,APP018,2025-08-23,pending,70781.52,JPY,EMEA,CP0305,BOND,TDR0060,BOOK_B,2025-10-02
TXN0001511965,APP012,2026-01-29,pending,965847.47,AUD,EMEA,CP0312,FX,TDR0185,BOOK_D,2025-02-11
TXN0004380562,APP016,2025-02-18,active,589343.56,EUR,LATAM,CP0344,SWAP,TDR0159,BOOK_D,2025-12-08
TXN0009329668,APP006,2025-01-05,reversed,508482.43,GBP,APAC,CP0329,FX,TDR0136,BOOK_D,2026-02-17
TXN0008362604,APP010,2025-08-11,failed,434851.99,USD,APAC,CP0273,FX,TDR0080,BOOK_D,2026-02-05
TXN0008511452,APP016,2025-12-23,reversed,954618.01,CHF,EMEA,CP0188,FX,TDR0182,BOOK_D,2026-03-03
TXN0008525756,APP006,2025-07-04,failed,687809.58,GBP,LATAM,CP0250,EQUITY,TDR0008,BOOK_C,2025-07-09
TXN0008556923,APP006,2025-10-08,failed,511912.09,GBP,AMER,CP0433,EQUITY,TDR0063,BOOK_D,2025-06-12
TXN0007373877,APP002,2025-05-05,failed,190215.34,AUD,APAC,CP0086,OPTION,TDR0126,BOOK_A,2025-12-12
TXN0008110729,APP018,2025-08-14,failed,206416.63,CHF,EMEA,CP0202,SWAP,TDR0029,BOOK_C,2025-04-05
TXN0006703997,APP013,2026-03-08,reversed,402554.92,CHF,EMEA,CP0432,SWAP,TDR0180,BOOK_B,2025-07-08
TXN0000324565,APP001,2026-03-14,settled,611909.19,AUD,LATAM,CP0373,OPTION,TDR0122,BOOK_B,2025-09-26
TXN0003526392,APP005,2026-03-26,pending,105245.5,USD,APAC,CP0379,BOND,TDR0154,BOOK_D,2025-05-28
TXN0002623416,APP001,2025-06-10,failed,107641.3,GBP,LATAM,CP0265,FUTURE,TDR0074,BOOK_B,2025-03-19
TXN0004195410,APP014,2025-01-05,active,920286.69,AUD,LATAM,CP0385,FX,TDR0030,BOOK_D,2025-12-29
TXN0000994070,APP002,2025-04-23,pending,380930.42,CHF,AMER,CP0372,OPTION,TDR0081,BOOK_A,2025-01-07
TXN0008611074,APP014,2025-05-16,settled,338975.43,EUR,EMEA,CP0107,BOND,TDR0127,BOOK_C,2025-01-28
TXN0005807857,APP004,2025-06-22,active,883142.87,USD,EMEA,CP0446,SWAP,TDR0090,BOOK_C,2025-11-27
TXN0003808661,APP005,2025-07-26,reversed,94267.04,EUR,EMEA,CP0338,OPTION,TDR0107,BOOK_D,2025-07-24
TXN0001835351,APP010,2025-05-28,reversed,930166.85,EUR,APAC,CP0158,BOND,TDR0061,BOOK_A,2025-09-23
TXN0004659335,APP017,2025-08-23,failed,349743.26,EUR,APAC,CP0449,FX,TDR0020,BOOK_A,2026-02-11
TXN0001076624,APP010,2025-05-16,settled,813618.87,JPY,LATAM,CP0037,OPTION,TDR0125,BOOK_D,2025-01-29
TXN0007890191,APP004,2025-03-14,settled,594178.85,JPY,APAC,CP0305,SWAP,TDR0180,BOOK_C,2025-08-31
TXN0000581618,APP012,2025-07-05,pending,60900.45,GBP,EMEA,CP0489,SWAP,TDR0128,BOOK_B,2025-09-27
TXN0003579487,APP004,2025-09-25,reversed,777367.34,USD,LATAM,CP0269,BOND,TDR0114,BOOK_B,2025-07-07
TXN0004244539,APP012,2025-02-06,settled,680085.48,GBP,APAC,CP0328,FUTURE,TDR0055,BOOK_A,2025-03-11
TXN0008604628,APP001,2025-01-25,pending,440847.08,AUD,AMER,CP0468,EQUITY,TDR0041,BOOK_D,2025-01-02
TXN0005693446,APP001,2025-03-20,settled,749072.23,GBP,AMER,CP0269,FUTURE,TDR0144,BOOK_D,2026-03-20
TXN0003252769,APP004,2025-06-11,reversed,198414.69,AUD,EMEA,CP0343,BOND,TDR0071,BOOK_D,2025-05-22
TXN0008592841,APP004,2025-10-29,active,126230.22,EUR,LATAM,CP0017,SWAP,TDR0148,BOOK_C,2025-01-06
TXN0009750125,APP003,2025-11-04,reversed,727392.4,EUR,AMER,CP0162,EQUITY,TDR0040,BOOK_C,2025-11-22
TXN0008837594,APP006,2025-06-14,reversed,935473.54,EUR,APAC,CP0067,FUTURE,TDR0041,BOOK_B,2025-02-02
TXN0004699263,APP016,2026-02-27,settled,284424.4,CHF,EMEA,CP0068,FUTURE,TDR0064,BOOK_A,2025-07-27
TXN0009075606,APP017,2025-12-20,reversed,643577.54,JPY,EMEA,CP0141,SWAP,TDR0018,BOOK_D,2025-02-24
TXN0006885242,APP019,2025-09-07,failed,67844.43,GBP,APAC,CP0125,OPTION,TDR0090,BOOK_D,2025-01-01
TXN0008289322,APP013,2026-01-15,settled,532444.56,CHF,AMER,CP0226,BOND,TDR0013,BOOK_A,2026-01-31
TXN0002504030,APP009,2026-01-23,failed,272371.04,EUR,AMER,CP0012,OPTION,TDR0192,BOOK_C,2025-03-06
TXN0004653039,APP006,2025-03-17,active,968818.32,JPY,EMEA,CP0449,FUTURE,TDR0065,BOOK_D,2025-10-03
TXN0003930946,APP007,2025-03-08,settled,835826.3,AUD,AMER,CP0172,FX,TDR0089,BOOK_A,2025-09-10
TXN0002057575,APP011,2025-08-28,pending,135692.28,GBP,APAC,CP0006,BOND,TDR0077,BOOK_C,2025-08-23
TXN0007822644,APP001,2026-01-10,pending,587366.8,JPY,LATAM,CP0407,OPTION,TDR0135,BOOK_C,2025-09-05
TXN0005570310,APP009,2026-02-23,failed,584909.36,USD,APAC,CP0378,BOND,TDR0128,BOOK_C,2025-05-24
TXN0003787625,APP016,2025-05-27,active,724590.18,GBP,AMER,CP0103,BOND,TDR0058,BOOK_B,2025-05-23
TXN0002463733,APP001,2026-01-07,settled,510162.54,JPY,APAC,CP0457,BOND,TDR0147,BOOK_A,2026-04-12
TXN0002898436,APP014,2025-08-26,pending,626417.93,JPY,APAC,CP0410,EQUITY,TDR0098,BOOK_A,2026-01-28
TXN0008395893,APP003,2025-03-12,settled,83826.8,AUD,LATAM,CP0084,FX,TDR0084,BOOK_A,2025-03-25
TXN0005550508,APP008,2026-03-17,settled,343827.35,GBP,AMER,CP0421,OPTION,TDR0109,BOOK_C,2025-10-30
TXN0004190052,APP007,2026-03-03,settled,904926.09,CHF,LATAM,CP0278,EQUITY,TDR0193,BOOK_B,2025-07-31
TXN0009476534,APP019,2025-09-21,active,352088.94,EUR,APAC,CP0196,FUTURE,TDR0083,BOOK_B,2026-01-08
TXN0003473117,APP009,2026-02-13,reversed,846110.16,CHF,EMEA,CP0172,BOND,TDR0132,BOOK_A,2026-01-10
TXN0003473088,APP018,2025-08-29,active,388393.4,AUD,LATAM,CP0489,EQUITY,TDR0075,BOOK_B,2025-10-01
TXN0004841173,APP015,2025-03-26,pending,382163.04,CHF,EMEA,CP0050,FX,TDR0170,BOOK_C,2025-12-17
TXN0005347717,APP006,2025-08-23,active,351097.41,USD,AMER,CP0428,BOND,TDR0031,BOOK_C,2026-01-27
TXN0000928932,APP002,2025-01-17,active,624244.76,GBP,APAC,CP0141,SWAP,TDR0010,BOOK_B,2025-12-16
TXN0009019884,APP004,2026-02-13,settled,478917.49,CHF,AMER,CP0034,FX,TDR0054,BOOK_A,2025-09-03
TXN0006695391,APP006,2025-11-15,pending,144383.68,AUD,EMEA,CP0294,SWAP,TDR0180,BOOK_C,2026-01-21
TXN0003133104,APP005,2026-01-08,active,52682.41,GBP,LATAM,CP0449,FUTURE,TDR0042,BOOK_D,2025-11-27
