transaction_id,application_id,business_date,status,amount,currency,region,counterparty_id,product_code,trader_id,book,value_date
TXN0004317257,APP017,2025-09-13,reversed,644324.23,CHF,EMEA,CP0271,FX,TDR0025,BOOK_A,2025-02-20
TXN0006248112,APP003,2025-12-26,failed,363862.03,AUD,EMEA,CP0433,SWAP,TDR0168,BOOK_D,2026-03-26
TXN0006867381,APP020,2025-08-11,settled,432403.9,AUD,EMEA,CP0013,SWAP,TDR0185,BOOK_B,2025-07-23
TXN0006964270,APP006,2025-08-07,active,458382.04,CHF,LATAM,CP0230,FX,TDR0059,BOOK_A,2025-04-10
TXN0009485476,APP010,2025-11-21,settled,406252.72,JPY,AMER,CP0096,FX,TDR0174,BOOK_A,2025-09-04
TXN0007231158,APP008,2025-10-09,failed,859611.2,JPY,EMEA,CP0057,FUTURE,TDR0031,BOOK_A,2025-12-17
TXN0004869259,APP017,2025-02-08,settled,530135.63,JPY,EMEA,CP0311,FX,TDR0117,BOOK_C,2025-10-21
TXN0002030582,APP012,2025-01-17,active,366668.35,USD,AMER,CP0145,EQUITY,TDR0078,BOOK_D,2026-03-02
TXN0009715631,APP015,2025-02-21,reversed,815078.61,JPY,APAC,CP0485,BOND,TDR0141,BOOK_B,2025-06-30
TXN0009123553,APP009,2025-06-02,failed,300155.14,AUD,AMER,CP0497,FUTURE,TDR0142,BOOK_B,2025-02-09
TXN0000067475,APP015,2025-01-30,reversed,305813.73,GBP,LATAM,CP0351,EQUITY,TDR0174,BOOK_B,2025-12-04
TXN0006585457,APP019,2026-02-21,reversed,231535.31,USD,APAC,CP0304,FX,TDR0177,BOOK_C,2026-02-18
TXN0003734438,APP016,2025-09-23,failed,629240.12,CHF,LATAM,CP0446,BOND,TDR0149,BOOK_B,2026-01-31
TXN0000901607,APP009,2025-08-25,reversed,88812.33,JPY,LATAM,CP0282,SWAP,TDR0125,BOOK_A,2025-10-07
TXN0000192225,APP004,2025-04-26,active,479936.03,AUD,LATAM,CP0224,FUTURE,TDR0077,BOOK_A,2025-11-08
TXN0009836627,APP003,2025-10-23,pending,499633.05,JPY,APAC,CP0403,FUTURE,TDR0014,BOOK_D,2026-01-24
TXN0002877116,APP010,2025-11-26,reversed,457234.59,AUD,EMEA,CP0403,FUTURE,TDR0050,BOOK_A,2025-06-02
TXN0000811019,APP001,2025-12-26,reversed,695333.48,AUD,EMEA,CP0150,BOND,TDR0158,BOOK_A,2025-12-27
TXN0001581268,APP006,2025-10-26,settled,598042.75,AUD,EMEA,CP0079,EQUITY,TDR0062,BOOK_A,2025-02-11
TXN0009033730,APP012,2026-01-29,settled,711679.92,EUR,APAC,CP0075,SWAP,TDR0180,BOOK_B,2025-01-30
TXN0003900841,APP007,2025-03-11,reversed,567977.3,CHF,LATAM,CP0235,OPTION,TDR0169,BOOK_B,2026-02-25
TXN0006527754,APP008,2025-01-15,settled,55138.53,CHF,APAC,CP0038,SWAP,TDR0025,BOOK_C,2025-10-28
TXN0003331579,APP016,2025-12-20,failed,770477.49,JPY,AMER,CP0191,OPTION,TDR0188,BOOK_A,2025-07-18
TXN0002436199,APP019,2026-02-27,failed,7394.15,JPY,APAC,CP0230,OPTION,TDR0130,BOOK_A,2025-08-21
TXN0003323180,APP009,2026-02-12,pending,17427.33,CHF,EMEA,CP0316,BOND,TDR0128,BOOK_A,2025-09-22
TXN0008627087,APP011,2025-08-05,failed,899966.09,JPY,LATAM,CP0299,FUTURE,TDR0149,BOOK_B,2025-01-04
TXN0008225190,APP001,2026-01-24,settled,677489.05,CHF,APAC,CP0495,EQUITY,TDR0144,BOOK_B,2025-07-16
TXN0009697977,APP006,2026-04-01,settled,441851.44,GBP,LATAM,CP0401,OPTION,TDR0001,BOOK_A,2025-01-14
TXN0006227773,APP002,2026-04-09,failed,991372.71,GBP,EMEA,CP0363,FUTURE,TDR0179,BOOK_D,2025-06-27
TXN0005356731,APP019,2025-03-24,reversed,512259.79,GBP,EMEA,CP0391,FUTURE,TDR0153,BOOK_A,2025-08-03
TXN0003381861,APP014,2026-02-25,reversed,39114.18,GBP,LATAM,CP0336,EQUITY,TDR0021,BOOK_A,2025-11-24
TXN0001836054,APP008,2025-11-23,failed,580329.42,GBP,APAC,CP0323,EQUITY,TDR0177,BOOK_D,2025-07-11
TXN0005735250,APP005,2025-12-15,failed,707963.03,CHF,EMEA,CP0100,OPTION,TDR0006,BOOK_B,2025-04-09
TXN0003410932,APP002,2025-07-06,active,718370.3,CHF,AMER,CP0466,EQUITY,TDR0152,BOOK_B,2025-08-30
TXN0008644238,APP011,2025-05-30,reversed,294913.5,JPY,AMER,CP0079,FUTURE,TDR0100,BOOK_C,2025-06-15
TXN0009603394,APP009,2025-10-08,pending,425991.06,CHF,AMER,CP0396,FX,TDR0180,BOOK_B,2025-05-01
TXN0008995637,APP008,2025-08-09,failed,729992.01,EUR,AMER,CP0483,FX,TDR0134,BOOK_D,2025-06-02
TXN0002663130,APP003,2025-05-10,settled,818371.36,CHF,LATAM,CP0183,FX,TDR0048,BOOK_D,2025-10-31
TXN0006429032,APP020,2025-03-13,active,785444.86,USD,LATAM,CP0073,FX,TDR0125,BOOK_B,2025-11-22
TXN0001705521,APP014,2025-05-20,settled,696414.42,USD,LATAM,CP0165,BOND,TDR0093,BOOK_B,2026-02-08
TXN0003838304,APP008,2025-12-21,reversed,403689.08,USD,EMEA,CP0125,FUTURE,TDR0023,BOOK_D,2025-05-09
TXN0003172997,APP007,2026-03-16,settled,479283.84,JPY,EMEA,CP0094,FX,TDR0055,BOOK_B,2025-03-14
TXN0009020869,APP017,2025-06-28,pending,329275.71,AUD,APAC,CP0323,EQUITY,TDR0042,BOOK_B,2025-06-18
TXN0002299279,APP016,2025-06-03,pending,814390.78,EUR,EMEA,CP0262,FUTURE,TDR0104,BOOK_C,2025-01-05
TXN0005572768,APP003,2026-01-23,settled,445296.81,JPY,EMEA,CP0404,BOND,TDR0121,BOOK_B,2025-11-09
TXN0000157271,APP002,2026-01-31,active,844361.01,EUR,EMEA,CP0219,FUTURE,TDR0058,BOOK_C,2025-02-17
TXN0004058199,APP002,2025-08-28,failed,48532.51,JPY,APAC,CP0243,FX,TDR0083,BOOK_A,2026-03-15
TXN0004084921,APP002,2025-06-21,pending,809132.27,USD,AMER,CP0069,FX,TDR0039,BOOK_A,2025-04-28
TXN0004214951,APP005,2025-01-22,reversed,169637.73,EUR,EMEA,CP0155,SWAP,TDR0119,BOOK_B,2025-06-09
TXN0006506465,APP003,2025-01-01,active,340749.32,GBP,APAC,CP0019,OPTION,TDR0022,BOOK_B,2025-08-17
TXN0000860891,APP018,2025-08-28,failed,561109.82,CHF,AMER,CP0400,FX,TDR0094,BOOK_D,2025-02-24
TXN0001227201,APP019,2026-04-02,pending,976839.2,JPY,EMEA,CP0447,FX,TDR0065,BOOK_C,2025-09-23
TXN0001597805,APP008,2025-10-05,active,726668.72,CHF,APAC,CP0140,FX,TDR0068,BOOK_D,2026-04-11
TXN0005375875,APP006,2025-08-26,reversed,468924.25,GBP,LATAM,CP0439,EQUITY,TDR0126,BOOK_B,2026-03-18
TXN0001738899,APP020,2025-07-05,failed,336119.94,USD,LATAM,CP0385,FUTURE,TDR0090,BOOK_B,2025-12-09
TXN0003953347,APP006,2025-02-22,settled,546705.56,JPY,EMEA,CP0027,FX,TDR0084,BOOK_C,2025-08-25
TXN0007901610,APP017,2025-01-12,reversed,57182.59,GBP,EMEA,CP0460,FX,TDR0192,BOOK_B,2025-03-19
TXN0004372718,APP005,2025-06-27,pending,710102.28,EUR,EMEA,CP0402,FUTURE,TDR0080,BOOK_C,2025-07-17
TXN0009872777,APP016,2025-03-17,settled,417010.18,JPY,LATAM,CP0033,BOND,TDR0067,BOOK_C,2025-09-08
TXN0002772956,APP017,2025-09-16,reversed,344899.2,EUR,LATAM,CP0467,BOND,TDR0118,BOOK_C,2025-06-23
TXN0009160274,APP002,2026-01-14,failed,186527.41,GBP,EMEA,CP0018,FX,TDR0031,BOOK_D,2025-05-19
TXN0002623897,APP004,2025-05-12,settled,407453.76,USD,EMEA,CP0205,EQUITY,TDR0090,BOOK_A,2025-10-08
TXN0000960891,APP011,2025-02-23,reversed,174948.89,JPY,EMEA,CP0230,BOND,TDR0070,BOOK_B,2025-02-13
TXN0006878460,APP018,2025-03-30,reversed,409016.08,GBP,APAC,CP0378,SWAP,TDR0039,BOOK_C,2025-10-28
TXN0008954426,APP012,2025-12-29,active,847696.75,JPY,LATAM,CP0250,EQUITY,TDR0049,BOOK_B,2026-01-31
TXN0006853159,APP007,2025-03-18,failed,279365.72,USD,LATAM,CP0199,EQUITY,TDR0164,BOOK_C,2025-10-15
TXN0009308355,APP004,2025-03-12,pending,968342.97,JPY,AMER,CP0221,OPTION,TDR0152,BOOK_C,2025-08-13
TXN0001270059,APP004,2025-09-30,reversed,858745.68,CHF,AMER,CP0177,EQUITY,TDR0119,BOOK_A,2025-04-30
TXN0008855258,APP016,2025-11-25,failed,332767.74,GBP,LATAM,CP0215,OPTION,TDR0021,BOOK_B,2025-12-01
TXN0006548032,APP012,2026-01-23,active,182909.39,USD,LATAM,CP0247,FX,TDR0042,BOOK_A,2025-03-14
TXN0009279880,APP002,2025-03-08,active,468328.49,AUD,EMEA,CP0102,BOND,TDR0113,BOOK_D,2025-03-07
TXN0006122720,APP018,2025-10-22,settled,354637.35,USD,LATAM,CP0133,FUTURE,TDR0036,BOOK_A,2025-07-20
TXN0001828012,APP008,2025-03-15,reversed,571129.43,JPY,AMER,CP0429,FUTURE,TDR0027,BOOK_D,2025-04-15
TXN0001704135,APP008,2025-08-31,pending,835134.35,USD,AMER,CP0402,FX,TDR0167,BOOK_A,2025-05-18
TXN0002677959,APP010,2025-11-23,failed,896431.38,EUR,LATAM,CP0081,FX,TDR0016,BOOK_D,2025-06-24
TXN0007658369,APP010,2025-12-10,failed,73576.12,CHF,APAC,CP0061,FX,TDR0031,BOOK_C,2025-01-30
TXN0006465990,APP012,2025-07-13,active,853299.83,USD,APAC,CP0196,FX,TDR0173,BOOK_C,2025-01-07
TXN0007054913,APP015,2025-10-26,pending,933745.74,USD,APAC,CP0357,FUTURE,TDR0132,BOOK_C,2025-07-01
TXN0001094863,APP017,2026-01-17,settled,599384.06,AUD,LATAM,CP0412,SWAP,TDR0161,BOOK_B,2025-03-18
TXN0007576377,APP020,2025-05-12,pending,238574.66,CHF,LATAM,CP0123,EQUITY,TDR0060,BOOK_A,2026-01-26
TXN0008728004,APP009,2026-02-02,pending,968652.52,AUD,APAC,CP0304,BOND,TDR0050,BOOK_C,2025-11-10
TXN0005248576,APP013,2026-01-27,failed,118312.49,USD,AMER,CP0484,EQUITY,TDR0095,BOOK_A,2026-03-07
TXN0004598209,APP008,2025-08-08,pending,802955.39,GBP,APAC,CP0081,SWAP,TDR0108,BOOK_C,2025-09-30
TXN0005407025,APP007,2025-05-06,failed,788858.06,CHF,EMEA,CP0211,SWAP,TDR0184,BOOK_C,2025-10-15
TXN0006902238,APP007,2026-03-31,pending,765659.66,CHF,LATAM,CP0250,FX,TDR0009,BOOK_A,2026-02-28
TXN0009735527,APP017,2025-07-15,reversed,249818.37,CHF,APAC,CP0107,SWAP,TDR0058,BOOK_D,2025-10-20
TXN0008325450,APP009,2026-02-02,failed,997537.86,CHF,EMEA,CP0479,FX,TDR0046,BOOK_C,2025-04-14
TXN0004870658,APP005,2025-05-09,failed,217938.3,GBP,AMER,CP0357,OPTION,TDR0147,BOOK_A,2025-08-09
TXN0000289678,APP017,2025-04-17,failed,771735.26,EUR,AMER,CP0228,BOND,TDR0088,BOOK_A,2025-07-15
TXN0009702597,APP009,2026-02-05,failed,185923.91,AUD,AMER,CP0003,FX,TDR0005,BOOK_C,2026-03-25
TXN0000144183,APP011,2026-01-08,reversed,118302.22,USD,AMER,CP0455,FX,TDR0074,BOOK_A,2026-01-07
TXN0000012053,APP017,2025-07-11,active,273805.03,CHF,AMER,CP0107,EQUITY,TDR0050,BOOK_A,2025-03-07
TXN0009650043,APP005,2025-01-07,active,676485.59,AUD,LATAM,CP0008,EQUITY,TDR0009,BOOK_A,2025-11-18
TXN0009256046,APP004,2025-10-26,failed,591406.27,EUR,AMER,CP0435,OPTION,TDR0062,BOOK_B,2026-03-19
TXN0005621430,APP004,2025-06-29,pending,567256.72,EUR,AMER,CP0212,BOND,TDR0074,BOOK_A,2025-01-10
TXN0000234150,APP016,2025-06-13,reversed,392266.27,EUR,LATAM,CP0159,OPTION,TDR0111,BOOK_B,2025-10-21
TXN0008191352,APP005,2025-03-25,active,468857.7,CHF,AMER,CP0171,FUTURE,TDR0163,BOOK_C,2025-11-01
TXN0009269140,APP001,2025-10-09,pending,162220.3,AUD,EMEA,CP0128,SWAP,TDR0036,BOOK_A,2025-01-10
TXN0001916699,APP014,2026-04-09,pending,543403.64,JPY,EMEA,CP0070,FX,TDR0007,BOOK_C,2025-04-03
TXN0004174506,APP001,2025-07-27,reversed,624723.73,USD,EMEA,CP0202,EQUITY,TDR0187,BOOK_D,2025-03-17
TXN0009534353,APP005,2025-08-14,failed,155577.45,JPY,LATAM,CP0275,SWAP,TDR0137,BOOK_C,2025-05-04
TXN0005401210,APP019,2026-04-06,reversed,186623.64,USD,LATAM,CP0336,FX,TDR0016,BOOK_B,2026-02-02
TXN0003488617,APP003,2025-05-28,active,69389.0,AUD,APAC,CP0082,FX,TDR0094,BOOK_A,2025-11-24
TXN0004544221,APP018,2025-11-11,pending,804394.03,EUR,APAC,CP0490,SWAP,TDR0146,BOOK_B,2025-07-09
TXN0000323037,APP003,2025-03-12,active,693817.12,USD,EMEA,CP0200,FUTURE,TDR0072,BOOK_C,2025-05-13
TXN0002003890,APP019,2026-04-06,failed,100506.23,USD,LATAM,CP0382,FUTURE,TDR0018,BOOK_B,2025-03-20
TXN0005281606,APP013,2026-01-23,reversed,342730.02,USD,APAC,CP0135,FX,TDR0155,BOOK_A,2025-07-05
TXN0005784961,APP019,2025-06-29,settled,227237.17,USD,LATAM,CP0089,EQUITY,TDR0187,BOOK_B,2025-01-12
TXN0000180402,APP006,2025-08-09,active,578709.61,GBP,EMEA,CP0473,OPTION,TDR0049,BOOK_A,2025-07-01
TXN0002380718,APP007,2025-07-02,failed,379677.34,CHF,LATAM,CP0222,OPTION,TDR0036,BOOK_B,2025-06-10
TXN0003445334,APP002,2025-09-22,active,949845.31,AUD,LATAM,CP0325,FUTURE,TDR0097,BOOK_B,2025-07-13
TXN0008242630,APP004,2025-07-16,failed,147943.31,AUD,APAC,CP0172,FX,TDR0128,BOOK_D,2025-10-11
TXN0001018573,APP014,2025-01-30,settled,21037.24,CHF,LATAM,CP0026,FX,TDR0163,BOOK_C,2025-11-27
TXN0003834398,APP004,2025-03-31,settled,40397.72,USD,AMER,CP0177,SWAP,TDR0046,BOOK_B,2025-03-06
TXN0001620782,APP020,2025-12-16,reversed,250631.74,GBP,EMEA,CP0408,OPTION,TDR0074,BOOK_C,2025-01-12
TXN0003602085,APP015,2025-06-12,active,159134.57,JPY,AMER,CP0405,BOND,TDR0116,BOOK_D,2025-06-07
TXN0007385718,APP016,2025-09-14,active,313736.55,EUR,APAC,CP0147,EQUITY,TDR0080,BOOK_D,2025-03-28
TXN0000340780,APP011,2026-02-12,failed,408054.28,USD,APAC,CP0228,OPTION,TDR0075,BOOK_A,2025-04-04
TXN0009388501,APP013,2025-09-16,failed,789131.9,AUD,AMER,CP0031,OPTION,TDR0039,BOOK_C,2025-12-25
TXN0004280743,APP009,2025-05-04,reversed,447243.94,JPY,AMER,CP0247,FX,TDR0118,BOOK_A,2026-01-11
TXN0000234330,APP013,2025-04-12,failed,230780.94,EUR,APAC,CP0259,EQUITY,TDR0020,BOOK_C,2026-01-02
TXN0009303225,APP002,2025-07-28,reversed,922670.49,EUR,AMER,CP0255,OPTION,TDR0200,BOOK_C,2025-11-07
TXN0006617357,APP008,2026-01-21,active,543462.68,CHF,AMER,CP0315,FX,TDR0196,BOOK_D,2025-12-01
TXN0005326838,APP009,2026-03-15,failed,391295.9,GBP,LATAM,CP0023,SWAP,TDR0177,BOOK_A,2025-02-15
TXN0000373146,APP012,2025-04-09,settled,248098.54,GBP,APAC,CP0123,BOND,TDR0151,BOOK_B,2025-11-10
TXN0000624860,APP020,2025-03-16,reversed,620336.48,GBP,LATAM,CP0342,FX,TDR0116,BOOK_C,2025-04-29
TXN0008855760,APP006,2025-03-06,pending,385454.26,AUD,APAC,CP0120,EQUITY,TDR0135,BOOK_D,2025-12-16
TXN0000739579,APP020,2025-09-02,pending,953999.47,AUD,EMEA,CP0141,FX,TDR0198,BOOK_B,2026-01-28
TXN0004602813,APP016,2025-11-11,settled,414847.1,EUR,APAC,CP0367,FUTURE,TDR0070,BOOK_D,2025-11-28
TXN0002586871,APP006,2025-12-22,failed,700071.29,JPY,LATAM,CP0355,BOND,TDR0119,BOOK_D,2025-03-05
TXN0008549022,APP020,2025-12-14,failed,440196.94,EUR,APAC,CP0274,EQUITY,TDR0170,BOOK_D,2025-12-08
TXN0000925907,APP005,2025-07-05,pending,302421.82,USD,LATAM,CP0170,OPTION,TDR0047,BOOK_D,2025-01-05
TXN0007969469,APP011,2026-04-12,pending,484316.56,USD,LATAM,CP0076,FUTURE,TDR0068,BOOK_A,2025-11-07
TXN0009632863,APP005,2025-10-02,active,816409.15,CHF,EMEA,CP0257,OPTION,TDR0084,BOOK_A,2025-07-16
TXN0001492643,APP004,2025-03-18,reversed,744302.21,GBP,EMEA,CP0129,SWAP,TDR0131,BOOK_D,2025-07-07
TXN0005608118,APP020,2025-04-04,active,343957.04,CHF,EMEA,CP0242,EQUITY,TDR0095,BOOK_D,2025-10-06
TXN0003978287,APP014,2025-08-11,reversed,147902.28,AUD,LATAM,CP0107,SWAP,TDR0177,BOOK_A,2025-07-08
TXN0000697037,APP014,2025-01-12,reversed,963477.79,CHF,EMEA,CP0038,EQUITY,TDR0083,BOOK_B,2025-07-12
TXN0006014047,APP003,2025-12-28,active,972573.83,AUD,AMER,CP0232,SWAP,TDR0089,BOOK_D,2025-05-14
TXN0004502329,APP005,2025-11-26,failed,901142.95,CHF,AMER,CP0029,EQUITY,TDR0190,BOOK_A,2025-06-09
TXN0000213591,APP010,2025-08-08,failed,196154.15,EUR,LATAM,CP0455,FUTURE,TDR0114,BOOK_B,2026-02-20
TXN0005955012,APP013,2025-12-12,settled,437793.43,CHF,EMEA,CP0450,FX,TDR0070,BOOK_C,2026-02-13
TXN0000775774,APP015,2025-11-07,active,878900.38,GBP,LATAM,CP0341,FX,TDR0058,BOOK_B,2025-04-30
TXN0006445561,APP012,2025-03-17,pending,415068.51,AUD,EMEA,CP0477,FUTURE,TDR0099,BOOK_B,2025-06-30
TXN0008740268,APP019,2025-10-19,settled,911413.5,CHF,APAC,CP0500,FX,TDR0114,BOOK_C,2026-01-09
TXN0003525646,APP004,2026-01-11,failed,315411.83,USD,LATAM,CP0234,FX,TDR0185,BOOK_B,2025-12-09
TXN0005374794,APP006,2025-05-26,reversed,308453.03,CHF,APAC,CP0393,FUTURE,TDR0170,BOOK_C,2025-12-08
TXN0003530307,APP018,2026-02-27,reversed,203495.6,EUR,APAC,CP0262,BOND,TDR0044,BOOK_B,2025-08-11
TXN0005915819,APP013,2025-07-12,reversed,56977.55,GBP,AMER,CP0384,BOND,TDR0125,BOOK_A,2025-10-23
TXN0000837773,APP015,2025-12-26,failed,484176.41,CHF,AMER,CP0161,OPTION,TDR0030,BOOK_B,2025-01-19
TXN0001226832,APP004,2025-06-23,pending,969957.22,USD,APAC,CP0153,FX,TDR0092,BOOK_D,2025-02-12
TXN0005059362,APP019,2026-04-08,pending,780537.9,JPY,AMER,CP0079,FX,TDR0088,BOOK_C,2025-01-17
TXN0008703161,APP018,2025-06-28,active,651287.34,USD,EMEA,CP0089,EQUITY,TDR0125,BOOK_A,2025-07-19
TXN0002671300,APP011,2025-10-13,settled,438088.24,JPY,EMEA,CP0128,BOND,TDR0080,BOOK_A,2026-02-28
TXN0002405193,APP017,2025-04-12,settled,75098.16,USD,EMEA,CP0345,FX,TDR0027,BOOK_B,2025-08-26
TXN0005424927,APP017,2025-03-06,failed,684021.18,USD,EMEA,CP0136,OPTION,TDR0104,BOOK_D,2026-01-06
TXN0004977150,APP003,2025-02-25,settled,69436.42,JPY,AMER,CP0243,BOND,TDR0196,BOOK_B,2025-06-20
TXN0007866771,APP019,2025-11-11,active,408487.85,GBP,APAC,CP0199,EQUITY,TDR0030,BOOK_B,2025-08-21
TXN0003768977,APP002,2025-04-16,active,875936.26,GBP,APAC,CP0352,EQUITY,TDR0012,BOOK_B,2026-03-17
TXN0002422458,APP016,2025-08-19,reversed,868216.21,EUR,LATAM,CP0080,EQUITY,TDR0001,BOOK_D,2026-03-20
TXN0002963883,APP006,2025-02-25,active,806686.07,GBP,APAC,CP0014,EQUITY,TDR0099,BOOK_C,2026-01-30
TXN0008912419,APP019,2025-08-13,failed,328516.52,EUR,LATAM,CP0433,OPTION,TDR0055,BOOK_D,2025-12-17
TXN0000337990,APP010,2025-05-12,reversed,747577.21,CHF,APAC,CP0401,SWAP,TDR0106,BOOK_C,2025-08-31
TXN0004659569,APP001,2025-12-15,settled,666685.38,GBP,APAC,CP0317,FUTURE,TDR0149,BOOK_B,2025-08-25
TXN0007452249,APP015,2025-04-24,settled,127499.23,GBP,LATAM,CP0127,FUTURE,TDR0097,BOOK_D,2025-04-03
TXN0009970442,APP003,2025-01-28,pending,231179.79,CHF,AMER,CP0318,OPTION,TDR0112,BOOK_B,2025-06-01
TXN0004525550,APP007,2025-03-02,active,445223.54,JPY,AMER,CP0397,FX,TDR0173,BOOK_C,2026-02-26
TXN0008805004,APP004,2026-04-07,pending,588392.61,GBP,LATAM,CP0255,EQUITY,TDR0105,BOOK_C,2025-06-12
TXN0006230743,APP006,2025-10-28,settled,702761.61,GBP,LATAM,CP0024,FX,TDR0161,BOOK_C,2026-01-03
TXN0000552948,APP020,2025-05-26,active,430193.3,GBP,APAC,CP0241,BOND,TDR0197,BOOK_A,2025-03-23
TXN0008964282,APP004,2025-08-16,pending,646485.41,USD,LATAM,CP0188,OPTION,TDR0093,BOOK_A,2025-05-18
TXN0009710531,APP005,2025-01-19,active,813353.31,AUD,APAC,CP0332,BOND,TDR0063,BOOK_D,2025-01-01
TXN0005654793,APP010,2025-02-16,reversed,79315.97,JPY,EMEA,CP0063,FX,TDR0107,BOOK_D,2025-07-15
TXN0004788577,APP007,2025-07-27,pending,798012.55,AUD,LATAM,CP0438,EQUITY,TDR0191,BOOK_A,2025-11-30
TXN0002438988,APP010,2026-02-13,failed,954115.91,AUD,APAC,CP0143,FX,TDR0192,BOOK_B,2025-11-20
TXN0004588974,APP001,2025-08-14,active,680282.24,JPY,AMER,CP0178,BOND,TDR0158,BOOK_A,2025-04-14
TXN0002346962,APP018,2025-06-22,active,572087.96,JPY,LATAM,CP0024,FUTURE,TDR0034,BOOK_D,2026-02-22
TXN0003689781,APP006,2025-03-18,reversed,326212.17,USD,AMER,CP0356,FUTURE,TDR0060,BOOK_C,2026-01-08
TXN0002903167,APP015,2025-05-29,reversed,76905.86,EUR,APAC,CP0489,OPTION,TDR0137,BOOK_C,2026-03-27
TXN0005694303,APP017,2025-01-18,settled,374792.97,AUD,EMEA,CP0303,SWAP,TDR0128,BOOK_A,2026-04-02
TXN0008235965,APP014,2025-09-16,pending,120047.16,JPY,AMER,CP0470,FX,TDR0031,BOOK_B,2026-02-14
TXN0003209954,APP011,2025-08-11,active,788771.59,CHF,AMER,CP0429,OPTION,TDR0077,BOOK_A,2025-10-18
TXN0003168993,APP001,2025-03-22,reversed,473187.42,GBP,LATAM,CP0125,OPTION,TDR0039,BOOK_D,2025-10-29
TXN0007788336,APP015,2025-01-10,reversed,457620.8,JPY,AMER,CP0380,BOND,TDR0122,BOOK_A,2025-03-27
TXN0009762492,APP004,2025-01-22,reversed,801631.25,AUD,APAC,CP0217,EQUITY,TDR0042,BOOK_A,2025-12-23
TXN0009122940,APP019,2026-01-13,settled,340497.08,GBP,APAC,CP0373,OPTION,TDR0070,BOOK_C,2025-05-06
TXN0008702920,APP013,2025-02-02,reversed,886648.08,EUR,APAC,CP0220,EQUITY,TDR0185,BOOK_D,2025-04-17
TXN0006890502,APP011,2025-09-08,failed,482328.49,EUR,AMER,CP0394,OPTION,TDR0075,BOOK_C,2025-09-09
TXN0000359717,APP010,2025-07-23,active,567892.78,CHF,APAC,CP0348,SWAP,TDR0039,BOOK_B,2025-11-08
TXN0003084991,APP005,2025-10-24,active,353348.65,CHF,APAC,CP0101,OPTION,TDR0019,BOOK_C,2025-11-17
TXN0008678632,APP001,2025-03-29,failed,550211.74,CHF,APAC,CP0147,EQUITY,TDR0118,BOOK_C,2025-07-31
TXN0006348332,APP012,2025-12-28,failed,405201.6,AUD,EMEA,CP0060,EQUITY,TDR0183,BOOK_D,2026-01-01
TXN0001400448,APP004,2025-11-04,active,358705.07,EUR,AMER,CP0407,EQUITY,TDR0093,BOOK_A,2025-11-28
TXN0006282011,APP008,2025-07-12,failed,830264.64,EUR,APAC,CP0118,OPTION,TDR0038,BOOK_A,2025-05-13
TXN0007008997,APP001,2025-01-29,active,910034.59,JPY,APAC,CP0181,BOND,TDR0004,BOOK_A,2025-09-05
TXN0009809811,APP018,2025-05-04,reversed,933927.45,USD,LATAM,CP0261,BOND,TDR0069,BOOK_B,2025-01-24
TXN0000078016,APP010,2025-10-31,settled,706427.76,JPY,APAC,CP0466,BOND,TDR0114,BOOK_B,2025-03-08
TXN0009578744,APP004,2025-07-08,failed,267492.88,USD,LATAM,CP0219,EQUITY,TDR0009,BOOK_D,2025-12-30
TXN0004051881,APP018,2026-03-03,active,424264.62,AUD,LATAM,CP0246,SWAP,TDR0085,BOOK_D,2025-08-29
TXN0006863232,APP018,2025-03-25,reversed,578919.84,JPY,LATAM,CP0302,SWAP,TDR0168,BOOK_C,2025-02-06
TXN0003581238,APP003,2026-02-16,pending,53881.26,CHF,EMEA,CP0352,EQUITY,TDR0078,BOOK_D,2026-02-19
TXN0009092160,APP012,2025-02-01,pending,858310.96,GBP,APAC,CP0333,BOND,TDR0043,BOOK_A,2025-10-24
TXN0000492223,APP008,2025-02-18,settled,957687.0,USD,AMER,CP0500,FUTURE,TDR0063,BOOK_D,2025-12-16
TXN0006702177,APP007,2025-03-26,failed,844841.38,AUD,AMER,CP0068,EQUITY,TDR0189,BOOK_A,2025-10-05
TXN0009462952,APP016,2025-11-13,reversed,192518.25,USD,EMEA,CP0477,EQUITY,TDR0185,BOOK_A,2025-03-17
TXN0009924966,APP004,2025-10-06,failed,483913.23,AUD,LATAM,CP0328,SWAP,TDR0106,BOOK_B,2025-11-04
TXN0007221043,APP020,2025-06-28,reversed,834485.29,USD,EMEA,CP0126,FX,TDR0031,BOOK_C,2025-09-01
TXN0003398636,APP014,2025-07-06,active,718449.6,GBP,AMER,CP0305,FUTURE,TDR0043,BOOK_B,2025-12-12
TXN0002769094,APP004,2025-06-26,active,469860.42,JPY,APAC,CP0081,SWAP,TDR0126,BOOK_D,2025-05-18
TXN0005758317,APP003,2025-04-01,settled,481977.09,GBP,APAC,CP0304,SWAP,TDR0003,BOOK_B,2026-01-18
TXN0009445838,APP002,2026-04-13,reversed,125938.36,GBP,AMER,CP0130,SWAP,TDR0047,BOOK_A,2025-01-03
TXN0004991410,APP020,2026-02-18,settled,279934.76,GBP,APAC,CP0062,OPTION,TDR0144,BOOK_C,2025-10-22
TXN0004023892,APP006,2026-03-06,settled,386766.7,JPY,APAC,CP0495,OPTION,TDR0111,BOOK_A,2025-05-25
TXN0005845374,APP004,2025-01-11,reversed,742949.68,GBP,EMEA,CP0188,OPTION,TDR0014,BOOK_C,2025-09-26
TXN0002086071,APP020,2026-01-17,settled,830727.37,GBP,APAC,CP0119,EQUITY,TDR0068,BOOK_B,2025-01-11
TXN0006529049,APP011,2025-05-14,failed,132917.0,JPY,APAC,CP0295,FX,TDR0032,BOOK_D,2025-04-04
TXN0008770913,APP011,2026-04-07,settled,758753.32,JPY,APAC,CP0152,SWAP,TDR0059,BOOK_B,2025-06-11
TXN0009139389,APP015,2026-02-01,failed,432865.07,EUR,LATAM,CP0043,OPTION,TDR0166,BOOK_B,2025-03-28
TXN0007471110,APP001,2025-12-31,failed,532948.42,JPY,APAC,CP0097,FX,TDR0060,BOOK_C,2025-05-30
TXN0000722848,APP018,2025-02-10,settled,18141.12,AUD,AMER,CP0089,SWAP,TDR0008,BOOK_A,2026-02-10
TXN0000188405,APP015,2025-06-15,settled,726889.6,CHF,APAC,CP0497,EQUITY,TDR0064,BOOK_B,2025-09-15
TXN0004332340,APP006,2026-02-16,reversed,740860.79,CHF,LATAM,CP0364,FUTURE,TDR0018,BOOK_D,2026-01-14
TXN0001704792,APP019,2026-02-01,active,729517.08,AUD,APAC,CP0376,OPTION,TDR0021,BOOK_D,2025-10-24
TXN0004754485,APP002,2026-02-23,failed,948071.52,JPY,APAC,CP0174,OPTION,TDR0034,BOOK_D,2025-06-10
TXN0009656429,APP009,2026-04-05,settled,849966.85,EUR,AMER,CP0116,FUTURE,TDR0082,BOOK_C,2025-12-27
TXN0003473386,APP007,2025-05-03,reversed,355789.65,CHF,APAC,CP0015,BOND,TDR0016,BOOK_B,2025-10-09
TXN0001779351,APP006,2025-02-28,failed,462402.57,CHF,LATAM,CP0329,FUTURE,TDR0023,BOOK_C,2026-02-06
TXN0009027544,APP008,2026-02-23,failed,82997.34,CHF,EMEA,CP0051,SWAP,TDR0166,BOOK_D,2025-12-19
TXN0007892284,APP014,2026-03-16,pending,773442.76,CHF,EMEA,CP0248,FX,TDR0132,BOOK_C,2025-10-27
TXN0006898122,APP012,2025-03-28,failed,783908.34,USD,AMER,CP0416,BOND,TDR0165,BOOK_C,2025-04-19
TXN0007642053,APP014,2025-07-15,active,452484.81,CHF,APAC,CP0212,OPTION,TDR0099,BOOK_A,2026-03-23
TXN0008358431,APP008,2026-01-25,settled,318976.44,JPY,LATAM,CP0455,OPTION,TDR0194,BOOK_C,2025-06-11
TXN0000199896,APP020,2025-07-15,pending,923575.92,USD,AMER,CP0407,OPTION,TDR0097,BOOK_B,2025-11-03
TXN0004918041,APP019,2025-03-10,failed,496960.65,CHF,APAC,CP0018,OPTION,TDR0192,BOOK_A,2025-08-29
TXN0009221137,APP012,2025-09-29,reversed,365313.47,AUD,APAC,CP0123,EQUITY,TDR0015,BOOK_D,2026-04-13
TXN0008037203,APP013,2025-10-07,settled,259473.76,GBP,AMER,CP0433,OPTION,TDR0169,BOOK_D,2025-06-25
TXN0003532698,APP004,2025-05-27,active,800053.04,GBP,EMEA,CP0324,SWAP,TDR0187,BOOK_B,2025-10-29
TXN0002851191,APP002,2025-01-07,reversed,19528.05,GBP,EMEA,CP0462,FX,TDR0016,BOOK_A,2025-01-02
TXN0003793522,APP003,2025-11-29,pending,504473.16,CHF,AMER,CP0366,SWAP,TDR0081,BOOK_B,2025-10-07
TXN0007785261,APP009,2025-01-17,failed,424150.81,JPY,LATAM,CP0156,FUTURE,TDR0192,BOOK_D,2025-10-12
TXN0008699471,APP019,2026-02-01,settled,945982.65,EUR,LATAM,CP0097,BOND,TDR0030,BOOK_C,2025-10-03
TXN0004759750,APP020,2025-06-08,pending,658789.98,CHF,EMEA,CP0480,SWAP,TDR0047,BOOK_B,2026-03-04
TXN0009092407,APP003,2025-11-01,settled,638215.92,EUR,EMEA,CP0190,EQUITY,TDR0006,BOOK_D,2025-04-06
TXN0005510801,APP002,2025-03-22,failed,713635.05,JPY,AMER,CP0193,FX,TDR0151,BOOK_B,2025-11-24
TXN0007966808,APP012,2025-10-12,active,839904.75,GBP,APAC,CP0091,FUTURE,TDR0155,BOOK_B,2025-08-26
TXN0006021949,APP011,2025-05-10,pending,100524.37,AUD,AMER,CP0442,OPTION,TDR0153,BOOK_B,2026-03-07
TXN0007264900,APP007,2025-11-29,failed,323294.24,EUR,EMEA,CP0238,OPTION,TDR0193,BOOK_A,2025-02-16
TXN0008184101,APP006,2026-01-26,failed,929144.32,JPY,APAC,CP0349,EQUITY,TDR0177,BOOK_D,2026-03-23
TXN0000998178,APP007,2026-04-06,pending,762537.07,JPY,LATAM,CP0393,FUTURE,TDR0153,BOOK_A,2025-11-05
TXN0004951507,APP001,2025-10-12,pending,815984.6,GBP,LATAM,CP0182,FX,TDR0158,BOOK_B,2025-10-01
TXN0009785081,APP012,2025-09-11,settled,406966.67,AUD,APAC,CP0171,EQUITY,TDR0054,BOOK_B,2025-05-05
TXN0002186490,APP011,2025-04-10,failed,449362.55,EUR,LATAM,CP0275,FX,TDR0017,BOOK_B,2025-05-12
TXN0008110310,APP015,2025-07-16,active,434937.69,JPY,EMEA,CP0073,OPTION,TDR0194,BOOK_B,2025-01-29
TXN0009577652,APP006,2025-09-29,settled,464414.64,JPY,EMEA,CP0204,BOND,TDR0046,BOOK_C,2025-02-21
TXN0009823760,APP004,2025-10-07,active,270704.31,USD,LATAM,CP0116,EQUITY,TDR0194,BOOK_C,2025-04-23
TXN0003715482,APP009,2025-07-24,active,516127.87,JPY,EMEA,CP0115,SWAP,TDR0051,BOOK_B,2025-08-13
TXN0009430832,APP020,2025-11-03,active,245989.2,CHF,LATAM,CP0350,FX,TDR0102,BOOK_D,2025-09-26
TXN0002098117,APP011,2025-08-26,pending,138733.67,GBP,AMER,CP0207,EQUITY,TDR0136,BOOK_A,2026-01-23
TXN0004400637,APP010,2025-07-11,failed,894179.01,USD,LATAM,CP0282,OPTION,TDR0175,BOOK_C,2025-05-23
TXN0004691488,APP011,2025-01-17,active,198888.44,GBP,AMER,CP0387,SWAP,TDR0197,BOOK_A,2026-01-09
TXN0002895799,APP008,2026-01-07,failed,126940.23,JPY,EMEA,CP0107,BOND,TDR0122,BOOK_D,2025-08-13
TXN0005852787,APP008,2026-01-13,settled,863939.65,JPY,APAC,CP0291,SWAP,TDR0041,BOOK_B,2025-09-11
TXN0006267702,APP010,2025-02-04,settled,386254.85,CHF,APAC,CP0057,SWAP,TDR0062,BOOK_C,2026-03-07
TXN0008822514,APP005,2025-10-08,active,798306.86,GBP,AMER,CP0323,FUTURE,TDR0149,BOOK_A,2026-03-17
TXN0003776785,APP008,2025-09-25,failed,411527.14,GBP,AMER,CP0271,FX,TDR0135,BOOK_B,2025-03-08
TXN0002474328,APP010,2025-04-26,reversed,571459.3,AUD,AMER,CP0260,EQUITY,TDR0119,BOOK_B,2026-01-18
TXN0001704690,APP013,2025-06-20,pending,552669.02,GBP,EMEA,CP0326,EQUITY,TDR0045,BOOK_A,2025-06-24
TXN0006736781,APP001,2026-01-21,pending,806427.56,EUR,AMER,CP0412,FUTURE,TDR0050,BOOK_C,2026-01-24
TXN0002386841,APP001,2025-12-21,reversed,494978.68,JPY,EMEA,CP0461,BOND,TDR0141,BOOK_D,2025-12-21
TXN0007217666,APP002,2025-04-24,failed,642178.26,EUR,EMEA,CP0143,BOND,TDR0074,BOOK_C,2026-02-19
TXN0005248121,APP003,2025-11-03,active,898665.96,AUD,LATAM,CP0052,BOND,TDR0108,BOOK_A,2025-05-27
TXN0001938820,APP020,2025-04-08,pending,586494.82,CHF,AMER,CP0189,EQUITY,TDR0023,BOOK_A,2025-09-02
TXN0004109767,APP020,2026-03-05,reversed,337819.58,GBP,LATAM,CP0455,BOND,TDR0032,BOOK_D,2025-06-17
TXN0005746470,APP013,2025-02-01,pending,638092.11,EUR,APAC,CP0056,OPTION,TDR0167,BOOK_A,2025-01-10
TXN0009320846,APP015,2025-07-01,reversed,107808.75,USD,APAC,CP0398,EQUITY,TDR0162,BOOK_C,2026-03-10
TXN0003419867,APP002,2026-01-13,reversed,60844.93,CHF,APAC,CP0338,OPTION,TDR0081,BOOK_B,2025-01-10
TXN0005184132,APP008,2025-12-19,pending,43025.75,EUR,AMER,CP0444,BOND,TDR0162,BOOK_C,2025-04-17
TXN0004519573,APP001,2025-02-21,settled,686433.98,USD,APAC,CP0125,FX,TDR0195,BOOK_A,2026-01-27
TXN0002663178,APP015,2026-01-25,settled,453702.53,GBP,APAC,CP0026,BOND,TDR0187,BOOK_B,2025-07-17
TXN0005934807,APP013,2025-06-09,pending,517834.67,AUD,EMEA,CP0488,OPTION,TDR0011,BOOK_C,2025-04-25
TXN0008916336,APP017,2026-04-05,active,316730.01,GBP,EMEA,CP0156,SWAP,TDR0143,BOOK_A,2025-09-23
TXN0003110392,APP010,2026-03-06,settled,623880.0,AUD,AMER,CP0430,FUTURE,TDR0008,BOOK_D,2025-08-30
TXN0001318231,APP004,2025-12-27,failed,349344.74,JPY,LATAM,CP0145,BOND,TDR0177,BOOK_D,2025-03-07
TXN0007657996,APP015,2026-03-14,failed,673226.85,USD,AMER,CP0151,FUTURE,TDR0057,BOOK_A,2025-07-13
TXN0002271384,APP005,2025-10-06,settled,834919.08,GBP,AMER,CP0135,EQUITY,TDR0023,BOOK_D,2025-11-29
TXN0005558565,APP020,2025-01-08,pending,30853.02,USD,EMEA,CP0493,FX,TDR0180,BOOK_D,2025-10-09
TXN0006464157,APP005,2026-03-13,settled,106627.08,GBP,LATAM,CP0026,BOND,TDR0153,BOOK_A,2025-06-16
TXN0000243420,APP017,2025-05-22,failed,121934.63,EUR,AMER,CP0276,BOND,TDR0120,BOOK_D,2025-08-27
TXN0005343873,APP003,2025-08-05,pending,164958.1,JPY,EMEA,CP0469,FX,TDR0021,BOOK_A,2025-07-14
TXN0000517132,APP007,2025-03-15,pending,163981.73,EUR,AMER,CP0131,BOND,TDR0086,BOOK_D,2025-01-04
TXN0002595797,APP018,2025-10-23,failed,918191.84,CHF,LATAM,CP0335,SWAP,TDR0132,BOOK_A,2025-08-07
TXN0002056317,APP016,2025-06-19,settled,749829.03,EUR,APAC,CP0371,OPTION,TDR0169,BOOK_D,2025-05-13
TXN0005466253,APP004,2026-02-08,active,787570.33,AUD,EMEA,CP0061,OPTION,TDR0089,BOOK_C,2025-07-11
TXN0000395476,APP006,2025-05-07,failed,660576.7,AUD,AMER,CP0455,OPTION,TDR0121,BOOK_A,2026-03-12
TXN0004150772,APP004,2025-10-16,pending,849156.23,CHF,LATAM,CP0464,OPTION,TDR0140,BOOK_C,2025-08-24
TXN0007827772,APP003,2025-06-04,failed,227200.12,JPY,EMEA,CP0179,FUTURE,TDR0117,BOOK_A,2025-03-27
TXN0008929766,APP001,2026-01-24,pending,600558.97,EUR,APAC,CP0247,EQUITY,TDR0174,BOOK_D,2025-07-23
TXN0006301054,APP009,2025-09-04,pending,584036.34,EUR,APAC,CP0258,EQUITY,TDR0140,BOOK_A,2026-02-24
TXN0004838536,APP016,2025-05-29,failed,192988.59,CHF,AMER,CP0415,OPTION,TDR0179,BOOK_A,2026-02-16
TXN0007236887,APP015,2025-12-01,active,56731.32,USD,AMER,CP0500,FX,TDR0037,BOOK_D,2025-02-18
TXN0002448066,APP002,2025-05-06,pending,328224.76,JPY,LATAM,CP0045,SWAP,TDR0116,BOOK_C,2025-08-04
TXN0006191087,APP018,2025-08-09,settled,991804.82,JPY,EMEA,CP0399,BOND,TDR0135,BOOK_C,2025-08-25
TXN0001222567,APP017,2025-06-28,reversed,372641.06,EUR,APAC,CP0001,BOND,TDR0037,BOOK_C,2025-09-01
TXN0007595201,APP015,2025-11-05,settled,589703.97,JPY,AMER,CP0410,BOND,TDR0050,BOOK_D,2025-11-23
TXN0006764718,APP008,2025-12-24,settled,528688.01,JPY,APAC,CP0029,EQUITY,TDR0064,BOOK_D,2026-03-14
TXN0007586875,APP011,2026-04-08,failed,465701.47,EUR,LATAM,CP0118,SWAP,TDR0094,BOOK_C,2026-01-25
TXN0006055649,APP009,2025-08-05,reversed,411752.79,JPY,APAC,CP0253,BOND,TDR0127,BOOK_A,2025-04-07
TXN0002038597,APP003,2025-03-03,pending,19176.55,USD,APAC,CP0492,SWAP,TDR0198,BOOK_B,2025-05-09
TXN0000989037,APP005,2026-03-24,settled,376302.91,USD,APAC,CP0413,SWAP,TDR0025,BOOK_D,2026-04-14
TXN0004209432,APP014,2025-04-01,reversed,478821.14,GBP,APAC,CP0204,FUTURE,TDR0037,BOOK_B,2025-12-30
TXN0004951322,APP011,2025-05-30,reversed,782534.36,EUR,EMEA,CP0384,FUTURE,TDR0071,BOOK_A,2025-07-16
TXN0009890065,APP012,2025-04-26,failed,877278.58,GBP,APAC,CP0479,FUTURE,TDR0191,BOOK_A,2026-01-10
TXN0008681744,APP014,2025-11-30,active,76913.88,EUR,AMER,CP0157,OPTION,TDR0136,BOOK_B,2025-01-12
TXN0003142834,APP016,2025-07-30,pending,882138.27,USD,APAC,CP0040,FX,TDR0048,BOOK_B,2025-10-12
TXN0008949038,APP016,2025-01-23,reversed,119115.87,USD,APAC,CP0308,BOND,TDR0026,BOOK_D,2025-10-06
TXN0009311660,APP015,2025-10-09,failed,877885.71,EUR,LATAM,CP0405,SWAP,TDR0061,BOOK_A,2025-01-18
TXN0009407366,APP013,2025-03-17,settled,27370.24,GBP,APAC,CP0381,FX,TDR0061,BOOK_B,2025-12-22
TXN0003471278,APP010,2026-03-04,reversed,837209.14,EUR,APAC,CP0432,EQUITY,TDR0002,BOOK_D,2025-02-23
TXN0006773421,APP001,2025-02-21,settled,987285.45,CHF,AMER,CP0278,EQUITY,TDR0052,BOOK_A,2026-01-09
TXN0008107827,APP018,2025-01-03,settled,693814.28,USD,LATAM,CP0110,OPTION,TDR0084,BOOK_C,2025-06-12
TXN0009978772,APP013,2025-10-16,active,462151.82,AUD,LATAM,CP0380,FUTURE,TDR0053,BOOK_B,2025-05-10
TXN0000574231,APP014,2025-12-24,settled,786775.68,AUD,LATAM,CP0162,BOND,TDR0200,BOOK_C,2026-03-09
TXN0005152239,APP006,2026-03-09,pending,482704.79,JPY,LATAM,CP0008,FUTURE,TDR0161,BOOK_D,2026-01-17
TXN0001635856,APP003,2025-05-02,settled,382638.74,USD,AMER,CP0203,SWAP,TDR0091,BOOK_A,2025-12-24
TXN0008213034,APP008,2025-03-22,active,250750.78,GBP,APAC,CP0091,EQUITY,TDR0138,BOOK_C,2026-02-06
TXN0006487390,APP012,2025-11-18,pending,432903.21,USD,LATAM,CP0104,OPTION,TDR0199,BOOK_C,2025-04-16
TXN0006526834,APP018,2025-03-27,active,746510.02,CHF,AMER,CP0159,OPTION,TDR0133,BOOK_B,2025-10-02
TXN0006355136,APP010,2025-07-03,active,908828.92,JPY,AMER,CP0445,SWAP,TDR0047,BOOK_A,2026-01-08
TXN0005770603,APP004,2026-01-17,failed,148451.58,EUR,AMER,CP0008,EQUITY,TDR0038,BOOK_C,2025-09-19
TXN0005506321,APP017,2025-11-03,active,430732.36,CHF,EMEA,CP0119,FX,TDR0023,BOOK_B,2025-10-23
TXN0006175523,APP003,2025-09-28,settled,154769.38,JPY,EMEA,CP0077,FUTURE,TDR0077,BOOK_C,2025-09-03
TXN0008612735,APP014,2025-09-16,active,119691.79,CHF,APAC,CP0048,FX,TDR0015,BOOK_D,2025-02-16
TXN0007051712,APP019,2025-01-26,failed,988949.08,GBP,AMER,CP0153,FX,TDR0030,BOOK_A,2025-06-30
TXN0001742284,APP008,2025-03-07,reversed,641827.2,AUD,LATAM,CP0276,FUTURE,TDR0015,BOOK_A,2026-01-06
TXN0005402832,APP014,2025-06-07,reversed,453776.25,GBP,LATAM,CP0434,BOND,TDR0148,BOOK_C,2026-03-28
TXN0004326435,APP016,2025-06-15,pending,44027.88,CHF,AMER,CP0406,BOND,TDR0082,BOOK_C,2025-10-20
TXN0009642221,APP002,2026-02-15,active,106228.91,EUR,EMEA,CP0348,OPTION,TDR0077,BOOK_A,2025-12-22
TXN0007686038,APP011,2025-09-12,settled,952389.72,GBP,AMER,CP0047,FUTURE,TDR0176,BOOK_B,2025-04-19
TXN0001212274,APP006,2025-01-14,reversed,478283.37,AUD,AMER,CP0058,SWAP,TDR0163,BOOK_A,2025-12-09
TXN0001260283,APP011,2026-01-24,reversed,289418.38,CHF,LATAM,CP0237,FUTURE,TDR0082,BOOK_D,2025-02-09
TXN0007219840,APP018,2025-10-01,active,7148.02,AUD,EMEA,CP0182,FUTURE,TDR0076,BOOK_B,2025-06-01
TXN0004521739,APP019,2025-12-17,failed,28115.2,AUD,AMER,CP0492,SWAP,TDR0098,BOOK_B,2025-02-19
TXN0000795935,APP003,2025-05-18,settled,879564.65,AUD,AMER,CP0357,OPTION,TDR0155,BOOK_D,2026-01-12
TXN0008478134,APP013,2025-05-31,reversed,53336.04,AUD,APAC,CP0113,OPTION,TDR0110,BOOK_B,2025-11-27
TXN0006321425,APP008,2026-01-19,active,575683.16,AUD,APAC,CP0234,EQUITY,TDR0027,BOOK_A,2025-09-07
TXN0009838249,APP007,2026-01-21,settled,856054.97,AUD,LATAM,CP0298,FX,TDR0122,BOOK_A,2026-01-31
TXN0000234846,APP015,2026-02-02,settled,62356.88,AUD,AMER,CP0203,FX,TDR0036,BOOK_D,2026-01-29
TXN0007204698,APP005,2025-12-11,failed,664728.06,JPY,LATAM,CP0143,SWAP,TDR0044,BOOK_B,2025-05-01
TXN0000052616,APP004,2025-01-16,reversed,387422.48,GBP,AMER,CP0002,FUTURE,TDR0017,BOOK_B,2025-04-15
TXN0005411276,APP006,2026-02-27,active,953137.28,EUR,EMEA,CP0400,FX,TDR0155,BOOK_A,2025-05-13
TXN0007317192,APP006,2025-12-29,settled,882628.36,USD,APAC,CP0139,EQUITY,TDR0021,BOOK_D,2025-12-02
TXN0002506742,APP017,2025-07-21,active,577547.86,GBP,AMER,CP0277,FX,TDR0081,BOOK_B,2025-02-23
TXN0000719385,APP020,2025-07-10,reversed,606722.57,EUR,LATAM,CP0262,SWAP,TDR0036,BOOK_D,2026-03-05
TXN0002821859,APP008,2026-04-02,reversed,605350.51,AUD,AMER,CP0046,FX,TDR0082,BOOK_B,2025-06-19
TXN0007013770,APP013,2025-08-23,failed,737238.95,AUD,APAC,CP0496,FUTURE,TDR0128,BOOK_A,2025-02-21
TXN0006506158,APP005,2025-01-29,failed,654432.48,AUD,EMEA,CP0102,BOND,TDR0144,BOOK_C,2025-06-28
TXN0004967255,APP016,2025-12-26,pending,356089.99,JPY,AMER,CP0477,EQUITY,TDR0022,BOOK_C,2025-08-16
TXN0006593824,APP008,2026-01-30,failed,899242.69,GBP,AMER,CP0257,FX,TDR0195,BOOK_B,2025-02-10
TXN0000657944,APP015,2025-05-16,settled,824859.21,USD,EMEA,CP0097,FUTURE,TDR0071,BOOK_D,2025-08-24
TXN0004941566,APP008,2026-03-05,reversed,957564.71,CHF,AMER,CP0012,FX,TDR0177,BOOK_C,2025-08-18
TXN0007136652,APP014,2026-01-31,failed,439941.53,JPY,EMEA,CP0422,OPTION,TDR0033,BOOK_B,2025-12-20
TXN0008887923,APP008,2025-12-28,active,614173.89,GBP,APAC,CP0141,FUTURE,TDR0155,BOOK_D,2026-03-15
TXN0004560998,APP004,2025-02-05,settled,204982.83,JPY,AMER,CP0048,BOND,TDR0015,BOOK_B,2025-02-13
TXN0000563284,APP018,2025-03-16,active,736742.7,GBP,EMEA,CP0260,FX,TDR0107,BOOK_C,2026-03-04
TXN0005288675,APP019,2025-05-27,failed,564731.73,USD,AMER,CP0122,EQUITY,TDR0066,BOOK_B,2026-02-25
TXN0008416365,APP004,2026-01-11,active,675139.45,EUR,AMER,CP0302,SWAP,TDR0058,BOOK_A,2026-01-13
TXN0008973384,APP018,2025-08-06,settled,130301.95,GBP,LATAM,CP0364,EQUITY,TDR0109,BOOK_A,2025-07-02
TXN0007407713,APP018,2025-01-24,active,762241.54,USD,LATAM,CP0074,OPTION,TDR0030,BOOK_A,2026-01-12
TXN0000784733,APP012,2025-12-06,active,471270.06,GBP,EMEA,CP0459,BOND,TDR0189,BOOK_C,2025-01-09
TXN0007182097,APP011,2025-11-09,reversed,745845.7,JPY,LATAM,CP0175,FUTURE,TDR0138,BOOK_C,2025-12-13
TXN0002137297,APP001,2025-09-12,active,282795.04,JPY,LATAM,CP0260,FUTURE,TDR0176,BOOK_C,2026-03-16
TXN0003241427,APP002,2025-11-07,active,465268.88,AUD,APAC,CP0389,OPTION,TDR0098,BOOK_A,2025-11-05
TXN0009886248,APP018,2026-04-10,settled,313786.79,AUD,APAC,CP0017,OPTION,TDR0049,BOOK_A,2025-02-20
TXN0006197696,APP015,2026-03-10,reversed,356994.58,AUD,AMER,CP0044,SWAP,TDR0117,BOOK_B,2025-11-24
TXN0002373741,APP001,2025-04-12,pending,412281.22,EUR,AMER,CP0059,FUTURE,TDR0130,BOOK_A,2025-01-08
TXN0000682649,APP018,2025-11-20,failed,695274.89,JPY,APAC,CP0481,OPTION,TDR0023,BOOK_A,2025-09-29
TXN0005150376,APP001,2026-01-16,pending,234964.4,GBP,AMER,CP0056,OPTION,TDR0051,BOOK_A,2025-09-07
TXN0002253132,APP020,2025-09-04,reversed,634424.66,AUD,LATAM,CP0448,BOND,TDR0178,BOOK_D,2026-04-09
TXN0001894959,APP020,2025-08-02,active,430581.13,CHF,AMER,CP0193,SWAP,TDR0179,BOOK_C,2025-11-30
TXN0005159222,APP007,2025-07-02,pending,185368.9,GBP,AMER,CP0111,SWAP,TDR0108,BOOK_D,2025-12-25
TXN0005244338,APP019,2025-01-01,settled,46792.72,EUR,EMEA,CP0337,EQUITY,TDR0200,BOOK_C,2026-02-27
TXN0005205675,APP011,2025-04-11,failed,737906.76,AUD,EMEA,CP0233,BOND,TDR0079,BOOK_A,2025-01-18
TXN0000744549,APP005,2025-12-15,failed,795104.53,EUR,EMEA,CP0419,OPTION,TDR0043,BOOK_A,2025-11-05
TXN0005543069,APP007,2026-02-04,active,686557.67,EUR,APAC,CP0405,FUTURE,TDR0125,BOOK_C,2025-06-11
TXN0007062888,APP009,2025-08-05,failed,940428.74,EUR,EMEA,CP0253,EQUITY,TDR0066,BOOK_B,2026-01-29
TXN0001101927,APP005,2025-01-29,active,688658.85,AUD,APAC,CP0198,OPTION,TDR0124,BOOK_D,2025-12-28
TXN0003984510,APP009,2025-01-14,settled,754729.08,GBP,AMER,CP0148,FX,TDR0033,BOOK_A,2025-06-28
TXN0008065298,APP017,2025-12-05,failed,218909.74,AUD,APAC,CP0208,BOND,TDR0029,BOOK_D,2025-09-24
TXN0002295947,APP008,2025-11-12,settled,970438.84,JPY,AMER,CP0106,FX,TDR0008,BOOK_D,2025-02-28
TXN0002535528,APP002,2025-04-09,failed,168948.4,AUD,LATAM,CP0447,OPTION,TDR0124,BOOK_C,2025-10-12
TXN0009362001,APP008,2025-10-25,failed,538856.4,EUR,LATAM,CP0006,OPTION,TDR0173,BOOK_D,2025-06-19
TXN0007200604,APP001,2025-01-12,reversed,440008.29,CHF,APAC,CP0307,FUTURE,TDR0050,BOOK_A,2026-01-10
TXN0006703040,APP010,2025-11-15,pending,59686.05,GBP,LATAM,CP0454,BOND,TDR0161,BOOK_A,2025-12-23
TXN0000431957,APP008,2025-07-13,settled,9198.34,JPY,APAC,CP0462,BOND,TDR0141,BOOK_C,2025-07-12
TXN0005356978,APP005,2025-07-16,reversed,305719.26,GBP,LATAM,CP0399,EQUITY,TDR0162,BOOK_C,2026-04-08
TXN0004378405,APP008,2026-02-09,reversed,436658.59,JPY,EMEA,CP0272,FUTURE,TDR0005,BOOK_B,2025-02-28
TXN0003112903,APP014,2025-09-12,pending,158972.48,JPY,EMEA,CP0412,OPTION,TDR0121,BOOK_B,2025-04-20
TXN0001833603,APP018,2025-05-19,active,117455.71,CHF,APAC,CP0099,SWAP,TDR0047,BOOK_C,2026-02-26
TXN0009566067,APP009,2025-12-02,settled,893810.01,CHF,EMEA,CP0226,FX,TDR0093,BOOK_B,2025-08-04
TXN0004145667,APP018,2025-06-05,settled,163002.5,AUD,AMER,CP0176,FUTURE,TDR0189,BOOK_D,2026-01-24
TXN0001513429,APP016,2026-03-09,reversed,134353.77,EUR,AMER,CP0213,EQUITY,TDR0009,BOOK_B,2025-04-17
TXN0001995032,APP005,2026-01-22,pending,461749.09,EUR,EMEA,CP0261,FUTURE,TDR0168,BOOK_B,2025-10-15
TXN0000397222,APP014,2025-09-11,reversed,174452.6,AUD,LATAM,CP0306,BOND,TDR0144,BOOK_B,2026-04-02
TXN0000973753,APP007,2025-06-10,failed,157385.2,EUR,LATAM,CP0500,SWAP,TDR0194,BOOK_A,2026-02-16
TXN0005986322,APP004,2025-12-01,settled,146832.73,GBP,LATAM,CP0225,SWAP,TDR0170,BOOK_A,2026-01-07
TXN0004446966,APP017,2026-01-14,reversed,82163.1,GBP,AMER,CP0336,FUTURE,TDR0027,BOOK_C,2025-07-06
TXN0008957453,APP007,2025-04-07,reversed,453745.33,EUR,APAC,CP0433,OPTION,TDR0199,BOOK_B,2025-07-17
TXN0006784437,APP009,2025-06-12,failed,487957.2,EUR,LATAM,CP0081,FX,TDR0177,BOOK_B,2025-03-13
TXN0007416407,APP001,2025-02-15,active,798220.83,GBP,AMER,CP0283,EQUITY,TDR0111,BOOK_D,2025-02-07
TXN0008836632,APP020,2025-02-16,pending,72674.88,USD,EMEA,CP0085,FUTURE,TDR0104,BOOK_C,2025-01-09
TXN0002352919,APP011,2026-03-07,failed,833162.34,GBP,APAC,CP0187,SWAP,TDR0024,BOOK_D,2025-08-17
TXN0000999564,APP006,2025-12-28,pending,174275.54,EUR,LATAM,CP0006,OPTION,TDR0017,BOOK_A,2025-08-19
TXN0000239875,APP007,2026-03-07,failed,55664.41,AUD,EMEA,CP0135,FUTURE,TDR0191,BOOK_B,2025-06-20
TXN0007126724,APP001,2025-05-15,settled,339082.01,GBP,LATAM,CP0163,OPTION,TDR0174,BOOK_A,2025-09-29
TXN0003588268,APP016,2026-03-11,reversed,541900.87,GBP,AMER,CP0288,OPTION,TDR0181,BOOK_B,2025-09-23
TXN0008594213,APP007,2025-07-20,reversed,811898.86,JPY,LATAM,CP0209,FX,TDR0077,BOOK_D,2025-07-31
TXN0005208549,APP009,2026-03-28,reversed,20165.99,USD,AMER,CP0340,OPTION,TDR0004,BOOK_B,2025-02-25
TXN0001610852,APP008,2025-11-15,failed,425556.19,GBP,AMER,CP0406,FUTURE,TDR0143,BOOK_A,2025-08-22
TXN0004210679,APP002,2025-01-13,failed,350794.81,JPY,AMER,CP0281,SWAP,TDR0046,BOOK_C,2025-10-16
TXN0001566843,APP003,2025-02-18,settled,866285.47,EUR,EMEA,CP0252,EQUITY,TDR0063,BOOK_C,2025-10-24
TXN0006558771,APP012,2025-10-17,pending,782707.78,USD,AMER,CP0112,SWAP,TDR0143,BOOK_D,2025-12-27
TXN0009097169,APP014,2025-10-28,active,721968.81,USD,APAC,CP0232,EQUITY,TDR0023,BOOK_B,2025-03-02
TXN0007032698,APP017,2025-09-04,failed,47220.25,EUR,AMER,CP0315,BOND,TDR0147,BOOK_B,2025-02-15
TXN0002618942,APP016,2026-02-27,pending,418574.07,USD,EMEA,CP0267,EQUITY,TDR0176,BOOK_A,2025-12-31
TXN0009053074,APP002,2025-03-05,reversed,905436.89,CHF,LATAM,CP0213,EQUITY,TDR0182,BOOK_B,2025-07-28
TXN0001499275,APP002,2025-09-10,settled,310707.62,GBP,EMEA,CP0289,OPTION,TDR0177,BOOK_B,2025-06-29
TXN0002927911,APP016,2026-02-06,failed,12324.91,EUR,LATAM,CP0489,FUTURE,TDR0183,BOOK_D,2026-03-26
TXN0009478536,APP005,2026-04-13,reversed,687765.96,USD,LATAM,CP0088,FUTURE,TDR0069,BOOK_B,2025-04-19
TXN0002449264,APP004,2026-02-22,settled,729768.16,CHF,AMER,CP0396,FUTURE,TDR0063,BOOK_B,2026-03-28
TXN0004897839,APP006,2026-02-21,active,334161.7,USD,EMEA,CP0349,OPTION,TDR0041,BOOK_B,2025-01-31
TXN0004867897,APP007,2025-09-26,active,366122.05,AUD,EMEA,CP0247,EQUITY,TDR0139,BOOK_A,2025-05-25
TXN0009971610,APP019,2025-02-14,reversed,722749.8,GBP,EMEA,CP0006,SWAP,TDR0171,BOOK_A,2025-02-27
TXN0002500570,APP010,2025-08-19,reversed,501893.71,JPY,EMEA,CP0012,FUTURE,TDR0074,BOOK_D,2025-06-07
TXN0001997746,APP008,2026-04-01,reversed,547010.91,JPY,LATAM,CP0014,FUTURE,TDR0024,BOOK_C,2026-03-10
TXN0004812158,APP004,2026-03-17,pending,832879.11,EUR,AMER,CP0488,OPTION,TDR0171,BOOK_D,2025-06-16
TXN0009835789,APP015,2025-01-06,active,348966.43,USD,APAC,CP0187,FX,TDR0128,BOOK_D,2025-04-12
TXN0008224286,APP013,2025-06-05,settled,222582.09,CHF,AMER,CP0224,SWAP,TDR0189,BOOK_D,2025-06-10
TXN0000396324,APP011,2025-02-03,pending,699204.76,GBP,APAC,CP0401,FUTURE,TDR0182,BOOK_D,2025-08-22
TXN0009072261,APP006,2026-04-07,reversed,419415.73,AUD,APAC,CP0078,FUTURE,TDR0081,BOOK_C,2025-02-23
TXN0000894128,APP004,2025-12-17,settled,378759.43,GBP,AMER,CP0228,EQUITY,TDR0178,BOOK_B,2026-02-26
TXN0001433660,APP004,2026-02-13,failed,977646.43,USD,LATAM,CP0146,FUTURE,TDR0077,BOOK_D,2025-10-20
TXN0005164950,APP001,2025-06-24,failed,896108.59,CHF,EMEA,CP0247,OPTION,TDR0083,BOOK_C,2025-04-06
TXN0005958145,APP007,2025-08-18,failed,793122.57,GBP,APAC,CP0313,FX,TDR0041,BOOK_C,2025-12-31
TXN0000653451,APP010,2025-06-23,active,501846.82,USD,APAC,CP0291,FX,TDR0039,BOOK_C,2026-02-22
TXN0006549989,APP011,2025-06-26,active,293809.13,CHF,EMEA,CP0277,BOND,TDR0079,BOOK_D,2026-01-29
TXN0005970863,APP010,2025-08-12,pending,885344.61,USD,AMER,CP0491,FUTURE,TDR0127,BOOK_B,2025-05-06
TXN0001095539,APP012,2025-11-20,pending,158702.54,GBP,AMER,CP0220,EQUITY,TDR0033,BOOK_A,2025-12-13
TXN0001932208,APP007,2025-05-09,reversed,836025.09,GBP,LATAM,CP0141,EQUITY,TDR0068,BOOK_A,2025-08-27
TXN0004799396,APP006,2025-04-13,reversed,527702.52,USD,LATAM,CP0366,FUTURE,TDR0180,BOOK_A,2025-09-04
TXN0001137117,APP010,2025-05-05,reversed,246670.6,GBP,EMEA,CP0027,BOND,TDR0155,BOOK_D,2025-12-09
TXN0005880681,APP013,2025-06-06,active,953265.5,GBP,EMEA,CP0340,FUTURE,TDR0057,BOOK_A,2026-03-04
TXN0001101797,APP013,2026-02-11,failed,795458.4,CHF,AMER,CP0371,OPTION,TDR0013,BOOK_D,2025-12-08
TXN0001232482,APP010,2025-09-14,settled,34353.4,CHF,EMEA,CP0405,FX,TDR0144,BOOK_D,2025-08-27
TXN0000236882,APP001,2025-11-16,active,116824.87,CHF,AMER,CP0358,EQUITY,TDR0195,BOOK_A,2025-05-03
TXN0006614715,APP001,2025-12-20,active,23184.2,GBP,AMER,CP0106,BOND,TDR0103,BOOK_B,2025-11-08
TXN0005450431,APP002,2025-10-21,failed,895325.36,GBP,APAC,CP0293,EQUITY,TDR0179,BOOK_B,2026-01-24
TXN0007091804,APP013,2026-03-21,active,153733.5,JPY,EMEA,CP0027,EQUITY,TDR0097,BOOK_B,2026-04-05
TXN0002816879,APP010,2025-09-07,failed,253625.49,AUD,APAC,CP0305,EQUITY,TDR0038,BOOK_A,2026-01-05
TXN0002387530,APP003,2026-02-06,pending,86070.4,AUD,AMER,CP0202,FUTURE,TDR0099,BOOK_B,2025-03-26
TXN0002488923,APP001,2025-07-28,failed,465598.67,GBP,APAC,CP0056,EQUITY,TDR0133,BOOK_A,2026-03-17
TXN0000656547,APP015,2025-11-14,failed,181425.79,USD,EMEA,CP0297,OPTION,TDR0095,BOOK_D,2025-07-30
TXN0008935206,APP020,2026-02-04,active,455689.17,JPY,APAC,CP0061,SWAP,TDR0158,BOOK_C,2025-12-04
TXN0006124825,APP005,2025-04-15,reversed,184347.04,EUR,APAC,CP0368,EQUITY,TDR0070,BOOK_B,2025-05-24
TXN0002777215,APP008,2026-04-04,failed,960802.79,USD,EMEA,CP0272,EQUITY,TDR0125,BOOK_D,2025-08-24
TXN0002793802,APP016,2025-02-09,reversed,111552.61,AUD,EMEA,CP0369,FUTURE,TDR0013,BOOK_B,2025-05-05
TXN0005304114,APP009,2025-09-12,settled,157199.89,USD,EMEA,CP0035,OPTION,TDR0058,BOOK_B,2025-11-05
TXN0001313173,APP006,2025-08-30,active,597593.36,EUR,APAC,CP0325,OPTION,TDR0134,BOOK_D,2025-09-18
TXN0002759535,APP003,2025-09-05,pending,849736.81,AUD,AMER,CP0214,EQUITY,TDR0031,BOOK_C,2026-02-17
TXN0002986245,APP008,2026-02-15,pending,58401.47,JPY,LATAM,CP0400,OPTION,TDR0126,BOOK_D,2025-10-01
TXN0006988004,APP018,2025-02-15,reversed,321933.07,CHF,AMER,CP0354,SWAP,TDR0184,BOOK_C,2026-03-22
TXN0001520060,APP005,2025-06-07,settled,345512.77,USD,APAC,CP0177,FX,TDR0117,BOOK_C,2025-02-15
TXN0008102548,APP010,2025-10-17,reversed,605560.45,EUR,EMEA,CP0222,FUTURE,TDR0027,BOOK_B,2026-04-02
TXN0003542852,APP011,2025-04-06,active,777308.63,CHF,EMEA,CP0126,SWAP,TDR0032,BOOK_A,2025-01-22
TXN0006593409,APP019,2025-04-20,failed,685364.77,GBP,AMER,CP0387,SWAP,TDR0135,BOOK_D,2025-05-25
TXN0007818217,APP001,2026-02-10,active,607757.07,CHF,EMEA,CP0120,SWAP,TDR0020,BOOK_D,2025-11-01
TXN0008674321,APP008,2025-08-04,pending,385452.66,EUR,AMER,CP0428,OPTION,TDR0008,BOOK_C,2025-03-07
TXN0000957287,APP016,2025-05-07,pending,540645.87,EUR,AMER,CP0061,SWAP,TDR0181,BOOK_C,2025-01-16
TXN0004074595,APP001,2026-03-16,active,975006.97,EUR,LATAM,CP0359,EQUITY,TDR0120,BOOK_B,2025-07-24
TXN0009788778,APP003,2025-05-16,reversed,973166.17,GBP,AMER,CP0112,EQUITY,TDR0067,BOOK_A,2025-03-13
TXN0003950113,APP010,2026-03-27,settled,256521.2,USD,EMEA,CP0123,OPTION,TDR0150,BOOK_D,2025-05-02
TXN0000943381,APP004,2025-08-10,active,519850.81,JPY,APAC,CP0145,OPTION,TDR0009,BOOK_A,2025-09-08
TXN0005855368,APP003,2025-07-04,reversed,227382.68,AUD,EMEA,CP0325,BOND,TDR0068,BOOK_A,2025-04-08
TXN0004414346,APP016,2025-08-16,pending,509764.4,USD,LATAM,CP0020,OPTION,TDR0162,BOOK_D,2025-11-03
TXN0008948170,APP001,2025-02-08,failed,526987.38,GBP,APAC,CP0394,OPTION,TDR0046,BOOK_D,2026-02-15
TXN0003040169,APP004,2026-03-04,pending,432588.28,USD,APAC,CP0307,OPTION,TDR0031,BOOK_D,2025-10-05
TXN0007494524,APP012,2025-12-17,pending,527435.62,CHF,AMER,CP0131,EQUITY,TDR0050,BOOK_D,2025-05-23
TXN0009113538,APP010,2025-03-19,settled,132235.95,EUR,AMER,CP0034,EQUITY,TDR0186,BOOK_B,2026-03-11
TXN0009451079,APP012,2025-02-24,active,48698.28,GBP,EMEA,CP0039,FX,TDR0074,BOOK_D,2025-08-30
TXN0008191453,APP016,2025-05-17,reversed,72621.85,GBP,EMEA,CP0431,FX,TDR0010,BOOK_D,2025-02-16
TXN0008222366,APP009,2025-10-07,pending,794505.06,JPY,AMER,CP0105,SWAP,TDR0119,BOOK_C,2025-02-19
TXN0009959824,APP020,2026-04-11,failed,159081.44,EUR,AMER,CP0465,SWAP,TDR0119,BOOK_A,2025-04-08
TXN0003909217,APP009,2025-07-10,pending,94082.91,EUR,EMEA,CP0205,OPTION,TDR0179,BOOK_D,2025-07-04
TXN0003109764,APP016,2025-02-21,active,535611.35,CHF,EMEA,CP0344,FX,TDR0053,BOOK_A,2025-01-25
TXN0006653281,APP018,2026-01-07,failed,57842.71,AUD,APAC,CP0174,BOND,TDR0138,BOOK_C,2025-08-20
TXN0004355001,APP019,2025-08-05,reversed,618615.57,AUD,AMER,CP0323,FUTURE,TDR0051,BOOK_C,2025-05-26
TXN0007119755,APP008,2025-10-22,reversed,361495.86,AUD,EMEA,CP0437,SWAP,TDR0118,BOOK_B,2025-09-02
TXN0000015617,APP016,2025-08-07,reversed,215511.58,GBP,AMER,CP0471,FUTURE,TDR0117,BOOK_D,2025-06-07
TXN0005620615,APP007,2026-03-26,pending,695516.76,AUD,LATAM,CP0289,EQUITY,TDR0110,BOOK_B,2026-02-24
TXN0008386721,APP001,2026-03-23,pending,919577.76,AUD,APAC,CP0106,FX,TDR0071,BOOK_C,2025-12-31
TXN0002918447,APP002,2025-10-13,active,619943.09,GBP,LATAM,CP0115,FX,TDR0082,BOOK_C,2025-09-09
TXN0006869052,APP011,2025-03-01,reversed,247872.59,GBP,AMER,CP0254,FUTURE,TDR0194,BOOK_B,2025-03-28
TXN0006949173,APP020,2025-12-11,failed,964516.18,JPY,APAC,CP0376,BOND,TDR0008,BOOK_B,2025-12-20
TXN0007163755,APP009,2025-02-15,settled,680430.72,GBP,LATAM,CP0013,BOND,TDR0111,BOOK_D,2025-01-27
TXN0003030575,APP018,2025-04-28,reversed,493180.63,JPY,LATAM,CP0057,SWAP,TDR0073,BOOK_D,2025-06-16
TXN0005836978,APP016,2025-04-15,failed,221140.41,AUD,APAC,CP0433,EQUITY,TDR0193,BOOK_B,2025-04-24
TXN0004829734,APP003,2025-09-01,settled,202305.65,USD,LATAM,CP0299,SWAP,TDR0013,BOOK_C,2026-03-20
TXN0007772893,APP014,2025-12-02,reversed,286012.62,USD,APAC,CP0112,OPTION,TDR0040,BOOK_A,2025-07-04
TXN0006018879,APP001,2025-08-05,active,642459.0,AUD,APAC,CP0319,EQUITY,TDR0178,BOOK_C,2025-08-03
TXN0005818158,APP001,2025-07-28,pending,862029.13,EUR,AMER,CP0471,FX,TDR0097,BOOK_D,2025-10-26
TXN0000559959,APP018,2025-03-02,active,216427.5,USD,AMER,CP0400,BOND,TDR0126,BOOK_A,2025-08-24
TXN0008595081,APP020,2025-07-03,settled,521150.31,EUR,LATAM,CP0080,FUTURE,TDR0044,BOOK_D,2025-11-12
TXN0006670035,APP017,2025-10-09,failed,434236.78,EUR,LATAM,CP0187,OPTION,TDR0151,BOOK_D,2025-05-31
TXN0000872245,APP019,2025-01-01,pending,90450.17,USD,EMEA,CP0375,EQUITY,TDR0163,BOOK_D,2026-02-22
TXN0004646694,APP009,2025-10-06,settled,472791.72,EUR,EMEA,CP0338,BOND,TDR0188,BOOK_A,2025-09-15
TXN0002800464,APP019,2025-05-10,failed,221641.0,JPY,APAC,CP0487,FX,TDR0143,BOOK_D,2025-08-06
TXN0009041641,APP007,2025-06-21,active,212914.66,GBP,EMEA,CP0352,OPTION,TDR0107,BOOK_A,2025-07-27
TXN0004645760,APP005,2025-06-20,active,880284.86,GBP,APAC,CP0052,SWAP,TDR0177,BOOK_D,2025-01-26
TXN0002584895,APP006,2026-03-16,settled,397817.12,JPY,APAC,CP0351,BOND,TDR0109,BOOK_C,2025-06-01
TXN0004983201,APP011,2026-02-03,failed,858149.62,AUD,EMEA,CP0269,OPTION,TDR0110,BOOK_C,2026-01-07
TXN0002728087,APP018,2025-10-31,active,222509.06,USD,AMER,CP0253,EQUITY,TDR0190,BOOK_B,2025-03-18
TXN0005677065,APP003,2025-01-01,active,739899.08,EUR,EMEA,CP0311,EQUITY,TDR0114,BOOK_C,2025-12-04
TXN0003098905,APP009,2025-09-03,pending,864966.34,AUD,APAC,CP0051,OPTION,TDR0111,BOOK_A,2026-03-05
TXN0009903846,APP006,2025-12-30,reversed,595424.15,USD,EMEA,CP0036,FX,TDR0115,BOOK_B,2025-03-18
TXN0006045187,APP018,2025-03-15,reversed,289475.69,USD,APAC,CP0393,EQUITY,TDR0036,BOOK_D,2025-12-21
TXN0006440562,APP016,2025-07-24,active,908790.11,GBP,AMER,CP0260,FX,TDR0119,BOOK_C,2025-09-19
TXN0004449232,APP019,2025-09-28,pending,125986.34,AUD,EMEA,CP0142,BOND,TDR0150,BOOK_D,2025-06-13
TXN0005757348,APP006,2025-07-06,settled,244878.89,GBP,APAC,CP0145,FX,TDR0118,BOOK_A,2025-09-21
TXN0008485245,APP015,2026-02-16,pending,711823.56,JPY,APAC,CP0377,FUTURE,TDR0099,BOOK_B,2025-02-25
TXN0002787149,APP011,2025-04-08,reversed,967402.61,USD,EMEA,CP0311,OPTION,TDR0130,BOOK_B,2025-05-14
TXN0008363732,APP018,2025-03-01,failed,419745.03,GBP,APAC,CP0227,FX,TDR0194,BOOK_A,2025-05-21
TXN0006452170,APP010,2025-05-04,active,120598.85,AUD,EMEA,CP0051,OPTION,TDR0112,BOOK_C,2025-01-26
TXN0009922777,APP011,2025-03-15,pending,768829.51,JPY,LATAM,CP0263,EQUITY,TDR0172,BOOK_A,2025-04-13
TXN0008065377,APP015,2025-09-16,active,656056.4,CHF,EMEA,CP0362,OPTION,TDR0166,BOOK_D,2025-11-05
TXN0006226655,APP016,2026-03-24,settled,560141.62,EUR,LATAM,CP0213,BOND,TDR0038,BOOK_D,2025-06-27
TXN0002652618,APP005,2025-01-19,reversed,920093.21,CHF,EMEA,CP0068,FX,TDR0200,BOOK_B,2025-07-19
TXN0005198917,APP005,2025-02-04,failed,301561.17,USD,APAC,CP0307,OPTION,TDR0083,BOOK_D,2025-10-13
TXN0002792058,APP003,2025-03-15,active,995132.61,USD,LATAM,CP0144,FUTURE,TDR0030,BOOK_D,2025-06-04
TXN0005876092,APP005,2025-04-18,settled,913126.37,JPY,LATAM,CP0357,FX,TDR0191,BOOK_B,2025-02-03
TXN0005649633,APP018,2025-01-06,settled,32191.24,JPY,AMER,CP0124,EQUITY,TDR0146,BOOK_B,2026-01-31
TXN0009724740,APP011,2025-05-22,pending,222318.09,GBP,LATAM,CP0026,BOND,TDR0109,BOOK_D,2025-11-06
TXN0003896490,APP016,2026-03-16,pending,61531.58,AUD,LATAM,CP0433,EQUITY,TDR0102,BOOK_B,2025-04-29
TXN0006057883,APP001,2025-03-19,reversed,710600.29,EUR,APAC,CP0109,FUTURE,TDR0119,BOOK_D,2025-01-16
TXN0003814397,APP011,2025-10-24,failed,294960.68,EUR,EMEA,CP0191,FUTURE,TDR0014,BOOK_C,2025-03-13
TXN0003939052,APP004,2025-08-31,pending,800783.57,JPY,EMEA,CP0376,SWAP,TDR0070,BOOK_C,2026-03-06
TXN0007800534,APP020,2025-02-06,failed,640430.95,CHF,LATAM,CP0078,SWAP,TDR0153,BOOK_D,2025-07-23
TXN0001797404,APP009,2025-03-27,settled,20550.95,JPY,APAC,CP0147,FUTURE,TDR0191,BOOK_A,2026-04-11
TXN0004932332,APP008,2025-03-13,pending,144217.64,USD,LATAM,CP0225,FUTURE,TDR0052,BOOK_B,2025-03-10
TXN0004066443,APP019,2025-02-23,active,879544.5,AUD,APAC,CP0307,SWAP,TDR0110,BOOK_B,2025-09-25
TXN0003820933,APP012,2026-01-19,failed,222098.64,EUR,EMEA,CP0315,OPTION,TDR0191,BOOK_C,2025-03-03
TXN0001257807,APP014,2026-01-10,settled,189179.05,USD,APAC,CP0018,BOND,TDR0199,BOOK_A,2025-09-12
TXN0000189912,APP002,2025-10-18,reversed,642736.5,GBP,APAC,CP0371,BOND,TDR0106,BOOK_C,2025-01-02
TXN0007865572,APP013,2025-12-14,active,689453.42,GBP,APAC,CP0314,SWAP,TDR0087,BOOK_A,2025-12-02
TXN0009130713,APP017,2025-05-07,settled,456275.41,EUR,EMEA,CP0063,BOND,TDR0151,BOOK_A,2025-03-29
TXN0003297425,APP018,2025-08-24,failed,616082.87,USD,AMER,CP0051,SWAP,TDR0071,BOOK_C,2025-11-10
TXN0001070842,APP007,2025-12-27,settled,64406.71,USD,AMER,CP0292,OPTION,TDR0149,BOOK_D,2025-10-02
TXN0006113459,APP003,2025-11-20,reversed,210666.67,GBP,EMEA,CP0104,FUTURE,TDR0188,BOOK_D,2026-04-01
TXN0002448148,APP015,2025-12-30,reversed,433881.56,USD,APAC,CP0031,FX,TDR0054,BOOK_C,2025-10-14
TXN0004132211,APP006,2026-03-20,pending,273168.26,USD,AMER,CP0428,BOND,TDR0108,BOOK_B,2025-05-04
TXN0001071898,APP013,2025-11-24,failed,554110.21,JPY,LATAM,CP0086,FX,TDR0136,BOOK_A,2025-09-14
TXN0001944259,APP010,2025-10-18,failed,532497.74,JPY,AMER,CP0229,EQUITY,TDR0180,BOOK_B,2026-01-17
TXN0005813424,APP003,2025-06-02,reversed,752335.84,JPY,AMER,CP0126,EQUITY,TDR0099,BOOK_B,2025-10-01
TXN0000516808,APP013,2026-02-08,reversed,214989.07,USD,EMEA,CP0343,FUTURE,TDR0076,BOOK_C,2025-03-08
TXN0006027909,APP010,2025-08-14,pending,775309.9,CHF,APAC,CP0487,SWAP,TDR0066,BOOK_A,2026-01-16
TXN0004695809,APP017,2026-03-01,pending,950146.77,EUR,EMEA,CP0029,EQUITY,TDR0051,BOOK_D,2026-02-05
TXN0005452802,APP009,2025-12-25,reversed,911107.43,EUR,LATAM,CP0359,BOND,TDR0146,BOOK_A,2025-10-03
TXN0003351596,APP001,2025-01-23,reversed,519261.6,JPY,EMEA,CP0084,OPTION,TDR0013,BOOK_C,2026-03-04
TXN0007274395,APP009,2025-07-16,failed,868261.44,CHF,LATAM,CP0135,BOND,TDR0116,BOOK_D,2025-08-24
TXN0007944410,APP018,2025-04-09,failed,378104.69,CHF,LATAM,CP0243,OPTION,TDR0078,BOOK_D,2026-03-18
TXN0006526250,APP010,2025-03-26,failed,144482.6,USD,EMEA,CP0420,FUTURE,TDR0057,BOOK_A,2026-03-27
TXN0004936260,APP017,2025-05-21,failed,179981.55,EUR,APAC,CP0478,FUTURE,TDR0090,BOOK_C,2025-06-13
TXN0004793140,APP014,2025-05-01,reversed,94163.8,CHF,EMEA,CP0187,OPTION,TDR0146,BOOK_C,2025-07-19
TXN0006711987,APP004,2025-08-07,pending,497069.28,EUR,LATAM,CP0460,BOND,TDR0056,BOOK_D,2025-06-01
TXN0006316105,APP006,2025-02-28,reversed,394292.41,CHF,LATAM,CP0399,OPTION,TDR0062,BOOK_D,2025-09-13
TXN0004477286,APP019,2025-09-28,reversed,353578.65,AUD,APAC,CP0183,OPTION,TDR0093,BOOK_A,2025-06-13
TXN0003530781,APP010,2025-04-10,pending,47315.43,GBP,LATAM,CP0039,BOND,TDR0060,BOOK_D,2026-03-25
TXN0002189746,APP003,2025-08-19,failed,99679.79,EUR,APAC,CP0054,OPTION,TDR0192,BOOK_A,2025-09-17
TXN0008906869,APP002,2025-03-21,pending,633287.59,AUD,APAC,CP0102,SWAP,TDR0077,BOOK_C,2026-02-19
TXN0000110580,APP018,2025-06-04,pending,275640.52,USD,APAC,CP0400,FX,TDR0008,BOOK_B,2025-01-04
TXN0006916964,APP001,2025-08-29,failed,230246.77,EUR,EMEA,CP0452,FUTURE,TDR0152,BOOK_B,2025-11-12
TXN0000470719,APP003,2025-07-13,reversed,833422.76,AUD,EMEA,CP0294,BOND,TDR0075,BOOK_C,2025-03-03
TXN0006527795,APP003,2025-08-06,active,642873.49,GBP,LATAM,CP0376,OPTION,TDR0104,BOOK_A,2025-02-09
TXN0004155783,APP018,2025-08-19,settled,769506.41,GBP,EMEA,CP0372,SWAP,TDR0122,BOOK_B,2026-01-14
TXN0006234204,APP003,2026-01-07,active,54977.55,USD,EMEA,CP0294,FUTURE,TDR0100,BOOK_B,2025-11-17
TXN0000297596,APP016,2025-05-20,pending,141536.07,CHF,EMEA,CP0163,SWAP,TDR0034,BOOK_C,2025-07-01
TXN0007264678,APP007,2026-01-27,failed,431719.29,EUR,APAC,CP0310,EQUITY,TDR0173,BOOK_B,2025-06-18
TXN0000656785,APP003,2025-05-01,failed,537213.5,USD,EMEA,CP0043,FX,TDR0122,BOOK_B,2025-06-18
TXN0007276832,APP010,2025-03-18,settled,340050.48,GBP,AMER,CP0021,BOND,TDR0058,BOOK_B,2025-07-14
TXN0005732827,APP008,2025-04-27,failed,920941.04,EUR,AMER,CP0331,EQUITY,TDR0165,BOOK_B,2025-07-05
TXN0003121840,APP008,2025-02-28,settled,299334.12,GBP,EMEA,CP0139,OPTION,TDR0131,BOOK_B,2025-10-20
TXN0006646470,APP016,2025-05-26,active,615542.92,CHF,LATAM,CP0162,FUTURE,TDR0098,BOOK_B,2025-06-29
TXN0000400766,APP006,2026-04-10,failed,954983.09,EUR,APAC,CP0375,OPTION,TDR0174,BOOK_C,2025-03-08
TXN0001331096,APP010,2025-09-14,active,156171.26,USD,LATAM,CP0111,OPTION,TDR0027,BOOK_D,2025-04-27
TXN0005133709,APP002,2025-05-23,active,977045.66,USD,APAC,CP0008,FX,TDR0011,BOOK_A,2025-11-13
TXN0005302089,APP020,2025-12-10,failed,934669.82,CHF,EMEA,CP0418,SWAP,TDR0003,BOOK_A,2025-09-13
TXN0006100551,APP018,2025-02-18,active,692773.93,JPY,APAC,CP0280,FUTURE,TDR0063,BOOK_B,2025-03-06
TXN0000508255,APP020,2025-09-18,settled,873527.64,EUR,APAC,CP0348,BOND,TDR0194,BOOK_B,2025-04-12
TXN0001092655,APP009,2025-08-01,failed,798356.2,CHF,EMEA,CP0427,OPTION,TDR0048,BOOK_D,2026-01-19
TXN0009091509,APP016,2026-03-19,settled,559979.66,EUR,APAC,CP0030,FUTURE,TDR0016,BOOK_A,2025-09-09
TXN0009797167,APP002,2026-03-24,active,866421.83,GBP,EMEA,CP0106,BOND,TDR0194,BOOK_B,2025-05-09
TXN0007725872,APP018,2025-08-13,pending,987775.12,EUR,EMEA,CP0496,EQUITY,TDR0044,BOOK_B,2025-03-07
TXN0005479487,APP008,2025-09-24,settled,771438.35,USD,APAC,CP0136,FX,TDR0034,BOOK_B,2025-04-27
TXN0003665523,APP001,2025-06-27,reversed,66553.22,JPY,APAC,CP0205,EQUITY,TDR0022,BOOK_C,2025-03-04
TXN0001200041,APP006,2025-05-08,reversed,247205.71,JPY,LATAM,CP0117,FUTURE,TDR0158,BOOK_B,2025-01-21
TXN0006074043,APP020,2025-03-19,pending,334680.56,AUD,APAC,CP0252,OPTION,TDR0027,BOOK_B,2025-08-24
TXN0008343149,APP015,2025-06-21,reversed,534780.58,AUD,AMER,CP0398,OPTION,TDR0106,BOOK_D,2025-10-28
TXN0008711920,APP013,2025-04-28,failed,672077.18,GBP,LATAM,CP0289,EQUITY,TDR0049,BOOK_D,2025-04-21
TXN0005219790,APP016,2025-08-04,active,779020.17,EUR,AMER,CP0422,EQUITY,TDR0159,BOOK_D,2025-12-07
TXN0004310846,APP009,2025-02-17,failed,808660.27,CHF,AMER,CP0022,FUTURE,TDR0042,BOOK_D,2025-12-17
TXN0003953571,APP009,2025-11-16,active,25883.03,CHF,APAC,CP0076,SWAP,TDR0160,BOOK_B,2025-07-20
TXN0002898570,APP003,2025-05-07,reversed,791661.6,JPY,APAC,CP0495,OPTION,TDR0097,BOOK_A,2025-04-17
TXN0006527729,APP013,2026-02-25,reversed,156411.83,GBP,EMEA,CP0100,EQUITY,TDR0015,BOOK_B,2026-03-09
TXN0006396674,APP010,2025-11-26,active,604239.55,AUD,APAC,CP0364,OPTION,TDR0185,BOOK_B,2026-03-20
TXN0002918925,APP007,2026-02-22,reversed,915626.67,GBP,APAC,CP0164,SWAP,TDR0113,BOOK_C,2025-01-23
TXN0005297355,APP001,2025-12-22,active,29875.84,AUD,APAC,CP0486,FUTURE,TDR0006,BOOK_C,2025-05-07
TXN0001280731,APP004,2025-07-30,active,770477.33,USD,LATAM,CP0192,SWAP,TDR0041,BOOK_A,2025-02-16
TXN0007052685,APP015,2026-01-03,failed,710493.38,GBP,EMEA,CP0441,BOND,TDR0140,BOOK_D,2025-09-29
TXN0007349801,APP016,2026-02-28,settled,935104.06,GBP,EMEA,CP0397,FUTURE,TDR0151,BOOK_A,2025-06-28
TXN0008660819,APP014,2025-11-29,reversed,799002.56,EUR,APAC,CP0026,BOND,TDR0033,BOOK_D,2026-03-20
TXN0007360557,APP007,2025-09-01,active,705092.78,JPY,APAC,CP0012,FX,TDR0159,BOOK_B,2025-07-31
TXN0005262472,APP010,2026-02-22,failed,491266.99,AUD,APAC,CP0358,BOND,TDR0174,BOOK_C,2025-01-24
TXN0000186216,APP003,2025-10-27,settled,716157.49,JPY,EMEA,CP0270,FX,TDR0017,BOOK_B,2026-04-06
TXN0003188020,APP019,2026-01-24,settled,746608.0,AUD,APAC,CP0322,OPTION,TDR0067,BOOK_B,2025-04-12
TXN0009043504,APP006,2026-02-10,settled,104715.79,EUR,EMEA,CP0005,SWAP,TDR0086,BOOK_C,2026-02-24
TXN0004494824,APP002,2025-08-23,reversed,817156.19,AUD,EMEA,CP0477,EQUITY,TDR0109,BOOK_B,2025-05-04
TXN0003823548,APP004,2025-02-27,failed,533686.09,GBP,EMEA,CP0134,FX,TDR0167,BOOK_B,2025-08-11
TXN0004417822,APP020,2025-05-07,reversed,852201.02,JPY,EMEA,CP0119,EQUITY,TDR0012,BOOK_A,2025-10-19
TXN0009151465,APP003,2025-08-29,settled,613935.04,JPY,APAC,CP0035,BOND,TDR0151,BOOK_A,2026-04-03
TXN0002585384,APP013,2025-08-02,active,554322.18,GBP,LATAM,CP0089,SWAP,TDR0116,BOOK_B,2025-01-03
TXN0009546283,APP014,2025-03-03,active,674998.77,USD,AMER,CP0453,BOND,TDR0129,BOOK_D,2025-12-26
TXN0002946742,APP008,2026-02-16,failed,712273.03,JPY,AMER,CP0211,FX,TDR0039,BOOK_B,2025-10-02
TXN0008883500,APP002,2025-12-07,reversed,103192.4,GBP,EMEA,CP0298,OPTION,TDR0106,BOOK_D,2025-08-27
TXN0006565504,APP020,2025-10-14,active,514834.61,JPY,APAC,CP0469,OPTION,TDR0119,BOOK_C,2025-08-29
TXN0001017051,APP003,2025-05-03,pending,583031.28,CHF,EMEA,CP0345,SWAP,TDR0061,BOOK_D,2026-03-01
TXN0000726269,APP007,2025-10-03,settled,4124.32,GBP,EMEA,CP0336,FUTURE,TDR0047,BOOK_D,2025-02-24
TXN0001322825,APP013,2025-03-23,failed,601949.33,CHF,APAC,CP0021,FX,TDR0147,BOOK_C,2025-06-07
TXN0001750094,APP011,2026-01-11,pending,809484.25,JPY,APAC,CP0473,FUTURE,TDR0186,BOOK_A,2025-10-05
TXN0006349248,APP019,2025-03-29,reversed,125452.49,USD,APAC,CP0340,EQUITY,TDR0075,BOOK_A,2025-05-11
TXN0003944718,APP009,2025-03-15,failed,717538.09,USD,AMER,CP0092,FX,TDR0110,BOOK_A,2025-03-19
TXN0000515864,APP007,2025-01-10,failed,753344.05,USD,LATAM,CP0305,FX,TDR0022,BOOK_D,2025-07-27
TXN0009045991,APP010,2025-03-19,pending,910915.14,CHF,EMEA,CP0217,FX,TDR0043,BOOK_C,2026-04-07
TXN0008874979,APP012,2025-10-05,failed,843991.6,GBP,LATAM,CP0355,BOND,TDR0193,BOOK_D,2026-01-25
TXN0001792271,APP015,2025-10-15,settled,865936.66,EUR,AMER,CP0243,EQUITY,TDR0075,BOOK_C,2025-09-23
TXN0001507842,APP015,2025-10-28,pending,310787.52,EUR,AMER,CP0329,OPTION,TDR0034,BOOK_D,2025-11-13
TXN0000390227,APP006,2025-06-23,reversed,570686.07,GBP,APAC,CP0137,EQUITY,TDR0035,BOOK_B,2025-05-10
TXN0001231062,APP009,2025-02-25,pending,423204.89,USD,AMER,CP0088,SWAP,TDR0060,BOOK_C,2025-01-06
TXN0008048152,APP012,2025-04-14,settled,279102.34,USD,AMER,CP0217,FUTURE,TDR0134,BOOK_C,2025-07-02
TXN0002898877,APP004,2025-12-12,reversed,134194.66,EUR,LATAM,CP0328,FX,TDR0157,BOOK_B,2026-02-06
TXN0006990931,APP009,2025-04-24,pending,931173.52,CHF,AMER,CP0157,BOND,TDR0162,BOOK_B,2025-03-11
TXN0007176154,APP003,2025-01-01,failed,649382.0,CHF,AMER,CP0111,BOND,TDR0166,BOOK_C,2026-02-16
TXN0005399931,APP006,2026-03-31,reversed,496499.01,GBP,APAC,CP0358,OPTION,TDR0125,BOOK_A,2025-04-30
TXN0008281489,APP020,2025-04-13,active,470741.13,USD,LATAM,CP0261,EQUITY,TDR0104,BOOK_C,2025-10-17
TXN0009434787,APP002,2025-09-29,failed,188368.09,CHF,APAC,CP0350,BOND,TDR0147,BOOK_C,2026-01-17
TXN0006841489,APP004,2025-05-10,reversed,861510.57,AUD,APAC,CP0101,OPTION,TDR0169,BOOK_B,2025-11-01
TXN0002255125,APP010,2026-01-03,reversed,234553.12,GBP,LATAM,CP0450,OPTION,TDR0050,BOOK_C,2026-04-02
TXN0004910049,APP017,2025-08-15,pending,376512.16,GBP,AMER,CP0349,FX,TDR0100,BOOK_C,2026-01-17
TXN0005752780,APP018,2026-02-06,reversed,271031.31,USD,APAC,CP0259,BOND,TDR0187,BOOK_C,2025-07-27
TXN0001191761,APP015,2025-11-21,pending,499671.38,GBP,AMER,CP0453,BOND,TDR0046,BOOK_D,2025-01-12
TXN0001762361,APP002,2026-02-08,active,21257.53,JPY,LATAM,CP0317,FX,TDR0072,BOOK_C,2025-07-26
TXN0007406044,APP005,2025-09-24,pending,106651.88,AUD,LATAM,CP0190,FUTURE,TDR0032,BOOK_A,2025-11-19
TXN0008610175,APP005,2026-01-01,failed,436736.23,CHF,AMER,CP0070,FUTURE,TDR0039,BOOK_A,2025-08-27
TXN0005729144,APP012,2025-12-26,active,693024.75,GBP,LATAM,CP0028,FX,TDR0157,BOOK_A,2025-05-04
TXN0003085073,APP005,2025-02-27,settled,965973.99,JPY,EMEA,CP0260,SWAP,TDR0161,BOOK_C,2025-04-28
TXN0001172972,APP007,2026-02-14,failed,208347.85,CHF,EMEA,CP0351,SWAP,TDR0084,BOOK_B,2025-05-27
TXN0009835108,APP008,2025-07-22,failed,331972.91,CHF,LATAM,CP0231,OPTION,TDR0058,BOOK_B,2025-01-04
TXN0002773165,APP019,2025-02-23,settled,260986.57,GBP,AMER,CP0368,SWAP,TDR0021,BOOK_A,2025-04-17
TXN0004102836,APP006,2025-06-24,pending,349258.56,AUD,AMER,CP0165,FUTURE,TDR0114,BOOK_C,2025-08-06
TXN0001668276,APP020,2025-03-21,active,388739.66,CHF,EMEA,CP0460,FX,TDR0082,BOOK_C,2025-02-16
TXN0006205167,APP002,2025-05-23,active,835603.59,AUD,AMER,CP0377,EQUITY,TDR0062,BOOK_A,2025-12-11
TXN0004108254,APP004,2025-05-17,active,140298.42,CHF,LATAM,CP0314,OPTION,TDR0189,BOOK_D,2025-02-10
TXN0001153083,APP002,2026-04-11,pending,723511.19,JPY,AMER,CP0123,EQUITY,TDR0127,BOOK_C,2025-04-01
TXN0000279912,APP019,2025-04-28,active,484497.69,CHF,EMEA,CP0299,OPTION,TDR0041,BOOK_B,2025-11-15
TXN0000647693,APP015,2026-01-18,failed,921311.35,USD,AMER,CP0171,FX,TDR0156,BOOK_B,2025-06-17
TXN0004542033,APP013,2026-03-02,active,101225.9,AUD,LATAM,CP0080,BOND,TDR0082,BOOK_B,2025-01-03
TXN0002231166,APP003,2026-02-26,pending,837220.94,JPY,LATAM,CP0357,BOND,TDR0179,BOOK_C,2026-01-29
TXN0006132497,APP010,2026-01-19,active,211548.8,USD,EMEA,CP0483,FUTURE,TDR0040,BOOK_D,2025-10-29
TXN0001959259,APP020,2025-05-03,pending,696911.45,GBP,LATAM,CP0113,OPTION,TDR0086,BOOK_D,2026-01-03
TXN0008083961,APP006,2025-01-31,failed,17430.7,EUR,EMEA,CP0050,FX,TDR0124,BOOK_B,2025-10-25
TXN0005228834,APP005,2025-07-15,active,362971.24,EUR,EMEA,CP0123,FX,TDR0084,BOOK_A,2025-01-03
TXN0004791617,APP010,2025-12-25,pending,990165.7,CHF,APAC,CP0360,FX,TDR0048,BOOK_C,2025-12-08
TXN0007904741,APP001,2025-09-27,reversed,938231.19,USD,EMEA,CP0283,OPTION,TDR0090,BOOK_B,2025-01-30
TXN0006654402,APP020,2025-09-16,failed,272086.75,USD,AMER,CP0266,FX,TDR0133,BOOK_A,2025-05-12
TXN0004631425,APP005,2025-01-16,settled,515483.45,AUD,LATAM,CP0026,FUTURE,TDR0144,BOOK_D,2026-01-22
TXN0002756223,APP007,2025-08-18,pending,549546.26,USD,APAC,CP0194,SWAP,TDR0045,BOOK_C,2026-04-09
TXN0002531894,APP005,2025-11-28,settled,227394.8,AUD,LATAM,CP0005,SWAP,TDR0137,BOOK_C,2025-08-18
TXN0009215103,APP001,2025-02-21,reversed,406555.71,JPY,LATAM,CP0168,EQUITY,TDR0187,BOOK_C,2025-06-16
TXN0004158053,APP007,2025-05-10,pending,303724.13,GBP,AMER,CP0243,FUTURE,TDR0011,BOOK_C,2026-03-09
TXN0002476965,APP019,2025-09-10,reversed,364465.55,AUD,LATAM,CP0135,BOND,TDR0174,BOOK_A,2025-08-03
TXN0006429639,APP001,2025-02-08,active,684442.3,JPY,APAC,CP0269,OPTION,TDR0162,BOOK_A,2025-04-28
TXN0001482090,APP013,2026-02-07,pending,101767.75,EUR,EMEA,CP0425,FUTURE,TDR0029,BOOK_A,2025-11-07
TXN0001155317,APP007,2025-01-11,settled,163111.33,JPY,APAC,CP0215,BOND,TDR0195,BOOK_A,2025-11-01
TXN0002692668,APP013,2025-08-03,settled,480117.32,JPY,APAC,CP0012,SWAP,TDR0141,BOOK_D,2025-04-04
TXN0006157736,APP018,2026-02-26,active,906532.63,USD,APAC,CP0231,FUTURE,TDR0150,BOOK_A,2025-07-22
TXN0004663186,APP009,2025-12-04,settled,251994.08,CHF,LATAM,CP0405,BOND,TDR0010,BOOK_C,2025-01-30
TXN0007472295,APP013,2026-02-21,failed,187952.68,USD,AMER,CP0084,OPTION,TDR0084,BOOK_B,2026-04-09
TXN0007145795,APP003,2025-12-02,reversed,646390.01,GBP,AMER,CP0388,EQUITY,TDR0088,BOOK_D,2025-01-01
TXN0007198110,APP002,2025-11-06,active,824364.64,CHF,AMER,CP0078,OPTION,TDR0101,BOOK_C,2025-04-17
TXN0003153217,APP017,2025-09-21,pending,79134.58,AUD,AMER,CP0085,FUTURE,TDR0175,BOOK_A,2025-12-01
TXN0003482878,APP008,2025-09-03,reversed,921857.53,USD,AMER,CP0299,EQUITY,TDR0111,BOOK_B,2025-01-20
TXN0007108184,APP018,2026-03-28,reversed,121939.75,JPY,AMER,CP0300,FUTURE,TDR0180,BOOK_D,2025-06-14
TXN0007527322,APP001,2026-01-15,active,937759.83,CHF,EMEA,CP0351,EQUITY,TDR0065,BOOK_B,2025-02-27
TXN0000177324,APP016,2025-01-16,active,982439.73,EUR,APAC,CP0360,FUTURE,TDR0159,BOOK_D,2025-09-20
TXN0001094913,APP017,2025-01-08,active,625473.1,CHF,APAC,CP0166,FX,TDR0135,BOOK_C,2025-04-17
TXN0000109402,APP015,2025-12-31,settled,431468.47,USD,APAC,CP0241,BOND,TDR0043,BOOK_D,2026-04-13
TXN0000523865,APP020,2026-03-25,settled,231964.78,EUR,AMER,CP0296,SWAP,TDR0031,BOOK_D,2025-11-23
TXN0003324273,APP010,2025-08-11,pending,911637.67,AUD,EMEA,CP0109,FX,TDR0148,BOOK_C,2025-04-07
TXN0009503784,APP017,2025-08-12,failed,782705.93,USD,LATAM,CP0332,FUTURE,TDR0025,BOOK_D,2026-03-20
TXN0007362177,APP011,2025-10-19,reversed,344688.48,EUR,AMER,CP0023,EQUITY,TDR0152,BOOK_C,2025-07-30
TXN0001520079,APP014,2025-08-14,reversed,182561.73,USD,EMEA,CP0476,EQUITY,TDR0083,BOOK_B,2025-05-14
TXN0003393109,APP010,2025-10-07,settled,32103.7,USD,LATAM,CP0041,EQUITY,TDR0158,BOOK_A,2025-03-03
TXN0003458978,APP020,2025-11-04,failed,377071.12,CHF,AMER,CP0280,BOND,TDR0072,BOOK_C,2025-03-14
TXN0004118896,APP007,2025-04-22,active,182006.58,GBP,LATAM,CP0021,SWAP,TDR0062,BOOK_C,2025-04-06
TXN0008389232,APP001,2025-02-27,reversed,625117.74,USD,LATAM,CP0379,FX,TDR0141,BOOK_A,2026-01-31
TXN0007987777,APP013,2025-07-02,reversed,584718.38,CHF,APAC,CP0238,OPTION,TDR0012,BOOK_A,2025-07-26
TXN0005540985,APP016,2025-04-03,pending,809785.45,AUD,LATAM,CP0418,SWAP,TDR0174,BOOK_A,2025-03-02
TXN0000338568,APP014,2025-08-22,settled,782173.72,EUR,AMER,CP0395,FX,TDR0018,BOOK_D,2025-08-19
TXN0000122261,APP003,2025-12-09,pending,248877.11,AUD,EMEA,CP0264,EQUITY,TDR0088,BOOK_B,2025-06-22
TXN0009891848,APP020,2025-02-03,failed,59088.3,EUR,LATAM,CP0374,EQUITY,TDR0178,BOOK_B,2025-10-06
TXN0006346042,APP003,2026-01-16,pending,348187.32,GBP,AMER,CP0040,OPTION,TDR0031,BOOK_A,2025-07-14
TXN0009637572,APP020,2025-04-21,failed,229959.96,AUD,LATAM,CP0245,FX,TDR0043,BOOK_D,2025-02-19
TXN0004675401,APP018,2025-07-19,reversed,63973.09,EUR,LATAM,CP0388,SWAP,TDR0075,BOOK_A,2025-08-07
TXN0004952294,APP012,2025-02-16,settled,758235.41,CHF,EMEA,CP0160,FX,TDR0051,BOOK_B,2025-01-10
TXN0006033660,APP017,2025-05-25,active,647354.28,JPY,APAC,CP0322,FX,TDR0138,BOOK_A,2025-08-04
TXN0008634500,APP011,2025-02-28,settled,236687.65,USD,APAC,CP0356,EQUITY,TDR0191,BOOK_D,2025-06-17
TXN0004524769,APP001,2025-12-05,active,205044.22,EUR,APAC,CP0452,SWAP,TDR0162,BOOK_A,2025-12-05
TXN0005975632,APP006,2025-07-01,failed,665217.01,JPY,AMER,CP0253,FUTURE,TDR0031,BOOK_B,2026-01-21
TXN0003328079,APP008,2025-01-31,reversed,509949.17,GBP,AMER,CP0219,BOND,TDR0126,BOOK_B,2025-09-15
TXN0008774472,APP001,2025-03-10,active,667041.25,USD,EMEA,CP0242,SWAP,TDR0183,BOOK_D,2026-01-08
TXN0009402264,APP006,2025-05-18,settled,343301.62,CHF,EMEA,CP0454,SWAP,TDR0033,BOOK_B,2025-02-09
TXN0002300812,APP005,2025-07-30,reversed,973952.96,EUR,LATAM,CP0016,OPTION,TDR0092,BOOK_A,2025-07-23
TXN0004818413,APP018,2026-03-26,pending,781112.27,GBP,APAC,CP0172,SWAP,TDR0040,BOOK_A,2026-02-03
TXN0008581185,APP010,2026-01-23,reversed,628740.25,AUD,AMER,CP0349,BOND,TDR0103,BOOK_B,2026-02-23
TXN0005288680,APP001,2025-04-11,settled,540904.67,AUD,APAC,CP0216,EQUITY,TDR0093,BOOK_C,2025-08-13
TXN0001715269,APP011,2025-02-26,settled,439530.46,GBP,AMER,CP0363,OPTION,TDR0049,BOOK_D,2025-07-07
TXN0007528020,APP007,2025-08-15,failed,597031.71,AUD,EMEA,CP0180,EQUITY,TDR0200,BOOK_A,2026-03-13
TXN0003695169,APP007,2025-11-18,pending,603320.57,CHF,AMER,CP0252,FX,TDR0191,BOOK_B,2025-01-18
TXN0006624465,APP020,2025-02-05,active,904690.93,USD,LATAM,CP0251,FX,TDR0029,BOOK_D,2026-01-05
TXN0006188806,APP003,2025-03-20,pending,55332.92,GBP,APAC,CP0186,FUTURE,TDR0143,BOOK_D,2025-09-21
TXN0002108050,APP015,2025-04-11,pending,673094.21,USD,EMEA,CP0143,FUTURE,TDR0099,BOOK_D,2026-02-03
TXN0007586599,APP019,2025-10-20,settled,551766.71,CHF,LATAM,CP0175,OPTION,TDR0122,BOOK_C,2025-03-29
TXN0006092843,APP007,2026-02-22,pending,20223.05,AUD,APAC,CP0058,FX,TDR0191,BOOK_A,2026-02-09
TXN0003952528,APP001,2025-10-13,active,980065.67,JPY,LATAM,CP0066,FUTURE,TDR0090,BOOK_D,2025-08-28
TXN0002223846,APP001,2025-07-14,pending,409881.58,JPY,LATAM,CP0224,OPTION,TDR0007,BOOK_B,2025-10-23
TXN0005144359,APP019,2025-03-26,reversed,735568.34,CHF,APAC,CP0498,BOND,TDR0113,BOOK_B,2025-01-24
TXN0007232183,APP011,2025-11-26,pending,917989.07,AUD,AMER,CP0343,EQUITY,TDR0162,BOOK_D,2025-10-29
TXN0001408034,APP013,2026-02-19,reversed,31348.13,JPY,EMEA,CP0461,FUTURE,TDR0001,BOOK_A,2025-09-12
TXN0005344111,APP008,2025-05-18,failed,754868.91,GBP,AMER,CP0174,OPTION,TDR0095,BOOK_A,2025-06-22
TXN0003917876,APP001,2026-01-22,pending,285039.0,USD,LATAM,CP0127,FX,TDR0154,BOOK_C,2025-01-31
TXN0003189107,APP011,2025-08-29,failed,51260.71,AUD,LATAM,CP0442,FUTURE,TDR0155,BOOK_C,2026-01-25
TXN0000756016,APP014,2025-11-08,failed,780584.89,USD,EMEA,CP0440,SWAP,TDR0193,BOOK_B,2025-03-15
TXN0009350834,APP013,2025-01-10,reversed,709723.59,GBP,APAC,CP0162,SWAP,TDR0062,BOOK_C,2025-11-05
TXN0000470451,APP011,2025-09-23,active,397489.23,JPY,APAC,CP0159,BOND,TDR0157,BOOK_D,2025-11-20
TXN0000848286,APP011,2026-03-08,active,414584.03,AUD,AMER,CP0459,FUTURE,TDR0083,BOOK_C,2025-01-08
TXN0005308126,APP002,2025-06-23,failed,855127.75,USD,EMEA,CP0497,FUTURE,TDR0025,BOOK_C,2026-03-16
TXN0007196517,APP002,2025-03-15,settled,929413.54,EUR,AMER,CP0005,FX,TDR0052,BOOK_B,2026-03-26
TXN0004089767,APP010,2025-12-11,reversed,853927.32,EUR,EMEA,CP0006,EQUITY,TDR0002,BOOK_D,2025-06-05
TXN0009052483,APP012,2025-10-29,pending,406629.21,AUD,APAC,CP0132,FX,TDR0007,BOOK_C,2025-11-26
TXN0005886368,APP015,2025-10-30,settled,74537.47,USD,APAC,CP0225,FX,TDR0158,BOOK_A,2025-10-16
TXN0004081201,APP011,2025-06-05,settled,336450.21,JPY,LATAM,CP0190,BOND,TDR0051,BOOK_D,2025-01-21
TXN0003044806,APP019,2025-09-30,active,193116.45,JPY,LATAM,CP0224,SWAP,TDR0184,BOOK_C,2026-04-02
TXN0002894646,APP018,2025-08-11,reversed,646519.43,JPY,LATAM,CP0434,BOND,TDR0011,BOOK_A,2025-10-16
TXN0001009487,APP012,2025-01-03,pending,691276.19,JPY,APAC,CP0430,OPTION,TDR0045,BOOK_D,2025-05-29
TXN0006588094,APP004,2026-03-26,pending,477229.55,CHF,EMEA,CP0335,OPTION,TDR0176,BOOK_A,2026-01-04
TXN0009481668,APP008,2025-05-19,pending,299337.46,AUD,APAC,CP0139,FX,TDR0083,BOOK_A,2026-01-25
TXN0005012976,APP017,2025-01-22,reversed,59483.74,AUD,AMER,CP0007,FX,TDR0038,BOOK_C,2026-01-14
TXN0004335670,APP007,2025-07-17,pending,284285.15,AUD,LATAM,CP0469,FX,TDR0090,BOOK_A,2025-06-21
TXN0006469790,APP010,2025-08-02,failed,62400.35,JPY,AMER,CP0124,FX,TDR0101,BOOK_B,2026-03-09
TXN0002519517,APP005,2025-05-14,settled,468688.62,AUD,AMER,CP0326,FUTURE,TDR0124,BOOK_D,2025-06-18
TXN0006484591,APP010,2025-06-12,failed,88999.68,USD,EMEA,CP0463,SWAP,TDR0048,BOOK_D,2026-03-25
TXN0002784223,APP010,2026-01-30,settled,468776.94,USD,APAC,CP0261,FX,TDR0057,BOOK_A,2025-03-04
TXN0000415384,APP019,2025-11-15,settled,48610.14,USD,APAC,CP0436,EQUITY,TDR0128,BOOK_D,2025-12-29
TXN0005493520,APP014,2025-12-25,pending,612441.41,AUD,EMEA,CP0053,FUTURE,TDR0089,BOOK_C,2025-08-21
TXN0008451391,APP010,2025-02-03,settled,488604.9,AUD,EMEA,CP0244,OPTION,TDR0095,BOOK_B,2025-09-09
TXN0003850264,APP014,2025-06-28,failed,177255.02,GBP,LATAM,CP0301,SWAP,TDR0086,BOOK_B,2025-02-17
TXN0003354985,APP008,2025-03-14,pending,566003.66,USD,LATAM,CP0362,FUTURE,TDR0061,BOOK_B,2025-11-01
TXN0009760277,APP018,2025-12-30,failed,301233.55,AUD,AMER,CP0297,BOND,TDR0073,BOOK_D,2026-01-01
TXN0007462162,APP005,2025-03-21,active,751562.7,JPY,LATAM,CP0095,OPTION,TDR0169,BOOK_B,2025-01-17
TXN0001311723,APP014,2025-01-26,active,62247.09,EUR,AMER,CP0311,FUTURE,TDR0089,BOOK_A,2025-01-02
TXN0009969875,APP010,2026-01-28,failed,440456.3,CHF,EMEA,CP0120,BOND,TDR0084,BOOK_B,2025-05-22
TXN0004922474,APP008,2025-03-08,active,989375.97,CHF,AMER,CP0225,FX,TDR0117,BOOK_C,2025-04-22
TXN0002791014,APP020,2025-10-08,failed,199121.61,EUR,LATAM,CP0377,OPTION,TDR0194,BOOK_A,2025-03-27
TXN0007293267,APP018,2025-09-22,active,468869.42,USD,AMER,CP0336,FX,TDR0012,BOOK_C,2026-01-29
TXN0001041514,APP018,2026-02-27,failed,162488.09,AUD,APAC,CP0285,EQUITY,TDR0113,BOOK_B,2026-03-06
TXN0007818209,APP012,2025-05-23,settled,897126.27,GBP,EMEA,CP0147,EQUITY,TDR0105,BOOK_D,2025-03-19
TXN0002662610,APP018,2025-06-07,active,225481.33,GBP,LATAM,CP0136,EQUITY,TDR0161,BOOK_D,2025-10-02
TXN0001258817,APP019,2025-12-02,pending,252358.39,GBP,APAC,CP0251,EQUITY,TDR0190,BOOK_B,2025-11-08
TXN0009747243,APP012,2025-02-01,active,548803.23,AUD,EMEA,CP0002,EQUITY,TDR0048,BOOK_C,2026-01-21
TXN0008699450,APP015,2025-01-16,reversed,446246.0,EUR,AMER,CP0479,BOND,TDR0060,BOOK_C,2025-10-03
TXN0003476099,APP007,2026-01-22,active,155372.71,EUR,AMER,CP0115,SWAP,TDR0069,BOOK_A,2025-08-10
TXN0009243846,APP008,2025-08-12,failed,229983.17,USD,AMER,CP0375,SWAP,TDR0002,BOOK_C,2026-03-28
TXN0008649170,APP002,2025-08-14,settled,5532.16,EUR,APAC,CP0319,EQUITY,TDR0007,BOOK_B,2025-12-23
TXN0003272695,APP017,2026-01-12,pending,462140.97,CHF,AMER,CP0321,OPTION,TDR0009,BOOK_A,2026-02-24
TXN0004834614,APP009,2025-11-28,failed,94036.69,USD,LATAM,CP0479,EQUITY,TDR0191,BOOK_A,2025-10-15
TXN0007486199,APP009,2025-07-23,pending,197333.85,USD,LATAM,CP0419,BOND,TDR0058,BOOK_C,2025-07-05
TXN0005102157,APP014,2025-08-04,reversed,648102.47,GBP,EMEA,CP0088,BOND,TDR0051,BOOK_C,2025-03-14
TXN0001372405,APP010,2025-07-19,failed,115578.66,AUD,AMER,CP0116,OPTION,TDR0168,BOOK_B,2025-12-21
TXN0003205081,APP001,2025-02-23,failed,397330.42,EUR,LATAM,CP0327,FX,TDR0131,BOOK_B,2025-08-25
TXN0008985396,APP019,2025-07-19,active,993084.95,JPY,AMER,CP0080,SWAP,TDR0010,BOOK_C,2026-03-17
TXN0004025541,APP005,2025-01-13,failed,918578.53,GBP,AMER,CP0229,SWAP,TDR0101,BOOK_B,2025-11-26
TXN0004429618,APP016,2025-09-22,settled,344741.5,CHF,APAC,CP0270,FX,TDR0024,BOOK_D,2025-08-22
TXN0004741898,APP004,2025-11-03,active,9177.41,AUD,APAC,CP0398,BOND,TDR0080,BOOK_C,2025-04-03
TXN0003857153,APP008,2025-05-29,settled,449396.26,CHF,AMER,CP0369,FX,TDR0148,BOOK_A,2025-08-30
TXN0006992207,APP010,2026-02-18,reversed,884776.51,GBP,EMEA,CP0236,EQUITY,TDR0022,BOOK_D,2025-03-26
TXN0005561240,APP016,2025-01-04,active,496973.14,CHF,EMEA,CP0413,OPTION,TDR0081,BOOK_A,2025-11-08
TXN0009363848,APP020,2025-05-13,pending,833650.58,EUR,APAC,CP0443,EQUITY,TDR0061,BOOK_D,2025-04-28
TXN0009847311,APP008,2025-03-30,active,447969.16,USD,AMER,CP0146,OPTION,TDR0167,BOOK_B,2025-06-17
TXN0005695242,APP003,2026-03-09,settled,663063.49,EUR,AMER,CP0057,BOND,TDR0157,BOOK_C,2025-06-07
TXN0004037102,APP016,2025-02-25,reversed,751377.55,EUR,AMER,CP0054,FUTURE,TDR0171,BOOK_C,2025-06-22
TXN0008037093,APP017,2025-08-01,pending,4903.48,JPY,APAC,CP0494,SWAP,TDR0015,BOOK_A,2025-03-06
TXN0006957062,APP010,2025-04-24,settled,301445.05,USD,LATAM,CP0158,BOND,TDR0016,BOOK_D,2025-08-12
TXN0003293344,APP019,2025-12-08,failed,6854.7,AUD,AMER,CP0050,FUTURE,TDR0024,BOOK_C,2025-01-26
TXN0007399883,APP003,2025-05-24,active,351374.63,GBP,APAC,CP0496,BOND,TDR0081,BOOK_A,2025-10-21
TXN0000992119,APP008,2025-07-05,reversed,348565.07,EUR,AMER,CP0303,SWAP,TDR0169,BOOK_A,2025-02-08
TXN0002034814,APP020,2025-06-21,active,832025.18,CHF,AMER,CP0488,FUTURE,TDR0042,BOOK_C,2025-10-05
TXN0009515850,APP018,2026-03-16,settled,106456.58,EUR,LATAM,CP0396,EQUITY,TDR0153,BOOK_A,2025-02-26
TXN0007636195,APP017,2025-05-16,failed,567826.63,USD,AMER,CP0155,EQUITY,TDR0190,BOOK_A,2026-03-27
TXN0009515750,APP010,2025-02-19,pending,334739.8,GBP,APAC,CP0039,FX,TDR0197,BOOK_A,2026-02-05
TXN0005110308,APP020,2025-03-06,pending,513713.26,USD,AMER,CP0214,FUTURE,TDR0183,BOOK_D,2026-02-17
TXN0007875547,APP020,2025-04-05,settled,316938.53,CHF,EMEA,CP0044,FX,TDR0024,BOOK_A,2025-10-21
TXN0001625705,APP002,2025-08-14,failed,909991.37,EUR,AMER,CP0355,FX,TDR0128,BOOK_C,2025-03-02
TXN0006186008,APP005,2025-01-07,pending,428051.64,CHF,LATAM,CP0077,FX,TDR0094,BOOK_C,2025-08-12
TXN0005446981,APP008,2026-01-06,pending,703614.39,CHF,LATAM,CP0130,FX,TDR0027,BOOK_A,2025-08-27
TXN0004181471,APP014,2025-03-23,failed,213696.01,GBP,AMER,CP0003,BOND,TDR0043,BOOK_A,2026-03-15
TXN0002788981,APP008,2025-06-30,settled,473380.75,GBP,LATAM,CP0270,BOND,TDR0130,BOOK_B,2026-01-28
TXN0006202780,APP002,2025-06-08,active,578197.6,EUR,AMER,CP0471,FX,TDR0099,BOOK_A,2025-07-22
TXN0004294264,APP002,2025-12-04,failed,902338.43,AUD,LATAM,CP0446,FUTURE,TDR0005,BOOK_A,2026-01-19
TXN0001290148,APP006,2025-07-17,settled,630257.52,JPY,APAC,CP0273,EQUITY,TDR0057,BOOK_A,2025-05-16
TXN0005118545,APP012,2025-05-05,active,899666.46,JPY,APAC,CP0180,FUTURE,TDR0076,BOOK_A,2026-01-16
TXN0002147487,APP003,2026-01-20,settled,995050.59,CHF,EMEA,CP0085,EQUITY,TDR0050,BOOK_C,2025-02-11
TXN0009927791,APP011,2025-02-04,active,670486.42,USD,LATAM,CP0193,SWAP,TDR0087,BOOK_A,2025-11-23
TXN0008014247,APP014,2025-11-25,failed,58427.14,CHF,EMEA,CP0384,SWAP,TDR0042,BOOK_A,2026-03-22
TXN0008727493,APP004,2026-03-10,active,729782.23,AUD,EMEA,CP0200,OPTION,TDR0188,BOOK_A,2025-05-27
TXN0001878116,APP009,2026-02-25,reversed,110353.07,EUR,APAC,CP0382,EQUITY,TDR0137,BOOK_D,2025-09-29
TXN0002735778,APP005,2025-08-26,pending,148097.08,JPY,AMER,CP0137,OPTION,TDR0138,BOOK_D,2025-01-25
TXN0009122977,APP005,2025-10-30,active,662239.2,GBP,AMER,CP0251,FUTURE,TDR0013,BOOK_A,2025-12-10
TXN0004013590,APP015,2026-02-18,settled,384054.3,AUD,APAC,CP0161,EQUITY,TDR0012,BOOK_A,2025-07-27
TXN0000994856,APP003,2025-12-30,active,3510.58,AUD,EMEA,CP0450,OPTION,TDR0088,BOOK_D,2025-03-11
TXN0001493723,APP006,2025-02-14,active,112117.56,EUR,LATAM,CP0213,EQUITY,TDR0055,BOOK_D,2026-04-01
TXN0006656361,APP017,2025-08-13,pending,98057.71,JPY,AMER,CP0328,EQUITY,TDR0108,BOOK_C,2025-02-03
TXN0007351201,APP015,2025-08-31,active,948914.29,AUD,EMEA,CP0043,OPTION,TDR0167,BOOK_A,2025-06-07
TXN0003482177,APP019,2026-03-04,pending,420151.84,AUD,EMEA,CP0340,BOND,TDR0128,BOOK_A,2025-10-28
TXN0005820921,APP019,2025-10-24,pending,578404.66,CHF,EMEA,CP0156,EQUITY,TDR0145,BOOK_C,2025-02-12
TXN0002017519,APP012,2025-06-08,pending,924115.82,AUD,APAC,CP0184,FUTURE,TDR0073,BOOK_A,2026-02-04
TXN0007742195,APP012,2025-01-21,settled,739231.43,GBP,EMEA,CP0209,EQUITY,TDR0009,BOOK_B,2025-05-25
TXN0007818777,APP002,2025-02-08,pending,777851.42,EUR,APAC,CP0064,SWAP,TDR0077,BOOK_B,2026-01-23
TXN0008788813,APP005,2025-10-31,settled,620130.4,GBP,AMER,CP0086,OPTION,TDR0052,BOOK_D,2025-11-10
TXN0001388106,APP002,2025-07-16,reversed,365560.22,CHF,AMER,CP0108,FUTURE,TDR0175,BOOK_A,2025-10-05
TXN0006878612,APP016,2026-03-08,reversed,678188.83,JPY,AMER,CP0050,OPTION,TDR0025,BOOK_D,2026-02-05
TXN0006708889,APP003,2026-03-28,settled,361191.83,USD,LATAM,CP0484,SWAP,TDR0100,BOOK_D,2025-02-27
TXN0005687669,APP007,2025-02-28,reversed,889529.2,AUD,EMEA,CP0061,SWAP,TDR0066,BOOK_D,2025-03-26
TXN0006350623,APP016,2025-10-11,pending,501725.17,GBP,AMER,CP0413,OPTION,TDR0178,BOOK_C,2025-05-11
TXN0004624069,APP020,2025-10-18,pending,288422.7,CHF,APAC,CP0070,OPTION,TDR0176,BOOK_B,2026-04-03
TXN0000602653,APP011,2026-01-22,pending,763547.21,JPY,AMER,CP0283,EQUITY,TDR0063,BOOK_A,2025-07-09
TXN0006668543,APP016,2025-05-25,settled,321306.82,USD,AMER,CP0400,EQUITY,TDR0087,BOOK_D,2026-04-13
TXN0008808433,APP010,2025-10-16,pending,994671.08,USD,APAC,CP0185,BOND,TDR0127,BOOK_A,2025-05-29
TXN0006444747,APP019,2025-12-14,pending,849554.83,AUD,APAC,CP0070,EQUITY,TDR0159,BOOK_A,2025-06-01
TXN0000806795,APP007,2025-05-16,active,944478.89,EUR,AMER,CP0026,SWAP,TDR0020,BOOK_C,2025-08-03
TXN0007837107,APP012,2026-04-01,reversed,602636.09,EUR,EMEA,CP0142,FX,TDR0024,BOOK_B,2025-01-22
TXN0002380295,APP018,2025-11-09,settled,653704.62,CHF,AMER,CP0142,EQUITY,TDR0020,BOOK_B,2025-07-22
TXN0009970115,APP007,2025-02-19,reversed,599048.63,AUD,AMER,CP0115,OPTION,TDR0101,BOOK_A,2025-07-02
TXN0007096595,APP001,2025-07-03,reversed,688265.67,AUD,LATAM,CP0288,OPTION,TDR0052,BOOK_D,2025-07-13
TXN0006499383,APP013,2025-12-02,active,289482.82,JPY,LATAM,CP0477,FUTURE,TDR0114,BOOK_A,2026-04-06
TXN0005391735,APP016,2025-01-09,reversed,904341.49,CHF,EMEA,CP0310,FUTURE,TDR0098,BOOK_A,2025-04-08
TXN0002473076,APP005,2025-04-22,reversed,389345.62,JPY,APAC,CP0047,SWAP,TDR0069,BOOK_B,2025-06-17
TXN0003830730,APP020,2025-05-13,failed,491752.88,EUR,APAC,CP0025,BOND,TDR0029,BOOK_A,2025-10-07
TXN0003288534,APP007,2025-03-22,active,326070.15,GBP,LATAM,CP0478,FUTURE,TDR0130,BOOK_A,2025-08-18
TXN0005551931,APP018,2026-03-08,failed,923904.19,JPY,APAC,CP0301,FUTURE,TDR0079,BOOK_C,2026-02-20
TXN0001234167,APP003,2025-02-11,active,36756.54,GBP,APAC,CP0060,FUTURE,TDR0185,BOOK_A,2025-01-26
TXN0008557150,APP016,2026-02-23,pending,89275.15,EUR,APAC,CP0058,EQUITY,TDR0122,BOOK_C,2025-01-19
TXN0008630940,APP006,2025-04-11,active,803077.64,USD,APAC,CP0244,SWAP,TDR0143,BOOK_D,2025-07-24
TXN0006083487,APP014,2025-03-23,active,854659.44,JPY,LATAM,CP0368,OPTION,TDR0162,BOOK_B,2026-02-15
TXN0004670660,APP004,2025-12-15,reversed,469340.15,USD,AMER,CP0220,EQUITY,TDR0007,BOOK_C,2026-01-19
TXN0001405205,APP013,2026-02-25,pending,910862.98,USD,LATAM,CP0417,FUTURE,TDR0039,BOOK_D,2025-12-16
TXN0001372404,APP003,2026-02-16,reversed,553167.25,AUD,LATAM,CP0049,EQUITY,TDR0136,BOOK_D,2025-07-08
TXN0009568979,APP008,2026-04-02,pending,918349.09,AUD,EMEA,CP0393,SWAP,TDR0038,BOOK_A,2026-01-24
TXN0009322654,APP015,2025-12-22,settled,694304.35,GBP,EMEA,CP0047,SWAP,TDR0046,BOOK_B,2025-02-17
TXN0000416590,APP010,2026-02-05,active,657067.77,EUR,AMER,CP0324,SWAP,TDR0127,BOOK_A,2025-01-24
TXN0004711678,APP005,2025-01-13,reversed,804185.92,AUD,LATAM,CP0156,FX,TDR0095,BOOK_D,2025-07-22
TXN0009982001,APP003,2025-04-02,pending,295534.85,USD,AMER,CP0062,SWAP,TDR0182,BOOK_B,2025-05-12
TXN0008242462,APP019,2025-02-17,settled,894317.61,USD,AMER,CP0328,OPTION,TDR0150,BOOK_A,2025-07-06
TXN0004670408,APP006,2025-06-09,failed,289185.97,USD,EMEA,CP0117,BOND,TDR0160,BOOK_C,2025-06-04
TXN0001943875,APP010,2025-07-24,failed,960875.57,JPY,AMER,CP0151,FX,TDR0026,BOOK_A,2025-05-10
TXN0002572556,APP007,2025-02-22,failed,542429.91,AUD,EMEA,CP0052,FX,TDR0077,BOOK_C,2025-05-23
TXN0003155348,APP015,2026-01-27,failed,419343.25,USD,LATAM,CP0218,FUTURE,TDR0130,BOOK_D,2026-01-20
TXN0006593885,APP004,2026-01-02,pending,623921.15,AUD,EMEA,CP0480,SWAP,TDR0001,BOOK_C,2026-02-15
TXN0008834535,APP020,2026-02-19,settled,930426.05,GBP,EMEA,CP0100,OPTION,TDR0177,BOOK_C,2025-01-08
TXN0006213777,APP018,2025-03-20,pending,209466.53,AUD,AMER,CP0249,BOND,TDR0112,BOOK_A,2025-07-01
TXN0001214051,APP006,2026-03-12,failed,262325.17,JPY,EMEA,CP0143,BOND,TDR0196,BOOK_D,2025-11-11
TXN0001437135,APP016,2025-07-22,settled,183941.6,GBP,APAC,CP0414,FUTURE,TDR0146,BOOK_B,2025-02-16
TXN0004476978,APP010,2025-04-03,settled,990109.3,EUR,AMER,CP0007,EQUITY,TDR0090,BOOK_D,2025-08-30
TXN0007895663,APP015,2025-07-03,settled,888000.11,JPY,LATAM,CP0275,SWAP,TDR0068,BOOK_B,2026-02-22
TXN0001500480,APP005,2025-07-10,reversed,756522.54,USD,AMER,CP0095,OPTION,TDR0055,BOOK_A,2025-11-06
TXN0007154180,APP005,2025-01-02,settled,192906.34,AUD,LATAM,CP0192,FUTURE,TDR0123,BOOK_B,2025-10-11
TXN0006526092,APP012,2025-07-10,pending,735455.75,GBP,EMEA,CP0124,OPTION,TDR0131,BOOK_D,2025-07-28
TXN0002983554,APP006,2026-03-04,failed,505280.99,GBP,LATAM,CP0245,FX,TDR0184,BOOK_D,2025-09-21
TXN0009351493,APP015,2025-04-15,active,925727.91,EUR,LATAM,CP0406,BOND,TDR0137,BOOK_D,2025-03-16
TXN0000993936,APP013,2025-07-06,failed,230968.11,GBP,APAC,CP0342,BOND,TDR0162,BOOK_B,2025-07-28
TXN0004325102,APP020,2026-03-05,reversed,913874.5,GBP,LATAM,CP0121,FX,TDR0042,BOOK_D,2026-01-14
TXN0005173599,APP010,2026-02-02,settled,35399.39,JPY,AMER,CP0264,EQUITY,TDR0121,BOOK_B,2025-01-27
TXN0005107233,APP010,2025-10-28,pending,651492.07,GBP,APAC,CP0059,SWAP,TDR0181,BOOK_D,2025-03-27
TXN0003038425,APP019,2025-06-12,reversed,950406.57,CHF,EMEA,CP0428,FUTURE,TDR0165,BOOK_C,2025-01-13
TXN0005878578,APP019,2025-02-26,pending,593886.08,USD,AMER,CP0059,SWAP,TDR0198,BOOK_C,2025-02-03
TXN0004933443,APP009,2025-10-18,pending,602280.97,USD,EMEA,CP0259,OPTION,TDR0199,BOOK_B,2025-12-06
TXN0004480621,APP017,2026-02-24,reversed,455792.49,JPY,EMEA,CP0102,FX,TDR0099,BOOK_B,2025-11-17
TXN0005923568,APP011,2026-01-21,failed,673339.83,AUD,APAC,CP0370,SWAP,TDR0124,BOOK_D,2025-06-20
TXN0002722717,APP002,2026-03-05,active,480887.92,USD,APAC,CP0413,FX,TDR0147,BOOK_B,2025-08-04
TXN0002789115,APP001,2025-08-04,reversed,119928.4,USD,APAC,CP0385,FX,TDR0167,BOOK_D,2025-06-28
TXN0006245711,APP007,2025-03-24,active,123220.13,USD,LATAM,CP0312,SWAP,TDR0038,BOOK_A,2025-10-11
TXN0009270995,APP006,2025-11-12,active,462935.72,AUD,APAC,CP0229,FUTURE,TDR0014,BOOK_A,2026-01-07
TXN0009658611,APP006,2025-04-14,failed,804098.71,JPY,LATAM,CP0431,EQUITY,TDR0011,BOOK_C,2025-12-14
TXN0007405457,APP006,2025-01-30,failed,285105.43,USD,AMER,CP0151,SWAP,TDR0145,BOOK_D,2026-03-19
TXN0002414176,APP005,2025-01-10,settled,615092.89,CHF,LATAM,CP0085,SWAP,TDR0012,BOOK_D,2026-03-04
TXN0002217314,APP001,2025-05-21,reversed,36221.39,JPY,EMEA,CP0409,EQUITY,TDR0154,BOOK_D,2025-01-30
TXN0001740835,APP020,2025-07-20,failed,430246.98,EUR,APAC,CP0441,SWAP,TDR0079,BOOK_D,2025-06-21
TXN0009500428,APP014,2025-11-11,active,943080.0,GBP,AMER,CP0257,EQUITY,TDR0052,BOOK_C,2025-03-06
TXN0004338647,APP006,2025-03-27,pending,271486.13,USD,EMEA,CP0390,FX,TDR0125,BOOK_C,2025-10-18
TXN0000707722,APP012,2026-03-27,active,906764.7,EUR,APAC,CP0201,EQUITY,TDR0148,BOOK_D,2025-12-28
TXN0000597599,APP003,2025-05-17,active,443154.93,USD,LATAM,CP0465,BOND,TDR0019,BOOK_C,2025-12-06
TXN0008894876,APP008,2025-07-18,settled,189201.49,JPY,AMER,CP0271,FX,TDR0025,BOOK_A,2026-03-13
TXN0000316770,APP006,2025-10-06,settled,403864.6,AUD,APAC,CP0007,FX,TDR0029,BOOK_A,2025-10-30
TXN0000583144,APP013,2025-05-11,pending,545324.26,USD,AMER,CP0317,EQUITY,TDR0139,BOOK_B,2025-11-27
TXN0003312963,APP003,2025-08-11,reversed,596190.29,AUD,APAC,CP0432,BOND,TDR0179,BOOK_D,2025-01-15
TXN0004688663,APP001,2025-01-10,pending,902989.07,AUD,AMER,CP0399,BOND,TDR0114,BOOK_D,2025-09-05
TXN0003948446,APP019,2025-10-23,reversed,833005.67,CHF,APAC,CP0126,SWAP,TDR0104,BOOK_D,2025-09-02
TXN0006247339,APP017,2026-02-10,settled,909335.87,USD,LATAM,CP0295,EQUITY,TDR0076,BOOK_C,2026-04-01
TXN0001343563,APP009,2025-11-14,active,602996.45,CHF,LATAM,CP0386,FUTURE,TDR0049,BOOK_B,2025-12-15
TXN0000345794,APP010,2026-04-09,pending,43338.16,AUD,AMER,CP0093,OPTION,TDR0098,BOOK_B,2025-04-30
TXN0001750031,APP003,2025-05-19,settled,160056.5,AUD,EMEA,CP0408,BOND,TDR0125,BOOK_C,2025-12-25
TXN0008481473,APP017,2025-12-31,reversed,56111.61,JPY,EMEA,CP0348,BOND,TDR0169,BOOK_D,2025-01-10
TXN0005735996,APP008,2026-01-25,pending,248114.64,JPY,EMEA,CP0227,SWAP,TDR0019,BOOK_B,2025-09-24
TXN0006270195,APP016,2025-05-19,settled,876458.72,JPY,APAC,CP0451,BOND,TDR0033,BOOK_A,2026-04-10
TXN0009850170,APP008,2025-12-20,pending,86597.06,JPY,AMER,CP0300,FUTURE,TDR0082,BOOK_C,2025-09-20
TXN0009370856,APP014,2025-06-28,active,429475.95,USD,AMER,CP0119,OPTION,TDR0098,BOOK_A,2025-09-03
TXN0002629517,APP011,2026-04-01,active,213556.2,AUD,EMEA,CP0019,FUTURE,TDR0143,BOOK_C,2026-04-13
TXN0003231499,APP007,2026-01-30,settled,866198.94,EUR,AMER,CP0450,FUTURE,TDR0111,BOOK_A,2025-01-09
TXN0009332222,APP009,2025-09-12,settled,809051.26,JPY,APAC,CP0013,SWAP,TDR0040,BOOK_A,2025-12-31
TXN0004777562,APP014,2025-08-27,pending,693824.63,CHF,APAC,CP0024,FX,TDR0029,BOOK_C,2026-03-29
TXN0004646400,APP013,2025-05-21,pending,182011.96,EUR,APAC,CP0024,OPTION,TDR0096,BOOK_B,2025-02-14
TXN0009750517,APP011,2026-02-10,reversed,433079.07,EUR,EMEA,CP0302,FUTURE,TDR0098,BOOK_A,2025-07-21
TXN0002874286,APP007,2025-01-24,failed,199937.28,GBP,AMER,CP0403,SWAP,TDR0132,BOOK_C,2025-11-18
TXN0007524500,APP008,2025-04-25,pending,136994.79,CHF,APAC,CP0279,BOND,TDR0193,BOOK_C,2026-02-06
TXN0009151699,APP014,2025-11-30,failed,586746.33,AUD,APAC,CP0157,EQUITY,TDR0049,BOOK_B,2025-09-06
TXN0009997682,APP001,2025-03-17,failed,323447.72,AUD,EMEA,CP0357,SWAP,TDR0124,BOOK_B,2025-12-01
TXN0008397288,APP003,2026-02-01,failed,100953.26,GBP,AMER,CP0457,SWAP,TDR0134,BOOK_D,2025-11-06
TXN0007880764,APP011,2026-02-23,reversed,477406.38,CHF,EMEA,CP0262,EQUITY,TDR0102,BOOK_A,2025-04-20
TXN0003382460,APP011,2026-03-30,pending,59786.57,CHF,EMEA,CP0134,SWAP,TDR0163,BOOK_A,2025-09-30
TXN0005914813,APP017,2025-10-26,failed,717278.0,USD,EMEA,CP0245,FX,TDR0139,BOOK_A,2025-04-18
TXN0001686054,APP007,2025-01-26,settled,707543.38,USD,AMER,CP0385,EQUITY,TDR0085,BOOK_A,2025-07-02
TXN0004786745,APP007,2025-07-27,pending,715896.44,USD,LATAM,CP0157,FX,TDR0084,BOOK_C,2025-01-21
TXN0004668609,APP007,2025-09-21,settled,428988.38,EUR,LATAM,CP0092,SWAP,TDR0159,BOOK_B,2025-05-18
TXN0009036367,APP011,2025-09-25,pending,16081.17,JPY,EMEA,CP0410,SWAP,TDR0014,BOOK_B,2025-09-17
TXN0008761296,APP013,2025-03-30,settled,211942.13,JPY,EMEA,CP0402,OPTION,TDR0072,BOOK_B,2026-03-19
TXN0003372937,APP013,2026-01-01,settled,332619.89,AUD,APAC,CP0222,FX,TDR0117,BOOK_B,2025-09-18
TXN0000050157,APP011,2026-02-11,settled,673114.86,USD,APAC,CP0039,EQUITY,TDR0066,BOOK_C,2025-08-27
TXN0005078691,APP012,2025-11-09,failed,809601.47,JPY,EMEA,CP0217,FX,TDR0102,BOOK_B,2025-10-30
TXN0004065665,APP018,2025-12-03,pending,333499.29,AUD,APAC,CP0217,FUTURE,TDR0005,BOOK_D,2025-03-16
TXN0005546752,APP014,2026-03-28,failed,532920.4,GBP,AMER,CP0019,FUTURE,TDR0036,BOOK_D,2025-09-14
TXN0009991373,APP015,2025-08-16,active,512680.58,CHF,EMEA,CP0449,OPTION,TDR0050,BOOK_B,2025-12-19
TXN0004950213,APP003,2026-02-15,reversed,182364.03,USD,LATAM,CP0069,EQUITY,TDR0098,BOOK_B,2025-06-17
TXN0008188887,APP017,2025-05-14,pending,244046.69,CHF,AMER,CP0183,BOND,TDR0021,BOOK_C,2025-02-18
TXN0008610550,APP017,2026-01-09,reversed,66484.8,AUD,LATAM,CP0046,EQUITY,TDR0166,BOOK_B,2025-01-01
TXN0004914088,APP007,2025-01-21,reversed,667136.25,USD,LATAM,CP0084,EQUITY,TDR0112,BOOK_C,2025-01-07
TXN0008927816,APP020,2026-04-08,active,867065.39,EUR,AMER,CP0265,FX,TDR0019,BOOK_C,2026-01-04
TXN0000688897,APP018,2025-07-06,active,961562.36,CHF,AMER,CP0458,EQUITY,TDR0140,BOOK_B,2025-05-04
TXN0007487013,APP004,2025-05-17,reversed,805349.81,CHF,LATAM,CP0281,FX,TDR0112,BOOK_C,2025-09-05
TXN0007283493,APP012,2025-04-16,settled,740274.32,EUR,LATAM,CP0156,FX,TDR0197,BOOK_C,2025-03-22
TXN0004800493,APP001,2026-03-10,failed,512257.88,USD,AMER,CP0090,FX,TDR0195,BOOK_A,2025-03-21
TXN0003448879,APP020,2025-08-22,settled,649136.59,JPY,EMEA,CP0324,BOND,TDR0008,BOOK_A,2025-09-02
TXN0004698134,APP005,2025-06-18,settled,136300.98,GBP,APAC,CP0178,EQUITY,TDR0056,BOOK_D,2026-03-21
TXN0001800030,APP006,2025-06-08,settled,261008.69,JPY,LATAM,CP0058,OPTION,TDR0035,BOOK_C,2025-09-22
TXN0009811476,APP014,2025-10-14,reversed,981284.19,USD,LATAM,CP0176,SWAP,TDR0022,BOOK_D,2026-03-21
TXN0005230740,APP018,2025-12-02,settled,6503.18,CHF,LATAM,CP0073,BOND,TDR0061,BOOK_B,2025-12-15
TXN0000353959,APP003,2025-09-20,active,535784.61,CHF,AMER,CP0249,BOND,TDR0049,BOOK_C,2025-11-03
TXN0006255601,APP007,2026-02-19,reversed,670728.91,EUR,EMEA,CP0135,OPTION,TDR0048,BOOK_B,2025-07-24
TXN0009683610,APP016,2025-07-29,failed,910934.36,EUR,EMEA,CP0226,BOND,TDR0081,BOOK_A,2025-02-10
TXN0004524678,APP013,2025-05-14,settled,979732.09,JPY,EMEA,CP0424,BOND,TDR0056,BOOK_B,2025-02-17
TXN0004159597,APP006,2026-01-10,pending,308302.01,USD,LATAM,CP0250,SWAP,TDR0190,BOOK_C,2025-04-03
TXN0003840035,APP003,2025-09-09,reversed,318811.48,AUD,AMER,CP0351,FX,TDR0158,BOOK_B,2025-01-11
TXN0005440359,APP020,2025-12-19,settled,112432.83,GBP,APAC,CP0285,SWAP,TDR0132,BOOK_D,2025-08-31
TXN0000519295,APP017,2025-03-01,settled,766794.93,USD,APAC,CP0085,BOND,TDR0199,BOOK_C,2026-03-30
TXN0007763372,APP012,2025-07-02,reversed,994939.9,GBP,LATAM,CP0375,SWAP,TDR0078,BOOK_C,2025-08-07
TXN0004683840,APP002,2026-01-20,settled,557161.68,CHF,APAC,CP0385,FUTURE,TDR0082,BOOK_C,2025-09-10
TXN0004385197,APP019,2025-10-01,active,215940.42,USD,APAC,CP0136,SWAP,TDR0029,BOOK_A,2025-03-13
TXN0007443282,APP018,2026-02-05,failed,119271.85,GBP,EMEA,CP0130,SWAP,TDR0146,BOOK_D,2026-01-21
TXN0004626268,APP018,2026-01-13,active,1135.64,EUR,LATAM,CP0445,BOND,TDR0198,BOOK_B,2025-03-13
TXN0003589989,APP020,2026-02-02,failed,860783.84,USD,AMER,CP0009,OPTION,TDR0075,BOOK_B,2025-08-17
TXN0007094207,APP020,2025-10-27,pending,96643.62,CHF,EMEA,CP0348,EQUITY,TDR0113,BOOK_B,2025-10-17
TXN0008043544,APP005,2026-02-12,pending,781592.1,GBP,AMER,CP0436,FUTURE,TDR0025,BOOK_B,2025-10-02
TXN0003330483,APP001,2025-07-26,settled,871071.1,JPY,AMER,CP0292,OPTION,TDR0121,BOOK_C,2025-06-26
TXN0000964999,APP005,2025-05-16,reversed,569450.79,EUR,APAC,CP0013,BOND,TDR0176,BOOK_B,2026-02-06
TXN0009612239,APP011,2025-02-10,pending,647898.42,CHF,LATAM,CP0017,FX,TDR0130,BOOK_D,2025-04-27
TXN0004265111,APP013,2025-10-26,reversed,633133.14,AUD,APAC,CP0250,BOND,TDR0090,BOOK_C,2025-03-23
TXN0009002722,APP018,2025-09-14,reversed,975336.24,JPY,APAC,CP0271,BOND,TDR0127,BOOK_B,2026-03-25
TXN0005735468,APP006,2025-05-09,settled,277184.68,AUD,EMEA,CP0476,FX,TDR0032,BOOK_B,2025-05-19
TXN0003868466,APP011,2025-03-31,active,247332.89,CHF,AMER,CP0030,OPTION,TDR0008,BOOK_D,2025-07-15
TXN0003165181,APP016,2025-09-03,pending,74469.21,GBP,APAC,CP0226,SWAP,TDR0134,BOOK_D,2025-09-03
TXN0005260233,APP020,2025-03-13,settled,545268.72,GBP,EMEA,CP0246,FX,TDR0080,BOOK_C,2025-04-30
TXN0007633310,APP008,2025-07-07,active,164046.21,EUR,AMER,CP0247,FX,TDR0021,BOOK_D,2025-09-03
TXN0003208090,APP016,2025-05-22,failed,176438.76,JPY,EMEA,CP0340,EQUITY,TDR0003,BOOK_C,2025-08-03
TXN0001422526,APP004,2025-04-10,settled,665107.59,USD,EMEA,CP0497,OPTION,TDR0008,BOOK_D,2025-12-01
TXN0004421569,APP012,2025-12-21,settled,356464.94,CHF,LATAM,CP0348,OPTION,TDR0055,BOOK_A,2025-07-09
TXN0009509677,APP017,2025-06-16,settled,599104.22,GBP,APAC,CP0416,FX,TDR0115,BOOK_D,2025-08-03
TXN0001501821,APP009,2026-03-22,reversed,887666.35,AUD,APAC,CP0399,OPTION,TDR0002,BOOK_D,2025-04-04
TXN0004085528,APP015,2025-01-18,failed,518848.56,JPY,APAC,CP0228,SWAP,TDR0042,BOOK_C,2026-03-09
TXN0000102434,APP008,2025-06-19,settled,294425.75,USD,APAC,CP0460,BOND,TDR0174,BOOK_C,2026-01-09
TXN0008573620,APP003,2025-09-10,active,511648.58,JPY,AMER,CP0195,BOND,TDR0107,BOOK_A,2025-12-19
TXN0001269589,APP009,2025-11-27,reversed,939896.62,GBP,AMER,CP0420,BOND,TDR0100,BOOK_B,2025-08-21
TXN0003442243,APP011,2025-10-13,pending,983381.92,CHF,EMEA,CP0466,SWAP,TDR0101,BOOK_D,2025-03-16
TXN0009775525,APP016,2025-10-10,reversed,778014.96,AUD,EMEA,CP0030,SWAP,TDR0028,BOOK_D,2026-02-22
TXN0001389932,APP014,2026-04-05,failed,386487.78,CHF,EMEA,CP0060,FUTURE,TDR0062,BOOK_D,2025-05-04
TXN0009215389,APP001,2025-11-16,failed,730131.97,CHF,APAC,CP0198,EQUITY,TDR0116,BOOK_B,2025-05-13
TXN0004686539,APP010,2026-01-09,settled,948822.29,JPY,AMER,CP0471,FUTURE,TDR0118,BOOK_C,2025-03-08
TXN0001892391,APP011,2025-08-13,settled,980760.51,CHF,EMEA,CP0080,BOND,TDR0006,BOOK_B,2025-07-07
TXN0007987577,APP006,2025-07-07,failed,314432.66,CHF,LATAM,CP0156,FX,TDR0146,BOOK_C,2025-07-31
TXN0001396649,APP014,2025-02-18,active,903606.42,AUD,LATAM,CP0051,FUTURE,TDR0095,BOOK_A,2025-12-03
TXN0003041926,APP016,2025-06-14,active,188561.64,AUD,EMEA,CP0286,FUTURE,TDR0114,BOOK_D,2025-08-14
TXN0004874519,APP013,2025-12-17,settled,316241.63,EUR,APAC,CP0169,EQUITY,TDR0167,BOOK_B,2026-02-24
TXN0002683333,APP013,2025-10-19,settled,731877.81,CHF,APAC,CP0467,FUTURE,TDR0023,BOOK_A,2025-11-02
TXN0005961523,APP010,2025-01-24,pending,728296.7,JPY,AMER,CP0202,BOND,TDR0078,BOOK_B,2025-08-31
TXN0001508104,APP015,2025-02-22,settled,573989.71,JPY,LATAM,CP0189,FUTURE,TDR0185,BOOK_D,2026-03-13
TXN0002181204,APP014,2025-05-27,settled,592934.4,GBP,AMER,CP0144,FUTURE,TDR0074,BOOK_C,2025-06-16
TXN0008115837,APP006,2025-11-29,pending,546486.05,AUD,LATAM,CP0310,FUTURE,TDR0150,BOOK_C,2026-01-04
TXN0005696090,APP011,2025-12-31,pending,275145.08,JPY,APAC,CP0168,SWAP,TDR0147,BOOK_B,2026-02-27
TXN0000986167,APP008,2025-06-30,pending,902486.45,EUR,EMEA,CP0421,EQUITY,TDR0089,BOOK_A,2025-02-08
TXN0009701831,APP008,2025-02-17,reversed,623123.72,EUR,APAC,CP0409,BOND,TDR0065,BOOK_B,2026-03-30
TXN0003627257,APP010,2025-01-26,pending,952236.16,EUR,AMER,CP0276,EQUITY,TDR0177,BOOK_C,2025-05-13
TXN0006193696,APP012,2025-09-19,settled,417483.08,JPY,EMEA,CP0084,OPTION,TDR0065,BOOK_B,2025-06-25
TXN0002348580,APP018,2025-07-30,active,27707.99,EUR,APAC,CP0155,BOND,TDR0169,BOOK_C,2025-03-04
TXN0003730014,APP004,2026-02-12,active,583898.15,CHF,LATAM,CP0225,OPTION,TDR0073,BOOK_A,2026-03-23
TXN0004771145,APP015,2026-01-01,pending,352682.18,AUD,LATAM,CP0280,BOND,TDR0199,BOOK_D,2025-02-06
TXN0003620361,APP019,2025-05-25,reversed,852680.22,CHF,EMEA,CP0426,EQUITY,TDR0089,BOOK_D,2025-07-14
TXN0004883627,APP013,2025-01-17,pending,448840.62,GBP,AMER,CP0351,EQUITY,TDR0007,BOOK_C,2025-03-20
TXN0005974424,APP004,2025-01-29,failed,11119.31,EUR,EMEA,CP0297,SWAP,TDR0036,BOOK_A,2025-02-13
TXN0003880553,APP004,2026-01-27,settled,586319.66,EUR,LATAM,CP0479,OPTION,TDR0027,BOOK_C,2025-10-14
TXN0006383398,APP006,2025-12-18,reversed,787883.98,JPY,AMER,CP0293,BOND,TDR0077,BOOK_A,2025-01-29
TXN0005428025,APP012,2026-01-31,settled,210082.25,JPY,APAC,CP0099,FX,TDR0036,BOOK_A,2025-07-11
TXN0008893072,APP005,2026-02-21,pending,578758.39,AUD,AMER,CP0417,BOND,TDR0100,BOOK_D,2026-01-08
TXN0005063018,APP007,2025-09-07,failed,586902.29,AUD,AMER,CP0369,EQUITY,TDR0028,BOOK_C,2025-01-22
TXN0009081079,APP001,2026-03-04,pending,502531.45,EUR,AMER,CP0137,EQUITY,TDR0156,BOOK_D,2026-02-08
TXN0001643940,APP005,2025-12-04,pending,859467.44,EUR,EMEA,CP0238,FUTURE,TDR0005,BOOK_B,2025-10-22
TXN0003587997,APP005,2025-06-29,settled,348322.45,CHF,AMER,CP0464,OPTION,TDR0036,BOOK_C,2025-02-07
TXN0002087537,APP013,2025-12-22,settled,366399.73,AUD,APAC,CP0333,OPTION,TDR0153,BOOK_A,2026-02-25
TXN0006002776,APP004,2025-06-12,active,894654.3,JPY,APAC,CP0012,FUTURE,TDR0165,BOOK_D,2025-03-27
TXN0007582049,APP014,2025-12-11,reversed,977891.17,USD,AMER,CP0185,SWAP,TDR0036,BOOK_D,2025-04-07
TXN0002215515,APP006,2025-04-30,settled,160620.65,CHF,APAC,CP0253,FX,TDR0001,BOOK_B,2025-06-21
TXN0000921110,APP020,2025-07-18,active,299288.58,CHF,AMER,CP0060,FX,TDR0032,BOOK_A,2025-08-05
TXN0003396442,APP013,2025-09-24,active,310295.79,EUR,EMEA,CP0414,FUTURE,TDR0064,BOOK_B,2025-08-31
TXN0005053126,APP019,2025-12-05,failed,846469.75,EUR,AMER,CP0244,BOND,TDR0065,BOOK_B,2025-07-25
TXN0005809382,APP017,2025-08-13,pending,628931.73,USD,EMEA,CP0096,FX,TDR0134,BOOK_A,2025-05-02
TXN0009752932,APP010,2025-11-21,failed,773423.48,JPY,EMEA,CP0071,EQUITY,TDR0087,BOOK_B,2026-02-17
TXN0007356832,APP019,2025-05-05,settled,483067.75,EUR,LATAM,CP0314,SWAP,TDR0071,BOOK_D,2026-03-23
TXN0009426318,APP001,2025-03-04,pending,823391.68,EUR,AMER,CP0076,EQUITY,TDR0145,BOOK_B,2025-12-13
TXN0000973277,APP011,2025-07-22,failed,795249.28,EUR,APAC,CP0027,SWAP,TDR0105,BOOK_B,2025-10-13
TXN0005157629,APP017,2025-03-29,failed,123816.65,CHF,EMEA,CP0037,EQUITY,TDR0034,BOOK_B,2025-01-22
TXN0009938744,APP005,2025-05-09,active,773788.51,GBP,AMER,CP0235,SWAP,TDR0045,BOOK_B,2025-10-26
TXN0001659061,APP006,2025-03-13,settled,734090.77,EUR,LATAM,CP0494,OPTION,TDR0024,BOOK_B,2025-09-15
TXN0006491933,APP020,2025-10-02,settled,992339.26,AUD,APAC,CP0211,BOND,TDR0078,BOOK_C,2025-05-25
TXN0009729997,APP004,2025-10-23,active,595444.3,AUD,AMER,CP0014,EQUITY,TDR0151,BOOK_B,2026-01-02
TXN0004579424,APP008,2026-01-26,settled,720212.2,CHF,APAC,CP0218,FX,TDR0152,BOOK_B,2025-04-26
TXN0003009395,APP010,2025-03-03,active,768058.24,USD,AMER,CP0141,EQUITY,TDR0052,BOOK_C,2025-04-20
TXN0006814211,APP015,2025-01-23,reversed,773757.38,EUR,LATAM,CP0275,FUTURE,TDR0167,BOOK_D,2025-01-20
TXN0008634374,APP007,2026-01-15,pending,597996.88,EUR,EMEA,CP0405,SWAP,TDR0128,BOOK_B,2025-04-01
TXN0002779790,APP008,2026-02-14,pending,58386.42,GBP,APAC,CP0383,SWAP,TDR0176,BOOK_A,2025-12-02
TXN0002070440,APP015,2025-03-01,failed,839563.8,USD,EMEA,CP0101,FUTURE,TDR0032,BOOK_D,2025-01-02
TXN0007981238,APP017,2026-02-07,failed,599334.65,CHF,AMER,CP0105,EQUITY,TDR0094,BOOK_D,2025-04-30
TXN0007589683,APP003,2025-07-15,failed,967179.0,USD,APAC,CP0432,OPTION,TDR0093,BOOK_B,2025-12-05
TXN0006378135,APP002,2025-11-28,failed,536559.2,CHF,EMEA,CP0072,FUTURE,TDR0142,BOOK_A,2025-02-20
TXN0005763473,APP003,2026-03-14,pending,622548.24,EUR,AMER,CP0332,EQUITY,TDR0051,BOOK_B,2025-10-10
TXN0007875510,APP003,2025-12-14,active,981142.38,CHF,LATAM,CP0216,SWAP,TDR0071,BOOK_B,2025-01-24
TXN0000724451,APP014,2025-08-07,settled,295524.65,EUR,APAC,CP0407,FX,TDR0001,BOOK_C,2026-02-08
TXN0004128017,APP001,2025-12-13,failed,827705.7,JPY,EMEA,CP0037,OPTION,TDR0002,BOOK_D,2025-08-14
TXN0004754790,APP005,2026-04-06,reversed,836557.59,JPY,EMEA,CP0362,FX,TDR0055,BOOK_A,2025-09-11
TXN0001525422,APP006,2025-02-07,failed,963039.91,USD,LATAM,CP0245,EQUITY,TDR0013,BOOK_B,2026-01-30
TXN0006442175,APP016,2025-10-16,pending,587726.39,CHF,EMEA,CP0331,EQUITY,TDR0069,BOOK_C,2025-05-30
TXN0007566678,APP003,2026-01-04,pending,538114.95,AUD,APAC,CP0405,FX,TDR0112,BOOK_D,2025-03-07
TXN0001012546,APP019,2026-02-26,active,448985.5,USD,APAC,CP0218,OPTION,TDR0073,BOOK_A,2026-03-08
TXN0002551006,APP015,2026-01-04,reversed,755755.17,GBP,EMEA,CP0166,FX,TDR0130,BOOK_D,2025-05-18
TXN0007161880,APP001,2025-02-20,reversed,277452.16,JPY,LATAM,CP0107,EQUITY,TDR0029,BOOK_B,2025-04-06
TXN0002233379,APP015,2025-11-14,pending,755309.94,EUR,EMEA,CP0113,EQUITY,TDR0034,BOOK_D,2025-06-06
TXN0001437052,APP003,2025-01-10,active,553840.83,JPY,LATAM,CP0029,SWAP,TDR0107,BOOK_C,2025-11-09
TXN0008134575,APP002,2025-08-02,pending,765439.32,EUR,LATAM,CP0293,EQUITY,TDR0102,BOOK_B,2026-03-24
TXN0000042327,APP002,2025-03-28,settled,3947.89,AUD,AMER,CP0302,OPTION,TDR0181,BOOK_C,2025-06-10
TXN0003722390,APP018,2025-06-11,reversed,176552.8,JPY,EMEA,CP0211,SWAP,TDR0148,BOOK_A,2026-01-24
TXN0006861510,APP009,2025-01-14,settled,793327.46,EUR,LATAM,CP0432,BOND,TDR0081,BOOK_A,2025-10-28
TXN0003840295,APP019,2025-11-11,reversed,729079.67,GBP,LATAM,CP0035,OPTION,TDR0024,BOOK_A,2026-02-06
TXN0005784872,APP007,2026-04-14,pending,860557.37,GBP,APAC,CP0383,BOND,TDR0132,BOOK_C,2025-10-17
TXN0009477938,APP015,2025-08-28,settled,335345.24,USD,AMER,CP0475,SWAP,TDR0123,BOOK_D,2025-12-09
TXN0005400394,APP010,2025-10-27,settled,534935.07,AUD,LATAM,CP0336,EQUITY,TDR0079,BOOK_D,2025-03-19
TXN0005567218,APP012,2025-08-03,active,205758.16,USD,APAC,CP0045,FX,TDR0029,BOOK_D,2025-02-12
TXN0003479493,APP013,2026-03-12,failed,312780.12,CHF,LATAM,CP0051,BOND,TDR0184,BOOK_C,2025-02-11
TXN0001621765,APP011,2025-06-21,failed,959960.11,GBP,EMEA,CP0004,FX,TDR0178,BOOK_A,2025-11-15
TXN0008051174,APP012,2025-04-26,pending,848959.17,AUD,APAC,CP0108,FX,TDR0099,BOOK_B,2026-03-06
TXN0002707180,APP012,2025-05-31,failed,871748.82,USD,AMER,CP0043,EQUITY,TDR0136,BOOK_D,2026-02-15
TXN0007384337,APP011,2025-10-20,reversed,11649.26,EUR,LATAM,CP0258,EQUITY,TDR0102,BOOK_D,2025-08-16
TXN0004237250,APP020,2025-05-16,pending,686831.17,CHF,EMEA,CP0025,SWAP,TDR0160,BOOK_B,2026-01-26
TXN0003520786,APP019,2025-11-19,settled,16094.33,CHF,LATAM,CP0278,SWAP,TDR0176,BOOK_D,2025-02-23
TXN0000800639,APP016,2026-02-11,active,333591.81,AUD,APAC,CP0157,BOND,TDR0129,BOOK_C,2025-03-14
TXN0001284838,APP012,2025-05-26,active,282407.51,USD,APAC,CP0132,EQUITY,TDR0154,BOOK_C,2025-03-29
TXN0004065566,APP010,2025-03-22,failed,403826.92,USD,LATAM,CP0095,SWAP,TDR0172,BOOK_C,2025-03-20
TXN0002030420,APP012,2025-11-26,reversed,539943.52,GBP,LATAM,CP0014,EQUITY,TDR0091,BOOK_A,2025-12-20
TXN0008668091,APP002,2025-11-11,settled,213011.06,CHF,APAC,CP0334,FX,TDR0148,BOOK_D,2025-03-11
TXN0003654260,APP020,2026-02-22,reversed,283854.24,USD,EMEA,CP0219,FUTURE,TDR0145,BOOK_C,2025-01-20
TXN0003000083,APP010,2025-11-05,reversed,710132.21,JPY,APAC,CP0269,SWAP,TDR0027,BOOK_B,2025-03-12
TXN0004667365,APP007,2025-09-29,active,515901.68,EUR,LATAM,CP0232,EQUITY,TDR0152,BOOK_B,2025-08-17
TXN0003520725,APP010,2025-06-11,active,37037.49,AUD,EMEA,CP0103,BOND,TDR0005,BOOK_A,2025-05-22
TXN0002763122,APP017,2025-02-28,reversed,346075.45,AUD,APAC,CP0033,BOND,TDR0002,BOOK_C,2025-07-14
TXN0001039263,APP011,2026-04-06,reversed,164212.95,CHF,APAC,CP0431,FUTURE,TDR0177,BOOK_B,2025-01-27
TXN0006983633,APP013,2025-07-03,settled,837319.39,GBP,EMEA,CP0223,FUTURE,TDR0006,BOOK_D,2025-05-06
TXN0003727975,APP010,2025-07-04,pending,358584.51,EUR,AMER,CP0373,FUTURE,TDR0122,BOOK_A,2025-04-02
TXN0007879611,APP001,2026-01-08,reversed,342062.72,USD,EMEA,CP0185,SWAP,TDR0154,BOOK_B,2025-05-06
TXN0000479890,APP001,2025-08-19,pending,440944.46,CHF,EMEA,CP0260,FX,TDR0105,BOOK_B,2026-02-28
TXN0002188940,APP017,2026-03-10,settled,470733.61,USD,EMEA,CP0303,EQUITY,TDR0183,BOOK_B,2025-12-11
TXN0008026681,APP020,2025-12-05,reversed,807448.02,JPY,AMER,CP0219,BOND,TDR0117,BOOK_B,2026-02-14
TXN0000655379,APP010,2026-02-21,reversed,933587.86,JPY,APAC,CP0283,FX,TDR0059,BOOK_B,2026-03-19
TXN0001811845,APP011,2025-10-24,pending,541180.35,AUD,EMEA,CP0296,FX,TDR0157,BOOK_A,2025-03-01
TXN0003294097,APP013,2026-02-18,reversed,120617.55,AUD,APAC,CP0276,FUTURE,TDR0129,BOOK_D,2025-03-12
TXN0003323331,APP011,2025-02-10,settled,456697.62,AUD,APAC,CP0482,FUTURE,TDR0170,BOOK_B,2026-01-03
TXN0005341547,APP015,2025-04-03,settled,869433.4,USD,EMEA,CP0130,OPTION,TDR0064,BOOK_D,2025-05-13
TXN0009421057,APP004,2025-11-01,settled,794816.47,USD,AMER,CP0410,FX,TDR0114,BOOK_B,2025-02-20
TXN0004876771,APP008,2025-10-19,settled,41241.32,CHF,LATAM,CP0253,FUTURE,TDR0066,BOOK_D,2025-09-13
TXN0008971167,APP014,2025-07-12,failed,949651.63,EUR,APAC,CP0377,BOND,TDR0160,BOOK_C,2025-10-09
TXN0000836825,APP013,2025-07-11,pending,433203.4,AUD,APAC,CP0277,EQUITY,TDR0060,BOOK_D,2026-03-28
TXN0006076538,APP003,2025-06-26,settled,882662.23,JPY,APAC,CP0081,FUTURE,TDR0175,BOOK_C,2025-11-26
TXN0003413745,APP020,2025-01-12,failed,230032.59,JPY,LATAM,CP0124,EQUITY,TDR0135,BOOK_B,2026-04-01
TXN0005546039,APP009,2025-11-16,reversed,111699.0,JPY,LATAM,CP0015,FX,TDR0037,BOOK_A,2025-02-05
TXN0003794125,APP012,2025-06-21,failed,470222.49,JPY,AMER,CP0118,EQUITY,TDR0187,BOOK_D,2025-04-07
TXN0006302817,APP006,2025-04-25,reversed,444377.14,CHF,AMER,CP0248,EQUITY,TDR0049,BOOK_D,2025-02-19
TXN0001072191,APP007,2025-03-28,reversed,85149.62,CHF,EMEA,CP0323,OPTION,TDR0186,BOOK_D,2025-09-25
TXN0005031546,APP004,2025-03-26,active,121112.13,GBP,EMEA,CP0386,SWAP,TDR0177,BOOK_D,2025-08-06
TXN0009787394,APP005,2025-11-29,failed,331038.32,CHF,APAC,CP0171,FX,TDR0188,BOOK_C,2025-03-22
TXN0000228325,APP005,2025-10-30,pending,44737.72,AUD,AMER,CP0451,BOND,TDR0079,BOOK_A,2025-12-16
TXN0006875209,APP008,2025-08-07,pending,415230.82,GBP,EMEA,CP0247,FUTURE,TDR0198,BOOK_D,2025-05-02
TXN0009781715,APP001,2025-01-04,settled,778243.53,CHF,LATAM,CP0303,FX,TDR0064,BOOK_B,2025-03-13
TXN0009235195,APP016,2025-12-08,active,302136.56,AUD,LATAM,CP0426,OPTION,TDR0116,BOOK_D,2025-10-05
TXN0003740616,APP002,2025-12-27,reversed,904336.99,USD,EMEA,CP0463,OPTION,TDR0090,BOOK_C,2025-06-14
TXN0005836849,APP015,2026-01-09,pending,310156.28,CHF,APAC,CP0209,FX,TDR0058,BOOK_B,2025-03-03
TXN0007284721,APP013,2025-10-14,reversed,217294.84,USD,APAC,CP0009,SWAP,TDR0012,BOOK_A,2025-03-10
TXN0009600033,APP009,2026-01-10,active,878551.81,AUD,APAC,CP0180,FX,TDR0086,BOOK_B,2025-04-22
TXN0004796527,APP011,2025-03-05,pending,946143.03,EUR,AMER,CP0439,FX,TDR0166,BOOK_D,2025-08-20
TXN0003237564,APP006,2025-07-17,active,192702.4,USD,AMER,CP0241,OPTION,TDR0133,BOOK_B,2025-01-24
TXN0006800983,APP010,2025-05-13,active,132931.69,EUR,APAC,CP0123,OPTION,TDR0042,BOOK_C,2025-06-02
TXN0007618894,APP019,2025-11-29,pending,138532.51,GBP,APAC,CP0253,FUTURE,TDR0193,BOOK_C,2025-10-05
TXN0001095091,APP010,2025-04-23,active,51777.24,AUD,LATAM,CP0461,FUTURE,TDR0124,BOOK_C,2025-05-05
TXN0004028029,APP007,2025-03-19,pending,548300.72,EUR,AMER,CP0324,SWAP,TDR0141,BOOK_D,2025-09-01
TXN0000179018,APP005,2025-09-12,active,733217.81,USD,LATAM,CP0033,EQUITY,TDR0019,BOOK_B,2025-07-18
TXN0005504407,APP002,2026-04-03,settled,220233.42,CHF,AMER,CP0463,EQUITY,TDR0103,BOOK_C,2025-06-13
TXN0000634135,APP010,2025-05-13,reversed,196492.38,AUD,APAC,CP0103,EQUITY,TDR0105,BOOK_D,2025-04-07
TXN0005962544,APP004,2026-01-05,active,12745.68,JPY,EMEA,CP0080,OPTION,TDR0007,BOOK_B,2025-05-08
TXN0003546777,APP012,2025-11-02,active,841295.35,GBP,LATAM,CP0447,FUTURE,TDR0083,BOOK_C,2025-01-27
TXN0001568890,APP011,2025-08-09,failed,463595.53,EUR,EMEA,CP0257,FX,TDR0005,BOOK_D,2025-11-11
TXN0006364063,APP019,2026-01-24,reversed,602121.46,AUD,APAC,CP0040,FUTURE,TDR0184,BOOK_D,2025-02-21
TXN0000788138,APP010,2025-04-13,settled,895948.18,CHF,LATAM,CP0116,FUTURE,TDR0060,BOOK_C,2025-07-29
TXN0008220863,APP015,2025-09-02,settled,106232.04,EUR,APAC,CP0422,FUTURE,TDR0044,BOOK_A,2025-01-02
TXN0009924282,APP006,2026-04-01,reversed,267253.82,USD,AMER,CP0128,SWAP,TDR0146,BOOK_C,2025-07-09
TXN0008258330,APP017,2025-09-02,active,439614.33,GBP,AMER,CP0473,FX,TDR0101,BOOK_A,2026-04-08
TXN0002990253,APP001,2025-03-14,reversed,271491.05,JPY,APAC,CP0483,EQUITY,TDR0046,BOOK_B,2025-01-04
TXN0008764797,APP011,2025-07-11,reversed,458891.64,CHF,LATAM,CP0420,OPTION,TDR0019,BOOK_D,2025-02-09
TXN0000882241,APP017,2025-06-02,settled,240144.3,JPY,EMEA,CP0134,FX,TDR0067,BOOK_D,2025-09-06
TXN0006234176,APP010,2025-07-10,settled,961236.1,EUR,APAC,CP0415,BOND,TDR0182,BOOK_A,2025-11-25
TXN0003105844,APP014,2026-03-26,reversed,974204.57,GBP,APAC,CP0281,FX,TDR0108,BOOK_C,2025-02-15
TXN0008337491,APP010,2026-04-05,pending,302825.02,JPY,AMER,CP0177,FUTURE,TDR0060,BOOK_C,2025-08-30
TXN0000934679,APP019,2025-06-17,pending,663274.33,USD,EMEA,CP0199,FX,TDR0109,BOOK_D,2026-02-08
TXN0000098824,APP012,2025-05-30,reversed,81771.8,USD,AMER,CP0152,SWAP,TDR0119,BOOK_D,2025-11-07
TXN0001844272,APP013,2025-05-01,pending,317638.26,GBP,EMEA,CP0034,FX,TDR0056,BOOK_C,2025-09-10
TXN0003237229,APP001,2025-11-23,reversed,653378.08,AUD,APAC,CP0390,BOND,TDR0139,BOOK_B,2025-05-03
TXN0009032735,APP015,2025-07-05,active,721464.83,JPY,APAC,CP0105,OPTION,TDR0157,BOOK_A,2026-01-10
TXN0001905497,APP020,2025-08-05,failed,953592.19,USD,APAC,CP0015,BOND,TDR0129,BOOK_D,2026-01-30
TXN0000176904,APP012,2025-04-16,settled,788800.57,AUD,APAC,CP0216,FX,TDR0027,BOOK_D,2025-10-07
TXN0008051700,APP006,2026-04-05,active,279343.98,CHF,APAC,CP0166,FUTURE,TDR0200,BOOK_B,2025-12-17
TXN0001359595,APP014,2025-01-08,pending,143754.37,AUD,APAC,CP0254,FX,TDR0028,BOOK_A,2025-04-25
TXN0005955669,APP006,2026-01-18,reversed,654365.77,EUR,AMER,CP0322,SWAP,TDR0095,BOOK_C,2025-10-20
TXN0009460366,APP016,2025-10-25,active,177426.74,USD,APAC,CP0022,SWAP,TDR0055,BOOK_A,2025-03-22
TXN0008080924,APP005,2025-08-18,reversed,295171.16,EUR,APAC,CP0341,OPTION,TDR0015,BOOK_D,2026-02-23
TXN0005139520,APP017,2025-08-30,reversed,418745.99,USD,AMER,CP0330,SWAP,TDR0155,BOOK_D,2025-05-30
TXN0004860976,APP001,2026-01-15,failed,468921.25,AUD,LATAM,CP0379,BOND,TDR0172,BOOK_B,2026-04-05
TXN0008163461,APP006,2025-10-23,reversed,303156.75,EUR,AMER,CP0296,BOND,TDR0003,BOOK_D,2025-05-26
TXN0004846889,APP012,2026-01-20,settled,36531.74,AUD,LATAM,CP0381,EQUITY,TDR0016,BOOK_D,2025-06-25
TXN0006868959,APP001,2026-03-22,reversed,375617.63,AUD,LATAM,CP0251,SWAP,TDR0043,BOOK_D,2026-04-02
TXN0001217465,APP014,2025-08-05,settled,716089.78,JPY,APAC,CP0413,EQUITY,TDR0046,BOOK_C,2026-01-15
TXN0004784457,APP005,2025-03-22,active,74087.15,CHF,EMEA,CP0273,FUTURE,TDR0177,BOOK_D,2025-11-17
TXN0008385259,APP012,2025-08-28,failed,731065.4,CHF,LATAM,CP0184,EQUITY,TDR0084,BOOK_D,2025-06-06
TXN0004275016,APP013,2025-06-20,pending,666254.05,EUR,EMEA,CP0181,OPTION,TDR0147,BOOK_C,2025-03-10
TXN0008166184,APP003,2026-04-13,active,512918.08,GBP,AMER,CP0215,SWAP,TDR0102,BOOK_D,2025-02-13
TXN0005722680,APP011,2025-02-17,active,221297.0,EUR,AMER,CP0248,FX,TDR0166,BOOK_D,2025-07-21
TXN0009094096,APP017,2026-03-25,reversed,929527.89,AUD,APAC,CP0422,EQUITY,TDR0063,BOOK_B,2025-05-17
TXN0004337333,APP011,2025-10-04,failed,472882.42,GBP,EMEA,CP0309,FX,TDR0055,BOOK_C,2025-04-17
TXN0009656078,APP010,2025-07-24,pending,37390.74,AUD,AMER,CP0136,OPTION,TDR0109,BOOK_B,2025-09-10
TXN0008490799,APP007,2025-04-24,settled,700207.82,JPY,EMEA,CP0069,SWAP,TDR0018,BOOK_B,2025-04-06
TXN0003927600,APP002,2025-10-10,reversed,616621.12,AUD,APAC,CP0154,BOND,TDR0021,BOOK_A,2025-11-29
TXN0000867321,APP005,2025-04-17,active,970738.02,AUD,LATAM,CP0077,EQUITY,TDR0040,BOOK_C,2025-09-27
TXN0000814824,APP007,2025-11-26,pending,202402.55,EUR,EMEA,CP0061,FX,TDR0125,BOOK_D,2025-11-26
TXN0004529376,APP010,2026-04-04,pending,947957.39,USD,LATAM,CP0002,FX,TDR0028,BOOK_D,2025-10-16
TXN0004642657,APP014,2026-01-01,reversed,333651.22,EUR,APAC,CP0469,BOND,TDR0087,BOOK_A,2025-06-20
TXN0008938218,APP013,2025-12-05,settled,371808.87,GBP,EMEA,CP0265,OPTION,TDR0061,BOOK_B,2026-01-13
TXN0004987464,APP009,2025-11-15,settled,730219.1,JPY,EMEA,CP0273,SWAP,TDR0002,BOOK_C,2025-06-29
TXN0006876027,APP004,2025-03-23,pending,805048.97,GBP,EMEA,CP0080,BOND,TDR0192,BOOK_C,2025-09-02
TXN0001261730,APP002,2025-08-13,settled,499138.23,GBP,AMER,CP0151,OPTION,TDR0081,BOOK_D,2025-10-17
TXN0002458614,APP004,2026-02-08,pending,146237.19,USD,APAC,CP0276,OPTION,TDR0154,BOOK_B,2025-12-04
TXN0008864095,APP014,2025-12-31,settled,273590.67,JPY,AMER,CP0264,FUTURE,TDR0050,BOOK_A,2025-03-26
TXN0007556573,APP015,2025-08-30,pending,430119.33,GBP,LATAM,CP0169,FX,TDR0066,BOOK_D,2025-09-18
TXN0002984541,APP009,2025-08-20,settled,735006.84,USD,LATAM,CP0232,OPTION,TDR0019,BOOK_C,2025-10-27
TXN0005006548,APP014,2025-07-01,failed,770105.8,EUR,APAC,CP0151,EQUITY,TDR0045,BOOK_A,2025-01-18
TXN0008407707,APP004,2025-01-14,failed,340232.99,USD,AMER,CP0179,SWAP,TDR0199,BOOK_D,2026-01-12
TXN0003573132,APP004,2026-01-22,reversed,749197.5,AUD,LATAM,CP0109,BOND,TDR0184,BOOK_C,2025-11-27
TXN0007311566,APP018,2025-01-22,pending,67501.85,USD,AMER,CP0404,FX,TDR0014,BOOK_A,2025-06-30
TXN0008797897,APP003,2025-06-29,failed,167196.25,USD,APAC,CP0491,SWAP,TDR0005,BOOK_C,2025-01-10
TXN0000510012,APP008,2025-11-12,reversed,99391.32,GBP,APAC,CP0359,FX,TDR0021,BOOK_D,2025-11-05
TXN0003489900,APP014,2025-05-21,settled,277632.31,JPY,AMER,CP0031,BOND,TDR0093,BOOK_A,2026-04-06
TXN0004700788,APP011,2025-08-11,active,362203.2,AUD,EMEA,CP0350,OPTION,TDR0121,BOOK_C,2025-03-11
TXN0005762737,APP012,2025-09-09,pending,128289.63,EUR,AMER,CP0339,FUTURE,TDR0053,BOOK_D,2025-09-09
TXN0005776338,APP013,2025-09-01,settled,260014.89,GBP,APAC,CP0426,BOND,TDR0145,BOOK_A,2026-04-14
TXN0007391414,APP013,2025-01-04,settled,286113.79,GBP,APAC,CP0206,OPTION,TDR0148,BOOK_D,2025-11-10
TXN0007644841,APP009,2025-02-22,failed,725596.42,CHF,EMEA,CP0493,SWAP,TDR0073,BOOK_D,2025-01-30
TXN0008960409,APP019,2025-03-30,pending,663330.54,AUD,AMER,CP0443,FX,TDR0109,BOOK_C,2026-02-26
TXN0001299242,APP008,2025-02-24,pending,398592.48,USD,AMER,CP0455,FX,TDR0041,BOOK_C,2025-01-08
TXN0003336946,APP006,2025-01-24,reversed,785846.36,CHF,EMEA,CP0131,FX,TDR0059,BOOK_C,2025-04-23
TXN0002879279,APP003,2025-12-30,failed,864726.31,JPY,APAC,CP0246,FUTURE,TDR0179,BOOK_C,2025-05-19
TXN0001599324,APP012,2026-02-12,failed,331561.21,JPY,EMEA,CP0153,BOND,TDR0061,BOOK_C,2025-09-25
TXN0001012595,APP010,2025-04-30,reversed,716346.94,EUR,LATAM,CP0214,SWAP,TDR0183,BOOK_D,2026-03-05
TXN0004075445,APP018,2026-01-07,settled,86302.79,CHF,EMEA,CP0477,BOND,TDR0135,BOOK_D,2025-08-08
TXN0005592842,APP016,2025-04-29,pending,893901.65,GBP,EMEA,CP0044,BOND,TDR0016,BOOK_A,2026-01-11
TXN0009176695,APP006,2025-08-24,active,50036.8,USD,AMER,CP0185,OPTION,TDR0080,BOOK_B,2025-04-19
TXN0000984655,APP016,2025-02-01,settled,212614.21,EUR,APAC,CP0079,SWAP,TDR0054,BOOK_A,2025-02-10
TXN0009719576,APP014,2025-05-31,reversed,707431.18,GBP,EMEA,CP0270,FUTURE,TDR0007,BOOK_D,2025-12-15
TXN0002898646,APP006,2025-03-31,active,814982.03,AUD,LATAM,CP0094,OPTION,TDR0054,BOOK_C,2025-03-14
TXN0006811160,APP005,2025-11-12,reversed,774649.67,AUD,APAC,CP0199,SWAP,TDR0109,BOOK_A,2025-02-20
TXN0006117563,APP007,2025-05-18,settled,686240.87,AUD,LATAM,CP0041,EQUITY,TDR0129,BOOK_A,2026-01-09
TXN0003639770,APP020,2025-02-12,reversed,100967.23,USD,EMEA,CP0284,FUTURE,TDR0144,BOOK_A,2025-09-03
TXN0000806818,APP020,2025-06-18,settled,378542.11,JPY,APAC,CP0486,FX,TDR0088,BOOK_D,2025-07-30
TXN0002263046,APP012,2026-02-16,active,109908.76,GBP,EMEA,CP0087,SWAP,TDR0189,BOOK_C,2025-03-20
TXN0000303813,APP013,2025-06-22,failed,569542.23,EUR,APAC,CP0370,BOND,TDR0158,BOOK_D,2025-01-13
TXN0005114220,APP003,2025-04-06,pending,37947.18,USD,AMER,CP0472,FUTURE,TDR0141,BOOK_B,2026-03-31
TXN0004411376,APP005,2025-12-14,failed,826878.27,EUR,APAC,CP0257,EQUITY,TDR0191,BOOK_B,2026-01-24
TXN0001225998,APP001,2025-09-17,settled,320714.85,AUD,APAC,CP0495,FUTURE,TDR0120,BOOK_D,2025-06-01
TXN0004242654,APP004,2025-05-12,failed,947763.65,EUR,AMER,CP0006,BOND,TDR0172,BOOK_D,2025-11-17
TXN0008104083,APP013,2025-03-09,failed,950409.34,USD,EMEA,CP0481,EQUITY,TDR0025,BOOK_B,2025-09-14
TXN0005942132,APP016,2025-01-01,active,442867.15,CHF,AMER,CP0197,FX,TDR0123,BOOK_C,2025-04-11
TXN0002389052,APP012,2025-03-06,pending,788650.21,JPY,AMER,CP0458,OPTION,TDR0087,BOOK_A,2026-04-09
TXN0001455958,APP008,2025-05-29,settled,434013.1,AUD,APAC,CP0484,SWAP,TDR0086,BOOK_B,2026-02-20
TXN0003231484,APP007,2025-03-03,active,81354.14,GBP,APAC,CP0103,FX,TDR0071,BOOK_A,2026-03-22
TXN0004521572,APP015,2025-08-26,settled,915746.51,USD,AMER,CP0294,FUTURE,TDR0065,BOOK_A,2025-05-27
TXN0004013652,APP012,2025-12-08,settled,661418.74,EUR,LATAM,CP0422,FX,TDR0006,BOOK_B,2025-04-26
TXN0004628384,APP007,2026-03-28,failed,488714.98,USD,EMEA,CP0443,FUTURE,TDR0098,BOOK_A,2025-04-18
TXN0004045898,APP007,2025-03-19,active,257704.22,EUR,LATAM,CP0427,FUTURE,TDR0154,BOOK_C,2026-01-18
TXN0007271071,APP009,2025-01-27,active,289827.69,GBP,LATAM,CP0412,SWAP,TDR0019,BOOK_B,2025-07-31
TXN0005427859,APP013,2025-03-25,reversed,954989.6,EUR,EMEA,CP0303,BOND,TDR0093,BOOK_A,2025-11-12
TXN0001074464,APP008,2026-01-16,pending,279832.87,EUR,LATAM,CP0278,EQUITY,TDR0181,BOOK_C,2025-03-11
TXN0006568411,APP003,2026-02-10,failed,736399.22,GBP,EMEA,CP0311,BOND,TDR0130,BOOK_C,2025-11-02
TXN0000917936,APP005,2026-01-22,pending,464884.88,AUD,EMEA,CP0079,FX,TDR0041,BOOK_D,2025-12-05
TXN0008627013,APP008,2025-09-22,reversed,309748.23,EUR,LATAM,CP0184,FX,TDR0148,BOOK_C,2025-04-01
TXN0006731990,APP020,2025-08-30,active,478920.34,AUD,EMEA,CP0038,SWAP,TDR0032,BOOK_A,2025-06-10
TXN0004343668,APP005,2025-04-15,settled,107879.36,GBP,EMEA,CP0380,FUTURE,TDR0032,BOOK_B,2025-03-31
TXN0005194139,APP005,2025-11-25,active,350980.58,AUD,LATAM,CP0291,BOND,TDR0126,BOOK_A,2025-09-15
TXN0002711515,APP005,2025-11-24,settled,614599.16,GBP,APAC,CP0106,SWAP,TDR0023,BOOK_C,2026-03-19
TXN0005155416,APP010,2025-07-04,settled,532227.17,USD,APAC,CP0270,FUTURE,TDR0141,BOOK_D,2026-03-17
TXN0001202456,APP008,2025-11-13,reversed,41224.26,GBP,EMEA,CP0163,SWAP,TDR0189,BOOK_D,2025-05-12
TXN0008158842,APP018,2026-04-04,settled,211189.72,USD,EMEA,CP0070,FX,TDR0085,BOOK_A,2025-07-26
TXN0004093422,APP005,2026-03-10,pending,225738.15,USD,APAC,CP0079,OPTION,TDR0086,BOOK_A,2026-01-10
TXN0004970248,APP016,2026-02-12,reversed,885776.03,AUD,EMEA,CP0048,FUTURE,TDR0178,BOOK_D,2026-04-10
TXN0008981531,APP019,2025-12-05,failed,947977.55,CHF,APAC,CP0090,FX,TDR0087,BOOK_C,2025-06-25
TXN0001551813,APP008,2026-03-30,failed,959649.29,JPY,AMER,CP0098,SWAP,TDR0127,BOOK_A,2025-02-12
TXN0008813443,APP007,2025-04-20,failed,247970.21,CHF,APAC,CP0328,SWAP,TDR0024,BOOK_C,2026-04-05
TXN0007170525,APP001,2025-02-17,settled,647366.33,CHF,EMEA,CP0397,FX,TDR0135,BOOK_D,2026-03-18
TXN0004107511,APP015,2026-03-20,settled,959441.0,JPY,EMEA,CP0296,BOND,TDR0133,BOOK_D,2025-12-18
TXN0003106237,APP016,2025-04-02,pending,107099.74,USD,EMEA,CP0258,BOND,TDR0162,BOOK_A,2026-01-05
TXN0008147760,APP014,2025-08-09,settled,413826.69,JPY,EMEA,CP0498,SWAP,TDR0136,BOOK_A,2025-10-28
TXN0005019225,APP015,2026-02-16,failed,5992.38,EUR,LATAM,CP0456,FUTURE,TDR0132,BOOK_B,2025-04-25
TXN0005789449,APP017,2025-12-06,active,274787.09,JPY,APAC,CP0125,FUTURE,TDR0189,BOOK_C,2025-10-27
TXN0009757393,APP016,2025-06-02,failed,124801.46,USD,APAC,CP0286,FX,TDR0161,BOOK_D,2025-08-01
TXN0009783350,APP003,2026-02-12,settled,419910.84,CHF,AMER,CP0465,FX,TDR0082,BOOK_A,2025-12-29
TXN0008618403,APP001,2025-08-21,failed,882866.94,CHF,LATAM,CP0480,FX,TDR0189,BOOK_C,2025-06-20
TXN0009878263,APP014,2026-03-25,active,61413.21,EUR,EMEA,CP0187,EQUITY,TDR0019,BOOK_D,2025-04-13
TXN0001707460,APP008,2025-05-14,failed,64820.0,USD,AMER,CP0250,FX,TDR0148,BOOK_B,2026-02-20
TXN0005619045,APP012,2025-05-27,settled,4131.96,USD,LATAM,CP0005,FX,TDR0048,BOOK_D,2025-08-21
TXN0001571943,APP015,2025-09-05,active,344575.97,AUD,AMER,CP0158,FX,TDR0129,BOOK_A,2025-10-29
TXN0006393676,APP019,2025-03-15,settled,711200.19,GBP,APAC,CP0231,SWAP,TDR0127,BOOK_A,2025-01-24
TXN0002911814,APP002,2026-02-23,pending,294524.73,AUD,APAC,CP0127,FX,TDR0166,BOOK_D,2025-05-11
TXN0004600849,APP006,2026-01-10,failed,177226.44,JPY,LATAM,CP0154,EQUITY,TDR0048,BOOK_B,2025-09-06
TXN0001664876,APP004,2025-05-05,active,780720.23,USD,APAC,CP0493,FUTURE,TDR0052,BOOK_A,2025-10-29
TXN0009538298,APP014,2025-12-18,failed,202015.21,AUD,EMEA,CP0427,OPTION,TDR0051,BOOK_B,2025-06-30
TXN0009916196,APP016,2025-08-16,pending,47651.88,AUD,EMEA,CP0033,SWAP,TDR0082,BOOK_D,2026-03-22
TXN0008763024,APP003,2025-10-18,settled,781677.23,EUR,AMER,CP0133,BOND,TDR0172,BOOK_D,2025-06-12
TXN0001579289,APP014,2025-06-25,failed,873265.46,EUR,AMER,CP0238,FUTURE,TDR0138,BOOK_B,2025-12-23
TXN0004800001,APP019,2025-08-25,reversed,768825.71,JPY,APAC,CP0354,EQUITY,TDR0107,BOOK_A,2025-09-25
TXN0004154196,APP008,2025-02-08,settled,455286.5,EUR,LATAM,CP0424,SWAP,TDR0010,BOOK_C,2025-01-26
TXN0009683160,APP010,2025-06-04,failed,892227.82,USD,LATAM,CP0454,EQUITY,TDR0076,BOOK_D,2025-10-12
TXN0006099975,APP008,2025-05-11,active,658108.58,EUR,APAC,CP0149,OPTION,TDR0023,BOOK_C,2025-02-01
TXN0007462961,APP012,2025-04-20,reversed,488586.94,CHF,EMEA,CP0182,FUTURE,TDR0098,BOOK_B,2026-03-24
TXN0003021998,APP003,2025-09-26,reversed,296866.75,USD,APAC,CP0325,FUTURE,TDR0148,BOOK_C,2025-07-17
TXN0007677618,APP011,2025-02-05,active,507336.56,USD,EMEA,CP0487,BOND,TDR0022,BOOK_B,2025-01-18
TXN0000466636,APP011,2025-02-20,failed,968252.94,USD,LATAM,CP0116,FUTURE,TDR0111,BOOK_A,2025-01-07
TXN0001718138,APP010,2026-02-09,reversed,646745.69,AUD,AMER,CP0212,EQUITY,TDR0147,BOOK_A,2025-03-28
TXN0002601860,APP011,2026-03-20,reversed,946348.1,AUD,AMER,CP0036,FX,TDR0117,BOOK_A,2025-10-21
TXN0000404752,APP016,2025-02-09,active,828826.87,JPY,AMER,CP0110,SWAP,TDR0062,BOOK_C,2026-03-14
TXN0009470052,APP019,2025-05-06,reversed,357876.95,JPY,APAC,CP0084,SWAP,TDR0137,BOOK_A,2025-06-18
TXN0002910764,APP009,2025-05-24,reversed,346264.11,CHF,APAC,CP0171,FUTURE,TDR0152,BOOK_B,2025-10-31
TXN0008687153,APP013,2025-07-14,pending,487267.3,JPY,LATAM,CP0179,OPTION,TDR0130,BOOK_A,2025-04-04
TXN0008852982,APP019,2025-01-08,reversed,798883.13,GBP,AMER,CP0357,BOND,TDR0127,BOOK_D,2025-04-17
TXN0008815569,APP017,2025-08-14,reversed,290515.8,CHF,EMEA,CP0481,FX,TDR0063,BOOK_C,2025-09-06
TXN0008350503,APP013,2025-12-04,settled,193172.43,USD,APAC,CP0226,FUTURE,TDR0041,BOOK_B,2025-01-27
TXN0009993511,APP019,2025-03-24,failed,528782.35,USD,EMEA,CP0312,SWAP,TDR0050,BOOK_D,2026-02-25
TXN0001160517,APP014,2026-02-03,failed,792746.41,JPY,LATAM,CP0072,FUTURE,TDR0090,BOOK_A,2025-08-24
TXN0001982936,APP003,2025-10-03,active,974383.48,USD,AMER,CP0046,FUTURE,TDR0112,BOOK_D,2025-12-16
TXN0000594567,APP008,2025-02-23,reversed,129910.89,GBP,AMER,CP0329,EQUITY,TDR0015,BOOK_C,2025-02-13
TXN0000496862,APP007,2025-10-29,pending,499642.23,AUD,EMEA,CP0092,FUTURE,TDR0140,BOOK_A,2025-07-07
TXN0003599163,APP002,2025-12-20,settled,923093.4,AUD,EMEA,CP0328,BOND,TDR0061,BOOK_A,2026-04-03
TXN0004044645,APP020,2025-06-18,active,661270.99,EUR,EMEA,CP0213,OPTION,TDR0160,BOOK_A,2025-02-26
TXN0000704800,APP015,2026-04-12,failed,105311.22,EUR,APAC,CP0377,BOND,TDR0159,BOOK_B,2025-03-11
TXN0009671881,APP005,2025-05-07,failed,892693.99,AUD,EMEA,CP0366,EQUITY,TDR0120,BOOK_D,2025-05-10
TXN0005235828,APP009,2025-11-08,settled,222949.93,USD,APAC,CP0161,EQUITY,TDR0079,BOOK_C,2026-04-03
TXN0001390833,APP001,2025-07-21,active,357520.11,AUD,AMER,CP0334,FUTURE,TDR0041,BOOK_C,2025-11-21
TXN0008711493,APP011,2026-02-17,active,574417.72,USD,LATAM,CP0489,FUTURE,TDR0075,BOOK_D,2025-01-01
TXN0003407517,APP001,2025-04-20,failed,150808.04,EUR,APAC,CP0053,FX,TDR0019,BOOK_D,2025-02-13
TXN0004320468,APP015,2026-03-21,failed,226266.24,EUR,EMEA,CP0178,OPTION,TDR0044,BOOK_A,2025-06-13
TXN0006329115,APP019,2025-07-03,settled,881163.52,USD,EMEA,CP0473,SWAP,TDR0131,BOOK_B,2025-05-13
TXN0002211589,APP016,2025-10-09,active,921429.85,JPY,LATAM,CP0248,SWAP,TDR0024,BOOK_A,2025-10-05
TXN0002843668,APP018,2025-10-09,reversed,777179.02,JPY,AMER,CP0356,OPTION,TDR0091,BOOK_B,2025-12-26
TXN0008631968,APP013,2025-05-25,active,868478.85,USD,AMER,CP0223,EQUITY,TDR0022,BOOK_B,2025-07-16
TXN0007569831,APP009,2025-06-05,settled,928403.19,USD,AMER,CP0272,EQUITY,TDR0161,BOOK_D,2025-06-08
TXN0002704581,APP015,2025-04-20,pending,139049.1,CHF,APAC,CP0252,FUTURE,TDR0004,BOOK_C,2025-10-31
TXN0004759549,APP017,2025-06-23,settled,862910.52,AUD,AMER,CP0300,EQUITY,TDR0166,BOOK_A,2025-03-08
TXN0009108952,APP017,2025-10-10,pending,153447.13,GBP,LATAM,CP0184,EQUITY,TDR0156,BOOK_C,2025-12-03
TXN0001384437,APP020,2025-11-18,reversed,623395.24,USD,AMER,CP0286,EQUITY,TDR0144,BOOK_A,2025-02-09
TXN0007450274,APP006,2025-01-08,failed,550709.48,USD,AMER,CP0240,FUTURE,TDR0011,BOOK_B,2026-03-04
TXN0003756221,APP017,2026-02-08,reversed,412755.64,CHF,APAC,CP0134,BOND,TDR0091,BOOK_D,2026-02-24
TXN0008628176,APP008,2025-10-12,pending,764039.63,EUR,AMER,CP0420,FUTURE,TDR0051,BOOK_C,2025-07-23
TXN0005126770,APP001,2025-05-05,failed,783774.8,GBP,LATAM,CP0041,SWAP,TDR0133,BOOK_C,2025-01-19
TXN0009584770,APP013,2025-11-21,reversed,857007.63,CHF,EMEA,CP0494,OPTION,TDR0088,BOOK_B,2026-02-01
TXN0008551392,APP005,2025-02-14,pending,809919.91,GBP,AMER,CP0331,BOND,TDR0132,BOOK_D,2025-03-01
TXN0008149521,APP019,2025-08-13,settled,662056.48,GBP,AMER,CP0356,OPTION,TDR0077,BOOK_C,2026-04-14
TXN0006451759,APP008,2025-07-14,active,722495.12,USD,LATAM,CP0124,BOND,TDR0149,BOOK_A,2025-05-02
TXN0000471365,APP006,2026-01-09,reversed,569191.45,JPY,LATAM,CP0477,EQUITY,TDR0181,BOOK_C,2025-09-14
TXN0005348655,APP002,2026-03-28,pending,654634.94,AUD,AMER,CP0103,FUTURE,TDR0125,BOOK_D,2025-09-18
TXN0006897095,APP018,2026-03-03,pending,457969.02,JPY,LATAM,CP0483,BOND,TDR0063,BOOK_C,2026-04-14
TXN0002576190,APP012,2025-05-24,active,998004.06,JPY,LATAM,CP0199,FX,TDR0084,BOOK_C,2025-12-22
TXN0002301511,APP001,2025-01-17,reversed,715635.7,USD,LATAM,CP0164,OPTION,TDR0027,BOOK_C,2026-03-04
TXN0004759308,APP010,2025-02-14,pending,147052.0,JPY,LATAM,CP0334,FX,TDR0065,BOOK_B,2025-06-09
TXN0008981234,APP004,2026-03-09,settled,996613.01,GBP,LATAM,CP0025,EQUITY,TDR0052,BOOK_D,2026-03-21
TXN0007341717,APP017,2025-10-11,failed,215214.05,JPY,LATAM,CP0153,BOND,TDR0099,BOOK_B,2025-12-30
TXN0007202206,APP015,2025-02-07,settled,837091.66,GBP,EMEA,CP0170,SWAP,TDR0082,BOOK_A,2025-01-12
TXN0005498583,APP011,2026-03-14,failed,516200.32,GBP,EMEA,CP0121,FX,TDR0097,BOOK_C,2025-01-20
TXN0006626230,APP011,2025-09-14,failed,969585.71,EUR,APAC,CP0001,FX,TDR0084,BOOK_B,2025-05-29
TXN0003326029,APP011,2025-11-11,pending,109915.91,USD,AMER,CP0467,SWAP,TDR0062,BOOK_D,2025-06-06
TXN0009370372,APP017,2025-10-08,pending,109954.77,AUD,EMEA,CP0353,BOND,TDR0192,BOOK_A,2026-02-28
TXN0005042848,APP008,2026-01-19,active,489122.65,CHF,APAC,CP0401,FUTURE,TDR0105,BOOK_D,2025-12-26
TXN0008785246,APP015,2025-05-24,failed,75968.49,GBP,EMEA,CP0443,BOND,TDR0047,BOOK_A,2025-07-01
TXN0004130101,APP015,2025-08-30,active,107718.12,USD,AMER,CP0186,EQUITY,TDR0163,BOOK_D,2026-01-06
TXN0000531167,APP007,2025-06-28,failed,324583.76,JPY,APAC,CP0343,BOND,TDR0072,BOOK_A,2026-01-26
TXN0002815229,APP007,2025-07-02,pending,13108.43,USD,AMER,CP0217,FX,TDR0102,BOOK_B,2025-02-15
TXN0009949254,APP002,2025-03-27,failed,677562.44,EUR,LATAM,CP0082,FUTURE,TDR0124,BOOK_C,2026-01-13
TXN0008051784,APP002,2026-03-09,active,459771.61,CHF,EMEA,CP0234,EQUITY,TDR0062,BOOK_D,2026-01-07
TXN0004662300,APP017,2025-03-13,pending,34458.46,CHF,LATAM,CP0389,BOND,TDR0059,BOOK_C,2025-02-27
TXN0000026440,APP002,2025-06-21,reversed,129324.88,EUR,APAC,CP0069,OPTION,TDR0163,BOOK_B,2025-03-16
TXN0000457568,APP005,2026-02-01,active,546470.64,EUR,EMEA,CP0010,FX,TDR0135,BOOK_B,2025-09-12
TXN0005786182,APP003,2025-01-17,failed,40733.35,JPY,APAC,CP0227,SWAP,TDR0193,BOOK_B,2025-12-28
TXN0005192194,APP009,2026-02-18,failed,332552.72,EUR,LATAM,CP0046,FX,TDR0066,BOOK_C,2025-11-21
TXN0000074412,APP010,2025-10-25,settled,744317.46,EUR,AMER,CP0392,FX,TDR0147,BOOK_C,2025-10-29
TXN0003247734,APP011,2025-06-07,settled,639960.44,JPY,LATAM,CP0446,EQUITY,TDR0071,BOOK_A,2025-12-20
TXN0006867526,APP020,2026-01-13,failed,980991.54,USD,EMEA,CP0135,EQUITY,TDR0122,BOOK_A,2025-06-09
TXN0002200033,APP008,2026-03-16,pending,163950.15,GBP,EMEA,CP0137,BOND,TDR0006,BOOK_B,2025-08-19
TXN0003413112,APP016,2026-01-27,reversed,992963.71,AUD,LATAM,CP0328,FX,TDR0047,BOOK_A,2026-01-13
TXN0001051586,APP004,2026-03-27,settled,41750.1,CHF,EMEA,CP0447,EQUITY,TDR0102,BOOK_A,2025-04-23
TXN0008745394,APP015,2025-10-15,failed,662385.49,EUR,LATAM,CP0206,FUTURE,TDR0057,BOOK_A,2025-07-11
TXN0009251667,APP014,2025-10-02,settled,182126.59,USD,EMEA,CP0280,FUTURE,TDR0044,BOOK_B,2025-04-17
TXN0002134200,APP014,2026-02-19,active,486629.9,GBP,APAC,CP0380,BOND,TDR0152,BOOK_A,2025-11-28
TXN0001753334,APP007,2025-10-15,reversed,864679.63,AUD,LATAM,CP0499,EQUITY,TDR0059,BOOK_A,2025-03-10
TXN0004666661,APP008,2025-08-15,settled,279820.89,AUD,LATAM,CP0102,SWAP,TDR0198,BOOK_C,2026-01-28
TXN0000862567,APP011,2025-03-26,pending,322899.43,GBP,AMER,CP0436,OPTION,TDR0116,BOOK_A,2025-06-07
TXN0006235681,APP017,2026-04-05,reversed,237357.99,EUR,AMER,CP0316,BOND,TDR0127,BOOK_C,2026-03-24
TXN0008959811,APP001,2025-01-26,reversed,440294.71,CHF,EMEA,CP0457,FUTURE,TDR0124,BOOK_D,2026-04-11
TXN0002990647,APP018,2025-05-30,failed,336794.36,USD,AMER,CP0005,FUTURE,TDR0002,BOOK_C,2025-05-22
TXN0001897952,APP002,2025-05-15,reversed,545690.46,CHF,EMEA,CP0469,FX,TDR0098,BOOK_D,2025-11-15
TXN0002333698,APP016,2025-10-23,pending,747638.14,EUR,APAC,CP0237,BOND,TDR0172,BOOK_B,2025-02-07
TXN0003342036,APP017,2025-07-23,reversed,175261.71,JPY,EMEA,CP0026,SWAP,TDR0083,BOOK_A,2025-11-22
TXN0004188018,APP020,2025-02-25,reversed,429560.11,GBP,LATAM,CP0297,BOND,TDR0141,BOOK_B,2025-05-16
TXN0008152983,APP001,2025-05-22,active,526742.53,CHF,AMER,CP0115,FX,TDR0179,BOOK_D,2026-01-31
TXN0008922052,APP003,2025-11-09,active,964520.9,EUR,AMER,CP0353,FX,TDR0101,BOOK_C,2026-01-29
TXN0001777829,APP010,2025-12-03,active,978697.79,AUD,LATAM,CP0425,EQUITY,TDR0035,BOOK_B,2025-05-03
TXN0005546461,APP013,2026-03-07,reversed,955620.81,CHF,LATAM,CP0324,EQUITY,TDR0110,BOOK_C,2025-11-27
TXN0005278223,APP018,2025-10-08,failed,891519.42,USD,APAC,CP0499,BOND,TDR0091,BOOK_B,2025-03-02
TXN0001066612,APP007,2025-10-16,pending,835701.84,USD,AMER,CP0401,BOND,TDR0020,BOOK_D,2026-02-04
TXN0001169081,APP003,2026-02-13,active,454081.49,USD,AMER,CP0176,BOND,TDR0103,BOOK_B,2025-04-15
TXN0004710094,APP014,2026-02-13,failed,213746.95,USD,APAC,CP0344,FUTURE,TDR0048,BOOK_C,2025-07-04
TXN0009886841,APP009,2025-06-02,active,346262.77,GBP,APAC,CP0259,FUTURE,TDR0169,BOOK_C,2025-04-07
TXN0003645034,APP015,2025-11-12,settled,576295.45,EUR,AMER,CP0143,BOND,TDR0070,BOOK_B,2025-09-25
TXN0006451012,APP010,2026-01-31,reversed,762567.26,USD,LATAM,CP0280,FUTURE,TDR0013,BOOK_B,2025-06-29
TXN0006916891,APP009,2025-08-16,reversed,922590.54,AUD,EMEA,CP0448,BOND,TDR0150,BOOK_D,2026-03-31
TXN0004779518,APP008,2026-01-22,reversed,200005.62,CHF,APAC,CP0396,EQUITY,TDR0172,BOOK_A,2025-05-15
TXN0001985745,APP011,2025-04-20,failed,384174.81,JPY,EMEA,CP0314,FX,TDR0001,BOOK_C,2026-02-06
TXN0007873264,APP007,2025-04-13,settled,856772.73,AUD,LATAM,CP0067,FX,TDR0177,BOOK_C,2025-11-23
TXN0003393549,APP003,2026-02-26,reversed,155013.41,GBP,EMEA,CP0292,SWAP,TDR0135,BOOK_D,2025-09-27
TXN0001805656,APP012,2025-05-05,active,639866.81,GBP,EMEA,CP0007,FX,TDR0183,BOOK_B,2025-12-25
TXN0005726578,APP019,2026-01-31,settled,108703.06,CHF,EMEA,CP0213,SWAP,TDR0036,BOOK_D,2025-11-28
TXN0002822893,APP019,2025-08-24,reversed,621895.56,AUD,EMEA,CP0102,FUTURE,TDR0167,BOOK_B,2026-01-04
TXN0001619226,APP004,2025-10-30,reversed,903214.84,AUD,APAC,CP0405,BOND,TDR0145,BOOK_C,2026-03-16
TXN0009222751,APP002,2025-10-24,active,905239.81,USD,EMEA,CP0288,FX,TDR0131,BOOK_A,2025-09-01
TXN0009179157,APP013,2025-04-20,failed,118417.49,USD,LATAM,CP0121,FX,TDR0112,BOOK_A,2025-08-21
TXN0003918724,APP008,2026-03-21,active,21678.47,JPY,EMEA,CP0151,OPTION,TDR0094,BOOK_A,2026-02-21
TXN0005026485,APP007,2025-10-13,reversed,801852.34,EUR,LATAM,CP0224,FX,TDR0193,BOOK_C,2026-02-03
TXN0001741401,APP018,2025-07-05,pending,939499.86,AUD,APAC,CP0369,SWAP,TDR0155,BOOK_A,2025-04-27
TXN0002129820,APP017,2025-08-07,failed,339367.83,GBP,LATAM,CP0143,EQUITY,TDR0078,BOOK_B,2025-10-04
TXN0001232977,APP017,2025-06-17,pending,774879.99,EUR,LATAM,CP0364,OPTION,TDR0105,BOOK_D,2025-08-11
TXN0002794337,APP003,2026-01-11,settled,131894.83,EUR,AMER,CP0050,OPTION,TDR0010,BOOK_D,2025-09-15
TXN0000255013,APP010,2025-09-25,settled,487661.16,CHF,EMEA,CP0350,BOND,TDR0177,BOOK_C,2025-02-21
TXN0003152595,APP005,2025-07-17,active,725521.61,EUR,AMER,CP0493,SWAP,TDR0180,BOOK_D,2026-04-14
TXN0008349708,APP005,2025-06-08,failed,845651.46,USD,EMEA,CP0120,BOND,TDR0183,BOOK_C,2025-02-08
TXN0009127752,APP005,2025-08-07,settled,409100.32,JPY,LATAM,CP0400,BOND,TDR0008,BOOK_A,2025-12-18
TXN0008125679,APP008,2026-03-26,failed,492829.64,EUR,APAC,CP0199,OPTION,TDR0129,BOOK_D,2025-06-06
TXN0005187147,APP005,2025-01-02,settled,804759.52,JPY,LATAM,CP0040,SWAP,TDR0042,BOOK_B,2026-03-28
TXN0007259774,APP006,2025-06-24,failed,329201.72,EUR,LATAM,CP0130,OPTION,TDR0051,BOOK_A,2026-02-23
TXN0006139751,APP005,2025-08-18,settled,861387.37,JPY,AMER,CP0351,OPTION,TDR0141,BOOK_C,2026-02-04
TXN0005361452,APP001,2025-07-05,pending,725149.59,AUD,LATAM,CP0116,SWAP,TDR0137,BOOK_D,2026-04-10
TXN0005398323,APP015,2025-06-18,active,884587.71,EUR,APAC,CP0421,EQUITY,TDR0193,BOOK_C,2025-05-21
TXN0000241365,APP004,2025-01-05,failed,359181.33,JPY,APAC,CP0451,FUTURE,TDR0172,BOOK_D,2025-04-23
TXN0006504426,APP017,2025-04-22,reversed,208290.89,GBP,LATAM,CP0259,SWAP,TDR0070,BOOK_C,2025-06-23
TXN0001399579,APP018,2025-06-19,reversed,544000.75,EUR,EMEA,CP0495,EQUITY,TDR0187,BOOK_B,2025-01-16
TXN0002640069,APP015,2025-03-11,reversed,810692.91,USD,AMER,CP0028,EQUITY,TDR0163,BOOK_A,2026-02-12
TXN0002519162,APP008,2025-07-05,pending,350685.82,GBP,APAC,CP0283,EQUITY,TDR0113,BOOK_C,2025-09-01
TXN0007615768,APP007,2025-03-01,active,413455.77,GBP,LATAM,CP0438,SWAP,TDR0024,BOOK_A,2026-03-16
TXN0001928698,APP005,2025-09-18,failed,542296.47,USD,APAC,CP0220,EQUITY,TDR0176,BOOK_B,2025-06-12
TXN0009260752,APP014,2025-10-24,pending,122444.05,JPY,AMER,CP0265,SWAP,TDR0021,BOOK_A,2026-04-03
TXN0003400098,APP001,2025-07-18,pending,438902.78,JPY,EMEA,CP0458,EQUITY,TDR0186,BOOK_D,2025-02-22
TXN0004989621,APP018,2025-08-14,active,632677.62,EUR,APAC,CP0020,FUTURE,TDR0097,BOOK_D,2025-06-19
TXN0001388704,APP008,2025-01-04,failed,777296.08,EUR,AMER,CP0398,EQUITY,TDR0064,BOOK_B,2025-02-03
TXN0001808276,APP011,2025-09-05,pending,789485.2,JPY,AMER,CP0054,FUTURE,TDR0190,BOOK_B,2025-01-27
TXN0005517060,APP005,2025-01-13,failed,436411.8,JPY,EMEA,CP0500,OPTION,TDR0024,BOOK_A,2025-08-15
TXN0005451351,APP019,2026-03-28,settled,161917.08,USD,EMEA,CP0208,OPTION,TDR0085,BOOK_B,2025-10-01
TXN0002246054,APP020,2025-11-27,settled,798771.84,EUR,EMEA,CP0173,FX,TDR0174,BOOK_D,2025-01-27
TXN0007875034,APP007,2025-10-27,settled,728093.37,USD,APAC,CP0139,FX,TDR0157,BOOK_C,2025-11-13
TXN0003695400,APP007,2026-03-26,active,945747.06,USD,LATAM,CP0455,OPTION,TDR0094,BOOK_B,2025-09-22
TXN0005851454,APP005,2025-03-07,settled,604123.97,GBP,APAC,CP0102,SWAP,TDR0053,BOOK_A,2025-08-19
TXN0004102109,APP014,2025-06-23,active,603922.26,JPY,APAC,CP0386,BOND,TDR0066,BOOK_B,2026-02-25
TXN0001417799,APP009,2026-02-23,settled,768400.58,CHF,LATAM,CP0414,OPTION,TDR0129,BOOK_B,2026-03-20
TXN0002688749,APP017,2025-01-06,failed,500448.55,AUD,AMER,CP0335,BOND,TDR0004,BOOK_D,2025-11-22
TXN0001872299,APP017,2025-08-11,settled,793308.61,EUR,AMER,CP0255,FUTURE,TDR0097,BOOK_B,2026-02-16
TXN0000867893,APP018,2025-03-15,failed,58755.2,EUR,AMER,CP0483,FUTURE,TDR0148,BOOK_C,2025-01-14
TXN0006110619,APP018,2025-08-31,reversed,383235.21,JPY,APAC,CP0222,SWAP,TDR0011,BOOK_D,2026-01-26
TXN0005712295,APP006,2025-06-06,pending,540246.09,JPY,APAC,CP0152,SWAP,TDR0097,BOOK_A,2025-12-15
TXN0007293229,APP020,2025-02-01,settled,371513.41,CHF,AMER,CP0398,SWAP,TDR0143,BOOK_C,2025-11-11
TXN0008342653,APP013,2026-01-15,active,834173.12,CHF,EMEA,CP0005,FX,TDR0113,BOOK_D,2026-01-02
TXN0001629465,APP004,2025-11-13,active,944746.98,GBP,APAC,CP0223,EQUITY,TDR0152,BOOK_A,2026-03-19
TXN0000960799,APP010,2025-11-02,reversed,154534.63,USD,LATAM,CP0374,SWAP,TDR0037,BOOK_B,2026-01-23
TXN0000395985,APP018,2026-03-08,pending,126342.45,CHF,EMEA,CP0140,OPTION,TDR0057,BOOK_A,2026-01-18
TXN0007859437,APP010,2025-04-17,reversed,187704.67,EUR,LATAM,CP0089,FX,TDR0126,BOOK_D,2026-03-20
TXN0003360764,APP004,2025-12-23,failed,504215.24,AUD,APAC,CP0161,OPTION,TDR0096,BOOK_A,2025-04-15
TXN0001216832,APP017,2026-02-10,failed,558610.23,GBP,EMEA,CP0488,FX,TDR0152,BOOK_C,2026-01-30
TXN0000871769,APP009,2025-04-08,settled,302007.18,AUD,APAC,CP0225,FX,TDR0014,BOOK_B,2025-10-06
TXN0007945917,APP020,2025-05-17,pending,372993.67,CHF,AMER,CP0061,SWAP,TDR0129,BOOK_D,2025-09-08
TXN0007122943,APP012,2025-06-02,active,922582.22,EUR,LATAM,CP0068,FUTURE,TDR0014,BOOK_A,2025-05-31
TXN0001069952,APP020,2025-07-10,reversed,649681.37,EUR,LATAM,CP0211,BOND,TDR0065,BOOK_D,2025-01-21
TXN0009270048,APP002,2025-05-19,failed,157338.66,CHF,AMER,CP0188,SWAP,TDR0081,BOOK_B,2026-04-14
TXN0007225898,APP003,2025-08-11,active,114340.58,EUR,APAC,CP0442,BOND,TDR0032,BOOK_A,2025-02-16
TXN0001554245,APP014,2025-12-19,settled,237519.73,AUD,EMEA,CP0345,OPTION,TDR0194,BOOK_A,2026-01-19
TXN0005625921,APP015,2025-09-09,pending,60419.14,USD,APAC,CP0013,SWAP,TDR0170,BOOK_B,2025-05-06
TXN0004760451,APP016,2025-01-28,active,945438.06,JPY,AMER,CP0366,OPTION,TDR0066,BOOK_C,2025-04-22
TXN0008930042,APP003,2025-07-26,failed,671680.57,AUD,LATAM,CP0061,FUTURE,TDR0146,BOOK_D,2026-03-22
TXN0004260200,APP014,2025-04-20,failed,106921.25,AUD,EMEA,CP0045,OPTION,TDR0177,BOOK_C,2025-09-06
TXN0009613674,APP015,2025-04-12,settled,452186.7,GBP,APAC,CP0335,OPTION,TDR0109,BOOK_B,2026-02-09
TXN0000453871,APP003,2025-10-04,pending,750022.44,USD,AMER,CP0469,OPTION,TDR0151,BOOK_D,2026-03-09
TXN0002228112,APP017,2025-12-05,failed,763301.92,AUD,APAC,CP0243,EQUITY,TDR0107,BOOK_A,2026-01-16
TXN0008313481,APP015,2025-02-15,settled,293338.21,EUR,LATAM,CP0359,FX,TDR0073,BOOK_A,2025-07-07
TXN0000864222,APP004,2025-04-09,active,152769.41,USD,EMEA,CP0319,BOND,TDR0064,BOOK_B,2026-03-16
TXN0007617785,APP012,2025-05-03,active,544653.4,USD,EMEA,CP0365,FUTURE,TDR0164,BOOK_B,2026-02-12
TXN0003437722,APP017,2025-09-20,reversed,696453.1,AUD,EMEA,CP0159,FX,TDR0193,BOOK_B,2026-01-03
TXN0002816688,APP014,2025-01-14,pending,619061.83,AUD,LATAM,CP0464,BOND,TDR0122,BOOK_D,2025-08-11
TXN0006147287,APP004,2025-02-17,settled,684746.84,GBP,AMER,CP0298,EQUITY,TDR0030,BOOK_C,2026-02-10
TXN0009907631,APP006,2025-04-23,active,359892.34,GBP,APAC,CP0415,FX,TDR0163,BOOK_C,2025-02-28
TXN0004430803,APP014,2026-01-17,failed,8565.68,AUD,AMER,CP0318,EQUITY,TDR0102,BOOK_C,2026-02-13
TXN0001562956,APP020,2026-01-10,active,964785.93,GBP,LATAM,CP0284,SWAP,TDR0055,BOOK_B,2026-03-16
TXN0000334298,APP003,2025-03-18,failed,27407.2,AUD,AMER,CP0480,SWAP,TDR0064,BOOK_D,2025-04-28
TXN0005140395,APP005,2026-02-22,reversed,744748.14,AUD,LATAM,CP0109,FX,TDR0183,BOOK_A,2025-08-24
TXN0006330323,APP006,2025-08-13,settled,374792.11,CHF,AMER,CP0282,BOND,TDR0131,BOOK_B,2025-02-12
TXN0008523029,APP005,2025-10-02,active,236830.51,JPY,AMER,CP0051,SWAP,TDR0101,BOOK_B,2025-08-15
TXN0002921955,APP012,2026-01-01,settled,144197.78,AUD,APAC,CP0087,FX,TDR0065,BOOK_C,2025-02-14
TXN0001838582,APP005,2025-05-09,active,979215.36,CHF,LATAM,CP0354,OPTION,TDR0151,BOOK_C,2025-01-09
TXN0004619019,APP001,2025-09-06,failed,497286.96,GBP,APAC,CP0332,OPTION,TDR0043,BOOK_A,2025-01-14
TXN0009870623,APP020,2025-08-08,settled,472249.33,AUD,LATAM,CP0470,SWAP,TDR0021,BOOK_A,2026-01-12
TXN0009182844,APP010,2025-06-24,failed,673580.53,USD,AMER,CP0339,EQUITY,TDR0165,BOOK_B,2025-01-06
TXN0002319023,APP012,2026-03-08,pending,761623.33,GBP,AMER,CP0258,FUTURE,TDR0121,BOOK_D,2025-06-29
TXN0008935437,APP008,2025-10-04,settled,421278.98,USD,APAC,CP0213,FX,TDR0083,BOOK_A,2026-01-14
TXN0004410810,APP012,2025-01-29,settled,677032.92,GBP,AMER,CP0354,FUTURE,TDR0092,BOOK_B,2026-02-10
TXN0007788355,APP019,2025-04-25,failed,300622.41,CHF,LATAM,CP0244,FUTURE,TDR0094,BOOK_C,2025-05-11
TXN0002776093,APP001,2025-06-20,reversed,586616.47,AUD,APAC,CP0119,OPTION,TDR0163,BOOK_B,2025-09-30
TXN0001354515,APP006,2025-11-16,active,889584.27,GBP,AMER,CP0357,OPTION,TDR0160,BOOK_D,2026-01-20
TXN0001160642,APP001,2025-09-11,settled,564382.76,GBP,APAC,CP0231,OPTION,TDR0020,BOOK_B,2025-07-01
TXN0008988006,APP007,2025-09-02,active,658642.78,USD,APAC,CP0058,BOND,TDR0052,BOOK_C,2025-07-22
TXN0004469171,APP017,2025-10-17,failed,429711.19,AUD,APAC,CP0364,EQUITY,TDR0133,BOOK_A,2025-08-01
TXN0006318324,APP010,2025-07-03,settled,577362.43,GBP,APAC,CP0288,BOND,TDR0180,BOOK_B,2026-03-01
TXN0007466111,APP014,2025-12-08,pending,683752.88,AUD,AMER,CP0438,BOND,TDR0037,BOOK_D,2026-04-03
TXN0003619517,APP013,2026-01-11,failed,733890.48,GBP,EMEA,CP0315,BOND,TDR0151,BOOK_C,2025-05-18
TXN0000723472,APP018,2025-07-29,settled,473506.62,JPY,APAC,CP0042,EQUITY,TDR0109,BOOK_B,2025-09-21
TXN0000758061,APP010,2025-04-24,failed,162048.68,USD,AMER,CP0251,OPTION,TDR0156,BOOK_D,2025-02-27
TXN0001025144,APP006,2025-06-27,failed,752542.83,GBP,LATAM,CP0296,FUTURE,TDR0127,BOOK_A,2026-03-19
TXN0007060109,APP007,2026-04-03,settled,612699.46,AUD,AMER,CP0115,OPTION,TDR0024,BOOK_B,2025-04-09
TXN0009028170,APP016,2026-03-04,reversed,965987.74,CHF,AMER,CP0327,OPTION,TDR0001,BOOK_A,2025-01-03
TXN0001539088,APP010,2026-01-26,settled,861036.08,AUD,LATAM,CP0430,FX,TDR0102,BOOK_C,2025-01-06
TXN0004964968,APP007,2025-03-21,failed,176163.63,USD,AMER,CP0014,FUTURE,TDR0034,BOOK_C,2026-02-13
TXN0007466069,APP008,2025-03-01,active,288685.42,CHF,AMER,CP0349,EQUITY,TDR0130,BOOK_D,2025-06-09
TXN0009932652,APP013,2025-03-14,failed,932515.61,GBP,LATAM,CP0172,SWAP,TDR0103,BOOK_B,2025-10-12
TXN0004201712,APP020,2025-06-19,pending,6009.95,AUD,APAC,CP0102,FX,TDR0192,BOOK_A,2025-08-07
TXN0009418106,APP003,2025-05-18,failed,595482.74,AUD,AMER,CP0446,SWAP,TDR0054,BOOK_A,2025-02-22
TXN0006776051,APP005,2025-08-06,reversed,904813.92,CHF,AMER,CP0488,FUTURE,TDR0056,BOOK_C,2025-07-11
TXN0007509807,APP005,2025-08-31,settled,926066.11,AUD,AMER,CP0266,OPTION,TDR0126,BOOK_B,2026-02-07
TXN0008711947,APP019,2025-08-27,failed,433854.46,AUD,EMEA,CP0053,BOND,TDR0189,BOOK_A,2025-09-29
TXN0003019441,APP007,2025-12-11,active,995065.86,USD,APAC,CP0051,BOND,TDR0187,BOOK_D,2025-01-16
TXN0000647488,APP006,2025-02-06,active,76808.61,AUD,LATAM,CP0049,EQUITY,TDR0099,BOOK_B,2026-01-22
TXN0005990703,APP002,2025-05-29,pending,276994.09,CHF,EMEA,CP0444,SWAP,TDR0053,BOOK_A,2025-12-05
TXN0005799292,APP004,2025-07-01,active,567206.57,GBP,AMER,CP0095,OPTION,TDR0155,BOOK_A,2025-05-11
TXN0000121477,APP018,2026-02-15,failed,598114.5,USD,APAC,CP0162,SWAP,TDR0169,BOOK_C,2025-11-02
TXN0000222992,APP012,2025-08-26,active,816103.63,GBP,AMER,CP0317,OPTION,TDR0170,BOOK_C,2025-09-17
TXN0008237775,APP019,2025-07-22,active,21612.01,JPY,AMER,CP0449,EQUITY,TDR0163,BOOK_A,2025-06-26
TXN0001699490,APP003,2025-02-15,active,217187.34,JPY,EMEA,CP0427,FUTURE,TDR0130,BOOK_D,2025-01-21
TXN0001967363,APP009,2025-10-17,settled,630394.19,AUD,AMER,CP0369,BOND,TDR0068,BOOK_B,2025-08-04
TXN0006350770,APP006,2025-07-07,settled,959302.91,EUR,AMER,CP0289,FX,TDR0147,BOOK_C,2025-04-05
TXN0003696416,APP014,2025-01-15,pending,839578.62,USD,APAC,CP0160,EQUITY,TDR0023,BOOK_A,2025-06-22
TXN0004185658,APP011,2025-04-21,failed,269278.66,AUD,EMEA,CP0352,FX,TDR0121,BOOK_A,2025-03-21
TXN0001557972,APP002,2025-01-03,failed,166526.03,AUD,AMER,CP0215,EQUITY,TDR0073,BOOK_B,2025-06-30
TXN0000740783,APP016,2025-08-29,pending,251734.27,USD,AMER,CP0025,BOND,TDR0086,BOOK_B,2025-03-02
TXN0005243501,APP017,2025-02-02,active,168068.84,JPY,LATAM,CP0165,FUTURE,TDR0175,BOOK_D,2025-12-03
TXN0000143329,APP015,2025-04-04,failed,530956.41,EUR,LATAM,CP0111,BOND,TDR0021,BOOK_D,2025-04-27
TXN0007914856,APP004,2026-02-01,settled,704962.49,AUD,AMER,CP0303,BOND,TDR0045,BOOK_A,2026-04-03
TXN0001193172,APP020,2025-02-01,reversed,712070.08,EUR,APAC,CP0359,FX,TDR0123,BOOK_C,2025-08-17
TXN0005750529,APP016,2025-04-16,pending,347613.78,CHF,AMER,CP0186,BOND,TDR0051,BOOK_A,2026-04-06
TXN0007948512,APP012,2025-11-24,failed,178721.42,CHF,LATAM,CP0145,BOND,TDR0161,BOOK_D,2025-07-27
TXN0006942413,APP001,2026-01-22,reversed,707408.58,CHF,EMEA,CP0101,EQUITY,TDR0082,BOOK_A,2025-11-16
TXN0003501262,APP017,2025-12-26,failed,608238.9,CHF,LATAM,CP0035,EQUITY,TDR0154,BOOK_A,2026-04-10
TXN0001185269,APP006,2025-03-06,settled,946141.24,AUD,EMEA,CP0341,BOND,TDR0010,BOOK_B,2025-12-08
TXN0008145235,APP005,2025-10-17,settled,649957.87,JPY,APAC,CP0152,OPTION,TDR0153,BOOK_C,2025-02-26
TXN0003188531,APP012,2025-12-25,pending,150407.56,CHF,AMER,CP0014,SWAP,TDR0195,BOOK_D,2025-07-09
TXN0004090381,APP001,2025-05-08,failed,142133.82,GBP,EMEA,CP0207,FX,TDR0042,BOOK_B,2025-12-31
TXN0009814355,APP014,2025-04-01,settled,562890.02,GBP,EMEA,CP0181,FX,TDR0083,BOOK_C,2025-10-10
TXN0004575203,APP002,2025-12-22,settled,349865.81,JPY,EMEA,CP0020,EQUITY,TDR0153,BOOK_B,2025-01-04
TXN0000863000,APP011,2025-10-13,settled,533529.33,CHF,LATAM,CP0466,FX,TDR0082,BOOK_C,2025-08-15
TXN0008336745,APP020,2026-03-02,pending,639047.24,EUR,APAC,CP0414,FUTURE,TDR0019,BOOK_B,2026-03-23
TXN0002216867,APP001,2026-02-26,failed,965827.31,AUD,AMER,CP0108,SWAP,TDR0017,BOOK_D,2025-10-10
TXN0005016644,APP004,2025-09-30,settled,622025.22,EUR,LATAM,CP0071,EQUITY,TDR0045,BOOK_B,2026-01-25
TXN0000423533,APP009,2025-05-03,settled,654695.36,CHF,AMER,CP0336,SWAP,TDR0103,BOOK_A,2025-01-06
TXN0001980979,APP008,2025-09-26,reversed,793700.07,GBP,LATAM,CP0282,EQUITY,TDR0057,BOOK_B,2025-07-17
TXN0005210841,APP008,2026-02-23,active,959809.69,JPY,APAC,CP0314,FX,TDR0074,BOOK_D,2025-09-29
TXN0008991310,APP005,2025-07-30,active,970465.43,GBP,LATAM,CP0327,FX,TDR0075,BOOK_D,2026-01-23
TXN0002776988,APP001,2025-12-25,active,751991.64,USD,LATAM,CP0069,BOND,TDR0138,BOOK_B,2025-01-20
TXN0003287591,APP020,2025-12-14,settled,197856.84,GBP,EMEA,CP0391,EQUITY,TDR0178,BOOK_D,2025-09-23
TXN0009453433,APP013,2026-01-23,active,711619.62,GBP,APAC,CP0345,BOND,TDR0117,BOOK_D,2025-06-05
TXN0006472749,APP012,2025-04-20,settled,66773.41,AUD,EMEA,CP0236,BOND,TDR0177,BOOK_C,2025-07-18
TXN0007146789,APP008,2025-04-20,reversed,157204.41,GBP,APAC,CP0113,BOND,TDR0130,BOOK_C,2025-11-04
TXN0007885103,APP015,2025-08-29,active,84629.49,AUD,EMEA,CP0392,FUTURE,TDR0054,BOOK_D,2025-09-15
TXN0006877624,APP005,2025-11-10,settled,825039.41,USD,APAC,CP0477,EQUITY,TDR0121,BOOK_A,2026-02-07
TXN0009489735,APP018,2026-03-07,settled,67304.66,USD,EMEA,CP0345,OPTION,TDR0189,BOOK_A,2026-03-10
TXN0008884022,APP010,2025-07-07,settled,137816.31,AUD,EMEA,CP0475,FUTURE,TDR0128,BOOK_B,2025-04-09
TXN0009953857,APP004,2026-03-17,reversed,483896.63,GBP,EMEA,CP0344,FUTURE,TDR0030,BOOK_C,2025-12-06
TXN0004261506,APP020,2025-10-23,failed,661109.95,AUD,LATAM,CP0363,FUTURE,TDR0097,BOOK_B,2025-11-12
TXN0009740940,APP010,2025-07-04,failed,517029.83,USD,LATAM,CP0215,FUTURE,TDR0158,BOOK_C,2025-04-19
TXN0002404063,APP007,2025-02-21,failed,646381.49,CHF,AMER,CP0178,FX,TDR0181,BOOK_B,2025-01-17
TXN0001358230,APP016,2026-02-17,active,413385.07,EUR,AMER,CP0281,FUTURE,TDR0130,BOOK_A,2026-02-23
TXN0005253666,APP019,2025-08-28,pending,533949.87,USD,AMER,CP0290,EQUITY,TDR0169,BOOK_A,2026-02-23
TXN0005321553,APP010,2026-04-14,failed,820408.47,CHF,APAC,CP0067,SWAP,TDR0071,BOOK_D,2025-11-23
TXN0004391011,APP018,2025-05-01,settled,690626.41,GBP,AMER,CP0466,EQUITY,TDR0150,BOOK_D,2026-04-03
TXN0000851224,APP006,2025-01-09,pending,293183.14,CHF,EMEA,CP0204,SWAP,TDR0038,BOOK_B,2025-04-27
TXN0008141134,APP020,2026-01-31,reversed,446400.45,USD,LATAM,CP0139,BOND,TDR0085,BOOK_D,2025-03-14
TXN0008707912,APP002,2025-12-21,reversed,203220.0,JPY,APAC,CP0489,BOND,TDR0071,BOOK_B,2025-02-05
TXN0005713921,APP016,2026-03-19,failed,231577.36,EUR,AMER,CP0257,OPTION,TDR0052,BOOK_D,2025-11-15
TXN0002359381,APP002,2025-12-15,settled,103427.58,AUD,LATAM,CP0443,FUTURE,TDR0099,BOOK_D,2025-09-06
TXN0008233694,APP017,2025-10-28,active,854242.91,JPY,EMEA,CP0192,EQUITY,TDR0084,BOOK_C,2026-01-12
TXN0006858656,APP011,2025-06-24,pending,48365.58,CHF,AMER,CP0121,SWAP,TDR0105,BOOK_C,2026-03-11
TXN0006443731,APP019,2026-01-25,pending,886944.75,GBP,EMEA,CP0338,OPTION,TDR0122,BOOK_A,2026-02-14
TXN0005712162,APP011,2026-01-07,reversed,138797.04,USD,AMER,CP0081,EQUITY,TDR0080,BOOK_B,2025-08-08
TXN0009558560,APP015,2025-02-05,failed,773926.09,USD,LATAM,CP0294,FX,TDR0019,BOOK_B,2025-05-24
TXN0000592972,APP011,2025-01-05,reversed,670851.78,CHF,EMEA,CP0233,FX,TDR0116,BOOK_A,2025-07-22
TXN0000002094,APP015,2026-01-23,reversed,322437.3,EUR,AMER,CP0362,OPTION,TDR0039,BOOK_A,2026-03-07
TXN0007225080,APP014,2026-02-02,failed,712827.73,AUD,LATAM,CP0227,EQUITY,TDR0179,BOOK_D,2025-09-11
TXN0008423551,APP006,2025-02-10,failed,468933.63,JPY,APAC,CP0360,FUTURE,TDR0115,BOOK_B,2026-01-23
TXN0001671311,APP012,2025-02-04,pending,110833.71,USD,APAC,CP0302,SWAP,TDR0034,BOOK_A,2025-02-16
TXN0006511426,APP005,2025-06-26,active,251118.92,AUD,APAC,CP0102,FX,TDR0146,BOOK_C,2026-02-12
TXN0006070650,APP011,2025-05-29,failed,46278.84,GBP,APAC,CP0056,FUTURE,TDR0050,BOOK_D,2025-12-25
TXN0005304469,APP020,2025-12-31,pending,70391.25,AUD,APAC,CP0333,SWAP,TDR0124,BOOK_A,2025-03-07
TXN0005561441,APP018,2025-01-12,active,103896.85,AUD,AMER,CP0330,OPTION,TDR0151,BOOK_C,2025-03-16
TXN0003159597,APP002,2025-03-30,reversed,491835.09,USD,APAC,CP0115,OPTION,TDR0026,BOOK_D,2025-05-18
TXN0008633232,APP002,2025-10-18,failed,116176.21,CHF,APAC,CP0479,SWAP,TDR0159,BOOK_C,2026-03-26
TXN0002578253,APP001,2026-01-07,active,763122.79,USD,AMER,CP0172,EQUITY,TDR0106,BOOK_C,2025-02-01
TXN0001280911,APP005,2025-11-27,reversed,848400.03,CHF,EMEA,CP0372,EQUITY,TDR0196,BOOK_C,2026-03-22
TXN0001456038,APP002,2025-11-30,pending,66452.04,USD,EMEA,CP0351,BOND,TDR0127,BOOK_A,2025-05-17
TXN0001674228,APP016,2026-04-12,pending,628688.11,GBP,LATAM,CP0216,BOND,TDR0172,BOOK_A,2025-07-03
TXN0009444932,APP019,2025-09-04,failed,166936.54,USD,APAC,CP0442,SWAP,TDR0144,BOOK_B,2025-01-10
TXN0003642531,APP014,2025-11-11,pending,423212.56,JPY,EMEA,CP0014,OPTION,TDR0078,BOOK_A,2025-08-08
TXN0000272128,APP016,2025-12-04,pending,548747.89,USD,EMEA,CP0156,SWAP,TDR0166,BOOK_C,2025-05-08
TXN0003383582,APP019,2025-05-16,failed,631813.65,JPY,AMER,CP0273,FUTURE,TDR0026,BOOK_D,2025-01-16
TXN0009511137,APP006,2026-02-11,pending,654628.51,AUD,APAC,CP0024,EQUITY,TDR0115,BOOK_C,2026-04-05
TXN0000244615,APP005,2026-03-20,active,587357.07,GBP,EMEA,CP0219,FX,TDR0101,BOOK_D,2025-12-20
TXN0005801962,APP005,2025-03-08,failed,352670.6,GBP,AMER,CP0459,FUTURE,TDR0187,BOOK_D,2026-02-11
TXN0008504593,APP020,2025-01-30,reversed,181091.14,JPY,AMER,CP0457,FX,TDR0179,BOOK_A,2025-04-11
TXN0006778271,APP009,2025-11-30,pending,137797.51,GBP,EMEA,CP0066,BOND,TDR0137,BOOK_C,2025-07-28
TXN0002846633,APP002,2026-02-17,failed,173060.21,JPY,EMEA,CP0439,FUTURE,TDR0169,BOOK_A,2025-12-23
TXN0005577119,APP015,2025-09-19,failed,329290.51,CHF,EMEA,CP0045,BOND,TDR0063,BOOK_A,2025-07-01
TXN0004318330,APP014,2026-03-11,settled,728999.35,AUD,EMEA,CP0450,OPTION,TDR0192,BOOK_A,2025-05-24
TXN0001380153,APP008,2026-04-03,failed,751561.88,USD,AMER,CP0347,BOND,TDR0091,BOOK_D,2025-05-31
TXN0007773758,APP015,2025-10-02,settled,493572.37,AUD,AMER,CP0326,FX,TDR0016,BOOK_B,2026-04-07
TXN0000043198,APP012,2025-05-07,reversed,145408.02,AUD,APAC,CP0104,FUTURE,TDR0058,BOOK_B,2025-08-24
TXN0000096720,APP013,2025-06-26,settled,795590.88,GBP,EMEA,CP0415,FUTURE,TDR0139,BOOK_B,2025-02-24
TXN0003992712,APP007,2025-03-24,settled,619820.54,CHF,APAC,CP0354,FUTURE,TDR0166,BOOK_D,2025-06-27
TXN0001401317,APP020,2025-01-22,failed,777018.39,USD,APAC,CP0487,FUTURE,TDR0076,BOOK_C,2025-10-30
TXN0008245949,APP009,2026-02-12,failed,515492.13,AUD,LATAM,CP0039,BOND,TDR0031,BOOK_C,2025-04-23
TXN0004302656,APP005,2025-04-08,reversed,479744.11,JPY,AMER,CP0431,BOND,TDR0087,BOOK_A,2025-01-06
TXN0003073154,APP013,2026-01-18,failed,842693.35,CHF,LATAM,CP0107,EQUITY,TDR0139,BOOK_B,2025-08-01
TXN0006063935,APP011,2025-02-06,failed,910344.51,AUD,EMEA,CP0361,SWAP,TDR0167,BOOK_B,2025-08-23
TXN0005803732,APP015,2026-02-20,active,547627.2,GBP,EMEA,CP0058,SWAP,TDR0093,BOOK_D,2025-09-03
TXN0000713583,APP006,2025-02-05,pending,173302.53,GBP,EMEA,CP0344,FX,TDR0075,BOOK_A,2025-08-25
TXN0003065178,APP010,2025-11-28,settled,644603.05,AUD,AMER,CP0461,BOND,TDR0160,BOOK_A,2025-06-28
TXN0004569433,APP012,2025-12-09,active,947047.81,USD,AMER,CP0222,OPTION,TDR0082,BOOK_C,2025-04-27
TXN0003057975,APP007,2025-10-11,settled,319735.05,CHF,AMER,CP0485,OPTION,TDR0156,BOOK_A,2025-12-05
TXN0008625469,APP015,2025-01-20,settled,133328.08,CHF,AMER,CP0284,BOND,TDR0114,BOOK_C,2025-11-17
TXN0009153284,APP020,2025-08-12,settled,677793.66,CHF,LATAM,CP0109,SWAP,TDR0034,BOOK_B,2025-04-11
TXN0005655094,APP004,2025-10-31,active,631770.7,AUD,AMER,CP0152,FUTURE,TDR0036,BOOK_B,2026-01-29
TXN0005042557,APP013,2025-04-04,failed,942614.21,AUD,LATAM,CP0173,SWAP,TDR0158,BOOK_C,2025-03-24
TXN0004804551,APP007,2025-05-21,pending,878518.02,USD,AMER,CP0006,FX,TDR0111,BOOK_A,2025-08-26
TXN0007754334,APP003,2026-04-04,settled,314826.63,AUD,LATAM,CP0116,SWAP,TDR0159,BOOK_B,2025-03-22
TXN0006138445,APP015,2026-02-08,active,750266.32,GBP,APAC,CP0420,EQUITY,TDR0055,BOOK_D,2025-10-01
TXN0003381585,APP009,2025-03-02,active,844958.99,JPY,AMER,CP0438,FUTURE,TDR0157,BOOK_B,2025-06-12
TXN0008859176,APP007,2025-05-07,reversed,404794.13,CHF,EMEA,CP0135,OPTION,TDR0005,BOOK_D,2025-01-03
TXN0005291468,APP020,2025-02-02,settled,566691.99,CHF,EMEA,CP0302,FUTURE,TDR0038,BOOK_C,2025-12-09
TXN0003849730,APP015,2026-04-10,reversed,22652.74,AUD,LATAM,CP0294,EQUITY,TDR0084,BOOK_A,2025-05-10
TXN0005838896,APP014,2025-08-27,failed,543461.03,AUD,APAC,CP0245,FUTURE,TDR0061,BOOK_A,2025-01-04
TXN0005955293,APP004,2025-07-30,pending,177712.7,JPY,EMEA,CP0084,FUTURE,TDR0011,BOOK_D,2025-01-16
TXN0007850154,APP015,2025-12-10,pending,727601.51,USD,APAC,CP0481,SWAP,TDR0128,BOOK_C,2025-05-12
TXN0005982267,APP001,2025-02-01,pending,620784.85,GBP,AMER,CP0374,FX,TDR0156,BOOK_B,2025-02-04
TXN0007449079,APP009,2026-01-24,settled,608884.76,GBP,EMEA,CP0242,EQUITY,TDR0160,BOOK_A,2026-01-08
TXN0006673917,APP015,2025-10-22,settled,10379.8,CHF,APAC,CP0302,BOND,TDR0086,BOOK_B,2026-02-06
TXN0001404505,APP020,2025-03-21,failed,171456.21,CHF,APAC,CP0213,OPTION,TDR0160,BOOK_A,2026-04-03
TXN0008546077,APP008,2025-03-07,pending,445745.73,CHF,AMER,CP0301,FUTURE,TDR0079,BOOK_A,2025-08-20
TXN0000822817,APP003,2025-07-22,reversed,319261.6,AUD,EMEA,CP0434,FX,TDR0127,BOOK_B,2025-06-07
TXN0004071655,APP005,2025-02-26,reversed,425809.7,JPY,LATAM,CP0168,SWAP,TDR0149,BOOK_D,2025-06-13
TXN0003457445,APP019,2025-01-03,settled,761051.09,JPY,APAC,CP0339,OPTION,TDR0179,BOOK_B,2025-03-29
TXN0003489817,APP012,2025-12-24,pending,674745.21,AUD,AMER,CP0009,FUTURE,TDR0191,BOOK_C,2025-12-22
TXN0003694955,APP018,2025-08-25,active,655258.49,EUR,AMER,CP0149,FUTURE,TDR0043,BOOK_A,2025-06-29
TXN0001885612,APP017,2025-04-10,settled,179734.56,EUR,APAC,CP0423,BOND,TDR0014,BOOK_C,2025-08-17
TXN0005550006,APP013,2025-06-29,failed,902999.94,CHF,AMER,CP0230,OPTION,TDR0186,BOOK_D,2025-07-24
TXN0008347982,APP014,2025-04-03,active,933307.01,USD,APAC,CP0341,BOND,TDR0018,BOOK_A,2026-03-05
TXN0000687368,APP014,2025-05-12,reversed,819450.35,JPY,EMEA,CP0093,OPTION,TDR0098,BOOK_B,2025-07-08
TXN0009442590,APP015,2026-02-08,active,846924.53,USD,APAC,CP0078,FX,TDR0069,BOOK_B,2026-03-11
TXN0004208792,APP002,2025-03-01,pending,335872.18,EUR,APAC,CP0098,OPTION,TDR0037,BOOK_C,2026-02-24
TXN0006350280,APP003,2026-01-05,pending,529594.64,JPY,LATAM,CP0399,FX,TDR0112,BOOK_A,2025-03-31
TXN0009504643,APP015,2025-05-06,active,615155.96,JPY,APAC,CP0039,OPTION,TDR0080,BOOK_B,2026-02-13
TXN0003201699,APP018,2025-05-31,active,143454.73,JPY,LATAM,CP0432,OPTION,TDR0130,BOOK_C,2025-05-05
TXN0003255828,APP003,2025-02-28,active,777977.55,JPY,AMER,CP0440,BOND,TDR0110,BOOK_C,2026-02-15
TXN0005405224,APP003,2025-09-03,reversed,567259.83,CHF,LATAM,CP0277,EQUITY,TDR0170,BOOK_A,2026-02-25
TXN0005155880,APP004,2025-04-23,reversed,702229.88,GBP,LATAM,CP0149,FUTURE,TDR0002,BOOK_C,2025-09-04
TXN0004345397,APP013,2025-01-22,pending,842541.41,USD,APAC,CP0002,FUTURE,TDR0120,BOOK_C,2025-09-17
TXN0000341876,APP020,2025-11-29,pending,361067.09,EUR,AMER,CP0165,FX,TDR0158,BOOK_C,2025-05-22
TXN0004030799,APP004,2025-12-12,pending,717117.17,CHF,EMEA,CP0438,OPTION,TDR0165,BOOK_A,2025-10-17
TXN0000769441,APP020,2025-09-16,pending,575787.3,CHF,LATAM,CP0251,BOND,TDR0187,BOOK_A,2025-01-28
TXN0001680270,APP001,2025-09-21,active,206685.06,AUD,LATAM,CP0373,OPTION,TDR0105,BOOK_C,2026-01-03
TXN0004116931,APP004,2025-05-07,reversed,468341.66,GBP,EMEA,CP0041,SWAP,TDR0089,BOOK_D,2025-09-04
TXN0005921104,APP006,2025-04-26,pending,885451.48,AUD,EMEA,CP0358,SWAP,TDR0112,BOOK_C,2025-04-24
TXN0002344401,APP007,2025-11-28,settled,534576.78,JPY,APAC,CP0235,FUTURE,TDR0030,BOOK_B,2025-12-10
TXN0009083829,APP014,2025-09-23,active,344566.62,EUR,AMER,CP0201,BOND,TDR0031,BOOK_D,2025-06-26
TXN0000607549,APP015,2026-02-16,failed,814223.78,EUR,AMER,CP0293,FX,TDR0151,BOOK_B,2026-01-22
TXN0009082179,APP017,2026-03-04,pending,654325.49,JPY,APAC,CP0029,BOND,TDR0151,BOOK_A,2025-11-15
TXN0006725241,APP015,2026-01-31,active,705608.15,GBP,APAC,CP0392,EQUITY,TDR0167,BOOK_B,2025-05-13
TXN0003909174,APP017,2025-05-05,pending,310773.67,GBP,AMER,CP0161,SWAP,TDR0198,BOOK_D,2025-07-18
TXN0000715084,APP011,2025-09-20,failed,594743.19,GBP,LATAM,CP0275,EQUITY,TDR0164,BOOK_D,2025-08-16
TXN0009901288,APP010,2025-12-15,active,801921.4,EUR,AMER,CP0073,BOND,TDR0080,BOOK_D,2026-03-22
TXN0007225194,APP010,2026-03-08,failed,382170.01,GBP,APAC,CP0326,EQUITY,TDR0084,BOOK_D,2026-04-07
TXN0007624670,APP001,2025-06-01,active,672742.72,USD,AMER,CP0106,OPTION,TDR0119,BOOK_B,2026-03-07
TXN0006594610,APP008,2025-08-02,settled,379462.01,GBP,EMEA,CP0385,BOND,TDR0116,BOOK_A,2026-03-01
TXN0005604086,APP013,2025-12-23,reversed,847590.73,JPY,EMEA,CP0408,FUTURE,TDR0091,BOOK_C,2025-09-23
TXN0006383266,APP009,2025-09-03,pending,474730.39,JPY,EMEA,CP0381,SWAP,TDR0042,BOOK_D,2025-01-08
TXN0001950893,APP019,2025-04-28,pending,204689.03,JPY,LATAM,CP0176,FX,TDR0032,BOOK_A,2025-04-21
TXN0007739501,APP017,2025-10-30,pending,998017.39,GBP,LATAM,CP0366,OPTION,TDR0086,BOOK_A,2025-04-28
TXN0006804982,APP009,2026-01-05,settled,394639.53,AUD,EMEA,CP0360,SWAP,TDR0023,BOOK_D,2025-08-09
TXN0000773718,APP019,2025-06-07,active,285991.43,GBP,APAC,CP0331,SWAP,TDR0131,BOOK_A,2025-03-16
TXN0003443332,APP009,2025-04-03,pending,423858.72,EUR,APAC,CP0272,FX,TDR0017,BOOK_B,2025-06-23
TXN0001581249,APP017,2025-10-11,pending,601299.1,EUR,EMEA,CP0174,FX,TDR0016,BOOK_B,2025-08-01
TXN0008844929,APP008,2025-11-05,settled,795929.61,CHF,AMER,CP0244,SWAP,TDR0176,BOOK_B,2025-05-03
TXN0008421071,APP005,2025-10-29,settled,200962.38,AUD,APAC,CP0487,SWAP,TDR0166,BOOK_A,2025-06-03
TXN0001143080,APP018,2025-04-03,reversed,934631.23,USD,EMEA,CP0005,OPTION,TDR0174,BOOK_B,2025-05-03
TXN0006621433,APP006,2025-09-21,reversed,188909.09,JPY,LATAM,CP0214,SWAP,TDR0023,BOOK_A,2025-09-16
TXN0002882720,APP018,2026-02-12,active,360998.67,EUR,EMEA,CP0160,OPTION,TDR0169,BOOK_D,2025-05-06
TXN0001008747,APP019,2025-10-24,pending,319777.4,AUD,APAC,CP0497,FUTURE,TDR0038,BOOK_C,2025-09-06
TXN0004736874,APP007,2025-12-05,failed,118648.54,CHF,LATAM,CP0126,BOND,TDR0014,BOOK_D,2025-02-11
TXN0002195342,APP019,2025-08-16,failed,993231.46,CHF,LATAM,CP0051,FUTURE,TDR0020,BOOK_D,2025-12-21
TXN0006538299,APP015,2025-09-09,settled,213140.57,AUD,LATAM,CP0414,FUTURE,TDR0140,BOOK_A,2025-01-23
TXN0006549389,APP020,2025-07-17,pending,942462.02,JPY,AMER,CP0363,FX,TDR0085,BOOK_D,2025-01-22
TXN0001778159,APP007,2026-02-28,failed,765193.92,GBP,EMEA,CP0314,EQUITY,TDR0026,BOOK_A,2025-07-12
TXN0008167862,APP010,2025-10-06,active,404400.05,GBP,APAC,CP0278,FX,TDR0145,BOOK_C,2025-03-02
TXN0008067866,APP018,2026-02-28,pending,306604.75,GBP,APAC,CP0202,FX,TDR0069,BOOK_C,2026-03-21
TXN0000682330,APP003,2026-02-06,pending,33244.74,AUD,AMER,CP0359,SWAP,TDR0028,BOOK_C,2025-07-26
TXN0001638339,APP008,2025-01-18,settled,352687.59,CHF,AMER,CP0047,SWAP,TDR0160,BOOK_D,2025-04-22
TXN0006467848,APP013,2025-01-28,reversed,24599.01,AUD,APAC,CP0460,BOND,TDR0040,BOOK_A,2025-01-09
TXN0001256724,APP012,2025-01-27,pending,296097.24,GBP,APAC,CP0343,EQUITY,TDR0070,BOOK_D,2025-04-29
TXN0007166965,APP011,2025-09-12,failed,429310.07,AUD,LATAM,CP0344,SWAP,TDR0167,BOOK_D,2025-12-26
TXN0004495023,APP010,2025-05-18,active,145128.77,JPY,AMER,CP0157,SWAP,TDR0155,BOOK_B,2025-06-06
TXN0006860220,APP012,2025-11-28,active,169414.94,EUR,LATAM,CP0500,BOND,TDR0113,BOOK_B,2025-01-23
TXN0000023340,APP013,2025-07-30,reversed,640435.79,GBP,APAC,CP0254,SWAP,TDR0137,BOOK_A,2025-03-08
TXN0005155220,APP015,2026-01-29,failed,619646.91,USD,APAC,CP0132,OPTION,TDR0021,BOOK_D,2025-02-12
TXN0002992128,APP012,2025-01-23,settled,393256.87,GBP,EMEA,CP0004,FUTURE,TDR0160,BOOK_A,2025-09-29
TXN0008286575,APP003,2025-11-10,settled,737759.95,JPY,AMER,CP0269,BOND,TDR0093,BOOK_D,2025-09-08
TXN0004149573,APP018,2025-08-20,pending,413901.6,EUR,LATAM,CP0165,FX,TDR0176,BOOK_C,2025-05-31
TXN0003346232,APP016,2025-08-28,active,237473.17,EUR,LATAM,CP0035,FUTURE,TDR0182,BOOK_C,2025-05-12
TXN0001798563,APP001,2025-11-24,active,950457.66,EUR,APAC,CP0466,OPTION,TDR0016,BOOK_A,2025-01-12
TXN0006002374,APP007,2025-02-14,active,518407.15,USD,APAC,CP0462,BOND,TDR0005,BOOK_A,2025-03-16
TXN0002858429,APP009,2025-04-05,active,924415.97,AUD,AMER,CP0432,EQUITY,TDR0133,BOOK_C,2026-03-19
TXN0009672273,APP005,2025-11-20,pending,294694.86,GBP,APAC,CP0331,FUTURE,TDR0136,BOOK_D,2025-09-26
TXN0007485752,APP006,2025-10-28,settled,472080.0,GBP,APAC,CP0144,EQUITY,TDR0071,BOOK_D,2025-03-29
TXN0005535642,APP016,2026-03-01,settled,8581.69,CHF,EMEA,CP0399,FUTURE,TDR0186,BOOK_B,2026-02-08
TXN0006674347,APP014,2025-10-24,settled,831826.57,AUD,AMER,CP0242,FUTURE,TDR0035,BOOK_A,2026-02-20
TXN0008294006,APP004,2025-04-30,failed,947507.85,GBP,EMEA,CP0191,EQUITY,TDR0003,BOOK_C,2025-02-27
TXN0003279832,APP005,2026-03-24,settled,923049.33,USD,LATAM,CP0403,EQUITY,TDR0147,BOOK_B,2025-06-07
TXN0001377493,APP018,2025-12-29,settled,611796.26,JPY,APAC,CP0453,OPTION,TDR0104,BOOK_C,2026-01-23
TXN0009122530,APP006,2025-05-28,active,137206.46,GBP,EMEA,CP0125,FX,TDR0125,BOOK_D,2026-01-30
TXN0001712395,APP015,2025-01-09,pending,196022.22,AUD,APAC,CP0106,FUTURE,TDR0034,BOOK_B,2025-02-08
TXN0004367863,APP008,2025-02-25,reversed,932446.66,USD,AMER,CP0306,FX,TDR0025,BOOK_C,2025-06-26
TXN0003330807,APP020,2025-06-04,failed,417592.92,CHF,AMER,CP0200,OPTION,TDR0122,BOOK_C,2026-04-02
TXN0008118046,APP008,2025-09-23,active,249245.94,GBP,EMEA,CP0194,FUTURE,TDR0184,BOOK_B,2025-01-03
TXN0009826674,APP013,2025-11-09,pending,216441.79,CHF,LATAM,CP0229,EQUITY,TDR0174,BOOK_B,2026-01-23
TXN0009682629,APP018,2026-02-18,pending,906919.83,JPY,AMER,CP0238,FUTURE,TDR0198,BOOK_A,2026-04-01
TXN0007666261,APP012,2025-05-12,pending,635334.61,EUR,AMER,CP0120,FUTURE,TDR0064,BOOK_C,2025-05-19
TXN0006153997,APP007,2025-08-23,pending,658336.09,EUR,APAC,CP0072,FX,TDR0176,BOOK_C,2025-11-07
TXN0009014493,APP019,2025-06-01,active,457387.38,JPY,LATAM,CP0392,BOND,TDR0042,BOOK_D,2025-08-22
TXN0008408326,APP015,2025-11-22,failed,729661.47,CHF,AMER,CP0489,OPTION,TDR0167,BOOK_D,2025-01-30
TXN0005128680,APP013,2025-12-09,failed,534228.2,CHF,EMEA,CP0374,OPTION,TDR0040,BOOK_A,2025-04-01
TXN0004532614,APP004,2025-06-10,pending,824503.93,USD,LATAM,CP0061,OPTION,TDR0064,BOOK_C,2025-08-10
TXN0000911883,APP003,2025-04-11,failed,964822.77,AUD,APAC,CP0363,FUTURE,TDR0035,BOOK_C,2025-11-13
TXN0006219823,APP017,2026-01-11,pending,789687.5,GBP,AMER,CP0224,BOND,TDR0004,BOOK_A,2025-05-22
TXN0003059508,APP019,2025-03-22,failed,510263.7,USD,APAC,CP0331,SWAP,TDR0186,BOOK_C,2025-09-09
TXN0003687616,APP013,2025-01-06,reversed,927188.04,GBP,EMEA,CP0148,OPTION,TDR0141,BOOK_D,2026-03-17
TXN0005731421,APP001,2025-09-05,settled,178831.01,EUR,EMEA,CP0214,FX,TDR0170,BOOK_C,2025-03-01
TXN0004290950,APP014,2026-02-06,reversed,270155.99,EUR,AMER,CP0248,EQUITY,TDR0019,BOOK_D,2025-07-30
TXN0006214869,APP004,2025-10-10,failed,359249.9,USD,EMEA,CP0029,SWAP,TDR0019,BOOK_B,2025-07-03
TXN0002751735,APP002,2025-11-01,failed,468793.56,AUD,APAC,CP0162,EQUITY,TDR0054,BOOK_A,2025-10-26
TXN0003313014,APP011,2025-02-25,settled,158361.89,USD,EMEA,CP0225,BOND,TDR0090,BOOK_B,2025-01-16
TXN0006440587,APP014,2025-11-25,reversed,393246.82,CHF,LATAM,CP0048,BOND,TDR0016,BOOK_C,2025-03-27
TXN0003720726,APP008,2025-07-12,pending,150253.4,CHF,LATAM,CP0223,BOND,TDR0122,BOOK_A,2025-03-05
TXN0009364896,APP009,2025-04-11,reversed,474584.26,EUR,EMEA,CP0079,EQUITY,TDR0144,BOOK_B,2025-11-12
TXN0006162395,APP016,2026-03-03,active,535537.37,AUD,AMER,CP0038,FUTURE,TDR0027,BOOK_C,2025-04-04
TXN0003706469,APP008,2026-01-05,failed,173885.21,USD,EMEA,CP0490,FUTURE,TDR0137,BOOK_D,2026-01-13
TXN0009270344,APP005,2025-07-08,active,628245.46,USD,AMER,CP0198,OPTION,TDR0151,BOOK_B,2025-11-19
TXN0006600822,APP003,2025-09-27,settled,27388.18,USD,LATAM,CP0311,SWAP,TDR0144,BOOK_A,2025-09-05
TXN0002283904,APP010,2025-06-27,settled,494010.68,AUD,LATAM,CP0021,OPTION,TDR0056,BOOK_A,2025-02-16
TXN0006218314,APP006,2026-03-09,active,576165.77,USD,EMEA,CP0227,OPTION,TDR0108,BOOK_A,2025-05-15
TXN0000758235,APP007,2025-05-11,failed,999851.12,JPY,LATAM,CP0221,FUTURE,TDR0105,BOOK_B,2025-02-02
TXN0003935911,APP008,2025-07-15,pending,694012.95,CHF,AMER,CP0474,FX,TDR0103,BOOK_B,2026-01-06
TXN0004690152,APP020,2025-10-29,reversed,766585.39,USD,EMEA,CP0383,FUTURE,TDR0111,BOOK_D,2026-01-14
TXN0005179208,APP013,2026-02-07,active,128571.0,JPY,APAC,CP0112,BOND,TDR0053,BOOK_A,2025-12-02
TXN0003743656,APP005,2025-03-02,active,17249.95,EUR,AMER,CP0061,OPTION,TDR0177,BOOK_C,2025-11-20
TXN0003793573,APP016,2025-12-20,active,990895.66,GBP,EMEA,CP0139,EQUITY,TDR0019,BOOK_C,2025-03-14
TXN0006936361,APP015,2025-07-29,failed,199060.57,GBP,EMEA,CP0384,EQUITY,TDR0153,BOOK_D,2026-03-06
TXN0000624651,APP011,2025-10-08,pending,246151.53,AUD,APAC,CP0147,FUTURE,TDR0175,BOOK_D,2025-12-11
TXN0001571722,APP002,2025-01-24,active,273757.71,AUD,AMER,CP0259,BOND,TDR0067,BOOK_D,2026-01-30
TXN0009587899,APP007,2025-09-14,settled,141586.2,USD,APAC,CP0230,SWAP,TDR0025,BOOK_D,2025-11-12
TXN0003439245,APP006,2025-10-09,failed,543785.98,USD,APAC,CP0430,OPTION,TDR0007,BOOK_B,2026-01-01
TXN0003562144,APP019,2025-02-16,settled,426830.84,JPY,APAC,CP0284,EQUITY,TDR0079,BOOK_C,2025-08-03
TXN0000496666,APP011,2025-04-30,active,699183.9,AUD,APAC,CP0490,EQUITY,TDR0120,BOOK_A,2025-09-13
TXN0002273103,APP016,2025-11-25,settled,163990.19,GBP,EMEA,CP0126,OPTION,TDR0128,BOOK_B,2025-11-22
TXN0005831439,APP005,2025-08-19,pending,197861.17,GBP,APAC,CP0470,FX,TDR0166,BOOK_B,2025-07-22
TXN0008605336,APP001,2026-01-17,pending,179178.47,USD,EMEA,CP0034,SWAP,TDR0062,BOOK_D,2025-03-15
TXN0002367282,APP009,2026-01-23,pending,282829.89,CHF,EMEA,CP0319,SWAP,TDR0131,BOOK_C,2025-12-29
TXN0008527210,APP014,2025-02-06,reversed,382356.23,GBP,EMEA,CP0237,FX,TDR0119,BOOK_D,2025-06-25
TXN0003186399,APP015,2025-06-06,reversed,678579.25,GBP,EMEA,CP0308,BOND,TDR0008,BOOK_B,2025-02-17
TXN0001392386,APP011,2025-10-22,reversed,320493.91,CHF,LATAM,CP0440,SWAP,TDR0052,BOOK_A,2026-02-21
TXN0002914052,APP012,2026-02-17,settled,761409.14,EUR,EMEA,CP0377,EQUITY,TDR0175,BOOK_C,2025-11-19
TXN0003849474,APP005,2025-05-21,pending,714963.32,GBP,AMER,CP0044,BOND,TDR0178,BOOK_A,2025-08-03
TXN0003265092,APP012,2025-09-17,settled,825270.46,GBP,EMEA,CP0130,EQUITY,TDR0003,BOOK_C,2025-05-20
TXN0000187525,APP003,2025-07-03,pending,964391.61,CHF,LATAM,CP0167,EQUITY,TDR0015,BOOK_A,2026-04-14
TXN0008090619,APP006,2025-03-23,failed,715589.77,CHF,LATAM,CP0476,FX,TDR0122,BOOK_A,2025-07-07
TXN0001087501,APP002,2025-08-16,reversed,766808.9,GBP,EMEA,CP0217,BOND,TDR0089,BOOK_B,2025-02-23
TXN0000882723,APP011,2025-03-08,pending,689967.09,GBP,EMEA,CP0422,FUTURE,TDR0129,BOOK_D,2025-11-23
TXN0007751792,APP020,2026-01-07,reversed,780101.72,GBP,AMER,CP0249,FUTURE,TDR0129,BOOK_D,2025-07-15
TXN0004399507,APP005,2026-03-13,failed,384553.61,GBP,EMEA,CP0276,FX,TDR0071,BOOK_A,2026-03-17
TXN0005263623,APP018,2025-10-02,failed,431734.6,AUD,APAC,CP0056,OPTION,TDR0115,BOOK_B,2025-10-26
TXN0006879766,APP010,2025-11-12,failed,471074.43,GBP,AMER,CP0234,EQUITY,TDR0082,BOOK_A,2025-02-12
TXN0006324094,APP001,2026-01-05,pending,102942.94,USD,EMEA,CP0103,OPTION,TDR0126,BOOK_D,2026-03-07
TXN0006949345,APP001,2025-09-01,reversed,961659.24,EUR,EMEA,CP0155,EQUITY,TDR0010,BOOK_D,2025-03-20
TXN0006181430,APP017,2025-09-17,reversed,326173.09,EUR,EMEA,CP0294,FUTURE,TDR0193,BOOK_D,2025-12-12
TXN0007241663,APP008,2025-05-30,active,758209.61,USD,AMER,CP0214,SWAP,TDR0113,BOOK_B,2025-06-22
TXN0009969944,APP003,2025-06-10,failed,846955.65,AUD,LATAM,CP0039,BOND,TDR0150,BOOK_A,2025-12-28
TXN0006515997,APP002,2025-06-25,reversed,291222.21,JPY,EMEA,CP0103,FUTURE,TDR0056,BOOK_A,2025-04-11
TXN0007362736,APP016,2025-02-18,pending,188677.38,GBP,EMEA,CP0287,BOND,TDR0042,BOOK_A,2025-03-09
TXN0006488591,APP017,2025-04-10,failed,192696.91,JPY,EMEA,CP0208,OPTION,TDR0014,BOOK_A,2026-04-01
TXN0006048248,APP020,2025-12-20,failed,520873.1,JPY,LATAM,CP0002,EQUITY,TDR0166,BOOK_C,2025-03-01
TXN0004342231,APP002,2025-05-12,pending,255819.17,EUR,EMEA,CP0343,BOND,TDR0078,BOOK_B,2026-01-19
TXN0008150919,APP017,2025-07-27,active,502346.82,USD,APAC,CP0146,FUTURE,TDR0088,BOOK_A,2026-03-10
TXN0000859601,APP006,2025-03-13,reversed,579363.5,EUR,LATAM,CP0428,SWAP,TDR0122,BOOK_D,2025-11-23
TXN0008178942,APP007,2025-10-05,failed,924066.14,JPY,APAC,CP0004,OPTION,TDR0182,BOOK_C,2025-11-27
TXN0003511074,APP006,2025-12-15,active,750236.91,AUD,LATAM,CP0158,OPTION,TDR0165,BOOK_A,2025-12-06
TXN0000813943,APP014,2025-04-02,settled,355985.32,CHF,AMER,CP0169,OPTION,TDR0010,BOOK_D,2026-04-04
TXN0007661109,APP011,2025-01-09,active,461246.39,GBP,EMEA,CP0335,OPTION,TDR0028,BOOK_D,2025-07-25
TXN0006475327,APP018,2025-11-04,failed,300723.64,CHF,AMER,CP0463,FX,TDR0002,BOOK_C,2025-06-09
TXN0006132945,APP003,2025-08-16,active,538841.41,USD,LATAM,CP0320,OPTION,TDR0075,BOOK_D,2025-03-25
TXN0002863140,APP019,2026-02-28,pending,802124.83,AUD,AMER,CP0088,BOND,TDR0122,BOOK_C,2025-10-16
TXN0007765232,APP010,2025-07-18,failed,632600.65,USD,APAC,CP0401,EQUITY,TDR0118,BOOK_C,2026-01-19
TXN0000963503,APP017,2026-02-28,pending,757266.17,JPY,LATAM,CP0008,SWAP,TDR0109,BOOK_D,2025-08-03
TXN0006832492,APP012,2025-05-25,reversed,50938.99,CHF,LATAM,CP0248,EQUITY,TDR0190,BOOK_B,2025-05-13
TXN0008063077,APP014,2025-02-19,reversed,224279.64,USD,APAC,CP0422,BOND,TDR0017,BOOK_C,2026-01-25
TXN0002888043,APP019,2025-06-04,pending,887304.5,USD,APAC,CP0500,OPTION,TDR0167,BOOK_B,2025-08-03
TXN0001074666,APP020,2026-03-04,pending,228200.39,AUD,AMER,CP0134,BOND,TDR0050,BOOK_A,2025-07-02
TXN0006746807,APP001,2025-07-05,reversed,509915.56,JPY,EMEA,CP0408,EQUITY,TDR0128,BOOK_A,2026-03-01
TXN0001032736,APP015,2026-02-28,reversed,433568.66,AUD,LATAM,CP0468,FUTURE,TDR0018,BOOK_B,2025-10-06
TXN0005506801,APP018,2025-08-07,reversed,933257.28,GBP,EMEA,CP0120,OPTION,TDR0180,BOOK_A,2025-07-10
TXN0002680857,APP007,2025-08-22,reversed,464177.77,JPY,LATAM,CP0427,FX,TDR0074,BOOK_C,2025-06-15
TXN0001490691,APP016,2025-07-29,pending,539290.01,USD,EMEA,CP0048,FX,TDR0177,BOOK_C,2026-03-18
TXN0005797432,APP012,2025-06-25,settled,498675.61,AUD,APAC,CP0135,OPTION,TDR0076,BOOK_B,2026-03-18
TXN0007042618,APP001,2026-01-17,active,708103.4,AUD,AMER,CP0149,SWAP,TDR0093,BOOK_B,2025-01-18
TXN0005165214,APP009,2025-03-25,reversed,1131.32,GBP,EMEA,CP0223,FX,TDR0197,BOOK_C,2025-01-28
TXN0009863911,APP013,2025-10-06,reversed,443391.22,AUD,LATAM,CP0298,BOND,TDR0079,BOOK_B,2025-07-19
TXN0005273204,APP008,2025-05-25,reversed,531787.82,EUR,APAC,CP0194,EQUITY,TDR0061,BOOK_C,2026-03-28
TXN0003490677,APP010,2025-06-04,settled,874292.54,CHF,LATAM,CP0240,FUTURE,TDR0031,BOOK_C,2025-09-13
TXN0007149229,APP010,2025-12-01,failed,993717.11,CHF,AMER,CP0352,FUTURE,TDR0200,BOOK_A,2025-10-25
TXN0005685992,APP009,2025-10-28,reversed,616216.21,CHF,APAC,CP0191,EQUITY,TDR0100,BOOK_B,2026-02-02
TXN0003496130,APP010,2025-12-27,active,870956.28,JPY,EMEA,CP0379,FUTURE,TDR0147,BOOK_C,2025-07-07
TXN0002302579,APP004,2025-09-24,settled,2059.62,GBP,AMER,CP0250,BOND,TDR0027,BOOK_A,2025-03-26
TXN0001888925,APP008,2025-04-04,pending,495705.88,GBP,LATAM,CP0400,SWAP,TDR0181,BOOK_B,2026-01-08
TXN0005605283,APP011,2025-02-04,settled,553222.07,CHF,LATAM,CP0493,EQUITY,TDR0112,BOOK_B,2025-11-15
TXN0003254131,APP010,2026-02-24,settled,554913.54,JPY,AMER,CP0121,SWAP,TDR0037,BOOK_A,2025-04-03
TXN0009083999,APP005,2025-10-16,settled,159308.0,GBP,LATAM,CP0174,OPTION,TDR0187,BOOK_D,2025-08-17
TXN0003772248,APP015,2025-04-03,failed,374408.54,CHF,AMER,CP0279,EQUITY,TDR0097,BOOK_C,2026-03-03
TXN0004059985,APP016,2025-03-02,active,672324.18,CHF,AMER,CP0087,SWAP,TDR0099,BOOK_C,2025-03-09
TXN0003782653,APP015,2025-08-18,active,287138.95,JPY,APAC,CP0386,SWAP,TDR0198,BOOK_A,2025-02-14
TXN0001702593,APP018,2025-02-20,settled,678434.93,EUR,APAC,CP0371,OPTION,TDR0028,BOOK_C,2026-02-18
TXN0003044090,APP004,2025-06-26,pending,927791.89,CHF,EMEA,CP0282,OPTION,TDR0111,BOOK_B,2026-03-23
TXN0000872934,APP002,2025-11-24,pending,863893.61,GBP,APAC,CP0272,EQUITY,TDR0130,BOOK_D,2026-01-10
TXN0002841296,APP020,2025-03-22,reversed,814916.61,EUR,EMEA,CP0305,FUTURE,TDR0178,BOOK_A,2025-05-26
TXN0000563049,APP013,2025-11-21,active,554427.02,GBP,AMER,CP0213,OPTION,TDR0067,BOOK_D,2025-03-25
TXN0006088232,APP003,2025-02-22,active,812464.6,AUD,EMEA,CP0240,EQUITY,TDR0190,BOOK_D,2025-09-09
TXN0000608898,APP014,2026-01-16,settled,390873.99,CHF,AMER,CP0331,FX,TDR0080,BOOK_B,2025-09-24
TXN0008875041,APP016,2025-07-14,failed,863796.22,CHF,APAC,CP0494,BOND,TDR0151,BOOK_C,2026-04-13
TXN0006170002,APP020,2026-01-09,active,713832.61,CHF,EMEA,CP0268,SWAP,TDR0152,BOOK_C,2025-10-20
TXN0009316043,APP013,2025-04-12,pending,75471.12,GBP,APAC,CP0022,EQUITY,TDR0091,BOOK_B,2025-11-28
TXN0005386468,APP002,2025-05-16,reversed,122177.55,EUR,AMER,CP0393,SWAP,TDR0027,BOOK_B,2025-11-15
TXN0008446949,APP012,2025-05-07,settled,301716.97,EUR,EMEA,CP0164,FUTURE,TDR0095,BOOK_C,2026-03-07
TXN0002342403,APP001,2026-03-29,reversed,507265.58,JPY,APAC,CP0258,BOND,TDR0027,BOOK_A,2025-03-10
TXN0008588932,APP004,2025-05-29,reversed,150639.67,EUR,LATAM,CP0216,BOND,TDR0183,BOOK_C,2026-04-07
TXN0008385400,APP006,2025-12-10,pending,283484.16,GBP,APAC,CP0277,SWAP,TDR0194,BOOK_C,2025-02-25
TXN0006425108,APP019,2025-04-12,reversed,119291.57,EUR,EMEA,CP0330,OPTION,TDR0059,BOOK_A,2025-11-17
TXN0007391395,APP020,2025-07-19,active,272151.25,JPY,EMEA,CP0123,OPTION,TDR0082,BOOK_B,2025-05-07
TXN0009964026,APP015,2025-02-19,pending,625379.1,EUR,APAC,CP0277,EQUITY,TDR0168,BOOK_A,2026-04-07
TXN0000466286,APP010,2025-05-21,active,663303.94,JPY,EMEA,CP0193,FX,TDR0131,BOOK_A,2025-10-27
TXN0005328886,APP006,2026-02-17,failed,855832.04,EUR,APAC,CP0189,FUTURE,TDR0110,BOOK_B,2025-02-08
TXN0001566758,APP019,2025-12-15,active,163461.22,GBP,LATAM,CP0033,BOND,TDR0116,BOOK_C,2025-01-06
TXN0005288586,APP003,2025-05-25,pending,795668.06,JPY,AMER,CP0243,SWAP,TDR0180,BOOK_A,2026-01-07
TXN0006306026,APP003,2025-07-16,pending,720157.53,EUR,APAC,CP0219,OPTION,TDR0164,BOOK_C,2026-01-10
TXN0002231629,APP013,2025-06-20,settled,552.74,JPY,AMER,CP0365,SWAP,TDR0075,BOOK_A,2025-03-28
TXN0000733036,APP002,2026-03-13,reversed,780073.52,USD,LATAM,CP0086,SWAP,TDR0009,BOOK_A,2025-11-30
TXN0009248672,APP012,2025-05-12,settled,353304.15,GBP,LATAM,CP0363,BOND,TDR0152,BOOK_C,2025-09-20
TXN0009139172,APP019,2025-02-04,settled,14838.39,EUR,EMEA,CP0457,OPTION,TDR0122,BOOK_A,2026-02-20
TXN0009406305,APP015,2026-03-23,settled,557034.39,CHF,EMEA,CP0422,FUTURE,TDR0040,BOOK_A,2025-06-16
TXN0000398021,APP019,2025-03-31,settled,531622.58,AUD,AMER,CP0118,BOND,TDR0144,BOOK_D,2026-03-21
TXN0008571765,APP012,2025-12-11,reversed,101317.96,AUD,AMER,CP0464,EQUITY,TDR0083,BOOK_C,2026-02-13
TXN0004381057,APP017,2025-01-11,reversed,298440.03,GBP,AMER,CP0384,FX,TDR0036,BOOK_B,2025-04-25
TXN0008562506,APP018,2025-04-21,reversed,318327.15,AUD,EMEA,CP0069,EQUITY,TDR0060,BOOK_A,2025-10-18
TXN0001587486,APP019,2025-04-17,settled,815906.23,EUR,EMEA,CP0051,EQUITY,TDR0053,BOOK_A,2025-09-03
TXN0009309552,APP003,2025-03-18,pending,319169.59,EUR,LATAM,CP0295,EQUITY,TDR0140,BOOK_D,2025-04-06
TXN0004048367,APP019,2026-01-22,reversed,315377.07,AUD,AMER,CP0116,OPTION,TDR0075,BOOK_D,2025-06-12
TXN0005766652,APP016,2026-04-01,failed,664164.96,JPY,AMER,CP0233,EQUITY,TDR0082,BOOK_D,2025-07-26
TXN0003332501,APP018,2025-11-02,reversed,333996.24,CHF,EMEA,CP0414,FX,TDR0200,BOOK_C,2026-03-12
TXN0001052797,APP018,2025-09-01,failed,495259.55,GBP,LATAM,CP0421,FUTURE,TDR0200,BOOK_D,2025-05-07
TXN0009874174,APP019,2025-09-06,settled,416611.9,JPY,AMER,CP0246,SWAP,TDR0011,BOOK_B,2025-07-13
TXN0001926390,APP008,2025-06-19,pending,700465.1,JPY,LATAM,CP0036,EQUITY,TDR0156,BOOK_D,2025-07-24
TXN0002856130,APP001,2025-02-11,pending,307748.93,EUR,EMEA,CP0437,FUTURE,TDR0154,BOOK_D,2025-04-13
TXN0001246361,APP010,2025-11-07,reversed,53093.31,GBP,LATAM,CP0470,BOND,TDR0130,BOOK_C,2025-08-28
TXN0002600095,APP016,2026-04-02,reversed,534719.05,EUR,EMEA,CP0273,FX,TDR0059,BOOK_B,2026-02-12
TXN0001386232,APP002,2025-07-23,pending,797009.38,USD,LATAM,CP0057,FUTURE,TDR0058,BOOK_D,2026-02-07
TXN0000093323,APP019,2025-03-26,reversed,638331.97,USD,LATAM,CP0408,EQUITY,TDR0167,BOOK_A,2025-04-17
TXN0007871321,APP007,2026-01-24,failed,181883.28,EUR,LATAM,CP0412,EQUITY,TDR0058,BOOK_B,2025-08-28
TXN0000533701,APP014,2026-01-24,active,619693.74,AUD,APAC,CP0326,FX,TDR0137,BOOK_A,2025-07-23
TXN0001470874,APP017,2025-02-13,reversed,411691.21,CHF,APAC,CP0294,FUTURE,TDR0166,BOOK_A,2025-04-30
TXN0007759006,APP019,2025-02-06,active,714452.25,JPY,APAC,CP0213,SWAP,TDR0071,BOOK_B,2025-04-28
TXN0005520687,APP010,2025-08-20,pending,710838.8,AUD,LATAM,CP0031,EQUITY,TDR0164,BOOK_A,2025-11-15
TXN0000992686,APP001,2026-04-13,settled,373010.12,AUD,APAC,CP0343,OPTION,TDR0119,BOOK_C,2025-02-03
TXN0006415234,APP020,2025-12-01,active,454921.1,GBP,EMEA,CP0046,FX,TDR0168,BOOK_B,2025-01-21
TXN0003096079,APP004,2025-09-22,reversed,392099.64,USD,AMER,CP0217,FX,TDR0092,BOOK_B,2025-01-23
TXN0001501970,APP005,2025-08-20,reversed,54703.49,USD,EMEA,CP0471,OPTION,TDR0027,BOOK_B,2025-03-25
TXN0004620796,APP016,2026-03-06,reversed,61112.6,CHF,AMER,CP0408,BOND,TDR0055,BOOK_B,2025-07-06
TXN0005273190,APP008,2026-04-13,pending,67001.47,AUD,EMEA,CP0025,BOND,TDR0140,BOOK_D,2025-08-11
TXN0006576903,APP020,2025-10-30,active,235612.88,CHF,APAC,CP0261,EQUITY,TDR0070,BOOK_C,2025-11-18
TXN0008668820,APP018,2025-11-25,failed,741870.05,USD,EMEA,CP0230,EQUITY,TDR0134,BOOK_D,2026-03-13
TXN0000709460,APP002,2025-07-08,active,627192.86,CHF,EMEA,CP0225,SWAP,TDR0121,BOOK_C,2025-07-06
TXN0008675961,APP006,2025-01-11,failed,14640.99,GBP,LATAM,CP0330,SWAP,TDR0130,BOOK_D,2025-12-27
TXN0004201525,APP011,2025-06-28,active,590377.74,AUD,AMER,CP0434,FX,TDR0027,BOOK_A,2026-04-02
TXN0004233177,APP012,2026-01-23,failed,104417.53,EUR,APAC,CP0334,FUTURE,TDR0068,BOOK_B,2025-10-11
TXN0005000684,APP020,2026-02-12,settled,233732.21,AUD,APAC,CP0290,OPTION,TDR0007,BOOK_A,2025-01-06
TXN0006386042,APP017,2025-11-12,pending,232364.47,EUR,AMER,CP0217,BOND,TDR0114,BOOK_B,2026-01-16
TXN0000009028,APP011,2025-10-02,reversed,339374.02,CHF,LATAM,CP0052,FX,TDR0038,BOOK_B,2026-03-16
TXN0008305036,APP008,2026-01-16,reversed,276171.79,EUR,APAC,CP0072,OPTION,TDR0004,BOOK_D,2026-03-23
TXN0005907293,APP010,2025-07-04,failed,997177.49,AUD,AMER,CP0380,OPTION,TDR0121,BOOK_A,2025-08-02
TXN0006911566,APP009,2025-03-17,failed,83653.53,AUD,APAC,CP0234,FX,TDR0119,BOOK_D,2025-01-25
TXN0004467126,APP017,2025-10-04,active,403481.75,EUR,APAC,CP0222,FUTURE,TDR0030,BOOK_C,2026-02-17
TXN0002375763,APP017,2025-02-04,settled,939186.82,GBP,EMEA,CP0447,FX,TDR0154,BOOK_D,2026-04-11
TXN0006287340,APP013,2025-07-17,active,501339.06,GBP,AMER,CP0385,OPTION,TDR0074,BOOK_A,2025-12-17
TXN0007710971,APP014,2025-01-03,pending,307552.22,GBP,EMEA,CP0221,FUTURE,TDR0151,BOOK_C,2026-04-14
TXN0009161165,APP002,2025-04-10,settled,377084.05,CHF,APAC,CP0085,SWAP,TDR0014,BOOK_B,2025-11-10
TXN0006981152,APP008,2025-08-30,reversed,283252.63,CHF,AMER,CP0246,FUTURE,TDR0134,BOOK_B,2025-01-21
TXN0007360784,APP012,2026-04-05,failed,921116.57,GBP,LATAM,CP0068,OPTION,TDR0176,BOOK_A,2026-04-10
TXN0009001368,APP017,2025-06-01,pending,239961.18,CHF,LATAM,CP0414,EQUITY,TDR0061,BOOK_D,2026-01-11
TXN0004912957,APP007,2025-08-09,reversed,480127.45,JPY,EMEA,CP0157,FX,TDR0113,BOOK_B,2025-11-16
TXN0004230869,APP018,2025-12-15,settled,825537.02,EUR,EMEA,CP0442,FX,TDR0048,BOOK_B,2025-05-15
TXN0003095394,APP013,2026-04-08,settled,179400.7,EUR,AMER,CP0233,BOND,TDR0188,BOOK_C,2026-03-10
TXN0002130540,APP011,2026-02-06,reversed,328680.43,GBP,AMER,CP0173,OPTION,TDR0136,BOOK_C,2026-01-06
TXN0001339923,APP012,2025-09-23,active,554076.37,EUR,LATAM,CP0095,SWAP,TDR0029,BOOK_D,2026-03-13
TXN0002115269,APP018,2025-05-07,settled,553024.85,EUR,AMER,CP0279,OPTION,TDR0133,BOOK_C,2026-01-30
TXN0008203312,APP004,2025-11-10,failed,548270.56,AUD,APAC,CP0475,FUTURE,TDR0146,BOOK_D,2026-03-14
TXN0005684252,APP012,2026-01-27,settled,716969.48,GBP,LATAM,CP0249,OPTION,TDR0148,BOOK_D,2025-06-26
TXN0004084385,APP017,2026-03-22,active,291174.29,GBP,EMEA,CP0186,FX,TDR0129,BOOK_C,2025-11-28
TXN0004108598,APP002,2025-11-09,active,226286.53,EUR,AMER,CP0022,FUTURE,TDR0080,BOOK_B,2025-04-04
TXN0006719927,APP004,2025-12-09,reversed,910816.7,AUD,AMER,CP0420,OPTION,TDR0047,BOOK_A,2025-02-11
TXN0007667298,APP007,2025-03-18,reversed,495049.26,AUD,EMEA,CP0498,SWAP,TDR0200,BOOK_C,2025-07-08
TXN0007428694,APP015,2026-01-07,pending,334667.35,USD,APAC,CP0245,OPTION,TDR0151,BOOK_A,2026-01-09
TXN0007614529,APP001,2025-07-11,active,243312.18,GBP,AMER,CP0379,EQUITY,TDR0042,BOOK_A,2025-01-21
TXN0006512486,APP012,2025-07-11,pending,488201.36,AUD,APAC,CP0339,SWAP,TDR0122,BOOK_D,2025-09-13
TXN0002645480,APP007,2025-09-21,failed,459342.57,EUR,LATAM,CP0376,SWAP,TDR0088,BOOK_B,2026-01-07
TXN0004454707,APP007,2025-07-29,failed,193531.28,AUD,APAC,CP0214,FUTURE,TDR0039,BOOK_A,2025-09-08
TXN0009409802,APP007,2026-03-17,reversed,313707.02,EUR,APAC,CP0384,SWAP,TDR0017,BOOK_C,2025-03-02
TXN0003316851,APP017,2026-01-13,pending,361406.77,EUR,LATAM,CP0080,FUTURE,TDR0159,BOOK_C,2025-06-17
TXN0006684943,APP008,2025-10-05,failed,915734.82,CHF,AMER,CP0206,FUTURE,TDR0005,BOOK_B,2025-09-06
TXN0006769810,APP006,2025-02-02,settled,895590.87,AUD,APAC,CP0296,SWAP,TDR0161,BOOK_C,2025-05-29
TXN0001937152,APP004,2026-01-28,active,47099.09,EUR,AMER,CP0176,FUTURE,TDR0108,BOOK_D,2025-11-02
TXN0002384643,APP003,2025-05-20,settled,665553.71,GBP,EMEA,CP0292,EQUITY,TDR0004,BOOK_B,2025-06-08
TXN0006833102,APP004,2025-12-30,active,587441.09,CHF,AMER,CP0168,BOND,TDR0054,BOOK_C,2025-05-21
TXN0008063090,APP013,2025-02-20,failed,168524.82,EUR,EMEA,CP0500,SWAP,TDR0055,BOOK_A,2025-10-14
TXN0000032684,APP006,2026-02-13,failed,321978.09,USD,AMER,CP0428,EQUITY,TDR0126,BOOK_A,2025-12-02
TXN0002177389,APP004,2025-08-19,pending,279328.58,CHF,LATAM,CP0068,FX,TDR0099,BOOK_A,2025-10-31
TXN0000061300,APP007,2025-03-24,settled,712240.66,AUD,APAC,CP0183,OPTION,TDR0080,BOOK_C,2025-05-02
TXN0001424213,APP008,2026-01-09,active,879540.98,AUD,EMEA,CP0248,EQUITY,TDR0114,BOOK_D,2025-08-22
TXN0005292261,APP017,2026-04-06,reversed,373544.57,CHF,APAC,CP0288,FX,TDR0111,BOOK_C,2025-09-21
TXN0000860176,APP004,2025-11-12,pending,64976.04,CHF,EMEA,CP0417,FUTURE,TDR0190,BOOK_A,2025-04-19
TXN0002167222,APP008,2025-07-30,reversed,682701.49,GBP,AMER,CP0201,SWAP,TDR0096,BOOK_A,2026-04-06
TXN0002268369,APP013,2025-01-25,settled,898377.14,JPY,AMER,CP0091,FUTURE,TDR0179,BOOK_B,2025-11-24
TXN0007368322,APP009,2026-01-11,reversed,754727.33,GBP,APAC,CP0469,EQUITY,TDR0047,BOOK_C,2025-10-12
TXN0006863983,APP006,2025-05-18,pending,529079.95,EUR,AMER,CP0179,SWAP,TDR0135,BOOK_A,2025-02-20
TXN0004002504,APP012,2025-11-12,pending,527905.02,EUR,APAC,CP0297,BOND,TDR0103,BOOK_A,2025-03-12
TXN0001764811,APP018,2025-02-09,active,589366.41,EUR,EMEA,CP0449,FUTURE,TDR0027,BOOK_B,2025-09-04
TXN0006822162,APP007,2026-03-08,reversed,331.28,JPY,EMEA,CP0344,SWAP,TDR0146,BOOK_C,2025-05-02
TXN0003554173,APP011,2025-05-09,failed,364658.54,USD,APAC,CP0289,OPTION,TDR0083,BOOK_C,2025-07-24
TXN0008697404,APP003,2025-08-09,pending,382954.42,CHF,AMER,CP0235,SWAP,TDR0030,BOOK_C,2025-01-01
TXN0005647021,APP014,2025-10-22,active,357394.27,AUD,LATAM,CP0208,OPTION,TDR0001,BOOK_D,2025-11-12
TXN0007080619,APP011,2025-09-21,failed,71390.4,USD,APAC,CP0381,EQUITY,TDR0141,BOOK_B,2025-07-08
TXN0006844171,APP012,2025-07-07,settled,993488.56,USD,EMEA,CP0493,SWAP,TDR0144,BOOK_C,2025-12-26
TXN0000582268,APP008,2026-02-27,settled,922869.24,JPY,APAC,CP0021,OPTION,TDR0086,BOOK_B,2026-02-09
TXN0007467196,APP001,2025-08-08,failed,287696.84,JPY,AMER,CP0458,FUTURE,TDR0161,BOOK_C,2026-01-17
TXN0007632637,APP011,2025-02-06,settled,768863.83,EUR,EMEA,CP0314,BOND,TDR0141,BOOK_C,2025-06-19
TXN0003845135,APP003,2025-02-26,reversed,593829.06,JPY,APAC,CP0059,FX,TDR0047,BOOK_C,2025-02-22
TXN0007906642,APP013,2025-02-16,settled,336796.74,USD,EMEA,CP0086,FUTURE,TDR0029,BOOK_D,2025-12-04
TXN0001774975,APP009,2026-01-27,failed,316115.13,USD,AMER,CP0443,SWAP,TDR0164,BOOK_A,2025-12-20
TXN0003489497,APP009,2025-03-06,pending,40817.0,EUR,EMEA,CP0212,EQUITY,TDR0185,BOOK_B,2025-05-06
TXN0004770117,APP013,2026-03-22,reversed,598631.51,GBP,APAC,CP0242,BOND,TDR0167,BOOK_A,2025-01-29
TXN0005860331,APP002,2025-11-30,failed,917033.57,USD,AMER,CP0280,SWAP,TDR0184,BOOK_B,2026-03-11
TXN0001614132,APP005,2026-04-09,pending,618324.04,AUD,AMER,CP0411,EQUITY,TDR0111,BOOK_B,2025-07-10
TXN0003329976,APP011,2026-01-07,settled,178181.81,GBP,APAC,CP0071,BOND,TDR0043,BOOK_B,2025-03-02
TXN0007822264,APP010,2025-06-18,pending,157159.44,JPY,APAC,CP0483,BOND,TDR0037,BOOK_B,2025-10-03
TXN0007898031,APP012,2025-05-05,active,233279.72,CHF,LATAM,CP0007,FUTURE,TDR0178,BOOK_B,2026-03-26
TXN0001477538,APP005,2025-10-07,pending,697446.49,EUR,EMEA,CP0056,SWAP,TDR0153,BOOK_D,2026-02-12
TXN0004706803,APP010,2025-03-17,pending,615102.9,JPY,LATAM,CP0378,BOND,TDR0136,BOOK_A,2025-05-27
TXN0003841010,APP001,2026-02-26,pending,581435.12,JPY,LATAM,CP0299,BOND,TDR0026,BOOK_C,2025-12-02
TXN0002270143,APP010,2025-10-19,reversed,468709.12,CHF,AMER,CP0307,EQUITY,TDR0027,BOOK_C,2025-08-04
TXN0003422562,APP018,2025-05-04,failed,789228.4,AUD,AMER,CP0162,OPTION,TDR0010,BOOK_A,2025-06-06
TXN0005476810,APP012,2025-09-10,active,278486.36,CHF,LATAM,CP0135,SWAP,TDR0091,BOOK_B,2025-03-27
TXN0005961854,APP009,2025-01-21,reversed,999537.86,USD,APAC,CP0027,FX,TDR0028,BOOK_A,2026-02-26
TXN0000484625,APP006,2025-06-23,failed,771079.61,EUR,EMEA,CP0419,FX,TDR0124,BOOK_A,2025-06-24
TXN0004697143,APP005,2025-08-02,reversed,626385.82,AUD,LATAM,CP0053,FX,TDR0011,BOOK_A,2025-11-22
TXN0009502919,APP002,2026-02-18,settled,366267.87,AUD,EMEA,CP0009,SWAP,TDR0098,BOOK_A,2026-01-08
TXN0003678974,APP010,2026-01-27,active,823716.53,USD,EMEA,CP0068,BOND,TDR0157,BOOK_B,2026-02-18
TXN0000731458,APP004,2026-04-08,active,481682.38,EUR,LATAM,CP0390,FUTURE,TDR0054,BOOK_C,2025-03-31
TXN0000383731,APP005,2025-02-06,failed,560871.14,USD,APAC,CP0401,BOND,TDR0188,BOOK_B,2025-09-14
TXN0004230144,APP017,2025-09-11,failed,754960.64,AUD,AMER,CP0284,EQUITY,TDR0187,BOOK_D,2026-03-20
TXN0000696444,APP012,2025-10-16,active,517058.57,USD,AMER,CP0348,OPTION,TDR0044,BOOK_B,2025-03-30
TXN0004278378,APP019,2025-01-10,settled,172251.07,CHF,EMEA,CP0213,SWAP,TDR0011,BOOK_C,2025-10-22
TXN0005904418,APP004,2025-10-20,reversed,731406.05,USD,LATAM,CP0407,OPTION,TDR0073,BOOK_D,2025-05-07
TXN0008005721,APP011,2025-10-18,settled,689288.31,JPY,AMER,CP0443,FX,TDR0049,BOOK_A,2025-02-11
TXN0005460280,APP002,2025-12-29,active,371722.81,JPY,EMEA,CP0343,EQUITY,TDR0085,BOOK_C,2026-01-12
TXN0007998608,APP012,2025-12-01,failed,239346.86,GBP,APAC,CP0046,BOND,TDR0155,BOOK_B,2025-11-27
TXN0003321335,APP012,2025-03-21,reversed,43522.27,EUR,EMEA,CP0147,FX,TDR0180,BOOK_A,2025-10-14
TXN0002791216,APP005,2025-03-07,pending,811048.06,CHF,AMER,CP0247,BOND,TDR0042,BOOK_D,2025-09-24
TXN0004276006,APP015,2025-04-05,pending,533958.09,CHF,AMER,CP0474,FX,TDR0178,BOOK_C,2025-07-06
TXN0002775369,APP018,2026-01-17,failed,359593.6,JPY,LATAM,CP0405,EQUITY,TDR0177,BOOK_A,2025-09-10
TXN0001101639,APP007,2025-01-11,pending,513563.42,JPY,AMER,CP0247,EQUITY,TDR0080,BOOK_B,2025-11-02
TXN0006732719,APP019,2025-03-17,active,681815.04,AUD,AMER,CP0187,EQUITY,TDR0062,BOOK_C,2026-04-05
TXN0006911814,APP006,2025-03-04,active,881706.14,CHF,APAC,CP0097,FX,TDR0142,BOOK_C,2025-07-30
TXN0002928893,APP001,2025-07-20,active,613119.33,EUR,LATAM,CP0128,FUTURE,TDR0050,BOOK_A,2025-05-08
TXN0009250846,APP012,2025-11-20,settled,520081.25,AUD,LATAM,CP0144,FX,TDR0043,BOOK_D,2025-01-22
TXN0005680712,APP011,2025-03-17,pending,666516.66,GBP,AMER,CP0147,BOND,TDR0109,BOOK_D,2025-07-22
TXN0008362336,APP004,2025-05-24,reversed,793765.12,JPY,AMER,CP0244,EQUITY,TDR0025,BOOK_D,2025-10-17
TXN0002590071,APP010,2026-02-19,active,950124.61,USD,APAC,CP0453,OPTION,TDR0056,BOOK_D,2025-08-28
TXN0001662360,APP010,2026-03-23,pending,424310.87,GBP,LATAM,CP0231,EQUITY,TDR0071,BOOK_A,2025-01-31
TXN0008611379,APP019,2025-08-23,failed,416782.42,USD,APAC,CP0208,BOND,TDR0037,BOOK_B,2025-09-08
TXN0005822584,APP010,2025-09-22,pending,831965.18,JPY,EMEA,CP0308,FX,TDR0146,BOOK_D,2025-07-14
TXN0009724934,APP009,2026-03-16,failed,273820.92,AUD,EMEA,CP0092,FUTURE,TDR0170,BOOK_B,2025-08-13
TXN0004492492,APP020,2026-02-06,settled,663229.76,GBP,EMEA,CP0382,FUTURE,TDR0035,BOOK_D,2025-12-19
TXN0009970777,APP013,2025-11-12,reversed,690915.74,USD,APAC,CP0442,SWAP,TDR0049,BOOK_B,2025-01-30
TXN0004361773,APP015,2025-02-23,active,376264.43,EUR,AMER,CP0366,SWAP,TDR0023,BOOK_D,2026-03-21
TXN0005588836,APP017,2025-08-26,settled,278957.23,GBP,AMER,CP0134,EQUITY,TDR0185,BOOK_D,2025-01-24
TXN0006283482,APP007,2025-05-01,active,340745.7,GBP,LATAM,CP0448,EQUITY,TDR0029,BOOK_D,2025-01-22
TXN0004923498,APP004,2025-05-14,reversed,362480.62,JPY,AMER,CP0275,OPTION,TDR0159,BOOK_A,2025-09-10
TXN0006521195,APP002,2025-12-19,settled,589807.73,EUR,EMEA,CP0380,SWAP,TDR0017,BOOK_B,2025-08-04
TXN0002101020,APP001,2025-02-17,pending,722228.97,AUD,APAC,CP0461,EQUITY,TDR0026,BOOK_D,2025-03-28
TXN0009361870,APP007,2025-04-11,pending,806865.61,EUR,EMEA,CP0011,OPTION,TDR0087,BOOK_D,2026-03-18
TXN0000875677,APP009,2025-10-03,failed,219695.75,CHF,AMER,CP0251,OPTION,TDR0064,BOOK_C,2025-03-15
TXN0005661317,APP002,2025-10-31,settled,300552.39,GBP,LATAM,CP0075,OPTION,TDR0186,BOOK_B,2025-08-29
TXN0003446683,APP020,2025-03-15,reversed,477217.24,AUD,APAC,CP0076,FUTURE,TDR0145,BOOK_D,2025-11-24
TXN0005105484,APP005,2025-03-14,reversed,604628.0,USD,AMER,CP0079,FX,TDR0053,BOOK_D,2025-03-06
TXN0007184293,APP007,2025-10-11,reversed,240813.6,USD,EMEA,CP0161,EQUITY,TDR0181,BOOK_C,2026-02-05
TXN0009135879,APP015,2026-03-07,active,258363.0,CHF,LATAM,CP0296,FUTURE,TDR0199,BOOK_B,2025-09-01
TXN0007997948,APP016,2025-06-02,pending,298695.11,JPY,AMER,CP0081,SWAP,TDR0051,BOOK_B,2025-02-02
TXN0007747757,APP020,2025-01-31,reversed,755041.98,GBP,AMER,CP0304,OPTION,TDR0152,BOOK_B,2026-03-17
TXN0004386815,APP014,2025-11-12,pending,179022.31,EUR,LATAM,CP0382,SWAP,TDR0002,BOOK_D,2025-04-03
TXN0004346696,APP007,2025-04-19,failed,580071.74,GBP,APAC,CP0119,BOND,TDR0069,BOOK_A,2025-04-24
TXN0004874199,APP005,2026-01-19,reversed,801087.13,JPY,EMEA,CP0200,BOND,TDR0056,BOOK_A,2025-06-18
TXN0005113543,APP012,2025-05-11,reversed,808074.79,USD,APAC,CP0096,OPTION,TDR0086,BOOK_D,2025-06-08
TXN0002228940,APP020,2026-02-01,failed,387484.32,EUR,APAC,CP0233,EQUITY,TDR0150,BOOK_C,2025-02-08
TXN0008923248,APP006,2026-03-04,failed,338836.77,JPY,LATAM,CP0029,BOND,TDR0092,BOOK_C,2025-03-07
TXN0003911851,APP007,2025-12-17,settled,954335.83,AUD,AMER,CP0148,SWAP,TDR0199,BOOK_A,2025-06-27
TXN0007471455,APP004,2026-01-17,failed,216959.66,AUD,APAC,CP0307,SWAP,TDR0095,BOOK_C,2025-06-25
TXN0007255178,APP018,2026-03-19,failed,257587.29,USD,APAC,CP0027,SWAP,TDR0176,BOOK_C,2025-03-15
TXN0008668651,APP001,2025-03-12,pending,381273.17,USD,AMER,CP0122,OPTION,TDR0018,BOOK_C,2025-02-11
TXN0006446650,APP012,2026-03-11,reversed,844945.91,EUR,APAC,CP0232,OPTION,TDR0195,BOOK_A,2026-01-05
TXN0008292055,APP013,2026-03-25,settled,50046.55,JPY,AMER,CP0252,EQUITY,TDR0187,BOOK_B,2025-11-16
TXN0000773168,APP010,2025-03-06,failed,709129.78,USD,LATAM,CP0140,SWAP,TDR0093,BOOK_D,2026-03-18
TXN0006269173,APP001,2025-04-27,reversed,69984.29,CHF,LATAM,CP0426,EQUITY,TDR0168,BOOK_B,2025-03-29
TXN0009804387,APP013,2025-02-09,failed,283734.39,JPY,APAC,CP0155,BOND,TDR0097,BOOK_C,2025-05-04
TXN0003703621,APP020,2025-09-25,active,185503.73,CHF,LATAM,CP0103,OPTION,TDR0175,BOOK_C,2026-02-09
TXN0007825261,APP014,2025-07-18,active,984154.26,USD,EMEA,CP0464,FUTURE,TDR0100,BOOK_C,2025-04-15
TXN0006356226,APP012,2026-01-09,pending,372311.59,GBP,LATAM,CP0060,FUTURE,TDR0046,BOOK_B,2025-03-22
TXN0003488219,APP017,2025-03-03,reversed,985504.4,JPY,AMER,CP0064,EQUITY,TDR0001,BOOK_C,2025-07-30
TXN0003355053,APP006,2025-03-18,settled,360877.61,EUR,AMER,CP0008,FUTURE,TDR0145,BOOK_C,2025-03-16
TXN0007910567,APP004,2025-03-15,pending,38183.1,EUR,EMEA,CP0412,BOND,TDR0050,BOOK_D,2025-07-20
TXN0004163822,APP001,2025-06-28,reversed,466897.76,EUR,AMER,CP0393,BOND,TDR0094,BOOK_D,2025-11-10
TXN0008278262,APP016,2025-08-01,reversed,349850.79,EUR,APAC,CP0377,BOND,TDR0158,BOOK_A,2025-11-23
TXN0000045830,APP018,2025-06-09,failed,137232.91,JPY,LATAM,CP0071,EQUITY,TDR0114,BOOK_D,2025-10-20
TXN0003994932,APP012,2025-02-01,settled,135018.12,AUD,AMER,CP0270,EQUITY,TDR0187,BOOK_A,2025-04-22
TXN0006145763,APP006,2025-03-13,active,810035.68,JPY,AMER,CP0309,EQUITY,TDR0056,BOOK_B,2025-06-05
TXN0003508401,APP006,2026-01-30,failed,126473.43,USD,AMER,CP0025,BOND,TDR0028,BOOK_A,2025-09-21
TXN0007307049,APP007,2025-09-18,settled,914517.49,CHF,AMER,CP0156,OPTION,TDR0013,BOOK_B,2025-04-06
TXN0004535946,APP009,2025-07-11,active,52268.83,CHF,EMEA,CP0083,EQUITY,TDR0144,BOOK_D,2026-03-28
TXN0004191324,APP002,2025-08-27,failed,388954.32,GBP,AMER,CP0472,BOND,TDR0027,BOOK_D,2025-12-23
TXN0001210472,APP005,2025-11-14,pending,994245.28,GBP,AMER,CP0202,FUTURE,TDR0020,BOOK_A,2025-09-20
TXN0002003456,APP009,2026-02-27,active,203928.19,USD,EMEA,CP0167,SWAP,TDR0130,BOOK_B,2025-02-18
TXN0009105581,APP016,2025-03-28,failed,324853.37,CHF,AMER,CP0347,FX,TDR0068,BOOK_D,2025-09-21
TXN0000112412,APP004,2025-12-01,settled,17754.08,CHF,APAC,CP0334,FX,TDR0054,BOOK_C,2026-03-11
TXN0005178725,APP005,2025-10-08,pending,732705.42,JPY,EMEA,CP0071,BOND,TDR0177,BOOK_D,2025-10-25
TXN0000553539,APP001,2026-04-07,active,639058.83,AUD,AMER,CP0396,FUTURE,TDR0053,BOOK_B,2025-04-19
TXN0000135378,APP013,2025-11-07,failed,687713.46,CHF,LATAM,CP0374,OPTION,TDR0113,BOOK_B,2025-07-15
TXN0006065238,APP017,2025-03-23,failed,447242.31,AUD,APAC,CP0304,FUTURE,TDR0061,BOOK_B,2025-09-18
TXN0000660008,APP013,2025-07-24,failed,886524.43,GBP,EMEA,CP0338,FX,TDR0151,BOOK_C,2025-05-31
TXN0007548351,APP005,2025-10-24,failed,739276.78,AUD,LATAM,CP0341,SWAP,TDR0053,BOOK_A,2025-07-30
TXN0005300950,APP014,2025-02-20,reversed,360802.68,JPY,EMEA,CP0109,FX,TDR0189,BOOK_A,2025-04-12
TXN0002156139,APP019,2025-02-20,pending,632421.82,EUR,EMEA,CP0274,EQUITY,TDR0112,BOOK_D,2025-09-13
TXN0003881771,APP003,2025-09-14,active,293439.08,CHF,EMEA,CP0261,BOND,TDR0095,BOOK_A,2026-04-03
TXN0000924044,APP018,2025-10-29,reversed,702683.53,AUD,LATAM,CP0476,BOND,TDR0066,BOOK_A,2025-05-17
TXN0004098388,APP012,2026-02-16,pending,155384.28,CHF,APAC,CP0143,FUTURE,TDR0098,BOOK_A,2025-08-11
TXN0000238778,APP016,2025-05-24,failed,659294.2,AUD,APAC,CP0203,FX,TDR0191,BOOK_A,2025-01-18
TXN0001441601,APP020,2025-06-26,failed,680861.58,CHF,APAC,CP0396,EQUITY,TDR0026,BOOK_C,2025-02-24
TXN0007453256,APP011,2026-01-30,active,415517.45,AUD,APAC,CP0278,OPTION,TDR0190,BOOK_D,2025-08-22
TXN0000499229,APP015,2025-09-22,pending,377947.76,GBP,AMER,CP0420,FUTURE,TDR0037,BOOK_C,2025-04-06
TXN0008257359,APP014,2025-12-15,pending,334842.81,JPY,AMER,CP0168,FX,TDR0070,BOOK_C,2025-07-20
TXN0000404226,APP013,2025-10-05,settled,418293.27,GBP,APAC,CP0174,BOND,TDR0138,BOOK_C,2025-06-08
TXN0004132826,APP005,2025-08-05,settled,230617.72,AUD,LATAM,CP0074,OPTION,TDR0094,BOOK_D,2026-02-09
TXN0007788253,APP002,2025-09-19,active,577189.1,USD,EMEA,CP0189,OPTION,TDR0138,BOOK_D,2025-11-27
TXN0007872702,APP009,2025-07-04,pending,684757.4,EUR,LATAM,CP0424,EQUITY,TDR0156,BOOK_D,2025-11-06
TXN0002698248,APP009,2025-06-21,pending,160251.75,EUR,EMEA,CP0031,OPTION,TDR0057,BOOK_C,2025-03-22
TXN0005965086,APP008,2025-05-05,pending,712010.15,EUR,EMEA,CP0079,OPTION,TDR0084,BOOK_D,2025-04-26
TXN0000235807,APP002,2025-02-16,reversed,265013.64,GBP,AMER,CP0335,SWAP,TDR0023,BOOK_D,2025-08-20
TXN0002524695,APP012,2025-04-14,active,67422.71,CHF,APAC,CP0048,FX,TDR0183,BOOK_C,2025-05-14
TXN0000485655,APP012,2025-01-11,reversed,615730.44,GBP,LATAM,CP0272,FX,TDR0012,BOOK_B,2026-04-12
TXN0009880909,APP006,2025-01-18,settled,141700.72,EUR,AMER,CP0463,OPTION,TDR0063,BOOK_D,2026-01-24
TXN0004296871,APP011,2026-01-05,settled,506744.91,EUR,LATAM,CP0137,FX,TDR0191,BOOK_C,2025-05-21
TXN0003401870,APP015,2026-03-05,active,640933.86,JPY,AMER,CP0498,BOND,TDR0176,BOOK_B,2025-10-18
TXN0000050570,APP005,2026-01-02,pending,837229.74,EUR,LATAM,CP0115,FX,TDR0180,BOOK_A,2025-10-04
TXN0002364108,APP019,2025-02-19,reversed,839160.24,USD,EMEA,CP0372,OPTION,TDR0175,BOOK_D,2026-04-06
TXN0003013754,APP012,2025-06-08,reversed,100347.04,CHF,EMEA,CP0308,BOND,TDR0045,BOOK_B,2025-05-05
TXN0002750610,APP003,2026-01-19,pending,881604.7,AUD,APAC,CP0031,OPTION,TDR0025,BOOK_C,2025-01-08
TXN0001504389,APP002,2025-07-03,reversed,290850.38,EUR,LATAM,CP0475,FUTURE,TDR0004,BOOK_C,2025-06-26
TXN0002076049,APP016,2025-12-27,active,795870.15,GBP,EMEA,CP0041,BOND,TDR0048,BOOK_B,2026-02-11
TXN0007329241,APP001,2026-01-17,settled,380752.94,USD,APAC,CP0465,FUTURE,TDR0068,BOOK_D,2025-05-04
TXN0009118593,APP020,2026-03-29,reversed,355952.65,AUD,LATAM,CP0344,OPTION,TDR0058,BOOK_C,2025-05-25
TXN0003692088,APP010,2025-04-02,pending,558256.41,CHF,LATAM,CP0291,FUTURE,TDR0117,BOOK_B,2025-04-06
TXN0008621835,APP002,2026-03-18,active,400966.79,USD,APAC,CP0270,EQUITY,TDR0161,BOOK_B,2025-01-08
TXN0005130207,APP003,2025-09-09,active,351809.17,CHF,EMEA,CP0076,FUTURE,TDR0121,BOOK_C,2025-10-17
TXN0005564370,APP014,2025-06-05,settled,94562.58,CHF,LATAM,CP0335,FUTURE,TDR0153,BOOK_D,2025-11-26
TXN0000024148,APP020,2025-08-21,settled,206705.54,GBP,APAC,CP0143,SWAP,TDR0123,BOOK_C,2025-04-17
TXN0008018833,APP012,2025-03-24,settled,873142.6,GBP,LATAM,CP0327,EQUITY,TDR0103,BOOK_B,2025-11-24
TXN0000688423,APP003,2026-01-14,pending,649725.41,JPY,EMEA,CP0419,SWAP,TDR0093,BOOK_A,2025-03-15
TXN0009737027,APP011,2025-11-24,reversed,837505.69,CHF,LATAM,CP0411,BOND,TDR0013,BOOK_A,2026-02-21
TXN0003682013,APP008,2025-12-29,settled,996351.47,CHF,AMER,CP0203,FUTURE,TDR0153,BOOK_D,2025-01-16
TXN0008822568,APP001,2025-12-01,pending,920178.65,CHF,APAC,CP0101,SWAP,TDR0192,BOOK_C,2026-01-05
TXN0007397307,APP014,2025-05-19,pending,220060.54,JPY,APAC,CP0260,OPTION,TDR0083,BOOK_D,2025-02-18
TXN0008271192,APP015,2025-05-27,active,470079.92,USD,EMEA,CP0213,FUTURE,TDR0005,BOOK_C,2025-09-26
TXN0004726597,APP004,2025-04-15,settled,414571.63,AUD,AMER,CP0419,SWAP,TDR0017,BOOK_C,2025-08-16
TXN0003146653,APP012,2025-01-29,reversed,72824.6,AUD,APAC,CP0354,OPTION,TDR0112,BOOK_C,2026-01-27
TXN0006679593,APP016,2025-11-29,pending,604198.99,JPY,EMEA,CP0206,SWAP,TDR0099,BOOK_C,2025-12-08
TXN0008707082,APP008,2025-04-25,failed,189142.07,AUD,AMER,CP0018,OPTION,TDR0160,BOOK_C,2025-07-04
TXN0005290431,APP010,2025-10-13,pending,198725.09,CHF,EMEA,CP0485,EQUITY,TDR0196,BOOK_D,2025-03-03
TXN0008634667,APP008,2025-09-03,pending,518713.66,GBP,EMEA,CP0168,EQUITY,TDR0152,BOOK_D,2025-07-16
TXN0006410752,APP012,2025-01-23,reversed,35264.1,CHF,LATAM,CP0135,FUTURE,TDR0168,BOOK_C,2025-03-26
TXN0009025262,APP001,2025-06-05,active,880415.8,AUD,LATAM,CP0140,OPTION,TDR0082,BOOK_D,2025-08-20
TXN0006579647,APP011,2025-04-17,pending,309154.07,JPY,LATAM,CP0399,EQUITY,TDR0020,BOOK_A,2026-02-15
TXN0003369423,APP013,2026-04-05,active,663558.02,GBP,LATAM,CP0093,FUTURE,TDR0133,BOOK_C,2025-05-29
TXN0006805929,APP002,2025-11-07,active,351895.86,JPY,LATAM,CP0402,FUTURE,TDR0155,BOOK_A,2025-02-16
TXN0002134929,APP019,2026-03-13,settled,345330.28,USD,EMEA,CP0238,BOND,TDR0200,BOOK_C,2025-11-26
TXN0007426736,APP010,2026-01-27,reversed,52425.46,EUR,APAC,CP0219,FUTURE,TDR0156,BOOK_A,2025-12-16
TXN0006155592,APP020,2026-03-08,settled,500455.53,EUR,EMEA,CP0294,OPTION,TDR0186,BOOK_C,2025-01-13
TXN0003555428,APP012,2025-01-24,active,579062.75,USD,APAC,CP0083,BOND,TDR0087,BOOK_B,2025-07-03
TXN0002609726,APP010,2026-03-12,pending,239575.06,GBP,AMER,CP0457,BOND,TDR0029,BOOK_A,2025-10-12
TXN0006423940,APP011,2026-04-02,pending,87674.0,USD,EMEA,CP0154,BOND,TDR0122,BOOK_D,2025-02-11
TXN0008092830,APP015,2025-07-12,settled,912143.63,USD,APAC,CP0374,FX,TDR0190,BOOK_A,2025-12-20
TXN0005094121,APP010,2025-09-12,pending,690580.1,JPY,AMER,CP0127,BOND,TDR0028,BOOK_B,2025-02-12
TXN0002213887,APP020,2025-11-10,reversed,191120.96,USD,APAC,CP0272,EQUITY,TDR0096,BOOK_C,2026-02-23
TXN0007870671,APP019,2025-08-15,active,838627.63,JPY,EMEA,CP0088,SWAP,TDR0113,BOOK_A,2025-06-22
TXN0005434306,APP012,2025-05-10,reversed,174463.74,AUD,APAC,CP0378,BOND,TDR0109,BOOK_C,2025-05-23
TXN0006440828,APP020,2025-12-14,settled,710592.37,USD,AMER,CP0322,BOND,TDR0077,BOOK_C,2025-02-06
TXN0008086298,APP004,2025-01-21,settled,748085.0,AUD,AMER,CP0258,OPTION,TDR0050,BOOK_C,2025-01-21
TXN0002158607,APP017,2025-06-27,pending,996777.47,USD,LATAM,CP0358,EQUITY,TDR0044,BOOK_D,2025-05-26
TXN0007096318,APP012,2026-04-10,reversed,313686.58,JPY,LATAM,CP0177,FX,TDR0113,BOOK_A,2025-08-18
TXN0004790812,APP002,2026-02-04,reversed,593234.66,JPY,LATAM,CP0002,OPTION,TDR0077,BOOK_C,2025-08-31
TXN0006013232,APP007,2025-12-20,active,651409.5,AUD,APAC,CP0373,OPTION,TDR0181,BOOK_C,2026-01-12
TXN0006776245,APP011,2025-12-19,active,292518.51,CHF,LATAM,CP0100,OPTION,TDR0041,BOOK_A,2025-06-29
TXN0002785395,APP008,2025-12-28,settled,743227.63,CHF,APAC,CP0265,SWAP,TDR0187,BOOK_D,2025-11-27
TXN0000061835,APP006,2025-05-29,active,72088.35,CHF,AMER,CP0027,BOND,TDR0050,BOOK_B,2025-08-28
TXN0007649961,APP004,2026-03-25,active,346702.82,AUD,EMEA,CP0140,FX,TDR0135,BOOK_C,2025-01-18
TXN0007942173,APP007,2026-02-19,settled,752980.18,CHF,LATAM,CP0433,BOND,TDR0044,BOOK_A,2025-01-23
TXN0003714834,APP020,2025-01-04,reversed,465251.61,USD,EMEA,CP0331,SWAP,TDR0001,BOOK_C,2025-12-09
TXN0003531599,APP017,2025-11-02,reversed,43440.2,EUR,APAC,CP0088,FX,TDR0059,BOOK_A,2025-12-24
TXN0001955626,APP010,2025-04-21,reversed,639904.78,AUD,EMEA,CP0002,SWAP,TDR0059,BOOK_D,2025-05-11
TXN0006389502,APP014,2025-08-11,pending,175647.62,AUD,EMEA,CP0318,SWAP,TDR0096,BOOK_B,2026-01-15
TXN0002577943,APP003,2025-07-15,active,378402.16,GBP,AMER,CP0404,FX,TDR0029,BOOK_C,2025-06-27
TXN0000737564,APP001,2026-03-07,reversed,935057.65,EUR,LATAM,CP0417,EQUITY,TDR0095,BOOK_C,2025-05-02
TXN0005883499,APP006,2025-08-24,failed,72274.2,JPY,AMER,CP0053,SWAP,TDR0054,BOOK_A,2025-08-02
TXN0001080100,APP018,2025-03-24,active,513946.37,EUR,APAC,CP0445,FX,TDR0129,BOOK_C,2025-05-09
TXN0008245304,APP001,2025-08-25,settled,17005.08,CHF,AMER,CP0096,FUTURE,TDR0035,BOOK_C,2025-09-14
TXN0002217634,APP009,2026-03-02,settled,995800.42,AUD,APAC,CP0366,SWAP,TDR0040,BOOK_C,2025-02-19
TXN0002303599,APP019,2025-06-23,active,186777.05,GBP,LATAM,CP0385,FX,TDR0039,BOOK_D,2025-12-19
TXN0008516993,APP020,2025-01-26,reversed,650005.99,USD,APAC,CP0421,BOND,TDR0086,BOOK_B,2026-02-10
TXN0002759400,APP013,2025-09-03,pending,101193.83,GBP,LATAM,CP0301,EQUITY,TDR0101,BOOK_B,2026-02-09
TXN0008218009,APP015,2025-06-16,reversed,604874.44,EUR,AMER,CP0413,BOND,TDR0021,BOOK_D,2025-07-21
TXN0003821001,APP019,2025-05-08,failed,417804.67,EUR,EMEA,CP0177,FX,TDR0095,BOOK_B,2026-01-23
TXN0002625384,APP018,2025-06-21,settled,685352.87,EUR,AMER,CP0073,SWAP,TDR0147,BOOK_C,2025-10-11
TXN0009241475,APP019,2026-03-09,failed,215021.41,USD,LATAM,CP0297,BOND,TDR0011,BOOK_D,2026-02-03
TXN0007644395,APP013,2025-08-20,settled,387333.92,GBP,APAC,CP0493,FUTURE,TDR0125,BOOK_C,2025-05-14
TXN0005131544,APP020,2025-11-19,reversed,13670.87,USD,EMEA,CP0010,BOND,TDR0018,BOOK_C,2025-07-08
TXN0004859930,APP018,2025-06-08,failed,696756.35,AUD,AMER,CP0248,FX,TDR0147,BOOK_C,2026-02-25
TXN0007511682,APP010,2026-04-10,active,967265.93,CHF,APAC,CP0077,BOND,TDR0084,BOOK_C,2025-11-27
TXN0003188148,APP009,2025-12-14,pending,415071.94,GBP,AMER,CP0358,FUTURE,TDR0174,BOOK_C,2025-10-28
TXN0001073416,APP001,2025-03-21,settled,607350.04,AUD,LATAM,CP0191,EQUITY,TDR0076,BOOK_C,2025-12-02
TXN0005119626,APP014,2025-08-01,active,237607.7,GBP,LATAM,CP0385,BOND,TDR0072,BOOK_D,2025-04-08
TXN0000667784,APP001,2025-03-21,reversed,778235.81,USD,AMER,CP0455,EQUITY,TDR0012,BOOK_C,2025-03-23
TXN0004898045,APP005,2025-10-14,active,622365.33,EUR,AMER,CP0140,FUTURE,TDR0113,BOOK_C,2025-11-20
TXN0008167188,APP006,2025-11-18,active,64205.48,USD,AMER,CP0066,BOND,TDR0190,BOOK_D,2025-04-25
TXN0000747232,APP012,2025-09-05,pending,409138.21,GBP,EMEA,CP0155,EQUITY,TDR0170,BOOK_D,2025-08-03
TXN0006763018,APP014,2026-03-21,settled,720554.35,USD,EMEA,CP0197,BOND,TDR0103,BOOK_A,2025-10-08
TXN0008794129,APP002,2025-04-01,failed,720383.87,EUR,AMER,CP0270,FX,TDR0089,BOOK_A,2025-05-17
TXN0009877345,APP017,2025-06-07,reversed,683620.09,EUR,APAC,CP0121,OPTION,TDR0002,BOOK_D,2025-09-24
TXN0000674158,APP018,2025-08-02,reversed,196011.55,AUD,LATAM,CP0259,EQUITY,TDR0074,BOOK_B,2025-10-10
TXN0007121934,APP016,2025-01-21,active,638448.64,CHF,EMEA,CP0399,FX,TDR0057,BOOK_C,2025-04-25
TXN0004158355,APP004,2025-06-30,active,104846.39,CHF,EMEA,CP0451,BOND,TDR0080,BOOK_C,2025-08-18
TXN0001135161,APP003,2025-07-16,settled,678036.34,JPY,APAC,CP0042,FUTURE,TDR0125,BOOK_D,2026-04-14
TXN0009650352,APP013,2025-02-20,pending,133061.65,JPY,APAC,CP0082,SWAP,TDR0140,BOOK_D,2025-12-29
TXN0002369496,APP014,2025-11-27,failed,74510.93,USD,EMEA,CP0141,OPTION,TDR0059,BOOK_A,2026-03-26
TXN0002757911,APP007,2025-11-29,active,443800.66,USD,APAC,CP0311,OPTION,TDR0100,BOOK_D,2025-10-21
TXN0005863928,APP002,2025-12-23,pending,460792.98,AUD,AMER,CP0191,BOND,TDR0031,BOOK_D,2025-11-09
TXN0005460041,APP014,2025-07-28,active,428719.7,USD,AMER,CP0377,FX,TDR0115,BOOK_C,2025-07-23
TXN0005427895,APP020,2026-02-08,active,118274.23,JPY,LATAM,CP0263,SWAP,TDR0195,BOOK_C,2025-05-30
TXN0001445764,APP014,2025-12-30,reversed,592394.99,JPY,AMER,CP0240,SWAP,TDR0049,BOOK_A,2025-12-28
TXN0003548319,APP007,2025-12-05,failed,456720.08,GBP,EMEA,CP0252,BOND,TDR0130,BOOK_A,2026-02-10
TXN0006736169,APP015,2026-02-14,active,910197.06,JPY,APAC,CP0082,SWAP,TDR0080,BOOK_C,2025-04-23
TXN0007281621,APP018,2025-10-16,pending,742478.39,JPY,LATAM,CP0466,FX,TDR0035,BOOK_C,2026-01-12
TXN0001929693,APP017,2025-04-14,failed,534742.28,GBP,APAC,CP0359,FX,TDR0097,BOOK_B,2026-03-15
TXN0009921927,APP014,2025-10-04,settled,169467.3,USD,EMEA,CP0048,OPTION,TDR0076,BOOK_A,2025-12-04
TXN0004997646,APP003,2025-11-25,reversed,715981.67,USD,AMER,CP0104,SWAP,TDR0075,BOOK_A,2025-11-10
TXN0004370105,APP011,2026-01-07,settled,483192.08,CHF,LATAM,CP0147,FUTURE,TDR0099,BOOK_A,2025-05-06
TXN0007485010,APP012,2025-05-26,settled,799667.81,EUR,APAC,CP0208,BOND,TDR0083,BOOK_B,2025-02-08
TXN0005883578,APP019,2025-02-01,settled,635998.07,AUD,LATAM,CP0403,FUTURE,TDR0028,BOOK_A,2025-03-05
TXN0006782933,APP020,2025-05-26,failed,476477.43,GBP,LATAM,CP0125,FX,TDR0078,BOOK_D,2025-02-26
TXN0005682488,APP016,2025-07-05,reversed,971350.7,AUD,EMEA,CP0321,FUTURE,TDR0090,BOOK_A,2025-01-17
TXN0003543779,APP002,2025-08-26,pending,227307.65,CHF,EMEA,CP0412,FX,TDR0067,BOOK_D,2025-03-15
TXN0001170624,APP004,2025-05-28,active,846212.83,GBP,LATAM,CP0039,OPTION,TDR0183,BOOK_B,2025-12-08
TXN0006790602,APP014,2025-05-11,active,819421.32,CHF,AMER,CP0432,BOND,TDR0186,BOOK_C,2026-02-12
TXN0006184396,APP010,2025-01-23,settled,644139.95,GBP,AMER,CP0460,BOND,TDR0150,BOOK_C,2025-08-06
TXN0009467441,APP009,2025-01-13,settled,690106.42,USD,APAC,CP0195,FX,TDR0108,BOOK_D,2025-11-25
TXN0005069788,APP018,2026-02-01,pending,73256.43,EUR,APAC,CP0458,EQUITY,TDR0128,BOOK_A,2025-03-02
TXN0001584857,APP014,2025-10-01,failed,735371.52,GBP,EMEA,CP0468,EQUITY,TDR0089,BOOK_C,2025-04-15
TXN0006067992,APP019,2026-01-02,failed,726402.58,JPY,EMEA,CP0483,BOND,TDR0183,BOOK_C,2025-07-04
TXN0005926473,APP014,2025-09-30,reversed,461352.0,CHF,AMER,CP0474,EQUITY,TDR0054,BOOK_A,2025-08-25
TXN0007867716,APP001,2025-01-06,failed,626501.52,AUD,APAC,CP0464,FUTURE,TDR0081,BOOK_A,2025-06-19
TXN0002205669,APP004,2025-07-29,active,936479.64,USD,APAC,CP0170,FX,TDR0011,BOOK_B,2025-06-01
TXN0001946318,APP002,2025-04-05,reversed,238659.24,CHF,LATAM,CP0203,FUTURE,TDR0146,BOOK_B,2025-08-20
TXN0001000935,APP020,2025-08-19,failed,754348.67,JPY,AMER,CP0458,OPTION,TDR0049,BOOK_A,2025-02-20
TXN0001867793,APP016,2025-12-28,failed,596449.67,CHF,AMER,CP0328,EQUITY,TDR0090,BOOK_D,2025-01-11
TXN0002355015,APP020,2025-01-24,failed,611834.04,GBP,AMER,CP0368,FUTURE,TDR0130,BOOK_D,2025-05-01
TXN0006407880,APP003,2025-08-30,reversed,390172.05,AUD,EMEA,CP0452,SWAP,TDR0060,BOOK_D,2025-04-26
TXN0001667356,APP013,2025-10-18,settled,849332.65,EUR,EMEA,CP0365,FX,TDR0069,BOOK_B,2026-01-11
TXN0003834962,APP012,2025-01-26,settled,387075.5,EUR,LATAM,CP0434,BOND,TDR0139,BOOK_A,2025-12-10
TXN0009905533,APP003,2025-08-21,reversed,405010.42,JPY,LATAM,CP0387,OPTION,TDR0148,BOOK_B,2025-07-24
TXN0009353167,APP019,2025-07-19,active,219907.0,AUD,EMEA,CP0155,SWAP,TDR0095,BOOK_A,2025-05-11
TXN0004005680,APP007,2025-06-21,reversed,361053.59,AUD,LATAM,CP0469,FUTURE,TDR0161,BOOK_D,2025-07-29
TXN0000103272,APP020,2025-05-09,reversed,233411.29,USD,AMER,CP0376,SWAP,TDR0054,BOOK_C,2025-07-23
TXN0001567074,APP001,2026-01-24,active,288878.17,AUD,EMEA,CP0184,FX,TDR0072,BOOK_A,2025-10-07
TXN0005218070,APP018,2025-05-03,settled,275980.91,JPY,EMEA,CP0037,FX,TDR0099,BOOK_A,2025-07-19
TXN0007157477,APP008,2025-08-30,reversed,575466.35,USD,APAC,CP0139,EQUITY,TDR0181,BOOK_A,2025-05-13
TXN0004327292,APP020,2026-01-13,pending,516295.87,JPY,EMEA,CP0077,EQUITY,TDR0039,BOOK_B,2025-06-09
TXN0000991959,APP007,2025-03-13,pending,697565.01,AUD,EMEA,CP0477,SWAP,TDR0024,BOOK_A,2025-08-09
TXN0005954173,APP011,2026-01-11,failed,489635.05,CHF,LATAM,CP0448,OPTION,TDR0139,BOOK_B,2026-04-06
TXN0001865174,APP018,2025-07-30,pending,405791.08,EUR,LATAM,CP0423,SWAP,TDR0103,BOOK_D,2026-02-20
TXN0003682360,APP017,2026-04-10,reversed,364568.59,EUR,APAC,CP0060,EQUITY,TDR0108,BOOK_B,2025-01-20
TXN0004158400,APP010,2025-02-12,reversed,356376.82,CHF,EMEA,CP0321,FUTURE,TDR0139,BOOK_C,2025-01-12
TXN0000210028,APP007,2025-11-16,pending,234393.12,AUD,EMEA,CP0076,BOND,TDR0007,BOOK_C,2025-06-19
TXN0003606993,APP010,2025-12-07,failed,484236.98,JPY,LATAM,CP0244,SWAP,TDR0198,BOOK_C,2025-06-13
TXN0005297289,APP017,2025-03-01,reversed,46620.18,EUR,AMER,CP0003,FUTURE,TDR0108,BOOK_B,2025-03-12
TXN0002040847,APP015,2025-08-04,failed,733733.67,JPY,AMER,CP0128,SWAP,TDR0193,BOOK_D,2026-04-08
TXN0005291759,APP016,2025-10-23,failed,352757.28,GBP,AMER,CP0412,FX,TDR0010,BOOK_D,2025-07-25
TXN0000050469,APP018,2025-07-18,pending,225936.94,GBP,APAC,CP0454,BOND,TDR0069,BOOK_D,2025-10-09
TXN0004662117,APP001,2025-01-27,active,352902.47,CHF,LATAM,CP0221,SWAP,TDR0048,BOOK_D,2025-07-16
TXN0009470010,APP020,2026-03-07,pending,274905.51,JPY,APAC,CP0259,OPTION,TDR0014,BOOK_D,2025-12-25
TXN0002271189,APP010,2025-08-25,pending,367417.8,USD,APAC,CP0226,SWAP,TDR0181,BOOK_A,2025-05-06
TXN0003015245,APP018,2025-10-30,active,383263.67,CHF,APAC,CP0500,FUTURE,TDR0027,BOOK_C,2025-07-16
TXN0009065952,APP019,2025-10-19,pending,766554.52,EUR,APAC,CP0421,SWAP,TDR0190,BOOK_D,2025-06-08
TXN0008695842,APP002,2026-02-28,reversed,19195.1,EUR,EMEA,CP0309,OPTION,TDR0188,BOOK_B,2025-12-12
TXN0003259625,APP020,2025-06-24,pending,58655.92,CHF,APAC,CP0336,FUTURE,TDR0155,BOOK_A,2025-12-22
TXN0004494980,APP003,2025-02-08,settled,614880.03,GBP,AMER,CP0439,FX,TDR0026,BOOK_C,2025-11-10
TXN0009336196,APP006,2026-01-19,reversed,733691.21,EUR,APAC,CP0175,EQUITY,TDR0103,BOOK_C,2025-07-07
TXN0009193490,APP004,2025-01-27,pending,748019.78,USD,AMER,CP0112,OPTION,TDR0058,BOOK_C,2025-08-21
TXN0005377922,APP008,2026-02-05,active,60111.75,AUD,LATAM,CP0183,SWAP,TDR0198,BOOK_D,2025-07-29
TXN0003453112,APP020,2025-11-21,reversed,437696.49,JPY,LATAM,CP0409,EQUITY,TDR0062,BOOK_B,2026-02-25
TXN0002761103,APP017,2026-01-15,failed,349301.21,CHF,EMEA,CP0257,FX,TDR0064,BOOK_B,2026-02-22
TXN0001270012,APP002,2025-03-07,active,355737.0,USD,APAC,CP0172,BOND,TDR0162,BOOK_D,2025-05-20
TXN0001736207,APP013,2025-08-09,active,87981.02,AUD,LATAM,CP0241,BOND,TDR0087,BOOK_C,2026-03-20
TXN0006973394,APP013,2025-12-23,reversed,8165.67,CHF,APAC,CP0420,FUTURE,TDR0065,BOOK_A,2026-02-13
TXN0009885167,APP019,2025-09-22,failed,704240.06,AUD,LATAM,CP0073,SWAP,TDR0146,BOOK_B,2025-08-17
TXN0008615709,APP004,2026-01-20,pending,606971.03,AUD,AMER,CP0197,OPTION,TDR0129,BOOK_C,2025-06-02
TXN0004900952,APP015,2025-04-26,failed,977709.99,JPY,AMER,CP0161,BOND,TDR0134,BOOK_D,2026-01-08
TXN0009547490,APP006,2025-04-13,settled,230132.11,USD,LATAM,CP0488,BOND,TDR0066,BOOK_B,2025-07-24
TXN0009419074,APP007,2026-03-10,active,169614.04,USD,EMEA,CP0074,FUTURE,TDR0151,BOOK_B,2025-08-16
TXN0006683615,APP009,2025-07-26,pending,746538.85,USD,LATAM,CP0104,EQUITY,TDR0085,BOOK_A,2026-03-31
TXN0001942620,APP014,2025-02-11,reversed,388241.01,EUR,APAC,CP0203,FX,TDR0192,BOOK_B,2026-01-10
TXN0008137954,APP002,2025-12-20,failed,812815.01,GBP,LATAM,CP0065,FUTURE,TDR0032,BOOK_B,2025-09-09
TXN0008907895,APP014,2025-03-08,pending,162559.1,GBP,LATAM,CP0460,FUTURE,TDR0164,BOOK_C,2025-02-28
TXN0004118484,APP016,2025-05-31,settled,295689.78,GBP,EMEA,CP0059,FX,TDR0089,BOOK_B,2026-01-25
TXN0000441255,APP019,2025-06-14,pending,257791.26,JPY,AMER,CP0431,EQUITY,TDR0074,BOOK_D,2026-04-08
TXN0000518775,APP018,2025-11-11,reversed,388750.06,AUD,AMER,CP0126,EQUITY,TDR0101,BOOK_A,2025-03-07
TXN0005917327,APP014,2026-03-27,reversed,85991.24,EUR,APAC,CP0139,EQUITY,TDR0048,BOOK_C,2025-03-15
TXN0009627374,APP015,2025-01-28,settled,859990.78,AUD,LATAM,CP0146,FUTURE,TDR0162,BOOK_D,2025-02-20
TXN0009583954,APP014,2025-04-10,settled,468455.26,AUD,AMER,CP0150,EQUITY,TDR0015,BOOK_C,2025-12-07
TXN0005628061,APP009,2026-01-18,active,813583.0,CHF,AMER,CP0234,FUTURE,TDR0070,BOOK_B,2025-07-02
TXN0005607193,APP017,2025-07-22,failed,262182.38,CHF,EMEA,CP0101,OPTION,TDR0122,BOOK_A,2025-04-01
TXN0009240203,APP014,2026-04-10,active,549104.98,JPY,AMER,CP0257,EQUITY,TDR0061,BOOK_C,2025-05-03
TXN0008974489,APP010,2025-10-06,reversed,69530.39,USD,APAC,CP0449,SWAP,TDR0165,BOOK_A,2025-03-28
TXN0004247683,APP002,2025-03-19,pending,804461.03,JPY,APAC,CP0468,SWAP,TDR0155,BOOK_A,2025-11-13
TXN0008893171,APP006,2025-12-11,pending,721497.53,JPY,APAC,CP0490,OPTION,TDR0116,BOOK_A,2025-11-29
TXN0007611479,APP009,2025-07-22,active,770505.27,GBP,AMER,CP0319,FUTURE,TDR0189,BOOK_B,2025-12-13
TXN0005173666,APP011,2025-03-07,settled,303820.87,CHF,AMER,CP0171,FX,TDR0104,BOOK_B,2025-03-29
TXN0008347749,APP016,2025-10-25,active,763956.29,CHF,AMER,CP0289,SWAP,TDR0016,BOOK_B,2025-01-28
TXN0009853825,APP017,2025-02-27,pending,267409.26,GBP,APAC,CP0003,FX,TDR0186,BOOK_D,2025-08-10
TXN0002285366,APP014,2026-01-02,reversed,425677.4,EUR,LATAM,CP0039,EQUITY,TDR0139,BOOK_A,2025-08-15
TXN0002169291,APP001,2025-03-04,failed,85251.44,GBP,APAC,CP0090,BOND,TDR0064,BOOK_D,2025-10-04
TXN0005680231,APP003,2025-05-04,settled,421944.54,GBP,LATAM,CP0364,SWAP,TDR0179,BOOK_D,2025-04-09
TXN0006797142,APP002,2025-02-01,active,345747.15,JPY,EMEA,CP0095,SWAP,TDR0039,BOOK_B,2025-06-13
TXN0005644266,APP018,2026-01-30,failed,353072.59,AUD,EMEA,CP0176,EQUITY,TDR0093,BOOK_D,2025-11-05
TXN0007930882,APP015,2025-06-27,settled,511573.79,JPY,EMEA,CP0376,SWAP,TDR0147,BOOK_C,2025-01-21
TXN0001499400,APP001,2025-09-20,settled,350042.75,USD,APAC,CP0385,OPTION,TDR0002,BOOK_C,2026-01-06
TXN0001017113,APP017,2025-08-21,reversed,71784.77,JPY,AMER,CP0239,SWAP,TDR0015,BOOK_A,2026-01-25
TXN0009847385,APP009,2025-06-06,reversed,119759.63,JPY,APAC,CP0219,SWAP,TDR0143,BOOK_A,2026-02-21
TXN0007418392,APP008,2025-03-21,active,988430.61,JPY,APAC,CP0459,SWAP,TDR0184,BOOK_A,2025-10-27
TXN0001274734,APP001,2025-10-04,active,99224.43,EUR,EMEA,CP0411,FUTURE,TDR0165,BOOK_B,2025-08-03
TXN0004302126,APP002,2025-06-28,pending,608167.34,EUR,APAC,CP0225,FX,TDR0077,BOOK_A,2025-10-18
TXN0005297516,APP011,2025-04-11,failed,755888.17,GBP,AMER,CP0161,BOND,TDR0109,BOOK_B,2025-10-17
TXN0003151834,APP017,2025-08-19,reversed,507039.83,GBP,EMEA,CP0090,EQUITY,TDR0101,BOOK_B,2025-06-20
TXN0008074110,APP015,2025-05-13,settled,775067.94,AUD,LATAM,CP0367,BOND,TDR0104,BOOK_B,2025-05-13
TXN0006806034,APP001,2025-03-28,active,596365.02,USD,APAC,CP0112,FX,TDR0196,BOOK_D,2026-01-09
TXN0004778117,APP003,2025-09-13,failed,869413.44,AUD,APAC,CP0409,OPTION,TDR0171,BOOK_D,2025-02-04
TXN0006432810,APP017,2025-02-15,reversed,327218.37,JPY,EMEA,CP0235,SWAP,TDR0133,BOOK_B,2025-10-12
TXN0002941501,APP012,2026-03-28,pending,107776.59,JPY,AMER,CP0484,BOND,TDR0169,BOOK_D,2025-10-20
TXN0006603676,APP008,2025-09-19,failed,417842.39,GBP,AMER,CP0452,FUTURE,TDR0090,BOOK_B,2025-01-23
TXN0006938184,APP008,2026-02-09,reversed,627317.79,JPY,LATAM,CP0388,OPTION,TDR0003,BOOK_A,2025-10-04
TXN0000259531,APP018,2026-02-03,pending,705360.58,JPY,AMER,CP0036,EQUITY,TDR0091,BOOK_B,2025-06-17
TXN0003152123,APP009,2025-03-15,active,673029.36,CHF,LATAM,CP0030,OPTION,TDR0093,BOOK_D,2025-06-23
TXN0000889623,APP009,2025-05-27,active,202327.31,AUD,EMEA,CP0409,OPTION,TDR0035,BOOK_D,2025-12-25
TXN0008132843,APP013,2025-09-28,reversed,686901.81,AUD,EMEA,CP0370,OPTION,TDR0012,BOOK_B,2025-11-02
TXN0002575647,APP020,2025-02-13,reversed,294667.29,AUD,EMEA,CP0481,EQUITY,TDR0122,BOOK_A,2025-02-12
TXN0000563374,APP020,2025-07-25,reversed,456550.84,CHF,LATAM,CP0064,FX,TDR0137,BOOK_B,2025-11-24
TXN0000704726,APP001,2025-12-21,active,759003.15,GBP,LATAM,CP0068,FUTURE,TDR0068,BOOK_D,2025-11-18
TXN0002404572,APP014,2026-01-12,active,175357.62,JPY,LATAM,CP0032,SWAP,TDR0063,BOOK_C,2026-04-10
TXN0000795562,APP001,2025-11-07,reversed,23574.66,AUD,EMEA,CP0113,OPTION,TDR0198,BOOK_B,2025-08-01
TXN0007648683,APP007,2025-05-25,settled,752450.09,GBP,APAC,CP0474,EQUITY,TDR0135,BOOK_A,2025-10-31
TXN0008377399,APP007,2025-10-31,settled,568636.37,EUR,AMER,CP0415,EQUITY,TDR0132,BOOK_D,2025-01-16
TXN0007101135,APP010,2025-05-05,failed,486582.2,EUR,LATAM,CP0317,SWAP,TDR0192,BOOK_B,2025-06-19
TXN0001364593,APP014,2025-04-06,settled,549990.22,JPY,AMER,CP0227,SWAP,TDR0177,BOOK_A,2025-09-19
TXN0002090074,APP011,2025-09-21,active,431807.16,GBP,AMER,CP0392,BOND,TDR0159,BOOK_D,2026-02-09
TXN0006388163,APP002,2025-12-19,active,385418.85,EUR,EMEA,CP0266,BOND,TDR0047,BOOK_C,2025-12-24
TXN0008517572,APP014,2025-10-18,failed,825890.02,USD,AMER,CP0113,FX,TDR0169,BOOK_C,2026-03-20
TXN0001137703,APP008,2025-01-09,pending,895339.79,JPY,AMER,CP0103,SWAP,TDR0051,BOOK_B,2025-12-16
TXN0001332072,APP019,2026-03-09,active,364066.6,JPY,APAC,CP0379,FX,TDR0128,BOOK_D,2025-09-13
TXN0008091542,APP002,2025-01-11,settled,450338.01,EUR,LATAM,CP0448,SWAP,TDR0069,BOOK_C,2025-10-11
TXN0000144587,APP015,2025-11-12,reversed,655603.79,CHF,APAC,CP0186,FUTURE,TDR0092,BOOK_C,2026-03-30
TXN0000455616,APP016,2025-02-05,pending,165974.85,USD,LATAM,CP0375,BOND,TDR0069,BOOK_B,2026-02-20
TXN0007307536,APP003,2026-01-29,reversed,135778.05,CHF,EMEA,CP0339,FX,TDR0008,BOOK_D,2025-04-19
TXN0009515344,APP007,2025-07-17,pending,895774.33,JPY,APAC,CP0172,EQUITY,TDR0015,BOOK_D,2025-05-17
TXN0009719332,APP005,2025-03-05,failed,648936.81,GBP,EMEA,CP0196,FUTURE,TDR0075,BOOK_B,2025-07-21
TXN0008881068,APP017,2026-03-09,reversed,725684.39,EUR,EMEA,CP0313,EQUITY,TDR0090,BOOK_B,2025-10-11
TXN0001914408,APP013,2025-10-14,settled,930276.02,EUR,LATAM,CP0267,SWAP,TDR0131,BOOK_C,2025-10-15
TXN0002907880,APP016,2026-03-17,failed,772714.73,AUD,LATAM,CP0365,FUTURE,TDR0088,BOOK_C,2026-01-24
TXN0000284665,APP007,2026-02-05,failed,647402.17,EUR,EMEA,CP0109,SWAP,TDR0185,BOOK_C,2025-04-17
TXN0009714100,APP016,2025-06-14,reversed,349625.7,USD,AMER,CP0105,EQUITY,TDR0115,BOOK_D,2025-11-13
TXN0002557621,APP006,2025-06-11,settled,831169.87,EUR,LATAM,CP0423,SWAP,TDR0085,BOOK_C,2025-01-22
TXN0002448988,APP017,2025-11-14,pending,437258.82,AUD,EMEA,CP0209,EQUITY,TDR0092,BOOK_A,2026-01-05
TXN0008992594,APP014,2025-07-23,failed,296458.91,AUD,LATAM,CP0171,FX,TDR0154,BOOK_D,2025-09-30
TXN0006842028,APP015,2025-11-12,reversed,603191.14,GBP,LATAM,CP0057,SWAP,TDR0091,BOOK_A,2025-02-25
TXN0002495803,APP016,2025-02-21,active,51703.41,JPY,APAC,CP0168,OPTION,TDR0176,BOOK_B,2026-01-31
TXN0001252890,APP008,2025-01-20,settled,761880.3,JPY,APAC,CP0043,SWAP,TDR0056,BOOK_D,2025-09-16
TXN0004369565,APP018,2025-10-05,reversed,214165.14,CHF,LATAM,CP0343,FX,TDR0172,BOOK_C,2025-07-17
TXN0004113488,APP002,2026-01-17,active,915273.66,JPY,EMEA,CP0335,BOND,TDR0038,BOOK_D,2026-03-06
TXN0005522672,APP007,2026-02-20,settled,71325.45,EUR,AMER,CP0117,FUTURE,TDR0003,BOOK_C,2025-02-28
TXN0008613263,APP018,2025-03-31,settled,811876.37,CHF,LATAM,CP0267,EQUITY,TDR0083,BOOK_B,2025-12-26
TXN0007149055,APP019,2025-08-31,pending,57107.57,JPY,LATAM,CP0132,FX,TDR0066,BOOK_B,2025-10-22
TXN0002642974,APP007,2025-02-10,pending,257742.06,EUR,LATAM,CP0145,EQUITY,TDR0136,BOOK_C,2025-01-08
TXN0003855959,APP010,2025-08-01,pending,729351.74,USD,LATAM,CP0315,FX,TDR0174,BOOK_B,2025-02-24
TXN0000605158,APP007,2026-02-22,pending,334600.65,GBP,EMEA,CP0275,BOND,TDR0183,BOOK_D,2025-04-09
TXN0001954863,APP007,2025-09-09,failed,470970.0,USD,LATAM,CP0124,SWAP,TDR0056,BOOK_D,2025-02-22
TXN0005878875,APP010,2025-09-06,reversed,263671.21,CHF,LATAM,CP0026,OPTION,TDR0129,BOOK_A,2025-12-24
TXN0004940737,APP002,2026-01-09,pending,770988.5,AUD,APAC,CP0424,EQUITY,TDR0016,BOOK_C,2025-02-09
TXN0006998869,APP014,2025-10-14,reversed,803954.38,EUR,LATAM,CP0299,BOND,TDR0189,BOOK_B,2025-12-17
TXN0009417240,APP014,2025-09-20,settled,724357.15,CHF,APAC,CP0348,FUTURE,TDR0043,BOOK_A,2025-08-16
TXN0000745231,APP008,2025-11-18,settled,440313.33,GBP,LATAM,CP0248,OPTION,TDR0096,BOOK_D,2025-02-19
TXN0008447240,APP007,2026-02-03,failed,877572.2,AUD,EMEA,CP0342,FX,TDR0074,BOOK_D,2025-10-29
TXN0002676332,APP009,2025-06-03,pending,790143.07,AUD,LATAM,CP0412,FUTURE,TDR0026,BOOK_A,2025-08-19
TXN0002421742,APP003,2025-08-10,settled,408435.59,GBP,APAC,CP0268,BOND,TDR0141,BOOK_C,2025-05-05
TXN0004805360,APP017,2025-07-25,active,612708.2,GBP,AMER,CP0388,BOND,TDR0047,BOOK_C,2026-01-24
TXN0005952423,APP019,2025-01-21,pending,720781.41,USD,LATAM,CP0190,EQUITY,TDR0165,BOOK_A,2025-03-13
TXN0003700883,APP003,2025-05-05,failed,537664.1,AUD,AMER,CP0469,EQUITY,TDR0030,BOOK_A,2025-03-09
TXN0005274215,APP020,2025-12-27,reversed,123747.64,AUD,LATAM,CP0063,BOND,TDR0032,BOOK_B,2026-02-15
TXN0007736975,APP005,2026-01-09,failed,156989.58,EUR,APAC,CP0067,FX,TDR0066,BOOK_B,2025-09-29
TXN0005996589,APP019,2026-04-11,failed,641455.68,GBP,APAC,CP0224,EQUITY,TDR0175,BOOK_B,2026-01-18
TXN0004409271,APP004,2025-05-08,active,86918.56,JPY,AMER,CP0393,BOND,TDR0035,BOOK_D,2025-05-27
TXN0001806903,APP012,2025-04-29,active,393845.27,GBP,APAC,CP0110,FX,TDR0038,BOOK_D,2025-03-14
TXN0008937751,APP009,2025-11-21,settled,323420.34,AUD,LATAM,CP0425,EQUITY,TDR0195,BOOK_C,2025-08-21
TXN0005784228,APP015,2025-05-19,settled,970046.84,EUR,LATAM,CP0003,FUTURE,TDR0059,BOOK_A,2026-02-25
TXN0003714376,APP005,2026-03-04,settled,290237.21,USD,LATAM,CP0488,BOND,TDR0120,BOOK_C,2025-02-03
TXN0009264042,APP014,2025-05-10,pending,330796.13,GBP,AMER,CP0318,EQUITY,TDR0055,BOOK_A,2026-02-11
TXN0000435976,APP002,2025-03-10,active,630369.54,EUR,AMER,CP0036,OPTION,TDR0129,BOOK_C,2025-10-24
TXN0002334849,APP007,2025-10-29,failed,783596.75,USD,LATAM,CP0260,OPTION,TDR0023,BOOK_C,2026-02-12
TXN0006907840,APP011,2025-11-12,active,443291.55,JPY,AMER,CP0048,FX,TDR0177,BOOK_A,2025-09-01
TXN0000915185,APP019,2025-09-15,settled,971562.13,GBP,APAC,CP0172,OPTION,TDR0026,BOOK_C,2025-01-10
TXN0009591889,APP002,2025-09-25,reversed,246604.86,GBP,APAC,CP0252,OPTION,TDR0026,BOOK_C,2025-12-10
TXN0006192832,APP001,2025-09-10,pending,22551.87,USD,APAC,CP0328,BOND,TDR0184,BOOK_C,2025-11-25
TXN0007111187,APP013,2025-07-14,settled,260700.73,JPY,LATAM,CP0041,OPTION,TDR0082,BOOK_B,2025-05-21
TXN0004289659,APP001,2025-07-10,reversed,134874.86,JPY,APAC,CP0193,BOND,TDR0120,BOOK_D,2025-06-26
TXN0004811029,APP004,2026-01-27,active,777965.49,CHF,AMER,CP0251,BOND,TDR0117,BOOK_C,2025-02-12
TXN0009129900,APP002,2025-10-07,pending,199109.45,GBP,EMEA,CP0457,OPTION,TDR0042,BOOK_B,2026-02-19
TXN0002720312,APP019,2025-06-14,settled,286254.2,CHF,LATAM,CP0425,FX,TDR0108,BOOK_A,2025-11-06
TXN0003605426,APP015,2025-09-19,active,399732.28,CHF,APAC,CP0337,FUTURE,TDR0009,BOOK_B,2025-11-06
TXN0000481787,APP010,2026-03-25,active,547440.89,CHF,AMER,CP0352,BOND,TDR0127,BOOK_D,2025-08-10
TXN0003534806,APP014,2025-03-31,settled,50438.96,AUD,APAC,CP0046,FX,TDR0173,BOOK_B,2025-11-13
TXN0004904318,APP001,2025-05-25,failed,94600.39,USD,EMEA,CP0399,OPTION,TDR0117,BOOK_A,2025-08-24
TXN0006784933,APP002,2026-01-12,pending,189333.96,GBP,AMER,CP0359,FUTURE,TDR0092,BOOK_B,2025-09-10
TXN0004639536,APP008,2025-01-15,active,46695.15,EUR,LATAM,CP0298,SWAP,TDR0064,BOOK_A,2025-10-22
TXN0000929853,APP004,2026-02-04,failed,553354.09,AUD,LATAM,CP0385,BOND,TDR0167,BOOK_C,2025-08-16
TXN0003723504,APP018,2025-09-29,reversed,234880.64,JPY,EMEA,CP0083,FUTURE,TDR0039,BOOK_C,2026-03-13
TXN0001540363,APP013,2025-08-21,settled,940211.42,CHF,AMER,CP0350,SWAP,TDR0062,BOOK_B,2025-09-09
TXN0007780562,APP016,2025-12-13,failed,746041.28,EUR,APAC,CP0029,BOND,TDR0100,BOOK_D,2025-06-03
TXN0001470136,APP011,2025-11-26,reversed,588789.87,CHF,AMER,CP0359,FX,TDR0152,BOOK_C,2025-09-04
TXN0009475872,APP007,2025-01-16,settled,926301.6,USD,LATAM,CP0252,FUTURE,TDR0070,BOOK_C,2025-02-19
TXN0003225441,APP017,2025-03-16,reversed,103191.19,EUR,APAC,CP0186,OPTION,TDR0112,BOOK_A,2025-10-26
TXN0008126279,APP001,2026-03-28,settled,516171.2,AUD,LATAM,CP0048,FX,TDR0191,BOOK_A,2025-10-22
TXN0007866785,APP013,2025-07-22,pending,435128.02,EUR,EMEA,CP0159,FUTURE,TDR0137,BOOK_A,2025-11-29
TXN0008674754,APP015,2025-05-14,pending,376967.29,GBP,EMEA,CP0132,SWAP,TDR0095,BOOK_C,2025-04-03
TXN0003791311,APP008,2025-08-23,active,322101.02,AUD,APAC,CP0068,BOND,TDR0195,BOOK_B,2025-05-06
TXN0000072111,APP014,2025-04-16,pending,346408.54,USD,AMER,CP0141,BOND,TDR0161,BOOK_B,2026-02-24
TXN0006546399,APP013,2025-09-17,reversed,1793.17,GBP,EMEA,CP0091,SWAP,TDR0088,BOOK_A,2025-04-08
TXN0005683518,APP008,2025-11-19,pending,815694.4,GBP,LATAM,CP0239,EQUITY,TDR0159,BOOK_C,2025-10-05
TXN0007497947,APP016,2025-05-16,reversed,312668.0,USD,AMER,CP0452,FX,TDR0093,BOOK_B,2025-12-14
TXN0006681706,APP016,2025-12-04,active,313191.45,EUR,APAC,CP0475,FX,TDR0169,BOOK_C,2025-07-25
TXN0000333260,APP006,2025-10-18,failed,43017.65,GBP,AMER,CP0207,BOND,TDR0085,BOOK_D,2025-11-28
TXN0005884400,APP013,2026-03-05,active,811766.1,EUR,AMER,CP0352,BOND,TDR0159,BOOK_A,2025-10-29
TXN0002420947,APP009,2025-04-01,failed,449841.14,USD,EMEA,CP0141,SWAP,TDR0148,BOOK_C,2025-07-07
TXN0005949082,APP001,2025-12-04,failed,214396.69,CHF,EMEA,CP0128,SWAP,TDR0109,BOOK_A,2026-04-07
TXN0005048068,APP004,2025-09-01,active,130405.5,EUR,LATAM,CP0424,BOND,TDR0121,BOOK_A,2026-01-30
TXN0007785853,APP020,2026-03-04,reversed,882123.24,AUD,LATAM,CP0294,FX,TDR0088,BOOK_A,2025-11-29
TXN0004104173,APP019,2026-03-06,pending,182932.36,JPY,APAC,CP0046,OPTION,TDR0088,BOOK_A,2026-04-07
TXN0001487785,APP015,2025-06-15,pending,61363.23,AUD,LATAM,CP0436,OPTION,TDR0103,BOOK_C,2025-04-04
TXN0000481039,APP002,2025-04-16,failed,996499.85,GBP,AMER,CP0143,FX,TDR0113,BOOK_D,2026-01-20
TXN0005386530,APP007,2026-02-07,failed,669511.01,JPY,AMER,CP0165,OPTION,TDR0081,BOOK_B,2026-01-29
TXN0008304710,APP014,2025-04-14,settled,619701.66,GBP,APAC,CP0412,BOND,TDR0049,BOOK_D,2025-08-03
TXN0006433861,APP016,2025-03-26,settled,876766.12,GBP,AMER,CP0123,EQUITY,TDR0101,BOOK_C,2026-03-29
TXN0007409708,APP018,2025-10-12,reversed,454034.51,EUR,LATAM,CP0073,EQUITY,TDR0084,BOOK_A,2025-03-29
TXN0000522584,APP011,2025-01-26,settled,65905.84,CHF,LATAM,CP0240,BOND,TDR0195,BOOK_A,2025-06-05
TXN0003825670,APP003,2025-05-09,active,505114.49,CHF,AMER,CP0061,FUTURE,TDR0024,BOOK_A,2025-10-16
TXN0007911250,APP019,2025-01-04,settled,440609.9,AUD,APAC,CP0417,SWAP,TDR0150,BOOK_D,2025-04-09
TXN0006449441,APP008,2026-03-12,failed,149888.05,JPY,LATAM,CP0012,OPTION,TDR0035,BOOK_B,2025-08-03
TXN0006932796,APP002,2025-02-27,pending,36480.26,CHF,EMEA,CP0405,FUTURE,TDR0161,BOOK_A,2025-05-19
TXN0000074868,APP003,2026-01-21,failed,123390.9,JPY,LATAM,CP0262,EQUITY,TDR0174,BOOK_A,2026-01-18
TXN0001713418,APP004,2026-02-13,failed,729701.22,JPY,AMER,CP0256,SWAP,TDR0019,BOOK_D,2025-02-14
TXN0004498072,APP019,2025-03-08,settled,913487.03,USD,APAC,CP0026,BOND,TDR0077,BOOK_A,2025-01-29
TXN0000223490,APP005,2025-03-25,pending,86658.46,GBP,APAC,CP0122,BOND,TDR0099,BOOK_B,2026-03-30
TXN0002410572,APP007,2026-01-16,reversed,512188.0,USD,EMEA,CP0261,SWAP,TDR0106,BOOK_D,2026-01-18
TXN0009924526,APP011,2025-11-20,settled,642457.36,CHF,LATAM,CP0500,FUTURE,TDR0092,BOOK_A,2025-08-04
TXN0009902076,APP007,2025-12-12,pending,973350.09,EUR,EMEA,CP0124,FUTURE,TDR0144,BOOK_A,2026-02-24
TXN0003903889,APP009,2025-02-05,settled,574290.66,USD,APAC,CP0269,BOND,TDR0137,BOOK_C,2026-03-26
TXN0006154292,APP012,2025-06-03,reversed,388641.29,AUD,APAC,CP0204,BOND,TDR0143,BOOK_B,2025-12-01
TXN0005823053,APP009,2025-07-26,pending,342348.31,JPY,APAC,CP0297,EQUITY,TDR0095,BOOK_D,2025-01-12
TXN0009798235,APP015,2025-01-31,pending,945564.13,JPY,LATAM,CP0013,EQUITY,TDR0034,BOOK_B,2025-11-30
TXN0004981601,APP004,2026-01-18,failed,980540.61,USD,EMEA,CP0266,FX,TDR0078,BOOK_B,2025-01-04
TXN0004378932,APP019,2025-05-24,pending,174090.4,CHF,LATAM,CP0280,BOND,TDR0151,BOOK_B,2025-02-24
TXN0009264264,APP001,2025-08-04,reversed,492656.59,EUR,EMEA,CP0003,FX,TDR0154,BOOK_A,2025-02-26
TXN0004254189,APP001,2025-07-10,failed,299253.03,AUD,APAC,CP0045,FUTURE,TDR0022,BOOK_B,2025-09-05
TXN0007293856,APP008,2025-11-16,failed,782477.48,CHF,AMER,CP0477,OPTION,TDR0071,BOOK_C,2025-10-23
TXN0001080675,APP018,2026-02-03,active,365033.98,AUD,EMEA,CP0264,SWAP,TDR0134,BOOK_D,2025-04-28
TXN0002466626,APP017,2026-03-14,active,561664.92,USD,AMER,CP0016,OPTION,TDR0038,BOOK_B,2025-09-16
TXN0000156800,APP007,2026-02-11,settled,372520.0,JPY,EMEA,CP0280,OPTION,TDR0061,BOOK_D,2025-01-20
TXN0002468238,APP010,2025-08-28,active,98532.91,USD,APAC,CP0175,BOND,TDR0149,BOOK_D,2025-06-25
TXN0003803225,APP019,2025-07-31,active,621335.28,GBP,AMER,CP0283,FX,TDR0104,BOOK_D,2026-02-01
TXN0004399831,APP019,2025-03-05,active,169671.66,JPY,EMEA,CP0011,EQUITY,TDR0004,BOOK_B,2025-08-04
TXN0009011377,APP012,2025-08-29,failed,435253.54,CHF,APAC,CP0023,SWAP,TDR0189,BOOK_C,2025-06-02
TXN0009083626,APP013,2025-03-08,settled,91074.65,CHF,AMER,CP0039,FUTURE,TDR0165,BOOK_C,2025-09-13
TXN0007914007,APP003,2025-05-08,active,41756.36,JPY,LATAM,CP0298,FX,TDR0034,BOOK_C,2025-07-11
TXN0003987559,APP012,2025-11-27,pending,774167.95,USD,LATAM,CP0078,OPTION,TDR0025,BOOK_B,2025-05-22
TXN0000323780,APP016,2026-01-25,active,456012.6,AUD,LATAM,CP0222,OPTION,TDR0152,BOOK_C,2026-01-05
TXN0004756016,APP006,2026-04-05,failed,951178.36,EUR,LATAM,CP0379,FX,TDR0124,BOOK_D,2026-02-11
TXN0004001604,APP010,2025-12-28,settled,652160.19,AUD,APAC,CP0095,EQUITY,TDR0039,BOOK_A,2025-12-02
TXN0005668738,APP011,2026-01-20,active,533499.39,GBP,AMER,CP0387,OPTION,TDR0079,BOOK_C,2026-03-24
TXN0009214490,APP006,2026-04-08,pending,481483.78,EUR,EMEA,CP0339,SWAP,TDR0086,BOOK_B,2025-09-09
TXN0009803526,APP013,2026-04-12,settled,649768.36,USD,LATAM,CP0067,SWAP,TDR0092,BOOK_D,2025-03-17
TXN0006387911,APP004,2025-01-15,pending,737471.33,EUR,APAC,CP0268,FUTURE,TDR0178,BOOK_B,2025-05-13
TXN0007696108,APP020,2025-08-19,failed,821995.0,EUR,EMEA,CP0116,EQUITY,TDR0011,BOOK_B,2025-05-29
TXN0005051975,APP013,2026-04-10,settled,366535.38,AUD,EMEA,CP0265,FX,TDR0006,BOOK_B,2026-02-17
TXN0009528096,APP016,2026-04-07,reversed,90892.53,USD,EMEA,CP0378,SWAP,TDR0010,BOOK_D,2026-02-20
TXN0007938532,APP002,2026-02-01,settled,320811.86,GBP,EMEA,CP0463,SWAP,TDR0022,BOOK_D,2026-03-27
TXN0001017879,APP006,2025-08-31,failed,118416.75,CHF,APAC,CP0268,EQUITY,TDR0151,BOOK_A,2025-01-13
TXN0003074283,APP019,2025-04-09,pending,738239.39,USD,EMEA,CP0335,EQUITY,TDR0051,BOOK_C,2026-01-11
TXN0006803187,APP007,2026-04-12,reversed,911253.74,CHF,EMEA,CP0061,BOND,TDR0165,BOOK_B,2025-12-20
TXN0002691377,APP020,2025-05-31,pending,90993.83,CHF,AMER,CP0453,FUTURE,TDR0013,BOOK_C,2025-03-01
TXN0007745720,APP017,2025-05-16,active,800930.75,AUD,AMER,CP0457,BOND,TDR0063,BOOK_D,2025-01-08
TXN0009161409,APP004,2025-12-03,active,511195.81,USD,AMER,CP0139,FX,TDR0180,BOOK_C,2025-05-28
TXN0008616211,APP003,2025-12-04,reversed,281314.83,GBP,AMER,CP0337,SWAP,TDR0192,BOOK_C,2025-01-15
TXN0004943880,APP013,2026-01-15,pending,775372.14,JPY,APAC,CP0428,BOND,TDR0112,BOOK_D,2025-11-27
TXN0007594511,APP008,2026-03-28,pending,88177.66,USD,EMEA,CP0050,FUTURE,TDR0045,BOOK_A,2026-01-05
TXN0007745631,APP010,2025-01-22,failed,242757.96,EUR,LATAM,CP0088,EQUITY,TDR0058,BOOK_C,2025-01-02
TXN0009710795,APP001,2025-01-14,settled,995967.52,JPY,AMER,CP0203,OPTION,TDR0176,BOOK_A,2026-01-22
TXN0007801975,APP019,2026-01-23,pending,86695.15,EUR,EMEA,CP0457,BOND,TDR0029,BOOK_A,2026-02-19
TXN0002878902,APP004,2025-07-08,pending,802941.25,GBP,EMEA,CP0028,EQUITY,TDR0024,BOOK_A,2026-03-25
TXN0000991046,APP004,2025-09-17,pending,809398.54,AUD,LATAM,CP0335,EQUITY,TDR0013,BOOK_C,2025-03-03
TXN0007973428,APP018,2025-05-07,active,851373.32,JPY,LATAM,CP0121,SWAP,TDR0155,BOOK_D,2026-02-23
TXN0008815024,APP018,2025-12-09,active,532225.39,EUR,APAC,CP0222,BOND,TDR0032,BOOK_B,2025-12-25
TXN0003719807,APP011,2025-08-08,reversed,25510.13,USD,LATAM,CP0479,FX,TDR0110,BOOK_B,2025-10-29
TXN0006464652,APP017,2025-09-23,failed,275234.86,GBP,EMEA,CP0346,OPTION,TDR0062,BOOK_C,2026-01-07
TXN0005435869,APP008,2025-01-19,failed,160345.95,AUD,LATAM,CP0076,SWAP,TDR0140,BOOK_D,2025-06-15
TXN0004797974,APP011,2025-10-20,failed,843231.82,EUR,LATAM,CP0242,FX,TDR0109,BOOK_D,2025-01-07
TXN0007910743,APP001,2026-01-03,pending,952939.78,GBP,EMEA,CP0153,BOND,TDR0196,BOOK_B,2025-07-22
TXN0003409002,APP004,2025-08-18,active,809731.84,GBP,AMER,CP0184,FX,TDR0175,BOOK_D,2026-02-09
TXN0002559120,APP020,2025-03-27,reversed,720357.95,CHF,LATAM,CP0239,EQUITY,TDR0040,BOOK_A,2025-10-25
TXN0000841237,APP003,2025-08-26,active,752500.19,EUR,APAC,CP0286,FX,TDR0048,BOOK_C,2026-02-05
TXN0007280745,APP004,2025-03-01,reversed,833411.99,JPY,AMER,CP0122,BOND,TDR0113,BOOK_B,2025-02-24
TXN0001812514,APP008,2025-03-19,settled,172595.95,GBP,EMEA,CP0471,BOND,TDR0168,BOOK_D,2026-02-24
TXN0001026432,APP014,2026-01-15,pending,549657.23,EUR,AMER,CP0424,FX,TDR0046,BOOK_D,2025-04-12
TXN0001282181,APP002,2025-04-03,pending,309287.52,JPY,AMER,CP0373,EQUITY,TDR0044,BOOK_A,2025-03-01
TXN0004946357,APP011,2025-01-11,settled,466382.99,AUD,LATAM,CP0032,FUTURE,TDR0185,BOOK_D,2025-11-13
TXN0002604410,APP010,2025-06-30,settled,414714.22,GBP,EMEA,CP0247,OPTION,TDR0186,BOOK_C,2025-10-05
TXN0000692723,APP008,2025-05-14,pending,650387.52,CHF,AMER,CP0462,OPTION,TDR0173,BOOK_C,2025-11-06
TXN0000748080,APP002,2026-02-24,active,929954.52,AUD,EMEA,CP0207,FX,TDR0163,BOOK_C,2025-06-03
TXN0001325387,APP004,2025-05-13,settled,733490.44,AUD,LATAM,CP0004,FX,TDR0027,BOOK_A,2025-07-11
TXN0002213409,APP018,2025-04-19,pending,758054.11,GBP,APAC,CP0251,BOND,TDR0182,BOOK_A,2026-02-28
TXN0003050899,APP019,2025-08-21,settled,371441.3,USD,APAC,CP0122,SWAP,TDR0016,BOOK_D,2025-12-03
TXN0004745400,APP015,2025-08-15,active,64507.36,AUD,APAC,CP0434,SWAP,TDR0154,BOOK_B,2025-12-29
TXN0008938564,APP011,2025-01-11,reversed,208363.77,AUD,AMER,CP0087,FX,TDR0033,BOOK_C,2025-12-16
TXN0008452226,APP016,2025-08-05,reversed,830580.62,JPY,LATAM,CP0004,FUTURE,TDR0046,BOOK_C,2025-10-08
TXN0002282132,APP003,2025-03-05,reversed,332143.92,JPY,AMER,CP0457,BOND,TDR0176,BOOK_D,2025-02-11
TXN0009063184,APP005,2025-01-12,pending,243376.15,USD,AMER,CP0338,FUTURE,TDR0073,BOOK_D,2026-04-05
TXN0001150327,APP003,2025-05-26,pending,434823.17,AUD,EMEA,CP0075,FX,TDR0002,BOOK_B,2025-07-09
TXN0006731927,APP014,2026-04-06,failed,559657.21,GBP,EMEA,CP0222,OPTION,TDR0008,BOOK_C,2025-09-06
TXN0007426908,APP008,2025-11-26,active,909004.84,AUD,APAC,CP0194,SWAP,TDR0181,BOOK_B,2026-01-14
TXN0001660238,APP014,2025-02-16,active,860232.83,CHF,EMEA,CP0302,FX,TDR0031,BOOK_D,2025-04-07
TXN0007756279,APP011,2025-09-15,settled,57269.14,CHF,APAC,CP0224,BOND,TDR0029,BOOK_C,2025-04-30
TXN0008780671,APP018,2025-01-04,pending,960972.45,CHF,EMEA,CP0150,FUTURE,TDR0191,BOOK_B,2025-10-19
TXN0005749335,APP013,2025-02-11,settled,482973.64,EUR,AMER,CP0060,FX,TDR0028,BOOK_A,2025-08-03
TXN0001112517,APP012,2025-11-26,settled,67774.91,EUR,EMEA,CP0018,OPTION,TDR0124,BOOK_D,2026-01-13
TXN0007006151,APP020,2026-02-20,failed,589639.36,JPY,APAC,CP0116,SWAP,TDR0095,BOOK_D,2025-02-21
TXN0002123611,APP005,2026-02-22,failed,992585.05,AUD,LATAM,CP0442,EQUITY,TDR0031,BOOK_A,2025-10-11
TXN0008304718,APP006,2025-01-09,active,167203.21,GBP,EMEA,CP0029,OPTION,TDR0161,BOOK_C,2025-03-13
TXN0007562899,APP006,2025-11-04,settled,497806.39,EUR,AMER,CP0494,OPTION,TDR0037,BOOK_B,2025-05-17
TXN0007890447,APP020,2025-08-06,failed,991445.86,AUD,LATAM,CP0414,OPTION,TDR0040,BOOK_B,2025-08-12
TXN0002026557,APP020,2026-02-02,settled,512011.47,USD,APAC,CP0170,EQUITY,TDR0002,BOOK_B,2025-11-15
TXN0009538555,APP015,2025-02-07,settled,664948.43,USD,AMER,CP0090,FX,TDR0115,BOOK_A,2025-07-10
TXN0000973934,APP001,2026-04-03,reversed,213938.31,AUD,EMEA,CP0304,OPTION,TDR0122,BOOK_C,2026-03-29
TXN0001511925,APP010,2025-04-01,failed,776425.32,EUR,EMEA,CP0041,FX,TDR0172,BOOK_B,2025-10-14
TXN0003364087,APP005,2026-02-03,failed,838497.34,AUD,AMER,CP0393,FUTURE,TDR0096,BOOK_B,2025-07-26
TXN0003511406,APP012,2025-05-07,pending,168814.29,USD,LATAM,CP0431,BOND,TDR0097,BOOK_D,2025-07-07
TXN0006129488,APP019,2025-08-31,pending,985292.49,GBP,APAC,CP0243,EQUITY,TDR0133,BOOK_C,2026-03-05
TXN0003859494,APP004,2025-01-19,failed,237520.34,CHF,APAC,CP0465,BOND,TDR0138,BOOK_C,2026-01-22
TXN0005876563,APP001,2026-03-12,reversed,274492.75,CHF,APAC,CP0271,FUTURE,TDR0078,BOOK_A,2025-08-03
TXN0003428144,APP004,2026-03-30,failed,971654.35,AUD,AMER,CP0079,SWAP,TDR0057,BOOK_B,2025-05-29
TXN0005602425,APP004,2025-08-31,active,177941.46,AUD,EMEA,CP0161,OPTION,TDR0155,BOOK_B,2025-07-23
TXN0009644685,APP018,2025-10-04,settled,898503.89,GBP,LATAM,CP0221,SWAP,TDR0018,BOOK_B,2025-04-20
TXN0003119680,APP011,2025-07-28,pending,572395.7,JPY,LATAM,CP0375,SWAP,TDR0069,BOOK_C,2025-03-09
TXN0004611395,APP017,2026-03-21,reversed,607027.68,AUD,AMER,CP0304,OPTION,TDR0007,BOOK_A,2025-06-12
TXN0002064363,APP015,2025-12-28,reversed,983187.45,GBP,APAC,CP0449,OPTION,TDR0044,BOOK_B,2026-01-05
TXN0004168869,APP001,2025-03-21,settled,715259.6,GBP,LATAM,CP0480,FX,TDR0136,BOOK_D,2025-03-24
TXN0006041475,APP006,2025-10-04,reversed,69027.68,AUD,APAC,CP0174,OPTION,TDR0089,BOOK_D,2025-10-05
TXN0006157889,APP011,2025-09-17,reversed,274437.86,GBP,APAC,CP0475,EQUITY,TDR0110,BOOK_C,2025-07-30
TXN0009196722,APP003,2025-04-08,pending,905048.83,CHF,LATAM,CP0083,FX,TDR0147,BOOK_D,2026-02-21
TXN0003698192,APP007,2025-06-07,pending,572854.35,EUR,APAC,CP0232,EQUITY,TDR0031,BOOK_A,2025-09-02
TXN0004453866,APP006,2025-04-13,reversed,130493.98,JPY,EMEA,CP0197,FUTURE,TDR0129,BOOK_C,2026-01-07
TXN0004619474,APP018,2025-05-10,failed,192080.18,JPY,APAC,CP0273,SWAP,TDR0010,BOOK_B,2026-01-28
TXN0002350128,APP013,2025-09-09,failed,217460.22,EUR,EMEA,CP0129,FUTURE,TDR0169,BOOK_C,2025-08-14
TXN0004243939,APP016,2025-11-03,reversed,269490.11,AUD,LATAM,CP0474,FX,TDR0007,BOOK_B,2025-09-15
TXN0006301854,APP016,2025-07-24,active,410640.81,USD,LATAM,CP0413,EQUITY,TDR0074,BOOK_B,2025-11-04
TXN0002815795,APP013,2025-11-21,reversed,112915.59,USD,EMEA,CP0179,SWAP,TDR0008,BOOK_C,2025-06-09
TXN0004789721,APP013,2025-07-21,active,64747.03,AUD,EMEA,CP0145,FX,TDR0027,BOOK_D,2026-03-08
TXN0009957933,APP001,2025-01-06,settled,77766.32,GBP,LATAM,CP0200,OPTION,TDR0175,BOOK_C,2025-06-19
TXN0003487707,APP003,2025-11-25,settled,293606.71,USD,AMER,CP0352,FX,TDR0078,BOOK_B,2025-04-22
TXN0009200597,APP015,2025-12-30,active,336923.73,AUD,AMER,CP0240,FX,TDR0116,BOOK_C,2025-09-03
TXN0003290394,APP011,2025-02-22,reversed,126652.52,CHF,AMER,CP0089,FX,TDR0192,BOOK_B,2025-11-18
TXN0008041681,APP005,2025-04-18,failed,885115.12,JPY,APAC,CP0342,FX,TDR0108,BOOK_D,2026-01-31
TXN0009472782,APP010,2026-04-07,active,813652.81,USD,APAC,CP0253,FX,TDR0035,BOOK_C,2025-10-23
TXN0008512371,APP010,2025-01-14,failed,719578.84,USD,AMER,CP0158,FUTURE,TDR0070,BOOK_D,2025-02-09
TXN0008838118,APP012,2025-07-03,active,85869.23,GBP,AMER,CP0470,BOND,TDR0173,BOOK_D,2026-03-03
TXN0008642836,APP020,2025-09-03,failed,741708.18,CHF,APAC,CP0478,EQUITY,TDR0052,BOOK_B,2025-03-27
TXN0003326882,APP010,2025-05-14,reversed,788621.23,USD,AMER,CP0121,FX,TDR0094,BOOK_A,2025-12-29
TXN0007265717,APP020,2025-12-19,failed,350490.36,JPY,LATAM,CP0151,FX,TDR0078,BOOK_B,2025-04-16
TXN0002185298,APP020,2025-03-16,pending,939245.19,JPY,APAC,CP0248,EQUITY,TDR0155,BOOK_D,2025-05-18
TXN0007398638,APP014,2026-02-23,settled,889344.33,AUD,AMER,CP0310,OPTION,TDR0072,BOOK_C,2025-01-03
TXN0007316331,APP019,2026-03-05,settled,38594.79,GBP,EMEA,CP0304,EQUITY,TDR0170,BOOK_A,2025-04-25
TXN0008494276,APP015,2025-10-13,failed,547517.91,AUD,EMEA,CP0454,BOND,TDR0036,BOOK_D,2026-03-29
TXN0002106948,APP002,2025-06-20,settled,626616.54,GBP,APAC,CP0310,EQUITY,TDR0081,BOOK_B,2025-07-22
TXN0006688295,APP004,2025-01-19,settled,345720.62,JPY,APAC,CP0438,FX,TDR0147,BOOK_C,2025-11-26
TXN0002093906,APP013,2025-09-24,pending,53542.8,EUR,APAC,CP0468,SWAP,TDR0186,BOOK_B,2025-07-30
TXN0004058097,APP008,2025-06-10,pending,628364.77,EUR,EMEA,CP0171,SWAP,TDR0118,BOOK_C,2025-09-17
TXN0007324494,APP003,2026-01-10,reversed,156419.65,EUR,EMEA,CP0050,EQUITY,TDR0199,BOOK_D,2025-02-13
TXN0009354569,APP020,2026-03-25,pending,646397.25,JPY,APAC,CP0461,FUTURE,TDR0109,BOOK_B,2025-02-11
TXN0001806122,APP005,2026-02-14,pending,102138.18,JPY,AMER,CP0413,EQUITY,TDR0195,BOOK_A,2026-03-24
TXN0003822266,APP009,2025-05-29,failed,395609.26,CHF,AMER,CP0460,OPTION,TDR0015,BOOK_C,2025-05-13
TXN0005009421,APP013,2025-07-31,pending,323715.45,AUD,APAC,CP0070,FX,TDR0024,BOOK_D,2026-01-21
TXN0002470260,APP009,2025-03-09,pending,106540.13,CHF,AMER,CP0281,BOND,TDR0068,BOOK_B,2025-03-08
TXN0000232690,APP002,2025-08-04,settled,742015.41,CHF,APAC,CP0091,FUTURE,TDR0014,BOOK_B,2026-04-14
TXN0009960170,APP010,2025-01-18,failed,785368.23,AUD,APAC,CP0271,FUTURE,TDR0050,BOOK_B,2026-02-04
TXN0000848686,APP001,2026-02-14,reversed,91881.53,JPY,AMER,CP0407,FUTURE,TDR0163,BOOK_A,2025-02-24
TXN0004552984,APP001,2025-10-19,failed,803878.59,CHF,APAC,CP0299,FUTURE,TDR0163,BOOK_A,2025-12-08
TXN0005155762,APP013,2025-06-25,reversed,4961.23,GBP,APAC,CP0211,FUTURE,TDR0041,BOOK_D,2025-10-15
TXN0001037478,APP016,2026-03-27,pending,278471.17,EUR,AMER,CP0088,SWAP,TDR0180,BOOK_D,2025-10-07
TXN0001744744,APP013,2025-12-13,active,476856.51,AUD,APAC,CP0488,EQUITY,TDR0034,BOOK_A,2025-12-16
TXN0006257970,APP019,2026-04-04,failed,767659.76,EUR,APAC,CP0065,EQUITY,TDR0099,BOOK_D,2025-04-25
TXN0001497970,APP019,2026-03-23,pending,973816.72,CHF,EMEA,CP0036,FUTURE,TDR0122,BOOK_A,2026-03-10
TXN0003279481,APP012,2025-11-13,settled,876314.8,USD,EMEA,CP0192,SWAP,TDR0087,BOOK_C,2025-03-20
TXN0002701209,APP008,2026-03-07,pending,545548.43,JPY,LATAM,CP0469,EQUITY,TDR0153,BOOK_C,2025-02-06
TXN0007327534,APP003,2026-03-15,active,334347.51,CHF,AMER,CP0011,FX,TDR0045,BOOK_C,2025-12-19
TXN0008062864,APP015,2025-06-26,settled,66175.08,AUD,LATAM,CP0160,EQUITY,TDR0132,BOOK_D,2025-02-11
TXN0000341821,APP016,2025-06-06,reversed,953310.36,USD,APAC,CP0484,EQUITY,TDR0134,BOOK_D,2025-12-31
TXN0007065578,APP019,2025-11-08,failed,692401.07,JPY,EMEA,CP0142,BOND,TDR0184,BOOK_D,2025-09-16
TXN0000140157,APP017,2025-04-10,active,742316.73,USD,APAC,CP0127,FUTURE,TDR0058,BOOK_A,2025-01-25
TXN0002993660,APP003,2025-01-29,pending,616424.41,EUR,AMER,CP0192,FX,TDR0034,BOOK_C,2026-01-11
TXN0008736946,APP020,2025-10-10,active,568983.47,USD,LATAM,CP0315,SWAP,TDR0040,BOOK_A,2025-03-16
TXN0003524662,APP012,2025-06-04,failed,212319.25,GBP,EMEA,CP0384,FX,TDR0189,BOOK_A,2025-09-05
TXN0008744499,APP006,2026-02-27,settled,371058.94,JPY,APAC,CP0150,BOND,TDR0134,BOOK_A,2025-09-01
TXN0009295500,APP016,2025-01-21,active,433961.47,JPY,AMER,CP0441,EQUITY,TDR0116,BOOK_D,2025-04-01
TXN0003895322,APP020,2025-06-12,failed,978431.09,EUR,LATAM,CP0495,FX,TDR0145,BOOK_C,2025-08-24
TXN0004110303,APP004,2025-07-18,active,474538.2,USD,AMER,CP0019,BOND,TDR0062,BOOK_D,2025-03-20
TXN0000699585,APP017,2025-08-26,reversed,59010.25,JPY,EMEA,CP0096,OPTION,TDR0118,BOOK_B,2025-06-15
TXN0006533230,APP013,2025-12-26,pending,369842.77,EUR,AMER,CP0391,FUTURE,TDR0185,BOOK_D,2025-01-13
TXN0008186520,APP019,2025-08-29,pending,35769.33,JPY,AMER,CP0410,FX,TDR0013,BOOK_D,2025-09-07
TXN0007825980,APP005,2025-11-24,settled,760682.84,CHF,LATAM,CP0165,FX,TDR0197,BOOK_B,2025-12-18
TXN0003362239,APP004,2025-08-05,active,994936.23,JPY,EMEA,CP0232,FX,TDR0082,BOOK_B,2025-10-03
TXN0006792740,APP010,2025-10-05,pending,650858.84,JPY,LATAM,CP0409,OPTION,TDR0102,BOOK_A,2025-08-14
TXN0005721636,APP019,2026-03-05,pending,352200.97,JPY,AMER,CP0266,FUTURE,TDR0140,BOOK_D,2025-04-11
TXN0001764006,APP020,2025-04-10,failed,998579.13,JPY,LATAM,CP0049,EQUITY,TDR0195,BOOK_A,2025-06-06
TXN0005830791,APP006,2025-12-09,active,573472.8,AUD,LATAM,CP0363,SWAP,TDR0032,BOOK_A,2026-02-16
TXN0009494421,APP019,2025-01-12,settled,675985.35,JPY,LATAM,CP0449,BOND,TDR0121,BOOK_B,2025-06-09
TXN0000922869,APP007,2025-03-29,active,280930.42,USD,APAC,CP0292,OPTION,TDR0144,BOOK_D,2025-09-29
TXN0007713523,APP018,2025-01-22,pending,464139.27,EUR,EMEA,CP0499,SWAP,TDR0072,BOOK_B,2025-01-03
TXN0006655861,APP013,2025-10-18,reversed,911232.52,GBP,APAC,CP0490,FX,TDR0037,BOOK_C,2025-02-23
TXN0007204368,APP019,2025-10-03,failed,136868.93,GBP,AMER,CP0456,EQUITY,TDR0041,BOOK_D,2025-12-22
TXN0007989684,APP002,2025-09-30,pending,961301.87,EUR,AMER,CP0370,EQUITY,TDR0113,BOOK_D,2025-05-11
TXN0002462475,APP003,2026-02-17,failed,551418.4,EUR,AMER,CP0065,FUTURE,TDR0113,BOOK_A,2025-07-25
TXN0000519927,APP013,2025-09-28,settled,636780.47,CHF,APAC,CP0380,OPTION,TDR0158,BOOK_A,2026-02-09
TXN0004137306,APP005,2025-08-31,failed,225763.74,EUR,LATAM,CP0083,FX,TDR0188,BOOK_A,2025-01-20
TXN0001641258,APP003,2025-07-18,settled,882878.82,EUR,LATAM,CP0400,BOND,TDR0081,BOOK_D,2025-12-18
TXN0009014059,APP015,2026-01-03,settled,114380.86,EUR,LATAM,CP0013,EQUITY,TDR0092,BOOK_B,2025-12-29
TXN0000723407,APP010,2025-03-10,settled,505691.88,AUD,EMEA,CP0459,BOND,TDR0109,BOOK_D,2025-05-26
TXN0002519998,APP016,2026-02-18,failed,858774.88,JPY,LATAM,CP0489,FX,TDR0031,BOOK_A,2025-04-23
TXN0005680309,APP002,2025-02-06,settled,118216.18,CHF,EMEA,CP0159,FX,TDR0002,BOOK_D,2026-01-08
TXN0002118747,APP009,2025-08-25,active,416419.83,CHF,APAC,CP0097,EQUITY,TDR0111,BOOK_D,2025-09-16
TXN0001311615,APP006,2025-03-21,pending,181485.46,GBP,EMEA,CP0324,FUTURE,TDR0065,BOOK_D,2025-06-26
TXN0002698141,APP011,2025-05-03,reversed,17365.78,AUD,EMEA,CP0236,FUTURE,TDR0017,BOOK_B,2025-07-02
TXN0004666582,APP008,2025-07-07,active,594207.97,USD,AMER,CP0265,SWAP,TDR0069,BOOK_D,2026-01-12
TXN0009204633,APP005,2025-10-02,active,206739.23,USD,LATAM,CP0255,BOND,TDR0139,BOOK_B,2025-09-25
TXN0002293235,APP006,2026-03-06,pending,597885.39,EUR,LATAM,CP0392,SWAP,TDR0166,BOOK_D,2025-02-08
TXN0002071296,APP018,2025-04-18,active,89847.34,JPY,AMER,CP0301,OPTION,TDR0041,BOOK_C,2025-03-17
TXN0001191808,APP010,2025-10-06,settled,931961.41,JPY,APAC,CP0050,BOND,TDR0102,BOOK_C,2025-11-23
TXN0002145537,APP009,2025-12-03,active,70008.61,CHF,AMER,CP0149,OPTION,TDR0129,BOOK_B,2025-11-10
TXN0007632596,APP012,2025-05-04,settled,460067.97,EUR,EMEA,CP0105,BOND,TDR0173,BOOK_B,2025-06-05
TXN0003391779,APP020,2025-09-24,settled,398566.01,GBP,APAC,CP0266,EQUITY,TDR0010,BOOK_D,2025-12-03
TXN0000430667,APP002,2025-07-22,pending,824504.73,JPY,LATAM,CP0022,FX,TDR0160,BOOK_B,2025-01-29
TXN0004077544,APP004,2026-04-03,failed,100841.96,JPY,LATAM,CP0336,OPTION,TDR0093,BOOK_B,2025-02-20
TXN0001722699,APP018,2026-02-08,reversed,131308.93,JPY,APAC,CP0071,OPTION,TDR0038,BOOK_A,2025-01-14
TXN0005312926,APP014,2025-08-09,reversed,804480.98,GBP,EMEA,CP0253,BOND,TDR0128,BOOK_C,2025-08-10
TXN0002483918,APP011,2025-08-13,settled,417971.64,CHF,AMER,CP0256,FX,TDR0050,BOOK_D,2025-03-07
TXN0000590908,APP017,2026-02-21,reversed,15984.01,CHF,EMEA,CP0489,EQUITY,TDR0172,BOOK_B,2025-07-09
TXN0004273200,APP003,2025-12-27,active,740987.67,AUD,APAC,CP0494,OPTION,TDR0102,BOOK_B,2025-08-28
TXN0007807342,APP001,2026-03-30,failed,281006.55,JPY,APAC,CP0378,FUTURE,TDR0102,BOOK_B,2025-12-19
TXN0003975040,APP007,2026-02-23,pending,480980.25,USD,LATAM,CP0149,EQUITY,TDR0134,BOOK_D,2026-04-13
TXN0003850567,APP018,2025-08-25,settled,574647.8,GBP,LATAM,CP0147,BOND,TDR0173,BOOK_C,2026-03-13
TXN0001802323,APP007,2025-10-12,failed,130102.33,USD,AMER,CP0195,EQUITY,TDR0196,BOOK_B,2025-11-09
TXN0004490028,APP004,2025-06-25,settled,688856.94,JPY,LATAM,CP0403,BOND,TDR0057,BOOK_A,2025-12-24
TXN0009336580,APP017,2025-12-06,pending,218500.91,CHF,EMEA,CP0353,FUTURE,TDR0087,BOOK_A,2025-09-26
TXN0007325650,APP006,2025-11-22,settled,395830.57,JPY,AMER,CP0125,SWAP,TDR0035,BOOK_A,2025-05-11
TXN0009053464,APP005,2025-11-10,pending,335509.59,JPY,LATAM,CP0371,OPTION,TDR0151,BOOK_D,2025-07-25
TXN0002508397,APP007,2025-02-09,active,692268.64,CHF,LATAM,CP0138,BOND,TDR0166,BOOK_B,2025-02-01
TXN0004225412,APP011,2025-07-30,failed,840256.95,CHF,LATAM,CP0056,FX,TDR0101,BOOK_A,2025-03-13
TXN0000900574,APP016,2025-06-25,failed,355647.73,CHF,LATAM,CP0095,SWAP,TDR0127,BOOK_A,2025-03-13
TXN0007027828,APP014,2026-01-06,settled,3926.64,AUD,EMEA,CP0023,FX,TDR0120,BOOK_D,2025-03-03
TXN0000346844,APP005,2025-02-18,active,361946.8,GBP,LATAM,CP0116,EQUITY,TDR0172,BOOK_A,2026-01-10
TXN0007081911,APP013,2025-11-25,failed,61232.84,EUR,LATAM,CP0052,OPTION,TDR0200,BOOK_C,2026-01-13
TXN0008431983,APP003,2025-12-14,failed,294038.73,AUD,APAC,CP0444,BOND,TDR0179,BOOK_A,2026-02-27
TXN0001587082,APP015,2026-02-09,pending,751304.65,USD,EMEA,CP0035,OPTION,TDR0002,BOOK_A,2025-10-01
TXN0001637021,APP005,2025-07-21,pending,366349.65,USD,LATAM,CP0145,BOND,TDR0056,BOOK_D,2025-12-12
TXN0006941051,APP006,2025-11-30,failed,111254.54,AUD,APAC,CP0238,EQUITY,TDR0067,BOOK_A,2026-04-04
TXN0006824027,APP010,2025-01-15,active,473999.88,USD,AMER,CP0330,OPTION,TDR0188,BOOK_A,2025-09-02
TXN0002109367,APP020,2025-10-16,active,524865.24,AUD,LATAM,CP0041,SWAP,TDR0143,BOOK_D,2025-08-21
TXN0006125211,APP019,2026-01-12,failed,925319.86,AUD,AMER,CP0402,EQUITY,TDR0123,BOOK_C,2025-05-07
TXN0000662631,APP008,2025-10-05,settled,323673.03,AUD,APAC,CP0332,FUTURE,TDR0197,BOOK_B,2025-09-22
TXN0003853928,APP003,2025-02-24,settled,922366.41,USD,APAC,CP0065,OPTION,TDR0105,BOOK_D,2025-02-14
TXN0001120443,APP011,2026-02-16,pending,385436.27,CHF,AMER,CP0323,EQUITY,TDR0021,BOOK_D,2025-12-24
TXN0003972073,APP019,2026-01-12,failed,782893.09,EUR,EMEA,CP0258,FUTURE,TDR0009,BOOK_A,2025-08-22
TXN0008105434,APP003,2025-09-16,reversed,181641.17,AUD,AMER,CP0341,FUTURE,TDR0026,BOOK_D,2025-10-01
TXN0000837762,APP002,2025-07-20,reversed,494057.42,GBP,LATAM,CP0270,OPTION,TDR0028,BOOK_C,2025-07-23
TXN0003164350,APP001,2025-10-11,reversed,898708.98,USD,LATAM,CP0046,SWAP,TDR0130,BOOK_B,2025-09-17
TXN0001050262,APP016,2025-06-11,reversed,174615.41,USD,LATAM,CP0040,FX,TDR0127,BOOK_D,2026-02-21
TXN0007622789,APP017,2025-09-07,failed,222307.58,USD,LATAM,CP0055,FUTURE,TDR0069,BOOK_B,2026-03-09
TXN0007314251,APP015,2026-04-09,active,806218.64,EUR,APAC,CP0145,FX,TDR0113,BOOK_D,2025-09-19
TXN0008219394,APP016,2025-03-30,active,965813.56,EUR,APAC,CP0042,FUTURE,TDR0080,BOOK_B,2026-03-08
TXN0006676629,APP015,2025-11-14,active,268320.99,JPY,AMER,CP0198,OPTION,TDR0001,BOOK_A,2025-10-08
TXN0007739768,APP017,2025-03-05,reversed,859264.27,EUR,AMER,CP0352,EQUITY,TDR0103,BOOK_C,2025-07-17
TXN0004534208,APP002,2025-12-12,reversed,65642.28,AUD,APAC,CP0266,FUTURE,TDR0038,BOOK_B,2025-02-28
TXN0004205013,APP015,2025-12-22,pending,692099.98,JPY,LATAM,CP0285,SWAP,TDR0154,BOOK_D,2025-10-16
TXN0001951641,APP013,2025-05-17,active,261956.6,USD,APAC,CP0039,OPTION,TDR0020,BOOK_D,2026-01-25
TXN0008931308,APP008,2025-07-11,pending,221642.11,CHF,APAC,CP0364,SWAP,TDR0115,BOOK_D,2025-12-13
TXN0005759993,APP014,2025-02-19,pending,359651.94,GBP,EMEA,CP0462,FX,TDR0176,BOOK_C,2026-01-12
TXN0008948060,APP016,2025-02-05,active,168985.84,GBP,APAC,CP0106,EQUITY,TDR0024,BOOK_A,2025-08-11
TXN0007003630,APP004,2025-07-20,failed,981202.36,EUR,LATAM,CP0263,SWAP,TDR0044,BOOK_A,2026-03-27
TXN0000519912,APP013,2026-01-04,active,219458.52,USD,LATAM,CP0183,SWAP,TDR0009,BOOK_C,2026-03-21
TXN0008957712,APP003,2025-04-10,active,715663.62,CHF,LATAM,CP0259,SWAP,TDR0043,BOOK_D,2025-04-03
TXN0005748009,APP017,2025-12-11,failed,479186.74,GBP,APAC,CP0415,BOND,TDR0156,BOOK_A,2026-03-01
TXN0002517098,APP014,2025-08-29,failed,28890.94,EUR,LATAM,CP0096,OPTION,TDR0030,BOOK_A,2025-11-05
TXN0007921199,APP008,2025-12-20,active,810851.29,AUD,LATAM,CP0030,FUTURE,TDR0082,BOOK_C,2025-12-01
TXN0008237831,APP017,2025-06-28,active,20003.39,JPY,EMEA,CP0421,SWAP,TDR0094,BOOK_B,2025-09-01
TXN0007329107,APP010,2026-02-20,failed,728021.56,AUD,APAC,CP0426,OPTION,TDR0063,BOOK_A,2025-01-24
TXN0002037610,APP017,2025-04-09,active,939280.46,EUR,LATAM,CP0084,BOND,TDR0110,BOOK_A,2025-02-25
TXN0002047982,APP017,2026-02-26,failed,582562.65,AUD,AMER,CP0468,FUTURE,TDR0185,BOOK_D,2025-07-03
TXN0004523074,APP019,2026-02-22,active,416613.68,GBP,EMEA,CP0091,BOND,TDR0087,BOOK_D,2025-10-05
TXN0004740149,APP015,2025-11-18,failed,602321.09,CHF,EMEA,CP0232,FX,TDR0015,BOOK_C,2025-09-22
TXN0001226514,APP007,2026-04-09,settled,925908.39,CHF,EMEA,CP0489,SWAP,TDR0188,BOOK_A,2025-11-22
TXN0005220181,APP009,2025-05-20,pending,980094.37,EUR,EMEA,CP0239,OPTION,TDR0162,BOOK_A,2026-02-13
TXN0006855696,APP013,2025-11-13,settled,366350.55,USD,APAC,CP0459,FX,TDR0171,BOOK_B,2026-02-17
TXN0005264268,APP017,2026-03-24,reversed,838505.62,AUD,APAC,CP0107,FUTURE,TDR0052,BOOK_A,2025-04-28
TXN0005338617,APP015,2025-02-06,pending,24957.38,JPY,EMEA,CP0097,OPTION,TDR0032,BOOK_D,2025-02-02
TXN0008970568,APP003,2025-08-05,active,774073.1,EUR,APAC,CP0339,FX,TDR0089,BOOK_D,2025-12-18
TXN0005045596,APP016,2025-03-14,failed,906471.14,USD,EMEA,CP0175,FX,TDR0030,BOOK_A,2025-09-29
TXN0003141541,APP009,2026-04-12,reversed,523634.7,CHF,APAC,CP0277,EQUITY,TDR0019,BOOK_A,2026-04-06
TXN0003695071,APP013,2025-09-10,settled,6102.45,JPY,LATAM,CP0417,SWAP,TDR0141,BOOK_D,2025-08-10
TXN0004432779,APP017,2026-03-15,reversed,690784.98,CHF,APAC,CP0312,EQUITY,TDR0022,BOOK_D,2026-02-17
TXN0007562702,APP008,2025-10-04,reversed,764715.48,CHF,EMEA,CP0407,BOND,TDR0162,BOOK_C,2025-05-18
TXN0006111673,APP006,2025-12-02,reversed,594040.83,USD,LATAM,CP0040,OPTION,TDR0038,BOOK_B,2025-07-09
TXN0002538373,APP016,2025-08-02,failed,826606.62,USD,APAC,CP0219,EQUITY,TDR0030,BOOK_B,2025-11-18
TXN0009633260,APP013,2025-04-18,settled,903398.73,GBP,APAC,CP0021,EQUITY,TDR0065,BOOK_D,2025-12-21
TXN0000902598,APP004,2026-01-21,pending,931487.81,GBP,APAC,CP0048,SWAP,TDR0043,BOOK_C,2025-04-04
TXN0004435332,APP007,2025-09-05,pending,892349.6,AUD,EMEA,CP0467,FUTURE,TDR0129,BOOK_A,2025-09-08
TXN0006902683,APP018,2025-02-02,reversed,111121.99,JPY,AMER,CP0352,BOND,TDR0057,BOOK_A,2026-02-26
TXN0004571360,APP020,2025-10-24,settled,88557.76,CHF,LATAM,CP0421,OPTION,TDR0118,BOOK_B,2026-03-23
TXN0008441793,APP016,2025-08-11,settled,897696.72,CHF,EMEA,CP0063,FX,TDR0060,BOOK_D,2025-03-06
TXN0007854639,APP020,2025-10-23,active,242992.29,AUD,AMER,CP0364,OPTION,TDR0115,BOOK_D,2025-11-12
TXN0001391834,APP007,2025-01-20,settled,739499.6,AUD,AMER,CP0406,SWAP,TDR0145,BOOK_B,2025-12-15
TXN0001038815,APP018,2025-02-12,failed,2886.61,AUD,LATAM,CP0017,FX,TDR0170,BOOK_B,2026-03-08
TXN0002364492,APP015,2025-08-13,reversed,375286.18,GBP,AMER,CP0063,FUTURE,TDR0087,BOOK_B,2026-01-19
TXN0009475137,APP012,2025-05-26,active,730916.99,EUR,AMER,CP0438,SWAP,TDR0088,BOOK_B,2026-03-24
TXN0002739704,APP020,2026-04-03,failed,185566.19,AUD,APAC,CP0177,FUTURE,TDR0153,BOOK_C,2026-02-03
TXN0006197082,APP019,2025-07-19,failed,951709.94,USD,AMER,CP0132,SWAP,TDR0124,BOOK_A,2025-12-18
TXN0002671139,APP003,2025-03-04,settled,825703.68,AUD,EMEA,CP0332,FUTURE,TDR0119,BOOK_D,2025-09-01
TXN0009513904,APP016,2026-04-10,settled,980783.02,USD,LATAM,CP0416,FX,TDR0185,BOOK_B,2025-11-10
TXN0003771387,APP002,2025-04-05,pending,621091.41,CHF,AMER,CP0460,OPTION,TDR0008,BOOK_A,2025-11-23
TXN0000148854,APP007,2025-05-15,pending,809125.22,CHF,LATAM,CP0213,FUTURE,TDR0196,BOOK_C,2025-08-05
TXN0009028916,APP018,2026-01-24,settled,894180.26,GBP,LATAM,CP0179,FUTURE,TDR0038,BOOK_B,2025-03-02
TXN0009395703,APP009,2025-10-27,active,119670.14,AUD,LATAM,CP0298,FX,TDR0005,BOOK_C,2025-12-23
TXN0003067134,APP010,2025-03-24,reversed,467133.97,JPY,AMER,CP0315,OPTION,TDR0021,BOOK_B,2025-03-02
TXN0000852222,APP008,2025-09-21,settled,552484.73,USD,EMEA,CP0476,SWAP,TDR0156,BOOK_A,2026-04-10
TXN0007333448,APP009,2025-02-04,active,587175.5,AUD,AMER,CP0269,BOND,TDR0194,BOOK_C,2026-03-16
TXN0006667106,APP012,2025-07-12,failed,107391.63,USD,EMEA,CP0071,FUTURE,TDR0024,BOOK_D,2025-09-24
TXN0007607178,APP003,2025-04-16,settled,111829.75,CHF,LATAM,CP0328,FUTURE,TDR0098,BOOK_D,2025-11-29
TXN0008225315,APP008,2026-04-07,pending,356704.02,AUD,APAC,CP0210,BOND,TDR0112,BOOK_D,2026-03-28
TXN0008100320,APP018,2025-12-30,pending,722069.9,USD,APAC,CP0307,BOND,TDR0098,BOOK_A,2025-11-02
TXN0000682600,APP016,2025-08-27,settled,442841.74,AUD,APAC,CP0344,EQUITY,TDR0008,BOOK_B,2025-03-21
TXN0009137332,APP018,2025-09-28,active,236767.33,CHF,AMER,CP0457,FX,TDR0063,BOOK_B,2025-06-27
TXN0005675416,APP011,2025-11-22,active,156359.92,EUR,APAC,CP0195,FX,TDR0181,BOOK_A,2025-04-14
TXN0007280790,APP008,2025-07-24,reversed,755186.6,GBP,EMEA,CP0386,FUTURE,TDR0082,BOOK_C,2025-12-27
TXN0002542365,APP019,2026-03-26,failed,158040.53,USD,LATAM,CP0019,SWAP,TDR0053,BOOK_D,2026-04-03
TXN0000843443,APP009,2025-12-22,reversed,805078.04,CHF,EMEA,CP0179,FX,TDR0106,BOOK_C,2026-03-04
TXN0005373018,APP004,2025-04-23,active,960467.04,GBP,APAC,CP0214,EQUITY,TDR0050,BOOK_A,2026-01-21
TXN0005060219,APP009,2025-04-20,pending,916177.82,EUR,APAC,CP0103,SWAP,TDR0143,BOOK_C,2025-10-18
TXN0005667725,APP016,2025-07-26,pending,709594.6,JPY,EMEA,CP0104,FUTURE,TDR0194,BOOK_B,2025-03-11
TXN0006143348,APP013,2025-05-20,pending,283428.11,CHF,EMEA,CP0247,FX,TDR0013,BOOK_A,2025-05-09
TXN0007156165,APP016,2025-03-18,active,980527.59,EUR,AMER,CP0289,EQUITY,TDR0007,BOOK_A,2025-05-13
TXN0005955915,APP015,2025-06-27,failed,967810.55,AUD,LATAM,CP0333,EQUITY,TDR0055,BOOK_A,2026-01-29
TXN0004013647,APP013,2025-09-20,failed,944830.84,EUR,LATAM,CP0239,FUTURE,TDR0126,BOOK_D,2025-08-09
TXN0007308871,APP017,2025-11-13,failed,274739.39,JPY,EMEA,CP0183,SWAP,TDR0159,BOOK_B,2026-02-24
TXN0001680194,APP014,2025-08-15,failed,861653.68,GBP,APAC,CP0129,FX,TDR0069,BOOK_C,2026-01-02
TXN0000350161,APP015,2025-02-09,reversed,280800.02,JPY,LATAM,CP0225,FX,TDR0063,BOOK_A,2025-05-03
TXN0001456145,APP006,2025-12-06,active,752241.51,AUD,EMEA,CP0211,SWAP,TDR0066,BOOK_D,2025-07-12
TXN0003652667,APP008,2025-07-10,settled,62098.73,GBP,LATAM,CP0027,BOND,TDR0052,BOOK_D,2025-06-10
TXN0008308654,APP015,2026-01-03,pending,71557.56,GBP,AMER,CP0041,SWAP,TDR0145,BOOK_B,2025-12-03
TXN0004121801,APP003,2025-02-18,failed,411192.28,AUD,LATAM,CP0071,FUTURE,TDR0098,BOOK_B,2025-06-03
TXN0008037272,APP001,2025-03-14,pending,749267.48,CHF,EMEA,CP0198,FX,TDR0032,BOOK_D,2026-02-18
TXN0007955679,APP013,2026-03-09,failed,874784.73,AUD,APAC,CP0265,FX,TDR0052,BOOK_B,2025-10-15
TXN0005952502,APP002,2025-06-14,reversed,219628.73,USD,AMER,CP0276,BOND,TDR0101,BOOK_C,2025-09-14
TXN0009081728,APP012,2025-08-10,failed,779862.49,GBP,EMEA,CP0372,SWAP,TDR0107,BOOK_A,2025-02-13
TXN0001959869,APP011,2025-03-19,active,827280.58,AUD,LATAM,CP0366,EQUITY,TDR0094,BOOK_A,2026-02-23
TXN0007116875,APP019,2025-03-13,active,225879.88,EUR,LATAM,CP0318,FUTURE,TDR0119,BOOK_D,2025-06-07
TXN0003338180,APP015,2025-11-15,active,398767.45,AUD,APAC,CP0115,EQUITY,TDR0099,BOOK_D,2026-04-02
TXN0002115184,APP011,2025-04-05,reversed,326098.17,USD,APAC,CP0066,OPTION,TDR0178,BOOK_B,2026-03-01
TXN0000904249,APP012,2025-01-23,failed,134327.79,AUD,LATAM,CP0305,BOND,TDR0056,BOOK_B,2026-03-23
TXN0002129334,APP001,2025-05-27,active,807271.91,CHF,LATAM,CP0270,FX,TDR0041,BOOK_A,2025-09-22
TXN0004720031,APP014,2025-03-22,pending,380907.23,GBP,LATAM,CP0103,OPTION,TDR0037,BOOK_A,2025-07-23
TXN0004289396,APP002,2025-12-02,pending,627676.88,USD,LATAM,CP0202,SWAP,TDR0101,BOOK_D,2025-06-29
TXN0009208157,APP003,2025-01-11,pending,688983.06,USD,LATAM,CP0204,FX,TDR0053,BOOK_B,2025-03-01
TXN0001981714,APP011,2025-09-08,active,324681.97,EUR,EMEA,CP0098,FX,TDR0163,BOOK_B,2025-12-04
TXN0005376984,APP017,2025-02-26,active,830855.48,GBP,EMEA,CP0140,EQUITY,TDR0003,BOOK_C,2025-10-20
TXN0001790743,APP015,2025-05-27,failed,817975.64,GBP,APAC,CP0467,OPTION,TDR0125,BOOK_B,2025-11-15
TXN0001645052,APP008,2025-11-18,active,7027.02,JPY,AMER,CP0259,OPTION,TDR0008,BOOK_D,2025-09-12
TXN0005670118,APP017,2026-03-20,pending,322372.34,JPY,LATAM,CP0239,OPTION,TDR0166,BOOK_D,2025-05-24
TXN0001300556,APP009,2026-02-22,active,87928.37,USD,LATAM,CP0322,FX,TDR0097,BOOK_B,2025-02-16
TXN0004681835,APP020,2026-03-09,reversed,36758.19,JPY,EMEA,CP0058,EQUITY,TDR0064,BOOK_A,2025-01-26
TXN0000575666,APP009,2026-04-14,failed,248900.23,USD,APAC,CP0020,BOND,TDR0125,BOOK_A,2026-03-22
TXN0001255160,APP019,2026-04-12,failed,294178.7,CHF,LATAM,CP0298,OPTION,TDR0128,BOOK_A,2025-03-23
TXN0000144482,APP008,2025-05-16,pending,529156.93,GBP,AMER,CP0216,FUTURE,TDR0036,BOOK_D,2025-01-13
TXN0004561761,APP009,2025-02-19,settled,719092.39,JPY,AMER,CP0436,OPTION,TDR0111,BOOK_C,2025-05-23
TXN0006798562,APP018,2026-03-16,active,810406.13,EUR,AMER,CP0224,BOND,TDR0136,BOOK_C,2026-04-01
TXN0000853790,APP005,2025-06-25,reversed,972886.54,JPY,APAC,CP0043,EQUITY,TDR0097,BOOK_D,2026-04-12
TXN0006791133,APP014,2025-08-19,reversed,736697.71,JPY,LATAM,CP0146,OPTION,TDR0162,BOOK_A,2025-01-08
TXN0001843914,APP007,2025-04-01,pending,62988.52,EUR,LATAM,CP0382,SWAP,TDR0095,BOOK_B,2025-01-18
TXN0008649873,APP006,2025-01-13,active,867007.12,USD,EMEA,CP0472,BOND,TDR0178,BOOK_D,2025-03-22
TXN0007172668,APP003,2025-07-05,pending,31943.17,AUD,APAC,CP0426,EQUITY,TDR0054,BOOK_D,2026-02-17
TXN0007596034,APP004,2025-08-24,reversed,580235.06,CHF,APAC,CP0095,FX,TDR0100,BOOK_A,2025-11-29
TXN0007972752,APP001,2025-04-16,failed,84519.6,USD,LATAM,CP0115,BOND,TDR0004,BOOK_D,2025-08-24
TXN0005433096,APP009,2026-03-08,settled,359098.31,JPY,EMEA,CP0008,EQUITY,TDR0152,BOOK_C,2025-11-17
TXN0006296206,APP004,2026-04-10,pending,271656.18,EUR,LATAM,CP0397,FX,TDR0194,BOOK_C,2026-02-18
TXN0000241815,APP010,2025-06-04,reversed,310681.56,EUR,APAC,CP0336,FX,TDR0165,BOOK_C,2025-09-01
TXN0000138922,APP012,2025-08-11,active,292753.55,JPY,EMEA,CP0260,FUTURE,TDR0095,BOOK_D,2025-12-28
TXN0001848603,APP003,2026-02-22,failed,134054.46,AUD,APAC,CP0403,EQUITY,TDR0167,BOOK_C,2025-05-09
TXN0002108665,APP013,2026-03-19,active,559336.79,CHF,EMEA,CP0159,FX,TDR0138,BOOK_A,2025-06-21
TXN0006577258,APP018,2025-01-09,active,698052.5,USD,AMER,CP0302,OPTION,TDR0130,BOOK_A,2025-05-20
TXN0008329431,APP007,2025-09-19,active,307575.97,CHF,AMER,CP0322,FX,TDR0061,BOOK_C,2026-03-08
TXN0009820142,APP007,2025-09-14,reversed,719863.03,EUR,LATAM,CP0285,FUTURE,TDR0160,BOOK_C,2025-09-01
TXN0006722643,APP003,2026-04-05,reversed,201919.97,GBP,AMER,CP0052,SWAP,TDR0086,BOOK_D,2025-07-17
TXN0009413241,APP014,2025-10-25,failed,828239.78,USD,LATAM,CP0232,OPTION,TDR0194,BOOK_A,2025-03-31
TXN0009041913,APP011,2025-03-11,failed,507071.81,AUD,EMEA,CP0136,BOND,TDR0197,BOOK_B,2025-03-23
TXN0006745900,APP009,2025-03-08,active,851365.06,JPY,APAC,CP0429,SWAP,TDR0174,BOOK_A,2025-06-07
TXN0001997525,APP001,2025-12-02,settled,332404.84,CHF,LATAM,CP0090,SWAP,TDR0198,BOOK_C,2025-04-13
TXN0009929020,APP009,2025-03-28,failed,513879.5,GBP,APAC,CP0273,FX,TDR0091,BOOK_C,2025-07-08
TXN0004775954,APP015,2025-11-15,reversed,523105.46,JPY,APAC,CP0396,FUTURE,TDR0003,BOOK_D,2026-03-11
TXN0008999943,APP019,2026-01-18,active,51587.79,CHF,APAC,CP0243,OPTION,TDR0110,BOOK_A,2025-11-11
TXN0009886401,APP016,2026-02-23,pending,614785.68,JPY,APAC,CP0054,SWAP,TDR0120,BOOK_C,2025-12-28
TXN0008872591,APP006,2025-06-18,pending,882337.87,JPY,EMEA,CP0405,EQUITY,TDR0158,BOOK_D,2026-03-01
TXN0008946938,APP002,2025-07-27,reversed,387004.39,JPY,EMEA,CP0353,SWAP,TDR0064,BOOK_C,2026-04-12
TXN0004583582,APP014,2025-09-02,settled,955988.87,GBP,LATAM,CP0325,FX,TDR0199,BOOK_A,2026-02-14
TXN0008423830,APP004,2025-03-08,settled,207768.57,CHF,AMER,CP0153,OPTION,TDR0082,BOOK_C,2025-04-04
TXN0008391595,APP019,2025-09-23,failed,72543.48,AUD,AMER,CP0275,FUTURE,TDR0083,BOOK_A,2025-07-25
TXN0000955285,APP008,2025-09-25,failed,850904.72,USD,EMEA,CP0281,FUTURE,TDR0055,BOOK_A,2025-11-11
TXN0000939715,APP004,2025-12-08,reversed,867678.27,EUR,EMEA,CP0005,SWAP,TDR0024,BOOK_A,2025-09-01
TXN0004489964,APP010,2026-01-10,active,117512.84,AUD,EMEA,CP0342,FX,TDR0036,BOOK_D,2025-04-13
TXN0000544824,APP015,2025-01-25,settled,493176.69,JPY,LATAM,CP0024,FUTURE,TDR0116,BOOK_D,2026-01-07
TXN0002154902,APP004,2025-02-23,active,605636.43,CHF,AMER,CP0486,BOND,TDR0193,BOOK_A,2026-01-20
TXN0000840277,APP014,2025-11-10,active,290750.36,EUR,APAC,CP0420,EQUITY,TDR0010,BOOK_D,2025-09-26
TXN0005691988,APP012,2025-09-01,active,85654.32,EUR,APAC,CP0283,OPTION,TDR0038,BOOK_A,2025-10-11
TXN0005098727,APP001,2025-12-31,reversed,118011.24,USD,AMER,CP0137,OPTION,TDR0033,BOOK_D,2025-04-13
TXN0000428306,APP010,2025-07-05,pending,437021.03,AUD,APAC,CP0023,FUTURE,TDR0096,BOOK_B,2026-03-10
TXN0001707294,APP014,2025-12-28,pending,848751.66,GBP,APAC,CP0402,SWAP,TDR0180,BOOK_D,2025-12-04
TXN0007473999,APP001,2025-07-21,settled,205321.5,JPY,EMEA,CP0023,FX,TDR0103,BOOK_B,2025-10-08
TXN0006463885,APP005,2026-03-02,active,501675.5,JPY,APAC,CP0146,FUTURE,TDR0075,BOOK_A,2026-03-11
TXN0009714726,APP020,2025-07-25,failed,566602.72,CHF,LATAM,CP0269,EQUITY,TDR0174,BOOK_C,2025-08-14
TXN0008597729,APP009,2025-02-15,active,155881.58,JPY,APAC,CP0057,FX,TDR0008,BOOK_D,2025-06-25
TXN0005953221,APP012,2025-12-14,reversed,535038.18,CHF,AMER,CP0027,FUTURE,TDR0188,BOOK_A,2026-02-09
TXN0008966661,APP012,2026-04-08,failed,442502.7,USD,AMER,CP0492,FX,TDR0158,BOOK_C,2025-02-04
TXN0006476908,APP010,2025-01-28,active,144953.63,AUD,AMER,CP0063,SWAP,TDR0194,BOOK_D,2026-01-07
TXN0009348848,APP010,2025-01-24,failed,831870.28,USD,APAC,CP0464,EQUITY,TDR0101,BOOK_C,2025-08-04
TXN0007862311,APP015,2025-09-19,reversed,593470.15,GBP,LATAM,CP0174,FUTURE,TDR0077,BOOK_C,2026-01-22
TXN0005875524,APP017,2026-02-15,failed,310837.46,CHF,LATAM,CP0121,SWAP,TDR0069,BOOK_C,2025-08-07
TXN0001327248,APP017,2026-01-19,failed,214383.84,JPY,AMER,CP0489,EQUITY,TDR0178,BOOK_B,2025-08-18
TXN0000098950,APP014,2025-11-15,pending,708442.86,EUR,AMER,CP0007,FX,TDR0164,BOOK_A,2025-03-29
TXN0005937420,APP007,2025-09-17,failed,233506.02,CHF,EMEA,CP0402,SWAP,TDR0097,BOOK_D,2025-12-01
TXN0009674953,APP008,2026-03-18,pending,472909.07,GBP,LATAM,CP0126,EQUITY,TDR0033,BOOK_A,2025-04-26
TXN0005949367,APP019,2025-02-18,failed,69627.28,JPY,AMER,CP0394,BOND,TDR0106,BOOK_D,2025-10-20
TXN0002116108,APP018,2026-02-18,settled,710683.26,JPY,AMER,CP0031,SWAP,TDR0130,BOOK_B,2025-09-14
TXN0007157194,APP009,2025-11-18,failed,66223.08,USD,AMER,CP0319,EQUITY,TDR0010,BOOK_A,2025-12-17
TXN0007151593,APP001,2025-04-25,reversed,180298.58,AUD,EMEA,CP0214,FUTURE,TDR0182,BOOK_C,2025-02-15
TXN0004520862,APP013,2025-11-26,settled,697787.22,AUD,LATAM,CP0058,OPTION,TDR0086,BOOK_A,2025-07-10
TXN0000948712,APP009,2025-11-27,failed,696128.0,CHF,AMER,CP0057,OPTION,TDR0148,BOOK_D,2026-03-21
TXN0009770933,APP005,2026-01-12,pending,385000.16,USD,LATAM,CP0005,OPTION,TDR0055,BOOK_A,2026-02-26
TXN0009741370,APP015,2026-01-31,pending,357386.3,EUR,LATAM,CP0167,BOND,TDR0024,BOOK_A,2025-10-09
TXN0002160489,APP008,2025-05-05,settled,961737.68,JPY,AMER,CP0377,FX,TDR0103,BOOK_D,2025-11-29
TXN0006974722,APP011,2026-03-20,active,742567.83,AUD,AMER,CP0002,OPTION,TDR0140,BOOK_B,2025-08-30
TXN0009138489,APP017,2025-08-07,settled,354116.08,GBP,EMEA,CP0116,FX,TDR0009,BOOK_A,2025-12-08
TXN0003931846,APP012,2026-01-24,reversed,962799.36,JPY,APAC,CP0220,OPTION,TDR0114,BOOK_A,2025-06-09
TXN0006743866,APP018,2025-05-21,active,727821.4,GBP,APAC,CP0419,EQUITY,TDR0124,BOOK_D,2025-05-30
TXN0001721504,APP007,2025-09-29,pending,858144.85,EUR,EMEA,CP0290,SWAP,TDR0072,BOOK_D,2025-08-29
TXN0008572893,APP017,2025-05-23,reversed,664399.94,JPY,APAC,CP0235,OPTION,TDR0108,BOOK_D,2025-11-11
TXN0002075671,APP009,2025-12-18,reversed,794381.44,JPY,AMER,CP0304,OPTION,TDR0045,BOOK_D,2025-09-17
TXN0006023063,APP003,2026-03-22,failed,368877.15,AUD,APAC,CP0434,SWAP,TDR0007,BOOK_D,2026-02-03
TXN0007728810,APP011,2025-02-22,failed,102855.9,CHF,EMEA,CP0393,OPTION,TDR0162,BOOK_D,2025-12-05
TXN0005857278,APP012,2026-03-25,pending,84574.65,USD,EMEA,CP0239,BOND,TDR0179,BOOK_C,2025-06-04
TXN0006764907,APP010,2026-02-11,reversed,120903.71,GBP,EMEA,CP0002,EQUITY,TDR0067,BOOK_D,2025-06-08
TXN0005480815,APP016,2025-12-13,settled,829149.28,AUD,LATAM,CP0043,OPTION,TDR0087,BOOK_A,2026-02-08
TXN0001242170,APP016,2025-02-01,failed,626380.69,USD,AMER,CP0306,FUTURE,TDR0100,BOOK_D,2025-09-21
TXN0004635750,APP020,2025-09-01,reversed,227894.29,CHF,EMEA,CP0484,FUTURE,TDR0073,BOOK_D,2025-08-11
TXN0009438366,APP013,2025-05-26,reversed,644016.01,JPY,LATAM,CP0223,FUTURE,TDR0065,BOOK_D,2026-04-05
TXN0005045898,APP014,2025-01-02,failed,842679.35,CHF,LATAM,CP0185,FUTURE,TDR0020,BOOK_A,2025-04-16
TXN0007201282,APP008,2025-01-01,reversed,504383.26,JPY,EMEA,CP0179,FX,TDR0068,BOOK_C,2025-11-19
TXN0008536718,APP020,2026-01-30,active,874705.24,CHF,EMEA,CP0298,OPTION,TDR0046,BOOK_C,2025-11-26
TXN0008947748,APP009,2025-01-20,failed,374490.95,GBP,APAC,CP0340,SWAP,TDR0022,BOOK_A,2025-03-28
TXN0008544553,APP007,2025-02-09,active,565080.3,JPY,APAC,CP0091,FUTURE,TDR0082,BOOK_A,2025-03-05
TXN0008420126,APP013,2025-09-04,settled,211475.25,CHF,APAC,CP0269,FUTURE,TDR0008,BOOK_C,2025-09-22
TXN0005771367,APP003,2025-03-14,reversed,777022.72,GBP,EMEA,CP0278,SWAP,TDR0008,BOOK_C,2025-10-15
TXN0003457070,APP016,2025-11-27,active,204931.12,JPY,LATAM,CP0129,FX,TDR0049,BOOK_B,2025-05-12
TXN0004668807,APP009,2025-10-08,reversed,429524.03,JPY,AMER,CP0083,BOND,TDR0195,BOOK_A,2025-05-05
TXN0009625652,APP018,2025-09-09,settled,752719.65,GBP,APAC,CP0171,EQUITY,TDR0101,BOOK_D,2025-01-30
TXN0002393569,APP017,2025-08-01,pending,993187.84,GBP,EMEA,CP0123,BOND,TDR0077,BOOK_A,2025-05-30
TXN0009264022,APP001,2025-05-19,settled,653182.26,AUD,EMEA,CP0155,FX,TDR0178,BOOK_C,2025-05-25
TXN0004037946,APP016,2025-12-08,failed,984243.3,JPY,EMEA,CP0103,BOND,TDR0075,BOOK_C,2025-01-18
TXN0003579003,APP009,2025-01-26,failed,26118.04,AUD,APAC,CP0468,BOND,TDR0197,BOOK_D,2025-11-09
TXN0009278766,APP008,2026-03-22,pending,671562.89,USD,AMER,CP0367,EQUITY,TDR0017,BOOK_B,2025-10-22
TXN0002386718,APP008,2026-01-02,failed,758545.47,JPY,EMEA,CP0297,SWAP,TDR0131,BOOK_A,2026-04-05
TXN0007604575,APP017,2025-02-19,settled,557244.95,JPY,AMER,CP0280,FUTURE,TDR0192,BOOK_A,2025-01-20
TXN0007765424,APP017,2025-07-20,settled,356489.52,GBP,AMER,CP0153,OPTION,TDR0138,BOOK_C,2025-09-02
TXN0002399481,APP015,2025-12-15,reversed,740809.86,USD,APAC,CP0032,FUTURE,TDR0181,BOOK_A,2025-05-18
TXN0007480591,APP013,2026-03-05,pending,39559.14,CHF,APAC,CP0444,SWAP,TDR0076,BOOK_D,2025-12-31
TXN0003254614,APP008,2025-01-01,pending,991433.9,JPY,AMER,CP0117,SWAP,TDR0100,BOOK_B,2025-05-06
TXN0006942428,APP018,2026-04-08,failed,301158.8,AUD,LATAM,CP0406,FX,TDR0138,BOOK_C,2026-02-16
TXN0004652815,APP015,2025-05-04,failed,419422.78,JPY,LATAM,CP0238,FUTURE,TDR0056,BOOK_D,2025-06-07
TXN0006146893,APP003,2025-07-26,failed,41141.59,USD,EMEA,CP0063,FUTURE,TDR0051,BOOK_D,2026-03-19
TXN0009462596,APP004,2025-02-27,pending,184379.85,GBP,LATAM,CP0449,EQUITY,TDR0041,BOOK_B,2025-05-01
TXN0003509146,APP003,2025-09-01,reversed,215888.99,USD,LATAM,CP0001,SWAP,TDR0003,BOOK_D,2025-01-18
TXN0006391171,APP016,2025-06-23,pending,364519.21,USD,LATAM,CP0269,FX,TDR0086,BOOK_C,2025-02-06
TXN0005944094,APP005,2025-12-03,pending,876451.42,USD,LATAM,CP0131,EQUITY,TDR0083,BOOK_A,2025-08-15
TXN0000979517,APP017,2025-08-24,reversed,450620.15,USD,LATAM,CP0442,EQUITY,TDR0039,BOOK_A,2025-04-25
TXN0003522391,APP018,2025-03-05,failed,826019.4,USD,LATAM,CP0194,FUTURE,TDR0038,BOOK_A,2025-08-02
TXN0005031012,APP011,2025-01-13,active,703928.1,EUR,LATAM,CP0215,SWAP,TDR0157,BOOK_C,2026-02-28
TXN0007788319,APP001,2025-09-23,active,769760.36,CHF,EMEA,CP0231,OPTION,TDR0001,BOOK_C,2025-12-05
TXN0006027571,APP017,2025-03-15,active,831465.84,JPY,AMER,CP0436,SWAP,TDR0004,BOOK_D,2025-04-14
TXN0006626297,APP006,2025-10-02,reversed,974650.9,CHF,APAC,CP0143,EQUITY,TDR0118,BOOK_D,2025-11-21
TXN0005495529,APP015,2025-07-04,pending,225598.96,EUR,AMER,CP0288,SWAP,TDR0050,BOOK_D,2025-10-08
TXN0001641103,APP003,2025-08-06,reversed,847750.4,CHF,APAC,CP0109,SWAP,TDR0009,BOOK_A,2025-04-18
TXN0002961808,APP006,2025-11-05,settled,947857.1,JPY,EMEA,CP0019,FX,TDR0046,BOOK_D,2025-12-31
TXN0001220008,APP020,2025-04-30,failed,917717.62,JPY,AMER,CP0244,FX,TDR0189,BOOK_C,2025-11-01
TXN0007206909,APP002,2025-05-14,active,840569.96,CHF,EMEA,CP0298,SWAP,TDR0194,BOOK_B,2025-02-08
TXN0008085811,APP006,2025-07-27,settled,88868.29,GBP,AMER,CP0129,FUTURE,TDR0126,BOOK_C,2026-03-12
TXN0008076258,APP012,2025-01-26,active,590739.29,EUR,LATAM,CP0151,EQUITY,TDR0127,BOOK_C,2025-07-08
TXN0001760466,APP019,2026-02-18,pending,42206.39,CHF,AMER,CP0406,FX,TDR0022,BOOK_C,2025-09-08
TXN0001141737,APP006,2026-02-16,failed,819625.03,GBP,LATAM,CP0450,BOND,TDR0045,BOOK_A,2026-02-27
TXN0007382178,APP003,2025-04-21,pending,212132.74,AUD,APAC,CP0026,BOND,TDR0108,BOOK_A,2025-05-13
TXN0008577290,APP004,2026-04-09,reversed,417790.14,AUD,LATAM,CP0175,OPTION,TDR0098,BOOK_A,2025-09-18
TXN0002964782,APP019,2025-07-03,active,98558.51,GBP,LATAM,CP0110,EQUITY,TDR0164,BOOK_B,2025-04-26
TXN0003215280,APP013,2025-10-23,reversed,125494.92,CHF,LATAM,CP0184,BOND,TDR0044,BOOK_C,2026-04-14
TXN0006075873,APP013,2025-02-10,settled,28152.48,AUD,EMEA,CP0051,FX,TDR0051,BOOK_D,2025-04-07
TXN0003412329,APP006,2025-04-29,failed,649875.94,EUR,APAC,CP0324,FUTURE,TDR0146,BOOK_B,2025-04-02
TXN0007670821,APP011,2025-04-01,pending,206162.82,JPY,EMEA,CP0373,FUTURE,TDR0028,BOOK_A,2025-11-04
TXN0002034423,APP012,2025-03-08,pending,651657.61,EUR,AMER,CP0143,EQUITY,TDR0035,BOOK_A,2026-02-28
TXN0003739154,APP015,2025-07-06,active,841780.81,USD,EMEA,CP0304,EQUITY,TDR0197,BOOK_D,2025-09-22
TXN0007567018,APP004,2025-04-11,reversed,688160.54,CHF,APAC,CP0388,BOND,TDR0169,BOOK_B,2025-11-14
TXN0009165018,APP004,2025-12-06,active,174169.71,EUR,AMER,CP0378,OPTION,TDR0151,BOOK_A,2025-07-07
TXN0008240412,APP010,2025-02-24,pending,40298.81,CHF,AMER,CP0284,EQUITY,TDR0031,BOOK_C,2025-08-07
TXN0003996306,APP003,2025-02-11,reversed,292776.09,EUR,APAC,CP0288,BOND,TDR0020,BOOK_C,2025-03-11
TXN0009997722,APP008,2026-03-16,reversed,94096.7,CHF,APAC,CP0313,EQUITY,TDR0098,BOOK_B,2025-10-29
TXN0008562378,APP011,2025-05-31,active,588748.16,GBP,APAC,CP0208,FX,TDR0191,BOOK_A,2026-04-01
TXN0006114602,APP017,2025-08-10,reversed,982529.66,GBP,EMEA,CP0329,SWAP,TDR0124,BOOK_C,2026-02-17
TXN0005634185,APP004,2026-03-01,settled,565160.26,JPY,EMEA,CP0457,OPTION,TDR0058,BOOK_B,2025-07-12
TXN0005426213,APP020,2026-03-19,settled,631946.8,JPY,EMEA,CP0299,FX,TDR0048,BOOK_C,2026-03-18
TXN0005147946,APP011,2025-11-23,reversed,365640.73,GBP,AMER,CP0243,OPTION,TDR0098,BOOK_A,2025-09-05
TXN0003228768,APP016,2025-01-23,pending,602149.28,CHF,AMER,CP0361,EQUITY,TDR0169,BOOK_D,2025-01-06
TXN0002218959,APP017,2025-12-16,active,327349.24,JPY,AMER,CP0246,EQUITY,TDR0100,BOOK_B,2025-04-01
TXN0003895894,APP007,2026-01-16,active,892967.07,CHF,AMER,CP0218,FUTURE,TDR0006,BOOK_A,2025-01-30
TXN0002642362,APP002,2025-12-25,failed,901349.0,AUD,EMEA,CP0372,BOND,TDR0183,BOOK_A,2025-05-20
TXN0000307875,APP009,2025-04-11,reversed,201667.73,GBP,EMEA,CP0236,EQUITY,TDR0085,BOOK_A,2025-07-27
TXN0002490959,APP014,2026-03-12,reversed,525620.11,AUD,EMEA,CP0169,FUTURE,TDR0038,BOOK_B,2025-02-22
TXN0004618241,APP019,2026-04-05,reversed,406995.81,JPY,APAC,CP0483,FX,TDR0036,BOOK_B,2025-07-25
TXN0009297699,APP003,2026-04-10,pending,536750.95,AUD,AMER,CP0092,BOND,TDR0171,BOOK_B,2026-02-13
TXN0009883140,APP019,2025-12-27,failed,87073.99,JPY,APAC,CP0418,FX,TDR0065,BOOK_A,2026-03-22
TXN0008585413,APP020,2026-02-21,failed,654331.15,EUR,LATAM,CP0001,FUTURE,TDR0039,BOOK_C,2025-12-08
TXN0002213155,APP004,2026-01-24,reversed,364135.54,EUR,APAC,CP0286,SWAP,TDR0078,BOOK_A,2025-09-03
TXN0005930993,APP020,2025-12-31,active,771138.04,GBP,EMEA,CP0374,FX,TDR0086,BOOK_D,2025-12-28
TXN0002912918,APP006,2025-02-17,pending,625928.52,AUD,EMEA,CP0356,FUTURE,TDR0067,BOOK_B,2025-01-01
TXN0006916382,APP008,2025-12-30,failed,812689.91,AUD,LATAM,CP0314,OPTION,TDR0041,BOOK_C,2026-03-22
TXN0006241142,APP018,2025-12-15,failed,846023.57,CHF,LATAM,CP0499,FUTURE,TDR0122,BOOK_C,2025-02-28
TXN0009192797,APP001,2025-08-31,reversed,122966.83,CHF,EMEA,CP0120,SWAP,TDR0179,BOOK_A,2026-01-11
TXN0005640090,APP010,2025-07-04,failed,558551.04,GBP,AMER,CP0421,FX,TDR0097,BOOK_D,2025-12-14
TXN0009850551,APP011,2026-01-14,reversed,530194.78,AUD,APAC,CP0318,BOND,TDR0174,BOOK_D,2025-06-09
TXN0006243215,APP018,2025-03-18,settled,797909.21,CHF,LATAM,CP0328,SWAP,TDR0135,BOOK_B,2025-03-12
TXN0005365559,APP007,2025-02-04,failed,987936.1,GBP,LATAM,CP0246,EQUITY,TDR0184,BOOK_C,2025-05-25
TXN0005832913,APP013,2025-05-29,active,278045.1,JPY,LATAM,CP0453,SWAP,TDR0015,BOOK_C,2025-03-02
TXN0000280423,APP003,2025-02-23,reversed,666941.49,JPY,LATAM,CP0384,OPTION,TDR0052,BOOK_B,2025-02-13
TXN0006435853,APP005,2025-10-22,settled,189759.44,GBP,APAC,CP0474,OPTION,TDR0156,BOOK_C,2025-09-18
TXN0000027255,APP006,2025-10-01,active,390067.78,USD,APAC,CP0302,OPTION,TDR0080,BOOK_D,2026-03-21
TXN0009713821,APP007,2025-02-17,pending,256711.68,JPY,APAC,CP0416,OPTION,TDR0182,BOOK_B,2025-11-01
TXN0004338907,APP004,2025-02-05,pending,767397.53,JPY,EMEA,CP0488,EQUITY,TDR0080,BOOK_A,2025-01-30
TXN0004967643,APP010,2025-12-04,settled,435512.53,JPY,AMER,CP0136,FX,TDR0048,BOOK_C,2025-01-24
TXN0005814687,APP011,2025-05-17,reversed,482460.77,CHF,LATAM,CP0406,OPTION,TDR0072,BOOK_D,2025-05-19
TXN0001238169,APP014,2026-03-08,pending,756406.04,AUD,APAC,CP0318,SWAP,TDR0050,BOOK_D,2025-06-12
TXN0009620950,APP017,2025-04-24,pending,911887.45,USD,APAC,CP0222,BOND,TDR0139,BOOK_B,2025-02-07
TXN0001019411,APP007,2025-04-25,failed,778646.81,EUR,AMER,CP0261,EQUITY,TDR0096,BOOK_A,2025-08-03
TXN0006120663,APP013,2025-01-16,settled,52585.22,CHF,AMER,CP0286,FUTURE,TDR0106,BOOK_A,2025-01-30
TXN0009216840,APP001,2025-10-01,reversed,857519.67,USD,EMEA,CP0316,FX,TDR0082,BOOK_A,2025-07-24
TXN0009285654,APP010,2025-05-25,pending,566733.17,JPY,APAC,CP0446,BOND,TDR0124,BOOK_D,2026-03-10
TXN0007862794,APP019,2025-04-07,settled,5861.19,JPY,EMEA,CP0042,BOND,TDR0052,BOOK_B,2025-03-21
TXN0006679069,APP009,2026-01-19,active,258526.93,USD,AMER,CP0488,FX,TDR0043,BOOK_C,2026-01-20
TXN0002472682,APP018,2026-03-27,pending,113231.11,USD,AMER,CP0362,EQUITY,TDR0103,BOOK_C,2025-12-28
TXN0007035553,APP004,2025-01-21,settled,604771.92,CHF,APAC,CP0108,FUTURE,TDR0100,BOOK_C,2026-02-08
TXN0005549762,APP019,2025-01-17,settled,146435.62,CHF,AMER,CP0052,FUTURE,TDR0139,BOOK_B,2026-03-27
TXN0005810582,APP013,2025-12-23,pending,999700.39,AUD,EMEA,CP0235,BOND,TDR0105,BOOK_A,2025-03-13
TXN0007518735,APP013,2026-03-10,pending,559246.23,JPY,AMER,CP0289,SWAP,TDR0005,BOOK_D,2025-07-13
TXN0002767881,APP017,2025-01-07,failed,912898.58,AUD,APAC,CP0254,SWAP,TDR0149,BOOK_D,2026-01-17
TXN0006245834,APP015,2025-02-14,pending,667093.12,JPY,LATAM,CP0466,FUTURE,TDR0071,BOOK_A,2026-02-09
TXN0003573143,APP006,2026-02-02,pending,160674.5,EUR,EMEA,CP0155,SWAP,TDR0102,BOOK_A,2025-11-12
TXN0005947269,APP006,2025-11-01,settled,530358.88,CHF,AMER,CP0101,EQUITY,TDR0018,BOOK_C,2026-03-05
TXN0002850522,APP006,2025-12-29,failed,667155.92,USD,AMER,CP0244,SWAP,TDR0082,BOOK_A,2026-01-05
TXN0000846301,APP012,2025-10-09,failed,937670.85,AUD,APAC,CP0466,FUTURE,TDR0042,BOOK_A,2026-01-09
TXN0003639647,APP016,2026-02-04,pending,304453.0,JPY,APAC,CP0076,SWAP,TDR0117,BOOK_A,2025-09-15
TXN0006340428,APP006,2025-02-08,failed,718991.42,CHF,LATAM,CP0216,EQUITY,TDR0013,BOOK_A,2025-07-21
TXN0005831947,APP004,2026-02-15,settled,766944.18,USD,AMER,CP0208,OPTION,TDR0090,BOOK_C,2025-05-19
TXN0000077348,APP012,2025-11-25,pending,689597.75,GBP,APAC,CP0404,FUTURE,TDR0026,BOOK_C,2025-09-17
TXN0001316422,APP013,2025-04-30,failed,725864.82,CHF,APAC,CP0130,EQUITY,TDR0105,BOOK_B,2025-04-21
TXN0004801878,APP017,2026-02-13,pending,679416.41,GBP,LATAM,CP0313,FX,TDR0001,BOOK_D,2025-07-18
TXN0000145278,APP013,2025-08-28,reversed,492705.9,EUR,APAC,CP0164,FUTURE,TDR0157,BOOK_A,2025-03-19
TXN0000664634,APP001,2026-04-10,reversed,262093.79,EUR,AMER,CP0393,FUTURE,TDR0141,BOOK_A,2026-01-09
TXN0003725918,APP019,2025-12-03,reversed,23359.17,GBP,LATAM,CP0190,OPTION,TDR0082,BOOK_B,2025-08-04
TXN0007564607,APP004,2025-09-24,active,382590.7,USD,EMEA,CP0238,FX,TDR0160,BOOK_D,2025-05-14
TXN0007669232,APP014,2026-01-04,active,882609.08,GBP,EMEA,CP0163,FX,TDR0109,BOOK_D,2025-02-07
TXN0001629833,APP004,2025-02-15,pending,651788.16,GBP,AMER,CP0023,BOND,TDR0132,BOOK_B,2026-02-08
TXN0003640257,APP009,2025-12-11,pending,449746.67,EUR,EMEA,CP0453,EQUITY,TDR0137,BOOK_D,2026-01-17
TXN0002686322,APP017,2025-01-06,pending,706096.6,GBP,LATAM,CP0321,FX,TDR0056,BOOK_D,2025-09-07
TXN0006738175,APP009,2025-07-22,reversed,250270.87,GBP,LATAM,CP0212,EQUITY,TDR0084,BOOK_B,2025-10-27
TXN0007581619,APP018,2026-03-21,settled,878759.03,JPY,AMER,CP0027,FUTURE,TDR0081,BOOK_A,2025-12-26
TXN0003241624,APP020,2026-03-21,settled,701231.83,AUD,AMER,CP0421,EQUITY,TDR0078,BOOK_D,2026-02-01
TXN0008983749,APP010,2025-02-03,pending,635667.19,GBP,LATAM,CP0031,SWAP,TDR0010,BOOK_B,2026-04-10
TXN0006663649,APP009,2025-11-10,active,604097.38,CHF,APAC,CP0407,OPTION,TDR0066,BOOK_A,2025-12-10
TXN0001388365,APP010,2025-04-13,pending,221485.79,USD,AMER,CP0027,FX,TDR0137,BOOK_A,2025-10-07
TXN0009786825,APP010,2025-07-20,settled,82665.43,USD,AMER,CP0251,OPTION,TDR0092,BOOK_A,2025-11-28
TXN0006352406,APP005,2026-01-12,settled,363065.47,AUD,LATAM,CP0050,OPTION,TDR0038,BOOK_C,2025-05-17
TXN0000753178,APP008,2025-10-11,pending,514885.28,GBP,APAC,CP0037,OPTION,TDR0092,BOOK_D,2025-05-02
TXN0001593536,APP001,2025-04-10,failed,139351.01,AUD,AMER,CP0074,BOND,TDR0116,BOOK_A,2025-05-07
TXN0007455195,APP004,2026-04-07,reversed,744786.06,GBP,EMEA,CP0156,EQUITY,TDR0085,BOOK_D,2026-04-07
TXN0005424194,APP015,2025-12-01,failed,79964.46,CHF,EMEA,CP0021,SWAP,TDR0092,BOOK_C,2025-03-31
TXN0001552110,APP014,2025-10-13,failed,267689.24,CHF,EMEA,CP0144,SWAP,TDR0180,BOOK_D,2025-02-16
TXN0000479904,APP001,2025-10-27,settled,614465.81,GBP,EMEA,CP0107,FX,TDR0119,BOOK_D,2025-06-28
TXN0005072437,APP001,2025-01-20,active,989259.7,AUD,EMEA,CP0256,FX,TDR0149,BOOK_A,2025-11-20
TXN0002625297,APP006,2025-02-17,failed,929383.11,GBP,APAC,CP0367,FX,TDR0118,BOOK_B,2025-08-19
TXN0006856842,APP006,2025-02-10,failed,579844.45,JPY,LATAM,CP0255,BOND,TDR0194,BOOK_B,2025-02-09
TXN0003807639,APP005,2025-06-03,active,84794.99,CHF,EMEA,CP0382,EQUITY,TDR0169,BOOK_A,2025-06-09
TXN0008311406,APP019,2025-03-30,settled,898776.95,CHF,APAC,CP0084,BOND,TDR0139,BOOK_C,2025-09-13
TXN0003929530,APP015,2026-01-31,failed,677081.82,GBP,APAC,CP0402,EQUITY,TDR0196,BOOK_A,2026-01-19
TXN0003415455,APP013,2025-03-28,settled,679427.17,EUR,AMER,CP0237,SWAP,TDR0076,BOOK_B,2026-02-21
TXN0003932158,APP006,2025-08-22,failed,538989.72,EUR,AMER,CP0091,BOND,TDR0196,BOOK_C,2025-01-27
TXN0009528936,APP009,2025-03-05,pending,968018.85,AUD,APAC,CP0263,FX,TDR0102,BOOK_B,2026-04-01
TXN0009674064,APP004,2025-06-03,pending,968633.97,AUD,LATAM,CP0136,FUTURE,TDR0192,BOOK_B,2025-04-14
TXN0000884338,APP010,2025-12-03,pending,432604.72,AUD,APAC,CP0466,FUTURE,TDR0071,BOOK_B,2025-10-30
TXN0003701047,APP015,2025-09-07,active,281675.46,JPY,LATAM,CP0430,FUTURE,TDR0119,BOOK_B,2026-01-06
TXN0003892180,APP020,2025-04-19,reversed,205530.81,CHF,EMEA,CP0287,SWAP,TDR0027,BOOK_D,2026-01-13
TXN0007329344,APP006,2025-06-22,reversed,814485.41,CHF,AMER,CP0297,BOND,TDR0106,BOOK_C,2025-04-26
TXN0003616651,APP002,2025-12-01,active,352962.57,GBP,EMEA,CP0259,FX,TDR0175,BOOK_C,2025-02-06
TXN0003636399,APP011,2025-10-17,active,586909.0,CHF,LATAM,CP0180,FUTURE,TDR0035,BOOK_A,2025-06-12
TXN0002423060,APP010,2025-06-09,reversed,567655.42,CHF,LATAM,CP0099,OPTION,TDR0026,BOOK_A,2025-04-29
TXN0008125606,APP015,2025-09-04,pending,2097.2,USD,LATAM,CP0351,FUTURE,TDR0133,BOOK_C,2025-01-02
TXN0006044945,APP002,2025-01-27,settled,797328.4,AUD,EMEA,CP0339,FUTURE,TDR0146,BOOK_D,2025-09-16
TXN0002380806,APP002,2025-07-20,pending,947000.16,EUR,EMEA,CP0090,FX,TDR0071,BOOK_C,2026-02-15
TXN0004071667,APP006,2025-04-06,reversed,886087.14,EUR,EMEA,CP0355,OPTION,TDR0162,BOOK_A,2026-01-24
TXN0004328766,APP008,2025-04-03,active,247477.04,GBP,EMEA,CP0030,FX,TDR0099,BOOK_C,2026-01-16
TXN0002708878,APP003,2025-11-18,active,88338.73,GBP,APAC,CP0252,EQUITY,TDR0171,BOOK_D,2025-10-14
TXN0000221294,APP004,2025-02-16,reversed,812660.69,JPY,APAC,CP0210,FUTURE,TDR0054,BOOK_D,2025-06-18
TXN0002338664,APP003,2025-05-31,settled,213962.44,USD,AMER,CP0455,BOND,TDR0019,BOOK_A,2025-08-30
TXN0009524736,APP004,2025-04-22,pending,605901.1,USD,AMER,CP0352,FX,TDR0065,BOOK_D,2026-04-07
TXN0005635311,APP019,2026-02-16,active,444800.42,EUR,LATAM,CP0367,OPTION,TDR0060,BOOK_B,2025-09-27
TXN0006847122,APP016,2025-07-19,settled,173788.37,USD,LATAM,CP0201,EQUITY,TDR0187,BOOK_C,2026-02-11
TXN0002650207,APP014,2026-01-18,settled,984033.36,EUR,APAC,CP0272,SWAP,TDR0068,BOOK_D,2026-01-11
TXN0001505287,APP001,2025-02-15,reversed,587793.6,JPY,EMEA,CP0270,BOND,TDR0178,BOOK_B,2025-03-17
TXN0004718602,APP001,2025-03-21,pending,561760.87,CHF,APAC,CP0231,OPTION,TDR0045,BOOK_D,2025-12-13
TXN0002689551,APP015,2025-04-28,reversed,44137.9,EUR,EMEA,CP0053,EQUITY,TDR0118,BOOK_D,2025-09-08
TXN0005090454,APP012,2026-03-11,active,701224.65,JPY,LATAM,CP0306,FUTURE,TDR0032,BOOK_B,2025-02-04
TXN0008187971,APP019,2025-06-29,pending,904744.69,CHF,AMER,CP0242,FX,TDR0149,BOOK_B,2025-05-25
TXN0006369866,APP017,2026-04-03,pending,156239.14,JPY,EMEA,CP0478,EQUITY,TDR0091,BOOK_D,2026-03-23
TXN0009167204,APP014,2025-05-30,active,177314.2,EUR,AMER,CP0431,FUTURE,TDR0094,BOOK_A,2025-05-29
TXN0001254584,APP007,2026-02-07,settled,547691.23,USD,EMEA,CP0012,EQUITY,TDR0035,BOOK_B,2026-01-31
TXN0004047275,APP004,2025-06-10,active,460415.49,GBP,AMER,CP0152,EQUITY,TDR0003,BOOK_A,2025-11-02
TXN0007994375,APP016,2025-11-06,active,420056.88,USD,APAC,CP0444,OPTION,TDR0175,BOOK_D,2025-03-14
TXN0001066344,APP006,2025-05-04,settled,954850.28,GBP,EMEA,CP0462,BOND,TDR0116,BOOK_B,2025-04-27
TXN0000285683,APP015,2025-11-29,pending,85311.5,USD,EMEA,CP0076,SWAP,TDR0078,BOOK_D,2025-02-08
TXN0000490476,APP013,2025-02-01,pending,810168.44,AUD,APAC,CP0300,FUTURE,TDR0052,BOOK_B,2026-03-31
TXN0000720073,APP011,2026-03-25,active,972925.0,CHF,APAC,CP0129,BOND,TDR0065,BOOK_C,2025-01-31
TXN0005586460,APP019,2025-05-19,reversed,273238.69,EUR,LATAM,CP0343,SWAP,TDR0018,BOOK_C,2025-08-25
TXN0005491398,APP017,2025-01-14,pending,876088.63,EUR,EMEA,CP0142,SWAP,TDR0085,BOOK_A,2025-03-08
TXN0002246712,APP003,2025-05-04,settled,84316.71,USD,EMEA,CP0041,EQUITY,TDR0045,BOOK_C,2025-05-02
TXN0009299124,APP019,2025-10-16,active,333314.78,GBP,LATAM,CP0309,FUTURE,TDR0110,BOOK_D,2026-01-29
TXN0007209759,APP019,2025-09-18,active,155403.93,GBP,AMER,CP0369,FX,TDR0143,BOOK_B,2025-04-18
TXN0002307921,APP010,2025-07-12,reversed,212405.59,GBP,APAC,CP0178,OPTION,TDR0005,BOOK_C,2025-11-24
TXN0001871627,APP004,2025-04-20,active,975641.43,JPY,EMEA,CP0381,EQUITY,TDR0121,BOOK_D,2025-06-27
TXN0000430464,APP015,2025-08-10,failed,366389.42,USD,AMER,CP0125,SWAP,TDR0200,BOOK_B,2025-06-29
TXN0008941787,APP007,2025-10-30,active,695017.43,EUR,APAC,CP0109,EQUITY,TDR0185,BOOK_C,2025-03-02
TXN0000757495,APP016,2025-04-14,failed,436215.58,JPY,LATAM,CP0238,EQUITY,TDR0195,BOOK_A,2025-11-13
TXN0004729413,APP012,2026-03-23,settled,710511.8,EUR,APAC,CP0028,FUTURE,TDR0120,BOOK_A,2025-02-27
TXN0000503706,APP010,2025-12-24,settled,811773.53,EUR,LATAM,CP0193,EQUITY,TDR0105,BOOK_D,2025-11-08
TXN0006241071,APP012,2025-01-07,settled,218831.45,CHF,LATAM,CP0412,BOND,TDR0148,BOOK_D,2025-11-25
TXN0008423337,APP015,2025-11-09,active,940490.66,USD,EMEA,CP0246,BOND,TDR0150,BOOK_C,2025-09-12
TXN0006472445,APP016,2025-08-28,pending,498683.82,GBP,AMER,CP0046,FX,TDR0008,BOOK_C,2026-01-05
TXN0001713211,APP009,2026-01-29,failed,32914.84,CHF,AMER,CP0452,FX,TDR0198,BOOK_C,2025-06-05
TXN0005014916,APP004,2025-11-13,active,140410.25,CHF,APAC,CP0172,EQUITY,TDR0060,BOOK_A,2026-04-11
TXN0008325135,APP015,2025-04-16,active,284362.47,GBP,EMEA,CP0129,EQUITY,TDR0013,BOOK_A,2025-04-19
TXN0008247501,APP005,2025-12-28,settled,128033.2,JPY,APAC,CP0302,SWAP,TDR0186,BOOK_D,2025-12-04
TXN0009292586,APP012,2025-06-28,active,697877.09,EUR,AMER,CP0420,BOND,TDR0143,BOOK_B,2025-03-29
TXN0001614222,APP003,2025-03-11,settled,520775.25,AUD,APAC,CP0258,EQUITY,TDR0178,BOOK_D,2025-02-20
TXN0001842147,APP020,2026-01-30,pending,229438.33,GBP,LATAM,CP0097,BOND,TDR0060,BOOK_C,2025-06-06
TXN0001828991,APP014,2025-06-22,reversed,749733.9,AUD,APAC,CP0416,BOND,TDR0076,BOOK_B,2026-04-03
TXN0003617600,APP013,2025-08-03,failed,210407.93,USD,APAC,CP0280,SWAP,TDR0015,BOOK_D,2025-09-23
TXN0007525031,APP017,2025-08-25,reversed,387877.3,CHF,APAC,CP0404,BOND,TDR0066,BOOK_A,2025-07-15
TXN0000304583,APP012,2025-03-13,active,769263.02,AUD,AMER,CP0021,SWAP,TDR0043,BOOK_B,2026-04-11
TXN0003245966,APP008,2025-12-23,failed,275746.54,AUD,AMER,CP0440,SWAP,TDR0183,BOOK_B,2025-12-16
TXN0004465165,APP001,2025-11-30,reversed,302106.46,AUD,EMEA,CP0362,OPTION,TDR0061,BOOK_C,2025-08-17
TXN0003368115,APP009,2026-02-23,reversed,781156.79,CHF,AMER,CP0027,SWAP,TDR0032,BOOK_A,2025-12-18
TXN0007550963,APP008,2025-02-18,reversed,693253.19,CHF,EMEA,CP0311,SWAP,TDR0136,BOOK_D,2026-03-29
TXN0000306707,APP016,2025-10-13,pending,640187.46,EUR,LATAM,CP0427,BOND,TDR0115,BOOK_D,2025-01-17
TXN0004601375,APP008,2025-03-06,active,442126.64,USD,AMER,CP0141,OPTION,TDR0113,BOOK_C,2025-12-16
TXN0006793790,APP013,2025-04-17,active,305721.79,GBP,EMEA,CP0265,FX,TDR0046,BOOK_B,2025-06-16
TXN0004619027,APP019,2025-01-10,active,333323.56,JPY,LATAM,CP0326,FX,TDR0164,BOOK_C,2025-02-28
TXN0004689319,APP008,2025-03-24,failed,21818.51,AUD,LATAM,CP0038,OPTION,TDR0171,BOOK_B,2026-01-13
TXN0001130931,APP013,2026-01-21,active,749741.16,USD,APAC,CP0145,BOND,TDR0019,BOOK_D,2025-04-23
TXN0006332427,APP008,2025-03-27,active,668869.95,CHF,APAC,CP0010,FX,TDR0067,BOOK_A,2025-11-07
TXN0000822043,APP007,2025-06-18,settled,732155.64,CHF,APAC,CP0495,FUTURE,TDR0095,BOOK_D,2025-04-07
TXN0009428574,APP006,2025-04-11,reversed,446405.55,CHF,APAC,CP0151,OPTION,TDR0068,BOOK_C,2025-06-10
TXN0002265782,APP014,2025-03-30,reversed,549156.38,CHF,LATAM,CP0434,OPTION,TDR0083,BOOK_B,2025-11-04
TXN0009305170,APP004,2025-10-02,failed,10548.69,USD,AMER,CP0302,OPTION,TDR0023,BOOK_A,2025-12-10
TXN0007564262,APP006,2025-01-06,settled,445625.41,AUD,AMER,CP0459,SWAP,TDR0192,BOOK_C,2026-01-30
TXN0005960283,APP005,2025-11-02,settled,183616.88,CHF,APAC,CP0127,OPTION,TDR0089,BOOK_A,2025-07-11
TXN0004768437,APP019,2025-03-05,reversed,736629.03,GBP,AMER,CP0338,SWAP,TDR0060,BOOK_B,2026-01-16
TXN0004225775,APP001,2026-01-27,settled,750577.87,CHF,AMER,CP0322,EQUITY,TDR0191,BOOK_C,2025-10-05
TXN0009632761,APP009,2025-03-01,active,255036.64,GBP,LATAM,CP0448,FX,TDR0137,BOOK_C,2025-05-16
TXN0008063248,APP002,2025-07-22,active,582311.18,JPY,LATAM,CP0171,SWAP,TDR0040,BOOK_C,2025-07-02
TXN0001333910,APP020,2025-01-08,pending,511249.53,AUD,AMER,CP0298,EQUITY,TDR0126,BOOK_B,2025-01-23
TXN0003581521,APP018,2025-01-15,reversed,487824.28,USD,LATAM,CP0202,EQUITY,TDR0167,BOOK_B,2026-01-30
TXN0008832692,APP010,2025-11-26,active,586132.06,JPY,AMER,CP0474,OPTION,TDR0123,BOOK_C,2025-04-01
TXN0008129996,APP014,2025-05-15,pending,711341.3,USD,LATAM,CP0308,FX,TDR0148,BOOK_C,2025-11-23
TXN0002322937,APP020,2026-03-22,settled,421429.65,GBP,AMER,CP0049,OPTION,TDR0028,BOOK_B,2026-01-03
TXN0008479157,APP012,2025-05-27,active,899675.81,GBP,APAC,CP0429,SWAP,TDR0033,BOOK_B,2026-02-06
TXN0009101564,APP012,2025-07-31,settled,363210.25,JPY,APAC,CP0240,OPTION,TDR0116,BOOK_B,2026-01-13
TXN0002700052,APP014,2025-09-08,active,476820.39,USD,EMEA,CP0269,EQUITY,TDR0078,BOOK_C,2026-01-03
TXN0004970085,APP018,2025-11-20,failed,24967.56,JPY,EMEA,CP0033,FUTURE,TDR0144,BOOK_B,2026-01-16
TXN0000723336,APP018,2025-10-14,active,671244.27,AUD,EMEA,CP0283,FX,TDR0111,BOOK_B,2026-01-22
TXN0009428587,APP012,2026-01-13,pending,283747.09,GBP,EMEA,CP0079,FUTURE,TDR0177,BOOK_A,2025-04-10
TXN0002098022,APP013,2025-07-02,pending,392818.27,AUD,LATAM,CP0496,BOND,TDR0078,BOOK_B,2025-12-06
TXN0007854802,APP001,2025-11-16,failed,106085.31,CHF,APAC,CP0295,EQUITY,TDR0169,BOOK_A,2026-01-08
TXN0005277994,APP018,2025-11-29,failed,255090.26,JPY,AMER,CP0062,SWAP,TDR0012,BOOK_A,2025-12-22
TXN0001534278,APP011,2026-01-13,pending,778352.56,AUD,LATAM,CP0010,EQUITY,TDR0018,BOOK_C,2025-04-30
TXN0003079464,APP015,2025-02-13,active,33467.07,JPY,AMER,CP0347,OPTION,TDR0111,BOOK_D,2026-01-06
TXN0004510147,APP008,2025-07-07,pending,748503.78,JPY,LATAM,CP0471,OPTION,TDR0120,BOOK_A,2025-01-10
TXN0000271582,APP011,2025-10-07,failed,76690.23,EUR,APAC,CP0057,BOND,TDR0060,BOOK_C,2025-05-26
TXN0004211980,APP011,2025-09-03,settled,289560.38,CHF,LATAM,CP0286,FUTURE,TDR0052,BOOK_A,2025-08-11
TXN0003799625,APP007,2026-03-24,failed,876375.03,EUR,APAC,CP0388,FUTURE,TDR0171,BOOK_D,2025-05-14
TXN0005346306,APP004,2025-12-09,reversed,224783.38,GBP,AMER,CP0404,BOND,TDR0180,BOOK_C,2026-02-12
TXN0001283787,APP014,2025-05-05,failed,757426.51,USD,EMEA,CP0078,EQUITY,TDR0072,BOOK_D,2025-06-03
TXN0000553546,APP016,2025-08-29,settled,340665.71,AUD,LATAM,CP0182,EQUITY,TDR0100,BOOK_A,2025-12-15
TXN0006892542,APP013,2025-11-18,active,528668.85,JPY,LATAM,CP0197,FUTURE,TDR0080,BOOK_C,2025-12-09
TXN0004070833,APP017,2025-04-01,settled,850986.92,JPY,APAC,CP0027,BOND,TDR0083,BOOK_A,2026-04-09
TXN0002940201,APP007,2026-03-26,reversed,919739.32,JPY,APAC,CP0334,BOND,TDR0052,BOOK_D,2025-04-06
TXN0001667566,APP009,2026-01-02,active,172053.83,JPY,APAC,CP0413,FX,TDR0166,BOOK_D,2025-08-08
TXN0003056227,APP019,2026-03-26,reversed,370915.18,CHF,APAC,CP0052,EQUITY,TDR0162,BOOK_D,2025-10-04
TXN0000764805,APP011,2025-09-15,reversed,202197.18,JPY,LATAM,CP0295,OPTION,TDR0131,BOOK_C,2025-09-08
TXN0002740692,APP007,2025-04-19,pending,327645.31,CHF,APAC,CP0400,FUTURE,TDR0031,BOOK_D,2026-02-17
TXN0001094642,APP001,2025-08-15,settled,854375.07,EUR,APAC,CP0074,BOND,TDR0031,BOOK_B,2025-03-14
TXN0009824342,APP019,2025-08-27,reversed,686990.14,GBP,AMER,CP0475,SWAP,TDR0143,BOOK_D,2025-07-06
TXN0000202656,APP006,2025-02-22,settled,404779.77,AUD,EMEA,CP0402,BOND,TDR0186,BOOK_B,2025-09-06
TXN0001628546,APP002,2025-12-24,reversed,302841.26,AUD,LATAM,CP0113,SWAP,TDR0169,BOOK_A,2026-02-17
TXN0002972530,APP007,2026-03-07,settled,197882.32,USD,AMER,CP0023,BOND,TDR0025,BOOK_D,2025-12-04
TXN0000661170,APP015,2025-10-03,pending,50361.9,CHF,EMEA,CP0097,SWAP,TDR0191,BOOK_A,2025-01-10
TXN0002918991,APP012,2025-08-14,failed,713772.14,CHF,AMER,CP0249,FX,TDR0074,BOOK_A,2025-06-11
TXN0006488067,APP002,2026-02-24,failed,662262.16,JPY,EMEA,CP0210,EQUITY,TDR0001,BOOK_B,2026-03-29
TXN0007714353,APP006,2026-01-17,settled,719104.61,GBP,LATAM,CP0299,EQUITY,TDR0116,BOOK_B,2026-02-13
TXN0001211286,APP013,2025-01-14,pending,81721.28,JPY,APAC,CP0116,SWAP,TDR0013,BOOK_C,2025-12-03
TXN0003843233,APP019,2026-04-14,failed,140131.61,AUD,APAC,CP0138,SWAP,TDR0200,BOOK_B,2025-10-22
TXN0001161783,APP015,2025-03-21,pending,437509.99,EUR,LATAM,CP0217,FX,TDR0115,BOOK_A,2025-03-21
TXN0000762572,APP010,2026-02-18,settled,290677.18,EUR,EMEA,CP0029,FX,TDR0117,BOOK_B,2025-09-20
TXN0005719267,APP008,2025-02-02,reversed,424992.56,AUD,LATAM,CP0480,FUTURE,TDR0154,BOOK_D,2026-04-13
TXN0002355176,APP003,2025-04-27,reversed,16825.23,EUR,APAC,CP0008,BOND,TDR0038,BOOK_B,2025-02-04
TXN0008740647,APP009,2025-11-14,reversed,881717.34,GBP,EMEA,CP0413,FX,TDR0061,BOOK_C,2026-03-11
TXN0006658493,APP010,2026-01-27,active,101322.29,AUD,LATAM,CP0141,FUTURE,TDR0144,BOOK_C,2026-03-14
TXN0009411302,APP015,2025-02-14,reversed,751365.93,GBP,EMEA,CP0403,BOND,TDR0185,BOOK_D,2025-06-01
TXN0000342793,APP017,2025-05-27,pending,499839.23,GBP,EMEA,CP0170,SWAP,TDR0086,BOOK_C,2025-06-29
TXN0004145424,APP015,2025-07-21,reversed,195052.29,JPY,APAC,CP0178,BOND,TDR0091,BOOK_B,2026-01-15
TXN0005775123,APP004,2025-04-07,pending,872854.08,JPY,LATAM,CP0155,BOND,TDR0127,BOOK_B,2026-04-14
TXN0001590009,APP005,2025-11-23,active,699223.11,EUR,LATAM,CP0039,SWAP,TDR0037,BOOK_B,2025-02-09
TXN0006145513,APP010,2025-03-10,failed,454316.82,AUD,APAC,CP0391,FX,TDR0001,BOOK_A,2025-03-16
TXN0003916366,APP010,2025-04-09,failed,623228.11,JPY,EMEA,CP0452,OPTION,TDR0121,BOOK_D,2025-01-10
TXN0009583115,APP014,2026-04-05,pending,837550.25,EUR,LATAM,CP0422,OPTION,TDR0074,BOOK_A,2026-02-14
TXN0001588290,APP010,2025-04-07,settled,105727.58,JPY,AMER,CP0471,BOND,TDR0195,BOOK_A,2025-08-06
TXN0001397109,APP017,2026-03-09,pending,986006.75,GBP,EMEA,CP0401,BOND,TDR0026,BOOK_C,2025-10-30
TXN0008097443,APP005,2026-04-04,active,420941.34,GBP,LATAM,CP0135,BOND,TDR0183,BOOK_D,2025-12-09
TXN0006621443,APP002,2025-10-08,reversed,141057.8,USD,LATAM,CP0150,SWAP,TDR0179,BOOK_C,2026-03-20
TXN0005014670,APP006,2025-11-10,failed,838519.13,USD,APAC,CP0317,EQUITY,TDR0170,BOOK_A,2025-04-09
TXN0001913685,APP019,2025-08-11,pending,649596.97,CHF,AMER,CP0359,EQUITY,TDR0065,BOOK_B,2025-12-11
TXN0001270471,APP016,2025-12-16,reversed,692682.59,GBP,LATAM,CP0002,SWAP,TDR0099,BOOK_A,2025-11-24
TXN0000480518,APP016,2026-01-30,reversed,339581.81,GBP,APAC,CP0065,SWAP,TDR0110,BOOK_C,2026-02-02
TXN0003829572,APP013,2025-01-06,failed,476422.29,GBP,AMER,CP0151,FUTURE,TDR0047,BOOK_A,2026-01-17
TXN0007323521,APP017,2025-08-08,reversed,979210.38,GBP,LATAM,CP0100,OPTION,TDR0048,BOOK_C,2026-01-24
TXN0002904072,APP002,2026-01-30,failed,56912.4,CHF,APAC,CP0322,FX,TDR0001,BOOK_D,2025-09-09
TXN0004029932,APP011,2025-01-07,reversed,459382.38,USD,EMEA,CP0149,BOND,TDR0106,BOOK_D,2025-06-30
TXN0007012471,APP002,2025-05-27,reversed,967401.58,AUD,APAC,CP0082,BOND,TDR0059,BOOK_B,2025-05-03
TXN0002503982,APP018,2025-11-01,failed,863028.11,USD,EMEA,CP0462,EQUITY,TDR0072,BOOK_A,2025-03-31
TXN0008383677,APP012,2025-08-30,pending,229459.95,CHF,APAC,CP0216,OPTION,TDR0152,BOOK_A,2025-07-21
TXN0008004539,APP015,2026-01-03,active,755912.26,JPY,AMER,CP0339,SWAP,TDR0127,BOOK_C,2026-01-22
TXN0007781889,APP016,2025-10-21,active,156208.68,AUD,AMER,CP0327,FUTURE,TDR0080,BOOK_B,2025-06-29
TXN0008609978,APP005,2025-12-10,active,919386.55,JPY,APAC,CP0096,EQUITY,TDR0121,BOOK_D,2025-11-01
TXN0006318252,APP014,2025-10-19,settled,743157.88,AUD,AMER,CP0308,OPTION,TDR0042,BOOK_A,2026-02-16
TXN0003339942,APP002,2025-07-04,pending,909564.35,USD,AMER,CP0338,EQUITY,TDR0044,BOOK_C,2026-03-23
TXN0006172752,APP018,2026-03-21,pending,867538.86,JPY,EMEA,CP0369,SWAP,TDR0026,BOOK_A,2025-09-15
TXN0001633620,APP019,2026-03-27,settled,925627.21,CHF,EMEA,CP0089,EQUITY,TDR0188,BOOK_D,2025-07-15
TXN0001508143,APP001,2025-06-13,reversed,502799.76,JPY,APAC,CP0327,SWAP,TDR0092,BOOK_D,2025-04-23
TXN0002867164,APP013,2026-01-08,failed,499799.8,GBP,AMER,CP0484,FUTURE,TDR0172,BOOK_B,2025-01-04
TXN0008292581,APP017,2025-01-10,reversed,934511.8,GBP,LATAM,CP0490,OPTION,TDR0137,BOOK_C,2025-07-24
TXN0004090238,APP008,2026-01-27,pending,393064.21,USD,EMEA,CP0364,FUTURE,TDR0157,BOOK_D,2025-07-27
TXN0003289700,APP011,2025-03-26,failed,200045.65,AUD,APAC,CP0094,SWAP,TDR0110,BOOK_B,2025-11-23
TXN0008352488,APP015,2026-01-02,failed,2522.67,USD,AMER,CP0102,SWAP,TDR0192,BOOK_A,2025-12-28
TXN0003990043,APP017,2025-11-15,reversed,355712.21,AUD,AMER,CP0303,EQUITY,TDR0193,BOOK_D,2025-01-03
TXN0008197929,APP007,2025-10-21,active,870118.34,JPY,APAC,CP0269,SWAP,TDR0069,BOOK_C,2025-09-10
TXN0001184909,APP007,2025-03-19,reversed,99812.29,AUD,EMEA,CP0150,EQUITY,TDR0114,BOOK_B,2025-11-13
TXN0008616334,APP004,2025-08-28,pending,921721.59,JPY,APAC,CP0050,BOND,TDR0193,BOOK_A,2025-09-07
TXN0008295186,APP008,2025-06-29,pending,858800.15,USD,AMER,CP0203,FUTURE,TDR0148,BOOK_C,2026-04-08
TXN0002418341,APP002,2025-10-24,pending,538275.23,CHF,EMEA,CP0366,SWAP,TDR0120,BOOK_C,2025-01-22
TXN0008148624,APP004,2025-02-20,active,57875.41,CHF,APAC,CP0266,FUTURE,TDR0047,BOOK_B,2025-03-28
TXN0001249091,APP001,2025-11-14,active,15006.27,CHF,APAC,CP0023,BOND,TDR0069,BOOK_D,2025-01-07
TXN0007280501,APP002,2026-04-13,pending,709280.26,USD,EMEA,CP0389,EQUITY,TDR0180,BOOK_A,2025-12-21
TXN0004322627,APP003,2025-07-10,pending,133293.7,CHF,AMER,CP0459,FUTURE,TDR0124,BOOK_B,2025-04-09
TXN0005248120,APP005,2025-01-20,settled,490378.31,AUD,EMEA,CP0012,OPTION,TDR0143,BOOK_D,2025-01-28
TXN0008018396,APP001,2025-04-11,active,886543.21,EUR,APAC,CP0284,FUTURE,TDR0094,BOOK_B,2025-07-04
TXN0009098790,APP015,2025-09-03,pending,890372.66,AUD,AMER,CP0049,FUTURE,TDR0057,BOOK_C,2026-01-11
TXN0006255637,APP002,2025-01-10,pending,405769.24,AUD,EMEA,CP0086,EQUITY,TDR0176,BOOK_D,2026-02-07
TXN0007743530,APP011,2025-07-07,pending,172467.97,AUD,LATAM,CP0106,SWAP,TDR0066,BOOK_A,2025-03-10
TXN0006470815,APP010,2026-01-25,settled,495862.71,CHF,AMER,CP0267,EQUITY,TDR0112,BOOK_C,2025-05-23
TXN0005722616,APP005,2025-04-01,reversed,369034.56,GBP,LATAM,CP0315,OPTION,TDR0181,BOOK_B,2026-03-11
TXN0004373744,APP010,2025-08-11,reversed,276100.38,CHF,LATAM,CP0244,OPTION,TDR0035,BOOK_B,2025-05-29
TXN0006899045,APP010,2026-02-05,reversed,990951.3,AUD,APAC,CP0393,SWAP,TDR0008,BOOK_C,2025-04-08
TXN0001935359,APP001,2025-05-27,failed,366583.73,CHF,APAC,CP0328,FX,TDR0012,BOOK_A,2025-05-10
TXN0003054619,APP005,2025-11-12,active,830440.9,EUR,APAC,CP0054,SWAP,TDR0004,BOOK_C,2025-09-26
TXN0001171432,APP017,2025-12-22,active,533323.11,JPY,APAC,CP0246,BOND,TDR0108,BOOK_D,2025-08-04
TXN0005925501,APP004,2025-11-27,reversed,557352.71,USD,APAC,CP0267,BOND,TDR0143,BOOK_D,2025-06-02
TXN0008958921,APP017,2026-02-26,settled,473895.01,USD,AMER,CP0284,FUTURE,TDR0003,BOOK_D,2025-10-12
TXN0008443894,APP015,2025-03-29,reversed,395279.82,EUR,AMER,CP0134,OPTION,TDR0184,BOOK_B,2025-10-25
TXN0005507160,APP012,2025-06-21,failed,946713.57,JPY,LATAM,CP0041,OPTION,TDR0148,BOOK_C,2025-03-03
TXN0009375647,APP006,2025-11-20,failed,953269.5,EUR,APAC,CP0484,FUTURE,TDR0062,BOOK_D,2025-11-12
TXN0009211709,APP016,2025-12-21,active,518336.11,CHF,APAC,CP0409,BOND,TDR0180,BOOK_C,2025-10-26
TXN0002491665,APP006,2025-03-25,reversed,987704.8,EUR,AMER,CP0074,EQUITY,TDR0189,BOOK_A,2025-05-14
TXN0006419577,APP020,2025-09-30,failed,301445.74,AUD,EMEA,CP0068,FX,TDR0123,BOOK_D,2025-04-17
TXN0002308361,APP014,2026-04-10,reversed,273529.14,AUD,LATAM,CP0224,EQUITY,TDR0186,BOOK_D,2025-03-10
TXN0002192237,APP019,2026-02-24,active,539609.35,EUR,AMER,CP0198,SWAP,TDR0134,BOOK_C,2025-09-29
TXN0007836820,APP014,2025-01-16,reversed,754404.69,USD,EMEA,CP0333,FX,TDR0010,BOOK_D,2025-12-20
TXN0000949505,APP003,2025-07-24,settled,620848.77,EUR,APAC,CP0463,EQUITY,TDR0160,BOOK_A,2025-09-10
TXN0000335585,APP003,2025-01-26,reversed,296619.27,EUR,AMER,CP0249,SWAP,TDR0111,BOOK_B,2025-11-17
TXN0008111881,APP005,2026-03-13,pending,53738.25,EUR,AMER,CP0053,OPTION,TDR0101,BOOK_C,2026-01-17
TXN0000580470,APP012,2025-06-21,active,147191.77,EUR,LATAM,CP0260,FX,TDR0004,BOOK_C,2025-01-09
TXN0007825710,APP004,2025-03-19,reversed,186813.98,AUD,AMER,CP0083,OPTION,TDR0115,BOOK_B,2025-06-01
TXN0002104155,APP017,2025-08-19,reversed,56930.68,USD,AMER,CP0284,FX,TDR0157,BOOK_A,2025-11-27
TXN0009230463,APP004,2025-09-30,failed,533764.77,USD,EMEA,CP0377,BOND,TDR0158,BOOK_D,2025-10-04
TXN0003716846,APP016,2025-07-17,settled,6187.43,GBP,APAC,CP0214,FUTURE,TDR0186,BOOK_B,2026-01-24
TXN0009906738,APP013,2025-12-22,pending,953858.38,JPY,APAC,CP0223,SWAP,TDR0086,BOOK_C,2026-03-26
TXN0005681746,APP012,2025-04-19,failed,10496.85,USD,AMER,CP0380,SWAP,TDR0104,BOOK_D,2026-02-01
TXN0004280413,APP007,2025-06-01,failed,246080.2,GBP,AMER,CP0126,OPTION,TDR0160,BOOK_C,2025-09-09
TXN0006389468,APP008,2025-05-17,pending,503740.69,GBP,LATAM,CP0054,FX,TDR0011,BOOK_D,2025-09-18
TXN0006238970,APP012,2025-02-18,pending,731266.2,GBP,AMER,CP0355,FUTURE,TDR0083,BOOK_A,2026-03-10
TXN0008462921,APP014,2025-08-31,active,342209.15,GBP,EMEA,CP0278,EQUITY,TDR0005,BOOK_B,2025-11-01
TXN0005298102,APP007,2025-01-30,pending,667619.72,CHF,EMEA,CP0338,BOND,TDR0097,BOOK_C,2025-03-11
TXN0001668855,APP002,2025-04-12,failed,376724.05,AUD,APAC,CP0284,EQUITY,TDR0005,BOOK_B,2025-10-09
TXN0001984685,APP018,2025-11-10,failed,518190.96,CHF,EMEA,CP0270,FUTURE,TDR0188,BOOK_B,2026-01-12
TXN0001174118,APP003,2026-02-20,settled,811659.82,AUD,EMEA,CP0198,OPTION,TDR0059,BOOK_C,2026-01-24
TXN0008641141,APP006,2025-03-24,settled,905167.16,USD,APAC,CP0038,BOND,TDR0066,BOOK_D,2025-03-15
TXN0001816371,APP020,2025-07-03,settled,245645.36,GBP,EMEA,CP0337,SWAP,TDR0152,BOOK_C,2025-03-22
TXN0005742333,APP006,2025-08-06,reversed,207746.15,CHF,EMEA,CP0261,EQUITY,TDR0031,BOOK_B,2025-11-20
TXN0000714667,APP006,2025-04-27,active,319916.44,AUD,APAC,CP0427,FX,TDR0150,BOOK_B,2025-12-16
TXN0003849318,APP011,2025-10-13,pending,530609.45,JPY,LATAM,CP0350,OPTION,TDR0070,BOOK_C,2025-01-15
TXN0002148101,APP015,2025-11-28,settled,659650.07,GBP,AMER,CP0408,EQUITY,TDR0095,BOOK_A,2025-01-10
TXN0000338403,APP001,2025-04-11,failed,695004.14,CHF,APAC,CP0109,SWAP,TDR0034,BOOK_C,2025-01-21
TXN0003946249,APP011,2025-02-13,failed,505822.94,CHF,AMER,CP0017,OPTION,TDR0111,BOOK_A,2025-10-27
TXN0002469459,APP011,2026-02-06,active,17380.11,GBP,EMEA,CP0072,BOND,TDR0182,BOOK_D,2025-08-12
TXN0001755148,APP014,2025-09-30,failed,598510.6,USD,APAC,CP0400,FX,TDR0182,BOOK_A,2026-01-09
TXN0008119296,APP012,2025-09-22,failed,285084.37,EUR,AMER,CP0431,BOND,TDR0066,BOOK_D,2025-01-12
TXN0001722840,APP004,2025-08-24,pending,912096.72,CHF,EMEA,CP0040,FUTURE,TDR0029,BOOK_A,2025-10-20
TXN0005726746,APP019,2025-06-01,settled,644658.64,CHF,LATAM,CP0189,FX,TDR0197,BOOK_A,2025-08-25
TXN0006784149,APP009,2025-06-15,active,213664.49,USD,AMER,CP0333,BOND,TDR0054,BOOK_B,2026-01-11
TXN0003432804,APP004,2026-04-08,pending,967208.28,GBP,APAC,CP0466,FX,TDR0072,BOOK_B,2026-04-12
TXN0004493555,APP010,2025-06-20,pending,220724.01,USD,APAC,CP0426,FUTURE,TDR0124,BOOK_D,2025-04-10
TXN0005776722,APP012,2025-07-31,active,787559.55,CHF,AMER,CP0041,BOND,TDR0141,BOOK_B,2025-08-07
TXN0004192986,APP017,2025-09-14,active,494615.86,AUD,AMER,CP0261,EQUITY,TDR0012,BOOK_A,2025-03-01
TXN0003418522,APP015,2026-03-04,active,59761.11,EUR,APAC,CP0149,EQUITY,TDR0043,BOOK_D,2025-02-21
TXN0001516793,APP001,2026-03-05,settled,356516.38,AUD,APAC,CP0353,SWAP,TDR0058,BOOK_B,2025-02-16
TXN0000671172,APP003,2025-09-19,failed,500103.65,AUD,LATAM,CP0079,OPTION,TDR0010,BOOK_D,2025-07-02
TXN0007248247,APP008,2025-03-04,settled,66111.85,CHF,LATAM,CP0184,SWAP,TDR0157,BOOK_B,2025-03-18
TXN0003761360,APP019,2025-05-03,reversed,247642.5,JPY,AMER,CP0184,SWAP,TDR0103,BOOK_C,2025-11-18
TXN0003105522,APP017,2025-04-13,settled,372310.49,JPY,AMER,CP0241,OPTION,TDR0076,BOOK_D,2025-06-30
TXN0001618738,APP010,2026-04-04,active,600531.8,EUR,EMEA,CP0138,EQUITY,TDR0093,BOOK_D,2025-03-26
TXN0007107464,APP019,2025-09-24,failed,262996.14,GBP,AMER,CP0424,SWAP,TDR0163,BOOK_C,2026-01-12
TXN0000787348,APP001,2026-03-14,failed,534543.62,GBP,AMER,CP0310,EQUITY,TDR0087,BOOK_B,2025-10-01
TXN0001461421,APP020,2025-04-12,pending,828611.66,EUR,LATAM,CP0187,FX,TDR0031,BOOK_D,2026-01-20
TXN0004628552,APP003,2025-02-25,active,934382.62,USD,AMER,CP0049,FUTURE,TDR0066,BOOK_D,2025-07-08
TXN0009836165,APP004,2026-03-19,reversed,640352.38,EUR,EMEA,CP0219,FUTURE,TDR0021,BOOK_D,2025-01-16
TXN0007139161,APP006,2025-09-28,pending,520623.43,GBP,EMEA,CP0164,SWAP,TDR0036,BOOK_D,2026-01-04
TXN0001570277,APP001,2026-01-12,active,884322.06,EUR,APAC,CP0184,BOND,TDR0101,BOOK_C,2025-10-20
TXN0008262478,APP017,2025-08-06,reversed,201895.65,JPY,LATAM,CP0426,FX,TDR0110,BOOK_A,2025-01-11
TXN0003818577,APP003,2025-02-12,settled,616786.6,JPY,APAC,CP0252,OPTION,TDR0097,BOOK_B,2026-01-29
TXN0001815145,APP008,2025-12-18,settled,505258.11,EUR,LATAM,CP0377,EQUITY,TDR0196,BOOK_A,2025-10-01
TXN0004065341,APP017,2025-10-27,reversed,360795.48,JPY,LATAM,CP0208,FX,TDR0095,BOOK_A,2025-11-11
TXN0002848868,APP018,2025-08-30,reversed,193445.6,GBP,AMER,CP0139,OPTION,TDR0099,BOOK_A,2025-06-09
TXN0006643501,APP015,2025-05-17,active,148418.48,EUR,LATAM,CP0148,EQUITY,TDR0065,BOOK_D,2026-03-20
TXN0005995244,APP020,2025-01-06,active,255421.3,USD,EMEA,CP0181,SWAP,TDR0050,BOOK_C,2025-01-05
TXN0003229463,APP001,2025-11-05,reversed,458112.44,GBP,AMER,CP0113,BOND,TDR0032,BOOK_A,2025-12-10
TXN0009128185,APP015,2025-12-25,pending,432839.49,GBP,LATAM,CP0235,EQUITY,TDR0071,BOOK_B,2025-03-16
TXN0002818475,APP008,2025-04-26,failed,361332.8,JPY,AMER,CP0061,FX,TDR0060,BOOK_B,2025-12-08
TXN0004112571,APP006,2025-08-17,failed,664876.86,CHF,APAC,CP0486,FX,TDR0098,BOOK_A,2025-08-15
TXN0005980000,APP004,2025-11-23,pending,760699.13,AUD,APAC,CP0416,OPTION,TDR0013,BOOK_D,2025-02-10
TXN0005017052,APP019,2026-03-17,failed,695098.36,CHF,AMER,CP0132,FUTURE,TDR0093,BOOK_A,2025-05-07
TXN0009794232,APP002,2026-01-27,settled,316209.81,EUR,EMEA,CP0388,OPTION,TDR0112,BOOK_A,2025-11-28
TXN0009374621,APP009,2026-02-11,settled,970501.63,USD,APAC,CP0475,EQUITY,TDR0120,BOOK_A,2026-02-26
TXN0007534106,APP011,2025-07-12,active,741479.22,JPY,LATAM,CP0335,FUTURE,TDR0098,BOOK_A,2025-07-01
TXN0000766788,APP001,2025-04-05,reversed,46857.46,JPY,LATAM,CP0163,FX,TDR0068,BOOK_D,2025-06-27
TXN0002489146,APP017,2025-11-20,active,452355.59,JPY,AMER,CP0057,BOND,TDR0118,BOOK_A,2025-08-08
TXN0002207412,APP015,2025-03-21,pending,617383.27,JPY,LATAM,CP0372,FUTURE,TDR0168,BOOK_D,2025-09-03
TXN0007230560,APP015,2025-04-21,active,469182.01,AUD,AMER,CP0120,EQUITY,TDR0165,BOOK_A,2025-04-06
TXN0007121613,APP010,2025-06-07,settled,436888.55,GBP,LATAM,CP0013,BOND,TDR0108,BOOK_A,2025-03-30
TXN0009801779,APP013,2025-03-11,failed,121749.48,AUD,LATAM,CP0328,BOND,TDR0110,BOOK_A,2025-11-20
TXN0007952704,APP005,2025-10-20,pending,311523.18,CHF,EMEA,CP0267,FX,TDR0086,BOOK_B,2025-09-23
TXN0003618563,APP003,2025-12-14,reversed,291316.37,CHF,LATAM,CP0067,SWAP,TDR0108,BOOK_D,2025-11-26
TXN0003958834,APP003,2026-01-31,reversed,464092.4,CHF,EMEA,CP0369,OPTION,TDR0051,BOOK_C,2025-10-22
TXN0001944832,APP004,2025-04-19,reversed,741214.46,EUR,AMER,CP0423,SWAP,TDR0143,BOOK_B,2025-10-24
TXN0004639284,APP014,2026-04-14,settled,965771.75,CHF,EMEA,CP0027,OPTION,TDR0014,BOOK_A,2025-08-21
TXN0009564964,APP018,2025-10-07,failed,266680.97,USD,APAC,CP0281,FX,TDR0117,BOOK_B,2025-06-18
TXN0004279838,APP015,2025-09-04,active,292067.2,JPY,EMEA,CP0306,SWAP,TDR0029,BOOK_D,2025-08-08
TXN0005231455,APP007,2025-06-20,settled,359286.66,EUR,AMER,CP0192,OPTION,TDR0085,BOOK_D,2025-02-08
TXN0000188644,APP005,2025-08-22,failed,662549.45,JPY,EMEA,CP0036,FX,TDR0061,BOOK_A,2025-11-04
TXN0009425967,APP018,2026-03-27,active,94007.64,CHF,AMER,CP0057,SWAP,TDR0135,BOOK_C,2026-02-23
TXN0008316020,APP003,2025-04-11,settled,358456.31,AUD,EMEA,CP0354,BOND,TDR0125,BOOK_A,2026-03-30
TXN0005137673,APP015,2025-03-23,failed,251172.76,EUR,EMEA,CP0377,SWAP,TDR0122,BOOK_A,2026-02-13
TXN0005191431,APP002,2026-04-07,settled,678015.68,EUR,LATAM,CP0366,BOND,TDR0105,BOOK_D,2025-06-09
TXN0008669091,APP001,2026-03-21,failed,940216.01,EUR,EMEA,CP0471,FUTURE,TDR0135,BOOK_D,2026-01-27
TXN0007681065,APP007,2026-01-09,pending,761545.26,USD,EMEA,CP0196,EQUITY,TDR0168,BOOK_A,2025-05-08
TXN0009434319,APP005,2025-11-04,active,194155.03,AUD,LATAM,CP0119,FX,TDR0013,BOOK_D,2026-04-01
TXN0003313418,APP008,2025-08-10,pending,125856.83,JPY,AMER,CP0444,FX,TDR0006,BOOK_C,2025-03-23
TXN0002568669,APP011,2025-08-15,active,541503.89,GBP,LATAM,CP0278,SWAP,TDR0049,BOOK_B,2025-09-25
TXN0004797545,APP018,2025-09-23,settled,480545.46,CHF,APAC,CP0341,BOND,TDR0183,BOOK_C,2025-09-28
TXN0002637605,APP005,2025-04-26,failed,774265.35,CHF,EMEA,CP0291,OPTION,TDR0006,BOOK_D,2025-05-29
TXN0001216839,APP018,2025-04-28,failed,911921.28,USD,LATAM,CP0402,FUTURE,TDR0013,BOOK_A,2025-02-27
TXN0000238945,APP020,2026-01-29,pending,699879.84,GBP,AMER,CP0334,EQUITY,TDR0034,BOOK_C,2026-04-01
TXN0003555052,APP016,2025-10-01,reversed,487508.24,EUR,EMEA,CP0222,FUTURE,TDR0088,BOOK_D,2025-08-02
TXN0004374103,APP002,2025-05-11,active,210760.53,EUR,EMEA,CP0405,OPTION,TDR0065,BOOK_C,2025-06-15
TXN0008626668,APP011,2025-04-03,reversed,508388.83,GBP,AMER,CP0331,FX,TDR0123,BOOK_B,2026-02-18
TXN0001228594,APP004,2025-11-15,settled,187128.63,GBP,APAC,CP0248,OPTION,TDR0181,BOOK_A,2025-12-31
TXN0003596731,APP020,2025-11-04,active,175158.65,EUR,EMEA,CP0088,SWAP,TDR0105,BOOK_B,2025-07-29
TXN0003747393,APP005,2025-12-27,active,184355.3,JPY,APAC,CP0497,EQUITY,TDR0125,BOOK_C,2025-06-20
TXN0008491302,APP018,2026-03-11,settled,883988.97,JPY,EMEA,CP0398,FX,TDR0026,BOOK_D,2025-04-15
TXN0006827859,APP005,2025-11-09,failed,687514.5,JPY,APAC,CP0369,BOND,TDR0148,BOOK_C,2025-11-27
TXN0004534019,APP018,2025-01-29,pending,997939.71,AUD,LATAM,CP0180,FX,TDR0117,BOOK_A,2025-10-19
TXN0002400495,APP003,2025-01-09,settled,841337.73,EUR,LATAM,CP0251,SWAP,TDR0053,BOOK_B,2025-04-23
TXN0001349860,APP006,2025-05-25,pending,419197.81,USD,AMER,CP0317,EQUITY,TDR0140,BOOK_A,2026-03-14
TXN0001955875,APP005,2025-11-02,reversed,145651.91,EUR,AMER,CP0142,OPTION,TDR0060,BOOK_C,2025-12-21
TXN0005746403,APP001,2025-09-30,active,844651.55,CHF,APAC,CP0022,SWAP,TDR0076,BOOK_C,2026-01-04
TXN0006521655,APP011,2025-07-06,reversed,59567.39,AUD,EMEA,CP0021,BOND,TDR0182,BOOK_B,2025-05-09
TXN0008490864,APP009,2025-11-26,settled,874015.17,AUD,EMEA,CP0341,FUTURE,TDR0023,BOOK_C,2025-02-21
TXN0006469270,APP019,2025-10-23,settled,591952.35,GBP,LATAM,CP0388,FX,TDR0040,BOOK_A,2025-10-23
TXN0009905970,APP007,2025-07-05,reversed,121881.66,EUR,APAC,CP0269,FX,TDR0196,BOOK_C,2025-02-07
TXN0003798701,APP007,2025-05-30,active,820404.95,USD,APAC,CP0228,FX,TDR0184,BOOK_D,2025-10-01
TXN0008541765,APP001,2025-05-15,reversed,866311.66,CHF,APAC,CP0176,EQUITY,TDR0098,BOOK_B,2025-12-10
TXN0002767808,APP005,2025-04-02,failed,902226.08,USD,LATAM,CP0274,FX,TDR0082,BOOK_C,2025-04-14
TXN0005332004,APP004,2025-05-23,active,86761.54,AUD,APAC,CP0164,BOND,TDR0143,BOOK_D,2025-09-19
TXN0009739422,APP001,2025-06-10,settled,840375.16,CHF,EMEA,CP0440,SWAP,TDR0149,BOOK_D,2025-05-17
TXN0004050726,APP020,2025-08-18,pending,291014.31,AUD,EMEA,CP0250,FX,TDR0188,BOOK_B,2025-08-01
TXN0006346096,APP010,2025-01-26,reversed,476809.17,AUD,APAC,CP0047,OPTION,TDR0199,BOOK_A,2025-03-28
TXN0003718102,APP019,2025-09-30,pending,968608.44,AUD,EMEA,CP0437,FUTURE,TDR0006,BOOK_D,2025-01-29
TXN0009647031,APP007,2025-04-06,reversed,115669.14,EUR,APAC,CP0066,EQUITY,TDR0047,BOOK_B,2025-02-21
TXN0002146251,APP004,2025-08-14,pending,258564.83,JPY,EMEA,CP0211,FUTURE,TDR0106,BOOK_B,2025-05-21
TXN0005600754,APP010,2025-05-27,active,586905.44,GBP,AMER,CP0180,OPTION,TDR0012,BOOK_A,2025-01-19
TXN0002608082,APP010,2026-01-13,pending,299859.59,EUR,LATAM,CP0456,FUTURE,TDR0010,BOOK_C,2025-07-15
TXN0008313351,APP020,2025-06-10,failed,207983.25,GBP,LATAM,CP0316,OPTION,TDR0118,BOOK_B,2025-05-20
TXN0006423740,APP013,2025-10-14,active,199019.66,EUR,AMER,CP0095,OPTION,TDR0021,BOOK_A,2026-02-27
TXN0003246578,APP013,2025-06-19,settled,240327.21,GBP,LATAM,CP0247,EQUITY,TDR0106,BOOK_A,2026-02-04
TXN0002008390,APP010,2025-01-18,failed,890217.43,JPY,AMER,CP0488,EQUITY,TDR0086,BOOK_B,2025-11-15
TXN0008439377,APP005,2025-11-27,active,307706.73,EUR,APAC,CP0307,EQUITY,TDR0081,BOOK_D,2025-01-30
TXN0001999933,APP002,2025-04-18,pending,607368.51,GBP,LATAM,CP0436,OPTION,TDR0105,BOOK_A,2025-04-23
TXN0009067027,APP004,2025-07-20,active,56674.84,CHF,AMER,CP0106,SWAP,TDR0134,BOOK_D,2025-04-02
TXN0008296656,APP012,2025-05-02,pending,289234.66,EUR,AMER,CP0324,EQUITY,TDR0054,BOOK_B,2025-02-25
TXN0009344143,APP006,2025-08-29,pending,884756.06,JPY,LATAM,CP0051,EQUITY,TDR0059,BOOK_D,2025-07-21
TXN0003539803,APP019,2025-09-05,active,434264.62,JPY,APAC,CP0313,FUTURE,TDR0005,BOOK_A,2025-12-19
TXN0002746485,APP002,2025-07-21,reversed,359791.49,GBP,EMEA,CP0426,OPTION,TDR0056,BOOK_C,2025-12-13
TXN0002000749,APP014,2025-07-01,active,315666.92,USD,EMEA,CP0046,BOND,TDR0186,BOOK_D,2025-07-28
TXN0002225499,APP015,2025-06-12,settled,481183.66,JPY,LATAM,CP0055,SWAP,TDR0027,BOOK_C,2025-03-14
TXN0005101816,APP014,2025-11-25,failed,73662.17,JPY,APAC,CP0280,FX,TDR0070,BOOK_D,2025-07-02
TXN0003112950,APP019,2025-04-24,reversed,426436.16,JPY,EMEA,CP0219,BOND,TDR0041,BOOK_A,2025-03-09
TXN0004915983,APP001,2025-05-21,active,928245.97,CHF,LATAM,CP0056,EQUITY,TDR0075,BOOK_D,2025-08-28
TXN0009140042,APP019,2026-03-04,pending,480503.78,JPY,LATAM,CP0490,OPTION,TDR0132,BOOK_B,2025-05-05
TXN0007984275,APP009,2026-01-16,pending,471897.26,JPY,LATAM,CP0226,EQUITY,TDR0107,BOOK_C,2025-02-23
TXN0002394422,APP007,2025-12-21,active,281460.11,JPY,AMER,CP0286,FX,TDR0066,BOOK_A,2025-05-03
TXN0006879842,APP010,2026-02-10,failed,935747.19,AUD,EMEA,CP0140,BOND,TDR0158,BOOK_D,2025-09-09
TXN0002500933,APP017,2025-12-25,pending,20499.61,USD,APAC,CP0257,FUTURE,TDR0161,BOOK_A,2026-01-03
TXN0003373819,APP020,2026-02-06,pending,856717.73,USD,EMEA,CP0456,BOND,TDR0067,BOOK_C,2025-10-29
TXN0002620863,APP011,2026-03-23,settled,335069.76,USD,LATAM,CP0474,FX,TDR0198,BOOK_C,2025-04-21
TXN0002119593,APP006,2025-09-05,failed,822180.5,CHF,EMEA,CP0037,OPTION,TDR0105,BOOK_D,2025-07-16
TXN0008835060,APP020,2025-12-06,settled,972262.18,JPY,AMER,CP0007,BOND,TDR0172,BOOK_C,2025-05-09
TXN0003663578,APP016,2025-02-02,reversed,817309.19,USD,APAC,CP0014,FUTURE,TDR0196,BOOK_D,2025-04-28
TXN0007660797,APP012,2025-08-02,active,682784.72,GBP,EMEA,CP0393,OPTION,TDR0055,BOOK_D,2025-09-25
TXN0009540504,APP018,2025-01-02,reversed,538953.01,JPY,EMEA,CP0385,FUTURE,TDR0179,BOOK_A,2025-03-05
TXN0008953251,APP017,2025-09-06,settled,777045.68,CHF,EMEA,CP0212,BOND,TDR0120,BOOK_C,2026-01-01
TXN0001485014,APP005,2025-06-03,settled,321617.95,AUD,EMEA,CP0231,BOND,TDR0170,BOOK_B,2026-04-04
TXN0003352675,APP014,2025-04-21,settled,739158.38,GBP,APAC,CP0359,BOND,TDR0160,BOOK_B,2025-08-11
TXN0003373337,APP007,2025-01-28,settled,917673.19,GBP,EMEA,CP0430,BOND,TDR0140,BOOK_A,2026-01-10
TXN0004709164,APP008,2026-01-27,failed,487576.96,EUR,APAC,CP0112,FUTURE,TDR0145,BOOK_B,2026-04-08
TXN0002650592,APP020,2026-01-28,active,35575.57,JPY,EMEA,CP0247,BOND,TDR0174,BOOK_A,2025-09-28
TXN0001246749,APP010,2025-08-27,pending,172199.31,USD,APAC,CP0061,FX,TDR0070,BOOK_A,2025-03-21
TXN0009676090,APP002,2025-10-08,active,457376.68,AUD,AMER,CP0218,BOND,TDR0050,BOOK_B,2025-05-26
TXN0007764397,APP017,2026-04-01,reversed,595679.31,USD,EMEA,CP0369,EQUITY,TDR0064,BOOK_C,2025-07-24
TXN0008146395,APP016,2026-01-30,pending,304380.3,EUR,LATAM,CP0425,OPTION,TDR0153,BOOK_B,2025-04-15
TXN0009602197,APP005,2025-04-24,pending,72262.82,EUR,EMEA,CP0131,OPTION,TDR0171,BOOK_A,2025-05-18
TXN0008171136,APP017,2025-11-22,reversed,531929.69,EUR,AMER,CP0091,EQUITY,TDR0024,BOOK_B,2025-03-20
TXN0005936961,APP014,2025-12-10,reversed,590266.29,CHF,EMEA,CP0242,FX,TDR0142,BOOK_D,2025-09-03
TXN0000966274,APP009,2025-12-10,active,614068.17,EUR,EMEA,CP0241,FUTURE,TDR0101,BOOK_D,2025-04-07
TXN0004626954,APP017,2025-09-05,settled,618459.26,USD,EMEA,CP0161,SWAP,TDR0116,BOOK_A,2025-04-04
TXN0001103525,APP014,2025-05-28,pending,95052.54,USD,EMEA,CP0087,FUTURE,TDR0162,BOOK_D,2025-04-27
TXN0005522810,APP006,2025-08-02,pending,170813.54,EUR,EMEA,CP0344,EQUITY,TDR0097,BOOK_A,2026-03-06
TXN0004193866,APP010,2026-02-15,settled,489257.47,JPY,LATAM,CP0420,SWAP,TDR0149,BOOK_A,2025-10-12
TXN0007191965,APP004,2025-09-21,pending,873658.01,USD,LATAM,CP0257,OPTION,TDR0147,BOOK_D,2025-07-02
TXN0009664970,APP002,2025-07-02,settled,710924.33,USD,LATAM,CP0175,BOND,TDR0031,BOOK_C,2025-12-08
TXN0009330244,APP013,2025-07-08,settled,11840.55,GBP,APAC,CP0490,BOND,TDR0115,BOOK_D,2026-04-10
TXN0007747657,APP017,2025-08-27,reversed,565476.15,JPY,APAC,CP0009,SWAP,TDR0094,BOOK_C,2025-08-04
TXN0006042226,APP002,2026-01-17,settled,679525.93,EUR,AMER,CP0480,FX,TDR0020,BOOK_D,2025-07-20
TXN0000578115,APP007,2025-11-09,settled,554970.17,GBP,APAC,CP0343,FX,TDR0087,BOOK_B,2025-02-14
TXN0001152878,APP017,2025-04-02,active,419815.37,JPY,LATAM,CP0432,SWAP,TDR0194,BOOK_D,2025-02-18
TXN0006456529,APP004,2025-03-31,active,630618.22,USD,AMER,CP0479,BOND,TDR0102,BOOK_D,2025-10-22
TXN0004482364,APP004,2026-02-16,pending,880060.41,EUR,LATAM,CP0238,EQUITY,TDR0012,BOOK_B,2025-04-29
TXN0008537028,APP015,2026-01-02,settled,1046.21,CHF,AMER,CP0177,SWAP,TDR0023,BOOK_C,2025-06-15
TXN0000568734,APP018,2025-10-16,pending,189540.57,AUD,EMEA,CP0127,OPTION,TDR0098,BOOK_D,2026-03-09
TXN0004472038,APP010,2026-01-13,settled,10824.6,JPY,LATAM,CP0496,BOND,TDR0178,BOOK_A,2025-03-12
TXN0003508608,APP012,2025-08-14,settled,883548.04,AUD,EMEA,CP0164,OPTION,TDR0136,BOOK_A,2025-01-16
TXN0002464672,APP019,2026-01-11,failed,926867.27,GBP,APAC,CP0221,OPTION,TDR0190,BOOK_A,2026-02-14
TXN0008512854,APP005,2026-01-10,settled,565754.26,CHF,AMER,CP0385,FX,TDR0040,BOOK_C,2025-09-28
TXN0005225890,APP007,2025-02-22,reversed,780017.15,GBP,APAC,CP0031,BOND,TDR0105,BOOK_B,2025-02-24
TXN0003778342,APP013,2025-07-08,failed,89943.79,EUR,AMER,CP0121,EQUITY,TDR0094,BOOK_C,2026-03-28
TXN0006043421,APP005,2025-03-11,active,218149.64,EUR,LATAM,CP0010,SWAP,TDR0117,BOOK_A,2025-05-07
TXN0004893722,APP011,2025-06-22,failed,70623.24,EUR,APAC,CP0021,EQUITY,TDR0146,BOOK_A,2025-02-06
TXN0002083490,APP014,2025-06-12,reversed,252494.16,JPY,APAC,CP0233,SWAP,TDR0103,BOOK_A,2025-12-29
TXN0006508397,APP004,2025-04-13,failed,31382.3,GBP,APAC,CP0084,EQUITY,TDR0056,BOOK_B,2025-08-02
TXN0004422739,APP020,2026-01-17,failed,818315.22,USD,EMEA,CP0121,EQUITY,TDR0134,BOOK_B,2026-01-27
TXN0006792688,APP001,2025-12-02,active,574285.62,GBP,APAC,CP0445,BOND,TDR0011,BOOK_A,2025-12-17
TXN0003587657,APP001,2026-01-13,pending,764720.72,GBP,LATAM,CP0315,BOND,TDR0198,BOOK_D,2025-03-07
TXN0007876425,APP009,2025-07-17,active,794186.25,EUR,LATAM,CP0081,EQUITY,TDR0036,BOOK_C,2026-03-04
TXN0007079547,APP009,2026-02-19,reversed,6431.66,CHF,LATAM,CP0498,SWAP,TDR0042,BOOK_D,2025-05-10
TXN0005898169,APP018,2026-01-23,active,380782.95,EUR,EMEA,CP0251,FX,TDR0056,BOOK_D,2025-10-29
TXN0000786900,APP016,2025-05-02,active,475210.01,EUR,APAC,CP0006,BOND,TDR0045,BOOK_D,2025-05-24
TXN0001757792,APP008,2025-05-20,pending,16314.52,CHF,APAC,CP0360,SWAP,TDR0037,BOOK_A,2025-05-30
TXN0007015341,APP019,2025-02-02,pending,538288.46,USD,LATAM,CP0257,BOND,TDR0030,BOOK_D,2025-12-26
TXN0004759887,APP020,2025-03-23,pending,621474.0,CHF,EMEA,CP0072,OPTION,TDR0141,BOOK_B,2025-05-27
TXN0005159920,APP007,2026-01-18,active,921411.98,JPY,APAC,CP0430,OPTION,TDR0173,BOOK_A,2025-06-16
TXN0006068591,APP012,2026-03-29,failed,40018.76,JPY,APAC,CP0108,EQUITY,TDR0146,BOOK_D,2025-03-12
TXN0002486632,APP009,2025-10-21,settled,163396.73,USD,APAC,CP0010,EQUITY,TDR0119,BOOK_C,2026-04-02
TXN0009958420,APP016,2026-02-02,pending,953654.07,EUR,APAC,CP0171,OPTION,TDR0083,BOOK_B,2025-10-05
TXN0008773853,APP016,2025-10-09,pending,327853.69,USD,EMEA,CP0016,SWAP,TDR0088,BOOK_B,2025-05-17
TXN0000157761,APP020,2025-03-31,failed,66715.14,JPY,APAC,CP0475,OPTION,TDR0005,BOOK_B,2025-06-01
TXN0008613955,APP008,2026-01-09,settled,201553.78,AUD,LATAM,CP0010,FX,TDR0173,BOOK_C,2025-01-15
TXN0007841134,APP009,2026-02-04,pending,964664.54,CHF,AMER,CP0462,OPTION,TDR0006,BOOK_A,2025-06-04
TXN0004968580,APP017,2025-07-28,reversed,915315.22,CHF,AMER,CP0224,FX,TDR0092,BOOK_B,2025-12-20
TXN0001847676,APP005,2025-03-02,settled,961450.33,EUR,LATAM,CP0216,FX,TDR0169,BOOK_C,2025-01-20
TXN0005668434,APP020,2025-01-20,active,511677.57,AUD,APAC,CP0040,FX,TDR0023,BOOK_C,2025-04-15
TXN0004646650,APP019,2025-08-10,active,565801.5,JPY,APAC,CP0201,BOND,TDR0062,BOOK_B,2025-03-16
TXN0001087707,APP017,2025-01-21,pending,160939.38,AUD,APAC,CP0477,BOND,TDR0069,BOOK_B,2025-04-27
TXN0003039905,APP006,2025-10-07,active,920838.6,AUD,AMER,CP0092,FX,TDR0061,BOOK_D,2025-09-29
TXN0001492455,APP007,2025-12-12,pending,311554.21,EUR,EMEA,CP0478,EQUITY,TDR0174,BOOK_D,2025-01-24
TXN0004440204,APP013,2025-05-25,failed,263636.54,USD,EMEA,CP0425,FUTURE,TDR0115,BOOK_B,2025-04-20
TXN0008133447,APP009,2025-03-15,reversed,135681.5,EUR,LATAM,CP0162,OPTION,TDR0007,BOOK_C,2026-01-17
TXN0001089927,APP005,2025-09-15,settled,197382.73,EUR,LATAM,CP0124,FX,TDR0180,BOOK_A,2025-06-08
TXN0003031133,APP011,2025-06-27,reversed,615225.88,EUR,LATAM,CP0267,SWAP,TDR0026,BOOK_D,2025-09-12
TXN0004591777,APP013,2025-01-02,pending,536350.19,USD,LATAM,CP0106,EQUITY,TDR0167,BOOK_B,2025-08-29
TXN0009824065,APP018,2025-03-24,active,431093.54,JPY,APAC,CP0423,BOND,TDR0133,BOOK_C,2025-07-06
TXN0009742364,APP016,2026-03-30,failed,461216.28,USD,AMER,CP0451,OPTION,TDR0113,BOOK_B,2025-02-16
TXN0002636100,APP004,2025-09-07,pending,537273.81,CHF,EMEA,CP0090,EQUITY,TDR0118,BOOK_D,2025-11-03
TXN0000547228,APP005,2025-07-10,failed,775880.38,CHF,APAC,CP0452,SWAP,TDR0117,BOOK_D,2025-06-30
TXN0005467460,APP011,2026-03-05,failed,270528.96,USD,EMEA,CP0405,FUTURE,TDR0150,BOOK_A,2026-02-01
TXN0009210088,APP019,2025-04-26,settled,161445.88,JPY,APAC,CP0360,EQUITY,TDR0017,BOOK_C,2025-06-26
TXN0007998814,APP012,2025-02-08,active,190625.28,JPY,LATAM,CP0467,SWAP,TDR0152,BOOK_D,2025-10-18
TXN0005013775,APP010,2025-01-14,failed,392699.02,USD,AMER,CP0496,OPTION,TDR0181,BOOK_D,2025-05-13
TXN0001516872,APP020,2026-01-18,active,468993.25,AUD,EMEA,CP0304,SWAP,TDR0188,BOOK_C,2025-01-09
TXN0004051126,APP012,2025-11-11,failed,493420.19,CHF,APAC,CP0429,BOND,TDR0009,BOOK_C,2025-09-12
TXN0001145444,APP001,2025-10-16,failed,575753.99,EUR,AMER,CP0046,BOND,TDR0087,BOOK_C,2025-10-25
TXN0002560481,APP020,2026-02-27,failed,746328.42,AUD,LATAM,CP0431,FX,TDR0018,BOOK_A,2025-04-14
TXN0007462447,APP019,2026-01-07,reversed,58056.95,JPY,AMER,CP0331,BOND,TDR0066,BOOK_B,2025-05-26
TXN0002023778,APP020,2025-03-27,failed,245854.89,EUR,EMEA,CP0113,FUTURE,TDR0125,BOOK_C,2025-11-19
TXN0009193049,APP017,2025-09-05,pending,786010.23,EUR,EMEA,CP0143,BOND,TDR0191,BOOK_B,2026-03-29
TXN0002055721,APP010,2025-02-16,active,687873.78,JPY,LATAM,CP0185,FUTURE,TDR0039,BOOK_D,2025-04-25
TXN0001335500,APP019,2025-05-31,settled,546926.41,AUD,LATAM,CP0154,BOND,TDR0135,BOOK_A,2025-07-14
TXN0004104162,APP004,2026-03-17,active,703698.2,CHF,APAC,CP0461,BOND,TDR0054,BOOK_B,2026-04-11
TXN0008015132,APP020,2025-12-30,settled,756728.35,EUR,EMEA,CP0294,EQUITY,TDR0156,BOOK_B,2025-11-27
TXN0008934747,APP018,2025-10-09,settled,974580.1,EUR,EMEA,CP0249,OPTION,TDR0080,BOOK_B,2025-03-10
TXN0003880189,APP004,2025-05-26,active,542236.78,EUR,APAC,CP0377,FUTURE,TDR0126,BOOK_B,2025-01-02
TXN0009722227,APP012,2025-01-26,active,859322.46,CHF,APAC,CP0285,SWAP,TDR0012,BOOK_D,2025-04-25
TXN0001348897,APP017,2026-02-19,active,388542.47,EUR,LATAM,CP0439,OPTION,TDR0160,BOOK_B,2025-03-04
TXN0009916622,APP016,2025-07-20,settled,460991.12,JPY,AMER,CP0172,FX,TDR0183,BOOK_B,2025-03-01
TXN0002449155,APP011,2026-01-13,failed,223423.27,EUR,EMEA,CP0051,OPTION,TDR0089,BOOK_B,2025-10-18
TXN0000458784,APP020,2025-06-26,active,484669.14,AUD,APAC,CP0112,OPTION,TDR0108,BOOK_B,2025-01-18
TXN0006864331,APP001,2025-10-03,active,277756.87,AUD,EMEA,CP0347,EQUITY,TDR0012,BOOK_C,2026-03-18
TXN0003473095,APP005,2025-05-18,pending,964358.35,USD,APAC,CP0432,EQUITY,TDR0165,BOOK_D,2025-08-27
TXN0001499667,APP006,2025-08-07,active,62319.43,USD,EMEA,CP0437,OPTION,TDR0137,BOOK_B,2026-03-23
TXN0004992961,APP018,2025-08-01,settled,271672.6,JPY,APAC,CP0324,SWAP,TDR0185,BOOK_B,2025-03-26
TXN0006657670,APP008,2026-03-29,active,589572.13,EUR,APAC,CP0055,BOND,TDR0060,BOOK_D,2025-06-17
TXN0005287587,APP002,2026-02-25,failed,511927.55,CHF,AMER,CP0030,BOND,TDR0156,BOOK_A,2026-02-01
TXN0007544672,APP002,2025-07-05,reversed,802945.85,EUR,LATAM,CP0409,OPTION,TDR0141,BOOK_A,2025-05-01
TXN0002565459,APP012,2026-02-18,pending,752.85,CHF,APAC,CP0238,SWAP,TDR0058,BOOK_D,2025-09-17
TXN0007782385,APP016,2025-12-11,settled,76288.46,EUR,AMER,CP0059,FX,TDR0024,BOOK_D,2025-07-29
TXN0001135158,APP010,2025-05-04,failed,44803.57,JPY,APAC,CP0359,BOND,TDR0032,BOOK_D,2025-01-07
TXN0008221312,APP014,2025-09-09,settled,871248.19,EUR,LATAM,CP0103,SWAP,TDR0147,BOOK_C,2026-01-04
TXN0006417038,APP004,2025-02-11,failed,442277.94,AUD,APAC,CP0193,BOND,TDR0128,BOOK_A,2025-08-17
TXN0006981917,APP017,2025-01-27,active,111009.73,GBP,APAC,CP0276,SWAP,TDR0043,BOOK_C,2025-05-10
TXN0006375276,APP007,2025-02-17,failed,234884.99,EUR,APAC,CP0275,OPTION,TDR0076,BOOK_B,2025-03-17
TXN0006608647,APP017,2025-08-21,active,760477.93,CHF,APAC,CP0481,BOND,TDR0077,BOOK_A,2025-08-26
TXN0007252490,APP006,2025-10-13,pending,214595.61,EUR,APAC,CP0406,FX,TDR0044,BOOK_A,2025-01-10
TXN0001176987,APP019,2025-12-21,settled,842520.39,USD,APAC,CP0191,BOND,TDR0090,BOOK_D,2026-01-18
TXN0003201373,APP015,2026-02-13,pending,355443.35,AUD,APAC,CP0208,EQUITY,TDR0008,BOOK_B,2026-02-22
TXN0002396170,APP010,2026-03-02,pending,348840.67,CHF,AMER,CP0217,FUTURE,TDR0126,BOOK_C,2025-06-11
TXN0005402534,APP006,2026-01-01,pending,594141.72,USD,AMER,CP0186,FX,TDR0066,BOOK_D,2025-03-05
TXN0006029708,APP018,2025-01-02,reversed,745484.44,USD,AMER,CP0059,BOND,TDR0068,BOOK_D,2025-05-02
TXN0007537061,APP013,2025-08-14,settled,365321.75,AUD,APAC,CP0207,SWAP,TDR0140,BOOK_A,2025-04-07
TXN0000211059,APP011,2025-02-16,failed,460112.97,EUR,LATAM,CP0310,EQUITY,TDR0051,BOOK_D,2026-01-09
TXN0004121998,APP006,2025-05-19,settled,498481.38,USD,EMEA,CP0414,OPTION,TDR0158,BOOK_B,2026-01-05
TXN0009820217,APP008,2025-12-13,reversed,189885.7,CHF,AMER,CP0297,FX,TDR0018,BOOK_A,2026-03-31
TXN0007379773,APP004,2025-09-22,active,635566.54,AUD,APAC,CP0281,FUTURE,TDR0190,BOOK_C,2025-11-25
TXN0008447486,APP015,2025-07-20,active,530861.23,CHF,EMEA,CP0138,EQUITY,TDR0112,BOOK_B,2025-11-29
TXN0009274839,APP019,2025-08-24,settled,685922.93,USD,EMEA,CP0228,BOND,TDR0021,BOOK_A,2025-10-27
TXN0008911768,APP001,2025-08-02,settled,727732.32,USD,AMER,CP0295,OPTION,TDR0033,BOOK_B,2025-09-04
TXN0001345733,APP011,2025-11-15,pending,815065.99,EUR,AMER,CP0306,FUTURE,TDR0123,BOOK_A,2026-01-15
TXN0008916827,APP013,2025-08-23,settled,378646.98,EUR,AMER,CP0297,OPTION,TDR0150,BOOK_B,2025-01-06
TXN0003514415,APP013,2026-01-23,active,939404.74,JPY,APAC,CP0285,FX,TDR0199,BOOK_B,2025-02-23
TXN0008687696,APP005,2026-01-09,active,378306.75,USD,AMER,CP0080,FUTURE,TDR0191,BOOK_C,2025-07-14
TXN0000063206,APP009,2025-10-27,pending,597202.1,JPY,LATAM,CP0139,EQUITY,TDR0178,BOOK_A,2025-05-13
TXN0009623269,APP018,2025-10-16,settled,167193.91,EUR,EMEA,CP0029,EQUITY,TDR0067,BOOK_D,2025-12-13
TXN0001312719,APP017,2025-01-15,active,987851.82,EUR,EMEA,CP0276,OPTION,TDR0119,BOOK_C,2025-08-03
TXN0002692902,APP008,2026-02-24,failed,223084.07,CHF,AMER,CP0298,FX,TDR0083,BOOK_A,2026-04-08
TXN0001674051,APP003,2025-01-22,failed,146679.99,JPY,LATAM,CP0085,FX,TDR0052,BOOK_C,2025-03-12
TXN0007036752,APP002,2025-09-27,reversed,739299.49,AUD,EMEA,CP0352,BOND,TDR0166,BOOK_B,2025-08-23
TXN0001657444,APP013,2026-02-16,pending,736772.95,GBP,AMER,CP0281,FX,TDR0065,BOOK_B,2025-04-28
TXN0005213059,APP001,2025-08-04,pending,29396.99,AUD,LATAM,CP0276,EQUITY,TDR0022,BOOK_D,2025-07-11
TXN0000553234,APP013,2025-09-28,pending,263287.16,EUR,LATAM,CP0421,BOND,TDR0077,BOOK_D,2025-12-20
TXN0005691647,APP008,2025-06-06,active,257416.02,GBP,LATAM,CP0012,FUTURE,TDR0061,BOOK_A,2025-02-13
TXN0008918865,APP009,2025-02-17,reversed,950327.46,JPY,APAC,CP0028,FUTURE,TDR0075,BOOK_D,2025-11-13
TXN0003837855,APP007,2025-08-04,reversed,366551.98,CHF,LATAM,CP0444,OPTION,TDR0094,BOOK_C,2025-12-03
TXN0003239993,APP020,2025-01-16,reversed,400826.92,AUD,EMEA,CP0183,BOND,TDR0131,BOOK_C,2026-03-29
TXN0003351483,APP019,2025-04-23,failed,468528.23,JPY,EMEA,CP0128,FX,TDR0151,BOOK_B,2025-04-21
TXN0004039105,APP017,2025-03-02,settled,8130.09,EUR,LATAM,CP0045,BOND,TDR0049,BOOK_B,2025-01-18
TXN0003420950,APP004,2025-07-15,pending,173745.45,JPY,APAC,CP0031,FX,TDR0194,BOOK_B,2025-01-16
TXN0003497169,APP007,2025-08-19,settled,300329.54,GBP,APAC,CP0498,FUTURE,TDR0012,BOOK_C,2025-03-29
TXN0007149006,APP003,2026-04-09,failed,368146.63,AUD,LATAM,CP0291,BOND,TDR0122,BOOK_A,2025-05-06
TXN0002868086,APP003,2025-11-22,active,614176.56,USD,EMEA,CP0269,OPTION,TDR0051,BOOK_A,2025-10-30
TXN0008780013,APP011,2025-08-03,failed,732511.14,USD,APAC,CP0031,BOND,TDR0188,BOOK_D,2025-08-19
TXN0002921394,APP011,2025-05-04,pending,396015.01,EUR,EMEA,CP0277,SWAP,TDR0138,BOOK_B,2025-11-28
TXN0002444853,APP006,2025-09-06,pending,686449.45,AUD,AMER,CP0409,FX,TDR0080,BOOK_B,2025-07-24
TXN0004009929,APP003,2025-12-07,failed,250003.42,GBP,APAC,CP0490,FX,TDR0030,BOOK_C,2025-11-02
TXN0001642923,APP020,2026-03-09,failed,370246.24,USD,LATAM,CP0131,EQUITY,TDR0064,BOOK_B,2025-12-27
TXN0006267810,APP001,2025-11-12,pending,993704.69,USD,APAC,CP0385,FX,TDR0195,BOOK_C,2025-09-24
TXN0009231430,APP001,2025-05-01,reversed,183531.72,USD,LATAM,CP0216,EQUITY,TDR0158,BOOK_B,2025-03-11
TXN0000273970,APP002,2025-10-06,reversed,77669.02,GBP,APAC,CP0048,SWAP,TDR0074,BOOK_B,2025-06-19
TXN0002512927,APP020,2025-07-11,failed,402933.88,CHF,EMEA,CP0171,EQUITY,TDR0060,BOOK_B,2025-11-11
TXN0009151505,APP006,2025-02-12,failed,129450.6,GBP,EMEA,CP0227,SWAP,TDR0163,BOOK_B,2025-03-23
TXN0000524852,APP003,2025-01-08,active,830582.94,USD,AMER,CP0268,OPTION,TDR0136,BOOK_B,2025-04-14
TXN0006491800,APP005,2025-04-20,reversed,326070.25,EUR,AMER,CP0263,FX,TDR0075,BOOK_B,2025-06-21
TXN0008836935,APP011,2025-05-09,active,215191.84,GBP,LATAM,CP0074,OPTION,TDR0053,BOOK_D,2025-02-02
TXN0001538589,APP004,2025-05-29,reversed,238898.85,GBP,APAC,CP0278,OPTION,TDR0053,BOOK_C,2025-02-03
TXN0001914204,APP009,2025-11-11,failed,118754.85,USD,EMEA,CP0128,OPTION,TDR0199,BOOK_B,2025-02-11
TXN0008796038,APP009,2025-06-23,reversed,115762.73,GBP,APAC,CP0491,BOND,TDR0187,BOOK_C,2025-10-09
TXN0004834842,APP005,2025-12-06,settled,963068.04,USD,EMEA,CP0018,FX,TDR0034,BOOK_C,2026-02-14
TXN0007937596,APP007,2025-08-28,active,606338.23,JPY,EMEA,CP0151,SWAP,TDR0031,BOOK_A,2025-12-02
TXN0007482960,APP012,2025-07-05,reversed,290052.91,CHF,LATAM,CP0363,SWAP,TDR0113,BOOK_D,2025-11-20
TXN0000497670,APP003,2025-08-15,failed,479191.84,JPY,AMER,CP0284,BOND,TDR0105,BOOK_A,2025-04-06
TXN0002375566,APP012,2025-07-21,settled,148340.4,GBP,LATAM,CP0357,SWAP,TDR0143,BOOK_A,2025-11-16
TXN0000665725,APP018,2025-02-07,reversed,339909.73,USD,EMEA,CP0340,FX,TDR0032,BOOK_C,2025-10-19
TXN0003603174,APP013,2025-11-12,pending,469261.76,USD,EMEA,CP0036,EQUITY,TDR0005,BOOK_C,2025-04-03
TXN0001466275,APP019,2025-12-12,active,843969.46,CHF,EMEA,CP0382,FUTURE,TDR0133,BOOK_C,2025-11-04
TXN0007262419,APP018,2025-02-28,failed,74863.76,GBP,LATAM,CP0419,OPTION,TDR0193,BOOK_A,2026-01-05
TXN0004938242,APP007,2025-04-02,settled,40873.39,AUD,EMEA,CP0427,EQUITY,TDR0146,BOOK_A,2025-06-15
TXN0002330041,APP011,2025-10-23,settled,556601.55,AUD,EMEA,CP0144,BOND,TDR0115,BOOK_C,2025-07-16
TXN0009591889,APP020,2025-05-03,active,590475.78,JPY,LATAM,CP0236,EQUITY,TDR0110,BOOK_A,2025-08-04
TXN0000971856,APP009,2025-02-24,active,473417.75,AUD,APAC,CP0500,EQUITY,TDR0013,BOOK_A,2025-09-07
TXN0005484151,APP013,2025-01-25,settled,970106.2,USD,LATAM,CP0488,SWAP,TDR0198,BOOK_A,2025-09-20
TXN0003731786,APP012,2025-03-07,settled,854053.19,GBP,EMEA,CP0200,OPTION,TDR0058,BOOK_C,2025-02-01
TXN0007298752,APP016,2025-04-08,settled,318296.69,AUD,EMEA,CP0256,FUTURE,TDR0156,BOOK_C,2026-03-11
TXN0000185543,APP018,2025-11-07,settled,904322.56,AUD,EMEA,CP0182,EQUITY,TDR0130,BOOK_A,2025-07-01
TXN0005154151,APP018,2025-12-16,active,664993.44,AUD,LATAM,CP0355,FX,TDR0070,BOOK_A,2025-10-03
TXN0008965872,APP001,2026-01-25,active,955967.63,AUD,APAC,CP0095,SWAP,TDR0042,BOOK_C,2025-12-19
TXN0005555569,APP018,2025-09-15,active,373674.21,USD,EMEA,CP0468,FUTURE,TDR0093,BOOK_C,2026-02-13
TXN0001936583,APP007,2025-01-21,pending,447535.48,GBP,EMEA,CP0180,FUTURE,TDR0116,BOOK_B,2026-01-24
TXN0003503650,APP011,2025-03-25,reversed,225650.03,USD,EMEA,CP0032,FX,TDR0106,BOOK_D,2026-02-24
TXN0005927916,APP019,2026-02-05,pending,79874.5,USD,EMEA,CP0258,BOND,TDR0110,BOOK_B,2026-02-19
TXN0002735948,APP006,2025-07-02,settled,935151.15,JPY,EMEA,CP0175,FUTURE,TDR0007,BOOK_D,2025-07-14
TXN0002816602,APP007,2026-04-04,reversed,549555.81,GBP,APAC,CP0010,BOND,TDR0102,BOOK_D,2026-02-26
TXN0007512245,APP014,2025-09-23,pending,875208.29,EUR,APAC,CP0386,SWAP,TDR0184,BOOK_B,2026-01-30
TXN0005180355,APP006,2025-11-16,active,641613.83,AUD,APAC,CP0321,BOND,TDR0066,BOOK_C,2025-03-20
TXN0001987175,APP015,2025-12-08,reversed,91228.9,EUR,AMER,CP0114,FX,TDR0187,BOOK_A,2026-01-23
TXN0008331052,APP003,2025-03-25,pending,997095.75,AUD,APAC,CP0228,OPTION,TDR0143,BOOK_A,2025-11-24
TXN0004557189,APP003,2025-07-21,active,634087.63,AUD,EMEA,CP0486,FUTURE,TDR0111,BOOK_C,2025-02-14
TXN0002224767,APP015,2025-09-07,active,393592.31,GBP,APAC,CP0440,OPTION,TDR0129,BOOK_B,2025-02-26
TXN0000707660,APP004,2025-03-16,reversed,379772.1,CHF,APAC,CP0256,BOND,TDR0049,BOOK_D,2025-12-07
TXN0002432052,APP008,2025-09-12,pending,944635.04,AUD,APAC,CP0401,BOND,TDR0157,BOOK_A,2025-11-07
TXN0009142725,APP011,2025-09-12,reversed,776038.97,JPY,EMEA,CP0413,SWAP,TDR0088,BOOK_A,2025-08-10
TXN0002786737,APP016,2025-01-05,pending,261864.58,GBP,EMEA,CP0342,FUTURE,TDR0112,BOOK_D,2026-01-02
TXN0000809797,APP012,2025-02-23,reversed,645516.54,CHF,AMER,CP0366,FUTURE,TDR0020,BOOK_A,2025-02-27
TXN0008511956,APP005,2025-06-22,failed,946230.32,USD,APAC,CP0349,EQUITY,TDR0182,BOOK_B,2026-01-29
TXN0001795298,APP006,2025-01-07,failed,495248.04,GBP,AMER,CP0066,FUTURE,TDR0057,BOOK_C,2025-03-23
TXN0003154698,APP013,2025-04-12,failed,575101.31,GBP,AMER,CP0125,BOND,TDR0031,BOOK_D,2025-06-22
TXN0003822863,APP009,2025-10-24,reversed,251500.3,AUD,EMEA,CP0095,OPTION,TDR0133,BOOK_A,2025-05-14
TXN0000551862,APP020,2025-04-26,reversed,567648.46,CHF,AMER,CP0376,FX,TDR0016,BOOK_D,2025-01-27
TXN0007068569,APP016,2025-03-21,active,777008.56,GBP,APAC,CP0238,FUTURE,TDR0090,BOOK_D,2025-05-09
TXN0007005312,APP015,2025-03-17,settled,250974.43,GBP,APAC,CP0184,SWAP,TDR0091,BOOK_D,2025-06-20
TXN0003690845,APP011,2025-12-06,settled,699859.65,GBP,LATAM,CP0082,OPTION,TDR0128,BOOK_D,2025-05-29
TXN0008365588,APP007,2025-01-21,active,554502.89,CHF,LATAM,CP0059,FX,TDR0133,BOOK_A,2026-02-07
TXN0000939005,APP010,2026-01-23,pending,140715.7,JPY,LATAM,CP0259,BOND,TDR0169,BOOK_D,2026-03-25
TXN0003334633,APP014,2026-04-01,failed,606785.63,EUR,LATAM,CP0237,FX,TDR0187,BOOK_D,2026-02-21
TXN0007043359,APP011,2025-08-21,pending,155596.59,GBP,APAC,CP0006,EQUITY,TDR0064,BOOK_C,2025-12-15
TXN0005747594,APP013,2026-01-07,settled,310838.99,GBP,APAC,CP0335,BOND,TDR0063,BOOK_D,2025-12-16
TXN0008675590,APP018,2025-06-02,active,987497.14,AUD,AMER,CP0233,EQUITY,TDR0108,BOOK_A,2026-01-31
TXN0007489961,APP009,2026-04-10,reversed,592348.87,AUD,AMER,CP0371,FUTURE,TDR0179,BOOK_A,2025-04-21
TXN0000888350,APP005,2025-05-11,failed,154880.43,CHF,AMER,CP0260,FUTURE,TDR0177,BOOK_B,2025-07-09
TXN0000619373,APP008,2026-02-28,settled,618590.76,GBP,APAC,CP0478,BOND,TDR0045,BOOK_D,2025-02-25
TXN0000266678,APP001,2025-01-02,failed,977671.3,EUR,LATAM,CP0016,FUTURE,TDR0078,BOOK_C,2025-06-12
TXN0007323268,APP001,2025-12-09,reversed,855888.2,GBP,EMEA,CP0145,EQUITY,TDR0105,BOOK_D,2025-07-08
TXN0006915906,APP020,2025-03-24,active,611876.28,GBP,APAC,CP0038,OPTION,TDR0017,BOOK_D,2025-11-17
TXN0003026809,APP004,2026-01-08,active,560562.33,JPY,EMEA,CP0228,BOND,TDR0049,BOOK_C,2025-12-09
TXN0000231045,APP007,2026-02-19,active,757993.87,JPY,LATAM,CP0425,FUTURE,TDR0143,BOOK_B,2025-11-02
TXN0004968780,APP006,2025-07-18,failed,448821.97,JPY,EMEA,CP0389,BOND,TDR0050,BOOK_A,2025-02-26
TXN0000529704,APP007,2025-02-21,settled,29943.44,EUR,APAC,CP0213,OPTION,TDR0188,BOOK_A,2026-01-28
TXN0001777542,APP001,2026-03-27,reversed,81493.7,CHF,AMER,CP0281,EQUITY,TDR0002,BOOK_C,2026-01-04
TXN0007170616,APP015,2025-11-06,failed,806946.07,EUR,AMER,CP0430,EQUITY,TDR0192,BOOK_D,2026-04-01
TXN0005755923,APP011,2025-06-20,reversed,863478.02,USD,EMEA,CP0345,SWAP,TDR0105,BOOK_C,2026-02-14
TXN0001962576,APP013,2025-01-17,settled,616606.45,JPY,AMER,CP0078,FUTURE,TDR0198,BOOK_C,2026-03-23
TXN0007874578,APP001,2025-12-19,settled,673213.85,CHF,AMER,CP0074,FX,TDR0071,BOOK_D,2025-01-12
TXN0003493835,APP015,2025-05-23,pending,137878.18,JPY,EMEA,CP0276,OPTION,TDR0013,BOOK_B,2025-02-24
TXN0001293293,APP019,2025-09-16,active,881316.96,AUD,AMER,CP0065,SWAP,TDR0154,BOOK_B,2025-06-11
TXN0004524150,APP011,2026-04-01,failed,606979.81,AUD,EMEA,CP0336,FUTURE,TDR0113,BOOK_A,2025-05-16
TXN0009785826,APP003,2025-11-19,pending,866846.81,USD,APAC,CP0010,BOND,TDR0125,BOOK_A,2026-01-10
TXN0009553471,APP007,2025-10-29,reversed,965499.52,EUR,AMER,CP0444,FX,TDR0148,BOOK_C,2025-07-19
TXN0003151354,APP011,2025-11-21,reversed,126049.2,GBP,AMER,CP0132,BOND,TDR0066,BOOK_C,2025-10-23
TXN0006867776,APP017,2025-09-16,failed,9853.44,USD,LATAM,CP0332,SWAP,TDR0110,BOOK_B,2025-12-03
TXN0007689267,APP010,2025-09-23,settled,337804.05,EUR,AMER,CP0181,BOND,TDR0186,BOOK_C,2025-10-01
TXN0001935332,APP010,2025-12-06,reversed,680015.81,EUR,AMER,CP0455,EQUITY,TDR0152,BOOK_B,2025-07-26
TXN0006997437,APP008,2025-12-27,reversed,850682.45,CHF,EMEA,CP0139,FX,TDR0197,BOOK_C,2025-01-18
TXN0005070347,APP016,2025-01-21,failed,831092.16,GBP,LATAM,CP0281,BOND,TDR0109,BOOK_A,2025-09-26
TXN0002082551,APP013,2026-02-15,reversed,652152.82,EUR,APAC,CP0079,EQUITY,TDR0158,BOOK_C,2026-01-07
TXN0000865037,APP003,2025-12-20,reversed,705548.32,AUD,AMER,CP0335,FUTURE,TDR0173,BOOK_B,2025-05-22
TXN0002277672,APP017,2025-08-09,reversed,625810.61,JPY,APAC,CP0052,FX,TDR0134,BOOK_D,2025-04-12
TXN0004627551,APP001,2025-11-02,active,904442.76,USD,APAC,CP0192,BOND,TDR0035,BOOK_A,2025-11-29
TXN0001528253,APP014,2025-11-02,active,108597.37,AUD,APAC,CP0422,OPTION,TDR0015,BOOK_B,2025-01-04
TXN0000523253,APP003,2026-04-14,failed,725066.86,GBP,AMER,CP0157,FUTURE,TDR0062,BOOK_A,2025-05-24
TXN0000643452,APP011,2025-03-24,reversed,692438.19,USD,AMER,CP0050,SWAP,TDR0177,BOOK_C,2025-12-04
TXN0006225200,APP011,2025-10-26,settled,993327.12,JPY,AMER,CP0085,FX,TDR0059,BOOK_B,2025-04-24
TXN0007782921,APP016,2025-11-24,pending,221740.38,AUD,APAC,CP0233,BOND,TDR0073,BOOK_D,2025-03-28
TXN0001878431,APP019,2025-07-25,failed,753392.97,USD,LATAM,CP0242,FUTURE,TDR0110,BOOK_A,2025-01-05
TXN0000663634,APP014,2025-03-13,reversed,4598.15,EUR,APAC,CP0481,BOND,TDR0103,BOOK_B,2025-04-06
TXN0008991917,APP002,2025-01-06,failed,448310.33,AUD,AMER,CP0148,EQUITY,TDR0192,BOOK_A,2025-06-10
TXN0002132026,APP019,2025-05-29,failed,299116.3,USD,APAC,CP0400,EQUITY,TDR0161,BOOK_B,2025-06-27
TXN0001175670,APP004,2026-03-12,settled,139043.16,EUR,APAC,CP0253,BOND,TDR0184,BOOK_B,2025-11-11
TXN0005056125,APP018,2026-01-17,active,967803.57,CHF,LATAM,CP0448,FUTURE,TDR0078,BOOK_A,2025-06-09
TXN0002869549,APP009,2025-06-21,failed,905604.48,USD,AMER,CP0495,BOND,TDR0120,BOOK_D,2026-03-07
TXN0008538025,APP005,2025-02-24,active,336896.83,EUR,LATAM,CP0156,FX,TDR0129,BOOK_B,2025-05-13
TXN0007167500,APP002,2025-11-29,failed,232954.24,GBP,EMEA,CP0345,FX,TDR0117,BOOK_C,2025-03-19
TXN0004242997,APP013,2025-05-07,settled,305908.73,USD,EMEA,CP0436,BOND,TDR0173,BOOK_C,2025-09-03
TXN0006507050,APP008,2026-01-30,settled,675777.31,CHF,APAC,CP0135,FX,TDR0124,BOOK_B,2025-10-31
TXN0000224886,APP004,2025-07-18,failed,559160.32,USD,APAC,CP0463,BOND,TDR0165,BOOK_B,2026-04-11
TXN0003120551,APP019,2026-03-16,pending,822174.52,CHF,AMER,CP0120,EQUITY,TDR0165,BOOK_C,2025-08-02
TXN0008686235,APP012,2025-08-10,reversed,753877.62,JPY,APAC,CP0242,OPTION,TDR0113,BOOK_C,2025-08-12
TXN0006071905,APP004,2026-04-10,active,84522.94,CHF,AMER,CP0474,OPTION,TDR0057,BOOK_A,2025-08-28
TXN0008617632,APP013,2025-04-13,settled,595120.71,CHF,APAC,CP0416,BOND,TDR0026,BOOK_B,2025-12-22
TXN0003815093,APP005,2025-10-10,reversed,670087.31,USD,EMEA,CP0190,BOND,TDR0020,BOOK_C,2025-04-30
TXN0005607255,APP004,2025-10-26,active,49738.81,AUD,EMEA,CP0288,FX,TDR0130,BOOK_A,2025-01-07
TXN0003511525,APP015,2025-07-06,failed,248468.76,CHF,AMER,CP0153,OPTION,TDR0074,BOOK_B,2026-02-18
TXN0009373028,APP005,2025-09-13,active,663189.64,AUD,APAC,CP0208,FX,TDR0047,BOOK_D,2026-04-09
TXN0007550994,APP015,2025-06-27,settled,501536.66,JPY,EMEA,CP0134,OPTION,TDR0089,BOOK_B,2025-07-02
TXN0008907035,APP012,2026-01-06,active,128842.06,JPY,APAC,CP0470,BOND,TDR0119,BOOK_A,2025-04-14
TXN0001788907,APP020,2025-08-05,pending,465326.97,USD,AMER,CP0401,EQUITY,TDR0070,BOOK_B,2026-02-27
TXN0003267764,APP002,2025-11-02,reversed,979220.44,JPY,APAC,CP0461,FX,TDR0119,BOOK_C,2025-11-14
TXN0008331260,APP002,2026-03-02,settled,387019.45,CHF,EMEA,CP0217,EQUITY,TDR0160,BOOK_A,2025-03-31
TXN0005735876,APP017,2025-11-19,failed,49943.68,EUR,AMER,CP0382,OPTION,TDR0083,BOOK_D,2025-08-31
TXN0000368792,APP012,2026-02-21,active,540230.47,USD,EMEA,CP0408,EQUITY,TDR0011,BOOK_B,2025-02-15
TXN0004583986,APP013,2025-06-27,settled,736684.51,EUR,LATAM,CP0475,OPTION,TDR0101,BOOK_B,2026-03-10
TXN0003431073,APP006,2026-03-02,active,546273.89,EUR,AMER,CP0479,OPTION,TDR0015,BOOK_A,2025-11-20
TXN0001872636,APP013,2025-12-19,pending,570762.58,EUR,LATAM,CP0021,OPTION,TDR0009,BOOK_A,2025-08-20
TXN0001489032,APP004,2025-05-17,active,266539.03,USD,LATAM,CP0215,FX,TDR0004,BOOK_B,2025-12-31
TXN0008721526,APP009,2025-11-03,settled,241191.54,USD,AMER,CP0284,FX,TDR0123,BOOK_B,2026-02-24
TXN0000729936,APP012,2025-09-06,pending,207524.81,AUD,EMEA,CP0005,EQUITY,TDR0194,BOOK_B,2025-11-25
TXN0005389471,APP011,2026-02-05,reversed,950893.24,AUD,EMEA,CP0127,BOND,TDR0021,BOOK_B,2025-03-22
TXN0009645067,APP011,2025-04-12,active,856060.6,EUR,APAC,CP0176,EQUITY,TDR0111,BOOK_D,2025-12-06
TXN0008232132,APP019,2025-12-06,settled,984836.78,AUD,LATAM,CP0437,EQUITY,TDR0142,BOOK_D,2025-08-22
TXN0001623516,APP015,2025-05-30,failed,816674.08,JPY,LATAM,CP0330,OPTION,TDR0126,BOOK_C,2026-03-19
TXN0000492492,APP002,2025-11-22,reversed,148263.95,USD,LATAM,CP0400,BOND,TDR0143,BOOK_D,2025-01-30
TXN0000831991,APP004,2025-12-26,active,183989.28,AUD,LATAM,CP0445,OPTION,TDR0092,BOOK_C,2026-01-11
TXN0002110593,APP007,2025-08-21,pending,559938.03,AUD,APAC,CP0425,OPTION,TDR0131,BOOK_C,2025-03-23
TXN0008640615,APP018,2026-03-22,settled,699212.21,USD,EMEA,CP0398,SWAP,TDR0164,BOOK_D,2025-01-31
TXN0009768716,APP003,2025-08-17,settled,86806.59,JPY,APAC,CP0068,BOND,TDR0085,BOOK_B,2026-04-02
TXN0004696556,APP003,2025-08-29,reversed,95584.86,USD,LATAM,CP0406,FUTURE,TDR0178,BOOK_C,2025-12-29
TXN0003280872,APP005,2025-11-14,reversed,843714.5,USD,APAC,CP0366,SWAP,TDR0125,BOOK_C,2025-11-19
TXN0008032663,APP004,2025-01-29,failed,499475.01,GBP,APAC,CP0039,SWAP,TDR0146,BOOK_A,2026-02-21
TXN0005492724,APP001,2025-04-28,pending,188542.38,USD,AMER,CP0489,EQUITY,TDR0039,BOOK_C,2026-01-09
TXN0007015104,APP004,2025-05-15,settled,30380.54,USD,EMEA,CP0184,EQUITY,TDR0139,BOOK_D,2025-03-14
TXN0009673290,APP002,2025-08-22,active,143665.13,JPY,EMEA,CP0378,FX,TDR0136,BOOK_D,2025-03-07
TXN0005198970,APP018,2025-11-08,active,381862.26,GBP,APAC,CP0471,OPTION,TDR0109,BOOK_A,2025-03-30
TXN0002935782,APP012,2025-09-17,reversed,212819.75,CHF,APAC,CP0400,EQUITY,TDR0120,BOOK_D,2026-01-28
TXN0003327278,APP016,2025-08-08,settled,946343.81,CHF,APAC,CP0401,SWAP,TDR0002,BOOK_B,2025-12-30
TXN0006344554,APP005,2026-01-03,failed,706694.35,CHF,AMER,CP0438,BOND,TDR0019,BOOK_A,2025-08-27
TXN0007950389,APP007,2025-12-04,reversed,502380.02,JPY,EMEA,CP0389,SWAP,TDR0047,BOOK_D,2025-02-20
TXN0004845982,APP002,2025-11-07,settled,623275.93,EUR,EMEA,CP0441,FUTURE,TDR0125,BOOK_C,2025-12-07
TXN0000016466,APP010,2025-04-28,settled,263544.67,USD,EMEA,CP0447,EQUITY,TDR0044,BOOK_A,2025-11-19
TXN0007567760,APP010,2025-04-30,pending,335303.95,EUR,AMER,CP0147,FUTURE,TDR0095,BOOK_B,2025-03-03
TXN0004576122,APP012,2025-04-14,pending,411965.01,EUR,LATAM,CP0181,BOND,TDR0036,BOOK_C,2025-06-15
TXN0004583663,APP009,2025-06-08,settled,686928.3,GBP,APAC,CP0384,FX,TDR0009,BOOK_D,2025-10-29
TXN0001850467,APP004,2025-01-14,pending,2767.15,GBP,LATAM,CP0033,BOND,TDR0087,BOOK_A,2025-09-09
TXN0003296525,APP010,2025-11-25,failed,283671.5,AUD,AMER,CP0241,SWAP,TDR0151,BOOK_C,2025-07-02
TXN0004092119,APP017,2026-03-04,settled,993774.39,GBP,LATAM,CP0284,OPTION,TDR0069,BOOK_A,2025-04-21
TXN0000281795,APP005,2025-04-20,active,716545.74,USD,AMER,CP0178,FUTURE,TDR0109,BOOK_C,2025-07-06
TXN0007076436,APP002,2026-02-09,failed,223669.19,USD,LATAM,CP0269,OPTION,TDR0168,BOOK_B,2025-11-10
TXN0008046353,APP007,2025-08-21,active,364960.78,USD,AMER,CP0452,SWAP,TDR0183,BOOK_D,2025-12-15
TXN0007413131,APP007,2025-02-16,failed,196345.69,EUR,EMEA,CP0261,OPTION,TDR0154,BOOK_C,2025-09-07
TXN0002819984,APP002,2025-07-30,settled,395136.43,JPY,AMER,CP0358,SWAP,TDR0190,BOOK_C,2025-07-21
TXN0002573288,APP014,2025-03-06,reversed,705004.75,USD,LATAM,CP0053,OPTION,TDR0110,BOOK_D,2025-09-21
TXN0004248091,APP019,2025-06-11,settled,458941.58,EUR,EMEA,CP0089,FX,TDR0046,BOOK_A,2025-01-24
TXN0005350719,APP011,2026-03-26,failed,676965.51,JPY,EMEA,CP0189,OPTION,TDR0186,BOOK_C,2025-08-07
TXN0002893183,APP015,2025-12-19,active,603877.91,USD,AMER,CP0454,EQUITY,TDR0022,BOOK_A,2025-06-04
TXN0000416443,APP019,2025-03-04,active,937459.98,GBP,EMEA,CP0167,FUTURE,TDR0028,BOOK_B,2026-01-11
TXN0004022521,APP018,2025-01-28,failed,208529.2,USD,AMER,CP0200,SWAP,TDR0179,BOOK_A,2025-05-14
TXN0006945901,APP015,2025-04-07,failed,132621.81,EUR,AMER,CP0442,SWAP,TDR0143,BOOK_A,2025-02-06
TXN0001204538,APP020,2025-03-28,active,813073.14,CHF,EMEA,CP0114,SWAP,TDR0166,BOOK_A,2025-05-29
TXN0000545348,APP012,2025-09-21,failed,681227.19,EUR,APAC,CP0428,EQUITY,TDR0133,BOOK_B,2026-03-07
TXN0003390997,APP007,2025-02-13,failed,476104.4,AUD,APAC,CP0093,FUTURE,TDR0134,BOOK_C,2025-01-13
TXN0008112362,APP010,2025-01-08,settled,983257.02,JPY,LATAM,CP0283,SWAP,TDR0106,BOOK_D,2026-03-23
TXN0002761543,APP016,2025-10-15,active,139025.69,JPY,LATAM,CP0016,SWAP,TDR0185,BOOK_D,2025-06-29
TXN0009100548,APP003,2025-10-03,settled,678660.32,EUR,LATAM,CP0071,BOND,TDR0138,BOOK_C,2026-02-09
TXN0004503555,APP013,2025-01-12,settled,904363.09,GBP,LATAM,CP0366,FUTURE,TDR0058,BOOK_B,2025-10-15
TXN0004268704,APP016,2025-02-09,pending,848881.25,USD,EMEA,CP0177,SWAP,TDR0025,BOOK_B,2025-11-01
TXN0001687382,APP009,2025-10-08,failed,542383.66,JPY,AMER,CP0038,FUTURE,TDR0105,BOOK_C,2025-11-19
TXN0001218608,APP002,2025-11-02,settled,523545.25,AUD,LATAM,CP0321,FUTURE,TDR0099,BOOK_D,2025-09-10
TXN0006115395,APP008,2025-11-13,reversed,683312.01,EUR,APAC,CP0176,FUTURE,TDR0045,BOOK_A,2025-04-18
TXN0008934574,APP008,2025-09-26,failed,198092.32,AUD,EMEA,CP0447,OPTION,TDR0156,BOOK_C,2025-11-01
TXN0002076185,APP001,2025-03-10,pending,188313.41,GBP,LATAM,CP0452,FUTURE,TDR0181,BOOK_A,2026-02-23
TXN0009003112,APP016,2025-07-08,failed,175273.1,AUD,LATAM,CP0005,BOND,TDR0133,BOOK_B,2025-11-27
TXN0007578867,APP015,2025-12-11,reversed,532321.13,JPY,EMEA,CP0249,EQUITY,TDR0183,BOOK_A,2026-01-12
TXN0009646583,APP013,2025-12-28,failed,942975.54,AUD,EMEA,CP0006,BOND,TDR0173,BOOK_A,2025-04-22
TXN0006961241,APP002,2026-04-04,pending,837361.78,AUD,APAC,CP0407,BOND,TDR0072,BOOK_A,2025-08-27
TXN0002116864,APP018,2025-08-07,failed,589064.28,USD,EMEA,CP0181,SWAP,TDR0093,BOOK_C,2025-04-20
TXN0001098554,APP020,2025-07-11,active,528236.69,EUR,EMEA,CP0453,FUTURE,TDR0003,BOOK_C,2025-07-17
TXN0009667858,APP020,2026-01-05,active,296726.86,AUD,LATAM,CP0348,FX,TDR0048,BOOK_C,2025-04-21
TXN0002940548,APP002,2026-03-30,settled,430900.89,GBP,EMEA,CP0470,EQUITY,TDR0164,BOOK_A,2025-11-22
TXN0001409063,APP014,2025-09-14,active,505.98,JPY,AMER,CP0213,FX,TDR0078,BOOK_A,2026-03-22
TXN0001890790,APP017,2025-02-18,failed,226075.6,JPY,AMER,CP0286,BOND,TDR0125,BOOK_B,2026-03-25
TXN0007429089,APP018,2025-12-05,pending,26899.68,USD,APAC,CP0348,FX,TDR0143,BOOK_B,2025-09-25
TXN0003890329,APP002,2026-02-15,settled,573533.66,GBP,AMER,CP0099,OPTION,TDR0174,BOOK_C,2025-11-23
TXN0000778260,APP008,2026-04-08,pending,303389.81,EUR,LATAM,CP0160,FX,TDR0035,BOOK_D,2026-04-01
TXN0008155851,APP012,2025-05-05,reversed,560596.05,EUR,APAC,CP0438,SWAP,TDR0081,BOOK_C,2025-08-09
TXN0001293691,APP009,2025-04-03,reversed,470542.69,GBP,AMER,CP0121,FX,TDR0101,BOOK_C,2025-09-26
TXN0007776373,APP020,2025-08-01,failed,88605.15,CHF,AMER,CP0317,OPTION,TDR0040,BOOK_C,2025-11-08
TXN0009920762,APP009,2026-02-22,pending,725025.98,EUR,LATAM,CP0292,FX,TDR0093,BOOK_B,2025-07-11
TXN0005385496,APP015,2025-09-26,settled,683187.56,GBP,LATAM,CP0394,BOND,TDR0004,BOOK_C,2025-06-18
TXN0000025151,APP013,2025-09-07,failed,450116.64,AUD,EMEA,CP0017,EQUITY,TDR0049,BOOK_A,2025-11-21
TXN0005018276,APP008,2026-01-12,active,24226.12,CHF,EMEA,CP0266,EQUITY,TDR0061,BOOK_B,2025-08-18
TXN0005758505,APP008,2026-01-03,active,165746.06,USD,AMER,CP0074,BOND,TDR0044,BOOK_B,2025-05-27
TXN0008973828,APP012,2025-12-14,failed,447328.08,GBP,EMEA,CP0375,FX,TDR0002,BOOK_C,2025-01-19
TXN0009429301,APP020,2025-01-01,active,100390.65,CHF,APAC,CP0315,OPTION,TDR0110,BOOK_A,2025-07-01
TXN0003231046,APP004,2025-07-07,failed,953528.14,CHF,AMER,CP0253,FX,TDR0121,BOOK_D,2025-12-16
TXN0000600941,APP017,2025-11-09,settled,554526.35,CHF,EMEA,CP0232,BOND,TDR0042,BOOK_D,2025-01-26
TXN0006962200,APP019,2025-06-02,reversed,811979.67,GBP,LATAM,CP0095,SWAP,TDR0018,BOOK_B,2025-03-13
TXN0002858700,APP011,2025-11-03,failed,938843.73,JPY,APAC,CP0226,FX,TDR0166,BOOK_A,2025-09-04
TXN0004772517,APP017,2025-07-08,settled,666290.42,USD,AMER,CP0009,FUTURE,TDR0034,BOOK_C,2025-09-24
TXN0009453404,APP016,2025-06-02,reversed,970740.88,JPY,AMER,CP0427,EQUITY,TDR0042,BOOK_C,2025-05-12
TXN0007299464,APP004,2025-01-21,pending,661161.24,GBP,LATAM,CP0225,SWAP,TDR0035,BOOK_B,2025-01-10
TXN0004478814,APP010,2026-03-20,reversed,394312.54,CHF,LATAM,CP0121,OPTION,TDR0053,BOOK_C,2025-06-12
TXN0007800993,APP013,2025-10-29,reversed,947117.88,EUR,AMER,CP0145,FUTURE,TDR0169,BOOK_B,2026-02-19
TXN0009484400,APP014,2025-03-05,failed,71366.88,USD,EMEA,CP0414,BOND,TDR0140,BOOK_B,2025-10-14
TXN0003068786,APP009,2026-04-05,active,206731.62,JPY,AMER,CP0223,SWAP,TDR0187,BOOK_D,2025-02-26
TXN0004104750,APP011,2025-02-16,reversed,211004.92,JPY,AMER,CP0411,EQUITY,TDR0109,BOOK_A,2025-02-23
TXN0009625728,APP009,2025-07-03,settled,73512.06,JPY,APAC,CP0204,EQUITY,TDR0001,BOOK_B,2025-03-04
TXN0000558831,APP009,2025-05-08,pending,991898.2,AUD,APAC,CP0435,FUTURE,TDR0187,BOOK_A,2025-01-28
TXN0009002163,APP010,2026-02-02,failed,483300.24,CHF,LATAM,CP0125,FX,TDR0050,BOOK_A,2025-04-26
TXN0000975481,APP013,2025-12-11,pending,801163.13,CHF,AMER,CP0231,BOND,TDR0034,BOOK_A,2025-11-18
TXN0009030738,APP018,2026-03-03,settled,31383.6,EUR,EMEA,CP0352,FX,TDR0156,BOOK_A,2025-08-03
TXN0003171258,APP016,2025-02-12,pending,386301.06,JPY,APAC,CP0279,OPTION,TDR0153,BOOK_B,2026-03-30
TXN0009021921,APP001,2025-05-31,reversed,725837.17,CHF,AMER,CP0479,EQUITY,TDR0199,BOOK_D,2025-04-22
TXN0005496887,APP015,2025-11-05,reversed,920246.46,USD,APAC,CP0250,OPTION,TDR0053,BOOK_C,2025-07-22
TXN0004598753,APP015,2026-03-18,reversed,677651.12,CHF,APAC,CP0425,EQUITY,TDR0081,BOOK_A,2025-11-13
TXN0007169642,APP004,2025-06-21,failed,356862.42,EUR,LATAM,CP0246,BOND,TDR0153,BOOK_C,2026-01-03
TXN0000956217,APP007,2026-02-06,failed,541009.43,EUR,LATAM,CP0371,SWAP,TDR0111,BOOK_A,2025-11-11
TXN0001499683,APP004,2025-08-11,reversed,385593.95,AUD,EMEA,CP0487,FUTURE,TDR0170,BOOK_B,2025-10-23
TXN0002700317,APP004,2025-06-16,pending,971178.81,AUD,AMER,CP0093,FX,TDR0139,BOOK_D,2026-02-27
TXN0004091458,APP001,2026-03-13,active,362287.8,USD,AMER,CP0095,BOND,TDR0170,BOOK_A,2025-12-04
TXN0007197784,APP014,2025-11-16,failed,987230.42,CHF,EMEA,CP0014,SWAP,TDR0160,BOOK_C,2025-06-05
TXN0008313512,APP009,2025-11-24,active,337033.41,AUD,APAC,CP0067,FX,TDR0092,BOOK_A,2025-06-24
TXN0004766793,APP004,2025-08-02,settled,741108.8,AUD,LATAM,CP0468,FX,TDR0131,BOOK_D,2025-02-13
TXN0002606212,APP004,2026-02-08,settled,367228.93,AUD,EMEA,CP0391,BOND,TDR0165,BOOK_A,2025-12-27
TXN0002105353,APP005,2026-03-20,failed,779429.89,USD,AMER,CP0086,SWAP,TDR0144,BOOK_C,2026-02-15
TXN0007706408,APP017,2025-07-16,failed,98691.25,JPY,AMER,CP0239,SWAP,TDR0042,BOOK_A,2025-08-21
TXN0004203376,APP013,2026-01-03,settled,708881.68,USD,APAC,CP0041,FUTURE,TDR0091,BOOK_B,2026-04-13
TXN0000133516,APP020,2025-07-22,pending,133708.03,JPY,AMER,CP0496,EQUITY,TDR0162,BOOK_A,2025-02-13
TXN0004773305,APP012,2025-04-29,pending,29792.5,JPY,LATAM,CP0119,OPTION,TDR0163,BOOK_C,2025-12-04
TXN0002214849,APP009,2025-05-06,active,522251.73,GBP,AMER,CP0139,OPTION,TDR0153,BOOK_B,2025-12-04
TXN0003985237,APP010,2025-11-05,pending,944151.01,EUR,APAC,CP0018,BOND,TDR0129,BOOK_B,2026-01-20
TXN0009129993,APP017,2025-10-15,pending,824313.02,USD,LATAM,CP0224,EQUITY,TDR0088,BOOK_B,2025-01-04
TXN0008416346,APP017,2025-10-26,failed,882471.53,AUD,LATAM,CP0168,BOND,TDR0039,BOOK_D,2025-07-05
TXN0004849367,APP020,2025-05-13,reversed,117526.63,JPY,EMEA,CP0424,FX,TDR0158,BOOK_C,2025-01-14
TXN0006008838,APP002,2025-01-06,pending,458109.07,GBP,APAC,CP0006,FX,TDR0004,BOOK_C,2025-08-05
TXN0003739035,APP004,2025-07-15,reversed,828288.2,USD,LATAM,CP0145,FX,TDR0117,BOOK_D,2025-08-22
TXN0003436918,APP020,2025-12-29,settled,771720.55,AUD,LATAM,CP0333,BOND,TDR0084,BOOK_B,2025-02-14
TXN0009761007,APP007,2026-02-22,settled,319830.86,EUR,APAC,CP0483,SWAP,TDR0110,BOOK_A,2026-03-03
TXN0006727423,APP006,2026-01-14,active,442643.59,EUR,EMEA,CP0438,SWAP,TDR0098,BOOK_A,2025-08-22
TXN0002357842,APP005,2026-01-08,reversed,219700.29,EUR,LATAM,CP0046,FUTURE,TDR0135,BOOK_D,2026-02-20
TXN0006882498,APP001,2025-08-23,settled,894538.48,USD,LATAM,CP0324,OPTION,TDR0001,BOOK_A,2025-06-10
TXN0003913689,APP001,2025-06-25,settled,916967.47,JPY,LATAM,CP0460,FUTURE,TDR0164,BOOK_B,2026-04-02
TXN0009014234,APP002,2026-01-08,pending,360861.86,EUR,APAC,CP0371,EQUITY,TDR0006,BOOK_A,2025-11-18
TXN0005875926,APP001,2025-12-06,pending,858016.98,USD,LATAM,CP0085,FUTURE,TDR0084,BOOK_B,2025-03-08
TXN0000101349,APP004,2025-08-04,failed,691187.79,JPY,LATAM,CP0131,FUTURE,TDR0032,BOOK_B,2025-10-30
TXN0008877999,APP015,2025-04-21,reversed,511266.71,JPY,APAC,CP0046,EQUITY,TDR0025,BOOK_C,2025-10-01
TXN0003660445,APP009,2025-05-01,settled,831073.67,USD,LATAM,CP0035,OPTION,TDR0083,BOOK_D,2025-06-09
TXN0002371883,APP019,2026-03-28,settled,429084.49,AUD,LATAM,CP0359,EQUITY,TDR0133,BOOK_C,2025-08-26
TXN0003665052,APP005,2025-07-21,reversed,912313.12,JPY,LATAM,CP0157,FX,TDR0137,BOOK_C,2026-02-25
TXN0006660926,APP003,2025-02-01,active,143843.76,CHF,EMEA,CP0015,FX,TDR0089,BOOK_D,2025-11-17
TXN0009712801,APP007,2025-04-29,failed,225643.76,USD,EMEA,CP0051,FUTURE,TDR0120,BOOK_B,2025-07-01
TXN0007438479,APP007,2025-04-05,settled,751903.16,JPY,AMER,CP0268,SWAP,TDR0031,BOOK_B,2025-02-10
TXN0006295621,APP003,2026-04-13,reversed,216832.17,JPY,LATAM,CP0376,FX,TDR0183,BOOK_C,2026-01-04
TXN0005909629,APP020,2025-06-12,reversed,829829.87,AUD,LATAM,CP0188,SWAP,TDR0067,BOOK_A,2025-07-26
TXN0005447680,APP019,2025-05-24,reversed,615709.44,GBP,EMEA,CP0305,FX,TDR0070,BOOK_C,2025-07-08
TXN0003604583,APP006,2025-11-18,settled,115947.27,GBP,EMEA,CP0321,FUTURE,TDR0138,BOOK_B,2025-01-04
TXN0004057910,APP019,2026-01-12,reversed,810319.29,EUR,LATAM,CP0255,FX,TDR0088,BOOK_C,2026-02-01
TXN0009039714,APP016,2025-10-31,failed,965083.43,USD,LATAM,CP0444,FUTURE,TDR0067,BOOK_A,2025-10-06
TXN0006380137,APP008,2025-06-22,pending,816260.36,EUR,EMEA,CP0499,FUTURE,TDR0092,BOOK_A,2025-08-21
TXN0003009242,APP003,2026-02-11,reversed,613.82,JPY,APAC,CP0392,FUTURE,TDR0159,BOOK_C,2025-02-20
TXN0008914795,APP016,2025-11-05,active,34894.82,CHF,LATAM,CP0016,SWAP,TDR0194,BOOK_A,2025-05-21
TXN0001862419,APP020,2025-02-06,reversed,988117.23,GBP,APAC,CP0317,FUTURE,TDR0075,BOOK_C,2025-09-11
TXN0006274327,APP008,2025-11-29,active,300006.88,AUD,LATAM,CP0257,EQUITY,TDR0035,BOOK_A,2025-08-06
TXN0004760762,APP018,2025-10-17,failed,350693.19,USD,EMEA,CP0297,FUTURE,TDR0113,BOOK_A,2025-04-07
TXN0000586631,APP019,2025-05-08,settled,846898.58,CHF,AMER,CP0448,SWAP,TDR0052,BOOK_C,2025-01-20
TXN0000808557,APP005,2026-01-14,active,883551.89,AUD,AMER,CP0117,FX,TDR0073,BOOK_D,2026-02-02
TXN0003321774,APP004,2026-03-07,active,846279.1,JPY,LATAM,CP0321,FX,TDR0162,BOOK_C,2025-07-10
TXN0004180815,APP015,2025-06-05,active,435663.11,AUD,EMEA,CP0063,FX,TDR0127,BOOK_C,2025-12-06
TXN0007485597,APP014,2025-02-22,settled,930293.84,CHF,LATAM,CP0083,SWAP,TDR0198,BOOK_C,2026-02-08
TXN0004056912,APP015,2025-01-04,reversed,508871.36,AUD,APAC,CP0294,FX,TDR0126,BOOK_C,2025-05-29
TXN0002454478,APP002,2026-02-11,pending,326062.64,EUR,APAC,CP0298,EQUITY,TDR0047,BOOK_A,2025-09-28
TXN0003422809,APP019,2025-07-15,pending,167582.5,GBP,AMER,CP0439,FX,TDR0028,BOOK_A,2025-11-25
TXN0000019686,APP007,2025-04-18,failed,880442.05,GBP,APAC,CP0442,SWAP,TDR0185,BOOK_D,2026-03-14
TXN0005317516,APP013,2025-12-27,pending,935426.69,EUR,APAC,CP0250,FX,TDR0108,BOOK_D,2025-01-25
TXN0008923996,APP006,2026-01-24,failed,661859.79,CHF,APAC,CP0028,SWAP,TDR0167,BOOK_A,2025-07-13
TXN0009599543,APP001,2026-02-25,reversed,624155.34,GBP,APAC,CP0019,FX,TDR0159,BOOK_B,2025-03-22
TXN0007310119,APP010,2025-03-04,pending,603705.87,GBP,LATAM,CP0377,BOND,TDR0090,BOOK_C,2025-10-05
TXN0006202763,APP004,2025-02-18,settled,584312.25,EUR,AMER,CP0120,OPTION,TDR0107,BOOK_A,2025-07-17
TXN0009195783,APP017,2026-03-23,settled,263176.29,CHF,LATAM,CP0166,FUTURE,TDR0083,BOOK_B,2025-01-07
TXN0008030429,APP015,2026-02-27,settled,151648.35,JPY,AMER,CP0381,EQUITY,TDR0179,BOOK_D,2026-03-06
TXN0003686946,APP002,2026-01-04,failed,526204.75,USD,LATAM,CP0084,BOND,TDR0101,BOOK_A,2025-02-27
TXN0005790794,APP013,2025-02-09,active,400117.11,CHF,LATAM,CP0445,OPTION,TDR0082,BOOK_C,2026-02-19
TXN0002281097,APP015,2026-03-25,reversed,599649.64,AUD,LATAM,CP0487,BOND,TDR0021,BOOK_B,2025-04-20
TXN0000241380,APP005,2026-01-22,settled,82871.76,CHF,APAC,CP0202,OPTION,TDR0168,BOOK_D,2026-03-25
TXN0003416212,APP015,2026-04-11,failed,301216.03,EUR,APAC,CP0029,EQUITY,TDR0047,BOOK_C,2025-08-04
TXN0009823773,APP020,2025-12-03,pending,234226.59,GBP,EMEA,CP0356,FX,TDR0095,BOOK_C,2025-08-13
TXN0006308249,APP008,2026-03-22,pending,274756.61,JPY,EMEA,CP0160,FX,TDR0167,BOOK_B,2025-11-30
TXN0007158759,APP005,2026-03-08,reversed,322751.34,AUD,LATAM,CP0212,OPTION,TDR0020,BOOK_D,2025-11-09
TXN0000915139,APP007,2025-05-08,failed,866802.93,CHF,AMER,CP0136,EQUITY,TDR0189,BOOK_C,2026-02-27
TXN0003466548,APP015,2026-03-14,reversed,30503.89,CHF,LATAM,CP0089,EQUITY,TDR0059,BOOK_A,2026-02-03
TXN0006908334,APP002,2025-11-02,active,349930.75,AUD,LATAM,CP0057,FX,TDR0124,BOOK_D,2026-03-30
TXN0009936647,APP017,2025-12-21,active,739360.21,AUD,APAC,CP0322,EQUITY,TDR0105,BOOK_C,2025-12-09
TXN0001578970,APP018,2025-05-18,pending,578404.85,USD,APAC,CP0452,FUTURE,TDR0020,BOOK_D,2025-01-30
TXN0005766886,APP002,2025-10-26,reversed,43095.9,EUR,APAC,CP0038,FX,TDR0086,BOOK_D,2026-01-25
TXN0000412160,APP004,2025-05-28,settled,565343.25,GBP,EMEA,CP0014,FUTURE,TDR0166,BOOK_C,2025-09-30
TXN0005391671,APP009,2026-03-09,failed,720333.73,GBP,LATAM,CP0094,FX,TDR0005,BOOK_D,2025-03-31
TXN0003701921,APP007,2025-07-07,failed,207638.0,JPY,EMEA,CP0018,FX,TDR0087,BOOK_A,2025-06-06
TXN0006524261,APP016,2025-06-07,failed,24368.38,CHF,LATAM,CP0049,OPTION,TDR0073,BOOK_C,2026-01-12
TXN0001316190,APP009,2025-05-10,settled,815462.43,CHF,APAC,CP0160,EQUITY,TDR0164,BOOK_D,2025-08-20
TXN0002600796,APP013,2025-04-09,pending,249800.08,CHF,LATAM,CP0295,FX,TDR0145,BOOK_B,2026-04-08
TXN0001355779,APP004,2026-03-21,settled,176472.89,EUR,LATAM,CP0090,FX,TDR0140,BOOK_D,2026-02-17
TXN0000376112,APP013,2025-07-23,pending,301007.07,GBP,LATAM,CP0425,EQUITY,TDR0132,BOOK_B,2026-02-22
TXN0006536910,APP011,2026-02-25,settled,186544.91,USD,AMER,CP0358,EQUITY,TDR0087,BOOK_A,2025-08-08
TXN0007530541,APP020,2025-01-08,failed,95435.41,USD,AMER,CP0164,OPTION,TDR0038,BOOK_A,2025-02-04
TXN0006184561,APP011,2025-04-30,reversed,177676.16,USD,EMEA,CP0312,SWAP,TDR0184,BOOK_A,2025-07-05
TXN0009203933,APP004,2025-07-11,failed,938070.84,USD,AMER,CP0191,FUTURE,TDR0181,BOOK_B,2025-02-07
TXN0003501577,APP013,2026-01-20,active,389757.59,EUR,LATAM,CP0365,BOND,TDR0093,BOOK_A,2026-03-11
TXN0000431470,APP004,2025-03-05,active,279141.38,JPY,AMER,CP0108,BOND,TDR0173,BOOK_B,2026-02-01
TXN0008749148,APP017,2025-10-08,reversed,665535.55,GBP,AMER,CP0460,OPTION,TDR0017,BOOK_A,2026-04-12
TXN0006740389,APP010,2025-10-07,pending,794446.21,EUR,LATAM,CP0105,SWAP,TDR0194,BOOK_C,2025-01-22
TXN0000473671,APP020,2025-09-17,pending,502006.68,CHF,AMER,CP0161,FX,TDR0011,BOOK_A,2026-02-23
TXN0009986544,APP019,2026-02-19,failed,220880.42,AUD,AMER,CP0166,SWAP,TDR0075,BOOK_B,2025-09-28
TXN0005741081,APP020,2026-02-27,reversed,159568.77,GBP,AMER,CP0399,EQUITY,TDR0161,BOOK_A,2025-04-15
TXN0007697803,APP008,2025-02-26,settled,71007.42,AUD,AMER,CP0259,FX,TDR0063,BOOK_D,2026-02-03
TXN0007197437,APP007,2025-05-01,reversed,799905.76,GBP,EMEA,CP0042,EQUITY,TDR0147,BOOK_A,2025-11-08
TXN0003587196,APP007,2026-03-30,settled,361058.49,USD,AMER,CP0243,FUTURE,TDR0190,BOOK_D,2026-04-04
TXN0004702694,APP013,2026-03-30,active,81862.28,EUR,APAC,CP0101,FUTURE,TDR0165,BOOK_D,2026-04-02
TXN0003530223,APP010,2025-05-16,pending,489761.83,JPY,APAC,CP0294,BOND,TDR0038,BOOK_B,2025-05-08
TXN0007375596,APP018,2026-04-07,settled,907716.6,JPY,EMEA,CP0283,EQUITY,TDR0006,BOOK_B,2025-05-24
TXN0007594405,APP010,2026-02-10,pending,253197.59,GBP,AMER,CP0470,EQUITY,TDR0087,BOOK_C,2025-09-16
TXN0005636073,APP016,2025-06-04,failed,466047.36,GBP,AMER,CP0413,FX,TDR0183,BOOK_A,2026-03-31
TXN0003256264,APP011,2026-01-06,failed,759240.42,EUR,AMER,CP0289,OPTION,TDR0027,BOOK_B,2025-10-19
TXN0009046142,APP005,2025-10-31,settled,303825.76,EUR,EMEA,CP0359,BOND,TDR0006,BOOK_D,2025-03-28
TXN0004880903,APP005,2025-02-14,reversed,304222.1,AUD,LATAM,CP0422,EQUITY,TDR0051,BOOK_D,2026-04-11
TXN0008803206,APP016,2025-12-21,pending,755936.37,JPY,EMEA,CP0325,OPTION,TDR0069,BOOK_D,2025-07-18
TXN0003785076,APP003,2025-02-03,active,804352.73,GBP,AMER,CP0139,OPTION,TDR0065,BOOK_C,2026-01-05
TXN0005635503,APP014,2025-09-03,settled,493913.64,AUD,LATAM,CP0132,OPTION,TDR0049,BOOK_B,2025-01-18
TXN0009474770,APP005,2026-04-14,active,63698.7,USD,AMER,CP0091,SWAP,TDR0125,BOOK_C,2025-07-31
TXN0002887928,APP016,2026-03-26,failed,133400.15,AUD,EMEA,CP0047,SWAP,TDR0067,BOOK_B,2026-02-18
TXN0001040575,APP019,2025-03-02,failed,549413.7,CHF,LATAM,CP0123,EQUITY,TDR0004,BOOK_D,2025-08-23
TXN0008026447,APP002,2026-03-08,settled,954086.25,JPY,EMEA,CP0037,BOND,TDR0111,BOOK_B,2025-10-18
TXN0009624189,APP003,2025-05-30,reversed,861896.74,CHF,APAC,CP0334,SWAP,TDR0183,BOOK_C,2025-02-06
TXN0008828160,APP008,2025-06-15,failed,159176.91,GBP,APAC,CP0034,FX,TDR0068,BOOK_A,2025-07-24
TXN0004349831,APP013,2026-02-24,failed,635484.65,GBP,APAC,CP0020,FUTURE,TDR0175,BOOK_B,2025-03-24
TXN0001184144,APP014,2025-04-21,pending,325418.22,GBP,APAC,CP0115,OPTION,TDR0170,BOOK_D,2025-08-13
TXN0003094121,APP020,2025-03-15,reversed,899559.77,AUD,AMER,CP0367,EQUITY,TDR0175,BOOK_C,2025-05-18
TXN0005275403,APP005,2025-05-31,failed,127693.29,USD,APAC,CP0428,OPTION,TDR0052,BOOK_D,2025-03-07
TXN0006801081,APP006,2026-01-27,failed,269953.13,AUD,APAC,CP0355,OPTION,TDR0054,BOOK_D,2025-06-04
TXN0009151271,APP004,2025-09-12,failed,80915.28,AUD,AMER,CP0476,SWAP,TDR0076,BOOK_D,2026-02-04
TXN0008824882,APP006,2025-08-21,active,656327.24,USD,EMEA,CP0390,OPTION,TDR0094,BOOK_C,2026-03-26
TXN0001336756,APP019,2026-03-28,reversed,427305.73,GBP,LATAM,CP0003,FX,TDR0046,BOOK_B,2025-05-01
TXN0000280901,APP001,2025-04-29,active,598991.02,GBP,AMER,CP0362,BOND,TDR0038,BOOK_B,2025-02-03
TXN0006794237,APP015,2025-10-15,active,291091.39,EUR,AMER,CP0306,FX,TDR0023,BOOK_A,2025-07-20
TXN0000677788,APP003,2026-01-16,active,233372.51,CHF,EMEA,CP0497,EQUITY,TDR0121,BOOK_D,2025-11-24
TXN0007105477,APP007,2025-03-15,settled,919348.99,GBP,EMEA,CP0469,SWAP,TDR0172,BOOK_C,2025-05-26
TXN0009689609,APP008,2026-03-06,reversed,117809.45,CHF,AMER,CP0014,FUTURE,TDR0127,BOOK_A,2026-04-14
TXN0001939129,APP018,2025-02-19,pending,289630.6,AUD,APAC,CP0268,FX,TDR0145,BOOK_A,2025-08-08
TXN0008945883,APP004,2026-01-27,active,724200.1,AUD,AMER,CP0083,SWAP,TDR0122,BOOK_A,2025-12-09
TXN0001926555,APP013,2026-01-29,pending,732459.13,GBP,APAC,CP0068,FX,TDR0114,BOOK_A,2025-07-25
TXN0000294409,APP007,2025-03-13,reversed,386405.14,GBP,APAC,CP0206,BOND,TDR0007,BOOK_B,2025-02-13
TXN0002835959,APP005,2026-01-24,settled,629239.16,AUD,APAC,CP0251,SWAP,TDR0032,BOOK_D,2025-04-06
TXN0008553683,APP004,2025-03-22,active,567659.78,EUR,EMEA,CP0176,BOND,TDR0178,BOOK_B,2025-02-18
TXN0005981293,APP002,2025-10-18,active,734056.42,USD,EMEA,CP0406,EQUITY,TDR0197,BOOK_A,2025-08-05
TXN0001063705,APP003,2025-08-31,reversed,676229.09,JPY,APAC,CP0346,OPTION,TDR0053,BOOK_B,2025-10-07
TXN0006636641,APP018,2025-03-19,settled,929298.16,AUD,APAC,CP0179,EQUITY,TDR0011,BOOK_D,2025-03-15
TXN0005401727,APP004,2026-02-26,failed,725076.19,EUR,EMEA,CP0464,EQUITY,TDR0042,BOOK_A,2025-11-06
TXN0000779703,APP011,2025-07-12,pending,29282.66,AUD,EMEA,CP0257,EQUITY,TDR0118,BOOK_A,2025-05-03
TXN0001299367,APP011,2025-09-08,reversed,248033.82,GBP,AMER,CP0466,SWAP,TDR0012,BOOK_A,2025-10-22
TXN0008672677,APP013,2025-03-04,active,793950.98,JPY,AMER,CP0159,FUTURE,TDR0078,BOOK_D,2025-06-16
TXN0002130125,APP003,2025-05-15,settled,402357.79,GBP,AMER,CP0443,EQUITY,TDR0109,BOOK_B,2025-10-31
TXN0001499675,APP005,2025-04-03,active,244346.41,GBP,APAC,CP0298,BOND,TDR0060,BOOK_A,2026-01-10
TXN0001425343,APP011,2025-07-19,reversed,477984.12,GBP,EMEA,CP0476,OPTION,TDR0001,BOOK_C,2025-03-22
TXN0009651769,APP003,2025-10-02,failed,894490.36,USD,EMEA,CP0354,FUTURE,TDR0070,BOOK_D,2025-11-03
TXN0000427150,APP004,2026-02-20,active,792363.26,GBP,APAC,CP0367,FX,TDR0071,BOOK_D,2026-04-03
TXN0003656662,APP014,2026-01-15,pending,620780.06,AUD,EMEA,CP0292,OPTION,TDR0062,BOOK_D,2026-01-19
TXN0005270193,APP014,2026-01-26,pending,725261.4,CHF,EMEA,CP0463,FUTURE,TDR0033,BOOK_D,2025-03-29
TXN0008563566,APP013,2025-06-22,active,489745.01,GBP,AMER,CP0064,FX,TDR0177,BOOK_B,2025-11-13
TXN0006153682,APP002,2025-05-16,reversed,157958.22,JPY,EMEA,CP0307,EQUITY,TDR0156,BOOK_B,2026-01-10
TXN0009178775,APP002,2025-06-14,failed,542119.83,EUR,APAC,CP0456,FX,TDR0130,BOOK_B,2025-06-18
TXN0009676182,APP005,2025-09-19,active,628283.69,JPY,EMEA,CP0410,BOND,TDR0186,BOOK_B,2025-07-02
TXN0003444981,APP018,2025-01-18,pending,673262.62,USD,APAC,CP0469,SWAP,TDR0043,BOOK_A,2025-01-07
TXN0002587244,APP009,2025-03-12,failed,393799.7,GBP,AMER,CP0013,FX,TDR0160,BOOK_A,2025-08-27
TXN0001388933,APP019,2025-06-04,reversed,898407.74,GBP,APAC,CP0017,FX,TDR0056,BOOK_D,2025-12-07
TXN0004402881,APP015,2025-09-05,active,87321.1,EUR,APAC,CP0171,FX,TDR0160,BOOK_A,2025-03-29
TXN0005672132,APP015,2025-05-07,settled,29636.89,AUD,LATAM,CP0296,EQUITY,TDR0004,BOOK_A,2025-03-12
TXN0004103157,APP002,2025-08-15,reversed,420378.17,EUR,AMER,CP0128,SWAP,TDR0158,BOOK_C,2025-04-10
TXN0005561703,APP008,2026-01-23,pending,106005.15,JPY,EMEA,CP0006,FX,TDR0008,BOOK_A,2025-04-27
TXN0006484889,APP019,2026-04-10,pending,65273.95,USD,AMER,CP0354,SWAP,TDR0172,BOOK_C,2026-02-20
TXN0001158436,APP013,2025-06-27,reversed,566208.43,JPY,EMEA,CP0234,OPTION,TDR0125,BOOK_B,2025-01-19
TXN0001473454,APP005,2025-11-13,pending,598652.19,CHF,LATAM,CP0467,EQUITY,TDR0092,BOOK_A,2025-08-09
TXN0006174500,APP007,2025-04-27,active,450169.69,USD,APAC,CP0204,SWAP,TDR0130,BOOK_B,2025-08-08
TXN0009131297,APP014,2026-02-04,failed,282402.89,GBP,AMER,CP0240,EQUITY,TDR0151,BOOK_A,2025-09-12
TXN0009228704,APP003,2026-01-30,settled,751542.38,GBP,LATAM,CP0061,BOND,TDR0120,BOOK_D,2025-02-01
TXN0002879603,APP010,2026-01-31,settled,34378.61,GBP,LATAM,CP0173,FX,TDR0165,BOOK_D,2025-02-22
TXN0009252694,APP006,2026-01-28,reversed,620185.91,JPY,AMER,CP0134,OPTION,TDR0086,BOOK_D,2025-01-06
TXN0001580431,APP017,2026-03-19,reversed,968872.89,USD,AMER,CP0240,OPTION,TDR0166,BOOK_A,2025-04-03
TXN0000436651,APP005,2026-01-06,settled,995671.51,CHF,APAC,CP0079,BOND,TDR0051,BOOK_C,2026-03-19
TXN0007954250,APP001,2025-05-10,pending,409876.37,AUD,EMEA,CP0066,EQUITY,TDR0034,BOOK_B,2025-12-26
TXN0007686766,APP018,2025-09-03,reversed,300642.99,AUD,AMER,CP0149,SWAP,TDR0028,BOOK_B,2026-04-01
TXN0006834437,APP010,2025-03-22,reversed,425226.83,USD,APAC,CP0063,SWAP,TDR0090,BOOK_D,2025-12-07
TXN0003263325,APP014,2025-05-08,failed,804948.29,EUR,AMER,CP0054,FUTURE,TDR0200,BOOK_C,2025-03-12
TXN0000008499,APP010,2025-06-10,failed,125202.48,GBP,APAC,CP0142,BOND,TDR0113,BOOK_A,2025-03-30
TXN0005811192,APP016,2025-11-06,failed,125419.14,EUR,EMEA,CP0498,FUTURE,TDR0117,BOOK_B,2025-02-01
TXN0004656292,APP013,2026-02-07,settled,148882.95,EUR,LATAM,CP0256,SWAP,TDR0161,BOOK_A,2025-06-06
TXN0001866053,APP007,2025-06-02,failed,244283.87,EUR,LATAM,CP0466,EQUITY,TDR0055,BOOK_B,2025-02-19
TXN0000302481,APP004,2025-03-08,failed,736417.11,AUD,EMEA,CP0388,SWAP,TDR0105,BOOK_B,2025-02-19
TXN0001316323,APP017,2026-04-06,reversed,108864.68,EUR,AMER,CP0087,SWAP,TDR0010,BOOK_D,2025-06-28
TXN0001097812,APP007,2025-03-23,reversed,280429.48,GBP,LATAM,CP0138,OPTION,TDR0139,BOOK_D,2025-05-24
TXN0007322360,APP017,2025-02-15,active,217492.05,AUD,EMEA,CP0345,FX,TDR0058,BOOK_C,2025-10-17
TXN0007185777,APP007,2025-10-09,active,153481.12,JPY,APAC,CP0427,FUTURE,TDR0029,BOOK_A,2025-11-28
TXN0002092714,APP013,2025-08-14,settled,67990.63,GBP,LATAM,CP0244,EQUITY,TDR0160,BOOK_C,2025-04-21
TXN0007831022,APP019,2026-01-02,settled,353192.96,GBP,APAC,CP0316,EQUITY,TDR0023,BOOK_C,2025-06-28
TXN0000116802,APP009,2025-03-02,settled,566672.22,GBP,APAC,CP0151,OPTION,TDR0139,BOOK_D,2025-01-05
TXN0003703359,APP006,2026-04-08,settled,594513.24,GBP,LATAM,CP0406,FX,TDR0125,BOOK_C,2026-03-04
TXN0001180250,APP018,2025-04-27,failed,81254.46,CHF,AMER,CP0192,EQUITY,TDR0064,BOOK_B,2025-02-20
TXN0009425342,APP005,2025-05-30,settled,697513.06,EUR,LATAM,CP0144,EQUITY,TDR0174,BOOK_A,2025-03-10
TXN0000676319,APP008,2026-01-14,settled,260893.72,JPY,AMER,CP0485,OPTION,TDR0101,BOOK_B,2026-04-12
TXN0006527408,APP003,2025-03-07,settled,928254.5,CHF,EMEA,CP0059,FX,TDR0012,BOOK_C,2025-08-28
TXN0005867167,APP012,2025-11-24,reversed,983266.24,JPY,AMER,CP0023,EQUITY,TDR0173,BOOK_B,2025-11-02
TXN0007525412,APP010,2026-03-19,active,342721.25,JPY,EMEA,CP0104,BOND,TDR0176,BOOK_C,2026-02-14
TXN0003232922,APP018,2026-04-13,pending,167701.73,GBP,APAC,CP0206,OPTION,TDR0003,BOOK_B,2025-08-29
TXN0002811808,APP020,2025-01-31,settled,716743.05,CHF,LATAM,CP0031,EQUITY,TDR0076,BOOK_B,2026-04-14
TXN0008233578,APP014,2026-02-26,failed,657273.87,JPY,EMEA,CP0350,FUTURE,TDR0025,BOOK_D,2026-03-23
TXN0001481017,APP019,2025-07-26,failed,207886.32,JPY,EMEA,CP0168,EQUITY,TDR0010,BOOK_B,2025-07-25
TXN0009851666,APP003,2025-04-07,settled,678068.46,USD,AMER,CP0124,FUTURE,TDR0148,BOOK_C,2025-11-02
TXN0004721113,APP010,2025-11-03,pending,968152.18,EUR,LATAM,CP0341,SWAP,TDR0052,BOOK_B,2025-01-07
TXN0000884502,APP003,2026-03-05,pending,894228.64,GBP,EMEA,CP0272,SWAP,TDR0067,BOOK_D,2026-02-13
TXN0009448130,APP007,2025-05-27,active,958570.6,AUD,APAC,CP0087,FX,TDR0101,BOOK_C,2025-07-02
TXN0009557969,APP016,2025-09-22,settled,901671.01,JPY,AMER,CP0437,FX,TDR0194,BOOK_D,2025-06-28
TXN0004390030,APP002,2025-03-19,active,700137.24,AUD,AMER,CP0204,FX,TDR0173,BOOK_D,2025-09-17
TXN0002948895,APP004,2025-09-21,reversed,689255.73,GBP,AMER,CP0424,EQUITY,TDR0047,BOOK_B,2025-01-29
TXN0005358813,APP008,2026-02-13,reversed,647684.98,AUD,EMEA,CP0126,FX,TDR0101,BOOK_C,2025-03-18
TXN0001368815,APP017,2025-09-15,failed,478298.94,USD,LATAM,CP0238,EQUITY,TDR0080,BOOK_B,2025-04-28
TXN0009599136,APP011,2025-03-19,reversed,437143.12,EUR,LATAM,CP0157,BOND,TDR0144,BOOK_D,2025-01-06
TXN0006512792,APP019,2025-03-04,reversed,765014.49,USD,EMEA,CP0214,EQUITY,TDR0158,BOOK_B,2025-07-26
TXN0002965163,APP004,2025-03-30,active,484490.75,AUD,AMER,CP0015,FX,TDR0001,BOOK_A,2026-03-16
TXN0005920842,APP007,2025-01-01,settled,880437.47,CHF,EMEA,CP0461,FX,TDR0056,BOOK_A,2025-10-11
TXN0008545146,APP005,2025-09-17,active,699905.37,AUD,AMER,CP0490,FUTURE,TDR0137,BOOK_D,2025-12-12
TXN0002248312,APP010,2025-05-16,pending,816632.13,GBP,LATAM,CP0375,EQUITY,TDR0169,BOOK_B,2025-04-15
TXN0009160142,APP019,2025-03-15,settled,603931.3,USD,EMEA,CP0201,OPTION,TDR0151,BOOK_D,2025-01-19
TXN0003533985,APP020,2025-04-07,failed,430462.22,JPY,LATAM,CP0491,FX,TDR0018,BOOK_C,2025-10-15
TXN0002061573,APP016,2025-09-17,active,793191.54,GBP,LATAM,CP0258,FX,TDR0072,BOOK_D,2025-03-05
TXN0007943736,APP012,2025-09-29,failed,8654.13,EUR,AMER,CP0244,EQUITY,TDR0007,BOOK_D,2025-03-07
TXN0003518558,APP016,2025-03-24,pending,493669.85,JPY,AMER,CP0063,FX,TDR0002,BOOK_A,2025-11-21
TXN0009422097,APP014,2025-10-23,failed,420868.94,CHF,AMER,CP0443,OPTION,TDR0199,BOOK_B,2025-01-29
TXN0006950728,APP005,2025-06-01,pending,474496.71,CHF,AMER,CP0171,FX,TDR0041,BOOK_D,2025-10-27
TXN0007105189,APP010,2025-06-25,failed,387431.41,JPY,EMEA,CP0323,SWAP,TDR0041,BOOK_C,2025-06-10
TXN0000675423,APP004,2025-02-25,reversed,157041.82,JPY,LATAM,CP0182,SWAP,TDR0050,BOOK_A,2025-05-23
TXN0005616954,APP009,2025-04-21,settled,517252.5,JPY,APAC,CP0159,BOND,TDR0163,BOOK_A,2025-09-26
TXN0001574139,APP004,2025-01-24,settled,501970.15,AUD,AMER,CP0346,OPTION,TDR0122,BOOK_B,2025-06-20
TXN0005139207,APP012,2026-03-24,pending,23867.27,USD,EMEA,CP0231,FX,TDR0156,BOOK_D,2025-02-22
TXN0009783509,APP020,2025-12-30,failed,211505.05,GBP,APAC,CP0071,SWAP,TDR0145,BOOK_C,2025-09-01
TXN0007094047,APP003,2025-12-27,pending,542137.63,USD,LATAM,CP0068,FX,TDR0123,BOOK_C,2025-12-12
TXN0002135056,APP008,2025-01-10,pending,709614.27,EUR,EMEA,CP0227,FUTURE,TDR0032,BOOK_A,2025-02-10
TXN0004438949,APP016,2025-12-31,failed,525068.02,CHF,AMER,CP0169,SWAP,TDR0088,BOOK_B,2025-11-09
TXN0007036858,APP011,2025-01-01,settled,237605.88,GBP,APAC,CP0102,SWAP,TDR0005,BOOK_A,2026-01-11
TXN0003745126,APP010,2025-03-31,settled,445550.08,AUD,LATAM,CP0472,SWAP,TDR0021,BOOK_C,2025-01-04
TXN0000193963,APP009,2026-03-30,active,195195.69,CHF,LATAM,CP0213,SWAP,TDR0135,BOOK_D,2025-02-03
TXN0008303466,APP003,2025-07-28,reversed,680465.66,JPY,LATAM,CP0285,FUTURE,TDR0184,BOOK_D,2025-07-11
TXN0002391669,APP013,2025-06-23,pending,850792.12,AUD,APAC,CP0011,EQUITY,TDR0163,BOOK_A,2025-06-28
TXN0007847849,APP013,2025-10-07,active,69093.25,GBP,AMER,CP0445,SWAP,TDR0144,BOOK_D,2025-08-17
TXN0001935809,APP013,2025-05-02,pending,101329.96,CHF,LATAM,CP0097,FX,TDR0182,BOOK_C,2025-11-28
TXN0004679905,APP010,2026-03-15,settled,595955.3,CHF,EMEA,CP0255,EQUITY,TDR0013,BOOK_B,2025-10-27
TXN0006989270,APP018,2026-03-14,pending,778170.58,AUD,APAC,CP0355,FUTURE,TDR0111,BOOK_D,2025-06-09
TXN0005502827,APP009,2025-10-11,reversed,860275.09,EUR,LATAM,CP0040,FX,TDR0113,BOOK_A,2026-02-06
TXN0008048449,APP014,2026-01-27,settled,82507.01,CHF,AMER,CP0401,FUTURE,TDR0127,BOOK_C,2025-09-13
TXN0003577988,APP009,2026-02-09,failed,761876.83,AUD,AMER,CP0457,SWAP,TDR0117,BOOK_A,2025-05-10
TXN0001410567,APP013,2025-01-15,pending,662441.66,CHF,LATAM,CP0216,FUTURE,TDR0030,BOOK_D,2025-07-16
TXN0009526087,APP009,2025-03-21,active,16673.25,AUD,LATAM,CP0024,EQUITY,TDR0120,BOOK_C,2025-05-05
TXN0008132974,APP004,2026-02-19,pending,959645.57,GBP,LATAM,CP0174,OPTION,TDR0159,BOOK_A,2025-10-03
TXN0009937690,APP014,2026-01-27,active,976655.07,EUR,EMEA,CP0432,FX,TDR0184,BOOK_D,2025-10-07
TXN0002175851,APP005,2026-02-07,reversed,635342.2,JPY,LATAM,CP0092,SWAP,TDR0137,BOOK_C,2025-09-30
TXN0006647660,APP020,2025-08-18,settled,197575.32,USD,AMER,CP0115,OPTION,TDR0104,BOOK_A,2025-11-16
TXN0005095105,APP015,2025-04-21,failed,904866.37,AUD,AMER,CP0276,BOND,TDR0193,BOOK_A,2025-12-10
TXN0003576522,APP010,2026-03-07,pending,825832.52,USD,EMEA,CP0216,FUTURE,TDR0157,BOOK_C,2025-07-22
TXN0006292881,APP015,2026-01-02,active,414428.11,EUR,APAC,CP0452,FUTURE,TDR0050,BOOK_D,2025-11-10
TXN0005345995,APP020,2025-07-31,failed,29313.03,CHF,APAC,CP0016,SWAP,TDR0036,BOOK_D,2026-03-07
TXN0002308621,APP012,2025-11-20,reversed,308055.5,EUR,APAC,CP0105,SWAP,TDR0147,BOOK_C,2026-02-25
TXN0007399794,APP013,2025-05-10,failed,620821.64,JPY,EMEA,CP0118,FUTURE,TDR0030,BOOK_B,2025-12-27
TXN0009193107,APP017,2025-05-28,settled,685979.51,USD,EMEA,CP0180,EQUITY,TDR0031,BOOK_B,2025-08-04
TXN0003218920,APP015,2025-04-17,reversed,783863.62,CHF,AMER,CP0208,OPTION,TDR0196,BOOK_A,2025-10-06
TXN0001212582,APP012,2025-01-31,pending,527429.21,EUR,AMER,CP0015,EQUITY,TDR0034,BOOK_C,2025-07-21
TXN0004661625,APP020,2025-06-06,failed,219003.16,AUD,LATAM,CP0461,FUTURE,TDR0043,BOOK_A,2025-02-21
TXN0001403935,APP016,2026-01-25,failed,389924.03,USD,LATAM,CP0112,FUTURE,TDR0085,BOOK_A,2025-02-26
TXN0006095722,APP001,2025-11-17,active,311363.75,EUR,LATAM,CP0024,EQUITY,TDR0105,BOOK_A,2025-01-11
TXN0003585630,APP016,2025-03-21,pending,70203.27,AUD,APAC,CP0277,OPTION,TDR0126,BOOK_A,2025-05-28
TXN0002181266,APP014,2025-08-30,failed,153641.96,JPY,AMER,CP0367,OPTION,TDR0104,BOOK_D,2025-10-30
TXN0009186792,APP009,2025-01-24,reversed,533543.67,EUR,AMER,CP0044,EQUITY,TDR0080,BOOK_D,2025-10-30
TXN0009813534,APP004,2026-03-09,active,491966.42,GBP,EMEA,CP0194,EQUITY,TDR0017,BOOK_D,2025-04-29
TXN0005556658,APP004,2026-02-06,pending,86813.31,AUD,AMER,CP0319,SWAP,TDR0152,BOOK_D,2025-03-04
TXN0009815313,APP005,2025-07-16,settled,552347.71,EUR,APAC,CP0041,OPTION,TDR0089,BOOK_B,2025-12-09
TXN0004154026,APP011,2025-01-29,active,437312.16,USD,LATAM,CP0147,OPTION,TDR0040,BOOK_C,2025-01-01
TXN0009014864,APP003,2025-10-06,settled,231433.31,GBP,LATAM,CP0412,FX,TDR0026,BOOK_D,2025-01-14
TXN0008786370,APP009,2025-01-29,pending,319042.6,EUR,LATAM,CP0156,SWAP,TDR0096,BOOK_C,2025-04-13
TXN0008653430,APP012,2025-03-05,failed,525663.25,GBP,AMER,CP0142,FX,TDR0151,BOOK_B,2025-07-04
TXN0000988063,APP001,2025-04-10,failed,281746.13,GBP,EMEA,CP0114,FUTURE,TDR0053,BOOK_D,2025-12-04
TXN0007097918,APP014,2026-02-17,failed,480431.84,USD,APAC,CP0357,EQUITY,TDR0141,BOOK_D,2025-05-02
TXN0002303323,APP008,2025-12-04,settled,280901.33,USD,AMER,CP0323,BOND,TDR0170,BOOK_D,2025-11-07
TXN0009263370,APP010,2025-05-24,active,781797.08,JPY,LATAM,CP0172,FUTURE,TDR0148,BOOK_A,2025-05-02
TXN0001549684,APP019,2025-11-16,pending,270119.9,EUR,LATAM,CP0171,FUTURE,TDR0188,BOOK_D,2025-10-06
TXN0009045202,APP008,2025-05-30,active,959372.4,JPY,APAC,CP0280,EQUITY,TDR0106,BOOK_C,2025-09-20
TXN0004008365,APP011,2025-06-09,active,472135.5,EUR,LATAM,CP0448,FX,TDR0195,BOOK_D,2026-01-10
TXN0003825575,APP014,2025-11-09,reversed,119038.92,EUR,APAC,CP0043,BOND,TDR0152,BOOK_B,2025-04-16
TXN0003542388,APP015,2026-04-05,reversed,643026.11,JPY,AMER,CP0199,FUTURE,TDR0064,BOOK_C,2025-12-08
TXN0003350131,APP019,2026-04-11,pending,517899.85,GBP,APAC,CP0358,FX,TDR0061,BOOK_A,2025-05-03
TXN0002821779,APP012,2026-02-16,reversed,491628.99,AUD,EMEA,CP0462,OPTION,TDR0012,BOOK_B,2025-03-10
TXN0009589184,APP003,2025-01-23,settled,564065.0,GBP,AMER,CP0160,OPTION,TDR0100,BOOK_D,2025-06-11
TXN0002639454,APP009,2025-09-04,pending,768367.45,AUD,LATAM,CP0020,BOND,TDR0180,BOOK_C,2025-04-01
TXN0004856793,APP005,2026-02-01,settled,234512.1,CHF,APAC,CP0396,SWAP,TDR0197,BOOK_B,2026-02-02
TXN0003106994,APP010,2026-03-19,failed,424314.03,JPY,LATAM,CP0389,FX,TDR0139,BOOK_C,2025-12-31
TXN0008499386,APP004,2025-03-15,reversed,967576.42,USD,APAC,CP0045,FX,TDR0177,BOOK_B,2025-06-06
TXN0007956650,APP007,2026-03-10,pending,969714.7,USD,EMEA,CP0083,FUTURE,TDR0023,BOOK_A,2025-04-12
TXN0001904411,APP004,2026-03-17,failed,631173.65,JPY,AMER,CP0431,EQUITY,TDR0146,BOOK_C,2025-01-17
TXN0009041935,APP003,2025-09-17,active,836700.7,JPY,APAC,CP0454,BOND,TDR0200,BOOK_A,2025-09-08
TXN0000791274,APP008,2025-02-18,active,198722.18,GBP,LATAM,CP0411,OPTION,TDR0147,BOOK_A,2025-02-02
TXN0008011108,APP012,2025-10-31,active,974055.44,USD,EMEA,CP0258,SWAP,TDR0117,BOOK_A,2025-04-10
TXN0004208068,APP020,2025-05-11,active,666790.53,JPY,LATAM,CP0023,SWAP,TDR0057,BOOK_A,2025-10-10
TXN0007340649,APP008,2025-04-22,pending,170302.18,GBP,EMEA,CP0389,BOND,TDR0042,BOOK_C,2025-08-03
TXN0003923739,APP011,2025-01-23,pending,658372.98,GBP,APAC,CP0050,BOND,TDR0011,BOOK_B,2026-01-16
TXN0003390938,APP013,2025-05-16,pending,644597.72,EUR,AMER,CP0430,FUTURE,TDR0103,BOOK_C,2025-12-03
TXN0005021254,APP006,2025-09-15,settled,621395.37,JPY,APAC,CP0034,BOND,TDR0187,BOOK_D,2025-06-27
TXN0002558396,APP016,2025-08-16,active,17439.17,GBP,AMER,CP0291,OPTION,TDR0154,BOOK_A,2025-03-28
TXN0002326989,APP004,2026-01-18,pending,998960.71,GBP,EMEA,CP0440,FUTURE,TDR0099,BOOK_A,2025-02-19
TXN0000897139,APP005,2025-09-27,reversed,486917.11,EUR,APAC,CP0050,FUTURE,TDR0068,BOOK_B,2025-01-09
TXN0007638593,APP010,2025-05-27,failed,898502.22,GBP,EMEA,CP0484,OPTION,TDR0014,BOOK_B,2025-12-25
TXN0001708955,APP020,2026-02-05,settled,852537.24,JPY,LATAM,CP0221,FUTURE,TDR0071,BOOK_C,2025-12-31
TXN0000903002,APP014,2025-06-17,pending,168153.1,USD,LATAM,CP0112,BOND,TDR0130,BOOK_B,2025-09-21
TXN0006932061,APP014,2026-01-21,reversed,313315.56,JPY,AMER,CP0152,FUTURE,TDR0046,BOOK_D,2025-03-23
TXN0008318376,APP007,2025-11-05,settled,379541.89,CHF,LATAM,CP0495,BOND,TDR0028,BOOK_D,2025-10-28
TXN0004474150,APP006,2026-01-26,active,475086.73,AUD,APAC,CP0398,FX,TDR0132,BOOK_A,2026-02-24
TXN0009675623,APP008,2025-06-09,active,716992.99,EUR,APAC,CP0269,FX,TDR0006,BOOK_D,2025-05-16
TXN0002090621,APP009,2025-02-13,settled,44.47,EUR,APAC,CP0377,FX,TDR0039,BOOK_D,2025-12-23
TXN0003179452,APP012,2025-09-20,settled,189488.59,USD,LATAM,CP0203,FX,TDR0018,BOOK_C,2026-02-24
TXN0008208958,APP020,2026-03-19,reversed,688157.19,JPY,LATAM,CP0048,FUTURE,TDR0131,BOOK_A,2025-09-26
TXN0002749855,APP003,2025-02-12,settled,193606.53,JPY,EMEA,CP0123,OPTION,TDR0174,BOOK_D,2026-03-06
TXN0002342199,APP003,2025-04-13,reversed,983132.08,AUD,EMEA,CP0447,OPTION,TDR0015,BOOK_C,2025-12-07
TXN0006841521,APP004,2026-03-06,settled,791052.34,EUR,APAC,CP0316,BOND,TDR0084,BOOK_A,2025-09-06
TXN0002826031,APP019,2025-10-10,pending,356058.63,USD,AMER,CP0141,BOND,TDR0033,BOOK_A,2026-02-16
TXN0007140507,APP017,2025-06-07,pending,884405.89,USD,AMER,CP0423,SWAP,TDR0049,BOOK_D,2025-01-21
TXN0002079431,APP009,2025-01-15,pending,614364.53,AUD,LATAM,CP0040,EQUITY,TDR0197,BOOK_C,2025-10-27
TXN0003518527,APP009,2025-03-01,failed,441621.81,JPY,APAC,CP0397,OPTION,TDR0147,BOOK_C,2026-04-14
TXN0003092673,APP012,2025-07-23,failed,479854.78,CHF,APAC,CP0107,OPTION,TDR0045,BOOK_D,2026-03-27
TXN0004545750,APP019,2026-03-30,reversed,134902.98,CHF,APAC,CP0449,FUTURE,TDR0051,BOOK_B,2025-10-20
TXN0000205735,APP012,2025-07-01,failed,28256.37,GBP,EMEA,CP0096,FX,TDR0025,BOOK_C,2025-03-01
TXN0000425789,APP013,2025-07-31,reversed,92499.59,GBP,APAC,CP0232,BOND,TDR0197,BOOK_B,2025-02-27
TXN0001017812,APP007,2025-01-06,active,812516.97,USD,EMEA,CP0236,EQUITY,TDR0090,BOOK_B,2025-11-16
TXN0005540446,APP005,2026-03-13,reversed,957617.82,EUR,APAC,CP0109,FX,TDR0174,BOOK_A,2025-03-05
TXN0001535681,APP002,2025-11-22,pending,181493.99,USD,EMEA,CP0322,SWAP,TDR0037,BOOK_C,2025-04-23
TXN0001988765,APP017,2025-02-06,reversed,456962.17,JPY,APAC,CP0217,BOND,TDR0006,BOOK_C,2025-04-20
TXN0008403734,APP013,2025-02-04,active,475816.57,USD,APAC,CP0456,EQUITY,TDR0102,BOOK_D,2025-12-02
TXN0000445685,APP004,2025-06-06,failed,603109.28,CHF,AMER,CP0305,FX,TDR0184,BOOK_A,2025-01-02
TXN0004894527,APP016,2025-11-02,failed,172562.52,EUR,AMER,CP0048,BOND,TDR0114,BOOK_B,2026-02-06
TXN0002562446,APP004,2026-03-20,pending,212685.23,USD,EMEA,CP0146,OPTION,TDR0084,BOOK_A,2025-02-03
TXN0008742147,APP009,2026-03-23,reversed,381252.03,EUR,LATAM,CP0267,SWAP,TDR0047,BOOK_C,2026-02-24
TXN0006787942,APP018,2025-09-06,pending,75454.63,CHF,EMEA,CP0283,EQUITY,TDR0189,BOOK_D,2025-04-07
TXN0009285544,APP020,2025-09-13,reversed,699300.04,USD,APAC,CP0270,FX,TDR0063,BOOK_A,2025-03-15
TXN0009398932,APP015,2025-05-25,failed,4495.99,EUR,AMER,CP0147,EQUITY,TDR0042,BOOK_C,2025-07-29
TXN0003344305,APP018,2026-02-02,pending,845859.11,CHF,APAC,CP0257,FX,TDR0122,BOOK_C,2026-03-26
TXN0008847566,APP006,2025-12-31,reversed,562538.36,GBP,EMEA,CP0144,BOND,TDR0113,BOOK_A,2025-11-01
TXN0005393153,APP020,2025-12-19,failed,412105.94,JPY,LATAM,CP0237,SWAP,TDR0144,BOOK_D,2026-02-17
TXN0009840600,APP018,2025-10-22,reversed,366457.58,AUD,AMER,CP0184,SWAP,TDR0074,BOOK_C,2025-02-18
TXN0006909117,APP005,2026-04-09,reversed,381507.98,GBP,EMEA,CP0055,SWAP,TDR0086,BOOK_B,2025-10-19
TXN0009259672,APP018,2025-12-13,failed,382076.2,CHF,EMEA,CP0279,BOND,TDR0120,BOOK_B,2025-09-22
TXN0002550095,APP016,2025-01-08,reversed,448809.78,AUD,LATAM,CP0036,FX,TDR0033,BOOK_A,2025-01-18
TXN0007303999,APP007,2025-09-02,failed,220321.23,CHF,APAC,CP0438,SWAP,TDR0060,BOOK_D,2025-02-24
TXN0008581537,APP006,2025-11-29,settled,723733.72,CHF,APAC,CP0024,OPTION,TDR0189,BOOK_A,2025-04-03
TXN0006111483,APP009,2025-07-15,failed,697444.59,USD,LATAM,CP0131,FUTURE,TDR0052,BOOK_C,2025-07-19
TXN0008896602,APP010,2025-10-17,failed,636162.85,EUR,LATAM,CP0460,FUTURE,TDR0195,BOOK_D,2025-08-20
TXN0008433646,APP001,2025-03-23,reversed,767382.26,EUR,LATAM,CP0070,SWAP,TDR0108,BOOK_C,2025-08-24
TXN0009341973,APP004,2025-01-14,reversed,706159.01,USD,LATAM,CP0381,EQUITY,TDR0074,BOOK_A,2025-09-19
TXN0008841587,APP018,2025-02-02,reversed,608615.33,EUR,APAC,CP0472,BOND,TDR0069,BOOK_A,2025-02-25
TXN0004057117,APP011,2025-07-18,reversed,167894.8,JPY,LATAM,CP0259,SWAP,TDR0034,BOOK_A,2025-12-24
TXN0004013041,APP002,2025-07-15,reversed,619473.45,USD,EMEA,CP0120,SWAP,TDR0113,BOOK_B,2025-12-21
TXN0007978294,APP017,2025-11-18,settled,279099.94,USD,AMER,CP0209,SWAP,TDR0113,BOOK_A,2026-02-05
TXN0007398832,APP009,2025-01-09,pending,612393.41,JPY,AMER,CP0482,SWAP,TDR0196,BOOK_D,2025-01-25
TXN0004121362,APP006,2026-03-01,active,30461.89,AUD,APAC,CP0123,OPTION,TDR0069,BOOK_A,2025-01-26
TXN0004451091,APP020,2025-08-18,settled,871607.76,CHF,AMER,CP0056,FX,TDR0183,BOOK_C,2025-10-01
TXN0009251312,APP016,2025-08-26,pending,834925.62,JPY,APAC,CP0394,BOND,TDR0176,BOOK_A,2025-09-28
TXN0005124359,APP015,2026-02-28,active,265298.42,CHF,LATAM,CP0069,SWAP,TDR0098,BOOK_A,2025-10-12
TXN0005568532,APP019,2025-06-02,reversed,462156.25,GBP,APAC,CP0368,OPTION,TDR0013,BOOK_A,2026-01-26
TXN0000696332,APP008,2025-02-26,pending,216641.71,JPY,APAC,CP0373,SWAP,TDR0065,BOOK_C,2025-06-03
TXN0003836467,APP008,2025-12-28,settled,194762.12,EUR,AMER,CP0419,BOND,TDR0060,BOOK_D,2025-04-09
TXN0002046437,APP002,2026-03-15,active,625908.21,AUD,EMEA,CP0326,SWAP,TDR0179,BOOK_B,2025-03-28
TXN0002962111,APP020,2025-09-07,pending,618858.92,EUR,LATAM,CP0198,FX,TDR0003,BOOK_A,2025-04-20
TXN0006451601,APP015,2025-07-30,active,222612.33,JPY,APAC,CP0443,FUTURE,TDR0133,BOOK_A,2025-12-09
TXN0000218313,APP016,2026-01-31,settled,172.27,USD,LATAM,CP0147,BOND,TDR0037,BOOK_C,2025-03-07
TXN0003322007,APP001,2026-03-05,active,361010.92,USD,EMEA,CP0419,BOND,TDR0043,BOOK_C,2025-03-07
TXN0003317470,APP020,2026-02-02,active,227115.76,AUD,AMER,CP0483,FUTURE,TDR0100,BOOK_A,2026-01-10
TXN0008317551,APP007,2025-02-27,failed,288631.16,EUR,EMEA,CP0258,BOND,TDR0184,BOOK_C,2025-01-24
TXN0004516771,APP018,2025-07-17,settled,239951.26,GBP,LATAM,CP0129,OPTION,TDR0039,BOOK_A,2025-03-31
TXN0001974130,APP009,2025-04-26,failed,713016.02,EUR,LATAM,CP0421,SWAP,TDR0151,BOOK_D,2025-08-02
TXN0008129571,APP011,2025-01-29,pending,65954.11,AUD,EMEA,CP0083,SWAP,TDR0159,BOOK_B,2025-12-08
TXN0007030125,APP013,2025-10-05,failed,474603.35,JPY,APAC,CP0374,BOND,TDR0048,BOOK_A,2026-03-29
TXN0007186462,APP006,2025-12-07,failed,174820.35,EUR,LATAM,CP0401,EQUITY,TDR0151,BOOK_B,2026-04-01
TXN0006743260,APP006,2025-11-17,settled,668245.61,EUR,LATAM,CP0460,SWAP,TDR0074,BOOK_D,2025-04-17
TXN0000794593,APP020,2026-02-10,pending,16189.52,JPY,AMER,CP0304,EQUITY,TDR0098,BOOK_B,2025-11-12
TXN0003274433,APP002,2026-04-13,pending,4767.59,AUD,AMER,CP0392,BOND,TDR0039,BOOK_A,2026-02-12
TXN0002897445,APP013,2025-05-18,active,552258.33,USD,LATAM,CP0139,OPTION,TDR0189,BOOK_D,2025-07-20
TXN0006871432,APP019,2025-08-17,settled,414653.71,CHF,EMEA,CP0360,OPTION,TDR0026,BOOK_B,2025-11-14
TXN0006125336,APP002,2025-01-18,settled,385564.49,JPY,EMEA,CP0480,SWAP,TDR0089,BOOK_A,2026-03-14
TXN0000402008,APP014,2025-10-25,settled,784816.88,GBP,APAC,CP0075,FUTURE,TDR0010,BOOK_C,2025-08-18
TXN0003738766,APP005,2025-03-27,settled,552153.97,JPY,LATAM,CP0328,FUTURE,TDR0117,BOOK_B,2025-12-16
TXN0003387361,APP005,2025-05-09,active,841834.51,EUR,EMEA,CP0147,SWAP,TDR0092,BOOK_C,2026-02-07
TXN0004484867,APP009,2025-07-19,settled,464032.48,AUD,EMEA,CP0229,FX,TDR0186,BOOK_B,2026-01-06
TXN0008162294,APP016,2026-02-05,settled,490590.82,CHF,AMER,CP0335,FX,TDR0133,BOOK_A,2026-04-12
TXN0001655015,APP015,2025-09-10,settled,4977.46,GBP,LATAM,CP0124,FUTURE,TDR0087,BOOK_A,2026-01-09
TXN0000199633,APP002,2025-03-30,pending,385238.62,AUD,LATAM,CP0258,FUTURE,TDR0092,BOOK_A,2025-08-29
TXN0003262523,APP010,2025-12-13,pending,722674.45,JPY,LATAM,CP0325,FUTURE,TDR0084,BOOK_D,2026-01-02
TXN0002864300,APP012,2025-03-02,failed,657463.4,EUR,AMER,CP0283,EQUITY,TDR0139,BOOK_D,2025-03-02
TXN0007249997,APP018,2025-02-24,reversed,963419.77,GBP,LATAM,CP0406,SWAP,TDR0058,BOOK_A,2025-08-08
TXN0007556101,APP001,2026-02-04,active,634909.0,USD,AMER,CP0300,SWAP,TDR0114,BOOK_B,2025-03-02
TXN0006047440,APP002,2025-04-04,pending,347602.85,AUD,APAC,CP0428,OPTION,TDR0173,BOOK_D,2025-07-31
TXN0006918791,APP016,2026-01-04,failed,905000.83,CHF,EMEA,CP0018,BOND,TDR0093,BOOK_D,2025-11-03
TXN0006563439,APP002,2025-03-11,reversed,73647.23,JPY,LATAM,CP0299,EQUITY,TDR0016,BOOK_B,2025-06-06
TXN0000231153,APP014,2025-09-02,pending,801899.79,GBP,LATAM,CP0421,FX,TDR0082,BOOK_D,2025-04-20
TXN0007415827,APP008,2025-06-11,failed,288415.42,USD,LATAM,CP0322,EQUITY,TDR0178,BOOK_D,2025-08-02
TXN0001390227,APP020,2025-02-03,active,24506.82,EUR,AMER,CP0382,EQUITY,TDR0060,BOOK_A,2025-06-29
TXN0006375034,APP002,2025-10-04,settled,638289.64,GBP,EMEA,CP0317,BOND,TDR0149,BOOK_B,2025-05-04
TXN0006152346,APP009,2025-12-04,settled,37273.76,USD,LATAM,CP0131,FUTURE,TDR0147,BOOK_D,2025-08-10
TXN0006181130,APP012,2025-07-10,reversed,186170.91,USD,LATAM,CP0280,EQUITY,TDR0183,BOOK_D,2025-10-14
TXN0002285985,APP020,2026-03-05,pending,789378.58,CHF,AMER,CP0410,FUTURE,TDR0075,BOOK_A,2025-05-27
TXN0008419831,APP010,2026-02-13,reversed,867969.64,GBP,LATAM,CP0145,FUTURE,TDR0183,BOOK_D,2025-04-17
TXN0001477661,APP010,2025-11-18,reversed,613663.31,AUD,EMEA,CP0119,SWAP,TDR0144,BOOK_D,2025-10-26
TXN0000547884,APP014,2025-05-03,pending,649313.16,AUD,AMER,CP0227,FUTURE,TDR0148,BOOK_C,2025-07-09
TXN0006929970,APP015,2025-07-07,reversed,231139.52,GBP,APAC,CP0365,EQUITY,TDR0071,BOOK_A,2026-01-18
TXN0007696849,APP012,2025-02-08,failed,921622.03,USD,LATAM,CP0290,SWAP,TDR0183,BOOK_D,2025-11-05
TXN0002260907,APP009,2025-12-05,pending,573364.14,USD,AMER,CP0064,EQUITY,TDR0144,BOOK_A,2025-02-11
TXN0001416483,APP005,2026-03-14,settled,705599.99,GBP,APAC,CP0219,SWAP,TDR0024,BOOK_A,2025-05-13
TXN0005060883,APP016,2025-01-30,reversed,742830.31,USD,LATAM,CP0193,OPTION,TDR0048,BOOK_B,2025-01-15
TXN0005737292,APP002,2025-03-12,active,127001.84,EUR,EMEA,CP0388,OPTION,TDR0023,BOOK_D,2025-07-05
TXN0001091077,APP012,2026-02-06,pending,926352.56,JPY,AMER,CP0367,EQUITY,TDR0017,BOOK_A,2025-08-18
TXN0008922769,APP011,2025-06-25,settled,792798.47,AUD,EMEA,CP0255,EQUITY,TDR0088,BOOK_D,2025-07-15
TXN0000829551,APP006,2025-03-14,failed,109412.45,JPY,EMEA,CP0303,OPTION,TDR0106,BOOK_C,2026-01-16
TXN0003187834,APP005,2025-04-04,reversed,906385.81,CHF,EMEA,CP0446,SWAP,TDR0103,BOOK_C,2025-03-05
TXN0007329499,APP019,2025-10-13,reversed,285735.69,GBP,LATAM,CP0004,EQUITY,TDR0091,BOOK_C,2025-04-06
TXN0008900840,APP013,2026-03-11,pending,55023.51,AUD,AMER,CP0369,EQUITY,TDR0177,BOOK_A,2025-01-13
TXN0007309566,APP017,2025-01-21,failed,848773.76,EUR,LATAM,CP0095,FX,TDR0200,BOOK_C,2025-07-01
TXN0009710824,APP020,2026-04-14,active,774991.14,USD,APAC,CP0428,BOND,TDR0118,BOOK_A,2025-02-15
TXN0001257404,APP016,2025-02-19,settled,811044.24,CHF,LATAM,CP0185,EQUITY,TDR0197,BOOK_C,2025-12-05
TXN0002387663,APP020,2026-02-14,pending,985377.47,CHF,AMER,CP0315,BOND,TDR0008,BOOK_B,2025-01-30
TXN0002989982,APP002,2025-06-03,pending,185156.22,AUD,LATAM,CP0407,FX,TDR0134,BOOK_A,2026-03-20
TXN0001047587,APP005,2025-08-03,settled,230090.53,USD,APAC,CP0233,FUTURE,TDR0008,BOOK_D,2025-04-24
TXN0005761966,APP020,2025-07-15,pending,627236.77,CHF,EMEA,CP0385,FX,TDR0157,BOOK_A,2026-03-24
TXN0004039284,APP010,2025-05-22,failed,380646.37,GBP,EMEA,CP0219,FX,TDR0160,BOOK_C,2025-02-17
TXN0001322435,APP020,2025-01-25,reversed,391167.55,AUD,AMER,CP0039,FX,TDR0179,BOOK_D,2026-02-17
TXN0000523271,APP002,2025-06-28,failed,670086.79,CHF,EMEA,CP0247,EQUITY,TDR0101,BOOK_D,2026-02-10
TXN0002188023,APP019,2025-08-18,active,568176.21,USD,APAC,CP0223,BOND,TDR0180,BOOK_A,2026-01-27
TXN0001931740,APP017,2026-03-01,settled,358238.26,CHF,AMER,CP0059,BOND,TDR0126,BOOK_D,2025-07-01
TXN0005500278,APP016,2025-01-13,pending,518903.85,CHF,APAC,CP0080,FUTURE,TDR0134,BOOK_D,2025-12-29
TXN0005807018,APP007,2026-04-07,settled,412998.17,GBP,APAC,CP0410,BOND,TDR0199,BOOK_D,2025-08-03
TXN0000734806,APP011,2025-08-26,active,389807.95,EUR,LATAM,CP0130,FUTURE,TDR0021,BOOK_B,2025-01-02
TXN0009590770,APP020,2025-05-03,settled,569516.15,CHF,EMEA,CP0404,FUTURE,TDR0069,BOOK_D,2025-03-04
TXN0003617283,APP014,2025-07-18,active,325574.41,JPY,APAC,CP0476,OPTION,TDR0049,BOOK_A,2026-01-26
TXN0001379049,APP007,2025-09-12,reversed,326224.93,CHF,EMEA,CP0041,FUTURE,TDR0139,BOOK_B,2026-04-14
TXN0009646127,APP010,2025-08-08,reversed,621114.52,GBP,LATAM,CP0318,BOND,TDR0053,BOOK_B,2025-03-12
TXN0000231390,APP002,2025-04-21,pending,135173.81,AUD,APAC,CP0373,FX,TDR0182,BOOK_A,2025-07-05
TXN0002159581,APP012,2025-10-15,failed,580156.76,AUD,EMEA,CP0275,EQUITY,TDR0015,BOOK_A,2025-02-23
TXN0005498719,APP017,2025-07-08,settled,941785.8,EUR,APAC,CP0164,OPTION,TDR0106,BOOK_A,2025-12-01
TXN0003453235,APP002,2026-03-22,settled,326710.3,JPY,AMER,CP0337,FX,TDR0126,BOOK_D,2025-02-03
TXN0004993739,APP010,2026-03-30,failed,29363.87,JPY,EMEA,CP0415,BOND,TDR0128,BOOK_B,2025-09-17
TXN0005998249,APP015,2025-06-25,reversed,782733.59,JPY,APAC,CP0031,FUTURE,TDR0008,BOOK_D,2026-03-16
TXN0009915514,APP001,2025-03-29,failed,600026.34,CHF,LATAM,CP0016,FX,TDR0090,BOOK_A,2025-07-28
TXN0003458302,APP016,2026-02-14,pending,195626.77,GBP,EMEA,CP0481,OPTION,TDR0153,BOOK_B,2025-05-10
TXN0001195068,APP013,2025-12-08,failed,67173.98,USD,APAC,CP0015,EQUITY,TDR0087,BOOK_C,2026-03-21
TXN0007227096,APP015,2026-01-13,active,924859.45,GBP,APAC,CP0060,BOND,TDR0040,BOOK_C,2025-03-19
TXN0005683868,APP003,2025-01-18,reversed,300394.32,CHF,EMEA,CP0430,OPTION,TDR0160,BOOK_C,2025-01-16
TXN0001324266,APP011,2025-10-03,pending,780813.04,CHF,LATAM,CP0327,SWAP,TDR0021,BOOK_A,2025-08-15
TXN0008093736,APP016,2025-11-03,failed,178862.23,GBP,APAC,CP0141,OPTION,TDR0051,BOOK_C,2025-04-14
TXN0005579623,APP011,2025-08-23,failed,569532.66,EUR,AMER,CP0442,FX,TDR0181,BOOK_A,2026-02-14
TXN0008201529,APP002,2026-03-20,pending,255113.35,USD,AMER,CP0365,BOND,TDR0158,BOOK_A,2026-03-03
TXN0006640535,APP003,2025-06-09,pending,957106.55,GBP,EMEA,CP0225,BOND,TDR0001,BOOK_A,2026-04-03
TXN0007923530,APP004,2025-05-01,active,293109.27,EUR,LATAM,CP0062,FX,TDR0184,BOOK_C,2025-09-13
TXN0009982173,APP005,2025-10-05,reversed,213259.72,GBP,EMEA,CP0334,SWAP,TDR0093,BOOK_D,2025-01-27
TXN0009784180,APP020,2025-01-25,reversed,157488.91,AUD,AMER,CP0276,EQUITY,TDR0172,BOOK_B,2025-05-13
TXN0002851122,APP020,2025-02-13,settled,686715.36,CHF,APAC,CP0471,SWAP,TDR0031,BOOK_B,2025-05-09
TXN0007999017,APP012,2025-05-06,active,70468.46,USD,AMER,CP0032,OPTION,TDR0065,BOOK_C,2026-01-20
TXN0009175620,APP015,2025-02-22,reversed,659646.55,CHF,LATAM,CP0424,OPTION,TDR0134,BOOK_A,2026-03-01
TXN0005043709,APP011,2025-11-12,active,762608.68,AUD,LATAM,CP0479,BOND,TDR0112,BOOK_D,2026-02-09
TXN0007246477,APP012,2025-01-07,failed,299931.85,CHF,APAC,CP0153,SWAP,TDR0198,BOOK_C,2025-05-28
TXN0006200119,APP001,2025-05-06,pending,239354.57,CHF,LATAM,CP0104,FUTURE,TDR0013,BOOK_D,2025-03-18
TXN0004198393,APP005,2025-05-12,pending,578857.52,CHF,LATAM,CP0149,EQUITY,TDR0070,BOOK_C,2026-02-22
TXN0007878769,APP009,2025-08-31,active,593894.18,JPY,APAC,CP0322,FX,TDR0156,BOOK_A,2025-08-29
TXN0003473618,APP006,2025-12-22,active,15807.25,AUD,AMER,CP0433,SWAP,TDR0046,BOOK_B,2025-09-19
TXN0009597042,APP020,2025-07-02,reversed,746886.08,AUD,LATAM,CP0441,BOND,TDR0041,BOOK_A,2025-04-19
TXN0001283413,APP002,2025-03-18,settled,248211.8,USD,LATAM,CP0278,EQUITY,TDR0067,BOOK_A,2026-03-07
TXN0001188527,APP020,2026-04-09,failed,941794.98,EUR,APAC,CP0469,FUTURE,TDR0047,BOOK_A,2025-04-23
TXN0008553951,APP004,2026-01-25,pending,852857.76,GBP,LATAM,CP0046,OPTION,TDR0073,BOOK_A,2025-11-10
TXN0008286619,APP008,2025-05-06,failed,805436.15,JPY,APAC,CP0486,BOND,TDR0193,BOOK_C,2025-01-01
TXN0002173271,APP010,2025-04-07,failed,736138.9,AUD,EMEA,CP0224,OPTION,TDR0090,BOOK_D,2025-11-10
TXN0005668733,APP011,2025-07-15,failed,598229.04,CHF,LATAM,CP0038,FX,TDR0042,BOOK_A,2025-11-15
TXN0002670464,APP004,2025-07-16,pending,198532.75,JPY,AMER,CP0162,BOND,TDR0191,BOOK_D,2025-11-23
TXN0004663714,APP001,2026-03-14,reversed,574580.48,CHF,LATAM,CP0175,FX,TDR0165,BOOK_B,2025-12-01
TXN0006165214,APP004,2025-01-19,reversed,161934.24,EUR,APAC,CP0099,BOND,TDR0105,BOOK_D,2025-08-15
TXN0004938600,APP015,2025-12-08,active,185026.63,USD,AMER,CP0483,BOND,TDR0159,BOOK_D,2025-05-01
TXN0000901619,APP005,2025-07-27,failed,578668.99,EUR,AMER,CP0411,BOND,TDR0183,BOOK_C,2026-01-25
TXN0006000188,APP012,2025-10-22,pending,999648.34,CHF,AMER,CP0011,SWAP,TDR0160,BOOK_D,2026-02-07
TXN0006282779,APP010,2025-06-11,pending,103639.72,GBP,EMEA,CP0304,SWAP,TDR0119,BOOK_A,2025-05-20
TXN0003747474,APP014,2025-10-06,failed,216444.17,GBP,AMER,CP0490,OPTION,TDR0102,BOOK_C,2025-10-11
TXN0002468436,APP002,2025-07-08,settled,92212.04,JPY,APAC,CP0194,BOND,TDR0182,BOOK_B,2025-04-12
TXN0004255532,APP012,2025-12-08,failed,644781.1,CHF,LATAM,CP0027,FX,TDR0014,BOOK_D,2026-01-20
TXN0000046306,APP010,2025-03-13,failed,912608.22,USD,AMER,CP0167,FX,TDR0108,BOOK_D,2026-01-12
TXN0006690536,APP006,2025-06-06,pending,767663.9,EUR,EMEA,CP0298,EQUITY,TDR0051,BOOK_B,2025-07-09
TXN0004174842,APP012,2025-04-27,pending,352903.45,JPY,APAC,CP0039,FUTURE,TDR0069,BOOK_D,2025-01-15
TXN0009818253,APP001,2025-09-23,active,866813.96,EUR,EMEA,CP0109,SWAP,TDR0137,BOOK_C,2025-09-09
TXN0003032825,APP010,2025-07-08,failed,727654.76,GBP,AMER,CP0286,FUTURE,TDR0104,BOOK_A,2025-09-29
TXN0003790902,APP003,2025-06-18,reversed,798462.4,GBP,EMEA,CP0428,FUTURE,TDR0167,BOOK_A,2025-10-17
TXN0005925841,APP013,2026-03-06,pending,883177.88,JPY,EMEA,CP0476,SWAP,TDR0165,BOOK_A,2025-07-10
TXN0007961683,APP012,2025-10-30,pending,474777.73,EUR,EMEA,CP0046,FUTURE,TDR0047,BOOK_D,2026-02-22
TXN0008224178,APP001,2026-02-23,failed,4495.24,AUD,AMER,CP0263,FUTURE,TDR0105,BOOK_A,2025-07-22
TXN0005230292,APP003,2025-09-16,active,147395.67,USD,LATAM,CP0281,BOND,TDR0174,BOOK_C,2025-03-02
TXN0002555028,APP019,2025-11-06,settled,413553.63,USD,EMEA,CP0167,OPTION,TDR0005,BOOK_C,2025-07-28
TXN0006329958,APP013,2025-06-11,active,219511.07,EUR,LATAM,CP0058,FX,TDR0081,BOOK_C,2025-10-01
TXN0001915917,APP019,2025-07-12,reversed,541034.44,GBP,EMEA,CP0328,BOND,TDR0193,BOOK_D,2025-01-30
TXN0005053683,APP020,2025-07-11,active,179172.14,JPY,LATAM,CP0191,SWAP,TDR0005,BOOK_B,2025-11-22
TXN0009434444,APP002,2025-11-15,pending,370185.18,EUR,APAC,CP0468,SWAP,TDR0154,BOOK_B,2025-05-22
TXN0002251979,APP006,2025-02-23,settled,532336.92,JPY,APAC,CP0089,EQUITY,TDR0059,BOOK_C,2025-08-16
TXN0006343829,APP012,2026-01-28,failed,954895.49,CHF,EMEA,CP0155,OPTION,TDR0127,BOOK_C,2026-03-13
TXN0003350321,APP004,2025-08-17,active,347802.4,GBP,LATAM,CP0283,FUTURE,TDR0167,BOOK_D,2025-12-21
TXN0005165199,APP014,2025-08-24,pending,381171.48,AUD,LATAM,CP0249,FUTURE,TDR0169,BOOK_D,2025-04-02
TXN0000102582,APP001,2025-12-21,pending,374082.63,EUR,APAC,CP0439,FUTURE,TDR0001,BOOK_D,2025-12-04
TXN0004262136,APP001,2025-06-30,failed,88675.2,GBP,AMER,CP0450,EQUITY,TDR0062,BOOK_D,2025-01-28
TXN0005711109,APP016,2026-01-01,active,764576.12,JPY,LATAM,CP0349,FX,TDR0123,BOOK_B,2025-05-01
TXN0007869811,APP009,2025-06-10,active,619354.27,AUD,APAC,CP0180,BOND,TDR0068,BOOK_D,2026-01-12
TXN0002782942,APP018,2026-01-26,failed,405247.26,GBP,AMER,CP0369,FUTURE,TDR0002,BOOK_B,2025-12-18
TXN0000479024,APP010,2026-01-26,failed,302478.63,EUR,AMER,CP0026,FX,TDR0131,BOOK_A,2025-02-11
TXN0002452698,APP016,2025-05-24,failed,59253.71,USD,EMEA,CP0087,FX,TDR0036,BOOK_C,2025-02-01
TXN0007802435,APP011,2025-06-26,settled,474633.4,JPY,LATAM,CP0382,FUTURE,TDR0086,BOOK_C,2025-04-25
TXN0002699463,APP006,2025-04-18,pending,318248.91,EUR,LATAM,CP0409,FX,TDR0184,BOOK_A,2025-08-13
TXN0004130381,APP014,2025-05-28,reversed,624861.45,GBP,AMER,CP0183,SWAP,TDR0015,BOOK_C,2025-02-11
TXN0003382132,APP010,2025-06-05,reversed,546924.93,CHF,EMEA,CP0287,SWAP,TDR0197,BOOK_B,2025-02-26
TXN0005325460,APP009,2025-06-11,reversed,753721.47,AUD,LATAM,CP0251,SWAP,TDR0183,BOOK_A,2025-10-11
TXN0005170120,APP004,2025-08-23,pending,676317.28,GBP,EMEA,CP0404,FX,TDR0098,BOOK_A,2026-01-04
TXN0000167551,APP009,2025-04-27,pending,872598.88,GBP,EMEA,CP0331,FX,TDR0076,BOOK_C,2025-01-07
TXN0007896485,APP020,2026-04-11,settled,895783.85,AUD,APAC,CP0420,OPTION,TDR0105,BOOK_A,2025-06-20
TXN0002724412,APP004,2026-01-23,pending,965585.98,EUR,EMEA,CP0259,EQUITY,TDR0075,BOOK_A,2025-12-02
TXN0006132796,APP002,2025-06-15,reversed,742774.87,USD,AMER,CP0311,EQUITY,TDR0170,BOOK_A,2025-11-05
TXN0005030588,APP010,2025-08-16,active,430120.74,GBP,EMEA,CP0395,OPTION,TDR0168,BOOK_D,2025-09-03
TXN0005993622,APP005,2025-02-01,settled,423022.74,CHF,LATAM,CP0263,SWAP,TDR0151,BOOK_C,2025-10-31
TXN0000313120,APP010,2025-05-26,active,458017.0,USD,AMER,CP0206,EQUITY,TDR0053,BOOK_B,2025-07-20
TXN0002800904,APP006,2025-01-26,active,162479.07,USD,LATAM,CP0086,SWAP,TDR0111,BOOK_C,2026-02-12
TXN0001532802,APP001,2025-08-05,reversed,966609.17,USD,APAC,CP0402,BOND,TDR0109,BOOK_D,2025-12-29
TXN0007305670,APP017,2025-07-08,reversed,348518.16,EUR,AMER,CP0335,EQUITY,TDR0105,BOOK_A,2025-01-27
TXN0008173867,APP008,2026-04-03,pending,898164.17,JPY,AMER,CP0239,BOND,TDR0180,BOOK_B,2025-09-07
TXN0006345774,APP017,2026-02-14,active,107557.25,CHF,APAC,CP0271,FUTURE,TDR0187,BOOK_A,2025-10-25
TXN0003223982,APP013,2025-04-17,active,540639.61,CHF,AMER,CP0097,FUTURE,TDR0130,BOOK_D,2026-02-18
TXN0000286638,APP013,2026-02-18,failed,269170.25,CHF,EMEA,CP0255,FX,TDR0120,BOOK_A,2025-12-25
TXN0004937525,APP013,2025-11-13,settled,42633.96,AUD,EMEA,CP0186,EQUITY,TDR0048,BOOK_C,2025-03-26
TXN0006909297,APP006,2025-12-30,reversed,980527.45,GBP,EMEA,CP0347,FUTURE,TDR0061,BOOK_C,2025-09-26
TXN0002523531,APP004,2025-12-15,reversed,206783.64,USD,EMEA,CP0260,OPTION,TDR0097,BOOK_A,2025-05-04
TXN0002045810,APP004,2026-01-13,active,336393.89,EUR,AMER,CP0052,BOND,TDR0011,BOOK_A,2025-12-27
TXN0007497028,APP014,2025-10-29,failed,741658.82,EUR,AMER,CP0201,FX,TDR0019,BOOK_B,2025-07-28
TXN0003461269,APP008,2026-03-31,pending,911837.95,USD,AMER,CP0395,SWAP,TDR0005,BOOK_B,2025-05-10
TXN0009633088,APP008,2025-06-06,settled,183060.52,JPY,LATAM,CP0014,FUTURE,TDR0154,BOOK_B,2025-01-30
TXN0000785313,APP002,2025-03-05,failed,20238.76,JPY,EMEA,CP0201,BOND,TDR0001,BOOK_A,2025-04-26
TXN0009284149,APP014,2025-03-28,reversed,55428.88,AUD,LATAM,CP0220,EQUITY,TDR0153,BOOK_C,2025-10-15
TXN0007936039,APP001,2025-04-12,reversed,952659.88,JPY,AMER,CP0003,BOND,TDR0012,BOOK_C,2025-09-08
TXN0006749511,APP014,2026-01-03,settled,972860.4,USD,LATAM,CP0161,EQUITY,TDR0056,BOOK_A,2025-01-15
TXN0004885732,APP015,2026-03-10,pending,956051.64,AUD,LATAM,CP0104,FX,TDR0088,BOOK_D,2025-08-05
TXN0005719810,APP011,2025-12-22,active,608336.07,GBP,LATAM,CP0367,OPTION,TDR0033,BOOK_B,2025-03-27
TXN0006815493,APP010,2025-10-27,reversed,779314.22,USD,AMER,CP0278,OPTION,TDR0128,BOOK_A,2026-04-01
TXN0006641949,APP006,2026-02-23,failed,998731.89,CHF,AMER,CP0470,BOND,TDR0109,BOOK_A,2025-11-26
TXN0008480993,APP009,2026-02-17,failed,188995.85,GBP,EMEA,CP0340,OPTION,TDR0158,BOOK_B,2025-11-10
TXN0000663310,APP018,2025-02-21,active,796145.47,GBP,EMEA,CP0249,SWAP,TDR0053,BOOK_D,2025-11-19
TXN0002393318,APP017,2025-03-08,failed,361098.23,CHF,AMER,CP0126,OPTION,TDR0129,BOOK_C,2026-02-11
TXN0005702054,APP015,2025-05-15,failed,562706.62,USD,APAC,CP0051,FUTURE,TDR0089,BOOK_C,2025-06-16
TXN0009119206,APP014,2025-11-11,failed,901360.66,EUR,EMEA,CP0073,SWAP,TDR0174,BOOK_C,2025-01-31
TXN0003847399,APP004,2025-07-31,reversed,850721.66,GBP,LATAM,CP0312,SWAP,TDR0141,BOOK_A,2025-12-30
TXN0000433505,APP020,2025-10-17,settled,491616.53,EUR,EMEA,CP0180,EQUITY,TDR0099,BOOK_A,2025-12-08
TXN0003915105,APP014,2025-02-26,failed,107242.05,CHF,AMER,CP0211,EQUITY,TDR0069,BOOK_A,2025-06-12
TXN0002151035,APP020,2025-04-10,active,669799.92,USD,AMER,CP0135,SWAP,TDR0114,BOOK_A,2025-09-27
TXN0005879792,APP015,2025-09-24,reversed,467566.8,CHF,APAC,CP0477,EQUITY,TDR0110,BOOK_C,2025-12-14
TXN0006671310,APP007,2025-07-18,pending,991619.42,USD,APAC,CP0320,FUTURE,TDR0085,BOOK_C,2025-08-09
TXN0005000154,APP018,2025-04-30,settled,154120.16,EUR,APAC,CP0008,FX,TDR0019,BOOK_A,2025-04-13
TXN0005177637,APP002,2025-06-18,active,185473.12,CHF,APAC,CP0100,OPTION,TDR0177,BOOK_A,2025-11-04
TXN0000485695,APP016,2025-01-14,failed,939908.01,EUR,AMER,CP0320,FX,TDR0090,BOOK_A,2025-12-09
TXN0009366641,APP009,2025-08-13,failed,247950.02,AUD,EMEA,CP0248,BOND,TDR0072,BOOK_B,2025-11-23
TXN0007905573,APP018,2026-02-17,settled,632224.19,CHF,APAC,CP0224,OPTION,TDR0022,BOOK_C,2025-04-08
TXN0003184005,APP016,2025-02-01,failed,648919.92,CHF,EMEA,CP0317,FX,TDR0044,BOOK_B,2025-02-27
TXN0008861262,APP016,2025-11-10,pending,223740.54,USD,LATAM,CP0067,EQUITY,TDR0188,BOOK_A,2025-12-19
TXN0003939337,APP012,2026-04-03,active,752381.36,AUD,APAC,CP0456,FX,TDR0114,BOOK_C,2026-01-20
TXN0007004037,APP009,2025-07-18,pending,327159.17,USD,LATAM,CP0144,EQUITY,TDR0163,BOOK_D,2025-07-27
TXN0009160479,APP004,2025-02-11,pending,106822.07,CHF,EMEA,CP0314,BOND,TDR0153,BOOK_C,2025-03-04
TXN0001063879,APP011,2025-04-25,failed,379984.31,USD,EMEA,CP0188,FUTURE,TDR0035,BOOK_D,2025-06-13
TXN0004961309,APP012,2026-04-01,failed,546349.07,JPY,APAC,CP0152,OPTION,TDR0065,BOOK_B,2025-06-11
TXN0009130570,APP002,2025-03-17,active,16379.92,EUR,EMEA,CP0352,BOND,TDR0165,BOOK_A,2025-11-17
TXN0007431006,APP001,2025-04-07,failed,523548.67,EUR,AMER,CP0406,SWAP,TDR0002,BOOK_A,2025-12-10
TXN0003024022,APP002,2025-05-15,failed,133745.21,USD,APAC,CP0256,FX,TDR0104,BOOK_D,2025-03-15
TXN0005236048,APP008,2025-08-14,pending,289448.66,USD,AMER,CP0389,OPTION,TDR0003,BOOK_A,2026-03-07
TXN0007513141,APP013,2025-10-12,reversed,217688.85,USD,APAC,CP0206,SWAP,TDR0008,BOOK_C,2025-02-21
TXN0000338445,APP008,2025-07-08,active,199367.09,CHF,LATAM,CP0453,OPTION,TDR0069,BOOK_C,2026-03-02
TXN0007415559,APP013,2025-04-18,reversed,878989.36,JPY,APAC,CP0188,OPTION,TDR0041,BOOK_D,2026-02-18
TXN0002020636,APP007,2025-12-10,failed,611647.43,CHF,APAC,CP0393,FUTURE,TDR0196,BOOK_C,2025-04-14
TXN0003893749,APP001,2025-02-09,active,570142.79,USD,AMER,CP0168,EQUITY,TDR0087,BOOK_D,2025-09-14
TXN0000842427,APP010,2025-08-23,active,694317.2,EUR,AMER,CP0021,OPTION,TDR0089,BOOK_D,2025-02-27
TXN0009751809,APP018,2025-09-05,reversed,569169.66,JPY,EMEA,CP0287,FX,TDR0117,BOOK_A,2025-04-28
TXN0007769636,APP016,2026-04-08,active,412983.43,EUR,LATAM,CP0360,OPTION,TDR0010,BOOK_B,2025-08-17
TXN0004330988,APP009,2025-09-05,settled,51584.38,USD,APAC,CP0301,OPTION,TDR0172,BOOK_B,2025-04-03
TXN0009576843,APP020,2025-11-26,failed,782517.03,GBP,LATAM,CP0494,OPTION,TDR0192,BOOK_C,2025-07-09
TXN0000876044,APP009,2026-03-20,failed,131836.11,GBP,APAC,CP0041,FX,TDR0066,BOOK_D,2025-07-16
TXN0003092556,APP010,2025-03-24,reversed,644578.9,JPY,LATAM,CP0419,SWAP,TDR0180,BOOK_C,2025-02-22
TXN0006212180,APP009,2025-12-26,settled,418920.17,USD,AMER,CP0047,SWAP,TDR0093,BOOK_B,2026-03-03
TXN0001523972,APP009,2026-01-14,failed,182234.43,CHF,AMER,CP0383,FUTURE,TDR0021,BOOK_A,2025-09-13
TXN0004500674,APP010,2025-03-17,pending,411138.99,AUD,AMER,CP0270,FUTURE,TDR0076,BOOK_B,2025-08-09
TXN0002274975,APP020,2025-03-20,pending,835818.72,USD,APAC,CP0059,FX,TDR0143,BOOK_B,2025-05-30
TXN0002919628,APP018,2025-08-07,active,969754.94,EUR,APAC,CP0277,SWAP,TDR0003,BOOK_C,2025-08-14
TXN0004644233,APP018,2025-05-13,reversed,415112.42,CHF,EMEA,CP0150,EQUITY,TDR0121,BOOK_A,2025-02-05
TXN0001842115,APP002,2025-12-13,reversed,627194.99,JPY,APAC,CP0438,OPTION,TDR0078,BOOK_A,2025-02-22
TXN0008975732,APP006,2025-09-30,failed,528108.25,AUD,APAC,CP0185,EQUITY,TDR0114,BOOK_D,2026-02-04
TXN0002988506,APP004,2025-11-05,active,503236.29,JPY,APAC,CP0385,FX,TDR0159,BOOK_C,2025-01-28
TXN0000701733,APP005,2025-01-04,pending,402664.26,JPY,EMEA,CP0187,EQUITY,TDR0021,BOOK_D,2025-12-10
TXN0008381427,APP005,2026-03-23,pending,215180.35,EUR,AMER,CP0051,EQUITY,TDR0166,BOOK_D,2025-04-22
TXN0006550530,APP005,2025-07-22,settled,701909.69,EUR,AMER,CP0057,BOND,TDR0133,BOOK_A,2025-08-31
TXN0003677183,APP015,2025-10-23,pending,675654.55,AUD,LATAM,CP0380,OPTION,TDR0096,BOOK_A,2025-07-08
TXN0004103736,APP002,2025-10-12,active,516953.18,AUD,EMEA,CP0021,FX,TDR0087,BOOK_C,2026-02-04
TXN0008054215,APP005,2025-11-17,settled,218466.76,AUD,LATAM,CP0425,OPTION,TDR0179,BOOK_B,2025-02-02
TXN0004118294,APP013,2026-01-07,failed,322856.72,JPY,EMEA,CP0186,EQUITY,TDR0066,BOOK_D,2025-03-31
TXN0000153080,APP006,2025-02-25,settled,937889.39,GBP,LATAM,CP0212,FX,TDR0074,BOOK_C,2025-07-17
TXN0009546115,APP014,2025-02-02,reversed,70029.09,EUR,LATAM,CP0466,FX,TDR0186,BOOK_A,2025-01-30
TXN0002055759,APP020,2025-01-05,reversed,852412.75,EUR,APAC,CP0286,EQUITY,TDR0008,BOOK_B,2026-02-25
TXN0003917691,APP001,2026-03-15,failed,2243.58,AUD,EMEA,CP0481,OPTION,TDR0177,BOOK_D,2025-04-15
TXN0004641116,APP015,2025-05-06,settled,214466.34,GBP,LATAM,CP0409,SWAP,TDR0035,BOOK_B,2025-05-09
TXN0001579466,APP011,2025-12-14,pending,326481.15,USD,AMER,CP0391,EQUITY,TDR0047,BOOK_A,2025-05-03
TXN0007135019,APP004,2025-12-20,failed,614879.06,JPY,EMEA,CP0060,EQUITY,TDR0187,BOOK_A,2025-03-10
TXN0003162467,APP012,2025-10-08,settled,471635.3,GBP,AMER,CP0173,OPTION,TDR0162,BOOK_A,2025-05-28
TXN0003249890,APP013,2025-10-26,failed,259913.15,GBP,AMER,CP0237,OPTION,TDR0032,BOOK_A,2025-05-02
TXN0005525267,APP020,2025-08-30,reversed,933053.62,CHF,LATAM,CP0320,EQUITY,TDR0180,BOOK_A,2026-03-19
TXN0003993089,APP004,2025-04-23,active,696968.92,CHF,AMER,CP0362,OPTION,TDR0082,BOOK_A,2025-10-15
TXN0002447823,APP001,2026-01-25,active,607283.86,EUR,EMEA,CP0192,BOND,TDR0137,BOOK_B,2025-06-12
TXN0009748140,APP009,2025-06-07,pending,54682.8,USD,APAC,CP0318,FUTURE,TDR0097,BOOK_C,2025-12-14
TXN0008760645,APP009,2025-08-18,settled,863758.89,EUR,LATAM,CP0070,FUTURE,TDR0124,BOOK_B,2025-08-17
TXN0009294584,APP014,2025-12-15,pending,753421.64,AUD,APAC,CP0286,FUTURE,TDR0098,BOOK_C,2025-08-15
TXN0004438476,APP019,2025-06-27,pending,442358.68,USD,EMEA,CP0229,OPTION,TDR0092,BOOK_A,2026-03-28
TXN0008292506,APP015,2025-03-08,reversed,589500.08,AUD,APAC,CP0441,EQUITY,TDR0131,BOOK_A,2026-01-23
TXN0004175893,APP010,2026-01-08,pending,568098.11,USD,AMER,CP0079,EQUITY,TDR0025,BOOK_B,2025-12-18
TXN0007421266,APP007,2025-04-18,pending,895577.44,CHF,APAC,CP0194,FX,TDR0187,BOOK_B,2025-04-11
TXN0001342176,APP008,2025-03-27,active,396407.66,JPY,LATAM,CP0396,SWAP,TDR0180,BOOK_C,2025-05-12
TXN0006197400,APP004,2025-03-07,active,257479.01,USD,LATAM,CP0068,FX,TDR0047,BOOK_B,2026-02-27
TXN0000484724,APP003,2025-01-17,settled,591532.15,CHF,LATAM,CP0388,OPTION,TDR0046,BOOK_A,2025-08-03
TXN0005487476,APP002,2025-08-19,reversed,87038.31,GBP,APAC,CP0202,FUTURE,TDR0196,BOOK_D,2026-02-25
TXN0007964830,APP008,2025-03-29,active,408750.45,GBP,AMER,CP0113,FUTURE,TDR0048,BOOK_A,2025-02-14
TXN0005445754,APP001,2026-02-24,pending,696029.15,GBP,LATAM,CP0181,SWAP,TDR0015,BOOK_C,2025-12-28
TXN0007854896,APP005,2026-01-03,failed,679151.94,GBP,LATAM,CP0466,FX,TDR0041,BOOK_A,2025-03-02
TXN0007742158,APP003,2025-12-12,failed,314251.18,JPY,EMEA,CP0124,SWAP,TDR0083,BOOK_A,2025-08-09
TXN0006153223,APP017,2025-04-21,pending,162348.67,JPY,EMEA,CP0126,FX,TDR0028,BOOK_D,2026-01-31
TXN0001571646,APP008,2025-12-14,active,333952.7,GBP,AMER,CP0446,OPTION,TDR0091,BOOK_A,2025-12-15
TXN0008374434,APP014,2025-01-21,settled,415783.55,AUD,EMEA,CP0202,SWAP,TDR0128,BOOK_A,2025-07-27
TXN0001642579,APP004,2026-02-11,pending,110680.16,USD,AMER,CP0108,EQUITY,TDR0189,BOOK_B,2025-02-14
TXN0004339817,APP001,2025-11-26,failed,637462.82,AUD,LATAM,CP0281,SWAP,TDR0013,BOOK_C,2026-02-15
TXN0008526277,APP004,2026-02-04,active,436238.71,JPY,AMER,CP0052,SWAP,TDR0196,BOOK_C,2025-11-08
TXN0004200704,APP012,2025-07-20,active,149804.46,AUD,EMEA,CP0286,BOND,TDR0112,BOOK_A,2025-06-10
TXN0001668598,APP017,2025-03-14,reversed,141827.33,AUD,LATAM,CP0386,SWAP,TDR0111,BOOK_A,2025-08-23
TXN0003593734,APP001,2025-09-11,pending,25474.37,JPY,AMER,CP0477,BOND,TDR0002,BOOK_D,2025-10-24
TXN0005173240,APP001,2025-09-05,failed,465118.7,CHF,LATAM,CP0111,FUTURE,TDR0125,BOOK_B,2025-10-28
TXN0007493169,APP005,2025-07-17,reversed,186034.4,CHF,APAC,CP0122,OPTION,TDR0153,BOOK_D,2025-09-01
TXN0006149919,APP015,2026-04-05,active,975262.03,CHF,EMEA,CP0221,FUTURE,TDR0058,BOOK_A,2026-02-23
TXN0004441664,APP018,2025-06-18,settled,332908.31,AUD,APAC,CP0180,FUTURE,TDR0180,BOOK_C,2025-07-16
TXN0000448662,APP006,2025-06-17,reversed,971369.06,AUD,APAC,CP0038,BOND,TDR0131,BOOK_A,2025-01-02
TXN0002890097,APP006,2025-07-04,settled,678949.39,EUR,APAC,CP0321,SWAP,TDR0097,BOOK_C,2026-01-07
TXN0004545355,APP019,2025-11-27,failed,155486.2,CHF,EMEA,CP0227,OPTION,TDR0173,BOOK_C,2025-09-20
TXN0007413910,APP016,2026-01-25,failed,978677.79,CHF,LATAM,CP0472,BOND,TDR0167,BOOK_C,2026-02-17
TXN0002262200,APP013,2025-03-10,settled,770144.32,CHF,AMER,CP0162,SWAP,TDR0041,BOOK_C,2026-03-26
TXN0002764714,APP019,2026-03-24,settled,33127.76,CHF,APAC,CP0240,SWAP,TDR0114,BOOK_A,2025-05-10
TXN0000258549,APP018,2025-07-24,reversed,886366.87,GBP,LATAM,CP0453,FUTURE,TDR0158,BOOK_B,2026-04-05
TXN0000358734,APP016,2025-05-25,pending,934785.32,CHF,AMER,CP0185,BOND,TDR0016,BOOK_B,2025-09-15
TXN0008260847,APP002,2025-04-23,reversed,10765.92,CHF,EMEA,CP0477,FX,TDR0132,BOOK_D,2025-12-15
TXN0001812457,APP011,2025-01-17,settled,825665.86,JPY,APAC,CP0145,BOND,TDR0035,BOOK_B,2025-10-22
TXN0008406378,APP013,2025-02-03,active,147199.79,EUR,APAC,CP0291,EQUITY,TDR0005,BOOK_D,2025-01-13
TXN0002680624,APP003,2025-12-26,settled,188379.82,EUR,AMER,CP0064,BOND,TDR0088,BOOK_B,2025-10-23
TXN0002295892,APP010,2025-03-13,active,292467.47,CHF,APAC,CP0135,FX,TDR0088,BOOK_A,2025-07-19
TXN0002185149,APP019,2025-07-02,reversed,210349.77,USD,AMER,CP0389,BOND,TDR0159,BOOK_B,2025-09-05
TXN0006442570,APP018,2025-03-30,settled,268127.02,AUD,APAC,CP0068,OPTION,TDR0043,BOOK_B,2026-03-09
TXN0006153461,APP011,2025-10-23,failed,666462.62,CHF,AMER,CP0316,SWAP,TDR0048,BOOK_A,2025-03-01
TXN0006570548,APP012,2025-03-19,failed,686503.04,CHF,LATAM,CP0156,EQUITY,TDR0039,BOOK_B,2025-07-30
TXN0004959307,APP004,2025-09-22,failed,983613.65,JPY,AMER,CP0419,FUTURE,TDR0095,BOOK_C,2025-11-28
TXN0004555910,APP020,2025-08-24,reversed,796000.3,AUD,LATAM,CP0395,OPTION,TDR0153,BOOK_D,2025-12-18
TXN0001946042,APP012,2025-06-01,reversed,240458.96,GBP,EMEA,CP0142,SWAP,TDR0067,BOOK_D,2025-04-26
TXN0007027691,APP008,2025-08-31,reversed,659705.95,CHF,AMER,CP0241,FUTURE,TDR0097,BOOK_C,2025-12-19
TXN0000877201,APP001,2025-09-13,failed,164388.76,CHF,APAC,CP0081,EQUITY,TDR0024,BOOK_D,2025-02-10
TXN0008036694,APP013,2026-03-26,failed,454065.42,EUR,AMER,CP0462,FX,TDR0156,BOOK_C,2025-12-10
TXN0008393436,APP012,2026-03-28,failed,549320.47,JPY,AMER,CP0147,BOND,TDR0002,BOOK_A,2025-04-01
TXN0005603542,APP019,2025-11-18,settled,333009.93,AUD,EMEA,CP0275,OPTION,TDR0095,BOOK_C,2025-11-02
TXN0003387144,APP006,2025-08-06,reversed,335325.73,AUD,EMEA,CP0217,OPTION,TDR0158,BOOK_A,2025-09-13
TXN0002465033,APP006,2025-12-20,pending,582918.19,AUD,APAC,CP0036,FUTURE,TDR0073,BOOK_C,2025-06-03
TXN0002970068,APP020,2025-01-24,failed,295901.42,JPY,AMER,CP0240,EQUITY,TDR0173,BOOK_B,2026-04-11
TXN0007408658,APP008,2025-10-15,reversed,914004.09,GBP,APAC,CP0324,OPTION,TDR0066,BOOK_D,2025-02-26
TXN0007111580,APP011,2025-02-17,active,47509.98,USD,LATAM,CP0454,EQUITY,TDR0140,BOOK_A,2025-04-06
TXN0001078303,APP014,2025-11-07,reversed,285505.53,EUR,APAC,CP0123,OPTION,TDR0083,BOOK_A,2025-08-04
TXN0003690106,APP018,2025-11-09,active,214741.13,USD,EMEA,CP0278,FUTURE,TDR0099,BOOK_A,2025-05-06
TXN0009934448,APP007,2025-05-02,settled,749370.76,EUR,AMER,CP0002,OPTION,TDR0142,BOOK_A,2025-03-06
TXN0005767555,APP005,2025-03-17,reversed,508819.37,CHF,APAC,CP0284,OPTION,TDR0112,BOOK_A,2025-07-01
TXN0009094325,APP016,2025-07-08,pending,957519.69,AUD,APAC,CP0098,EQUITY,TDR0115,BOOK_A,2025-03-14
TXN0006203081,APP003,2025-11-04,failed,209449.52,JPY,EMEA,CP0153,FX,TDR0046,BOOK_A,2025-10-02
TXN0000624133,APP018,2025-03-14,active,213484.81,USD,LATAM,CP0476,EQUITY,TDR0129,BOOK_D,2025-06-27
TXN0005687081,APP013,2025-12-11,settled,780868.14,GBP,AMER,CP0275,OPTION,TDR0159,BOOK_D,2025-08-24
TXN0005520417,APP006,2025-01-12,active,620381.0,USD,AMER,CP0107,FUTURE,TDR0139,BOOK_D,2025-05-16
TXN0001320133,APP008,2025-12-22,settled,245970.6,USD,APAC,CP0461,FUTURE,TDR0164,BOOK_A,2025-12-12
TXN0007278594,APP020,2025-07-26,settled,578792.7,EUR,AMER,CP0186,OPTION,TDR0036,BOOK_D,2025-03-23
TXN0001061873,APP018,2026-04-07,failed,402850.52,USD,APAC,CP0262,FX,TDR0002,BOOK_A,2025-09-30
TXN0002673526,APP014,2025-05-28,reversed,366757.67,JPY,LATAM,CP0207,BOND,TDR0095,BOOK_D,2025-11-20
TXN0009528228,APP003,2025-04-07,settled,384448.01,JPY,LATAM,CP0141,SWAP,TDR0040,BOOK_C,2025-09-02
TXN0004624550,APP004,2025-04-08,reversed,453915.21,USD,LATAM,CP0147,EQUITY,TDR0103,BOOK_C,2025-11-23
TXN0003929971,APP008,2026-01-24,active,588241.49,CHF,EMEA,CP0184,FX,TDR0150,BOOK_B,2025-12-06
TXN0001947309,APP020,2026-04-05,settled,818244.8,JPY,AMER,CP0012,FUTURE,TDR0073,BOOK_D,2025-02-02
TXN0004288400,APP007,2026-03-03,settled,332833.41,CHF,EMEA,CP0312,SWAP,TDR0077,BOOK_D,2025-06-21
TXN0008637201,APP002,2025-03-02,reversed,606798.61,GBP,APAC,CP0234,OPTION,TDR0151,BOOK_B,2025-03-22
TXN0001890422,APP007,2026-01-12,settled,97600.95,CHF,LATAM,CP0112,FUTURE,TDR0025,BOOK_C,2025-11-27
TXN0001507031,APP016,2025-10-16,failed,891917.02,USD,LATAM,CP0375,FUTURE,TDR0041,BOOK_C,2025-06-04
TXN0003544757,APP019,2025-07-24,settled,86285.83,CHF,APAC,CP0258,SWAP,TDR0027,BOOK_A,2026-02-20
TXN0000901348,APP009,2026-02-27,active,66784.59,GBP,AMER,CP0325,EQUITY,TDR0127,BOOK_C,2026-03-09
TXN0009330048,APP014,2025-06-28,reversed,676026.1,JPY,AMER,CP0467,FUTURE,TDR0117,BOOK_B,2025-06-14
TXN0000443664,APP006,2025-06-10,active,763186.32,GBP,LATAM,CP0258,FUTURE,TDR0111,BOOK_D,2025-10-04
TXN0009155863,APP002,2025-12-25,settled,377946.99,AUD,APAC,CP0191,OPTION,TDR0134,BOOK_B,2025-01-26
TXN0004338690,APP005,2025-01-10,active,458958.06,CHF,EMEA,CP0433,BOND,TDR0135,BOOK_A,2026-02-28
TXN0002412514,APP008,2025-11-12,active,481139.58,AUD,AMER,CP0245,OPTION,TDR0191,BOOK_D,2025-10-04
TXN0006810822,APP013,2026-02-05,settled,451310.09,GBP,APAC,CP0462,SWAP,TDR0170,BOOK_C,2025-10-05
TXN0007060306,APP005,2025-10-06,reversed,491136.85,EUR,EMEA,CP0231,SWAP,TDR0078,BOOK_A,2025-12-23
TXN0001877561,APP019,2025-02-18,settled,681821.12,JPY,APAC,CP0070,EQUITY,TDR0104,BOOK_B,2025-04-18
TXN0001286904,APP020,2025-03-29,reversed,537441.43,GBP,LATAM,CP0275,OPTION,TDR0028,BOOK_B,2025-07-03
TXN0001397297,APP009,2025-06-30,settled,5794.54,USD,AMER,CP0084,SWAP,TDR0185,BOOK_A,2025-11-04
TXN0005694735,APP009,2025-04-09,failed,62940.43,EUR,EMEA,CP0157,BOND,TDR0036,BOOK_B,2026-04-06
TXN0008833106,APP001,2025-09-19,active,521142.56,USD,LATAM,CP0294,EQUITY,TDR0189,BOOK_D,2026-01-06
TXN0002394678,APP002,2025-07-03,failed,489763.9,JPY,EMEA,CP0345,FX,TDR0156,BOOK_B,2025-03-10
TXN0002237020,APP003,2025-11-17,pending,191638.82,JPY,APAC,CP0042,EQUITY,TDR0174,BOOK_B,2025-12-29
TXN0000467848,APP007,2025-12-27,settled,976947.23,GBP,EMEA,CP0085,FX,TDR0088,BOOK_B,2025-03-02
TXN0007194985,APP006,2025-05-08,pending,973219.81,AUD,APAC,CP0331,FX,TDR0057,BOOK_C,2025-11-23
TXN0002247494,APP020,2025-03-28,pending,283046.49,CHF,APAC,CP0011,EQUITY,TDR0054,BOOK_A,2025-02-27
TXN0000631479,APP011,2025-08-22,settled,707897.0,EUR,AMER,CP0317,BOND,TDR0170,BOOK_B,2025-04-16
TXN0001861979,APP014,2026-01-08,pending,631205.86,EUR,APAC,CP0486,OPTION,TDR0031,BOOK_C,2025-05-25
TXN0006344739,APP017,2025-06-27,reversed,184917.36,JPY,AMER,CP0323,SWAP,TDR0185,BOOK_D,2025-11-21
TXN0008212166,APP013,2025-11-15,pending,5595.1,USD,EMEA,CP0389,EQUITY,TDR0164,BOOK_C,2026-02-08
TXN0007297629,APP002,2025-05-01,pending,85725.04,EUR,LATAM,CP0490,FX,TDR0180,BOOK_B,2025-06-13
TXN0004550783,APP005,2025-05-06,active,481406.13,GBP,AMER,CP0414,FUTURE,TDR0028,BOOK_B,2025-04-26
TXN0004368460,APP005,2025-09-25,active,379657.39,EUR,LATAM,CP0248,BOND,TDR0187,BOOK_A,2025-05-17
TXN0007170504,APP008,2025-07-22,pending,568828.39,JPY,LATAM,CP0267,EQUITY,TDR0128,BOOK_D,2025-10-11
TXN0004780163,APP017,2025-04-30,active,13788.86,GBP,EMEA,CP0100,FUTURE,TDR0168,BOOK_D,2026-04-06
TXN0002503295,APP014,2026-01-01,active,638033.32,GBP,LATAM,CP0324,FX,TDR0066,BOOK_C,2025-02-02
TXN0003288224,APP002,2026-01-03,failed,39503.3,CHF,APAC,CP0403,EQUITY,TDR0064,BOOK_D,2026-03-12
TXN0002393925,APP013,2025-10-22,reversed,191892.53,USD,LATAM,CP0146,FUTURE,TDR0053,BOOK_A,2025-05-04
TXN0008058854,APP019,2025-09-12,reversed,710071.91,EUR,APAC,CP0192,EQUITY,TDR0156,BOOK_D,2025-03-28
TXN0002621262,APP020,2025-05-23,failed,167891.29,CHF,AMER,CP0345,SWAP,TDR0067,BOOK_D,2026-01-30
TXN0008615188,APP016,2025-09-16,pending,719126.03,CHF,EMEA,CP0370,BOND,TDR0030,BOOK_D,2025-03-17
TXN0002117626,APP007,2026-03-23,pending,893334.25,AUD,APAC,CP0331,SWAP,TDR0076,BOOK_A,2025-08-09
TXN0007123561,APP007,2025-06-03,pending,326256.03,USD,APAC,CP0430,OPTION,TDR0167,BOOK_D,2025-10-10
TXN0006962833,APP016,2025-05-28,active,37613.58,GBP,AMER,CP0160,EQUITY,TDR0055,BOOK_A,2025-07-13
TXN0003252666,APP006,2025-08-09,pending,639321.03,JPY,EMEA,CP0414,OPTION,TDR0019,BOOK_B,2025-08-14
TXN0005205455,APP006,2025-10-10,active,440776.56,CHF,EMEA,CP0433,OPTION,TDR0145,BOOK_C,2025-04-29
TXN0004618758,APP019,2025-06-03,settled,555478.79,JPY,EMEA,CP0138,FUTURE,TDR0096,BOOK_B,2026-03-15
TXN0007159464,APP017,2025-11-14,pending,138274.44,EUR,EMEA,CP0015,FX,TDR0074,BOOK_B,2026-01-13
TXN0001046777,APP011,2026-03-12,settled,584185.94,GBP,AMER,CP0226,OPTION,TDR0004,BOOK_D,2025-01-18
TXN0005354385,APP007,2026-02-22,failed,292199.42,AUD,EMEA,CP0410,SWAP,TDR0083,BOOK_D,2025-04-02
TXN0001144511,APP005,2025-04-10,failed,314384.53,AUD,APAC,CP0094,FUTURE,TDR0167,BOOK_A,2025-07-18
TXN0008115889,APP017,2025-08-15,pending,825292.55,EUR,LATAM,CP0438,EQUITY,TDR0174,BOOK_B,2025-05-06
TXN0005564699,APP017,2025-07-16,settled,595680.67,CHF,EMEA,CP0293,EQUITY,TDR0164,BOOK_D,2026-01-04
TXN0006977269,APP005,2025-09-23,settled,691405.69,EUR,LATAM,CP0108,SWAP,TDR0043,BOOK_A,2025-04-30
TXN0007543360,APP001,2025-04-21,settled,989304.18,CHF,EMEA,CP0336,SWAP,TDR0193,BOOK_D,2026-04-11
TXN0001023015,APP014,2025-01-01,settled,712999.18,JPY,AMER,CP0399,SWAP,TDR0146,BOOK_B,2025-07-12
TXN0005394958,APP011,2025-03-26,settled,114121.5,AUD,APAC,CP0406,FX,TDR0024,BOOK_A,2025-05-17
TXN0009847903,APP002,2025-02-20,settled,190496.67,USD,EMEA,CP0357,FUTURE,TDR0079,BOOK_A,2025-03-26
TXN0007920277,APP007,2025-08-02,failed,397507.71,AUD,EMEA,CP0176,BOND,TDR0005,BOOK_B,2025-07-10
TXN0001657974,APP001,2025-12-17,failed,916704.92,EUR,EMEA,CP0360,FX,TDR0112,BOOK_A,2025-09-15
TXN0009526044,APP012,2025-11-21,failed,176373.76,CHF,LATAM,CP0465,BOND,TDR0150,BOOK_D,2025-03-07
TXN0006330257,APP006,2025-10-24,pending,29196.93,EUR,LATAM,CP0019,FX,TDR0190,BOOK_A,2026-03-17
TXN0009956848,APP013,2026-02-02,active,329261.73,GBP,LATAM,CP0228,FUTURE,TDR0010,BOOK_A,2025-01-31
TXN0003548972,APP019,2025-06-21,active,403113.62,USD,APAC,CP0119,BOND,TDR0023,BOOK_B,2025-11-16
TXN0006228096,APP019,2025-05-04,active,693982.05,EUR,AMER,CP0263,OPTION,TDR0123,BOOK_D,2025-08-19
TXN0007046458,APP009,2025-12-15,failed,316859.02,CHF,AMER,CP0353,SWAP,TDR0013,BOOK_A,2025-06-16
TXN0004417183,APP013,2025-03-19,failed,849838.18,EUR,LATAM,CP0347,FX,TDR0083,BOOK_C,2026-04-08
TXN0008416511,APP003,2025-10-27,settled,408751.91,AUD,APAC,CP0048,EQUITY,TDR0027,BOOK_A,2025-06-03
TXN0006928238,APP011,2025-07-20,settled,723955.39,JPY,EMEA,CP0360,OPTION,TDR0054,BOOK_B,2025-08-01
TXN0007714481,APP006,2025-03-13,failed,324071.65,GBP,APAC,CP0106,SWAP,TDR0182,BOOK_A,2026-04-12
TXN0005497154,APP008,2025-11-13,failed,584960.3,USD,LATAM,CP0203,SWAP,TDR0192,BOOK_B,2025-03-12
TXN0007917996,APP017,2025-10-05,active,757960.34,CHF,LATAM,CP0012,OPTION,TDR0171,BOOK_D,2026-03-16
TXN0006052510,APP018,2025-03-10,pending,801203.09,USD,AMER,CP0102,BOND,TDR0012,BOOK_B,2025-11-11
TXN0000750895,APP019,2026-01-28,failed,520670.51,GBP,LATAM,CP0047,FX,TDR0144,BOOK_D,2026-04-13
TXN0004802838,APP005,2025-05-29,settled,259446.37,CHF,LATAM,CP0470,SWAP,TDR0030,BOOK_C,2025-10-05
TXN0001822286,APP002,2025-05-16,active,378928.69,AUD,APAC,CP0203,EQUITY,TDR0013,BOOK_A,2025-04-06
TXN0001989752,APP007,2025-02-27,failed,833391.64,JPY,LATAM,CP0263,FUTURE,TDR0132,BOOK_A,2026-01-07
TXN0001993597,APP014,2025-07-22,settled,576809.38,JPY,LATAM,CP0021,OPTION,TDR0189,BOOK_A,2026-04-02
TXN0006613980,APP010,2026-04-07,settled,870972.73,AUD,EMEA,CP0187,EQUITY,TDR0165,BOOK_B,2026-01-20
TXN0003159814,APP003,2025-01-19,settled,553238.21,USD,AMER,CP0214,FUTURE,TDR0195,BOOK_C,2025-12-28
TXN0007909934,APP016,2025-02-01,settled,118225.46,CHF,APAC,CP0042,FUTURE,TDR0055,BOOK_B,2025-08-18
TXN0009889620,APP020,2026-02-04,pending,673779.28,CHF,EMEA,CP0230,OPTION,TDR0175,BOOK_A,2025-06-21
TXN0008266795,APP015,2025-10-12,active,228560.02,CHF,EMEA,CP0236,FX,TDR0177,BOOK_D,2025-05-29
TXN0006132882,APP006,2025-02-27,failed,714252.13,AUD,EMEA,CP0191,SWAP,TDR0031,BOOK_A,2025-09-25
TXN0002864116,APP002,2025-11-01,reversed,179768.63,USD,LATAM,CP0005,FUTURE,TDR0084,BOOK_A,2025-07-21
TXN0002458399,APP001,2025-11-29,reversed,785337.8,CHF,AMER,CP0446,FUTURE,TDR0048,BOOK_C,2026-01-10
TXN0005826905,APP004,2025-02-10,reversed,432557.43,GBP,EMEA,CP0260,EQUITY,TDR0159,BOOK_B,2025-05-05
TXN0005142294,APP006,2025-12-14,active,668533.31,GBP,AMER,CP0198,EQUITY,TDR0015,BOOK_C,2026-02-04
TXN0001777230,APP007,2026-03-03,failed,201805.47,GBP,APAC,CP0437,FUTURE,TDR0022,BOOK_C,2025-05-13
TXN0005090764,APP002,2025-06-27,reversed,793953.75,GBP,EMEA,CP0469,FX,TDR0058,BOOK_C,2025-09-14
TXN0004303313,APP003,2025-04-25,settled,639393.42,GBP,LATAM,CP0446,BOND,TDR0191,BOOK_C,2025-02-05
TXN0009953629,APP007,2025-12-01,pending,666499.47,AUD,EMEA,CP0009,EQUITY,TDR0041,BOOK_D,2025-12-29
TXN0006237134,APP010,2026-04-03,pending,98854.83,GBP,EMEA,CP0127,EQUITY,TDR0082,BOOK_B,2026-04-05
TXN0004680998,APP006,2025-12-01,reversed,732673.98,CHF,APAC,CP0207,FUTURE,TDR0068,BOOK_D,2025-09-08
TXN0002980450,APP014,2025-03-08,pending,71883.14,EUR,AMER,CP0354,BOND,TDR0025,BOOK_D,2025-06-20
TXN0007674472,APP020,2025-03-27,settled,501130.71,CHF,LATAM,CP0176,BOND,TDR0062,BOOK_A,2025-02-02
TXN0007188857,APP013,2026-01-20,settled,850454.88,USD,AMER,CP0120,EQUITY,TDR0164,BOOK_D,2025-11-16
TXN0002549671,APP009,2025-01-06,reversed,924897.57,JPY,AMER,CP0352,BOND,TDR0193,BOOK_B,2025-08-14
TXN0009667825,APP003,2025-01-03,pending,43918.85,GBP,AMER,CP0089,SWAP,TDR0193,BOOK_B,2025-01-20
TXN0001307126,APP004,2026-01-30,failed,161420.37,JPY,APAC,CP0337,EQUITY,TDR0049,BOOK_B,2025-01-21
TXN0009058904,APP019,2025-05-14,settled,808876.01,USD,APAC,CP0180,BOND,TDR0144,BOOK_B,2025-03-15
TXN0006255734,APP014,2026-01-25,pending,657171.33,AUD,AMER,CP0434,FX,TDR0109,BOOK_C,2025-10-09
TXN0003853271,APP012,2025-03-08,reversed,573763.1,JPY,LATAM,CP0265,SWAP,TDR0013,BOOK_A,2025-10-22
TXN0001467151,APP002,2025-08-28,active,403060.31,AUD,AMER,CP0225,SWAP,TDR0092,BOOK_D,2025-06-20
TXN0009366508,APP018,2025-03-30,reversed,336876.62,AUD,AMER,CP0319,FUTURE,TDR0064,BOOK_D,2025-10-01
TXN0001316308,APP011,2025-02-26,settled,942546.4,EUR,EMEA,CP0236,EQUITY,TDR0070,BOOK_B,2025-07-08
TXN0009946558,APP016,2025-07-26,pending,933191.8,CHF,AMER,CP0042,EQUITY,TDR0148,BOOK_C,2025-07-28
TXN0000009253,APP005,2026-03-17,active,784584.31,EUR,APAC,CP0245,FUTURE,TDR0099,BOOK_A,2025-07-23
TXN0004689070,APP005,2026-03-13,pending,244648.26,AUD,LATAM,CP0159,EQUITY,TDR0112,BOOK_C,2025-02-14
TXN0000566302,APP014,2026-03-19,settled,328891.41,AUD,AMER,CP0151,BOND,TDR0025,BOOK_A,2026-01-29
TXN0003568024,APP020,2025-03-25,pending,934621.46,AUD,APAC,CP0192,FUTURE,TDR0066,BOOK_D,2025-01-08
TXN0000587300,APP018,2025-11-10,failed,480371.27,JPY,LATAM,CP0485,FX,TDR0135,BOOK_C,2025-09-26
TXN0003146857,APP014,2025-06-03,reversed,708004.86,EUR,EMEA,CP0143,FX,TDR0179,BOOK_C,2026-02-19
TXN0005428020,APP016,2026-03-08,failed,654561.46,JPY,EMEA,CP0366,FUTURE,TDR0110,BOOK_A,2025-01-15
TXN0002170198,APP003,2025-01-21,failed,122361.16,JPY,APAC,CP0279,EQUITY,TDR0089,BOOK_A,2025-07-18
TXN0002001582,APP020,2025-12-04,active,327235.6,EUR,AMER,CP0363,EQUITY,TDR0198,BOOK_B,2025-04-15
TXN0001385487,APP015,2025-03-28,reversed,655868.78,CHF,EMEA,CP0255,OPTION,TDR0061,BOOK_C,2025-11-01
TXN0007666538,APP018,2025-07-26,pending,422687.05,CHF,APAC,CP0049,FUTURE,TDR0066,BOOK_B,2025-07-28
TXN0009453404,APP006,2026-01-27,pending,558106.87,CHF,LATAM,CP0107,FUTURE,TDR0152,BOOK_C,2026-01-26
TXN0000527128,APP016,2025-10-30,active,826633.68,GBP,LATAM,CP0111,EQUITY,TDR0198,BOOK_C,2025-09-15
TXN0007548590,APP008,2026-01-16,active,233278.57,CHF,EMEA,CP0062,SWAP,TDR0166,BOOK_C,2025-03-11
TXN0007333331,APP019,2026-02-24,pending,913777.84,EUR,APAC,CP0485,SWAP,TDR0074,BOOK_D,2025-05-20
TXN0002101211,APP012,2025-01-18,reversed,494098.21,AUD,APAC,CP0138,FX,TDR0088,BOOK_C,2025-05-15
TXN0007876695,APP008,2025-09-17,active,730110.89,USD,APAC,CP0294,FUTURE,TDR0144,BOOK_D,2025-05-28
TXN0006599670,APP007,2025-01-31,settled,872842.28,AUD,LATAM,CP0337,SWAP,TDR0056,BOOK_A,2025-02-10
TXN0009120417,APP014,2025-01-24,active,109256.14,JPY,EMEA,CP0181,FX,TDR0062,BOOK_C,2026-02-18
TXN0000586437,APP011,2025-12-10,pending,842016.49,USD,LATAM,CP0466,BOND,TDR0140,BOOK_D,2025-03-19
TXN0000524410,APP011,2025-01-24,settled,304470.28,USD,EMEA,CP0027,SWAP,TDR0046,BOOK_A,2025-06-06
TXN0003258923,APP002,2025-06-19,reversed,569171.56,AUD,LATAM,CP0308,BOND,TDR0189,BOOK_D,2026-03-28
TXN0003841964,APP019,2025-04-10,reversed,172657.32,JPY,EMEA,CP0131,OPTION,TDR0061,BOOK_A,2025-03-26
TXN0005200233,APP018,2025-10-15,failed,245745.7,EUR,LATAM,CP0325,SWAP,TDR0163,BOOK_C,2025-09-28
TXN0008902178,APP003,2025-09-20,settled,83590.65,AUD,AMER,CP0497,SWAP,TDR0022,BOOK_D,2025-12-28
TXN0006515014,APP012,2025-05-20,active,39040.18,JPY,APAC,CP0105,FUTURE,TDR0035,BOOK_B,2025-02-27
TXN0006590646,APP013,2025-05-25,failed,874429.42,GBP,EMEA,CP0268,EQUITY,TDR0065,BOOK_C,2025-02-05
TXN0006144329,APP010,2025-12-18,reversed,102932.87,EUR,LATAM,CP0354,OPTION,TDR0093,BOOK_B,2025-05-04
TXN0009943493,APP013,2025-01-14,settled,191831.6,AUD,AMER,CP0043,FUTURE,TDR0060,BOOK_A,2025-09-29
TXN0000207640,APP020,2025-07-12,failed,607175.28,JPY,APAC,CP0160,OPTION,TDR0152,BOOK_A,2025-08-22
TXN0008523372,APP016,2025-09-23,settled,455336.01,CHF,LATAM,CP0133,EQUITY,TDR0050,BOOK_B,2026-01-06
TXN0005013751,APP006,2025-07-29,reversed,483938.15,AUD,AMER,CP0257,EQUITY,TDR0045,BOOK_C,2025-01-18
TXN0003265362,APP020,2025-08-21,pending,278814.36,CHF,APAC,CP0153,SWAP,TDR0001,BOOK_A,2025-06-28
TXN0000514094,APP009,2025-11-09,reversed,55652.16,EUR,AMER,CP0293,SWAP,TDR0036,BOOK_D,2026-02-02
TXN0006201965,APP015,2026-02-18,active,570339.8,JPY,AMER,CP0220,FX,TDR0087,BOOK_D,2026-01-16
TXN0001905053,APP004,2025-09-17,settled,822409.25,JPY,EMEA,CP0497,FX,TDR0182,BOOK_B,2025-09-26
TXN0003094030,APP009,2025-08-12,failed,398962.38,USD,LATAM,CP0419,FUTURE,TDR0002,BOOK_B,2025-04-06
TXN0003343463,APP005,2025-08-28,active,654930.03,CHF,AMER,CP0240,FUTURE,TDR0042,BOOK_B,2025-08-09
TXN0007545152,APP002,2025-03-12,active,885977.56,EUR,AMER,CP0263,EQUITY,TDR0118,BOOK_D,2025-01-07
TXN0000562336,APP014,2026-03-29,settled,588951.83,CHF,LATAM,CP0122,FX,TDR0107,BOOK_A,2025-08-07
TXN0000411922,APP001,2026-02-07,active,477702.49,CHF,LATAM,CP0239,BOND,TDR0190,BOOK_B,2025-09-15
TXN0008483276,APP002,2025-05-27,reversed,582024.91,EUR,AMER,CP0445,BOND,TDR0129,BOOK_B,2025-01-10
TXN0008027510,APP009,2025-08-16,pending,5578.55,AUD,LATAM,CP0414,FUTURE,TDR0126,BOOK_D,2025-04-01
TXN0001380431,APP002,2025-06-12,active,647197.18,JPY,AMER,CP0017,EQUITY,TDR0185,BOOK_A,2025-06-15
TXN0003620747,APP017,2026-02-24,failed,378180.83,USD,EMEA,CP0468,FUTURE,TDR0143,BOOK_A,2025-08-18
TXN0002793554,APP014,2025-11-24,settled,195386.42,CHF,EMEA,CP0269,FX,TDR0141,BOOK_D,2025-07-31
TXN0005585921,APP004,2025-09-24,active,25786.48,AUD,EMEA,CP0449,FX,TDR0062,BOOK_D,2026-03-14
TXN0007323546,APP012,2025-09-15,pending,136382.87,EUR,APAC,CP0413,EQUITY,TDR0140,BOOK_B,2025-04-22
TXN0009749178,APP005,2025-04-13,settled,52590.05,AUD,APAC,CP0206,OPTION,TDR0017,BOOK_D,2025-01-02
TXN0009671888,APP008,2025-11-04,settled,206699.44,AUD,LATAM,CP0194,BOND,TDR0194,BOOK_C,2026-02-19
TXN0000927360,APP015,2026-01-30,failed,768516.05,EUR,LATAM,CP0244,EQUITY,TDR0062,BOOK_D,2026-01-09
TXN0009003288,APP005,2026-03-28,pending,573002.8,USD,EMEA,CP0229,BOND,TDR0168,BOOK_D,2025-06-30
TXN0004706944,APP012,2025-05-16,failed,430760.52,JPY,APAC,CP0372,BOND,TDR0131,BOOK_C,2025-10-11
TXN0006479880,APP002,2025-10-07,settled,63283.56,CHF,LATAM,CP0127,OPTION,TDR0080,BOOK_A,2025-05-21
TXN0000129544,APP002,2025-04-06,failed,488778.89,JPY,LATAM,CP0465,FX,TDR0065,BOOK_A,2025-06-01
TXN0003996297,APP003,2025-01-14,active,768759.08,GBP,EMEA,CP0206,FX,TDR0119,BOOK_B,2025-01-15
TXN0003672086,APP019,2025-04-09,failed,901120.96,CHF,AMER,CP0144,FX,TDR0010,BOOK_B,2026-01-15
TXN0002066356,APP018,2026-04-01,active,472964.74,JPY,LATAM,CP0311,OPTION,TDR0163,BOOK_B,2025-11-02
TXN0007212900,APP014,2025-10-25,settled,680785.91,USD,APAC,CP0353,EQUITY,TDR0146,BOOK_B,2026-04-06
TXN0003905691,APP008,2026-01-29,settled,194389.72,USD,AMER,CP0449,BOND,TDR0096,BOOK_A,2025-05-29
TXN0007257333,APP015,2025-02-15,reversed,598023.38,GBP,APAC,CP0486,FX,TDR0172,BOOK_D,2025-03-16
TXN0000665931,APP009,2025-09-19,reversed,358961.49,EUR,LATAM,CP0432,FUTURE,TDR0066,BOOK_A,2025-07-28
TXN0008915242,APP005,2025-07-19,failed,878204.44,USD,LATAM,CP0472,SWAP,TDR0046,BOOK_C,2025-02-17
TXN0007739430,APP018,2026-02-11,active,752813.86,CHF,AMER,CP0234,EQUITY,TDR0173,BOOK_C,2026-03-16
TXN0005225493,APP013,2026-02-11,active,94108.85,CHF,LATAM,CP0492,SWAP,TDR0049,BOOK_A,2025-03-21
TXN0007033286,APP006,2025-03-04,reversed,384053.23,GBP,EMEA,CP0434,FUTURE,TDR0190,BOOK_A,2025-01-29
TXN0005375440,APP006,2025-08-15,failed,204223.85,USD,APAC,CP0021,FUTURE,TDR0083,BOOK_D,2025-01-07
TXN0001910587,APP015,2025-11-17,pending,251217.65,USD,EMEA,CP0237,SWAP,TDR0151,BOOK_B,2025-02-02
TXN0002152891,APP001,2025-12-08,settled,354742.61,CHF,EMEA,CP0387,FUTURE,TDR0171,BOOK_A,2026-01-17
TXN0005326301,APP013,2025-09-12,settled,993925.89,EUR,LATAM,CP0317,FUTURE,TDR0078,BOOK_A,2025-03-22
TXN0007186390,APP005,2025-06-07,reversed,824430.09,GBP,EMEA,CP0498,FUTURE,TDR0140,BOOK_D,2026-03-03
TXN0003882040,APP011,2025-09-09,active,425382.77,EUR,AMER,CP0256,EQUITY,TDR0153,BOOK_C,2026-01-22
TXN0005441002,APP007,2025-02-20,pending,97364.19,EUR,APAC,CP0244,SWAP,TDR0127,BOOK_D,2025-05-16
TXN0001469527,APP008,2025-01-19,active,383226.1,CHF,LATAM,CP0309,FUTURE,TDR0150,BOOK_B,2025-12-08
TXN0005695629,APP020,2025-06-24,failed,588375.87,EUR,APAC,CP0120,FUTURE,TDR0111,BOOK_B,2025-05-13
TXN0005633069,APP011,2025-04-01,reversed,705302.97,GBP,LATAM,CP0452,FUTURE,TDR0186,BOOK_C,2025-03-24
TXN0003462803,APP014,2025-03-14,failed,890197.6,GBP,EMEA,CP0305,FX,TDR0096,BOOK_A,2025-08-28
TXN0001503443,APP013,2025-03-18,active,780724.62,AUD,LATAM,CP0364,SWAP,TDR0135,BOOK_D,2025-11-16
TXN0003132011,APP017,2025-06-04,settled,545427.08,EUR,EMEA,CP0314,SWAP,TDR0164,BOOK_A,2025-12-12
TXN0009781863,APP005,2025-08-09,settled,194628.49,USD,LATAM,CP0403,SWAP,TDR0097,BOOK_A,2025-07-14
TXN0002503524,APP012,2025-03-29,pending,801417.33,CHF,AMER,CP0231,OPTION,TDR0189,BOOK_C,2025-03-18
TXN0000866394,APP013,2026-04-12,pending,59015.4,AUD,AMER,CP0454,EQUITY,TDR0120,BOOK_D,2025-07-25
TXN0007212614,APP020,2025-04-06,pending,994386.54,EUR,AMER,CP0480,SWAP,TDR0118,BOOK_A,2025-10-06
TXN0002020290,APP017,2025-01-17,active,731475.56,AUD,LATAM,CP0176,EQUITY,TDR0182,BOOK_A,2025-05-02
TXN0003390100,APP005,2025-01-31,settled,447000.56,CHF,EMEA,CP0345,FUTURE,TDR0091,BOOK_A,2025-12-05
TXN0002882693,APP017,2025-06-26,pending,865818.74,USD,APAC,CP0062,EQUITY,TDR0012,BOOK_A,2025-05-08
TXN0005320966,APP017,2026-01-22,settled,709354.83,AUD,AMER,CP0342,SWAP,TDR0127,BOOK_D,2026-03-12
TXN0000938899,APP012,2025-05-31,failed,395894.12,JPY,LATAM,CP0004,BOND,TDR0095,BOOK_C,2026-02-19
TXN0007501040,APP013,2026-04-11,failed,731611.16,CHF,AMER,CP0429,EQUITY,TDR0170,BOOK_A,2025-10-15
TXN0004076723,APP011,2026-04-08,settled,273399.21,AUD,APAC,CP0117,FX,TDR0016,BOOK_D,2025-06-07
TXN0007668986,APP019,2025-07-16,settled,933903.76,AUD,LATAM,CP0263,EQUITY,TDR0097,BOOK_D,2025-02-08
TXN0007096686,APP011,2025-07-29,reversed,22577.44,EUR,EMEA,CP0322,SWAP,TDR0084,BOOK_C,2025-04-01
TXN0002817724,APP005,2026-03-23,settled,606521.87,CHF,EMEA,CP0354,SWAP,TDR0131,BOOK_A,2026-04-10
TXN0001206367,APP019,2025-12-15,pending,834077.83,EUR,AMER,CP0440,SWAP,TDR0075,BOOK_B,2025-09-20
TXN0007656562,APP007,2025-01-20,active,492434.32,AUD,AMER,CP0044,BOND,TDR0105,BOOK_A,2025-11-16
TXN0009775931,APP006,2025-10-30,settled,234739.37,USD,EMEA,CP0132,SWAP,TDR0130,BOOK_C,2025-08-19
TXN0007699971,APP017,2025-09-15,settled,968821.09,EUR,EMEA,CP0422,SWAP,TDR0061,BOOK_D,2025-03-06
TXN0007894770,APP018,2025-04-24,pending,76423.28,EUR,AMER,CP0278,FX,TDR0139,BOOK_C,2026-03-14
TXN0000647519,APP004,2025-06-15,settled,806747.87,AUD,AMER,CP0021,EQUITY,TDR0167,BOOK_B,2025-11-19
TXN0007506660,APP005,2026-04-04,pending,901999.48,GBP,LATAM,CP0372,BOND,TDR0173,BOOK_B,2025-10-11
TXN0001364948,APP019,2025-08-12,active,703233.76,EUR,AMER,CP0199,BOND,TDR0157,BOOK_B,2025-07-12
TXN0009846104,APP015,2025-05-28,pending,331194.02,CHF,LATAM,CP0221,FUTURE,TDR0055,BOOK_A,2025-11-17
TXN0008272270,APP006,2025-03-15,failed,917042.23,USD,LATAM,CP0454,SWAP,TDR0076,BOOK_D,2025-07-27
TXN0000324166,APP007,2025-07-26,active,51100.74,USD,EMEA,CP0003,BOND,TDR0135,BOOK_B,2026-03-12
TXN0007563612,APP002,2025-01-17,active,682458.35,EUR,APAC,CP0270,BOND,TDR0174,BOOK_D,2025-02-11
TXN0005570978,APP020,2025-04-07,failed,634016.29,USD,AMER,CP0206,FUTURE,TDR0163,BOOK_C,2025-01-26
TXN0003935189,APP006,2025-03-01,settled,977005.48,EUR,APAC,CP0196,SWAP,TDR0160,BOOK_B,2025-11-09
TXN0005099302,APP011,2026-01-27,active,7460.41,AUD,APAC,CP0435,BOND,TDR0065,BOOK_B,2026-01-27
TXN0003794622,APP009,2025-05-04,failed,466957.89,EUR,EMEA,CP0402,SWAP,TDR0081,BOOK_A,2026-02-16
TXN0000645097,APP018,2026-03-31,settled,926498.16,CHF,AMER,CP0407,SWAP,TDR0035,BOOK_D,2025-08-18
TXN0005013506,APP020,2025-05-28,failed,423879.35,CHF,AMER,CP0013,FX,TDR0152,BOOK_A,2026-03-27
TXN0008941535,APP019,2025-02-18,failed,540749.6,EUR,EMEA,CP0191,FX,TDR0090,BOOK_D,2025-01-16
TXN0002593232,APP001,2025-12-24,reversed,582935.17,USD,AMER,CP0153,EQUITY,TDR0142,BOOK_C,2026-02-03
TXN0009806736,APP016,2025-12-23,failed,529235.77,GBP,APAC,CP0021,OPTION,TDR0195,BOOK_A,2026-02-01
TXN0007135956,APP004,2025-03-25,pending,160597.95,EUR,EMEA,CP0454,FUTURE,TDR0097,BOOK_C,2025-08-22
TXN0001589047,APP017,2025-08-18,reversed,82328.4,JPY,APAC,CP0388,FX,TDR0177,BOOK_B,2026-02-03
TXN0004766254,APP009,2025-06-04,reversed,851646.22,USD,LATAM,CP0190,EQUITY,TDR0003,BOOK_D,2026-03-27
TXN0004847528,APP015,2025-08-02,pending,457566.72,CHF,AMER,CP0172,EQUITY,TDR0099,BOOK_C,2026-01-24
TXN0009725350,APP019,2026-01-10,failed,245559.67,JPY,AMER,CP0424,FUTURE,TDR0130,BOOK_B,2025-08-03
TXN0008063505,APP018,2025-07-21,reversed,602319.27,EUR,LATAM,CP0069,BOND,TDR0175,BOOK_C,2025-10-28
TXN0002371010,APP016,2025-05-24,reversed,333482.88,JPY,LATAM,CP0269,OPTION,TDR0001,BOOK_A,2025-07-25
TXN0004745833,APP010,2025-06-29,pending,869367.07,AUD,LATAM,CP0429,EQUITY,TDR0009,BOOK_C,2025-05-18
TXN0009858742,APP006,2025-10-26,settled,220328.64,EUR,LATAM,CP0175,FUTURE,TDR0192,BOOK_C,2025-11-28
TXN0000543060,APP006,2025-01-27,reversed,282872.64,JPY,LATAM,CP0408,FUTURE,TDR0047,BOOK_C,2025-12-14
TXN0001643169,APP009,2025-08-29,failed,634643.81,JPY,AMER,CP0224,FUTURE,TDR0152,BOOK_B,2025-11-13
TXN0005733211,APP017,2025-06-13,settled,755563.73,CHF,APAC,CP0417,EQUITY,TDR0033,BOOK_C,2026-04-01
TXN0000000970,APP008,2025-03-22,active,836074.74,JPY,APAC,CP0419,SWAP,TDR0158,BOOK_C,2025-12-26
TXN0000902972,APP006,2025-06-16,failed,431845.42,CHF,APAC,CP0086,EQUITY,TDR0126,BOOK_A,2025-04-17
TXN0009814912,APP003,2026-01-03,settled,263188.03,CHF,APAC,CP0326,OPTION,TDR0111,BOOK_D,2025-10-24
TXN0005738451,APP004,2025-08-29,reversed,630554.88,USD,APAC,CP0243,SWAP,TDR0029,BOOK_B,2025-05-17
TXN0009546983,APP010,2026-02-22,reversed,418858.58,EUR,EMEA,CP0457,OPTION,TDR0005,BOOK_D,2026-03-24
TXN0007392559,APP020,2025-06-06,settled,593044.88,AUD,EMEA,CP0312,FX,TDR0158,BOOK_C,2025-12-26
TXN0008703265,APP015,2025-02-24,pending,713098.21,EUR,LATAM,CP0331,OPTION,TDR0074,BOOK_C,2025-06-15
TXN0001946209,APP008,2025-04-20,reversed,317438.0,USD,AMER,CP0238,OPTION,TDR0048,BOOK_B,2025-12-17
TXN0003403279,APP006,2025-01-09,settled,560494.53,EUR,APAC,CP0007,FX,TDR0116,BOOK_C,2025-05-22
TXN0000455370,APP010,2026-03-16,active,595444.29,JPY,APAC,CP0243,FX,TDR0169,BOOK_C,2025-01-21
TXN0006658121,APP008,2025-04-08,failed,648627.6,GBP,AMER,CP0035,FX,TDR0187,BOOK_B,2026-03-30
TXN0002200353,APP017,2026-03-28,pending,367401.26,USD,AMER,CP0001,FX,TDR0165,BOOK_D,2026-03-30
TXN0000896779,APP014,2025-09-01,pending,204138.76,JPY,APAC,CP0092,OPTION,TDR0051,BOOK_C,2026-02-24
TXN0006722968,APP005,2025-06-02,settled,369743.33,AUD,LATAM,CP0067,BOND,TDR0170,BOOK_C,2026-03-03
TXN0003998004,APP018,2025-11-09,settled,635134.52,USD,AMER,CP0273,OPTION,TDR0197,BOOK_B,2025-11-08
TXN0002114407,APP007,2025-10-12,reversed,989049.68,GBP,EMEA,CP0147,EQUITY,TDR0187,BOOK_B,2025-12-31
TXN0002830621,APP013,2025-02-07,pending,95560.43,CHF,LATAM,CP0277,FX,TDR0021,BOOK_D,2025-05-08
TXN0009476442,APP011,2026-03-02,reversed,982427.63,USD,AMER,CP0430,FX,TDR0133,BOOK_C,2025-11-22
TXN0006604724,APP013,2025-07-01,pending,948989.29,JPY,APAC,CP0242,FX,TDR0199,BOOK_A,2025-09-01
TXN0007895923,APP015,2025-11-25,failed,774775.79,AUD,AMER,CP0136,OPTION,TDR0076,BOOK_B,2025-11-22
TXN0007468361,APP005,2025-06-20,active,810407.56,EUR,LATAM,CP0007,BOND,TDR0056,BOOK_C,2025-04-27
TXN0009395464,APP012,2025-08-31,settled,865614.44,USD,EMEA,CP0095,OPTION,TDR0179,BOOK_B,2025-11-03
TXN0003576838,APP020,2025-10-24,settled,687274.88,JPY,AMER,CP0412,SWAP,TDR0191,BOOK_C,2025-11-19
TXN0000774825,APP015,2025-02-03,reversed,16721.51,CHF,LATAM,CP0205,FX,TDR0193,BOOK_A,2025-06-22
TXN0007226660,APP002,2026-01-14,pending,588488.41,CHF,APAC,CP0338,BOND,TDR0112,BOOK_D,2025-09-08
TXN0009940918,APP012,2025-10-02,active,605144.13,JPY,LATAM,CP0235,OPTION,TDR0008,BOOK_A,2025-10-30
TXN0002849956,APP006,2025-02-26,failed,639564.82,EUR,LATAM,CP0490,EQUITY,TDR0127,BOOK_D,2026-03-07
TXN0008913269,APP007,2025-02-15,failed,187461.89,EUR,AMER,CP0009,EQUITY,TDR0059,BOOK_C,2025-06-25
TXN0000682377,APP008,2026-04-11,pending,298204.86,USD,EMEA,CP0365,EQUITY,TDR0072,BOOK_B,2026-02-18
TXN0008429060,APP014,2025-12-28,failed,589419.45,CHF,EMEA,CP0218,BOND,TDR0067,BOOK_A,2025-12-14
TXN0008079606,APP010,2025-09-29,reversed,516236.58,CHF,APAC,CP0123,FUTURE,TDR0117,BOOK_A,2026-03-08
TXN0000781177,APP010,2025-09-29,reversed,875570.93,AUD,EMEA,CP0044,FUTURE,TDR0158,BOOK_B,2025-05-30
TXN0001734568,APP018,2025-03-16,active,18016.6,JPY,LATAM,CP0461,FX,TDR0041,BOOK_D,2025-09-08
TXN0008036294,APP016,2025-05-26,reversed,184515.86,JPY,APAC,CP0106,SWAP,TDR0062,BOOK_D,2025-07-10
TXN0005765963,APP004,2025-09-24,reversed,472921.19,CHF,LATAM,CP0452,EQUITY,TDR0153,BOOK_A,2025-08-20
TXN0004501013,APP018,2026-03-15,settled,595749.44,GBP,APAC,CP0383,SWAP,TDR0157,BOOK_C,2025-12-04
TXN0004619065,APP002,2025-11-16,reversed,850309.74,USD,EMEA,CP0025,OPTION,TDR0174,BOOK_C,2025-08-05
TXN0006969519,APP018,2025-07-30,settled,555329.41,EUR,EMEA,CP0011,BOND,TDR0098,BOOK_C,2026-03-14
TXN0001627115,APP004,2025-09-09,reversed,465665.1,EUR,AMER,CP0003,SWAP,TDR0076,BOOK_D,2025-04-25
TXN0009863670,APP003,2025-06-13,failed,781125.89,USD,LATAM,CP0269,FUTURE,TDR0038,BOOK_C,2025-10-21
TXN0000954879,APP009,2025-08-25,active,898515.44,USD,LATAM,CP0491,EQUITY,TDR0143,BOOK_C,2026-02-26
TXN0006945016,APP020,2025-04-11,pending,888036.72,CHF,AMER,CP0295,SWAP,TDR0187,BOOK_D,2026-04-04
TXN0008936766,APP010,2025-06-09,settled,613353.7,AUD,AMER,CP0372,FX,TDR0194,BOOK_A,2025-05-20
TXN0001750563,APP009,2025-07-08,reversed,953657.13,CHF,APAC,CP0478,FX,TDR0165,BOOK_A,2025-08-08
TXN0005166407,APP013,2026-04-05,settled,999826.97,JPY,APAC,CP0481,BOND,TDR0077,BOOK_A,2025-04-09
TXN0005190297,APP020,2026-01-20,reversed,930776.78,CHF,EMEA,CP0423,BOND,TDR0135,BOOK_D,2026-02-22
TXN0000581336,APP003,2026-02-15,pending,50852.23,EUR,APAC,CP0198,FUTURE,TDR0120,BOOK_B,2026-03-08
TXN0006747956,APP007,2026-02-19,settled,629425.56,USD,AMER,CP0105,EQUITY,TDR0091,BOOK_D,2025-10-23
TXN0009343451,APP013,2026-02-13,active,680409.99,USD,EMEA,CP0095,EQUITY,TDR0017,BOOK_B,2026-04-11
TXN0004119489,APP019,2025-05-08,pending,318501.92,JPY,LATAM,CP0212,EQUITY,TDR0145,BOOK_D,2026-04-06
TXN0009829277,APP001,2025-02-15,pending,220176.38,EUR,EMEA,CP0156,FX,TDR0132,BOOK_D,2025-07-20
TXN0007929754,APP013,2025-03-16,settled,819288.49,EUR,APAC,CP0349,OPTION,TDR0068,BOOK_C,2025-03-23
TXN0005200499,APP017,2025-11-28,reversed,701125.11,EUR,AMER,CP0269,FUTURE,TDR0168,BOOK_B,2025-10-01
TXN0003892431,APP007,2026-03-18,active,842617.98,JPY,APAC,CP0228,FUTURE,TDR0140,BOOK_D,2025-12-31
TXN0003281664,APP001,2025-01-07,failed,877201.12,EUR,AMER,CP0441,OPTION,TDR0009,BOOK_C,2026-03-24
TXN0002661448,APP012,2025-08-31,reversed,869220.05,JPY,APAC,CP0393,FUTURE,TDR0142,BOOK_C,2025-10-29
TXN0000648129,APP020,2025-12-05,failed,972417.29,GBP,EMEA,CP0210,FX,TDR0145,BOOK_B,2026-02-17
TXN0002250709,APP005,2026-02-16,reversed,841895.98,USD,APAC,CP0477,FUTURE,TDR0042,BOOK_B,2025-01-18
TXN0003286889,APP003,2025-09-11,settled,608271.58,CHF,APAC,CP0477,OPTION,TDR0169,BOOK_C,2025-01-20
TXN0002742476,APP017,2025-09-04,pending,365227.69,EUR,LATAM,CP0423,BOND,TDR0027,BOOK_A,2025-06-12
TXN0007957533,APP012,2025-08-29,pending,299994.95,USD,AMER,CP0474,EQUITY,TDR0137,BOOK_B,2025-04-25
TXN0002899764,APP003,2026-02-08,active,12274.62,AUD,APAC,CP0196,SWAP,TDR0035,BOOK_C,2025-08-01
TXN0000483870,APP011,2025-09-25,settled,565479.29,JPY,APAC,CP0446,SWAP,TDR0149,BOOK_C,2025-06-19
TXN0000130573,APP014,2026-01-03,pending,41955.96,CHF,AMER,CP0027,SWAP,TDR0119,BOOK_D,2025-08-23
TXN0000482871,APP003,2025-03-04,failed,266762.09,GBP,EMEA,CP0255,BOND,TDR0010,BOOK_A,2025-10-22
TXN0002502251,APP016,2025-04-30,reversed,425676.99,GBP,LATAM,CP0255,OPTION,TDR0111,BOOK_A,2025-01-03
TXN0008137697,APP013,2026-01-05,active,450738.29,JPY,LATAM,CP0063,OPTION,TDR0088,BOOK_A,2025-04-16
TXN0006024810,APP014,2025-07-16,settled,98098.37,JPY,LATAM,CP0200,FUTURE,TDR0115,BOOK_A,2025-01-10
TXN0008543948,APP011,2025-08-29,settled,668948.77,EUR,LATAM,CP0148,FUTURE,TDR0193,BOOK_C,2025-07-09
TXN0007811656,APP012,2025-02-04,reversed,764968.69,GBP,LATAM,CP0345,EQUITY,TDR0128,BOOK_A,2025-09-22
TXN0002471295,APP003,2025-07-15,reversed,70800.61,JPY,EMEA,CP0107,BOND,TDR0142,BOOK_C,2026-04-05
TXN0003350631,APP017,2025-01-23,settled,763588.7,JPY,AMER,CP0477,FUTURE,TDR0110,BOOK_B,2025-06-14
TXN0000185970,APP003,2025-09-07,reversed,461809.79,AUD,AMER,CP0409,OPTION,TDR0165,BOOK_D,2025-07-20
TXN0009705707,APP012,2025-03-06,active,240194.45,USD,LATAM,CP0035,SWAP,TDR0098,BOOK_A,2025-06-13
TXN0002905099,APP010,2025-03-11,failed,822489.72,JPY,AMER,CP0329,SWAP,TDR0105,BOOK_C,2025-08-03
TXN0002850022,APP018,2025-05-07,pending,413665.48,USD,APAC,CP0065,FX,TDR0193,BOOK_B,2026-02-11
TXN0008439687,APP005,2025-11-17,pending,705652.02,AUD,EMEA,CP0325,FUTURE,TDR0043,BOOK_D,2026-02-03
TXN0009486866,APP013,2025-09-19,settled,75163.93,CHF,AMER,CP0138,EQUITY,TDR0104,BOOK_B,2025-02-20
TXN0001831582,APP016,2026-03-26,active,999247.88,CHF,APAC,CP0174,EQUITY,TDR0106,BOOK_A,2026-02-20
TXN0001304616,APP012,2025-01-04,active,354569.09,JPY,APAC,CP0322,BOND,TDR0068,BOOK_C,2025-06-14
TXN0004718449,APP017,2025-09-12,pending,167128.09,CHF,APAC,CP0230,FUTURE,TDR0093,BOOK_D,2026-03-02
TXN0000607780,APP002,2025-10-17,pending,98391.81,USD,APAC,CP0108,FUTURE,TDR0009,BOOK_C,2025-03-08
TXN0008220315,APP003,2025-02-10,settled,366360.65,JPY,EMEA,CP0272,BOND,TDR0198,BOOK_C,2025-04-24
TXN0007284926,APP015,2025-10-12,pending,86911.73,USD,APAC,CP0332,FX,TDR0018,BOOK_D,2025-05-08
TXN0002553390,APP001,2026-03-08,settled,997797.69,CHF,EMEA,CP0353,OPTION,TDR0164,BOOK_D,2025-07-20
TXN0002705760,APP009,2025-01-15,reversed,233080.24,USD,APAC,CP0197,EQUITY,TDR0095,BOOK_B,2025-05-03
TXN0002379380,APP020,2025-11-15,pending,238222.03,USD,EMEA,CP0199,SWAP,TDR0137,BOOK_D,2025-03-12
TXN0000892858,APP006,2025-07-02,settled,987892.05,AUD,EMEA,CP0160,BOND,TDR0172,BOOK_C,2025-05-07
TXN0004655459,APP019,2025-12-09,pending,683351.01,EUR,AMER,CP0378,BOND,TDR0055,BOOK_D,2026-04-03
TXN0009566920,APP012,2025-11-03,settled,337181.25,EUR,AMER,CP0248,OPTION,TDR0179,BOOK_B,2025-05-28
TXN0008740177,APP018,2025-06-14,settled,990231.39,GBP,EMEA,CP0418,OPTION,TDR0112,BOOK_D,2025-04-30
TXN0002940942,APP004,2026-01-02,reversed,255833.94,CHF,APAC,CP0021,SWAP,TDR0173,BOOK_A,2025-01-14
TXN0004059845,APP007,2025-10-02,active,915217.66,EUR,APAC,CP0138,SWAP,TDR0158,BOOK_D,2025-06-29
TXN0006120236,APP019,2025-02-24,settled,852003.3,USD,APAC,CP0298,BOND,TDR0032,BOOK_C,2026-02-16
TXN0006669484,APP016,2026-04-10,failed,986084.08,USD,LATAM,CP0384,EQUITY,TDR0080,BOOK_C,2026-02-08
TXN0000172689,APP011,2025-07-04,failed,956365.78,AUD,AMER,CP0231,BOND,TDR0166,BOOK_A,2025-08-18
TXN0009830633,APP014,2025-05-24,pending,855534.07,GBP,LATAM,CP0465,OPTION,TDR0121,BOOK_A,2025-04-15
TXN0008873450,APP009,2025-10-17,active,49078.78,AUD,APAC,CP0031,SWAP,TDR0043,BOOK_C,2025-07-05
TXN0006569604,APP017,2025-03-24,pending,21046.45,GBP,LATAM,CP0014,SWAP,TDR0074,BOOK_D,2026-01-18
TXN0008308493,APP007,2025-08-16,failed,36715.24,AUD,AMER,CP0050,FX,TDR0092,BOOK_C,2025-06-04
TXN0008152663,APP011,2026-02-21,settled,608461.51,EUR,APAC,CP0222,FX,TDR0068,BOOK_B,2026-02-14
TXN0007010943,APP019,2025-11-21,failed,398507.28,EUR,AMER,CP0157,EQUITY,TDR0140,BOOK_A,2025-08-12
TXN0002141741,APP010,2025-01-05,pending,255881.12,JPY,AMER,CP0045,EQUITY,TDR0083,BOOK_C,2025-09-20
TXN0000012783,APP018,2025-02-12,reversed,378473.89,JPY,AMER,CP0154,FUTURE,TDR0022,BOOK_A,2025-05-31
TXN0000727394,APP019,2025-07-14,settled,28246.4,JPY,EMEA,CP0289,EQUITY,TDR0138,BOOK_C,2025-02-11
TXN0005104728,APP006,2025-05-30,settled,463200.78,CHF,EMEA,CP0118,FX,TDR0037,BOOK_D,2026-02-14
TXN0007265376,APP009,2025-12-06,settled,19681.21,JPY,AMER,CP0346,BOND,TDR0037,BOOK_C,2025-04-08
TXN0000856600,APP019,2025-03-16,active,131467.13,JPY,APAC,CP0094,SWAP,TDR0012,BOOK_A,2025-11-25
TXN0009643039,APP002,2025-06-29,reversed,194577.55,USD,AMER,CP0190,SWAP,TDR0120,BOOK_D,2025-09-09
TXN0008597307,APP016,2025-04-08,settled,467647.37,EUR,AMER,CP0044,BOND,TDR0185,BOOK_B,2025-10-06
TXN0008286803,APP005,2026-02-25,settled,461866.01,EUR,AMER,CP0245,FX,TDR0105,BOOK_B,2026-03-31
TXN0001740968,APP020,2025-07-16,failed,266582.76,CHF,APAC,CP0487,SWAP,TDR0127,BOOK_C,2025-07-22
TXN0005810046,APP018,2026-03-30,pending,227501.38,CHF,EMEA,CP0082,OPTION,TDR0148,BOOK_D,2025-02-16
TXN0006227823,APP017,2025-06-12,reversed,17576.81,AUD,APAC,CP0142,BOND,TDR0132,BOOK_D,2025-03-23
TXN0007299130,APP008,2025-03-09,failed,859061.88,CHF,EMEA,CP0398,EQUITY,TDR0067,BOOK_D,2025-09-04
TXN0000407882,APP013,2025-05-18,settled,17150.2,EUR,LATAM,CP0236,SWAP,TDR0195,BOOK_C,2025-11-08
TXN0006218027,APP004,2025-07-09,reversed,222635.34,JPY,EMEA,CP0354,SWAP,TDR0105,BOOK_D,2025-04-23
TXN0009351238,APP002,2026-04-13,reversed,374884.9,USD,APAC,CP0357,FUTURE,TDR0055,BOOK_D,2026-04-11
TXN0004075480,APP017,2025-07-17,pending,429912.08,GBP,AMER,CP0087,SWAP,TDR0007,BOOK_A,2025-03-26
TXN0000795998,APP005,2025-03-02,reversed,903824.06,USD,EMEA,CP0101,SWAP,TDR0017,BOOK_A,2026-02-26
TXN0000517643,APP012,2025-07-19,reversed,704138.11,JPY,LATAM,CP0401,FX,TDR0132,BOOK_A,2025-11-04
TXN0002447809,APP004,2025-05-14,pending,908726.99,USD,AMER,CP0252,OPTION,TDR0118,BOOK_B,2025-03-08
TXN0005887539,APP020,2025-05-07,reversed,312172.71,AUD,LATAM,CP0010,SWAP,TDR0076,BOOK_D,2025-07-09
TXN0004754486,APP015,2025-03-14,failed,499179.5,USD,APAC,CP0037,BOND,TDR0148,BOOK_D,2025-11-24
TXN0002140186,APP006,2025-06-07,settled,385872.79,USD,EMEA,CP0337,FUTURE,TDR0199,BOOK_A,2025-10-18
TXN0004594293,APP020,2025-10-15,reversed,657451.91,USD,APAC,CP0255,BOND,TDR0028,BOOK_A,2025-12-07
TXN0004158173,APP008,2026-02-17,settled,82095.99,GBP,LATAM,CP0339,BOND,TDR0038,BOOK_B,2025-07-30
TXN0005773126,APP002,2025-07-07,settled,934819.34,GBP,EMEA,CP0297,EQUITY,TDR0193,BOOK_C,2025-03-19
TXN0005582059,APP009,2025-06-16,active,276720.42,USD,LATAM,CP0232,SWAP,TDR0022,BOOK_A,2026-02-03
TXN0006696791,APP014,2026-03-28,pending,283682.46,USD,AMER,CP0341,OPTION,TDR0192,BOOK_D,2025-08-25
TXN0006955628,APP003,2025-03-24,settled,685851.24,CHF,LATAM,CP0304,EQUITY,TDR0122,BOOK_A,2026-03-03
TXN0004278933,APP014,2025-06-27,active,839565.7,EUR,AMER,CP0066,EQUITY,TDR0004,BOOK_A,2025-05-28
TXN0002150924,APP008,2026-03-26,failed,210100.85,JPY,APAC,CP0080,BOND,TDR0171,BOOK_A,2025-07-20
TXN0008048815,APP018,2025-10-13,pending,461954.53,EUR,APAC,CP0139,BOND,TDR0010,BOOK_D,2025-01-10
TXN0003033807,APP003,2025-10-24,reversed,496631.23,CHF,AMER,CP0138,EQUITY,TDR0120,BOOK_B,2025-05-26
TXN0007856857,APP015,2025-06-25,reversed,691004.32,CHF,APAC,CP0158,BOND,TDR0197,BOOK_A,2025-07-27
TXN0007631183,APP006,2025-04-20,failed,586673.71,EUR,APAC,CP0482,FUTURE,TDR0105,BOOK_C,2025-11-06
TXN0003216579,APP014,2026-01-19,failed,226907.35,EUR,AMER,CP0332,BOND,TDR0051,BOOK_A,2026-02-01
TXN0007066550,APP013,2025-08-15,failed,377437.21,EUR,APAC,CP0366,BOND,TDR0065,BOOK_A,2025-02-17
TXN0002401150,APP012,2025-03-23,failed,378994.52,USD,LATAM,CP0413,FX,TDR0086,BOOK_B,2025-06-13
TXN0005885889,APP002,2025-08-14,active,121835.01,JPY,AMER,CP0394,FX,TDR0088,BOOK_B,2025-10-30
TXN0002646672,APP018,2026-01-30,pending,33347.99,USD,AMER,CP0469,OPTION,TDR0082,BOOK_D,2025-07-19
TXN0008393050,APP006,2025-04-19,settled,817055.48,EUR,APAC,CP0474,BOND,TDR0089,BOOK_B,2026-01-03
TXN0009233892,APP018,2026-01-18,active,978204.71,GBP,EMEA,CP0111,SWAP,TDR0032,BOOK_B,2025-01-26
TXN0005708069,APP003,2026-03-12,pending,178031.03,USD,EMEA,CP0311,EQUITY,TDR0032,BOOK_A,2025-08-06
TXN0003588741,APP002,2025-11-13,reversed,393082.86,CHF,EMEA,CP0477,FUTURE,TDR0001,BOOK_A,2026-03-28
TXN0004419081,APP012,2025-01-18,pending,618754.54,USD,EMEA,CP0164,EQUITY,TDR0082,BOOK_A,2025-09-25
TXN0008236365,APP015,2026-01-04,active,397433.69,EUR,EMEA,CP0335,FX,TDR0003,BOOK_B,2025-09-18
TXN0009125869,APP012,2026-02-22,failed,226088.05,EUR,LATAM,CP0212,OPTION,TDR0177,BOOK_D,2025-02-11
TXN0003945793,APP020,2025-06-02,pending,217823.91,GBP,APAC,CP0216,FX,TDR0062,BOOK_C,2025-03-27
TXN0005055004,APP001,2025-09-05,pending,241329.01,EUR,LATAM,CP0374,FX,TDR0179,BOOK_C,2025-08-11
TXN0008533810,APP020,2025-01-16,pending,349710.03,GBP,APAC,CP0377,SWAP,TDR0174,BOOK_B,2025-02-23
TXN0005715752,APP005,2025-11-30,active,183068.65,EUR,LATAM,CP0017,FX,TDR0017,BOOK_C,2025-10-23
TXN0007169556,APP009,2025-07-04,failed,981676.88,GBP,EMEA,CP0221,OPTION,TDR0147,BOOK_B,2025-10-29
TXN0007992233,APP015,2025-12-13,settled,681840.27,GBP,EMEA,CP0454,FX,TDR0013,BOOK_A,2025-08-12
TXN0000790535,APP014,2025-09-15,settled,675236.81,AUD,EMEA,CP0390,FX,TDR0185,BOOK_A,2025-03-25
TXN0008996809,APP005,2025-11-11,settled,19345.46,USD,LATAM,CP0164,SWAP,TDR0085,BOOK_D,2025-06-17
TXN0004428696,APP019,2025-03-04,reversed,125106.02,GBP,APAC,CP0392,FUTURE,TDR0143,BOOK_C,2025-05-14
TXN0003566665,APP011,2026-02-03,pending,561781.75,EUR,EMEA,CP0165,BOND,TDR0193,BOOK_C,2025-07-20
TXN0007961798,APP008,2025-11-05,settled,855703.11,AUD,EMEA,CP0345,SWAP,TDR0161,BOOK_D,2025-01-12
TXN0002430755,APP006,2025-07-17,settled,533010.34,USD,EMEA,CP0253,OPTION,TDR0092,BOOK_A,2025-01-08
TXN0009393820,APP006,2026-04-03,pending,877947.75,CHF,AMER,CP0245,EQUITY,TDR0160,BOOK_A,2025-03-23
TXN0004724623,APP020,2025-12-12,reversed,180589.1,EUR,APAC,CP0210,SWAP,TDR0130,BOOK_D,2025-09-19
TXN0000447365,APP012,2025-12-24,settled,365931.78,JPY,LATAM,CP0492,SWAP,TDR0017,BOOK_C,2026-04-09
TXN0009537718,APP017,2025-06-21,failed,507281.83,GBP,EMEA,CP0374,SWAP,TDR0062,BOOK_C,2026-03-31
TXN0009376348,APP010,2025-04-16,reversed,644953.53,USD,LATAM,CP0004,BOND,TDR0173,BOOK_B,2025-10-01
TXN0006104325,APP001,2025-10-12,reversed,940045.66,USD,LATAM,CP0238,SWAP,TDR0032,BOOK_C,2025-11-16
TXN0006948819,APP002,2025-08-09,active,458570.79,JPY,APAC,CP0073,FUTURE,TDR0197,BOOK_D,2026-02-10
TXN0000390176,APP012,2026-01-15,active,382823.95,USD,AMER,CP0056,BOND,TDR0091,BOOK_B,2025-10-28
TXN0000209475,APP013,2025-12-26,pending,667523.22,USD,LATAM,CP0118,FUTURE,TDR0164,BOOK_D,2025-09-06
TXN0004375526,APP015,2025-08-19,pending,581970.4,JPY,EMEA,CP0366,OPTION,TDR0093,BOOK_A,2025-05-29
TXN0006070156,APP014,2025-07-07,failed,766889.28,JPY,AMER,CP0363,OPTION,TDR0177,BOOK_C,2025-12-21
TXN0003676067,APP020,2025-06-22,failed,142252.86,AUD,APAC,CP0486,BOND,TDR0019,BOOK_D,2026-04-04
TXN0008133534,APP007,2025-02-26,reversed,63712.86,EUR,AMER,CP0476,FUTURE,TDR0119,BOOK_A,2025-08-15
TXN0000132038,APP009,2026-03-17,failed,980323.04,AUD,APAC,CP0473,EQUITY,TDR0096,BOOK_B,2026-03-21
TXN0003748744,APP005,2025-11-16,pending,496543.38,CHF,AMER,CP0461,SWAP,TDR0044,BOOK_B,2026-01-01
TXN0003698218,APP003,2025-05-04,active,226401.19,GBP,EMEA,CP0488,FX,TDR0032,BOOK_A,2025-12-07
TXN0008186048,APP019,2025-12-24,active,238232.93,USD,LATAM,CP0336,SWAP,TDR0150,BOOK_B,2026-03-19
TXN0003964914,APP001,2025-12-23,failed,116878.84,EUR,AMER,CP0467,BOND,TDR0027,BOOK_D,2025-05-12
TXN0008099588,APP014,2025-06-12,active,467355.04,JPY,AMER,CP0452,EQUITY,TDR0104,BOOK_A,2026-01-06
TXN0006922774,APP012,2025-10-03,pending,108953.96,USD,AMER,CP0382,BOND,TDR0150,BOOK_B,2025-07-29
TXN0001641416,APP012,2025-08-11,active,178491.89,AUD,AMER,CP0114,FUTURE,TDR0043,BOOK_C,2025-04-09
TXN0005967498,APP002,2026-03-25,settled,159772.85,AUD,AMER,CP0003,FX,TDR0130,BOOK_C,2025-03-26
TXN0000043403,APP017,2025-10-02,active,654164.64,JPY,EMEA,CP0362,OPTION,TDR0065,BOOK_C,2025-12-24
TXN0007990956,APP001,2025-02-09,reversed,632709.24,USD,EMEA,CP0448,OPTION,TDR0016,BOOK_C,2025-03-15
TXN0002876582,APP006,2025-07-18,pending,929382.45,USD,APAC,CP0156,BOND,TDR0186,BOOK_B,2026-04-04
TXN0004379952,APP004,2025-09-04,failed,2674.09,GBP,LATAM,CP0233,OPTION,TDR0073,BOOK_C,2025-08-15
TXN0009544112,APP019,2025-04-08,settled,715936.42,GBP,LATAM,CP0112,FX,TDR0170,BOOK_D,2025-08-08
TXN0009558365,APP009,2025-04-16,settled,438797.19,JPY,AMER,CP0060,EQUITY,TDR0077,BOOK_D,2025-04-03
TXN0009266722,APP009,2025-09-28,settled,310479.14,USD,AMER,CP0168,SWAP,TDR0188,BOOK_B,2026-04-01
TXN0001925200,APP011,2026-02-15,active,548333.34,EUR,AMER,CP0177,OPTION,TDR0055,BOOK_A,2025-01-13
TXN0009088883,APP001,2025-11-30,failed,684579.04,AUD,EMEA,CP0038,OPTION,TDR0114,BOOK_B,2026-03-13
TXN0005320389,APP018,2025-01-28,failed,385517.16,GBP,EMEA,CP0292,EQUITY,TDR0065,BOOK_A,2026-03-11
TXN0007034239,APP019,2025-08-27,active,939086.96,GBP,APAC,CP0204,BOND,TDR0105,BOOK_D,2025-12-05
TXN0004632070,APP010,2026-02-15,failed,158883.86,GBP,AMER,CP0114,BOND,TDR0129,BOOK_C,2026-03-03
TXN0005496588,APP012,2026-02-15,active,203151.49,JPY,LATAM,CP0317,EQUITY,TDR0054,BOOK_A,2025-02-02
TXN0003768515,APP016,2026-03-09,pending,554086.35,GBP,LATAM,CP0305,BOND,TDR0156,BOOK_B,2026-01-05
TXN0002237743,APP005,2026-01-14,settled,8319.85,CHF,APAC,CP0089,EQUITY,TDR0067,BOOK_B,2025-06-29
TXN0007308501,APP019,2025-12-27,active,192389.57,GBP,LATAM,CP0225,FUTURE,TDR0016,BOOK_C,2025-11-27
TXN0007244736,APP009,2025-05-01,settled,31490.91,CHF,LATAM,CP0147,EQUITY,TDR0191,BOOK_C,2025-11-06
TXN0009896277,APP020,2026-03-31,reversed,389380.68,AUD,EMEA,CP0268,EQUITY,TDR0135,BOOK_C,2025-06-03
TXN0007467554,APP008,2025-09-10,failed,148268.43,CHF,EMEA,CP0190,OPTION,TDR0188,BOOK_A,2025-09-18
TXN0002358340,APP017,2025-07-05,pending,387962.88,USD,APAC,CP0303,SWAP,TDR0100,BOOK_B,2025-07-02
TXN0000141459,APP001,2025-03-06,reversed,881253.33,AUD,LATAM,CP0185,FUTURE,TDR0043,BOOK_C,2025-12-26
TXN0006138952,APP020,2026-04-12,active,35033.1,GBP,APAC,CP0030,BOND,TDR0157,BOOK_B,2025-08-29
TXN0004827708,APP016,2025-09-02,active,762320.41,EUR,AMER,CP0478,FUTURE,TDR0143,BOOK_A,2025-09-20
TXN0002511493,APP005,2025-09-17,failed,252193.59,CHF,AMER,CP0369,EQUITY,TDR0026,BOOK_B,2025-11-17
TXN0003608314,APP019,2025-04-13,failed,536786.08,CHF,AMER,CP0106,SWAP,TDR0007,BOOK_B,2026-04-06
TXN0003011612,APP019,2026-03-19,settled,15936.6,GBP,AMER,CP0357,OPTION,TDR0156,BOOK_D,2025-09-13
TXN0007255120,APP016,2025-08-15,failed,348398.35,GBP,AMER,CP0105,FX,TDR0185,BOOK_A,2025-08-17
TXN0001803866,APP019,2026-01-04,pending,602629.11,AUD,EMEA,CP0151,FX,TDR0196,BOOK_C,2025-06-29
TXN0005814172,APP001,2026-03-18,failed,896392.44,JPY,AMER,CP0055,EQUITY,TDR0149,BOOK_A,2025-08-29
TXN0000729601,APP001,2025-03-07,reversed,179481.54,USD,LATAM,CP0091,SWAP,TDR0145,BOOK_A,2025-04-20
TXN0008832639,APP011,2025-11-18,active,39189.15,CHF,LATAM,CP0223,FX,TDR0126,BOOK_C,2025-04-22
TXN0003622305,APP003,2026-01-04,reversed,540597.3,GBP,LATAM,CP0324,FX,TDR0114,BOOK_C,2025-07-23
TXN0004588352,APP019,2026-03-27,failed,634179.98,EUR,APAC,CP0123,FX,TDR0163,BOOK_B,2026-01-03
TXN0008173267,APP007,2025-07-09,failed,590973.84,JPY,APAC,CP0156,OPTION,TDR0117,BOOK_D,2025-01-10
TXN0005999558,APP004,2025-05-26,pending,151958.81,GBP,AMER,CP0392,BOND,TDR0080,BOOK_A,2026-01-28
TXN0006642233,APP016,2025-06-08,pending,531066.71,EUR,LATAM,CP0179,FUTURE,TDR0023,BOOK_A,2026-01-16
TXN0005817151,APP011,2026-03-07,settled,292982.22,EUR,AMER,CP0028,SWAP,TDR0128,BOOK_B,2025-05-14
TXN0008225038,APP004,2025-09-14,active,230534.19,AUD,AMER,CP0046,EQUITY,TDR0052,BOOK_D,2025-06-14
TXN0007139202,APP018,2025-05-27,active,955393.47,USD,LATAM,CP0119,OPTION,TDR0005,BOOK_B,2025-08-26
TXN0009891506,APP020,2025-12-08,pending,432100.59,JPY,EMEA,CP0485,SWAP,TDR0111,BOOK_C,2025-08-18
TXN0006047434,APP018,2025-09-26,pending,661413.12,GBP,LATAM,CP0390,FX,TDR0059,BOOK_A,2025-01-02
TXN0001778390,APP009,2025-01-22,pending,485322.92,JPY,AMER,CP0390,EQUITY,TDR0050,BOOK_D,2025-03-17
TXN0009952912,APP016,2025-02-05,settled,410569.19,GBP,AMER,CP0463,OPTION,TDR0072,BOOK_B,2025-07-21
TXN0001276383,APP005,2025-09-02,active,84561.66,USD,APAC,CP0358,EQUITY,TDR0160,BOOK_D,2025-02-15
TXN0005211306,APP008,2025-07-08,active,243923.07,JPY,LATAM,CP0402,BOND,TDR0171,BOOK_B,2025-02-18
TXN0003538282,APP016,2025-03-19,reversed,121543.72,GBP,LATAM,CP0383,SWAP,TDR0122,BOOK_B,2025-03-11
TXN0006618324,APP006,2026-03-29,settled,470787.54,AUD,APAC,CP0013,SWAP,TDR0116,BOOK_D,2025-06-29
TXN0004719266,APP006,2025-08-13,pending,11297.05,GBP,AMER,CP0219,BOND,TDR0065,BOOK_B,2025-08-26
TXN0004552085,APP010,2025-10-28,pending,748038.8,CHF,LATAM,CP0420,SWAP,TDR0034,BOOK_A,2025-05-30
TXN0009979720,APP020,2025-02-12,pending,291315.91,JPY,LATAM,CP0278,OPTION,TDR0007,BOOK_A,2026-03-16
TXN0009626152,APP001,2025-02-25,pending,95298.07,GBP,LATAM,CP0325,EQUITY,TDR0054,BOOK_B,2025-06-21
TXN0007778214,APP017,2025-03-13,pending,952896.19,GBP,EMEA,CP0063,FUTURE,TDR0152,BOOK_A,2025-02-08
TXN0008688045,APP007,2026-03-06,pending,340583.43,EUR,EMEA,CP0020,OPTION,TDR0031,BOOK_C,2026-02-19
TXN0009602695,APP013,2025-07-07,active,207248.01,EUR,EMEA,CP0229,EQUITY,TDR0195,BOOK_C,2025-09-22
TXN0000875551,APP009,2025-04-13,active,448589.08,CHF,LATAM,CP0419,FUTURE,TDR0195,BOOK_C,2025-07-13
TXN0004522402,APP010,2025-09-14,reversed,270193.72,USD,AMER,CP0240,FX,TDR0099,BOOK_A,2026-03-02
TXN0005620811,APP009,2025-02-14,failed,507417.49,CHF,APAC,CP0494,OPTION,TDR0073,BOOK_D,2025-12-21
TXN0006770900,APP001,2025-11-26,reversed,503387.32,USD,APAC,CP0055,FX,TDR0086,BOOK_A,2025-10-08
TXN0002991089,APP006,2025-05-30,active,78359.79,CHF,LATAM,CP0373,OPTION,TDR0060,BOOK_B,2025-08-01
TXN0007203032,APP012,2025-06-07,settled,808018.3,CHF,LATAM,CP0215,OPTION,TDR0014,BOOK_A,2026-02-22
TXN0001673741,APP008,2025-08-17,failed,206681.01,GBP,LATAM,CP0257,BOND,TDR0010,BOOK_A,2026-01-03
TXN0005479193,APP012,2025-06-13,failed,284335.09,AUD,LATAM,CP0204,EQUITY,TDR0072,BOOK_B,2025-01-27
TXN0009894396,APP007,2025-03-01,reversed,122689.78,GBP,AMER,CP0353,OPTION,TDR0137,BOOK_A,2026-02-13
TXN0000845596,APP019,2025-01-09,reversed,831540.96,GBP,APAC,CP0222,FX,TDR0026,BOOK_A,2025-04-18
TXN0007445583,APP010,2025-09-20,failed,232704.88,AUD,EMEA,CP0207,EQUITY,TDR0146,BOOK_A,2025-10-22
TXN0007646114,APP004,2026-02-22,failed,64137.46,CHF,APAC,CP0108,SWAP,TDR0027,BOOK_C,2025-11-30
TXN0006074140,APP009,2025-12-29,active,849210.38,JPY,APAC,CP0283,SWAP,TDR0056,BOOK_C,2025-09-20
TXN0006462630,APP004,2025-03-02,settled,364367.94,AUD,APAC,CP0105,OPTION,TDR0130,BOOK_B,2025-10-11
TXN0008229471,APP011,2025-03-14,failed,867667.76,JPY,APAC,CP0345,OPTION,TDR0129,BOOK_D,2025-09-08
TXN0005089592,APP005,2026-01-18,reversed,222298.34,JPY,AMER,CP0031,OPTION,TDR0176,BOOK_A,2026-02-20
TXN0006414164,APP011,2025-09-12,reversed,973301.19,USD,APAC,CP0377,FUTURE,TDR0104,BOOK_A,2025-11-14
TXN0009889451,APP011,2026-02-06,active,378386.95,GBP,APAC,CP0130,FX,TDR0128,BOOK_A,2025-07-03
TXN0004992769,APP006,2025-06-24,settled,936734.2,EUR,AMER,CP0068,SWAP,TDR0064,BOOK_C,2025-04-09
TXN0000937615,APP001,2025-12-08,settled,997289.81,JPY,LATAM,CP0268,EQUITY,TDR0058,BOOK_C,2025-03-28
TXN0003634977,APP003,2025-03-25,failed,924509.5,AUD,LATAM,CP0376,FX,TDR0194,BOOK_A,2025-04-30
TXN0001073349,APP008,2025-06-02,failed,448019.41,GBP,EMEA,CP0223,SWAP,TDR0104,BOOK_B,2026-01-12
TXN0006708433,APP016,2025-01-04,active,120811.98,USD,LATAM,CP0408,FX,TDR0113,BOOK_B,2025-04-27
TXN0001013726,APP010,2026-01-25,settled,956664.0,EUR,EMEA,CP0455,FX,TDR0058,BOOK_C,2026-04-07
TXN0006041188,APP002,2025-03-30,active,628383.37,USD,EMEA,CP0384,OPTION,TDR0036,BOOK_A,2025-05-10
TXN0007834478,APP012,2025-10-20,active,80241.63,AUD,EMEA,CP0134,OPTION,TDR0106,BOOK_B,2025-08-12
TXN0003561725,APP010,2025-02-12,settled,581401.1,AUD,EMEA,CP0397,SWAP,TDR0136,BOOK_D,2025-11-26
TXN0006571798,APP005,2025-02-01,active,976903.61,JPY,AMER,CP0404,FUTURE,TDR0053,BOOK_B,2025-06-17
TXN0007454581,APP007,2026-03-24,active,131713.15,AUD,AMER,CP0297,SWAP,TDR0131,BOOK_A,2025-09-06
TXN0008901308,APP013,2025-10-07,settled,730291.73,JPY,LATAM,CP0308,EQUITY,TDR0041,BOOK_D,2026-01-24
TXN0008114149,APP012,2025-06-01,pending,373723.13,USD,AMER,CP0419,SWAP,TDR0183,BOOK_C,2025-01-02
TXN0009061323,APP016,2025-05-28,failed,140611.22,AUD,APAC,CP0035,EQUITY,TDR0005,BOOK_C,2025-07-04
TXN0004937329,APP018,2025-05-31,pending,988117.09,CHF,LATAM,CP0167,OPTION,TDR0068,BOOK_C,2025-05-13
TXN0008356084,APP005,2026-01-24,active,546379.9,JPY,LATAM,CP0100,FUTURE,TDR0045,BOOK_D,2025-08-18
TXN0007173493,APP012,2025-03-24,pending,836884.99,AUD,AMER,CP0233,FUTURE,TDR0096,BOOK_D,2026-03-22
TXN0006461299,APP019,2025-11-05,active,191341.82,USD,APAC,CP0395,BOND,TDR0081,BOOK_B,2025-01-30
TXN0005005812,APP012,2025-01-24,reversed,169250.17,USD,APAC,CP0016,EQUITY,TDR0175,BOOK_D,2025-07-29
TXN0004948791,APP017,2025-12-08,pending,35407.43,JPY,LATAM,CP0009,SWAP,TDR0144,BOOK_D,2026-03-24
TXN0001946670,APP006,2025-06-23,pending,14238.15,AUD,LATAM,CP0317,EQUITY,TDR0159,BOOK_D,2025-07-02
TXN0004790044,APP002,2026-03-05,settled,554160.4,CHF,EMEA,CP0336,OPTION,TDR0108,BOOK_D,2025-08-15
TXN0002850373,APP018,2025-07-13,settled,237281.59,AUD,AMER,CP0352,OPTION,TDR0109,BOOK_C,2025-06-27
TXN0008538312,APP005,2025-11-29,reversed,459054.51,USD,APAC,CP0151,EQUITY,TDR0090,BOOK_B,2025-08-01
TXN0001556258,APP014,2026-01-09,failed,47547.68,EUR,AMER,CP0353,EQUITY,TDR0136,BOOK_B,2026-04-04
TXN0007072209,APP011,2025-01-16,active,741738.51,AUD,EMEA,CP0163,OPTION,TDR0138,BOOK_A,2025-05-09
TXN0003486209,APP017,2025-11-25,failed,960672.28,AUD,AMER,CP0055,EQUITY,TDR0157,BOOK_A,2025-04-04
TXN0003830665,APP009,2025-05-01,reversed,61503.49,CHF,EMEA,CP0414,BOND,TDR0018,BOOK_C,2025-06-22
TXN0000976868,APP003,2025-01-26,settled,535729.37,AUD,AMER,CP0281,EQUITY,TDR0088,BOOK_A,2025-11-24
TXN0000760110,APP015,2025-11-08,reversed,608557.22,EUR,LATAM,CP0216,FUTURE,TDR0068,BOOK_A,2025-01-27
TXN0002734429,APP009,2025-10-30,reversed,36355.63,USD,AMER,CP0065,EQUITY,TDR0082,BOOK_D,2025-10-13
TXN0005435098,APP013,2026-01-07,pending,950733.18,GBP,LATAM,CP0036,SWAP,TDR0020,BOOK_B,2026-02-25
TXN0002989506,APP013,2025-02-13,failed,423879.21,AUD,EMEA,CP0353,EQUITY,TDR0056,BOOK_D,2025-02-18
TXN0007415112,APP010,2025-10-26,active,685895.53,JPY,AMER,CP0346,OPTION,TDR0011,BOOK_A,2025-09-22
TXN0007562472,APP006,2025-04-10,active,48449.79,GBP,LATAM,CP0449,OPTION,TDR0090,BOOK_B,2025-10-20
TXN0004257275,APP009,2026-03-30,settled,140098.25,USD,APAC,CP0242,FUTURE,TDR0101,BOOK_B,2025-12-04
TXN0008997567,APP016,2025-01-22,pending,2785.17,JPY,APAC,CP0189,FUTURE,TDR0071,BOOK_A,2025-03-29
TXN0001857365,APP010,2025-04-08,failed,198446.56,CHF,LATAM,CP0437,FUTURE,TDR0074,BOOK_A,2025-06-08
TXN0004068656,APP015,2025-03-12,settled,459227.6,GBP,APAC,CP0311,FUTURE,TDR0149,BOOK_A,2025-03-04
TXN0000966725,APP017,2025-01-22,active,856288.26,CHF,EMEA,CP0493,OPTION,TDR0010,BOOK_A,2026-02-04
TXN0002229360,APP010,2026-01-18,failed,591545.38,GBP,APAC,CP0125,EQUITY,TDR0187,BOOK_C,2025-06-07
TXN0006417813,APP019,2025-04-24,settled,74782.83,USD,EMEA,CP0364,FUTURE,TDR0004,BOOK_A,2025-07-04
TXN0003728025,APP004,2025-10-21,failed,39843.17,CHF,APAC,CP0054,FUTURE,TDR0099,BOOK_C,2026-04-11
TXN0009118479,APP009,2025-11-20,settled,924016.13,EUR,LATAM,CP0305,EQUITY,TDR0141,BOOK_A,2025-03-21
TXN0000125793,APP016,2025-04-11,failed,80352.2,EUR,EMEA,CP0112,EQUITY,TDR0103,BOOK_C,2026-04-12
TXN0008369239,APP008,2025-09-12,reversed,213786.4,AUD,APAC,CP0398,BOND,TDR0034,BOOK_B,2025-03-17
TXN0004982467,APP013,2025-04-04,active,557949.77,USD,EMEA,CP0323,EQUITY,TDR0171,BOOK_A,2025-04-11
TXN0006277770,APP003,2025-10-01,settled,28009.5,EUR,AMER,CP0184,SWAP,TDR0180,BOOK_C,2025-01-16
TXN0003704064,APP010,2025-04-27,active,30729.62,AUD,APAC,CP0233,BOND,TDR0064,BOOK_D,2025-02-14
TXN0000098515,APP002,2025-12-18,active,152953.49,AUD,EMEA,CP0334,OPTION,TDR0150,BOOK_D,2025-01-28
TXN0007205883,APP017,2025-03-15,failed,934033.3,GBP,EMEA,CP0125,SWAP,TDR0079,BOOK_A,2025-08-28
TXN0003458842,APP001,2025-11-22,reversed,237453.48,JPY,EMEA,CP0282,SWAP,TDR0104,BOOK_B,2025-05-23
TXN0004761373,APP013,2025-11-22,pending,626229.73,USD,AMER,CP0464,FX,TDR0147,BOOK_C,2025-02-28
TXN0003547877,APP007,2025-03-14,active,248939.04,EUR,APAC,CP0350,FUTURE,TDR0054,BOOK_D,2025-07-04
TXN0002011695,APP007,2025-12-02,failed,437829.29,JPY,LATAM,CP0395,SWAP,TDR0180,BOOK_D,2025-03-06
TXN0004938856,APP006,2025-03-27,failed,160522.11,EUR,APAC,CP0165,FUTURE,TDR0115,BOOK_A,2025-12-19
TXN0007099353,APP013,2025-09-23,settled,153026.03,GBP,EMEA,CP0349,BOND,TDR0147,BOOK_B,2026-02-02
TXN0004593502,APP016,2026-02-24,active,878044.36,CHF,EMEA,CP0263,FUTURE,TDR0027,BOOK_B,2026-02-13
TXN0008968574,APP019,2026-03-24,active,62400.13,GBP,EMEA,CP0404,BOND,TDR0045,BOOK_B,2025-10-02
TXN0002779180,APP003,2025-02-03,active,477158.81,CHF,APAC,CP0020,FUTURE,TDR0130,BOOK_D,2025-02-04
TXN0009840770,APP002,2025-12-27,settled,710950.41,EUR,LATAM,CP0018,BOND,TDR0145,BOOK_B,2025-03-16
TXN0001837985,APP017,2025-04-26,failed,188410.08,USD,AMER,CP0422,FUTURE,TDR0018,BOOK_D,2025-09-14
TXN0005509738,APP008,2025-12-07,pending,25251.79,USD,LATAM,CP0260,BOND,TDR0103,BOOK_A,2025-10-02
TXN0008174113,APP018,2025-01-10,active,696691.88,AUD,EMEA,CP0348,FX,TDR0081,BOOK_C,2026-03-14
TXN0009647037,APP001,2025-04-12,active,871130.16,USD,EMEA,CP0003,SWAP,TDR0166,BOOK_B,2025-03-09
TXN0000402221,APP012,2025-11-23,settled,242248.14,EUR,AMER,CP0431,EQUITY,TDR0009,BOOK_C,2025-07-07
TXN0005388328,APP014,2025-12-02,settled,96065.42,EUR,APAC,CP0343,FUTURE,TDR0026,BOOK_C,2025-12-02
TXN0004726526,APP008,2025-07-19,pending,166622.87,USD,APAC,CP0125,OPTION,TDR0152,BOOK_B,2025-09-27
TXN0009634614,APP014,2025-05-19,failed,594521.86,CHF,APAC,CP0179,EQUITY,TDR0057,BOOK_A,2026-03-06
TXN0006707999,APP015,2025-08-11,pending,239108.08,JPY,LATAM,CP0279,BOND,TDR0170,BOOK_B,2026-02-27
TXN0005041864,APP007,2026-03-24,active,648892.04,CHF,LATAM,CP0286,BOND,TDR0153,BOOK_B,2025-11-06
TXN0006351291,APP001,2025-07-14,failed,550615.63,AUD,AMER,CP0489,FX,TDR0153,BOOK_B,2025-06-15
TXN0003497866,APP010,2025-10-18,reversed,327760.13,JPY,AMER,CP0129,SWAP,TDR0079,BOOK_A,2025-05-18
TXN0006675330,APP007,2025-04-24,active,47341.03,JPY,APAC,CP0243,FUTURE,TDR0087,BOOK_A,2025-07-03
TXN0009721145,APP004,2025-04-19,settled,241440.95,GBP,AMER,CP0202,EQUITY,TDR0099,BOOK_A,2026-02-14
TXN0009515157,APP007,2025-03-30,pending,915214.26,CHF,AMER,CP0313,FX,TDR0146,BOOK_C,2025-09-04
TXN0008384592,APP011,2025-03-12,settled,648536.33,JPY,AMER,CP0043,OPTION,TDR0020,BOOK_A,2025-12-19
TXN0000514927,APP019,2025-10-28,pending,905335.23,JPY,LATAM,CP0498,FX,TDR0036,BOOK_C,2025-05-09
TXN0008012363,APP007,2025-07-21,settled,342343.31,USD,LATAM,CP0049,BOND,TDR0179,BOOK_D,2025-05-02
TXN0008661808,APP005,2025-02-26,pending,339316.22,USD,EMEA,CP0165,OPTION,TDR0199,BOOK_D,2025-06-25
TXN0008978761,APP009,2025-03-01,settled,237538.54,USD,LATAM,CP0467,FUTURE,TDR0023,BOOK_B,2026-03-24
TXN0009991268,APP009,2025-06-16,active,835360.5,AUD,LATAM,CP0203,FX,TDR0070,BOOK_B,2025-06-06
TXN0009581802,APP020,2025-06-25,failed,292469.61,CHF,APAC,CP0270,SWAP,TDR0187,BOOK_B,2025-10-21
TXN0000812779,APP012,2025-02-21,active,138038.47,GBP,AMER,CP0187,FX,TDR0087,BOOK_B,2026-01-08
TXN0000811320,APP013,2026-01-16,active,592788.56,CHF,AMER,CP0424,FUTURE,TDR0062,BOOK_A,2025-09-07
TXN0004847937,APP002,2025-05-29,reversed,133502.02,AUD,APAC,CP0140,EQUITY,TDR0036,BOOK_A,2026-01-31
TXN0001347948,APP011,2026-03-20,active,461269.51,AUD,AMER,CP0272,EQUITY,TDR0197,BOOK_D,2025-12-20
TXN0004118945,APP019,2025-02-08,pending,903232.08,EUR,EMEA,CP0059,BOND,TDR0187,BOOK_A,2025-07-04
TXN0004424053,APP002,2025-09-24,pending,334552.24,AUD,APAC,CP0403,EQUITY,TDR0075,BOOK_C,2025-10-11
TXN0004110209,APP007,2026-03-22,reversed,193207.86,JPY,LATAM,CP0061,FX,TDR0033,BOOK_A,2025-06-04
TXN0001698849,APP017,2025-05-03,failed,206105.79,AUD,APAC,CP0039,FX,TDR0139,BOOK_C,2025-11-14
TXN0004239022,APP015,2026-03-11,active,206559.92,GBP,APAC,CP0087,FUTURE,TDR0059,BOOK_A,2025-12-19
TXN0001064270,APP005,2025-10-21,active,357232.79,GBP,LATAM,CP0273,EQUITY,TDR0089,BOOK_C,2026-01-06
TXN0009146226,APP018,2025-06-22,settled,628801.69,EUR,AMER,CP0313,EQUITY,TDR0072,BOOK_C,2026-03-24
TXN0000249912,APP010,2025-01-21,active,280301.78,GBP,EMEA,CP0122,EQUITY,TDR0171,BOOK_C,2025-11-23
TXN0004721664,APP004,2025-03-09,failed,999411.06,CHF,AMER,CP0277,SWAP,TDR0174,BOOK_B,2025-12-07
TXN0005018728,APP011,2025-07-11,pending,226264.18,JPY,AMER,CP0353,FUTURE,TDR0165,BOOK_C,2025-03-25
TXN0005448581,APP002,2025-02-07,active,543847.18,AUD,EMEA,CP0130,BOND,TDR0007,BOOK_C,2025-08-15
TXN0005725173,APP020,2025-11-18,settled,770641.22,AUD,EMEA,CP0040,OPTION,TDR0096,BOOK_D,2025-03-13
TXN0008608033,APP003,2025-10-12,reversed,36755.97,USD,AMER,CP0057,FX,TDR0144,BOOK_B,2025-04-13
TXN0005380793,APP018,2025-04-20,active,276159.22,GBP,LATAM,CP0369,FX,TDR0036,BOOK_B,2025-01-06
TXN0000005465,APP001,2025-02-14,pending,457993.87,USD,APAC,CP0398,OPTION,TDR0123,BOOK_D,2025-04-05
TXN0006525010,APP005,2025-02-16,reversed,748068.72,CHF,EMEA,CP0473,OPTION,TDR0179,BOOK_B,2026-02-26
TXN0000927657,APP013,2025-04-27,failed,111655.02,USD,EMEA,CP0301,SWAP,TDR0163,BOOK_B,2025-08-31
TXN0001186958,APP005,2025-08-22,failed,403894.38,JPY,LATAM,CP0374,BOND,TDR0011,BOOK_D,2025-09-29
TXN0001626176,APP007,2026-02-27,reversed,683673.58,JPY,AMER,CP0208,SWAP,TDR0107,BOOK_C,2025-03-26
TXN0008091166,APP015,2025-04-10,active,981589.66,AUD,LATAM,CP0311,FX,TDR0092,BOOK_B,2025-12-26
TXN0004107146,APP007,2025-01-10,active,273264.54,GBP,AMER,CP0210,BOND,TDR0114,BOOK_B,2026-02-10
TXN0002518851,APP008,2026-02-08,settled,356783.33,AUD,AMER,CP0469,BOND,TDR0057,BOOK_A,2025-04-18
TXN0002375428,APP001,2025-12-23,failed,844975.75,USD,EMEA,CP0088,BOND,TDR0178,BOOK_B,2025-06-08
TXN0009907890,APP008,2025-05-06,reversed,13173.94,GBP,AMER,CP0197,OPTION,TDR0069,BOOK_A,2025-02-19
TXN0004381510,APP014,2025-06-29,failed,906219.09,AUD,AMER,CP0204,FUTURE,TDR0172,BOOK_C,2026-01-26
TXN0007503519,APP007,2025-01-21,pending,678445.89,EUR,APAC,CP0363,SWAP,TDR0001,BOOK_D,2025-01-10
TXN0003541899,APP010,2025-06-05,failed,716667.6,CHF,APAC,CP0386,EQUITY,TDR0034,BOOK_D,2025-12-02
TXN0005929451,APP014,2026-01-05,reversed,709369.31,JPY,APAC,CP0026,EQUITY,TDR0050,BOOK_A,2025-12-26
TXN0003528784,APP002,2025-02-09,settled,171954.72,JPY,AMER,CP0302,FX,TDR0117,BOOK_B,2026-02-23
TXN0007993074,APP002,2025-11-03,settled,117650.56,EUR,EMEA,CP0379,BOND,TDR0192,BOOK_B,2026-03-23
TXN0003472515,APP017,2025-06-11,active,113585.27,GBP,LATAM,CP0195,SWAP,TDR0046,BOOK_D,2026-01-26
TXN0005397077,APP008,2026-01-06,reversed,347423.04,EUR,AMER,CP0018,EQUITY,TDR0119,BOOK_D,2026-03-20
TXN0000839780,APP004,2026-01-17,reversed,746219.12,CHF,APAC,CP0041,OPTION,TDR0101,BOOK_C,2025-01-27
TXN0009823689,APP002,2025-03-25,active,972349.56,USD,APAC,CP0402,BOND,TDR0014,BOOK_C,2025-08-12
TXN0006742466,APP012,2025-04-27,failed,640740.99,GBP,AMER,CP0224,OPTION,TDR0107,BOOK_B,2025-03-22
TXN0007484586,APP019,2025-01-16,active,641463.19,USD,EMEA,CP0140,OPTION,TDR0156,BOOK_A,2026-01-27
TXN0003773551,APP001,2026-03-01,pending,51486.39,GBP,APAC,CP0081,BOND,TDR0119,BOOK_A,2025-02-06
TXN0007160072,APP017,2025-11-20,active,206506.05,JPY,LATAM,CP0223,OPTION,TDR0103,BOOK_A,2025-11-22
TXN0001480852,APP008,2025-03-21,pending,225858.95,CHF,EMEA,CP0483,FUTURE,TDR0039,BOOK_B,2026-02-13
TXN0008483614,APP002,2025-09-15,active,683488.45,CHF,AMER,CP0250,SWAP,TDR0031,BOOK_C,2025-09-27
TXN0008575310,APP003,2026-01-26,pending,678760.31,AUD,AMER,CP0107,SWAP,TDR0040,BOOK_B,2025-03-08
TXN0007075402,APP016,2025-12-06,pending,113264.44,CHF,AMER,CP0191,FX,TDR0106,BOOK_A,2026-01-25
TXN0000329051,APP013,2025-03-30,active,285592.42,JPY,EMEA,CP0428,SWAP,TDR0162,BOOK_A,2025-01-16
TXN0009240686,APP019,2025-06-04,settled,199757.2,EUR,AMER,CP0234,FX,TDR0185,BOOK_A,2026-02-21
TXN0005201564,APP011,2025-08-07,active,875651.17,USD,LATAM,CP0060,OPTION,TDR0062,BOOK_A,2025-06-16
TXN0008369655,APP019,2025-03-16,failed,324009.26,USD,APAC,CP0478,OPTION,TDR0001,BOOK_C,2026-04-01
TXN0007971692,APP004,2025-10-31,active,248746.5,EUR,APAC,CP0484,SWAP,TDR0027,BOOK_A,2026-02-26
TXN0007315763,APP009,2025-08-24,failed,650521.46,AUD,LATAM,CP0463,SWAP,TDR0030,BOOK_D,2026-03-14
TXN0005937170,APP015,2025-11-23,active,776692.41,JPY,LATAM,CP0095,SWAP,TDR0068,BOOK_D,2025-11-07
TXN0002514849,APP012,2025-10-01,active,128513.68,CHF,AMER,CP0002,EQUITY,TDR0003,BOOK_A,2025-09-28
TXN0001362020,APP017,2025-02-13,reversed,144519.47,EUR,APAC,CP0461,EQUITY,TDR0085,BOOK_C,2025-12-12
TXN0007493995,APP001,2025-05-03,failed,194158.74,USD,EMEA,CP0273,BOND,TDR0138,BOOK_D,2025-07-29
TXN0004602176,APP012,2025-10-01,reversed,877033.04,CHF,EMEA,CP0399,FX,TDR0111,BOOK_C,2025-06-02
TXN0002637677,APP016,2025-11-21,failed,32440.51,USD,EMEA,CP0296,EQUITY,TDR0127,BOOK_D,2025-05-04
TXN0001796757,APP018,2026-04-14,settled,476066.08,USD,APAC,CP0466,SWAP,TDR0049,BOOK_C,2025-08-23
TXN0000105442,APP002,2025-09-11,settled,735826.47,EUR,LATAM,CP0475,EQUITY,TDR0160,BOOK_B,2025-10-09
TXN0003519509,APP020,2025-01-04,settled,938579.07,JPY,EMEA,CP0497,OPTION,TDR0166,BOOK_B,2026-02-27
TXN0003329163,APP002,2025-01-21,failed,223097.47,EUR,APAC,CP0491,SWAP,TDR0050,BOOK_A,2025-12-06
TXN0003382383,APP003,2025-03-25,reversed,127441.52,AUD,AMER,CP0335,FX,TDR0094,BOOK_A,2025-03-21
TXN0005417025,APP013,2025-03-09,reversed,489049.59,CHF,LATAM,CP0140,OPTION,TDR0009,BOOK_C,2025-07-02
TXN0006752450,APP010,2025-05-09,pending,218919.07,EUR,AMER,CP0226,FUTURE,TDR0151,BOOK_C,2025-07-29
TXN0007505377,APP017,2026-03-11,active,396808.28,JPY,LATAM,CP0371,OPTION,TDR0069,BOOK_C,2025-10-06
TXN0000675464,APP020,2026-01-04,settled,381035.16,AUD,EMEA,CP0421,BOND,TDR0156,BOOK_A,2025-10-04
TXN0003823626,APP010,2025-11-19,active,187348.11,AUD,APAC,CP0021,SWAP,TDR0092,BOOK_C,2025-05-11
TXN0002798137,APP014,2025-03-11,pending,994136.08,EUR,LATAM,CP0476,OPTION,TDR0006,BOOK_C,2025-12-19
TXN0008394904,APP016,2026-01-25,failed,753682.34,CHF,AMER,CP0212,SWAP,TDR0148,BOOK_A,2025-05-02
TXN0001448159,APP005,2026-01-22,active,644972.89,JPY,EMEA,CP0001,OPTION,TDR0158,BOOK_A,2026-02-20
TXN0006130111,APP002,2025-11-03,settled,212477.0,JPY,LATAM,CP0253,FX,TDR0106,BOOK_C,2025-11-29
TXN0009761517,APP018,2025-10-15,pending,509053.43,AUD,AMER,CP0316,FX,TDR0170,BOOK_A,2025-08-18
TXN0009176910,APP015,2026-02-18,reversed,461761.79,GBP,AMER,CP0115,SWAP,TDR0043,BOOK_A,2025-03-20
TXN0009463949,APP011,2025-12-19,pending,125253.12,AUD,LATAM,CP0031,SWAP,TDR0055,BOOK_A,2025-06-26
TXN0005414784,APP007,2026-02-08,failed,686972.84,AUD,AMER,CP0212,SWAP,TDR0004,BOOK_A,2026-02-25
TXN0007896694,APP005,2025-03-04,active,234840.25,EUR,LATAM,CP0156,OPTION,TDR0054,BOOK_C,2025-07-21
TXN0009602233,APP007,2025-11-03,pending,303378.72,JPY,APAC,CP0459,FUTURE,TDR0170,BOOK_A,2025-10-20
TXN0006640132,APP020,2025-09-11,settled,110869.02,JPY,EMEA,CP0061,EQUITY,TDR0037,BOOK_A,2025-03-23
TXN0001496807,APP011,2025-10-09,settled,922995.27,USD,LATAM,CP0497,FX,TDR0198,BOOK_A,2025-03-16
TXN0004333794,APP004,2026-03-24,active,241730.16,USD,EMEA,CP0305,OPTION,TDR0082,BOOK_B,2025-01-15
TXN0007702105,APP018,2026-02-28,reversed,573971.63,CHF,EMEA,CP0349,FX,TDR0031,BOOK_D,2026-01-08
TXN0001891269,APP007,2025-05-11,reversed,640520.67,EUR,APAC,CP0062,BOND,TDR0152,BOOK_D,2025-02-09
TXN0004804259,APP009,2025-02-14,pending,134177.67,JPY,AMER,CP0482,OPTION,TDR0009,BOOK_D,2025-10-18
TXN0006917451,APP017,2025-06-20,settled,886055.17,USD,AMER,CP0267,SWAP,TDR0085,BOOK_B,2025-06-28
TXN0002361641,APP006,2025-11-18,failed,645665.3,USD,APAC,CP0030,EQUITY,TDR0094,BOOK_B,2025-02-13
TXN0003886566,APP004,2025-03-26,failed,137688.38,AUD,EMEA,CP0457,BOND,TDR0089,BOOK_C,2026-03-21
TXN0003938633,APP013,2025-09-23,failed,426409.59,CHF,APAC,CP0183,OPTION,TDR0176,BOOK_C,2026-03-31
TXN0000328663,APP006,2025-10-28,pending,670439.11,CHF,APAC,CP0477,SWAP,TDR0124,BOOK_A,2025-08-24
TXN0006013662,APP007,2025-05-18,active,646558.95,AUD,AMER,CP0316,BOND,TDR0059,BOOK_A,2025-12-09
TXN0009181713,APP009,2025-09-07,pending,654014.24,GBP,AMER,CP0029,BOND,TDR0010,BOOK_D,2025-07-12
TXN0006286446,APP020,2025-12-29,active,870731.03,EUR,AMER,CP0274,FUTURE,TDR0097,BOOK_A,2025-08-18
TXN0005810917,APP017,2025-04-29,settled,10900.16,AUD,EMEA,CP0488,OPTION,TDR0183,BOOK_A,2025-08-12
TXN0003610838,APP019,2025-10-14,active,82345.88,EUR,AMER,CP0384,FX,TDR0009,BOOK_C,2025-08-26
TXN0009587624,APP002,2025-03-17,failed,361571.86,EUR,APAC,CP0244,EQUITY,TDR0150,BOOK_D,2025-10-28
TXN0003558374,APP006,2026-01-12,failed,459246.78,JPY,APAC,CP0147,FUTURE,TDR0130,BOOK_A,2025-05-21
TXN0009343400,APP007,2025-11-22,pending,893182.85,EUR,EMEA,CP0017,BOND,TDR0121,BOOK_C,2025-12-16
TXN0006778967,APP003,2025-03-15,settled,819811.63,USD,AMER,CP0117,FX,TDR0140,BOOK_B,2025-06-12
TXN0006202852,APP017,2026-01-08,pending,892480.7,JPY,EMEA,CP0049,EQUITY,TDR0026,BOOK_C,2025-06-20
TXN0000642374,APP007,2026-03-31,settled,343062.86,USD,EMEA,CP0115,EQUITY,TDR0156,BOOK_B,2025-03-25
TXN0009868659,APP015,2026-01-18,active,102247.37,CHF,APAC,CP0315,FX,TDR0113,BOOK_B,2025-06-30
TXN0009446427,APP003,2025-03-21,pending,972765.75,GBP,LATAM,CP0054,BOND,TDR0192,BOOK_A,2026-02-03
TXN0008824945,APP013,2025-01-15,active,66464.01,JPY,AMER,CP0073,FUTURE,TDR0166,BOOK_D,2025-08-22
TXN0004081474,APP012,2025-06-13,pending,234720.9,GBP,EMEA,CP0405,OPTION,TDR0089,BOOK_C,2025-05-05
TXN0009995500,APP004,2026-02-10,pending,560384.67,GBP,EMEA,CP0092,BOND,TDR0028,BOOK_B,2025-10-02
TXN0006313911,APP017,2025-09-26,failed,736189.0,CHF,APAC,CP0300,SWAP,TDR0066,BOOK_D,2026-01-22
TXN0008229474,APP010,2025-05-29,pending,932375.63,EUR,APAC,CP0272,BOND,TDR0084,BOOK_C,2025-09-28
TXN0005504035,APP004,2025-03-23,active,3634.49,GBP,AMER,CP0395,SWAP,TDR0069,BOOK_D,2026-02-22
TXN0004113048,APP003,2025-05-18,failed,587219.69,JPY,EMEA,CP0465,FUTURE,TDR0064,BOOK_D,2025-09-09
TXN0003792237,APP007,2025-12-11,active,922812.35,GBP,APAC,CP0214,SWAP,TDR0049,BOOK_D,2025-07-14
TXN0005473850,APP003,2025-04-01,reversed,675150.96,GBP,LATAM,CP0144,OPTION,TDR0180,BOOK_D,2025-07-04
TXN0001225134,APP013,2026-01-15,active,891801.26,GBP,LATAM,CP0470,EQUITY,TDR0081,BOOK_C,2025-09-16
TXN0004115902,APP019,2025-03-02,pending,786809.16,GBP,EMEA,CP0080,BOND,TDR0005,BOOK_A,2025-05-29
TXN0004799311,APP020,2025-02-25,pending,430996.58,USD,APAC,CP0296,OPTION,TDR0048,BOOK_B,2025-05-01
TXN0008753832,APP019,2025-03-04,reversed,448384.28,USD,LATAM,CP0393,OPTION,TDR0134,BOOK_C,2025-08-13
TXN0009047974,APP008,2025-08-23,pending,497695.74,USD,AMER,CP0103,FUTURE,TDR0088,BOOK_C,2025-06-27
TXN0005800266,APP001,2025-06-20,failed,531140.61,AUD,APAC,CP0269,FX,TDR0126,BOOK_D,2025-12-24
TXN0008011351,APP007,2025-12-20,pending,791767.56,JPY,LATAM,CP0144,OPTION,TDR0083,BOOK_D,2025-12-06
TXN0002293351,APP013,2025-11-22,failed,750237.38,AUD,APAC,CP0438,FUTURE,TDR0076,BOOK_C,2026-02-22
TXN0000890985,APP013,2025-09-17,failed,506354.76,CHF,AMER,CP0081,FX,TDR0175,BOOK_D,2025-12-23
TXN0000151404,APP006,2026-03-20,active,747432.03,JPY,EMEA,CP0487,OPTION,TDR0132,BOOK_A,2025-12-30
TXN0000832730,APP009,2025-09-06,reversed,431220.74,USD,LATAM,CP0364,SWAP,TDR0193,BOOK_A,2025-10-05
TXN0001481475,APP007,2025-04-21,reversed,293878.14,EUR,APAC,CP0033,FX,TDR0039,BOOK_A,2025-05-30
TXN0004662770,APP017,2025-12-26,settled,464144.97,EUR,APAC,CP0035,OPTION,TDR0151,BOOK_C,2025-09-15
TXN0007984522,APP011,2025-01-01,failed,743970.96,JPY,LATAM,CP0494,SWAP,TDR0124,BOOK_C,2025-08-19
TXN0007014828,APP011,2026-03-05,active,475924.79,EUR,AMER,CP0161,FUTURE,TDR0006,BOOK_C,2025-07-12
TXN0004227463,APP017,2026-03-22,settled,613536.05,EUR,LATAM,CP0091,FUTURE,TDR0165,BOOK_B,2025-10-23
TXN0009777566,APP011,2026-03-02,pending,212140.35,GBP,AMER,CP0444,BOND,TDR0161,BOOK_C,2025-11-10
TXN0004060188,APP014,2025-02-21,settled,193300.11,GBP,AMER,CP0426,FUTURE,TDR0191,BOOK_A,2025-11-06
TXN0009595699,APP012,2026-01-07,pending,979347.78,JPY,LATAM,CP0206,FX,TDR0072,BOOK_B,2026-04-01
TXN0007680907,APP011,2025-01-23,reversed,799108.3,GBP,AMER,CP0408,FUTURE,TDR0065,BOOK_D,2025-11-08
TXN0005543984,APP017,2025-06-22,pending,9679.82,GBP,APAC,CP0326,BOND,TDR0123,BOOK_D,2025-03-31
TXN0003187940,APP018,2025-06-21,reversed,677045.31,CHF,AMER,CP0155,FUTURE,TDR0108,BOOK_D,2025-11-05
TXN0001223268,APP004,2025-03-14,reversed,763314.15,AUD,AMER,CP0370,FUTURE,TDR0153,BOOK_C,2025-05-04
TXN0002071724,APP012,2025-04-28,settled,890148.26,JPY,EMEA,CP0069,BOND,TDR0040,BOOK_A,2026-02-03
TXN0006490717,APP010,2026-03-07,pending,787445.75,CHF,LATAM,CP0363,FUTURE,TDR0079,BOOK_C,2026-03-28
TXN0007908304,APP007,2026-02-16,settled,651209.34,USD,AMER,CP0443,FUTURE,TDR0095,BOOK_A,2025-04-21
TXN0007773872,APP007,2025-07-30,pending,199984.77,AUD,AMER,CP0347,FX,TDR0068,BOOK_B,2025-04-19
TXN0001335599,APP020,2025-10-07,failed,218099.79,AUD,APAC,CP0044,EQUITY,TDR0048,BOOK_A,2026-02-28
TXN0008541351,APP018,2025-03-12,reversed,961239.04,CHF,AMER,CP0166,FX,TDR0040,BOOK_B,2026-02-22
TXN0001977518,APP008,2025-06-17,settled,197172.75,GBP,APAC,CP0260,SWAP,TDR0185,BOOK_A,2025-03-16
TXN0006144900,APP015,2025-08-27,settled,765411.34,USD,LATAM,CP0470,FX,TDR0163,BOOK_C,2025-06-30
TXN0007707581,APP004,2025-06-15,settled,216437.87,JPY,AMER,CP0384,BOND,TDR0052,BOOK_C,2025-11-08
TXN0005931474,APP014,2025-10-25,active,159464.37,JPY,AMER,CP0243,OPTION,TDR0153,BOOK_A,2025-10-12
TXN0008540080,APP020,2025-04-09,active,818930.35,CHF,APAC,CP0078,FUTURE,TDR0057,BOOK_D,2026-03-31
TXN0004198501,APP013,2025-01-27,reversed,829107.95,CHF,APAC,CP0231,SWAP,TDR0038,BOOK_D,2026-01-08
TXN0005642367,APP019,2025-03-13,settled,558235.49,JPY,EMEA,CP0091,FUTURE,TDR0160,BOOK_B,2025-10-03
TXN0002939084,APP009,2025-11-13,failed,425566.88,EUR,EMEA,CP0466,EQUITY,TDR0151,BOOK_B,2025-12-31
TXN0009999149,APP020,2025-11-30,failed,310219.91,JPY,APAC,CP0138,EQUITY,TDR0049,BOOK_A,2025-02-08
TXN0005375905,APP005,2025-12-20,settled,186385.22,GBP,EMEA,CP0148,EQUITY,TDR0019,BOOK_A,2025-12-02
TXN0009859606,APP014,2026-01-24,reversed,680710.57,CHF,AMER,CP0172,BOND,TDR0042,BOOK_B,2025-05-27
TXN0003124408,APP014,2025-04-11,active,185678.74,GBP,LATAM,CP0351,BOND,TDR0049,BOOK_B,2025-07-30
TXN0000120992,APP009,2025-04-13,failed,457387.98,JPY,APAC,CP0072,OPTION,TDR0016,BOOK_C,2026-04-07
TXN0008507888,APP004,2026-03-10,pending,683643.9,AUD,LATAM,CP0020,FUTURE,TDR0178,BOOK_D,2026-01-16
TXN0001000406,APP011,2026-01-28,pending,104671.96,CHF,APAC,CP0303,OPTION,TDR0012,BOOK_C,2025-10-20
TXN0003762890,APP001,2026-02-10,pending,435151.15,USD,AMER,CP0279,SWAP,TDR0157,BOOK_C,2025-04-23
TXN0006576708,APP015,2026-02-26,settled,788620.96,USD,AMER,CP0129,SWAP,TDR0069,BOOK_D,2025-11-25
TXN0007884373,APP011,2025-08-16,active,331383.74,JPY,LATAM,CP0414,EQUITY,TDR0171,BOOK_A,2025-05-03
TXN0004091380,APP017,2026-01-12,pending,810069.87,USD,APAC,CP0432,FX,TDR0103,BOOK_B,2026-02-27
TXN0007730293,APP010,2025-10-27,settled,398805.39,CHF,EMEA,CP0329,FUTURE,TDR0142,BOOK_C,2025-03-05
TXN0006388268,APP018,2025-11-27,failed,942749.9,AUD,AMER,CP0175,EQUITY,TDR0021,BOOK_D,2025-08-10
TXN0006684517,APP001,2025-03-31,active,467458.83,GBP,EMEA,CP0387,SWAP,TDR0178,BOOK_C,2025-08-01
TXN0009160007,APP014,2025-04-15,pending,926506.74,GBP,AMER,CP0142,SWAP,TDR0134,BOOK_B,2025-06-29
TXN0009076858,APP009,2026-01-11,active,309644.64,AUD,AMER,CP0156,FUTURE,TDR0138,BOOK_A,2025-11-01
TXN0007698175,APP011,2025-09-21,pending,651229.52,GBP,LATAM,CP0264,FUTURE,TDR0055,BOOK_B,2025-11-19
TXN0003516941,APP012,2025-04-16,settled,964974.17,AUD,AMER,CP0043,FUTURE,TDR0187,BOOK_D,2025-11-20
TXN0007985568,APP018,2026-02-23,reversed,285281.93,EUR,LATAM,CP0426,EQUITY,TDR0093,BOOK_D,2025-07-13
TXN0002922658,APP009,2025-05-27,active,394736.49,GBP,AMER,CP0019,SWAP,TDR0044,BOOK_A,2025-10-16
TXN0001133231,APP017,2025-03-17,failed,701553.14,JPY,LATAM,CP0382,SWAP,TDR0087,BOOK_D,2025-07-11
TXN0004677136,APP018,2025-12-29,reversed,219587.05,EUR,AMER,CP0432,FX,TDR0147,BOOK_C,2025-12-29
TXN0000497298,APP003,2026-03-02,settled,199696.22,GBP,EMEA,CP0357,SWAP,TDR0083,BOOK_C,2025-06-17
TXN0007362007,APP020,2025-05-26,active,942186.71,USD,EMEA,CP0202,FX,TDR0002,BOOK_D,2025-12-17
TXN0005976010,APP005,2025-07-07,failed,548417.98,AUD,LATAM,CP0428,SWAP,TDR0192,BOOK_A,2025-06-28
TXN0000080363,APP004,2025-01-11,settled,79621.4,USD,EMEA,CP0016,FX,TDR0044,BOOK_A,2025-11-04
TXN0008605027,APP019,2025-10-04,active,382833.27,JPY,LATAM,CP0471,BOND,TDR0131,BOOK_B,2025-04-30
TXN0006140341,APP012,2026-03-03,settled,93549.15,GBP,APAC,CP0094,SWAP,TDR0171,BOOK_D,2025-08-19
TXN0007701007,APP005,2025-04-27,reversed,362166.15,EUR,AMER,CP0366,EQUITY,TDR0072,BOOK_B,2025-10-12
TXN0000560860,APP015,2025-01-09,failed,413109.96,EUR,LATAM,CP0025,OPTION,TDR0129,BOOK_A,2025-08-07
TXN0009377454,APP009,2025-01-16,active,64262.19,USD,APAC,CP0456,FUTURE,TDR0121,BOOK_D,2025-12-09
TXN0007606905,APP012,2025-07-21,settled,578282.76,AUD,LATAM,CP0494,OPTION,TDR0063,BOOK_B,2025-09-23
TXN0003480078,APP013,2025-12-09,reversed,101635.56,EUR,EMEA,CP0427,FX,TDR0155,BOOK_B,2025-09-07
TXN0009902905,APP017,2026-03-03,failed,531529.98,JPY,EMEA,CP0400,FX,TDR0085,BOOK_D,2025-02-10
TXN0000395728,APP008,2025-04-10,pending,875801.83,USD,APAC,CP0072,SWAP,TDR0183,BOOK_D,2025-06-08
TXN0003418608,APP011,2025-02-21,settled,882565.44,EUR,AMER,CP0450,EQUITY,TDR0166,BOOK_C,2026-03-20
TXN0004383050,APP011,2026-01-06,failed,7826.26,EUR,LATAM,CP0331,OPTION,TDR0171,BOOK_B,2026-01-23
TXN0001488964,APP005,2025-01-06,settled,445882.38,GBP,APAC,CP0388,FX,TDR0032,BOOK_C,2025-08-24
TXN0007526517,APP012,2025-03-02,settled,47772.45,CHF,EMEA,CP0040,EQUITY,TDR0140,BOOK_C,2026-04-10
TXN0001527518,APP011,2025-11-25,pending,195201.79,AUD,APAC,CP0049,BOND,TDR0148,BOOK_D,2025-01-31
TXN0000038619,APP011,2025-03-23,reversed,211549.41,GBP,EMEA,CP0499,EQUITY,TDR0020,BOOK_C,2026-03-17
TXN0001471156,APP014,2025-02-04,pending,763756.5,CHF,EMEA,CP0231,FX,TDR0035,BOOK_D,2026-01-19
TXN0005016059,APP001,2025-04-21,failed,375035.26,JPY,EMEA,CP0498,FUTURE,TDR0166,BOOK_A,2025-11-30
TXN0009420584,APP005,2025-04-19,failed,429513.14,JPY,LATAM,CP0384,BOND,TDR0007,BOOK_C,2025-11-15
TXN0001365269,APP017,2025-03-14,reversed,268451.18,EUR,AMER,CP0150,OPTION,TDR0170,BOOK_A,2025-07-31
TXN0006153112,APP016,2025-08-23,pending,483922.39,GBP,LATAM,CP0063,BOND,TDR0067,BOOK_D,2026-02-05
TXN0002956492,APP018,2025-03-10,pending,724706.21,JPY,LATAM,CP0301,EQUITY,TDR0189,BOOK_B,2026-01-06
TXN0008241028,APP017,2026-02-25,reversed,419030.34,EUR,AMER,CP0101,SWAP,TDR0064,BOOK_D,2025-01-29
TXN0007952111,APP012,2025-11-26,reversed,919267.41,JPY,APAC,CP0449,EQUITY,TDR0056,BOOK_C,2025-06-04
TXN0001450296,APP020,2025-01-17,failed,264116.96,CHF,AMER,CP0247,OPTION,TDR0027,BOOK_D,2025-01-08
TXN0005926543,APP008,2026-03-12,reversed,660855.6,AUD,AMER,CP0257,FX,TDR0133,BOOK_C,2026-01-06
TXN0002085273,APP009,2025-10-05,reversed,388245.41,JPY,EMEA,CP0358,OPTION,TDR0071,BOOK_C,2025-12-29
TXN0008334783,APP020,2025-04-12,pending,979623.63,EUR,AMER,CP0347,FX,TDR0023,BOOK_B,2025-03-29
TXN0004623369,APP012,2025-09-28,active,362852.26,AUD,LATAM,CP0258,FUTURE,TDR0091,BOOK_A,2025-01-06
TXN0002710590,APP018,2026-02-23,active,785980.97,GBP,AMER,CP0133,BOND,TDR0140,BOOK_A,2026-03-25
TXN0003969593,APP016,2025-02-21,pending,607899.1,CHF,AMER,CP0202,FUTURE,TDR0003,BOOK_D,2025-05-17
TXN0001838412,APP001,2026-01-26,settled,59396.37,GBP,LATAM,CP0142,OPTION,TDR0131,BOOK_C,2025-02-01
TXN0006540355,APP004,2025-07-15,pending,130363.47,GBP,APAC,CP0083,FX,TDR0149,BOOK_C,2025-06-29
TXN0006813661,APP002,2025-01-14,failed,388160.65,JPY,APAC,CP0150,EQUITY,TDR0175,BOOK_A,2025-08-13
TXN0009097140,APP011,2025-08-31,active,534949.03,GBP,LATAM,CP0442,FUTURE,TDR0136,BOOK_D,2025-12-14
TXN0007810083,APP014,2026-04-09,pending,268288.09,AUD,APAC,CP0278,SWAP,TDR0159,BOOK_C,2025-12-12
TXN0006778483,APP017,2025-04-19,settled,886647.33,AUD,APAC,CP0298,SWAP,TDR0096,BOOK_D,2025-01-05
TXN0008331605,APP008,2025-10-27,reversed,749203.29,JPY,AMER,CP0449,BOND,TDR0012,BOOK_C,2025-10-13
TXN0007088125,APP016,2025-10-21,settled,465116.35,AUD,EMEA,CP0450,FUTURE,TDR0195,BOOK_D,2025-01-05
TXN0005767760,APP012,2025-10-16,reversed,464716.31,EUR,LATAM,CP0285,FX,TDR0135,BOOK_B,2025-02-13
TXN0003776786,APP012,2025-06-07,active,958894.49,GBP,LATAM,CP0428,OPTION,TDR0013,BOOK_A,2025-03-04
TXN0000215881,APP018,2025-01-29,pending,117594.6,EUR,LATAM,CP0060,FX,TDR0095,BOOK_B,2025-04-17
TXN0009847506,APP005,2025-05-16,pending,118933.98,CHF,APAC,CP0283,BOND,TDR0166,BOOK_A,2025-05-27
TXN0002932227,APP014,2025-07-11,pending,668024.62,AUD,EMEA,CP0211,OPTION,TDR0054,BOOK_B,2025-03-18
TXN0007523270,APP013,2025-06-03,active,875301.96,USD,EMEA,CP0441,SWAP,TDR0093,BOOK_D,2025-03-18
TXN0009147537,APP006,2025-05-02,pending,467974.71,JPY,EMEA,CP0251,OPTION,TDR0190,BOOK_D,2026-01-15
TXN0008869174,APP009,2025-01-28,reversed,825982.09,EUR,AMER,CP0074,FUTURE,TDR0054,BOOK_C,2025-03-30
TXN0000556646,APP015,2025-01-16,active,248739.04,GBP,AMER,CP0417,FX,TDR0102,BOOK_D,2026-02-06
TXN0003516636,APP004,2025-01-26,pending,413803.4,GBP,AMER,CP0491,FX,TDR0108,BOOK_D,2025-09-13
TXN0009668402,APP005,2026-02-10,pending,114822.75,AUD,APAC,CP0315,EQUITY,TDR0129,BOOK_B,2025-11-16
TXN0007727593,APP008,2025-12-10,settled,909990.0,USD,LATAM,CP0012,FUTURE,TDR0023,BOOK_D,2026-01-11
TXN0009621372,APP011,2025-11-07,failed,83287.05,USD,EMEA,CP0321,FX,TDR0081,BOOK_D,2025-06-06
TXN0001948678,APP006,2025-11-28,failed,333772.54,EUR,LATAM,CP0483,BOND,TDR0044,BOOK_C,2025-04-28
TXN0009833638,APP002,2025-05-12,settled,494558.46,EUR,LATAM,CP0104,SWAP,TDR0075,BOOK_C,2025-07-08
TXN0000716326,APP003,2025-11-06,active,240301.07,EUR,APAC,CP0308,SWAP,TDR0006,BOOK_B,2025-01-28
TXN0000236405,APP019,2026-02-20,reversed,898879.5,AUD,APAC,CP0284,FX,TDR0151,BOOK_D,2025-08-20
TXN0009552433,APP020,2025-12-23,failed,428698.76,AUD,LATAM,CP0045,FX,TDR0021,BOOK_B,2026-02-12
TXN0000657260,APP003,2025-01-29,settled,79583.73,JPY,LATAM,CP0043,FUTURE,TDR0148,BOOK_C,2025-07-07
TXN0000947587,APP004,2025-11-04,failed,228663.06,AUD,APAC,CP0090,SWAP,TDR0148,BOOK_C,2025-09-22
TXN0008680628,APP006,2025-06-10,active,447961.9,JPY,APAC,CP0472,BOND,TDR0120,BOOK_D,2026-03-12
TXN0006683366,APP020,2025-11-09,pending,606061.2,EUR,LATAM,CP0406,SWAP,TDR0076,BOOK_B,2025-10-14
TXN0000075383,APP015,2025-02-13,reversed,975305.79,AUD,AMER,CP0282,BOND,TDR0158,BOOK_D,2025-06-08
TXN0002813831,APP009,2025-06-08,active,340118.56,GBP,EMEA,CP0297,SWAP,TDR0162,BOOK_D,2026-03-22
TXN0000746435,APP008,2025-07-22,pending,485160.76,AUD,AMER,CP0053,BOND,TDR0122,BOOK_B,2025-12-30
TXN0003037059,APP005,2025-04-25,settled,198972.03,GBP,AMER,CP0437,FX,TDR0153,BOOK_B,2025-04-17
TXN0008093883,APP017,2025-01-30,reversed,250519.32,CHF,AMER,CP0408,EQUITY,TDR0041,BOOK_B,2025-06-06
TXN0005185321,APP006,2025-06-04,reversed,54845.18,GBP,AMER,CP0288,EQUITY,TDR0065,BOOK_B,2026-03-11
TXN0005687146,APP004,2025-10-24,active,953237.79,AUD,LATAM,CP0253,FX,TDR0134,BOOK_D,2026-01-03
TXN0001433810,APP009,2025-01-20,active,575838.86,GBP,EMEA,CP0065,EQUITY,TDR0137,BOOK_A,2025-06-29
TXN0001787146,APP008,2025-05-18,active,467619.75,USD,LATAM,CP0085,FX,TDR0063,BOOK_A,2026-01-20
TXN0006181033,APP018,2026-03-24,failed,175317.67,AUD,APAC,CP0494,EQUITY,TDR0100,BOOK_B,2025-09-19
TXN0002825804,APP002,2025-01-23,pending,475718.67,CHF,APAC,CP0203,FUTURE,TDR0032,BOOK_C,2026-02-18
TXN0006037303,APP002,2026-03-09,settled,769989.95,USD,LATAM,CP0398,EQUITY,TDR0041,BOOK_D,2025-02-27
TXN0003027450,APP020,2025-10-28,settled,715769.24,CHF,LATAM,CP0390,SWAP,TDR0086,BOOK_A,2026-03-08
TXN0009443884,APP009,2026-01-09,settled,950279.51,AUD,EMEA,CP0073,FX,TDR0128,BOOK_D,2026-03-10
TXN0001205577,APP010,2025-07-17,reversed,39427.21,USD,EMEA,CP0386,BOND,TDR0104,BOOK_D,2026-03-19
TXN0006601325,APP019,2025-11-17,failed,518050.75,GBP,AMER,CP0473,FX,TDR0129,BOOK_A,2026-01-19
TXN0003027284,APP020,2025-12-11,settled,449160.05,CHF,EMEA,CP0303,FUTURE,TDR0092,BOOK_D,2025-07-16
TXN0006337914,APP010,2025-02-15,failed,279092.08,CHF,APAC,CP0069,FUTURE,TDR0167,BOOK_D,2025-02-04
TXN0004280549,APP014,2026-01-26,active,521218.65,EUR,APAC,CP0179,FUTURE,TDR0032,BOOK_A,2025-02-12
TXN0003666074,APP002,2025-12-30,reversed,592386.79,USD,EMEA,CP0482,EQUITY,TDR0117,BOOK_C,2025-01-21
TXN0003953845,APP013,2025-05-03,settled,157072.34,AUD,AMER,CP0117,FX,TDR0174,BOOK_A,2025-10-14
TXN0003276650,APP009,2026-03-20,pending,606122.71,CHF,LATAM,CP0213,SWAP,TDR0102,BOOK_A,2026-01-08
TXN0009187368,APP015,2025-04-18,reversed,916489.01,USD,LATAM,CP0262,FX,TDR0041,BOOK_C,2025-08-31
TXN0000754973,APP013,2026-03-29,active,845900.0,JPY,AMER,CP0264,EQUITY,TDR0046,BOOK_D,2025-09-19
TXN0004840928,APP010,2025-04-27,active,462567.79,CHF,LATAM,CP0238,SWAP,TDR0195,BOOK_B,2026-01-10
TXN0003010600,APP003,2025-05-15,active,396234.17,USD,LATAM,CP0426,FX,TDR0176,BOOK_B,2025-09-05
TXN0001692150,APP013,2025-02-18,pending,362334.06,EUR,EMEA,CP0102,OPTION,TDR0046,BOOK_D,2025-07-11
TXN0001484179,APP011,2025-04-04,pending,8513.81,EUR,EMEA,CP0155,EQUITY,TDR0161,BOOK_C,2026-04-13
TXN0009522393,APP009,2026-01-20,active,145199.46,EUR,AMER,CP0059,SWAP,TDR0149,BOOK_B,2025-08-05
TXN0004652903,APP014,2026-01-31,reversed,563771.57,GBP,AMER,CP0072,FUTURE,TDR0076,BOOK_A,2025-06-19
TXN0008538330,APP007,2025-04-27,failed,863320.74,EUR,APAC,CP0014,OPTION,TDR0141,BOOK_B,2025-08-01
TXN0007505586,APP013,2025-05-13,active,627995.06,USD,AMER,CP0099,FX,TDR0112,BOOK_C,2026-04-05
TXN0008786590,APP007,2025-07-07,failed,450518.38,JPY,LATAM,CP0140,OPTION,TDR0002,BOOK_D,2025-02-15
TXN0008510595,APP015,2025-05-20,pending,825773.19,GBP,APAC,CP0396,EQUITY,TDR0141,BOOK_B,2026-02-08
TXN0009664698,APP013,2025-07-31,active,59054.42,AUD,EMEA,CP0446,FUTURE,TDR0129,BOOK_D,2026-03-11
TXN0005098369,APP004,2025-02-08,pending,752624.8,CHF,EMEA,CP0001,FUTURE,TDR0173,BOOK_B,2025-11-02
TXN0003316629,APP003,2026-03-11,failed,138810.32,CHF,AMER,CP0350,SWAP,TDR0168,BOOK_D,2025-02-13
TXN0005912561,APP014,2025-05-04,failed,377156.79,AUD,APAC,CP0284,SWAP,TDR0055,BOOK_D,2026-02-20
TXN0001298715,APP002,2025-09-26,failed,874877.45,GBP,APAC,CP0197,EQUITY,TDR0028,BOOK_C,2026-04-13
TXN0009264278,APP017,2025-04-13,reversed,933541.39,EUR,EMEA,CP0181,FX,TDR0116,BOOK_B,2026-01-20
TXN0008853017,APP008,2025-01-18,active,505510.97,EUR,APAC,CP0061,FX,TDR0055,BOOK_A,2025-09-02
TXN0003887154,APP017,2026-02-10,reversed,270375.55,AUD,APAC,CP0220,EQUITY,TDR0123,BOOK_D,2026-01-04
TXN0003413907,APP017,2025-12-03,pending,165099.84,EUR,AMER,CP0459,OPTION,TDR0194,BOOK_B,2026-02-17
TXN0000110182,APP014,2025-10-06,pending,259733.56,GBP,LATAM,CP0394,OPTION,TDR0060,BOOK_A,2025-03-29
TXN0001252870,APP012,2026-03-21,reversed,360586.22,JPY,EMEA,CP0329,FUTURE,TDR0060,BOOK_C,2025-07-01
TXN0005983401,APP003,2025-08-28,active,293224.82,JPY,LATAM,CP0323,OPTION,TDR0167,BOOK_C,2025-01-17
TXN0002545066,APP015,2026-01-23,settled,59845.91,JPY,AMER,CP0272,EQUITY,TDR0181,BOOK_A,2025-03-11
TXN0009141072,APP001,2025-11-08,active,262012.62,EUR,AMER,CP0184,FUTURE,TDR0015,BOOK_B,2026-03-26
TXN0004061016,APP017,2025-01-21,failed,340266.89,JPY,EMEA,CP0443,BOND,TDR0145,BOOK_B,2025-08-18
TXN0002176249,APP002,2025-01-30,active,933960.24,CHF,EMEA,CP0157,BOND,TDR0121,BOOK_B,2026-02-27
TXN0001004408,APP009,2025-07-17,active,820232.88,AUD,EMEA,CP0308,SWAP,TDR0066,BOOK_A,2025-06-10
TXN0000450345,APP010,2025-01-30,active,384913.82,GBP,LATAM,CP0199,SWAP,TDR0038,BOOK_D,2026-01-18
TXN0007452619,APP010,2026-03-19,active,904595.63,USD,APAC,CP0425,FUTURE,TDR0082,BOOK_D,2025-06-09
TXN0006731167,APP007,2026-03-04,active,128382.33,AUD,AMER,CP0302,BOND,TDR0130,BOOK_A,2025-12-08
TXN0008659454,APP004,2025-07-07,active,124866.61,GBP,EMEA,CP0468,SWAP,TDR0058,BOOK_C,2025-03-12
TXN0005671979,APP018,2026-01-16,failed,929421.16,AUD,AMER,CP0077,BOND,TDR0162,BOOK_C,2026-03-07
TXN0008458868,APP010,2026-03-19,failed,716998.45,AUD,AMER,CP0047,EQUITY,TDR0030,BOOK_D,2025-05-21
TXN0000587271,APP004,2026-01-11,reversed,956698.02,JPY,AMER,CP0309,OPTION,TDR0014,BOOK_B,2025-08-16
TXN0003882825,APP014,2026-04-12,reversed,997573.34,USD,AMER,CP0094,FUTURE,TDR0119,BOOK_B,2026-01-26
TXN0002256498,APP006,2025-07-26,failed,976657.3,CHF,AMER,CP0025,OPTION,TDR0160,BOOK_A,2025-09-24
TXN0007360679,APP008,2025-12-31,reversed,415290.68,USD,LATAM,CP0110,OPTION,TDR0087,BOOK_B,2026-01-31
TXN0003812047,APP004,2026-03-03,pending,513928.23,USD,APAC,CP0249,SWAP,TDR0107,BOOK_B,2026-02-14
TXN0008546095,APP015,2025-11-17,pending,869069.3,AUD,EMEA,CP0192,SWAP,TDR0036,BOOK_D,2025-03-19
TXN0001134586,APP017,2025-05-22,active,728558.01,USD,AMER,CP0315,OPTION,TDR0021,BOOK_C,2025-11-02
TXN0001263653,APP016,2025-08-13,settled,61688.66,JPY,AMER,CP0025,OPTION,TDR0032,BOOK_A,2025-07-25
TXN0001810438,APP001,2025-08-07,failed,294707.9,GBP,AMER,CP0427,FUTURE,TDR0156,BOOK_A,2025-08-01
TXN0003516401,APP003,2025-11-17,pending,766738.51,AUD,AMER,CP0206,SWAP,TDR0088,BOOK_C,2025-01-09
TXN0005174327,APP009,2026-01-28,active,400420.81,CHF,AMER,CP0076,OPTION,TDR0069,BOOK_D,2025-08-27
TXN0000210631,APP006,2025-12-31,active,185490.72,GBP,LATAM,CP0056,BOND,TDR0105,BOOK_B,2025-05-08
TXN0001802253,APP016,2025-06-21,failed,451479.19,GBP,EMEA,CP0234,EQUITY,TDR0155,BOOK_C,2025-05-30
TXN0001094967,APP015,2025-05-26,settled,405099.45,CHF,EMEA,CP0362,BOND,TDR0091,BOOK_A,2025-12-24
TXN0007164042,APP010,2025-05-27,active,524286.32,EUR,APAC,CP0088,BOND,TDR0138,BOOK_C,2025-05-16
TXN0004895829,APP020,2025-05-04,failed,211607.11,USD,APAC,CP0304,EQUITY,TDR0189,BOOK_D,2025-10-10
TXN0009555352,APP011,2025-10-01,failed,212818.75,AUD,APAC,CP0146,BOND,TDR0078,BOOK_B,2025-11-29
TXN0007335018,APP009,2025-11-26,active,186409.35,USD,LATAM,CP0051,FX,TDR0095,BOOK_D,2025-09-11
TXN0005270345,APP016,2025-05-28,reversed,220610.25,CHF,APAC,CP0347,FUTURE,TDR0048,BOOK_B,2025-06-21
TXN0007009842,APP012,2025-04-14,settled,444710.08,JPY,EMEA,CP0036,SWAP,TDR0008,BOOK_D,2026-03-13
TXN0001219516,APP003,2025-07-30,reversed,797898.72,EUR,APAC,CP0258,FX,TDR0155,BOOK_B,2025-05-25
TXN0007104607,APP001,2025-04-04,failed,332999.66,USD,LATAM,CP0471,BOND,TDR0143,BOOK_B,2025-04-16
TXN0007414617,APP013,2026-04-12,active,271791.24,GBP,APAC,CP0069,FX,TDR0157,BOOK_B,2025-04-11
TXN0009702747,APP009,2025-01-30,reversed,953805.8,EUR,LATAM,CP0140,BOND,TDR0041,BOOK_A,2025-07-22
TXN0007439284,APP017,2026-01-03,reversed,237586.51,EUR,LATAM,CP0365,EQUITY,TDR0031,BOOK_B,2026-01-14
TXN0004626488,APP009,2025-06-16,failed,170687.59,GBP,EMEA,CP0476,FUTURE,TDR0138,BOOK_A,2025-09-22
TXN0003627798,APP013,2025-11-25,reversed,408226.9,EUR,LATAM,CP0188,SWAP,TDR0198,BOOK_B,2025-10-17
TXN0001501478,APP016,2025-12-27,active,389644.6,JPY,LATAM,CP0246,SWAP,TDR0121,BOOK_B,2026-04-09
TXN0005001195,APP011,2025-01-17,pending,939078.2,CHF,LATAM,CP0472,OPTION,TDR0155,BOOK_C,2026-03-10
TXN0004429262,APP005,2026-03-02,failed,686397.35,EUR,LATAM,CP0315,SWAP,TDR0007,BOOK_B,2025-07-21
TXN0009864235,APP007,2025-05-16,pending,399025.01,USD,EMEA,CP0232,EQUITY,TDR0117,BOOK_A,2026-02-08
TXN0008122110,APP017,2025-05-14,settled,782934.71,AUD,LATAM,CP0453,EQUITY,TDR0030,BOOK_B,2025-07-22
TXN0008571304,APP016,2025-03-27,settled,856401.94,EUR,LATAM,CP0437,OPTION,TDR0144,BOOK_A,2025-01-28
TXN0003977154,APP005,2025-04-08,settled,384280.35,GBP,EMEA,CP0139,FX,TDR0051,BOOK_C,2025-01-27
TXN0007696615,APP016,2025-06-16,active,490158.49,EUR,AMER,CP0413,EQUITY,TDR0185,BOOK_C,2025-09-09
TXN0001298765,APP001,2025-07-02,pending,157289.49,CHF,APAC,CP0428,FX,TDR0028,BOOK_B,2025-01-10
TXN0004742267,APP014,2025-01-31,reversed,788643.72,JPY,LATAM,CP0454,SWAP,TDR0070,BOOK_B,2025-08-09
TXN0006179956,APP010,2025-01-09,pending,845424.67,EUR,APAC,CP0228,FUTURE,TDR0013,BOOK_A,2025-03-10
TXN0001778961,APP001,2026-02-26,reversed,355724.94,EUR,LATAM,CP0002,FUTURE,TDR0126,BOOK_A,2025-08-02
TXN0000050788,APP006,2025-04-13,reversed,360229.64,USD,EMEA,CP0109,OPTION,TDR0041,BOOK_D,2025-07-21
TXN0009549261,APP019,2025-05-07,active,116073.77,AUD,LATAM,CP0453,OPTION,TDR0092,BOOK_A,2025-07-29
TXN0008653670,APP016,2026-01-15,reversed,800936.03,GBP,AMER,CP0009,BOND,TDR0135,BOOK_C,2026-03-28
TXN0000541840,APP020,2025-03-31,active,969834.35,JPY,LATAM,CP0035,BOND,TDR0091,BOOK_C,2025-07-31
TXN0003019761,APP011,2025-07-30,settled,363859.37,JPY,LATAM,CP0214,EQUITY,TDR0142,BOOK_B,2025-04-17
TXN0009756296,APP002,2025-01-31,failed,24380.35,JPY,AMER,CP0090,SWAP,TDR0194,BOOK_C,2025-04-12
TXN0005829534,APP007,2025-09-10,pending,447368.07,JPY,AMER,CP0463,FUTURE,TDR0052,BOOK_A,2025-04-03
TXN0002691804,APP017,2025-09-04,failed,138434.99,USD,EMEA,CP0079,EQUITY,TDR0102,BOOK_B,2026-02-27
TXN0004755119,APP019,2026-02-16,reversed,840614.77,EUR,EMEA,CP0406,BOND,TDR0166,BOOK_A,2026-01-09
TXN0006224599,APP001,2025-05-14,active,603363.06,GBP,AMER,CP0441,BOND,TDR0092,BOOK_A,2025-03-10
TXN0004047648,APP019,2025-04-13,settled,268937.01,CHF,AMER,CP0495,FX,TDR0125,BOOK_D,2025-08-04
TXN0001160329,APP018,2025-05-05,settled,881147.04,CHF,AMER,CP0295,FX,TDR0146,BOOK_B,2026-01-01
TXN0002771180,APP002,2025-02-18,settled,129896.35,GBP,APAC,CP0245,BOND,TDR0019,BOOK_C,2026-03-01
TXN0002167322,APP010,2026-03-04,pending,381327.05,GBP,EMEA,CP0060,OPTION,TDR0023,BOOK_C,2025-12-24
TXN0001910123,APP004,2026-04-06,active,675166.05,USD,AMER,CP0011,FX,TDR0094,BOOK_C,2025-01-14
TXN0001064900,APP020,2025-03-21,pending,619511.26,EUR,LATAM,CP0379,SWAP,TDR0151,BOOK_B,2025-09-22
TXN0003689700,APP019,2025-06-04,settled,126744.35,EUR,AMER,CP0398,OPTION,TDR0153,BOOK_D,2025-01-01
TXN0001039155,APP017,2025-04-24,reversed,156569.37,JPY,EMEA,CP0186,EQUITY,TDR0059,BOOK_A,2025-06-06
TXN0009622616,APP008,2025-12-06,settled,817745.35,CHF,EMEA,CP0291,FX,TDR0195,BOOK_C,2025-04-20
TXN0000596071,APP001,2025-12-27,settled,632124.52,AUD,LATAM,CP0423,FUTURE,TDR0103,BOOK_C,2026-03-30
TXN0004228970,APP006,2025-07-30,settled,561523.3,CHF,APAC,CP0063,BOND,TDR0139,BOOK_C,2025-11-08
TXN0006461811,APP004,2025-02-26,settled,45496.66,GBP,APAC,CP0406,FX,TDR0134,BOOK_B,2025-08-02
TXN0008223332,APP017,2026-01-28,failed,905919.74,EUR,APAC,CP0416,OPTION,TDR0066,BOOK_B,2025-04-23
TXN0002481494,APP007,2025-05-03,failed,317467.05,JPY,AMER,CP0207,FX,TDR0187,BOOK_A,2025-04-25
TXN0006933715,APP015,2025-05-19,settled,649417.43,EUR,AMER,CP0346,OPTION,TDR0055,BOOK_C,2025-03-29
TXN0006020467,APP003,2025-06-24,failed,973604.58,GBP,EMEA,CP0003,FUTURE,TDR0101,BOOK_B,2025-04-03
TXN0002734745,APP010,2025-01-28,active,401981.82,EUR,LATAM,CP0165,EQUITY,TDR0021,BOOK_A,2025-01-02
TXN0008421535,APP011,2025-10-07,settled,220517.78,JPY,LATAM,CP0074,EQUITY,TDR0172,BOOK_C,2025-08-27
TXN0009606222,APP007,2025-10-27,failed,129950.28,USD,LATAM,CP0339,FUTURE,TDR0063,BOOK_A,2025-05-24
TXN0008820662,APP004,2025-07-25,active,830994.33,AUD,EMEA,CP0487,FUTURE,TDR0136,BOOK_D,2026-02-03
TXN0006621351,APP004,2025-10-17,reversed,223542.92,JPY,AMER,CP0200,EQUITY,TDR0124,BOOK_D,2025-01-01
TXN0003104034,APP015,2025-07-04,pending,291354.92,JPY,EMEA,CP0096,EQUITY,TDR0010,BOOK_A,2025-11-22
TXN0001269399,APP008,2025-08-09,settled,843972.02,CHF,LATAM,CP0075,BOND,TDR0148,BOOK_B,2026-01-10
TXN0004587130,APP019,2026-02-03,settled,858978.25,JPY,APAC,CP0467,OPTION,TDR0024,BOOK_A,2025-08-26
TXN0000816900,APP019,2025-02-11,failed,284231.89,CHF,EMEA,CP0500,OPTION,TDR0026,BOOK_B,2025-11-20
TXN0003960735,APP004,2025-07-29,pending,662991.92,GBP,AMER,CP0407,FUTURE,TDR0044,BOOK_B,2025-12-15
TXN0000296602,APP011,2025-09-11,failed,373160.17,JPY,LATAM,CP0107,FUTURE,TDR0070,BOOK_D,2025-09-16
TXN0004065115,APP006,2025-05-17,failed,900494.09,GBP,AMER,CP0039,SWAP,TDR0102,BOOK_D,2026-03-28
TXN0002834760,APP011,2025-11-10,settled,753369.54,AUD,AMER,CP0190,EQUITY,TDR0040,BOOK_B,2025-07-03
TXN0004296269,APP016,2026-01-10,pending,35180.48,CHF,APAC,CP0398,FX,TDR0057,BOOK_C,2025-10-28
TXN0009417811,APP008,2025-09-06,pending,776260.46,JPY,APAC,CP0248,OPTION,TDR0149,BOOK_D,2025-05-19
TXN0002045095,APP007,2026-03-16,active,188618.04,EUR,AMER,CP0479,FX,TDR0128,BOOK_B,2025-12-03
TXN0009022187,APP015,2025-02-28,active,77742.54,JPY,AMER,CP0134,FX,TDR0124,BOOK_B,2025-08-27
TXN0002085302,APP006,2025-10-25,pending,920893.25,GBP,EMEA,CP0343,FUTURE,TDR0096,BOOK_D,2026-02-24
TXN0001660546,APP017,2025-02-01,pending,720391.77,CHF,LATAM,CP0279,OPTION,TDR0151,BOOK_B,2025-01-18
TXN0009571447,APP020,2025-09-22,settled,734201.54,AUD,AMER,CP0152,SWAP,TDR0067,BOOK_C,2025-02-05
TXN0009405333,APP016,2025-06-27,settled,653479.24,CHF,APAC,CP0089,FUTURE,TDR0170,BOOK_C,2025-04-24
TXN0004910924,APP013,2025-01-20,reversed,560873.59,EUR,AMER,CP0466,FX,TDR0139,BOOK_D,2025-01-21
TXN0004217499,APP009,2026-01-19,settled,877596.94,USD,APAC,CP0429,SWAP,TDR0060,BOOK_A,2025-07-29
TXN0006610323,APP005,2025-11-13,settled,918700.65,AUD,EMEA,CP0425,FUTURE,TDR0095,BOOK_B,2025-06-02
TXN0009327452,APP013,2025-08-04,pending,221934.55,EUR,EMEA,CP0473,EQUITY,TDR0107,BOOK_B,2025-07-04
TXN0006277634,APP012,2025-06-11,reversed,124462.93,CHF,APAC,CP0086,EQUITY,TDR0183,BOOK_C,2025-06-16
TXN0007688080,APP003,2026-03-30,pending,320134.43,AUD,EMEA,CP0174,OPTION,TDR0189,BOOK_A,2025-05-05
TXN0004465824,APP020,2025-11-08,pending,152084.54,CHF,EMEA,CP0392,BOND,TDR0048,BOOK_C,2026-03-01
TXN0004204863,APP001,2025-06-01,pending,858011.04,AUD,EMEA,CP0059,BOND,TDR0045,BOOK_C,2026-03-20
TXN0005121982,APP005,2025-03-27,settled,422712.61,CHF,APAC,CP0235,OPTION,TDR0105,BOOK_A,2026-02-15
TXN0004873508,APP003,2025-02-17,pending,265012.65,JPY,EMEA,CP0395,OPTION,TDR0077,BOOK_C,2025-04-04
TXN0003920399,APP019,2025-10-04,reversed,400701.94,AUD,LATAM,CP0102,EQUITY,TDR0155,BOOK_B,2025-11-12
TXN0007685668,APP017,2025-07-05,failed,961137.8,AUD,APAC,CP0424,EQUITY,TDR0142,BOOK_D,2026-01-14
TXN0008066672,APP003,2025-11-20,pending,609717.38,JPY,LATAM,CP0459,OPTION,TDR0185,BOOK_D,2025-01-23
TXN0000652154,APP009,2026-01-29,pending,622652.56,USD,EMEA,CP0429,SWAP,TDR0120,BOOK_A,2025-12-09
TXN0004164694,APP008,2025-07-03,failed,230137.98,AUD,LATAM,CP0278,OPTION,TDR0110,BOOK_B,2025-08-19
TXN0007210676,APP014,2025-11-29,reversed,805116.08,GBP,LATAM,CP0340,SWAP,TDR0155,BOOK_D,2025-01-23
TXN0005451063,APP020,2025-12-20,failed,589482.75,USD,AMER,CP0101,EQUITY,TDR0055,BOOK_A,2025-12-07
TXN0005785092,APP007,2025-06-12,reversed,280650.69,JPY,EMEA,CP0170,FX,TDR0116,BOOK_A,2025-10-02
TXN0006432734,APP008,2025-08-02,settled,208676.72,GBP,APAC,CP0308,OPTION,TDR0171,BOOK_A,2025-05-02
TXN0008506028,APP017,2025-02-11,settled,91104.13,CHF,AMER,CP0015,FX,TDR0116,BOOK_D,2025-10-24
TXN0008259246,APP016,2025-08-07,pending,306644.57,USD,AMER,CP0135,SWAP,TDR0092,BOOK_D,2025-05-10
TXN0000168187,APP013,2025-03-28,settled,529965.48,GBP,APAC,CP0148,BOND,TDR0071,BOOK_B,2025-03-23
TXN0003555598,APP002,2025-08-23,active,615242.22,JPY,LATAM,CP0135,EQUITY,TDR0018,BOOK_D,2025-06-27
TXN0001645564,APP011,2025-07-27,pending,581295.06,USD,LATAM,CP0035,BOND,TDR0071,BOOK_B,2026-03-04
TXN0004697655,APP014,2026-03-31,reversed,801048.52,AUD,APAC,CP0079,FX,TDR0052,BOOK_C,2025-03-12
TXN0008987220,APP004,2026-03-25,settled,981282.16,AUD,EMEA,CP0336,EQUITY,TDR0075,BOOK_D,2026-01-10
TXN0000951255,APP019,2026-02-20,active,753304.68,JPY,APAC,CP0242,SWAP,TDR0170,BOOK_D,2025-04-17
TXN0004764881,APP003,2025-04-28,reversed,338023.16,EUR,LATAM,CP0125,SWAP,TDR0050,BOOK_A,2025-01-13
TXN0004360496,APP019,2026-03-18,active,504768.84,USD,LATAM,CP0470,BOND,TDR0079,BOOK_C,2025-06-04
TXN0006115923,APP019,2025-07-10,failed,459224.64,JPY,AMER,CP0340,FX,TDR0039,BOOK_C,2025-12-11
TXN0008144534,APP006,2025-04-09,pending,750176.28,GBP,LATAM,CP0408,BOND,TDR0016,BOOK_C,2025-11-23
TXN0004652257,APP017,2026-03-29,failed,836840.14,CHF,APAC,CP0233,BOND,TDR0151,BOOK_C,2026-03-05
TXN0003914461,APP007,2025-03-08,settled,556702.65,GBP,EMEA,CP0195,FUTURE,TDR0077,BOOK_A,2025-04-12
TXN0001674939,APP008,2025-01-01,settled,116925.03,USD,LATAM,CP0376,OPTION,TDR0125,BOOK_D,2025-07-30
TXN0008121851,APP007,2026-03-25,reversed,100078.38,CHF,LATAM,CP0115,SWAP,TDR0013,BOOK_C,2025-10-24
TXN0001194569,APP012,2026-03-01,active,774844.93,GBP,EMEA,CP0124,FUTURE,TDR0030,BOOK_C,2025-05-25
TXN0007695745,APP011,2025-02-07,pending,885423.21,GBP,LATAM,CP0476,EQUITY,TDR0016,BOOK_D,2025-10-14
TXN0003410296,APP012,2025-02-02,active,31791.41,JPY,AMER,CP0226,EQUITY,TDR0085,BOOK_A,2025-08-15
TXN0005540977,APP006,2025-07-21,settled,623907.3,EUR,AMER,CP0019,OPTION,TDR0194,BOOK_B,2026-01-11
TXN0009235468,APP018,2025-01-07,failed,873493.08,AUD,EMEA,CP0363,FUTURE,TDR0088,BOOK_C,2025-01-29
TXN0003883055,APP009,2026-02-26,active,65244.36,GBP,EMEA,CP0431,FUTURE,TDR0049,BOOK_C,2025-05-28
TXN0008950623,APP019,2025-06-27,pending,4290.54,EUR,EMEA,CP0137,FX,TDR0097,BOOK_B,2026-01-20
TXN0008954775,APP014,2025-09-21,active,964853.16,CHF,LATAM,CP0323,EQUITY,TDR0134,BOOK_A,2025-01-19
TXN0001200080,APP015,2025-01-23,settled,806528.86,EUR,AMER,CP0346,BOND,TDR0140,BOOK_B,2026-04-05
TXN0001915780,APP012,2025-08-21,failed,686596.31,JPY,LATAM,CP0465,EQUITY,TDR0175,BOOK_D,2025-01-30
TXN0008814491,APP017,2025-04-12,reversed,257083.92,CHF,AMER,CP0011,SWAP,TDR0168,BOOK_B,2025-01-29
TXN0006080111,APP010,2025-08-08,active,301646.41,EUR,EMEA,CP0091,BOND,TDR0054,BOOK_D,2025-08-20
TXN0009483698,APP012,2025-02-05,active,581416.38,CHF,EMEA,CP0236,SWAP,TDR0097,BOOK_D,2025-10-31
TXN0005892512,APP005,2026-04-01,settled,460703.79,USD,EMEA,CP0119,FX,TDR0178,BOOK_B,2025-12-05
TXN0004305487,APP015,2025-12-24,pending,465549.74,CHF,APAC,CP0164,FX,TDR0160,BOOK_C,2025-07-24
TXN0002494135,APP016,2025-04-27,reversed,168916.54,JPY,APAC,CP0255,BOND,TDR0163,BOOK_A,2025-07-13
TXN0008805406,APP008,2025-12-01,reversed,869543.51,AUD,LATAM,CP0104,BOND,TDR0150,BOOK_C,2026-02-17
TXN0000121869,APP008,2025-12-11,reversed,601015.05,AUD,AMER,CP0464,EQUITY,TDR0094,BOOK_C,2025-11-19
TXN0000853525,APP012,2025-05-28,settled,848843.14,GBP,LATAM,CP0026,OPTION,TDR0050,BOOK_D,2025-09-09
TXN0000207260,APP002,2026-04-04,failed,392571.06,JPY,EMEA,CP0100,SWAP,TDR0126,BOOK_A,2025-10-13
TXN0001332100,APP002,2025-08-07,settled,576393.29,JPY,AMER,CP0492,FUTURE,TDR0177,BOOK_C,2025-08-12
TXN0007059038,APP014,2025-11-11,settled,186373.18,CHF,AMER,CP0490,BOND,TDR0142,BOOK_C,2026-03-26
TXN0000722109,APP006,2026-02-17,reversed,319579.34,USD,AMER,CP0440,BOND,TDR0006,BOOK_A,2026-01-10
TXN0008572728,APP006,2026-02-02,failed,564689.78,GBP,EMEA,CP0041,OPTION,TDR0144,BOOK_D,2026-03-19
TXN0007672888,APP004,2025-04-13,active,494454.6,CHF,LATAM,CP0085,EQUITY,TDR0030,BOOK_C,2025-03-12
TXN0000110236,APP009,2025-05-22,active,257758.23,CHF,EMEA,CP0403,FUTURE,TDR0062,BOOK_C,2026-02-12
TXN0005538911,APP018,2025-06-10,pending,300012.61,AUD,APAC,CP0389,FUTURE,TDR0031,BOOK_A,2025-07-05
TXN0005341508,APP015,2026-01-13,pending,486010.14,EUR,AMER,CP0040,FX,TDR0168,BOOK_B,2025-05-09
TXN0003956545,APP003,2026-01-24,failed,365919.66,AUD,LATAM,CP0418,EQUITY,TDR0061,BOOK_B,2025-11-01
TXN0007696542,APP007,2025-03-26,pending,237116.08,JPY,EMEA,CP0435,OPTION,TDR0049,BOOK_B,2025-01-17
TXN0003302580,APP004,2026-03-15,settled,334833.18,AUD,EMEA,CP0120,FX,TDR0164,BOOK_D,2025-07-09
TXN0002761726,APP017,2025-05-21,reversed,715364.73,GBP,LATAM,CP0269,EQUITY,TDR0010,BOOK_D,2025-02-17
TXN0004310843,APP005,2025-12-21,reversed,890928.05,GBP,EMEA,CP0320,FUTURE,TDR0066,BOOK_B,2025-03-02
TXN0007540683,APP016,2025-02-01,reversed,859632.58,AUD,LATAM,CP0034,SWAP,TDR0127,BOOK_D,2025-01-24
TXN0006328995,APP019,2025-07-24,pending,928068.14,EUR,EMEA,CP0253,SWAP,TDR0040,BOOK_B,2025-06-06
TXN0006988350,APP004,2025-01-21,active,995528.9,USD,LATAM,CP0195,EQUITY,TDR0180,BOOK_D,2025-07-10
TXN0007541531,APP003,2025-05-14,pending,413500.46,GBP,EMEA,CP0145,FX,TDR0049,BOOK_C,2025-04-22
TXN0005627725,APP013,2025-04-24,settled,543367.1,AUD,LATAM,CP0277,OPTION,TDR0106,BOOK_A,2025-12-12
TXN0004006939,APP001,2025-01-19,reversed,457574.1,USD,EMEA,CP0162,EQUITY,TDR0110,BOOK_B,2026-02-17
TXN0001428828,APP017,2025-04-12,failed,398040.14,AUD,AMER,CP0345,SWAP,TDR0090,BOOK_D,2026-01-29
TXN0000854616,APP014,2025-05-05,settled,178921.89,EUR,EMEA,CP0219,FUTURE,TDR0159,BOOK_D,2025-06-08
TXN0008030461,APP004,2025-10-12,active,440976.43,GBP,APAC,CP0222,FX,TDR0155,BOOK_C,2025-04-11
TXN0004600731,APP002,2025-09-16,active,795760.16,JPY,EMEA,CP0289,SWAP,TDR0132,BOOK_D,2026-01-25
TXN0006762243,APP011,2026-02-05,settled,896726.77,EUR,AMER,CP0382,FUTURE,TDR0112,BOOK_D,2025-08-23
TXN0007077515,APP005,2026-03-15,active,880340.56,USD,EMEA,CP0011,FUTURE,TDR0184,BOOK_D,2026-01-12
TXN0002378785,APP009,2025-09-25,active,88010.51,GBP,LATAM,CP0350,FX,TDR0109,BOOK_A,2026-04-02
TXN0003102002,APP013,2025-04-26,failed,646544.16,AUD,AMER,CP0019,EQUITY,TDR0169,BOOK_B,2025-10-19
TXN0004256248,APP017,2025-09-24,settled,795964.09,EUR,AMER,CP0402,EQUITY,TDR0075,BOOK_B,2025-06-24
TXN0005697903,APP011,2025-11-25,failed,802948.94,JPY,APAC,CP0042,EQUITY,TDR0117,BOOK_D,2025-03-16
TXN0009319900,APP006,2026-01-09,active,846403.13,AUD,APAC,CP0152,FUTURE,TDR0162,BOOK_B,2026-01-06
TXN0003876894,APP007,2025-07-09,settled,192095.78,GBP,APAC,CP0147,SWAP,TDR0161,BOOK_A,2026-03-25
TXN0004937124,APP003,2025-01-05,failed,41401.41,USD,APAC,CP0326,OPTION,TDR0013,BOOK_A,2025-06-06
TXN0009607462,APP002,2026-01-18,active,635667.76,USD,AMER,CP0439,FUTURE,TDR0013,BOOK_D,2025-02-02
TXN0002048882,APP016,2025-05-04,pending,597797.8,AUD,EMEA,CP0313,BOND,TDR0135,BOOK_D,2025-11-06
TXN0001964657,APP015,2026-03-19,pending,268093.73,AUD,APAC,CP0004,BOND,TDR0074,BOOK_D,2025-11-21
TXN0006772552,APP016,2026-02-08,failed,13905.57,USD,AMER,CP0167,BOND,TDR0047,BOOK_C,2025-11-01
TXN0002378385,APP007,2026-03-06,reversed,636039.76,GBP,APAC,CP0494,SWAP,TDR0001,BOOK_B,2026-03-19
TXN0005257667,APP014,2025-04-16,pending,701286.17,JPY,EMEA,CP0167,SWAP,TDR0044,BOOK_D,2026-03-25
TXN0005252652,APP003,2026-02-22,failed,973994.76,JPY,APAC,CP0328,OPTION,TDR0070,BOOK_D,2025-12-19
TXN0003984007,APP020,2025-02-11,settled,410412.49,EUR,AMER,CP0298,BOND,TDR0152,BOOK_B,2025-07-20
TXN0007007915,APP012,2025-05-17,settled,502608.88,GBP,LATAM,CP0249,BOND,TDR0138,BOOK_D,2025-01-28
TXN0003688092,APP003,2025-01-20,pending,906066.7,EUR,LATAM,CP0205,SWAP,TDR0186,BOOK_C,2025-03-11
TXN0003007697,APP007,2026-02-21,reversed,469195.5,EUR,EMEA,CP0238,EQUITY,TDR0074,BOOK_C,2025-03-21
TXN0000100563,APP009,2025-10-29,settled,511286.3,GBP,AMER,CP0431,OPTION,TDR0078,BOOK_B,2026-02-28
TXN0008707906,APP010,2026-01-21,reversed,107595.32,EUR,AMER,CP0096,BOND,TDR0094,BOOK_A,2025-09-27
TXN0000148329,APP010,2025-09-15,failed,654208.69,CHF,AMER,CP0292,FUTURE,TDR0003,BOOK_D,2026-01-22
TXN0004216899,APP020,2025-12-29,pending,68046.08,EUR,APAC,CP0148,SWAP,TDR0086,BOOK_B,2025-03-09
TXN0008912213,APP010,2026-03-21,failed,345377.49,JPY,APAC,CP0490,EQUITY,TDR0003,BOOK_C,2025-05-29
TXN0005727229,APP018,2025-07-04,failed,156928.67,AUD,LATAM,CP0166,FUTURE,TDR0156,BOOK_B,2025-01-21
TXN0009953715,APP010,2025-11-26,active,179695.21,GBP,LATAM,CP0185,OPTION,TDR0130,BOOK_D,2025-09-28
TXN0006417343,APP014,2026-02-19,settled,990401.7,AUD,EMEA,CP0058,OPTION,TDR0152,BOOK_D,2026-01-29
TXN0000733468,APP013,2025-08-02,failed,166121.14,CHF,APAC,CP0050,FUTURE,TDR0101,BOOK_B,2025-08-21
TXN0008416925,APP006,2025-08-15,failed,899966.84,EUR,AMER,CP0239,BOND,TDR0045,BOOK_D,2025-10-03
TXN0006353725,APP001,2026-04-09,failed,617988.41,USD,LATAM,CP0281,SWAP,TDR0080,BOOK_B,2025-01-27
TXN0000829841,APP020,2026-02-18,failed,817576.01,JPY,LATAM,CP0303,FUTURE,TDR0043,BOOK_D,2025-05-24
TXN0007869863,APP020,2025-05-21,settled,596583.55,EUR,EMEA,CP0470,EQUITY,TDR0071,BOOK_C,2026-01-29
TXN0002507770,APP007,2025-05-02,active,879446.51,JPY,LATAM,CP0432,EQUITY,TDR0132,BOOK_C,2026-02-26
TXN0006068552,APP011,2025-10-22,failed,597260.92,CHF,EMEA,CP0427,EQUITY,TDR0048,BOOK_D,2026-03-06
TXN0007493271,APP007,2026-04-04,reversed,940449.34,AUD,AMER,CP0433,OPTION,TDR0053,BOOK_A,2025-07-28
TXN0006242974,APP007,2025-04-10,active,339246.15,EUR,APAC,CP0488,SWAP,TDR0121,BOOK_B,2025-06-11
TXN0009150467,APP019,2025-06-06,failed,193068.51,EUR,LATAM,CP0055,EQUITY,TDR0155,BOOK_D,2025-07-23
TXN0000411062,APP018,2026-02-11,failed,516035.56,EUR,APAC,CP0206,OPTION,TDR0157,BOOK_B,2025-09-23
TXN0000862474,APP008,2025-01-11,settled,958726.31,USD,AMER,CP0411,FUTURE,TDR0172,BOOK_A,2025-11-30
TXN0007453849,APP009,2025-02-27,active,815467.01,EUR,AMER,CP0486,OPTION,TDR0078,BOOK_C,2026-02-17
TXN0007542511,APP017,2025-09-21,pending,700682.01,JPY,APAC,CP0024,OPTION,TDR0085,BOOK_C,2025-08-23
TXN0009852948,APP008,2025-04-03,active,80741.76,JPY,AMER,CP0224,FX,TDR0119,BOOK_C,2025-01-12
TXN0005418562,APP009,2025-11-24,pending,17004.85,CHF,APAC,CP0455,OPTION,TDR0126,BOOK_A,2025-03-13
TXN0000080018,APP002,2026-03-21,failed,973729.34,EUR,EMEA,CP0337,FUTURE,TDR0121,BOOK_D,2025-07-16
TXN0007785170,APP006,2025-11-03,pending,55025.22,EUR,EMEA,CP0353,OPTION,TDR0015,BOOK_B,2025-06-08
TXN0004910752,APP003,2025-04-01,reversed,396657.71,AUD,AMER,CP0412,OPTION,TDR0116,BOOK_A,2025-07-11
TXN0008673090,APP013,2025-03-21,failed,100239.23,GBP,AMER,CP0334,FX,TDR0185,BOOK_B,2025-02-20
TXN0005029370,APP012,2025-03-06,reversed,231617.74,GBP,LATAM,CP0214,BOND,TDR0142,BOOK_C,2025-02-12
TXN0006314979,APP009,2025-04-05,pending,706930.31,USD,AMER,CP0030,OPTION,TDR0063,BOOK_A,2025-11-19
TXN0001517067,APP016,2025-07-01,reversed,986322.28,USD,LATAM,CP0075,SWAP,TDR0023,BOOK_A,2025-02-20
TXN0005283858,APP015,2025-05-20,settled,819375.13,JPY,APAC,CP0268,EQUITY,TDR0042,BOOK_D,2025-10-18
TXN0009785016,APP009,2026-02-04,reversed,517696.6,EUR,EMEA,CP0007,BOND,TDR0021,BOOK_D,2026-01-11
TXN0003369130,APP019,2026-02-15,pending,556109.62,GBP,APAC,CP0222,OPTION,TDR0152,BOOK_C,2025-07-16
TXN0000831652,APP013,2025-04-01,active,373139.47,AUD,LATAM,CP0226,BOND,TDR0147,BOOK_B,2025-01-29
TXN0009051835,APP005,2025-09-27,pending,959306.62,USD,EMEA,CP0280,FUTURE,TDR0096,BOOK_B,2025-06-10
TXN0003826462,APP014,2025-04-13,reversed,385002.52,USD,AMER,CP0312,SWAP,TDR0138,BOOK_C,2025-09-09
TXN0009038645,APP020,2025-09-04,failed,430557.52,AUD,LATAM,CP0239,FX,TDR0168,BOOK_A,2025-12-06
TXN0007087371,APP008,2025-11-25,active,590693.54,EUR,APAC,CP0242,EQUITY,TDR0190,BOOK_C,2025-06-26
TXN0007395483,APP015,2025-07-19,failed,325071.09,AUD,LATAM,CP0203,SWAP,TDR0199,BOOK_C,2025-04-23
TXN0005101306,APP011,2025-11-10,reversed,160600.35,EUR,LATAM,CP0032,FUTURE,TDR0055,BOOK_D,2025-03-04
TXN0001701368,APP010,2026-01-12,active,595502.29,GBP,LATAM,CP0201,FX,TDR0096,BOOK_A,2026-01-17
TXN0009537988,APP002,2025-10-24,failed,396879.79,EUR,APAC,CP0047,EQUITY,TDR0104,BOOK_C,2025-06-01
TXN0009356559,APP003,2025-04-24,pending,94639.64,JPY,AMER,CP0057,EQUITY,TDR0056,BOOK_D,2026-02-26
TXN0003967168,APP002,2025-01-29,reversed,47149.73,EUR,EMEA,CP0399,EQUITY,TDR0077,BOOK_C,2025-03-07
TXN0001437344,APP003,2025-07-01,reversed,580087.29,AUD,LATAM,CP0487,OPTION,TDR0179,BOOK_A,2025-11-09
TXN0003521479,APP020,2026-03-15,pending,515989.44,GBP,LATAM,CP0346,BOND,TDR0149,BOOK_A,2025-02-07
TXN0001143612,APP009,2025-06-23,pending,374105.95,AUD,LATAM,CP0327,OPTION,TDR0123,BOOK_B,2025-08-01
TXN0000833987,APP004,2025-09-23,settled,900406.63,GBP,EMEA,CP0162,EQUITY,TDR0010,BOOK_A,2025-08-13
TXN0008571781,APP001,2026-03-14,failed,775203.67,EUR,LATAM,CP0279,FUTURE,TDR0079,BOOK_D,2026-02-11
TXN0007314481,APP016,2025-07-02,settled,508029.03,EUR,APAC,CP0457,EQUITY,TDR0057,BOOK_D,2026-01-03
TXN0001680124,APP007,2026-03-26,reversed,934978.05,CHF,AMER,CP0240,OPTION,TDR0029,BOOK_A,2025-06-14
TXN0005806820,APP017,2026-01-23,reversed,403709.33,JPY,AMER,CP0162,FUTURE,TDR0186,BOOK_A,2025-01-24
TXN0001767716,APP005,2025-02-27,active,903674.28,EUR,APAC,CP0161,BOND,TDR0024,BOOK_D,2025-05-08
TXN0008325774,APP017,2025-08-08,active,670539.7,EUR,LATAM,CP0175,FUTURE,TDR0166,BOOK_C,2025-09-26
TXN0007160549,APP014,2025-09-19,pending,493554.72,USD,LATAM,CP0459,FUTURE,TDR0184,BOOK_D,2025-05-07
TXN0001745482,APP018,2025-02-09,pending,558644.05,EUR,APAC,CP0488,FX,TDR0059,BOOK_D,2025-07-14
TXN0006526299,APP004,2025-07-27,reversed,598731.47,EUR,APAC,CP0207,SWAP,TDR0165,BOOK_A,2025-10-15
TXN0002598748,APP002,2025-04-29,settled,845631.95,GBP,APAC,CP0334,OPTION,TDR0026,BOOK_C,2026-03-24
TXN0009236874,APP019,2026-01-31,settled,686915.03,CHF,EMEA,CP0279,EQUITY,TDR0134,BOOK_C,2025-02-06
TXN0002709597,APP007,2025-09-19,pending,150527.55,AUD,EMEA,CP0441,FX,TDR0039,BOOK_C,2025-04-18
TXN0005338613,APP017,2025-04-14,active,665489.23,USD,APAC,CP0431,FUTURE,TDR0069,BOOK_B,2025-02-20
TXN0003806938,APP006,2025-11-18,active,350169.09,AUD,LATAM,CP0464,FUTURE,TDR0165,BOOK_D,2025-10-23
TXN0007418130,APP007,2025-09-02,active,514910.5,GBP,LATAM,CP0152,FX,TDR0060,BOOK_B,2025-10-20
TXN0009095351,APP005,2025-02-28,failed,464161.61,CHF,APAC,CP0266,FX,TDR0158,BOOK_A,2025-08-27
TXN0009382362,APP001,2025-03-04,pending,188290.82,AUD,LATAM,CP0351,FX,TDR0034,BOOK_A,2026-04-11
TXN0000802542,APP002,2025-01-26,pending,356126.4,EUR,AMER,CP0233,EQUITY,TDR0070,BOOK_B,2026-01-17
TXN0003258083,APP010,2025-01-15,active,655157.96,JPY,LATAM,CP0381,BOND,TDR0128,BOOK_A,2025-09-19
TXN0000698047,APP015,2025-04-26,failed,858490.76,CHF,AMER,CP0445,FUTURE,TDR0167,BOOK_A,2025-01-31
TXN0003979168,APP014,2025-08-11,pending,489456.46,AUD,AMER,CP0289,OPTION,TDR0186,BOOK_B,2025-11-15
TXN0000081265,APP017,2026-01-03,failed,521865.86,AUD,LATAM,CP0186,FX,TDR0147,BOOK_A,2025-11-28
TXN0000464794,APP007,2025-02-01,active,74708.54,GBP,AMER,CP0349,SWAP,TDR0190,BOOK_D,2025-04-20
TXN0006276881,APP010,2026-01-03,settled,778563.29,EUR,AMER,CP0365,FX,TDR0095,BOOK_C,2025-10-30
TXN0001012201,APP009,2026-02-22,failed,462472.99,EUR,APAC,CP0174,EQUITY,TDR0100,BOOK_D,2025-11-16
TXN0001349461,APP003,2026-02-24,active,592229.27,CHF,EMEA,CP0111,SWAP,TDR0192,BOOK_A,2025-11-04
TXN0007351451,APP003,2025-02-01,active,598561.14,EUR,EMEA,CP0351,BOND,TDR0019,BOOK_D,2026-01-19
TXN0009075291,APP007,2025-11-09,pending,338627.19,CHF,EMEA,CP0372,FUTURE,TDR0065,BOOK_C,2026-01-10
TXN0000999615,APP004,2025-09-24,pending,134136.4,JPY,EMEA,CP0143,BOND,TDR0093,BOOK_C,2025-10-27
TXN0005642799,APP004,2026-01-26,failed,272586.46,EUR,EMEA,CP0461,OPTION,TDR0163,BOOK_A,2025-08-01
TXN0001145199,APP013,2025-12-10,pending,740617.78,EUR,AMER,CP0226,OPTION,TDR0085,BOOK_A,2025-10-22
TXN0003961891,APP003,2025-05-08,settled,186204.97,JPY,APAC,CP0248,SWAP,TDR0041,BOOK_B,2025-09-18
TXN0001850958,APP017,2025-07-13,active,500858.69,CHF,APAC,CP0480,OPTION,TDR0163,BOOK_C,2025-01-09
TXN0006246181,APP004,2025-10-22,settled,186703.15,USD,AMER,CP0309,BOND,TDR0051,BOOK_C,2025-08-28
TXN0002925086,APP004,2025-08-25,settled,637719.5,CHF,AMER,CP0287,FUTURE,TDR0127,BOOK_C,2025-09-27
TXN0004494982,APP020,2026-01-10,pending,540400.69,EUR,APAC,CP0395,BOND,TDR0016,BOOK_D,2025-02-02
TXN0005261317,APP006,2026-04-05,reversed,966875.69,USD,EMEA,CP0252,FX,TDR0165,BOOK_C,2026-03-21
TXN0003293667,APP017,2025-08-16,settled,759283.39,AUD,LATAM,CP0174,SWAP,TDR0081,BOOK_A,2026-02-04
TXN0001252349,APP013,2025-05-23,failed,123449.8,EUR,APAC,CP0345,SWAP,TDR0135,BOOK_A,2025-09-04
TXN0008253876,APP008,2025-06-28,settled,377610.73,JPY,LATAM,CP0080,FUTURE,TDR0181,BOOK_C,2026-01-14
TXN0003790977,APP009,2025-04-19,reversed,277028.18,GBP,APAC,CP0431,EQUITY,TDR0167,BOOK_D,2025-05-30
TXN0007819947,APP011,2025-05-23,reversed,784957.61,USD,APAC,CP0285,OPTION,TDR0078,BOOK_D,2025-01-19
TXN0000193693,APP001,2026-03-29,active,289144.39,EUR,EMEA,CP0136,BOND,TDR0118,BOOK_B,2026-02-21
TXN0001709901,APP009,2025-01-06,pending,683098.77,AUD,EMEA,CP0218,FX,TDR0121,BOOK_D,2025-03-23
TXN0006790334,APP011,2025-01-04,active,909203.74,JPY,EMEA,CP0097,SWAP,TDR0059,BOOK_A,2025-01-13
TXN0005005096,APP003,2025-09-11,reversed,62754.42,USD,AMER,CP0414,BOND,TDR0083,BOOK_B,2026-02-26
TXN0003912592,APP017,2026-01-29,active,894034.0,JPY,EMEA,CP0059,FX,TDR0200,BOOK_C,2025-11-20
TXN0005102420,APP002,2025-03-27,reversed,739771.81,USD,APAC,CP0264,SWAP,TDR0022,BOOK_B,2025-10-01
TXN0008698875,APP006,2025-06-29,active,295774.12,GBP,APAC,CP0167,OPTION,TDR0036,BOOK_D,2025-02-16
TXN0003731166,APP003,2025-02-24,pending,545436.27,CHF,LATAM,CP0044,EQUITY,TDR0140,BOOK_A,2026-01-30
TXN0003007197,APP005,2025-09-12,reversed,104256.09,GBP,AMER,CP0467,FX,TDR0099,BOOK_D,2025-12-20
TXN0002728852,APP003,2025-06-18,active,239503.53,JPY,LATAM,CP0134,OPTION,TDR0001,BOOK_B,2026-01-27
TXN0008220733,APP004,2025-04-30,active,102029.18,AUD,LATAM,CP0344,FUTURE,TDR0008,BOOK_B,2025-08-08
TXN0003313567,APP006,2025-01-29,reversed,723553.3,JPY,LATAM,CP0332,SWAP,TDR0172,BOOK_A,2025-02-04
TXN0007454077,APP018,2025-01-13,settled,589174.76,AUD,LATAM,CP0364,OPTION,TDR0163,BOOK_C,2025-07-20
TXN0004025754,APP002,2025-12-01,settled,673059.28,CHF,APAC,CP0420,FUTURE,TDR0114,BOOK_B,2025-05-26
TXN0005477530,APP012,2025-03-25,active,681856.92,AUD,AMER,CP0414,FUTURE,TDR0005,BOOK_C,2025-11-23
TXN0001205640,APP006,2026-01-22,reversed,995832.17,JPY,AMER,CP0395,FUTURE,TDR0027,BOOK_B,2025-05-04
TXN0004270752,APP006,2025-11-26,settled,699380.51,EUR,EMEA,CP0046,SWAP,TDR0157,BOOK_C,2025-09-02
TXN0004474340,APP002,2025-02-19,pending,144647.43,CHF,AMER,CP0219,BOND,TDR0005,BOOK_A,2025-02-10
TXN0008570293,APP017,2025-12-19,pending,748890.2,USD,APAC,CP0471,FX,TDR0091,BOOK_C,2025-04-01
TXN0008507012,APP006,2025-02-11,settled,574835.76,AUD,EMEA,CP0012,BOND,TDR0117,BOOK_B,2026-01-23
TXN0003681211,APP002,2025-02-27,pending,77325.53,GBP,LATAM,CP0340,FX,TDR0182,BOOK_C,2025-08-23
TXN0002309848,APP011,2025-01-14,settled,2620.78,JPY,AMER,CP0187,FX,TDR0164,BOOK_B,2025-11-20
TXN0008332129,APP014,2025-02-18,reversed,850096.87,AUD,AMER,CP0123,EQUITY,TDR0006,BOOK_C,2025-04-18
TXN0008493537,APP013,2025-07-21,active,288200.99,CHF,LATAM,CP0012,SWAP,TDR0198,BOOK_C,2025-08-06
TXN0003467209,APP010,2026-03-05,failed,729676.33,AUD,EMEA,CP0232,EQUITY,TDR0198,BOOK_A,2025-01-15
TXN0006247590,APP015,2026-01-19,failed,222893.92,EUR,APAC,CP0368,FUTURE,TDR0026,BOOK_A,2025-08-25
TXN0009195124,APP009,2026-03-10,pending,712736.43,CHF,EMEA,CP0358,FUTURE,TDR0107,BOOK_A,2025-02-05
TXN0003673387,APP010,2025-07-29,pending,812277.27,GBP,APAC,CP0006,OPTION,TDR0136,BOOK_B,2026-01-03
TXN0009177664,APP012,2025-08-13,pending,29939.45,AUD,EMEA,CP0335,BOND,TDR0031,BOOK_C,2025-08-05
TXN0002524829,APP018,2025-04-25,pending,409760.69,USD,EMEA,CP0444,BOND,TDR0195,BOOK_D,2025-12-11
TXN0005928522,APP002,2025-02-12,failed,681340.09,USD,LATAM,CP0142,BOND,TDR0006,BOOK_C,2026-02-21
TXN0005571077,APP004,2025-11-15,reversed,395588.88,USD,AMER,CP0365,SWAP,TDR0126,BOOK_B,2026-02-06
TXN0004345835,APP010,2026-04-08,reversed,360419.92,USD,LATAM,CP0148,BOND,TDR0113,BOOK_B,2025-08-15
TXN0001104705,APP004,2026-02-28,pending,70164.78,GBP,LATAM,CP0288,SWAP,TDR0088,BOOK_A,2026-02-10
TXN0004282018,APP007,2026-03-30,settled,641920.44,GBP,LATAM,CP0048,BOND,TDR0181,BOOK_C,2026-02-01
TXN0008584183,APP015,2026-03-16,pending,740489.2,EUR,AMER,CP0459,EQUITY,TDR0015,BOOK_C,2025-04-04
TXN0004956942,APP010,2025-02-09,failed,398782.6,EUR,APAC,CP0064,EQUITY,TDR0124,BOOK_A,2026-03-29
TXN0002900164,APP012,2025-09-26,reversed,295394.24,USD,AMER,CP0104,BOND,TDR0026,BOOK_D,2025-04-12
TXN0007316911,APP007,2025-04-12,active,389111.17,GBP,EMEA,CP0187,BOND,TDR0194,BOOK_C,2025-02-07
TXN0003246594,APP020,2025-03-31,reversed,47108.84,GBP,LATAM,CP0112,FX,TDR0134,BOOK_A,2025-11-20
TXN0004744999,APP019,2025-07-08,failed,876325.52,USD,APAC,CP0037,EQUITY,TDR0103,BOOK_D,2025-01-08
TXN0007454653,APP002,2025-12-13,reversed,650975.7,USD,AMER,CP0081,FUTURE,TDR0175,BOOK_A,2026-02-18
TXN0002477010,APP005,2025-01-28,pending,239116.32,AUD,APAC,CP0336,BOND,TDR0009,BOOK_A,2025-09-04
TXN0003543856,APP020,2025-10-16,reversed,907485.41,USD,EMEA,CP0207,OPTION,TDR0143,BOOK_D,2025-10-06
TXN0008502164,APP017,2025-08-29,settled,258365.08,CHF,EMEA,CP0376,FUTURE,TDR0109,BOOK_B,2026-02-18
TXN0003447398,APP012,2025-04-29,reversed,622320.48,USD,AMER,CP0368,FX,TDR0198,BOOK_C,2025-06-24
TXN0002594720,APP016,2026-03-12,active,659757.49,CHF,AMER,CP0373,FUTURE,TDR0141,BOOK_A,2025-03-28
TXN0001748628,APP013,2025-06-22,failed,738655.98,AUD,LATAM,CP0446,FX,TDR0113,BOOK_B,2025-01-31
TXN0009834313,APP017,2025-10-01,pending,491871.32,JPY,APAC,CP0395,FX,TDR0092,BOOK_D,2025-04-30
TXN0002291831,APP002,2026-01-21,pending,676435.42,JPY,AMER,CP0110,FUTURE,TDR0011,BOOK_C,2026-03-10
TXN0007956837,APP004,2026-01-11,failed,724969.01,EUR,EMEA,CP0422,SWAP,TDR0135,BOOK_C,2025-04-10
TXN0005918157,APP019,2025-10-17,active,599419.7,JPY,EMEA,CP0011,BOND,TDR0048,BOOK_C,2025-06-16
TXN0007249666,APP003,2025-06-03,active,96991.95,JPY,AMER,CP0042,EQUITY,TDR0187,BOOK_C,2026-03-22
TXN0009147120,APP007,2025-05-20,failed,627665.74,EUR,EMEA,CP0124,FX,TDR0105,BOOK_A,2025-05-02
TXN0008951892,APP010,2025-02-02,failed,399177.54,GBP,AMER,CP0418,FX,TDR0017,BOOK_A,2025-04-08
TXN0002259223,APP011,2025-08-16,failed,909666.74,CHF,LATAM,CP0436,OPTION,TDR0159,BOOK_D,2025-08-13
TXN0004404670,APP016,2025-03-27,reversed,985298.28,CHF,APAC,CP0116,EQUITY,TDR0105,BOOK_D,2025-05-11
TXN0007427220,APP015,2025-08-18,settled,670003.89,GBP,EMEA,CP0245,EQUITY,TDR0013,BOOK_B,2025-08-07
TXN0008883170,APP016,2025-09-08,settled,483066.71,AUD,EMEA,CP0463,SWAP,TDR0013,BOOK_A,2026-04-14
TXN0009429528,APP005,2026-01-21,active,645735.26,AUD,EMEA,CP0266,FUTURE,TDR0143,BOOK_A,2025-10-10
TXN0002730598,APP007,2025-04-02,failed,394070.02,EUR,LATAM,CP0351,EQUITY,TDR0065,BOOK_A,2026-01-01
TXN0006458670,APP010,2025-03-28,reversed,253975.64,JPY,LATAM,CP0054,SWAP,TDR0187,BOOK_B,2026-04-10
TXN0007891999,APP017,2025-09-29,reversed,27788.16,AUD,EMEA,CP0043,FX,TDR0191,BOOK_C,2025-08-04
TXN0008358493,APP003,2025-06-14,failed,584431.87,GBP,APAC,CP0223,EQUITY,TDR0069,BOOK_C,2025-12-10
TXN0004540462,APP018,2025-01-10,reversed,632621.67,USD,EMEA,CP0282,EQUITY,TDR0040,BOOK_B,2025-10-16
TXN0008693678,APP012,2025-08-16,pending,293589.49,USD,APAC,CP0313,FX,TDR0187,BOOK_A,2026-01-13
TXN0006395852,APP005,2025-01-23,reversed,740725.51,USD,APAC,CP0068,FX,TDR0148,BOOK_D,2025-12-03
TXN0008773712,APP011,2025-07-16,failed,79044.63,AUD,AMER,CP0017,FUTURE,TDR0091,BOOK_C,2025-03-18
TXN0002874932,APP009,2025-11-23,failed,53047.54,CHF,LATAM,CP0154,SWAP,TDR0011,BOOK_A,2025-07-13
TXN0003501581,APP004,2025-09-21,settled,194641.73,GBP,EMEA,CP0292,FUTURE,TDR0041,BOOK_D,2025-05-06
TXN0008293121,APP016,2025-12-21,reversed,589084.76,CHF,LATAM,CP0247,SWAP,TDR0047,BOOK_A,2025-03-05
TXN0003484596,APP005,2025-03-02,settled,119463.67,JPY,EMEA,CP0432,OPTION,TDR0013,BOOK_A,2026-01-30
TXN0007760689,APP014,2025-10-10,settled,709727.78,GBP,LATAM,CP0486,OPTION,TDR0033,BOOK_B,2025-12-17
TXN0005932512,APP002,2025-03-23,active,366191.6,USD,EMEA,CP0494,FUTURE,TDR0005,BOOK_C,2025-04-28
TXN0001504978,APP006,2025-09-11,pending,347569.06,CHF,EMEA,CP0023,FUTURE,TDR0012,BOOK_B,2025-01-06
TXN0003851669,APP006,2025-02-26,pending,982582.48,USD,AMER,CP0043,EQUITY,TDR0034,BOOK_A,2025-08-07
TXN0008472854,APP009,2025-11-24,pending,909317.95,AUD,LATAM,CP0330,BOND,TDR0199,BOOK_B,2025-12-05
TXN0008115546,APP018,2025-04-18,settled,901686.79,GBP,LATAM,CP0294,BOND,TDR0070,BOOK_C,2026-01-29
TXN0005481149,APP007,2026-01-19,settled,200906.26,AUD,LATAM,CP0279,EQUITY,TDR0032,BOOK_C,2026-02-20
TXN0007330766,APP018,2025-10-23,settled,439018.4,JPY,EMEA,CP0370,BOND,TDR0147,BOOK_D,2026-03-27
TXN0004076891,APP016,2025-11-07,reversed,612321.66,AUD,LATAM,CP0388,BOND,TDR0132,BOOK_D,2025-07-03
TXN0003638166,APP005,2026-03-05,reversed,461561.29,AUD,EMEA,CP0297,FUTURE,TDR0143,BOOK_B,2025-10-25
TXN0007491422,APP007,2025-07-24,reversed,520665.68,USD,AMER,CP0197,FX,TDR0165,BOOK_C,2026-02-27
TXN0006117293,APP014,2025-10-11,settled,36911.32,EUR,EMEA,CP0466,EQUITY,TDR0141,BOOK_D,2025-01-07
TXN0007394811,APP002,2025-02-19,reversed,681013.7,GBP,APAC,CP0030,FX,TDR0162,BOOK_B,2025-02-25
TXN0000287086,APP006,2025-07-23,active,18408.01,USD,EMEA,CP0473,OPTION,TDR0101,BOOK_C,2025-05-03
TXN0005786666,APP008,2026-02-06,settled,969769.64,CHF,LATAM,CP0308,BOND,TDR0114,BOOK_C,2025-10-19
TXN0008833253,APP006,2025-06-29,pending,680890.32,AUD,EMEA,CP0061,OPTION,TDR0190,BOOK_D,2026-04-07
TXN0006387150,APP015,2026-03-22,failed,561509.34,AUD,LATAM,CP0184,SWAP,TDR0120,BOOK_D,2025-01-23
TXN0001496937,APP014,2026-03-17,settled,588169.22,AUD,EMEA,CP0044,FX,TDR0093,BOOK_C,2026-03-14
TXN0006595796,APP006,2026-04-04,settled,115884.66,AUD,LATAM,CP0165,EQUITY,TDR0107,BOOK_B,2025-08-11
TXN0000763181,APP009,2025-08-18,reversed,975095.96,AUD,APAC,CP0414,BOND,TDR0129,BOOK_A,2025-11-22
TXN0008474916,APP007,2025-05-09,pending,308132.18,JPY,EMEA,CP0020,BOND,TDR0014,BOOK_D,2025-02-02
TXN0009686031,APP020,2025-11-25,reversed,951630.16,EUR,AMER,CP0013,OPTION,TDR0075,BOOK_A,2025-02-21
TXN0000576749,APP005,2025-09-08,active,6327.94,GBP,AMER,CP0088,FX,TDR0116,BOOK_C,2025-08-26
TXN0006836620,APP015,2025-12-31,failed,688761.34,GBP,LATAM,CP0456,BOND,TDR0092,BOOK_D,2025-12-25
TXN0006218650,APP005,2026-02-04,active,601499.97,CHF,EMEA,CP0153,FX,TDR0079,BOOK_D,2025-07-28
TXN0008631798,APP006,2025-04-22,pending,401920.97,USD,EMEA,CP0232,FUTURE,TDR0059,BOOK_B,2026-03-01
TXN0009524226,APP019,2025-04-09,active,336033.69,GBP,LATAM,CP0309,EQUITY,TDR0122,BOOK_C,2025-12-07
TXN0007312452,APP013,2026-03-19,failed,274045.49,AUD,AMER,CP0485,OPTION,TDR0056,BOOK_B,2025-05-13
TXN0006820284,APP019,2025-07-07,reversed,295446.08,GBP,LATAM,CP0012,FX,TDR0028,BOOK_B,2025-01-24
TXN0000963307,APP018,2025-03-15,pending,537941.91,USD,EMEA,CP0419,FUTURE,TDR0062,BOOK_B,2025-03-19
TXN0004653141,APP004,2025-06-08,active,381122.63,JPY,APAC,CP0221,FUTURE,TDR0191,BOOK_D,2025-03-17
TXN0001647539,APP015,2025-06-19,settled,822512.25,AUD,APAC,CP0033,EQUITY,TDR0029,BOOK_C,2025-10-13
TXN0002936011,APP015,2025-10-03,settled,736578.07,EUR,EMEA,CP0098,OPTION,TDR0020,BOOK_B,2025-09-21
TXN0002288638,APP012,2025-10-27,active,377537.64,USD,LATAM,CP0387,SWAP,TDR0034,BOOK_B,2025-07-16
TXN0002469300,APP018,2026-02-20,reversed,922059.79,GBP,APAC,CP0019,FUTURE,TDR0066,BOOK_D,2025-06-28
TXN0002134875,APP008,2025-07-03,failed,471809.86,AUD,EMEA,CP0170,FUTURE,TDR0038,BOOK_D,2025-02-14
TXN0005343098,APP005,2025-05-18,reversed,856053.76,EUR,AMER,CP0044,FUTURE,TDR0114,BOOK_B,2025-12-13
TXN0000361424,APP019,2025-12-15,failed,184450.08,GBP,APAC,CP0028,SWAP,TDR0197,BOOK_C,2026-03-02
TXN0002624445,APP004,2025-04-12,failed,335749.97,EUR,AMER,CP0480,EQUITY,TDR0198,BOOK_D,2026-01-08
TXN0008913170,APP019,2025-05-16,settled,151300.46,AUD,APAC,CP0427,FUTURE,TDR0200,BOOK_A,2025-02-22
TXN0006276374,APP014,2025-06-10,settled,503261.37,CHF,LATAM,CP0110,SWAP,TDR0060,BOOK_C,2025-08-30
TXN0000692135,APP002,2026-01-17,settled,114717.72,USD,EMEA,CP0063,BOND,TDR0030,BOOK_A,2025-08-24
TXN0007590897,APP016,2025-07-22,settled,509775.07,GBP,AMER,CP0221,BOND,TDR0120,BOOK_A,2025-05-28
TXN0005317972,APP005,2026-02-12,failed,117862.71,USD,AMER,CP0390,BOND,TDR0170,BOOK_B,2025-02-20
TXN0007897666,APP012,2026-03-18,pending,377888.77,EUR,AMER,CP0219,FUTURE,TDR0005,BOOK_A,2025-11-14
TXN0005586354,APP003,2025-10-20,reversed,944446.64,AUD,EMEA,CP0467,FUTURE,TDR0029,BOOK_A,2026-02-22
TXN0003442937,APP016,2025-07-18,settled,830405.76,USD,LATAM,CP0008,EQUITY,TDR0090,BOOK_B,2026-01-27
TXN0009496481,APP018,2025-05-11,settled,851172.11,EUR,EMEA,CP0140,EQUITY,TDR0041,BOOK_D,2025-04-03
TXN0002970464,APP018,2025-11-22,active,895438.66,GBP,AMER,CP0422,FUTURE,TDR0028,BOOK_D,2026-03-19
TXN0001657035,APP020,2025-08-13,failed,190174.32,JPY,EMEA,CP0106,EQUITY,TDR0144,BOOK_B,2025-02-04
TXN0002729000,APP010,2025-06-20,reversed,75551.1,EUR,APAC,CP0437,OPTION,TDR0181,BOOK_C,2025-12-18
TXN0007374859,APP016,2025-10-18,active,801643.37,JPY,LATAM,CP0425,FUTURE,TDR0056,BOOK_D,2026-04-10
TXN0002984525,APP008,2025-12-10,settled,118882.46,JPY,APAC,CP0086,SWAP,TDR0099,BOOK_A,2025-11-17
TXN0004684336,APP014,2025-02-01,reversed,316786.46,EUR,APAC,CP0209,BOND,TDR0121,BOOK_D,2026-03-11
TXN0007412983,APP010,2025-02-05,failed,853025.97,USD,EMEA,CP0028,OPTION,TDR0200,BOOK_D,2025-11-12
TXN0008865457,APP019,2026-02-18,settled,375248.54,EUR,LATAM,CP0106,EQUITY,TDR0112,BOOK_B,2026-01-02
TXN0001308565,APP004,2025-08-06,settled,213641.47,JPY,AMER,CP0168,OPTION,TDR0176,BOOK_A,2025-05-24
TXN0004612741,APP014,2025-01-16,reversed,801919.48,CHF,LATAM,CP0371,OPTION,TDR0104,BOOK_B,2025-03-23
TXN0009732585,APP020,2026-01-14,reversed,247100.22,EUR,EMEA,CP0227,FX,TDR0011,BOOK_A,2025-09-12
TXN0004631186,APP008,2025-03-02,active,701331.48,JPY,LATAM,CP0137,SWAP,TDR0059,BOOK_C,2026-03-19
TXN0002445727,APP009,2026-01-29,reversed,737272.3,AUD,EMEA,CP0216,OPTION,TDR0175,BOOK_A,2025-07-16
TXN0000529685,APP005,2025-06-10,reversed,327777.32,AUD,LATAM,CP0157,FX,TDR0033,BOOK_D,2025-04-15
TXN0003493230,APP006,2026-01-07,active,329453.27,EUR,EMEA,CP0453,BOND,TDR0184,BOOK_A,2026-02-12
TXN0009146460,APP015,2025-10-22,reversed,846703.35,GBP,EMEA,CP0409,FUTURE,TDR0146,BOOK_D,2026-01-25
TXN0006836871,APP011,2025-12-14,pending,15620.4,JPY,APAC,CP0053,FUTURE,TDR0126,BOOK_A,2025-05-11
TXN0001490778,APP009,2026-02-27,reversed,898135.35,USD,LATAM,CP0099,BOND,TDR0043,BOOK_D,2025-10-03
TXN0009382976,APP002,2025-07-23,settled,887229.22,AUD,EMEA,CP0033,OPTION,TDR0192,BOOK_D,2025-12-11
TXN0002179396,APP016,2025-11-30,failed,635582.41,EUR,APAC,CP0146,EQUITY,TDR0048,BOOK_D,2025-05-22
TXN0005131229,APP008,2026-02-28,active,569102.48,GBP,EMEA,CP0410,FX,TDR0083,BOOK_C,2025-10-09
TXN0000088256,APP004,2025-12-03,active,465438.5,EUR,LATAM,CP0187,BOND,TDR0077,BOOK_D,2025-09-18
TXN0009389533,APP002,2025-05-19,settled,647028.13,GBP,AMER,CP0365,BOND,TDR0033,BOOK_B,2025-11-18
TXN0001288011,APP004,2025-03-24,failed,532826.3,JPY,AMER,CP0074,EQUITY,TDR0010,BOOK_B,2025-01-09
TXN0006626088,APP005,2025-02-14,settled,178258.91,CHF,EMEA,CP0171,FUTURE,TDR0089,BOOK_A,2025-03-29
TXN0001259925,APP020,2025-03-09,active,340871.9,AUD,AMER,CP0291,BOND,TDR0165,BOOK_C,2025-02-11
TXN0000782139,APP011,2025-08-27,reversed,733800.87,GBP,APAC,CP0197,OPTION,TDR0139,BOOK_B,2025-02-11
TXN0009012795,APP006,2025-12-08,reversed,509677.21,JPY,EMEA,CP0062,SWAP,TDR0027,BOOK_B,2025-06-11
TXN0004551038,APP005,2026-02-12,reversed,679785.89,AUD,AMER,CP0336,EQUITY,TDR0151,BOOK_A,2025-08-18
TXN0006217193,APP007,2025-11-25,failed,496895.88,AUD,LATAM,CP0113,BOND,TDR0080,BOOK_A,2026-01-29
TXN0006841680,APP011,2026-03-17,active,495922.58,USD,APAC,CP0080,SWAP,TDR0073,BOOK_B,2025-07-19
TXN0005590777,APP014,2025-10-21,active,674201.46,USD,AMER,CP0164,BOND,TDR0052,BOOK_C,2026-03-09
TXN0003350345,APP006,2025-03-16,active,542150.09,EUR,AMER,CP0305,SWAP,TDR0081,BOOK_A,2025-01-19
TXN0002986940,APP002,2025-09-12,active,90765.19,CHF,LATAM,CP0213,EQUITY,TDR0024,BOOK_C,2025-08-13
TXN0009105413,APP007,2025-05-18,reversed,594834.51,AUD,LATAM,CP0258,FX,TDR0149,BOOK_A,2026-01-09
TXN0002461105,APP017,2025-11-20,settled,690096.39,USD,AMER,CP0323,FX,TDR0179,BOOK_D,2026-02-18
TXN0001375484,APP003,2025-05-13,pending,276525.45,EUR,AMER,CP0047,BOND,TDR0028,BOOK_D,2025-02-24
TXN0008585533,APP001,2025-10-02,pending,373769.7,EUR,EMEA,CP0243,FX,TDR0141,BOOK_A,2025-11-17
TXN0004093512,APP014,2026-03-01,active,827942.31,JPY,EMEA,CP0492,EQUITY,TDR0104,BOOK_D,2025-09-06
TXN0007775612,APP006,2025-10-02,settled,548447.04,JPY,EMEA,CP0136,FX,TDR0035,BOOK_D,2025-07-22
TXN0009974100,APP014,2026-01-06,reversed,918453.72,EUR,AMER,CP0175,EQUITY,TDR0008,BOOK_B,2025-09-19
TXN0001638772,APP007,2025-05-25,failed,734225.39,GBP,AMER,CP0227,OPTION,TDR0143,BOOK_D,2025-08-27
TXN0009572182,APP018,2025-01-04,active,321063.19,GBP,EMEA,CP0264,FX,TDR0150,BOOK_C,2026-01-03
TXN0002433918,APP018,2025-10-04,pending,486637.87,EUR,EMEA,CP0053,EQUITY,TDR0058,BOOK_D,2025-04-19
TXN0002762778,APP007,2025-04-17,reversed,223884.09,USD,AMER,CP0128,FX,TDR0015,BOOK_A,2026-01-14
TXN0002320605,APP010,2025-08-26,pending,717525.01,AUD,AMER,CP0369,OPTION,TDR0189,BOOK_A,2025-12-18
TXN0005822291,APP006,2026-02-01,reversed,650570.86,JPY,APAC,CP0265,BOND,TDR0068,BOOK_A,2026-03-12
TXN0007616385,APP006,2026-02-06,failed,176655.57,GBP,EMEA,CP0346,EQUITY,TDR0022,BOOK_A,2025-08-25
TXN0006154643,APP015,2025-06-11,reversed,877510.49,JPY,APAC,CP0423,FUTURE,TDR0108,BOOK_A,2025-05-22
TXN0002080720,APP008,2025-01-17,pending,171933.68,USD,LATAM,CP0301,FUTURE,TDR0121,BOOK_A,2025-04-16
TXN0009900142,APP013,2026-01-23,settled,896173.51,JPY,APAC,CP0160,FX,TDR0135,BOOK_D,2025-04-15
TXN0009342804,APP010,2026-01-09,reversed,876052.6,CHF,LATAM,CP0483,BOND,TDR0072,BOOK_A,2025-09-09
TXN0004654130,APP005,2026-03-28,active,725023.53,CHF,AMER,CP0097,FUTURE,TDR0133,BOOK_B,2025-03-25
TXN0001739713,APP012,2025-03-03,settled,434881.16,EUR,LATAM,CP0428,SWAP,TDR0164,BOOK_B,2025-07-19
TXN0003500834,APP007,2025-01-24,failed,584301.7,USD,EMEA,CP0060,FUTURE,TDR0184,BOOK_B,2025-09-30
TXN0000228398,APP005,2025-05-10,settled,809566.96,JPY,LATAM,CP0331,OPTION,TDR0015,BOOK_C,2026-02-14
TXN0002178586,APP019,2025-01-18,settled,313210.56,GBP,EMEA,CP0045,SWAP,TDR0021,BOOK_C,2025-09-26
TXN0003086013,APP001,2026-03-05,failed,531274.43,USD,APAC,CP0219,SWAP,TDR0171,BOOK_B,2026-01-28
TXN0008973493,APP010,2026-03-05,failed,164141.67,EUR,EMEA,CP0366,FX,TDR0063,BOOK_B,2025-01-18
TXN0002078018,APP005,2025-01-29,pending,93952.8,GBP,APAC,CP0452,EQUITY,TDR0004,BOOK_D,2025-11-20
TXN0004785183,APP006,2026-03-02,failed,937245.89,EUR,EMEA,CP0391,EQUITY,TDR0091,BOOK_C,2025-10-21
TXN0004085659,APP018,2026-02-05,failed,928414.1,JPY,EMEA,CP0448,FX,TDR0076,BOOK_B,2026-02-02
TXN0005051455,APP007,2025-09-13,pending,707130.22,EUR,LATAM,CP0174,EQUITY,TDR0182,BOOK_D,2025-02-27
TXN0007225492,APP019,2025-05-30,pending,926070.05,EUR,LATAM,CP0029,BOND,TDR0117,BOOK_B,2025-03-23
TXN0009324059,APP013,2025-10-24,failed,579089.7,USD,LATAM,CP0070,OPTION,TDR0162,BOOK_B,2026-01-15
TXN0008281424,APP005,2026-04-03,reversed,167434.65,JPY,APAC,CP0343,FUTURE,TDR0029,BOOK_A,2026-01-14
TXN0003766145,APP013,2025-06-18,reversed,408842.09,JPY,LATAM,CP0217,FUTURE,TDR0196,BOOK_C,2025-11-09
TXN0004678889,APP002,2025-10-28,settled,348385.21,AUD,EMEA,CP0011,FUTURE,TDR0070,BOOK_C,2025-11-24
TXN0001769842,APP016,2026-03-12,failed,242842.29,JPY,EMEA,CP0111,EQUITY,TDR0158,BOOK_D,2025-04-23
TXN0001691462,APP011,2025-03-15,failed,995319.21,AUD,AMER,CP0266,SWAP,TDR0167,BOOK_D,2025-07-16
TXN0004614145,APP012,2025-05-22,reversed,108184.44,AUD,AMER,CP0301,OPTION,TDR0039,BOOK_A,2025-05-31
TXN0004137426,APP018,2025-05-15,pending,397305.12,GBP,AMER,CP0477,OPTION,TDR0198,BOOK_D,2025-12-20
TXN0006956552,APP018,2025-02-07,reversed,272339.89,GBP,APAC,CP0436,FX,TDR0168,BOOK_B,2025-05-05
TXN0000912960,APP013,2025-04-08,settled,684985.23,JPY,EMEA,CP0450,FUTURE,TDR0022,BOOK_A,2025-12-06
TXN0008061908,APP005,2026-02-04,failed,292074.66,EUR,EMEA,CP0384,FUTURE,TDR0138,BOOK_C,2025-07-28
TXN0008851419,APP008,2025-02-27,active,92556.11,USD,APAC,CP0446,OPTION,TDR0029,BOOK_C,2025-08-18
TXN0008133261,APP019,2025-10-14,settled,622097.98,GBP,LATAM,CP0180,OPTION,TDR0161,BOOK_B,2025-09-25
TXN0006723916,APP012,2025-05-06,active,839277.23,USD,EMEA,CP0040,SWAP,TDR0040,BOOK_A,2026-03-06
TXN0007411357,APP003,2025-11-18,pending,476112.74,CHF,LATAM,CP0429,OPTION,TDR0061,BOOK_C,2025-01-19
TXN0005967950,APP007,2025-01-05,active,109626.13,AUD,LATAM,CP0264,OPTION,TDR0037,BOOK_C,2025-05-02
TXN0000751639,APP006,2025-12-19,settled,817318.38,USD,AMER,CP0380,BOND,TDR0037,BOOK_B,2025-09-23
TXN0002401238,APP007,2025-11-03,reversed,216898.11,JPY,LATAM,CP0145,BOND,TDR0085,BOOK_B,2026-01-04
TXN0005939783,APP012,2026-03-27,active,339488.78,GBP,LATAM,CP0469,BOND,TDR0090,BOOK_A,2025-12-06
TXN0006545601,APP018,2025-12-05,reversed,202173.88,USD,AMER,CP0178,EQUITY,TDR0167,BOOK_C,2025-02-07
TXN0001067557,APP019,2026-02-10,reversed,726254.21,JPY,EMEA,CP0308,FUTURE,TDR0034,BOOK_D,2025-09-24
TXN0006224381,APP002,2025-05-13,settled,947067.05,GBP,LATAM,CP0312,OPTION,TDR0144,BOOK_C,2025-04-01
TXN0006701634,APP004,2025-01-16,settled,409758.72,GBP,APAC,CP0296,OPTION,TDR0104,BOOK_B,2025-09-03
TXN0005545166,APP011,2025-12-28,active,622788.82,AUD,EMEA,CP0441,EQUITY,TDR0096,BOOK_D,2025-12-17
TXN0009468217,APP020,2025-07-12,failed,906604.67,GBP,EMEA,CP0231,FUTURE,TDR0047,BOOK_D,2025-12-27
TXN0004799325,APP002,2025-06-05,failed,490741.81,GBP,EMEA,CP0256,BOND,TDR0056,BOOK_D,2025-07-13
TXN0004834097,APP011,2025-02-09,reversed,953305.64,CHF,AMER,CP0353,BOND,TDR0059,BOOK_C,2026-04-12
TXN0009871592,APP017,2025-10-19,failed,582932.33,GBP,EMEA,CP0015,FUTURE,TDR0185,BOOK_D,2025-09-13
TXN0004404293,APP008,2025-08-18,pending,278259.09,USD,EMEA,CP0294,EQUITY,TDR0198,BOOK_C,2025-02-14
TXN0004918299,APP006,2025-12-15,pending,876348.81,JPY,LATAM,CP0045,SWAP,TDR0185,BOOK_B,2025-08-15
TXN0002467655,APP009,2025-06-20,settled,991339.45,JPY,APAC,CP0492,BOND,TDR0147,BOOK_C,2025-10-12
TXN0005547486,APP015,2025-07-10,failed,453088.31,JPY,LATAM,CP0372,EQUITY,TDR0136,BOOK_B,2025-09-10
TXN0000184107,APP017,2026-03-24,pending,875296.22,AUD,AMER,CP0164,FUTURE,TDR0134,BOOK_A,2025-04-30
TXN0008506038,APP016,2025-09-30,reversed,732263.26,GBP,EMEA,CP0193,EQUITY,TDR0167,BOOK_A,2026-04-03
TXN0000320587,APP014,2025-06-17,active,36774.67,JPY,APAC,CP0026,SWAP,TDR0051,BOOK_D,2025-08-16
TXN0005637564,APP014,2025-05-28,failed,168519.17,AUD,AMER,CP0443,EQUITY,TDR0083,BOOK_D,2026-04-07
TXN0009839271,APP008,2026-03-07,pending,109902.97,GBP,AMER,CP0204,SWAP,TDR0111,BOOK_B,2025-10-20
TXN0005713286,APP001,2026-04-03,failed,763431.52,USD,APAC,CP0179,FUTURE,TDR0054,BOOK_B,2025-08-29
TXN0001261219,APP013,2025-11-25,failed,81746.75,GBP,LATAM,CP0152,SWAP,TDR0046,BOOK_C,2025-05-30
TXN0001224097,APP004,2025-04-23,failed,484969.38,AUD,APAC,CP0246,SWAP,TDR0156,BOOK_A,2025-10-20
TXN0000383079,APP005,2025-04-13,active,307561.11,CHF,LATAM,CP0342,BOND,TDR0196,BOOK_D,2025-02-06
TXN0000096798,APP013,2025-09-10,settled,991921.61,GBP,AMER,CP0199,BOND,TDR0180,BOOK_A,2025-01-15
TXN0009608089,APP006,2026-01-25,failed,983345.91,CHF,EMEA,CP0236,OPTION,TDR0058,BOOK_A,2026-03-08
TXN0000374586,APP010,2025-05-23,pending,799826.97,AUD,APAC,CP0116,SWAP,TDR0199,BOOK_B,2025-12-10
TXN0006208970,APP014,2025-02-27,reversed,904588.5,GBP,AMER,CP0336,OPTION,TDR0068,BOOK_A,2025-12-10
TXN0004908010,APP010,2025-02-11,reversed,56909.35,USD,AMER,CP0381,EQUITY,TDR0144,BOOK_D,2025-06-18
TXN0001517173,APP010,2025-07-26,reversed,901726.71,USD,APAC,CP0273,EQUITY,TDR0149,BOOK_C,2025-05-31
TXN0009645071,APP002,2026-01-14,pending,720585.87,EUR,EMEA,CP0106,OPTION,TDR0096,BOOK_C,2025-09-02
TXN0003419048,APP020,2025-04-20,failed,524940.04,GBP,EMEA,CP0261,SWAP,TDR0100,BOOK_C,2025-03-24
TXN0001194374,APP006,2025-07-31,pending,186364.68,AUD,LATAM,CP0272,FUTURE,TDR0015,BOOK_D,2025-12-08
TXN0004084099,APP018,2025-08-19,reversed,492912.07,USD,AMER,CP0311,BOND,TDR0052,BOOK_B,2025-09-19
TXN0006438000,APP012,2025-05-29,failed,982214.59,AUD,APAC,CP0323,EQUITY,TDR0118,BOOK_D,2025-09-03
TXN0008061876,APP019,2025-02-14,pending,710563.75,AUD,APAC,CP0173,FX,TDR0074,BOOK_C,2025-06-02
TXN0000095981,APP005,2025-04-17,reversed,729527.73,AUD,LATAM,CP0272,OPTION,TDR0187,BOOK_B,2025-04-24
TXN0004452825,APP020,2026-02-22,pending,497653.37,JPY,EMEA,CP0214,OPTION,TDR0157,BOOK_D,2025-09-18
TXN0007471228,APP017,2025-07-18,failed,691769.85,JPY,EMEA,CP0191,FUTURE,TDR0130,BOOK_B,2025-09-27
TXN0005151728,APP016,2025-11-26,reversed,465356.79,EUR,LATAM,CP0263,FX,TDR0025,BOOK_B,2025-02-24
TXN0002758696,APP007,2026-02-11,settled,583174.08,JPY,AMER,CP0285,FUTURE,TDR0042,BOOK_C,2026-02-20
TXN0000911624,APP005,2025-01-07,active,58604.71,USD,EMEA,CP0055,EQUITY,TDR0140,BOOK_D,2025-12-09
TXN0005136291,APP018,2025-12-19,failed,444761.29,JPY,LATAM,CP0184,OPTION,TDR0053,BOOK_A,2025-09-25
TXN0007684363,APP001,2025-11-03,pending,11385.33,USD,EMEA,CP0310,FX,TDR0071,BOOK_B,2025-08-24
TXN0003533455,APP013,2025-01-05,pending,889927.24,AUD,EMEA,CP0144,SWAP,TDR0173,BOOK_C,2025-12-03
TXN0003949423,APP016,2025-03-05,settled,846418.05,JPY,APAC,CP0041,EQUITY,TDR0089,BOOK_D,2025-12-07
TXN0001517899,APP017,2025-04-03,reversed,452409.8,CHF,APAC,CP0449,EQUITY,TDR0058,BOOK_A,2025-12-03
TXN0002571926,APP008,2025-04-05,reversed,787389.96,USD,LATAM,CP0379,FX,TDR0186,BOOK_B,2026-04-07
TXN0004734423,APP017,2025-09-06,failed,824539.15,JPY,EMEA,CP0066,BOND,TDR0151,BOOK_A,2026-04-04
TXN0005385255,APP012,2025-11-21,failed,649580.02,AUD,APAC,CP0349,SWAP,TDR0045,BOOK_B,2025-09-21
TXN0008768120,APP011,2026-04-07,failed,53130.49,CHF,AMER,CP0027,FX,TDR0038,BOOK_D,2026-03-28
TXN0000945482,APP002,2025-01-31,reversed,223377.96,GBP,LATAM,CP0415,EQUITY,TDR0137,BOOK_B,2025-09-05
TXN0005428467,APP002,2025-08-20,pending,476850.54,USD,LATAM,CP0154,FUTURE,TDR0194,BOOK_C,2025-04-01
TXN0005844028,APP015,2025-09-24,settled,559091.69,USD,LATAM,CP0486,BOND,TDR0162,BOOK_D,2025-04-30
TXN0003303451,APP015,2025-01-26,failed,298742.94,GBP,AMER,CP0395,FUTURE,TDR0086,BOOK_B,2025-11-05
TXN0003019332,APP018,2025-08-29,active,165963.88,EUR,EMEA,CP0347,FX,TDR0163,BOOK_B,2026-03-11
TXN0003611590,APP010,2026-02-08,failed,628470.7,GBP,EMEA,CP0440,EQUITY,TDR0053,BOOK_A,2025-02-18
TXN0006942694,APP006,2025-04-07,reversed,876398.3,JPY,LATAM,CP0311,FUTURE,TDR0105,BOOK_B,2025-09-24
TXN0005820404,APP017,2026-03-26,failed,485845.83,CHF,EMEA,CP0270,FX,TDR0146,BOOK_B,2026-03-25
TXN0000768251,APP008,2025-05-07,failed,436166.25,GBP,LATAM,CP0137,OPTION,TDR0026,BOOK_D,2025-05-28
TXN0000435686,APP013,2025-01-04,failed,20876.27,USD,APAC,CP0260,BOND,TDR0171,BOOK_B,2025-03-31
TXN0002167345,APP011,2025-01-28,active,944672.22,USD,AMER,CP0491,BOND,TDR0109,BOOK_C,2025-02-21
TXN0005753554,APP004,2025-09-15,active,189601.81,EUR,LATAM,CP0461,EQUITY,TDR0122,BOOK_D,2025-02-18
TXN0002166815,APP011,2025-03-08,settled,438734.81,USD,APAC,CP0309,EQUITY,TDR0047,BOOK_C,2025-06-15
TXN0001506767,APP004,2026-02-25,reversed,494246.17,AUD,APAC,CP0481,EQUITY,TDR0103,BOOK_B,2025-03-26
TXN0008778755,APP018,2025-09-26,settled,49555.57,AUD,AMER,CP0194,FUTURE,TDR0161,BOOK_D,2025-03-31
TXN0003704050,APP005,2025-09-25,reversed,860271.95,JPY,LATAM,CP0184,SWAP,TDR0188,BOOK_B,2025-07-04
TXN0005322496,APP009,2025-03-01,settled,312723.05,CHF,APAC,CP0397,EQUITY,TDR0185,BOOK_A,2025-08-16
TXN0002329259,APP010,2025-02-13,pending,496844.77,USD,EMEA,CP0383,SWAP,TDR0138,BOOK_D,2025-04-19
TXN0005572384,APP005,2026-01-12,active,407496.59,GBP,EMEA,CP0198,FX,TDR0147,BOOK_D,2025-07-21
TXN0000288296,APP006,2025-12-19,pending,920546.56,CHF,AMER,CP0332,SWAP,TDR0118,BOOK_C,2025-06-21
TXN0002959438,APP003,2025-11-28,active,281369.51,EUR,EMEA,CP0448,BOND,TDR0014,BOOK_B,2025-05-17
TXN0002207111,APP007,2026-01-25,pending,414530.41,CHF,EMEA,CP0141,FX,TDR0170,BOOK_D,2025-08-12
TXN0003720642,APP003,2025-03-08,reversed,342733.26,CHF,AMER,CP0432,EQUITY,TDR0036,BOOK_D,2025-11-25
TXN0006241639,APP016,2026-03-24,pending,467269.12,JPY,LATAM,CP0099,SWAP,TDR0129,BOOK_D,2025-07-01
TXN0005500547,APP009,2025-06-30,pending,47758.7,EUR,AMER,CP0446,EQUITY,TDR0004,BOOK_D,2025-11-27
TXN0003813922,APP015,2025-11-30,settled,41665.64,JPY,LATAM,CP0109,EQUITY,TDR0010,BOOK_A,2025-12-30
TXN0009129684,APP020,2025-06-03,settled,213216.37,AUD,EMEA,CP0369,FX,TDR0173,BOOK_D,2025-10-27
TXN0000808988,APP014,2025-07-17,reversed,417495.72,JPY,EMEA,CP0161,FUTURE,TDR0142,BOOK_C,2025-11-22
TXN0004738494,APP014,2025-05-06,active,384998.48,GBP,LATAM,CP0214,EQUITY,TDR0177,BOOK_A,2025-04-20
TXN0001133876,APP009,2025-02-07,pending,757455.83,AUD,APAC,CP0098,FUTURE,TDR0138,BOOK_B,2025-11-05
TXN0001672160,APP008,2025-02-10,pending,476338.41,USD,LATAM,CP0162,FUTURE,TDR0005,BOOK_C,2025-05-06
TXN0002569877,APP018,2025-03-24,active,269306.99,USD,APAC,CP0457,BOND,TDR0056,BOOK_C,2025-10-31
TXN0003128831,APP003,2025-04-12,settled,777754.35,JPY,APAC,CP0025,BOND,TDR0078,BOOK_C,2026-01-15
TXN0007467057,APP013,2026-04-10,pending,23077.47,JPY,AMER,CP0441,FUTURE,TDR0050,BOOK_B,2026-01-23
TXN0002454939,APP019,2025-11-09,pending,694103.61,JPY,LATAM,CP0259,SWAP,TDR0017,BOOK_A,2025-11-21
TXN0000503199,APP011,2026-04-12,active,191400.64,JPY,LATAM,CP0488,BOND,TDR0153,BOOK_D,2025-11-13
TXN0006960740,APP013,2026-02-16,reversed,596528.63,AUD,APAC,CP0395,BOND,TDR0156,BOOK_B,2026-01-04
TXN0008232040,APP011,2025-07-21,failed,355565.81,USD,AMER,CP0492,EQUITY,TDR0194,BOOK_A,2026-01-29
TXN0000802469,APP017,2025-01-11,reversed,731859.54,AUD,EMEA,CP0110,FUTURE,TDR0020,BOOK_A,2026-02-08
TXN0005423393,APP009,2025-09-20,active,546209.61,USD,LATAM,CP0233,FUTURE,TDR0020,BOOK_C,2026-01-29
TXN0001927533,APP020,2025-06-29,settled,804988.24,AUD,AMER,CP0033,EQUITY,TDR0143,BOOK_D,2025-08-21
TXN0006882702,APP018,2025-01-07,pending,884218.87,GBP,EMEA,CP0461,SWAP,TDR0121,BOOK_B,2025-12-12
TXN0006583920,APP015,2025-09-27,failed,912909.03,GBP,EMEA,CP0484,OPTION,TDR0031,BOOK_B,2026-04-10
TXN0001898026,APP010,2025-02-02,failed,774651.36,EUR,LATAM,CP0266,SWAP,TDR0021,BOOK_B,2026-01-25
TXN0005794950,APP001,2026-04-04,settled,925080.72,USD,AMER,CP0201,FUTURE,TDR0048,BOOK_D,2025-08-13
TXN0009814129,APP006,2025-10-05,pending,404894.01,EUR,LATAM,CP0375,FX,TDR0005,BOOK_C,2025-07-23
TXN0002352039,APP005,2025-03-06,reversed,581357.47,GBP,LATAM,CP0237,SWAP,TDR0008,BOOK_C,2025-01-13
TXN0005395610,APP019,2026-02-09,pending,696883.97,EUR,APAC,CP0452,SWAP,TDR0147,BOOK_C,2025-06-29
TXN0005608537,APP004,2025-10-13,pending,596514.67,AUD,EMEA,CP0148,SWAP,TDR0098,BOOK_A,2025-09-18
TXN0009366732,APP017,2025-02-22,pending,110216.42,GBP,LATAM,CP0364,EQUITY,TDR0104,BOOK_A,2025-03-30
TXN0005588904,APP012,2025-08-03,pending,539923.86,CHF,LATAM,CP0079,FUTURE,TDR0007,BOOK_D,2025-02-14
TXN0001285263,APP009,2025-08-02,reversed,857610.69,JPY,AMER,CP0162,SWAP,TDR0195,BOOK_B,2025-08-08
TXN0004608787,APP012,2026-03-31,active,668789.83,CHF,AMER,CP0217,FUTURE,TDR0147,BOOK_C,2025-04-14
TXN0008281796,APP001,2025-07-27,active,397836.67,AUD,LATAM,CP0333,OPTION,TDR0181,BOOK_B,2026-03-13
TXN0001279510,APP006,2025-06-23,failed,95271.88,USD,EMEA,CP0361,BOND,TDR0172,BOOK_C,2025-07-18
TXN0002264678,APP018,2025-09-11,failed,421577.92,EUR,APAC,CP0268,SWAP,TDR0109,BOOK_A,2026-03-09
TXN0000148211,APP002,2026-02-05,settled,518928.76,AUD,EMEA,CP0277,EQUITY,TDR0137,BOOK_A,2025-10-27
TXN0003345522,APP001,2026-02-03,failed,38405.62,EUR,APAC,CP0470,OPTION,TDR0152,BOOK_D,2026-03-17
TXN0005231742,APP004,2025-07-24,reversed,33762.56,USD,LATAM,CP0400,BOND,TDR0094,BOOK_A,2025-08-25
TXN0003973422,APP003,2025-02-18,pending,111022.18,EUR,APAC,CP0039,FUTURE,TDR0003,BOOK_D,2025-01-31
TXN0009182920,APP004,2026-03-07,reversed,571285.56,EUR,LATAM,CP0488,EQUITY,TDR0132,BOOK_B,2025-04-10
TXN0005571840,APP001,2025-06-17,active,592109.21,GBP,EMEA,CP0328,SWAP,TDR0086,BOOK_A,2026-01-03
TXN0003411762,APP016,2025-02-22,active,12463.26,EUR,LATAM,CP0381,BOND,TDR0158,BOOK_C,2025-01-26
TXN0007226972,APP016,2025-10-27,reversed,700052.05,JPY,APAC,CP0367,OPTION,TDR0047,BOOK_D,2025-10-14
TXN0003034694,APP001,2025-10-03,reversed,869179.59,EUR,APAC,CP0079,SWAP,TDR0093,BOOK_C,2025-05-29
TXN0001693765,APP015,2025-09-14,active,83916.37,USD,LATAM,CP0143,OPTION,TDR0055,BOOK_C,2025-09-07
TXN0006896068,APP012,2025-02-24,failed,825892.85,USD,EMEA,CP0295,SWAP,TDR0136,BOOK_B,2025-04-01
TXN0005910691,APP019,2025-08-19,reversed,374319.01,EUR,LATAM,CP0442,SWAP,TDR0161,BOOK_B,2025-10-01
TXN0008937662,APP001,2026-01-08,settled,886346.19,CHF,LATAM,CP0386,OPTION,TDR0152,BOOK_B,2025-03-22
TXN0004381651,APP014,2025-04-19,failed,252237.33,JPY,LATAM,CP0139,FUTURE,TDR0130,BOOK_D,2025-12-04
TXN0003700283,APP015,2026-01-21,pending,614579.44,CHF,APAC,CP0445,EQUITY,TDR0140,BOOK_A,2025-09-26
TXN0000400942,APP004,2025-01-06,settled,254606.61,CHF,EMEA,CP0464,BOND,TDR0157,BOOK_A,2025-05-26
TXN0008361001,APP003,2025-05-08,pending,579835.26,AUD,LATAM,CP0106,SWAP,TDR0097,BOOK_D,2026-01-23
TXN0002138105,APP003,2025-06-23,reversed,168955.99,JPY,LATAM,CP0117,EQUITY,TDR0013,BOOK_C,2025-06-20
TXN0001500570,APP019,2025-11-29,failed,611689.96,USD,APAC,CP0174,SWAP,TDR0112,BOOK_A,2026-01-23
TXN0001667260,APP014,2025-10-26,failed,365484.71,CHF,LATAM,CP0072,FUTURE,TDR0168,BOOK_C,2025-07-31
TXN0009833881,APP002,2026-02-03,failed,472002.6,EUR,AMER,CP0460,EQUITY,TDR0037,BOOK_B,2025-01-12
TXN0004809246,APP008,2025-04-20,settled,772721.57,AUD,APAC,CP0032,FUTURE,TDR0026,BOOK_A,2025-04-23
TXN0002736715,APP020,2025-09-13,active,180404.21,CHF,APAC,CP0443,OPTION,TDR0110,BOOK_C,2026-04-11
TXN0004094985,APP013,2025-05-07,reversed,512770.54,CHF,LATAM,CP0492,FX,TDR0126,BOOK_A,2025-01-02
TXN0004477622,APP004,2025-11-30,settled,647353.15,JPY,EMEA,CP0334,EQUITY,TDR0192,BOOK_C,2026-01-11
TXN0004288221,APP010,2025-09-05,active,789392.54,USD,AMER,CP0461,OPTION,TDR0169,BOOK_B,2025-07-04
TXN0007510818,APP019,2025-07-01,failed,426503.16,JPY,AMER,CP0431,BOND,TDR0036,BOOK_B,2025-12-25
TXN0004890236,APP007,2025-09-30,settled,701883.12,JPY,APAC,CP0458,EQUITY,TDR0178,BOOK_B,2025-02-17
TXN0000632143,APP017,2026-03-12,failed,333042.13,CHF,LATAM,CP0341,SWAP,TDR0082,BOOK_A,2025-06-07
TXN0002362659,APP020,2025-09-23,active,298803.89,GBP,AMER,CP0197,EQUITY,TDR0180,BOOK_C,2025-09-14
TXN0000030148,APP008,2025-05-11,settled,427566.65,GBP,AMER,CP0491,FUTURE,TDR0101,BOOK_B,2026-03-12
TXN0008753594,APP002,2025-08-10,reversed,319800.19,EUR,LATAM,CP0080,OPTION,TDR0136,BOOK_B,2025-03-26
TXN0007839904,APP015,2025-08-12,reversed,38345.21,USD,APAC,CP0028,EQUITY,TDR0004,BOOK_A,2025-05-03
TXN0007182274,APP003,2026-01-31,pending,440182.98,JPY,AMER,CP0087,FX,TDR0152,BOOK_D,2025-10-26
TXN0009222299,APP004,2025-11-09,settled,206279.79,GBP,APAC,CP0431,BOND,TDR0139,BOOK_A,2025-12-02
TXN0006236241,APP004,2025-08-31,active,484432.63,JPY,EMEA,CP0041,FX,TDR0132,BOOK_C,2025-10-27
TXN0007145901,APP004,2025-04-14,failed,980725.75,JPY,EMEA,CP0267,FX,TDR0106,BOOK_A,2026-03-22
TXN0008886602,APP008,2026-01-19,reversed,459799.39,EUR,EMEA,CP0340,EQUITY,TDR0107,BOOK_C,2025-08-11
TXN0004925863,APP004,2025-12-04,failed,989112.36,AUD,EMEA,CP0004,SWAP,TDR0009,BOOK_D,2025-04-06
TXN0008150010,APP001,2026-03-02,failed,270831.67,USD,AMER,CP0443,EQUITY,TDR0076,BOOK_D,2025-07-04
TXN0001523043,APP016,2025-05-26,failed,167566.81,CHF,APAC,CP0098,SWAP,TDR0181,BOOK_C,2025-07-24
TXN0007915603,APP002,2025-07-07,active,137450.79,JPY,LATAM,CP0044,OPTION,TDR0033,BOOK_D,2025-04-21
TXN0007901661,APP010,2026-03-20,active,188971.87,GBP,EMEA,CP0064,FUTURE,TDR0104,BOOK_D,2026-02-13
TXN0008730881,APP014,2025-05-20,reversed,171565.04,EUR,APAC,CP0319,BOND,TDR0147,BOOK_A,2025-09-17
TXN0009989258,APP011,2025-05-13,pending,525010.94,GBP,EMEA,CP0406,SWAP,TDR0044,BOOK_B,2025-05-20
TXN0009438978,APP010,2025-01-13,pending,433970.06,CHF,LATAM,CP0419,OPTION,TDR0183,BOOK_D,2026-03-25
TXN0001448475,APP011,2025-03-27,reversed,719425.06,EUR,EMEA,CP0495,EQUITY,TDR0139,BOOK_B,2025-03-11
TXN0000427379,APP008,2026-01-02,failed,870739.15,CHF,APAC,CP0059,BOND,TDR0029,BOOK_D,2026-04-11
TXN0001350064,APP006,2025-03-16,settled,255784.05,GBP,APAC,CP0225,FX,TDR0105,BOOK_C,2025-02-23
TXN0007033893,APP013,2025-04-02,settled,422133.0,EUR,AMER,CP0428,EQUITY,TDR0136,BOOK_B,2025-10-15
TXN0004287574,APP016,2025-03-04,active,177383.94,EUR,APAC,CP0027,BOND,TDR0158,BOOK_A,2025-03-15
TXN0004775660,APP005,2025-10-20,reversed,800750.08,EUR,EMEA,CP0140,BOND,TDR0069,BOOK_D,2025-07-06
TXN0005963834,APP009,2025-06-11,reversed,744116.19,JPY,AMER,CP0057,BOND,TDR0125,BOOK_D,2025-07-04
TXN0003235030,APP010,2025-09-04,failed,219367.99,JPY,AMER,CP0434,SWAP,TDR0119,BOOK_A,2025-08-21
TXN0005389328,APP014,2025-07-30,failed,144246.61,EUR,APAC,CP0086,FX,TDR0123,BOOK_B,2025-01-03
TXN0006171894,APP010,2025-02-12,failed,918097.11,AUD,LATAM,CP0182,BOND,TDR0139,BOOK_A,2026-01-18
TXN0004797522,APP015,2025-09-14,pending,840537.83,USD,EMEA,CP0460,FX,TDR0151,BOOK_D,2026-04-03
TXN0007605795,APP008,2026-02-14,settled,737623.32,EUR,EMEA,CP0344,BOND,TDR0002,BOOK_D,2025-03-05
TXN0002729637,APP016,2025-07-13,active,154456.7,AUD,APAC,CP0421,FUTURE,TDR0176,BOOK_C,2025-10-11
TXN0003116346,APP002,2025-01-12,reversed,744683.41,USD,EMEA,CP0447,EQUITY,TDR0087,BOOK_C,2026-03-10
TXN0001828320,APP007,2025-07-28,pending,292982.37,USD,EMEA,CP0446,EQUITY,TDR0136,BOOK_D,2025-01-20
TXN0006512743,APP020,2025-05-07,reversed,445699.43,JPY,APAC,CP0003,FX,TDR0014,BOOK_D,2025-09-17
TXN0008368732,APP001,2025-11-17,failed,498307.25,USD,APAC,CP0351,FX,TDR0065,BOOK_D,2025-06-21
TXN0000476285,APP009,2025-10-18,reversed,998966.55,JPY,LATAM,CP0489,EQUITY,TDR0018,BOOK_C,2026-02-28
TXN0000505788,APP007,2025-12-05,active,820858.87,CHF,EMEA,CP0493,EQUITY,TDR0035,BOOK_C,2026-02-03
TXN0009806647,APP007,2025-07-30,reversed,900575.81,CHF,APAC,CP0289,SWAP,TDR0051,BOOK_C,2025-08-17
TXN0001100390,APP013,2026-04-03,failed,44142.55,CHF,AMER,CP0349,SWAP,TDR0164,BOOK_C,2025-03-13
TXN0006100349,APP014,2025-10-21,active,718543.98,JPY,LATAM,CP0184,FX,TDR0144,BOOK_A,2026-01-13
TXN0006321088,APP008,2025-09-13,settled,379015.88,AUD,APAC,CP0490,OPTION,TDR0084,BOOK_C,2025-11-13
TXN0004455638,APP005,2025-04-02,reversed,756202.61,AUD,EMEA,CP0195,FX,TDR0170,BOOK_A,2025-05-18
TXN0009364754,APP001,2025-07-03,reversed,321583.43,AUD,LATAM,CP0304,SWAP,TDR0180,BOOK_A,2025-12-21
TXN0007430496,APP010,2025-10-06,pending,367026.22,GBP,EMEA,CP0417,OPTION,TDR0072,BOOK_A,2026-02-08
TXN0001427479,APP003,2025-07-12,failed,165062.27,GBP,EMEA,CP0011,SWAP,TDR0133,BOOK_A,2025-05-01
TXN0004869905,APP016,2026-03-13,reversed,227486.24,USD,APAC,CP0075,OPTION,TDR0092,BOOK_B,2026-01-09
TXN0008106049,APP004,2026-03-24,pending,653666.97,AUD,APAC,CP0205,FUTURE,TDR0008,BOOK_B,2025-11-01
TXN0009326580,APP003,2025-03-10,pending,858815.34,CHF,LATAM,CP0027,OPTION,TDR0021,BOOK_D,2025-04-01
TXN0001299777,APP011,2025-12-31,active,855837.9,USD,EMEA,CP0382,BOND,TDR0130,BOOK_C,2025-08-17
TXN0003804044,APP009,2025-07-03,pending,282848.24,USD,LATAM,CP0102,BOND,TDR0064,BOOK_B,2025-12-13
TXN0004032381,APP015,2025-11-01,failed,103555.78,CHF,EMEA,CP0274,BOND,TDR0196,BOOK_C,2026-03-19
TXN0008960597,APP007,2025-12-21,failed,226046.49,CHF,LATAM,CP0129,OPTION,TDR0112,BOOK_B,2025-10-15
TXN0004290392,APP015,2025-04-22,reversed,646542.58,EUR,AMER,CP0221,FUTURE,TDR0160,BOOK_C,2025-12-24
TXN0004811769,APP003,2026-04-07,reversed,81340.46,CHF,APAC,CP0265,EQUITY,TDR0116,BOOK_C,2025-01-21
TXN0004856272,APP006,2025-07-24,settled,773573.78,JPY,AMER,CP0236,BOND,TDR0142,BOOK_A,2026-02-12
TXN0002659007,APP015,2025-01-18,failed,395807.44,AUD,AMER,CP0395,SWAP,TDR0002,BOOK_B,2025-05-08
TXN0007767651,APP013,2025-04-21,failed,129419.2,JPY,AMER,CP0189,SWAP,TDR0069,BOOK_B,2025-01-11
TXN0002196539,APP018,2026-02-25,reversed,268492.28,USD,AMER,CP0241,FX,TDR0087,BOOK_B,2025-10-24
TXN0001752896,APP018,2026-04-13,reversed,942775.05,AUD,EMEA,CP0273,SWAP,TDR0026,BOOK_D,2025-02-10
TXN0005160432,APP007,2025-06-27,pending,686003.69,AUD,LATAM,CP0257,FUTURE,TDR0189,BOOK_C,2025-06-23
TXN0005183866,APP012,2026-03-10,reversed,66433.22,USD,EMEA,CP0023,SWAP,TDR0075,BOOK_A,2025-11-13
TXN0004153892,APP001,2025-12-08,failed,143037.56,GBP,APAC,CP0100,BOND,TDR0083,BOOK_D,2025-05-12
TXN0004871110,APP006,2025-05-08,pending,365755.24,USD,EMEA,CP0227,FX,TDR0039,BOOK_D,2025-02-09
TXN0000547444,APP017,2025-03-07,active,996567.6,CHF,APAC,CP0066,FX,TDR0054,BOOK_C,2026-02-25
TXN0006300966,APP018,2025-09-04,reversed,529002.1,JPY,AMER,CP0353,FUTURE,TDR0028,BOOK_B,2025-02-12
TXN0007539916,APP005,2026-01-07,settled,985978.45,AUD,AMER,CP0343,EQUITY,TDR0126,BOOK_B,2025-05-20
TXN0008166676,APP012,2025-10-01,settled,700220.94,AUD,LATAM,CP0344,OPTION,TDR0167,BOOK_D,2025-09-13
TXN0005859140,APP015,2025-04-15,reversed,653249.76,CHF,APAC,CP0075,BOND,TDR0021,BOOK_C,2025-02-21
TXN0005734936,APP012,2025-07-05,settled,249837.66,JPY,APAC,CP0276,BOND,TDR0080,BOOK_D,2025-04-06
TXN0006539982,APP015,2026-01-01,failed,95781.8,JPY,EMEA,CP0495,FX,TDR0069,BOOK_B,2025-05-29
TXN0004340574,APP003,2025-02-12,reversed,312008.6,USD,EMEA,CP0179,OPTION,TDR0022,BOOK_D,2025-08-28
TXN0005890849,APP007,2025-06-27,failed,519793.66,AUD,AMER,CP0300,SWAP,TDR0058,BOOK_B,2026-02-27
TXN0004361049,APP005,2025-05-13,reversed,177451.71,AUD,EMEA,CP0182,FUTURE,TDR0189,BOOK_B,2026-01-13
TXN0004810407,APP003,2025-07-31,settled,398107.31,EUR,APAC,CP0187,FX,TDR0093,BOOK_C,2026-01-12
TXN0007870292,APP005,2025-05-05,settled,783203.18,EUR,EMEA,CP0500,BOND,TDR0089,BOOK_B,2025-06-26
TXN0007882737,APP007,2025-11-09,pending,972654.82,EUR,APAC,CP0115,OPTION,TDR0117,BOOK_C,2026-04-06
TXN0008691323,APP001,2025-02-11,failed,842940.08,USD,APAC,CP0286,SWAP,TDR0033,BOOK_B,2025-05-25
TXN0000385758,APP006,2025-07-22,active,357781.41,AUD,APAC,CP0391,OPTION,TDR0126,BOOK_C,2025-05-05
TXN0006927052,APP018,2025-01-19,pending,820553.41,AUD,LATAM,CP0157,FX,TDR0012,BOOK_A,2025-08-09
TXN0002836405,APP019,2026-01-11,failed,254225.21,JPY,AMER,CP0361,FX,TDR0062,BOOK_B,2025-05-10
TXN0005219836,APP008,2025-11-11,reversed,809056.35,EUR,APAC,CP0167,SWAP,TDR0040,BOOK_B,2025-02-17
TXN0000506406,APP020,2025-05-09,active,350776.25,GBP,EMEA,CP0443,FX,TDR0115,BOOK_A,2025-03-13
TXN0000023248,APP018,2025-10-21,pending,142516.45,CHF,AMER,CP0431,FUTURE,TDR0017,BOOK_C,2026-01-27
TXN0008780957,APP018,2025-04-03,pending,107894.49,USD,AMER,CP0358,OPTION,TDR0018,BOOK_A,2025-02-22
TXN0009248706,APP015,2025-08-12,failed,130402.26,EUR,AMER,CP0042,SWAP,TDR0085,BOOK_A,2025-12-02
TXN0000652321,APP018,2025-03-19,settled,509512.34,EUR,LATAM,CP0313,EQUITY,TDR0099,BOOK_A,2025-04-04
TXN0003411615,APP011,2025-10-18,settled,106360.14,CHF,LATAM,CP0312,BOND,TDR0161,BOOK_D,2025-12-15
TXN0009184190,APP016,2025-09-26,settled,855024.89,AUD,APAC,CP0452,SWAP,TDR0077,BOOK_A,2025-04-25
TXN0005588959,APP018,2025-09-30,settled,706517.2,EUR,LATAM,CP0305,FUTURE,TDR0107,BOOK_A,2025-08-10
TXN0004231245,APP016,2025-06-02,settled,481073.69,EUR,EMEA,CP0059,FX,TDR0175,BOOK_A,2025-10-08
TXN0008460196,APP005,2025-06-04,settled,628645.46,EUR,AMER,CP0083,EQUITY,TDR0145,BOOK_B,2025-03-16
TXN0006544676,APP001,2025-04-08,reversed,908607.89,AUD,APAC,CP0308,FX,TDR0150,BOOK_D,2025-03-29
TXN0004471737,APP020,2025-09-22,settled,651928.72,JPY,AMER,CP0368,SWAP,TDR0110,BOOK_A,2025-09-16
TXN0004897985,APP018,2025-07-25,failed,88819.04,CHF,AMER,CP0481,EQUITY,TDR0191,BOOK_D,2025-10-27
TXN0009499380,APP011,2026-03-21,reversed,293745.23,GBP,AMER,CP0067,EQUITY,TDR0123,BOOK_D,2025-01-13
TXN0000880928,APP018,2025-10-21,settled,840417.05,CHF,EMEA,CP0311,FUTURE,TDR0060,BOOK_C,2025-10-22
TXN0004151426,APP010,2026-04-09,settled,693675.11,AUD,LATAM,CP0454,FX,TDR0196,BOOK_A,2025-12-29
TXN0004051327,APP009,2025-12-22,failed,265059.97,GBP,EMEA,CP0477,FUTURE,TDR0141,BOOK_C,2025-08-07
TXN0008434395,APP010,2026-01-22,pending,175109.8,AUD,APAC,CP0382,SWAP,TDR0062,BOOK_D,2025-11-12
TXN0001321758,APP017,2025-04-18,active,780191.96,USD,AMER,CP0176,SWAP,TDR0065,BOOK_A,2025-10-31
TXN0000850358,APP013,2025-11-09,settled,877899.51,GBP,AMER,CP0200,SWAP,TDR0041,BOOK_C,2025-01-09
TXN0009398217,APP018,2025-10-27,settled,752000.19,EUR,LATAM,CP0280,EQUITY,TDR0076,BOOK_B,2025-04-11
TXN0009300993,APP007,2025-03-09,settled,332552.37,CHF,AMER,CP0332,OPTION,TDR0086,BOOK_A,2025-11-15
TXN0003172819,APP012,2026-04-02,active,370894.41,USD,AMER,CP0444,FUTURE,TDR0198,BOOK_B,2025-07-15
TXN0001918143,APP004,2026-02-20,failed,850005.8,GBP,AMER,CP0298,OPTION,TDR0172,BOOK_D,2026-01-07
TXN0005086429,APP019,2026-02-04,active,398978.82,AUD,EMEA,CP0195,EQUITY,TDR0146,BOOK_D,2025-04-01
TXN0000954006,APP002,2026-02-03,failed,517429.23,GBP,APAC,CP0042,FUTURE,TDR0085,BOOK_C,2025-12-16
TXN0009604777,APP019,2025-07-06,pending,215492.93,EUR,AMER,CP0375,SWAP,TDR0021,BOOK_C,2025-09-08
TXN0004547803,APP007,2025-08-25,failed,950667.16,AUD,APAC,CP0051,FUTURE,TDR0112,BOOK_D,2025-04-04
TXN0004456977,APP015,2025-02-04,settled,139948.6,EUR,APAC,CP0085,FUTURE,TDR0117,BOOK_A,2025-09-29
TXN0007562056,APP011,2026-03-20,active,683768.34,AUD,APAC,CP0279,BOND,TDR0171,BOOK_B,2025-01-22
TXN0006070323,APP020,2025-11-14,failed,598429.66,EUR,LATAM,CP0157,EQUITY,TDR0051,BOOK_C,2025-10-16
TXN0008393037,APP009,2026-01-16,active,746557.0,EUR,AMER,CP0205,OPTION,TDR0042,BOOK_B,2025-01-09
TXN0001870478,APP003,2025-09-28,active,409126.21,CHF,LATAM,CP0238,FUTURE,TDR0022,BOOK_C,2025-10-24
TXN0004584939,APP008,2025-09-06,active,717225.26,USD,AMER,CP0488,SWAP,TDR0012,BOOK_A,2025-02-24
TXN0007972403,APP007,2025-06-14,failed,773351.55,JPY,AMER,CP0058,OPTION,TDR0095,BOOK_C,2025-12-01
TXN0006588375,APP015,2026-02-10,reversed,729539.58,CHF,APAC,CP0096,EQUITY,TDR0184,BOOK_C,2025-08-24
TXN0001801170,APP020,2025-06-13,active,62810.2,USD,AMER,CP0491,FUTURE,TDR0024,BOOK_C,2025-07-10
TXN0002556416,APP018,2025-01-20,active,515873.18,AUD,APAC,CP0102,OPTION,TDR0127,BOOK_D,2026-03-27
TXN0008141940,APP009,2025-06-03,pending,526408.53,GBP,APAC,CP0151,EQUITY,TDR0085,BOOK_B,2026-04-14
TXN0001454862,APP014,2025-12-11,settled,834451.31,AUD,EMEA,CP0228,FX,TDR0066,BOOK_B,2025-12-29
TXN0005887237,APP006,2025-12-01,settled,40297.93,JPY,APAC,CP0299,EQUITY,TDR0157,BOOK_A,2025-02-05
TXN0003219065,APP020,2026-04-04,failed,636569.02,USD,LATAM,CP0091,OPTION,TDR0109,BOOK_C,2025-04-29
TXN0004395128,APP012,2025-11-24,settled,355863.46,CHF,LATAM,CP0029,OPTION,TDR0054,BOOK_A,2025-08-09
TXN0008010578,APP007,2025-01-07,active,200254.56,USD,AMER,CP0412,FUTURE,TDR0041,BOOK_A,2025-10-28
TXN0000904571,APP005,2025-07-30,settled,63621.63,USD,LATAM,CP0243,SWAP,TDR0181,BOOK_A,2025-09-07
TXN0009000627,APP017,2025-03-18,reversed,752617.97,GBP,EMEA,CP0107,BOND,TDR0080,BOOK_D,2025-11-28
TXN0001455317,APP007,2025-09-11,reversed,780719.94,GBP,AMER,CP0081,FX,TDR0115,BOOK_D,2025-11-18
TXN0008746308,APP001,2025-02-24,settled,456928.66,CHF,AMER,CP0356,BOND,TDR0074,BOOK_A,2026-01-15
TXN0007664147,APP013,2026-03-27,reversed,857474.52,AUD,APAC,CP0422,OPTION,TDR0080,BOOK_A,2026-02-22
TXN0004350373,APP018,2026-03-01,active,966175.63,EUR,EMEA,CP0257,FUTURE,TDR0013,BOOK_D,2025-05-20
TXN0008774838,APP014,2025-06-10,settled,48933.62,CHF,AMER,CP0170,FUTURE,TDR0057,BOOK_B,2025-02-06
TXN0003174235,APP013,2025-03-02,pending,269511.62,USD,APAC,CP0395,FX,TDR0162,BOOK_B,2025-04-04
TXN0006510617,APP017,2025-11-15,reversed,221741.34,AUD,AMER,CP0003,EQUITY,TDR0089,BOOK_C,2026-02-25
TXN0004459013,APP001,2026-01-10,settled,416488.65,EUR,EMEA,CP0140,BOND,TDR0086,BOOK_A,2025-09-16
TXN0003357556,APP012,2026-02-21,active,176560.71,AUD,EMEA,CP0104,SWAP,TDR0177,BOOK_A,2026-03-11
TXN0008232301,APP012,2025-01-04,failed,438610.06,JPY,EMEA,CP0169,SWAP,TDR0197,BOOK_C,2025-04-08
TXN0007818778,APP012,2025-04-09,pending,692847.0,CHF,AMER,CP0356,FX,TDR0073,BOOK_C,2025-02-08
TXN0003558147,APP008,2025-12-21,failed,77340.56,CHF,EMEA,CP0150,EQUITY,TDR0134,BOOK_D,2025-03-16
TXN0000884357,APP020,2025-05-31,pending,46479.5,USD,AMER,CP0015,FX,TDR0045,BOOK_C,2025-08-25
TXN0007477381,APP009,2025-11-14,pending,18791.58,USD,AMER,CP0403,FUTURE,TDR0180,BOOK_B,2026-02-10
TXN0004985110,APP011,2025-07-31,failed,839851.0,USD,EMEA,CP0255,OPTION,TDR0162,BOOK_D,2025-12-09
TXN0002255385,APP005,2026-03-10,failed,664835.82,JPY,AMER,CP0315,BOND,TDR0131,BOOK_C,2025-05-30
TXN0003526626,APP012,2025-03-17,reversed,105940.19,USD,APAC,CP0305,BOND,TDR0099,BOOK_A,2025-05-14
TXN0008829569,APP015,2025-10-10,active,63173.08,GBP,LATAM,CP0039,OPTION,TDR0134,BOOK_B,2025-01-04
TXN0009592417,APP004,2025-06-17,failed,935778.09,GBP,AMER,CP0374,FUTURE,TDR0010,BOOK_C,2025-03-25
TXN0003211925,APP004,2026-01-02,pending,744217.13,GBP,EMEA,CP0189,FUTURE,TDR0153,BOOK_A,2025-02-20
TXN0007971641,APP007,2025-02-27,failed,397514.81,CHF,AMER,CP0366,EQUITY,TDR0144,BOOK_D,2025-07-03
TXN0002477292,APP013,2025-11-09,reversed,432675.62,CHF,LATAM,CP0474,FUTURE,TDR0099,BOOK_A,2025-11-26
TXN0002295180,APP005,2025-03-01,reversed,881780.51,CHF,LATAM,CP0347,FX,TDR0120,BOOK_C,2025-02-17
TXN0009504119,APP011,2025-07-15,pending,579252.37,CHF,LATAM,CP0344,BOND,TDR0064,BOOK_B,2025-06-23
TXN0009024566,APP016,2025-09-27,pending,815172.52,EUR,LATAM,CP0105,SWAP,TDR0014,BOOK_A,2026-02-25
TXN0006564455,APP005,2025-02-10,active,322806.58,CHF,APAC,CP0148,OPTION,TDR0049,BOOK_D,2025-08-30
TXN0001062260,APP001,2025-06-03,failed,787059.16,CHF,APAC,CP0357,BOND,TDR0029,BOOK_D,2025-09-15
TXN0009790757,APP012,2025-09-30,failed,567271.77,CHF,LATAM,CP0219,SWAP,TDR0190,BOOK_A,2025-09-29
TXN0007423104,APP013,2025-02-22,pending,892635.97,GBP,AMER,CP0493,FX,TDR0135,BOOK_C,2026-03-29
TXN0005557574,APP014,2026-01-25,reversed,362929.67,GBP,AMER,CP0203,BOND,TDR0060,BOOK_D,2025-07-04
TXN0001717695,APP013,2025-05-11,pending,909010.24,AUD,AMER,CP0485,OPTION,TDR0024,BOOK_D,2025-05-04
TXN0000252480,APP009,2026-02-16,active,978003.65,AUD,EMEA,CP0207,SWAP,TDR0029,BOOK_A,2025-12-03
TXN0005230570,APP009,2025-09-24,active,582594.24,JPY,AMER,CP0143,EQUITY,TDR0116,BOOK_D,2025-06-21
TXN0003984590,APP018,2025-11-12,failed,98246.97,AUD,EMEA,CP0004,OPTION,TDR0119,BOOK_D,2025-11-08
TXN0000452528,APP002,2025-05-28,failed,279028.31,GBP,EMEA,CP0272,FX,TDR0070,BOOK_D,2026-02-12
TXN0000254183,APP015,2025-02-26,failed,519589.49,GBP,APAC,CP0390,SWAP,TDR0011,BOOK_B,2025-07-31
TXN0006047678,APP006,2025-11-06,pending,675805.5,USD,APAC,CP0326,FUTURE,TDR0126,BOOK_B,2025-03-03
TXN0002823845,APP016,2026-02-06,settled,565544.75,USD,APAC,CP0482,EQUITY,TDR0073,BOOK_D,2025-04-07
TXN0005529274,APP001,2025-08-03,settled,22749.92,EUR,APAC,CP0422,OPTION,TDR0152,BOOK_A,2025-05-10
TXN0008880298,APP012,2025-02-15,reversed,819881.65,AUD,EMEA,CP0189,FX,TDR0114,BOOK_B,2025-11-25
TXN0003268127,APP007,2025-07-18,active,777896.38,JPY,APAC,CP0118,BOND,TDR0169,BOOK_A,2025-04-11
TXN0007838279,APP020,2025-02-21,settled,790029.89,CHF,EMEA,CP0491,OPTION,TDR0193,BOOK_B,2025-06-08
TXN0006489025,APP017,2025-11-10,settled,24310.73,USD,APAC,CP0292,OPTION,TDR0025,BOOK_D,2025-03-06
TXN0006647718,APP018,2026-03-26,active,374365.08,GBP,AMER,CP0422,FX,TDR0064,BOOK_D,2025-01-09
TXN0000818526,APP006,2026-02-16,active,895724.2,GBP,EMEA,CP0336,FUTURE,TDR0141,BOOK_A,2025-03-25
TXN0003793101,APP016,2025-06-24,active,707793.31,EUR,APAC,CP0097,OPTION,TDR0024,BOOK_D,2026-04-01
TXN0007312439,APP008,2025-07-18,active,53054.16,JPY,EMEA,CP0181,OPTION,TDR0023,BOOK_C,2025-12-04
TXN0009519969,APP010,2025-08-05,active,434048.49,EUR,APAC,CP0277,FX,TDR0022,BOOK_D,2025-12-13
TXN0004004964,APP019,2026-01-11,pending,209512.3,AUD,EMEA,CP0033,FX,TDR0094,BOOK_B,2025-10-01
TXN0000377398,APP002,2025-01-05,pending,934063.8,CHF,APAC,CP0258,EQUITY,TDR0122,BOOK_A,2025-08-25
TXN0003791837,APP010,2025-05-31,active,542138.48,EUR,LATAM,CP0003,EQUITY,TDR0005,BOOK_D,2025-04-23
TXN0008422205,APP001,2025-04-28,pending,469958.32,EUR,LATAM,CP0232,OPTION,TDR0119,BOOK_A,2025-04-22
TXN0004596968,APP010,2025-07-06,pending,990691.38,USD,AMER,CP0164,BOND,TDR0086,BOOK_B,2025-11-08
TXN0000882034,APP007,2025-06-06,settled,330072.27,CHF,LATAM,CP0018,FX,TDR0132,BOOK_D,2025-02-18
TXN0007871081,APP019,2026-01-08,settled,324639.56,CHF,AMER,CP0203,OPTION,TDR0017,BOOK_C,2025-09-05
TXN0007455384,APP018,2026-03-23,settled,447915.39,USD,APAC,CP0056,BOND,TDR0066,BOOK_A,2026-02-06
TXN0007835618,APP006,2025-01-28,failed,991191.96,EUR,APAC,CP0444,FUTURE,TDR0072,BOOK_C,2025-12-22
TXN0003802036,APP008,2025-03-13,reversed,567190.28,USD,APAC,CP0210,FUTURE,TDR0005,BOOK_D,2025-10-02
TXN0007527312,APP017,2025-12-28,reversed,317650.01,EUR,APAC,CP0440,FX,TDR0048,BOOK_D,2025-04-29
TXN0002644725,APP006,2025-07-22,pending,865717.98,AUD,LATAM,CP0188,FUTURE,TDR0107,BOOK_D,2026-02-28
TXN0003081216,APP014,2025-09-17,pending,311274.27,JPY,AMER,CP0312,FX,TDR0033,BOOK_D,2025-04-23
TXN0006659768,APP013,2025-02-20,pending,621620.1,GBP,EMEA,CP0005,EQUITY,TDR0120,BOOK_D,2025-07-05
TXN0002913644,APP011,2025-01-11,reversed,221517.07,CHF,APAC,CP0103,FX,TDR0098,BOOK_D,2025-09-08
TXN0009029733,APP002,2025-02-05,active,562189.12,USD,AMER,CP0315,OPTION,TDR0045,BOOK_C,2025-12-05
TXN0003343890,APP007,2025-12-09,settled,476414.19,EUR,EMEA,CP0087,FX,TDR0136,BOOK_D,2025-12-03
TXN0001884924,APP013,2026-04-01,reversed,392433.97,CHF,LATAM,CP0174,OPTION,TDR0087,BOOK_A,2025-09-28
TXN0009174079,APP001,2025-07-03,active,137547.19,JPY,LATAM,CP0373,EQUITY,TDR0177,BOOK_A,2026-03-24
TXN0007310473,APP019,2025-05-25,reversed,350289.76,GBP,LATAM,CP0493,SWAP,TDR0047,BOOK_B,2025-12-03
TXN0005289218,APP018,2026-01-04,pending,818181.87,EUR,APAC,CP0472,FX,TDR0024,BOOK_A,2025-06-28
TXN0000509743,APP011,2025-09-14,active,416938.98,CHF,AMER,CP0176,FX,TDR0072,BOOK_C,2025-11-24
TXN0001032963,APP013,2025-03-16,pending,90451.95,EUR,APAC,CP0206,BOND,TDR0181,BOOK_A,2025-08-12
TXN0005557792,APP009,2026-02-17,settled,282059.44,GBP,EMEA,CP0252,OPTION,TDR0178,BOOK_B,2025-07-26
TXN0005845867,APP017,2025-05-20,pending,15797.97,EUR,AMER,CP0455,BOND,TDR0049,BOOK_D,2025-03-11
TXN0001365820,APP007,2025-11-04,active,254695.95,JPY,APAC,CP0345,FX,TDR0135,BOOK_D,2026-03-07
TXN0008513562,APP020,2026-01-19,active,373938.01,AUD,LATAM,CP0214,FX,TDR0015,BOOK_D,2025-06-27
TXN0001481196,APP006,2025-12-12,reversed,676246.81,GBP,AMER,CP0475,FX,TDR0158,BOOK_B,2025-10-19
TXN0007018244,APP016,2025-08-01,active,94314.55,USD,APAC,CP0119,EQUITY,TDR0143,BOOK_B,2025-12-14
TXN0009738750,APP012,2025-03-21,reversed,195205.48,JPY,EMEA,CP0482,FUTURE,TDR0033,BOOK_D,2025-10-06
TXN0000855324,APP011,2026-03-01,settled,105983.37,JPY,APAC,CP0005,BOND,TDR0110,BOOK_B,2025-06-29
TXN0009245171,APP008,2025-05-15,settled,236166.38,USD,APAC,CP0214,EQUITY,TDR0175,BOOK_B,2025-11-26
TXN0008523853,APP007,2026-04-06,failed,376940.74,JPY,AMER,CP0138,FX,TDR0120,BOOK_B,2025-05-08
TXN0001784912,APP011,2025-04-29,reversed,777395.66,AUD,LATAM,CP0029,SWAP,TDR0017,BOOK_C,2025-09-06
TXN0005082400,APP006,2026-01-15,failed,68993.34,AUD,APAC,CP0096,OPTION,TDR0067,BOOK_A,2026-04-02
TXN0007975595,APP015,2025-09-12,settled,17941.51,JPY,LATAM,CP0250,SWAP,TDR0081,BOOK_B,2025-08-16
TXN0001375608,APP014,2026-02-16,reversed,252580.68,GBP,EMEA,CP0035,EQUITY,TDR0096,BOOK_D,2025-03-26
TXN0008484371,APP020,2025-06-15,pending,38148.27,JPY,EMEA,CP0035,BOND,TDR0055,BOOK_C,2025-12-18
TXN0004852853,APP001,2025-03-15,pending,101630.54,JPY,EMEA,CP0043,EQUITY,TDR0171,BOOK_B,2025-06-26
TXN0009439531,APP012,2026-02-09,pending,30660.78,USD,APAC,CP0471,FUTURE,TDR0178,BOOK_B,2026-03-04
TXN0001170474,APP015,2025-09-24,settled,912194.04,USD,AMER,CP0313,FX,TDR0153,BOOK_A,2025-02-27
TXN0006224955,APP009,2026-01-22,settled,271573.2,CHF,LATAM,CP0345,OPTION,TDR0134,BOOK_A,2025-01-21
TXN0003035337,APP010,2025-06-26,failed,438954.87,CHF,EMEA,CP0430,EQUITY,TDR0115,BOOK_D,2025-01-01
TXN0007803201,APP019,2025-08-02,settled,594840.54,GBP,AMER,CP0028,BOND,TDR0074,BOOK_B,2025-11-22
TXN0008601583,APP016,2025-10-25,settled,391104.32,EUR,APAC,CP0023,EQUITY,TDR0022,BOOK_A,2025-03-04
TXN0003795462,APP015,2025-06-14,settled,328955.97,EUR,LATAM,CP0465,OPTION,TDR0069,BOOK_B,2025-08-14
TXN0005042590,APP010,2025-04-09,failed,753765.67,GBP,APAC,CP0242,FUTURE,TDR0181,BOOK_D,2025-11-26
TXN0003979294,APP005,2025-03-26,active,93043.7,GBP,EMEA,CP0263,BOND,TDR0171,BOOK_D,2025-10-11
TXN0000885335,APP017,2025-01-16,active,165443.51,JPY,LATAM,CP0383,BOND,TDR0086,BOOK_D,2026-01-08
TXN0003400139,APP017,2026-03-22,active,675720.3,USD,AMER,CP0223,SWAP,TDR0180,BOOK_A,2025-08-07
TXN0008455752,APP004,2025-06-28,pending,697166.91,JPY,EMEA,CP0304,EQUITY,TDR0014,BOOK_C,2025-02-16
TXN0003449410,APP013,2025-12-13,settled,855041.19,AUD,AMER,CP0299,SWAP,TDR0108,BOOK_A,2025-05-29
TXN0005524781,APP004,2026-03-13,active,254543.53,USD,APAC,CP0215,FUTURE,TDR0153,BOOK_A,2025-07-11
TXN0002817884,APP007,2025-12-07,reversed,776683.03,EUR,AMER,CP0141,EQUITY,TDR0167,BOOK_A,2026-01-24
TXN0001886899,APP004,2026-03-24,failed,156278.75,USD,LATAM,CP0345,FX,TDR0174,BOOK_D,2025-09-28
TXN0003254773,APP003,2026-03-16,failed,356077.04,USD,EMEA,CP0331,OPTION,TDR0170,BOOK_C,2025-08-14
TXN0005127270,APP012,2025-10-31,pending,560117.07,USD,LATAM,CP0179,OPTION,TDR0034,BOOK_A,2025-08-26
TXN0006265570,APP004,2025-05-15,active,860911.4,JPY,EMEA,CP0188,OPTION,TDR0022,BOOK_B,2025-08-31
TXN0002429807,APP017,2025-12-22,settled,243635.66,AUD,AMER,CP0227,OPTION,TDR0071,BOOK_B,2025-09-30
TXN0005167242,APP003,2026-02-02,reversed,418762.55,GBP,AMER,CP0457,SWAP,TDR0056,BOOK_A,2026-03-11
TXN0003735999,APP013,2025-03-29,reversed,397846.22,CHF,APAC,CP0201,SWAP,TDR0017,BOOK_C,2025-12-29
TXN0009588581,APP012,2025-10-06,failed,836562.75,GBP,LATAM,CP0371,FUTURE,TDR0093,BOOK_A,2025-08-09
TXN0007280012,APP019,2025-08-07,reversed,789205.89,CHF,LATAM,CP0230,EQUITY,TDR0132,BOOK_B,2025-12-15
TXN0006956057,APP005,2026-02-26,settled,733936.28,JPY,AMER,CP0115,BOND,TDR0141,BOOK_C,2026-03-20
TXN0001912588,APP006,2025-12-09,failed,746186.66,GBP,APAC,CP0217,FX,TDR0161,BOOK_C,2025-12-16
TXN0000700782,APP010,2025-08-28,settled,19216.35,GBP,EMEA,CP0435,FX,TDR0081,BOOK_C,2025-10-28
TXN0009407095,APP002,2026-03-07,settled,469489.97,GBP,AMER,CP0433,EQUITY,TDR0042,BOOK_D,2025-07-06
TXN0007803528,APP014,2025-08-23,active,180623.19,AUD,LATAM,CP0303,FX,TDR0197,BOOK_A,2025-02-24
TXN0000809801,APP016,2025-03-04,failed,854078.66,AUD,AMER,CP0434,SWAP,TDR0181,BOOK_D,2025-12-10
TXN0008086477,APP013,2026-04-03,failed,992416.25,JPY,EMEA,CP0462,OPTION,TDR0143,BOOK_A,2025-02-09
TXN0007220880,APP015,2025-10-08,active,715816.7,CHF,APAC,CP0084,SWAP,TDR0129,BOOK_B,2026-02-10
TXN0005759783,APP013,2025-03-13,reversed,564419.3,USD,AMER,CP0178,BOND,TDR0099,BOOK_A,2025-10-07
TXN0007028834,APP004,2025-08-01,pending,186975.1,EUR,LATAM,CP0394,SWAP,TDR0118,BOOK_C,2026-03-07
TXN0003961820,APP020,2025-06-20,failed,366386.75,USD,EMEA,CP0246,SWAP,TDR0195,BOOK_A,2025-11-19
TXN0005831675,APP014,2025-11-14,failed,53591.42,CHF,EMEA,CP0112,SWAP,TDR0007,BOOK_D,2025-01-30
TXN0002109813,APP010,2025-11-27,reversed,99225.81,JPY,APAC,CP0471,FX,TDR0115,BOOK_C,2025-07-05
TXN0008014414,APP008,2025-06-02,failed,895054.9,JPY,APAC,CP0299,OPTION,TDR0177,BOOK_A,2025-12-01
TXN0009507151,APP004,2025-01-09,active,389346.37,CHF,APAC,CP0473,BOND,TDR0062,BOOK_D,2025-07-15
TXN0008578922,APP019,2026-03-10,active,144873.79,JPY,APAC,CP0438,EQUITY,TDR0026,BOOK_B,2026-03-26
TXN0009044672,APP006,2026-04-12,settled,904894.35,AUD,AMER,CP0340,EQUITY,TDR0068,BOOK_D,2025-05-04
TXN0008803189,APP002,2026-03-25,failed,875953.15,EUR,LATAM,CP0134,OPTION,TDR0023,BOOK_D,2025-06-30
TXN0009261892,APP007,2025-06-28,reversed,191.86,GBP,EMEA,CP0447,OPTION,TDR0134,BOOK_B,2026-01-12
TXN0003971555,APP017,2025-09-30,settled,452117.88,AUD,AMER,CP0446,FX,TDR0004,BOOK_B,2025-10-31
TXN0000843121,APP014,2025-09-01,reversed,452506.89,GBP,LATAM,CP0136,EQUITY,TDR0041,BOOK_D,2025-11-03
TXN0007959122,APP004,2025-02-02,active,159413.85,USD,LATAM,CP0237,FUTURE,TDR0093,BOOK_A,2025-12-19
TXN0003470650,APP011,2025-09-03,pending,911700.46,USD,LATAM,CP0136,FUTURE,TDR0199,BOOK_A,2026-03-18
TXN0004917202,APP014,2025-08-03,failed,805908.94,AUD,LATAM,CP0160,BOND,TDR0181,BOOK_B,2025-11-11
TXN0006678273,APP002,2025-08-26,failed,900727.86,JPY,EMEA,CP0042,FX,TDR0175,BOOK_A,2026-03-30
TXN0006422388,APP018,2026-03-21,pending,149210.71,JPY,LATAM,CP0040,EQUITY,TDR0116,BOOK_B,2025-06-10
TXN0006440474,APP007,2025-01-20,failed,62323.27,EUR,LATAM,CP0361,FUTURE,TDR0076,BOOK_C,2025-02-17
TXN0001414130,APP003,2025-09-12,active,919268.77,EUR,AMER,CP0244,BOND,TDR0001,BOOK_A,2026-03-15
TXN0001935501,APP006,2026-04-10,reversed,897348.68,JPY,APAC,CP0408,FUTURE,TDR0181,BOOK_D,2025-03-14
TXN0007624248,APP013,2025-05-09,reversed,397324.85,AUD,LATAM,CP0373,OPTION,TDR0149,BOOK_C,2025-06-15
TXN0001730755,APP008,2026-02-20,settled,49109.68,EUR,LATAM,CP0390,FUTURE,TDR0109,BOOK_B,2025-11-30
TXN0009395367,APP003,2025-02-06,failed,370575.97,USD,APAC,CP0337,FUTURE,TDR0195,BOOK_C,2025-07-05
TXN0006523676,APP008,2026-03-19,reversed,474346.47,AUD,EMEA,CP0084,EQUITY,TDR0047,BOOK_D,2025-01-11
TXN0009849933,APP004,2026-03-12,settled,815057.18,AUD,APAC,CP0320,EQUITY,TDR0107,BOOK_D,2025-07-25
TXN0006822894,APP005,2025-04-12,pending,140993.61,JPY,APAC,CP0245,EQUITY,TDR0135,BOOK_A,2025-06-23
TXN0009696518,APP004,2026-01-30,failed,197830.05,USD,APAC,CP0366,FX,TDR0174,BOOK_D,2025-02-22
TXN0001416171,APP001,2025-05-12,pending,362011.63,USD,LATAM,CP0406,OPTION,TDR0112,BOOK_C,2025-04-21
TXN0002902346,APP016,2026-02-10,failed,974326.55,AUD,EMEA,CP0425,OPTION,TDR0069,BOOK_A,2025-07-10
TXN0007017559,APP016,2025-08-13,reversed,328958.37,USD,AMER,CP0170,OPTION,TDR0080,BOOK_C,2025-06-04
TXN0008132750,APP006,2025-02-27,settled,285088.3,AUD,EMEA,CP0067,BOND,TDR0099,BOOK_B,2025-03-29
TXN0003733165,APP020,2025-11-23,active,553494.99,USD,LATAM,CP0360,OPTION,TDR0086,BOOK_A,2025-09-08
TXN0005404228,APP006,2026-01-21,failed,347215.15,CHF,LATAM,CP0375,SWAP,TDR0171,BOOK_A,2025-09-11
TXN0002935173,APP020,2025-11-21,reversed,937716.96,AUD,AMER,CP0362,EQUITY,TDR0115,BOOK_A,2025-10-29
TXN0004553332,APP020,2025-07-17,pending,487670.64,JPY,AMER,CP0301,SWAP,TDR0082,BOOK_A,2025-08-01
TXN0002178433,APP012,2025-07-07,failed,956594.24,JPY,APAC,CP0336,SWAP,TDR0014,BOOK_A,2025-11-15
TXN0005102722,APP002,2025-05-25,settled,64421.95,EUR,EMEA,CP0198,OPTION,TDR0145,BOOK_A,2025-04-08
TXN0007797912,APP018,2025-07-16,settled,387545.32,EUR,APAC,CP0492,EQUITY,TDR0005,BOOK_B,2025-10-19
TXN0006285203,APP014,2025-12-27,active,66447.39,CHF,LATAM,CP0255,BOND,TDR0078,BOOK_A,2025-09-02
TXN0006627191,APP019,2025-03-11,reversed,699431.82,AUD,LATAM,CP0089,FUTURE,TDR0037,BOOK_D,2025-06-01
TXN0002185630,APP015,2025-03-26,pending,100204.53,CHF,LATAM,CP0088,FX,TDR0022,BOOK_D,2025-09-12
TXN0006148700,APP005,2026-01-05,settled,81343.91,GBP,AMER,CP0263,BOND,TDR0142,BOOK_B,2025-08-10
TXN0005221189,APP019,2025-02-25,active,127956.84,EUR,AMER,CP0450,EQUITY,TDR0018,BOOK_D,2026-04-06
TXN0000581693,APP016,2025-01-25,reversed,174609.38,CHF,APAC,CP0461,FX,TDR0144,BOOK_D,2025-07-18
TXN0007580637,APP012,2025-02-01,pending,99355.84,EUR,LATAM,CP0080,EQUITY,TDR0063,BOOK_B,2025-06-06
TXN0005909524,APP009,2025-04-01,reversed,47959.08,USD,EMEA,CP0409,EQUITY,TDR0198,BOOK_A,2025-03-22
TXN0004685382,APP018,2025-09-11,reversed,395150.38,EUR,EMEA,CP0201,FX,TDR0174,BOOK_C,2026-02-06
TXN0005353181,APP005,2025-01-15,active,723269.75,EUR,EMEA,CP0452,FX,TDR0089,BOOK_B,2025-08-12
TXN0005385588,APP003,2025-02-08,reversed,440320.09,EUR,LATAM,CP0260,FX,TDR0029,BOOK_B,2025-09-23
TXN0007828465,APP015,2025-01-03,settled,847558.86,EUR,EMEA,CP0346,FX,TDR0034,BOOK_D,2025-12-29
TXN0005834121,APP020,2025-01-17,failed,782322.9,AUD,APAC,CP0051,BOND,TDR0167,BOOK_C,2025-11-12
TXN0009322383,APP020,2025-06-03,settled,40045.96,GBP,LATAM,CP0185,OPTION,TDR0162,BOOK_A,2026-03-20
TXN0005418376,APP017,2025-12-27,reversed,347190.5,JPY,AMER,CP0225,SWAP,TDR0009,BOOK_A,2025-12-24
TXN0005781336,APP005,2025-01-07,pending,653303.28,AUD,EMEA,CP0154,FX,TDR0077,BOOK_C,2026-03-28
TXN0009803571,APP015,2025-01-16,pending,120414.63,USD,EMEA,CP0129,OPTION,TDR0055,BOOK_A,2026-03-15
TXN0006722364,APP013,2025-01-27,settled,996612.25,USD,APAC,CP0193,FUTURE,TDR0164,BOOK_A,2025-03-03
TXN0005974596,APP016,2025-04-21,settled,722579.96,USD,AMER,CP0202,FX,TDR0179,BOOK_A,2026-03-10
TXN0005271397,APP017,2025-06-23,reversed,542452.48,AUD,EMEA,CP0491,FX,TDR0008,BOOK_A,2025-12-24
TXN0002503440,APP003,2025-11-13,reversed,300804.63,GBP,APAC,CP0435,FX,TDR0080,BOOK_D,2025-06-30
TXN0000524144,APP008,2025-10-30,pending,560225.56,EUR,EMEA,CP0148,BOND,TDR0112,BOOK_D,2026-01-26
TXN0003948108,APP013,2025-11-26,failed,611323.79,AUD,LATAM,CP0329,OPTION,TDR0126,BOOK_A,2025-01-30
TXN0002729391,APP020,2025-04-22,settled,97102.57,USD,APAC,CP0330,OPTION,TDR0005,BOOK_D,2025-03-01
TXN0004567681,APP013,2025-07-06,active,38365.66,AUD,EMEA,CP0333,FX,TDR0178,BOOK_D,2025-03-24
TXN0006752578,APP005,2026-02-28,pending,716987.34,AUD,AMER,CP0244,SWAP,TDR0083,BOOK_C,2025-09-25
TXN0004475632,APP007,2025-09-16,settled,1479.7,EUR,EMEA,CP0349,BOND,TDR0011,BOOK_C,2025-03-25
TXN0007079740,APP016,2025-04-20,settled,119796.68,AUD,LATAM,CP0149,FX,TDR0030,BOOK_D,2026-02-05
TXN0009642093,APP003,2026-01-06,settled,83610.3,JPY,LATAM,CP0443,EQUITY,TDR0004,BOOK_D,2025-03-02
TXN0009985540,APP015,2025-08-09,pending,857616.39,AUD,AMER,CP0148,SWAP,TDR0129,BOOK_A,2025-10-27
TXN0009598038,APP020,2026-02-11,reversed,288470.49,GBP,LATAM,CP0181,BOND,TDR0068,BOOK_C,2025-10-08
TXN0002773910,APP003,2026-01-28,reversed,252999.43,JPY,AMER,CP0098,OPTION,TDR0146,BOOK_C,2025-05-24
TXN0008254546,APP006,2026-01-10,pending,656318.39,EUR,EMEA,CP0034,SWAP,TDR0047,BOOK_B,2025-01-24
TXN0001835653,APP018,2025-09-21,settled,578022.63,EUR,LATAM,CP0008,FX,TDR0027,BOOK_D,2025-12-09
TXN0006258156,APP012,2025-10-14,settled,905035.75,CHF,APAC,CP0470,OPTION,TDR0061,BOOK_B,2025-01-05
TXN0007450241,APP019,2025-10-12,settled,283127.91,USD,EMEA,CP0028,SWAP,TDR0011,BOOK_C,2025-02-03
TXN0004485742,APP005,2025-01-12,pending,768093.04,AUD,EMEA,CP0368,FUTURE,TDR0012,BOOK_B,2025-07-17
TXN0009046921,APP002,2026-02-14,failed,723982.85,GBP,EMEA,CP0455,FUTURE,TDR0009,BOOK_A,2025-12-29
TXN0003343155,APP014,2025-01-24,failed,811052.63,USD,AMER,CP0401,FUTURE,TDR0052,BOOK_B,2025-03-29
TXN0001836977,APP008,2025-10-10,failed,951588.92,EUR,LATAM,CP0068,BOND,TDR0074,BOOK_A,2025-03-14
TXN0007082413,APP016,2026-03-20,reversed,821419.43,GBP,APAC,CP0252,EQUITY,TDR0093,BOOK_B,2025-05-05
TXN0004776653,APP013,2025-05-17,pending,993583.38,AUD,EMEA,CP0392,OPTION,TDR0032,BOOK_B,2026-03-15
TXN0004486653,APP014,2025-01-26,failed,992334.45,AUD,APAC,CP0042,FUTURE,TDR0183,BOOK_B,2025-08-04
TXN0001671260,APP010,2025-06-16,reversed,873321.89,CHF,AMER,CP0472,FX,TDR0017,BOOK_D,2025-02-12
TXN0009234850,APP009,2026-04-01,active,338326.45,CHF,APAC,CP0099,EQUITY,TDR0169,BOOK_B,2025-02-13
TXN0009999420,APP006,2026-01-09,active,732611.81,EUR,APAC,CP0365,SWAP,TDR0084,BOOK_C,2025-09-08
TXN0006595035,APP017,2025-06-11,reversed,400721.82,USD,EMEA,CP0135,FUTURE,TDR0158,BOOK_A,2025-10-21
TXN0000584632,APP001,2025-10-09,active,855829.46,CHF,APAC,CP0108,FX,TDR0103,BOOK_A,2026-03-10
TXN0001436176,APP016,2026-01-23,reversed,482459.12,JPY,APAC,CP0054,SWAP,TDR0043,BOOK_D,2025-09-29
TXN0002373415,APP011,2025-05-04,active,847079.04,EUR,AMER,CP0280,FUTURE,TDR0123,BOOK_A,2025-01-21
TXN0000631394,APP016,2025-05-31,reversed,808718.85,JPY,AMER,CP0358,BOND,TDR0074,BOOK_C,2025-02-18
TXN0001000845,APP012,2025-04-07,pending,53423.32,AUD,APAC,CP0002,SWAP,TDR0049,BOOK_B,2025-05-04
TXN0005419306,APP004,2026-03-10,active,172867.12,JPY,AMER,CP0011,FUTURE,TDR0021,BOOK_D,2026-04-04
TXN0009644100,APP013,2025-08-12,settled,816896.64,GBP,EMEA,CP0205,FX,TDR0187,BOOK_D,2025-04-27
TXN0003643387,APP018,2025-03-13,settled,294379.21,JPY,APAC,CP0186,FUTURE,TDR0034,BOOK_D,2025-03-21
TXN0009083980,APP010,2025-01-17,reversed,581490.85,JPY,EMEA,CP0307,EQUITY,TDR0139,BOOK_D,2025-07-24
TXN0008517400,APP019,2025-05-18,reversed,492893.52,AUD,AMER,CP0055,SWAP,TDR0109,BOOK_B,2025-10-07
TXN0006471057,APP015,2026-03-12,settled,584459.81,JPY,APAC,CP0468,FX,TDR0045,BOOK_A,2025-08-21
TXN0007158216,APP004,2025-03-19,reversed,751573.65,JPY,EMEA,CP0346,OPTION,TDR0005,BOOK_B,2025-02-04
TXN0000960263,APP019,2025-09-27,failed,334011.3,CHF,LATAM,CP0161,EQUITY,TDR0088,BOOK_D,2025-11-18
TXN0006819335,APP015,2025-10-31,failed,20340.73,EUR,AMER,CP0344,FUTURE,TDR0067,BOOK_D,2025-08-02
TXN0008618174,APP001,2026-01-04,failed,557879.77,CHF,AMER,CP0418,FX,TDR0184,BOOK_C,2025-02-12
TXN0006178138,APP015,2025-05-09,reversed,786976.14,USD,LATAM,CP0381,SWAP,TDR0048,BOOK_D,2025-08-29
TXN0000840149,APP019,2025-03-16,reversed,860684.26,GBP,APAC,CP0182,SWAP,TDR0100,BOOK_B,2025-09-14
TXN0005963425,APP005,2025-03-07,settled,541075.66,CHF,EMEA,CP0070,BOND,TDR0118,BOOK_B,2025-03-04
TXN0004229457,APP014,2026-01-08,failed,140372.54,JPY,APAC,CP0135,EQUITY,TDR0089,BOOK_D,2026-03-21
TXN0009235977,APP014,2025-12-26,failed,921376.06,EUR,APAC,CP0181,FX,TDR0019,BOOK_C,2025-05-29
TXN0009426135,APP012,2025-03-01,reversed,578139.01,USD,LATAM,CP0389,BOND,TDR0177,BOOK_A,2025-12-03
TXN0009381896,APP018,2026-01-06,failed,893196.84,AUD,LATAM,CP0108,EQUITY,TDR0051,BOOK_A,2025-11-05
TXN0004421595,APP020,2025-08-22,settled,752612.13,EUR,AMER,CP0254,EQUITY,TDR0052,BOOK_C,2025-10-21
TXN0009666364,APP002,2025-12-29,reversed,703346.4,JPY,APAC,CP0494,BOND,TDR0152,BOOK_D,2025-08-01
TXN0007641691,APP019,2025-12-20,settled,832845.49,AUD,LATAM,CP0210,FX,TDR0162,BOOK_D,2025-03-20
TXN0002684788,APP019,2025-09-16,reversed,350503.27,GBP,APAC,CP0408,FX,TDR0001,BOOK_A,2025-06-03
TXN0002282552,APP014,2026-02-13,settled,443660.67,AUD,LATAM,CP0299,FUTURE,TDR0067,BOOK_D,2025-04-03
TXN0008298371,APP017,2026-03-08,pending,285003.02,USD,EMEA,CP0201,SWAP,TDR0200,BOOK_A,2025-12-31
TXN0008047424,APP017,2025-09-09,active,652271.63,AUD,APAC,CP0122,FX,TDR0060,BOOK_A,2025-05-09
TXN0003657780,APP011,2025-09-10,failed,216908.39,USD,EMEA,CP0119,EQUITY,TDR0082,BOOK_C,2025-07-17
TXN0001771785,APP003,2025-12-31,failed,923172.8,EUR,APAC,CP0341,FX,TDR0005,BOOK_A,2026-04-10
TXN0009638279,APP010,2025-06-27,active,771429.14,AUD,LATAM,CP0213,BOND,TDR0151,BOOK_B,2026-02-02
TXN0003276632,APP013,2025-10-26,reversed,547873.34,JPY,APAC,CP0136,FX,TDR0015,BOOK_D,2025-01-13
TXN0006330805,APP012,2025-05-19,reversed,697210.89,JPY,APAC,CP0271,OPTION,TDR0084,BOOK_A,2025-04-19
TXN0008312810,APP013,2025-09-01,settled,561366.09,EUR,LATAM,CP0040,FX,TDR0029,BOOK_B,2026-03-19
TXN0006456491,APP003,2025-07-26,reversed,448038.65,USD,EMEA,CP0497,BOND,TDR0001,BOOK_A,2026-03-21
TXN0004482084,APP004,2026-02-05,settled,240815.38,EUR,EMEA,CP0112,FUTURE,TDR0107,BOOK_D,2026-03-12
TXN0003487163,APP014,2025-12-12,pending,734543.8,GBP,LATAM,CP0095,FX,TDR0125,BOOK_B,2025-07-01
TXN0001529209,APP020,2026-01-19,settled,857407.79,USD,APAC,CP0016,FX,TDR0194,BOOK_C,2025-12-14
TXN0007126886,APP001,2025-09-09,reversed,561274.17,EUR,LATAM,CP0054,FX,TDR0138,BOOK_A,2025-11-24
TXN0008263513,APP002,2025-08-11,settled,405648.5,USD,APAC,CP0026,BOND,TDR0113,BOOK_B,2026-01-12
TXN0008678638,APP008,2025-05-27,reversed,955303.23,AUD,EMEA,CP0184,FX,TDR0107,BOOK_D,2025-01-14
TXN0001420366,APP019,2025-01-13,active,102715.44,USD,LATAM,CP0113,FUTURE,TDR0015,BOOK_A,2025-03-26
TXN0000672393,APP011,2025-04-28,reversed,415757.22,USD,AMER,CP0185,EQUITY,TDR0156,BOOK_A,2025-05-02
TXN0004050541,APP013,2025-09-30,active,220430.59,JPY,APAC,CP0266,FUTURE,TDR0188,BOOK_C,2025-12-20
TXN0004202667,APP019,2025-11-19,active,830740.85,CHF,LATAM,CP0107,FUTURE,TDR0085,BOOK_B,2025-09-04
TXN0000897985,APP003,2025-06-21,pending,193258.97,EUR,LATAM,CP0448,OPTION,TDR0049,BOOK_A,2025-09-26
TXN0009518981,APP002,2025-07-24,failed,968245.91,CHF,AMER,CP0154,OPTION,TDR0180,BOOK_D,2025-09-06
TXN0003336518,APP016,2025-12-25,active,254990.91,EUR,AMER,CP0358,BOND,TDR0033,BOOK_B,2025-03-22
TXN0009254353,APP014,2025-10-02,reversed,806013.64,GBP,EMEA,CP0490,SWAP,TDR0087,BOOK_C,2025-08-11
TXN0002844439,APP005,2026-03-03,pending,24292.34,AUD,APAC,CP0181,OPTION,TDR0059,BOOK_B,2025-03-03
TXN0000470156,APP016,2025-02-01,failed,704277.72,USD,AMER,CP0024,SWAP,TDR0086,BOOK_C,2025-09-07
TXN0008877316,APP020,2025-11-01,active,395696.8,USD,LATAM,CP0301,OPTION,TDR0091,BOOK_D,2025-06-14
TXN0003577302,APP005,2025-07-13,pending,132630.9,GBP,EMEA,CP0289,FX,TDR0087,BOOK_D,2025-04-03
TXN0002616213,APP010,2025-03-25,active,981819.45,USD,AMER,CP0107,OPTION,TDR0107,BOOK_C,2025-02-02
TXN0005704113,APP007,2026-01-31,reversed,153889.27,JPY,AMER,CP0057,OPTION,TDR0015,BOOK_C,2025-08-15
TXN0006345210,APP020,2026-01-20,reversed,944782.75,USD,EMEA,CP0276,SWAP,TDR0150,BOOK_B,2025-05-30
TXN0006069175,APP014,2025-08-03,pending,872141.98,GBP,APAC,CP0312,FUTURE,TDR0156,BOOK_B,2026-01-18
TXN0000293806,APP004,2025-02-09,reversed,191330.51,EUR,AMER,CP0309,FX,TDR0110,BOOK_D,2025-06-18
TXN0009223836,APP011,2025-09-24,pending,820896.17,USD,AMER,CP0371,OPTION,TDR0076,BOOK_B,2026-01-01
TXN0004078547,APP006,2025-05-30,failed,623345.44,EUR,AMER,CP0140,SWAP,TDR0004,BOOK_A,2026-04-09
TXN0002441039,APP016,2025-07-21,pending,671380.69,GBP,EMEA,CP0299,BOND,TDR0169,BOOK_A,2026-03-30
TXN0002104389,APP003,2026-01-26,failed,106912.32,CHF,LATAM,CP0371,OPTION,TDR0018,BOOK_B,2025-02-09
TXN0004586510,APP010,2025-02-12,active,460786.33,USD,APAC,CP0006,FUTURE,TDR0083,BOOK_C,2025-06-25
TXN0000641539,APP015,2025-11-18,failed,256841.97,JPY,EMEA,CP0394,FX,TDR0166,BOOK_A,2025-07-26
TXN0007655514,APP018,2025-08-14,failed,27027.12,JPY,AMER,CP0411,BOND,TDR0101,BOOK_A,2026-01-10
TXN0005836066,APP017,2025-01-04,settled,416873.19,EUR,AMER,CP0112,SWAP,TDR0157,BOOK_D,2026-01-12
TXN0006773092,APP006,2025-09-28,reversed,511379.81,USD,AMER,CP0201,OPTION,TDR0011,BOOK_B,2025-09-22
TXN0003789758,APP007,2026-02-23,failed,669401.76,GBP,APAC,CP0220,BOND,TDR0128,BOOK_C,2025-02-23
TXN0003329884,APP013,2025-07-31,pending,673184.61,AUD,AMER,CP0461,BOND,TDR0138,BOOK_C,2025-05-07
TXN0008648230,APP007,2025-06-29,active,502821.87,USD,LATAM,CP0255,FX,TDR0082,BOOK_D,2025-12-13
TXN0009784839,APP016,2025-08-03,failed,858795.57,GBP,AMER,CP0037,FUTURE,TDR0163,BOOK_C,2025-09-21
TXN0001482318,APP004,2025-02-23,active,838009.63,EUR,LATAM,CP0324,BOND,TDR0187,BOOK_D,2026-01-20
TXN0001267312,APP013,2026-02-02,pending,991516.9,CHF,AMER,CP0126,SWAP,TDR0001,BOOK_B,2025-12-27
TXN0001979717,APP017,2025-06-25,failed,813716.34,GBP,AMER,CP0366,SWAP,TDR0023,BOOK_A,2025-05-22
TXN0004993279,APP019,2025-12-20,reversed,82082.9,EUR,EMEA,CP0063,EQUITY,TDR0017,BOOK_B,2026-03-29
TXN0008073893,APP016,2026-02-02,reversed,471395.34,CHF,AMER,CP0388,OPTION,TDR0114,BOOK_B,2025-08-18
TXN0006367973,APP010,2025-10-17,settled,50414.42,GBP,EMEA,CP0477,FX,TDR0152,BOOK_D,2025-12-22
TXN0009823745,APP015,2025-12-13,active,762802.8,AUD,EMEA,CP0418,EQUITY,TDR0194,BOOK_D,2025-11-03
TXN0006766356,APP015,2025-08-19,settled,663180.96,JPY,EMEA,CP0359,FX,TDR0130,BOOK_D,2025-01-27
TXN0006941796,APP002,2025-10-08,active,318367.15,AUD,AMER,CP0154,SWAP,TDR0199,BOOK_D,2025-10-08
TXN0008086774,APP009,2025-03-14,pending,743841.73,AUD,LATAM,CP0097,FUTURE,TDR0014,BOOK_A,2025-03-15
TXN0009289149,APP007,2025-09-28,failed,286450.22,GBP,AMER,CP0123,EQUITY,TDR0163,BOOK_D,2025-12-05
TXN0004404851,APP010,2025-09-11,reversed,598663.95,USD,AMER,CP0268,EQUITY,TDR0107,BOOK_A,2026-02-20
TXN0006466155,APP018,2025-09-30,reversed,76494.52,JPY,AMER,CP0179,BOND,TDR0066,BOOK_D,2025-02-04
TXN0008113482,APP011,2025-03-30,active,709977.21,CHF,AMER,CP0392,BOND,TDR0144,BOOK_C,2025-06-02
TXN0009543740,APP006,2025-05-07,active,458060.15,USD,APAC,CP0025,SWAP,TDR0160,BOOK_B,2026-04-03
TXN0005331106,APP013,2026-01-15,failed,425585.34,CHF,AMER,CP0304,SWAP,TDR0063,BOOK_C,2026-03-22
TXN0005093992,APP009,2025-04-27,reversed,136074.74,AUD,AMER,CP0127,FX,TDR0057,BOOK_C,2025-09-07
TXN0003551476,APP006,2026-02-25,pending,521475.31,AUD,LATAM,CP0359,SWAP,TDR0134,BOOK_D,2025-10-13
TXN0004214135,APP011,2025-03-21,failed,38326.72,GBP,EMEA,CP0427,EQUITY,TDR0062,BOOK_D,2025-01-07
TXN0006763337,APP004,2025-10-30,settled,471276.76,EUR,LATAM,CP0146,FUTURE,TDR0027,BOOK_D,2025-08-06
TXN0009402959,APP019,2025-09-17,failed,729199.35,EUR,LATAM,CP0119,FUTURE,TDR0148,BOOK_C,2025-12-09
TXN0009970639,APP013,2025-10-05,active,600961.51,GBP,LATAM,CP0473,EQUITY,TDR0060,BOOK_D,2025-10-10
TXN0006222972,APP018,2026-02-17,settled,35316.47,USD,EMEA,CP0464,BOND,TDR0009,BOOK_B,2025-07-19
TXN0005332459,APP017,2025-03-17,pending,912947.34,JPY,APAC,CP0204,SWAP,TDR0156,BOOK_C,2025-12-01
TXN0002323385,APP017,2026-04-03,reversed,368659.89,USD,APAC,CP0057,OPTION,TDR0087,BOOK_C,2025-10-18
TXN0004258728,APP009,2025-10-28,active,356574.66,EUR,APAC,CP0301,EQUITY,TDR0065,BOOK_B,2025-01-01
TXN0004054424,APP002,2025-08-15,pending,993056.64,AUD,LATAM,CP0403,BOND,TDR0168,BOOK_C,2025-02-16
TXN0003494468,APP014,2025-11-24,reversed,19551.98,EUR,LATAM,CP0088,FUTURE,TDR0134,BOOK_C,2025-12-16
TXN0004814039,APP002,2026-04-11,active,68354.51,JPY,APAC,CP0367,EQUITY,TDR0178,BOOK_D,2026-02-14
TXN0002338152,APP004,2025-08-10,settled,656612.32,EUR,EMEA,CP0139,BOND,TDR0139,BOOK_A,2026-03-05
TXN0003002541,APP002,2026-04-01,active,54686.31,EUR,EMEA,CP0310,OPTION,TDR0124,BOOK_D,2025-04-06
TXN0008482445,APP003,2025-02-23,pending,925661.09,JPY,APAC,CP0032,SWAP,TDR0057,BOOK_B,2025-12-07
TXN0003264661,APP012,2025-10-03,settled,895595.16,CHF,LATAM,CP0407,FUTURE,TDR0193,BOOK_D,2025-09-14
TXN0005023451,APP005,2025-01-22,reversed,140278.24,EUR,EMEA,CP0305,EQUITY,TDR0048,BOOK_A,2025-04-09
TXN0002570769,APP018,2025-07-07,settled,743119.54,EUR,AMER,CP0059,OPTION,TDR0040,BOOK_A,2025-02-19
TXN0002608581,APP004,2026-03-27,reversed,744161.91,EUR,APAC,CP0246,BOND,TDR0086,BOOK_B,2025-02-01
TXN0009140115,APP019,2025-08-19,reversed,589780.49,EUR,AMER,CP0411,BOND,TDR0128,BOOK_A,2025-10-18
TXN0000663800,APP010,2025-07-24,reversed,868615.99,USD,APAC,CP0040,FX,TDR0118,BOOK_B,2025-09-04
TXN0005284005,APP009,2025-05-16,pending,659136.09,USD,EMEA,CP0197,BOND,TDR0185,BOOK_A,2026-02-08
TXN0009956575,APP016,2025-11-16,reversed,530400.19,USD,AMER,CP0371,OPTION,TDR0126,BOOK_B,2026-02-19
TXN0003577003,APP017,2025-09-26,reversed,255629.54,CHF,AMER,CP0271,EQUITY,TDR0101,BOOK_D,2025-03-18
TXN0009129884,APP019,2025-04-05,reversed,612458.25,CHF,APAC,CP0365,FUTURE,TDR0085,BOOK_C,2025-06-08
TXN0000144164,APP003,2026-01-01,active,81406.89,AUD,APAC,CP0235,FUTURE,TDR0025,BOOK_A,2025-05-22
TXN0003593531,APP019,2026-03-13,reversed,40941.65,GBP,LATAM,CP0105,EQUITY,TDR0116,BOOK_A,2026-01-06
TXN0009548920,APP018,2025-01-25,reversed,580670.91,GBP,EMEA,CP0408,FX,TDR0063,BOOK_A,2025-10-05
TXN0004359834,APP002,2025-04-21,pending,981467.12,AUD,APAC,CP0263,FX,TDR0013,BOOK_A,2025-03-21
TXN0003359889,APP010,2025-03-20,settled,697976.49,GBP,AMER,CP0001,OPTION,TDR0162,BOOK_B,2025-08-24
TXN0003423566,APP017,2025-08-12,settled,287265.79,GBP,LATAM,CP0500,BOND,TDR0113,BOOK_C,2025-11-06
TXN0001542837,APP017,2025-06-01,settled,711903.35,GBP,APAC,CP0118,OPTION,TDR0141,BOOK_D,2025-12-24
TXN0004374362,APP006,2025-01-16,active,363726.96,GBP,AMER,CP0282,BOND,TDR0034,BOOK_A,2026-03-26
TXN0008329419,APP008,2025-12-28,failed,704463.24,JPY,EMEA,CP0375,SWAP,TDR0064,BOOK_D,2025-11-27
TXN0005676842,APP018,2025-12-03,failed,224719.8,JPY,AMER,CP0116,BOND,TDR0154,BOOK_D,2025-04-10
TXN0009427721,APP019,2025-04-20,pending,689585.45,CHF,APAC,CP0492,FUTURE,TDR0064,BOOK_B,2025-04-15
TXN0006294263,APP002,2025-05-24,active,227121.77,USD,APAC,CP0393,EQUITY,TDR0057,BOOK_A,2025-12-05
TXN0007176935,APP005,2025-05-05,failed,477260.83,AUD,APAC,CP0451,BOND,TDR0151,BOOK_B,2025-09-09
TXN0008960814,APP018,2025-08-23,reversed,47414.76,USD,APAC,CP0191,FX,TDR0122,BOOK_A,2025-12-09
TXN0007520823,APP013,2025-04-04,reversed,920483.97,GBP,EMEA,CP0052,OPTION,TDR0158,BOOK_D,2025-02-16
TXN0008257476,APP001,2025-10-29,reversed,864078.03,JPY,APAC,CP0352,FUTURE,TDR0032,BOOK_C,2025-01-11
TXN0005932330,APP014,2025-03-03,active,790404.58,JPY,EMEA,CP0124,EQUITY,TDR0193,BOOK_D,2025-09-16
TXN0003069233,APP020,2026-02-10,settled,976862.13,EUR,AMER,CP0263,EQUITY,TDR0024,BOOK_C,2025-10-29
TXN0000669422,APP011,2025-02-12,failed,872055.53,USD,EMEA,CP0006,BOND,TDR0050,BOOK_A,2025-07-07
TXN0008800206,APP016,2025-10-22,settled,319394.55,AUD,AMER,CP0280,EQUITY,TDR0056,BOOK_C,2025-05-24
TXN0006303335,APP015,2025-06-30,pending,917190.02,AUD,EMEA,CP0494,SWAP,TDR0171,BOOK_B,2025-12-05
TXN0007612355,APP011,2025-02-11,active,5409.36,EUR,EMEA,CP0130,OPTION,TDR0068,BOOK_C,2025-06-08
TXN0004211801,APP013,2025-11-25,active,860723.33,CHF,APAC,CP0452,BOND,TDR0148,BOOK_C,2025-07-28
TXN0001279440,APP005,2026-01-11,reversed,530173.96,EUR,APAC,CP0388,FUTURE,TDR0150,BOOK_A,2025-02-24
TXN0009148279,APP004,2025-03-28,reversed,95929.73,AUD,LATAM,CP0163,EQUITY,TDR0059,BOOK_B,2025-12-30
TXN0004383996,APP010,2025-02-09,failed,490667.94,JPY,EMEA,CP0155,FX,TDR0043,BOOK_C,2025-01-25
TXN0001031578,APP009,2025-03-31,reversed,125135.96,GBP,APAC,CP0114,OPTION,TDR0096,BOOK_A,2025-03-02
TXN0006559452,APP019,2025-09-18,failed,657279.16,EUR,AMER,CP0175,FUTURE,TDR0111,BOOK_B,2026-02-27
TXN0009933285,APP018,2025-08-16,failed,205905.7,EUR,APAC,CP0480,FUTURE,TDR0023,BOOK_C,2025-06-17
TXN0005952570,APP005,2025-01-19,pending,43760.08,CHF,APAC,CP0407,FX,TDR0086,BOOK_D,2026-01-18
TXN0008132694,APP014,2025-09-27,reversed,89551.91,GBP,EMEA,CP0431,OPTION,TDR0106,BOOK_A,2025-02-01
TXN0007142962,APP001,2025-02-23,failed,951140.54,GBP,AMER,CP0055,EQUITY,TDR0018,BOOK_C,2025-12-28
TXN0005056336,APP013,2026-04-13,pending,897091.06,AUD,APAC,CP0307,FUTURE,TDR0047,BOOK_A,2025-09-19
TXN0008334573,APP015,2026-01-12,active,856933.97,EUR,LATAM,CP0310,FUTURE,TDR0071,BOOK_B,2026-01-20
TXN0007064641,APP001,2025-02-26,active,50128.09,CHF,APAC,CP0049,BOND,TDR0026,BOOK_B,2025-05-16
TXN0004348596,APP018,2025-10-11,reversed,784297.6,JPY,APAC,CP0200,EQUITY,TDR0133,BOOK_D,2025-05-21
TXN0000914036,APP002,2025-01-17,reversed,77359.75,AUD,APAC,CP0393,FX,TDR0152,BOOK_C,2025-03-03
TXN0008858823,APP018,2025-12-25,active,100004.21,CHF,AMER,CP0421,BOND,TDR0010,BOOK_A,2025-01-03
TXN0005578441,APP009,2025-07-12,failed,727096.23,EUR,APAC,CP0256,FUTURE,TDR0080,BOOK_B,2025-07-04
TXN0008492058,APP010,2025-08-04,active,371125.82,USD,APAC,CP0479,FUTURE,TDR0101,BOOK_A,2025-09-13
TXN0003483109,APP017,2025-01-02,failed,785305.21,EUR,APAC,CP0120,FX,TDR0038,BOOK_C,2025-09-17
TXN0004837304,APP001,2025-11-05,settled,454478.28,USD,APAC,CP0337,BOND,TDR0129,BOOK_A,2025-11-18
TXN0003723960,APP002,2025-01-25,pending,290580.06,AUD,AMER,CP0311,OPTION,TDR0057,BOOK_D,2025-09-08
TXN0004199623,APP017,2025-06-24,active,943323.53,CHF,AMER,CP0129,FUTURE,TDR0019,BOOK_A,2025-02-21
TXN0003404658,APP005,2025-05-17,active,247053.9,AUD,APAC,CP0414,FX,TDR0107,BOOK_A,2025-09-21
TXN0005629948,APP012,2026-01-23,settled,613316.27,USD,EMEA,CP0080,FX,TDR0063,BOOK_B,2025-01-07
TXN0004208360,APP009,2025-11-17,active,690925.27,EUR,EMEA,CP0207,OPTION,TDR0098,BOOK_B,2025-05-12
TXN0008412226,APP008,2025-06-02,failed,598073.52,CHF,EMEA,CP0329,FX,TDR0041,BOOK_C,2025-03-24
TXN0006718368,APP003,2025-07-27,reversed,535128.86,AUD,APAC,CP0352,BOND,TDR0167,BOOK_A,2025-02-15
TXN0007223438,APP005,2025-12-11,settled,53839.05,USD,APAC,CP0491,BOND,TDR0032,BOOK_B,2025-10-15
TXN0007922441,APP019,2025-11-10,reversed,260944.18,USD,AMER,CP0164,FUTURE,TDR0092,BOOK_D,2025-03-01
TXN0008154320,APP004,2025-06-28,pending,404498.94,JPY,EMEA,CP0394,EQUITY,TDR0179,BOOK_C,2025-07-17
TXN0008489302,APP011,2025-11-19,pending,823185.94,USD,LATAM,CP0325,SWAP,TDR0086,BOOK_D,2025-09-25
TXN0001194989,APP011,2025-07-22,pending,901656.11,JPY,APAC,CP0117,FUTURE,TDR0183,BOOK_B,2025-08-15
TXN0001194747,APP015,2025-01-15,reversed,788863.95,USD,AMER,CP0466,FUTURE,TDR0062,BOOK_C,2026-03-26
TXN0002269550,APP017,2025-09-18,active,282875.6,AUD,AMER,CP0482,BOND,TDR0160,BOOK_B,2025-07-20
TXN0001177399,APP011,2025-05-10,settled,417280.81,AUD,APAC,CP0308,FUTURE,TDR0133,BOOK_B,2025-01-03
TXN0008024238,APP005,2026-01-15,active,45692.31,USD,AMER,CP0444,SWAP,TDR0161,BOOK_B,2025-09-10
TXN0004111040,APP008,2025-01-17,settled,948079.98,EUR,EMEA,CP0098,EQUITY,TDR0156,BOOK_A,2025-07-09
TXN0008929873,APP009,2025-10-25,settled,997646.62,JPY,AMER,CP0038,FX,TDR0023,BOOK_B,2025-05-24
TXN0001864872,APP001,2025-12-19,pending,176895.03,JPY,AMER,CP0211,SWAP,TDR0137,BOOK_C,2026-02-24
TXN0003958392,APP010,2026-01-09,reversed,712163.5,JPY,APAC,CP0241,EQUITY,TDR0077,BOOK_D,2025-03-11
TXN0002825052,APP012,2025-03-06,active,875598.42,USD,AMER,CP0395,BOND,TDR0072,BOOK_D,2025-06-03
TXN0002536918,APP003,2026-02-26,failed,521185.16,USD,APAC,CP0166,SWAP,TDR0064,BOOK_A,2026-04-12
TXN0001983858,APP005,2025-09-25,reversed,648906.3,GBP,EMEA,CP0333,EQUITY,TDR0192,BOOK_D,2025-01-19
TXN0004099606,APP015,2025-06-29,active,878465.36,USD,LATAM,CP0190,FUTURE,TDR0003,BOOK_A,2026-03-25
TXN0000550185,APP003,2026-02-01,failed,666567.87,GBP,LATAM,CP0358,EQUITY,TDR0137,BOOK_A,2025-03-21
TXN0005238784,APP009,2026-03-27,pending,934407.89,GBP,APAC,CP0365,SWAP,TDR0008,BOOK_A,2026-03-11
TXN0007919862,APP010,2026-04-14,settled,907731.18,AUD,AMER,CP0252,EQUITY,TDR0123,BOOK_D,2026-02-07
TXN0002833658,APP007,2025-06-28,settled,262890.64,GBP,LATAM,CP0243,SWAP,TDR0108,BOOK_C,2025-10-04
TXN0002750032,APP008,2025-04-13,failed,764872.11,GBP,AMER,CP0326,SWAP,TDR0027,BOOK_D,2025-02-04
TXN0005286101,APP013,2025-03-01,reversed,504922.47,GBP,EMEA,CP0022,FX,TDR0040,BOOK_C,2025-06-16
TXN0000825164,APP010,2025-11-26,reversed,833213.54,JPY,AMER,CP0092,BOND,TDR0101,BOOK_D,2026-02-28
TXN0006280838,APP006,2025-12-04,settled,926382.24,AUD,AMER,CP0191,BOND,TDR0033,BOOK_B,2026-03-13
TXN0008929269,APP006,2026-04-05,settled,746232.59,USD,APAC,CP0219,BOND,TDR0154,BOOK_D,2025-10-31
TXN0004507263,APP016,2026-03-13,pending,135751.3,EUR,LATAM,CP0393,SWAP,TDR0087,BOOK_D,2025-02-11
TXN0004419925,APP007,2025-10-17,settled,261972.54,USD,LATAM,CP0409,SWAP,TDR0183,BOOK_B,2025-06-04
TXN0007008026,APP010,2025-03-16,settled,667686.94,AUD,EMEA,CP0179,FX,TDR0091,BOOK_A,2025-05-08
TXN0008772004,APP017,2025-02-13,reversed,227173.79,JPY,AMER,CP0179,BOND,TDR0182,BOOK_A,2025-10-26
TXN0001255630,APP020,2025-06-17,pending,666567.92,GBP,EMEA,CP0249,SWAP,TDR0083,BOOK_D,2025-11-21
TXN0001322325,APP008,2026-03-10,reversed,974571.91,GBP,EMEA,CP0237,SWAP,TDR0010,BOOK_B,2025-07-23
TXN0007335521,APP011,2026-03-17,failed,505380.44,GBP,LATAM,CP0325,BOND,TDR0095,BOOK_B,2026-03-11
TXN0007626623,APP019,2025-05-30,reversed,378221.46,JPY,LATAM,CP0259,FX,TDR0048,BOOK_B,2025-10-25
TXN0005511327,APP015,2025-09-06,active,236821.66,JPY,LATAM,CP0290,FUTURE,TDR0071,BOOK_A,2026-01-04
TXN0001081404,APP006,2025-10-13,settled,724858.67,CHF,LATAM,CP0044,EQUITY,TDR0010,BOOK_B,2025-01-15
TXN0005368899,APP014,2026-01-20,pending,512028.65,USD,AMER,CP0436,EQUITY,TDR0013,BOOK_B,2025-10-01
TXN0002958031,APP011,2025-12-05,settled,462364.82,JPY,EMEA,CP0153,FX,TDR0036,BOOK_B,2025-05-11
TXN0009417949,APP014,2025-12-18,active,918147.38,GBP,LATAM,CP0257,FX,TDR0035,BOOK_D,2025-01-18
TXN0003756725,APP013,2025-04-27,reversed,391775.67,AUD,APAC,CP0119,BOND,TDR0198,BOOK_A,2025-02-26
TXN0006073168,APP001,2025-06-17,failed,967561.95,GBP,APAC,CP0013,FX,TDR0060,BOOK_A,2025-04-11
TXN0004514107,APP017,2025-10-17,pending,403730.5,CHF,AMER,CP0321,FX,TDR0104,BOOK_D,2025-10-30
TXN0005703852,APP001,2025-09-08,pending,855889.37,USD,EMEA,CP0168,FX,TDR0162,BOOK_D,2025-01-15
TXN0009682507,APP010,2025-06-14,pending,13628.16,AUD,AMER,CP0165,FX,TDR0092,BOOK_D,2026-03-25
TXN0009035261,APP011,2025-12-19,settled,474987.05,EUR,LATAM,CP0030,SWAP,TDR0051,BOOK_C,2025-05-03
TXN0005352206,APP014,2025-01-30,pending,364781.3,CHF,APAC,CP0213,FX,TDR0186,BOOK_D,2025-10-03
TXN0009334697,APP009,2026-03-09,pending,922672.97,AUD,EMEA,CP0435,FUTURE,TDR0175,BOOK_C,2025-12-21
TXN0005935899,APP012,2025-09-11,reversed,990800.15,CHF,APAC,CP0398,SWAP,TDR0156,BOOK_D,2025-08-17
TXN0004974068,APP011,2025-12-08,pending,571464.83,EUR,EMEA,CP0261,SWAP,TDR0172,BOOK_B,2025-11-29
TXN0000322350,APP013,2025-02-15,reversed,409080.25,JPY,AMER,CP0125,SWAP,TDR0198,BOOK_A,2025-12-28
TXN0001344607,APP016,2026-02-03,failed,26444.29,GBP,EMEA,CP0068,OPTION,TDR0044,BOOK_B,2025-01-23
TXN0003180219,APP018,2025-08-28,pending,577942.76,GBP,APAC,CP0359,FX,TDR0141,BOOK_C,2025-11-01
TXN0007951714,APP003,2025-02-11,active,676378.11,JPY,LATAM,CP0089,OPTION,TDR0046,BOOK_D,2026-03-09
TXN0002587838,APP006,2025-10-13,pending,415956.1,USD,EMEA,CP0322,FX,TDR0007,BOOK_B,2025-04-24
TXN0006878408,APP002,2025-03-15,active,101604.18,JPY,AMER,CP0231,FX,TDR0147,BOOK_B,2025-01-19
TXN0006062821,APP018,2025-07-18,settled,655590.49,JPY,LATAM,CP0460,SWAP,TDR0115,BOOK_B,2025-08-28
TXN0000757721,APP010,2025-04-23,failed,49872.76,AUD,EMEA,CP0445,FX,TDR0143,BOOK_C,2025-07-03
TXN0007572222,APP015,2025-11-09,pending,488689.06,EUR,AMER,CP0003,SWAP,TDR0044,BOOK_B,2025-01-25
TXN0007002471,APP010,2025-12-31,reversed,206811.09,GBP,APAC,CP0366,SWAP,TDR0003,BOOK_A,2025-02-10
TXN0001567149,APP020,2025-04-17,failed,30526.06,GBP,AMER,CP0454,OPTION,TDR0187,BOOK_A,2025-06-09
TXN0005846357,APP004,2026-01-01,active,529961.9,USD,EMEA,CP0112,FUTURE,TDR0031,BOOK_C,2025-11-20
TXN0004747748,APP008,2025-11-07,settled,768204.63,EUR,APAC,CP0273,FX,TDR0198,BOOK_C,2025-06-15
TXN0007548994,APP011,2026-04-10,failed,355563.96,USD,APAC,CP0181,FUTURE,TDR0022,BOOK_D,2026-03-12
TXN0000970596,APP008,2025-09-28,failed,821001.14,CHF,APAC,CP0382,FX,TDR0158,BOOK_D,2025-05-13
TXN0009927471,APP016,2025-07-19,failed,270400.15,EUR,LATAM,CP0312,FUTURE,TDR0089,BOOK_A,2026-01-13
TXN0003562597,APP005,2026-02-25,settled,131825.16,GBP,EMEA,CP0137,BOND,TDR0010,BOOK_B,2025-02-17
TXN0001681477,APP004,2025-09-07,reversed,572865.73,AUD,LATAM,CP0459,OPTION,TDR0097,BOOK_D,2025-03-05
TXN0003529132,APP010,2025-08-23,reversed,155659.63,EUR,AMER,CP0039,SWAP,TDR0085,BOOK_D,2026-01-31
TXN0008526567,APP009,2025-10-04,failed,33699.38,JPY,APAC,CP0208,EQUITY,TDR0093,BOOK_D,2026-01-27
TXN0002529951,APP010,2026-03-09,settled,844389.48,GBP,LATAM,CP0357,OPTION,TDR0037,BOOK_A,2025-07-07
TXN0004901636,APP011,2025-07-31,pending,895941.34,AUD,AMER,CP0016,SWAP,TDR0046,BOOK_D,2025-04-14
TXN0000986749,APP008,2025-09-26,reversed,41460.23,CHF,AMER,CP0088,FX,TDR0058,BOOK_B,2025-11-18
TXN0000502055,APP016,2026-03-05,settled,745552.34,USD,LATAM,CP0418,FUTURE,TDR0199,BOOK_B,2025-12-21
TXN0003683683,APP013,2025-01-28,reversed,340389.67,USD,APAC,CP0328,SWAP,TDR0146,BOOK_B,2025-07-23
TXN0000937450,APP016,2025-02-15,reversed,670120.75,JPY,EMEA,CP0423,FUTURE,TDR0197,BOOK_D,2026-03-21
TXN0006680279,APP015,2026-02-22,reversed,266660.88,EUR,AMER,CP0227,OPTION,TDR0132,BOOK_A,2025-06-02
TXN0008672897,APP005,2025-11-18,settled,397648.51,EUR,LATAM,CP0070,OPTION,TDR0105,BOOK_B,2025-03-19
TXN0005717226,APP001,2025-12-15,settled,177956.43,CHF,APAC,CP0274,FX,TDR0071,BOOK_B,2026-01-21
TXN0002025579,APP008,2025-04-19,failed,619519.65,JPY,AMER,CP0046,EQUITY,TDR0171,BOOK_A,2025-05-27
TXN0007280839,APP014,2025-11-14,failed,935398.82,AUD,APAC,CP0235,FX,TDR0119,BOOK_A,2025-08-14
TXN0001468705,APP013,2025-08-20,pending,127533.38,EUR,AMER,CP0496,FUTURE,TDR0005,BOOK_C,2025-07-03
TXN0008652737,APP014,2026-01-04,failed,146038.43,CHF,APAC,CP0008,BOND,TDR0087,BOOK_B,2025-02-16
TXN0007186914,APP017,2025-10-16,reversed,924087.1,USD,APAC,CP0377,SWAP,TDR0104,BOOK_C,2025-06-11
TXN0007347534,APP009,2025-06-15,reversed,732363.57,JPY,LATAM,CP0494,OPTION,TDR0140,BOOK_C,2025-12-24
TXN0003692234,APP011,2025-01-10,active,415969.85,AUD,AMER,CP0164,FX,TDR0082,BOOK_C,2025-06-17
TXN0003090597,APP011,2025-12-21,settled,720836.49,AUD,LATAM,CP0019,SWAP,TDR0020,BOOK_B,2026-04-11
TXN0004768012,APP012,2025-10-14,pending,183441.61,GBP,APAC,CP0075,FUTURE,TDR0165,BOOK_C,2025-10-24
TXN0008160920,APP019,2025-04-04,pending,589252.45,USD,APAC,CP0122,FX,TDR0032,BOOK_A,2025-08-31
TXN0006571189,APP018,2025-01-20,failed,565246.11,AUD,LATAM,CP0027,SWAP,TDR0165,BOOK_C,2025-05-06
TXN0009195473,APP020,2025-12-09,active,463359.18,GBP,AMER,CP0410,EQUITY,TDR0124,BOOK_B,2025-10-09
TXN0002526650,APP007,2025-11-11,reversed,182690.72,AUD,LATAM,CP0111,FX,TDR0093,BOOK_B,2026-02-27
TXN0008899365,APP011,2026-02-24,settled,648816.32,EUR,APAC,CP0072,EQUITY,TDR0150,BOOK_A,2026-02-04
TXN0005633210,APP006,2025-12-31,pending,623338.32,CHF,APAC,CP0354,FUTURE,TDR0107,BOOK_A,2025-03-22
TXN0001009820,APP020,2025-02-18,reversed,473659.68,AUD,AMER,CP0195,FUTURE,TDR0150,BOOK_B,2025-04-25
TXN0005611854,APP005,2025-03-09,reversed,468574.36,GBP,LATAM,CP0304,SWAP,TDR0003,BOOK_D,2025-11-01
TXN0000685860,APP006,2026-02-20,pending,173874.26,EUR,AMER,CP0129,SWAP,TDR0049,BOOK_B,2025-07-06
TXN0007693630,APP005,2025-10-20,reversed,906227.77,AUD,AMER,CP0132,SWAP,TDR0176,BOOK_B,2025-06-22
TXN0001554781,APP008,2025-10-22,pending,156887.5,GBP,AMER,CP0160,SWAP,TDR0199,BOOK_A,2025-07-15
TXN0009903634,APP017,2025-07-06,reversed,287768.37,USD,LATAM,CP0340,SWAP,TDR0159,BOOK_B,2026-04-11
TXN0006432161,APP007,2026-03-20,active,613107.95,CHF,LATAM,CP0415,SWAP,TDR0103,BOOK_A,2025-09-10
TXN0009406684,APP006,2025-04-23,failed,920523.0,CHF,LATAM,CP0337,BOND,TDR0182,BOOK_D,2025-08-04
TXN0002102167,APP011,2025-09-04,pending,289269.24,EUR,LATAM,CP0180,FX,TDR0121,BOOK_D,2025-07-04
TXN0009240425,APP012,2025-08-05,reversed,683408.41,CHF,AMER,CP0301,BOND,TDR0055,BOOK_C,2025-12-27
TXN0007232854,APP011,2025-11-19,reversed,703030.02,AUD,AMER,CP0162,SWAP,TDR0196,BOOK_D,2025-03-24
TXN0006026579,APP006,2025-12-04,reversed,943194.21,JPY,LATAM,CP0206,BOND,TDR0088,BOOK_C,2025-04-15
TXN0002608272,APP010,2025-11-07,failed,776634.65,CHF,EMEA,CP0246,FX,TDR0076,BOOK_A,2025-05-02
TXN0005199621,APP019,2025-05-06,settled,441324.5,CHF,APAC,CP0026,FUTURE,TDR0114,BOOK_B,2026-03-19
TXN0000731997,APP020,2025-03-14,settled,897856.33,AUD,LATAM,CP0288,BOND,TDR0158,BOOK_C,2025-01-16
TXN0008146290,APP017,2025-07-14,pending,296311.28,CHF,AMER,CP0416,FUTURE,TDR0161,BOOK_C,2025-11-24
TXN0002327454,APP010,2025-04-04,pending,97018.19,EUR,LATAM,CP0244,FUTURE,TDR0015,BOOK_B,2025-04-18
TXN0007582233,APP007,2025-09-19,active,275323.9,USD,EMEA,CP0033,SWAP,TDR0082,BOOK_C,2026-03-15
TXN0000828912,APP018,2025-06-29,active,509397.11,GBP,EMEA,CP0452,SWAP,TDR0017,BOOK_A,2025-01-18
TXN0008784246,APP015,2026-01-12,settled,421772.95,EUR,AMER,CP0121,SWAP,TDR0187,BOOK_C,2025-10-26
TXN0000564830,APP006,2025-05-22,active,556738.96,EUR,AMER,CP0193,OPTION,TDR0193,BOOK_C,2025-01-28
TXN0002884720,APP014,2025-12-09,reversed,361441.12,EUR,APAC,CP0401,EQUITY,TDR0119,BOOK_A,2026-02-11
TXN0009977872,APP004,2025-01-06,pending,89585.91,CHF,APAC,CP0164,EQUITY,TDR0103,BOOK_C,2025-08-18
TXN0009761098,APP004,2025-01-04,failed,498454.78,GBP,AMER,CP0043,FUTURE,TDR0165,BOOK_C,2025-12-04
TXN0002512631,APP015,2025-07-26,active,147874.94,GBP,AMER,CP0220,SWAP,TDR0191,BOOK_A,2025-08-20
TXN0001861745,APP015,2025-02-10,pending,805225.76,EUR,LATAM,CP0491,EQUITY,TDR0111,BOOK_D,2025-03-05
TXN0002116416,APP018,2026-01-13,failed,279659.81,AUD,EMEA,CP0107,FUTURE,TDR0140,BOOK_A,2025-05-23
TXN0004109085,APP020,2025-05-08,reversed,952672.84,EUR,APAC,CP0439,FX,TDR0011,BOOK_A,2025-01-15
TXN0005922261,APP019,2025-08-29,pending,837796.51,JPY,APAC,CP0152,SWAP,TDR0005,BOOK_B,2025-04-08
TXN0004157046,APP008,2026-01-25,pending,555520.54,EUR,APAC,CP0195,SWAP,TDR0070,BOOK_C,2025-07-20
TXN0000962808,APP019,2025-10-21,settled,63535.52,CHF,APAC,CP0158,FX,TDR0132,BOOK_B,2026-02-26
TXN0006473870,APP010,2025-10-04,reversed,386988.57,JPY,EMEA,CP0477,SWAP,TDR0142,BOOK_B,2025-03-22
TXN0008474974,APP019,2026-03-26,reversed,235976.59,JPY,LATAM,CP0126,BOND,TDR0004,BOOK_A,2025-12-12
TXN0004531886,APP015,2025-10-02,pending,666823.56,GBP,APAC,CP0386,OPTION,TDR0112,BOOK_D,2025-04-25
TXN0003869555,APP003,2025-05-09,reversed,360047.59,CHF,APAC,CP0354,BOND,TDR0015,BOOK_A,2025-01-05
TXN0004243865,APP001,2026-01-25,reversed,41942.58,JPY,EMEA,CP0014,BOND,TDR0190,BOOK_A,2025-02-12
TXN0009049138,APP018,2026-01-08,settled,651802.94,USD,EMEA,CP0113,OPTION,TDR0065,BOOK_D,2025-06-07
TXN0000771576,APP018,2025-02-19,pending,460728.4,EUR,APAC,CP0359,BOND,TDR0136,BOOK_B,2025-03-10
TXN0009946113,APP012,2025-06-18,active,910817.5,EUR,LATAM,CP0265,EQUITY,TDR0164,BOOK_D,2025-05-10
TXN0003811571,APP005,2025-12-26,reversed,891879.05,JPY,EMEA,CP0082,FX,TDR0130,BOOK_A,2025-12-22
TXN0009637561,APP016,2025-08-19,settled,961679.92,CHF,APAC,CP0098,FX,TDR0002,BOOK_A,2025-10-05
TXN0001690033,APP017,2025-02-14,pending,147693.97,JPY,AMER,CP0034,OPTION,TDR0167,BOOK_B,2025-09-01
TXN0001286325,APP007,2026-03-03,pending,805616.56,GBP,LATAM,CP0245,FX,TDR0019,BOOK_A,2025-08-25
TXN0009997741,APP008,2025-11-30,failed,623200.71,EUR,LATAM,CP0004,EQUITY,TDR0183,BOOK_B,2025-11-24
TXN0002925563,APP004,2025-05-29,reversed,422138.81,GBP,APAC,CP0010,FUTURE,TDR0063,BOOK_A,2026-03-29
TXN0009344238,APP010,2025-12-23,active,291836.49,USD,EMEA,CP0428,FUTURE,TDR0019,BOOK_C,2025-04-05
TXN0008671796,APP004,2025-05-25,failed,737448.45,AUD,APAC,CP0345,BOND,TDR0002,BOOK_A,2025-10-16
TXN0000521234,APP001,2026-01-29,reversed,612151.9,CHF,AMER,CP0301,FUTURE,TDR0122,BOOK_A,2025-10-25
TXN0007058642,APP001,2025-07-25,settled,221281.57,CHF,APAC,CP0033,SWAP,TDR0194,BOOK_D,2025-07-19
TXN0007276705,APP015,2026-04-13,settled,658748.46,CHF,EMEA,CP0057,BOND,TDR0200,BOOK_C,2025-02-24
TXN0001001967,APP013,2025-06-21,settled,73467.71,AUD,LATAM,CP0175,FX,TDR0054,BOOK_A,2025-01-08
TXN0000132402,APP012,2026-01-13,failed,29343.67,USD,LATAM,CP0473,SWAP,TDR0043,BOOK_A,2025-10-08
TXN0005574577,APP011,2025-11-28,failed,986192.1,JPY,AMER,CP0294,FX,TDR0176,BOOK_B,2025-11-05
TXN0003961401,APP012,2026-02-10,reversed,82663.77,USD,AMER,CP0408,OPTION,TDR0064,BOOK_C,2025-05-21
TXN0007622832,APP020,2025-03-11,failed,598214.28,JPY,AMER,CP0130,FX,TDR0076,BOOK_A,2025-03-19
TXN0009356824,APP017,2025-10-14,pending,647785.76,JPY,EMEA,CP0261,OPTION,TDR0199,BOOK_A,2025-04-08
TXN0009020900,APP016,2026-03-11,pending,799257.32,USD,AMER,CP0129,FUTURE,TDR0011,BOOK_D,2025-09-05
TXN0006389858,APP009,2025-02-24,settled,609229.16,GBP,APAC,CP0477,FUTURE,TDR0019,BOOK_A,2025-01-04
TXN0001000514,APP013,2026-01-22,pending,218565.27,JPY,EMEA,CP0387,SWAP,TDR0037,BOOK_C,2025-10-23
TXN0002442198,APP011,2025-02-28,failed,386249.56,JPY,LATAM,CP0126,EQUITY,TDR0174,BOOK_B,2025-08-10
TXN0002608106,APP015,2025-01-06,failed,342130.38,JPY,APAC,CP0421,EQUITY,TDR0082,BOOK_B,2025-03-25
TXN0008275693,APP002,2025-03-14,failed,779770.39,EUR,EMEA,CP0196,FX,TDR0173,BOOK_B,2025-07-10
TXN0000429177,APP013,2025-07-27,active,915320.4,JPY,LATAM,CP0008,OPTION,TDR0154,BOOK_D,2026-04-05
TXN0006120268,APP005,2025-01-10,settled,276788.74,EUR,AMER,CP0371,FX,TDR0184,BOOK_D,2025-11-14
TXN0004324366,APP008,2025-08-14,reversed,537837.04,AUD,AMER,CP0008,BOND,TDR0060,BOOK_D,2025-12-17
TXN0002302544,APP007,2026-03-03,settled,647180.66,EUR,AMER,CP0177,EQUITY,TDR0199,BOOK_A,2025-05-16
TXN0006733584,APP010,2025-12-06,settled,792115.06,USD,AMER,CP0257,EQUITY,TDR0008,BOOK_B,2025-03-13
TXN0009493622,APP015,2025-09-04,settled,598760.54,AUD,LATAM,CP0306,BOND,TDR0136,BOOK_C,2025-02-26
TXN0009908144,APP017,2025-11-16,reversed,96184.45,GBP,APAC,CP0403,SWAP,TDR0195,BOOK_A,2025-07-16
TXN0009507012,APP009,2025-04-17,active,19698.02,JPY,AMER,CP0227,OPTION,TDR0180,BOOK_B,2025-10-18
TXN0009081911,APP019,2025-09-16,active,662224.03,AUD,APAC,CP0369,OPTION,TDR0061,BOOK_A,2025-05-01
TXN0002442685,APP006,2025-10-17,failed,169739.28,GBP,AMER,CP0251,FX,TDR0136,BOOK_D,2025-12-19
TXN0000564168,APP012,2026-02-03,reversed,378018.44,CHF,EMEA,CP0012,EQUITY,TDR0078,BOOK_D,2026-02-12
TXN0006320439,APP008,2025-01-12,active,381982.56,EUR,EMEA,CP0137,EQUITY,TDR0128,BOOK_A,2025-09-05
TXN0004506506,APP005,2025-08-07,active,353764.85,USD,LATAM,CP0262,FX,TDR0136,BOOK_C,2025-11-02
TXN0005202370,APP014,2025-01-12,failed,947466.75,AUD,APAC,CP0444,OPTION,TDR0182,BOOK_A,2025-05-14
TXN0007705445,APP017,2025-04-04,failed,275964.62,JPY,EMEA,CP0400,EQUITY,TDR0079,BOOK_D,2026-01-08
TXN0008393104,APP003,2026-02-23,pending,795760.17,GBP,AMER,CP0450,FX,TDR0166,BOOK_D,2025-03-02
TXN0002511544,APP004,2026-04-09,reversed,763346.66,EUR,AMER,CP0220,OPTION,TDR0098,BOOK_B,2025-07-23
TXN0004492052,APP006,2026-03-24,failed,706006.49,USD,APAC,CP0073,OPTION,TDR0021,BOOK_A,2026-01-11
TXN0002684575,APP012,2025-06-04,failed,30522.73,USD,APAC,CP0011,OPTION,TDR0069,BOOK_A,2025-11-19
TXN0002257248,APP001,2025-05-18,failed,313576.19,JPY,AMER,CP0246,BOND,TDR0162,BOOK_A,2025-02-22
TXN0003449838,APP009,2025-12-19,failed,367789.57,EUR,EMEA,CP0174,BOND,TDR0145,BOOK_B,2026-03-10
TXN0006351119,APP018,2025-01-22,failed,580215.45,GBP,EMEA,CP0414,FX,TDR0159,BOOK_C,2026-02-05
TXN0003945236,APP007,2026-01-25,reversed,735872.96,JPY,LATAM,CP0070,FUTURE,TDR0094,BOOK_A,2025-02-23
TXN0004809464,APP007,2025-06-14,reversed,690133.82,CHF,LATAM,CP0167,SWAP,TDR0155,BOOK_D,2025-12-27
TXN0007046596,APP020,2025-08-07,pending,810680.75,CHF,AMER,CP0175,OPTION,TDR0116,BOOK_B,2025-10-28
TXN0001203159,APP018,2026-01-30,failed,650622.14,CHF,EMEA,CP0050,EQUITY,TDR0046,BOOK_D,2025-12-16
TXN0003941606,APP009,2025-09-04,active,148958.91,EUR,LATAM,CP0485,FUTURE,TDR0016,BOOK_D,2026-01-14
TXN0001354369,APP008,2025-04-14,failed,719647.15,GBP,APAC,CP0082,EQUITY,TDR0143,BOOK_B,2025-05-05
TXN0000788459,APP019,2025-03-10,failed,259839.2,AUD,LATAM,CP0006,FUTURE,TDR0146,BOOK_B,2026-03-09
TXN0008602069,APP018,2025-01-07,active,925912.53,USD,AMER,CP0311,EQUITY,TDR0163,BOOK_C,2025-10-25
TXN0002990272,APP006,2025-01-09,failed,939884.65,GBP,APAC,CP0335,OPTION,TDR0083,BOOK_C,2025-07-02
TXN0005822296,APP006,2025-09-13,settled,932565.28,AUD,AMER,CP0323,SWAP,TDR0061,BOOK_C,2026-04-03
TXN0000848708,APP020,2026-01-07,settled,743347.67,GBP,APAC,CP0442,FUTURE,TDR0115,BOOK_A,2025-12-30
TXN0009931942,APP013,2025-10-08,active,557975.48,AUD,EMEA,CP0076,OPTION,TDR0098,BOOK_D,2025-05-10
TXN0006250954,APP002,2025-12-29,active,189220.06,USD,APAC,CP0461,OPTION,TDR0041,BOOK_B,2025-05-17
TXN0000868508,APP004,2025-10-20,active,848100.0,USD,EMEA,CP0353,EQUITY,TDR0034,BOOK_B,2025-06-08
TXN0009936113,APP010,2026-01-10,pending,35128.67,CHF,AMER,CP0294,SWAP,TDR0125,BOOK_D,2026-04-08
TXN0000657142,APP007,2025-05-29,active,725282.34,EUR,LATAM,CP0311,OPTION,TDR0106,BOOK_B,2025-12-12
TXN0004380824,APP012,2026-01-31,pending,286947.04,JPY,EMEA,CP0386,BOND,TDR0189,BOOK_D,2026-03-15
TXN0002417428,APP017,2025-11-02,settled,694701.5,CHF,AMER,CP0454,FX,TDR0063,BOOK_A,2025-06-19
TXN0009116738,APP013,2025-10-04,settled,628081.89,JPY,APAC,CP0180,SWAP,TDR0077,BOOK_A,2025-12-18
TXN0000114182,APP002,2025-11-24,settled,402984.12,JPY,LATAM,CP0382,EQUITY,TDR0150,BOOK_A,2025-07-24
TXN0005699202,APP018,2025-08-10,settled,732037.26,AUD,EMEA,CP0355,BOND,TDR0062,BOOK_A,2025-04-20
TXN0009212013,APP011,2025-12-08,pending,999457.15,CHF,LATAM,CP0337,OPTION,TDR0114,BOOK_A,2025-08-03
TXN0001383485,APP011,2025-11-02,settled,15756.62,EUR,AMER,CP0095,EQUITY,TDR0080,BOOK_B,2025-05-01
TXN0004682882,APP019,2025-08-10,reversed,722981.97,EUR,LATAM,CP0050,BOND,TDR0192,BOOK_D,2025-05-09
TXN0000012237,APP014,2025-01-22,settled,126533.52,CHF,AMER,CP0125,SWAP,TDR0095,BOOK_D,2025-03-10
TXN0001068679,APP008,2025-10-03,reversed,570507.71,USD,LATAM,CP0125,EQUITY,TDR0130,BOOK_A,2025-08-20
TXN0003987043,APP019,2025-02-17,active,519881.68,AUD,LATAM,CP0128,FUTURE,TDR0185,BOOK_C,2025-07-13
TXN0000967318,APP013,2025-10-06,pending,785609.55,USD,EMEA,CP0108,FX,TDR0004,BOOK_C,2025-12-06
TXN0001871684,APP003,2025-10-10,active,832045.42,GBP,AMER,CP0258,BOND,TDR0023,BOOK_A,2025-09-20
TXN0003965626,APP008,2025-03-23,settled,754510.39,JPY,EMEA,CP0487,SWAP,TDR0050,BOOK_A,2025-05-20
TXN0001017802,APP001,2025-06-06,pending,23237.74,USD,EMEA,CP0437,OPTION,TDR0150,BOOK_A,2025-03-02
TXN0006583314,APP004,2025-11-05,pending,981665.19,USD,APAC,CP0099,BOND,TDR0163,BOOK_C,2026-04-10
TXN0006648238,APP013,2025-07-26,reversed,151401.84,USD,LATAM,CP0463,OPTION,TDR0016,BOOK_D,2025-02-11
TXN0005695761,APP005,2025-06-01,reversed,361977.52,JPY,EMEA,CP0094,BOND,TDR0009,BOOK_C,2025-07-07
TXN0005715162,APP003,2025-10-06,settled,88714.93,EUR,AMER,CP0365,FUTURE,TDR0113,BOOK_C,2025-03-17
TXN0007126833,APP011,2025-11-15,pending,750968.14,USD,APAC,CP0473,BOND,TDR0113,BOOK_C,2025-12-13
TXN0008269800,APP014,2025-02-11,active,833273.29,EUR,APAC,CP0343,EQUITY,TDR0038,BOOK_A,2025-03-03
TXN0009892197,APP002,2025-05-09,active,909841.98,AUD,EMEA,CP0208,FUTURE,TDR0137,BOOK_C,2025-03-27
TXN0006544074,APP005,2025-10-14,settled,376401.02,JPY,LATAM,CP0294,FUTURE,TDR0190,BOOK_A,2025-10-02
TXN0009312814,APP003,2025-06-09,pending,284310.41,AUD,EMEA,CP0463,BOND,TDR0138,BOOK_A,2025-06-19
TXN0006173083,APP017,2025-07-06,active,195004.79,AUD,EMEA,CP0426,BOND,TDR0084,BOOK_C,2025-01-01
TXN0000166547,APP017,2025-03-30,reversed,518299.51,JPY,LATAM,CP0209,FUTURE,TDR0200,BOOK_C,2025-05-02
TXN0002273851,APP009,2025-06-07,reversed,580409.59,EUR,LATAM,CP0275,FUTURE,TDR0198,BOOK_D,2026-03-13
TXN0001292391,APP013,2025-05-15,failed,179796.43,EUR,AMER,CP0295,FUTURE,TDR0104,BOOK_B,2026-03-13
TXN0004449374,APP001,2025-06-15,pending,282965.44,USD,AMER,CP0486,OPTION,TDR0059,BOOK_D,2025-02-20
TXN0000512149,APP019,2025-01-22,active,834323.89,JPY,LATAM,CP0470,SWAP,TDR0042,BOOK_D,2026-02-07
TXN0002317334,APP018,2025-11-05,pending,280204.23,USD,APAC,CP0231,SWAP,TDR0192,BOOK_C,2025-09-21
TXN0000958268,APP001,2025-08-08,settled,472512.03,CHF,LATAM,CP0381,FX,TDR0172,BOOK_A,2025-09-06
TXN0005939613,APP019,2025-09-11,active,805392.62,EUR,APAC,CP0294,BOND,TDR0173,BOOK_D,2025-01-05
TXN0003748268,APP006,2025-08-06,settled,442395.3,CHF,AMER,CP0269,FUTURE,TDR0168,BOOK_A,2025-09-17
TXN0007289817,APP020,2025-03-29,reversed,246625.65,AUD,LATAM,CP0133,SWAP,TDR0007,BOOK_B,2025-12-16
TXN0000202307,APP008,2025-06-24,failed,455145.83,CHF,LATAM,CP0152,EQUITY,TDR0028,BOOK_C,2025-09-11
TXN0003340096,APP010,2025-02-08,pending,755986.11,CHF,AMER,CP0250,OPTION,TDR0151,BOOK_C,2025-06-16
TXN0007649398,APP015,2025-09-09,reversed,578646.74,GBP,AMER,CP0425,SWAP,TDR0157,BOOK_A,2025-01-28
TXN0007853469,APP017,2025-11-11,active,243422.22,GBP,AMER,CP0004,OPTION,TDR0097,BOOK_B,2025-07-16
TXN0005166676,APP018,2025-03-06,failed,488242.91,USD,AMER,CP0193,FX,TDR0120,BOOK_D,2026-01-14
TXN0007616513,APP005,2025-10-22,active,672253.35,EUR,AMER,CP0048,EQUITY,TDR0100,BOOK_B,2026-01-30
TXN0006990938,APP008,2025-09-23,reversed,637148.18,EUR,LATAM,CP0247,OPTION,TDR0199,BOOK_B,2025-09-21
TXN0002088845,APP017,2025-05-31,settled,806422.11,CHF,LATAM,CP0230,BOND,TDR0197,BOOK_A,2025-03-20
TXN0002734590,APP004,2025-04-10,pending,674115.67,CHF,EMEA,CP0138,EQUITY,TDR0147,BOOK_B,2025-06-30
TXN0000221356,APP010,2025-12-09,pending,312186.41,JPY,APAC,CP0011,FX,TDR0055,BOOK_B,2025-09-29
TXN0001253073,APP005,2025-08-12,reversed,592659.57,EUR,EMEA,CP0207,FUTURE,TDR0068,BOOK_C,2025-05-01
TXN0009140583,APP006,2025-12-02,reversed,888674.91,USD,APAC,CP0200,FX,TDR0134,BOOK_A,2025-10-20
TXN0009318443,APP001,2025-02-04,reversed,980631.91,EUR,EMEA,CP0078,SWAP,TDR0112,BOOK_C,2026-03-31
TXN0006531753,APP016,2025-01-31,reversed,753017.7,CHF,AMER,CP0222,FUTURE,TDR0166,BOOK_D,2025-10-19
TXN0009991012,APP009,2025-04-09,active,793140.12,AUD,APAC,CP0407,EQUITY,TDR0020,BOOK_B,2025-12-09
TXN0000822140,APP014,2025-03-18,active,283102.34,AUD,APAC,CP0164,EQUITY,TDR0168,BOOK_B,2025-04-27
TXN0004417479,APP018,2025-03-12,failed,750737.92,JPY,EMEA,CP0276,BOND,TDR0083,BOOK_C,2025-06-22
TXN0001452850,APP004,2025-11-10,active,842550.35,CHF,LATAM,CP0017,EQUITY,TDR0026,BOOK_B,2025-06-20
TXN0001955946,APP012,2025-03-06,pending,275248.79,JPY,EMEA,CP0422,OPTION,TDR0038,BOOK_C,2025-12-26
TXN0002592710,APP001,2026-04-02,pending,486130.36,JPY,APAC,CP0394,SWAP,TDR0126,BOOK_A,2025-01-11
TXN0000994981,APP010,2025-10-22,settled,238342.94,JPY,AMER,CP0328,SWAP,TDR0158,BOOK_A,2025-09-24
TXN0009377070,APP019,2025-07-14,pending,107222.05,EUR,AMER,CP0356,OPTION,TDR0161,BOOK_B,2025-05-21
TXN0005637471,APP007,2025-11-28,failed,757483.17,GBP,APAC,CP0004,FUTURE,TDR0189,BOOK_B,2025-10-02
TXN0005277376,APP007,2026-02-04,reversed,670504.66,CHF,APAC,CP0217,BOND,TDR0168,BOOK_D,2026-02-08
TXN0009436933,APP013,2025-03-04,settled,245420.17,EUR,EMEA,CP0155,BOND,TDR0131,BOOK_C,2025-07-29
TXN0002504534,APP002,2025-05-20,settled,916539.48,USD,AMER,CP0469,BOND,TDR0126,BOOK_B,2025-03-28
TXN0001253084,APP014,2026-04-10,pending,329803.15,CHF,AMER,CP0270,FUTURE,TDR0124,BOOK_B,2025-07-25
TXN0003727214,APP007,2026-03-27,settled,218102.27,AUD,AMER,CP0274,FUTURE,TDR0022,BOOK_A,2025-01-07
TXN0004500498,APP015,2025-10-20,active,481611.37,CHF,APAC,CP0330,SWAP,TDR0064,BOOK_C,2025-08-23
TXN0007503349,APP005,2025-11-09,pending,739227.7,USD,EMEA,CP0075,BOND,TDR0163,BOOK_C,2026-02-11
TXN0006889731,APP007,2025-06-23,reversed,923583.42,CHF,LATAM,CP0473,SWAP,TDR0125,BOOK_D,2025-07-10
TXN0003134763,APP014,2025-04-29,pending,7453.71,CHF,APAC,CP0127,EQUITY,TDR0058,BOOK_B,2025-04-24
TXN0005795410,APP004,2025-05-18,active,451970.6,AUD,APAC,CP0313,BOND,TDR0122,BOOK_B,2025-05-24
TXN0008559948,APP008,2025-04-14,failed,556430.31,JPY,AMER,CP0094,OPTION,TDR0184,BOOK_C,2025-08-21
TXN0007780924,APP018,2025-03-25,reversed,585575.51,GBP,AMER,CP0421,BOND,TDR0061,BOOK_C,2025-03-08
TXN0006821725,APP020,2025-08-15,failed,657333.94,EUR,LATAM,CP0201,OPTION,TDR0029,BOOK_C,2026-04-05
TXN0003544349,APP003,2026-01-26,pending,327709.03,AUD,EMEA,CP0010,SWAP,TDR0015,BOOK_A,2025-02-24
TXN0005138661,APP004,2025-05-01,pending,606267.39,EUR,LATAM,CP0455,BOND,TDR0098,BOOK_A,2025-01-01
TXN0005625960,APP019,2025-04-04,settled,96970.08,GBP,EMEA,CP0479,BOND,TDR0083,BOOK_C,2026-04-02
TXN0000451392,APP013,2025-11-08,failed,859696.78,JPY,EMEA,CP0442,OPTION,TDR0028,BOOK_D,2026-03-09
TXN0000702493,APP001,2025-05-10,pending,585485.77,AUD,AMER,CP0299,SWAP,TDR0175,BOOK_B,2026-02-20
TXN0009042996,APP011,2025-05-25,active,720325.95,CHF,APAC,CP0237,OPTION,TDR0119,BOOK_D,2025-10-23
TXN0002855876,APP011,2025-02-28,settled,270690.74,USD,EMEA,CP0049,FUTURE,TDR0134,BOOK_D,2025-11-23
TXN0008996091,APP009,2025-09-17,pending,220561.94,USD,APAC,CP0176,FX,TDR0053,BOOK_C,2026-01-02
TXN0005466063,APP014,2025-11-27,failed,503223.62,USD,APAC,CP0297,BOND,TDR0197,BOOK_C,2025-07-29
TXN0002164002,APP010,2025-07-02,pending,296119.12,CHF,APAC,CP0123,EQUITY,TDR0054,BOOK_B,2025-10-13
TXN0002960951,APP010,2025-01-21,failed,18769.48,JPY,EMEA,CP0378,BOND,TDR0176,BOOK_A,2025-03-15
TXN0000702297,APP018,2025-11-19,settled,97960.7,JPY,EMEA,CP0410,OPTION,TDR0094,BOOK_B,2025-08-19
TXN0005442644,APP010,2025-11-05,settled,31991.38,CHF,LATAM,CP0258,BOND,TDR0029,BOOK_B,2025-08-18
TXN0007979469,APP010,2026-03-24,settled,580646.92,USD,APAC,CP0191,OPTION,TDR0130,BOOK_C,2025-11-04
TXN0005160156,APP018,2025-05-29,reversed,298424.65,JPY,EMEA,CP0048,EQUITY,TDR0028,BOOK_B,2025-12-29
TXN0002965683,APP002,2026-03-21,active,113251.34,JPY,AMER,CP0259,OPTION,TDR0165,BOOK_D,2025-08-19
TXN0005625117,APP013,2025-10-16,active,64322.73,CHF,APAC,CP0178,SWAP,TDR0150,BOOK_A,2025-07-24
TXN0003450779,APP020,2025-02-15,reversed,207830.05,GBP,APAC,CP0296,BOND,TDR0126,BOOK_B,2026-01-17
TXN0006620860,APP013,2025-10-29,active,690430.04,AUD,EMEA,CP0098,FUTURE,TDR0121,BOOK_D,2025-02-01
TXN0001926720,APP020,2025-06-20,pending,251233.15,EUR,LATAM,CP0266,FUTURE,TDR0144,BOOK_C,2025-02-01
TXN0002055533,APP019,2025-05-31,active,616916.54,JPY,EMEA,CP0453,OPTION,TDR0066,BOOK_C,2025-12-16
TXN0008072089,APP004,2026-02-16,active,710701.38,JPY,EMEA,CP0376,SWAP,TDR0122,BOOK_A,2026-01-23
TXN0001091379,APP002,2026-01-02,failed,88230.94,AUD,EMEA,CP0047,SWAP,TDR0132,BOOK_C,2025-01-18
TXN0004269319,APP013,2025-11-28,failed,658659.14,GBP,AMER,CP0144,EQUITY,TDR0133,BOOK_A,2025-11-08
TXN0004042073,APP019,2025-11-04,failed,737399.67,GBP,EMEA,CP0276,BOND,TDR0155,BOOK_B,2025-10-10
TXN0008229605,APP013,2026-03-21,active,507782.9,USD,AMER,CP0241,EQUITY,TDR0035,BOOK_C,2025-04-29
TXN0006422372,APP009,2025-01-01,pending,652478.52,AUD,LATAM,CP0499,EQUITY,TDR0197,BOOK_A,2025-03-18
TXN0002526673,APP001,2025-12-17,pending,454938.86,AUD,LATAM,CP0383,FX,TDR0099,BOOK_A,2025-06-08
TXN0001801426,APP002,2025-02-03,active,676524.38,GBP,LATAM,CP0166,EQUITY,TDR0115,BOOK_C,2025-10-30
TXN0006663243,APP014,2026-01-15,settled,132977.22,AUD,AMER,CP0186,FUTURE,TDR0023,BOOK_C,2025-12-24
TXN0007969061,APP017,2025-11-27,active,997248.18,AUD,AMER,CP0035,FUTURE,TDR0052,BOOK_A,2025-07-03
TXN0009094127,APP006,2025-10-27,settled,147308.74,AUD,LATAM,CP0447,OPTION,TDR0081,BOOK_C,2025-05-09
TXN0008282077,APP011,2025-10-29,settled,910677.65,GBP,EMEA,CP0097,SWAP,TDR0013,BOOK_B,2026-01-20
TXN0001465523,APP009,2025-07-01,reversed,181827.08,EUR,APAC,CP0195,BOND,TDR0025,BOOK_D,2025-01-24
TXN0005326346,APP005,2025-03-16,failed,610669.7,CHF,APAC,CP0011,FX,TDR0193,BOOK_C,2026-03-15
TXN0002860555,APP006,2026-01-09,reversed,896393.07,USD,EMEA,CP0183,SWAP,TDR0125,BOOK_C,2025-02-08
TXN0002229721,APP016,2026-04-10,failed,700944.64,EUR,APAC,CP0111,EQUITY,TDR0083,BOOK_C,2025-08-12
TXN0005177227,APP006,2025-02-02,reversed,345514.26,GBP,EMEA,CP0386,FX,TDR0192,BOOK_C,2026-03-14
TXN0008011442,APP005,2026-01-07,pending,691077.83,GBP,LATAM,CP0277,SWAP,TDR0159,BOOK_B,2025-08-08
TXN0001271759,APP010,2026-04-12,failed,5060.29,AUD,APAC,CP0332,FX,TDR0055,BOOK_B,2026-03-19
TXN0005140385,APP010,2025-01-06,settled,267717.55,AUD,AMER,CP0256,FX,TDR0033,BOOK_C,2025-08-05
TXN0006107188,APP012,2025-03-05,failed,941021.73,JPY,AMER,CP0457,FX,TDR0045,BOOK_D,2026-02-22
TXN0007088333,APP014,2025-02-23,active,268881.86,GBP,LATAM,CP0130,OPTION,TDR0126,BOOK_A,2025-07-06
TXN0007458429,APP013,2025-01-21,failed,14621.72,EUR,AMER,CP0440,EQUITY,TDR0013,BOOK_D,2025-10-25
TXN0002584369,APP019,2025-08-31,settled,454140.29,USD,LATAM,CP0013,EQUITY,TDR0161,BOOK_B,2025-04-17
TXN0007409838,APP008,2025-06-24,failed,242108.27,JPY,LATAM,CP0403,FUTURE,TDR0139,BOOK_A,2026-04-05
TXN0009033433,APP020,2025-08-08,reversed,499401.82,GBP,EMEA,CP0125,SWAP,TDR0106,BOOK_B,2025-07-22
TXN0004829446,APP013,2025-08-21,pending,858867.04,JPY,LATAM,CP0475,EQUITY,TDR0119,BOOK_D,2026-01-31
TXN0007802352,APP004,2025-02-08,active,569885.99,AUD,APAC,CP0360,OPTION,TDR0135,BOOK_C,2025-09-03
TXN0002665828,APP010,2025-08-16,reversed,68591.47,CHF,LATAM,CP0273,FUTURE,TDR0155,BOOK_B,2025-04-05
TXN0003478194,APP012,2025-11-26,failed,216101.99,CHF,EMEA,CP0081,SWAP,TDR0141,BOOK_D,2026-01-26
TXN0001110234,APP017,2026-03-09,reversed,827259.9,GBP,EMEA,CP0243,EQUITY,TDR0151,BOOK_B,2025-01-10
TXN0004940775,APP012,2026-01-06,active,965441.26,AUD,APAC,CP0053,BOND,TDR0051,BOOK_A,2025-04-30
TXN0000299320,APP016,2025-03-22,settled,922348.62,AUD,AMER,CP0260,BOND,TDR0016,BOOK_C,2026-03-13
TXN0006604120,APP004,2025-11-09,settled,397739.95,JPY,APAC,CP0051,BOND,TDR0131,BOOK_B,2025-01-07
TXN0007813608,APP010,2026-02-14,failed,117907.06,JPY,EMEA,CP0289,FUTURE,TDR0116,BOOK_D,2025-04-08
TXN0001632730,APP019,2025-06-03,pending,820357.61,AUD,EMEA,CP0157,FUTURE,TDR0189,BOOK_D,2025-08-31
TXN0006754326,APP012,2025-01-17,reversed,890454.21,AUD,EMEA,CP0209,EQUITY,TDR0031,BOOK_D,2026-01-03
TXN0007190737,APP010,2025-05-14,active,374335.14,JPY,APAC,CP0312,OPTION,TDR0039,BOOK_B,2025-02-20
TXN0009824676,APP003,2025-10-05,pending,886052.31,GBP,LATAM,CP0473,BOND,TDR0060,BOOK_C,2026-02-19
TXN0006379931,APP002,2025-01-08,pending,722564.31,JPY,APAC,CP0291,OPTION,TDR0130,BOOK_C,2025-08-20
TXN0007915236,APP007,2025-05-30,settled,87139.94,USD,AMER,CP0159,BOND,TDR0089,BOOK_D,2025-04-19
TXN0003313000,APP020,2025-04-17,failed,402499.16,CHF,AMER,CP0154,OPTION,TDR0041,BOOK_B,2025-07-17
TXN0009038400,APP020,2025-09-12,reversed,616921.8,USD,AMER,CP0145,FUTURE,TDR0172,BOOK_D,2025-05-17
TXN0001139013,APP012,2026-04-11,reversed,634628.63,GBP,LATAM,CP0343,FX,TDR0142,BOOK_C,2025-01-31
TXN0003288082,APP006,2025-10-06,settled,618279.5,EUR,AMER,CP0448,SWAP,TDR0098,BOOK_A,2025-06-11
TXN0003497557,APP019,2025-09-15,settled,551244.29,CHF,EMEA,CP0153,FX,TDR0019,BOOK_C,2026-03-19
TXN0009214959,APP010,2025-03-14,reversed,228553.11,USD,LATAM,CP0136,FX,TDR0163,BOOK_D,2025-09-14
TXN0006221454,APP006,2025-10-30,settled,67182.65,EUR,AMER,CP0382,EQUITY,TDR0113,BOOK_C,2025-01-25
TXN0008405475,APP006,2026-01-23,settled,271595.11,JPY,EMEA,CP0420,EQUITY,TDR0029,BOOK_C,2025-01-09
TXN0002648719,APP001,2025-07-25,failed,815490.41,AUD,LATAM,CP0444,FX,TDR0011,BOOK_A,2025-01-24
TXN0004751873,APP002,2026-03-04,failed,208774.0,EUR,APAC,CP0143,SWAP,TDR0191,BOOK_B,2026-04-12
TXN0002451033,APP004,2026-01-13,settled,661848.24,GBP,EMEA,CP0175,FUTURE,TDR0154,BOOK_A,2025-02-11
TXN0006062630,APP004,2025-09-14,failed,984103.96,JPY,EMEA,CP0318,OPTION,TDR0096,BOOK_C,2025-12-15
TXN0005273730,APP014,2025-12-20,failed,440661.58,JPY,APAC,CP0189,EQUITY,TDR0032,BOOK_D,2025-08-26
TXN0006705039,APP013,2025-05-14,pending,817151.84,CHF,APAC,CP0233,BOND,TDR0139,BOOK_D,2025-01-05
TXN0005246179,APP010,2025-01-28,failed,657204.55,USD,APAC,CP0284,BOND,TDR0133,BOOK_D,2025-10-23
TXN0005207861,APP011,2025-05-17,pending,718891.12,EUR,APAC,CP0477,FX,TDR0182,BOOK_D,2025-01-21
TXN0002572241,APP010,2025-08-01,reversed,617715.41,EUR,EMEA,CP0173,EQUITY,TDR0198,BOOK_D,2026-02-19
TXN0006061424,APP018,2025-11-03,settled,853902.45,CHF,APAC,CP0498,FUTURE,TDR0024,BOOK_B,2025-04-10
TXN0005933616,APP005,2025-04-06,reversed,604084.76,JPY,AMER,CP0472,FX,TDR0172,BOOK_C,2025-11-08
TXN0008018159,APP013,2025-06-04,settled,188031.77,AUD,AMER,CP0258,SWAP,TDR0087,BOOK_B,2026-01-05
TXN0008041336,APP016,2025-09-14,failed,516343.4,JPY,APAC,CP0429,OPTION,TDR0150,BOOK_C,2025-07-24
TXN0005152093,APP012,2025-03-30,pending,1592.31,AUD,EMEA,CP0440,OPTION,TDR0042,BOOK_C,2025-06-21
TXN0005575262,APP002,2025-08-19,active,986876.9,EUR,AMER,CP0475,EQUITY,TDR0065,BOOK_B,2025-10-06
TXN0000652741,APP003,2025-08-11,active,796381.68,USD,LATAM,CP0385,SWAP,TDR0048,BOOK_B,2026-03-20
TXN0008641911,APP001,2025-07-17,active,72855.95,AUD,EMEA,CP0055,SWAP,TDR0109,BOOK_D,2025-03-23
TXN0003706874,APP007,2025-08-06,active,246485.72,USD,EMEA,CP0244,EQUITY,TDR0138,BOOK_D,2025-10-11
TXN0007395541,APP015,2025-02-26,reversed,223161.8,EUR,APAC,CP0224,SWAP,TDR0001,BOOK_D,2025-04-07
TXN0004618651,APP004,2025-11-07,reversed,972576.58,AUD,EMEA,CP0437,SWAP,TDR0087,BOOK_A,2025-07-26
TXN0008197699,APP017,2025-03-14,active,469188.3,AUD,APAC,CP0353,BOND,TDR0179,BOOK_B,2026-01-29
TXN0000865286,APP019,2025-04-16,settled,646999.08,EUR,AMER,CP0191,SWAP,TDR0041,BOOK_D,2026-02-17
TXN0001342863,APP019,2026-01-18,reversed,65148.22,USD,APAC,CP0346,SWAP,TDR0147,BOOK_A,2025-08-29
TXN0003877537,APP002,2026-01-26,failed,439617.31,AUD,AMER,CP0186,FX,TDR0124,BOOK_A,2025-05-22
TXN0009165617,APP009,2025-02-28,failed,293906.09,USD,EMEA,CP0306,FUTURE,TDR0045,BOOK_B,2025-06-12
TXN0003514236,APP013,2025-02-13,failed,489561.76,JPY,LATAM,CP0452,OPTION,TDR0136,BOOK_B,2025-02-19
TXN0008805097,APP018,2025-07-26,settled,911183.77,JPY,AMER,CP0357,FUTURE,TDR0145,BOOK_C,2025-08-18
TXN0000552693,APP002,2026-03-05,pending,275252.33,CHF,AMER,CP0196,SWAP,TDR0164,BOOK_C,2025-01-07
TXN0006650916,APP016,2025-06-23,pending,335745.58,CHF,LATAM,CP0251,EQUITY,TDR0045,BOOK_B,2025-11-25
TXN0006666176,APP014,2026-02-25,active,430136.26,AUD,EMEA,CP0009,OPTION,TDR0024,BOOK_D,2025-08-13
TXN0009972945,APP007,2025-04-26,failed,537173.63,GBP,AMER,CP0302,OPTION,TDR0054,BOOK_C,2025-09-24
TXN0002659019,APP015,2025-11-12,reversed,293492.97,GBP,LATAM,CP0397,FUTURE,TDR0159,BOOK_B,2025-10-13
TXN0000709059,APP008,2025-09-03,active,333860.38,AUD,EMEA,CP0410,BOND,TDR0140,BOOK_B,2025-02-15
TXN0000692089,APP001,2025-01-13,failed,669259.22,AUD,LATAM,CP0381,EQUITY,TDR0018,BOOK_B,2025-05-13
TXN0005741785,APP017,2025-12-12,active,28891.74,JPY,APAC,CP0486,BOND,TDR0062,BOOK_A,2025-02-06
TXN0001307093,APP012,2025-03-13,active,604001.45,GBP,AMER,CP0027,BOND,TDR0182,BOOK_B,2025-09-20
TXN0006710956,APP014,2025-09-03,settled,985738.66,CHF,AMER,CP0250,OPTION,TDR0014,BOOK_B,2025-01-11
TXN0001123572,APP010,2025-11-04,reversed,139297.47,GBP,AMER,CP0303,FUTURE,TDR0189,BOOK_C,2025-10-12
TXN0000508554,APP001,2026-03-12,active,478067.32,JPY,EMEA,CP0285,SWAP,TDR0173,BOOK_C,2025-02-11
TXN0008892779,APP009,2025-08-17,pending,54110.34,GBP,APAC,CP0099,FUTURE,TDR0189,BOOK_B,2025-05-06
TXN0003247280,APP020,2025-10-02,active,753939.07,AUD,LATAM,CP0460,OPTION,TDR0188,BOOK_A,2026-01-04
TXN0002906916,APP002,2025-01-01,reversed,860796.82,USD,AMER,CP0007,BOND,TDR0007,BOOK_D,2025-09-06
TXN0003286294,APP004,2025-10-01,active,966003.79,JPY,APAC,CP0201,BOND,TDR0099,BOOK_C,2025-05-04
TXN0006799907,APP004,2026-03-11,failed,317380.68,AUD,EMEA,CP0318,EQUITY,TDR0027,BOOK_D,2025-02-25
TXN0002334541,APP014,2025-11-16,failed,86533.34,JPY,APAC,CP0456,EQUITY,TDR0140,BOOK_A,2025-05-21
TXN0008167329,APP002,2025-06-01,failed,617365.64,EUR,LATAM,CP0202,OPTION,TDR0073,BOOK_A,2025-05-21
TXN0003779962,APP014,2026-01-02,settled,22933.04,JPY,AMER,CP0384,FX,TDR0157,BOOK_C,2025-08-03
TXN0006893891,APP006,2025-09-02,settled,758311.73,EUR,EMEA,CP0261,OPTION,TDR0178,BOOK_B,2025-02-04
TXN0008036381,APP010,2025-06-02,failed,328464.91,AUD,APAC,CP0241,OPTION,TDR0175,BOOK_A,2025-11-16
TXN0008567853,APP020,2025-06-30,settled,288649.29,GBP,AMER,CP0194,SWAP,TDR0051,BOOK_B,2025-10-25
TXN0008279263,APP019,2025-03-20,pending,850879.55,JPY,EMEA,CP0164,FUTURE,TDR0197,BOOK_D,2025-04-17
TXN0009458255,APP004,2025-02-22,failed,756142.48,AUD,APAC,CP0297,BOND,TDR0188,BOOK_A,2025-09-05
TXN0001673695,APP014,2025-07-18,settled,934471.87,USD,EMEA,CP0226,SWAP,TDR0067,BOOK_B,2026-04-14
TXN0004382673,APP003,2025-04-19,settled,97584.07,CHF,APAC,CP0475,FX,TDR0183,BOOK_B,2025-09-22
TXN0002669746,APP007,2025-12-17,pending,684270.19,EUR,LATAM,CP0021,FUTURE,TDR0098,BOOK_D,2025-12-02
TXN0006524748,APP003,2025-08-01,failed,505347.65,EUR,APAC,CP0340,BOND,TDR0030,BOOK_A,2025-06-30
TXN0008080438,APP004,2025-03-04,pending,74135.76,GBP,EMEA,CP0082,OPTION,TDR0044,BOOK_C,2026-03-23
TXN0001538478,APP018,2026-01-11,active,911319.89,CHF,AMER,CP0264,SWAP,TDR0146,BOOK_B,2025-01-22
TXN0004449787,APP014,2025-07-11,reversed,835382.69,EUR,EMEA,CP0237,EQUITY,TDR0114,BOOK_D,2025-01-21
TXN0007440014,APP009,2025-09-14,failed,350118.15,AUD,LATAM,CP0053,FUTURE,TDR0199,BOOK_C,2025-07-13
TXN0000727180,APP007,2025-12-29,active,444999.97,GBP,APAC,CP0395,FUTURE,TDR0062,BOOK_A,2025-12-07
TXN0004365178,APP009,2025-12-15,failed,325596.91,AUD,AMER,CP0402,SWAP,TDR0117,BOOK_A,2025-08-16
TXN0003151587,APP004,2025-08-26,active,719551.73,AUD,LATAM,CP0286,BOND,TDR0124,BOOK_A,2025-02-17
TXN0003303745,APP014,2025-08-09,settled,391568.92,JPY,APAC,CP0178,OPTION,TDR0157,BOOK_C,2025-01-02
TXN0002676734,APP013,2025-07-31,failed,66335.07,USD,AMER,CP0242,FUTURE,TDR0113,BOOK_D,2025-03-08
TXN0006097361,APP020,2025-10-24,failed,896592.15,USD,EMEA,CP0354,FUTURE,TDR0122,BOOK_C,2025-12-01
TXN0008410308,APP001,2026-04-10,pending,6121.77,EUR,APAC,CP0038,SWAP,TDR0107,BOOK_D,2025-11-27
TXN0001719560,APP018,2025-09-15,failed,451595.3,GBP,LATAM,CP0023,EQUITY,TDR0042,BOOK_B,2025-04-02
TXN0008326094,APP002,2025-04-01,reversed,48768.18,GBP,EMEA,CP0011,BOND,TDR0189,BOOK_A,2025-10-21
TXN0002849615,APP002,2025-08-18,reversed,810479.26,CHF,APAC,CP0484,FUTURE,TDR0060,BOOK_C,2026-04-05
TXN0007897193,APP020,2025-07-13,settled,223513.12,EUR,LATAM,CP0152,SWAP,TDR0138,BOOK_B,2026-02-08
TXN0006327972,APP020,2025-07-09,reversed,926368.8,AUD,APAC,CP0366,OPTION,TDR0115,BOOK_D,2025-04-17
TXN0004845368,APP020,2026-01-27,settled,862030.75,GBP,LATAM,CP0019,BOND,TDR0171,BOOK_B,2026-01-10
TXN0001888407,APP004,2025-07-25,reversed,990298.53,USD,LATAM,CP0176,FUTURE,TDR0194,BOOK_A,2026-04-02
TXN0006552506,APP004,2025-12-23,failed,653906.39,USD,APAC,CP0273,SWAP,TDR0162,BOOK_B,2025-12-24
TXN0006271191,APP008,2025-05-29,active,53807.02,USD,APAC,CP0494,FX,TDR0035,BOOK_D,2025-10-07
TXN0009942741,APP012,2025-06-25,failed,68495.83,USD,AMER,CP0031,OPTION,TDR0200,BOOK_C,2025-02-01
TXN0003248544,APP019,2025-01-14,settled,833128.54,AUD,AMER,CP0038,FX,TDR0171,BOOK_A,2025-01-04
TXN0002506166,APP004,2025-05-12,active,396298.8,CHF,AMER,CP0488,OPTION,TDR0026,BOOK_C,2026-03-03
TXN0005341373,APP004,2026-02-23,failed,520981.61,USD,LATAM,CP0002,FUTURE,TDR0038,BOOK_D,2026-01-05
TXN0009990363,APP008,2025-09-16,reversed,512030.8,AUD,LATAM,CP0249,OPTION,TDR0052,BOOK_D,2025-12-23
TXN0005022425,APP007,2025-05-12,failed,486982.1,AUD,EMEA,CP0437,OPTION,TDR0123,BOOK_C,2025-05-31
TXN0000900587,APP001,2025-08-27,failed,50816.96,JPY,LATAM,CP0241,OPTION,TDR0144,BOOK_D,2025-12-29
TXN0005430394,APP015,2025-04-24,settled,683678.85,GBP,LATAM,CP0398,OPTION,TDR0161,BOOK_A,2025-04-06
TXN0000847156,APP014,2025-08-21,reversed,662299.35,USD,LATAM,CP0130,OPTION,TDR0165,BOOK_A,2025-11-19
TXN0003535080,APP015,2025-03-05,failed,872088.12,CHF,AMER,CP0325,SWAP,TDR0131,BOOK_B,2025-07-28
TXN0000456410,APP013,2025-08-12,failed,462695.37,CHF,APAC,CP0341,FUTURE,TDR0131,BOOK_C,2025-02-06
TXN0001310960,APP009,2025-11-22,pending,862540.88,CHF,LATAM,CP0063,FUTURE,TDR0025,BOOK_B,2025-03-14
TXN0006908914,APP018,2025-09-08,reversed,64775.2,GBP,EMEA,CP0035,SWAP,TDR0074,BOOK_B,2026-04-07
TXN0003821470,APP015,2025-06-26,reversed,277612.87,GBP,EMEA,CP0491,FUTURE,TDR0094,BOOK_A,2025-11-19
TXN0000071326,APP015,2025-06-28,reversed,118928.37,CHF,APAC,CP0129,EQUITY,TDR0080,BOOK_C,2025-06-12
TXN0004363661,APP004,2025-01-31,pending,26445.74,GBP,AMER,CP0171,FUTURE,TDR0048,BOOK_A,2026-02-05
TXN0006713088,APP009,2025-01-26,settled,304931.23,AUD,LATAM,CP0226,FUTURE,TDR0096,BOOK_C,2025-11-03
TXN0004277169,APP016,2025-02-05,settled,766645.03,GBP,EMEA,CP0332,OPTION,TDR0128,BOOK_A,2025-05-27
TXN0001176209,APP003,2025-12-02,pending,834287.07,JPY,LATAM,CP0489,FUTURE,TDR0117,BOOK_A,2026-04-11
TXN0001524084,APP011,2025-05-29,pending,412181.18,CHF,EMEA,CP0448,FX,TDR0124,BOOK_D,2025-09-13
TXN0004289339,APP018,2025-07-26,settled,423128.81,EUR,AMER,CP0409,BOND,TDR0043,BOOK_A,2025-03-25
TXN0001302672,APP016,2025-07-13,failed,410357.85,AUD,LATAM,CP0123,FUTURE,TDR0117,BOOK_D,2025-11-29
TXN0008595640,APP008,2025-11-20,pending,869386.21,CHF,AMER,CP0494,FX,TDR0111,BOOK_D,2026-03-04
TXN0001680681,APP005,2025-03-26,active,563904.25,AUD,AMER,CP0271,EQUITY,TDR0195,BOOK_D,2026-03-11
TXN0000343009,APP008,2025-08-28,reversed,166023.37,JPY,AMER,CP0442,FUTURE,TDR0117,BOOK_A,2025-11-12
TXN0007440033,APP009,2025-04-12,failed,414492.76,EUR,EMEA,CP0235,EQUITY,TDR0126,BOOK_C,2026-02-09
TXN0009173866,APP016,2025-02-15,failed,419658.53,USD,EMEA,CP0072,BOND,TDR0154,BOOK_C,2025-03-09
TXN0007271404,APP005,2025-10-11,failed,209524.15,USD,LATAM,CP0217,OPTION,TDR0193,BOOK_D,2026-01-08
TXN0005299389,APP012,2025-04-14,settled,44390.06,AUD,AMER,CP0388,EQUITY,TDR0143,BOOK_C,2025-11-08
TXN0006801586,APP018,2025-09-21,reversed,200981.9,JPY,EMEA,CP0264,FUTURE,TDR0040,BOOK_A,2026-02-02
TXN0008507455,APP009,2025-06-14,pending,297622.0,CHF,LATAM,CP0190,EQUITY,TDR0138,BOOK_B,2025-12-31
TXN0000769589,APP011,2025-05-01,failed,547633.62,JPY,EMEA,CP0280,SWAP,TDR0128,BOOK_D,2025-08-26
TXN0000903058,APP019,2025-09-26,settled,695793.11,GBP,AMER,CP0323,EQUITY,TDR0060,BOOK_D,2026-04-14
TXN0000819307,APP007,2025-05-12,failed,297898.87,AUD,LATAM,CP0370,BOND,TDR0036,BOOK_C,2025-01-12
TXN0006026152,APP009,2025-10-18,active,823251.08,EUR,AMER,CP0137,FX,TDR0170,BOOK_B,2025-08-07
TXN0000117613,APP013,2025-08-11,reversed,556169.22,GBP,APAC,CP0063,FX,TDR0010,BOOK_D,2025-12-05
TXN0006916116,APP005,2026-03-29,failed,578337.47,CHF,LATAM,CP0027,OPTION,TDR0181,BOOK_B,2025-03-12
TXN0007559829,APP017,2025-03-27,failed,339792.5,CHF,APAC,CP0001,FUTURE,TDR0073,BOOK_A,2026-03-23
TXN0006908761,APP013,2025-04-18,active,629179.67,GBP,AMER,CP0324,FUTURE,TDR0018,BOOK_B,2025-09-23
TXN0006804280,APP005,2025-02-26,failed,695638.07,JPY,AMER,CP0070,SWAP,TDR0164,BOOK_C,2026-04-12
TXN0008746301,APP014,2025-04-05,pending,237186.87,EUR,AMER,CP0055,FX,TDR0135,BOOK_C,2025-05-22
TXN0000939609,APP017,2025-02-09,active,244625.55,CHF,APAC,CP0368,BOND,TDR0178,BOOK_D,2025-09-16
TXN0009361712,APP002,2025-03-08,active,273071.41,GBP,APAC,CP0255,EQUITY,TDR0044,BOOK_C,2025-04-08
TXN0009415615,APP018,2025-11-02,active,117643.5,JPY,EMEA,CP0339,FUTURE,TDR0104,BOOK_A,2025-01-01
TXN0000511523,APP012,2025-12-08,reversed,388284.8,JPY,APAC,CP0140,EQUITY,TDR0143,BOOK_A,2025-10-02
TXN0001533683,APP010,2025-03-26,failed,95740.0,CHF,LATAM,CP0210,OPTION,TDR0018,BOOK_D,2025-10-08
TXN0007285814,APP019,2025-01-20,pending,78381.02,GBP,AMER,CP0328,SWAP,TDR0172,BOOK_B,2025-12-08
TXN0008751546,APP008,2025-08-02,reversed,335210.16,USD,APAC,CP0454,SWAP,TDR0070,BOOK_A,2025-05-27
TXN0002633990,APP011,2026-01-10,reversed,15834.33,AUD,LATAM,CP0166,FX,TDR0120,BOOK_B,2026-03-03
TXN0001659504,APP006,2025-03-12,reversed,980730.23,AUD,LATAM,CP0113,EQUITY,TDR0160,BOOK_D,2025-03-28
TXN0002719977,APP009,2025-10-12,settled,338464.55,GBP,AMER,CP0132,OPTION,TDR0163,BOOK_B,2025-01-08
TXN0002441223,APP019,2025-04-09,failed,458256.05,CHF,LATAM,CP0153,OPTION,TDR0109,BOOK_B,2025-06-30
TXN0009432996,APP003,2025-07-17,reversed,133018.02,JPY,APAC,CP0081,FX,TDR0167,BOOK_B,2025-12-25
TXN0003344293,APP003,2025-10-08,failed,198761.38,JPY,LATAM,CP0023,FUTURE,TDR0051,BOOK_A,2026-02-15
TXN0007218219,APP006,2025-02-23,reversed,697263.02,USD,APAC,CP0454,FX,TDR0165,BOOK_A,2025-11-26
TXN0008602376,APP008,2025-03-10,active,109048.47,EUR,EMEA,CP0025,OPTION,TDR0157,BOOK_D,2026-01-26
TXN0001861227,APP001,2025-01-14,active,649262.68,AUD,EMEA,CP0338,FUTURE,TDR0071,BOOK_A,2025-11-13
TXN0008466515,APP006,2025-03-30,pending,234228.76,AUD,APAC,CP0460,OPTION,TDR0057,BOOK_B,2025-08-19
TXN0001276991,APP010,2025-03-15,reversed,847175.05,AUD,APAC,CP0192,FUTURE,TDR0163,BOOK_C,2025-08-30
TXN0003771063,APP009,2025-01-27,reversed,942532.64,USD,LATAM,CP0037,FX,TDR0012,BOOK_C,2025-09-30
TXN0008411157,APP001,2026-01-21,reversed,728271.3,CHF,LATAM,CP0440,FUTURE,TDR0033,BOOK_C,2026-03-26
TXN0008438054,APP020,2026-01-15,active,474456.66,EUR,AMER,CP0311,FUTURE,TDR0153,BOOK_A,2025-11-14
TXN0009918888,APP019,2025-08-03,settled,361372.17,CHF,LATAM,CP0082,FUTURE,TDR0035,BOOK_B,2025-10-14
TXN0009814801,APP003,2025-06-05,active,310486.45,JPY,AMER,CP0287,FX,TDR0178,BOOK_D,2025-08-26
TXN0001981823,APP001,2025-07-18,settled,649384.13,USD,LATAM,CP0495,FX,TDR0068,BOOK_C,2025-03-25
TXN0003742003,APP017,2025-11-17,failed,945011.3,JPY,EMEA,CP0011,OPTION,TDR0043,BOOK_C,2025-10-05
TXN0000890931,APP020,2025-02-02,active,173743.42,USD,LATAM,CP0071,EQUITY,TDR0016,BOOK_C,2026-01-21
TXN0003745989,APP015,2025-10-07,settled,266342.31,USD,LATAM,CP0043,OPTION,TDR0072,BOOK_C,2025-12-21
TXN0004862826,APP008,2025-12-10,reversed,465656.28,JPY,APAC,CP0353,EQUITY,TDR0150,BOOK_C,2026-02-01
TXN0000331156,APP005,2025-09-20,failed,368037.9,JPY,EMEA,CP0144,EQUITY,TDR0042,BOOK_C,2025-07-24
TXN0007678064,APP015,2026-03-19,reversed,858379.08,USD,EMEA,CP0101,SWAP,TDR0061,BOOK_C,2025-11-22
TXN0006725970,APP008,2026-03-06,reversed,254062.77,USD,AMER,CP0206,EQUITY,TDR0092,BOOK_B,2025-05-27
TXN0004052838,APP008,2025-09-04,failed,435718.54,AUD,LATAM,CP0468,OPTION,TDR0088,BOOK_D,2025-05-18
TXN0001432047,APP011,2025-01-26,active,120466.54,AUD,LATAM,CP0259,FX,TDR0125,BOOK_D,2025-04-04
TXN0009653813,APP009,2025-07-28,active,909021.27,JPY,AMER,CP0243,FUTURE,TDR0109,BOOK_D,2025-05-24
TXN0009616292,APP001,2025-12-22,pending,828539.93,GBP,AMER,CP0371,SWAP,TDR0028,BOOK_A,2026-01-03
TXN0002154915,APP007,2025-10-05,pending,612460.24,JPY,APAC,CP0159,FUTURE,TDR0149,BOOK_B,2025-03-11
TXN0005039375,APP011,2025-07-10,reversed,651841.29,USD,APAC,CP0211,FUTURE,TDR0035,BOOK_C,2025-11-01
TXN0008306162,APP019,2025-05-18,reversed,376797.74,EUR,APAC,CP0171,BOND,TDR0134,BOOK_C,2026-01-26
TXN0006915250,APP020,2025-04-02,settled,383674.77,JPY,EMEA,CP0293,SWAP,TDR0065,BOOK_D,2026-02-06
TXN0004043982,APP020,2025-04-17,reversed,845697.8,GBP,EMEA,CP0151,OPTION,TDR0053,BOOK_C,2025-04-14
TXN0003230112,APP012,2025-10-22,active,216000.32,AUD,AMER,CP0148,SWAP,TDR0137,BOOK_B,2025-10-16
TXN0004570754,APP007,2025-08-11,active,560103.37,AUD,APAC,CP0405,OPTION,TDR0111,BOOK_A,2025-08-31
TXN0005652795,APP001,2025-08-21,active,573973.08,JPY,EMEA,CP0457,OPTION,TDR0119,BOOK_B,2025-12-15
TXN0009288493,APP012,2025-09-01,pending,647339.59,AUD,LATAM,CP0072,FX,TDR0113,BOOK_C,2025-09-05
TXN0009842543,APP019,2025-04-22,active,473370.92,JPY,EMEA,CP0384,FUTURE,TDR0107,BOOK_C,2025-10-19
TXN0001586010,APP019,2025-11-17,failed,592436.41,USD,APAC,CP0476,BOND,TDR0022,BOOK_C,2025-06-16
TXN0000821508,APP011,2025-01-26,settled,472356.14,CHF,LATAM,CP0129,FUTURE,TDR0029,BOOK_D,2026-04-09
TXN0004430851,APP001,2026-02-27,failed,205227.79,AUD,LATAM,CP0034,EQUITY,TDR0013,BOOK_D,2025-11-21
TXN0005277834,APP013,2025-08-09,reversed,659820.9,CHF,EMEA,CP0133,SWAP,TDR0170,BOOK_D,2025-06-05
TXN0006577999,APP015,2025-09-27,active,366496.41,JPY,EMEA,CP0256,BOND,TDR0054,BOOK_D,2026-02-20
TXN0008360695,APP006,2025-08-22,failed,344090.94,JPY,AMER,CP0118,FX,TDR0027,BOOK_A,2025-02-22
TXN0009776948,APP008,2025-10-04,reversed,8391.0,CHF,EMEA,CP0057,BOND,TDR0016,BOOK_A,2025-07-13
TXN0009468131,APP002,2025-02-28,pending,261293.4,JPY,AMER,CP0369,SWAP,TDR0042,BOOK_A,2025-03-09
TXN0002202978,APP012,2025-05-14,failed,548783.28,USD,APAC,CP0375,FX,TDR0018,BOOK_A,2026-01-15
TXN0007057619,APP019,2025-05-03,active,519489.53,GBP,EMEA,CP0335,EQUITY,TDR0177,BOOK_D,2026-01-08
TXN0008748473,APP017,2026-04-09,active,123066.35,CHF,EMEA,CP0138,OPTION,TDR0083,BOOK_C,2025-06-13
TXN0007994654,APP008,2025-04-24,settled,356774.49,EUR,APAC,CP0188,FUTURE,TDR0128,BOOK_B,2025-12-07
TXN0004187727,APP008,2026-04-06,settled,195250.32,EUR,APAC,CP0414,BOND,TDR0063,BOOK_B,2025-06-20
TXN0008750181,APP020,2025-06-01,settled,571965.72,EUR,LATAM,CP0092,SWAP,TDR0091,BOOK_D,2026-03-16
TXN0003868569,APP005,2025-04-03,settled,945854.35,AUD,APAC,CP0111,FX,TDR0070,BOOK_C,2026-03-07
TXN0009602642,APP013,2025-03-16,pending,306087.18,JPY,APAC,CP0331,FX,TDR0178,BOOK_D,2025-12-07
TXN0001815940,APP012,2025-05-14,active,878080.47,EUR,LATAM,CP0309,FX,TDR0084,BOOK_D,2026-02-09
TXN0005058889,APP003,2026-03-10,reversed,480980.62,GBP,LATAM,CP0253,BOND,TDR0046,BOOK_D,2025-09-07
TXN0002721688,APP007,2025-01-13,reversed,789836.71,USD,APAC,CP0272,FX,TDR0148,BOOK_B,2026-02-03
TXN0002113482,APP010,2025-06-24,pending,979766.49,GBP,EMEA,CP0281,FX,TDR0063,BOOK_C,2025-07-08
TXN0001218365,APP016,2025-06-20,failed,178460.46,USD,LATAM,CP0479,OPTION,TDR0129,BOOK_B,2025-06-16
TXN0007835245,APP003,2026-03-15,active,82319.79,EUR,APAC,CP0426,BOND,TDR0012,BOOK_D,2025-09-17
TXN0004309701,APP008,2025-08-31,reversed,736333.62,USD,LATAM,CP0137,FUTURE,TDR0186,BOOK_B,2025-10-11
TXN0004973355,APP018,2025-02-02,failed,796047.09,JPY,LATAM,CP0340,FX,TDR0132,BOOK_A,2025-08-30
TXN0004349828,APP002,2025-01-06,active,826861.81,EUR,APAC,CP0150,SWAP,TDR0160,BOOK_A,2025-01-12
TXN0000378775,APP011,2025-06-12,active,911830.75,JPY,LATAM,CP0385,BOND,TDR0127,BOOK_B,2026-01-18
TXN0004469212,APP011,2025-09-14,reversed,160843.77,JPY,APAC,CP0353,FUTURE,TDR0192,BOOK_C,2025-11-08
TXN0000245143,APP007,2026-04-11,settled,141150.7,EUR,EMEA,CP0448,BOND,TDR0116,BOOK_D,2025-09-21
TXN0008965770,APP018,2025-09-16,settled,844950.52,EUR,LATAM,CP0124,FX,TDR0008,BOOK_B,2025-02-05
TXN0002823371,APP003,2025-06-17,failed,240583.57,CHF,LATAM,CP0322,FX,TDR0083,BOOK_A,2025-02-10
TXN0005177290,APP003,2026-01-25,active,187730.0,EUR,EMEA,CP0252,BOND,TDR0054,BOOK_C,2025-02-07
TXN0002089303,APP012,2025-07-06,active,52228.64,GBP,APAC,CP0003,EQUITY,TDR0067,BOOK_A,2026-03-24
TXN0009204185,APP008,2025-12-07,pending,997135.35,EUR,EMEA,CP0354,BOND,TDR0172,BOOK_D,2025-01-13
TXN0006587856,APP016,2025-07-31,pending,852152.7,GBP,LATAM,CP0151,BOND,TDR0197,BOOK_D,2026-01-01
TXN0004707579,APP001,2025-06-26,active,689964.13,CHF,AMER,CP0476,SWAP,TDR0117,BOOK_A,2025-06-27
TXN0002597604,APP001,2025-10-28,failed,269111.99,EUR,APAC,CP0410,OPTION,TDR0180,BOOK_C,2026-02-03
TXN0009935066,APP018,2026-01-14,reversed,330951.92,USD,EMEA,CP0421,SWAP,TDR0125,BOOK_D,2025-10-07
TXN0008490160,APP004,2025-02-15,settled,735785.94,USD,LATAM,CP0351,SWAP,TDR0003,BOOK_A,2025-02-19
TXN0005056904,APP005,2026-03-31,active,579367.65,CHF,EMEA,CP0402,EQUITY,TDR0068,BOOK_C,2025-12-23
TXN0000050109,APP001,2025-11-10,failed,296084.07,CHF,EMEA,CP0373,BOND,TDR0124,BOOK_C,2025-06-07
TXN0001941762,APP020,2025-09-09,pending,129341.25,GBP,AMER,CP0109,FUTURE,TDR0185,BOOK_D,2025-08-21
TXN0009154155,APP003,2026-02-24,settled,220884.9,USD,LATAM,CP0341,EQUITY,TDR0018,BOOK_D,2025-04-20
TXN0001242526,APP009,2025-03-07,active,248093.14,USD,EMEA,CP0181,EQUITY,TDR0087,BOOK_D,2025-03-03
TXN0004413600,APP017,2025-08-01,failed,421169.49,AUD,EMEA,CP0167,BOND,TDR0190,BOOK_A,2025-09-30
TXN0002475300,APP012,2025-02-24,pending,846202.34,CHF,AMER,CP0335,FX,TDR0188,BOOK_B,2025-08-11
TXN0002133270,APP011,2025-10-08,reversed,258527.14,GBP,EMEA,CP0125,EQUITY,TDR0040,BOOK_C,2026-03-06
TXN0003584929,APP014,2025-10-16,failed,716872.18,JPY,APAC,CP0141,EQUITY,TDR0160,BOOK_A,2025-09-21
TXN0000140585,APP014,2025-04-02,reversed,258833.65,USD,APAC,CP0351,FX,TDR0173,BOOK_A,2025-10-04
TXN0006660017,APP004,2025-11-30,failed,332506.09,EUR,LATAM,CP0073,FX,TDR0119,BOOK_C,2026-01-30
TXN0001138379,APP008,2025-07-12,reversed,132695.87,AUD,APAC,CP0042,EQUITY,TDR0137,BOOK_A,2025-06-07
TXN0008683646,APP017,2025-12-19,pending,538453.69,JPY,AMER,CP0392,FUTURE,TDR0051,BOOK_C,2025-08-16
TXN0008624502,APP009,2025-12-20,pending,110505.94,GBP,LATAM,CP0023,EQUITY,TDR0141,BOOK_A,2026-03-18
TXN0005980673,APP004,2026-03-23,pending,701939.62,JPY,EMEA,CP0177,BOND,TDR0072,BOOK_D,2025-10-29
TXN0005758674,APP009,2025-10-01,failed,59876.35,USD,LATAM,CP0010,SWAP,TDR0166,BOOK_A,2026-01-08
TXN0000843253,APP001,2025-03-16,active,410858.96,CHF,LATAM,CP0355,BOND,TDR0018,BOOK_B,2025-01-09
TXN0007442177,APP014,2025-05-15,active,518842.39,GBP,APAC,CP0126,FX,TDR0078,BOOK_B,2026-03-15
TXN0004127469,APP009,2025-05-13,settled,325462.78,JPY,EMEA,CP0235,FUTURE,TDR0054,BOOK_D,2025-06-01
TXN0005324884,APP017,2025-05-17,reversed,368715.79,AUD,LATAM,CP0261,FUTURE,TDR0138,BOOK_A,2025-02-08
TXN0008438392,APP015,2026-01-21,settled,532968.84,CHF,APAC,CP0121,OPTION,TDR0060,BOOK_D,2025-01-15
TXN0008422812,APP006,2026-02-17,failed,261005.8,GBP,EMEA,CP0213,SWAP,TDR0144,BOOK_D,2025-03-09
TXN0006159093,APP009,2025-02-26,settled,453668.11,JPY,APAC,CP0114,BOND,TDR0059,BOOK_C,2025-05-23
TXN0003241216,APP009,2026-04-01,settled,783793.09,AUD,LATAM,CP0109,FUTURE,TDR0088,BOOK_C,2025-01-27
TXN0001540412,APP009,2026-04-03,reversed,989377.49,USD,APAC,CP0135,SWAP,TDR0023,BOOK_B,2025-02-18
TXN0000753023,APP012,2025-12-14,active,918390.24,AUD,EMEA,CP0068,FUTURE,TDR0178,BOOK_C,2025-11-14
TXN0002033177,APP010,2025-06-26,settled,525660.8,USD,LATAM,CP0127,BOND,TDR0026,BOOK_B,2025-05-09
TXN0003820648,APP016,2025-12-17,active,198410.86,CHF,EMEA,CP0202,SWAP,TDR0185,BOOK_C,2025-05-31
TXN0002859115,APP014,2025-10-11,pending,621288.65,GBP,AMER,CP0001,FX,TDR0114,BOOK_B,2025-08-08
TXN0008177921,APP017,2025-12-09,failed,59145.18,EUR,EMEA,CP0465,SWAP,TDR0158,BOOK_C,2025-12-29
TXN0002115614,APP002,2025-07-15,active,142145.68,AUD,LATAM,CP0259,BOND,TDR0128,BOOK_B,2026-02-18
TXN0006025888,APP018,2025-04-27,reversed,394831.67,CHF,APAC,CP0487,OPTION,TDR0076,BOOK_C,2025-06-06
TXN0009301503,APP011,2025-03-16,settled,996810.24,AUD,EMEA,CP0047,FX,TDR0101,BOOK_D,2026-01-19
TXN0007464455,APP019,2025-08-16,settled,723245.47,GBP,APAC,CP0027,EQUITY,TDR0001,BOOK_A,2025-05-15
TXN0003807376,APP012,2025-12-10,reversed,573079.71,AUD,APAC,CP0325,FX,TDR0147,BOOK_B,2025-02-22
TXN0008894231,APP008,2026-04-09,pending,545260.83,JPY,APAC,CP0454,EQUITY,TDR0119,BOOK_B,2026-03-26
TXN0008740463,APP017,2025-04-14,failed,711823.33,EUR,AMER,CP0394,FX,TDR0183,BOOK_D,2025-10-25
TXN0003276632,APP009,2025-05-12,active,12395.08,USD,AMER,CP0492,SWAP,TDR0052,BOOK_C,2026-02-10
TXN0006038641,APP014,2025-01-27,active,376559.54,EUR,LATAM,CP0111,FUTURE,TDR0123,BOOK_C,2025-02-20
TXN0006884232,APP009,2025-05-01,pending,372612.76,CHF,EMEA,CP0191,SWAP,TDR0171,BOOK_D,2025-09-12
TXN0001170324,APP004,2025-08-28,failed,74007.72,AUD,EMEA,CP0251,OPTION,TDR0153,BOOK_A,2025-03-29
TXN0004193485,APP016,2025-08-06,failed,205871.68,EUR,EMEA,CP0063,SWAP,TDR0019,BOOK_A,2025-09-30
TXN0005023663,APP020,2025-09-02,failed,852690.42,AUD,EMEA,CP0084,OPTION,TDR0171,BOOK_D,2025-08-31
TXN0005266081,APP004,2025-11-13,settled,762508.81,USD,LATAM,CP0449,SWAP,TDR0021,BOOK_D,2025-01-20
TXN0001135368,APP004,2025-05-13,pending,244921.71,AUD,LATAM,CP0072,FUTURE,TDR0089,BOOK_C,2025-04-18
TXN0002762327,APP004,2025-10-30,reversed,323323.86,GBP,EMEA,CP0140,EQUITY,TDR0142,BOOK_A,2025-05-13
TXN0000729022,APP012,2025-08-20,active,131946.05,EUR,LATAM,CP0099,OPTION,TDR0022,BOOK_D,2025-07-17
TXN0001116512,APP007,2025-04-19,failed,466372.53,USD,AMER,CP0256,BOND,TDR0136,BOOK_A,2026-03-21
TXN0007160559,APP002,2026-03-22,failed,531975.53,AUD,LATAM,CP0093,OPTION,TDR0032,BOOK_B,2025-11-06
TXN0001313868,APP006,2025-04-15,settled,980678.84,EUR,APAC,CP0325,OPTION,TDR0152,BOOK_C,2025-02-08
TXN0004649962,APP016,2026-02-05,settled,316648.78,CHF,LATAM,CP0160,EQUITY,TDR0077,BOOK_A,2026-03-21
TXN0007641052,APP001,2026-02-14,settled,966570.28,GBP,AMER,CP0370,FUTURE,TDR0032,BOOK_D,2025-03-07
TXN0005670182,APP007,2026-04-04,pending,90896.88,JPY,LATAM,CP0288,OPTION,TDR0138,BOOK_C,2025-02-26
TXN0007036431,APP006,2025-10-23,reversed,49389.95,USD,APAC,CP0460,FX,TDR0094,BOOK_A,2025-04-14
TXN0008139798,APP020,2025-04-01,pending,381175.57,GBP,AMER,CP0418,FX,TDR0040,BOOK_B,2025-03-31
TXN0003800281,APP019,2025-02-11,active,342903.26,JPY,APAC,CP0386,OPTION,TDR0135,BOOK_A,2025-06-09
TXN0004679529,APP010,2025-06-16,settled,104332.62,EUR,LATAM,CP0331,SWAP,TDR0062,BOOK_D,2025-02-24
TXN0008048172,APP013,2025-10-21,active,215408.34,AUD,LATAM,CP0052,FUTURE,TDR0113,BOOK_C,2025-01-02
TXN0008791484,APP007,2025-11-04,failed,202981.59,GBP,AMER,CP0005,SWAP,TDR0019,BOOK_D,2025-03-06
TXN0000920718,APP020,2025-04-15,active,747888.68,AUD,AMER,CP0169,SWAP,TDR0043,BOOK_A,2025-06-07
TXN0002665434,APP014,2025-01-23,pending,666650.89,USD,EMEA,CP0447,BOND,TDR0019,BOOK_D,2026-01-16
TXN0001662426,APP002,2025-10-27,settled,563836.74,EUR,AMER,CP0215,FUTURE,TDR0060,BOOK_A,2025-12-11
TXN0006557697,APP003,2025-07-22,failed,810646.83,CHF,APAC,CP0060,SWAP,TDR0088,BOOK_A,2025-05-05
TXN0007113171,APP017,2026-04-03,pending,243156.81,AUD,AMER,CP0330,FX,TDR0077,BOOK_B,2025-06-27
TXN0007613235,APP012,2025-04-21,pending,381719.63,JPY,LATAM,CP0311,FX,TDR0100,BOOK_B,2025-03-06
TXN0002439862,APP005,2025-10-23,active,146504.56,GBP,EMEA,CP0237,OPTION,TDR0063,BOOK_D,2026-02-10
TXN0000458897,APP015,2025-11-30,active,211078.91,GBP,EMEA,CP0125,BOND,TDR0046,BOOK_C,2025-06-30
TXN0007090872,APP012,2025-03-10,settled,971353.32,EUR,APAC,CP0299,FX,TDR0040,BOOK_C,2025-09-10
TXN0001367349,APP009,2025-11-27,active,917387.83,AUD,LATAM,CP0091,BOND,TDR0029,BOOK_C,2025-05-30
TXN0002438446,APP007,2025-05-02,failed,673758.4,JPY,LATAM,CP0340,FX,TDR0133,BOOK_A,2026-01-09
TXN0008985336,APP013,2025-11-17,pending,697982.44,GBP,AMER,CP0323,EQUITY,TDR0071,BOOK_B,2025-01-16
TXN0005967199,APP014,2026-01-19,active,760617.95,JPY,AMER,CP0363,OPTION,TDR0018,BOOK_A,2025-01-22
TXN0004618610,APP018,2026-02-09,active,82019.12,AUD,AMER,CP0390,EQUITY,TDR0087,BOOK_C,2025-02-21
TXN0007393627,APP005,2025-12-28,pending,207261.55,EUR,EMEA,CP0048,SWAP,TDR0109,BOOK_A,2025-04-06
TXN0009740682,APP011,2025-07-13,pending,768730.36,EUR,LATAM,CP0390,SWAP,TDR0062,BOOK_C,2025-12-19
TXN0008902145,APP020,2025-08-30,failed,998261.0,AUD,APAC,CP0190,OPTION,TDR0164,BOOK_C,2025-08-08
TXN0003492503,APP015,2026-03-10,active,78365.42,GBP,AMER,CP0444,SWAP,TDR0076,BOOK_B,2025-11-25
TXN0003839481,APP012,2025-08-09,reversed,389739.71,USD,APAC,CP0019,FUTURE,TDR0137,BOOK_C,2025-02-07
TXN0002066608,APP008,2025-03-08,failed,849508.96,AUD,EMEA,CP0072,BOND,TDR0149,BOOK_C,2025-01-30
TXN0008700157,APP007,2025-09-29,settled,794664.82,CHF,APAC,CP0250,OPTION,TDR0102,BOOK_B,2025-04-18
TXN0002813511,APP005,2026-04-08,active,676259.29,EUR,APAC,CP0085,OPTION,TDR0144,BOOK_D,2025-04-17
TXN0003301257,APP020,2025-01-27,active,903638.99,AUD,EMEA,CP0297,FUTURE,TDR0077,BOOK_A,2025-04-13
TXN0000077371,APP006,2026-04-02,pending,160666.22,AUD,LATAM,CP0470,BOND,TDR0149,BOOK_C,2025-01-18
TXN0003113230,APP003,2025-08-20,active,315369.03,GBP,APAC,CP0274,OPTION,TDR0173,BOOK_C,2025-10-24
TXN0004138565,APP019,2025-11-13,failed,580892.79,GBP,AMER,CP0087,FUTURE,TDR0139,BOOK_C,2026-02-05
TXN0001900695,APP002,2025-11-03,reversed,183540.29,EUR,APAC,CP0304,FUTURE,TDR0105,BOOK_C,2025-12-12
TXN0000497288,APP008,2025-01-10,settled,502188.43,GBP,LATAM,CP0160,FUTURE,TDR0133,BOOK_A,2026-04-05
TXN0003468105,APP003,2025-12-09,reversed,928586.01,EUR,LATAM,CP0286,FUTURE,TDR0070,BOOK_A,2025-11-30
TXN0008031922,APP017,2025-12-06,settled,903811.02,EUR,EMEA,CP0194,FX,TDR0135,BOOK_A,2026-01-22
TXN0005880282,APP020,2025-11-04,settled,261276.48,JPY,EMEA,CP0176,OPTION,TDR0135,BOOK_B,2025-08-04
TXN0000954916,APP016,2025-05-06,active,150475.75,JPY,AMER,CP0184,OPTION,TDR0135,BOOK_C,2025-12-05
TXN0004445785,APP008,2025-03-03,settled,236396.4,AUD,LATAM,CP0197,EQUITY,TDR0004,BOOK_B,2026-01-16
TXN0005532692,APP017,2025-09-20,settled,326591.95,JPY,EMEA,CP0159,SWAP,TDR0141,BOOK_D,2025-10-20
TXN0006981337,APP003,2025-11-25,settled,943428.4,JPY,EMEA,CP0027,FUTURE,TDR0191,BOOK_C,2025-02-17
TXN0003481788,APP002,2026-02-21,pending,147902.19,AUD,APAC,CP0103,SWAP,TDR0046,BOOK_D,2025-01-30
TXN0001233994,APP006,2026-01-14,active,983093.12,CHF,APAC,CP0427,BOND,TDR0010,BOOK_B,2025-10-04
TXN0005894192,APP011,2025-09-02,pending,282779.79,JPY,AMER,CP0152,BOND,TDR0103,BOOK_D,2025-02-24
TXN0006004648,APP018,2025-04-01,active,893944.91,AUD,EMEA,CP0499,BOND,TDR0020,BOOK_A,2025-03-04
TXN0006141208,APP001,2025-04-27,active,441988.39,GBP,AMER,CP0027,SWAP,TDR0038,BOOK_C,2026-02-18
TXN0004623104,APP001,2025-12-17,reversed,548495.67,AUD,APAC,CP0394,SWAP,TDR0194,BOOK_B,2025-11-02
TXN0003327682,APP014,2025-10-14,settled,499832.42,CHF,APAC,CP0181,OPTION,TDR0199,BOOK_B,2025-12-18
TXN0004036385,APP010,2025-09-01,active,473775.36,EUR,AMER,CP0497,FUTURE,TDR0166,BOOK_B,2026-02-02
TXN0009557996,APP008,2025-11-29,settled,777050.58,CHF,EMEA,CP0304,OPTION,TDR0118,BOOK_B,2025-03-09
TXN0002963748,APP003,2025-06-22,reversed,449326.91,USD,APAC,CP0273,EQUITY,TDR0115,BOOK_A,2025-04-11
TXN0004485251,APP010,2025-09-25,reversed,747384.84,JPY,AMER,CP0008,EQUITY,TDR0145,BOOK_A,2025-09-24
TXN0007587791,APP013,2025-08-18,active,535049.28,CHF,EMEA,CP0193,OPTION,TDR0148,BOOK_B,2025-11-26
TXN0000466748,APP018,2025-02-17,pending,181163.15,CHF,LATAM,CP0172,BOND,TDR0054,BOOK_C,2025-01-06
TXN0007273034,APP008,2026-02-05,pending,628624.46,USD,APAC,CP0393,FX,TDR0072,BOOK_C,2025-05-13
TXN0000565581,APP017,2025-11-07,reversed,593898.27,GBP,AMER,CP0323,FUTURE,TDR0029,BOOK_B,2025-07-05
TXN0009803697,APP013,2025-07-16,settled,451064.49,GBP,EMEA,CP0367,EQUITY,TDR0135,BOOK_D,2026-03-31
TXN0007511698,APP001,2025-03-04,active,89490.4,USD,AMER,CP0004,SWAP,TDR0004,BOOK_B,2025-03-25
TXN0005144039,APP016,2026-01-09,settled,117945.44,USD,EMEA,CP0334,EQUITY,TDR0050,BOOK_C,2025-07-11
TXN0002684411,APP013,2025-07-01,settled,302248.86,AUD,APAC,CP0019,SWAP,TDR0071,BOOK_C,2025-10-07
TXN0002173910,APP014,2025-01-27,reversed,485254.51,USD,EMEA,CP0400,EQUITY,TDR0060,BOOK_D,2025-01-22
TXN0003638807,APP018,2025-06-23,pending,999245.08,EUR,AMER,CP0060,SWAP,TDR0001,BOOK_B,2025-05-14
TXN0008210770,APP009,2025-10-08,pending,544239.8,EUR,AMER,CP0332,FUTURE,TDR0035,BOOK_A,2026-01-09
TXN0002858274,APP008,2026-02-20,settled,751053.5,GBP,LATAM,CP0314,FX,TDR0148,BOOK_B,2025-10-14
TXN0006714090,APP010,2025-01-30,settled,585093.02,EUR,APAC,CP0069,BOND,TDR0070,BOOK_B,2025-06-08
TXN0008709477,APP009,2025-02-08,active,700525.72,CHF,AMER,CP0465,FUTURE,TDR0118,BOOK_C,2025-08-23
TXN0004844427,APP019,2025-12-06,active,520841.34,GBP,APAC,CP0447,EQUITY,TDR0143,BOOK_B,2025-02-27
TXN0007290900,APP001,2025-02-15,reversed,651065.77,GBP,LATAM,CP0335,SWAP,TDR0145,BOOK_A,2026-02-14
TXN0007560639,APP018,2025-07-10,failed,778063.04,AUD,EMEA,CP0213,OPTION,TDR0165,BOOK_C,2025-12-08
TXN0001253011,APP005,2025-03-21,pending,232027.1,GBP,LATAM,CP0191,FX,TDR0054,BOOK_B,2025-01-28
TXN0003599637,APP009,2026-03-09,settled,296782.87,EUR,AMER,CP0255,SWAP,TDR0057,BOOK_B,2026-03-27
TXN0006233858,APP020,2025-08-05,failed,654512.16,CHF,EMEA,CP0169,OPTION,TDR0092,BOOK_A,2026-01-20
TXN0005973414,APP005,2026-04-13,settled,757713.66,JPY,AMER,CP0092,EQUITY,TDR0155,BOOK_C,2025-10-05
TXN0005660585,APP002,2025-01-15,active,557264.09,GBP,APAC,CP0356,OPTION,TDR0031,BOOK_A,2025-09-23
TXN0003044102,APP004,2025-11-30,settled,620869.22,JPY,EMEA,CP0327,OPTION,TDR0024,BOOK_B,2025-11-21
TXN0008310672,APP008,2026-02-18,pending,444450.44,USD,AMER,CP0332,EQUITY,TDR0072,BOOK_B,2026-01-23
TXN0004362109,APP001,2025-01-17,active,418372.48,GBP,APAC,CP0146,FX,TDR0176,BOOK_A,2025-09-15
TXN0003238323,APP014,2025-01-18,reversed,478169.49,JPY,EMEA,CP0354,FUTURE,TDR0109,BOOK_D,2025-09-25
TXN0009181812,APP007,2026-01-25,reversed,608959.47,JPY,LATAM,CP0273,FX,TDR0113,BOOK_B,2025-12-08
TXN0000650429,APP010,2025-10-06,active,245851.74,USD,AMER,CP0030,EQUITY,TDR0130,BOOK_C,2026-01-09
TXN0004923235,APP019,2025-12-08,active,696361.63,USD,LATAM,CP0421,OPTION,TDR0161,BOOK_C,2026-01-25
TXN0004569286,APP018,2025-12-21,pending,925975.14,GBP,LATAM,CP0430,EQUITY,TDR0017,BOOK_A,2025-01-11
TXN0005164319,APP011,2025-03-05,failed,119462.34,CHF,AMER,CP0228,EQUITY,TDR0104,BOOK_D,2025-09-15
TXN0003951584,APP014,2025-06-25,settled,233255.71,USD,LATAM,CP0316,BOND,TDR0054,BOOK_A,2025-03-26
TXN0005699292,APP017,2025-06-04,failed,570361.14,JPY,LATAM,CP0239,FUTURE,TDR0153,BOOK_A,2025-11-06
TXN0008058981,APP015,2025-08-23,settled,855753.46,AUD,EMEA,CP0258,FX,TDR0171,BOOK_C,2025-06-02
TXN0004735478,APP020,2025-06-22,settled,650404.48,EUR,APAC,CP0002,EQUITY,TDR0135,BOOK_B,2025-10-14
TXN0002076407,APP011,2025-08-07,pending,975083.15,JPY,EMEA,CP0103,OPTION,TDR0061,BOOK_B,2025-06-14
TXN0007545762,APP010,2025-02-23,pending,318130.1,USD,APAC,CP0153,BOND,TDR0006,BOOK_B,2026-01-31
TXN0006224791,APP011,2026-02-25,settled,926533.73,CHF,EMEA,CP0305,SWAP,TDR0183,BOOK_B,2025-12-01
TXN0002072912,APP015,2026-01-23,reversed,933427.11,GBP,LATAM,CP0338,EQUITY,TDR0113,BOOK_C,2025-12-27
TXN0007202253,APP020,2026-01-11,active,801172.82,GBP,AMER,CP0408,SWAP,TDR0149,BOOK_D,2025-07-14
TXN0004430288,APP011,2025-02-27,reversed,352749.02,AUD,AMER,CP0336,OPTION,TDR0136,BOOK_A,2025-07-20
TXN0008970226,APP017,2025-10-04,settled,359681.58,USD,AMER,CP0416,OPTION,TDR0160,BOOK_A,2026-01-28
TXN0006181749,APP008,2025-02-13,settled,918605.35,USD,EMEA,CP0124,EQUITY,TDR0079,BOOK_D,2025-03-29
TXN0007954283,APP005,2025-07-05,active,534950.62,GBP,AMER,CP0148,SWAP,TDR0110,BOOK_C,2025-08-21
TXN0007637079,APP009,2025-08-15,settled,819409.07,JPY,AMER,CP0036,FUTURE,TDR0062,BOOK_C,2025-03-24
TXN0004365728,APP012,2026-03-20,active,185598.68,CHF,AMER,CP0001,OPTION,TDR0002,BOOK_C,2026-03-20
TXN0004257986,APP014,2026-03-13,settled,936216.29,EUR,AMER,CP0066,BOND,TDR0060,BOOK_C,2026-03-21
TXN0003439334,APP009,2025-02-28,settled,374576.53,CHF,AMER,CP0369,BOND,TDR0109,BOOK_B,2025-12-27
TXN0008123946,APP011,2026-03-12,failed,97862.71,JPY,AMER,CP0376,FX,TDR0141,BOOK_A,2025-10-23
TXN0001041569,APP006,2025-03-06,pending,852068.13,CHF,APAC,CP0179,OPTION,TDR0172,BOOK_D,2025-07-25
TXN0001596960,APP004,2025-06-25,reversed,359503.28,JPY,EMEA,CP0292,FUTURE,TDR0094,BOOK_D,2025-08-09
TXN0000468958,APP018,2026-04-09,reversed,351488.69,JPY,EMEA,CP0317,OPTION,TDR0061,BOOK_C,2025-04-20
TXN0006054902,APP017,2026-03-22,active,86105.45,CHF,AMER,CP0384,FUTURE,TDR0101,BOOK_C,2025-05-01
TXN0004239966,APP008,2025-02-25,failed,813357.58,AUD,EMEA,CP0442,SWAP,TDR0171,BOOK_A,2025-08-11
TXN0009894668,APP002,2025-04-27,active,821267.83,USD,APAC,CP0446,FX,TDR0169,BOOK_A,2025-12-19
TXN0000238040,APP003,2025-03-22,pending,84186.09,CHF,AMER,CP0025,OPTION,TDR0133,BOOK_D,2025-12-13
TXN0001252489,APP013,2025-05-26,active,32791.6,CHF,LATAM,CP0137,FX,TDR0195,BOOK_A,2026-04-12
TXN0007358834,APP001,2025-08-06,reversed,497678.57,CHF,EMEA,CP0281,EQUITY,TDR0115,BOOK_A,2025-05-28
TXN0007764258,APP016,2025-08-21,failed,789950.96,GBP,LATAM,CP0491,BOND,TDR0053,BOOK_B,2025-05-22
TXN0004698248,APP014,2026-01-27,failed,854880.35,CHF,AMER,CP0044,OPTION,TDR0049,BOOK_D,2025-10-25
TXN0002999015,APP016,2025-05-01,active,513522.23,EUR,EMEA,CP0312,SWAP,TDR0016,BOOK_B,2025-12-18
TXN0005084478,APP008,2026-02-20,failed,406669.68,CHF,APAC,CP0362,EQUITY,TDR0195,BOOK_D,2025-08-25
TXN0002091865,APP008,2025-04-03,reversed,253807.99,EUR,AMER,CP0329,OPTION,TDR0081,BOOK_C,2025-02-03
TXN0001186835,APP009,2025-09-08,settled,63337.37,EUR,APAC,CP0268,SWAP,TDR0182,BOOK_A,2025-12-02
TXN0005784382,APP012,2026-02-09,settled,405011.65,EUR,AMER,CP0109,FUTURE,TDR0196,BOOK_C,2026-02-27
TXN0004653306,APP007,2025-09-11,failed,155315.97,JPY,LATAM,CP0276,EQUITY,TDR0007,BOOK_A,2025-08-24
TXN0000456335,APP006,2025-01-11,settled,813090.6,EUR,AMER,CP0168,FUTURE,TDR0133,BOOK_D,2025-02-01
TXN0004843021,APP007,2025-03-25,settled,225986.26,EUR,AMER,CP0394,FX,TDR0023,BOOK_B,2025-07-18
TXN0001885038,APP017,2025-04-26,settled,326974.29,AUD,AMER,CP0050,BOND,TDR0160,BOOK_C,2025-03-01
TXN0005187523,APP019,2025-07-02,active,292846.81,EUR,APAC,CP0407,OPTION,TDR0098,BOOK_A,2026-03-14
TXN0002565722,APP015,2025-11-25,settled,557191.03,GBP,EMEA,CP0037,OPTION,TDR0192,BOOK_C,2025-01-16
TXN0004605117,APP016,2026-02-26,settled,187517.35,JPY,EMEA,CP0399,EQUITY,TDR0152,BOOK_D,2025-03-01
TXN0008852625,APP002,2025-03-29,pending,335196.51,AUD,AMER,CP0169,FX,TDR0141,BOOK_D,2025-04-01
TXN0004592544,APP016,2025-06-08,failed,584927.72,JPY,AMER,CP0180,BOND,TDR0141,BOOK_D,2025-04-02
TXN0002030535,APP012,2026-02-18,reversed,739500.32,CHF,LATAM,CP0239,SWAP,TDR0092,BOOK_B,2025-10-06
TXN0000665750,APP007,2025-03-06,failed,654150.12,CHF,AMER,CP0436,FUTURE,TDR0042,BOOK_B,2026-04-04
TXN0005067026,APP013,2025-04-18,reversed,857440.17,CHF,APAC,CP0352,OPTION,TDR0059,BOOK_B,2025-12-26
TXN0008109441,APP008,2025-03-30,active,647023.67,GBP,EMEA,CP0453,SWAP,TDR0192,BOOK_B,2026-02-25
TXN0007147608,APP012,2025-07-06,failed,415813.71,EUR,APAC,CP0342,SWAP,TDR0134,BOOK_D,2025-08-04
TXN0000232534,APP020,2025-09-29,settled,667419.81,CHF,LATAM,CP0170,BOND,TDR0160,BOOK_C,2025-06-02
TXN0000680429,APP011,2025-06-16,active,666159.57,GBP,LATAM,CP0050,BOND,TDR0112,BOOK_D,2025-02-19
TXN0001839573,APP015,2025-01-08,reversed,139609.8,JPY,APAC,CP0445,FX,TDR0043,BOOK_A,2025-07-21
TXN0001677396,APP018,2025-11-09,pending,301740.99,CHF,AMER,CP0443,SWAP,TDR0151,BOOK_D,2025-03-28
TXN0006770363,APP002,2025-05-17,settled,199414.53,GBP,EMEA,CP0396,SWAP,TDR0188,BOOK_D,2026-02-19
TXN0004914445,APP007,2025-08-28,pending,380105.69,GBP,AMER,CP0132,EQUITY,TDR0135,BOOK_B,2026-04-08
TXN0006638023,APP001,2025-09-19,settled,385506.52,USD,APAC,CP0076,FUTURE,TDR0011,BOOK_D,2025-08-27
TXN0002419957,APP019,2026-01-17,failed,287268.79,EUR,EMEA,CP0234,OPTION,TDR0023,BOOK_C,2026-01-26
TXN0005663375,APP017,2025-03-15,settled,730740.79,AUD,APAC,CP0304,EQUITY,TDR0076,BOOK_B,2026-02-07
TXN0005660563,APP018,2025-09-04,reversed,822258.71,AUD,LATAM,CP0249,FX,TDR0114,BOOK_A,2025-12-23
TXN0009133813,APP014,2025-05-14,active,997625.3,USD,APAC,CP0492,EQUITY,TDR0133,BOOK_A,2025-07-12
TXN0007444219,APP014,2025-04-26,failed,588211.59,USD,APAC,CP0152,SWAP,TDR0176,BOOK_B,2026-03-06
TXN0004496493,APP003,2025-04-18,failed,668978.52,USD,APAC,CP0164,FX,TDR0120,BOOK_C,2025-04-28
TXN0007174418,APP020,2025-07-03,failed,785685.58,AUD,AMER,CP0003,OPTION,TDR0115,BOOK_A,2025-03-10
TXN0000427798,APP002,2025-02-23,active,597016.77,JPY,APAC,CP0146,FUTURE,TDR0011,BOOK_C,2026-02-23
TXN0004260375,APP018,2025-02-06,active,29089.56,JPY,EMEA,CP0402,FX,TDR0093,BOOK_C,2025-12-14
TXN0008472617,APP010,2026-03-16,active,190333.9,JPY,LATAM,CP0153,EQUITY,TDR0126,BOOK_B,2025-06-02
TXN0002728723,APP002,2026-01-25,reversed,948157.12,JPY,AMER,CP0335,FX,TDR0192,BOOK_C,2025-10-07
TXN0004999548,APP019,2025-09-16,reversed,235697.72,CHF,AMER,CP0344,FUTURE,TDR0140,BOOK_B,2026-01-22
TXN0001413882,APP001,2025-10-16,reversed,639589.94,EUR,LATAM,CP0180,OPTION,TDR0062,BOOK_C,2025-12-11
TXN0009646922,APP003,2026-03-17,reversed,336394.42,AUD,APAC,CP0336,FUTURE,TDR0015,BOOK_C,2025-11-13
TXN0008241299,APP020,2025-05-07,reversed,289140.04,GBP,LATAM,CP0431,FUTURE,TDR0146,BOOK_C,2025-08-16
TXN0001803496,APP019,2025-05-02,active,739290.39,CHF,LATAM,CP0005,EQUITY,TDR0113,BOOK_B,2025-01-15
TXN0009950115,APP011,2025-02-08,failed,293884.72,GBP,APAC,CP0156,FUTURE,TDR0016,BOOK_C,2025-06-02
TXN0008627745,APP015,2026-04-05,active,700828.67,CHF,LATAM,CP0164,FX,TDR0169,BOOK_D,2025-08-21
TXN0003688872,APP017,2025-01-30,pending,957250.19,EUR,AMER,CP0292,EQUITY,TDR0017,BOOK_A,2025-06-14
TXN0003256775,APP017,2025-02-02,settled,188287.64,JPY,EMEA,CP0248,FUTURE,TDR0123,BOOK_D,2025-12-19
TXN0004631346,APP001,2025-10-09,reversed,954951.48,GBP,AMER,CP0401,SWAP,TDR0082,BOOK_B,2026-03-08
TXN0009856615,APP014,2025-12-16,settled,857891.85,AUD,EMEA,CP0369,EQUITY,TDR0086,BOOK_A,2025-11-20
TXN0000600370,APP015,2025-08-31,reversed,95224.9,CHF,APAC,CP0339,EQUITY,TDR0138,BOOK_C,2025-05-21
TXN0008149919,APP013,2026-01-14,active,637504.94,AUD,AMER,CP0349,EQUITY,TDR0115,BOOK_C,2025-08-07
TXN0005720779,APP007,2025-09-28,settled,749781.61,AUD,EMEA,CP0482,BOND,TDR0082,BOOK_A,2025-11-02
TXN0001324250,APP018,2026-04-06,pending,479958.2,GBP,AMER,CP0038,BOND,TDR0008,BOOK_A,2025-05-12
TXN0001909708,APP012,2026-03-06,reversed,678320.1,JPY,AMER,CP0131,FX,TDR0011,BOOK_D,2025-06-01
TXN0003680488,APP007,2025-06-11,failed,542807.0,CHF,LATAM,CP0488,FX,TDR0120,BOOK_C,2025-09-30
TXN0001881048,APP003,2025-10-23,failed,253196.53,AUD,AMER,CP0394,BOND,TDR0097,BOOK_A,2025-11-07
TXN0005433797,APP017,2026-02-26,pending,457470.24,GBP,LATAM,CP0315,FUTURE,TDR0156,BOOK_B,2026-03-06
TXN0006608408,APP009,2026-02-25,settled,2148.46,CHF,EMEA,CP0059,OPTION,TDR0028,BOOK_B,2025-07-12
TXN0006037674,APP012,2025-06-06,active,999075.41,GBP,LATAM,CP0454,EQUITY,TDR0135,BOOK_C,2025-07-12
TXN0003972678,APP020,2025-01-17,failed,112578.54,JPY,APAC,CP0142,OPTION,TDR0106,BOOK_A,2026-01-04
TXN0001600925,APP010,2025-06-12,active,734135.54,GBP,AMER,CP0153,EQUITY,TDR0137,BOOK_B,2026-03-23
TXN0002069019,APP018,2025-06-08,failed,991381.22,AUD,AMER,CP0001,BOND,TDR0073,BOOK_B,2025-06-04
TXN0009500787,APP013,2025-08-03,pending,429143.14,AUD,LATAM,CP0333,FX,TDR0185,BOOK_D,2025-04-03
TXN0004339115,APP015,2025-03-02,reversed,286820.83,JPY,EMEA,CP0427,EQUITY,TDR0004,BOOK_A,2025-01-08
TXN0007221875,APP006,2025-02-05,pending,25751.53,USD,APAC,CP0243,EQUITY,TDR0158,BOOK_C,2025-11-03
TXN0005698524,APP005,2025-04-12,reversed,276106.87,EUR,AMER,CP0372,SWAP,TDR0003,BOOK_D,2025-01-25
TXN0001536202,APP017,2025-01-17,pending,816361.2,GBP,LATAM,CP0202,FUTURE,TDR0182,BOOK_D,2026-03-03
TXN0008543165,APP005,2025-04-29,failed,730111.59,AUD,EMEA,CP0086,EQUITY,TDR0050,BOOK_C,2026-02-23
TXN0009368610,APP004,2026-01-31,pending,397588.99,JPY,APAC,CP0070,FX,TDR0104,BOOK_A,2025-11-21
TXN0001229339,APP014,2025-07-31,failed,275017.0,AUD,AMER,CP0467,FUTURE,TDR0158,BOOK_C,2025-04-08
TXN0001941242,APP005,2025-11-27,settled,900333.37,EUR,APAC,CP0321,FUTURE,TDR0164,BOOK_C,2025-07-07
TXN0007638586,APP008,2025-02-20,active,671613.92,JPY,EMEA,CP0104,SWAP,TDR0184,BOOK_A,2026-03-24
TXN0008553652,APP018,2025-01-23,pending,482822.68,USD,AMER,CP0195,OPTION,TDR0065,BOOK_D,2025-02-07
TXN0001489652,APP016,2025-04-15,reversed,683348.29,JPY,EMEA,CP0257,EQUITY,TDR0080,BOOK_A,2025-10-27
TXN0005107192,APP010,2025-03-18,reversed,321330.77,EUR,AMER,CP0216,FX,TDR0154,BOOK_A,2025-09-23
TXN0003833048,APP007,2025-07-28,pending,713399.05,USD,AMER,CP0464,FX,TDR0155,BOOK_A,2026-01-05
TXN0006082440,APP005,2026-01-26,active,683925.51,CHF,LATAM,CP0119,BOND,TDR0060,BOOK_D,2025-04-02
TXN0002209747,APP017,2026-03-03,failed,167458.36,CHF,AMER,CP0061,OPTION,TDR0177,BOOK_D,2025-09-08
TXN0004093386,APP002,2025-08-27,reversed,696362.51,AUD,AMER,CP0247,FUTURE,TDR0192,BOOK_B,2025-05-07
TXN0009852002,APP016,2026-03-27,pending,64561.91,JPY,AMER,CP0144,FUTURE,TDR0162,BOOK_A,2025-10-09
TXN0008451900,APP011,2025-04-06,active,577076.6,USD,AMER,CP0108,SWAP,TDR0146,BOOK_D,2026-02-25
TXN0001024007,APP009,2025-08-03,reversed,82281.66,EUR,APAC,CP0298,FUTURE,TDR0180,BOOK_A,2025-08-23
TXN0000752598,APP020,2025-08-20,pending,782848.34,JPY,AMER,CP0081,SWAP,TDR0068,BOOK_C,2025-03-18
TXN0004577377,APP004,2025-01-23,active,684352.06,EUR,AMER,CP0324,FUTURE,TDR0125,BOOK_B,2026-03-19
TXN0000276027,APP011,2026-01-26,failed,444586.27,EUR,APAC,CP0331,BOND,TDR0079,BOOK_D,2025-04-09
TXN0006781776,APP005,2025-09-04,failed,556271.92,GBP,EMEA,CP0262,FX,TDR0170,BOOK_B,2025-10-17
TXN0004665585,APP013,2025-06-21,failed,2411.04,JPY,APAC,CP0006,FUTURE,TDR0199,BOOK_B,2025-10-05
TXN0000062956,APP007,2025-04-04,active,534132.12,JPY,LATAM,CP0297,OPTION,TDR0184,BOOK_B,2025-03-04
TXN0004964762,APP020,2025-01-23,failed,889583.68,EUR,LATAM,CP0313,SWAP,TDR0003,BOOK_D,2025-11-30
TXN0004668290,APP004,2025-05-30,failed,614390.76,EUR,AMER,CP0329,EQUITY,TDR0141,BOOK_C,2025-05-15
TXN0006650303,APP016,2025-09-21,active,723143.51,AUD,EMEA,CP0372,FX,TDR0143,BOOK_B,2025-04-03
TXN0003151487,APP020,2025-06-08,settled,421925.57,AUD,EMEA,CP0198,SWAP,TDR0057,BOOK_A,2025-08-28
TXN0006890929,APP007,2025-08-25,active,934995.16,JPY,LATAM,CP0007,SWAP,TDR0107,BOOK_B,2025-09-04
TXN0009631590,APP002,2026-02-23,settled,197673.19,AUD,EMEA,CP0319,EQUITY,TDR0126,BOOK_D,2025-09-19
TXN0001077760,APP013,2025-12-01,settled,315943.24,CHF,AMER,CP0235,EQUITY,TDR0039,BOOK_D,2026-03-07
TXN0002625635,APP010,2025-08-29,reversed,195045.33,CHF,AMER,CP0223,FX,TDR0151,BOOK_C,2025-06-20
TXN0002790000,APP011,2025-01-02,failed,507901.71,USD,AMER,CP0102,SWAP,TDR0105,BOOK_D,2025-11-06
TXN0004941725,APP020,2025-09-28,active,793645.56,AUD,LATAM,CP0344,EQUITY,TDR0134,BOOK_D,2025-10-26
TXN0005118027,APP002,2025-09-18,pending,411584.26,JPY,AMER,CP0181,BOND,TDR0108,BOOK_C,2025-01-27
TXN0001660802,APP011,2025-05-20,active,853023.58,JPY,LATAM,CP0371,OPTION,TDR0096,BOOK_D,2025-12-19
TXN0000161519,APP015,2026-03-19,pending,31398.86,USD,APAC,CP0177,FX,TDR0039,BOOK_B,2026-03-11
TXN0009101987,APP012,2025-03-19,settled,966197.63,AUD,APAC,CP0347,OPTION,TDR0064,BOOK_A,2025-11-24
TXN0001222745,APP011,2026-01-08,active,496925.65,JPY,AMER,CP0352,FX,TDR0064,BOOK_A,2025-03-30
TXN0002971954,APP009,2025-07-27,settled,975173.01,USD,LATAM,CP0154,EQUITY,TDR0180,BOOK_A,2025-01-04
TXN0007505096,APP018,2025-12-05,pending,956758.29,JPY,EMEA,CP0481,SWAP,TDR0135,BOOK_D,2025-07-24
TXN0004991254,APP013,2025-10-01,failed,469939.65,JPY,LATAM,CP0065,BOND,TDR0179,BOOK_B,2025-01-31
TXN0002053488,APP016,2025-08-03,pending,240247.48,GBP,EMEA,CP0152,BOND,TDR0143,BOOK_D,2026-02-11
TXN0000768295,APP010,2025-01-17,settled,530675.17,CHF,APAC,CP0424,FUTURE,TDR0059,BOOK_D,2025-11-09
TXN0003397912,APP015,2025-06-12,settled,538026.21,USD,EMEA,CP0314,SWAP,TDR0016,BOOK_B,2025-05-25
TXN0007516991,APP008,2026-02-03,settled,103793.04,JPY,APAC,CP0446,FUTURE,TDR0013,BOOK_D,2025-12-06
TXN0007955784,APP019,2025-06-07,pending,64013.92,JPY,EMEA,CP0214,EQUITY,TDR0160,BOOK_D,2025-10-09
TXN0000616150,APP018,2025-11-12,settled,994523.06,EUR,EMEA,CP0375,FUTURE,TDR0160,BOOK_A,2025-08-02
TXN0009246836,APP006,2025-11-19,settled,715779.05,EUR,AMER,CP0202,EQUITY,TDR0072,BOOK_C,2025-06-14
TXN0009027285,APP016,2026-04-09,settled,991773.07,AUD,APAC,CP0360,FUTURE,TDR0003,BOOK_C,2025-12-27
TXN0004916328,APP018,2025-02-25,reversed,103875.38,CHF,LATAM,CP0040,BOND,TDR0159,BOOK_B,2025-08-30
TXN0004377452,APP008,2025-09-05,pending,452444.33,USD,AMER,CP0135,EQUITY,TDR0077,BOOK_A,2025-12-29
TXN0001361198,APP020,2025-05-04,settled,389418.24,GBP,LATAM,CP0132,SWAP,TDR0087,BOOK_B,2025-10-23
TXN0007803518,APP013,2025-03-06,settled,312065.15,EUR,APAC,CP0289,FUTURE,TDR0112,BOOK_C,2025-03-24
TXN0000268470,APP001,2026-03-10,settled,446652.34,JPY,EMEA,CP0044,FX,TDR0105,BOOK_B,2025-11-27
TXN0008565284,APP004,2025-01-15,pending,845518.23,CHF,LATAM,CP0392,SWAP,TDR0037,BOOK_D,2025-02-06
TXN0009732428,APP017,2025-05-21,settled,583219.21,AUD,APAC,CP0118,BOND,TDR0052,BOOK_D,2025-08-19
TXN0006254200,APP007,2026-03-13,failed,115794.1,JPY,LATAM,CP0449,OPTION,TDR0004,BOOK_C,2025-08-10
TXN0007492159,APP005,2025-03-24,pending,286480.08,AUD,AMER,CP0252,EQUITY,TDR0049,BOOK_C,2025-09-02
TXN0000253117,APP019,2025-01-30,pending,6023.19,CHF,APAC,CP0336,EQUITY,TDR0170,BOOK_D,2025-02-26
TXN0001996244,APP015,2025-10-13,reversed,568677.85,JPY,LATAM,CP0172,OPTION,TDR0017,BOOK_D,2026-03-31
TXN0008377518,APP016,2025-12-30,reversed,211514.57,GBP,LATAM,CP0029,FX,TDR0145,BOOK_B,2025-04-18
TXN0009085765,APP019,2025-10-06,settled,430235.48,USD,AMER,CP0396,BOND,TDR0040,BOOK_A,2026-01-02
TXN0005395110,APP016,2025-11-02,active,174311.8,EUR,LATAM,CP0457,OPTION,TDR0051,BOOK_B,2025-12-28
TXN0003666030,APP019,2025-12-04,settled,505550.28,USD,APAC,CP0268,OPTION,TDR0143,BOOK_B,2025-11-22
TXN0008841027,APP001,2025-07-26,reversed,230738.48,EUR,APAC,CP0110,FUTURE,TDR0132,BOOK_B,2025-11-24
TXN0000013828,APP002,2025-06-01,active,172724.6,EUR,LATAM,CP0081,FX,TDR0075,BOOK_B,2025-11-18
TXN0002999884,APP008,2025-04-09,reversed,880615.46,JPY,LATAM,CP0275,SWAP,TDR0180,BOOK_C,2025-06-05
TXN0003893614,APP017,2025-01-30,failed,236863.7,CHF,EMEA,CP0188,EQUITY,TDR0116,BOOK_A,2025-07-19
TXN0004346110,APP002,2025-07-02,active,867161.09,CHF,LATAM,CP0158,OPTION,TDR0042,BOOK_A,2025-12-09
TXN0007053551,APP015,2025-05-15,reversed,831519.09,GBP,EMEA,CP0047,SWAP,TDR0099,BOOK_A,2025-05-21
TXN0007318868,APP002,2025-01-05,failed,713132.93,AUD,LATAM,CP0308,BOND,TDR0162,BOOK_D,2025-02-04
TXN0002208695,APP006,2025-12-11,active,33859.85,EUR,EMEA,CP0112,BOND,TDR0159,BOOK_C,2025-08-13
TXN0007207839,APP016,2026-01-01,pending,682442.85,USD,APAC,CP0496,BOND,TDR0065,BOOK_C,2025-05-13
TXN0001690474,APP017,2025-01-15,pending,199331.22,GBP,EMEA,CP0480,OPTION,TDR0036,BOOK_B,2026-02-03
TXN0000017660,APP001,2025-10-20,pending,882765.63,CHF,AMER,CP0055,SWAP,TDR0032,BOOK_B,2026-01-12
TXN0005922799,APP013,2025-12-24,failed,705530.51,EUR,EMEA,CP0212,SWAP,TDR0110,BOOK_B,2025-08-18
TXN0003455005,APP008,2025-09-01,reversed,622731.76,JPY,AMER,CP0012,EQUITY,TDR0095,BOOK_B,2025-07-04
TXN0000049163,APP008,2025-03-25,pending,137625.22,JPY,LATAM,CP0431,FX,TDR0177,BOOK_A,2025-07-09
TXN0000089865,APP010,2026-01-10,active,941392.63,CHF,APAC,CP0380,FUTURE,TDR0053,BOOK_C,2025-06-29
TXN0000777075,APP013,2025-01-03,reversed,940309.45,GBP,LATAM,CP0467,SWAP,TDR0167,BOOK_C,2025-07-26
TXN0000160866,APP001,2025-04-30,settled,464826.51,GBP,LATAM,CP0441,EQUITY,TDR0075,BOOK_A,2025-10-31
TXN0005614245,APP006,2025-09-15,active,294020.42,EUR,APAC,CP0461,SWAP,TDR0101,BOOK_B,2025-06-25
TXN0004409010,APP016,2025-08-08,settled,787632.45,EUR,LATAM,CP0049,OPTION,TDR0162,BOOK_C,2025-01-25
TXN0007292112,APP015,2026-02-19,active,517617.46,AUD,AMER,CP0074,FUTURE,TDR0147,BOOK_A,2025-09-14
TXN0001828334,APP014,2025-01-12,pending,891758.15,GBP,APAC,CP0202,EQUITY,TDR0126,BOOK_C,2025-02-27
TXN0003261633,APP009,2025-07-31,settled,929835.28,GBP,EMEA,CP0025,BOND,TDR0162,BOOK_C,2025-01-26
TXN0001901019,APP011,2025-03-21,reversed,486376.41,USD,AMER,CP0388,SWAP,TDR0086,BOOK_B,2025-04-16
TXN0006975223,APP001,2025-10-16,pending,881929.43,JPY,AMER,CP0063,SWAP,TDR0134,BOOK_C,2026-03-08
TXN0000081396,APP013,2025-05-05,settled,778915.25,JPY,EMEA,CP0453,OPTION,TDR0181,BOOK_B,2025-04-04
TXN0001388201,APP006,2025-09-10,pending,360848.13,AUD,LATAM,CP0361,FX,TDR0085,BOOK_D,2025-10-23
TXN0002474141,APP011,2025-12-22,reversed,597801.14,CHF,APAC,CP0194,FUTURE,TDR0167,BOOK_D,2025-12-26
TXN0004796810,APP004,2026-03-18,failed,314890.69,CHF,AMER,CP0480,EQUITY,TDR0037,BOOK_C,2025-06-25
TXN0007578993,APP020,2025-09-09,reversed,910968.96,GBP,EMEA,CP0382,FUTURE,TDR0192,BOOK_A,2026-04-02
TXN0007953592,APP010,2026-03-24,failed,413223.03,AUD,LATAM,CP0088,FUTURE,TDR0118,BOOK_C,2025-09-11
TXN0006758493,APP018,2025-10-10,settled,379137.75,AUD,LATAM,CP0092,EQUITY,TDR0190,BOOK_C,2025-03-30
TXN0008652264,APP006,2025-04-24,pending,716570.87,EUR,APAC,CP0288,FX,TDR0191,BOOK_D,2026-03-31
TXN0006455875,APP005,2025-02-22,active,583329.26,EUR,APAC,CP0217,FUTURE,TDR0042,BOOK_B,2026-03-16
TXN0006321934,APP001,2026-01-18,settled,418683.33,EUR,EMEA,CP0049,OPTION,TDR0099,BOOK_A,2025-06-30
TXN0003278846,APP012,2025-05-13,failed,74403.79,GBP,AMER,CP0457,EQUITY,TDR0024,BOOK_D,2025-11-11
TXN0008550080,APP017,2026-03-05,active,679463.56,AUD,LATAM,CP0451,EQUITY,TDR0152,BOOK_D,2025-08-16
TXN0003472557,APP001,2025-11-13,pending,485260.63,AUD,LATAM,CP0006,FX,TDR0186,BOOK_B,2025-12-31
TXN0005060793,APP016,2025-12-09,reversed,849359.86,USD,LATAM,CP0287,EQUITY,TDR0111,BOOK_C,2025-03-14
TXN0002908124,APP001,2026-03-17,failed,785252.49,JPY,EMEA,CP0368,SWAP,TDR0005,BOOK_D,2025-11-03
TXN0000942828,APP018,2025-08-23,pending,184170.26,EUR,EMEA,CP0252,OPTION,TDR0153,BOOK_D,2025-03-14
TXN0006729920,APP009,2025-06-12,settled,617785.67,USD,AMER,CP0409,FUTURE,TDR0042,BOOK_B,2025-07-20
TXN0001954896,APP015,2025-08-28,reversed,361405.24,GBP,EMEA,CP0064,OPTION,TDR0140,BOOK_B,2025-04-05
TXN0002392001,APP008,2025-01-06,pending,67258.47,CHF,AMER,CP0034,EQUITY,TDR0062,BOOK_A,2025-03-03
TXN0001082936,APP019,2025-07-09,active,906352.5,AUD,EMEA,CP0279,EQUITY,TDR0030,BOOK_D,2026-03-10
TXN0000014071,APP014,2025-09-22,reversed,772212.56,GBP,AMER,CP0264,FUTURE,TDR0185,BOOK_B,2025-10-20
TXN0008131758,APP001,2026-02-21,reversed,807804.01,JPY,APAC,CP0198,SWAP,TDR0055,BOOK_B,2025-09-17
TXN0009514896,APP017,2025-08-19,reversed,171445.26,GBP,APAC,CP0494,FUTURE,TDR0044,BOOK_A,2026-03-14
TXN0001019737,APP010,2025-03-16,pending,485219.66,JPY,LATAM,CP0030,FX,TDR0177,BOOK_B,2026-02-11
TXN0005773138,APP017,2026-01-23,active,55530.68,AUD,EMEA,CP0125,SWAP,TDR0059,BOOK_D,2025-10-18
TXN0004607707,APP010,2025-10-04,reversed,203259.36,USD,APAC,CP0029,FUTURE,TDR0097,BOOK_B,2025-04-05
TXN0007055897,APP013,2026-03-06,pending,94697.0,CHF,AMER,CP0202,EQUITY,TDR0075,BOOK_B,2025-05-30
TXN0002772930,APP020,2025-02-06,settled,42065.79,GBP,APAC,CP0048,SWAP,TDR0096,BOOK_D,2025-05-01
TXN0006347592,APP020,2025-08-05,settled,174115.09,CHF,AMER,CP0008,SWAP,TDR0062,BOOK_C,2026-01-16
TXN0004639504,APP005,2025-04-24,reversed,15461.75,GBP,LATAM,CP0077,FUTURE,TDR0011,BOOK_C,2025-05-21
TXN0009883486,APP014,2025-11-06,active,355634.07,CHF,AMER,CP0414,FX,TDR0156,BOOK_C,2025-04-07
TXN0008535266,APP010,2025-09-07,settled,754242.27,CHF,AMER,CP0468,FUTURE,TDR0098,BOOK_C,2025-03-22
TXN0000479486,APP003,2026-02-19,reversed,705832.42,USD,LATAM,CP0065,OPTION,TDR0169,BOOK_C,2025-12-08
TXN0004028059,APP015,2025-06-11,failed,674178.97,AUD,AMER,CP0371,SWAP,TDR0072,BOOK_D,2026-03-09
TXN0008413391,APP020,2026-02-10,failed,504908.69,AUD,EMEA,CP0177,BOND,TDR0194,BOOK_D,2025-12-15
TXN0001776399,APP015,2026-03-31,reversed,453223.01,GBP,AMER,CP0073,FUTURE,TDR0146,BOOK_B,2025-07-14
TXN0000156639,APP015,2025-05-08,pending,133469.15,USD,AMER,CP0455,BOND,TDR0174,BOOK_B,2025-11-20
TXN0002546399,APP003,2026-02-26,pending,857396.35,USD,AMER,CP0226,BOND,TDR0051,BOOK_B,2025-08-22
TXN0008586712,APP003,2025-08-21,pending,892472.79,AUD,LATAM,CP0475,FUTURE,TDR0101,BOOK_D,2025-09-16
TXN0001926194,APP018,2025-12-10,failed,918911.41,EUR,LATAM,CP0047,SWAP,TDR0074,BOOK_B,2025-08-20
TXN0006152270,APP001,2025-04-10,failed,260380.06,USD,APAC,CP0119,FX,TDR0074,BOOK_A,2025-08-21
TXN0003078540,APP013,2025-11-20,reversed,583975.57,JPY,EMEA,CP0094,FUTURE,TDR0063,BOOK_A,2025-11-22
TXN0003597758,APP017,2025-02-20,failed,811734.79,USD,APAC,CP0258,SWAP,TDR0154,BOOK_B,2025-09-21
TXN0000863200,APP001,2025-09-13,settled,302882.76,CHF,EMEA,CP0465,OPTION,TDR0199,BOOK_A,2025-12-03
TXN0008020720,APP020,2025-06-12,failed,920162.31,AUD,AMER,CP0052,FX,TDR0166,BOOK_C,2025-09-13
TXN0000790968,APP008,2025-04-30,active,471284.19,EUR,LATAM,CP0388,FUTURE,TDR0131,BOOK_B,2025-10-05
TXN0007021446,APP016,2025-11-15,failed,591798.43,JPY,EMEA,CP0448,EQUITY,TDR0024,BOOK_D,2026-02-27
TXN0004121024,APP002,2025-11-10,reversed,829159.91,AUD,LATAM,CP0496,FX,TDR0163,BOOK_B,2025-12-10
TXN0003206117,APP013,2025-07-03,failed,302488.65,CHF,LATAM,CP0482,SWAP,TDR0148,BOOK_D,2025-03-28
TXN0008554678,APP005,2025-02-19,active,553323.29,GBP,AMER,CP0017,BOND,TDR0169,BOOK_D,2025-08-25
TXN0008132809,APP001,2025-09-30,failed,656720.65,CHF,LATAM,CP0152,BOND,TDR0197,BOOK_A,2026-02-02
TXN0006967674,APP005,2025-04-11,settled,700264.05,CHF,LATAM,CP0495,OPTION,TDR0189,BOOK_C,2025-11-27
TXN0007532132,APP005,2025-01-07,active,481452.86,GBP,APAC,CP0319,FUTURE,TDR0157,BOOK_A,2025-08-28
TXN0009925014,APP015,2025-01-06,reversed,950849.45,JPY,AMER,CP0048,EQUITY,TDR0180,BOOK_A,2026-03-11
TXN0004922487,APP019,2025-07-23,settled,776672.0,EUR,EMEA,CP0345,BOND,TDR0152,BOOK_D,2025-03-03
TXN0007724540,APP007,2025-06-06,pending,331211.96,AUD,AMER,CP0058,SWAP,TDR0179,BOOK_A,2025-07-12
TXN0004641767,APP004,2025-10-22,active,805335.51,GBP,APAC,CP0228,SWAP,TDR0031,BOOK_D,2025-12-08
TXN0009795891,APP005,2026-01-30,failed,775953.1,CHF,APAC,CP0353,SWAP,TDR0041,BOOK_A,2026-02-07
TXN0004478327,APP003,2025-08-25,settled,308428.75,JPY,AMER,CP0188,SWAP,TDR0121,BOOK_B,2025-12-21
TXN0007682254,APP011,2026-03-13,pending,680301.44,USD,EMEA,CP0399,BOND,TDR0184,BOOK_A,2025-11-03
TXN0007425300,APP002,2025-03-07,active,116658.53,GBP,AMER,CP0322,FX,TDR0082,BOOK_D,2025-02-18
TXN0004414023,APP001,2025-10-23,reversed,373027.97,USD,APAC,CP0107,EQUITY,TDR0142,BOOK_B,2025-11-02
TXN0001002102,APP017,2026-01-15,failed,225742.22,AUD,EMEA,CP0405,FX,TDR0087,BOOK_D,2026-01-23
TXN0005729568,APP001,2025-05-04,failed,467595.31,CHF,EMEA,CP0437,OPTION,TDR0182,BOOK_A,2025-09-28
TXN0007530682,APP009,2025-09-15,pending,487726.6,USD,EMEA,CP0345,EQUITY,TDR0021,BOOK_A,2026-01-09
TXN0000677862,APP016,2025-08-06,reversed,150501.05,CHF,LATAM,CP0347,EQUITY,TDR0020,BOOK_D,2025-07-20
TXN0004488823,APP006,2025-01-30,settled,12838.29,EUR,EMEA,CP0256,FX,TDR0154,BOOK_B,2025-02-05
TXN0000956278,APP014,2025-02-15,failed,848094.33,EUR,EMEA,CP0093,OPTION,TDR0013,BOOK_C,2025-02-22
TXN0005891896,APP019,2026-02-21,pending,276122.14,USD,AMER,CP0271,OPTION,TDR0171,BOOK_A,2025-04-06
TXN0000598423,APP014,2025-07-13,pending,700091.91,EUR,EMEA,CP0476,EQUITY,TDR0043,BOOK_A,2025-10-28
TXN0007731041,APP011,2025-04-11,active,133608.84,AUD,AMER,CP0078,FX,TDR0190,BOOK_C,2025-10-05
TXN0007934304,APP020,2025-09-16,pending,238208.53,CHF,APAC,CP0182,SWAP,TDR0190,BOOK_C,2025-01-02
TXN0003404300,APP017,2025-05-29,failed,854024.97,AUD,AMER,CP0230,OPTION,TDR0010,BOOK_C,2025-02-24
TXN0008550626,APP016,2025-02-14,active,589744.8,JPY,EMEA,CP0194,FX,TDR0158,BOOK_A,2026-01-11
TXN0002459767,APP014,2025-03-08,active,493849.81,AUD,APAC,CP0038,SWAP,TDR0144,BOOK_D,2025-09-27
TXN0006865749,APP011,2026-01-27,pending,470849.32,EUR,APAC,CP0267,EQUITY,TDR0015,BOOK_A,2025-08-27
TXN0004797819,APP016,2025-09-26,settled,25370.77,USD,EMEA,CP0282,FUTURE,TDR0082,BOOK_C,2025-03-05
TXN0002681179,APP017,2025-11-07,pending,358579.97,GBP,AMER,CP0036,SWAP,TDR0093,BOOK_D,2025-05-02
TXN0006981519,APP013,2025-10-28,reversed,223585.28,USD,EMEA,CP0106,FUTURE,TDR0005,BOOK_D,2025-02-22
TXN0004261250,APP003,2026-01-16,pending,855892.14,EUR,APAC,CP0250,EQUITY,TDR0030,BOOK_B,2026-04-10
TXN0004975935,APP019,2026-01-02,reversed,769812.14,CHF,AMER,CP0142,FX,TDR0170,BOOK_C,2025-06-25
TXN0000738272,APP005,2025-06-18,pending,652586.87,AUD,APAC,CP0100,EQUITY,TDR0162,BOOK_D,2025-05-04
TXN0006952038,APP001,2026-01-12,pending,356894.26,CHF,AMER,CP0322,OPTION,TDR0058,BOOK_D,2025-08-02
TXN0005319478,APP017,2025-07-28,active,371863.41,EUR,AMER,CP0229,FX,TDR0189,BOOK_A,2025-05-18
TXN0007093727,APP018,2025-08-13,pending,395081.71,CHF,LATAM,CP0227,OPTION,TDR0085,BOOK_B,2025-12-13
TXN0003528447,APP009,2025-05-26,active,149431.72,GBP,APAC,CP0292,BOND,TDR0099,BOOK_A,2025-11-04
TXN0005831822,APP007,2026-01-05,settled,397858.97,JPY,AMER,CP0092,FX,TDR0194,BOOK_B,2025-08-15
TXN0005570449,APP019,2025-07-30,reversed,510078.47,CHF,LATAM,CP0271,BOND,TDR0048,BOOK_D,2026-03-24
TXN0000026879,APP020,2025-09-01,failed,907518.84,JPY,APAC,CP0102,BOND,TDR0105,BOOK_D,2025-06-12
TXN0000079779,APP003,2025-03-15,pending,249745.89,JPY,LATAM,CP0196,SWAP,TDR0058,BOOK_B,2025-01-26
TXN0005355241,APP007,2025-04-08,active,658682.25,JPY,AMER,CP0262,FUTURE,TDR0184,BOOK_C,2025-10-05
TXN0003398382,APP012,2025-05-12,failed,951737.93,GBP,AMER,CP0047,FUTURE,TDR0028,BOOK_B,2025-02-25
TXN0000149334,APP005,2025-02-13,pending,981195.86,EUR,AMER,CP0156,FUTURE,TDR0009,BOOK_D,2025-11-19
TXN0002859041,APP020,2025-12-03,failed,950626.23,USD,EMEA,CP0253,FX,TDR0101,BOOK_D,2025-05-13
TXN0006969531,APP002,2025-09-12,failed,983322.27,AUD,AMER,CP0394,FX,TDR0095,BOOK_B,2025-10-01
TXN0003209289,APP007,2025-07-17,reversed,613036.44,JPY,EMEA,CP0019,SWAP,TDR0065,BOOK_D,2026-04-14
TXN0004356303,APP001,2025-12-27,settled,545396.81,GBP,EMEA,CP0096,EQUITY,TDR0174,BOOK_D,2026-03-17
TXN0006680009,APP015,2026-04-04,settled,159521.79,EUR,AMER,CP0489,BOND,TDR0130,BOOK_A,2025-01-15
TXN0007038449,APP017,2025-07-15,failed,123869.26,EUR,APAC,CP0326,EQUITY,TDR0161,BOOK_A,2026-01-24
TXN0008474944,APP020,2026-04-03,pending,601590.13,JPY,AMER,CP0445,BOND,TDR0178,BOOK_D,2025-01-25
TXN0008357981,APP003,2025-08-26,pending,2768.35,EUR,EMEA,CP0403,OPTION,TDR0046,BOOK_B,2025-10-18
TXN0008943421,APP006,2025-07-08,active,23934.23,USD,AMER,CP0448,FX,TDR0002,BOOK_A,2026-01-26
TXN0007160490,APP010,2025-10-20,pending,322793.19,AUD,EMEA,CP0487,SWAP,TDR0122,BOOK_A,2026-03-19
TXN0001402419,APP018,2025-04-24,pending,888948.88,AUD,LATAM,CP0452,SWAP,TDR0087,BOOK_C,2025-03-13
TXN0003072790,APP017,2026-01-12,active,373608.21,USD,LATAM,CP0355,SWAP,TDR0155,BOOK_D,2025-02-11
TXN0006228650,APP020,2025-09-17,pending,999469.78,CHF,AMER,CP0281,EQUITY,TDR0118,BOOK_A,2025-06-28
TXN0007933183,APP015,2025-04-22,pending,504374.96,EUR,APAC,CP0081,BOND,TDR0122,BOOK_D,2025-07-15
TXN0000689678,APP018,2025-11-07,active,249257.6,JPY,LATAM,CP0048,FX,TDR0062,BOOK_D,2025-07-09
TXN0001836613,APP001,2025-06-20,reversed,867256.45,GBP,APAC,CP0408,BOND,TDR0047,BOOK_C,2025-06-08
TXN0002850648,APP020,2025-08-29,active,756504.05,AUD,LATAM,CP0494,FUTURE,TDR0191,BOOK_A,2025-12-05
TXN0004819852,APP015,2025-12-02,pending,754085.07,EUR,APAC,CP0425,SWAP,TDR0021,BOOK_C,2025-01-26
TXN0005991250,APP018,2026-01-16,reversed,953541.08,EUR,EMEA,CP0228,EQUITY,TDR0078,BOOK_A,2025-07-08
TXN0006339772,APP001,2026-04-06,reversed,796226.64,EUR,LATAM,CP0309,SWAP,TDR0184,BOOK_B,2025-02-06
TXN0003346676,APP005,2026-03-11,active,434346.81,CHF,AMER,CP0245,FUTURE,TDR0032,BOOK_B,2025-09-11
TXN0008259515,APP007,2025-05-31,pending,306153.91,JPY,EMEA,CP0467,BOND,TDR0107,BOOK_D,2026-01-25
TXN0002061598,APP020,2025-11-08,reversed,846370.07,GBP,APAC,CP0128,OPTION,TDR0189,BOOK_A,2026-02-14
TXN0006954221,APP020,2025-10-24,active,697255.44,USD,AMER,CP0395,OPTION,TDR0116,BOOK_A,2025-04-06
TXN0001847520,APP018,2026-04-13,reversed,744818.6,CHF,LATAM,CP0009,SWAP,TDR0155,BOOK_C,2026-02-15
TXN0003148370,APP017,2025-12-12,settled,302419.46,CHF,LATAM,CP0123,SWAP,TDR0097,BOOK_C,2025-12-09
TXN0003474801,APP007,2025-09-19,failed,234852.22,USD,APAC,CP0079,SWAP,TDR0092,BOOK_D,2025-01-09
TXN0006902310,APP005,2025-02-07,settled,361534.29,AUD,LATAM,CP0486,EQUITY,TDR0086,BOOK_B,2025-03-21
TXN0001628142,APP019,2025-06-21,active,243850.42,EUR,APAC,CP0159,FX,TDR0045,BOOK_D,2025-08-05
TXN0009563496,APP012,2026-01-11,active,132136.92,USD,LATAM,CP0334,OPTION,TDR0078,BOOK_C,2025-07-27
TXN0000060477,APP013,2025-10-11,pending,881810.7,CHF,EMEA,CP0158,SWAP,TDR0020,BOOK_D,2025-02-27
TXN0003806240,APP007,2026-01-26,reversed,36300.85,USD,EMEA,CP0273,EQUITY,TDR0054,BOOK_D,2026-03-14
TXN0000509018,APP009,2025-07-01,failed,642069.77,JPY,EMEA,CP0088,EQUITY,TDR0180,BOOK_C,2025-08-26
TXN0006281381,APP017,2025-08-06,settled,546238.6,CHF,APAC,CP0202,EQUITY,TDR0193,BOOK_D,2026-03-25
TXN0004616591,APP007,2026-02-14,failed,843559.0,USD,LATAM,CP0354,OPTION,TDR0192,BOOK_C,2025-03-23
TXN0002014754,APP017,2026-04-10,reversed,162729.78,EUR,APAC,CP0373,BOND,TDR0017,BOOK_A,2025-02-27
TXN0008613145,APP015,2025-07-09,pending,552209.66,CHF,AMER,CP0094,EQUITY,TDR0026,BOOK_D,2025-03-15
TXN0009351262,APP003,2025-11-09,settled,50829.66,CHF,APAC,CP0071,FX,TDR0138,BOOK_D,2025-10-14
TXN0005070886,APP013,2025-11-23,active,454875.41,AUD,EMEA,CP0329,FUTURE,TDR0047,BOOK_D,2025-03-29
TXN0006280795,APP014,2025-07-06,reversed,241494.94,CHF,EMEA,CP0129,FX,TDR0175,BOOK_B,2025-06-03
TXN0005325690,APP018,2025-02-23,pending,643676.68,JPY,AMER,CP0022,FX,TDR0013,BOOK_B,2025-09-24
TXN0001092586,APP018,2025-02-07,settled,693136.01,EUR,APAC,CP0085,FX,TDR0143,BOOK_C,2025-07-06
TXN0008593295,APP011,2025-06-19,pending,70450.43,AUD,EMEA,CP0242,EQUITY,TDR0100,BOOK_B,2025-02-21
TXN0003904006,APP008,2026-01-08,failed,421313.36,EUR,LATAM,CP0431,FUTURE,TDR0013,BOOK_A,2025-07-25
TXN0006595492,APP009,2025-05-04,reversed,653418.92,USD,LATAM,CP0295,OPTION,TDR0200,BOOK_D,2025-10-14
TXN0004758790,APP007,2026-01-15,reversed,471166.25,AUD,LATAM,CP0331,EQUITY,TDR0032,BOOK_D,2025-12-04
TXN0001298382,APP019,2025-08-30,settled,340670.8,EUR,AMER,CP0265,FUTURE,TDR0123,BOOK_D,2025-01-04
TXN0008337852,APP007,2026-01-20,settled,503360.33,CHF,APAC,CP0441,FX,TDR0168,BOOK_B,2025-07-21
TXN0000715673,APP004,2025-02-17,settled,33036.51,USD,APAC,CP0478,OPTION,TDR0187,BOOK_A,2025-09-13
TXN0007325706,APP011,2025-09-21,reversed,448474.7,USD,EMEA,CP0442,BOND,TDR0123,BOOK_C,2026-02-14
TXN0002971382,APP020,2025-08-13,settled,351485.96,AUD,EMEA,CP0378,FUTURE,TDR0195,BOOK_B,2025-12-05
TXN0006318851,APP006,2026-04-10,settled,188098.01,CHF,APAC,CP0411,FX,TDR0036,BOOK_B,2025-11-06
TXN0000223800,APP012,2025-06-05,active,936280.76,JPY,EMEA,CP0060,EQUITY,TDR0112,BOOK_A,2026-02-24
TXN0009573845,APP003,2025-08-15,reversed,798696.73,CHF,AMER,CP0181,FX,TDR0002,BOOK_A,2025-11-04
TXN0008366049,APP018,2025-01-24,active,859557.33,JPY,EMEA,CP0356,EQUITY,TDR0027,BOOK_D,2025-01-04
TXN0007575973,APP020,2026-03-02,reversed,968498.68,AUD,LATAM,CP0486,OPTION,TDR0055,BOOK_A,2026-03-19
TXN0006494054,APP001,2025-11-16,failed,381769.91,CHF,LATAM,CP0203,OPTION,TDR0089,BOOK_B,2025-09-17
TXN0004564971,APP001,2025-10-18,settled,269520.61,USD,AMER,CP0254,BOND,TDR0103,BOOK_D,2025-12-22
TXN0009744996,APP012,2025-04-05,active,801607.35,GBP,APAC,CP0324,FX,TDR0051,BOOK_A,2025-01-16
TXN0005336083,APP015,2025-12-16,active,551793.26,AUD,AMER,CP0121,EQUITY,TDR0069,BOOK_D,2025-05-30
TXN0004818429,APP002,2025-03-12,failed,52013.77,JPY,APAC,CP0314,SWAP,TDR0154,BOOK_D,2025-03-02
TXN0004693231,APP007,2025-03-28,settled,871886.75,EUR,EMEA,CP0014,FX,TDR0108,BOOK_D,2025-09-29
TXN0002983846,APP017,2026-02-24,pending,33811.5,AUD,EMEA,CP0308,BOND,TDR0045,BOOK_C,2025-05-03
TXN0001392409,APP020,2025-05-18,failed,453884.16,JPY,EMEA,CP0149,FX,TDR0040,BOOK_A,2026-02-13
TXN0002005802,APP014,2025-03-22,active,205991.36,JPY,LATAM,CP0052,FUTURE,TDR0040,BOOK_B,2025-10-16
TXN0002401129,APP003,2025-04-21,failed,455262.33,JPY,LATAM,CP0202,EQUITY,TDR0122,BOOK_D,2025-04-30
TXN0006240879,APP001,2025-01-05,failed,923452.6,EUR,AMER,CP0344,EQUITY,TDR0185,BOOK_A,2026-03-11
TXN0003739096,APP017,2025-03-09,reversed,84633.99,JPY,AMER,CP0399,OPTION,TDR0136,BOOK_D,2025-11-30
TXN0008421035,APP012,2026-02-16,active,109644.95,JPY,LATAM,CP0093,SWAP,TDR0192,BOOK_B,2025-06-15
TXN0009338407,APP004,2025-09-09,failed,631912.39,GBP,EMEA,CP0205,BOND,TDR0164,BOOK_D,2025-06-09
TXN0005913443,APP019,2025-05-16,failed,113042.66,GBP,APAC,CP0034,FX,TDR0049,BOOK_C,2026-01-17
TXN0002625018,APP016,2026-02-28,reversed,499725.41,USD,APAC,CP0060,FX,TDR0003,BOOK_A,2025-10-19
TXN0003226329,APP001,2025-11-02,pending,958767.43,GBP,LATAM,CP0063,EQUITY,TDR0173,BOOK_A,2026-03-09
TXN0004150175,APP012,2026-04-08,reversed,331173.71,EUR,APAC,CP0377,FX,TDR0084,BOOK_A,2025-06-27
TXN0005463934,APP014,2026-03-12,pending,769522.81,CHF,LATAM,CP0409,BOND,TDR0168,BOOK_B,2025-02-10
TXN0006615865,APP019,2026-03-22,failed,54887.19,AUD,LATAM,CP0064,FUTURE,TDR0073,BOOK_D,2025-05-26
TXN0006805947,APP013,2025-12-13,active,748071.52,AUD,LATAM,CP0037,OPTION,TDR0127,BOOK_C,2025-04-10
TXN0004758268,APP017,2026-02-08,active,988319.74,GBP,EMEA,CP0233,SWAP,TDR0072,BOOK_B,2025-01-13
TXN0005914792,APP013,2025-07-11,active,244222.91,JPY,EMEA,CP0055,FUTURE,TDR0122,BOOK_D,2025-03-16
TXN0004268391,APP018,2025-11-13,settled,983074.54,JPY,AMER,CP0169,FUTURE,TDR0075,BOOK_C,2025-03-23
TXN0002122241,APP001,2026-03-21,settled,275161.17,CHF,AMER,CP0364,EQUITY,TDR0029,BOOK_D,2025-01-10
TXN0000915309,APP013,2025-03-12,pending,827293.42,JPY,EMEA,CP0195,FX,TDR0003,BOOK_B,2025-01-16
TXN0006977205,APP005,2025-09-08,settled,194835.95,GBP,AMER,CP0423,FUTURE,TDR0064,BOOK_B,2025-04-03
TXN0006134433,APP001,2025-10-08,settled,982701.55,EUR,EMEA,CP0140,OPTION,TDR0092,BOOK_A,2026-01-18
TXN0002577827,APP014,2026-03-12,pending,564334.8,CHF,APAC,CP0454,SWAP,TDR0055,BOOK_D,2025-11-24
TXN0009662120,APP011,2026-04-03,active,573422.63,CHF,AMER,CP0433,EQUITY,TDR0161,BOOK_D,2025-08-19
TXN0009150452,APP016,2025-10-24,failed,250785.77,GBP,EMEA,CP0240,FUTURE,TDR0068,BOOK_A,2025-07-07
TXN0000684451,APP020,2025-12-08,failed,149954.69,AUD,EMEA,CP0146,SWAP,TDR0137,BOOK_A,2025-04-03
TXN0008229078,APP008,2025-04-10,active,626344.83,GBP,LATAM,CP0265,FUTURE,TDR0150,BOOK_B,2025-12-11
TXN0008685857,APP010,2025-12-31,pending,16780.74,AUD,APAC,CP0124,SWAP,TDR0029,BOOK_D,2026-02-12
TXN0007728475,APP011,2025-02-05,settled,873808.93,USD,LATAM,CP0220,BOND,TDR0014,BOOK_B,2026-02-22
TXN0004486810,APP014,2025-12-25,active,658119.42,EUR,LATAM,CP0004,FUTURE,TDR0017,BOOK_C,2025-08-31
TXN0008031742,APP008,2026-01-08,reversed,421960.54,GBP,LATAM,CP0314,EQUITY,TDR0133,BOOK_B,2026-04-06
TXN0004963495,APP011,2026-03-27,failed,480123.36,AUD,APAC,CP0359,FUTURE,TDR0025,BOOK_D,2026-03-23
TXN0007308004,APP017,2025-05-12,failed,388215.51,CHF,AMER,CP0219,BOND,TDR0176,BOOK_D,2025-02-10
TXN0004594846,APP008,2025-02-22,active,826730.33,JPY,EMEA,CP0386,EQUITY,TDR0023,BOOK_C,2025-06-23
TXN0005848291,APP010,2025-09-10,settled,722394.22,CHF,LATAM,CP0059,FUTURE,TDR0010,BOOK_A,2025-10-08
TXN0008212682,APP008,2025-01-30,reversed,349625.68,GBP,AMER,CP0065,OPTION,TDR0145,BOOK_D,2026-04-10
TXN0007880604,APP018,2025-07-05,active,370808.82,CHF,APAC,CP0293,SWAP,TDR0111,BOOK_A,2025-07-13
TXN0003369253,APP003,2025-06-06,settled,805926.09,AUD,AMER,CP0284,EQUITY,TDR0087,BOOK_D,2025-01-29
TXN0008564247,APP011,2025-12-09,failed,346052.78,JPY,LATAM,CP0477,SWAP,TDR0046,BOOK_A,2025-04-18
TXN0009600328,APP002,2025-01-12,failed,848812.84,USD,EMEA,CP0485,EQUITY,TDR0051,BOOK_C,2026-02-23
TXN0009061859,APP020,2026-04-06,settled,212628.33,AUD,AMER,CP0215,EQUITY,TDR0061,BOOK_B,2025-08-09
TXN0000565981,APP002,2025-11-06,settled,464874.68,AUD,APAC,CP0347,EQUITY,TDR0049,BOOK_A,2025-11-19
TXN0004402554,APP010,2025-04-27,reversed,604871.54,GBP,AMER,CP0237,BOND,TDR0078,BOOK_C,2025-06-26
TXN0006328895,APP006,2025-01-05,failed,566903.3,EUR,EMEA,CP0367,BOND,TDR0004,BOOK_A,2025-02-03
TXN0001462383,APP011,2025-02-25,settled,283412.9,EUR,AMER,CP0367,FUTURE,TDR0151,BOOK_D,2025-08-16
TXN0001593560,APP005,2026-02-05,failed,748508.01,USD,AMER,CP0410,BOND,TDR0034,BOOK_B,2025-09-11
TXN0001154137,APP009,2025-02-25,reversed,64000.06,GBP,LATAM,CP0292,EQUITY,TDR0150,BOOK_A,2025-02-05
TXN0003974501,APP017,2025-01-28,pending,807259.3,AUD,EMEA,CP0377,SWAP,TDR0071,BOOK_B,2025-09-16
TXN0008848386,APP014,2026-01-09,failed,393712.78,CHF,APAC,CP0343,FX,TDR0187,BOOK_A,2025-06-14
TXN0004972294,APP012,2025-04-14,settled,477440.13,CHF,APAC,CP0021,EQUITY,TDR0004,BOOK_B,2025-12-17
TXN0005995630,APP009,2025-09-13,settled,573337.1,EUR,LATAM,CP0027,SWAP,TDR0146,BOOK_D,2025-06-16
TXN0005857076,APP002,2025-11-03,pending,498914.39,USD,APAC,CP0120,SWAP,TDR0006,BOOK_D,2025-08-16
TXN0001225024,APP016,2025-11-23,active,524625.15,JPY,LATAM,CP0043,OPTION,TDR0008,BOOK_D,2025-10-26
TXN0007599874,APP016,2025-07-11,failed,603420.75,CHF,LATAM,CP0092,BOND,TDR0073,BOOK_A,2025-05-05
TXN0001170710,APP012,2025-08-16,reversed,18047.89,USD,EMEA,CP0215,FUTURE,TDR0007,BOOK_B,2025-12-30
TXN0002625450,APP004,2025-05-14,pending,632016.83,GBP,AMER,CP0290,FUTURE,TDR0138,BOOK_A,2025-04-01
TXN0004171943,APP019,2026-02-09,reversed,421655.94,AUD,LATAM,CP0440,BOND,TDR0063,BOOK_B,2026-01-18
TXN0005466074,APP008,2026-01-22,reversed,551729.91,AUD,LATAM,CP0214,OPTION,TDR0023,BOOK_D,2025-04-17
TXN0006120330,APP003,2025-08-29,active,115380.15,AUD,EMEA,CP0085,FUTURE,TDR0120,BOOK_B,2026-04-07
TXN0006118450,APP007,2025-06-24,failed,475549.51,USD,AMER,CP0136,FX,TDR0111,BOOK_A,2025-03-10
TXN0007334756,APP017,2025-09-30,settled,736610.43,USD,LATAM,CP0020,EQUITY,TDR0067,BOOK_C,2025-10-02
TXN0001415950,APP004,2025-04-03,failed,186162.66,CHF,EMEA,CP0059,FUTURE,TDR0122,BOOK_A,2025-07-20
TXN0002581902,APP010,2025-01-02,reversed,370849.83,CHF,AMER,CP0119,BOND,TDR0071,BOOK_C,2025-05-25
TXN0005929025,APP007,2025-03-17,settled,142325.31,GBP,LATAM,CP0029,FUTURE,TDR0128,BOOK_B,2025-04-21
TXN0007722358,APP002,2026-02-01,pending,931231.46,CHF,EMEA,CP0453,BOND,TDR0198,BOOK_D,2025-07-25
TXN0006114214,APP004,2025-06-08,active,229824.5,CHF,LATAM,CP0253,OPTION,TDR0136,BOOK_D,2025-11-13
TXN0007800999,APP004,2025-03-12,failed,365982.56,JPY,LATAM,CP0234,EQUITY,TDR0130,BOOK_A,2025-06-10
TXN0009789815,APP017,2025-04-23,active,480859.95,CHF,APAC,CP0470,FUTURE,TDR0002,BOOK_A,2025-09-16
TXN0005101046,APP016,2026-03-29,reversed,157721.96,JPY,EMEA,CP0337,SWAP,TDR0108,BOOK_C,2025-06-06
TXN0006440138,APP018,2025-12-02,reversed,835282.42,USD,EMEA,CP0147,EQUITY,TDR0147,BOOK_D,2025-02-20
TXN0003630261,APP008,2025-02-22,failed,122514.46,GBP,LATAM,CP0136,OPTION,TDR0074,BOOK_A,2025-06-01
TXN0009216603,APP007,2025-09-29,failed,357571.69,USD,LATAM,CP0049,FUTURE,TDR0002,BOOK_C,2025-11-20
TXN0005029523,APP014,2025-03-30,active,793023.87,JPY,AMER,CP0062,SWAP,TDR0075,BOOK_D,2025-03-20
TXN0007899113,APP017,2025-09-22,active,741078.97,GBP,LATAM,CP0206,EQUITY,TDR0197,BOOK_C,2025-01-19
TXN0004530971,APP003,2025-07-03,settled,547995.24,JPY,EMEA,CP0002,SWAP,TDR0091,BOOK_D,2026-02-14
TXN0006626082,APP006,2026-02-17,settled,131602.94,JPY,APAC,CP0458,SWAP,TDR0058,BOOK_B,2025-07-18
TXN0005744350,APP018,2025-11-08,failed,992108.76,JPY,AMER,CP0497,FUTURE,TDR0147,BOOK_D,2025-09-07
TXN0000457782,APP017,2025-03-07,reversed,321618.1,USD,LATAM,CP0180,BOND,TDR0089,BOOK_D,2026-02-05
TXN0001718700,APP016,2025-12-10,settled,141995.07,AUD,APAC,CP0141,SWAP,TDR0031,BOOK_A,2025-05-04
TXN0009937604,APP012,2025-01-16,reversed,371208.42,USD,APAC,CP0108,BOND,TDR0174,BOOK_A,2025-04-23
TXN0007089466,APP011,2025-04-22,settled,296913.27,EUR,AMER,CP0324,BOND,TDR0140,BOOK_A,2025-06-12
TXN0000902211,APP017,2026-02-19,reversed,911418.66,GBP,AMER,CP0322,SWAP,TDR0087,BOOK_D,2025-09-07
TXN0002863258,APP007,2025-09-09,active,428337.7,GBP,LATAM,CP0146,OPTION,TDR0045,BOOK_A,2025-03-24
TXN0000380534,APP009,2026-02-27,settled,361257.18,JPY,APAC,CP0399,OPTION,TDR0152,BOOK_B,2025-09-15
TXN0008779057,APP003,2026-01-05,active,421814.49,AUD,APAC,CP0118,BOND,TDR0068,BOOK_D,2025-03-21
TXN0007222840,APP011,2026-02-17,settled,730892.98,CHF,APAC,CP0242,FX,TDR0132,BOOK_D,2025-05-20
TXN0008872424,APP014,2025-10-19,reversed,647118.87,GBP,LATAM,CP0363,SWAP,TDR0001,BOOK_A,2025-01-02
TXN0009750262,APP001,2025-05-19,pending,325291.9,CHF,LATAM,CP0174,FX,TDR0121,BOOK_A,2025-07-02
TXN0006356369,APP011,2025-08-21,settled,9913.6,USD,LATAM,CP0423,FUTURE,TDR0160,BOOK_D,2025-03-13
TXN0008341596,APP008,2025-08-16,reversed,397443.55,GBP,AMER,CP0285,BOND,TDR0194,BOOK_B,2026-04-10
TXN0004844000,APP015,2025-04-08,settled,780353.77,JPY,APAC,CP0189,FUTURE,TDR0110,BOOK_D,2025-11-14
TXN0008448933,APP005,2025-11-04,settled,878652.82,EUR,APAC,CP0492,SWAP,TDR0170,BOOK_A,2025-07-25
TXN0003985698,APP002,2025-08-17,active,771921.95,EUR,APAC,CP0302,BOND,TDR0065,BOOK_C,2025-01-01
TXN0005904472,APP017,2025-05-01,active,303224.87,GBP,APAC,CP0124,BOND,TDR0141,BOOK_C,2025-04-21
TXN0009814140,APP005,2026-02-02,settled,925718.48,GBP,EMEA,CP0064,FX,TDR0003,BOOK_D,2025-07-27
TXN0003285439,APP006,2026-02-17,failed,804749.11,EUR,AMER,CP0472,EQUITY,TDR0051,BOOK_C,2025-03-07
TXN0003913503,APP006,2025-01-16,reversed,709295.2,AUD,LATAM,CP0310,EQUITY,TDR0062,BOOK_C,2025-07-19
TXN0004525849,APP005,2025-05-14,pending,746960.87,JPY,APAC,CP0033,FUTURE,TDR0060,BOOK_B,2025-02-09
TXN0006178142,APP020,2025-11-19,failed,212654.39,EUR,LATAM,CP0430,BOND,TDR0070,BOOK_D,2025-04-01
TXN0002432222,APP020,2025-05-30,settled,459724.94,GBP,EMEA,CP0169,FX,TDR0020,BOOK_C,2025-09-14
TXN0002290627,APP014,2026-02-08,pending,318573.56,AUD,EMEA,CP0136,SWAP,TDR0179,BOOK_C,2025-01-21
TXN0002957552,APP013,2025-05-29,active,388112.73,EUR,EMEA,CP0046,FUTURE,TDR0117,BOOK_C,2025-09-23
TXN0008648474,APP002,2025-09-05,settled,816412.3,EUR,LATAM,CP0348,FX,TDR0129,BOOK_C,2025-09-29
TXN0008296700,APP009,2025-10-03,reversed,777873.96,AUD,APAC,CP0090,FX,TDR0134,BOOK_B,2026-02-16
TXN0008063273,APP016,2025-05-21,active,794890.0,EUR,EMEA,CP0288,FX,TDR0111,BOOK_D,2025-04-29
TXN0003411476,APP018,2025-06-19,active,408543.9,JPY,APAC,CP0007,OPTION,TDR0131,BOOK_B,2026-03-13
TXN0007135568,APP019,2025-10-26,reversed,310028.87,EUR,LATAM,CP0174,BOND,TDR0133,BOOK_A,2025-06-16
TXN0001080485,APP014,2025-10-24,failed,701893.26,EUR,EMEA,CP0204,SWAP,TDR0097,BOOK_B,2026-01-25
TXN0009060332,APP007,2026-03-24,active,680469.41,GBP,EMEA,CP0341,EQUITY,TDR0122,BOOK_D,2025-08-23
TXN0009321939,APP019,2025-09-15,active,677042.17,GBP,EMEA,CP0371,SWAP,TDR0053,BOOK_A,2025-12-01
TXN0008398941,APP001,2025-01-31,failed,319489.76,CHF,LATAM,CP0107,FUTURE,TDR0193,BOOK_C,2025-04-10
TXN0006771448,APP009,2025-03-20,pending,955655.64,GBP,LATAM,CP0413,SWAP,TDR0064,BOOK_D,2025-09-28
TXN0009237995,APP020,2025-08-12,failed,588394.24,AUD,APAC,CP0276,FX,TDR0138,BOOK_A,2025-12-12
TXN0003567117,APP012,2025-10-13,settled,457972.12,CHF,APAC,CP0168,EQUITY,TDR0008,BOOK_A,2026-04-03
TXN0004019852,APP012,2025-12-23,settled,311427.7,GBP,EMEA,CP0380,FX,TDR0069,BOOK_B,2025-08-25
TXN0008278849,APP015,2025-03-01,pending,455192.6,EUR,APAC,CP0249,OPTION,TDR0089,BOOK_B,2025-04-08
TXN0007354616,APP011,2026-03-31,reversed,866674.03,CHF,AMER,CP0002,BOND,TDR0197,BOOK_D,2026-04-10
TXN0000751963,APP018,2025-12-23,failed,210659.88,CHF,EMEA,CP0282,SWAP,TDR0070,BOOK_C,2025-12-20
TXN0000685705,APP012,2025-01-24,failed,765538.49,AUD,LATAM,CP0051,SWAP,TDR0022,BOOK_C,2025-03-03
TXN0003163045,APP010,2025-03-10,failed,914240.36,GBP,AMER,CP0364,SWAP,TDR0095,BOOK_D,2025-02-11
TXN0005809725,APP005,2026-02-24,failed,913767.24,JPY,AMER,CP0370,OPTION,TDR0038,BOOK_A,2025-06-01
TXN0000388234,APP001,2025-05-21,settled,515545.0,JPY,APAC,CP0275,FUTURE,TDR0010,BOOK_C,2025-11-03
TXN0003810642,APP011,2025-12-30,reversed,142637.65,EUR,AMER,CP0077,EQUITY,TDR0014,BOOK_B,2025-08-11
TXN0004305797,APP011,2026-01-25,failed,7089.89,EUR,AMER,CP0220,BOND,TDR0097,BOOK_C,2025-04-24
TXN0008301922,APP020,2025-04-11,pending,624490.67,CHF,APAC,CP0274,OPTION,TDR0130,BOOK_D,2025-05-05
TXN0009931581,APP019,2025-02-28,reversed,212563.68,EUR,LATAM,CP0395,SWAP,TDR0015,BOOK_C,2026-03-14
TXN0006310431,APP006,2025-08-01,active,454780.13,JPY,APAC,CP0430,OPTION,TDR0144,BOOK_C,2025-11-10
TXN0000786443,APP015,2026-03-29,pending,15865.93,JPY,EMEA,CP0224,SWAP,TDR0175,BOOK_B,2025-02-10
TXN0007925758,APP008,2025-12-31,active,60683.97,CHF,APAC,CP0317,SWAP,TDR0109,BOOK_B,2025-01-12
TXN0003659460,APP002,2025-09-12,reversed,511684.97,CHF,EMEA,CP0478,OPTION,TDR0142,BOOK_D,2026-01-30
TXN0000054384,APP015,2026-02-23,active,453299.35,CHF,EMEA,CP0294,BOND,TDR0069,BOOK_B,2025-01-12
TXN0000021309,APP003,2025-09-16,reversed,269943.77,USD,LATAM,CP0032,BOND,TDR0182,BOOK_D,2025-07-29
TXN0001381640,APP016,2025-12-31,active,140945.3,CHF,AMER,CP0284,EQUITY,TDR0058,BOOK_B,2025-05-22
TXN0006503949,APP002,2025-04-09,failed,124055.88,EUR,LATAM,CP0463,SWAP,TDR0029,BOOK_D,2025-03-23
TXN0000931872,APP018,2026-02-25,failed,360868.77,USD,LATAM,CP0076,BOND,TDR0165,BOOK_B,2025-07-29
TXN0009525337,APP013,2025-03-10,pending,701011.71,JPY,AMER,CP0033,SWAP,TDR0048,BOOK_A,2025-02-02
TXN0004081694,APP004,2026-02-07,active,470654.28,JPY,LATAM,CP0011,EQUITY,TDR0058,BOOK_B,2026-01-21
TXN0005159278,APP018,2026-02-20,failed,355529.96,USD,AMER,CP0021,EQUITY,TDR0114,BOOK_B,2025-02-07
TXN0006210954,APP009,2025-11-01,pending,95791.18,AUD,AMER,CP0456,SWAP,TDR0113,BOOK_D,2025-11-22
TXN0008426452,APP002,2026-02-13,pending,945200.32,EUR,AMER,CP0386,SWAP,TDR0006,BOOK_A,2025-08-29
TXN0006588717,APP020,2025-10-04,failed,816811.82,GBP,LATAM,CP0333,FX,TDR0041,BOOK_C,2025-03-05
TXN0004871154,APP015,2025-04-08,failed,29920.15,CHF,EMEA,CP0443,SWAP,TDR0029,BOOK_D,2025-06-27
TXN0003816576,APP006,2025-02-17,reversed,346848.04,GBP,APAC,CP0072,FUTURE,TDR0160,BOOK_A,2025-01-29
TXN0007535831,APP003,2025-09-30,active,996721.8,USD,LATAM,CP0340,SWAP,TDR0168,BOOK_D,2026-01-10
TXN0000728409,APP020,2026-03-03,settled,455595.63,USD,LATAM,CP0270,FX,TDR0124,BOOK_B,2025-06-13
TXN0000407865,APP010,2025-02-06,settled,813955.33,USD,LATAM,CP0481,FUTURE,TDR0112,BOOK_B,2026-02-20
TXN0004362312,APP007,2025-05-01,pending,407136.39,EUR,LATAM,CP0160,FUTURE,TDR0024,BOOK_B,2025-06-11
TXN0001464965,APP016,2025-11-23,settled,993638.07,AUD,APAC,CP0078,OPTION,TDR0146,BOOK_D,2025-06-24
TXN0003426053,APP020,2025-06-15,settled,717340.09,JPY,EMEA,CP0440,FUTURE,TDR0023,BOOK_A,2026-04-02
TXN0003568336,APP017,2025-03-06,pending,232697.31,GBP,EMEA,CP0300,FX,TDR0147,BOOK_D,2026-03-20
TXN0009551912,APP012,2025-06-30,settled,874149.68,GBP,EMEA,CP0431,BOND,TDR0173,BOOK_A,2025-12-14
TXN0003721667,APP018,2025-07-20,active,434214.14,CHF,APAC,CP0449,BOND,TDR0130,BOOK_A,2026-01-05
TXN0007398907,APP015,2025-08-23,failed,724066.51,AUD,AMER,CP0431,OPTION,TDR0063,BOOK_B,2025-09-18
TXN0001590702,APP002,2026-04-13,failed,941647.71,CHF,EMEA,CP0305,BOND,TDR0148,BOOK_A,2025-04-28
TXN0007811820,APP008,2025-08-30,settled,501843.48,EUR,APAC,CP0350,SWAP,TDR0172,BOOK_A,2025-05-26
TXN0000863214,APP002,2025-09-02,failed,569886.36,JPY,AMER,CP0068,OPTION,TDR0055,BOOK_B,2026-01-23
TXN0001904282,APP007,2025-05-22,pending,178570.12,AUD,LATAM,CP0027,OPTION,TDR0108,BOOK_C,2025-04-25
TXN0005614187,APP011,2026-01-11,pending,791641.31,USD,LATAM,CP0361,SWAP,TDR0048,BOOK_C,2025-05-07
TXN0008449576,APP018,2025-03-02,failed,782543.09,EUR,EMEA,CP0342,FX,TDR0132,BOOK_C,2025-07-02
TXN0000738692,APP005,2025-07-18,active,304744.11,AUD,EMEA,CP0049,FX,TDR0049,BOOK_A,2025-05-27
TXN0008310023,APP011,2025-02-18,active,323186.72,USD,LATAM,CP0335,FUTURE,TDR0022,BOOK_B,2026-01-06
TXN0003280192,APP011,2025-06-05,pending,677422.07,USD,LATAM,CP0059,SWAP,TDR0179,BOOK_C,2026-01-20
TXN0002172303,APP008,2026-01-03,active,716115.7,JPY,AMER,CP0331,SWAP,TDR0084,BOOK_C,2025-09-18
TXN0004596424,APP013,2026-04-02,active,275428.12,EUR,EMEA,CP0123,FUTURE,TDR0171,BOOK_D,2025-03-23
TXN0009970641,APP004,2025-09-19,settled,401548.65,JPY,EMEA,CP0428,OPTION,TDR0140,BOOK_D,2025-06-08
TXN0000228850,APP010,2025-08-21,active,505841.79,USD,EMEA,CP0332,SWAP,TDR0164,BOOK_D,2026-02-11
TXN0003806694,APP013,2025-10-12,settled,283638.99,JPY,APAC,CP0157,FUTURE,TDR0159,BOOK_A,2025-10-05
TXN0008827970,APP016,2025-05-16,failed,481834.42,USD,AMER,CP0498,SWAP,TDR0154,BOOK_A,2026-01-27
TXN0001806501,APP005,2025-07-01,reversed,143644.74,JPY,APAC,CP0220,FX,TDR0078,BOOK_A,2026-03-03
TXN0004945693,APP002,2025-09-07,settled,195139.76,EUR,LATAM,CP0076,OPTION,TDR0071,BOOK_A,2025-06-12
TXN0006165000,APP002,2025-08-08,failed,640629.42,GBP,LATAM,CP0147,SWAP,TDR0020,BOOK_D,2025-10-17
TXN0006964027,APP001,2025-05-19,reversed,857699.08,CHF,AMER,CP0411,BOND,TDR0118,BOOK_D,2026-02-14
TXN0005201858,APP010,2025-02-03,settled,812981.47,GBP,APAC,CP0021,OPTION,TDR0172,BOOK_C,2025-08-03
TXN0006850651,APP019,2025-01-08,failed,274915.63,AUD,AMER,CP0134,FUTURE,TDR0150,BOOK_B,2026-02-15
TXN0008357574,APP020,2025-09-24,reversed,774220.06,USD,LATAM,CP0389,SWAP,TDR0025,BOOK_A,2025-01-15
TXN0002974243,APP020,2025-04-13,settled,620655.13,EUR,AMER,CP0244,FUTURE,TDR0085,BOOK_C,2025-09-08
TXN0004558553,APP008,2025-11-04,failed,855552.04,CHF,APAC,CP0031,FUTURE,TDR0080,BOOK_A,2025-06-07
TXN0009779317,APP008,2025-07-12,failed,406462.8,JPY,AMER,CP0367,EQUITY,TDR0012,BOOK_C,2025-04-14
TXN0006454517,APP013,2025-07-17,reversed,772970.76,GBP,EMEA,CP0136,FX,TDR0015,BOOK_C,2025-12-10
TXN0006506581,APP010,2026-01-01,settled,92398.43,AUD,APAC,CP0441,EQUITY,TDR0174,BOOK_B,2025-09-25
TXN0004045187,APP010,2025-05-08,settled,658525.93,AUD,APAC,CP0016,FX,TDR0001,BOOK_C,2025-03-04
TXN0004268423,APP019,2025-10-17,reversed,961002.09,CHF,LATAM,CP0340,EQUITY,TDR0142,BOOK_D,2025-10-01
TXN0006017003,APP020,2025-01-12,pending,831184.46,USD,APAC,CP0024,FX,TDR0006,BOOK_C,2025-06-21
TXN0008363781,APP018,2025-04-17,reversed,799303.49,USD,LATAM,CP0383,OPTION,TDR0198,BOOK_B,2025-03-29
TXN0008442665,APP005,2026-04-09,reversed,165229.82,AUD,LATAM,CP0437,OPTION,TDR0161,BOOK_C,2025-10-27
TXN0006409639,APP009,2025-12-16,pending,194029.77,CHF,EMEA,CP0235,SWAP,TDR0095,BOOK_D,2025-01-24
TXN0001619553,APP019,2026-02-18,failed,971465.29,EUR,LATAM,CP0274,SWAP,TDR0185,BOOK_B,2025-03-05
TXN0002525605,APP001,2025-07-02,pending,15190.76,JPY,EMEA,CP0227,EQUITY,TDR0187,BOOK_B,2025-11-03
TXN0009475693,APP010,2025-06-02,settled,673165.18,AUD,LATAM,CP0110,BOND,TDR0195,BOOK_A,2025-07-09
TXN0002015771,APP016,2025-07-17,reversed,304593.14,AUD,LATAM,CP0103,SWAP,TDR0168,BOOK_B,2025-03-29
TXN0004765969,APP007,2026-03-16,active,486410.71,JPY,LATAM,CP0250,EQUITY,TDR0030,BOOK_A,2025-06-13
TXN0000463065,APP014,2026-03-05,reversed,208558.24,EUR,APAC,CP0194,FX,TDR0143,BOOK_A,2025-05-17
TXN0007298058,APP010,2025-03-30,reversed,10983.38,CHF,LATAM,CP0336,FX,TDR0100,BOOK_C,2025-08-29
TXN0001406927,APP001,2026-02-14,reversed,890137.26,EUR,EMEA,CP0440,EQUITY,TDR0050,BOOK_D,2026-02-03
TXN0005717641,APP007,2025-04-26,reversed,32306.61,JPY,EMEA,CP0312,OPTION,TDR0015,BOOK_C,2025-04-21
TXN0009911710,APP007,2026-03-29,failed,143106.8,EUR,LATAM,CP0343,FX,TDR0182,BOOK_D,2025-08-14
TXN0000585765,APP017,2025-10-04,failed,88907.28,JPY,LATAM,CP0120,EQUITY,TDR0116,BOOK_B,2025-07-01
TXN0008420820,APP001,2025-03-28,settled,839805.11,AUD,EMEA,CP0320,BOND,TDR0085,BOOK_C,2025-09-12
TXN0009465844,APP020,2026-01-23,pending,535352.88,AUD,APAC,CP0412,EQUITY,TDR0158,BOOK_A,2026-03-11
TXN0009545510,APP002,2026-04-11,reversed,853110.61,JPY,LATAM,CP0485,BOND,TDR0052,BOOK_B,2026-01-29
TXN0000630954,APP020,2025-05-02,active,15054.46,EUR,LATAM,CP0424,OPTION,TDR0058,BOOK_D,2026-01-27
TXN0002246707,APP008,2025-09-20,active,684619.65,GBP,AMER,CP0343,EQUITY,TDR0019,BOOK_D,2025-10-05
TXN0009013983,APP006,2025-05-06,active,873136.67,CHF,EMEA,CP0394,SWAP,TDR0169,BOOK_C,2025-11-02
TXN0004245404,APP018,2026-01-27,pending,557703.8,CHF,LATAM,CP0195,OPTION,TDR0087,BOOK_C,2026-03-12
TXN0006917422,APP019,2025-11-16,active,564846.04,AUD,EMEA,CP0189,FUTURE,TDR0044,BOOK_C,2025-02-19
TXN0002775182,APP018,2025-07-06,pending,256077.49,USD,AMER,CP0419,OPTION,TDR0055,BOOK_A,2025-05-15
TXN0001320047,APP006,2025-01-04,active,219139.85,GBP,EMEA,CP0202,BOND,TDR0180,BOOK_D,2026-01-06
TXN0000157622,APP006,2025-12-18,active,61168.93,AUD,APAC,CP0472,OPTION,TDR0086,BOOK_B,2025-12-01
TXN0006593143,APP010,2025-01-17,active,401183.29,AUD,APAC,CP0087,OPTION,TDR0103,BOOK_C,2025-03-17
TXN0002809964,APP013,2025-06-01,settled,423547.84,JPY,EMEA,CP0385,BOND,TDR0138,BOOK_D,2025-01-17
TXN0008900439,APP020,2025-08-19,settled,554087.44,GBP,LATAM,CP0087,BOND,TDR0151,BOOK_B,2025-01-04
TXN0008036100,APP015,2025-01-20,active,554637.94,CHF,APAC,CP0279,EQUITY,TDR0053,BOOK_C,2025-08-28
TXN0007442945,APP005,2025-09-28,reversed,792521.64,EUR,AMER,CP0074,SWAP,TDR0042,BOOK_D,2025-12-17
TXN0008942601,APP006,2026-04-12,active,955050.0,AUD,APAC,CP0427,BOND,TDR0193,BOOK_C,2026-03-11
TXN0006250694,APP018,2026-01-17,active,817203.72,JPY,EMEA,CP0297,BOND,TDR0068,BOOK_A,2025-05-27
TXN0004535764,APP008,2026-02-25,pending,188333.98,USD,AMER,CP0204,FX,TDR0017,BOOK_A,2025-10-16
TXN0009593395,APP001,2025-06-03,settled,239077.99,AUD,LATAM,CP0099,FUTURE,TDR0135,BOOK_A,2025-10-15
TXN0008578665,APP016,2025-04-01,failed,387579.14,AUD,AMER,CP0307,OPTION,TDR0144,BOOK_A,2026-02-14
TXN0002830226,APP019,2026-01-13,settled,624887.43,JPY,AMER,CP0186,FUTURE,TDR0073,BOOK_A,2025-08-04
TXN0003780757,APP020,2025-08-24,failed,796735.26,GBP,AMER,CP0202,EQUITY,TDR0138,BOOK_B,2026-04-11
TXN0002547524,APP006,2025-04-05,reversed,578634.42,GBP,AMER,CP0418,FUTURE,TDR0045,BOOK_C,2025-11-29
TXN0009883924,APP015,2025-12-09,pending,501719.27,AUD,EMEA,CP0389,FUTURE,TDR0044,BOOK_C,2025-03-17
TXN0004769036,APP004,2025-03-28,settled,17475.51,AUD,EMEA,CP0185,OPTION,TDR0040,BOOK_C,2026-04-04
TXN0004543518,APP020,2026-01-01,pending,78371.03,USD,EMEA,CP0247,BOND,TDR0012,BOOK_C,2026-03-05
TXN0001621155,APP007,2025-04-11,pending,770060.67,JPY,AMER,CP0077,FUTURE,TDR0162,BOOK_D,2025-01-30
TXN0001665456,APP020,2025-10-15,reversed,617952.71,JPY,LATAM,CP0390,OPTION,TDR0094,BOOK_D,2025-02-19
TXN0002044831,APP019,2025-05-30,active,2029.5,CHF,EMEA,CP0184,FUTURE,TDR0031,BOOK_C,2026-03-23
TXN0001769689,APP016,2026-02-18,failed,774.94,GBP,APAC,CP0339,SWAP,TDR0068,BOOK_B,2025-06-22
TXN0008190046,APP003,2025-11-12,pending,725569.38,JPY,APAC,CP0232,EQUITY,TDR0071,BOOK_B,2026-03-29
TXN0002045495,APP014,2025-12-11,active,97103.69,USD,EMEA,CP0073,OPTION,TDR0066,BOOK_B,2025-03-04
TXN0004037305,APP002,2025-03-26,failed,588559.53,USD,AMER,CP0017,OPTION,TDR0073,BOOK_B,2025-09-05
TXN0001028301,APP004,2025-06-20,failed,535964.4,AUD,EMEA,CP0278,BOND,TDR0059,BOOK_B,2025-03-14
TXN0002371460,APP017,2025-03-06,settled,872081.05,EUR,LATAM,CP0005,SWAP,TDR0113,BOOK_A,2025-11-10
TXN0009819246,APP014,2025-04-01,active,657614.87,GBP,LATAM,CP0348,BOND,TDR0073,BOOK_B,2026-03-30
TXN0004920348,APP013,2025-03-25,settled,237382.26,CHF,APAC,CP0111,EQUITY,TDR0085,BOOK_C,2025-04-30
TXN0005397052,APP013,2025-10-12,pending,501771.09,EUR,AMER,CP0250,FUTURE,TDR0124,BOOK_C,2025-10-26
TXN0003511531,APP005,2025-07-23,failed,658954.64,GBP,AMER,CP0158,SWAP,TDR0182,BOOK_C,2025-05-23
TXN0008780876,APP015,2025-12-27,active,589133.81,JPY,LATAM,CP0369,EQUITY,TDR0040,BOOK_A,2025-06-16
TXN0001932074,APP015,2025-07-09,pending,517204.0,CHF,LATAM,CP0149,BOND,TDR0103,BOOK_C,2026-02-14
TXN0001095070,APP002,2025-03-10,active,653326.54,USD,AMER,CP0075,OPTION,TDR0116,BOOK_B,2026-03-01
TXN0002192195,APP004,2025-05-20,active,87142.53,USD,APAC,CP0333,OPTION,TDR0125,BOOK_D,2025-02-14
TXN0006523634,APP014,2026-04-08,failed,255171.73,AUD,AMER,CP0308,OPTION,TDR0035,BOOK_D,2025-03-25
TXN0000307260,APP004,2025-07-05,reversed,81156.24,AUD,APAC,CP0086,BOND,TDR0052,BOOK_C,2025-07-28
TXN0006986348,APP010,2025-06-12,reversed,841413.05,USD,AMER,CP0321,FX,TDR0193,BOOK_C,2025-10-04
TXN0007792555,APP020,2025-08-31,reversed,628071.14,GBP,APAC,CP0284,SWAP,TDR0005,BOOK_D,2025-02-07
TXN0009547152,APP015,2025-05-08,failed,523672.65,AUD,AMER,CP0001,OPTION,TDR0090,BOOK_B,2025-01-10
TXN0002973695,APP014,2025-08-31,pending,568183.69,JPY,EMEA,CP0377,BOND,TDR0050,BOOK_A,2025-06-07
TXN0009316073,APP020,2025-10-27,reversed,448798.15,CHF,AMER,CP0484,FX,TDR0027,BOOK_A,2025-07-16
TXN0009278176,APP006,2025-04-09,settled,680536.32,EUR,LATAM,CP0181,EQUITY,TDR0180,BOOK_B,2025-02-03
TXN0006323411,APP001,2025-08-15,reversed,613706.09,AUD,AMER,CP0444,FX,TDR0035,BOOK_D,2025-03-27
TXN0006346454,APP009,2025-10-17,settled,195051.38,CHF,EMEA,CP0225,FX,TDR0109,BOOK_D,2025-10-19
TXN0009783115,APP001,2025-07-27,settled,264299.45,EUR,AMER,CP0134,FUTURE,TDR0068,BOOK_C,2025-03-28
TXN0007119610,APP011,2025-08-05,failed,272363.15,AUD,APAC,CP0172,BOND,TDR0069,BOOK_C,2025-05-30
TXN0006122251,APP007,2026-03-27,pending,376756.52,USD,EMEA,CP0401,EQUITY,TDR0069,BOOK_D,2025-11-24
TXN0002430507,APP002,2025-01-26,failed,516147.25,EUR,LATAM,CP0151,FUTURE,TDR0033,BOOK_D,2025-04-19
TXN0008954562,APP006,2025-10-22,failed,123211.61,JPY,EMEA,CP0007,BOND,TDR0091,BOOK_B,2025-11-19
TXN0008577946,APP009,2025-09-12,settled,267069.69,CHF,EMEA,CP0080,EQUITY,TDR0017,BOOK_C,2025-04-06
TXN0003001577,APP006,2025-10-25,failed,315603.65,GBP,EMEA,CP0280,BOND,TDR0039,BOOK_C,2025-10-01
TXN0006442948,APP001,2026-03-30,active,984900.77,CHF,LATAM,CP0410,EQUITY,TDR0030,BOOK_C,2025-03-24
TXN0002375984,APP017,2025-06-27,pending,201040.83,GBP,EMEA,CP0276,EQUITY,TDR0054,BOOK_A,2026-02-26
TXN0007305512,APP008,2025-10-13,settled,377381.32,USD,EMEA,CP0486,SWAP,TDR0168,BOOK_A,2026-03-22
TXN0006361037,APP015,2025-01-01,active,407544.51,CHF,AMER,CP0356,BOND,TDR0176,BOOK_B,2025-07-13
TXN0008155913,APP017,2026-01-23,pending,926179.54,USD,EMEA,CP0396,OPTION,TDR0019,BOOK_B,2025-10-27
TXN0000729262,APP016,2026-01-09,settled,973035.27,AUD,AMER,CP0024,OPTION,TDR0021,BOOK_A,2025-02-24
TXN0008469233,APP007,2025-02-12,failed,721269.22,CHF,EMEA,CP0489,FUTURE,TDR0003,BOOK_D,2026-03-13
TXN0002886805,APP005,2025-05-02,failed,262027.91,AUD,LATAM,CP0443,BOND,TDR0163,BOOK_A,2025-07-16
TXN0002318630,APP013,2025-01-06,pending,339726.79,EUR,AMER,CP0447,EQUITY,TDR0041,BOOK_B,2026-03-12
TXN0006185736,APP003,2025-07-10,pending,233276.06,GBP,APAC,CP0078,BOND,TDR0170,BOOK_A,2025-03-05
TXN0001348529,APP008,2025-03-05,pending,548443.42,EUR,APAC,CP0464,OPTION,TDR0178,BOOK_B,2025-10-23
TXN0008824421,APP014,2025-12-09,failed,132609.27,JPY,APAC,CP0343,OPTION,TDR0186,BOOK_A,2025-11-27
TXN0004187163,APP020,2026-03-14,active,405198.08,EUR,AMER,CP0239,SWAP,TDR0056,BOOK_A,2025-08-12
TXN0006948664,APP012,2026-03-18,settled,331195.64,AUD,APAC,CP0152,FX,TDR0065,BOOK_B,2025-08-13
TXN0004751243,APP018,2025-01-22,pending,661828.56,EUR,APAC,CP0263,FX,TDR0021,BOOK_A,2025-03-15
TXN0003476373,APP013,2025-11-03,settled,127335.76,GBP,APAC,CP0116,SWAP,TDR0110,BOOK_B,2026-03-08
TXN0005559788,APP010,2025-07-31,pending,249003.24,GBP,LATAM,CP0057,BOND,TDR0066,BOOK_A,2025-06-12
TXN0002347872,APP015,2026-03-29,active,422035.13,CHF,AMER,CP0068,FUTURE,TDR0005,BOOK_D,2026-01-30
TXN0007724849,APP019,2025-09-13,settled,863797.44,GBP,APAC,CP0005,FX,TDR0118,BOOK_C,2025-08-20
TXN0009662277,APP004,2025-11-01,reversed,730128.25,JPY,LATAM,CP0429,OPTION,TDR0154,BOOK_C,2025-08-28
TXN0004778452,APP015,2025-11-15,active,362357.85,USD,AMER,CP0201,SWAP,TDR0046,BOOK_D,2025-08-14
TXN0009843623,APP006,2025-04-21,failed,817123.06,GBP,LATAM,CP0158,OPTION,TDR0080,BOOK_C,2025-12-10
TXN0006679188,APP018,2025-05-12,settled,910740.7,GBP,EMEA,CP0155,FX,TDR0042,BOOK_B,2025-03-08
TXN0001211390,APP005,2025-08-04,pending,450323.78,USD,APAC,CP0077,SWAP,TDR0148,BOOK_D,2025-06-22
TXN0000095346,APP010,2025-10-10,active,934167.41,GBP,AMER,CP0102,BOND,TDR0141,BOOK_B,2025-10-18
TXN0008939392,APP002,2025-11-08,settled,782413.28,CHF,APAC,CP0196,FX,TDR0092,BOOK_A,2025-07-30
TXN0007795478,APP012,2025-11-19,active,868815.37,AUD,LATAM,CP0466,SWAP,TDR0166,BOOK_A,2025-03-11
TXN0009614832,APP012,2026-01-26,active,882056.27,USD,APAC,CP0090,SWAP,TDR0137,BOOK_A,2025-02-25
TXN0008721725,APP009,2025-08-20,failed,379440.15,JPY,APAC,CP0447,EQUITY,TDR0081,BOOK_D,2025-06-10
TXN0001704061,APP004,2025-07-16,settled,845786.31,JPY,AMER,CP0097,OPTION,TDR0084,BOOK_A,2025-01-10
TXN0000360207,APP001,2025-03-30,settled,205498.61,EUR,APAC,CP0291,FX,TDR0069,BOOK_A,2026-03-23
TXN0003289602,APP003,2025-06-08,pending,761440.87,AUD,EMEA,CP0130,OPTION,TDR0062,BOOK_B,2025-05-30
TXN0006777476,APP004,2025-10-24,active,749011.64,AUD,AMER,CP0444,EQUITY,TDR0179,BOOK_D,2025-05-26
TXN0008553669,APP015,2025-11-03,reversed,229779.78,AUD,APAC,CP0229,OPTION,TDR0043,BOOK_A,2026-01-01
TXN0005365339,APP015,2026-01-22,settled,956920.61,AUD,EMEA,CP0419,FUTURE,TDR0001,BOOK_B,2026-03-14
TXN0003584568,APP002,2026-04-07,active,769901.36,USD,EMEA,CP0442,SWAP,TDR0021,BOOK_C,2025-04-16
TXN0005625865,APP018,2026-04-06,settled,618061.91,CHF,EMEA,CP0048,EQUITY,TDR0071,BOOK_D,2026-04-07
TXN0004487002,APP020,2025-01-15,reversed,409361.61,CHF,AMER,CP0067,EQUITY,TDR0134,BOOK_C,2025-03-25
TXN0001885524,APP011,2025-05-10,pending,563324.11,AUD,AMER,CP0181,EQUITY,TDR0033,BOOK_A,2025-02-05
TXN0003976821,APP016,2025-03-21,reversed,318483.72,JPY,LATAM,CP0476,EQUITY,TDR0183,BOOK_B,2025-12-17
TXN0007074468,APP020,2025-01-04,reversed,976144.42,EUR,EMEA,CP0019,OPTION,TDR0034,BOOK_C,2025-12-22
TXN0007334468,APP018,2025-07-17,pending,866398.0,EUR,EMEA,CP0297,SWAP,TDR0093,BOOK_D,2026-03-06
TXN0009171529,APP007,2025-07-26,pending,666537.93,AUD,EMEA,CP0341,OPTION,TDR0038,BOOK_B,2025-09-11
TXN0002395870,APP001,2025-06-10,reversed,259144.84,JPY,APAC,CP0457,FUTURE,TDR0089,BOOK_B,2026-02-13
TXN0001894918,APP016,2025-04-29,reversed,804315.02,EUR,AMER,CP0151,OPTION,TDR0018,BOOK_B,2025-10-26
TXN0009513359,APP010,2025-12-23,reversed,621920.79,USD,LATAM,CP0063,FUTURE,TDR0052,BOOK_B,2025-06-11
TXN0005625977,APP018,2025-03-05,pending,398768.04,EUR,APAC,CP0123,BOND,TDR0008,BOOK_A,2025-06-05
TXN0003534604,APP006,2026-01-18,failed,407314.01,GBP,APAC,CP0441,FUTURE,TDR0199,BOOK_C,2025-02-26
TXN0001188951,APP003,2025-09-08,failed,861712.01,CHF,APAC,CP0189,FUTURE,TDR0168,BOOK_B,2025-05-22
TXN0003662447,APP018,2025-01-07,reversed,292920.33,USD,LATAM,CP0359,OPTION,TDR0035,BOOK_A,2026-01-31
TXN0004756784,APP002,2026-03-22,reversed,287028.96,USD,LATAM,CP0088,EQUITY,TDR0014,BOOK_C,2025-05-07
TXN0003474849,APP011,2025-10-25,pending,454463.15,USD,AMER,CP0287,BOND,TDR0148,BOOK_D,2025-04-18
TXN0008237479,APP011,2026-01-14,settled,608731.34,CHF,APAC,CP0418,EQUITY,TDR0032,BOOK_A,2025-09-06
TXN0009352574,APP001,2025-02-14,reversed,913175.91,USD,LATAM,CP0123,FX,TDR0063,BOOK_B,2025-03-28
TXN0009518403,APP014,2026-02-09,settled,277330.84,JPY,EMEA,CP0273,OPTION,TDR0089,BOOK_D,2026-02-25
TXN0006401781,APP015,2026-03-23,active,532951.21,JPY,APAC,CP0128,EQUITY,TDR0146,BOOK_C,2025-05-23
TXN0008613732,APP012,2025-02-26,reversed,740150.81,CHF,APAC,CP0382,FX,TDR0095,BOOK_A,2025-05-04
TXN0007460054,APP004,2026-04-08,pending,582758.64,USD,APAC,CP0228,FX,TDR0037,BOOK_A,2026-01-25
TXN0008563633,APP002,2026-02-09,pending,379862.64,EUR,AMER,CP0067,FX,TDR0026,BOOK_B,2025-12-17
TXN0001016823,APP012,2025-12-30,settled,842606.46,JPY,EMEA,CP0184,BOND,TDR0078,BOOK_A,2025-04-30
TXN0000098879,APP013,2025-09-02,active,479534.81,JPY,APAC,CP0496,SWAP,TDR0171,BOOK_B,2025-08-30
TXN0006734588,APP011,2025-11-21,active,536028.12,EUR,EMEA,CP0285,SWAP,TDR0024,BOOK_B,2026-02-27
TXN0009895137,APP006,2025-11-07,failed,618203.14,CHF,APAC,CP0355,BOND,TDR0191,BOOK_D,2025-08-09
TXN0008040083,APP009,2025-01-28,failed,340052.72,USD,AMER,CP0369,SWAP,TDR0074,BOOK_A,2026-02-10
TXN0007647268,APP019,2026-02-07,active,213613.14,AUD,AMER,CP0495,OPTION,TDR0052,BOOK_C,2026-03-18
TXN0009074656,APP014,2025-12-19,pending,912918.44,USD,AMER,CP0318,EQUITY,TDR0016,BOOK_D,2025-01-18
TXN0007215970,APP019,2025-10-21,reversed,667527.37,USD,AMER,CP0396,FUTURE,TDR0018,BOOK_D,2025-12-23
TXN0000400111,APP002,2026-01-18,active,531756.34,USD,AMER,CP0274,BOND,TDR0058,BOOK_A,2025-12-18
TXN0001574160,APP011,2025-04-02,settled,685664.01,GBP,AMER,CP0279,OPTION,TDR0182,BOOK_A,2026-01-08
TXN0004904835,APP002,2025-10-07,reversed,451085.32,GBP,APAC,CP0478,FUTURE,TDR0168,BOOK_A,2025-01-20
TXN0009791442,APP014,2025-06-08,settled,963997.68,JPY,AMER,CP0222,FX,TDR0004,BOOK_D,2025-07-15
TXN0009786018,APP004,2025-10-25,failed,107500.72,USD,LATAM,CP0214,EQUITY,TDR0062,BOOK_B,2025-03-06
TXN0002346960,APP014,2025-05-31,pending,538578.2,GBP,LATAM,CP0030,OPTION,TDR0037,BOOK_D,2026-04-05
TXN0008673377,APP006,2025-05-09,pending,183119.53,USD,APAC,CP0409,BOND,TDR0075,BOOK_D,2025-10-31
TXN0000445394,APP009,2026-01-12,settled,314024.05,CHF,AMER,CP0135,BOND,TDR0090,BOOK_B,2025-02-09
TXN0005224656,APP015,2025-10-25,pending,372140.52,GBP,EMEA,CP0333,OPTION,TDR0057,BOOK_C,2025-02-09
TXN0000261947,APP005,2025-12-14,failed,709718.25,JPY,AMER,CP0463,FX,TDR0157,BOOK_C,2025-06-30
TXN0005931855,APP018,2025-10-25,pending,855988.78,JPY,EMEA,CP0025,FX,TDR0090,BOOK_C,2025-09-27
TXN0005211172,APP003,2025-08-04,active,357067.75,CHF,EMEA,CP0460,EQUITY,TDR0095,BOOK_B,2025-07-20
TXN0000501241,APP009,2025-10-03,failed,768634.56,JPY,AMER,CP0180,SWAP,TDR0165,BOOK_B,2025-08-23
TXN0009720348,APP004,2025-05-13,failed,853223.3,GBP,AMER,CP0211,OPTION,TDR0183,BOOK_A,2025-12-30
TXN0006768059,APP016,2025-09-17,settled,552538.4,GBP,LATAM,CP0359,BOND,TDR0007,BOOK_B,2025-11-13
TXN0006012765,APP010,2026-01-26,active,711721.44,CHF,LATAM,CP0024,FUTURE,TDR0141,BOOK_B,2025-03-19
TXN0009777578,APP020,2025-09-22,reversed,75667.12,CHF,LATAM,CP0061,SWAP,TDR0094,BOOK_A,2025-01-06
TXN0008934842,APP009,2025-09-16,pending,780210.23,GBP,LATAM,CP0019,FX,TDR0079,BOOK_A,2026-03-27
TXN0002173391,APP019,2026-01-22,settled,357168.16,USD,EMEA,CP0005,FUTURE,TDR0058,BOOK_B,2025-06-01
TXN0001887156,APP009,2025-02-11,active,761082.75,AUD,LATAM,CP0078,FX,TDR0020,BOOK_C,2026-02-28
TXN0002129625,APP010,2025-07-23,active,54452.87,JPY,APAC,CP0276,OPTION,TDR0112,BOOK_D,2026-03-08
TXN0005024167,APP014,2026-02-22,active,363218.72,GBP,AMER,CP0064,FX,TDR0020,BOOK_B,2025-11-24
TXN0006511886,APP013,2025-11-04,active,364496.52,JPY,LATAM,CP0255,BOND,TDR0086,BOOK_D,2025-05-30
TXN0004811623,APP010,2025-04-03,reversed,773247.14,JPY,LATAM,CP0332,SWAP,TDR0087,BOOK_D,2025-07-07
TXN0005757707,APP018,2025-04-19,reversed,780913.82,CHF,APAC,CP0380,FUTURE,TDR0129,BOOK_A,2025-02-11
TXN0005636684,APP003,2025-01-30,failed,261700.99,EUR,AMER,CP0422,OPTION,TDR0035,BOOK_A,2025-05-11
TXN0008440374,APP002,2025-01-28,reversed,72084.38,JPY,AMER,CP0327,EQUITY,TDR0013,BOOK_A,2025-10-10
TXN0001594288,APP014,2025-01-14,pending,57912.72,JPY,APAC,CP0417,FX,TDR0045,BOOK_C,2026-03-21
TXN0008208340,APP016,2025-08-06,reversed,848561.71,USD,APAC,CP0284,FX,TDR0063,BOOK_B,2025-12-15
TXN0007710719,APP005,2025-11-17,failed,548841.12,GBP,EMEA,CP0058,BOND,TDR0028,BOOK_C,2025-09-22
TXN0004129827,APP006,2026-03-20,reversed,54493.73,GBP,LATAM,CP0202,SWAP,TDR0155,BOOK_C,2025-09-16
TXN0009743928,APP020,2025-10-20,pending,953005.6,EUR,AMER,CP0040,EQUITY,TDR0144,BOOK_A,2025-07-31
TXN0003053191,APP007,2025-04-11,failed,444972.97,JPY,LATAM,CP0374,BOND,TDR0106,BOOK_D,2025-12-25
TXN0003264933,APP006,2026-03-21,pending,470689.27,USD,EMEA,CP0117,FUTURE,TDR0085,BOOK_B,2025-03-24
TXN0003446142,APP002,2025-12-27,reversed,187165.33,EUR,AMER,CP0040,EQUITY,TDR0109,BOOK_C,2025-03-30
TXN0002969797,APP006,2025-12-11,reversed,839725.98,GBP,LATAM,CP0243,FX,TDR0046,BOOK_C,2025-11-16
TXN0004936277,APP004,2025-08-27,reversed,557105.06,USD,AMER,CP0188,EQUITY,TDR0002,BOOK_D,2025-02-27
TXN0005940818,APP015,2025-05-09,settled,882113.41,CHF,EMEA,CP0162,SWAP,TDR0158,BOOK_C,2025-10-12
TXN0003141637,APP004,2026-01-11,failed,218034.8,CHF,EMEA,CP0310,OPTION,TDR0124,BOOK_A,2025-02-13
TXN0006068556,APP011,2025-06-21,reversed,902714.79,USD,EMEA,CP0120,SWAP,TDR0148,BOOK_D,2025-11-27
TXN0001661332,APP020,2025-07-24,pending,604388.66,AUD,EMEA,CP0345,FX,TDR0126,BOOK_A,2025-05-18
TXN0005251309,APP004,2025-11-24,active,941716.68,EUR,AMER,CP0415,SWAP,TDR0094,BOOK_D,2025-01-08
TXN0001357112,APP007,2026-03-14,settled,241800.49,USD,AMER,CP0056,OPTION,TDR0092,BOOK_A,2026-03-20
TXN0005739076,APP018,2025-05-03,settled,182839.05,CHF,EMEA,CP0064,FX,TDR0157,BOOK_B,2025-10-05
TXN0006232426,APP019,2025-11-28,failed,43910.72,EUR,LATAM,CP0091,SWAP,TDR0132,BOOK_B,2025-06-11
TXN0005482500,APP017,2025-07-27,pending,95071.49,EUR,AMER,CP0024,FX,TDR0085,BOOK_A,2025-04-19
TXN0002345947,APP015,2025-04-24,pending,621356.85,JPY,AMER,CP0279,FUTURE,TDR0055,BOOK_C,2025-05-15
TXN0005784988,APP009,2026-02-01,settled,913241.66,EUR,LATAM,CP0229,FUTURE,TDR0161,BOOK_C,2025-04-22
TXN0005543027,APP003,2025-07-21,active,103619.0,CHF,EMEA,CP0142,OPTION,TDR0140,BOOK_B,2025-04-30
TXN0003083469,APP007,2025-04-21,active,411777.52,USD,APAC,CP0304,FUTURE,TDR0075,BOOK_C,2025-10-12
TXN0004363877,APP009,2025-10-07,active,185470.49,CHF,AMER,CP0241,BOND,TDR0020,BOOK_C,2025-11-04
TXN0008672489,APP001,2025-07-15,pending,911822.89,EUR,EMEA,CP0487,OPTION,TDR0021,BOOK_D,2025-10-14
TXN0002794608,APP017,2025-02-22,pending,295536.19,EUR,AMER,CP0215,FX,TDR0004,BOOK_D,2025-10-25
TXN0000098801,APP014,2025-12-15,reversed,583077.28,USD,EMEA,CP0276,SWAP,TDR0193,BOOK_B,2025-11-11
TXN0003345819,APP009,2025-03-17,failed,491579.62,CHF,LATAM,CP0283,SWAP,TDR0192,BOOK_C,2025-03-08
TXN0007686275,APP014,2025-09-01,pending,961481.56,USD,EMEA,CP0102,SWAP,TDR0081,BOOK_A,2025-01-07
TXN0004891831,APP006,2025-01-26,active,499350.75,AUD,AMER,CP0313,SWAP,TDR0060,BOOK_D,2025-10-24
TXN0007460739,APP005,2025-06-06,pending,687942.19,AUD,LATAM,CP0416,FX,TDR0026,BOOK_D,2025-04-21
TXN0002238702,APP012,2025-01-29,reversed,921139.73,GBP,LATAM,CP0100,OPTION,TDR0058,BOOK_D,2025-04-21
TXN0006905424,APP004,2025-02-12,active,169896.8,CHF,LATAM,CP0479,BOND,TDR0027,BOOK_B,2025-08-29
TXN0002928661,APP012,2025-08-05,failed,33680.05,CHF,AMER,CP0041,FUTURE,TDR0044,BOOK_D,2026-01-31
TXN0002219000,APP018,2025-11-28,settled,464189.9,EUR,EMEA,CP0129,EQUITY,TDR0186,BOOK_C,2025-10-23
TXN0001624260,APP016,2025-06-22,pending,398193.64,JPY,APAC,CP0314,FX,TDR0175,BOOK_D,2026-02-28
TXN0002663182,APP005,2025-04-25,settled,502905.85,EUR,EMEA,CP0417,FX,TDR0094,BOOK_A,2025-04-05
TXN0003719834,APP001,2026-02-04,pending,869401.42,JPY,APAC,CP0269,FX,TDR0070,BOOK_D,2025-07-19
TXN0002586416,APP005,2025-08-07,reversed,86118.47,JPY,LATAM,CP0447,EQUITY,TDR0177,BOOK_B,2025-11-10
TXN0000575984,APP003,2026-02-18,pending,447309.83,USD,AMER,CP0128,OPTION,TDR0153,BOOK_B,2025-08-12
TXN0005608599,APP011,2026-02-13,failed,728752.15,USD,APAC,CP0248,EQUITY,TDR0110,BOOK_B,2025-03-14
TXN0004383329,APP007,2025-11-24,active,819117.71,GBP,EMEA,CP0490,FX,TDR0119,BOOK_B,2025-06-26
TXN0002752315,APP008,2025-09-15,active,750545.23,USD,AMER,CP0004,OPTION,TDR0052,BOOK_B,2026-02-25
TXN0005888118,APP020,2025-06-13,pending,412888.12,JPY,LATAM,CP0198,EQUITY,TDR0026,BOOK_B,2025-05-11
TXN0000554566,APP003,2026-01-14,failed,665901.41,CHF,EMEA,CP0310,BOND,TDR0027,BOOK_B,2026-01-23
TXN0004004179,APP011,2025-01-11,reversed,164711.55,GBP,AMER,CP0327,EQUITY,TDR0121,BOOK_A,2026-02-14
TXN0001790023,APP009,2025-12-14,reversed,197031.53,AUD,LATAM,CP0246,FX,TDR0063,BOOK_A,2025-01-03
TXN0007350596,APP002,2025-11-19,pending,322284.79,EUR,APAC,CP0498,OPTION,TDR0081,BOOK_C,2026-03-25
TXN0009285816,APP009,2026-02-26,pending,232982.4,JPY,LATAM,CP0420,OPTION,TDR0099,BOOK_D,2026-01-23
TXN0002144185,APP004,2025-11-30,reversed,758130.64,EUR,AMER,CP0447,OPTION,TDR0198,BOOK_B,2025-12-08
TXN0002613886,APP001,2026-02-27,failed,466348.65,GBP,APAC,CP0301,BOND,TDR0190,BOOK_C,2025-11-17
TXN0006473998,APP002,2025-01-06,pending,909332.24,AUD,EMEA,CP0257,SWAP,TDR0178,BOOK_B,2025-02-04
TXN0000793570,APP019,2026-03-30,active,775067.13,EUR,AMER,CP0410,BOND,TDR0060,BOOK_A,2026-03-19
TXN0008070038,APP012,2026-01-08,settled,561000.63,USD,APAC,CP0051,OPTION,TDR0147,BOOK_B,2025-05-28
TXN0004773142,APP018,2026-02-25,active,540667.32,GBP,EMEA,CP0206,FUTURE,TDR0161,BOOK_B,2026-03-13
TXN0001099242,APP005,2025-09-15,settled,539821.39,CHF,EMEA,CP0019,SWAP,TDR0016,BOOK_A,2025-12-16
TXN0000272799,APP012,2025-05-01,settled,592375.27,CHF,EMEA,CP0045,OPTION,TDR0032,BOOK_B,2025-09-24
TXN0002508218,APP007,2025-04-17,pending,421456.67,AUD,EMEA,CP0159,FX,TDR0060,BOOK_B,2026-01-08
TXN0006262906,APP009,2025-06-23,failed,879996.28,JPY,EMEA,CP0346,FX,TDR0134,BOOK_B,2025-08-29
TXN0006920248,APP012,2025-12-06,reversed,883153.7,GBP,APAC,CP0412,FX,TDR0014,BOOK_C,2025-09-27
TXN0007386298,APP013,2025-09-29,reversed,778159.09,JPY,LATAM,CP0273,FX,TDR0080,BOOK_B,2025-12-08
TXN0005354873,APP003,2025-02-12,settled,251235.23,GBP,LATAM,CP0275,FX,TDR0006,BOOK_C,2025-07-02
TXN0007818473,APP004,2025-06-25,reversed,612654.99,EUR,AMER,CP0310,BOND,TDR0196,BOOK_D,2025-10-30
TXN0005128241,APP001,2026-01-24,active,628515.5,AUD,AMER,CP0372,FX,TDR0045,BOOK_B,2026-02-19
TXN0008984124,APP004,2025-06-15,failed,492740.95,AUD,APAC,CP0471,SWAP,TDR0182,BOOK_B,2025-07-12
TXN0005593581,APP003,2025-10-31,settled,744795.81,CHF,EMEA,CP0120,SWAP,TDR0138,BOOK_D,2025-05-20
TXN0006680172,APP020,2025-08-14,pending,931233.91,EUR,APAC,CP0296,FUTURE,TDR0095,BOOK_D,2026-01-13
TXN0006786303,APP009,2025-04-11,failed,318353.09,USD,AMER,CP0240,OPTION,TDR0104,BOOK_A,2025-09-16
TXN0000353958,APP018,2025-06-05,failed,322334.41,EUR,EMEA,CP0489,BOND,TDR0190,BOOK_B,2025-02-19
TXN0009279069,APP003,2025-07-29,settled,999959.05,EUR,LATAM,CP0322,BOND,TDR0096,BOOK_A,2026-02-09
TXN0006020874,APP004,2025-07-27,pending,246343.39,CHF,LATAM,CP0387,SWAP,TDR0138,BOOK_C,2025-10-31
TXN0004596109,APP001,2025-12-19,pending,592722.14,AUD,AMER,CP0200,BOND,TDR0054,BOOK_C,2025-08-10
TXN0007298357,APP016,2026-01-28,pending,462960.18,USD,AMER,CP0124,FX,TDR0200,BOOK_D,2025-08-08
TXN0009874540,APP019,2026-03-15,active,832469.61,AUD,AMER,CP0088,FUTURE,TDR0131,BOOK_A,2025-02-05
TXN0009771617,APP013,2025-11-01,reversed,762554.99,AUD,EMEA,CP0414,SWAP,TDR0044,BOOK_C,2025-10-19
TXN0003164085,APP017,2026-01-14,failed,999064.93,EUR,LATAM,CP0374,SWAP,TDR0183,BOOK_D,2025-06-21
TXN0008655986,APP005,2025-12-09,settled,894102.39,USD,AMER,CP0109,BOND,TDR0044,BOOK_C,2025-08-05
TXN0004263632,APP008,2025-06-10,active,934825.06,EUR,APAC,CP0329,EQUITY,TDR0170,BOOK_D,2025-09-28
TXN0009949832,APP020,2025-03-11,pending,521242.23,USD,APAC,CP0082,BOND,TDR0072,BOOK_A,2025-08-21
TXN0006954641,APP010,2026-03-22,settled,818010.95,USD,APAC,CP0456,OPTION,TDR0192,BOOK_D,2025-08-26
TXN0009946497,APP012,2025-08-08,pending,916758.65,JPY,APAC,CP0236,FX,TDR0124,BOOK_B,2025-11-15
TXN0004917223,APP006,2026-01-04,failed,676590.05,JPY,EMEA,CP0395,OPTION,TDR0101,BOOK_A,2025-12-29
TXN0009984916,APP007,2026-04-13,pending,371162.75,GBP,APAC,CP0176,BOND,TDR0147,BOOK_C,2025-10-04
TXN0008263850,APP014,2025-12-24,settled,504698.37,CHF,APAC,CP0153,BOND,TDR0079,BOOK_D,2025-12-08
TXN0002894320,APP005,2025-09-12,reversed,412719.51,USD,LATAM,CP0441,FUTURE,TDR0092,BOOK_D,2025-11-24
TXN0002800467,APP007,2026-02-27,reversed,793188.87,JPY,APAC,CP0319,OPTION,TDR0101,BOOK_D,2025-11-13
TXN0002507623,APP012,2025-05-20,active,967205.03,CHF,LATAM,CP0092,BOND,TDR0098,BOOK_D,2025-12-19
TXN0008060058,APP019,2025-10-11,settled,207821.77,CHF,LATAM,CP0210,SWAP,TDR0045,BOOK_B,2025-04-03
TXN0000851384,APP013,2026-02-17,pending,448843.06,EUR,EMEA,CP0364,BOND,TDR0102,BOOK_A,2026-04-01
TXN0003691650,APP012,2025-01-22,failed,597718.71,GBP,AMER,CP0355,BOND,TDR0168,BOOK_B,2025-11-28
TXN0007815030,APP001,2025-04-09,pending,514341.16,EUR,EMEA,CP0429,FUTURE,TDR0015,BOOK_C,2025-03-22
TXN0004633612,APP015,2025-01-01,pending,826940.84,EUR,APAC,CP0269,FUTURE,TDR0045,BOOK_D,2025-05-13
TXN0008172344,APP016,2025-02-09,failed,547844.99,CHF,EMEA,CP0312,SWAP,TDR0009,BOOK_D,2025-05-09
TXN0008130304,APP001,2025-07-31,settled,796616.39,GBP,APAC,CP0373,EQUITY,TDR0158,BOOK_D,2025-01-17
TXN0006306210,APP007,2025-09-07,pending,998748.22,EUR,EMEA,CP0060,FX,TDR0061,BOOK_B,2025-03-24
TXN0009991772,APP006,2025-02-02,failed,289436.51,USD,APAC,CP0162,FUTURE,TDR0009,BOOK_C,2025-03-20
TXN0005782744,APP008,2025-07-16,pending,929350.57,CHF,APAC,CP0203,FX,TDR0117,BOOK_B,2025-04-30
TXN0006695399,APP012,2025-04-05,settled,868390.34,GBP,APAC,CP0240,OPTION,TDR0157,BOOK_C,2025-01-24
TXN0003308898,APP011,2025-03-08,settled,394218.78,GBP,LATAM,CP0497,SWAP,TDR0177,BOOK_C,2025-04-03
TXN0007818457,APP001,2025-06-22,active,822369.42,GBP,APAC,CP0069,OPTION,TDR0096,BOOK_A,2025-06-06
TXN0000678153,APP020,2025-08-31,active,351351.91,USD,LATAM,CP0249,FUTURE,TDR0034,BOOK_A,2025-05-16
TXN0002900936,APP020,2025-10-30,active,195834.32,USD,LATAM,CP0078,SWAP,TDR0070,BOOK_C,2025-12-17
TXN0008733770,APP011,2025-12-24,pending,991924.92,GBP,AMER,CP0233,SWAP,TDR0091,BOOK_D,2025-04-19
TXN0002079707,APP005,2026-03-12,reversed,401876.32,USD,APAC,CP0185,BOND,TDR0118,BOOK_C,2026-02-25
TXN0004045901,APP014,2025-01-30,reversed,251280.55,CHF,APAC,CP0101,SWAP,TDR0006,BOOK_B,2026-01-07
TXN0006016589,APP016,2025-06-16,failed,529560.79,AUD,AMER,CP0252,FUTURE,TDR0008,BOOK_C,2026-02-03
TXN0001262963,APP012,2025-05-03,active,949847.4,GBP,AMER,CP0063,FUTURE,TDR0032,BOOK_A,2025-12-01
TXN0003570546,APP003,2025-02-06,pending,419747.64,JPY,APAC,CP0295,FUTURE,TDR0083,BOOK_B,2025-09-22
TXN0001490803,APP013,2025-11-10,reversed,723754.27,JPY,APAC,CP0367,SWAP,TDR0043,BOOK_C,2025-12-30
TXN0009083153,APP006,2025-05-03,active,651836.07,EUR,APAC,CP0274,EQUITY,TDR0114,BOOK_C,2026-04-06
TXN0001516159,APP003,2025-09-26,pending,940535.94,JPY,LATAM,CP0086,OPTION,TDR0161,BOOK_B,2025-02-06
TXN0003906022,APP019,2025-04-06,settled,581349.49,EUR,EMEA,CP0481,FUTURE,TDR0170,BOOK_C,2026-01-17
TXN0004839377,APP002,2025-05-06,active,548679.98,USD,EMEA,CP0347,OPTION,TDR0115,BOOK_D,2025-09-13
TXN0004665976,APP008,2025-10-10,failed,473291.51,CHF,APAC,CP0431,FUTURE,TDR0176,BOOK_C,2025-01-05
TXN0006206432,APP019,2025-04-03,pending,85510.49,USD,EMEA,CP0483,OPTION,TDR0179,BOOK_D,2025-03-09
TXN0006336012,APP012,2025-01-26,failed,413118.23,JPY,APAC,CP0268,SWAP,TDR0074,BOOK_C,2025-09-08
TXN0005043232,APP018,2026-03-18,reversed,28860.38,EUR,EMEA,CP0121,FX,TDR0043,BOOK_C,2025-09-24
TXN0002869845,APP011,2025-05-23,settled,120509.88,CHF,APAC,CP0151,OPTION,TDR0137,BOOK_B,2026-03-22
TXN0003861978,APP014,2026-03-10,active,214269.99,JPY,APAC,CP0441,OPTION,TDR0089,BOOK_A,2025-07-22
TXN0002598311,APP020,2025-04-19,active,38827.85,AUD,AMER,CP0163,BOND,TDR0079,BOOK_D,2025-05-14
TXN0008083361,APP001,2026-01-24,settled,60927.72,AUD,AMER,CP0433,SWAP,TDR0033,BOOK_A,2025-10-24
TXN0005845236,APP002,2025-02-23,active,525965.62,EUR,AMER,CP0282,FUTURE,TDR0172,BOOK_A,2025-03-18
TXN0002357773,APP010,2026-01-07,pending,759360.14,GBP,APAC,CP0456,BOND,TDR0048,BOOK_D,2026-01-18
TXN0009154458,APP002,2025-12-26,pending,501283.8,AUD,EMEA,CP0058,EQUITY,TDR0171,BOOK_C,2025-11-24
TXN0008201066,APP015,2026-04-14,active,606292.45,EUR,EMEA,CP0350,FUTURE,TDR0016,BOOK_B,2025-12-21
TXN0001636442,APP015,2025-02-17,active,381043.25,EUR,AMER,CP0312,BOND,TDR0023,BOOK_D,2025-06-19
TXN0000951531,APP020,2026-02-05,failed,19945.5,EUR,AMER,CP0217,EQUITY,TDR0146,BOOK_A,2026-03-07
TXN0006436999,APP006,2025-05-25,active,350835.0,JPY,AMER,CP0376,FX,TDR0160,BOOK_C,2025-08-10
TXN0002276294,APP013,2025-07-29,pending,617812.58,JPY,LATAM,CP0261,BOND,TDR0122,BOOK_B,2025-09-16
TXN0003952554,APP002,2025-04-14,pending,431072.68,CHF,LATAM,CP0292,EQUITY,TDR0039,BOOK_C,2025-09-01
TXN0009136090,APP013,2025-11-11,failed,107963.85,AUD,LATAM,CP0330,FUTURE,TDR0168,BOOK_C,2026-02-09
TXN0004107605,APP012,2025-10-30,settled,250723.98,AUD,APAC,CP0148,FUTURE,TDR0037,BOOK_B,2025-05-09
TXN0008966006,APP012,2025-03-31,pending,442182.59,AUD,APAC,CP0247,SWAP,TDR0164,BOOK_B,2025-11-27
TXN0002186342,APP016,2025-01-10,settled,237187.52,GBP,LATAM,CP0083,FX,TDR0095,BOOK_C,2025-03-13
TXN0003971002,APP020,2025-08-15,active,307705.47,EUR,EMEA,CP0200,FUTURE,TDR0077,BOOK_C,2025-11-04
TXN0009867435,APP014,2025-06-09,pending,170037.79,JPY,AMER,CP0397,SWAP,TDR0175,BOOK_A,2025-03-27
TXN0005336412,APP004,2025-07-19,active,975499.24,GBP,EMEA,CP0104,OPTION,TDR0018,BOOK_D,2025-12-31
TXN0003833178,APP011,2025-03-18,reversed,844507.54,AUD,AMER,CP0489,FX,TDR0050,BOOK_A,2026-01-20
TXN0002880724,APP010,2026-02-10,reversed,634096.36,CHF,LATAM,CP0215,BOND,TDR0122,BOOK_A,2025-07-13
TXN0004794165,APP008,2025-02-19,reversed,628303.96,JPY,EMEA,CP0471,BOND,TDR0146,BOOK_B,2026-03-03
TXN0006286279,APP016,2025-07-16,active,440023.15,USD,AMER,CP0441,FX,TDR0155,BOOK_A,2025-01-10
TXN0000307550,APP014,2025-12-16,reversed,760414.38,CHF,EMEA,CP0399,OPTION,TDR0059,BOOK_C,2025-01-14
TXN0006869482,APP009,2025-02-27,settled,468980.84,CHF,EMEA,CP0261,FUTURE,TDR0058,BOOK_D,2025-12-27
TXN0001159419,APP004,2025-09-25,pending,910552.16,CHF,APAC,CP0319,FUTURE,TDR0005,BOOK_C,2026-01-08
TXN0009308057,APP006,2026-04-01,reversed,134726.48,CHF,LATAM,CP0115,FX,TDR0180,BOOK_A,2025-11-20
TXN0004131555,APP020,2025-08-14,active,432082.18,AUD,APAC,CP0438,FX,TDR0050,BOOK_D,2025-06-22
TXN0002899295,APP012,2026-01-22,active,33819.34,USD,APAC,CP0294,SWAP,TDR0128,BOOK_D,2025-03-27
TXN0006347376,APP003,2025-02-27,settled,468075.49,CHF,APAC,CP0290,FX,TDR0022,BOOK_D,2025-09-23
TXN0006755137,APP013,2025-08-16,settled,925163.73,AUD,APAC,CP0153,BOND,TDR0028,BOOK_B,2025-12-03
TXN0005275951,APP005,2026-01-04,active,850013.35,USD,AMER,CP0376,OPTION,TDR0165,BOOK_A,2025-05-29
TXN0000180264,APP003,2025-04-05,failed,486300.85,GBP,EMEA,CP0265,SWAP,TDR0016,BOOK_A,2026-03-06
TXN0004773417,APP016,2025-05-28,settled,397758.68,GBP,APAC,CP0431,BOND,TDR0176,BOOK_C,2025-05-27
TXN0006916940,APP015,2026-02-06,failed,104246.74,GBP,LATAM,CP0389,BOND,TDR0014,BOOK_A,2025-03-23
TXN0001996527,APP019,2025-02-06,reversed,485483.72,JPY,APAC,CP0215,BOND,TDR0198,BOOK_A,2025-07-31
TXN0004213458,APP004,2025-10-28,reversed,13820.95,JPY,LATAM,CP0081,SWAP,TDR0061,BOOK_C,2025-08-03
TXN0002807747,APP007,2025-01-10,reversed,60733.73,EUR,AMER,CP0189,EQUITY,TDR0028,BOOK_D,2025-04-17
TXN0006365104,APP009,2026-01-19,reversed,596219.5,EUR,LATAM,CP0097,FX,TDR0193,BOOK_B,2025-11-26
TXN0001539284,APP002,2025-09-15,settled,4890.87,AUD,EMEA,CP0075,FUTURE,TDR0030,BOOK_D,2025-04-11
TXN0008951175,APP004,2025-12-24,settled,723085.52,USD,LATAM,CP0440,FX,TDR0029,BOOK_D,2025-02-03
TXN0000665935,APP020,2025-11-08,pending,629464.84,JPY,AMER,CP0270,EQUITY,TDR0151,BOOK_B,2025-02-12
TXN0005187064,APP001,2025-10-05,reversed,472731.02,CHF,LATAM,CP0449,SWAP,TDR0038,BOOK_C,2025-09-03
TXN0009934068,APP001,2026-02-10,reversed,881373.46,EUR,APAC,CP0442,BOND,TDR0163,BOOK_D,2025-01-10
TXN0008917475,APP007,2025-04-07,active,885111.3,USD,AMER,CP0013,EQUITY,TDR0069,BOOK_C,2025-03-28
TXN0002469091,APP011,2025-01-28,settled,409544.18,EUR,AMER,CP0359,EQUITY,TDR0107,BOOK_A,2025-03-05
TXN0004395138,APP001,2025-07-12,active,398787.6,USD,APAC,CP0224,FX,TDR0166,BOOK_D,2025-05-22
TXN0009140949,APP020,2025-07-24,pending,289297.64,JPY,LATAM,CP0439,FX,TDR0084,BOOK_B,2026-03-29
TXN0006912056,APP012,2026-03-03,settled,375154.11,GBP,APAC,CP0249,FX,TDR0143,BOOK_B,2025-07-26
TXN0007693139,APP013,2025-08-29,failed,905667.06,JPY,APAC,CP0194,FUTURE,TDR0004,BOOK_A,2025-12-10
TXN0008537091,APP007,2025-06-08,failed,455769.66,JPY,LATAM,CP0380,SWAP,TDR0072,BOOK_A,2025-03-18
TXN0006981288,APP017,2025-11-17,reversed,569200.6,AUD,AMER,CP0470,FX,TDR0020,BOOK_B,2025-12-29
TXN0009784506,APP007,2025-12-21,settled,791305.59,AUD,LATAM,CP0194,SWAP,TDR0162,BOOK_D,2025-08-20
TXN0006620118,APP003,2025-06-03,active,739062.19,GBP,LATAM,CP0375,OPTION,TDR0196,BOOK_B,2025-08-14
TXN0007568807,APP012,2025-05-12,settled,306069.49,AUD,APAC,CP0058,FUTURE,TDR0124,BOOK_D,2025-04-16
TXN0006694605,APP011,2025-01-31,active,960525.19,JPY,EMEA,CP0405,FUTURE,TDR0154,BOOK_B,2026-03-17
TXN0003992973,APP013,2025-02-03,reversed,985701.68,GBP,AMER,CP0337,FUTURE,TDR0082,BOOK_D,2025-07-30
TXN0001829254,APP012,2025-07-02,active,591363.47,GBP,AMER,CP0480,OPTION,TDR0164,BOOK_A,2026-02-25
TXN0001033815,APP006,2026-01-02,reversed,635425.12,GBP,AMER,CP0209,FUTURE,TDR0067,BOOK_B,2025-07-01
TXN0002479480,APP015,2025-05-22,failed,657724.67,EUR,AMER,CP0489,FX,TDR0148,BOOK_C,2025-08-30
TXN0007916874,APP010,2025-04-21,pending,320049.03,CHF,AMER,CP0428,SWAP,TDR0109,BOOK_D,2025-05-09
TXN0006958528,APP009,2026-04-11,reversed,483495.72,GBP,APAC,CP0403,BOND,TDR0055,BOOK_C,2025-12-21
TXN0003974253,APP013,2025-07-26,settled,481122.09,AUD,AMER,CP0135,BOND,TDR0036,BOOK_C,2025-02-17
TXN0001436367,APP019,2026-02-15,failed,618612.22,AUD,AMER,CP0485,FUTURE,TDR0107,BOOK_C,2025-07-15
TXN0007272013,APP007,2025-08-17,reversed,736836.02,AUD,APAC,CP0167,FX,TDR0004,BOOK_B,2026-02-27
TXN0006081824,APP020,2025-09-14,settled,334861.69,CHF,EMEA,CP0200,FUTURE,TDR0180,BOOK_C,2025-01-19
TXN0003938209,APP008,2026-03-21,failed,572343.12,GBP,APAC,CP0425,EQUITY,TDR0175,BOOK_B,2025-03-29
TXN0001316230,APP012,2025-05-04,reversed,128900.12,EUR,EMEA,CP0168,EQUITY,TDR0161,BOOK_D,2026-01-15
TXN0006184997,APP007,2025-12-11,reversed,503341.9,CHF,LATAM,CP0136,OPTION,TDR0159,BOOK_B,2025-08-05
TXN0008340434,APP017,2025-04-07,failed,856798.28,AUD,LATAM,CP0406,OPTION,TDR0023,BOOK_A,2025-09-28
TXN0007985194,APP019,2026-02-17,settled,478030.82,EUR,LATAM,CP0188,OPTION,TDR0142,BOOK_C,2025-08-26
TXN0005350248,APP015,2026-01-23,reversed,853816.38,AUD,AMER,CP0201,SWAP,TDR0083,BOOK_D,2025-12-28
TXN0002045958,APP020,2025-07-18,failed,958383.35,EUR,APAC,CP0099,OPTION,TDR0129,BOOK_C,2026-01-16
TXN0002180243,APP015,2026-02-05,settled,272415.53,JPY,AMER,CP0046,FUTURE,TDR0075,BOOK_C,2025-05-25
TXN0001646026,APP005,2025-02-16,active,807363.26,GBP,LATAM,CP0443,FUTURE,TDR0156,BOOK_C,2026-03-07
TXN0004457770,APP003,2025-07-28,reversed,871622.06,EUR,EMEA,CP0259,SWAP,TDR0061,BOOK_C,2025-03-18
TXN0006707622,APP003,2025-11-10,settled,310715.55,AUD,AMER,CP0157,SWAP,TDR0069,BOOK_D,2025-02-24
TXN0007119374,APP018,2025-12-11,failed,825722.7,EUR,EMEA,CP0431,BOND,TDR0184,BOOK_A,2026-03-09
TXN0000734709,APP005,2026-02-04,settled,880458.69,EUR,EMEA,CP0477,FUTURE,TDR0005,BOOK_C,2025-07-12
TXN0007349480,APP016,2025-01-15,settled,178319.4,CHF,LATAM,CP0265,FUTURE,TDR0108,BOOK_A,2025-02-05
TXN0008331590,APP002,2025-05-22,reversed,192723.46,GBP,APAC,CP0165,SWAP,TDR0048,BOOK_A,2025-01-21
TXN0008375544,APP002,2025-01-07,reversed,302385.47,JPY,AMER,CP0203,OPTION,TDR0022,BOOK_A,2025-10-13
TXN0006414209,APP017,2025-02-01,pending,44052.46,AUD,APAC,CP0234,FX,TDR0145,BOOK_C,2025-11-11
TXN0006953530,APP013,2025-09-29,reversed,444971.29,USD,AMER,CP0230,SWAP,TDR0158,BOOK_D,2025-06-19
TXN0003980084,APP014,2025-01-07,failed,365277.35,AUD,EMEA,CP0399,FX,TDR0126,BOOK_A,2025-03-06
TXN0006213950,APP004,2025-08-03,pending,610633.04,AUD,APAC,CP0291,OPTION,TDR0092,BOOK_A,2025-04-24
TXN0007467301,APP008,2025-09-16,reversed,147664.01,AUD,APAC,CP0214,FX,TDR0167,BOOK_D,2025-01-01
TXN0004718484,APP012,2025-09-16,active,62907.82,USD,EMEA,CP0269,EQUITY,TDR0110,BOOK_B,2025-08-16
TXN0002201671,APP010,2025-07-05,failed,25355.07,EUR,LATAM,CP0157,SWAP,TDR0170,BOOK_C,2025-06-22
TXN0008463825,APP007,2026-03-16,reversed,12422.91,USD,AMER,CP0338,OPTION,TDR0122,BOOK_A,2025-03-01
TXN0003622390,APP004,2025-07-04,active,475233.24,CHF,APAC,CP0173,SWAP,TDR0022,BOOK_A,2025-10-25
TXN0001973865,APP016,2025-04-20,settled,270614.54,EUR,LATAM,CP0045,FUTURE,TDR0035,BOOK_D,2025-06-20
TXN0006459815,APP008,2025-03-20,reversed,238382.17,JPY,APAC,CP0079,FUTURE,TDR0074,BOOK_D,2025-03-28
TXN0000276899,APP012,2025-07-31,settled,704843.78,USD,APAC,CP0470,FUTURE,TDR0139,BOOK_B,2025-06-05
TXN0004645496,APP011,2025-09-30,active,779938.41,EUR,APAC,CP0323,SWAP,TDR0107,BOOK_B,2026-01-16
TXN0009346471,APP003,2025-12-15,settled,663097.91,AUD,AMER,CP0482,OPTION,TDR0166,BOOK_D,2025-05-02
TXN0007274155,APP017,2025-10-17,pending,958898.06,EUR,APAC,CP0034,FX,TDR0114,BOOK_A,2025-12-01
TXN0004415913,APP020,2025-01-27,reversed,386307.59,CHF,AMER,CP0135,EQUITY,TDR0018,BOOK_A,2025-06-23
TXN0002746930,APP008,2025-04-25,settled,463822.09,USD,APAC,CP0291,SWAP,TDR0183,BOOK_D,2025-06-15
TXN0004175289,APP008,2026-04-04,reversed,705094.45,USD,LATAM,CP0256,FX,TDR0021,BOOK_A,2025-11-03
TXN0003000412,APP018,2026-03-21,settled,358313.05,AUD,AMER,CP0476,FUTURE,TDR0126,BOOK_C,2025-04-20
TXN0007132080,APP001,2026-01-11,active,282069.86,AUD,AMER,CP0067,FX,TDR0023,BOOK_A,2025-09-16
TXN0007604496,APP003,2025-03-04,active,682960.72,AUD,EMEA,CP0077,BOND,TDR0191,BOOK_B,2026-03-24
TXN0007702759,APP003,2025-12-02,failed,423096.49,AUD,AMER,CP0233,FUTURE,TDR0130,BOOK_D,2025-09-14
TXN0002642013,APP002,2025-10-20,failed,414761.58,JPY,APAC,CP0281,SWAP,TDR0057,BOOK_B,2026-01-23
TXN0000503522,APP020,2026-01-22,reversed,545747.14,USD,AMER,CP0430,FX,TDR0027,BOOK_C,2026-02-07
TXN0007961051,APP001,2026-03-21,failed,453946.45,GBP,LATAM,CP0464,EQUITY,TDR0038,BOOK_D,2026-01-24
TXN0004871310,APP012,2025-08-05,reversed,994766.83,GBP,AMER,CP0428,BOND,TDR0017,BOOK_D,2025-12-20
TXN0008503050,APP016,2025-02-22,settled,655631.26,AUD,LATAM,CP0154,EQUITY,TDR0092,BOOK_A,2025-12-13
TXN0002775933,APP005,2025-11-11,failed,774220.14,JPY,AMER,CP0365,EQUITY,TDR0167,BOOK_A,2025-07-17
TXN0000973734,APP013,2025-05-05,failed,301651.93,AUD,EMEA,CP0333,BOND,TDR0194,BOOK_B,2025-12-24
TXN0002099136,APP016,2025-04-26,settled,346883.87,USD,AMER,CP0219,OPTION,TDR0021,BOOK_A,2025-02-07
TXN0004662960,APP013,2025-08-26,settled,986690.41,GBP,APAC,CP0313,EQUITY,TDR0053,BOOK_C,2025-01-19
TXN0007223859,APP008,2025-03-16,pending,380029.78,GBP,EMEA,CP0200,FX,TDR0173,BOOK_D,2025-05-06
TXN0005185959,APP019,2026-01-19,failed,884606.32,GBP,LATAM,CP0478,EQUITY,TDR0079,BOOK_D,2026-04-05
TXN0006290601,APP002,2025-03-01,active,307895.77,EUR,AMER,CP0203,FUTURE,TDR0051,BOOK_C,2025-04-22
TXN0006814187,APP009,2025-09-17,pending,150643.86,EUR,AMER,CP0491,FUTURE,TDR0006,BOOK_A,2025-03-20
TXN0003141278,APP019,2025-02-01,failed,209550.3,AUD,AMER,CP0415,BOND,TDR0011,BOOK_D,2025-01-10
TXN0005666644,APP011,2025-03-08,active,333897.86,CHF,APAC,CP0231,OPTION,TDR0115,BOOK_D,2026-02-25
TXN0008314435,APP016,2025-05-28,active,323963.86,AUD,LATAM,CP0053,FUTURE,TDR0065,BOOK_A,2025-10-17
TXN0003268035,APP012,2025-08-07,active,460156.56,AUD,APAC,CP0237,SWAP,TDR0057,BOOK_C,2025-06-11
TXN0006411143,APP010,2025-01-29,active,682049.22,USD,EMEA,CP0303,OPTION,TDR0074,BOOK_C,2025-12-06
TXN0004176080,APP002,2025-02-08,failed,745869.35,EUR,APAC,CP0148,FX,TDR0142,BOOK_D,2025-05-21
TXN0003829125,APP009,2025-04-14,reversed,343585.21,GBP,AMER,CP0199,OPTION,TDR0044,BOOK_D,2025-10-24
TXN0006715007,APP008,2025-04-15,failed,903391.35,EUR,LATAM,CP0416,BOND,TDR0102,BOOK_A,2025-01-10
TXN0008155097,APP020,2025-02-05,pending,980895.81,AUD,LATAM,CP0111,EQUITY,TDR0058,BOOK_C,2025-01-21
TXN0008663295,APP018,2025-12-27,reversed,310643.27,GBP,LATAM,CP0077,EQUITY,TDR0039,BOOK_B,2026-02-24
TXN0008177370,APP002,2025-07-14,failed,167769.84,EUR,EMEA,CP0023,OPTION,TDR0130,BOOK_C,2025-10-02
TXN0005381469,APP006,2025-03-04,active,704506.86,GBP,LATAM,CP0215,EQUITY,TDR0077,BOOK_B,2025-12-20
TXN0007043004,APP016,2025-01-17,failed,601612.86,GBP,AMER,CP0070,FUTURE,TDR0076,BOOK_A,2025-04-28
TXN0000503730,APP007,2025-12-06,reversed,699972.25,AUD,AMER,CP0230,EQUITY,TDR0026,BOOK_D,2025-03-12
TXN0007569839,APP008,2025-03-25,active,764419.56,AUD,EMEA,CP0147,BOND,TDR0084,BOOK_A,2026-01-29
TXN0005452929,APP007,2026-03-12,pending,37713.68,JPY,LATAM,CP0122,SWAP,TDR0127,BOOK_D,2026-01-22
TXN0006844504,APP019,2025-12-16,settled,796496.25,CHF,AMER,CP0277,SWAP,TDR0084,BOOK_D,2026-03-10
TXN0001447474,APP011,2025-09-27,reversed,344998.46,USD,LATAM,CP0413,EQUITY,TDR0106,BOOK_D,2025-04-04
TXN0003800817,APP004,2025-03-29,failed,221333.93,AUD,APAC,CP0382,BOND,TDR0104,BOOK_B,2025-11-13
TXN0004012907,APP015,2025-09-07,active,798460.41,AUD,APAC,CP0428,EQUITY,TDR0088,BOOK_C,2025-04-08
TXN0002093693,APP020,2025-09-13,failed,65021.66,USD,AMER,CP0075,EQUITY,TDR0086,BOOK_B,2025-01-27
TXN0000927465,APP008,2025-02-09,active,676941.54,JPY,LATAM,CP0488,BOND,TDR0142,BOOK_D,2025-02-24
TXN0009356786,APP002,2026-03-18,settled,64601.46,USD,AMER,CP0232,EQUITY,TDR0161,BOOK_C,2026-02-06
TXN0003324992,APP007,2025-09-09,settled,296930.0,GBP,EMEA,CP0219,SWAP,TDR0143,BOOK_C,2025-01-16
TXN0005586547,APP018,2025-02-22,pending,252998.04,GBP,LATAM,CP0104,OPTION,TDR0078,BOOK_D,2025-03-05
TXN0008718051,APP001,2025-07-22,pending,139071.15,GBP,LATAM,CP0210,SWAP,TDR0140,BOOK_B,2026-02-24
TXN0008412168,APP011,2025-01-25,active,483639.01,JPY,APAC,CP0116,SWAP,TDR0025,BOOK_C,2025-10-31
TXN0006155073,APP001,2025-11-02,active,915666.35,JPY,AMER,CP0289,FX,TDR0079,BOOK_C,2025-12-29
TXN0009969500,APP003,2025-12-06,settled,496448.23,CHF,AMER,CP0407,OPTION,TDR0150,BOOK_C,2025-12-23
TXN0002817913,APP012,2025-12-11,pending,80429.17,USD,LATAM,CP0055,FUTURE,TDR0078,BOOK_A,2025-11-23
TXN0002682422,APP011,2025-11-09,reversed,781230.76,EUR,APAC,CP0470,BOND,TDR0038,BOOK_B,2026-01-31
TXN0000061295,APP017,2025-02-06,active,700022.58,JPY,EMEA,CP0157,OPTION,TDR0045,BOOK_A,2026-03-17
TXN0002798690,APP014,2026-01-11,failed,788131.29,JPY,LATAM,CP0010,BOND,TDR0172,BOOK_A,2025-11-04
TXN0008992274,APP004,2025-07-21,active,301174.22,EUR,APAC,CP0486,FUTURE,TDR0132,BOOK_D,2025-12-23
TXN0001444099,APP009,2025-04-06,settled,949883.55,JPY,EMEA,CP0042,FUTURE,TDR0099,BOOK_A,2026-01-08
TXN0007937216,APP019,2025-01-12,active,235413.16,CHF,EMEA,CP0314,FUTURE,TDR0104,BOOK_C,2025-04-08
TXN0006326856,APP020,2025-03-01,active,922194.9,JPY,AMER,CP0157,FUTURE,TDR0156,BOOK_A,2025-05-05
TXN0007775200,APP020,2025-05-31,settled,374805.02,JPY,AMER,CP0096,EQUITY,TDR0021,BOOK_C,2025-03-07
TXN0003877457,APP008,2026-03-01,reversed,34025.67,AUD,AMER,CP0268,BOND,TDR0176,BOOK_A,2025-03-02
TXN0006648125,APP004,2025-10-29,failed,82002.88,CHF,LATAM,CP0363,FUTURE,TDR0078,BOOK_A,2026-03-02
TXN0005873463,APP006,2025-08-08,settled,5388.29,USD,AMER,CP0478,FX,TDR0059,BOOK_D,2025-04-10
TXN0009123723,APP014,2025-09-30,settled,850627.29,USD,AMER,CP0500,BOND,TDR0038,BOOK_B,2025-12-30
TXN0001557761,APP020,2026-02-13,reversed,692657.33,EUR,AMER,CP0466,BOND,TDR0025,BOOK_C,2025-10-29
TXN0007618106,APP019,2025-06-25,pending,370010.16,AUD,LATAM,CP0265,BOND,TDR0111,BOOK_C,2025-08-07
TXN0001323947,APP014,2025-08-27,pending,62162.34,USD,LATAM,CP0224,EQUITY,TDR0011,BOOK_A,2025-07-04
TXN0007857631,APP003,2025-09-22,settled,255677.95,JPY,EMEA,CP0488,BOND,TDR0185,BOOK_B,2025-02-27
TXN0006285388,APP007,2025-06-15,pending,734562.14,AUD,AMER,CP0163,EQUITY,TDR0019,BOOK_D,2025-04-16
TXN0009528214,APP018,2026-03-29,active,926352.54,USD,AMER,CP0233,EQUITY,TDR0172,BOOK_C,2025-02-02
TXN0005576647,APP010,2025-07-26,reversed,209043.48,AUD,EMEA,CP0098,OPTION,TDR0081,BOOK_C,2025-07-31
TXN0002097401,APP006,2025-05-04,active,900826.5,JPY,APAC,CP0245,FX,TDR0117,BOOK_A,2025-06-25
TXN0007686790,APP018,2025-08-11,reversed,899339.5,CHF,LATAM,CP0318,FUTURE,TDR0111,BOOK_A,2026-03-16
TXN0008665273,APP017,2025-04-13,failed,79997.98,USD,LATAM,CP0211,OPTION,TDR0095,BOOK_D,2025-06-02
TXN0006725605,APP019,2025-07-31,failed,431.15,JPY,AMER,CP0107,EQUITY,TDR0048,BOOK_C,2025-07-19
TXN0004362982,APP005,2026-01-20,reversed,902693.6,AUD,EMEA,CP0374,FX,TDR0048,BOOK_C,2025-01-17
TXN0004613454,APP019,2025-12-11,failed,611897.54,USD,APAC,CP0395,FUTURE,TDR0103,BOOK_B,2025-12-08
TXN0003090463,APP002,2025-09-09,failed,9735.74,JPY,EMEA,CP0432,EQUITY,TDR0056,BOOK_D,2025-01-25
TXN0008927544,APP013,2025-03-11,pending,852701.68,EUR,AMER,CP0060,OPTION,TDR0098,BOOK_D,2025-04-22
TXN0002960513,APP013,2025-03-05,failed,364160.6,CHF,LATAM,CP0092,OPTION,TDR0158,BOOK_C,2025-02-14
TXN0002155719,APP001,2026-03-07,failed,207809.86,CHF,APAC,CP0205,OPTION,TDR0194,BOOK_B,2025-02-25
TXN0003273914,APP003,2025-10-21,failed,447687.26,GBP,AMER,CP0388,SWAP,TDR0073,BOOK_A,2025-09-28
TXN0006827607,APP020,2025-07-17,failed,203978.06,GBP,EMEA,CP0418,FUTURE,TDR0073,BOOK_D,2025-05-15
TXN0003713795,APP006,2025-05-21,settled,317408.42,EUR,AMER,CP0163,FX,TDR0062,BOOK_B,2025-12-28
TXN0008691673,APP005,2026-03-16,active,322723.61,CHF,APAC,CP0285,FUTURE,TDR0110,BOOK_A,2025-03-28
TXN0005363303,APP015,2026-03-18,settled,139130.64,AUD,AMER,CP0364,SWAP,TDR0067,BOOK_C,2025-01-11
TXN0004337639,APP017,2025-09-30,failed,974614.81,AUD,APAC,CP0449,OPTION,TDR0161,BOOK_A,2025-11-27
TXN0003651027,APP005,2026-02-10,failed,261867.51,CHF,LATAM,CP0116,OPTION,TDR0082,BOOK_C,2025-05-25
TXN0007531823,APP017,2026-02-12,settled,762953.38,GBP,APAC,CP0433,EQUITY,TDR0152,BOOK_D,2026-03-07
TXN0002025837,APP019,2026-04-04,active,255959.9,GBP,APAC,CP0004,FUTURE,TDR0174,BOOK_B,2025-10-31
TXN0004703161,APP006,2026-01-04,reversed,164322.75,USD,APAC,CP0014,FUTURE,TDR0120,BOOK_C,2025-12-09
TXN0005834727,APP016,2025-08-28,pending,473265.32,GBP,APAC,CP0434,EQUITY,TDR0095,BOOK_B,2025-11-13
TXN0006430869,APP018,2025-09-11,pending,22296.35,GBP,AMER,CP0335,EQUITY,TDR0109,BOOK_B,2025-02-03
TXN0008147743,APP004,2026-02-15,pending,471092.29,CHF,AMER,CP0124,BOND,TDR0168,BOOK_B,2025-06-22
TXN0002602126,APP011,2025-12-31,reversed,515504.74,EUR,APAC,CP0296,SWAP,TDR0096,BOOK_B,2025-06-13
TXN0004173385,APP014,2026-01-29,settled,934639.65,CHF,LATAM,CP0397,FX,TDR0021,BOOK_A,2025-12-30
TXN0003654627,APP012,2025-11-03,settled,147415.9,USD,EMEA,CP0119,OPTION,TDR0096,BOOK_D,2025-12-20
TXN0000301737,APP006,2025-05-09,pending,402281.63,EUR,APAC,CP0296,FX,TDR0075,BOOK_B,2025-04-20
TXN0006063124,APP004,2025-07-05,active,55740.72,JPY,AMER,CP0341,BOND,TDR0144,BOOK_D,2026-02-19
TXN0007909095,APP004,2025-12-18,settled,764816.4,USD,EMEA,CP0021,EQUITY,TDR0113,BOOK_C,2026-03-12
TXN0003950566,APP016,2025-09-28,settled,507320.86,USD,AMER,CP0141,EQUITY,TDR0146,BOOK_C,2025-04-20
TXN0002579164,APP002,2026-01-22,pending,35102.21,JPY,APAC,CP0213,OPTION,TDR0008,BOOK_D,2025-08-12
TXN0006454058,APP017,2025-12-27,failed,854822.82,USD,AMER,CP0419,SWAP,TDR0024,BOOK_C,2026-02-21
TXN0000182338,APP009,2025-01-02,reversed,724105.45,EUR,AMER,CP0015,FUTURE,TDR0007,BOOK_D,2025-03-22
TXN0001600415,APP013,2025-05-01,pending,878882.66,USD,APAC,CP0230,SWAP,TDR0158,BOOK_A,2025-04-05
TXN0008028055,APP019,2025-09-07,settled,372674.35,CHF,LATAM,CP0340,SWAP,TDR0015,BOOK_A,2026-02-23
TXN0006489051,APP012,2026-02-07,settled,403513.83,USD,EMEA,CP0196,SWAP,TDR0001,BOOK_C,2025-11-01
TXN0005566119,APP002,2025-07-07,failed,476214.24,JPY,AMER,CP0362,FX,TDR0160,BOOK_B,2025-08-30
TXN0003562040,APP018,2025-05-01,failed,243831.92,GBP,APAC,CP0369,FX,TDR0179,BOOK_A,2025-03-10
TXN0001338509,APP008,2026-02-18,pending,915322.2,CHF,APAC,CP0195,OPTION,TDR0108,BOOK_D,2026-01-21
TXN0008478409,APP006,2025-06-28,settled,283243.7,EUR,LATAM,CP0381,FX,TDR0171,BOOK_D,2026-03-03
TXN0001102825,APP011,2025-05-24,failed,182602.85,GBP,APAC,CP0354,FUTURE,TDR0124,BOOK_C,2025-12-02
TXN0005511856,APP010,2026-02-01,settled,348244.92,AUD,EMEA,CP0434,OPTION,TDR0044,BOOK_A,2025-07-12
TXN0001931368,APP015,2025-01-08,active,525343.26,JPY,LATAM,CP0052,SWAP,TDR0074,BOOK_B,2025-04-19
TXN0001885984,APP013,2025-01-30,failed,500928.95,JPY,APAC,CP0327,BOND,TDR0060,BOOK_C,2026-03-29
TXN0008942136,APP007,2025-09-11,failed,808625.73,CHF,APAC,CP0500,FX,TDR0137,BOOK_D,2025-02-18
TXN0000296191,APP011,2025-11-02,reversed,597621.95,GBP,APAC,CP0042,SWAP,TDR0142,BOOK_B,2025-10-06
TXN0007949320,APP011,2025-05-15,settled,707789.63,CHF,LATAM,CP0205,OPTION,TDR0170,BOOK_D,2025-04-25
TXN0007655153,APP004,2025-08-20,failed,648067.9,AUD,APAC,CP0475,BOND,TDR0050,BOOK_C,2026-03-03
TXN0000959644,APP008,2025-02-09,failed,105762.73,AUD,LATAM,CP0359,FUTURE,TDR0014,BOOK_B,2026-01-20
TXN0008833913,APP020,2025-12-28,reversed,994151.89,AUD,LATAM,CP0388,SWAP,TDR0046,BOOK_D,2026-04-14
TXN0001477417,APP004,2025-06-12,pending,84055.24,AUD,LATAM,CP0039,FUTURE,TDR0031,BOOK_D,2025-12-02
TXN0003085694,APP002,2025-03-11,settled,298028.21,EUR,AMER,CP0300,BOND,TDR0099,BOOK_D,2025-04-22
TXN0007489611,APP005,2025-08-26,settled,440887.34,USD,LATAM,CP0099,OPTION,TDR0099,BOOK_A,2025-02-11
TXN0009249363,APP008,2025-03-27,failed,839490.58,EUR,EMEA,CP0486,SWAP,TDR0090,BOOK_B,2025-03-28
TXN0006079533,APP004,2025-03-08,settled,645972.25,JPY,AMER,CP0460,SWAP,TDR0069,BOOK_C,2025-06-12
TXN0003805987,APP008,2025-02-12,pending,736235.52,CHF,APAC,CP0016,FX,TDR0199,BOOK_A,2025-08-17
TXN0009407168,APP003,2025-03-29,reversed,909950.75,USD,EMEA,CP0004,BOND,TDR0156,BOOK_D,2026-01-29
TXN0000576703,APP017,2025-07-11,settled,3750.89,EUR,EMEA,CP0106,OPTION,TDR0186,BOOK_D,2025-10-20
TXN0004999188,APP012,2025-06-10,failed,116053.48,CHF,AMER,CP0488,EQUITY,TDR0123,BOOK_A,2025-07-10
TXN0009057061,APP016,2026-02-09,settled,375694.33,EUR,EMEA,CP0475,EQUITY,TDR0123,BOOK_B,2025-11-30
TXN0003395844,APP014,2025-12-07,failed,785757.89,EUR,LATAM,CP0142,FX,TDR0001,BOOK_D,2025-09-01
TXN0003284496,APP020,2025-06-14,active,120101.7,GBP,LATAM,CP0091,FX,TDR0036,BOOK_A,2025-02-16
TXN0004178386,APP011,2025-05-01,active,460228.71,GBP,APAC,CP0337,FUTURE,TDR0158,BOOK_A,2025-09-14
TXN0001592521,APP010,2025-05-01,reversed,419858.7,CHF,APAC,CP0282,SWAP,TDR0176,BOOK_D,2025-01-28
TXN0004498043,APP009,2025-05-12,pending,751634.35,GBP,LATAM,CP0025,EQUITY,TDR0164,BOOK_A,2025-11-07
TXN0007244516,APP008,2025-02-12,pending,374583.58,JPY,EMEA,CP0099,BOND,TDR0081,BOOK_D,2025-11-09
TXN0004344570,APP008,2025-04-05,active,467910.14,CHF,AMER,CP0247,OPTION,TDR0177,BOOK_A,2025-12-05
TXN0000610898,APP016,2025-01-26,settled,142330.48,GBP,APAC,CP0269,BOND,TDR0067,BOOK_B,2025-03-15
TXN0004373921,APP015,2025-07-13,pending,497505.52,EUR,AMER,CP0078,OPTION,TDR0139,BOOK_B,2026-01-17
TXN0000349275,APP010,2025-12-19,active,964599.67,EUR,LATAM,CP0442,FX,TDR0160,BOOK_C,2025-07-24
TXN0005037349,APP012,2025-08-04,failed,501192.85,USD,APAC,CP0063,OPTION,TDR0159,BOOK_A,2025-03-03
TXN0002537319,APP003,2025-05-13,reversed,237934.32,JPY,AMER,CP0208,FX,TDR0083,BOOK_B,2025-07-01
TXN0006315302,APP014,2025-07-04,failed,655627.9,GBP,LATAM,CP0086,EQUITY,TDR0105,BOOK_B,2025-04-14
TXN0008146904,APP004,2025-06-29,active,509632.45,USD,APAC,CP0376,SWAP,TDR0050,BOOK_B,2026-02-14
TXN0004675687,APP003,2025-07-15,settled,916959.86,JPY,APAC,CP0079,BOND,TDR0200,BOOK_C,2025-01-13
TXN0002450693,APP009,2026-02-10,active,929772.03,GBP,APAC,CP0017,SWAP,TDR0188,BOOK_D,2025-03-19
TXN0001360102,APP007,2025-07-25,active,478412.19,CHF,AMER,CP0364,FX,TDR0068,BOOK_A,2025-03-13
TXN0009938622,APP009,2025-01-17,reversed,8871.19,CHF,AMER,CP0142,EQUITY,TDR0010,BOOK_A,2025-11-26
TXN0000721327,APP012,2025-05-22,settled,487005.94,AUD,LATAM,CP0144,EQUITY,TDR0024,BOOK_C,2025-08-26
TXN0002162070,APP007,2026-02-21,reversed,109432.31,USD,APAC,CP0274,FX,TDR0043,BOOK_A,2025-06-20
TXN0006487217,APP008,2025-10-11,settled,434430.71,GBP,APAC,CP0061,BOND,TDR0124,BOOK_D,2025-10-19
TXN0003652712,APP016,2025-11-01,active,124041.47,USD,EMEA,CP0251,FX,TDR0008,BOOK_A,2026-03-18
TXN0006648695,APP007,2025-04-12,pending,767509.84,USD,LATAM,CP0295,BOND,TDR0193,BOOK_D,2025-03-12
TXN0006222630,APP002,2025-07-29,pending,694439.29,CHF,AMER,CP0489,FX,TDR0049,BOOK_B,2026-01-08
TXN0008153215,APP005,2025-06-26,pending,53722.36,USD,AMER,CP0305,EQUITY,TDR0060,BOOK_A,2025-02-23
TXN0001426801,APP002,2025-04-16,pending,222670.66,USD,LATAM,CP0006,OPTION,TDR0173,BOOK_A,2025-03-07
TXN0005079071,APP002,2025-09-09,pending,92643.19,JPY,EMEA,CP0203,EQUITY,TDR0018,BOOK_D,2025-09-25
TXN0007669130,APP008,2025-05-01,settled,238361.34,AUD,LATAM,CP0312,SWAP,TDR0162,BOOK_B,2026-01-31
TXN0000600754,APP004,2025-09-18,settled,141112.08,GBP,LATAM,CP0088,EQUITY,TDR0136,BOOK_D,2025-12-19
TXN0006010619,APP002,2025-10-18,failed,46101.99,AUD,APAC,CP0359,BOND,TDR0150,BOOK_B,2025-04-12
TXN0002301788,APP013,2025-03-31,active,375684.49,JPY,APAC,CP0051,FUTURE,TDR0031,BOOK_B,2026-02-25
TXN0009565280,APP002,2025-08-19,active,288606.27,JPY,AMER,CP0371,EQUITY,TDR0134,BOOK_A,2025-10-09
TXN0006367388,APP010,2026-02-01,active,31678.68,USD,AMER,CP0132,BOND,TDR0032,BOOK_D,2025-01-16
TXN0005953415,APP008,2025-09-16,failed,342590.87,GBP,EMEA,CP0301,OPTION,TDR0143,BOOK_B,2025-02-12
TXN0003424757,APP007,2025-11-29,settled,317928.67,CHF,AMER,CP0365,SWAP,TDR0157,BOOK_D,2025-09-09
TXN0000348806,APP002,2025-05-15,settled,116152.24,CHF,EMEA,CP0168,FUTURE,TDR0088,BOOK_C,2026-04-04
TXN0000262435,APP008,2025-08-23,reversed,522673.05,USD,EMEA,CP0441,EQUITY,TDR0187,BOOK_A,2025-10-22
TXN0005238568,APP002,2025-02-13,failed,307706.89,JPY,EMEA,CP0055,OPTION,TDR0026,BOOK_D,2025-06-06
TXN0005175184,APP013,2025-10-09,pending,645817.31,GBP,LATAM,CP0193,FX,TDR0060,BOOK_A,2025-05-27
TXN0006676647,APP013,2025-05-19,active,484212.55,CHF,APAC,CP0454,FUTURE,TDR0111,BOOK_D,2025-01-29
TXN0004672386,APP012,2025-05-30,failed,147671.06,USD,APAC,CP0437,SWAP,TDR0066,BOOK_A,2025-01-03
TXN0008382456,APP019,2025-06-20,active,860454.34,CHF,LATAM,CP0111,SWAP,TDR0140,BOOK_D,2026-03-11
TXN0006522100,APP016,2026-03-06,settled,22221.01,EUR,LATAM,CP0077,EQUITY,TDR0127,BOOK_B,2025-10-23
TXN0008277172,APP009,2025-09-28,active,326944.72,EUR,AMER,CP0113,SWAP,TDR0179,BOOK_A,2025-06-22
TXN0004327604,APP017,2025-06-13,active,398720.8,JPY,APAC,CP0251,FUTURE,TDR0168,BOOK_C,2025-04-16
TXN0007605805,APP020,2025-05-12,reversed,242592.92,JPY,APAC,CP0195,SWAP,TDR0135,BOOK_B,2025-05-05
TXN0004305009,APP017,2025-08-23,settled,788322.47,AUD,AMER,CP0194,SWAP,TDR0086,BOOK_A,2025-10-28
TXN0002891210,APP004,2025-06-04,pending,326501.34,EUR,EMEA,CP0338,OPTION,TDR0048,BOOK_D,2025-08-25
TXN0003294463,APP017,2025-11-21,failed,947685.59,GBP,AMER,CP0429,FUTURE,TDR0003,BOOK_A,2025-12-24
TXN0006062052,APP020,2025-04-18,active,623397.76,CHF,EMEA,CP0186,FX,TDR0144,BOOK_B,2026-03-26
TXN0009877794,APP006,2025-12-26,settled,661563.35,GBP,AMER,CP0154,FUTURE,TDR0026,BOOK_A,2025-02-11
TXN0000741379,APP020,2026-02-28,failed,362235.58,GBP,AMER,CP0322,OPTION,TDR0030,BOOK_C,2025-06-27
TXN0001660724,APP017,2025-08-01,pending,214389.84,EUR,AMER,CP0236,BOND,TDR0121,BOOK_D,2025-09-12
TXN0005415919,APP015,2025-05-07,failed,827591.45,JPY,EMEA,CP0447,FUTURE,TDR0112,BOOK_B,2025-01-30
TXN0000053122,APP002,2025-04-14,active,815850.7,AUD,LATAM,CP0143,FUTURE,TDR0085,BOOK_B,2025-03-11
TXN0003493551,APP013,2025-04-03,pending,239125.13,GBP,EMEA,CP0181,FUTURE,TDR0099,BOOK_D,2025-08-18
TXN0007443301,APP005,2025-11-16,failed,295549.82,EUR,APAC,CP0118,BOND,TDR0101,BOOK_A,2025-06-12
TXN0004082567,APP002,2025-01-21,pending,157121.26,JPY,APAC,CP0327,SWAP,TDR0085,BOOK_A,2025-03-02
TXN0007376416,APP019,2025-11-18,active,65266.14,GBP,EMEA,CP0036,SWAP,TDR0080,BOOK_B,2025-09-03
TXN0008912465,APP013,2025-11-03,active,383691.55,EUR,AMER,CP0222,EQUITY,TDR0159,BOOK_C,2025-10-22
TXN0006937262,APP012,2026-02-11,settled,681992.69,USD,AMER,CP0172,FUTURE,TDR0039,BOOK_B,2025-07-11
TXN0000191651,APP018,2026-02-25,settled,681912.17,EUR,LATAM,CP0137,FX,TDR0184,BOOK_A,2025-06-29
TXN0009187086,APP016,2025-01-29,reversed,342306.39,GBP,AMER,CP0032,BOND,TDR0166,BOOK_A,2025-07-19
TXN0009403051,APP014,2026-01-12,failed,391805.63,JPY,AMER,CP0291,SWAP,TDR0087,BOOK_C,2025-09-09
TXN0008959418,APP002,2025-07-24,settled,650034.52,USD,APAC,CP0236,FX,TDR0093,BOOK_D,2025-03-23
TXN0003322653,APP020,2025-06-25,active,741774.53,CHF,LATAM,CP0444,FX,TDR0179,BOOK_A,2025-08-13
TXN0007690601,APP014,2025-09-03,settled,184423.54,USD,EMEA,CP0069,BOND,TDR0041,BOOK_B,2025-12-27
TXN0008736784,APP017,2025-12-24,settled,411354.57,JPY,APAC,CP0406,BOND,TDR0094,BOOK_D,2026-04-02
TXN0006446249,APP001,2025-07-20,active,346306.08,JPY,EMEA,CP0134,BOND,TDR0099,BOOK_D,2025-02-15
TXN0009157693,APP004,2026-04-11,pending,229319.38,GBP,EMEA,CP0038,BOND,TDR0133,BOOK_B,2025-01-04
TXN0001765840,APP016,2025-10-01,failed,191940.79,GBP,APAC,CP0482,FUTURE,TDR0114,BOOK_D,2025-01-05
TXN0001514297,APP011,2025-01-30,active,668649.71,AUD,EMEA,CP0334,EQUITY,TDR0101,BOOK_D,2025-05-01
TXN0005288718,APP006,2025-02-27,active,927156.11,EUR,APAC,CP0382,BOND,TDR0025,BOOK_C,2025-06-27
TXN0006128505,APP003,2026-04-11,reversed,488467.04,CHF,AMER,CP0032,SWAP,TDR0056,BOOK_A,2026-02-20
TXN0003051325,APP006,2025-01-17,pending,729815.78,EUR,EMEA,CP0210,OPTION,TDR0196,BOOK_C,2025-11-17
TXN0007938687,APP007,2025-12-05,pending,664721.1,GBP,AMER,CP0372,FUTURE,TDR0045,BOOK_D,2025-01-09
TXN0007673600,APP002,2025-06-02,failed,277419.11,GBP,AMER,CP0276,OPTION,TDR0046,BOOK_C,2025-07-13
TXN0004846430,APP016,2025-02-12,active,640548.03,GBP,LATAM,CP0409,SWAP,TDR0062,BOOK_C,2025-01-27
TXN0002038656,APP013,2026-02-10,failed,179844.96,EUR,EMEA,CP0129,FX,TDR0046,BOOK_B,2025-09-27
TXN0007545709,APP006,2025-01-14,active,704345.06,GBP,EMEA,CP0227,BOND,TDR0107,BOOK_D,2025-07-20
TXN0008739459,APP009,2025-05-29,settled,655791.51,GBP,EMEA,CP0339,EQUITY,TDR0024,BOOK_D,2025-11-03
TXN0007791033,APP001,2026-02-06,failed,529380.84,EUR,APAC,CP0409,EQUITY,TDR0015,BOOK_C,2025-03-23
TXN0003973919,APP005,2025-04-09,settled,542155.35,USD,EMEA,CP0396,OPTION,TDR0131,BOOK_D,2025-03-03
TXN0008651507,APP012,2025-04-22,settled,783662.94,USD,APAC,CP0116,SWAP,TDR0126,BOOK_C,2025-04-14
TXN0000221029,APP002,2025-11-17,settled,962782.51,JPY,AMER,CP0279,EQUITY,TDR0079,BOOK_C,2026-02-27
TXN0009387513,APP005,2025-06-08,active,688208.0,JPY,AMER,CP0392,EQUITY,TDR0034,BOOK_C,2025-03-25
TXN0005213078,APP003,2026-02-18,reversed,157035.15,AUD,LATAM,CP0465,FX,TDR0123,BOOK_B,2025-04-05
TXN0009871949,APP017,2025-12-22,reversed,871695.05,JPY,EMEA,CP0388,FX,TDR0071,BOOK_A,2025-06-18
TXN0005855391,APP002,2025-11-27,settled,219842.82,JPY,AMER,CP0340,OPTION,TDR0085,BOOK_C,2026-03-12
TXN0001365820,APP010,2025-01-25,reversed,677480.83,EUR,AMER,CP0324,EQUITY,TDR0122,BOOK_A,2025-05-25
TXN0004025825,APP015,2025-06-07,settled,279206.22,USD,EMEA,CP0113,OPTION,TDR0150,BOOK_B,2025-07-03
TXN0009394128,APP003,2026-01-20,settled,307191.03,GBP,EMEA,CP0358,FX,TDR0160,BOOK_D,2025-07-27
TXN0007811346,APP009,2025-12-31,reversed,521683.62,JPY,AMER,CP0385,FX,TDR0050,BOOK_D,2025-08-18
TXN0008117037,APP018,2025-05-04,active,428865.26,AUD,LATAM,CP0370,BOND,TDR0195,BOOK_D,2025-09-12
TXN0007275723,APP006,2025-02-28,failed,767186.33,EUR,LATAM,CP0431,FUTURE,TDR0103,BOOK_D,2025-05-04
TXN0001539454,APP020,2025-11-04,settled,326642.33,JPY,APAC,CP0030,EQUITY,TDR0187,BOOK_A,2025-09-29
TXN0000908130,APP006,2025-02-18,pending,308022.63,EUR,EMEA,CP0025,OPTION,TDR0179,BOOK_D,2026-01-05
TXN0003719279,APP004,2025-10-07,failed,130900.07,USD,EMEA,CP0409,BOND,TDR0150,BOOK_C,2025-06-15
TXN0001623785,APP014,2025-12-06,active,223036.36,USD,EMEA,CP0376,FX,TDR0176,BOOK_D,2025-07-25
TXN0000822457,APP015,2025-04-24,settled,210262.44,EUR,AMER,CP0242,EQUITY,TDR0149,BOOK_A,2025-06-15
TXN0007359433,APP009,2025-05-16,reversed,626998.46,AUD,LATAM,CP0129,OPTION,TDR0181,BOOK_B,2025-01-30
TXN0002924184,APP004,2025-10-30,active,522240.4,EUR,AMER,CP0225,BOND,TDR0175,BOOK_A,2025-09-17
TXN0009542868,APP004,2026-02-25,active,388204.37,EUR,LATAM,CP0123,FUTURE,TDR0056,BOOK_D,2026-04-11
TXN0007459578,APP018,2026-01-07,pending,116512.16,GBP,APAC,CP0427,BOND,TDR0062,BOOK_D,2026-03-06
TXN0009637820,APP013,2026-01-30,active,744776.78,USD,APAC,CP0149,EQUITY,TDR0087,BOOK_D,2025-05-24
TXN0005282868,APP002,2025-06-07,failed,236139.09,AUD,AMER,CP0388,FUTURE,TDR0154,BOOK_C,2025-10-29
TXN0004945662,APP015,2025-08-21,pending,28076.36,CHF,APAC,CP0130,FX,TDR0158,BOOK_A,2025-10-03
TXN0005674869,APP009,2025-09-04,reversed,111523.5,AUD,APAC,CP0089,SWAP,TDR0074,BOOK_C,2025-03-11
TXN0000777353,APP013,2025-09-03,active,965013.33,AUD,EMEA,CP0058,FUTURE,TDR0150,BOOK_A,2025-05-08
TXN0004100803,APP013,2025-12-20,settled,468641.89,AUD,LATAM,CP0110,BOND,TDR0173,BOOK_D,2026-04-11
TXN0000273810,APP003,2025-10-02,pending,688104.89,EUR,LATAM,CP0104,BOND,TDR0198,BOOK_A,2026-01-10
TXN0004791724,APP011,2026-02-10,settled,520522.54,USD,APAC,CP0294,FX,TDR0168,BOOK_A,2026-03-26
TXN0008812470,APP004,2025-02-28,reversed,172163.75,AUD,AMER,CP0117,OPTION,TDR0200,BOOK_A,2025-02-01
TXN0003670152,APP017,2025-10-26,failed,893890.03,CHF,LATAM,CP0468,BOND,TDR0190,BOOK_A,2025-08-22
TXN0006430602,APP015,2025-04-25,pending,728726.93,GBP,APAC,CP0306,OPTION,TDR0173,BOOK_C,2025-03-29
TXN0008865688,APP019,2025-03-15,active,967694.58,CHF,AMER,CP0040,FX,TDR0010,BOOK_B,2025-01-13
TXN0008414803,APP007,2025-01-26,pending,902482.03,EUR,LATAM,CP0122,SWAP,TDR0002,BOOK_A,2025-12-02
TXN0006696334,APP007,2026-03-19,failed,937644.86,USD,LATAM,CP0083,FUTURE,TDR0047,BOOK_A,2025-06-10
TXN0009406994,APP015,2025-11-29,failed,222203.69,USD,EMEA,CP0005,EQUITY,TDR0086,BOOK_A,2026-03-20
TXN0001716358,APP019,2025-10-07,reversed,371092.85,USD,EMEA,CP0050,BOND,TDR0095,BOOK_B,2025-09-04
TXN0009319632,APP002,2025-07-10,active,75351.96,AUD,EMEA,CP0202,SWAP,TDR0158,BOOK_A,2026-03-14
TXN0004736830,APP013,2026-03-28,pending,163678.09,EUR,LATAM,CP0456,FUTURE,TDR0001,BOOK_B,2026-04-07
TXN0006080216,APP019,2026-03-12,failed,848699.38,EUR,APAC,CP0430,FX,TDR0022,BOOK_B,2025-11-22
TXN0001832410,APP016,2025-09-28,reversed,524365.59,EUR,APAC,CP0168,OPTION,TDR0062,BOOK_B,2025-05-10
TXN0006139496,APP003,2025-08-29,active,950051.73,CHF,AMER,CP0342,EQUITY,TDR0080,BOOK_B,2026-04-12
TXN0005221005,APP019,2025-02-18,failed,742620.78,CHF,LATAM,CP0471,OPTION,TDR0023,BOOK_B,2026-03-30
TXN0005197719,APP001,2025-11-17,settled,873507.08,USD,LATAM,CP0491,OPTION,TDR0016,BOOK_D,2026-01-17
TXN0009489571,APP010,2025-05-05,reversed,662603.6,CHF,AMER,CP0210,OPTION,TDR0159,BOOK_D,2025-08-27
TXN0008224138,APP006,2025-06-10,reversed,508961.37,JPY,APAC,CP0302,FUTURE,TDR0009,BOOK_D,2025-01-28
TXN0003323875,APP019,2025-03-18,settled,143612.43,JPY,APAC,CP0486,FX,TDR0188,BOOK_D,2025-08-09
TXN0001001408,APP007,2025-12-06,failed,837444.86,AUD,EMEA,CP0160,FX,TDR0047,BOOK_B,2025-03-13
TXN0008710420,APP005,2026-03-19,pending,331617.4,USD,APAC,CP0042,SWAP,TDR0081,BOOK_B,2025-07-12
TXN0000539207,APP005,2025-05-11,settled,662132.4,EUR,APAC,CP0065,SWAP,TDR0114,BOOK_B,2026-01-20
TXN0004933214,APP018,2025-11-17,failed,951773.99,JPY,APAC,CP0312,BOND,TDR0192,BOOK_A,2025-11-21
TXN0007296262,APP006,2025-03-02,active,484395.74,AUD,APAC,CP0426,FUTURE,TDR0019,BOOK_A,2025-07-21
TXN0005692640,APP015,2025-02-10,failed,798794.43,EUR,LATAM,CP0230,BOND,TDR0106,BOOK_D,2025-05-05
TXN0004800119,APP016,2025-12-01,active,323630.88,GBP,EMEA,CP0062,EQUITY,TDR0013,BOOK_C,2025-12-17
TXN0006374932,APP014,2025-12-25,settled,172371.09,JPY,APAC,CP0281,SWAP,TDR0147,BOOK_C,2025-06-20
TXN0008914673,APP006,2025-07-01,settled,892866.05,GBP,EMEA,CP0440,SWAP,TDR0056,BOOK_C,2026-03-14
TXN0005123150,APP005,2025-09-24,settled,420513.53,JPY,AMER,CP0374,EQUITY,TDR0181,BOOK_B,2025-07-23
TXN0009847975,APP019,2025-01-27,pending,875971.61,EUR,APAC,CP0479,OPTION,TDR0086,BOOK_D,2025-02-10
TXN0007449241,APP016,2025-04-02,active,297386.88,JPY,LATAM,CP0403,OPTION,TDR0023,BOOK_C,2025-06-06
TXN0006883559,APP018,2025-11-08,pending,432969.19,USD,EMEA,CP0208,FUTURE,TDR0106,BOOK_C,2026-03-16
TXN0005376586,APP009,2025-03-14,active,931925.49,AUD,LATAM,CP0273,BOND,TDR0049,BOOK_C,2025-04-23
TXN0004027046,APP013,2025-03-31,active,865321.49,EUR,LATAM,CP0403,FUTURE,TDR0123,BOOK_C,2025-05-29
TXN0009262579,APP015,2025-10-17,settled,556864.21,JPY,APAC,CP0151,EQUITY,TDR0179,BOOK_A,2025-03-16
TXN0001753850,APP001,2026-04-14,reversed,666431.31,CHF,LATAM,CP0216,OPTION,TDR0059,BOOK_B,2025-01-27
TXN0007273086,APP020,2025-08-02,reversed,174968.54,USD,EMEA,CP0494,FX,TDR0089,BOOK_B,2025-10-30
TXN0006679956,APP017,2026-03-18,settled,456885.44,AUD,AMER,CP0149,EQUITY,TDR0079,BOOK_A,2025-02-14
TXN0006504668,APP013,2026-02-17,settled,835505.79,CHF,LATAM,CP0021,OPTION,TDR0168,BOOK_C,2025-05-25
TXN0007693676,APP002,2025-09-07,failed,737806.37,JPY,LATAM,CP0361,OPTION,TDR0061,BOOK_A,2025-10-21
TXN0005744325,APP018,2025-07-17,active,556399.77,JPY,AMER,CP0019,FUTURE,TDR0029,BOOK_C,2026-01-04
TXN0009245692,APP006,2025-01-29,active,907756.83,AUD,LATAM,CP0283,FUTURE,TDR0053,BOOK_B,2025-07-08
TXN0007352229,APP017,2026-01-23,pending,269516.64,CHF,EMEA,CP0014,SWAP,TDR0189,BOOK_D,2025-05-13
TXN0005027061,APP008,2025-05-31,reversed,212595.3,CHF,LATAM,CP0199,SWAP,TDR0181,BOOK_C,2025-11-30
TXN0009830674,APP010,2026-04-03,reversed,968483.22,USD,EMEA,CP0270,FUTURE,TDR0125,BOOK_A,2025-03-16
TXN0000294771,APP010,2025-07-14,settled,307528.76,GBP,LATAM,CP0106,OPTION,TDR0045,BOOK_A,2025-07-19
TXN0004997592,APP019,2025-11-06,reversed,553994.87,EUR,LATAM,CP0057,FUTURE,TDR0012,BOOK_C,2025-11-12
TXN0009323125,APP003,2026-03-19,reversed,221712.21,CHF,LATAM,CP0310,FUTURE,TDR0002,BOOK_D,2025-06-25
TXN0009502972,APP020,2025-08-15,settled,734158.49,CHF,APAC,CP0305,SWAP,TDR0195,BOOK_B,2026-04-12
TXN0002257609,APP006,2025-02-01,pending,375364.68,GBP,LATAM,CP0257,EQUITY,TDR0180,BOOK_B,2025-07-16
TXN0004715794,APP014,2025-06-13,pending,231428.99,JPY,EMEA,CP0280,EQUITY,TDR0001,BOOK_A,2026-04-07
TXN0002859943,APP003,2025-10-07,active,754925.77,EUR,LATAM,CP0265,FUTURE,TDR0134,BOOK_A,2025-11-01
TXN0004410281,APP002,2025-02-22,active,304559.43,CHF,APAC,CP0364,EQUITY,TDR0162,BOOK_B,2025-11-18
TXN0008527228,APP014,2025-01-11,settled,768190.5,GBP,EMEA,CP0467,SWAP,TDR0102,BOOK_D,2025-02-03
TXN0001506397,APP008,2025-04-03,failed,509356.28,JPY,EMEA,CP0183,BOND,TDR0163,BOOK_D,2025-07-02
TXN0006077099,APP014,2025-01-08,settled,718627.34,USD,APAC,CP0115,FX,TDR0126,BOOK_C,2025-09-02
TXN0009903783,APP020,2025-11-18,reversed,147780.77,EUR,APAC,CP0408,FX,TDR0012,BOOK_D,2025-03-18
TXN0007134532,APP018,2025-06-19,failed,639835.85,AUD,EMEA,CP0227,BOND,TDR0005,BOOK_A,2026-04-08
TXN0001294991,APP014,2025-08-17,reversed,467656.92,USD,APAC,CP0431,BOND,TDR0003,BOOK_D,2026-03-10
TXN0002099534,APP010,2025-05-08,active,435860.48,EUR,AMER,CP0412,BOND,TDR0112,BOOK_A,2025-08-28
TXN0006311144,APP017,2026-02-12,failed,262856.7,USD,EMEA,CP0207,SWAP,TDR0134,BOOK_C,2026-01-05
TXN0001065746,APP010,2026-02-10,reversed,598387.46,GBP,EMEA,CP0487,SWAP,TDR0137,BOOK_B,2025-06-12
TXN0001675172,APP001,2025-06-24,reversed,491746.61,CHF,APAC,CP0143,OPTION,TDR0199,BOOK_B,2026-03-25
TXN0009482534,APP009,2025-12-16,reversed,336065.64,JPY,APAC,CP0263,EQUITY,TDR0097,BOOK_C,2025-05-17
TXN0006264416,APP016,2025-02-03,settled,176785.24,EUR,LATAM,CP0422,SWAP,TDR0076,BOOK_C,2026-03-31
TXN0000223170,APP018,2026-02-15,settled,694015.96,GBP,LATAM,CP0101,FUTURE,TDR0038,BOOK_D,2025-09-20
TXN0006730863,APP005,2025-12-14,active,822621.92,CHF,APAC,CP0348,SWAP,TDR0004,BOOK_A,2025-03-16
TXN0009809411,APP018,2025-10-24,settled,262874.73,JPY,LATAM,CP0047,SWAP,TDR0021,BOOK_C,2025-04-10
TXN0001604410,APP001,2026-03-20,reversed,924310.55,EUR,APAC,CP0373,BOND,TDR0106,BOOK_B,2026-02-05
TXN0006926860,APP011,2025-02-12,pending,235474.29,JPY,AMER,CP0178,SWAP,TDR0197,BOOK_B,2026-04-12
TXN0003364547,APP012,2025-08-27,reversed,226055.5,GBP,AMER,CP0282,SWAP,TDR0174,BOOK_C,2025-04-19
TXN0005826044,APP008,2025-11-28,settled,83662.89,EUR,EMEA,CP0275,FUTURE,TDR0028,BOOK_B,2025-03-16
TXN0002189474,APP019,2025-03-21,pending,361174.17,JPY,APAC,CP0047,EQUITY,TDR0151,BOOK_B,2025-12-14
TXN0006013171,APP004,2026-02-05,settled,631420.53,USD,LATAM,CP0189,EQUITY,TDR0014,BOOK_D,2025-05-08
TXN0007723448,APP001,2026-02-12,failed,40243.17,AUD,LATAM,CP0323,SWAP,TDR0058,BOOK_A,2025-02-25
TXN0002966101,APP004,2025-01-27,pending,355926.47,CHF,AMER,CP0136,OPTION,TDR0137,BOOK_C,2025-09-04
TXN0002048355,APP016,2026-03-23,pending,846639.14,GBP,AMER,CP0346,OPTION,TDR0085,BOOK_A,2025-12-23
TXN0007342271,APP002,2026-03-09,reversed,656696.15,JPY,LATAM,CP0481,EQUITY,TDR0110,BOOK_D,2025-04-29
TXN0003588214,APP003,2025-06-05,reversed,247045.94,USD,APAC,CP0401,SWAP,TDR0121,BOOK_C,2025-10-05
TXN0005973192,APP010,2025-06-07,reversed,656662.46,AUD,EMEA,CP0039,FX,TDR0151,BOOK_A,2025-07-17
TXN0006912020,APP006,2026-03-12,active,388316.01,CHF,APAC,CP0015,EQUITY,TDR0080,BOOK_B,2025-08-15
TXN0001618465,APP005,2025-06-24,active,381908.47,CHF,EMEA,CP0054,FUTURE,TDR0043,BOOK_D,2025-04-10
TXN0008735224,APP010,2025-08-15,pending,513728.62,EUR,EMEA,CP0267,FX,TDR0025,BOOK_C,2026-02-07
TXN0005834023,APP003,2025-09-13,settled,44865.43,JPY,EMEA,CP0031,BOND,TDR0151,BOOK_B,2025-03-31
TXN0008977813,APP016,2025-03-26,failed,588574.39,CHF,AMER,CP0381,OPTION,TDR0056,BOOK_A,2026-03-17
TXN0005498740,APP013,2025-08-07,active,912845.0,JPY,APAC,CP0203,FUTURE,TDR0172,BOOK_D,2026-01-02
TXN0008651369,APP013,2025-01-18,pending,23313.08,CHF,EMEA,CP0132,EQUITY,TDR0180,BOOK_A,2025-05-21
TXN0004028857,APP008,2025-05-31,pending,589338.55,CHF,AMER,CP0450,SWAP,TDR0053,BOOK_A,2026-03-15
TXN0003270558,APP009,2025-07-02,active,563405.37,AUD,LATAM,CP0284,BOND,TDR0091,BOOK_A,2025-04-06
TXN0006868431,APP008,2025-05-12,settled,532606.99,GBP,AMER,CP0320,FUTURE,TDR0066,BOOK_C,2025-12-28
TXN0004951208,APP017,2025-08-24,reversed,891050.83,JPY,LATAM,CP0053,FUTURE,TDR0041,BOOK_B,2025-06-19
TXN0008114273,APP015,2025-08-09,reversed,528171.57,CHF,AMER,CP0469,SWAP,TDR0036,BOOK_C,2025-12-03
TXN0001334390,APP018,2026-01-04,reversed,193588.11,USD,APAC,CP0002,BOND,TDR0116,BOOK_C,2025-11-17
TXN0004056406,APP015,2025-10-05,settled,716118.68,JPY,EMEA,CP0211,FUTURE,TDR0145,BOOK_C,2025-09-09
TXN0008699525,APP007,2025-06-29,failed,346451.86,JPY,APAC,CP0303,BOND,TDR0152,BOOK_B,2026-02-27
TXN0005542354,APP002,2025-07-16,failed,96012.49,GBP,LATAM,CP0016,EQUITY,TDR0137,BOOK_A,2025-04-10
TXN0006746356,APP003,2025-06-05,settled,27671.23,GBP,APAC,CP0319,EQUITY,TDR0025,BOOK_D,2025-07-15
TXN0001226482,APP005,2026-01-20,pending,119844.3,JPY,LATAM,CP0214,FUTURE,TDR0160,BOOK_B,2026-03-30
TXN0005582065,APP014,2025-06-05,reversed,372547.88,GBP,AMER,CP0365,FX,TDR0109,BOOK_A,2025-08-11
TXN0009682213,APP012,2025-04-01,failed,373287.75,AUD,APAC,CP0326,SWAP,TDR0100,BOOK_C,2026-03-12
TXN0006736933,APP010,2025-11-26,active,888208.45,AUD,EMEA,CP0405,EQUITY,TDR0077,BOOK_D,2025-04-12
TXN0009521076,APP004,2025-05-31,active,602358.65,EUR,LATAM,CP0056,EQUITY,TDR0124,BOOK_B,2025-03-13
TXN0006106237,APP013,2025-10-16,reversed,659470.38,AUD,AMER,CP0052,EQUITY,TDR0042,BOOK_B,2025-12-01
TXN0005707972,APP011,2025-10-19,settled,717943.81,GBP,LATAM,CP0433,BOND,TDR0087,BOOK_C,2025-05-24
TXN0003659794,APP020,2025-10-06,pending,558571.24,USD,APAC,CP0416,EQUITY,TDR0125,BOOK_B,2025-03-06
TXN0000754552,APP011,2025-06-24,pending,638330.88,JPY,AMER,CP0341,SWAP,TDR0035,BOOK_B,2025-11-17
TXN0005789369,APP019,2026-04-10,pending,406223.97,AUD,EMEA,CP0277,OPTION,TDR0077,BOOK_B,2025-02-03
TXN0006471907,APP011,2025-12-12,settled,967388.48,EUR,APAC,CP0228,EQUITY,TDR0144,BOOK_C,2025-12-04
TXN0008734140,APP010,2025-10-22,failed,516915.65,JPY,APAC,CP0321,OPTION,TDR0193,BOOK_D,2025-11-09
TXN0001110077,APP018,2025-12-03,failed,716813.98,USD,LATAM,CP0045,EQUITY,TDR0079,BOOK_B,2025-01-15
TXN0000807312,APP004,2025-06-23,pending,280276.25,GBP,LATAM,CP0280,BOND,TDR0020,BOOK_A,2025-03-02
TXN0004096998,APP001,2025-11-16,active,996628.8,EUR,AMER,CP0496,BOND,TDR0003,BOOK_B,2025-03-09
TXN0007687737,APP010,2026-03-22,pending,737015.54,USD,EMEA,CP0328,SWAP,TDR0069,BOOK_B,2025-05-17
TXN0007155800,APP001,2025-04-09,reversed,925952.74,GBP,LATAM,CP0288,BOND,TDR0036,BOOK_D,2025-11-22
TXN0003724377,APP018,2025-03-03,active,962407.63,GBP,LATAM,CP0060,EQUITY,TDR0076,BOOK_C,2025-01-25
TXN0001252546,APP019,2025-01-02,settled,984586.13,CHF,EMEA,CP0089,FX,TDR0163,BOOK_B,2025-01-03
TXN0007141077,APP018,2025-06-06,failed,488143.14,CHF,EMEA,CP0380,FX,TDR0091,BOOK_C,2025-07-19
TXN0009933166,APP009,2025-12-11,settled,240215.11,CHF,EMEA,CP0341,EQUITY,TDR0006,BOOK_D,2025-03-15
TXN0006013922,APP006,2025-12-18,settled,868296.35,EUR,APAC,CP0104,BOND,TDR0003,BOOK_D,2025-02-05
TXN0005854595,APP013,2025-09-02,failed,9889.92,EUR,APAC,CP0084,FX,TDR0192,BOOK_D,2025-06-20
TXN0009513056,APP019,2025-09-28,pending,240663.04,JPY,AMER,CP0307,BOND,TDR0059,BOOK_A,2025-09-13
TXN0006343489,APP012,2025-09-20,pending,898466.63,JPY,APAC,CP0120,SWAP,TDR0022,BOOK_C,2025-09-20
TXN0009018909,APP002,2025-08-25,active,882051.16,CHF,AMER,CP0473,FUTURE,TDR0063,BOOK_D,2025-12-27
TXN0003344015,APP004,2025-12-15,failed,497386.98,JPY,EMEA,CP0038,OPTION,TDR0124,BOOK_C,2026-01-07
TXN0006551953,APP017,2025-10-09,pending,69202.04,CHF,AMER,CP0334,OPTION,TDR0092,BOOK_D,2025-05-21
TXN0008198847,APP020,2025-12-26,settled,906864.33,JPY,EMEA,CP0315,SWAP,TDR0086,BOOK_A,2025-05-16
TXN0004274562,APP019,2025-10-17,reversed,334700.35,CHF,EMEA,CP0194,FX,TDR0152,BOOK_C,2025-03-11
TXN0007087648,APP005,2025-06-06,active,546678.1,AUD,EMEA,CP0417,SWAP,TDR0162,BOOK_D,2025-11-13
TXN0006712425,APP008,2025-11-23,reversed,86079.13,USD,APAC,CP0140,SWAP,TDR0138,BOOK_D,2025-06-01
TXN0002445225,APP018,2025-06-18,active,154421.96,EUR,APAC,CP0328,FX,TDR0200,BOOK_C,2025-01-08
TXN0003512091,APP007,2025-06-27,failed,218752.87,USD,APAC,CP0424,FX,TDR0073,BOOK_A,2026-03-18
TXN0006563223,APP006,2026-03-10,failed,691403.1,CHF,EMEA,CP0402,SWAP,TDR0014,BOOK_B,2025-03-08
TXN0007856087,APP002,2026-02-05,settled,744364.32,AUD,AMER,CP0133,SWAP,TDR0010,BOOK_B,2026-03-21
TXN0002737878,APP010,2025-01-19,settled,206738.35,USD,LATAM,CP0416,FUTURE,TDR0190,BOOK_A,2025-05-13
TXN0008881103,APP016,2025-11-30,settled,797071.23,USD,AMER,CP0206,EQUITY,TDR0161,BOOK_B,2025-12-23
TXN0005274540,APP012,2025-08-21,settled,755178.71,JPY,AMER,CP0295,SWAP,TDR0101,BOOK_C,2025-01-25
TXN0006878235,APP003,2025-07-24,pending,466388.15,GBP,EMEA,CP0302,SWAP,TDR0058,BOOK_C,2025-10-24
TXN0009266593,APP002,2025-09-22,pending,933861.87,AUD,EMEA,CP0249,OPTION,TDR0023,BOOK_C,2025-12-13
TXN0008227115,APP001,2025-08-07,settled,823241.39,EUR,AMER,CP0183,FUTURE,TDR0181,BOOK_A,2025-03-23
TXN0001868400,APP013,2025-12-08,reversed,359155.44,CHF,AMER,CP0088,SWAP,TDR0150,BOOK_A,2026-03-25
TXN0004470501,APP002,2026-03-08,reversed,597388.36,GBP,LATAM,CP0115,FUTURE,TDR0200,BOOK_B,2025-12-16
TXN0009791668,APP006,2025-06-24,settled,835400.57,CHF,EMEA,CP0325,FUTURE,TDR0172,BOOK_A,2026-02-23
TXN0009609034,APP010,2026-02-22,settled,142322.27,CHF,LATAM,CP0134,FX,TDR0049,BOOK_A,2026-04-14
TXN0003396324,APP010,2025-09-20,active,976102.23,USD,LATAM,CP0094,EQUITY,TDR0121,BOOK_A,2025-08-31
TXN0001677910,APP013,2025-10-15,pending,618486.86,EUR,LATAM,CP0279,FX,TDR0001,BOOK_D,2025-06-26
TXN0004039424,APP001,2025-05-07,failed,324902.69,EUR,APAC,CP0383,EQUITY,TDR0087,BOOK_C,2025-01-04
TXN0000525761,APP005,2025-09-27,reversed,923425.91,CHF,AMER,CP0184,FUTURE,TDR0157,BOOK_D,2025-09-15
TXN0006195416,APP019,2025-10-03,reversed,428419.96,GBP,AMER,CP0326,OPTION,TDR0135,BOOK_B,2025-03-26
TXN0001092859,APP013,2025-03-29,reversed,163063.21,EUR,AMER,CP0339,FUTURE,TDR0017,BOOK_B,2025-08-22
TXN0001051654,APP013,2026-01-04,settled,310708.64,GBP,APAC,CP0123,FUTURE,TDR0080,BOOK_B,2025-05-18
TXN0005660750,APP005,2025-06-28,failed,946733.15,GBP,APAC,CP0047,BOND,TDR0096,BOOK_D,2025-05-14
TXN0003066453,APP016,2025-01-30,settled,230212.03,AUD,AMER,CP0284,FUTURE,TDR0053,BOOK_B,2025-12-19
TXN0007124027,APP011,2025-09-11,pending,920825.4,JPY,APAC,CP0339,FX,TDR0039,BOOK_B,2026-04-03
TXN0001193633,APP013,2025-02-26,reversed,843036.89,AUD,APAC,CP0249,FX,TDR0136,BOOK_A,2026-01-06
TXN0009770077,APP009,2025-10-07,reversed,657387.98,AUD,EMEA,CP0147,OPTION,TDR0101,BOOK_B,2025-03-31
TXN0005003128,APP012,2026-02-15,active,573532.32,CHF,APAC,CP0394,BOND,TDR0006,BOOK_D,2025-04-21
TXN0002495351,APP017,2025-08-06,active,726057.79,EUR,AMER,CP0280,FUTURE,TDR0087,BOOK_A,2025-12-14
TXN0006843558,APP004,2025-06-06,pending,193676.33,GBP,EMEA,CP0442,BOND,TDR0044,BOOK_A,2026-02-14
TXN0003996272,APP014,2025-12-08,active,681212.68,EUR,AMER,CP0413,FUTURE,TDR0091,BOOK_A,2025-09-11
TXN0004571719,APP009,2026-04-10,pending,67706.51,AUD,EMEA,CP0332,SWAP,TDR0063,BOOK_A,2026-02-27
TXN0007664641,APP017,2026-04-07,settled,442389.04,GBP,EMEA,CP0377,EQUITY,TDR0149,BOOK_C,2026-04-08
TXN0004198894,APP002,2025-01-20,reversed,753939.46,AUD,EMEA,CP0491,BOND,TDR0014,BOOK_D,2025-10-01
TXN0005306316,APP010,2026-01-18,failed,452899.56,GBP,EMEA,CP0170,OPTION,TDR0174,BOOK_C,2025-07-09
TXN0002751441,APP020,2025-12-18,active,108080.35,AUD,APAC,CP0349,EQUITY,TDR0130,BOOK_C,2026-01-06
TXN0000972190,APP001,2025-04-10,pending,482557.58,GBP,AMER,CP0487,FUTURE,TDR0045,BOOK_B,2025-01-07
TXN0002063234,APP017,2025-11-27,failed,833457.84,USD,APAC,CP0027,OPTION,TDR0141,BOOK_B,2025-05-21
TXN0002148797,APP006,2025-07-23,reversed,30933.38,JPY,APAC,CP0293,EQUITY,TDR0047,BOOK_D,2025-06-11
TXN0003348652,APP004,2025-09-10,reversed,321129.49,EUR,APAC,CP0080,OPTION,TDR0146,BOOK_B,2026-01-10
TXN0002883375,APP007,2026-03-02,failed,306348.53,USD,APAC,CP0412,OPTION,TDR0035,BOOK_A,2025-10-11
TXN0002393643,APP013,2026-02-27,reversed,449226.36,JPY,EMEA,CP0323,EQUITY,TDR0054,BOOK_A,2025-11-06
TXN0000862078,APP017,2025-02-23,reversed,842284.83,AUD,APAC,CP0399,EQUITY,TDR0150,BOOK_C,2025-05-21
TXN0007693293,APP017,2025-12-30,failed,161469.28,CHF,APAC,CP0166,SWAP,TDR0003,BOOK_B,2025-04-14
TXN0002043884,APP005,2025-03-31,settled,527723.07,JPY,AMER,CP0193,SWAP,TDR0069,BOOK_B,2025-02-07
TXN0003079846,APP002,2025-12-12,active,204643.98,GBP,AMER,CP0462,SWAP,TDR0150,BOOK_A,2025-11-24
TXN0000804223,APP003,2025-02-14,active,828940.48,AUD,EMEA,CP0485,EQUITY,TDR0032,BOOK_C,2025-11-12
TXN0002509405,APP008,2025-11-07,failed,839307.57,EUR,AMER,CP0214,OPTION,TDR0083,BOOK_C,2025-01-04
TXN0008723868,APP010,2025-10-05,settled,573263.7,CHF,EMEA,CP0096,FX,TDR0097,BOOK_B,2026-01-18
TXN0007886189,APP004,2025-02-19,pending,853493.21,GBP,APAC,CP0077,OPTION,TDR0086,BOOK_C,2025-07-18
TXN0001840341,APP006,2025-11-11,active,82458.75,EUR,AMER,CP0201,SWAP,TDR0079,BOOK_A,2025-12-02
TXN0009183515,APP010,2026-03-15,settled,891887.09,USD,EMEA,CP0092,SWAP,TDR0099,BOOK_D,2025-07-23
TXN0002043602,APP019,2025-09-20,settled,303760.41,GBP,EMEA,CP0018,FUTURE,TDR0175,BOOK_A,2026-02-24
TXN0008907634,APP002,2025-01-22,settled,283980.84,GBP,APAC,CP0490,FX,TDR0042,BOOK_C,2025-01-06
TXN0008312451,APP008,2025-01-28,reversed,459973.62,USD,LATAM,CP0220,SWAP,TDR0089,BOOK_D,2025-09-08
TXN0006072934,APP007,2025-10-05,active,527817.05,CHF,APAC,CP0101,FX,TDR0174,BOOK_B,2025-02-16
TXN0004563113,APP017,2026-02-27,settled,218670.48,AUD,APAC,CP0039,SWAP,TDR0142,BOOK_A,2025-03-14
TXN0004400445,APP016,2026-04-09,pending,872660.99,EUR,LATAM,CP0171,EQUITY,TDR0152,BOOK_A,2025-04-04
TXN0004366236,APP012,2025-04-28,failed,956400.3,EUR,APAC,CP0252,FUTURE,TDR0134,BOOK_C,2025-09-30
TXN0007354215,APP015,2025-01-08,pending,66894.07,USD,APAC,CP0053,FX,TDR0171,BOOK_B,2025-07-21
TXN0004687837,APP004,2025-11-09,active,805090.93,GBP,LATAM,CP0021,SWAP,TDR0054,BOOK_D,2025-06-01
TXN0005683400,APP016,2025-06-22,active,191399.49,JPY,EMEA,CP0184,FUTURE,TDR0121,BOOK_D,2026-02-27
TXN0000407525,APP010,2025-07-01,settled,610210.45,JPY,AMER,CP0458,FX,TDR0004,BOOK_D,2026-02-08
TXN0001345794,APP006,2025-03-11,pending,753036.53,JPY,AMER,CP0124,FUTURE,TDR0123,BOOK_D,2025-10-04
TXN0005841975,APP004,2026-01-18,active,761524.07,USD,EMEA,CP0229,SWAP,TDR0150,BOOK_A,2025-01-09
TXN0005494669,APP011,2025-08-25,failed,741774.67,JPY,EMEA,CP0241,EQUITY,TDR0050,BOOK_A,2025-04-03
TXN0009276780,APP017,2025-12-18,failed,498806.03,JPY,AMER,CP0008,FUTURE,TDR0046,BOOK_B,2025-07-22
TXN0002065077,APP020,2026-01-18,failed,604286.24,GBP,APAC,CP0314,OPTION,TDR0091,BOOK_D,2025-03-01
TXN0008436294,APP007,2025-02-22,active,947153.57,JPY,AMER,CP0132,FUTURE,TDR0048,BOOK_D,2026-03-15
TXN0005596333,APP005,2025-03-11,pending,888774.18,CHF,LATAM,CP0067,EQUITY,TDR0028,BOOK_D,2025-04-24
TXN0005608376,APP006,2025-09-03,pending,316503.66,USD,EMEA,CP0343,SWAP,TDR0118,BOOK_B,2025-12-20
TXN0002106292,APP014,2025-09-05,reversed,319641.17,USD,LATAM,CP0408,EQUITY,TDR0115,BOOK_D,2025-06-22
TXN0005835460,APP006,2025-03-10,pending,284513.45,GBP,APAC,CP0473,BOND,TDR0029,BOOK_D,2026-03-16
TXN0006848645,APP002,2025-06-25,active,736753.68,USD,LATAM,CP0448,BOND,TDR0080,BOOK_C,2025-11-10
TXN0007093554,APP005,2025-05-23,active,642065.96,JPY,EMEA,CP0067,OPTION,TDR0053,BOOK_D,2025-02-27
TXN0001921884,APP015,2025-09-27,pending,839500.77,GBP,AMER,CP0084,FUTURE,TDR0168,BOOK_B,2025-04-20
TXN0006291802,APP005,2026-03-06,settled,801444.72,EUR,EMEA,CP0103,FUTURE,TDR0155,BOOK_D,2026-02-18
TXN0006296721,APP011,2025-06-03,reversed,905742.13,EUR,AMER,CP0399,BOND,TDR0084,BOOK_D,2025-03-25
TXN0000737342,APP014,2025-10-27,pending,597704.9,USD,AMER,CP0028,FX,TDR0113,BOOK_C,2025-01-05
TXN0009935165,APP020,2026-03-07,active,674637.07,USD,LATAM,CP0074,BOND,TDR0172,BOOK_B,2025-11-09
TXN0006240688,APP017,2025-03-24,reversed,844769.03,EUR,APAC,CP0071,FUTURE,TDR0160,BOOK_A,2025-09-16
TXN0009517259,APP004,2025-12-11,reversed,938079.78,CHF,EMEA,CP0480,BOND,TDR0135,BOOK_C,2025-12-11
TXN0006365875,APP001,2026-02-24,pending,723444.02,AUD,LATAM,CP0254,EQUITY,TDR0078,BOOK_B,2025-12-03
TXN0006928021,APP010,2026-04-08,reversed,391846.5,GBP,AMER,CP0304,EQUITY,TDR0151,BOOK_A,2025-07-23
TXN0007587758,APP007,2025-06-14,pending,834443.57,JPY,AMER,CP0433,FUTURE,TDR0145,BOOK_D,2025-08-04
TXN0000284648,APP007,2025-10-03,settled,264053.47,GBP,APAC,CP0244,EQUITY,TDR0135,BOOK_A,2026-02-25
TXN0002005175,APP003,2026-03-08,pending,600573.16,JPY,LATAM,CP0169,OPTION,TDR0006,BOOK_A,2025-11-12
TXN0000635423,APP016,2025-03-04,active,180531.21,CHF,APAC,CP0487,SWAP,TDR0109,BOOK_A,2025-10-20
TXN0006179806,APP008,2025-03-21,settled,531306.6,GBP,EMEA,CP0444,FUTURE,TDR0151,BOOK_A,2025-08-18
TXN0002940529,APP008,2025-09-21,failed,631334.95,USD,AMER,CP0324,FUTURE,TDR0016,BOOK_B,2026-02-21
TXN0004109944,APP008,2025-07-09,active,63702.8,EUR,LATAM,CP0349,OPTION,TDR0151,BOOK_C,2025-09-17
TXN0005664364,APP004,2025-05-20,failed,336593.75,GBP,AMER,CP0478,BOND,TDR0014,BOOK_C,2025-02-10
TXN0002232577,APP001,2025-11-17,reversed,591412.11,CHF,AMER,CP0374,FX,TDR0168,BOOK_D,2025-02-07
TXN0003452892,APP007,2025-08-07,failed,18355.82,JPY,EMEA,CP0099,BOND,TDR0178,BOOK_C,2026-03-12
TXN0009619220,APP011,2026-03-11,failed,707630.13,EUR,EMEA,CP0100,FX,TDR0132,BOOK_C,2025-07-14
TXN0002505645,APP018,2025-09-24,reversed,185807.64,USD,APAC,CP0457,FX,TDR0023,BOOK_D,2025-06-22
TXN0004158656,APP016,2025-07-07,pending,656434.46,USD,AMER,CP0243,EQUITY,TDR0151,BOOK_D,2026-01-23
TXN0000551267,APP018,2026-02-07,settled,734157.51,GBP,EMEA,CP0105,SWAP,TDR0157,BOOK_A,2026-01-15
TXN0002781085,APP015,2025-09-20,pending,690272.15,EUR,EMEA,CP0463,FUTURE,TDR0149,BOOK_C,2025-02-02
TXN0009433419,APP019,2026-01-04,pending,253486.92,GBP,EMEA,CP0176,FUTURE,TDR0128,BOOK_B,2026-02-08
TXN0004315848,APP011,2025-08-24,failed,591180.57,AUD,EMEA,CP0319,SWAP,TDR0091,BOOK_D,2025-11-01
TXN0004221542,APP012,2026-03-28,active,188428.41,JPY,APAC,CP0167,OPTION,TDR0118,BOOK_C,2025-06-16
TXN0004815345,APP001,2025-01-14,active,702883.39,CHF,APAC,CP0103,SWAP,TDR0192,BOOK_A,2026-03-31
TXN0006039265,APP009,2026-02-21,active,117315.16,USD,APAC,CP0442,SWAP,TDR0007,BOOK_C,2026-02-10
TXN0008589111,APP009,2025-07-15,failed,497549.06,JPY,LATAM,CP0438,OPTION,TDR0084,BOOK_D,2025-05-02
TXN0002533315,APP011,2025-02-27,settled,481617.32,AUD,APAC,CP0063,FX,TDR0160,BOOK_D,2025-10-01
TXN0008930443,APP016,2026-04-12,failed,572193.73,USD,APAC,CP0086,BOND,TDR0080,BOOK_D,2025-03-02
TXN0004530753,APP004,2025-08-12,pending,210023.64,AUD,LATAM,CP0102,FX,TDR0025,BOOK_B,2025-02-17
TXN0007093613,APP005,2025-06-26,reversed,244740.05,AUD,LATAM,CP0270,OPTION,TDR0101,BOOK_A,2025-11-27
TXN0007633892,APP002,2026-02-11,reversed,241481.5,JPY,AMER,CP0097,BOND,TDR0029,BOOK_A,2026-01-26
TXN0007210545,APP002,2026-01-25,active,224149.14,AUD,AMER,CP0268,FX,TDR0023,BOOK_C,2025-09-26
TXN0004189354,APP020,2025-03-01,pending,306307.12,CHF,EMEA,CP0059,SWAP,TDR0115,BOOK_A,2025-09-08
TXN0008037712,APP009,2026-01-28,failed,772965.7,GBP,EMEA,CP0491,BOND,TDR0172,BOOK_D,2025-07-03
TXN0005284570,APP019,2025-07-25,failed,521301.08,AUD,EMEA,CP0190,BOND,TDR0129,BOOK_B,2025-01-20
TXN0001251849,APP004,2025-12-10,settled,776396.38,AUD,EMEA,CP0127,EQUITY,TDR0039,BOOK_C,2025-08-14
TXN0004984874,APP011,2025-04-24,reversed,417599.54,EUR,AMER,CP0128,OPTION,TDR0001,BOOK_B,2025-11-18
TXN0000028015,APP015,2025-10-24,reversed,104714.78,AUD,LATAM,CP0397,BOND,TDR0086,BOOK_D,2025-12-08
TXN0007318105,APP013,2026-02-11,settled,774184.43,GBP,LATAM,CP0350,FX,TDR0011,BOOK_C,2025-01-03
TXN0009394631,APP013,2025-06-30,reversed,583078.96,JPY,APAC,CP0306,FX,TDR0034,BOOK_B,2025-01-19
TXN0008749184,APP002,2026-03-24,reversed,720712.98,GBP,APAC,CP0007,FUTURE,TDR0148,BOOK_C,2025-05-16
TXN0008480418,APP016,2026-03-22,active,36683.87,GBP,LATAM,CP0242,EQUITY,TDR0076,BOOK_A,2025-05-13
TXN0007261752,APP003,2025-05-02,reversed,195540.09,JPY,AMER,CP0298,EQUITY,TDR0134,BOOK_A,2025-10-21
TXN0001964068,APP014,2025-08-23,reversed,539140.88,AUD,LATAM,CP0363,SWAP,TDR0086,BOOK_A,2025-04-29
TXN0005383122,APP002,2026-02-09,active,958921.03,AUD,LATAM,CP0043,FX,TDR0159,BOOK_C,2026-03-01
TXN0007433455,APP012,2025-07-31,reversed,870321.85,GBP,LATAM,CP0054,EQUITY,TDR0197,BOOK_B,2025-08-10
TXN0006644293,APP005,2025-08-02,settled,587962.56,AUD,APAC,CP0304,BOND,TDR0116,BOOK_D,2025-09-18
TXN0007099875,APP016,2025-03-16,reversed,620570.99,USD,APAC,CP0406,FX,TDR0024,BOOK_C,2025-01-17
TXN0005473241,APP013,2025-12-04,failed,614738.64,EUR,LATAM,CP0031,OPTION,TDR0037,BOOK_A,2025-11-22
TXN0007297396,APP020,2025-06-19,pending,349491.51,JPY,EMEA,CP0176,EQUITY,TDR0172,BOOK_C,2025-10-19
TXN0000437858,APP012,2025-08-14,pending,906794.83,EUR,EMEA,CP0448,BOND,TDR0199,BOOK_A,2025-06-18
TXN0005398077,APP006,2025-11-13,pending,675645.13,EUR,AMER,CP0205,FX,TDR0091,BOOK_C,2025-11-01
TXN0005736443,APP014,2025-04-10,failed,169433.65,EUR,EMEA,CP0429,FX,TDR0188,BOOK_A,2025-05-02
TXN0002971044,APP015,2025-07-22,failed,707466.75,CHF,LATAM,CP0417,BOND,TDR0084,BOOK_C,2026-03-05
TXN0008147208,APP003,2025-08-02,pending,906226.01,GBP,APAC,CP0338,BOND,TDR0044,BOOK_C,2025-12-26
TXN0007877616,APP001,2025-02-28,pending,820285.7,AUD,APAC,CP0187,SWAP,TDR0094,BOOK_A,2025-12-31
TXN0001935631,APP010,2025-01-21,failed,222595.92,GBP,AMER,CP0351,FUTURE,TDR0113,BOOK_D,2025-01-10
TXN0005041028,APP006,2026-01-17,active,338667.02,JPY,LATAM,CP0323,OPTION,TDR0141,BOOK_C,2026-03-28
TXN0004809876,APP016,2025-11-26,pending,215116.42,EUR,LATAM,CP0048,FX,TDR0092,BOOK_B,2025-06-16
TXN0003603687,APP014,2025-10-29,settled,262024.78,USD,APAC,CP0479,EQUITY,TDR0188,BOOK_B,2025-11-04
TXN0007661682,APP015,2025-02-19,failed,796811.4,USD,LATAM,CP0284,SWAP,TDR0085,BOOK_A,2025-12-09
TXN0007237988,APP010,2025-07-10,pending,378538.62,AUD,APAC,CP0170,SWAP,TDR0127,BOOK_C,2025-08-08
TXN0000822072,APP010,2025-12-16,settled,7222.75,EUR,LATAM,CP0235,SWAP,TDR0189,BOOK_D,2025-06-24
TXN0007048097,APP016,2025-05-05,settled,256198.24,AUD,LATAM,CP0317,OPTION,TDR0078,BOOK_D,2025-03-06
TXN0000760448,APP008,2025-09-29,active,594125.8,JPY,EMEA,CP0175,BOND,TDR0106,BOOK_D,2025-12-21
TXN0000728549,APP009,2026-01-31,pending,98485.6,EUR,APAC,CP0051,FUTURE,TDR0156,BOOK_B,2025-03-18
TXN0000216805,APP018,2025-08-29,pending,894367.98,EUR,EMEA,CP0191,SWAP,TDR0072,BOOK_D,2025-11-04
TXN0004007941,APP016,2025-05-25,active,379668.81,GBP,EMEA,CP0188,OPTION,TDR0021,BOOK_D,2025-01-06
TXN0002526367,APP001,2026-03-03,pending,488674.55,EUR,AMER,CP0103,EQUITY,TDR0106,BOOK_B,2025-01-06
TXN0006198794,APP002,2026-03-14,settled,5019.72,GBP,AMER,CP0332,FUTURE,TDR0153,BOOK_B,2025-07-23
TXN0000817309,APP016,2025-04-19,settled,938655.65,EUR,APAC,CP0070,FX,TDR0035,BOOK_C,2025-12-26
TXN0009509279,APP017,2026-02-18,failed,769512.46,EUR,APAC,CP0136,EQUITY,TDR0019,BOOK_A,2025-12-18
TXN0007094797,APP004,2025-03-17,active,452334.92,JPY,AMER,CP0476,SWAP,TDR0023,BOOK_D,2026-01-02
TXN0008436349,APP015,2025-12-07,settled,853908.01,GBP,LATAM,CP0288,FUTURE,TDR0029,BOOK_C,2026-01-18
TXN0003763651,APP006,2025-06-24,settled,458669.61,EUR,APAC,CP0368,FX,TDR0081,BOOK_A,2026-03-21
TXN0007908738,APP017,2025-12-09,active,553658.37,CHF,AMER,CP0064,FX,TDR0042,BOOK_A,2025-11-04
TXN0003251392,APP012,2026-04-11,reversed,686960.11,CHF,APAC,CP0274,EQUITY,TDR0198,BOOK_B,2025-07-16
TXN0000782595,APP019,2025-10-02,settled,801213.85,AUD,LATAM,CP0248,FX,TDR0048,BOOK_C,2025-11-01
TXN0009209803,APP001,2025-10-24,failed,406055.29,USD,AMER,CP0446,BOND,TDR0062,BOOK_D,2025-11-13
TXN0002458532,APP002,2025-01-06,settled,159159.14,EUR,AMER,CP0084,BOND,TDR0167,BOOK_D,2025-09-01
TXN0009109034,APP008,2025-06-19,pending,122546.16,AUD,AMER,CP0352,OPTION,TDR0074,BOOK_A,2025-12-17
TXN0006852149,APP010,2026-01-20,failed,80385.94,GBP,LATAM,CP0412,EQUITY,TDR0051,BOOK_D,2025-05-20
TXN0005361614,APP017,2025-05-25,pending,760372.02,CHF,APAC,CP0282,EQUITY,TDR0040,BOOK_C,2026-03-26
TXN0001111039,APP008,2026-03-02,failed,348760.03,AUD,LATAM,CP0459,BOND,TDR0064,BOOK_A,2025-11-22
TXN0007282894,APP011,2026-03-12,active,700273.29,JPY,AMER,CP0427,FX,TDR0144,BOOK_C,2025-12-02
TXN0001428394,APP003,2025-04-01,active,476971.97,USD,LATAM,CP0441,BOND,TDR0195,BOOK_D,2026-04-07
TXN0003701960,APP007,2025-08-01,failed,133558.29,AUD,EMEA,CP0402,OPTION,TDR0130,BOOK_A,2025-01-10
TXN0000552058,APP013,2026-02-06,settled,778368.97,EUR,EMEA,CP0240,BOND,TDR0049,BOOK_D,2026-02-18
TXN0003454712,APP009,2025-09-09,settled,409856.55,JPY,AMER,CP0290,EQUITY,TDR0054,BOOK_D,2026-01-18
TXN0005448822,APP008,2025-02-06,pending,75662.49,CHF,EMEA,CP0493,BOND,TDR0021,BOOK_A,2025-09-24
TXN0002311120,APP005,2026-01-26,reversed,48641.15,USD,AMER,CP0016,BOND,TDR0090,BOOK_A,2025-02-21
TXN0007072527,APP004,2025-11-24,settled,459574.77,JPY,EMEA,CP0120,SWAP,TDR0157,BOOK_D,2026-01-19
TXN0000538372,APP015,2025-07-05,active,790051.13,GBP,AMER,CP0149,EQUITY,TDR0055,BOOK_D,2025-01-20
TXN0007447854,APP016,2026-02-14,active,698744.91,GBP,APAC,CP0496,BOND,TDR0064,BOOK_D,2025-09-02
TXN0002575715,APP016,2025-01-13,active,84007.48,EUR,AMER,CP0327,EQUITY,TDR0031,BOOK_B,2025-10-16
TXN0000000415,APP018,2025-09-11,active,729366.92,AUD,APAC,CP0256,SWAP,TDR0005,BOOK_B,2025-01-19
TXN0007558211,APP009,2026-02-23,active,203634.93,JPY,APAC,CP0376,FX,TDR0098,BOOK_C,2025-04-23
TXN0006243671,APP006,2025-06-17,settled,452720.0,AUD,LATAM,CP0246,EQUITY,TDR0098,BOOK_B,2025-07-07
TXN0005925486,APP009,2026-02-01,failed,5899.9,AUD,AMER,CP0491,EQUITY,TDR0062,BOOK_C,2025-05-27
TXN0005623996,APP016,2025-08-17,failed,604324.82,USD,AMER,CP0155,SWAP,TDR0014,BOOK_B,2026-03-11
TXN0006143320,APP015,2025-08-10,reversed,653911.37,AUD,EMEA,CP0152,FX,TDR0018,BOOK_B,2025-10-11
TXN0001877615,APP013,2025-02-03,pending,227156.55,GBP,AMER,CP0267,BOND,TDR0177,BOOK_D,2025-10-05
TXN0001285204,APP010,2025-10-13,active,845390.82,EUR,APAC,CP0151,BOND,TDR0038,BOOK_A,2026-04-03
TXN0006530698,APP009,2025-07-10,active,416994.24,JPY,LATAM,CP0414,OPTION,TDR0079,BOOK_D,2026-03-04
TXN0007219667,APP016,2025-08-10,settled,84858.86,CHF,EMEA,CP0466,FUTURE,TDR0079,BOOK_B,2025-08-04
TXN0008792298,APP016,2025-04-30,failed,89581.06,EUR,APAC,CP0110,BOND,TDR0054,BOOK_A,2025-12-17
TXN0008011763,APP015,2025-11-12,reversed,376895.81,JPY,LATAM,CP0058,BOND,TDR0052,BOOK_C,2025-11-19
TXN0006810506,APP003,2025-05-15,pending,345759.42,EUR,APAC,CP0455,SWAP,TDR0122,BOOK_C,2025-07-07
TXN0006316199,APP002,2025-12-29,pending,635305.46,EUR,AMER,CP0329,BOND,TDR0086,BOOK_C,2025-09-30
TXN0002220428,APP019,2025-03-29,failed,37649.09,EUR,LATAM,CP0304,OPTION,TDR0195,BOOK_C,2025-02-17
TXN0000750263,APP014,2025-04-30,reversed,673065.99,USD,LATAM,CP0077,SWAP,TDR0185,BOOK_C,2025-12-17
TXN0009073694,APP014,2025-07-18,active,909308.49,EUR,LATAM,CP0276,BOND,TDR0103,BOOK_C,2025-02-05
TXN0003878976,APP006,2025-11-18,failed,14682.98,JPY,EMEA,CP0467,SWAP,TDR0084,BOOK_C,2026-01-22
TXN0006452171,APP018,2025-04-25,pending,735373.76,EUR,EMEA,CP0251,SWAP,TDR0061,BOOK_C,2025-06-01
TXN0001262259,APP002,2025-04-03,reversed,564527.13,AUD,LATAM,CP0112,BOND,TDR0029,BOOK_A,2025-01-11
TXN0007385842,APP008,2025-05-25,settled,602547.8,GBP,APAC,CP0432,EQUITY,TDR0106,BOOK_C,2025-12-01
TXN0001632279,APP008,2025-10-13,pending,226045.03,AUD,APAC,CP0260,FUTURE,TDR0092,BOOK_C,2025-09-15
TXN0003623673,APP019,2025-04-16,settled,991477.91,AUD,AMER,CP0103,BOND,TDR0103,BOOK_C,2025-09-13
TXN0006702396,APP019,2026-01-09,reversed,39050.22,AUD,APAC,CP0455,SWAP,TDR0172,BOOK_C,2026-03-18
TXN0002517894,APP010,2026-03-08,failed,704428.72,CHF,AMER,CP0416,BOND,TDR0067,BOOK_B,2025-08-09
TXN0000581527,APP001,2026-02-03,settled,447968.73,CHF,APAC,CP0102,OPTION,TDR0153,BOOK_C,2025-04-28
TXN0005479183,APP020,2025-02-17,pending,162150.89,EUR,APAC,CP0407,FUTURE,TDR0124,BOOK_A,2025-12-15
TXN0009173688,APP009,2026-01-24,reversed,323070.82,GBP,EMEA,CP0171,FX,TDR0121,BOOK_A,2025-04-06
TXN0004524287,APP012,2025-01-28,active,392322.8,USD,APAC,CP0054,BOND,TDR0171,BOOK_C,2025-03-04
TXN0005539767,APP012,2026-01-29,reversed,684927.03,CHF,APAC,CP0029,EQUITY,TDR0160,BOOK_A,2025-07-16
TXN0006030088,APP007,2026-04-09,active,786537.77,EUR,AMER,CP0464,BOND,TDR0088,BOOK_B,2025-03-04
TXN0006277281,APP009,2025-11-02,settled,684053.21,USD,AMER,CP0084,OPTION,TDR0050,BOOK_D,2025-02-16
TXN0008456501,APP004,2025-04-24,active,839998.67,EUR,AMER,CP0369,FX,TDR0102,BOOK_B,2025-06-19
TXN0004329195,APP016,2025-03-01,settled,598177.72,USD,APAC,CP0053,EQUITY,TDR0180,BOOK_C,2026-01-08
TXN0008253230,APP018,2025-05-02,settled,363291.85,EUR,APAC,CP0381,OPTION,TDR0198,BOOK_A,2025-07-31
TXN0009035881,APP007,2025-06-12,pending,582403.36,CHF,APAC,CP0331,FUTURE,TDR0151,BOOK_C,2025-07-08
TXN0006031859,APP004,2025-03-25,failed,662415.78,GBP,LATAM,CP0404,OPTION,TDR0044,BOOK_D,2025-03-29
TXN0002926497,APP019,2025-10-10,reversed,486483.49,CHF,EMEA,CP0443,SWAP,TDR0122,BOOK_C,2025-09-09
TXN0000912232,APP008,2026-02-10,active,931473.98,JPY,APAC,CP0143,EQUITY,TDR0166,BOOK_B,2025-08-13
TXN0000325588,APP009,2025-07-25,failed,441768.52,GBP,EMEA,CP0310,OPTION,TDR0163,BOOK_B,2025-07-30
TXN0000943180,APP008,2026-03-31,reversed,552851.21,USD,APAC,CP0069,OPTION,TDR0016,BOOK_A,2025-12-26
TXN0009114552,APP014,2025-05-25,pending,134352.18,GBP,APAC,CP0305,FX,TDR0106,BOOK_C,2025-08-02
TXN0005561081,APP003,2025-06-02,reversed,93130.13,CHF,EMEA,CP0455,EQUITY,TDR0184,BOOK_A,2025-09-02
TXN0005249837,APP020,2025-12-31,failed,473665.67,GBP,LATAM,CP0081,BOND,TDR0085,BOOK_B,2025-02-18
TXN0007230780,APP015,2025-09-17,reversed,485002.91,CHF,APAC,CP0381,SWAP,TDR0031,BOOK_A,2025-02-06
TXN0002060829,APP002,2025-10-07,failed,860922.98,USD,EMEA,CP0381,SWAP,TDR0165,BOOK_B,2025-10-19
TXN0005341839,APP001,2025-01-14,reversed,534984.29,JPY,EMEA,CP0119,BOND,TDR0005,BOOK_A,2025-02-15
TXN0000796057,APP014,2026-02-27,reversed,391583.4,GBP,APAC,CP0086,FX,TDR0037,BOOK_D,2025-07-29
TXN0007008139,APP011,2025-07-20,settled,391210.26,USD,AMER,CP0386,OPTION,TDR0112,BOOK_B,2025-04-06
TXN0005176131,APP008,2026-01-30,reversed,332215.71,EUR,EMEA,CP0122,SWAP,TDR0173,BOOK_D,2025-11-17
TXN0004928020,APP006,2025-12-07,reversed,203165.55,AUD,EMEA,CP0071,EQUITY,TDR0151,BOOK_A,2025-01-02
TXN0002590414,APP001,2025-01-01,active,537875.57,GBP,LATAM,CP0040,BOND,TDR0034,BOOK_C,2026-01-15
TXN0004544261,APP002,2025-06-11,pending,514829.23,CHF,LATAM,CP0308,SWAP,TDR0149,BOOK_C,2025-08-13
TXN0002128918,APP012,2025-06-30,pending,394361.88,USD,LATAM,CP0347,EQUITY,TDR0052,BOOK_D,2025-12-28
TXN0007365526,APP008,2025-03-02,pending,238192.7,USD,EMEA,CP0140,OPTION,TDR0184,BOOK_C,2025-03-06
TXN0000171372,APP001,2025-10-20,settled,511384.52,JPY,LATAM,CP0064,SWAP,TDR0014,BOOK_D,2025-02-28
TXN0008897317,APP016,2025-05-26,settled,451789.07,USD,AMER,CP0416,FUTURE,TDR0033,BOOK_B,2025-02-07
TXN0006143885,APP015,2025-09-13,failed,669941.0,JPY,AMER,CP0001,BOND,TDR0158,BOOK_B,2025-05-12
TXN0004361033,APP019,2025-09-27,pending,10577.89,GBP,LATAM,CP0175,BOND,TDR0127,BOOK_D,2026-04-10
TXN0000922473,APP012,2026-03-03,pending,7250.82,GBP,AMER,CP0290,FUTURE,TDR0194,BOOK_C,2025-09-26
TXN0000926347,APP001,2025-05-15,active,174432.45,USD,LATAM,CP0451,OPTION,TDR0088,BOOK_A,2026-02-05
TXN0004260602,APP009,2026-01-14,reversed,303259.65,USD,AMER,CP0423,OPTION,TDR0196,BOOK_C,2025-02-17
TXN0001018895,APP013,2025-07-31,settled,659765.42,CHF,EMEA,CP0169,EQUITY,TDR0073,BOOK_D,2025-07-28
TXN0006783709,APP011,2025-07-23,reversed,343157.43,EUR,EMEA,CP0088,FUTURE,TDR0003,BOOK_B,2025-01-30
TXN0009844075,APP009,2025-02-18,active,151351.97,USD,EMEA,CP0198,FUTURE,TDR0120,BOOK_D,2025-02-16
TXN0008340351,APP005,2025-11-17,pending,11349.23,USD,AMER,CP0225,FX,TDR0018,BOOK_A,2025-06-25
TXN0009619299,APP004,2025-12-10,reversed,866165.54,JPY,EMEA,CP0463,SWAP,TDR0132,BOOK_D,2025-08-03
TXN0003559878,APP001,2025-10-21,reversed,410956.31,JPY,AMER,CP0316,EQUITY,TDR0146,BOOK_D,2025-01-24
TXN0006433999,APP018,2025-08-04,active,153091.24,GBP,AMER,CP0322,FX,TDR0197,BOOK_C,2025-03-03
TXN0008087674,APP019,2025-09-30,active,460089.61,USD,EMEA,CP0382,FX,TDR0007,BOOK_C,2025-02-12
TXN0008315998,APP009,2025-01-13,active,846496.43,CHF,APAC,CP0156,FX,TDR0182,BOOK_B,2025-02-05
TXN0006162328,APP014,2025-04-20,settled,873321.92,EUR,EMEA,CP0197,BOND,TDR0200,BOOK_C,2025-10-24
TXN0009909575,APP002,2025-06-17,active,22724.59,GBP,LATAM,CP0063,OPTION,TDR0031,BOOK_B,2025-06-09
TXN0009178326,APP004,2025-01-03,failed,518598.66,GBP,APAC,CP0059,FX,TDR0101,BOOK_D,2025-05-18
TXN0001603667,APP009,2025-05-31,failed,229576.53,USD,AMER,CP0475,FUTURE,TDR0186,BOOK_B,2025-03-22
TXN0003086636,APP008,2025-10-17,settled,404158.86,AUD,EMEA,CP0353,FX,TDR0114,BOOK_C,2025-03-20
TXN0007134890,APP001,2025-06-10,active,367187.04,EUR,APAC,CP0440,SWAP,TDR0168,BOOK_D,2026-02-04
TXN0000027631,APP009,2025-09-03,settled,573026.31,GBP,APAC,CP0050,EQUITY,TDR0078,BOOK_D,2025-06-05
TXN0002930602,APP015,2025-12-13,failed,494445.63,USD,EMEA,CP0186,FX,TDR0128,BOOK_B,2026-01-15
TXN0003325719,APP007,2025-02-20,active,82770.21,CHF,EMEA,CP0310,FX,TDR0047,BOOK_A,2026-03-16
TXN0005138686,APP003,2026-01-04,pending,538363.29,USD,LATAM,CP0016,FX,TDR0100,BOOK_D,2025-11-11
TXN0007796010,APP001,2025-05-20,settled,628886.49,AUD,EMEA,CP0403,EQUITY,TDR0159,BOOK_D,2025-10-05
TXN0004747133,APP004,2025-03-07,active,16601.12,AUD,EMEA,CP0077,BOND,TDR0148,BOOK_B,2025-05-04
TXN0006643875,APP017,2025-04-14,active,766599.05,CHF,AMER,CP0332,BOND,TDR0190,BOOK_B,2025-05-31
TXN0001161272,APP014,2025-04-20,settled,795123.43,EUR,LATAM,CP0035,FUTURE,TDR0170,BOOK_B,2026-01-12
TXN0000966218,APP005,2026-03-17,failed,799123.99,USD,EMEA,CP0497,EQUITY,TDR0059,BOOK_B,2025-06-15
TXN0005622546,APP018,2025-03-07,pending,588312.59,AUD,AMER,CP0499,EQUITY,TDR0149,BOOK_C,2025-12-20
TXN0001124018,APP012,2025-08-19,failed,417924.22,GBP,APAC,CP0483,BOND,TDR0108,BOOK_C,2025-03-19
TXN0004180115,APP019,2025-07-08,reversed,180666.47,AUD,APAC,CP0042,OPTION,TDR0109,BOOK_C,2026-02-02
TXN0001898460,APP009,2025-06-05,settled,258798.96,GBP,EMEA,CP0397,OPTION,TDR0107,BOOK_C,2025-01-21
TXN0001317369,APP004,2025-01-26,failed,622345.95,USD,LATAM,CP0084,FUTURE,TDR0027,BOOK_C,2025-04-03
TXN0005666448,APP019,2026-03-11,reversed,61569.2,AUD,AMER,CP0370,FUTURE,TDR0110,BOOK_A,2026-02-07
TXN0009297795,APP016,2025-03-27,pending,903558.91,GBP,APAC,CP0427,FUTURE,TDR0137,BOOK_B,2025-01-03
TXN0001025947,APP005,2025-12-09,active,612692.59,AUD,AMER,CP0223,SWAP,TDR0146,BOOK_A,2026-01-24
TXN0006067314,APP007,2025-05-30,settled,225257.45,JPY,EMEA,CP0062,FUTURE,TDR0077,BOOK_C,2026-03-18
TXN0003739879,APP013,2026-03-06,active,125475.19,AUD,LATAM,CP0485,FUTURE,TDR0080,BOOK_B,2025-06-02
TXN0005442089,APP018,2025-08-26,settled,892600.69,EUR,AMER,CP0411,FX,TDR0161,BOOK_D,2025-12-14
TXN0002268666,APP013,2025-04-18,settled,391844.65,USD,AMER,CP0485,OPTION,TDR0061,BOOK_A,2025-06-18
TXN0000485116,APP014,2025-12-14,reversed,814621.68,USD,LATAM,CP0189,BOND,TDR0089,BOOK_B,2025-09-06
TXN0004446247,APP002,2026-04-06,failed,970320.0,EUR,AMER,CP0166,SWAP,TDR0043,BOOK_D,2026-03-25
TXN0003921503,APP019,2025-02-01,pending,184668.53,EUR,EMEA,CP0365,FX,TDR0118,BOOK_D,2026-02-06
TXN0004395148,APP008,2026-03-16,pending,701381.79,USD,LATAM,CP0282,FUTURE,TDR0116,BOOK_B,2025-11-20
TXN0007691680,APP006,2025-04-30,active,552633.83,AUD,LATAM,CP0383,FUTURE,TDR0167,BOOK_B,2025-08-15
TXN0000765777,APP016,2025-08-14,pending,485308.83,JPY,APAC,CP0340,OPTION,TDR0107,BOOK_D,2025-10-14
TXN0006644410,APP002,2025-10-05,settled,217997.91,EUR,LATAM,CP0441,OPTION,TDR0015,BOOK_A,2025-07-19
TXN0007669175,APP010,2026-04-01,settled,160244.0,AUD,AMER,CP0008,SWAP,TDR0060,BOOK_C,2026-02-17
TXN0002582417,APP003,2025-05-07,pending,651938.34,CHF,EMEA,CP0145,OPTION,TDR0193,BOOK_B,2025-01-10
TXN0005235153,APP005,2025-12-01,reversed,339714.1,GBP,LATAM,CP0263,SWAP,TDR0073,BOOK_A,2025-12-01
TXN0006650001,APP016,2026-01-16,failed,122546.11,EUR,APAC,CP0093,FUTURE,TDR0051,BOOK_B,2026-01-22
TXN0004443017,APP015,2025-02-20,settled,954931.57,CHF,AMER,CP0222,OPTION,TDR0113,BOOK_A,2025-11-08
TXN0007710857,APP019,2026-03-30,settled,316510.68,EUR,AMER,CP0473,BOND,TDR0072,BOOK_A,2025-01-08
TXN0008482258,APP007,2025-10-26,reversed,785775.71,JPY,LATAM,CP0497,SWAP,TDR0141,BOOK_B,2025-07-04
TXN0006525576,APP009,2025-03-14,settled,413754.32,EUR,AMER,CP0258,FX,TDR0139,BOOK_A,2026-02-15
TXN0003147949,APP020,2025-07-29,reversed,766879.1,JPY,LATAM,CP0487,EQUITY,TDR0102,BOOK_A,2026-03-26
TXN0006754231,APP015,2025-09-07,active,640812.77,CHF,AMER,CP0347,SWAP,TDR0141,BOOK_B,2025-02-01
TXN0005081847,APP007,2026-03-07,active,899252.37,USD,APAC,CP0142,BOND,TDR0059,BOOK_D,2026-04-09
TXN0008972376,APP016,2025-04-20,active,996246.01,GBP,EMEA,CP0077,FX,TDR0026,BOOK_D,2025-01-06
TXN0007489593,APP017,2025-08-08,active,91827.24,USD,LATAM,CP0334,BOND,TDR0117,BOOK_D,2025-02-02
TXN0009198242,APP009,2025-03-21,settled,23133.92,USD,LATAM,CP0417,BOND,TDR0172,BOOK_D,2025-01-28
TXN0003454565,APP004,2025-03-02,pending,121893.83,GBP,AMER,CP0284,SWAP,TDR0026,BOOK_A,2025-09-03
TXN0007937212,APP020,2025-02-03,settled,424698.64,USD,EMEA,CP0367,FX,TDR0173,BOOK_C,2026-04-10
TXN0006872248,APP015,2026-02-18,reversed,342413.52,JPY,APAC,CP0057,EQUITY,TDR0197,BOOK_D,2026-03-05
TXN0004852857,APP001,2025-03-27,reversed,758587.51,USD,APAC,CP0002,BOND,TDR0185,BOOK_B,2025-04-22
TXN0006421471,APP019,2026-01-20,pending,2517.84,EUR,APAC,CP0374,EQUITY,TDR0159,BOOK_D,2026-02-21
TXN0006207709,APP017,2025-11-25,settled,340376.37,JPY,EMEA,CP0277,BOND,TDR0094,BOOK_A,2025-04-01
TXN0004654601,APP005,2025-06-29,settled,753900.23,USD,AMER,CP0386,FX,TDR0047,BOOK_D,2026-02-27
TXN0001256727,APP017,2025-07-30,reversed,787418.9,JPY,APAC,CP0433,FX,TDR0178,BOOK_A,2026-02-26
TXN0008883739,APP006,2026-04-11,settled,758204.67,GBP,APAC,CP0063,FX,TDR0007,BOOK_D,2025-05-22
TXN0002124995,APP018,2026-02-07,active,669033.82,JPY,EMEA,CP0348,SWAP,TDR0130,BOOK_A,2026-03-03
TXN0008398974,APP020,2025-01-09,failed,105515.62,USD,APAC,CP0130,FUTURE,TDR0049,BOOK_D,2025-12-27
TXN0005702408,APP011,2025-10-25,failed,878511.42,EUR,EMEA,CP0152,EQUITY,TDR0084,BOOK_C,2025-12-20
TXN0003268196,APP015,2026-03-20,pending,482667.44,USD,AMER,CP0096,SWAP,TDR0179,BOOK_C,2025-01-16
TXN0000173289,APP008,2025-05-28,active,392697.17,JPY,LATAM,CP0173,BOND,TDR0076,BOOK_D,2026-02-09
TXN0007478795,APP018,2025-09-07,pending,857664.77,EUR,AMER,CP0444,OPTION,TDR0166,BOOK_A,2026-03-30
TXN0006666210,APP004,2026-03-20,failed,746953.42,AUD,LATAM,CP0500,FX,TDR0105,BOOK_A,2025-08-08
TXN0007185823,APP011,2026-03-26,pending,951444.76,AUD,EMEA,CP0349,FUTURE,TDR0181,BOOK_D,2025-05-14
TXN0001840002,APP020,2025-07-30,failed,499595.17,USD,EMEA,CP0252,FX,TDR0179,BOOK_D,2026-03-18
TXN0007179024,APP015,2025-02-25,active,685994.67,USD,LATAM,CP0278,SWAP,TDR0124,BOOK_A,2025-11-25
TXN0002914203,APP016,2026-04-05,active,731228.87,GBP,AMER,CP0432,EQUITY,TDR0060,BOOK_B,2025-12-02
TXN0004911039,APP008,2026-02-13,settled,910266.91,CHF,AMER,CP0161,FUTURE,TDR0026,BOOK_C,2025-01-01
TXN0006993950,APP007,2025-06-08,active,216617.63,AUD,EMEA,CP0332,FX,TDR0112,BOOK_C,2025-10-04
TXN0008495375,APP004,2025-02-09,settled,958202.82,EUR,APAC,CP0176,EQUITY,TDR0003,BOOK_D,2025-12-04
TXN0006118646,APP015,2026-02-13,settled,693696.8,GBP,EMEA,CP0064,EQUITY,TDR0132,BOOK_B,2026-02-10
TXN0008185702,APP007,2025-04-23,settled,289617.86,USD,APAC,CP0344,EQUITY,TDR0086,BOOK_D,2026-01-15
TXN0001709956,APP019,2025-08-13,active,275602.31,CHF,APAC,CP0418,SWAP,TDR0127,BOOK_D,2025-06-04
TXN0007916786,APP011,2025-07-27,failed,931294.0,CHF,LATAM,CP0103,OPTION,TDR0068,BOOK_B,2025-03-28
TXN0006736520,APP019,2025-12-05,settled,489067.54,JPY,LATAM,CP0279,EQUITY,TDR0158,BOOK_C,2025-04-17
TXN0002005121,APP010,2025-01-20,failed,290963.92,EUR,APAC,CP0361,BOND,TDR0111,BOOK_A,2025-04-15
TXN0004251038,APP007,2025-05-23,failed,559992.67,EUR,EMEA,CP0368,OPTION,TDR0052,BOOK_B,2025-06-25
TXN0007955269,APP015,2025-12-07,active,241526.49,JPY,LATAM,CP0498,BOND,TDR0168,BOOK_B,2025-03-07
TXN0009052895,APP002,2025-05-13,active,730651.18,CHF,AMER,CP0459,EQUITY,TDR0105,BOOK_B,2026-01-20
TXN0004560882,APP017,2025-04-28,pending,376253.12,JPY,EMEA,CP0322,EQUITY,TDR0019,BOOK_B,2025-08-24
TXN0007749872,APP001,2026-01-22,pending,388064.34,USD,LATAM,CP0336,OPTION,TDR0136,BOOK_C,2025-07-25
TXN0004662475,APP019,2025-06-26,settled,372734.8,CHF,APAC,CP0263,FX,TDR0119,BOOK_D,2025-07-23
TXN0008238190,APP017,2026-04-01,reversed,408808.5,JPY,APAC,CP0160,EQUITY,TDR0058,BOOK_D,2025-08-18
TXN0005375370,APP019,2025-12-09,active,240919.68,AUD,AMER,CP0138,FX,TDR0148,BOOK_A,2025-02-17
TXN0001580565,APP006,2025-04-23,failed,821608.49,CHF,AMER,CP0131,OPTION,TDR0040,BOOK_D,2025-10-24
TXN0008760541,APP013,2025-02-20,reversed,70466.4,USD,EMEA,CP0428,FUTURE,TDR0050,BOOK_C,2025-03-26
TXN0007503081,APP004,2025-11-24,pending,88408.72,EUR,LATAM,CP0200,FUTURE,TDR0166,BOOK_A,2025-08-26
TXN0007606069,APP006,2025-04-26,active,750450.66,JPY,AMER,CP0136,OPTION,TDR0023,BOOK_D,2025-03-28
TXN0001233655,APP010,2026-01-30,failed,836875.16,GBP,LATAM,CP0293,BOND,TDR0006,BOOK_D,2025-11-27
TXN0006720814,APP017,2025-01-07,failed,712569.41,AUD,AMER,CP0031,FX,TDR0158,BOOK_C,2025-11-28
TXN0003336819,APP018,2025-11-07,failed,536545.21,GBP,EMEA,CP0118,OPTION,TDR0070,BOOK_A,2025-10-06
TXN0007437234,APP020,2025-04-15,pending,290623.04,USD,EMEA,CP0036,FUTURE,TDR0197,BOOK_D,2025-07-01
TXN0004385443,APP001,2025-10-26,reversed,522004.98,GBP,APAC,CP0476,SWAP,TDR0172,BOOK_D,2025-07-19
TXN0003389972,APP002,2025-03-20,settled,671755.36,USD,EMEA,CP0484,FUTURE,TDR0108,BOOK_B,2026-02-24
TXN0004275905,APP007,2026-02-08,settled,999927.77,USD,LATAM,CP0106,OPTION,TDR0115,BOOK_D,2025-08-12
TXN0003806064,APP009,2026-01-02,active,72733.22,JPY,APAC,CP0413,BOND,TDR0092,BOOK_C,2025-04-04
TXN0006448485,APP008,2026-01-19,active,332876.7,CHF,AMER,CP0268,EQUITY,TDR0039,BOOK_D,2025-02-12
TXN0002132722,APP004,2026-03-28,active,444748.42,GBP,LATAM,CP0099,BOND,TDR0056,BOOK_C,2025-06-07
TXN0006965905,APP001,2025-10-02,failed,961340.91,CHF,AMER,CP0480,BOND,TDR0126,BOOK_A,2025-10-07
TXN0007214583,APP012,2025-04-09,reversed,198114.24,EUR,AMER,CP0082,FUTURE,TDR0064,BOOK_C,2025-10-21
TXN0006465982,APP014,2026-01-27,active,273545.69,GBP,EMEA,CP0422,EQUITY,TDR0071,BOOK_C,2025-03-30
TXN0009126886,APP014,2025-01-25,active,390604.44,GBP,LATAM,CP0464,SWAP,TDR0128,BOOK_C,2026-03-05
TXN0008188445,APP003,2025-07-21,active,735895.28,GBP,LATAM,CP0158,OPTION,TDR0054,BOOK_B,2025-10-17
TXN0001965017,APP012,2025-09-20,settled,945363.9,USD,APAC,CP0109,OPTION,TDR0110,BOOK_B,2026-01-26
TXN0000561835,APP001,2025-01-19,active,820988.36,AUD,AMER,CP0264,SWAP,TDR0177,BOOK_B,2025-11-27
TXN0003385862,APP009,2025-03-12,reversed,229397.71,EUR,LATAM,CP0035,FX,TDR0168,BOOK_B,2025-03-16
TXN0006536908,APP002,2025-02-23,active,861430.74,CHF,EMEA,CP0356,EQUITY,TDR0133,BOOK_C,2025-05-12
TXN0002643373,APP017,2025-05-24,active,62111.03,GBP,APAC,CP0425,BOND,TDR0117,BOOK_C,2025-02-23
TXN0001579837,APP013,2026-02-16,active,895340.01,EUR,APAC,CP0494,SWAP,TDR0117,BOOK_D,2025-11-29
TXN0004721970,APP018,2025-03-25,settled,620403.81,GBP,LATAM,CP0100,OPTION,TDR0034,BOOK_D,2025-04-25
TXN0000442750,APP005,2026-01-01,reversed,186029.57,USD,APAC,CP0050,FX,TDR0105,BOOK_B,2026-04-12
TXN0001238194,APP002,2025-11-21,settled,954236.49,JPY,APAC,CP0326,OPTION,TDR0005,BOOK_B,2025-08-05
TXN0004658188,APP016,2025-12-13,reversed,382159.21,JPY,AMER,CP0249,FUTURE,TDR0088,BOOK_C,2025-03-08
TXN0002231694,APP001,2025-06-10,reversed,477099.74,JPY,APAC,CP0437,FX,TDR0147,BOOK_D,2025-04-07
TXN0007202473,APP017,2025-03-11,reversed,436934.12,GBP,EMEA,CP0239,OPTION,TDR0036,BOOK_B,2025-02-02
TXN0005626940,APP007,2025-01-20,pending,926473.9,GBP,EMEA,CP0482,BOND,TDR0091,BOOK_D,2025-10-08
TXN0001901054,APP011,2025-10-06,failed,513983.1,GBP,AMER,CP0196,FX,TDR0045,BOOK_C,2026-01-03
TXN0009880942,APP008,2026-03-28,reversed,25550.05,GBP,LATAM,CP0349,FUTURE,TDR0036,BOOK_D,2025-11-27
TXN0003658583,APP009,2025-05-23,reversed,376652.26,CHF,AMER,CP0146,SWAP,TDR0010,BOOK_C,2025-03-18
TXN0003788916,APP001,2025-03-09,settled,181814.25,CHF,LATAM,CP0406,EQUITY,TDR0037,BOOK_C,2025-06-28
TXN0006300175,APP010,2025-12-14,failed,189211.49,AUD,EMEA,CP0285,EQUITY,TDR0130,BOOK_D,2025-04-27
TXN0008804928,APP001,2025-02-25,active,894392.68,EUR,APAC,CP0033,FX,TDR0063,BOOK_A,2025-10-04
TXN0000766725,APP007,2026-03-31,active,369520.59,USD,APAC,CP0170,BOND,TDR0159,BOOK_B,2025-09-15
TXN0005679182,APP005,2025-11-06,settled,694760.48,CHF,EMEA,CP0340,FX,TDR0004,BOOK_D,2025-07-05
TXN0002857142,APP002,2025-02-10,failed,776058.56,CHF,APAC,CP0476,FUTURE,TDR0071,BOOK_B,2025-09-06
TXN0009121241,APP007,2025-03-25,pending,261544.45,AUD,EMEA,CP0471,BOND,TDR0074,BOOK_B,2025-07-13
TXN0004603978,APP017,2025-01-27,reversed,567718.97,EUR,APAC,CP0347,FUTURE,TDR0023,BOOK_A,2026-03-27
TXN0002497326,APP004,2026-01-08,pending,99619.71,EUR,APAC,CP0122,EQUITY,TDR0180,BOOK_B,2025-10-09
TXN0005372242,APP010,2026-01-02,pending,945178.65,AUD,AMER,CP0126,FX,TDR0127,BOOK_C,2025-04-25
TXN0007190217,APP015,2026-01-18,reversed,344013.25,JPY,LATAM,CP0436,OPTION,TDR0188,BOOK_B,2025-10-06
TXN0002802829,APP018,2025-03-02,failed,954161.73,JPY,EMEA,CP0312,SWAP,TDR0076,BOOK_A,2025-02-20
TXN0009215065,APP020,2026-03-29,active,230798.99,GBP,EMEA,CP0481,BOND,TDR0190,BOOK_B,2025-05-19
TXN0000702128,APP006,2025-02-11,reversed,664991.01,EUR,LATAM,CP0306,BOND,TDR0154,BOOK_C,2025-10-19
TXN0002086789,APP004,2025-01-04,failed,655635.9,EUR,APAC,CP0171,OPTION,TDR0020,BOOK_C,2025-01-25
TXN0007048664,APP013,2025-03-28,reversed,446788.77,USD,APAC,CP0401,EQUITY,TDR0106,BOOK_B,2025-04-14
TXN0007007448,APP006,2025-04-19,active,767605.56,AUD,EMEA,CP0092,SWAP,TDR0147,BOOK_C,2025-03-02
TXN0004136756,APP019,2025-04-01,pending,906395.32,CHF,EMEA,CP0178,FUTURE,TDR0038,BOOK_D,2026-03-11
TXN0004197770,APP007,2025-05-23,failed,833723.94,USD,LATAM,CP0170,OPTION,TDR0085,BOOK_B,2025-02-02
TXN0006411676,APP020,2025-07-08,failed,90333.37,CHF,LATAM,CP0426,FUTURE,TDR0122,BOOK_A,2026-03-09
TXN0009064623,APP011,2026-03-03,pending,952100.99,CHF,EMEA,CP0139,BOND,TDR0090,BOOK_D,2025-01-21
TXN0001174424,APP012,2025-11-29,reversed,931112.39,EUR,AMER,CP0019,FX,TDR0102,BOOK_D,2025-12-25
TXN0006570858,APP006,2025-10-30,settled,851442.93,AUD,APAC,CP0455,FUTURE,TDR0085,BOOK_C,2025-01-31
TXN0004201563,APP008,2026-02-14,reversed,195388.76,CHF,EMEA,CP0429,SWAP,TDR0053,BOOK_B,2025-06-13
TXN0006002168,APP005,2026-01-03,failed,178370.73,GBP,AMER,CP0495,FX,TDR0147,BOOK_A,2025-10-09
TXN0004701155,APP016,2025-04-07,pending,10118.45,AUD,AMER,CP0009,SWAP,TDR0082,BOOK_C,2026-03-06
TXN0005867668,APP003,2026-02-20,settled,793122.22,JPY,AMER,CP0287,FX,TDR0143,BOOK_D,2025-06-05
TXN0000337924,APP018,2026-03-22,settled,899204.53,USD,AMER,CP0103,OPTION,TDR0102,BOOK_B,2025-07-28
TXN0006730784,APP002,2026-02-22,reversed,920811.12,CHF,AMER,CP0427,FUTURE,TDR0147,BOOK_C,2025-02-04
TXN0003433564,APP013,2025-09-28,settled,114774.69,EUR,AMER,CP0332,SWAP,TDR0009,BOOK_C,2025-07-17
TXN0006320396,APP001,2026-03-15,settled,665578.52,CHF,LATAM,CP0104,BOND,TDR0181,BOOK_D,2025-08-13
TXN0006936254,APP018,2025-03-07,settled,675686.98,AUD,APAC,CP0317,FUTURE,TDR0192,BOOK_B,2025-09-10
TXN0002946615,APP010,2025-01-22,reversed,872233.33,JPY,EMEA,CP0363,BOND,TDR0119,BOOK_A,2025-09-29
TXN0008903282,APP010,2026-01-25,failed,421786.57,CHF,LATAM,CP0120,SWAP,TDR0146,BOOK_B,2026-01-15
TXN0005724572,APP005,2025-08-24,active,669021.52,CHF,LATAM,CP0436,SWAP,TDR0038,BOOK_B,2026-01-02
TXN0001741303,APP015,2026-01-15,settled,996737.43,JPY,LATAM,CP0290,EQUITY,TDR0046,BOOK_C,2025-01-31
TXN0002226599,APP016,2025-04-08,settled,842162.49,USD,APAC,CP0051,FX,TDR0129,BOOK_A,2026-03-25
TXN0002613297,APP008,2025-10-26,reversed,117383.71,CHF,APAC,CP0215,FX,TDR0010,BOOK_D,2025-06-03
TXN0000725687,APP001,2026-02-04,failed,938719.15,JPY,LATAM,CP0366,EQUITY,TDR0192,BOOK_B,2025-09-20
TXN0007051177,APP001,2025-09-02,active,647968.93,AUD,APAC,CP0228,BOND,TDR0153,BOOK_B,2026-04-09
TXN0002239796,APP005,2025-09-24,pending,383756.77,AUD,LATAM,CP0068,FX,TDR0147,BOOK_D,2025-05-28
TXN0003610690,APP019,2026-04-03,reversed,873542.2,AUD,APAC,CP0394,EQUITY,TDR0090,BOOK_A,2025-09-17
TXN0009440524,APP009,2025-02-20,pending,550440.31,USD,APAC,CP0392,EQUITY,TDR0142,BOOK_D,2025-08-05
TXN0009815574,APP013,2025-02-01,reversed,519486.68,USD,LATAM,CP0201,BOND,TDR0028,BOOK_B,2025-01-21
TXN0003736394,APP017,2025-06-11,reversed,869846.48,USD,EMEA,CP0476,OPTION,TDR0122,BOOK_C,2025-10-18
TXN0005652251,APP007,2025-09-30,active,73482.9,AUD,LATAM,CP0363,EQUITY,TDR0070,BOOK_B,2025-09-14
TXN0003083994,APP011,2026-01-30,active,942594.49,USD,LATAM,CP0387,FUTURE,TDR0144,BOOK_A,2025-12-25
TXN0008473708,APP014,2025-03-22,settled,543501.61,CHF,APAC,CP0172,FUTURE,TDR0180,BOOK_D,2025-03-08
TXN0001115614,APP009,2025-12-09,settled,797718.32,GBP,EMEA,CP0045,SWAP,TDR0084,BOOK_B,2026-04-14
TXN0009702743,APP019,2026-03-29,reversed,184094.67,AUD,AMER,CP0136,OPTION,TDR0056,BOOK_D,2025-08-17
TXN0001404895,APP009,2026-03-24,reversed,868858.32,EUR,AMER,CP0490,SWAP,TDR0183,BOOK_B,2025-09-25
TXN0005881099,APP018,2026-01-15,settled,517799.76,AUD,APAC,CP0474,SWAP,TDR0042,BOOK_D,2025-12-10
TXN0004004681,APP012,2025-03-16,settled,245189.03,JPY,APAC,CP0135,SWAP,TDR0124,BOOK_D,2025-08-23
TXN0002135261,APP020,2025-06-30,settled,365313.99,CHF,APAC,CP0234,OPTION,TDR0056,BOOK_A,2025-07-11
TXN0003187178,APP014,2025-10-14,settled,57503.03,USD,LATAM,CP0434,OPTION,TDR0181,BOOK_A,2025-02-07
TXN0001788769,APP019,2025-05-31,active,758195.43,GBP,LATAM,CP0110,BOND,TDR0017,BOOK_C,2026-03-05
TXN0005548764,APP020,2026-03-04,settled,507238.84,CHF,LATAM,CP0427,BOND,TDR0036,BOOK_A,2025-07-30
TXN0004566642,APP020,2025-07-20,failed,942597.27,JPY,LATAM,CP0022,FX,TDR0116,BOOK_B,2025-08-27
TXN0003920742,APP007,2026-02-18,settled,2718.18,AUD,APAC,CP0389,BOND,TDR0150,BOOK_C,2025-04-15
TXN0003277218,APP017,2025-09-09,failed,799608.55,USD,APAC,CP0357,SWAP,TDR0020,BOOK_A,2025-08-15
TXN0005086310,APP007,2025-08-24,active,149540.62,GBP,EMEA,CP0105,FX,TDR0024,BOOK_B,2026-01-13
TXN0004346968,APP003,2026-04-11,reversed,475076.0,CHF,AMER,CP0337,FUTURE,TDR0076,BOOK_D,2025-05-11
TXN0001781059,APP013,2025-03-20,failed,734898.26,GBP,EMEA,CP0327,OPTION,TDR0089,BOOK_B,2026-04-07
TXN0009684959,APP009,2025-05-15,pending,483830.16,CHF,LATAM,CP0216,FUTURE,TDR0139,BOOK_B,2026-03-14
TXN0007322940,APP003,2025-07-27,active,566377.24,GBP,EMEA,CP0037,FX,TDR0064,BOOK_D,2025-02-05
TXN0001530747,APP012,2026-03-14,settled,134701.6,USD,APAC,CP0244,EQUITY,TDR0190,BOOK_C,2025-09-11
TXN0005827976,APP013,2026-03-25,reversed,652069.02,CHF,AMER,CP0169,FUTURE,TDR0186,BOOK_B,2026-03-30
TXN0009419514,APP018,2025-10-22,reversed,998761.92,JPY,APAC,CP0203,EQUITY,TDR0063,BOOK_C,2025-01-19
TXN0000265299,APP011,2025-03-29,pending,601320.3,GBP,EMEA,CP0099,FX,TDR0039,BOOK_C,2025-06-26
TXN0004429090,APP018,2025-01-13,reversed,438088.82,AUD,LATAM,CP0041,OPTION,TDR0079,BOOK_D,2025-01-07
TXN0002457793,APP013,2025-05-09,settled,885175.13,USD,APAC,CP0340,FUTURE,TDR0128,BOOK_C,2025-03-25
TXN0000122009,APP008,2025-12-09,settled,394428.31,USD,AMER,CP0203,SWAP,TDR0161,BOOK_B,2026-04-07
TXN0008335916,APP019,2025-09-26,reversed,513269.01,AUD,AMER,CP0410,BOND,TDR0118,BOOK_C,2025-05-31
TXN0003050296,APP020,2025-11-05,reversed,51358.1,CHF,APAC,CP0209,SWAP,TDR0041,BOOK_D,2025-01-28
TXN0004993796,APP004,2026-04-06,pending,50786.55,GBP,APAC,CP0042,OPTION,TDR0113,BOOK_D,2025-08-06
TXN0009581663,APP016,2025-05-08,reversed,886626.95,GBP,EMEA,CP0303,OPTION,TDR0074,BOOK_C,2025-02-10
TXN0001370643,APP007,2025-09-12,settled,963721.28,JPY,LATAM,CP0498,FX,TDR0140,BOOK_B,2025-01-23
TXN0004009076,APP014,2025-10-08,settled,194511.6,USD,EMEA,CP0340,OPTION,TDR0084,BOOK_A,2025-04-12
TXN0003914190,APP002,2026-02-26,reversed,565283.56,GBP,AMER,CP0341,EQUITY,TDR0038,BOOK_D,2025-04-27
TXN0004240949,APP019,2025-07-26,reversed,59198.41,AUD,APAC,CP0286,FUTURE,TDR0144,BOOK_B,2025-07-26
TXN0000753716,APP011,2025-07-12,pending,837805.75,EUR,APAC,CP0161,FX,TDR0105,BOOK_C,2025-03-22
TXN0002266992,APP019,2025-04-02,settled,798983.85,EUR,LATAM,CP0296,FX,TDR0072,BOOK_C,2025-07-06
TXN0000067661,APP018,2025-04-11,settled,146865.5,EUR,LATAM,CP0303,OPTION,TDR0116,BOOK_B,2026-03-04
TXN0000083244,APP020,2025-02-16,failed,322331.29,AUD,APAC,CP0451,BOND,TDR0111,BOOK_B,2025-04-29
TXN0006435593,APP011,2025-12-13,active,509608.08,EUR,APAC,CP0031,FUTURE,TDR0023,BOOK_C,2025-04-01
TXN0001656564,APP019,2025-09-03,settled,415250.17,CHF,AMER,CP0302,OPTION,TDR0061,BOOK_B,2025-10-22
TXN0003325342,APP007,2025-02-17,active,43566.38,USD,APAC,CP0336,BOND,TDR0050,BOOK_A,2025-09-18
TXN0005114538,APP020,2025-03-06,pending,659240.58,AUD,APAC,CP0193,FUTURE,TDR0129,BOOK_B,2025-10-12
TXN0002701219,APP020,2025-10-31,active,87089.44,JPY,LATAM,CP0498,FX,TDR0087,BOOK_D,2026-02-24
TXN0002191107,APP008,2026-02-23,pending,874342.8,EUR,LATAM,CP0427,BOND,TDR0120,BOOK_A,2025-03-13
TXN0008318396,APP017,2025-11-05,settled,545635.58,AUD,LATAM,CP0440,FX,TDR0082,BOOK_A,2025-11-18
TXN0000734361,APP014,2025-04-23,pending,61096.41,AUD,EMEA,CP0263,EQUITY,TDR0029,BOOK_B,2025-10-23
TXN0006534679,APP003,2025-09-01,pending,580405.62,USD,AMER,CP0229,BOND,TDR0140,BOOK_B,2025-05-15
TXN0008466092,APP008,2026-02-02,pending,851635.42,JPY,APAC,CP0167,SWAP,TDR0126,BOOK_A,2025-08-25
TXN0007847055,APP006,2026-02-23,active,776898.51,USD,LATAM,CP0300,BOND,TDR0056,BOOK_C,2025-03-28
TXN0006726529,APP018,2026-02-26,settled,628377.61,CHF,EMEA,CP0045,SWAP,TDR0119,BOOK_D,2026-02-15
TXN0004041769,APP002,2025-03-19,failed,265175.03,JPY,EMEA,CP0149,FUTURE,TDR0053,BOOK_D,2025-06-01
TXN0003419137,APP010,2025-05-11,reversed,980427.37,USD,LATAM,CP0394,EQUITY,TDR0067,BOOK_B,2025-04-27
TXN0004205819,APP006,2025-07-10,settled,702689.93,AUD,AMER,CP0123,EQUITY,TDR0150,BOOK_D,2025-01-05
TXN0002710560,APP013,2026-01-03,pending,104687.61,GBP,AMER,CP0477,SWAP,TDR0185,BOOK_B,2025-02-18
TXN0005492327,APP013,2025-06-15,settled,190564.38,JPY,APAC,CP0427,EQUITY,TDR0130,BOOK_A,2025-08-07
TXN0000705285,APP003,2026-03-26,settled,158281.89,EUR,AMER,CP0141,FUTURE,TDR0103,BOOK_B,2025-02-28
TXN0007073144,APP013,2025-06-26,failed,729153.17,EUR,APAC,CP0424,SWAP,TDR0135,BOOK_A,2025-12-07
TXN0001679292,APP013,2025-11-06,failed,956910.06,CHF,LATAM,CP0059,FX,TDR0055,BOOK_A,2025-06-29
TXN0007131202,APP018,2025-08-09,reversed,230991.49,USD,LATAM,CP0146,FX,TDR0025,BOOK_A,2025-02-10
TXN0007320680,APP014,2025-03-01,reversed,378019.7,JPY,AMER,CP0079,FUTURE,TDR0029,BOOK_D,2026-03-06
TXN0006384893,APP009,2025-08-02,failed,924430.03,EUR,EMEA,CP0483,OPTION,TDR0095,BOOK_D,2026-01-21
TXN0005198341,APP005,2025-08-14,reversed,367179.73,JPY,LATAM,CP0467,EQUITY,TDR0095,BOOK_C,2025-10-19
TXN0007229377,APP001,2025-11-25,active,236801.56,GBP,APAC,CP0030,SWAP,TDR0056,BOOK_D,2026-01-22
TXN0000602320,APP017,2025-10-09,failed,995925.13,AUD,AMER,CP0317,BOND,TDR0056,BOOK_A,2025-05-30
TXN0007858891,APP003,2025-06-17,settled,773938.05,CHF,AMER,CP0428,FX,TDR0158,BOOK_A,2025-06-26
TXN0004115960,APP013,2026-03-27,pending,872333.64,USD,LATAM,CP0147,SWAP,TDR0148,BOOK_A,2025-11-13
TXN0000884511,APP020,2025-12-01,pending,197101.54,EUR,APAC,CP0456,FUTURE,TDR0114,BOOK_C,2025-12-15
TXN0007899573,APP009,2025-12-05,pending,448302.46,EUR,AMER,CP0224,EQUITY,TDR0116,BOOK_D,2025-06-10
TXN0001048578,APP009,2025-05-24,settled,909365.18,JPY,APAC,CP0389,OPTION,TDR0092,BOOK_A,2025-02-24
TXN0006847512,APP003,2026-01-21,reversed,95454.13,CHF,APAC,CP0436,EQUITY,TDR0095,BOOK_D,2025-08-03
TXN0008768122,APP016,2025-09-07,reversed,207873.14,EUR,APAC,CP0241,FUTURE,TDR0123,BOOK_C,2026-03-02
TXN0001109769,APP009,2025-02-25,failed,572060.14,EUR,EMEA,CP0101,EQUITY,TDR0069,BOOK_D,2025-07-24
TXN0004377319,APP014,2025-10-19,reversed,141837.13,GBP,LATAM,CP0420,SWAP,TDR0117,BOOK_B,2025-01-31
TXN0009743217,APP018,2025-02-22,failed,52616.22,GBP,EMEA,CP0299,FUTURE,TDR0121,BOOK_B,2026-03-03
TXN0005735624,APP012,2025-07-24,settled,349552.41,EUR,EMEA,CP0352,SWAP,TDR0074,BOOK_B,2025-11-18
TXN0004919937,APP011,2025-09-06,pending,841504.55,USD,EMEA,CP0211,OPTION,TDR0103,BOOK_C,2026-01-01
TXN0008832972,APP020,2025-04-07,settled,946981.87,CHF,LATAM,CP0313,OPTION,TDR0099,BOOK_A,2025-07-29
TXN0004658596,APP006,2025-02-02,active,536472.19,EUR,AMER,CP0398,FX,TDR0003,BOOK_D,2025-07-20
TXN0009326835,APP003,2026-02-14,failed,540770.45,EUR,APAC,CP0185,EQUITY,TDR0087,BOOK_A,2026-01-23
TXN0006258813,APP011,2025-01-03,active,234791.27,GBP,AMER,CP0100,FX,TDR0077,BOOK_D,2025-12-30
TXN0001116312,APP005,2026-02-28,failed,986263.9,USD,EMEA,CP0372,FX,TDR0101,BOOK_C,2025-04-28
TXN0003052000,APP007,2025-07-21,active,90780.99,USD,LATAM,CP0462,BOND,TDR0049,BOOK_B,2025-10-25
TXN0005897026,APP013,2025-04-13,settled,609294.73,EUR,APAC,CP0340,FX,TDR0153,BOOK_B,2025-06-10
TXN0000174720,APP014,2025-07-01,settled,541825.5,EUR,LATAM,CP0115,BOND,TDR0079,BOOK_D,2025-05-06
TXN0007137139,APP014,2025-03-05,failed,445391.01,GBP,APAC,CP0113,SWAP,TDR0049,BOOK_D,2025-04-24
TXN0001638741,APP019,2025-11-29,pending,678326.12,USD,EMEA,CP0409,EQUITY,TDR0055,BOOK_D,2025-06-08
TXN0000718281,APP006,2025-07-28,failed,364175.5,GBP,APAC,CP0289,SWAP,TDR0017,BOOK_B,2025-10-21
TXN0005702553,APP020,2026-03-18,pending,946001.13,GBP,AMER,CP0469,SWAP,TDR0032,BOOK_C,2025-08-19
TXN0009430367,APP017,2025-10-29,pending,192554.4,EUR,EMEA,CP0256,EQUITY,TDR0022,BOOK_B,2026-02-11
TXN0009113298,APP007,2025-03-03,settled,483138.99,CHF,APAC,CP0478,SWAP,TDR0011,BOOK_D,2025-01-22
TXN0009395185,APP019,2025-09-29,reversed,465381.82,AUD,AMER,CP0006,OPTION,TDR0124,BOOK_C,2025-06-25
TXN0002603273,APP006,2026-04-07,reversed,406662.82,JPY,AMER,CP0074,SWAP,TDR0194,BOOK_B,2025-04-04
TXN0007756342,APP006,2025-02-13,reversed,759343.46,GBP,APAC,CP0151,EQUITY,TDR0191,BOOK_A,2026-02-03
TXN0000041712,APP013,2025-12-06,failed,620936.85,EUR,LATAM,CP0341,EQUITY,TDR0023,BOOK_B,2025-08-11
TXN0002012207,APP019,2025-11-09,failed,17645.77,AUD,EMEA,CP0355,OPTION,TDR0146,BOOK_C,2026-02-18
TXN0001869016,APP001,2025-04-07,active,108576.78,GBP,APAC,CP0411,EQUITY,TDR0190,BOOK_A,2025-01-30
TXN0005649573,APP016,2025-07-06,pending,746196.25,JPY,AMER,CP0472,BOND,TDR0007,BOOK_B,2025-11-22
TXN0000724946,APP020,2025-04-22,failed,660523.97,AUD,LATAM,CP0007,FX,TDR0104,BOOK_C,2025-11-09
TXN0005779739,APP009,2025-05-05,pending,125276.26,EUR,APAC,CP0351,OPTION,TDR0040,BOOK_B,2025-01-26
TXN0007798206,APP015,2025-03-06,reversed,832855.62,AUD,AMER,CP0054,FX,TDR0091,BOOK_A,2025-01-04
TXN0005764336,APP002,2025-02-01,active,58088.18,AUD,AMER,CP0327,BOND,TDR0001,BOOK_B,2025-02-09
TXN0004942643,APP018,2026-01-12,settled,812653.15,EUR,AMER,CP0439,SWAP,TDR0108,BOOK_D,2026-03-26
TXN0000059546,APP014,2025-03-31,failed,691170.11,EUR,EMEA,CP0038,FX,TDR0044,BOOK_B,2026-03-31
TXN0009666082,APP004,2025-06-09,active,58687.66,AUD,APAC,CP0149,EQUITY,TDR0091,BOOK_D,2025-08-27
TXN0008340476,APP006,2026-01-29,pending,102569.46,JPY,LATAM,CP0392,SWAP,TDR0188,BOOK_D,2026-02-24
TXN0006488004,APP004,2026-03-05,settled,235086.35,GBP,LATAM,CP0423,BOND,TDR0180,BOOK_C,2025-09-30
TXN0000238246,APP012,2025-11-02,active,952248.97,GBP,LATAM,CP0441,SWAP,TDR0138,BOOK_C,2026-03-18
TXN0008627468,APP010,2025-08-07,failed,158079.57,AUD,AMER,CP0303,EQUITY,TDR0173,BOOK_D,2025-05-26
TXN0002693469,APP010,2026-04-08,active,535652.69,GBP,APAC,CP0029,EQUITY,TDR0119,BOOK_B,2025-05-13
TXN0002504160,APP014,2025-08-07,settled,237864.6,CHF,LATAM,CP0043,BOND,TDR0055,BOOK_D,2025-02-02
TXN0007202288,APP018,2026-02-12,failed,955424.72,GBP,EMEA,CP0278,FX,TDR0032,BOOK_A,2025-11-26
TXN0005764338,APP008,2026-03-22,failed,13913.51,EUR,AMER,CP0056,FX,TDR0024,BOOK_A,2026-03-23
TXN0004552814,APP004,2025-10-16,failed,474812.64,GBP,LATAM,CP0373,OPTION,TDR0111,BOOK_D,2025-03-24
TXN0005820927,APP004,2026-02-09,active,856988.03,JPY,AMER,CP0337,FUTURE,TDR0068,BOOK_A,2025-11-26
TXN0002594889,APP020,2025-04-29,failed,678076.54,EUR,LATAM,CP0444,FUTURE,TDR0033,BOOK_C,2025-03-31
TXN0008931999,APP004,2026-02-24,active,795856.63,JPY,AMER,CP0198,BOND,TDR0139,BOOK_A,2025-04-12
TXN0002133609,APP018,2025-04-22,pending,596024.04,GBP,APAC,CP0251,OPTION,TDR0032,BOOK_B,2026-03-08
TXN0009991752,APP009,2025-08-09,reversed,507971.43,EUR,APAC,CP0294,FX,TDR0070,BOOK_A,2026-02-27
TXN0009440190,APP020,2025-01-31,settled,109731.5,USD,APAC,CP0293,EQUITY,TDR0128,BOOK_C,2025-06-03
TXN0008917845,APP008,2026-01-25,failed,35363.39,JPY,EMEA,CP0013,OPTION,TDR0055,BOOK_B,2025-04-20
TXN0003706040,APP016,2025-01-28,settled,420352.0,GBP,EMEA,CP0298,SWAP,TDR0135,BOOK_C,2026-01-19
TXN0008038555,APP011,2025-01-26,active,895833.93,GBP,APAC,CP0148,FX,TDR0035,BOOK_A,2025-02-22
TXN0004960800,APP002,2025-05-29,pending,183408.22,EUR,AMER,CP0461,FUTURE,TDR0033,BOOK_C,2025-03-23
TXN0001082449,APP019,2025-12-20,active,661032.44,JPY,AMER,CP0371,FUTURE,TDR0127,BOOK_B,2026-01-07
TXN0004283469,APP018,2025-12-14,settled,317881.28,CHF,APAC,CP0432,EQUITY,TDR0074,BOOK_C,2025-11-27
TXN0005518831,APP016,2025-11-25,pending,153192.25,AUD,APAC,CP0357,BOND,TDR0049,BOOK_C,2026-03-08
TXN0006705320,APP015,2026-01-16,active,428407.18,USD,EMEA,CP0270,BOND,TDR0149,BOOK_A,2025-02-14
TXN0005292435,APP007,2025-12-23,failed,859971.19,CHF,LATAM,CP0070,FUTURE,TDR0187,BOOK_D,2026-03-02
TXN0005140356,APP010,2026-03-22,failed,374423.83,USD,AMER,CP0402,SWAP,TDR0197,BOOK_D,2025-08-30
TXN0009806008,APP013,2025-10-12,active,938704.18,USD,LATAM,CP0433,OPTION,TDR0126,BOOK_D,2025-04-22
TXN0007788017,APP020,2026-02-05,pending,577098.2,CHF,LATAM,CP0030,SWAP,TDR0111,BOOK_D,2025-02-17
TXN0009895732,APP016,2025-08-08,settled,401560.76,CHF,EMEA,CP0261,FUTURE,TDR0191,BOOK_B,2025-02-09
TXN0008952625,APP004,2025-02-12,pending,921269.37,CHF,AMER,CP0263,SWAP,TDR0073,BOOK_B,2025-11-28
TXN0000179779,APP010,2025-11-23,settled,98777.56,EUR,APAC,CP0363,SWAP,TDR0159,BOOK_B,2025-12-21
TXN0004019321,APP004,2025-03-29,active,585170.35,CHF,EMEA,CP0021,OPTION,TDR0063,BOOK_C,2025-11-23
TXN0005909685,APP020,2025-02-12,settled,600311.69,GBP,EMEA,CP0487,BOND,TDR0098,BOOK_B,2025-06-08
TXN0005643766,APP001,2026-03-13,pending,301232.11,AUD,LATAM,CP0277,FUTURE,TDR0089,BOOK_D,2025-04-11
TXN0001362412,APP020,2025-09-17,pending,279095.08,USD,AMER,CP0014,BOND,TDR0153,BOOK_C,2025-04-26
TXN0003529686,APP017,2025-08-30,settled,644934.49,GBP,APAC,CP0165,OPTION,TDR0197,BOOK_B,2026-02-11
TXN0008022970,APP012,2025-08-09,active,284586.53,EUR,APAC,CP0066,EQUITY,TDR0136,BOOK_A,2025-12-16
TXN0005974313,APP001,2025-07-18,failed,775025.9,AUD,LATAM,CP0145,OPTION,TDR0156,BOOK_C,2025-05-16
TXN0007344230,APP001,2025-10-14,settled,101873.71,USD,APAC,CP0062,BOND,TDR0068,BOOK_D,2025-03-06
TXN0009544694,APP005,2026-03-17,pending,191861.22,AUD,EMEA,CP0340,FUTURE,TDR0188,BOOK_B,2025-09-17
TXN0009812209,APP001,2025-10-07,settled,98760.45,EUR,LATAM,CP0272,FX,TDR0105,BOOK_D,2025-04-24
TXN0001479869,APP003,2026-02-26,failed,675570.76,CHF,LATAM,CP0159,EQUITY,TDR0152,BOOK_A,2025-01-09
TXN0003320969,APP018,2025-02-03,reversed,352477.15,USD,AMER,CP0306,SWAP,TDR0122,BOOK_B,2025-08-01
TXN0001098080,APP019,2025-03-04,failed,500689.74,EUR,LATAM,CP0346,FUTURE,TDR0146,BOOK_C,2025-02-24
TXN0008428626,APP018,2025-12-18,pending,248182.21,AUD,EMEA,CP0007,FUTURE,TDR0160,BOOK_C,2025-02-09
TXN0005588232,APP019,2025-06-22,reversed,334196.59,AUD,APAC,CP0069,FUTURE,TDR0176,BOOK_B,2025-02-04
TXN0006310419,APP015,2025-03-09,failed,819381.49,GBP,EMEA,CP0135,EQUITY,TDR0111,BOOK_A,2025-04-21
TXN0004044827,APP014,2025-07-26,pending,657285.42,JPY,EMEA,CP0476,FX,TDR0101,BOOK_C,2025-01-29
TXN0004825312,APP017,2026-01-13,pending,640525.01,JPY,EMEA,CP0385,FX,TDR0055,BOOK_D,2025-08-22
TXN0001127093,APP018,2025-06-09,reversed,540683.05,AUD,EMEA,CP0199,FX,TDR0058,BOOK_C,2025-08-08
TXN0006385340,APP014,2025-12-23,active,434823.78,GBP,EMEA,CP0307,BOND,TDR0165,BOOK_A,2026-03-15
TXN0001433434,APP007,2025-08-24,pending,923711.51,GBP,EMEA,CP0056,OPTION,TDR0121,BOOK_A,2026-01-16
TXN0008577283,APP007,2025-07-02,pending,84381.26,CHF,EMEA,CP0386,FX,TDR0064,BOOK_A,2025-12-14
TXN0001202394,APP013,2025-07-14,pending,274444.52,JPY,LATAM,CP0056,OPTION,TDR0131,BOOK_D,2026-01-17
TXN0004353567,APP005,2025-10-02,failed,69473.45,EUR,LATAM,CP0336,BOND,TDR0170,BOOK_C,2025-10-23
TXN0004743224,APP013,2025-04-18,settled,236621.8,GBP,APAC,CP0293,EQUITY,TDR0064,BOOK_D,2025-03-31
TXN0000967353,APP014,2026-01-24,reversed,60804.95,CHF,EMEA,CP0274,EQUITY,TDR0041,BOOK_D,2025-02-19
TXN0005454232,APP002,2025-12-28,settled,305226.29,CHF,APAC,CP0006,SWAP,TDR0050,BOOK_C,2025-10-22
TXN0005544674,APP015,2025-09-23,active,644819.31,JPY,LATAM,CP0167,FX,TDR0180,BOOK_B,2025-07-27
TXN0005360825,APP018,2025-03-13,pending,219697.29,CHF,AMER,CP0180,FUTURE,TDR0005,BOOK_A,2025-08-06
TXN0007876421,APP020,2025-08-27,reversed,829421.66,JPY,AMER,CP0426,OPTION,TDR0116,BOOK_C,2025-12-27
TXN0006549366,APP020,2025-09-11,active,492750.58,JPY,EMEA,CP0231,EQUITY,TDR0068,BOOK_A,2025-01-25
TXN0008318710,APP006,2025-11-17,failed,870802.17,USD,EMEA,CP0456,OPTION,TDR0131,BOOK_C,2025-10-27
TXN0007460106,APP017,2025-06-23,failed,328840.51,JPY,APAC,CP0076,EQUITY,TDR0148,BOOK_C,2025-10-09
TXN0004209868,APP002,2026-03-15,settled,674956.42,AUD,EMEA,CP0290,BOND,TDR0195,BOOK_C,2025-09-01
TXN0001092591,APP012,2025-03-05,reversed,89321.17,AUD,AMER,CP0298,FX,TDR0037,BOOK_A,2025-10-01
TXN0008017430,APP003,2025-03-12,failed,508987.14,GBP,AMER,CP0194,EQUITY,TDR0177,BOOK_B,2025-08-14
TXN0000850599,APP017,2025-11-20,pending,453751.79,EUR,EMEA,CP0244,FX,TDR0129,BOOK_B,2026-04-04
TXN0007577114,APP006,2026-03-06,settled,416996.07,CHF,APAC,CP0254,FX,TDR0186,BOOK_C,2026-03-10
TXN0001121876,APP005,2025-01-16,reversed,188060.55,CHF,EMEA,CP0037,OPTION,TDR0147,BOOK_B,2025-09-05
TXN0009506368,APP017,2026-03-10,pending,159695.54,AUD,AMER,CP0291,EQUITY,TDR0075,BOOK_C,2025-10-20
TXN0000368283,APP012,2026-03-31,failed,425388.44,CHF,LATAM,CP0409,SWAP,TDR0149,BOOK_C,2025-06-27
TXN0006309513,APP011,2025-12-26,active,833094.94,CHF,AMER,CP0291,BOND,TDR0082,BOOK_C,2025-01-18
TXN0001272917,APP016,2025-12-26,reversed,25724.33,USD,AMER,CP0318,FUTURE,TDR0146,BOOK_B,2026-02-12
TXN0003931722,APP012,2025-02-26,pending,759428.4,GBP,EMEA,CP0318,OPTION,TDR0138,BOOK_C,2025-02-12
TXN0002969370,APP009,2025-12-31,failed,881571.58,GBP,APAC,CP0379,FX,TDR0169,BOOK_D,2025-03-31
TXN0002519876,APP018,2026-04-03,pending,685172.0,GBP,AMER,CP0289,EQUITY,TDR0162,BOOK_B,2025-11-09
TXN0007797853,APP004,2025-10-17,reversed,343559.52,AUD,EMEA,CP0258,OPTION,TDR0059,BOOK_C,2026-01-15
TXN0006973059,APP012,2025-06-08,pending,925882.64,GBP,LATAM,CP0011,SWAP,TDR0006,BOOK_D,2025-10-18
TXN0008211983,APP009,2025-11-05,settled,41658.34,AUD,AMER,CP0078,EQUITY,TDR0074,BOOK_C,2025-02-08
TXN0000142156,APP006,2025-05-22,failed,96504.39,CHF,LATAM,CP0462,EQUITY,TDR0012,BOOK_D,2025-11-06
TXN0004788187,APP009,2025-02-05,failed,89489.29,AUD,LATAM,CP0390,SWAP,TDR0032,BOOK_D,2025-06-07
TXN0004030877,APP003,2025-08-24,settled,47249.04,GBP,AMER,CP0124,EQUITY,TDR0121,BOOK_D,2025-07-13
TXN0007915155,APP011,2025-04-10,pending,154126.54,EUR,AMER,CP0087,SWAP,TDR0066,BOOK_C,2025-09-30
TXN0008241485,APP011,2025-08-21,settled,176846.82,USD,EMEA,CP0123,OPTION,TDR0156,BOOK_A,2026-01-15
TXN0000767407,APP004,2025-11-10,settled,236412.18,JPY,APAC,CP0019,BOND,TDR0059,BOOK_C,2025-08-23
TXN0002123402,APP020,2025-10-27,reversed,929039.14,AUD,EMEA,CP0416,OPTION,TDR0095,BOOK_C,2025-11-27
TXN0006288122,APP015,2025-03-14,pending,509190.32,JPY,LATAM,CP0421,BOND,TDR0013,BOOK_C,2025-04-05
TXN0003404178,APP009,2025-05-16,active,889195.42,GBP,APAC,CP0147,FUTURE,TDR0079,BOOK_B,2026-01-02
TXN0009563413,APP001,2026-04-01,failed,900523.66,GBP,EMEA,CP0182,OPTION,TDR0182,BOOK_A,2025-06-15
TXN0005342988,APP001,2026-03-05,active,942276.84,GBP,AMER,CP0343,EQUITY,TDR0071,BOOK_B,2025-04-21
TXN0005470352,APP014,2026-01-12,reversed,770375.24,CHF,EMEA,CP0265,EQUITY,TDR0143,BOOK_D,2025-05-01
TXN0006685637,APP004,2025-04-13,settled,345009.08,CHF,AMER,CP0353,SWAP,TDR0089,BOOK_B,2025-06-14
TXN0005851905,APP010,2025-06-14,settled,991527.18,EUR,LATAM,CP0410,EQUITY,TDR0008,BOOK_D,2026-03-02
TXN0002144432,APP020,2025-10-20,reversed,868000.32,GBP,APAC,CP0125,EQUITY,TDR0198,BOOK_A,2025-08-08
TXN0003439906,APP007,2025-11-11,settled,487794.21,JPY,AMER,CP0292,OPTION,TDR0123,BOOK_A,2025-05-17
TXN0001155967,APP009,2025-12-13,active,353917.7,GBP,APAC,CP0448,EQUITY,TDR0001,BOOK_B,2025-05-26
TXN0007891898,APP017,2025-11-28,active,473230.64,AUD,AMER,CP0139,BOND,TDR0166,BOOK_C,2025-04-21
TXN0001624438,APP003,2025-06-21,pending,195274.09,AUD,LATAM,CP0150,FUTURE,TDR0153,BOOK_C,2026-04-03
TXN0006239224,APP016,2025-12-26,pending,328132.93,USD,EMEA,CP0207,EQUITY,TDR0094,BOOK_B,2025-07-03
TXN0008945257,APP016,2025-03-09,pending,678718.29,USD,EMEA,CP0326,FUTURE,TDR0163,BOOK_B,2025-02-14
TXN0002947049,APP004,2025-05-02,active,857177.49,EUR,AMER,CP0003,BOND,TDR0035,BOOK_A,2025-04-24
TXN0003592388,APP009,2025-01-27,failed,826525.2,GBP,EMEA,CP0479,SWAP,TDR0052,BOOK_D,2025-08-10
TXN0000794979,APP017,2026-03-20,failed,189295.92,EUR,AMER,CP0473,FX,TDR0062,BOOK_B,2026-02-22
TXN0003080503,APP020,2025-11-02,reversed,812257.4,AUD,LATAM,CP0219,EQUITY,TDR0046,BOOK_B,2025-01-11
TXN0001376158,APP001,2026-03-26,active,765691.44,JPY,APAC,CP0408,FX,TDR0051,BOOK_C,2025-09-03
TXN0006043531,APP019,2025-05-07,settled,860016.01,AUD,LATAM,CP0392,EQUITY,TDR0093,BOOK_B,2025-01-17
TXN0000191771,APP006,2026-04-09,failed,941623.92,CHF,EMEA,CP0208,FX,TDR0022,BOOK_C,2025-10-28
TXN0001765262,APP009,2025-06-23,failed,481096.63,JPY,AMER,CP0168,BOND,TDR0026,BOOK_C,2025-02-07
TXN0007405951,APP005,2025-01-10,active,164407.39,CHF,EMEA,CP0308,EQUITY,TDR0144,BOOK_C,2025-06-13
TXN0009740806,APP010,2025-10-09,pending,748895.37,USD,EMEA,CP0286,SWAP,TDR0069,BOOK_C,2025-12-09
TXN0005058496,APP012,2025-05-05,pending,947379.22,USD,LATAM,CP0500,BOND,TDR0068,BOOK_D,2025-03-07
TXN0000854233,APP020,2026-02-14,reversed,890296.77,JPY,APAC,CP0041,FUTURE,TDR0048,BOOK_A,2025-08-27
TXN0002955381,APP020,2026-03-19,reversed,881755.98,USD,APAC,CP0014,BOND,TDR0086,BOOK_D,2025-03-10
TXN0001367827,APP001,2025-12-25,failed,896028.52,CHF,APAC,CP0461,FUTURE,TDR0194,BOOK_C,2026-01-15
TXN0000361871,APP011,2026-03-09,pending,607724.72,CHF,LATAM,CP0105,FX,TDR0169,BOOK_D,2025-04-08
TXN0003019716,APP014,2026-02-23,reversed,710342.6,CHF,APAC,CP0092,FX,TDR0126,BOOK_D,2026-04-13
TXN0007495545,APP020,2025-01-06,pending,284276.53,CHF,APAC,CP0361,EQUITY,TDR0196,BOOK_B,2025-03-11
TXN0004766291,APP019,2026-03-05,active,826991.82,EUR,EMEA,CP0454,EQUITY,TDR0151,BOOK_C,2025-08-14
TXN0006505894,APP010,2025-06-19,pending,507295.94,USD,EMEA,CP0428,OPTION,TDR0032,BOOK_B,2025-06-01
TXN0007345149,APP014,2025-11-10,failed,605572.14,USD,EMEA,CP0305,FX,TDR0151,BOOK_C,2025-01-12
TXN0007954845,APP012,2026-02-05,active,333465.7,GBP,AMER,CP0176,FX,TDR0102,BOOK_C,2025-03-02
TXN0005096844,APP007,2025-06-19,failed,424781.64,USD,LATAM,CP0322,FX,TDR0051,BOOK_A,2026-04-14
TXN0006912580,APP014,2025-05-20,failed,961931.82,AUD,APAC,CP0087,FUTURE,TDR0123,BOOK_C,2026-01-11
TXN0007118124,APP009,2026-01-13,active,65529.51,EUR,APAC,CP0378,BOND,TDR0083,BOOK_C,2025-07-11
TXN0001382427,APP005,2025-04-22,reversed,194681.29,CHF,EMEA,CP0303,OPTION,TDR0029,BOOK_A,2025-10-30
TXN0007084756,APP013,2025-06-30,pending,313008.58,CHF,APAC,CP0441,SWAP,TDR0012,BOOK_D,2025-04-03
TXN0001697945,APP007,2025-01-05,active,390452.68,CHF,EMEA,CP0010,OPTION,TDR0129,BOOK_B,2025-03-23
TXN0006938229,APP008,2026-01-15,reversed,9386.63,GBP,AMER,CP0366,OPTION,TDR0039,BOOK_A,2025-12-30
TXN0001369152,APP016,2025-04-03,active,849618.91,USD,AMER,CP0305,SWAP,TDR0186,BOOK_B,2025-06-12
TXN0007116573,APP015,2026-01-14,reversed,840039.34,CHF,AMER,CP0042,FUTURE,TDR0159,BOOK_D,2025-09-02
TXN0001852557,APP009,2025-10-07,active,313493.98,JPY,EMEA,CP0062,OPTION,TDR0082,BOOK_C,2026-02-05
TXN0005100198,APP018,2026-03-05,reversed,673296.6,JPY,EMEA,CP0115,BOND,TDR0142,BOOK_C,2025-11-11
TXN0005998436,APP013,2025-05-28,settled,557675.65,USD,LATAM,CP0048,SWAP,TDR0018,BOOK_B,2025-07-31
TXN0002047807,APP006,2025-06-08,active,877308.73,AUD,AMER,CP0239,SWAP,TDR0132,BOOK_B,2026-02-20
TXN0002974681,APP009,2026-03-11,reversed,495624.22,USD,APAC,CP0123,SWAP,TDR0187,BOOK_D,2025-11-24
TXN0009215792,APP004,2025-09-28,settled,484984.38,AUD,LATAM,CP0450,BOND,TDR0074,BOOK_A,2025-04-14
TXN0007550009,APP015,2025-06-04,failed,589292.8,AUD,LATAM,CP0368,SWAP,TDR0041,BOOK_D,2025-08-06
TXN0005971403,APP007,2025-07-12,reversed,754972.01,EUR,LATAM,CP0104,SWAP,TDR0200,BOOK_B,2025-04-07
TXN0001412207,APP019,2026-01-28,failed,986028.46,EUR,LATAM,CP0286,EQUITY,TDR0084,BOOK_B,2026-04-06
TXN0001517051,APP012,2025-04-17,active,929572.65,EUR,AMER,CP0130,FX,TDR0118,BOOK_B,2025-06-06
TXN0004615866,APP010,2025-06-25,active,110285.63,EUR,AMER,CP0443,SWAP,TDR0023,BOOK_B,2026-03-15
TXN0001346265,APP016,2025-04-08,failed,175455.02,GBP,APAC,CP0258,EQUITY,TDR0046,BOOK_A,2025-06-26
TXN0004022378,APP011,2025-11-04,active,117968.92,USD,APAC,CP0318,FUTURE,TDR0170,BOOK_D,2025-10-28
TXN0006465939,APP017,2026-03-27,active,910619.9,JPY,EMEA,CP0477,OPTION,TDR0132,BOOK_A,2025-09-07
TXN0008195960,APP019,2025-05-08,pending,900679.92,JPY,AMER,CP0175,FX,TDR0055,BOOK_D,2026-02-03
TXN0004752707,APP001,2025-07-22,active,737655.78,EUR,EMEA,CP0320,BOND,TDR0128,BOOK_D,2025-04-26
TXN0008892044,APP011,2025-05-18,settled,606982.69,EUR,LATAM,CP0019,SWAP,TDR0192,BOOK_B,2026-01-23
TXN0005732495,APP016,2025-03-28,reversed,965662.34,EUR,LATAM,CP0475,SWAP,TDR0158,BOOK_A,2026-01-12
TXN0007778364,APP007,2025-12-25,settled,121760.3,JPY,AMER,CP0304,FX,TDR0189,BOOK_C,2025-08-17
TXN0006601758,APP004,2025-08-21,active,844288.33,CHF,APAC,CP0143,BOND,TDR0120,BOOK_B,2025-02-24
TXN0005890164,APP010,2025-09-17,pending,519428.62,AUD,EMEA,CP0062,BOND,TDR0070,BOOK_D,2025-10-05
TXN0004580901,APP002,2025-10-10,settled,473085.29,AUD,AMER,CP0075,FX,TDR0007,BOOK_B,2025-08-06
TXN0007131714,APP008,2025-07-12,active,1667.63,CHF,EMEA,CP0382,BOND,TDR0109,BOOK_B,2025-08-18
TXN0002683717,APP001,2025-04-02,failed,393608.8,AUD,AMER,CP0157,FX,TDR0177,BOOK_B,2025-06-26
TXN0007340330,APP008,2025-07-02,reversed,249043.26,AUD,LATAM,CP0070,OPTION,TDR0111,BOOK_A,2025-03-17
TXN0001600195,APP002,2025-12-11,active,237642.94,GBP,LATAM,CP0111,SWAP,TDR0194,BOOK_C,2026-02-12
TXN0009037894,APP001,2025-03-20,active,757879.57,USD,LATAM,CP0076,SWAP,TDR0158,BOOK_C,2025-11-21
TXN0002033843,APP020,2025-07-17,pending,587381.39,USD,LATAM,CP0355,EQUITY,TDR0154,BOOK_B,2025-07-01
TXN0002581772,APP006,2025-11-23,active,559818.75,USD,AMER,CP0026,FX,TDR0200,BOOK_C,2026-01-01
TXN0009326002,APP011,2025-02-18,active,782030.0,GBP,APAC,CP0378,BOND,TDR0059,BOOK_B,2026-03-25
TXN0000183768,APP019,2025-10-16,active,567071.0,GBP,LATAM,CP0472,FX,TDR0077,BOOK_B,2025-03-21
TXN0003535422,APP006,2025-03-25,pending,193831.9,AUD,APAC,CP0482,FUTURE,TDR0021,BOOK_D,2025-12-23
TXN0002512699,APP006,2025-06-13,settled,211916.08,AUD,LATAM,CP0052,FX,TDR0133,BOOK_B,2025-11-03
TXN0008452272,APP016,2026-01-03,failed,695047.54,JPY,LATAM,CP0488,SWAP,TDR0041,BOOK_C,2025-08-18
TXN0006508350,APP006,2025-10-27,failed,376230.76,GBP,EMEA,CP0467,EQUITY,TDR0038,BOOK_A,2026-03-18
TXN0006505663,APP001,2025-10-09,active,80483.64,USD,EMEA,CP0211,FX,TDR0102,BOOK_A,2025-08-26
TXN0005689937,APP008,2025-11-25,settled,705725.91,JPY,AMER,CP0219,FUTURE,TDR0093,BOOK_C,2025-07-12
TXN0008534244,APP008,2025-01-28,settled,299933.92,JPY,EMEA,CP0328,EQUITY,TDR0013,BOOK_D,2026-02-13
TXN0000925413,APP014,2026-02-28,settled,462299.82,AUD,AMER,CP0134,OPTION,TDR0159,BOOK_A,2025-02-26
TXN0009356072,APP015,2025-07-25,reversed,598916.13,AUD,APAC,CP0397,BOND,TDR0102,BOOK_B,2025-08-15
TXN0008524646,APP008,2026-01-29,failed,242286.38,CHF,LATAM,CP0166,FUTURE,TDR0193,BOOK_A,2025-12-22
TXN0003472392,APP007,2025-04-27,failed,918031.51,USD,LATAM,CP0461,FX,TDR0139,BOOK_C,2025-04-19
TXN0006296229,APP015,2025-09-30,active,930907.78,USD,LATAM,CP0494,FUTURE,TDR0104,BOOK_B,2026-03-05
TXN0003770655,APP006,2026-03-17,pending,826864.58,GBP,EMEA,CP0036,FX,TDR0024,BOOK_A,2025-06-02
TXN0008515984,APP011,2026-04-10,failed,86885.61,GBP,EMEA,CP0485,EQUITY,TDR0121,BOOK_C,2025-09-19
TXN0004702410,APP010,2025-07-02,pending,11504.15,JPY,EMEA,CP0420,FUTURE,TDR0032,BOOK_A,2025-08-04
TXN0000747708,APP010,2025-02-28,reversed,495752.82,JPY,APAC,CP0336,SWAP,TDR0064,BOOK_C,2025-12-07
TXN0008298646,APP003,2025-10-03,pending,465847.07,EUR,AMER,CP0460,FX,TDR0037,BOOK_A,2025-01-16
TXN0000805714,APP001,2025-01-26,settled,430687.63,EUR,LATAM,CP0091,FUTURE,TDR0010,BOOK_A,2026-03-05
TXN0008674134,APP014,2026-01-24,failed,286509.66,GBP,LATAM,CP0003,BOND,TDR0189,BOOK_C,2025-12-01
TXN0006673670,APP010,2025-10-08,failed,454997.78,EUR,LATAM,CP0416,EQUITY,TDR0072,BOOK_D,2025-10-05
TXN0007310725,APP019,2025-08-16,pending,719566.18,JPY,LATAM,CP0397,FUTURE,TDR0084,BOOK_C,2025-03-23
TXN0000904600,APP005,2025-01-24,pending,262671.58,AUD,APAC,CP0157,BOND,TDR0050,BOOK_C,2026-03-04
TXN0003602490,APP018,2025-02-27,pending,223853.31,JPY,LATAM,CP0347,BOND,TDR0064,BOOK_B,2026-01-18
TXN0008435575,APP008,2025-10-08,active,761383.81,EUR,EMEA,CP0466,SWAP,TDR0176,BOOK_C,2025-06-18
TXN0002155726,APP012,2025-09-10,reversed,339036.16,USD,APAC,CP0140,OPTION,TDR0084,BOOK_A,2025-02-21
TXN0002792983,APP015,2025-12-19,settled,649622.85,CHF,LATAM,CP0090,EQUITY,TDR0021,BOOK_D,2025-10-10
TXN0008629124,APP005,2025-03-09,pending,151845.23,GBP,APAC,CP0117,OPTION,TDR0001,BOOK_C,2025-08-06
TXN0001283364,APP001,2025-07-13,active,671995.73,AUD,AMER,CP0020,OPTION,TDR0100,BOOK_C,2026-03-07
TXN0000826446,APP019,2025-08-20,settled,38342.52,CHF,AMER,CP0193,EQUITY,TDR0025,BOOK_D,2025-01-17
TXN0000188255,APP013,2025-07-12,failed,491199.66,AUD,EMEA,CP0132,SWAP,TDR0093,BOOK_A,2025-04-09
TXN0001399248,APP003,2025-03-15,active,662.77,AUD,APAC,CP0469,SWAP,TDR0027,BOOK_C,2025-11-02
TXN0003305808,APP017,2025-01-15,failed,27601.37,USD,AMER,CP0203,OPTION,TDR0193,BOOK_C,2025-04-18
TXN0008820999,APP001,2026-02-25,active,56659.69,JPY,APAC,CP0455,FX,TDR0189,BOOK_C,2025-01-15
TXN0008139518,APP018,2025-01-10,settled,509781.64,CHF,AMER,CP0439,BOND,TDR0172,BOOK_D,2025-04-21
TXN0006829043,APP006,2025-11-11,settled,797560.41,USD,LATAM,CP0047,FX,TDR0170,BOOK_B,2025-04-28
TXN0009207735,APP004,2025-02-07,reversed,374278.96,JPY,EMEA,CP0454,EQUITY,TDR0052,BOOK_D,2025-12-06
TXN0008552152,APP007,2026-01-25,active,435573.9,USD,EMEA,CP0014,SWAP,TDR0105,BOOK_B,2025-11-17
TXN0000216050,APP020,2025-11-24,pending,422373.11,EUR,LATAM,CP0078,FUTURE,TDR0092,BOOK_D,2025-02-14
TXN0000917145,APP006,2025-08-30,reversed,732728.1,USD,EMEA,CP0028,FX,TDR0041,BOOK_A,2026-04-09
TXN0002392391,APP007,2025-10-03,pending,504593.8,EUR,LATAM,CP0473,OPTION,TDR0162,BOOK_D,2026-01-22
TXN0009905460,APP020,2025-09-23,pending,83893.39,GBP,EMEA,CP0360,OPTION,TDR0189,BOOK_A,2025-02-26
TXN0007183642,APP010,2026-02-02,active,97607.91,EUR,AMER,CP0200,BOND,TDR0014,BOOK_C,2025-09-22
TXN0006351475,APP004,2026-02-24,settled,192579.18,JPY,APAC,CP0298,EQUITY,TDR0070,BOOK_C,2025-10-11
TXN0003585419,APP014,2025-12-09,active,175593.94,EUR,APAC,CP0093,BOND,TDR0031,BOOK_A,2026-03-22
TXN0001164117,APP017,2026-01-09,pending,902715.01,AUD,AMER,CP0101,BOND,TDR0065,BOOK_C,2025-10-03
TXN0005660519,APP006,2026-04-13,pending,456096.78,USD,AMER,CP0369,BOND,TDR0112,BOOK_C,2025-02-06
TXN0006450076,APP015,2025-01-09,failed,575413.89,JPY,LATAM,CP0010,SWAP,TDR0125,BOOK_B,2026-01-24
TXN0002074925,APP015,2025-01-20,failed,44203.89,GBP,EMEA,CP0146,OPTION,TDR0144,BOOK_D,2025-05-11
TXN0008010294,APP007,2025-11-26,pending,628101.05,AUD,LATAM,CP0144,FX,TDR0080,BOOK_D,2025-12-20
TXN0000743026,APP016,2025-06-01,failed,87574.7,GBP,AMER,CP0172,EQUITY,TDR0030,BOOK_C,2025-06-06
TXN0004321256,APP001,2025-12-27,pending,480536.93,EUR,APAC,CP0024,EQUITY,TDR0120,BOOK_C,2025-10-13
TXN0002856969,APP017,2025-08-26,pending,532463.17,USD,AMER,CP0054,FUTURE,TDR0189,BOOK_C,2025-09-08
TXN0001332173,APP011,2026-02-18,pending,141051.49,GBP,EMEA,CP0489,SWAP,TDR0160,BOOK_C,2025-02-07
TXN0004159486,APP020,2025-07-20,active,644830.39,JPY,EMEA,CP0356,OPTION,TDR0025,BOOK_D,2025-06-23
TXN0007986139,APP016,2025-09-03,failed,275745.98,JPY,EMEA,CP0067,BOND,TDR0011,BOOK_B,2026-03-15
TXN0002356401,APP004,2025-01-06,pending,782254.45,USD,LATAM,CP0336,FX,TDR0099,BOOK_A,2025-08-16
TXN0003966597,APP011,2025-12-11,active,409334.61,AUD,AMER,CP0004,EQUITY,TDR0108,BOOK_B,2025-11-09
TXN0006469362,APP008,2025-07-15,failed,825785.52,GBP,AMER,CP0399,FX,TDR0055,BOOK_B,2025-10-01
TXN0008267010,APP002,2025-12-10,reversed,431249.43,AUD,AMER,CP0223,FUTURE,TDR0138,BOOK_C,2025-08-31
TXN0001398822,APP010,2025-08-08,pending,94065.38,GBP,EMEA,CP0436,EQUITY,TDR0037,BOOK_B,2025-10-22
TXN0002370308,APP008,2025-09-02,reversed,538632.13,AUD,LATAM,CP0325,FX,TDR0147,BOOK_B,2025-06-08
TXN0006259940,APP004,2026-03-27,active,522805.38,USD,EMEA,CP0056,OPTION,TDR0059,BOOK_A,2025-10-29
TXN0000843334,APP018,2025-04-04,failed,752870.47,JPY,APAC,CP0185,EQUITY,TDR0014,BOOK_B,2026-04-01
TXN0008373773,APP015,2025-08-02,settled,645663.8,USD,LATAM,CP0390,FUTURE,TDR0048,BOOK_B,2025-11-08
TXN0004135975,APP008,2025-09-03,failed,208738.34,JPY,APAC,CP0311,SWAP,TDR0002,BOOK_B,2025-02-17
TXN0002511623,APP015,2025-05-06,active,246695.82,AUD,LATAM,CP0422,OPTION,TDR0105,BOOK_A,2025-08-03
TXN0001640149,APP010,2026-01-24,reversed,652358.25,USD,LATAM,CP0476,EQUITY,TDR0036,BOOK_B,2025-06-30
TXN0004749982,APP016,2025-01-26,reversed,993778.51,AUD,EMEA,CP0138,SWAP,TDR0124,BOOK_A,2025-08-06
TXN0008762378,APP019,2025-06-23,active,121524.86,USD,LATAM,CP0416,FX,TDR0065,BOOK_D,2025-03-24
TXN0008522746,APP008,2025-06-06,active,648608.19,JPY,EMEA,CP0319,FX,TDR0064,BOOK_D,2026-03-22
TXN0009812633,APP020,2025-10-02,active,743957.1,CHF,LATAM,CP0424,OPTION,TDR0198,BOOK_B,2025-08-01
TXN0007901734,APP014,2025-10-31,failed,221003.22,AUD,LATAM,CP0250,EQUITY,TDR0050,BOOK_B,2025-04-13
TXN0000217653,APP014,2025-02-20,failed,753243.41,USD,AMER,CP0243,SWAP,TDR0093,BOOK_D,2025-09-26
TXN0009348220,APP012,2025-06-14,failed,53375.34,AUD,EMEA,CP0178,FUTURE,TDR0169,BOOK_D,2026-01-08
TXN0004112916,APP005,2025-11-23,active,822041.29,AUD,AMER,CP0110,BOND,TDR0129,BOOK_A,2025-04-15
TXN0005003938,APP011,2026-02-22,failed,960421.19,AUD,LATAM,CP0171,OPTION,TDR0130,BOOK_A,2026-01-12
TXN0000666214,APP001,2026-02-28,reversed,521693.58,AUD,LATAM,CP0092,EQUITY,TDR0168,BOOK_D,2026-03-03
TXN0003516866,APP002,2025-09-29,settled,205380.21,EUR,LATAM,CP0317,EQUITY,TDR0195,BOOK_B,2025-04-19
TXN0007037019,APP008,2025-01-01,settled,760610.14,GBP,APAC,CP0397,FX,TDR0097,BOOK_C,2026-01-26
TXN0008207367,APP010,2026-04-10,reversed,937607.78,AUD,AMER,CP0009,SWAP,TDR0079,BOOK_A,2025-05-03
TXN0008927018,APP010,2025-08-06,settled,692097.28,GBP,LATAM,CP0438,BOND,TDR0006,BOOK_D,2026-03-22
TXN0007299993,APP020,2026-01-12,pending,547088.22,GBP,LATAM,CP0345,FUTURE,TDR0085,BOOK_C,2025-08-21
TXN0002586928,APP016,2025-01-04,failed,18179.3,AUD,AMER,CP0252,FUTURE,TDR0040,BOOK_A,2026-01-27
TXN0007724195,APP008,2025-03-24,failed,783203.94,USD,APAC,CP0383,FX,TDR0119,BOOK_C,2025-08-19
TXN0006287748,APP020,2025-11-13,active,172461.72,JPY,APAC,CP0385,FUTURE,TDR0044,BOOK_C,2025-06-19
TXN0007541312,APP020,2026-02-24,pending,628738.16,AUD,AMER,CP0368,BOND,TDR0057,BOOK_C,2025-06-10
TXN0009158782,APP009,2025-03-18,reversed,780716.29,GBP,AMER,CP0174,FX,TDR0010,BOOK_D,2025-05-11
TXN0000147699,APP017,2025-03-17,settled,304627.71,USD,APAC,CP0455,FUTURE,TDR0129,BOOK_A,2025-10-02
TXN0005528181,APP013,2025-11-08,pending,980380.86,USD,LATAM,CP0233,BOND,TDR0096,BOOK_C,2026-01-08
TXN0006783746,APP013,2026-03-20,settled,194220.84,JPY,AMER,CP0090,BOND,TDR0119,BOOK_A,2025-09-24
TXN0006723870,APP014,2025-02-26,active,96801.82,CHF,AMER,CP0234,SWAP,TDR0177,BOOK_B,2025-10-22
TXN0008476443,APP002,2025-01-28,reversed,65584.69,USD,LATAM,CP0151,FX,TDR0103,BOOK_C,2025-12-17
TXN0007189807,APP001,2025-02-25,pending,238219.04,AUD,APAC,CP0125,BOND,TDR0041,BOOK_D,2025-11-01
TXN0003307157,APP017,2025-09-11,failed,783580.83,AUD,APAC,CP0419,FUTURE,TDR0091,BOOK_A,2025-07-04
TXN0002639104,APP020,2025-05-05,failed,431168.78,GBP,APAC,CP0061,OPTION,TDR0096,BOOK_B,2025-03-10
TXN0001290598,APP015,2026-01-24,failed,45374.65,AUD,APAC,CP0311,FX,TDR0019,BOOK_A,2025-08-23
TXN0008536103,APP012,2025-05-26,settled,951954.78,GBP,AMER,CP0195,BOND,TDR0070,BOOK_D,2025-08-31
TXN0005558062,APP012,2025-03-02,failed,315050.52,AUD,APAC,CP0420,FX,TDR0187,BOOK_A,2026-03-08
TXN0003251531,APP014,2025-03-05,reversed,744578.1,CHF,APAC,CP0215,FX,TDR0198,BOOK_C,2026-03-28
TXN0004877297,APP017,2025-04-15,settled,161350.7,GBP,LATAM,CP0492,OPTION,TDR0168,BOOK_D,2026-02-11
TXN0005308327,APP018,2026-03-24,pending,838192.26,AUD,AMER,CP0211,FUTURE,TDR0196,BOOK_D,2026-04-06
TXN0009514769,APP015,2025-03-19,active,796019.96,AUD,APAC,CP0159,EQUITY,TDR0060,BOOK_B,2025-11-08
TXN0002691939,APP016,2025-06-14,pending,687727.51,USD,APAC,CP0460,FX,TDR0012,BOOK_D,2025-08-03
TXN0003596614,APP020,2025-01-19,reversed,408864.66,CHF,APAC,CP0090,EQUITY,TDR0154,BOOK_B,2026-02-14
TXN0002667903,APP015,2025-07-18,pending,346530.5,GBP,AMER,CP0369,OPTION,TDR0182,BOOK_C,2026-03-24
TXN0004962400,APP013,2025-10-31,active,395583.2,EUR,LATAM,CP0404,EQUITY,TDR0022,BOOK_A,2025-06-28
TXN0009171364,APP015,2025-08-21,failed,129546.99,JPY,AMER,CP0238,FX,TDR0014,BOOK_C,2025-02-27
TXN0001309387,APP006,2026-02-13,settled,28270.82,JPY,EMEA,CP0077,EQUITY,TDR0034,BOOK_C,2026-04-08
TXN0000965330,APP011,2025-08-26,pending,165821.19,EUR,APAC,CP0481,OPTION,TDR0109,BOOK_B,2025-04-14
TXN0008369975,APP002,2026-01-22,active,766119.3,JPY,EMEA,CP0324,SWAP,TDR0045,BOOK_B,2025-07-24
TXN0000204360,APP004,2025-12-31,failed,14531.16,CHF,LATAM,CP0358,SWAP,TDR0183,BOOK_B,2025-01-03
TXN0005867341,APP001,2025-12-05,active,999990.52,JPY,EMEA,CP0072,BOND,TDR0064,BOOK_B,2026-01-29
TXN0006172777,APP014,2026-01-23,active,894121.47,EUR,APAC,CP0204,SWAP,TDR0052,BOOK_C,2025-10-21
TXN0006122346,APP013,2025-08-11,pending,810253.31,JPY,APAC,CP0314,FUTURE,TDR0160,BOOK_A,2026-01-14
TXN0004000617,APP020,2025-10-30,settled,86142.66,GBP,LATAM,CP0368,FX,TDR0139,BOOK_A,2025-12-07
TXN0008399749,APP010,2025-12-16,active,29079.74,USD,APAC,CP0012,FUTURE,TDR0057,BOOK_A,2025-11-10
TXN0001784012,APP012,2025-02-05,reversed,507656.63,JPY,LATAM,CP0229,EQUITY,TDR0182,BOOK_D,2026-03-04
TXN0006560923,APP001,2025-04-19,settled,684620.2,JPY,LATAM,CP0112,EQUITY,TDR0091,BOOK_B,2025-05-15
TXN0003411009,APP001,2026-01-28,failed,943327.35,GBP,EMEA,CP0210,FUTURE,TDR0200,BOOK_C,2025-11-30
TXN0002299824,APP015,2025-05-19,reversed,995987.8,EUR,APAC,CP0216,EQUITY,TDR0197,BOOK_A,2025-12-26
TXN0008745355,APP004,2025-05-19,settled,821772.17,USD,LATAM,CP0100,EQUITY,TDR0003,BOOK_B,2025-09-27
TXN0009364500,APP006,2025-06-16,pending,948172.03,USD,LATAM,CP0011,FUTURE,TDR0124,BOOK_C,2025-04-08
TXN0005482663,APP012,2025-09-05,pending,377934.59,AUD,APAC,CP0102,FUTURE,TDR0185,BOOK_D,2026-03-12
TXN0005704074,APP003,2025-02-11,reversed,739545.05,JPY,AMER,CP0151,FUTURE,TDR0047,BOOK_C,2025-11-13
TXN0000312456,APP014,2026-02-05,reversed,699534.59,GBP,LATAM,CP0448,EQUITY,TDR0175,BOOK_D,2025-12-10
TXN0004869618,APP018,2025-02-03,pending,196691.71,AUD,EMEA,CP0409,BOND,TDR0076,BOOK_D,2026-02-27
TXN0001979989,APP013,2025-04-11,settled,719324.45,GBP,LATAM,CP0432,BOND,TDR0080,BOOK_B,2025-11-06
TXN0009737502,APP008,2025-04-25,settled,834370.57,GBP,AMER,CP0438,BOND,TDR0193,BOOK_D,2026-04-05
TXN0009113104,APP004,2025-11-28,pending,204103.72,JPY,EMEA,CP0435,FX,TDR0089,BOOK_A,2025-09-29
TXN0000337471,APP016,2025-08-12,settled,864474.25,EUR,LATAM,CP0109,FX,TDR0029,BOOK_C,2025-04-11
TXN0003401753,APP018,2025-04-16,failed,414644.76,USD,AMER,CP0378,OPTION,TDR0169,BOOK_D,2025-10-13
TXN0001299036,APP012,2026-02-27,failed,438902.69,GBP,APAC,CP0395,FX,TDR0001,BOOK_B,2025-04-22
TXN0007557449,APP020,2025-04-01,pending,60313.64,GBP,AMER,CP0090,FX,TDR0086,BOOK_C,2025-12-19
TXN0008391423,APP016,2025-09-17,active,844933.42,CHF,APAC,CP0201,FX,TDR0123,BOOK_B,2026-02-01
TXN0008247628,APP013,2025-02-26,active,413640.21,CHF,LATAM,CP0053,OPTION,TDR0029,BOOK_D,2025-07-18
TXN0003229563,APP005,2026-03-05,pending,203296.76,CHF,EMEA,CP0041,SWAP,TDR0182,BOOK_B,2025-05-05
TXN0007217269,APP011,2026-03-06,active,348731.93,USD,AMER,CP0040,FX,TDR0112,BOOK_C,2025-02-24
TXN0009690094,APP008,2025-06-17,pending,214461.14,USD,EMEA,CP0082,FX,TDR0084,BOOK_C,2025-12-23
TXN0006403782,APP020,2026-01-26,active,537731.41,CHF,AMER,CP0177,BOND,TDR0141,BOOK_B,2026-01-31
TXN0003833374,APP019,2026-03-31,active,495079.29,CHF,LATAM,CP0417,SWAP,TDR0200,BOOK_A,2025-05-22
TXN0001734939,APP007,2025-07-11,failed,59453.84,CHF,AMER,CP0146,FX,TDR0194,BOOK_A,2026-04-13
TXN0005154872,APP012,2025-10-15,failed,942065.89,GBP,AMER,CP0468,EQUITY,TDR0022,BOOK_A,2025-08-01
TXN0009464390,APP007,2025-07-20,pending,496159.28,EUR,APAC,CP0031,EQUITY,TDR0099,BOOK_B,2025-03-13
TXN0003174210,APP003,2025-04-17,failed,304810.87,CHF,APAC,CP0183,OPTION,TDR0141,BOOK_D,2025-01-16
TXN0009694190,APP003,2026-03-26,reversed,499397.64,GBP,AMER,CP0477,SWAP,TDR0151,BOOK_D,2025-08-04
TXN0004161780,APP006,2025-07-20,reversed,855383.95,EUR,LATAM,CP0489,SWAP,TDR0042,BOOK_D,2025-06-26
TXN0002147629,APP005,2026-04-01,settled,506345.33,GBP,APAC,CP0377,FX,TDR0165,BOOK_A,2025-02-09
TXN0009719726,APP001,2025-06-16,settled,451913.42,CHF,EMEA,CP0257,FX,TDR0151,BOOK_C,2025-02-07
TXN0005583381,APP006,2025-10-26,settled,644161.32,USD,APAC,CP0227,OPTION,TDR0153,BOOK_A,2026-02-22
TXN0002348693,APP006,2025-01-19,pending,279023.18,USD,EMEA,CP0070,EQUITY,TDR0033,BOOK_B,2025-07-28
TXN0009852955,APP005,2026-03-17,active,461264.24,JPY,LATAM,CP0192,EQUITY,TDR0046,BOOK_D,2026-01-01
TXN0008897323,APP020,2025-10-26,active,252082.11,AUD,LATAM,CP0095,SWAP,TDR0172,BOOK_A,2025-03-29
TXN0001011798,APP001,2025-06-25,settled,978617.21,AUD,LATAM,CP0374,SWAP,TDR0196,BOOK_C,2026-02-02
TXN0005608327,APP002,2026-03-08,settled,945680.72,JPY,APAC,CP0228,FX,TDR0012,BOOK_C,2026-03-06
TXN0008070954,APP004,2025-08-08,pending,659187.08,GBP,AMER,CP0248,EQUITY,TDR0042,BOOK_A,2025-02-09
TXN0000816573,APP006,2025-06-15,failed,572911.65,CHF,LATAM,CP0388,SWAP,TDR0195,BOOK_B,2025-02-23
TXN0003722565,APP003,2025-01-17,pending,657721.34,USD,LATAM,CP0401,BOND,TDR0074,BOOK_D,2025-12-23
TXN0003387318,APP009,2025-01-03,pending,648815.14,AUD,APAC,CP0384,BOND,TDR0173,BOOK_C,2025-11-14
TXN0006770188,APP014,2025-03-13,failed,238203.37,EUR,LATAM,CP0013,SWAP,TDR0003,BOOK_A,2026-01-11
TXN0005368509,APP018,2025-05-18,active,474187.54,CHF,APAC,CP0223,EQUITY,TDR0167,BOOK_A,2025-03-06
TXN0001732815,APP005,2025-11-13,failed,978739.38,EUR,LATAM,CP0214,FUTURE,TDR0130,BOOK_A,2025-02-11
TXN0001209600,APP009,2026-03-20,failed,257820.04,AUD,APAC,CP0205,SWAP,TDR0103,BOOK_D,2026-03-25
TXN0005570871,APP019,2025-02-22,reversed,666659.37,JPY,EMEA,CP0067,EQUITY,TDR0139,BOOK_D,2025-09-21
TXN0002822707,APP006,2025-08-08,reversed,418479.48,JPY,LATAM,CP0079,FX,TDR0013,BOOK_A,2025-03-02
TXN0004781734,APP003,2025-11-06,settled,709046.13,CHF,APAC,CP0435,FX,TDR0173,BOOK_A,2025-03-15
TXN0009010992,APP002,2025-03-02,reversed,520068.64,AUD,AMER,CP0034,FX,TDR0182,BOOK_A,2025-03-31
TXN0008543758,APP010,2025-05-04,active,996902.81,AUD,EMEA,CP0096,BOND,TDR0053,BOOK_D,2026-02-16
TXN0009010061,APP017,2025-08-18,pending,585583.73,CHF,LATAM,CP0276,FX,TDR0189,BOOK_A,2025-11-25
TXN0001023845,APP017,2025-01-31,settled,620267.23,AUD,AMER,CP0479,FX,TDR0147,BOOK_B,2025-01-24
TXN0000386989,APP008,2025-08-30,pending,374658.14,JPY,AMER,CP0038,EQUITY,TDR0161,BOOK_D,2026-03-06
TXN0007574220,APP003,2025-01-10,settled,340305.37,CHF,APAC,CP0302,FUTURE,TDR0006,BOOK_C,2025-09-19
TXN0009055735,APP017,2025-11-10,reversed,473614.39,GBP,APAC,CP0359,FUTURE,TDR0140,BOOK_B,2025-08-17
TXN0008898471,APP013,2025-04-07,active,158987.19,EUR,LATAM,CP0143,SWAP,TDR0015,BOOK_D,2025-07-27
TXN0002609456,APP017,2025-01-23,failed,544892.54,JPY,APAC,CP0125,FUTURE,TDR0040,BOOK_A,2025-01-16
TXN0002779640,APP016,2025-07-12,failed,46081.35,CHF,AMER,CP0075,FUTURE,TDR0153,BOOK_B,2025-12-30
TXN0000903090,APP002,2026-04-12,active,591521.25,AUD,APAC,CP0256,BOND,TDR0182,BOOK_D,2025-10-13
TXN0005363239,APP011,2026-02-23,failed,356531.68,CHF,AMER,CP0226,FUTURE,TDR0192,BOOK_C,2025-07-12
TXN0003391383,APP007,2025-10-04,active,410593.76,USD,APAC,CP0012,SWAP,TDR0096,BOOK_B,2025-07-23
TXN0002335318,APP016,2026-02-09,active,845641.99,AUD,EMEA,CP0001,BOND,TDR0114,BOOK_D,2026-03-06
TXN0009370229,APP017,2026-01-23,settled,554453.53,JPY,LATAM,CP0336,FX,TDR0135,BOOK_A,2025-03-02
TXN0007194681,APP018,2025-03-27,pending,682797.35,GBP,AMER,CP0344,SWAP,TDR0068,BOOK_B,2025-01-10
TXN0000384495,APP009,2025-06-30,reversed,19791.19,JPY,AMER,CP0195,FX,TDR0110,BOOK_C,2025-12-25
TXN0003031549,APP002,2025-08-26,failed,336403.26,USD,LATAM,CP0225,FUTURE,TDR0199,BOOK_A,2025-10-26
TXN0004298973,APP004,2025-11-26,settled,876488.11,GBP,AMER,CP0331,EQUITY,TDR0156,BOOK_D,2025-06-06
TXN0005940079,APP004,2025-07-19,active,356342.03,USD,LATAM,CP0360,FUTURE,TDR0147,BOOK_B,2026-01-16
TXN0005541503,APP015,2025-07-14,active,437090.12,AUD,EMEA,CP0389,FX,TDR0184,BOOK_A,2025-08-19
TXN0006105419,APP005,2026-01-08,active,424164.57,GBP,AMER,CP0107,BOND,TDR0122,BOOK_D,2025-05-21
TXN0001447152,APP012,2025-10-20,failed,584539.21,USD,LATAM,CP0100,SWAP,TDR0077,BOOK_A,2025-02-26
TXN0003614986,APP009,2025-03-03,active,170912.56,EUR,AMER,CP0454,FX,TDR0124,BOOK_A,2026-04-13
TXN0009820814,APP005,2025-03-16,failed,48320.35,GBP,APAC,CP0136,SWAP,TDR0022,BOOK_D,2025-09-12
TXN0003768978,APP004,2025-06-07,settled,3840.16,AUD,LATAM,CP0239,EQUITY,TDR0053,BOOK_B,2025-09-29
TXN0004409238,APP017,2025-12-28,reversed,650859.11,AUD,EMEA,CP0414,SWAP,TDR0094,BOOK_A,2026-02-04
TXN0005601956,APP013,2025-10-01,failed,817414.62,USD,AMER,CP0367,FX,TDR0030,BOOK_B,2025-09-12
TXN0004635731,APP016,2025-04-23,settled,791162.57,EUR,EMEA,CP0122,BOND,TDR0106,BOOK_D,2025-08-13
TXN0004572576,APP014,2026-02-09,active,764120.97,CHF,EMEA,CP0276,FUTURE,TDR0055,BOOK_C,2025-06-18
TXN0002474028,APP012,2025-06-21,pending,607359.78,GBP,LATAM,CP0062,SWAP,TDR0188,BOOK_C,2025-12-16
TXN0001344039,APP014,2026-02-13,pending,154314.92,EUR,AMER,CP0328,FUTURE,TDR0106,BOOK_C,2025-07-04
TXN0009925295,APP004,2025-04-08,active,299769.94,USD,APAC,CP0281,SWAP,TDR0113,BOOK_C,2025-08-13
TXN0005148323,APP012,2026-02-11,failed,655340.73,AUD,LATAM,CP0278,EQUITY,TDR0163,BOOK_A,2025-11-08
TXN0000630946,APP016,2026-01-24,pending,929503.39,CHF,AMER,CP0352,FUTURE,TDR0051,BOOK_D,2025-09-07
TXN0004416020,APP014,2025-02-13,failed,835486.66,JPY,LATAM,CP0187,FX,TDR0115,BOOK_A,2025-10-15
TXN0000130922,APP017,2025-11-08,reversed,517965.45,AUD,APAC,CP0231,SWAP,TDR0164,BOOK_B,2025-06-16
TXN0009200977,APP013,2025-09-04,active,120542.51,AUD,LATAM,CP0404,FX,TDR0179,BOOK_B,2025-01-30
TXN0000575171,APP004,2025-10-30,failed,524096.86,CHF,EMEA,CP0156,BOND,TDR0028,BOOK_A,2026-03-25
TXN0006848320,APP004,2025-12-02,reversed,705758.39,JPY,AMER,CP0074,FX,TDR0181,BOOK_D,2026-02-02
TXN0007511307,APP014,2025-12-26,pending,940958.97,EUR,AMER,CP0088,FUTURE,TDR0017,BOOK_D,2025-08-26
TXN0000748744,APP015,2025-07-08,failed,925714.95,USD,APAC,CP0447,OPTION,TDR0118,BOOK_D,2025-10-17
TXN0006503384,APP012,2026-03-04,pending,270657.13,USD,EMEA,CP0113,OPTION,TDR0028,BOOK_D,2025-04-18
TXN0007749812,APP020,2026-04-09,reversed,935042.36,USD,EMEA,CP0194,FX,TDR0020,BOOK_D,2025-03-17
TXN0004202196,APP002,2025-04-10,failed,624762.88,JPY,LATAM,CP0193,OPTION,TDR0133,BOOK_A,2025-07-07
TXN0003138637,APP012,2025-10-24,active,304214.17,CHF,EMEA,CP0084,FX,TDR0182,BOOK_A,2025-03-09
TXN0005345936,APP018,2025-09-10,reversed,645214.38,AUD,LATAM,CP0116,FUTURE,TDR0023,BOOK_C,2025-07-26
TXN0001775336,APP020,2025-10-12,active,939146.57,JPY,AMER,CP0372,FUTURE,TDR0180,BOOK_D,2025-05-28
TXN0003315662,APP016,2026-02-04,settled,146292.1,GBP,LATAM,CP0052,FUTURE,TDR0180,BOOK_C,2025-12-23
TXN0008953248,APP019,2025-08-26,active,42331.43,USD,AMER,CP0377,BOND,TDR0037,BOOK_A,2026-02-13
TXN0009247021,APP007,2025-01-23,active,721682.92,GBP,EMEA,CP0447,FX,TDR0019,BOOK_D,2025-12-27
TXN0009475081,APP002,2025-06-12,pending,493554.24,USD,LATAM,CP0338,EQUITY,TDR0159,BOOK_B,2025-03-31
TXN0003611023,APP016,2025-03-29,pending,331984.78,JPY,APAC,CP0242,EQUITY,TDR0185,BOOK_A,2025-08-27
TXN0003397616,APP017,2025-08-07,settled,292445.09,USD,APAC,CP0182,SWAP,TDR0073,BOOK_D,2026-03-14
TXN0009502946,APP005,2026-03-16,pending,236105.54,USD,APAC,CP0359,SWAP,TDR0116,BOOK_D,2025-11-27
TXN0002017758,APP011,2025-05-01,settled,28133.45,USD,APAC,CP0078,BOND,TDR0138,BOOK_A,2025-01-31
TXN0007810914,APP019,2025-02-05,pending,987906.81,CHF,APAC,CP0084,EQUITY,TDR0127,BOOK_D,2025-11-27
TXN0002814504,APP017,2025-07-18,pending,683761.58,CHF,APAC,CP0121,EQUITY,TDR0021,BOOK_D,2026-03-28
TXN0008625041,APP005,2025-12-31,active,490905.08,JPY,EMEA,CP0264,OPTION,TDR0108,BOOK_D,2025-06-26
TXN0002029941,APP019,2025-07-07,failed,762561.21,JPY,LATAM,CP0241,BOND,TDR0106,BOOK_A,2025-12-24
TXN0006222272,APP016,2025-02-18,reversed,216780.14,EUR,APAC,CP0131,BOND,TDR0195,BOOK_A,2026-03-17
TXN0007796109,APP013,2025-02-12,pending,433857.58,JPY,AMER,CP0001,SWAP,TDR0067,BOOK_A,2025-04-08
TXN0008400214,APP010,2025-11-03,failed,709399.74,EUR,APAC,CP0207,SWAP,TDR0008,BOOK_A,2026-01-14
TXN0003297991,APP007,2025-04-24,failed,123624.3,USD,APAC,CP0462,BOND,TDR0034,BOOK_A,2025-02-08
TXN0005854161,APP014,2026-01-05,reversed,359178.21,JPY,LATAM,CP0442,SWAP,TDR0103,BOOK_D,2026-03-03
TXN0004863085,APP003,2025-03-13,settled,408853.39,CHF,LATAM,CP0354,BOND,TDR0126,BOOK_D,2025-08-24
TXN0001929873,APP020,2025-07-17,settled,794700.13,JPY,AMER,CP0428,BOND,TDR0196,BOOK_C,2025-09-04
TXN0002125690,APP010,2025-01-07,active,259433.19,CHF,AMER,CP0341,FX,TDR0072,BOOK_B,2026-03-11
TXN0001297749,APP010,2025-05-25,reversed,294415.38,CHF,EMEA,CP0384,FX,TDR0023,BOOK_D,2025-11-09
TXN0008513238,APP003,2025-02-25,active,342271.87,GBP,AMER,CP0089,SWAP,TDR0069,BOOK_D,2025-12-25
TXN0007774710,APP002,2025-11-24,pending,182036.94,CHF,EMEA,CP0157,BOND,TDR0064,BOOK_A,2025-01-13
TXN0007644049,APP009,2026-01-14,active,977536.57,AUD,EMEA,CP0461,EQUITY,TDR0155,BOOK_A,2025-08-21
TXN0001044597,APP003,2026-02-27,failed,910794.4,AUD,APAC,CP0408,FUTURE,TDR0078,BOOK_A,2025-11-15
TXN0005905267,APP007,2025-10-29,active,477421.8,GBP,LATAM,CP0234,SWAP,TDR0111,BOOK_B,2025-06-15
TXN0006673035,APP014,2025-08-28,settled,736616.3,JPY,AMER,CP0466,FUTURE,TDR0026,BOOK_D,2026-01-09
TXN0001868167,APP015,2025-04-01,pending,238692.08,AUD,APAC,CP0143,FUTURE,TDR0192,BOOK_C,2025-07-17
TXN0007940384,APP020,2026-04-12,pending,353696.53,JPY,AMER,CP0160,OPTION,TDR0111,BOOK_C,2025-05-30
TXN0001215661,APP010,2025-12-12,reversed,854268.9,JPY,AMER,CP0290,FX,TDR0198,BOOK_B,2026-04-05
TXN0008472274,APP011,2026-03-11,reversed,2278.92,USD,EMEA,CP0340,BOND,TDR0056,BOOK_C,2025-09-27
TXN0007251237,APP009,2025-04-04,settled,716318.29,JPY,AMER,CP0069,EQUITY,TDR0121,BOOK_D,2025-03-06
TXN0003567334,APP020,2025-07-04,failed,264749.05,AUD,AMER,CP0242,FUTURE,TDR0031,BOOK_C,2026-03-06
TXN0005788930,APP008,2025-07-09,settled,475791.72,AUD,EMEA,CP0134,SWAP,TDR0159,BOOK_B,2026-03-25
TXN0001368871,APP016,2025-12-10,pending,284367.66,CHF,APAC,CP0452,EQUITY,TDR0007,BOOK_D,2025-01-23
TXN0000478395,APP008,2026-01-10,settled,8049.08,EUR,APAC,CP0420,FX,TDR0168,BOOK_B,2025-09-10
TXN0009493244,APP019,2026-03-19,failed,35445.27,AUD,AMER,CP0344,FUTURE,TDR0145,BOOK_D,2025-01-28
TXN0001288622,APP004,2025-03-01,pending,674288.43,CHF,EMEA,CP0177,FX,TDR0090,BOOK_D,2025-12-24
TXN0009509828,APP001,2025-07-15,failed,722550.64,USD,EMEA,CP0094,OPTION,TDR0101,BOOK_C,2025-04-23
TXN0000951504,APP006,2025-08-01,settled,601425.64,AUD,LATAM,CP0447,FUTURE,TDR0034,BOOK_A,2025-02-23
TXN0004868256,APP005,2026-03-02,active,674497.43,EUR,EMEA,CP0318,OPTION,TDR0187,BOOK_A,2025-04-23
TXN0005820579,APP007,2025-10-20,settled,408507.11,AUD,LATAM,CP0464,FX,TDR0027,BOOK_D,2025-06-03
TXN0005713075,APP003,2025-09-06,failed,888995.07,GBP,EMEA,CP0328,FX,TDR0019,BOOK_C,2025-05-16
TXN0006854484,APP005,2025-08-01,settled,275551.42,JPY,APAC,CP0440,FX,TDR0165,BOOK_C,2025-05-04
TXN0005759265,APP015,2026-02-10,failed,280516.97,CHF,EMEA,CP0220,SWAP,TDR0002,BOOK_D,2025-10-30
TXN0004487060,APP002,2025-04-27,pending,142401.09,USD,LATAM,CP0341,FX,TDR0001,BOOK_D,2025-04-01
TXN0005318796,APP016,2025-04-17,reversed,503504.31,GBP,EMEA,CP0169,EQUITY,TDR0191,BOOK_B,2025-11-02
TXN0001718071,APP008,2025-07-03,settled,913418.14,EUR,APAC,CP0242,FUTURE,TDR0196,BOOK_B,2025-11-03
TXN0008411757,APP002,2025-11-18,failed,309943.62,USD,APAC,CP0430,OPTION,TDR0183,BOOK_B,2025-05-02
TXN0001536570,APP013,2025-01-31,settled,240807.1,USD,AMER,CP0230,FX,TDR0006,BOOK_B,2025-04-19
TXN0004668665,APP006,2026-03-07,settled,909079.4,JPY,APAC,CP0342,BOND,TDR0123,BOOK_A,2025-02-12
TXN0006869466,APP001,2025-12-26,pending,778862.66,JPY,APAC,CP0255,FUTURE,TDR0031,BOOK_C,2025-01-02
TXN0000074364,APP020,2025-11-11,reversed,594726.17,GBP,EMEA,CP0485,OPTION,TDR0135,BOOK_D,2026-01-14
TXN0009425782,APP015,2026-04-02,reversed,35200.58,AUD,AMER,CP0058,OPTION,TDR0184,BOOK_B,2025-12-21
TXN0002550008,APP002,2025-03-22,failed,601594.83,AUD,AMER,CP0304,FX,TDR0173,BOOK_D,2025-03-11
TXN0009583626,APP016,2025-11-01,pending,213073.7,AUD,LATAM,CP0396,FX,TDR0024,BOOK_C,2026-03-04
TXN0000910137,APP011,2025-07-31,failed,661150.89,GBP,APAC,CP0242,BOND,TDR0132,BOOK_C,2025-09-05
TXN0006199106,APP007,2025-03-28,settled,998660.74,AUD,AMER,CP0114,SWAP,TDR0182,BOOK_B,2025-03-18
TXN0001152953,APP001,2025-03-17,failed,834593.16,JPY,LATAM,CP0337,EQUITY,TDR0147,BOOK_A,2025-05-02
TXN0003836602,APP002,2026-04-02,active,592853.3,JPY,APAC,CP0478,SWAP,TDR0036,BOOK_A,2025-12-28
TXN0002377483,APP001,2025-06-06,settled,99217.55,CHF,EMEA,CP0379,FX,TDR0024,BOOK_D,2026-03-08
TXN0002682341,APP019,2025-09-05,failed,635063.02,GBP,LATAM,CP0073,FUTURE,TDR0036,BOOK_D,2026-01-25
TXN0000566399,APP019,2025-07-29,pending,685885.28,JPY,LATAM,CP0065,BOND,TDR0012,BOOK_B,2026-02-24
TXN0009969397,APP013,2026-02-21,reversed,120037.23,USD,AMER,CP0406,SWAP,TDR0080,BOOK_D,2026-02-17
TXN0008150906,APP013,2025-02-26,reversed,625545.64,JPY,APAC,CP0220,BOND,TDR0115,BOOK_C,2026-04-08
TXN0007924711,APP002,2025-11-27,settled,448768.45,CHF,EMEA,CP0420,FX,TDR0126,BOOK_D,2025-04-24
TXN0008745376,APP009,2025-03-27,reversed,694796.74,EUR,EMEA,CP0364,SWAP,TDR0186,BOOK_B,2025-03-12
TXN0004780937,APP011,2026-01-25,settled,185359.56,CHF,AMER,CP0022,EQUITY,TDR0025,BOOK_A,2025-12-11
TXN0002815954,APP015,2025-01-18,reversed,701848.32,EUR,AMER,CP0412,SWAP,TDR0056,BOOK_A,2025-03-13
TXN0005521194,APP016,2025-04-04,reversed,429472.33,CHF,AMER,CP0029,EQUITY,TDR0063,BOOK_C,2026-03-12
TXN0003049744,APP020,2025-01-01,pending,545402.83,AUD,EMEA,CP0102,FUTURE,TDR0185,BOOK_A,2025-03-02
TXN0003127149,APP001,2025-07-11,settled,959304.75,AUD,APAC,CP0390,OPTION,TDR0143,BOOK_A,2026-03-15
TXN0000080124,APP007,2026-01-10,active,311673.81,USD,AMER,CP0368,OPTION,TDR0090,BOOK_C,2025-01-03
TXN0001584017,APP001,2025-06-30,active,278043.25,GBP,LATAM,CP0108,FX,TDR0159,BOOK_D,2025-03-03
TXN0000408369,APP020,2025-04-25,pending,120637.18,AUD,APAC,CP0475,BOND,TDR0051,BOOK_C,2025-12-27
TXN0006051378,APP017,2025-11-04,settled,754251.53,AUD,LATAM,CP0359,FUTURE,TDR0178,BOOK_A,2025-10-13
TXN0008828675,APP020,2025-09-04,settled,417053.01,JPY,LATAM,CP0115,BOND,TDR0172,BOOK_A,2025-04-22
TXN0006620646,APP012,2025-01-21,failed,576673.59,AUD,APAC,CP0084,FUTURE,TDR0182,BOOK_A,2026-02-19
TXN0008300562,APP014,2025-07-01,failed,246764.48,AUD,AMER,CP0382,SWAP,TDR0106,BOOK_D,2025-10-10
TXN0002622076,APP014,2025-09-11,active,296316.07,JPY,APAC,CP0057,FX,TDR0161,BOOK_B,2026-02-21
TXN0005787626,APP009,2026-02-01,pending,141607.64,JPY,LATAM,CP0343,FX,TDR0095,BOOK_D,2026-03-17
TXN0009143122,APP010,2026-02-26,failed,871704.59,AUD,AMER,CP0097,BOND,TDR0102,BOOK_B,2025-10-03
TXN0001630177,APP020,2025-05-14,active,913429.27,AUD,LATAM,CP0317,OPTION,TDR0020,BOOK_C,2025-06-29
TXN0008903044,APP010,2025-07-05,pending,448930.19,AUD,EMEA,CP0143,SWAP,TDR0106,BOOK_C,2025-06-15
TXN0001295329,APP018,2026-04-08,settled,179703.67,AUD,AMER,CP0350,SWAP,TDR0164,BOOK_C,2025-08-26
TXN0006816292,APP016,2025-01-10,failed,254008.35,EUR,EMEA,CP0460,FUTURE,TDR0141,BOOK_B,2025-08-21
TXN0002332544,APP009,2025-03-06,settled,330966.1,GBP,AMER,CP0189,BOND,TDR0002,BOOK_B,2025-11-05
TXN0006265025,APP016,2025-11-29,settled,631084.9,USD,LATAM,CP0487,OPTION,TDR0070,BOOK_C,2025-10-20
TXN0004856818,APP020,2025-02-27,reversed,495895.12,AUD,AMER,CP0391,OPTION,TDR0127,BOOK_B,2025-04-05
TXN0000851710,APP013,2025-12-01,failed,315292.58,USD,EMEA,CP0416,SWAP,TDR0126,BOOK_C,2025-06-17
TXN0007798166,APP005,2026-01-16,settled,862004.68,AUD,APAC,CP0284,FX,TDR0193,BOOK_A,2025-02-02
TXN0000488911,APP002,2025-01-27,reversed,72157.68,AUD,EMEA,CP0424,SWAP,TDR0021,BOOK_C,2025-11-10
TXN0001518578,APP007,2025-10-08,active,402792.09,EUR,AMER,CP0190,SWAP,TDR0049,BOOK_A,2026-02-11
TXN0001986371,APP017,2025-09-09,settled,627547.47,EUR,APAC,CP0247,EQUITY,TDR0075,BOOK_C,2025-04-27
TXN0004570288,APP019,2025-09-16,pending,302607.87,JPY,EMEA,CP0486,OPTION,TDR0102,BOOK_C,2025-05-27
TXN0000281158,APP013,2026-03-22,pending,6517.1,USD,EMEA,CP0187,OPTION,TDR0015,BOOK_A,2025-09-29
TXN0008216591,APP001,2025-03-25,active,937365.06,EUR,EMEA,CP0141,BOND,TDR0099,BOOK_A,2025-07-31
TXN0009883024,APP016,2026-03-01,active,456277.4,AUD,APAC,CP0261,SWAP,TDR0020,BOOK_C,2025-03-26
TXN0001074431,APP018,2025-09-03,failed,801745.45,JPY,LATAM,CP0103,FUTURE,TDR0195,BOOK_B,2025-10-21
TXN0003226539,APP017,2025-03-01,failed,788137.32,USD,AMER,CP0328,FX,TDR0127,BOOK_D,2025-03-03
TXN0003199757,APP007,2025-12-27,failed,277692.64,GBP,AMER,CP0278,FUTURE,TDR0169,BOOK_A,2025-12-14
TXN0008613515,APP010,2026-02-08,active,819127.77,GBP,EMEA,CP0420,BOND,TDR0199,BOOK_D,2025-07-23
TXN0003840313,APP004,2025-11-13,active,663373.87,CHF,LATAM,CP0241,FX,TDR0070,BOOK_C,2026-01-29
TXN0006402581,APP016,2025-06-01,reversed,540312.69,GBP,LATAM,CP0050,BOND,TDR0098,BOOK_B,2025-09-08
TXN0008866492,APP014,2025-08-03,reversed,607487.44,EUR,EMEA,CP0310,BOND,TDR0051,BOOK_A,2025-06-14
TXN0003664442,APP003,2026-01-02,settled,994096.3,EUR,AMER,CP0031,FX,TDR0109,BOOK_B,2026-01-09
TXN0008170392,APP005,2025-01-28,reversed,204376.65,JPY,APAC,CP0206,BOND,TDR0051,BOOK_A,2025-06-08
TXN0009419539,APP019,2025-10-29,settled,342237.27,CHF,APAC,CP0447,FX,TDR0046,BOOK_A,2025-02-10
TXN0004574287,APP012,2025-12-11,reversed,586895.35,EUR,LATAM,CP0416,FUTURE,TDR0167,BOOK_B,2026-02-02
TXN0009403218,APP003,2025-05-30,reversed,672623.73,JPY,APAC,CP0108,BOND,TDR0061,BOOK_C,2025-12-16
TXN0009267477,APP016,2025-07-30,failed,276820.8,USD,LATAM,CP0094,FX,TDR0161,BOOK_A,2026-03-11
TXN0002327703,APP008,2025-11-14,failed,379086.09,USD,EMEA,CP0076,OPTION,TDR0087,BOOK_B,2025-06-19
TXN0009518076,APP003,2026-03-31,failed,840388.75,USD,APAC,CP0473,FUTURE,TDR0177,BOOK_A,2025-03-28
TXN0003080329,APP008,2026-02-09,failed,50836.49,CHF,APAC,CP0241,FUTURE,TDR0143,BOOK_B,2025-06-05
TXN0003336272,APP019,2025-03-30,pending,191881.14,CHF,LATAM,CP0260,EQUITY,TDR0022,BOOK_D,2025-04-03
TXN0002782521,APP018,2026-01-24,pending,754581.59,JPY,AMER,CP0437,SWAP,TDR0084,BOOK_B,2025-11-25
TXN0007793209,APP006,2025-03-30,pending,600070.24,USD,APAC,CP0131,SWAP,TDR0134,BOOK_D,2025-08-28
TXN0007691758,APP010,2025-02-18,settled,502289.14,EUR,LATAM,CP0275,FX,TDR0062,BOOK_D,2026-01-06
TXN0000725487,APP014,2025-12-15,failed,191338.07,AUD,LATAM,CP0367,OPTION,TDR0185,BOOK_B,2026-02-03
TXN0003271872,APP007,2026-03-15,settled,867807.35,AUD,EMEA,CP0193,FUTURE,TDR0177,BOOK_A,2025-08-30
TXN0007085042,APP009,2025-02-28,settled,857732.37,CHF,EMEA,CP0387,FUTURE,TDR0068,BOOK_B,2025-10-10
TXN0008819480,APP005,2026-03-28,reversed,873843.49,CHF,AMER,CP0373,FX,TDR0129,BOOK_A,2025-06-14
TXN0006156007,APP012,2025-09-13,pending,100870.96,EUR,APAC,CP0214,FX,TDR0054,BOOK_B,2025-09-21
TXN0001385065,APP010,2025-04-30,pending,936993.72,AUD,AMER,CP0171,OPTION,TDR0085,BOOK_D,2025-11-13
TXN0007533757,APP014,2025-03-09,failed,735919.49,EUR,APAC,CP0060,FX,TDR0107,BOOK_C,2026-01-27
TXN0008543477,APP017,2025-10-01,settled,698788.55,GBP,AMER,CP0175,FX,TDR0024,BOOK_C,2026-01-14
TXN0002663794,APP019,2025-05-14,pending,815080.26,CHF,EMEA,CP0407,EQUITY,TDR0163,BOOK_D,2025-06-22
TXN0004581950,APP015,2025-08-30,pending,203129.65,USD,APAC,CP0088,FUTURE,TDR0193,BOOK_D,2025-11-05
TXN0002641848,APP010,2026-03-07,reversed,692494.28,JPY,EMEA,CP0436,SWAP,TDR0165,BOOK_B,2025-08-29
TXN0009169624,APP001,2025-06-11,settled,278325.08,GBP,AMER,CP0126,EQUITY,TDR0141,BOOK_B,2025-06-21
TXN0008782367,APP002,2025-01-08,active,860591.04,GBP,LATAM,CP0002,FUTURE,TDR0114,BOOK_C,2025-04-06
TXN0001524144,APP002,2026-01-07,failed,750227.33,GBP,AMER,CP0058,OPTION,TDR0002,BOOK_A,2025-06-11
TXN0009701369,APP006,2025-06-01,settled,988393.05,GBP,AMER,CP0304,FUTURE,TDR0140,BOOK_A,2025-06-07
TXN0002424100,APP015,2025-07-10,settled,583115.15,GBP,APAC,CP0286,FUTURE,TDR0193,BOOK_D,2025-01-26
TXN0001023399,APP002,2026-03-16,active,494651.54,USD,AMER,CP0141,EQUITY,TDR0056,BOOK_C,2025-09-05
TXN0008196256,APP010,2026-01-08,active,13657.01,EUR,APAC,CP0111,OPTION,TDR0154,BOOK_D,2025-01-18
TXN0004370154,APP018,2025-03-24,active,276282.2,JPY,LATAM,CP0464,BOND,TDR0184,BOOK_D,2026-03-19
TXN0007464368,APP005,2025-12-21,active,4839.99,CHF,LATAM,CP0281,FX,TDR0155,BOOK_D,2025-11-01
TXN0001496908,APP004,2026-03-01,active,496621.4,EUR,AMER,CP0261,BOND,TDR0102,BOOK_C,2025-01-10
TXN0001618439,APP010,2025-08-14,reversed,252990.43,GBP,APAC,CP0143,BOND,TDR0036,BOOK_C,2025-04-30
TXN0001377484,APP002,2025-01-17,failed,593270.12,CHF,AMER,CP0426,FX,TDR0030,BOOK_C,2025-10-15
TXN0002883917,APP012,2025-12-02,failed,686827.69,EUR,AMER,CP0417,FX,TDR0021,BOOK_B,2025-04-04
TXN0007082666,APP015,2025-05-19,failed,130675.41,JPY,EMEA,CP0280,FUTURE,TDR0047,BOOK_C,2025-12-04
TXN0006919835,APP012,2025-07-12,reversed,749857.03,CHF,EMEA,CP0062,EQUITY,TDR0082,BOOK_B,2025-05-22
TXN0005699969,APP010,2026-02-19,reversed,896339.6,GBP,AMER,CP0345,BOND,TDR0084,BOOK_C,2025-07-15
TXN0001853255,APP020,2025-12-28,active,654035.23,CHF,APAC,CP0235,BOND,TDR0182,BOOK_D,2025-08-04
TXN0002731605,APP008,2025-12-19,settled,423373.83,AUD,APAC,CP0453,SWAP,TDR0089,BOOK_B,2025-03-10
TXN0002423525,APP015,2025-06-13,failed,896525.92,CHF,APAC,CP0265,FUTURE,TDR0081,BOOK_B,2025-01-21
TXN0005160551,APP019,2025-10-23,failed,256748.94,USD,EMEA,CP0254,FX,TDR0024,BOOK_C,2026-04-04
TXN0000408467,APP002,2025-02-17,reversed,653409.33,USD,AMER,CP0213,FX,TDR0133,BOOK_D,2025-11-18
TXN0003417842,APP009,2025-03-28,pending,673348.21,JPY,APAC,CP0476,EQUITY,TDR0102,BOOK_C,2025-09-21
TXN0004736324,APP012,2025-05-14,active,181512.01,EUR,EMEA,CP0241,FX,TDR0176,BOOK_B,2025-09-18
TXN0008797010,APP019,2025-04-19,failed,466658.99,JPY,APAC,CP0166,SWAP,TDR0068,BOOK_D,2026-04-06
TXN0007627194,APP014,2025-07-29,reversed,228934.42,AUD,APAC,CP0085,FUTURE,TDR0062,BOOK_C,2025-05-09
TXN0004785809,APP013,2025-03-29,active,192166.4,JPY,APAC,CP0343,SWAP,TDR0126,BOOK_C,2025-04-27
TXN0001055386,APP003,2025-04-13,pending,984971.25,CHF,AMER,CP0019,FX,TDR0126,BOOK_D,2025-05-05
TXN0000871649,APP012,2026-01-02,pending,445996.79,AUD,APAC,CP0217,OPTION,TDR0067,BOOK_A,2025-06-20
TXN0005557715,APP006,2025-08-24,failed,78679.64,EUR,EMEA,CP0338,FX,TDR0177,BOOK_D,2025-05-17
TXN0002738331,APP004,2025-08-17,failed,206971.15,USD,EMEA,CP0430,BOND,TDR0160,BOOK_A,2025-12-10
TXN0006805917,APP011,2026-02-23,reversed,37326.78,GBP,AMER,CP0390,FX,TDR0162,BOOK_C,2026-02-01
TXN0006845299,APP007,2025-04-15,active,614412.72,USD,LATAM,CP0054,EQUITY,TDR0144,BOOK_A,2025-04-30
TXN0007633853,APP013,2026-03-26,pending,37769.94,USD,LATAM,CP0202,OPTION,TDR0117,BOOK_B,2025-08-24
TXN0004407622,APP017,2025-04-05,active,689992.8,JPY,APAC,CP0309,OPTION,TDR0147,BOOK_B,2025-07-13
TXN0000703302,APP010,2025-12-21,pending,365908.42,GBP,AMER,CP0044,FX,TDR0192,BOOK_B,2025-01-03
TXN0003512159,APP010,2025-05-08,active,701074.59,AUD,LATAM,CP0176,OPTION,TDR0010,BOOK_C,2025-10-20
TXN0002241899,APP014,2025-10-12,failed,645126.47,EUR,LATAM,CP0115,FX,TDR0133,BOOK_B,2025-09-26
TXN0009128040,APP004,2025-05-10,failed,562967.93,GBP,APAC,CP0193,EQUITY,TDR0115,BOOK_C,2025-01-07
TXN0001873695,APP013,2025-02-12,pending,202966.94,EUR,APAC,CP0338,EQUITY,TDR0129,BOOK_A,2026-02-12
TXN0002446644,APP017,2025-07-14,pending,903097.35,AUD,EMEA,CP0200,BOND,TDR0097,BOOK_B,2025-08-08
TXN0002727751,APP014,2025-03-16,reversed,138972.94,AUD,APAC,CP0372,SWAP,TDR0129,BOOK_B,2026-01-22
TXN0000782845,APP009,2026-01-08,reversed,231953.71,AUD,EMEA,CP0265,FUTURE,TDR0182,BOOK_A,2025-08-09
TXN0004959455,APP015,2026-01-05,pending,758358.11,AUD,EMEA,CP0059,EQUITY,TDR0060,BOOK_C,2026-01-07
TXN0002359533,APP017,2025-12-19,failed,199144.51,EUR,AMER,CP0179,SWAP,TDR0011,BOOK_C,2025-09-04
TXN0005811926,APP007,2025-01-10,reversed,837673.09,GBP,LATAM,CP0038,FUTURE,TDR0094,BOOK_D,2025-03-19
TXN0008343904,APP004,2025-11-16,reversed,720295.84,JPY,APAC,CP0306,FX,TDR0016,BOOK_C,2025-12-06
TXN0004035459,APP002,2025-07-31,pending,548341.47,EUR,AMER,CP0052,FUTURE,TDR0022,BOOK_C,2025-12-20
TXN0000250894,APP015,2025-01-03,active,84084.17,CHF,LATAM,CP0102,FUTURE,TDR0021,BOOK_A,2025-03-12
TXN0003500086,APP020,2025-10-10,active,53259.72,EUR,APAC,CP0324,OPTION,TDR0081,BOOK_B,2025-06-03
TXN0005930171,APP014,2026-03-14,settled,438636.37,CHF,EMEA,CP0041,SWAP,TDR0061,BOOK_C,2025-03-06
TXN0006280374,APP015,2025-05-31,failed,257987.46,GBP,LATAM,CP0087,BOND,TDR0197,BOOK_C,2026-02-05
TXN0005778018,APP007,2025-09-05,settled,901496.55,JPY,AMER,CP0024,EQUITY,TDR0061,BOOK_C,2026-04-05
TXN0003789379,APP003,2025-05-11,active,193453.35,JPY,EMEA,CP0210,FUTURE,TDR0122,BOOK_D,2025-08-11
TXN0009780664,APP003,2025-05-24,failed,202801.63,USD,AMER,CP0171,SWAP,TDR0098,BOOK_B,2025-11-16
TXN0001885991,APP010,2025-06-05,failed,900110.39,AUD,LATAM,CP0006,FUTURE,TDR0025,BOOK_A,2026-03-24
TXN0000380226,APP011,2025-11-21,reversed,163037.41,GBP,EMEA,CP0375,SWAP,TDR0015,BOOK_D,2025-01-27
TXN0009050404,APP003,2025-10-15,active,827932.44,AUD,EMEA,CP0357,SWAP,TDR0020,BOOK_A,2026-03-03
TXN0002863964,APP015,2026-02-18,failed,655961.05,CHF,EMEA,CP0050,SWAP,TDR0142,BOOK_C,2025-07-14
TXN0004852222,APP018,2026-02-27,settled,413975.92,JPY,LATAM,CP0197,SWAP,TDR0037,BOOK_C,2025-07-17
TXN0009806375,APP001,2025-09-11,pending,252536.13,USD,EMEA,CP0139,BOND,TDR0062,BOOK_D,2025-07-15
TXN0000366232,APP019,2025-06-18,pending,691343.86,AUD,APAC,CP0281,BOND,TDR0135,BOOK_C,2025-09-06
TXN0003189514,APP016,2025-01-07,pending,931870.22,GBP,APAC,CP0040,SWAP,TDR0109,BOOK_A,2025-05-08
TXN0007318840,APP015,2025-12-12,pending,258816.66,EUR,EMEA,CP0404,FX,TDR0197,BOOK_A,2025-05-02
TXN0007009560,APP017,2025-06-01,active,344181.54,JPY,AMER,CP0089,FX,TDR0091,BOOK_C,2025-02-07
TXN0000057942,APP003,2026-03-26,settled,567469.85,AUD,EMEA,CP0208,EQUITY,TDR0112,BOOK_A,2025-05-15
TXN0005229582,APP015,2025-03-08,pending,138164.05,JPY,AMER,CP0492,FUTURE,TDR0100,BOOK_D,2025-02-13
TXN0001839908,APP015,2025-11-21,pending,410086.33,CHF,AMER,CP0319,FUTURE,TDR0013,BOOK_D,2025-04-15
TXN0001772874,APP001,2025-09-22,pending,588225.47,GBP,APAC,CP0205,EQUITY,TDR0171,BOOK_D,2025-09-09
TXN0007430296,APP019,2025-10-15,pending,148209.77,AUD,AMER,CP0130,FUTURE,TDR0166,BOOK_D,2025-09-01
TXN0000052602,APP010,2025-01-01,settled,369425.46,AUD,AMER,CP0447,OPTION,TDR0070,BOOK_D,2025-08-01
TXN0005350430,APP018,2025-06-28,pending,521305.68,AUD,EMEA,CP0109,FUTURE,TDR0135,BOOK_B,2025-07-28
TXN0003459051,APP007,2026-04-11,settled,144162.65,USD,APAC,CP0100,SWAP,TDR0197,BOOK_B,2026-01-30
TXN0000205817,APP001,2025-03-30,active,764007.98,GBP,LATAM,CP0243,SWAP,TDR0157,BOOK_B,2026-01-05
TXN0002895719,APP011,2025-05-26,failed,621507.79,CHF,EMEA,CP0291,EQUITY,TDR0048,BOOK_B,2025-02-11
TXN0002304534,APP001,2025-11-04,active,905814.96,AUD,EMEA,CP0258,EQUITY,TDR0116,BOOK_D,2025-08-25
TXN0004821648,APP012,2025-09-27,pending,681375.64,CHF,APAC,CP0023,EQUITY,TDR0158,BOOK_D,2025-05-22
TXN0003999490,APP007,2025-06-01,reversed,270454.48,EUR,EMEA,CP0107,OPTION,TDR0154,BOOK_C,2026-01-22
TXN0001680781,APP013,2025-05-21,settled,834524.37,GBP,APAC,CP0451,BOND,TDR0107,BOOK_D,2025-01-01
TXN0001062591,APP016,2026-03-03,reversed,474368.86,USD,APAC,CP0235,BOND,TDR0162,BOOK_A,2026-03-14
TXN0004201728,APP001,2025-12-28,settled,894126.46,JPY,AMER,CP0055,OPTION,TDR0136,BOOK_D,2025-12-19
TXN0006619603,APP013,2025-12-25,pending,389869.94,JPY,AMER,CP0367,FUTURE,TDR0164,BOOK_D,2025-05-11
TXN0008606986,APP015,2025-05-26,settled,630776.88,GBP,APAC,CP0475,EQUITY,TDR0143,BOOK_B,2025-11-20
TXN0001532761,APP020,2025-07-11,failed,762033.2,CHF,EMEA,CP0031,FX,TDR0069,BOOK_C,2025-10-17
TXN0006968825,APP020,2025-06-26,failed,841233.56,USD,LATAM,CP0198,EQUITY,TDR0094,BOOK_C,2025-04-17
TXN0003730925,APP001,2025-05-29,failed,465787.77,EUR,AMER,CP0085,SWAP,TDR0045,BOOK_B,2025-07-23
TXN0000827645,APP019,2025-05-18,active,870574.96,JPY,LATAM,CP0119,EQUITY,TDR0184,BOOK_A,2025-01-14
TXN0008822004,APP012,2025-05-04,active,32652.08,EUR,APAC,CP0424,EQUITY,TDR0155,BOOK_D,2026-01-05
TXN0008601065,APP015,2025-06-19,active,509743.15,GBP,APAC,CP0121,EQUITY,TDR0181,BOOK_C,2025-07-13
TXN0004230909,APP012,2025-04-17,failed,12109.03,USD,EMEA,CP0140,FX,TDR0190,BOOK_D,2025-02-07
TXN0007671815,APP002,2025-07-29,reversed,640396.14,JPY,AMER,CP0428,BOND,TDR0156,BOOK_A,2026-01-24
TXN0002410910,APP010,2025-05-08,settled,707056.72,JPY,LATAM,CP0043,EQUITY,TDR0166,BOOK_B,2025-08-16
TXN0002941994,APP020,2025-06-08,settled,961338.27,CHF,AMER,CP0304,SWAP,TDR0120,BOOK_C,2026-01-14
TXN0005147671,APP002,2025-08-09,active,180709.87,GBP,APAC,CP0072,BOND,TDR0101,BOOK_A,2025-08-20
TXN0002772566,APP019,2025-11-26,settled,146353.42,AUD,AMER,CP0242,FX,TDR0121,BOOK_A,2025-01-24
TXN0001350360,APP016,2025-01-11,reversed,470873.23,AUD,APAC,CP0133,EQUITY,TDR0064,BOOK_D,2025-09-17
TXN0009984513,APP011,2025-05-03,failed,877003.33,USD,APAC,CP0042,SWAP,TDR0167,BOOK_B,2025-04-09
TXN0006522548,APP014,2025-11-25,failed,351490.91,USD,LATAM,CP0114,BOND,TDR0038,BOOK_A,2025-12-01
TXN0007501587,APP008,2026-03-10,pending,318111.76,USD,LATAM,CP0362,OPTION,TDR0172,BOOK_D,2025-04-17
TXN0000980348,APP009,2025-07-03,settled,918344.02,AUD,AMER,CP0174,SWAP,TDR0065,BOOK_B,2025-04-11
TXN0007552450,APP005,2026-03-24,pending,365542.63,USD,LATAM,CP0418,SWAP,TDR0067,BOOK_D,2025-06-20
TXN0003978321,APP001,2025-08-27,reversed,393766.44,CHF,LATAM,CP0104,EQUITY,TDR0171,BOOK_B,2025-07-29
TXN0001771524,APP004,2025-05-01,settled,769021.19,AUD,EMEA,CP0114,BOND,TDR0055,BOOK_C,2025-06-11
TXN0000188393,APP003,2025-11-29,reversed,708384.46,CHF,AMER,CP0024,EQUITY,TDR0010,BOOK_A,2025-08-04
TXN0005173529,APP006,2025-08-09,reversed,108369.11,EUR,AMER,CP0232,BOND,TDR0053,BOOK_B,2026-04-07
TXN0000369379,APP016,2025-04-22,active,183761.87,AUD,EMEA,CP0130,BOND,TDR0199,BOOK_A,2026-01-09
TXN0001886712,APP016,2026-02-17,failed,81815.25,CHF,APAC,CP0090,FUTURE,TDR0007,BOOK_B,2025-11-04
TXN0004354228,APP015,2025-02-13,reversed,238734.32,CHF,AMER,CP0284,FX,TDR0173,BOOK_C,2025-07-07
TXN0008633302,APP014,2025-07-31,failed,893946.28,USD,EMEA,CP0254,FUTURE,TDR0130,BOOK_D,2026-01-11
TXN0000190925,APP003,2025-11-21,pending,128385.57,GBP,AMER,CP0301,BOND,TDR0035,BOOK_C,2025-02-24
TXN0005909644,APP001,2026-03-26,active,915168.0,CHF,LATAM,CP0320,FUTURE,TDR0198,BOOK_B,2025-11-30
TXN0004522364,APP011,2025-08-08,reversed,636050.04,EUR,APAC,CP0370,FUTURE,TDR0018,BOOK_D,2025-12-10
TXN0006209915,APP019,2025-12-07,active,977253.09,JPY,LATAM,CP0360,SWAP,TDR0080,BOOK_B,2025-08-21
TXN0000099316,APP007,2025-12-11,settled,387006.59,AUD,LATAM,CP0202,OPTION,TDR0010,BOOK_D,2025-12-20
TXN0004718283,APP009,2025-05-24,reversed,696340.01,USD,AMER,CP0494,BOND,TDR0028,BOOK_D,2026-02-14
TXN0008342869,APP004,2025-01-20,active,135754.28,JPY,AMER,CP0291,EQUITY,TDR0077,BOOK_B,2026-02-17
TXN0001565572,APP001,2026-02-23,reversed,420457.73,JPY,AMER,CP0272,BOND,TDR0028,BOOK_C,2025-03-30
TXN0002792558,APP001,2025-07-29,failed,4683.23,USD,AMER,CP0369,EQUITY,TDR0090,BOOK_B,2025-11-18
TXN0009319296,APP018,2025-12-19,failed,966129.46,AUD,AMER,CP0393,OPTION,TDR0116,BOOK_D,2025-07-10
TXN0008971198,APP008,2026-02-07,active,508501.54,AUD,LATAM,CP0307,BOND,TDR0106,BOOK_B,2025-07-30
TXN0009285948,APP006,2025-07-25,settled,921176.4,EUR,EMEA,CP0006,FX,TDR0120,BOOK_B,2025-03-27
TXN0004059955,APP004,2025-07-18,active,244355.21,EUR,LATAM,CP0494,BOND,TDR0056,BOOK_D,2025-07-21
TXN0009855644,APP009,2025-09-24,pending,251757.18,USD,AMER,CP0292,SWAP,TDR0092,BOOK_D,2025-04-24
TXN0007373643,APP006,2025-09-20,pending,548434.82,AUD,AMER,CP0306,OPTION,TDR0007,BOOK_B,2025-05-05
TXN0007313961,APP011,2025-12-19,active,99399.06,AUD,EMEA,CP0295,OPTION,TDR0122,BOOK_C,2025-10-11
TXN0007640040,APP001,2025-07-02,pending,298384.71,CHF,AMER,CP0191,OPTION,TDR0147,BOOK_C,2025-06-14
TXN0005176558,APP003,2025-10-05,pending,736362.01,EUR,LATAM,CP0414,FX,TDR0128,BOOK_A,2025-12-25
TXN0008431259,APP011,2025-05-16,active,705788.64,EUR,APAC,CP0073,BOND,TDR0090,BOOK_B,2025-11-23
TXN0000467346,APP008,2025-12-27,pending,210455.02,GBP,LATAM,CP0283,OPTION,TDR0021,BOOK_B,2025-12-03
TXN0001920196,APP014,2025-04-05,failed,857421.85,CHF,LATAM,CP0299,BOND,TDR0028,BOOK_B,2026-01-09
TXN0005755150,APP014,2025-01-20,active,406738.19,CHF,APAC,CP0271,BOND,TDR0093,BOOK_C,2025-07-06
TXN0009048994,APP002,2025-10-06,failed,925878.94,AUD,LATAM,CP0112,EQUITY,TDR0039,BOOK_C,2025-03-13
TXN0008292198,APP002,2026-03-01,reversed,833256.9,CHF,EMEA,CP0465,SWAP,TDR0001,BOOK_D,2025-08-03
TXN0000793354,APP010,2026-02-09,settled,274570.82,GBP,LATAM,CP0109,BOND,TDR0180,BOOK_B,2025-02-20
TXN0003490435,APP008,2025-01-13,pending,101939.18,USD,LATAM,CP0322,EQUITY,TDR0034,BOOK_C,2025-05-15
TXN0007874889,APP007,2025-03-20,active,150819.88,EUR,AMER,CP0244,FX,TDR0115,BOOK_D,2025-05-16
TXN0002371849,APP013,2025-05-31,pending,954368.57,JPY,EMEA,CP0069,FUTURE,TDR0045,BOOK_D,2026-01-27
TXN0000531973,APP002,2026-02-20,reversed,434525.11,JPY,APAC,CP0244,OPTION,TDR0092,BOOK_B,2025-11-18
TXN0006576713,APP014,2025-12-16,failed,965852.31,JPY,AMER,CP0128,BOND,TDR0165,BOOK_D,2025-03-25
TXN0008489387,APP004,2026-01-12,failed,285758.69,CHF,AMER,CP0322,BOND,TDR0064,BOOK_D,2025-05-28
TXN0008094234,APP003,2026-04-05,failed,671198.06,USD,LATAM,CP0480,FX,TDR0073,BOOK_A,2026-01-28
TXN0009025749,APP001,2025-04-09,active,45774.45,EUR,AMER,CP0134,EQUITY,TDR0017,BOOK_A,2025-10-03
TXN0004504922,APP006,2025-07-08,settled,136949.28,USD,AMER,CP0467,FX,TDR0047,BOOK_A,2025-12-01
TXN0005545736,APP012,2026-01-12,active,788504.25,JPY,APAC,CP0238,OPTION,TDR0070,BOOK_B,2025-01-15
TXN0003275867,APP005,2025-02-05,failed,113200.91,GBP,AMER,CP0163,FUTURE,TDR0097,BOOK_B,2025-11-13
TXN0005725680,APP004,2025-09-19,failed,331139.5,EUR,AMER,CP0253,OPTION,TDR0185,BOOK_C,2025-01-21
TXN0009273505,APP012,2025-12-08,failed,240488.06,CHF,LATAM,CP0402,FUTURE,TDR0011,BOOK_B,2025-05-26
TXN0008314467,APP012,2025-08-20,reversed,346094.79,EUR,APAC,CP0243,FX,TDR0049,BOOK_B,2025-05-02
TXN0001453251,APP008,2025-01-12,reversed,708403.9,JPY,APAC,CP0181,FUTURE,TDR0192,BOOK_A,2025-09-16
TXN0007750074,APP012,2025-09-14,reversed,485761.45,EUR,LATAM,CP0455,OPTION,TDR0063,BOOK_D,2026-03-24
TXN0008255024,APP005,2025-06-25,settled,972081.03,JPY,LATAM,CP0240,FX,TDR0061,BOOK_A,2025-02-06
TXN0007676006,APP013,2025-07-21,reversed,886282.54,GBP,EMEA,CP0128,FX,TDR0176,BOOK_C,2025-06-19
TXN0003080093,APP002,2025-01-24,settled,215306.55,CHF,AMER,CP0357,OPTION,TDR0173,BOOK_D,2026-02-27
TXN0003279604,APP010,2025-10-06,reversed,129294.83,JPY,EMEA,CP0266,SWAP,TDR0037,BOOK_C,2025-03-07
TXN0004115219,APP015,2026-03-14,failed,94742.34,CHF,EMEA,CP0276,FUTURE,TDR0195,BOOK_B,2025-11-09
TXN0005910287,APP012,2025-11-21,failed,820423.95,USD,AMER,CP0117,FUTURE,TDR0125,BOOK_D,2025-03-23
TXN0001174937,APP010,2026-03-30,failed,327753.46,CHF,LATAM,CP0362,FUTURE,TDR0110,BOOK_C,2025-12-22
TXN0003432778,APP003,2025-06-16,active,424945.1,GBP,APAC,CP0247,BOND,TDR0172,BOOK_C,2025-10-20
TXN0002898743,APP007,2026-02-10,failed,590970.01,AUD,APAC,CP0250,SWAP,TDR0085,BOOK_A,2026-03-31
TXN0006921212,APP016,2025-04-13,settled,723638.19,JPY,LATAM,CP0430,EQUITY,TDR0073,BOOK_D,2026-02-12
TXN0002846539,APP020,2025-08-14,pending,179734.74,AUD,AMER,CP0496,FX,TDR0051,BOOK_C,2026-02-24
TXN0002725344,APP019,2025-09-02,pending,336762.22,JPY,LATAM,CP0398,FX,TDR0166,BOOK_D,2026-04-13
TXN0008359656,APP019,2025-08-03,settled,43690.54,JPY,AMER,CP0421,FX,TDR0164,BOOK_D,2025-05-01
TXN0009508861,APP014,2025-09-28,active,318744.43,USD,AMER,CP0070,FUTURE,TDR0041,BOOK_D,2025-04-24
TXN0009427525,APP001,2025-01-28,settled,210589.21,CHF,AMER,CP0322,FUTURE,TDR0074,BOOK_A,2026-01-29
TXN0000994252,APP012,2025-12-03,failed,675607.06,JPY,APAC,CP0335,SWAP,TDR0042,BOOK_D,2026-02-18
TXN0004251255,APP019,2025-12-21,settled,173261.81,CHF,LATAM,CP0064,FX,TDR0070,BOOK_D,2025-04-01
TXN0007952567,APP018,2025-01-04,active,937033.35,JPY,EMEA,CP0317,FX,TDR0035,BOOK_A,2025-09-23
TXN0002281288,APP002,2025-12-26,active,269145.83,GBP,APAC,CP0035,EQUITY,TDR0091,BOOK_B,2025-01-02
TXN0000922415,APP020,2025-10-17,active,953394.61,USD,LATAM,CP0308,SWAP,TDR0179,BOOK_A,2025-01-02
TXN0003810592,APP014,2026-02-04,failed,564027.64,AUD,LATAM,CP0419,BOND,TDR0103,BOOK_B,2026-03-08
TXN0002838651,APP007,2025-09-05,active,791791.32,USD,LATAM,CP0407,SWAP,TDR0154,BOOK_C,2025-05-05
TXN0009190635,APP016,2026-01-08,failed,785818.5,EUR,LATAM,CP0024,BOND,TDR0161,BOOK_D,2025-07-20
TXN0000401958,APP016,2026-02-13,reversed,58554.23,GBP,EMEA,CP0445,BOND,TDR0104,BOOK_B,2025-04-03
TXN0002712774,APP011,2025-11-29,active,527499.05,AUD,EMEA,CP0397,FX,TDR0094,BOOK_A,2025-11-13
TXN0000329824,APP020,2025-12-15,reversed,378793.46,JPY,AMER,CP0208,FUTURE,TDR0017,BOOK_B,2025-08-12
TXN0008322025,APP002,2025-01-15,pending,916891.72,AUD,AMER,CP0437,FUTURE,TDR0002,BOOK_A,2025-08-19
TXN0006883554,APP015,2025-03-10,settled,791221.47,CHF,LATAM,CP0129,OPTION,TDR0014,BOOK_B,2025-02-25
TXN0000105960,APP013,2025-09-09,pending,17576.08,USD,EMEA,CP0229,EQUITY,TDR0079,BOOK_D,2025-09-02
TXN0003889843,APP009,2025-06-25,pending,506480.18,EUR,EMEA,CP0170,EQUITY,TDR0187,BOOK_A,2026-01-21
TXN0009861925,APP004,2025-04-07,active,357306.0,GBP,AMER,CP0213,SWAP,TDR0142,BOOK_B,2026-03-21
TXN0000134773,APP017,2025-01-25,settled,540832.88,EUR,APAC,CP0292,BOND,TDR0100,BOOK_A,2025-04-15
TXN0007344020,APP014,2025-10-27,reversed,358252.43,AUD,AMER,CP0236,FX,TDR0125,BOOK_C,2025-07-24
TXN0002074754,APP010,2025-12-24,active,284132.67,USD,LATAM,CP0171,BOND,TDR0022,BOOK_A,2025-07-07
TXN0004710481,APP001,2025-03-28,active,575145.0,CHF,EMEA,CP0241,OPTION,TDR0031,BOOK_A,2025-01-01
TXN0005952287,APP013,2025-04-22,settled,685734.37,GBP,LATAM,CP0214,BOND,TDR0054,BOOK_C,2025-12-24
TXN0004869545,APP009,2025-01-13,pending,244108.27,AUD,APAC,CP0217,FX,TDR0100,BOOK_C,2026-03-28
TXN0002124712,APP009,2026-01-06,active,838521.75,USD,LATAM,CP0290,FUTURE,TDR0045,BOOK_C,2025-04-10
TXN0005584140,APP013,2025-05-03,settled,994793.88,CHF,LATAM,CP0057,FUTURE,TDR0149,BOOK_A,2025-01-11
TXN0007446383,APP003,2025-12-20,active,833945.23,GBP,EMEA,CP0081,SWAP,TDR0172,BOOK_C,2025-09-05
TXN0008635666,APP018,2025-12-05,failed,619354.99,JPY,LATAM,CP0471,EQUITY,TDR0119,BOOK_C,2025-03-10
TXN0000942046,APP015,2025-09-02,pending,458263.39,CHF,LATAM,CP0084,FUTURE,TDR0136,BOOK_C,2025-06-08
TXN0005134795,APP019,2026-02-23,pending,490096.28,GBP,LATAM,CP0151,SWAP,TDR0096,BOOK_B,2025-10-25
TXN0008653093,APP012,2025-11-09,active,270587.75,AUD,EMEA,CP0468,EQUITY,TDR0184,BOOK_D,2025-09-07
TXN0001111877,APP018,2025-04-07,failed,11174.84,GBP,EMEA,CP0176,OPTION,TDR0140,BOOK_D,2025-10-08
TXN0005151832,APP015,2025-09-01,failed,391306.5,CHF,APAC,CP0164,BOND,TDR0032,BOOK_A,2025-06-12
TXN0008273284,APP004,2026-02-12,settled,245901.99,JPY,AMER,CP0311,EQUITY,TDR0053,BOOK_D,2026-01-19
TXN0002847391,APP005,2025-03-04,reversed,454465.87,AUD,LATAM,CP0047,EQUITY,TDR0086,BOOK_C,2025-04-13
TXN0005329374,APP020,2026-02-06,active,557089.55,USD,APAC,CP0028,OPTION,TDR0086,BOOK_B,2025-06-07
TXN0001906040,APP004,2026-02-06,active,645533.27,CHF,EMEA,CP0408,FX,TDR0136,BOOK_B,2025-07-13
TXN0002048140,APP006,2025-01-15,pending,327246.76,JPY,AMER,CP0159,FX,TDR0008,BOOK_D,2026-02-10
TXN0007697477,APP012,2025-05-12,settled,508098.08,GBP,APAC,CP0144,OPTION,TDR0125,BOOK_B,2025-11-09
TXN0003140976,APP016,2025-10-31,settled,399820.35,JPY,LATAM,CP0442,FUTURE,TDR0057,BOOK_A,2026-03-08
TXN0005755616,APP018,2026-03-07,failed,383265.74,USD,AMER,CP0083,BOND,TDR0004,BOOK_D,2026-03-09
TXN0001218824,APP020,2026-01-07,settled,764258.12,JPY,APAC,CP0398,EQUITY,TDR0034,BOOK_D,2025-10-22
TXN0009448889,APP002,2025-04-26,reversed,157827.54,EUR,LATAM,CP0001,BOND,TDR0130,BOOK_C,2025-08-04
TXN0004675325,APP020,2026-03-19,settled,298547.27,EUR,EMEA,CP0189,EQUITY,TDR0153,BOOK_A,2025-03-29
TXN0005743420,APP001,2026-04-13,failed,42682.71,JPY,APAC,CP0225,SWAP,TDR0128,BOOK_A,2025-08-19
TXN0009300932,APP008,2025-06-08,failed,487483.28,JPY,APAC,CP0288,BOND,TDR0033,BOOK_D,2026-03-06
TXN0004302887,APP002,2025-11-04,failed,101709.92,AUD,APAC,CP0092,BOND,TDR0033,BOOK_C,2025-03-06
TXN0008243741,APP014,2026-01-01,failed,422291.06,USD,AMER,CP0075,OPTION,TDR0197,BOOK_A,2026-02-17
TXN0005711798,APP012,2025-11-23,reversed,254855.98,USD,LATAM,CP0410,OPTION,TDR0198,BOOK_A,2025-03-03
TXN0004317699,APP018,2025-06-30,settled,927768.31,GBP,EMEA,CP0236,BOND,TDR0170,BOOK_D,2025-10-28
TXN0006224886,APP004,2025-04-04,pending,401075.61,GBP,EMEA,CP0461,OPTION,TDR0001,BOOK_D,2025-04-17
TXN0002101848,APP003,2025-03-05,settled,594146.31,JPY,LATAM,CP0427,BOND,TDR0194,BOOK_A,2025-09-11
TXN0002661348,APP012,2026-04-01,settled,172483.39,USD,APAC,CP0480,FUTURE,TDR0091,BOOK_D,2025-12-19
TXN0009692757,APP018,2025-11-28,failed,106494.71,AUD,AMER,CP0496,SWAP,TDR0196,BOOK_A,2025-11-19
TXN0002132343,APP010,2025-06-20,active,750131.97,GBP,APAC,CP0400,EQUITY,TDR0036,BOOK_A,2025-01-12
TXN0002574106,APP005,2025-11-02,pending,889738.46,JPY,LATAM,CP0452,FX,TDR0079,BOOK_B,2025-07-11
TXN0002565046,APP015,2025-08-26,failed,931759.43,CHF,LATAM,CP0319,SWAP,TDR0096,BOOK_D,2025-06-19
TXN0000617726,APP015,2026-01-04,failed,47630.01,JPY,APAC,CP0079,FUTURE,TDR0155,BOOK_B,2025-10-26
TXN0002323858,APP018,2025-01-19,active,910563.83,JPY,APAC,CP0210,FX,TDR0177,BOOK_D,2026-04-08
TXN0002139973,APP008,2025-12-24,active,734685.95,GBP,AMER,CP0038,BOND,TDR0199,BOOK_D,2025-06-21
TXN0007027637,APP006,2026-01-14,active,603539.96,EUR,AMER,CP0404,OPTION,TDR0008,BOOK_C,2025-01-04
TXN0000277659,APP001,2026-04-02,settled,977952.19,USD,EMEA,CP0338,FUTURE,TDR0082,BOOK_A,2025-01-02
TXN0000270386,APP006,2025-05-15,active,90198.74,JPY,LATAM,CP0309,BOND,TDR0094,BOOK_D,2026-02-10
TXN0006538329,APP008,2025-10-14,failed,684531.73,USD,LATAM,CP0341,FUTURE,TDR0129,BOOK_A,2025-01-08
TXN0003195168,APP010,2026-01-04,reversed,766018.92,USD,LATAM,CP0211,FX,TDR0048,BOOK_A,2025-01-09
TXN0007930089,APP012,2026-01-23,failed,241335.89,CHF,APAC,CP0098,FX,TDR0195,BOOK_D,2025-06-22
TXN0008563044,APP010,2025-07-01,active,294645.94,GBP,APAC,CP0345,OPTION,TDR0070,BOOK_D,2025-12-19
TXN0004979867,APP018,2025-07-08,settled,908610.88,USD,LATAM,CP0281,FUTURE,TDR0175,BOOK_A,2025-07-17
TXN0005226932,APP006,2025-08-11,pending,70761.13,CHF,AMER,CP0476,EQUITY,TDR0106,BOOK_A,2025-06-01
TXN0001137718,APP004,2025-02-09,pending,745138.5,USD,EMEA,CP0123,EQUITY,TDR0016,BOOK_A,2025-05-29
TXN0005888834,APP005,2026-01-21,active,825981.98,AUD,AMER,CP0430,FUTURE,TDR0046,BOOK_C,2025-09-17
TXN0003123150,APP006,2025-06-30,pending,453322.57,JPY,AMER,CP0202,OPTION,TDR0174,BOOK_A,2025-08-25
TXN0007594720,APP017,2025-12-28,settled,772335.93,GBP,LATAM,CP0425,FUTURE,TDR0041,BOOK_D,2025-05-17
TXN0007615798,APP020,2025-11-15,active,735009.84,JPY,AMER,CP0201,SWAP,TDR0010,BOOK_A,2025-09-18
TXN0002157642,APP016,2025-08-15,failed,468033.21,EUR,LATAM,CP0018,BOND,TDR0140,BOOK_A,2026-04-05
TXN0008637709,APP004,2025-11-03,reversed,473945.66,EUR,LATAM,CP0343,OPTION,TDR0107,BOOK_C,2026-03-31
TXN0007846295,APP004,2025-07-06,reversed,291957.02,GBP,LATAM,CP0235,OPTION,TDR0033,BOOK_D,2025-12-06
TXN0009528469,APP008,2025-09-06,settled,712420.14,JPY,LATAM,CP0462,EQUITY,TDR0175,BOOK_C,2025-06-22
TXN0003305045,APP019,2025-07-19,pending,521312.81,EUR,EMEA,CP0388,BOND,TDR0075,BOOK_C,2025-08-22
TXN0002782918,APP004,2025-06-10,pending,230775.25,EUR,AMER,CP0442,FUTURE,TDR0067,BOOK_D,2026-01-07
TXN0006348670,APP020,2025-02-19,reversed,295482.56,GBP,APAC,CP0166,FX,TDR0140,BOOK_B,2025-02-16
TXN0001316851,APP014,2025-01-16,settled,729371.17,USD,AMER,CP0449,FUTURE,TDR0083,BOOK_B,2025-11-03
TXN0005913570,APP010,2025-03-29,reversed,559917.15,EUR,EMEA,CP0237,OPTION,TDR0123,BOOK_C,2025-07-02
TXN0002775891,APP006,2025-04-12,failed,635196.32,USD,AMER,CP0302,BOND,TDR0128,BOOK_D,2025-08-20
TXN0004198812,APP015,2025-08-07,settled,808040.98,AUD,EMEA,CP0468,BOND,TDR0086,BOOK_A,2025-07-25
TXN0005826068,APP019,2025-07-31,reversed,145012.88,CHF,APAC,CP0345,OPTION,TDR0049,BOOK_A,2025-01-23
TXN0005840922,APP003,2025-09-21,pending,260709.27,EUR,APAC,CP0024,FUTURE,TDR0178,BOOK_B,2025-06-27
TXN0008050038,APP003,2025-03-23,pending,899464.88,AUD,EMEA,CP0022,BOND,TDR0055,BOOK_A,2025-01-13
TXN0001359842,APP008,2025-10-08,failed,990197.67,AUD,EMEA,CP0282,FUTURE,TDR0197,BOOK_D,2025-04-18
TXN0007685933,APP006,2025-12-14,reversed,319268.95,GBP,APAC,CP0294,FUTURE,TDR0121,BOOK_B,2026-02-05
TXN0001830926,APP003,2025-05-25,failed,919989.3,EUR,APAC,CP0197,BOND,TDR0112,BOOK_D,2025-08-17
TXN0002565547,APP020,2025-04-17,failed,314021.24,EUR,LATAM,CP0177,FX,TDR0186,BOOK_D,2025-07-08
TXN0006818867,APP013,2025-04-23,active,145664.41,GBP,AMER,CP0228,FUTURE,TDR0067,BOOK_B,2025-06-02
TXN0009027381,APP016,2025-11-10,failed,527952.74,USD,LATAM,CP0008,BOND,TDR0075,BOOK_B,2026-01-18
TXN0008479228,APP013,2025-06-13,pending,746086.04,CHF,EMEA,CP0280,EQUITY,TDR0056,BOOK_B,2025-04-02
TXN0004417983,APP009,2025-07-06,pending,946524.46,JPY,EMEA,CP0230,BOND,TDR0011,BOOK_C,2025-10-16
TXN0009761342,APP012,2025-03-05,pending,614029.95,GBP,EMEA,CP0184,FUTURE,TDR0130,BOOK_A,2026-01-15
TXN0002680654,APP015,2025-07-04,active,684258.38,EUR,AMER,CP0015,SWAP,TDR0048,BOOK_D,2025-04-24
TXN0005298991,APP019,2025-02-23,pending,660952.6,GBP,AMER,CP0150,EQUITY,TDR0091,BOOK_D,2025-07-08
TXN0007954469,APP018,2025-09-28,failed,49089.35,JPY,APAC,CP0164,FX,TDR0151,BOOK_B,2025-01-21
TXN0008026102,APP008,2025-05-14,failed,894986.51,JPY,EMEA,CP0305,EQUITY,TDR0117,BOOK_A,2025-07-22
TXN0009502120,APP019,2025-05-15,active,893931.34,AUD,APAC,CP0009,FUTURE,TDR0087,BOOK_C,2025-01-25
TXN0001723431,APP016,2025-12-17,pending,118353.34,USD,LATAM,CP0214,BOND,TDR0061,BOOK_D,2026-02-17
TXN0000143852,APP003,2025-02-23,settled,780340.65,JPY,EMEA,CP0066,FUTURE,TDR0127,BOOK_B,2025-06-14
TXN0006203912,APP018,2025-09-26,settled,58713.88,EUR,APAC,CP0207,OPTION,TDR0195,BOOK_D,2025-03-07
TXN0003404083,APP014,2025-04-27,active,858314.99,EUR,APAC,CP0012,SWAP,TDR0022,BOOK_A,2025-02-10
TXN0009522899,APP005,2025-07-26,failed,339838.16,JPY,LATAM,CP0314,EQUITY,TDR0081,BOOK_A,2025-11-08
TXN0001563160,APP004,2025-02-02,active,372862.82,JPY,APAC,CP0262,OPTION,TDR0116,BOOK_B,2025-07-11
TXN0007275245,APP015,2025-04-19,failed,441121.28,EUR,LATAM,CP0198,BOND,TDR0171,BOOK_B,2025-05-23
TXN0008074213,APP011,2025-10-14,failed,939371.43,AUD,APAC,CP0419,FX,TDR0042,BOOK_D,2026-01-28
TXN0007984875,APP019,2025-09-18,reversed,684602.71,USD,AMER,CP0017,BOND,TDR0066,BOOK_B,2025-09-27
TXN0006470459,APP011,2025-03-04,failed,956333.09,GBP,LATAM,CP0001,OPTION,TDR0029,BOOK_B,2025-06-11
TXN0007721102,APP019,2025-05-30,active,913293.6,JPY,AMER,CP0393,SWAP,TDR0118,BOOK_C,2025-04-19
TXN0002701642,APP019,2025-04-12,reversed,282510.5,CHF,APAC,CP0008,BOND,TDR0030,BOOK_B,2025-07-15
TXN0001679168,APP020,2025-09-08,active,32841.91,EUR,AMER,CP0121,OPTION,TDR0111,BOOK_A,2025-11-23
TXN0009397638,APP009,2026-02-08,active,347679.92,JPY,LATAM,CP0044,OPTION,TDR0045,BOOK_B,2025-05-26
TXN0005098198,APP008,2026-03-16,reversed,414930.89,AUD,APAC,CP0367,BOND,TDR0136,BOOK_D,2025-08-12
TXN0002401717,APP001,2025-06-30,reversed,162337.43,USD,LATAM,CP0435,OPTION,TDR0068,BOOK_A,2025-09-20
TXN0003896657,APP018,2025-04-07,active,562711.82,GBP,EMEA,CP0330,OPTION,TDR0054,BOOK_C,2025-01-20
TXN0007874484,APP013,2025-03-20,active,711994.23,CHF,EMEA,CP0303,OPTION,TDR0159,BOOK_B,2025-07-12
TXN0005133593,APP013,2026-03-23,failed,297226.04,GBP,EMEA,CP0124,SWAP,TDR0173,BOOK_A,2025-01-04
TXN0008378438,APP007,2026-03-06,failed,190867.6,CHF,LATAM,CP0424,BOND,TDR0032,BOOK_A,2026-02-27
TXN0005616153,APP013,2025-10-04,failed,82325.26,AUD,LATAM,CP0301,OPTION,TDR0150,BOOK_D,2025-11-14
TXN0001504775,APP007,2025-03-07,settled,245066.91,CHF,AMER,CP0133,SWAP,TDR0028,BOOK_D,2025-03-07
TXN0009389258,APP012,2025-09-21,pending,628201.6,EUR,AMER,CP0220,BOND,TDR0087,BOOK_A,2025-07-14
TXN0001887937,APP018,2026-03-13,active,514987.86,JPY,LATAM,CP0009,FX,TDR0147,BOOK_C,2025-02-05
TXN0007998175,APP014,2025-06-25,settled,689839.0,AUD,EMEA,CP0224,OPTION,TDR0089,BOOK_B,2025-07-27
TXN0009282202,APP003,2026-04-14,failed,742808.82,EUR,AMER,CP0223,OPTION,TDR0090,BOOK_B,2025-03-17
TXN0007306335,APP016,2025-08-26,settled,816828.64,JPY,AMER,CP0269,SWAP,TDR0091,BOOK_C,2025-06-17
TXN0003909226,APP017,2025-08-16,reversed,753540.78,JPY,APAC,CP0472,SWAP,TDR0182,BOOK_A,2025-04-21
TXN0000215458,APP004,2025-04-30,reversed,622348.62,CHF,APAC,CP0001,SWAP,TDR0126,BOOK_A,2025-11-06
TXN0003700731,APP003,2025-05-05,pending,824048.27,JPY,EMEA,CP0113,OPTION,TDR0087,BOOK_D,2025-12-25
TXN0005676942,APP010,2025-09-02,failed,819691.43,EUR,EMEA,CP0242,BOND,TDR0176,BOOK_B,2025-12-11
TXN0004075626,APP013,2025-07-11,pending,849754.46,JPY,EMEA,CP0327,SWAP,TDR0111,BOOK_C,2025-10-20
TXN0004016303,APP019,2025-05-01,reversed,892802.05,AUD,EMEA,CP0020,FX,TDR0027,BOOK_D,2025-05-16
TXN0009093890,APP010,2025-01-20,settled,144539.23,EUR,LATAM,CP0416,FX,TDR0110,BOOK_D,2025-03-23
TXN0006073449,APP018,2025-05-15,failed,157150.01,JPY,LATAM,CP0011,SWAP,TDR0161,BOOK_A,2025-04-29
TXN0009637051,APP010,2025-03-25,active,17683.51,AUD,APAC,CP0202,FX,TDR0078,BOOK_D,2025-12-17
TXN0009379193,APP009,2025-04-14,settled,358998.01,JPY,APAC,CP0405,EQUITY,TDR0092,BOOK_A,2025-06-02
TXN0007332566,APP013,2025-11-25,failed,285237.44,JPY,EMEA,CP0404,FX,TDR0035,BOOK_A,2025-10-27
TXN0000964759,APP013,2025-12-27,failed,233365.56,EUR,APAC,CP0307,OPTION,TDR0188,BOOK_B,2025-12-15
TXN0000415900,APP010,2025-09-17,reversed,683992.33,AUD,AMER,CP0432,BOND,TDR0176,BOOK_B,2025-10-10
TXN0000178130,APP004,2025-11-30,active,922155.72,USD,EMEA,CP0280,OPTION,TDR0013,BOOK_C,2025-02-08
TXN0001810636,APP015,2025-10-23,active,858352.12,AUD,LATAM,CP0224,EQUITY,TDR0156,BOOK_A,2025-02-06
TXN0009102550,APP014,2025-01-25,reversed,910044.78,AUD,APAC,CP0160,SWAP,TDR0060,BOOK_B,2025-11-28
TXN0000745582,APP007,2025-06-04,active,834044.56,JPY,EMEA,CP0363,FUTURE,TDR0090,BOOK_D,2026-03-16
TXN0005908719,APP015,2025-09-15,pending,529609.41,JPY,LATAM,CP0083,OPTION,TDR0039,BOOK_D,2025-01-10
TXN0008140531,APP002,2025-10-15,active,227053.45,CHF,EMEA,CP0451,OPTION,TDR0171,BOOK_D,2025-07-08
TXN0003451327,APP015,2026-04-07,settled,606326.54,JPY,AMER,CP0082,BOND,TDR0150,BOOK_D,2025-01-18
TXN0006424318,APP010,2025-10-05,failed,421945.69,AUD,EMEA,CP0285,OPTION,TDR0170,BOOK_D,2025-08-08
TXN0001974772,APP008,2025-01-16,reversed,852275.63,EUR,LATAM,CP0402,BOND,TDR0068,BOOK_D,2026-04-11
TXN0008652976,APP005,2025-09-12,active,255334.85,USD,LATAM,CP0444,FX,TDR0069,BOOK_C,2026-01-07
TXN0006952605,APP013,2026-03-25,failed,930592.97,GBP,APAC,CP0109,EQUITY,TDR0078,BOOK_A,2025-02-07
TXN0004377466,APP018,2026-01-02,pending,757978.3,AUD,AMER,CP0261,BOND,TDR0047,BOOK_B,2025-10-28
TXN0007890916,APP004,2025-06-30,failed,1690.37,JPY,EMEA,CP0417,BOND,TDR0040,BOOK_D,2025-04-28
TXN0009451096,APP017,2025-11-19,pending,200993.95,CHF,APAC,CP0190,FUTURE,TDR0132,BOOK_D,2025-03-31
TXN0003928011,APP007,2026-01-25,reversed,281296.25,CHF,LATAM,CP0190,SWAP,TDR0080,BOOK_A,2025-10-10
TXN0003167239,APP009,2025-05-07,reversed,670755.69,EUR,APAC,CP0306,EQUITY,TDR0035,BOOK_C,2026-01-17
TXN0002315364,APP004,2025-07-02,failed,561243.28,CHF,LATAM,CP0013,BOND,TDR0175,BOOK_D,2025-08-24
TXN0007621887,APP001,2025-03-15,pending,684150.14,CHF,APAC,CP0228,EQUITY,TDR0124,BOOK_B,2025-10-16
TXN0006181032,APP006,2025-08-26,settled,914488.3,JPY,EMEA,CP0438,SWAP,TDR0141,BOOK_C,2025-12-09
TXN0000882427,APP003,2025-07-29,active,143010.15,EUR,APAC,CP0181,FX,TDR0134,BOOK_A,2025-10-21
TXN0008846984,APP017,2025-11-20,pending,553570.32,USD,AMER,CP0476,BOND,TDR0073,BOOK_C,2026-04-10
TXN0001533574,APP017,2025-07-31,settled,15022.1,EUR,AMER,CP0105,BOND,TDR0107,BOOK_C,2025-03-26
TXN0005964590,APP003,2026-02-23,reversed,814087.69,GBP,AMER,CP0440,BOND,TDR0002,BOOK_B,2025-03-27
TXN0000243688,APP013,2025-07-11,settled,109735.04,EUR,AMER,CP0061,FUTURE,TDR0191,BOOK_A,2025-12-14
TXN0002684460,APP008,2025-12-19,active,319306.17,EUR,AMER,CP0117,EQUITY,TDR0043,BOOK_C,2025-06-04
TXN0001210294,APP008,2025-03-02,active,302665.29,EUR,EMEA,CP0029,OPTION,TDR0088,BOOK_B,2025-05-12
TXN0001221067,APP001,2025-08-02,reversed,909794.62,EUR,AMER,CP0269,FX,TDR0032,BOOK_D,2026-01-19
TXN0008895449,APP017,2026-02-18,reversed,927149.02,USD,LATAM,CP0096,BOND,TDR0128,BOOK_A,2025-09-27
TXN0006081290,APP004,2026-01-30,settled,681349.15,CHF,AMER,CP0378,BOND,TDR0172,BOOK_C,2025-05-19
TXN0007966220,APP018,2025-03-22,failed,434567.38,AUD,APAC,CP0254,BOND,TDR0042,BOOK_A,2025-07-17
TXN0001749238,APP017,2025-09-07,settled,451549.97,USD,LATAM,CP0327,BOND,TDR0038,BOOK_A,2026-02-22
TXN0001142686,APP019,2025-10-18,pending,434404.96,GBP,APAC,CP0119,SWAP,TDR0172,BOOK_B,2025-03-23
TXN0001027193,APP016,2025-07-28,active,821568.53,EUR,AMER,CP0028,FUTURE,TDR0178,BOOK_C,2025-10-24
TXN0007573695,APP018,2025-08-16,failed,779337.0,CHF,LATAM,CP0154,FX,TDR0121,BOOK_A,2025-06-20
TXN0008866840,APP002,2025-05-01,failed,423758.89,USD,APAC,CP0103,SWAP,TDR0116,BOOK_D,2026-03-10
TXN0005618555,APP005,2026-02-08,settled,565439.78,AUD,APAC,CP0460,FX,TDR0021,BOOK_D,2025-12-28
TXN0007179647,APP009,2025-10-31,pending,283518.5,GBP,EMEA,CP0311,BOND,TDR0156,BOOK_A,2025-12-12
TXN0004780963,APP013,2025-01-09,pending,440619.05,AUD,APAC,CP0354,SWAP,TDR0199,BOOK_D,2025-08-16
TXN0003835246,APP011,2026-01-06,failed,493330.06,AUD,LATAM,CP0342,EQUITY,TDR0167,BOOK_C,2026-02-27
TXN0001301114,APP013,2025-07-21,settled,530449.37,EUR,LATAM,CP0141,BOND,TDR0083,BOOK_C,2026-01-25
TXN0006507819,APP003,2025-11-21,failed,812382.66,EUR,APAC,CP0294,FX,TDR0009,BOOK_A,2025-03-03
TXN0006074441,APP004,2026-03-15,failed,249019.41,EUR,AMER,CP0201,OPTION,TDR0065,BOOK_C,2025-02-25
TXN0000328894,APP010,2025-09-12,settled,690561.32,GBP,LATAM,CP0141,OPTION,TDR0060,BOOK_A,2025-07-21
TXN0002395358,APP008,2025-04-25,reversed,289754.79,EUR,LATAM,CP0360,EQUITY,TDR0137,BOOK_D,2025-02-04
TXN0002260673,APP005,2025-04-07,failed,30590.08,USD,LATAM,CP0077,BOND,TDR0021,BOOK_D,2025-12-01
TXN0008324005,APP019,2026-01-05,reversed,448128.88,CHF,LATAM,CP0330,FUTURE,TDR0064,BOOK_C,2026-04-05
TXN0002805103,APP004,2025-05-22,reversed,983989.2,JPY,AMER,CP0404,BOND,TDR0080,BOOK_A,2025-03-05
TXN0007312905,APP006,2025-05-01,settled,931180.33,CHF,EMEA,CP0464,BOND,TDR0104,BOOK_B,2025-10-16
TXN0008772582,APP001,2025-01-24,reversed,195594.03,EUR,EMEA,CP0097,OPTION,TDR0026,BOOK_A,2025-04-16
TXN0001470856,APP004,2025-11-12,pending,141337.35,CHF,LATAM,CP0452,BOND,TDR0190,BOOK_A,2026-03-18
TXN0006954645,APP009,2026-04-07,active,701393.1,CHF,APAC,CP0263,FUTURE,TDR0014,BOOK_D,2025-04-06
TXN0002627509,APP003,2025-05-26,reversed,158490.9,CHF,LATAM,CP0300,BOND,TDR0192,BOOK_D,2025-10-29
TXN0004490401,APP018,2025-01-22,failed,906925.57,AUD,EMEA,CP0407,FUTURE,TDR0109,BOOK_C,2026-04-10
TXN0004992862,APP013,2025-12-13,pending,593957.45,USD,LATAM,CP0163,EQUITY,TDR0125,BOOK_B,2025-07-14
TXN0009593839,APP007,2025-10-27,failed,69693.07,USD,APAC,CP0190,FX,TDR0026,BOOK_A,2025-05-29
TXN0007952174,APP010,2025-01-04,active,340562.12,EUR,LATAM,CP0495,BOND,TDR0106,BOOK_C,2025-01-02
TXN0001206329,APP005,2025-12-25,failed,198240.73,AUD,EMEA,CP0220,FX,TDR0045,BOOK_B,2025-02-02
TXN0003016790,APP017,2025-09-22,failed,107176.78,GBP,APAC,CP0182,BOND,TDR0082,BOOK_D,2025-01-11
TXN0005813194,APP004,2026-01-21,settled,164295.34,USD,APAC,CP0194,EQUITY,TDR0018,BOOK_A,2026-01-29
TXN0005419537,APP006,2026-03-04,failed,862455.42,AUD,LATAM,CP0304,FUTURE,TDR0082,BOOK_C,2025-07-08
TXN0006383975,APP007,2026-02-08,settled,575514.71,USD,APAC,CP0076,BOND,TDR0125,BOOK_D,2026-01-27
TXN0005420742,APP002,2025-10-06,failed,27058.0,JPY,APAC,CP0434,OPTION,TDR0111,BOOK_D,2025-09-26
TXN0000487858,APP014,2026-03-27,settled,334092.63,AUD,APAC,CP0016,FUTURE,TDR0096,BOOK_C,2026-01-12
TXN0004145220,APP001,2025-11-17,reversed,637959.6,GBP,LATAM,CP0091,OPTION,TDR0143,BOOK_D,2026-04-06
TXN0006494432,APP012,2025-02-07,active,29032.22,CHF,AMER,CP0377,EQUITY,TDR0092,BOOK_D,2025-08-11
TXN0001676147,APP005,2025-05-28,settled,233878.81,AUD,AMER,CP0487,FUTURE,TDR0076,BOOK_A,2025-04-19
TXN0008042433,APP017,2025-01-11,settled,198018.14,EUR,LATAM,CP0383,FUTURE,TDR0069,BOOK_B,2025-07-06
TXN0001155919,APP012,2025-08-21,reversed,869842.32,USD,EMEA,CP0304,SWAP,TDR0167,BOOK_C,2025-03-01
TXN0006171495,APP013,2025-08-22,settled,462498.08,USD,APAC,CP0234,FUTURE,TDR0002,BOOK_A,2025-09-03
TXN0003450214,APP008,2025-12-03,failed,412869.14,JPY,EMEA,CP0205,BOND,TDR0127,BOOK_C,2025-05-01
TXN0008336814,APP017,2025-09-20,reversed,356336.24,GBP,APAC,CP0024,FUTURE,TDR0130,BOOK_D,2025-07-30
TXN0004143009,APP006,2025-08-18,failed,134745.7,JPY,EMEA,CP0094,FX,TDR0141,BOOK_C,2025-02-16
TXN0006063731,APP019,2025-02-19,pending,836091.49,AUD,AMER,CP0269,FX,TDR0012,BOOK_D,2025-09-24
TXN0006333099,APP016,2025-07-16,pending,604586.88,AUD,AMER,CP0073,OPTION,TDR0080,BOOK_D,2025-07-02
TXN0005040096,APP012,2025-11-10,active,364530.4,AUD,APAC,CP0032,FX,TDR0127,BOOK_B,2025-06-30
TXN0000776152,APP010,2025-04-05,settled,365471.32,GBP,AMER,CP0139,BOND,TDR0053,BOOK_D,2025-05-28
TXN0009252662,APP020,2025-06-27,failed,265138.18,USD,AMER,CP0241,OPTION,TDR0199,BOOK_C,2025-08-28
TXN0009584532,APP008,2025-04-11,settled,133668.85,CHF,LATAM,CP0222,FX,TDR0042,BOOK_A,2026-02-27
TXN0005723323,APP006,2025-05-01,settled,196579.09,USD,EMEA,CP0283,FUTURE,TDR0109,BOOK_A,2025-06-09
TXN0007273973,APP017,2025-03-03,active,124588.19,AUD,APAC,CP0054,BOND,TDR0167,BOOK_B,2025-07-11
TXN0006101120,APP014,2026-03-02,failed,578355.36,EUR,LATAM,CP0477,FX,TDR0071,BOOK_D,2025-04-11
TXN0008504803,APP010,2025-02-01,active,803849.37,EUR,AMER,CP0022,FUTURE,TDR0072,BOOK_A,2025-10-10
TXN0004368079,APP009,2025-04-19,settled,796562.31,AUD,EMEA,CP0290,FX,TDR0122,BOOK_D,2025-08-14
TXN0007302717,APP018,2025-05-12,settled,498480.14,USD,APAC,CP0177,FUTURE,TDR0026,BOOK_B,2025-07-17
TXN0006114711,APP015,2025-09-13,pending,76625.28,CHF,LATAM,CP0380,BOND,TDR0015,BOOK_A,2025-02-11
TXN0005120977,APP013,2025-07-18,failed,471359.97,AUD,APAC,CP0031,BOND,TDR0161,BOOK_A,2025-12-05
TXN0004680507,APP020,2025-09-03,reversed,797366.36,EUR,AMER,CP0120,OPTION,TDR0106,BOOK_D,2025-04-08
TXN0008069712,APP004,2025-01-20,active,954867.37,CHF,APAC,CP0229,FUTURE,TDR0088,BOOK_D,2025-04-18
TXN0000004634,APP016,2025-04-12,reversed,457731.99,EUR,LATAM,CP0170,BOND,TDR0047,BOOK_C,2025-11-16
TXN0003658806,APP020,2026-02-10,pending,206624.47,USD,APAC,CP0022,SWAP,TDR0034,BOOK_B,2026-03-14
TXN0008167072,APP010,2025-10-13,pending,318689.05,EUR,AMER,CP0318,BOND,TDR0126,BOOK_B,2025-09-28
TXN0002933784,APP004,2025-04-28,reversed,771680.85,JPY,EMEA,CP0480,BOND,TDR0049,BOOK_B,2026-03-13
TXN0008119162,APP012,2026-03-25,settled,953449.16,GBP,LATAM,CP0140,EQUITY,TDR0187,BOOK_D,2025-11-11
TXN0005581071,APP005,2025-01-09,failed,476923.52,USD,EMEA,CP0254,OPTION,TDR0176,BOOK_C,2026-03-12
TXN0007918955,APP007,2026-01-26,reversed,561432.01,GBP,LATAM,CP0216,FX,TDR0200,BOOK_C,2026-04-14
TXN0007570988,APP018,2026-03-04,reversed,470711.1,GBP,EMEA,CP0173,FUTURE,TDR0059,BOOK_C,2025-12-24
TXN0004980535,APP002,2026-04-01,pending,530728.2,CHF,LATAM,CP0434,SWAP,TDR0133,BOOK_C,2025-04-05
TXN0005438369,APP006,2026-02-24,failed,603913.93,JPY,EMEA,CP0496,SWAP,TDR0137,BOOK_A,2025-07-06
TXN0000820827,APP014,2026-03-30,reversed,395135.77,AUD,AMER,CP0497,SWAP,TDR0128,BOOK_D,2025-09-08
TXN0004866881,APP016,2026-01-23,pending,997807.34,USD,APAC,CP0160,BOND,TDR0150,BOOK_B,2025-07-14
TXN0001726527,APP013,2025-04-18,failed,449634.41,GBP,LATAM,CP0066,EQUITY,TDR0014,BOOK_D,2025-07-16
TXN0003452470,APP010,2025-09-21,active,945231.74,AUD,AMER,CP0453,EQUITY,TDR0169,BOOK_D,2025-11-15
TXN0000493911,APP017,2025-06-22,active,904130.02,CHF,LATAM,CP0356,OPTION,TDR0149,BOOK_B,2026-03-28
TXN0009531315,APP020,2025-10-03,settled,376169.78,CHF,LATAM,CP0089,FX,TDR0175,BOOK_C,2025-12-05
TXN0000146780,APP002,2025-07-31,failed,751074.69,JPY,EMEA,CP0469,FX,TDR0014,BOOK_A,2025-11-11
TXN0003903635,APP015,2025-12-05,failed,922104.86,GBP,EMEA,CP0334,OPTION,TDR0192,BOOK_B,2025-07-10
TXN0003371387,APP006,2025-01-30,reversed,448854.8,CHF,APAC,CP0345,FUTURE,TDR0072,BOOK_A,2026-02-15
TXN0004840387,APP016,2026-01-29,settled,67592.04,GBP,LATAM,CP0176,SWAP,TDR0040,BOOK_B,2025-03-31
TXN0006116452,APP001,2025-06-09,active,465041.15,GBP,LATAM,CP0206,BOND,TDR0042,BOOK_A,2025-08-09
TXN0004766946,APP008,2025-02-09,settled,284361.77,EUR,APAC,CP0080,OPTION,TDR0189,BOOK_B,2025-06-12
TXN0008116514,APP014,2026-03-04,pending,647687.08,JPY,AMER,CP0180,EQUITY,TDR0196,BOOK_C,2025-03-09
TXN0002283201,APP002,2025-05-16,pending,459912.23,AUD,AMER,CP0390,FX,TDR0008,BOOK_A,2026-01-14
TXN0007254204,APP020,2026-04-02,active,710646.75,JPY,APAC,CP0111,FX,TDR0200,BOOK_C,2025-11-15
TXN0000834595,APP020,2026-02-04,reversed,906424.47,USD,EMEA,CP0276,BOND,TDR0153,BOOK_A,2025-02-28
TXN0008331860,APP016,2025-09-05,settled,767029.7,GBP,APAC,CP0023,BOND,TDR0070,BOOK_D,2025-06-16
TXN0005080591,APP008,2025-12-19,failed,707190.67,USD,LATAM,CP0015,FUTURE,TDR0174,BOOK_A,2025-11-20
TXN0004700113,APP003,2025-06-21,failed,952765.23,AUD,AMER,CP0319,FX,TDR0070,BOOK_B,2026-02-11
TXN0001302647,APP009,2025-03-25,reversed,728019.67,AUD,LATAM,CP0495,OPTION,TDR0148,BOOK_A,2025-01-17
TXN0002718695,APP002,2025-01-05,settled,224240.48,USD,LATAM,CP0243,SWAP,TDR0087,BOOK_D,2025-10-05
TXN0008062507,APP018,2025-08-09,settled,997585.35,GBP,AMER,CP0472,SWAP,TDR0050,BOOK_A,2025-05-26
TXN0001069565,APP009,2025-10-29,reversed,99400.04,USD,AMER,CP0064,SWAP,TDR0148,BOOK_B,2025-02-27
TXN0002370426,APP006,2026-01-21,settled,914320.33,GBP,EMEA,CP0296,BOND,TDR0023,BOOK_B,2025-10-21
TXN0004834268,APP009,2025-10-09,pending,728487.01,CHF,AMER,CP0338,OPTION,TDR0082,BOOK_A,2025-04-11
TXN0002399554,APP005,2025-05-14,settled,95080.96,AUD,AMER,CP0138,EQUITY,TDR0186,BOOK_B,2026-01-08
TXN0002702208,APP019,2025-12-21,failed,6784.32,GBP,APAC,CP0217,BOND,TDR0183,BOOK_C,2025-05-15
TXN0007666236,APP001,2026-03-17,active,216831.99,USD,EMEA,CP0015,OPTION,TDR0063,BOOK_D,2025-10-02
TXN0002218171,APP009,2026-01-11,failed,759834.61,CHF,EMEA,CP0288,OPTION,TDR0106,BOOK_C,2025-06-14
TXN0008251395,APP001,2025-10-01,pending,310216.21,JPY,EMEA,CP0210,SWAP,TDR0005,BOOK_B,2025-02-06
TXN0008955375,APP017,2025-04-15,reversed,296702.91,AUD,LATAM,CP0449,FUTURE,TDR0112,BOOK_B,2025-04-11
TXN0001618763,APP018,2025-09-24,pending,130841.44,JPY,AMER,CP0230,OPTION,TDR0122,BOOK_B,2026-02-25
TXN0003875793,APP013,2026-03-09,settled,908277.46,GBP,APAC,CP0412,SWAP,TDR0086,BOOK_D,2025-10-27
TXN0004630721,APP012,2025-05-08,failed,470254.4,GBP,AMER,CP0091,SWAP,TDR0178,BOOK_D,2025-10-05
TXN0004675560,APP016,2025-08-25,settled,409301.9,GBP,LATAM,CP0106,SWAP,TDR0137,BOOK_B,2025-07-10
TXN0002973761,APP007,2026-03-26,failed,881622.56,AUD,AMER,CP0002,OPTION,TDR0117,BOOK_C,2025-12-19
TXN0009649735,APP018,2026-01-28,reversed,724291.12,AUD,EMEA,CP0121,OPTION,TDR0135,BOOK_B,2026-02-27
TXN0008608124,APP009,2025-10-14,active,313331.87,EUR,LATAM,CP0060,FUTURE,TDR0177,BOOK_A,2025-12-09
TXN0004387434,APP018,2025-11-13,active,652192.23,GBP,EMEA,CP0237,OPTION,TDR0043,BOOK_C,2025-03-08
TXN0001607642,APP004,2025-05-01,failed,985669.26,GBP,LATAM,CP0095,EQUITY,TDR0063,BOOK_C,2025-12-19
TXN0009737961,APP007,2026-02-28,reversed,461395.25,CHF,APAC,CP0073,FX,TDR0087,BOOK_D,2025-07-31
TXN0008192393,APP016,2025-12-05,pending,584428.83,EUR,APAC,CP0037,EQUITY,TDR0096,BOOK_A,2025-12-25
TXN0009689723,APP014,2026-04-04,reversed,801592.81,JPY,EMEA,CP0480,FUTURE,TDR0051,BOOK_A,2025-11-27
TXN0001060982,APP014,2025-01-29,active,547879.49,CHF,APAC,CP0191,EQUITY,TDR0184,BOOK_B,2025-04-07
TXN0001255023,APP004,2025-01-14,active,898710.83,AUD,LATAM,CP0335,SWAP,TDR0194,BOOK_B,2025-11-14
TXN0000118048,APP003,2025-05-12,active,721467.72,JPY,APAC,CP0448,FUTURE,TDR0116,BOOK_A,2025-01-17
TXN0006321364,APP007,2025-12-09,settled,391001.91,CHF,EMEA,CP0146,OPTION,TDR0019,BOOK_B,2025-07-05
TXN0005680395,APP016,2025-03-24,settled,623113.92,USD,EMEA,CP0278,EQUITY,TDR0023,BOOK_D,2025-02-15
TXN0001088399,APP018,2025-07-23,reversed,753276.2,AUD,AMER,CP0220,EQUITY,TDR0145,BOOK_C,2025-12-10
TXN0000290631,APP015,2025-02-05,active,735965.47,USD,AMER,CP0124,BOND,TDR0198,BOOK_C,2025-01-29
TXN0001376540,APP008,2026-03-15,reversed,219157.81,USD,EMEA,CP0372,EQUITY,TDR0120,BOOK_C,2025-02-28
TXN0002812976,APP014,2025-02-17,settled,124987.08,JPY,AMER,CP0128,EQUITY,TDR0109,BOOK_C,2026-03-28
TXN0003956650,APP004,2025-10-14,pending,390309.77,GBP,APAC,CP0287,FX,TDR0146,BOOK_A,2025-03-16
TXN0009711600,APP011,2025-10-11,active,868274.41,EUR,LATAM,CP0309,SWAP,TDR0184,BOOK_A,2025-09-22
TXN0003157073,APP011,2025-11-10,failed,634393.65,EUR,APAC,CP0132,SWAP,TDR0113,BOOK_B,2025-12-07
TXN0003707349,APP018,2025-12-16,pending,528903.62,JPY,EMEA,CP0465,FUTURE,TDR0179,BOOK_D,2026-04-02
TXN0000067299,APP012,2025-09-28,failed,553002.58,USD,AMER,CP0203,BOND,TDR0199,BOOK_A,2025-06-09
TXN0002585245,APP003,2025-07-12,reversed,489682.48,CHF,EMEA,CP0067,EQUITY,TDR0080,BOOK_C,2025-02-24
TXN0001387965,APP019,2025-12-07,reversed,709345.51,CHF,APAC,CP0359,BOND,TDR0058,BOOK_D,2026-01-11
TXN0003487618,APP002,2025-05-23,reversed,742346.91,AUD,EMEA,CP0400,FX,TDR0075,BOOK_C,2025-12-29
TXN0004653361,APP005,2025-03-30,settled,913122.05,CHF,APAC,CP0070,EQUITY,TDR0154,BOOK_A,2025-02-03
TXN0008611830,APP016,2026-03-25,pending,636165.89,JPY,APAC,CP0029,BOND,TDR0046,BOOK_B,2025-12-18
TXN0009272853,APP003,2026-01-13,reversed,315926.96,AUD,EMEA,CP0296,OPTION,TDR0028,BOOK_D,2025-10-04
TXN0007694372,APP001,2025-06-03,settled,257392.24,CHF,AMER,CP0096,EQUITY,TDR0151,BOOK_C,2025-09-10
TXN0000964583,APP017,2025-03-18,active,541969.01,USD,EMEA,CP0268,FUTURE,TDR0045,BOOK_A,2025-11-16
TXN0009935712,APP008,2026-03-06,settled,256352.7,AUD,EMEA,CP0042,FUTURE,TDR0037,BOOK_C,2026-03-26
TXN0002499813,APP007,2025-11-05,active,115356.29,AUD,EMEA,CP0356,OPTION,TDR0052,BOOK_D,2025-09-20
TXN0005499536,APP008,2025-04-27,settled,753082.98,EUR,APAC,CP0154,SWAP,TDR0022,BOOK_A,2025-09-29
TXN0004355369,APP009,2025-08-12,failed,671555.5,JPY,AMER,CP0073,SWAP,TDR0107,BOOK_D,2025-06-10
TXN0001925243,APP013,2025-03-02,failed,119060.52,USD,EMEA,CP0214,FUTURE,TDR0138,BOOK_C,2025-08-20
TXN0009747844,APP009,2025-08-14,failed,262986.47,USD,LATAM,CP0468,FUTURE,TDR0121,BOOK_C,2025-08-02
TXN0003022780,APP002,2025-04-14,active,448101.09,GBP,EMEA,CP0470,EQUITY,TDR0083,BOOK_B,2025-07-04
TXN0004350842,APP016,2025-10-20,reversed,258708.32,USD,APAC,CP0166,SWAP,TDR0098,BOOK_B,2025-12-09
TXN0004642740,APP019,2025-07-13,active,619580.72,GBP,LATAM,CP0316,SWAP,TDR0100,BOOK_D,2025-07-16
TXN0001158730,APP001,2025-01-24,settled,877136.66,CHF,EMEA,CP0076,OPTION,TDR0138,BOOK_A,2025-01-01
TXN0007372520,APP012,2025-12-01,reversed,896003.07,JPY,APAC,CP0082,FX,TDR0112,BOOK_C,2025-12-04
TXN0002590200,APP009,2025-03-14,reversed,633742.73,EUR,EMEA,CP0291,FX,TDR0103,BOOK_A,2026-03-14
TXN0005323254,APP009,2025-12-24,pending,369956.83,USD,EMEA,CP0193,EQUITY,TDR0033,BOOK_B,2025-05-09
TXN0001264811,APP005,2025-01-29,failed,341978.34,USD,APAC,CP0138,FX,TDR0063,BOOK_C,2025-01-17
TXN0001250504,APP016,2026-01-12,pending,626602.01,CHF,APAC,CP0238,BOND,TDR0154,BOOK_C,2025-12-01
TXN0002932324,APP013,2025-11-21,failed,307901.18,GBP,LATAM,CP0402,FX,TDR0054,BOOK_D,2025-02-27
TXN0001674664,APP020,2025-04-12,active,591504.79,EUR,LATAM,CP0103,EQUITY,TDR0106,BOOK_A,2025-02-22
TXN0005962969,APP020,2025-04-02,active,628841.0,GBP,LATAM,CP0091,FX,TDR0171,BOOK_D,2025-11-23
TXN0004514899,APP009,2025-10-07,reversed,418764.48,GBP,LATAM,CP0487,OPTION,TDR0183,BOOK_C,2026-04-11
TXN0004150866,APP002,2026-01-11,failed,979563.07,JPY,APAC,CP0086,FX,TDR0035,BOOK_C,2025-11-05
TXN0007252273,APP009,2026-04-06,reversed,502721.84,CHF,AMER,CP0338,OPTION,TDR0028,BOOK_B,2025-11-13
TXN0006738670,APP013,2025-07-06,pending,529818.25,USD,AMER,CP0055,EQUITY,TDR0004,BOOK_D,2025-03-18
TXN0007807281,APP006,2025-06-23,settled,567503.27,JPY,AMER,CP0484,FX,TDR0072,BOOK_A,2025-03-20
TXN0001516969,APP011,2025-02-01,active,999063.03,AUD,LATAM,CP0303,SWAP,TDR0032,BOOK_A,2025-03-07
TXN0001226284,APP003,2025-10-08,pending,565877.85,JPY,LATAM,CP0206,OPTION,TDR0157,BOOK_B,2025-01-26
TXN0001759464,APP010,2025-02-08,failed,475848.98,GBP,AMER,CP0463,OPTION,TDR0157,BOOK_C,2026-02-24
TXN0008894759,APP008,2025-01-26,settled,829565.83,GBP,AMER,CP0367,EQUITY,TDR0078,BOOK_C,2025-03-26
TXN0006188913,APP013,2025-06-17,settled,934638.4,GBP,EMEA,CP0186,OPTION,TDR0194,BOOK_C,2025-04-07
TXN0007925097,APP016,2025-02-27,active,636348.64,JPY,AMER,CP0464,BOND,TDR0112,BOOK_B,2025-12-15
TXN0008772284,APP013,2026-03-11,pending,881408.83,USD,LATAM,CP0056,FX,TDR0008,BOOK_D,2026-04-05
TXN0002323585,APP020,2025-04-22,reversed,171076.01,CHF,AMER,CP0261,BOND,TDR0119,BOOK_D,2026-01-19
TXN0007179038,APP004,2025-01-20,reversed,104875.2,JPY,APAC,CP0182,FUTURE,TDR0110,BOOK_C,2025-03-22
TXN0000058337,APP007,2025-06-28,pending,448601.99,EUR,AMER,CP0270,FX,TDR0089,BOOK_B,2025-08-30
TXN0006580809,APP013,2025-08-08,active,993487.89,USD,AMER,CP0041,FUTURE,TDR0023,BOOK_C,2025-02-20
TXN0005617003,APP012,2025-08-11,reversed,686909.95,JPY,APAC,CP0168,SWAP,TDR0126,BOOK_B,2025-02-15
TXN0008189526,APP018,2025-09-24,reversed,762274.79,GBP,LATAM,CP0461,OPTION,TDR0026,BOOK_D,2025-03-31
TXN0003986441,APP011,2025-09-19,active,947534.31,USD,AMER,CP0330,FX,TDR0040,BOOK_C,2025-02-17
TXN0009526400,APP001,2025-10-16,active,85283.03,AUD,EMEA,CP0413,SWAP,TDR0010,BOOK_B,2026-01-30
TXN0000792199,APP009,2026-03-16,active,197544.32,EUR,AMER,CP0375,EQUITY,TDR0077,BOOK_D,2026-01-29
TXN0009635552,APP018,2026-01-22,settled,323708.93,GBP,LATAM,CP0041,BOND,TDR0096,BOOK_A,2025-01-04
TXN0005602686,APP014,2025-08-21,settled,550066.3,USD,EMEA,CP0137,OPTION,TDR0107,BOOK_D,2026-04-05
TXN0009306667,APP011,2025-11-24,pending,582665.06,AUD,APAC,CP0190,EQUITY,TDR0181,BOOK_B,2026-01-06
TXN0008292466,APP002,2025-05-06,reversed,892055.1,AUD,AMER,CP0126,OPTION,TDR0169,BOOK_C,2025-10-21
TXN0000044291,APP009,2025-10-14,failed,840891.06,AUD,AMER,CP0339,FX,TDR0183,BOOK_C,2025-12-14
TXN0003499580,APP013,2025-09-04,settled,9485.71,EUR,APAC,CP0156,FUTURE,TDR0172,BOOK_D,2025-02-23
TXN0002787935,APP001,2026-01-31,active,981832.46,CHF,APAC,CP0207,EQUITY,TDR0077,BOOK_D,2025-11-11
TXN0000412651,APP015,2025-04-07,reversed,390436.77,JPY,AMER,CP0009,OPTION,TDR0041,BOOK_C,2025-11-28
TXN0003149641,APP006,2025-06-05,settled,644281.87,JPY,APAC,CP0115,FX,TDR0128,BOOK_B,2025-03-20
TXN0007146360,APP008,2025-02-06,active,69854.33,JPY,LATAM,CP0279,FUTURE,TDR0007,BOOK_B,2025-04-27
TXN0005254747,APP008,2025-02-06,pending,871547.96,GBP,LATAM,CP0413,FX,TDR0105,BOOK_A,2025-11-03
TXN0008214463,APP016,2025-01-07,settled,976429.17,JPY,APAC,CP0077,EQUITY,TDR0152,BOOK_D,2025-05-26
TXN0001065837,APP015,2025-09-28,failed,105114.79,CHF,EMEA,CP0413,EQUITY,TDR0096,BOOK_D,2025-07-23
TXN0009977242,APP015,2025-06-11,settled,781909.51,JPY,AMER,CP0207,FUTURE,TDR0044,BOOK_B,2025-03-29
TXN0007811913,APP020,2025-08-20,pending,963913.65,JPY,LATAM,CP0183,OPTION,TDR0124,BOOK_D,2025-07-13
TXN0008746087,APP013,2025-08-31,active,839611.77,JPY,AMER,CP0308,FUTURE,TDR0010,BOOK_C,2026-02-06
TXN0000472960,APP005,2026-01-30,reversed,646087.36,CHF,AMER,CP0034,FX,TDR0020,BOOK_D,2025-03-05
TXN0002228251,APP011,2025-07-01,reversed,449643.21,AUD,LATAM,CP0227,EQUITY,TDR0160,BOOK_D,2025-11-12
TXN0009536952,APP003,2025-10-27,settled,642960.77,CHF,EMEA,CP0033,BOND,TDR0052,BOOK_C,2026-04-04
TXN0005841805,APP017,2025-07-13,active,143417.87,GBP,AMER,CP0364,FX,TDR0151,BOOK_C,2025-08-06
TXN0001207238,APP016,2025-04-18,reversed,430651.91,CHF,EMEA,CP0110,FX,TDR0079,BOOK_C,2025-02-08
TXN0004059574,APP008,2026-04-12,active,399246.52,USD,AMER,CP0037,FUTURE,TDR0186,BOOK_C,2025-11-12
TXN0000298293,APP015,2025-09-24,active,679429.78,AUD,APAC,CP0332,SWAP,TDR0118,BOOK_B,2026-04-05
TXN0004061276,APP016,2025-06-04,reversed,190439.26,CHF,EMEA,CP0094,SWAP,TDR0051,BOOK_D,2025-12-13
TXN0003351666,APP010,2025-07-18,settled,955045.94,JPY,EMEA,CP0054,SWAP,TDR0047,BOOK_B,2025-09-04
TXN0003378391,APP019,2026-01-24,pending,27248.89,JPY,AMER,CP0001,EQUITY,TDR0185,BOOK_A,2025-01-10
TXN0006387595,APP019,2026-02-11,pending,254843.76,EUR,LATAM,CP0420,EQUITY,TDR0173,BOOK_A,2025-05-22
TXN0005698207,APP009,2025-11-14,active,863220.67,GBP,EMEA,CP0275,FX,TDR0144,BOOK_B,2025-07-19
TXN0002623189,APP012,2026-03-13,reversed,444207.03,AUD,EMEA,CP0387,EQUITY,TDR0054,BOOK_C,2025-06-21
TXN0001943136,APP004,2026-03-30,settled,619698.73,JPY,APAC,CP0348,BOND,TDR0019,BOOK_A,2025-03-11
TXN0008537536,APP014,2025-04-18,pending,862976.66,GBP,AMER,CP0373,EQUITY,TDR0043,BOOK_C,2025-11-16
TXN0004124859,APP014,2025-08-25,reversed,164254.94,GBP,EMEA,CP0261,SWAP,TDR0010,BOOK_A,2025-01-03
TXN0000220951,APP008,2025-09-04,pending,786048.31,CHF,AMER,CP0054,FUTURE,TDR0021,BOOK_C,2025-09-22
TXN0008196461,APP009,2026-02-24,reversed,433262.11,CHF,APAC,CP0189,FUTURE,TDR0085,BOOK_B,2026-02-11
TXN0008472484,APP002,2025-09-08,pending,989333.72,GBP,APAC,CP0429,BOND,TDR0176,BOOK_A,2025-10-27
TXN0007595356,APP007,2025-06-05,failed,389085.84,JPY,APAC,CP0490,OPTION,TDR0130,BOOK_C,2025-12-26
TXN0002540235,APP002,2025-08-22,reversed,304578.09,CHF,LATAM,CP0451,FX,TDR0145,BOOK_D,2025-06-09
TXN0006156965,APP009,2025-12-10,pending,799018.69,JPY,APAC,CP0195,FUTURE,TDR0084,BOOK_B,2026-01-24
TXN0009675744,APP008,2025-04-15,reversed,692336.57,CHF,AMER,CP0013,FX,TDR0051,BOOK_D,2025-07-17
TXN0005469889,APP012,2026-03-31,active,874535.98,GBP,APAC,CP0149,OPTION,TDR0007,BOOK_A,2025-01-01
TXN0005031920,APP010,2025-10-27,active,987848.67,JPY,APAC,CP0094,OPTION,TDR0121,BOOK_D,2025-02-01
TXN0006978702,APP020,2025-01-20,settled,161101.45,JPY,EMEA,CP0297,SWAP,TDR0145,BOOK_A,2025-04-01
TXN0008924260,APP002,2025-12-05,failed,343187.1,EUR,APAC,CP0342,EQUITY,TDR0180,BOOK_C,2025-11-26
TXN0009464345,APP014,2026-01-05,settled,742448.19,JPY,LATAM,CP0007,FUTURE,TDR0146,BOOK_C,2025-09-10
TXN0008242310,APP017,2025-06-16,reversed,246701.7,EUR,EMEA,CP0473,EQUITY,TDR0143,BOOK_B,2025-01-04
TXN0001147915,APP018,2025-07-24,reversed,834791.85,CHF,AMER,CP0178,FUTURE,TDR0199,BOOK_B,2025-07-05
TXN0001574073,APP009,2026-02-16,failed,364735.94,AUD,EMEA,CP0067,BOND,TDR0181,BOOK_A,2025-02-13
TXN0007474079,APP019,2025-04-27,pending,956555.49,USD,AMER,CP0147,BOND,TDR0145,BOOK_A,2025-06-24
TXN0000283848,APP011,2025-09-17,pending,135611.22,JPY,LATAM,CP0437,OPTION,TDR0139,BOOK_A,2025-07-28
TXN0004853520,APP016,2026-02-11,reversed,410307.74,CHF,APAC,CP0406,BOND,TDR0065,BOOK_C,2025-06-09
TXN0005996630,APP002,2025-10-01,settled,167026.39,USD,AMER,CP0037,SWAP,TDR0082,BOOK_C,2025-02-09
TXN0002990065,APP009,2025-11-08,failed,916053.72,AUD,APAC,CP0222,EQUITY,TDR0092,BOOK_A,2025-12-06
TXN0004884344,APP001,2025-12-10,failed,72110.76,CHF,LATAM,CP0072,FUTURE,TDR0180,BOOK_C,2025-12-30
TXN0008016547,APP006,2025-07-28,settled,538322.18,JPY,AMER,CP0040,BOND,TDR0049,BOOK_D,2025-08-22
TXN0000103463,APP018,2025-06-13,failed,396736.86,CHF,AMER,CP0141,SWAP,TDR0122,BOOK_A,2026-02-26
TXN0003398553,APP015,2026-01-10,pending,364902.95,USD,AMER,CP0467,BOND,TDR0146,BOOK_C,2025-11-08
TXN0008242798,APP003,2025-11-26,active,652763.83,CHF,LATAM,CP0281,OPTION,TDR0170,BOOK_C,2025-03-12
TXN0000331969,APP002,2025-06-14,reversed,260294.07,AUD,AMER,CP0113,OPTION,TDR0057,BOOK_B,2025-10-08
TXN0002500145,APP007,2025-10-29,failed,110375.76,GBP,LATAM,CP0387,SWAP,TDR0182,BOOK_C,2026-03-28
TXN0007215662,APP003,2025-09-16,settled,250695.62,EUR,LATAM,CP0459,FX,TDR0177,BOOK_D,2025-12-24
TXN0009953341,APP013,2026-03-11,reversed,757530.19,USD,APAC,CP0290,SWAP,TDR0007,BOOK_B,2025-07-21
TXN0004859109,APP007,2025-10-18,active,244365.81,JPY,AMER,CP0282,FX,TDR0058,BOOK_C,2026-01-18
TXN0003092271,APP012,2025-06-13,active,985052.48,AUD,APAC,CP0423,FUTURE,TDR0039,BOOK_C,2026-02-06
TXN0007789621,APP017,2025-02-16,settled,649656.84,CHF,APAC,CP0454,FX,TDR0015,BOOK_C,2025-07-12
TXN0005448794,APP007,2026-01-25,settled,59212.81,USD,LATAM,CP0412,OPTION,TDR0170,BOOK_B,2025-12-02
TXN0009528852,APP001,2025-07-09,pending,696414.91,USD,EMEA,CP0423,BOND,TDR0026,BOOK_B,2026-02-03
TXN0008368955,APP010,2026-02-09,failed,999586.8,USD,EMEA,CP0338,SWAP,TDR0089,BOOK_C,2025-03-31
TXN0009085140,APP013,2025-04-07,active,490990.37,AUD,LATAM,CP0021,FX,TDR0043,BOOK_B,2025-07-24
TXN0001167648,APP014,2025-06-22,pending,403078.27,CHF,LATAM,CP0157,FUTURE,TDR0087,BOOK_A,2025-02-01
TXN0009625810,APP009,2025-11-09,settled,890047.51,JPY,APAC,CP0416,FX,TDR0012,BOOK_A,2026-02-19
TXN0009603428,APP012,2025-08-15,settled,795031.19,CHF,EMEA,CP0297,BOND,TDR0167,BOOK_A,2026-01-02
TXN0004316149,APP014,2026-01-25,failed,314345.99,CHF,APAC,CP0441,FX,TDR0110,BOOK_C,2025-03-31
TXN0005209364,APP008,2025-05-28,active,796535.03,CHF,EMEA,CP0114,OPTION,TDR0047,BOOK_D,2025-07-07
TXN0005490509,APP003,2025-06-27,failed,653241.49,JPY,AMER,CP0086,OPTION,TDR0017,BOOK_C,2025-10-02
TXN0005421519,APP002,2025-01-13,pending,584335.87,GBP,AMER,CP0005,SWAP,TDR0097,BOOK_D,2025-01-18
TXN0005249864,APP008,2026-02-09,settled,253391.28,USD,APAC,CP0256,EQUITY,TDR0195,BOOK_B,2026-03-13
TXN0006073361,APP003,2025-09-23,active,60349.07,USD,EMEA,CP0165,BOND,TDR0081,BOOK_A,2025-08-29
TXN0006807338,APP017,2025-10-08,reversed,72373.33,AUD,EMEA,CP0125,FUTURE,TDR0098,BOOK_C,2025-03-27
TXN0007399672,APP017,2025-02-14,pending,285734.03,JPY,APAC,CP0461,OPTION,TDR0157,BOOK_B,2025-02-05
TXN0005280277,APP015,2025-07-19,active,520523.06,GBP,APAC,CP0265,OPTION,TDR0165,BOOK_B,2025-09-14
TXN0003577114,APP013,2025-12-18,failed,274877.24,EUR,LATAM,CP0410,OPTION,TDR0053,BOOK_D,2025-05-27
TXN0006638386,APP005,2025-12-03,reversed,327911.6,GBP,AMER,CP0002,FX,TDR0091,BOOK_A,2025-09-05
TXN0000326957,APP018,2025-12-14,failed,263840.63,GBP,AMER,CP0079,BOND,TDR0108,BOOK_D,2025-05-01
TXN0000519422,APP013,2026-02-11,failed,881932.06,JPY,LATAM,CP0257,FX,TDR0039,BOOK_C,2026-01-18
TXN0008212500,APP006,2025-06-12,active,721864.1,USD,LATAM,CP0173,FX,TDR0138,BOOK_C,2025-12-30
TXN0008782593,APP006,2025-02-09,reversed,467972.1,EUR,AMER,CP0423,FX,TDR0174,BOOK_A,2025-12-31
TXN0005596482,APP006,2025-02-13,pending,898008.04,AUD,AMER,CP0448,SWAP,TDR0018,BOOK_C,2025-03-18
TXN0008652736,APP001,2025-06-10,active,92815.81,USD,AMER,CP0272,EQUITY,TDR0145,BOOK_D,2025-04-13
TXN0003488045,APP011,2026-03-06,active,396348.25,GBP,APAC,CP0102,FX,TDR0158,BOOK_B,2025-09-04
TXN0004504765,APP017,2026-01-07,pending,312508.47,USD,AMER,CP0344,SWAP,TDR0001,BOOK_D,2025-07-02
TXN0004998885,APP020,2025-05-19,failed,25974.71,JPY,APAC,CP0003,OPTION,TDR0017,BOOK_C,2025-04-28
TXN0009250208,APP002,2025-10-26,pending,103030.22,JPY,AMER,CP0231,BOND,TDR0141,BOOK_A,2025-12-21
TXN0001930065,APP007,2025-10-20,active,63440.55,GBP,APAC,CP0175,SWAP,TDR0164,BOOK_B,2026-01-25
TXN0000884113,APP001,2025-10-12,failed,488090.53,JPY,AMER,CP0426,FX,TDR0019,BOOK_C,2025-10-12
TXN0005996325,APP020,2026-02-28,pending,613379.66,CHF,AMER,CP0391,FUTURE,TDR0159,BOOK_D,2025-05-21
TXN0006131570,APP005,2026-01-28,pending,759748.27,CHF,EMEA,CP0302,OPTION,TDR0126,BOOK_A,2025-10-29
TXN0004440466,APP004,2025-03-11,active,621358.81,AUD,AMER,CP0082,BOND,TDR0123,BOOK_A,2026-02-23
TXN0004269785,APP009,2025-08-19,reversed,652019.42,USD,AMER,CP0413,BOND,TDR0132,BOOK_C,2025-05-19
TXN0003455548,APP011,2025-11-15,settled,216060.32,EUR,LATAM,CP0237,EQUITY,TDR0059,BOOK_C,2026-01-21
TXN0001770346,APP015,2025-11-18,settled,20401.07,EUR,LATAM,CP0245,OPTION,TDR0198,BOOK_A,2026-02-12
TXN0000390548,APP019,2025-02-11,failed,335217.53,EUR,AMER,CP0081,OPTION,TDR0061,BOOK_C,2025-08-10
TXN0002086254,APP016,2025-12-18,reversed,749257.36,CHF,EMEA,CP0236,OPTION,TDR0196,BOOK_B,2025-04-22
TXN0006205323,APP017,2025-11-30,failed,912524.52,CHF,APAC,CP0074,BOND,TDR0195,BOOK_B,2025-07-12
TXN0000387180,APP017,2026-02-11,pending,471646.38,JPY,APAC,CP0273,BOND,TDR0195,BOOK_B,2025-02-02
TXN0001512968,APP016,2025-07-26,active,970034.36,AUD,APAC,CP0095,SWAP,TDR0043,BOOK_D,2026-02-14
TXN0003171068,APP006,2026-02-01,failed,928255.9,JPY,LATAM,CP0118,SWAP,TDR0060,BOOK_D,2025-04-01
TXN0007248268,APP019,2025-12-23,failed,116806.04,JPY,APAC,CP0026,FX,TDR0181,BOOK_D,2025-05-14
TXN0001716633,APP020,2025-08-09,reversed,417972.7,JPY,LATAM,CP0462,OPTION,TDR0034,BOOK_B,2026-01-15
TXN0004021462,APP004,2025-04-27,active,973923.06,USD,APAC,CP0206,FUTURE,TDR0010,BOOK_A,2025-08-26
TXN0000268208,APP005,2026-04-01,failed,559018.89,AUD,APAC,CP0345,EQUITY,TDR0074,BOOK_A,2025-12-20
TXN0000709360,APP013,2025-07-01,pending,980832.96,CHF,AMER,CP0323,FX,TDR0085,BOOK_B,2025-02-06
TXN0002307425,APP003,2025-03-29,failed,288801.96,EUR,LATAM,CP0238,EQUITY,TDR0089,BOOK_A,2025-04-15
TXN0009934475,APP018,2025-10-31,reversed,409583.94,JPY,LATAM,CP0461,OPTION,TDR0048,BOOK_A,2025-11-16
TXN0004244479,APP006,2026-01-24,failed,34118.64,CHF,LATAM,CP0430,EQUITY,TDR0103,BOOK_D,2025-02-14
TXN0005734235,APP013,2026-03-10,failed,597593.06,USD,APAC,CP0433,EQUITY,TDR0049,BOOK_C,2025-08-11
TXN0000854468,APP008,2026-02-23,active,717477.9,AUD,APAC,CP0385,EQUITY,TDR0121,BOOK_D,2025-06-24
TXN0009912398,APP011,2026-01-13,settled,503336.26,JPY,APAC,CP0416,OPTION,TDR0050,BOOK_D,2025-06-11
TXN0007477764,APP014,2026-01-26,failed,625476.39,EUR,AMER,CP0159,EQUITY,TDR0141,BOOK_D,2026-03-21
TXN0007727406,APP020,2025-12-20,settled,529312.03,GBP,AMER,CP0436,FUTURE,TDR0169,BOOK_D,2025-09-09
TXN0005316436,APP005,2025-05-31,reversed,381701.71,AUD,EMEA,CP0169,FX,TDR0105,BOOK_A,2025-04-04
TXN0008205101,APP008,2026-03-16,pending,348136.73,JPY,LATAM,CP0289,BOND,TDR0059,BOOK_B,2025-06-10
TXN0001564409,APP010,2025-05-28,failed,293052.32,USD,APAC,CP0145,EQUITY,TDR0099,BOOK_C,2025-02-12
TXN0006558912,APP002,2026-02-15,failed,339015.44,CHF,APAC,CP0141,FUTURE,TDR0111,BOOK_D,2025-10-16
TXN0004432767,APP012,2026-01-14,failed,821157.82,GBP,APAC,CP0409,EQUITY,TDR0188,BOOK_C,2025-08-23
TXN0003153041,APP011,2025-05-21,pending,546080.81,EUR,AMER,CP0388,EQUITY,TDR0200,BOOK_C,2025-12-20
TXN0000759731,APP008,2025-01-08,failed,204087.19,AUD,APAC,CP0278,OPTION,TDR0044,BOOK_B,2025-03-24
TXN0009624401,APP008,2025-01-24,failed,426590.02,AUD,APAC,CP0205,SWAP,TDR0026,BOOK_D,2025-06-19
TXN0000631991,APP017,2025-01-05,settled,774895.52,GBP,AMER,CP0358,SWAP,TDR0070,BOOK_C,2025-02-18
TXN0003243103,APP016,2025-05-26,active,363927.75,USD,APAC,CP0483,FUTURE,TDR0151,BOOK_A,2026-02-17
TXN0000608287,APP003,2025-03-25,reversed,560339.92,AUD,AMER,CP0266,FX,TDR0026,BOOK_A,2025-12-09
TXN0006670726,APP002,2025-11-28,failed,342056.55,JPY,LATAM,CP0067,BOND,TDR0123,BOOK_B,2025-12-25
TXN0009752012,APP006,2026-04-06,reversed,306964.17,CHF,APAC,CP0367,BOND,TDR0180,BOOK_C,2025-04-10
TXN0009482110,APP008,2025-10-16,settled,553232.79,CHF,APAC,CP0001,OPTION,TDR0072,BOOK_B,2025-06-10
TXN0006579697,APP011,2025-10-25,pending,999112.55,CHF,APAC,CP0402,OPTION,TDR0025,BOOK_C,2025-06-03
TXN0002537598,APP004,2025-09-29,active,171056.14,AUD,APAC,CP0330,EQUITY,TDR0008,BOOK_C,2025-04-15
TXN0003398281,APP016,2025-06-02,pending,143688.22,EUR,APAC,CP0413,SWAP,TDR0019,BOOK_D,2025-07-20
TXN0001041727,APP012,2026-02-23,failed,242268.81,CHF,AMER,CP0410,EQUITY,TDR0120,BOOK_A,2025-03-15
TXN0001409220,APP001,2025-03-08,active,772611.07,EUR,AMER,CP0201,SWAP,TDR0062,BOOK_A,2025-07-18
TXN0000706053,APP020,2025-06-11,pending,791873.38,GBP,EMEA,CP0319,FUTURE,TDR0123,BOOK_B,2026-03-09
TXN0007062419,APP005,2026-04-01,settled,101958.09,AUD,EMEA,CP0204,BOND,TDR0134,BOOK_A,2025-10-12
TXN0006344095,APP008,2025-06-19,failed,158422.27,USD,AMER,CP0186,BOND,TDR0137,BOOK_A,2025-07-10
TXN0001680366,APP019,2026-03-04,failed,819871.8,CHF,LATAM,CP0359,FX,TDR0130,BOOK_B,2025-06-05
TXN0006113953,APP011,2025-01-24,failed,448662.86,USD,LATAM,CP0259,FUTURE,TDR0014,BOOK_C,2025-02-06
TXN0002273719,APP009,2025-01-27,settled,951787.5,GBP,APAC,CP0257,FX,TDR0198,BOOK_D,2026-04-10
TXN0000529579,APP007,2025-08-03,settled,437528.02,EUR,APAC,CP0285,OPTION,TDR0043,BOOK_D,2026-02-18
TXN0001092185,APP019,2025-08-23,failed,387458.94,EUR,AMER,CP0438,FX,TDR0046,BOOK_D,2025-07-19
TXN0008908220,APP012,2025-08-07,failed,837058.75,JPY,LATAM,CP0484,EQUITY,TDR0175,BOOK_D,2025-09-20
TXN0007228603,APP004,2025-08-03,pending,969095.6,JPY,EMEA,CP0187,OPTION,TDR0082,BOOK_C,2025-10-09
TXN0004552110,APP008,2026-01-11,failed,774457.76,CHF,APAC,CP0290,FX,TDR0188,BOOK_A,2025-06-23
TXN0006404636,APP014,2025-04-27,pending,312221.43,CHF,EMEA,CP0161,FX,TDR0134,BOOK_B,2025-05-09
TXN0001380959,APP005,2025-07-31,active,76944.91,GBP,EMEA,CP0077,OPTION,TDR0167,BOOK_A,2025-03-22
TXN0002342247,APP001,2025-04-28,failed,965792.98,JPY,AMER,CP0273,EQUITY,TDR0097,BOOK_C,2026-03-29
TXN0003766234,APP005,2025-02-03,pending,395110.82,USD,LATAM,CP0427,FX,TDR0008,BOOK_D,2025-12-12
TXN0009164228,APP020,2025-09-01,reversed,976817.03,JPY,LATAM,CP0309,FX,TDR0193,BOOK_C,2025-12-09
TXN0001448621,APP008,2025-08-10,failed,45901.62,GBP,AMER,CP0214,EQUITY,TDR0100,BOOK_A,2025-09-25
TXN0001981348,APP007,2026-04-10,settled,715061.33,EUR,LATAM,CP0093,FX,TDR0144,BOOK_C,2025-09-09
TXN0008732662,APP017,2025-04-18,failed,289258.7,AUD,AMER,CP0460,SWAP,TDR0055,BOOK_B,2026-03-06
TXN0002055218,APP009,2025-05-25,pending,915640.18,USD,EMEA,CP0302,FUTURE,TDR0089,BOOK_A,2026-04-08
TXN0003672817,APP020,2025-09-10,active,265468.46,CHF,APAC,CP0388,OPTION,TDR0197,BOOK_D,2025-02-04
TXN0009264362,APP007,2025-03-03,settled,66535.84,AUD,APAC,CP0355,EQUITY,TDR0068,BOOK_D,2025-05-08
TXN0001939846,APP014,2025-12-14,failed,689495.59,EUR,LATAM,CP0183,EQUITY,TDR0153,BOOK_C,2026-04-07
TXN0003772993,APP006,2025-09-29,reversed,630896.91,EUR,APAC,CP0385,BOND,TDR0137,BOOK_D,2026-01-04
TXN0005341170,APP001,2025-06-16,pending,506005.66,AUD,EMEA,CP0014,FUTURE,TDR0160,BOOK_A,2026-04-12
TXN0007081949,APP016,2025-11-08,failed,251015.24,AUD,EMEA,CP0206,OPTION,TDR0102,BOOK_B,2025-10-28
TXN0000322166,APP003,2025-11-05,settled,837493.67,AUD,EMEA,CP0174,FUTURE,TDR0052,BOOK_B,2026-02-24
TXN0002392591,APP002,2026-02-02,active,168678.13,USD,LATAM,CP0114,SWAP,TDR0045,BOOK_C,2025-12-19
TXN0004224706,APP015,2025-04-18,pending,32537.68,AUD,AMER,CP0418,EQUITY,TDR0108,BOOK_D,2025-07-24
TXN0000666579,APP020,2025-05-11,pending,62107.95,JPY,APAC,CP0075,FUTURE,TDR0020,BOOK_B,2025-05-15
TXN0008440338,APP008,2025-07-10,failed,269072.88,CHF,AMER,CP0224,BOND,TDR0121,BOOK_D,2025-06-20
TXN0000056802,APP012,2025-04-08,settled,190600.89,EUR,APAC,CP0261,OPTION,TDR0184,BOOK_A,2025-11-09
TXN0001170036,APP005,2025-07-28,reversed,813091.6,CHF,EMEA,CP0193,FUTURE,TDR0062,BOOK_D,2025-03-15
TXN0005438679,APP007,2025-04-26,active,627097.42,JPY,AMER,CP0304,BOND,TDR0178,BOOK_C,2025-02-14
TXN0008314698,APP007,2025-07-27,pending,823816.67,AUD,APAC,CP0268,FX,TDR0054,BOOK_B,2026-04-08
TXN0008854020,APP007,2025-07-16,failed,311707.45,USD,AMER,CP0348,FUTURE,TDR0118,BOOK_C,2025-02-05
TXN0000967181,APP019,2026-03-07,reversed,332295.64,CHF,AMER,CP0219,EQUITY,TDR0021,BOOK_C,2026-03-25
TXN0005310716,APP020,2025-10-03,pending,74721.13,AUD,EMEA,CP0318,EQUITY,TDR0140,BOOK_C,2025-06-16
TXN0000761762,APP009,2025-01-18,active,772891.21,EUR,AMER,CP0054,FUTURE,TDR0164,BOOK_B,2025-04-23
TXN0003603562,APP011,2025-02-14,active,81077.31,AUD,LATAM,CP0312,FUTURE,TDR0114,BOOK_C,2025-11-22
TXN0004691236,APP002,2025-08-14,active,192544.8,USD,EMEA,CP0288,FUTURE,TDR0104,BOOK_A,2025-12-07
TXN0004081129,APP002,2025-05-16,pending,282187.26,EUR,AMER,CP0183,BOND,TDR0153,BOOK_B,2026-02-03
TXN0006692373,APP017,2025-10-07,active,477313.55,CHF,LATAM,CP0419,SWAP,TDR0101,BOOK_B,2025-02-19
TXN0000576938,APP003,2025-12-26,active,683893.89,AUD,AMER,CP0338,FUTURE,TDR0127,BOOK_B,2025-05-07
TXN0006856576,APP019,2025-07-01,reversed,244569.96,EUR,LATAM,CP0193,EQUITY,TDR0048,BOOK_D,2025-06-16
TXN0007142280,APP018,2026-01-04,pending,912874.78,GBP,APAC,CP0190,OPTION,TDR0196,BOOK_D,2025-01-22
TXN0000873605,APP008,2025-04-03,failed,503549.37,GBP,AMER,CP0064,OPTION,TDR0047,BOOK_D,2025-06-22
TXN0005334932,APP007,2025-03-20,active,740723.69,GBP,LATAM,CP0031,SWAP,TDR0091,BOOK_D,2025-02-01
TXN0000284171,APP003,2025-06-21,failed,50653.2,JPY,EMEA,CP0442,BOND,TDR0157,BOOK_C,2025-06-03
TXN0006715735,APP006,2026-03-13,pending,91647.04,GBP,AMER,CP0404,SWAP,TDR0034,BOOK_D,2025-06-13
TXN0001031957,APP010,2025-08-22,pending,782148.82,USD,AMER,CP0043,OPTION,TDR0161,BOOK_C,2025-08-02
TXN0006019594,APP010,2026-04-14,settled,930106.3,CHF,APAC,CP0400,FUTURE,TDR0067,BOOK_B,2025-04-04
TXN0005060405,APP012,2025-12-10,pending,987659.78,CHF,EMEA,CP0302,SWAP,TDR0028,BOOK_B,2025-04-10
TXN0005488262,APP009,2025-03-06,failed,120395.31,AUD,APAC,CP0455,BOND,TDR0018,BOOK_C,2025-04-29
TXN0009299376,APP013,2025-12-20,pending,815215.38,GBP,LATAM,CP0064,EQUITY,TDR0072,BOOK_C,2025-10-05
TXN0009244459,APP019,2025-09-10,failed,270280.86,EUR,EMEA,CP0161,FX,TDR0019,BOOK_A,2025-03-27
TXN0009916541,APP012,2025-12-17,failed,520490.48,USD,AMER,CP0392,SWAP,TDR0035,BOOK_C,2025-06-12
TXN0000336790,APP004,2025-02-04,failed,252586.88,AUD,APAC,CP0264,OPTION,TDR0156,BOOK_D,2025-03-15
TXN0008040432,APP009,2026-03-26,pending,844816.66,USD,AMER,CP0203,FUTURE,TDR0136,BOOK_D,2026-03-17
TXN0007772960,APP019,2025-04-03,reversed,333072.82,JPY,LATAM,CP0330,SWAP,TDR0028,BOOK_B,2025-06-21
TXN0000319212,APP015,2026-03-26,settled,976358.38,USD,APAC,CP0124,OPTION,TDR0174,BOOK_D,2025-06-24
TXN0005120187,APP016,2026-02-02,reversed,234244.89,EUR,LATAM,CP0418,OPTION,TDR0170,BOOK_A,2025-04-16
TXN0001231625,APP012,2026-03-06,reversed,940868.84,GBP,EMEA,CP0311,SWAP,TDR0140,BOOK_A,2026-01-27
TXN0001249679,APP015,2026-03-13,reversed,486644.14,CHF,EMEA,CP0148,OPTION,TDR0082,BOOK_D,2025-06-08
TXN0000020927,APP015,2025-06-14,pending,534860.96,CHF,APAC,CP0328,OPTION,TDR0059,BOOK_D,2025-03-04
TXN0006378013,APP020,2025-01-06,settled,557151.93,AUD,LATAM,CP0297,BOND,TDR0133,BOOK_B,2025-02-28
TXN0007667560,APP009,2025-06-09,failed,760219.23,AUD,AMER,CP0454,SWAP,TDR0183,BOOK_D,2025-03-03
TXN0008140556,APP010,2025-02-05,reversed,619514.39,JPY,APAC,CP0046,BOND,TDR0090,BOOK_D,2026-01-07
TXN0000607010,APP017,2025-09-17,reversed,915345.61,USD,EMEA,CP0323,FX,TDR0172,BOOK_C,2025-08-13
TXN0003184071,APP010,2025-07-02,settled,171983.74,JPY,EMEA,CP0070,FX,TDR0010,BOOK_D,2025-11-26
TXN0002519273,APP006,2025-01-16,settled,244442.32,JPY,EMEA,CP0447,FUTURE,TDR0168,BOOK_C,2025-06-04
TXN0008922056,APP019,2025-10-28,settled,684577.63,GBP,EMEA,CP0085,EQUITY,TDR0067,BOOK_B,2026-01-11
TXN0008202160,APP001,2026-02-23,active,533358.1,GBP,APAC,CP0286,SWAP,TDR0101,BOOK_D,2025-05-19
TXN0008482003,APP019,2026-04-09,settled,197231.94,USD,EMEA,CP0261,EQUITY,TDR0052,BOOK_D,2025-09-03
TXN0009625268,APP016,2025-05-06,failed,686493.86,JPY,LATAM,CP0216,FUTURE,TDR0149,BOOK_C,2025-08-18
TXN0005423785,APP002,2026-02-01,pending,210929.59,GBP,APAC,CP0260,BOND,TDR0179,BOOK_D,2025-05-09
TXN0000141456,APP017,2025-10-19,pending,943006.47,AUD,EMEA,CP0316,BOND,TDR0041,BOOK_D,2026-01-14
TXN0006547676,APP004,2026-01-17,active,766002.9,EUR,LATAM,CP0421,EQUITY,TDR0018,BOOK_D,2025-04-30
TXN0006337336,APP019,2026-01-27,pending,682515.75,JPY,EMEA,CP0320,OPTION,TDR0199,BOOK_A,2025-04-30
TXN0005224895,APP014,2025-06-01,reversed,53779.3,JPY,APAC,CP0241,SWAP,TDR0137,BOOK_D,2026-02-01
