transaction_id,application_id,business_date,status,amount,currency,region,counterparty_id,product_code,trader_id,book,value_date
TXN0005105625,APP009,2025-03-12,pending,87771.48,EUR,EMEA,CP0260,OPTION,TDR0163,BOOK_C,2026-01-21
TXN0006872737,APP003,2025-02-26,active,716073.18,AUD,EMEA,CP0032,FUTURE,TDR0043,BOOK_C,2026-02-28
TXN0000271403,APP020,2025-10-14,settled,252979.11,EUR,EMEA,CP0184,FX,TDR0129,BOOK_C,2026-02-05
TXN0006939600,APP008,2025-05-28,active,766051.75,AUD,AMER,CP0238,FX,TDR0123,BOOK_B,2025-03-31
TXN0003295982,APP017,2025-06-01,pending,312899.08,GBP,EMEA,CP0092,FX,TDR0194,BOOK_B,2026-02-14
TXN0001742028,APP004,2026-03-22,failed,252769.01,GBP,APAC,CP0105,FUTURE,TDR0009,BOOK_A,2025-06-08
TXN0002416845,APP018,2025-02-04,pending,317812.81,JPY,LATAM,CP0288,BOND,TDR0091,BOOK_C,2025-05-27
TXN0006651370,APP009,2025-10-30,pending,941603.22,AUD,APAC,CP0377,SWAP,TDR0053,BOOK_A,2025-10-20
TXN0006970569,APP004,2025-07-11,pending,718763.59,AUD,LATAM,CP0286,SWAP,TDR0050,BOOK_D,2025-05-24
TXN0007759336,APP002,2026-01-24,reversed,792192.89,EUR,AMER,CP0179,OPTION,TDR0162,BOOK_D,2025-01-05
TXN0007586578,APP007,2025-01-05,failed,430895.92,GBP,EMEA,CP0377,EQUITY,TDR0110,BOOK_C,2026-03-06
TXN0006973542,APP003,2025-08-18,reversed,208939.53,USD,LATAM,CP0048,EQUITY,TDR0071,BOOK_C,2025-05-17
TXN0009658308,APP018,2025-10-09,active,702519.74,EUR,EMEA,CP0052,BOND,TDR0079,BOOK_C,2025-05-02
TXN0003978319,APP019,2025-07-04,active,958056.23,CHF,AMER,CP0183,SWAP,TDR0185,BOOK_B,2025-01-29
TXN0003863467,APP010,2025-03-08,active,898810.25,USD,LATAM,CP0114,SWAP,TDR0014,BOOK_D,2025-10-07
TXN0005378103,APP008,2025-02-16,pending,606138.5,GBP,EMEA,CP0416,SWAP,TDR0087,BOOK_B,2026-04-10
TXN0006147168,APP005,2025-07-02,settled,266240.7,AUD,AMER,CP0189,EQUITY,TDR0135,BOOK_B,2025-08-02
TXN0005033020,APP012,2025-01-11,failed,512839.55,JPY,LATAM,CP0309,OPTION,TDR0018,BOOK_A,2025-01-16
TXN0001469247,APP009,2025-04-10,settled,565386.47,EUR,LATAM,CP0245,FUTURE,TDR0083,BOOK_A,2025-06-09
TXN0008839123,APP005,2025-06-20,failed,254307.09,CHF,APAC,CP0358,OPTION,TDR0033,BOOK_B,2025-12-11
TXN0007379991,APP015,2025-10-25,settled,463456.59,USD,AMER,CP0466,EQUITY,TDR0180,BOOK_C,2025-11-14
TXN0001748609,APP001,2025-04-29,active,624879.22,JPY,LATAM,CP0337,OPTION,TDR0145,BOOK_C,2025-02-08
TXN0000945337,APP015,2025-02-10,failed,274793.4,AUD,APAC,CP0065,BOND,TDR0176,BOOK_C,2025-11-14
TXN0003548112,APP008,2026-02-27,pending,784410.87,USD,APAC,CP0209,OPTION,TDR0038,BOOK_D,2026-03-10
TXN0007063323,APP018,2026-03-22,settled,965798.82,EUR,APAC,CP0267,OPTION,TDR0136,BOOK_B,2026-02-08
TXN0003056258,APP013,2025-02-13,failed,807847.98,AUD,EMEA,CP0285,EQUITY,TDR0198,BOOK_C,2026-01-16
TXN0008041881,APP011,2025-03-30,reversed,155634.51,AUD,EMEA,CP0253,SWAP,TDR0170,BOOK_B,2025-06-18
TXN0006105467,APP004,2025-07-06,pending,454314.0,AUD,LATAM,CP0355,FX,TDR0117,BOOK_B,2025-12-09
TXN0006056752,APP006,2025-05-06,reversed,264837.72,AUD,APAC,CP0145,EQUITY,TDR0197,BOOK_A,2025-12-08
TXN0000585638,APP005,2025-01-16,active,240693.38,EUR,APAC,CP0401,SWAP,TDR0053,BOOK_C,2026-04-09
TXN0002269955,APP011,2026-01-19,settled,728551.13,CHF,LATAM,CP0077,EQUITY,TDR0047,BOOK_D,2025-11-09
TXN0003424877,APP007,2025-11-13,pending,638408.48,AUD,AMER,CP0003,BOND,TDR0161,BOOK_D,2025-02-06
TXN0003548836,APP001,2025-10-03,pending,484268.15,JPY,APAC,CP0054,OPTION,TDR0156,BOOK_C,2025-12-24
TXN0009114320,APP007,2025-08-09,pending,580331.26,GBP,LATAM,CP0455,FX,TDR0121,BOOK_A,2026-02-03
TXN0003518420,APP009,2025-10-12,active,765271.32,EUR,LATAM,CP0323,SWAP,TDR0189,BOOK_A,2025-06-23
TXN0000339288,APP009,2026-02-07,reversed,806600.36,EUR,AMER,CP0003,EQUITY,TDR0048,BOOK_D,2026-04-02
TXN0000464594,APP012,2025-06-06,active,670825.44,EUR,LATAM,CP0215,FX,TDR0082,BOOK_C,2026-01-27
TXN0006689393,APP020,2025-02-02,settled,589152.57,JPY,AMER,CP0440,FUTURE,TDR0029,BOOK_A,2025-02-23
TXN0000745212,APP011,2025-09-17,reversed,452604.49,GBP,EMEA,CP0048,SWAP,TDR0095,BOOK_A,2025-04-04
TXN0005053610,APP015,2025-12-22,settled,170800.04,GBP,EMEA,CP0065,SWAP,TDR0134,BOOK_A,2025-04-06
TXN0005731435,APP005,2026-04-08,reversed,252907.35,USD,LATAM,CP0283,FUTURE,TDR0040,BOOK_A,2025-04-26
TXN0009909156,APP015,2025-03-15,active,444520.98,EUR,LATAM,CP0121,EQUITY,TDR0082,BOOK_D,2025-01-04
TXN0004278528,APP018,2025-03-09,settled,465114.66,GBP,APAC,CP0172,BOND,TDR0112,BOOK_C,2025-04-08
TXN0004631898,APP011,2025-03-05,settled,721111.02,USD,LATAM,CP0094,SWAP,TDR0069,BOOK_C,2025-12-25
TXN0004790447,APP014,2026-02-07,pending,93443.34,JPY,AMER,CP0260,OPTION,TDR0118,BOOK_A,2025-05-04
TXN0002820726,APP010,2025-01-03,reversed,404761.65,AUD,APAC,CP0345,EQUITY,TDR0038,BOOK_B,2025-12-06
TXN0008022079,APP001,2025-10-04,settled,438140.52,EUR,LATAM,CP0441,EQUITY,TDR0026,BOOK_C,2025-06-20
TXN0005884790,APP007,2025-03-28,reversed,99040.82,CHF,LATAM,CP0202,EQUITY,TDR0030,BOOK_A,2025-04-27
TXN0003130171,APP004,2025-10-23,settled,171727.71,EUR,APAC,CP0288,FX,TDR0025,BOOK_D,2025-04-13
TXN0005758198,APP001,2025-05-30,pending,336011.57,JPY,LATAM,CP0254,EQUITY,TDR0145,BOOK_B,2025-10-10
TXN0005077269,APP011,2025-07-06,reversed,220308.12,GBP,LATAM,CP0033,SWAP,TDR0059,BOOK_A,2026-02-14
TXN0005617805,APP012,2026-01-22,failed,269937.58,USD,APAC,CP0497,EQUITY,TDR0118,BOOK_D,2025-12-24
TXN0003630658,APP018,2025-07-24,failed,190934.94,JPY,AMER,CP0463,FX,TDR0074,BOOK_C,2025-08-23
TXN0002212607,APP008,2025-12-26,failed,893962.16,AUD,APAC,CP0417,SWAP,TDR0076,BOOK_B,2025-08-12
TXN0005907973,APP006,2025-05-26,failed,235577.04,AUD,APAC,CP0338,FX,TDR0119,BOOK_C,2025-06-22
TXN0008140063,APP001,2025-10-24,reversed,263133.81,USD,AMER,CP0137,OPTION,TDR0130,BOOK_A,2025-02-18
TXN0003692877,APP005,2025-08-01,failed,434792.46,USD,LATAM,CP0445,SWAP,TDR0145,BOOK_A,2025-11-01
TXN0009138580,APP004,2025-04-30,active,278395.27,USD,APAC,CP0391,OPTION,TDR0092,BOOK_D,2025-12-05
TXN0006018975,APP015,2025-08-30,pending,188976.68,GBP,EMEA,CP0023,BOND,TDR0064,BOOK_A,2026-02-14
TXN0006729735,APP019,2025-10-30,reversed,333449.8,GBP,AMER,CP0499,SWAP,TDR0036,BOOK_C,2026-04-03
TXN0003264817,APP019,2026-02-25,settled,72466.57,AUD,LATAM,CP0127,EQUITY,TDR0186,BOOK_D,2025-11-26
TXN0009432486,APP016,2026-03-30,reversed,76114.87,GBP,APAC,CP0287,FUTURE,TDR0069,BOOK_B,2025-04-02
TXN0000966956,APP008,2025-05-28,failed,913615.17,CHF,LATAM,CP0068,FX,TDR0110,BOOK_B,2025-10-26
TXN0007657778,APP001,2025-07-10,pending,292846.33,JPY,APAC,CP0052,SWAP,TDR0049,BOOK_A,2025-12-31
TXN0009160869,APP002,2025-10-31,failed,577107.42,EUR,AMER,CP0315,SWAP,TDR0200,BOOK_A,2025-06-24
TXN0004008492,APP012,2025-09-09,reversed,94980.92,EUR,APAC,CP0028,OPTION,TDR0172,BOOK_B,2025-05-23
TXN0002794452,APP002,2026-02-02,failed,376361.28,AUD,APAC,CP0369,BOND,TDR0104,BOOK_C,2025-09-30
TXN0001644073,APP006,2025-02-18,settled,676846.65,GBP,AMER,CP0130,FX,TDR0192,BOOK_B,2025-03-07
TXN0000632085,APP012,2026-02-27,reversed,581061.96,GBP,APAC,CP0209,BOND,TDR0114,BOOK_B,2025-08-29
TXN0001495493,APP003,2025-11-17,active,438272.29,USD,EMEA,CP0340,EQUITY,TDR0138,BOOK_A,2025-12-30
TXN0007081200,APP018,2025-08-01,settled,753232.22,CHF,LATAM,CP0150,EQUITY,TDR0093,BOOK_D,2026-03-21
TXN0008783790,APP001,2026-01-17,settled,122252.45,AUD,EMEA,CP0012,BOND,TDR0111,BOOK_B,2026-01-03
TXN0005398119,APP017,2025-11-11,settled,438780.46,CHF,LATAM,CP0125,SWAP,TDR0101,BOOK_C,2025-05-08
TXN0009107491,APP017,2026-03-09,settled,312644.7,EUR,AMER,CP0319,OPTION,TDR0165,BOOK_B,2026-02-01
TXN0006693848,APP007,2025-03-30,reversed,388288.41,GBP,LATAM,CP0195,FUTURE,TDR0080,BOOK_B,2026-03-29
TXN0002242862,APP017,2025-12-15,settled,765882.03,JPY,AMER,CP0032,SWAP,TDR0163,BOOK_A,2025-03-12
TXN0008066293,APP007,2025-09-29,active,615556.59,AUD,APAC,CP0164,EQUITY,TDR0028,BOOK_A,2025-02-14
TXN0007736389,APP007,2025-10-10,reversed,982238.6,CHF,AMER,CP0210,FX,TDR0156,BOOK_D,2025-08-14
TXN0006572316,APP013,2025-03-06,failed,66946.75,JPY,AMER,CP0313,OPTION,TDR0197,BOOK_C,2026-01-29
TXN0002290813,APP007,2025-11-29,failed,857140.39,EUR,APAC,CP0288,FUTURE,TDR0071,BOOK_C,2025-09-02
TXN0008857595,APP003,2025-07-17,failed,110985.26,USD,AMER,CP0154,FX,TDR0048,BOOK_A,2025-07-17
TXN0003821452,APP005,2025-04-06,active,34475.96,EUR,LATAM,CP0237,SWAP,TDR0055,BOOK_A,2026-01-07
TXN0002656230,APP014,2025-05-06,settled,194889.63,AUD,LATAM,CP0411,SWAP,TDR0116,BOOK_A,2025-01-26
TXN0008365297,APP016,2025-05-27,pending,447476.75,GBP,APAC,CP0402,FUTURE,TDR0029,BOOK_B,2026-03-21
TXN0003859228,APP016,2025-01-10,reversed,705381.1,EUR,LATAM,CP0111,FX,TDR0082,BOOK_C,2025-02-04
TXN0001470793,APP015,2025-04-09,pending,112734.56,CHF,LATAM,CP0228,FUTURE,TDR0017,BOOK_B,2025-04-18
TXN0003488234,APP002,2026-02-11,settled,424550.6,USD,APAC,CP0465,FUTURE,TDR0135,BOOK_B,2025-01-18
TXN0001332746,APP019,2025-08-18,settled,532531.4,JPY,APAC,CP0335,BOND,TDR0073,BOOK_B,2025-05-29
TXN0008763182,APP017,2025-01-07,reversed,466492.55,GBP,APAC,CP0247,FX,TDR0066,BOOK_B,2025-06-21
TXN0002310695,APP016,2025-07-15,settled,839290.12,JPY,APAC,CP0126,BOND,TDR0069,BOOK_B,2025-04-15
TXN0003741918,APP016,2025-07-21,settled,96736.02,JPY,APAC,CP0484,FUTURE,TDR0199,BOOK_D,2025-07-28
TXN0008135640,APP010,2025-08-13,pending,61698.06,AUD,AMER,CP0217,BOND,TDR0072,BOOK_D,2025-06-16
TXN0002337950,APP020,2025-10-24,reversed,808362.37,AUD,AMER,CP0204,FX,TDR0053,BOOK_B,2025-08-24
TXN0002182991,APP020,2025-07-02,failed,137075.38,GBP,AMER,CP0264,FUTURE,TDR0019,BOOK_C,2025-01-07
TXN0005112250,APP012,2025-10-25,reversed,46278.92,JPY,APAC,CP0061,EQUITY,TDR0194,BOOK_A,2026-03-12
TXN0008646785,APP010,2025-08-31,failed,173836.01,AUD,APAC,CP0484,FUTURE,TDR0113,BOOK_D,2025-08-07
TXN0002972107,APP006,2025-05-07,pending,994034.66,EUR,LATAM,CP0117,OPTION,TDR0125,BOOK_A,2026-03-31
TXN0004012686,APP018,2025-03-05,settled,574772.98,JPY,EMEA,CP0337,SWAP,TDR0197,BOOK_B,2025-06-24
TXN0008664610,APP002,2025-12-15,pending,4767.92,USD,APAC,CP0246,OPTION,TDR0136,BOOK_B,2025-07-01
TXN0004376136,APP017,2025-12-17,active,726220.22,JPY,LATAM,CP0118,SWAP,TDR0073,BOOK_A,2025-01-05
TXN0005170514,APP003,2025-08-19,pending,687541.87,GBP,APAC,CP0414,BOND,TDR0087,BOOK_D,2025-08-08
TXN0000988183,APP003,2025-03-16,active,501955.68,CHF,LATAM,CP0340,EQUITY,TDR0197,BOOK_C,2025-11-22
TXN0003225378,APP019,2025-12-05,reversed,605988.4,AUD,EMEA,CP0489,SWAP,TDR0198,BOOK_B,2025-10-24
TXN0009182201,APP008,2026-01-08,pending,946276.2,AUD,EMEA,CP0051,OPTION,TDR0014,BOOK_B,2025-06-30
TXN0003525344,APP014,2025-11-18,reversed,700160.31,JPY,LATAM,CP0317,SWAP,TDR0091,BOOK_B,2025-08-15
TXN0003003480,APP015,2025-07-03,reversed,65095.11,AUD,EMEA,CP0236,EQUITY,TDR0048,BOOK_D,2025-08-02
TXN0001159114,APP015,2025-04-15,active,978540.2,USD,AMER,CP0331,BOND,TDR0045,BOOK_A,2025-07-28
TXN0005588259,APP006,2026-03-16,settled,876566.26,AUD,APAC,CP0407,BOND,TDR0191,BOOK_A,2026-01-10
TXN0006410118,APP014,2025-09-17,active,964644.02,USD,AMER,CP0351,EQUITY,TDR0089,BOOK_C,2025-09-24
TXN0002538066,APP013,2025-07-09,failed,165515.83,CHF,APAC,CP0231,OPTION,TDR0136,BOOK_B,2025-02-16
TXN0007424686,APP019,2025-05-04,active,78722.24,EUR,EMEA,CP0057,OPTION,TDR0038,BOOK_D,2025-06-01
TXN0009464180,APP005,2025-12-20,pending,387820.23,EUR,LATAM,CP0375,EQUITY,TDR0174,BOOK_D,2025-06-23
TXN0006195080,APP005,2026-01-21,pending,768288.08,JPY,APAC,CP0225,EQUITY,TDR0126,BOOK_B,2025-07-28
TXN0002018712,APP008,2026-02-26,reversed,529850.08,AUD,APAC,CP0400,OPTION,TDR0063,BOOK_C,2026-04-02
TXN0005933861,APP013,2025-12-26,settled,269415.41,EUR,AMER,CP0206,BOND,TDR0093,BOOK_C,2025-02-17
TXN0009128012,APP016,2025-04-11,settled,171646.62,GBP,AMER,CP0306,FX,TDR0063,BOOK_C,2026-01-23
TXN0001486715,APP008,2025-01-02,pending,629143.34,AUD,EMEA,CP0443,EQUITY,TDR0070,BOOK_C,2026-03-10
TXN0000779124,APP012,2025-04-05,pending,722479.67,JPY,APAC,CP0420,BOND,TDR0060,BOOK_C,2025-08-19
TXN0002158405,APP002,2026-01-30,failed,103378.09,USD,AMER,CP0050,BOND,TDR0184,BOOK_D,2025-12-23
TXN0008705924,APP014,2025-03-15,settled,451261.84,CHF,APAC,CP0132,OPTION,TDR0060,BOOK_B,2025-09-02
TXN0007606842,APP011,2026-03-16,active,615074.54,CHF,AMER,CP0025,SWAP,TDR0064,BOOK_B,2026-03-31
TXN0003473604,APP007,2025-12-23,settled,618869.72,USD,APAC,CP0448,FUTURE,TDR0004,BOOK_B,2025-07-30
TXN0001138717,APP017,2025-10-13,pending,668487.56,JPY,LATAM,CP0020,EQUITY,TDR0094,BOOK_C,2025-12-07
TXN0004819269,APP007,2025-03-13,reversed,26025.52,EUR,APAC,CP0051,BOND,TDR0031,BOOK_D,2025-10-22
TXN0003352920,APP015,2025-05-21,failed,365770.42,USD,EMEA,CP0242,EQUITY,TDR0122,BOOK_D,2025-07-16
TXN0008062253,APP015,2026-01-14,active,482137.07,EUR,APAC,CP0393,EQUITY,TDR0177,BOOK_D,2025-03-15
TXN0009006202,APP014,2025-04-24,active,80011.97,AUD,LATAM,CP0366,BOND,TDR0090,BOOK_D,2025-04-27
TXN0001068643,APP016,2026-02-15,reversed,217009.37,GBP,EMEA,CP0151,FX,TDR0135,BOOK_C,2025-11-11
TXN0007949042,APP009,2025-02-13,failed,568314.73,EUR,APAC,CP0308,FX,TDR0090,BOOK_D,2025-07-12
TXN0006328411,APP019,2025-03-25,reversed,309630.66,EUR,AMER,CP0416,SWAP,TDR0055,BOOK_B,2026-02-11
TXN0001206905,APP012,2025-05-11,pending,593613.33,JPY,LATAM,CP0002,BOND,TDR0113,BOOK_B,2025-09-14
TXN0004203906,APP001,2025-03-30,failed,592931.0,AUD,AMER,CP0393,OPTION,TDR0035,BOOK_B,2025-05-09
TXN0003868509,APP014,2025-06-04,active,258108.47,AUD,AMER,CP0389,FUTURE,TDR0177,BOOK_B,2026-01-27
TXN0005507462,APP015,2025-04-25,pending,832433.85,CHF,LATAM,CP0345,EQUITY,TDR0055,BOOK_C,2025-10-21
TXN0004666016,APP014,2025-05-14,active,871585.81,AUD,AMER,CP0267,OPTION,TDR0110,BOOK_D,2025-03-13
TXN0005489017,APP006,2026-04-09,reversed,37212.63,CHF,AMER,CP0209,FX,TDR0125,BOOK_A,2025-10-14
TXN0001604154,APP018,2025-02-05,pending,193286.27,CHF,LATAM,CP0166,SWAP,TDR0007,BOOK_C,2025-03-09
TXN0002520899,APP019,2026-04-10,reversed,282488.45,GBP,LATAM,CP0013,FX,TDR0027,BOOK_A,2025-06-24
TXN0007776253,APP007,2025-06-06,settled,456.37,GBP,EMEA,CP0269,FX,TDR0196,BOOK_A,2026-02-13
TXN0006226905,APP006,2025-10-24,pending,762842.29,JPY,AMER,CP0127,FUTURE,TDR0163,BOOK_C,2026-03-07
TXN0005942782,APP017,2025-12-20,pending,949931.83,CHF,APAC,CP0132,OPTION,TDR0159,BOOK_B,2025-01-06
TXN0006239254,APP003,2025-01-03,pending,252530.43,USD,APAC,CP0284,FUTURE,TDR0152,BOOK_A,2025-02-08
TXN0002986567,APP010,2025-01-08,failed,928361.47,USD,APAC,CP0226,SWAP,TDR0042,BOOK_A,2025-11-06
TXN0002949401,APP016,2025-09-12,pending,854716.64,USD,LATAM,CP0292,FX,TDR0139,BOOK_B,2025-06-02
TXN0001122155,APP014,2026-02-04,failed,555967.31,JPY,APAC,CP0316,OPTION,TDR0011,BOOK_B,2025-08-07
TXN0000463315,APP020,2025-09-13,pending,361897.44,AUD,EMEA,CP0115,BOND,TDR0160,BOOK_D,2025-06-20
TXN0009463652,APP018,2025-09-11,failed,710016.96,EUR,AMER,CP0286,FX,TDR0123,BOOK_B,2025-08-30
TXN0008847819,APP006,2025-01-29,reversed,680610.96,USD,APAC,CP0475,SWAP,TDR0013,BOOK_C,2025-04-26
TXN0001377114,APP010,2026-02-18,pending,731594.0,AUD,APAC,CP0201,SWAP,TDR0122,BOOK_D,2026-01-19
TXN0005990606,APP007,2025-10-02,reversed,64008.43,CHF,EMEA,CP0033,EQUITY,TDR0148,BOOK_B,2025-10-15
TXN0000664196,APP008,2025-12-27,active,595306.45,USD,EMEA,CP0404,OPTION,TDR0057,BOOK_D,2025-04-02
TXN0005991245,APP014,2025-03-31,settled,797873.64,USD,LATAM,CP0498,SWAP,TDR0134,BOOK_D,2025-08-13
TXN0002981364,APP002,2026-02-16,failed,20392.0,JPY,AMER,CP0477,SWAP,TDR0035,BOOK_C,2025-12-13
TXN0006897627,APP015,2025-07-17,settled,708173.72,AUD,AMER,CP0300,FUTURE,TDR0077,BOOK_B,2025-02-03
TXN0009572705,APP004,2025-03-10,settled,542145.55,JPY,APAC,CP0176,EQUITY,TDR0085,BOOK_D,2025-03-10
TXN0003759409,APP012,2026-03-25,pending,753338.52,GBP,AMER,CP0392,EQUITY,TDR0147,BOOK_D,2025-12-05
TXN0009123305,APP001,2025-09-15,active,206918.89,AUD,EMEA,CP0339,BOND,TDR0110,BOOK_B,2025-10-13
TXN0001814647,APP006,2026-02-27,pending,613845.74,USD,APAC,CP0006,BOND,TDR0183,BOOK_A,2025-04-12
TXN0002025035,APP001,2025-01-07,failed,598949.76,CHF,EMEA,CP0425,EQUITY,TDR0105,BOOK_C,2026-01-18
TXN0005324635,APP003,2025-10-03,pending,466804.69,CHF,LATAM,CP0256,OPTION,TDR0031,BOOK_B,2025-05-17
TXN0001667847,APP020,2025-04-12,reversed,976691.05,EUR,EMEA,CP0084,EQUITY,TDR0088,BOOK_D,2025-03-28
TXN0002436579,APP016,2025-01-23,active,220887.07,GBP,AMER,CP0472,BOND,TDR0193,BOOK_A,2026-02-01
TXN0001888749,APP006,2026-01-05,failed,381930.42,GBP,LATAM,CP0371,SWAP,TDR0106,BOOK_D,2025-08-16
TXN0000456825,APP008,2026-02-13,pending,66104.86,USD,EMEA,CP0058,BOND,TDR0004,BOOK_B,2025-01-10
TXN0008584868,APP004,2025-08-18,failed,645228.07,EUR,APAC,CP0101,FUTURE,TDR0146,BOOK_D,2025-10-23
TXN0005773087,APP020,2026-03-03,reversed,357526.32,USD,LATAM,CP0040,FUTURE,TDR0024,BOOK_C,2025-12-30
TXN0006576249,APP009,2025-01-30,failed,492006.16,GBP,AMER,CP0328,OPTION,TDR0035,BOOK_B,2026-03-11
TXN0003350084,APP001,2025-05-04,settled,470624.6,EUR,EMEA,CP0117,BOND,TDR0171,BOOK_D,2026-02-04
TXN0002763542,APP006,2025-02-13,active,92076.46,AUD,LATAM,CP0255,SWAP,TDR0082,BOOK_B,2025-12-14
TXN0005884486,APP003,2025-04-11,reversed,225849.92,CHF,AMER,CP0128,OPTION,TDR0149,BOOK_D,2025-05-01
TXN0003062334,APP013,2025-11-18,reversed,260609.97,JPY,AMER,CP0017,FX,TDR0175,BOOK_B,2025-06-16
TXN0000789466,APP017,2025-03-31,reversed,940304.33,GBP,LATAM,CP0358,BOND,TDR0032,BOOK_A,2025-01-17
TXN0004714441,APP010,2025-05-13,failed,215186.71,GBP,AMER,CP0039,EQUITY,TDR0131,BOOK_B,2025-06-14
TXN0003598062,APP020,2025-01-08,pending,422903.93,EUR,APAC,CP0089,OPTION,TDR0138,BOOK_D,2025-04-22
TXN0009128483,APP007,2025-08-03,failed,733012.53,AUD,AMER,CP0210,EQUITY,TDR0119,BOOK_A,2025-11-06
TXN0007578456,APP004,2025-02-23,pending,114612.76,GBP,LATAM,CP0150,EQUITY,TDR0022,BOOK_D,2026-04-05
TXN0000285046,APP010,2025-03-10,pending,712301.55,GBP,AMER,CP0112,FX,TDR0045,BOOK_B,2025-05-13
TXN0005765084,APP020,2025-01-11,failed,368981.0,USD,AMER,CP0225,SWAP,TDR0162,BOOK_A,2025-08-27
TXN0004809017,APP002,2025-12-18,settled,762096.47,GBP,AMER,CP0058,FUTURE,TDR0080,BOOK_C,2025-05-20
TXN0006676390,APP010,2025-11-24,active,509452.62,GBP,LATAM,CP0257,FUTURE,TDR0159,BOOK_B,2025-03-16
TXN0008684926,APP012,2026-03-04,failed,399157.88,USD,APAC,CP0372,SWAP,TDR0072,BOOK_A,2025-09-06
TXN0003433442,APP012,2025-10-19,active,510668.65,JPY,AMER,CP0086,OPTION,TDR0163,BOOK_A,2025-09-08
TXN0005550317,APP006,2025-04-28,active,345229.85,AUD,LATAM,CP0118,OPTION,TDR0147,BOOK_A,2025-09-06
TXN0004196010,APP014,2025-10-02,settled,250512.04,JPY,EMEA,CP0316,FUTURE,TDR0191,BOOK_A,2025-08-22
TXN0002137314,APP002,2025-12-09,active,198226.79,CHF,AMER,CP0219,FUTURE,TDR0037,BOOK_D,2026-04-03
TXN0009221781,APP009,2025-01-11,reversed,416633.13,AUD,EMEA,CP0146,FUTURE,TDR0063,BOOK_D,2025-06-09
TXN0008249830,APP012,2025-03-18,active,619537.78,AUD,AMER,CP0419,FX,TDR0064,BOOK_B,2025-06-23
TXN0004051437,APP012,2025-08-12,active,618820.24,USD,EMEA,CP0046,BOND,TDR0016,BOOK_C,2025-07-21
TXN0006399177,APP020,2025-05-04,failed,886342.89,AUD,EMEA,CP0357,SWAP,TDR0131,BOOK_B,2025-09-28
TXN0005883489,APP017,2025-08-05,settled,191590.97,CHF,LATAM,CP0144,FX,TDR0101,BOOK_B,2025-07-01
TXN0002638164,APP015,2025-03-05,failed,620862.58,CHF,APAC,CP0378,BOND,TDR0148,BOOK_C,2025-05-21
TXN0004143284,APP011,2025-07-25,pending,830875.61,AUD,AMER,CP0304,SWAP,TDR0088,BOOK_C,2025-04-01
TXN0009649057,APP010,2026-01-08,active,128037.96,EUR,AMER,CP0399,EQUITY,TDR0083,BOOK_C,2025-12-23
TXN0004525823,APP011,2026-03-23,settled,910518.66,JPY,EMEA,CP0306,EQUITY,TDR0100,BOOK_C,2026-01-27
TXN0005482712,APP014,2026-01-14,pending,792744.58,CHF,APAC,CP0223,FX,TDR0050,BOOK_B,2025-03-19
TXN0003916222,APP007,2025-11-17,pending,567041.13,GBP,EMEA,CP0405,FX,TDR0081,BOOK_C,2025-06-09
TXN0003201264,APP012,2025-10-05,pending,749151.41,JPY,EMEA,CP0435,OPTION,TDR0159,BOOK_B,2026-01-18
TXN0007178425,APP014,2025-03-23,active,999667.33,GBP,AMER,CP0202,OPTION,TDR0030,BOOK_B,2025-11-18
TXN0002282404,APP014,2026-04-01,pending,437372.63,JPY,AMER,CP0361,FUTURE,TDR0088,BOOK_D,2025-10-01
TXN0000885435,APP016,2025-10-09,reversed,595808.61,AUD,EMEA,CP0323,BOND,TDR0196,BOOK_C,2025-09-07
TXN0007932259,APP010,2025-11-22,reversed,388310.55,USD,EMEA,CP0484,BOND,TDR0040,BOOK_C,2025-05-11
TXN0006624771,APP007,2025-07-22,reversed,234120.94,GBP,EMEA,CP0343,FUTURE,TDR0162,BOOK_A,2026-02-09
TXN0003990806,APP008,2026-02-22,failed,901121.71,AUD,EMEA,CP0350,SWAP,TDR0111,BOOK_C,2025-02-25
TXN0006456731,APP016,2025-05-27,active,780652.51,JPY,EMEA,CP0471,BOND,TDR0176,BOOK_C,2025-01-11
TXN0000163008,APP002,2026-01-21,settled,303001.34,GBP,EMEA,CP0073,FX,TDR0175,BOOK_D,2025-03-08
TXN0002582733,APP002,2025-09-06,pending,903247.8,GBP,EMEA,CP0040,SWAP,TDR0036,BOOK_A,2025-09-03
TXN0000460684,APP006,2025-01-21,reversed,585941.18,USD,AMER,CP0436,FUTURE,TDR0068,BOOK_D,2026-02-19
TXN0001121478,APP002,2025-05-04,failed,1271.46,GBP,APAC,CP0135,SWAP,TDR0086,BOOK_C,2025-11-28
TXN0004898610,APP008,2025-05-11,reversed,719192.19,JPY,EMEA,CP0270,BOND,TDR0159,BOOK_B,2026-01-21
TXN0009742296,APP001,2025-05-02,settled,900320.09,EUR,APAC,CP0201,EQUITY,TDR0189,BOOK_B,2025-08-16
TXN0008856844,APP003,2025-02-13,reversed,218590.57,USD,AMER,CP0082,SWAP,TDR0076,BOOK_B,2025-12-09
TXN0008509911,APP004,2025-07-16,failed,911619.58,GBP,EMEA,CP0433,BOND,TDR0012,BOOK_B,2026-01-23
TXN0001164322,APP015,2025-02-22,settled,277066.28,GBP,LATAM,CP0171,SWAP,TDR0122,BOOK_C,2025-06-12
TXN0006247625,APP002,2025-08-13,reversed,793833.33,AUD,LATAM,CP0114,FX,TDR0169,BOOK_A,2025-02-17
TXN0007723987,APP006,2025-05-06,settled,64249.33,GBP,APAC,CP0183,SWAP,TDR0025,BOOK_D,2025-02-10
TXN0006794569,APP003,2025-07-20,active,921303.61,CHF,LATAM,CP0390,OPTION,TDR0074,BOOK_D,2025-12-19
TXN0005621218,APP006,2026-03-30,pending,987380.37,CHF,LATAM,CP0167,SWAP,TDR0186,BOOK_D,2025-06-19
TXN0001335358,APP005,2025-01-23,reversed,149867.24,EUR,AMER,CP0104,EQUITY,TDR0075,BOOK_D,2025-07-08
TXN0005836938,APP003,2025-05-02,pending,972110.64,AUD,LATAM,CP0402,FUTURE,TDR0033,BOOK_D,2025-11-16
TXN0004228720,APP019,2025-03-07,failed,732121.84,AUD,APAC,CP0079,BOND,TDR0106,BOOK_B,2025-10-31
TXN0005595560,APP012,2025-08-22,reversed,988519.14,CHF,AMER,CP0095,OPTION,TDR0016,BOOK_B,2025-01-20
TXN0009654291,APP013,2026-02-15,active,937683.28,EUR,LATAM,CP0227,BOND,TDR0084,BOOK_C,2026-03-05
TXN0002047505,APP015,2025-01-20,failed,666754.39,AUD,AMER,CP0052,FX,TDR0144,BOOK_B,2026-01-06
TXN0006586029,APP014,2025-01-02,pending,438782.16,GBP,LATAM,CP0128,SWAP,TDR0034,BOOK_B,2025-02-08
TXN0002056479,APP013,2025-08-14,reversed,114165.55,EUR,APAC,CP0154,BOND,TDR0022,BOOK_D,2026-04-01
TXN0000500829,APP007,2025-11-09,settled,829099.18,AUD,LATAM,CP0275,EQUITY,TDR0098,BOOK_C,2025-03-22
TXN0007932008,APP010,2026-03-15,settled,734923.95,EUR,AMER,CP0250,FUTURE,TDR0099,BOOK_D,2026-01-08
TXN0003403171,APP008,2025-04-05,settled,134324.75,AUD,APAC,CP0178,FUTURE,TDR0170,BOOK_A,2025-01-09
TXN0004699166,APP007,2025-11-02,active,64251.32,AUD,APAC,CP0322,FUTURE,TDR0048,BOOK_A,2026-04-03
TXN0002762539,APP010,2026-02-11,reversed,561215.78,EUR,LATAM,CP0359,BOND,TDR0127,BOOK_C,2025-07-23
TXN0000345703,APP008,2025-09-11,settled,200795.92,JPY,EMEA,CP0059,FUTURE,TDR0034,BOOK_C,2026-02-12
TXN0001912933,APP020,2026-01-02,failed,265065.41,CHF,LATAM,CP0130,FUTURE,TDR0151,BOOK_B,2026-04-05
TXN0009246625,APP020,2025-03-09,failed,368183.05,CHF,APAC,CP0172,OPTION,TDR0048,BOOK_A,2025-07-09
TXN0002046481,APP012,2025-11-17,settled,164441.77,CHF,APAC,CP0403,FX,TDR0074,BOOK_C,2026-02-15
TXN0008184559,APP003,2025-12-02,failed,329657.7,USD,LATAM,CP0367,FX,TDR0016,BOOK_A,2026-03-03
TXN0006219478,APP015,2025-09-04,active,219096.19,AUD,EMEA,CP0250,BOND,TDR0078,BOOK_D,2025-05-19
TXN0004226630,APP017,2025-05-04,failed,74256.81,JPY,LATAM,CP0060,FX,TDR0128,BOOK_D,2025-04-23
TXN0005275632,APP004,2025-06-30,active,777861.1,AUD,APAC,CP0498,OPTION,TDR0085,BOOK_A,2025-06-07
TXN0001188858,APP011,2026-02-28,pending,338226.74,JPY,LATAM,CP0229,FUTURE,TDR0062,BOOK_B,2025-03-04
TXN0001738851,APP020,2025-07-28,pending,571456.46,JPY,LATAM,CP0230,EQUITY,TDR0034,BOOK_C,2025-12-04
TXN0004579155,APP006,2025-04-03,failed,538684.74,USD,APAC,CP0168,EQUITY,TDR0172,BOOK_D,2025-06-18
TXN0006916107,APP002,2026-02-24,active,930420.48,AUD,AMER,CP0395,BOND,TDR0016,BOOK_C,2025-01-01
TXN0001331662,APP018,2025-12-22,pending,365410.26,CHF,AMER,CP0069,SWAP,TDR0192,BOOK_A,2025-01-20
TXN0006484566,APP003,2026-01-02,failed,224222.45,USD,LATAM,CP0188,BOND,TDR0120,BOOK_A,2025-09-28
TXN0002124859,APP017,2026-02-21,active,981365.76,USD,APAC,CP0361,OPTION,TDR0030,BOOK_B,2025-08-28
TXN0006433574,APP001,2025-08-27,pending,277305.33,USD,APAC,CP0465,FX,TDR0094,BOOK_C,2026-01-09
TXN0004674340,APP015,2025-03-17,active,363656.75,USD,LATAM,CP0336,FX,TDR0010,BOOK_A,2025-06-15
TXN0002139042,APP007,2025-07-11,pending,457990.99,AUD,AMER,CP0233,SWAP,TDR0071,BOOK_C,2025-01-11
TXN0007567794,APP005,2026-03-12,settled,134814.74,EUR,LATAM,CP0265,FX,TDR0072,BOOK_A,2026-02-25
TXN0004752931,APP004,2025-08-14,reversed,172978.01,CHF,APAC,CP0356,FUTURE,TDR0106,BOOK_B,2025-07-31
TXN0001071435,APP015,2025-08-10,reversed,913984.86,EUR,AMER,CP0207,FX,TDR0052,BOOK_C,2025-06-09
TXN0001256104,APP010,2025-04-22,settled,825979.17,AUD,EMEA,CP0100,BOND,TDR0140,BOOK_B,2025-05-08
TXN0001495981,APP018,2025-08-25,failed,323060.84,GBP,AMER,CP0308,SWAP,TDR0180,BOOK_B,2025-04-22
TXN0003640306,APP019,2026-04-12,settled,550139.84,GBP,APAC,CP0428,BOND,TDR0014,BOOK_C,2025-11-13
TXN0008671468,APP012,2025-05-31,settled,356354.67,GBP,LATAM,CP0399,FUTURE,TDR0161,BOOK_D,2025-10-29
TXN0002912145,APP002,2026-02-27,failed,570061.58,CHF,AMER,CP0362,EQUITY,TDR0151,BOOK_B,2025-04-04
TXN0007190255,APP018,2025-12-22,failed,632354.57,JPY,LATAM,CP0116,FX,TDR0001,BOOK_D,2025-03-29
TXN0002596033,APP016,2026-04-08,reversed,964477.15,EUR,AMER,CP0191,FX,TDR0189,BOOK_D,2026-01-25
TXN0000730454,APP003,2026-01-21,failed,548575.65,USD,LATAM,CP0356,FX,TDR0134,BOOK_D,2026-01-15
TXN0009385093,APP003,2025-03-07,reversed,896904.41,EUR,LATAM,CP0021,OPTION,TDR0152,BOOK_D,2025-12-10
TXN0000128759,APP009,2025-07-11,settled,924856.19,JPY,AMER,CP0279,BOND,TDR0025,BOOK_A,2026-04-12
TXN0006898919,APP020,2025-01-04,pending,923685.78,EUR,AMER,CP0006,SWAP,TDR0047,BOOK_C,2025-02-28
TXN0001162028,APP010,2025-01-04,active,569813.03,CHF,LATAM,CP0340,SWAP,TDR0032,BOOK_D,2025-06-07
TXN0000854706,APP017,2025-06-06,failed,371753.06,AUD,LATAM,CP0493,OPTION,TDR0178,BOOK_C,2025-11-08
TXN0008188880,APP019,2025-03-04,failed,909321.52,JPY,APAC,CP0436,FX,TDR0111,BOOK_A,2025-02-05
TXN0001044466,APP007,2025-04-14,failed,340962.36,EUR,EMEA,CP0442,FUTURE,TDR0182,BOOK_B,2025-07-01
TXN0007642011,APP014,2026-01-19,reversed,932365.81,USD,APAC,CP0095,BOND,TDR0020,BOOK_D,2026-03-21
TXN0000922572,APP006,2025-10-27,active,286559.7,CHF,APAC,CP0215,FX,TDR0088,BOOK_B,2025-02-05
TXN0002055072,APP020,2026-03-17,pending,608648.32,JPY,EMEA,CP0032,SWAP,TDR0172,BOOK_B,2025-08-24
TXN0007320672,APP011,2025-07-24,reversed,283818.12,GBP,LATAM,CP0038,FX,TDR0086,BOOK_C,2025-12-09
TXN0005175248,APP015,2025-04-16,active,140650.65,JPY,APAC,CP0326,EQUITY,TDR0180,BOOK_D,2025-12-16
TXN0007952550,APP015,2025-10-24,failed,681288.04,EUR,APAC,CP0384,EQUITY,TDR0183,BOOK_B,2025-07-17
TXN0007070002,APP013,2025-09-21,pending,117527.97,AUD,APAC,CP0500,FX,TDR0101,BOOK_C,2025-11-20
TXN0000705660,APP014,2025-09-23,active,685218.05,GBP,EMEA,CP0003,FUTURE,TDR0132,BOOK_A,2025-02-12
TXN0004614200,APP007,2025-02-28,failed,399582.93,USD,AMER,CP0031,FUTURE,TDR0198,BOOK_B,2026-02-21
TXN0004367996,APP008,2025-10-20,failed,807941.79,CHF,APAC,CP0280,OPTION,TDR0080,BOOK_D,2025-04-13
TXN0006739580,APP015,2025-12-09,failed,40951.15,CHF,APAC,CP0294,SWAP,TDR0063,BOOK_D,2025-07-20
TXN0002366820,APP010,2026-03-05,pending,853476.08,EUR,AMER,CP0047,FX,TDR0134,BOOK_C,2025-11-14
TXN0007801693,APP015,2025-01-24,failed,57278.07,USD,APAC,CP0366,SWAP,TDR0108,BOOK_C,2025-09-04
TXN0005084928,APP016,2025-12-12,settled,417695.97,JPY,LATAM,CP0194,FX,TDR0053,BOOK_D,2025-09-23
TXN0003197497,APP014,2025-08-09,reversed,263492.75,CHF,APAC,CP0215,FUTURE,TDR0113,BOOK_D,2026-02-20
TXN0009834146,APP004,2025-09-06,pending,650836.66,CHF,EMEA,CP0494,BOND,TDR0007,BOOK_C,2025-11-03
TXN0000823977,APP019,2025-04-27,failed,800613.81,EUR,LATAM,CP0111,OPTION,TDR0042,BOOK_B,2025-12-08
TXN0001202837,APP002,2026-01-02,failed,632530.12,AUD,APAC,CP0471,EQUITY,TDR0098,BOOK_B,2025-08-31
TXN0005906434,APP016,2025-03-18,reversed,67801.76,USD,AMER,CP0499,SWAP,TDR0088,BOOK_A,2026-01-18
TXN0002426076,APP015,2025-05-29,failed,91833.42,USD,EMEA,CP0215,FUTURE,TDR0100,BOOK_C,2025-11-07
TXN0002967199,APP015,2025-11-15,failed,16619.59,AUD,APAC,CP0439,FUTURE,TDR0141,BOOK_C,2025-11-15
TXN0003971673,APP011,2025-05-24,failed,974583.44,JPY,AMER,CP0058,EQUITY,TDR0126,BOOK_A,2026-02-04
TXN0001221444,APP018,2025-05-05,reversed,143104.77,JPY,EMEA,CP0278,FX,TDR0109,BOOK_D,2025-10-06
TXN0008931731,APP014,2025-07-23,failed,992079.69,USD,LATAM,CP0010,EQUITY,TDR0060,BOOK_D,2025-01-28
TXN0000894925,APP003,2025-10-24,active,138982.38,JPY,APAC,CP0457,FX,TDR0014,BOOK_A,2025-11-12
TXN0009738075,APP015,2025-10-05,active,916824.12,EUR,LATAM,CP0155,BOND,TDR0123,BOOK_D,2025-10-19
TXN0009880238,APP020,2025-07-27,settled,656815.76,GBP,LATAM,CP0100,EQUITY,TDR0170,BOOK_A,2026-02-22
TXN0002586808,APP002,2025-02-25,active,883177.53,JPY,AMER,CP0185,OPTION,TDR0020,BOOK_D,2026-04-07
TXN0002371524,APP016,2025-01-16,active,255647.74,EUR,LATAM,CP0147,BOND,TDR0150,BOOK_C,2025-05-25
TXN0000051005,APP002,2025-03-20,settled,640021.69,CHF,AMER,CP0310,OPTION,TDR0038,BOOK_A,2025-08-13
TXN0000869278,APP011,2025-03-22,failed,63602.57,AUD,LATAM,CP0478,FX,TDR0071,BOOK_D,2025-08-29
TXN0005947650,APP010,2025-07-08,reversed,319384.66,CHF,APAC,CP0312,EQUITY,TDR0112,BOOK_D,2025-09-03
TXN0002084863,APP004,2026-01-31,pending,756226.94,CHF,AMER,CP0382,SWAP,TDR0189,BOOK_A,2025-09-02
TXN0006243643,APP010,2025-11-13,pending,164805.44,AUD,APAC,CP0138,OPTION,TDR0162,BOOK_A,2025-03-19
TXN0002629491,APP016,2025-10-05,reversed,387549.47,EUR,LATAM,CP0037,FX,TDR0024,BOOK_D,2025-06-10
TXN0008797814,APP011,2025-03-22,reversed,7478.05,CHF,LATAM,CP0209,OPTION,TDR0135,BOOK_C,2025-08-03
TXN0005639063,APP010,2026-01-14,settled,56183.41,GBP,AMER,CP0436,BOND,TDR0059,BOOK_C,2026-02-01
TXN0000281037,APP002,2025-04-22,reversed,991364.33,CHF,APAC,CP0321,FX,TDR0131,BOOK_C,2025-02-26
TXN0008253368,APP008,2026-03-12,reversed,5024.91,CHF,APAC,CP0048,FUTURE,TDR0157,BOOK_C,2025-04-29
TXN0003780445,APP002,2025-06-27,settled,507640.06,EUR,EMEA,CP0228,FUTURE,TDR0068,BOOK_D,2025-11-20
TXN0006883658,APP016,2026-04-13,settled,218084.8,GBP,EMEA,CP0265,BOND,TDR0154,BOOK_A,2025-06-23
TXN0009807951,APP008,2026-03-08,active,701547.32,CHF,EMEA,CP0462,FX,TDR0085,BOOK_B,2025-03-11
TXN0001225639,APP011,2025-11-07,pending,246815.38,GBP,AMER,CP0170,OPTION,TDR0102,BOOK_D,2025-03-29
TXN0000572456,APP006,2026-03-10,active,729245.6,USD,AMER,CP0304,SWAP,TDR0018,BOOK_C,2025-09-14
TXN0003654426,APP010,2025-04-02,pending,4968.82,JPY,EMEA,CP0362,BOND,TDR0037,BOOK_B,2025-12-08
TXN0002632031,APP005,2025-11-18,failed,88643.53,USD,LATAM,CP0010,EQUITY,TDR0164,BOOK_D,2025-08-23
TXN0006856869,APP008,2025-11-24,reversed,227969.76,EUR,LATAM,CP0191,OPTION,TDR0045,BOOK_B,2025-06-03
TXN0009171106,APP009,2025-03-09,pending,150404.47,EUR,LATAM,CP0265,BOND,TDR0005,BOOK_A,2025-03-09
TXN0007428041,APP010,2026-03-12,reversed,139405.22,AUD,APAC,CP0393,OPTION,TDR0053,BOOK_D,2025-06-06
TXN0002533969,APP004,2025-09-14,failed,377851.7,USD,APAC,CP0342,FUTURE,TDR0142,BOOK_B,2025-08-21
TXN0004005484,APP010,2025-05-21,pending,599051.23,CHF,AMER,CP0491,SWAP,TDR0037,BOOK_B,2025-10-31
TXN0000599408,APP016,2025-05-25,active,741233.12,USD,APAC,CP0250,BOND,TDR0029,BOOK_C,2025-06-09
TXN0000132569,APP008,2025-04-09,reversed,187124.55,EUR,AMER,CP0125,FX,TDR0192,BOOK_A,2025-10-14
TXN0005003824,APP016,2025-01-24,reversed,999359.72,CHF,APAC,CP0260,SWAP,TDR0175,BOOK_D,2026-02-18
TXN0004875463,APP007,2025-08-15,reversed,749017.03,CHF,AMER,CP0386,SWAP,TDR0068,BOOK_D,2025-08-25
TXN0009141995,APP006,2026-01-05,pending,600179.27,EUR,AMER,CP0471,BOND,TDR0048,BOOK_D,2026-03-16
TXN0001998426,APP001,2026-02-15,active,792425.81,USD,APAC,CP0246,OPTION,TDR0159,BOOK_C,2025-06-15
TXN0006513727,APP014,2025-08-09,active,486848.36,GBP,AMER,CP0029,FX,TDR0117,BOOK_A,2025-02-23
TXN0006712960,APP006,2026-02-15,pending,362020.77,JPY,APAC,CP0284,FUTURE,TDR0083,BOOK_A,2026-01-23
TXN0001787298,APP006,2025-07-01,reversed,234764.65,EUR,LATAM,CP0333,EQUITY,TDR0114,BOOK_C,2026-03-20
TXN0003744059,APP020,2026-01-28,active,170667.44,AUD,LATAM,CP0327,SWAP,TDR0075,BOOK_A,2025-11-12
TXN0008145239,APP020,2025-04-10,reversed,544949.53,AUD,LATAM,CP0494,OPTION,TDR0042,BOOK_D,2025-12-27
TXN0006457550,APP010,2025-06-11,active,571140.97,CHF,APAC,CP0204,FX,TDR0118,BOOK_D,2025-03-01
TXN0003747956,APP010,2026-01-28,active,486766.87,USD,EMEA,CP0240,EQUITY,TDR0049,BOOK_A,2025-01-31
TXN0004793901,APP015,2025-09-15,settled,506043.75,JPY,APAC,CP0434,BOND,TDR0094,BOOK_C,2025-09-27
TXN0004739122,APP005,2025-02-22,pending,654759.9,AUD,APAC,CP0401,OPTION,TDR0162,BOOK_A,2025-02-03
TXN0000429994,APP016,2025-10-31,failed,912241.59,GBP,AMER,CP0327,EQUITY,TDR0033,BOOK_D,2026-03-22
TXN0002409131,APP018,2025-04-09,failed,558013.54,GBP,LATAM,CP0304,SWAP,TDR0030,BOOK_C,2025-07-31
TXN0006627897,APP018,2025-11-27,reversed,855117.52,AUD,EMEA,CP0377,FUTURE,TDR0115,BOOK_A,2025-08-27
TXN0009035203,APP017,2025-03-29,reversed,300046.88,AUD,AMER,CP0113,FUTURE,TDR0107,BOOK_D,2025-04-22
TXN0008354162,APP015,2025-11-17,settled,184525.0,EUR,AMER,CP0493,OPTION,TDR0116,BOOK_C,2025-10-03
TXN0002507182,APP008,2025-11-16,reversed,995779.69,AUD,AMER,CP0206,BOND,TDR0163,BOOK_D,2026-04-01
TXN0008810573,APP009,2025-05-08,active,701660.28,USD,EMEA,CP0085,BOND,TDR0052,BOOK_B,2025-09-16
TXN0008437372,APP015,2025-02-18,failed,448721.97,EUR,EMEA,CP0384,OPTION,TDR0033,BOOK_C,2025-02-28
TXN0008502362,APP010,2026-01-06,pending,869656.6,GBP,APAC,CP0252,BOND,TDR0001,BOOK_A,2025-11-15
TXN0005582274,APP020,2025-05-04,failed,9580.12,CHF,AMER,CP0047,EQUITY,TDR0106,BOOK_C,2025-12-25
TXN0002810049,APP018,2025-09-11,settled,424201.17,GBP,EMEA,CP0152,FUTURE,TDR0054,BOOK_D,2025-09-23
TXN0006101016,APP016,2025-05-04,settled,875060.83,JPY,AMER,CP0026,FUTURE,TDR0095,BOOK_A,2026-03-29
TXN0008871839,APP012,2026-03-05,reversed,471530.24,USD,AMER,CP0193,SWAP,TDR0097,BOOK_C,2026-03-21
TXN0007538039,APP002,2025-08-28,pending,16335.73,USD,LATAM,CP0174,BOND,TDR0111,BOOK_D,2026-01-24
TXN0001511402,APP014,2025-12-04,settled,755574.51,USD,AMER,CP0209,FUTURE,TDR0070,BOOK_B,2025-03-14
TXN0006168690,APP009,2025-01-29,active,176122.92,USD,LATAM,CP0137,FUTURE,TDR0197,BOOK_B,2026-02-06
TXN0000229082,APP001,2025-02-12,pending,563625.95,AUD,AMER,CP0479,OPTION,TDR0003,BOOK_D,2025-03-28
TXN0004485792,APP014,2025-12-21,pending,721169.82,AUD,AMER,CP0126,SWAP,TDR0068,BOOK_A,2026-02-28
TXN0003955835,APP011,2025-04-10,reversed,253029.23,EUR,EMEA,CP0099,FX,TDR0066,BOOK_D,2026-02-11
TXN0001045803,APP008,2025-01-19,settled,272646.48,AUD,EMEA,CP0020,EQUITY,TDR0087,BOOK_A,2025-09-05
TXN0000532082,APP008,2025-03-05,failed,218589.56,EUR,EMEA,CP0419,FUTURE,TDR0200,BOOK_A,2026-02-04
TXN0002473180,APP014,2025-06-29,settled,610251.79,JPY,AMER,CP0264,EQUITY,TDR0154,BOOK_D,2025-12-02
TXN0001643796,APP006,2025-08-10,active,430477.19,USD,AMER,CP0078,OPTION,TDR0122,BOOK_B,2026-03-08
TXN0000799651,APP012,2025-06-04,reversed,319288.41,USD,LATAM,CP0390,BOND,TDR0140,BOOK_A,2025-12-09
TXN0007992190,APP005,2025-08-23,pending,598261.89,GBP,EMEA,CP0228,EQUITY,TDR0057,BOOK_C,2026-02-18
TXN0007876617,APP010,2025-04-02,failed,859076.53,EUR,AMER,CP0039,SWAP,TDR0001,BOOK_D,2026-02-17
TXN0007740326,APP012,2025-05-01,active,824797.4,EUR,EMEA,CP0387,FUTURE,TDR0088,BOOK_A,2025-01-21
TXN0000693438,APP008,2025-04-19,active,812803.36,JPY,AMER,CP0054,BOND,TDR0134,BOOK_D,2026-01-19
TXN0009891325,APP012,2025-07-03,reversed,389363.71,GBP,AMER,CP0039,EQUITY,TDR0066,BOOK_B,2026-02-13
TXN0002926887,APP005,2025-01-01,failed,144787.84,AUD,AMER,CP0362,FUTURE,TDR0089,BOOK_B,2026-03-25
TXN0004488507,APP020,2025-10-09,failed,719752.31,EUR,AMER,CP0181,SWAP,TDR0174,BOOK_B,2025-05-27
TXN0001992173,APP008,2026-01-12,pending,773589.87,CHF,EMEA,CP0414,FX,TDR0084,BOOK_D,2025-05-04
TXN0000135287,APP005,2026-03-22,pending,33937.68,AUD,EMEA,CP0220,FUTURE,TDR0037,BOOK_C,2025-08-28
TXN0005969938,APP019,2025-08-12,settled,766711.41,EUR,EMEA,CP0061,EQUITY,TDR0071,BOOK_A,2025-11-15
TXN0005229258,APP010,2025-08-22,failed,813977.14,GBP,EMEA,CP0085,SWAP,TDR0038,BOOK_A,2025-10-14
TXN0007553432,APP006,2025-10-30,reversed,276532.19,USD,AMER,CP0447,BOND,TDR0094,BOOK_A,2025-03-16
TXN0008015986,APP018,2026-01-25,reversed,786140.76,CHF,LATAM,CP0079,BOND,TDR0010,BOOK_B,2025-02-15
TXN0001233220,APP015,2025-10-15,active,77399.89,AUD,LATAM,CP0068,EQUITY,TDR0133,BOOK_C,2025-11-19
TXN0000886496,APP005,2025-11-16,failed,300037.42,JPY,LATAM,CP0426,EQUITY,TDR0069,BOOK_A,2026-02-20
TXN0008166152,APP016,2025-12-18,active,76801.09,EUR,LATAM,CP0424,OPTION,TDR0079,BOOK_C,2025-10-06
TXN0008715278,APP009,2026-01-03,active,792829.91,JPY,AMER,CP0049,SWAP,TDR0149,BOOK_C,2025-12-21
TXN0005092792,APP020,2025-08-31,active,878120.16,GBP,LATAM,CP0051,OPTION,TDR0187,BOOK_C,2025-05-24
TXN0009996066,APP014,2025-09-20,settled,507789.96,CHF,AMER,CP0485,SWAP,TDR0066,BOOK_D,2025-04-18
TXN0004535617,APP001,2025-09-23,reversed,528464.82,GBP,APAC,CP0401,FUTURE,TDR0103,BOOK_C,2025-11-07
TXN0009565000,APP014,2025-06-11,pending,411225.5,USD,LATAM,CP0103,FX,TDR0053,BOOK_C,2025-08-24
TXN0001519860,APP008,2026-03-20,pending,657036.28,JPY,AMER,CP0178,BOND,TDR0125,BOOK_D,2025-12-02
TXN0003058461,APP012,2025-06-09,active,310416.87,USD,AMER,CP0209,EQUITY,TDR0071,BOOK_D,2026-01-05
TXN0000891254,APP004,2025-08-08,settled,767764.64,JPY,EMEA,CP0140,BOND,TDR0055,BOOK_A,2025-03-10
TXN0001936423,APP001,2025-04-05,failed,435771.96,JPY,AMER,CP0221,OPTION,TDR0017,BOOK_C,2025-12-15
TXN0003961932,APP013,2025-05-09,active,236300.38,USD,LATAM,CP0255,SWAP,TDR0029,BOOK_A,2025-01-21
TXN0005197052,APP010,2025-03-14,failed,687283.54,AUD,APAC,CP0483,FX,TDR0167,BOOK_B,2025-04-22
TXN0009779621,APP017,2026-02-27,failed,528241.77,CHF,APAC,CP0099,FUTURE,TDR0075,BOOK_A,2026-04-08
TXN0006996090,APP012,2026-02-25,reversed,678081.0,CHF,AMER,CP0436,EQUITY,TDR0036,BOOK_D,2026-04-03
TXN0004159303,APP010,2025-10-02,pending,21160.2,GBP,AMER,CP0282,FX,TDR0008,BOOK_D,2025-07-03
TXN0006795031,APP009,2025-01-12,active,683154.92,USD,AMER,CP0360,SWAP,TDR0143,BOOK_C,2025-01-15
TXN0001284253,APP005,2025-11-08,reversed,129983.07,GBP,AMER,CP0406,EQUITY,TDR0079,BOOK_A,2026-01-18
TXN0008611216,APP013,2025-02-06,active,457379.03,EUR,APAC,CP0222,SWAP,TDR0110,BOOK_D,2025-05-28
TXN0009190555,APP011,2025-09-25,active,651564.56,AUD,EMEA,CP0251,OPTION,TDR0111,BOOK_C,2026-03-25
TXN0001588853,APP016,2025-05-15,active,77466.76,CHF,AMER,CP0165,BOND,TDR0026,BOOK_D,2025-07-18
TXN0001056909,APP007,2025-12-22,failed,566153.28,JPY,EMEA,CP0188,SWAP,TDR0040,BOOK_B,2025-10-26
TXN0001357556,APP007,2025-06-10,failed,414690.42,GBP,LATAM,CP0293,SWAP,TDR0142,BOOK_B,2026-02-14
TXN0007237953,APP012,2025-03-15,reversed,714714.79,JPY,AMER,CP0282,FX,TDR0022,BOOK_D,2025-08-28
TXN0005269906,APP005,2025-07-03,settled,370626.34,AUD,AMER,CP0029,BOND,TDR0162,BOOK_D,2025-03-14
TXN0009551529,APP011,2025-06-11,active,527364.36,JPY,LATAM,CP0360,EQUITY,TDR0001,BOOK_B,2025-05-01
TXN0008061335,APP012,2026-03-27,reversed,150741.3,CHF,LATAM,CP0050,OPTION,TDR0043,BOOK_B,2025-07-28
TXN0004348980,APP014,2025-04-28,failed,982194.16,GBP,APAC,CP0420,SWAP,TDR0192,BOOK_D,2025-03-27
TXN0007349179,APP010,2026-01-24,active,228342.61,GBP,LATAM,CP0374,SWAP,TDR0190,BOOK_C,2025-08-09
TXN0002420745,APP017,2025-02-10,pending,906280.51,CHF,EMEA,CP0296,SWAP,TDR0189,BOOK_A,2025-02-17
TXN0007447642,APP019,2025-10-10,settled,349976.86,CHF,EMEA,CP0201,SWAP,TDR0121,BOOK_C,2025-03-17
TXN0008010322,APP018,2025-09-22,pending,470218.27,AUD,APAC,CP0092,SWAP,TDR0157,BOOK_C,2025-03-10
TXN0004190377,APP001,2025-05-09,reversed,876471.0,GBP,AMER,CP0155,BOND,TDR0067,BOOK_A,2025-02-24
TXN0003064085,APP017,2025-08-09,active,530463.9,EUR,EMEA,CP0156,SWAP,TDR0131,BOOK_C,2025-03-19
TXN0004972334,APP011,2025-08-23,reversed,825536.52,GBP,APAC,CP0399,FUTURE,TDR0119,BOOK_C,2025-03-21
TXN0008620815,APP020,2025-01-25,failed,957096.07,USD,EMEA,CP0071,SWAP,TDR0190,BOOK_D,2025-01-03
TXN0001700557,APP007,2025-05-17,failed,242647.08,AUD,EMEA,CP0190,OPTION,TDR0171,BOOK_D,2025-07-09
TXN0009318215,APP014,2025-05-09,failed,106694.38,CHF,EMEA,CP0199,BOND,TDR0059,BOOK_D,2025-03-31
TXN0002309808,APP020,2025-07-24,failed,871373.54,AUD,EMEA,CP0490,FX,TDR0025,BOOK_C,2025-08-19
TXN0009650833,APP015,2025-12-06,settled,621689.74,CHF,EMEA,CP0311,SWAP,TDR0090,BOOK_C,2026-01-15
TXN0000143866,APP018,2025-05-30,reversed,246160.93,USD,EMEA,CP0103,SWAP,TDR0047,BOOK_A,2025-06-14
TXN0002327820,APP013,2025-02-06,settled,601877.93,GBP,AMER,CP0011,OPTION,TDR0111,BOOK_D,2025-09-06
TXN0009510596,APP018,2025-08-03,pending,33018.41,USD,APAC,CP0329,FUTURE,TDR0184,BOOK_A,2025-12-05
TXN0006361181,APP003,2026-03-18,reversed,792298.36,USD,LATAM,CP0244,SWAP,TDR0025,BOOK_B,2025-09-27
TXN0000658755,APP003,2026-03-07,pending,513153.59,EUR,AMER,CP0449,SWAP,TDR0014,BOOK_C,2025-03-06
TXN0009066364,APP009,2025-01-15,reversed,695513.2,AUD,APAC,CP0017,FUTURE,TDR0039,BOOK_A,2025-08-16
TXN0006287803,APP020,2025-11-01,settled,195360.21,USD,EMEA,CP0098,OPTION,TDR0105,BOOK_D,2025-09-11
TXN0009931337,APP005,2025-06-19,settled,657734.56,USD,EMEA,CP0383,FUTURE,TDR0105,BOOK_B,2025-09-04
TXN0006509141,APP018,2026-02-15,reversed,556580.49,JPY,LATAM,CP0033,OPTION,TDR0147,BOOK_A,2026-03-18
TXN0007008220,APP019,2025-07-09,reversed,699920.13,JPY,LATAM,CP0161,OPTION,TDR0012,BOOK_D,2025-06-08
TXN0002994073,APP016,2025-10-26,failed,394202.6,AUD,AMER,CP0237,FX,TDR0174,BOOK_A,2026-01-10
TXN0007413302,APP018,2025-05-22,settled,593811.43,EUR,EMEA,CP0165,FUTURE,TDR0139,BOOK_A,2025-08-14
TXN0004103835,APP004,2025-09-17,failed,574692.32,CHF,LATAM,CP0423,BOND,TDR0051,BOOK_A,2025-04-22
TXN0001405339,APP013,2025-03-05,active,350805.26,JPY,AMER,CP0118,SWAP,TDR0162,BOOK_B,2026-04-12
TXN0004931402,APP017,2025-09-23,reversed,179230.26,GBP,LATAM,CP0323,OPTION,TDR0086,BOOK_D,2026-03-15
TXN0008234306,APP014,2025-11-19,active,111520.14,USD,EMEA,CP0407,SWAP,TDR0001,BOOK_A,2025-01-07
TXN0008209390,APP019,2025-03-06,pending,583458.27,GBP,APAC,CP0066,OPTION,TDR0003,BOOK_C,2025-10-31
TXN0001242476,APP017,2026-01-26,settled,856798.15,EUR,LATAM,CP0212,EQUITY,TDR0034,BOOK_C,2025-10-09
TXN0008120492,APP014,2025-11-03,active,684410.27,JPY,AMER,CP0436,FUTURE,TDR0099,BOOK_B,2025-11-27
TXN0005633297,APP015,2025-08-18,active,831933.88,AUD,EMEA,CP0322,OPTION,TDR0089,BOOK_C,2025-01-31
TXN0009935853,APP020,2025-04-13,reversed,825853.83,CHF,EMEA,CP0108,SWAP,TDR0029,BOOK_C,2026-02-11
TXN0006726967,APP004,2025-12-16,pending,805852.16,CHF,AMER,CP0376,FX,TDR0046,BOOK_D,2025-05-18
TXN0006962327,APP020,2025-07-08,failed,128424.67,CHF,APAC,CP0124,EQUITY,TDR0008,BOOK_A,2025-11-29
TXN0007026873,APP017,2025-02-09,active,392327.92,JPY,LATAM,CP0401,FX,TDR0045,BOOK_C,2025-03-01
TXN0003148327,APP017,2025-08-01,failed,347117.96,JPY,AMER,CP0196,FX,TDR0140,BOOK_D,2026-03-24
TXN0001784561,APP009,2025-06-11,reversed,923488.9,AUD,EMEA,CP0410,FUTURE,TDR0140,BOOK_D,2025-06-12
TXN0008870470,APP015,2025-04-27,failed,689863.24,JPY,APAC,CP0281,FX,TDR0147,BOOK_C,2025-08-10
TXN0004380403,APP009,2025-03-18,settled,944010.84,GBP,AMER,CP0335,OPTION,TDR0086,BOOK_C,2025-10-09
TXN0001521581,APP017,2025-12-10,pending,539900.22,JPY,APAC,CP0048,FUTURE,TDR0070,BOOK_B,2025-12-22
TXN0005284065,APP001,2025-01-20,settled,131440.64,CHF,AMER,CP0050,FUTURE,TDR0119,BOOK_C,2025-09-05
TXN0003208342,APP015,2025-06-03,reversed,760922.88,CHF,AMER,CP0045,FX,TDR0110,BOOK_A,2025-06-03
TXN0007147854,APP005,2026-01-02,pending,610696.24,JPY,LATAM,CP0377,OPTION,TDR0081,BOOK_D,2026-01-23
TXN0005640639,APP011,2025-10-18,reversed,668479.37,AUD,LATAM,CP0088,OPTION,TDR0074,BOOK_C,2025-08-25
TXN0006159556,APP003,2025-09-16,settled,474683.58,AUD,APAC,CP0467,EQUITY,TDR0044,BOOK_A,2025-12-24
TXN0000513015,APP017,2025-09-26,active,869480.32,CHF,APAC,CP0239,BOND,TDR0091,BOOK_B,2025-06-18
TXN0005437998,APP016,2025-12-11,pending,423302.1,USD,APAC,CP0176,SWAP,TDR0118,BOOK_D,2025-12-20
TXN0007120877,APP020,2025-10-09,active,197084.15,JPY,APAC,CP0128,SWAP,TDR0118,BOOK_D,2025-07-02
TXN0006029506,APP010,2026-01-08,failed,745699.78,AUD,AMER,CP0047,SWAP,TDR0186,BOOK_D,2025-11-07
TXN0001032045,APP001,2025-10-25,pending,302953.91,GBP,APAC,CP0334,SWAP,TDR0056,BOOK_A,2026-03-22
TXN0005845693,APP007,2025-11-28,failed,833706.18,USD,AMER,CP0042,FUTURE,TDR0135,BOOK_B,2025-09-05
TXN0008626238,APP013,2025-06-26,settled,686013.87,JPY,APAC,CP0110,FX,TDR0157,BOOK_A,2025-10-31
TXN0006795955,APP010,2025-06-20,active,311970.42,USD,APAC,CP0275,BOND,TDR0025,BOOK_B,2025-08-28
TXN0005848843,APP003,2025-10-17,active,950670.44,USD,EMEA,CP0273,SWAP,TDR0005,BOOK_C,2025-08-17
TXN0004365763,APP006,2025-04-05,failed,444717.63,EUR,AMER,CP0009,OPTION,TDR0034,BOOK_A,2025-03-03
TXN0004134171,APP019,2025-01-11,pending,436409.8,USD,AMER,CP0122,SWAP,TDR0160,BOOK_D,2025-11-25
TXN0008247422,APP005,2025-04-05,reversed,441124.52,GBP,APAC,CP0236,BOND,TDR0071,BOOK_B,2025-08-11
TXN0002368572,APP003,2026-01-26,active,83844.83,USD,LATAM,CP0225,SWAP,TDR0088,BOOK_A,2026-04-07
TXN0007802952,APP003,2025-03-07,settled,328651.83,JPY,EMEA,CP0456,FUTURE,TDR0033,BOOK_A,2026-04-11
TXN0006684559,APP012,2025-04-24,active,950834.37,AUD,AMER,CP0423,FX,TDR0021,BOOK_C,2025-03-13
TXN0009637189,APP002,2025-12-02,active,434988.25,USD,AMER,CP0066,BOND,TDR0193,BOOK_B,2025-07-02
TXN0005548154,APP008,2026-02-21,active,100545.88,GBP,LATAM,CP0354,FUTURE,TDR0176,BOOK_C,2025-01-21
TXN0004381299,APP020,2025-03-05,active,126255.34,GBP,EMEA,CP0413,FX,TDR0167,BOOK_B,2025-04-18
TXN0004991508,APP002,2025-08-24,active,532468.96,GBP,AMER,CP0259,BOND,TDR0199,BOOK_C,2025-12-11
TXN0005059474,APP017,2025-10-11,failed,277182.32,GBP,AMER,CP0441,BOND,TDR0015,BOOK_B,2025-12-06
TXN0005592903,APP004,2025-03-17,failed,971182.95,CHF,LATAM,CP0087,FUTURE,TDR0004,BOOK_A,2026-01-14
TXN0009011084,APP012,2025-06-19,settled,797502.87,USD,APAC,CP0035,FUTURE,TDR0088,BOOK_C,2025-07-30
TXN0007353205,APP010,2025-03-04,settled,107712.46,AUD,LATAM,CP0366,FX,TDR0120,BOOK_A,2026-03-06
TXN0000722188,APP006,2025-10-09,pending,467913.16,AUD,APAC,CP0066,SWAP,TDR0121,BOOK_C,2025-04-20
TXN0006121782,APP018,2025-09-14,active,666390.66,CHF,LATAM,CP0407,EQUITY,TDR0034,BOOK_B,2026-04-13
TXN0007578133,APP006,2025-09-16,failed,729747.71,GBP,EMEA,CP0270,OPTION,TDR0057,BOOK_C,2025-04-16
TXN0002730696,APP015,2025-05-10,active,353248.31,AUD,LATAM,CP0379,FX,TDR0125,BOOK_D,2025-11-23
TXN0005936238,APP004,2025-07-19,pending,564427.0,GBP,AMER,CP0040,OPTION,TDR0092,BOOK_B,2025-12-15
TXN0009921407,APP001,2026-04-10,active,739849.43,USD,AMER,CP0090,FUTURE,TDR0169,BOOK_A,2026-04-12
TXN0009487810,APP012,2026-04-08,active,435830.76,AUD,AMER,CP0310,SWAP,TDR0016,BOOK_A,2025-06-16
TXN0008851184,APP006,2025-01-30,reversed,834248.69,USD,APAC,CP0067,BOND,TDR0118,BOOK_C,2025-04-17
TXN0005067536,APP013,2025-04-09,settled,633743.93,JPY,LATAM,CP0243,FUTURE,TDR0197,BOOK_D,2025-06-24
TXN0003138806,APP005,2026-04-05,reversed,64760.05,USD,AMER,CP0093,OPTION,TDR0166,BOOK_A,2025-10-10
TXN0006497465,APP020,2025-09-03,settled,596064.69,JPY,LATAM,CP0353,BOND,TDR0092,BOOK_D,2025-09-17
TXN0004721384,APP004,2025-04-09,settled,263575.38,EUR,AMER,CP0351,OPTION,TDR0179,BOOK_A,2026-03-04
TXN0005859342,APP019,2025-06-14,active,650413.18,USD,LATAM,CP0314,OPTION,TDR0102,BOOK_C,2025-07-26
TXN0004568298,APP004,2025-05-14,settled,463919.38,AUD,AMER,CP0435,FUTURE,TDR0028,BOOK_D,2025-10-13
TXN0001523050,APP019,2025-08-12,settled,372186.41,GBP,AMER,CP0039,EQUITY,TDR0126,BOOK_B,2025-02-13
TXN0007903345,APP009,2025-08-02,settled,992378.37,CHF,AMER,CP0372,SWAP,TDR0055,BOOK_A,2025-03-22
TXN0002270254,APP017,2025-02-22,settled,392777.6,USD,AMER,CP0040,SWAP,TDR0054,BOOK_A,2025-08-15
TXN0003183832,APP002,2025-04-25,settled,966468.7,CHF,APAC,CP0361,OPTION,TDR0007,BOOK_C,2026-02-18
TXN0004115449,APP013,2025-04-27,reversed,782714.43,EUR,AMER,CP0167,BOND,TDR0100,BOOK_A,2025-06-21
TXN0001079792,APP005,2026-02-11,settled,54382.0,AUD,AMER,CP0358,BOND,TDR0070,BOOK_B,2025-03-06
TXN0009185125,APP018,2025-12-12,settled,28258.84,CHF,AMER,CP0336,EQUITY,TDR0154,BOOK_B,2025-04-02
TXN0007860867,APP018,2025-11-19,settled,859283.05,GBP,APAC,CP0447,FUTURE,TDR0107,BOOK_C,2025-12-07
TXN0004021566,APP003,2025-03-24,failed,350812.27,JPY,AMER,CP0394,EQUITY,TDR0063,BOOK_D,2025-02-27
TXN0008603324,APP009,2026-03-17,reversed,608939.96,USD,AMER,CP0452,FUTURE,TDR0148,BOOK_C,2025-03-31
TXN0008226362,APP015,2025-01-15,settled,178600.04,EUR,LATAM,CP0046,FUTURE,TDR0073,BOOK_A,2026-04-05
TXN0000792262,APP019,2026-03-28,settled,125084.8,CHF,LATAM,CP0052,SWAP,TDR0034,BOOK_D,2025-03-04
TXN0006435909,APP015,2026-01-04,pending,936484.3,AUD,LATAM,CP0139,FX,TDR0023,BOOK_B,2025-12-19
TXN0004034780,APP007,2025-05-25,pending,309025.63,CHF,LATAM,CP0032,FX,TDR0014,BOOK_D,2025-06-04
TXN0002692782,APP014,2025-06-16,active,860503.73,GBP,APAC,CP0344,FX,TDR0167,BOOK_A,2025-07-18
TXN0007700310,APP006,2026-01-18,reversed,950354.52,GBP,LATAM,CP0453,OPTION,TDR0107,BOOK_D,2025-02-16
TXN0000574285,APP005,2025-05-06,settled,872300.11,EUR,APAC,CP0316,FX,TDR0097,BOOK_B,2025-05-11
TXN0000173289,APP003,2025-07-08,reversed,852582.13,CHF,APAC,CP0391,EQUITY,TDR0023,BOOK_D,2025-03-19
TXN0000332288,APP017,2025-09-08,reversed,557393.22,AUD,AMER,CP0285,OPTION,TDR0125,BOOK_C,2025-08-17
TXN0008208820,APP002,2025-10-08,settled,292790.39,JPY,APAC,CP0106,EQUITY,TDR0067,BOOK_C,2025-04-20
TXN0007152227,APP015,2026-04-01,reversed,834033.69,EUR,LATAM,CP0018,SWAP,TDR0065,BOOK_C,2025-09-15
TXN0006965358,APP011,2025-04-08,settled,11554.1,USD,EMEA,CP0028,EQUITY,TDR0185,BOOK_B,2025-03-07
TXN0004991849,APP011,2025-07-28,reversed,743416.92,GBP,AMER,CP0175,BOND,TDR0177,BOOK_C,2025-09-22
TXN0003338445,APP016,2025-12-11,settled,504728.5,USD,AMER,CP0474,OPTION,TDR0084,BOOK_A,2025-08-15
TXN0004591533,APP013,2026-02-20,failed,695675.03,EUR,AMER,CP0107,BOND,TDR0169,BOOK_D,2025-10-25
TXN0007336969,APP018,2026-01-07,active,968617.3,CHF,APAC,CP0172,BOND,TDR0065,BOOK_D,2026-04-13
TXN0005037392,APP015,2026-01-23,pending,537225.46,EUR,AMER,CP0294,OPTION,TDR0017,BOOK_C,2025-09-13
TXN0002226880,APP008,2025-10-29,failed,423854.45,CHF,EMEA,CP0102,OPTION,TDR0108,BOOK_D,2026-01-28
TXN0004889125,APP012,2025-11-04,settled,220893.57,GBP,AMER,CP0062,EQUITY,TDR0190,BOOK_B,2025-02-20
TXN0008735100,APP007,2025-08-28,active,853301.37,GBP,EMEA,CP0255,SWAP,TDR0106,BOOK_A,2025-04-08
TXN0006552436,APP018,2025-08-25,reversed,262140.78,USD,EMEA,CP0008,OPTION,TDR0098,BOOK_D,2025-01-14
TXN0002283710,APP011,2026-03-27,failed,878905.88,CHF,APAC,CP0093,OPTION,TDR0016,BOOK_A,2025-07-27
TXN0006579406,APP017,2025-06-08,failed,774599.8,AUD,EMEA,CP0401,BOND,TDR0111,BOOK_C,2025-10-26
TXN0002021166,APP020,2025-03-31,pending,901780.26,USD,APAC,CP0152,BOND,TDR0019,BOOK_A,2026-03-06
TXN0009892328,APP018,2025-05-06,reversed,44682.85,EUR,APAC,CP0326,OPTION,TDR0135,BOOK_A,2025-02-12
TXN0008931893,APP011,2025-11-13,reversed,630895.77,EUR,AMER,CP0261,FX,TDR0018,BOOK_A,2026-04-08
TXN0002285945,APP004,2025-12-26,pending,533277.39,USD,AMER,CP0445,OPTION,TDR0133,BOOK_B,2025-05-20
TXN0001267209,APP005,2025-04-08,active,22837.71,JPY,EMEA,CP0486,EQUITY,TDR0196,BOOK_D,2025-03-22
TXN0002061168,APP009,2025-12-23,settled,959907.74,AUD,EMEA,CP0014,SWAP,TDR0139,BOOK_B,2025-08-06
TXN0000901915,APP010,2025-06-17,pending,821312.19,GBP,AMER,CP0344,FX,TDR0158,BOOK_B,2025-11-06
TXN0007608548,APP002,2026-02-28,failed,452942.32,CHF,EMEA,CP0306,OPTION,TDR0122,BOOK_C,2025-02-23
TXN0002798992,APP008,2025-03-28,active,908283.8,EUR,LATAM,CP0399,SWAP,TDR0042,BOOK_D,2025-03-08
TXN0003600979,APP014,2025-07-15,reversed,212482.16,AUD,APAC,CP0404,FX,TDR0140,BOOK_B,2025-05-29
TXN0006336376,APP015,2025-06-29,failed,95546.67,GBP,AMER,CP0445,SWAP,TDR0188,BOOK_D,2026-03-31
TXN0004646902,APP018,2025-01-06,active,472470.35,GBP,LATAM,CP0201,OPTION,TDR0114,BOOK_A,2025-05-17
TXN0001508458,APP013,2025-10-13,reversed,488755.61,AUD,LATAM,CP0457,EQUITY,TDR0029,BOOK_B,2026-01-17
TXN0006465958,APP002,2026-02-01,reversed,91070.37,GBP,LATAM,CP0359,OPTION,TDR0113,BOOK_B,2026-03-29
TXN0002584345,APP011,2025-10-17,failed,999865.48,GBP,LATAM,CP0293,BOND,TDR0063,BOOK_B,2025-10-15
TXN0000895554,APP011,2025-07-31,settled,884825.49,USD,EMEA,CP0424,EQUITY,TDR0018,BOOK_B,2026-02-19
TXN0006466264,APP010,2025-06-19,settled,663355.81,GBP,APAC,CP0445,BOND,TDR0199,BOOK_A,2025-02-13
TXN0003022808,APP011,2025-12-20,settled,488899.08,JPY,EMEA,CP0135,BOND,TDR0014,BOOK_A,2025-07-12
TXN0005694059,APP020,2025-06-23,failed,363419.57,CHF,AMER,CP0013,FX,TDR0123,BOOK_D,2025-11-02
TXN0004392585,APP013,2025-08-30,failed,965512.9,GBP,APAC,CP0035,SWAP,TDR0128,BOOK_D,2026-03-21
TXN0005733146,APP010,2025-01-05,failed,250301.17,CHF,APAC,CP0434,BOND,TDR0195,BOOK_B,2025-03-26
TXN0009235751,APP019,2025-10-23,settled,332550.55,AUD,EMEA,CP0262,SWAP,TDR0146,BOOK_B,2025-07-23
TXN0000225371,APP013,2025-11-05,failed,583412.58,USD,EMEA,CP0094,BOND,TDR0088,BOOK_D,2025-12-21
TXN0001022870,APP003,2025-12-05,settled,655183.47,CHF,APAC,CP0299,OPTION,TDR0120,BOOK_C,2025-10-17
TXN0003236415,APP014,2025-07-13,settled,602897.1,GBP,AMER,CP0479,BOND,TDR0095,BOOK_B,2025-12-15
TXN0008509998,APP013,2025-07-20,reversed,719050.96,USD,AMER,CP0258,FUTURE,TDR0043,BOOK_B,2025-03-04
TXN0001459770,APP011,2025-03-18,reversed,704961.53,CHF,EMEA,CP0167,EQUITY,TDR0134,BOOK_A,2025-11-16
TXN0009851370,APP002,2025-06-02,failed,481237.42,AUD,LATAM,CP0031,OPTION,TDR0026,BOOK_A,2026-01-19
TXN0004379113,APP006,2025-06-09,pending,303044.24,EUR,LATAM,CP0240,OPTION,TDR0112,BOOK_B,2025-11-22
TXN0004863394,APP001,2025-03-23,pending,12451.48,JPY,AMER,CP0410,EQUITY,TDR0185,BOOK_D,2026-02-10
TXN0004288974,APP018,2025-08-16,active,643308.96,EUR,APAC,CP0358,EQUITY,TDR0116,BOOK_A,2025-01-29
TXN0001796292,APP002,2025-07-07,reversed,617497.96,AUD,APAC,CP0172,OPTION,TDR0114,BOOK_A,2026-02-20
TXN0008864730,APP017,2026-02-05,active,996810.57,AUD,LATAM,CP0216,FX,TDR0071,BOOK_A,2025-08-10
TXN0004251861,APP006,2025-01-02,pending,799799.14,CHF,LATAM,CP0154,BOND,TDR0198,BOOK_D,2025-12-26
TXN0000791011,APP007,2025-06-28,settled,505433.48,EUR,APAC,CP0327,FUTURE,TDR0008,BOOK_A,2026-01-01
TXN0008015549,APP019,2025-03-29,active,526721.95,GBP,AMER,CP0016,SWAP,TDR0071,BOOK_A,2025-06-21
TXN0006467219,APP015,2025-10-05,settled,466191.37,JPY,EMEA,CP0457,SWAP,TDR0111,BOOK_A,2026-01-02
TXN0006773014,APP008,2025-05-02,settled,494949.38,GBP,AMER,CP0145,EQUITY,TDR0147,BOOK_D,2025-01-22
TXN0003892320,APP009,2025-06-23,pending,50828.49,JPY,EMEA,CP0311,FX,TDR0110,BOOK_D,2025-01-21
TXN0001811932,APP020,2026-03-27,reversed,384143.24,CHF,AMER,CP0356,FUTURE,TDR0065,BOOK_D,2025-04-12
TXN0001336046,APP020,2025-08-06,active,599188.96,JPY,AMER,CP0394,BOND,TDR0197,BOOK_B,2025-12-25
TXN0000251967,APP012,2026-02-22,reversed,602092.9,USD,LATAM,CP0001,SWAP,TDR0098,BOOK_A,2025-03-08
TXN0006251556,APP011,2026-04-07,settled,258260.22,JPY,APAC,CP0279,BOND,TDR0155,BOOK_C,2025-04-13
TXN0003830786,APP011,2025-09-21,failed,793649.66,USD,AMER,CP0196,SWAP,TDR0061,BOOK_B,2025-02-08
TXN0008390845,APP009,2025-09-30,settled,811472.21,JPY,APAC,CP0311,SWAP,TDR0148,BOOK_D,2025-06-14
TXN0002821847,APP016,2025-09-05,failed,654597.11,EUR,AMER,CP0042,OPTION,TDR0118,BOOK_A,2025-03-04
TXN0009607926,APP015,2025-07-15,failed,204591.15,EUR,AMER,CP0021,OPTION,TDR0194,BOOK_D,2025-03-04
TXN0005058559,APP002,2025-10-09,reversed,72052.58,USD,EMEA,CP0458,EQUITY,TDR0114,BOOK_D,2025-05-29
TXN0004187591,APP019,2025-08-15,reversed,118442.06,GBP,AMER,CP0136,EQUITY,TDR0065,BOOK_B,2026-03-03
TXN0009925714,APP005,2025-08-05,settled,275557.66,EUR,AMER,CP0233,OPTION,TDR0047,BOOK_C,2026-01-17
TXN0008086490,APP005,2026-03-07,settled,382011.24,USD,AMER,CP0302,FUTURE,TDR0059,BOOK_C,2025-08-26
TXN0001459401,APP018,2025-10-12,settled,238374.05,JPY,EMEA,CP0197,OPTION,TDR0178,BOOK_B,2025-10-16
TXN0006553567,APP020,2025-04-26,failed,981398.26,JPY,EMEA,CP0210,FX,TDR0180,BOOK_C,2026-02-14
TXN0000858690,APP010,2025-11-12,settled,589558.09,EUR,LATAM,CP0194,FUTURE,TDR0016,BOOK_B,2025-08-24
TXN0005394948,APP005,2026-03-15,reversed,275078.15,EUR,AMER,CP0141,EQUITY,TDR0179,BOOK_A,2026-03-17
TXN0001146054,APP014,2025-03-21,reversed,27626.31,CHF,LATAM,CP0383,OPTION,TDR0009,BOOK_B,2026-03-30
TXN0002102953,APP019,2025-04-16,pending,538210.28,AUD,APAC,CP0197,SWAP,TDR0175,BOOK_C,2026-01-09
TXN0002372438,APP005,2025-06-26,settled,899931.74,JPY,APAC,CP0110,BOND,TDR0080,BOOK_C,2025-02-05
TXN0008754511,APP013,2026-03-11,pending,822510.39,EUR,LATAM,CP0105,EQUITY,TDR0194,BOOK_D,2025-12-13
TXN0001571493,APP006,2025-10-27,active,211396.36,USD,APAC,CP0004,BOND,TDR0015,BOOK_D,2025-04-13
TXN0002979581,APP012,2025-02-18,reversed,674819.01,CHF,LATAM,CP0432,EQUITY,TDR0141,BOOK_A,2026-01-01
TXN0004951787,APP005,2025-04-26,pending,674506.06,EUR,LATAM,CP0432,BOND,TDR0009,BOOK_D,2025-04-10
TXN0008691194,APP014,2025-04-17,settled,698047.65,USD,LATAM,CP0053,OPTION,TDR0006,BOOK_C,2025-08-28
TXN0007170159,APP008,2025-07-22,reversed,303077.03,CHF,LATAM,CP0280,FUTURE,TDR0084,BOOK_A,2025-10-25
TXN0005337759,APP012,2025-12-23,active,411214.12,EUR,LATAM,CP0468,EQUITY,TDR0171,BOOK_D,2025-05-10
TXN0003840394,APP002,2025-09-27,pending,432111.25,AUD,LATAM,CP0275,FUTURE,TDR0170,BOOK_B,2025-06-06
TXN0001393034,APP020,2026-03-28,active,615800.97,JPY,EMEA,CP0143,FUTURE,TDR0042,BOOK_B,2026-03-03
TXN0002638682,APP008,2025-06-08,reversed,542216.12,JPY,EMEA,CP0181,EQUITY,TDR0080,BOOK_D,2026-01-22
TXN0000572279,APP020,2025-05-19,reversed,297582.52,JPY,LATAM,CP0092,SWAP,TDR0114,BOOK_A,2025-11-27
TXN0001906280,APP013,2025-01-10,settled,335548.3,JPY,APAC,CP0132,EQUITY,TDR0103,BOOK_C,2025-08-28
TXN0005019618,APP017,2025-03-11,pending,724156.65,CHF,APAC,CP0178,SWAP,TDR0047,BOOK_D,2025-10-06
TXN0005826029,APP001,2025-10-28,pending,463860.45,AUD,APAC,CP0393,FUTURE,TDR0025,BOOK_B,2025-01-06
TXN0005356965,APP011,2025-04-26,reversed,237570.04,CHF,AMER,CP0288,SWAP,TDR0139,BOOK_D,2025-01-23
TXN0006406045,APP012,2025-02-08,active,895762.99,CHF,LATAM,CP0360,EQUITY,TDR0028,BOOK_A,2025-08-05
TXN0007078377,APP011,2025-07-27,settled,276858.95,CHF,AMER,CP0007,OPTION,TDR0136,BOOK_C,2025-01-22
TXN0009829065,APP001,2025-01-28,pending,59457.39,EUR,APAC,CP0154,BOND,TDR0055,BOOK_C,2026-03-05
TXN0007455610,APP015,2025-01-13,active,372894.84,GBP,LATAM,CP0284,BOND,TDR0056,BOOK_C,2025-02-19
TXN0007982221,APP014,2025-10-13,failed,457765.33,EUR,APAC,CP0023,OPTION,TDR0075,BOOK_B,2025-10-20
TXN0007168462,APP011,2025-08-09,settled,568124.35,GBP,AMER,CP0291,BOND,TDR0171,BOOK_B,2025-04-20
TXN0005680903,APP013,2026-03-09,failed,388489.2,CHF,EMEA,CP0042,EQUITY,TDR0072,BOOK_C,2026-03-14
TXN0000453419,APP011,2025-03-17,pending,245827.83,CHF,APAC,CP0002,EQUITY,TDR0094,BOOK_B,2025-06-30
TXN0008296836,APP013,2025-02-10,settled,570567.31,JPY,AMER,CP0118,BOND,TDR0159,BOOK_D,2025-03-17
TXN0000697463,APP013,2025-07-31,active,15118.47,USD,AMER,CP0461,BOND,TDR0029,BOOK_A,2025-05-10
TXN0009732034,APP009,2026-01-30,reversed,278915.5,CHF,AMER,CP0364,SWAP,TDR0101,BOOK_D,2025-04-13
TXN0001674138,APP013,2025-01-11,failed,401179.77,EUR,LATAM,CP0139,EQUITY,TDR0168,BOOK_B,2025-01-16
TXN0002698754,APP010,2025-07-16,settled,838181.22,AUD,EMEA,CP0475,BOND,TDR0103,BOOK_B,2025-02-26
TXN0006910088,APP012,2025-10-28,pending,872644.51,AUD,EMEA,CP0186,OPTION,TDR0089,BOOK_D,2025-08-06
TXN0000693515,APP017,2025-05-25,failed,572809.28,AUD,APAC,CP0436,BOND,TDR0077,BOOK_A,2025-05-15
TXN0001481465,APP004,2026-01-16,pending,229374.36,GBP,LATAM,CP0437,EQUITY,TDR0185,BOOK_C,2025-04-23
TXN0000810949,APP018,2025-01-12,active,28730.46,USD,EMEA,CP0384,FUTURE,TDR0055,BOOK_C,2025-03-19
TXN0003342752,APP015,2025-05-07,settled,579588.84,AUD,EMEA,CP0199,BOND,TDR0198,BOOK_B,2025-03-09
TXN0007888355,APP011,2025-10-13,reversed,46326.01,EUR,EMEA,CP0208,SWAP,TDR0042,BOOK_B,2025-11-27
TXN0006723953,APP016,2025-11-23,reversed,283223.59,CHF,AMER,CP0072,SWAP,TDR0025,BOOK_B,2025-07-31
TXN0005133530,APP018,2026-01-30,settled,137999.79,CHF,AMER,CP0048,BOND,TDR0067,BOOK_B,2025-01-20
TXN0002414537,APP016,2025-11-08,pending,107802.62,AUD,AMER,CP0043,OPTION,TDR0024,BOOK_A,2025-07-21
TXN0002111758,APP009,2025-08-20,failed,218608.21,CHF,EMEA,CP0217,BOND,TDR0092,BOOK_D,2025-04-22
TXN0005565786,APP011,2025-12-17,pending,790770.24,EUR,LATAM,CP0480,OPTION,TDR0066,BOOK_C,2025-11-20
TXN0004810257,APP002,2025-07-04,settled,654694.45,USD,EMEA,CP0128,FUTURE,TDR0178,BOOK_C,2025-10-10
TXN0000527343,APP016,2025-10-30,failed,153226.45,CHF,AMER,CP0387,OPTION,TDR0002,BOOK_B,2026-01-31
TXN0003921585,APP013,2025-12-03,pending,692128.87,CHF,LATAM,CP0008,FX,TDR0089,BOOK_B,2025-04-05
TXN0009038652,APP003,2025-11-15,active,625454.8,USD,APAC,CP0158,FX,TDR0088,BOOK_C,2025-10-21
TXN0000891140,APP018,2026-04-09,failed,841064.7,JPY,AMER,CP0037,SWAP,TDR0029,BOOK_D,2025-04-22
TXN0000785236,APP013,2026-03-25,settled,218760.18,USD,LATAM,CP0225,FUTURE,TDR0174,BOOK_C,2025-08-13
TXN0001549187,APP008,2025-01-31,active,572305.08,CHF,APAC,CP0036,SWAP,TDR0015,BOOK_B,2025-02-08
TXN0005680767,APP012,2026-04-14,active,172215.36,AUD,EMEA,CP0303,OPTION,TDR0175,BOOK_C,2025-01-25
TXN0005366171,APP004,2025-03-08,reversed,763374.63,JPY,EMEA,CP0037,FX,TDR0103,BOOK_D,2025-12-25
TXN0004642410,APP006,2025-02-17,reversed,478620.57,AUD,APAC,CP0166,SWAP,TDR0028,BOOK_B,2025-02-20
TXN0001800749,APP005,2025-09-06,settled,200658.73,AUD,EMEA,CP0473,OPTION,TDR0032,BOOK_C,2025-07-31
TXN0008270366,APP001,2025-09-05,pending,108291.87,USD,APAC,CP0321,EQUITY,TDR0043,BOOK_D,2026-03-23
TXN0006573731,APP015,2025-03-10,reversed,707534.15,EUR,AMER,CP0108,OPTION,TDR0158,BOOK_A,2026-03-08
TXN0003339532,APP011,2025-06-12,pending,212460.04,EUR,LATAM,CP0203,FX,TDR0063,BOOK_B,2025-04-02
TXN0007815959,APP004,2025-12-25,active,997682.78,AUD,AMER,CP0319,SWAP,TDR0087,BOOK_C,2026-01-20
TXN0006157110,APP008,2025-10-30,failed,204158.55,AUD,LATAM,CP0478,SWAP,TDR0161,BOOK_B,2025-03-05
TXN0005091106,APP017,2026-03-14,active,138485.15,AUD,AMER,CP0150,EQUITY,TDR0192,BOOK_D,2025-12-04
TXN0007066051,APP007,2026-03-07,settled,360606.04,AUD,EMEA,CP0075,FX,TDR0023,BOOK_B,2026-01-02
TXN0006552372,APP008,2025-01-19,failed,153405.81,GBP,LATAM,CP0264,OPTION,TDR0079,BOOK_D,2025-06-11
TXN0006225553,APP019,2025-05-13,failed,445813.38,EUR,LATAM,CP0321,EQUITY,TDR0072,BOOK_C,2025-06-19
TXN0006734724,APP017,2025-10-27,failed,353753.25,USD,AMER,CP0367,FUTURE,TDR0030,BOOK_D,2025-04-27
TXN0007328902,APP011,2025-04-26,settled,589979.4,USD,EMEA,CP0238,EQUITY,TDR0169,BOOK_B,2026-01-18
TXN0000593685,APP009,2025-06-11,pending,36640.54,AUD,LATAM,CP0403,EQUITY,TDR0002,BOOK_D,2025-05-03
TXN0008335559,APP012,2025-01-21,failed,977938.38,GBP,AMER,CP0068,FUTURE,TDR0117,BOOK_D,2025-08-12
TXN0004776029,APP002,2025-02-14,reversed,228366.18,AUD,EMEA,CP0293,OPTION,TDR0136,BOOK_A,2026-03-14
TXN0005245012,APP010,2025-07-13,failed,826003.24,AUD,APAC,CP0318,FUTURE,TDR0055,BOOK_D,2025-11-21
TXN0004927898,APP008,2026-01-16,settled,488789.56,EUR,APAC,CP0171,OPTION,TDR0110,BOOK_C,2025-12-21
TXN0003305285,APP017,2026-01-22,pending,929380.98,CHF,LATAM,CP0299,EQUITY,TDR0142,BOOK_A,2026-02-08
TXN0004730695,APP009,2025-09-29,active,756392.25,AUD,LATAM,CP0226,EQUITY,TDR0200,BOOK_B,2025-08-03
TXN0003253082,APP005,2026-03-18,failed,142742.8,EUR,EMEA,CP0174,FUTURE,TDR0037,BOOK_C,2025-04-23
TXN0002519414,APP002,2026-01-23,pending,309517.82,GBP,EMEA,CP0300,FX,TDR0125,BOOK_D,2026-03-31
TXN0004072211,APP001,2025-01-10,active,958944.55,JPY,EMEA,CP0151,BOND,TDR0054,BOOK_B,2025-06-12
TXN0007842193,APP014,2025-08-19,failed,134143.06,GBP,EMEA,CP0090,BOND,TDR0022,BOOK_A,2025-11-25
TXN0001562461,APP017,2026-02-10,active,879388.58,GBP,APAC,CP0206,OPTION,TDR0014,BOOK_A,2025-05-08
TXN0001283953,APP006,2025-01-21,failed,620833.77,AUD,APAC,CP0253,EQUITY,TDR0113,BOOK_B,2026-01-10
TXN0005244940,APP019,2025-08-19,settled,780748.11,CHF,APAC,CP0035,FX,TDR0061,BOOK_C,2025-12-07
TXN0000671519,APP006,2025-08-23,active,776500.89,EUR,EMEA,CP0347,EQUITY,TDR0168,BOOK_A,2026-01-01
TXN0003240730,APP003,2025-02-01,reversed,623055.05,JPY,APAC,CP0436,FUTURE,TDR0013,BOOK_A,2025-11-02
TXN0001446453,APP011,2026-03-21,active,194653.38,EUR,EMEA,CP0117,FX,TDR0195,BOOK_D,2025-04-19
TXN0000675938,APP006,2025-07-26,active,53515.79,GBP,EMEA,CP0194,OPTION,TDR0083,BOOK_B,2026-01-11
TXN0002863434,APP009,2025-07-27,active,88087.61,JPY,LATAM,CP0294,OPTION,TDR0196,BOOK_B,2025-04-10
TXN0009114245,APP015,2025-11-05,failed,738391.48,CHF,AMER,CP0116,SWAP,TDR0139,BOOK_A,2025-06-14
TXN0001197008,APP007,2025-12-07,pending,742495.99,JPY,LATAM,CP0126,BOND,TDR0090,BOOK_A,2025-06-17
TXN0006472956,APP004,2026-03-06,active,547109.77,AUD,LATAM,CP0012,OPTION,TDR0110,BOOK_D,2026-01-19
TXN0002386137,APP009,2025-09-23,failed,204519.33,USD,APAC,CP0258,BOND,TDR0060,BOOK_B,2025-06-25
TXN0002835301,APP001,2025-01-30,failed,654572.87,USD,EMEA,CP0170,FX,TDR0036,BOOK_D,2025-04-21
TXN0004640877,APP016,2026-01-30,settled,31721.97,CHF,APAC,CP0485,FX,TDR0188,BOOK_B,2025-12-11
TXN0007947670,APP015,2025-08-26,settled,472120.09,JPY,APAC,CP0454,FX,TDR0192,BOOK_A,2025-09-19
TXN0007241049,APP017,2025-12-17,failed,797590.67,JPY,LATAM,CP0464,EQUITY,TDR0107,BOOK_B,2025-09-07
TXN0004460957,APP009,2026-04-12,active,133032.09,GBP,LATAM,CP0430,FUTURE,TDR0100,BOOK_C,2025-02-24
TXN0003186796,APP001,2025-08-25,failed,93390.54,CHF,APAC,CP0095,BOND,TDR0145,BOOK_B,2025-02-08
TXN0006286725,APP006,2025-01-21,settled,598734.5,GBP,LATAM,CP0393,SWAP,TDR0106,BOOK_A,2025-06-06
TXN0001113962,APP011,2025-11-19,reversed,303575.78,AUD,EMEA,CP0093,SWAP,TDR0030,BOOK_C,2025-03-01
TXN0000595261,APP011,2026-01-13,reversed,132180.8,AUD,EMEA,CP0062,BOND,TDR0187,BOOK_C,2025-11-24
TXN0009057817,APP002,2025-12-25,settled,46281.15,EUR,APAC,CP0333,FX,TDR0167,BOOK_B,2025-12-29
TXN0005070610,APP002,2025-10-08,failed,9109.1,EUR,LATAM,CP0453,FX,TDR0016,BOOK_D,2025-09-14
TXN0004849116,APP010,2025-03-17,settled,389760.24,EUR,APAC,CP0239,FX,TDR0073,BOOK_D,2025-08-07
TXN0003331077,APP003,2025-03-26,active,104090.63,JPY,EMEA,CP0472,OPTION,TDR0085,BOOK_A,2025-04-25
TXN0007073580,APP020,2025-02-27,failed,8362.38,EUR,APAC,CP0415,OPTION,TDR0135,BOOK_C,2025-12-12
TXN0006044866,APP013,2026-03-02,active,335144.16,JPY,LATAM,CP0335,BOND,TDR0048,BOOK_C,2026-04-01
TXN0004230126,APP012,2025-08-12,pending,222834.63,USD,AMER,CP0469,FUTURE,TDR0134,BOOK_A,2025-03-14
TXN0008272289,APP012,2025-02-25,active,573773.33,GBP,LATAM,CP0464,FX,TDR0146,BOOK_B,2026-02-19
TXN0003361202,APP014,2026-01-05,failed,289022.12,CHF,EMEA,CP0442,BOND,TDR0093,BOOK_C,2025-10-30
TXN0005853268,APP010,2025-11-13,failed,898988.59,GBP,AMER,CP0134,EQUITY,TDR0087,BOOK_C,2026-02-17
TXN0004201555,APP016,2026-02-23,settled,516421.52,USD,AMER,CP0043,EQUITY,TDR0052,BOOK_C,2025-04-01
TXN0008558578,APP015,2025-11-10,reversed,579416.33,GBP,LATAM,CP0174,OPTION,TDR0118,BOOK_C,2025-12-25
TXN0006034827,APP004,2025-09-30,reversed,725847.69,CHF,AMER,CP0493,EQUITY,TDR0097,BOOK_D,2025-04-23
TXN0005166553,APP016,2025-08-05,settled,818172.52,GBP,AMER,CP0440,FX,TDR0070,BOOK_B,2026-01-27
TXN0000952886,APP020,2025-08-05,active,931188.95,AUD,LATAM,CP0305,FUTURE,TDR0191,BOOK_A,2025-09-10
TXN0007187943,APP007,2025-12-08,active,205844.19,CHF,AMER,CP0220,BOND,TDR0057,BOOK_B,2025-04-25
TXN0001964867,APP018,2025-08-08,reversed,947976.2,AUD,APAC,CP0371,EQUITY,TDR0087,BOOK_D,2025-09-21
TXN0001697748,APP017,2025-07-06,reversed,917659.91,EUR,EMEA,CP0295,BOND,TDR0060,BOOK_A,2026-01-20
TXN0003816300,APP008,2026-01-23,failed,884450.25,AUD,LATAM,CP0266,FX,TDR0185,BOOK_A,2025-12-06
TXN0001825024,APP015,2025-02-28,reversed,428681.32,JPY,EMEA,CP0245,SWAP,TDR0040,BOOK_A,2025-08-26
TXN0000900993,APP012,2025-07-28,active,331480.29,JPY,APAC,CP0035,BOND,TDR0170,BOOK_D,2025-04-13
TXN0007633963,APP004,2025-07-14,settled,848824.19,USD,EMEA,CP0367,FUTURE,TDR0052,BOOK_C,2025-12-20
TXN0006228388,APP014,2025-11-04,reversed,254538.13,AUD,EMEA,CP0017,SWAP,TDR0169,BOOK_D,2026-01-05
TXN0008944472,APP020,2026-04-06,reversed,60990.46,JPY,APAC,CP0206,OPTION,TDR0050,BOOK_A,2025-02-11
TXN0002446267,APP012,2026-01-05,reversed,24909.55,JPY,EMEA,CP0140,OPTION,TDR0157,BOOK_C,2026-02-24
TXN0006935705,APP009,2026-02-19,settled,758186.12,CHF,EMEA,CP0302,OPTION,TDR0108,BOOK_A,2025-06-05
TXN0002677404,APP018,2025-09-12,failed,407519.26,USD,LATAM,CP0231,SWAP,TDR0050,BOOK_C,2026-01-20
TXN0002774949,APP004,2025-06-07,active,357535.35,USD,EMEA,CP0422,FUTURE,TDR0118,BOOK_A,2025-02-04
TXN0005044720,APP012,2025-03-03,pending,299369.04,AUD,APAC,CP0315,SWAP,TDR0161,BOOK_D,2025-04-11
TXN0005478700,APP015,2025-03-11,pending,159968.57,EUR,APAC,CP0092,BOND,TDR0104,BOOK_A,2025-09-20
TXN0005121295,APP017,2025-02-02,pending,572190.96,GBP,LATAM,CP0363,SWAP,TDR0011,BOOK_D,2025-10-15
TXN0001216147,APP018,2025-07-23,pending,10969.87,USD,APAC,CP0220,EQUITY,TDR0105,BOOK_B,2025-11-06
TXN0003091896,APP020,2026-02-17,reversed,153579.08,USD,EMEA,CP0441,FUTURE,TDR0108,BOOK_D,2025-04-09
TXN0001672553,APP007,2025-08-30,active,879976.68,USD,AMER,CP0134,OPTION,TDR0070,BOOK_A,2025-06-18
TXN0004849831,APP007,2025-07-31,active,613019.58,USD,EMEA,CP0279,BOND,TDR0035,BOOK_D,2025-04-23
TXN0007426206,APP019,2026-02-10,settled,286142.25,JPY,LATAM,CP0449,FUTURE,TDR0040,BOOK_C,2025-02-26
TXN0001395101,APP010,2025-06-26,settled,282566.59,JPY,LATAM,CP0145,FX,TDR0140,BOOK_C,2025-10-26
TXN0002293797,APP019,2026-03-12,reversed,130257.29,GBP,EMEA,CP0298,EQUITY,TDR0103,BOOK_B,2025-01-31
TXN0003687426,APP012,2025-02-22,active,674734.6,AUD,EMEA,CP0285,FX,TDR0006,BOOK_B,2025-01-07
TXN0000729228,APP009,2025-12-15,pending,87524.85,USD,APAC,CP0152,EQUITY,TDR0010,BOOK_D,2025-05-10
TXN0007098358,APP008,2025-08-18,pending,338598.94,JPY,AMER,CP0129,BOND,TDR0190,BOOK_C,2025-08-30
TXN0002982805,APP009,2025-09-12,failed,994655.78,USD,LATAM,CP0300,FUTURE,TDR0128,BOOK_D,2025-07-13
TXN0006156005,APP006,2025-11-25,active,452142.99,GBP,EMEA,CP0392,BOND,TDR0190,BOOK_C,2025-09-07
TXN0001483059,APP019,2025-03-17,pending,440898.71,CHF,AMER,CP0018,EQUITY,TDR0059,BOOK_A,2025-01-06
TXN0008756315,APP012,2025-11-19,failed,682668.54,CHF,AMER,CP0065,SWAP,TDR0184,BOOK_B,2025-06-30
TXN0007345864,APP009,2025-05-08,active,54425.85,AUD,AMER,CP0078,SWAP,TDR0006,BOOK_B,2026-01-01
TXN0007973566,APP009,2025-12-16,reversed,919432.36,EUR,EMEA,CP0027,FX,TDR0153,BOOK_A,2026-04-07
TXN0005819840,APP011,2025-07-15,settled,419739.24,GBP,LATAM,CP0208,FUTURE,TDR0200,BOOK_B,2025-01-14
TXN0008606098,APP010,2025-02-07,pending,918000.35,AUD,APAC,CP0087,FUTURE,TDR0055,BOOK_C,2025-05-05
TXN0003095774,APP014,2026-03-27,settled,874638.06,AUD,AMER,CP0094,EQUITY,TDR0008,BOOK_A,2026-03-30
TXN0008774576,APP014,2025-03-04,settled,142786.42,JPY,LATAM,CP0420,FX,TDR0190,BOOK_D,2025-09-09
TXN0001215882,APP015,2025-03-13,active,236102.82,GBP,EMEA,CP0102,SWAP,TDR0093,BOOK_C,2025-01-20
TXN0003544622,APP015,2025-09-07,active,387647.85,GBP,APAC,CP0330,FUTURE,TDR0128,BOOK_B,2025-06-02
TXN0008741254,APP020,2025-01-31,reversed,190700.61,CHF,EMEA,CP0388,FX,TDR0180,BOOK_C,2026-02-11
TXN0004373046,APP019,2025-07-06,settled,492020.82,JPY,AMER,CP0053,EQUITY,TDR0169,BOOK_A,2025-06-30
TXN0009660107,APP006,2026-04-10,active,501080.69,EUR,LATAM,CP0306,EQUITY,TDR0004,BOOK_C,2025-07-02
TXN0003983509,APP018,2025-11-17,active,900268.07,GBP,LATAM,CP0038,BOND,TDR0055,BOOK_C,2025-12-04
TXN0004258132,APP009,2026-02-04,active,770095.68,JPY,EMEA,CP0418,EQUITY,TDR0059,BOOK_B,2025-06-09
TXN0000139861,APP003,2025-01-17,pending,399476.47,USD,EMEA,CP0048,FX,TDR0196,BOOK_D,2025-05-26
TXN0005662927,APP012,2025-03-07,settled,400663.24,CHF,AMER,CP0209,SWAP,TDR0112,BOOK_C,2025-02-27
TXN0007409837,APP001,2025-01-28,reversed,849038.57,GBP,AMER,CP0355,FUTURE,TDR0030,BOOK_B,2025-01-23
TXN0006021301,APP009,2025-10-27,failed,694126.75,AUD,EMEA,CP0274,EQUITY,TDR0093,BOOK_A,2025-05-24
TXN0004980545,APP016,2026-04-11,settled,846599.15,AUD,EMEA,CP0331,OPTION,TDR0162,BOOK_B,2026-04-04
TXN0009177398,APP013,2025-12-27,active,443227.76,EUR,APAC,CP0427,OPTION,TDR0179,BOOK_C,2025-01-10
TXN0004741043,APP018,2025-06-12,pending,951975.51,CHF,LATAM,CP0396,BOND,TDR0152,BOOK_B,2025-09-16
TXN0000386515,APP020,2025-09-25,active,300053.86,GBP,EMEA,CP0120,EQUITY,TDR0160,BOOK_B,2025-02-12
TXN0002843199,APP018,2025-10-04,reversed,741999.77,GBP,LATAM,CP0183,OPTION,TDR0114,BOOK_C,2025-09-05
TXN0002738188,APP017,2025-03-29,active,255657.04,GBP,EMEA,CP0195,FUTURE,TDR0017,BOOK_A,2025-04-09
TXN0005776149,APP011,2025-01-11,reversed,871402.42,EUR,EMEA,CP0368,EQUITY,TDR0038,BOOK_C,2025-06-14
TXN0007395596,APP015,2026-02-25,failed,998711.72,AUD,APAC,CP0167,FX,TDR0116,BOOK_A,2026-01-12
TXN0009394988,APP018,2025-10-11,pending,518569.9,JPY,AMER,CP0330,BOND,TDR0137,BOOK_A,2025-10-04
TXN0007078542,APP020,2025-10-14,active,757399.3,USD,AMER,CP0484,FUTURE,TDR0135,BOOK_D,2025-10-28
TXN0004287183,APP005,2025-02-25,pending,785991.93,GBP,APAC,CP0420,OPTION,TDR0098,BOOK_A,2025-12-18
TXN0009614351,APP005,2025-03-04,failed,649930.41,GBP,LATAM,CP0375,OPTION,TDR0041,BOOK_B,2025-02-18
TXN0009199628,APP008,2026-01-04,active,454414.4,AUD,APAC,CP0164,OPTION,TDR0107,BOOK_D,2026-03-14
TXN0003861871,APP009,2025-10-06,settled,158596.16,CHF,AMER,CP0070,SWAP,TDR0116,BOOK_B,2025-06-09
TXN0004945220,APP014,2025-09-28,active,223106.58,JPY,APAC,CP0435,SWAP,TDR0159,BOOK_C,2025-07-13
TXN0007404819,APP013,2026-02-24,reversed,635372.67,JPY,LATAM,CP0265,FUTURE,TDR0141,BOOK_B,2026-02-12
TXN0006501185,APP016,2026-01-21,settled,406151.48,EUR,EMEA,CP0486,BOND,TDR0073,BOOK_B,2026-01-10
TXN0006613903,APP019,2025-12-29,failed,929447.59,JPY,LATAM,CP0356,EQUITY,TDR0132,BOOK_A,2025-08-16
TXN0008739656,APP003,2025-12-27,settled,114911.63,GBP,EMEA,CP0402,SWAP,TDR0034,BOOK_D,2025-09-01
TXN0008740744,APP016,2025-04-10,failed,923205.47,GBP,EMEA,CP0325,FUTURE,TDR0166,BOOK_A,2025-09-20
TXN0009463583,APP001,2025-08-29,settled,431164.84,GBP,AMER,CP0415,FUTURE,TDR0002,BOOK_D,2025-01-04
TXN0005933473,APP003,2025-05-22,active,332385.96,USD,LATAM,CP0181,EQUITY,TDR0099,BOOK_C,2025-03-06
TXN0003733166,APP019,2025-08-11,reversed,461321.39,AUD,EMEA,CP0348,FX,TDR0009,BOOK_C,2025-01-24
TXN0004336872,APP014,2025-08-24,failed,369294.96,EUR,APAC,CP0239,BOND,TDR0155,BOOK_B,2025-08-02
TXN0006949217,APP002,2025-08-23,active,506653.3,JPY,EMEA,CP0228,OPTION,TDR0114,BOOK_C,2025-05-05
TXN0000287304,APP001,2025-10-06,active,957372.34,GBP,APAC,CP0491,FUTURE,TDR0146,BOOK_D,2026-03-23
TXN0003151348,APP003,2025-07-05,pending,143597.31,CHF,EMEA,CP0403,FX,TDR0059,BOOK_D,2025-09-06
TXN0006795497,APP015,2025-07-31,failed,977195.23,AUD,EMEA,CP0010,BOND,TDR0127,BOOK_B,2025-05-12
TXN0006660515,APP007,2026-01-28,failed,545700.71,GBP,APAC,CP0206,FUTURE,TDR0118,BOOK_B,2025-08-05
TXN0003528008,APP020,2026-01-30,reversed,883817.7,USD,EMEA,CP0136,FUTURE,TDR0057,BOOK_C,2025-09-13
TXN0009264737,APP015,2025-02-10,pending,49515.85,CHF,AMER,CP0306,BOND,TDR0168,BOOK_B,2026-03-07
TXN0002951181,APP003,2025-01-30,active,832194.9,CHF,APAC,CP0345,FX,TDR0009,BOOK_C,2025-02-04
TXN0005074110,APP013,2026-02-21,pending,138599.95,USD,LATAM,CP0442,SWAP,TDR0161,BOOK_D,2026-02-14
TXN0007601879,APP008,2026-03-13,reversed,963956.0,GBP,APAC,CP0247,EQUITY,TDR0110,BOOK_B,2025-09-22
TXN0005325328,APP007,2025-10-18,active,669855.52,CHF,APAC,CP0127,BOND,TDR0186,BOOK_A,2026-03-19
TXN0005752898,APP005,2025-09-07,settled,910861.62,GBP,EMEA,CP0018,SWAP,TDR0120,BOOK_B,2026-03-31
TXN0003673271,APP009,2025-09-25,reversed,997428.37,USD,EMEA,CP0443,OPTION,TDR0111,BOOK_B,2025-11-27
TXN0008565510,APP007,2025-02-02,pending,906483.05,AUD,APAC,CP0420,OPTION,TDR0139,BOOK_B,2025-07-19
TXN0007581190,APP002,2026-02-20,pending,166759.65,JPY,EMEA,CP0209,FUTURE,TDR0153,BOOK_A,2025-08-30
TXN0004993375,APP011,2026-01-10,reversed,578331.27,JPY,AMER,CP0226,OPTION,TDR0116,BOOK_D,2025-06-26
TXN0005124532,APP005,2025-01-20,reversed,916995.91,JPY,EMEA,CP0074,FX,TDR0113,BOOK_A,2025-02-11
TXN0003530016,APP004,2025-01-12,active,694036.19,JPY,AMER,CP0113,OPTION,TDR0044,BOOK_D,2025-08-01
TXN0005062885,APP005,2026-01-23,settled,405072.96,AUD,APAC,CP0100,EQUITY,TDR0060,BOOK_A,2025-04-22
TXN0001179673,APP017,2026-01-09,active,723747.92,CHF,APAC,CP0388,FX,TDR0057,BOOK_B,2026-04-12
TXN0008062960,APP006,2026-01-09,active,427361.45,CHF,EMEA,CP0348,FX,TDR0153,BOOK_A,2025-06-29
TXN0002540388,APP008,2025-02-04,failed,772087.74,USD,AMER,CP0032,OPTION,TDR0163,BOOK_D,2025-07-31
TXN0000632200,APP014,2025-11-11,active,127779.2,JPY,AMER,CP0218,EQUITY,TDR0175,BOOK_D,2025-06-15
TXN0006991872,APP017,2025-12-17,pending,984329.37,JPY,EMEA,CP0134,EQUITY,TDR0161,BOOK_C,2025-11-03
TXN0002048466,APP014,2025-10-04,pending,216319.68,GBP,APAC,CP0048,OPTION,TDR0200,BOOK_B,2026-02-13
TXN0008267911,APP018,2025-05-15,pending,310253.76,AUD,APAC,CP0010,FUTURE,TDR0131,BOOK_A,2026-04-05
TXN0004660750,APP004,2026-02-03,reversed,659947.94,EUR,EMEA,CP0103,EQUITY,TDR0066,BOOK_D,2025-08-23
TXN0006169450,APP008,2025-09-17,active,139473.22,GBP,EMEA,CP0292,BOND,TDR0187,BOOK_C,2025-05-18
TXN0004985994,APP018,2025-11-28,reversed,582294.71,EUR,EMEA,CP0371,BOND,TDR0130,BOOK_D,2025-11-15
TXN0001369898,APP004,2025-10-11,pending,90601.0,USD,APAC,CP0004,EQUITY,TDR0057,BOOK_D,2025-08-15
TXN0009028377,APP018,2025-06-01,reversed,837482.45,EUR,APAC,CP0067,FX,TDR0005,BOOK_A,2026-03-12
TXN0005366096,APP004,2026-01-20,reversed,431966.19,GBP,AMER,CP0128,FX,TDR0138,BOOK_A,2025-12-20
TXN0001315157,APP002,2025-02-03,active,65548.71,AUD,APAC,CP0019,FX,TDR0182,BOOK_D,2026-03-02
TXN0009574113,APP010,2026-01-03,active,624187.95,CHF,LATAM,CP0025,SWAP,TDR0098,BOOK_A,2025-10-22
TXN0008482869,APP016,2025-11-28,active,123909.89,GBP,LATAM,CP0052,EQUITY,TDR0084,BOOK_D,2025-02-12
TXN0003211859,APP015,2025-05-30,failed,328026.22,EUR,EMEA,CP0459,FUTURE,TDR0121,BOOK_C,2025-01-28
TXN0007526400,APP001,2026-01-01,failed,156012.81,JPY,AMER,CP0290,EQUITY,TDR0131,BOOK_A,2025-01-18
TXN0007641924,APP012,2025-02-15,active,220492.03,USD,LATAM,CP0478,EQUITY,TDR0003,BOOK_D,2025-11-15
TXN0007908781,APP011,2025-11-23,settled,113035.02,CHF,APAC,CP0108,EQUITY,TDR0069,BOOK_A,2026-03-07
TXN0009154844,APP002,2025-07-21,failed,297507.95,JPY,LATAM,CP0264,FUTURE,TDR0005,BOOK_C,2025-06-27
TXN0007260466,APP014,2025-06-04,active,438682.9,AUD,EMEA,CP0405,FUTURE,TDR0165,BOOK_A,2025-11-24
TXN0007897839,APP011,2025-05-25,pending,805693.47,USD,EMEA,CP0225,BOND,TDR0174,BOOK_D,2025-09-27
TXN0007055365,APP018,2025-03-20,active,126534.86,JPY,EMEA,CP0210,SWAP,TDR0074,BOOK_B,2025-02-18
TXN0004437549,APP001,2025-06-21,pending,269428.51,CHF,LATAM,CP0086,FX,TDR0197,BOOK_C,2025-07-30
TXN0004311256,APP010,2025-12-02,pending,242659.34,AUD,EMEA,CP0354,EQUITY,TDR0040,BOOK_B,2025-09-09
TXN0000907436,APP007,2025-04-20,active,659432.47,USD,LATAM,CP0422,FX,TDR0137,BOOK_D,2025-07-07
TXN0004373625,APP003,2025-08-12,failed,256915.49,EUR,EMEA,CP0238,FX,TDR0002,BOOK_B,2025-07-21
TXN0005604796,APP001,2025-09-09,settled,531259.94,GBP,APAC,CP0118,EQUITY,TDR0145,BOOK_D,2025-10-20
TXN0007130172,APP011,2026-04-11,active,288521.34,AUD,LATAM,CP0293,EQUITY,TDR0150,BOOK_C,2026-01-12
TXN0008698182,APP019,2026-01-08,failed,894224.21,EUR,LATAM,CP0374,FX,TDR0127,BOOK_A,2025-02-02
TXN0008794477,APP010,2025-08-21,settled,403342.46,EUR,APAC,CP0485,OPTION,TDR0166,BOOK_C,2025-05-19
TXN0008808431,APP018,2025-02-22,active,482203.04,AUD,EMEA,CP0121,BOND,TDR0028,BOOK_B,2025-06-23
TXN0003720495,APP017,2026-04-03,active,66741.3,USD,AMER,CP0037,BOND,TDR0043,BOOK_C,2025-02-23
TXN0004690361,APP013,2025-02-22,settled,451943.53,EUR,AMER,CP0194,FUTURE,TDR0096,BOOK_A,2025-12-28
TXN0002826138,APP003,2025-03-18,failed,342848.23,USD,AMER,CP0309,BOND,TDR0049,BOOK_D,2026-04-01
TXN0001137031,APP007,2025-08-30,failed,683910.21,USD,EMEA,CP0394,OPTION,TDR0127,BOOK_A,2026-03-23
TXN0000954085,APP004,2026-01-10,pending,431086.02,GBP,APAC,CP0084,FX,TDR0162,BOOK_C,2025-07-31
TXN0009802106,APP020,2026-03-10,reversed,293833.22,GBP,EMEA,CP0123,FX,TDR0087,BOOK_D,2026-02-04
TXN0004346316,APP010,2025-10-31,settled,185083.07,GBP,AMER,CP0119,FUTURE,TDR0126,BOOK_C,2025-06-26
TXN0009721888,APP012,2026-02-28,reversed,83563.64,USD,AMER,CP0410,FX,TDR0011,BOOK_D,2026-01-25
TXN0009217235,APP017,2025-03-22,settled,788305.69,AUD,LATAM,CP0226,SWAP,TDR0200,BOOK_C,2025-11-11
TXN0000817313,APP008,2025-04-13,pending,300500.02,JPY,LATAM,CP0233,SWAP,TDR0072,BOOK_B,2026-01-11
TXN0002111556,APP009,2026-04-12,failed,59844.39,GBP,LATAM,CP0498,BOND,TDR0095,BOOK_B,2025-08-08
TXN0000400723,APP008,2025-06-09,pending,473907.29,JPY,LATAM,CP0391,BOND,TDR0035,BOOK_C,2025-01-11
TXN0001421338,APP003,2025-09-26,pending,434456.89,JPY,EMEA,CP0358,BOND,TDR0099,BOOK_C,2025-12-06
TXN0006782958,APP006,2025-06-23,active,475325.36,USD,EMEA,CP0231,OPTION,TDR0146,BOOK_B,2025-10-30
TXN0008886507,APP014,2025-12-13,settled,275982.41,EUR,EMEA,CP0058,BOND,TDR0161,BOOK_D,2025-02-25
TXN0004040963,APP010,2025-11-10,active,824253.86,JPY,EMEA,CP0080,SWAP,TDR0141,BOOK_A,2025-01-03
TXN0000744746,APP004,2025-12-13,pending,638492.72,JPY,APAC,CP0055,SWAP,TDR0117,BOOK_A,2025-02-24
TXN0000458200,APP013,2025-09-28,active,414958.9,EUR,APAC,CP0403,EQUITY,TDR0023,BOOK_D,2025-04-17
TXN0002573253,APP007,2026-03-16,settled,998802.66,JPY,APAC,CP0171,OPTION,TDR0037,BOOK_D,2025-11-28
TXN0001684808,APP003,2025-05-20,failed,522817.81,CHF,EMEA,CP0497,EQUITY,TDR0043,BOOK_D,2025-07-04
TXN0007879542,APP016,2025-08-01,active,639948.32,GBP,AMER,CP0300,FX,TDR0141,BOOK_A,2025-01-12
TXN0002591397,APP009,2025-06-10,settled,924640.81,CHF,LATAM,CP0345,SWAP,TDR0066,BOOK_B,2026-03-12
TXN0002371021,APP002,2025-02-11,settled,318235.6,GBP,EMEA,CP0220,BOND,TDR0016,BOOK_A,2025-09-07
TXN0003226313,APP019,2025-12-28,pending,482220.0,EUR,APAC,CP0132,SWAP,TDR0138,BOOK_B,2026-04-05
TXN0001123101,APP018,2025-09-23,pending,32103.29,JPY,EMEA,CP0277,EQUITY,TDR0141,BOOK_C,2025-05-10
TXN0001678907,APP017,2025-01-20,active,706686.91,JPY,EMEA,CP0372,FX,TDR0190,BOOK_B,2025-02-06
TXN0008107522,APP001,2025-07-11,pending,298228.95,EUR,APAC,CP0399,OPTION,TDR0188,BOOK_A,2025-01-14
TXN0006075124,APP012,2025-07-06,settled,24320.81,GBP,AMER,CP0386,SWAP,TDR0058,BOOK_A,2025-06-05
TXN0007422283,APP003,2025-03-21,active,691671.49,GBP,EMEA,CP0026,SWAP,TDR0176,BOOK_D,2025-05-05
TXN0000379179,APP009,2025-06-03,settled,939959.48,GBP,AMER,CP0184,EQUITY,TDR0010,BOOK_C,2026-01-21
TXN0006162799,APP008,2025-06-07,failed,105119.4,USD,AMER,CP0472,BOND,TDR0007,BOOK_D,2025-06-06
TXN0006389220,APP018,2026-02-17,active,842204.09,AUD,EMEA,CP0265,FUTURE,TDR0040,BOOK_B,2025-06-12
TXN0005058189,APP007,2025-01-21,reversed,521969.01,USD,AMER,CP0020,SWAP,TDR0051,BOOK_C,2025-12-15
TXN0009075647,APP016,2025-08-19,pending,292481.75,CHF,EMEA,CP0278,SWAP,TDR0107,BOOK_D,2025-03-18
TXN0001420760,APP002,2025-11-10,pending,209369.05,CHF,EMEA,CP0307,SWAP,TDR0196,BOOK_A,2026-02-06
TXN0007537604,APP006,2025-10-25,settled,424020.87,AUD,EMEA,CP0286,FX,TDR0107,BOOK_A,2025-07-11
TXN0009943714,APP011,2025-09-29,active,379795.2,JPY,AMER,CP0156,BOND,TDR0145,BOOK_B,2026-02-24
TXN0003065864,APP005,2025-10-13,settled,245322.45,GBP,EMEA,CP0297,SWAP,TDR0188,BOOK_D,2026-03-11
TXN0002939102,APP008,2025-03-02,pending,950166.72,AUD,AMER,CP0288,SWAP,TDR0024,BOOK_C,2025-07-16
TXN0009614977,APP016,2025-01-10,pending,4384.28,GBP,LATAM,CP0056,EQUITY,TDR0094,BOOK_A,2026-04-05
TXN0008372896,APP017,2025-12-23,active,574796.02,JPY,APAC,CP0376,SWAP,TDR0048,BOOK_A,2025-03-27
TXN0003962313,APP007,2025-05-14,pending,731155.12,EUR,LATAM,CP0427,OPTION,TDR0023,BOOK_D,2025-07-09
TXN0009004909,APP004,2025-01-07,pending,460216.08,AUD,AMER,CP0015,SWAP,TDR0149,BOOK_B,2026-01-28
TXN0005828701,APP018,2025-10-09,active,411174.99,CHF,APAC,CP0028,EQUITY,TDR0065,BOOK_C,2025-03-24
TXN0008351112,APP014,2025-04-01,reversed,414516.64,CHF,APAC,CP0172,FUTURE,TDR0139,BOOK_D,2025-04-07
TXN0001078871,APP015,2026-03-10,active,704996.91,CHF,EMEA,CP0369,FX,TDR0003,BOOK_D,2025-11-30
TXN0005063269,APP014,2025-06-26,active,858170.83,JPY,LATAM,CP0386,FX,TDR0027,BOOK_A,2025-08-27
TXN0004345530,APP004,2025-09-13,failed,92513.63,JPY,LATAM,CP0133,SWAP,TDR0006,BOOK_C,2025-01-09
TXN0007812035,APP009,2025-09-29,reversed,700200.47,GBP,EMEA,CP0038,BOND,TDR0020,BOOK_B,2025-05-09
TXN0008650488,APP005,2026-01-17,pending,386318.98,EUR,APAC,CP0105,FUTURE,TDR0031,BOOK_B,2025-12-16
TXN0000503877,APP011,2025-01-04,active,972328.49,AUD,LATAM,CP0191,FUTURE,TDR0191,BOOK_A,2025-02-06
TXN0005791445,APP011,2025-06-24,reversed,938967.2,GBP,APAC,CP0204,OPTION,TDR0149,BOOK_C,2025-12-01
TXN0006868679,APP018,2025-11-04,failed,474306.91,GBP,AMER,CP0413,FUTURE,TDR0088,BOOK_D,2025-05-12
TXN0000454673,APP006,2025-06-23,failed,119207.91,CHF,APAC,CP0218,SWAP,TDR0139,BOOK_A,2025-01-10
TXN0000509206,APP013,2026-03-18,active,424105.39,AUD,APAC,CP0330,FUTURE,TDR0053,BOOK_A,2026-01-01
TXN0000058691,APP011,2025-07-10,failed,381399.81,CHF,AMER,CP0428,EQUITY,TDR0163,BOOK_C,2025-04-20
TXN0004279317,APP013,2026-02-16,active,777156.23,JPY,EMEA,CP0009,FUTURE,TDR0168,BOOK_D,2025-06-25
TXN0003527968,APP008,2025-08-20,pending,711691.13,CHF,EMEA,CP0105,FUTURE,TDR0145,BOOK_D,2025-02-13
TXN0005399790,APP010,2025-09-11,reversed,347233.41,GBP,EMEA,CP0462,SWAP,TDR0178,BOOK_B,2025-10-12
TXN0004439075,APP003,2025-04-17,failed,384051.79,JPY,APAC,CP0459,OPTION,TDR0164,BOOK_C,2026-01-01
TXN0002146677,APP016,2026-01-25,settled,541946.12,JPY,APAC,CP0352,BOND,TDR0152,BOOK_B,2026-01-06
TXN0002726745,APP009,2025-07-01,reversed,511535.66,EUR,AMER,CP0338,SWAP,TDR0005,BOOK_B,2025-07-10
TXN0001357805,APP019,2025-11-26,active,499621.33,EUR,LATAM,CP0202,FUTURE,TDR0022,BOOK_A,2026-01-04
TXN0008671742,APP014,2025-05-26,failed,790393.54,JPY,EMEA,CP0244,SWAP,TDR0103,BOOK_B,2026-04-06
TXN0001661989,APP020,2026-02-03,reversed,947589.64,USD,EMEA,CP0274,FUTURE,TDR0194,BOOK_C,2025-05-14
TXN0006361275,APP015,2025-08-01,settled,197522.85,CHF,AMER,CP0205,OPTION,TDR0026,BOOK_C,2025-04-25
TXN0001356731,APP003,2026-02-01,pending,832091.53,USD,AMER,CP0468,BOND,TDR0016,BOOK_A,2025-11-16
TXN0002785346,APP011,2025-11-11,settled,438253.06,USD,EMEA,CP0176,BOND,TDR0114,BOOK_D,2025-12-05
TXN0009383428,APP004,2025-05-19,settled,436654.4,USD,EMEA,CP0274,FUTURE,TDR0142,BOOK_C,2025-02-11
TXN0001701266,APP009,2025-12-16,settled,815622.52,AUD,AMER,CP0399,BOND,TDR0181,BOOK_C,2026-03-24
TXN0009568314,APP001,2025-02-10,settled,42927.94,USD,AMER,CP0482,EQUITY,TDR0088,BOOK_C,2025-02-08
TXN0001825302,APP003,2025-07-26,settled,100203.82,JPY,EMEA,CP0259,FUTURE,TDR0088,BOOK_B,2026-02-05
TXN0004411882,APP013,2026-03-14,failed,314842.48,USD,APAC,CP0030,BOND,TDR0133,BOOK_A,2025-06-10
TXN0005995578,APP007,2025-01-23,active,143665.48,USD,EMEA,CP0419,FX,TDR0032,BOOK_D,2025-07-09
TXN0005455557,APP009,2025-06-07,active,443261.79,USD,EMEA,CP0472,EQUITY,TDR0131,BOOK_B,2025-11-05
TXN0004169632,APP014,2025-11-27,active,879342.56,CHF,APAC,CP0044,FUTURE,TDR0078,BOOK_D,2026-01-04
TXN0002790578,APP016,2025-07-12,pending,900368.52,JPY,LATAM,CP0365,EQUITY,TDR0084,BOOK_B,2025-10-04
TXN0002438013,APP019,2026-02-15,active,778417.13,CHF,APAC,CP0276,SWAP,TDR0036,BOOK_D,2025-01-20
TXN0004113821,APP018,2025-02-25,settled,74950.22,GBP,EMEA,CP0357,BOND,TDR0032,BOOK_B,2025-05-13
TXN0009571023,APP003,2025-10-03,active,392312.62,CHF,EMEA,CP0170,FUTURE,TDR0073,BOOK_C,2025-03-12
TXN0000865116,APP016,2026-02-17,active,115383.73,AUD,AMER,CP0307,SWAP,TDR0157,BOOK_D,2025-02-10
TXN0006375202,APP007,2025-02-24,active,752999.58,CHF,LATAM,CP0232,FUTURE,TDR0030,BOOK_C,2025-10-14
TXN0008962840,APP004,2026-02-08,failed,329707.79,CHF,APAC,CP0497,SWAP,TDR0174,BOOK_B,2025-10-28
TXN0009445035,APP009,2025-10-07,settled,995871.34,JPY,EMEA,CP0416,SWAP,TDR0155,BOOK_C,2025-06-13
TXN0003593781,APP017,2025-03-26,failed,948380.09,USD,LATAM,CP0190,FX,TDR0156,BOOK_B,2025-09-04
TXN0001504779,APP011,2025-08-11,pending,483192.11,AUD,LATAM,CP0435,FUTURE,TDR0096,BOOK_C,2026-04-05
TXN0001030910,APP003,2026-03-13,failed,136700.49,JPY,LATAM,CP0187,FUTURE,TDR0147,BOOK_C,2025-05-15
TXN0001455481,APP010,2025-10-21,failed,897670.5,CHF,AMER,CP0253,BOND,TDR0160,BOOK_A,2025-08-29
TXN0003998454,APP003,2025-11-26,settled,414624.39,AUD,APAC,CP0488,FX,TDR0110,BOOK_D,2026-03-09
TXN0003294634,APP019,2025-05-07,reversed,599094.49,GBP,AMER,CP0447,FUTURE,TDR0115,BOOK_C,2025-01-15
TXN0004768252,APP015,2025-01-07,settled,335655.81,EUR,APAC,CP0057,FUTURE,TDR0167,BOOK_D,2025-06-20
TXN0006391370,APP014,2025-10-12,active,618021.8,CHF,LATAM,CP0287,FUTURE,TDR0046,BOOK_D,2025-10-30
TXN0000346830,APP014,2025-06-29,failed,3124.75,CHF,APAC,CP0467,FUTURE,TDR0078,BOOK_B,2025-02-02
TXN0000430469,APP003,2026-03-19,active,458452.21,EUR,AMER,CP0172,OPTION,TDR0156,BOOK_A,2025-06-30
TXN0006163643,APP009,2025-06-02,active,904628.62,CHF,AMER,CP0225,SWAP,TDR0174,BOOK_D,2025-06-28
TXN0000614226,APP016,2025-05-19,pending,148365.15,USD,EMEA,CP0125,EQUITY,TDR0143,BOOK_D,2025-10-15
TXN0003044006,APP002,2025-03-23,reversed,372478.7,EUR,LATAM,CP0097,SWAP,TDR0041,BOOK_C,2026-01-09
TXN0000373894,APP007,2026-02-21,pending,756205.18,EUR,APAC,CP0415,FUTURE,TDR0031,BOOK_B,2025-03-08
TXN0005193880,APP012,2025-06-14,active,383205.62,JPY,AMER,CP0439,FUTURE,TDR0167,BOOK_C,2026-02-08
TXN0003188998,APP013,2026-01-09,pending,531631.08,EUR,APAC,CP0460,OPTION,TDR0058,BOOK_C,2025-08-24
TXN0008622093,APP020,2025-07-09,reversed,117327.96,USD,APAC,CP0143,EQUITY,TDR0010,BOOK_A,2025-02-21
TXN0005890929,APP019,2025-10-10,pending,789381.36,CHF,APAC,CP0065,SWAP,TDR0028,BOOK_D,2025-03-20
TXN0000445439,APP013,2025-10-20,pending,371035.11,GBP,AMER,CP0498,OPTION,TDR0040,BOOK_A,2026-04-08
TXN0005194795,APP014,2025-07-08,reversed,100718.98,EUR,AMER,CP0004,SWAP,TDR0093,BOOK_D,2025-04-01
TXN0002529418,APP009,2026-02-16,failed,752131.71,JPY,EMEA,CP0155,FUTURE,TDR0056,BOOK_B,2025-09-01
TXN0004196349,APP016,2025-08-19,active,37996.09,CHF,APAC,CP0127,FUTURE,TDR0064,BOOK_B,2025-05-05
TXN0008676990,APP006,2025-11-27,settled,887381.61,EUR,AMER,CP0203,FX,TDR0163,BOOK_A,2025-04-06
TXN0005600415,APP003,2025-09-06,pending,147002.02,CHF,AMER,CP0379,FX,TDR0105,BOOK_C,2026-01-15
TXN0007173224,APP016,2025-04-12,reversed,428100.39,CHF,LATAM,CP0297,SWAP,TDR0066,BOOK_C,2026-03-22
TXN0007403233,APP006,2025-08-28,settled,307165.74,AUD,EMEA,CP0144,FUTURE,TDR0024,BOOK_A,2026-02-23
TXN0002445736,APP009,2025-02-05,settled,841333.57,EUR,APAC,CP0210,SWAP,TDR0048,BOOK_B,2026-01-12
TXN0004016062,APP007,2025-06-10,failed,417324.39,CHF,APAC,CP0056,EQUITY,TDR0110,BOOK_C,2025-03-15
TXN0006614532,APP010,2025-06-11,active,759025.6,CHF,AMER,CP0403,BOND,TDR0029,BOOK_B,2025-10-18
TXN0006784483,APP010,2025-01-21,reversed,992647.15,USD,EMEA,CP0083,FX,TDR0200,BOOK_A,2025-03-05
TXN0001218893,APP019,2025-11-03,active,554540.22,CHF,LATAM,CP0028,SWAP,TDR0051,BOOK_D,2026-01-04
TXN0000828594,APP007,2025-09-11,failed,262106.32,GBP,LATAM,CP0120,FX,TDR0137,BOOK_A,2025-08-01
TXN0001687345,APP016,2025-05-14,pending,864887.81,EUR,APAC,CP0135,EQUITY,TDR0178,BOOK_A,2025-06-03
TXN0000989476,APP014,2025-10-25,failed,802946.53,USD,EMEA,CP0484,SWAP,TDR0190,BOOK_C,2025-02-20
TXN0007137458,APP002,2025-12-22,active,946890.19,JPY,LATAM,CP0494,SWAP,TDR0122,BOOK_A,2025-09-03
TXN0004574687,APP004,2025-01-12,active,64957.17,GBP,APAC,CP0384,OPTION,TDR0146,BOOK_A,2025-05-09
TXN0000147565,APP012,2025-11-27,active,136760.41,CHF,EMEA,CP0166,FX,TDR0152,BOOK_B,2026-02-15
TXN0005956407,APP005,2025-09-22,settled,189230.34,CHF,APAC,CP0171,BOND,TDR0017,BOOK_B,2025-08-13
TXN0008865553,APP017,2025-05-07,reversed,886418.15,CHF,APAC,CP0088,BOND,TDR0075,BOOK_D,2025-08-15
TXN0003826376,APP004,2025-07-05,settled,66330.57,EUR,AMER,CP0417,FUTURE,TDR0165,BOOK_D,2025-05-11
TXN0005767904,APP012,2025-03-23,reversed,777900.17,CHF,AMER,CP0292,FUTURE,TDR0106,BOOK_D,2026-01-21
TXN0000934665,APP017,2025-12-01,failed,627424.65,EUR,EMEA,CP0405,OPTION,TDR0165,BOOK_B,2025-02-09
TXN0003723559,APP017,2026-03-05,reversed,105732.8,AUD,LATAM,CP0120,FX,TDR0059,BOOK_D,2025-12-30
TXN0000744891,APP020,2025-02-21,pending,944340.87,EUR,LATAM,CP0058,BOND,TDR0051,BOOK_A,2026-03-19
TXN0005681371,APP003,2025-11-13,reversed,852543.14,EUR,APAC,CP0471,OPTION,TDR0160,BOOK_A,2026-02-08
TXN0006996921,APP002,2025-12-23,settled,903988.65,AUD,AMER,CP0040,EQUITY,TDR0122,BOOK_D,2025-02-13
TXN0004411428,APP001,2025-12-14,active,229635.92,AUD,LATAM,CP0074,OPTION,TDR0072,BOOK_D,2025-07-11
TXN0008360299,APP007,2025-07-05,pending,505698.35,USD,LATAM,CP0261,SWAP,TDR0066,BOOK_B,2026-03-02
TXN0001593749,APP004,2025-09-02,settled,565668.1,USD,APAC,CP0188,BOND,TDR0076,BOOK_B,2025-03-24
TXN0003432790,APP009,2026-02-04,reversed,118028.81,USD,LATAM,CP0139,BOND,TDR0043,BOOK_D,2025-09-01
TXN0005930507,APP007,2026-03-18,settled,826735.76,GBP,LATAM,CP0047,FX,TDR0102,BOOK_B,2025-07-09
TXN0005359570,APP001,2025-01-15,active,784076.21,CHF,AMER,CP0323,BOND,TDR0082,BOOK_B,2025-02-08
TXN0003252134,APP017,2025-12-30,failed,928332.06,JPY,EMEA,CP0296,FUTURE,TDR0149,BOOK_A,2025-09-21
TXN0003449408,APP011,2025-10-04,pending,538009.13,CHF,EMEA,CP0378,EQUITY,TDR0194,BOOK_D,2026-04-12
TXN0007505009,APP002,2025-10-25,pending,123077.19,JPY,APAC,CP0102,EQUITY,TDR0078,BOOK_C,2025-11-17
TXN0002916348,APP018,2025-02-27,reversed,899285.76,EUR,EMEA,CP0371,FX,TDR0103,BOOK_A,2026-01-17
TXN0005478219,APP009,2025-04-21,pending,469044.29,EUR,AMER,CP0214,EQUITY,TDR0198,BOOK_C,2025-12-26
TXN0006541559,APP019,2026-03-06,settled,450248.88,AUD,EMEA,CP0197,FX,TDR0127,BOOK_A,2026-02-28
TXN0009764512,APP001,2025-04-02,settled,623226.44,EUR,APAC,CP0341,EQUITY,TDR0198,BOOK_D,2025-03-30
TXN0007856495,APP011,2025-04-11,active,412239.13,AUD,AMER,CP0208,FUTURE,TDR0059,BOOK_B,2026-01-13
TXN0002010104,APP002,2025-07-10,reversed,269082.52,USD,APAC,CP0424,SWAP,TDR0087,BOOK_C,2026-03-30
TXN0004652853,APP004,2026-01-12,pending,590922.69,JPY,AMER,CP0396,OPTION,TDR0145,BOOK_B,2025-10-23
TXN0004836406,APP013,2025-07-11,pending,668255.76,EUR,AMER,CP0279,FUTURE,TDR0121,BOOK_B,2026-04-13
TXN0006278165,APP009,2025-08-23,active,57092.55,JPY,APAC,CP0457,FUTURE,TDR0014,BOOK_C,2025-07-11
TXN0007961096,APP009,2025-04-18,pending,570112.02,GBP,LATAM,CP0276,OPTION,TDR0059,BOOK_B,2025-10-10
TXN0004569265,APP001,2025-03-16,reversed,796369.74,CHF,AMER,CP0224,SWAP,TDR0060,BOOK_B,2026-03-10
TXN0000185542,APP015,2026-02-20,failed,707996.3,GBP,APAC,CP0288,FUTURE,TDR0065,BOOK_B,2026-01-13
TXN0003735962,APP016,2025-06-17,active,535055.31,GBP,APAC,CP0363,FUTURE,TDR0016,BOOK_B,2025-04-22
TXN0008745020,APP020,2025-05-15,settled,90654.07,EUR,EMEA,CP0449,BOND,TDR0148,BOOK_C,2025-11-12
TXN0000905215,APP019,2026-02-19,pending,319723.59,EUR,APAC,CP0227,BOND,TDR0038,BOOK_A,2025-06-05
TXN0001888531,APP015,2025-08-02,failed,111586.43,USD,APAC,CP0064,EQUITY,TDR0080,BOOK_B,2025-06-24
TXN0000289260,APP007,2025-10-08,failed,68976.79,CHF,APAC,CP0099,OPTION,TDR0032,BOOK_B,2026-01-09
TXN0003628075,APP006,2026-02-03,pending,429166.61,GBP,APAC,CP0207,OPTION,TDR0070,BOOK_C,2025-03-03
TXN0004153765,APP011,2025-09-07,pending,199919.45,AUD,APAC,CP0347,BOND,TDR0150,BOOK_B,2026-02-16
TXN0001257395,APP012,2025-03-11,settled,984283.02,EUR,EMEA,CP0105,BOND,TDR0054,BOOK_A,2025-03-19
TXN0005504881,APP009,2025-05-13,active,756712.08,EUR,LATAM,CP0287,BOND,TDR0013,BOOK_A,2025-05-05
TXN0004282444,APP019,2025-07-14,active,507605.37,AUD,LATAM,CP0086,BOND,TDR0122,BOOK_B,2026-03-18
TXN0001313041,APP012,2025-02-09,settled,664944.28,AUD,APAC,CP0258,EQUITY,TDR0096,BOOK_C,2025-10-26
TXN0001272566,APP018,2025-01-31,active,703504.94,AUD,APAC,CP0127,EQUITY,TDR0162,BOOK_A,2025-05-17
TXN0003542173,APP017,2025-06-19,reversed,513526.31,USD,APAC,CP0425,OPTION,TDR0051,BOOK_D,2025-12-31
TXN0001498040,APP018,2026-04-08,pending,942992.33,EUR,AMER,CP0341,FUTURE,TDR0190,BOOK_D,2025-07-27
TXN0000434216,APP010,2025-04-23,pending,59589.37,EUR,EMEA,CP0204,OPTION,TDR0118,BOOK_C,2025-12-14
TXN0007546416,APP008,2026-01-07,pending,745701.07,GBP,LATAM,CP0459,BOND,TDR0021,BOOK_C,2025-12-22
TXN0002227856,APP019,2026-01-08,active,802751.82,GBP,LATAM,CP0167,OPTION,TDR0050,BOOK_A,2025-08-30
TXN0005778290,APP004,2026-03-09,settled,6389.4,AUD,APAC,CP0246,BOND,TDR0180,BOOK_C,2025-12-21
TXN0001611157,APP003,2025-04-15,failed,396615.12,USD,AMER,CP0403,BOND,TDR0117,BOOK_A,2025-01-14
TXN0002038474,APP010,2025-07-14,pending,109398.43,USD,APAC,CP0224,OPTION,TDR0133,BOOK_B,2025-06-11
TXN0009646393,APP019,2025-01-03,settled,914838.93,USD,APAC,CP0226,SWAP,TDR0028,BOOK_C,2025-02-11
TXN0006322363,APP010,2026-03-30,pending,18542.01,GBP,LATAM,CP0032,SWAP,TDR0189,BOOK_A,2025-11-28
TXN0001914351,APP003,2025-06-14,settled,109674.13,USD,AMER,CP0110,FX,TDR0100,BOOK_D,2025-10-28
TXN0009481258,APP010,2025-01-01,pending,286997.82,AUD,EMEA,CP0483,FUTURE,TDR0086,BOOK_D,2026-01-27
TXN0009953172,APP020,2026-04-09,reversed,200024.09,CHF,APAC,CP0197,FX,TDR0120,BOOK_C,2025-11-18
TXN0008643440,APP008,2025-10-23,active,389200.3,GBP,AMER,CP0015,FX,TDR0017,BOOK_A,2025-12-15
TXN0004553654,APP005,2025-09-02,reversed,291418.56,EUR,EMEA,CP0418,BOND,TDR0160,BOOK_B,2025-05-09
TXN0009425368,APP020,2025-02-17,pending,850830.31,AUD,LATAM,CP0152,FX,TDR0032,BOOK_A,2025-01-21
TXN0003239373,APP011,2025-08-10,pending,120301.94,EUR,AMER,CP0026,SWAP,TDR0192,BOOK_D,2025-06-24
TXN0008206618,APP001,2025-05-20,failed,806984.07,CHF,EMEA,CP0194,OPTION,TDR0135,BOOK_A,2026-03-20
TXN0006769482,APP003,2025-09-09,pending,286607.29,GBP,LATAM,CP0446,SWAP,TDR0138,BOOK_A,2026-02-12
TXN0001128380,APP007,2025-10-13,active,746032.85,CHF,APAC,CP0333,FUTURE,TDR0046,BOOK_A,2025-07-28
TXN0002205232,APP011,2026-03-23,active,374301.9,JPY,LATAM,CP0321,EQUITY,TDR0039,BOOK_A,2026-04-13
TXN0001993931,APP020,2026-01-29,failed,707373.03,EUR,EMEA,CP0384,FUTURE,TDR0031,BOOK_C,2025-12-04
TXN0000824038,APP017,2025-10-29,pending,613489.88,CHF,AMER,CP0264,FUTURE,TDR0045,BOOK_B,2026-01-11
TXN0005116503,APP005,2026-04-11,settled,979129.44,USD,APAC,CP0176,OPTION,TDR0092,BOOK_A,2025-07-11
TXN0008934108,APP018,2025-06-02,settled,189209.57,USD,EMEA,CP0300,BOND,TDR0100,BOOK_B,2025-11-28
TXN0008315429,APP001,2025-09-19,active,593741.33,JPY,LATAM,CP0026,FUTURE,TDR0167,BOOK_A,2025-09-17
TXN0008597319,APP002,2025-09-17,failed,427847.1,CHF,EMEA,CP0126,FUTURE,TDR0048,BOOK_A,2025-01-01
TXN0004692270,APP016,2025-01-14,active,909229.13,EUR,AMER,CP0444,FX,TDR0197,BOOK_B,2025-02-05
TXN0001465873,APP014,2025-08-26,failed,194228.48,JPY,APAC,CP0085,EQUITY,TDR0157,BOOK_D,2025-10-16
TXN0007441743,APP001,2026-02-24,settled,784977.75,AUD,APAC,CP0361,EQUITY,TDR0060,BOOK_A,2026-02-12
TXN0000143921,APP014,2025-10-05,failed,523732.04,USD,EMEA,CP0126,BOND,TDR0032,BOOK_B,2026-02-21
TXN0003361548,APP009,2025-01-15,settled,75448.35,AUD,LATAM,CP0223,SWAP,TDR0057,BOOK_C,2026-03-11
TXN0001747687,APP015,2026-02-07,failed,524850.6,AUD,EMEA,CP0453,FUTURE,TDR0072,BOOK_D,2025-09-09
TXN0008584536,APP004,2025-04-11,failed,190608.02,AUD,EMEA,CP0011,FX,TDR0042,BOOK_B,2025-09-15
TXN0008996928,APP009,2025-12-27,pending,596259.45,CHF,AMER,CP0087,SWAP,TDR0047,BOOK_A,2026-02-13
TXN0009475766,APP001,2025-11-03,failed,820881.22,JPY,APAC,CP0393,SWAP,TDR0089,BOOK_D,2025-09-09
TXN0009778764,APP009,2025-08-04,settled,415671.09,JPY,APAC,CP0489,FUTURE,TDR0049,BOOK_D,2026-03-03
TXN0002624858,APP007,2026-01-01,pending,927497.28,JPY,LATAM,CP0490,OPTION,TDR0154,BOOK_B,2025-03-20
TXN0001891772,APP018,2025-02-15,failed,43175.76,CHF,LATAM,CP0033,BOND,TDR0109,BOOK_D,2025-03-21
TXN0009377104,APP013,2025-05-28,settled,228087.89,USD,APAC,CP0227,FUTURE,TDR0075,BOOK_D,2025-09-02
TXN0008398800,APP011,2026-01-12,failed,85061.78,GBP,APAC,CP0201,BOND,TDR0011,BOOK_A,2025-10-06
TXN0002731200,APP014,2026-03-12,active,457459.29,EUR,APAC,CP0066,SWAP,TDR0152,BOOK_A,2025-10-24
TXN0007969561,APP012,2025-05-29,settled,808825.25,CHF,EMEA,CP0240,FUTURE,TDR0033,BOOK_B,2025-01-03
TXN0007241422,APP003,2025-07-11,settled,563638.79,JPY,LATAM,CP0362,FUTURE,TDR0022,BOOK_A,2026-04-03
TXN0003329605,APP012,2026-01-26,reversed,156641.41,EUR,EMEA,CP0265,BOND,TDR0179,BOOK_B,2025-05-18
TXN0001130536,APP003,2026-03-27,active,251078.79,AUD,LATAM,CP0270,FX,TDR0050,BOOK_A,2025-08-27
TXN0003337827,APP013,2025-03-15,settled,33918.55,EUR,APAC,CP0013,BOND,TDR0002,BOOK_B,2025-03-11
TXN0005534038,APP005,2025-06-15,reversed,689264.86,USD,AMER,CP0381,FX,TDR0123,BOOK_B,2025-04-09
TXN0002330528,APP009,2025-06-10,settled,388519.3,GBP,AMER,CP0167,FUTURE,TDR0063,BOOK_A,2025-10-03
TXN0006848252,APP007,2026-01-01,reversed,717623.82,CHF,LATAM,CP0291,EQUITY,TDR0058,BOOK_A,2025-02-15
TXN0001562844,APP016,2025-04-29,reversed,464538.81,GBP,AMER,CP0133,BOND,TDR0102,BOOK_A,2025-05-15
TXN0006033612,APP008,2025-02-27,pending,257354.4,AUD,LATAM,CP0187,EQUITY,TDR0002,BOOK_C,2026-03-14
TXN0008840968,APP005,2025-03-16,active,607035.83,USD,APAC,CP0230,FUTURE,TDR0051,BOOK_C,2025-03-22
TXN0007975738,APP013,2025-11-01,pending,787518.96,USD,LATAM,CP0359,SWAP,TDR0015,BOOK_B,2025-04-04
TXN0006856440,APP005,2025-10-03,failed,617617.52,EUR,EMEA,CP0437,SWAP,TDR0108,BOOK_B,2025-10-16
TXN0002395788,APP008,2025-03-12,pending,12351.05,USD,AMER,CP0088,FX,TDR0115,BOOK_B,2026-01-16
TXN0004290016,APP008,2025-09-30,failed,127099.22,AUD,APAC,CP0379,FUTURE,TDR0036,BOOK_C,2026-02-19
TXN0001059342,APP001,2025-11-17,failed,844141.74,GBP,APAC,CP0229,FX,TDR0023,BOOK_A,2025-09-08
TXN0000914514,APP004,2025-01-27,failed,644172.43,EUR,LATAM,CP0387,EQUITY,TDR0196,BOOK_D,2025-12-20
TXN0001853768,APP015,2025-04-27,settled,935859.44,AUD,EMEA,CP0117,SWAP,TDR0075,BOOK_B,2026-01-21
TXN0002586405,APP012,2026-02-05,failed,493968.21,AUD,APAC,CP0296,FUTURE,TDR0131,BOOK_C,2025-02-21
TXN0003523451,APP016,2025-12-13,failed,910825.94,JPY,EMEA,CP0315,FX,TDR0095,BOOK_A,2026-04-03
TXN0007274724,APP006,2025-03-04,settled,44095.61,JPY,AMER,CP0187,SWAP,TDR0142,BOOK_B,2025-04-05
TXN0007022986,APP002,2025-02-02,pending,550383.42,EUR,APAC,CP0104,BOND,TDR0010,BOOK_D,2025-07-11
TXN0001210146,APP002,2025-10-24,failed,344524.51,AUD,EMEA,CP0093,SWAP,TDR0108,BOOK_D,2026-01-14
TXN0001001407,APP016,2026-02-17,active,411589.79,AUD,APAC,CP0473,OPTION,TDR0001,BOOK_A,2026-02-27
TXN0003004933,APP005,2026-02-07,failed,329715.05,GBP,AMER,CP0366,SWAP,TDR0008,BOOK_A,2025-11-20
TXN0005483105,APP010,2026-02-07,active,348917.55,AUD,EMEA,CP0222,OPTION,TDR0166,BOOK_C,2025-09-22
TXN0009791453,APP020,2025-07-08,failed,106041.73,JPY,LATAM,CP0172,FUTURE,TDR0023,BOOK_A,2025-04-19
TXN0002435786,APP002,2025-03-28,pending,542697.8,EUR,APAC,CP0176,BOND,TDR0083,BOOK_D,2025-10-21
TXN0009900032,APP011,2025-06-06,settled,935612.47,EUR,EMEA,CP0310,SWAP,TDR0148,BOOK_B,2026-04-02
TXN0008648942,APP011,2025-12-30,settled,707812.2,JPY,LATAM,CP0397,BOND,TDR0116,BOOK_B,2025-02-04
TXN0008957639,APP018,2026-03-24,settled,758463.9,GBP,EMEA,CP0470,SWAP,TDR0087,BOOK_C,2025-05-22
TXN0006943539,APP002,2025-12-10,pending,143666.88,USD,AMER,CP0332,OPTION,TDR0176,BOOK_C,2025-07-14
TXN0005987825,APP018,2025-02-12,settled,136830.68,CHF,AMER,CP0021,OPTION,TDR0199,BOOK_B,2026-03-18
TXN0005076756,APP006,2025-03-30,failed,828561.28,JPY,AMER,CP0377,FX,TDR0149,BOOK_A,2026-04-01
TXN0005059298,APP015,2025-08-01,reversed,277577.27,CHF,EMEA,CP0419,BOND,TDR0182,BOOK_A,2025-11-20
TXN0005024815,APP013,2025-09-23,settled,244695.72,CHF,EMEA,CP0047,BOND,TDR0195,BOOK_A,2026-03-28
TXN0005517020,APP002,2026-03-28,pending,681282.55,CHF,EMEA,CP0462,FX,TDR0148,BOOK_B,2025-08-05
TXN0003550374,APP002,2026-01-25,failed,209587.53,USD,LATAM,CP0324,OPTION,TDR0066,BOOK_C,2025-11-01
TXN0003700751,APP011,2025-01-07,reversed,162826.75,GBP,APAC,CP0279,SWAP,TDR0051,BOOK_C,2026-03-22
TXN0001431906,APP005,2025-03-17,pending,925337.81,JPY,AMER,CP0030,FUTURE,TDR0153,BOOK_A,2026-01-14
TXN0004921696,APP002,2025-07-16,pending,255837.13,JPY,LATAM,CP0482,OPTION,TDR0173,BOOK_B,2025-02-22
TXN0005553092,APP007,2026-04-04,reversed,305502.96,EUR,EMEA,CP0317,OPTION,TDR0106,BOOK_B,2025-10-13
TXN0004393346,APP007,2025-06-26,failed,218237.89,AUD,LATAM,CP0194,FX,TDR0143,BOOK_A,2025-07-26
TXN0008642463,APP008,2025-08-18,settled,26432.02,JPY,LATAM,CP0253,SWAP,TDR0100,BOOK_B,2025-04-09
TXN0001214384,APP009,2025-12-27,active,891589.2,AUD,LATAM,CP0490,FUTURE,TDR0128,BOOK_C,2025-02-14
TXN0007448422,APP013,2025-05-27,active,994053.17,CHF,AMER,CP0499,FUTURE,TDR0003,BOOK_C,2025-11-18
TXN0000058486,APP008,2025-11-22,active,434461.47,GBP,LATAM,CP0358,FX,TDR0019,BOOK_B,2025-05-28
TXN0006993150,APP003,2025-10-23,failed,604640.99,EUR,LATAM,CP0137,FUTURE,TDR0137,BOOK_D,2025-04-15
TXN0008536890,APP007,2026-03-16,pending,789335.81,USD,EMEA,CP0357,EQUITY,TDR0010,BOOK_B,2025-10-01
TXN0009679032,APP019,2025-02-14,pending,211000.87,EUR,APAC,CP0487,BOND,TDR0028,BOOK_A,2025-01-11
TXN0009538675,APP017,2026-02-04,pending,465681.33,AUD,EMEA,CP0422,FX,TDR0141,BOOK_B,2025-04-04
TXN0004097180,APP010,2025-04-20,pending,768886.07,AUD,AMER,CP0343,FX,TDR0194,BOOK_C,2026-03-22
TXN0000773999,APP006,2025-04-29,pending,914763.62,JPY,LATAM,CP0456,SWAP,TDR0192,BOOK_B,2025-05-02
TXN0008129585,APP008,2025-08-28,reversed,632745.76,CHF,AMER,CP0378,FX,TDR0046,BOOK_D,2025-06-24
TXN0009123042,APP009,2025-12-17,failed,808968.91,EUR,APAC,CP0243,OPTION,TDR0164,BOOK_D,2025-03-16
TXN0005367422,APP012,2026-04-10,settled,68199.42,JPY,AMER,CP0284,FUTURE,TDR0049,BOOK_C,2025-10-02
TXN0001928050,APP020,2025-09-01,reversed,688871.6,AUD,AMER,CP0108,FUTURE,TDR0138,BOOK_C,2025-02-26
TXN0003672010,APP009,2025-05-13,pending,19019.41,AUD,APAC,CP0197,SWAP,TDR0097,BOOK_D,2025-10-13
TXN0003133675,APP014,2025-10-25,pending,740422.43,USD,LATAM,CP0229,EQUITY,TDR0196,BOOK_D,2025-10-26
TXN0005018544,APP014,2025-10-10,reversed,52716.02,AUD,EMEA,CP0184,EQUITY,TDR0097,BOOK_C,2026-03-03
TXN0008326763,APP012,2025-06-22,failed,703014.97,EUR,LATAM,CP0436,FUTURE,TDR0086,BOOK_B,2025-04-10
TXN0002492554,APP007,2025-08-30,failed,3350.71,CHF,AMER,CP0053,SWAP,TDR0187,BOOK_A,2025-02-19
TXN0001602174,APP015,2025-04-03,reversed,173513.13,GBP,APAC,CP0419,EQUITY,TDR0066,BOOK_D,2025-11-11
TXN0000643213,APP020,2025-09-13,active,583084.74,CHF,LATAM,CP0464,EQUITY,TDR0051,BOOK_A,2025-09-07
TXN0001648566,APP002,2025-10-05,active,279730.57,EUR,EMEA,CP0389,BOND,TDR0176,BOOK_D,2026-01-11
TXN0001867255,APP003,2025-05-22,failed,725987.49,EUR,APAC,CP0274,FX,TDR0081,BOOK_D,2025-10-07
TXN0000619155,APP009,2025-11-13,active,901565.81,GBP,AMER,CP0081,FUTURE,TDR0001,BOOK_D,2025-06-23
TXN0000469819,APP003,2025-03-23,failed,154795.06,JPY,AMER,CP0202,FUTURE,TDR0186,BOOK_D,2026-01-11
TXN0002741674,APP004,2026-01-25,settled,510779.39,JPY,APAC,CP0454,OPTION,TDR0103,BOOK_C,2025-06-07
TXN0000723156,APP009,2025-07-25,settled,880386.7,USD,EMEA,CP0333,BOND,TDR0092,BOOK_D,2025-02-23
TXN0006414372,APP016,2025-09-03,active,966635.75,AUD,AMER,CP0358,BOND,TDR0162,BOOK_A,2025-01-11
TXN0000754850,APP018,2025-08-22,settled,383345.71,JPY,EMEA,CP0493,BOND,TDR0036,BOOK_D,2025-12-20
TXN0001017390,APP005,2025-12-28,reversed,943871.19,AUD,EMEA,CP0051,SWAP,TDR0125,BOOK_D,2025-08-27
TXN0005293230,APP007,2025-03-14,failed,128972.18,EUR,EMEA,CP0233,EQUITY,TDR0111,BOOK_B,2026-02-03
TXN0006211134,APP018,2025-11-18,pending,86366.19,USD,LATAM,CP0306,OPTION,TDR0089,BOOK_C,2026-03-01
TXN0004459077,APP004,2025-04-20,reversed,701007.4,CHF,AMER,CP0060,SWAP,TDR0101,BOOK_B,2025-02-25
TXN0004832987,APP011,2025-07-28,pending,990225.2,JPY,AMER,CP0126,FX,TDR0023,BOOK_B,2026-03-29
TXN0003330947,APP008,2025-10-16,pending,155744.27,AUD,APAC,CP0068,BOND,TDR0125,BOOK_D,2025-05-10
TXN0005361278,APP016,2025-01-31,failed,42828.6,EUR,LATAM,CP0101,FX,TDR0051,BOOK_D,2025-07-20
TXN0008197034,APP009,2025-08-07,reversed,5359.11,EUR,EMEA,CP0220,EQUITY,TDR0196,BOOK_A,2025-07-18
TXN0002664728,APP013,2025-01-18,active,621106.39,EUR,LATAM,CP0120,OPTION,TDR0025,BOOK_A,2025-03-13
TXN0003898198,APP005,2025-11-11,pending,503818.82,USD,APAC,CP0389,FX,TDR0137,BOOK_A,2025-08-03
TXN0005424429,APP014,2025-08-26,failed,653599.18,JPY,APAC,CP0231,OPTION,TDR0054,BOOK_A,2025-01-17
TXN0000460423,APP003,2025-05-29,failed,247939.91,AUD,EMEA,CP0327,OPTION,TDR0118,BOOK_D,2025-08-20
TXN0001356918,APP005,2026-01-04,failed,130369.34,CHF,AMER,CP0274,BOND,TDR0093,BOOK_C,2025-06-29
TXN0009441149,APP001,2025-02-23,active,935162.44,JPY,AMER,CP0088,BOND,TDR0092,BOOK_C,2025-05-15
TXN0006560645,APP017,2025-06-13,failed,791160.51,JPY,APAC,CP0449,FUTURE,TDR0046,BOOK_D,2025-02-28
TXN0008635452,APP018,2025-11-27,pending,940552.37,USD,AMER,CP0332,SWAP,TDR0148,BOOK_A,2025-10-13
TXN0002767294,APP006,2025-04-28,reversed,596346.92,JPY,EMEA,CP0319,FUTURE,TDR0003,BOOK_B,2025-02-16
TXN0004876623,APP006,2025-03-15,pending,948940.25,USD,AMER,CP0244,SWAP,TDR0079,BOOK_C,2025-03-01
TXN0000248124,APP006,2026-03-17,settled,592909.23,CHF,LATAM,CP0048,FX,TDR0142,BOOK_A,2026-03-17
TXN0005595674,APP014,2025-10-07,settled,726555.92,EUR,LATAM,CP0091,SWAP,TDR0167,BOOK_C,2025-07-18
TXN0000564577,APP015,2025-07-22,pending,163234.1,CHF,EMEA,CP0195,SWAP,TDR0170,BOOK_C,2025-05-02
TXN0004750943,APP009,2025-03-12,reversed,649710.17,JPY,LATAM,CP0342,BOND,TDR0127,BOOK_D,2025-06-18
TXN0002050756,APP015,2025-08-02,reversed,644536.88,GBP,APAC,CP0042,EQUITY,TDR0101,BOOK_C,2026-03-30
TXN0004034936,APP004,2025-12-30,pending,80091.26,EUR,AMER,CP0478,SWAP,TDR0121,BOOK_B,2025-05-03
TXN0004290359,APP001,2026-02-25,settled,290668.84,EUR,AMER,CP0068,SWAP,TDR0193,BOOK_A,2026-04-03
TXN0008574602,APP009,2025-07-21,pending,348814.14,CHF,APAC,CP0301,FX,TDR0009,BOOK_D,2025-03-28
TXN0001594454,APP010,2025-07-26,failed,845507.5,CHF,AMER,CP0129,EQUITY,TDR0047,BOOK_B,2025-08-03
TXN0002026547,APP013,2026-04-13,pending,213261.71,USD,AMER,CP0036,EQUITY,TDR0030,BOOK_D,2025-07-21
TXN0002472064,APP013,2025-09-22,reversed,751769.26,JPY,AMER,CP0266,BOND,TDR0028,BOOK_D,2026-02-12
TXN0001612924,APP004,2025-06-16,pending,222094.0,CHF,APAC,CP0093,OPTION,TDR0014,BOOK_D,2026-02-14
TXN0006864065,APP014,2025-12-14,settled,662765.24,JPY,APAC,CP0368,SWAP,TDR0130,BOOK_D,2026-01-18
TXN0008349681,APP013,2026-01-15,failed,518950.55,CHF,APAC,CP0134,OPTION,TDR0145,BOOK_A,2025-10-20
TXN0002570860,APP013,2025-01-05,pending,793706.56,GBP,EMEA,CP0204,EQUITY,TDR0136,BOOK_B,2026-03-26
TXN0008715033,APP011,2025-08-03,pending,554944.32,JPY,AMER,CP0424,EQUITY,TDR0194,BOOK_D,2026-03-13
TXN0005554874,APP020,2025-04-30,failed,276185.28,JPY,EMEA,CP0439,EQUITY,TDR0070,BOOK_B,2025-10-20
TXN0006240505,APP008,2025-04-04,settled,805931.42,CHF,APAC,CP0416,BOND,TDR0049,BOOK_D,2025-03-08
TXN0007700694,APP016,2026-02-01,active,641949.31,AUD,EMEA,CP0096,SWAP,TDR0070,BOOK_C,2025-05-16
TXN0009048043,APP009,2025-08-27,failed,177410.78,JPY,AMER,CP0395,FX,TDR0002,BOOK_C,2025-01-24
TXN0000154673,APP003,2025-12-10,pending,413125.72,EUR,AMER,CP0287,EQUITY,TDR0198,BOOK_B,2026-02-18
TXN0005137699,APP006,2025-02-13,settled,398479.44,AUD,EMEA,CP0252,FUTURE,TDR0018,BOOK_B,2025-10-25
TXN0005051363,APP011,2025-08-09,active,526627.18,USD,LATAM,CP0137,BOND,TDR0002,BOOK_A,2025-01-10
TXN0007761711,APP002,2025-03-30,pending,866215.66,GBP,APAC,CP0433,EQUITY,TDR0168,BOOK_A,2025-08-09
TXN0000852389,APP010,2026-03-02,failed,918204.79,AUD,LATAM,CP0411,BOND,TDR0171,BOOK_B,2025-12-24
TXN0003808038,APP002,2025-05-10,reversed,229395.82,AUD,AMER,CP0089,OPTION,TDR0163,BOOK_B,2025-03-20
TXN0004832717,APP008,2025-10-10,settled,797894.16,GBP,AMER,CP0304,FX,TDR0007,BOOK_B,2026-01-24
TXN0007613659,APP004,2025-08-21,active,308045.72,EUR,APAC,CP0115,OPTION,TDR0184,BOOK_A,2025-08-29
TXN0005914259,APP012,2025-06-10,pending,623255.3,GBP,LATAM,CP0041,OPTION,TDR0165,BOOK_A,2025-02-27
TXN0003229770,APP018,2025-03-03,pending,20844.66,USD,EMEA,CP0158,EQUITY,TDR0023,BOOK_D,2025-04-04
TXN0002333492,APP006,2025-05-26,failed,12115.59,CHF,APAC,CP0024,OPTION,TDR0083,BOOK_C,2025-11-08
TXN0000216975,APP010,2025-05-03,failed,818632.22,JPY,APAC,CP0175,FX,TDR0084,BOOK_D,2025-03-07
TXN0001791037,APP004,2026-03-10,pending,138074.53,CHF,EMEA,CP0076,SWAP,TDR0061,BOOK_B,2025-05-19
TXN0008371060,APP016,2025-02-24,active,648157.86,JPY,EMEA,CP0114,FX,TDR0016,BOOK_A,2025-11-06
TXN0004621096,APP014,2025-08-28,settled,348463.25,EUR,LATAM,CP0054,FX,TDR0019,BOOK_D,2026-03-22
TXN0001517729,APP004,2025-12-21,failed,650395.55,CHF,LATAM,CP0223,EQUITY,TDR0090,BOOK_C,2025-12-18
TXN0005495211,APP005,2026-03-30,settled,169520.11,AUD,LATAM,CP0274,EQUITY,TDR0116,BOOK_D,2025-08-15
TXN0006058599,APP004,2025-04-28,pending,886584.17,AUD,EMEA,CP0136,EQUITY,TDR0009,BOOK_C,2025-11-09
TXN0008005717,APP006,2025-10-26,active,502602.05,GBP,LATAM,CP0187,EQUITY,TDR0160,BOOK_B,2025-06-25
TXN0001527725,APP005,2025-07-04,pending,877613.33,EUR,LATAM,CP0490,BOND,TDR0187,BOOK_C,2025-12-19
TXN0006690254,APP005,2026-02-06,active,183514.6,CHF,EMEA,CP0025,OPTION,TDR0106,BOOK_B,2025-09-28
TXN0001576598,APP015,2025-12-01,settled,888043.66,EUR,LATAM,CP0055,FUTURE,TDR0137,BOOK_A,2026-02-13
TXN0007242599,APP018,2025-08-28,failed,586235.66,AUD,EMEA,CP0100,OPTION,TDR0064,BOOK_A,2025-07-10
TXN0000120391,APP013,2025-07-24,active,616668.37,CHF,AMER,CP0407,SWAP,TDR0117,BOOK_A,2025-05-12
TXN0009028621,APP014,2025-10-23,failed,241210.08,USD,EMEA,CP0279,FUTURE,TDR0115,BOOK_C,2025-11-19
TXN0008394865,APP020,2025-12-13,active,234420.95,USD,EMEA,CP0192,EQUITY,TDR0022,BOOK_B,2025-10-13
TXN0000465237,APP004,2025-10-17,reversed,547153.03,AUD,LATAM,CP0123,BOND,TDR0127,BOOK_A,2026-04-06
TXN0001830420,APP013,2026-01-20,failed,212672.03,USD,LATAM,CP0036,OPTION,TDR0110,BOOK_B,2025-05-05
TXN0005983341,APP014,2025-02-09,settled,567311.3,CHF,LATAM,CP0106,FX,TDR0166,BOOK_A,2025-03-26
TXN0007483030,APP003,2025-05-04,failed,922081.47,CHF,LATAM,CP0301,SWAP,TDR0138,BOOK_C,2025-05-12
TXN0002217045,APP018,2025-07-26,failed,566059.91,CHF,APAC,CP0287,OPTION,TDR0054,BOOK_B,2026-03-11
TXN0003411551,APP006,2025-12-14,pending,144761.82,JPY,LATAM,CP0261,BOND,TDR0134,BOOK_B,2025-04-10
TXN0004742566,APP007,2025-04-26,active,772457.0,AUD,LATAM,CP0092,EQUITY,TDR0110,BOOK_A,2025-07-01
TXN0005401752,APP010,2025-06-29,pending,364530.6,EUR,LATAM,CP0041,FUTURE,TDR0006,BOOK_C,2025-03-03
TXN0003658243,APP008,2025-08-18,settled,439111.78,EUR,APAC,CP0111,OPTION,TDR0139,BOOK_D,2026-03-26
TXN0004936612,APP016,2025-12-11,pending,618120.13,GBP,AMER,CP0413,SWAP,TDR0191,BOOK_A,2026-01-09
TXN0001961215,APP003,2026-04-07,reversed,222789.35,EUR,APAC,CP0334,FUTURE,TDR0024,BOOK_A,2025-09-14
TXN0000747834,APP016,2025-09-15,reversed,741529.86,USD,EMEA,CP0376,EQUITY,TDR0129,BOOK_D,2025-09-01
TXN0006533093,APP005,2026-03-19,failed,793695.3,USD,EMEA,CP0274,SWAP,TDR0127,BOOK_A,2025-06-24
TXN0005021650,APP011,2025-01-30,pending,990419.84,GBP,LATAM,CP0265,EQUITY,TDR0050,BOOK_C,2026-04-08
TXN0007696647,APP006,2025-07-20,active,745819.5,CHF,EMEA,CP0494,FX,TDR0052,BOOK_A,2025-01-22
TXN0008244203,APP004,2025-10-12,active,608583.63,JPY,AMER,CP0002,FUTURE,TDR0055,BOOK_D,2026-01-02
TXN0008599850,APP007,2025-10-09,settled,987697.49,EUR,LATAM,CP0368,EQUITY,TDR0174,BOOK_D,2025-12-13
TXN0009390288,APP020,2025-12-18,pending,443606.71,EUR,EMEA,CP0212,OPTION,TDR0166,BOOK_C,2026-01-12
TXN0008927165,APP019,2026-03-29,reversed,644907.37,JPY,AMER,CP0110,FX,TDR0054,BOOK_D,2025-07-01
TXN0001190185,APP012,2025-09-09,reversed,996435.97,CHF,EMEA,CP0096,OPTION,TDR0068,BOOK_B,2026-02-16
TXN0003528459,APP004,2025-01-28,failed,96772.06,EUR,AMER,CP0289,FUTURE,TDR0089,BOOK_B,2025-08-10
TXN0006513857,APP005,2025-08-15,failed,295639.24,GBP,APAC,CP0204,EQUITY,TDR0054,BOOK_A,2025-08-27
TXN0006216701,APP001,2025-05-15,pending,725072.28,JPY,APAC,CP0122,FUTURE,TDR0091,BOOK_A,2025-03-19
TXN0009912748,APP012,2025-01-09,pending,221129.59,GBP,AMER,CP0304,BOND,TDR0057,BOOK_C,2025-09-15
TXN0004505149,APP008,2025-10-27,failed,810744.63,USD,AMER,CP0180,SWAP,TDR0176,BOOK_D,2025-06-26
TXN0009767745,APP015,2025-05-01,pending,688644.36,USD,EMEA,CP0413,FUTURE,TDR0003,BOOK_A,2025-02-22
TXN0006940287,APP003,2025-03-05,reversed,412507.46,CHF,AMER,CP0401,FUTURE,TDR0036,BOOK_D,2025-07-16
TXN0004735406,APP010,2025-03-15,failed,502149.53,EUR,EMEA,CP0127,EQUITY,TDR0022,BOOK_D,2025-10-02
TXN0001155492,APP005,2025-10-24,reversed,419363.87,CHF,AMER,CP0386,EQUITY,TDR0017,BOOK_A,2025-10-26
TXN0008961770,APP001,2025-01-20,settled,735013.43,CHF,LATAM,CP0393,FX,TDR0123,BOOK_D,2025-04-22
TXN0006281863,APP018,2025-06-28,settled,587968.94,AUD,LATAM,CP0115,EQUITY,TDR0011,BOOK_A,2025-02-08
TXN0009832943,APP008,2026-01-21,reversed,237935.34,JPY,EMEA,CP0424,SWAP,TDR0029,BOOK_A,2025-01-23
TXN0007428939,APP016,2026-02-26,reversed,734796.5,USD,LATAM,CP0437,OPTION,TDR0060,BOOK_B,2025-06-28
TXN0002320054,APP009,2025-11-26,active,56867.46,AUD,EMEA,CP0128,FUTURE,TDR0147,BOOK_D,2026-01-03
TXN0003287116,APP017,2025-04-29,pending,30370.47,CHF,AMER,CP0417,OPTION,TDR0054,BOOK_C,2025-06-22
TXN0008599899,APP018,2025-11-12,pending,778409.65,EUR,LATAM,CP0162,OPTION,TDR0103,BOOK_D,2025-12-31
TXN0007120881,APP010,2025-10-29,settled,766696.7,EUR,LATAM,CP0378,OPTION,TDR0084,BOOK_B,2026-01-06
TXN0007038350,APP007,2025-12-21,failed,532310.37,CHF,APAC,CP0323,FUTURE,TDR0003,BOOK_B,2025-07-28
TXN0002783541,APP018,2025-09-01,reversed,535933.78,JPY,AMER,CP0235,SWAP,TDR0182,BOOK_C,2025-09-23
TXN0008615011,APP002,2025-12-08,failed,39675.79,CHF,APAC,CP0135,OPTION,TDR0080,BOOK_B,2025-12-11
TXN0002852723,APP010,2025-11-15,active,744390.74,AUD,APAC,CP0068,FUTURE,TDR0154,BOOK_A,2026-02-17
TXN0003174170,APP002,2025-11-29,settled,106611.57,CHF,APAC,CP0332,EQUITY,TDR0114,BOOK_B,2026-01-23
TXN0008735852,APP007,2025-05-29,pending,454953.18,USD,AMER,CP0424,FUTURE,TDR0194,BOOK_D,2025-10-04
TXN0005768629,APP017,2025-12-20,reversed,741728.66,GBP,AMER,CP0048,EQUITY,TDR0178,BOOK_B,2025-03-17
TXN0006349711,APP018,2025-01-11,settled,485995.11,JPY,EMEA,CP0125,FX,TDR0069,BOOK_A,2025-06-14
TXN0000984231,APP008,2025-04-04,active,746910.04,CHF,AMER,CP0232,EQUITY,TDR0155,BOOK_C,2025-12-20
TXN0006159209,APP013,2026-01-23,settled,768779.3,JPY,EMEA,CP0086,BOND,TDR0149,BOOK_A,2026-03-19
TXN0004468704,APP011,2025-10-16,failed,720140.24,USD,EMEA,CP0465,FUTURE,TDR0171,BOOK_A,2025-08-31
TXN0002861771,APP017,2025-09-08,reversed,451350.57,CHF,AMER,CP0154,FX,TDR0147,BOOK_B,2026-01-11
TXN0008030486,APP013,2025-04-30,reversed,566474.72,GBP,EMEA,CP0343,OPTION,TDR0145,BOOK_A,2025-06-13
TXN0005278659,APP008,2026-02-22,settled,794757.64,JPY,EMEA,CP0371,EQUITY,TDR0149,BOOK_D,2025-12-12
TXN0004399851,APP018,2025-12-27,settled,635880.7,GBP,APAC,CP0250,BOND,TDR0048,BOOK_B,2025-10-24
TXN0003255438,APP010,2025-09-14,active,310472.4,AUD,APAC,CP0158,EQUITY,TDR0081,BOOK_A,2025-02-09
TXN0005497084,APP002,2025-11-19,reversed,234116.92,CHF,EMEA,CP0176,OPTION,TDR0007,BOOK_C,2025-06-21
TXN0003310891,APP012,2025-06-28,reversed,842537.59,USD,APAC,CP0292,SWAP,TDR0143,BOOK_D,2025-05-25
TXN0006673779,APP006,2025-10-08,failed,934363.89,JPY,APAC,CP0235,FX,TDR0099,BOOK_A,2025-07-30
TXN0003114913,APP013,2025-07-23,failed,699557.87,EUR,AMER,CP0215,OPTION,TDR0047,BOOK_D,2026-02-02
TXN0000524072,APP001,2025-11-30,failed,529523.37,EUR,EMEA,CP0113,EQUITY,TDR0053,BOOK_B,2025-08-25
TXN0000631338,APP003,2026-02-14,active,43524.83,JPY,LATAM,CP0190,FX,TDR0108,BOOK_B,2026-02-22
TXN0003672201,APP006,2026-03-18,pending,277697.88,JPY,APAC,CP0258,OPTION,TDR0171,BOOK_C,2026-02-14
TXN0007494311,APP017,2025-06-07,active,349408.06,EUR,EMEA,CP0184,BOND,TDR0200,BOOK_C,2026-03-26
TXN0003782992,APP002,2025-11-24,settled,81967.84,USD,LATAM,CP0003,OPTION,TDR0180,BOOK_B,2025-08-18
TXN0006723025,APP005,2025-11-14,reversed,500334.08,AUD,LATAM,CP0334,FX,TDR0111,BOOK_C,2025-11-16
TXN0001397466,APP013,2026-03-23,settled,904972.96,USD,APAC,CP0076,BOND,TDR0028,BOOK_A,2025-04-20
TXN0001588932,APP012,2025-01-27,active,540083.14,CHF,LATAM,CP0183,EQUITY,TDR0075,BOOK_B,2025-08-22
TXN0006410892,APP019,2025-10-25,pending,136861.79,JPY,APAC,CP0052,EQUITY,TDR0115,BOOK_A,2025-12-26
TXN0003429929,APP012,2026-01-01,pending,50113.6,EUR,EMEA,CP0355,FX,TDR0189,BOOK_C,2025-02-20
TXN0002866743,APP006,2025-03-02,reversed,197189.61,CHF,LATAM,CP0177,FX,TDR0187,BOOK_B,2025-04-25
TXN0005946450,APP008,2025-01-21,failed,985469.45,EUR,AMER,CP0288,FX,TDR0013,BOOK_D,2025-09-23
TXN0007525262,APP001,2025-11-03,settled,593660.94,JPY,AMER,CP0457,FUTURE,TDR0101,BOOK_D,2025-08-24
TXN0009515842,APP004,2025-05-13,reversed,359479.37,CHF,AMER,CP0035,EQUITY,TDR0154,BOOK_B,2025-10-25
TXN0004560164,APP007,2026-03-11,settled,591727.39,EUR,AMER,CP0477,OPTION,TDR0194,BOOK_D,2025-06-12
TXN0005834737,APP013,2025-04-25,active,28215.83,EUR,APAC,CP0378,SWAP,TDR0088,BOOK_B,2026-04-01
TXN0002390893,APP005,2026-01-06,pending,741226.71,AUD,EMEA,CP0398,FX,TDR0081,BOOK_D,2026-03-17
TXN0008797364,APP007,2025-06-05,pending,448016.67,EUR,APAC,CP0306,OPTION,TDR0126,BOOK_D,2025-11-03
TXN0008161454,APP009,2025-06-04,failed,299278.09,USD,AMER,CP0359,FX,TDR0099,BOOK_B,2026-03-30
TXN0006242929,APP020,2025-06-13,active,373586.28,JPY,AMER,CP0278,SWAP,TDR0009,BOOK_B,2025-11-06
TXN0008103112,APP007,2025-08-16,pending,278430.29,JPY,APAC,CP0381,FX,TDR0042,BOOK_D,2025-04-14
TXN0008154249,APP015,2025-12-17,pending,433765.51,CHF,EMEA,CP0010,FUTURE,TDR0198,BOOK_A,2026-01-06
TXN0007776135,APP004,2025-09-08,active,35357.75,GBP,AMER,CP0320,EQUITY,TDR0005,BOOK_D,2026-03-06
TXN0008795262,APP014,2025-06-04,active,588673.94,EUR,AMER,CP0266,FX,TDR0180,BOOK_B,2025-10-11
TXN0001710719,APP016,2025-06-29,active,871426.05,AUD,LATAM,CP0398,OPTION,TDR0053,BOOK_D,2025-11-01
TXN0009499132,APP012,2025-05-14,pending,398368.66,GBP,LATAM,CP0289,SWAP,TDR0007,BOOK_B,2025-11-14
TXN0002112902,APP007,2025-12-17,settled,204171.94,JPY,EMEA,CP0351,BOND,TDR0044,BOOK_D,2026-02-04
TXN0007677332,APP018,2025-09-16,active,327723.52,AUD,EMEA,CP0380,OPTION,TDR0105,BOOK_D,2025-07-11
TXN0003642794,APP012,2025-12-10,pending,874009.87,EUR,LATAM,CP0330,BOND,TDR0111,BOOK_B,2025-04-09
TXN0002518564,APP003,2026-03-19,failed,716921.56,JPY,LATAM,CP0338,EQUITY,TDR0090,BOOK_D,2026-03-28
TXN0007329293,APP007,2025-09-20,failed,248675.97,AUD,APAC,CP0207,OPTION,TDR0063,BOOK_B,2025-05-07
TXN0003950580,APP013,2025-11-05,failed,634032.23,AUD,LATAM,CP0001,EQUITY,TDR0086,BOOK_D,2025-05-22
TXN0001678601,APP014,2025-06-10,active,80036.31,EUR,AMER,CP0201,OPTION,TDR0125,BOOK_D,2025-05-16
TXN0003479334,APP005,2025-09-09,active,631859.54,JPY,AMER,CP0471,EQUITY,TDR0004,BOOK_C,2026-03-28
TXN0000430867,APP019,2025-10-11,settled,408282.88,AUD,LATAM,CP0011,FUTURE,TDR0150,BOOK_B,2026-02-03
TXN0003835933,APP011,2025-07-18,failed,200645.12,CHF,APAC,CP0132,OPTION,TDR0143,BOOK_B,2025-12-14
TXN0008920512,APP002,2026-02-05,reversed,667394.26,AUD,AMER,CP0228,BOND,TDR0101,BOOK_A,2025-09-20
TXN0009637079,APP017,2026-02-03,active,561755.37,JPY,APAC,CP0169,OPTION,TDR0080,BOOK_B,2025-12-18
TXN0007618290,APP020,2025-08-22,settled,495149.02,JPY,APAC,CP0487,EQUITY,TDR0161,BOOK_A,2026-03-19
TXN0003032265,APP018,2025-04-03,failed,234522.5,CHF,LATAM,CP0386,FUTURE,TDR0053,BOOK_A,2025-08-06
TXN0000819239,APP018,2026-02-28,failed,407020.59,JPY,APAC,CP0191,FX,TDR0041,BOOK_C,2026-02-01
TXN0001656397,APP017,2025-05-22,active,178198.14,AUD,EMEA,CP0420,FUTURE,TDR0055,BOOK_C,2025-06-13
TXN0006042654,APP018,2025-10-31,active,397985.64,EUR,APAC,CP0476,FUTURE,TDR0169,BOOK_C,2025-10-17
TXN0009054648,APP019,2025-02-02,pending,923569.91,GBP,EMEA,CP0020,SWAP,TDR0130,BOOK_D,2025-07-11
TXN0003258057,APP016,2025-11-01,active,514002.05,JPY,EMEA,CP0429,OPTION,TDR0031,BOOK_D,2025-04-25
TXN0005470211,APP007,2025-10-07,active,61064.19,AUD,APAC,CP0460,EQUITY,TDR0008,BOOK_B,2025-05-06
TXN0002295559,APP020,2025-10-23,active,374911.06,CHF,EMEA,CP0416,SWAP,TDR0051,BOOK_D,2025-08-23
TXN0007755399,APP013,2025-08-07,active,392178.42,CHF,AMER,CP0206,FX,TDR0117,BOOK_D,2026-02-10
TXN0004957282,APP005,2025-12-27,failed,536506.05,GBP,AMER,CP0170,EQUITY,TDR0176,BOOK_C,2026-02-04
TXN0003000993,APP007,2026-03-17,pending,86703.42,GBP,APAC,CP0073,SWAP,TDR0100,BOOK_A,2025-11-13
TXN0002717778,APP005,2025-01-02,active,623905.76,JPY,APAC,CP0016,FUTURE,TDR0043,BOOK_D,2025-04-27
TXN0000725354,APP004,2025-11-16,settled,256404.39,AUD,LATAM,CP0217,FUTURE,TDR0131,BOOK_C,2025-05-01
TXN0009480054,APP016,2025-11-12,reversed,666847.39,CHF,LATAM,CP0024,FX,TDR0139,BOOK_A,2025-08-08
TXN0007287056,APP005,2025-02-06,settled,746186.94,EUR,AMER,CP0270,EQUITY,TDR0168,BOOK_B,2025-08-05
TXN0005788145,APP004,2025-07-30,failed,164784.01,AUD,LATAM,CP0332,EQUITY,TDR0024,BOOK_A,2026-01-01
TXN0004320225,APP009,2025-04-06,settled,197873.24,AUD,AMER,CP0037,FUTURE,TDR0088,BOOK_C,2026-02-08
TXN0006063061,APP009,2026-03-31,reversed,649716.84,EUR,LATAM,CP0387,FUTURE,TDR0141,BOOK_B,2026-01-29
TXN0007280584,APP010,2025-10-08,active,514908.24,CHF,AMER,CP0326,SWAP,TDR0118,BOOK_D,2026-03-12
TXN0003875571,APP005,2025-04-21,active,433014.22,EUR,APAC,CP0340,EQUITY,TDR0144,BOOK_B,2025-11-22
TXN0008726084,APP020,2025-04-22,settled,258727.32,USD,APAC,CP0070,FX,TDR0187,BOOK_B,2025-11-01
TXN0007046563,APP005,2025-03-30,active,824837.04,EUR,APAC,CP0420,OPTION,TDR0154,BOOK_B,2025-01-21
TXN0006468799,APP007,2026-01-08,settled,979931.9,JPY,APAC,CP0458,EQUITY,TDR0059,BOOK_B,2025-03-15
TXN0008518635,APP018,2025-03-08,reversed,968582.43,GBP,APAC,CP0029,FUTURE,TDR0123,BOOK_C,2025-11-21
TXN0005711273,APP005,2025-08-19,settled,115631.53,EUR,AMER,CP0016,EQUITY,TDR0102,BOOK_D,2025-12-11
TXN0004583781,APP017,2025-06-01,reversed,350959.91,CHF,APAC,CP0157,BOND,TDR0006,BOOK_D,2025-03-07
TXN0009799441,APP009,2025-05-19,active,422548.1,GBP,AMER,CP0028,FX,TDR0050,BOOK_D,2025-05-30
TXN0002188589,APP008,2025-11-23,pending,690042.67,EUR,LATAM,CP0139,FX,TDR0048,BOOK_B,2025-10-19
TXN0006622180,APP017,2025-11-22,active,126694.48,AUD,APAC,CP0093,FX,TDR0194,BOOK_D,2025-03-28
TXN0009434934,APP004,2025-12-12,reversed,623362.84,USD,LATAM,CP0112,BOND,TDR0001,BOOK_C,2025-10-08
TXN0002026807,APP011,2025-05-14,pending,657124.88,AUD,APAC,CP0500,SWAP,TDR0013,BOOK_D,2026-01-31
TXN0001206765,APP018,2025-10-04,active,660859.09,USD,LATAM,CP0177,FX,TDR0122,BOOK_A,2026-03-29
TXN0005696808,APP010,2025-07-01,pending,490396.99,EUR,AMER,CP0401,FUTURE,TDR0005,BOOK_A,2025-04-29
TXN0005487694,APP020,2025-06-17,pending,181920.3,USD,APAC,CP0093,EQUITY,TDR0084,BOOK_D,2025-02-07
TXN0004367111,APP005,2025-02-18,settled,40335.85,CHF,AMER,CP0418,BOND,TDR0174,BOOK_A,2025-04-14
TXN0004459085,APP013,2025-02-06,reversed,536422.96,EUR,EMEA,CP0130,FX,TDR0101,BOOK_C,2026-02-06
TXN0007111379,APP013,2025-05-19,failed,949657.33,GBP,LATAM,CP0340,FX,TDR0072,BOOK_C,2026-03-31
TXN0006533226,APP019,2025-12-13,active,758589.12,EUR,APAC,CP0309,EQUITY,TDR0006,BOOK_D,2026-01-14
TXN0003318597,APP007,2025-06-17,active,175101.36,JPY,EMEA,CP0058,OPTION,TDR0195,BOOK_A,2025-04-15
TXN0006733383,APP002,2026-01-03,failed,400374.11,AUD,APAC,CP0428,SWAP,TDR0188,BOOK_C,2025-10-12
TXN0007004352,APP008,2025-11-20,settled,445625.91,GBP,AMER,CP0147,OPTION,TDR0001,BOOK_A,2025-11-30
TXN0005868065,APP017,2025-02-17,failed,163819.39,AUD,EMEA,CP0496,EQUITY,TDR0050,BOOK_A,2025-09-18
TXN0009072919,APP020,2025-10-25,active,863331.39,USD,EMEA,CP0336,FX,TDR0183,BOOK_A,2025-10-23
TXN0000112724,APP013,2026-03-01,pending,952727.41,AUD,LATAM,CP0358,BOND,TDR0088,BOOK_D,2025-12-10
TXN0004788849,APP008,2025-08-27,pending,735951.84,CHF,EMEA,CP0139,FUTURE,TDR0103,BOOK_B,2026-03-17
TXN0009602902,APP013,2026-03-19,reversed,553813.57,CHF,AMER,CP0140,OPTION,TDR0085,BOOK_B,2025-10-10
TXN0006681080,APP019,2025-09-22,pending,259204.86,CHF,LATAM,CP0236,SWAP,TDR0102,BOOK_A,2025-02-24
TXN0002683454,APP011,2025-10-21,reversed,280720.25,EUR,LATAM,CP0265,BOND,TDR0104,BOOK_D,2025-11-15
TXN0007794687,APP011,2025-11-12,reversed,178917.26,GBP,LATAM,CP0079,BOND,TDR0077,BOOK_B,2025-01-11
TXN0004351792,APP013,2026-02-18,pending,471840.62,GBP,APAC,CP0281,FUTURE,TDR0123,BOOK_D,2025-07-20
TXN0002725893,APP018,2025-08-10,failed,218327.23,JPY,EMEA,CP0086,FUTURE,TDR0085,BOOK_B,2025-09-24
TXN0008135562,APP016,2025-01-15,active,315060.96,AUD,AMER,CP0066,EQUITY,TDR0042,BOOK_C,2025-10-15
TXN0006534673,APP011,2025-11-16,reversed,321923.55,CHF,AMER,CP0237,OPTION,TDR0132,BOOK_D,2025-01-09
TXN0005400290,APP014,2025-03-18,pending,691829.79,JPY,AMER,CP0348,EQUITY,TDR0108,BOOK_A,2025-08-07
TXN0005041983,APP014,2025-02-01,settled,543229.58,AUD,LATAM,CP0014,BOND,TDR0103,BOOK_B,2026-03-08
TXN0005788819,APP014,2026-02-16,pending,838814.9,USD,AMER,CP0059,FX,TDR0015,BOOK_B,2025-03-18
TXN0007498478,APP002,2026-01-07,failed,754933.77,EUR,EMEA,CP0038,SWAP,TDR0068,BOOK_C,2025-03-25
TXN0004723212,APP002,2025-06-21,reversed,662056.12,GBP,EMEA,CP0050,BOND,TDR0190,BOOK_B,2025-01-07
TXN0000735528,APP009,2025-01-24,active,119236.13,AUD,LATAM,CP0328,FUTURE,TDR0005,BOOK_D,2025-07-28
TXN0000442205,APP001,2025-10-26,settled,354433.07,AUD,EMEA,CP0080,BOND,TDR0119,BOOK_A,2025-03-30
TXN0009960976,APP003,2025-06-17,settled,900995.46,GBP,EMEA,CP0048,FX,TDR0193,BOOK_A,2025-08-22
TXN0000176383,APP019,2025-01-19,settled,425450.89,CHF,APAC,CP0065,BOND,TDR0143,BOOK_B,2025-09-30
TXN0003880910,APP013,2025-07-17,reversed,309024.08,USD,AMER,CP0188,EQUITY,TDR0142,BOOK_D,2025-01-06
TXN0000002408,APP006,2025-01-15,reversed,504926.32,USD,APAC,CP0111,BOND,TDR0086,BOOK_C,2025-08-15
TXN0004591400,APP001,2025-02-27,failed,443052.28,GBP,EMEA,CP0121,FUTURE,TDR0125,BOOK_D,2025-12-22
TXN0005138069,APP007,2026-02-28,settled,645307.18,AUD,APAC,CP0414,BOND,TDR0122,BOOK_A,2026-03-27
TXN0004109192,APP011,2025-11-04,failed,124379.04,JPY,EMEA,CP0374,FX,TDR0071,BOOK_C,2025-05-23
TXN0005837680,APP012,2025-09-07,reversed,232503.44,GBP,EMEA,CP0040,FUTURE,TDR0125,BOOK_C,2026-02-25
TXN0009318847,APP008,2025-11-19,failed,549659.56,CHF,LATAM,CP0461,SWAP,TDR0054,BOOK_D,2025-07-10
TXN0006345727,APP002,2025-09-18,settled,28154.86,GBP,LATAM,CP0016,FX,TDR0034,BOOK_A,2026-01-17
TXN0008218738,APP010,2025-03-25,reversed,151677.36,CHF,APAC,CP0445,OPTION,TDR0193,BOOK_D,2025-03-25
TXN0002003572,APP018,2026-02-14,pending,823833.4,EUR,APAC,CP0335,OPTION,TDR0045,BOOK_A,2025-03-07
TXN0001463620,APP020,2025-08-23,settled,510971.49,GBP,APAC,CP0341,FX,TDR0168,BOOK_B,2025-02-05
TXN0007030865,APP019,2025-04-28,failed,712485.51,USD,LATAM,CP0403,FUTURE,TDR0181,BOOK_C,2025-05-06
TXN0005980887,APP014,2025-11-28,settled,920591.86,EUR,LATAM,CP0464,FUTURE,TDR0097,BOOK_D,2026-01-04
TXN0001300201,APP018,2025-12-21,pending,473707.37,EUR,EMEA,CP0143,BOND,TDR0195,BOOK_B,2026-03-13
TXN0000007145,APP019,2025-01-14,active,991832.51,AUD,EMEA,CP0427,OPTION,TDR0172,BOOK_C,2025-10-05
TXN0008868784,APP018,2026-03-28,reversed,512151.52,AUD,APAC,CP0279,SWAP,TDR0186,BOOK_B,2025-06-29
TXN0008823519,APP004,2025-03-07,pending,162921.05,GBP,LATAM,CP0018,SWAP,TDR0033,BOOK_B,2026-03-20
TXN0007686012,APP002,2026-03-29,active,529713.19,EUR,EMEA,CP0431,FUTURE,TDR0189,BOOK_C,2025-04-10
TXN0004403309,APP002,2025-09-27,pending,601953.56,EUR,EMEA,CP0248,SWAP,TDR0122,BOOK_C,2025-05-20
TXN0004300590,APP004,2026-04-14,active,258721.57,CHF,EMEA,CP0131,FX,TDR0017,BOOK_D,2025-08-04
TXN0004781776,APP020,2026-03-27,active,576445.5,GBP,AMER,CP0149,FX,TDR0105,BOOK_B,2025-09-02
TXN0001454996,APP011,2025-03-26,active,833980.82,GBP,AMER,CP0424,FUTURE,TDR0148,BOOK_A,2025-05-23
TXN0008359209,APP008,2025-11-02,failed,903790.41,GBP,APAC,CP0236,OPTION,TDR0143,BOOK_D,2025-12-10
TXN0004976397,APP012,2025-12-06,settled,127541.37,CHF,LATAM,CP0258,EQUITY,TDR0028,BOOK_A,2026-03-02
TXN0001072552,APP016,2025-03-04,pending,77694.76,JPY,EMEA,CP0059,SWAP,TDR0029,BOOK_A,2026-01-11
TXN0007295605,APP016,2026-03-07,active,2108.57,CHF,LATAM,CP0307,SWAP,TDR0046,BOOK_B,2025-12-12
TXN0001940907,APP016,2025-04-29,active,903099.23,GBP,APAC,CP0386,FX,TDR0193,BOOK_D,2025-02-12
TXN0000372993,APP020,2025-01-17,pending,447361.11,JPY,LATAM,CP0096,BOND,TDR0193,BOOK_B,2025-04-28
TXN0004590225,APP019,2025-01-30,pending,518084.6,EUR,EMEA,CP0421,EQUITY,TDR0041,BOOK_B,2025-05-20
TXN0009697569,APP009,2025-05-27,active,489439.88,GBP,EMEA,CP0335,EQUITY,TDR0200,BOOK_B,2025-06-05
TXN0003321130,APP009,2025-08-10,settled,933124.0,EUR,EMEA,CP0209,SWAP,TDR0134,BOOK_D,2025-10-08
TXN0001597388,APP001,2026-03-06,pending,725812.49,JPY,APAC,CP0126,EQUITY,TDR0170,BOOK_D,2025-07-20
TXN0004513962,APP004,2025-10-28,reversed,561889.01,CHF,EMEA,CP0182,BOND,TDR0116,BOOK_B,2025-05-28
TXN0003682346,APP008,2025-06-18,pending,774789.51,USD,AMER,CP0033,SWAP,TDR0197,BOOK_D,2026-04-14
TXN0005100498,APP008,2026-01-10,settled,584871.36,USD,EMEA,CP0490,SWAP,TDR0029,BOOK_A,2026-02-16
TXN0009905247,APP008,2025-09-26,settled,594847.89,CHF,LATAM,CP0223,FX,TDR0178,BOOK_D,2026-01-31
TXN0007263558,APP011,2025-08-25,active,2477.33,JPY,AMER,CP0271,BOND,TDR0069,BOOK_D,2025-01-28
TXN0001709347,APP013,2025-08-07,active,503216.72,GBP,LATAM,CP0237,SWAP,TDR0077,BOOK_D,2025-05-25
TXN0004716438,APP015,2026-01-03,failed,829884.52,JPY,EMEA,CP0479,FUTURE,TDR0036,BOOK_A,2026-04-01
TXN0005438428,APP016,2025-05-09,reversed,364241.02,EUR,EMEA,CP0051,EQUITY,TDR0003,BOOK_B,2025-03-30
TXN0001670927,APP001,2025-07-03,pending,157652.46,EUR,APAC,CP0099,BOND,TDR0129,BOOK_D,2026-03-10
TXN0003673860,APP016,2025-02-27,failed,770959.25,JPY,EMEA,CP0093,FX,TDR0129,BOOK_D,2025-02-01
TXN0001460229,APP020,2025-03-29,active,216845.63,AUD,APAC,CP0304,OPTION,TDR0044,BOOK_B,2025-04-14
TXN0002033386,APP014,2025-08-27,reversed,302343.44,GBP,EMEA,CP0500,OPTION,TDR0192,BOOK_A,2025-01-14
TXN0005162262,APP002,2025-06-20,reversed,513715.61,CHF,EMEA,CP0005,EQUITY,TDR0138,BOOK_A,2025-09-17
TXN0006413356,APP015,2025-06-29,reversed,829694.06,USD,EMEA,CP0420,FX,TDR0196,BOOK_C,2025-06-01
TXN0004274018,APP017,2025-04-28,settled,223359.45,GBP,APAC,CP0274,EQUITY,TDR0031,BOOK_C,2025-01-23
TXN0004848238,APP005,2025-04-11,settled,419176.71,CHF,AMER,CP0102,FX,TDR0058,BOOK_B,2026-01-26
TXN0009575495,APP013,2025-10-08,failed,290446.15,JPY,AMER,CP0162,EQUITY,TDR0050,BOOK_D,2025-11-22
TXN0006404151,APP018,2025-01-10,pending,29522.44,AUD,AMER,CP0288,EQUITY,TDR0178,BOOK_B,2025-08-12
TXN0001433800,APP008,2026-01-17,active,299985.03,USD,LATAM,CP0406,BOND,TDR0096,BOOK_A,2026-03-30
TXN0002721851,APP004,2025-09-09,failed,942452.44,JPY,AMER,CP0247,BOND,TDR0020,BOOK_A,2026-03-03
TXN0006317561,APP013,2025-09-05,pending,8852.23,USD,APAC,CP0257,SWAP,TDR0072,BOOK_D,2025-01-05
TXN0006139008,APP007,2025-06-17,active,51565.1,GBP,AMER,CP0353,FUTURE,TDR0065,BOOK_A,2026-01-09
TXN0004346576,APP005,2025-02-26,pending,160019.1,CHF,LATAM,CP0307,EQUITY,TDR0050,BOOK_A,2025-12-29
TXN0003330811,APP004,2025-09-22,settled,221665.02,CHF,LATAM,CP0306,BOND,TDR0140,BOOK_A,2025-04-03
TXN0002705026,APP001,2025-06-04,failed,119169.86,EUR,AMER,CP0377,SWAP,TDR0134,BOOK_A,2026-01-25
TXN0000026277,APP009,2025-09-13,pending,623740.2,EUR,APAC,CP0165,FX,TDR0158,BOOK_C,2025-09-23
TXN0000024247,APP005,2025-05-28,settled,516388.67,EUR,AMER,CP0211,OPTION,TDR0156,BOOK_B,2026-03-13
TXN0006880727,APP020,2025-09-09,failed,678011.41,USD,APAC,CP0475,EQUITY,TDR0122,BOOK_B,2026-04-11
TXN0005859913,APP003,2025-02-10,settled,114038.34,JPY,AMER,CP0185,EQUITY,TDR0078,BOOK_B,2025-11-24
TXN0004825721,APP010,2026-01-16,settled,496095.0,GBP,EMEA,CP0007,EQUITY,TDR0190,BOOK_B,2025-12-07
TXN0005762291,APP011,2025-05-16,active,822932.87,USD,APAC,CP0004,FX,TDR0138,BOOK_C,2025-05-11
TXN0006956560,APP009,2025-10-15,pending,180386.39,JPY,APAC,CP0003,FUTURE,TDR0053,BOOK_D,2025-03-18
TXN0000701077,APP009,2025-09-21,reversed,169452.82,JPY,LATAM,CP0463,FX,TDR0198,BOOK_B,2025-12-04
TXN0006393047,APP012,2025-11-10,pending,816849.79,CHF,AMER,CP0338,FUTURE,TDR0023,BOOK_A,2025-03-30
TXN0000702522,APP013,2026-01-30,active,377118.68,GBP,AMER,CP0283,BOND,TDR0061,BOOK_D,2025-03-04
TXN0000907347,APP016,2026-03-31,settled,12482.58,USD,APAC,CP0188,FX,TDR0094,BOOK_C,2025-06-30
TXN0003918406,APP008,2026-01-24,failed,945114.69,USD,APAC,CP0058,SWAP,TDR0026,BOOK_C,2025-05-12
TXN0000857372,APP007,2025-04-26,failed,597353.38,JPY,AMER,CP0316,FUTURE,TDR0182,BOOK_C,2026-01-29
TXN0008927187,APP006,2025-03-31,active,456883.53,USD,LATAM,CP0006,OPTION,TDR0149,BOOK_B,2025-07-02
TXN0004039326,APP011,2025-08-19,failed,615732.43,AUD,LATAM,CP0160,EQUITY,TDR0110,BOOK_D,2026-01-01
TXN0007351146,APP006,2025-09-16,settled,525492.12,GBP,EMEA,CP0416,FUTURE,TDR0110,BOOK_B,2025-11-17
TXN0004528656,APP011,2025-03-03,reversed,592853.54,JPY,AMER,CP0234,SWAP,TDR0049,BOOK_C,2025-05-30
TXN0006912345,APP019,2026-03-01,reversed,19292.37,AUD,AMER,CP0312,FUTURE,TDR0077,BOOK_D,2025-04-27
TXN0008128555,APP009,2025-09-22,settled,751989.66,AUD,LATAM,CP0165,FUTURE,TDR0171,BOOK_C,2025-03-31
TXN0008866788,APP009,2025-11-06,active,567448.21,USD,EMEA,CP0119,FX,TDR0191,BOOK_A,2025-10-29
TXN0009407319,APP017,2026-03-28,active,618092.31,JPY,EMEA,CP0217,EQUITY,TDR0167,BOOK_A,2026-02-25
TXN0003774776,APP016,2025-07-28,reversed,210235.36,AUD,EMEA,CP0443,EQUITY,TDR0159,BOOK_C,2025-12-01
TXN0003914525,APP017,2025-05-23,failed,149101.34,JPY,AMER,CP0496,FX,TDR0117,BOOK_A,2025-03-21
TXN0009883318,APP016,2025-06-17,settled,240657.74,EUR,EMEA,CP0296,BOND,TDR0021,BOOK_C,2026-01-11
TXN0008464676,APP008,2025-05-06,pending,948772.82,CHF,LATAM,CP0282,FUTURE,TDR0011,BOOK_D,2025-09-21
TXN0006192306,APP020,2025-08-14,pending,380626.65,EUR,APAC,CP0331,FUTURE,TDR0123,BOOK_D,2025-01-08
TXN0001653426,APP004,2025-03-19,failed,583261.01,USD,AMER,CP0282,EQUITY,TDR0039,BOOK_C,2025-06-09
TXN0006880011,APP013,2025-05-02,failed,600287.49,AUD,APAC,CP0465,FX,TDR0154,BOOK_D,2026-01-31
TXN0008220211,APP006,2025-09-05,active,31871.36,EUR,LATAM,CP0231,FX,TDR0028,BOOK_D,2025-05-31
TXN0003542841,APP020,2025-10-22,failed,699905.87,USD,AMER,CP0320,FUTURE,TDR0130,BOOK_B,2025-05-10
TXN0003245241,APP004,2025-12-10,active,873219.87,JPY,EMEA,CP0455,BOND,TDR0182,BOOK_A,2026-01-11
TXN0004382679,APP019,2025-11-02,active,583828.95,AUD,APAC,CP0347,OPTION,TDR0067,BOOK_C,2025-04-12
TXN0003845307,APP006,2025-07-11,active,415352.37,GBP,EMEA,CP0350,FUTURE,TDR0131,BOOK_D,2025-12-08
TXN0001166796,APP019,2025-07-25,failed,753176.82,EUR,EMEA,CP0020,BOND,TDR0145,BOOK_B,2025-04-19
TXN0008167713,APP007,2025-08-05,failed,522930.58,EUR,EMEA,CP0150,FX,TDR0198,BOOK_B,2025-08-11
TXN0004915678,APP016,2025-03-22,pending,896072.48,GBP,EMEA,CP0125,SWAP,TDR0186,BOOK_B,2025-01-21
TXN0005534194,APP005,2025-05-09,failed,483194.21,JPY,APAC,CP0443,BOND,TDR0160,BOOK_A,2026-04-14
TXN0005194781,APP019,2025-09-21,settled,199433.39,AUD,APAC,CP0368,FUTURE,TDR0115,BOOK_A,2025-05-17
TXN0004611171,APP010,2026-04-13,active,630851.37,EUR,LATAM,CP0160,EQUITY,TDR0059,BOOK_A,2026-04-02
TXN0006485667,APP019,2026-02-28,failed,865051.16,USD,AMER,CP0125,FUTURE,TDR0155,BOOK_B,2025-06-07
TXN0002480672,APP014,2025-10-11,pending,909099.07,EUR,APAC,CP0001,OPTION,TDR0178,BOOK_D,2026-01-15
TXN0003545387,APP003,2025-04-24,reversed,242249.49,GBP,EMEA,CP0040,FUTURE,TDR0092,BOOK_B,2025-06-27
TXN0006886096,APP012,2025-11-01,pending,269560.83,CHF,APAC,CP0303,FUTURE,TDR0110,BOOK_D,2025-06-22
TXN0003644902,APP019,2026-03-19,failed,703911.64,CHF,EMEA,CP0324,FX,TDR0138,BOOK_B,2025-12-12
TXN0000164466,APP011,2025-12-23,pending,620111.65,AUD,EMEA,CP0188,OPTION,TDR0099,BOOK_B,2025-07-16
TXN0008042876,APP014,2025-04-27,settled,188456.72,JPY,LATAM,CP0399,EQUITY,TDR0106,BOOK_A,2026-03-13
TXN0006995787,APP004,2025-07-12,active,203281.82,USD,LATAM,CP0212,OPTION,TDR0135,BOOK_D,2025-06-09
TXN0004254210,APP017,2025-01-23,active,820185.25,EUR,LATAM,CP0429,OPTION,TDR0060,BOOK_A,2025-12-09
TXN0002880021,APP016,2025-04-26,active,309317.2,JPY,EMEA,CP0021,FUTURE,TDR0134,BOOK_D,2025-10-15
TXN0003272400,APP001,2025-12-04,settled,143317.35,AUD,APAC,CP0007,SWAP,TDR0179,BOOK_C,2025-04-05
TXN0008723184,APP009,2026-04-09,reversed,668742.68,AUD,AMER,CP0022,SWAP,TDR0182,BOOK_B,2025-07-02
TXN0007957464,APP006,2026-02-11,settled,96215.06,GBP,AMER,CP0404,EQUITY,TDR0109,BOOK_C,2026-03-10
TXN0008121401,APP011,2026-01-26,failed,76602.69,AUD,APAC,CP0253,SWAP,TDR0061,BOOK_C,2026-03-21
TXN0003038247,APP020,2025-01-21,active,289164.78,JPY,AMER,CP0096,FUTURE,TDR0140,BOOK_B,2025-08-19
TXN0008439611,APP005,2026-03-20,failed,994553.56,JPY,LATAM,CP0241,OPTION,TDR0108,BOOK_B,2025-02-07
TXN0009223716,APP005,2025-08-14,settled,819141.28,USD,LATAM,CP0334,SWAP,TDR0139,BOOK_D,2026-03-13
TXN0007752653,APP007,2025-02-14,settled,963051.34,JPY,EMEA,CP0045,SWAP,TDR0032,BOOK_B,2025-06-30
TXN0000609019,APP017,2026-03-06,failed,347164.52,GBP,EMEA,CP0486,EQUITY,TDR0049,BOOK_B,2025-09-27
TXN0006390814,APP006,2025-10-26,failed,18832.85,CHF,AMER,CP0288,SWAP,TDR0189,BOOK_A,2025-02-15
TXN0008221238,APP020,2026-04-13,reversed,285135.51,AUD,EMEA,CP0456,BOND,TDR0072,BOOK_C,2025-01-17
TXN0009672809,APP014,2025-10-16,failed,241644.33,JPY,EMEA,CP0435,FX,TDR0115,BOOK_B,2025-08-05
TXN0000195481,APP009,2025-07-28,reversed,66360.17,JPY,EMEA,CP0253,FX,TDR0057,BOOK_A,2025-12-11
TXN0001403826,APP011,2025-07-11,failed,310392.44,AUD,EMEA,CP0095,OPTION,TDR0119,BOOK_D,2025-08-31
TXN0009587048,APP010,2026-03-21,settled,790928.53,USD,AMER,CP0135,FUTURE,TDR0193,BOOK_A,2025-04-20
TXN0002117507,APP019,2025-03-05,reversed,670721.8,CHF,LATAM,CP0495,SWAP,TDR0084,BOOK_C,2025-02-03
TXN0009098391,APP011,2025-02-25,failed,721743.63,USD,EMEA,CP0496,EQUITY,TDR0149,BOOK_A,2025-03-14
TXN0008460705,APP019,2025-10-08,reversed,414505.02,AUD,AMER,CP0308,EQUITY,TDR0142,BOOK_A,2026-01-09
TXN0004365246,APP016,2025-10-13,failed,486859.13,GBP,APAC,CP0182,OPTION,TDR0064,BOOK_C,2025-10-21
TXN0003308967,APP018,2025-12-27,failed,47514.78,GBP,APAC,CP0111,FX,TDR0141,BOOK_B,2026-02-13
TXN0002983926,APP003,2025-02-01,active,744947.27,GBP,LATAM,CP0285,SWAP,TDR0185,BOOK_C,2025-06-14
TXN0005763468,APP019,2025-04-17,pending,691807.27,GBP,AMER,CP0083,FX,TDR0053,BOOK_D,2026-02-17
TXN0008679976,APP006,2026-01-07,reversed,939394.32,JPY,EMEA,CP0485,OPTION,TDR0124,BOOK_B,2026-01-02
TXN0004916185,APP016,2026-03-15,settled,926530.32,AUD,LATAM,CP0014,SWAP,TDR0100,BOOK_D,2025-06-08
TXN0006318423,APP016,2025-06-27,active,247844.28,JPY,APAC,CP0295,FX,TDR0158,BOOK_C,2025-09-06
TXN0000639885,APP003,2025-04-24,reversed,934057.43,EUR,AMER,CP0123,FUTURE,TDR0140,BOOK_D,2025-02-20
TXN0003191535,APP018,2025-07-28,pending,71780.18,USD,LATAM,CP0490,FUTURE,TDR0054,BOOK_C,2025-12-14
TXN0001709210,APP019,2025-05-27,pending,20360.62,CHF,LATAM,CP0475,SWAP,TDR0040,BOOK_D,2026-03-23
TXN0003879709,APP003,2025-01-21,active,512743.06,GBP,AMER,CP0277,FX,TDR0032,BOOK_C,2025-03-28
TXN0009237244,APP009,2025-11-08,failed,982193.86,USD,AMER,CP0156,FUTURE,TDR0027,BOOK_B,2026-01-14
TXN0009874438,APP002,2025-01-11,active,424851.7,CHF,LATAM,CP0315,FX,TDR0113,BOOK_A,2025-07-22
TXN0004585999,APP015,2025-04-24,settled,153500.88,JPY,LATAM,CP0024,FUTURE,TDR0081,BOOK_A,2025-07-15
TXN0003957317,APP014,2025-04-06,settled,87367.27,AUD,AMER,CP0392,OPTION,TDR0054,BOOK_B,2025-06-02
TXN0009556979,APP007,2025-09-17,pending,397043.89,EUR,LATAM,CP0169,OPTION,TDR0007,BOOK_A,2025-12-06
TXN0009183907,APP007,2025-01-04,failed,825708.87,JPY,APAC,CP0218,BOND,TDR0014,BOOK_C,2026-04-06
TXN0004670545,APP002,2025-06-04,settled,710636.4,USD,EMEA,CP0168,FX,TDR0170,BOOK_D,2025-07-24
TXN0006158065,APP008,2026-03-10,failed,834973.6,GBP,LATAM,CP0430,FX,TDR0139,BOOK_C,2025-06-13
TXN0004822797,APP017,2025-03-04,reversed,275067.07,EUR,AMER,CP0367,FX,TDR0187,BOOK_D,2025-11-22
TXN0006684715,APP020,2025-12-07,active,633717.26,EUR,AMER,CP0421,FX,TDR0102,BOOK_B,2025-09-13
TXN0007640553,APP013,2025-07-26,active,158174.11,GBP,AMER,CP0244,BOND,TDR0065,BOOK_C,2025-10-03
TXN0008138017,APP011,2025-04-22,settled,747456.0,GBP,EMEA,CP0264,SWAP,TDR0158,BOOK_A,2025-11-06
TXN0008939654,APP005,2025-07-18,failed,812800.54,USD,APAC,CP0322,EQUITY,TDR0144,BOOK_D,2025-08-08
TXN0007492423,APP016,2026-01-16,reversed,825614.13,USD,AMER,CP0420,BOND,TDR0059,BOOK_C,2026-01-19
TXN0005161216,APP012,2025-06-09,failed,163383.76,USD,EMEA,CP0174,BOND,TDR0167,BOOK_B,2025-02-05
TXN0003699888,APP011,2026-04-04,pending,785510.86,CHF,APAC,CP0393,FUTURE,TDR0095,BOOK_D,2026-03-31
TXN0002027338,APP013,2026-01-01,active,861963.46,AUD,LATAM,CP0428,FX,TDR0083,BOOK_C,2025-08-28
TXN0007205877,APP020,2026-03-04,settled,95279.96,AUD,APAC,CP0145,OPTION,TDR0100,BOOK_D,2025-02-01
TXN0000510247,APP009,2026-01-13,settled,153136.12,EUR,APAC,CP0211,FX,TDR0047,BOOK_B,2026-03-03
TXN0001955217,APP004,2026-04-08,active,527820.67,EUR,LATAM,CP0185,BOND,TDR0154,BOOK_A,2025-01-21
TXN0002411700,APP003,2025-08-21,active,322524.44,GBP,APAC,CP0201,FUTURE,TDR0127,BOOK_C,2025-05-11
TXN0005588789,APP007,2026-04-09,settled,613730.41,GBP,EMEA,CP0405,OPTION,TDR0170,BOOK_D,2026-03-29
TXN0007938560,APP006,2025-07-01,settled,35092.1,EUR,EMEA,CP0081,EQUITY,TDR0056,BOOK_A,2025-06-21
TXN0006316998,APP015,2025-10-29,failed,790428.71,EUR,APAC,CP0334,BOND,TDR0170,BOOK_A,2025-01-20
TXN0006213535,APP005,2025-03-10,settled,977546.53,CHF,LATAM,CP0345,FX,TDR0038,BOOK_A,2025-04-16
TXN0009782467,APP002,2025-01-29,failed,112917.8,JPY,EMEA,CP0360,FUTURE,TDR0111,BOOK_D,2026-03-20
TXN0008122403,APP002,2025-03-26,active,606081.34,USD,AMER,CP0340,OPTION,TDR0100,BOOK_D,2026-03-12
TXN0006186270,APP006,2025-09-20,reversed,804322.99,GBP,APAC,CP0086,FUTURE,TDR0045,BOOK_C,2025-11-29
TXN0001638417,APP013,2025-10-22,reversed,221961.76,EUR,AMER,CP0147,OPTION,TDR0169,BOOK_C,2025-02-01
TXN0008568675,APP014,2025-11-06,reversed,97590.83,GBP,LATAM,CP0453,FX,TDR0058,BOOK_C,2026-01-18
TXN0006585832,APP011,2025-10-18,active,242745.53,EUR,APAC,CP0470,FX,TDR0094,BOOK_A,2025-03-16
TXN0007391278,APP007,2026-03-01,reversed,688611.49,GBP,AMER,CP0043,BOND,TDR0046,BOOK_C,2025-08-04
TXN0006318194,APP014,2026-02-21,active,943362.17,USD,APAC,CP0399,FX,TDR0123,BOOK_A,2025-12-29
TXN0001295787,APP012,2025-12-12,pending,720089.4,AUD,LATAM,CP0077,FX,TDR0115,BOOK_B,2025-08-19
TXN0000837038,APP015,2025-03-11,failed,79562.82,EUR,APAC,CP0136,FUTURE,TDR0001,BOOK_A,2026-02-18
TXN0000876103,APP011,2025-09-12,active,404589.7,USD,AMER,CP0163,FUTURE,TDR0093,BOOK_B,2026-03-20
TXN0001823957,APP006,2025-05-02,settled,132086.93,USD,LATAM,CP0196,FX,TDR0120,BOOK_B,2025-09-16
TXN0004288787,APP016,2026-03-31,active,110290.0,USD,LATAM,CP0471,BOND,TDR0004,BOOK_A,2025-09-15
TXN0008952763,APP002,2026-01-17,reversed,337246.33,GBP,LATAM,CP0292,OPTION,TDR0185,BOOK_C,2025-08-07
TXN0001720723,APP004,2025-07-18,pending,643042.58,CHF,AMER,CP0356,BOND,TDR0085,BOOK_C,2025-09-26
TXN0006084475,APP008,2025-11-02,reversed,317676.8,JPY,APAC,CP0390,OPTION,TDR0099,BOOK_A,2025-08-26
TXN0002263228,APP004,2025-04-24,settled,584723.73,JPY,APAC,CP0356,OPTION,TDR0148,BOOK_D,2025-09-08
TXN0008628135,APP005,2025-01-30,reversed,576861.89,JPY,APAC,CP0365,BOND,TDR0011,BOOK_A,2026-03-29
TXN0000902062,APP014,2025-12-01,failed,80796.36,CHF,EMEA,CP0253,SWAP,TDR0131,BOOK_D,2025-11-20
TXN0009007436,APP019,2025-02-05,active,234740.87,EUR,AMER,CP0439,FUTURE,TDR0166,BOOK_A,2025-11-18
TXN0008929083,APP003,2026-01-15,reversed,356350.31,EUR,APAC,CP0197,OPTION,TDR0087,BOOK_B,2025-02-25
TXN0000946786,APP016,2026-02-08,pending,423315.74,JPY,LATAM,CP0070,FX,TDR0122,BOOK_C,2025-06-16
TXN0009297800,APP018,2025-11-04,pending,119077.58,JPY,APAC,CP0378,EQUITY,TDR0017,BOOK_D,2025-05-28
TXN0001848370,APP020,2025-11-05,active,78698.8,CHF,AMER,CP0174,FUTURE,TDR0153,BOOK_A,2025-10-18
TXN0009938627,APP013,2025-11-12,settled,511969.62,USD,EMEA,CP0203,BOND,TDR0148,BOOK_B,2025-06-12
TXN0009513740,APP012,2025-05-07,active,875537.24,USD,AMER,CP0334,FX,TDR0077,BOOK_C,2025-05-17
TXN0008990730,APP002,2025-01-03,reversed,302673.44,USD,AMER,CP0369,BOND,TDR0140,BOOK_B,2025-03-25
TXN0001205197,APP005,2025-11-01,settled,751004.97,CHF,APAC,CP0313,OPTION,TDR0028,BOOK_C,2026-02-07
TXN0008023114,APP016,2025-07-23,failed,312029.52,JPY,AMER,CP0274,FX,TDR0087,BOOK_C,2025-05-29
TXN0000009626,APP017,2025-05-17,pending,364688.67,GBP,EMEA,CP0207,SWAP,TDR0008,BOOK_D,2025-04-22
TXN0008962156,APP005,2025-10-27,settled,570501.58,EUR,EMEA,CP0330,EQUITY,TDR0155,BOOK_A,2025-02-19
TXN0000287500,APP008,2025-10-10,reversed,213444.51,JPY,AMER,CP0258,OPTION,TDR0134,BOOK_C,2025-11-07
TXN0001538485,APP005,2025-12-18,failed,611237.56,AUD,APAC,CP0478,BOND,TDR0043,BOOK_C,2026-04-01
TXN0001205340,APP015,2026-02-24,reversed,151902.84,EUR,APAC,CP0389,FUTURE,TDR0061,BOOK_D,2025-01-20
TXN0008346384,APP001,2026-03-05,settled,21488.99,JPY,LATAM,CP0180,SWAP,TDR0036,BOOK_A,2026-03-01
TXN0009289699,APP002,2025-03-03,reversed,389873.91,EUR,EMEA,CP0096,SWAP,TDR0125,BOOK_A,2026-01-27
TXN0000398466,APP009,2025-09-29,pending,352153.7,AUD,EMEA,CP0330,FUTURE,TDR0048,BOOK_A,2025-06-27
TXN0006853352,APP010,2025-08-23,reversed,370931.42,AUD,EMEA,CP0222,EQUITY,TDR0024,BOOK_C,2026-02-26
TXN0008725592,APP002,2025-05-12,reversed,289806.5,GBP,APAC,CP0281,EQUITY,TDR0055,BOOK_D,2025-09-24
TXN0001734449,APP012,2025-05-30,pending,738617.95,JPY,EMEA,CP0335,OPTION,TDR0110,BOOK_A,2025-08-23
TXN0005528763,APP013,2025-05-24,pending,614481.9,USD,APAC,CP0205,BOND,TDR0023,BOOK_C,2025-03-12
TXN0009644770,APP002,2025-09-05,active,134989.18,GBP,APAC,CP0394,BOND,TDR0157,BOOK_B,2025-09-17
TXN0006495233,APP019,2025-09-17,pending,975353.98,CHF,LATAM,CP0388,SWAP,TDR0173,BOOK_A,2026-02-26
TXN0002314373,APP002,2025-08-10,reversed,168957.0,EUR,APAC,CP0115,SWAP,TDR0191,BOOK_A,2026-02-21
TXN0007812279,APP016,2025-05-15,active,635662.14,GBP,LATAM,CP0114,SWAP,TDR0076,BOOK_D,2025-12-25
TXN0000248965,APP003,2025-12-21,settled,311348.77,GBP,EMEA,CP0388,BOND,TDR0060,BOOK_A,2025-11-03
TXN0000336336,APP011,2025-11-02,reversed,385689.79,CHF,LATAM,CP0300,FUTURE,TDR0001,BOOK_D,2025-03-13
TXN0002831359,APP010,2026-03-26,active,700090.86,EUR,APAC,CP0252,SWAP,TDR0114,BOOK_C,2025-01-02
TXN0007032349,APP011,2025-05-04,reversed,749197.68,AUD,LATAM,CP0086,SWAP,TDR0066,BOOK_A,2025-11-21
TXN0009053545,APP001,2025-11-08,failed,452940.22,USD,EMEA,CP0320,FUTURE,TDR0099,BOOK_B,2025-12-30
TXN0001752090,APP009,2026-03-30,pending,978570.6,AUD,LATAM,CP0112,SWAP,TDR0039,BOOK_D,2025-11-21
TXN0007918202,APP004,2025-05-14,active,994489.43,JPY,AMER,CP0249,EQUITY,TDR0037,BOOK_B,2025-12-04
TXN0009830115,APP007,2026-03-13,pending,470652.73,EUR,APAC,CP0189,SWAP,TDR0124,BOOK_B,2025-08-04
TXN0003527091,APP020,2026-03-22,settled,29911.61,CHF,LATAM,CP0208,FX,TDR0055,BOOK_C,2026-03-22
TXN0003776549,APP019,2025-10-06,failed,259986.99,GBP,LATAM,CP0100,OPTION,TDR0175,BOOK_B,2025-05-09
TXN0000261846,APP017,2025-09-09,settled,376060.87,CHF,EMEA,CP0096,BOND,TDR0144,BOOK_D,2025-03-20
TXN0001938995,APP002,2025-07-12,active,811111.7,AUD,AMER,CP0078,FX,TDR0033,BOOK_B,2025-08-08
TXN0000677931,APP007,2025-01-09,pending,25501.0,USD,LATAM,CP0028,BOND,TDR0016,BOOK_C,2025-10-04
TXN0001167978,APP019,2025-05-23,failed,802605.07,USD,EMEA,CP0482,FUTURE,TDR0026,BOOK_C,2025-03-24
TXN0005505185,APP004,2025-05-09,failed,126825.27,CHF,AMER,CP0077,BOND,TDR0138,BOOK_C,2025-10-09
TXN0009609954,APP015,2025-04-01,pending,757640.26,USD,APAC,CP0427,BOND,TDR0075,BOOK_B,2025-06-01
TXN0001320479,APP017,2026-03-29,pending,772398.17,EUR,AMER,CP0265,FUTURE,TDR0112,BOOK_C,2026-02-07
TXN0000365989,APP008,2026-02-08,reversed,426034.26,EUR,APAC,CP0046,OPTION,TDR0095,BOOK_C,2025-04-01
TXN0000213430,APP012,2026-02-01,pending,318448.34,JPY,APAC,CP0433,EQUITY,TDR0004,BOOK_B,2025-10-28
TXN0007156983,APP019,2025-12-02,active,603185.09,GBP,AMER,CP0140,EQUITY,TDR0117,BOOK_A,2025-11-11
TXN0009427857,APP013,2025-11-03,pending,472870.87,JPY,LATAM,CP0364,BOND,TDR0124,BOOK_C,2026-01-19
TXN0002339378,APP015,2025-07-30,settled,494934.14,USD,EMEA,CP0063,EQUITY,TDR0054,BOOK_C,2025-11-21
TXN0005339460,APP010,2025-12-14,pending,572393.83,GBP,APAC,CP0406,EQUITY,TDR0050,BOOK_D,2025-08-21
TXN0008455287,APP014,2025-04-21,reversed,362820.17,EUR,LATAM,CP0023,FX,TDR0020,BOOK_C,2025-10-24
TXN0002199861,APP009,2025-09-29,failed,61406.78,CHF,AMER,CP0299,EQUITY,TDR0167,BOOK_B,2026-03-31
TXN0005248978,APP012,2026-02-09,failed,738874.34,GBP,APAC,CP0440,SWAP,TDR0016,BOOK_A,2025-07-04
TXN0008170517,APP019,2026-02-25,failed,600484.79,EUR,LATAM,CP0048,SWAP,TDR0077,BOOK_B,2026-02-07
TXN0007359564,APP006,2025-01-07,active,189546.87,AUD,APAC,CP0347,SWAP,TDR0144,BOOK_D,2025-01-12
TXN0000740400,APP012,2025-11-10,settled,733169.18,GBP,AMER,CP0121,SWAP,TDR0129,BOOK_C,2026-01-04
TXN0008497003,APP009,2025-12-30,pending,53954.92,AUD,LATAM,CP0346,FUTURE,TDR0108,BOOK_D,2025-04-03
TXN0008198228,APP019,2025-08-09,settled,593798.86,AUD,LATAM,CP0376,EQUITY,TDR0140,BOOK_C,2026-02-18
TXN0003533976,APP012,2025-09-23,failed,926043.34,GBP,AMER,CP0440,SWAP,TDR0165,BOOK_A,2025-07-14
TXN0003701766,APP001,2025-10-30,failed,587530.93,AUD,APAC,CP0262,FUTURE,TDR0137,BOOK_C,2025-05-09
TXN0008602803,APP011,2025-01-08,active,812089.72,USD,LATAM,CP0087,OPTION,TDR0071,BOOK_A,2025-03-25
TXN0000506982,APP013,2025-10-06,pending,574000.43,CHF,APAC,CP0389,EQUITY,TDR0066,BOOK_D,2025-09-11
TXN0008214969,APP005,2026-01-02,settled,865032.44,AUD,LATAM,CP0282,FX,TDR0173,BOOK_B,2025-10-21
TXN0007852304,APP014,2025-11-25,failed,770590.94,USD,APAC,CP0038,FUTURE,TDR0093,BOOK_D,2025-12-15
TXN0002731378,APP016,2025-12-02,pending,418174.38,AUD,EMEA,CP0492,FX,TDR0164,BOOK_C,2025-10-06
TXN0001377656,APP003,2025-10-08,failed,119173.09,CHF,AMER,CP0343,OPTION,TDR0038,BOOK_C,2026-01-20
TXN0001988537,APP012,2025-07-12,active,411872.86,JPY,LATAM,CP0278,EQUITY,TDR0160,BOOK_B,2025-11-04
TXN0009194933,APP020,2025-01-08,active,111803.94,EUR,LATAM,CP0415,OPTION,TDR0126,BOOK_C,2026-04-08
TXN0006003469,APP002,2025-03-05,failed,19017.18,JPY,LATAM,CP0075,FX,TDR0095,BOOK_C,2025-11-28
TXN0001135729,APP003,2026-03-25,reversed,960700.67,EUR,EMEA,CP0222,BOND,TDR0040,BOOK_D,2026-04-01
TXN0009210939,APP011,2025-05-27,active,967648.49,CHF,AMER,CP0097,BOND,TDR0147,BOOK_A,2026-02-26
TXN0000768524,APP001,2025-05-09,pending,407111.18,CHF,LATAM,CP0355,EQUITY,TDR0066,BOOK_A,2025-04-22
TXN0005503242,APP016,2025-04-16,failed,343813.21,CHF,LATAM,CP0381,FX,TDR0051,BOOK_D,2025-10-26
TXN0008569352,APP004,2025-04-15,settled,130443.24,JPY,LATAM,CP0081,SWAP,TDR0130,BOOK_D,2025-03-08
TXN0002254634,APP019,2025-05-12,pending,49945.62,USD,EMEA,CP0030,OPTION,TDR0196,BOOK_A,2025-01-04
TXN0006729368,APP007,2025-05-14,active,922006.26,JPY,APAC,CP0251,SWAP,TDR0008,BOOK_D,2025-12-18
TXN0008100870,APP004,2025-02-13,settled,316631.41,GBP,AMER,CP0088,FX,TDR0109,BOOK_A,2025-11-21
TXN0009750258,APP020,2025-04-04,active,555197.55,USD,APAC,CP0339,SWAP,TDR0048,BOOK_A,2025-06-27
TXN0005775104,APP003,2025-05-18,settled,658246.66,JPY,AMER,CP0056,SWAP,TDR0187,BOOK_B,2025-06-17
TXN0006505632,APP019,2025-08-04,settled,777563.9,AUD,LATAM,CP0168,BOND,TDR0069,BOOK_D,2025-04-28
TXN0008556301,APP013,2025-07-10,settled,13965.79,JPY,APAC,CP0272,BOND,TDR0075,BOOK_D,2025-11-12
TXN0009574591,APP005,2025-07-03,failed,7543.44,EUR,AMER,CP0391,SWAP,TDR0196,BOOK_A,2026-03-29
TXN0009052953,APP011,2026-01-13,pending,208923.99,USD,LATAM,CP0141,BOND,TDR0186,BOOK_D,2025-05-22
TXN0003092687,APP008,2026-02-10,failed,198414.1,EUR,LATAM,CP0023,SWAP,TDR0062,BOOK_D,2025-03-26
TXN0007050576,APP007,2025-08-26,failed,75044.3,EUR,LATAM,CP0442,FX,TDR0147,BOOK_C,2025-04-12
TXN0005164498,APP005,2025-03-04,active,737604.78,GBP,EMEA,CP0377,SWAP,TDR0135,BOOK_D,2025-11-03
TXN0007832976,APP009,2025-06-22,pending,63618.7,CHF,AMER,CP0361,OPTION,TDR0009,BOOK_A,2025-09-29
TXN0003919363,APP009,2025-03-07,settled,52132.45,JPY,APAC,CP0223,OPTION,TDR0198,BOOK_C,2026-02-06
TXN0006106893,APP015,2025-03-26,reversed,76031.27,JPY,EMEA,CP0330,FUTURE,TDR0041,BOOK_B,2025-11-18
TXN0003942883,APP014,2025-02-13,failed,798897.1,USD,AMER,CP0263,SWAP,TDR0038,BOOK_C,2025-04-06
TXN0006816096,APP010,2026-01-21,pending,134992.7,AUD,EMEA,CP0429,SWAP,TDR0037,BOOK_D,2026-03-20
TXN0008460839,APP013,2025-08-14,failed,819139.22,GBP,LATAM,CP0007,FUTURE,TDR0012,BOOK_A,2025-03-18
TXN0004332853,APP018,2025-10-23,settled,208806.3,GBP,AMER,CP0101,OPTION,TDR0034,BOOK_C,2025-09-17
TXN0008213475,APP016,2025-09-17,settled,77588.04,JPY,APAC,CP0152,FX,TDR0089,BOOK_A,2025-05-30
TXN0005245228,APP001,2025-06-14,active,227578.83,EUR,EMEA,CP0438,FUTURE,TDR0085,BOOK_C,2025-05-08
TXN0001961480,APP005,2025-09-05,reversed,844394.91,GBP,LATAM,CP0095,EQUITY,TDR0072,BOOK_D,2025-09-10
TXN0004344108,APP004,2025-03-25,pending,370012.47,EUR,AMER,CP0014,EQUITY,TDR0081,BOOK_D,2025-11-20
TXN0008030788,APP007,2025-08-29,pending,95651.33,JPY,APAC,CP0500,SWAP,TDR0014,BOOK_A,2025-07-31
TXN0000500271,APP004,2026-02-18,pending,976734.41,AUD,AMER,CP0476,EQUITY,TDR0033,BOOK_B,2025-10-22
TXN0000620542,APP017,2025-08-06,active,627286.33,AUD,APAC,CP0102,FX,TDR0070,BOOK_D,2025-11-17
TXN0002644544,APP007,2025-02-12,reversed,268172.89,GBP,AMER,CP0218,OPTION,TDR0092,BOOK_D,2025-05-08
TXN0005861236,APP011,2025-06-02,settled,747051.0,JPY,AMER,CP0073,OPTION,TDR0022,BOOK_B,2026-03-12
TXN0007765648,APP001,2025-11-06,failed,263549.03,JPY,LATAM,CP0245,BOND,TDR0066,BOOK_A,2025-10-22
TXN0006905660,APP010,2025-10-27,failed,336542.44,USD,LATAM,CP0285,BOND,TDR0054,BOOK_C,2025-02-18
TXN0008148864,APP015,2025-09-29,pending,714354.49,JPY,EMEA,CP0329,FUTURE,TDR0028,BOOK_D,2025-12-06
TXN0000739007,APP005,2025-03-18,settled,287295.01,AUD,APAC,CP0492,EQUITY,TDR0182,BOOK_D,2025-02-08
TXN0003559261,APP009,2025-04-16,reversed,340335.49,JPY,AMER,CP0372,SWAP,TDR0108,BOOK_C,2025-06-09
TXN0001273651,APP004,2025-07-04,active,610564.52,USD,AMER,CP0490,BOND,TDR0006,BOOK_B,2025-03-17
TXN0009405297,APP009,2025-01-01,failed,798941.72,AUD,APAC,CP0428,BOND,TDR0043,BOOK_D,2026-03-05
TXN0001899354,APP002,2026-03-06,reversed,316804.32,EUR,LATAM,CP0110,BOND,TDR0037,BOOK_C,2025-05-24
TXN0002897236,APP018,2026-01-29,failed,550626.06,EUR,AMER,CP0126,BOND,TDR0184,BOOK_A,2026-01-12
TXN0008952388,APP015,2025-08-06,active,483090.08,USD,AMER,CP0053,BOND,TDR0011,BOOK_D,2025-01-12
TXN0003289663,APP007,2025-06-24,active,158198.84,EUR,APAC,CP0455,OPTION,TDR0148,BOOK_B,2026-01-25
TXN0002358862,APP013,2025-04-20,reversed,54421.43,USD,LATAM,CP0345,EQUITY,TDR0092,BOOK_B,2025-01-06
TXN0004349870,APP015,2026-03-15,settled,254985.54,CHF,LATAM,CP0138,EQUITY,TDR0012,BOOK_C,2026-03-07
TXN0000702272,APP006,2025-10-23,active,407775.11,USD,LATAM,CP0425,OPTION,TDR0046,BOOK_C,2025-11-22
TXN0006775043,APP006,2026-04-02,reversed,424099.07,AUD,EMEA,CP0054,EQUITY,TDR0094,BOOK_D,2025-10-03
TXN0005511884,APP015,2025-07-09,pending,928784.18,CHF,APAC,CP0285,FX,TDR0048,BOOK_A,2025-10-18
TXN0006629497,APP016,2025-11-01,reversed,608403.41,EUR,AMER,CP0355,BOND,TDR0052,BOOK_C,2026-01-30
TXN0000285346,APP020,2025-11-01,failed,363364.02,AUD,EMEA,CP0368,EQUITY,TDR0070,BOOK_C,2025-12-02
TXN0002238666,APP015,2026-04-08,settled,366733.04,EUR,EMEA,CP0049,FUTURE,TDR0128,BOOK_C,2025-03-04
TXN0001362775,APP005,2025-12-03,active,813015.95,AUD,LATAM,CP0090,OPTION,TDR0158,BOOK_C,2025-08-14
TXN0006006974,APP009,2025-12-22,reversed,993390.2,AUD,APAC,CP0407,FX,TDR0103,BOOK_A,2025-10-08
TXN0004048309,APP003,2025-07-24,settled,822034.81,AUD,APAC,CP0338,FUTURE,TDR0060,BOOK_A,2025-08-13
TXN0001831145,APP014,2025-02-02,settled,213599.52,EUR,AMER,CP0351,FUTURE,TDR0117,BOOK_A,2025-10-01
TXN0003140557,APP016,2025-06-02,active,879358.52,EUR,LATAM,CP0419,EQUITY,TDR0077,BOOK_A,2025-02-10
TXN0003743318,APP017,2026-04-06,failed,410343.08,JPY,EMEA,CP0290,OPTION,TDR0178,BOOK_B,2025-02-01
TXN0001970719,APP004,2025-12-15,settled,23448.83,USD,LATAM,CP0361,SWAP,TDR0016,BOOK_A,2025-08-07
TXN0007927622,APP016,2025-01-28,settled,675585.83,CHF,EMEA,CP0375,FUTURE,TDR0164,BOOK_C,2025-09-10
TXN0006794302,APP018,2025-09-15,active,61801.28,CHF,LATAM,CP0213,OPTION,TDR0141,BOOK_B,2026-01-23
TXN0007150907,APP006,2025-07-04,pending,53876.43,JPY,APAC,CP0413,BOND,TDR0195,BOOK_D,2025-05-04
TXN0000460205,APP013,2026-01-20,pending,605196.0,USD,AMER,CP0387,SWAP,TDR0123,BOOK_D,2026-04-04
TXN0002853086,APP006,2025-12-31,settled,369695.83,EUR,LATAM,CP0431,EQUITY,TDR0117,BOOK_A,2026-03-04
TXN0009302234,APP002,2025-07-08,failed,362332.75,JPY,AMER,CP0254,FX,TDR0121,BOOK_B,2025-10-12
TXN0008079321,APP001,2025-12-13,reversed,76129.1,CHF,APAC,CP0351,EQUITY,TDR0083,BOOK_D,2025-06-13
TXN0005814080,APP009,2025-07-26,reversed,614705.82,CHF,AMER,CP0381,SWAP,TDR0029,BOOK_C,2025-08-03
TXN0000880218,APP016,2025-05-05,settled,246597.34,CHF,AMER,CP0271,OPTION,TDR0090,BOOK_A,2025-01-29
TXN0009317013,APP016,2025-08-22,settled,534949.84,EUR,LATAM,CP0237,EQUITY,TDR0030,BOOK_C,2026-03-20
TXN0001535750,APP020,2025-01-16,active,137914.62,JPY,EMEA,CP0051,FX,TDR0051,BOOK_D,2026-03-16
TXN0000124506,APP010,2025-05-13,pending,376500.47,USD,AMER,CP0302,EQUITY,TDR0125,BOOK_C,2025-03-17
TXN0006926109,APP008,2025-03-22,failed,20849.73,JPY,AMER,CP0050,SWAP,TDR0074,BOOK_B,2025-09-17
TXN0008510099,APP008,2026-02-14,reversed,546465.61,JPY,LATAM,CP0077,FUTURE,TDR0109,BOOK_A,2026-04-05
TXN0002347125,APP002,2025-11-02,reversed,580837.09,GBP,EMEA,CP0255,OPTION,TDR0167,BOOK_A,2025-02-20
TXN0007508949,APP006,2025-08-31,pending,889944.01,GBP,APAC,CP0040,EQUITY,TDR0174,BOOK_A,2025-04-10
TXN0008156205,APP019,2026-01-02,active,59989.29,CHF,APAC,CP0400,BOND,TDR0010,BOOK_B,2025-09-18
TXN0005760765,APP018,2025-11-01,settled,135475.35,EUR,EMEA,CP0236,OPTION,TDR0156,BOOK_C,2025-04-15
TXN0006012536,APP019,2025-05-25,failed,846054.94,AUD,EMEA,CP0076,FX,TDR0062,BOOK_C,2025-10-12
TXN0002037570,APP013,2025-03-17,pending,521074.42,CHF,AMER,CP0221,SWAP,TDR0104,BOOK_D,2025-07-06
TXN0001401099,APP010,2025-07-09,reversed,808576.03,GBP,AMER,CP0303,FX,TDR0041,BOOK_C,2025-03-02
TXN0006875972,APP003,2025-05-04,active,315865.2,AUD,APAC,CP0446,EQUITY,TDR0162,BOOK_D,2025-07-06
TXN0007577942,APP019,2025-01-08,pending,66225.63,AUD,AMER,CP0051,SWAP,TDR0143,BOOK_C,2025-08-20
TXN0003718316,APP020,2025-03-09,failed,54267.08,USD,EMEA,CP0016,FX,TDR0065,BOOK_D,2025-06-19
TXN0008593546,APP016,2025-07-31,failed,244263.1,GBP,EMEA,CP0475,FUTURE,TDR0027,BOOK_C,2025-07-23
TXN0006938720,APP019,2025-06-23,pending,732794.15,JPY,APAC,CP0221,FX,TDR0151,BOOK_B,2025-01-30
TXN0001489761,APP012,2026-02-09,settled,654739.4,EUR,LATAM,CP0341,FUTURE,TDR0176,BOOK_C,2026-01-11
TXN0003141438,APP006,2025-04-19,pending,628592.65,CHF,EMEA,CP0120,EQUITY,TDR0146,BOOK_D,2025-03-05
TXN0008750924,APP003,2025-05-26,settled,269591.66,CHF,APAC,CP0188,FUTURE,TDR0002,BOOK_C,2025-08-05
TXN0003809895,APP020,2025-06-16,failed,33031.97,JPY,EMEA,CP0435,FUTURE,TDR0031,BOOK_B,2025-11-02
TXN0009585403,APP008,2026-04-11,failed,759525.01,EUR,LATAM,CP0453,FUTURE,TDR0090,BOOK_B,2025-08-05
TXN0004356158,APP020,2025-12-31,settled,953054.02,USD,EMEA,CP0189,FX,TDR0123,BOOK_B,2025-01-09
TXN0001228299,APP012,2025-11-30,pending,928121.51,AUD,AMER,CP0093,SWAP,TDR0056,BOOK_A,2025-10-03
TXN0008235918,APP001,2025-03-20,failed,849598.22,JPY,EMEA,CP0395,OPTION,TDR0027,BOOK_B,2025-10-26
TXN0000216272,APP013,2025-04-30,pending,86971.12,JPY,EMEA,CP0374,EQUITY,TDR0002,BOOK_B,2025-09-14
TXN0000041642,APP012,2025-08-21,pending,547548.38,CHF,LATAM,CP0186,EQUITY,TDR0186,BOOK_D,2025-08-20
TXN0003045679,APP013,2025-02-07,settled,11172.46,USD,AMER,CP0137,FX,TDR0200,BOOK_A,2025-04-18
TXN0003102614,APP011,2025-06-04,settled,180495.19,GBP,LATAM,CP0073,EQUITY,TDR0102,BOOK_C,2026-03-01
TXN0006459313,APP015,2025-06-21,reversed,859079.86,CHF,EMEA,CP0237,FX,TDR0003,BOOK_A,2025-02-13
TXN0007662593,APP019,2025-08-25,active,680514.49,AUD,LATAM,CP0229,BOND,TDR0148,BOOK_A,2025-03-22
TXN0002710260,APP020,2025-05-02,failed,533005.46,EUR,EMEA,CP0423,FX,TDR0005,BOOK_B,2025-06-26
TXN0003253805,APP002,2025-12-25,pending,853271.22,JPY,APAC,CP0092,EQUITY,TDR0041,BOOK_C,2025-08-11
TXN0005542260,APP020,2025-09-03,pending,318157.48,JPY,EMEA,CP0054,FX,TDR0021,BOOK_A,2025-06-15
TXN0008325214,APP007,2025-01-11,pending,16485.4,USD,LATAM,CP0469,FUTURE,TDR0069,BOOK_C,2025-03-16
TXN0001527404,APP009,2025-02-22,reversed,8817.5,USD,AMER,CP0115,FUTURE,TDR0112,BOOK_A,2025-08-21
TXN0009406249,APP008,2025-04-23,active,114047.55,GBP,AMER,CP0445,OPTION,TDR0131,BOOK_D,2025-05-07
TXN0001691558,APP019,2025-03-04,pending,847559.31,GBP,LATAM,CP0244,FX,TDR0074,BOOK_C,2025-07-05
TXN0008662077,APP012,2026-01-18,failed,187466.19,CHF,AMER,CP0290,SWAP,TDR0065,BOOK_D,2025-10-08
TXN0000516198,APP020,2025-02-04,failed,594573.53,EUR,APAC,CP0344,SWAP,TDR0123,BOOK_B,2026-03-03
TXN0006531564,APP016,2025-01-16,settled,158753.27,EUR,LATAM,CP0189,EQUITY,TDR0149,BOOK_D,2026-03-14
TXN0009035790,APP003,2026-03-15,settled,682655.26,AUD,EMEA,CP0107,OPTION,TDR0054,BOOK_D,2025-12-12
TXN0000151568,APP018,2025-07-31,reversed,402363.44,AUD,LATAM,CP0323,SWAP,TDR0085,BOOK_B,2025-11-01
TXN0005679821,APP008,2025-03-12,active,700359.18,AUD,AMER,CP0181,BOND,TDR0106,BOOK_D,2025-02-10
TXN0008940873,APP004,2025-05-08,active,626525.71,AUD,EMEA,CP0196,OPTION,TDR0174,BOOK_A,2025-11-26
TXN0005938468,APP019,2025-07-15,failed,299282.79,USD,EMEA,CP0396,EQUITY,TDR0197,BOOK_D,2025-09-17
TXN0005032067,APP004,2026-03-07,pending,230411.58,USD,AMER,CP0382,FX,TDR0024,BOOK_B,2025-04-03
TXN0009666159,APP007,2025-03-21,pending,109894.98,CHF,APAC,CP0232,FUTURE,TDR0039,BOOK_B,2025-01-13
TXN0000486996,APP002,2026-03-14,pending,76901.81,CHF,APAC,CP0181,SWAP,TDR0021,BOOK_D,2026-03-01
TXN0003829344,APP011,2026-01-21,active,559993.28,JPY,AMER,CP0194,BOND,TDR0136,BOOK_B,2025-06-07
TXN0008588577,APP009,2025-09-27,settled,532222.79,JPY,EMEA,CP0055,BOND,TDR0078,BOOK_A,2025-05-05
TXN0009938373,APP001,2025-07-13,failed,525973.88,JPY,AMER,CP0194,BOND,TDR0163,BOOK_D,2025-04-12
TXN0000324214,APP020,2025-04-17,active,107433.47,EUR,EMEA,CP0040,BOND,TDR0086,BOOK_C,2025-11-06
TXN0008480411,APP010,2025-01-23,pending,69714.48,USD,EMEA,CP0421,BOND,TDR0039,BOOK_A,2026-01-30
TXN0002520284,APP003,2026-01-23,reversed,84663.85,JPY,LATAM,CP0399,EQUITY,TDR0055,BOOK_D,2025-07-13
TXN0005943190,APP013,2025-06-23,pending,192868.32,USD,APAC,CP0348,SWAP,TDR0089,BOOK_C,2025-05-22
TXN0009746362,APP005,2025-08-09,settled,886096.06,AUD,AMER,CP0430,SWAP,TDR0114,BOOK_B,2025-06-20
TXN0001571645,APP013,2025-09-14,settled,580563.37,AUD,LATAM,CP0263,SWAP,TDR0196,BOOK_C,2025-07-02
TXN0002007656,APP005,2025-02-18,pending,538160.6,AUD,AMER,CP0109,FX,TDR0061,BOOK_D,2025-10-27
TXN0002991710,APP007,2026-01-24,reversed,474847.66,JPY,AMER,CP0142,EQUITY,TDR0103,BOOK_B,2025-07-02
TXN0004503326,APP013,2026-01-07,failed,911635.5,CHF,APAC,CP0113,EQUITY,TDR0013,BOOK_A,2025-04-16
TXN0005062806,APP003,2026-02-04,settled,457072.49,USD,LATAM,CP0054,EQUITY,TDR0022,BOOK_C,2025-08-22
TXN0007243385,APP008,2026-02-24,settled,313243.18,JPY,EMEA,CP0383,SWAP,TDR0001,BOOK_A,2025-01-25
TXN0002448709,APP010,2025-08-30,failed,40311.27,AUD,EMEA,CP0221,FUTURE,TDR0012,BOOK_A,2025-06-07
TXN0000651524,APP017,2025-02-18,reversed,93902.12,GBP,LATAM,CP0407,FUTURE,TDR0028,BOOK_D,2025-08-30
TXN0007340513,APP011,2025-03-30,pending,870973.45,JPY,EMEA,CP0468,FUTURE,TDR0038,BOOK_D,2025-11-17
TXN0004233751,APP016,2025-06-09,settled,889949.13,GBP,APAC,CP0046,OPTION,TDR0018,BOOK_B,2025-04-30
TXN0009517624,APP001,2026-03-22,failed,300407.22,CHF,LATAM,CP0221,FUTURE,TDR0056,BOOK_D,2025-11-08
TXN0000255269,APP009,2025-10-19,failed,263117.56,GBP,APAC,CP0015,FX,TDR0021,BOOK_C,2025-02-24
TXN0001117939,APP009,2025-03-20,failed,248380.37,EUR,AMER,CP0197,FUTURE,TDR0178,BOOK_C,2025-03-26
TXN0005572997,APP010,2025-07-14,reversed,263699.52,JPY,APAC,CP0364,SWAP,TDR0140,BOOK_A,2025-12-24
TXN0006391744,APP011,2026-03-30,pending,388569.02,JPY,LATAM,CP0124,EQUITY,TDR0164,BOOK_D,2026-02-05
TXN0002183066,APP018,2025-11-15,active,904104.04,USD,AMER,CP0447,SWAP,TDR0198,BOOK_B,2025-02-23
TXN0009375511,APP019,2025-08-01,active,773931.28,JPY,AMER,CP0442,FX,TDR0191,BOOK_B,2026-01-14
TXN0006877980,APP012,2025-05-25,pending,240638.74,EUR,EMEA,CP0129,FUTURE,TDR0022,BOOK_A,2025-02-07
TXN0000106700,APP016,2025-06-18,reversed,565366.98,EUR,EMEA,CP0377,FUTURE,TDR0132,BOOK_B,2025-02-06
TXN0001786066,APP008,2025-10-30,settled,859846.72,CHF,AMER,CP0157,OPTION,TDR0196,BOOK_C,2025-03-04
TXN0003312485,APP013,2025-04-11,settled,287766.71,AUD,LATAM,CP0341,SWAP,TDR0029,BOOK_B,2025-10-25
TXN0009292365,APP004,2025-02-05,settled,791767.11,AUD,EMEA,CP0398,FUTURE,TDR0169,BOOK_C,2025-01-22
TXN0005573180,APP016,2025-08-05,reversed,413241.55,USD,AMER,CP0033,FX,TDR0128,BOOK_B,2025-07-03
TXN0007263607,APP012,2025-10-10,settled,746246.01,CHF,EMEA,CP0313,OPTION,TDR0030,BOOK_B,2025-11-13
TXN0008347139,APP020,2026-02-25,failed,668894.88,EUR,EMEA,CP0300,EQUITY,TDR0148,BOOK_C,2026-02-04
TXN0004618555,APP004,2026-01-27,active,745505.97,GBP,APAC,CP0425,FX,TDR0075,BOOK_C,2025-04-22
TXN0003454002,APP015,2026-03-27,pending,966912.59,GBP,LATAM,CP0033,BOND,TDR0058,BOOK_B,2025-05-23
TXN0006385658,APP015,2025-10-17,failed,342321.04,GBP,AMER,CP0374,EQUITY,TDR0017,BOOK_B,2025-05-27
TXN0008904908,APP014,2025-03-30,reversed,900605.09,CHF,EMEA,CP0206,EQUITY,TDR0049,BOOK_C,2025-06-28
TXN0008543816,APP006,2026-02-04,settled,491162.54,GBP,LATAM,CP0243,EQUITY,TDR0188,BOOK_C,2026-01-07
TXN0003239708,APP011,2025-09-03,failed,424189.67,EUR,APAC,CP0113,OPTION,TDR0084,BOOK_C,2026-03-28
TXN0005842875,APP018,2025-06-10,reversed,551536.91,CHF,APAC,CP0372,OPTION,TDR0122,BOOK_B,2025-11-21
TXN0005723312,APP010,2026-03-09,pending,919706.27,GBP,EMEA,CP0121,SWAP,TDR0006,BOOK_A,2026-01-11
TXN0005313107,APP010,2026-01-12,active,480988.74,JPY,LATAM,CP0139,FX,TDR0044,BOOK_C,2025-05-16
TXN0004146314,APP010,2025-08-29,settled,955442.19,AUD,AMER,CP0363,BOND,TDR0143,BOOK_B,2025-03-29
TXN0008147179,APP001,2025-08-06,active,538834.26,JPY,AMER,CP0158,SWAP,TDR0108,BOOK_B,2025-04-08
TXN0008210693,APP020,2025-12-20,failed,156403.71,USD,EMEA,CP0268,FX,TDR0034,BOOK_A,2025-11-27
TXN0002312378,APP008,2026-04-09,active,704761.13,USD,LATAM,CP0056,BOND,TDR0149,BOOK_B,2025-09-24
TXN0009074878,APP013,2025-04-18,reversed,535183.18,EUR,APAC,CP0343,FX,TDR0117,BOOK_A,2025-03-06
TXN0004055480,APP016,2025-04-15,reversed,295072.67,AUD,EMEA,CP0217,FX,TDR0005,BOOK_C,2025-07-23
TXN0006932019,APP002,2025-09-13,failed,150616.18,CHF,EMEA,CP0070,FUTURE,TDR0029,BOOK_C,2025-04-22
TXN0001016542,APP009,2026-02-11,reversed,468584.12,USD,LATAM,CP0004,OPTION,TDR0090,BOOK_D,2025-08-22
TXN0009287769,APP007,2025-02-08,pending,110249.88,AUD,EMEA,CP0411,FUTURE,TDR0153,BOOK_D,2025-04-26
TXN0007938690,APP012,2025-05-31,pending,398273.53,CHF,APAC,CP0026,OPTION,TDR0127,BOOK_D,2025-11-02
TXN0001818210,APP013,2025-06-01,reversed,251282.26,GBP,EMEA,CP0488,OPTION,TDR0191,BOOK_B,2025-10-03
TXN0002490145,APP020,2025-10-02,pending,37915.39,CHF,APAC,CP0159,EQUITY,TDR0131,BOOK_C,2025-12-09
TXN0004496669,APP006,2025-09-11,reversed,801771.07,AUD,AMER,CP0473,SWAP,TDR0127,BOOK_B,2025-10-09
TXN0008861721,APP010,2025-03-14,reversed,215084.26,CHF,AMER,CP0085,FUTURE,TDR0070,BOOK_C,2025-03-21
TXN0006401087,APP010,2025-08-23,active,301947.54,JPY,AMER,CP0189,FX,TDR0132,BOOK_C,2026-01-03
TXN0002181846,APP019,2025-04-16,active,360739.39,CHF,APAC,CP0425,OPTION,TDR0198,BOOK_A,2026-03-18
TXN0007392107,APP001,2025-08-21,failed,800602.47,JPY,APAC,CP0052,SWAP,TDR0163,BOOK_C,2025-01-01
TXN0004933300,APP019,2026-01-06,active,766560.3,GBP,AMER,CP0475,FX,TDR0037,BOOK_C,2026-01-07
TXN0005781202,APP013,2025-10-11,settled,462332.63,JPY,AMER,CP0384,BOND,TDR0034,BOOK_C,2025-07-31
TXN0007342647,APP014,2026-03-02,failed,349652.88,JPY,AMER,CP0185,EQUITY,TDR0149,BOOK_B,2025-04-01
TXN0006568077,APP018,2025-07-10,active,175193.6,USD,AMER,CP0109,EQUITY,TDR0189,BOOK_B,2026-04-09
TXN0000194980,APP017,2026-02-08,settled,198582.51,USD,EMEA,CP0072,FX,TDR0058,BOOK_A,2025-06-07
TXN0003978820,APP002,2025-03-02,failed,574903.91,CHF,EMEA,CP0230,OPTION,TDR0196,BOOK_C,2025-04-19
TXN0008816487,APP014,2025-08-09,reversed,551856.19,JPY,EMEA,CP0312,BOND,TDR0150,BOOK_D,2025-01-01
TXN0006740407,APP019,2025-12-18,settled,594618.28,USD,EMEA,CP0429,FUTURE,TDR0011,BOOK_D,2025-12-20
TXN0004105571,APP016,2025-08-09,active,287737.81,AUD,AMER,CP0073,FUTURE,TDR0118,BOOK_B,2025-06-25
TXN0003493704,APP020,2025-04-09,settled,608985.69,USD,EMEA,CP0043,FUTURE,TDR0075,BOOK_A,2025-09-17
TXN0004551443,APP007,2025-05-15,active,550500.4,GBP,APAC,CP0055,SWAP,TDR0097,BOOK_C,2026-01-25
TXN0004902839,APP017,2025-10-31,failed,794459.91,CHF,LATAM,CP0002,FUTURE,TDR0050,BOOK_C,2025-05-31
TXN0003218474,APP005,2025-07-11,failed,276371.81,GBP,APAC,CP0432,SWAP,TDR0196,BOOK_D,2025-10-15
TXN0000024782,APP006,2025-01-06,settled,412781.64,CHF,APAC,CP0354,FUTURE,TDR0105,BOOK_D,2026-01-26
TXN0006954913,APP010,2025-11-08,reversed,680782.47,USD,APAC,CP0146,FUTURE,TDR0109,BOOK_C,2026-03-02
TXN0008273644,APP017,2025-01-21,reversed,602961.64,GBP,LATAM,CP0117,EQUITY,TDR0147,BOOK_A,2025-02-08
TXN0001059541,APP006,2025-04-04,active,718346.37,USD,EMEA,CP0270,FX,TDR0132,BOOK_D,2026-04-12
TXN0005228455,APP001,2025-09-12,active,570360.03,AUD,APAC,CP0105,OPTION,TDR0118,BOOK_B,2026-03-06
TXN0009366749,APP002,2026-02-16,reversed,120697.55,EUR,AMER,CP0320,OPTION,TDR0162,BOOK_A,2025-07-03
TXN0004726544,APP008,2025-11-30,settled,239448.79,EUR,LATAM,CP0225,FX,TDR0200,BOOK_A,2026-01-29
TXN0005336065,APP006,2025-02-03,settled,391966.39,AUD,APAC,CP0325,OPTION,TDR0009,BOOK_C,2026-02-03
TXN0002798040,APP009,2026-02-22,settled,870917.04,CHF,AMER,CP0159,FUTURE,TDR0074,BOOK_C,2026-02-02
TXN0001704893,APP011,2025-11-10,failed,10389.79,AUD,APAC,CP0382,FX,TDR0042,BOOK_D,2026-01-04
TXN0001958586,APP012,2026-03-22,active,444137.12,JPY,LATAM,CP0318,FUTURE,TDR0101,BOOK_D,2025-05-29
TXN0007223266,APP014,2025-03-30,failed,824010.99,CHF,EMEA,CP0383,EQUITY,TDR0145,BOOK_A,2025-02-05
TXN0005553343,APP020,2025-08-07,reversed,30491.16,AUD,APAC,CP0115,OPTION,TDR0160,BOOK_A,2025-10-28
TXN0007165797,APP011,2025-11-28,reversed,952612.05,GBP,APAC,CP0163,FUTURE,TDR0135,BOOK_B,2025-12-10
TXN0002337489,APP006,2025-03-24,reversed,23936.29,GBP,EMEA,CP0404,EQUITY,TDR0195,BOOK_B,2025-08-26
TXN0000821129,APP018,2025-03-27,reversed,904357.74,GBP,AMER,CP0286,BOND,TDR0181,BOOK_A,2025-05-04
TXN0008260452,APP018,2025-11-16,active,371478.68,EUR,AMER,CP0155,OPTION,TDR0197,BOOK_A,2025-03-21
TXN0003508145,APP002,2025-10-24,settled,903017.3,EUR,EMEA,CP0224,SWAP,TDR0049,BOOK_B,2025-08-01
TXN0000655757,APP006,2026-01-22,failed,396460.15,GBP,EMEA,CP0222,FUTURE,TDR0084,BOOK_D,2025-10-18
TXN0005102663,APP004,2025-12-19,reversed,158221.86,EUR,LATAM,CP0008,FX,TDR0046,BOOK_A,2025-02-03
TXN0007499528,APP004,2025-07-19,reversed,942338.91,CHF,EMEA,CP0428,SWAP,TDR0150,BOOK_C,2025-02-14
TXN0001207663,APP013,2026-02-07,reversed,701055.81,GBP,EMEA,CP0120,FX,TDR0079,BOOK_D,2025-04-10
TXN0007524769,APP020,2025-04-18,reversed,905563.64,USD,EMEA,CP0250,BOND,TDR0123,BOOK_C,2025-05-17
TXN0009229122,APP008,2025-10-15,active,127348.43,CHF,APAC,CP0149,SWAP,TDR0168,BOOK_D,2025-11-28
TXN0006130869,APP016,2025-06-01,reversed,169923.96,GBP,LATAM,CP0409,FX,TDR0061,BOOK_D,2025-04-25
TXN0004941567,APP019,2025-11-02,settled,890142.2,AUD,AMER,CP0119,FX,TDR0023,BOOK_A,2025-10-13
TXN0005368402,APP003,2025-01-14,active,681020.21,JPY,LATAM,CP0290,OPTION,TDR0187,BOOK_C,2025-03-26
TXN0005190970,APP006,2026-01-13,active,841671.14,GBP,AMER,CP0479,BOND,TDR0177,BOOK_D,2025-12-14
TXN0007192060,APP002,2025-03-12,reversed,46879.97,USD,AMER,CP0196,FUTURE,TDR0037,BOOK_C,2025-12-06
TXN0007444572,APP009,2025-12-13,pending,201457.92,AUD,EMEA,CP0476,OPTION,TDR0020,BOOK_C,2025-10-25
TXN0000699797,APP005,2025-12-24,active,529498.25,USD,EMEA,CP0353,BOND,TDR0081,BOOK_D,2025-10-21
TXN0004944512,APP018,2025-06-10,active,937874.4,JPY,APAC,CP0445,BOND,TDR0126,BOOK_C,2026-04-07
TXN0007428140,APP009,2026-03-02,active,981641.84,CHF,EMEA,CP0468,SWAP,TDR0060,BOOK_A,2025-07-16
TXN0000559858,APP014,2025-10-09,pending,274171.23,GBP,LATAM,CP0220,OPTION,TDR0072,BOOK_B,2026-04-07
TXN0002765740,APP019,2026-04-12,reversed,719714.01,GBP,AMER,CP0277,OPTION,TDR0007,BOOK_D,2025-10-28
TXN0008895569,APP003,2025-02-15,pending,535685.47,GBP,EMEA,CP0420,EQUITY,TDR0088,BOOK_A,2025-09-21
TXN0008614677,APP014,2025-12-17,active,414224.73,JPY,LATAM,CP0261,BOND,TDR0034,BOOK_A,2025-01-01
TXN0002554870,APP011,2025-07-11,failed,759602.57,CHF,LATAM,CP0265,FUTURE,TDR0116,BOOK_A,2025-04-29
TXN0008430037,APP014,2025-07-17,active,463041.73,CHF,LATAM,CP0020,BOND,TDR0013,BOOK_B,2026-03-17
TXN0001626928,APP020,2025-12-03,pending,262011.6,CHF,APAC,CP0293,EQUITY,TDR0048,BOOK_C,2025-04-18
TXN0003964070,APP003,2025-01-06,active,859186.89,AUD,APAC,CP0141,SWAP,TDR0111,BOOK_A,2025-03-31
TXN0001903416,APP012,2025-03-22,failed,273395.3,CHF,EMEA,CP0359,SWAP,TDR0150,BOOK_B,2025-10-15
TXN0007211621,APP001,2025-02-16,settled,794145.52,EUR,LATAM,CP0050,OPTION,TDR0177,BOOK_C,2026-03-10
TXN0005139605,APP008,2026-03-29,pending,791600.91,JPY,APAC,CP0408,FX,TDR0197,BOOK_A,2025-03-31
TXN0006125219,APP009,2026-02-07,failed,173432.32,EUR,APAC,CP0199,OPTION,TDR0160,BOOK_C,2025-08-08
TXN0007538886,APP010,2025-03-13,failed,789550.17,JPY,LATAM,CP0231,OPTION,TDR0049,BOOK_B,2025-11-20
TXN0009405653,APP018,2026-01-17,pending,115883.03,GBP,APAC,CP0317,OPTION,TDR0093,BOOK_C,2026-04-09
TXN0007397165,APP012,2025-02-25,active,13473.7,CHF,LATAM,CP0451,SWAP,TDR0089,BOOK_A,2026-03-05
TXN0008248356,APP014,2026-02-28,reversed,759236.04,EUR,LATAM,CP0078,OPTION,TDR0100,BOOK_D,2025-07-05
TXN0008484122,APP014,2025-08-03,active,265522.23,CHF,EMEA,CP0415,FUTURE,TDR0158,BOOK_D,2025-05-12
TXN0003326697,APP012,2026-03-01,failed,185758.67,JPY,AMER,CP0214,SWAP,TDR0001,BOOK_B,2025-08-30
TXN0005362027,APP019,2025-01-27,pending,915906.99,EUR,AMER,CP0306,FUTURE,TDR0044,BOOK_B,2025-11-06
TXN0005044910,APP017,2025-12-23,active,72547.87,AUD,AMER,CP0069,SWAP,TDR0141,BOOK_B,2026-03-23
TXN0003506912,APP004,2025-12-14,pending,338064.54,AUD,AMER,CP0338,EQUITY,TDR0115,BOOK_C,2025-07-24
TXN0001178552,APP012,2025-01-15,reversed,279188.15,EUR,EMEA,CP0450,BOND,TDR0019,BOOK_B,2025-12-28
TXN0009740387,APP016,2025-05-02,failed,252515.18,EUR,APAC,CP0426,OPTION,TDR0009,BOOK_C,2025-06-28
TXN0009583858,APP018,2026-03-30,settled,523755.69,GBP,EMEA,CP0077,BOND,TDR0189,BOOK_B,2025-05-08
TXN0004094013,APP002,2025-10-29,pending,786002.6,EUR,LATAM,CP0392,OPTION,TDR0194,BOOK_A,2025-03-24
TXN0003453066,APP004,2025-03-12,pending,90434.97,EUR,LATAM,CP0485,FUTURE,TDR0108,BOOK_A,2025-06-02
TXN0006879131,APP010,2025-05-05,settled,859751.02,GBP,APAC,CP0125,EQUITY,TDR0050,BOOK_B,2025-09-28
TXN0009518029,APP012,2025-08-15,reversed,922233.53,AUD,APAC,CP0050,FUTURE,TDR0153,BOOK_D,2026-01-10
TXN0003866717,APP019,2025-09-12,settled,757429.44,CHF,LATAM,CP0480,OPTION,TDR0030,BOOK_C,2025-04-01
TXN0006948323,APP014,2025-01-28,pending,497159.74,EUR,APAC,CP0098,OPTION,TDR0089,BOOK_B,2026-03-18
TXN0005284641,APP014,2025-10-20,reversed,115553.43,USD,EMEA,CP0324,FUTURE,TDR0046,BOOK_D,2026-01-02
TXN0003981156,APP019,2025-01-17,pending,216089.39,AUD,LATAM,CP0070,SWAP,TDR0061,BOOK_B,2026-01-02
TXN0003734693,APP015,2026-02-19,reversed,414033.5,USD,LATAM,CP0028,EQUITY,TDR0149,BOOK_A,2025-03-06
TXN0007974368,APP007,2026-02-23,settled,795118.02,USD,AMER,CP0481,FX,TDR0115,BOOK_B,2026-02-27
TXN0005448492,APP018,2025-06-21,failed,233435.22,EUR,AMER,CP0295,EQUITY,TDR0068,BOOK_C,2025-11-11
TXN0000331008,APP020,2025-11-28,pending,447868.26,EUR,APAC,CP0066,OPTION,TDR0140,BOOK_D,2025-04-10
TXN0005892871,APP017,2025-09-26,reversed,894602.72,USD,LATAM,CP0163,BOND,TDR0098,BOOK_C,2025-09-22
TXN0005814497,APP010,2025-07-07,pending,804519.77,GBP,APAC,CP0263,FX,TDR0097,BOOK_A,2025-07-04
TXN0002980280,APP005,2025-10-31,active,596726.33,CHF,LATAM,CP0066,EQUITY,TDR0095,BOOK_C,2026-01-09
TXN0005633926,APP011,2025-02-22,settled,490740.48,CHF,EMEA,CP0288,BOND,TDR0168,BOOK_A,2025-02-09
TXN0001080256,APP013,2025-01-24,reversed,375342.73,USD,APAC,CP0333,EQUITY,TDR0152,BOOK_C,2025-09-16
TXN0005274885,APP003,2025-08-20,settled,636385.09,CHF,LATAM,CP0026,SWAP,TDR0099,BOOK_A,2025-01-31
TXN0001335082,APP001,2026-02-08,settled,192827.25,USD,APAC,CP0119,OPTION,TDR0141,BOOK_B,2025-12-30
TXN0008262564,APP016,2026-01-14,reversed,639183.42,CHF,APAC,CP0404,SWAP,TDR0072,BOOK_B,2026-01-22
TXN0006374411,APP018,2025-03-31,settled,939494.66,JPY,EMEA,CP0384,OPTION,TDR0133,BOOK_C,2026-03-05
TXN0003785462,APP012,2025-01-30,failed,10084.71,CHF,APAC,CP0303,EQUITY,TDR0045,BOOK_C,2025-08-16
TXN0008023376,APP011,2025-12-15,active,705398.77,JPY,APAC,CP0402,BOND,TDR0164,BOOK_A,2026-02-15
TXN0005400016,APP010,2025-08-24,reversed,583976.91,USD,APAC,CP0015,BOND,TDR0153,BOOK_D,2025-03-11
TXN0008436832,APP015,2025-01-13,settled,54900.96,CHF,APAC,CP0060,BOND,TDR0009,BOOK_B,2026-03-16
TXN0000778194,APP017,2026-02-15,failed,914336.64,JPY,EMEA,CP0465,BOND,TDR0151,BOOK_B,2025-12-31
TXN0009298194,APP020,2026-01-26,pending,412381.86,CHF,LATAM,CP0424,FX,TDR0093,BOOK_B,2025-05-14
TXN0000519596,APP015,2025-07-16,pending,36343.08,GBP,EMEA,CP0452,FUTURE,TDR0187,BOOK_B,2025-01-23
TXN0000546832,APP018,2025-12-26,failed,261679.9,USD,AMER,CP0411,EQUITY,TDR0055,BOOK_D,2026-03-02
TXN0009885512,APP001,2025-12-18,active,10665.07,EUR,EMEA,CP0025,BOND,TDR0125,BOOK_B,2025-03-06
TXN0009580066,APP020,2025-02-16,pending,363752.21,JPY,LATAM,CP0198,FX,TDR0073,BOOK_D,2025-05-17
TXN0003983910,APP018,2026-03-13,active,1412.49,EUR,LATAM,CP0207,EQUITY,TDR0151,BOOK_D,2025-02-13
TXN0008318681,APP012,2025-07-09,reversed,403747.89,JPY,APAC,CP0177,OPTION,TDR0084,BOOK_C,2025-05-08
TXN0003794892,APP004,2025-08-13,active,332609.69,AUD,AMER,CP0060,EQUITY,TDR0171,BOOK_B,2025-02-26
TXN0009758928,APP010,2025-03-15,settled,759545.89,EUR,LATAM,CP0001,SWAP,TDR0049,BOOK_C,2026-03-20
TXN0002800922,APP001,2025-05-22,failed,404476.59,USD,EMEA,CP0038,OPTION,TDR0107,BOOK_C,2025-06-24
TXN0003654967,APP005,2025-07-31,pending,393854.69,CHF,AMER,CP0291,FUTURE,TDR0037,BOOK_B,2026-01-22
TXN0000413994,APP006,2025-03-03,settled,477363.74,EUR,APAC,CP0400,SWAP,TDR0145,BOOK_D,2025-01-12
TXN0005064503,APP001,2025-10-01,active,87273.7,JPY,LATAM,CP0257,SWAP,TDR0095,BOOK_B,2025-12-08
TXN0008233704,APP019,2026-02-03,settled,794944.52,AUD,EMEA,CP0121,EQUITY,TDR0093,BOOK_B,2025-02-13
TXN0005835878,APP004,2025-07-25,active,296050.12,CHF,AMER,CP0110,BOND,TDR0096,BOOK_B,2026-03-07
TXN0009559601,APP020,2025-01-21,reversed,519182.82,JPY,LATAM,CP0483,BOND,TDR0092,BOOK_A,2025-03-31
TXN0007495874,APP012,2025-03-24,reversed,564549.58,AUD,APAC,CP0208,BOND,TDR0106,BOOK_C,2025-01-10
TXN0004119191,APP012,2025-02-08,reversed,296734.54,JPY,EMEA,CP0299,BOND,TDR0067,BOOK_C,2026-03-26
TXN0007487470,APP008,2025-09-15,settled,674847.44,GBP,EMEA,CP0194,FX,TDR0018,BOOK_B,2025-07-17
TXN0001864831,APP005,2026-02-24,active,178657.83,JPY,AMER,CP0240,FUTURE,TDR0183,BOOK_C,2026-02-01
TXN0007111367,APP014,2025-09-26,active,182828.96,JPY,EMEA,CP0342,FUTURE,TDR0051,BOOK_B,2025-11-30
TXN0008890301,APP001,2025-04-02,settled,290702.57,USD,APAC,CP0389,SWAP,TDR0105,BOOK_D,2025-07-19
TXN0007266607,APP014,2026-02-16,reversed,439508.0,JPY,AMER,CP0461,FUTURE,TDR0194,BOOK_A,2025-07-22
TXN0009286626,APP016,2025-08-17,failed,101689.98,EUR,EMEA,CP0040,FUTURE,TDR0133,BOOK_B,2025-07-21
TXN0001813527,APP008,2025-08-14,failed,805631.41,EUR,AMER,CP0369,BOND,TDR0164,BOOK_B,2025-11-26
TXN0002566281,APP019,2025-03-29,settled,722018.66,GBP,APAC,CP0019,SWAP,TDR0115,BOOK_B,2025-09-22
TXN0008706213,APP009,2025-05-12,failed,363663.14,AUD,AMER,CP0489,OPTION,TDR0057,BOOK_B,2025-11-07
TXN0001055419,APP010,2025-07-10,active,226316.56,AUD,APAC,CP0462,EQUITY,TDR0151,BOOK_B,2025-07-19
TXN0000004441,APP002,2025-06-23,pending,397986.82,CHF,EMEA,CP0027,FX,TDR0115,BOOK_D,2025-03-10
TXN0003688680,APP019,2025-07-30,failed,671172.89,AUD,AMER,CP0312,SWAP,TDR0065,BOOK_D,2025-12-08
TXN0000747465,APP015,2025-11-09,failed,293724.55,USD,APAC,CP0096,FUTURE,TDR0197,BOOK_C,2026-01-29
TXN0001294077,APP018,2025-06-09,failed,496824.16,JPY,APAC,CP0023,OPTION,TDR0061,BOOK_B,2025-06-12
TXN0000501647,APP001,2026-01-16,settled,796502.61,JPY,EMEA,CP0026,EQUITY,TDR0043,BOOK_A,2025-01-18
TXN0001073371,APP009,2026-03-29,pending,110322.32,CHF,APAC,CP0088,OPTION,TDR0171,BOOK_A,2026-03-28
TXN0007498425,APP010,2025-07-08,settled,13213.08,GBP,AMER,CP0115,OPTION,TDR0034,BOOK_C,2025-07-18
TXN0009645089,APP018,2026-02-14,failed,818478.39,JPY,APAC,CP0214,FX,TDR0063,BOOK_A,2026-02-23
TXN0007104975,APP012,2025-09-21,reversed,531766.05,AUD,APAC,CP0498,EQUITY,TDR0081,BOOK_B,2026-01-10
TXN0008750986,APP004,2026-01-30,reversed,415632.17,AUD,APAC,CP0471,FUTURE,TDR0105,BOOK_D,2025-05-08
TXN0005102941,APP012,2026-03-20,settled,537985.62,JPY,APAC,CP0384,SWAP,TDR0117,BOOK_D,2025-06-20
TXN0002867795,APP011,2025-08-05,reversed,646441.51,GBP,EMEA,CP0448,SWAP,TDR0034,BOOK_D,2025-03-25
TXN0005638014,APP010,2025-12-25,reversed,264118.35,USD,APAC,CP0405,EQUITY,TDR0003,BOOK_C,2025-06-07
TXN0007005855,APP011,2025-10-29,pending,867364.27,CHF,LATAM,CP0350,SWAP,TDR0044,BOOK_B,2026-03-19
TXN0006965269,APP009,2025-04-15,active,741413.89,USD,AMER,CP0114,FUTURE,TDR0044,BOOK_C,2025-07-23
TXN0006146831,APP018,2025-01-26,active,957533.23,EUR,LATAM,CP0027,FUTURE,TDR0081,BOOK_D,2025-08-19
TXN0002595196,APP002,2025-12-02,failed,196591.22,USD,AMER,CP0302,FUTURE,TDR0038,BOOK_D,2025-08-06
TXN0008626851,APP011,2025-02-21,settled,265074.39,AUD,AMER,CP0207,EQUITY,TDR0151,BOOK_C,2025-10-04
TXN0008797241,APP010,2025-06-08,active,713372.48,AUD,EMEA,CP0362,EQUITY,TDR0023,BOOK_B,2025-06-15
TXN0006297523,APP014,2025-02-03,active,663528.56,GBP,AMER,CP0441,OPTION,TDR0084,BOOK_B,2026-01-06
TXN0001278222,APP006,2025-07-23,settled,698933.65,USD,APAC,CP0354,EQUITY,TDR0146,BOOK_A,2025-09-10
TXN0004841126,APP012,2026-03-12,pending,324199.63,JPY,LATAM,CP0439,FX,TDR0113,BOOK_B,2025-12-29
TXN0009984898,APP014,2025-03-09,reversed,410230.57,AUD,AMER,CP0022,FX,TDR0028,BOOK_B,2025-07-15
TXN0004566049,APP002,2026-02-07,failed,129096.67,USD,EMEA,CP0001,SWAP,TDR0058,BOOK_B,2025-03-06
TXN0000832129,APP016,2025-01-06,settled,688409.82,AUD,AMER,CP0370,EQUITY,TDR0012,BOOK_A,2025-04-09
TXN0008879296,APP008,2025-06-02,failed,912061.65,JPY,EMEA,CP0005,BOND,TDR0045,BOOK_B,2026-01-03
TXN0002719536,APP020,2025-04-20,reversed,628294.96,JPY,LATAM,CP0020,OPTION,TDR0120,BOOK_A,2026-03-25
TXN0000066557,APP020,2026-01-23,reversed,97758.08,EUR,EMEA,CP0137,EQUITY,TDR0021,BOOK_B,2025-01-28
TXN0002549551,APP010,2025-01-09,reversed,982740.71,EUR,LATAM,CP0200,FX,TDR0036,BOOK_A,2025-06-15
TXN0002374140,APP019,2026-01-10,reversed,360214.68,CHF,AMER,CP0020,FUTURE,TDR0084,BOOK_D,2026-02-07
TXN0002713978,APP001,2025-12-04,settled,40581.14,AUD,AMER,CP0358,FUTURE,TDR0073,BOOK_C,2025-06-30
TXN0006706265,APP008,2025-08-01,settled,765108.12,JPY,LATAM,CP0440,FX,TDR0069,BOOK_D,2026-01-25
TXN0004020801,APP020,2025-02-10,failed,805299.79,EUR,EMEA,CP0084,FUTURE,TDR0017,BOOK_C,2025-05-14
TXN0004471676,APP004,2026-03-12,settled,332331.73,EUR,AMER,CP0059,OPTION,TDR0026,BOOK_D,2025-09-21
TXN0000121848,APP016,2026-04-13,settled,831309.32,GBP,AMER,CP0332,FUTURE,TDR0029,BOOK_B,2025-08-05
TXN0002257769,APP005,2025-07-07,failed,139980.63,AUD,AMER,CP0233,FUTURE,TDR0056,BOOK_D,2025-08-10
TXN0007613237,APP020,2025-01-30,active,319572.38,JPY,EMEA,CP0305,FX,TDR0198,BOOK_B,2026-03-11
TXN0000841275,APP015,2025-11-24,active,756520.83,CHF,APAC,CP0286,FUTURE,TDR0052,BOOK_C,2025-04-01
TXN0001562532,APP015,2025-11-05,failed,104865.3,USD,APAC,CP0312,SWAP,TDR0086,BOOK_B,2025-12-25
TXN0000511566,APP010,2025-03-09,reversed,990823.52,AUD,EMEA,CP0451,FUTURE,TDR0192,BOOK_A,2025-12-04
TXN0003961631,APP016,2025-11-06,pending,253275.37,EUR,EMEA,CP0356,SWAP,TDR0037,BOOK_C,2025-06-26
TXN0002193729,APP006,2025-07-26,settled,989234.09,USD,LATAM,CP0269,FUTURE,TDR0109,BOOK_C,2026-01-30
TXN0005895872,APP011,2025-04-07,pending,121276.97,EUR,AMER,CP0107,OPTION,TDR0121,BOOK_B,2025-08-15
TXN0006841946,APP019,2025-08-03,failed,523806.12,GBP,EMEA,CP0232,SWAP,TDR0139,BOOK_D,2025-03-21
TXN0007999351,APP010,2026-01-13,settled,53939.37,GBP,LATAM,CP0337,BOND,TDR0170,BOOK_A,2025-02-20
TXN0006207661,APP008,2026-01-06,failed,726768.32,AUD,AMER,CP0189,OPTION,TDR0031,BOOK_B,2026-01-08
TXN0007770687,APP020,2025-02-03,failed,856707.25,AUD,APAC,CP0457,FX,TDR0019,BOOK_C,2025-03-01
TXN0002844497,APP012,2025-09-13,pending,831678.97,AUD,EMEA,CP0429,FX,TDR0108,BOOK_B,2025-12-20
TXN0001675739,APP017,2025-02-15,active,118465.86,EUR,AMER,CP0394,EQUITY,TDR0039,BOOK_A,2025-12-27
TXN0009712182,APP007,2025-03-26,pending,343590.17,AUD,APAC,CP0259,SWAP,TDR0199,BOOK_B,2025-08-09
TXN0009895982,APP004,2025-10-01,active,781062.32,JPY,LATAM,CP0188,EQUITY,TDR0017,BOOK_D,2025-01-05
TXN0002398768,APP015,2025-01-12,settled,251680.96,AUD,AMER,CP0011,FX,TDR0174,BOOK_C,2026-01-29
TXN0004442745,APP009,2025-04-12,settled,980150.4,USD,APAC,CP0274,OPTION,TDR0011,BOOK_A,2025-06-12
TXN0003551798,APP010,2025-03-15,active,155798.43,GBP,EMEA,CP0046,FX,TDR0004,BOOK_A,2025-07-05
TXN0004220308,APP019,2025-10-20,pending,954695.27,CHF,APAC,CP0448,SWAP,TDR0159,BOOK_D,2025-03-28
TXN0002566080,APP015,2025-05-15,pending,271060.85,AUD,AMER,CP0223,BOND,TDR0121,BOOK_A,2025-04-22
TXN0003681518,APP008,2025-05-04,active,439664.77,AUD,AMER,CP0095,BOND,TDR0056,BOOK_C,2025-06-14
TXN0002672446,APP015,2025-10-23,failed,80882.02,USD,LATAM,CP0054,SWAP,TDR0184,BOOK_B,2025-03-26
TXN0004749209,APP013,2025-03-23,reversed,160771.63,EUR,AMER,CP0278,FUTURE,TDR0135,BOOK_A,2026-01-20
TXN0005511211,APP011,2025-02-10,failed,366307.91,CHF,EMEA,CP0359,EQUITY,TDR0081,BOOK_B,2025-04-12
TXN0002602781,APP005,2025-04-20,settled,859766.0,AUD,EMEA,CP0163,SWAP,TDR0179,BOOK_C,2025-06-17
TXN0005824827,APP002,2026-02-02,reversed,528289.8,USD,APAC,CP0088,OPTION,TDR0017,BOOK_A,2025-11-28
TXN0003101841,APP009,2025-02-03,settled,21938.83,JPY,APAC,CP0347,OPTION,TDR0004,BOOK_D,2025-04-11
TXN0009695319,APP016,2025-03-30,active,229941.43,CHF,AMER,CP0263,BOND,TDR0022,BOOK_A,2026-03-18
TXN0003611041,APP003,2025-06-02,active,314708.06,JPY,LATAM,CP0440,EQUITY,TDR0022,BOOK_D,2025-11-12
TXN0001638840,APP003,2025-02-22,pending,467603.81,USD,AMER,CP0252,OPTION,TDR0036,BOOK_B,2025-04-05
TXN0003322504,APP004,2025-09-23,settled,874722.1,EUR,LATAM,CP0463,OPTION,TDR0187,BOOK_D,2025-12-12
TXN0008569086,APP017,2026-02-18,pending,255639.31,JPY,APAC,CP0311,SWAP,TDR0175,BOOK_B,2025-09-19
TXN0002057465,APP001,2026-04-05,pending,907525.17,JPY,EMEA,CP0262,BOND,TDR0037,BOOK_B,2025-12-21
TXN0004220432,APP010,2025-09-12,pending,445908.11,AUD,AMER,CP0359,FUTURE,TDR0091,BOOK_A,2026-04-07
TXN0004185727,APP009,2026-03-21,reversed,659161.61,CHF,LATAM,CP0049,FUTURE,TDR0050,BOOK_A,2026-01-10
TXN0003309230,APP006,2026-04-07,failed,724779.14,CHF,AMER,CP0108,EQUITY,TDR0198,BOOK_D,2025-07-23
TXN0007909681,APP013,2025-11-15,reversed,33577.75,EUR,AMER,CP0425,EQUITY,TDR0189,BOOK_C,2025-12-18
TXN0006698588,APP019,2025-05-05,reversed,325118.35,CHF,AMER,CP0444,EQUITY,TDR0110,BOOK_A,2025-09-12
TXN0000629361,APP012,2025-10-09,reversed,414765.23,JPY,EMEA,CP0097,FUTURE,TDR0049,BOOK_C,2025-04-17
TXN0003723732,APP018,2025-05-25,pending,402755.25,EUR,LATAM,CP0228,OPTION,TDR0039,BOOK_C,2026-03-19
TXN0006269810,APP010,2025-04-05,failed,837274.81,GBP,APAC,CP0112,OPTION,TDR0180,BOOK_C,2025-04-12
TXN0002473792,APP014,2025-07-03,pending,300123.15,GBP,EMEA,CP0441,FX,TDR0141,BOOK_A,2025-05-09
TXN0004432277,APP009,2025-01-03,settled,278175.51,CHF,LATAM,CP0452,BOND,TDR0134,BOOK_A,2025-04-22
TXN0002745166,APP019,2026-01-23,settled,845778.56,USD,EMEA,CP0255,EQUITY,TDR0178,BOOK_C,2025-03-17
TXN0002989497,APP017,2025-09-11,failed,73922.86,GBP,LATAM,CP0086,FUTURE,TDR0133,BOOK_C,2026-03-15
TXN0007405223,APP017,2025-02-01,failed,16301.17,USD,AMER,CP0089,SWAP,TDR0118,BOOK_C,2025-02-06
TXN0008157211,APP015,2025-11-08,pending,182135.89,GBP,AMER,CP0228,EQUITY,TDR0120,BOOK_B,2025-12-08
TXN0000967891,APP003,2026-02-14,active,605306.84,EUR,EMEA,CP0261,SWAP,TDR0052,BOOK_A,2025-03-01
TXN0001990596,APP007,2026-02-17,failed,326086.51,EUR,EMEA,CP0405,BOND,TDR0165,BOOK_D,2025-07-19
TXN0006810147,APP020,2025-07-28,pending,777571.64,GBP,EMEA,CP0435,SWAP,TDR0139,BOOK_C,2025-10-23
TXN0003331490,APP012,2025-11-14,active,668323.7,EUR,LATAM,CP0275,BOND,TDR0109,BOOK_B,2025-10-21
TXN0005795572,APP007,2025-11-01,reversed,405721.02,AUD,LATAM,CP0270,SWAP,TDR0141,BOOK_D,2025-06-14
TXN0007820380,APP004,2025-07-31,pending,441559.84,AUD,LATAM,CP0281,SWAP,TDR0015,BOOK_B,2025-06-18
TXN0002198593,APP017,2025-09-23,active,617648.74,USD,AMER,CP0168,FUTURE,TDR0144,BOOK_A,2025-09-03
TXN0008585515,APP006,2025-05-19,failed,43607.43,JPY,AMER,CP0184,SWAP,TDR0002,BOOK_A,2025-10-16
TXN0005315642,APP008,2026-04-02,reversed,731156.41,JPY,EMEA,CP0243,FUTURE,TDR0063,BOOK_A,2025-09-30
TXN0001987989,APP001,2025-07-29,reversed,523432.65,JPY,LATAM,CP0292,EQUITY,TDR0080,BOOK_D,2026-01-02
TXN0005816868,APP018,2025-08-21,settled,335184.05,GBP,AMER,CP0071,FX,TDR0118,BOOK_C,2025-11-28
TXN0009567079,APP019,2025-09-01,pending,76945.98,CHF,AMER,CP0267,EQUITY,TDR0040,BOOK_D,2025-01-27
TXN0001312291,APP006,2025-02-04,reversed,763893.27,GBP,EMEA,CP0075,OPTION,TDR0041,BOOK_A,2025-04-27
TXN0000232557,APP004,2025-06-06,active,477977.95,JPY,APAC,CP0282,OPTION,TDR0077,BOOK_B,2025-05-08
TXN0000043957,APP014,2025-05-18,failed,632072.93,GBP,LATAM,CP0207,FUTURE,TDR0184,BOOK_A,2026-03-05
TXN0001962088,APP007,2025-05-21,active,981974.44,GBP,AMER,CP0201,SWAP,TDR0031,BOOK_B,2025-07-07
TXN0009089923,APP014,2025-05-24,failed,258498.34,CHF,AMER,CP0498,SWAP,TDR0106,BOOK_C,2025-11-09
TXN0007279605,APP018,2025-06-24,reversed,848626.89,JPY,EMEA,CP0062,SWAP,TDR0015,BOOK_D,2025-01-25
TXN0006733309,APP016,2025-05-02,pending,238497.15,JPY,AMER,CP0499,EQUITY,TDR0008,BOOK_B,2025-07-15
TXN0006747962,APP016,2025-02-23,reversed,251375.43,JPY,AMER,CP0376,EQUITY,TDR0180,BOOK_D,2025-07-16
TXN0007788366,APP004,2026-01-21,failed,992028.52,CHF,EMEA,CP0079,SWAP,TDR0041,BOOK_B,2025-02-11
TXN0006764905,APP011,2025-08-26,settled,295096.58,GBP,EMEA,CP0336,EQUITY,TDR0058,BOOK_D,2025-06-19
TXN0009892532,APP008,2025-02-08,reversed,504279.71,GBP,EMEA,CP0040,BOND,TDR0085,BOOK_D,2026-04-11
TXN0007564050,APP007,2025-02-09,failed,915317.89,USD,EMEA,CP0285,FX,TDR0108,BOOK_B,2026-02-21
TXN0008102046,APP012,2026-01-30,reversed,900942.6,AUD,APAC,CP0267,OPTION,TDR0168,BOOK_A,2026-01-15
TXN0003689529,APP008,2026-02-06,pending,451341.6,AUD,AMER,CP0310,FX,TDR0148,BOOK_B,2025-10-23
TXN0008224244,APP008,2025-12-10,failed,62695.23,GBP,APAC,CP0430,FX,TDR0121,BOOK_A,2025-12-10
TXN0008352595,APP004,2025-09-19,settled,108111.54,AUD,EMEA,CP0126,FX,TDR0035,BOOK_B,2025-10-12
TXN0009496366,APP004,2025-03-02,failed,733211.72,EUR,AMER,CP0480,EQUITY,TDR0183,BOOK_A,2025-03-06
TXN0008474269,APP016,2025-05-27,active,222271.74,EUR,AMER,CP0319,EQUITY,TDR0110,BOOK_C,2025-02-12
TXN0002827133,APP003,2025-03-13,active,475222.51,USD,LATAM,CP0419,OPTION,TDR0020,BOOK_D,2026-03-22
TXN0000186897,APP013,2025-09-25,pending,252531.26,AUD,AMER,CP0484,EQUITY,TDR0163,BOOK_B,2025-08-07
TXN0003432124,APP016,2025-01-29,failed,140535.65,EUR,AMER,CP0080,SWAP,TDR0030,BOOK_D,2025-03-03
TXN0002236898,APP003,2025-11-24,failed,681116.22,GBP,LATAM,CP0325,OPTION,TDR0191,BOOK_D,2025-05-09
TXN0001906387,APP012,2025-10-29,failed,607450.87,CHF,AMER,CP0085,EQUITY,TDR0183,BOOK_D,2026-02-24
TXN0007036064,APP003,2026-04-07,failed,666924.08,EUR,APAC,CP0454,FUTURE,TDR0102,BOOK_A,2025-02-06
TXN0000315707,APP020,2025-01-14,failed,165294.55,AUD,AMER,CP0449,EQUITY,TDR0135,BOOK_B,2026-01-31
TXN0009635219,APP014,2025-11-22,pending,324468.61,CHF,APAC,CP0181,FX,TDR0053,BOOK_D,2025-07-31
TXN0001438412,APP015,2026-04-02,reversed,334264.44,AUD,APAC,CP0462,EQUITY,TDR0019,BOOK_C,2025-01-01
TXN0007006640,APP016,2025-07-31,reversed,336200.61,EUR,APAC,CP0156,FX,TDR0157,BOOK_C,2026-01-12
TXN0009479590,APP013,2025-02-04,failed,640969.61,CHF,EMEA,CP0499,SWAP,TDR0106,BOOK_A,2025-12-17
TXN0000654427,APP008,2025-05-20,pending,478813.09,GBP,APAC,CP0301,EQUITY,TDR0065,BOOK_B,2025-07-23
TXN0001438859,APP006,2025-11-07,settled,602922.1,JPY,LATAM,CP0485,BOND,TDR0111,BOOK_D,2025-07-12
TXN0004532960,APP018,2026-01-31,reversed,467465.24,USD,AMER,CP0480,EQUITY,TDR0012,BOOK_A,2025-10-26
TXN0002144321,APP007,2025-11-15,pending,386975.68,EUR,LATAM,CP0295,SWAP,TDR0022,BOOK_B,2026-04-14
TXN0000639801,APP016,2026-04-09,active,789389.59,AUD,APAC,CP0425,BOND,TDR0171,BOOK_D,2026-01-30
TXN0009747033,APP017,2025-03-25,settled,161179.45,AUD,LATAM,CP0328,FUTURE,TDR0190,BOOK_D,2025-04-04
TXN0009544068,APP002,2025-02-24,pending,84261.51,GBP,AMER,CP0368,SWAP,TDR0015,BOOK_D,2025-01-15
TXN0003485753,APP012,2025-09-02,failed,273787.89,USD,AMER,CP0043,FUTURE,TDR0039,BOOK_D,2025-03-29
TXN0004733535,APP013,2025-03-09,settled,79788.77,GBP,APAC,CP0347,BOND,TDR0147,BOOK_A,2025-11-24
TXN0003316187,APP019,2025-11-16,settled,100582.56,USD,APAC,CP0449,SWAP,TDR0076,BOOK_B,2025-07-25
TXN0004884897,APP002,2025-08-12,reversed,208181.18,EUR,EMEA,CP0350,EQUITY,TDR0030,BOOK_C,2025-04-21
TXN0006663450,APP016,2026-03-24,settled,693621.77,GBP,APAC,CP0047,EQUITY,TDR0149,BOOK_A,2025-06-08
TXN0004518937,APP019,2025-12-14,settled,289830.3,EUR,AMER,CP0432,SWAP,TDR0015,BOOK_A,2026-01-30
TXN0001018701,APP006,2025-06-02,failed,803743.82,AUD,APAC,CP0286,OPTION,TDR0135,BOOK_A,2025-10-05
TXN0007113926,APP014,2025-08-19,reversed,738979.65,JPY,EMEA,CP0169,EQUITY,TDR0180,BOOK_B,2025-07-09
TXN0007011803,APP005,2025-09-02,active,545058.22,EUR,AMER,CP0118,EQUITY,TDR0045,BOOK_A,2026-03-24
TXN0000778307,APP013,2025-03-29,settled,434361.67,AUD,AMER,CP0339,FX,TDR0050,BOOK_C,2025-01-01
TXN0008680919,APP012,2026-02-23,active,564919.2,GBP,APAC,CP0446,SWAP,TDR0103,BOOK_C,2025-12-10
TXN0008088133,APP010,2026-02-03,failed,682994.23,EUR,EMEA,CP0419,EQUITY,TDR0133,BOOK_A,2025-10-24
TXN0000494426,APP001,2025-04-02,reversed,232087.59,USD,EMEA,CP0209,SWAP,TDR0001,BOOK_B,2025-07-16
TXN0009007033,APP002,2025-10-09,active,529258.06,EUR,EMEA,CP0426,OPTION,TDR0198,BOOK_B,2025-10-20
TXN0005131581,APP020,2025-10-16,active,237714.51,JPY,EMEA,CP0289,OPTION,TDR0114,BOOK_D,2025-11-22
TXN0001857775,APP007,2026-03-22,settled,181955.99,EUR,AMER,CP0022,FX,TDR0038,BOOK_B,2025-08-22
TXN0007106411,APP015,2025-03-06,pending,451940.75,GBP,LATAM,CP0376,FX,TDR0058,BOOK_B,2025-06-06
TXN0001340641,APP008,2025-10-03,settled,361925.5,GBP,APAC,CP0223,OPTION,TDR0192,BOOK_C,2025-12-20
TXN0007527878,APP011,2025-03-28,settled,588106.52,JPY,LATAM,CP0271,SWAP,TDR0040,BOOK_C,2025-04-14
TXN0007919796,APP009,2025-01-06,failed,630075.0,CHF,AMER,CP0489,SWAP,TDR0176,BOOK_D,2025-10-21
TXN0006560602,APP012,2025-08-05,reversed,548917.3,GBP,EMEA,CP0272,EQUITY,TDR0062,BOOK_A,2026-04-14
TXN0009689649,APP006,2025-03-01,failed,378433.46,GBP,LATAM,CP0406,EQUITY,TDR0084,BOOK_B,2025-09-19
TXN0000768935,APP009,2025-09-01,reversed,620096.58,AUD,EMEA,CP0161,FUTURE,TDR0037,BOOK_B,2025-03-30
TXN0001704802,APP008,2025-12-21,failed,412986.8,JPY,EMEA,CP0252,BOND,TDR0116,BOOK_D,2025-09-15
TXN0005682915,APP007,2025-07-24,active,101067.76,USD,EMEA,CP0063,FUTURE,TDR0075,BOOK_C,2025-02-02
TXN0003261050,APP009,2025-07-11,settled,133809.56,CHF,AMER,CP0364,FUTURE,TDR0046,BOOK_A,2025-01-12
TXN0002845469,APP001,2025-02-27,settled,248946.45,EUR,AMER,CP0466,FUTURE,TDR0180,BOOK_C,2025-01-23
TXN0007545759,APP020,2025-10-15,failed,836220.72,EUR,AMER,CP0298,FUTURE,TDR0001,BOOK_D,2025-03-15
TXN0001263922,APP019,2026-02-19,pending,452821.34,AUD,EMEA,CP0162,OPTION,TDR0063,BOOK_A,2025-01-29
TXN0005975019,APP009,2025-04-18,active,279438.64,AUD,AMER,CP0428,OPTION,TDR0195,BOOK_B,2025-04-28
TXN0008815151,APP001,2025-12-07,active,188950.44,CHF,AMER,CP0250,FUTURE,TDR0072,BOOK_C,2025-01-16
TXN0002211530,APP006,2025-10-22,pending,385099.0,EUR,AMER,CP0192,FUTURE,TDR0053,BOOK_B,2025-12-19
TXN0007730555,APP014,2026-03-08,settled,344875.93,EUR,EMEA,CP0188,FX,TDR0161,BOOK_D,2025-05-24
TXN0002843261,APP010,2025-01-30,active,868835.1,AUD,AMER,CP0500,BOND,TDR0153,BOOK_C,2025-07-23
TXN0004323609,APP010,2025-08-06,pending,708770.16,EUR,APAC,CP0046,FUTURE,TDR0110,BOOK_D,2025-08-19
TXN0006263592,APP004,2025-08-10,active,75542.55,JPY,LATAM,CP0075,FUTURE,TDR0007,BOOK_B,2026-01-20
TXN0002372871,APP020,2025-04-14,reversed,255334.11,CHF,EMEA,CP0243,FX,TDR0153,BOOK_A,2025-06-14
TXN0009020876,APP007,2025-02-14,failed,32224.33,JPY,EMEA,CP0436,FX,TDR0082,BOOK_A,2025-11-22
TXN0007266272,APP019,2025-09-13,settled,628147.44,CHF,LATAM,CP0060,SWAP,TDR0135,BOOK_D,2025-07-17
TXN0006559353,APP006,2025-08-22,failed,921199.11,JPY,EMEA,CP0048,SWAP,TDR0060,BOOK_D,2025-04-06
TXN0008214260,APP003,2025-09-18,reversed,155915.79,USD,LATAM,CP0104,FX,TDR0092,BOOK_B,2025-01-05
TXN0004670552,APP002,2025-02-08,failed,621888.9,GBP,APAC,CP0384,OPTION,TDR0083,BOOK_D,2025-08-31
TXN0001775567,APP013,2025-02-16,pending,70243.86,GBP,APAC,CP0050,FUTURE,TDR0196,BOOK_C,2025-01-21
TXN0001258463,APP020,2025-07-24,failed,131238.62,AUD,EMEA,CP0385,OPTION,TDR0093,BOOK_B,2025-08-05
TXN0005768318,APP006,2025-07-24,pending,884923.1,JPY,APAC,CP0194,SWAP,TDR0029,BOOK_D,2025-11-26
TXN0001591572,APP015,2025-02-28,active,633282.45,USD,APAC,CP0212,BOND,TDR0036,BOOK_D,2026-02-09
TXN0001983244,APP017,2025-09-01,pending,401947.41,JPY,LATAM,CP0203,EQUITY,TDR0034,BOOK_A,2025-06-26
TXN0002624157,APP009,2026-01-19,active,914959.27,USD,LATAM,CP0101,SWAP,TDR0121,BOOK_D,2026-03-31
TXN0008219582,APP016,2025-10-27,active,955117.39,EUR,APAC,CP0355,FX,TDR0076,BOOK_B,2025-07-21
TXN0006075906,APP004,2025-09-10,settled,365564.68,EUR,APAC,CP0001,BOND,TDR0068,BOOK_A,2026-03-05
TXN0009603136,APP016,2025-03-23,active,669468.31,CHF,AMER,CP0430,EQUITY,TDR0172,BOOK_B,2025-10-03
TXN0006716779,APP007,2025-04-26,pending,331587.48,AUD,LATAM,CP0315,EQUITY,TDR0033,BOOK_B,2025-01-01
TXN0007154468,APP007,2025-12-16,settled,139164.53,JPY,APAC,CP0342,EQUITY,TDR0138,BOOK_A,2025-10-22
TXN0004633415,APP013,2026-01-27,failed,219978.13,JPY,AMER,CP0215,FX,TDR0087,BOOK_D,2026-04-05
TXN0009250522,APP015,2026-01-25,settled,866026.94,JPY,APAC,CP0019,EQUITY,TDR0147,BOOK_A,2025-06-14
TXN0009808063,APP012,2026-02-15,pending,492291.13,CHF,EMEA,CP0463,FUTURE,TDR0138,BOOK_B,2025-12-28
TXN0007168754,APP005,2025-09-21,failed,238399.65,CHF,LATAM,CP0284,FUTURE,TDR0036,BOOK_C,2025-04-10
TXN0001755031,APP005,2025-05-08,active,49845.71,EUR,AMER,CP0391,BOND,TDR0119,BOOK_B,2025-08-22
TXN0005692005,APP011,2025-06-28,pending,211194.49,AUD,LATAM,CP0352,EQUITY,TDR0125,BOOK_A,2025-04-27
TXN0007466345,APP013,2025-12-30,settled,631658.27,GBP,AMER,CP0050,SWAP,TDR0165,BOOK_D,2025-03-24
TXN0005615901,APP017,2025-12-06,pending,980671.15,EUR,APAC,CP0139,BOND,TDR0136,BOOK_D,2025-12-18
TXN0008048837,APP012,2026-02-17,pending,128834.36,EUR,EMEA,CP0477,FX,TDR0179,BOOK_B,2025-01-16
TXN0003988926,APP001,2025-12-16,failed,608042.49,JPY,LATAM,CP0324,SWAP,TDR0011,BOOK_D,2025-09-21
TXN0001485416,APP018,2025-10-05,settled,804403.06,GBP,LATAM,CP0156,SWAP,TDR0072,BOOK_D,2025-10-22
TXN0007641031,APP001,2026-03-31,settled,779337.68,USD,AMER,CP0425,OPTION,TDR0071,BOOK_C,2025-09-09
TXN0009145178,APP015,2025-01-03,reversed,726110.89,USD,APAC,CP0054,FUTURE,TDR0039,BOOK_C,2025-01-02
TXN0002912185,APP004,2025-10-28,reversed,434629.71,CHF,EMEA,CP0385,FUTURE,TDR0021,BOOK_C,2025-09-03
TXN0005185276,APP013,2025-05-02,settled,388072.39,GBP,LATAM,CP0471,FX,TDR0086,BOOK_C,2025-12-16
TXN0008438491,APP001,2025-01-22,pending,397190.97,CHF,APAC,CP0388,OPTION,TDR0044,BOOK_D,2025-05-25
TXN0008451489,APP014,2025-11-15,reversed,654109.9,GBP,APAC,CP0092,FUTURE,TDR0095,BOOK_D,2025-01-09
TXN0001020270,APP003,2026-02-10,active,246968.06,GBP,EMEA,CP0089,FUTURE,TDR0001,BOOK_B,2025-09-18
TXN0003564560,APP001,2025-12-17,pending,117708.47,AUD,AMER,CP0143,BOND,TDR0089,BOOK_D,2026-01-10
TXN0003644534,APP002,2025-07-01,failed,103104.28,GBP,AMER,CP0098,SWAP,TDR0046,BOOK_B,2025-02-15
TXN0005173283,APP008,2025-05-22,settled,662430.07,GBP,APAC,CP0447,EQUITY,TDR0061,BOOK_B,2025-10-04
TXN0004320658,APP013,2025-01-13,settled,395229.04,USD,EMEA,CP0016,FX,TDR0152,BOOK_C,2025-08-17
TXN0004028634,APP009,2026-03-03,active,676615.35,CHF,APAC,CP0282,FUTURE,TDR0002,BOOK_A,2026-03-21
TXN0000339427,APP003,2026-01-10,active,88767.77,USD,AMER,CP0275,OPTION,TDR0040,BOOK_B,2026-04-09
TXN0006017508,APP013,2025-08-21,reversed,734680.25,CHF,AMER,CP0076,FUTURE,TDR0073,BOOK_D,2026-02-12
TXN0003888189,APP005,2025-01-25,active,573524.69,USD,EMEA,CP0486,EQUITY,TDR0113,BOOK_B,2025-12-29
TXN0000426095,APP018,2025-12-01,failed,143190.98,JPY,AMER,CP0162,SWAP,TDR0087,BOOK_D,2025-02-03
TXN0000401375,APP016,2026-03-19,reversed,990767.5,USD,EMEA,CP0135,FUTURE,TDR0048,BOOK_D,2025-06-09
TXN0001341985,APP010,2025-01-21,settled,201711.29,USD,LATAM,CP0177,FUTURE,TDR0035,BOOK_D,2025-04-29
TXN0009475273,APP005,2025-07-17,settled,964743.07,EUR,AMER,CP0442,EQUITY,TDR0002,BOOK_C,2025-07-18
TXN0007236485,APP009,2025-01-19,settled,573314.04,JPY,AMER,CP0071,OPTION,TDR0169,BOOK_C,2025-06-25
TXN0006275271,APP020,2025-10-16,failed,304418.99,EUR,APAC,CP0275,OPTION,TDR0185,BOOK_C,2025-05-17
TXN0009979590,APP019,2025-03-11,active,573111.53,CHF,APAC,CP0349,SWAP,TDR0074,BOOK_D,2026-03-01
TXN0003913975,APP008,2025-03-07,pending,589437.16,AUD,APAC,CP0489,SWAP,TDR0198,BOOK_D,2026-03-04
TXN0009406729,APP008,2025-05-22,settled,448211.75,EUR,LATAM,CP0441,SWAP,TDR0095,BOOK_D,2025-04-27
TXN0000828039,APP004,2026-01-09,failed,251281.25,JPY,AMER,CP0122,SWAP,TDR0068,BOOK_C,2025-01-28
TXN0001960411,APP006,2025-11-24,pending,62437.41,GBP,EMEA,CP0169,FUTURE,TDR0023,BOOK_A,2025-02-23
TXN0001289602,APP012,2026-03-09,active,480871.16,JPY,AMER,CP0366,FX,TDR0054,BOOK_B,2025-06-04
TXN0009969972,APP018,2025-05-12,pending,894910.5,AUD,EMEA,CP0113,EQUITY,TDR0178,BOOK_C,2025-11-03
TXN0008105987,APP007,2025-01-17,active,183200.6,EUR,LATAM,CP0073,SWAP,TDR0171,BOOK_B,2025-05-29
TXN0008914803,APP009,2025-01-04,pending,621384.12,USD,AMER,CP0415,EQUITY,TDR0077,BOOK_C,2025-10-07
TXN0002523471,APP007,2025-04-28,failed,126401.68,USD,AMER,CP0255,BOND,TDR0160,BOOK_C,2025-03-04
TXN0004762633,APP006,2026-03-16,active,884211.91,JPY,APAC,CP0196,BOND,TDR0114,BOOK_A,2026-02-10
TXN0003568781,APP008,2026-01-05,active,704602.81,CHF,LATAM,CP0396,OPTION,TDR0031,BOOK_C,2025-12-11
TXN0008235305,APP014,2025-05-05,failed,259013.75,GBP,AMER,CP0047,OPTION,TDR0139,BOOK_C,2025-12-22
TXN0004439247,APP017,2026-03-10,active,730547.6,AUD,AMER,CP0295,EQUITY,TDR0161,BOOK_C,2025-11-19
TXN0002089302,APP009,2025-11-27,settled,345764.96,JPY,AMER,CP0323,SWAP,TDR0047,BOOK_D,2025-11-12
TXN0004600273,APP007,2025-01-10,settled,509717.59,EUR,LATAM,CP0004,FUTURE,TDR0057,BOOK_B,2025-10-24
TXN0008179380,APP001,2025-09-13,reversed,874348.59,AUD,AMER,CP0079,BOND,TDR0126,BOOK_A,2025-04-25
TXN0008305217,APP011,2026-01-12,active,767608.15,CHF,EMEA,CP0189,FX,TDR0047,BOOK_B,2026-02-14
TXN0007357802,APP003,2025-12-11,active,793288.39,EUR,EMEA,CP0492,FUTURE,TDR0118,BOOK_D,2025-10-18
TXN0008181220,APP001,2026-03-12,failed,974209.19,USD,APAC,CP0418,EQUITY,TDR0011,BOOK_D,2025-07-18
TXN0000070282,APP010,2025-11-15,settled,809268.55,JPY,EMEA,CP0064,FUTURE,TDR0142,BOOK_C,2026-04-06
TXN0009723804,APP001,2025-06-13,settled,739467.3,GBP,EMEA,CP0431,SWAP,TDR0088,BOOK_B,2025-02-21
TXN0009118941,APP014,2025-10-01,reversed,556361.47,JPY,EMEA,CP0178,FUTURE,TDR0109,BOOK_A,2026-01-31
TXN0001298351,APP013,2025-10-13,pending,451026.94,EUR,AMER,CP0205,FX,TDR0151,BOOK_C,2026-03-29
TXN0005225426,APP003,2025-04-18,active,630452.04,JPY,LATAM,CP0404,SWAP,TDR0132,BOOK_D,2025-12-26
TXN0004273058,APP001,2026-02-28,reversed,41495.26,EUR,AMER,CP0305,OPTION,TDR0104,BOOK_C,2025-01-19
TXN0001637481,APP017,2026-03-10,active,990345.1,CHF,EMEA,CP0295,OPTION,TDR0077,BOOK_A,2025-07-02
TXN0007316581,APP008,2025-11-11,reversed,137663.5,GBP,AMER,CP0223,EQUITY,TDR0194,BOOK_A,2025-02-01
TXN0000496314,APP011,2025-06-01,settled,496077.85,JPY,APAC,CP0084,EQUITY,TDR0096,BOOK_D,2025-05-23
TXN0005969461,APP005,2026-02-06,reversed,323199.31,USD,LATAM,CP0048,FUTURE,TDR0092,BOOK_C,2026-01-22
TXN0001123952,APP017,2025-08-27,failed,125718.1,JPY,EMEA,CP0343,FX,TDR0109,BOOK_A,2026-01-31
TXN0007434214,APP019,2025-05-05,active,883998.21,AUD,APAC,CP0186,EQUITY,TDR0188,BOOK_B,2025-04-10
TXN0004218110,APP009,2025-12-02,active,540808.67,JPY,LATAM,CP0167,FX,TDR0132,BOOK_C,2025-12-01
TXN0000760165,APP011,2025-09-06,active,740004.26,EUR,APAC,CP0207,FUTURE,TDR0181,BOOK_B,2026-01-02
TXN0009311122,APP013,2025-05-12,active,120458.39,JPY,LATAM,CP0315,EQUITY,TDR0106,BOOK_A,2025-03-15
TXN0006999975,APP020,2026-03-11,reversed,426851.66,CHF,LATAM,CP0175,BOND,TDR0122,BOOK_A,2025-05-28
TXN0004045881,APP015,2025-04-08,reversed,117173.21,EUR,APAC,CP0439,FUTURE,TDR0043,BOOK_D,2025-01-17
TXN0004056463,APP019,2025-08-09,settled,755025.62,CHF,APAC,CP0213,OPTION,TDR0129,BOOK_D,2025-03-07
TXN0000233818,APP012,2025-04-24,pending,834781.87,USD,LATAM,CP0202,BOND,TDR0160,BOOK_B,2026-02-04
TXN0002544883,APP010,2025-06-26,settled,115490.9,USD,AMER,CP0498,FUTURE,TDR0189,BOOK_B,2026-03-26
TXN0001859890,APP008,2025-02-16,failed,806436.49,CHF,APAC,CP0211,FUTURE,TDR0093,BOOK_B,2025-12-14
TXN0005297257,APP019,2025-07-08,reversed,24399.38,USD,LATAM,CP0160,SWAP,TDR0049,BOOK_C,2025-12-15
TXN0004394263,APP017,2025-03-08,pending,726881.61,JPY,AMER,CP0224,BOND,TDR0186,BOOK_B,2025-05-31
TXN0006393065,APP014,2026-02-13,reversed,564260.62,EUR,APAC,CP0481,FUTURE,TDR0015,BOOK_A,2025-12-11
TXN0004425664,APP020,2025-04-01,active,855896.73,GBP,AMER,CP0102,BOND,TDR0045,BOOK_C,2025-11-03
TXN0008627001,APP016,2025-06-16,failed,972791.78,EUR,AMER,CP0164,FUTURE,TDR0011,BOOK_A,2026-02-22
TXN0007920568,APP009,2025-01-24,pending,708943.01,GBP,APAC,CP0112,FX,TDR0074,BOOK_B,2026-02-18
TXN0009903014,APP007,2025-01-04,reversed,696140.2,JPY,APAC,CP0296,BOND,TDR0039,BOOK_B,2025-01-23
TXN0001281974,APP002,2025-03-28,active,775103.0,AUD,APAC,CP0446,OPTION,TDR0082,BOOK_D,2025-10-01
TXN0008634184,APP019,2026-01-08,active,661951.86,JPY,AMER,CP0244,SWAP,TDR0017,BOOK_B,2026-04-08
TXN0005961629,APP010,2025-01-28,active,680489.21,EUR,EMEA,CP0471,SWAP,TDR0126,BOOK_B,2025-11-11
TXN0009191094,APP008,2025-05-19,reversed,520863.86,EUR,APAC,CP0031,FX,TDR0061,BOOK_B,2026-01-15
TXN0000999657,APP013,2025-12-07,reversed,690221.68,GBP,APAC,CP0223,FX,TDR0112,BOOK_A,2025-09-03
TXN0005893186,APP012,2026-01-29,failed,874096.53,JPY,EMEA,CP0407,FX,TDR0039,BOOK_B,2025-01-10
TXN0007282673,APP008,2025-04-22,active,641809.94,USD,EMEA,CP0432,OPTION,TDR0024,BOOK_B,2025-07-23
TXN0007128656,APP005,2025-08-30,active,829252.94,EUR,APAC,CP0158,OPTION,TDR0078,BOOK_C,2025-07-06
TXN0004546936,APP002,2026-03-17,pending,732512.67,JPY,APAC,CP0301,FUTURE,TDR0095,BOOK_D,2025-06-12
TXN0005854609,APP018,2026-03-04,settled,725342.28,CHF,LATAM,CP0413,BOND,TDR0007,BOOK_D,2025-02-18
TXN0004849391,APP020,2026-01-11,settled,219426.37,USD,APAC,CP0211,SWAP,TDR0076,BOOK_D,2025-01-23
TXN0006162424,APP013,2025-07-30,settled,285927.92,CHF,APAC,CP0199,BOND,TDR0199,BOOK_B,2025-01-22
TXN0002137931,APP010,2026-04-06,pending,476538.41,AUD,LATAM,CP0499,OPTION,TDR0121,BOOK_D,2025-01-30
TXN0009032159,APP002,2025-06-08,active,661498.81,GBP,APAC,CP0138,FUTURE,TDR0058,BOOK_D,2025-08-06
TXN0006854013,APP012,2025-04-06,pending,73750.78,CHF,APAC,CP0220,FUTURE,TDR0081,BOOK_D,2025-04-02
TXN0008184741,APP014,2025-09-17,reversed,604899.99,EUR,LATAM,CP0232,FX,TDR0151,BOOK_B,2025-02-23
TXN0004008078,APP003,2025-08-18,failed,198766.2,EUR,EMEA,CP0423,OPTION,TDR0052,BOOK_C,2025-04-22
TXN0000688520,APP015,2025-02-11,failed,546142.83,GBP,APAC,CP0194,FX,TDR0097,BOOK_D,2025-08-22
TXN0007631174,APP002,2026-01-02,reversed,11222.24,USD,APAC,CP0488,FUTURE,TDR0056,BOOK_B,2025-09-07
TXN0003281264,APP020,2025-07-22,active,647749.25,USD,AMER,CP0303,FX,TDR0182,BOOK_C,2025-09-19
TXN0008608499,APP007,2025-11-17,settled,19665.49,GBP,EMEA,CP0110,OPTION,TDR0166,BOOK_C,2025-11-10
TXN0002738668,APP008,2025-06-20,pending,186798.36,JPY,EMEA,CP0180,FX,TDR0102,BOOK_C,2025-12-24
TXN0007118971,APP020,2025-07-29,pending,183723.64,AUD,EMEA,CP0452,FX,TDR0077,BOOK_C,2025-03-05
TXN0008643053,APP004,2025-07-09,reversed,80061.41,GBP,EMEA,CP0156,EQUITY,TDR0084,BOOK_A,2025-12-30
TXN0006430656,APP003,2025-03-07,reversed,761138.34,GBP,LATAM,CP0341,SWAP,TDR0156,BOOK_A,2025-05-03
TXN0000875692,APP002,2025-05-24,settled,805573.3,USD,EMEA,CP0343,FX,TDR0080,BOOK_C,2025-11-10
TXN0009120356,APP020,2025-04-28,active,120932.85,GBP,LATAM,CP0001,FUTURE,TDR0063,BOOK_A,2025-03-05
TXN0002754476,APP002,2025-05-01,active,443884.63,CHF,LATAM,CP0484,FX,TDR0022,BOOK_B,2025-11-28
TXN0002312056,APP019,2025-02-06,active,133915.21,CHF,AMER,CP0020,FX,TDR0092,BOOK_A,2026-01-23
TXN0006143740,APP015,2026-01-16,pending,397118.88,JPY,AMER,CP0133,FX,TDR0093,BOOK_C,2026-01-21
TXN0001950930,APP011,2025-07-31,pending,402123.63,AUD,APAC,CP0209,BOND,TDR0100,BOOK_D,2025-04-12
TXN0002656239,APP010,2026-01-26,active,316175.62,JPY,AMER,CP0464,FUTURE,TDR0082,BOOK_D,2025-09-18
TXN0003894136,APP020,2025-03-09,pending,716233.26,CHF,EMEA,CP0337,EQUITY,TDR0071,BOOK_D,2026-02-28
TXN0008738401,APP009,2025-04-09,failed,525592.81,CHF,LATAM,CP0258,EQUITY,TDR0178,BOOK_D,2025-08-19
TXN0002180316,APP020,2026-02-02,settled,852225.78,CHF,EMEA,CP0220,FX,TDR0058,BOOK_A,2025-10-20
TXN0004567212,APP004,2025-12-14,pending,141961.12,EUR,LATAM,CP0095,SWAP,TDR0050,BOOK_D,2026-02-11
TXN0007144829,APP008,2025-06-26,failed,598452.93,EUR,LATAM,CP0312,SWAP,TDR0048,BOOK_A,2025-01-04
TXN0000574997,APP017,2025-09-03,active,610865.0,USD,LATAM,CP0266,OPTION,TDR0019,BOOK_A,2025-01-22
TXN0009936312,APP012,2025-08-08,reversed,124903.64,AUD,AMER,CP0371,BOND,TDR0128,BOOK_C,2025-05-28
TXN0005699905,APP009,2025-05-01,reversed,482126.53,JPY,EMEA,CP0153,EQUITY,TDR0116,BOOK_D,2026-02-06
TXN0006294078,APP004,2025-02-22,pending,386380.88,USD,EMEA,CP0499,OPTION,TDR0151,BOOK_C,2025-08-26
TXN0000337514,APP020,2025-10-08,reversed,719739.16,JPY,EMEA,CP0456,FX,TDR0169,BOOK_B,2025-01-15
TXN0009035740,APP014,2025-08-01,active,270603.62,AUD,EMEA,CP0180,FX,TDR0130,BOOK_B,2026-01-23
TXN0002616837,APP014,2025-08-13,pending,621743.18,AUD,APAC,CP0134,FUTURE,TDR0034,BOOK_A,2025-03-14
TXN0005194619,APP010,2025-10-29,pending,228796.98,CHF,LATAM,CP0404,FUTURE,TDR0042,BOOK_D,2025-04-26
TXN0000648339,APP015,2026-03-28,settled,615667.81,GBP,LATAM,CP0322,OPTION,TDR0033,BOOK_C,2025-07-02
TXN0003960793,APP019,2025-11-17,active,619352.33,GBP,AMER,CP0397,OPTION,TDR0179,BOOK_C,2025-02-04
TXN0000685706,APP015,2025-12-10,pending,65040.72,JPY,AMER,CP0363,SWAP,TDR0188,BOOK_D,2025-11-26
TXN0003323316,APP002,2025-02-21,failed,479824.96,USD,AMER,CP0076,FUTURE,TDR0023,BOOK_B,2025-06-24
TXN0009241425,APP006,2025-07-15,settled,985841.14,AUD,AMER,CP0282,BOND,TDR0142,BOOK_A,2025-05-28
TXN0008907611,APP009,2025-11-22,failed,762499.21,USD,EMEA,CP0395,FX,TDR0142,BOOK_C,2026-03-12
TXN0007141505,APP020,2025-10-26,reversed,567656.55,EUR,AMER,CP0078,BOND,TDR0113,BOOK_A,2026-03-14
TXN0007326492,APP018,2025-06-13,failed,297802.9,GBP,LATAM,CP0294,FX,TDR0140,BOOK_C,2025-07-28
TXN0006265566,APP006,2025-06-24,reversed,607701.52,CHF,EMEA,CP0368,SWAP,TDR0078,BOOK_B,2025-01-31
TXN0002034853,APP015,2025-05-06,settled,517400.0,CHF,EMEA,CP0477,EQUITY,TDR0097,BOOK_A,2025-10-29
TXN0006869505,APP016,2025-11-20,failed,507510.06,JPY,EMEA,CP0459,BOND,TDR0002,BOOK_D,2025-06-19
TXN0007154107,APP001,2025-11-09,active,434604.97,AUD,APAC,CP0406,BOND,TDR0110,BOOK_B,2026-01-06
TXN0007078024,APP011,2025-07-23,settled,855889.58,AUD,APAC,CP0081,SWAP,TDR0077,BOOK_A,2025-02-18
TXN0008355762,APP019,2025-11-09,failed,640122.04,CHF,EMEA,CP0496,BOND,TDR0016,BOOK_D,2025-08-09
TXN0008907580,APP005,2026-01-08,reversed,812219.83,CHF,EMEA,CP0023,FX,TDR0098,BOOK_B,2026-02-11
TXN0006438094,APP016,2025-03-09,reversed,907968.54,JPY,EMEA,CP0293,EQUITY,TDR0145,BOOK_C,2025-10-14
TXN0005455543,APP007,2026-04-10,reversed,895647.63,CHF,LATAM,CP0484,SWAP,TDR0150,BOOK_D,2025-03-23
TXN0007158119,APP010,2026-02-04,active,122150.96,GBP,APAC,CP0234,OPTION,TDR0056,BOOK_B,2025-03-20
TXN0001212239,APP005,2026-02-21,active,772120.01,GBP,AMER,CP0269,OPTION,TDR0012,BOOK_D,2025-11-21
TXN0009722929,APP001,2026-03-10,active,836912.24,AUD,EMEA,CP0382,FUTURE,TDR0035,BOOK_A,2025-08-14
TXN0002044104,APP017,2026-02-28,active,452143.46,AUD,AMER,CP0450,FUTURE,TDR0090,BOOK_A,2026-02-10
TXN0001072483,APP013,2026-02-17,active,497594.1,AUD,APAC,CP0219,FX,TDR0101,BOOK_A,2025-06-05
TXN0000328195,APP007,2025-01-06,active,592117.03,JPY,APAC,CP0142,OPTION,TDR0024,BOOK_B,2025-05-16
TXN0000319798,APP020,2026-01-25,reversed,433581.48,CHF,EMEA,CP0424,BOND,TDR0131,BOOK_D,2025-11-24
TXN0000481549,APP015,2025-05-01,reversed,445428.66,AUD,LATAM,CP0413,BOND,TDR0066,BOOK_C,2025-01-27
TXN0000688739,APP015,2025-10-06,pending,678392.91,AUD,APAC,CP0133,EQUITY,TDR0164,BOOK_A,2025-08-23
TXN0004555599,APP016,2026-01-14,pending,810021.47,CHF,EMEA,CP0311,SWAP,TDR0078,BOOK_C,2025-06-25
TXN0003403433,APP014,2025-11-12,failed,372006.8,JPY,LATAM,CP0184,BOND,TDR0059,BOOK_A,2025-11-16
TXN0007978889,APP011,2025-05-31,failed,97016.23,USD,EMEA,CP0216,BOND,TDR0197,BOOK_D,2025-06-17
TXN0009090965,APP015,2025-09-06,pending,496503.64,USD,LATAM,CP0259,SWAP,TDR0046,BOOK_C,2025-06-27
TXN0000970982,APP007,2025-08-23,reversed,63141.62,GBP,LATAM,CP0181,FUTURE,TDR0021,BOOK_D,2026-03-30
TXN0002018532,APP007,2025-11-16,reversed,356624.06,USD,LATAM,CP0168,SWAP,TDR0012,BOOK_B,2025-07-11
TXN0002664245,APP001,2025-11-13,settled,330438.09,USD,LATAM,CP0148,SWAP,TDR0048,BOOK_B,2025-05-05
TXN0000433842,APP001,2025-09-10,reversed,830612.7,AUD,EMEA,CP0267,EQUITY,TDR0040,BOOK_D,2025-02-01
TXN0007538930,APP019,2025-05-15,active,543240.04,EUR,EMEA,CP0156,FX,TDR0109,BOOK_B,2025-06-15
TXN0001387067,APP010,2025-11-10,failed,752621.82,GBP,EMEA,CP0448,FUTURE,TDR0100,BOOK_B,2025-01-15
TXN0003513671,APP020,2025-03-01,active,680578.96,USD,LATAM,CP0261,OPTION,TDR0013,BOOK_C,2025-02-18
TXN0008786090,APP004,2026-01-28,pending,287276.6,JPY,AMER,CP0085,BOND,TDR0101,BOOK_D,2025-08-21
TXN0005521242,APP008,2025-03-30,failed,420557.43,GBP,APAC,CP0004,FX,TDR0098,BOOK_B,2025-10-02
TXN0006378966,APP012,2025-09-26,pending,225183.39,AUD,APAC,CP0290,BOND,TDR0062,BOOK_C,2025-09-29
TXN0005961203,APP016,2025-11-13,active,465030.25,USD,LATAM,CP0189,FX,TDR0128,BOOK_C,2025-09-21
TXN0001425622,APP018,2025-01-12,failed,550330.07,JPY,AMER,CP0207,FUTURE,TDR0054,BOOK_B,2025-05-29
TXN0000208496,APP012,2026-03-08,pending,182974.59,GBP,AMER,CP0462,EQUITY,TDR0038,BOOK_C,2025-08-10
TXN0002996346,APP015,2025-03-05,pending,526052.49,CHF,EMEA,CP0435,EQUITY,TDR0187,BOOK_D,2026-02-20
TXN0001859911,APP001,2025-11-09,failed,107552.13,GBP,AMER,CP0275,BOND,TDR0154,BOOK_B,2026-04-03
TXN0002741603,APP003,2025-01-23,reversed,182904.43,AUD,LATAM,CP0100,EQUITY,TDR0176,BOOK_B,2025-08-08
TXN0007315704,APP012,2026-02-14,active,338484.22,USD,EMEA,CP0324,BOND,TDR0056,BOOK_D,2025-12-31
TXN0008012004,APP016,2025-11-02,pending,504949.83,JPY,EMEA,CP0086,EQUITY,TDR0032,BOOK_D,2025-02-21
TXN0003027819,APP018,2025-09-20,active,549747.34,AUD,LATAM,CP0356,OPTION,TDR0087,BOOK_C,2025-10-06
TXN0008454716,APP006,2025-03-30,pending,284772.77,EUR,APAC,CP0194,EQUITY,TDR0052,BOOK_B,2026-01-20
TXN0008170973,APP011,2025-03-23,pending,266942.33,AUD,AMER,CP0142,EQUITY,TDR0167,BOOK_C,2025-04-30
TXN0001918234,APP009,2025-07-31,pending,818758.28,JPY,AMER,CP0110,BOND,TDR0113,BOOK_B,2026-04-07
TXN0006013225,APP016,2025-01-28,pending,49185.08,CHF,APAC,CP0254,FX,TDR0013,BOOK_D,2025-04-23
TXN0002099270,APP006,2025-07-02,reversed,143059.11,JPY,LATAM,CP0216,EQUITY,TDR0042,BOOK_C,2025-07-18
TXN0003625391,APP018,2025-09-06,reversed,340098.85,AUD,APAC,CP0492,EQUITY,TDR0006,BOOK_C,2025-07-03
TXN0000713130,APP008,2025-03-10,active,696758.67,GBP,APAC,CP0259,FUTURE,TDR0041,BOOK_A,2025-04-07
TXN0003699905,APP020,2025-08-13,reversed,374578.16,AUD,AMER,CP0423,SWAP,TDR0073,BOOK_C,2025-07-04
TXN0000622038,APP002,2025-12-23,settled,575096.79,CHF,EMEA,CP0421,FX,TDR0145,BOOK_C,2026-03-13
TXN0004008473,APP020,2025-08-27,pending,454634.21,JPY,LATAM,CP0028,FX,TDR0176,BOOK_B,2025-02-18
TXN0008845003,APP018,2025-05-30,reversed,410262.04,EUR,APAC,CP0270,EQUITY,TDR0114,BOOK_D,2025-01-04
TXN0008780327,APP016,2025-11-22,settled,491037.42,USD,APAC,CP0195,OPTION,TDR0009,BOOK_A,2026-03-03
TXN0006349750,APP014,2026-04-11,pending,580144.04,AUD,APAC,CP0064,FX,TDR0111,BOOK_B,2025-07-09
TXN0001690440,APP008,2025-08-02,settled,212482.87,AUD,LATAM,CP0102,FX,TDR0018,BOOK_A,2026-02-14
TXN0005884089,APP013,2025-03-12,reversed,721692.33,USD,LATAM,CP0386,BOND,TDR0149,BOOK_A,2026-03-10
TXN0005920082,APP009,2026-03-29,reversed,442686.11,USD,APAC,CP0007,FUTURE,TDR0062,BOOK_C,2025-05-06
TXN0005283844,APP014,2025-10-06,active,540511.11,EUR,APAC,CP0102,FUTURE,TDR0030,BOOK_A,2025-06-12
TXN0001260808,APP010,2026-01-13,reversed,340849.23,USD,LATAM,CP0466,FX,TDR0145,BOOK_A,2026-04-05
TXN0002111533,APP004,2025-02-13,active,375456.19,GBP,EMEA,CP0181,BOND,TDR0151,BOOK_C,2026-01-18
TXN0006697509,APP004,2025-11-12,pending,275810.84,GBP,LATAM,CP0426,FUTURE,TDR0121,BOOK_A,2025-06-22
TXN0007242131,APP018,2025-01-31,active,285265.55,AUD,APAC,CP0227,SWAP,TDR0054,BOOK_D,2025-10-01
TXN0002223117,APP013,2026-02-12,pending,532631.64,JPY,APAC,CP0348,SWAP,TDR0047,BOOK_B,2025-01-03
TXN0003470247,APP006,2025-10-15,settled,428206.74,CHF,AMER,CP0340,FUTURE,TDR0078,BOOK_C,2025-07-11
TXN0006443381,APP010,2025-06-25,pending,407579.21,CHF,EMEA,CP0352,BOND,TDR0125,BOOK_A,2025-11-27
TXN0004430263,APP018,2026-02-05,reversed,155921.91,JPY,EMEA,CP0435,SWAP,TDR0020,BOOK_A,2025-10-23
TXN0004251165,APP004,2025-10-01,pending,246890.71,USD,APAC,CP0247,FUTURE,TDR0021,BOOK_B,2025-01-07
TXN0002977631,APP017,2025-11-12,settled,823174.18,AUD,EMEA,CP0141,EQUITY,TDR0070,BOOK_C,2025-05-12
TXN0002725542,APP018,2025-11-20,failed,773777.47,EUR,AMER,CP0297,FUTURE,TDR0064,BOOK_D,2025-12-13
TXN0001039126,APP012,2026-03-18,reversed,982071.05,USD,EMEA,CP0225,EQUITY,TDR0131,BOOK_C,2025-04-23
TXN0008457288,APP006,2026-04-07,pending,251199.39,AUD,LATAM,CP0136,BOND,TDR0008,BOOK_A,2025-03-21
TXN0009560702,APP020,2025-08-11,failed,555402.83,USD,APAC,CP0351,BOND,TDR0199,BOOK_C,2025-01-12
TXN0001200003,APP011,2026-01-24,pending,747375.56,GBP,APAC,CP0457,FUTURE,TDR0073,BOOK_C,2025-12-05
TXN0004427418,APP001,2025-09-16,active,213501.08,AUD,LATAM,CP0117,SWAP,TDR0164,BOOK_B,2025-05-04
TXN0005920945,APP007,2025-07-21,settled,796615.28,EUR,EMEA,CP0184,SWAP,TDR0071,BOOK_D,2025-10-11
TXN0006528061,APP003,2025-05-05,pending,536070.14,JPY,EMEA,CP0255,OPTION,TDR0136,BOOK_D,2026-04-05
TXN0005660706,APP007,2025-03-06,active,574683.09,USD,AMER,CP0490,FX,TDR0092,BOOK_D,2025-01-19
TXN0002811549,APP009,2025-08-29,failed,165606.78,CHF,EMEA,CP0335,FUTURE,TDR0176,BOOK_C,2025-06-18
TXN0009944538,APP018,2025-01-11,active,250833.66,USD,LATAM,CP0252,OPTION,TDR0012,BOOK_C,2025-07-03
TXN0005635941,APP018,2025-09-26,pending,326892.9,USD,LATAM,CP0054,SWAP,TDR0117,BOOK_D,2025-11-07
TXN0008505331,APP012,2025-07-16,reversed,257807.52,AUD,EMEA,CP0271,EQUITY,TDR0174,BOOK_C,2026-03-25
TXN0006032886,APP012,2025-12-28,pending,77089.97,GBP,EMEA,CP0066,FUTURE,TDR0121,BOOK_C,2025-01-24
TXN0002466331,APP012,2025-09-02,reversed,4791.45,USD,LATAM,CP0075,SWAP,TDR0080,BOOK_B,2026-03-22
TXN0008169876,APP018,2025-06-07,reversed,466675.82,JPY,APAC,CP0284,FX,TDR0011,BOOK_B,2026-01-27
TXN0001221579,APP010,2025-11-11,reversed,268287.17,USD,AMER,CP0264,EQUITY,TDR0007,BOOK_A,2025-06-28
TXN0003789432,APP001,2025-08-19,active,529218.0,GBP,LATAM,CP0027,BOND,TDR0104,BOOK_C,2025-11-25
TXN0005733383,APP020,2025-11-21,reversed,916307.88,GBP,AMER,CP0259,FUTURE,TDR0022,BOOK_B,2026-02-04
TXN0000488223,APP006,2025-07-20,pending,341542.01,EUR,APAC,CP0403,SWAP,TDR0044,BOOK_B,2025-07-29
TXN0004270293,APP003,2025-04-19,active,585786.07,JPY,AMER,CP0447,BOND,TDR0036,BOOK_B,2025-01-17
TXN0005336409,APP008,2025-01-13,reversed,110800.4,AUD,LATAM,CP0070,OPTION,TDR0105,BOOK_D,2025-01-10
TXN0008040661,APP005,2025-03-30,settled,496533.3,JPY,AMER,CP0412,OPTION,TDR0014,BOOK_D,2025-12-29
TXN0008243572,APP005,2025-10-25,settled,752142.7,GBP,LATAM,CP0495,FX,TDR0084,BOOK_C,2026-01-29
TXN0009140933,APP001,2025-12-01,pending,693105.47,CHF,APAC,CP0427,FUTURE,TDR0149,BOOK_C,2025-04-14
TXN0000874275,APP005,2025-12-21,settled,145993.72,AUD,AMER,CP0232,BOND,TDR0176,BOOK_B,2025-04-17
TXN0007591857,APP016,2025-01-27,active,584275.14,EUR,EMEA,CP0392,OPTION,TDR0021,BOOK_B,2025-11-23
TXN0008809864,APP012,2025-08-30,settled,167180.46,USD,APAC,CP0387,FUTURE,TDR0161,BOOK_B,2025-05-08
TXN0007694075,APP005,2025-05-29,failed,797926.85,EUR,APAC,CP0491,FUTURE,TDR0074,BOOK_D,2025-04-23
TXN0004078023,APP003,2025-05-07,reversed,455607.43,GBP,AMER,CP0172,FUTURE,TDR0084,BOOK_A,2025-03-23
TXN0003016612,APP010,2026-01-01,active,472601.13,JPY,EMEA,CP0215,BOND,TDR0010,BOOK_A,2025-07-17
TXN0005067802,APP015,2025-05-25,reversed,806627.9,JPY,AMER,CP0247,BOND,TDR0199,BOOK_A,2025-12-28
TXN0007657887,APP011,2025-04-17,reversed,28647.89,USD,EMEA,CP0011,FX,TDR0013,BOOK_A,2025-12-18
TXN0001474875,APP011,2025-01-02,active,758557.98,EUR,AMER,CP0399,EQUITY,TDR0019,BOOK_A,2026-02-19
TXN0009437179,APP014,2025-11-16,failed,437865.6,JPY,APAC,CP0392,EQUITY,TDR0107,BOOK_A,2025-06-22
TXN0007481954,APP001,2025-03-11,failed,286535.98,EUR,EMEA,CP0109,FX,TDR0169,BOOK_C,2026-02-18
TXN0008475381,APP011,2026-02-04,pending,732131.98,CHF,APAC,CP0418,OPTION,TDR0062,BOOK_A,2025-09-10
TXN0008738803,APP012,2025-06-27,pending,706863.73,CHF,LATAM,CP0078,OPTION,TDR0086,BOOK_A,2026-04-04
TXN0008894503,APP002,2025-01-01,reversed,645618.8,USD,EMEA,CP0301,FUTURE,TDR0003,BOOK_D,2025-08-08
TXN0008092501,APP014,2025-05-28,failed,726210.03,USD,LATAM,CP0410,OPTION,TDR0136,BOOK_C,2025-05-03
TXN0008745228,APP013,2025-02-15,reversed,337548.53,GBP,LATAM,CP0468,SWAP,TDR0138,BOOK_D,2026-04-03
TXN0009093285,APP011,2025-01-02,settled,453943.83,GBP,APAC,CP0381,SWAP,TDR0033,BOOK_D,2026-02-18
TXN0005677415,APP017,2025-01-08,active,675555.44,AUD,AMER,CP0389,EQUITY,TDR0089,BOOK_A,2025-02-07
TXN0004698422,APP009,2026-03-03,reversed,642831.1,USD,LATAM,CP0493,SWAP,TDR0048,BOOK_A,2025-11-18
TXN0002686898,APP006,2025-12-04,pending,237588.45,CHF,LATAM,CP0497,FX,TDR0082,BOOK_A,2025-04-07
TXN0005366736,APP009,2026-01-16,failed,992541.68,USD,LATAM,CP0284,OPTION,TDR0055,BOOK_D,2025-02-10
TXN0001669768,APP006,2025-12-03,pending,249723.21,AUD,EMEA,CP0185,BOND,TDR0147,BOOK_D,2025-02-22
TXN0007909702,APP018,2025-11-27,settled,48349.16,AUD,EMEA,CP0147,OPTION,TDR0134,BOOK_C,2025-01-21
TXN0001699269,APP016,2025-09-12,failed,658809.78,AUD,APAC,CP0056,FUTURE,TDR0014,BOOK_A,2025-06-18
TXN0005738067,APP007,2025-08-08,pending,778716.3,CHF,APAC,CP0258,BOND,TDR0132,BOOK_A,2025-05-14
TXN0003814129,APP012,2026-04-02,failed,130147.22,GBP,AMER,CP0292,EQUITY,TDR0149,BOOK_C,2025-12-07
TXN0002788587,APP017,2025-10-26,active,525051.43,EUR,AMER,CP0071,EQUITY,TDR0040,BOOK_C,2025-11-07
TXN0006339001,APP009,2026-03-31,failed,457220.51,CHF,APAC,CP0364,BOND,TDR0056,BOOK_D,2026-03-15
TXN0008404915,APP005,2026-02-18,active,223401.63,CHF,EMEA,CP0420,FX,TDR0159,BOOK_B,2025-09-17
TXN0000516681,APP001,2025-02-10,pending,487581.9,CHF,LATAM,CP0275,SWAP,TDR0034,BOOK_B,2026-01-02
TXN0008792032,APP009,2025-12-14,settled,508727.78,USD,AMER,CP0175,EQUITY,TDR0163,BOOK_B,2025-09-30
TXN0008207046,APP019,2025-11-15,failed,385410.26,JPY,LATAM,CP0208,BOND,TDR0072,BOOK_B,2025-04-13
TXN0006089754,APP018,2026-01-16,active,852765.73,JPY,APAC,CP0138,EQUITY,TDR0173,BOOK_C,2025-11-07
TXN0007548340,APP012,2026-01-27,active,861477.85,USD,APAC,CP0379,EQUITY,TDR0179,BOOK_B,2025-08-04
TXN0006369265,APP002,2025-11-18,active,164114.08,GBP,LATAM,CP0460,BOND,TDR0053,BOOK_B,2026-03-19
TXN0009810704,APP014,2025-08-15,failed,570303.56,USD,AMER,CP0273,EQUITY,TDR0119,BOOK_D,2025-01-17
TXN0005760416,APP004,2025-03-20,active,669979.81,AUD,EMEA,CP0246,OPTION,TDR0109,BOOK_C,2025-12-24
TXN0007085834,APP002,2025-10-16,settled,532491.87,USD,EMEA,CP0336,FUTURE,TDR0187,BOOK_C,2026-02-19
TXN0000309001,APP020,2025-03-24,failed,425416.12,GBP,AMER,CP0337,EQUITY,TDR0024,BOOK_D,2025-06-21
TXN0006508532,APP019,2025-11-19,pending,9653.59,AUD,EMEA,CP0009,EQUITY,TDR0171,BOOK_A,2026-02-06
TXN0003141801,APP001,2025-09-03,active,725554.48,GBP,AMER,CP0090,FUTURE,TDR0159,BOOK_C,2026-03-26
TXN0007255595,APP008,2025-01-14,pending,284480.02,CHF,APAC,CP0001,SWAP,TDR0111,BOOK_D,2025-09-19
TXN0005845054,APP019,2025-11-13,pending,384568.38,AUD,APAC,CP0224,SWAP,TDR0066,BOOK_B,2025-02-08
TXN0009700068,APP019,2026-03-25,active,632315.55,USD,LATAM,CP0024,EQUITY,TDR0145,BOOK_A,2026-03-31
TXN0003694470,APP019,2025-11-29,active,752287.12,GBP,EMEA,CP0160,FX,TDR0016,BOOK_C,2025-07-08
TXN0009488853,APP018,2025-11-07,pending,316398.91,AUD,LATAM,CP0090,SWAP,TDR0174,BOOK_C,2025-01-09
TXN0006536041,APP012,2025-03-30,active,563146.12,AUD,APAC,CP0201,EQUITY,TDR0023,BOOK_A,2025-04-18
TXN0000138096,APP017,2026-01-10,failed,452359.75,AUD,APAC,CP0180,SWAP,TDR0030,BOOK_A,2025-01-10
TXN0006374460,APP002,2026-03-20,settled,115898.45,EUR,AMER,CP0234,BOND,TDR0117,BOOK_A,2026-04-09
TXN0008733821,APP012,2026-04-10,failed,558384.17,JPY,APAC,CP0361,SWAP,TDR0023,BOOK_B,2026-03-11
TXN0009787973,APP011,2025-05-24,active,902848.76,JPY,EMEA,CP0202,SWAP,TDR0062,BOOK_B,2026-04-09
TXN0005402578,APP004,2025-05-08,settled,706132.98,EUR,LATAM,CP0036,OPTION,TDR0120,BOOK_D,2025-10-01
TXN0001914758,APP007,2025-03-16,pending,402154.0,EUR,EMEA,CP0287,SWAP,TDR0142,BOOK_A,2025-09-06
TXN0000227126,APP016,2025-04-10,active,550658.28,GBP,APAC,CP0165,FUTURE,TDR0047,BOOK_A,2025-07-13
TXN0007894815,APP017,2025-05-14,reversed,17451.83,AUD,LATAM,CP0122,EQUITY,TDR0101,BOOK_C,2026-03-20
TXN0002022508,APP014,2026-03-25,failed,97467.74,JPY,EMEA,CP0399,OPTION,TDR0142,BOOK_D,2025-11-12
TXN0004972573,APP018,2025-08-24,failed,26469.3,USD,LATAM,CP0302,FX,TDR0145,BOOK_A,2025-05-20
TXN0003852998,APP012,2026-02-28,active,760485.79,GBP,LATAM,CP0095,FX,TDR0195,BOOK_A,2025-04-21
TXN0009860083,APP012,2025-12-10,pending,682852.28,EUR,EMEA,CP0038,FUTURE,TDR0192,BOOK_A,2025-01-13
TXN0007734132,APP002,2026-03-05,pending,383440.73,AUD,EMEA,CP0340,FX,TDR0165,BOOK_D,2026-03-21
TXN0006009038,APP001,2025-11-11,reversed,993816.36,USD,APAC,CP0230,FUTURE,TDR0072,BOOK_D,2025-05-25
TXN0005265992,APP011,2025-04-04,failed,128548.47,USD,AMER,CP0323,EQUITY,TDR0187,BOOK_C,2025-03-08
TXN0007381654,APP020,2025-11-06,failed,412449.34,GBP,APAC,CP0128,FUTURE,TDR0092,BOOK_D,2025-07-26
TXN0004580698,APP011,2025-01-06,failed,932046.14,EUR,AMER,CP0318,EQUITY,TDR0070,BOOK_A,2025-02-27
TXN0004784316,APP010,2026-02-06,pending,126828.4,CHF,AMER,CP0287,BOND,TDR0060,BOOK_C,2026-01-21
TXN0008526390,APP008,2025-08-04,pending,67556.95,AUD,EMEA,CP0284,FX,TDR0061,BOOK_D,2025-06-18
TXN0001167627,APP010,2025-03-27,active,615798.21,JPY,AMER,CP0179,EQUITY,TDR0180,BOOK_D,2025-12-18
TXN0006991312,APP012,2025-03-20,settled,305483.44,GBP,EMEA,CP0075,FUTURE,TDR0069,BOOK_B,2025-07-03
TXN0007262598,APP002,2025-08-17,settled,140369.07,CHF,EMEA,CP0089,FX,TDR0096,BOOK_D,2025-12-06
TXN0001781312,APP012,2025-02-27,active,499354.15,USD,AMER,CP0445,FUTURE,TDR0051,BOOK_D,2026-02-17
TXN0004310359,APP015,2025-05-26,reversed,934381.07,CHF,LATAM,CP0094,FUTURE,TDR0064,BOOK_B,2025-01-27
TXN0007866874,APP014,2026-03-10,pending,225660.18,CHF,LATAM,CP0254,FX,TDR0158,BOOK_D,2026-02-25
TXN0002996413,APP001,2025-10-31,active,842325.48,CHF,AMER,CP0387,FX,TDR0122,BOOK_D,2026-04-06
TXN0008137393,APP009,2025-08-10,reversed,308699.99,USD,APAC,CP0240,BOND,TDR0189,BOOK_B,2025-11-02
TXN0002001952,APP015,2025-05-05,settled,522992.81,JPY,LATAM,CP0492,BOND,TDR0163,BOOK_A,2025-03-07
TXN0007939236,APP003,2025-05-13,failed,600118.5,USD,LATAM,CP0413,EQUITY,TDR0158,BOOK_C,2025-08-10
TXN0006228323,APP003,2026-01-09,failed,101703.91,CHF,EMEA,CP0034,FX,TDR0068,BOOK_B,2025-07-29
TXN0009470633,APP014,2025-05-22,active,326150.62,JPY,EMEA,CP0436,EQUITY,TDR0078,BOOK_B,2025-03-25
TXN0001126135,APP018,2026-01-17,failed,437353.21,EUR,AMER,CP0025,FX,TDR0141,BOOK_C,2026-03-31
TXN0002600792,APP015,2025-11-16,failed,181292.85,AUD,EMEA,CP0380,BOND,TDR0092,BOOK_B,2025-08-16
TXN0000799335,APP003,2025-04-30,reversed,125872.47,JPY,EMEA,CP0114,FUTURE,TDR0063,BOOK_C,2025-02-23
TXN0004661722,APP005,2025-12-19,pending,66707.47,GBP,EMEA,CP0254,FUTURE,TDR0107,BOOK_B,2025-09-25
TXN0003401394,APP020,2026-03-26,active,886854.04,EUR,EMEA,CP0034,FX,TDR0051,BOOK_B,2025-05-28
TXN0008923425,APP002,2026-01-22,reversed,138077.14,GBP,APAC,CP0154,FX,TDR0194,BOOK_B,2025-08-25
TXN0005392890,APP016,2025-05-28,active,708431.51,CHF,APAC,CP0383,EQUITY,TDR0120,BOOK_A,2025-08-05
TXN0004038687,APP009,2025-05-28,settled,125360.15,EUR,AMER,CP0438,BOND,TDR0082,BOOK_D,2025-12-17
TXN0000412590,APP002,2025-08-25,failed,897437.11,GBP,EMEA,CP0236,EQUITY,TDR0117,BOOK_B,2025-04-18
TXN0004373747,APP017,2025-02-24,reversed,85105.9,JPY,EMEA,CP0201,EQUITY,TDR0174,BOOK_A,2025-11-27
TXN0004466846,APP002,2025-02-16,failed,943821.7,CHF,LATAM,CP0168,FX,TDR0144,BOOK_B,2025-12-25
TXN0001964568,APP019,2025-11-20,failed,843652.46,USD,EMEA,CP0243,FX,TDR0011,BOOK_A,2025-05-28
TXN0000501726,APP018,2025-08-31,active,234902.65,USD,LATAM,CP0390,EQUITY,TDR0144,BOOK_A,2025-02-27
TXN0001230007,APP020,2025-08-09,reversed,893414.16,AUD,LATAM,CP0315,SWAP,TDR0199,BOOK_A,2026-01-25
TXN0006933309,APP015,2025-05-19,active,359529.78,JPY,LATAM,CP0489,BOND,TDR0155,BOOK_B,2025-10-21
TXN0001628069,APP006,2025-07-16,failed,39369.79,JPY,AMER,CP0304,OPTION,TDR0176,BOOK_A,2025-01-05
TXN0001129941,APP005,2025-10-16,reversed,689834.71,AUD,AMER,CP0162,SWAP,TDR0100,BOOK_B,2025-05-29
TXN0000623023,APP008,2025-10-07,active,260880.31,CHF,AMER,CP0356,FX,TDR0050,BOOK_C,2025-01-30
TXN0004958349,APP018,2026-02-13,pending,267485.94,JPY,AMER,CP0100,OPTION,TDR0166,BOOK_B,2025-02-05
TXN0004949852,APP019,2025-06-13,active,172017.53,EUR,EMEA,CP0312,FX,TDR0020,BOOK_C,2025-09-12
TXN0005725727,APP011,2025-04-01,active,687137.79,JPY,AMER,CP0446,SWAP,TDR0100,BOOK_D,2025-04-02
TXN0007508370,APP008,2025-06-20,active,984182.87,JPY,EMEA,CP0483,SWAP,TDR0172,BOOK_C,2025-10-15
TXN0002467934,APP006,2025-08-15,pending,297125.24,CHF,LATAM,CP0231,OPTION,TDR0014,BOOK_B,2025-07-16
TXN0008828013,APP006,2025-10-08,pending,851372.5,EUR,AMER,CP0190,SWAP,TDR0127,BOOK_D,2025-02-05
TXN0007401050,APP012,2025-06-15,active,925146.34,EUR,LATAM,CP0054,EQUITY,TDR0048,BOOK_A,2026-02-08
TXN0004757291,APP002,2026-02-11,settled,498767.93,CHF,EMEA,CP0294,FUTURE,TDR0036,BOOK_C,2025-01-04
TXN0009039959,APP015,2025-07-13,pending,769735.09,CHF,APAC,CP0159,BOND,TDR0098,BOOK_C,2025-11-18
TXN0003786282,APP001,2025-09-26,settled,496705.38,JPY,APAC,CP0251,SWAP,TDR0101,BOOK_B,2025-04-15
TXN0003032494,APP012,2026-02-10,failed,733713.79,JPY,EMEA,CP0310,FX,TDR0092,BOOK_C,2026-03-20
TXN0005106995,APP019,2026-01-22,active,554652.33,CHF,EMEA,CP0336,SWAP,TDR0171,BOOK_D,2025-09-08
TXN0001988580,APP002,2025-08-17,reversed,404654.03,AUD,APAC,CP0266,BOND,TDR0036,BOOK_C,2025-01-07
TXN0008296686,APP010,2025-06-09,failed,767677.7,JPY,EMEA,CP0284,OPTION,TDR0054,BOOK_A,2026-03-13
TXN0009022558,APP006,2025-08-14,pending,51242.3,CHF,LATAM,CP0487,FX,TDR0097,BOOK_A,2025-05-06
TXN0008063091,APP006,2025-01-27,settled,977843.41,USD,EMEA,CP0480,BOND,TDR0096,BOOK_B,2026-02-23
TXN0002561144,APP016,2025-05-04,settled,897542.21,GBP,APAC,CP0208,FX,TDR0062,BOOK_D,2025-01-19
TXN0007393202,APP020,2025-07-02,reversed,882382.45,AUD,EMEA,CP0070,FUTURE,TDR0020,BOOK_C,2025-07-29
TXN0007066276,APP004,2025-12-11,pending,489620.79,USD,AMER,CP0449,SWAP,TDR0158,BOOK_A,2026-03-12
TXN0008963318,APP020,2026-01-14,reversed,344492.56,JPY,LATAM,CP0030,FX,TDR0056,BOOK_B,2025-06-05
TXN0008448190,APP010,2025-12-16,active,836194.78,EUR,APAC,CP0170,FUTURE,TDR0125,BOOK_D,2025-04-30
TXN0004189871,APP012,2026-01-22,pending,49391.09,EUR,APAC,CP0056,BOND,TDR0196,BOOK_D,2026-03-02
TXN0005355836,APP005,2026-03-08,settled,460212.27,EUR,EMEA,CP0449,OPTION,TDR0181,BOOK_A,2025-05-01
TXN0008330140,APP008,2025-09-30,active,219376.0,GBP,EMEA,CP0490,BOND,TDR0118,BOOK_A,2025-10-20
TXN0003204879,APP002,2025-06-15,active,290096.47,CHF,EMEA,CP0002,OPTION,TDR0164,BOOK_A,2025-01-16
TXN0000655559,APP003,2025-09-11,active,345743.44,USD,APAC,CP0036,EQUITY,TDR0072,BOOK_B,2025-10-27
TXN0001647747,APP012,2026-03-31,settled,901552.44,JPY,LATAM,CP0366,FX,TDR0074,BOOK_C,2026-02-12
TXN0007563562,APP019,2025-10-13,reversed,373738.33,EUR,AMER,CP0106,FUTURE,TDR0070,BOOK_B,2025-06-24
TXN0003005036,APP016,2025-09-19,active,847504.45,JPY,APAC,CP0070,FUTURE,TDR0195,BOOK_A,2025-11-22
TXN0004504321,APP001,2025-09-18,failed,570522.11,USD,AMER,CP0197,SWAP,TDR0098,BOOK_B,2025-04-07
TXN0004151499,APP019,2025-10-17,pending,674813.4,GBP,LATAM,CP0233,FX,TDR0073,BOOK_D,2025-06-09
TXN0004788600,APP010,2025-04-07,active,167528.92,USD,AMER,CP0291,FUTURE,TDR0177,BOOK_C,2026-02-02
TXN0000222408,APP005,2025-10-08,settled,759569.17,EUR,LATAM,CP0457,FX,TDR0180,BOOK_A,2025-04-08
TXN0006993467,APP005,2025-04-16,reversed,859728.67,CHF,LATAM,CP0026,OPTION,TDR0114,BOOK_D,2025-02-22
TXN0001790871,APP018,2025-09-22,reversed,928276.17,AUD,LATAM,CP0006,SWAP,TDR0124,BOOK_D,2025-10-31
TXN0008197818,APP013,2026-03-04,pending,694300.64,AUD,EMEA,CP0214,FX,TDR0069,BOOK_C,2025-10-02
TXN0003537837,APP015,2026-03-03,settled,15396.1,EUR,APAC,CP0021,FUTURE,TDR0156,BOOK_D,2025-08-22
TXN0003483976,APP011,2025-12-14,pending,396126.73,JPY,EMEA,CP0189,OPTION,TDR0130,BOOK_A,2025-08-06
TXN0005974735,APP017,2025-10-04,settled,678198.86,GBP,APAC,CP0080,OPTION,TDR0059,BOOK_D,2025-12-22
TXN0001370463,APP018,2025-05-23,active,505863.23,CHF,EMEA,CP0112,SWAP,TDR0177,BOOK_A,2025-09-16
TXN0009298368,APP009,2026-02-06,reversed,41660.0,AUD,APAC,CP0049,BOND,TDR0072,BOOK_B,2025-11-03
TXN0008212609,APP005,2026-01-23,failed,916593.14,CHF,LATAM,CP0253,SWAP,TDR0073,BOOK_C,2025-01-03
TXN0000144898,APP013,2025-06-22,reversed,536091.33,AUD,LATAM,CP0315,OPTION,TDR0032,BOOK_D,2025-10-01
TXN0005040167,APP011,2025-04-12,failed,217132.94,EUR,APAC,CP0464,FUTURE,TDR0033,BOOK_B,2025-09-14
TXN0002799383,APP017,2025-04-06,pending,828452.78,AUD,APAC,CP0016,FUTURE,TDR0106,BOOK_A,2025-01-04
TXN0001016422,APP006,2025-10-16,settled,290162.0,GBP,LATAM,CP0065,FUTURE,TDR0120,BOOK_D,2025-08-23
TXN0002909759,APP020,2025-01-23,reversed,58955.79,JPY,EMEA,CP0334,FX,TDR0096,BOOK_D,2025-12-07
TXN0006509385,APP019,2025-02-01,settled,633400.59,AUD,AMER,CP0294,OPTION,TDR0162,BOOK_B,2025-03-05
TXN0005458812,APP012,2025-04-19,reversed,783382.12,JPY,LATAM,CP0203,SWAP,TDR0147,BOOK_B,2025-07-16
TXN0002884934,APP016,2025-07-18,settled,417712.13,EUR,EMEA,CP0202,BOND,TDR0007,BOOK_D,2026-03-06
TXN0006441920,APP020,2025-04-04,active,303208.8,AUD,EMEA,CP0199,FX,TDR0019,BOOK_B,2025-06-03
TXN0009019449,APP017,2026-01-10,settled,824254.64,GBP,AMER,CP0364,OPTION,TDR0032,BOOK_D,2025-09-05
TXN0001810208,APP003,2025-03-22,active,548866.16,CHF,APAC,CP0029,FX,TDR0190,BOOK_C,2026-03-13
TXN0004815269,APP018,2025-06-16,failed,359372.92,JPY,APAC,CP0296,BOND,TDR0129,BOOK_C,2025-11-05
TXN0004433158,APP009,2025-05-17,failed,363908.97,USD,EMEA,CP0268,FX,TDR0052,BOOK_C,2025-07-24
TXN0009731147,APP003,2026-03-02,settled,536370.45,EUR,EMEA,CP0271,BOND,TDR0182,BOOK_B,2026-02-23
TXN0002531170,APP008,2025-05-22,reversed,39914.37,USD,APAC,CP0152,FX,TDR0099,BOOK_C,2025-05-28
TXN0005598933,APP011,2026-01-05,active,795329.45,EUR,APAC,CP0457,EQUITY,TDR0167,BOOK_D,2025-11-03
TXN0004450294,APP012,2025-11-15,active,457015.17,EUR,EMEA,CP0085,BOND,TDR0111,BOOK_D,2025-10-09
TXN0000773332,APP007,2025-03-05,settled,983670.99,AUD,LATAM,CP0249,SWAP,TDR0050,BOOK_C,2025-06-05
TXN0004189805,APP007,2025-07-20,failed,469326.57,JPY,LATAM,CP0457,OPTION,TDR0001,BOOK_B,2025-09-12
TXN0006917415,APP003,2025-07-19,pending,578132.46,CHF,EMEA,CP0335,SWAP,TDR0001,BOOK_A,2025-01-07
TXN0004853692,APP019,2025-01-19,active,155547.06,GBP,LATAM,CP0284,SWAP,TDR0156,BOOK_D,2025-05-16
TXN0005428846,APP020,2026-04-14,pending,158921.66,CHF,EMEA,CP0488,EQUITY,TDR0047,BOOK_A,2025-07-05
TXN0004288369,APP003,2025-01-29,active,150546.16,CHF,AMER,CP0169,SWAP,TDR0011,BOOK_D,2025-07-26
TXN0003163891,APP010,2026-04-09,failed,170554.45,EUR,LATAM,CP0224,FX,TDR0019,BOOK_D,2025-10-07
TXN0001144544,APP008,2025-03-24,reversed,597009.03,JPY,AMER,CP0199,SWAP,TDR0044,BOOK_C,2025-06-23
TXN0001034169,APP017,2025-09-03,settled,144124.76,EUR,LATAM,CP0030,FX,TDR0199,BOOK_A,2026-04-02
TXN0007819405,APP017,2026-03-17,failed,329636.83,AUD,AMER,CP0021,SWAP,TDR0142,BOOK_D,2025-01-13
TXN0007239648,APP012,2025-08-21,active,63305.31,EUR,LATAM,CP0175,BOND,TDR0071,BOOK_B,2025-10-08
TXN0006702231,APP010,2026-01-25,settled,325617.28,GBP,LATAM,CP0177,BOND,TDR0034,BOOK_A,2026-02-25
TXN0003583496,APP018,2025-09-18,settled,389854.19,USD,AMER,CP0332,FX,TDR0063,BOOK_A,2025-03-18
TXN0001670654,APP010,2025-04-27,active,655162.21,CHF,LATAM,CP0212,FUTURE,TDR0084,BOOK_C,2025-05-13
TXN0005305965,APP019,2025-01-28,reversed,931779.15,CHF,EMEA,CP0360,OPTION,TDR0023,BOOK_B,2025-09-23
TXN0008909147,APP017,2025-06-22,pending,963554.69,JPY,AMER,CP0131,FX,TDR0034,BOOK_D,2025-01-13
TXN0006727687,APP002,2025-04-06,active,547216.92,AUD,LATAM,CP0358,FUTURE,TDR0200,BOOK_D,2025-12-01
TXN0007743898,APP007,2025-05-05,settled,846577.59,USD,EMEA,CP0385,EQUITY,TDR0192,BOOK_C,2026-04-03
TXN0005073764,APP012,2025-06-07,settled,407227.85,USD,AMER,CP0414,OPTION,TDR0084,BOOK_C,2025-05-09
TXN0009123159,APP001,2025-06-07,active,830230.81,CHF,EMEA,CP0237,SWAP,TDR0084,BOOK_A,2026-02-23
TXN0000882323,APP020,2025-04-24,active,501704.39,CHF,EMEA,CP0087,FX,TDR0092,BOOK_A,2025-11-02
TXN0004686193,APP006,2025-10-19,reversed,311378.51,CHF,APAC,CP0378,OPTION,TDR0116,BOOK_C,2025-10-09
TXN0000850300,APP013,2025-10-11,failed,471152.03,EUR,EMEA,CP0249,EQUITY,TDR0168,BOOK_C,2026-03-06
TXN0009759097,APP012,2025-06-23,active,842367.14,USD,LATAM,CP0121,FUTURE,TDR0083,BOOK_D,2025-06-07
TXN0001581221,APP006,2026-03-25,reversed,202943.57,EUR,AMER,CP0166,EQUITY,TDR0133,BOOK_A,2025-04-27
TXN0003001875,APP020,2025-12-24,settled,632479.26,USD,LATAM,CP0299,SWAP,TDR0161,BOOK_D,2026-01-10
TXN0009063430,APP002,2025-05-10,settled,641088.23,EUR,EMEA,CP0134,OPTION,TDR0105,BOOK_D,2025-01-13
TXN0007774982,APP016,2025-07-24,reversed,568026.75,USD,APAC,CP0162,EQUITY,TDR0163,BOOK_D,2025-04-23
TXN0001312897,APP018,2025-10-28,active,130888.97,USD,LATAM,CP0385,FX,TDR0098,BOOK_A,2025-06-14
TXN0007957330,APP020,2025-01-27,settled,392423.29,USD,EMEA,CP0218,FX,TDR0043,BOOK_C,2025-12-26
TXN0004497066,APP002,2025-02-26,settled,778266.01,GBP,AMER,CP0441,BOND,TDR0143,BOOK_C,2025-05-31
TXN0006886154,APP007,2025-11-08,pending,762879.45,GBP,EMEA,CP0420,FUTURE,TDR0033,BOOK_A,2026-04-09
TXN0007936306,APP011,2025-09-07,failed,107013.67,GBP,APAC,CP0277,SWAP,TDR0161,BOOK_C,2025-10-01
TXN0007196392,APP018,2025-01-14,pending,514603.17,GBP,AMER,CP0404,OPTION,TDR0057,BOOK_B,2025-02-07
TXN0001501512,APP009,2025-05-16,reversed,588423.74,AUD,APAC,CP0498,FUTURE,TDR0049,BOOK_C,2025-12-13
TXN0004762184,APP019,2025-08-27,failed,552350.68,AUD,EMEA,CP0285,SWAP,TDR0153,BOOK_D,2026-02-15
TXN0006364037,APP014,2025-08-30,active,490979.67,JPY,APAC,CP0052,BOND,TDR0157,BOOK_C,2025-04-22
TXN0004242623,APP016,2025-06-05,failed,707743.89,EUR,AMER,CP0049,OPTION,TDR0187,BOOK_A,2025-10-03
TXN0008555127,APP009,2025-11-27,pending,556673.05,USD,AMER,CP0147,SWAP,TDR0190,BOOK_A,2026-02-16
TXN0000571058,APP002,2025-03-07,pending,660886.9,EUR,EMEA,CP0257,OPTION,TDR0145,BOOK_A,2025-12-17
TXN0006032984,APP016,2026-04-14,reversed,495883.89,EUR,LATAM,CP0150,EQUITY,TDR0174,BOOK_B,2026-03-25
TXN0006818550,APP019,2025-05-30,settled,627679.65,USD,APAC,CP0021,FX,TDR0080,BOOK_D,2025-07-30
TXN0004112343,APP002,2025-03-08,pending,524720.75,GBP,APAC,CP0243,FUTURE,TDR0056,BOOK_B,2025-01-05
TXN0008177798,APP020,2025-10-09,active,326983.93,GBP,EMEA,CP0490,EQUITY,TDR0100,BOOK_A,2025-01-09
TXN0005218799,APP010,2025-07-26,reversed,776749.97,GBP,AMER,CP0102,SWAP,TDR0082,BOOK_C,2026-03-10
TXN0006908457,APP011,2026-04-01,active,850771.78,USD,LATAM,CP0290,SWAP,TDR0058,BOOK_C,2026-01-25
TXN0004832595,APP004,2025-02-24,pending,232295.21,CHF,APAC,CP0191,EQUITY,TDR0038,BOOK_B,2025-01-09
TXN0001535359,APP003,2025-08-19,pending,935824.13,JPY,LATAM,CP0025,FX,TDR0004,BOOK_D,2025-09-04
TXN0008894349,APP017,2025-10-13,active,703596.07,EUR,LATAM,CP0134,BOND,TDR0128,BOOK_B,2025-02-13
TXN0009748737,APP001,2026-04-09,reversed,118362.81,CHF,APAC,CP0309,SWAP,TDR0097,BOOK_D,2025-01-03
TXN0005376224,APP004,2025-12-29,active,371517.51,GBP,EMEA,CP0223,OPTION,TDR0132,BOOK_D,2025-09-16
TXN0009014340,APP018,2025-04-14,pending,357231.44,GBP,AMER,CP0325,OPTION,TDR0098,BOOK_A,2026-01-13
TXN0004029972,APP014,2025-12-24,failed,904079.74,AUD,AMER,CP0127,FUTURE,TDR0154,BOOK_A,2025-05-17
TXN0000534599,APP004,2026-02-20,failed,226553.17,JPY,EMEA,CP0092,SWAP,TDR0053,BOOK_B,2026-01-26
TXN0003322215,APP019,2025-09-14,reversed,604851.39,GBP,APAC,CP0141,OPTION,TDR0141,BOOK_C,2025-11-17
TXN0003750328,APP001,2025-01-18,active,290141.65,CHF,AMER,CP0013,BOND,TDR0031,BOOK_A,2025-12-15
TXN0007427154,APP012,2025-11-23,settled,211510.61,GBP,EMEA,CP0156,FUTURE,TDR0145,BOOK_B,2025-05-26
TXN0000745185,APP002,2026-03-23,pending,267701.38,USD,AMER,CP0255,SWAP,TDR0071,BOOK_D,2025-02-24
TXN0005603829,APP002,2025-08-07,settled,499715.86,JPY,AMER,CP0403,FUTURE,TDR0021,BOOK_A,2025-07-25
TXN0000838966,APP007,2025-03-30,settled,546252.85,EUR,EMEA,CP0094,EQUITY,TDR0124,BOOK_C,2025-06-08
TXN0008452286,APP013,2026-02-20,active,564927.67,AUD,AMER,CP0464,FX,TDR0085,BOOK_C,2025-12-01
TXN0000199126,APP009,2025-10-31,failed,109453.63,USD,APAC,CP0131,FX,TDR0034,BOOK_C,2025-05-31
TXN0007076464,APP011,2025-09-22,failed,986916.82,GBP,EMEA,CP0343,FUTURE,TDR0140,BOOK_B,2025-10-31
TXN0008215216,APP009,2026-04-07,pending,729914.83,JPY,APAC,CP0407,OPTION,TDR0019,BOOK_C,2026-02-08
TXN0002924566,APP018,2025-11-04,settled,269551.67,USD,AMER,CP0228,FX,TDR0180,BOOK_C,2026-04-08
TXN0006979194,APP008,2025-02-16,settled,535025.99,AUD,AMER,CP0499,BOND,TDR0121,BOOK_D,2026-02-11
TXN0006348662,APP011,2026-02-22,settled,696846.78,EUR,AMER,CP0136,SWAP,TDR0150,BOOK_C,2025-12-12
TXN0000177158,APP008,2025-03-06,reversed,557933.23,GBP,EMEA,CP0326,FUTURE,TDR0007,BOOK_D,2025-02-13
TXN0000104442,APP019,2025-04-19,active,315538.5,GBP,LATAM,CP0417,FX,TDR0155,BOOK_A,2025-01-11
TXN0002890942,APP017,2025-10-23,reversed,987471.27,EUR,LATAM,CP0017,OPTION,TDR0200,BOOK_D,2025-05-31
TXN0001549890,APP019,2026-03-13,reversed,112799.55,AUD,APAC,CP0026,BOND,TDR0157,BOOK_C,2025-05-17
TXN0009383314,APP004,2026-03-14,settled,235830.47,USD,LATAM,CP0305,EQUITY,TDR0126,BOOK_B,2025-11-22
TXN0005139387,APP017,2025-06-25,failed,852322.86,EUR,EMEA,CP0292,FX,TDR0062,BOOK_C,2026-01-26
TXN0007137370,APP017,2025-05-07,active,360048.01,AUD,AMER,CP0003,EQUITY,TDR0031,BOOK_D,2025-05-04
TXN0006085429,APP011,2025-10-15,active,737699.63,AUD,AMER,CP0265,FX,TDR0188,BOOK_A,2026-02-28
TXN0008796449,APP007,2025-08-27,settled,380528.88,AUD,APAC,CP0380,OPTION,TDR0042,BOOK_A,2025-08-27
TXN0002514593,APP014,2025-04-12,active,51252.29,USD,APAC,CP0424,OPTION,TDR0190,BOOK_C,2026-03-22
TXN0008603116,APP016,2025-08-12,active,937452.15,AUD,LATAM,CP0296,BOND,TDR0168,BOOK_C,2025-02-23
TXN0000645222,APP010,2026-03-25,pending,860520.49,GBP,EMEA,CP0482,SWAP,TDR0140,BOOK_D,2025-05-20
TXN0001034473,APP013,2025-04-21,failed,628924.92,USD,LATAM,CP0266,EQUITY,TDR0111,BOOK_B,2025-07-02
TXN0005797733,APP003,2025-05-28,settled,346922.87,GBP,EMEA,CP0037,FUTURE,TDR0099,BOOK_D,2025-07-02
TXN0000288746,APP011,2026-02-26,failed,8700.14,CHF,LATAM,CP0082,FX,TDR0199,BOOK_C,2025-10-22
TXN0001007533,APP006,2025-12-13,reversed,375578.45,USD,LATAM,CP0233,FX,TDR0049,BOOK_B,2025-04-11
TXN0002349493,APP018,2025-09-22,failed,918329.85,AUD,LATAM,CP0387,OPTION,TDR0040,BOOK_C,2026-01-16
TXN0007325828,APP011,2025-07-16,active,787106.85,JPY,AMER,CP0031,BOND,TDR0191,BOOK_D,2026-01-31
TXN0009108037,APP019,2026-04-06,reversed,52233.31,JPY,LATAM,CP0274,EQUITY,TDR0020,BOOK_B,2025-08-11
TXN0004328179,APP006,2026-03-11,settled,729010.29,EUR,EMEA,CP0424,SWAP,TDR0019,BOOK_D,2026-03-04
TXN0002896004,APP015,2025-11-09,pending,204667.85,GBP,APAC,CP0284,BOND,TDR0045,BOOK_D,2025-09-15
TXN0001272878,APP011,2025-01-13,settled,736962.45,USD,LATAM,CP0147,OPTION,TDR0094,BOOK_C,2026-02-04
TXN0003394476,APP005,2025-08-11,active,437141.77,AUD,LATAM,CP0068,FX,TDR0029,BOOK_B,2025-06-29
TXN0008100205,APP011,2025-03-02,failed,134158.13,JPY,LATAM,CP0461,SWAP,TDR0082,BOOK_C,2025-04-04
TXN0007859978,APP005,2025-06-03,pending,933894.99,USD,LATAM,CP0278,SWAP,TDR0184,BOOK_B,2025-05-27
TXN0009066348,APP016,2025-11-15,reversed,923852.81,AUD,LATAM,CP0074,BOND,TDR0036,BOOK_C,2025-06-01
TXN0002812028,APP001,2025-04-08,failed,921927.09,USD,LATAM,CP0384,BOND,TDR0100,BOOK_B,2025-03-02
TXN0006979295,APP002,2026-01-08,pending,712803.44,AUD,AMER,CP0156,SWAP,TDR0048,BOOK_C,2025-06-21
TXN0004891564,APP010,2026-03-09,failed,865641.99,AUD,LATAM,CP0009,FX,TDR0130,BOOK_B,2025-12-01
TXN0000966561,APP017,2025-12-23,settled,193598.61,USD,AMER,CP0298,EQUITY,TDR0017,BOOK_D,2025-02-17
TXN0005609492,APP015,2026-04-04,pending,78694.96,AUD,AMER,CP0411,BOND,TDR0041,BOOK_C,2025-06-27
TXN0004892242,APP008,2025-11-09,pending,426896.8,JPY,AMER,CP0272,FUTURE,TDR0027,BOOK_B,2025-02-17
TXN0005911785,APP006,2025-01-17,settled,582673.68,GBP,LATAM,CP0124,BOND,TDR0047,BOOK_B,2025-10-07
TXN0008793123,APP004,2025-08-07,pending,383082.97,JPY,APAC,CP0411,SWAP,TDR0135,BOOK_B,2025-05-26
TXN0000882565,APP015,2026-01-17,failed,386804.48,EUR,AMER,CP0245,SWAP,TDR0117,BOOK_C,2025-06-23
TXN0000160673,APP002,2026-03-26,settled,74527.9,JPY,APAC,CP0374,FUTURE,TDR0118,BOOK_D,2025-05-02
TXN0009575630,APP002,2026-02-23,active,139158.81,USD,EMEA,CP0032,SWAP,TDR0130,BOOK_D,2025-03-29
TXN0006240990,APP002,2025-08-14,reversed,474623.46,EUR,AMER,CP0092,SWAP,TDR0067,BOOK_A,2025-11-09
TXN0001526155,APP009,2025-09-07,pending,177221.43,EUR,APAC,CP0282,SWAP,TDR0019,BOOK_A,2026-03-14
TXN0007678809,APP011,2025-04-24,settled,444308.9,GBP,APAC,CP0290,BOND,TDR0130,BOOK_C,2025-11-21
TXN0005535172,APP007,2025-03-14,settled,926717.49,USD,LATAM,CP0069,OPTION,TDR0121,BOOK_D,2025-04-14
TXN0008699765,APP004,2025-07-27,failed,23728.36,EUR,APAC,CP0359,FX,TDR0024,BOOK_D,2025-07-29
TXN0001786598,APP009,2025-01-10,active,332131.91,CHF,LATAM,CP0257,SWAP,TDR0111,BOOK_B,2025-08-06
TXN0004826758,APP009,2025-05-13,failed,718968.51,USD,APAC,CP0388,FX,TDR0117,BOOK_D,2025-10-21
TXN0003466546,APP014,2025-03-15,failed,969763.23,JPY,AMER,CP0130,FX,TDR0022,BOOK_C,2025-02-27
TXN0007797710,APP018,2025-08-21,active,463580.16,AUD,AMER,CP0189,FX,TDR0181,BOOK_B,2025-01-05
TXN0000570015,APP001,2025-07-31,settled,368597.82,AUD,AMER,CP0160,EQUITY,TDR0138,BOOK_A,2025-12-26
TXN0005816416,APP001,2025-08-20,settled,801377.47,AUD,AMER,CP0114,FUTURE,TDR0137,BOOK_B,2025-10-28
TXN0008532184,APP019,2025-01-12,pending,165929.72,GBP,APAC,CP0253,OPTION,TDR0124,BOOK_C,2025-10-08
TXN0004939463,APP008,2025-10-01,pending,139568.95,AUD,EMEA,CP0003,FX,TDR0022,BOOK_A,2025-09-11
TXN0007966318,APP001,2026-01-03,pending,8741.35,GBP,AMER,CP0029,SWAP,TDR0188,BOOK_A,2025-03-20
TXN0007567434,APP016,2026-03-01,reversed,961133.62,AUD,AMER,CP0128,BOND,TDR0140,BOOK_A,2025-11-17
TXN0003277382,APP011,2026-04-10,pending,384074.72,JPY,APAC,CP0344,BOND,TDR0026,BOOK_B,2025-08-23
TXN0003431208,APP020,2026-03-30,reversed,353060.4,JPY,AMER,CP0460,FUTURE,TDR0198,BOOK_D,2025-04-09
TXN0004540074,APP009,2025-07-02,active,778688.0,AUD,APAC,CP0361,FUTURE,TDR0196,BOOK_D,2025-11-21
TXN0002847916,APP005,2025-02-06,active,612086.09,AUD,APAC,CP0448,SWAP,TDR0068,BOOK_D,2026-01-16
TXN0007307735,APP005,2025-12-17,settled,697790.69,JPY,EMEA,CP0131,OPTION,TDR0050,BOOK_A,2025-08-12
TXN0005227520,APP017,2025-09-09,pending,691026.03,AUD,AMER,CP0359,FUTURE,TDR0081,BOOK_B,2025-10-01
TXN0001329809,APP008,2026-02-28,active,576715.0,EUR,AMER,CP0004,SWAP,TDR0144,BOOK_D,2025-07-01
TXN0009791596,APP007,2025-11-11,failed,212409.88,GBP,APAC,CP0104,FUTURE,TDR0049,BOOK_B,2025-08-02
TXN0008063729,APP016,2026-01-22,reversed,531814.38,JPY,AMER,CP0213,BOND,TDR0053,BOOK_B,2025-12-08
TXN0009849507,APP013,2025-04-28,active,665437.5,CHF,EMEA,CP0060,EQUITY,TDR0141,BOOK_A,2025-06-09
TXN0006528595,APP018,2025-02-12,settled,770420.26,JPY,AMER,CP0423,EQUITY,TDR0107,BOOK_D,2025-11-24
TXN0000745822,APP010,2025-11-11,pending,949702.96,CHF,AMER,CP0159,BOND,TDR0064,BOOK_A,2025-03-09
TXN0006286722,APP015,2026-03-17,pending,698986.19,JPY,APAC,CP0035,OPTION,TDR0133,BOOK_B,2025-05-14
TXN0005436353,APP005,2025-08-31,failed,561686.64,USD,LATAM,CP0388,BOND,TDR0142,BOOK_D,2025-11-09
TXN0005378154,APP001,2025-09-07,pending,339532.63,JPY,LATAM,CP0095,FX,TDR0046,BOOK_B,2025-07-31
TXN0008302067,APP001,2025-01-06,reversed,80853.19,AUD,APAC,CP0185,SWAP,TDR0051,BOOK_B,2025-06-10
TXN0001886670,APP007,2025-03-07,pending,131121.28,JPY,LATAM,CP0148,SWAP,TDR0172,BOOK_A,2025-03-17
TXN0002252134,APP014,2026-01-02,pending,961701.23,CHF,EMEA,CP0189,FX,TDR0047,BOOK_B,2025-12-15
TXN0004230794,APP019,2025-03-06,settled,933016.66,USD,EMEA,CP0239,EQUITY,TDR0125,BOOK_A,2025-09-10
TXN0001706436,APP001,2025-05-21,failed,624935.79,USD,EMEA,CP0217,SWAP,TDR0075,BOOK_A,2026-02-24
TXN0001819672,APP005,2025-01-20,settled,319248.54,USD,APAC,CP0137,FUTURE,TDR0025,BOOK_A,2025-11-28
TXN0002089920,APP010,2025-06-11,settled,89669.76,EUR,EMEA,CP0292,FX,TDR0152,BOOK_A,2026-01-25
TXN0001915554,APP001,2025-06-11,active,539803.91,CHF,EMEA,CP0139,FX,TDR0119,BOOK_A,2026-02-04
TXN0007748075,APP011,2025-06-06,failed,452611.52,AUD,LATAM,CP0382,BOND,TDR0046,BOOK_C,2025-04-02
TXN0008932292,APP014,2025-09-04,settled,7916.87,EUR,APAC,CP0362,BOND,TDR0040,BOOK_C,2025-06-27
TXN0000835682,APP004,2025-09-28,pending,163340.67,AUD,AMER,CP0490,OPTION,TDR0178,BOOK_C,2025-08-16
TXN0001865851,APP020,2025-10-03,pending,949585.45,AUD,EMEA,CP0105,SWAP,TDR0196,BOOK_D,2025-04-14
TXN0000143682,APP006,2025-07-11,active,506138.99,USD,EMEA,CP0421,EQUITY,TDR0160,BOOK_C,2025-10-14
TXN0003714729,APP013,2025-05-08,failed,703674.52,EUR,AMER,CP0031,OPTION,TDR0030,BOOK_B,2025-10-31
TXN0004749520,APP004,2025-12-18,active,908514.06,USD,LATAM,CP0382,EQUITY,TDR0185,BOOK_A,2026-01-28
TXN0000727343,APP015,2025-04-08,active,417861.92,CHF,AMER,CP0270,EQUITY,TDR0067,BOOK_B,2025-02-09
TXN0001323450,APP002,2026-03-03,reversed,697015.97,CHF,APAC,CP0428,BOND,TDR0116,BOOK_D,2025-09-25
TXN0003984926,APP010,2025-04-12,reversed,983828.0,USD,LATAM,CP0268,BOND,TDR0118,BOOK_D,2025-03-04
TXN0005303578,APP003,2026-03-24,reversed,656827.56,GBP,LATAM,CP0157,OPTION,TDR0126,BOOK_B,2025-09-24
TXN0009022697,APP001,2025-09-17,reversed,457953.05,CHF,AMER,CP0095,FX,TDR0199,BOOK_A,2025-12-24
TXN0008015941,APP013,2025-09-27,settled,118234.16,CHF,APAC,CP0011,BOND,TDR0101,BOOK_A,2025-11-18
TXN0002339940,APP019,2025-10-09,pending,446984.92,AUD,APAC,CP0306,EQUITY,TDR0103,BOOK_C,2025-06-12
TXN0008481322,APP002,2025-08-01,pending,640822.13,EUR,APAC,CP0461,BOND,TDR0113,BOOK_A,2025-04-06
TXN0001545854,APP014,2025-12-31,failed,852597.43,JPY,APAC,CP0062,BOND,TDR0107,BOOK_A,2026-03-18
TXN0003121988,APP010,2025-10-13,active,278889.46,GBP,APAC,CP0118,FX,TDR0009,BOOK_C,2025-05-25
TXN0006726786,APP010,2025-02-25,reversed,77465.78,JPY,APAC,CP0094,SWAP,TDR0183,BOOK_B,2025-07-23
TXN0003262543,APP016,2025-05-24,pending,40684.86,JPY,LATAM,CP0500,FUTURE,TDR0141,BOOK_B,2025-10-22
TXN0008059172,APP002,2025-11-29,failed,165317.59,CHF,AMER,CP0309,EQUITY,TDR0034,BOOK_C,2025-01-17
TXN0004209908,APP015,2026-02-07,pending,389305.35,CHF,LATAM,CP0499,FUTURE,TDR0077,BOOK_A,2025-07-17
TXN0007043884,APP003,2026-02-16,settled,97721.14,CHF,AMER,CP0206,SWAP,TDR0089,BOOK_B,2025-10-15
TXN0006126198,APP007,2026-02-22,reversed,523625.96,JPY,APAC,CP0306,OPTION,TDR0195,BOOK_B,2026-04-14
TXN0001645360,APP009,2025-01-01,pending,107851.46,CHF,EMEA,CP0119,EQUITY,TDR0136,BOOK_B,2026-03-26
TXN0000505676,APP007,2025-04-28,failed,695570.02,GBP,LATAM,CP0336,SWAP,TDR0118,BOOK_D,2025-09-22
TXN0004756961,APP019,2026-02-14,failed,4453.79,JPY,LATAM,CP0171,SWAP,TDR0048,BOOK_A,2025-08-24
TXN0006836756,APP004,2025-10-15,pending,292793.54,EUR,AMER,CP0155,FUTURE,TDR0070,BOOK_C,2026-03-24
TXN0007900800,APP010,2025-09-26,reversed,867475.64,CHF,APAC,CP0178,BOND,TDR0085,BOOK_C,2025-10-19
TXN0007305940,APP017,2026-01-20,reversed,596727.65,JPY,AMER,CP0428,EQUITY,TDR0147,BOOK_D,2025-09-24
TXN0003562585,APP016,2025-06-28,settled,987407.41,GBP,LATAM,CP0300,OPTION,TDR0101,BOOK_A,2025-11-04
TXN0009536263,APP003,2025-10-30,settled,249809.25,USD,APAC,CP0134,BOND,TDR0115,BOOK_C,2025-02-21
TXN0005941157,APP020,2026-02-10,failed,595386.55,GBP,APAC,CP0387,SWAP,TDR0078,BOOK_B,2025-09-21
TXN0002210664,APP019,2026-04-06,reversed,842970.37,GBP,AMER,CP0318,FX,TDR0084,BOOK_A,2025-07-04
TXN0007389745,APP015,2025-12-04,reversed,526345.69,GBP,AMER,CP0274,EQUITY,TDR0077,BOOK_A,2026-04-02
TXN0003761901,APP005,2026-02-24,active,986755.29,AUD,AMER,CP0181,BOND,TDR0051,BOOK_C,2026-03-14
TXN0009460456,APP016,2025-03-05,reversed,831085.08,EUR,AMER,CP0359,FUTURE,TDR0022,BOOK_C,2025-10-28
TXN0004336157,APP007,2025-04-03,settled,348645.46,CHF,EMEA,CP0428,SWAP,TDR0166,BOOK_C,2025-02-13
TXN0004435031,APP006,2026-01-30,active,200824.91,EUR,APAC,CP0420,SWAP,TDR0107,BOOK_D,2025-09-15
TXN0007595932,APP002,2025-02-08,failed,734938.14,USD,EMEA,CP0485,SWAP,TDR0174,BOOK_C,2025-10-05
TXN0007689341,APP019,2025-08-02,failed,384713.36,GBP,EMEA,CP0156,OPTION,TDR0099,BOOK_D,2025-05-17
TXN0002705022,APP007,2025-06-25,active,71140.25,EUR,LATAM,CP0169,SWAP,TDR0001,BOOK_C,2025-03-24
TXN0009131258,APP006,2026-03-19,reversed,32271.61,AUD,AMER,CP0152,FUTURE,TDR0182,BOOK_B,2025-07-28
TXN0000620475,APP017,2026-02-07,reversed,474010.6,JPY,AMER,CP0115,SWAP,TDR0059,BOOK_A,2026-03-02
TXN0003625016,APP017,2026-01-05,settled,785233.67,JPY,AMER,CP0147,EQUITY,TDR0015,BOOK_C,2025-11-20
TXN0005034392,APP002,2025-07-22,pending,717438.19,GBP,APAC,CP0249,EQUITY,TDR0122,BOOK_D,2025-12-20
TXN0009489032,APP002,2025-05-02,settled,471149.62,CHF,AMER,CP0313,EQUITY,TDR0002,BOOK_B,2025-06-06
TXN0004820356,APP011,2025-03-11,reversed,4843.14,JPY,AMER,CP0497,FX,TDR0102,BOOK_A,2025-10-16
TXN0004247006,APP002,2026-03-18,settled,425753.19,CHF,LATAM,CP0441,EQUITY,TDR0053,BOOK_A,2025-09-21
TXN0000161520,APP016,2025-05-20,active,418208.87,AUD,AMER,CP0430,SWAP,TDR0106,BOOK_B,2025-05-31
TXN0001716272,APP019,2025-04-22,reversed,871126.31,JPY,APAC,CP0480,FUTURE,TDR0047,BOOK_C,2025-12-05
TXN0004309601,APP008,2026-04-02,pending,886104.41,CHF,LATAM,CP0384,FX,TDR0118,BOOK_B,2025-03-21
TXN0000205105,APP002,2025-06-07,pending,954513.66,CHF,EMEA,CP0027,OPTION,TDR0024,BOOK_D,2025-09-05
TXN0006063947,APP003,2026-03-07,reversed,214354.72,USD,APAC,CP0277,FUTURE,TDR0042,BOOK_D,2025-10-08
TXN0009410400,APP001,2025-11-25,settled,212199.75,USD,AMER,CP0017,BOND,TDR0068,BOOK_D,2025-04-12
TXN0005818284,APP004,2026-02-06,active,569828.94,EUR,LATAM,CP0415,OPTION,TDR0144,BOOK_B,2025-08-02
TXN0002440307,APP005,2025-05-24,pending,208902.15,JPY,LATAM,CP0438,EQUITY,TDR0057,BOOK_B,2025-07-06
TXN0007973574,APP005,2025-11-07,settled,214682.12,CHF,APAC,CP0084,SWAP,TDR0063,BOOK_D,2025-08-26
TXN0004594955,APP014,2025-03-01,settled,614478.4,JPY,AMER,CP0239,SWAP,TDR0032,BOOK_B,2025-11-16
TXN0000670386,APP019,2025-01-21,pending,240582.56,JPY,AMER,CP0094,FX,TDR0057,BOOK_B,2025-12-14
TXN0000056097,APP003,2025-05-12,settled,519436.54,JPY,APAC,CP0236,OPTION,TDR0153,BOOK_C,2025-12-27
TXN0004570705,APP020,2025-09-05,pending,109060.51,GBP,LATAM,CP0173,SWAP,TDR0025,BOOK_B,2025-08-14
TXN0001513277,APP016,2025-01-16,pending,663916.53,AUD,EMEA,CP0410,SWAP,TDR0006,BOOK_C,2025-03-14
TXN0009740911,APP004,2025-01-31,active,672026.27,USD,AMER,CP0398,FX,TDR0038,BOOK_D,2025-08-03
TXN0002311159,APP010,2026-01-05,pending,742239.83,CHF,APAC,CP0270,FX,TDR0119,BOOK_B,2025-08-10
TXN0001509093,APP008,2025-12-25,active,927350.4,EUR,EMEA,CP0258,FUTURE,TDR0113,BOOK_D,2025-09-14
TXN0008475182,APP009,2025-07-17,pending,353358.18,AUD,APAC,CP0422,BOND,TDR0122,BOOK_D,2025-11-05
TXN0003545537,APP008,2025-01-10,reversed,110773.5,AUD,LATAM,CP0485,SWAP,TDR0096,BOOK_A,2025-11-24
TXN0007110795,APP018,2025-11-15,failed,749785.96,CHF,LATAM,CP0273,SWAP,TDR0162,BOOK_B,2025-11-11
TXN0004915166,APP020,2026-03-29,failed,572073.56,EUR,AMER,CP0193,OPTION,TDR0060,BOOK_B,2025-07-24
TXN0003129376,APP017,2025-11-17,active,511701.12,JPY,EMEA,CP0336,SWAP,TDR0169,BOOK_A,2025-01-07
TXN0007446425,APP019,2026-03-17,settled,21272.84,CHF,EMEA,CP0359,SWAP,TDR0086,BOOK_A,2025-12-28
TXN0003538257,APP018,2026-01-13,active,640004.48,AUD,LATAM,CP0445,SWAP,TDR0101,BOOK_D,2025-03-30
TXN0006671791,APP001,2026-01-15,pending,177253.28,JPY,APAC,CP0128,BOND,TDR0046,BOOK_A,2026-02-23
TXN0000047313,APP017,2025-06-18,reversed,543656.57,EUR,AMER,CP0254,FUTURE,TDR0081,BOOK_D,2025-10-10
TXN0005163619,APP018,2026-01-25,reversed,939265.84,EUR,LATAM,CP0460,FUTURE,TDR0096,BOOK_D,2025-09-25
TXN0003271685,APP004,2026-01-28,pending,307496.61,GBP,AMER,CP0470,OPTION,TDR0019,BOOK_A,2026-02-05
TXN0004963849,APP011,2025-11-26,failed,779296.6,EUR,APAC,CP0010,SWAP,TDR0190,BOOK_C,2025-06-15
TXN0009967725,APP008,2025-11-17,pending,916576.55,AUD,APAC,CP0295,SWAP,TDR0123,BOOK_B,2026-04-04
TXN0002140644,APP016,2026-03-22,settled,26323.92,AUD,LATAM,CP0112,FX,TDR0009,BOOK_B,2026-01-17
TXN0001218054,APP003,2026-01-04,active,308758.75,CHF,EMEA,CP0430,SWAP,TDR0095,BOOK_A,2026-01-20
TXN0003346179,APP011,2025-10-14,reversed,383754.0,CHF,AMER,CP0133,BOND,TDR0175,BOOK_A,2026-02-23
TXN0005024086,APP003,2025-05-16,active,681826.56,JPY,APAC,CP0159,BOND,TDR0049,BOOK_C,2025-09-18
TXN0007124339,APP017,2025-01-14,failed,662856.88,USD,LATAM,CP0417,EQUITY,TDR0077,BOOK_C,2025-08-15
TXN0007532830,APP013,2025-09-21,failed,701497.26,USD,LATAM,CP0300,OPTION,TDR0146,BOOK_B,2025-12-11
TXN0004150459,APP007,2025-02-13,active,557431.03,EUR,AMER,CP0225,SWAP,TDR0176,BOOK_A,2025-10-17
TXN0001678421,APP010,2025-05-10,reversed,72626.63,USD,APAC,CP0082,SWAP,TDR0037,BOOK_D,2025-08-16
TXN0006256716,APP009,2026-04-05,settled,37057.96,CHF,AMER,CP0185,FUTURE,TDR0061,BOOK_C,2025-04-16
TXN0005102488,APP020,2025-04-11,reversed,851866.06,EUR,AMER,CP0293,BOND,TDR0200,BOOK_C,2025-07-13
TXN0002666418,APP016,2026-04-13,settled,471761.24,JPY,APAC,CP0015,FX,TDR0117,BOOK_A,2025-09-28
TXN0004719123,APP012,2025-12-23,active,388908.91,CHF,AMER,CP0135,FUTURE,TDR0155,BOOK_A,2025-05-07
TXN0004192269,APP013,2025-12-09,reversed,469935.19,GBP,AMER,CP0486,FUTURE,TDR0103,BOOK_A,2025-05-04
TXN0007131896,APP005,2025-09-02,pending,432913.26,EUR,LATAM,CP0307,FUTURE,TDR0186,BOOK_B,2025-12-09
TXN0003970405,APP017,2026-03-16,active,47008.03,JPY,EMEA,CP0415,FX,TDR0070,BOOK_A,2025-11-16
TXN0001151842,APP013,2025-06-23,failed,770740.87,AUD,EMEA,CP0049,FUTURE,TDR0128,BOOK_C,2025-11-13
TXN0002727767,APP002,2025-06-13,pending,599363.22,AUD,AMER,CP0336,OPTION,TDR0120,BOOK_D,2025-09-04
TXN0004533550,APP013,2025-02-23,pending,750882.91,CHF,EMEA,CP0144,OPTION,TDR0170,BOOK_B,2025-01-16
TXN0007671465,APP004,2026-01-12,pending,194693.04,GBP,EMEA,CP0113,FUTURE,TDR0190,BOOK_D,2025-08-23
TXN0004658034,APP018,2026-04-13,reversed,991669.47,AUD,EMEA,CP0381,OPTION,TDR0021,BOOK_D,2025-05-31
TXN0002699126,APP002,2025-02-19,active,463520.05,CHF,AMER,CP0376,SWAP,TDR0088,BOOK_C,2025-04-06
TXN0005542971,APP004,2025-09-02,failed,459977.3,JPY,EMEA,CP0227,FUTURE,TDR0173,BOOK_A,2025-11-06
TXN0004050181,APP002,2026-03-24,settled,931419.6,JPY,AMER,CP0321,EQUITY,TDR0110,BOOK_C,2025-10-26
TXN0005563809,APP013,2025-12-24,settled,893021.52,JPY,LATAM,CP0429,OPTION,TDR0087,BOOK_C,2025-02-26
TXN0004060817,APP008,2025-04-10,active,743613.44,JPY,LATAM,CP0041,FUTURE,TDR0139,BOOK_A,2025-02-21
TXN0003833975,APP015,2025-12-17,pending,773566.6,AUD,APAC,CP0336,OPTION,TDR0028,BOOK_B,2025-08-29
TXN0000034554,APP004,2025-11-25,pending,720723.29,GBP,EMEA,CP0184,SWAP,TDR0099,BOOK_C,2026-03-23
TXN0007125931,APP010,2026-02-04,reversed,322018.43,JPY,AMER,CP0001,FUTURE,TDR0119,BOOK_D,2026-04-14
TXN0007717012,APP017,2026-04-11,failed,146272.53,AUD,AMER,CP0330,SWAP,TDR0070,BOOK_C,2025-09-18
TXN0006628550,APP015,2026-01-16,settled,923379.97,JPY,APAC,CP0075,EQUITY,TDR0142,BOOK_C,2025-06-27
TXN0001035441,APP005,2025-04-12,failed,29511.51,CHF,EMEA,CP0390,SWAP,TDR0047,BOOK_C,2025-11-25
TXN0003764495,APP020,2025-10-02,reversed,254433.91,GBP,EMEA,CP0385,BOND,TDR0166,BOOK_B,2025-03-07
TXN0007635635,APP014,2025-09-29,pending,812150.74,CHF,EMEA,CP0136,FX,TDR0198,BOOK_A,2026-03-15
TXN0008381127,APP006,2025-01-12,pending,25957.63,CHF,EMEA,CP0105,OPTION,TDR0085,BOOK_D,2025-10-08
TXN0002219763,APP011,2025-09-26,reversed,229045.22,USD,AMER,CP0134,BOND,TDR0071,BOOK_D,2025-11-24
TXN0009619491,APP011,2025-07-21,active,399424.53,JPY,EMEA,CP0481,EQUITY,TDR0069,BOOK_B,2025-09-13
TXN0002530294,APP017,2026-04-12,failed,73368.59,GBP,EMEA,CP0346,BOND,TDR0134,BOOK_D,2025-01-31
TXN0005562035,APP016,2026-02-01,active,971353.97,CHF,AMER,CP0023,FX,TDR0012,BOOK_D,2025-02-06
TXN0008229257,APP002,2025-05-18,active,254415.63,AUD,EMEA,CP0233,OPTION,TDR0133,BOOK_C,2025-08-03
TXN0002041602,APP002,2025-11-09,failed,681824.26,EUR,APAC,CP0497,SWAP,TDR0150,BOOK_D,2025-05-09
TXN0001365584,APP019,2025-11-18,pending,844782.98,GBP,APAC,CP0101,OPTION,TDR0109,BOOK_D,2025-12-06
TXN0000153806,APP007,2025-09-14,reversed,331385.81,AUD,LATAM,CP0169,OPTION,TDR0181,BOOK_C,2025-05-19
TXN0005443044,APP015,2025-04-09,active,467027.72,USD,LATAM,CP0453,FX,TDR0141,BOOK_D,2025-06-23
TXN0009900254,APP003,2025-12-21,active,212665.76,GBP,AMER,CP0130,SWAP,TDR0178,BOOK_B,2025-03-07
TXN0007060574,APP008,2025-08-15,pending,249494.4,AUD,EMEA,CP0211,FUTURE,TDR0138,BOOK_D,2025-08-17
TXN0006789445,APP017,2026-03-28,settled,170591.14,USD,APAC,CP0323,BOND,TDR0155,BOOK_C,2025-04-07
TXN0008721745,APP010,2025-10-23,failed,466294.66,GBP,AMER,CP0147,BOND,TDR0017,BOOK_B,2025-06-05
TXN0003788713,APP011,2026-03-21,settled,887388.48,AUD,EMEA,CP0142,OPTION,TDR0036,BOOK_C,2026-01-17
TXN0003182887,APP020,2025-07-17,failed,797228.87,CHF,EMEA,CP0180,SWAP,TDR0101,BOOK_A,2025-05-10
TXN0008843833,APP008,2025-06-03,settled,289490.07,EUR,APAC,CP0441,FUTURE,TDR0055,BOOK_A,2025-07-30
TXN0007841989,APP009,2025-11-22,failed,173878.24,USD,AMER,CP0150,FUTURE,TDR0080,BOOK_B,2025-04-27
TXN0001512177,APP018,2025-07-10,pending,43444.48,GBP,APAC,CP0458,FX,TDR0060,BOOK_B,2025-10-13
TXN0005367940,APP016,2025-07-08,failed,580871.81,EUR,LATAM,CP0349,OPTION,TDR0027,BOOK_D,2025-11-30
TXN0000186282,APP002,2025-12-10,reversed,725493.39,CHF,EMEA,CP0451,OPTION,TDR0128,BOOK_D,2025-06-07
TXN0008969375,APP002,2025-12-05,pending,489203.86,GBP,AMER,CP0377,EQUITY,TDR0192,BOOK_A,2025-10-02
TXN0001410258,APP007,2026-04-12,active,738962.98,GBP,AMER,CP0408,SWAP,TDR0067,BOOK_B,2025-05-07
TXN0007933482,APP020,2025-11-18,reversed,561421.47,EUR,EMEA,CP0060,BOND,TDR0044,BOOK_C,2025-05-17
TXN0005363645,APP007,2026-04-03,reversed,750462.86,GBP,LATAM,CP0339,OPTION,TDR0174,BOOK_B,2025-06-16
TXN0004057402,APP003,2025-03-15,pending,735716.89,USD,APAC,CP0471,FX,TDR0009,BOOK_A,2025-11-09
TXN0000173553,APP008,2025-09-18,active,608251.85,GBP,LATAM,CP0105,OPTION,TDR0107,BOOK_A,2025-02-04
TXN0001686178,APP001,2025-09-16,settled,438165.1,AUD,LATAM,CP0491,EQUITY,TDR0069,BOOK_D,2025-11-22
TXN0000189960,APP012,2025-10-24,settled,177138.88,JPY,EMEA,CP0473,BOND,TDR0195,BOOK_D,2025-01-05
TXN0004914917,APP016,2025-09-27,failed,127451.36,EUR,APAC,CP0305,OPTION,TDR0096,BOOK_B,2025-12-08
TXN0007759154,APP003,2025-08-22,settled,77648.35,USD,LATAM,CP0374,EQUITY,TDR0162,BOOK_D,2025-04-24
TXN0006427907,APP015,2026-03-26,pending,8651.9,CHF,EMEA,CP0376,EQUITY,TDR0187,BOOK_B,2025-08-09
TXN0001511555,APP007,2025-05-15,reversed,602496.12,GBP,EMEA,CP0142,SWAP,TDR0060,BOOK_B,2025-03-28
TXN0003803126,APP019,2025-08-23,failed,990439.31,JPY,AMER,CP0154,FUTURE,TDR0113,BOOK_D,2025-01-05
TXN0003111142,APP010,2025-07-16,failed,129304.41,AUD,LATAM,CP0301,FUTURE,TDR0070,BOOK_C,2025-09-06
TXN0003005713,APP006,2025-08-11,settled,163744.95,USD,APAC,CP0127,BOND,TDR0035,BOOK_D,2025-11-30
TXN0001335060,APP020,2026-02-09,settled,841157.72,EUR,AMER,CP0252,FUTURE,TDR0042,BOOK_C,2026-03-01
TXN0007970022,APP014,2026-01-06,failed,122875.06,CHF,LATAM,CP0287,OPTION,TDR0019,BOOK_D,2025-08-26
TXN0008727790,APP007,2025-10-02,failed,228302.41,EUR,AMER,CP0444,SWAP,TDR0109,BOOK_A,2025-07-31
TXN0005174013,APP006,2025-02-12,pending,454266.7,CHF,APAC,CP0456,BOND,TDR0056,BOOK_A,2026-02-01
TXN0004449199,APP008,2025-10-29,failed,230850.7,CHF,APAC,CP0083,EQUITY,TDR0045,BOOK_D,2025-04-07
TXN0004094579,APP007,2025-07-22,settled,704960.04,GBP,EMEA,CP0409,FX,TDR0018,BOOK_B,2025-06-22
TXN0006341663,APP009,2025-07-15,settled,718158.24,EUR,APAC,CP0177,EQUITY,TDR0109,BOOK_A,2026-03-10
TXN0007115932,APP014,2025-07-07,failed,124943.45,JPY,EMEA,CP0326,BOND,TDR0179,BOOK_C,2025-10-31
TXN0003819909,APP013,2025-04-11,pending,27857.47,USD,LATAM,CP0048,EQUITY,TDR0194,BOOK_A,2025-05-16
TXN0006975545,APP014,2025-02-01,active,540392.29,EUR,APAC,CP0028,EQUITY,TDR0112,BOOK_B,2025-12-05
TXN0004558771,APP003,2025-01-23,pending,450289.07,AUD,LATAM,CP0358,FX,TDR0063,BOOK_B,2025-12-29
TXN0002015461,APP004,2025-12-09,settled,236441.59,EUR,LATAM,CP0140,BOND,TDR0190,BOOK_C,2025-11-01
TXN0001841552,APP003,2025-04-04,failed,819264.02,AUD,LATAM,CP0104,EQUITY,TDR0192,BOOK_B,2026-01-15
TXN0006433256,APP016,2025-01-27,active,599138.26,CHF,AMER,CP0188,EQUITY,TDR0129,BOOK_B,2026-04-07
TXN0008230868,APP004,2026-01-10,settled,151734.83,CHF,EMEA,CP0360,EQUITY,TDR0100,BOOK_C,2026-02-15
TXN0007447618,APP016,2025-02-04,pending,593484.08,JPY,APAC,CP0452,SWAP,TDR0092,BOOK_A,2025-03-19
TXN0000432512,APP009,2025-12-25,active,892711.59,JPY,APAC,CP0429,EQUITY,TDR0077,BOOK_A,2025-05-30
TXN0004534345,APP016,2025-09-16,reversed,371627.63,CHF,EMEA,CP0257,SWAP,TDR0145,BOOK_D,2026-02-23
TXN0008474925,APP009,2025-09-20,reversed,863677.54,AUD,EMEA,CP0338,FX,TDR0117,BOOK_C,2025-03-31
TXN0001594374,APP005,2025-08-13,active,122085.37,JPY,AMER,CP0040,OPTION,TDR0160,BOOK_C,2025-11-15
TXN0000137048,APP019,2025-10-18,settled,43926.43,GBP,LATAM,CP0275,FX,TDR0027,BOOK_B,2025-04-16
TXN0005976754,APP006,2025-04-20,reversed,60179.67,EUR,LATAM,CP0093,EQUITY,TDR0172,BOOK_C,2025-09-29
TXN0003127796,APP005,2025-04-01,settled,678932.72,CHF,APAC,CP0040,FX,TDR0090,BOOK_D,2025-08-27
TXN0006379393,APP002,2025-06-13,reversed,978060.71,AUD,AMER,CP0412,FX,TDR0047,BOOK_A,2025-10-31
TXN0006018468,APP009,2025-07-09,pending,209217.35,CHF,EMEA,CP0221,BOND,TDR0049,BOOK_D,2025-09-03
TXN0008773208,APP009,2026-01-20,settled,989754.51,AUD,LATAM,CP0411,SWAP,TDR0195,BOOK_B,2026-01-19
TXN0001176158,APP017,2025-04-19,reversed,689143.07,AUD,LATAM,CP0358,OPTION,TDR0129,BOOK_C,2025-09-23
TXN0004828936,APP007,2025-08-11,reversed,436439.19,GBP,AMER,CP0357,OPTION,TDR0134,BOOK_D,2025-12-14
TXN0000054449,APP003,2025-02-19,failed,313749.27,CHF,AMER,CP0036,FX,TDR0076,BOOK_D,2026-03-24
TXN0007607825,APP010,2026-03-30,reversed,397730.38,USD,APAC,CP0165,SWAP,TDR0154,BOOK_C,2026-02-02
TXN0001188477,APP012,2025-10-17,active,513740.13,JPY,LATAM,CP0213,EQUITY,TDR0069,BOOK_C,2026-04-07
TXN0003918853,APP012,2026-02-06,reversed,103988.86,CHF,EMEA,CP0156,SWAP,TDR0167,BOOK_C,2025-10-27
TXN0004573164,APP002,2025-04-13,settled,634870.05,USD,LATAM,CP0249,EQUITY,TDR0059,BOOK_C,2025-03-03
TXN0002721373,APP011,2026-03-07,failed,426305.91,EUR,AMER,CP0206,EQUITY,TDR0177,BOOK_D,2026-04-10
TXN0003858020,APP019,2026-01-07,pending,910708.4,GBP,LATAM,CP0440,SWAP,TDR0042,BOOK_A,2025-08-02
TXN0004824068,APP009,2025-04-07,pending,262984.2,JPY,APAC,CP0017,EQUITY,TDR0058,BOOK_C,2025-11-11
TXN0008114664,APP005,2025-09-02,failed,699553.13,GBP,AMER,CP0266,BOND,TDR0105,BOOK_B,2025-07-26
TXN0003685797,APP008,2025-06-17,settled,592508.47,CHF,LATAM,CP0175,EQUITY,TDR0030,BOOK_C,2025-07-27
TXN0007456248,APP012,2025-08-18,failed,488210.7,JPY,APAC,CP0306,SWAP,TDR0134,BOOK_C,2025-01-02
TXN0005727301,APP005,2025-04-18,pending,828932.47,USD,APAC,CP0047,SWAP,TDR0180,BOOK_B,2025-09-10
TXN0007945153,APP010,2025-01-03,failed,656618.51,JPY,AMER,CP0472,EQUITY,TDR0007,BOOK_A,2026-02-05
TXN0000528228,APP011,2026-02-02,settled,202994.89,CHF,APAC,CP0345,EQUITY,TDR0014,BOOK_A,2026-04-09
TXN0005555893,APP003,2026-01-14,active,332515.84,USD,APAC,CP0315,EQUITY,TDR0158,BOOK_A,2025-06-27
TXN0000778947,APP004,2025-04-30,settled,377656.17,USD,AMER,CP0333,BOND,TDR0161,BOOK_A,2025-05-23
TXN0008359437,APP019,2025-02-28,reversed,308133.12,GBP,AMER,CP0468,FX,TDR0164,BOOK_D,2025-04-20
TXN0003301910,APP005,2026-01-30,active,108761.94,GBP,LATAM,CP0034,SWAP,TDR0071,BOOK_B,2026-01-26
TXN0004507735,APP010,2025-12-14,settled,947408.8,AUD,APAC,CP0317,FX,TDR0111,BOOK_B,2025-05-05
TXN0009767217,APP008,2025-03-29,pending,861365.01,USD,LATAM,CP0154,EQUITY,TDR0168,BOOK_C,2025-09-15
TXN0006822540,APP015,2025-11-15,pending,695423.44,AUD,EMEA,CP0042,OPTION,TDR0069,BOOK_B,2025-03-02
TXN0009485163,APP017,2025-01-22,pending,988182.42,CHF,EMEA,CP0345,BOND,TDR0006,BOOK_B,2026-02-06
TXN0003952983,APP018,2025-03-22,settled,907833.1,JPY,APAC,CP0236,BOND,TDR0193,BOOK_D,2026-02-02
TXN0002030862,APP018,2025-07-19,pending,316775.37,JPY,LATAM,CP0271,BOND,TDR0155,BOOK_A,2026-02-17
TXN0008543800,APP016,2025-09-18,active,399631.52,AUD,LATAM,CP0421,OPTION,TDR0092,BOOK_A,2025-01-01
TXN0000734155,APP007,2025-04-22,settled,544119.12,JPY,EMEA,CP0403,FUTURE,TDR0085,BOOK_D,2025-01-01
TXN0003124380,APP019,2026-03-04,active,977546.34,EUR,AMER,CP0362,FX,TDR0061,BOOK_B,2026-01-27
TXN0009554665,APP017,2025-11-30,reversed,252254.85,AUD,LATAM,CP0456,SWAP,TDR0141,BOOK_D,2025-05-19
TXN0003939171,APP015,2025-08-11,settled,18116.06,CHF,EMEA,CP0420,FX,TDR0108,BOOK_B,2025-12-05
TXN0005159718,APP017,2025-05-16,reversed,719207.39,GBP,APAC,CP0254,BOND,TDR0190,BOOK_A,2025-06-18
TXN0002211753,APP006,2025-02-10,active,630360.84,USD,LATAM,CP0411,FX,TDR0033,BOOK_D,2025-04-01
TXN0004482358,APP013,2026-01-02,active,8880.22,USD,APAC,CP0182,OPTION,TDR0038,BOOK_D,2026-03-20
TXN0008453577,APP015,2025-06-16,pending,451232.42,JPY,LATAM,CP0059,OPTION,TDR0121,BOOK_D,2026-03-26
TXN0006112933,APP006,2026-01-11,settled,150383.94,AUD,AMER,CP0110,FX,TDR0126,BOOK_A,2025-10-25
TXN0008962360,APP012,2025-03-09,settled,418655.51,EUR,LATAM,CP0457,BOND,TDR0094,BOOK_A,2026-03-27
TXN0003983910,APP011,2025-05-03,settled,26769.88,JPY,LATAM,CP0319,SWAP,TDR0142,BOOK_D,2026-03-05
TXN0007601366,APP020,2026-02-11,active,357917.66,USD,APAC,CP0371,EQUITY,TDR0026,BOOK_D,2025-12-20
TXN0002204009,APP008,2025-07-23,reversed,941551.38,AUD,APAC,CP0301,FUTURE,TDR0103,BOOK_A,2025-09-09
TXN0006734167,APP016,2025-03-14,active,458833.56,JPY,AMER,CP0456,OPTION,TDR0123,BOOK_A,2025-08-24
TXN0000018494,APP014,2025-11-25,reversed,861007.99,AUD,LATAM,CP0498,FUTURE,TDR0163,BOOK_D,2025-02-13
TXN0009673526,APP018,2026-01-17,settled,717100.41,JPY,LATAM,CP0100,FX,TDR0011,BOOK_C,2025-01-12
TXN0004585919,APP015,2025-09-01,failed,76301.85,JPY,EMEA,CP0476,EQUITY,TDR0154,BOOK_A,2025-05-09
TXN0008596307,APP006,2025-08-02,reversed,835077.17,JPY,EMEA,CP0204,FX,TDR0114,BOOK_A,2025-11-06
TXN0008248395,APP005,2025-07-06,failed,374745.46,AUD,APAC,CP0451,OPTION,TDR0169,BOOK_C,2025-07-12
TXN0001944776,APP020,2025-10-03,reversed,961381.29,GBP,AMER,CP0404,SWAP,TDR0197,BOOK_A,2025-06-10
TXN0000262107,APP016,2025-10-07,failed,321828.36,GBP,APAC,CP0111,OPTION,TDR0016,BOOK_B,2025-10-21
TXN0008887227,APP017,2025-07-22,pending,851459.54,JPY,EMEA,CP0361,SWAP,TDR0192,BOOK_C,2025-07-28
TXN0004601100,APP019,2026-01-01,settled,340163.95,AUD,LATAM,CP0499,OPTION,TDR0089,BOOK_A,2025-01-13
TXN0000758958,APP010,2026-02-12,reversed,960008.04,CHF,AMER,CP0153,FX,TDR0081,BOOK_D,2025-10-28
TXN0001244341,APP020,2026-01-08,active,125351.67,CHF,AMER,CP0466,OPTION,TDR0138,BOOK_D,2025-07-17
TXN0001647044,APP013,2026-01-03,reversed,304922.45,USD,LATAM,CP0299,EQUITY,TDR0165,BOOK_C,2025-08-23
TXN0005153459,APP004,2026-03-23,pending,551735.74,AUD,EMEA,CP0448,FX,TDR0162,BOOK_C,2026-02-01
TXN0006804451,APP019,2025-09-26,reversed,197806.9,JPY,AMER,CP0060,SWAP,TDR0184,BOOK_B,2025-03-29
TXN0000134283,APP013,2025-09-12,active,451516.09,EUR,LATAM,CP0135,EQUITY,TDR0134,BOOK_C,2025-06-25
TXN0003340045,APP004,2026-02-24,pending,408260.77,GBP,LATAM,CP0404,OPTION,TDR0149,BOOK_A,2025-05-19
TXN0007434494,APP007,2025-01-19,active,813726.99,USD,AMER,CP0027,FUTURE,TDR0173,BOOK_D,2025-05-12
TXN0007092831,APP004,2026-01-23,settled,864484.47,AUD,APAC,CP0419,SWAP,TDR0124,BOOK_C,2026-03-07
TXN0005657504,APP010,2025-02-21,failed,664070.6,JPY,AMER,CP0276,SWAP,TDR0036,BOOK_D,2025-10-10
TXN0000460233,APP012,2025-04-08,active,32762.65,EUR,LATAM,CP0213,BOND,TDR0071,BOOK_C,2025-03-04
TXN0002522063,APP013,2025-06-04,settled,64887.78,JPY,LATAM,CP0066,FUTURE,TDR0026,BOOK_B,2025-08-03
TXN0000632302,APP001,2025-11-01,active,419237.44,USD,EMEA,CP0493,OPTION,TDR0072,BOOK_D,2025-05-23
TXN0005149299,APP018,2025-07-01,active,63152.59,USD,LATAM,CP0171,FUTURE,TDR0183,BOOK_B,2025-05-21
TXN0005427284,APP016,2025-06-21,reversed,628177.62,CHF,LATAM,CP0151,EQUITY,TDR0183,BOOK_C,2026-02-20
TXN0007862999,APP015,2025-09-08,pending,878871.32,CHF,AMER,CP0415,FUTURE,TDR0196,BOOK_A,2026-02-03
TXN0006173733,APP011,2025-12-13,settled,1890.28,CHF,APAC,CP0201,EQUITY,TDR0077,BOOK_C,2025-03-06
TXN0000145134,APP011,2025-03-19,active,459158.5,CHF,EMEA,CP0458,EQUITY,TDR0045,BOOK_B,2025-12-18
TXN0005704216,APP017,2025-06-15,settled,110066.58,CHF,EMEA,CP0421,FUTURE,TDR0091,BOOK_B,2025-07-07
TXN0004143833,APP005,2025-11-09,active,943246.57,USD,LATAM,CP0487,SWAP,TDR0065,BOOK_A,2026-03-14
TXN0005130046,APP009,2025-01-25,failed,784260.12,CHF,APAC,CP0056,OPTION,TDR0019,BOOK_D,2025-12-23
TXN0003060940,APP018,2025-11-03,failed,398514.31,AUD,APAC,CP0170,BOND,TDR0087,BOOK_B,2026-04-13
TXN0002067897,APP016,2026-02-13,active,976672.14,CHF,APAC,CP0446,FX,TDR0140,BOOK_A,2025-12-12
TXN0000161745,APP007,2025-09-23,reversed,121970.62,EUR,AMER,CP0020,FX,TDR0061,BOOK_D,2025-12-02
TXN0008673027,APP019,2025-04-29,failed,974370.03,AUD,APAC,CP0021,FUTURE,TDR0061,BOOK_A,2026-04-14
TXN0004605650,APP014,2026-02-13,active,943787.43,USD,AMER,CP0010,FX,TDR0126,BOOK_B,2026-03-04
TXN0003668679,APP019,2025-03-13,reversed,51027.2,EUR,LATAM,CP0080,OPTION,TDR0147,BOOK_C,2025-09-06
TXN0009343249,APP019,2025-08-13,failed,493118.85,JPY,APAC,CP0104,BOND,TDR0160,BOOK_C,2025-10-25
TXN0008358117,APP010,2026-03-06,failed,896550.19,USD,EMEA,CP0218,OPTION,TDR0063,BOOK_C,2025-04-01
TXN0004989498,APP014,2025-08-29,reversed,330876.99,JPY,EMEA,CP0102,FUTURE,TDR0179,BOOK_C,2025-02-28
TXN0000735421,APP004,2025-06-19,pending,603273.74,AUD,LATAM,CP0214,FX,TDR0130,BOOK_A,2025-12-08
TXN0008713246,APP020,2025-03-10,reversed,530780.65,USD,LATAM,CP0130,BOND,TDR0186,BOOK_A,2025-08-05
TXN0007542838,APP001,2025-06-03,active,71670.93,USD,LATAM,CP0367,FX,TDR0154,BOOK_D,2025-01-09
TXN0001327790,APP003,2025-03-14,active,198532.07,USD,AMER,CP0322,OPTION,TDR0053,BOOK_A,2025-11-04
TXN0003807697,APP019,2025-05-25,failed,875218.85,USD,APAC,CP0183,OPTION,TDR0010,BOOK_C,2025-12-05
TXN0009725085,APP009,2025-12-28,settled,70841.89,CHF,LATAM,CP0151,SWAP,TDR0071,BOOK_D,2026-02-20
TXN0000190277,APP010,2025-04-12,failed,799757.75,EUR,LATAM,CP0061,EQUITY,TDR0092,BOOK_B,2025-02-14
TXN0007492055,APP010,2025-06-08,pending,495884.91,EUR,EMEA,CP0278,SWAP,TDR0145,BOOK_B,2026-01-19
TXN0002092458,APP019,2025-11-19,active,667679.13,EUR,EMEA,CP0182,FUTURE,TDR0181,BOOK_B,2025-04-30
TXN0009759773,APP015,2025-04-23,failed,361236.34,JPY,AMER,CP0498,BOND,TDR0074,BOOK_D,2025-01-14
TXN0000207621,APP011,2025-10-05,failed,418787.96,JPY,APAC,CP0130,BOND,TDR0150,BOOK_A,2026-04-11
TXN0007993839,APP005,2025-01-07,active,645854.48,JPY,LATAM,CP0412,FUTURE,TDR0095,BOOK_D,2025-02-28
TXN0004722393,APP010,2025-08-29,settled,723645.37,CHF,LATAM,CP0037,OPTION,TDR0048,BOOK_C,2025-05-27
TXN0007401966,APP015,2025-11-05,pending,526327.51,USD,LATAM,CP0214,BOND,TDR0102,BOOK_C,2025-06-14
TXN0006807754,APP016,2026-04-12,pending,100861.77,GBP,EMEA,CP0088,EQUITY,TDR0039,BOOK_A,2025-12-17
TXN0007227730,APP008,2025-05-02,failed,188183.22,EUR,LATAM,CP0020,FUTURE,TDR0128,BOOK_A,2025-07-13
TXN0003864256,APP020,2026-01-23,active,22285.55,CHF,APAC,CP0422,FUTURE,TDR0164,BOOK_A,2026-02-10
TXN0009754817,APP002,2025-12-23,pending,669462.21,USD,EMEA,CP0246,OPTION,TDR0050,BOOK_B,2026-02-13
TXN0002034153,APP012,2025-03-21,pending,168390.08,GBP,AMER,CP0220,FX,TDR0036,BOOK_D,2026-01-19
TXN0001457085,APP003,2025-09-22,reversed,429333.57,JPY,AMER,CP0092,SWAP,TDR0085,BOOK_A,2025-09-11
TXN0007780958,APP010,2026-03-06,failed,931552.56,JPY,EMEA,CP0334,BOND,TDR0159,BOOK_A,2025-01-10
TXN0004085376,APP006,2025-04-22,failed,694401.65,AUD,EMEA,CP0348,OPTION,TDR0119,BOOK_A,2025-06-14
TXN0008307055,APP010,2025-04-25,active,215794.19,GBP,EMEA,CP0032,SWAP,TDR0118,BOOK_B,2025-10-18
TXN0003603214,APP008,2025-06-28,failed,551846.96,GBP,EMEA,CP0017,FX,TDR0105,BOOK_A,2025-08-21
TXN0001509157,APP018,2025-10-17,pending,798290.12,AUD,EMEA,CP0287,EQUITY,TDR0085,BOOK_C,2025-08-12
TXN0004243692,APP006,2025-01-09,active,199171.45,USD,LATAM,CP0099,BOND,TDR0195,BOOK_C,2025-08-31
TXN0002422494,APP019,2026-02-15,pending,750497.59,JPY,EMEA,CP0148,FUTURE,TDR0097,BOOK_D,2025-04-14
TXN0000384667,APP020,2025-01-03,settled,771328.35,USD,AMER,CP0192,FX,TDR0137,BOOK_A,2025-09-06
TXN0007705846,APP005,2025-10-26,failed,843055.25,USD,LATAM,CP0112,OPTION,TDR0176,BOOK_D,2025-10-13
TXN0008092473,APP005,2025-07-12,settled,873577.33,EUR,APAC,CP0033,FX,TDR0088,BOOK_B,2025-09-14
TXN0004391143,APP008,2026-01-16,active,456866.44,EUR,EMEA,CP0397,BOND,TDR0115,BOOK_D,2026-03-20
TXN0001628757,APP013,2025-11-20,pending,169149.17,CHF,LATAM,CP0079,EQUITY,TDR0004,BOOK_A,2025-03-16
TXN0005817907,APP016,2025-08-04,failed,541187.43,EUR,AMER,CP0097,EQUITY,TDR0141,BOOK_C,2025-12-21
TXN0008580229,APP008,2025-02-25,pending,890198.89,EUR,AMER,CP0473,FUTURE,TDR0137,BOOK_B,2025-07-27
TXN0001893216,APP005,2025-05-02,pending,696518.95,EUR,AMER,CP0446,FUTURE,TDR0106,BOOK_C,2025-12-31
TXN0002575409,APP007,2025-09-12,active,921137.69,USD,AMER,CP0334,BOND,TDR0038,BOOK_B,2025-06-18
TXN0000259923,APP007,2025-06-20,active,583171.81,JPY,APAC,CP0160,SWAP,TDR0036,BOOK_A,2025-03-06
TXN0004246561,APP003,2026-01-22,reversed,491331.19,JPY,EMEA,CP0082,EQUITY,TDR0137,BOOK_A,2025-10-01
TXN0001415508,APP017,2025-12-07,settled,631735.43,CHF,AMER,CP0328,FX,TDR0124,BOOK_D,2025-03-07
TXN0008201063,APP015,2025-06-26,reversed,522245.9,AUD,LATAM,CP0015,EQUITY,TDR0157,BOOK_C,2025-05-27
TXN0002055867,APP006,2026-02-19,active,694238.81,CHF,LATAM,CP0427,FX,TDR0011,BOOK_D,2025-07-04
TXN0000940486,APP001,2026-03-24,reversed,651896.62,GBP,APAC,CP0427,OPTION,TDR0002,BOOK_C,2025-07-12
TXN0004311222,APP013,2025-05-03,active,320988.39,USD,LATAM,CP0458,SWAP,TDR0112,BOOK_C,2025-10-27
TXN0008413848,APP016,2025-05-19,pending,215561.98,EUR,AMER,CP0360,SWAP,TDR0165,BOOK_C,2026-03-30
TXN0000754024,APP001,2025-06-26,pending,225514.72,GBP,APAC,CP0120,FUTURE,TDR0006,BOOK_B,2026-02-22
TXN0004337341,APP019,2025-06-07,settled,656710.55,AUD,LATAM,CP0097,EQUITY,TDR0058,BOOK_B,2025-12-31
TXN0003441577,APP009,2025-04-07,active,908092.91,EUR,EMEA,CP0026,EQUITY,TDR0141,BOOK_A,2026-02-11
TXN0001998352,APP009,2025-03-09,pending,634172.82,USD,LATAM,CP0419,SWAP,TDR0093,BOOK_C,2025-01-17
TXN0005154291,APP012,2025-08-02,settled,861373.72,USD,APAC,CP0290,EQUITY,TDR0063,BOOK_A,2025-02-02
TXN0003965026,APP011,2025-04-19,reversed,286179.03,USD,AMER,CP0229,OPTION,TDR0021,BOOK_D,2025-04-08
TXN0007413966,APP004,2026-03-17,settled,852170.49,GBP,EMEA,CP0212,EQUITY,TDR0119,BOOK_C,2026-02-26
TXN0003814571,APP011,2025-01-16,reversed,499617.48,CHF,AMER,CP0489,FX,TDR0031,BOOK_D,2025-10-09
TXN0009691179,APP012,2025-12-07,settled,371912.49,AUD,APAC,CP0472,FX,TDR0045,BOOK_B,2025-06-13
TXN0006455958,APP017,2025-04-25,settled,81806.45,CHF,AMER,CP0223,SWAP,TDR0107,BOOK_A,2025-01-11
TXN0003372725,APP016,2026-03-09,failed,203157.15,USD,EMEA,CP0358,BOND,TDR0058,BOOK_C,2025-07-21
TXN0001376507,APP018,2025-01-15,reversed,886291.65,USD,AMER,CP0210,OPTION,TDR0008,BOOK_C,2026-04-14
TXN0005218246,APP003,2026-03-22,failed,529377.43,AUD,LATAM,CP0411,SWAP,TDR0072,BOOK_D,2025-12-08
TXN0007779941,APP003,2025-05-08,settled,153218.59,GBP,EMEA,CP0212,OPTION,TDR0049,BOOK_B,2026-03-23
TXN0001435784,APP016,2025-02-28,pending,895603.25,JPY,EMEA,CP0024,OPTION,TDR0173,BOOK_B,2026-01-12
TXN0005483964,APP004,2025-10-12,active,396303.75,USD,LATAM,CP0467,BOND,TDR0093,BOOK_D,2025-06-22
TXN0003542551,APP012,2025-07-07,reversed,542742.38,JPY,AMER,CP0372,BOND,TDR0100,BOOK_B,2025-07-07
TXN0006049686,APP008,2025-11-01,settled,654934.79,JPY,EMEA,CP0368,FUTURE,TDR0136,BOOK_A,2025-05-10
TXN0004007686,APP017,2025-08-23,active,730846.07,JPY,AMER,CP0302,EQUITY,TDR0150,BOOK_D,2025-08-24
TXN0006590405,APP004,2026-03-04,reversed,718070.48,GBP,LATAM,CP0046,OPTION,TDR0103,BOOK_D,2025-11-29
TXN0009917751,APP020,2025-10-05,failed,711271.48,EUR,LATAM,CP0290,EQUITY,TDR0089,BOOK_C,2025-08-28
TXN0003629755,APP013,2025-02-05,failed,817628.26,USD,LATAM,CP0442,SWAP,TDR0044,BOOK_D,2025-08-22
TXN0000202758,APP004,2025-01-06,active,236292.99,AUD,APAC,CP0268,OPTION,TDR0169,BOOK_B,2025-06-30
TXN0002000326,APP020,2026-02-21,active,141376.4,CHF,EMEA,CP0340,FX,TDR0191,BOOK_B,2025-12-18
TXN0001224934,APP004,2025-09-06,reversed,67076.98,EUR,LATAM,CP0195,EQUITY,TDR0044,BOOK_D,2025-11-18
TXN0002773080,APP020,2025-01-31,reversed,443736.15,GBP,EMEA,CP0103,EQUITY,TDR0012,BOOK_B,2025-10-24
TXN0008697836,APP012,2025-05-16,active,833055.51,AUD,AMER,CP0268,SWAP,TDR0088,BOOK_D,2026-01-04
TXN0009383680,APP005,2025-09-24,reversed,867315.11,JPY,APAC,CP0229,OPTION,TDR0037,BOOK_C,2025-11-05
TXN0000351256,APP008,2025-03-01,pending,960144.41,EUR,LATAM,CP0150,BOND,TDR0054,BOOK_B,2026-03-23
TXN0005784509,APP010,2025-08-25,active,219462.17,GBP,EMEA,CP0292,FUTURE,TDR0042,BOOK_A,2025-05-28
TXN0009411198,APP017,2025-03-01,reversed,761966.76,EUR,AMER,CP0134,SWAP,TDR0079,BOOK_B,2025-06-28
TXN0009656048,APP007,2025-12-25,pending,676174.17,GBP,EMEA,CP0310,FUTURE,TDR0052,BOOK_B,2026-03-15
TXN0008058382,APP012,2025-12-08,settled,184432.1,GBP,EMEA,CP0453,FUTURE,TDR0017,BOOK_B,2025-09-21
TXN0004343712,APP016,2025-02-22,settled,470378.1,AUD,LATAM,CP0237,FX,TDR0064,BOOK_D,2025-10-02
TXN0001871860,APP020,2025-07-22,failed,38580.49,AUD,APAC,CP0359,FUTURE,TDR0169,BOOK_A,2025-11-30
TXN0001567191,APP004,2025-06-05,active,152837.45,CHF,AMER,CP0447,FX,TDR0164,BOOK_C,2026-04-09
TXN0008929764,APP001,2025-03-21,pending,748569.63,JPY,LATAM,CP0046,FUTURE,TDR0175,BOOK_A,2025-04-19
TXN0002606161,APP008,2026-01-10,settled,342050.85,USD,AMER,CP0316,OPTION,TDR0033,BOOK_D,2025-09-06
TXN0000718087,APP019,2025-09-04,settled,230062.28,EUR,LATAM,CP0219,BOND,TDR0109,BOOK_D,2026-02-25
TXN0009445236,APP012,2025-12-29,pending,553887.09,EUR,EMEA,CP0313,FUTURE,TDR0022,BOOK_C,2025-06-16
TXN0004273402,APP006,2026-02-24,reversed,317069.43,JPY,APAC,CP0031,BOND,TDR0072,BOOK_D,2025-05-09
TXN0006083984,APP015,2026-03-10,active,998369.23,AUD,EMEA,CP0106,FUTURE,TDR0166,BOOK_A,2025-05-25
TXN0005254654,APP011,2025-05-06,reversed,769266.58,GBP,AMER,CP0215,EQUITY,TDR0032,BOOK_A,2026-03-23
TXN0009218480,APP015,2025-08-14,pending,887605.49,EUR,LATAM,CP0185,OPTION,TDR0194,BOOK_C,2025-06-19
TXN0001277261,APP003,2025-10-19,reversed,458255.88,USD,APAC,CP0291,FX,TDR0094,BOOK_B,2025-10-23
TXN0005988071,APP009,2025-02-05,active,102092.14,JPY,EMEA,CP0370,EQUITY,TDR0173,BOOK_C,2025-06-17
TXN0000648103,APP003,2025-07-19,active,102964.43,CHF,AMER,CP0043,SWAP,TDR0065,BOOK_C,2025-02-09
TXN0000365044,APP019,2026-04-10,settled,783649.02,EUR,APAC,CP0077,BOND,TDR0055,BOOK_A,2026-03-17
TXN0005906897,APP018,2025-05-15,failed,228244.48,CHF,LATAM,CP0046,FUTURE,TDR0145,BOOK_B,2026-04-13
TXN0008948505,APP013,2025-07-28,active,511582.58,EUR,LATAM,CP0365,FUTURE,TDR0005,BOOK_D,2025-02-19
TXN0000034375,APP005,2025-02-11,settled,278793.93,GBP,LATAM,CP0494,SWAP,TDR0194,BOOK_D,2025-07-28
TXN0002594878,APP019,2026-01-22,settled,456019.52,GBP,EMEA,CP0274,FX,TDR0135,BOOK_D,2026-03-17
TXN0005516758,APP017,2025-09-26,active,288757.59,JPY,LATAM,CP0144,SWAP,TDR0114,BOOK_D,2025-10-18
TXN0005389856,APP013,2025-10-14,active,627666.63,JPY,EMEA,CP0134,BOND,TDR0130,BOOK_A,2025-10-11
TXN0004999983,APP011,2025-02-09,settled,92234.29,USD,LATAM,CP0190,BOND,TDR0168,BOOK_D,2025-10-05
TXN0000622277,APP016,2025-07-03,reversed,985098.94,EUR,EMEA,CP0047,SWAP,TDR0012,BOOK_C,2025-06-23
TXN0003363284,APP018,2025-02-22,active,445119.51,CHF,APAC,CP0351,FUTURE,TDR0110,BOOK_C,2025-07-18
TXN0009271048,APP013,2025-04-14,active,708846.38,AUD,EMEA,CP0443,FUTURE,TDR0124,BOOK_A,2025-09-19
TXN0006924347,APP001,2025-08-17,settled,684409.48,JPY,AMER,CP0353,EQUITY,TDR0181,BOOK_B,2025-07-30
TXN0004328068,APP009,2025-08-12,failed,360073.5,JPY,APAC,CP0083,SWAP,TDR0025,BOOK_D,2026-02-18
TXN0009478038,APP019,2026-01-13,active,78307.82,AUD,LATAM,CP0104,SWAP,TDR0023,BOOK_C,2025-04-03
TXN0004032872,APP009,2025-11-16,active,440081.24,EUR,EMEA,CP0172,FX,TDR0189,BOOK_C,2025-06-10
TXN0008821696,APP020,2025-01-18,settled,189916.66,USD,AMER,CP0070,SWAP,TDR0079,BOOK_C,2025-11-14
TXN0005873529,APP002,2025-05-28,pending,200771.68,AUD,LATAM,CP0150,OPTION,TDR0018,BOOK_A,2025-10-14
TXN0003785845,APP011,2025-02-08,reversed,453045.03,GBP,AMER,CP0485,BOND,TDR0123,BOOK_B,2025-08-07
TXN0004632338,APP012,2025-07-14,pending,963400.47,CHF,AMER,CP0322,OPTION,TDR0014,BOOK_C,2026-04-06
TXN0006714477,APP019,2025-08-19,pending,662030.55,USD,AMER,CP0079,SWAP,TDR0103,BOOK_A,2025-03-24
TXN0000474314,APP014,2025-03-27,pending,442305.06,JPY,AMER,CP0430,OPTION,TDR0069,BOOK_D,2025-06-12
TXN0002817646,APP018,2026-01-17,reversed,67053.5,EUR,AMER,CP0106,OPTION,TDR0121,BOOK_B,2025-03-30
TXN0004023436,APP020,2025-08-14,pending,274465.72,CHF,LATAM,CP0255,FX,TDR0068,BOOK_D,2025-08-13
TXN0002368364,APP004,2025-03-17,active,740713.87,CHF,APAC,CP0125,OPTION,TDR0150,BOOK_B,2025-10-20
TXN0002215730,APP003,2025-10-20,pending,542788.57,JPY,LATAM,CP0449,EQUITY,TDR0044,BOOK_C,2025-10-03
TXN0005947900,APP013,2025-05-31,failed,639155.76,AUD,APAC,CP0055,FUTURE,TDR0008,BOOK_C,2025-01-29
TXN0003674694,APP017,2026-03-12,failed,247042.25,CHF,AMER,CP0120,FUTURE,TDR0195,BOOK_C,2025-05-05
TXN0003271443,APP017,2026-03-21,failed,274117.49,CHF,APAC,CP0015,FX,TDR0194,BOOK_B,2025-09-22
TXN0006883886,APP014,2025-11-04,pending,7063.83,AUD,AMER,CP0191,OPTION,TDR0142,BOOK_B,2026-03-08
TXN0009863249,APP001,2025-04-08,failed,247206.06,AUD,LATAM,CP0121,FX,TDR0040,BOOK_A,2026-04-06
TXN0007513281,APP013,2025-09-28,failed,10810.99,GBP,EMEA,CP0275,EQUITY,TDR0152,BOOK_A,2025-01-22
TXN0001549918,APP004,2025-10-14,active,454867.95,AUD,AMER,CP0468,EQUITY,TDR0189,BOOK_C,2025-06-09
TXN0009962617,APP001,2025-03-13,reversed,368520.34,JPY,LATAM,CP0395,FUTURE,TDR0186,BOOK_D,2025-04-04
TXN0003159920,APP007,2026-03-19,pending,139956.59,CHF,APAC,CP0079,BOND,TDR0182,BOOK_C,2025-03-20
TXN0001881645,APP016,2026-01-12,settled,642427.85,JPY,EMEA,CP0129,EQUITY,TDR0053,BOOK_B,2025-11-23
TXN0005617290,APP015,2025-04-27,active,244354.35,USD,LATAM,CP0439,OPTION,TDR0091,BOOK_C,2025-10-06
TXN0001609226,APP003,2025-05-04,reversed,423878.31,USD,LATAM,CP0073,OPTION,TDR0155,BOOK_C,2025-09-18
TXN0000079298,APP014,2026-03-03,active,849643.89,USD,AMER,CP0414,EQUITY,TDR0122,BOOK_C,2025-05-05
TXN0007875446,APP009,2026-02-07,reversed,811503.45,JPY,EMEA,CP0330,FUTURE,TDR0011,BOOK_C,2026-02-01
TXN0003483274,APP011,2025-04-07,reversed,207164.77,JPY,APAC,CP0172,BOND,TDR0095,BOOK_C,2025-03-28
TXN0006470272,APP010,2025-12-28,active,867391.9,AUD,APAC,CP0380,OPTION,TDR0181,BOOK_D,2025-08-12
TXN0005886460,APP020,2025-07-06,failed,625615.81,GBP,APAC,CP0093,SWAP,TDR0103,BOOK_C,2025-10-21
TXN0008751362,APP001,2025-01-27,pending,805105.31,AUD,EMEA,CP0095,OPTION,TDR0153,BOOK_C,2026-03-29
TXN0005240721,APP011,2025-05-04,pending,546025.78,AUD,APAC,CP0215,OPTION,TDR0199,BOOK_A,2025-09-05
TXN0005005899,APP017,2025-07-17,pending,512354.94,AUD,APAC,CP0042,FUTURE,TDR0121,BOOK_A,2026-02-23
TXN0005307638,APP019,2025-05-01,reversed,873624.25,EUR,APAC,CP0042,SWAP,TDR0167,BOOK_D,2025-11-11
TXN0009346569,APP004,2025-08-27,reversed,169089.66,JPY,LATAM,CP0296,FX,TDR0042,BOOK_A,2025-08-15
TXN0001461410,APP017,2025-06-26,failed,8648.34,GBP,APAC,CP0071,SWAP,TDR0194,BOOK_D,2025-11-26
TXN0003841344,APP018,2025-08-15,failed,697825.02,GBP,EMEA,CP0493,FX,TDR0104,BOOK_A,2025-06-04
TXN0006115515,APP012,2025-12-07,pending,114375.71,EUR,AMER,CP0009,EQUITY,TDR0068,BOOK_C,2026-02-20
TXN0003889064,APP005,2026-03-06,failed,128632.89,JPY,APAC,CP0003,SWAP,TDR0141,BOOK_D,2025-07-24
TXN0002297419,APP010,2025-03-31,reversed,182015.6,EUR,EMEA,CP0046,OPTION,TDR0037,BOOK_A,2025-05-18
TXN0005898469,APP011,2025-11-12,reversed,873028.49,AUD,AMER,CP0052,EQUITY,TDR0132,BOOK_C,2025-11-16
TXN0002675146,APP014,2025-01-01,settled,35848.0,EUR,AMER,CP0327,EQUITY,TDR0125,BOOK_C,2025-05-10
TXN0001904908,APP006,2025-09-24,failed,416803.11,USD,EMEA,CP0288,OPTION,TDR0200,BOOK_D,2025-02-25
TXN0003786430,APP002,2025-06-03,failed,634742.89,USD,APAC,CP0099,EQUITY,TDR0053,BOOK_B,2025-01-25
TXN0008700396,APP005,2025-03-28,active,314791.0,AUD,APAC,CP0007,FUTURE,TDR0130,BOOK_D,2025-02-08
TXN0001875082,APP007,2025-10-15,failed,336786.23,USD,AMER,CP0055,FX,TDR0195,BOOK_A,2025-12-29
TXN0007880665,APP020,2025-02-17,settled,378415.02,JPY,APAC,CP0138,SWAP,TDR0177,BOOK_B,2025-02-17
TXN0005853680,APP015,2025-07-01,settled,428707.39,JPY,AMER,CP0012,FUTURE,TDR0054,BOOK_B,2025-06-09
TXN0000515033,APP001,2025-04-08,settled,385031.47,GBP,LATAM,CP0387,BOND,TDR0164,BOOK_B,2025-05-23
TXN0008129384,APP014,2025-01-25,pending,352523.66,EUR,LATAM,CP0466,FX,TDR0031,BOOK_C,2025-02-20
TXN0000760663,APP009,2026-02-17,settled,627710.44,EUR,AMER,CP0006,OPTION,TDR0161,BOOK_B,2025-02-01
TXN0006269589,APP018,2026-01-02,active,161751.84,CHF,EMEA,CP0298,EQUITY,TDR0071,BOOK_B,2025-04-30
TXN0001528012,APP018,2025-03-21,active,13615.31,AUD,LATAM,CP0399,BOND,TDR0153,BOOK_A,2025-11-03
TXN0007497584,APP012,2025-07-18,active,793694.74,JPY,EMEA,CP0390,OPTION,TDR0179,BOOK_A,2025-05-12
TXN0004559877,APP006,2026-02-15,failed,367149.2,CHF,AMER,CP0191,OPTION,TDR0182,BOOK_B,2025-07-18
TXN0000546435,APP002,2025-10-09,settled,876722.98,EUR,APAC,CP0195,OPTION,TDR0037,BOOK_A,2025-10-09
TXN0007215889,APP006,2025-08-07,reversed,310369.93,EUR,AMER,CP0401,OPTION,TDR0059,BOOK_D,2025-11-08
TXN0003857232,APP007,2026-03-30,failed,863242.16,USD,EMEA,CP0403,SWAP,TDR0040,BOOK_A,2025-04-30
TXN0008561824,APP010,2025-12-11,settled,837936.03,GBP,LATAM,CP0438,OPTION,TDR0139,BOOK_B,2025-11-27
TXN0009724330,APP006,2025-11-04,failed,283303.42,EUR,LATAM,CP0475,EQUITY,TDR0158,BOOK_A,2025-06-20
TXN0003974350,APP010,2025-09-08,settled,416822.84,EUR,AMER,CP0088,FUTURE,TDR0079,BOOK_C,2025-08-02
TXN0002967140,APP012,2025-10-28,reversed,642789.44,CHF,APAC,CP0442,OPTION,TDR0115,BOOK_D,2025-07-08
TXN0009828807,APP008,2025-08-31,reversed,934628.89,USD,APAC,CP0359,FX,TDR0143,BOOK_C,2025-11-24
TXN0006096585,APP004,2026-03-29,settled,301098.12,GBP,LATAM,CP0098,BOND,TDR0189,BOOK_C,2025-06-12
TXN0001527170,APP016,2025-12-30,reversed,924343.98,EUR,AMER,CP0017,FUTURE,TDR0100,BOOK_D,2026-02-19
TXN0007626710,APP017,2025-12-21,active,650779.48,EUR,LATAM,CP0356,EQUITY,TDR0048,BOOK_D,2025-08-09
TXN0003593903,APP010,2026-01-01,pending,702652.29,JPY,EMEA,CP0189,EQUITY,TDR0074,BOOK_D,2025-08-15
TXN0000948019,APP012,2025-05-16,failed,191262.06,USD,AMER,CP0137,FX,TDR0052,BOOK_D,2025-01-08
TXN0004469292,APP019,2025-06-17,pending,740633.39,EUR,LATAM,CP0315,EQUITY,TDR0099,BOOK_D,2026-02-13
TXN0005619441,APP019,2026-03-19,failed,265358.48,CHF,AMER,CP0106,BOND,TDR0010,BOOK_C,2025-07-15
TXN0008610371,APP008,2026-02-22,pending,224072.71,CHF,APAC,CP0017,FX,TDR0108,BOOK_A,2025-12-05
TXN0004761982,APP009,2025-01-04,reversed,537949.45,JPY,LATAM,CP0123,FX,TDR0184,BOOK_B,2025-10-11
TXN0004686122,APP005,2025-02-23,failed,281922.17,USD,LATAM,CP0169,OPTION,TDR0182,BOOK_D,2025-06-04
TXN0002294313,APP017,2025-05-21,active,792645.09,CHF,LATAM,CP0003,BOND,TDR0171,BOOK_D,2025-10-12
TXN0000602978,APP020,2025-12-09,settled,103724.16,AUD,EMEA,CP0050,BOND,TDR0048,BOOK_C,2025-03-04
TXN0004404123,APP019,2025-03-15,pending,534267.34,EUR,AMER,CP0055,FUTURE,TDR0121,BOOK_D,2026-02-25
TXN0001240336,APP015,2025-04-26,active,880632.4,CHF,AMER,CP0367,SWAP,TDR0069,BOOK_B,2025-12-28
TXN0006417371,APP009,2025-04-19,settled,50554.89,EUR,AMER,CP0163,FUTURE,TDR0163,BOOK_D,2025-02-27
TXN0008919115,APP016,2025-11-24,reversed,40793.0,CHF,APAC,CP0348,FUTURE,TDR0177,BOOK_B,2026-01-03
TXN0001819697,APP003,2025-03-08,failed,650857.19,GBP,APAC,CP0209,EQUITY,TDR0145,BOOK_D,2025-09-02
TXN0009317379,APP006,2025-10-25,failed,350507.68,GBP,APAC,CP0037,SWAP,TDR0072,BOOK_D,2025-02-27
TXN0002969589,APP011,2025-10-26,active,623874.68,GBP,EMEA,CP0422,FX,TDR0099,BOOK_D,2026-03-28
TXN0002935759,APP007,2025-08-02,active,932754.18,AUD,EMEA,CP0022,BOND,TDR0176,BOOK_D,2025-01-28
TXN0000923487,APP009,2026-03-27,reversed,319919.36,CHF,LATAM,CP0075,FX,TDR0049,BOOK_C,2025-06-09
TXN0002748156,APP012,2025-10-03,failed,366249.75,GBP,APAC,CP0329,BOND,TDR0189,BOOK_A,2026-02-07
TXN0008776101,APP018,2026-02-15,settled,852388.24,USD,AMER,CP0373,BOND,TDR0150,BOOK_C,2025-12-26
TXN0000780771,APP020,2026-02-12,pending,380721.84,CHF,EMEA,CP0083,FX,TDR0089,BOOK_D,2025-04-22
TXN0003501852,APP006,2025-01-14,settled,979759.8,USD,LATAM,CP0477,FX,TDR0054,BOOK_B,2025-12-06
TXN0000041847,APP006,2025-02-18,settled,831999.7,GBP,LATAM,CP0456,FX,TDR0016,BOOK_C,2026-02-04
TXN0006964589,APP004,2025-05-16,pending,492082.84,JPY,EMEA,CP0155,EQUITY,TDR0104,BOOK_B,2025-05-23
TXN0001743634,APP003,2025-09-14,pending,4277.85,CHF,APAC,CP0013,SWAP,TDR0189,BOOK_B,2025-01-03
TXN0004086535,APP010,2025-04-24,failed,360376.72,JPY,LATAM,CP0414,FUTURE,TDR0003,BOOK_C,2026-03-10
TXN0006024146,APP009,2025-03-11,pending,554687.23,GBP,LATAM,CP0330,OPTION,TDR0093,BOOK_C,2025-01-07
TXN0003938915,APP010,2026-04-02,failed,618288.86,EUR,APAC,CP0197,OPTION,TDR0117,BOOK_C,2025-04-24
TXN0002686556,APP006,2025-03-03,active,603581.11,JPY,EMEA,CP0388,FUTURE,TDR0137,BOOK_C,2025-06-06
TXN0001222722,APP009,2025-03-04,reversed,102617.43,AUD,AMER,CP0077,OPTION,TDR0079,BOOK_A,2025-08-20
TXN0009396504,APP020,2025-08-05,failed,259802.09,USD,EMEA,CP0464,OPTION,TDR0040,BOOK_A,2026-02-11
TXN0008052683,APP018,2025-01-24,pending,69482.51,JPY,AMER,CP0292,FX,TDR0151,BOOK_D,2025-06-25
TXN0002851140,APP008,2025-11-11,settled,35263.99,USD,AMER,CP0258,EQUITY,TDR0011,BOOK_B,2025-05-03
TXN0004098553,APP019,2025-10-24,pending,922990.72,USD,APAC,CP0179,BOND,TDR0129,BOOK_B,2025-10-02
TXN0008315420,APP018,2026-03-27,reversed,316444.41,EUR,EMEA,CP0062,BOND,TDR0150,BOOK_A,2025-10-03
TXN0000855395,APP002,2025-01-07,failed,503700.75,GBP,EMEA,CP0353,FX,TDR0177,BOOK_B,2025-08-17
TXN0001622359,APP009,2025-06-08,pending,585350.5,USD,AMER,CP0032,SWAP,TDR0007,BOOK_C,2025-04-04
TXN0006929386,APP012,2025-09-30,reversed,571457.76,USD,EMEA,CP0182,EQUITY,TDR0043,BOOK_C,2025-11-12
TXN0008332985,APP011,2025-09-30,pending,94161.16,JPY,AMER,CP0430,EQUITY,TDR0054,BOOK_B,2025-12-16
TXN0006035333,APP020,2025-09-20,settled,680259.61,EUR,APAC,CP0351,SWAP,TDR0070,BOOK_C,2026-01-20
TXN0001377725,APP005,2025-12-16,settled,460634.82,JPY,APAC,CP0352,FUTURE,TDR0171,BOOK_A,2025-01-21
TXN0008944976,APP017,2025-09-19,failed,265262.37,EUR,EMEA,CP0103,OPTION,TDR0070,BOOK_B,2025-06-23
TXN0005441692,APP010,2026-03-20,failed,274338.17,EUR,AMER,CP0138,EQUITY,TDR0028,BOOK_A,2026-04-02
TXN0002721563,APP010,2025-05-02,settled,782983.95,EUR,EMEA,CP0498,OPTION,TDR0177,BOOK_D,2026-03-19
TXN0002736448,APP006,2025-04-15,settled,896918.58,AUD,EMEA,CP0311,OPTION,TDR0126,BOOK_C,2026-02-10
TXN0007606220,APP013,2025-03-24,failed,795996.61,EUR,EMEA,CP0284,BOND,TDR0078,BOOK_D,2025-10-08
TXN0008695046,APP006,2026-04-02,failed,723014.83,CHF,EMEA,CP0429,OPTION,TDR0126,BOOK_D,2025-03-07
TXN0006620475,APP014,2026-03-17,reversed,261634.07,AUD,EMEA,CP0091,BOND,TDR0079,BOOK_B,2025-11-18
TXN0006088031,APP005,2025-06-25,active,822568.16,USD,AMER,CP0276,EQUITY,TDR0128,BOOK_B,2025-06-30
TXN0003773590,APP019,2025-06-01,pending,621650.24,EUR,EMEA,CP0133,FX,TDR0104,BOOK_D,2026-02-09
TXN0003951454,APP018,2025-07-28,settled,719394.3,EUR,LATAM,CP0374,OPTION,TDR0159,BOOK_B,2025-02-05
TXN0009217539,APP007,2026-03-06,settled,945794.39,CHF,APAC,CP0129,BOND,TDR0167,BOOK_D,2026-04-13
TXN0001758479,APP017,2025-01-10,settled,892855.38,CHF,APAC,CP0459,FX,TDR0115,BOOK_B,2025-04-16
TXN0002488032,APP011,2025-06-26,reversed,736239.83,EUR,AMER,CP0301,BOND,TDR0022,BOOK_A,2025-06-20
TXN0005915306,APP010,2025-07-28,pending,858191.29,EUR,APAC,CP0265,EQUITY,TDR0159,BOOK_C,2025-02-02
TXN0006684299,APP020,2025-11-26,failed,470995.48,GBP,AMER,CP0418,OPTION,TDR0018,BOOK_D,2025-10-11
TXN0000437955,APP014,2026-03-17,settled,45003.95,USD,EMEA,CP0456,FUTURE,TDR0001,BOOK_B,2025-09-13
TXN0008710998,APP016,2025-09-21,reversed,438262.42,JPY,EMEA,CP0248,BOND,TDR0193,BOOK_B,2026-02-17
TXN0005260177,APP004,2025-09-30,active,989591.91,EUR,AMER,CP0227,EQUITY,TDR0075,BOOK_C,2026-01-15
TXN0007431509,APP003,2026-01-15,settled,688532.7,USD,LATAM,CP0048,FUTURE,TDR0108,BOOK_C,2025-12-19
TXN0004213499,APP015,2025-07-16,failed,804618.59,CHF,EMEA,CP0237,FUTURE,TDR0133,BOOK_A,2025-05-31
TXN0000415145,APP009,2025-12-08,pending,448864.97,AUD,LATAM,CP0153,FX,TDR0193,BOOK_C,2026-04-06
TXN0002380887,APP015,2025-11-10,failed,245645.18,EUR,AMER,CP0344,OPTION,TDR0156,BOOK_D,2025-04-01
TXN0004983800,APP017,2025-12-07,failed,388657.51,AUD,EMEA,CP0291,FX,TDR0023,BOOK_A,2025-05-21
TXN0008021389,APP002,2025-12-25,failed,124189.79,EUR,APAC,CP0027,SWAP,TDR0017,BOOK_B,2025-03-15
TXN0008852880,APP019,2025-08-12,settled,2828.41,USD,AMER,CP0094,FUTURE,TDR0044,BOOK_D,2026-03-17
TXN0004458810,APP002,2025-01-20,settled,941016.55,JPY,EMEA,CP0016,BOND,TDR0019,BOOK_C,2026-02-19
TXN0008879413,APP015,2025-02-07,active,147485.98,GBP,AMER,CP0265,FUTURE,TDR0193,BOOK_C,2026-01-11
TXN0000081152,APP001,2025-08-31,pending,477968.41,EUR,LATAM,CP0211,FUTURE,TDR0034,BOOK_D,2025-01-17
TXN0008411758,APP020,2025-08-22,active,116221.11,GBP,AMER,CP0265,OPTION,TDR0136,BOOK_D,2025-08-15
TXN0008923660,APP017,2025-01-20,reversed,278996.4,EUR,APAC,CP0456,FX,TDR0111,BOOK_A,2025-04-13
TXN0000464580,APP002,2025-01-31,reversed,89363.15,GBP,APAC,CP0485,FX,TDR0031,BOOK_C,2025-07-24
TXN0007223309,APP008,2026-03-13,failed,275477.29,JPY,AMER,CP0350,EQUITY,TDR0196,BOOK_A,2025-07-03
TXN0003541062,APP017,2025-09-29,reversed,173798.88,CHF,AMER,CP0448,SWAP,TDR0113,BOOK_A,2025-05-23
TXN0008396645,APP008,2026-01-03,pending,424290.3,JPY,APAC,CP0442,SWAP,TDR0086,BOOK_C,2025-03-08
TXN0003368196,APP015,2025-01-31,failed,77301.3,GBP,EMEA,CP0337,EQUITY,TDR0049,BOOK_D,2025-01-10
TXN0007351902,APP010,2025-06-19,pending,184514.0,EUR,APAC,CP0378,SWAP,TDR0140,BOOK_A,2026-03-09
TXN0003922046,APP001,2025-11-25,failed,287902.88,GBP,LATAM,CP0191,BOND,TDR0006,BOOK_C,2026-02-03
TXN0007509908,APP010,2025-11-13,settled,448384.18,EUR,EMEA,CP0130,SWAP,TDR0132,BOOK_B,2025-08-15
TXN0001375527,APP012,2025-05-04,failed,221617.47,CHF,AMER,CP0231,FUTURE,TDR0127,BOOK_B,2026-01-18
TXN0003914340,APP019,2026-02-16,pending,985932.31,AUD,LATAM,CP0494,EQUITY,TDR0170,BOOK_C,2025-11-28
TXN0001364052,APP008,2025-08-12,pending,303527.25,AUD,LATAM,CP0309,FUTURE,TDR0076,BOOK_B,2025-12-18
TXN0000189288,APP017,2025-09-10,settled,100875.32,GBP,EMEA,CP0006,FX,TDR0197,BOOK_D,2025-12-29
TXN0000249812,APP020,2025-01-20,settled,189484.35,EUR,AMER,CP0166,OPTION,TDR0037,BOOK_B,2025-06-28
TXN0001229257,APP012,2025-12-08,failed,828142.37,JPY,APAC,CP0347,EQUITY,TDR0100,BOOK_A,2025-08-23
TXN0007065063,APP004,2025-03-13,reversed,860618.36,EUR,AMER,CP0356,SWAP,TDR0144,BOOK_C,2025-03-23
TXN0002866708,APP002,2025-11-21,settled,737408.75,GBP,APAC,CP0047,FX,TDR0033,BOOK_B,2025-07-29
TXN0008220684,APP020,2025-10-05,failed,595934.68,JPY,EMEA,CP0034,SWAP,TDR0200,BOOK_C,2025-04-03
TXN0009350885,APP017,2025-04-01,failed,493159.16,AUD,EMEA,CP0344,OPTION,TDR0165,BOOK_D,2025-04-03
TXN0002366731,APP016,2026-01-10,settled,497308.55,JPY,APAC,CP0010,FX,TDR0054,BOOK_D,2025-09-13
TXN0001888122,APP004,2025-01-08,active,874990.26,GBP,AMER,CP0368,BOND,TDR0027,BOOK_D,2025-04-21
TXN0000313747,APP001,2025-05-06,pending,682413.18,AUD,EMEA,CP0255,FUTURE,TDR0133,BOOK_B,2025-04-19
TXN0008357949,APP009,2026-01-02,active,810121.34,GBP,APAC,CP0187,SWAP,TDR0152,BOOK_C,2025-09-14
TXN0005430886,APP001,2025-09-25,reversed,310093.84,GBP,APAC,CP0246,OPTION,TDR0118,BOOK_A,2025-04-11
TXN0005636767,APP003,2025-11-14,reversed,187725.96,AUD,AMER,CP0268,FX,TDR0189,BOOK_C,2026-01-22
TXN0004118050,APP012,2025-06-22,reversed,221479.06,JPY,AMER,CP0013,BOND,TDR0137,BOOK_D,2026-03-01
TXN0009439677,APP001,2025-04-07,reversed,357483.06,GBP,EMEA,CP0396,BOND,TDR0136,BOOK_B,2025-10-04
TXN0005559817,APP002,2025-07-05,pending,257414.98,GBP,EMEA,CP0407,FUTURE,TDR0084,BOOK_D,2025-02-20
TXN0002155550,APP010,2026-01-02,settled,724633.91,GBP,AMER,CP0298,SWAP,TDR0031,BOOK_A,2026-01-22
TXN0006173657,APP003,2026-02-28,failed,418388.83,USD,EMEA,CP0094,BOND,TDR0059,BOOK_A,2025-11-21
TXN0001387311,APP003,2025-10-05,pending,420858.67,AUD,LATAM,CP0390,FUTURE,TDR0111,BOOK_B,2025-12-30
TXN0003130625,APP010,2025-07-27,settled,637259.88,EUR,APAC,CP0176,FX,TDR0039,BOOK_C,2025-08-21
TXN0009413983,APP016,2025-01-26,active,545354.39,CHF,EMEA,CP0454,FX,TDR0189,BOOK_D,2025-05-22
TXN0007140855,APP005,2026-03-10,reversed,490222.8,AUD,LATAM,CP0249,BOND,TDR0091,BOOK_A,2026-02-06
TXN0003465142,APP001,2026-02-06,reversed,360836.75,JPY,AMER,CP0380,OPTION,TDR0042,BOOK_C,2025-05-06
TXN0004537560,APP020,2025-05-30,active,872874.84,USD,AMER,CP0222,EQUITY,TDR0022,BOOK_C,2025-09-10
TXN0008625529,APP004,2025-02-14,failed,958425.44,AUD,LATAM,CP0013,SWAP,TDR0090,BOOK_D,2025-01-07
TXN0005542810,APP009,2026-03-23,failed,731528.45,USD,LATAM,CP0011,FX,TDR0142,BOOK_D,2025-08-07
TXN0009337058,APP013,2025-04-20,active,55502.3,GBP,AMER,CP0285,SWAP,TDR0133,BOOK_A,2025-03-30
TXN0007999963,APP004,2026-02-11,failed,290147.65,USD,LATAM,CP0388,FUTURE,TDR0047,BOOK_C,2025-03-09
TXN0006681771,APP007,2025-05-17,pending,557669.77,JPY,LATAM,CP0193,SWAP,TDR0136,BOOK_D,2025-09-05
TXN0005743143,APP013,2026-01-04,pending,314338.96,USD,AMER,CP0365,FUTURE,TDR0035,BOOK_D,2025-12-14
TXN0007767630,APP015,2025-02-12,pending,438791.83,CHF,AMER,CP0034,EQUITY,TDR0011,BOOK_B,2025-12-29
TXN0005145353,APP012,2025-07-28,pending,887631.69,AUD,AMER,CP0494,BOND,TDR0039,BOOK_C,2025-12-13
TXN0001806024,APP015,2025-11-22,reversed,947053.31,AUD,EMEA,CP0132,FUTURE,TDR0161,BOOK_A,2025-10-11
TXN0008949060,APP019,2025-03-30,active,454008.85,AUD,EMEA,CP0423,OPTION,TDR0183,BOOK_A,2025-02-02
TXN0009597999,APP005,2025-08-24,reversed,787001.52,AUD,APAC,CP0220,FX,TDR0153,BOOK_B,2025-05-30
TXN0004571049,APP020,2025-07-22,active,956248.64,GBP,AMER,CP0200,SWAP,TDR0035,BOOK_B,2025-03-22
TXN0008259792,APP016,2026-02-23,settled,339571.69,JPY,LATAM,CP0494,BOND,TDR0063,BOOK_B,2025-08-09
TXN0003129081,APP011,2026-01-22,failed,309211.67,GBP,EMEA,CP0491,BOND,TDR0116,BOOK_D,2026-04-09
TXN0005831484,APP003,2026-01-09,settled,208519.73,AUD,LATAM,CP0208,OPTION,TDR0103,BOOK_B,2025-08-07
TXN0005677292,APP007,2025-10-24,reversed,901466.97,GBP,LATAM,CP0131,FUTURE,TDR0123,BOOK_B,2025-07-09
TXN0001862695,APP009,2025-09-24,settled,223573.48,EUR,APAC,CP0180,FUTURE,TDR0103,BOOK_B,2025-09-17
TXN0009016210,APP018,2026-04-02,active,496913.12,JPY,AMER,CP0437,OPTION,TDR0006,BOOK_C,2025-07-06
TXN0006763582,APP013,2026-04-02,settled,432938.82,AUD,APAC,CP0290,OPTION,TDR0101,BOOK_A,2026-03-22
TXN0004776199,APP019,2025-12-04,pending,408992.36,AUD,AMER,CP0446,BOND,TDR0078,BOOK_B,2025-02-20
TXN0003044286,APP013,2025-02-04,settled,623374.39,EUR,LATAM,CP0253,FUTURE,TDR0153,BOOK_C,2025-02-18
TXN0008671822,APP020,2025-06-29,settled,420383.86,AUD,EMEA,CP0029,FUTURE,TDR0101,BOOK_B,2025-04-08
TXN0008021820,APP002,2025-05-29,pending,539200.5,GBP,EMEA,CP0188,BOND,TDR0081,BOOK_D,2026-03-03
TXN0002449921,APP020,2025-11-06,settled,425002.19,GBP,AMER,CP0340,SWAP,TDR0200,BOOK_D,2026-04-05
TXN0006413199,APP005,2025-02-07,active,523899.71,JPY,APAC,CP0251,OPTION,TDR0129,BOOK_C,2025-09-12
TXN0004825782,APP015,2025-06-02,pending,224816.59,GBP,AMER,CP0040,FUTURE,TDR0012,BOOK_B,2026-03-03
TXN0002792632,APP004,2026-03-17,pending,698812.78,EUR,LATAM,CP0006,EQUITY,TDR0068,BOOK_D,2026-03-12
TXN0008231422,APP016,2026-03-10,pending,332784.06,CHF,LATAM,CP0290,BOND,TDR0195,BOOK_D,2026-01-22
TXN0000347232,APP012,2025-06-13,active,430402.68,GBP,EMEA,CP0267,OPTION,TDR0067,BOOK_A,2026-01-18
TXN0006576506,APP011,2025-10-17,failed,13672.89,EUR,EMEA,CP0282,SWAP,TDR0065,BOOK_A,2025-10-03
TXN0007510001,APP006,2025-11-01,active,729398.7,USD,APAC,CP0170,BOND,TDR0001,BOOK_A,2025-09-21
TXN0008690567,APP009,2025-07-19,settled,458487.96,EUR,APAC,CP0364,FUTURE,TDR0133,BOOK_D,2025-09-21
TXN0009402282,APP017,2025-10-22,reversed,401000.84,EUR,LATAM,CP0164,OPTION,TDR0171,BOOK_D,2025-08-26
TXN0001402704,APP005,2025-02-23,reversed,671501.74,JPY,APAC,CP0461,OPTION,TDR0052,BOOK_A,2025-12-17
TXN0003080110,APP009,2025-03-28,pending,917815.04,AUD,APAC,CP0192,EQUITY,TDR0001,BOOK_A,2025-12-19
TXN0002050159,APP014,2025-07-01,failed,160705.14,EUR,AMER,CP0187,SWAP,TDR0115,BOOK_C,2025-10-01
TXN0001315428,APP003,2025-09-25,pending,294101.44,GBP,AMER,CP0146,SWAP,TDR0026,BOOK_C,2025-04-26
TXN0005922034,APP012,2025-06-27,reversed,564574.71,GBP,LATAM,CP0485,SWAP,TDR0101,BOOK_D,2025-07-07
TXN0009381762,APP009,2025-01-11,settled,280231.82,CHF,APAC,CP0478,FUTURE,TDR0025,BOOK_A,2025-12-22
TXN0000840804,APP004,2025-09-23,settled,280742.74,JPY,APAC,CP0314,FUTURE,TDR0073,BOOK_B,2026-03-16
TXN0005302480,APP018,2025-06-15,settled,933445.13,AUD,APAC,CP0179,BOND,TDR0178,BOOK_C,2025-11-06
TXN0003234575,APP017,2025-10-18,settled,515711.29,CHF,LATAM,CP0481,OPTION,TDR0122,BOOK_C,2026-03-31
TXN0009289076,APP013,2025-10-04,failed,935487.87,EUR,LATAM,CP0304,FUTURE,TDR0086,BOOK_C,2025-10-21
TXN0002332515,APP012,2025-01-11,pending,120372.44,GBP,EMEA,CP0152,SWAP,TDR0120,BOOK_C,2026-01-30
TXN0001201459,APP020,2026-01-31,settled,365593.1,JPY,AMER,CP0262,EQUITY,TDR0135,BOOK_C,2025-11-20
TXN0003492198,APP013,2026-01-29,failed,536232.2,JPY,EMEA,CP0163,BOND,TDR0093,BOOK_C,2025-12-26
TXN0004400827,APP020,2025-09-27,active,461398.5,USD,AMER,CP0288,BOND,TDR0154,BOOK_B,2025-12-29
TXN0002060118,APP015,2025-03-06,pending,686472.59,USD,APAC,CP0337,FUTURE,TDR0185,BOOK_B,2025-08-24
TXN0001507646,APP009,2025-07-15,failed,749796.35,GBP,EMEA,CP0475,OPTION,TDR0105,BOOK_A,2025-05-13
TXN0007177884,APP018,2026-03-13,reversed,980190.48,USD,AMER,CP0176,FX,TDR0186,BOOK_C,2025-08-12
TXN0005561154,APP001,2025-07-01,pending,425840.09,USD,AMER,CP0231,BOND,TDR0110,BOOK_A,2025-01-19
TXN0003126689,APP008,2025-04-06,active,761998.36,AUD,LATAM,CP0034,BOND,TDR0159,BOOK_C,2026-01-01
TXN0004342619,APP008,2025-04-01,settled,88949.92,JPY,EMEA,CP0338,SWAP,TDR0027,BOOK_C,2025-08-18
TXN0008553504,APP008,2026-03-17,failed,643231.11,AUD,LATAM,CP0154,FX,TDR0171,BOOK_A,2025-07-24
TXN0001357636,APP003,2025-12-07,reversed,555141.03,USD,EMEA,CP0477,OPTION,TDR0054,BOOK_C,2025-09-17
TXN0007102326,APP016,2025-04-04,settled,997534.6,AUD,AMER,CP0387,EQUITY,TDR0093,BOOK_D,2026-02-21
TXN0006289295,APP013,2025-02-23,active,280559.99,USD,AMER,CP0261,OPTION,TDR0169,BOOK_B,2025-07-16
TXN0003375969,APP011,2025-08-21,settled,217279.2,USD,EMEA,CP0073,BOND,TDR0142,BOOK_C,2025-01-03
TXN0000529565,APP018,2025-03-13,reversed,847954.97,USD,APAC,CP0009,FX,TDR0048,BOOK_B,2026-01-27
TXN0000844479,APP011,2025-07-12,active,814902.79,USD,LATAM,CP0157,FUTURE,TDR0063,BOOK_D,2025-11-19
TXN0007552327,APP002,2025-07-25,settled,956895.91,JPY,AMER,CP0226,BOND,TDR0010,BOOK_D,2025-01-12
TXN0000766286,APP003,2026-01-17,pending,304609.2,GBP,AMER,CP0387,SWAP,TDR0157,BOOK_B,2025-06-09
TXN0008289572,APP004,2025-12-06,pending,351944.24,EUR,APAC,CP0185,EQUITY,TDR0113,BOOK_B,2026-04-12
TXN0001844226,APP003,2025-10-31,settled,275458.34,JPY,APAC,CP0177,SWAP,TDR0101,BOOK_D,2025-09-24
TXN0001718695,APP011,2026-03-17,settled,93512.23,GBP,AMER,CP0012,EQUITY,TDR0114,BOOK_C,2025-01-23
TXN0004269225,APP003,2025-09-28,reversed,217632.32,GBP,AMER,CP0236,BOND,TDR0170,BOOK_D,2025-09-21
TXN0007691151,APP002,2025-06-07,reversed,247626.78,USD,EMEA,CP0195,SWAP,TDR0021,BOOK_C,2025-01-13
TXN0001102837,APP001,2025-09-05,pending,856767.04,AUD,EMEA,CP0428,EQUITY,TDR0019,BOOK_A,2025-10-01
TXN0006998397,APP009,2025-07-22,active,281480.29,CHF,APAC,CP0280,FUTURE,TDR0115,BOOK_A,2025-05-16
TXN0002208974,APP016,2025-06-17,settled,898345.25,CHF,LATAM,CP0120,FUTURE,TDR0191,BOOK_D,2025-08-16
TXN0007063044,APP010,2025-07-16,settled,995529.78,CHF,AMER,CP0462,SWAP,TDR0051,BOOK_B,2025-01-14
TXN0001709984,APP005,2025-02-28,active,434387.12,JPY,AMER,CP0256,FUTURE,TDR0030,BOOK_C,2025-10-21
TXN0001686422,APP003,2025-12-27,reversed,952622.97,EUR,EMEA,CP0285,BOND,TDR0034,BOOK_B,2026-02-06
TXN0008712286,APP017,2025-04-23,settled,638657.92,GBP,EMEA,CP0222,FX,TDR0047,BOOK_D,2025-08-13
TXN0001088826,APP001,2025-03-17,pending,84398.25,EUR,EMEA,CP0411,EQUITY,TDR0027,BOOK_A,2025-09-09
TXN0007996113,APP007,2025-06-02,reversed,679455.76,GBP,LATAM,CP0488,FUTURE,TDR0125,BOOK_B,2025-06-22
TXN0002254565,APP019,2026-02-07,pending,244773.58,CHF,AMER,CP0083,SWAP,TDR0017,BOOK_C,2025-02-06
TXN0000680574,APP009,2025-12-02,active,699300.86,AUD,AMER,CP0107,OPTION,TDR0045,BOOK_D,2025-03-30
TXN0003171951,APP015,2025-11-21,settled,272646.8,JPY,APAC,CP0256,SWAP,TDR0051,BOOK_C,2025-03-28
TXN0006800564,APP003,2025-07-19,active,186243.82,USD,AMER,CP0473,EQUITY,TDR0115,BOOK_B,2025-01-26
TXN0008576388,APP001,2026-04-12,settled,250223.31,GBP,LATAM,CP0433,FUTURE,TDR0134,BOOK_D,2025-08-02
TXN0009891000,APP009,2025-07-19,reversed,582585.23,GBP,AMER,CP0355,SWAP,TDR0186,BOOK_D,2025-06-03
TXN0009244871,APP007,2025-02-07,active,205798.96,CHF,AMER,CP0103,BOND,TDR0103,BOOK_B,2025-07-07
TXN0009964184,APP005,2025-11-06,settled,500657.24,AUD,LATAM,CP0294,FUTURE,TDR0091,BOOK_B,2026-01-06
TXN0007463841,APP020,2025-02-14,pending,785700.76,AUD,EMEA,CP0412,OPTION,TDR0010,BOOK_D,2026-03-21
TXN0002167639,APP018,2025-02-17,reversed,716602.53,GBP,AMER,CP0392,BOND,TDR0178,BOOK_D,2026-04-02
TXN0006790077,APP011,2025-04-11,failed,744101.59,JPY,APAC,CP0492,EQUITY,TDR0114,BOOK_A,2025-12-09
TXN0001064929,APP015,2026-01-07,failed,631488.73,AUD,AMER,CP0345,OPTION,TDR0001,BOOK_D,2025-11-05
TXN0001386812,APP005,2025-01-11,settled,272827.18,JPY,EMEA,CP0257,BOND,TDR0032,BOOK_C,2025-03-07
TXN0009920870,APP002,2025-02-23,active,429932.82,USD,APAC,CP0488,EQUITY,TDR0149,BOOK_A,2025-07-18
TXN0000602258,APP002,2026-02-17,failed,258030.17,GBP,APAC,CP0099,EQUITY,TDR0096,BOOK_B,2025-08-09
TXN0004117005,APP011,2025-02-20,settled,25910.87,EUR,EMEA,CP0465,OPTION,TDR0045,BOOK_B,2026-02-27
TXN0001390430,APP016,2025-10-21,pending,523232.78,GBP,APAC,CP0282,SWAP,TDR0139,BOOK_B,2026-03-17
TXN0005273194,APP011,2026-03-10,failed,197675.15,EUR,AMER,CP0136,BOND,TDR0095,BOOK_B,2025-12-11
TXN0004298588,APP011,2025-05-03,failed,174492.11,EUR,LATAM,CP0490,FX,TDR0044,BOOK_B,2025-04-20
TXN0009846846,APP014,2025-02-04,settled,1019.45,AUD,APAC,CP0229,FX,TDR0047,BOOK_A,2025-11-14
TXN0002424137,APP006,2025-08-16,pending,133090.4,AUD,LATAM,CP0101,BOND,TDR0126,BOOK_B,2025-08-17
TXN0009679222,APP015,2026-02-08,pending,981312.29,EUR,LATAM,CP0133,OPTION,TDR0042,BOOK_B,2025-03-15
TXN0003061964,APP007,2025-07-12,pending,632154.91,JPY,APAC,CP0107,SWAP,TDR0196,BOOK_A,2025-09-10
TXN0007527705,APP016,2025-06-22,settled,435042.0,USD,AMER,CP0495,OPTION,TDR0071,BOOK_A,2026-03-25
TXN0002786488,APP012,2025-09-19,active,247307.69,JPY,APAC,CP0341,FUTURE,TDR0158,BOOK_B,2025-03-25
TXN0002119638,APP001,2025-02-18,active,176153.72,CHF,LATAM,CP0442,BOND,TDR0031,BOOK_B,2025-09-05
TXN0008528739,APP003,2025-08-24,reversed,212164.8,USD,EMEA,CP0062,OPTION,TDR0117,BOOK_D,2025-06-19
TXN0008840878,APP010,2025-05-04,failed,325374.4,CHF,LATAM,CP0315,BOND,TDR0187,BOOK_A,2025-11-26
TXN0003167131,APP005,2025-04-27,pending,536473.84,USD,LATAM,CP0103,FX,TDR0191,BOOK_C,2025-06-02
TXN0005928406,APP012,2026-01-20,reversed,524556.39,GBP,APAC,CP0029,EQUITY,TDR0077,BOOK_D,2025-05-21
TXN0005430912,APP007,2025-06-15,settled,459779.72,USD,APAC,CP0376,EQUITY,TDR0138,BOOK_B,2026-01-06
TXN0003119619,APP002,2025-04-24,pending,715734.27,USD,EMEA,CP0109,BOND,TDR0043,BOOK_C,2025-10-03
TXN0002046100,APP007,2025-12-07,failed,914103.87,EUR,LATAM,CP0462,FX,TDR0037,BOOK_D,2025-07-18
TXN0008675156,APP016,2025-11-02,settled,45333.94,JPY,APAC,CP0304,FUTURE,TDR0015,BOOK_C,2025-04-03
TXN0008563397,APP008,2025-12-04,reversed,902161.47,JPY,AMER,CP0255,BOND,TDR0018,BOOK_D,2025-09-04
TXN0000408003,APP011,2025-12-06,failed,136974.04,JPY,APAC,CP0283,FUTURE,TDR0016,BOOK_D,2025-02-28
TXN0006029539,APP008,2025-06-28,reversed,730147.44,GBP,APAC,CP0335,EQUITY,TDR0030,BOOK_C,2025-10-22
TXN0009290936,APP008,2026-03-24,failed,266556.59,EUR,APAC,CP0155,FUTURE,TDR0116,BOOK_D,2026-04-01
TXN0007917155,APP008,2026-03-05,reversed,631110.74,EUR,LATAM,CP0108,OPTION,TDR0064,BOOK_A,2025-04-27
TXN0000879009,APP009,2026-01-04,settled,765327.9,JPY,AMER,CP0394,FUTURE,TDR0090,BOOK_A,2025-06-03
TXN0008750780,APP007,2025-08-28,pending,104109.37,AUD,AMER,CP0336,OPTION,TDR0145,BOOK_D,2025-12-18
TXN0007898089,APP018,2025-04-03,active,9151.83,JPY,LATAM,CP0407,BOND,TDR0148,BOOK_C,2026-01-27
TXN0004184808,APP007,2025-03-24,pending,494395.09,AUD,LATAM,CP0021,FUTURE,TDR0033,BOOK_A,2025-05-05
TXN0004812661,APP004,2025-12-17,pending,736453.97,USD,APAC,CP0115,FX,TDR0003,BOOK_C,2025-08-26
TXN0005506631,APP002,2025-02-18,active,576582.07,JPY,APAC,CP0422,BOND,TDR0191,BOOK_B,2026-02-21
TXN0009495998,APP014,2025-12-19,pending,476813.3,AUD,LATAM,CP0500,FX,TDR0012,BOOK_D,2025-06-23
TXN0004114007,APP020,2025-05-23,settled,536794.21,GBP,APAC,CP0104,FX,TDR0130,BOOK_D,2025-07-17
TXN0003674395,APP017,2025-02-25,active,582020.48,EUR,AMER,CP0457,EQUITY,TDR0131,BOOK_A,2026-01-09
TXN0004406931,APP014,2025-01-12,settled,629276.54,CHF,AMER,CP0374,FX,TDR0010,BOOK_A,2026-02-14
TXN0005189522,APP009,2025-12-25,reversed,355757.86,USD,EMEA,CP0484,SWAP,TDR0066,BOOK_A,2025-02-05
TXN0005493838,APP007,2026-02-05,pending,958408.31,GBP,AMER,CP0394,FUTURE,TDR0196,BOOK_C,2025-07-16
TXN0002527966,APP007,2026-04-09,active,895260.61,CHF,AMER,CP0488,BOND,TDR0092,BOOK_A,2025-08-01
TXN0003518082,APP004,2025-10-29,pending,33982.68,EUR,APAC,CP0078,SWAP,TDR0069,BOOK_B,2025-10-02
TXN0000272048,APP015,2025-11-05,failed,527327.47,JPY,EMEA,CP0064,BOND,TDR0117,BOOK_D,2025-09-06
TXN0001581559,APP015,2025-08-17,active,854935.48,EUR,LATAM,CP0026,FX,TDR0083,BOOK_C,2025-01-31
TXN0002199976,APP001,2025-08-15,reversed,177976.38,AUD,APAC,CP0249,BOND,TDR0089,BOOK_B,2025-10-01
TXN0008570239,APP009,2025-12-03,pending,242240.76,EUR,LATAM,CP0205,OPTION,TDR0109,BOOK_B,2025-01-30
TXN0001931889,APP018,2026-02-25,reversed,626489.53,JPY,EMEA,CP0152,BOND,TDR0062,BOOK_C,2026-03-02
TXN0001877671,APP003,2026-03-10,pending,819621.84,GBP,APAC,CP0458,EQUITY,TDR0097,BOOK_B,2025-03-09
TXN0005441006,APP001,2026-02-10,failed,512927.38,USD,AMER,CP0326,BOND,TDR0138,BOOK_A,2025-02-07
TXN0008800993,APP018,2025-07-13,settled,172506.2,USD,AMER,CP0257,EQUITY,TDR0129,BOOK_C,2025-04-15
TXN0008322780,APP017,2025-10-11,pending,226633.22,EUR,APAC,CP0441,OPTION,TDR0187,BOOK_C,2025-12-30
TXN0006198602,APP011,2025-07-14,pending,72915.08,USD,LATAM,CP0243,BOND,TDR0155,BOOK_A,2026-02-18
TXN0008385738,APP020,2025-03-10,pending,931372.4,GBP,APAC,CP0334,BOND,TDR0007,BOOK_B,2025-12-26
TXN0009559879,APP020,2025-05-16,reversed,515226.38,USD,AMER,CP0203,OPTION,TDR0181,BOOK_C,2025-01-04
TXN0007716316,APP009,2025-01-31,reversed,291834.51,CHF,AMER,CP0020,EQUITY,TDR0092,BOOK_B,2025-05-03
TXN0007486451,APP004,2026-04-11,reversed,27294.31,AUD,APAC,CP0262,FUTURE,TDR0048,BOOK_A,2026-04-11
TXN0001529360,APP016,2026-03-09,failed,672767.27,AUD,APAC,CP0252,FUTURE,TDR0057,BOOK_C,2026-01-09
TXN0002641152,APP010,2025-04-18,pending,105012.37,CHF,AMER,CP0449,FX,TDR0089,BOOK_C,2025-05-18
TXN0009402527,APP016,2025-06-14,pending,576042.01,AUD,LATAM,CP0396,SWAP,TDR0084,BOOK_B,2025-05-31
TXN0002106048,APP013,2025-02-01,pending,94937.85,USD,APAC,CP0414,FUTURE,TDR0033,BOOK_B,2025-09-09
TXN0002951905,APP008,2025-03-12,active,600791.69,USD,APAC,CP0202,SWAP,TDR0011,BOOK_B,2025-10-12
TXN0000281990,APP016,2025-10-15,failed,546127.07,JPY,APAC,CP0204,FUTURE,TDR0069,BOOK_A,2026-03-08
TXN0007855879,APP012,2026-04-07,reversed,652858.36,JPY,AMER,CP0194,EQUITY,TDR0142,BOOK_D,2025-09-17
TXN0001326908,APP019,2025-11-25,reversed,150522.17,USD,AMER,CP0218,FUTURE,TDR0006,BOOK_C,2026-04-05
TXN0002244956,APP018,2025-09-05,settled,690327.39,JPY,EMEA,CP0355,OPTION,TDR0106,BOOK_B,2025-02-25
TXN0001893599,APP002,2025-07-21,settled,698740.14,USD,APAC,CP0116,OPTION,TDR0102,BOOK_A,2025-12-03
TXN0007504137,APP013,2025-01-21,pending,477819.24,EUR,AMER,CP0332,FX,TDR0167,BOOK_A,2025-03-26
TXN0002502679,APP003,2025-02-27,settled,706835.63,AUD,APAC,CP0031,FX,TDR0072,BOOK_D,2025-07-27
TXN0005087991,APP009,2026-04-06,settled,950910.3,EUR,APAC,CP0369,EQUITY,TDR0178,BOOK_D,2025-08-21
TXN0009117797,APP008,2025-01-06,reversed,659976.71,USD,AMER,CP0433,FUTURE,TDR0151,BOOK_C,2026-02-23
TXN0001678918,APP004,2025-10-29,pending,981880.0,AUD,AMER,CP0220,EQUITY,TDR0191,BOOK_B,2025-09-17
TXN0005626415,APP015,2026-02-24,reversed,987587.42,CHF,EMEA,CP0281,BOND,TDR0112,BOOK_B,2025-10-12
TXN0000775144,APP007,2025-11-04,failed,659904.28,AUD,LATAM,CP0442,SWAP,TDR0032,BOOK_A,2025-12-09
TXN0007977965,APP017,2026-01-12,reversed,521562.53,USD,EMEA,CP0150,FX,TDR0098,BOOK_C,2026-01-13
TXN0000491387,APP006,2025-10-11,active,136714.95,EUR,AMER,CP0315,FX,TDR0107,BOOK_B,2026-03-12
TXN0007615499,APP002,2025-10-17,settled,738222.28,EUR,AMER,CP0044,EQUITY,TDR0112,BOOK_D,2026-02-20
TXN0003589010,APP015,2025-01-08,failed,963050.21,GBP,LATAM,CP0087,EQUITY,TDR0134,BOOK_A,2025-09-10
TXN0007090430,APP014,2025-08-13,pending,155137.06,GBP,EMEA,CP0032,SWAP,TDR0138,BOOK_C,2025-06-17
TXN0005379792,APP002,2025-02-26,failed,745172.62,GBP,LATAM,CP0101,BOND,TDR0157,BOOK_A,2025-04-30
TXN0007642503,APP007,2026-04-13,failed,106277.94,CHF,LATAM,CP0094,FX,TDR0040,BOOK_C,2026-04-10
TXN0007032515,APP002,2025-08-04,settled,469789.75,AUD,AMER,CP0042,BOND,TDR0197,BOOK_D,2025-07-20
TXN0004725356,APP005,2025-06-16,reversed,162172.72,GBP,AMER,CP0342,EQUITY,TDR0139,BOOK_B,2025-11-09
TXN0003948593,APP004,2025-01-27,settled,174220.44,USD,EMEA,CP0256,FUTURE,TDR0077,BOOK_B,2026-04-01
TXN0000572895,APP013,2025-09-12,failed,252336.4,AUD,APAC,CP0130,OPTION,TDR0076,BOOK_C,2025-11-30
TXN0009754484,APP014,2025-03-27,active,997642.62,JPY,APAC,CP0010,SWAP,TDR0050,BOOK_B,2026-02-12
TXN0006021726,APP009,2025-10-21,reversed,105181.04,JPY,APAC,CP0499,EQUITY,TDR0041,BOOK_A,2025-03-07
TXN0001150778,APP014,2025-08-22,failed,787279.5,JPY,EMEA,CP0316,FUTURE,TDR0033,BOOK_B,2026-04-09
TXN0009642333,APP009,2025-10-21,pending,918085.56,USD,EMEA,CP0383,FUTURE,TDR0048,BOOK_C,2025-04-22
TXN0005400685,APP014,2025-10-07,settled,258230.34,JPY,LATAM,CP0377,BOND,TDR0136,BOOK_B,2025-07-13
TXN0001480404,APP015,2025-08-16,reversed,588505.16,AUD,EMEA,CP0148,BOND,TDR0014,BOOK_A,2025-11-06
TXN0000780123,APP009,2025-10-29,active,855876.78,JPY,APAC,CP0292,EQUITY,TDR0028,BOOK_C,2026-03-05
TXN0000366436,APP005,2026-02-16,settled,420110.74,CHF,LATAM,CP0180,OPTION,TDR0174,BOOK_B,2025-05-12
TXN0003507000,APP013,2025-09-25,active,708032.1,JPY,APAC,CP0247,BOND,TDR0004,BOOK_D,2025-12-07
TXN0005929684,APP007,2025-01-27,active,950992.27,CHF,EMEA,CP0458,EQUITY,TDR0095,BOOK_D,2025-10-08
TXN0003962315,APP014,2026-02-13,settled,386906.88,GBP,APAC,CP0261,OPTION,TDR0015,BOOK_D,2025-01-05
TXN0000660565,APP005,2026-03-07,active,520223.6,GBP,EMEA,CP0029,OPTION,TDR0081,BOOK_C,2025-04-04
TXN0009475237,APP018,2025-07-05,settled,313581.7,USD,AMER,CP0394,BOND,TDR0127,BOOK_D,2025-04-18
TXN0007622934,APP015,2025-06-18,failed,266127.38,GBP,APAC,CP0432,OPTION,TDR0027,BOOK_D,2025-09-18
TXN0004753647,APP001,2026-02-02,active,184307.8,EUR,AMER,CP0105,SWAP,TDR0048,BOOK_D,2026-03-14
TXN0007770929,APP014,2025-06-21,active,769667.03,JPY,APAC,CP0334,OPTION,TDR0027,BOOK_A,2025-09-30
TXN0009007691,APP002,2025-10-24,reversed,938368.48,AUD,EMEA,CP0140,SWAP,TDR0129,BOOK_D,2025-02-28
TXN0009415280,APP003,2025-05-09,reversed,697895.85,CHF,APAC,CP0010,SWAP,TDR0063,BOOK_B,2025-11-24
TXN0009637469,APP002,2026-02-27,failed,33728.57,JPY,EMEA,CP0368,BOND,TDR0123,BOOK_C,2025-05-09
TXN0008019084,APP012,2025-01-17,failed,802119.55,EUR,LATAM,CP0182,BOND,TDR0044,BOOK_A,2025-06-20
TXN0007647430,APP018,2025-02-02,settled,240056.49,JPY,LATAM,CP0163,FX,TDR0012,BOOK_B,2025-07-01
TXN0005785260,APP002,2025-11-01,settled,688259.89,USD,LATAM,CP0365,EQUITY,TDR0140,BOOK_A,2026-04-09
TXN0000442368,APP001,2025-07-05,failed,912236.79,USD,APAC,CP0365,OPTION,TDR0067,BOOK_D,2026-04-06
TXN0005839620,APP008,2025-10-24,pending,401830.58,JPY,LATAM,CP0089,FUTURE,TDR0179,BOOK_C,2025-01-16
TXN0005142249,APP020,2025-11-12,pending,552008.89,GBP,EMEA,CP0392,SWAP,TDR0042,BOOK_B,2025-04-03
TXN0007739023,APP006,2025-09-14,reversed,993374.67,JPY,APAC,CP0276,BOND,TDR0031,BOOK_B,2025-09-13
TXN0000659351,APP012,2025-11-30,pending,532266.67,GBP,AMER,CP0490,OPTION,TDR0067,BOOK_D,2025-04-28
TXN0003869036,APP013,2025-10-12,pending,715209.41,GBP,AMER,CP0144,EQUITY,TDR0185,BOOK_B,2026-02-01
TXN0001805501,APP006,2025-04-21,reversed,780486.94,AUD,AMER,CP0401,EQUITY,TDR0096,BOOK_B,2025-01-09
TXN0002532656,APP012,2025-09-20,failed,372530.41,AUD,EMEA,CP0330,FUTURE,TDR0135,BOOK_B,2025-10-22
TXN0001589220,APP010,2025-11-27,reversed,778456.54,JPY,AMER,CP0100,SWAP,TDR0144,BOOK_C,2025-08-12
TXN0008200985,APP013,2026-01-11,settled,672483.03,CHF,EMEA,CP0413,FUTURE,TDR0077,BOOK_D,2025-08-26
TXN0005682866,APP003,2025-12-21,settled,419149.9,CHF,EMEA,CP0212,OPTION,TDR0125,BOOK_D,2025-07-30
TXN0006759903,APP007,2025-04-03,settled,391527.74,CHF,LATAM,CP0273,EQUITY,TDR0173,BOOK_A,2025-07-31
TXN0009083795,APP017,2025-02-02,failed,176926.02,JPY,APAC,CP0427,OPTION,TDR0067,BOOK_D,2026-01-09
TXN0006325736,APP003,2025-04-04,failed,178139.47,CHF,LATAM,CP0234,BOND,TDR0106,BOOK_C,2025-07-24
TXN0009964697,APP016,2026-02-20,reversed,813473.06,GBP,EMEA,CP0386,SWAP,TDR0055,BOOK_A,2025-01-07
TXN0002481096,APP017,2025-05-31,settled,347910.29,EUR,LATAM,CP0064,FUTURE,TDR0145,BOOK_B,2025-01-05
TXN0004061879,APP004,2025-12-09,reversed,248420.42,GBP,LATAM,CP0439,OPTION,TDR0166,BOOK_D,2025-09-30
TXN0009929426,APP016,2025-03-30,settled,865329.36,CHF,AMER,CP0155,BOND,TDR0147,BOOK_C,2025-05-23
TXN0003774322,APP001,2025-07-15,active,761461.71,GBP,APAC,CP0255,BOND,TDR0115,BOOK_C,2026-04-04
TXN0000888274,APP001,2025-09-13,failed,480862.7,CHF,EMEA,CP0265,SWAP,TDR0062,BOOK_C,2025-11-21
TXN0002047575,APP005,2025-08-30,active,588178.78,USD,EMEA,CP0307,SWAP,TDR0177,BOOK_D,2025-03-29
TXN0005919288,APP011,2025-04-30,active,178355.22,GBP,APAC,CP0486,FX,TDR0028,BOOK_A,2026-03-26
TXN0005362425,APP016,2026-01-15,active,122460.49,USD,EMEA,CP0134,SWAP,TDR0152,BOOK_D,2025-06-25
TXN0001542466,APP007,2025-07-13,settled,223766.48,JPY,AMER,CP0045,FUTURE,TDR0127,BOOK_D,2025-06-02
TXN0003795810,APP009,2026-01-10,failed,102510.68,EUR,APAC,CP0026,SWAP,TDR0176,BOOK_B,2025-10-26
TXN0002077155,APP020,2026-02-15,reversed,771371.36,CHF,APAC,CP0322,FUTURE,TDR0174,BOOK_A,2026-01-29
TXN0005891182,APP005,2025-02-16,failed,269878.38,AUD,EMEA,CP0060,FUTURE,TDR0086,BOOK_B,2025-09-16
TXN0009654712,APP010,2025-08-08,active,456327.18,GBP,LATAM,CP0167,BOND,TDR0124,BOOK_D,2026-02-10
TXN0004197387,APP014,2025-07-01,pending,91009.65,GBP,EMEA,CP0144,FUTURE,TDR0107,BOOK_D,2025-02-13
TXN0003766482,APP003,2025-12-28,settled,473842.2,GBP,LATAM,CP0410,FX,TDR0026,BOOK_C,2025-09-18
TXN0004181737,APP004,2025-01-15,pending,765160.89,GBP,APAC,CP0067,EQUITY,TDR0180,BOOK_B,2025-02-22
TXN0005869023,APP018,2025-09-10,active,438277.86,JPY,LATAM,CP0072,FUTURE,TDR0023,BOOK_A,2025-09-26
TXN0002432391,APP014,2025-12-02,active,262393.39,CHF,APAC,CP0342,EQUITY,TDR0063,BOOK_C,2025-03-29
TXN0002336144,APP018,2025-06-02,pending,476703.25,EUR,AMER,CP0202,FUTURE,TDR0052,BOOK_B,2026-01-01
TXN0005584251,APP012,2025-03-26,failed,441535.77,USD,AMER,CP0281,BOND,TDR0108,BOOK_C,2025-07-14
TXN0005640418,APP007,2025-02-14,settled,134918.55,GBP,EMEA,CP0301,OPTION,TDR0153,BOOK_C,2025-06-25
TXN0000900086,APP018,2025-12-02,pending,413760.07,CHF,AMER,CP0146,FUTURE,TDR0031,BOOK_C,2025-02-28
TXN0005301458,APP011,2025-11-28,failed,674214.36,CHF,AMER,CP0204,OPTION,TDR0132,BOOK_D,2026-03-16
TXN0003620364,APP008,2025-10-22,settled,961732.73,EUR,EMEA,CP0494,BOND,TDR0080,BOOK_C,2026-03-29
TXN0005728124,APP017,2025-05-28,pending,47877.47,USD,EMEA,CP0232,OPTION,TDR0090,BOOK_C,2025-02-18
TXN0004876356,APP003,2025-11-07,pending,959600.84,AUD,LATAM,CP0090,EQUITY,TDR0006,BOOK_D,2025-06-19
TXN0009605901,APP014,2025-10-18,active,674001.13,AUD,APAC,CP0322,FX,TDR0045,BOOK_C,2026-03-29
TXN0004020229,APP019,2025-06-24,failed,397757.55,JPY,EMEA,CP0081,OPTION,TDR0001,BOOK_A,2025-10-20
TXN0007260976,APP019,2025-05-04,failed,489182.87,EUR,LATAM,CP0062,FX,TDR0136,BOOK_A,2025-02-14
TXN0007422286,APP009,2025-12-16,active,29596.28,EUR,LATAM,CP0341,SWAP,TDR0149,BOOK_A,2025-06-22
TXN0003536731,APP013,2025-11-18,failed,528907.83,CHF,AMER,CP0006,FUTURE,TDR0162,BOOK_C,2025-04-07
TXN0003334355,APP013,2025-06-15,reversed,616263.74,GBP,EMEA,CP0082,BOND,TDR0030,BOOK_A,2025-12-16
TXN0007658865,APP008,2025-02-12,pending,918797.53,JPY,LATAM,CP0459,EQUITY,TDR0188,BOOK_C,2025-05-11
TXN0001458966,APP004,2025-10-31,pending,524730.26,CHF,LATAM,CP0300,OPTION,TDR0076,BOOK_A,2026-02-01
TXN0007938016,APP005,2025-05-18,active,853825.33,JPY,EMEA,CP0487,SWAP,TDR0174,BOOK_B,2025-01-05
TXN0003312058,APP017,2026-03-22,failed,310050.93,GBP,LATAM,CP0221,SWAP,TDR0051,BOOK_A,2025-12-15
TXN0005699785,APP012,2026-01-19,active,65437.23,EUR,APAC,CP0210,OPTION,TDR0144,BOOK_A,2025-10-24
TXN0004432486,APP002,2026-01-01,reversed,37876.85,USD,EMEA,CP0500,BOND,TDR0034,BOOK_B,2026-04-05
TXN0002042572,APP014,2025-12-15,failed,844259.8,AUD,LATAM,CP0436,FUTURE,TDR0070,BOOK_D,2025-04-28
TXN0008953314,APP014,2026-04-03,settled,939043.6,AUD,AMER,CP0038,FX,TDR0019,BOOK_B,2025-10-09
TXN0000312449,APP006,2026-04-02,active,836713.55,EUR,AMER,CP0205,BOND,TDR0167,BOOK_C,2025-11-21
TXN0003600267,APP002,2026-03-27,failed,181448.29,GBP,APAC,CP0073,EQUITY,TDR0052,BOOK_D,2026-01-09
TXN0008244526,APP019,2025-08-10,pending,392277.36,EUR,AMER,CP0112,SWAP,TDR0170,BOOK_D,2025-06-12
TXN0009939104,APP018,2025-06-15,failed,888777.35,GBP,LATAM,CP0229,BOND,TDR0167,BOOK_A,2025-08-01
TXN0003071849,APP015,2025-02-03,settled,679251.47,USD,AMER,CP0296,FX,TDR0176,BOOK_C,2025-08-10
TXN0005076143,APP004,2025-09-30,reversed,355502.67,JPY,LATAM,CP0429,BOND,TDR0069,BOOK_C,2025-02-02
TXN0002942943,APP003,2025-09-07,reversed,382712.06,USD,AMER,CP0491,FUTURE,TDR0124,BOOK_B,2026-03-08
TXN0000337876,APP004,2025-03-25,active,310287.06,AUD,APAC,CP0213,EQUITY,TDR0076,BOOK_A,2025-12-21
TXN0000895733,APP017,2025-11-11,reversed,670695.43,USD,LATAM,CP0139,EQUITY,TDR0020,BOOK_C,2025-02-01
TXN0006487529,APP015,2025-10-01,pending,60033.69,GBP,APAC,CP0140,SWAP,TDR0034,BOOK_A,2026-03-29
TXN0003019168,APP007,2025-02-07,failed,968026.79,JPY,AMER,CP0263,OPTION,TDR0036,BOOK_D,2026-03-14
TXN0005823179,APP015,2025-06-29,settled,164886.3,JPY,EMEA,CP0082,FUTURE,TDR0083,BOOK_C,2025-06-09
TXN0004733642,APP008,2025-05-06,settled,809908.1,USD,AMER,CP0047,BOND,TDR0102,BOOK_D,2026-01-05
TXN0001119933,APP005,2026-02-22,pending,956396.74,GBP,AMER,CP0467,EQUITY,TDR0088,BOOK_C,2026-04-01
TXN0000473488,APP017,2025-02-23,pending,773607.61,EUR,APAC,CP0370,OPTION,TDR0167,BOOK_C,2025-10-18
TXN0003362159,APP020,2026-01-25,reversed,987426.89,CHF,LATAM,CP0124,FUTURE,TDR0152,BOOK_A,2026-03-28
TXN0007485931,APP015,2026-04-12,active,745303.9,AUD,AMER,CP0337,FX,TDR0141,BOOK_C,2025-03-01
TXN0006640203,APP009,2025-05-28,pending,51380.5,CHF,APAC,CP0226,EQUITY,TDR0005,BOOK_D,2026-03-16
TXN0009516286,APP019,2026-03-17,pending,531829.44,GBP,AMER,CP0145,FX,TDR0186,BOOK_D,2025-01-23
TXN0008673170,APP008,2025-02-20,reversed,10283.8,JPY,LATAM,CP0365,OPTION,TDR0152,BOOK_D,2025-12-20
TXN0009954089,APP017,2026-03-13,reversed,220907.02,AUD,APAC,CP0108,FX,TDR0001,BOOK_D,2025-03-04
TXN0000412741,APP013,2025-06-05,reversed,765465.79,AUD,LATAM,CP0184,OPTION,TDR0165,BOOK_C,2025-10-29
TXN0000921231,APP014,2025-03-13,pending,364971.87,JPY,LATAM,CP0477,BOND,TDR0080,BOOK_A,2025-06-12
TXN0001506997,APP016,2026-04-03,pending,278823.41,USD,APAC,CP0476,FUTURE,TDR0047,BOOK_A,2025-12-24
TXN0009739094,APP018,2025-02-27,settled,261805.76,JPY,AMER,CP0247,SWAP,TDR0078,BOOK_A,2026-04-11
TXN0001747001,APP020,2025-09-20,pending,368975.79,USD,EMEA,CP0297,FUTURE,TDR0108,BOOK_C,2025-11-06
TXN0006458008,APP001,2025-03-07,settled,476384.17,JPY,AMER,CP0117,BOND,TDR0131,BOOK_B,2025-09-27
TXN0007329369,APP017,2026-02-10,reversed,191450.11,JPY,LATAM,CP0049,BOND,TDR0164,BOOK_D,2025-03-16
TXN0005783214,APP001,2025-03-19,reversed,71102.98,EUR,APAC,CP0494,OPTION,TDR0137,BOOK_C,2025-02-02
TXN0001780351,APP004,2025-10-02,failed,627840.16,AUD,EMEA,CP0224,OPTION,TDR0130,BOOK_C,2025-07-14
TXN0007976381,APP020,2025-12-16,settled,12061.44,CHF,AMER,CP0115,EQUITY,TDR0081,BOOK_A,2026-02-25
TXN0005399985,APP019,2026-02-01,failed,971393.55,EUR,AMER,CP0070,OPTION,TDR0155,BOOK_A,2025-04-08
TXN0006671426,APP016,2025-10-03,reversed,558259.66,USD,APAC,CP0137,EQUITY,TDR0026,BOOK_C,2025-10-21
TXN0004307186,APP010,2025-07-11,pending,515244.95,USD,EMEA,CP0416,SWAP,TDR0164,BOOK_A,2025-01-10
TXN0002403075,APP014,2025-12-27,failed,335711.64,AUD,EMEA,CP0491,OPTION,TDR0017,BOOK_D,2025-02-06
TXN0008095458,APP020,2025-07-07,settled,638490.13,EUR,APAC,CP0114,FX,TDR0008,BOOK_B,2025-05-15
TXN0002396910,APP012,2025-08-05,reversed,236228.68,CHF,AMER,CP0500,OPTION,TDR0007,BOOK_B,2025-07-26
TXN0001667219,APP005,2025-03-30,reversed,986844.78,JPY,AMER,CP0411,OPTION,TDR0061,BOOK_C,2025-05-07
TXN0001153440,APP015,2025-12-08,active,858616.93,EUR,LATAM,CP0109,OPTION,TDR0146,BOOK_A,2025-08-06
TXN0006646388,APP010,2025-09-29,settled,696085.59,AUD,LATAM,CP0034,FX,TDR0076,BOOK_A,2026-02-10
TXN0009498056,APP018,2026-01-12,active,656210.0,AUD,LATAM,CP0459,BOND,TDR0001,BOOK_A,2025-07-05
TXN0001419336,APP010,2026-03-09,reversed,102816.79,EUR,LATAM,CP0483,FX,TDR0196,BOOK_A,2025-11-15
TXN0000538267,APP004,2025-08-21,active,288001.59,GBP,APAC,CP0253,EQUITY,TDR0179,BOOK_D,2025-04-01
TXN0000928404,APP008,2026-02-08,pending,268079.48,AUD,APAC,CP0348,EQUITY,TDR0078,BOOK_B,2026-03-18
TXN0006746123,APP017,2025-10-28,failed,350790.57,EUR,EMEA,CP0244,BOND,TDR0142,BOOK_D,2025-01-03
TXN0007832332,APP014,2025-07-11,reversed,584381.17,USD,EMEA,CP0421,FUTURE,TDR0081,BOOK_A,2025-07-19
TXN0002896967,APP010,2025-03-10,reversed,857157.07,EUR,EMEA,CP0494,SWAP,TDR0011,BOOK_B,2026-03-14
TXN0001451401,APP014,2025-08-26,pending,889473.1,JPY,APAC,CP0329,BOND,TDR0030,BOOK_A,2025-03-02
TXN0007075876,APP003,2025-11-11,failed,161259.12,AUD,APAC,CP0308,SWAP,TDR0079,BOOK_D,2025-10-13
TXN0008446478,APP005,2025-08-02,failed,98957.51,JPY,APAC,CP0210,OPTION,TDR0090,BOOK_B,2026-01-06
TXN0009771678,APP007,2025-08-17,pending,810436.7,JPY,APAC,CP0420,EQUITY,TDR0072,BOOK_D,2025-11-30
TXN0004739117,APP011,2026-03-21,settled,516264.12,EUR,AMER,CP0315,EQUITY,TDR0154,BOOK_B,2026-03-25
TXN0007121308,APP015,2025-10-16,reversed,241883.86,GBP,EMEA,CP0429,FUTURE,TDR0143,BOOK_C,2025-04-12
TXN0003151502,APP015,2025-05-20,active,167004.29,USD,LATAM,CP0321,FUTURE,TDR0065,BOOK_A,2025-04-06
TXN0005064091,APP003,2025-04-05,active,3131.48,AUD,AMER,CP0101,EQUITY,TDR0154,BOOK_D,2025-05-09
TXN0009958041,APP017,2025-08-12,pending,661078.74,JPY,AMER,CP0002,FUTURE,TDR0005,BOOK_D,2025-02-10
TXN0004586516,APP006,2025-08-22,pending,590156.56,GBP,LATAM,CP0152,SWAP,TDR0101,BOOK_A,2025-06-21
TXN0002963650,APP019,2025-03-16,reversed,970109.62,EUR,EMEA,CP0088,BOND,TDR0084,BOOK_D,2025-08-17
TXN0003713231,APP002,2025-09-11,reversed,957999.24,USD,EMEA,CP0157,EQUITY,TDR0001,BOOK_B,2025-06-04
TXN0005831445,APP004,2025-01-09,active,348113.15,GBP,AMER,CP0325,OPTION,TDR0136,BOOK_A,2026-01-09
TXN0008144760,APP019,2026-01-13,failed,671868.13,GBP,APAC,CP0176,EQUITY,TDR0022,BOOK_B,2026-01-26
TXN0009164461,APP001,2026-02-28,settled,716061.03,AUD,LATAM,CP0452,SWAP,TDR0138,BOOK_A,2025-06-06
TXN0006845373,APP006,2025-08-04,reversed,264484.14,JPY,EMEA,CP0437,SWAP,TDR0129,BOOK_B,2026-03-27
TXN0001510431,APP012,2025-07-12,pending,281300.77,JPY,APAC,CP0234,EQUITY,TDR0110,BOOK_B,2025-06-08
TXN0005621971,APP011,2025-11-11,reversed,537513.28,AUD,AMER,CP0057,EQUITY,TDR0008,BOOK_C,2025-03-26
TXN0002341569,APP005,2025-08-08,reversed,784848.11,EUR,APAC,CP0078,FX,TDR0172,BOOK_A,2025-01-31
TXN0005631296,APP016,2025-09-26,active,313388.51,AUD,APAC,CP0077,SWAP,TDR0133,BOOK_B,2026-03-10
TXN0006944273,APP007,2026-02-05,reversed,24263.11,USD,LATAM,CP0001,SWAP,TDR0132,BOOK_C,2025-08-04
TXN0009145361,APP012,2026-03-23,failed,640843.74,CHF,APAC,CP0153,FUTURE,TDR0121,BOOK_C,2025-10-13
TXN0000473370,APP012,2025-03-25,settled,376395.1,GBP,LATAM,CP0337,BOND,TDR0194,BOOK_C,2025-04-27
TXN0003842273,APP003,2026-02-02,pending,688796.82,EUR,AMER,CP0401,BOND,TDR0167,BOOK_B,2025-03-31
TXN0005094023,APP013,2025-12-20,pending,463837.97,AUD,EMEA,CP0019,OPTION,TDR0102,BOOK_D,2026-03-29
TXN0008383781,APP001,2025-06-08,pending,349579.42,EUR,LATAM,CP0292,EQUITY,TDR0137,BOOK_A,2025-04-19
TXN0004340356,APP017,2025-07-18,pending,195797.98,JPY,EMEA,CP0421,EQUITY,TDR0111,BOOK_D,2025-04-08
TXN0006467333,APP008,2025-11-05,settled,50600.94,USD,AMER,CP0360,BOND,TDR0018,BOOK_A,2025-10-17
TXN0000541433,APP011,2025-03-30,active,102600.94,AUD,APAC,CP0293,FX,TDR0141,BOOK_C,2025-11-04
TXN0002216022,APP014,2025-04-01,failed,586794.01,JPY,EMEA,CP0396,FX,TDR0181,BOOK_B,2026-04-02
TXN0005311157,APP014,2026-02-26,pending,722693.58,USD,APAC,CP0067,FUTURE,TDR0072,BOOK_C,2025-08-09
TXN0002072032,APP013,2025-07-07,active,143420.57,USD,EMEA,CP0431,OPTION,TDR0153,BOOK_B,2025-09-21
TXN0005308066,APP014,2025-08-21,reversed,588971.18,JPY,AMER,CP0299,EQUITY,TDR0074,BOOK_C,2026-02-22
TXN0000061473,APP015,2025-12-17,reversed,190823.03,GBP,LATAM,CP0500,BOND,TDR0198,BOOK_C,2025-11-21
TXN0000826762,APP017,2025-08-17,active,952100.58,CHF,LATAM,CP0181,SWAP,TDR0186,BOOK_B,2026-01-29
TXN0005211825,APP011,2025-02-15,failed,38604.39,CHF,LATAM,CP0068,EQUITY,TDR0134,BOOK_A,2025-12-02
TXN0006139245,APP014,2025-10-04,pending,719519.58,EUR,EMEA,CP0261,SWAP,TDR0022,BOOK_C,2025-09-03
TXN0005911188,APP010,2025-05-13,active,812939.67,CHF,APAC,CP0484,FX,TDR0042,BOOK_C,2025-09-09
TXN0003411268,APP009,2025-08-26,settled,359594.18,USD,EMEA,CP0253,BOND,TDR0026,BOOK_C,2025-01-15
TXN0000623849,APP017,2025-05-24,settled,460867.53,USD,APAC,CP0325,EQUITY,TDR0060,BOOK_C,2025-10-01
TXN0002751999,APP014,2025-10-21,active,291358.73,USD,EMEA,CP0127,EQUITY,TDR0186,BOOK_D,2025-01-11
TXN0002757023,APP013,2026-02-26,settled,730665.72,EUR,EMEA,CP0136,FUTURE,TDR0149,BOOK_C,2026-04-12
TXN0004757077,APP002,2025-11-18,reversed,840768.02,USD,AMER,CP0472,FUTURE,TDR0156,BOOK_A,2025-08-03
TXN0008748579,APP015,2025-06-17,reversed,737574.21,JPY,APAC,CP0288,BOND,TDR0057,BOOK_C,2025-06-02
TXN0006522180,APP001,2025-02-22,failed,10058.58,AUD,APAC,CP0139,EQUITY,TDR0125,BOOK_D,2025-12-09
TXN0005616274,APP011,2025-01-22,active,913058.55,CHF,AMER,CP0432,EQUITY,TDR0055,BOOK_B,2026-03-24
TXN0007053451,APP015,2025-05-15,reversed,456549.89,USD,LATAM,CP0058,BOND,TDR0004,BOOK_C,2025-06-19
TXN0008740365,APP003,2026-03-16,pending,550398.39,CHF,AMER,CP0370,EQUITY,TDR0100,BOOK_D,2025-07-25
TXN0006229009,APP020,2025-01-27,settled,63294.65,USD,AMER,CP0306,OPTION,TDR0067,BOOK_A,2025-08-18
TXN0006512665,APP010,2025-10-18,pending,767984.33,JPY,LATAM,CP0073,OPTION,TDR0052,BOOK_D,2025-02-26
TXN0000114166,APP006,2025-09-05,settled,405952.23,USD,LATAM,CP0426,FX,TDR0178,BOOK_B,2025-05-10
TXN0007831125,APP017,2026-04-02,failed,671276.13,USD,APAC,CP0091,BOND,TDR0146,BOOK_B,2025-01-14
TXN0004686197,APP006,2025-09-01,pending,543635.45,JPY,AMER,CP0059,EQUITY,TDR0026,BOOK_B,2026-03-27
TXN0009955590,APP006,2026-02-20,active,576658.39,USD,AMER,CP0208,OPTION,TDR0200,BOOK_B,2025-07-13
TXN0006138061,APP011,2025-04-07,settled,635798.98,EUR,AMER,CP0384,FX,TDR0041,BOOK_D,2026-02-09
TXN0009219257,APP016,2026-01-19,active,524809.86,USD,LATAM,CP0037,SWAP,TDR0067,BOOK_D,2025-04-06
TXN0008271222,APP017,2025-03-14,failed,269351.65,CHF,EMEA,CP0243,FUTURE,TDR0041,BOOK_B,2025-04-09
TXN0002034853,APP005,2025-06-15,settled,977687.1,AUD,AMER,CP0046,FUTURE,TDR0044,BOOK_B,2026-02-14
TXN0008096585,APP011,2025-03-03,pending,164577.95,JPY,LATAM,CP0008,FUTURE,TDR0121,BOOK_A,2025-03-15
TXN0008607732,APP018,2025-05-15,reversed,285619.25,JPY,LATAM,CP0256,SWAP,TDR0113,BOOK_D,2025-11-14
TXN0003964830,APP008,2025-03-15,reversed,915880.35,JPY,APAC,CP0093,SWAP,TDR0059,BOOK_C,2026-01-22
TXN0007649442,APP012,2026-01-18,reversed,379573.61,USD,APAC,CP0483,FUTURE,TDR0183,BOOK_D,2025-04-17
TXN0009383347,APP007,2025-12-14,reversed,63411.34,AUD,APAC,CP0251,EQUITY,TDR0133,BOOK_A,2026-01-16
TXN0003823988,APP014,2025-12-19,active,923677.14,CHF,LATAM,CP0373,EQUITY,TDR0123,BOOK_D,2025-08-16
TXN0005870637,APP006,2025-02-15,reversed,694767.05,AUD,AMER,CP0325,EQUITY,TDR0102,BOOK_C,2025-05-19
TXN0005166139,APP015,2026-03-11,active,804287.17,AUD,LATAM,CP0340,FUTURE,TDR0166,BOOK_B,2025-10-25
TXN0005788718,APP018,2025-06-30,settled,382991.06,JPY,APAC,CP0183,SWAP,TDR0063,BOOK_D,2025-02-01
TXN0007905553,APP013,2025-07-07,failed,828794.71,CHF,AMER,CP0146,BOND,TDR0032,BOOK_B,2026-01-02
TXN0003662357,APP018,2025-07-06,settled,154971.31,JPY,APAC,CP0407,EQUITY,TDR0113,BOOK_C,2026-03-16
TXN0005974911,APP009,2026-02-27,failed,395544.66,JPY,EMEA,CP0456,BOND,TDR0183,BOOK_D,2026-02-08
TXN0006321959,APP006,2026-03-22,pending,156578.89,EUR,LATAM,CP0016,BOND,TDR0071,BOOK_C,2026-02-07
TXN0006513384,APP004,2025-05-05,reversed,650911.89,CHF,EMEA,CP0053,FUTURE,TDR0135,BOOK_A,2026-03-12
TXN0000934982,APP012,2025-12-19,active,290322.98,JPY,AMER,CP0495,SWAP,TDR0175,BOOK_C,2026-01-20
TXN0005645520,APP002,2026-01-19,settled,503749.47,EUR,LATAM,CP0021,FUTURE,TDR0024,BOOK_D,2025-12-30
TXN0004922302,APP003,2025-07-28,pending,835423.67,USD,EMEA,CP0136,FUTURE,TDR0101,BOOK_C,2025-07-22
TXN0001285430,APP006,2025-10-16,settled,227082.76,USD,AMER,CP0241,SWAP,TDR0118,BOOK_A,2025-10-04
TXN0007118393,APP016,2026-02-27,failed,243119.23,AUD,AMER,CP0188,FX,TDR0129,BOOK_B,2025-05-06
TXN0004160449,APP003,2025-12-11,reversed,407990.82,AUD,AMER,CP0218,EQUITY,TDR0063,BOOK_C,2025-03-27
TXN0008940800,APP011,2025-04-26,reversed,471174.78,CHF,AMER,CP0056,FX,TDR0159,BOOK_D,2025-03-01
TXN0004147480,APP001,2025-11-26,active,62538.18,JPY,LATAM,CP0340,FUTURE,TDR0036,BOOK_C,2025-07-22
TXN0001506827,APP010,2025-08-21,failed,775455.4,GBP,APAC,CP0440,FX,TDR0143,BOOK_B,2026-03-14
TXN0000851483,APP016,2025-03-11,pending,857000.75,EUR,APAC,CP0177,OPTION,TDR0114,BOOK_B,2025-05-08
TXN0001972936,APP019,2025-08-24,pending,149411.43,AUD,EMEA,CP0480,BOND,TDR0002,BOOK_A,2025-08-05
TXN0000790350,APP012,2025-07-05,reversed,715052.72,JPY,AMER,CP0371,BOND,TDR0088,BOOK_C,2026-01-16
TXN0002366830,APP013,2026-01-26,failed,297800.86,USD,EMEA,CP0023,OPTION,TDR0156,BOOK_A,2026-01-08
TXN0007839218,APP003,2025-10-12,active,601762.3,CHF,APAC,CP0363,OPTION,TDR0102,BOOK_C,2025-11-24
TXN0008446309,APP004,2025-09-02,active,920795.73,JPY,EMEA,CP0180,OPTION,TDR0176,BOOK_C,2025-10-27
TXN0007636281,APP011,2026-03-24,failed,647139.57,GBP,EMEA,CP0364,BOND,TDR0135,BOOK_C,2025-07-21
TXN0006140605,APP003,2025-02-26,pending,145861.96,EUR,APAC,CP0226,BOND,TDR0076,BOOK_A,2025-08-25
TXN0004434134,APP005,2025-05-04,failed,384606.72,GBP,AMER,CP0026,BOND,TDR0009,BOOK_D,2026-01-06
TXN0004857910,APP011,2025-03-18,active,125879.63,USD,AMER,CP0133,OPTION,TDR0040,BOOK_C,2025-07-16
TXN0004675254,APP001,2025-03-15,reversed,181106.57,USD,AMER,CP0496,FUTURE,TDR0096,BOOK_C,2025-03-12
TXN0005393027,APP017,2025-03-11,settled,66127.82,AUD,LATAM,CP0090,SWAP,TDR0109,BOOK_D,2025-03-03
TXN0008786791,APP017,2025-11-05,pending,187392.06,AUD,APAC,CP0135,SWAP,TDR0113,BOOK_B,2025-01-07
TXN0008320530,APP016,2025-09-25,settled,51162.05,GBP,APAC,CP0320,FX,TDR0027,BOOK_C,2025-11-10
TXN0000098867,APP004,2025-11-19,settled,172622.11,JPY,EMEA,CP0068,FX,TDR0035,BOOK_A,2025-06-06
TXN0003711883,APP001,2025-01-28,settled,798798.9,CHF,APAC,CP0135,BOND,TDR0100,BOOK_C,2025-02-13
TXN0005119215,APP014,2025-07-17,active,467641.07,GBP,EMEA,CP0105,FUTURE,TDR0148,BOOK_A,2026-03-04
TXN0009839672,APP014,2025-07-02,reversed,141153.13,GBP,EMEA,CP0384,EQUITY,TDR0098,BOOK_C,2026-03-26
TXN0009034644,APP012,2025-06-10,active,372302.96,AUD,APAC,CP0170,FX,TDR0068,BOOK_D,2025-10-03
TXN0006096351,APP015,2025-01-18,pending,733739.6,GBP,APAC,CP0242,FUTURE,TDR0022,BOOK_D,2026-04-13
TXN0000564329,APP005,2025-03-10,reversed,880536.44,CHF,LATAM,CP0379,SWAP,TDR0164,BOOK_A,2026-03-10
TXN0001652303,APP006,2025-08-15,reversed,554454.76,AUD,EMEA,CP0187,SWAP,TDR0059,BOOK_B,2025-12-04
TXN0008331698,APP017,2025-01-05,pending,589211.31,CHF,EMEA,CP0205,OPTION,TDR0149,BOOK_A,2026-02-21
TXN0005468084,APP013,2025-05-07,pending,754753.93,USD,LATAM,CP0319,FX,TDR0036,BOOK_A,2026-03-25
TXN0005492196,APP009,2025-06-07,pending,523054.47,AUD,LATAM,CP0107,SWAP,TDR0014,BOOK_A,2025-10-08
TXN0001847832,APP007,2025-09-13,pending,342190.25,USD,LATAM,CP0191,EQUITY,TDR0052,BOOK_B,2025-09-21
TXN0003569994,APP016,2025-03-09,reversed,100663.02,GBP,APAC,CP0084,BOND,TDR0026,BOOK_C,2025-08-31
TXN0002228725,APP009,2025-06-29,active,413615.72,AUD,APAC,CP0154,EQUITY,TDR0108,BOOK_A,2025-08-10
TXN0006669103,APP008,2025-01-17,failed,231880.03,EUR,EMEA,CP0174,SWAP,TDR0154,BOOK_C,2025-09-02
TXN0003073733,APP017,2025-12-14,reversed,527816.0,JPY,LATAM,CP0368,FX,TDR0044,BOOK_C,2025-01-29
TXN0006076213,APP005,2025-12-23,failed,374870.26,CHF,LATAM,CP0053,SWAP,TDR0145,BOOK_D,2025-01-21
TXN0001438836,APP014,2025-12-31,pending,807161.08,AUD,LATAM,CP0313,EQUITY,TDR0041,BOOK_D,2025-06-07
TXN0003406678,APP020,2025-08-27,settled,154524.61,CHF,EMEA,CP0279,FX,TDR0186,BOOK_C,2026-01-10
TXN0005651616,APP009,2025-03-27,settled,268801.01,GBP,LATAM,CP0348,SWAP,TDR0074,BOOK_B,2025-01-10
TXN0007741531,APP014,2025-01-27,pending,531744.24,CHF,LATAM,CP0253,SWAP,TDR0198,BOOK_B,2026-01-21
TXN0007269606,APP012,2025-02-23,settled,176346.36,EUR,EMEA,CP0276,SWAP,TDR0181,BOOK_D,2025-01-16
TXN0002517338,APP007,2026-01-24,failed,555087.7,CHF,LATAM,CP0433,EQUITY,TDR0097,BOOK_D,2026-02-20
TXN0009930531,APP016,2025-12-29,pending,880150.21,GBP,LATAM,CP0410,BOND,TDR0077,BOOK_C,2025-03-15
TXN0000307879,APP001,2025-02-23,failed,198238.64,EUR,AMER,CP0146,EQUITY,TDR0086,BOOK_B,2025-06-25
TXN0008497647,APP015,2025-04-13,pending,187240.85,AUD,APAC,CP0346,BOND,TDR0106,BOOK_D,2025-06-18
TXN0000047327,APP005,2025-05-04,reversed,818433.37,GBP,LATAM,CP0011,BOND,TDR0170,BOOK_C,2025-11-12
TXN0008163391,APP015,2025-03-17,failed,734754.62,USD,AMER,CP0155,FUTURE,TDR0132,BOOK_B,2025-02-08
TXN0008763997,APP011,2025-12-29,failed,786141.24,GBP,LATAM,CP0140,EQUITY,TDR0159,BOOK_D,2025-01-03
TXN0005162987,APP006,2025-12-11,reversed,497434.37,GBP,AMER,CP0007,FX,TDR0166,BOOK_C,2025-05-20
TXN0004232547,APP009,2025-05-25,active,70186.73,JPY,AMER,CP0420,EQUITY,TDR0062,BOOK_C,2025-01-31
TXN0000032930,APP009,2026-03-15,active,406849.92,GBP,LATAM,CP0472,SWAP,TDR0062,BOOK_B,2025-01-28
TXN0008129792,APP017,2025-05-30,settled,727377.78,CHF,LATAM,CP0167,OPTION,TDR0179,BOOK_C,2025-09-14
TXN0007687129,APP019,2025-07-07,active,816231.22,JPY,EMEA,CP0361,EQUITY,TDR0013,BOOK_B,2026-01-15
TXN0007652537,APP001,2025-01-16,active,369622.29,CHF,EMEA,CP0497,SWAP,TDR0038,BOOK_C,2025-05-23
TXN0005519696,APP009,2026-02-23,pending,280948.18,JPY,EMEA,CP0304,BOND,TDR0014,BOOK_D,2025-07-19
TXN0005780006,APP002,2025-03-06,failed,935444.27,JPY,EMEA,CP0428,FUTURE,TDR0056,BOOK_C,2025-04-03
TXN0001970056,APP014,2025-02-13,settled,660690.41,GBP,AMER,CP0475,EQUITY,TDR0144,BOOK_C,2025-03-30
TXN0002620991,APP014,2025-12-25,failed,838127.37,JPY,LATAM,CP0320,OPTION,TDR0142,BOOK_B,2026-02-10
TXN0002265424,APP017,2025-08-02,active,596812.78,AUD,AMER,CP0485,BOND,TDR0123,BOOK_A,2025-11-06
TXN0000701801,APP006,2025-08-02,failed,367824.36,AUD,EMEA,CP0043,SWAP,TDR0196,BOOK_A,2026-01-12
TXN0007705230,APP012,2025-09-03,pending,710465.85,JPY,APAC,CP0280,SWAP,TDR0024,BOOK_C,2026-02-11
TXN0005748293,APP011,2025-02-03,settled,221481.89,USD,LATAM,CP0306,OPTION,TDR0089,BOOK_B,2025-08-26
TXN0007622264,APP007,2026-03-18,pending,594092.54,CHF,APAC,CP0379,FUTURE,TDR0009,BOOK_B,2025-05-25
TXN0002922452,APP008,2026-01-02,pending,230859.21,AUD,APAC,CP0326,FUTURE,TDR0147,BOOK_B,2025-07-23
TXN0002029136,APP012,2025-09-10,active,112322.84,AUD,EMEA,CP0015,FUTURE,TDR0097,BOOK_D,2025-03-13
TXN0001904149,APP006,2025-04-17,reversed,484726.25,EUR,APAC,CP0081,BOND,TDR0037,BOOK_B,2025-05-25
TXN0000762728,APP007,2025-02-19,active,810340.97,EUR,AMER,CP0135,OPTION,TDR0001,BOOK_B,2026-03-01
TXN0007409021,APP010,2025-11-01,pending,520858.39,AUD,LATAM,CP0432,OPTION,TDR0003,BOOK_C,2025-01-20
TXN0001016756,APP006,2025-10-04,reversed,388182.33,EUR,AMER,CP0035,FX,TDR0115,BOOK_B,2025-06-17
TXN0003084546,APP019,2025-03-23,reversed,865575.75,JPY,LATAM,CP0488,EQUITY,TDR0195,BOOK_A,2026-01-14
TXN0008666925,APP013,2026-02-22,settled,871864.0,AUD,LATAM,CP0343,FUTURE,TDR0045,BOOK_D,2026-02-09
TXN0009495677,APP014,2025-02-23,pending,384953.1,GBP,APAC,CP0019,BOND,TDR0023,BOOK_C,2025-12-06
TXN0009104899,APP009,2025-02-17,active,861747.88,GBP,EMEA,CP0192,FX,TDR0090,BOOK_C,2026-01-19
TXN0006066189,APP002,2025-05-09,active,153068.57,CHF,EMEA,CP0232,FUTURE,TDR0138,BOOK_C,2025-11-16
TXN0003839655,APP001,2025-10-17,active,134902.0,JPY,AMER,CP0023,SWAP,TDR0122,BOOK_A,2025-03-03
TXN0003954896,APP011,2026-03-14,reversed,899223.74,USD,APAC,CP0353,SWAP,TDR0090,BOOK_A,2025-08-01
TXN0001296835,APP019,2025-08-21,pending,304067.65,USD,LATAM,CP0253,FUTURE,TDR0190,BOOK_A,2025-02-23
TXN0009243930,APP014,2025-07-25,settled,789350.82,USD,EMEA,CP0257,SWAP,TDR0069,BOOK_D,2025-12-02
TXN0000040270,APP011,2025-09-07,failed,323693.98,USD,LATAM,CP0255,SWAP,TDR0083,BOOK_A,2025-08-29
TXN0000866297,APP020,2025-12-21,pending,39629.29,JPY,LATAM,CP0182,BOND,TDR0040,BOOK_D,2025-10-20
TXN0007527183,APP011,2026-02-28,settled,432944.83,EUR,LATAM,CP0016,EQUITY,TDR0039,BOOK_A,2026-04-07
TXN0002257871,APP009,2025-12-25,reversed,319496.66,EUR,LATAM,CP0248,BOND,TDR0089,BOOK_D,2025-04-24
TXN0009378791,APP003,2025-10-27,failed,437797.52,AUD,APAC,CP0234,FX,TDR0050,BOOK_D,2026-04-01
TXN0009082429,APP010,2025-07-05,failed,292891.21,USD,LATAM,CP0407,FX,TDR0119,BOOK_B,2025-08-12
TXN0008576208,APP020,2026-01-04,pending,551980.06,GBP,LATAM,CP0104,EQUITY,TDR0137,BOOK_C,2025-11-30
TXN0007065568,APP012,2026-01-30,settled,532598.66,GBP,LATAM,CP0191,FUTURE,TDR0200,BOOK_C,2026-01-21
TXN0001760471,APP004,2025-06-27,failed,688375.67,EUR,LATAM,CP0185,FUTURE,TDR0192,BOOK_D,2025-12-16
TXN0003728535,APP014,2025-03-26,pending,294943.95,AUD,APAC,CP0175,FX,TDR0184,BOOK_A,2025-05-13
TXN0004286224,APP004,2025-04-16,settled,13074.13,AUD,AMER,CP0206,BOND,TDR0017,BOOK_B,2026-03-08
TXN0009091536,APP016,2025-12-29,pending,12991.11,CHF,APAC,CP0462,SWAP,TDR0200,BOOK_D,2025-04-24
TXN0008075696,APP015,2025-12-18,active,796304.87,AUD,LATAM,CP0151,BOND,TDR0171,BOOK_D,2025-02-27
TXN0003307286,APP016,2025-01-06,reversed,718264.42,GBP,LATAM,CP0082,FUTURE,TDR0106,BOOK_C,2025-06-22
TXN0005438234,APP016,2025-05-27,reversed,371965.4,CHF,LATAM,CP0479,OPTION,TDR0071,BOOK_D,2026-03-23
TXN0003812620,APP012,2026-04-14,pending,78169.42,CHF,LATAM,CP0100,FUTURE,TDR0013,BOOK_D,2025-06-26
TXN0001014796,APP017,2025-08-06,reversed,739584.51,JPY,APAC,CP0296,OPTION,TDR0195,BOOK_A,2025-10-23
TXN0005118773,APP007,2025-07-03,settled,609148.97,JPY,EMEA,CP0302,BOND,TDR0096,BOOK_B,2026-02-03
TXN0005327535,APP005,2025-01-14,active,142930.33,JPY,EMEA,CP0213,EQUITY,TDR0031,BOOK_B,2025-08-24
TXN0003157079,APP020,2025-12-21,active,975944.75,AUD,EMEA,CP0308,FUTURE,TDR0113,BOOK_C,2025-02-04
TXN0009998005,APP018,2025-04-23,failed,919107.91,AUD,LATAM,CP0349,BOND,TDR0103,BOOK_C,2025-02-23
TXN0004351256,APP011,2025-12-07,pending,346266.03,USD,LATAM,CP0218,FUTURE,TDR0195,BOOK_A,2026-02-17
TXN0000753123,APP001,2025-06-28,pending,241376.59,CHF,AMER,CP0103,BOND,TDR0097,BOOK_B,2025-06-30
TXN0006121103,APP014,2025-10-20,failed,10471.4,JPY,LATAM,CP0087,OPTION,TDR0123,BOOK_D,2025-08-14
TXN0003615936,APP008,2025-08-10,settled,586465.36,USD,LATAM,CP0123,FX,TDR0136,BOOK_A,2025-08-09
TXN0002544998,APP014,2025-05-19,active,888705.35,JPY,EMEA,CP0473,EQUITY,TDR0108,BOOK_A,2026-02-02
TXN0005033174,APP016,2026-02-16,settled,922298.63,CHF,LATAM,CP0343,FX,TDR0121,BOOK_B,2025-07-16
TXN0008203821,APP005,2025-03-22,settled,160288.85,USD,EMEA,CP0106,SWAP,TDR0002,BOOK_A,2026-01-04
TXN0007979736,APP019,2025-11-15,reversed,506683.53,USD,AMER,CP0326,FX,TDR0031,BOOK_D,2025-04-20
TXN0002508590,APP003,2026-03-26,active,999250.24,JPY,AMER,CP0424,SWAP,TDR0131,BOOK_D,2026-04-01
TXN0000136237,APP009,2025-06-22,pending,458925.22,USD,APAC,CP0261,FX,TDR0075,BOOK_B,2026-03-22
TXN0006263637,APP016,2025-05-05,pending,205370.1,EUR,LATAM,CP0145,OPTION,TDR0005,BOOK_A,2025-04-14
TXN0000098115,APP014,2025-05-16,failed,30742.33,JPY,LATAM,CP0327,SWAP,TDR0003,BOOK_A,2026-02-18
TXN0000005810,APP019,2025-02-04,active,633208.27,EUR,APAC,CP0050,SWAP,TDR0001,BOOK_C,2026-02-03
TXN0002527374,APP009,2025-11-01,settled,418892.7,GBP,APAC,CP0195,OPTION,TDR0053,BOOK_A,2025-07-07
TXN0004277047,APP001,2026-03-13,settled,403849.07,EUR,EMEA,CP0071,EQUITY,TDR0071,BOOK_C,2025-01-01
TXN0004311607,APP010,2025-08-01,failed,61488.02,CHF,LATAM,CP0094,BOND,TDR0111,BOOK_C,2026-04-06
TXN0003307566,APP018,2025-04-04,reversed,638100.39,CHF,EMEA,CP0382,FX,TDR0134,BOOK_C,2025-12-15
TXN0005374142,APP011,2025-05-27,reversed,37209.29,USD,LATAM,CP0497,EQUITY,TDR0196,BOOK_B,2025-06-22
TXN0001968516,APP020,2026-04-07,settled,662324.58,GBP,APAC,CP0425,SWAP,TDR0140,BOOK_C,2025-09-08
TXN0000984956,APP010,2025-11-26,pending,185194.33,JPY,AMER,CP0105,SWAP,TDR0163,BOOK_D,2025-11-05
TXN0009499839,APP001,2025-03-29,settled,130529.83,AUD,APAC,CP0395,FX,TDR0043,BOOK_A,2025-06-18
TXN0005438503,APP015,2025-06-20,settled,522927.22,EUR,APAC,CP0385,SWAP,TDR0053,BOOK_B,2025-03-30
TXN0000022043,APP016,2025-12-05,settled,104068.09,CHF,AMER,CP0210,EQUITY,TDR0132,BOOK_A,2026-03-21
TXN0009167143,APP005,2025-02-02,reversed,911635.78,USD,AMER,CP0489,BOND,TDR0087,BOOK_A,2025-11-04
TXN0004650510,APP001,2025-10-18,failed,667339.47,USD,AMER,CP0016,BOND,TDR0047,BOOK_A,2025-06-16
TXN0002092130,APP017,2025-02-27,settled,521357.47,JPY,LATAM,CP0374,FX,TDR0102,BOOK_C,2025-12-03
TXN0002192722,APP002,2025-07-27,pending,219462.59,AUD,EMEA,CP0404,FX,TDR0076,BOOK_A,2025-03-09
TXN0000403736,APP005,2026-02-02,failed,15001.89,USD,EMEA,CP0096,BOND,TDR0121,BOOK_C,2025-10-19
TXN0004737823,APP004,2025-11-12,pending,327758.62,GBP,LATAM,CP0067,EQUITY,TDR0159,BOOK_D,2025-03-20
TXN0001856767,APP017,2025-12-28,failed,845821.94,CHF,EMEA,CP0214,SWAP,TDR0057,BOOK_B,2025-08-11
TXN0000490958,APP013,2025-03-26,settled,76096.91,GBP,LATAM,CP0363,SWAP,TDR0052,BOOK_A,2025-06-23
TXN0008119379,APP020,2026-04-11,settled,922253.42,AUD,LATAM,CP0360,OPTION,TDR0120,BOOK_A,2025-07-10
TXN0007283962,APP011,2025-06-09,pending,334708.06,JPY,LATAM,CP0304,BOND,TDR0018,BOOK_D,2026-02-21
TXN0003795862,APP001,2025-12-26,active,728841.98,JPY,LATAM,CP0392,FUTURE,TDR0197,BOOK_B,2025-04-28
TXN0000865372,APP008,2025-05-05,reversed,574821.48,USD,APAC,CP0319,FX,TDR0193,BOOK_C,2025-10-21
TXN0002730226,APP013,2025-10-22,failed,109024.43,GBP,LATAM,CP0476,FUTURE,TDR0128,BOOK_D,2026-01-31
TXN0004062473,APP006,2025-01-20,pending,107718.09,CHF,EMEA,CP0007,OPTION,TDR0170,BOOK_A,2026-04-07
TXN0002840225,APP018,2025-05-17,reversed,866499.91,EUR,EMEA,CP0229,FX,TDR0043,BOOK_D,2025-11-21
TXN0009038709,APP014,2026-02-24,failed,775681.49,USD,LATAM,CP0010,FUTURE,TDR0141,BOOK_D,2025-03-19
TXN0004666560,APP018,2025-07-15,pending,493631.2,JPY,LATAM,CP0072,OPTION,TDR0026,BOOK_A,2026-01-06
TXN0009130001,APP009,2025-07-20,pending,305222.75,USD,LATAM,CP0309,FX,TDR0083,BOOK_A,2025-04-30
TXN0000579214,APP011,2025-06-20,failed,165204.2,AUD,APAC,CP0416,SWAP,TDR0100,BOOK_D,2025-05-19
TXN0009670256,APP009,2025-12-12,failed,266241.15,CHF,EMEA,CP0099,EQUITY,TDR0128,BOOK_D,2025-05-07
TXN0007940900,APP013,2025-06-09,failed,576982.97,JPY,AMER,CP0330,BOND,TDR0004,BOOK_B,2025-05-10
TXN0004088616,APP001,2026-01-04,active,704009.09,EUR,LATAM,CP0099,SWAP,TDR0193,BOOK_D,2025-07-17
TXN0003449764,APP005,2026-04-02,reversed,200590.24,JPY,LATAM,CP0043,OPTION,TDR0058,BOOK_B,2026-02-26
TXN0005272480,APP008,2025-01-24,reversed,537683.64,GBP,APAC,CP0426,SWAP,TDR0007,BOOK_A,2025-04-22
TXN0008181416,APP017,2025-05-09,reversed,625465.3,JPY,EMEA,CP0191,FX,TDR0099,BOOK_C,2026-02-14
TXN0002030826,APP012,2025-05-04,settled,167345.41,AUD,AMER,CP0221,BOND,TDR0017,BOOK_C,2026-03-01
TXN0003366881,APP016,2025-04-02,reversed,858747.02,AUD,APAC,CP0401,EQUITY,TDR0060,BOOK_B,2025-03-16
TXN0001307438,APP004,2025-03-30,active,435110.87,JPY,APAC,CP0334,FX,TDR0167,BOOK_D,2025-01-13
TXN0005270497,APP012,2026-03-18,reversed,45166.32,JPY,EMEA,CP0471,BOND,TDR0146,BOOK_A,2025-03-17
TXN0007011602,APP006,2025-04-09,reversed,979675.78,EUR,AMER,CP0425,OPTION,TDR0082,BOOK_D,2025-04-25
TXN0001510917,APP016,2025-01-29,reversed,904314.78,USD,AMER,CP0108,EQUITY,TDR0152,BOOK_C,2025-09-19
TXN0000830604,APP017,2026-01-29,active,992872.39,USD,AMER,CP0339,FUTURE,TDR0006,BOOK_D,2026-01-25
TXN0003286524,APP004,2025-03-05,failed,622607.22,EUR,AMER,CP0364,FX,TDR0077,BOOK_D,2025-07-23
TXN0000027827,APP017,2026-02-01,settled,777660.02,AUD,APAC,CP0110,EQUITY,TDR0171,BOOK_D,2025-08-10
TXN0003060717,APP001,2025-05-12,active,246520.01,EUR,EMEA,CP0229,EQUITY,TDR0101,BOOK_D,2025-10-13
TXN0005538022,APP013,2025-02-10,pending,496951.49,EUR,AMER,CP0136,OPTION,TDR0079,BOOK_A,2026-04-10
TXN0006915951,APP003,2025-09-28,failed,240201.95,USD,LATAM,CP0164,FX,TDR0025,BOOK_C,2025-04-13
TXN0007047205,APP011,2026-01-21,failed,669982.95,JPY,LATAM,CP0134,EQUITY,TDR0196,BOOK_C,2025-07-05
TXN0005266288,APP013,2025-10-14,reversed,386253.79,CHF,EMEA,CP0392,OPTION,TDR0178,BOOK_B,2026-02-12
TXN0006689319,APP001,2025-10-29,settled,444295.48,GBP,LATAM,CP0482,SWAP,TDR0148,BOOK_A,2025-05-29
TXN0006680016,APP017,2025-03-04,active,452752.49,AUD,APAC,CP0298,BOND,TDR0101,BOOK_B,2025-09-18
TXN0007253742,APP014,2025-12-05,active,74670.71,GBP,APAC,CP0214,OPTION,TDR0010,BOOK_D,2025-11-20
TXN0000236100,APP012,2025-11-07,failed,98962.16,JPY,LATAM,CP0341,OPTION,TDR0069,BOOK_A,2025-11-24
TXN0006536996,APP016,2026-01-14,reversed,577279.1,JPY,APAC,CP0388,EQUITY,TDR0100,BOOK_C,2026-03-10
TXN0002330258,APP004,2025-05-27,pending,277183.73,CHF,APAC,CP0218,BOND,TDR0029,BOOK_D,2025-06-24
TXN0008075981,APP018,2025-05-26,reversed,569638.48,EUR,APAC,CP0283,BOND,TDR0167,BOOK_A,2026-03-27
TXN0008320659,APP019,2025-12-27,pending,766258.2,EUR,AMER,CP0143,SWAP,TDR0179,BOOK_D,2025-07-03
TXN0008785287,APP020,2025-11-06,failed,768951.63,USD,AMER,CP0238,OPTION,TDR0077,BOOK_A,2025-04-14
TXN0000296175,APP005,2025-01-08,failed,512905.61,GBP,APAC,CP0109,FX,TDR0035,BOOK_D,2026-02-17
TXN0008780981,APP003,2025-09-06,pending,796968.97,EUR,EMEA,CP0438,FX,TDR0161,BOOK_C,2025-01-24
TXN0004940424,APP006,2026-03-06,reversed,298707.54,AUD,EMEA,CP0210,EQUITY,TDR0023,BOOK_D,2025-12-11
TXN0005826927,APP009,2025-03-19,active,240245.8,JPY,LATAM,CP0237,OPTION,TDR0163,BOOK_A,2025-06-13
TXN0004905380,APP011,2026-01-04,failed,840688.0,USD,APAC,CP0484,OPTION,TDR0102,BOOK_C,2025-05-12
TXN0004765281,APP017,2026-02-16,settled,180281.46,CHF,EMEA,CP0320,FX,TDR0144,BOOK_B,2026-02-06
TXN0008207435,APP020,2025-09-09,settled,85672.53,JPY,AMER,CP0327,FX,TDR0078,BOOK_D,2025-03-05
TXN0008782380,APP005,2025-03-24,pending,357385.54,AUD,AMER,CP0167,EQUITY,TDR0094,BOOK_C,2025-08-15
TXN0005052221,APP005,2025-04-27,reversed,985213.9,AUD,EMEA,CP0039,FUTURE,TDR0016,BOOK_C,2025-10-28
TXN0002623844,APP010,2026-03-08,active,804660.03,CHF,AMER,CP0228,BOND,TDR0048,BOOK_B,2026-01-02
TXN0004638719,APP001,2025-08-15,failed,306594.38,EUR,EMEA,CP0023,BOND,TDR0193,BOOK_D,2025-01-01
TXN0009630552,APP020,2025-10-02,failed,61953.88,USD,AMER,CP0290,EQUITY,TDR0129,BOOK_D,2025-09-08
TXN0008150498,APP016,2025-03-05,active,406257.74,GBP,LATAM,CP0377,OPTION,TDR0013,BOOK_D,2025-06-24
TXN0007138830,APP012,2025-06-24,active,914447.97,AUD,APAC,CP0148,BOND,TDR0002,BOOK_C,2025-04-20
TXN0006053790,APP001,2025-10-29,failed,438821.85,CHF,APAC,CP0014,SWAP,TDR0193,BOOK_A,2026-04-05
TXN0008530774,APP010,2025-03-17,pending,146784.16,CHF,EMEA,CP0469,BOND,TDR0165,BOOK_B,2025-12-15
TXN0006123428,APP013,2025-01-28,pending,369020.62,AUD,APAC,CP0135,EQUITY,TDR0039,BOOK_C,2026-01-18
TXN0008619816,APP008,2025-02-04,active,947658.98,JPY,LATAM,CP0448,FX,TDR0170,BOOK_B,2025-09-14
TXN0002685988,APP006,2025-12-18,settled,710751.64,GBP,AMER,CP0171,OPTION,TDR0163,BOOK_C,2025-09-25
TXN0009736850,APP001,2026-01-08,pending,553759.38,GBP,LATAM,CP0153,SWAP,TDR0134,BOOK_D,2025-08-15
TXN0000442013,APP011,2025-12-31,reversed,838034.22,USD,EMEA,CP0212,SWAP,TDR0049,BOOK_C,2025-01-29
TXN0006015502,APP020,2026-03-03,active,434945.86,AUD,AMER,CP0040,FX,TDR0003,BOOK_B,2025-08-04
TXN0003982843,APP009,2025-10-13,settled,905039.99,JPY,AMER,CP0122,SWAP,TDR0030,BOOK_D,2025-02-15
TXN0004011583,APP017,2025-11-09,settled,516460.02,AUD,LATAM,CP0024,EQUITY,TDR0150,BOOK_D,2026-02-03
TXN0007965609,APP011,2026-01-27,reversed,361620.72,CHF,AMER,CP0164,BOND,TDR0058,BOOK_B,2025-11-23
TXN0000408205,APP006,2025-02-26,settled,515073.95,GBP,LATAM,CP0353,FX,TDR0039,BOOK_D,2025-10-01
TXN0007716078,APP016,2025-09-10,pending,776688.39,EUR,LATAM,CP0480,OPTION,TDR0032,BOOK_D,2025-06-24
TXN0001914443,APP001,2025-11-26,settled,456481.26,JPY,EMEA,CP0211,BOND,TDR0038,BOOK_A,2026-01-23
TXN0004647230,APP017,2025-11-26,reversed,52036.77,CHF,EMEA,CP0181,FUTURE,TDR0076,BOOK_A,2026-03-12
TXN0004132154,APP019,2025-12-23,pending,310551.54,USD,APAC,CP0159,EQUITY,TDR0061,BOOK_D,2025-07-25
TXN0007202325,APP020,2026-02-16,failed,678917.58,EUR,APAC,CP0116,FX,TDR0143,BOOK_D,2025-09-24
TXN0002348573,APP014,2025-07-07,reversed,907960.33,CHF,LATAM,CP0289,SWAP,TDR0110,BOOK_B,2025-12-26
TXN0008534602,APP013,2025-05-09,reversed,633412.94,EUR,APAC,CP0178,EQUITY,TDR0129,BOOK_A,2025-04-10
TXN0006100414,APP018,2025-09-14,settled,879916.92,AUD,AMER,CP0321,SWAP,TDR0033,BOOK_D,2026-03-20
TXN0006258921,APP018,2025-08-26,failed,895712.06,CHF,LATAM,CP0283,OPTION,TDR0013,BOOK_C,2025-09-30
TXN0003078425,APP013,2026-01-17,settled,320375.63,GBP,LATAM,CP0218,FUTURE,TDR0003,BOOK_C,2025-03-12
TXN0003005330,APP005,2025-01-26,failed,33273.14,USD,AMER,CP0415,OPTION,TDR0116,BOOK_C,2026-01-06
TXN0000270615,APP018,2025-08-20,active,654339.25,CHF,AMER,CP0037,FUTURE,TDR0086,BOOK_B,2025-11-05
TXN0008465355,APP011,2025-05-30,settled,772241.95,JPY,EMEA,CP0132,FUTURE,TDR0066,BOOK_C,2025-01-21
TXN0008068819,APP007,2026-03-18,settled,992745.36,AUD,EMEA,CP0314,EQUITY,TDR0135,BOOK_D,2025-07-23
TXN0008707492,APP001,2025-06-09,active,701925.8,CHF,AMER,CP0029,OPTION,TDR0045,BOOK_C,2025-07-23
TXN0001480211,APP019,2025-02-15,active,999412.84,JPY,APAC,CP0280,OPTION,TDR0066,BOOK_C,2025-11-20
TXN0001586649,APP001,2025-11-20,settled,543028.03,EUR,EMEA,CP0290,SWAP,TDR0149,BOOK_C,2025-06-17
TXN0003538361,APP020,2025-11-12,pending,310934.85,GBP,EMEA,CP0368,SWAP,TDR0029,BOOK_C,2025-03-13
TXN0003367271,APP007,2026-02-21,settled,288823.4,AUD,EMEA,CP0412,BOND,TDR0056,BOOK_B,2025-09-19
TXN0000154690,APP006,2026-01-13,pending,819066.15,EUR,AMER,CP0463,EQUITY,TDR0022,BOOK_A,2025-04-20
TXN0008441680,APP008,2025-07-10,reversed,722872.88,AUD,EMEA,CP0064,OPTION,TDR0184,BOOK_D,2025-04-30
TXN0002176642,APP005,2025-09-01,active,250732.39,EUR,APAC,CP0427,BOND,TDR0187,BOOK_C,2026-02-24
TXN0002882934,APP002,2026-01-12,failed,807123.75,JPY,AMER,CP0021,EQUITY,TDR0101,BOOK_A,2025-04-19
TXN0005836122,APP015,2025-03-06,active,459708.86,GBP,AMER,CP0117,SWAP,TDR0001,BOOK_D,2025-08-28
TXN0006057835,APP004,2025-12-03,active,199678.71,GBP,LATAM,CP0449,BOND,TDR0075,BOOK_A,2025-03-22
TXN0005878585,APP013,2025-08-08,reversed,472219.32,AUD,AMER,CP0048,OPTION,TDR0167,BOOK_D,2025-04-17
TXN0009144188,APP006,2025-04-19,reversed,210565.7,USD,APAC,CP0366,FUTURE,TDR0107,BOOK_B,2025-06-09
TXN0004705163,APP003,2026-02-22,failed,960122.83,AUD,APAC,CP0257,FUTURE,TDR0150,BOOK_A,2026-01-21
TXN0008187208,APP001,2025-08-06,settled,595809.35,EUR,APAC,CP0041,FUTURE,TDR0028,BOOK_A,2026-01-16
TXN0004901170,APP008,2025-03-08,failed,128347.92,GBP,LATAM,CP0340,FX,TDR0188,BOOK_B,2025-07-06
TXN0002718456,APP006,2025-11-02,failed,627092.64,USD,APAC,CP0252,FX,TDR0070,BOOK_B,2025-05-26
TXN0002607209,APP016,2025-10-31,active,518223.25,JPY,LATAM,CP0179,FUTURE,TDR0200,BOOK_A,2026-02-08
TXN0004597661,APP018,2025-04-17,reversed,198577.98,JPY,APAC,CP0447,OPTION,TDR0061,BOOK_C,2025-08-30
TXN0004328902,APP017,2025-09-19,active,489147.0,EUR,EMEA,CP0330,FUTURE,TDR0106,BOOK_B,2026-02-04
TXN0007307297,APP001,2026-03-04,active,288986.35,USD,LATAM,CP0189,FX,TDR0099,BOOK_A,2026-02-08
TXN0001540642,APP017,2025-01-11,settled,30583.32,GBP,LATAM,CP0348,FX,TDR0152,BOOK_A,2025-09-08
TXN0008505767,APP018,2025-09-28,active,702897.56,EUR,AMER,CP0155,FX,TDR0035,BOOK_C,2025-06-24
TXN0006592742,APP008,2025-02-25,reversed,576385.57,CHF,LATAM,CP0033,FX,TDR0132,BOOK_B,2025-04-07
TXN0002502725,APP010,2025-06-07,failed,995895.05,USD,LATAM,CP0006,EQUITY,TDR0031,BOOK_D,2025-07-19
TXN0000603092,APP015,2025-09-16,active,794581.97,CHF,APAC,CP0158,OPTION,TDR0013,BOOK_A,2025-04-15
TXN0002338492,APP003,2025-09-17,settled,113822.58,CHF,AMER,CP0045,BOND,TDR0065,BOOK_D,2026-01-03
TXN0007625168,APP016,2025-01-31,pending,934128.95,JPY,EMEA,CP0258,FUTURE,TDR0099,BOOK_D,2025-10-17
TXN0009483682,APP007,2025-09-04,reversed,72485.58,CHF,LATAM,CP0017,BOND,TDR0147,BOOK_A,2025-10-23
TXN0009174786,APP016,2025-11-23,active,974744.64,GBP,LATAM,CP0351,SWAP,TDR0042,BOOK_A,2025-12-23
TXN0007384012,APP020,2026-04-10,failed,18418.75,GBP,AMER,CP0331,BOND,TDR0165,BOOK_D,2026-01-19
TXN0007866078,APP020,2025-09-05,failed,600488.47,CHF,LATAM,CP0318,FUTURE,TDR0173,BOOK_A,2026-02-21
TXN0006443023,APP004,2025-10-17,settled,162891.34,AUD,APAC,CP0317,EQUITY,TDR0005,BOOK_B,2025-03-13
TXN0009325922,APP013,2025-04-02,settled,790594.0,JPY,APAC,CP0378,EQUITY,TDR0045,BOOK_B,2025-01-25
TXN0005062065,APP012,2026-04-05,reversed,134010.52,EUR,EMEA,CP0300,EQUITY,TDR0152,BOOK_C,2025-12-11
TXN0000791028,APP020,2025-03-27,reversed,853502.16,USD,LATAM,CP0243,FUTURE,TDR0161,BOOK_B,2025-12-10
TXN0002460787,APP012,2025-03-02,active,988150.14,AUD,EMEA,CP0332,BOND,TDR0094,BOOK_D,2025-06-27
TXN0007029939,APP015,2025-06-11,active,901140.8,USD,EMEA,CP0131,FX,TDR0151,BOOK_D,2026-01-10
TXN0008604228,APP018,2025-09-04,failed,140475.4,USD,AMER,CP0091,BOND,TDR0114,BOOK_B,2025-11-23
TXN0008164504,APP016,2025-08-22,active,440750.19,JPY,AMER,CP0435,FX,TDR0196,BOOK_C,2025-09-02
TXN0008283390,APP008,2025-02-02,settled,248338.5,EUR,AMER,CP0415,SWAP,TDR0057,BOOK_D,2025-10-19
TXN0009301521,APP012,2026-02-17,failed,357700.18,EUR,APAC,CP0090,OPTION,TDR0176,BOOK_D,2025-07-10
TXN0005935523,APP014,2025-05-14,failed,782297.01,GBP,EMEA,CP0022,BOND,TDR0001,BOOK_C,2025-10-17
TXN0002973097,APP002,2025-07-27,settled,738358.81,JPY,EMEA,CP0053,EQUITY,TDR0018,BOOK_B,2025-12-02
TXN0002585791,APP005,2026-01-16,reversed,879443.19,JPY,AMER,CP0210,FUTURE,TDR0060,BOOK_B,2025-10-27
TXN0009104476,APP017,2025-09-12,settled,168216.92,JPY,LATAM,CP0404,OPTION,TDR0027,BOOK_D,2026-02-08
TXN0000393603,APP014,2025-08-09,active,52114.06,GBP,AMER,CP0087,FX,TDR0119,BOOK_A,2026-01-05
TXN0002213931,APP001,2025-10-18,failed,435188.23,USD,APAC,CP0299,FX,TDR0059,BOOK_D,2025-05-25
TXN0001301466,APP002,2025-11-13,failed,580546.52,CHF,LATAM,CP0439,FX,TDR0019,BOOK_A,2025-01-06
TXN0003751637,APP014,2025-08-29,settled,375793.03,USD,APAC,CP0114,FUTURE,TDR0077,BOOK_A,2025-02-04
TXN0000235204,APP017,2025-01-04,failed,180730.22,GBP,LATAM,CP0379,EQUITY,TDR0156,BOOK_C,2025-10-17
TXN0002259126,APP006,2025-03-17,active,423175.87,JPY,AMER,CP0318,FUTURE,TDR0126,BOOK_A,2026-04-11
TXN0007827458,APP009,2026-03-13,active,567376.72,CHF,AMER,CP0239,BOND,TDR0030,BOOK_D,2025-02-28
TXN0003560930,APP011,2026-02-14,active,526060.94,GBP,APAC,CP0196,FX,TDR0107,BOOK_B,2025-02-19
TXN0007627139,APP007,2026-03-01,pending,794255.56,JPY,EMEA,CP0026,SWAP,TDR0117,BOOK_A,2025-11-01
TXN0003916617,APP017,2025-11-05,failed,548262.69,JPY,LATAM,CP0408,BOND,TDR0080,BOOK_C,2025-05-02
TXN0003479719,APP006,2025-06-24,failed,618029.25,GBP,EMEA,CP0166,SWAP,TDR0198,BOOK_B,2025-02-13
TXN0007210221,APP008,2025-03-19,reversed,387428.51,CHF,EMEA,CP0201,FUTURE,TDR0141,BOOK_D,2025-08-21
TXN0003127045,APP016,2025-06-07,pending,56736.51,USD,APAC,CP0407,FUTURE,TDR0038,BOOK_B,2025-01-23
TXN0002052874,APP020,2025-04-03,reversed,897736.38,AUD,AMER,CP0458,SWAP,TDR0034,BOOK_A,2026-01-24
TXN0001212502,APP006,2025-10-11,pending,354927.77,EUR,LATAM,CP0303,FUTURE,TDR0072,BOOK_D,2025-05-13
TXN0000643584,APP015,2025-11-02,failed,97900.32,EUR,AMER,CP0392,BOND,TDR0170,BOOK_C,2025-03-28
TXN0009393414,APP003,2025-05-23,pending,772501.48,JPY,LATAM,CP0253,FUTURE,TDR0146,BOOK_C,2025-10-01
TXN0007941487,APP014,2025-08-02,reversed,118904.37,JPY,EMEA,CP0458,OPTION,TDR0124,BOOK_D,2026-04-10
TXN0001798510,APP016,2025-09-21,active,121074.85,JPY,LATAM,CP0376,EQUITY,TDR0160,BOOK_A,2025-11-16
TXN0002273943,APP009,2025-06-06,settled,908378.07,EUR,LATAM,CP0158,FX,TDR0116,BOOK_B,2025-01-12
TXN0001252238,APP017,2025-08-09,settled,847896.44,EUR,EMEA,CP0197,OPTION,TDR0093,BOOK_A,2025-01-12
TXN0002618345,APP007,2025-09-15,reversed,37483.89,GBP,APAC,CP0209,OPTION,TDR0160,BOOK_A,2025-09-15
TXN0008469381,APP020,2026-02-14,reversed,214880.87,JPY,AMER,CP0335,BOND,TDR0197,BOOK_A,2025-01-14
TXN0002891011,APP002,2026-03-28,active,532174.13,AUD,LATAM,CP0278,SWAP,TDR0099,BOOK_C,2025-01-01
TXN0002129754,APP008,2025-11-01,pending,922830.55,USD,EMEA,CP0446,FX,TDR0030,BOOK_B,2025-04-08
TXN0001684082,APP019,2025-09-22,failed,507773.71,CHF,AMER,CP0116,FX,TDR0109,BOOK_C,2025-03-26
TXN0007313864,APP015,2025-01-12,pending,653758.71,GBP,APAC,CP0171,BOND,TDR0143,BOOK_D,2025-02-01
TXN0008533636,APP005,2025-01-26,pending,707412.34,JPY,APAC,CP0219,OPTION,TDR0034,BOOK_D,2025-08-05
TXN0003240312,APP004,2026-03-30,reversed,781760.47,EUR,AMER,CP0157,FUTURE,TDR0175,BOOK_A,2025-12-06
TXN0007679518,APP013,2025-12-26,pending,342997.44,AUD,AMER,CP0238,BOND,TDR0159,BOOK_A,2025-07-08
TXN0008891426,APP018,2025-04-12,pending,192706.38,GBP,LATAM,CP0297,FUTURE,TDR0001,BOOK_C,2025-04-02
TXN0007643118,APP012,2025-10-14,failed,318158.1,AUD,LATAM,CP0274,BOND,TDR0164,BOOK_B,2025-05-25
TXN0002272606,APP018,2025-07-22,settled,357663.94,GBP,AMER,CP0326,FUTURE,TDR0085,BOOK_C,2025-11-06
TXN0002438163,APP016,2025-01-01,failed,861229.63,EUR,AMER,CP0051,EQUITY,TDR0019,BOOK_A,2025-09-05
TXN0008342195,APP017,2025-09-04,failed,150933.57,AUD,EMEA,CP0173,OPTION,TDR0014,BOOK_B,2026-01-16
TXN0003098391,APP014,2026-03-28,settled,21859.87,CHF,LATAM,CP0166,FUTURE,TDR0183,BOOK_B,2025-11-02
TXN0000287405,APP017,2025-01-13,reversed,913359.05,CHF,LATAM,CP0310,FUTURE,TDR0138,BOOK_B,2025-12-15
TXN0007539660,APP019,2025-09-19,settled,804940.1,GBP,EMEA,CP0002,EQUITY,TDR0185,BOOK_D,2025-05-09
TXN0004672915,APP019,2025-06-22,failed,355479.79,USD,AMER,CP0044,FX,TDR0142,BOOK_A,2025-12-01
TXN0005476379,APP017,2025-04-27,settled,677419.0,AUD,AMER,CP0204,EQUITY,TDR0147,BOOK_B,2025-10-14
TXN0005588820,APP011,2025-01-16,pending,870338.33,USD,AMER,CP0202,OPTION,TDR0008,BOOK_B,2025-08-31
TXN0002009067,APP011,2025-04-10,failed,477703.54,AUD,EMEA,CP0444,FX,TDR0165,BOOK_C,2026-02-28
TXN0000473796,APP020,2025-09-08,failed,97390.56,GBP,APAC,CP0254,FX,TDR0194,BOOK_B,2025-03-06
TXN0005832261,APP011,2025-07-21,failed,600016.54,GBP,APAC,CP0109,EQUITY,TDR0061,BOOK_D,2025-01-17
TXN0007404996,APP015,2025-06-07,reversed,789896.76,AUD,AMER,CP0119,FUTURE,TDR0167,BOOK_C,2025-09-20
TXN0002610193,APP003,2025-01-19,active,669098.24,USD,EMEA,CP0277,OPTION,TDR0073,BOOK_B,2026-01-10
TXN0003544106,APP016,2026-01-09,settled,406204.09,AUD,LATAM,CP0231,BOND,TDR0059,BOOK_B,2026-02-21
TXN0005116073,APP002,2026-01-12,failed,364541.67,GBP,APAC,CP0305,BOND,TDR0002,BOOK_A,2025-04-13
TXN0002970047,APP004,2026-02-13,failed,75485.61,EUR,APAC,CP0450,SWAP,TDR0165,BOOK_B,2025-07-12
TXN0000187466,APP012,2025-12-11,failed,465237.59,CHF,APAC,CP0138,BOND,TDR0053,BOOK_A,2026-01-17
TXN0007098319,APP017,2025-11-26,pending,602703.52,EUR,EMEA,CP0328,FX,TDR0112,BOOK_B,2025-01-14
TXN0004454241,APP005,2025-11-12,settled,466396.76,AUD,APAC,CP0437,SWAP,TDR0060,BOOK_D,2025-04-14
TXN0001409849,APP009,2025-11-28,reversed,376934.44,USD,APAC,CP0234,EQUITY,TDR0089,BOOK_B,2025-04-13
TXN0008201975,APP005,2025-01-23,reversed,660124.07,JPY,AMER,CP0213,EQUITY,TDR0173,BOOK_B,2026-04-09
TXN0001674223,APP012,2025-02-27,settled,551232.56,EUR,LATAM,CP0210,FX,TDR0003,BOOK_A,2025-04-02
TXN0008864776,APP012,2025-11-10,failed,897342.44,AUD,EMEA,CP0280,FUTURE,TDR0037,BOOK_A,2025-09-30
TXN0005593330,APP015,2026-03-22,failed,377645.02,JPY,AMER,CP0003,BOND,TDR0102,BOOK_B,2026-02-12
TXN0001813319,APP006,2025-01-03,failed,998209.41,CHF,LATAM,CP0308,FX,TDR0114,BOOK_D,2026-02-07
TXN0008174883,APP016,2025-08-29,active,896143.97,CHF,AMER,CP0431,BOND,TDR0195,BOOK_D,2025-04-04
TXN0000463277,APP017,2025-12-18,reversed,728955.4,GBP,APAC,CP0286,SWAP,TDR0150,BOOK_B,2025-06-29
TXN0005463754,APP008,2025-10-31,failed,592099.52,CHF,APAC,CP0360,FX,TDR0005,BOOK_A,2025-09-21
TXN0002404761,APP016,2025-01-20,failed,998989.15,EUR,AMER,CP0288,OPTION,TDR0053,BOOK_C,2025-02-21
TXN0003627979,APP006,2025-12-17,settled,41173.86,USD,EMEA,CP0007,EQUITY,TDR0009,BOOK_D,2026-01-09
TXN0001705016,APP003,2025-02-05,pending,191533.16,AUD,LATAM,CP0297,EQUITY,TDR0006,BOOK_D,2025-04-24
TXN0001769768,APP004,2025-05-28,pending,912525.73,JPY,LATAM,CP0342,FX,TDR0092,BOOK_B,2025-04-07
TXN0005768451,APP007,2025-02-09,reversed,675558.8,GBP,APAC,CP0494,OPTION,TDR0046,BOOK_D,2025-07-07
TXN0000103497,APP018,2026-02-20,pending,461380.93,GBP,AMER,CP0475,SWAP,TDR0086,BOOK_A,2025-02-23
TXN0000163095,APP011,2025-06-07,settled,551870.91,USD,APAC,CP0391,BOND,TDR0114,BOOK_C,2025-07-04
TXN0007749474,APP007,2025-06-26,pending,28199.47,CHF,AMER,CP0063,FUTURE,TDR0194,BOOK_C,2025-08-02
TXN0002934896,APP002,2026-03-01,failed,551341.0,EUR,LATAM,CP0087,OPTION,TDR0186,BOOK_A,2025-09-12
TXN0006757136,APP020,2025-01-12,failed,404793.12,EUR,LATAM,CP0290,EQUITY,TDR0183,BOOK_C,2025-10-05
TXN0000263615,APP007,2026-01-14,reversed,609908.68,CHF,APAC,CP0003,FUTURE,TDR0195,BOOK_A,2026-01-01
TXN0009129714,APP008,2025-03-02,pending,851400.26,CHF,EMEA,CP0025,BOND,TDR0161,BOOK_C,2026-03-18
TXN0004668323,APP009,2026-03-10,pending,13174.82,AUD,AMER,CP0445,OPTION,TDR0035,BOOK_C,2025-01-09
TXN0003128926,APP006,2025-06-06,settled,250785.4,JPY,EMEA,CP0142,EQUITY,TDR0132,BOOK_D,2025-10-28
TXN0001279505,APP011,2025-06-03,failed,766118.77,USD,AMER,CP0276,OPTION,TDR0184,BOOK_A,2025-12-20
TXN0000766862,APP012,2025-10-03,pending,698033.4,CHF,EMEA,CP0423,FUTURE,TDR0084,BOOK_D,2025-06-14
TXN0005764669,APP018,2025-02-16,pending,911384.44,AUD,LATAM,CP0342,OPTION,TDR0174,BOOK_D,2025-07-18
TXN0001399791,APP014,2025-07-12,settled,704807.31,CHF,APAC,CP0185,OPTION,TDR0110,BOOK_B,2025-06-06
TXN0008842476,APP007,2025-10-29,failed,638634.32,USD,AMER,CP0041,FX,TDR0027,BOOK_B,2025-12-08
TXN0003275489,APP003,2025-03-11,failed,229954.22,GBP,LATAM,CP0154,FX,TDR0118,BOOK_A,2026-02-28
TXN0006225353,APP002,2025-07-12,pending,438073.93,AUD,APAC,CP0274,SWAP,TDR0176,BOOK_D,2025-03-23
TXN0007604476,APP015,2026-04-02,reversed,996349.52,AUD,AMER,CP0016,BOND,TDR0026,BOOK_C,2025-09-12
TXN0002158222,APP005,2026-01-14,pending,452339.64,CHF,LATAM,CP0119,SWAP,TDR0131,BOOK_B,2025-03-10
TXN0000803616,APP009,2026-03-22,active,596181.49,USD,APAC,CP0239,FUTURE,TDR0031,BOOK_B,2025-07-10
TXN0002994527,APP015,2025-01-08,active,394004.19,AUD,AMER,CP0354,BOND,TDR0122,BOOK_A,2025-07-02
TXN0001243425,APP012,2026-01-30,active,296273.96,USD,EMEA,CP0428,FUTURE,TDR0021,BOOK_D,2025-07-06
TXN0005219437,APP009,2025-03-22,active,238762.32,GBP,APAC,CP0029,SWAP,TDR0059,BOOK_A,2025-05-19
TXN0005081833,APP006,2026-04-14,settled,816300.76,GBP,AMER,CP0100,FUTURE,TDR0126,BOOK_A,2025-09-07
TXN0001624861,APP014,2025-04-06,failed,413044.19,EUR,APAC,CP0027,BOND,TDR0002,BOOK_A,2025-08-24
TXN0001415631,APP005,2025-06-23,reversed,777007.13,EUR,AMER,CP0209,FUTURE,TDR0101,BOOK_B,2025-11-12
TXN0006324788,APP018,2025-01-20,settled,351788.21,AUD,AMER,CP0336,FUTURE,TDR0068,BOOK_A,2025-08-08
TXN0002338480,APP013,2025-01-29,settled,715460.91,CHF,LATAM,CP0110,FUTURE,TDR0184,BOOK_A,2025-11-26
TXN0008314159,APP008,2025-05-23,active,256762.21,GBP,EMEA,CP0004,BOND,TDR0146,BOOK_A,2025-11-02
TXN0001803889,APP020,2025-05-18,failed,804600.49,AUD,EMEA,CP0058,OPTION,TDR0048,BOOK_A,2025-11-22
TXN0003339580,APP010,2025-08-29,reversed,850871.73,JPY,EMEA,CP0174,OPTION,TDR0069,BOOK_C,2025-06-28
TXN0000005306,APP015,2025-03-16,active,844394.08,JPY,LATAM,CP0248,EQUITY,TDR0097,BOOK_D,2025-06-01
TXN0002641221,APP002,2025-01-02,active,984612.1,GBP,EMEA,CP0117,BOND,TDR0176,BOOK_A,2026-01-24
TXN0002422859,APP013,2025-01-02,reversed,636735.28,USD,APAC,CP0300,OPTION,TDR0163,BOOK_B,2025-05-31
TXN0002446836,APP018,2025-03-17,settled,711405.17,USD,APAC,CP0273,FUTURE,TDR0008,BOOK_D,2026-02-09
TXN0000526814,APP007,2025-08-23,pending,875798.24,GBP,LATAM,CP0460,FX,TDR0144,BOOK_C,2025-04-06
TXN0002770157,APP018,2026-01-25,settled,661189.02,EUR,AMER,CP0345,FX,TDR0050,BOOK_B,2025-07-31
TXN0006691996,APP013,2025-10-10,active,489579.72,USD,APAC,CP0494,EQUITY,TDR0122,BOOK_D,2025-01-13
TXN0004855063,APP001,2025-01-03,reversed,638230.43,EUR,APAC,CP0136,EQUITY,TDR0045,BOOK_A,2025-11-01
TXN0008932251,APP020,2025-08-05,active,687309.19,EUR,LATAM,CP0316,OPTION,TDR0055,BOOK_A,2025-11-17
TXN0006405174,APP006,2025-05-19,pending,801227.92,AUD,EMEA,CP0126,BOND,TDR0048,BOOK_C,2026-01-11
TXN0001341918,APP002,2026-04-05,pending,61532.94,EUR,LATAM,CP0058,OPTION,TDR0184,BOOK_D,2025-02-12
TXN0009553610,APP006,2025-12-28,reversed,565558.81,USD,APAC,CP0371,FUTURE,TDR0001,BOOK_B,2025-03-06
TXN0006061068,APP016,2025-07-06,active,355971.13,GBP,AMER,CP0495,BOND,TDR0113,BOOK_B,2025-03-29
TXN0002064304,APP012,2025-06-03,reversed,334036.17,JPY,AMER,CP0446,BOND,TDR0114,BOOK_D,2025-11-09
TXN0002915502,APP019,2026-02-20,reversed,804092.62,AUD,AMER,CP0444,OPTION,TDR0142,BOOK_B,2025-06-14
TXN0001449854,APP005,2025-09-15,failed,738652.72,AUD,AMER,CP0059,SWAP,TDR0190,BOOK_A,2025-11-26
TXN0008773825,APP011,2025-03-11,active,243449.92,GBP,AMER,CP0441,OPTION,TDR0065,BOOK_A,2025-06-13
TXN0008378896,APP002,2025-12-14,failed,696666.41,AUD,APAC,CP0438,BOND,TDR0102,BOOK_C,2025-11-29
TXN0006373871,APP011,2026-01-25,pending,296171.65,JPY,LATAM,CP0009,BOND,TDR0062,BOOK_C,2026-03-15
TXN0007031866,APP005,2025-12-24,settled,208705.69,JPY,APAC,CP0259,EQUITY,TDR0029,BOOK_C,2025-01-01
TXN0005964916,APP002,2025-01-24,reversed,159399.64,GBP,EMEA,CP0383,FUTURE,TDR0037,BOOK_B,2025-03-10
TXN0004419220,APP009,2025-09-23,reversed,649537.0,JPY,LATAM,CP0020,BOND,TDR0128,BOOK_B,2026-04-12
TXN0004846962,APP002,2026-03-13,reversed,789400.3,JPY,EMEA,CP0199,SWAP,TDR0057,BOOK_A,2025-02-19
TXN0007441345,APP017,2025-10-15,active,473180.88,JPY,APAC,CP0300,OPTION,TDR0142,BOOK_A,2025-06-05
TXN0005840504,APP017,2025-05-02,active,994932.29,USD,EMEA,CP0103,SWAP,TDR0107,BOOK_C,2025-07-21
TXN0008936699,APP005,2025-04-05,reversed,356919.84,EUR,LATAM,CP0422,SWAP,TDR0074,BOOK_A,2025-02-07
TXN0004319358,APP010,2025-06-08,failed,50996.59,AUD,AMER,CP0131,FX,TDR0068,BOOK_A,2025-07-23
TXN0001179660,APP007,2025-08-09,settled,871982.16,CHF,LATAM,CP0235,OPTION,TDR0185,BOOK_C,2025-11-08
TXN0008869001,APP009,2025-02-11,settled,849026.27,CHF,AMER,CP0150,OPTION,TDR0186,BOOK_C,2026-01-22
TXN0006957508,APP013,2025-11-25,reversed,593744.08,CHF,LATAM,CP0013,EQUITY,TDR0006,BOOK_A,2025-07-23
TXN0003638788,APP006,2026-02-27,reversed,980901.15,AUD,EMEA,CP0447,FX,TDR0104,BOOK_A,2025-11-02
TXN0007257354,APP001,2025-01-22,reversed,503230.49,EUR,LATAM,CP0415,FUTURE,TDR0047,BOOK_D,2025-11-14
TXN0000263591,APP006,2025-08-18,active,890389.29,USD,EMEA,CP0431,EQUITY,TDR0148,BOOK_D,2026-04-01
TXN0006487829,APP008,2025-07-01,reversed,795933.06,JPY,LATAM,CP0320,OPTION,TDR0004,BOOK_D,2025-10-30
TXN0002353553,APP016,2025-06-28,failed,240712.87,AUD,AMER,CP0366,OPTION,TDR0001,BOOK_C,2025-09-14
TXN0001262559,APP011,2025-10-09,pending,791992.71,AUD,EMEA,CP0016,BOND,TDR0008,BOOK_B,2025-07-12
TXN0008766764,APP008,2026-02-13,settled,320490.32,CHF,APAC,CP0024,BOND,TDR0065,BOOK_C,2025-01-21
TXN0004277231,APP008,2026-03-26,pending,821184.19,EUR,EMEA,CP0356,FUTURE,TDR0149,BOOK_C,2025-05-29
TXN0000533286,APP001,2025-09-01,pending,452086.16,CHF,EMEA,CP0205,OPTION,TDR0190,BOOK_C,2025-05-26
TXN0009032933,APP017,2025-09-09,settled,884776.86,AUD,AMER,CP0475,SWAP,TDR0145,BOOK_A,2025-11-27
TXN0002144533,APP016,2025-07-01,settled,703939.62,CHF,LATAM,CP0270,OPTION,TDR0053,BOOK_B,2025-04-03
TXN0004684668,APP006,2026-01-17,settled,734045.92,CHF,APAC,CP0303,EQUITY,TDR0118,BOOK_A,2026-01-28
TXN0008586369,APP003,2025-03-17,failed,431150.4,CHF,APAC,CP0419,EQUITY,TDR0016,BOOK_D,2026-03-28
TXN0004029108,APP002,2025-11-03,failed,464986.18,GBP,LATAM,CP0405,OPTION,TDR0172,BOOK_D,2025-01-26
TXN0004809820,APP009,2026-01-23,settled,55471.32,USD,AMER,CP0308,BOND,TDR0055,BOOK_D,2025-05-23
TXN0003828911,APP012,2025-06-14,failed,953925.83,CHF,LATAM,CP0187,BOND,TDR0165,BOOK_B,2026-01-21
TXN0001052777,APP013,2025-03-27,active,458205.99,USD,EMEA,CP0299,EQUITY,TDR0038,BOOK_D,2026-02-09
TXN0005630035,APP016,2026-04-11,settled,415660.95,GBP,LATAM,CP0364,BOND,TDR0077,BOOK_B,2025-08-20
TXN0001072885,APP010,2025-08-09,settled,516152.31,CHF,AMER,CP0146,BOND,TDR0149,BOOK_B,2025-06-30
TXN0002983276,APP014,2025-05-22,reversed,141293.18,CHF,EMEA,CP0094,BOND,TDR0096,BOOK_D,2025-12-21
TXN0004438225,APP010,2026-02-15,pending,587566.18,JPY,APAC,CP0219,FUTURE,TDR0152,BOOK_A,2026-04-12
TXN0004322633,APP010,2025-02-03,pending,774768.45,CHF,LATAM,CP0456,OPTION,TDR0199,BOOK_B,2025-11-05
TXN0007378454,APP006,2026-03-25,failed,738726.24,AUD,EMEA,CP0390,FX,TDR0061,BOOK_A,2026-02-18
TXN0000224130,APP015,2025-09-14,pending,646510.14,JPY,AMER,CP0264,OPTION,TDR0152,BOOK_C,2025-07-21
TXN0001939394,APP002,2025-04-24,settled,984709.68,GBP,APAC,CP0086,OPTION,TDR0064,BOOK_C,2026-01-20
TXN0009509210,APP019,2026-02-25,failed,895409.08,JPY,LATAM,CP0244,OPTION,TDR0032,BOOK_C,2026-02-05
TXN0008034962,APP009,2025-09-22,settled,857127.56,USD,AMER,CP0080,FUTURE,TDR0124,BOOK_B,2025-05-03
TXN0005045560,APP020,2025-11-30,failed,215710.0,EUR,APAC,CP0405,EQUITY,TDR0046,BOOK_C,2026-03-13
TXN0001166753,APP001,2025-05-02,reversed,682256.99,GBP,LATAM,CP0282,BOND,TDR0185,BOOK_A,2025-06-01
TXN0009779100,APP014,2025-08-11,pending,482287.31,USD,EMEA,CP0009,FUTURE,TDR0198,BOOK_B,2025-04-17
TXN0006247137,APP014,2025-04-10,active,323338.63,USD,LATAM,CP0207,FX,TDR0065,BOOK_A,2025-09-12
TXN0000591616,APP008,2025-10-05,active,46331.25,AUD,AMER,CP0454,BOND,TDR0176,BOOK_B,2025-12-24
TXN0008702688,APP018,2025-11-27,settled,417810.04,EUR,AMER,CP0244,OPTION,TDR0003,BOOK_B,2025-11-23
TXN0007900484,APP010,2025-06-20,settled,537014.74,CHF,LATAM,CP0157,SWAP,TDR0040,BOOK_C,2025-04-29
TXN0000803005,APP005,2025-04-20,active,519818.32,CHF,AMER,CP0430,EQUITY,TDR0090,BOOK_C,2025-10-31
TXN0004573621,APP017,2025-05-24,active,859305.28,CHF,APAC,CP0345,SWAP,TDR0128,BOOK_D,2026-03-05
TXN0002691142,APP014,2025-06-29,pending,196543.07,GBP,APAC,CP0075,FX,TDR0133,BOOK_C,2025-06-21
TXN0003970461,APP011,2025-04-24,failed,393659.16,CHF,AMER,CP0302,SWAP,TDR0191,BOOK_A,2025-01-27
TXN0004273597,APP016,2026-03-30,failed,182377.34,JPY,EMEA,CP0191,BOND,TDR0129,BOOK_D,2026-03-14
TXN0000618867,APP014,2026-04-12,active,164681.26,CHF,AMER,CP0404,SWAP,TDR0074,BOOK_C,2025-11-22
TXN0006860758,APP003,2026-01-03,settled,607062.74,CHF,LATAM,CP0094,SWAP,TDR0101,BOOK_D,2025-05-15
TXN0000063156,APP015,2026-02-27,active,751789.07,CHF,APAC,CP0438,FUTURE,TDR0055,BOOK_A,2025-09-06
TXN0007865791,APP016,2025-06-26,pending,910358.68,EUR,LATAM,CP0409,EQUITY,TDR0092,BOOK_B,2025-12-20
TXN0006649970,APP019,2026-01-07,pending,65458.33,CHF,EMEA,CP0278,FUTURE,TDR0030,BOOK_A,2025-10-28
TXN0008889092,APP010,2026-03-16,active,551658.51,GBP,LATAM,CP0308,BOND,TDR0185,BOOK_A,2025-08-26
TXN0007660001,APP019,2025-02-22,failed,706013.73,CHF,APAC,CP0099,EQUITY,TDR0019,BOOK_A,2025-03-16
TXN0001393216,APP009,2025-07-02,failed,38113.28,EUR,LATAM,CP0454,EQUITY,TDR0177,BOOK_C,2025-03-30
TXN0005538083,APP009,2026-04-09,active,799747.65,AUD,EMEA,CP0393,EQUITY,TDR0057,BOOK_A,2025-03-01
TXN0004722717,APP004,2025-12-27,pending,808324.6,CHF,APAC,CP0062,FX,TDR0182,BOOK_C,2026-03-31
TXN0009677878,APP009,2025-09-12,active,920530.48,JPY,AMER,CP0256,EQUITY,TDR0167,BOOK_A,2026-02-25
TXN0009180027,APP009,2026-03-18,reversed,638243.99,EUR,EMEA,CP0463,EQUITY,TDR0114,BOOK_A,2025-04-17
TXN0000227344,APP007,2025-10-03,reversed,782720.56,GBP,AMER,CP0329,FUTURE,TDR0128,BOOK_C,2025-01-28
TXN0006994103,APP001,2025-05-25,pending,572434.54,EUR,LATAM,CP0167,FUTURE,TDR0148,BOOK_D,2025-09-30
TXN0002999184,APP002,2025-01-16,pending,21052.27,USD,APAC,CP0285,OPTION,TDR0096,BOOK_D,2025-09-30
TXN0003242619,APP005,2025-07-01,active,134879.36,CHF,EMEA,CP0150,EQUITY,TDR0002,BOOK_D,2025-10-22
TXN0008183361,APP015,2025-06-16,failed,782389.83,EUR,EMEA,CP0121,EQUITY,TDR0009,BOOK_C,2025-02-26
TXN0004851527,APP012,2025-10-15,active,305574.88,CHF,EMEA,CP0190,FUTURE,TDR0138,BOOK_B,2026-02-15
TXN0003373537,APP003,2025-11-21,failed,133372.71,AUD,AMER,CP0393,FX,TDR0073,BOOK_A,2025-08-20
TXN0003424385,APP019,2025-05-03,reversed,686616.51,CHF,APAC,CP0453,EQUITY,TDR0170,BOOK_C,2025-06-20
TXN0004881698,APP009,2025-07-12,pending,34189.41,GBP,AMER,CP0300,OPTION,TDR0173,BOOK_A,2026-01-10
TXN0005144167,APP004,2025-04-18,reversed,339548.37,USD,LATAM,CP0240,EQUITY,TDR0145,BOOK_A,2025-09-12
TXN0001441302,APP011,2025-05-18,active,808263.19,AUD,APAC,CP0081,EQUITY,TDR0039,BOOK_C,2025-07-13
TXN0001530531,APP006,2025-07-15,pending,873081.45,EUR,AMER,CP0182,FX,TDR0140,BOOK_C,2025-11-04
TXN0007696378,APP005,2025-08-07,active,663540.88,USD,LATAM,CP0102,EQUITY,TDR0001,BOOK_A,2026-02-26
TXN0006493129,APP006,2025-03-14,active,123737.0,AUD,LATAM,CP0223,FX,TDR0133,BOOK_D,2025-04-22
TXN0004613867,APP003,2025-11-18,pending,538038.86,JPY,EMEA,CP0441,EQUITY,TDR0134,BOOK_D,2026-01-23
TXN0000445448,APP018,2026-02-13,reversed,380822.56,USD,APAC,CP0011,OPTION,TDR0119,BOOK_D,2025-08-21
TXN0009287396,APP011,2025-05-19,active,921107.88,GBP,LATAM,CP0374,FX,TDR0145,BOOK_A,2025-09-26
TXN0006372435,APP003,2025-07-26,failed,872742.1,GBP,APAC,CP0343,BOND,TDR0068,BOOK_B,2026-03-29
TXN0009278191,APP002,2026-02-19,active,247717.79,EUR,APAC,CP0265,SWAP,TDR0120,BOOK_B,2026-03-04
TXN0007861885,APP013,2026-02-27,reversed,693145.01,USD,APAC,CP0118,SWAP,TDR0061,BOOK_D,2026-01-30
TXN0003600490,APP003,2025-04-23,failed,171596.84,GBP,AMER,CP0242,FUTURE,TDR0195,BOOK_A,2026-01-05
TXN0001616634,APP014,2025-05-08,settled,570511.36,AUD,APAC,CP0217,EQUITY,TDR0112,BOOK_C,2026-01-20
TXN0003367043,APP020,2025-07-08,pending,222105.35,EUR,AMER,CP0403,FUTURE,TDR0126,BOOK_A,2025-12-02
TXN0001872965,APP019,2025-03-02,settled,106121.53,AUD,LATAM,CP0149,SWAP,TDR0153,BOOK_A,2025-08-07
TXN0004549550,APP007,2025-03-12,settled,17547.39,USD,LATAM,CP0494,SWAP,TDR0155,BOOK_C,2025-06-23
TXN0007382154,APP007,2026-01-30,settled,491876.33,JPY,AMER,CP0475,SWAP,TDR0119,BOOK_A,2025-05-11
TXN0006432618,APP015,2025-11-29,reversed,318506.21,CHF,LATAM,CP0438,SWAP,TDR0107,BOOK_D,2025-08-21
TXN0002320662,APP008,2025-07-22,failed,391478.88,CHF,AMER,CP0241,FX,TDR0144,BOOK_B,2025-11-07
TXN0000793239,APP006,2025-11-26,pending,208626.78,AUD,APAC,CP0053,BOND,TDR0156,BOOK_D,2025-01-16
TXN0001952694,APP015,2025-09-14,settled,569688.5,GBP,APAC,CP0402,EQUITY,TDR0195,BOOK_C,2025-01-09
TXN0006608803,APP015,2025-10-08,failed,442259.25,JPY,AMER,CP0044,FUTURE,TDR0193,BOOK_B,2026-03-03
TXN0001439897,APP004,2026-03-11,active,122635.62,AUD,LATAM,CP0220,FX,TDR0162,BOOK_C,2025-04-10
TXN0002857843,APP003,2026-01-22,reversed,996761.09,AUD,APAC,CP0023,OPTION,TDR0081,BOOK_A,2025-02-22
TXN0000816273,APP005,2025-06-20,active,714107.69,CHF,EMEA,CP0116,FUTURE,TDR0125,BOOK_B,2025-01-02
TXN0005480861,APP003,2025-09-17,failed,696756.96,EUR,EMEA,CP0273,FUTURE,TDR0080,BOOK_C,2026-04-08
TXN0006027730,APP019,2025-10-22,reversed,503213.79,CHF,APAC,CP0475,BOND,TDR0165,BOOK_A,2025-08-20
TXN0006534121,APP017,2025-08-12,reversed,640653.62,EUR,EMEA,CP0371,OPTION,TDR0054,BOOK_B,2025-09-27
TXN0002541606,APP007,2025-09-19,pending,707069.28,AUD,APAC,CP0467,FX,TDR0105,BOOK_C,2025-05-16
TXN0006124689,APP002,2025-04-27,failed,247414.44,USD,EMEA,CP0444,SWAP,TDR0185,BOOK_B,2025-01-14
TXN0004087164,APP016,2026-03-11,settled,602792.47,GBP,EMEA,CP0466,FX,TDR0057,BOOK_B,2025-04-07
TXN0002220683,APP006,2026-04-14,settled,368543.36,USD,LATAM,CP0285,FX,TDR0160,BOOK_D,2026-04-02
TXN0007278441,APP001,2025-09-11,settled,109400.18,EUR,AMER,CP0115,OPTION,TDR0019,BOOK_C,2026-02-12
TXN0003277973,APP009,2025-03-19,reversed,324829.61,EUR,APAC,CP0428,FX,TDR0174,BOOK_A,2025-10-09
TXN0008392365,APP016,2025-07-09,failed,605222.51,USD,EMEA,CP0193,OPTION,TDR0085,BOOK_C,2026-03-26
TXN0004892935,APP020,2025-07-14,pending,328651.57,USD,APAC,CP0253,BOND,TDR0064,BOOK_C,2025-04-07
TXN0009587221,APP014,2025-06-01,settled,301030.65,EUR,EMEA,CP0189,SWAP,TDR0167,BOOK_A,2025-11-23
TXN0001162950,APP019,2025-10-12,pending,98634.49,EUR,LATAM,CP0228,SWAP,TDR0159,BOOK_D,2025-07-26
TXN0008364618,APP009,2025-05-09,failed,519783.8,AUD,LATAM,CP0006,EQUITY,TDR0139,BOOK_B,2026-02-17
TXN0008159644,APP016,2025-12-26,pending,78108.31,USD,AMER,CP0193,SWAP,TDR0045,BOOK_C,2025-10-23
TXN0001489573,APP002,2025-07-09,failed,969971.85,AUD,APAC,CP0127,BOND,TDR0079,BOOK_B,2025-07-12
TXN0003804646,APP013,2025-12-13,pending,496022.91,CHF,LATAM,CP0166,FX,TDR0146,BOOK_A,2025-09-21
TXN0009368705,APP007,2025-01-25,active,727833.13,USD,LATAM,CP0278,FUTURE,TDR0156,BOOK_D,2025-07-26
TXN0001277156,APP010,2025-07-22,failed,442993.3,AUD,LATAM,CP0414,FX,TDR0194,BOOK_D,2026-03-29
TXN0009514114,APP009,2025-11-28,pending,284607.18,USD,AMER,CP0400,SWAP,TDR0043,BOOK_C,2025-04-03
TXN0006931575,APP007,2025-01-04,failed,816653.93,AUD,APAC,CP0329,BOND,TDR0094,BOOK_B,2026-03-17
TXN0001139861,APP005,2025-06-21,settled,994801.32,AUD,APAC,CP0120,BOND,TDR0185,BOOK_D,2025-09-20
TXN0004152315,APP010,2026-02-19,settled,229838.85,JPY,AMER,CP0494,OPTION,TDR0013,BOOK_A,2025-03-06
TXN0007702256,APP004,2025-11-23,reversed,483901.1,EUR,EMEA,CP0067,BOND,TDR0021,BOOK_D,2025-03-06
TXN0009103894,APP003,2025-09-18,failed,727843.17,GBP,APAC,CP0107,FUTURE,TDR0113,BOOK_A,2025-08-17
TXN0001566054,APP018,2026-01-12,failed,699364.14,JPY,EMEA,CP0334,EQUITY,TDR0078,BOOK_D,2025-04-16
TXN0004810655,APP001,2025-08-15,active,349827.73,JPY,LATAM,CP0360,EQUITY,TDR0010,BOOK_D,2025-03-08
TXN0008266709,APP013,2025-02-04,settled,634318.74,GBP,AMER,CP0256,BOND,TDR0044,BOOK_C,2025-01-31
TXN0000819120,APP003,2025-02-08,active,244040.37,EUR,APAC,CP0147,FUTURE,TDR0191,BOOK_D,2025-06-17
TXN0008057027,APP012,2025-09-05,pending,783463.18,AUD,EMEA,CP0412,SWAP,TDR0005,BOOK_B,2025-02-27
TXN0006873231,APP011,2025-01-21,failed,55234.74,EUR,AMER,CP0498,BOND,TDR0017,BOOK_D,2025-01-13
TXN0009564348,APP010,2025-09-22,failed,262288.45,USD,EMEA,CP0066,BOND,TDR0137,BOOK_D,2025-11-29
TXN0008450802,APP019,2025-03-30,reversed,560021.57,JPY,AMER,CP0098,EQUITY,TDR0155,BOOK_C,2026-03-14
TXN0002377495,APP014,2025-02-12,failed,116521.76,CHF,AMER,CP0411,EQUITY,TDR0182,BOOK_D,2025-10-18
TXN0000250954,APP005,2026-01-28,failed,349168.0,EUR,EMEA,CP0310,FX,TDR0017,BOOK_A,2025-06-18
TXN0008686769,APP012,2025-08-04,failed,133910.65,JPY,APAC,CP0448,FX,TDR0089,BOOK_D,2025-04-16
TXN0002280172,APP011,2025-12-26,reversed,386723.29,AUD,APAC,CP0170,SWAP,TDR0192,BOOK_A,2026-02-08
TXN0006492898,APP005,2025-03-06,failed,408668.58,EUR,APAC,CP0233,FUTURE,TDR0113,BOOK_C,2025-07-31
TXN0002606708,APP015,2025-01-13,failed,836736.28,AUD,APAC,CP0263,FUTURE,TDR0116,BOOK_C,2025-06-19
TXN0004336676,APP007,2025-09-16,reversed,28152.27,EUR,AMER,CP0006,EQUITY,TDR0130,BOOK_C,2025-04-19
TXN0008799605,APP002,2025-12-30,settled,238056.36,USD,AMER,CP0228,FX,TDR0022,BOOK_C,2026-01-14
TXN0003305340,APP007,2025-06-22,failed,678275.4,GBP,EMEA,CP0332,OPTION,TDR0055,BOOK_A,2026-02-04
TXN0003676799,APP007,2025-06-19,active,880381.66,USD,APAC,CP0226,OPTION,TDR0074,BOOK_C,2025-09-07
TXN0001467883,APP020,2025-10-02,failed,80520.9,CHF,APAC,CP0178,EQUITY,TDR0003,BOOK_A,2025-01-31
TXN0006301729,APP019,2026-03-27,active,215350.33,EUR,EMEA,CP0099,FUTURE,TDR0093,BOOK_A,2025-07-23
TXN0002503648,APP016,2026-03-12,settled,748663.47,USD,APAC,CP0028,OPTION,TDR0073,BOOK_D,2025-06-28
TXN0003865905,APP015,2025-05-07,reversed,902785.53,AUD,EMEA,CP0248,EQUITY,TDR0008,BOOK_C,2025-09-08
TXN0009164615,APP020,2026-01-18,reversed,884920.38,JPY,LATAM,CP0031,EQUITY,TDR0131,BOOK_B,2025-05-07
TXN0002526479,APP012,2025-10-07,settled,85755.88,GBP,EMEA,CP0448,BOND,TDR0037,BOOK_B,2026-03-15
TXN0005056842,APP013,2025-10-08,failed,112318.33,AUD,APAC,CP0048,BOND,TDR0111,BOOK_B,2026-04-14
TXN0000705787,APP007,2026-03-23,failed,589707.01,GBP,EMEA,CP0283,BOND,TDR0181,BOOK_B,2025-12-25
TXN0008930530,APP006,2025-01-18,reversed,728594.46,EUR,LATAM,CP0303,OPTION,TDR0007,BOOK_D,2025-03-15
TXN0000241817,APP009,2025-07-02,pending,866534.61,JPY,LATAM,CP0205,BOND,TDR0133,BOOK_A,2025-12-29
TXN0007662921,APP009,2025-06-18,reversed,813523.07,CHF,EMEA,CP0485,EQUITY,TDR0059,BOOK_D,2025-05-31
TXN0009064892,APP020,2025-08-12,pending,806399.98,CHF,EMEA,CP0358,EQUITY,TDR0081,BOOK_D,2026-03-06
TXN0007462966,APP008,2025-08-20,settled,864765.26,USD,EMEA,CP0052,FX,TDR0084,BOOK_D,2025-11-29
TXN0001425073,APP013,2025-05-19,reversed,601651.49,EUR,APAC,CP0080,FX,TDR0151,BOOK_D,2025-12-03
TXN0004813528,APP017,2026-02-18,active,797681.93,JPY,LATAM,CP0019,FX,TDR0102,BOOK_A,2026-01-22
TXN0007046654,APP015,2026-02-28,settled,499409.02,AUD,LATAM,CP0192,EQUITY,TDR0157,BOOK_D,2025-11-17
TXN0001329833,APP017,2025-01-27,pending,798083.97,JPY,EMEA,CP0275,FX,TDR0181,BOOK_D,2025-05-08
TXN0003395522,APP013,2025-06-02,active,709479.04,CHF,APAC,CP0375,BOND,TDR0091,BOOK_D,2025-11-26
TXN0005278235,APP013,2025-11-22,reversed,418436.49,JPY,AMER,CP0466,BOND,TDR0077,BOOK_A,2025-12-14
TXN0008695946,APP018,2026-02-24,pending,945918.7,AUD,AMER,CP0399,FUTURE,TDR0014,BOOK_D,2025-05-05
TXN0006285408,APP014,2026-03-10,settled,965997.01,AUD,AMER,CP0429,OPTION,TDR0120,BOOK_B,2026-01-07
TXN0003412090,APP001,2025-10-20,settled,935094.44,EUR,APAC,CP0009,EQUITY,TDR0141,BOOK_B,2025-06-14
TXN0006400984,APP003,2025-08-14,pending,885215.72,EUR,AMER,CP0162,OPTION,TDR0103,BOOK_A,2026-03-19
TXN0003823347,APP020,2025-03-31,settled,119286.34,JPY,AMER,CP0102,EQUITY,TDR0093,BOOK_B,2025-05-20
TXN0003727020,APP013,2025-11-26,pending,142055.52,GBP,APAC,CP0049,FX,TDR0162,BOOK_B,2025-03-24
TXN0000586308,APP013,2025-09-22,pending,586409.32,CHF,APAC,CP0494,FUTURE,TDR0047,BOOK_A,2025-08-25
TXN0004599245,APP017,2025-03-05,settled,100715.75,EUR,EMEA,CP0455,EQUITY,TDR0123,BOOK_C,2025-11-30
TXN0006638152,APP019,2025-03-12,active,699813.35,EUR,LATAM,CP0489,SWAP,TDR0054,BOOK_D,2025-02-18
TXN0009331437,APP012,2025-08-18,failed,833882.48,USD,LATAM,CP0279,FUTURE,TDR0124,BOOK_C,2025-12-17
TXN0008413400,APP014,2025-06-28,active,748341.48,AUD,EMEA,CP0124,FX,TDR0156,BOOK_C,2025-01-21
TXN0008405737,APP005,2025-03-01,pending,794166.03,CHF,AMER,CP0396,EQUITY,TDR0191,BOOK_A,2025-12-28
TXN0005331312,APP003,2026-01-02,settled,737397.31,GBP,APAC,CP0012,SWAP,TDR0083,BOOK_D,2025-06-20
TXN0004945017,APP005,2025-04-24,settled,788625.43,GBP,APAC,CP0089,EQUITY,TDR0148,BOOK_C,2026-01-18
TXN0004157178,APP014,2026-02-16,failed,323954.4,GBP,AMER,CP0268,EQUITY,TDR0084,BOOK_B,2026-04-12
TXN0002494062,APP017,2026-02-24,pending,22280.99,JPY,LATAM,CP0361,SWAP,TDR0190,BOOK_B,2025-08-04
TXN0009565428,APP010,2026-03-13,reversed,368244.6,AUD,LATAM,CP0109,OPTION,TDR0140,BOOK_A,2026-01-26
TXN0008838609,APP006,2025-07-09,active,320981.71,USD,APAC,CP0279,SWAP,TDR0106,BOOK_D,2025-09-26
TXN0008296654,APP008,2025-06-14,pending,622874.61,USD,APAC,CP0358,EQUITY,TDR0022,BOOK_A,2026-02-22
TXN0005415288,APP012,2025-12-16,pending,948629.76,GBP,APAC,CP0127,FUTURE,TDR0076,BOOK_B,2025-09-20
TXN0004506979,APP011,2025-04-17,active,789424.21,AUD,APAC,CP0023,EQUITY,TDR0016,BOOK_D,2025-11-21
TXN0002021214,APP015,2025-11-07,settled,348292.1,USD,LATAM,CP0247,BOND,TDR0155,BOOK_A,2025-02-04
TXN0008854479,APP011,2025-08-14,pending,888680.54,GBP,LATAM,CP0250,BOND,TDR0053,BOOK_B,2025-09-29
TXN0007524802,APP006,2025-01-13,failed,342013.66,USD,LATAM,CP0420,FUTURE,TDR0007,BOOK_D,2025-02-21
TXN0003814300,APP016,2025-10-13,settled,979455.47,USD,APAC,CP0276,FX,TDR0162,BOOK_C,2025-09-26
TXN0001446806,APP015,2025-06-17,active,71096.67,AUD,AMER,CP0335,BOND,TDR0138,BOOK_C,2025-06-10
TXN0000209406,APP012,2026-01-09,failed,957055.47,USD,APAC,CP0234,EQUITY,TDR0081,BOOK_D,2026-02-09
TXN0005505808,APP019,2026-03-18,settled,759628.32,USD,APAC,CP0374,BOND,TDR0148,BOOK_D,2026-03-06
TXN0009046773,APP018,2025-11-11,active,538850.82,JPY,LATAM,CP0235,EQUITY,TDR0065,BOOK_A,2025-07-23
TXN0007707180,APP012,2025-01-18,reversed,630224.91,GBP,EMEA,CP0046,BOND,TDR0092,BOOK_C,2025-11-04
TXN0009664291,APP012,2025-08-23,pending,861152.05,GBP,APAC,CP0201,BOND,TDR0001,BOOK_A,2025-04-26
TXN0004058419,APP016,2025-11-21,failed,238337.17,CHF,LATAM,CP0300,FX,TDR0065,BOOK_C,2026-01-02
TXN0004625904,APP001,2025-01-01,reversed,89424.06,AUD,AMER,CP0445,FUTURE,TDR0006,BOOK_D,2025-12-31
TXN0005255289,APP003,2026-02-16,failed,154770.99,USD,LATAM,CP0350,OPTION,TDR0088,BOOK_B,2025-12-03
TXN0004433829,APP017,2026-01-15,reversed,210301.26,EUR,AMER,CP0138,SWAP,TDR0072,BOOK_C,2025-09-27
TXN0009828123,APP002,2026-01-12,active,599673.49,CHF,APAC,CP0342,EQUITY,TDR0169,BOOK_B,2025-01-07
TXN0000606074,APP004,2025-03-20,failed,193837.35,AUD,AMER,CP0168,FX,TDR0113,BOOK_A,2025-06-28
TXN0000323328,APP004,2025-04-25,pending,144281.32,EUR,AMER,CP0224,SWAP,TDR0017,BOOK_C,2025-05-16
TXN0006474015,APP005,2025-01-13,failed,907788.82,GBP,APAC,CP0037,SWAP,TDR0020,BOOK_A,2026-01-09
TXN0002266232,APP010,2026-01-19,active,320655.13,USD,APAC,CP0234,FUTURE,TDR0026,BOOK_B,2025-04-25
TXN0001544271,APP004,2026-01-05,settled,526566.57,USD,AMER,CP0270,SWAP,TDR0040,BOOK_D,2025-12-10
TXN0002103754,APP009,2025-08-22,pending,113247.75,USD,EMEA,CP0256,FX,TDR0028,BOOK_D,2025-03-13
TXN0001971603,APP006,2025-02-16,active,68210.81,JPY,LATAM,CP0464,SWAP,TDR0181,BOOK_A,2025-12-01
TXN0006752560,APP019,2026-01-08,reversed,342115.9,GBP,AMER,CP0080,EQUITY,TDR0071,BOOK_D,2025-08-27
TXN0002645490,APP001,2026-02-24,active,501677.95,EUR,APAC,CP0354,BOND,TDR0080,BOOK_D,2025-08-16
TXN0007059149,APP016,2026-01-05,active,14684.08,USD,EMEA,CP0170,EQUITY,TDR0163,BOOK_C,2025-03-24
TXN0009923752,APP016,2025-06-21,reversed,845089.58,JPY,EMEA,CP0228,BOND,TDR0100,BOOK_C,2025-03-12
TXN0004056048,APP018,2026-04-06,reversed,208789.39,USD,EMEA,CP0426,SWAP,TDR0190,BOOK_B,2025-10-21
TXN0003506637,APP007,2025-07-20,failed,722607.98,AUD,EMEA,CP0500,FX,TDR0025,BOOK_C,2025-01-24
TXN0005186881,APP019,2025-08-12,settled,471006.35,GBP,EMEA,CP0167,FX,TDR0144,BOOK_C,2025-10-15
TXN0008185278,APP004,2025-08-16,active,45177.92,GBP,EMEA,CP0455,BOND,TDR0078,BOOK_C,2026-03-24
TXN0001070317,APP018,2025-03-07,pending,754594.3,EUR,EMEA,CP0348,BOND,TDR0063,BOOK_C,2025-07-17
TXN0007108419,APP020,2026-01-16,pending,407224.88,JPY,EMEA,CP0265,EQUITY,TDR0087,BOOK_C,2025-11-19
TXN0002813247,APP003,2025-07-05,settled,877797.45,AUD,AMER,CP0156,FX,TDR0081,BOOK_D,2025-06-23
TXN0009960453,APP005,2026-02-19,pending,62740.2,CHF,APAC,CP0311,EQUITY,TDR0091,BOOK_B,2025-01-05
TXN0009385018,APP001,2026-01-15,active,388654.3,GBP,LATAM,CP0189,FUTURE,TDR0156,BOOK_B,2025-06-19
TXN0008098024,APP018,2026-02-05,active,321309.09,JPY,EMEA,CP0222,FX,TDR0045,BOOK_A,2025-06-13
TXN0000328471,APP008,2025-03-28,pending,546186.22,GBP,EMEA,CP0466,BOND,TDR0091,BOOK_C,2025-05-06
TXN0005867841,APP016,2025-10-09,pending,794969.56,JPY,AMER,CP0218,BOND,TDR0064,BOOK_D,2026-02-16
TXN0008211745,APP011,2025-11-29,active,574585.68,GBP,EMEA,CP0186,EQUITY,TDR0025,BOOK_C,2026-01-11
TXN0003739026,APP020,2025-08-02,failed,767390.62,CHF,LATAM,CP0120,BOND,TDR0152,BOOK_A,2025-09-24
TXN0003105469,APP010,2025-04-10,active,142094.46,CHF,AMER,CP0218,FUTURE,TDR0077,BOOK_A,2026-02-06
TXN0005302158,APP015,2025-04-10,failed,112977.06,EUR,APAC,CP0327,SWAP,TDR0159,BOOK_A,2025-12-18
TXN0005905780,APP007,2025-01-15,active,736555.1,EUR,AMER,CP0281,BOND,TDR0080,BOOK_B,2025-08-05
TXN0007820838,APP005,2026-03-21,failed,725650.41,AUD,AMER,CP0047,FX,TDR0178,BOOK_A,2026-01-19
TXN0003303850,APP016,2026-03-06,settled,93332.48,USD,AMER,CP0207,EQUITY,TDR0121,BOOK_C,2025-12-20
TXN0008920099,APP016,2025-04-14,reversed,265639.2,EUR,AMER,CP0073,BOND,TDR0027,BOOK_C,2025-07-08
TXN0005010357,APP001,2025-05-04,failed,991387.36,JPY,AMER,CP0073,FUTURE,TDR0190,BOOK_A,2025-05-11
TXN0005404066,APP003,2025-02-24,failed,34292.29,EUR,APAC,CP0376,FUTURE,TDR0056,BOOK_D,2025-10-15
TXN0007430191,APP018,2026-01-11,pending,294820.26,GBP,APAC,CP0457,OPTION,TDR0065,BOOK_C,2025-05-11
TXN0007531633,APP016,2026-01-14,settled,726214.95,EUR,EMEA,CP0293,SWAP,TDR0053,BOOK_B,2025-10-18
TXN0005529665,APP011,2026-04-01,pending,3238.22,GBP,APAC,CP0487,FX,TDR0107,BOOK_A,2025-12-09
TXN0006253638,APP011,2025-10-06,reversed,863289.03,USD,APAC,CP0330,OPTION,TDR0199,BOOK_A,2026-03-22
TXN0006298836,APP020,2025-01-23,active,275898.17,EUR,LATAM,CP0292,FX,TDR0035,BOOK_B,2025-04-09
TXN0003938615,APP007,2025-08-25,pending,500028.19,JPY,LATAM,CP0043,OPTION,TDR0071,BOOK_D,2025-07-10
TXN0005117877,APP010,2025-09-17,pending,646415.8,JPY,APAC,CP0018,SWAP,TDR0006,BOOK_A,2025-07-19
TXN0006220379,APP003,2025-01-25,active,846531.94,AUD,EMEA,CP0125,OPTION,TDR0021,BOOK_C,2025-05-06
TXN0002148870,APP010,2026-02-18,pending,305500.29,USD,EMEA,CP0393,OPTION,TDR0188,BOOK_D,2026-01-14
TXN0002769388,APP005,2025-06-01,failed,479966.67,USD,AMER,CP0053,FX,TDR0042,BOOK_A,2025-11-21
TXN0003619088,APP013,2025-03-19,failed,306867.88,EUR,APAC,CP0430,SWAP,TDR0128,BOOK_B,2025-08-06
TXN0001415863,APP002,2025-09-05,settled,154719.37,JPY,EMEA,CP0185,OPTION,TDR0085,BOOK_C,2026-01-05
TXN0006160020,APP010,2025-09-07,reversed,500285.24,AUD,AMER,CP0119,SWAP,TDR0062,BOOK_B,2025-09-21
TXN0009068306,APP010,2025-10-13,active,785498.22,AUD,LATAM,CP0234,OPTION,TDR0107,BOOK_B,2026-01-08
TXN0007597380,APP008,2026-02-11,failed,811139.52,JPY,AMER,CP0073,FX,TDR0126,BOOK_B,2026-02-15
TXN0009395286,APP016,2025-11-17,pending,174720.66,USD,LATAM,CP0238,SWAP,TDR0167,BOOK_C,2025-04-26
TXN0008760993,APP008,2025-07-07,failed,451289.12,USD,EMEA,CP0222,SWAP,TDR0083,BOOK_C,2025-10-08
TXN0001084651,APP016,2025-11-03,failed,197519.82,JPY,APAC,CP0013,OPTION,TDR0121,BOOK_A,2025-04-15
TXN0004728481,APP020,2025-02-26,active,21961.95,JPY,LATAM,CP0433,SWAP,TDR0148,BOOK_A,2026-03-17
TXN0005780445,APP013,2025-01-11,active,456060.98,JPY,APAC,CP0116,SWAP,TDR0098,BOOK_C,2025-03-01
TXN0000029995,APP018,2025-07-16,reversed,30082.39,GBP,APAC,CP0157,EQUITY,TDR0058,BOOK_C,2025-02-23
TXN0007344999,APP018,2025-03-24,settled,738732.23,AUD,LATAM,CP0352,OPTION,TDR0012,BOOK_B,2025-04-24
TXN0004803004,APP020,2025-04-04,active,966300.97,JPY,APAC,CP0019,FUTURE,TDR0165,BOOK_D,2026-01-07
TXN0008020880,APP004,2026-01-22,failed,802016.7,EUR,EMEA,CP0262,FX,TDR0096,BOOK_D,2025-01-11
TXN0000592681,APP004,2025-03-02,settled,384339.19,GBP,LATAM,CP0409,OPTION,TDR0119,BOOK_D,2025-01-03
TXN0002343988,APP012,2026-03-13,reversed,767350.0,GBP,LATAM,CP0380,FUTURE,TDR0172,BOOK_A,2025-12-05
TXN0001574437,APP008,2025-08-08,failed,639397.04,GBP,EMEA,CP0293,BOND,TDR0087,BOOK_B,2025-09-10
TXN0004146392,APP017,2025-04-14,pending,414004.91,AUD,EMEA,CP0322,FUTURE,TDR0115,BOOK_A,2025-09-09
TXN0000282338,APP002,2025-10-01,pending,883354.5,CHF,LATAM,CP0293,FUTURE,TDR0085,BOOK_A,2026-01-23
TXN0008640686,APP002,2025-01-12,settled,928774.38,EUR,EMEA,CP0141,BOND,TDR0163,BOOK_A,2025-07-13
TXN0004548807,APP001,2025-12-05,active,87071.02,AUD,EMEA,CP0156,EQUITY,TDR0091,BOOK_A,2025-06-10
TXN0005161644,APP004,2026-02-18,settled,5275.38,EUR,EMEA,CP0264,OPTION,TDR0189,BOOK_A,2025-06-18
TXN0002969083,APP011,2025-01-07,settled,299996.38,GBP,LATAM,CP0132,SWAP,TDR0012,BOOK_C,2025-05-14
TXN0002314793,APP016,2026-02-24,reversed,308628.92,EUR,APAC,CP0317,EQUITY,TDR0175,BOOK_C,2025-08-08
TXN0000666408,APP010,2026-04-12,reversed,805410.93,GBP,EMEA,CP0425,FUTURE,TDR0060,BOOK_C,2026-01-17
TXN0001142755,APP001,2025-11-17,failed,900102.81,EUR,APAC,CP0105,OPTION,TDR0115,BOOK_B,2026-02-01
TXN0001827964,APP006,2025-12-21,settled,732421.58,CHF,AMER,CP0059,BOND,TDR0191,BOOK_D,2025-06-12
TXN0006880459,APP001,2026-01-06,settled,252462.71,EUR,APAC,CP0088,OPTION,TDR0119,BOOK_C,2025-11-18
TXN0000344053,APP004,2025-09-12,settled,750024.9,JPY,APAC,CP0264,BOND,TDR0085,BOOK_C,2025-07-31
TXN0008275235,APP007,2025-12-24,failed,939500.03,AUD,LATAM,CP0229,EQUITY,TDR0084,BOOK_A,2025-06-28
TXN0002670789,APP007,2026-01-14,failed,919583.13,CHF,EMEA,CP0342,EQUITY,TDR0031,BOOK_B,2026-02-01
TXN0002979471,APP001,2025-08-29,reversed,373284.68,JPY,EMEA,CP0064,FUTURE,TDR0006,BOOK_C,2025-04-21
TXN0005641142,APP004,2025-08-02,reversed,83283.53,AUD,EMEA,CP0262,EQUITY,TDR0061,BOOK_B,2025-01-20
TXN0003365714,APP013,2025-02-21,pending,263502.69,USD,LATAM,CP0465,SWAP,TDR0022,BOOK_C,2025-05-31
TXN0008357220,APP015,2026-04-10,pending,416703.54,GBP,EMEA,CP0017,OPTION,TDR0104,BOOK_B,2025-12-31
TXN0002737728,APP004,2025-12-20,active,865228.98,USD,APAC,CP0254,BOND,TDR0030,BOOK_D,2026-01-03
TXN0002381848,APP006,2025-01-03,failed,117324.71,GBP,LATAM,CP0288,BOND,TDR0048,BOOK_D,2025-12-09
TXN0007883765,APP010,2025-11-09,failed,524288.29,EUR,APAC,CP0338,BOND,TDR0041,BOOK_B,2025-01-19
TXN0003897009,APP020,2025-05-01,failed,856390.25,AUD,AMER,CP0078,SWAP,TDR0138,BOOK_D,2026-02-16
TXN0000346507,APP007,2025-01-10,active,308611.7,JPY,LATAM,CP0122,FUTURE,TDR0191,BOOK_A,2026-01-23
TXN0000984122,APP009,2025-08-12,reversed,651977.87,JPY,APAC,CP0347,OPTION,TDR0002,BOOK_D,2026-02-26
TXN0002609735,APP010,2025-09-03,reversed,597421.71,AUD,APAC,CP0375,SWAP,TDR0037,BOOK_C,2025-11-01
TXN0001928609,APP011,2025-10-19,pending,845888.8,CHF,APAC,CP0199,FX,TDR0169,BOOK_B,2025-12-21
TXN0009864502,APP020,2025-11-03,pending,418497.58,USD,APAC,CP0080,SWAP,TDR0152,BOOK_B,2026-02-08
TXN0009292633,APP020,2025-12-09,reversed,872050.96,JPY,AMER,CP0054,BOND,TDR0182,BOOK_B,2026-02-05
TXN0003838483,APP002,2025-10-26,active,76158.75,GBP,AMER,CP0111,BOND,TDR0073,BOOK_B,2025-10-01
TXN0007100627,APP002,2025-12-20,pending,733299.29,CHF,EMEA,CP0116,BOND,TDR0023,BOOK_A,2025-04-03
TXN0001926825,APP018,2025-05-18,active,708947.43,EUR,APAC,CP0366,EQUITY,TDR0170,BOOK_B,2026-01-12
TXN0009457399,APP014,2026-03-22,failed,329863.75,USD,EMEA,CP0079,FUTURE,TDR0200,BOOK_B,2026-02-23
TXN0006038628,APP013,2025-02-10,failed,326903.59,USD,AMER,CP0243,FX,TDR0179,BOOK_D,2025-05-04
TXN0007640457,APP017,2025-05-13,active,670290.72,JPY,AMER,CP0177,BOND,TDR0186,BOOK_A,2025-02-16
TXN0007037901,APP020,2025-11-16,failed,707579.18,JPY,AMER,CP0212,OPTION,TDR0056,BOOK_A,2025-09-04
TXN0009086923,APP015,2025-08-05,pending,365482.13,EUR,AMER,CP0255,FX,TDR0189,BOOK_B,2025-09-24
TXN0004727961,APP008,2025-08-07,failed,926475.8,GBP,AMER,CP0367,SWAP,TDR0164,BOOK_B,2026-01-29
TXN0002023690,APP009,2025-01-19,active,47540.17,CHF,APAC,CP0042,OPTION,TDR0053,BOOK_D,2025-12-03
TXN0006469114,APP020,2025-10-02,pending,513643.28,USD,EMEA,CP0229,BOND,TDR0101,BOOK_A,2025-12-30
TXN0006244459,APP019,2025-09-13,active,779399.76,GBP,AMER,CP0134,FX,TDR0143,BOOK_C,2025-10-16
TXN0008736150,APP016,2025-10-25,reversed,447214.5,EUR,AMER,CP0403,SWAP,TDR0098,BOOK_B,2025-03-06
TXN0000099318,APP008,2025-07-24,pending,327044.75,JPY,EMEA,CP0009,FUTURE,TDR0193,BOOK_C,2025-12-06
TXN0005113012,APP013,2025-04-03,active,7622.94,USD,EMEA,CP0263,SWAP,TDR0081,BOOK_D,2026-01-22
TXN0002768964,APP006,2025-05-18,active,408212.96,AUD,EMEA,CP0243,OPTION,TDR0031,BOOK_B,2025-08-12
TXN0003868091,APP005,2025-12-02,failed,505171.19,CHF,LATAM,CP0484,FUTURE,TDR0142,BOOK_C,2026-02-12
TXN0000079101,APP004,2026-01-17,pending,985987.0,JPY,AMER,CP0500,BOND,TDR0003,BOOK_A,2025-10-12
TXN0002389333,APP002,2025-10-28,settled,645757.99,GBP,LATAM,CP0220,EQUITY,TDR0067,BOOK_B,2025-05-29
TXN0009527699,APP013,2026-02-06,reversed,982496.23,CHF,EMEA,CP0197,FUTURE,TDR0181,BOOK_C,2025-03-21
TXN0009311138,APP018,2025-11-09,active,466705.05,CHF,APAC,CP0379,OPTION,TDR0190,BOOK_D,2025-10-13
TXN0001902193,APP005,2026-02-17,active,628417.44,CHF,LATAM,CP0074,OPTION,TDR0090,BOOK_B,2025-02-15
TXN0005941830,APP018,2025-09-24,pending,441006.0,GBP,EMEA,CP0328,BOND,TDR0051,BOOK_D,2025-04-17
TXN0000352105,APP013,2025-01-13,failed,834756.29,GBP,AMER,CP0116,OPTION,TDR0199,BOOK_A,2026-02-12
TXN0005229011,APP018,2025-01-10,active,865020.81,USD,EMEA,CP0025,OPTION,TDR0090,BOOK_B,2026-04-06
TXN0004908843,APP005,2025-06-18,failed,980332.23,EUR,AMER,CP0479,OPTION,TDR0141,BOOK_B,2025-08-02
TXN0000295044,APP015,2025-04-21,settled,264257.93,JPY,EMEA,CP0025,SWAP,TDR0115,BOOK_B,2025-02-20
TXN0001273717,APP020,2025-05-26,settled,233192.58,USD,EMEA,CP0124,EQUITY,TDR0038,BOOK_B,2025-04-15
TXN0002326739,APP010,2025-07-15,failed,796617.14,GBP,LATAM,CP0116,OPTION,TDR0187,BOOK_A,2026-01-07
TXN0006045240,APP020,2025-07-14,pending,528621.24,JPY,APAC,CP0045,SWAP,TDR0009,BOOK_A,2026-03-26
TXN0000067597,APP003,2025-08-29,reversed,374630.32,JPY,LATAM,CP0158,OPTION,TDR0134,BOOK_D,2025-01-08
TXN0002806061,APP017,2025-03-07,pending,318089.92,CHF,APAC,CP0394,FUTURE,TDR0105,BOOK_A,2025-05-27
TXN0009404846,APP006,2025-12-22,pending,77515.42,GBP,EMEA,CP0470,FUTURE,TDR0196,BOOK_C,2026-04-13
TXN0006741046,APP016,2025-10-13,settled,69267.21,CHF,EMEA,CP0061,BOND,TDR0113,BOOK_D,2025-06-21
TXN0003919520,APP004,2025-01-26,active,657231.06,EUR,APAC,CP0416,FX,TDR0052,BOOK_C,2025-03-10
TXN0009288021,APP009,2026-01-24,active,990277.04,USD,APAC,CP0017,OPTION,TDR0123,BOOK_C,2025-02-14
TXN0003135180,APP005,2025-07-18,settled,702580.59,AUD,AMER,CP0328,SWAP,TDR0196,BOOK_D,2025-12-21
TXN0000132494,APP005,2025-04-17,settled,817762.43,EUR,AMER,CP0212,BOND,TDR0112,BOOK_B,2025-09-17
TXN0001999140,APP010,2025-11-16,pending,846179.67,GBP,APAC,CP0422,SWAP,TDR0155,BOOK_B,2025-09-23
TXN0004950012,APP011,2025-03-11,active,772622.49,AUD,EMEA,CP0437,OPTION,TDR0183,BOOK_B,2025-09-07
TXN0008003948,APP009,2025-02-28,settled,119300.96,JPY,EMEA,CP0318,SWAP,TDR0137,BOOK_C,2025-07-15
TXN0000894429,APP016,2026-02-16,reversed,402534.2,GBP,EMEA,CP0309,FUTURE,TDR0102,BOOK_A,2026-02-10
TXN0004268929,APP020,2025-05-24,reversed,651560.81,USD,APAC,CP0208,BOND,TDR0030,BOOK_D,2025-08-17
TXN0003050297,APP016,2025-03-14,pending,198957.34,JPY,AMER,CP0376,BOND,TDR0156,BOOK_B,2025-05-09
TXN0003639202,APP002,2026-02-07,pending,483276.84,JPY,APAC,CP0029,FX,TDR0039,BOOK_A,2025-06-06
TXN0007177370,APP007,2025-11-09,settled,537878.26,GBP,APAC,CP0489,FX,TDR0039,BOOK_B,2026-01-03
TXN0001825847,APP003,2025-07-02,failed,565665.15,GBP,LATAM,CP0238,BOND,TDR0199,BOOK_B,2025-06-21
TXN0004613193,APP009,2025-10-23,active,384586.1,AUD,LATAM,CP0234,FX,TDR0051,BOOK_C,2025-01-06
TXN0004765048,APP010,2025-06-17,pending,196707.57,USD,AMER,CP0132,FX,TDR0027,BOOK_A,2025-07-29
TXN0003987356,APP003,2025-05-01,reversed,138073.23,JPY,APAC,CP0462,EQUITY,TDR0171,BOOK_D,2025-04-21
TXN0007160250,APP013,2025-01-03,failed,861547.6,JPY,AMER,CP0251,FUTURE,TDR0068,BOOK_B,2025-08-30
TXN0003736068,APP006,2025-09-24,failed,968006.05,CHF,LATAM,CP0227,FX,TDR0098,BOOK_A,2025-12-01
TXN0006270024,APP017,2025-12-19,settled,169771.42,CHF,APAC,CP0067,BOND,TDR0084,BOOK_A,2025-04-17
TXN0008730262,APP007,2025-03-31,failed,906200.33,EUR,APAC,CP0390,FUTURE,TDR0064,BOOK_B,2026-02-03
TXN0002715561,APP012,2025-05-12,pending,923776.92,EUR,APAC,CP0096,SWAP,TDR0016,BOOK_A,2025-04-20
TXN0002832686,APP007,2025-07-15,pending,179645.75,USD,EMEA,CP0440,BOND,TDR0192,BOOK_C,2025-10-11
TXN0001743601,APP005,2025-04-10,active,827032.67,AUD,EMEA,CP0381,SWAP,TDR0182,BOOK_D,2025-02-02
TXN0006564037,APP003,2026-01-07,failed,374845.06,AUD,APAC,CP0408,SWAP,TDR0020,BOOK_A,2025-09-11
TXN0008620517,APP010,2025-07-14,failed,272733.29,JPY,EMEA,CP0412,EQUITY,TDR0019,BOOK_D,2025-12-23
TXN0005059775,APP017,2026-04-06,active,974935.94,AUD,AMER,CP0419,FX,TDR0030,BOOK_A,2025-06-23
TXN0006004009,APP020,2026-04-01,reversed,185772.34,USD,LATAM,CP0083,FX,TDR0010,BOOK_A,2025-04-27
TXN0004454657,APP001,2025-10-26,active,398935.77,AUD,AMER,CP0095,SWAP,TDR0129,BOOK_B,2025-03-08
TXN0003728098,APP014,2025-06-07,failed,815347.96,USD,LATAM,CP0124,FX,TDR0146,BOOK_D,2025-07-03
TXN0001327477,APP002,2025-02-14,failed,119680.42,USD,APAC,CP0134,OPTION,TDR0123,BOOK_C,2026-03-02
TXN0000609494,APP001,2025-05-12,failed,653764.91,EUR,EMEA,CP0189,OPTION,TDR0008,BOOK_D,2025-02-20
TXN0001941100,APP005,2026-01-29,settled,29165.82,GBP,APAC,CP0113,FX,TDR0082,BOOK_A,2025-02-15
TXN0006126931,APP015,2025-06-19,active,153929.87,GBP,EMEA,CP0075,BOND,TDR0178,BOOK_C,2026-01-19
TXN0001660567,APP011,2026-02-08,active,633712.29,JPY,EMEA,CP0180,BOND,TDR0099,BOOK_A,2025-07-05
TXN0006806941,APP013,2025-09-19,active,421786.42,CHF,LATAM,CP0256,BOND,TDR0109,BOOK_C,2026-01-30
TXN0009914011,APP016,2025-01-28,failed,307403.64,AUD,EMEA,CP0431,FUTURE,TDR0082,BOOK_B,2025-08-11
TXN0001795849,APP016,2025-05-22,active,453772.22,JPY,EMEA,CP0340,FUTURE,TDR0136,BOOK_A,2025-03-03
TXN0007686312,APP020,2025-02-18,active,583595.73,AUD,LATAM,CP0351,FUTURE,TDR0138,BOOK_B,2025-01-19
TXN0009956127,APP010,2025-07-29,active,706204.78,GBP,AMER,CP0216,FX,TDR0162,BOOK_D,2026-03-31
TXN0000980706,APP004,2026-01-18,pending,323919.02,USD,EMEA,CP0442,OPTION,TDR0001,BOOK_C,2026-03-20
TXN0009692302,APP006,2025-03-11,active,818537.73,GBP,AMER,CP0169,FUTURE,TDR0006,BOOK_B,2025-11-04
TXN0002043223,APP003,2025-07-18,pending,736547.28,AUD,EMEA,CP0229,FX,TDR0181,BOOK_C,2025-07-31
TXN0009780286,APP018,2025-10-18,reversed,426042.97,USD,AMER,CP0342,FX,TDR0010,BOOK_D,2025-02-05
TXN0003831306,APP020,2025-10-27,failed,408791.51,CHF,EMEA,CP0492,FX,TDR0084,BOOK_B,2026-04-06
TXN0001077417,APP016,2026-01-30,failed,253297.07,AUD,LATAM,CP0067,BOND,TDR0014,BOOK_B,2026-01-26
TXN0005154954,APP008,2025-01-27,failed,865909.03,GBP,LATAM,CP0330,OPTION,TDR0107,BOOK_B,2025-07-29
TXN0006522029,APP019,2025-02-26,settled,690678.3,EUR,EMEA,CP0135,FUTURE,TDR0064,BOOK_D,2025-10-03
TXN0002427113,APP014,2026-02-14,active,539753.85,GBP,APAC,CP0207,FX,TDR0106,BOOK_C,2025-11-30
TXN0003684858,APP009,2026-02-04,settled,385075.27,USD,EMEA,CP0460,FUTURE,TDR0199,BOOK_D,2025-02-20
TXN0004507197,APP014,2025-10-10,settled,581721.65,USD,LATAM,CP0251,SWAP,TDR0173,BOOK_C,2025-02-10
TXN0002339594,APP015,2025-05-06,active,828089.62,JPY,LATAM,CP0381,OPTION,TDR0112,BOOK_C,2025-07-26
TXN0006126301,APP014,2025-03-30,reversed,156012.44,CHF,LATAM,CP0065,FUTURE,TDR0159,BOOK_C,2025-12-25
TXN0002021048,APP005,2026-03-13,reversed,943231.79,AUD,AMER,CP0441,EQUITY,TDR0018,BOOK_B,2025-10-20
TXN0001515251,APP007,2025-05-10,pending,165557.03,AUD,AMER,CP0408,BOND,TDR0033,BOOK_C,2025-05-04
TXN0001406628,APP011,2025-09-08,settled,553039.86,CHF,EMEA,CP0284,OPTION,TDR0074,BOOK_A,2025-08-02
TXN0009737239,APP014,2025-07-12,settled,195569.03,EUR,AMER,CP0210,FUTURE,TDR0087,BOOK_D,2026-01-11
TXN0003048102,APP006,2026-01-09,pending,253890.49,CHF,EMEA,CP0424,BOND,TDR0068,BOOK_B,2025-11-11
TXN0002256625,APP008,2025-07-28,failed,331464.17,GBP,APAC,CP0206,FUTURE,TDR0052,BOOK_B,2025-09-07
TXN0007815346,APP014,2025-04-30,reversed,683566.64,JPY,EMEA,CP0184,SWAP,TDR0014,BOOK_B,2025-11-28
TXN0001147244,APP013,2025-09-21,active,243445.73,CHF,LATAM,CP0300,OPTION,TDR0196,BOOK_A,2025-01-03
TXN0007890161,APP004,2025-07-30,settled,243987.98,JPY,EMEA,CP0013,SWAP,TDR0043,BOOK_B,2026-03-12
TXN0000881540,APP008,2025-06-26,failed,110535.2,AUD,EMEA,CP0313,SWAP,TDR0095,BOOK_A,2025-09-22
TXN0001441594,APP016,2026-02-01,pending,729234.84,CHF,EMEA,CP0483,OPTION,TDR0011,BOOK_C,2026-03-18
TXN0006732148,APP001,2025-04-06,pending,36833.63,GBP,APAC,CP0013,FUTURE,TDR0070,BOOK_A,2026-04-03
TXN0008212864,APP005,2025-05-25,settled,647364.84,USD,LATAM,CP0292,OPTION,TDR0001,BOOK_A,2026-01-10
TXN0003645031,APP003,2025-10-20,settled,95432.1,EUR,AMER,CP0435,FUTURE,TDR0122,BOOK_B,2026-03-11
TXN0008675997,APP011,2025-09-15,failed,288801.13,EUR,EMEA,CP0376,FX,TDR0009,BOOK_D,2026-02-19
TXN0003976260,APP014,2025-06-12,pending,363747.59,CHF,APAC,CP0276,FUTURE,TDR0032,BOOK_C,2025-01-09
TXN0005074905,APP012,2025-07-06,active,540761.82,AUD,EMEA,CP0110,SWAP,TDR0120,BOOK_B,2025-02-16
TXN0005772996,APP003,2026-03-20,pending,397331.78,EUR,APAC,CP0273,EQUITY,TDR0006,BOOK_C,2025-08-22
TXN0002935545,APP013,2026-03-21,pending,426416.69,GBP,APAC,CP0343,FUTURE,TDR0102,BOOK_B,2025-01-02
TXN0002760676,APP002,2026-02-10,failed,317924.12,USD,LATAM,CP0128,FUTURE,TDR0027,BOOK_A,2025-01-15
TXN0001421588,APP020,2026-03-06,active,957846.18,USD,APAC,CP0249,FUTURE,TDR0140,BOOK_A,2025-11-03
TXN0002687060,APP016,2025-11-09,active,720118.01,AUD,APAC,CP0339,FX,TDR0091,BOOK_B,2025-09-29
TXN0001085843,APP006,2025-02-02,reversed,273469.64,EUR,LATAM,CP0098,BOND,TDR0169,BOOK_D,2025-01-24
TXN0001856505,APP001,2025-03-16,reversed,478800.84,EUR,APAC,CP0471,EQUITY,TDR0096,BOOK_A,2025-02-03
TXN0000076786,APP012,2025-11-26,settled,487490.85,EUR,EMEA,CP0041,OPTION,TDR0070,BOOK_C,2026-02-07
TXN0004656996,APP016,2026-01-12,settled,55495.55,USD,AMER,CP0146,FX,TDR0196,BOOK_A,2025-08-31
TXN0002998193,APP019,2025-10-22,active,132215.37,CHF,APAC,CP0161,FUTURE,TDR0123,BOOK_A,2025-11-05
TXN0006996296,APP010,2025-09-13,settled,897093.19,GBP,LATAM,CP0141,BOND,TDR0186,BOOK_D,2026-02-07
TXN0002468124,APP002,2025-12-24,failed,228920.79,USD,APAC,CP0320,EQUITY,TDR0068,BOOK_A,2026-03-23
TXN0009510547,APP005,2025-08-15,active,402820.06,EUR,AMER,CP0065,SWAP,TDR0052,BOOK_D,2025-01-16
TXN0003846095,APP017,2026-01-29,failed,174196.84,USD,LATAM,CP0189,FUTURE,TDR0036,BOOK_C,2026-01-19
TXN0008794664,APP016,2025-12-30,pending,374769.67,USD,EMEA,CP0149,BOND,TDR0113,BOOK_D,2025-08-25
TXN0008916852,APP018,2025-10-09,reversed,19273.12,USD,LATAM,CP0159,EQUITY,TDR0054,BOOK_A,2025-01-13
TXN0005000528,APP019,2025-03-07,failed,79778.32,EUR,EMEA,CP0094,FX,TDR0193,BOOK_C,2025-03-11
TXN0009312220,APP020,2025-11-24,failed,278426.41,EUR,APAC,CP0281,EQUITY,TDR0181,BOOK_D,2025-11-08
TXN0006021626,APP017,2025-07-21,pending,370087.4,EUR,EMEA,CP0188,BOND,TDR0157,BOOK_B,2025-06-14
TXN0002315134,APP012,2025-10-12,settled,894434.89,EUR,LATAM,CP0052,FX,TDR0150,BOOK_C,2025-12-08
TXN0009700726,APP012,2025-07-20,active,113804.55,USD,EMEA,CP0272,FUTURE,TDR0128,BOOK_D,2025-07-13
TXN0000924619,APP014,2025-07-10,pending,814401.67,AUD,EMEA,CP0187,FX,TDR0118,BOOK_D,2025-02-11
TXN0002963614,APP001,2025-04-20,pending,717649.05,AUD,EMEA,CP0095,OPTION,TDR0196,BOOK_D,2025-08-09
TXN0004735379,APP007,2026-03-18,reversed,412664.77,CHF,APAC,CP0404,FUTURE,TDR0198,BOOK_A,2025-07-06
TXN0006440781,APP009,2026-04-10,settled,676908.85,JPY,AMER,CP0383,FUTURE,TDR0128,BOOK_D,2025-02-09
TXN0008158518,APP005,2025-07-27,reversed,289876.66,JPY,EMEA,CP0391,BOND,TDR0167,BOOK_A,2025-12-04
TXN0005905541,APP010,2025-11-11,settled,94792.61,JPY,APAC,CP0424,FX,TDR0014,BOOK_B,2025-02-04
TXN0009722106,APP003,2025-05-08,settled,898096.27,AUD,LATAM,CP0480,OPTION,TDR0058,BOOK_D,2025-04-11
TXN0002714712,APP011,2025-10-03,failed,101144.29,JPY,AMER,CP0441,SWAP,TDR0062,BOOK_A,2025-12-31
TXN0006876733,APP017,2025-05-06,settled,95335.12,EUR,LATAM,CP0474,FUTURE,TDR0038,BOOK_A,2026-04-06
TXN0009860271,APP011,2025-11-26,pending,699183.46,AUD,EMEA,CP0341,SWAP,TDR0155,BOOK_B,2025-02-16
TXN0000253508,APP002,2025-03-08,failed,49630.63,JPY,APAC,CP0499,BOND,TDR0084,BOOK_B,2026-03-07
TXN0000148260,APP007,2026-01-18,pending,751693.64,CHF,APAC,CP0002,SWAP,TDR0159,BOOK_B,2025-06-14
TXN0000457063,APP006,2025-12-20,pending,626069.18,USD,APAC,CP0008,OPTION,TDR0163,BOOK_A,2026-03-12
TXN0002098120,APP020,2026-03-28,active,606226.73,GBP,APAC,CP0116,EQUITY,TDR0071,BOOK_D,2025-04-14
TXN0000954248,APP012,2026-03-21,failed,750937.44,AUD,APAC,CP0348,BOND,TDR0031,BOOK_B,2025-05-12
TXN0007836528,APP016,2025-05-30,pending,678364.26,JPY,LATAM,CP0296,FX,TDR0175,BOOK_D,2025-04-20
TXN0001079005,APP019,2026-03-14,pending,481638.69,AUD,EMEA,CP0008,FUTURE,TDR0133,BOOK_C,2025-12-07
TXN0006515290,APP007,2025-11-16,settled,766327.18,GBP,AMER,CP0140,FUTURE,TDR0187,BOOK_C,2025-01-03
TXN0008040556,APP008,2025-12-15,reversed,219884.1,JPY,LATAM,CP0280,EQUITY,TDR0147,BOOK_D,2026-04-02
TXN0004763935,APP006,2025-04-14,active,833416.87,JPY,APAC,CP0185,OPTION,TDR0037,BOOK_B,2025-12-14
TXN0009293025,APP002,2025-10-25,settled,75234.22,GBP,AMER,CP0185,OPTION,TDR0110,BOOK_D,2025-09-06
TXN0002749123,APP018,2026-04-13,failed,239273.46,AUD,AMER,CP0102,BOND,TDR0062,BOOK_C,2025-11-22
TXN0005364033,APP003,2025-06-09,pending,751795.27,USD,AMER,CP0023,EQUITY,TDR0039,BOOK_D,2025-12-08
TXN0004570995,APP002,2025-03-14,failed,679017.6,CHF,AMER,CP0160,EQUITY,TDR0014,BOOK_A,2025-12-12
TXN0004661703,APP005,2025-06-28,active,848336.34,EUR,AMER,CP0374,OPTION,TDR0194,BOOK_C,2025-09-19
TXN0002401241,APP004,2026-01-20,reversed,772699.55,GBP,APAC,CP0191,EQUITY,TDR0140,BOOK_D,2025-01-20
TXN0008049264,APP016,2025-03-09,pending,576193.17,AUD,LATAM,CP0122,SWAP,TDR0104,BOOK_C,2026-01-05
TXN0007281917,APP010,2025-12-10,pending,575162.94,JPY,APAC,CP0123,SWAP,TDR0023,BOOK_B,2025-11-24
TXN0009717797,APP012,2025-07-02,reversed,631100.42,CHF,LATAM,CP0324,EQUITY,TDR0129,BOOK_A,2025-06-02
TXN0006355944,APP016,2026-01-06,reversed,10149.97,JPY,LATAM,CP0216,FX,TDR0108,BOOK_C,2025-04-12
TXN0001970168,APP013,2025-04-30,settled,265560.83,GBP,EMEA,CP0139,SWAP,TDR0131,BOOK_C,2025-09-30
TXN0009160083,APP007,2025-01-25,reversed,916917.4,CHF,EMEA,CP0398,BOND,TDR0173,BOOK_C,2026-01-13
TXN0003819086,APP011,2025-04-17,active,667240.95,EUR,LATAM,CP0177,SWAP,TDR0157,BOOK_A,2026-03-10
TXN0002340844,APP002,2025-06-09,failed,562597.85,JPY,APAC,CP0066,EQUITY,TDR0098,BOOK_D,2025-05-31
TXN0000628628,APP007,2025-05-03,active,627605.28,CHF,AMER,CP0294,BOND,TDR0040,BOOK_B,2025-04-27
TXN0009192016,APP001,2026-03-06,pending,947986.32,AUD,EMEA,CP0298,OPTION,TDR0157,BOOK_A,2025-06-06
TXN0000557699,APP003,2025-03-10,failed,552560.63,EUR,AMER,CP0096,BOND,TDR0126,BOOK_D,2025-01-21
TXN0007117067,APP003,2026-01-17,settled,670264.88,USD,EMEA,CP0469,OPTION,TDR0179,BOOK_A,2026-01-21
TXN0008466822,APP001,2025-06-03,settled,43484.23,USD,APAC,CP0392,FX,TDR0022,BOOK_B,2026-03-11
TXN0009623882,APP016,2025-04-06,failed,337349.91,CHF,EMEA,CP0365,SWAP,TDR0061,BOOK_D,2026-03-24
TXN0002043160,APP008,2026-02-10,failed,792854.71,EUR,APAC,CP0051,EQUITY,TDR0066,BOOK_D,2025-08-11
TXN0007749646,APP009,2026-01-19,failed,889387.76,CHF,APAC,CP0391,EQUITY,TDR0016,BOOK_B,2025-02-25
TXN0005077728,APP001,2025-05-31,failed,767391.24,AUD,LATAM,CP0184,EQUITY,TDR0022,BOOK_D,2025-01-14
TXN0000113111,APP006,2025-09-10,failed,67198.67,JPY,APAC,CP0321,SWAP,TDR0007,BOOK_D,2025-08-23
TXN0008426142,APP003,2025-06-26,failed,491648.61,CHF,APAC,CP0346,FUTURE,TDR0184,BOOK_B,2025-08-18
TXN0007856339,APP008,2025-03-02,failed,860645.52,AUD,APAC,CP0358,SWAP,TDR0160,BOOK_A,2025-08-17
TXN0004745719,APP017,2026-01-25,active,319384.57,AUD,LATAM,CP0009,FX,TDR0065,BOOK_B,2026-01-08
TXN0003978891,APP014,2026-01-17,pending,263390.18,JPY,APAC,CP0135,BOND,TDR0130,BOOK_D,2025-09-29
TXN0001340330,APP008,2025-10-23,reversed,121190.18,USD,AMER,CP0232,FX,TDR0118,BOOK_C,2025-12-05
TXN0001165356,APP013,2025-02-25,pending,231886.05,EUR,LATAM,CP0306,BOND,TDR0175,BOOK_A,2025-05-07
TXN0000211356,APP015,2026-01-30,pending,414788.64,GBP,LATAM,CP0406,FUTURE,TDR0079,BOOK_C,2025-03-01
TXN0004631025,APP005,2026-01-21,settled,484500.3,EUR,LATAM,CP0430,OPTION,TDR0033,BOOK_D,2026-01-05
TXN0006960833,APP010,2026-04-06,settled,42732.97,GBP,AMER,CP0332,EQUITY,TDR0028,BOOK_A,2025-06-11
TXN0004678221,APP003,2025-10-16,failed,691236.31,GBP,EMEA,CP0022,FX,TDR0046,BOOK_B,2025-12-19
TXN0006094909,APP020,2025-11-19,active,560779.25,JPY,LATAM,CP0420,BOND,TDR0141,BOOK_A,2025-06-26
TXN0009473290,APP001,2025-04-08,pending,310222.44,USD,EMEA,CP0229,SWAP,TDR0105,BOOK_C,2025-06-14
TXN0002693861,APP013,2026-02-19,reversed,965102.34,CHF,LATAM,CP0127,OPTION,TDR0018,BOOK_D,2025-02-13
TXN0007040325,APP014,2025-11-14,active,156109.05,JPY,AMER,CP0457,EQUITY,TDR0177,BOOK_C,2025-12-29
TXN0008761423,APP004,2025-02-05,pending,69807.44,JPY,AMER,CP0330,FUTURE,TDR0060,BOOK_B,2025-06-21
TXN0001828585,APP019,2026-03-30,pending,400625.15,EUR,APAC,CP0019,SWAP,TDR0182,BOOK_A,2026-01-22
TXN0000754979,APP016,2025-08-18,settled,300.13,EUR,EMEA,CP0224,BOND,TDR0190,BOOK_B,2025-12-02
TXN0007796013,APP014,2025-02-03,reversed,608741.15,CHF,AMER,CP0349,FUTURE,TDR0147,BOOK_D,2025-08-14
TXN0002503811,APP001,2026-03-15,settled,333435.57,AUD,EMEA,CP0369,FX,TDR0180,BOOK_D,2025-04-26
TXN0001335923,APP020,2025-12-04,reversed,572521.97,EUR,LATAM,CP0413,SWAP,TDR0130,BOOK_B,2025-10-08
TXN0006351163,APP020,2025-12-22,settled,692904.0,CHF,APAC,CP0012,SWAP,TDR0098,BOOK_A,2025-01-31
TXN0009792542,APP013,2026-03-10,pending,324640.84,JPY,AMER,CP0498,EQUITY,TDR0197,BOOK_B,2025-01-03
TXN0000473854,APP003,2025-07-02,reversed,944134.02,EUR,EMEA,CP0043,FX,TDR0133,BOOK_B,2026-04-01
TXN0008738142,APP013,2026-02-19,reversed,680378.2,EUR,LATAM,CP0358,FUTURE,TDR0114,BOOK_D,2025-04-20
TXN0007688371,APP016,2025-05-28,active,179490.62,AUD,AMER,CP0231,EQUITY,TDR0109,BOOK_D,2025-08-30
TXN0003770232,APP003,2025-04-04,active,252871.45,CHF,EMEA,CP0355,SWAP,TDR0080,BOOK_A,2025-11-04
TXN0000937861,APP003,2025-02-02,reversed,699412.19,JPY,LATAM,CP0323,FUTURE,TDR0170,BOOK_B,2026-03-17
TXN0002282966,APP007,2026-03-02,reversed,191769.43,JPY,EMEA,CP0360,FUTURE,TDR0098,BOOK_C,2026-02-23
TXN0003864556,APP008,2026-01-03,active,639419.34,CHF,EMEA,CP0131,FUTURE,TDR0194,BOOK_C,2026-02-19
TXN0008624447,APP008,2025-06-27,pending,763609.65,EUR,APAC,CP0180,FUTURE,TDR0026,BOOK_D,2025-05-30
TXN0008039800,APP005,2025-09-18,settled,681733.18,GBP,EMEA,CP0474,BOND,TDR0015,BOOK_D,2026-02-14
TXN0000309328,APP018,2026-02-10,reversed,438935.49,AUD,APAC,CP0048,BOND,TDR0021,BOOK_D,2025-05-16
TXN0004559837,APP008,2025-09-01,pending,720397.14,CHF,EMEA,CP0176,BOND,TDR0146,BOOK_A,2025-04-01
TXN0004119096,APP005,2025-11-09,reversed,733531.43,AUD,EMEA,CP0266,FX,TDR0178,BOOK_A,2025-08-13
TXN0009162839,APP017,2025-03-16,failed,266858.31,JPY,EMEA,CP0428,EQUITY,TDR0165,BOOK_B,2026-02-16
TXN0000767991,APP014,2025-05-20,settled,998534.8,EUR,LATAM,CP0059,OPTION,TDR0180,BOOK_C,2025-03-21
TXN0006537699,APP015,2025-06-28,settled,784160.12,JPY,AMER,CP0433,EQUITY,TDR0013,BOOK_D,2025-06-25
TXN0001132144,APP007,2025-03-12,reversed,90001.19,AUD,APAC,CP0044,OPTION,TDR0039,BOOK_B,2025-06-18
TXN0000611602,APP002,2025-05-28,settled,301674.59,CHF,AMER,CP0343,SWAP,TDR0181,BOOK_C,2025-01-13
TXN0002877515,APP015,2025-09-07,active,925534.13,AUD,AMER,CP0433,OPTION,TDR0131,BOOK_B,2025-08-17
TXN0006513448,APP020,2025-06-24,reversed,304189.82,JPY,APAC,CP0315,EQUITY,TDR0017,BOOK_A,2025-09-25
TXN0006079936,APP007,2025-12-13,active,44932.0,CHF,AMER,CP0230,SWAP,TDR0079,BOOK_D,2025-02-26
TXN0004104694,APP005,2025-05-29,reversed,52512.19,USD,LATAM,CP0493,OPTION,TDR0136,BOOK_D,2025-09-25
TXN0006972028,APP008,2025-02-28,settled,75266.41,AUD,APAC,CP0202,FUTURE,TDR0060,BOOK_D,2025-01-18
TXN0006912898,APP006,2026-03-09,reversed,407327.01,AUD,AMER,CP0207,FUTURE,TDR0009,BOOK_D,2025-11-11
TXN0003391358,APP001,2025-08-05,reversed,571767.66,AUD,LATAM,CP0034,SWAP,TDR0129,BOOK_B,2026-01-19
TXN0006222132,APP016,2025-07-18,failed,855619.09,EUR,APAC,CP0357,EQUITY,TDR0055,BOOK_C,2025-03-21
TXN0002085887,APP015,2026-02-12,pending,884496.59,AUD,LATAM,CP0247,OPTION,TDR0120,BOOK_C,2025-01-11
TXN0002865041,APP013,2026-03-01,active,532288.47,GBP,APAC,CP0015,FUTURE,TDR0172,BOOK_A,2025-04-22
TXN0000278027,APP011,2025-10-29,settled,938915.16,USD,APAC,CP0341,FUTURE,TDR0044,BOOK_A,2026-02-16
TXN0009208354,APP008,2025-10-17,settled,310059.09,JPY,AMER,CP0395,OPTION,TDR0141,BOOK_B,2025-05-02
TXN0009713868,APP018,2025-08-22,pending,236745.78,JPY,APAC,CP0164,OPTION,TDR0143,BOOK_A,2025-06-06
TXN0009496211,APP007,2025-08-13,pending,468941.73,JPY,AMER,CP0039,BOND,TDR0195,BOOK_D,2025-03-14
TXN0002914131,APP019,2025-11-15,pending,300766.07,GBP,AMER,CP0013,EQUITY,TDR0089,BOOK_C,2025-12-12
TXN0000240458,APP017,2026-02-06,failed,520226.65,USD,APAC,CP0499,BOND,TDR0158,BOOK_B,2025-11-15
TXN0005982943,APP007,2025-05-18,settled,917794.68,CHF,AMER,CP0482,OPTION,TDR0138,BOOK_B,2026-01-27
TXN0008700337,APP010,2025-10-12,reversed,316516.42,JPY,LATAM,CP0493,FUTURE,TDR0099,BOOK_C,2026-01-10
TXN0002363013,APP020,2026-02-17,failed,136840.38,EUR,EMEA,CP0479,OPTION,TDR0169,BOOK_B,2026-03-03
TXN0001489298,APP014,2026-04-13,settled,494150.75,GBP,AMER,CP0116,OPTION,TDR0191,BOOK_C,2025-12-21
TXN0008609209,APP009,2025-11-14,active,512621.47,USD,AMER,CP0409,FX,TDR0027,BOOK_C,2026-02-07
TXN0007788747,APP014,2025-12-08,reversed,380569.51,AUD,EMEA,CP0162,OPTION,TDR0035,BOOK_D,2025-02-17
TXN0003345114,APP004,2025-04-04,reversed,374055.58,USD,LATAM,CP0230,EQUITY,TDR0054,BOOK_A,2026-01-10
TXN0000354466,APP015,2025-06-09,settled,428504.32,EUR,LATAM,CP0082,SWAP,TDR0146,BOOK_A,2025-10-16
TXN0000296678,APP010,2025-04-29,active,945738.13,EUR,AMER,CP0379,FX,TDR0108,BOOK_D,2026-03-22
TXN0008576701,APP006,2025-07-05,settled,794245.89,EUR,APAC,CP0382,SWAP,TDR0129,BOOK_C,2025-03-19
TXN0004989723,APP003,2026-01-09,reversed,813454.38,AUD,AMER,CP0452,FUTURE,TDR0021,BOOK_C,2025-01-26
TXN0008831562,APP002,2025-07-28,reversed,182259.11,AUD,APAC,CP0459,EQUITY,TDR0031,BOOK_D,2025-07-30
TXN0000479783,APP001,2025-10-19,active,302933.97,JPY,AMER,CP0364,FUTURE,TDR0033,BOOK_C,2025-02-22
TXN0005534193,APP012,2026-03-06,failed,584035.74,CHF,AMER,CP0072,SWAP,TDR0079,BOOK_C,2026-01-09
TXN0007538194,APP020,2025-04-29,settled,47515.95,USD,EMEA,CP0111,FUTURE,TDR0137,BOOK_B,2025-09-14
TXN0003331113,APP014,2026-01-16,settled,701707.98,GBP,EMEA,CP0176,BOND,TDR0090,BOOK_D,2026-02-25
TXN0006812436,APP017,2026-02-02,reversed,18433.19,GBP,LATAM,CP0148,OPTION,TDR0046,BOOK_D,2025-05-20
TXN0004551137,APP012,2025-10-29,settled,809273.27,JPY,EMEA,CP0145,FX,TDR0001,BOOK_B,2025-09-21
TXN0004250317,APP020,2025-12-28,failed,862240.31,GBP,APAC,CP0321,FUTURE,TDR0018,BOOK_A,2025-06-22
TXN0001770862,APP002,2025-04-19,pending,80521.92,AUD,AMER,CP0126,SWAP,TDR0138,BOOK_D,2026-03-11
TXN0000427177,APP004,2025-05-10,settled,349032.23,CHF,LATAM,CP0283,EQUITY,TDR0158,BOOK_D,2025-11-30
TXN0000462649,APP016,2025-07-18,failed,94591.1,GBP,LATAM,CP0397,FUTURE,TDR0159,BOOK_B,2025-02-27
TXN0006182353,APP009,2025-06-30,failed,14387.5,AUD,LATAM,CP0477,FX,TDR0077,BOOK_C,2026-03-12
TXN0008607445,APP002,2025-10-19,failed,408774.14,AUD,AMER,CP0255,BOND,TDR0022,BOOK_B,2025-08-13
TXN0003085682,APP006,2025-02-13,settled,58447.37,EUR,EMEA,CP0012,SWAP,TDR0109,BOOK_A,2025-11-03
TXN0007693834,APP014,2025-06-13,active,436391.84,GBP,AMER,CP0312,SWAP,TDR0072,BOOK_B,2025-06-09
TXN0006362983,APP001,2025-09-14,pending,227050.07,AUD,EMEA,CP0339,EQUITY,TDR0027,BOOK_B,2025-01-07
TXN0003060479,APP018,2025-12-08,active,951768.2,EUR,LATAM,CP0431,OPTION,TDR0018,BOOK_B,2025-04-15
TXN0009422496,APP012,2025-11-22,settled,393455.02,CHF,EMEA,CP0049,FX,TDR0066,BOOK_A,2025-01-22
TXN0005989711,APP005,2025-11-22,settled,152603.03,EUR,AMER,CP0443,FX,TDR0025,BOOK_C,2025-04-25
TXN0001710321,APP005,2025-02-26,failed,236390.14,AUD,APAC,CP0145,OPTION,TDR0109,BOOK_C,2025-01-07
TXN0006396778,APP015,2025-09-01,reversed,437774.0,GBP,AMER,CP0124,EQUITY,TDR0053,BOOK_C,2025-03-10
TXN0008900756,APP007,2025-05-21,failed,603828.28,JPY,APAC,CP0011,FX,TDR0083,BOOK_B,2026-01-14
TXN0003815986,APP004,2025-05-11,reversed,717545.21,JPY,APAC,CP0350,SWAP,TDR0093,BOOK_B,2025-04-26
TXN0003474807,APP018,2025-05-07,reversed,846437.8,GBP,LATAM,CP0165,SWAP,TDR0171,BOOK_B,2025-12-06
TXN0006115443,APP010,2026-01-07,failed,832553.23,USD,LATAM,CP0478,OPTION,TDR0073,BOOK_D,2025-03-11
TXN0001407839,APP002,2025-12-31,reversed,256098.75,AUD,LATAM,CP0010,OPTION,TDR0027,BOOK_A,2025-12-19
TXN0009105913,APP001,2025-06-09,failed,504560.49,AUD,LATAM,CP0475,FUTURE,TDR0053,BOOK_C,2025-10-31
TXN0005390823,APP013,2025-05-13,failed,891622.31,EUR,APAC,CP0008,FX,TDR0071,BOOK_C,2025-11-28
TXN0002216955,APP014,2025-05-04,active,219936.57,GBP,AMER,CP0012,OPTION,TDR0163,BOOK_B,2025-12-12
TXN0006185442,APP019,2025-07-23,active,333836.99,USD,LATAM,CP0365,FX,TDR0142,BOOK_D,2025-01-18
TXN0008800378,APP019,2025-12-26,failed,402307.79,AUD,APAC,CP0357,BOND,TDR0095,BOOK_B,2025-10-13
TXN0006505796,APP008,2025-11-03,reversed,458569.49,EUR,LATAM,CP0119,EQUITY,TDR0090,BOOK_D,2025-04-20
TXN0005535839,APP016,2025-03-21,settled,581920.01,USD,LATAM,CP0285,FX,TDR0184,BOOK_B,2025-01-13
TXN0002206570,APP003,2026-02-17,failed,631596.98,CHF,AMER,CP0499,FUTURE,TDR0081,BOOK_A,2025-10-13
TXN0005114980,APP014,2026-03-10,failed,103923.73,GBP,EMEA,CP0338,FX,TDR0178,BOOK_D,2025-03-31
TXN0009342777,APP004,2025-07-08,failed,880415.25,GBP,EMEA,CP0282,BOND,TDR0010,BOOK_B,2026-04-14
TXN0007686033,APP002,2025-03-15,failed,520397.59,JPY,APAC,CP0123,SWAP,TDR0139,BOOK_B,2025-12-12
TXN0000700985,APP010,2025-09-23,failed,113090.91,CHF,AMER,CP0339,BOND,TDR0121,BOOK_B,2026-02-22
TXN0007666966,APP014,2025-03-30,failed,350243.26,EUR,APAC,CP0418,SWAP,TDR0174,BOOK_A,2025-09-03
TXN0009059378,APP003,2026-02-18,active,817850.06,GBP,APAC,CP0079,SWAP,TDR0060,BOOK_C,2025-08-26
TXN0000632139,APP018,2025-02-08,active,562990.42,GBP,EMEA,CP0270,OPTION,TDR0150,BOOK_C,2025-07-15
TXN0008399221,APP019,2025-09-10,reversed,400429.25,USD,AMER,CP0479,OPTION,TDR0144,BOOK_C,2025-03-05
TXN0005783942,APP013,2025-05-15,pending,155020.58,CHF,APAC,CP0436,BOND,TDR0192,BOOK_D,2026-03-05
TXN0007617703,APP014,2025-05-14,reversed,629997.35,EUR,EMEA,CP0464,FUTURE,TDR0047,BOOK_A,2025-09-19
TXN0008521868,APP007,2025-08-14,failed,382374.78,JPY,EMEA,CP0116,BOND,TDR0010,BOOK_D,2025-05-20
TXN0006147100,APP003,2025-11-05,reversed,313998.25,AUD,APAC,CP0127,FX,TDR0038,BOOK_A,2026-04-05
TXN0005845637,APP004,2025-04-05,failed,588223.15,AUD,LATAM,CP0415,FUTURE,TDR0096,BOOK_B,2026-04-04
TXN0000392923,APP002,2025-02-26,active,455450.04,USD,LATAM,CP0002,BOND,TDR0017,BOOK_D,2026-03-03
TXN0000435490,APP012,2025-11-22,pending,236984.85,JPY,AMER,CP0255,OPTION,TDR0200,BOOK_D,2025-08-10
TXN0002261251,APP002,2025-06-18,active,211621.15,AUD,LATAM,CP0323,OPTION,TDR0197,BOOK_B,2025-10-22
TXN0007531288,APP009,2025-02-02,reversed,413306.82,CHF,AMER,CP0265,BOND,TDR0019,BOOK_B,2025-09-27
TXN0000192447,APP020,2026-03-21,pending,259957.01,JPY,AMER,CP0494,BOND,TDR0128,BOOK_B,2025-10-16
TXN0001802802,APP003,2025-06-26,active,835538.7,GBP,APAC,CP0359,FX,TDR0105,BOOK_C,2025-11-05
TXN0007993349,APP019,2025-07-17,settled,725421.69,GBP,LATAM,CP0182,OPTION,TDR0075,BOOK_D,2025-04-18
TXN0006571745,APP006,2026-01-17,settled,96201.41,JPY,APAC,CP0316,EQUITY,TDR0021,BOOK_C,2025-10-12
TXN0008892036,APP017,2025-12-06,pending,704975.37,AUD,APAC,CP0360,OPTION,TDR0109,BOOK_C,2025-11-21
TXN0006914091,APP017,2025-06-29,failed,320261.76,JPY,APAC,CP0088,OPTION,TDR0198,BOOK_A,2025-08-08
TXN0007880221,APP008,2025-08-23,settled,933017.16,CHF,AMER,CP0102,SWAP,TDR0140,BOOK_B,2025-01-21
TXN0004988720,APP003,2025-09-28,reversed,685508.9,AUD,LATAM,CP0139,FUTURE,TDR0044,BOOK_D,2025-04-04
TXN0000473312,APP020,2025-08-02,active,933376.68,GBP,EMEA,CP0455,FUTURE,TDR0011,BOOK_B,2025-09-01
TXN0004590053,APP014,2025-01-12,failed,237417.74,USD,EMEA,CP0292,EQUITY,TDR0073,BOOK_A,2026-03-04
TXN0002686987,APP020,2026-04-07,pending,411447.08,CHF,LATAM,CP0087,SWAP,TDR0050,BOOK_A,2025-06-07
TXN0006228038,APP010,2026-01-14,active,142529.02,CHF,LATAM,CP0121,FX,TDR0045,BOOK_D,2026-01-18
TXN0008588795,APP008,2026-01-25,failed,499116.1,EUR,LATAM,CP0078,FUTURE,TDR0101,BOOK_A,2025-11-30
TXN0008903348,APP008,2025-08-10,failed,258122.05,JPY,LATAM,CP0237,SWAP,TDR0124,BOOK_D,2026-03-30
TXN0001593160,APP009,2025-04-25,failed,292627.11,AUD,AMER,CP0423,EQUITY,TDR0160,BOOK_B,2025-10-19
TXN0009928339,APP019,2025-08-10,reversed,180937.91,EUR,LATAM,CP0354,BOND,TDR0112,BOOK_C,2025-05-21
TXN0009747705,APP012,2025-03-29,failed,463708.74,USD,AMER,CP0458,FX,TDR0121,BOOK_A,2026-04-04
TXN0008856736,APP002,2026-02-20,reversed,4575.09,USD,AMER,CP0148,EQUITY,TDR0122,BOOK_C,2025-09-21
TXN0006805469,APP015,2025-11-01,reversed,666271.61,GBP,LATAM,CP0051,BOND,TDR0018,BOOK_C,2025-04-05
TXN0006525033,APP008,2025-11-29,pending,689043.89,AUD,AMER,CP0414,FX,TDR0026,BOOK_B,2025-12-02
TXN0009519015,APP017,2026-02-09,reversed,353654.1,EUR,AMER,CP0047,FUTURE,TDR0168,BOOK_B,2025-04-18
TXN0001807334,APP012,2025-02-06,pending,593076.68,GBP,APAC,CP0098,EQUITY,TDR0150,BOOK_D,2025-10-04
TXN0006326582,APP001,2025-03-31,pending,513512.69,JPY,LATAM,CP0327,SWAP,TDR0014,BOOK_D,2025-12-16
TXN0004084436,APP002,2025-04-01,active,289453.69,CHF,APAC,CP0152,SWAP,TDR0139,BOOK_D,2026-02-27
TXN0001800455,APP010,2025-03-27,settled,352448.87,CHF,AMER,CP0197,BOND,TDR0133,BOOK_A,2025-10-19
TXN0006753185,APP019,2025-08-20,pending,186925.75,EUR,AMER,CP0009,BOND,TDR0086,BOOK_C,2025-04-25
TXN0005244227,APP015,2026-02-24,reversed,389192.43,JPY,APAC,CP0304,FUTURE,TDR0193,BOOK_D,2026-03-01
TXN0004092409,APP011,2025-11-09,failed,838925.07,GBP,EMEA,CP0192,OPTION,TDR0116,BOOK_A,2025-10-26
TXN0009305689,APP020,2025-02-19,active,115560.49,GBP,APAC,CP0491,BOND,TDR0133,BOOK_A,2025-05-25
TXN0007519258,APP006,2025-09-18,reversed,355413.67,EUR,LATAM,CP0437,FUTURE,TDR0069,BOOK_D,2025-02-07
TXN0004456829,APP011,2026-02-02,reversed,703059.65,GBP,EMEA,CP0390,FX,TDR0134,BOOK_A,2026-01-16
TXN0009378986,APP003,2026-04-11,settled,388543.58,GBP,EMEA,CP0123,OPTION,TDR0180,BOOK_D,2026-01-06
TXN0009140147,APP010,2025-03-24,pending,266944.76,EUR,AMER,CP0264,EQUITY,TDR0153,BOOK_C,2025-05-08
TXN0008971647,APP014,2026-02-19,failed,166890.31,JPY,AMER,CP0157,SWAP,TDR0111,BOOK_B,2025-09-22
TXN0007604507,APP018,2025-05-27,pending,259379.14,GBP,APAC,CP0192,OPTION,TDR0145,BOOK_C,2025-06-25
TXN0007354136,APP006,2025-03-04,pending,283454.77,JPY,EMEA,CP0238,FUTURE,TDR0123,BOOK_D,2025-10-27
TXN0000076055,APP001,2025-06-15,settled,940553.23,CHF,EMEA,CP0293,OPTION,TDR0140,BOOK_B,2025-07-20
TXN0008823286,APP014,2025-11-19,settled,39700.37,CHF,LATAM,CP0102,OPTION,TDR0079,BOOK_A,2025-02-03
TXN0001694477,APP003,2025-08-28,pending,612945.62,CHF,EMEA,CP0452,BOND,TDR0144,BOOK_A,2025-04-15
TXN0001503239,APP019,2025-11-06,failed,808657.86,CHF,APAC,CP0151,FX,TDR0025,BOOK_D,2025-05-20
TXN0009318901,APP015,2025-05-09,reversed,10125.98,JPY,AMER,CP0055,SWAP,TDR0007,BOOK_A,2026-01-16
TXN0003686744,APP015,2025-07-24,pending,102172.51,JPY,EMEA,CP0495,FUTURE,TDR0178,BOOK_C,2025-10-03
TXN0002682703,APP009,2025-04-18,failed,480494.94,EUR,AMER,CP0090,SWAP,TDR0158,BOOK_C,2025-05-05
TXN0001510076,APP006,2025-02-06,pending,969988.51,AUD,APAC,CP0017,BOND,TDR0098,BOOK_B,2025-01-11
TXN0009870877,APP006,2025-02-19,failed,373595.3,USD,LATAM,CP0235,FX,TDR0126,BOOK_C,2025-03-15
TXN0009496181,APP004,2025-01-27,active,857994.29,EUR,LATAM,CP0424,FX,TDR0045,BOOK_B,2025-07-14
TXN0004948438,APP020,2025-05-11,pending,488327.55,JPY,APAC,CP0346,FUTURE,TDR0098,BOOK_A,2025-06-21
TXN0004067925,APP018,2025-06-17,active,325145.74,EUR,APAC,CP0360,FX,TDR0105,BOOK_D,2025-01-16
TXN0006394121,APP003,2025-04-18,settled,750329.51,JPY,APAC,CP0234,FUTURE,TDR0055,BOOK_B,2026-04-05
TXN0001974452,APP011,2025-05-10,pending,714383.9,CHF,AMER,CP0118,SWAP,TDR0121,BOOK_A,2025-04-08
TXN0001676861,APP014,2025-10-19,failed,870369.31,GBP,AMER,CP0465,EQUITY,TDR0156,BOOK_B,2026-02-14
TXN0002293647,APP014,2025-11-05,pending,821520.24,CHF,APAC,CP0411,EQUITY,TDR0173,BOOK_B,2025-08-04
TXN0009712562,APP014,2026-02-25,failed,507503.35,JPY,AMER,CP0034,SWAP,TDR0020,BOOK_A,2025-08-29
TXN0008478973,APP020,2025-05-19,settled,223534.34,JPY,LATAM,CP0484,FX,TDR0054,BOOK_D,2025-03-21
TXN0000267452,APP001,2025-05-26,reversed,970628.08,CHF,AMER,CP0114,FX,TDR0198,BOOK_C,2025-03-18
TXN0006229447,APP001,2025-07-17,failed,303577.08,USD,LATAM,CP0484,EQUITY,TDR0153,BOOK_C,2025-01-03
TXN0009945430,APP011,2026-02-28,pending,249917.09,JPY,APAC,CP0257,FX,TDR0178,BOOK_C,2025-10-31
TXN0001644282,APP007,2025-05-29,failed,367001.55,USD,EMEA,CP0210,FUTURE,TDR0157,BOOK_C,2025-09-25
TXN0004659315,APP011,2025-02-16,failed,688295.14,EUR,LATAM,CP0194,OPTION,TDR0019,BOOK_D,2025-08-21
TXN0008157623,APP008,2026-01-05,settled,307859.19,CHF,AMER,CP0011,SWAP,TDR0079,BOOK_C,2025-01-16
TXN0003151985,APP017,2025-06-24,failed,312028.3,EUR,APAC,CP0148,FX,TDR0032,BOOK_A,2025-10-25
TXN0007060543,APP010,2026-02-24,failed,622222.65,CHF,EMEA,CP0179,FUTURE,TDR0134,BOOK_D,2026-01-31
TXN0002997614,APP008,2025-03-31,reversed,38027.79,CHF,EMEA,CP0086,BOND,TDR0162,BOOK_B,2026-03-03
TXN0003870008,APP008,2026-02-20,pending,695218.11,GBP,APAC,CP0034,SWAP,TDR0102,BOOK_D,2025-05-04
TXN0008627762,APP018,2025-08-23,failed,353333.62,GBP,APAC,CP0004,BOND,TDR0007,BOOK_A,2025-07-31
TXN0008052934,APP006,2025-05-24,failed,78445.2,AUD,LATAM,CP0127,OPTION,TDR0012,BOOK_B,2025-02-16
TXN0008503627,APP009,2025-08-18,reversed,947831.45,AUD,EMEA,CP0287,FUTURE,TDR0058,BOOK_A,2025-09-01
TXN0004782918,APP003,2025-06-22,pending,780213.29,EUR,APAC,CP0105,FUTURE,TDR0083,BOOK_B,2025-06-29
TXN0000977524,APP015,2026-02-03,pending,311182.87,USD,EMEA,CP0082,BOND,TDR0101,BOOK_A,2025-12-23
TXN0009967420,APP009,2025-11-23,failed,310374.15,EUR,LATAM,CP0283,OPTION,TDR0111,BOOK_D,2026-04-10
TXN0008773043,APP003,2025-03-30,settled,126153.7,EUR,AMER,CP0019,FUTURE,TDR0095,BOOK_D,2025-08-24
TXN0005864712,APP004,2025-12-26,pending,569891.5,CHF,APAC,CP0351,SWAP,TDR0161,BOOK_A,2026-03-23
TXN0008709541,APP009,2025-12-14,pending,455265.4,CHF,EMEA,CP0365,OPTION,TDR0128,BOOK_B,2025-03-18
TXN0003599716,APP015,2025-07-09,reversed,952141.43,JPY,LATAM,CP0310,FUTURE,TDR0025,BOOK_A,2025-07-29
TXN0000105871,APP016,2025-03-06,reversed,450693.49,CHF,AMER,CP0055,FX,TDR0188,BOOK_D,2025-08-14
TXN0004091525,APP002,2025-10-25,reversed,796978.11,EUR,AMER,CP0081,SWAP,TDR0007,BOOK_A,2026-02-27
TXN0000023789,APP019,2025-09-07,reversed,83951.82,CHF,LATAM,CP0323,EQUITY,TDR0162,BOOK_A,2025-12-07
TXN0006713421,APP015,2025-06-25,settled,77039.51,CHF,LATAM,CP0427,OPTION,TDR0032,BOOK_B,2025-01-31
TXN0001553090,APP018,2025-09-04,reversed,145312.67,EUR,AMER,CP0428,BOND,TDR0195,BOOK_C,2025-08-08
TXN0009163133,APP002,2025-04-20,settled,291307.24,CHF,LATAM,CP0225,FUTURE,TDR0145,BOOK_B,2025-10-29
TXN0004203077,APP012,2025-02-25,settled,964285.36,CHF,LATAM,CP0454,EQUITY,TDR0107,BOOK_A,2026-03-30
TXN0008910936,APP003,2026-01-04,active,949253.86,USD,EMEA,CP0437,SWAP,TDR0173,BOOK_B,2025-11-03
TXN0000414675,APP014,2025-12-10,settled,475592.23,JPY,AMER,CP0441,BOND,TDR0119,BOOK_A,2025-01-11
TXN0006922094,APP014,2025-06-12,settled,802518.65,GBP,EMEA,CP0198,SWAP,TDR0079,BOOK_B,2025-03-03
TXN0008978858,APP004,2025-03-07,reversed,91189.93,AUD,AMER,CP0185,FUTURE,TDR0124,BOOK_C,2025-06-13
TXN0006684866,APP011,2025-06-22,reversed,648370.61,EUR,APAC,CP0467,FUTURE,TDR0059,BOOK_C,2025-02-05
TXN0003738772,APP009,2026-01-04,active,300252.06,AUD,LATAM,CP0251,BOND,TDR0142,BOOK_A,2025-09-06
TXN0002260313,APP016,2026-02-07,reversed,396917.46,AUD,AMER,CP0085,BOND,TDR0151,BOOK_D,2026-03-15
TXN0006611786,APP016,2026-03-10,failed,328253.87,GBP,EMEA,CP0053,BOND,TDR0064,BOOK_C,2026-03-25
TXN0008198430,APP004,2025-09-15,failed,643989.55,EUR,LATAM,CP0410,FX,TDR0163,BOOK_C,2025-12-25
TXN0006735462,APP016,2025-06-12,settled,905107.18,EUR,AMER,CP0065,FX,TDR0175,BOOK_B,2025-10-14
TXN0007555793,APP014,2025-04-24,pending,135482.96,AUD,EMEA,CP0318,FUTURE,TDR0080,BOOK_A,2026-04-08
TXN0003554205,APP003,2026-01-26,pending,571322.96,CHF,EMEA,CP0211,FUTURE,TDR0109,BOOK_C,2025-09-23
TXN0002302717,APP007,2026-02-26,failed,782975.41,USD,AMER,CP0023,FX,TDR0083,BOOK_D,2025-08-28
TXN0009321072,APP016,2025-10-21,reversed,502854.19,CHF,LATAM,CP0028,OPTION,TDR0180,BOOK_C,2026-03-15
TXN0002040821,APP005,2025-06-22,reversed,73739.95,GBP,EMEA,CP0416,BOND,TDR0112,BOOK_D,2025-12-18
TXN0009922520,APP009,2025-04-08,active,59475.56,EUR,LATAM,CP0355,OPTION,TDR0033,BOOK_C,2025-05-17
TXN0007084693,APP003,2026-01-01,failed,675955.67,GBP,LATAM,CP0237,BOND,TDR0097,BOOK_B,2026-04-02
TXN0004068559,APP001,2025-11-16,active,435231.21,AUD,EMEA,CP0423,FUTURE,TDR0134,BOOK_B,2025-11-21
TXN0001354635,APP003,2025-05-07,failed,597589.32,USD,EMEA,CP0491,FX,TDR0162,BOOK_D,2025-10-22
TXN0000624565,APP006,2025-01-08,reversed,214284.45,AUD,LATAM,CP0489,FX,TDR0032,BOOK_D,2026-03-02
TXN0002534511,APP007,2025-02-28,active,769864.02,AUD,AMER,CP0189,SWAP,TDR0183,BOOK_B,2025-02-19
TXN0006427049,APP008,2026-02-11,pending,240521.36,EUR,APAC,CP0224,FX,TDR0169,BOOK_A,2025-06-08
TXN0004497605,APP013,2025-07-10,reversed,57153.88,USD,AMER,CP0468,OPTION,TDR0188,BOOK_C,2025-05-08
TXN0002261061,APP016,2025-09-27,reversed,432864.56,USD,LATAM,CP0407,FX,TDR0002,BOOK_B,2025-12-27
TXN0006064553,APP010,2025-08-06,active,455032.17,USD,LATAM,CP0166,FX,TDR0120,BOOK_C,2025-01-24
TXN0000593119,APP018,2025-09-06,pending,269924.94,CHF,EMEA,CP0498,BOND,TDR0041,BOOK_C,2025-01-18
TXN0006501713,APP020,2025-06-17,reversed,558330.12,GBP,AMER,CP0389,BOND,TDR0081,BOOK_B,2025-11-04
TXN0003083028,APP010,2025-11-17,failed,172052.6,GBP,APAC,CP0291,FX,TDR0107,BOOK_B,2026-02-13
TXN0002331658,APP007,2025-08-27,pending,796120.56,GBP,APAC,CP0088,BOND,TDR0022,BOOK_D,2025-06-04
TXN0005744317,APP020,2025-07-19,pending,871317.57,USD,APAC,CP0277,OPTION,TDR0048,BOOK_B,2025-05-17
TXN0006511563,APP006,2025-09-08,active,224942.73,USD,AMER,CP0162,FUTURE,TDR0186,BOOK_C,2025-01-16
TXN0006385807,APP018,2025-06-18,reversed,704066.14,CHF,EMEA,CP0074,SWAP,TDR0097,BOOK_A,2025-08-03
TXN0001521358,APP013,2025-06-02,failed,413963.14,EUR,LATAM,CP0289,FUTURE,TDR0120,BOOK_A,2025-12-24
TXN0004504164,APP012,2025-10-01,reversed,616659.12,JPY,AMER,CP0405,BOND,TDR0099,BOOK_B,2025-08-13
TXN0007918873,APP001,2026-01-05,settled,994459.23,AUD,EMEA,CP0399,FX,TDR0051,BOOK_A,2025-01-27
TXN0006361150,APP012,2025-04-05,failed,492995.97,GBP,EMEA,CP0344,OPTION,TDR0190,BOOK_A,2025-08-30
TXN0002408033,APP002,2025-08-15,pending,686172.16,JPY,AMER,CP0166,OPTION,TDR0088,BOOK_A,2026-01-01
TXN0001856306,APP007,2025-01-25,settled,531193.81,CHF,APAC,CP0384,BOND,TDR0181,BOOK_C,2025-09-29
TXN0006462010,APP005,2025-12-22,active,57530.18,CHF,AMER,CP0489,OPTION,TDR0118,BOOK_B,2026-01-20
TXN0009766829,APP019,2025-04-29,settled,10410.73,AUD,AMER,CP0113,FX,TDR0130,BOOK_B,2025-01-08
TXN0008544594,APP010,2025-06-27,failed,548444.31,JPY,APAC,CP0488,SWAP,TDR0113,BOOK_C,2026-02-09
TXN0005042912,APP003,2025-11-29,reversed,244970.54,GBP,AMER,CP0064,SWAP,TDR0069,BOOK_D,2025-09-14
TXN0007596089,APP006,2025-04-19,settled,55931.44,GBP,APAC,CP0177,FX,TDR0065,BOOK_B,2025-04-12
TXN0007264783,APP020,2026-03-03,settled,220943.45,JPY,APAC,CP0457,FX,TDR0184,BOOK_C,2025-09-04
TXN0004422797,APP003,2025-04-21,reversed,478240.95,JPY,EMEA,CP0002,FX,TDR0088,BOOK_C,2025-04-13
TXN0003798173,APP008,2025-01-07,pending,908587.36,GBP,LATAM,CP0147,OPTION,TDR0133,BOOK_D,2025-02-27
TXN0009441078,APP019,2026-04-12,reversed,524860.79,GBP,APAC,CP0422,EQUITY,TDR0128,BOOK_C,2025-02-13
TXN0006808594,APP002,2026-01-18,pending,476628.66,EUR,EMEA,CP0042,EQUITY,TDR0051,BOOK_B,2026-02-06
TXN0001891781,APP018,2026-04-09,pending,271919.3,EUR,APAC,CP0036,FUTURE,TDR0181,BOOK_D,2025-12-20
TXN0004128738,APP014,2026-01-23,settled,813555.06,AUD,AMER,CP0396,SWAP,TDR0147,BOOK_A,2026-03-13
TXN0009610460,APP006,2025-09-26,active,321225.11,JPY,AMER,CP0431,FUTURE,TDR0101,BOOK_D,2025-04-24
TXN0009835285,APP015,2025-11-22,settled,504095.0,USD,AMER,CP0413,FUTURE,TDR0044,BOOK_C,2025-09-02
TXN0005904638,APP006,2025-05-23,reversed,713131.94,USD,AMER,CP0472,FUTURE,TDR0100,BOOK_C,2025-08-07
TXN0003966617,APP008,2026-03-02,failed,486751.88,CHF,AMER,CP0132,OPTION,TDR0031,BOOK_A,2025-02-20
TXN0009392854,APP010,2025-12-13,failed,303472.54,USD,AMER,CP0124,SWAP,TDR0039,BOOK_C,2025-05-13
TXN0009716837,APP002,2025-06-02,pending,230025.59,CHF,AMER,CP0283,FX,TDR0098,BOOK_D,2026-02-07
TXN0002485903,APP014,2025-05-29,pending,395348.59,JPY,LATAM,CP0345,EQUITY,TDR0050,BOOK_A,2025-06-10
TXN0009684590,APP011,2025-11-25,pending,43862.95,JPY,EMEA,CP0260,SWAP,TDR0192,BOOK_D,2025-03-18
TXN0009436606,APP017,2026-01-25,settled,410227.56,CHF,LATAM,CP0490,FUTURE,TDR0034,BOOK_C,2026-01-01
TXN0001891973,APP019,2025-11-15,pending,921660.05,EUR,LATAM,CP0017,EQUITY,TDR0004,BOOK_B,2026-03-22
TXN0004270316,APP015,2025-01-17,settled,292438.7,EUR,AMER,CP0079,EQUITY,TDR0181,BOOK_B,2026-03-10
TXN0004340399,APP018,2025-09-11,active,382299.95,EUR,APAC,CP0057,SWAP,TDR0068,BOOK_A,2025-01-15
TXN0005031148,APP017,2025-09-04,active,938571.8,EUR,APAC,CP0258,FX,TDR0098,BOOK_A,2026-02-09
TXN0002812323,APP009,2025-10-23,pending,69709.58,USD,EMEA,CP0085,BOND,TDR0186,BOOK_C,2025-08-20
TXN0002452752,APP011,2025-01-20,failed,612283.14,USD,LATAM,CP0455,OPTION,TDR0141,BOOK_C,2025-06-30
TXN0001883073,APP010,2026-02-07,pending,253546.07,CHF,EMEA,CP0158,FX,TDR0199,BOOK_A,2025-03-23
TXN0005613116,APP020,2026-01-14,active,806738.2,AUD,EMEA,CP0120,BOND,TDR0069,BOOK_B,2025-08-01
TXN0006488878,APP010,2025-04-29,reversed,669659.42,JPY,APAC,CP0412,OPTION,TDR0068,BOOK_D,2026-03-28
TXN0006274341,APP002,2025-02-06,settled,828023.4,EUR,EMEA,CP0359,SWAP,TDR0117,BOOK_D,2025-12-22
TXN0001519841,APP012,2026-03-13,reversed,583911.34,AUD,LATAM,CP0230,FUTURE,TDR0077,BOOK_C,2025-04-14
TXN0003426109,APP012,2026-04-12,settled,356307.55,AUD,AMER,CP0047,FX,TDR0099,BOOK_A,2026-01-17
TXN0009785261,APP003,2025-02-28,active,480596.8,EUR,EMEA,CP0083,EQUITY,TDR0135,BOOK_D,2026-04-03
TXN0007550058,APP017,2026-01-30,pending,716615.69,GBP,LATAM,CP0439,SWAP,TDR0163,BOOK_B,2025-02-13
TXN0007700345,APP018,2025-11-16,reversed,853580.71,CHF,APAC,CP0362,EQUITY,TDR0048,BOOK_A,2026-03-18
TXN0004360634,APP011,2026-01-19,pending,793466.0,EUR,EMEA,CP0260,SWAP,TDR0082,BOOK_C,2026-01-03
TXN0009597737,APP008,2025-06-15,reversed,311102.52,AUD,LATAM,CP0309,OPTION,TDR0021,BOOK_B,2025-07-09
TXN0005903572,APP016,2025-02-07,active,304528.5,USD,APAC,CP0037,BOND,TDR0064,BOOK_D,2025-06-06
TXN0009555761,APP012,2025-10-18,settled,544640.29,USD,EMEA,CP0032,FX,TDR0076,BOOK_D,2025-09-12
TXN0008843248,APP008,2025-09-26,failed,187619.83,AUD,LATAM,CP0176,SWAP,TDR0079,BOOK_B,2025-10-06
TXN0003303075,APP013,2025-10-12,pending,601409.19,GBP,APAC,CP0048,EQUITY,TDR0043,BOOK_C,2026-01-09
TXN0002152996,APP012,2025-07-11,settled,236323.69,JPY,LATAM,CP0460,EQUITY,TDR0182,BOOK_A,2025-02-16
TXN0000021459,APP016,2025-10-24,active,509807.13,USD,LATAM,CP0468,FX,TDR0087,BOOK_D,2026-01-12
TXN0004527727,APP017,2025-06-19,settled,61224.65,JPY,APAC,CP0213,FX,TDR0042,BOOK_A,2025-12-27
TXN0004065919,APP020,2025-03-01,pending,130358.31,JPY,LATAM,CP0004,FUTURE,TDR0079,BOOK_A,2026-01-13
TXN0006356320,APP008,2026-01-21,failed,104611.33,GBP,APAC,CP0034,FUTURE,TDR0014,BOOK_A,2025-07-13
TXN0002640610,APP016,2025-07-09,pending,446633.0,CHF,APAC,CP0404,BOND,TDR0039,BOOK_B,2025-08-04
TXN0009603880,APP015,2025-11-09,active,360187.97,JPY,AMER,CP0056,SWAP,TDR0074,BOOK_D,2025-09-06
TXN0005437901,APP010,2025-04-03,reversed,192196.54,USD,EMEA,CP0048,FX,TDR0180,BOOK_B,2025-02-20
TXN0009135526,APP010,2025-10-01,failed,139120.52,GBP,LATAM,CP0165,FUTURE,TDR0163,BOOK_D,2025-03-23
TXN0008077550,APP001,2025-07-23,active,305833.27,JPY,AMER,CP0281,EQUITY,TDR0018,BOOK_C,2025-04-28
TXN0006524199,APP012,2026-02-15,active,729511.43,JPY,APAC,CP0443,SWAP,TDR0179,BOOK_A,2025-09-30
TXN0003115201,APP008,2025-04-12,failed,570683.44,JPY,EMEA,CP0287,FUTURE,TDR0024,BOOK_C,2025-04-11
TXN0006338678,APP018,2025-08-04,settled,467070.65,JPY,LATAM,CP0286,FX,TDR0037,BOOK_B,2025-12-27
TXN0005454280,APP001,2025-11-03,active,929952.53,GBP,APAC,CP0311,FUTURE,TDR0183,BOOK_A,2025-12-15
TXN0002853349,APP001,2025-03-08,pending,218027.64,JPY,LATAM,CP0212,SWAP,TDR0023,BOOK_A,2025-05-17
TXN0001397976,APP011,2025-11-17,settled,210838.87,JPY,AMER,CP0092,FX,TDR0118,BOOK_A,2025-06-13
TXN0006178477,APP008,2025-03-05,pending,211033.63,CHF,APAC,CP0171,OPTION,TDR0180,BOOK_D,2025-08-23
TXN0002758709,APP017,2025-01-20,reversed,322859.95,USD,LATAM,CP0192,FX,TDR0041,BOOK_A,2025-11-09
TXN0007915060,APP011,2025-12-21,active,188567.73,USD,AMER,CP0477,SWAP,TDR0067,BOOK_A,2026-04-12
TXN0006501194,APP018,2025-09-13,failed,973386.99,CHF,EMEA,CP0389,SWAP,TDR0089,BOOK_D,2025-12-08
TXN0009642601,APP005,2026-02-07,pending,364495.78,AUD,LATAM,CP0134,OPTION,TDR0019,BOOK_A,2025-11-13
TXN0005846823,APP015,2025-11-26,pending,838810.5,JPY,EMEA,CP0262,FUTURE,TDR0124,BOOK_C,2026-02-04
TXN0002511627,APP013,2026-01-01,reversed,931904.29,CHF,LATAM,CP0093,FX,TDR0136,BOOK_A,2025-01-24
TXN0000886609,APP009,2025-02-23,reversed,444318.15,GBP,EMEA,CP0003,FUTURE,TDR0003,BOOK_D,2025-12-10
TXN0000259236,APP015,2025-12-12,pending,689701.8,CHF,APAC,CP0120,BOND,TDR0066,BOOK_D,2025-02-13
TXN0009395319,APP019,2026-01-09,settled,525887.13,AUD,APAC,CP0183,EQUITY,TDR0083,BOOK_A,2025-12-28
TXN0007693019,APP001,2026-03-19,failed,821258.2,AUD,EMEA,CP0436,FX,TDR0130,BOOK_D,2025-05-04
TXN0008606337,APP007,2025-12-04,reversed,799920.84,GBP,APAC,CP0012,EQUITY,TDR0161,BOOK_A,2025-04-20
TXN0005602918,APP019,2025-09-10,reversed,959130.4,EUR,APAC,CP0478,SWAP,TDR0151,BOOK_D,2025-08-12
TXN0006324111,APP015,2025-11-18,reversed,678746.89,EUR,LATAM,CP0486,OPTION,TDR0123,BOOK_D,2025-02-16
TXN0001979813,APP018,2025-02-02,settled,503879.74,AUD,AMER,CP0399,BOND,TDR0170,BOOK_C,2026-03-02
TXN0001674772,APP010,2025-03-06,failed,696138.29,AUD,LATAM,CP0078,FX,TDR0072,BOOK_A,2025-11-05
TXN0002900878,APP017,2025-07-11,pending,293320.25,JPY,APAC,CP0493,OPTION,TDR0048,BOOK_C,2025-12-16
TXN0005529085,APP020,2025-03-06,active,159258.9,CHF,EMEA,CP0488,BOND,TDR0176,BOOK_C,2025-04-20
TXN0008853439,APP013,2025-03-11,reversed,246278.31,CHF,APAC,CP0245,OPTION,TDR0192,BOOK_D,2025-03-13
TXN0002423221,APP005,2025-07-19,reversed,803697.05,USD,AMER,CP0147,SWAP,TDR0124,BOOK_C,2025-05-21
TXN0001058141,APP004,2026-03-31,active,117235.67,CHF,LATAM,CP0409,EQUITY,TDR0182,BOOK_D,2026-01-04
TXN0005182367,APP007,2025-04-06,active,375621.12,AUD,LATAM,CP0253,FX,TDR0051,BOOK_C,2025-02-22
TXN0008838036,APP006,2025-05-14,failed,629004.85,JPY,APAC,CP0158,FX,TDR0118,BOOK_D,2025-06-21
TXN0004940570,APP009,2025-10-17,active,600550.51,EUR,EMEA,CP0311,FUTURE,TDR0030,BOOK_D,2025-05-22
TXN0007074051,APP006,2025-02-23,failed,166539.1,CHF,EMEA,CP0244,SWAP,TDR0033,BOOK_B,2025-10-14
TXN0004024780,APP001,2025-10-20,failed,225755.53,JPY,EMEA,CP0456,FX,TDR0098,BOOK_C,2025-12-10
TXN0007090548,APP016,2025-04-15,failed,5222.22,EUR,APAC,CP0006,OPTION,TDR0167,BOOK_A,2025-08-10
TXN0005882742,APP011,2026-03-21,active,39157.38,EUR,EMEA,CP0389,FX,TDR0036,BOOK_A,2025-04-16
TXN0009861379,APP007,2025-10-03,reversed,246113.01,JPY,APAC,CP0304,EQUITY,TDR0039,BOOK_A,2025-06-04
TXN0005531905,APP004,2025-02-12,reversed,709301.23,EUR,APAC,CP0312,FX,TDR0122,BOOK_D,2025-10-23
TXN0003887492,APP001,2026-01-16,active,828982.23,JPY,EMEA,CP0419,FUTURE,TDR0078,BOOK_B,2026-03-01
TXN0000136405,APP007,2026-02-20,failed,897236.49,CHF,APAC,CP0362,FX,TDR0171,BOOK_D,2025-01-18
TXN0004941091,APP012,2025-05-13,failed,517328.32,CHF,LATAM,CP0011,EQUITY,TDR0087,BOOK_C,2026-04-09
TXN0005674613,APP006,2025-02-09,reversed,231717.87,GBP,AMER,CP0007,FUTURE,TDR0031,BOOK_A,2025-07-04
TXN0003385754,APP013,2025-09-18,active,171500.42,JPY,APAC,CP0196,BOND,TDR0105,BOOK_D,2025-05-26
TXN0008389281,APP001,2026-01-04,active,742185.66,CHF,EMEA,CP0128,FUTURE,TDR0163,BOOK_D,2025-01-08
TXN0004692944,APP017,2026-03-06,reversed,25464.08,EUR,LATAM,CP0408,EQUITY,TDR0080,BOOK_C,2025-11-13
TXN0000506554,APP017,2025-11-20,failed,665410.49,GBP,APAC,CP0352,OPTION,TDR0125,BOOK_D,2025-12-27
TXN0005518760,APP020,2025-07-19,active,210310.67,CHF,APAC,CP0135,BOND,TDR0001,BOOK_B,2026-03-10
TXN0000846106,APP003,2025-02-13,active,951612.23,JPY,AMER,CP0004,FUTURE,TDR0076,BOOK_A,2025-02-03
TXN0006150585,APP011,2025-05-05,failed,812431.23,EUR,AMER,CP0393,SWAP,TDR0032,BOOK_B,2026-03-23
TXN0004545186,APP014,2025-12-22,active,722130.73,AUD,LATAM,CP0315,OPTION,TDR0007,BOOK_D,2025-02-19
TXN0003753574,APP014,2025-01-05,reversed,226988.43,AUD,EMEA,CP0042,OPTION,TDR0200,BOOK_C,2025-09-20
TXN0007415104,APP006,2025-04-15,reversed,130468.72,JPY,AMER,CP0063,EQUITY,TDR0022,BOOK_A,2026-03-25
TXN0005033491,APP002,2025-10-10,active,224651.7,JPY,AMER,CP0413,SWAP,TDR0185,BOOK_D,2025-04-18
TXN0001004581,APP004,2026-01-19,active,277958.48,EUR,LATAM,CP0343,FX,TDR0127,BOOK_C,2025-01-24
TXN0003420834,APP005,2026-01-22,active,25915.71,EUR,APAC,CP0168,OPTION,TDR0097,BOOK_B,2025-09-10
TXN0002618445,APP009,2025-02-06,failed,655683.98,AUD,AMER,CP0141,FX,TDR0079,BOOK_A,2026-04-11
TXN0005228598,APP018,2026-02-10,failed,457694.14,EUR,EMEA,CP0117,OPTION,TDR0123,BOOK_B,2026-01-02
TXN0002793660,APP004,2025-01-09,settled,650960.78,JPY,EMEA,CP0233,EQUITY,TDR0038,BOOK_A,2025-09-26
TXN0001287170,APP020,2025-09-12,pending,53439.72,USD,AMER,CP0442,FUTURE,TDR0109,BOOK_B,2026-03-07
TXN0008045700,APP002,2025-08-22,pending,135069.17,JPY,EMEA,CP0215,BOND,TDR0097,BOOK_A,2026-02-20
TXN0008851268,APP003,2025-09-03,active,687227.71,GBP,APAC,CP0155,FX,TDR0068,BOOK_C,2025-03-16
TXN0000818697,APP004,2025-07-21,settled,595707.64,USD,AMER,CP0251,BOND,TDR0170,BOOK_C,2025-03-06
TXN0006265716,APP008,2025-08-26,settled,492240.06,CHF,EMEA,CP0465,FX,TDR0120,BOOK_A,2025-12-14
TXN0001101138,APP001,2025-08-07,active,94652.27,GBP,APAC,CP0271,BOND,TDR0043,BOOK_B,2026-04-13
TXN0003278720,APP006,2025-05-16,pending,965746.16,CHF,LATAM,CP0453,FX,TDR0022,BOOK_A,2025-11-08
TXN0009616055,APP004,2025-04-03,failed,145937.56,EUR,EMEA,CP0013,EQUITY,TDR0161,BOOK_A,2025-11-27
TXN0002301096,APP011,2025-05-06,pending,34442.55,AUD,EMEA,CP0334,BOND,TDR0072,BOOK_D,2025-11-17
TXN0006551761,APP005,2026-02-08,pending,316389.89,EUR,LATAM,CP0471,BOND,TDR0113,BOOK_C,2025-09-24
TXN0001481971,APP020,2025-12-31,active,20857.95,USD,EMEA,CP0105,BOND,TDR0176,BOOK_A,2026-03-06
TXN0002448087,APP004,2025-02-13,settled,940514.67,EUR,LATAM,CP0194,SWAP,TDR0117,BOOK_D,2025-10-30
TXN0005638207,APP010,2025-09-26,reversed,167235.11,CHF,LATAM,CP0320,FX,TDR0139,BOOK_C,2026-01-08
TXN0004292412,APP012,2025-11-28,reversed,919030.39,AUD,EMEA,CP0432,OPTION,TDR0052,BOOK_C,2025-11-01
TXN0003653028,APP009,2026-02-09,active,690402.27,JPY,AMER,CP0221,FX,TDR0154,BOOK_C,2025-07-30
TXN0005393100,APP003,2025-08-23,reversed,46915.27,AUD,AMER,CP0226,SWAP,TDR0117,BOOK_A,2026-01-17
TXN0007678684,APP016,2025-11-02,settled,111479.3,GBP,AMER,CP0445,EQUITY,TDR0101,BOOK_A,2026-04-01
TXN0008215611,APP006,2025-05-22,active,946797.95,GBP,APAC,CP0480,BOND,TDR0150,BOOK_D,2026-01-03
TXN0005547077,APP007,2026-01-01,failed,939625.67,CHF,AMER,CP0102,FUTURE,TDR0071,BOOK_C,2025-01-22
TXN0000518906,APP002,2026-01-10,settled,387474.66,GBP,EMEA,CP0049,FX,TDR0015,BOOK_B,2025-12-24
TXN0001652590,APP012,2025-03-30,pending,827769.19,EUR,AMER,CP0074,OPTION,TDR0116,BOOK_C,2026-02-09
TXN0008959992,APP018,2025-04-28,active,120808.21,USD,LATAM,CP0303,BOND,TDR0061,BOOK_D,2025-11-18
TXN0000555296,APP018,2025-03-24,failed,943274.65,EUR,EMEA,CP0038,OPTION,TDR0162,BOOK_A,2026-03-27
TXN0001333968,APP013,2025-11-01,settled,537898.03,AUD,AMER,CP0425,FUTURE,TDR0119,BOOK_A,2025-11-01
TXN0005690994,APP001,2026-03-16,active,252846.91,EUR,APAC,CP0246,BOND,TDR0193,BOOK_A,2025-08-25
TXN0001017647,APP016,2025-01-05,active,495880.55,USD,APAC,CP0022,SWAP,TDR0022,BOOK_A,2025-06-18
TXN0000284842,APP017,2025-02-04,pending,320611.03,CHF,LATAM,CP0266,EQUITY,TDR0111,BOOK_A,2025-06-07
TXN0008210587,APP018,2025-09-19,failed,104728.03,GBP,APAC,CP0082,EQUITY,TDR0199,BOOK_B,2025-05-17
TXN0009966051,APP016,2025-06-04,pending,767417.43,GBP,APAC,CP0101,EQUITY,TDR0015,BOOK_D,2026-02-08
TXN0005971891,APP003,2025-11-16,failed,470506.5,USD,APAC,CP0431,EQUITY,TDR0156,BOOK_B,2026-01-29
TXN0005558814,APP020,2025-07-29,reversed,759019.84,JPY,AMER,CP0424,BOND,TDR0143,BOOK_A,2025-06-23
TXN0006705935,APP013,2025-01-24,active,282350.4,USD,LATAM,CP0281,EQUITY,TDR0135,BOOK_D,2025-11-05
TXN0000126271,APP007,2025-06-21,settled,74580.4,EUR,AMER,CP0120,FX,TDR0041,BOOK_B,2025-01-06
TXN0001472222,APP007,2025-12-14,active,625030.77,USD,EMEA,CP0491,FUTURE,TDR0079,BOOK_D,2025-10-26
TXN0006215113,APP010,2025-03-04,failed,375975.1,GBP,LATAM,CP0489,BOND,TDR0077,BOOK_B,2025-09-03
TXN0004918630,APP008,2025-05-20,settled,90697.15,CHF,EMEA,CP0477,SWAP,TDR0095,BOOK_A,2025-08-09
TXN0003183129,APP005,2025-11-10,failed,991872.12,JPY,LATAM,CP0358,BOND,TDR0043,BOOK_A,2025-09-21
TXN0001975999,APP011,2025-02-23,pending,370053.04,EUR,AMER,CP0119,BOND,TDR0020,BOOK_D,2025-08-27
TXN0009809159,APP015,2025-12-28,active,590540.3,AUD,AMER,CP0192,FX,TDR0031,BOOK_A,2026-01-10
TXN0008753558,APP002,2025-06-09,pending,145689.69,USD,EMEA,CP0211,FUTURE,TDR0023,BOOK_C,2025-05-20
TXN0006654061,APP011,2025-03-29,active,67226.77,CHF,LATAM,CP0364,SWAP,TDR0168,BOOK_D,2025-04-16
TXN0001218438,APP002,2025-10-29,pending,814881.03,CHF,EMEA,CP0300,FUTURE,TDR0109,BOOK_C,2025-03-23
TXN0005109312,APP008,2025-04-28,settled,233163.39,JPY,LATAM,CP0492,EQUITY,TDR0069,BOOK_C,2025-10-24
TXN0003279964,APP015,2025-08-08,active,279708.95,AUD,LATAM,CP0369,FX,TDR0089,BOOK_B,2026-03-09
TXN0009765171,APP008,2025-02-11,reversed,945921.44,USD,AMER,CP0492,OPTION,TDR0010,BOOK_D,2025-03-27
TXN0005133755,APP016,2025-03-04,reversed,118513.65,GBP,LATAM,CP0414,EQUITY,TDR0091,BOOK_B,2026-01-03
TXN0003975443,APP010,2025-08-23,reversed,193041.23,CHF,APAC,CP0337,OPTION,TDR0173,BOOK_A,2025-04-14
TXN0005088893,APP002,2025-10-29,pending,987750.34,EUR,LATAM,CP0115,EQUITY,TDR0073,BOOK_B,2025-10-12
TXN0006991394,APP013,2025-10-15,settled,841374.99,USD,EMEA,CP0358,FX,TDR0035,BOOK_A,2025-06-05
TXN0008930430,APP009,2025-03-03,active,402222.59,AUD,AMER,CP0389,SWAP,TDR0155,BOOK_C,2026-01-02
TXN0001926644,APP001,2025-05-05,active,35386.25,EUR,LATAM,CP0300,FX,TDR0171,BOOK_D,2025-08-11
TXN0004085987,APP003,2025-08-23,failed,632617.09,EUR,EMEA,CP0405,SWAP,TDR0078,BOOK_B,2025-03-16
TXN0003117420,APP007,2025-04-30,pending,392916.65,EUR,AMER,CP0165,SWAP,TDR0062,BOOK_A,2026-04-11
TXN0002671599,APP006,2025-07-13,active,244135.96,AUD,AMER,CP0431,OPTION,TDR0135,BOOK_D,2025-12-20
TXN0007014379,APP017,2025-09-03,settled,49205.14,CHF,LATAM,CP0302,OPTION,TDR0040,BOOK_B,2025-06-02
TXN0007979247,APP010,2025-11-07,active,723520.52,EUR,EMEA,CP0125,FX,TDR0046,BOOK_C,2026-03-13
TXN0009878135,APP019,2025-06-29,pending,310923.81,GBP,EMEA,CP0102,SWAP,TDR0034,BOOK_B,2025-01-24
TXN0004977198,APP004,2025-07-24,failed,474280.39,JPY,APAC,CP0231,OPTION,TDR0009,BOOK_A,2025-09-18
TXN0000350100,APP003,2025-12-29,active,932693.65,EUR,EMEA,CP0237,EQUITY,TDR0028,BOOK_C,2025-10-28
TXN0004331550,APP020,2026-02-08,settled,567845.18,USD,EMEA,CP0381,OPTION,TDR0103,BOOK_B,2025-05-04
TXN0001706385,APP018,2025-04-02,failed,152494.98,EUR,AMER,CP0108,EQUITY,TDR0100,BOOK_C,2025-12-22
TXN0007902699,APP013,2025-02-03,settled,537370.44,CHF,APAC,CP0213,FUTURE,TDR0135,BOOK_A,2025-04-16
TXN0003552312,APP015,2025-01-28,settled,260853.25,USD,LATAM,CP0465,OPTION,TDR0024,BOOK_C,2025-07-19
TXN0009591138,APP017,2025-10-09,failed,68320.24,CHF,EMEA,CP0013,EQUITY,TDR0095,BOOK_D,2026-02-16
TXN0005629583,APP013,2025-10-11,reversed,34168.78,AUD,AMER,CP0340,FX,TDR0001,BOOK_A,2026-02-23
TXN0001901787,APP005,2026-01-20,failed,232555.45,EUR,APAC,CP0008,FUTURE,TDR0177,BOOK_C,2025-04-07
TXN0007691358,APP018,2025-08-29,failed,295701.87,JPY,APAC,CP0196,FX,TDR0119,BOOK_B,2025-12-24
TXN0007579160,APP005,2025-12-01,settled,805505.12,GBP,LATAM,CP0069,FUTURE,TDR0036,BOOK_D,2025-01-18
TXN0003069963,APP009,2025-07-05,failed,196963.48,USD,EMEA,CP0109,BOND,TDR0162,BOOK_D,2025-12-17
TXN0004309915,APP002,2025-10-19,reversed,482119.94,EUR,EMEA,CP0393,EQUITY,TDR0200,BOOK_D,2025-07-28
TXN0007218430,APP007,2025-06-17,settled,401753.22,CHF,LATAM,CP0321,SWAP,TDR0188,BOOK_A,2025-08-15
TXN0004512235,APP020,2025-08-01,reversed,618400.33,GBP,EMEA,CP0230,EQUITY,TDR0136,BOOK_B,2025-04-09
TXN0000082516,APP009,2025-09-18,active,528389.38,JPY,AMER,CP0218,FUTURE,TDR0052,BOOK_B,2026-02-07
TXN0003361616,APP001,2026-02-19,pending,936315.27,JPY,AMER,CP0005,BOND,TDR0031,BOOK_B,2025-01-23
TXN0000087836,APP016,2025-12-10,pending,135791.47,AUD,LATAM,CP0132,BOND,TDR0081,BOOK_A,2025-08-17
TXN0005295994,APP009,2026-02-01,reversed,58915.45,USD,EMEA,CP0391,SWAP,TDR0155,BOOK_B,2026-02-20
TXN0000318869,APP017,2025-08-26,failed,367104.48,USD,APAC,CP0222,EQUITY,TDR0087,BOOK_C,2025-08-14
TXN0008642740,APP020,2026-03-02,failed,682149.11,GBP,EMEA,CP0261,SWAP,TDR0092,BOOK_B,2026-02-10
TXN0002309037,APP015,2025-10-21,settled,341914.15,EUR,APAC,CP0152,SWAP,TDR0186,BOOK_D,2026-01-14
TXN0002246811,APP007,2025-04-21,active,934991.96,GBP,LATAM,CP0202,SWAP,TDR0193,BOOK_B,2025-02-21
TXN0005043354,APP012,2025-01-06,pending,106516.96,AUD,APAC,CP0114,SWAP,TDR0066,BOOK_D,2025-01-06
TXN0000663293,APP009,2026-03-17,pending,511120.07,EUR,EMEA,CP0340,FUTURE,TDR0158,BOOK_B,2026-01-31
TXN0006078579,APP016,2025-11-12,pending,262437.99,AUD,AMER,CP0341,EQUITY,TDR0053,BOOK_D,2025-08-22
TXN0001759964,APP001,2026-01-26,active,304801.4,GBP,AMER,CP0487,OPTION,TDR0119,BOOK_B,2025-09-21
TXN0003603353,APP001,2026-01-04,active,728276.5,USD,APAC,CP0475,BOND,TDR0157,BOOK_A,2026-03-10
TXN0006948624,APP016,2025-05-04,settled,211125.02,JPY,AMER,CP0328,FUTURE,TDR0076,BOOK_A,2025-07-03
TXN0008149694,APP019,2025-02-19,reversed,892775.46,CHF,AMER,CP0033,EQUITY,TDR0193,BOOK_A,2025-07-03
TXN0001511128,APP013,2026-02-26,pending,187883.09,AUD,APAC,CP0292,OPTION,TDR0170,BOOK_B,2025-10-07
TXN0006083058,APP003,2025-07-18,reversed,175137.39,USD,APAC,CP0221,EQUITY,TDR0077,BOOK_C,2025-10-24
TXN0007836754,APP017,2025-12-22,pending,225122.09,JPY,AMER,CP0367,SWAP,TDR0007,BOOK_B,2025-07-10
TXN0002418213,APP015,2026-01-17,reversed,285910.29,USD,APAC,CP0362,FX,TDR0036,BOOK_A,2025-11-25
TXN0005691788,APP002,2025-08-05,failed,370682.83,CHF,EMEA,CP0036,OPTION,TDR0071,BOOK_D,2025-07-16
TXN0006815368,APP010,2025-04-17,failed,946343.75,EUR,AMER,CP0386,BOND,TDR0143,BOOK_B,2025-02-19
TXN0009096007,APP001,2025-08-31,pending,974381.28,USD,AMER,CP0286,BOND,TDR0126,BOOK_C,2025-11-26
TXN0004621670,APP004,2026-03-18,failed,847474.76,USD,EMEA,CP0107,FX,TDR0112,BOOK_A,2025-09-23
TXN0006877958,APP011,2025-08-18,pending,605984.64,EUR,APAC,CP0036,EQUITY,TDR0140,BOOK_B,2025-08-18
TXN0002613952,APP020,2025-07-07,failed,596853.31,AUD,APAC,CP0098,EQUITY,TDR0165,BOOK_D,2025-01-10
TXN0002026089,APP012,2025-04-28,reversed,455642.95,JPY,APAC,CP0204,SWAP,TDR0014,BOOK_B,2026-03-23
TXN0009776787,APP016,2026-04-10,pending,761872.58,USD,AMER,CP0373,OPTION,TDR0150,BOOK_B,2025-04-05
TXN0002525398,APP004,2025-02-01,failed,440405.09,EUR,LATAM,CP0117,SWAP,TDR0090,BOOK_B,2025-02-08
TXN0003181404,APP020,2025-04-01,failed,774372.48,EUR,APAC,CP0388,OPTION,TDR0121,BOOK_D,2025-02-18
TXN0008624760,APP016,2025-11-14,pending,562602.54,JPY,EMEA,CP0050,OPTION,TDR0152,BOOK_B,2026-01-08
TXN0000862906,APP008,2025-09-15,active,90169.25,JPY,EMEA,CP0169,SWAP,TDR0137,BOOK_A,2025-04-30
TXN0006261964,APP020,2026-01-28,pending,119099.52,JPY,AMER,CP0461,BOND,TDR0196,BOOK_B,2025-06-14
TXN0003459793,APP020,2025-06-03,pending,977541.25,JPY,APAC,CP0122,EQUITY,TDR0169,BOOK_D,2026-01-17
TXN0003655149,APP019,2025-05-24,reversed,309472.62,AUD,LATAM,CP0041,FUTURE,TDR0173,BOOK_A,2025-12-02
TXN0005659707,APP001,2025-12-08,active,711226.89,EUR,LATAM,CP0154,OPTION,TDR0178,BOOK_A,2025-10-01
TXN0004548701,APP019,2025-06-06,pending,920889.4,GBP,AMER,CP0075,FUTURE,TDR0026,BOOK_D,2025-04-22
TXN0007014647,APP019,2026-03-02,settled,106491.69,GBP,APAC,CP0160,SWAP,TDR0123,BOOK_B,2025-06-15
TXN0009032358,APP011,2025-12-05,settled,927069.34,USD,EMEA,CP0083,BOND,TDR0195,BOOK_C,2025-01-16
TXN0000810623,APP017,2025-04-26,failed,141212.88,EUR,EMEA,CP0261,SWAP,TDR0009,BOOK_A,2025-01-13
TXN0006995966,APP018,2026-02-07,settled,992036.97,EUR,EMEA,CP0054,OPTION,TDR0181,BOOK_B,2025-08-22
TXN0004259240,APP010,2025-03-10,active,957030.42,JPY,EMEA,CP0060,FUTURE,TDR0150,BOOK_B,2025-05-13
TXN0001534059,APP016,2025-12-17,settled,23799.9,JPY,APAC,CP0309,SWAP,TDR0116,BOOK_D,2025-07-28
TXN0008870966,APP005,2025-02-12,reversed,775788.36,CHF,APAC,CP0109,FUTURE,TDR0096,BOOK_A,2025-06-21
TXN0009187305,APP003,2025-06-27,active,770001.94,EUR,APAC,CP0183,FX,TDR0090,BOOK_A,2025-02-21
TXN0004847083,APP014,2026-02-01,pending,919825.08,CHF,EMEA,CP0487,OPTION,TDR0191,BOOK_D,2025-05-12
TXN0001921445,APP008,2025-10-09,settled,79873.23,USD,APAC,CP0243,BOND,TDR0132,BOOK_C,2025-12-30
TXN0002780423,APP005,2025-05-11,active,917215.31,GBP,EMEA,CP0252,EQUITY,TDR0200,BOOK_C,2025-04-11
TXN0008356297,APP012,2025-11-02,active,619394.36,AUD,EMEA,CP0350,FX,TDR0199,BOOK_A,2025-01-21
TXN0008674403,APP013,2025-09-19,reversed,173909.68,GBP,AMER,CP0466,OPTION,TDR0101,BOOK_D,2025-10-10
TXN0000862367,APP004,2026-04-14,failed,151281.96,GBP,APAC,CP0225,BOND,TDR0079,BOOK_D,2025-06-09
TXN0008703936,APP014,2025-10-07,active,389077.22,USD,AMER,CP0241,BOND,TDR0086,BOOK_C,2025-01-01
TXN0001917678,APP010,2025-02-02,pending,181626.17,GBP,EMEA,CP0448,FUTURE,TDR0018,BOOK_B,2025-11-29
TXN0006427376,APP006,2025-11-14,pending,7495.31,EUR,APAC,CP0415,FUTURE,TDR0086,BOOK_A,2026-03-12
TXN0002521036,APP013,2025-07-23,reversed,490752.83,AUD,EMEA,CP0487,FX,TDR0117,BOOK_D,2025-03-24
TXN0000324002,APP003,2025-05-23,settled,511038.34,USD,LATAM,CP0214,FUTURE,TDR0164,BOOK_A,2025-06-29
TXN0006515691,APP006,2025-10-30,pending,776904.31,EUR,AMER,CP0346,OPTION,TDR0046,BOOK_A,2025-02-11
TXN0007493752,APP008,2025-09-03,pending,806566.66,AUD,EMEA,CP0083,EQUITY,TDR0048,BOOK_C,2025-01-24
TXN0003725950,APP014,2025-10-25,pending,368605.85,EUR,EMEA,CP0271,OPTION,TDR0106,BOOK_B,2025-04-29
TXN0006214214,APP020,2026-01-13,settled,607698.06,CHF,EMEA,CP0140,FUTURE,TDR0120,BOOK_B,2025-08-13
TXN0006653287,APP002,2025-11-23,settled,203367.88,JPY,EMEA,CP0152,FUTURE,TDR0026,BOOK_D,2026-01-05
TXN0005088411,APP005,2025-12-24,active,640680.36,CHF,APAC,CP0377,FUTURE,TDR0084,BOOK_C,2025-02-02
TXN0007613552,APP002,2025-08-09,reversed,228290.56,JPY,AMER,CP0058,SWAP,TDR0047,BOOK_C,2025-04-05
TXN0006413251,APP007,2025-08-10,active,148790.95,EUR,AMER,CP0378,FX,TDR0067,BOOK_D,2025-10-13
TXN0009079349,APP015,2025-09-06,pending,551206.44,USD,AMER,CP0057,OPTION,TDR0200,BOOK_B,2025-11-14
TXN0006070121,APP016,2026-02-16,pending,729670.8,AUD,EMEA,CP0277,FX,TDR0095,BOOK_A,2025-08-15
TXN0006281318,APP004,2026-03-24,settled,799474.48,JPY,EMEA,CP0134,SWAP,TDR0190,BOOK_C,2025-09-08
TXN0005115814,APP010,2025-09-09,active,298860.21,GBP,LATAM,CP0480,OPTION,TDR0136,BOOK_B,2025-05-07
TXN0001668760,APP001,2026-04-07,reversed,277887.88,GBP,EMEA,CP0235,FUTURE,TDR0105,BOOK_A,2025-12-01
TXN0009962712,APP005,2025-12-23,failed,46006.07,AUD,EMEA,CP0365,FX,TDR0003,BOOK_D,2025-07-30
TXN0005724920,APP001,2026-01-10,reversed,572210.86,GBP,LATAM,CP0284,BOND,TDR0088,BOOK_B,2025-06-18
TXN0008825735,APP004,2025-12-15,failed,775873.48,EUR,APAC,CP0256,SWAP,TDR0155,BOOK_D,2026-04-02
TXN0004351464,APP003,2025-01-08,settled,103407.84,JPY,EMEA,CP0314,BOND,TDR0063,BOOK_C,2025-12-28
TXN0003165216,APP016,2025-12-25,reversed,12444.55,GBP,LATAM,CP0191,SWAP,TDR0005,BOOK_A,2025-07-10
TXN0004001971,APP008,2025-07-14,reversed,307694.54,CHF,LATAM,CP0418,FX,TDR0055,BOOK_D,2025-05-23
TXN0001085758,APP011,2025-09-18,pending,822756.47,USD,EMEA,CP0358,EQUITY,TDR0040,BOOK_C,2026-03-10
TXN0000261634,APP014,2026-04-07,reversed,633470.3,JPY,APAC,CP0094,OPTION,TDR0022,BOOK_C,2025-10-18
TXN0004350862,APP016,2025-08-15,active,563666.09,EUR,APAC,CP0032,BOND,TDR0088,BOOK_C,2025-11-18
TXN0000165199,APP008,2026-02-06,settled,694889.56,JPY,LATAM,CP0480,FUTURE,TDR0187,BOOK_C,2026-03-29
TXN0005572395,APP013,2025-03-20,active,503892.38,AUD,APAC,CP0162,OPTION,TDR0050,BOOK_D,2026-02-06
TXN0008415832,APP001,2025-08-19,pending,174648.55,EUR,APAC,CP0448,SWAP,TDR0129,BOOK_A,2025-09-03
TXN0001853990,APP004,2025-01-18,failed,500552.69,CHF,EMEA,CP0267,SWAP,TDR0011,BOOK_D,2026-02-03
TXN0007162695,APP019,2025-02-01,active,311616.59,USD,AMER,CP0440,EQUITY,TDR0024,BOOK_D,2025-12-27
TXN0003009052,APP003,2025-08-02,settled,385409.15,EUR,LATAM,CP0035,FUTURE,TDR0178,BOOK_D,2025-02-20
TXN0004146764,APP017,2025-06-02,reversed,455972.22,JPY,AMER,CP0201,BOND,TDR0110,BOOK_D,2026-04-05
TXN0007845135,APP020,2025-08-01,active,243489.87,EUR,APAC,CP0434,SWAP,TDR0123,BOOK_D,2025-10-15
TXN0001002784,APP006,2025-02-26,pending,624066.61,USD,EMEA,CP0415,FX,TDR0068,BOOK_A,2025-02-17
TXN0004994746,APP015,2025-08-19,active,358792.37,USD,LATAM,CP0471,FUTURE,TDR0126,BOOK_D,2025-01-18
TXN0005199357,APP016,2025-01-07,settled,800664.16,GBP,APAC,CP0261,BOND,TDR0148,BOOK_B,2026-03-22
TXN0003819717,APP017,2025-02-08,active,968062.17,USD,EMEA,CP0214,BOND,TDR0125,BOOK_B,2025-06-22
TXN0001469462,APP006,2025-04-06,failed,913854.91,AUD,AMER,CP0221,BOND,TDR0109,BOOK_D,2025-01-01
TXN0000731827,APP007,2026-03-01,failed,858725.56,AUD,EMEA,CP0067,FX,TDR0101,BOOK_A,2025-04-12
TXN0002752423,APP008,2026-02-16,failed,598857.13,AUD,APAC,CP0464,FX,TDR0084,BOOK_C,2026-03-30
TXN0004883667,APP015,2026-04-13,settled,579238.38,EUR,AMER,CP0123,BOND,TDR0021,BOOK_B,2026-02-09
TXN0007801574,APP016,2025-11-27,active,664484.74,JPY,EMEA,CP0161,OPTION,TDR0111,BOOK_D,2025-03-03
TXN0000152378,APP020,2025-11-25,pending,653062.54,CHF,APAC,CP0393,FUTURE,TDR0164,BOOK_B,2025-08-10
TXN0009441524,APP011,2026-02-27,failed,946587.3,GBP,EMEA,CP0153,SWAP,TDR0085,BOOK_D,2025-03-18
TXN0006647269,APP016,2026-01-10,settled,918514.89,EUR,AMER,CP0312,FUTURE,TDR0164,BOOK_D,2025-08-03
TXN0002459745,APP017,2025-10-29,failed,3850.45,GBP,APAC,CP0079,BOND,TDR0100,BOOK_B,2025-05-28
TXN0008614601,APP005,2025-07-10,failed,111125.99,JPY,APAC,CP0361,EQUITY,TDR0154,BOOK_D,2025-08-22
TXN0003741674,APP004,2025-06-24,settled,570294.12,CHF,LATAM,CP0197,EQUITY,TDR0125,BOOK_B,2025-12-29
TXN0009123035,APP019,2026-03-13,active,844779.98,JPY,AMER,CP0423,EQUITY,TDR0021,BOOK_B,2025-12-24
TXN0008389702,APP018,2025-12-23,failed,269923.3,GBP,AMER,CP0180,OPTION,TDR0069,BOOK_D,2025-06-15
TXN0004747914,APP015,2025-02-01,settled,771279.44,USD,AMER,CP0094,FX,TDR0052,BOOK_D,2025-09-15
TXN0000410960,APP019,2025-03-25,active,232766.74,AUD,EMEA,CP0279,BOND,TDR0044,BOOK_B,2025-06-12
TXN0007156839,APP016,2026-01-29,failed,459705.33,USD,EMEA,CP0394,BOND,TDR0067,BOOK_A,2025-07-31
TXN0000352607,APP020,2025-05-05,settled,578765.8,USD,APAC,CP0420,FX,TDR0035,BOOK_B,2025-05-16
TXN0008151491,APP006,2025-01-22,active,191605.57,CHF,APAC,CP0182,FX,TDR0126,BOOK_B,2026-04-01
TXN0000776860,APP018,2025-06-30,pending,714628.46,USD,LATAM,CP0444,BOND,TDR0046,BOOK_B,2025-05-16
TXN0007365823,APP005,2025-01-04,reversed,340458.58,GBP,AMER,CP0079,FX,TDR0156,BOOK_C,2025-03-27
TXN0007484564,APP002,2026-03-14,settled,759420.09,USD,AMER,CP0320,EQUITY,TDR0046,BOOK_B,2025-08-21
TXN0005121400,APP001,2026-01-01,settled,410490.9,AUD,AMER,CP0469,BOND,TDR0015,BOOK_D,2026-01-27
TXN0007336624,APP019,2026-03-01,pending,415583.16,AUD,EMEA,CP0304,EQUITY,TDR0008,BOOK_D,2025-07-14
TXN0003531707,APP003,2026-04-11,settled,291226.82,EUR,APAC,CP0433,FUTURE,TDR0061,BOOK_A,2026-04-02
TXN0005212484,APP005,2026-03-04,settled,615744.75,AUD,LATAM,CP0111,SWAP,TDR0150,BOOK_D,2026-03-15
TXN0002660747,APP018,2025-04-25,active,113800.56,USD,APAC,CP0154,BOND,TDR0134,BOOK_B,2025-01-08
TXN0002104067,APP006,2025-03-25,active,339763.87,CHF,AMER,CP0452,FX,TDR0102,BOOK_A,2026-02-26
TXN0008462524,APP020,2025-12-07,failed,335641.52,USD,EMEA,CP0222,FUTURE,TDR0088,BOOK_D,2026-01-29
TXN0005833164,APP010,2026-04-14,failed,482770.5,EUR,AMER,CP0231,SWAP,TDR0091,BOOK_B,2025-06-29
TXN0004653363,APP018,2025-01-25,failed,910617.08,CHF,LATAM,CP0189,FX,TDR0185,BOOK_C,2025-04-10
TXN0003841872,APP006,2026-03-28,active,747661.31,EUR,AMER,CP0250,FUTURE,TDR0195,BOOK_A,2025-12-07
TXN0001786062,APP004,2025-05-31,settled,991899.79,USD,LATAM,CP0285,OPTION,TDR0148,BOOK_A,2025-04-01
TXN0008241138,APP010,2025-01-31,pending,450365.49,USD,APAC,CP0356,EQUITY,TDR0190,BOOK_A,2025-09-23
TXN0007040220,APP014,2026-01-28,reversed,636428.28,AUD,APAC,CP0352,SWAP,TDR0144,BOOK_C,2025-01-03
TXN0002846676,APP008,2025-12-03,pending,395805.76,JPY,AMER,CP0168,OPTION,TDR0122,BOOK_A,2025-07-03
TXN0003902627,APP016,2026-01-03,settled,905593.3,GBP,APAC,CP0148,EQUITY,TDR0056,BOOK_C,2025-08-05
TXN0006835592,APP014,2025-01-17,failed,184376.29,USD,EMEA,CP0113,SWAP,TDR0034,BOOK_A,2025-09-29
TXN0005282503,APP012,2026-01-25,reversed,606361.6,JPY,LATAM,CP0105,OPTION,TDR0063,BOOK_B,2025-02-16
TXN0003815377,APP009,2026-04-12,pending,966280.42,GBP,LATAM,CP0206,SWAP,TDR0078,BOOK_B,2025-11-16
TXN0005822488,APP002,2025-06-25,pending,685281.72,AUD,AMER,CP0342,EQUITY,TDR0097,BOOK_B,2025-09-15
TXN0006570140,APP014,2025-08-26,pending,753928.47,AUD,APAC,CP0243,SWAP,TDR0091,BOOK_B,2025-03-30
TXN0009934821,APP005,2026-02-16,settled,785511.68,GBP,LATAM,CP0029,SWAP,TDR0200,BOOK_D,2025-09-24
TXN0005194997,APP007,2025-03-02,reversed,434042.28,CHF,AMER,CP0138,FX,TDR0156,BOOK_D,2025-08-20
TXN0004601624,APP010,2025-11-13,settled,180700.53,AUD,LATAM,CP0173,EQUITY,TDR0199,BOOK_A,2025-06-14
TXN0000014950,APP002,2025-05-20,pending,731270.85,EUR,AMER,CP0260,BOND,TDR0052,BOOK_A,2025-06-14
TXN0004637911,APP005,2025-08-22,pending,238483.39,JPY,AMER,CP0492,FUTURE,TDR0133,BOOK_A,2025-10-26
TXN0007937227,APP014,2025-06-07,pending,188966.36,EUR,EMEA,CP0488,OPTION,TDR0075,BOOK_C,2026-03-25
TXN0005648231,APP010,2025-10-22,reversed,402442.75,GBP,LATAM,CP0274,OPTION,TDR0019,BOOK_A,2025-03-21
TXN0003936854,APP017,2025-05-22,pending,862008.94,JPY,APAC,CP0341,EQUITY,TDR0043,BOOK_B,2025-10-24
TXN0007769438,APP018,2026-03-06,active,530163.79,CHF,LATAM,CP0273,FUTURE,TDR0181,BOOK_B,2026-01-24
TXN0006356047,APP003,2026-01-31,reversed,30801.52,EUR,APAC,CP0282,SWAP,TDR0099,BOOK_A,2025-08-24
TXN0002196306,APP007,2026-01-18,failed,374028.79,GBP,LATAM,CP0087,BOND,TDR0086,BOOK_A,2025-06-09
TXN0009539315,APP006,2025-01-10,pending,654154.78,AUD,APAC,CP0481,EQUITY,TDR0042,BOOK_B,2025-07-11
TXN0009299642,APP020,2025-12-20,settled,24606.01,EUR,AMER,CP0422,BOND,TDR0038,BOOK_D,2026-03-11
TXN0005759062,APP001,2025-12-02,pending,673008.04,GBP,EMEA,CP0405,EQUITY,TDR0051,BOOK_B,2025-05-09
TXN0001494186,APP004,2025-11-15,pending,451271.06,EUR,AMER,CP0158,FUTURE,TDR0123,BOOK_A,2025-08-27
TXN0005691057,APP019,2025-04-19,failed,838059.62,USD,EMEA,CP0003,BOND,TDR0011,BOOK_A,2025-04-19
TXN0000986943,APP012,2025-03-19,pending,452564.85,GBP,AMER,CP0373,OPTION,TDR0104,BOOK_D,2025-12-04
TXN0002126485,APP018,2025-12-25,settled,496429.14,EUR,APAC,CP0487,EQUITY,TDR0016,BOOK_A,2025-10-05
TXN0004485199,APP005,2025-11-20,active,49526.72,GBP,APAC,CP0443,FUTURE,TDR0106,BOOK_D,2025-10-01
TXN0001304749,APP012,2025-06-27,pending,52430.42,JPY,LATAM,CP0151,OPTION,TDR0196,BOOK_A,2025-09-17
TXN0007507032,APP007,2025-08-28,reversed,476346.68,CHF,LATAM,CP0352,SWAP,TDR0185,BOOK_B,2026-03-21
TXN0006399077,APP017,2025-08-16,pending,693929.41,CHF,EMEA,CP0034,FUTURE,TDR0173,BOOK_D,2025-11-12
TXN0003075676,APP012,2026-01-28,pending,157075.38,AUD,AMER,CP0109,SWAP,TDR0087,BOOK_A,2025-10-25
TXN0003725488,APP015,2025-04-27,active,362370.69,AUD,APAC,CP0457,FX,TDR0116,BOOK_A,2025-08-20
TXN0007611228,APP001,2025-02-15,active,585301.5,CHF,EMEA,CP0075,FX,TDR0049,BOOK_C,2025-05-24
TXN0000849797,APP016,2026-01-14,settled,126573.77,CHF,APAC,CP0240,FUTURE,TDR0187,BOOK_C,2026-01-08
TXN0001555038,APP012,2025-01-02,reversed,958601.45,CHF,EMEA,CP0246,FUTURE,TDR0200,BOOK_A,2025-07-04
TXN0009222562,APP001,2025-04-30,pending,331085.59,GBP,AMER,CP0404,SWAP,TDR0126,BOOK_A,2026-04-08
TXN0002056850,APP014,2025-04-15,reversed,365334.03,EUR,EMEA,CP0352,FX,TDR0089,BOOK_A,2025-09-26
TXN0004716016,APP015,2026-01-26,active,817954.65,USD,LATAM,CP0282,FX,TDR0037,BOOK_B,2025-05-14
TXN0003665906,APP007,2025-09-11,settled,679409.64,EUR,EMEA,CP0278,EQUITY,TDR0054,BOOK_D,2025-01-12
TXN0007403549,APP001,2025-01-29,failed,158978.92,GBP,AMER,CP0011,OPTION,TDR0104,BOOK_B,2025-05-24
TXN0006504029,APP014,2025-01-12,failed,160442.53,JPY,AMER,CP0230,BOND,TDR0065,BOOK_B,2026-04-08
TXN0005400946,APP013,2025-03-12,failed,896750.83,USD,APAC,CP0114,FUTURE,TDR0142,BOOK_B,2025-06-22
TXN0009534938,APP003,2025-01-09,reversed,739274.57,CHF,APAC,CP0136,BOND,TDR0152,BOOK_B,2025-02-08
TXN0000604228,APP013,2025-11-23,failed,277350.69,USD,AMER,CP0369,FUTURE,TDR0105,BOOK_C,2025-07-18
TXN0005457336,APP010,2025-02-07,reversed,172918.75,CHF,AMER,CP0293,EQUITY,TDR0165,BOOK_A,2026-03-04
TXN0005068477,APP007,2025-10-29,active,505268.95,JPY,AMER,CP0113,FX,TDR0091,BOOK_B,2025-06-04
TXN0007305343,APP001,2025-07-31,reversed,846899.58,USD,LATAM,CP0212,SWAP,TDR0142,BOOK_A,2025-11-25
TXN0004982116,APP005,2025-07-05,reversed,643448.06,USD,LATAM,CP0285,FX,TDR0040,BOOK_B,2025-06-02
TXN0002840184,APP006,2026-02-11,active,879347.64,AUD,APAC,CP0092,SWAP,TDR0150,BOOK_B,2025-04-19
TXN0005199728,APP018,2025-01-07,failed,951546.14,AUD,EMEA,CP0372,FUTURE,TDR0101,BOOK_A,2025-01-23
TXN0008191997,APP015,2025-09-17,settled,282333.67,USD,EMEA,CP0452,BOND,TDR0184,BOOK_B,2025-02-03
TXN0001561366,APP013,2025-11-12,settled,666695.34,CHF,LATAM,CP0268,BOND,TDR0186,BOOK_D,2025-12-03
TXN0007401826,APP012,2025-03-26,reversed,34373.71,GBP,APAC,CP0340,FUTURE,TDR0132,BOOK_D,2025-11-09
TXN0009078394,APP017,2025-06-11,failed,616725.1,CHF,LATAM,CP0274,FX,TDR0124,BOOK_C,2025-11-24
TXN0008596729,APP017,2025-08-22,settled,45578.59,GBP,EMEA,CP0443,BOND,TDR0149,BOOK_B,2026-02-04
TXN0009255652,APP002,2025-06-20,pending,366332.76,AUD,AMER,CP0268,FX,TDR0177,BOOK_D,2025-12-13
TXN0006812421,APP013,2025-10-20,settled,804923.62,EUR,LATAM,CP0039,OPTION,TDR0107,BOOK_B,2025-10-20
TXN0006677938,APP007,2025-03-18,pending,228945.77,GBP,EMEA,CP0307,FX,TDR0024,BOOK_B,2025-01-19
TXN0001000187,APP008,2025-07-03,pending,311960.7,GBP,LATAM,CP0101,OPTION,TDR0199,BOOK_A,2026-03-03
TXN0005764116,APP015,2025-12-02,pending,997266.25,JPY,LATAM,CP0331,BOND,TDR0100,BOOK_A,2025-08-30
TXN0004607850,APP011,2025-06-05,pending,940630.74,GBP,LATAM,CP0111,OPTION,TDR0156,BOOK_D,2025-11-08
TXN0001515971,APP005,2025-02-11,settled,791121.91,AUD,LATAM,CP0220,OPTION,TDR0123,BOOK_C,2025-10-16
TXN0000214702,APP013,2025-11-18,reversed,263098.35,JPY,EMEA,CP0110,BOND,TDR0182,BOOK_D,2025-02-25
TXN0005967400,APP010,2025-10-25,failed,705524.75,USD,APAC,CP0335,FX,TDR0174,BOOK_C,2025-06-30
TXN0008649065,APP020,2025-06-09,failed,553974.61,JPY,APAC,CP0320,BOND,TDR0068,BOOK_B,2025-03-02
TXN0001927768,APP018,2026-02-21,pending,783600.32,JPY,EMEA,CP0036,FUTURE,TDR0147,BOOK_C,2026-04-12
TXN0000827759,APP020,2025-08-23,reversed,30497.68,EUR,LATAM,CP0458,FX,TDR0105,BOOK_D,2025-05-26
TXN0004961492,APP019,2025-02-07,reversed,953569.85,JPY,AMER,CP0190,OPTION,TDR0015,BOOK_B,2025-10-28
TXN0007087413,APP011,2026-01-08,reversed,482504.11,USD,APAC,CP0309,OPTION,TDR0170,BOOK_C,2026-03-04
TXN0006142200,APP009,2025-08-25,reversed,369348.41,JPY,APAC,CP0223,FX,TDR0083,BOOK_D,2025-08-29
TXN0000653020,APP009,2025-06-27,pending,521193.8,EUR,LATAM,CP0303,FX,TDR0059,BOOK_B,2025-07-30
TXN0008542937,APP016,2025-01-17,reversed,925458.0,USD,APAC,CP0314,BOND,TDR0199,BOOK_D,2026-01-09
TXN0004869932,APP008,2025-07-01,pending,962796.17,EUR,AMER,CP0378,EQUITY,TDR0069,BOOK_C,2025-12-25
TXN0007502749,APP001,2026-03-25,reversed,691963.7,AUD,LATAM,CP0305,EQUITY,TDR0043,BOOK_D,2026-01-01
TXN0004333565,APP003,2025-09-30,active,806831.19,AUD,APAC,CP0320,FUTURE,TDR0084,BOOK_A,2026-03-07
TXN0006717960,APP019,2025-11-24,pending,173355.08,CHF,LATAM,CP0498,SWAP,TDR0121,BOOK_C,2025-08-15
TXN0002189845,APP003,2025-09-22,reversed,283260.71,GBP,AMER,CP0016,OPTION,TDR0039,BOOK_D,2025-12-11
TXN0000840517,APP001,2025-03-02,settled,721078.88,AUD,APAC,CP0038,BOND,TDR0008,BOOK_B,2025-01-10
TXN0009490220,APP006,2025-11-07,settled,315180.36,AUD,APAC,CP0269,EQUITY,TDR0053,BOOK_C,2025-01-29
TXN0009195993,APP018,2025-08-08,reversed,323638.17,USD,AMER,CP0481,FX,TDR0129,BOOK_D,2025-04-27
TXN0000152357,APP013,2026-02-13,reversed,640855.89,GBP,AMER,CP0406,FX,TDR0141,BOOK_B,2025-08-06
TXN0000352401,APP015,2026-03-30,settled,374402.52,EUR,APAC,CP0135,OPTION,TDR0040,BOOK_A,2025-03-29
TXN0009156965,APP003,2025-07-03,reversed,436927.04,AUD,AMER,CP0424,SWAP,TDR0119,BOOK_C,2026-04-03
TXN0001831879,APP011,2025-01-06,failed,104608.51,CHF,APAC,CP0275,EQUITY,TDR0109,BOOK_C,2025-03-19
TXN0008135459,APP007,2025-10-13,active,358334.9,USD,LATAM,CP0355,OPTION,TDR0177,BOOK_C,2026-02-26
TXN0005521806,APP016,2025-03-15,failed,399544.05,GBP,APAC,CP0185,FUTURE,TDR0138,BOOK_A,2025-05-26
TXN0000163384,APP008,2025-12-01,pending,211545.76,JPY,APAC,CP0143,FUTURE,TDR0094,BOOK_C,2025-10-06
TXN0002028300,APP015,2025-08-09,failed,9958.91,USD,LATAM,CP0430,SWAP,TDR0126,BOOK_D,2025-04-10
TXN0004788210,APP020,2025-01-14,active,656790.7,GBP,AMER,CP0275,SWAP,TDR0134,BOOK_A,2025-07-13
TXN0001391096,APP003,2025-11-10,failed,909465.15,GBP,LATAM,CP0344,OPTION,TDR0047,BOOK_B,2026-04-01
TXN0000743545,APP012,2025-12-13,reversed,137466.77,AUD,AMER,CP0164,BOND,TDR0168,BOOK_A,2025-03-11
TXN0008493627,APP003,2025-12-12,failed,900919.25,USD,LATAM,CP0173,FX,TDR0152,BOOK_A,2025-06-08
TXN0004805378,APP001,2025-09-05,reversed,569267.75,JPY,LATAM,CP0274,FX,TDR0095,BOOK_B,2026-03-29
TXN0007457714,APP013,2025-06-08,settled,954691.92,USD,EMEA,CP0378,FUTURE,TDR0035,BOOK_C,2025-06-21
TXN0005806146,APP016,2026-04-10,settled,814225.41,USD,AMER,CP0237,BOND,TDR0147,BOOK_A,2025-11-09
TXN0002544577,APP003,2025-01-24,settled,361352.13,EUR,EMEA,CP0352,SWAP,TDR0153,BOOK_C,2025-02-21
TXN0006890444,APP005,2025-03-29,active,665136.18,EUR,EMEA,CP0234,BOND,TDR0197,BOOK_C,2026-01-26
TXN0004585353,APP018,2025-05-25,reversed,34885.99,JPY,APAC,CP0217,OPTION,TDR0070,BOOK_A,2025-01-19
TXN0008162616,APP007,2025-01-08,settled,417469.24,AUD,EMEA,CP0057,SWAP,TDR0075,BOOK_B,2025-03-09
TXN0007958575,APP015,2025-04-10,active,864842.45,EUR,APAC,CP0029,OPTION,TDR0047,BOOK_B,2026-01-24
TXN0003499612,APP013,2025-06-11,active,318677.68,USD,APAC,CP0036,OPTION,TDR0111,BOOK_A,2026-04-07
TXN0007195165,APP013,2025-07-26,settled,691031.6,AUD,EMEA,CP0455,BOND,TDR0122,BOOK_A,2025-10-04
TXN0009806707,APP003,2025-01-14,pending,250107.2,CHF,EMEA,CP0119,OPTION,TDR0161,BOOK_C,2025-09-24
TXN0002083378,APP019,2025-07-04,reversed,231063.26,CHF,EMEA,CP0141,OPTION,TDR0063,BOOK_B,2026-04-13
TXN0005986660,APP003,2025-12-17,active,570348.59,GBP,AMER,CP0060,SWAP,TDR0165,BOOK_A,2026-02-15
TXN0005555628,APP015,2025-11-24,pending,19761.42,USD,EMEA,CP0130,BOND,TDR0018,BOOK_B,2025-02-18
TXN0005304953,APP005,2025-11-19,reversed,852536.87,AUD,AMER,CP0042,SWAP,TDR0038,BOOK_B,2025-04-28
TXN0004587207,APP007,2025-07-03,reversed,970210.21,GBP,LATAM,CP0080,EQUITY,TDR0022,BOOK_A,2025-08-28
TXN0001822765,APP010,2025-07-23,pending,131947.03,CHF,EMEA,CP0255,FUTURE,TDR0119,BOOK_C,2025-11-23
TXN0003162204,APP019,2025-08-04,active,682220.87,JPY,LATAM,CP0497,FUTURE,TDR0148,BOOK_D,2025-01-29
TXN0000670563,APP011,2025-02-13,active,497792.81,USD,EMEA,CP0095,OPTION,TDR0068,BOOK_A,2026-01-10
TXN0007919573,APP002,2025-08-07,active,73255.74,GBP,EMEA,CP0118,FUTURE,TDR0129,BOOK_A,2026-03-30
TXN0007406871,APP018,2025-09-14,failed,390243.0,EUR,AMER,CP0490,BOND,TDR0008,BOOK_A,2025-07-11
TXN0005685535,APP019,2025-12-02,settled,530532.56,JPY,LATAM,CP0173,OPTION,TDR0008,BOOK_B,2025-12-12
TXN0001527378,APP005,2025-11-24,failed,368245.01,EUR,EMEA,CP0372,SWAP,TDR0172,BOOK_C,2025-03-25
TXN0003605024,APP006,2025-07-02,active,675292.19,USD,AMER,CP0167,OPTION,TDR0115,BOOK_C,2025-02-19
TXN0002325874,APP017,2025-06-04,active,896122.84,GBP,APAC,CP0215,EQUITY,TDR0014,BOOK_B,2026-04-06
TXN0003356056,APP014,2025-09-22,active,963264.36,GBP,LATAM,CP0471,EQUITY,TDR0137,BOOK_A,2025-08-15
TXN0007077168,APP005,2025-08-13,pending,985788.52,GBP,APAC,CP0313,OPTION,TDR0002,BOOK_A,2025-01-15
TXN0003492219,APP010,2025-03-01,failed,736390.48,USD,AMER,CP0263,EQUITY,TDR0029,BOOK_D,2025-06-04
TXN0006624207,APP009,2025-04-27,pending,383632.94,GBP,AMER,CP0425,FUTURE,TDR0038,BOOK_C,2025-06-05
TXN0000541426,APP005,2025-08-08,settled,162559.36,AUD,AMER,CP0261,SWAP,TDR0164,BOOK_A,2025-12-02
TXN0008182839,APP017,2025-10-25,active,602842.09,EUR,EMEA,CP0427,BOND,TDR0186,BOOK_C,2025-03-11
TXN0004850577,APP008,2025-04-14,active,566844.35,GBP,APAC,CP0441,SWAP,TDR0175,BOOK_B,2026-02-15
TXN0004361742,APP007,2026-01-02,failed,569427.9,AUD,EMEA,CP0092,BOND,TDR0197,BOOK_B,2025-10-19
TXN0006388818,APP018,2026-01-07,active,283956.72,CHF,LATAM,CP0007,FX,TDR0182,BOOK_D,2025-05-12
TXN0005243373,APP007,2026-02-06,settled,717861.39,GBP,LATAM,CP0140,SWAP,TDR0176,BOOK_A,2026-02-28
TXN0009021544,APP019,2025-09-17,failed,942498.77,CHF,LATAM,CP0347,EQUITY,TDR0021,BOOK_B,2025-10-09
TXN0003472449,APP015,2025-01-15,reversed,430757.3,EUR,AMER,CP0245,FUTURE,TDR0127,BOOK_B,2025-05-14
TXN0009556080,APP003,2025-07-27,pending,690683.97,CHF,LATAM,CP0306,FUTURE,TDR0194,BOOK_A,2026-02-27
TXN0002268788,APP013,2025-04-07,settled,316865.07,GBP,EMEA,CP0082,BOND,TDR0011,BOOK_A,2026-01-18
TXN0009900774,APP013,2025-01-07,settled,890010.5,GBP,APAC,CP0372,BOND,TDR0160,BOOK_D,2025-02-11
TXN0003035559,APP015,2026-03-19,settled,808572.43,JPY,LATAM,CP0136,EQUITY,TDR0091,BOOK_C,2025-06-11
TXN0008724655,APP009,2025-06-30,failed,176438.24,JPY,LATAM,CP0200,BOND,TDR0068,BOOK_C,2026-02-20
TXN0000378706,APP009,2025-02-05,active,75327.42,JPY,APAC,CP0341,FUTURE,TDR0075,BOOK_A,2025-11-07
TXN0006664934,APP005,2025-06-09,failed,673516.32,EUR,AMER,CP0276,OPTION,TDR0182,BOOK_B,2025-03-29
TXN0000886767,APP017,2025-08-05,reversed,212942.34,CHF,APAC,CP0411,BOND,TDR0036,BOOK_C,2025-12-15
TXN0008086940,APP005,2025-10-27,active,207443.54,USD,AMER,CP0089,SWAP,TDR0065,BOOK_B,2025-10-03
TXN0003875218,APP017,2025-09-27,pending,951415.88,JPY,APAC,CP0293,BOND,TDR0141,BOOK_C,2026-02-15
TXN0004610445,APP014,2025-07-11,reversed,915731.97,AUD,EMEA,CP0128,FX,TDR0002,BOOK_A,2025-12-25
TXN0000449453,APP008,2025-11-15,settled,14572.65,AUD,LATAM,CP0124,BOND,TDR0177,BOOK_C,2025-06-09
TXN0004510978,APP001,2025-05-04,active,899214.83,USD,EMEA,CP0137,SWAP,TDR0179,BOOK_A,2026-01-14
TXN0001919311,APP010,2025-03-24,failed,608349.02,EUR,EMEA,CP0087,FUTURE,TDR0147,BOOK_C,2025-10-29
TXN0004258183,APP005,2025-12-02,settled,999992.69,AUD,LATAM,CP0022,FX,TDR0035,BOOK_D,2026-04-02
TXN0005478375,APP012,2025-01-29,reversed,857274.26,CHF,LATAM,CP0215,FUTURE,TDR0094,BOOK_A,2025-07-04
TXN0006936599,APP008,2025-08-01,reversed,253613.58,GBP,APAC,CP0413,SWAP,TDR0037,BOOK_D,2026-02-27
TXN0001655226,APP009,2025-03-19,pending,187352.09,GBP,APAC,CP0140,OPTION,TDR0021,BOOK_A,2026-01-11
TXN0006090919,APP010,2025-06-28,pending,122943.43,CHF,LATAM,CP0404,FX,TDR0165,BOOK_B,2025-10-21
TXN0001213749,APP001,2025-10-03,failed,861541.34,USD,LATAM,CP0298,OPTION,TDR0198,BOOK_C,2025-06-24
TXN0002424016,APP019,2025-03-25,failed,369311.32,EUR,LATAM,CP0237,EQUITY,TDR0141,BOOK_D,2026-02-12
TXN0007266478,APP003,2026-02-08,failed,561658.95,AUD,AMER,CP0455,BOND,TDR0083,BOOK_B,2025-06-27
TXN0008938261,APP001,2025-08-01,settled,949782.59,JPY,APAC,CP0391,EQUITY,TDR0015,BOOK_A,2025-01-07
TXN0007708056,APP010,2025-06-13,reversed,258798.34,USD,APAC,CP0490,SWAP,TDR0047,BOOK_D,2026-04-08
TXN0004331670,APP002,2025-06-15,settled,247776.39,CHF,LATAM,CP0404,FX,TDR0048,BOOK_A,2025-03-05
TXN0003586482,APP005,2026-02-13,active,287070.82,JPY,APAC,CP0257,FUTURE,TDR0138,BOOK_B,2025-02-28
TXN0001512817,APP011,2026-04-06,active,731945.2,USD,AMER,CP0136,FX,TDR0091,BOOK_D,2025-09-01
TXN0005614913,APP002,2025-11-06,active,111171.42,CHF,APAC,CP0455,FX,TDR0064,BOOK_D,2025-02-13
TXN0002646925,APP003,2026-02-23,active,476114.98,EUR,AMER,CP0338,FUTURE,TDR0152,BOOK_C,2026-02-02
TXN0003922642,APP018,2025-01-01,reversed,137144.53,GBP,LATAM,CP0114,FX,TDR0087,BOOK_D,2025-11-13
TXN0004810736,APP005,2025-01-20,pending,648867.87,AUD,LATAM,CP0490,FX,TDR0060,BOOK_D,2025-04-06
TXN0008721755,APP013,2025-05-03,reversed,459854.98,GBP,APAC,CP0069,FX,TDR0029,BOOK_D,2025-05-06
TXN0008724736,APP013,2025-10-24,failed,236559.2,USD,LATAM,CP0319,OPTION,TDR0175,BOOK_B,2026-02-14
TXN0004079417,APP014,2025-06-23,reversed,549725.4,CHF,AMER,CP0204,BOND,TDR0089,BOOK_C,2026-02-17
TXN0007923895,APP010,2025-03-10,reversed,638907.21,EUR,APAC,CP0263,SWAP,TDR0013,BOOK_A,2026-02-17
TXN0007551253,APP001,2025-09-01,pending,277605.7,GBP,APAC,CP0491,OPTION,TDR0015,BOOK_C,2025-08-04
TXN0007282270,APP015,2025-08-27,reversed,624107.02,JPY,APAC,CP0246,EQUITY,TDR0148,BOOK_D,2025-07-22
TXN0007260426,APP007,2025-08-01,pending,231081.03,USD,LATAM,CP0071,EQUITY,TDR0103,BOOK_A,2025-11-10
TXN0000504035,APP002,2026-03-24,pending,392917.25,GBP,EMEA,CP0109,FUTURE,TDR0135,BOOK_C,2026-01-13
TXN0006785479,APP017,2025-07-14,active,216693.33,JPY,APAC,CP0408,SWAP,TDR0131,BOOK_B,2025-04-03
TXN0009554881,APP020,2025-12-14,pending,327403.99,USD,AMER,CP0447,SWAP,TDR0136,BOOK_B,2026-01-15
TXN0008291331,APP004,2025-04-23,pending,223094.92,CHF,LATAM,CP0245,SWAP,TDR0094,BOOK_D,2025-09-29
TXN0007373146,APP018,2026-03-11,failed,726597.62,USD,EMEA,CP0096,BOND,TDR0113,BOOK_B,2025-10-14
TXN0008566022,APP001,2025-11-10,settled,431133.87,CHF,AMER,CP0383,OPTION,TDR0148,BOOK_A,2026-01-17
TXN0003947959,APP020,2025-12-04,pending,502149.42,JPY,AMER,CP0333,BOND,TDR0192,BOOK_D,2025-11-24
TXN0006771818,APP005,2025-10-24,failed,356628.77,EUR,APAC,CP0392,EQUITY,TDR0197,BOOK_D,2026-03-22
TXN0007877653,APP014,2025-08-05,settled,467027.65,USD,EMEA,CP0464,SWAP,TDR0122,BOOK_A,2025-02-19
TXN0003531517,APP013,2025-12-22,settled,632180.44,USD,AMER,CP0139,BOND,TDR0124,BOOK_A,2025-08-30
TXN0002809163,APP019,2025-12-08,failed,352929.9,EUR,AMER,CP0178,SWAP,TDR0002,BOOK_D,2026-02-28
TXN0005053179,APP020,2025-10-11,active,43633.94,USD,EMEA,CP0491,OPTION,TDR0188,BOOK_C,2025-02-20
TXN0002497490,APP002,2025-01-25,reversed,910226.69,USD,AMER,CP0285,BOND,TDR0194,BOOK_A,2025-08-26
TXN0007769922,APP016,2025-01-12,settled,434755.87,EUR,EMEA,CP0271,SWAP,TDR0109,BOOK_C,2025-07-25
TXN0002223393,APP002,2026-04-01,pending,920821.46,USD,APAC,CP0300,BOND,TDR0117,BOOK_A,2025-05-16
TXN0001933078,APP010,2025-12-16,settled,359694.22,EUR,EMEA,CP0330,FUTURE,TDR0005,BOOK_D,2026-01-13
TXN0005825064,APP003,2026-01-19,active,357046.57,CHF,EMEA,CP0175,FUTURE,TDR0018,BOOK_D,2025-12-29
TXN0002860820,APP020,2025-06-16,failed,240484.4,USD,EMEA,CP0194,BOND,TDR0162,BOOK_A,2025-12-04
TXN0008606865,APP003,2025-09-09,reversed,444546.49,JPY,EMEA,CP0303,SWAP,TDR0072,BOOK_C,2025-07-28
TXN0001681968,APP004,2025-05-15,pending,854458.88,AUD,APAC,CP0180,BOND,TDR0100,BOOK_D,2025-09-10
TXN0001828991,APP005,2025-05-24,pending,162131.66,USD,EMEA,CP0318,OPTION,TDR0193,BOOK_A,2026-02-18
TXN0004430685,APP019,2025-09-14,reversed,77943.27,AUD,AMER,CP0490,EQUITY,TDR0038,BOOK_C,2025-04-13
TXN0008245791,APP013,2025-05-18,failed,951580.68,EUR,APAC,CP0004,BOND,TDR0026,BOOK_D,2026-03-06
TXN0004772464,APP018,2025-03-03,failed,936666.38,USD,APAC,CP0067,OPTION,TDR0144,BOOK_A,2025-12-15
TXN0006081283,APP016,2025-05-04,settled,981250.09,EUR,EMEA,CP0200,EQUITY,TDR0198,BOOK_C,2026-01-01
TXN0005883806,APP010,2025-06-21,failed,932346.35,CHF,AMER,CP0441,EQUITY,TDR0140,BOOK_B,2025-08-25
TXN0004880319,APP011,2026-01-26,settled,343696.0,AUD,LATAM,CP0430,FX,TDR0018,BOOK_C,2026-03-30
TXN0004925454,APP007,2026-01-20,pending,757489.74,EUR,AMER,CP0311,FX,TDR0093,BOOK_A,2025-10-24
TXN0005041078,APP008,2025-10-10,reversed,584132.82,EUR,LATAM,CP0017,FX,TDR0152,BOOK_A,2026-03-04
TXN0000553890,APP009,2025-01-22,reversed,493245.7,AUD,EMEA,CP0169,EQUITY,TDR0057,BOOK_B,2026-01-06
TXN0003287585,APP018,2025-10-12,reversed,528839.62,JPY,LATAM,CP0213,FUTURE,TDR0192,BOOK_D,2025-03-17
TXN0008461260,APP005,2026-03-06,active,799568.35,GBP,APAC,CP0142,EQUITY,TDR0001,BOOK_C,2025-07-13
TXN0006440497,APP001,2026-02-21,active,543662.36,EUR,APAC,CP0191,BOND,TDR0107,BOOK_B,2025-09-28
TXN0003456764,APP004,2026-03-14,active,143982.02,GBP,APAC,CP0297,SWAP,TDR0043,BOOK_D,2025-09-07
TXN0008828318,APP019,2025-06-13,failed,467914.26,JPY,APAC,CP0303,BOND,TDR0150,BOOK_A,2025-06-05
TXN0001941777,APP002,2025-11-28,reversed,773753.39,JPY,EMEA,CP0352,FUTURE,TDR0093,BOOK_A,2025-06-12
TXN0002860637,APP017,2025-02-09,reversed,559878.23,GBP,LATAM,CP0217,FUTURE,TDR0102,BOOK_A,2025-07-30
TXN0000546145,APP011,2026-01-30,settled,105000.2,EUR,LATAM,CP0293,FUTURE,TDR0057,BOOK_C,2025-09-12
TXN0008500643,APP008,2025-03-15,settled,307053.84,USD,AMER,CP0404,FUTURE,TDR0165,BOOK_C,2026-04-04
TXN0005484863,APP018,2026-02-10,pending,2644.65,CHF,EMEA,CP0107,EQUITY,TDR0191,BOOK_C,2025-02-05
TXN0002803128,APP005,2025-12-31,active,466236.55,JPY,AMER,CP0400,FX,TDR0027,BOOK_B,2025-12-01
TXN0009723328,APP017,2025-04-25,reversed,421544.68,JPY,AMER,CP0142,SWAP,TDR0178,BOOK_A,2025-12-20
TXN0001309259,APP007,2025-03-03,failed,898643.97,GBP,LATAM,CP0183,FX,TDR0156,BOOK_D,2025-01-02
TXN0006329171,APP010,2025-06-21,active,687031.57,AUD,LATAM,CP0179,FX,TDR0171,BOOK_A,2025-01-18
TXN0001557998,APP003,2025-10-24,active,991266.23,USD,LATAM,CP0235,FUTURE,TDR0121,BOOK_B,2025-06-24
TXN0003303955,APP014,2025-03-24,active,113236.92,JPY,EMEA,CP0299,EQUITY,TDR0075,BOOK_B,2025-03-28
TXN0001577122,APP001,2026-03-23,settled,623266.44,EUR,AMER,CP0078,BOND,TDR0075,BOOK_D,2025-02-06
TXN0007155668,APP004,2026-02-05,active,212509.28,USD,AMER,CP0077,BOND,TDR0080,BOOK_C,2026-01-18
TXN0002650987,APP007,2025-06-23,failed,977061.2,JPY,LATAM,CP0175,OPTION,TDR0110,BOOK_A,2025-01-05
TXN0008076109,APP013,2025-03-25,pending,953801.46,GBP,APAC,CP0123,FX,TDR0060,BOOK_B,2025-04-21
TXN0005310083,APP015,2025-09-07,settled,223506.28,AUD,LATAM,CP0258,FX,TDR0106,BOOK_C,2025-05-05
TXN0006193781,APP015,2025-10-07,failed,393830.29,GBP,LATAM,CP0282,FUTURE,TDR0017,BOOK_B,2025-04-20
TXN0009541174,APP018,2025-09-18,pending,823945.75,AUD,EMEA,CP0145,BOND,TDR0082,BOOK_C,2025-10-22
TXN0009752604,APP002,2025-06-06,active,881179.95,AUD,EMEA,CP0110,SWAP,TDR0151,BOOK_D,2025-07-02
TXN0007021153,APP011,2025-07-09,failed,195671.67,JPY,EMEA,CP0276,BOND,TDR0173,BOOK_C,2025-06-06
TXN0007692583,APP014,2025-03-10,reversed,293462.09,AUD,EMEA,CP0298,FX,TDR0105,BOOK_C,2025-08-13
TXN0005044125,APP014,2026-02-03,pending,487178.77,JPY,EMEA,CP0110,BOND,TDR0020,BOOK_D,2025-01-16
TXN0005958436,APP007,2025-12-13,pending,988256.03,EUR,AMER,CP0384,OPTION,TDR0013,BOOK_A,2025-09-12
TXN0006635608,APP011,2026-03-31,failed,524591.51,GBP,LATAM,CP0289,BOND,TDR0108,BOOK_A,2025-10-19
TXN0008824291,APP011,2025-03-02,reversed,936795.52,USD,EMEA,CP0146,FX,TDR0027,BOOK_C,2026-02-03
TXN0003278412,APP007,2025-11-18,failed,848559.09,EUR,LATAM,CP0379,FUTURE,TDR0177,BOOK_C,2026-03-19
TXN0005883859,APP005,2025-10-20,pending,630506.9,GBP,APAC,CP0234,FUTURE,TDR0023,BOOK_A,2025-07-07
TXN0009217741,APP005,2026-03-04,reversed,555693.97,CHF,AMER,CP0235,SWAP,TDR0164,BOOK_C,2026-02-06
TXN0008776933,APP001,2026-03-29,pending,852456.3,USD,AMER,CP0474,FX,TDR0078,BOOK_C,2025-04-19
TXN0001868988,APP008,2026-02-15,active,689267.2,EUR,LATAM,CP0373,FUTURE,TDR0004,BOOK_B,2025-12-15
TXN0004877709,APP015,2025-03-11,pending,414887.09,GBP,EMEA,CP0364,FX,TDR0147,BOOK_D,2026-02-03
TXN0003803803,APP020,2025-08-19,settled,654208.38,EUR,APAC,CP0447,SWAP,TDR0047,BOOK_A,2026-03-29
TXN0009406631,APP019,2025-09-23,active,508677.37,AUD,EMEA,CP0162,OPTION,TDR0083,BOOK_B,2025-05-24
TXN0004819119,APP018,2025-06-22,settled,29054.92,GBP,LATAM,CP0477,EQUITY,TDR0107,BOOK_A,2025-06-19
TXN0006498120,APP009,2025-10-31,active,706795.0,CHF,AMER,CP0287,FX,TDR0026,BOOK_A,2025-07-22
TXN0007516662,APP016,2026-04-04,reversed,38911.86,USD,EMEA,CP0136,FX,TDR0117,BOOK_C,2026-03-19
TXN0004668886,APP001,2025-12-18,active,188288.31,JPY,EMEA,CP0303,OPTION,TDR0103,BOOK_D,2025-05-26
TXN0006305294,APP020,2025-07-02,pending,5567.14,JPY,EMEA,CP0465,BOND,TDR0153,BOOK_A,2025-05-12
TXN0008794577,APP019,2025-09-09,pending,905671.71,AUD,EMEA,CP0027,FUTURE,TDR0049,BOOK_C,2025-10-26
TXN0003315450,APP019,2025-12-14,settled,469827.44,GBP,AMER,CP0200,EQUITY,TDR0032,BOOK_D,2025-11-18
TXN0006742913,APP015,2025-09-26,settled,9716.39,GBP,APAC,CP0285,OPTION,TDR0057,BOOK_A,2025-04-30
TXN0009858962,APP016,2025-08-06,reversed,736404.7,USD,APAC,CP0186,EQUITY,TDR0077,BOOK_D,2025-06-26
TXN0003272430,APP017,2025-01-08,settled,707391.04,GBP,APAC,CP0495,OPTION,TDR0017,BOOK_D,2025-01-13
TXN0005046982,APP011,2025-10-14,failed,155158.16,CHF,LATAM,CP0338,EQUITY,TDR0095,BOOK_B,2026-03-03
TXN0008562689,APP005,2025-09-10,reversed,689171.85,USD,APAC,CP0276,OPTION,TDR0025,BOOK_D,2025-03-05
TXN0004221452,APP014,2026-03-14,failed,181068.28,GBP,LATAM,CP0134,EQUITY,TDR0128,BOOK_C,2025-06-07
TXN0004269095,APP003,2026-04-06,failed,853505.73,JPY,EMEA,CP0177,BOND,TDR0111,BOOK_C,2025-11-23
TXN0009089685,APP013,2026-03-03,failed,198029.02,USD,AMER,CP0375,EQUITY,TDR0024,BOOK_C,2025-07-21
TXN0000289560,APP006,2025-05-21,reversed,289986.82,AUD,APAC,CP0376,OPTION,TDR0116,BOOK_C,2025-10-03
TXN0002641742,APP008,2025-07-11,reversed,661525.61,CHF,AMER,CP0383,FUTURE,TDR0083,BOOK_A,2025-08-26
TXN0005412876,APP011,2025-07-13,settled,316615.42,USD,LATAM,CP0158,FUTURE,TDR0062,BOOK_A,2025-03-07
TXN0008935290,APP016,2025-05-17,settled,902051.16,CHF,EMEA,CP0398,OPTION,TDR0070,BOOK_C,2026-04-11
TXN0007832437,APP008,2025-10-02,active,780931.41,GBP,EMEA,CP0347,EQUITY,TDR0025,BOOK_D,2025-06-20
TXN0003378303,APP001,2026-01-10,settled,760408.2,JPY,LATAM,CP0376,EQUITY,TDR0185,BOOK_D,2025-04-30
TXN0000707401,APP006,2025-10-18,settled,273200.1,CHF,AMER,CP0361,BOND,TDR0006,BOOK_A,2025-01-07
TXN0007569633,APP014,2025-02-07,active,847772.61,AUD,APAC,CP0187,EQUITY,TDR0050,BOOK_D,2025-08-14
TXN0002036230,APP016,2025-12-14,failed,386770.68,AUD,LATAM,CP0162,OPTION,TDR0044,BOOK_C,2025-12-19
TXN0000220155,APP007,2025-05-07,settled,789734.28,EUR,AMER,CP0296,EQUITY,TDR0194,BOOK_A,2025-02-06
TXN0006091466,APP020,2025-11-05,failed,439817.16,EUR,LATAM,CP0183,EQUITY,TDR0016,BOOK_D,2025-09-28
TXN0006849788,APP002,2025-06-16,settled,340610.43,GBP,AMER,CP0094,EQUITY,TDR0009,BOOK_D,2025-09-05
TXN0004460893,APP015,2025-08-06,active,188776.6,USD,AMER,CP0095,FX,TDR0067,BOOK_C,2025-06-24
TXN0001964175,APP002,2025-11-17,settled,353724.76,CHF,EMEA,CP0048,SWAP,TDR0157,BOOK_B,2025-08-10
TXN0000885100,APP012,2025-01-05,failed,241711.84,JPY,AMER,CP0090,SWAP,TDR0155,BOOK_C,2025-02-12
TXN0000270077,APP019,2026-01-31,settled,168651.26,USD,LATAM,CP0003,EQUITY,TDR0018,BOOK_A,2026-01-15
TXN0000400746,APP015,2025-04-09,reversed,191198.9,CHF,LATAM,CP0127,SWAP,TDR0050,BOOK_D,2025-02-15
TXN0009061902,APP018,2025-03-20,pending,290403.56,USD,APAC,CP0195,FX,TDR0170,BOOK_D,2026-02-18
TXN0005502396,APP002,2025-07-30,failed,235378.03,EUR,AMER,CP0138,FUTURE,TDR0161,BOOK_D,2025-12-21
TXN0008294514,APP006,2025-08-23,active,241927.82,GBP,LATAM,CP0222,SWAP,TDR0062,BOOK_B,2025-11-25
TXN0009577506,APP007,2025-02-23,reversed,439151.77,USD,APAC,CP0216,FX,TDR0119,BOOK_A,2025-03-30
TXN0005546123,APP015,2025-10-25,reversed,671397.03,EUR,EMEA,CP0313,SWAP,TDR0061,BOOK_D,2025-10-12
TXN0001673786,APP005,2025-12-08,pending,193730.61,EUR,EMEA,CP0490,FX,TDR0180,BOOK_C,2025-07-23
TXN0008967307,APP019,2025-02-08,settled,102922.72,EUR,LATAM,CP0250,SWAP,TDR0155,BOOK_D,2025-12-29
TXN0004150830,APP013,2025-04-08,active,359010.75,CHF,LATAM,CP0191,OPTION,TDR0008,BOOK_B,2026-02-07
TXN0007864708,APP004,2025-04-20,failed,565035.74,JPY,EMEA,CP0334,SWAP,TDR0022,BOOK_A,2025-06-09
TXN0000893014,APP012,2026-02-05,reversed,125532.05,JPY,AMER,CP0189,FX,TDR0103,BOOK_C,2025-03-03
TXN0005086328,APP009,2025-10-20,settled,314734.36,JPY,AMER,CP0165,OPTION,TDR0091,BOOK_A,2025-08-23
TXN0003418387,APP015,2026-01-16,reversed,960481.84,GBP,EMEA,CP0051,FUTURE,TDR0052,BOOK_D,2025-04-19
TXN0006665820,APP004,2025-12-12,reversed,167155.75,CHF,AMER,CP0448,SWAP,TDR0155,BOOK_B,2026-03-29
TXN0004721265,APP009,2026-02-10,active,39008.31,GBP,EMEA,CP0125,FX,TDR0113,BOOK_D,2025-04-22
TXN0000600156,APP017,2025-06-12,settled,890271.03,CHF,EMEA,CP0347,FUTURE,TDR0164,BOOK_D,2026-04-05
TXN0005302307,APP020,2025-03-24,active,659424.68,CHF,APAC,CP0312,BOND,TDR0105,BOOK_B,2025-01-03
TXN0006064346,APP017,2026-02-12,failed,690788.77,CHF,AMER,CP0145,FX,TDR0044,BOOK_B,2025-10-23
TXN0009907026,APP007,2025-11-06,active,902353.57,GBP,AMER,CP0236,EQUITY,TDR0037,BOOK_B,2025-06-25
TXN0001147753,APP019,2025-02-18,active,75888.19,AUD,AMER,CP0392,SWAP,TDR0084,BOOK_D,2025-08-04
TXN0000218553,APP020,2026-03-03,pending,898890.59,EUR,APAC,CP0093,SWAP,TDR0157,BOOK_D,2026-01-30
TXN0002031635,APP007,2025-03-14,reversed,131912.37,EUR,APAC,CP0082,FX,TDR0063,BOOK_D,2025-12-18
TXN0009815423,APP006,2025-02-04,reversed,775719.79,EUR,AMER,CP0333,FX,TDR0030,BOOK_D,2025-09-01
TXN0004787941,APP012,2026-04-03,failed,751200.15,AUD,EMEA,CP0163,FX,TDR0060,BOOK_C,2025-05-29
TXN0002516225,APP004,2026-01-12,reversed,757368.33,USD,APAC,CP0467,FX,TDR0039,BOOK_C,2025-08-04
TXN0007636541,APP019,2025-04-21,reversed,214649.1,AUD,AMER,CP0475,SWAP,TDR0174,BOOK_D,2025-01-29
TXN0008582049,APP017,2025-05-06,reversed,479345.02,USD,LATAM,CP0419,SWAP,TDR0130,BOOK_B,2026-02-05
TXN0005703871,APP007,2026-02-11,settled,187473.0,EUR,EMEA,CP0170,BOND,TDR0189,BOOK_B,2025-07-09
TXN0004175512,APP009,2026-02-15,pending,177142.94,EUR,LATAM,CP0215,EQUITY,TDR0153,BOOK_B,2025-11-06
TXN0002580285,APP012,2026-03-21,settled,483987.74,EUR,EMEA,CP0179,OPTION,TDR0023,BOOK_B,2025-12-31
TXN0006507083,APP003,2026-03-09,reversed,343978.16,GBP,APAC,CP0035,SWAP,TDR0050,BOOK_A,2025-09-20
TXN0001236404,APP012,2026-03-07,reversed,663856.98,EUR,LATAM,CP0173,FX,TDR0023,BOOK_B,2026-01-24
TXN0008647041,APP012,2025-04-25,active,809683.49,GBP,AMER,CP0110,FX,TDR0152,BOOK_D,2025-06-12
TXN0006810218,APP006,2025-11-11,failed,261512.38,USD,APAC,CP0421,BOND,TDR0126,BOOK_B,2025-06-12
TXN0003751106,APP011,2025-01-07,active,477266.07,AUD,APAC,CP0372,FUTURE,TDR0073,BOOK_D,2025-12-28
TXN0007958266,APP010,2025-07-03,reversed,384330.47,EUR,EMEA,CP0246,FX,TDR0131,BOOK_A,2025-01-08
TXN0003383279,APP019,2025-11-20,active,545632.61,AUD,EMEA,CP0035,OPTION,TDR0143,BOOK_A,2025-09-12
TXN0007044906,APP005,2025-11-26,pending,108181.98,AUD,AMER,CP0150,FX,TDR0155,BOOK_C,2025-10-25
TXN0000968927,APP002,2025-02-03,failed,693828.69,EUR,APAC,CP0107,FX,TDR0177,BOOK_C,2026-01-28
TXN0004203647,APP003,2026-02-04,settled,723208.49,EUR,AMER,CP0443,BOND,TDR0014,BOOK_B,2025-07-26
TXN0003701641,APP004,2026-03-20,settled,881962.45,USD,AMER,CP0288,OPTION,TDR0053,BOOK_C,2026-03-20
TXN0005665263,APP010,2025-10-09,active,413170.42,JPY,LATAM,CP0463,FUTURE,TDR0110,BOOK_B,2026-01-09
TXN0004947395,APP010,2026-01-08,reversed,235790.16,EUR,LATAM,CP0270,SWAP,TDR0100,BOOK_A,2025-07-09
TXN0005149444,APP001,2026-03-15,pending,158890.75,GBP,AMER,CP0344,BOND,TDR0027,BOOK_C,2025-11-01
TXN0001206883,APP015,2025-07-29,reversed,327815.01,EUR,EMEA,CP0381,BOND,TDR0008,BOOK_D,2025-01-31
TXN0006969391,APP004,2026-01-27,reversed,306089.2,JPY,LATAM,CP0171,FUTURE,TDR0145,BOOK_D,2025-04-15
TXN0001280949,APP007,2025-08-29,failed,750228.07,AUD,LATAM,CP0146,BOND,TDR0110,BOOK_B,2025-08-09
TXN0000671044,APP011,2026-04-12,reversed,562259.98,GBP,APAC,CP0251,FUTURE,TDR0045,BOOK_D,2025-12-05
TXN0001149083,APP012,2025-11-15,settled,283987.49,USD,EMEA,CP0184,FUTURE,TDR0200,BOOK_C,2025-08-02
TXN0007866276,APP016,2025-12-09,pending,829129.31,GBP,APAC,CP0166,FUTURE,TDR0191,BOOK_B,2026-03-26
TXN0005811662,APP017,2025-11-16,reversed,236069.97,AUD,LATAM,CP0250,SWAP,TDR0171,BOOK_D,2025-07-23
TXN0002006971,APP014,2025-04-05,reversed,685347.42,JPY,APAC,CP0483,FX,TDR0193,BOOK_D,2025-08-05
TXN0007245603,APP016,2025-01-26,failed,998456.99,USD,EMEA,CP0097,BOND,TDR0113,BOOK_D,2025-08-31
TXN0000607391,APP014,2025-06-06,settled,32096.65,AUD,AMER,CP0098,SWAP,TDR0076,BOOK_B,2026-01-08
TXN0006471983,APP020,2026-03-27,settled,747940.42,JPY,AMER,CP0238,BOND,TDR0117,BOOK_C,2025-02-18
TXN0002738510,APP002,2025-08-21,failed,555919.75,JPY,LATAM,CP0281,FUTURE,TDR0008,BOOK_D,2025-04-29
TXN0002949572,APP002,2025-04-22,settled,175178.62,AUD,LATAM,CP0355,BOND,TDR0053,BOOK_B,2025-06-15
TXN0007483079,APP012,2025-07-25,reversed,655086.31,AUD,APAC,CP0040,FX,TDR0037,BOOK_A,2025-12-27
TXN0005688960,APP011,2025-08-28,settled,123584.8,USD,LATAM,CP0256,FX,TDR0083,BOOK_C,2025-09-12
TXN0000912828,APP015,2026-02-26,failed,792768.87,EUR,APAC,CP0306,EQUITY,TDR0192,BOOK_B,2025-07-23
TXN0006754877,APP020,2025-02-05,active,678199.52,USD,EMEA,CP0366,BOND,TDR0083,BOOK_D,2025-12-12
TXN0007771287,APP003,2025-07-07,reversed,61823.42,AUD,LATAM,CP0242,SWAP,TDR0071,BOOK_C,2026-01-28
TXN0002782480,APP012,2026-02-02,settled,201641.16,GBP,APAC,CP0452,EQUITY,TDR0074,BOOK_A,2025-09-12
TXN0008673356,APP001,2025-11-15,settled,124705.5,USD,AMER,CP0043,EQUITY,TDR0012,BOOK_D,2025-05-18
TXN0007721630,APP015,2025-02-07,reversed,653036.25,CHF,APAC,CP0185,FX,TDR0158,BOOK_B,2026-03-10
TXN0009529891,APP009,2025-01-12,reversed,75631.51,GBP,LATAM,CP0386,EQUITY,TDR0126,BOOK_D,2025-09-15
TXN0000373645,APP005,2025-08-25,active,233301.5,JPY,AMER,CP0083,EQUITY,TDR0079,BOOK_D,2025-12-06
TXN0000897584,APP002,2025-11-17,failed,658857.27,AUD,EMEA,CP0202,FX,TDR0174,BOOK_A,2025-08-15
TXN0005582567,APP019,2025-03-04,settled,411873.5,AUD,AMER,CP0279,EQUITY,TDR0085,BOOK_C,2025-10-25
TXN0000796511,APP010,2025-03-24,settled,659460.95,EUR,LATAM,CP0043,BOND,TDR0125,BOOK_C,2025-06-03
TXN0001665258,APP010,2025-12-16,active,123817.65,AUD,AMER,CP0454,OPTION,TDR0164,BOOK_D,2026-01-24
TXN0005048385,APP005,2025-06-22,active,466751.54,CHF,LATAM,CP0054,BOND,TDR0038,BOOK_A,2025-02-03
TXN0002938167,APP013,2025-07-06,active,190173.28,AUD,EMEA,CP0064,EQUITY,TDR0134,BOOK_D,2025-05-03
TXN0004139369,APP005,2025-03-21,failed,104556.87,JPY,AMER,CP0211,FUTURE,TDR0049,BOOK_C,2025-01-04
TXN0007917642,APP014,2025-10-27,settled,718709.51,AUD,APAC,CP0289,SWAP,TDR0186,BOOK_A,2025-04-07
TXN0001757254,APP016,2025-11-02,reversed,637562.79,EUR,AMER,CP0056,BOND,TDR0081,BOOK_C,2025-10-19
TXN0007351457,APP013,2026-02-20,pending,437600.71,EUR,LATAM,CP0040,EQUITY,TDR0142,BOOK_B,2025-10-27
TXN0005826963,APP014,2026-03-03,pending,95969.46,USD,AMER,CP0049,SWAP,TDR0126,BOOK_A,2026-03-10
TXN0002323178,APP004,2025-05-01,settled,793496.24,EUR,EMEA,CP0101,FX,TDR0110,BOOK_B,2025-02-19
TXN0002212885,APP017,2025-06-11,failed,809869.9,JPY,APAC,CP0464,OPTION,TDR0112,BOOK_C,2025-06-07
TXN0009360630,APP013,2025-09-22,pending,849014.38,EUR,LATAM,CP0245,BOND,TDR0041,BOOK_B,2025-08-01
TXN0005380141,APP014,2026-01-23,settled,74542.44,AUD,EMEA,CP0135,BOND,TDR0117,BOOK_C,2025-04-11
TXN0005683390,APP011,2026-02-13,pending,586595.52,EUR,APAC,CP0437,SWAP,TDR0088,BOOK_D,2025-03-23
TXN0008359682,APP016,2026-02-02,settled,844940.19,JPY,EMEA,CP0349,FUTURE,TDR0132,BOOK_D,2025-10-16
TXN0000703155,APP011,2025-03-14,pending,846895.9,AUD,EMEA,CP0429,EQUITY,TDR0038,BOOK_C,2025-12-31
TXN0003395785,APP019,2026-03-29,settled,917024.41,GBP,APAC,CP0014,SWAP,TDR0052,BOOK_D,2025-05-28
TXN0001458980,APP001,2026-03-09,failed,878529.15,EUR,EMEA,CP0072,FUTURE,TDR0050,BOOK_C,2026-01-07
TXN0006589191,APP009,2026-01-20,failed,274474.59,USD,AMER,CP0054,SWAP,TDR0159,BOOK_B,2026-02-06
TXN0007215709,APP006,2026-01-20,failed,188005.37,EUR,APAC,CP0089,SWAP,TDR0070,BOOK_C,2025-10-25
TXN0005361434,APP006,2025-03-24,failed,67619.53,GBP,APAC,CP0479,OPTION,TDR0157,BOOK_C,2025-10-03
TXN0005934829,APP015,2026-01-28,reversed,951498.07,GBP,APAC,CP0186,BOND,TDR0167,BOOK_C,2025-11-10
TXN0007813557,APP004,2025-04-16,failed,28600.99,USD,AMER,CP0396,FUTURE,TDR0145,BOOK_A,2025-06-07
TXN0003843954,APP014,2026-03-23,failed,586398.04,CHF,LATAM,CP0252,FX,TDR0021,BOOK_C,2025-08-12
TXN0005051791,APP003,2025-12-14,active,938735.4,AUD,APAC,CP0122,SWAP,TDR0057,BOOK_C,2026-01-14
TXN0006272634,APP011,2025-04-01,active,639568.27,JPY,AMER,CP0059,EQUITY,TDR0048,BOOK_B,2025-06-04
TXN0007319993,APP016,2025-05-17,pending,199131.5,EUR,AMER,CP0147,FUTURE,TDR0116,BOOK_A,2026-03-24
TXN0009274754,APP012,2025-05-27,reversed,739302.22,GBP,APAC,CP0153,SWAP,TDR0175,BOOK_A,2025-06-07
TXN0004754102,APP019,2025-08-17,reversed,278139.74,JPY,AMER,CP0038,FX,TDR0147,BOOK_B,2025-08-21
TXN0000281140,APP017,2025-02-28,settled,648659.28,GBP,AMER,CP0171,FUTURE,TDR0182,BOOK_B,2025-04-26
TXN0007694104,APP017,2025-04-16,settled,886306.45,GBP,EMEA,CP0217,SWAP,TDR0017,BOOK_D,2025-08-09
TXN0006891862,APP014,2025-09-12,failed,349857.17,EUR,APAC,CP0452,OPTION,TDR0117,BOOK_B,2025-08-07
TXN0004610722,APP003,2025-02-01,active,965995.9,EUR,EMEA,CP0395,FUTURE,TDR0135,BOOK_D,2025-04-19
TXN0005924914,APP004,2025-07-05,failed,373714.16,EUR,EMEA,CP0394,FUTURE,TDR0156,BOOK_D,2025-03-31
TXN0006941612,APP019,2025-06-01,active,32226.17,EUR,APAC,CP0060,SWAP,TDR0195,BOOK_C,2026-02-07
TXN0007204916,APP016,2025-04-14,failed,567575.04,AUD,AMER,CP0393,FX,TDR0090,BOOK_B,2025-06-03
TXN0007717751,APP020,2025-04-04,settled,414143.82,JPY,LATAM,CP0441,FX,TDR0191,BOOK_C,2025-09-17
TXN0007393164,APP017,2025-09-19,pending,600569.16,USD,APAC,CP0481,FX,TDR0150,BOOK_A,2025-02-16
TXN0006364488,APP010,2025-04-16,reversed,958518.14,GBP,APAC,CP0379,SWAP,TDR0084,BOOK_C,2025-02-28
TXN0008074827,APP017,2025-06-07,reversed,313956.52,CHF,APAC,CP0384,SWAP,TDR0029,BOOK_A,2026-01-13
TXN0004236241,APP004,2026-03-09,failed,492094.01,CHF,AMER,CP0450,SWAP,TDR0001,BOOK_A,2026-02-02
TXN0003554903,APP007,2025-04-01,failed,824689.29,GBP,APAC,CP0336,BOND,TDR0003,BOOK_B,2025-02-13
TXN0005411893,APP020,2025-05-09,reversed,29489.78,CHF,EMEA,CP0064,OPTION,TDR0186,BOOK_C,2025-10-22
TXN0008339571,APP013,2025-04-21,failed,680008.94,AUD,APAC,CP0083,OPTION,TDR0001,BOOK_A,2025-08-31
TXN0008767706,APP008,2025-01-25,active,288250.95,AUD,EMEA,CP0206,FX,TDR0140,BOOK_B,2025-01-07
TXN0005518696,APP020,2026-02-27,failed,553487.37,USD,LATAM,CP0296,FUTURE,TDR0092,BOOK_C,2025-08-20
TXN0000463428,APP015,2026-03-20,pending,582222.18,USD,LATAM,CP0409,FUTURE,TDR0145,BOOK_A,2026-03-05
TXN0000785316,APP007,2025-09-29,active,343819.46,JPY,AMER,CP0032,SWAP,TDR0199,BOOK_A,2025-05-08
TXN0004148450,APP009,2025-03-24,settled,269395.93,GBP,LATAM,CP0434,SWAP,TDR0103,BOOK_C,2025-05-29
TXN0002191816,APP010,2025-06-02,settled,671174.33,EUR,AMER,CP0382,OPTION,TDR0107,BOOK_C,2025-08-23
TXN0006429223,APP013,2025-07-11,settled,45849.52,GBP,APAC,CP0153,EQUITY,TDR0062,BOOK_C,2025-11-05
TXN0000318145,APP019,2025-12-15,settled,124228.84,AUD,EMEA,CP0026,SWAP,TDR0027,BOOK_D,2025-04-12
TXN0006735152,APP012,2025-09-26,reversed,643970.13,GBP,APAC,CP0171,FX,TDR0198,BOOK_B,2025-02-09
TXN0009211766,APP015,2025-06-15,active,787430.27,USD,EMEA,CP0205,SWAP,TDR0179,BOOK_C,2025-12-19
TXN0003153520,APP014,2026-04-10,active,974897.95,EUR,LATAM,CP0310,BOND,TDR0074,BOOK_A,2025-10-28
TXN0002909848,APP014,2025-02-09,pending,601579.94,EUR,LATAM,CP0224,BOND,TDR0015,BOOK_C,2025-02-05
TXN0009502536,APP003,2026-01-31,active,291343.86,CHF,LATAM,CP0008,OPTION,TDR0095,BOOK_D,2025-08-30
TXN0008229193,APP019,2025-03-18,pending,27970.55,CHF,AMER,CP0057,FUTURE,TDR0053,BOOK_D,2025-11-08
TXN0008708194,APP001,2025-09-05,reversed,925222.54,AUD,AMER,CP0213,FX,TDR0115,BOOK_B,2025-11-29
TXN0005622078,APP015,2025-05-08,failed,222199.61,USD,LATAM,CP0002,FUTURE,TDR0076,BOOK_B,2025-02-01
TXN0007775458,APP020,2025-08-16,active,718217.07,EUR,EMEA,CP0416,SWAP,TDR0019,BOOK_D,2025-01-29
TXN0009386994,APP008,2025-02-27,pending,888592.77,JPY,LATAM,CP0246,FX,TDR0184,BOOK_D,2025-03-25
TXN0002480071,APP007,2025-04-27,reversed,310660.53,CHF,EMEA,CP0241,BOND,TDR0069,BOOK_C,2025-01-23
TXN0002761921,APP014,2025-05-06,active,37238.14,GBP,LATAM,CP0385,EQUITY,TDR0016,BOOK_D,2026-03-18
TXN0008047565,APP001,2025-04-18,settled,192268.57,USD,APAC,CP0293,FX,TDR0183,BOOK_B,2025-09-30
TXN0006465441,APP007,2025-06-23,failed,531870.65,AUD,EMEA,CP0228,BOND,TDR0137,BOOK_A,2025-02-06
TXN0008227095,APP008,2025-06-23,active,626490.45,USD,EMEA,CP0135,FX,TDR0008,BOOK_B,2025-06-01
TXN0005532505,APP009,2025-07-03,reversed,907854.09,AUD,AMER,CP0471,SWAP,TDR0097,BOOK_A,2025-09-11
TXN0002368628,APP014,2025-12-01,pending,828350.05,JPY,AMER,CP0483,BOND,TDR0140,BOOK_B,2025-04-09
TXN0008106676,APP012,2025-09-04,reversed,463158.93,GBP,AMER,CP0031,FX,TDR0148,BOOK_D,2025-12-26
TXN0001931959,APP003,2025-12-09,settled,209143.29,USD,LATAM,CP0402,OPTION,TDR0045,BOOK_A,2025-05-29
TXN0007453965,APP019,2025-09-26,active,838622.98,CHF,LATAM,CP0004,EQUITY,TDR0119,BOOK_B,2025-12-19
TXN0004404454,APP015,2025-12-08,pending,846326.03,CHF,AMER,CP0077,BOND,TDR0067,BOOK_B,2026-02-16
TXN0003367073,APP012,2025-05-10,reversed,494860.61,EUR,AMER,CP0328,BOND,TDR0187,BOOK_D,2026-02-22
TXN0004104953,APP014,2025-11-01,failed,317620.75,GBP,EMEA,CP0201,SWAP,TDR0060,BOOK_D,2025-02-14
TXN0009299050,APP007,2025-01-16,failed,589641.96,CHF,LATAM,CP0182,OPTION,TDR0178,BOOK_C,2025-07-25
TXN0002958831,APP011,2026-03-05,active,85346.65,CHF,APAC,CP0455,BOND,TDR0101,BOOK_A,2025-02-23
TXN0001048615,APP013,2025-08-30,active,676763.99,CHF,APAC,CP0409,EQUITY,TDR0117,BOOK_C,2025-03-24
TXN0007065200,APP004,2026-02-06,failed,659220.11,GBP,EMEA,CP0368,EQUITY,TDR0023,BOOK_C,2025-09-09
TXN0003929398,APP019,2025-12-20,failed,938344.28,EUR,LATAM,CP0374,OPTION,TDR0079,BOOK_D,2025-05-23
TXN0004231682,APP001,2025-01-03,settled,574496.58,GBP,LATAM,CP0347,FUTURE,TDR0119,BOOK_C,2025-09-13
TXN0005974319,APP007,2025-11-06,settled,550026.63,CHF,LATAM,CP0191,FUTURE,TDR0157,BOOK_D,2025-09-27
TXN0002521795,APP018,2025-11-12,failed,268007.82,AUD,AMER,CP0189,OPTION,TDR0059,BOOK_A,2026-02-24
TXN0008056271,APP020,2025-03-28,settled,866839.91,CHF,AMER,CP0101,EQUITY,TDR0018,BOOK_C,2025-12-20
TXN0009892148,APP005,2026-01-20,active,352362.14,GBP,AMER,CP0070,OPTION,TDR0010,BOOK_D,2025-08-27
TXN0003994942,APP005,2025-08-17,reversed,374425.13,CHF,AMER,CP0215,SWAP,TDR0053,BOOK_B,2026-02-19
TXN0002569801,APP001,2025-09-10,failed,682415.94,JPY,LATAM,CP0094,FX,TDR0195,BOOK_C,2025-11-22
TXN0009737848,APP005,2025-01-07,pending,749154.45,CHF,LATAM,CP0420,EQUITY,TDR0151,BOOK_A,2025-05-21
TXN0007219709,APP010,2026-01-08,pending,542009.24,GBP,AMER,CP0244,FX,TDR0035,BOOK_B,2025-05-17
TXN0007656818,APP016,2025-09-08,pending,970647.6,JPY,APAC,CP0085,FX,TDR0155,BOOK_C,2025-11-17
TXN0001328127,APP016,2025-10-22,failed,364328.48,CHF,EMEA,CP0131,OPTION,TDR0154,BOOK_A,2025-12-10
TXN0008367598,APP007,2025-11-15,active,118060.08,USD,AMER,CP0025,FX,TDR0102,BOOK_C,2025-06-08
TXN0000746595,APP010,2025-11-21,failed,883742.46,CHF,EMEA,CP0208,BOND,TDR0048,BOOK_B,2025-09-14
TXN0007641022,APP008,2025-07-30,failed,84996.42,CHF,EMEA,CP0237,FUTURE,TDR0140,BOOK_C,2026-03-06
TXN0003465724,APP018,2025-05-31,active,653605.24,GBP,EMEA,CP0212,FX,TDR0066,BOOK_D,2025-06-15
TXN0003084211,APP009,2025-08-17,active,815922.31,CHF,EMEA,CP0486,FUTURE,TDR0182,BOOK_A,2025-10-28
TXN0007794483,APP019,2025-05-30,reversed,643928.61,USD,AMER,CP0494,OPTION,TDR0055,BOOK_A,2025-11-18
TXN0005345874,APP006,2025-06-06,settled,305980.06,AUD,AMER,CP0402,FX,TDR0086,BOOK_A,2025-06-28
TXN0003032411,APP001,2026-03-01,settled,445058.46,AUD,LATAM,CP0135,FUTURE,TDR0198,BOOK_A,2025-05-09
TXN0004522785,APP017,2025-12-28,settled,362381.74,GBP,AMER,CP0441,FX,TDR0119,BOOK_A,2025-07-06
TXN0000694399,APP004,2026-04-06,failed,303275.08,USD,LATAM,CP0498,SWAP,TDR0048,BOOK_B,2025-12-10
TXN0005023388,APP013,2025-01-08,settled,878821.94,EUR,LATAM,CP0133,SWAP,TDR0111,BOOK_C,2025-02-11
TXN0002490729,APP008,2025-12-21,pending,494427.89,AUD,LATAM,CP0374,SWAP,TDR0190,BOOK_B,2025-03-20
TXN0008084902,APP020,2025-07-07,pending,535651.15,JPY,EMEA,CP0288,FX,TDR0004,BOOK_D,2025-02-02
TXN0005009418,APP001,2025-09-23,reversed,763716.6,USD,LATAM,CP0089,SWAP,TDR0039,BOOK_B,2026-01-15
TXN0008884068,APP010,2025-07-28,settled,682597.73,AUD,EMEA,CP0019,SWAP,TDR0130,BOOK_D,2025-10-16
TXN0008519265,APP020,2025-08-18,settled,746207.19,USD,EMEA,CP0226,FUTURE,TDR0088,BOOK_B,2026-02-22
TXN0001738521,APP006,2026-02-16,reversed,961528.38,USD,LATAM,CP0271,OPTION,TDR0149,BOOK_A,2025-06-30
TXN0002723235,APP011,2026-01-22,reversed,481097.84,GBP,AMER,CP0498,BOND,TDR0036,BOOK_C,2025-04-30
TXN0002067870,APP010,2025-02-14,failed,642649.21,USD,EMEA,CP0480,FUTURE,TDR0133,BOOK_A,2025-04-06
TXN0009602254,APP007,2026-02-22,reversed,52802.08,AUD,AMER,CP0249,EQUITY,TDR0099,BOOK_D,2026-02-17
TXN0009199429,APP007,2026-04-13,settled,195010.9,GBP,EMEA,CP0043,FUTURE,TDR0047,BOOK_C,2026-02-25
TXN0009473189,APP019,2025-06-12,reversed,517241.19,AUD,LATAM,CP0345,OPTION,TDR0039,BOOK_C,2025-11-07
TXN0002220763,APP014,2025-06-18,settled,149261.31,GBP,AMER,CP0158,SWAP,TDR0069,BOOK_C,2025-08-27
TXN0005091449,APP002,2025-08-15,settled,915122.59,CHF,EMEA,CP0450,OPTION,TDR0045,BOOK_C,2026-03-12
TXN0004631441,APP012,2025-12-02,failed,95833.35,EUR,LATAM,CP0326,FX,TDR0056,BOOK_B,2025-06-25
TXN0002584547,APP015,2025-04-20,failed,315141.94,AUD,EMEA,CP0456,EQUITY,TDR0098,BOOK_B,2025-04-16
TXN0001358227,APP011,2025-12-07,active,909942.27,EUR,APAC,CP0024,FX,TDR0137,BOOK_B,2025-06-14
TXN0009136396,APP001,2025-12-11,reversed,24870.23,EUR,EMEA,CP0376,FX,TDR0062,BOOK_B,2026-02-28
TXN0004630661,APP002,2026-01-25,active,847887.87,JPY,AMER,CP0274,EQUITY,TDR0135,BOOK_D,2025-12-03
TXN0009716916,APP004,2025-11-10,active,660320.45,EUR,EMEA,CP0460,EQUITY,TDR0163,BOOK_C,2025-03-02
TXN0009657159,APP019,2026-02-27,reversed,742539.31,AUD,EMEA,CP0409,FUTURE,TDR0161,BOOK_C,2026-03-21
TXN0008668779,APP007,2026-04-02,failed,716861.09,GBP,APAC,CP0489,FUTURE,TDR0073,BOOK_B,2025-06-29
TXN0007828769,APP003,2025-03-26,failed,163793.22,EUR,APAC,CP0197,OPTION,TDR0130,BOOK_B,2025-09-28
TXN0005010241,APP014,2025-12-09,settled,125116.3,AUD,LATAM,CP0067,FX,TDR0158,BOOK_D,2025-03-22
TXN0003778028,APP014,2025-11-27,failed,455767.16,AUD,APAC,CP0345,OPTION,TDR0082,BOOK_B,2025-06-28
TXN0008474845,APP007,2025-07-31,active,889570.04,JPY,AMER,CP0220,FX,TDR0166,BOOK_B,2025-09-26
TXN0007176643,APP005,2025-04-02,settled,549995.97,EUR,EMEA,CP0201,BOND,TDR0170,BOOK_B,2025-09-28
TXN0004566784,APP002,2025-12-26,reversed,882536.2,EUR,EMEA,CP0341,SWAP,TDR0198,BOOK_C,2025-03-03
TXN0000920537,APP019,2025-12-14,reversed,99598.05,AUD,APAC,CP0296,OPTION,TDR0157,BOOK_A,2025-06-01
TXN0006067121,APP016,2025-11-22,settled,823906.79,GBP,AMER,CP0402,FUTURE,TDR0025,BOOK_A,2025-05-07
TXN0007256631,APP011,2025-04-20,failed,782555.78,EUR,LATAM,CP0486,FX,TDR0168,BOOK_A,2025-08-11
TXN0007509574,APP007,2025-03-01,failed,194484.28,GBP,AMER,CP0137,BOND,TDR0050,BOOK_A,2025-05-19
TXN0002521653,APP002,2026-02-25,pending,406264.27,EUR,EMEA,CP0462,BOND,TDR0107,BOOK_D,2025-11-21
TXN0007342656,APP017,2025-05-24,settled,658693.01,GBP,EMEA,CP0382,FUTURE,TDR0189,BOOK_A,2025-07-22
TXN0007656202,APP005,2025-11-11,failed,12218.62,AUD,APAC,CP0371,EQUITY,TDR0013,BOOK_D,2025-01-17
TXN0005995096,APP009,2025-03-30,pending,271933.8,CHF,APAC,CP0017,EQUITY,TDR0129,BOOK_D,2025-01-07
TXN0000709992,APP012,2025-06-08,pending,911954.13,EUR,LATAM,CP0497,FX,TDR0154,BOOK_B,2025-04-03
TXN0007384231,APP010,2025-08-27,settled,932420.61,AUD,AMER,CP0456,EQUITY,TDR0079,BOOK_C,2025-05-21
TXN0009587587,APP018,2025-01-01,settled,369454.7,GBP,LATAM,CP0267,OPTION,TDR0158,BOOK_A,2025-01-17
TXN0004003416,APP008,2025-03-28,active,393917.07,GBP,EMEA,CP0299,FX,TDR0063,BOOK_A,2025-07-13
TXN0000135604,APP010,2025-09-10,reversed,719510.94,AUD,LATAM,CP0303,OPTION,TDR0136,BOOK_A,2025-07-10
TXN0003554804,APP001,2025-03-10,failed,118771.04,AUD,APAC,CP0411,FX,TDR0050,BOOK_D,2026-01-16
TXN0001630062,APP011,2025-09-21,reversed,933672.23,EUR,LATAM,CP0155,EQUITY,TDR0100,BOOK_C,2025-10-24
TXN0004480490,APP009,2025-05-21,failed,213018.34,USD,LATAM,CP0379,OPTION,TDR0028,BOOK_D,2025-10-25
TXN0008841867,APP012,2025-05-17,reversed,551525.49,CHF,LATAM,CP0414,FX,TDR0086,BOOK_D,2026-01-17
TXN0009525032,APP005,2025-08-25,pending,596151.23,USD,AMER,CP0322,BOND,TDR0160,BOOK_D,2026-02-14
TXN0008455984,APP004,2025-03-01,settled,16044.95,JPY,LATAM,CP0481,FX,TDR0027,BOOK_D,2026-04-01
TXN0007273815,APP010,2025-08-11,failed,538919.96,USD,AMER,CP0167,FX,TDR0129,BOOK_B,2025-01-11
TXN0001978960,APP007,2025-08-03,active,2690.44,AUD,APAC,CP0484,FUTURE,TDR0117,BOOK_D,2025-09-18
TXN0009028092,APP006,2025-03-22,pending,460882.12,JPY,LATAM,CP0010,SWAP,TDR0114,BOOK_B,2025-05-09
TXN0005400594,APP006,2025-06-10,reversed,355459.04,JPY,APAC,CP0282,FUTURE,TDR0106,BOOK_A,2025-07-20
TXN0006081304,APP006,2025-06-12,pending,987614.99,CHF,LATAM,CP0034,BOND,TDR0179,BOOK_C,2025-07-28
TXN0006754994,APP019,2025-02-10,reversed,273045.49,EUR,APAC,CP0050,EQUITY,TDR0036,BOOK_B,2025-08-03
TXN0006881362,APP014,2025-02-05,reversed,342009.85,AUD,AMER,CP0378,BOND,TDR0016,BOOK_B,2025-02-14
TXN0006122263,APP019,2025-08-31,settled,394642.53,AUD,EMEA,CP0153,OPTION,TDR0063,BOOK_D,2025-09-28
TXN0008403736,APP016,2025-03-04,reversed,506393.15,JPY,APAC,CP0070,BOND,TDR0106,BOOK_B,2025-04-08
TXN0009792077,APP001,2025-01-21,reversed,271033.05,GBP,AMER,CP0228,OPTION,TDR0148,BOOK_C,2025-08-26
TXN0008009413,APP014,2025-01-12,failed,21486.23,GBP,APAC,CP0192,SWAP,TDR0172,BOOK_B,2026-02-20
TXN0007205207,APP002,2025-05-15,reversed,353390.46,JPY,LATAM,CP0414,BOND,TDR0137,BOOK_A,2025-02-14
TXN0004472944,APP018,2025-02-19,active,691732.74,GBP,AMER,CP0383,FUTURE,TDR0063,BOOK_D,2026-04-03
TXN0003330647,APP001,2025-04-16,pending,318772.53,USD,AMER,CP0091,EQUITY,TDR0055,BOOK_A,2026-03-06
TXN0002047902,APP004,2025-08-01,pending,676280.92,EUR,AMER,CP0021,BOND,TDR0142,BOOK_B,2025-09-29
TXN0007424879,APP018,2025-02-04,settled,606223.67,GBP,AMER,CP0193,BOND,TDR0020,BOOK_B,2025-03-21
TXN0006161398,APP014,2025-01-08,failed,505236.45,CHF,AMER,CP0198,FUTURE,TDR0055,BOOK_B,2025-11-19
TXN0005204448,APP013,2025-08-21,pending,903356.64,EUR,EMEA,CP0176,FUTURE,TDR0016,BOOK_D,2025-09-03
TXN0005777918,APP008,2026-04-09,settled,129584.05,EUR,APAC,CP0399,FUTURE,TDR0125,BOOK_A,2026-03-13
TXN0005633198,APP012,2025-11-20,settled,539073.06,USD,EMEA,CP0410,FX,TDR0151,BOOK_C,2025-08-17
TXN0001258584,APP001,2025-11-08,reversed,772237.04,GBP,EMEA,CP0015,FUTURE,TDR0173,BOOK_A,2025-02-13
TXN0005700066,APP004,2026-03-08,active,657377.86,USD,EMEA,CP0204,SWAP,TDR0005,BOOK_B,2025-09-17
TXN0002014395,APP008,2026-01-21,settled,929511.83,EUR,LATAM,CP0120,FUTURE,TDR0008,BOOK_D,2025-12-04
TXN0002918675,APP009,2026-04-06,pending,799742.42,EUR,APAC,CP0271,SWAP,TDR0052,BOOK_B,2025-08-24
TXN0001005199,APP013,2025-06-05,settled,103045.28,GBP,AMER,CP0496,BOND,TDR0198,BOOK_D,2025-11-27
TXN0009691857,APP005,2026-03-04,reversed,98931.26,EUR,EMEA,CP0124,FX,TDR0096,BOOK_D,2025-09-27
TXN0007827512,APP015,2026-02-04,pending,863635.64,AUD,LATAM,CP0145,EQUITY,TDR0131,BOOK_C,2025-08-24
TXN0001130134,APP001,2025-09-14,reversed,823892.27,USD,EMEA,CP0368,SWAP,TDR0183,BOOK_A,2026-03-31
TXN0003929658,APP009,2025-11-19,settled,822978.04,GBP,AMER,CP0071,SWAP,TDR0152,BOOK_B,2025-12-02
TXN0001909811,APP003,2025-05-31,reversed,403642.61,EUR,EMEA,CP0082,SWAP,TDR0053,BOOK_B,2025-12-06
TXN0009390506,APP006,2026-02-16,settled,302202.59,EUR,APAC,CP0044,OPTION,TDR0117,BOOK_B,2026-03-23
TXN0003051789,APP004,2025-12-05,active,706200.64,AUD,APAC,CP0156,EQUITY,TDR0120,BOOK_C,2026-01-14
TXN0006907274,APP006,2025-06-05,failed,649728.1,JPY,EMEA,CP0120,BOND,TDR0165,BOOK_D,2026-01-30
TXN0001477819,APP011,2025-09-27,pending,129210.85,USD,EMEA,CP0167,FX,TDR0068,BOOK_A,2025-07-08
TXN0006025944,APP002,2026-02-16,settled,523556.71,GBP,EMEA,CP0137,EQUITY,TDR0089,BOOK_D,2025-09-01
TXN0001565034,APP005,2026-03-11,pending,990315.06,GBP,AMER,CP0485,FUTURE,TDR0001,BOOK_B,2025-01-09
TXN0001924789,APP003,2025-10-25,pending,242203.17,CHF,EMEA,CP0382,FX,TDR0092,BOOK_C,2025-06-26
TXN0002860783,APP007,2025-02-15,failed,685560.0,USD,APAC,CP0401,SWAP,TDR0144,BOOK_C,2026-04-01
TXN0004848918,APP007,2025-11-17,active,323605.29,GBP,APAC,CP0490,BOND,TDR0092,BOOK_A,2025-07-09
TXN0000695500,APP018,2025-11-14,reversed,268185.67,CHF,APAC,CP0439,OPTION,TDR0026,BOOK_C,2025-03-15
TXN0006015414,APP019,2025-06-13,reversed,429352.67,GBP,EMEA,CP0294,FX,TDR0011,BOOK_A,2025-06-29
TXN0003082326,APP011,2025-10-28,settled,598235.84,EUR,AMER,CP0374,OPTION,TDR0180,BOOK_A,2025-04-14
TXN0004622942,APP001,2025-09-08,reversed,103636.35,USD,APAC,CP0161,FX,TDR0080,BOOK_D,2025-08-07
TXN0002585867,APP009,2025-09-20,settled,676803.92,GBP,LATAM,CP0012,FUTURE,TDR0006,BOOK_C,2025-11-24
TXN0008321682,APP017,2025-12-31,pending,366752.79,CHF,LATAM,CP0063,BOND,TDR0079,BOOK_C,2025-12-16
TXN0000018486,APP016,2025-06-09,settled,756975.98,AUD,EMEA,CP0065,BOND,TDR0031,BOOK_D,2025-06-04
TXN0007976390,APP005,2025-12-11,reversed,236476.52,JPY,APAC,CP0098,SWAP,TDR0182,BOOK_C,2025-07-31
TXN0009571622,APP011,2025-06-26,failed,790953.28,AUD,AMER,CP0306,SWAP,TDR0180,BOOK_D,2025-01-04
TXN0007160606,APP005,2025-09-20,failed,441521.35,USD,LATAM,CP0150,EQUITY,TDR0068,BOOK_A,2025-08-28
TXN0002642626,APP007,2025-01-15,active,161915.65,JPY,EMEA,CP0433,EQUITY,TDR0087,BOOK_D,2025-03-06
TXN0005513748,APP015,2025-07-17,pending,939179.71,AUD,APAC,CP0134,FUTURE,TDR0197,BOOK_D,2025-01-30
TXN0004820477,APP001,2025-08-30,failed,801348.95,CHF,APAC,CP0442,EQUITY,TDR0090,BOOK_B,2025-05-12
TXN0003351614,APP020,2025-09-04,settled,874128.0,GBP,EMEA,CP0193,BOND,TDR0144,BOOK_C,2025-12-01
TXN0001477190,APP004,2025-06-13,active,699607.84,CHF,AMER,CP0049,SWAP,TDR0003,BOOK_C,2026-03-14
TXN0006840041,APP018,2025-01-24,pending,869204.18,JPY,APAC,CP0128,BOND,TDR0119,BOOK_C,2025-05-24
TXN0006475586,APP004,2026-03-21,pending,987112.11,EUR,LATAM,CP0163,BOND,TDR0067,BOOK_A,2025-03-11
TXN0001542211,APP006,2026-01-20,settled,451337.68,CHF,AMER,CP0006,BOND,TDR0041,BOOK_C,2025-02-06
TXN0001481493,APP002,2025-08-05,reversed,990904.08,EUR,APAC,CP0002,OPTION,TDR0057,BOOK_D,2025-11-02
TXN0005323204,APP007,2025-06-19,pending,28233.49,CHF,APAC,CP0097,OPTION,TDR0028,BOOK_A,2025-03-11
TXN0007671666,APP003,2025-03-22,settled,877253.24,CHF,APAC,CP0067,FUTURE,TDR0150,BOOK_A,2025-09-11
TXN0005780737,APP019,2025-10-31,settled,821221.27,CHF,APAC,CP0255,EQUITY,TDR0056,BOOK_A,2025-01-12
TXN0009965224,APP015,2025-01-15,pending,661342.0,USD,LATAM,CP0247,FX,TDR0114,BOOK_D,2025-05-10
TXN0001239705,APP003,2026-01-20,reversed,787287.96,USD,AMER,CP0089,EQUITY,TDR0063,BOOK_B,2026-02-10
TXN0004539393,APP020,2025-09-10,active,899386.02,AUD,EMEA,CP0077,EQUITY,TDR0032,BOOK_C,2025-12-10
TXN0009353560,APP002,2025-12-20,active,775396.9,USD,EMEA,CP0465,SWAP,TDR0170,BOOK_A,2025-10-27
TXN0009911027,APP010,2025-05-06,pending,86213.61,USD,LATAM,CP0381,FUTURE,TDR0059,BOOK_D,2025-10-05
TXN0004875455,APP006,2026-02-02,failed,500550.66,CHF,EMEA,CP0311,OPTION,TDR0088,BOOK_C,2025-03-02
TXN0006496590,APP003,2025-06-13,failed,727930.15,AUD,APAC,CP0182,EQUITY,TDR0079,BOOK_C,2025-09-07
TXN0002403630,APP004,2026-03-01,settled,703740.73,AUD,EMEA,CP0476,FX,TDR0158,BOOK_D,2025-04-06
TXN0008006622,APP009,2025-12-30,settled,283693.65,EUR,APAC,CP0266,FUTURE,TDR0186,BOOK_D,2025-06-27
TXN0002393009,APP013,2025-05-25,settled,945980.24,CHF,EMEA,CP0142,OPTION,TDR0027,BOOK_C,2025-04-08
TXN0005238122,APP014,2026-02-03,failed,766688.89,EUR,LATAM,CP0495,SWAP,TDR0078,BOOK_D,2025-07-08
TXN0009800427,APP019,2026-03-21,settled,528733.39,USD,EMEA,CP0396,FUTURE,TDR0110,BOOK_C,2026-01-18
TXN0004307782,APP001,2025-04-04,pending,312624.71,USD,LATAM,CP0499,FX,TDR0063,BOOK_B,2025-08-15
TXN0000616751,APP016,2025-09-12,failed,906933.07,GBP,LATAM,CP0472,FUTURE,TDR0043,BOOK_B,2025-04-04
TXN0009319849,APP005,2025-01-25,settled,243922.58,GBP,LATAM,CP0443,OPTION,TDR0192,BOOK_C,2026-01-08
TXN0004950040,APP009,2025-06-25,settled,329067.38,JPY,EMEA,CP0472,SWAP,TDR0046,BOOK_B,2025-10-13
TXN0006444166,APP012,2025-12-16,settled,40029.61,CHF,APAC,CP0173,OPTION,TDR0135,BOOK_B,2025-03-16
TXN0007761563,APP014,2025-06-05,reversed,59097.16,USD,AMER,CP0456,SWAP,TDR0029,BOOK_B,2026-01-15
TXN0005890979,APP018,2025-01-16,pending,482080.92,AUD,APAC,CP0274,OPTION,TDR0149,BOOK_C,2026-01-04
TXN0004343805,APP016,2025-01-15,failed,318449.84,GBP,EMEA,CP0429,EQUITY,TDR0024,BOOK_A,2025-08-24
TXN0009804736,APP006,2025-11-02,active,914843.59,USD,LATAM,CP0461,FUTURE,TDR0178,BOOK_B,2025-12-29
TXN0007418948,APP014,2026-04-05,failed,154916.86,CHF,AMER,CP0212,SWAP,TDR0068,BOOK_B,2025-03-18
TXN0003015175,APP002,2026-03-11,reversed,447275.59,AUD,APAC,CP0201,EQUITY,TDR0191,BOOK_A,2025-11-28
TXN0000148910,APP011,2025-05-26,pending,540747.01,USD,LATAM,CP0305,OPTION,TDR0074,BOOK_C,2025-01-28
TXN0006017948,APP007,2026-04-10,failed,879901.36,AUD,APAC,CP0381,FX,TDR0096,BOOK_C,2025-05-28
TXN0009150664,APP018,2025-04-27,failed,164503.0,CHF,LATAM,CP0118,SWAP,TDR0081,BOOK_D,2025-10-23
TXN0008067651,APP017,2025-02-11,pending,753193.75,AUD,EMEA,CP0048,SWAP,TDR0099,BOOK_C,2025-05-17
TXN0007622044,APP012,2025-01-19,failed,28118.67,EUR,APAC,CP0027,OPTION,TDR0182,BOOK_B,2025-10-21
TXN0006511725,APP009,2025-03-26,active,537992.56,JPY,LATAM,CP0221,BOND,TDR0127,BOOK_A,2026-01-10
TXN0000284850,APP011,2026-01-10,settled,929198.38,JPY,LATAM,CP0021,EQUITY,TDR0144,BOOK_B,2025-02-13
TXN0002285527,APP007,2025-12-06,active,631538.03,EUR,EMEA,CP0475,FUTURE,TDR0200,BOOK_D,2026-01-16
TXN0009260235,APP020,2025-02-01,reversed,514347.08,CHF,AMER,CP0498,FX,TDR0136,BOOK_C,2026-03-28
TXN0000810423,APP016,2026-01-11,pending,927521.53,GBP,APAC,CP0357,OPTION,TDR0088,BOOK_C,2025-06-19
TXN0008747683,APP020,2025-03-13,failed,53236.44,GBP,EMEA,CP0116,EQUITY,TDR0061,BOOK_A,2025-02-21
TXN0003279191,APP005,2026-03-30,pending,588592.59,AUD,LATAM,CP0448,OPTION,TDR0160,BOOK_A,2025-10-16
TXN0004899177,APP003,2025-08-31,active,714264.66,CHF,LATAM,CP0236,BOND,TDR0009,BOOK_D,2025-01-13
TXN0009482627,APP014,2025-03-07,reversed,860161.01,AUD,APAC,CP0050,EQUITY,TDR0062,BOOK_D,2025-11-30
TXN0000980423,APP014,2025-04-14,pending,47496.68,JPY,EMEA,CP0327,FX,TDR0198,BOOK_A,2025-08-05
TXN0005945392,APP009,2025-04-17,pending,579402.22,CHF,EMEA,CP0323,OPTION,TDR0071,BOOK_C,2025-10-10
TXN0002155572,APP013,2025-07-10,failed,558030.95,GBP,EMEA,CP0278,SWAP,TDR0155,BOOK_B,2026-02-15
TXN0002867806,APP005,2025-11-08,failed,560746.84,CHF,LATAM,CP0495,SWAP,TDR0139,BOOK_D,2025-02-18
TXN0003258695,APP013,2026-03-02,reversed,918356.89,CHF,EMEA,CP0422,SWAP,TDR0110,BOOK_B,2025-03-09
TXN0007459520,APP013,2025-02-16,pending,427580.98,USD,APAC,CP0467,SWAP,TDR0080,BOOK_A,2025-12-22
TXN0005148973,APP013,2025-09-03,failed,485612.65,AUD,LATAM,CP0223,FX,TDR0002,BOOK_D,2025-12-03
TXN0005429696,APP018,2025-05-18,failed,429691.3,CHF,EMEA,CP0295,OPTION,TDR0099,BOOK_D,2025-04-25
TXN0009792319,APP002,2026-04-01,reversed,933435.6,AUD,AMER,CP0437,BOND,TDR0099,BOOK_A,2025-01-11
TXN0000738405,APP016,2026-03-10,active,925047.46,CHF,APAC,CP0456,EQUITY,TDR0145,BOOK_C,2025-08-21
TXN0008555804,APP007,2026-01-18,reversed,697513.68,JPY,AMER,CP0500,SWAP,TDR0129,BOOK_C,2025-10-09
TXN0005759226,APP003,2025-12-03,active,555884.48,USD,LATAM,CP0303,OPTION,TDR0099,BOOK_B,2025-07-25
TXN0005032421,APP006,2026-02-09,failed,473412.52,USD,EMEA,CP0399,EQUITY,TDR0189,BOOK_C,2025-06-20
TXN0006847615,APP005,2026-04-04,settled,250171.23,CHF,EMEA,CP0105,OPTION,TDR0029,BOOK_A,2025-11-26
TXN0007691208,APP013,2025-04-13,failed,746539.55,USD,EMEA,CP0393,FUTURE,TDR0058,BOOK_A,2026-03-07
TXN0002020678,APP017,2025-07-04,reversed,621170.93,JPY,APAC,CP0433,OPTION,TDR0072,BOOK_A,2025-12-15
TXN0006366022,APP003,2025-04-16,reversed,641996.06,USD,AMER,CP0219,FX,TDR0070,BOOK_C,2025-05-14
TXN0001144398,APP008,2025-05-23,active,839552.87,USD,EMEA,CP0162,FUTURE,TDR0007,BOOK_D,2025-01-11
TXN0002802586,APP005,2025-02-13,reversed,303991.49,GBP,LATAM,CP0325,BOND,TDR0075,BOOK_A,2025-04-05
TXN0004087016,APP005,2025-10-26,pending,451399.4,CHF,EMEA,CP0253,FX,TDR0060,BOOK_A,2026-02-03
TXN0006128548,APP016,2025-11-13,settled,163928.1,GBP,LATAM,CP0306,EQUITY,TDR0139,BOOK_B,2025-04-04
TXN0006168933,APP019,2025-03-26,active,817000.73,AUD,AMER,CP0130,SWAP,TDR0146,BOOK_B,2026-02-21
TXN0002527738,APP008,2025-04-26,active,950843.58,AUD,APAC,CP0054,FX,TDR0102,BOOK_A,2025-01-01
TXN0003760950,APP016,2026-01-28,settled,796771.47,USD,AMER,CP0265,BOND,TDR0019,BOOK_D,2025-04-13
TXN0008686052,APP009,2025-03-08,reversed,395235.75,JPY,APAC,CP0482,FX,TDR0177,BOOK_C,2025-05-20
TXN0006510025,APP015,2026-02-16,active,289568.24,JPY,APAC,CP0484,SWAP,TDR0023,BOOK_B,2026-03-18
TXN0004887272,APP006,2025-05-09,active,930638.4,AUD,EMEA,CP0330,FUTURE,TDR0037,BOOK_D,2025-08-08
TXN0009415953,APP020,2025-06-15,active,167188.24,JPY,LATAM,CP0278,EQUITY,TDR0188,BOOK_D,2025-03-14
TXN0003372991,APP016,2025-10-12,failed,357880.47,USD,EMEA,CP0495,FX,TDR0011,BOOK_C,2026-03-03
TXN0000964021,APP012,2025-02-17,active,903702.39,CHF,LATAM,CP0174,SWAP,TDR0031,BOOK_A,2025-08-22
TXN0008716150,APP015,2025-10-08,active,866164.52,USD,EMEA,CP0014,FUTURE,TDR0196,BOOK_C,2025-09-22
TXN0002771112,APP014,2025-11-25,pending,323197.3,AUD,APAC,CP0456,FX,TDR0006,BOOK_A,2025-04-30
TXN0008192101,APP002,2025-01-07,settled,621188.77,AUD,LATAM,CP0331,BOND,TDR0006,BOOK_D,2026-02-07
TXN0005736367,APP015,2025-08-30,reversed,235098.36,USD,EMEA,CP0032,FX,TDR0143,BOOK_C,2025-03-07
TXN0001929570,APP008,2025-09-22,failed,442326.5,USD,EMEA,CP0336,OPTION,TDR0014,BOOK_A,2026-04-03
TXN0004370015,APP013,2025-01-14,settled,543151.39,JPY,EMEA,CP0389,SWAP,TDR0150,BOOK_B,2025-01-01
TXN0004147475,APP014,2025-05-10,active,203125.15,AUD,AMER,CP0404,OPTION,TDR0142,BOOK_B,2025-02-15
TXN0009026564,APP015,2025-08-01,active,320942.21,CHF,AMER,CP0077,FUTURE,TDR0100,BOOK_B,2025-01-06
TXN0005747171,APP002,2025-06-02,active,877276.4,USD,EMEA,CP0139,FX,TDR0007,BOOK_A,2025-06-14
TXN0001613660,APP012,2025-11-27,reversed,356318.76,AUD,EMEA,CP0210,OPTION,TDR0131,BOOK_D,2026-03-13
TXN0000280279,APP004,2025-06-26,failed,895512.6,CHF,AMER,CP0461,FX,TDR0068,BOOK_B,2025-10-10
TXN0006920233,APP007,2025-12-08,settled,532756.79,CHF,LATAM,CP0238,EQUITY,TDR0082,BOOK_A,2025-10-07
TXN0003715546,APP014,2025-02-25,pending,200127.48,USD,EMEA,CP0343,FUTURE,TDR0061,BOOK_B,2026-04-03
TXN0004598589,APP015,2025-01-26,failed,888310.09,JPY,APAC,CP0078,OPTION,TDR0051,BOOK_B,2025-10-14
TXN0005997178,APP016,2026-01-31,reversed,37631.82,EUR,APAC,CP0405,FUTURE,TDR0138,BOOK_C,2026-03-02
TXN0009712856,APP006,2025-08-13,settled,658304.92,AUD,AMER,CP0144,EQUITY,TDR0062,BOOK_D,2025-01-30
TXN0002123355,APP014,2026-01-23,reversed,485983.21,AUD,AMER,CP0056,OPTION,TDR0080,BOOK_C,2025-09-01
TXN0009325884,APP013,2026-03-29,failed,348145.55,CHF,EMEA,CP0025,FUTURE,TDR0018,BOOK_A,2025-10-20
TXN0000736121,APP019,2025-05-15,failed,772814.43,JPY,LATAM,CP0019,BOND,TDR0113,BOOK_D,2025-09-19
TXN0008126627,APP004,2026-02-20,failed,201757.52,EUR,EMEA,CP0192,FX,TDR0168,BOOK_D,2025-03-13
TXN0008315381,APP011,2026-02-16,active,351414.71,CHF,AMER,CP0310,FUTURE,TDR0030,BOOK_C,2025-08-03
TXN0002079610,APP006,2025-01-14,pending,973234.7,EUR,AMER,CP0273,SWAP,TDR0023,BOOK_D,2025-09-09
TXN0007805984,APP012,2026-03-17,pending,939981.59,USD,APAC,CP0227,FX,TDR0071,BOOK_B,2026-03-13
TXN0004060670,APP019,2025-10-04,pending,353109.23,GBP,AMER,CP0103,OPTION,TDR0023,BOOK_A,2026-03-14
TXN0001822180,APP019,2025-10-04,active,549246.5,JPY,AMER,CP0351,FUTURE,TDR0003,BOOK_D,2025-12-23
TXN0009842679,APP013,2025-11-02,settled,808316.93,EUR,EMEA,CP0472,SWAP,TDR0070,BOOK_B,2025-02-06
TXN0008156606,APP016,2025-12-24,settled,435725.29,AUD,APAC,CP0412,SWAP,TDR0116,BOOK_B,2025-09-15
TXN0009486008,APP020,2026-04-13,settled,990657.02,AUD,EMEA,CP0168,SWAP,TDR0131,BOOK_C,2025-02-03
TXN0005711893,APP017,2025-05-28,reversed,915676.28,USD,APAC,CP0071,EQUITY,TDR0043,BOOK_D,2026-01-22
TXN0007855459,APP005,2025-08-18,active,310478.78,AUD,APAC,CP0134,OPTION,TDR0065,BOOK_A,2025-10-28
TXN0005409715,APP005,2025-04-10,settled,909581.45,CHF,EMEA,CP0256,EQUITY,TDR0188,BOOK_A,2025-01-07
TXN0003632193,APP018,2026-03-03,settled,771600.66,EUR,AMER,CP0135,OPTION,TDR0070,BOOK_B,2025-03-22
TXN0006795538,APP007,2025-10-04,failed,393107.13,GBP,LATAM,CP0467,SWAP,TDR0196,BOOK_C,2026-01-02
TXN0006213439,APP014,2026-03-21,active,495102.26,AUD,AMER,CP0435,FX,TDR0065,BOOK_D,2025-12-15
TXN0006495112,APP016,2025-09-05,failed,337285.05,AUD,APAC,CP0113,FUTURE,TDR0026,BOOK_D,2026-02-23
TXN0005105474,APP002,2025-04-01,reversed,441783.57,GBP,EMEA,CP0478,OPTION,TDR0093,BOOK_C,2025-05-30
TXN0003790266,APP016,2025-02-16,reversed,339379.45,EUR,APAC,CP0371,FUTURE,TDR0165,BOOK_D,2026-03-12
TXN0002484716,APP004,2026-02-28,active,978434.77,AUD,EMEA,CP0500,SWAP,TDR0195,BOOK_A,2025-08-05
TXN0000570553,APP017,2025-12-25,settled,706837.46,GBP,EMEA,CP0377,FX,TDR0160,BOOK_B,2025-02-28
TXN0002853148,APP009,2025-05-14,settled,784797.7,AUD,LATAM,CP0234,FUTURE,TDR0033,BOOK_C,2026-02-17
TXN0001186630,APP001,2026-02-01,active,114525.79,GBP,LATAM,CP0398,FX,TDR0067,BOOK_B,2025-12-24
TXN0005506627,APP001,2025-10-21,failed,399451.77,GBP,APAC,CP0206,FX,TDR0107,BOOK_D,2025-01-15
TXN0001801897,APP003,2025-06-05,failed,236360.87,USD,EMEA,CP0425,OPTION,TDR0029,BOOK_D,2025-05-01
TXN0003789160,APP005,2025-01-29,pending,740964.1,AUD,AMER,CP0491,EQUITY,TDR0024,BOOK_C,2025-11-12
TXN0000062085,APP002,2025-10-30,reversed,249237.76,USD,LATAM,CP0357,FUTURE,TDR0019,BOOK_A,2025-06-09
TXN0009842251,APP006,2025-08-01,pending,230076.51,AUD,AMER,CP0102,FX,TDR0069,BOOK_A,2025-06-30
TXN0008120280,APP013,2025-03-01,settled,649209.32,EUR,APAC,CP0197,FUTURE,TDR0083,BOOK_B,2026-03-22
TXN0002967811,APP007,2025-11-21,reversed,765872.82,AUD,AMER,CP0166,BOND,TDR0074,BOOK_A,2025-06-26
TXN0009337583,APP014,2025-07-18,active,933563.35,CHF,AMER,CP0003,FX,TDR0153,BOOK_C,2025-07-23
TXN0007171441,APP002,2025-05-11,failed,689406.69,AUD,EMEA,CP0097,BOND,TDR0037,BOOK_D,2025-11-30
TXN0009910398,APP015,2026-03-16,settled,439363.59,JPY,AMER,CP0234,BOND,TDR0174,BOOK_C,2025-02-15
TXN0006473246,APP017,2025-05-13,active,920344.08,USD,LATAM,CP0229,OPTION,TDR0071,BOOK_A,2025-05-31
TXN0000455484,APP001,2025-12-15,pending,483139.3,AUD,LATAM,CP0175,FUTURE,TDR0086,BOOK_D,2025-02-25
TXN0001617934,APP002,2025-10-27,pending,811538.34,GBP,APAC,CP0320,BOND,TDR0120,BOOK_C,2025-12-11
TXN0001949397,APP018,2025-01-21,pending,636817.88,CHF,APAC,CP0208,FX,TDR0155,BOOK_B,2025-03-24
TXN0002357084,APP005,2025-10-04,pending,902488.33,GBP,EMEA,CP0369,FUTURE,TDR0056,BOOK_D,2025-10-19
TXN0006491585,APP008,2025-10-01,active,878029.35,USD,EMEA,CP0226,BOND,TDR0130,BOOK_C,2025-08-08
TXN0004155341,APP004,2026-03-03,settled,949088.51,AUD,AMER,CP0443,OPTION,TDR0056,BOOK_B,2025-09-22
TXN0000051846,APP018,2025-08-26,failed,744490.89,GBP,LATAM,CP0346,BOND,TDR0193,BOOK_C,2026-01-02
TXN0006240296,APP001,2026-01-20,failed,618590.51,JPY,EMEA,CP0268,FX,TDR0009,BOOK_B,2025-06-06
TXN0001306414,APP005,2026-04-10,pending,723039.89,AUD,LATAM,CP0082,FX,TDR0099,BOOK_D,2025-12-27
TXN0006410445,APP009,2025-04-29,reversed,100950.56,CHF,LATAM,CP0058,OPTION,TDR0144,BOOK_C,2025-03-10
TXN0003938746,APP013,2025-01-02,settled,946146.7,CHF,APAC,CP0043,FUTURE,TDR0129,BOOK_D,2025-02-16
TXN0000679687,APP005,2025-08-08,failed,376791.23,USD,AMER,CP0284,EQUITY,TDR0149,BOOK_C,2025-07-02
TXN0009626147,APP008,2025-09-11,pending,971585.53,GBP,APAC,CP0497,EQUITY,TDR0172,BOOK_D,2026-01-16
TXN0004778299,APP019,2025-04-28,failed,651668.17,GBP,LATAM,CP0270,BOND,TDR0105,BOOK_B,2026-02-18
TXN0009045995,APP020,2025-06-11,active,732500.4,JPY,EMEA,CP0228,BOND,TDR0060,BOOK_D,2026-02-19
TXN0002106005,APP001,2025-02-15,pending,994479.52,CHF,EMEA,CP0118,OPTION,TDR0137,BOOK_C,2026-03-22
TXN0007249068,APP017,2025-09-05,settled,953303.09,USD,APAC,CP0087,FX,TDR0071,BOOK_C,2025-03-18
TXN0002570050,APP011,2025-10-25,reversed,337838.39,JPY,AMER,CP0005,OPTION,TDR0135,BOOK_D,2025-08-07
TXN0004162884,APP015,2025-10-20,reversed,93316.47,JPY,AMER,CP0160,FUTURE,TDR0069,BOOK_A,2025-08-23
TXN0005708015,APP002,2025-03-07,active,723566.08,EUR,APAC,CP0346,FX,TDR0052,BOOK_C,2025-12-23
TXN0006735469,APP017,2025-06-04,active,857208.67,JPY,AMER,CP0425,OPTION,TDR0166,BOOK_B,2025-09-20
TXN0008451007,APP014,2026-03-24,pending,240204.08,JPY,LATAM,CP0440,EQUITY,TDR0014,BOOK_A,2025-06-06
TXN0004032525,APP001,2025-11-16,active,93936.95,EUR,LATAM,CP0035,SWAP,TDR0150,BOOK_A,2025-04-02
TXN0001347646,APP004,2025-04-13,failed,816142.12,EUR,APAC,CP0475,SWAP,TDR0031,BOOK_A,2025-04-03
TXN0002613763,APP002,2025-03-10,pending,61686.04,EUR,EMEA,CP0326,OPTION,TDR0145,BOOK_C,2025-04-28
TXN0009742256,APP015,2025-06-09,settled,196974.99,AUD,APAC,CP0076,OPTION,TDR0083,BOOK_C,2025-03-06
TXN0008819194,APP016,2025-10-17,pending,680068.4,CHF,AMER,CP0182,OPTION,TDR0070,BOOK_D,2025-09-04
TXN0004641807,APP008,2026-01-13,reversed,751092.41,CHF,AMER,CP0028,FUTURE,TDR0119,BOOK_D,2025-08-15
TXN0002083366,APP001,2026-02-09,failed,839814.16,USD,AMER,CP0229,FUTURE,TDR0087,BOOK_C,2025-09-02
TXN0000911351,APP010,2025-11-28,settled,811774.05,JPY,EMEA,CP0403,OPTION,TDR0024,BOOK_A,2025-02-25
TXN0001364959,APP004,2025-08-19,settled,170962.96,AUD,AMER,CP0020,FUTURE,TDR0059,BOOK_B,2026-04-12
TXN0005003487,APP016,2025-10-04,reversed,85381.03,EUR,LATAM,CP0080,SWAP,TDR0056,BOOK_A,2025-04-01
TXN0000796071,APP001,2025-08-06,reversed,20411.38,USD,AMER,CP0343,SWAP,TDR0041,BOOK_C,2025-01-27
TXN0006289613,APP014,2025-08-23,pending,925670.79,GBP,LATAM,CP0352,EQUITY,TDR0080,BOOK_D,2025-02-15
TXN0001846353,APP014,2025-09-14,failed,185190.31,AUD,LATAM,CP0170,FUTURE,TDR0145,BOOK_D,2025-07-07
TXN0001371124,APP016,2025-09-02,reversed,376398.06,JPY,LATAM,CP0434,SWAP,TDR0110,BOOK_D,2026-04-04
TXN0004720299,APP011,2025-04-13,pending,717544.69,CHF,LATAM,CP0008,SWAP,TDR0162,BOOK_C,2025-08-14
TXN0001978829,APP012,2026-04-01,reversed,629068.47,GBP,APAC,CP0018,EQUITY,TDR0027,BOOK_C,2025-09-22
TXN0006396429,APP017,2025-09-14,settled,791580.61,AUD,AMER,CP0291,FX,TDR0067,BOOK_D,2025-05-27
TXN0007569096,APP001,2025-10-05,reversed,131026.62,JPY,AMER,CP0393,FUTURE,TDR0034,BOOK_B,2026-02-04
TXN0000440166,APP009,2025-07-07,pending,105426.05,GBP,EMEA,CP0227,EQUITY,TDR0167,BOOK_B,2025-11-04
TXN0007849942,APP018,2025-06-30,active,823629.17,EUR,LATAM,CP0035,SWAP,TDR0091,BOOK_A,2025-11-08
TXN0007690775,APP010,2025-04-15,active,454236.95,USD,AMER,CP0479,FX,TDR0188,BOOK_D,2025-02-18
TXN0004562600,APP013,2025-04-13,reversed,986020.15,EUR,EMEA,CP0478,FX,TDR0071,BOOK_B,2025-04-08
TXN0003398707,APP010,2026-02-18,active,991883.25,GBP,EMEA,CP0187,FX,TDR0112,BOOK_D,2025-12-19
TXN0007662650,APP016,2025-04-28,reversed,393704.7,CHF,AMER,CP0488,FUTURE,TDR0001,BOOK_A,2025-04-01
TXN0001115234,APP015,2025-07-14,active,548536.14,EUR,AMER,CP0033,BOND,TDR0180,BOOK_D,2025-11-23
TXN0001576894,APP009,2025-03-02,active,260529.25,AUD,AMER,CP0183,SWAP,TDR0054,BOOK_A,2025-08-07
TXN0009133597,APP006,2025-06-20,settled,282951.31,EUR,AMER,CP0418,EQUITY,TDR0135,BOOK_D,2025-01-15
TXN0004752616,APP020,2025-06-14,failed,573610.32,GBP,APAC,CP0126,BOND,TDR0146,BOOK_C,2025-10-13
TXN0006840626,APP006,2025-09-20,reversed,413078.82,USD,LATAM,CP0094,FUTURE,TDR0106,BOOK_B,2025-10-25
TXN0008288068,APP016,2025-07-21,active,211943.05,GBP,AMER,CP0027,EQUITY,TDR0097,BOOK_A,2025-03-01
TXN0007363955,APP007,2025-03-29,pending,932766.01,EUR,AMER,CP0405,SWAP,TDR0089,BOOK_D,2025-01-30
TXN0000046721,APP016,2025-02-11,pending,812791.28,EUR,AMER,CP0285,SWAP,TDR0029,BOOK_D,2025-12-11
TXN0008968209,APP006,2026-02-13,failed,660562.91,EUR,AMER,CP0458,BOND,TDR0108,BOOK_A,2025-12-09
TXN0007238051,APP006,2026-01-15,pending,595855.85,JPY,LATAM,CP0312,FUTURE,TDR0182,BOOK_A,2025-08-09
TXN0000958433,APP012,2025-05-06,failed,286710.71,GBP,LATAM,CP0108,FX,TDR0125,BOOK_A,2025-11-22
TXN0002600871,APP007,2025-06-01,settled,729546.52,AUD,AMER,CP0438,FX,TDR0070,BOOK_B,2025-01-04
TXN0009130554,APP007,2025-09-09,failed,331386.11,EUR,LATAM,CP0175,FX,TDR0155,BOOK_C,2025-06-24
TXN0003594778,APP018,2025-06-13,reversed,970006.34,JPY,AMER,CP0477,EQUITY,TDR0128,BOOK_C,2025-11-04
TXN0001534836,APP003,2026-02-20,active,712226.31,AUD,APAC,CP0403,BOND,TDR0179,BOOK_A,2026-04-06
TXN0002725099,APP001,2025-11-20,pending,535953.59,GBP,EMEA,CP0118,SWAP,TDR0122,BOOK_D,2025-11-03
TXN0009215971,APP016,2025-09-04,pending,223304.64,CHF,APAC,CP0442,SWAP,TDR0041,BOOK_C,2025-11-15
TXN0003927337,APP008,2025-01-17,settled,628307.28,CHF,AMER,CP0046,BOND,TDR0120,BOOK_C,2025-06-27
TXN0006006821,APP008,2025-08-12,active,234330.51,AUD,LATAM,CP0317,EQUITY,TDR0159,BOOK_B,2025-07-17
TXN0003240103,APP003,2026-04-14,reversed,895994.17,GBP,EMEA,CP0050,SWAP,TDR0159,BOOK_A,2025-12-25
TXN0008355546,APP019,2025-03-03,settled,302548.88,USD,AMER,CP0465,FX,TDR0075,BOOK_C,2025-07-12
TXN0009726339,APP010,2025-06-30,settled,164244.48,EUR,AMER,CP0019,FUTURE,TDR0189,BOOK_D,2025-03-10
TXN0003962140,APP013,2025-06-15,active,925662.2,JPY,APAC,CP0154,EQUITY,TDR0030,BOOK_D,2026-01-14
TXN0007510854,APP005,2026-02-11,reversed,544383.82,JPY,LATAM,CP0410,FX,TDR0116,BOOK_C,2026-01-14
TXN0004001328,APP012,2025-05-09,pending,680024.4,USD,EMEA,CP0482,FX,TDR0114,BOOK_D,2025-05-20
TXN0006672224,APP016,2025-08-24,settled,969441.24,GBP,AMER,CP0151,FUTURE,TDR0105,BOOK_D,2026-01-07
TXN0003278696,APP015,2025-03-29,failed,331780.06,USD,EMEA,CP0195,FX,TDR0037,BOOK_D,2026-01-03
TXN0003812098,APP017,2025-03-14,reversed,884057.69,EUR,APAC,CP0050,EQUITY,TDR0101,BOOK_B,2025-05-03
TXN0001450491,APP018,2026-04-07,failed,597254.41,AUD,AMER,CP0035,FX,TDR0172,BOOK_B,2025-03-27
TXN0006329158,APP018,2026-01-09,active,15300.73,CHF,EMEA,CP0118,EQUITY,TDR0112,BOOK_C,2025-07-24
TXN0009279002,APP003,2026-04-12,settled,210271.75,JPY,APAC,CP0120,FX,TDR0183,BOOK_A,2025-03-05
TXN0003117026,APP020,2025-04-20,settled,335558.41,GBP,AMER,CP0438,OPTION,TDR0160,BOOK_B,2025-06-13
TXN0003348470,APP018,2025-01-28,settled,720506.28,EUR,EMEA,CP0462,EQUITY,TDR0116,BOOK_D,2026-02-21
TXN0009648761,APP011,2025-04-12,failed,546638.12,CHF,APAC,CP0493,FX,TDR0174,BOOK_D,2025-06-26
TXN0003718250,APP018,2025-09-16,failed,412318.94,AUD,EMEA,CP0377,SWAP,TDR0161,BOOK_A,2026-01-07
TXN0008371291,APP007,2025-05-08,active,617349.99,CHF,LATAM,CP0486,EQUITY,TDR0118,BOOK_B,2026-02-01
TXN0009735008,APP005,2026-02-10,settled,872281.71,CHF,APAC,CP0267,SWAP,TDR0065,BOOK_A,2025-08-06
TXN0005787731,APP007,2025-11-12,reversed,216284.97,AUD,LATAM,CP0224,SWAP,TDR0094,BOOK_B,2026-01-06
TXN0009830481,APP019,2025-03-06,active,267967.4,USD,LATAM,CP0197,FUTURE,TDR0035,BOOK_C,2025-12-19
TXN0007146402,APP003,2025-02-15,pending,52187.09,AUD,APAC,CP0446,FUTURE,TDR0143,BOOK_C,2025-09-04
TXN0008177969,APP005,2025-01-25,settled,336131.48,JPY,EMEA,CP0466,FUTURE,TDR0098,BOOK_A,2025-02-14
TXN0000695788,APP008,2025-10-19,settled,244759.1,EUR,APAC,CP0103,OPTION,TDR0098,BOOK_D,2025-02-13
TXN0002748696,APP002,2026-01-13,active,797650.35,JPY,EMEA,CP0470,FX,TDR0024,BOOK_C,2025-10-17
TXN0007359842,APP016,2025-04-22,failed,430045.15,USD,LATAM,CP0147,FX,TDR0076,BOOK_B,2025-07-19
TXN0008042393,APP018,2025-04-10,settled,355510.53,EUR,AMER,CP0456,SWAP,TDR0035,BOOK_A,2025-05-25
TXN0001065396,APP011,2025-04-07,pending,151662.13,USD,APAC,CP0162,OPTION,TDR0147,BOOK_D,2026-01-05
TXN0008310795,APP018,2026-03-18,pending,105974.95,AUD,AMER,CP0017,EQUITY,TDR0028,BOOK_B,2025-09-26
TXN0005791325,APP007,2025-08-30,settled,597261.51,USD,EMEA,CP0204,FUTURE,TDR0168,BOOK_D,2025-03-04
TXN0004651133,APP004,2025-10-25,settled,626786.17,CHF,EMEA,CP0245,EQUITY,TDR0132,BOOK_A,2025-11-14
TXN0001106175,APP017,2026-03-14,reversed,872922.78,CHF,APAC,CP0161,EQUITY,TDR0195,BOOK_C,2026-03-08
TXN0008320643,APP019,2025-08-25,active,978743.69,CHF,EMEA,CP0182,EQUITY,TDR0078,BOOK_D,2025-06-16
TXN0004455606,APP006,2025-10-11,settled,594749.5,USD,AMER,CP0414,SWAP,TDR0172,BOOK_D,2025-05-09
TXN0009400744,APP002,2026-02-11,pending,960866.35,EUR,AMER,CP0060,FUTURE,TDR0167,BOOK_D,2025-02-09
TXN0002528138,APP016,2026-01-24,pending,807383.12,USD,LATAM,CP0334,FUTURE,TDR0167,BOOK_D,2025-05-11
TXN0003232981,APP013,2026-03-08,failed,968816.12,USD,EMEA,CP0164,EQUITY,TDR0085,BOOK_D,2026-02-21
TXN0005137507,APP005,2025-06-17,active,576666.73,AUD,LATAM,CP0480,BOND,TDR0075,BOOK_B,2026-02-18
TXN0000543306,APP016,2025-09-11,reversed,862569.48,AUD,APAC,CP0339,EQUITY,TDR0094,BOOK_C,2026-03-01
TXN0005777802,APP011,2025-01-05,reversed,337361.27,USD,EMEA,CP0485,SWAP,TDR0094,BOOK_C,2025-10-08
TXN0004904386,APP017,2025-01-04,reversed,149423.76,CHF,AMER,CP0176,EQUITY,TDR0043,BOOK_C,2025-05-14
TXN0004097852,APP010,2026-01-06,settled,372329.75,EUR,LATAM,CP0221,EQUITY,TDR0194,BOOK_A,2025-06-07
TXN0006697404,APP019,2025-04-27,failed,865130.15,AUD,APAC,CP0084,OPTION,TDR0053,BOOK_C,2025-01-03
TXN0008656876,APP006,2026-03-22,active,922548.41,EUR,AMER,CP0270,OPTION,TDR0007,BOOK_C,2026-01-08
TXN0006641201,APP012,2025-04-09,reversed,372824.31,EUR,APAC,CP0400,OPTION,TDR0036,BOOK_D,2025-10-08
TXN0002573383,APP003,2026-04-04,active,981236.07,JPY,AMER,CP0494,BOND,TDR0081,BOOK_C,2025-06-16
TXN0001754188,APP020,2025-05-04,failed,193645.39,JPY,LATAM,CP0380,OPTION,TDR0043,BOOK_D,2025-11-15
TXN0006559098,APP006,2025-10-27,active,747831.04,USD,EMEA,CP0349,EQUITY,TDR0018,BOOK_D,2025-08-02
TXN0008886662,APP019,2025-09-13,pending,817336.17,AUD,LATAM,CP0178,FUTURE,TDR0160,BOOK_A,2025-02-05
TXN0000696945,APP014,2025-03-17,settled,194005.17,EUR,APAC,CP0032,FUTURE,TDR0006,BOOK_D,2025-03-07
TXN0004462802,APP005,2026-03-17,failed,949918.93,USD,EMEA,CP0335,FUTURE,TDR0084,BOOK_C,2025-02-23
TXN0007685270,APP011,2025-04-26,reversed,653596.17,CHF,EMEA,CP0139,SWAP,TDR0163,BOOK_C,2025-02-24
TXN0000367137,APP010,2025-02-25,failed,598395.12,AUD,LATAM,CP0108,BOND,TDR0027,BOOK_A,2025-01-20
TXN0005658685,APP009,2025-04-22,pending,845339.11,CHF,AMER,CP0017,OPTION,TDR0126,BOOK_C,2025-12-22
TXN0007611881,APP003,2026-01-04,active,241019.53,GBP,LATAM,CP0014,FX,TDR0036,BOOK_A,2025-08-09
TXN0003605336,APP006,2025-03-29,failed,482803.83,GBP,AMER,CP0324,FX,TDR0160,BOOK_B,2025-04-03
TXN0004344084,APP009,2025-02-23,pending,444440.54,CHF,LATAM,CP0083,BOND,TDR0110,BOOK_A,2025-08-07
TXN0000068188,APP011,2026-03-19,active,333637.98,EUR,AMER,CP0426,FX,TDR0051,BOOK_D,2025-09-14
TXN0002798556,APP019,2025-02-28,active,526331.72,EUR,LATAM,CP0088,BOND,TDR0145,BOOK_B,2025-11-27
TXN0007230449,APP020,2025-03-06,pending,331667.18,USD,LATAM,CP0298,BOND,TDR0033,BOOK_D,2026-02-05
TXN0001170182,APP011,2025-03-19,active,463357.49,CHF,APAC,CP0487,BOND,TDR0120,BOOK_D,2025-05-02
TXN0005808340,APP006,2026-01-10,pending,485417.36,JPY,APAC,CP0142,FX,TDR0148,BOOK_A,2026-01-26
TXN0000335051,APP006,2025-08-16,reversed,583932.7,AUD,EMEA,CP0339,FUTURE,TDR0130,BOOK_D,2025-01-10
TXN0003529180,APP004,2025-06-22,failed,922569.51,USD,EMEA,CP0255,SWAP,TDR0193,BOOK_A,2025-03-05
TXN0005569127,APP019,2025-07-17,active,693638.73,AUD,AMER,CP0220,EQUITY,TDR0098,BOOK_B,2025-02-14
TXN0003399862,APP006,2026-04-06,settled,121029.41,AUD,EMEA,CP0461,FUTURE,TDR0062,BOOK_C,2025-11-19
TXN0000876920,APP006,2025-08-07,active,827876.21,AUD,APAC,CP0104,SWAP,TDR0007,BOOK_C,2025-11-11
TXN0006972761,APP006,2025-03-17,active,710853.68,GBP,APAC,CP0101,OPTION,TDR0034,BOOK_D,2026-01-05
TXN0000458259,APP003,2025-05-02,pending,861670.19,AUD,AMER,CP0150,SWAP,TDR0128,BOOK_D,2025-05-18
TXN0005292948,APP018,2025-08-19,pending,133671.51,USD,AMER,CP0462,FUTURE,TDR0197,BOOK_C,2026-03-31
TXN0004128332,APP012,2025-12-16,reversed,825103.08,AUD,AMER,CP0453,EQUITY,TDR0068,BOOK_B,2025-10-01
TXN0008856645,APP019,2025-03-15,active,62417.05,USD,LATAM,CP0307,OPTION,TDR0060,BOOK_C,2025-06-30
TXN0007882035,APP013,2025-05-17,active,421479.78,CHF,EMEA,CP0322,OPTION,TDR0118,BOOK_D,2025-05-16
TXN0004667293,APP016,2026-02-17,active,460049.09,GBP,LATAM,CP0392,BOND,TDR0002,BOOK_C,2025-11-25
TXN0004864533,APP016,2025-10-24,pending,298324.44,EUR,LATAM,CP0122,FX,TDR0161,BOOK_B,2025-01-28
TXN0007568484,APP002,2025-09-17,pending,430393.18,GBP,AMER,CP0037,BOND,TDR0070,BOOK_D,2025-04-18
TXN0006169164,APP014,2025-03-29,reversed,51862.38,AUD,LATAM,CP0298,FX,TDR0079,BOOK_C,2026-01-05
TXN0006115427,APP011,2025-05-01,reversed,323388.76,GBP,APAC,CP0161,FUTURE,TDR0112,BOOK_D,2025-10-17
TXN0004569806,APP005,2026-01-27,failed,321691.77,EUR,AMER,CP0399,OPTION,TDR0005,BOOK_D,2025-07-17
TXN0001718516,APP009,2025-10-31,failed,867978.28,CHF,LATAM,CP0117,FUTURE,TDR0012,BOOK_A,2026-02-01
TXN0003427997,APP012,2025-04-10,reversed,646339.78,JPY,EMEA,CP0478,SWAP,TDR0144,BOOK_B,2025-01-02
TXN0003286935,APP003,2025-06-06,settled,754242.82,CHF,EMEA,CP0304,EQUITY,TDR0056,BOOK_D,2026-02-17
TXN0000337649,APP014,2025-06-22,active,205486.73,JPY,LATAM,CP0029,SWAP,TDR0031,BOOK_A,2025-11-15
TXN0001746494,APP018,2025-07-12,failed,183825.59,CHF,AMER,CP0365,FX,TDR0192,BOOK_B,2026-02-21
TXN0003373211,APP003,2025-04-24,reversed,969320.43,USD,AMER,CP0450,BOND,TDR0036,BOOK_B,2025-08-02
TXN0004703271,APP004,2025-07-23,pending,276324.02,USD,AMER,CP0040,EQUITY,TDR0155,BOOK_B,2025-12-30
TXN0001864488,APP017,2025-09-04,pending,96473.02,CHF,LATAM,CP0253,FX,TDR0127,BOOK_B,2026-03-20
TXN0009239011,APP009,2026-02-14,failed,724536.35,JPY,LATAM,CP0144,FUTURE,TDR0099,BOOK_A,2025-01-09
TXN0009077983,APP008,2025-12-26,active,599799.15,USD,EMEA,CP0347,OPTION,TDR0108,BOOK_A,2026-01-31
TXN0000666522,APP001,2026-03-06,reversed,260812.46,AUD,LATAM,CP0346,EQUITY,TDR0200,BOOK_B,2026-03-09
TXN0004012401,APP009,2026-04-14,pending,894000.56,CHF,APAC,CP0128,BOND,TDR0136,BOOK_C,2025-10-27
TXN0000748732,APP018,2025-07-22,active,94430.31,CHF,APAC,CP0174,FX,TDR0030,BOOK_D,2025-06-28
TXN0007860180,APP001,2025-04-12,pending,665375.8,USD,APAC,CP0423,SWAP,TDR0134,BOOK_B,2026-02-01
TXN0006876700,APP019,2026-02-26,pending,774463.29,USD,AMER,CP0419,SWAP,TDR0009,BOOK_B,2025-03-10
TXN0004285308,APP015,2025-05-12,reversed,649469.89,CHF,AMER,CP0131,OPTION,TDR0107,BOOK_C,2025-06-13
TXN0006026583,APP010,2025-12-27,pending,122247.71,EUR,EMEA,CP0006,FUTURE,TDR0154,BOOK_C,2026-04-14
TXN0002429410,APP009,2025-06-17,pending,225121.45,EUR,LATAM,CP0286,FUTURE,TDR0081,BOOK_A,2025-10-22
TXN0005053663,APP001,2025-11-18,active,891726.38,USD,AMER,CP0394,BOND,TDR0113,BOOK_C,2025-09-13
TXN0000299053,APP014,2025-02-22,active,203013.28,JPY,APAC,CP0454,SWAP,TDR0007,BOOK_B,2025-05-26
TXN0009592597,APP008,2025-07-18,failed,502198.65,CHF,AMER,CP0327,SWAP,TDR0125,BOOK_B,2025-08-14
TXN0005454814,APP019,2025-12-22,reversed,902513.93,USD,APAC,CP0117,OPTION,TDR0046,BOOK_C,2025-03-10
TXN0003218224,APP017,2025-04-22,active,913792.97,USD,APAC,CP0494,FUTURE,TDR0078,BOOK_D,2025-03-15
TXN0009128789,APP015,2025-12-05,settled,547953.86,JPY,AMER,CP0218,OPTION,TDR0172,BOOK_B,2026-02-18
TXN0004651922,APP012,2025-12-16,reversed,234486.51,AUD,LATAM,CP0208,BOND,TDR0174,BOOK_C,2025-01-07
TXN0009751675,APP017,2025-01-02,pending,592362.74,GBP,APAC,CP0276,FUTURE,TDR0125,BOOK_C,2025-01-19
TXN0002007136,APP020,2025-03-28,failed,605074.3,USD,LATAM,CP0165,FX,TDR0185,BOOK_B,2025-02-22
TXN0007266097,APP005,2025-06-16,pending,144368.54,AUD,EMEA,CP0054,FX,TDR0065,BOOK_D,2025-06-22
TXN0000446314,APP020,2026-04-05,settled,357255.43,AUD,AMER,CP0424,SWAP,TDR0034,BOOK_B,2025-05-19
TXN0002453026,APP008,2025-05-15,pending,110603.45,GBP,EMEA,CP0336,FUTURE,TDR0109,BOOK_D,2026-02-04
TXN0003127156,APP004,2025-09-01,failed,236013.13,JPY,AMER,CP0144,FUTURE,TDR0052,BOOK_B,2026-02-16
TXN0001244683,APP001,2025-10-24,active,628543.41,USD,EMEA,CP0280,SWAP,TDR0054,BOOK_C,2025-07-19
TXN0001043960,APP018,2025-11-03,active,617362.42,GBP,EMEA,CP0160,EQUITY,TDR0022,BOOK_C,2025-12-08
TXN0006456242,APP005,2025-07-03,settled,643793.98,GBP,EMEA,CP0298,EQUITY,TDR0123,BOOK_B,2025-07-23
TXN0000895712,APP020,2025-08-23,reversed,523392.56,CHF,AMER,CP0329,OPTION,TDR0065,BOOK_D,2025-11-28
TXN0004558976,APP020,2025-07-21,reversed,406242.42,GBP,APAC,CP0499,FX,TDR0040,BOOK_A,2025-04-16
TXN0009234339,APP006,2026-01-11,reversed,841189.05,AUD,LATAM,CP0488,SWAP,TDR0082,BOOK_A,2026-03-02
TXN0001591111,APP016,2025-09-01,active,420066.85,CHF,AMER,CP0256,BOND,TDR0013,BOOK_C,2025-01-26
TXN0004317709,APP009,2026-03-31,failed,718853.28,USD,LATAM,CP0059,FUTURE,TDR0160,BOOK_A,2025-06-03
TXN0004852310,APP007,2025-06-09,settled,748461.5,AUD,AMER,CP0101,OPTION,TDR0134,BOOK_A,2026-01-27
TXN0006271678,APP013,2026-01-12,failed,365466.37,JPY,AMER,CP0145,FUTURE,TDR0015,BOOK_C,2026-02-25
TXN0000180683,APP017,2025-07-27,reversed,327550.83,CHF,LATAM,CP0123,SWAP,TDR0106,BOOK_A,2025-01-26
TXN0007085575,APP010,2025-07-09,settled,259577.76,USD,APAC,CP0097,BOND,TDR0123,BOOK_C,2026-01-10
TXN0008366487,APP010,2025-04-09,pending,684443.28,USD,APAC,CP0050,FX,TDR0019,BOOK_A,2026-01-26
TXN0002102563,APP009,2025-07-28,failed,165637.42,JPY,AMER,CP0375,FUTURE,TDR0058,BOOK_A,2025-03-06
TXN0005572420,APP014,2025-11-15,active,459668.47,USD,EMEA,CP0500,FX,TDR0034,BOOK_A,2025-06-21
TXN0008770212,APP019,2025-10-01,active,947151.72,USD,APAC,CP0156,FX,TDR0041,BOOK_A,2025-10-22
TXN0007677070,APP005,2026-03-10,failed,336060.3,USD,AMER,CP0113,FX,TDR0106,BOOK_A,2025-02-17
TXN0007407222,APP017,2025-10-21,settled,26152.41,EUR,EMEA,CP0465,FX,TDR0140,BOOK_C,2025-09-25
TXN0000753235,APP019,2025-07-08,settled,500596.75,AUD,LATAM,CP0228,FX,TDR0152,BOOK_C,2025-11-05
TXN0008083987,APP018,2025-12-12,settled,377117.25,GBP,AMER,CP0376,EQUITY,TDR0082,BOOK_C,2025-08-28
TXN0001103638,APP017,2026-03-21,pending,459354.69,JPY,EMEA,CP0176,SWAP,TDR0155,BOOK_C,2025-02-20
TXN0003738916,APP004,2026-01-06,failed,152388.53,CHF,EMEA,CP0465,OPTION,TDR0151,BOOK_C,2026-01-17
TXN0007203451,APP012,2025-05-13,active,734572.65,AUD,AMER,CP0499,SWAP,TDR0002,BOOK_B,2026-01-25
TXN0004585499,APP003,2025-02-23,failed,216705.52,CHF,APAC,CP0332,SWAP,TDR0008,BOOK_A,2025-09-30
TXN0004308776,APP009,2025-08-14,active,645270.95,AUD,EMEA,CP0436,EQUITY,TDR0185,BOOK_D,2025-09-17
TXN0004445575,APP017,2026-03-03,settled,161378.17,JPY,AMER,CP0231,FUTURE,TDR0148,BOOK_A,2026-04-08
TXN0004656498,APP002,2026-04-12,settled,390544.42,GBP,LATAM,CP0139,BOND,TDR0079,BOOK_B,2025-08-11
TXN0000357160,APP019,2025-03-08,failed,1684.09,EUR,AMER,CP0471,OPTION,TDR0073,BOOK_B,2025-11-20
TXN0008611301,APP006,2025-01-24,reversed,46001.15,GBP,AMER,CP0068,EQUITY,TDR0081,BOOK_B,2025-07-13
TXN0006731957,APP018,2025-12-29,failed,960019.66,GBP,LATAM,CP0407,BOND,TDR0174,BOOK_C,2025-12-21
TXN0003337136,APP008,2025-07-23,failed,962555.12,JPY,AMER,CP0336,SWAP,TDR0031,BOOK_D,2026-02-06
TXN0004399008,APP013,2025-09-30,reversed,651801.7,AUD,LATAM,CP0384,OPTION,TDR0003,BOOK_A,2026-01-10
TXN0009596334,APP010,2025-05-30,settled,338336.17,AUD,AMER,CP0367,FUTURE,TDR0013,BOOK_D,2025-05-06
TXN0005799536,APP003,2025-03-30,failed,704538.28,JPY,EMEA,CP0273,FUTURE,TDR0119,BOOK_B,2025-01-12
TXN0009383207,APP011,2025-12-18,reversed,191607.04,CHF,EMEA,CP0027,BOND,TDR0073,BOOK_B,2025-07-04
TXN0005502493,APP015,2025-03-31,failed,235750.84,EUR,EMEA,CP0379,FX,TDR0195,BOOK_B,2025-05-27
TXN0007586298,APP008,2026-02-28,reversed,637152.36,CHF,LATAM,CP0208,SWAP,TDR0096,BOOK_A,2025-03-24
TXN0008573818,APP014,2025-01-30,failed,306908.2,AUD,APAC,CP0329,FX,TDR0090,BOOK_B,2025-01-20
TXN0008036634,APP009,2026-04-01,pending,35995.32,JPY,AMER,CP0040,SWAP,TDR0092,BOOK_B,2026-04-09
TXN0007440808,APP006,2025-07-20,pending,260633.07,USD,LATAM,CP0106,EQUITY,TDR0057,BOOK_C,2025-12-27
TXN0008297845,APP009,2025-09-18,active,71268.25,CHF,APAC,CP0243,EQUITY,TDR0102,BOOK_C,2025-03-13
TXN0002449043,APP011,2026-01-25,pending,480504.2,EUR,EMEA,CP0299,OPTION,TDR0137,BOOK_C,2025-11-05
TXN0009092648,APP014,2025-10-24,failed,744884.09,EUR,LATAM,CP0282,EQUITY,TDR0182,BOOK_A,2025-10-26
TXN0002676939,APP007,2025-05-18,failed,371290.44,USD,AMER,CP0494,OPTION,TDR0195,BOOK_A,2025-07-15
TXN0002092695,APP005,2025-04-22,settled,405194.72,GBP,EMEA,CP0215,EQUITY,TDR0176,BOOK_C,2025-03-15
TXN0003233684,APP001,2025-12-19,settled,288351.9,AUD,AMER,CP0386,FX,TDR0094,BOOK_D,2025-06-11
TXN0006584094,APP009,2025-05-29,pending,688723.09,JPY,EMEA,CP0016,FX,TDR0026,BOOK_C,2025-03-22
TXN0006700880,APP015,2025-01-24,pending,303159.05,USD,EMEA,CP0058,FUTURE,TDR0154,BOOK_C,2026-03-07
TXN0001006971,APP006,2025-03-12,settled,540954.71,JPY,EMEA,CP0490,SWAP,TDR0013,BOOK_D,2026-03-31
TXN0000895687,APP006,2025-12-07,failed,256753.97,EUR,EMEA,CP0090,FUTURE,TDR0090,BOOK_D,2025-03-25
TXN0005758515,APP001,2025-08-01,active,424019.81,GBP,APAC,CP0222,SWAP,TDR0114,BOOK_C,2025-06-15
TXN0006959080,APP005,2025-12-30,settled,358274.94,CHF,EMEA,CP0350,BOND,TDR0185,BOOK_A,2025-12-01
TXN0003345150,APP013,2025-03-26,pending,100804.75,AUD,EMEA,CP0218,OPTION,TDR0159,BOOK_D,2026-02-01
TXN0005250922,APP001,2025-03-29,settled,920315.17,USD,LATAM,CP0209,SWAP,TDR0019,BOOK_D,2025-08-03
TXN0000934712,APP013,2025-08-25,failed,189782.32,EUR,LATAM,CP0230,OPTION,TDR0164,BOOK_A,2025-01-13
TXN0005852454,APP020,2026-02-06,pending,850288.67,CHF,AMER,CP0435,BOND,TDR0111,BOOK_D,2025-07-02
TXN0003807597,APP006,2025-05-28,settled,349333.63,JPY,LATAM,CP0242,BOND,TDR0149,BOOK_B,2025-08-08
TXN0004492629,APP001,2025-02-28,failed,11712.05,USD,APAC,CP0051,FX,TDR0091,BOOK_D,2025-08-05
TXN0009852916,APP004,2026-02-19,settled,983152.49,GBP,LATAM,CP0099,SWAP,TDR0089,BOOK_B,2025-04-18
TXN0009514567,APP011,2025-05-24,reversed,184568.94,JPY,LATAM,CP0280,EQUITY,TDR0139,BOOK_A,2025-03-13
TXN0006933536,APP001,2025-01-29,failed,954785.59,EUR,LATAM,CP0189,FUTURE,TDR0172,BOOK_B,2025-10-31
TXN0006794284,APP018,2025-01-04,settled,672235.8,USD,LATAM,CP0359,EQUITY,TDR0170,BOOK_D,2025-12-30
TXN0004231068,APP004,2025-10-11,failed,843912.85,JPY,EMEA,CP0268,BOND,TDR0076,BOOK_D,2026-01-01
TXN0007498243,APP010,2025-03-02,failed,227942.51,CHF,APAC,CP0325,BOND,TDR0165,BOOK_D,2025-08-07
TXN0003742381,APP007,2026-01-23,pending,509375.77,USD,LATAM,CP0059,OPTION,TDR0025,BOOK_D,2026-03-01
TXN0001756679,APP018,2025-03-28,pending,311563.91,USD,EMEA,CP0304,EQUITY,TDR0062,BOOK_D,2025-02-05
TXN0007509845,APP012,2025-12-23,active,316251.96,AUD,EMEA,CP0028,FX,TDR0048,BOOK_C,2026-03-14
TXN0007258797,APP009,2026-02-16,active,768567.7,JPY,EMEA,CP0359,EQUITY,TDR0150,BOOK_B,2025-02-13
TXN0005573958,APP002,2025-12-06,pending,841988.52,EUR,LATAM,CP0188,OPTION,TDR0155,BOOK_C,2026-04-14
TXN0007696150,APP017,2026-02-09,failed,317014.71,USD,LATAM,CP0215,BOND,TDR0144,BOOK_C,2025-12-17
TXN0004989087,APP019,2026-02-22,active,784101.29,AUD,EMEA,CP0490,BOND,TDR0064,BOOK_D,2025-04-09
TXN0001087024,APP014,2026-04-13,reversed,46966.36,JPY,EMEA,CP0105,EQUITY,TDR0170,BOOK_B,2025-04-02
TXN0007489328,APP010,2025-06-29,pending,477690.42,GBP,EMEA,CP0063,FUTURE,TDR0162,BOOK_C,2025-02-03
TXN0006267198,APP011,2025-03-21,active,364647.27,JPY,APAC,CP0083,EQUITY,TDR0115,BOOK_C,2026-02-12
TXN0003166659,APP001,2025-09-07,pending,133232.59,AUD,APAC,CP0354,FX,TDR0020,BOOK_A,2025-12-25
TXN0005324950,APP001,2025-04-17,pending,190894.82,JPY,AMER,CP0268,OPTION,TDR0038,BOOK_D,2025-05-17
TXN0000117948,APP003,2026-04-03,pending,957529.48,AUD,EMEA,CP0176,SWAP,TDR0067,BOOK_C,2025-01-06
TXN0001727461,APP003,2025-03-10,reversed,608621.62,USD,AMER,CP0269,OPTION,TDR0051,BOOK_C,2025-02-07
TXN0008236542,APP002,2025-10-10,reversed,284782.69,AUD,APAC,CP0199,EQUITY,TDR0069,BOOK_C,2026-01-21
TXN0008862969,APP019,2025-01-19,reversed,260492.9,USD,AMER,CP0073,EQUITY,TDR0103,BOOK_B,2025-06-27
TXN0007167115,APP015,2025-05-27,pending,287693.85,EUR,EMEA,CP0234,EQUITY,TDR0013,BOOK_A,2025-04-19
TXN0008450777,APP001,2025-03-05,active,441454.8,USD,AMER,CP0370,BOND,TDR0090,BOOK_C,2026-03-23
TXN0006348927,APP017,2025-06-23,failed,138194.91,USD,EMEA,CP0408,SWAP,TDR0112,BOOK_A,2025-02-26
TXN0006180880,APP013,2025-10-04,settled,800703.57,EUR,APAC,CP0381,BOND,TDR0020,BOOK_D,2025-10-04
TXN0000507837,APP018,2026-03-04,active,924574.24,GBP,LATAM,CP0133,FX,TDR0043,BOOK_D,2025-09-07
TXN0001877833,APP007,2025-07-04,settled,541374.67,EUR,EMEA,CP0246,OPTION,TDR0060,BOOK_B,2025-08-10
TXN0005686119,APP017,2025-12-12,failed,767110.92,JPY,AMER,CP0029,FUTURE,TDR0085,BOOK_B,2025-04-15
TXN0007254285,APP010,2025-03-22,reversed,625947.27,CHF,APAC,CP0085,OPTION,TDR0125,BOOK_B,2026-03-03
TXN0007506706,APP009,2025-12-14,settled,783654.46,USD,LATAM,CP0002,OPTION,TDR0008,BOOK_C,2026-02-13
TXN0004955870,APP018,2025-10-19,pending,464339.54,EUR,APAC,CP0260,FUTURE,TDR0167,BOOK_A,2025-03-06
TXN0005628887,APP003,2026-02-09,reversed,125424.3,JPY,AMER,CP0058,OPTION,TDR0141,BOOK_B,2025-08-08
TXN0006142198,APP003,2026-02-12,reversed,660874.45,JPY,LATAM,CP0492,BOND,TDR0048,BOOK_C,2025-04-28
TXN0008366015,APP013,2025-04-13,pending,749256.49,GBP,LATAM,CP0288,FUTURE,TDR0153,BOOK_C,2025-09-15
TXN0007366109,APP005,2025-12-16,settled,75555.77,AUD,LATAM,CP0210,FUTURE,TDR0031,BOOK_D,2025-04-12
TXN0001055199,APP005,2025-12-03,reversed,791073.68,CHF,AMER,CP0412,EQUITY,TDR0063,BOOK_B,2025-02-08
TXN0003479660,APP005,2025-01-30,settled,111953.12,JPY,APAC,CP0375,FUTURE,TDR0062,BOOK_C,2025-10-29
TXN0000498140,APP012,2026-02-26,reversed,232783.62,USD,APAC,CP0044,EQUITY,TDR0047,BOOK_A,2025-07-13
TXN0003355601,APP020,2025-01-24,failed,539398.95,JPY,APAC,CP0355,FX,TDR0157,BOOK_D,2026-01-11
TXN0007433418,APP019,2025-08-10,active,840583.75,USD,LATAM,CP0500,FX,TDR0064,BOOK_D,2025-09-06
TXN0008031695,APP019,2025-09-05,reversed,368925.22,EUR,LATAM,CP0236,BOND,TDR0017,BOOK_A,2025-01-06
TXN0000873790,APP002,2025-03-22,settled,40575.74,CHF,APAC,CP0350,EQUITY,TDR0040,BOOK_D,2026-01-22
TXN0006675567,APP012,2026-03-27,failed,943478.42,EUR,APAC,CP0085,FUTURE,TDR0106,BOOK_A,2025-09-10
TXN0002637116,APP014,2025-07-12,active,508443.27,JPY,LATAM,CP0166,FX,TDR0081,BOOK_B,2026-03-14
TXN0004932621,APP012,2025-07-09,active,765127.36,EUR,EMEA,CP0135,FX,TDR0139,BOOK_B,2025-09-19
TXN0008221647,APP013,2025-11-17,reversed,914615.48,AUD,APAC,CP0414,EQUITY,TDR0071,BOOK_D,2025-06-14
TXN0002467708,APP020,2025-05-19,failed,403364.22,EUR,APAC,CP0366,BOND,TDR0182,BOOK_D,2025-05-06
TXN0004491946,APP002,2025-11-11,reversed,503166.05,EUR,APAC,CP0373,OPTION,TDR0032,BOOK_A,2026-01-25
TXN0007089665,APP004,2025-03-23,active,494963.09,AUD,APAC,CP0182,FX,TDR0083,BOOK_B,2025-06-07
TXN0000127676,APP002,2025-10-29,pending,601226.0,AUD,LATAM,CP0121,FUTURE,TDR0017,BOOK_D,2025-05-28
TXN0001290007,APP006,2025-11-24,reversed,594744.62,USD,EMEA,CP0016,FX,TDR0171,BOOK_C,2025-09-12
TXN0004387113,APP017,2025-10-07,settled,135783.38,USD,AMER,CP0445,OPTION,TDR0120,BOOK_A,2025-05-17
TXN0003340198,APP006,2026-01-07,active,787355.48,CHF,AMER,CP0283,BOND,TDR0116,BOOK_B,2025-12-20
TXN0002151981,APP004,2025-07-19,pending,863766.9,USD,APAC,CP0177,EQUITY,TDR0102,BOOK_B,2025-04-12
TXN0002514916,APP005,2025-02-17,failed,467415.85,USD,APAC,CP0097,BOND,TDR0001,BOOK_B,2026-02-04
TXN0001577751,APP020,2026-02-22,failed,61662.17,EUR,EMEA,CP0002,OPTION,TDR0120,BOOK_B,2026-01-24
TXN0009963556,APP004,2025-08-10,reversed,107776.04,CHF,LATAM,CP0466,FUTURE,TDR0088,BOOK_C,2025-04-22
TXN0000313970,APP010,2025-05-25,reversed,421428.2,JPY,APAC,CP0324,EQUITY,TDR0020,BOOK_B,2026-01-30
TXN0005607150,APP004,2025-01-29,active,139915.46,CHF,EMEA,CP0150,FX,TDR0098,BOOK_A,2025-11-29
TXN0009595258,APP011,2025-04-13,reversed,361937.57,GBP,AMER,CP0205,SWAP,TDR0137,BOOK_D,2025-03-28
TXN0003265625,APP006,2025-01-02,failed,113581.59,JPY,EMEA,CP0110,BOND,TDR0028,BOOK_B,2026-02-17
TXN0001701555,APP013,2025-05-07,reversed,147694.23,EUR,EMEA,CP0197,FUTURE,TDR0105,BOOK_D,2025-10-05
TXN0003762651,APP005,2025-03-23,reversed,720447.49,JPY,LATAM,CP0457,BOND,TDR0020,BOOK_C,2025-02-13
TXN0004505922,APP018,2025-08-22,failed,624393.38,GBP,APAC,CP0067,BOND,TDR0144,BOOK_D,2025-01-02
TXN0006309377,APP011,2025-01-31,pending,708709.12,EUR,APAC,CP0405,EQUITY,TDR0166,BOOK_C,2026-03-18
TXN0005799046,APP020,2026-01-28,pending,998789.35,CHF,LATAM,CP0050,SWAP,TDR0047,BOOK_C,2025-06-07
TXN0006236922,APP017,2026-02-05,active,61978.81,EUR,AMER,CP0481,FX,TDR0119,BOOK_A,2025-10-03
TXN0003084617,APP013,2025-08-27,settled,131906.55,GBP,LATAM,CP0326,FX,TDR0095,BOOK_B,2025-10-22
TXN0000309588,APP005,2025-01-05,pending,615858.81,AUD,APAC,CP0266,EQUITY,TDR0178,BOOK_B,2025-06-24
TXN0009134858,APP015,2025-03-30,pending,65316.94,JPY,EMEA,CP0030,FUTURE,TDR0143,BOOK_D,2025-06-09
TXN0001184293,APP020,2025-01-28,active,995097.55,GBP,APAC,CP0024,SWAP,TDR0002,BOOK_B,2025-12-19
TXN0006289060,APP008,2025-09-13,settled,888420.52,EUR,AMER,CP0151,FUTURE,TDR0099,BOOK_C,2026-04-11
TXN0009249543,APP001,2025-08-07,active,232378.9,EUR,APAC,CP0354,EQUITY,TDR0082,BOOK_C,2025-02-28
TXN0009463754,APP013,2025-05-11,reversed,388252.96,JPY,LATAM,CP0409,OPTION,TDR0104,BOOK_C,2025-04-28
TXN0001419575,APP012,2025-05-26,failed,476046.64,JPY,AMER,CP0217,EQUITY,TDR0041,BOOK_B,2026-01-19
TXN0003151352,APP006,2025-02-10,active,595067.08,CHF,LATAM,CP0348,BOND,TDR0106,BOOK_C,2025-12-22
TXN0000602911,APP009,2025-03-16,reversed,154142.32,JPY,EMEA,CP0015,SWAP,TDR0058,BOOK_A,2025-04-26
TXN0000186495,APP002,2025-07-28,settled,92470.29,EUR,EMEA,CP0008,SWAP,TDR0189,BOOK_D,2026-01-23
TXN0001929148,APP013,2025-09-30,active,19571.04,CHF,APAC,CP0039,FUTURE,TDR0058,BOOK_B,2025-06-19
TXN0007780619,APP009,2026-03-08,failed,979006.2,AUD,APAC,CP0384,EQUITY,TDR0044,BOOK_B,2026-01-06
TXN0003877360,APP019,2026-03-03,settled,108318.66,JPY,APAC,CP0456,OPTION,TDR0186,BOOK_C,2025-08-19
TXN0004669103,APP001,2025-03-08,failed,980355.03,CHF,AMER,CP0387,EQUITY,TDR0091,BOOK_D,2025-12-07
TXN0008158796,APP019,2026-02-04,settled,767927.04,JPY,EMEA,CP0389,SWAP,TDR0196,BOOK_B,2025-03-21
TXN0003809860,APP019,2025-05-28,pending,159565.0,CHF,APAC,CP0160,EQUITY,TDR0149,BOOK_C,2025-04-01
TXN0001098639,APP008,2025-11-18,reversed,741332.47,JPY,LATAM,CP0100,SWAP,TDR0098,BOOK_C,2025-04-26
TXN0006305892,APP003,2025-07-07,pending,717359.06,USD,AMER,CP0336,BOND,TDR0184,BOOK_B,2026-01-25
TXN0000555081,APP017,2025-03-15,failed,976176.03,CHF,AMER,CP0431,BOND,TDR0096,BOOK_B,2025-11-29
TXN0004588239,APP005,2025-09-16,active,458130.03,AUD,EMEA,CP0134,SWAP,TDR0070,BOOK_C,2025-03-01
TXN0004236316,APP011,2025-02-04,active,35978.88,EUR,EMEA,CP0192,FX,TDR0088,BOOK_A,2025-11-23
TXN0002641256,APP011,2026-02-27,pending,339076.53,GBP,APAC,CP0165,FX,TDR0184,BOOK_A,2025-07-12
TXN0006676391,APP007,2026-02-17,failed,253561.96,EUR,EMEA,CP0135,OPTION,TDR0105,BOOK_C,2026-02-18
TXN0007894006,APP013,2025-04-19,failed,576431.09,EUR,LATAM,CP0061,SWAP,TDR0101,BOOK_A,2025-09-23
TXN0003358072,APP005,2025-05-07,failed,863948.08,EUR,APAC,CP0340,FUTURE,TDR0135,BOOK_D,2026-03-02
TXN0000213914,APP013,2025-01-01,pending,34784.14,GBP,AMER,CP0230,FX,TDR0055,BOOK_B,2026-03-26
TXN0009373161,APP019,2026-02-09,failed,299038.5,CHF,EMEA,CP0483,EQUITY,TDR0051,BOOK_D,2025-09-06
TXN0003232390,APP001,2025-04-30,failed,515434.75,JPY,AMER,CP0064,SWAP,TDR0056,BOOK_C,2026-03-03
TXN0002616415,APP002,2025-12-19,failed,780088.97,AUD,AMER,CP0258,FUTURE,TDR0130,BOOK_A,2025-12-15
TXN0005870172,APP008,2025-11-23,active,679459.86,GBP,LATAM,CP0376,FX,TDR0152,BOOK_B,2025-11-07
TXN0009042449,APP020,2025-12-15,failed,779014.99,JPY,AMER,CP0493,BOND,TDR0052,BOOK_B,2025-10-14
TXN0007514856,APP001,2025-05-08,failed,737822.24,JPY,AMER,CP0259,OPTION,TDR0171,BOOK_D,2025-10-18
TXN0008529726,APP019,2025-02-20,settled,505494.82,GBP,AMER,CP0445,FX,TDR0127,BOOK_B,2025-10-01
TXN0006612567,APP007,2025-01-09,failed,793118.62,JPY,AMER,CP0089,OPTION,TDR0155,BOOK_C,2025-06-26
TXN0008353088,APP006,2026-04-02,pending,353794.16,EUR,LATAM,CP0259,FUTURE,TDR0175,BOOK_A,2025-08-13
TXN0004766259,APP019,2025-05-20,failed,281778.89,CHF,APAC,CP0081,FX,TDR0121,BOOK_D,2025-10-25
TXN0009596784,APP017,2025-08-26,failed,381820.24,EUR,AMER,CP0469,EQUITY,TDR0103,BOOK_B,2025-12-16
TXN0006576691,APP012,2026-01-14,active,830520.13,JPY,LATAM,CP0091,OPTION,TDR0152,BOOK_A,2025-02-12
TXN0000851254,APP014,2025-10-16,settled,774356.7,EUR,AMER,CP0109,SWAP,TDR0198,BOOK_C,2025-10-06
TXN0000719043,APP014,2025-09-23,pending,838685.85,JPY,EMEA,CP0414,OPTION,TDR0161,BOOK_B,2025-04-09
TXN0003461566,APP008,2025-11-06,active,684496.92,AUD,APAC,CP0176,SWAP,TDR0120,BOOK_B,2026-02-20
TXN0002474955,APP003,2025-01-18,pending,975658.6,AUD,EMEA,CP0158,OPTION,TDR0169,BOOK_A,2026-02-07
TXN0004848341,APP013,2025-06-17,active,855354.67,USD,LATAM,CP0086,FUTURE,TDR0164,BOOK_D,2025-12-09
TXN0001847126,APP007,2026-02-25,active,802483.44,USD,EMEA,CP0142,EQUITY,TDR0120,BOOK_A,2026-02-13
TXN0007054980,APP008,2026-01-31,settled,499550.31,JPY,AMER,CP0349,FUTURE,TDR0049,BOOK_D,2026-04-10
TXN0001529035,APP006,2026-01-16,active,587195.64,AUD,APAC,CP0296,FUTURE,TDR0014,BOOK_D,2026-02-08
TXN0006563092,APP020,2025-11-26,active,802113.03,EUR,LATAM,CP0093,SWAP,TDR0082,BOOK_B,2025-08-25
TXN0000907627,APP007,2025-11-07,active,73031.58,AUD,LATAM,CP0241,FX,TDR0078,BOOK_C,2025-11-09
TXN0002117443,APP009,2026-04-08,pending,886526.48,USD,AMER,CP0161,EQUITY,TDR0133,BOOK_D,2025-03-16
TXN0004500600,APP017,2026-02-03,active,897304.54,USD,EMEA,CP0329,SWAP,TDR0182,BOOK_C,2025-10-04
TXN0005466410,APP013,2025-04-11,active,698169.16,GBP,APAC,CP0382,FUTURE,TDR0180,BOOK_A,2025-08-07
TXN0006784627,APP001,2025-07-12,failed,931545.39,CHF,EMEA,CP0176,OPTION,TDR0126,BOOK_A,2025-12-10
TXN0003484818,APP014,2025-02-22,settled,343063.24,CHF,APAC,CP0177,FX,TDR0052,BOOK_A,2025-01-07
TXN0002842015,APP019,2026-03-20,failed,632704.0,EUR,LATAM,CP0346,SWAP,TDR0072,BOOK_C,2026-02-26
TXN0002542382,APP011,2025-09-06,reversed,5173.98,AUD,APAC,CP0256,FX,TDR0103,BOOK_A,2025-05-23
TXN0007665251,APP019,2025-11-03,reversed,308513.87,USD,APAC,CP0369,SWAP,TDR0132,BOOK_B,2025-11-18
TXN0004075851,APP003,2025-07-23,pending,338842.06,GBP,LATAM,CP0068,BOND,TDR0159,BOOK_C,2025-10-06
TXN0002062493,APP009,2026-02-17,active,594789.46,EUR,EMEA,CP0422,FX,TDR0200,BOOK_B,2025-11-28
TXN0006507299,APP016,2025-10-13,active,129936.21,USD,EMEA,CP0452,FUTURE,TDR0119,BOOK_D,2026-02-10
TXN0000408497,APP009,2025-06-27,settled,772411.24,GBP,AMER,CP0330,SWAP,TDR0152,BOOK_D,2025-05-07
TXN0003953687,APP018,2026-03-21,failed,236228.92,AUD,EMEA,CP0351,BOND,TDR0038,BOOK_B,2026-03-15
TXN0009668603,APP015,2025-10-28,failed,536193.54,JPY,EMEA,CP0128,FUTURE,TDR0194,BOOK_C,2025-10-29
TXN0005173042,APP001,2026-01-31,pending,821214.38,GBP,AMER,CP0099,EQUITY,TDR0148,BOOK_B,2026-04-08
TXN0004701655,APP006,2025-02-15,active,155939.7,GBP,AMER,CP0344,OPTION,TDR0172,BOOK_A,2025-11-05
TXN0007999478,APP019,2025-10-15,settled,406388.4,USD,EMEA,CP0078,FX,TDR0124,BOOK_B,2025-02-08
TXN0008190452,APP010,2025-04-21,active,703100.18,GBP,AMER,CP0055,OPTION,TDR0163,BOOK_D,2025-07-10
TXN0004184281,APP002,2025-10-04,failed,218343.96,JPY,EMEA,CP0305,BOND,TDR0183,BOOK_B,2026-03-23
TXN0001734399,APP016,2026-03-21,pending,932888.45,JPY,LATAM,CP0163,SWAP,TDR0048,BOOK_A,2025-02-03
TXN0000579172,APP010,2025-05-20,active,656928.63,EUR,EMEA,CP0011,BOND,TDR0013,BOOK_A,2026-01-13
TXN0008069411,APP005,2025-06-23,reversed,380269.44,EUR,APAC,CP0165,EQUITY,TDR0022,BOOK_B,2025-01-02
TXN0009966603,APP003,2025-01-16,failed,156049.66,JPY,APAC,CP0172,FUTURE,TDR0049,BOOK_C,2025-08-12
TXN0001838736,APP019,2025-01-13,reversed,835738.72,EUR,APAC,CP0165,FUTURE,TDR0145,BOOK_B,2025-11-04
TXN0004823267,APP004,2026-02-21,pending,915101.2,USD,APAC,CP0407,BOND,TDR0146,BOOK_A,2025-10-13
TXN0003839923,APP004,2025-10-27,failed,891931.33,CHF,APAC,CP0040,SWAP,TDR0064,BOOK_A,2025-11-06
TXN0001019159,APP011,2025-10-29,reversed,943117.53,GBP,EMEA,CP0479,OPTION,TDR0147,BOOK_A,2025-04-09
TXN0001877363,APP013,2025-04-21,pending,55759.76,AUD,APAC,CP0121,FUTURE,TDR0178,BOOK_C,2025-12-30
TXN0001236353,APP013,2025-08-23,reversed,627100.99,CHF,EMEA,CP0482,OPTION,TDR0062,BOOK_B,2025-03-14
TXN0007433316,APP007,2025-08-02,reversed,882983.12,GBP,EMEA,CP0108,EQUITY,TDR0078,BOOK_B,2026-02-05
TXN0000811128,APP012,2026-02-27,settled,697252.89,JPY,EMEA,CP0369,OPTION,TDR0127,BOOK_C,2025-10-15
TXN0004142654,APP015,2026-02-06,active,550574.97,AUD,EMEA,CP0012,SWAP,TDR0089,BOOK_C,2026-03-31
TXN0007595463,APP010,2025-07-24,reversed,886314.04,EUR,AMER,CP0050,SWAP,TDR0058,BOOK_C,2025-04-15
TXN0006999151,APP018,2026-02-05,reversed,661084.79,EUR,EMEA,CP0472,EQUITY,TDR0036,BOOK_C,2025-09-28
TXN0001766478,APP004,2025-02-22,active,715379.23,JPY,EMEA,CP0035,OPTION,TDR0198,BOOK_D,2025-11-11
TXN0005913100,APP006,2025-04-04,active,985985.12,JPY,EMEA,CP0474,EQUITY,TDR0189,BOOK_C,2025-07-09
TXN0004132517,APP018,2025-11-05,failed,347164.32,AUD,AMER,CP0308,FX,TDR0125,BOOK_C,2025-03-25
TXN0001716819,APP015,2026-03-02,settled,434365.4,AUD,EMEA,CP0106,OPTION,TDR0112,BOOK_B,2025-10-16
TXN0002269723,APP004,2025-04-15,settled,272210.68,AUD,APAC,CP0147,BOND,TDR0130,BOOK_D,2026-02-26
TXN0006575432,APP019,2025-12-06,reversed,262107.49,CHF,APAC,CP0060,BOND,TDR0041,BOOK_A,2025-02-25
TXN0006039291,APP011,2025-04-16,active,887356.25,GBP,APAC,CP0221,OPTION,TDR0074,BOOK_D,2025-12-30
TXN0007360165,APP001,2025-05-31,pending,9892.12,AUD,LATAM,CP0220,FUTURE,TDR0058,BOOK_A,2025-01-05
TXN0000052191,APP017,2025-05-11,active,899088.7,AUD,LATAM,CP0205,SWAP,TDR0006,BOOK_D,2025-09-08
TXN0004613937,APP019,2025-10-03,failed,196968.36,JPY,AMER,CP0010,FX,TDR0193,BOOK_C,2026-02-13
TXN0001919690,APP009,2026-01-22,settled,611421.15,CHF,AMER,CP0234,BOND,TDR0184,BOOK_D,2025-12-27
TXN0003247162,APP001,2025-04-13,reversed,421600.8,AUD,AMER,CP0441,OPTION,TDR0050,BOOK_A,2025-10-24
TXN0000187783,APP002,2026-04-05,failed,517426.63,USD,APAC,CP0020,FX,TDR0159,BOOK_C,2026-01-02
TXN0008611503,APP016,2025-09-16,failed,275908.28,JPY,EMEA,CP0185,BOND,TDR0103,BOOK_C,2025-05-09
TXN0007080199,APP006,2025-02-10,failed,957025.0,JPY,LATAM,CP0419,EQUITY,TDR0096,BOOK_B,2025-10-22
TXN0002550295,APP019,2025-05-06,failed,6374.56,CHF,EMEA,CP0017,EQUITY,TDR0169,BOOK_A,2025-11-12
TXN0009442243,APP018,2025-10-26,failed,439839.05,AUD,APAC,CP0226,EQUITY,TDR0066,BOOK_A,2026-03-11
TXN0009817533,APP003,2025-11-05,failed,269488.09,CHF,EMEA,CP0005,FUTURE,TDR0186,BOOK_C,2026-02-03
TXN0000383514,APP004,2025-06-27,reversed,887249.47,JPY,AMER,CP0410,FUTURE,TDR0115,BOOK_C,2026-01-06
TXN0001537535,APP016,2025-12-27,pending,240382.58,EUR,AMER,CP0489,SWAP,TDR0149,BOOK_A,2026-02-15
TXN0002728705,APP006,2025-11-12,pending,895047.14,JPY,LATAM,CP0040,OPTION,TDR0173,BOOK_A,2025-09-16
TXN0005131497,APP004,2025-03-05,active,844244.35,AUD,EMEA,CP0243,FX,TDR0192,BOOK_A,2025-04-27
TXN0001700550,APP010,2025-08-12,reversed,691406.56,GBP,EMEA,CP0022,BOND,TDR0074,BOOK_B,2025-08-08
TXN0006408667,APP018,2025-10-07,pending,559040.32,JPY,LATAM,CP0316,OPTION,TDR0160,BOOK_A,2026-02-07
TXN0006759786,APP002,2025-03-16,failed,817188.68,CHF,EMEA,CP0288,OPTION,TDR0111,BOOK_C,2025-09-17
TXN0009992558,APP009,2025-05-02,active,366822.54,EUR,EMEA,CP0053,BOND,TDR0056,BOOK_C,2025-07-26
TXN0003334038,APP003,2025-10-01,failed,978156.16,GBP,AMER,CP0095,FUTURE,TDR0194,BOOK_D,2026-04-04
TXN0006572156,APP015,2026-02-27,pending,132775.32,CHF,EMEA,CP0200,BOND,TDR0105,BOOK_D,2025-04-06
TXN0004084360,APP009,2025-03-01,failed,213549.97,EUR,EMEA,CP0004,BOND,TDR0117,BOOK_C,2025-07-14
TXN0000604161,APP010,2025-03-05,reversed,611529.9,CHF,APAC,CP0105,EQUITY,TDR0090,BOOK_A,2025-06-29
TXN0002828617,APP018,2026-01-11,active,997499.2,EUR,EMEA,CP0167,BOND,TDR0044,BOOK_A,2025-10-02
TXN0009102909,APP001,2025-06-05,settled,619157.5,GBP,AMER,CP0080,FUTURE,TDR0155,BOOK_A,2025-07-30
TXN0006538054,APP003,2026-03-12,reversed,744840.27,AUD,LATAM,CP0210,EQUITY,TDR0092,BOOK_D,2025-10-03
TXN0006512814,APP010,2025-05-02,reversed,621763.31,AUD,EMEA,CP0306,EQUITY,TDR0103,BOOK_B,2026-04-06
TXN0002210831,APP015,2025-09-22,reversed,477021.41,CHF,LATAM,CP0190,BOND,TDR0015,BOOK_A,2025-12-23
TXN0001172898,APP011,2025-04-09,reversed,315886.77,JPY,AMER,CP0154,FX,TDR0043,BOOK_A,2025-08-22
TXN0003716972,APP012,2025-04-28,pending,210489.52,AUD,EMEA,CP0196,EQUITY,TDR0026,BOOK_C,2025-06-30
TXN0007154153,APP010,2025-11-27,failed,509915.97,CHF,AMER,CP0139,BOND,TDR0047,BOOK_D,2025-11-01
TXN0002252707,APP010,2026-01-31,active,933137.57,CHF,APAC,CP0341,FX,TDR0045,BOOK_D,2025-06-03
TXN0000465522,APP009,2025-01-28,active,969548.44,AUD,LATAM,CP0141,FUTURE,TDR0162,BOOK_A,2025-10-10
TXN0000105395,APP015,2025-10-19,pending,69690.04,EUR,LATAM,CP0449,EQUITY,TDR0117,BOOK_A,2025-06-11
TXN0008389494,APP009,2025-05-21,active,911538.99,EUR,EMEA,CP0011,EQUITY,TDR0101,BOOK_C,2025-06-07
TXN0005351352,APP007,2025-02-24,pending,735383.81,EUR,APAC,CP0009,OPTION,TDR0081,BOOK_D,2026-02-27
TXN0003296869,APP002,2025-11-12,reversed,665142.52,JPY,APAC,CP0006,FUTURE,TDR0026,BOOK_B,2025-11-11
TXN0002743642,APP008,2026-01-15,settled,761492.03,USD,AMER,CP0127,FUTURE,TDR0054,BOOK_D,2026-02-15
TXN0001979054,APP005,2025-06-01,reversed,510100.03,CHF,EMEA,CP0425,OPTION,TDR0114,BOOK_B,2025-08-13
TXN0005202575,APP004,2025-08-28,active,759278.96,CHF,EMEA,CP0338,BOND,TDR0085,BOOK_B,2025-12-16
TXN0002541666,APP011,2025-03-21,failed,874244.49,GBP,EMEA,CP0123,SWAP,TDR0051,BOOK_B,2026-01-12
TXN0006068531,APP010,2025-12-17,active,53628.3,AUD,LATAM,CP0195,BOND,TDR0070,BOOK_A,2025-03-04
TXN0007838191,APP012,2025-08-23,settled,604698.38,GBP,AMER,CP0186,EQUITY,TDR0019,BOOK_A,2026-01-19
TXN0007745738,APP010,2025-03-17,pending,817474.63,CHF,EMEA,CP0255,EQUITY,TDR0161,BOOK_A,2025-09-11
TXN0002787935,APP011,2025-01-29,active,112727.36,USD,LATAM,CP0063,FUTURE,TDR0007,BOOK_B,2025-05-23
TXN0009934642,APP011,2025-06-20,pending,885012.12,USD,LATAM,CP0235,SWAP,TDR0032,BOOK_A,2025-02-23
TXN0005741198,APP003,2025-04-26,reversed,514008.15,JPY,AMER,CP0180,EQUITY,TDR0047,BOOK_B,2025-05-27
TXN0002925682,APP004,2025-11-16,failed,578636.31,USD,EMEA,CP0193,SWAP,TDR0176,BOOK_A,2025-08-21
TXN0006548954,APP015,2025-05-26,settled,358344.04,JPY,EMEA,CP0474,EQUITY,TDR0086,BOOK_D,2025-06-20
TXN0009253960,APP014,2025-04-08,active,649878.83,USD,APAC,CP0017,FUTURE,TDR0019,BOOK_B,2025-01-20
TXN0001954421,APP009,2025-04-04,pending,534462.95,USD,AMER,CP0241,OPTION,TDR0196,BOOK_A,2026-02-25
TXN0000635490,APP015,2026-01-27,settled,370547.25,GBP,EMEA,CP0303,SWAP,TDR0128,BOOK_A,2025-10-17
TXN0004940878,APP009,2025-12-29,reversed,412718.66,EUR,APAC,CP0010,SWAP,TDR0052,BOOK_D,2025-04-16
TXN0002785381,APP013,2025-03-27,pending,47024.64,USD,AMER,CP0291,OPTION,TDR0069,BOOK_D,2026-02-23
TXN0006805227,APP006,2026-02-06,pending,908178.57,EUR,APAC,CP0499,FUTURE,TDR0146,BOOK_D,2025-04-11
TXN0004264220,APP002,2025-11-09,active,662392.62,GBP,APAC,CP0342,EQUITY,TDR0041,BOOK_B,2025-11-26
TXN0004842370,APP005,2025-05-04,active,207845.94,EUR,APAC,CP0106,OPTION,TDR0183,BOOK_C,2025-01-28
TXN0005776789,APP012,2025-08-30,failed,919739.67,CHF,LATAM,CP0369,BOND,TDR0057,BOOK_C,2025-11-11
TXN0003296397,APP009,2025-10-20,reversed,505278.34,GBP,LATAM,CP0461,BOND,TDR0100,BOOK_B,2025-02-07
TXN0001051027,APP009,2026-01-07,reversed,609817.23,USD,EMEA,CP0322,FX,TDR0168,BOOK_B,2025-01-12
TXN0000751279,APP008,2025-09-18,settled,500445.18,EUR,APAC,CP0010,OPTION,TDR0169,BOOK_D,2026-01-19
TXN0008753733,APP014,2025-11-21,settled,44541.85,JPY,APAC,CP0223,SWAP,TDR0155,BOOK_C,2025-12-18
TXN0005398672,APP013,2025-12-05,failed,770417.32,GBP,AMER,CP0115,FX,TDR0051,BOOK_D,2025-01-18
TXN0006307505,APP016,2025-06-29,settled,844743.21,CHF,EMEA,CP0472,FX,TDR0198,BOOK_D,2025-09-02
TXN0004336694,APP005,2025-10-27,reversed,856371.62,USD,LATAM,CP0328,EQUITY,TDR0073,BOOK_B,2025-11-14
TXN0003405365,APP008,2025-10-26,failed,58233.48,EUR,AMER,CP0331,BOND,TDR0166,BOOK_D,2025-12-04
TXN0004031961,APP001,2026-01-25,reversed,630707.25,JPY,EMEA,CP0267,SWAP,TDR0014,BOOK_D,2025-10-09
TXN0002960958,APP010,2026-01-10,reversed,789970.93,CHF,AMER,CP0412,SWAP,TDR0179,BOOK_D,2026-04-01
TXN0009005110,APP020,2025-01-27,settled,127441.69,CHF,LATAM,CP0009,BOND,TDR0139,BOOK_D,2025-09-29
TXN0007918543,APP017,2026-04-10,active,741653.5,JPY,EMEA,CP0235,FUTURE,TDR0069,BOOK_D,2025-11-18
TXN0008362064,APP013,2026-02-13,failed,361758.69,JPY,LATAM,CP0116,FUTURE,TDR0144,BOOK_B,2025-03-24
TXN0003256164,APP016,2025-05-06,failed,104704.19,CHF,AMER,CP0403,OPTION,TDR0101,BOOK_C,2025-03-20
TXN0004819297,APP006,2025-09-11,pending,900772.1,CHF,EMEA,CP0147,FX,TDR0198,BOOK_A,2025-03-27
TXN0007926047,APP014,2025-04-26,active,93895.52,EUR,APAC,CP0211,BOND,TDR0077,BOOK_D,2025-09-09
TXN0004390681,APP003,2025-12-12,active,75828.2,CHF,APAC,CP0467,SWAP,TDR0097,BOOK_A,2025-10-29
TXN0001231878,APP012,2025-01-14,active,653077.1,EUR,EMEA,CP0131,BOND,TDR0101,BOOK_C,2025-12-12
TXN0007241666,APP014,2026-02-19,settled,467578.35,JPY,EMEA,CP0275,EQUITY,TDR0096,BOOK_C,2025-05-21
TXN0005156847,APP013,2025-10-19,active,255724.51,GBP,APAC,CP0425,FUTURE,TDR0073,BOOK_C,2025-06-17
TXN0006305896,APP020,2025-10-31,active,658352.31,CHF,AMER,CP0353,BOND,TDR0136,BOOK_A,2025-11-18
TXN0000599394,APP007,2025-02-22,pending,534002.97,GBP,EMEA,CP0186,OPTION,TDR0178,BOOK_B,2026-01-24
TXN0006263880,APP017,2026-04-12,pending,231157.95,AUD,AMER,CP0322,OPTION,TDR0048,BOOK_D,2025-09-08
TXN0005806348,APP003,2025-09-13,pending,321773.95,CHF,AMER,CP0178,OPTION,TDR0075,BOOK_A,2025-06-04
TXN0006640924,APP008,2025-06-09,active,845063.34,USD,AMER,CP0141,FUTURE,TDR0041,BOOK_C,2025-05-04
TXN0004121966,APP011,2025-05-16,failed,742211.44,CHF,AMER,CP0379,EQUITY,TDR0139,BOOK_C,2025-07-01
TXN0004394029,APP012,2026-02-02,pending,412486.85,CHF,LATAM,CP0420,SWAP,TDR0066,BOOK_B,2025-07-13
TXN0003305295,APP018,2025-05-31,reversed,790312.32,USD,APAC,CP0348,BOND,TDR0063,BOOK_C,2025-03-16
TXN0002013908,APP005,2026-04-02,failed,414991.98,AUD,APAC,CP0458,FX,TDR0129,BOOK_C,2025-04-25
TXN0001182826,APP004,2025-01-31,active,723138.4,GBP,APAC,CP0392,EQUITY,TDR0095,BOOK_D,2025-09-24
TXN0008509961,APP008,2025-10-23,settled,116555.11,CHF,LATAM,CP0042,EQUITY,TDR0092,BOOK_B,2025-10-29
TXN0002760338,APP011,2026-04-13,active,54563.1,AUD,LATAM,CP0319,EQUITY,TDR0166,BOOK_B,2025-10-20
TXN0007092970,APP017,2026-01-10,active,108188.55,USD,APAC,CP0456,SWAP,TDR0057,BOOK_B,2025-06-13
TXN0004414681,APP011,2025-08-12,pending,941844.66,GBP,AMER,CP0128,FX,TDR0055,BOOK_A,2025-05-02
TXN0004134450,APP004,2025-10-04,failed,952065.92,GBP,EMEA,CP0340,OPTION,TDR0117,BOOK_B,2026-04-10
TXN0009793060,APP002,2025-11-10,failed,105360.51,AUD,AMER,CP0476,FX,TDR0084,BOOK_A,2025-10-19
TXN0004907145,APP005,2025-06-27,pending,570875.62,CHF,APAC,CP0493,OPTION,TDR0125,BOOK_C,2025-04-30
TXN0000641824,APP013,2025-03-09,settled,878867.5,CHF,AMER,CP0186,OPTION,TDR0081,BOOK_D,2025-04-25
TXN0004604136,APP008,2026-03-18,reversed,10155.63,GBP,APAC,CP0371,BOND,TDR0199,BOOK_B,2026-04-08
TXN0007957856,APP003,2025-03-13,pending,743262.83,USD,AMER,CP0025,SWAP,TDR0174,BOOK_B,2026-02-01
TXN0004511752,APP019,2025-05-29,active,711730.22,AUD,LATAM,CP0071,OPTION,TDR0088,BOOK_D,2025-04-03
TXN0002999992,APP003,2025-01-27,reversed,305032.12,GBP,LATAM,CP0116,FUTURE,TDR0185,BOOK_D,2025-08-15
TXN0003855533,APP001,2025-05-15,pending,954809.97,AUD,AMER,CP0155,OPTION,TDR0143,BOOK_B,2025-06-01
TXN0008465277,APP020,2025-11-14,reversed,777325.3,EUR,APAC,CP0268,FUTURE,TDR0163,BOOK_D,2025-09-28
TXN0009695501,APP010,2025-12-22,settled,10628.84,USD,APAC,CP0485,FX,TDR0015,BOOK_D,2025-07-09
TXN0002847934,APP005,2026-03-24,pending,67561.59,CHF,AMER,CP0334,FX,TDR0111,BOOK_D,2025-04-06
TXN0005508389,APP010,2025-07-27,settled,94892.56,GBP,LATAM,CP0300,BOND,TDR0173,BOOK_C,2025-12-09
TXN0005465918,APP006,2025-08-05,active,12717.35,CHF,EMEA,CP0211,FUTURE,TDR0006,BOOK_D,2025-01-15
TXN0008820807,APP011,2025-11-21,pending,73951.99,JPY,APAC,CP0239,SWAP,TDR0036,BOOK_A,2026-02-19
TXN0004355871,APP014,2025-04-11,failed,286006.35,AUD,APAC,CP0198,FUTURE,TDR0047,BOOK_C,2026-04-12
TXN0006309730,APP019,2025-01-19,settled,726169.35,AUD,LATAM,CP0216,FX,TDR0132,BOOK_B,2025-08-18
TXN0003525170,APP009,2025-05-24,reversed,351579.09,GBP,LATAM,CP0050,FX,TDR0017,BOOK_C,2025-06-04
TXN0003843278,APP020,2025-12-28,failed,392655.49,USD,LATAM,CP0115,OPTION,TDR0140,BOOK_C,2026-01-12
TXN0009917740,APP004,2025-12-13,settled,401043.91,CHF,APAC,CP0317,EQUITY,TDR0098,BOOK_C,2025-06-30
TXN0003959321,APP015,2026-02-26,active,363400.74,CHF,EMEA,CP0084,FUTURE,TDR0198,BOOK_B,2025-06-12
TXN0005658410,APP014,2025-10-19,reversed,709500.47,USD,AMER,CP0263,EQUITY,TDR0118,BOOK_D,2026-02-23
TXN0000692653,APP010,2025-12-08,settled,917032.1,JPY,EMEA,CP0227,SWAP,TDR0190,BOOK_A,2025-08-12
TXN0002006336,APP002,2025-05-13,active,875994.94,AUD,APAC,CP0152,SWAP,TDR0167,BOOK_C,2026-02-28
TXN0006372743,APP012,2025-09-21,pending,14746.6,EUR,APAC,CP0234,SWAP,TDR0136,BOOK_B,2025-12-11
TXN0000299646,APP009,2026-03-16,settled,688933.73,JPY,EMEA,CP0398,FX,TDR0108,BOOK_D,2025-10-25
TXN0002646580,APP001,2026-04-09,pending,116305.71,EUR,EMEA,CP0233,EQUITY,TDR0195,BOOK_A,2025-05-02
TXN0001546684,APP010,2025-10-25,pending,740625.97,AUD,AMER,CP0028,OPTION,TDR0088,BOOK_B,2025-09-22
TXN0004651744,APP011,2025-03-02,active,555033.1,USD,APAC,CP0262,FX,TDR0040,BOOK_D,2025-02-17
TXN0001124284,APP013,2026-03-24,active,238584.28,AUD,LATAM,CP0111,OPTION,TDR0036,BOOK_A,2026-01-25
TXN0004681849,APP020,2025-11-13,failed,555456.52,CHF,AMER,CP0413,FX,TDR0129,BOOK_D,2025-03-23
TXN0005172874,APP005,2025-10-17,active,529781.67,GBP,AMER,CP0317,FUTURE,TDR0092,BOOK_D,2025-05-17
TXN0003692170,APP019,2026-04-11,reversed,851821.54,AUD,AMER,CP0046,BOND,TDR0124,BOOK_B,2025-07-22
TXN0000851831,APP012,2025-06-20,reversed,156822.8,AUD,APAC,CP0263,FUTURE,TDR0039,BOOK_D,2025-01-18
TXN0004636881,APP009,2025-11-02,reversed,945231.94,AUD,APAC,CP0079,SWAP,TDR0071,BOOK_C,2025-02-01
TXN0005313034,APP015,2025-02-04,settled,152533.63,USD,EMEA,CP0273,SWAP,TDR0162,BOOK_D,2025-06-29
TXN0006208097,APP003,2025-10-06,settled,251873.96,USD,AMER,CP0233,FUTURE,TDR0109,BOOK_B,2025-06-23
TXN0004100721,APP002,2025-04-13,pending,321639.99,USD,LATAM,CP0004,FX,TDR0089,BOOK_C,2025-11-13
TXN0002839247,APP005,2025-04-06,reversed,965695.03,GBP,AMER,CP0499,FX,TDR0177,BOOK_A,2026-01-14
TXN0002522975,APP016,2025-10-12,reversed,298502.86,CHF,APAC,CP0036,EQUITY,TDR0142,BOOK_A,2025-11-05
TXN0009979064,APP009,2026-03-02,reversed,121080.73,CHF,EMEA,CP0428,FX,TDR0079,BOOK_D,2026-01-03
TXN0001064014,APP009,2025-12-09,failed,553287.22,EUR,EMEA,CP0041,FX,TDR0014,BOOK_C,2026-04-01
TXN0001290911,APP009,2025-09-23,pending,422338.95,AUD,APAC,CP0428,FX,TDR0024,BOOK_C,2025-09-01
TXN0002943043,APP011,2026-02-13,pending,143246.27,JPY,AMER,CP0366,OPTION,TDR0122,BOOK_D,2025-08-23
TXN0006616077,APP002,2025-10-29,settled,805841.46,EUR,AMER,CP0308,OPTION,TDR0039,BOOK_A,2025-02-06
TXN0008874169,APP002,2025-10-18,active,180538.44,GBP,LATAM,CP0195,BOND,TDR0008,BOOK_C,2026-03-01
TXN0000434916,APP019,2025-05-05,settled,393493.88,AUD,EMEA,CP0385,BOND,TDR0197,BOOK_B,2025-06-11
TXN0001584323,APP016,2025-04-13,pending,585853.79,JPY,LATAM,CP0116,FX,TDR0192,BOOK_A,2025-03-11
TXN0002837018,APP011,2025-09-10,pending,42126.24,USD,LATAM,CP0255,OPTION,TDR0170,BOOK_D,2025-08-15
TXN0004310117,APP003,2025-04-20,reversed,907503.68,JPY,APAC,CP0140,EQUITY,TDR0012,BOOK_A,2025-11-06
TXN0004295291,APP001,2025-09-11,reversed,495859.08,GBP,EMEA,CP0158,FUTURE,TDR0082,BOOK_C,2026-02-16
TXN0002903858,APP016,2026-02-04,failed,393716.02,AUD,EMEA,CP0080,BOND,TDR0023,BOOK_C,2025-12-16
TXN0005166855,APP002,2026-02-09,active,355009.83,CHF,LATAM,CP0225,FUTURE,TDR0105,BOOK_D,2025-11-08
TXN0000271919,APP012,2025-07-29,active,966612.38,USD,APAC,CP0240,FX,TDR0118,BOOK_B,2025-10-06
TXN0005517147,APP011,2025-07-19,active,189167.85,AUD,APAC,CP0252,FUTURE,TDR0174,BOOK_D,2025-12-25
TXN0007639521,APP010,2025-06-07,pending,633996.13,JPY,AMER,CP0246,OPTION,TDR0079,BOOK_D,2025-06-09
TXN0000987778,APP018,2025-12-04,settled,281335.5,JPY,EMEA,CP0094,OPTION,TDR0185,BOOK_B,2025-09-19
TXN0004035696,APP008,2025-02-27,active,191427.37,EUR,AMER,CP0478,EQUITY,TDR0194,BOOK_A,2025-07-05
TXN0007259005,APP012,2026-01-13,settled,524821.3,JPY,LATAM,CP0258,OPTION,TDR0004,BOOK_D,2026-03-27
TXN0002750424,APP013,2026-03-04,reversed,792025.22,USD,AMER,CP0348,EQUITY,TDR0198,BOOK_D,2026-03-17
TXN0004309639,APP012,2025-04-02,reversed,238626.8,USD,APAC,CP0458,OPTION,TDR0119,BOOK_A,2025-05-13
TXN0009853211,APP002,2026-03-25,settled,837949.69,JPY,AMER,CP0047,FX,TDR0068,BOOK_A,2025-07-03
TXN0004487470,APP017,2025-06-14,settled,277721.09,CHF,EMEA,CP0079,EQUITY,TDR0075,BOOK_A,2026-03-20
TXN0002339653,APP007,2025-05-21,failed,479828.54,EUR,AMER,CP0468,BOND,TDR0065,BOOK_C,2025-03-22
TXN0001050630,APP006,2025-04-19,reversed,391544.05,AUD,APAC,CP0044,SWAP,TDR0004,BOOK_A,2025-01-24
TXN0003967817,APP010,2025-12-01,pending,329351.98,JPY,LATAM,CP0002,FUTURE,TDR0124,BOOK_B,2025-06-19
TXN0005881040,APP016,2025-01-16,settled,571743.19,USD,EMEA,CP0258,OPTION,TDR0068,BOOK_C,2025-06-12
TXN0007539187,APP007,2025-12-09,active,93476.52,JPY,LATAM,CP0206,OPTION,TDR0120,BOOK_C,2026-04-14
TXN0006235097,APP004,2026-01-21,settled,303658.39,GBP,AMER,CP0210,EQUITY,TDR0140,BOOK_A,2026-02-08
TXN0005476795,APP012,2025-10-23,settled,204835.7,GBP,LATAM,CP0469,BOND,TDR0016,BOOK_B,2026-04-02
TXN0009278490,APP001,2025-05-08,failed,43665.68,EUR,EMEA,CP0279,FX,TDR0100,BOOK_B,2025-03-17
TXN0007264818,APP010,2025-06-28,pending,180726.2,EUR,EMEA,CP0360,EQUITY,TDR0194,BOOK_C,2025-11-19
TXN0001297248,APP017,2025-03-08,pending,186656.22,USD,AMER,CP0049,BOND,TDR0174,BOOK_A,2026-01-10
TXN0000446908,APP008,2025-10-30,pending,744677.76,CHF,AMER,CP0451,BOND,TDR0101,BOOK_B,2025-03-29
TXN0006689697,APP019,2026-03-14,failed,435690.84,JPY,LATAM,CP0192,OPTION,TDR0118,BOOK_C,2026-01-14
TXN0009751752,APP006,2025-12-31,settled,983519.7,CHF,LATAM,CP0286,OPTION,TDR0095,BOOK_A,2025-03-10
TXN0006028629,APP001,2025-07-20,failed,699376.4,GBP,LATAM,CP0378,FUTURE,TDR0169,BOOK_C,2025-03-31
TXN0004910017,APP009,2025-01-28,settled,322357.31,CHF,APAC,CP0337,BOND,TDR0076,BOOK_D,2025-12-07
TXN0004352110,APP007,2025-01-09,settled,714729.83,GBP,LATAM,CP0179,EQUITY,TDR0109,BOOK_A,2025-01-27
TXN0001242133,APP020,2025-09-26,failed,116650.19,AUD,LATAM,CP0470,OPTION,TDR0096,BOOK_D,2025-08-28
TXN0009034269,APP003,2025-12-14,reversed,986695.23,GBP,EMEA,CP0133,OPTION,TDR0119,BOOK_D,2025-03-15
TXN0009698084,APP020,2025-01-31,failed,482039.58,AUD,LATAM,CP0379,BOND,TDR0194,BOOK_A,2025-01-27
TXN0003325017,APP017,2025-03-13,pending,247140.93,JPY,EMEA,CP0274,OPTION,TDR0009,BOOK_C,2025-08-05
TXN0001996543,APP003,2025-04-14,failed,838423.44,USD,AMER,CP0477,FUTURE,TDR0018,BOOK_A,2025-03-30
TXN0007510394,APP010,2026-02-11,pending,874220.01,EUR,EMEA,CP0070,BOND,TDR0042,BOOK_A,2026-03-27
TXN0000705490,APP008,2025-11-17,active,831070.58,AUD,EMEA,CP0030,OPTION,TDR0097,BOOK_A,2025-05-09
TXN0005264178,APP016,2025-03-20,failed,46016.69,AUD,AMER,CP0477,OPTION,TDR0133,BOOK_A,2026-01-23
TXN0009897071,APP014,2026-02-07,failed,623191.1,GBP,EMEA,CP0031,OPTION,TDR0008,BOOK_A,2025-11-03
TXN0005345834,APP014,2026-04-01,pending,304573.09,EUR,AMER,CP0102,BOND,TDR0187,BOOK_A,2025-09-20
TXN0003160853,APP001,2025-02-19,reversed,818402.05,GBP,APAC,CP0056,EQUITY,TDR0072,BOOK_A,2025-08-01
TXN0000867391,APP015,2025-11-08,pending,378530.36,USD,APAC,CP0233,FX,TDR0116,BOOK_C,2025-01-27
TXN0003868415,APP006,2025-06-18,reversed,221482.77,AUD,LATAM,CP0028,EQUITY,TDR0164,BOOK_C,2025-10-10
TXN0006308053,APP013,2026-01-24,active,754977.74,JPY,APAC,CP0481,FUTURE,TDR0116,BOOK_A,2025-08-29
TXN0007613683,APP002,2025-03-15,pending,355725.92,CHF,LATAM,CP0074,SWAP,TDR0172,BOOK_C,2025-03-07
TXN0002942876,APP008,2025-07-23,reversed,880201.21,AUD,LATAM,CP0307,FUTURE,TDR0105,BOOK_A,2025-08-11
TXN0009391601,APP013,2025-06-13,pending,107544.87,AUD,EMEA,CP0217,OPTION,TDR0164,BOOK_A,2025-10-10
TXN0003214893,APP003,2025-09-03,reversed,327087.09,AUD,EMEA,CP0271,FX,TDR0049,BOOK_A,2025-05-21
TXN0003242525,APP018,2025-02-27,settled,880380.73,EUR,EMEA,CP0232,BOND,TDR0124,BOOK_B,2025-01-23
TXN0001815401,APP015,2025-03-03,pending,175713.0,USD,APAC,CP0432,BOND,TDR0092,BOOK_D,2025-05-25
TXN0008271548,APP020,2026-03-30,active,991917.84,JPY,EMEA,CP0444,EQUITY,TDR0114,BOOK_C,2025-06-15
TXN0007555399,APP015,2025-03-06,pending,463139.61,USD,AMER,CP0431,OPTION,TDR0118,BOOK_D,2025-09-16
TXN0004719980,APP010,2025-05-21,failed,705832.82,GBP,LATAM,CP0135,SWAP,TDR0161,BOOK_A,2025-08-21
TXN0009437599,APP002,2025-06-26,active,178955.59,AUD,EMEA,CP0306,OPTION,TDR0197,BOOK_B,2026-04-08
TXN0000238871,APP003,2025-02-07,active,845723.18,CHF,LATAM,CP0137,FUTURE,TDR0099,BOOK_B,2025-04-17
TXN0005848091,APP012,2025-07-27,pending,117605.51,AUD,EMEA,CP0091,EQUITY,TDR0030,BOOK_C,2025-05-02
TXN0004989959,APP020,2026-03-02,failed,701598.76,GBP,AMER,CP0393,FUTURE,TDR0041,BOOK_D,2025-01-18
TXN0009055736,APP016,2026-02-14,active,381796.85,GBP,LATAM,CP0229,FUTURE,TDR0098,BOOK_C,2025-11-19
TXN0002896612,APP005,2026-01-10,active,513291.64,USD,AMER,CP0010,EQUITY,TDR0069,BOOK_C,2025-11-28
TXN0004231302,APP016,2025-09-01,reversed,770731.47,JPY,AMER,CP0109,SWAP,TDR0061,BOOK_A,2026-03-28
TXN0009126078,APP014,2026-03-02,reversed,132712.67,EUR,EMEA,CP0130,SWAP,TDR0007,BOOK_D,2025-06-15
TXN0003377764,APP015,2025-12-18,failed,325101.79,CHF,EMEA,CP0045,FX,TDR0183,BOOK_C,2025-03-31
TXN0002722202,APP013,2026-02-15,failed,13221.68,EUR,APAC,CP0361,FX,TDR0019,BOOK_B,2026-01-24
TXN0006892869,APP019,2026-02-24,active,303274.21,CHF,AMER,CP0498,OPTION,TDR0040,BOOK_C,2025-03-24
TXN0004934067,APP019,2026-03-23,settled,856646.64,GBP,EMEA,CP0298,SWAP,TDR0146,BOOK_A,2025-11-30
TXN0004862847,APP013,2025-02-05,failed,455847.09,USD,EMEA,CP0486,SWAP,TDR0026,BOOK_D,2025-05-05
TXN0006643026,APP007,2026-03-09,pending,156485.35,JPY,AMER,CP0427,OPTION,TDR0038,BOOK_A,2025-04-20
TXN0001947658,APP014,2025-10-18,pending,359005.74,GBP,AMER,CP0358,OPTION,TDR0189,BOOK_A,2025-01-27
TXN0001817286,APP015,2025-06-30,settled,950859.06,EUR,EMEA,CP0213,SWAP,TDR0145,BOOK_C,2025-01-01
TXN0009564627,APP004,2025-07-01,failed,546473.95,JPY,AMER,CP0372,OPTION,TDR0001,BOOK_D,2025-07-27
TXN0001146983,APP019,2025-09-05,active,471994.63,EUR,LATAM,CP0374,OPTION,TDR0075,BOOK_C,2026-02-22
TXN0008403775,APP008,2025-12-31,reversed,172839.42,USD,APAC,CP0428,OPTION,TDR0093,BOOK_C,2025-07-06
TXN0006728575,APP004,2025-12-06,pending,313267.49,USD,EMEA,CP0237,FX,TDR0159,BOOK_C,2026-04-02
TXN0008920291,APP005,2025-11-24,active,52017.7,USD,EMEA,CP0346,BOND,TDR0195,BOOK_B,2025-07-23
TXN0007880354,APP020,2025-03-15,reversed,32635.79,EUR,APAC,CP0427,EQUITY,TDR0124,BOOK_D,2025-05-26
TXN0003072177,APP020,2026-02-16,settled,837582.94,EUR,AMER,CP0040,FUTURE,TDR0079,BOOK_D,2025-08-11
TXN0000654298,APP004,2025-12-19,active,724046.68,CHF,AMER,CP0046,FUTURE,TDR0037,BOOK_D,2025-02-18
TXN0008610866,APP020,2025-08-21,reversed,413017.7,JPY,AMER,CP0130,EQUITY,TDR0167,BOOK_B,2025-08-04
TXN0000115202,APP010,2025-01-04,pending,902986.44,EUR,APAC,CP0213,FX,TDR0060,BOOK_A,2025-09-08
TXN0003897583,APP020,2025-04-28,reversed,823894.1,EUR,LATAM,CP0477,EQUITY,TDR0016,BOOK_B,2025-04-23
TXN0001155324,APP002,2025-12-27,active,519038.63,AUD,AMER,CP0262,FX,TDR0008,BOOK_B,2025-06-18
TXN0005479704,APP011,2025-06-23,pending,623253.99,JPY,AMER,CP0255,OPTION,TDR0080,BOOK_D,2025-05-06
TXN0005807118,APP019,2025-09-28,active,787806.51,USD,LATAM,CP0291,EQUITY,TDR0057,BOOK_D,2025-07-29
TXN0009794431,APP006,2025-03-16,settled,120919.82,AUD,LATAM,CP0304,FUTURE,TDR0116,BOOK_A,2025-07-12
TXN0003568243,APP007,2025-02-04,settled,990417.79,AUD,AMER,CP0316,BOND,TDR0054,BOOK_B,2025-04-30
TXN0001850744,APP006,2025-08-21,failed,428702.44,GBP,APAC,CP0285,FX,TDR0120,BOOK_B,2025-07-01
TXN0009482082,APP016,2025-09-16,reversed,412569.02,CHF,LATAM,CP0261,FX,TDR0015,BOOK_C,2026-03-23
TXN0006615747,APP005,2026-01-03,failed,256075.85,GBP,EMEA,CP0011,EQUITY,TDR0119,BOOK_B,2025-10-04
TXN0004747664,APP010,2025-06-19,active,466573.98,EUR,AMER,CP0226,OPTION,TDR0166,BOOK_D,2025-07-19
TXN0006159620,APP006,2025-08-20,settled,302117.56,EUR,EMEA,CP0466,EQUITY,TDR0111,BOOK_A,2025-12-03
TXN0007252627,APP017,2025-09-28,active,992988.42,CHF,APAC,CP0297,FX,TDR0090,BOOK_B,2025-06-26
TXN0005755157,APP017,2025-05-29,reversed,629137.52,CHF,LATAM,CP0330,EQUITY,TDR0171,BOOK_B,2026-03-09
TXN0002362903,APP010,2025-12-18,settled,101358.28,USD,EMEA,CP0072,FUTURE,TDR0145,BOOK_C,2025-06-05
TXN0000640172,APP011,2025-06-30,failed,744238.91,USD,APAC,CP0139,FX,TDR0145,BOOK_A,2025-02-24
TXN0009119530,APP002,2025-09-06,pending,101469.79,CHF,LATAM,CP0300,FUTURE,TDR0089,BOOK_A,2025-03-02
TXN0002640724,APP017,2025-10-05,pending,384164.74,USD,EMEA,CP0466,FX,TDR0174,BOOK_D,2026-03-24
TXN0005445255,APP012,2025-07-30,pending,928258.11,USD,LATAM,CP0496,SWAP,TDR0108,BOOK_B,2025-12-26
TXN0003960176,APP017,2026-03-29,settled,522006.25,JPY,APAC,CP0185,FX,TDR0084,BOOK_B,2025-03-07
TXN0001360017,APP012,2025-03-05,active,338914.95,CHF,APAC,CP0139,OPTION,TDR0116,BOOK_A,2025-02-22
TXN0004195433,APP014,2025-10-29,pending,38392.17,USD,EMEA,CP0254,FX,TDR0019,BOOK_B,2025-05-31
TXN0005564489,APP014,2025-10-16,settled,211773.88,GBP,AMER,CP0115,FUTURE,TDR0077,BOOK_D,2025-04-03
TXN0009706117,APP015,2026-02-11,settled,916310.19,AUD,LATAM,CP0163,FUTURE,TDR0001,BOOK_A,2025-09-03
TXN0001183634,APP013,2025-07-25,reversed,342228.65,EUR,EMEA,CP0280,FUTURE,TDR0140,BOOK_C,2025-06-03
TXN0005948835,APP006,2026-03-31,reversed,283152.94,GBP,APAC,CP0325,EQUITY,TDR0163,BOOK_D,2025-06-15
TXN0008055665,APP014,2025-11-20,failed,931713.06,AUD,EMEA,CP0007,EQUITY,TDR0042,BOOK_D,2025-08-13
TXN0008341743,APP015,2026-04-10,settled,793855.52,USD,APAC,CP0439,EQUITY,TDR0122,BOOK_A,2025-11-05
TXN0008187607,APP012,2025-05-29,active,438337.64,EUR,LATAM,CP0270,EQUITY,TDR0012,BOOK_A,2025-03-30
TXN0000250747,APP013,2025-12-02,settled,956755.12,USD,AMER,CP0352,OPTION,TDR0187,BOOK_D,2025-02-07
TXN0008256793,APP011,2025-05-06,settled,711552.44,JPY,AMER,CP0240,OPTION,TDR0141,BOOK_B,2025-09-23
TXN0009349856,APP006,2026-04-06,settled,704749.65,AUD,LATAM,CP0270,SWAP,TDR0075,BOOK_C,2025-08-26
TXN0001791208,APP015,2026-03-13,failed,346153.89,AUD,EMEA,CP0182,BOND,TDR0003,BOOK_A,2025-05-04
TXN0000290456,APP003,2025-01-08,active,949312.98,EUR,AMER,CP0115,BOND,TDR0185,BOOK_D,2025-06-24
TXN0006262661,APP003,2025-01-16,failed,36979.24,USD,APAC,CP0067,FX,TDR0103,BOOK_C,2025-09-03
TXN0009994276,APP015,2025-08-21,pending,834947.92,USD,APAC,CP0307,EQUITY,TDR0113,BOOK_C,2025-08-27
TXN0002452332,APP005,2025-12-14,pending,896627.22,EUR,EMEA,CP0178,FX,TDR0030,BOOK_C,2025-10-15
TXN0007812104,APP006,2026-02-28,active,532448.89,JPY,AMER,CP0072,EQUITY,TDR0063,BOOK_B,2025-09-20
TXN0005014188,APP013,2026-02-25,settled,287205.52,USD,AMER,CP0417,SWAP,TDR0174,BOOK_A,2026-04-11
TXN0008531192,APP010,2025-09-09,failed,313875.92,USD,APAC,CP0196,SWAP,TDR0199,BOOK_B,2025-03-21
TXN0007815004,APP014,2025-06-29,reversed,575625.66,CHF,AMER,CP0229,OPTION,TDR0157,BOOK_A,2025-12-14
TXN0009340124,APP014,2025-10-24,reversed,612235.01,USD,EMEA,CP0032,FX,TDR0123,BOOK_C,2025-01-11
TXN0001591160,APP020,2025-02-09,reversed,609636.92,CHF,LATAM,CP0174,SWAP,TDR0094,BOOK_B,2025-04-16
TXN0004687572,APP005,2025-03-29,active,824565.05,CHF,APAC,CP0256,FX,TDR0023,BOOK_D,2026-01-17
TXN0009278016,APP003,2025-02-20,pending,521690.54,EUR,APAC,CP0025,EQUITY,TDR0160,BOOK_B,2025-07-24
TXN0005423351,APP005,2025-10-17,failed,179894.84,JPY,AMER,CP0396,FX,TDR0050,BOOK_A,2025-12-31
TXN0008998864,APP002,2025-01-23,pending,358670.01,AUD,APAC,CP0316,SWAP,TDR0120,BOOK_A,2025-08-23
TXN0006592529,APP012,2026-01-06,failed,119477.25,AUD,APAC,CP0338,EQUITY,TDR0072,BOOK_A,2025-05-01
TXN0004179928,APP014,2025-12-07,settled,10318.75,GBP,AMER,CP0415,OPTION,TDR0142,BOOK_D,2025-11-03
TXN0009956618,APP002,2026-03-05,reversed,721713.35,CHF,AMER,CP0048,FX,TDR0106,BOOK_B,2026-03-12
TXN0005323132,APP017,2025-04-20,pending,797795.98,EUR,LATAM,CP0039,BOND,TDR0070,BOOK_C,2026-02-12
TXN0007719632,APP015,2026-01-15,failed,98966.33,JPY,EMEA,CP0240,OPTION,TDR0038,BOOK_C,2025-09-07
TXN0000302988,APP016,2025-08-27,failed,248968.06,EUR,EMEA,CP0355,EQUITY,TDR0152,BOOK_C,2025-02-25
TXN0003044367,APP017,2026-02-15,failed,372435.81,JPY,EMEA,CP0494,OPTION,TDR0107,BOOK_C,2025-09-06
TXN0005105735,APP020,2025-07-24,pending,236487.93,USD,EMEA,CP0352,FUTURE,TDR0123,BOOK_D,2025-09-04
TXN0005962664,APP004,2025-07-17,failed,825654.28,USD,AMER,CP0424,BOND,TDR0040,BOOK_D,2025-07-14
TXN0000927626,APP012,2025-06-10,pending,1734.01,AUD,LATAM,CP0113,BOND,TDR0167,BOOK_A,2025-05-05
TXN0005090986,APP006,2025-10-09,pending,603862.58,GBP,APAC,CP0330,OPTION,TDR0104,BOOK_C,2026-03-25
TXN0009710597,APP015,2025-01-03,reversed,119970.23,CHF,APAC,CP0096,SWAP,TDR0154,BOOK_A,2025-05-23
TXN0007775840,APP019,2025-04-18,failed,280465.0,USD,LATAM,CP0420,EQUITY,TDR0134,BOOK_A,2025-01-19
TXN0008458228,APP020,2025-06-03,settled,117019.61,EUR,LATAM,CP0400,EQUITY,TDR0014,BOOK_B,2025-09-17
TXN0002317071,APP007,2026-03-01,active,412814.06,USD,APAC,CP0328,EQUITY,TDR0067,BOOK_D,2025-09-28
TXN0007682330,APP007,2025-06-18,reversed,997935.48,AUD,APAC,CP0383,BOND,TDR0127,BOOK_C,2025-11-24
TXN0006668222,APP007,2025-11-04,settled,373621.66,JPY,LATAM,CP0479,FUTURE,TDR0098,BOOK_D,2025-07-04
TXN0005450982,APP017,2026-02-19,reversed,637245.4,CHF,LATAM,CP0421,FX,TDR0002,BOOK_B,2025-05-20
TXN0001933988,APP014,2025-10-03,pending,419845.63,EUR,LATAM,CP0037,OPTION,TDR0002,BOOK_B,2026-01-04
TXN0001935826,APP009,2025-07-26,settled,576834.84,EUR,AMER,CP0013,EQUITY,TDR0115,BOOK_A,2026-01-28
TXN0007593259,APP002,2025-06-03,pending,496952.51,USD,LATAM,CP0284,FX,TDR0049,BOOK_B,2025-01-25
TXN0003792288,APP015,2025-05-14,reversed,428146.84,USD,LATAM,CP0093,SWAP,TDR0190,BOOK_C,2025-02-21
TXN0002797674,APP011,2025-03-14,failed,111653.6,AUD,EMEA,CP0157,BOND,TDR0171,BOOK_D,2025-07-30
TXN0001107305,APP019,2025-01-22,pending,984722.48,AUD,AMER,CP0249,BOND,TDR0188,BOOK_B,2025-11-15
TXN0007629713,APP013,2026-02-25,failed,911162.55,EUR,APAC,CP0483,FUTURE,TDR0087,BOOK_B,2026-03-13
TXN0008689847,APP003,2025-11-02,reversed,238205.7,AUD,AMER,CP0106,BOND,TDR0051,BOOK_D,2026-04-04
TXN0000194518,APP001,2025-03-15,failed,390630.7,CHF,AMER,CP0275,EQUITY,TDR0069,BOOK_D,2026-01-14
TXN0001744236,APP017,2025-12-22,settled,58596.8,GBP,AMER,CP0423,OPTION,TDR0184,BOOK_B,2025-02-21
TXN0005845809,APP019,2026-02-21,reversed,887844.58,GBP,EMEA,CP0344,FX,TDR0026,BOOK_B,2025-01-27
TXN0003372217,APP013,2026-02-07,failed,613627.8,CHF,LATAM,CP0153,FUTURE,TDR0079,BOOK_A,2025-02-03
TXN0004357253,APP017,2025-08-13,failed,21589.07,USD,EMEA,CP0092,BOND,TDR0159,BOOK_B,2025-02-24
TXN0006740282,APP006,2025-05-17,pending,635382.91,USD,APAC,CP0147,BOND,TDR0147,BOOK_B,2026-01-17
TXN0006013747,APP010,2025-04-14,pending,529243.63,EUR,APAC,CP0220,BOND,TDR0036,BOOK_A,2025-01-14
TXN0007034632,APP005,2025-06-27,settled,422799.91,CHF,AMER,CP0382,EQUITY,TDR0180,BOOK_C,2025-12-14
TXN0002658997,APP020,2025-02-18,reversed,65521.51,USD,LATAM,CP0374,FUTURE,TDR0053,BOOK_D,2026-04-06
TXN0002138503,APP005,2025-10-12,pending,923025.51,JPY,EMEA,CP0395,SWAP,TDR0078,BOOK_B,2025-05-22
TXN0002383710,APP020,2025-10-26,pending,244928.19,JPY,EMEA,CP0465,BOND,TDR0187,BOOK_C,2025-05-14
TXN0002913729,APP008,2025-06-12,failed,579408.08,EUR,EMEA,CP0420,BOND,TDR0175,BOOK_B,2025-10-14
TXN0002456237,APP012,2026-01-30,failed,906804.21,AUD,AMER,CP0372,EQUITY,TDR0122,BOOK_A,2025-09-18
TXN0004498814,APP009,2026-03-27,settled,541125.1,GBP,APAC,CP0060,FX,TDR0131,BOOK_D,2025-07-16
TXN0005644324,APP002,2025-05-20,failed,433943.59,AUD,APAC,CP0114,BOND,TDR0187,BOOK_D,2025-09-08
TXN0007334152,APP009,2025-08-05,active,246395.15,AUD,AMER,CP0252,OPTION,TDR0060,BOOK_D,2025-08-10
TXN0003099294,APP004,2025-07-25,failed,129364.26,USD,AMER,CP0419,FUTURE,TDR0191,BOOK_C,2025-07-27
TXN0006864917,APP003,2025-05-12,active,421224.55,USD,APAC,CP0093,BOND,TDR0056,BOOK_D,2025-09-01
TXN0007591868,APP013,2025-10-22,pending,918508.57,JPY,EMEA,CP0004,BOND,TDR0178,BOOK_A,2025-11-29
TXN0004387460,APP013,2025-06-18,pending,463389.13,CHF,AMER,CP0317,OPTION,TDR0194,BOOK_D,2025-03-25
TXN0005407072,APP001,2026-03-06,active,200304.77,JPY,APAC,CP0174,FX,TDR0088,BOOK_C,2025-01-12
TXN0004269247,APP017,2025-07-22,settled,215880.19,AUD,APAC,CP0222,FX,TDR0137,BOOK_B,2025-06-26
TXN0007041516,APP018,2025-05-11,pending,469640.52,USD,APAC,CP0458,SWAP,TDR0055,BOOK_D,2025-02-18
TXN0003659844,APP015,2025-12-31,reversed,211706.08,AUD,LATAM,CP0043,FUTURE,TDR0178,BOOK_C,2025-08-03
TXN0004816776,APP015,2025-01-30,pending,698834.02,GBP,EMEA,CP0129,FUTURE,TDR0021,BOOK_C,2025-12-26
TXN0003707680,APP013,2025-11-18,settled,46527.55,JPY,AMER,CP0234,BOND,TDR0111,BOOK_B,2025-05-11
TXN0000014344,APP014,2025-03-04,reversed,297740.71,USD,APAC,CP0447,FX,TDR0069,BOOK_B,2025-05-01
TXN0006945017,APP015,2026-04-04,reversed,298196.71,AUD,EMEA,CP0236,OPTION,TDR0046,BOOK_A,2025-05-21
TXN0008729985,APP014,2025-09-23,pending,432803.65,CHF,AMER,CP0187,BOND,TDR0064,BOOK_C,2025-06-03
TXN0005649434,APP002,2025-12-18,settled,920029.88,USD,EMEA,CP0219,EQUITY,TDR0061,BOOK_C,2025-08-27
TXN0002067912,APP002,2025-09-24,failed,876160.96,CHF,EMEA,CP0264,SWAP,TDR0023,BOOK_C,2025-01-01
TXN0006898932,APP013,2025-09-05,active,131942.82,GBP,APAC,CP0034,OPTION,TDR0198,BOOK_B,2025-05-03
TXN0009320004,APP016,2025-05-08,active,653358.7,EUR,APAC,CP0267,EQUITY,TDR0061,BOOK_A,2026-04-07
TXN0008941137,APP004,2025-02-08,pending,955782.97,EUR,APAC,CP0070,FUTURE,TDR0052,BOOK_B,2025-05-09
TXN0009521722,APP018,2025-01-06,failed,401517.11,AUD,AMER,CP0231,FX,TDR0046,BOOK_C,2025-07-23
TXN0001706782,APP016,2025-05-26,pending,196959.77,CHF,LATAM,CP0118,SWAP,TDR0005,BOOK_B,2025-12-17
TXN0001169185,APP002,2025-08-07,reversed,828558.93,AUD,EMEA,CP0207,BOND,TDR0192,BOOK_A,2025-10-19
TXN0008946247,APP020,2025-09-01,active,255572.68,JPY,EMEA,CP0167,EQUITY,TDR0117,BOOK_B,2025-11-16
TXN0007302398,APP020,2025-12-19,active,905590.43,CHF,EMEA,CP0073,OPTION,TDR0027,BOOK_D,2026-01-25
TXN0005773851,APP007,2025-06-10,reversed,19342.14,AUD,LATAM,CP0411,EQUITY,TDR0162,BOOK_C,2025-07-17
TXN0003684430,APP018,2025-09-13,reversed,360586.31,EUR,LATAM,CP0098,SWAP,TDR0159,BOOK_A,2025-05-10
TXN0000473680,APP015,2025-03-04,settled,898480.78,CHF,APAC,CP0418,EQUITY,TDR0022,BOOK_B,2026-02-23
TXN0000845806,APP009,2025-12-15,settled,550143.4,CHF,APAC,CP0208,FX,TDR0030,BOOK_B,2026-02-27
TXN0004404857,APP001,2025-10-12,settled,222570.19,AUD,APAC,CP0491,OPTION,TDR0191,BOOK_D,2026-03-11
TXN0004297339,APP005,2025-04-17,active,661950.31,EUR,APAC,CP0031,FX,TDR0178,BOOK_C,2025-08-15
TXN0001100199,APP002,2025-11-09,settled,603167.61,AUD,AMER,CP0373,EQUITY,TDR0103,BOOK_A,2025-10-13
TXN0002908066,APP018,2025-09-03,failed,786215.02,USD,LATAM,CP0344,SWAP,TDR0035,BOOK_A,2025-12-06
TXN0002252835,APP018,2025-10-05,reversed,246786.7,USD,APAC,CP0133,EQUITY,TDR0198,BOOK_A,2026-01-22
TXN0000363532,APP014,2025-07-30,settled,49010.45,EUR,LATAM,CP0082,BOND,TDR0192,BOOK_B,2026-01-29
TXN0001871844,APP003,2025-02-13,settled,708313.21,USD,APAC,CP0198,SWAP,TDR0191,BOOK_C,2026-01-26
TXN0005470988,APP004,2026-04-01,pending,917863.42,AUD,EMEA,CP0193,BOND,TDR0100,BOOK_D,2025-11-29
TXN0002435954,APP019,2025-03-06,reversed,346448.05,AUD,AMER,CP0326,OPTION,TDR0083,BOOK_B,2025-04-19
TXN0005650549,APP006,2026-04-14,active,126896.57,USD,APAC,CP0137,FUTURE,TDR0200,BOOK_C,2025-10-20
TXN0000478259,APP012,2025-08-05,failed,337817.09,JPY,APAC,CP0443,BOND,TDR0042,BOOK_A,2026-01-05
TXN0005757566,APP011,2026-01-04,settled,481204.32,AUD,AMER,CP0310,FUTURE,TDR0062,BOOK_B,2025-05-19
TXN0003263493,APP006,2025-03-07,active,606039.52,GBP,AMER,CP0325,BOND,TDR0187,BOOK_B,2026-01-09
TXN0008713638,APP019,2025-05-13,active,302369.91,JPY,APAC,CP0195,FX,TDR0070,BOOK_D,2025-02-21
TXN0008250394,APP006,2025-07-13,reversed,75752.15,JPY,EMEA,CP0430,FX,TDR0131,BOOK_C,2025-06-25
TXN0002347102,APP014,2025-02-10,failed,958782.08,EUR,AMER,CP0064,FX,TDR0170,BOOK_C,2025-03-27
TXN0004517315,APP005,2025-05-16,pending,153910.12,AUD,LATAM,CP0346,EQUITY,TDR0064,BOOK_C,2026-02-06
TXN0007166833,APP009,2025-01-20,pending,42798.7,EUR,AMER,CP0253,BOND,TDR0087,BOOK_A,2025-08-02
TXN0002783592,APP011,2026-03-16,failed,401139.48,AUD,LATAM,CP0496,FUTURE,TDR0117,BOOK_C,2026-03-08
TXN0008895474,APP015,2025-03-26,failed,682241.74,USD,LATAM,CP0447,BOND,TDR0153,BOOK_A,2026-04-13
TXN0006680125,APP014,2025-05-06,pending,230941.82,JPY,LATAM,CP0141,BOND,TDR0092,BOOK_B,2025-12-03
TXN0009164757,APP012,2026-04-09,active,438706.88,USD,LATAM,CP0396,BOND,TDR0065,BOOK_A,2025-03-10
TXN0000501476,APP016,2026-01-23,active,664436.47,USD,EMEA,CP0491,FX,TDR0190,BOOK_D,2025-03-16
TXN0009472403,APP013,2025-07-19,active,412902.6,JPY,AMER,CP0175,OPTION,TDR0128,BOOK_B,2026-01-17
TXN0002011972,APP010,2025-08-31,failed,714230.83,CHF,APAC,CP0050,SWAP,TDR0086,BOOK_D,2025-10-08
TXN0000115579,APP007,2026-03-18,pending,887195.31,EUR,EMEA,CP0134,BOND,TDR0187,BOOK_A,2025-10-21
TXN0001016551,APP016,2025-08-13,reversed,509249.82,GBP,APAC,CP0318,BOND,TDR0146,BOOK_C,2025-05-10
TXN0003738330,APP014,2025-06-29,pending,219380.36,CHF,AMER,CP0115,OPTION,TDR0001,BOOK_B,2025-09-17
TXN0003087394,APP017,2025-09-12,active,17720.93,JPY,EMEA,CP0265,FX,TDR0099,BOOK_D,2026-01-21
TXN0008393546,APP002,2025-02-27,pending,329976.39,USD,APAC,CP0335,FX,TDR0091,BOOK_A,2025-02-02
TXN0000099452,APP017,2025-02-09,pending,842139.4,CHF,APAC,CP0222,SWAP,TDR0007,BOOK_A,2026-04-12
TXN0006831733,APP016,2026-01-29,settled,116741.9,EUR,LATAM,CP0326,OPTION,TDR0017,BOOK_A,2025-06-02
TXN0006508270,APP010,2025-02-19,reversed,329873.4,EUR,AMER,CP0082,OPTION,TDR0031,BOOK_D,2026-04-03
TXN0007985434,APP020,2026-01-28,pending,953778.23,CHF,APAC,CP0223,OPTION,TDR0036,BOOK_A,2025-08-19
TXN0000928221,APP015,2025-03-17,reversed,398700.43,USD,APAC,CP0047,BOND,TDR0024,BOOK_C,2025-11-10
TXN0004811708,APP020,2025-07-09,pending,190351.31,JPY,EMEA,CP0451,SWAP,TDR0107,BOOK_C,2025-10-14
TXN0006792599,APP001,2025-11-18,failed,953852.22,JPY,LATAM,CP0334,BOND,TDR0144,BOOK_C,2026-01-09
TXN0001898853,APP010,2026-02-02,settled,56527.99,CHF,EMEA,CP0260,EQUITY,TDR0089,BOOK_A,2026-01-11
TXN0000819207,APP008,2025-02-19,reversed,789984.95,JPY,APAC,CP0235,FUTURE,TDR0033,BOOK_A,2026-01-14
TXN0002096286,APP020,2026-02-17,reversed,171310.66,GBP,AMER,CP0056,FX,TDR0153,BOOK_B,2026-01-22
TXN0005972590,APP018,2025-03-04,active,49903.77,AUD,LATAM,CP0174,EQUITY,TDR0039,BOOK_D,2025-07-02
TXN0009890866,APP004,2025-07-06,reversed,713867.89,EUR,EMEA,CP0213,SWAP,TDR0042,BOOK_D,2025-07-02
TXN0002505793,APP013,2026-01-07,settled,967698.29,AUD,AMER,CP0325,OPTION,TDR0036,BOOK_C,2025-02-01
TXN0003095829,APP017,2025-07-28,active,910708.62,AUD,LATAM,CP0337,FUTURE,TDR0142,BOOK_B,2025-02-02
TXN0004615396,APP018,2025-10-30,pending,448861.01,AUD,APAC,CP0397,SWAP,TDR0030,BOOK_B,2025-11-07
TXN0002139687,APP004,2026-01-11,pending,380547.04,EUR,AMER,CP0194,OPTION,TDR0103,BOOK_C,2025-11-07
TXN0001260624,APP010,2025-02-22,settled,538039.59,AUD,AMER,CP0080,OPTION,TDR0046,BOOK_D,2025-05-08
TXN0008053204,APP012,2025-07-08,failed,682232.52,JPY,LATAM,CP0207,SWAP,TDR0054,BOOK_D,2025-01-12
TXN0001615012,APP005,2026-01-01,settled,552926.91,EUR,LATAM,CP0057,EQUITY,TDR0090,BOOK_B,2025-11-12
TXN0009155023,APP016,2025-03-06,pending,644677.64,EUR,AMER,CP0076,EQUITY,TDR0149,BOOK_B,2025-02-28
TXN0006355546,APP017,2026-01-20,failed,7615.23,AUD,AMER,CP0394,OPTION,TDR0075,BOOK_A,2025-12-03
TXN0002511518,APP007,2025-01-18,settled,936753.11,AUD,EMEA,CP0221,EQUITY,TDR0094,BOOK_C,2025-03-08
TXN0009061999,APP003,2025-09-03,failed,652682.24,AUD,AMER,CP0099,EQUITY,TDR0109,BOOK_D,2025-10-04
TXN0001631103,APP015,2026-02-10,pending,109012.32,EUR,LATAM,CP0415,FX,TDR0187,BOOK_A,2025-08-16
TXN0007992123,APP004,2025-08-09,pending,982907.49,EUR,EMEA,CP0447,FX,TDR0143,BOOK_C,2025-08-07
TXN0008383604,APP016,2026-02-01,settled,978576.74,USD,APAC,CP0195,FX,TDR0084,BOOK_D,2025-12-10
TXN0002014433,APP011,2025-12-08,pending,287690.96,USD,LATAM,CP0441,OPTION,TDR0012,BOOK_C,2025-07-17
TXN0005221573,APP002,2025-03-30,reversed,31697.76,JPY,EMEA,CP0202,FX,TDR0146,BOOK_A,2025-07-10
TXN0000555555,APP001,2026-01-01,pending,56334.28,JPY,APAC,CP0131,EQUITY,TDR0072,BOOK_D,2025-11-15
TXN0003796303,APP015,2026-01-24,settled,54337.65,JPY,EMEA,CP0397,BOND,TDR0041,BOOK_D,2025-10-02
TXN0007016217,APP001,2026-02-28,settled,390442.72,GBP,AMER,CP0145,FUTURE,TDR0095,BOOK_D,2026-04-02
TXN0000727092,APP002,2025-04-29,settled,689735.99,JPY,AMER,CP0301,FUTURE,TDR0070,BOOK_A,2025-06-10
TXN0008094729,APP011,2026-01-21,settled,680971.79,JPY,LATAM,CP0359,EQUITY,TDR0003,BOOK_A,2025-01-03
TXN0005506876,APP015,2025-07-07,failed,389139.82,JPY,LATAM,CP0133,OPTION,TDR0137,BOOK_A,2025-06-09
TXN0000702362,APP016,2025-01-16,pending,62055.26,AUD,APAC,CP0013,OPTION,TDR0008,BOOK_B,2025-09-29
TXN0004977090,APP007,2025-09-04,active,966640.24,USD,APAC,CP0030,BOND,TDR0017,BOOK_B,2025-05-26
TXN0003758352,APP010,2025-05-03,failed,318433.66,USD,APAC,CP0222,BOND,TDR0136,BOOK_C,2025-10-13
TXN0005294538,APP017,2025-06-25,settled,699083.42,CHF,APAC,CP0481,FUTURE,TDR0050,BOOK_D,2025-10-11
TXN0009970759,APP014,2025-12-21,reversed,893467.07,JPY,APAC,CP0297,FUTURE,TDR0098,BOOK_D,2026-03-21
TXN0001525731,APP005,2025-04-24,reversed,703371.97,EUR,LATAM,CP0114,EQUITY,TDR0178,BOOK_C,2026-03-19
TXN0001840531,APP006,2025-09-14,failed,116047.23,GBP,EMEA,CP0310,OPTION,TDR0026,BOOK_C,2025-05-03
TXN0000969038,APP010,2025-08-21,reversed,849978.63,USD,AMER,CP0092,EQUITY,TDR0169,BOOK_C,2026-01-21
TXN0006750508,APP010,2025-03-13,active,619599.01,CHF,EMEA,CP0053,FX,TDR0107,BOOK_B,2025-01-28
TXN0008330302,APP002,2025-03-15,reversed,74808.79,GBP,AMER,CP0315,BOND,TDR0119,BOOK_B,2025-05-14
TXN0000881988,APP012,2025-07-25,settled,174589.47,EUR,EMEA,CP0361,OPTION,TDR0023,BOOK_C,2025-12-17
TXN0006427301,APP004,2025-05-22,failed,887789.74,CHF,AMER,CP0162,FUTURE,TDR0014,BOOK_D,2026-02-25
TXN0008894189,APP009,2025-09-02,settled,900793.25,GBP,APAC,CP0368,FUTURE,TDR0098,BOOK_A,2025-10-01
TXN0007363721,APP015,2025-09-09,pending,880203.92,CHF,AMER,CP0421,EQUITY,TDR0138,BOOK_D,2025-05-03
TXN0009591677,APP003,2025-11-04,active,162259.92,JPY,APAC,CP0020,FX,TDR0153,BOOK_D,2025-03-29
TXN0001862239,APP004,2025-10-20,failed,143138.87,EUR,LATAM,CP0058,SWAP,TDR0077,BOOK_C,2025-07-06
TXN0004388115,APP006,2026-04-07,pending,967304.82,GBP,EMEA,CP0399,OPTION,TDR0175,BOOK_D,2025-02-15
TXN0002288829,APP007,2025-08-08,reversed,158640.6,CHF,APAC,CP0060,SWAP,TDR0114,BOOK_B,2026-01-11
TXN0002480407,APP019,2025-07-04,failed,474315.91,GBP,LATAM,CP0036,OPTION,TDR0061,BOOK_B,2025-06-29
TXN0005205400,APP018,2025-06-14,failed,411711.07,EUR,APAC,CP0298,SWAP,TDR0037,BOOK_A,2026-03-09
TXN0007474595,APP006,2025-05-28,settled,631234.08,JPY,AMER,CP0093,OPTION,TDR0159,BOOK_C,2025-04-08
TXN0002337428,APP003,2025-09-19,reversed,300686.45,AUD,AMER,CP0305,SWAP,TDR0042,BOOK_A,2025-04-19
TXN0006045285,APP005,2026-01-28,reversed,875030.63,GBP,EMEA,CP0342,BOND,TDR0050,BOOK_B,2025-01-28
TXN0009540298,APP019,2025-01-09,pending,688969.48,USD,EMEA,CP0051,OPTION,TDR0012,BOOK_B,2025-05-15
TXN0003046858,APP017,2026-03-24,failed,843192.71,JPY,AMER,CP0211,FUTURE,TDR0194,BOOK_B,2025-04-14
TXN0009934906,APP003,2025-11-12,pending,717939.85,CHF,LATAM,CP0423,BOND,TDR0025,BOOK_C,2025-06-24
TXN0005886515,APP011,2025-03-22,reversed,153812.21,GBP,APAC,CP0172,EQUITY,TDR0165,BOOK_A,2025-03-27
TXN0004332802,APP002,2025-05-09,active,285341.77,USD,EMEA,CP0014,EQUITY,TDR0118,BOOK_A,2025-07-09
TXN0004973968,APP007,2025-04-03,settled,952202.57,EUR,AMER,CP0459,FUTURE,TDR0133,BOOK_B,2025-07-22
TXN0008284494,APP004,2026-01-11,settled,977275.58,EUR,APAC,CP0003,FX,TDR0092,BOOK_B,2025-03-14
TXN0009776137,APP007,2025-11-11,pending,224702.86,GBP,LATAM,CP0347,EQUITY,TDR0026,BOOK_D,2025-06-06
TXN0001204240,APP001,2025-09-23,pending,129506.55,GBP,LATAM,CP0145,EQUITY,TDR0190,BOOK_B,2025-01-31
TXN0009359478,APP005,2025-10-28,settled,710882.14,EUR,AMER,CP0118,FUTURE,TDR0185,BOOK_D,2025-11-22
TXN0000445096,APP019,2025-03-12,failed,259620.09,EUR,LATAM,CP0359,OPTION,TDR0139,BOOK_C,2025-09-19
TXN0007145899,APP004,2025-09-07,failed,968473.72,AUD,EMEA,CP0358,FUTURE,TDR0142,BOOK_C,2025-09-09
TXN0007755442,APP018,2025-12-21,pending,922001.88,CHF,APAC,CP0142,FX,TDR0021,BOOK_C,2026-04-01
TXN0006079947,APP010,2025-09-18,settled,424396.16,GBP,AMER,CP0090,FX,TDR0190,BOOK_B,2026-03-23
TXN0000693445,APP002,2026-02-03,failed,740845.73,AUD,LATAM,CP0006,BOND,TDR0008,BOOK_A,2025-04-19
TXN0003619082,APP006,2025-06-01,active,30237.59,JPY,APAC,CP0292,EQUITY,TDR0144,BOOK_D,2025-08-25
TXN0006633982,APP006,2025-10-30,settled,198480.03,EUR,APAC,CP0234,OPTION,TDR0010,BOOK_C,2025-01-06
TXN0000161343,APP005,2025-04-12,pending,488239.99,CHF,AMER,CP0154,EQUITY,TDR0041,BOOK_A,2025-02-08
TXN0009491131,APP015,2025-05-14,settled,633988.44,EUR,LATAM,CP0143,EQUITY,TDR0162,BOOK_A,2025-05-04
TXN0008594609,APP007,2025-05-10,reversed,761101.08,CHF,APAC,CP0141,SWAP,TDR0187,BOOK_A,2026-01-11
TXN0004377727,APP012,2025-10-22,active,906467.02,CHF,EMEA,CP0009,OPTION,TDR0103,BOOK_B,2025-01-13
TXN0005064631,APP008,2025-11-10,active,260529.72,AUD,EMEA,CP0041,EQUITY,TDR0144,BOOK_C,2025-03-15
TXN0009147948,APP002,2025-10-16,failed,583433.34,GBP,EMEA,CP0457,BOND,TDR0155,BOOK_B,2025-02-06
TXN0007359693,APP001,2025-08-10,reversed,934284.29,GBP,APAC,CP0255,OPTION,TDR0158,BOOK_B,2025-04-23
TXN0007868282,APP020,2025-10-10,settled,831264.62,CHF,AMER,CP0222,OPTION,TDR0198,BOOK_A,2025-10-25
TXN0004856226,APP014,2026-03-18,failed,163127.64,CHF,AMER,CP0052,OPTION,TDR0012,BOOK_D,2025-12-27
TXN0007205659,APP008,2025-03-20,settled,281602.02,AUD,APAC,CP0382,BOND,TDR0200,BOOK_A,2026-02-23
TXN0009846179,APP018,2025-09-27,reversed,818171.14,EUR,LATAM,CP0405,EQUITY,TDR0108,BOOK_A,2026-03-07
TXN0001558699,APP001,2025-04-08,settled,675193.17,JPY,LATAM,CP0231,BOND,TDR0126,BOOK_C,2025-10-29
TXN0009781257,APP008,2025-04-11,active,978929.48,CHF,LATAM,CP0136,BOND,TDR0128,BOOK_A,2025-11-02
TXN0005569138,APP003,2026-01-19,failed,875443.82,CHF,EMEA,CP0090,FX,TDR0142,BOOK_A,2026-04-12
TXN0002946311,APP007,2025-07-31,pending,170624.94,AUD,LATAM,CP0108,FX,TDR0102,BOOK_D,2025-02-27
TXN0003394601,APP019,2025-08-31,pending,907714.66,GBP,LATAM,CP0151,FX,TDR0035,BOOK_A,2025-01-02
TXN0009383377,APP012,2025-09-24,active,9783.81,AUD,APAC,CP0417,OPTION,TDR0079,BOOK_D,2025-02-15
TXN0000884435,APP015,2025-07-09,pending,537208.23,EUR,EMEA,CP0319,FUTURE,TDR0163,BOOK_B,2025-04-25
TXN0008897292,APP004,2025-12-24,reversed,143252.61,CHF,LATAM,CP0073,FUTURE,TDR0161,BOOK_A,2026-02-04
TXN0003821381,APP017,2025-04-17,reversed,909785.63,USD,LATAM,CP0341,BOND,TDR0121,BOOK_A,2026-04-09
TXN0006974879,APP015,2025-06-10,settled,596779.22,JPY,LATAM,CP0381,EQUITY,TDR0017,BOOK_D,2025-08-04
TXN0005212659,APP009,2025-04-29,pending,696874.79,GBP,LATAM,CP0288,BOND,TDR0078,BOOK_B,2025-02-26
TXN0007172584,APP012,2026-04-09,active,984053.77,GBP,EMEA,CP0289,OPTION,TDR0016,BOOK_D,2025-06-13
TXN0006672394,APP019,2026-02-27,active,827922.73,CHF,APAC,CP0240,SWAP,TDR0013,BOOK_C,2025-11-17
TXN0003078246,APP013,2025-02-14,active,755983.31,JPY,LATAM,CP0376,BOND,TDR0067,BOOK_D,2025-06-03
TXN0002164047,APP008,2025-01-06,settled,940402.36,EUR,AMER,CP0319,BOND,TDR0177,BOOK_B,2026-01-30
TXN0001472270,APP009,2026-02-19,settled,347702.04,JPY,EMEA,CP0105,OPTION,TDR0037,BOOK_D,2025-03-16
TXN0006747597,APP004,2025-07-25,reversed,528053.84,EUR,AMER,CP0412,EQUITY,TDR0150,BOOK_A,2026-03-28
TXN0001281010,APP014,2026-02-01,reversed,75830.72,EUR,AMER,CP0057,EQUITY,TDR0126,BOOK_A,2025-04-03
TXN0007163564,APP011,2026-03-27,pending,393778.52,CHF,LATAM,CP0486,BOND,TDR0043,BOOK_D,2025-10-19
TXN0004001092,APP015,2026-01-27,failed,170433.46,USD,AMER,CP0339,EQUITY,TDR0016,BOOK_D,2025-02-11
TXN0009515362,APP012,2025-02-05,failed,88033.05,AUD,LATAM,CP0286,FX,TDR0021,BOOK_C,2025-08-27
TXN0006732630,APP011,2025-10-20,reversed,885745.41,AUD,LATAM,CP0104,EQUITY,TDR0127,BOOK_A,2026-04-09
TXN0002491010,APP009,2025-04-05,pending,821711.8,EUR,LATAM,CP0417,OPTION,TDR0013,BOOK_C,2026-01-23
TXN0003850366,APP018,2025-10-17,failed,647305.1,JPY,LATAM,CP0269,EQUITY,TDR0180,BOOK_B,2025-08-03
TXN0005089256,APP010,2025-09-30,settled,412239.18,GBP,LATAM,CP0172,EQUITY,TDR0038,BOOK_B,2025-11-20
TXN0005278919,APP003,2026-03-07,failed,666195.7,USD,EMEA,CP0242,SWAP,TDR0196,BOOK_B,2026-03-27
TXN0009243629,APP004,2026-04-01,active,888645.5,JPY,EMEA,CP0475,SWAP,TDR0041,BOOK_D,2025-07-15
TXN0002636649,APP006,2025-09-29,reversed,707340.32,GBP,EMEA,CP0120,FX,TDR0181,BOOK_A,2025-06-16
TXN0007868801,APP017,2026-02-24,active,446340.35,EUR,EMEA,CP0471,SWAP,TDR0038,BOOK_C,2025-09-29
TXN0002108181,APP009,2025-06-27,reversed,92486.09,JPY,EMEA,CP0086,OPTION,TDR0195,BOOK_D,2026-03-19
TXN0008026106,APP003,2026-01-25,pending,975321.7,CHF,EMEA,CP0427,SWAP,TDR0160,BOOK_A,2025-12-26
TXN0009823215,APP012,2025-06-29,settled,213428.48,CHF,APAC,CP0215,EQUITY,TDR0106,BOOK_C,2025-08-29
TXN0005210113,APP018,2025-03-20,active,828642.86,GBP,APAC,CP0083,OPTION,TDR0124,BOOK_B,2026-03-07
TXN0005690207,APP002,2025-12-14,pending,543864.52,USD,EMEA,CP0193,OPTION,TDR0080,BOOK_C,2025-09-19
TXN0000930932,APP004,2025-11-16,failed,410859.96,GBP,EMEA,CP0466,EQUITY,TDR0157,BOOK_A,2026-02-10
TXN0002308028,APP020,2025-04-07,settled,794125.39,JPY,EMEA,CP0314,SWAP,TDR0025,BOOK_A,2026-02-19
TXN0008785775,APP004,2025-11-08,failed,377805.04,CHF,AMER,CP0466,BOND,TDR0191,BOOK_A,2025-04-17
TXN0000294697,APP015,2025-03-15,pending,915001.2,JPY,EMEA,CP0181,FX,TDR0118,BOOK_C,2025-03-12
TXN0003543598,APP001,2025-11-18,pending,690752.61,CHF,LATAM,CP0421,SWAP,TDR0033,BOOK_D,2025-01-21
TXN0005328195,APP012,2025-02-17,active,477482.78,EUR,APAC,CP0237,BOND,TDR0154,BOOK_B,2025-11-21
TXN0007726283,APP008,2025-10-16,pending,871404.58,GBP,APAC,CP0417,EQUITY,TDR0015,BOOK_D,2025-04-06
TXN0007063992,APP006,2025-02-20,pending,193914.49,EUR,EMEA,CP0498,FUTURE,TDR0132,BOOK_D,2025-07-06
TXN0006488490,APP012,2026-01-22,active,97180.61,USD,LATAM,CP0491,OPTION,TDR0157,BOOK_A,2025-04-19
TXN0009090317,APP001,2025-03-31,settled,738943.17,JPY,LATAM,CP0477,FX,TDR0063,BOOK_B,2026-03-16
TXN0004476352,APP005,2025-01-17,failed,772781.9,USD,AMER,CP0404,FX,TDR0108,BOOK_B,2025-01-26
TXN0002804505,APP020,2026-04-12,reversed,440531.37,JPY,AMER,CP0311,EQUITY,TDR0091,BOOK_C,2025-05-22
TXN0005823234,APP015,2025-12-11,failed,927264.89,USD,EMEA,CP0222,FUTURE,TDR0127,BOOK_D,2026-02-20
TXN0008374158,APP018,2025-07-10,pending,705796.64,AUD,AMER,CP0071,FUTURE,TDR0032,BOOK_C,2025-04-26
TXN0007206465,APP019,2025-10-27,pending,676758.12,CHF,LATAM,CP0065,SWAP,TDR0063,BOOK_A,2025-01-01
TXN0009565662,APP016,2026-03-25,reversed,805759.52,GBP,EMEA,CP0386,FX,TDR0054,BOOK_B,2025-06-21
TXN0001875125,APP002,2025-07-03,settled,744652.96,EUR,LATAM,CP0158,BOND,TDR0068,BOOK_C,2025-07-23
TXN0007380067,APP014,2026-03-27,pending,299191.62,JPY,AMER,CP0393,OPTION,TDR0059,BOOK_A,2026-02-19
TXN0009378472,APP001,2025-09-12,settled,141298.54,JPY,AMER,CP0302,SWAP,TDR0189,BOOK_C,2025-07-21
TXN0005101696,APP011,2025-07-31,pending,377755.78,JPY,EMEA,CP0454,FX,TDR0111,BOOK_B,2025-03-12
TXN0006092036,APP010,2025-09-30,settled,111163.61,EUR,AMER,CP0457,OPTION,TDR0174,BOOK_D,2025-11-21
TXN0007617726,APP019,2025-10-08,reversed,476404.18,CHF,APAC,CP0311,FUTURE,TDR0186,BOOK_B,2025-10-05
TXN0001093234,APP006,2025-07-15,failed,984451.59,GBP,APAC,CP0494,EQUITY,TDR0164,BOOK_B,2025-07-31
TXN0008593886,APP014,2025-10-25,pending,245411.59,AUD,APAC,CP0153,EQUITY,TDR0070,BOOK_D,2025-03-15
TXN0002177868,APP019,2025-07-27,pending,700263.47,AUD,LATAM,CP0438,BOND,TDR0064,BOOK_B,2025-12-28
TXN0007431560,APP008,2025-03-05,settled,923650.68,EUR,EMEA,CP0408,FUTURE,TDR0020,BOOK_C,2026-01-20
TXN0000720429,APP012,2025-11-01,reversed,311727.01,AUD,LATAM,CP0319,EQUITY,TDR0160,BOOK_A,2025-06-26
TXN0003506895,APP004,2025-02-25,active,121247.34,CHF,AMER,CP0331,FUTURE,TDR0063,BOOK_D,2025-02-06
TXN0001955791,APP019,2025-06-27,failed,566225.45,USD,LATAM,CP0008,OPTION,TDR0168,BOOK_D,2026-02-18
TXN0004859141,APP011,2025-07-14,reversed,88802.27,EUR,LATAM,CP0144,SWAP,TDR0106,BOOK_D,2025-05-19
TXN0002020496,APP009,2026-01-10,reversed,635155.14,AUD,LATAM,CP0094,FUTURE,TDR0136,BOOK_A,2026-02-20
TXN0000398044,APP001,2026-01-27,failed,395222.08,AUD,AMER,CP0101,BOND,TDR0083,BOOK_A,2025-10-27
TXN0006791381,APP002,2025-03-03,settled,415985.57,AUD,AMER,CP0305,BOND,TDR0070,BOOK_A,2025-09-29
TXN0000879297,APP011,2025-01-28,pending,248621.25,EUR,LATAM,CP0269,BOND,TDR0180,BOOK_C,2025-09-11
TXN0001602345,APP009,2026-03-31,reversed,946660.13,EUR,APAC,CP0339,SWAP,TDR0128,BOOK_C,2025-08-04
TXN0008504334,APP006,2025-02-19,settled,348512.02,USD,APAC,CP0106,FUTURE,TDR0058,BOOK_A,2025-05-17
TXN0006938231,APP009,2025-05-26,reversed,638805.72,USD,APAC,CP0314,FX,TDR0121,BOOK_C,2025-07-01
TXN0004754279,APP008,2025-04-12,failed,4826.92,EUR,AMER,CP0428,BOND,TDR0131,BOOK_A,2025-06-06
TXN0004614352,APP015,2025-02-12,reversed,697510.45,AUD,AMER,CP0210,EQUITY,TDR0155,BOOK_C,2025-10-29
TXN0007953018,APP014,2026-02-25,reversed,283812.63,JPY,APAC,CP0400,BOND,TDR0133,BOOK_D,2026-04-11
TXN0004177408,APP002,2025-11-02,failed,191468.44,EUR,LATAM,CP0418,SWAP,TDR0168,BOOK_B,2025-09-25
TXN0002608557,APP008,2026-04-14,failed,533543.35,JPY,LATAM,CP0360,OPTION,TDR0005,BOOK_C,2025-02-18
TXN0003806417,APP012,2025-07-15,settled,831640.59,USD,AMER,CP0135,FX,TDR0200,BOOK_D,2025-01-11
TXN0008186804,APP017,2025-10-02,failed,478798.56,GBP,APAC,CP0433,OPTION,TDR0052,BOOK_D,2025-06-24
TXN0005136704,APP007,2025-03-04,failed,123457.16,CHF,EMEA,CP0303,SWAP,TDR0162,BOOK_D,2025-08-01
TXN0007029069,APP009,2025-07-19,pending,586695.69,CHF,AMER,CP0157,OPTION,TDR0034,BOOK_C,2026-02-10
TXN0000576929,APP005,2025-04-03,reversed,497028.06,USD,EMEA,CP0047,EQUITY,TDR0196,BOOK_D,2025-05-02
TXN0001911126,APP019,2025-08-14,failed,618344.42,CHF,EMEA,CP0138,FUTURE,TDR0134,BOOK_B,2025-01-17
TXN0005762398,APP008,2026-03-27,settled,173599.86,CHF,AMER,CP0025,BOND,TDR0180,BOOK_D,2025-03-05
TXN0008873944,APP016,2025-10-19,reversed,749528.72,GBP,EMEA,CP0036,SWAP,TDR0167,BOOK_A,2026-01-04
TXN0004719510,APP013,2025-07-22,settled,157823.2,JPY,APAC,CP0436,FX,TDR0020,BOOK_B,2026-01-13
TXN0009833763,APP011,2025-01-21,pending,399000.0,EUR,EMEA,CP0438,FUTURE,TDR0052,BOOK_C,2025-03-21
TXN0008700894,APP015,2025-05-28,active,52532.37,AUD,EMEA,CP0399,BOND,TDR0002,BOOK_D,2026-03-31
TXN0003466150,APP016,2026-03-24,reversed,342227.42,AUD,AMER,CP0294,OPTION,TDR0102,BOOK_A,2025-05-23
TXN0006878325,APP010,2025-10-25,reversed,767851.3,GBP,APAC,CP0148,FUTURE,TDR0164,BOOK_D,2025-12-16
TXN0008917204,APP009,2025-08-25,reversed,253850.38,JPY,APAC,CP0078,FX,TDR0159,BOOK_D,2025-01-19
TXN0006146369,APP008,2026-01-21,reversed,869206.82,EUR,EMEA,CP0023,BOND,TDR0066,BOOK_C,2025-07-08
TXN0007565341,APP007,2025-02-26,settled,232672.31,EUR,EMEA,CP0477,FUTURE,TDR0003,BOOK_A,2025-04-20
TXN0000987705,APP001,2025-06-28,active,72089.88,GBP,AMER,CP0370,FUTURE,TDR0123,BOOK_D,2026-04-12
TXN0009174350,APP019,2026-02-18,settled,762407.46,JPY,APAC,CP0495,OPTION,TDR0088,BOOK_A,2025-09-12
TXN0001878693,APP009,2025-01-28,pending,121581.93,USD,AMER,CP0247,FUTURE,TDR0075,BOOK_A,2025-09-29
TXN0000411442,APP014,2025-01-11,settled,392667.43,GBP,APAC,CP0330,EQUITY,TDR0069,BOOK_A,2026-04-09
TXN0007605170,APP009,2025-12-21,failed,132287.77,EUR,LATAM,CP0060,FX,TDR0160,BOOK_D,2025-11-13
TXN0009032768,APP016,2025-11-15,active,82716.9,CHF,EMEA,CP0076,EQUITY,TDR0011,BOOK_A,2025-12-15
TXN0004265732,APP015,2025-10-12,pending,687155.03,JPY,LATAM,CP0137,OPTION,TDR0078,BOOK_A,2025-03-11
TXN0008062168,APP005,2025-10-19,settled,345281.25,EUR,EMEA,CP0164,EQUITY,TDR0191,BOOK_C,2025-09-13
TXN0004756008,APP006,2025-03-19,active,114110.61,CHF,LATAM,CP0196,FUTURE,TDR0001,BOOK_B,2025-03-06
TXN0002285665,APP008,2025-08-25,settled,989012.54,CHF,AMER,CP0360,EQUITY,TDR0091,BOOK_D,2025-07-27
TXN0003094011,APP017,2026-03-23,failed,183576.66,EUR,APAC,CP0237,BOND,TDR0079,BOOK_C,2025-10-19
TXN0007521610,APP004,2025-11-17,failed,571194.2,AUD,AMER,CP0248,FUTURE,TDR0149,BOOK_B,2025-08-23
TXN0006289791,APP001,2025-02-11,settled,834474.06,AUD,LATAM,CP0209,FUTURE,TDR0196,BOOK_B,2025-05-24
TXN0002014354,APP015,2025-10-16,failed,431888.29,EUR,EMEA,CP0148,BOND,TDR0083,BOOK_D,2026-03-25
TXN0003102429,APP009,2026-03-02,reversed,393861.77,CHF,AMER,CP0069,BOND,TDR0015,BOOK_C,2025-11-15
TXN0006305891,APP017,2025-03-25,pending,862204.85,JPY,APAC,CP0284,OPTION,TDR0183,BOOK_D,2025-07-15
TXN0003881144,APP012,2025-12-15,pending,956246.83,CHF,APAC,CP0420,FUTURE,TDR0138,BOOK_D,2026-04-11
TXN0001077932,APP008,2025-09-24,settled,15878.23,USD,APAC,CP0264,OPTION,TDR0128,BOOK_D,2025-04-13
TXN0004721063,APP006,2025-11-19,failed,178299.49,EUR,LATAM,CP0251,SWAP,TDR0087,BOOK_D,2025-05-15
TXN0009118273,APP012,2025-11-04,pending,758553.02,EUR,AMER,CP0093,EQUITY,TDR0033,BOOK_D,2025-02-28
TXN0009679624,APP006,2025-04-15,pending,949683.2,CHF,AMER,CP0323,BOND,TDR0026,BOOK_C,2025-09-30
TXN0002606184,APP002,2026-03-16,failed,319186.36,GBP,EMEA,CP0008,SWAP,TDR0062,BOOK_C,2025-04-12
TXN0009231738,APP014,2025-05-27,failed,460634.81,JPY,LATAM,CP0475,OPTION,TDR0089,BOOK_B,2025-03-01
TXN0009872804,APP008,2025-11-06,pending,561917.93,AUD,EMEA,CP0008,SWAP,TDR0104,BOOK_D,2025-11-21
TXN0001936215,APP018,2026-03-09,pending,289025.37,JPY,LATAM,CP0311,FX,TDR0155,BOOK_A,2025-08-03
TXN0003469088,APP015,2025-03-13,pending,238210.28,CHF,APAC,CP0415,OPTION,TDR0003,BOOK_C,2025-01-08
TXN0001412358,APP011,2025-07-30,failed,554125.63,USD,EMEA,CP0017,EQUITY,TDR0083,BOOK_B,2025-10-29
TXN0002544237,APP009,2025-07-20,active,439674.3,JPY,AMER,CP0260,BOND,TDR0049,BOOK_A,2025-01-08
TXN0005355160,APP011,2025-01-26,active,416287.08,CHF,APAC,CP0141,SWAP,TDR0083,BOOK_B,2025-07-07
TXN0005686533,APP005,2025-02-15,active,641441.28,USD,EMEA,CP0488,FX,TDR0087,BOOK_B,2025-10-25
TXN0008148337,APP010,2025-07-19,pending,362702.8,USD,APAC,CP0458,BOND,TDR0132,BOOK_D,2025-09-13
TXN0000879386,APP010,2025-07-21,active,173705.5,EUR,EMEA,CP0099,EQUITY,TDR0008,BOOK_B,2026-01-29
TXN0005150724,APP017,2026-03-22,failed,259411.1,JPY,AMER,CP0151,BOND,TDR0054,BOOK_D,2025-03-06
TXN0000872450,APP008,2026-04-02,reversed,770293.29,JPY,EMEA,CP0258,FUTURE,TDR0154,BOOK_D,2025-02-01
TXN0009175987,APP020,2025-04-06,failed,126902.39,GBP,APAC,CP0047,FX,TDR0082,BOOK_B,2025-05-22
TXN0003551339,APP003,2026-04-06,reversed,623640.08,EUR,EMEA,CP0301,FUTURE,TDR0164,BOOK_C,2025-03-25
TXN0006985226,APP013,2025-09-13,failed,391175.62,USD,LATAM,CP0320,EQUITY,TDR0084,BOOK_B,2025-03-10
TXN0001192625,APP002,2025-07-19,settled,591891.36,JPY,AMER,CP0035,SWAP,TDR0001,BOOK_C,2025-09-24
TXN0008616495,APP009,2025-06-13,active,867598.24,CHF,AMER,CP0278,FUTURE,TDR0132,BOOK_A,2025-03-13
TXN0002829076,APP005,2025-09-23,failed,996645.38,CHF,APAC,CP0336,SWAP,TDR0027,BOOK_A,2026-01-14
TXN0009361066,APP016,2026-01-02,settled,390340.7,GBP,LATAM,CP0486,BOND,TDR0142,BOOK_A,2025-08-10
TXN0009117473,APP017,2026-02-16,pending,484405.49,GBP,EMEA,CP0353,FX,TDR0158,BOOK_B,2026-02-07
TXN0005228543,APP020,2025-09-29,settled,669102.76,EUR,AMER,CP0487,FX,TDR0129,BOOK_A,2025-09-09
TXN0009155838,APP016,2025-08-25,failed,486619.47,CHF,AMER,CP0483,OPTION,TDR0156,BOOK_C,2025-07-29
TXN0005582894,APP017,2025-09-05,reversed,753310.39,GBP,AMER,CP0315,BOND,TDR0053,BOOK_D,2025-04-17
TXN0001886039,APP013,2025-04-02,failed,214564.36,EUR,AMER,CP0050,SWAP,TDR0192,BOOK_B,2025-12-16
TXN0001695731,APP020,2025-11-08,settled,961424.8,CHF,EMEA,CP0411,BOND,TDR0013,BOOK_C,2025-10-02
TXN0004071181,APP017,2025-03-03,settled,139463.94,GBP,AMER,CP0001,SWAP,TDR0189,BOOK_A,2026-02-20
TXN0001433040,APP014,2025-09-17,reversed,279611.27,EUR,EMEA,CP0206,FX,TDR0125,BOOK_A,2025-04-23
TXN0000662905,APP003,2026-03-05,failed,852259.8,USD,EMEA,CP0137,FX,TDR0064,BOOK_B,2026-01-03
TXN0000489796,APP011,2026-03-07,settled,115429.73,GBP,LATAM,CP0203,BOND,TDR0185,BOOK_B,2026-03-30
TXN0001380483,APP011,2025-03-08,failed,409638.93,JPY,LATAM,CP0358,EQUITY,TDR0185,BOOK_C,2025-03-23
TXN0000214040,APP001,2026-03-21,settled,766877.18,USD,APAC,CP0155,SWAP,TDR0049,BOOK_A,2025-03-09
TXN0006793423,APP001,2025-03-24,active,832466.11,AUD,APAC,CP0023,FX,TDR0156,BOOK_A,2025-09-11
TXN0008626540,APP001,2025-12-24,reversed,619929.7,GBP,APAC,CP0055,OPTION,TDR0102,BOOK_C,2025-10-15
TXN0005175424,APP005,2025-10-05,failed,956914.7,USD,LATAM,CP0092,SWAP,TDR0185,BOOK_D,2025-10-02
TXN0000417228,APP007,2025-03-01,pending,548748.42,JPY,APAC,CP0172,EQUITY,TDR0197,BOOK_A,2025-06-20
TXN0003542457,APP003,2025-02-08,settled,341877.56,GBP,EMEA,CP0360,OPTION,TDR0131,BOOK_A,2025-12-09
TXN0003050466,APP009,2025-04-19,reversed,480641.83,GBP,LATAM,CP0310,FX,TDR0078,BOOK_B,2025-05-23
TXN0006983454,APP003,2025-08-13,active,323589.89,USD,EMEA,CP0246,BOND,TDR0175,BOOK_C,2025-09-08
TXN0001911288,APP009,2025-10-25,active,537497.33,CHF,APAC,CP0298,FUTURE,TDR0050,BOOK_A,2025-07-22
TXN0006770458,APP007,2025-05-08,pending,298113.94,USD,EMEA,CP0029,FUTURE,TDR0197,BOOK_C,2025-06-26
TXN0001668665,APP012,2025-02-27,pending,976492.1,AUD,APAC,CP0345,OPTION,TDR0197,BOOK_D,2026-03-01
TXN0007886210,APP013,2025-08-31,reversed,42510.97,GBP,AMER,CP0220,BOND,TDR0110,BOOK_B,2025-12-18
TXN0004025274,APP009,2025-04-08,failed,493896.04,AUD,EMEA,CP0417,EQUITY,TDR0167,BOOK_D,2025-01-11
TXN0008690750,APP002,2025-09-03,settled,693342.29,GBP,LATAM,CP0083,OPTION,TDR0032,BOOK_C,2025-05-31
TXN0009634871,APP007,2025-04-16,pending,648634.87,EUR,LATAM,CP0178,FX,TDR0185,BOOK_C,2025-04-15
TXN0000028980,APP018,2025-06-29,reversed,792118.76,CHF,APAC,CP0323,FUTURE,TDR0158,BOOK_A,2025-10-09
TXN0004761961,APP001,2025-06-17,failed,659491.62,USD,LATAM,CP0049,FUTURE,TDR0029,BOOK_A,2025-05-30
TXN0004713316,APP002,2026-03-06,failed,344846.37,CHF,LATAM,CP0483,OPTION,TDR0083,BOOK_A,2025-08-12
TXN0006862338,APP015,2025-08-08,failed,347116.34,AUD,LATAM,CP0186,FUTURE,TDR0098,BOOK_A,2025-12-13
TXN0003130709,APP017,2025-02-02,settled,756964.0,JPY,AMER,CP0147,FUTURE,TDR0073,BOOK_C,2026-01-18
TXN0009837219,APP016,2025-11-07,failed,782922.18,AUD,LATAM,CP0265,FX,TDR0003,BOOK_C,2025-10-27
TXN0006520952,APP009,2025-02-10,failed,695500.77,JPY,EMEA,CP0457,FX,TDR0065,BOOK_D,2025-04-13
TXN0006009080,APP006,2026-02-05,active,649115.86,CHF,AMER,CP0477,FX,TDR0136,BOOK_C,2025-10-02
TXN0006636724,APP015,2025-06-07,failed,486490.33,JPY,AMER,CP0270,FX,TDR0070,BOOK_C,2025-11-06
TXN0008005033,APP013,2025-08-23,reversed,124798.14,CHF,LATAM,CP0194,FX,TDR0139,BOOK_A,2025-03-25
TXN0001924247,APP001,2025-01-06,failed,887903.38,AUD,EMEA,CP0243,EQUITY,TDR0182,BOOK_C,2026-02-13
TXN0008472453,APP009,2025-08-13,settled,78567.06,CHF,AMER,CP0129,FUTURE,TDR0031,BOOK_A,2026-03-13
TXN0009411751,APP011,2025-11-19,reversed,774678.22,CHF,LATAM,CP0464,EQUITY,TDR0025,BOOK_A,2025-04-07
TXN0007863186,APP008,2025-10-05,failed,706488.13,CHF,EMEA,CP0468,OPTION,TDR0083,BOOK_D,2025-09-29
TXN0009781176,APP018,2025-12-06,pending,203427.42,USD,APAC,CP0219,FUTURE,TDR0090,BOOK_C,2025-10-20
TXN0001477933,APP003,2025-02-21,settled,173392.12,USD,EMEA,CP0130,BOND,TDR0044,BOOK_C,2026-01-25
TXN0002410386,APP001,2025-04-11,active,368205.92,EUR,AMER,CP0113,OPTION,TDR0040,BOOK_C,2025-12-16
TXN0007120696,APP007,2026-02-13,reversed,298865.97,GBP,AMER,CP0030,FX,TDR0075,BOOK_A,2026-04-13
TXN0006487751,APP007,2025-07-12,failed,166084.05,GBP,APAC,CP0265,EQUITY,TDR0064,BOOK_A,2025-03-08
TXN0007280633,APP001,2025-04-24,reversed,665200.09,USD,AMER,CP0157,BOND,TDR0183,BOOK_C,2025-12-24
TXN0004222674,APP003,2025-10-22,failed,279907.72,EUR,APAC,CP0197,FX,TDR0032,BOOK_C,2025-01-08
TXN0003914619,APP003,2026-04-04,pending,861490.3,USD,EMEA,CP0033,FX,TDR0131,BOOK_C,2025-07-04
TXN0008246815,APP002,2025-09-18,failed,528800.85,AUD,AMER,CP0204,OPTION,TDR0058,BOOK_A,2025-06-17
TXN0009722605,APP019,2025-06-24,reversed,252787.8,CHF,LATAM,CP0431,BOND,TDR0124,BOOK_C,2025-07-22
TXN0007310885,APP008,2025-08-10,settled,793.88,EUR,AMER,CP0482,FUTURE,TDR0051,BOOK_C,2025-05-03
TXN0005275664,APP003,2025-09-22,active,768121.78,GBP,AMER,CP0409,SWAP,TDR0069,BOOK_D,2025-01-11
TXN0008522262,APP018,2025-09-10,failed,763878.53,CHF,AMER,CP0188,FX,TDR0063,BOOK_A,2025-06-02
TXN0001956850,APP005,2025-12-07,pending,906237.59,EUR,LATAM,CP0354,BOND,TDR0023,BOOK_B,2026-04-08
TXN0005764214,APP018,2025-06-12,failed,823866.02,GBP,APAC,CP0301,BOND,TDR0108,BOOK_D,2025-07-26
TXN0005381952,APP012,2025-12-16,active,908570.03,GBP,LATAM,CP0429,SWAP,TDR0055,BOOK_A,2026-01-15
TXN0007415046,APP004,2025-12-10,settled,825434.89,EUR,AMER,CP0401,EQUITY,TDR0021,BOOK_A,2026-03-05
TXN0005009324,APP014,2025-12-13,reversed,481779.77,EUR,EMEA,CP0115,SWAP,TDR0038,BOOK_D,2025-09-07
TXN0009144844,APP015,2025-10-03,active,494389.48,USD,EMEA,CP0034,SWAP,TDR0194,BOOK_D,2025-03-21
TXN0003554439,APP011,2025-01-04,pending,391233.13,JPY,LATAM,CP0315,OPTION,TDR0197,BOOK_D,2026-03-21
TXN0001327419,APP017,2025-11-19,failed,276692.77,GBP,LATAM,CP0309,FX,TDR0118,BOOK_C,2025-08-25
TXN0003821475,APP001,2025-04-25,active,246749.93,GBP,LATAM,CP0232,FUTURE,TDR0132,BOOK_C,2025-08-11
TXN0006680343,APP019,2025-07-29,settled,778985.26,JPY,APAC,CP0469,FUTURE,TDR0192,BOOK_B,2026-01-16
TXN0004130293,APP015,2026-02-18,pending,103669.22,CHF,APAC,CP0245,FX,TDR0104,BOOK_B,2026-03-14
TXN0008930865,APP005,2025-08-05,failed,454892.38,USD,EMEA,CP0050,FUTURE,TDR0049,BOOK_C,2025-11-22
TXN0006378145,APP012,2025-12-06,reversed,619285.83,JPY,AMER,CP0321,OPTION,TDR0052,BOOK_D,2026-03-27
TXN0009011951,APP009,2025-09-27,pending,141560.4,JPY,APAC,CP0361,SWAP,TDR0164,BOOK_C,2025-04-22
TXN0002864012,APP005,2026-04-01,settled,436884.04,EUR,EMEA,CP0159,EQUITY,TDR0183,BOOK_C,2025-05-12
TXN0005821899,APP008,2026-03-31,pending,950757.05,GBP,EMEA,CP0272,FUTURE,TDR0134,BOOK_B,2025-02-27
TXN0004205078,APP011,2025-06-11,pending,44893.24,AUD,AMER,CP0240,OPTION,TDR0125,BOOK_D,2025-07-10
TXN0002332187,APP006,2025-12-19,active,895747.32,CHF,APAC,CP0495,EQUITY,TDR0062,BOOK_C,2025-08-05
TXN0002751907,APP007,2025-07-22,active,265044.66,AUD,AMER,CP0433,EQUITY,TDR0080,BOOK_B,2025-01-09
TXN0000469109,APP019,2025-01-21,pending,784944.63,USD,EMEA,CP0114,FUTURE,TDR0041,BOOK_C,2025-05-17
TXN0001085629,APP007,2025-11-14,failed,557735.91,USD,EMEA,CP0465,FX,TDR0194,BOOK_C,2026-04-04
TXN0009150160,APP010,2026-03-18,reversed,640612.23,EUR,LATAM,CP0125,OPTION,TDR0105,BOOK_C,2025-08-13
TXN0006458705,APP007,2025-07-07,pending,485362.83,USD,EMEA,CP0153,OPTION,TDR0086,BOOK_C,2025-03-13
TXN0009815138,APP020,2025-02-10,active,928915.12,AUD,AMER,CP0477,BOND,TDR0180,BOOK_A,2025-10-13
TXN0004305438,APP011,2025-06-23,active,431982.2,JPY,EMEA,CP0075,OPTION,TDR0076,BOOK_A,2025-10-25
TXN0009065693,APP004,2025-10-26,pending,848320.2,GBP,AMER,CP0034,SWAP,TDR0046,BOOK_B,2025-10-12
TXN0007940736,APP006,2026-03-26,settled,516469.9,JPY,APAC,CP0075,OPTION,TDR0118,BOOK_A,2025-12-18
TXN0008715672,APP012,2026-04-11,reversed,457863.65,USD,EMEA,CP0302,EQUITY,TDR0040,BOOK_C,2026-02-18
TXN0002223770,APP005,2025-12-04,pending,889527.73,GBP,EMEA,CP0324,OPTION,TDR0199,BOOK_B,2026-01-26
TXN0009275005,APP002,2025-12-14,failed,237693.08,USD,EMEA,CP0370,EQUITY,TDR0112,BOOK_A,2025-03-16
TXN0001892168,APP005,2025-07-02,pending,321764.96,USD,AMER,CP0433,EQUITY,TDR0097,BOOK_D,2026-02-26
TXN0009028426,APP006,2025-04-16,settled,393282.14,USD,EMEA,CP0308,FX,TDR0087,BOOK_D,2025-07-20
TXN0009500487,APP009,2026-04-13,active,719337.29,AUD,EMEA,CP0426,FUTURE,TDR0097,BOOK_C,2026-01-29
TXN0007526546,APP017,2025-10-11,failed,891896.69,GBP,AMER,CP0335,OPTION,TDR0063,BOOK_A,2026-01-04
TXN0005224709,APP016,2025-09-24,pending,120734.11,EUR,EMEA,CP0321,SWAP,TDR0185,BOOK_C,2025-05-10
TXN0004282389,APP014,2025-11-18,reversed,137939.71,AUD,LATAM,CP0080,EQUITY,TDR0193,BOOK_D,2025-04-21
TXN0004827645,APP020,2025-04-23,settled,987066.16,GBP,AMER,CP0438,BOND,TDR0025,BOOK_C,2025-03-27
TXN0009316752,APP015,2025-12-28,settled,63286.62,GBP,APAC,CP0120,EQUITY,TDR0152,BOOK_A,2026-02-07
TXN0008006443,APP013,2025-12-12,active,303473.91,EUR,AMER,CP0380,BOND,TDR0175,BOOK_B,2025-09-21
TXN0006874659,APP019,2025-07-25,pending,42551.49,GBP,EMEA,CP0310,SWAP,TDR0107,BOOK_D,2025-12-01
TXN0001062607,APP014,2025-11-18,pending,917716.81,CHF,APAC,CP0212,FUTURE,TDR0067,BOOK_A,2026-01-31
TXN0008603098,APP019,2025-08-22,settled,498410.89,CHF,APAC,CP0487,EQUITY,TDR0006,BOOK_D,2025-11-13
TXN0000302874,APP012,2025-04-19,active,167324.36,JPY,EMEA,CP0017,SWAP,TDR0094,BOOK_B,2025-03-02
TXN0009671581,APP006,2025-12-29,settled,428256.24,AUD,LATAM,CP0114,FUTURE,TDR0101,BOOK_D,2025-11-15
TXN0001373002,APP017,2025-08-22,reversed,943413.39,USD,AMER,CP0079,EQUITY,TDR0157,BOOK_A,2026-01-14
TXN0000349729,APP015,2025-06-26,active,993167.24,CHF,EMEA,CP0373,SWAP,TDR0085,BOOK_C,2025-09-26
TXN0000160547,APP006,2025-02-17,reversed,582253.18,EUR,AMER,CP0406,FUTURE,TDR0149,BOOK_B,2026-01-03
TXN0004896341,APP005,2025-11-08,reversed,81593.49,AUD,EMEA,CP0295,BOND,TDR0021,BOOK_C,2025-03-02
TXN0006686106,APP016,2025-01-28,pending,862884.6,EUR,AMER,CP0334,FX,TDR0140,BOOK_A,2025-04-04
TXN0005066802,APP014,2025-01-19,failed,128215.7,EUR,APAC,CP0325,BOND,TDR0015,BOOK_C,2025-03-17
TXN0005095611,APP009,2026-03-20,pending,448982.05,EUR,LATAM,CP0399,FUTURE,TDR0130,BOOK_D,2025-03-19
TXN0003533660,APP009,2025-08-26,active,822324.48,USD,LATAM,CP0387,FX,TDR0075,BOOK_A,2026-01-02
TXN0008727925,APP020,2025-01-31,settled,714961.34,USD,EMEA,CP0137,EQUITY,TDR0093,BOOK_A,2025-12-09
TXN0003066390,APP004,2025-05-30,active,488552.68,EUR,LATAM,CP0301,BOND,TDR0068,BOOK_B,2025-11-17
TXN0002631811,APP006,2025-12-05,settled,455151.09,CHF,LATAM,CP0177,BOND,TDR0099,BOOK_C,2025-04-26
TXN0003461010,APP010,2025-04-04,reversed,907525.39,AUD,LATAM,CP0460,SWAP,TDR0038,BOOK_B,2025-06-20
TXN0005895121,APP013,2025-08-18,pending,907803.57,USD,AMER,CP0437,EQUITY,TDR0195,BOOK_A,2026-03-08
TXN0004770482,APP013,2025-01-11,failed,569174.4,CHF,AMER,CP0356,BOND,TDR0195,BOOK_B,2025-06-19
TXN0005680394,APP012,2025-10-05,pending,294583.4,USD,AMER,CP0302,FX,TDR0062,BOOK_C,2025-09-05
TXN0001713884,APP011,2026-03-24,failed,101631.04,EUR,AMER,CP0213,OPTION,TDR0005,BOOK_A,2025-01-29
TXN0005799136,APP017,2026-01-22,active,379269.91,JPY,LATAM,CP0387,FUTURE,TDR0131,BOOK_A,2026-01-17
TXN0007893787,APP011,2025-01-10,active,913717.53,CHF,APAC,CP0179,EQUITY,TDR0128,BOOK_D,2025-04-03
TXN0002829646,APP001,2026-03-02,active,146693.83,USD,APAC,CP0065,SWAP,TDR0096,BOOK_C,2025-10-31
TXN0006194840,APP014,2026-01-11,failed,397800.65,EUR,LATAM,CP0330,OPTION,TDR0051,BOOK_C,2025-06-30
TXN0001284414,APP018,2026-01-05,active,450040.31,USD,EMEA,CP0043,OPTION,TDR0006,BOOK_B,2025-11-30
TXN0005569222,APP006,2025-10-08,active,752842.75,CHF,AMER,CP0268,BOND,TDR0060,BOOK_B,2025-03-03
TXN0003893232,APP003,2025-12-05,settled,762902.94,JPY,APAC,CP0222,FUTURE,TDR0187,BOOK_C,2025-10-24
TXN0004697085,APP017,2025-03-09,reversed,630104.4,USD,APAC,CP0162,BOND,TDR0050,BOOK_B,2025-03-05
TXN0005012013,APP007,2025-02-12,active,243753.18,AUD,LATAM,CP0127,FUTURE,TDR0083,BOOK_B,2025-09-20
TXN0001660890,APP017,2025-05-17,active,327158.28,EUR,EMEA,CP0245,FUTURE,TDR0145,BOOK_A,2025-08-22
TXN0008626700,APP003,2025-04-20,active,47401.58,GBP,APAC,CP0235,EQUITY,TDR0143,BOOK_C,2025-12-05
TXN0007365975,APP009,2025-03-19,pending,272424.04,USD,EMEA,CP0459,BOND,TDR0072,BOOK_C,2025-06-09
TXN0009073462,APP018,2025-05-30,failed,449532.26,AUD,AMER,CP0346,FX,TDR0001,BOOK_D,2026-02-10
TXN0008077674,APP016,2025-01-02,active,150372.07,EUR,APAC,CP0259,FX,TDR0040,BOOK_D,2025-11-04
TXN0009601801,APP002,2025-10-12,reversed,339667.33,JPY,APAC,CP0444,FX,TDR0095,BOOK_A,2025-04-05
TXN0003750424,APP012,2026-01-25,reversed,230675.42,EUR,AMER,CP0091,FUTURE,TDR0155,BOOK_D,2025-06-14
TXN0004565635,APP002,2025-01-31,reversed,129609.03,CHF,LATAM,CP0242,FX,TDR0070,BOOK_A,2025-02-28
TXN0006282331,APP020,2025-02-02,pending,4809.98,GBP,APAC,CP0332,FX,TDR0028,BOOK_C,2025-01-25
TXN0008037624,APP020,2025-11-08,active,245757.58,AUD,APAC,CP0427,BOND,TDR0125,BOOK_D,2026-02-10
TXN0008071844,APP018,2025-02-11,pending,493143.61,AUD,AMER,CP0051,EQUITY,TDR0135,BOOK_C,2025-01-23
TXN0003643333,APP005,2025-10-23,failed,144063.62,CHF,LATAM,CP0282,BOND,TDR0071,BOOK_D,2025-07-29
TXN0008750912,APP004,2025-05-31,pending,210458.3,USD,EMEA,CP0072,BOND,TDR0157,BOOK_B,2026-03-28
TXN0004434768,APP007,2025-01-19,pending,127839.74,GBP,LATAM,CP0017,BOND,TDR0074,BOOK_B,2025-02-02
TXN0003720519,APP010,2025-10-19,failed,506581.47,USD,EMEA,CP0182,FX,TDR0061,BOOK_B,2026-04-10
TXN0007144216,APP017,2026-04-12,reversed,641816.01,EUR,EMEA,CP0415,FUTURE,TDR0120,BOOK_C,2025-11-04
TXN0005205466,APP001,2025-09-27,settled,76053.3,USD,EMEA,CP0447,FX,TDR0119,BOOK_B,2025-01-30
TXN0009935233,APP002,2025-09-06,settled,216661.29,USD,AMER,CP0175,SWAP,TDR0159,BOOK_C,2025-05-04
TXN0004572876,APP010,2026-03-04,pending,697048.93,USD,APAC,CP0002,EQUITY,TDR0017,BOOK_C,2025-04-02
TXN0004426386,APP012,2026-01-18,settled,50575.97,EUR,EMEA,CP0425,FX,TDR0143,BOOK_A,2025-09-28
TXN0002514966,APP002,2025-08-30,failed,283906.69,EUR,EMEA,CP0410,FUTURE,TDR0182,BOOK_A,2025-12-06
TXN0006605355,APP002,2025-01-31,active,571988.5,EUR,EMEA,CP0178,BOND,TDR0127,BOOK_A,2025-09-29
TXN0000519066,APP012,2025-07-20,pending,565962.86,USD,APAC,CP0409,EQUITY,TDR0152,BOOK_C,2025-02-16
TXN0006741335,APP020,2025-03-28,pending,216675.68,JPY,EMEA,CP0073,OPTION,TDR0015,BOOK_C,2026-01-05
TXN0007106029,APP014,2025-10-27,settled,904542.68,JPY,AMER,CP0409,EQUITY,TDR0112,BOOK_B,2025-08-01
TXN0003474498,APP016,2026-01-22,failed,946820.91,JPY,AMER,CP0328,BOND,TDR0044,BOOK_C,2025-04-15
TXN0000966571,APP006,2025-05-01,failed,282163.14,GBP,APAC,CP0089,BOND,TDR0058,BOOK_D,2025-04-21
TXN0005859955,APP001,2026-02-20,pending,168846.19,AUD,AMER,CP0071,FX,TDR0144,BOOK_C,2025-01-03
TXN0003823265,APP009,2025-12-27,settled,7818.26,GBP,AMER,CP0046,FUTURE,TDR0181,BOOK_A,2026-04-02
TXN0003253263,APP001,2025-04-10,failed,988685.91,GBP,EMEA,CP0009,FX,TDR0034,BOOK_D,2025-01-23
TXN0009986761,APP015,2025-01-27,settled,41873.83,JPY,EMEA,CP0073,BOND,TDR0146,BOOK_B,2025-12-15
TXN0002741042,APP007,2025-09-09,failed,209397.76,AUD,APAC,CP0227,FUTURE,TDR0021,BOOK_C,2025-08-29
TXN0001362831,APP013,2025-10-06,settled,899683.03,USD,EMEA,CP0350,SWAP,TDR0043,BOOK_C,2025-07-08
TXN0007236071,APP018,2025-11-05,reversed,607856.74,GBP,AMER,CP0134,BOND,TDR0184,BOOK_A,2025-03-20
TXN0008870459,APP013,2026-03-14,active,602472.65,EUR,LATAM,CP0032,EQUITY,TDR0163,BOOK_A,2026-01-03
TXN0000162992,APP020,2026-03-27,reversed,451942.36,CHF,EMEA,CP0461,FX,TDR0152,BOOK_C,2026-02-03
TXN0004200073,APP014,2025-07-05,pending,486669.55,CHF,LATAM,CP0172,EQUITY,TDR0183,BOOK_B,2025-08-12
TXN0007579804,APP011,2025-09-11,settled,791154.9,AUD,EMEA,CP0159,FUTURE,TDR0055,BOOK_A,2025-08-06
TXN0001986804,APP005,2025-05-09,reversed,22267.25,JPY,EMEA,CP0003,FUTURE,TDR0154,BOOK_C,2026-01-16
TXN0007363853,APP001,2025-10-31,failed,453936.68,JPY,APAC,CP0126,OPTION,TDR0096,BOOK_C,2025-03-30
TXN0009882311,APP020,2025-05-03,reversed,594979.14,CHF,APAC,CP0212,BOND,TDR0050,BOOK_B,2025-04-02
TXN0005973195,APP002,2026-04-03,active,87751.13,JPY,LATAM,CP0277,FX,TDR0075,BOOK_A,2025-09-09
TXN0008991851,APP012,2025-05-07,pending,476886.21,GBP,LATAM,CP0496,SWAP,TDR0106,BOOK_C,2026-02-19
TXN0002104247,APP002,2025-12-24,reversed,12600.21,GBP,APAC,CP0124,BOND,TDR0043,BOOK_B,2026-04-01
TXN0008424635,APP008,2026-02-06,pending,940837.61,AUD,LATAM,CP0041,FX,TDR0089,BOOK_B,2025-07-06
TXN0000778160,APP020,2025-12-30,active,672379.28,JPY,APAC,CP0311,SWAP,TDR0007,BOOK_C,2025-01-12
TXN0002249248,APP018,2025-11-16,settled,262711.17,JPY,LATAM,CP0058,EQUITY,TDR0129,BOOK_B,2025-10-27
TXN0009297810,APP009,2026-03-11,reversed,891903.96,USD,AMER,CP0094,FUTURE,TDR0084,BOOK_D,2026-02-10
TXN0001480996,APP018,2025-08-12,pending,3935.57,EUR,AMER,CP0128,FUTURE,TDR0059,BOOK_C,2025-05-01
TXN0004005657,APP004,2025-08-23,settled,214851.5,GBP,LATAM,CP0236,SWAP,TDR0002,BOOK_B,2025-11-12
TXN0002508292,APP008,2025-07-20,reversed,443573.58,AUD,LATAM,CP0170,OPTION,TDR0072,BOOK_C,2025-05-02
TXN0009544246,APP010,2025-08-23,failed,219334.71,GBP,AMER,CP0032,SWAP,TDR0045,BOOK_B,2025-12-07
TXN0003873340,APP016,2025-05-01,reversed,952147.18,GBP,AMER,CP0133,BOND,TDR0191,BOOK_C,2025-06-27
TXN0002801311,APP020,2025-01-17,settled,13515.44,AUD,EMEA,CP0205,EQUITY,TDR0115,BOOK_B,2025-05-26
TXN0002889803,APP013,2025-11-17,pending,252164.37,GBP,EMEA,CP0443,FUTURE,TDR0119,BOOK_A,2025-06-18
TXN0003727720,APP012,2025-02-24,pending,527177.11,EUR,APAC,CP0372,OPTION,TDR0191,BOOK_A,2025-10-13
TXN0006243173,APP005,2025-06-14,reversed,574386.99,AUD,LATAM,CP0476,FX,TDR0191,BOOK_B,2025-10-31
TXN0000009207,APP013,2025-05-09,failed,37125.3,EUR,EMEA,CP0146,FX,TDR0107,BOOK_A,2025-11-17
TXN0007106523,APP014,2025-05-25,pending,99404.73,AUD,APAC,CP0252,OPTION,TDR0184,BOOK_A,2025-11-13
TXN0002824366,APP006,2026-03-29,active,654138.33,GBP,LATAM,CP0169,OPTION,TDR0037,BOOK_D,2025-02-04
TXN0008702706,APP008,2026-03-18,reversed,274644.55,USD,LATAM,CP0228,OPTION,TDR0063,BOOK_B,2025-07-07
TXN0003135967,APP018,2025-10-30,pending,32035.22,JPY,AMER,CP0337,OPTION,TDR0106,BOOK_D,2026-02-05
TXN0002524603,APP006,2025-04-18,pending,903188.49,USD,EMEA,CP0465,FX,TDR0161,BOOK_B,2025-07-22
TXN0005459049,APP008,2025-01-20,active,506435.51,JPY,LATAM,CP0475,OPTION,TDR0149,BOOK_D,2025-12-06
TXN0000453267,APP014,2025-03-22,pending,983971.7,EUR,APAC,CP0072,FX,TDR0074,BOOK_D,2026-02-23
TXN0003242335,APP008,2025-09-20,pending,199948.28,USD,LATAM,CP0175,SWAP,TDR0047,BOOK_D,2025-06-29
TXN0005369535,APP014,2025-03-12,reversed,831686.94,GBP,AMER,CP0436,OPTION,TDR0051,BOOK_C,2025-04-26
TXN0004259777,APP001,2026-03-14,pending,842245.74,USD,EMEA,CP0278,OPTION,TDR0071,BOOK_D,2025-01-06
TXN0005869916,APP017,2025-01-12,failed,579803.97,JPY,APAC,CP0266,SWAP,TDR0089,BOOK_C,2025-03-03
TXN0009321933,APP005,2025-12-05,failed,817138.41,AUD,LATAM,CP0236,BOND,TDR0037,BOOK_A,2025-01-14
TXN0004441976,APP008,2025-12-23,failed,618958.16,JPY,EMEA,CP0018,OPTION,TDR0013,BOOK_B,2025-04-14
TXN0005648681,APP002,2025-03-26,settled,766427.83,JPY,AMER,CP0228,FX,TDR0014,BOOK_D,2025-09-09
TXN0006771013,APP009,2025-06-26,settled,250997.7,USD,APAC,CP0079,BOND,TDR0003,BOOK_C,2025-06-11
TXN0009365846,APP012,2025-07-20,settled,252873.26,AUD,LATAM,CP0262,FUTURE,TDR0060,BOOK_C,2026-01-31
TXN0004907135,APP013,2025-08-07,reversed,160683.21,EUR,LATAM,CP0140,FUTURE,TDR0127,BOOK_A,2025-01-04
TXN0003050927,APP017,2026-03-24,pending,648094.56,USD,AMER,CP0464,OPTION,TDR0186,BOOK_A,2026-01-20
TXN0003251886,APP005,2026-02-22,settled,926140.25,EUR,LATAM,CP0177,FX,TDR0145,BOOK_A,2025-11-26
TXN0002884795,APP008,2025-11-18,failed,121012.24,CHF,LATAM,CP0034,SWAP,TDR0086,BOOK_B,2025-07-01
TXN0004944082,APP010,2025-04-18,reversed,949753.23,GBP,LATAM,CP0194,FUTURE,TDR0130,BOOK_D,2026-03-02
TXN0003989558,APP018,2026-01-30,pending,455222.69,CHF,EMEA,CP0267,EQUITY,TDR0030,BOOK_C,2025-09-13
TXN0004454125,APP004,2025-11-10,failed,56898.25,AUD,LATAM,CP0237,EQUITY,TDR0072,BOOK_A,2025-11-22
TXN0005081075,APP015,2025-10-23,active,462109.68,AUD,AMER,CP0460,BOND,TDR0009,BOOK_A,2025-11-20
TXN0002572233,APP018,2025-11-11,pending,381203.9,USD,LATAM,CP0412,FUTURE,TDR0052,BOOK_B,2025-03-12
TXN0007130038,APP013,2025-06-21,failed,490524.74,CHF,EMEA,CP0256,EQUITY,TDR0157,BOOK_B,2025-02-10
TXN0008284990,APP019,2025-05-19,active,804442.33,CHF,EMEA,CP0056,FUTURE,TDR0172,BOOK_C,2025-02-05
TXN0000426605,APP002,2025-01-03,active,936902.1,AUD,AMER,CP0302,FX,TDR0186,BOOK_B,2025-08-28
TXN0001371472,APP007,2025-02-08,settled,414199.25,AUD,APAC,CP0253,BOND,TDR0024,BOOK_A,2025-11-22
TXN0009556126,APP017,2025-05-03,active,197425.35,USD,EMEA,CP0373,SWAP,TDR0165,BOOK_B,2025-08-30
TXN0006488495,APP015,2025-03-31,active,58903.7,CHF,AMER,CP0391,EQUITY,TDR0008,BOOK_D,2026-01-19
TXN0006729155,APP011,2025-12-09,failed,207882.57,JPY,LATAM,CP0459,EQUITY,TDR0184,BOOK_A,2025-12-28
TXN0002141379,APP005,2025-07-15,reversed,858458.99,JPY,EMEA,CP0497,OPTION,TDR0120,BOOK_A,2025-09-13
TXN0005984869,APP013,2025-01-26,pending,512273.78,GBP,EMEA,CP0270,OPTION,TDR0150,BOOK_B,2026-03-17
TXN0004125593,APP006,2025-07-18,failed,368979.18,JPY,AMER,CP0486,EQUITY,TDR0184,BOOK_A,2026-03-09
TXN0006004971,APP009,2025-03-04,failed,284992.09,GBP,EMEA,CP0238,FX,TDR0153,BOOK_C,2025-03-12
TXN0008841549,APP007,2025-05-12,failed,467286.79,AUD,LATAM,CP0353,FUTURE,TDR0167,BOOK_C,2025-01-17
TXN0009594423,APP006,2025-10-18,pending,910644.02,CHF,AMER,CP0192,SWAP,TDR0132,BOOK_B,2025-09-21
TXN0003563133,APP013,2025-08-24,settled,686341.53,AUD,APAC,CP0358,SWAP,TDR0189,BOOK_D,2025-01-01
TXN0009538258,APP013,2025-11-24,settled,44664.52,AUD,EMEA,CP0037,OPTION,TDR0197,BOOK_A,2025-11-06
TXN0000560979,APP009,2025-10-11,settled,854009.08,JPY,APAC,CP0084,BOND,TDR0179,BOOK_A,2025-05-16
TXN0007243663,APP006,2025-09-02,failed,138971.37,EUR,LATAM,CP0381,EQUITY,TDR0056,BOOK_B,2025-09-07
TXN0007764759,APP016,2025-08-25,failed,117159.27,JPY,APAC,CP0262,EQUITY,TDR0105,BOOK_A,2025-11-09
TXN0005980334,APP007,2025-11-24,active,228361.96,AUD,LATAM,CP0155,BOND,TDR0015,BOOK_D,2025-02-13
TXN0009403641,APP003,2025-07-15,pending,902603.11,EUR,LATAM,CP0201,FX,TDR0105,BOOK_B,2026-02-22
TXN0005986456,APP008,2025-05-28,reversed,371266.93,CHF,LATAM,CP0344,FUTURE,TDR0053,BOOK_C,2025-05-03
TXN0000364719,APP005,2025-12-27,settled,572638.56,EUR,LATAM,CP0475,OPTION,TDR0105,BOOK_B,2025-12-25
TXN0005219940,APP003,2025-11-26,reversed,637781.82,EUR,EMEA,CP0311,BOND,TDR0035,BOOK_A,2025-04-18
TXN0001579657,APP004,2025-08-19,failed,968029.93,GBP,LATAM,CP0007,SWAP,TDR0025,BOOK_B,2025-11-11
TXN0006737770,APP015,2025-05-17,reversed,60397.11,USD,LATAM,CP0499,FX,TDR0059,BOOK_D,2025-08-09
TXN0007446368,APP012,2025-02-13,active,439641.83,EUR,APAC,CP0056,FUTURE,TDR0148,BOOK_D,2026-01-13
TXN0009897889,APP020,2025-03-03,active,505324.32,JPY,LATAM,CP0030,SWAP,TDR0180,BOOK_A,2026-01-17
TXN0005557406,APP008,2025-09-24,active,53982.35,GBP,LATAM,CP0056,SWAP,TDR0061,BOOK_C,2025-02-22
TXN0009001519,APP014,2025-10-17,failed,729042.6,USD,AMER,CP0150,OPTION,TDR0160,BOOK_D,2025-09-26
TXN0004947008,APP016,2025-03-12,failed,431905.25,EUR,LATAM,CP0127,FUTURE,TDR0068,BOOK_D,2025-09-08
TXN0006268268,APP008,2025-03-24,failed,990373.76,GBP,AMER,CP0319,OPTION,TDR0012,BOOK_D,2025-11-21
TXN0007907870,APP006,2025-10-04,failed,467837.03,AUD,EMEA,CP0361,EQUITY,TDR0107,BOOK_D,2025-04-16
TXN0009558813,APP017,2025-04-21,active,489310.02,CHF,AMER,CP0393,FUTURE,TDR0061,BOOK_D,2026-04-03
TXN0007950585,APP007,2025-02-12,settled,562275.58,EUR,APAC,CP0009,EQUITY,TDR0110,BOOK_C,2025-05-01
TXN0002358241,APP014,2025-09-13,reversed,92066.05,JPY,EMEA,CP0494,BOND,TDR0037,BOOK_B,2025-05-17
TXN0000190237,APP003,2025-06-25,reversed,239735.05,AUD,EMEA,CP0172,EQUITY,TDR0161,BOOK_B,2026-03-08
TXN0006137846,APP001,2026-02-23,active,553613.6,CHF,AMER,CP0356,FX,TDR0026,BOOK_B,2026-02-05
TXN0005914203,APP012,2025-06-03,reversed,759545.28,AUD,LATAM,CP0131,SWAP,TDR0173,BOOK_C,2026-03-16
TXN0005187169,APP008,2025-08-20,settled,888761.69,AUD,APAC,CP0178,SWAP,TDR0159,BOOK_C,2025-06-01
TXN0002549149,APP020,2025-08-16,active,524995.66,GBP,AMER,CP0069,FX,TDR0073,BOOK_A,2025-03-17
TXN0001381576,APP008,2025-12-07,settled,153430.17,USD,APAC,CP0066,FX,TDR0030,BOOK_B,2025-01-09
TXN0004101307,APP012,2025-09-21,settled,7984.61,CHF,APAC,CP0098,OPTION,TDR0091,BOOK_D,2025-08-09
TXN0002656212,APP016,2025-12-02,active,376735.86,EUR,LATAM,CP0148,OPTION,TDR0124,BOOK_D,2025-12-15
TXN0003428519,APP018,2025-02-04,settled,200405.02,USD,APAC,CP0447,FX,TDR0191,BOOK_B,2025-06-30
TXN0004245744,APP002,2025-03-06,settled,60262.9,USD,APAC,CP0251,FX,TDR0121,BOOK_B,2025-08-19
TXN0000117381,APP005,2025-06-27,settled,584400.78,AUD,LATAM,CP0084,BOND,TDR0191,BOOK_A,2025-07-14
TXN0001941312,APP013,2025-08-29,pending,938519.64,AUD,EMEA,CP0005,BOND,TDR0094,BOOK_B,2025-01-22
TXN0001463790,APP012,2025-12-21,pending,455322.0,EUR,AMER,CP0452,OPTION,TDR0109,BOOK_B,2025-09-27
TXN0002844195,APP004,2025-05-16,failed,278391.46,EUR,AMER,CP0390,BOND,TDR0130,BOOK_C,2025-03-19
TXN0002867651,APP003,2025-08-14,reversed,821257.53,CHF,LATAM,CP0436,SWAP,TDR0143,BOOK_C,2026-03-12
TXN0002272225,APP005,2026-02-19,pending,654547.45,GBP,LATAM,CP0197,SWAP,TDR0118,BOOK_B,2025-03-07
TXN0004929246,APP017,2025-12-18,pending,237047.78,EUR,AMER,CP0360,FX,TDR0091,BOOK_A,2025-08-25
TXN0009197241,APP001,2026-04-07,reversed,485862.06,AUD,LATAM,CP0376,FX,TDR0163,BOOK_D,2025-10-16
TXN0008643641,APP008,2025-11-16,settled,978196.72,GBP,EMEA,CP0183,SWAP,TDR0168,BOOK_C,2025-02-07
TXN0008913766,APP009,2025-07-16,reversed,236753.38,GBP,AMER,CP0329,OPTION,TDR0098,BOOK_B,2025-01-10
TXN0005027024,APP006,2026-03-24,pending,423559.66,EUR,LATAM,CP0422,FUTURE,TDR0016,BOOK_B,2025-11-11
TXN0009602191,APP007,2025-11-27,pending,70878.88,USD,LATAM,CP0332,FUTURE,TDR0019,BOOK_C,2025-08-26
TXN0007304966,APP007,2025-11-16,failed,112625.21,EUR,APAC,CP0486,FX,TDR0136,BOOK_D,2025-11-29
TXN0008431423,APP014,2025-05-25,settled,273310.65,CHF,LATAM,CP0379,OPTION,TDR0022,BOOK_C,2025-10-07
TXN0003104647,APP003,2026-01-14,failed,100390.79,AUD,EMEA,CP0132,FUTURE,TDR0054,BOOK_A,2025-06-16
TXN0008791590,APP015,2025-03-25,settled,969766.68,AUD,LATAM,CP0111,BOND,TDR0122,BOOK_A,2026-04-13
TXN0007636754,APP009,2025-09-05,active,699400.76,JPY,AMER,CP0396,FX,TDR0090,BOOK_B,2025-03-06
TXN0008718834,APP005,2025-08-03,settled,718631.19,EUR,EMEA,CP0201,SWAP,TDR0059,BOOK_C,2025-10-01
TXN0000514149,APP013,2025-04-20,pending,77809.15,JPY,LATAM,CP0056,FUTURE,TDR0081,BOOK_A,2026-04-05
TXN0003847893,APP016,2026-02-18,reversed,921965.52,JPY,EMEA,CP0372,SWAP,TDR0179,BOOK_D,2025-10-05
TXN0002097219,APP007,2025-02-11,settled,142432.54,EUR,EMEA,CP0302,OPTION,TDR0152,BOOK_B,2025-03-19
TXN0008047459,APP017,2025-06-09,pending,590289.6,CHF,EMEA,CP0394,EQUITY,TDR0062,BOOK_C,2026-02-11
TXN0000216184,APP006,2026-03-05,settled,142473.2,AUD,LATAM,CP0444,BOND,TDR0048,BOOK_B,2026-02-12
TXN0002649890,APP004,2025-10-26,failed,23700.3,CHF,AMER,CP0176,EQUITY,TDR0070,BOOK_D,2025-07-03
TXN0002983465,APP020,2025-09-26,pending,690548.0,JPY,LATAM,CP0039,SWAP,TDR0017,BOOK_C,2025-06-08
TXN0008139471,APP010,2025-01-02,settled,675405.7,USD,AMER,CP0431,SWAP,TDR0179,BOOK_D,2025-09-02
TXN0009734420,APP008,2025-09-24,pending,956143.41,JPY,EMEA,CP0034,FUTURE,TDR0010,BOOK_C,2026-02-24
TXN0005753425,APP009,2025-01-08,failed,757556.82,GBP,EMEA,CP0247,BOND,TDR0145,BOOK_A,2025-08-08
TXN0008311962,APP018,2025-05-03,failed,19461.72,CHF,EMEA,CP0337,EQUITY,TDR0114,BOOK_C,2025-03-25
TXN0003312724,APP010,2025-07-17,pending,163098.64,GBP,APAC,CP0031,SWAP,TDR0183,BOOK_C,2025-05-12
TXN0000616256,APP016,2026-02-23,active,465268.57,AUD,APAC,CP0023,BOND,TDR0003,BOOK_A,2026-04-07
TXN0006059053,APP008,2025-10-12,active,679236.09,GBP,LATAM,CP0067,OPTION,TDR0148,BOOK_C,2025-01-26
TXN0005892042,APP020,2025-12-20,reversed,172976.68,CHF,APAC,CP0212,SWAP,TDR0151,BOOK_D,2026-02-08
TXN0009937737,APP018,2025-06-12,settled,182945.56,AUD,AMER,CP0297,EQUITY,TDR0165,BOOK_B,2026-03-23
TXN0003628903,APP007,2026-03-19,pending,754685.78,USD,AMER,CP0268,SWAP,TDR0043,BOOK_C,2025-07-01
TXN0009964500,APP008,2025-04-19,reversed,15351.53,CHF,AMER,CP0367,FX,TDR0061,BOOK_A,2025-05-13
TXN0005294969,APP004,2025-11-25,pending,666468.32,GBP,LATAM,CP0384,FUTURE,TDR0041,BOOK_C,2025-03-01
TXN0002336707,APP007,2025-07-15,active,214597.9,USD,EMEA,CP0338,BOND,TDR0093,BOOK_B,2026-03-11
TXN0000595642,APP002,2025-06-20,settled,899774.24,AUD,APAC,CP0254,SWAP,TDR0033,BOOK_A,2025-08-20
TXN0008308600,APP014,2025-06-29,failed,803705.94,AUD,AMER,CP0087,EQUITY,TDR0198,BOOK_C,2026-04-13
TXN0002368778,APP017,2025-01-01,reversed,826455.11,USD,APAC,CP0140,FUTURE,TDR0001,BOOK_D,2026-01-12
TXN0008817430,APP008,2025-01-16,reversed,145636.4,AUD,LATAM,CP0183,EQUITY,TDR0020,BOOK_B,2025-04-30
TXN0000347495,APP002,2026-03-13,reversed,835795.79,EUR,LATAM,CP0135,FX,TDR0141,BOOK_D,2025-02-06
TXN0008249895,APP002,2025-09-04,reversed,505213.56,CHF,AMER,CP0498,FUTURE,TDR0078,BOOK_B,2025-08-18
TXN0006955066,APP019,2025-12-30,failed,448546.29,CHF,APAC,CP0455,FUTURE,TDR0177,BOOK_B,2025-10-14
TXN0001740239,APP019,2026-01-07,settled,292384.96,CHF,EMEA,CP0484,BOND,TDR0087,BOOK_D,2025-09-28
TXN0009419751,APP003,2025-01-19,reversed,838636.49,USD,AMER,CP0092,OPTION,TDR0069,BOOK_B,2025-07-14
TXN0002464472,APP015,2025-08-22,settled,736142.58,GBP,APAC,CP0130,FUTURE,TDR0051,BOOK_D,2025-05-03
TXN0009523829,APP007,2025-02-04,active,886217.93,EUR,EMEA,CP0324,FUTURE,TDR0052,BOOK_C,2025-01-18
TXN0008655870,APP013,2025-09-12,reversed,226418.47,JPY,AMER,CP0036,OPTION,TDR0122,BOOK_A,2026-01-03
TXN0000324846,APP009,2026-03-30,active,649004.72,GBP,EMEA,CP0306,EQUITY,TDR0114,BOOK_A,2025-09-24
TXN0009623391,APP014,2025-12-29,failed,656975.97,GBP,EMEA,CP0089,OPTION,TDR0046,BOOK_A,2025-04-16
TXN0005270915,APP001,2025-11-21,failed,17092.17,USD,EMEA,CP0391,FUTURE,TDR0053,BOOK_D,2025-03-07
TXN0005235764,APP009,2025-06-25,settled,865822.7,GBP,AMER,CP0199,FUTURE,TDR0117,BOOK_A,2026-01-04
TXN0006323442,APP002,2025-08-31,active,768155.37,AUD,APAC,CP0044,OPTION,TDR0141,BOOK_A,2025-11-02
TXN0007138551,APP010,2025-07-02,failed,477364.76,EUR,AMER,CP0293,OPTION,TDR0013,BOOK_A,2025-06-21
TXN0000230535,APP009,2025-06-07,settled,134817.5,GBP,APAC,CP0335,OPTION,TDR0013,BOOK_B,2026-03-19
TXN0008693306,APP014,2025-12-18,pending,495300.94,CHF,EMEA,CP0451,BOND,TDR0124,BOOK_C,2025-08-27
TXN0004990020,APP014,2025-07-22,failed,991826.67,JPY,APAC,CP0277,BOND,TDR0134,BOOK_C,2025-08-07
TXN0009259682,APP008,2025-11-30,settled,114488.83,AUD,EMEA,CP0301,FX,TDR0133,BOOK_B,2025-12-30
TXN0003289081,APP018,2025-02-03,reversed,206157.7,GBP,LATAM,CP0226,FUTURE,TDR0044,BOOK_C,2025-06-25
TXN0006657083,APP019,2025-11-13,pending,912550.91,EUR,APAC,CP0352,FUTURE,TDR0009,BOOK_A,2026-03-15
TXN0003421982,APP016,2025-05-18,reversed,376260.73,AUD,AMER,CP0483,OPTION,TDR0194,BOOK_A,2025-12-23
TXN0003407401,APP020,2025-05-18,reversed,862560.59,EUR,EMEA,CP0090,OPTION,TDR0116,BOOK_A,2026-01-12
TXN0000101911,APP009,2026-03-16,active,655261.0,USD,LATAM,CP0395,BOND,TDR0198,BOOK_A,2025-12-26
TXN0006733572,APP005,2025-07-10,settled,164456.91,CHF,LATAM,CP0286,OPTION,TDR0107,BOOK_B,2025-06-29
TXN0009000592,APP001,2025-10-12,pending,573879.12,AUD,LATAM,CP0053,BOND,TDR0131,BOOK_C,2025-01-06
TXN0007870790,APP003,2026-01-04,active,412213.43,USD,EMEA,CP0378,FX,TDR0117,BOOK_B,2025-11-15
TXN0004429933,APP002,2026-01-30,settled,473488.29,GBP,EMEA,CP0466,FUTURE,TDR0105,BOOK_C,2025-12-15
TXN0001773670,APP006,2025-08-01,settled,523561.6,JPY,LATAM,CP0157,OPTION,TDR0190,BOOK_C,2025-11-12
TXN0007229916,APP015,2025-06-18,active,454718.68,EUR,AMER,CP0352,OPTION,TDR0028,BOOK_B,2025-05-17
TXN0001708443,APP013,2026-01-27,active,657105.05,JPY,AMER,CP0029,FUTURE,TDR0119,BOOK_A,2026-02-17
TXN0005089978,APP007,2025-09-05,reversed,661262.01,USD,EMEA,CP0177,FUTURE,TDR0088,BOOK_B,2026-03-25
TXN0003984353,APP004,2025-01-14,pending,870862.65,JPY,EMEA,CP0384,FX,TDR0125,BOOK_A,2025-02-15
TXN0001981961,APP020,2025-07-30,active,496993.48,EUR,LATAM,CP0106,SWAP,TDR0185,BOOK_B,2025-08-21
TXN0009129148,APP004,2026-04-05,reversed,433964.06,USD,APAC,CP0401,OPTION,TDR0117,BOOK_B,2025-06-08
TXN0004482141,APP003,2025-01-18,settled,628717.69,GBP,APAC,CP0395,BOND,TDR0049,BOOK_D,2025-04-16
TXN0005039614,APP017,2025-03-06,active,968254.87,JPY,LATAM,CP0235,EQUITY,TDR0131,BOOK_B,2025-02-18
TXN0005223196,APP014,2025-03-04,pending,671958.37,GBP,EMEA,CP0387,SWAP,TDR0071,BOOK_D,2025-12-07
TXN0000877029,APP017,2026-04-08,pending,245383.9,USD,EMEA,CP0258,BOND,TDR0024,BOOK_C,2025-07-16
TXN0000452393,APP008,2025-09-09,failed,116315.45,JPY,APAC,CP0491,SWAP,TDR0038,BOOK_D,2025-04-15
TXN0000476547,APP006,2026-02-18,reversed,663426.37,USD,LATAM,CP0467,FUTURE,TDR0079,BOOK_A,2026-04-03
TXN0001648200,APP013,2025-12-20,active,220119.98,EUR,LATAM,CP0279,OPTION,TDR0084,BOOK_D,2025-03-26
TXN0007367833,APP005,2025-02-21,failed,534129.24,USD,AMER,CP0331,FUTURE,TDR0140,BOOK_C,2025-06-17
TXN0000565430,APP011,2025-06-05,reversed,455734.13,CHF,LATAM,CP0446,BOND,TDR0046,BOOK_D,2025-05-10
TXN0002399464,APP011,2026-04-02,settled,892854.26,EUR,APAC,CP0478,OPTION,TDR0014,BOOK_D,2025-12-26
TXN0007311196,APP015,2025-03-27,failed,125774.47,USD,EMEA,CP0107,EQUITY,TDR0064,BOOK_B,2025-03-15
TXN0001852203,APP006,2025-02-22,pending,834140.61,JPY,AMER,CP0117,FX,TDR0166,BOOK_A,2025-06-23
TXN0004431612,APP002,2025-05-05,pending,494953.02,AUD,AMER,CP0279,FUTURE,TDR0193,BOOK_C,2025-05-22
TXN0009283580,APP003,2025-11-24,reversed,698089.08,CHF,AMER,CP0276,SWAP,TDR0168,BOOK_C,2025-12-01
TXN0005317189,APP014,2025-05-03,settled,839412.6,USD,LATAM,CP0397,SWAP,TDR0018,BOOK_A,2026-02-23
TXN0005957856,APP018,2025-01-01,active,106842.22,JPY,APAC,CP0115,EQUITY,TDR0134,BOOK_C,2025-04-21
TXN0001661736,APP005,2025-05-30,pending,399228.2,CHF,EMEA,CP0434,BOND,TDR0058,BOOK_B,2026-01-11
TXN0009908694,APP017,2025-01-11,active,765296.19,USD,EMEA,CP0201,EQUITY,TDR0002,BOOK_C,2025-12-11
TXN0002786550,APP018,2025-05-11,pending,882285.29,JPY,LATAM,CP0373,SWAP,TDR0013,BOOK_D,2025-11-13
TXN0007476428,APP020,2025-11-02,reversed,567207.24,AUD,LATAM,CP0165,SWAP,TDR0003,BOOK_D,2025-05-14
TXN0000470307,APP001,2025-09-11,failed,456706.59,CHF,APAC,CP0479,FX,TDR0170,BOOK_D,2025-01-03
TXN0009453099,APP004,2025-09-25,failed,534331.11,AUD,LATAM,CP0194,SWAP,TDR0115,BOOK_C,2025-03-29
TXN0006909485,APP019,2025-06-25,settled,635690.21,USD,LATAM,CP0108,BOND,TDR0143,BOOK_C,2025-04-23
TXN0003520534,APP003,2025-08-13,settled,355545.64,JPY,EMEA,CP0194,FUTURE,TDR0148,BOOK_B,2026-02-21
TXN0007323118,APP018,2025-05-28,settled,852000.74,AUD,APAC,CP0022,FUTURE,TDR0009,BOOK_D,2025-06-07
TXN0007055245,APP010,2025-02-26,settled,473951.24,AUD,APAC,CP0316,OPTION,TDR0164,BOOK_A,2025-12-31
TXN0006114934,APP001,2026-03-31,reversed,406464.95,USD,EMEA,CP0100,OPTION,TDR0117,BOOK_D,2025-07-21
TXN0003112004,APP019,2025-03-08,failed,269788.5,CHF,APAC,CP0034,OPTION,TDR0042,BOOK_D,2025-12-24
TXN0006072906,APP014,2025-07-11,reversed,18393.66,GBP,AMER,CP0351,BOND,TDR0013,BOOK_D,2025-03-03
TXN0005196785,APP002,2025-08-10,failed,487401.1,EUR,AMER,CP0184,FX,TDR0157,BOOK_B,2026-03-12
TXN0001864131,APP017,2025-05-10,pending,779943.05,GBP,AMER,CP0147,FUTURE,TDR0196,BOOK_D,2025-05-07
TXN0009773313,APP013,2025-09-26,failed,803382.76,EUR,AMER,CP0202,OPTION,TDR0062,BOOK_D,2025-01-25
TXN0005779719,APP013,2025-10-30,pending,982407.04,EUR,AMER,CP0325,BOND,TDR0045,BOOK_C,2025-02-01
TXN0007748782,APP003,2025-03-26,pending,659505.93,AUD,EMEA,CP0064,OPTION,TDR0129,BOOK_B,2025-04-29
TXN0002909940,APP011,2025-10-26,active,314643.42,GBP,APAC,CP0093,FX,TDR0161,BOOK_A,2025-12-19
TXN0005708765,APP015,2025-07-18,failed,332948.65,USD,APAC,CP0003,BOND,TDR0152,BOOK_A,2026-03-08
TXN0004500691,APP020,2026-03-10,reversed,833624.1,JPY,LATAM,CP0465,OPTION,TDR0072,BOOK_A,2025-10-15
TXN0000604427,APP014,2025-04-05,reversed,534279.25,USD,APAC,CP0413,FX,TDR0064,BOOK_D,2025-04-21
TXN0006829604,APP019,2025-06-26,reversed,942400.8,GBP,LATAM,CP0475,EQUITY,TDR0185,BOOK_C,2026-02-14
TXN0002813114,APP007,2025-11-27,failed,359268.59,AUD,EMEA,CP0444,EQUITY,TDR0113,BOOK_A,2025-01-16
TXN0007154199,APP007,2025-03-31,active,482810.91,AUD,APAC,CP0375,FX,TDR0128,BOOK_A,2025-07-31
TXN0007032924,APP001,2025-06-28,failed,763643.57,AUD,AMER,CP0275,OPTION,TDR0198,BOOK_B,2025-01-08
TXN0006948387,APP001,2025-01-16,settled,849924.44,EUR,LATAM,CP0076,BOND,TDR0170,BOOK_C,2025-02-28
TXN0002432361,APP017,2026-01-06,reversed,913248.44,GBP,EMEA,CP0202,FUTURE,TDR0065,BOOK_A,2026-03-31
TXN0006721888,APP013,2025-06-15,settled,986487.27,EUR,LATAM,CP0372,FUTURE,TDR0002,BOOK_C,2026-03-02
TXN0004467938,APP003,2026-03-23,settled,618224.66,GBP,APAC,CP0430,FX,TDR0047,BOOK_A,2025-08-05
TXN0003282585,APP002,2025-01-31,failed,451601.35,CHF,LATAM,CP0092,SWAP,TDR0119,BOOK_D,2025-09-10
TXN0003621717,APP017,2025-07-27,settled,990950.65,USD,EMEA,CP0040,EQUITY,TDR0123,BOOK_B,2025-10-27
TXN0005021604,APP004,2025-06-26,pending,270330.45,CHF,LATAM,CP0467,EQUITY,TDR0163,BOOK_A,2026-01-30
TXN0009951563,APP008,2026-01-02,settled,434749.46,AUD,EMEA,CP0371,OPTION,TDR0137,BOOK_C,2026-04-11
TXN0008663714,APP009,2025-10-01,reversed,821317.25,EUR,EMEA,CP0431,BOND,TDR0115,BOOK_B,2025-06-15
TXN0001021777,APP017,2025-09-19,reversed,990031.18,CHF,LATAM,CP0172,FUTURE,TDR0048,BOOK_D,2026-03-16
TXN0005797950,APP003,2025-05-13,pending,9225.65,CHF,APAC,CP0255,EQUITY,TDR0150,BOOK_A,2025-03-10
TXN0001188889,APP011,2025-03-07,active,93670.79,JPY,LATAM,CP0120,SWAP,TDR0086,BOOK_D,2025-11-07
TXN0005540149,APP016,2025-04-01,active,286063.67,USD,EMEA,CP0284,FUTURE,TDR0197,BOOK_D,2025-12-01
TXN0005817680,APP011,2025-09-10,active,512761.36,GBP,LATAM,CP0140,SWAP,TDR0160,BOOK_A,2026-04-02
TXN0003841058,APP018,2025-06-06,pending,481805.13,EUR,LATAM,CP0277,EQUITY,TDR0035,BOOK_B,2025-10-13
TXN0000110250,APP019,2026-03-17,settled,511455.48,GBP,APAC,CP0433,FUTURE,TDR0085,BOOK_B,2025-09-08
TXN0004703318,APP002,2025-03-11,active,139272.28,EUR,AMER,CP0178,FUTURE,TDR0161,BOOK_B,2025-05-27
TXN0004257472,APP020,2025-01-14,settled,665310.18,GBP,APAC,CP0158,SWAP,TDR0110,BOOK_D,2026-03-03
TXN0004414174,APP012,2025-09-07,settled,873277.62,CHF,EMEA,CP0270,SWAP,TDR0108,BOOK_C,2025-10-11
TXN0004867659,APP011,2025-01-23,active,714584.96,CHF,LATAM,CP0182,BOND,TDR0044,BOOK_B,2025-05-24
TXN0004697085,APP020,2025-03-29,settled,966132.56,USD,LATAM,CP0151,EQUITY,TDR0166,BOOK_D,2025-06-15
TXN0001771275,APP017,2025-09-25,pending,25306.39,AUD,APAC,CP0455,FX,TDR0030,BOOK_D,2025-04-22
TXN0009378010,APP005,2025-08-20,reversed,329852.81,JPY,EMEA,CP0248,FUTURE,TDR0147,BOOK_A,2025-05-31
TXN0007200293,APP010,2026-03-13,active,190436.31,GBP,AMER,CP0319,BOND,TDR0001,BOOK_B,2025-06-17
TXN0005977502,APP011,2025-05-22,pending,583018.44,USD,LATAM,CP0347,SWAP,TDR0069,BOOK_A,2025-12-18
TXN0004361203,APP019,2025-03-17,active,63541.45,JPY,EMEA,CP0349,FUTURE,TDR0159,BOOK_D,2025-05-10
TXN0005031176,APP018,2025-01-25,pending,778265.07,CHF,EMEA,CP0282,EQUITY,TDR0143,BOOK_C,2025-01-22
TXN0005858881,APP008,2025-05-28,reversed,623789.01,CHF,APAC,CP0483,FX,TDR0193,BOOK_C,2025-10-25
TXN0007881087,APP003,2026-03-28,active,682208.33,USD,AMER,CP0122,SWAP,TDR0082,BOOK_D,2026-04-03
TXN0002066547,APP005,2025-07-01,pending,871774.06,JPY,APAC,CP0332,OPTION,TDR0018,BOOK_A,2025-06-13
TXN0001256377,APP002,2025-06-14,settled,271638.49,GBP,AMER,CP0457,EQUITY,TDR0124,BOOK_D,2025-04-17
TXN0004143375,APP001,2025-08-17,settled,312747.63,USD,LATAM,CP0388,OPTION,TDR0151,BOOK_D,2025-09-10
TXN0001888692,APP004,2025-09-09,active,526294.43,EUR,APAC,CP0301,EQUITY,TDR0135,BOOK_C,2025-05-28
TXN0004732188,APP006,2025-04-12,settled,553900.45,GBP,AMER,CP0291,OPTION,TDR0196,BOOK_B,2025-03-01
TXN0000498399,APP020,2026-03-14,settled,574332.39,EUR,APAC,CP0389,OPTION,TDR0093,BOOK_A,2026-03-24
TXN0002330990,APP009,2025-03-21,settled,563247.08,USD,AMER,CP0436,EQUITY,TDR0065,BOOK_A,2025-11-18
TXN0009226293,APP017,2025-08-08,active,634780.96,USD,EMEA,CP0152,EQUITY,TDR0033,BOOK_C,2025-01-01
TXN0007224653,APP015,2025-05-27,pending,283764.68,GBP,EMEA,CP0499,OPTION,TDR0147,BOOK_B,2025-08-02
TXN0004275166,APP011,2025-08-26,failed,750820.21,CHF,LATAM,CP0413,EQUITY,TDR0051,BOOK_D,2025-05-03
TXN0007633834,APP009,2026-01-17,active,374705.11,EUR,APAC,CP0018,FX,TDR0040,BOOK_D,2025-04-27
TXN0002616210,APP009,2025-09-25,active,344057.21,CHF,LATAM,CP0313,FUTURE,TDR0117,BOOK_A,2025-03-07
TXN0006926130,APP018,2025-04-16,pending,543458.76,EUR,APAC,CP0312,BOND,TDR0178,BOOK_B,2025-10-10
TXN0000881666,APP016,2025-06-10,pending,994149.14,AUD,APAC,CP0038,OPTION,TDR0132,BOOK_C,2025-12-17
TXN0000950922,APP013,2025-10-14,failed,816489.66,GBP,EMEA,CP0109,FUTURE,TDR0099,BOOK_C,2025-01-23
TXN0006549622,APP011,2026-02-20,pending,685572.97,GBP,APAC,CP0166,SWAP,TDR0050,BOOK_C,2026-04-07
TXN0009572392,APP018,2025-04-11,reversed,542617.69,JPY,AMER,CP0369,SWAP,TDR0021,BOOK_B,2025-12-24
TXN0008505587,APP005,2025-03-05,settled,722306.0,AUD,APAC,CP0347,SWAP,TDR0019,BOOK_D,2026-03-27
TXN0000499749,APP013,2025-01-25,failed,416744.57,AUD,LATAM,CP0491,FX,TDR0006,BOOK_C,2025-04-14
TXN0000724529,APP008,2026-01-02,reversed,698902.56,AUD,LATAM,CP0454,SWAP,TDR0058,BOOK_B,2025-02-11
TXN0008743856,APP011,2026-01-06,reversed,463745.45,EUR,LATAM,CP0195,OPTION,TDR0178,BOOK_C,2025-07-18
TXN0004245343,APP002,2026-02-21,pending,912561.13,GBP,APAC,CP0007,FUTURE,TDR0016,BOOK_D,2025-10-12
TXN0000623534,APP013,2025-02-17,active,948157.33,AUD,EMEA,CP0255,FUTURE,TDR0058,BOOK_C,2025-11-21
TXN0003206473,APP007,2025-11-10,failed,354076.08,JPY,APAC,CP0354,BOND,TDR0028,BOOK_A,2025-01-05
TXN0001787650,APP015,2026-04-08,failed,133468.27,CHF,LATAM,CP0493,FUTURE,TDR0079,BOOK_A,2025-04-24
TXN0000948360,APP013,2025-01-25,reversed,311034.32,USD,APAC,CP0317,BOND,TDR0180,BOOK_C,2025-07-09
TXN0006667057,APP014,2025-03-13,failed,255921.98,AUD,LATAM,CP0224,SWAP,TDR0092,BOOK_B,2025-10-06
TXN0001540726,APP005,2025-06-20,pending,214199.78,JPY,AMER,CP0443,SWAP,TDR0118,BOOK_D,2025-10-20
TXN0001703510,APP009,2025-02-17,reversed,653292.63,JPY,APAC,CP0187,FUTURE,TDR0112,BOOK_A,2025-08-02
TXN0007911640,APP001,2025-02-12,pending,832607.42,USD,AMER,CP0269,FX,TDR0005,BOOK_C,2025-12-13
TXN0004160477,APP008,2025-06-17,reversed,112630.13,EUR,AMER,CP0294,BOND,TDR0174,BOOK_B,2025-06-20
TXN0006617017,APP012,2025-02-12,failed,312774.82,CHF,AMER,CP0113,BOND,TDR0051,BOOK_C,2025-08-24
TXN0004137477,APP014,2025-09-14,settled,98932.7,USD,AMER,CP0281,SWAP,TDR0107,BOOK_C,2025-03-03
TXN0003599594,APP002,2025-01-18,pending,984714.55,EUR,LATAM,CP0238,BOND,TDR0127,BOOK_D,2025-10-24
TXN0002785890,APP003,2025-04-10,reversed,442133.28,USD,EMEA,CP0468,BOND,TDR0174,BOOK_B,2025-06-28
TXN0000711922,APP007,2026-04-03,settled,255270.65,AUD,LATAM,CP0004,EQUITY,TDR0116,BOOK_A,2026-01-22
TXN0001333707,APP007,2026-03-23,settled,270862.57,JPY,LATAM,CP0334,SWAP,TDR0137,BOOK_C,2025-10-26
TXN0000444944,APP008,2025-10-10,settled,754076.19,EUR,APAC,CP0009,OPTION,TDR0077,BOOK_C,2025-12-14
TXN0000042972,APP003,2026-02-26,settled,382652.52,EUR,APAC,CP0232,EQUITY,TDR0043,BOOK_D,2025-02-08
TXN0004783403,APP020,2026-03-13,pending,936538.82,GBP,EMEA,CP0004,SWAP,TDR0100,BOOK_C,2025-07-30
TXN0006913639,APP008,2025-11-26,failed,798551.82,JPY,EMEA,CP0033,BOND,TDR0009,BOOK_B,2025-12-04
TXN0003428155,APP008,2025-08-13,active,591931.74,GBP,EMEA,CP0052,FUTURE,TDR0039,BOOK_D,2026-01-15
TXN0004697436,APP018,2025-07-10,pending,921555.4,AUD,LATAM,CP0099,FX,TDR0102,BOOK_C,2025-11-14
TXN0006713191,APP008,2026-01-09,reversed,205231.96,JPY,AMER,CP0401,OPTION,TDR0156,BOOK_B,2026-01-17
TXN0001254196,APP020,2025-01-31,active,588630.98,AUD,APAC,CP0102,BOND,TDR0179,BOOK_B,2025-01-11
TXN0001930589,APP010,2025-04-13,settled,575856.97,USD,APAC,CP0075,EQUITY,TDR0071,BOOK_D,2026-01-30
TXN0002398517,APP002,2025-01-20,active,176450.28,CHF,AMER,CP0102,FUTURE,TDR0044,BOOK_C,2025-04-28
TXN0006094579,APP008,2025-04-27,reversed,462941.23,GBP,AMER,CP0353,EQUITY,TDR0067,BOOK_D,2025-03-25
TXN0001317251,APP002,2025-05-07,pending,556331.93,EUR,AMER,CP0272,FUTURE,TDR0041,BOOK_A,2026-03-17
TXN0008901365,APP009,2025-10-21,pending,869533.55,AUD,AMER,CP0054,EQUITY,TDR0139,BOOK_C,2025-06-12
TXN0003052522,APP012,2025-03-16,failed,238106.72,CHF,APAC,CP0110,FX,TDR0061,BOOK_D,2025-04-08
TXN0003430102,APP017,2025-11-05,pending,296810.98,JPY,LATAM,CP0298,SWAP,TDR0173,BOOK_A,2025-07-24
TXN0006161222,APP004,2025-07-24,failed,104501.28,GBP,AMER,CP0089,FUTURE,TDR0045,BOOK_B,2025-04-20
TXN0007296445,APP011,2025-10-17,settled,580572.47,USD,LATAM,CP0102,BOND,TDR0185,BOOK_A,2025-04-04
TXN0006105640,APP001,2026-03-21,reversed,780595.89,EUR,EMEA,CP0230,EQUITY,TDR0060,BOOK_C,2025-12-09
TXN0009860811,APP006,2025-10-07,reversed,43068.51,EUR,APAC,CP0310,BOND,TDR0068,BOOK_D,2025-09-20
TXN0008517093,APP019,2025-04-10,active,971062.9,AUD,APAC,CP0049,OPTION,TDR0001,BOOK_A,2025-04-22
TXN0007976767,APP003,2026-01-16,pending,970729.08,AUD,EMEA,CP0442,SWAP,TDR0111,BOOK_D,2025-01-12
TXN0006037054,APP001,2026-03-05,pending,168447.56,GBP,LATAM,CP0091,FX,TDR0191,BOOK_C,2026-03-19
TXN0009950141,APP013,2025-03-24,pending,239837.7,AUD,EMEA,CP0114,FX,TDR0161,BOOK_D,2026-02-12
TXN0001279370,APP016,2025-08-29,reversed,588455.86,GBP,AMER,CP0459,BOND,TDR0078,BOOK_D,2025-06-20
TXN0009682047,APP017,2025-12-08,reversed,168713.41,GBP,AMER,CP0203,OPTION,TDR0165,BOOK_C,2026-01-13
TXN0006088208,APP018,2025-10-26,settled,6013.37,GBP,APAC,CP0168,SWAP,TDR0080,BOOK_B,2025-08-21
TXN0006480774,APP013,2025-07-14,reversed,68920.3,GBP,AMER,CP0371,BOND,TDR0180,BOOK_A,2025-07-29
TXN0005793547,APP008,2025-09-11,settled,83475.03,GBP,AMER,CP0338,FX,TDR0193,BOOK_B,2025-09-02
TXN0000069542,APP016,2026-03-17,failed,828875.03,CHF,AMER,CP0226,FX,TDR0042,BOOK_B,2025-05-16
TXN0008983884,APP008,2025-10-31,reversed,97639.29,JPY,AMER,CP0406,EQUITY,TDR0196,BOOK_C,2025-10-09
TXN0002548380,APP001,2025-01-23,active,686517.34,USD,LATAM,CP0144,BOND,TDR0019,BOOK_A,2025-11-24
TXN0005358427,APP006,2025-05-05,failed,651299.42,GBP,APAC,CP0472,EQUITY,TDR0146,BOOK_B,2025-05-26
TXN0007960729,APP001,2025-11-12,failed,378214.26,USD,EMEA,CP0493,FX,TDR0015,BOOK_B,2025-12-10
TXN0000007562,APP012,2025-05-29,settled,426909.12,CHF,LATAM,CP0301,SWAP,TDR0191,BOOK_D,2025-06-27
TXN0007409284,APP020,2025-07-15,failed,269546.32,USD,APAC,CP0496,BOND,TDR0116,BOOK_D,2025-08-24
TXN0008547907,APP006,2025-09-07,reversed,879090.68,GBP,LATAM,CP0344,OPTION,TDR0091,BOOK_D,2025-02-18
TXN0009298926,APP011,2025-04-22,settled,462838.75,CHF,EMEA,CP0291,EQUITY,TDR0184,BOOK_B,2025-08-24
TXN0006738003,APP006,2025-01-28,active,881623.56,AUD,APAC,CP0048,BOND,TDR0063,BOOK_C,2025-10-19
TXN0007307947,APP002,2025-06-22,pending,601569.84,AUD,AMER,CP0305,OPTION,TDR0142,BOOK_B,2025-05-08
TXN0003028321,APP007,2025-07-11,reversed,628480.27,AUD,LATAM,CP0219,FX,TDR0186,BOOK_A,2025-08-02
TXN0006788038,APP016,2026-02-26,settled,988000.53,USD,APAC,CP0056,BOND,TDR0133,BOOK_C,2025-08-12
TXN0001253644,APP003,2026-03-25,pending,541716.94,CHF,EMEA,CP0385,OPTION,TDR0055,BOOK_B,2025-11-04
TXN0003358773,APP006,2025-08-18,active,436252.19,CHF,AMER,CP0180,EQUITY,TDR0133,BOOK_D,2025-02-08
TXN0004280758,APP020,2025-04-08,settled,373150.92,AUD,EMEA,CP0390,OPTION,TDR0172,BOOK_C,2025-03-29
TXN0008862208,APP008,2025-02-27,failed,331108.13,AUD,APAC,CP0122,SWAP,TDR0144,BOOK_D,2025-05-11
TXN0005817831,APP009,2025-01-10,failed,388472.83,GBP,AMER,CP0485,FUTURE,TDR0036,BOOK_D,2025-08-14
TXN0001897277,APP004,2025-12-12,pending,401397.48,CHF,AMER,CP0092,OPTION,TDR0125,BOOK_A,2025-05-29
TXN0003602299,APP014,2025-11-28,pending,244704.62,GBP,LATAM,CP0135,FUTURE,TDR0174,BOOK_A,2025-06-13
TXN0008702025,APP014,2025-08-12,reversed,716788.01,USD,EMEA,CP0033,SWAP,TDR0122,BOOK_B,2025-02-04
TXN0007664022,APP013,2025-04-14,failed,188878.9,GBP,AMER,CP0069,OPTION,TDR0073,BOOK_A,2026-04-02
TXN0002529938,APP009,2025-01-10,active,822042.91,EUR,EMEA,CP0278,OPTION,TDR0069,BOOK_C,2026-04-09
TXN0007125776,APP001,2025-08-29,reversed,546834.73,EUR,LATAM,CP0147,FX,TDR0134,BOOK_B,2025-12-24
TXN0003080772,APP011,2026-03-14,active,680464.29,EUR,EMEA,CP0223,SWAP,TDR0004,BOOK_C,2025-08-24
TXN0001372393,APP004,2026-01-13,pending,122361.98,GBP,AMER,CP0452,BOND,TDR0105,BOOK_D,2025-11-12
TXN0003369856,APP013,2025-03-09,reversed,274518.05,GBP,AMER,CP0135,BOND,TDR0096,BOOK_B,2025-11-25
TXN0001339681,APP002,2025-12-01,failed,820637.16,USD,AMER,CP0191,FUTURE,TDR0047,BOOK_D,2025-12-15
TXN0009262947,APP015,2026-03-06,pending,657587.57,GBP,LATAM,CP0300,EQUITY,TDR0112,BOOK_A,2026-03-18
TXN0004525627,APP001,2025-10-29,settled,652635.79,JPY,LATAM,CP0352,FUTURE,TDR0146,BOOK_D,2025-02-19
TXN0006666803,APP010,2025-03-26,pending,599102.66,EUR,LATAM,CP0452,FX,TDR0086,BOOK_C,2026-02-24
TXN0007393698,APP009,2025-04-03,failed,606336.52,JPY,EMEA,CP0195,FUTURE,TDR0100,BOOK_A,2025-12-30
TXN0000367992,APP018,2025-01-18,failed,862450.77,JPY,EMEA,CP0397,FUTURE,TDR0133,BOOK_B,2026-02-25
TXN0000656110,APP003,2026-03-12,reversed,931034.71,GBP,AMER,CP0263,FUTURE,TDR0114,BOOK_A,2025-02-07
TXN0009480920,APP012,2025-09-20,settled,50341.27,USD,AMER,CP0083,SWAP,TDR0091,BOOK_D,2025-10-22
TXN0000740305,APP019,2025-01-27,pending,311956.79,AUD,LATAM,CP0433,FUTURE,TDR0164,BOOK_C,2025-04-05
TXN0009129141,APP010,2025-06-29,pending,99174.59,USD,AMER,CP0341,SWAP,TDR0095,BOOK_B,2025-02-01
TXN0006921964,APP014,2025-10-19,reversed,28084.97,GBP,EMEA,CP0429,FUTURE,TDR0116,BOOK_B,2025-09-19
TXN0000125845,APP017,2025-01-25,settled,36529.65,EUR,APAC,CP0307,EQUITY,TDR0175,BOOK_B,2025-03-15
TXN0008846258,APP001,2025-11-27,pending,763195.33,GBP,AMER,CP0306,BOND,TDR0051,BOOK_A,2025-12-30
TXN0003582757,APP011,2025-11-11,failed,237590.35,JPY,EMEA,CP0374,BOND,TDR0041,BOOK_B,2025-10-24
TXN0008865938,APP015,2025-04-30,active,314441.6,GBP,LATAM,CP0033,FX,TDR0175,BOOK_C,2025-05-05
TXN0009790070,APP018,2025-07-24,reversed,825133.89,CHF,APAC,CP0255,BOND,TDR0141,BOOK_D,2025-04-13
TXN0005174950,APP014,2026-01-03,failed,688099.28,GBP,EMEA,CP0349,FX,TDR0017,BOOK_B,2025-02-16
TXN0007171070,APP006,2025-05-22,failed,999382.68,CHF,AMER,CP0281,OPTION,TDR0073,BOOK_B,2025-05-01
TXN0001465866,APP010,2025-02-12,reversed,240729.03,USD,AMER,CP0164,FUTURE,TDR0029,BOOK_D,2025-07-28
TXN0008391375,APP014,2025-10-17,pending,725147.85,USD,AMER,CP0382,EQUITY,TDR0039,BOOK_C,2025-07-13
TXN0000543676,APP016,2025-04-21,active,956139.46,CHF,APAC,CP0263,OPTION,TDR0065,BOOK_A,2025-07-22
TXN0003664392,APP007,2026-04-04,settled,481416.4,USD,EMEA,CP0027,SWAP,TDR0048,BOOK_A,2025-09-25
TXN0002719205,APP001,2025-02-02,settled,826264.13,AUD,AMER,CP0036,FX,TDR0021,BOOK_A,2025-02-13
TXN0000512016,APP016,2025-01-17,settled,663379.67,GBP,EMEA,CP0288,SWAP,TDR0122,BOOK_B,2025-12-21
TXN0006073292,APP005,2025-05-06,reversed,451611.83,GBP,EMEA,CP0460,BOND,TDR0158,BOOK_C,2026-01-31
TXN0008667920,APP019,2025-12-28,reversed,512404.99,GBP,LATAM,CP0419,FX,TDR0039,BOOK_C,2025-04-25
TXN0005789029,APP016,2025-12-22,reversed,461785.29,GBP,AMER,CP0222,FX,TDR0127,BOOK_D,2025-11-01
TXN0009175982,APP004,2025-06-26,active,136757.96,EUR,APAC,CP0351,FX,TDR0180,BOOK_B,2025-03-04
TXN0002053099,APP008,2025-12-13,reversed,455090.29,GBP,APAC,CP0382,SWAP,TDR0058,BOOK_A,2025-09-21
TXN0009807027,APP003,2025-11-17,reversed,765824.96,CHF,EMEA,CP0338,EQUITY,TDR0036,BOOK_D,2026-04-05
TXN0004758085,APP010,2025-07-29,failed,911941.73,JPY,AMER,CP0068,SWAP,TDR0007,BOOK_A,2025-08-10
TXN0000220794,APP014,2026-01-23,settled,806729.8,EUR,LATAM,CP0381,FUTURE,TDR0146,BOOK_B,2026-03-03
TXN0007001353,APP014,2025-04-08,reversed,407423.79,EUR,APAC,CP0337,FUTURE,TDR0186,BOOK_D,2026-01-26
TXN0001551369,APP012,2025-04-16,failed,138565.91,EUR,AMER,CP0425,OPTION,TDR0063,BOOK_D,2026-02-18
TXN0004532033,APP015,2025-01-15,reversed,97662.85,AUD,AMER,CP0412,OPTION,TDR0015,BOOK_D,2026-01-26
TXN0005439771,APP007,2025-03-11,reversed,29978.31,AUD,AMER,CP0406,FUTURE,TDR0109,BOOK_B,2025-03-12
TXN0003348457,APP015,2025-05-18,failed,676337.04,JPY,APAC,CP0163,FX,TDR0072,BOOK_B,2025-11-06
TXN0008737417,APP012,2026-01-27,pending,629405.06,USD,LATAM,CP0469,FUTURE,TDR0046,BOOK_B,2025-11-28
TXN0009508888,APP012,2025-11-15,failed,585907.08,CHF,APAC,CP0124,EQUITY,TDR0134,BOOK_A,2026-03-04
TXN0002943068,APP013,2025-10-30,failed,966938.54,EUR,LATAM,CP0177,SWAP,TDR0003,BOOK_D,2025-04-08
TXN0003936849,APP020,2025-03-12,pending,443524.34,JPY,EMEA,CP0399,EQUITY,TDR0136,BOOK_D,2026-02-24
TXN0002310653,APP012,2026-04-13,settled,515916.98,CHF,APAC,CP0113,SWAP,TDR0087,BOOK_D,2025-07-08
TXN0005424769,APP001,2025-11-19,failed,718988.81,GBP,AMER,CP0263,OPTION,TDR0102,BOOK_A,2025-03-29
TXN0006020517,APP008,2025-03-09,reversed,746367.84,EUR,APAC,CP0442,FX,TDR0058,BOOK_A,2026-01-22
TXN0003612017,APP002,2026-02-07,settled,891767.92,EUR,AMER,CP0417,FUTURE,TDR0121,BOOK_B,2025-04-02
TXN0001004471,APP001,2026-03-12,reversed,316940.29,EUR,EMEA,CP0039,FUTURE,TDR0113,BOOK_B,2025-12-31
TXN0002560764,APP004,2025-10-27,settled,890445.53,JPY,LATAM,CP0187,FX,TDR0190,BOOK_B,2025-09-29
TXN0008837865,APP003,2025-07-26,pending,926536.27,GBP,LATAM,CP0130,SWAP,TDR0076,BOOK_C,2026-03-15
TXN0009563945,APP019,2025-11-05,active,253557.2,CHF,AMER,CP0288,FX,TDR0140,BOOK_A,2025-04-22
TXN0005628067,APP012,2026-01-22,pending,903787.28,GBP,LATAM,CP0377,FX,TDR0095,BOOK_B,2025-03-05
TXN0006633471,APP015,2026-03-22,failed,912469.5,JPY,AMER,CP0065,FUTURE,TDR0172,BOOK_A,2025-08-15
TXN0003420208,APP014,2025-08-09,failed,450851.01,USD,EMEA,CP0313,FUTURE,TDR0098,BOOK_C,2026-03-05
TXN0003903195,APP014,2026-03-11,pending,282903.84,AUD,AMER,CP0289,BOND,TDR0021,BOOK_A,2026-01-24
TXN0001338784,APP020,2026-01-29,active,357985.43,JPY,APAC,CP0423,FX,TDR0170,BOOK_C,2026-04-11
TXN0002629227,APP008,2025-07-22,failed,482147.84,AUD,AMER,CP0414,FX,TDR0135,BOOK_B,2026-03-24
TXN0004236892,APP001,2025-03-04,pending,972257.91,USD,AMER,CP0493,SWAP,TDR0066,BOOK_B,2025-02-07
TXN0001257605,APP009,2025-02-11,pending,66377.88,EUR,AMER,CP0475,SWAP,TDR0181,BOOK_A,2025-09-30
TXN0002318380,APP002,2025-05-14,settled,914672.18,AUD,AMER,CP0260,FUTURE,TDR0168,BOOK_B,2025-03-04
TXN0001304134,APP012,2025-12-14,failed,730111.69,AUD,EMEA,CP0068,FX,TDR0020,BOOK_A,2025-02-16
TXN0007169266,APP003,2026-01-29,pending,529399.22,EUR,AMER,CP0379,BOND,TDR0129,BOOK_A,2025-04-04
TXN0002443041,APP001,2025-06-05,reversed,110857.02,CHF,AMER,CP0167,EQUITY,TDR0032,BOOK_C,2026-01-01
TXN0003830791,APP013,2025-07-17,settled,255813.79,GBP,AMER,CP0106,SWAP,TDR0005,BOOK_C,2025-02-04
TXN0003660144,APP020,2026-02-20,reversed,764547.81,JPY,APAC,CP0096,BOND,TDR0193,BOOK_B,2025-08-02
TXN0000844375,APP002,2025-01-11,pending,473496.49,AUD,LATAM,CP0036,SWAP,TDR0092,BOOK_C,2025-02-28
TXN0006069885,APP012,2025-11-19,pending,510579.04,USD,AMER,CP0173,BOND,TDR0022,BOOK_A,2025-11-21
TXN0002350667,APP015,2026-02-26,active,906464.89,USD,EMEA,CP0080,SWAP,TDR0114,BOOK_C,2025-04-23
TXN0000199593,APP011,2025-11-04,failed,186162.17,CHF,EMEA,CP0190,SWAP,TDR0039,BOOK_A,2025-07-31
TXN0009373666,APP018,2025-01-24,pending,652350.97,CHF,EMEA,CP0211,FUTURE,TDR0092,BOOK_C,2026-03-13
TXN0003206122,APP016,2025-10-24,active,81914.32,GBP,EMEA,CP0168,EQUITY,TDR0148,BOOK_A,2025-08-08
TXN0003346809,APP019,2025-08-26,settled,812739.53,EUR,AMER,CP0288,FUTURE,TDR0037,BOOK_A,2026-02-21
TXN0009659045,APP015,2025-07-13,reversed,282865.05,CHF,EMEA,CP0042,EQUITY,TDR0170,BOOK_A,2026-02-07
TXN0005918852,APP020,2025-01-26,pending,571590.48,GBP,LATAM,CP0277,FUTURE,TDR0128,BOOK_B,2025-06-05
TXN0001842195,APP009,2025-03-03,reversed,235186.68,GBP,EMEA,CP0301,EQUITY,TDR0050,BOOK_D,2025-12-16
TXN0003369213,APP005,2026-01-19,reversed,393838.01,AUD,APAC,CP0266,OPTION,TDR0043,BOOK_B,2025-04-26
TXN0009875243,APP020,2026-01-10,pending,490200.47,JPY,AMER,CP0232,FUTURE,TDR0197,BOOK_C,2025-09-26
TXN0004747441,APP017,2025-06-04,active,265660.04,JPY,LATAM,CP0217,EQUITY,TDR0082,BOOK_B,2025-07-07
TXN0003908683,APP015,2025-09-22,reversed,866844.39,AUD,APAC,CP0217,EQUITY,TDR0101,BOOK_D,2025-05-06
TXN0002120219,APP016,2025-11-06,reversed,658423.44,EUR,APAC,CP0490,FX,TDR0109,BOOK_A,2025-09-04
TXN0004381346,APP020,2025-03-06,pending,662353.37,GBP,LATAM,CP0101,FX,TDR0083,BOOK_A,2025-05-05
TXN0006047915,APP012,2025-02-19,pending,464366.53,JPY,APAC,CP0432,OPTION,TDR0058,BOOK_A,2025-04-10
TXN0007849414,APP008,2026-03-14,reversed,177959.37,CHF,LATAM,CP0281,SWAP,TDR0031,BOOK_C,2025-10-25
TXN0004111594,APP001,2025-09-01,reversed,499728.22,USD,APAC,CP0055,SWAP,TDR0158,BOOK_C,2026-03-09
TXN0009292439,APP008,2025-12-27,settled,489173.3,AUD,APAC,CP0490,FUTURE,TDR0157,BOOK_D,2025-04-24
TXN0005279650,APP007,2026-02-25,reversed,51321.89,USD,APAC,CP0352,BOND,TDR0166,BOOK_B,2025-02-19
TXN0002809356,APP018,2026-01-09,active,690363.63,GBP,AMER,CP0271,OPTION,TDR0070,BOOK_D,2025-04-28
TXN0005158454,APP010,2026-02-03,active,633044.12,AUD,LATAM,CP0417,BOND,TDR0089,BOOK_D,2025-04-14
TXN0004690766,APP005,2025-05-18,active,959171.77,AUD,APAC,CP0046,EQUITY,TDR0172,BOOK_C,2026-03-30
TXN0000929367,APP015,2025-06-28,reversed,88189.0,JPY,APAC,CP0439,SWAP,TDR0027,BOOK_A,2025-01-12
TXN0008480606,APP016,2025-09-04,active,291075.38,CHF,LATAM,CP0128,SWAP,TDR0061,BOOK_A,2026-03-13
TXN0002221697,APP017,2025-01-02,pending,576635.57,JPY,AMER,CP0162,EQUITY,TDR0071,BOOK_B,2025-10-02
TXN0007661136,APP004,2025-09-04,settled,486854.73,EUR,AMER,CP0130,BOND,TDR0104,BOOK_D,2025-08-21
TXN0009697251,APP002,2025-12-26,settled,143931.62,USD,APAC,CP0156,SWAP,TDR0017,BOOK_B,2025-08-18
TXN0002455247,APP001,2025-02-09,failed,978937.11,USD,LATAM,CP0104,OPTION,TDR0077,BOOK_A,2025-06-24
TXN0008429245,APP015,2025-04-13,failed,553448.93,USD,AMER,CP0457,OPTION,TDR0132,BOOK_D,2025-11-24
TXN0008466053,APP004,2026-01-07,settled,897355.32,AUD,AMER,CP0119,OPTION,TDR0077,BOOK_B,2026-03-09
TXN0004272022,APP009,2025-08-19,failed,701693.56,AUD,LATAM,CP0151,EQUITY,TDR0122,BOOK_C,2025-10-22
TXN0005766766,APP018,2025-08-08,pending,115543.74,USD,APAC,CP0481,SWAP,TDR0008,BOOK_C,2025-02-19
TXN0008835582,APP017,2026-04-12,pending,324055.45,CHF,APAC,CP0254,BOND,TDR0173,BOOK_D,2025-10-14
TXN0007063433,APP005,2025-05-07,reversed,844142.73,JPY,APAC,CP0426,OPTION,TDR0060,BOOK_C,2025-07-23
TXN0004124213,APP007,2026-03-11,settled,545713.64,EUR,AMER,CP0054,SWAP,TDR0129,BOOK_C,2025-10-31
TXN0002659293,APP017,2025-02-08,pending,143282.43,CHF,LATAM,CP0135,FUTURE,TDR0051,BOOK_B,2025-01-01
TXN0001626751,APP011,2026-02-22,pending,282297.34,GBP,LATAM,CP0417,BOND,TDR0078,BOOK_B,2026-01-02
TXN0000097071,APP004,2025-06-29,pending,248945.83,AUD,EMEA,CP0468,EQUITY,TDR0032,BOOK_A,2025-06-27
TXN0004649237,APP017,2026-02-04,active,26967.78,JPY,LATAM,CP0256,FX,TDR0070,BOOK_C,2025-02-25
TXN0007260963,APP018,2025-11-21,reversed,585799.73,USD,EMEA,CP0151,SWAP,TDR0098,BOOK_C,2025-05-30
TXN0008062867,APP008,2026-03-21,active,767379.1,GBP,AMER,CP0194,EQUITY,TDR0197,BOOK_C,2025-08-12
TXN0007815014,APP014,2025-09-13,reversed,989788.18,GBP,LATAM,CP0268,OPTION,TDR0075,BOOK_A,2025-09-04
TXN0001120360,APP004,2025-06-16,active,348077.1,AUD,LATAM,CP0334,FX,TDR0066,BOOK_A,2026-03-12
TXN0003837102,APP015,2025-02-01,pending,155858.51,EUR,AMER,CP0123,EQUITY,TDR0042,BOOK_C,2025-11-23
TXN0001905405,APP005,2025-10-25,active,559101.78,EUR,LATAM,CP0290,FX,TDR0005,BOOK_B,2025-10-05
TXN0006237880,APP008,2026-04-02,reversed,231803.61,CHF,AMER,CP0291,FX,TDR0168,BOOK_A,2025-04-06
TXN0000906355,APP020,2025-10-09,failed,226785.51,GBP,AMER,CP0486,BOND,TDR0005,BOOK_D,2025-11-12
TXN0008371448,APP020,2025-11-05,pending,553356.8,USD,APAC,CP0022,OPTION,TDR0126,BOOK_C,2026-03-26
TXN0006772009,APP015,2025-02-25,pending,476748.99,CHF,LATAM,CP0245,SWAP,TDR0139,BOOK_A,2025-04-05
TXN0000902886,APP005,2026-03-07,pending,994750.2,AUD,AMER,CP0134,EQUITY,TDR0023,BOOK_B,2025-06-12
TXN0005617850,APP001,2026-03-22,active,706549.13,EUR,APAC,CP0107,FX,TDR0039,BOOK_B,2025-01-27
TXN0003199804,APP014,2026-02-08,pending,735104.65,EUR,APAC,CP0480,SWAP,TDR0112,BOOK_B,2025-04-22
TXN0008058246,APP001,2025-10-02,pending,860272.54,CHF,APAC,CP0327,EQUITY,TDR0023,BOOK_D,2025-05-26
TXN0000226748,APP001,2026-01-11,failed,138403.03,GBP,LATAM,CP0272,FX,TDR0144,BOOK_C,2026-03-04
TXN0009658950,APP018,2026-01-26,pending,836248.79,CHF,EMEA,CP0245,FX,TDR0091,BOOK_D,2025-03-03
TXN0002284742,APP012,2025-10-19,active,451237.27,CHF,LATAM,CP0206,SWAP,TDR0028,BOOK_C,2026-01-10
TXN0008208437,APP004,2026-03-24,settled,269886.27,GBP,LATAM,CP0175,FX,TDR0045,BOOK_C,2025-07-27
TXN0004115277,APP002,2025-01-07,reversed,13471.68,USD,AMER,CP0475,BOND,TDR0029,BOOK_D,2026-01-02
TXN0003015514,APP020,2025-10-17,active,874952.53,AUD,EMEA,CP0251,SWAP,TDR0069,BOOK_D,2025-07-10
TXN0004476381,APP009,2025-02-26,active,827601.29,AUD,EMEA,CP0323,BOND,TDR0157,BOOK_C,2025-04-14
TXN0009755397,APP019,2025-03-26,pending,108929.0,CHF,EMEA,CP0211,SWAP,TDR0130,BOOK_D,2025-01-15
TXN0008058721,APP004,2025-01-14,settled,294861.26,JPY,EMEA,CP0239,EQUITY,TDR0042,BOOK_B,2025-05-20
TXN0005257869,APP008,2026-01-28,failed,278279.42,GBP,AMER,CP0200,EQUITY,TDR0005,BOOK_D,2026-02-19
TXN0002500450,APP004,2026-02-09,settled,697015.04,AUD,LATAM,CP0475,SWAP,TDR0072,BOOK_C,2025-10-11
TXN0007031263,APP013,2025-02-14,active,587784.73,AUD,APAC,CP0453,OPTION,TDR0030,BOOK_B,2025-06-20
TXN0006486482,APP019,2025-05-05,settled,792974.59,AUD,AMER,CP0196,FX,TDR0080,BOOK_C,2025-02-17
TXN0009119411,APP001,2025-10-19,reversed,11904.41,GBP,EMEA,CP0189,FX,TDR0009,BOOK_A,2025-12-06
TXN0005749177,APP013,2025-02-21,active,412367.0,AUD,AMER,CP0197,FUTURE,TDR0046,BOOK_C,2025-12-06
TXN0004249248,APP017,2025-07-11,reversed,809844.32,EUR,EMEA,CP0046,FX,TDR0184,BOOK_C,2025-05-06
TXN0007545191,APP009,2025-05-27,pending,345591.6,GBP,EMEA,CP0466,BOND,TDR0150,BOOK_A,2025-05-09
TXN0006158618,APP016,2025-04-26,active,658505.04,GBP,APAC,CP0034,BOND,TDR0014,BOOK_D,2025-06-29
TXN0001562865,APP007,2026-01-01,reversed,430834.67,USD,LATAM,CP0039,FUTURE,TDR0016,BOOK_C,2025-03-10
TXN0007271864,APP017,2026-03-20,failed,919445.6,GBP,APAC,CP0246,SWAP,TDR0028,BOOK_B,2025-03-27
TXN0002671801,APP018,2026-02-24,active,725350.72,EUR,EMEA,CP0071,FUTURE,TDR0198,BOOK_C,2026-01-01
TXN0007400536,APP001,2025-10-19,failed,258701.64,CHF,AMER,CP0339,EQUITY,TDR0158,BOOK_A,2025-12-21
TXN0008746550,APP015,2025-08-19,settled,956574.05,USD,AMER,CP0170,BOND,TDR0069,BOOK_D,2025-05-12
TXN0008622692,APP014,2025-03-12,pending,930211.52,JPY,EMEA,CP0111,EQUITY,TDR0008,BOOK_A,2025-05-16
TXN0006030587,APP003,2025-11-15,pending,928203.25,CHF,AMER,CP0274,FUTURE,TDR0065,BOOK_B,2026-03-16
TXN0002719740,APP014,2025-01-28,active,77117.04,JPY,APAC,CP0460,OPTION,TDR0103,BOOK_B,2025-12-08
TXN0009831927,APP013,2025-08-16,reversed,469529.23,EUR,LATAM,CP0190,OPTION,TDR0079,BOOK_B,2025-07-29
TXN0001878704,APP009,2026-04-02,pending,306098.35,USD,EMEA,CP0286,EQUITY,TDR0070,BOOK_A,2025-07-20
TXN0005811732,APP018,2025-12-28,reversed,372297.6,EUR,AMER,CP0010,FX,TDR0113,BOOK_D,2025-06-25
TXN0009994647,APP017,2025-02-10,settled,131454.25,CHF,EMEA,CP0046,FX,TDR0087,BOOK_A,2025-01-23
TXN0001107542,APP009,2026-02-14,failed,871090.96,USD,EMEA,CP0267,BOND,TDR0149,BOOK_D,2025-05-07
TXN0002923423,APP014,2025-08-05,failed,982186.26,EUR,AMER,CP0397,OPTION,TDR0084,BOOK_C,2025-08-01
TXN0006532037,APP009,2025-11-16,reversed,446341.48,CHF,AMER,CP0239,BOND,TDR0112,BOOK_D,2025-11-28
TXN0008057958,APP009,2025-10-20,settled,801000.58,GBP,APAC,CP0327,SWAP,TDR0039,BOOK_A,2025-06-27
TXN0002214009,APP013,2026-02-13,reversed,44670.38,EUR,APAC,CP0025,SWAP,TDR0130,BOOK_A,2025-07-28
TXN0006889050,APP007,2026-01-28,failed,918620.79,USD,APAC,CP0134,SWAP,TDR0037,BOOK_B,2025-12-19
TXN0001255050,APP003,2025-10-07,reversed,673140.88,CHF,AMER,CP0341,SWAP,TDR0170,BOOK_B,2025-12-15
TXN0005308189,APP016,2025-02-19,pending,125503.52,EUR,EMEA,CP0361,FUTURE,TDR0121,BOOK_A,2026-01-12
TXN0008418248,APP008,2026-03-20,active,498810.03,JPY,LATAM,CP0228,FUTURE,TDR0044,BOOK_D,2026-01-23
TXN0005916044,APP005,2026-04-10,settled,803339.23,CHF,LATAM,CP0327,OPTION,TDR0025,BOOK_D,2026-03-31
TXN0000333472,APP007,2025-08-10,settled,848092.51,EUR,APAC,CP0182,OPTION,TDR0090,BOOK_B,2025-05-16
TXN0004268922,APP015,2025-06-14,pending,133114.45,CHF,EMEA,CP0404,FUTURE,TDR0123,BOOK_A,2025-02-01
TXN0001071890,APP009,2025-07-26,settled,884618.46,JPY,APAC,CP0207,EQUITY,TDR0119,BOOK_A,2025-04-14
TXN0002483612,APP020,2026-02-09,active,589763.23,USD,APAC,CP0175,FX,TDR0042,BOOK_D,2026-01-01
TXN0006978097,APP011,2025-05-05,settled,717155.77,EUR,AMER,CP0281,SWAP,TDR0145,BOOK_B,2025-12-01
TXN0005483335,APP003,2025-01-16,failed,447056.49,EUR,AMER,CP0061,EQUITY,TDR0069,BOOK_D,2026-03-28
TXN0006144092,APP015,2025-02-16,active,17231.51,AUD,AMER,CP0163,OPTION,TDR0162,BOOK_D,2026-03-02
TXN0006639997,APP020,2025-01-21,failed,224978.8,EUR,APAC,CP0101,FX,TDR0071,BOOK_B,2025-08-19
TXN0006016359,APP001,2025-10-13,active,914372.51,EUR,AMER,CP0317,FUTURE,TDR0198,BOOK_B,2026-04-14
TXN0006011040,APP002,2025-10-30,reversed,314438.33,CHF,AMER,CP0264,FX,TDR0066,BOOK_D,2025-02-27
TXN0007908722,APP014,2025-02-13,settled,684533.3,JPY,EMEA,CP0162,FX,TDR0088,BOOK_D,2026-01-16
TXN0003588201,APP015,2025-09-13,active,150553.03,CHF,LATAM,CP0144,BOND,TDR0022,BOOK_A,2025-05-22
TXN0003409195,APP019,2025-10-27,failed,931575.11,CHF,LATAM,CP0201,BOND,TDR0140,BOOK_A,2025-04-01
TXN0002669286,APP006,2025-06-01,pending,883584.6,JPY,EMEA,CP0087,BOND,TDR0006,BOOK_C,2025-01-05
TXN0002453941,APP009,2025-07-23,failed,468987.26,EUR,AMER,CP0030,FUTURE,TDR0194,BOOK_D,2026-01-24
TXN0003255870,APP014,2025-07-02,settled,338571.66,EUR,LATAM,CP0294,FUTURE,TDR0100,BOOK_A,2025-11-08
TXN0008107573,APP007,2025-04-11,settled,405284.85,CHF,LATAM,CP0012,OPTION,TDR0171,BOOK_C,2025-04-04
TXN0003821794,APP020,2025-11-02,active,682914.27,CHF,AMER,CP0036,FUTURE,TDR0095,BOOK_C,2025-08-31
TXN0008414099,APP017,2025-08-06,settled,922211.74,AUD,EMEA,CP0153,EQUITY,TDR0181,BOOK_B,2026-04-02
TXN0004219344,APP010,2025-10-17,settled,589237.67,GBP,EMEA,CP0312,OPTION,TDR0183,BOOK_A,2026-03-20
TXN0008032762,APP011,2025-05-28,failed,611759.97,GBP,LATAM,CP0480,SWAP,TDR0193,BOOK_B,2025-12-17
TXN0006599107,APP018,2026-01-03,settled,824889.2,GBP,LATAM,CP0050,OPTION,TDR0069,BOOK_C,2026-02-08
TXN0007984412,APP018,2026-03-31,settled,47898.51,EUR,AMER,CP0469,SWAP,TDR0022,BOOK_D,2026-04-05
TXN0007284466,APP004,2025-10-24,active,429363.18,USD,EMEA,CP0016,OPTION,TDR0045,BOOK_A,2025-02-17
TXN0001719802,APP015,2026-02-23,reversed,662296.82,GBP,LATAM,CP0060,OPTION,TDR0178,BOOK_B,2025-01-16
TXN0006530059,APP018,2026-03-27,failed,397065.31,CHF,EMEA,CP0071,FX,TDR0042,BOOK_B,2026-02-27
TXN0002320949,APP009,2025-01-31,pending,543782.9,EUR,AMER,CP0255,EQUITY,TDR0128,BOOK_A,2026-02-23
TXN0002534916,APP012,2026-01-17,pending,576182.25,GBP,AMER,CP0297,FUTURE,TDR0068,BOOK_C,2025-10-02
TXN0007202603,APP007,2025-02-28,reversed,986184.08,CHF,LATAM,CP0379,FUTURE,TDR0115,BOOK_B,2025-09-29
TXN0007519644,APP005,2026-02-15,settled,857368.64,CHF,LATAM,CP0158,EQUITY,TDR0029,BOOK_A,2025-05-28
TXN0007648850,APP003,2025-08-22,failed,50647.73,CHF,APAC,CP0101,BOND,TDR0178,BOOK_B,2025-08-20
TXN0005502924,APP005,2025-07-17,active,657057.54,JPY,EMEA,CP0450,FUTURE,TDR0195,BOOK_A,2026-01-23
TXN0005425355,APP014,2026-03-20,settled,925265.08,AUD,LATAM,CP0383,FX,TDR0159,BOOK_D,2025-04-09
TXN0005203432,APP020,2025-11-14,settled,729304.46,CHF,AMER,CP0161,OPTION,TDR0040,BOOK_D,2025-12-07
TXN0009408626,APP014,2026-02-20,pending,592559.94,JPY,LATAM,CP0051,SWAP,TDR0144,BOOK_D,2026-01-11
TXN0001286763,APP014,2025-09-26,active,270207.8,EUR,EMEA,CP0377,FUTURE,TDR0193,BOOK_C,2026-02-06
TXN0004006202,APP013,2025-06-20,failed,792624.66,EUR,EMEA,CP0356,OPTION,TDR0017,BOOK_D,2025-06-05
TXN0001523688,APP015,2025-07-07,active,988527.27,JPY,LATAM,CP0491,OPTION,TDR0066,BOOK_B,2025-04-01
TXN0001285314,APP006,2025-11-07,pending,721709.39,JPY,LATAM,CP0212,EQUITY,TDR0063,BOOK_C,2025-08-26
TXN0006824397,APP014,2025-07-12,settled,261941.82,USD,EMEA,CP0082,OPTION,TDR0055,BOOK_D,2025-10-11
TXN0007244000,APP019,2025-12-02,failed,720271.89,EUR,EMEA,CP0107,EQUITY,TDR0114,BOOK_C,2025-03-04
TXN0006634763,APP019,2025-06-24,failed,235159.71,AUD,AMER,CP0304,BOND,TDR0043,BOOK_A,2025-11-07
TXN0006638202,APP019,2025-02-13,active,660481.18,AUD,LATAM,CP0023,FUTURE,TDR0157,BOOK_C,2025-07-05
TXN0004259457,APP011,2025-06-12,settled,540105.94,JPY,APAC,CP0289,BOND,TDR0112,BOOK_D,2025-01-19
TXN0006462710,APP017,2025-01-25,pending,931570.89,JPY,APAC,CP0290,BOND,TDR0048,BOOK_D,2026-03-13
TXN0003448300,APP012,2026-01-29,pending,954675.13,AUD,APAC,CP0391,SWAP,TDR0182,BOOK_D,2025-09-26
TXN0009693672,APP019,2025-04-05,settled,208322.3,GBP,EMEA,CP0255,OPTION,TDR0127,BOOK_D,2025-09-30
TXN0003179226,APP003,2025-12-11,settled,940043.81,USD,LATAM,CP0260,FUTURE,TDR0103,BOOK_D,2025-02-13
TXN0007251041,APP016,2025-01-30,pending,41945.84,EUR,APAC,CP0440,FUTURE,TDR0108,BOOK_B,2025-01-01
TXN0000372972,APP020,2026-02-16,pending,593187.84,GBP,LATAM,CP0256,SWAP,TDR0041,BOOK_C,2025-07-16
TXN0007681699,APP006,2025-12-06,active,610710.08,JPY,EMEA,CP0247,BOND,TDR0004,BOOK_A,2025-10-06
TXN0005944275,APP016,2025-09-13,failed,309296.83,JPY,APAC,CP0131,SWAP,TDR0055,BOOK_B,2025-04-27
TXN0008893628,APP020,2026-01-17,failed,909915.6,AUD,AMER,CP0120,FX,TDR0162,BOOK_B,2025-01-24
TXN0006288161,APP001,2025-01-28,active,69710.19,JPY,LATAM,CP0123,OPTION,TDR0087,BOOK_B,2026-03-18
TXN0007140160,APP011,2026-01-19,reversed,892906.88,USD,LATAM,CP0498,BOND,TDR0133,BOOK_B,2025-10-01
TXN0008265763,APP001,2025-03-07,reversed,6066.18,GBP,LATAM,CP0058,BOND,TDR0193,BOOK_A,2025-01-05
TXN0001602682,APP004,2026-01-08,active,447031.33,CHF,EMEA,CP0211,BOND,TDR0170,BOOK_A,2025-12-31
TXN0000964943,APP006,2026-02-16,pending,946219.52,JPY,AMER,CP0212,BOND,TDR0068,BOOK_D,2026-04-02
TXN0003776031,APP002,2025-01-12,active,935577.71,AUD,LATAM,CP0341,FUTURE,TDR0068,BOOK_B,2025-07-02
TXN0004913206,APP018,2025-04-06,active,361153.69,GBP,APAC,CP0230,BOND,TDR0116,BOOK_A,2026-03-17
TXN0006828381,APP003,2025-06-30,reversed,413456.28,AUD,LATAM,CP0309,FX,TDR0121,BOOK_B,2025-08-22
TXN0002697924,APP012,2025-04-01,active,345395.88,JPY,LATAM,CP0039,BOND,TDR0013,BOOK_D,2025-01-10
TXN0001672620,APP012,2025-07-26,reversed,442680.94,JPY,LATAM,CP0251,FUTURE,TDR0200,BOOK_D,2025-08-15
TXN0003532727,APP007,2025-10-08,pending,956178.8,CHF,EMEA,CP0166,FX,TDR0008,BOOK_A,2026-03-20
TXN0007610473,APP017,2026-04-10,reversed,325130.42,CHF,APAC,CP0260,OPTION,TDR0169,BOOK_C,2025-09-18
TXN0006118072,APP008,2025-06-26,reversed,24965.22,AUD,LATAM,CP0145,EQUITY,TDR0008,BOOK_A,2025-07-28
TXN0001824843,APP012,2025-02-20,failed,33602.0,JPY,APAC,CP0350,BOND,TDR0031,BOOK_C,2025-09-30
TXN0000730622,APP001,2025-04-30,failed,397095.95,USD,EMEA,CP0149,FUTURE,TDR0134,BOOK_A,2025-03-09
TXN0001874161,APP005,2025-05-31,pending,821197.81,USD,EMEA,CP0009,SWAP,TDR0138,BOOK_A,2025-10-03
TXN0006137638,APP012,2025-11-03,settled,219800.95,CHF,APAC,CP0250,OPTION,TDR0151,BOOK_D,2025-11-20
TXN0009042358,APP011,2026-01-13,pending,612770.6,EUR,APAC,CP0135,EQUITY,TDR0148,BOOK_B,2025-11-05
TXN0001549376,APP011,2025-07-06,active,64145.06,CHF,AMER,CP0092,OPTION,TDR0196,BOOK_D,2025-01-25
TXN0009493575,APP004,2025-01-03,pending,714461.54,EUR,AMER,CP0243,SWAP,TDR0025,BOOK_D,2025-08-08
TXN0003012808,APP010,2025-05-26,pending,58988.03,USD,APAC,CP0365,BOND,TDR0117,BOOK_D,2025-06-14
TXN0005577084,APP002,2025-08-22,active,884145.87,AUD,AMER,CP0037,FUTURE,TDR0121,BOOK_B,2026-04-08
TXN0008315098,APP001,2025-06-04,pending,510279.77,EUR,LATAM,CP0437,OPTION,TDR0008,BOOK_A,2025-06-25
TXN0000642804,APP015,2025-04-08,active,565916.36,USD,EMEA,CP0183,BOND,TDR0044,BOOK_B,2025-09-02
TXN0003587468,APP013,2025-06-22,reversed,493562.4,GBP,APAC,CP0191,FUTURE,TDR0013,BOOK_B,2025-09-05
TXN0002662889,APP011,2025-05-07,settled,745961.14,GBP,APAC,CP0219,BOND,TDR0096,BOOK_B,2025-06-08
TXN0006098742,APP014,2026-01-08,failed,436007.79,AUD,LATAM,CP0077,FX,TDR0162,BOOK_A,2026-01-31
TXN0000278477,APP017,2025-07-10,active,533426.77,JPY,APAC,CP0189,EQUITY,TDR0010,BOOK_B,2025-01-19
TXN0009302923,APP012,2025-05-15,failed,788792.08,GBP,AMER,CP0414,FUTURE,TDR0030,BOOK_A,2025-05-28
TXN0008354347,APP013,2025-10-08,settled,741841.74,AUD,LATAM,CP0007,SWAP,TDR0038,BOOK_B,2025-02-09
TXN0005171501,APP011,2026-02-15,pending,832639.45,CHF,AMER,CP0489,SWAP,TDR0053,BOOK_C,2026-03-07
TXN0007894464,APP011,2025-09-06,settled,406559.24,JPY,AMER,CP0057,FX,TDR0032,BOOK_D,2025-07-07
TXN0002581713,APP006,2025-05-27,failed,745524.78,GBP,APAC,CP0108,FX,TDR0132,BOOK_A,2025-05-27
TXN0008224431,APP003,2026-02-20,settled,785625.2,AUD,LATAM,CP0251,SWAP,TDR0082,BOOK_A,2026-01-09
TXN0009114648,APP018,2026-04-13,active,276706.59,GBP,AMER,CP0252,EQUITY,TDR0158,BOOK_C,2026-04-13
TXN0008464376,APP001,2025-06-16,reversed,494939.79,GBP,APAC,CP0416,SWAP,TDR0137,BOOK_B,2026-01-31
TXN0004784485,APP003,2025-02-23,failed,717552.69,USD,APAC,CP0328,FX,TDR0080,BOOK_C,2025-01-15
TXN0008662565,APP001,2026-02-25,reversed,25016.6,GBP,AMER,CP0388,FUTURE,TDR0191,BOOK_D,2025-12-01
TXN0000877415,APP019,2025-06-17,reversed,68248.0,USD,LATAM,CP0006,EQUITY,TDR0136,BOOK_B,2025-11-30
TXN0006395692,APP012,2025-12-26,failed,828411.96,AUD,LATAM,CP0485,SWAP,TDR0067,BOOK_A,2025-09-02
TXN0004633900,APP020,2025-10-07,failed,836094.85,GBP,EMEA,CP0435,SWAP,TDR0132,BOOK_D,2025-05-11
TXN0007768393,APP017,2025-08-03,settled,57824.56,CHF,LATAM,CP0186,BOND,TDR0107,BOOK_B,2025-08-25
TXN0001677607,APP011,2025-10-10,pending,149486.76,GBP,EMEA,CP0454,FUTURE,TDR0144,BOOK_D,2026-01-30
TXN0008887536,APP013,2025-11-25,active,19464.69,AUD,EMEA,CP0285,FUTURE,TDR0118,BOOK_D,2025-07-20
TXN0009744610,APP006,2026-01-17,settled,538437.41,EUR,LATAM,CP0154,SWAP,TDR0079,BOOK_C,2025-10-26
TXN0004433843,APP005,2025-12-10,failed,202642.19,EUR,APAC,CP0488,FX,TDR0190,BOOK_B,2025-09-19
TXN0005112858,APP002,2026-01-09,settled,754443.19,AUD,EMEA,CP0272,SWAP,TDR0197,BOOK_B,2025-08-10
TXN0007354826,APP017,2026-02-06,pending,99621.52,AUD,EMEA,CP0077,EQUITY,TDR0141,BOOK_A,2026-04-07
TXN0007900364,APP011,2025-11-16,active,128637.14,USD,AMER,CP0438,BOND,TDR0040,BOOK_D,2025-08-15
TXN0001614420,APP003,2025-11-15,failed,817477.58,CHF,AMER,CP0269,EQUITY,TDR0161,BOOK_C,2026-04-08
TXN0009715437,APP011,2026-03-13,active,963368.52,GBP,EMEA,CP0231,FUTURE,TDR0178,BOOK_A,2025-08-26
TXN0002436739,APP013,2025-09-13,settled,370835.46,USD,AMER,CP0131,BOND,TDR0199,BOOK_B,2026-03-24
TXN0001343358,APP001,2025-02-23,pending,642817.47,EUR,EMEA,CP0020,OPTION,TDR0181,BOOK_D,2026-03-10
TXN0001475576,APP013,2025-04-26,pending,2030.51,JPY,AMER,CP0246,FX,TDR0098,BOOK_C,2025-04-19
TXN0003928016,APP004,2025-08-19,active,884930.72,GBP,EMEA,CP0391,EQUITY,TDR0002,BOOK_C,2025-11-06
TXN0002674676,APP012,2025-11-02,failed,7634.8,GBP,EMEA,CP0061,SWAP,TDR0003,BOOK_D,2025-11-26
TXN0003140402,APP003,2025-11-30,active,974001.89,AUD,EMEA,CP0461,BOND,TDR0125,BOOK_C,2025-06-20
TXN0006993323,APP007,2026-04-14,failed,213510.33,EUR,AMER,CP0447,EQUITY,TDR0043,BOOK_A,2025-01-24
TXN0005551115,APP011,2025-04-19,reversed,39549.31,GBP,EMEA,CP0048,SWAP,TDR0117,BOOK_A,2025-09-28
TXN0008976211,APP013,2025-09-05,failed,462097.38,CHF,AMER,CP0224,BOND,TDR0198,BOOK_C,2025-11-16
TXN0004470883,APP007,2025-04-21,settled,413220.44,CHF,EMEA,CP0478,SWAP,TDR0180,BOOK_C,2025-09-03
TXN0006713659,APP008,2025-07-14,settled,237542.61,USD,EMEA,CP0099,SWAP,TDR0074,BOOK_C,2026-01-10
TXN0003080279,APP010,2025-05-07,active,708313.37,USD,LATAM,CP0231,OPTION,TDR0173,BOOK_A,2026-03-28
TXN0003724331,APP017,2025-08-18,failed,185938.97,CHF,AMER,CP0451,FX,TDR0109,BOOK_C,2025-05-21
TXN0008690258,APP011,2025-06-25,active,264168.25,CHF,EMEA,CP0193,BOND,TDR0155,BOOK_B,2026-02-09
TXN0005864321,APP014,2025-02-03,settled,732768.95,USD,EMEA,CP0418,FUTURE,TDR0135,BOOK_D,2025-06-13
TXN0006254636,APP019,2026-02-20,failed,307250.36,JPY,EMEA,CP0177,EQUITY,TDR0165,BOOK_B,2025-02-19
TXN0007978533,APP006,2025-01-06,active,544570.77,USD,EMEA,CP0492,FX,TDR0112,BOOK_C,2026-02-26
TXN0006614605,APP001,2026-01-26,pending,279144.6,JPY,APAC,CP0213,EQUITY,TDR0067,BOOK_C,2025-12-11
TXN0007671059,APP003,2025-06-04,failed,580208.12,GBP,APAC,CP0196,SWAP,TDR0183,BOOK_A,2026-01-05
TXN0005768588,APP017,2026-01-30,failed,781896.17,CHF,LATAM,CP0350,FUTURE,TDR0044,BOOK_C,2025-05-25
TXN0007375817,APP001,2025-09-26,reversed,100415.66,CHF,AMER,CP0362,FX,TDR0068,BOOK_C,2026-03-09
TXN0008500348,APP013,2025-02-26,active,956880.64,AUD,APAC,CP0447,FUTURE,TDR0175,BOOK_B,2025-05-31
TXN0002323956,APP020,2025-04-10,reversed,781013.96,CHF,LATAM,CP0365,FUTURE,TDR0009,BOOK_A,2025-03-27
TXN0006534964,APP014,2026-02-18,failed,188020.61,EUR,AMER,CP0162,OPTION,TDR0018,BOOK_A,2025-10-08
TXN0001697202,APP001,2025-01-23,settled,444629.63,CHF,LATAM,CP0381,FX,TDR0041,BOOK_B,2026-01-24
TXN0006800248,APP008,2025-07-22,pending,829226.25,EUR,LATAM,CP0105,FUTURE,TDR0106,BOOK_C,2025-06-01
TXN0007736413,APP013,2026-01-12,failed,942942.78,USD,APAC,CP0050,SWAP,TDR0171,BOOK_D,2026-03-22
TXN0004430503,APP009,2025-04-04,active,659303.13,GBP,LATAM,CP0253,SWAP,TDR0050,BOOK_A,2025-04-01
TXN0008836951,APP005,2025-04-25,failed,898850.33,AUD,LATAM,CP0112,SWAP,TDR0019,BOOK_B,2025-08-27
TXN0005170113,APP014,2025-09-01,failed,809372.15,USD,AMER,CP0246,EQUITY,TDR0111,BOOK_A,2026-02-25
TXN0003720901,APP009,2026-01-03,failed,314525.36,CHF,AMER,CP0238,SWAP,TDR0023,BOOK_A,2025-01-05
TXN0001990592,APP020,2025-04-20,failed,621088.35,GBP,EMEA,CP0144,OPTION,TDR0166,BOOK_A,2025-07-17
TXN0001295175,APP017,2025-10-18,active,899657.4,AUD,EMEA,CP0363,FUTURE,TDR0036,BOOK_D,2025-08-30
TXN0003256719,APP019,2025-06-06,reversed,130609.5,CHF,APAC,CP0425,SWAP,TDR0002,BOOK_C,2025-07-14
TXN0002439796,APP006,2025-03-11,pending,566149.16,CHF,APAC,CP0450,SWAP,TDR0193,BOOK_A,2025-11-07
TXN0006320188,APP009,2025-05-12,active,144544.76,EUR,APAC,CP0287,SWAP,TDR0110,BOOK_B,2025-04-09
TXN0005697017,APP003,2025-01-20,active,401803.89,GBP,EMEA,CP0154,OPTION,TDR0181,BOOK_B,2025-05-27
TXN0001978819,APP020,2025-05-07,failed,77128.4,CHF,LATAM,CP0431,BOND,TDR0071,BOOK_B,2025-11-22
TXN0002148870,APP010,2025-04-08,pending,401654.08,EUR,AMER,CP0176,FX,TDR0155,BOOK_B,2025-10-06
TXN0007012718,APP006,2025-11-26,pending,413964.33,AUD,APAC,CP0423,EQUITY,TDR0034,BOOK_A,2026-02-16
TXN0009804855,APP018,2026-01-10,failed,122243.16,USD,AMER,CP0195,SWAP,TDR0079,BOOK_A,2026-01-02
TXN0002309639,APP010,2025-07-31,settled,597546.09,GBP,EMEA,CP0480,SWAP,TDR0019,BOOK_D,2025-01-30
TXN0003544600,APP004,2026-03-15,failed,105256.33,EUR,APAC,CP0311,BOND,TDR0035,BOOK_B,2025-04-07
TXN0007756493,APP017,2025-01-06,active,568694.85,CHF,LATAM,CP0346,SWAP,TDR0176,BOOK_D,2025-11-12
TXN0001922390,APP007,2025-03-15,reversed,141412.54,CHF,LATAM,CP0181,FX,TDR0027,BOOK_C,2025-07-23
TXN0000112577,APP013,2025-09-12,reversed,692287.14,AUD,EMEA,CP0429,FUTURE,TDR0022,BOOK_D,2025-08-26
TXN0001592189,APP005,2025-05-21,failed,825053.03,EUR,AMER,CP0291,FX,TDR0182,BOOK_A,2025-09-06
TXN0000940065,APP017,2026-01-16,settled,518751.84,CHF,EMEA,CP0216,BOND,TDR0108,BOOK_B,2025-02-25
TXN0001807759,APP013,2025-10-21,reversed,39787.15,AUD,LATAM,CP0090,BOND,TDR0082,BOOK_A,2025-08-01
TXN0009631033,APP018,2026-01-29,failed,599983.69,JPY,AMER,CP0352,FUTURE,TDR0001,BOOK_C,2025-07-20
TXN0004242594,APP020,2025-01-22,active,173278.47,CHF,APAC,CP0331,SWAP,TDR0168,BOOK_D,2025-11-14
TXN0005084534,APP007,2026-04-02,settled,761353.58,GBP,EMEA,CP0380,SWAP,TDR0092,BOOK_D,2025-12-29
TXN0001325761,APP017,2025-03-01,failed,349573.39,JPY,LATAM,CP0332,BOND,TDR0005,BOOK_B,2025-06-08
TXN0008037890,APP019,2025-01-25,failed,688727.95,CHF,LATAM,CP0249,OPTION,TDR0094,BOOK_C,2025-05-21
TXN0006335608,APP004,2025-12-24,pending,942585.68,CHF,EMEA,CP0429,FX,TDR0148,BOOK_B,2025-11-24
TXN0001402474,APP001,2025-01-22,settled,97193.68,AUD,AMER,CP0044,FUTURE,TDR0046,BOOK_A,2025-04-25
TXN0009001060,APP014,2025-08-17,pending,100641.22,USD,APAC,CP0178,EQUITY,TDR0016,BOOK_C,2026-02-21
TXN0003084482,APP003,2026-02-06,settled,509930.08,GBP,AMER,CP0182,EQUITY,TDR0165,BOOK_D,2026-01-14
TXN0005757213,APP005,2025-02-19,settled,342747.39,GBP,EMEA,CP0308,FUTURE,TDR0066,BOOK_B,2025-02-22
TXN0003564855,APP010,2025-03-16,settled,353504.39,EUR,AMER,CP0242,FX,TDR0107,BOOK_D,2026-02-21
TXN0008796697,APP002,2025-04-06,reversed,101631.36,USD,EMEA,CP0132,FUTURE,TDR0190,BOOK_C,2026-01-31
TXN0002763725,APP014,2025-03-05,pending,150386.14,CHF,AMER,CP0049,EQUITY,TDR0079,BOOK_B,2025-06-18
TXN0009150295,APP009,2026-03-12,failed,721622.34,AUD,EMEA,CP0025,EQUITY,TDR0168,BOOK_A,2025-12-15
TXN0007665398,APP004,2025-07-15,pending,437964.49,JPY,APAC,CP0014,FX,TDR0114,BOOK_B,2025-09-08
TXN0002079890,APP015,2025-10-25,settled,123484.4,USD,APAC,CP0480,OPTION,TDR0058,BOOK_A,2025-12-17
TXN0002407487,APP002,2025-04-08,pending,42112.57,JPY,LATAM,CP0211,FUTURE,TDR0030,BOOK_D,2025-12-30
TXN0005250026,APP015,2025-07-01,failed,991545.31,USD,EMEA,CP0103,BOND,TDR0091,BOOK_A,2025-09-21
TXN0008258609,APP018,2026-01-27,reversed,282012.74,CHF,AMER,CP0181,SWAP,TDR0057,BOOK_A,2025-08-03
TXN0005347466,APP011,2025-03-28,active,152262.82,EUR,APAC,CP0425,BOND,TDR0073,BOOK_B,2025-09-06
TXN0007172979,APP005,2025-02-03,reversed,498308.37,EUR,APAC,CP0488,EQUITY,TDR0176,BOOK_D,2025-07-15
TXN0008776655,APP011,2025-09-30,pending,605028.87,EUR,AMER,CP0004,OPTION,TDR0177,BOOK_B,2025-10-27
TXN0007215000,APP015,2025-07-25,pending,470992.51,USD,APAC,CP0081,FX,TDR0027,BOOK_B,2025-11-24
TXN0008389440,APP016,2025-08-11,pending,542515.72,JPY,LATAM,CP0483,BOND,TDR0181,BOOK_A,2025-11-21
TXN0009958544,APP001,2025-03-16,active,676333.2,JPY,LATAM,CP0362,SWAP,TDR0028,BOOK_D,2025-01-04
TXN0001411471,APP005,2025-09-25,settled,893792.42,GBP,LATAM,CP0340,BOND,TDR0095,BOOK_B,2025-03-31
TXN0003031498,APP014,2025-07-31,failed,508554.61,AUD,AMER,CP0376,EQUITY,TDR0050,BOOK_A,2025-08-15
TXN0009058307,APP015,2025-07-16,active,144541.76,USD,APAC,CP0419,SWAP,TDR0180,BOOK_D,2025-12-18
TXN0009964165,APP007,2026-03-03,failed,250088.82,GBP,APAC,CP0060,OPTION,TDR0083,BOOK_A,2025-02-23
TXN0004362970,APP001,2025-11-19,settled,700892.58,JPY,AMER,CP0409,FX,TDR0025,BOOK_D,2025-02-19
TXN0000443637,APP014,2025-12-23,settled,101567.87,GBP,APAC,CP0354,EQUITY,TDR0083,BOOK_A,2025-08-19
TXN0009182560,APP005,2026-01-15,failed,60816.3,AUD,AMER,CP0311,OPTION,TDR0012,BOOK_C,2026-01-29
TXN0003759493,APP009,2025-01-05,failed,308719.74,CHF,EMEA,CP0051,EQUITY,TDR0089,BOOK_A,2025-03-26
TXN0009929468,APP015,2026-03-11,pending,411384.88,GBP,LATAM,CP0339,FUTURE,TDR0048,BOOK_B,2025-06-10
TXN0000223065,APP010,2026-01-17,pending,831629.03,JPY,AMER,CP0109,SWAP,TDR0146,BOOK_C,2026-03-03
TXN0003129837,APP004,2025-05-01,pending,693466.73,CHF,LATAM,CP0416,FUTURE,TDR0180,BOOK_A,2025-02-12
TXN0001038031,APP018,2025-06-01,settled,818361.34,GBP,LATAM,CP0162,SWAP,TDR0117,BOOK_C,2025-09-23
TXN0004047608,APP013,2025-08-31,reversed,737188.95,GBP,AMER,CP0122,OPTION,TDR0193,BOOK_C,2026-03-06
TXN0007648893,APP020,2025-04-16,settled,141794.58,CHF,LATAM,CP0427,BOND,TDR0151,BOOK_C,2025-03-12
TXN0003323456,APP001,2026-01-23,pending,730132.73,AUD,APAC,CP0310,FX,TDR0016,BOOK_A,2025-01-04
TXN0003987848,APP020,2025-11-19,settled,915923.96,GBP,EMEA,CP0035,SWAP,TDR0046,BOOK_D,2026-01-04
TXN0008242905,APP010,2025-07-23,reversed,759894.7,JPY,EMEA,CP0389,BOND,TDR0156,BOOK_B,2025-11-09
TXN0007938569,APP012,2025-09-28,settled,912258.14,AUD,EMEA,CP0097,FX,TDR0088,BOOK_B,2025-04-03
TXN0008100863,APP008,2025-01-29,active,386374.59,USD,LATAM,CP0344,OPTION,TDR0072,BOOK_B,2025-06-27
TXN0002655623,APP012,2026-04-05,reversed,33260.75,EUR,APAC,CP0266,EQUITY,TDR0080,BOOK_C,2025-11-23
TXN0001193313,APP007,2025-06-03,settled,990817.15,AUD,EMEA,CP0313,FUTURE,TDR0106,BOOK_A,2025-12-16
TXN0009076260,APP019,2025-09-06,active,801066.95,CHF,APAC,CP0071,FX,TDR0197,BOOK_C,2025-04-11
TXN0008512328,APP009,2026-03-16,failed,731075.99,GBP,APAC,CP0472,FUTURE,TDR0135,BOOK_B,2025-08-20
TXN0003538796,APP018,2025-08-04,settled,903807.42,AUD,EMEA,CP0365,EQUITY,TDR0169,BOOK_B,2025-07-15
TXN0007607911,APP004,2025-08-15,failed,799233.92,GBP,APAC,CP0494,BOND,TDR0117,BOOK_C,2025-06-21
TXN0002772376,APP018,2025-07-26,settled,439836.1,GBP,APAC,CP0181,FX,TDR0104,BOOK_C,2026-03-07
TXN0001642326,APP012,2026-03-28,failed,789866.97,EUR,EMEA,CP0199,BOND,TDR0005,BOOK_C,2025-07-26
TXN0007107346,APP020,2025-05-24,failed,376680.65,CHF,AMER,CP0212,OPTION,TDR0014,BOOK_C,2025-08-07
TXN0003977569,APP002,2025-11-09,active,83334.31,GBP,LATAM,CP0482,OPTION,TDR0063,BOOK_B,2025-12-03
TXN0006472981,APP003,2025-05-05,pending,558456.36,CHF,EMEA,CP0224,OPTION,TDR0038,BOOK_A,2025-05-09
TXN0000010480,APP009,2026-03-30,pending,493294.12,JPY,AMER,CP0467,SWAP,TDR0044,BOOK_B,2025-06-28
TXN0000057205,APP002,2025-09-29,settled,494146.8,EUR,APAC,CP0084,FX,TDR0083,BOOK_A,2025-10-05
TXN0002580036,APP019,2026-02-17,active,919468.23,JPY,LATAM,CP0182,BOND,TDR0017,BOOK_B,2025-02-15
TXN0002565234,APP015,2025-03-14,settled,700457.23,CHF,EMEA,CP0076,BOND,TDR0177,BOOK_A,2025-03-27
TXN0004483170,APP006,2025-05-02,failed,557339.09,GBP,EMEA,CP0090,OPTION,TDR0145,BOOK_B,2025-11-01
TXN0008582680,APP009,2025-05-31,settled,743375.31,JPY,LATAM,CP0287,BOND,TDR0085,BOOK_D,2025-01-16
TXN0006633609,APP001,2025-09-09,settled,173470.38,JPY,EMEA,CP0390,OPTION,TDR0164,BOOK_A,2025-02-11
TXN0001282657,APP015,2025-04-26,failed,561650.26,JPY,LATAM,CP0322,OPTION,TDR0015,BOOK_B,2025-02-10
TXN0001777487,APP019,2025-02-11,active,740684.15,CHF,LATAM,CP0162,BOND,TDR0184,BOOK_C,2025-08-31
TXN0003455543,APP019,2025-01-10,pending,533695.63,USD,EMEA,CP0136,FX,TDR0078,BOOK_C,2025-01-11
TXN0001302848,APP018,2025-11-28,reversed,855973.76,JPY,APAC,CP0464,OPTION,TDR0094,BOOK_C,2025-03-15
TXN0001800641,APP007,2025-06-14,pending,665634.8,EUR,AMER,CP0329,FUTURE,TDR0128,BOOK_D,2025-12-10
TXN0007230994,APP010,2025-01-05,settled,124297.61,GBP,AMER,CP0119,FX,TDR0041,BOOK_C,2025-07-12
TXN0009573916,APP019,2026-02-22,reversed,64073.59,AUD,APAC,CP0373,BOND,TDR0083,BOOK_C,2025-08-24
TXN0001471148,APP019,2026-02-12,active,997332.52,EUR,EMEA,CP0339,BOND,TDR0027,BOOK_D,2025-07-14
TXN0009253103,APP016,2025-09-07,settled,851051.7,CHF,AMER,CP0249,OPTION,TDR0197,BOOK_A,2025-06-08
TXN0009267561,APP014,2025-10-12,pending,857127.37,GBP,APAC,CP0117,SWAP,TDR0109,BOOK_A,2025-02-06
TXN0006117817,APP018,2025-11-18,failed,673297.43,USD,APAC,CP0329,FX,TDR0125,BOOK_D,2025-10-05
TXN0007124285,APP016,2025-05-25,settled,202936.38,JPY,AMER,CP0347,FX,TDR0096,BOOK_A,2025-09-30
TXN0001043902,APP006,2025-11-15,pending,758743.79,EUR,AMER,CP0081,BOND,TDR0191,BOOK_A,2026-01-27
TXN0001930858,APP004,2025-05-02,settled,173514.81,GBP,AMER,CP0251,BOND,TDR0071,BOOK_B,2025-04-14
TXN0007314627,APP010,2025-05-16,failed,734923.83,GBP,LATAM,CP0086,EQUITY,TDR0032,BOOK_C,2026-03-10
TXN0008579746,APP001,2025-04-06,active,727846.5,EUR,EMEA,CP0463,BOND,TDR0065,BOOK_C,2026-04-04
TXN0009345391,APP015,2025-05-01,pending,297330.52,USD,EMEA,CP0224,FUTURE,TDR0081,BOOK_C,2025-08-13
TXN0009746530,APP015,2025-04-24,settled,10251.66,GBP,APAC,CP0086,OPTION,TDR0011,BOOK_A,2026-01-04
TXN0006469921,APP008,2025-05-09,active,747106.87,AUD,EMEA,CP0311,SWAP,TDR0010,BOOK_B,2025-11-04
TXN0002489308,APP017,2025-06-14,reversed,727874.36,USD,AMER,CP0396,FX,TDR0051,BOOK_D,2025-07-15
TXN0007310283,APP009,2026-02-03,active,28696.02,CHF,APAC,CP0405,BOND,TDR0004,BOOK_D,2025-08-31
TXN0000292161,APP012,2025-12-25,pending,8732.74,JPY,AMER,CP0136,OPTION,TDR0135,BOOK_B,2025-07-29
TXN0005002928,APP017,2025-01-22,pending,224475.98,EUR,APAC,CP0244,BOND,TDR0101,BOOK_C,2025-01-18
TXN0004909804,APP008,2026-01-09,settled,848581.18,USD,EMEA,CP0031,BOND,TDR0032,BOOK_D,2025-01-21
TXN0004011379,APP010,2025-06-08,pending,187013.95,AUD,EMEA,CP0212,FX,TDR0071,BOOK_A,2025-11-14
TXN0001027512,APP014,2025-10-18,settled,296715.11,GBP,AMER,CP0306,BOND,TDR0200,BOOK_D,2025-08-08
TXN0009511310,APP015,2025-10-01,failed,594103.37,CHF,EMEA,CP0076,FX,TDR0009,BOOK_B,2025-01-31
TXN0009093123,APP012,2025-05-17,active,347228.55,AUD,APAC,CP0457,FUTURE,TDR0172,BOOK_B,2026-04-09
TXN0009303021,APP020,2025-06-19,reversed,971127.37,GBP,APAC,CP0415,FUTURE,TDR0176,BOOK_B,2025-10-12
TXN0004270536,APP012,2026-03-31,reversed,710166.63,GBP,EMEA,CP0222,OPTION,TDR0019,BOOK_B,2025-03-08
TXN0001668786,APP020,2025-04-10,active,700201.35,JPY,LATAM,CP0101,OPTION,TDR0045,BOOK_D,2025-03-03
TXN0002332382,APP010,2025-06-30,settled,549041.45,GBP,EMEA,CP0232,FX,TDR0052,BOOK_A,2025-04-22
TXN0007517813,APP020,2025-06-10,failed,368082.6,EUR,LATAM,CP0363,FUTURE,TDR0178,BOOK_A,2025-09-22
TXN0008950539,APP006,2025-09-25,pending,495775.05,CHF,EMEA,CP0278,BOND,TDR0046,BOOK_C,2025-09-28
TXN0005697772,APP006,2026-02-07,reversed,305898.53,EUR,LATAM,CP0282,BOND,TDR0094,BOOK_D,2026-03-05
TXN0004246603,APP008,2025-07-01,active,931334.51,AUD,EMEA,CP0273,SWAP,TDR0029,BOOK_B,2025-11-21
TXN0007629871,APP020,2025-10-28,pending,407182.36,AUD,APAC,CP0200,FUTURE,TDR0190,BOOK_C,2025-10-07
TXN0005255907,APP006,2025-12-22,reversed,990351.62,GBP,EMEA,CP0358,FX,TDR0002,BOOK_C,2025-05-05
TXN0009182455,APP014,2025-02-01,reversed,209044.57,EUR,EMEA,CP0182,OPTION,TDR0059,BOOK_C,2025-06-28
TXN0005806055,APP015,2025-05-23,pending,6478.58,CHF,LATAM,CP0491,EQUITY,TDR0069,BOOK_B,2025-08-25
TXN0000725852,APP009,2025-09-13,active,836521.91,CHF,EMEA,CP0500,EQUITY,TDR0126,BOOK_D,2025-08-27
TXN0002308036,APP015,2025-03-08,active,390408.59,CHF,EMEA,CP0470,OPTION,TDR0092,BOOK_A,2026-02-07
TXN0007947863,APP013,2025-06-07,reversed,948670.79,JPY,LATAM,CP0047,FUTURE,TDR0005,BOOK_C,2025-01-31
TXN0006340797,APP019,2025-07-24,reversed,815076.19,JPY,LATAM,CP0067,FUTURE,TDR0098,BOOK_D,2025-06-11
TXN0001102572,APP001,2025-12-29,failed,746764.72,AUD,APAC,CP0252,FUTURE,TDR0116,BOOK_B,2025-02-06
TXN0008545251,APP010,2026-03-29,settled,530881.15,USD,APAC,CP0311,FUTURE,TDR0006,BOOK_D,2025-10-06
TXN0002055524,APP004,2025-03-28,active,547398.67,CHF,LATAM,CP0360,SWAP,TDR0138,BOOK_C,2025-04-08
TXN0000364999,APP013,2025-07-29,settled,490675.02,EUR,LATAM,CP0355,OPTION,TDR0163,BOOK_A,2025-08-28
TXN0004804846,APP007,2025-12-02,pending,918713.05,GBP,EMEA,CP0069,EQUITY,TDR0181,BOOK_C,2026-02-20
TXN0006596622,APP003,2026-03-08,pending,428801.0,AUD,APAC,CP0055,FX,TDR0012,BOOK_A,2025-07-28
TXN0000342324,APP003,2025-04-04,pending,287906.17,USD,AMER,CP0075,SWAP,TDR0147,BOOK_A,2025-11-07
TXN0008098656,APP013,2025-02-13,active,295669.98,GBP,LATAM,CP0080,FUTURE,TDR0067,BOOK_A,2025-08-25
TXN0008401324,APP019,2026-01-06,active,739957.54,JPY,APAC,CP0360,EQUITY,TDR0128,BOOK_D,2025-04-09
TXN0009761573,APP004,2025-01-21,pending,680222.18,GBP,APAC,CP0408,EQUITY,TDR0040,BOOK_C,2025-01-30
TXN0000910371,APP011,2025-02-20,failed,302289.57,CHF,APAC,CP0056,FX,TDR0006,BOOK_B,2026-01-29
TXN0000936882,APP016,2025-03-16,pending,6916.55,AUD,LATAM,CP0018,BOND,TDR0013,BOOK_A,2025-09-16
TXN0008486808,APP014,2025-03-29,pending,61620.59,USD,EMEA,CP0177,FUTURE,TDR0173,BOOK_D,2025-12-12
TXN0000975671,APP015,2025-03-26,reversed,318440.64,EUR,LATAM,CP0303,FUTURE,TDR0161,BOOK_D,2025-02-06
TXN0005047966,APP010,2025-03-05,settled,85442.32,AUD,LATAM,CP0417,FUTURE,TDR0181,BOOK_D,2025-08-14
TXN0009017372,APP006,2025-06-02,failed,108293.06,CHF,APAC,CP0167,EQUITY,TDR0040,BOOK_A,2025-03-17
TXN0001499561,APP014,2025-05-10,pending,471028.31,JPY,AMER,CP0198,FX,TDR0105,BOOK_C,2025-10-23
TXN0006549952,APP002,2025-12-19,pending,501593.65,JPY,AMER,CP0029,FUTURE,TDR0139,BOOK_A,2025-09-03
TXN0007871385,APP008,2025-09-15,pending,874781.19,JPY,APAC,CP0333,EQUITY,TDR0124,BOOK_C,2025-10-02
TXN0009380339,APP010,2026-04-05,pending,996623.48,AUD,APAC,CP0418,FX,TDR0006,BOOK_B,2025-08-16
TXN0004720765,APP002,2026-03-28,failed,418184.73,JPY,APAC,CP0462,EQUITY,TDR0091,BOOK_C,2025-06-07
TXN0002522527,APP013,2025-12-19,active,808889.45,USD,EMEA,CP0048,OPTION,TDR0092,BOOK_A,2025-08-29
TXN0008405231,APP010,2025-04-02,pending,578323.9,GBP,LATAM,CP0397,FUTURE,TDR0059,BOOK_B,2025-10-07
TXN0002335894,APP008,2025-05-07,pending,194422.49,GBP,EMEA,CP0497,FX,TDR0069,BOOK_B,2025-07-08
TXN0007632181,APP019,2025-07-23,failed,617190.57,USD,AMER,CP0243,BOND,TDR0197,BOOK_D,2025-12-23
TXN0006534369,APP008,2025-07-28,settled,233749.06,AUD,LATAM,CP0159,OPTION,TDR0009,BOOK_C,2026-04-10
TXN0001770482,APP003,2026-03-06,failed,84574.82,AUD,AMER,CP0451,SWAP,TDR0181,BOOK_A,2025-10-03
TXN0007597267,APP001,2025-11-19,failed,898309.67,GBP,APAC,CP0347,SWAP,TDR0104,BOOK_D,2025-02-24
TXN0004751308,APP007,2026-02-22,pending,755077.47,USD,LATAM,CP0379,FUTURE,TDR0168,BOOK_B,2025-07-07
TXN0007155946,APP009,2025-08-26,active,132350.43,JPY,APAC,CP0305,SWAP,TDR0180,BOOK_C,2025-01-30
TXN0007335891,APP013,2025-10-04,reversed,165656.47,EUR,LATAM,CP0027,EQUITY,TDR0119,BOOK_D,2025-01-30
TXN0003521864,APP018,2025-03-24,pending,600771.82,GBP,AMER,CP0070,FUTURE,TDR0005,BOOK_D,2025-05-25
TXN0000753443,APP016,2025-11-11,pending,226127.39,GBP,APAC,CP0359,FUTURE,TDR0010,BOOK_A,2025-07-18
TXN0003813529,APP010,2025-08-07,pending,398296.86,AUD,APAC,CP0424,FX,TDR0173,BOOK_D,2026-02-18
TXN0008057042,APP014,2025-03-21,reversed,641925.38,CHF,EMEA,CP0451,BOND,TDR0125,BOOK_D,2025-02-08
TXN0003418551,APP004,2025-05-18,pending,583291.35,USD,LATAM,CP0186,SWAP,TDR0107,BOOK_B,2025-10-25
TXN0003678946,APP019,2025-04-23,pending,312082.5,CHF,EMEA,CP0481,EQUITY,TDR0108,BOOK_C,2025-10-01
TXN0007186975,APP008,2025-01-03,settled,96219.04,JPY,LATAM,CP0474,OPTION,TDR0064,BOOK_C,2025-01-21
TXN0003487039,APP005,2026-02-14,active,939010.49,CHF,EMEA,CP0094,EQUITY,TDR0066,BOOK_C,2025-11-24
TXN0002730908,APP016,2025-05-02,active,619132.5,CHF,APAC,CP0144,FX,TDR0065,BOOK_D,2025-09-01
TXN0006153463,APP011,2025-05-24,reversed,431607.2,CHF,EMEA,CP0042,FUTURE,TDR0154,BOOK_C,2025-12-31
TXN0007804886,APP002,2025-06-08,settled,272137.93,AUD,EMEA,CP0169,BOND,TDR0127,BOOK_A,2025-08-28
TXN0003116505,APP011,2025-05-26,settled,14723.7,EUR,APAC,CP0146,BOND,TDR0176,BOOK_D,2025-04-30
TXN0004563073,APP009,2025-04-03,reversed,428273.31,GBP,APAC,CP0473,BOND,TDR0021,BOOK_C,2025-05-13
TXN0005277742,APP011,2026-02-12,reversed,135709.32,EUR,EMEA,CP0410,EQUITY,TDR0189,BOOK_C,2025-06-17
TXN0000059223,APP020,2025-03-15,failed,661960.78,GBP,APAC,CP0125,FX,TDR0068,BOOK_D,2025-02-25
TXN0001635762,APP009,2025-11-30,settled,811268.45,USD,AMER,CP0284,SWAP,TDR0199,BOOK_A,2025-02-08
TXN0001213409,APP013,2025-02-05,pending,387196.98,CHF,APAC,CP0026,BOND,TDR0063,BOOK_A,2025-08-14
TXN0008514775,APP017,2026-04-03,settled,732675.45,CHF,APAC,CP0022,FX,TDR0199,BOOK_B,2025-09-17
TXN0006406456,APP017,2026-03-26,pending,451755.62,AUD,LATAM,CP0367,FX,TDR0076,BOOK_A,2025-05-02
TXN0006626732,APP011,2026-03-26,settled,588357.75,USD,EMEA,CP0358,BOND,TDR0152,BOOK_A,2026-02-25
TXN0009849854,APP013,2026-04-10,active,128854.48,GBP,LATAM,CP0285,FUTURE,TDR0185,BOOK_B,2025-12-04
TXN0004513824,APP020,2025-06-03,settled,186532.74,CHF,LATAM,CP0116,OPTION,TDR0118,BOOK_D,2025-08-22
TXN0006757564,APP011,2025-03-20,reversed,577881.15,GBP,LATAM,CP0288,FX,TDR0087,BOOK_D,2025-12-21
TXN0006527948,APP001,2026-04-09,reversed,325603.33,CHF,AMER,CP0312,EQUITY,TDR0045,BOOK_B,2025-03-18
TXN0008884868,APP016,2025-03-06,active,649532.41,AUD,LATAM,CP0478,SWAP,TDR0146,BOOK_B,2025-11-16
TXN0002396360,APP014,2025-09-02,active,290113.02,GBP,LATAM,CP0198,EQUITY,TDR0178,BOOK_A,2025-06-18
TXN0000419008,APP007,2025-07-08,reversed,204040.31,AUD,EMEA,CP0189,OPTION,TDR0174,BOOK_D,2025-07-14
TXN0005719688,APP008,2025-09-09,pending,15128.06,JPY,LATAM,CP0036,SWAP,TDR0107,BOOK_D,2025-11-26
TXN0002623377,APP004,2026-04-05,reversed,344794.81,USD,APAC,CP0090,EQUITY,TDR0012,BOOK_C,2025-07-02
TXN0004176706,APP010,2025-09-12,pending,373685.55,EUR,AMER,CP0135,SWAP,TDR0044,BOOK_D,2025-08-28
TXN0001249066,APP004,2025-12-23,reversed,929222.82,JPY,APAC,CP0032,FUTURE,TDR0048,BOOK_D,2026-03-14
TXN0005734915,APP002,2025-12-23,settled,951858.48,AUD,EMEA,CP0402,FX,TDR0176,BOOK_A,2026-01-18
TXN0009200528,APP012,2025-09-04,failed,884579.73,USD,EMEA,CP0420,OPTION,TDR0129,BOOK_A,2026-03-05
TXN0008536069,APP003,2025-10-16,settled,546736.59,AUD,LATAM,CP0359,FUTURE,TDR0023,BOOK_D,2026-03-18
TXN0004234266,APP018,2026-03-07,settled,264775.99,USD,EMEA,CP0249,EQUITY,TDR0062,BOOK_D,2025-01-31
TXN0006953446,APP018,2025-04-12,reversed,334084.88,GBP,EMEA,CP0183,SWAP,TDR0036,BOOK_A,2025-10-14
TXN0009173540,APP005,2026-02-01,active,554616.39,GBP,AMER,CP0157,SWAP,TDR0138,BOOK_D,2025-09-26
TXN0002079652,APP001,2026-01-02,pending,145731.44,CHF,LATAM,CP0488,FX,TDR0129,BOOK_C,2025-12-07
TXN0007812158,APP016,2025-10-21,pending,712087.77,GBP,LATAM,CP0245,BOND,TDR0097,BOOK_C,2025-04-08
TXN0001871208,APP016,2025-03-05,active,725969.52,USD,LATAM,CP0237,FX,TDR0135,BOOK_B,2025-03-31
TXN0001421576,APP004,2025-07-01,active,91910.64,EUR,APAC,CP0327,OPTION,TDR0076,BOOK_B,2026-02-25
TXN0003338756,APP018,2025-11-04,settled,192660.47,EUR,EMEA,CP0073,BOND,TDR0123,BOOK_D,2025-06-30
TXN0008557478,APP005,2026-04-07,reversed,545892.65,JPY,LATAM,CP0008,SWAP,TDR0076,BOOK_B,2025-11-30
TXN0001097501,APP013,2025-03-08,settled,307760.51,JPY,EMEA,CP0233,FUTURE,TDR0098,BOOK_C,2025-11-11
TXN0002190531,APP015,2025-08-21,failed,502063.49,CHF,LATAM,CP0167,BOND,TDR0118,BOOK_B,2026-02-21
TXN0003127499,APP015,2025-04-06,reversed,796648.27,USD,EMEA,CP0480,OPTION,TDR0018,BOOK_B,2025-10-22
TXN0000724191,APP006,2025-08-01,active,588223.42,USD,EMEA,CP0310,SWAP,TDR0048,BOOK_C,2025-06-16
TXN0003461888,APP019,2025-12-31,active,589420.12,EUR,LATAM,CP0331,SWAP,TDR0173,BOOK_D,2026-03-18
TXN0001820376,APP006,2026-01-22,failed,479553.58,AUD,LATAM,CP0492,FUTURE,TDR0030,BOOK_D,2025-02-25
TXN0005238709,APP015,2025-02-12,active,215784.49,GBP,AMER,CP0477,FX,TDR0009,BOOK_B,2026-01-02
TXN0006780922,APP001,2025-03-04,reversed,155483.25,JPY,EMEA,CP0238,FX,TDR0196,BOOK_A,2025-08-03
TXN0005634126,APP010,2025-05-04,reversed,753591.93,EUR,LATAM,CP0125,FX,TDR0164,BOOK_D,2025-06-24
TXN0009241271,APP019,2025-06-29,reversed,303813.85,CHF,EMEA,CP0134,FX,TDR0053,BOOK_D,2025-08-16
TXN0001235723,APP008,2025-07-27,failed,234145.99,GBP,LATAM,CP0489,FX,TDR0130,BOOK_C,2026-01-01
TXN0002976049,APP017,2026-04-05,reversed,518193.82,EUR,LATAM,CP0122,EQUITY,TDR0014,BOOK_D,2025-11-19
TXN0004621561,APP014,2025-12-23,active,209752.69,USD,APAC,CP0122,FX,TDR0118,BOOK_D,2025-05-29
TXN0008914100,APP016,2026-03-27,active,851702.51,USD,LATAM,CP0154,OPTION,TDR0097,BOOK_C,2025-10-26
TXN0008107826,APP005,2025-04-03,pending,545750.37,EUR,LATAM,CP0413,FUTURE,TDR0197,BOOK_B,2025-07-09
TXN0008666217,APP008,2025-04-09,failed,593725.45,JPY,AMER,CP0463,EQUITY,TDR0076,BOOK_B,2025-04-09
TXN0008266793,APP018,2025-11-06,reversed,552317.79,AUD,APAC,CP0471,EQUITY,TDR0194,BOOK_C,2025-09-01
TXN0009292805,APP012,2026-01-27,settled,731049.93,CHF,AMER,CP0471,SWAP,TDR0189,BOOK_B,2025-08-15
TXN0009823816,APP016,2025-12-20,active,6320.69,USD,LATAM,CP0163,FUTURE,TDR0128,BOOK_D,2026-01-30
TXN0004329006,APP004,2025-03-04,reversed,274957.88,CHF,LATAM,CP0341,FX,TDR0153,BOOK_C,2025-08-16
TXN0000643724,APP010,2025-01-19,failed,793068.12,JPY,EMEA,CP0499,FUTURE,TDR0193,BOOK_D,2025-05-23
TXN0007906670,APP019,2025-07-14,settled,12112.94,JPY,EMEA,CP0371,OPTION,TDR0001,BOOK_D,2026-04-12
TXN0003555783,APP016,2026-04-08,pending,801565.9,GBP,EMEA,CP0194,SWAP,TDR0113,BOOK_D,2026-02-05
TXN0002594971,APP019,2025-02-24,failed,487750.28,USD,AMER,CP0128,EQUITY,TDR0120,BOOK_C,2026-03-03
TXN0006001641,APP002,2025-08-08,pending,586148.97,CHF,AMER,CP0423,SWAP,TDR0163,BOOK_C,2026-03-03
TXN0009126202,APP006,2025-04-15,settled,974870.77,JPY,APAC,CP0050,EQUITY,TDR0158,BOOK_B,2026-01-09
TXN0001517595,APP007,2025-01-24,failed,328270.17,AUD,EMEA,CP0118,SWAP,TDR0101,BOOK_D,2025-06-09
TXN0009307491,APP005,2025-08-29,failed,415423.83,JPY,LATAM,CP0183,BOND,TDR0126,BOOK_D,2025-01-20
TXN0000910014,APP017,2026-01-10,reversed,485822.81,USD,EMEA,CP0345,SWAP,TDR0117,BOOK_D,2025-11-18
TXN0007581812,APP009,2026-02-03,settled,879645.97,USD,LATAM,CP0217,SWAP,TDR0091,BOOK_B,2025-06-26
TXN0007652434,APP018,2025-08-17,active,775124.85,JPY,APAC,CP0288,EQUITY,TDR0029,BOOK_B,2025-02-06
TXN0002774033,APP007,2026-02-16,active,701567.16,USD,AMER,CP0418,FUTURE,TDR0049,BOOK_D,2025-06-12
TXN0006254504,APP006,2026-03-21,pending,579665.23,USD,EMEA,CP0486,BOND,TDR0004,BOOK_C,2025-12-29
TXN0002264483,APP012,2025-08-17,settled,993969.38,EUR,AMER,CP0143,FX,TDR0063,BOOK_D,2025-02-03
TXN0006598952,APP013,2025-06-12,active,403745.78,GBP,APAC,CP0266,SWAP,TDR0103,BOOK_C,2025-06-06
TXN0005175383,APP006,2025-07-12,failed,563043.44,AUD,EMEA,CP0416,SWAP,TDR0167,BOOK_C,2025-12-20
TXN0007475624,APP012,2025-06-12,settled,749179.39,AUD,LATAM,CP0189,SWAP,TDR0004,BOOK_A,2026-01-03
TXN0008903095,APP015,2025-11-30,reversed,325067.94,CHF,APAC,CP0199,EQUITY,TDR0163,BOOK_B,2025-12-21
TXN0005758766,APP002,2025-08-22,failed,241636.68,JPY,LATAM,CP0387,OPTION,TDR0028,BOOK_A,2025-10-18
TXN0001318838,APP005,2025-04-25,reversed,591932.24,CHF,LATAM,CP0479,SWAP,TDR0081,BOOK_C,2025-03-17
TXN0003785934,APP006,2025-12-22,active,834969.23,EUR,AMER,CP0376,FX,TDR0017,BOOK_D,2025-06-18
TXN0008568568,APP018,2025-03-30,reversed,583451.57,EUR,AMER,CP0243,EQUITY,TDR0110,BOOK_B,2026-02-18
TXN0003791343,APP015,2025-09-18,pending,498995.95,JPY,LATAM,CP0145,OPTION,TDR0057,BOOK_D,2026-01-13
TXN0002001940,APP016,2025-02-28,settled,414724.57,GBP,APAC,CP0322,BOND,TDR0120,BOOK_D,2025-06-22
TXN0006962951,APP012,2025-10-05,active,750446.28,USD,LATAM,CP0067,FX,TDR0042,BOOK_C,2025-08-09
TXN0009177140,APP010,2025-05-11,active,87672.91,JPY,AMER,CP0110,FUTURE,TDR0043,BOOK_B,2026-02-10
TXN0004203173,APP004,2025-10-14,failed,600304.24,EUR,APAC,CP0478,BOND,TDR0026,BOOK_B,2025-02-22
TXN0007686182,APP017,2025-05-19,active,658148.86,USD,EMEA,CP0011,EQUITY,TDR0100,BOOK_C,2025-09-19
TXN0001681767,APP005,2025-02-12,settled,872260.19,EUR,APAC,CP0131,SWAP,TDR0179,BOOK_C,2025-01-15
TXN0001237522,APP020,2025-07-26,active,386314.43,AUD,APAC,CP0403,EQUITY,TDR0149,BOOK_B,2025-01-29
TXN0007362225,APP010,2026-01-23,settled,466975.86,USD,EMEA,CP0044,SWAP,TDR0039,BOOK_B,2026-01-17
TXN0009210951,APP004,2026-03-07,pending,952382.63,USD,AMER,CP0118,OPTION,TDR0154,BOOK_C,2025-10-31
TXN0008264807,APP003,2025-11-01,pending,263297.7,USD,AMER,CP0017,EQUITY,TDR0131,BOOK_B,2025-11-09
TXN0004205719,APP006,2025-01-20,settled,542693.52,EUR,AMER,CP0451,OPTION,TDR0055,BOOK_B,2025-05-25
TXN0003144710,APP018,2025-06-05,settled,271913.34,GBP,AMER,CP0432,EQUITY,TDR0181,BOOK_C,2025-10-15
TXN0008576571,APP013,2025-09-04,pending,549497.27,GBP,EMEA,CP0052,OPTION,TDR0141,BOOK_D,2025-08-28
TXN0001971267,APP014,2025-03-22,active,753635.15,AUD,LATAM,CP0184,SWAP,TDR0183,BOOK_C,2025-04-23
TXN0004777620,APP004,2025-01-14,failed,953933.4,EUR,EMEA,CP0118,FUTURE,TDR0190,BOOK_D,2026-02-27
TXN0003946068,APP019,2026-03-14,pending,899111.45,USD,AMER,CP0090,SWAP,TDR0188,BOOK_B,2026-01-20
TXN0003596091,APP002,2025-06-03,reversed,919527.09,EUR,LATAM,CP0389,OPTION,TDR0044,BOOK_B,2025-07-04
TXN0006838725,APP009,2025-04-20,pending,569770.94,GBP,APAC,CP0288,FUTURE,TDR0014,BOOK_C,2026-03-07
TXN0002851943,APP008,2025-02-19,reversed,141785.07,EUR,AMER,CP0403,OPTION,TDR0037,BOOK_C,2025-05-04
TXN0006690188,APP007,2025-12-09,pending,25839.79,GBP,EMEA,CP0263,BOND,TDR0143,BOOK_B,2025-03-28
TXN0009586727,APP017,2025-01-17,active,239691.95,CHF,EMEA,CP0085,OPTION,TDR0092,BOOK_C,2026-01-25
TXN0004969148,APP014,2025-04-24,failed,966752.48,GBP,EMEA,CP0242,BOND,TDR0093,BOOK_A,2025-03-11
TXN0006947393,APP009,2025-12-27,active,668377.67,GBP,LATAM,CP0281,EQUITY,TDR0169,BOOK_A,2026-03-10
TXN0008540643,APP010,2025-12-05,pending,254448.69,EUR,AMER,CP0048,FUTURE,TDR0095,BOOK_B,2026-01-13
TXN0004941452,APP020,2025-01-26,reversed,683778.38,JPY,LATAM,CP0047,EQUITY,TDR0058,BOOK_B,2026-04-03
TXN0009265980,APP013,2025-12-05,pending,574146.42,AUD,APAC,CP0190,FUTURE,TDR0062,BOOK_B,2025-03-06
TXN0007746971,APP003,2025-01-19,settled,857049.26,GBP,APAC,CP0004,FX,TDR0105,BOOK_D,2025-08-11
TXN0003373764,APP009,2025-11-30,settled,28262.82,USD,APAC,CP0300,BOND,TDR0101,BOOK_A,2025-02-04
TXN0002747546,APP004,2026-02-11,active,708187.22,GBP,LATAM,CP0451,BOND,TDR0070,BOOK_B,2025-08-05
TXN0003866112,APP013,2025-01-19,reversed,290454.12,EUR,LATAM,CP0426,OPTION,TDR0154,BOOK_B,2025-06-27
TXN0000607271,APP020,2025-12-09,settled,971646.41,AUD,EMEA,CP0183,EQUITY,TDR0005,BOOK_A,2025-02-11
TXN0003674615,APP012,2025-08-01,reversed,379289.22,AUD,APAC,CP0191,EQUITY,TDR0076,BOOK_C,2026-01-18
TXN0005595435,APP011,2026-02-16,pending,172630.81,JPY,AMER,CP0294,FUTURE,TDR0102,BOOK_B,2025-04-20
TXN0000146506,APP011,2025-03-03,reversed,759141.38,AUD,AMER,CP0422,OPTION,TDR0157,BOOK_C,2025-10-10
TXN0003526228,APP009,2025-02-17,failed,527585.49,AUD,APAC,CP0415,FUTURE,TDR0067,BOOK_A,2025-07-16
TXN0005916461,APP004,2025-03-24,settled,142299.96,EUR,LATAM,CP0278,BOND,TDR0105,BOOK_A,2026-03-03
TXN0003174243,APP002,2025-03-09,active,271144.51,EUR,APAC,CP0268,EQUITY,TDR0049,BOOK_B,2026-03-13
TXN0003415148,APP011,2026-02-20,reversed,275991.67,JPY,APAC,CP0422,SWAP,TDR0009,BOOK_B,2025-11-02
TXN0004759565,APP008,2026-03-09,failed,420207.9,CHF,AMER,CP0233,BOND,TDR0095,BOOK_C,2026-01-11
TXN0009454677,APP011,2025-11-25,active,358014.74,USD,AMER,CP0028,FUTURE,TDR0171,BOOK_C,2025-03-08
TXN0007010957,APP010,2025-06-22,pending,235395.0,USD,EMEA,CP0456,OPTION,TDR0177,BOOK_D,2025-12-28
TXN0007794475,APP012,2025-01-31,settled,363846.95,USD,AMER,CP0452,OPTION,TDR0156,BOOK_A,2026-01-25
TXN0002115333,APP012,2025-10-08,active,901391.77,AUD,APAC,CP0336,EQUITY,TDR0127,BOOK_A,2025-01-24
TXN0009750063,APP002,2026-01-27,reversed,639981.26,JPY,LATAM,CP0464,OPTION,TDR0131,BOOK_C,2025-05-07
TXN0003127757,APP010,2025-06-04,settled,789429.34,CHF,APAC,CP0045,FUTURE,TDR0007,BOOK_D,2026-03-25
TXN0009621084,APP020,2025-01-25,active,724627.46,EUR,LATAM,CP0388,FUTURE,TDR0057,BOOK_B,2025-07-28
TXN0009654539,APP007,2026-03-28,settled,840738.38,CHF,AMER,CP0044,BOND,TDR0170,BOOK_A,2025-06-11
TXN0005602312,APP016,2025-11-08,pending,262620.21,JPY,EMEA,CP0440,BOND,TDR0064,BOOK_B,2025-09-21
TXN0007158495,APP015,2025-04-05,pending,775762.13,CHF,EMEA,CP0323,BOND,TDR0159,BOOK_A,2025-06-28
TXN0002165671,APP012,2025-04-30,active,876946.68,EUR,EMEA,CP0352,FX,TDR0123,BOOK_C,2026-01-12
TXN0006204612,APP019,2026-03-13,failed,875508.1,USD,LATAM,CP0387,FX,TDR0070,BOOK_A,2025-05-27
TXN0004307216,APP018,2025-11-24,pending,29696.96,AUD,AMER,CP0283,OPTION,TDR0094,BOOK_D,2025-02-13
TXN0000834537,APP012,2025-01-22,pending,264184.75,CHF,EMEA,CP0218,FX,TDR0039,BOOK_A,2026-02-19
TXN0006098524,APP005,2025-10-18,active,435964.98,JPY,EMEA,CP0153,EQUITY,TDR0165,BOOK_B,2026-03-21
TXN0002535742,APP016,2025-07-16,settled,846822.44,CHF,LATAM,CP0459,SWAP,TDR0025,BOOK_C,2025-04-16
TXN0002838915,APP016,2025-11-18,failed,902806.03,EUR,EMEA,CP0428,FX,TDR0081,BOOK_C,2026-01-13
TXN0006111958,APP010,2025-05-20,reversed,156955.01,CHF,AMER,CP0252,FUTURE,TDR0016,BOOK_D,2025-12-21
TXN0000297857,APP016,2025-10-13,failed,172610.98,JPY,AMER,CP0467,EQUITY,TDR0190,BOOK_C,2025-07-16
TXN0009021518,APP009,2025-08-15,settled,564859.93,EUR,APAC,CP0222,SWAP,TDR0152,BOOK_C,2025-10-01
TXN0008231972,APP009,2025-01-07,active,881976.67,USD,LATAM,CP0227,FX,TDR0195,BOOK_C,2025-02-07
TXN0009981243,APP002,2025-10-12,reversed,723768.21,JPY,LATAM,CP0202,SWAP,TDR0129,BOOK_C,2026-03-24
TXN0003954899,APP007,2026-01-19,active,739837.52,GBP,APAC,CP0241,SWAP,TDR0144,BOOK_B,2026-03-23
TXN0000644403,APP008,2026-03-27,pending,726355.5,EUR,LATAM,CP0264,BOND,TDR0057,BOOK_B,2025-12-17
TXN0004429153,APP017,2026-02-19,pending,54275.97,AUD,AMER,CP0231,FUTURE,TDR0164,BOOK_B,2025-05-05
TXN0000954567,APP010,2026-02-17,failed,918482.35,USD,APAC,CP0319,OPTION,TDR0107,BOOK_C,2025-07-07
TXN0009140540,APP011,2025-09-27,settled,93630.45,USD,LATAM,CP0417,FX,TDR0050,BOOK_A,2025-03-23
TXN0000264341,APP012,2025-04-27,pending,117690.1,USD,LATAM,CP0178,BOND,TDR0056,BOOK_C,2025-12-15
TXN0004332857,APP002,2025-08-01,pending,366729.58,CHF,AMER,CP0461,EQUITY,TDR0179,BOOK_C,2025-05-30
TXN0001035630,APP014,2025-08-29,active,554529.65,AUD,EMEA,CP0283,OPTION,TDR0018,BOOK_D,2026-02-08
TXN0004916435,APP012,2025-08-10,reversed,918308.77,USD,AMER,CP0494,OPTION,TDR0173,BOOK_A,2025-04-26
TXN0008248182,APP012,2025-12-26,active,193815.32,CHF,AMER,CP0075,EQUITY,TDR0187,BOOK_C,2025-05-26
TXN0008193421,APP012,2026-01-14,reversed,347795.9,AUD,LATAM,CP0163,EQUITY,TDR0136,BOOK_B,2026-03-21
TXN0006554575,APP017,2025-03-06,active,643895.02,EUR,APAC,CP0327,EQUITY,TDR0110,BOOK_C,2026-04-09
TXN0008406109,APP009,2026-01-18,settled,108439.36,JPY,APAC,CP0256,OPTION,TDR0043,BOOK_C,2025-06-07
TXN0001627885,APP006,2025-11-29,reversed,547482.37,CHF,EMEA,CP0266,OPTION,TDR0165,BOOK_A,2025-04-09
TXN0009951494,APP006,2025-12-19,settled,706172.51,AUD,LATAM,CP0406,FUTURE,TDR0118,BOOK_B,2025-09-09
TXN0006756912,APP006,2025-10-04,reversed,425438.45,CHF,EMEA,CP0131,FUTURE,TDR0091,BOOK_C,2026-03-25
TXN0009301750,APP001,2025-02-13,reversed,743021.84,JPY,LATAM,CP0327,FUTURE,TDR0087,BOOK_A,2025-05-18
TXN0000065044,APP011,2025-04-24,reversed,561180.57,CHF,LATAM,CP0205,OPTION,TDR0039,BOOK_D,2025-10-19
TXN0008311406,APP004,2025-10-09,settled,933527.98,GBP,AMER,CP0204,BOND,TDR0006,BOOK_C,2025-09-09
TXN0009529314,APP009,2025-02-10,active,351567.54,GBP,LATAM,CP0272,SWAP,TDR0140,BOOK_C,2025-10-23
TXN0006701303,APP009,2025-06-03,reversed,756477.16,EUR,EMEA,CP0250,FX,TDR0189,BOOK_D,2025-04-04
TXN0006089970,APP004,2025-01-17,settled,146925.32,JPY,EMEA,CP0139,BOND,TDR0006,BOOK_B,2025-09-25
TXN0000430551,APP012,2025-03-27,active,304469.5,AUD,APAC,CP0277,EQUITY,TDR0096,BOOK_D,2026-03-09
TXN0004193317,APP012,2025-01-31,reversed,930043.22,USD,LATAM,CP0376,OPTION,TDR0105,BOOK_C,2025-09-29
TXN0008372880,APP009,2025-09-09,pending,255258.74,USD,EMEA,CP0153,FUTURE,TDR0073,BOOK_B,2025-04-22
TXN0007708365,APP004,2025-07-06,failed,150933.79,EUR,APAC,CP0167,FX,TDR0186,BOOK_C,2025-07-08
TXN0002245456,APP014,2025-01-12,reversed,463033.0,EUR,APAC,CP0208,OPTION,TDR0195,BOOK_B,2025-10-19
TXN0002164605,APP016,2025-05-21,reversed,518158.34,EUR,LATAM,CP0074,EQUITY,TDR0127,BOOK_A,2025-10-05
TXN0003566676,APP020,2025-06-03,pending,842665.67,GBP,EMEA,CP0348,OPTION,TDR0195,BOOK_D,2026-03-18
TXN0003688866,APP004,2025-01-08,settled,38448.09,JPY,EMEA,CP0407,FX,TDR0126,BOOK_B,2025-11-09
TXN0006690693,APP014,2025-03-12,reversed,27480.89,AUD,AMER,CP0416,EQUITY,TDR0067,BOOK_C,2026-03-22
TXN0004154359,APP020,2025-01-17,pending,172457.06,EUR,EMEA,CP0470,OPTION,TDR0126,BOOK_C,2026-03-09
TXN0006075191,APP002,2025-03-29,pending,568282.52,USD,LATAM,CP0193,EQUITY,TDR0011,BOOK_D,2026-01-12
TXN0008198631,APP014,2025-01-05,pending,733876.52,EUR,APAC,CP0357,SWAP,TDR0039,BOOK_B,2025-02-02
TXN0004702342,APP014,2025-05-07,reversed,964941.52,EUR,LATAM,CP0420,OPTION,TDR0197,BOOK_D,2025-02-03
TXN0002665845,APP005,2025-05-07,active,985093.73,GBP,LATAM,CP0006,FX,TDR0100,BOOK_A,2026-01-07
TXN0007165358,APP018,2025-01-25,reversed,151550.95,GBP,LATAM,CP0066,FX,TDR0178,BOOK_B,2025-12-01
TXN0004632236,APP001,2025-12-05,settled,279054.09,EUR,APAC,CP0278,OPTION,TDR0099,BOOK_D,2025-08-23
TXN0002498899,APP003,2026-02-22,failed,288359.87,EUR,LATAM,CP0339,BOND,TDR0191,BOOK_A,2026-01-13
TXN0001827483,APP019,2026-01-06,reversed,447814.43,CHF,AMER,CP0006,FUTURE,TDR0153,BOOK_B,2025-09-03
TXN0008326341,APP009,2025-08-10,pending,973629.36,CHF,APAC,CP0412,SWAP,TDR0091,BOOK_C,2025-10-10
TXN0003122241,APP017,2025-06-01,active,592668.36,CHF,AMER,CP0229,BOND,TDR0005,BOOK_C,2026-02-10
TXN0003606540,APP014,2025-07-18,failed,222098.27,AUD,EMEA,CP0147,FX,TDR0065,BOOK_C,2025-04-01
TXN0006400566,APP012,2025-10-03,settled,170184.57,EUR,APAC,CP0039,EQUITY,TDR0037,BOOK_B,2025-07-18
TXN0009153681,APP020,2026-02-06,pending,268797.82,GBP,AMER,CP0012,FUTURE,TDR0113,BOOK_C,2025-11-14
TXN0000233445,APP020,2025-09-24,reversed,40275.72,GBP,APAC,CP0236,FUTURE,TDR0128,BOOK_A,2025-03-19
TXN0006638925,APP017,2025-04-28,failed,37214.44,USD,LATAM,CP0006,SWAP,TDR0172,BOOK_A,2025-04-06
TXN0008686800,APP002,2025-03-02,active,743415.62,CHF,APAC,CP0145,BOND,TDR0099,BOOK_A,2025-02-09
TXN0002244779,APP006,2025-09-15,failed,106678.24,GBP,AMER,CP0406,OPTION,TDR0068,BOOK_B,2026-02-21
TXN0009246413,APP011,2025-04-22,settled,725376.51,GBP,EMEA,CP0256,FX,TDR0070,BOOK_B,2025-04-27
TXN0007524716,APP001,2025-07-10,reversed,779666.54,CHF,LATAM,CP0073,FX,TDR0171,BOOK_B,2025-09-15
TXN0007127284,APP002,2025-01-24,settled,484709.11,JPY,APAC,CP0067,FX,TDR0059,BOOK_A,2025-06-11
TXN0006212118,APP002,2026-01-28,reversed,68743.98,GBP,APAC,CP0444,EQUITY,TDR0135,BOOK_D,2025-07-10
TXN0002844286,APP003,2025-01-20,failed,711969.22,CHF,LATAM,CP0142,BOND,TDR0017,BOOK_C,2026-03-11
TXN0005417606,APP009,2025-01-13,settled,728862.69,EUR,APAC,CP0365,OPTION,TDR0110,BOOK_B,2025-12-24
TXN0002460952,APP008,2025-03-16,active,849947.34,EUR,EMEA,CP0370,EQUITY,TDR0045,BOOK_D,2026-01-30
TXN0007825469,APP020,2025-03-31,failed,551174.02,USD,AMER,CP0207,OPTION,TDR0181,BOOK_C,2025-03-12
TXN0007337685,APP012,2025-10-17,settled,694862.94,CHF,APAC,CP0366,OPTION,TDR0112,BOOK_A,2025-03-17
TXN0002889581,APP007,2025-10-26,failed,649830.45,AUD,AMER,CP0144,BOND,TDR0190,BOOK_D,2026-03-11
TXN0004427519,APP013,2025-07-02,settled,730579.47,USD,LATAM,CP0107,FUTURE,TDR0068,BOOK_B,2025-04-21
TXN0000916853,APP019,2025-07-13,pending,541883.7,AUD,APAC,CP0403,FX,TDR0085,BOOK_D,2025-05-17
TXN0005088051,APP009,2025-01-14,settled,276241.42,JPY,EMEA,CP0451,BOND,TDR0066,BOOK_A,2026-02-22
TXN0007584232,APP014,2025-11-01,failed,854852.71,AUD,LATAM,CP0180,OPTION,TDR0090,BOOK_C,2025-05-22
TXN0005968155,APP010,2025-07-23,active,162341.0,EUR,EMEA,CP0194,FX,TDR0106,BOOK_C,2025-06-21
TXN0007170613,APP010,2026-02-11,pending,318194.99,AUD,LATAM,CP0044,EQUITY,TDR0157,BOOK_D,2025-05-11
TXN0006151250,APP012,2026-03-19,reversed,237005.1,EUR,LATAM,CP0042,BOND,TDR0172,BOOK_B,2026-02-11
TXN0000065415,APP008,2026-03-26,settled,157189.1,AUD,EMEA,CP0185,SWAP,TDR0182,BOOK_A,2025-01-25
TXN0008306672,APP003,2025-12-30,active,993561.77,JPY,LATAM,CP0406,SWAP,TDR0080,BOOK_A,2025-10-21
TXN0001294090,APP016,2025-10-22,reversed,109783.73,USD,AMER,CP0024,FUTURE,TDR0155,BOOK_C,2026-04-04
TXN0009789531,APP017,2025-02-09,reversed,402038.33,GBP,AMER,CP0144,BOND,TDR0092,BOOK_A,2025-09-12
TXN0003696925,APP020,2025-01-10,settled,845966.34,AUD,AMER,CP0066,SWAP,TDR0197,BOOK_A,2025-07-11
TXN0003447881,APP005,2025-02-16,reversed,201713.12,AUD,AMER,CP0012,FX,TDR0116,BOOK_A,2025-11-06
TXN0000108007,APP007,2026-03-06,pending,591841.15,USD,APAC,CP0452,SWAP,TDR0176,BOOK_C,2025-12-18
TXN0005580295,APP017,2025-12-06,pending,304559.98,AUD,EMEA,CP0435,BOND,TDR0097,BOOK_A,2025-09-06
TXN0004098994,APP017,2025-05-09,pending,145020.65,USD,EMEA,CP0247,EQUITY,TDR0163,BOOK_C,2025-11-06
TXN0000537317,APP008,2025-01-28,failed,41483.98,CHF,APAC,CP0352,FUTURE,TDR0171,BOOK_C,2025-12-02
TXN0004903707,APP002,2026-01-11,settled,350445.98,GBP,AMER,CP0045,BOND,TDR0134,BOOK_D,2025-06-02
TXN0003261203,APP014,2025-02-13,active,280751.9,USD,LATAM,CP0361,FUTURE,TDR0013,BOOK_A,2026-02-06
TXN0002839026,APP015,2026-01-28,reversed,54099.6,AUD,APAC,CP0260,SWAP,TDR0010,BOOK_A,2025-05-30
TXN0008758504,APP014,2026-01-02,active,82482.45,EUR,AMER,CP0368,FX,TDR0182,BOOK_A,2025-11-11
TXN0009409070,APP008,2025-03-12,active,319397.05,CHF,APAC,CP0110,EQUITY,TDR0105,BOOK_C,2025-04-30
TXN0002580652,APP003,2025-02-01,failed,545781.19,GBP,APAC,CP0391,BOND,TDR0094,BOOK_D,2025-09-05
TXN0002566841,APP006,2025-12-29,pending,143761.22,CHF,APAC,CP0274,BOND,TDR0151,BOOK_C,2025-07-14
TXN0004049864,APP008,2025-02-23,failed,49365.14,EUR,EMEA,CP0469,SWAP,TDR0193,BOOK_D,2026-02-10
TXN0008861721,APP008,2026-02-11,reversed,965141.48,CHF,APAC,CP0129,BOND,TDR0021,BOOK_C,2025-03-07
TXN0004204181,APP016,2025-05-14,pending,857923.64,JPY,EMEA,CP0104,OPTION,TDR0060,BOOK_A,2025-02-02
TXN0005807620,APP003,2026-03-07,active,192729.78,GBP,LATAM,CP0439,EQUITY,TDR0118,BOOK_B,2025-03-23
TXN0003529607,APP012,2026-03-08,failed,468798.57,USD,EMEA,CP0140,FUTURE,TDR0020,BOOK_C,2025-12-12
TXN0005712023,APP017,2025-12-27,pending,134563.91,JPY,AMER,CP0438,FX,TDR0046,BOOK_B,2025-04-04
TXN0000445306,APP019,2025-05-29,active,106660.5,AUD,LATAM,CP0240,OPTION,TDR0040,BOOK_B,2026-03-26
TXN0000012861,APP020,2026-03-10,pending,631514.92,USD,EMEA,CP0211,FX,TDR0194,BOOK_B,2025-03-24
TXN0008645821,APP016,2025-02-05,failed,487802.23,GBP,APAC,CP0273,EQUITY,TDR0110,BOOK_D,2025-03-27
TXN0008139281,APP019,2025-01-20,failed,836851.92,USD,LATAM,CP0017,EQUITY,TDR0077,BOOK_C,2025-05-17
TXN0004664281,APP002,2025-09-20,pending,698963.75,AUD,AMER,CP0081,BOND,TDR0102,BOOK_A,2025-01-12
TXN0000369726,APP010,2025-12-09,pending,460008.84,USD,APAC,CP0190,BOND,TDR0167,BOOK_B,2025-08-30
TXN0001107601,APP009,2025-07-22,failed,227192.06,GBP,EMEA,CP0107,FUTURE,TDR0150,BOOK_C,2025-03-16
TXN0006381526,APP015,2025-05-22,failed,224310.23,USD,LATAM,CP0078,SWAP,TDR0093,BOOK_B,2026-03-28
TXN0009244798,APP007,2025-10-22,reversed,286131.15,AUD,LATAM,CP0360,SWAP,TDR0173,BOOK_D,2025-06-12
TXN0000735572,APP018,2025-04-04,pending,41850.17,CHF,EMEA,CP0380,BOND,TDR0135,BOOK_B,2025-03-13
TXN0003794552,APP008,2025-11-01,pending,494951.95,JPY,APAC,CP0423,SWAP,TDR0061,BOOK_D,2025-03-27
TXN0004233273,APP004,2026-01-19,reversed,347548.61,GBP,LATAM,CP0323,BOND,TDR0082,BOOK_B,2026-01-11
TXN0003920638,APP004,2026-03-31,active,799830.18,USD,EMEA,CP0042,FX,TDR0007,BOOK_A,2025-08-01
TXN0004606196,APP002,2025-04-23,settled,404772.59,AUD,APAC,CP0436,EQUITY,TDR0152,BOOK_D,2025-12-06
TXN0007796141,APP004,2025-09-18,reversed,647951.44,CHF,LATAM,CP0498,FUTURE,TDR0080,BOOK_C,2025-12-25
TXN0008804564,APP010,2026-01-19,failed,953508.2,USD,LATAM,CP0099,FUTURE,TDR0100,BOOK_B,2026-02-03
TXN0003499487,APP008,2026-01-06,failed,579646.41,USD,APAC,CP0495,SWAP,TDR0127,BOOK_B,2025-12-07
TXN0004705539,APP011,2025-02-04,active,855009.18,GBP,AMER,CP0055,BOND,TDR0160,BOOK_C,2026-03-13
TXN0007401038,APP017,2025-06-15,reversed,787476.85,GBP,APAC,CP0052,FUTURE,TDR0200,BOOK_A,2025-08-14
TXN0004093390,APP008,2025-05-13,failed,471672.52,USD,APAC,CP0250,OPTION,TDR0180,BOOK_A,2025-08-07
TXN0006408185,APP005,2025-07-10,active,83997.45,EUR,AMER,CP0176,SWAP,TDR0087,BOOK_D,2025-04-13
TXN0006560090,APP016,2026-04-06,reversed,291281.44,AUD,LATAM,CP0493,FX,TDR0027,BOOK_D,2025-03-14
TXN0003094720,APP017,2025-03-12,reversed,29669.32,GBP,APAC,CP0442,SWAP,TDR0124,BOOK_A,2025-08-11
TXN0004369941,APP004,2025-11-25,reversed,681178.45,USD,EMEA,CP0311,OPTION,TDR0010,BOOK_B,2025-10-27
TXN0009940833,APP018,2025-12-10,pending,553827.04,AUD,AMER,CP0078,SWAP,TDR0087,BOOK_B,2025-05-19
TXN0006007198,APP004,2026-02-22,reversed,532547.79,GBP,APAC,CP0133,FX,TDR0136,BOOK_D,2025-01-15
TXN0000511383,APP008,2026-03-03,failed,965230.94,AUD,LATAM,CP0112,FUTURE,TDR0096,BOOK_C,2025-10-14
TXN0006666578,APP010,2026-01-06,settled,157786.8,EUR,LATAM,CP0090,FX,TDR0198,BOOK_B,2025-12-20
TXN0002221175,APP014,2025-07-19,reversed,592285.96,CHF,APAC,CP0354,FX,TDR0116,BOOK_D,2025-03-24
TXN0009293004,APP013,2025-08-10,active,938325.4,GBP,APAC,CP0329,FX,TDR0134,BOOK_D,2025-03-17
TXN0007400561,APP013,2026-03-20,reversed,61053.03,USD,APAC,CP0028,SWAP,TDR0039,BOOK_C,2026-01-13
TXN0008595515,APP008,2025-08-25,reversed,482965.32,CHF,LATAM,CP0360,SWAP,TDR0091,BOOK_B,2025-10-23
TXN0005024243,APP015,2025-06-05,pending,952877.5,AUD,AMER,CP0023,OPTION,TDR0193,BOOK_C,2025-04-09
TXN0005439443,APP003,2025-04-09,pending,848961.11,JPY,EMEA,CP0148,SWAP,TDR0049,BOOK_D,2025-03-31
TXN0001750962,APP015,2025-02-02,reversed,962001.71,CHF,APAC,CP0128,FX,TDR0182,BOOK_C,2026-04-10
TXN0000895862,APP005,2025-06-17,pending,730242.42,JPY,LATAM,CP0344,BOND,TDR0169,BOOK_D,2025-09-25
TXN0001031537,APP002,2025-04-10,active,821966.22,AUD,APAC,CP0455,FX,TDR0128,BOOK_C,2025-06-13
TXN0004743438,APP007,2025-06-24,reversed,737871.5,GBP,LATAM,CP0437,SWAP,TDR0139,BOOK_D,2026-02-06
TXN0007560724,APP019,2026-02-21,pending,164414.92,EUR,APAC,CP0092,BOND,TDR0157,BOOK_D,2026-02-13
TXN0009784175,APP004,2025-02-19,failed,250193.97,JPY,AMER,CP0346,EQUITY,TDR0070,BOOK_B,2025-07-04
TXN0009008705,APP003,2025-12-23,failed,879647.24,CHF,APAC,CP0399,FUTURE,TDR0031,BOOK_A,2025-06-01
TXN0008339609,APP020,2026-04-07,failed,690226.22,AUD,APAC,CP0285,SWAP,TDR0149,BOOK_A,2025-02-20
TXN0006826879,APP003,2025-05-11,failed,671386.39,GBP,AMER,CP0225,FUTURE,TDR0111,BOOK_B,2025-10-22
TXN0000997270,APP010,2025-11-04,pending,460848.43,JPY,LATAM,CP0139,FX,TDR0098,BOOK_C,2026-02-24
TXN0006857845,APP017,2025-06-14,failed,999533.53,AUD,AMER,CP0328,FX,TDR0077,BOOK_A,2025-07-19
TXN0001988330,APP014,2026-02-24,active,835549.23,CHF,LATAM,CP0041,SWAP,TDR0019,BOOK_A,2025-11-01
TXN0006615520,APP003,2026-04-04,pending,796949.23,USD,LATAM,CP0068,BOND,TDR0027,BOOK_B,2026-02-02
TXN0003786010,APP001,2025-11-05,reversed,387456.89,EUR,AMER,CP0493,BOND,TDR0102,BOOK_B,2025-09-29
TXN0008722391,APP002,2025-08-23,active,309338.35,GBP,LATAM,CP0451,EQUITY,TDR0088,BOOK_C,2026-04-05
TXN0004634711,APP006,2025-11-12,failed,105237.68,USD,LATAM,CP0308,FUTURE,TDR0012,BOOK_B,2026-04-01
TXN0002946755,APP001,2025-09-02,failed,579109.19,EUR,EMEA,CP0050,BOND,TDR0157,BOOK_D,2025-02-04
TXN0003331668,APP018,2025-07-03,settled,747244.91,USD,AMER,CP0382,OPTION,TDR0001,BOOK_B,2025-11-07
TXN0007167477,APP002,2025-07-01,failed,563766.27,EUR,EMEA,CP0459,BOND,TDR0057,BOOK_C,2025-10-13
TXN0001537156,APP020,2025-07-04,failed,697371.32,AUD,APAC,CP0099,FX,TDR0091,BOOK_A,2025-08-13
TXN0008108101,APP004,2025-09-21,active,576105.89,GBP,APAC,CP0220,OPTION,TDR0014,BOOK_C,2025-03-25
TXN0004106752,APP018,2025-11-15,active,498466.35,USD,APAC,CP0154,BOND,TDR0116,BOOK_A,2025-10-28
TXN0006388187,APP008,2025-12-04,pending,915206.94,EUR,LATAM,CP0210,SWAP,TDR0180,BOOK_A,2025-09-18
TXN0005568827,APP002,2026-04-07,reversed,980937.26,CHF,AMER,CP0434,BOND,TDR0033,BOOK_D,2025-12-22
TXN0003022893,APP003,2025-02-26,pending,367221.25,USD,APAC,CP0453,FUTURE,TDR0117,BOOK_C,2025-07-08
TXN0004001208,APP019,2026-03-08,pending,382482.55,USD,AMER,CP0356,OPTION,TDR0199,BOOK_D,2026-03-01
TXN0003997724,APP008,2026-03-27,settled,196076.02,GBP,EMEA,CP0276,EQUITY,TDR0056,BOOK_A,2025-02-02
TXN0001672068,APP010,2025-03-13,pending,44396.9,JPY,AMER,CP0283,OPTION,TDR0089,BOOK_A,2025-06-07
TXN0003264278,APP013,2025-01-21,failed,206055.12,GBP,AMER,CP0314,BOND,TDR0164,BOOK_A,2025-11-30
TXN0003681972,APP018,2026-03-29,active,66477.76,CHF,APAC,CP0433,EQUITY,TDR0110,BOOK_C,2025-03-29
TXN0005243515,APP007,2025-08-13,settled,532092.32,EUR,LATAM,CP0478,SWAP,TDR0020,BOOK_C,2025-01-26
TXN0002464509,APP006,2025-02-25,settled,131401.08,EUR,APAC,CP0311,EQUITY,TDR0193,BOOK_B,2025-09-25
TXN0005329706,APP009,2026-03-30,pending,466835.03,USD,EMEA,CP0130,SWAP,TDR0008,BOOK_C,2025-05-25
TXN0003657566,APP020,2026-04-02,active,623729.56,GBP,AMER,CP0392,FX,TDR0044,BOOK_D,2026-02-08
TXN0006188584,APP012,2026-01-31,pending,780895.42,AUD,APAC,CP0288,EQUITY,TDR0020,BOOK_B,2025-02-15
TXN0007673375,APP003,2026-01-28,settled,801887.76,USD,APAC,CP0099,OPTION,TDR0069,BOOK_D,2026-02-07
TXN0000505749,APP017,2026-04-05,settled,111434.23,JPY,AMER,CP0204,FX,TDR0192,BOOK_B,2025-05-12
TXN0006482080,APP014,2025-06-02,pending,908685.02,EUR,EMEA,CP0059,SWAP,TDR0066,BOOK_B,2026-04-14
TXN0002712695,APP019,2026-01-06,reversed,523559.47,AUD,LATAM,CP0008,OPTION,TDR0143,BOOK_B,2026-02-15
TXN0000973342,APP008,2025-11-10,failed,264119.99,AUD,LATAM,CP0098,FUTURE,TDR0017,BOOK_A,2026-01-13
TXN0000783887,APP007,2025-06-04,settled,460437.58,GBP,AMER,CP0124,OPTION,TDR0073,BOOK_D,2025-12-07
TXN0006290443,APP017,2025-06-23,active,54280.49,USD,AMER,CP0164,FX,TDR0061,BOOK_A,2025-08-02
TXN0006719134,APP004,2025-04-04,reversed,538819.63,GBP,EMEA,CP0291,FX,TDR0147,BOOK_C,2025-12-24
TXN0001561926,APP019,2025-03-27,settled,387617.81,AUD,LATAM,CP0499,FX,TDR0003,BOOK_B,2026-01-07
TXN0005398748,APP020,2026-01-19,pending,664361.51,GBP,APAC,CP0316,OPTION,TDR0156,BOOK_A,2026-01-18
TXN0006653671,APP012,2025-10-14,failed,209361.27,GBP,LATAM,CP0122,BOND,TDR0100,BOOK_A,2025-10-07
TXN0000446818,APP015,2025-08-25,pending,459809.56,EUR,EMEA,CP0457,OPTION,TDR0006,BOOK_D,2025-04-15
TXN0002006999,APP004,2025-10-19,settled,387844.42,JPY,LATAM,CP0227,OPTION,TDR0130,BOOK_D,2025-11-26
TXN0000382451,APP001,2025-07-08,reversed,635253.46,JPY,AMER,CP0299,EQUITY,TDR0110,BOOK_B,2025-09-29
TXN0004326766,APP017,2025-07-25,settled,89433.9,USD,EMEA,CP0017,OPTION,TDR0026,BOOK_D,2026-01-13
TXN0006333804,APP018,2025-07-04,failed,146356.42,JPY,AMER,CP0458,FX,TDR0016,BOOK_D,2025-06-13
TXN0005581836,APP007,2026-02-20,active,759970.25,GBP,APAC,CP0425,EQUITY,TDR0063,BOOK_B,2026-01-29
TXN0008543366,APP012,2026-02-24,active,121319.48,EUR,AMER,CP0435,FX,TDR0107,BOOK_A,2025-01-11
TXN0007254136,APP011,2025-09-08,pending,372429.54,GBP,AMER,CP0302,SWAP,TDR0004,BOOK_A,2025-04-05
TXN0006771836,APP016,2025-08-28,pending,112374.55,JPY,AMER,CP0425,OPTION,TDR0005,BOOK_C,2025-11-19
TXN0008113783,APP015,2025-12-24,pending,147427.52,USD,APAC,CP0270,FX,TDR0101,BOOK_B,2025-02-10
TXN0007693550,APP015,2025-01-08,pending,556762.09,AUD,APAC,CP0117,OPTION,TDR0178,BOOK_A,2025-03-01
TXN0005765913,APP002,2026-04-08,settled,57629.87,CHF,LATAM,CP0030,EQUITY,TDR0104,BOOK_A,2025-11-26
TXN0004753936,APP012,2026-02-22,active,197261.85,USD,APAC,CP0171,BOND,TDR0125,BOOK_D,2026-03-24
TXN0005957917,APP002,2026-02-26,failed,115984.09,USD,EMEA,CP0012,FUTURE,TDR0147,BOOK_B,2026-03-25
TXN0005140362,APP001,2025-03-20,settled,913270.39,GBP,LATAM,CP0027,EQUITY,TDR0084,BOOK_A,2026-02-15
TXN0006512954,APP012,2025-12-18,reversed,682426.28,USD,LATAM,CP0023,EQUITY,TDR0177,BOOK_B,2025-07-25
TXN0002746459,APP007,2026-04-02,active,731775.14,GBP,APAC,CP0405,BOND,TDR0028,BOOK_D,2025-09-04
TXN0009104958,APP019,2025-08-04,failed,119805.59,JPY,APAC,CP0342,FUTURE,TDR0154,BOOK_C,2025-11-27
TXN0005844822,APP009,2025-05-25,pending,765341.4,EUR,LATAM,CP0255,OPTION,TDR0040,BOOK_A,2025-11-22
TXN0004499992,APP006,2025-08-01,failed,317981.73,AUD,APAC,CP0225,SWAP,TDR0129,BOOK_D,2025-10-22
TXN0007004391,APP007,2025-08-07,failed,470913.89,GBP,LATAM,CP0072,EQUITY,TDR0123,BOOK_A,2025-12-19
TXN0008555066,APP001,2025-02-09,active,807438.48,CHF,APAC,CP0196,BOND,TDR0065,BOOK_A,2025-08-18
TXN0000978742,APP013,2025-03-28,pending,498819.85,JPY,APAC,CP0461,OPTION,TDR0153,BOOK_B,2025-01-31
TXN0006001739,APP005,2026-02-07,pending,247102.42,JPY,AMER,CP0362,SWAP,TDR0149,BOOK_D,2025-12-12
TXN0000429747,APP013,2025-05-15,pending,27733.34,CHF,LATAM,CP0201,SWAP,TDR0090,BOOK_B,2025-06-26
TXN0007903352,APP012,2025-09-16,failed,867520.12,GBP,AMER,CP0420,FX,TDR0038,BOOK_B,2026-03-29
TXN0009341773,APP011,2025-11-05,active,600828.91,EUR,EMEA,CP0401,BOND,TDR0177,BOOK_D,2025-04-09
TXN0005357750,APP008,2025-09-12,active,954535.32,USD,APAC,CP0078,FX,TDR0192,BOOK_C,2025-12-28
TXN0002463794,APP012,2025-03-08,pending,758397.05,CHF,APAC,CP0090,FX,TDR0084,BOOK_B,2025-03-01
TXN0009054378,APP013,2025-08-07,reversed,161837.48,EUR,EMEA,CP0333,SWAP,TDR0078,BOOK_C,2025-06-30
TXN0005583723,APP017,2025-04-01,failed,113392.41,GBP,EMEA,CP0010,FUTURE,TDR0036,BOOK_C,2025-04-24
TXN0004631918,APP002,2026-02-23,failed,45474.0,GBP,LATAM,CP0011,BOND,TDR0114,BOOK_D,2025-05-18
TXN0005317925,APP010,2025-09-04,failed,79696.54,EUR,EMEA,CP0299,EQUITY,TDR0117,BOOK_C,2025-06-05
TXN0002645865,APP006,2025-04-15,active,584951.03,AUD,AMER,CP0462,FX,TDR0037,BOOK_B,2026-03-22
TXN0005331823,APP007,2025-01-27,failed,587864.54,GBP,APAC,CP0220,FX,TDR0029,BOOK_A,2025-11-13
TXN0004978664,APP013,2025-06-12,failed,123145.27,CHF,AMER,CP0335,BOND,TDR0040,BOOK_A,2025-09-14
TXN0001251220,APP017,2026-02-01,active,491504.96,EUR,AMER,CP0011,OPTION,TDR0021,BOOK_C,2025-10-08
TXN0008630676,APP004,2025-03-02,active,22247.29,GBP,EMEA,CP0423,EQUITY,TDR0089,BOOK_D,2025-02-10
TXN0005730343,APP014,2025-07-31,active,703238.49,USD,LATAM,CP0321,OPTION,TDR0098,BOOK_C,2025-11-15
TXN0005197081,APP008,2025-09-11,reversed,799774.07,AUD,AMER,CP0487,BOND,TDR0193,BOOK_C,2025-10-19
TXN0001812578,APP002,2026-03-10,active,372042.21,EUR,LATAM,CP0409,OPTION,TDR0182,BOOK_B,2025-07-02
TXN0006582260,APP006,2025-12-03,settled,985307.76,CHF,APAC,CP0294,EQUITY,TDR0071,BOOK_B,2025-03-14
TXN0008720746,APP016,2025-10-03,reversed,231357.11,USD,APAC,CP0026,SWAP,TDR0097,BOOK_C,2025-11-25
TXN0009167431,APP011,2025-03-02,settled,785231.63,CHF,APAC,CP0082,EQUITY,TDR0026,BOOK_A,2025-09-12
TXN0002192853,APP015,2025-09-08,pending,70758.92,USD,LATAM,CP0195,FUTURE,TDR0021,BOOK_D,2025-04-03
TXN0001904868,APP016,2025-04-17,settled,91116.91,JPY,APAC,CP0378,FX,TDR0030,BOOK_D,2025-07-21
TXN0001446702,APP005,2025-05-23,pending,381955.99,JPY,LATAM,CP0469,BOND,TDR0189,BOOK_D,2025-12-27
TXN0003061708,APP011,2026-03-23,active,104293.8,CHF,APAC,CP0209,FUTURE,TDR0071,BOOK_D,2026-02-07
TXN0003773356,APP016,2025-08-16,settled,249229.82,AUD,EMEA,CP0084,OPTION,TDR0103,BOOK_B,2026-01-08
TXN0007615156,APP018,2025-05-26,failed,856382.16,EUR,LATAM,CP0246,FUTURE,TDR0114,BOOK_A,2025-09-26
TXN0005066645,APP001,2025-04-07,failed,819901.41,AUD,APAC,CP0271,FUTURE,TDR0092,BOOK_A,2025-02-01
TXN0008772754,APP002,2025-06-04,reversed,756863.34,USD,APAC,CP0243,SWAP,TDR0097,BOOK_B,2025-05-15
TXN0003835181,APP012,2025-05-15,pending,448786.53,USD,LATAM,CP0349,SWAP,TDR0030,BOOK_B,2026-03-17
TXN0009354612,APP019,2026-02-23,settled,313593.48,USD,EMEA,CP0023,FUTURE,TDR0152,BOOK_B,2025-10-17
TXN0004405821,APP011,2025-02-15,reversed,420937.68,CHF,EMEA,CP0228,OPTION,TDR0156,BOOK_B,2026-03-15
TXN0004792268,APP009,2025-07-09,failed,338704.12,AUD,APAC,CP0310,FX,TDR0022,BOOK_B,2025-10-19
TXN0001777461,APP018,2025-01-21,active,275222.69,AUD,LATAM,CP0284,FX,TDR0171,BOOK_D,2025-09-15
TXN0003977868,APP006,2026-02-22,settled,487563.2,EUR,LATAM,CP0330,FX,TDR0105,BOOK_D,2025-03-08
TXN0003915285,APP008,2025-10-27,reversed,558940.37,USD,LATAM,CP0381,SWAP,TDR0167,BOOK_C,2025-12-25
TXN0009217339,APP017,2025-07-17,pending,269928.98,GBP,APAC,CP0238,SWAP,TDR0192,BOOK_B,2026-03-02
TXN0000408224,APP015,2025-05-11,reversed,627616.89,CHF,APAC,CP0462,EQUITY,TDR0037,BOOK_D,2025-09-22
TXN0008313245,APP013,2025-02-18,failed,400697.38,GBP,LATAM,CP0196,EQUITY,TDR0136,BOOK_B,2025-08-24
TXN0001137970,APP007,2026-03-29,settled,126422.97,JPY,EMEA,CP0010,SWAP,TDR0154,BOOK_B,2025-07-09
TXN0004639296,APP010,2025-04-30,pending,861070.04,JPY,APAC,CP0446,EQUITY,TDR0106,BOOK_C,2025-07-16
TXN0008211097,APP016,2026-02-28,pending,578997.69,CHF,EMEA,CP0007,SWAP,TDR0170,BOOK_A,2026-04-06
TXN0004071465,APP014,2025-12-19,failed,200521.88,JPY,LATAM,CP0214,EQUITY,TDR0041,BOOK_B,2025-10-03
TXN0005047304,APP018,2025-01-24,failed,876232.97,EUR,EMEA,CP0235,FUTURE,TDR0175,BOOK_A,2025-06-28
TXN0000153630,APP003,2025-07-06,pending,30690.99,AUD,LATAM,CP0309,BOND,TDR0034,BOOK_B,2025-05-22
TXN0006726125,APP016,2025-05-13,failed,51963.19,GBP,AMER,CP0090,BOND,TDR0009,BOOK_C,2025-11-04
TXN0000523096,APP018,2025-07-06,settled,927455.28,USD,LATAM,CP0332,SWAP,TDR0035,BOOK_D,2025-09-27
TXN0007686970,APP019,2025-08-31,active,234109.03,GBP,EMEA,CP0278,OPTION,TDR0070,BOOK_A,2025-12-10
TXN0000576135,APP003,2026-03-19,failed,325090.61,CHF,AMER,CP0367,SWAP,TDR0087,BOOK_C,2025-05-02
TXN0001772842,APP011,2025-10-31,reversed,490520.98,GBP,EMEA,CP0048,FUTURE,TDR0016,BOOK_C,2025-04-09
TXN0001991679,APP012,2026-04-02,reversed,169370.08,GBP,EMEA,CP0284,EQUITY,TDR0126,BOOK_D,2025-04-26
TXN0004443871,APP016,2025-03-16,active,49123.55,EUR,APAC,CP0142,FUTURE,TDR0018,BOOK_C,2026-02-28
TXN0008050384,APP001,2025-02-13,pending,628702.92,EUR,AMER,CP0222,OPTION,TDR0078,BOOK_C,2025-05-15
TXN0006091260,APP002,2026-03-01,active,593699.91,AUD,EMEA,CP0070,SWAP,TDR0003,BOOK_C,2025-12-19
TXN0003903065,APP002,2025-07-08,pending,574655.19,GBP,AMER,CP0031,FUTURE,TDR0017,BOOK_A,2025-08-25
TXN0007227117,APP008,2025-09-07,settled,998253.03,AUD,EMEA,CP0453,SWAP,TDR0018,BOOK_A,2025-08-25
TXN0002823530,APP005,2025-12-16,reversed,11826.44,GBP,AMER,CP0011,EQUITY,TDR0173,BOOK_A,2026-01-04
TXN0001336376,APP009,2026-02-16,active,729151.16,CHF,AMER,CP0020,FUTURE,TDR0074,BOOK_D,2025-07-20
TXN0006336482,APP015,2025-08-01,active,152216.37,EUR,LATAM,CP0301,FUTURE,TDR0174,BOOK_A,2025-11-19
TXN0004363433,APP016,2025-10-20,failed,312123.29,AUD,AMER,CP0264,OPTION,TDR0131,BOOK_C,2026-01-19
TXN0001697393,APP019,2025-03-05,active,108345.62,USD,EMEA,CP0156,OPTION,TDR0011,BOOK_B,2025-12-18
TXN0005826977,APP008,2025-12-09,reversed,565190.41,EUR,AMER,CP0386,FUTURE,TDR0063,BOOK_B,2025-09-21
TXN0004036380,APP011,2026-03-25,pending,370344.77,JPY,LATAM,CP0419,FUTURE,TDR0073,BOOK_A,2026-03-24
TXN0000083737,APP008,2025-09-28,active,759787.63,CHF,EMEA,CP0366,BOND,TDR0013,BOOK_C,2025-11-03
TXN0001754645,APP017,2025-08-04,reversed,123412.48,CHF,AMER,CP0385,OPTION,TDR0161,BOOK_A,2025-11-13
TXN0006340756,APP013,2025-02-17,reversed,71917.36,CHF,EMEA,CP0006,EQUITY,TDR0094,BOOK_D,2025-09-13
TXN0005515209,APP012,2025-11-17,active,649876.43,USD,EMEA,CP0193,BOND,TDR0080,BOOK_C,2026-02-01
TXN0003914050,APP008,2025-02-28,failed,76934.26,JPY,LATAM,CP0476,FX,TDR0035,BOOK_D,2025-04-03
TXN0002344294,APP008,2025-01-08,pending,767393.48,JPY,LATAM,CP0490,SWAP,TDR0190,BOOK_D,2025-07-26
TXN0009221993,APP008,2025-04-29,failed,815881.01,USD,LATAM,CP0110,OPTION,TDR0117,BOOK_A,2026-01-19
TXN0002639533,APP009,2025-12-24,active,172638.58,USD,EMEA,CP0177,BOND,TDR0067,BOOK_D,2025-10-25
TXN0000054281,APP020,2025-08-26,failed,371607.21,CHF,APAC,CP0346,BOND,TDR0168,BOOK_C,2025-08-15
TXN0005842884,APP017,2026-01-18,failed,679457.0,JPY,APAC,CP0488,SWAP,TDR0012,BOOK_A,2025-12-26
TXN0005279438,APP003,2025-11-03,active,945658.06,CHF,EMEA,CP0331,SWAP,TDR0031,BOOK_D,2025-11-02
TXN0003836278,APP002,2025-12-08,pending,942220.22,AUD,EMEA,CP0052,OPTION,TDR0077,BOOK_B,2026-02-11
TXN0009019127,APP016,2025-01-14,settled,29713.33,AUD,APAC,CP0443,OPTION,TDR0117,BOOK_C,2025-10-16
TXN0004963496,APP018,2025-03-27,reversed,667548.88,CHF,LATAM,CP0047,FX,TDR0111,BOOK_A,2025-12-03
TXN0000239961,APP016,2025-08-27,active,519047.95,EUR,AMER,CP0068,EQUITY,TDR0196,BOOK_C,2026-02-09
TXN0006424922,APP002,2025-04-09,settled,344531.48,JPY,APAC,CP0056,FUTURE,TDR0008,BOOK_A,2025-07-02
TXN0006382449,APP009,2025-09-17,reversed,282820.8,EUR,EMEA,CP0238,SWAP,TDR0036,BOOK_B,2025-05-12
TXN0009142200,APP009,2025-11-17,active,689435.59,USD,LATAM,CP0033,FX,TDR0121,BOOK_D,2025-12-07
TXN0007166480,APP012,2025-08-31,active,393292.71,EUR,APAC,CP0304,BOND,TDR0114,BOOK_D,2025-03-18
TXN0000080622,APP017,2025-07-09,reversed,535733.41,EUR,EMEA,CP0105,EQUITY,TDR0102,BOOK_C,2025-10-10
TXN0000475733,APP012,2025-12-12,pending,502763.63,USD,EMEA,CP0234,FX,TDR0188,BOOK_B,2025-10-18
TXN0009713063,APP016,2025-01-21,settled,471707.16,GBP,EMEA,CP0339,SWAP,TDR0076,BOOK_C,2025-12-06
TXN0008762688,APP015,2025-04-09,reversed,324206.05,CHF,EMEA,CP0391,BOND,TDR0046,BOOK_C,2025-09-10
TXN0007143637,APP008,2025-11-15,reversed,790481.95,JPY,EMEA,CP0423,FX,TDR0011,BOOK_B,2025-02-16
TXN0004564010,APP018,2025-04-06,failed,537829.28,USD,AMER,CP0015,FUTURE,TDR0104,BOOK_A,2025-10-10
TXN0002522032,APP012,2025-01-22,pending,753024.83,JPY,LATAM,CP0024,OPTION,TDR0143,BOOK_A,2025-11-08
TXN0004674996,APP014,2025-10-28,pending,550485.58,GBP,AMER,CP0388,OPTION,TDR0027,BOOK_C,2025-03-03
TXN0000259641,APP006,2025-01-17,failed,404395.25,CHF,EMEA,CP0413,EQUITY,TDR0001,BOOK_D,2025-01-09
TXN0005906433,APP010,2025-05-30,reversed,608085.69,GBP,APAC,CP0476,FUTURE,TDR0088,BOOK_B,2026-01-11
TXN0001300877,APP006,2025-03-07,reversed,50403.08,JPY,APAC,CP0467,FUTURE,TDR0194,BOOK_D,2025-05-13
TXN0002123451,APP016,2026-03-22,settled,216788.68,EUR,EMEA,CP0470,FUTURE,TDR0129,BOOK_B,2025-04-10
TXN0005635944,APP015,2025-08-06,reversed,178894.64,CHF,LATAM,CP0301,FUTURE,TDR0025,BOOK_C,2026-01-23
TXN0009177756,APP007,2026-01-27,pending,860440.77,EUR,LATAM,CP0368,SWAP,TDR0033,BOOK_D,2025-01-25
TXN0002848544,APP011,2025-02-01,settled,156071.54,GBP,APAC,CP0190,FX,TDR0066,BOOK_A,2025-01-13
TXN0009944752,APP004,2025-12-14,pending,185886.21,JPY,APAC,CP0183,FX,TDR0012,BOOK_C,2025-12-23
TXN0000029803,APP003,2025-11-07,active,105495.45,AUD,LATAM,CP0360,EQUITY,TDR0001,BOOK_D,2026-02-04
TXN0003148265,APP008,2025-07-02,active,783123.3,JPY,LATAM,CP0144,SWAP,TDR0193,BOOK_B,2025-03-31
TXN0000416965,APP009,2025-03-12,failed,939804.68,USD,AMER,CP0358,OPTION,TDR0053,BOOK_D,2025-02-20
TXN0004941899,APP002,2025-11-09,failed,407545.05,JPY,EMEA,CP0111,BOND,TDR0024,BOOK_C,2026-02-13
TXN0002494608,APP008,2025-07-14,failed,140945.99,USD,EMEA,CP0075,FX,TDR0118,BOOK_A,2025-12-11
TXN0003139429,APP003,2026-02-16,reversed,414854.94,GBP,APAC,CP0148,BOND,TDR0023,BOOK_C,2026-03-06
TXN0006998969,APP017,2025-10-11,reversed,700094.6,GBP,AMER,CP0148,FUTURE,TDR0014,BOOK_D,2025-05-01
TXN0004366316,APP002,2025-03-24,pending,430662.79,USD,EMEA,CP0439,FX,TDR0034,BOOK_B,2025-04-20
TXN0001170923,APP015,2025-01-30,settled,978280.95,GBP,APAC,CP0367,FUTURE,TDR0140,BOOK_A,2026-01-16
TXN0008016839,APP017,2025-03-25,settled,217973.0,USD,EMEA,CP0400,FX,TDR0069,BOOK_D,2026-03-29
TXN0003357641,APP016,2025-12-24,reversed,890895.54,JPY,APAC,CP0255,EQUITY,TDR0047,BOOK_C,2025-01-12
TXN0001790492,APP012,2025-09-08,settled,920930.48,GBP,EMEA,CP0365,FUTURE,TDR0164,BOOK_C,2025-07-31
TXN0000195832,APP011,2025-12-07,settled,612056.55,JPY,AMER,CP0239,OPTION,TDR0041,BOOK_D,2025-05-24
TXN0007504353,APP019,2026-03-05,active,789037.93,EUR,EMEA,CP0166,BOND,TDR0163,BOOK_D,2025-11-24
TXN0006153199,APP001,2025-06-27,reversed,510556.84,AUD,APAC,CP0222,EQUITY,TDR0044,BOOK_C,2025-04-17
TXN0009811281,APP003,2025-08-16,settled,584337.47,USD,LATAM,CP0091,BOND,TDR0004,BOOK_C,2025-06-08
TXN0001393009,APP012,2025-08-06,failed,978638.76,JPY,LATAM,CP0395,BOND,TDR0174,BOOK_A,2025-01-14
TXN0004602263,APP009,2025-02-26,active,265084.01,USD,EMEA,CP0475,SWAP,TDR0100,BOOK_B,2025-12-16
TXN0004968903,APP013,2025-04-13,reversed,108803.38,EUR,EMEA,CP0365,FX,TDR0070,BOOK_B,2026-03-01
TXN0000897950,APP004,2025-10-10,failed,789343.1,GBP,AMER,CP0486,BOND,TDR0013,BOOK_C,2025-12-07
TXN0007223821,APP011,2025-06-02,settled,576215.68,JPY,AMER,CP0417,BOND,TDR0103,BOOK_C,2026-01-23
TXN0006246863,APP002,2025-05-21,settled,286703.51,JPY,LATAM,CP0021,FUTURE,TDR0200,BOOK_B,2025-03-22
TXN0001427111,APP019,2026-03-17,pending,516689.07,AUD,APAC,CP0008,SWAP,TDR0136,BOOK_C,2025-09-06
TXN0003275768,APP004,2025-12-21,pending,511612.14,JPY,AMER,CP0163,OPTION,TDR0058,BOOK_A,2025-03-10
TXN0004036522,APP006,2025-12-29,settled,178690.44,JPY,LATAM,CP0434,SWAP,TDR0102,BOOK_D,2025-09-29
TXN0007129632,APP017,2025-06-03,active,308158.52,USD,LATAM,CP0062,FX,TDR0157,BOOK_B,2025-03-01
TXN0001267662,APP005,2026-01-26,active,394705.62,EUR,AMER,CP0114,OPTION,TDR0197,BOOK_C,2025-03-12
TXN0009388055,APP016,2025-05-02,pending,708237.35,GBP,AMER,CP0253,FX,TDR0108,BOOK_D,2026-01-14
TXN0002905874,APP008,2025-04-15,failed,150985.17,CHF,LATAM,CP0059,OPTION,TDR0150,BOOK_C,2025-04-06
TXN0002226923,APP019,2025-02-18,active,48508.98,JPY,EMEA,CP0068,SWAP,TDR0008,BOOK_D,2026-03-11
TXN0005549284,APP013,2026-01-21,pending,817368.29,EUR,AMER,CP0494,FX,TDR0072,BOOK_B,2025-05-06
TXN0000829207,APP018,2025-11-24,reversed,633809.84,AUD,AMER,CP0295,OPTION,TDR0145,BOOK_C,2026-02-11
TXN0003881906,APP009,2025-12-16,pending,859646.81,USD,EMEA,CP0393,SWAP,TDR0041,BOOK_A,2025-03-16
TXN0001424520,APP008,2025-08-26,settled,747244.46,CHF,APAC,CP0155,FUTURE,TDR0041,BOOK_C,2026-04-01
TXN0002747479,APP009,2025-03-31,reversed,377072.28,AUD,EMEA,CP0158,FX,TDR0133,BOOK_B,2026-04-02
TXN0007664054,APP012,2025-12-17,reversed,65583.53,EUR,AMER,CP0362,FX,TDR0173,BOOK_A,2025-07-01
TXN0003704820,APP010,2025-02-27,pending,181666.11,JPY,EMEA,CP0325,OPTION,TDR0077,BOOK_D,2025-04-11
TXN0009366025,APP008,2025-12-04,reversed,725626.66,AUD,APAC,CP0092,FUTURE,TDR0004,BOOK_A,2025-02-15
TXN0007705135,APP016,2025-06-22,reversed,595319.01,JPY,LATAM,CP0090,FX,TDR0128,BOOK_A,2025-04-26
TXN0009708442,APP013,2026-04-02,pending,372860.17,AUD,AMER,CP0184,OPTION,TDR0123,BOOK_A,2026-02-06
TXN0004741486,APP016,2025-01-30,settled,99497.09,GBP,APAC,CP0204,SWAP,TDR0022,BOOK_C,2025-07-13
TXN0003012728,APP016,2025-01-31,reversed,486171.04,USD,LATAM,CP0359,FX,TDR0111,BOOK_A,2025-09-28
TXN0008722178,APP012,2025-11-27,reversed,880386.31,JPY,EMEA,CP0169,OPTION,TDR0174,BOOK_C,2025-12-24
TXN0008060646,APP001,2025-07-25,pending,551741.56,USD,APAC,CP0082,EQUITY,TDR0011,BOOK_A,2025-05-31
TXN0005197431,APP014,2025-03-12,settled,549525.1,AUD,LATAM,CP0456,FUTURE,TDR0139,BOOK_C,2025-09-12
TXN0009094346,APP002,2025-02-27,failed,932132.97,USD,APAC,CP0266,BOND,TDR0015,BOOK_D,2026-02-10
TXN0002151292,APP001,2026-03-17,reversed,499550.68,JPY,APAC,CP0089,EQUITY,TDR0018,BOOK_A,2025-08-24
TXN0007729334,APP004,2025-02-09,settled,512512.43,GBP,APAC,CP0082,EQUITY,TDR0020,BOOK_B,2025-05-17
TXN0009460568,APP018,2025-07-22,active,184446.3,EUR,AMER,CP0216,FX,TDR0019,BOOK_D,2025-12-31
TXN0008679741,APP005,2025-06-20,failed,90469.05,AUD,APAC,CP0065,SWAP,TDR0093,BOOK_D,2025-06-07
TXN0002697606,APP010,2025-05-02,settled,31204.2,EUR,EMEA,CP0263,BOND,TDR0097,BOOK_C,2026-02-14
TXN0003830365,APP011,2025-08-25,active,449878.45,EUR,EMEA,CP0396,FUTURE,TDR0010,BOOK_D,2025-07-03
TXN0004488521,APP017,2025-09-14,settled,216915.7,USD,LATAM,CP0333,OPTION,TDR0160,BOOK_A,2025-08-21
TXN0000080487,APP019,2026-01-09,active,696076.26,AUD,LATAM,CP0123,BOND,TDR0160,BOOK_D,2025-08-09
TXN0000669617,APP014,2025-09-28,reversed,710194.64,AUD,LATAM,CP0048,BOND,TDR0183,BOOK_A,2025-11-23
TXN0001007896,APP002,2025-04-08,active,640718.2,AUD,APAC,CP0090,EQUITY,TDR0024,BOOK_B,2025-02-28
TXN0005990115,APP012,2025-04-10,pending,961721.58,GBP,LATAM,CP0209,FX,TDR0046,BOOK_A,2026-03-29
TXN0009875097,APP004,2025-11-07,failed,765684.18,CHF,LATAM,CP0140,OPTION,TDR0105,BOOK_A,2025-11-10
TXN0000240173,APP003,2025-09-06,active,907789.41,JPY,AMER,CP0053,SWAP,TDR0147,BOOK_A,2026-03-27
TXN0009694461,APP008,2026-03-28,active,157438.43,CHF,AMER,CP0372,EQUITY,TDR0017,BOOK_A,2025-10-09
TXN0008216042,APP005,2025-06-02,pending,136938.86,JPY,EMEA,CP0340,FX,TDR0131,BOOK_C,2025-07-14
TXN0007005218,APP013,2025-03-28,pending,385853.98,AUD,AMER,CP0361,OPTION,TDR0162,BOOK_B,2026-03-01
TXN0001132170,APP004,2026-01-20,failed,989797.17,EUR,LATAM,CP0416,SWAP,TDR0086,BOOK_D,2025-06-18
TXN0000143334,APP006,2026-01-01,reversed,988138.63,EUR,AMER,CP0182,EQUITY,TDR0151,BOOK_C,2025-12-17
TXN0009399862,APP003,2025-12-10,reversed,445214.13,JPY,AMER,CP0204,FUTURE,TDR0074,BOOK_D,2026-04-09
TXN0009031327,APP003,2025-09-18,pending,881081.71,USD,APAC,CP0446,OPTION,TDR0098,BOOK_D,2025-10-04
TXN0002746994,APP011,2025-06-10,active,621819.78,JPY,AMER,CP0400,EQUITY,TDR0085,BOOK_B,2025-04-17
TXN0004093956,APP015,2026-01-20,active,50095.93,GBP,LATAM,CP0282,BOND,TDR0081,BOOK_A,2026-03-03
TXN0008884560,APP005,2025-08-15,settled,679047.96,EUR,LATAM,CP0144,OPTION,TDR0090,BOOK_A,2025-12-04
TXN0005865121,APP016,2025-04-14,settled,914441.02,EUR,AMER,CP0128,EQUITY,TDR0105,BOOK_C,2026-03-09
TXN0002664654,APP014,2025-02-20,pending,591918.66,JPY,APAC,CP0460,EQUITY,TDR0034,BOOK_D,2025-09-26
TXN0007041049,APP014,2026-02-02,settled,413061.21,EUR,APAC,CP0261,SWAP,TDR0121,BOOK_C,2025-06-27
TXN0009250482,APP008,2025-12-23,failed,868427.63,JPY,LATAM,CP0455,SWAP,TDR0185,BOOK_A,2025-02-06
TXN0009404120,APP010,2025-03-15,reversed,656914.69,EUR,AMER,CP0450,OPTION,TDR0072,BOOK_A,2025-06-07
TXN0006201820,APP011,2025-07-13,settled,267155.98,JPY,AMER,CP0034,SWAP,TDR0071,BOOK_D,2025-03-27
TXN0009118148,APP010,2025-08-07,reversed,612331.43,USD,AMER,CP0089,SWAP,TDR0140,BOOK_B,2025-10-27
TXN0009274386,APP003,2026-03-25,settled,646476.37,GBP,LATAM,CP0138,BOND,TDR0187,BOOK_A,2025-09-23
TXN0008096121,APP004,2025-12-25,reversed,655973.98,AUD,LATAM,CP0232,OPTION,TDR0048,BOOK_C,2025-12-12
TXN0007384998,APP020,2025-12-09,reversed,538105.56,USD,LATAM,CP0265,EQUITY,TDR0052,BOOK_D,2025-02-17
TXN0000530167,APP012,2025-07-28,failed,834589.38,USD,LATAM,CP0303,EQUITY,TDR0164,BOOK_C,2026-01-05
TXN0009959859,APP004,2025-09-15,reversed,911234.58,JPY,LATAM,CP0065,SWAP,TDR0072,BOOK_C,2025-10-21
TXN0004062149,APP008,2025-01-16,failed,837781.26,CHF,LATAM,CP0352,FX,TDR0089,BOOK_B,2025-12-23
TXN0000706144,APP015,2026-04-10,settled,540720.18,EUR,LATAM,CP0378,EQUITY,TDR0120,BOOK_C,2025-04-03
TXN0003475573,APP015,2025-10-18,failed,889543.97,GBP,AMER,CP0028,FX,TDR0117,BOOK_B,2025-07-29
TXN0006257115,APP005,2026-01-23,reversed,402769.11,GBP,LATAM,CP0291,OPTION,TDR0174,BOOK_B,2025-12-27
TXN0005715550,APP003,2025-07-13,reversed,415130.8,CHF,LATAM,CP0251,FX,TDR0139,BOOK_C,2025-09-07
TXN0001774592,APP007,2026-04-13,failed,391456.64,AUD,APAC,CP0353,EQUITY,TDR0029,BOOK_D,2025-12-13
TXN0001411857,APP007,2025-07-03,failed,812697.02,JPY,EMEA,CP0163,OPTION,TDR0144,BOOK_C,2026-03-10
TXN0009344179,APP002,2025-08-27,settled,436404.84,GBP,AMER,CP0192,BOND,TDR0108,BOOK_A,2025-03-09
TXN0002081694,APP009,2025-03-05,pending,373584.23,JPY,EMEA,CP0072,FUTURE,TDR0112,BOOK_C,2025-09-01
TXN0001459010,APP001,2025-05-29,active,273982.72,USD,APAC,CP0206,OPTION,TDR0030,BOOK_A,2025-12-31
TXN0004680051,APP008,2025-08-10,pending,268532.55,EUR,APAC,CP0408,FX,TDR0140,BOOK_B,2025-11-06
TXN0003139352,APP006,2025-06-03,settled,358527.75,USD,AMER,CP0070,BOND,TDR0091,BOOK_C,2025-05-16
TXN0007727448,APP003,2025-04-05,failed,202823.46,AUD,APAC,CP0436,BOND,TDR0163,BOOK_C,2025-04-20
TXN0003066942,APP003,2025-08-26,active,87971.76,JPY,EMEA,CP0303,EQUITY,TDR0094,BOOK_B,2025-11-17
TXN0003439647,APP016,2025-10-06,reversed,644932.29,GBP,AMER,CP0451,SWAP,TDR0159,BOOK_C,2025-06-21
TXN0001108036,APP017,2026-01-03,active,853833.5,EUR,EMEA,CP0487,BOND,TDR0151,BOOK_C,2025-04-11
TXN0000362325,APP007,2026-03-09,pending,357374.25,JPY,LATAM,CP0179,SWAP,TDR0129,BOOK_B,2026-02-18
TXN0009251821,APP009,2025-03-02,settled,875215.3,USD,EMEA,CP0120,BOND,TDR0099,BOOK_B,2025-05-03
TXN0000611051,APP013,2025-11-13,active,301311.67,GBP,LATAM,CP0226,FUTURE,TDR0023,BOOK_B,2025-07-24
TXN0000181517,APP012,2026-02-02,failed,734836.32,USD,LATAM,CP0168,BOND,TDR0176,BOOK_D,2025-12-10
TXN0006611565,APP016,2026-03-15,pending,758546.38,AUD,AMER,CP0190,FUTURE,TDR0140,BOOK_D,2025-01-13
TXN0005712745,APP003,2026-01-29,reversed,414383.33,USD,EMEA,CP0022,EQUITY,TDR0100,BOOK_D,2025-04-13
TXN0008483019,APP003,2026-02-02,reversed,960815.26,EUR,APAC,CP0172,FX,TDR0197,BOOK_C,2025-04-30
TXN0004194426,APP013,2025-07-25,pending,178707.87,GBP,LATAM,CP0466,OPTION,TDR0154,BOOK_B,2025-11-10
TXN0007043191,APP013,2026-03-12,active,154456.51,GBP,EMEA,CP0255,FUTURE,TDR0107,BOOK_C,2025-12-07
TXN0004330810,APP017,2025-06-30,active,14592.44,CHF,AMER,CP0388,BOND,TDR0061,BOOK_A,2025-01-06
TXN0005088122,APP006,2025-08-22,failed,813224.85,AUD,LATAM,CP0429,FX,TDR0018,BOOK_B,2025-10-22
TXN0006144259,APP012,2026-03-16,pending,665119.89,CHF,AMER,CP0001,OPTION,TDR0160,BOOK_B,2025-08-24
TXN0007150016,APP006,2025-11-15,reversed,309201.28,AUD,APAC,CP0027,BOND,TDR0041,BOOK_C,2025-02-10
TXN0008905197,APP012,2025-08-19,pending,420147.41,AUD,AMER,CP0390,BOND,TDR0016,BOOK_A,2025-01-17
TXN0008052273,APP020,2025-08-09,settled,735616.64,GBP,LATAM,CP0345,BOND,TDR0084,BOOK_A,2025-11-22
TXN0009868762,APP008,2025-11-18,settled,361670.01,AUD,EMEA,CP0228,FUTURE,TDR0186,BOOK_A,2025-03-30
TXN0006056029,APP003,2025-01-12,reversed,646750.06,AUD,APAC,CP0266,FX,TDR0151,BOOK_C,2026-04-08
TXN0007799395,APP002,2025-10-30,failed,511631.48,EUR,AMER,CP0357,OPTION,TDR0142,BOOK_A,2025-05-24
TXN0009488357,APP007,2025-03-18,pending,409263.8,AUD,AMER,CP0450,EQUITY,TDR0096,BOOK_A,2025-04-15
TXN0001737977,APP009,2025-02-10,reversed,384719.48,CHF,APAC,CP0141,EQUITY,TDR0108,BOOK_D,2025-11-05
TXN0000111298,APP010,2025-08-05,settled,893760.68,CHF,AMER,CP0004,EQUITY,TDR0024,BOOK_D,2026-03-05
TXN0007360669,APP008,2025-11-18,pending,682746.04,JPY,EMEA,CP0309,EQUITY,TDR0196,BOOK_D,2025-08-08
TXN0005309991,APP012,2025-12-25,settled,752884.32,GBP,AMER,CP0272,BOND,TDR0136,BOOK_A,2026-03-05
TXN0009941159,APP020,2025-08-20,settled,889222.14,AUD,EMEA,CP0281,OPTION,TDR0111,BOOK_C,2025-11-27
TXN0002617451,APP009,2026-03-18,active,292451.75,USD,AMER,CP0303,FX,TDR0007,BOOK_C,2026-04-10
TXN0008832766,APP015,2025-05-10,failed,611181.56,GBP,EMEA,CP0263,FX,TDR0048,BOOK_B,2026-01-11
TXN0002472941,APP001,2026-03-26,failed,469697.41,JPY,LATAM,CP0185,OPTION,TDR0166,BOOK_A,2025-01-17
TXN0002279372,APP013,2025-02-07,settled,693528.73,AUD,EMEA,CP0013,FUTURE,TDR0008,BOOK_C,2025-04-28
TXN0000433778,APP019,2025-08-16,reversed,937187.73,JPY,LATAM,CP0282,EQUITY,TDR0070,BOOK_A,2025-11-07
TXN0008352200,APP009,2026-01-15,reversed,936915.32,CHF,APAC,CP0107,SWAP,TDR0122,BOOK_A,2025-05-26
TXN0008277023,APP015,2025-08-19,failed,168408.49,AUD,LATAM,CP0048,OPTION,TDR0125,BOOK_A,2026-03-08
TXN0005873195,APP003,2025-03-21,failed,137063.21,EUR,AMER,CP0083,SWAP,TDR0156,BOOK_D,2025-10-19
TXN0003388083,APP016,2026-03-05,active,562211.32,AUD,AMER,CP0443,EQUITY,TDR0160,BOOK_C,2025-01-16
TXN0001832069,APP018,2025-03-23,settled,867017.69,GBP,AMER,CP0078,FUTURE,TDR0009,BOOK_A,2025-10-15
TXN0009636626,APP003,2025-01-17,failed,499270.77,CHF,EMEA,CP0136,BOND,TDR0188,BOOK_D,2025-04-10
TXN0005451213,APP009,2025-02-05,reversed,792885.31,CHF,AMER,CP0201,BOND,TDR0109,BOOK_C,2025-01-18
TXN0007899510,APP006,2025-05-27,failed,4753.17,AUD,EMEA,CP0179,FX,TDR0016,BOOK_B,2026-02-06
TXN0004680817,APP010,2026-02-27,active,570660.24,GBP,LATAM,CP0322,OPTION,TDR0197,BOOK_C,2025-07-19
TXN0009470622,APP020,2025-02-11,pending,269518.34,CHF,APAC,CP0244,FX,TDR0061,BOOK_A,2025-11-09
TXN0002629543,APP008,2025-10-28,failed,464435.88,GBP,APAC,CP0390,OPTION,TDR0152,BOOK_A,2026-01-27
TXN0005960850,APP020,2026-02-03,reversed,646180.58,AUD,LATAM,CP0278,FUTURE,TDR0050,BOOK_B,2025-03-22
TXN0007285316,APP009,2026-02-14,failed,245343.79,AUD,AMER,CP0165,OPTION,TDR0036,BOOK_D,2026-04-07
TXN0005938608,APP005,2026-02-05,pending,491433.75,AUD,LATAM,CP0161,FUTURE,TDR0072,BOOK_B,2025-03-09
TXN0002341692,APP007,2025-08-10,failed,360890.93,JPY,AMER,CP0270,BOND,TDR0029,BOOK_B,2026-03-20
TXN0003454618,APP019,2025-11-01,active,232022.21,JPY,APAC,CP0254,OPTION,TDR0153,BOOK_A,2025-04-27
TXN0009656447,APP010,2025-02-13,reversed,561329.25,EUR,EMEA,CP0181,SWAP,TDR0010,BOOK_A,2025-11-06
TXN0002123666,APP020,2026-03-23,settled,16072.84,JPY,AMER,CP0039,BOND,TDR0118,BOOK_A,2025-09-12
TXN0006427991,APP010,2025-07-24,reversed,154474.58,AUD,EMEA,CP0144,FUTURE,TDR0048,BOOK_A,2025-01-01
TXN0009176879,APP016,2025-11-16,reversed,690486.7,USD,APAC,CP0152,OPTION,TDR0187,BOOK_C,2025-03-04
TXN0005991078,APP016,2026-01-17,pending,806278.33,USD,EMEA,CP0120,FX,TDR0033,BOOK_B,2025-10-01
TXN0006650227,APP019,2025-03-14,reversed,367795.9,EUR,LATAM,CP0024,FX,TDR0116,BOOK_D,2025-11-16
TXN0004575400,APP019,2026-03-31,failed,741315.71,JPY,APAC,CP0393,SWAP,TDR0122,BOOK_C,2025-04-23
TXN0003106002,APP019,2025-05-23,active,562163.59,CHF,APAC,CP0431,FX,TDR0166,BOOK_D,2025-05-16
TXN0004769821,APP008,2025-12-02,failed,515070.08,EUR,APAC,CP0480,OPTION,TDR0185,BOOK_D,2026-04-08
TXN0002641838,APP004,2026-01-10,failed,98211.7,USD,EMEA,CP0210,EQUITY,TDR0012,BOOK_C,2025-11-20
TXN0007281434,APP003,2025-11-26,failed,841227.52,AUD,LATAM,CP0202,EQUITY,TDR0127,BOOK_B,2025-08-07
TXN0001861140,APP018,2025-12-03,pending,51370.21,GBP,AMER,CP0036,OPTION,TDR0152,BOOK_A,2025-04-28
TXN0007978326,APP003,2025-09-04,failed,148046.54,JPY,EMEA,CP0415,FX,TDR0173,BOOK_D,2025-02-04
TXN0005521568,APP005,2025-04-12,failed,82895.97,JPY,LATAM,CP0490,FUTURE,TDR0130,BOOK_C,2025-09-23
TXN0002988275,APP012,2025-04-02,settled,200741.52,USD,LATAM,CP0153,SWAP,TDR0047,BOOK_A,2025-02-18
TXN0006860725,APP020,2025-10-13,settled,940610.85,USD,LATAM,CP0308,FUTURE,TDR0014,BOOK_B,2025-02-10
TXN0001300362,APP013,2025-04-25,pending,125528.3,JPY,AMER,CP0442,SWAP,TDR0062,BOOK_A,2025-07-06
TXN0003994949,APP005,2026-02-09,active,533728.12,JPY,LATAM,CP0499,EQUITY,TDR0183,BOOK_A,2025-09-20
TXN0005318337,APP015,2025-01-18,settled,119245.29,USD,EMEA,CP0031,FX,TDR0127,BOOK_D,2026-03-16
TXN0006474721,APP014,2025-06-11,pending,385997.83,AUD,LATAM,CP0166,FX,TDR0193,BOOK_A,2025-01-12
TXN0007582386,APP010,2025-02-21,active,103782.1,JPY,AMER,CP0087,FUTURE,TDR0151,BOOK_C,2025-08-11
TXN0008030078,APP019,2025-11-08,reversed,173256.71,EUR,APAC,CP0058,OPTION,TDR0098,BOOK_C,2025-01-12
TXN0007167959,APP018,2026-01-07,active,788307.72,EUR,EMEA,CP0384,FX,TDR0051,BOOK_C,2026-03-02
TXN0003866104,APP002,2025-08-14,pending,129659.72,CHF,LATAM,CP0377,FX,TDR0115,BOOK_D,2025-06-13
TXN0000081316,APP019,2025-12-06,failed,59479.1,AUD,APAC,CP0184,FUTURE,TDR0187,BOOK_B,2025-07-11
TXN0003297028,APP009,2025-07-06,reversed,102415.59,EUR,EMEA,CP0095,BOND,TDR0065,BOOK_B,2025-10-28
TXN0003426224,APP014,2025-09-01,failed,474473.55,GBP,AMER,CP0036,SWAP,TDR0059,BOOK_D,2025-05-03
TXN0007489891,APP003,2025-01-03,failed,662993.22,USD,EMEA,CP0318,SWAP,TDR0139,BOOK_D,2025-03-16
TXN0009385681,APP020,2025-05-08,pending,836403.29,AUD,APAC,CP0386,EQUITY,TDR0033,BOOK_A,2025-01-14
TXN0004434811,APP016,2025-04-23,pending,229030.0,CHF,AMER,CP0469,FX,TDR0145,BOOK_D,2025-03-25
TXN0001964731,APP011,2025-07-14,active,275753.96,GBP,LATAM,CP0378,SWAP,TDR0138,BOOK_C,2025-05-31
TXN0004615230,APP001,2025-07-17,reversed,203262.66,GBP,LATAM,CP0200,SWAP,TDR0040,BOOK_D,2025-09-20
TXN0003789979,APP016,2025-03-01,reversed,790124.99,EUR,APAC,CP0080,BOND,TDR0009,BOOK_C,2026-01-12
TXN0009710604,APP015,2025-04-13,active,214574.52,JPY,AMER,CP0474,OPTION,TDR0167,BOOK_B,2025-06-07
TXN0006137231,APP010,2025-12-06,pending,681099.58,CHF,LATAM,CP0219,EQUITY,TDR0154,BOOK_B,2025-09-17
TXN0003136802,APP012,2026-01-25,failed,199219.73,CHF,AMER,CP0116,BOND,TDR0119,BOOK_A,2025-07-01
TXN0002743940,APP007,2026-03-29,active,392948.67,EUR,LATAM,CP0392,SWAP,TDR0148,BOOK_C,2025-12-21
TXN0002146647,APP012,2025-07-10,settled,828935.13,USD,LATAM,CP0372,EQUITY,TDR0161,BOOK_C,2026-01-06
TXN0001988804,APP009,2025-11-01,pending,346435.18,JPY,EMEA,CP0046,FX,TDR0086,BOOK_A,2025-01-22
TXN0005472858,APP003,2025-10-11,pending,711187.0,AUD,LATAM,CP0370,BOND,TDR0122,BOOK_D,2025-07-18
TXN0004342338,APP017,2025-11-03,failed,673506.69,AUD,AMER,CP0312,FX,TDR0193,BOOK_D,2025-08-03
TXN0004777093,APP014,2025-08-13,reversed,641897.44,EUR,AMER,CP0266,BOND,TDR0004,BOOK_B,2025-05-24
TXN0003975586,APP019,2025-02-19,reversed,361919.6,GBP,LATAM,CP0118,OPTION,TDR0034,BOOK_C,2026-04-12
TXN0009637373,APP001,2025-09-15,active,284989.91,CHF,APAC,CP0095,FUTURE,TDR0184,BOOK_D,2025-08-20
TXN0007495333,APP005,2025-04-02,failed,234425.14,USD,APAC,CP0169,SWAP,TDR0171,BOOK_D,2025-02-11
TXN0009055916,APP009,2025-08-25,active,105858.46,AUD,AMER,CP0465,FUTURE,TDR0001,BOOK_D,2025-02-03
TXN0005618804,APP013,2025-11-28,settled,372111.16,CHF,APAC,CP0151,OPTION,TDR0160,BOOK_C,2025-07-17
TXN0004747384,APP011,2025-03-16,pending,95204.38,EUR,AMER,CP0195,FUTURE,TDR0152,BOOK_A,2025-08-10
TXN0004474018,APP005,2025-09-16,active,638958.1,EUR,AMER,CP0218,EQUITY,TDR0024,BOOK_A,2025-05-29
TXN0002848777,APP014,2025-01-19,pending,301004.23,AUD,APAC,CP0237,FX,TDR0199,BOOK_B,2026-02-13
TXN0008004042,APP017,2026-01-13,failed,431357.5,EUR,EMEA,CP0335,SWAP,TDR0037,BOOK_D,2025-02-24
TXN0007052809,APP009,2025-03-04,pending,849727.88,JPY,APAC,CP0348,OPTION,TDR0198,BOOK_C,2025-06-08
TXN0007130017,APP016,2025-05-28,failed,558093.47,CHF,AMER,CP0227,FX,TDR0024,BOOK_A,2026-03-27
TXN0009714808,APP003,2025-11-09,pending,763914.31,USD,APAC,CP0114,FUTURE,TDR0023,BOOK_C,2025-06-14
TXN0006768649,APP018,2026-02-09,pending,63888.04,JPY,EMEA,CP0408,EQUITY,TDR0130,BOOK_C,2025-12-07
TXN0007976274,APP002,2026-01-07,failed,716922.62,JPY,LATAM,CP0412,OPTION,TDR0009,BOOK_B,2026-01-28
TXN0008414142,APP010,2025-02-13,reversed,229744.7,USD,APAC,CP0354,EQUITY,TDR0128,BOOK_A,2026-03-22
TXN0009839712,APP018,2026-01-22,active,510530.7,AUD,LATAM,CP0421,OPTION,TDR0042,BOOK_D,2025-11-11
TXN0005821628,APP008,2025-03-31,active,416272.1,AUD,EMEA,CP0217,EQUITY,TDR0104,BOOK_B,2026-02-06
TXN0003133811,APP003,2025-06-14,reversed,572672.35,USD,AMER,CP0344,FX,TDR0176,BOOK_C,2025-11-24
TXN0002230046,APP016,2025-04-06,settled,378637.51,CHF,APAC,CP0115,SWAP,TDR0028,BOOK_D,2025-06-07
TXN0005298485,APP007,2025-12-26,settled,160121.22,CHF,LATAM,CP0275,SWAP,TDR0027,BOOK_A,2025-03-05
TXN0001740674,APP013,2025-05-31,settled,592302.84,AUD,EMEA,CP0373,FX,TDR0079,BOOK_D,2025-04-02
TXN0003860693,APP018,2025-12-17,settled,139129.03,USD,AMER,CP0073,EQUITY,TDR0106,BOOK_A,2025-06-30
TXN0009330089,APP013,2025-11-10,reversed,105872.85,USD,APAC,CP0407,SWAP,TDR0005,BOOK_A,2026-01-29
TXN0001720265,APP017,2025-05-29,reversed,30387.38,CHF,AMER,CP0165,SWAP,TDR0154,BOOK_D,2025-10-30
TXN0008414707,APP012,2025-07-05,active,126013.4,CHF,AMER,CP0036,FUTURE,TDR0162,BOOK_B,2025-08-30
TXN0006668257,APP018,2025-10-06,active,634614.08,JPY,APAC,CP0010,OPTION,TDR0074,BOOK_B,2025-10-31
TXN0002112996,APP015,2025-08-20,settled,920251.55,USD,APAC,CP0344,FX,TDR0100,BOOK_D,2025-06-24
TXN0000799231,APP016,2025-11-02,failed,349610.49,CHF,AMER,CP0080,FUTURE,TDR0079,BOOK_D,2025-11-11
TXN0002031305,APP018,2025-09-03,settled,270455.94,JPY,AMER,CP0172,BOND,TDR0093,BOOK_B,2025-08-07
TXN0005164571,APP017,2026-01-06,reversed,596907.53,USD,EMEA,CP0460,EQUITY,TDR0062,BOOK_C,2025-11-15
TXN0007708441,APP013,2025-12-03,active,957893.23,AUD,EMEA,CP0069,FX,TDR0066,BOOK_A,2025-04-11
TXN0009424811,APP011,2025-01-31,reversed,823079.97,GBP,LATAM,CP0462,FX,TDR0009,BOOK_D,2026-03-31
TXN0009781039,APP002,2026-02-23,active,276117.58,AUD,AMER,CP0220,OPTION,TDR0129,BOOK_D,2026-02-24
TXN0005025454,APP011,2025-11-20,settled,496062.13,GBP,LATAM,CP0232,OPTION,TDR0152,BOOK_C,2025-10-07
TXN0005101326,APP005,2025-11-13,failed,880225.95,CHF,EMEA,CP0488,OPTION,TDR0192,BOOK_D,2025-10-04
TXN0004279773,APP011,2026-02-25,reversed,733165.55,EUR,EMEA,CP0317,FUTURE,TDR0094,BOOK_A,2025-09-21
TXN0002540578,APP019,2025-02-15,settled,262979.64,CHF,EMEA,CP0145,BOND,TDR0169,BOOK_C,2025-11-17
TXN0002524931,APP003,2026-03-23,pending,585173.14,EUR,EMEA,CP0428,FUTURE,TDR0189,BOOK_B,2026-03-03
TXN0007199935,APP003,2026-02-28,settled,295793.87,GBP,AMER,CP0434,FUTURE,TDR0143,BOOK_D,2025-09-27
TXN0003210729,APP013,2026-02-08,settled,618557.65,JPY,EMEA,CP0431,SWAP,TDR0150,BOOK_B,2025-11-05
TXN0008417289,APP015,2025-06-05,pending,362355.52,JPY,LATAM,CP0119,FX,TDR0008,BOOK_A,2025-07-12
TXN0000647255,APP016,2025-12-31,failed,195344.01,GBP,LATAM,CP0103,EQUITY,TDR0116,BOOK_A,2025-10-04
TXN0004104357,APP020,2025-05-21,pending,659018.64,JPY,LATAM,CP0006,SWAP,TDR0160,BOOK_B,2026-03-13
TXN0005150620,APP004,2025-06-30,failed,489197.19,AUD,EMEA,CP0321,FX,TDR0155,BOOK_A,2025-06-12
TXN0000574533,APP002,2026-03-22,active,798539.95,AUD,LATAM,CP0073,FX,TDR0190,BOOK_D,2026-03-30
TXN0006604932,APP018,2025-02-28,reversed,389029.14,CHF,AMER,CP0142,FUTURE,TDR0195,BOOK_B,2025-02-21
TXN0005722443,APP007,2025-04-29,settled,352510.75,JPY,LATAM,CP0137,FUTURE,TDR0128,BOOK_B,2025-12-16
TXN0002031843,APP005,2026-02-26,pending,855748.86,EUR,LATAM,CP0130,FUTURE,TDR0143,BOOK_A,2025-02-25
TXN0008576095,APP004,2026-03-03,failed,641653.22,EUR,AMER,CP0187,EQUITY,TDR0174,BOOK_A,2025-05-09
TXN0007450169,APP015,2025-10-05,reversed,940057.35,CHF,EMEA,CP0223,FUTURE,TDR0002,BOOK_B,2026-04-09
TXN0003991322,APP017,2025-08-01,failed,921067.9,EUR,AMER,CP0337,EQUITY,TDR0031,BOOK_C,2025-02-20
TXN0007418347,APP002,2025-01-12,pending,972110.64,CHF,APAC,CP0019,OPTION,TDR0010,BOOK_A,2025-03-01
TXN0004049778,APP009,2025-01-14,settled,608150.65,AUD,AMER,CP0192,EQUITY,TDR0144,BOOK_A,2025-07-22
TXN0001883713,APP001,2025-07-29,pending,655602.81,JPY,AMER,CP0450,FUTURE,TDR0200,BOOK_C,2026-01-02
TXN0007889503,APP019,2025-03-17,settled,718535.74,GBP,EMEA,CP0038,BOND,TDR0065,BOOK_A,2026-01-21
TXN0003238859,APP019,2025-12-30,reversed,908572.64,AUD,EMEA,CP0395,EQUITY,TDR0048,BOOK_C,2025-11-26
TXN0001297615,APP016,2025-01-26,reversed,694739.72,CHF,AMER,CP0369,BOND,TDR0164,BOOK_C,2025-07-26
TXN0006900401,APP004,2025-08-04,failed,432876.08,AUD,AMER,CP0086,SWAP,TDR0174,BOOK_D,2025-04-12
TXN0005413203,APP009,2026-02-07,settled,601901.31,JPY,EMEA,CP0451,BOND,TDR0074,BOOK_B,2025-07-08
TXN0007374460,APP013,2025-09-05,pending,860945.92,USD,LATAM,CP0057,FX,TDR0194,BOOK_C,2025-12-16
TXN0009614822,APP003,2025-10-09,active,903308.99,EUR,LATAM,CP0347,OPTION,TDR0096,BOOK_C,2026-04-09
TXN0004882965,APP013,2025-06-30,reversed,955346.7,CHF,AMER,CP0034,SWAP,TDR0183,BOOK_D,2026-02-22
TXN0003299073,APP001,2025-11-18,active,522322.8,GBP,LATAM,CP0316,FUTURE,TDR0174,BOOK_C,2025-10-22
TXN0004970961,APP007,2025-09-02,reversed,906329.92,USD,LATAM,CP0399,BOND,TDR0050,BOOK_D,2025-09-16
TXN0001279378,APP005,2025-07-12,active,330044.75,CHF,AMER,CP0198,OPTION,TDR0119,BOOK_C,2025-09-17
TXN0001047859,APP004,2025-04-16,reversed,568412.47,EUR,EMEA,CP0092,BOND,TDR0134,BOOK_A,2025-02-23
TXN0004967092,APP014,2025-12-23,active,764565.14,EUR,EMEA,CP0267,FUTURE,TDR0114,BOOK_C,2025-05-06
TXN0004403300,APP013,2025-07-12,failed,7526.79,GBP,LATAM,CP0472,FUTURE,TDR0017,BOOK_C,2025-05-08
TXN0002228616,APP005,2025-03-25,failed,253204.08,CHF,EMEA,CP0433,EQUITY,TDR0057,BOOK_A,2025-02-18
TXN0003360521,APP019,2025-02-19,pending,960163.19,AUD,APAC,CP0447,EQUITY,TDR0072,BOOK_B,2025-04-22
TXN0001386056,APP017,2025-12-02,settled,529796.54,AUD,APAC,CP0163,BOND,TDR0045,BOOK_B,2025-07-10
TXN0008081978,APP017,2025-09-11,reversed,198957.97,GBP,EMEA,CP0009,EQUITY,TDR0176,BOOK_D,2025-12-06
TXN0006093896,APP006,2025-09-24,pending,872310.0,USD,LATAM,CP0029,OPTION,TDR0134,BOOK_A,2025-04-06
TXN0004143770,APP006,2025-06-19,pending,690173.8,JPY,EMEA,CP0414,FUTURE,TDR0184,BOOK_C,2025-09-02
TXN0001234594,APP016,2025-04-17,settled,261363.69,GBP,AMER,CP0232,EQUITY,TDR0166,BOOK_A,2025-02-06
TXN0007554468,APP004,2025-11-15,active,35254.73,AUD,LATAM,CP0122,BOND,TDR0101,BOOK_B,2025-05-04
TXN0002344354,APP015,2025-01-28,active,297566.59,JPY,LATAM,CP0269,BOND,TDR0068,BOOK_B,2025-02-22
TXN0005021257,APP014,2026-01-28,active,660410.5,EUR,APAC,CP0259,OPTION,TDR0180,BOOK_D,2025-02-28
TXN0001330315,APP003,2025-12-12,failed,40805.23,CHF,APAC,CP0222,BOND,TDR0110,BOOK_D,2026-01-17
TXN0004433160,APP005,2026-02-28,reversed,522168.77,CHF,APAC,CP0339,FUTURE,TDR0075,BOOK_B,2025-08-13
TXN0007146100,APP003,2026-04-11,pending,163853.63,EUR,LATAM,CP0218,EQUITY,TDR0009,BOOK_B,2025-08-12
TXN0005367539,APP012,2025-04-05,failed,534288.42,USD,LATAM,CP0490,BOND,TDR0128,BOOK_A,2026-03-30
TXN0004731080,APP014,2025-10-03,reversed,131224.44,USD,APAC,CP0397,SWAP,TDR0080,BOOK_B,2025-02-09
TXN0005583607,APP004,2025-12-31,active,395329.97,GBP,EMEA,CP0224,BOND,TDR0067,BOOK_C,2025-01-05
TXN0000330975,APP006,2025-05-07,reversed,305997.8,USD,LATAM,CP0076,OPTION,TDR0049,BOOK_B,2025-08-24
TXN0003125598,APP007,2026-02-04,settled,623093.85,JPY,AMER,CP0464,SWAP,TDR0084,BOOK_D,2025-02-22
TXN0001533727,APP001,2025-11-26,active,714859.79,USD,AMER,CP0176,SWAP,TDR0048,BOOK_B,2025-07-02
TXN0004326673,APP003,2026-01-17,active,71040.16,GBP,LATAM,CP0162,BOND,TDR0095,BOOK_D,2025-03-04
TXN0005579563,APP001,2026-01-22,reversed,825716.59,CHF,LATAM,CP0062,SWAP,TDR0112,BOOK_D,2025-11-07
TXN0009128937,APP016,2025-11-01,settled,496010.32,EUR,AMER,CP0085,OPTION,TDR0098,BOOK_C,2025-10-23
TXN0000542379,APP017,2025-06-02,settled,662460.56,CHF,APAC,CP0212,BOND,TDR0051,BOOK_A,2025-01-08
TXN0005860296,APP004,2025-03-03,pending,342340.86,AUD,APAC,CP0045,EQUITY,TDR0076,BOOK_D,2025-10-18
TXN0009794739,APP016,2026-02-18,pending,531840.99,USD,EMEA,CP0017,FUTURE,TDR0014,BOOK_B,2025-10-30
TXN0003323796,APP003,2025-07-29,reversed,873022.87,EUR,EMEA,CP0193,SWAP,TDR0132,BOOK_A,2026-01-19
TXN0008093279,APP006,2026-04-02,pending,383248.42,CHF,LATAM,CP0357,FX,TDR0170,BOOK_C,2025-06-04
TXN0009336297,APP014,2025-09-18,pending,52631.96,JPY,EMEA,CP0055,EQUITY,TDR0061,BOOK_A,2026-03-12
TXN0001693784,APP011,2026-02-03,pending,565275.39,EUR,APAC,CP0048,OPTION,TDR0010,BOOK_B,2025-09-16
TXN0008076245,APP012,2025-10-03,settled,915655.28,CHF,LATAM,CP0313,SWAP,TDR0174,BOOK_C,2025-01-22
TXN0008795530,APP015,2025-11-29,settled,18479.74,AUD,EMEA,CP0456,OPTION,TDR0087,BOOK_C,2025-03-07
TXN0004017282,APP007,2026-03-26,active,399961.83,CHF,LATAM,CP0393,SWAP,TDR0041,BOOK_C,2025-02-22
TXN0002462333,APP017,2026-02-13,reversed,838217.98,CHF,EMEA,CP0059,BOND,TDR0187,BOOK_A,2025-05-10
TXN0006100836,APP008,2025-01-04,pending,278492.08,CHF,APAC,CP0431,OPTION,TDR0001,BOOK_C,2025-01-23
TXN0009051457,APP008,2025-08-31,pending,738024.72,CHF,LATAM,CP0001,FX,TDR0187,BOOK_D,2025-12-18
TXN0007000563,APP010,2025-10-05,reversed,616938.93,JPY,LATAM,CP0219,OPTION,TDR0096,BOOK_C,2026-01-09
TXN0000331857,APP004,2025-02-12,pending,390788.66,CHF,AMER,CP0209,FX,TDR0050,BOOK_D,2025-05-31
TXN0002790020,APP017,2025-08-01,failed,135926.33,CHF,EMEA,CP0133,FX,TDR0162,BOOK_D,2025-09-16
TXN0004647139,APP003,2026-03-15,reversed,966826.96,EUR,LATAM,CP0126,BOND,TDR0182,BOOK_C,2026-01-23
TXN0007779755,APP009,2025-03-09,settled,938472.23,GBP,APAC,CP0254,FUTURE,TDR0088,BOOK_D,2025-06-19
TXN0002832211,APP012,2026-02-18,failed,591189.82,JPY,EMEA,CP0175,BOND,TDR0163,BOOK_A,2025-10-24
TXN0002797526,APP003,2025-05-09,settled,436715.11,GBP,AMER,CP0464,OPTION,TDR0121,BOOK_A,2025-08-04
TXN0001165243,APP008,2025-05-27,active,765915.02,GBP,LATAM,CP0489,FX,TDR0154,BOOK_C,2025-12-25
TXN0006958930,APP003,2025-08-15,pending,287872.43,EUR,LATAM,CP0485,SWAP,TDR0098,BOOK_A,2025-01-14
TXN0007848741,APP002,2025-03-30,active,766635.63,USD,EMEA,CP0085,EQUITY,TDR0040,BOOK_D,2025-05-04
TXN0002376620,APP018,2025-02-26,reversed,195654.23,USD,EMEA,CP0051,SWAP,TDR0165,BOOK_A,2025-11-17
TXN0004652377,APP020,2025-11-01,settled,681244.71,EUR,AMER,CP0103,FX,TDR0003,BOOK_A,2025-06-18
TXN0006665117,APP001,2025-12-21,failed,494682.37,JPY,LATAM,CP0021,OPTION,TDR0102,BOOK_D,2025-01-16
TXN0009114964,APP018,2026-04-02,pending,429430.79,CHF,AMER,CP0273,BOND,TDR0170,BOOK_A,2025-02-04
TXN0008022297,APP011,2025-07-19,settled,262826.72,AUD,AMER,CP0147,BOND,TDR0061,BOOK_B,2025-04-05
TXN0009109130,APP002,2025-03-31,reversed,757654.19,CHF,EMEA,CP0278,OPTION,TDR0038,BOOK_A,2025-05-04
TXN0004372142,APP018,2025-10-01,pending,384253.07,JPY,APAC,CP0175,FX,TDR0048,BOOK_B,2025-05-25
TXN0007103001,APP009,2026-01-02,pending,993542.56,CHF,APAC,CP0406,FX,TDR0179,BOOK_B,2025-08-02
TXN0008297035,APP001,2025-12-16,failed,965415.63,USD,AMER,CP0227,BOND,TDR0093,BOOK_D,2025-02-24
TXN0006992826,APP020,2025-12-20,active,174156.85,EUR,LATAM,CP0444,FUTURE,TDR0189,BOOK_A,2025-08-07
TXN0001239631,APP009,2026-01-03,failed,283127.27,CHF,LATAM,CP0409,BOND,TDR0059,BOOK_C,2025-12-23
TXN0007881845,APP008,2025-11-14,pending,243490.15,EUR,LATAM,CP0234,BOND,TDR0174,BOOK_D,2025-06-18
TXN0007331586,APP016,2026-01-06,active,290917.76,GBP,LATAM,CP0446,OPTION,TDR0190,BOOK_D,2025-10-25
TXN0007629097,APP002,2025-05-07,pending,165807.19,CHF,EMEA,CP0277,BOND,TDR0086,BOOK_D,2026-01-16
TXN0002544889,APP015,2026-02-24,active,856536.3,GBP,APAC,CP0490,FUTURE,TDR0152,BOOK_A,2025-07-12
TXN0005018258,APP001,2025-07-01,settled,982774.47,GBP,LATAM,CP0349,EQUITY,TDR0127,BOOK_B,2025-02-18
TXN0006376016,APP002,2026-04-03,failed,512867.91,GBP,AMER,CP0394,EQUITY,TDR0092,BOOK_D,2025-11-28
TXN0001170937,APP015,2025-12-12,active,855855.03,GBP,AMER,CP0359,FUTURE,TDR0191,BOOK_B,2025-12-30
TXN0000365344,APP017,2025-12-13,settled,625895.64,AUD,APAC,CP0274,EQUITY,TDR0183,BOOK_C,2025-04-16
TXN0008649440,APP003,2025-08-19,active,691238.99,EUR,EMEA,CP0320,FX,TDR0039,BOOK_B,2025-08-13
TXN0000201711,APP015,2025-08-31,pending,325057.37,USD,LATAM,CP0162,FUTURE,TDR0079,BOOK_D,2025-04-20
TXN0004386646,APP008,2025-01-27,failed,533327.89,AUD,APAC,CP0128,SWAP,TDR0169,BOOK_A,2025-05-27
TXN0007698207,APP016,2026-02-19,failed,950536.19,JPY,APAC,CP0122,FUTURE,TDR0063,BOOK_C,2025-11-06
TXN0005724442,APP002,2025-08-22,settled,344216.18,AUD,EMEA,CP0021,FUTURE,TDR0018,BOOK_B,2025-04-15
TXN0004783263,APP005,2025-12-19,active,546996.62,GBP,APAC,CP0100,FUTURE,TDR0057,BOOK_D,2026-03-31
TXN0007327465,APP017,2025-12-29,settled,359947.98,USD,EMEA,CP0077,BOND,TDR0148,BOOK_A,2025-03-11
TXN0007738787,APP006,2025-08-27,pending,541934.35,EUR,EMEA,CP0079,SWAP,TDR0086,BOOK_B,2026-03-23
TXN0000215567,APP006,2025-08-14,reversed,394989.19,CHF,EMEA,CP0018,EQUITY,TDR0083,BOOK_C,2026-02-25
TXN0000916453,APP017,2025-06-06,pending,962766.56,USD,AMER,CP0143,OPTION,TDR0053,BOOK_B,2026-03-05
TXN0004451460,APP005,2025-12-25,pending,839691.97,EUR,LATAM,CP0341,BOND,TDR0198,BOOK_B,2026-03-04
TXN0007660235,APP006,2025-01-01,reversed,848736.03,JPY,EMEA,CP0485,SWAP,TDR0069,BOOK_A,2025-09-12
TXN0006104469,APP011,2026-04-09,pending,758583.31,EUR,EMEA,CP0028,BOND,TDR0186,BOOK_B,2025-04-18
TXN0006851992,APP019,2025-04-29,settled,668765.92,EUR,LATAM,CP0343,SWAP,TDR0033,BOOK_D,2025-12-21
TXN0001372687,APP008,2025-09-26,pending,740080.74,GBP,APAC,CP0301,OPTION,TDR0172,BOOK_B,2025-12-24
TXN0007223164,APP019,2025-06-29,failed,675626.44,GBP,APAC,CP0496,BOND,TDR0183,BOOK_A,2025-09-03
TXN0009772760,APP020,2026-01-15,pending,583836.74,AUD,LATAM,CP0095,FX,TDR0065,BOOK_B,2025-01-14
TXN0009050182,APP005,2025-08-10,pending,823617.64,GBP,LATAM,CP0256,OPTION,TDR0088,BOOK_C,2026-02-18
TXN0006876764,APP009,2025-05-15,pending,898527.76,USD,AMER,CP0327,SWAP,TDR0030,BOOK_B,2025-12-23
TXN0004668552,APP003,2025-12-12,failed,828416.65,GBP,APAC,CP0263,OPTION,TDR0023,BOOK_D,2025-01-22
TXN0003760560,APP006,2025-08-31,settled,124433.38,JPY,EMEA,CP0258,BOND,TDR0170,BOOK_B,2025-07-08
TXN0004163002,APP017,2025-03-15,reversed,775002.67,AUD,AMER,CP0435,EQUITY,TDR0031,BOOK_B,2026-01-09
TXN0005337968,APP014,2025-01-28,failed,313055.66,GBP,AMER,CP0313,EQUITY,TDR0198,BOOK_D,2025-08-17
TXN0009179652,APP018,2026-01-14,settled,607227.81,CHF,EMEA,CP0053,FUTURE,TDR0019,BOOK_C,2025-07-09
TXN0004901632,APP006,2026-04-04,active,199547.76,JPY,EMEA,CP0469,EQUITY,TDR0008,BOOK_D,2025-07-05
TXN0000545152,APP014,2026-01-01,reversed,822136.97,JPY,APAC,CP0019,BOND,TDR0082,BOOK_B,2025-09-12
TXN0004561565,APP019,2025-07-25,failed,374033.53,USD,APAC,CP0224,EQUITY,TDR0038,BOOK_A,2025-01-11
TXN0001061143,APP018,2025-12-30,active,125092.94,EUR,EMEA,CP0110,BOND,TDR0051,BOOK_B,2025-01-30
TXN0006112666,APP011,2025-10-01,settled,628663.13,USD,EMEA,CP0077,FX,TDR0145,BOOK_B,2025-10-31
TXN0004524390,APP013,2025-02-07,settled,605632.22,EUR,EMEA,CP0176,OPTION,TDR0111,BOOK_A,2026-01-13
TXN0002964223,APP007,2025-01-19,pending,970087.66,CHF,LATAM,CP0214,FUTURE,TDR0033,BOOK_B,2025-03-21
TXN0003974444,APP006,2025-11-27,pending,599825.73,GBP,LATAM,CP0225,EQUITY,TDR0044,BOOK_C,2025-08-29
TXN0001224982,APP013,2025-10-21,failed,324060.35,JPY,LATAM,CP0307,FUTURE,TDR0129,BOOK_B,2025-04-17
TXN0003910469,APP020,2025-05-03,active,224772.46,CHF,APAC,CP0217,FX,TDR0058,BOOK_B,2025-03-14
TXN0006112346,APP010,2026-01-28,reversed,203508.58,USD,AMER,CP0346,SWAP,TDR0041,BOOK_C,2025-09-07
TXN0008217058,APP010,2026-04-08,reversed,643070.29,JPY,APAC,CP0487,OPTION,TDR0114,BOOK_B,2025-04-23
TXN0003176276,APP014,2025-11-08,reversed,710465.06,USD,APAC,CP0459,BOND,TDR0111,BOOK_A,2025-07-03
TXN0003064155,APP020,2025-07-11,pending,797597.65,AUD,AMER,CP0248,FUTURE,TDR0049,BOOK_B,2025-03-17
TXN0006911658,APP003,2025-04-18,failed,496980.76,EUR,APAC,CP0494,BOND,TDR0193,BOOK_C,2025-07-31
TXN0005754542,APP020,2025-02-15,reversed,818650.92,CHF,EMEA,CP0438,EQUITY,TDR0184,BOOK_D,2025-10-28
TXN0007197314,APP016,2025-05-13,active,761149.7,JPY,APAC,CP0472,SWAP,TDR0122,BOOK_D,2025-04-09
TXN0002269045,APP005,2025-03-15,active,566594.78,CHF,APAC,CP0265,SWAP,TDR0123,BOOK_C,2026-01-07
TXN0005404072,APP016,2025-07-19,settled,800961.42,CHF,LATAM,CP0266,FX,TDR0068,BOOK_C,2025-06-17
TXN0001163099,APP011,2025-08-09,active,396149.95,JPY,LATAM,CP0337,OPTION,TDR0066,BOOK_A,2025-03-08
TXN0003333634,APP005,2026-02-06,reversed,723795.52,CHF,AMER,CP0078,BOND,TDR0147,BOOK_B,2025-10-02
TXN0001902172,APP001,2025-11-16,settled,15208.55,AUD,EMEA,CP0435,FX,TDR0050,BOOK_D,2025-01-09
TXN0006458823,APP002,2025-08-10,pending,36396.82,JPY,AMER,CP0415,BOND,TDR0058,BOOK_B,2026-04-06
TXN0009422639,APP018,2025-05-01,active,713738.72,EUR,EMEA,CP0473,EQUITY,TDR0154,BOOK_B,2025-07-28
TXN0009301064,APP014,2025-12-20,settled,74544.19,AUD,AMER,CP0421,EQUITY,TDR0140,BOOK_C,2025-06-24
TXN0002802455,APP008,2025-12-06,settled,74275.7,CHF,APAC,CP0141,FUTURE,TDR0199,BOOK_A,2025-04-08
TXN0005260412,APP015,2025-01-06,settled,1451.02,EUR,LATAM,CP0396,EQUITY,TDR0168,BOOK_D,2026-01-20
TXN0009724718,APP002,2025-09-26,failed,497933.61,EUR,EMEA,CP0137,FX,TDR0108,BOOK_A,2025-02-08
TXN0007872353,APP017,2025-07-03,failed,962654.87,JPY,LATAM,CP0129,OPTION,TDR0191,BOOK_B,2025-10-04
TXN0001196172,APP020,2026-01-21,reversed,790926.0,CHF,AMER,CP0344,OPTION,TDR0189,BOOK_A,2025-04-17
TXN0001941152,APP009,2025-02-16,reversed,920674.29,JPY,APAC,CP0327,BOND,TDR0037,BOOK_B,2025-05-03
TXN0007534102,APP005,2025-06-26,failed,880048.32,USD,APAC,CP0227,FX,TDR0082,BOOK_D,2025-10-23
TXN0000000953,APP011,2025-09-15,active,540568.55,JPY,AMER,CP0043,FX,TDR0175,BOOK_A,2025-10-03
TXN0001910496,APP020,2026-03-06,reversed,490659.93,AUD,AMER,CP0138,SWAP,TDR0061,BOOK_D,2025-03-29
TXN0000301481,APP016,2026-03-14,reversed,798993.81,CHF,APAC,CP0342,EQUITY,TDR0059,BOOK_D,2025-09-04
TXN0000352626,APP001,2025-09-26,settled,386695.78,USD,EMEA,CP0077,BOND,TDR0136,BOOK_D,2025-03-24
TXN0000416799,APP010,2025-11-23,pending,312713.22,CHF,AMER,CP0309,EQUITY,TDR0071,BOOK_D,2025-01-04
TXN0008497733,APP005,2026-01-31,settled,2063.86,EUR,AMER,CP0131,FUTURE,TDR0026,BOOK_D,2025-11-20
TXN0007866516,APP020,2025-08-15,failed,23908.7,USD,LATAM,CP0156,FUTURE,TDR0180,BOOK_D,2026-03-04
TXN0002727362,APP016,2025-05-14,settled,419104.93,GBP,AMER,CP0129,SWAP,TDR0041,BOOK_D,2025-02-13
TXN0004380902,APP011,2025-07-26,settled,479929.81,GBP,EMEA,CP0172,EQUITY,TDR0100,BOOK_B,2025-07-14
TXN0003163536,APP015,2026-04-14,settled,586045.88,CHF,APAC,CP0491,BOND,TDR0050,BOOK_D,2025-12-19
TXN0003946379,APP002,2025-04-07,reversed,170039.55,GBP,AMER,CP0238,FX,TDR0157,BOOK_B,2025-11-13
TXN0004067581,APP019,2025-11-10,active,218331.59,AUD,AMER,CP0488,OPTION,TDR0180,BOOK_A,2025-06-14
TXN0001847825,APP006,2025-01-05,settled,541885.91,AUD,AMER,CP0095,OPTION,TDR0003,BOOK_B,2026-01-13
TXN0001642110,APP008,2025-07-09,active,111379.24,CHF,AMER,CP0019,SWAP,TDR0104,BOOK_B,2025-08-10
TXN0001681336,APP003,2025-02-13,settled,709739.11,AUD,LATAM,CP0051,FUTURE,TDR0062,BOOK_C,2026-01-07
TXN0000501543,APP017,2025-09-17,settled,71536.92,GBP,LATAM,CP0473,FX,TDR0055,BOOK_A,2025-04-14
TXN0007378229,APP008,2025-01-29,failed,90028.87,USD,APAC,CP0489,FX,TDR0104,BOOK_C,2025-07-18
TXN0001149740,APP004,2025-05-08,failed,434229.4,JPY,EMEA,CP0073,EQUITY,TDR0116,BOOK_C,2025-12-29
TXN0004871462,APP005,2026-04-11,failed,896148.87,CHF,LATAM,CP0499,EQUITY,TDR0164,BOOK_C,2025-12-26
TXN0000821082,APP003,2025-10-06,pending,700867.79,USD,LATAM,CP0082,OPTION,TDR0009,BOOK_B,2025-12-30
TXN0000453209,APP018,2025-11-06,active,110264.43,CHF,EMEA,CP0270,SWAP,TDR0012,BOOK_B,2025-10-31
TXN0003290598,APP003,2025-11-09,failed,902531.98,JPY,AMER,CP0429,FX,TDR0051,BOOK_A,2025-02-16
TXN0002639655,APP012,2025-06-29,pending,305107.64,EUR,EMEA,CP0081,FUTURE,TDR0086,BOOK_D,2025-09-15
TXN0005931300,APP008,2025-01-17,active,526725.94,AUD,APAC,CP0058,FX,TDR0128,BOOK_A,2026-01-04
TXN0002372678,APP008,2025-12-04,settled,384192.4,AUD,LATAM,CP0245,OPTION,TDR0082,BOOK_B,2025-02-02
TXN0006254885,APP018,2025-01-08,failed,337516.44,AUD,EMEA,CP0326,OPTION,TDR0003,BOOK_B,2025-08-19
TXN0007950576,APP002,2025-02-12,active,136046.37,CHF,AMER,CP0402,OPTION,TDR0174,BOOK_C,2025-09-06
TXN0009707743,APP007,2025-05-27,failed,261091.26,CHF,EMEA,CP0172,BOND,TDR0027,BOOK_A,2025-12-31
TXN0000912837,APP020,2026-03-20,failed,626574.6,EUR,AMER,CP0290,SWAP,TDR0060,BOOK_C,2026-03-01
TXN0004505238,APP013,2025-04-24,pending,507706.67,JPY,APAC,CP0052,FUTURE,TDR0179,BOOK_D,2025-08-22
TXN0001014476,APP007,2025-05-10,settled,860013.73,CHF,EMEA,CP0296,FUTURE,TDR0186,BOOK_C,2025-11-25
TXN0007628517,APP015,2025-03-02,active,430656.19,GBP,AMER,CP0182,SWAP,TDR0053,BOOK_D,2025-01-11
TXN0009356392,APP013,2025-07-30,settled,681820.09,USD,LATAM,CP0062,OPTION,TDR0115,BOOK_C,2025-06-09
TXN0001672305,APP016,2026-01-02,failed,653887.56,EUR,AMER,CP0059,OPTION,TDR0060,BOOK_D,2026-02-15
TXN0000363702,APP008,2025-10-31,settled,520846.39,GBP,APAC,CP0307,SWAP,TDR0110,BOOK_D,2025-08-27
TXN0006894231,APP017,2025-01-22,pending,317829.15,JPY,APAC,CP0499,SWAP,TDR0153,BOOK_B,2025-12-24
TXN0001129963,APP008,2025-03-22,failed,392322.9,JPY,LATAM,CP0429,SWAP,TDR0177,BOOK_C,2025-02-10
TXN0006946419,APP005,2025-08-17,active,271624.49,GBP,EMEA,CP0229,SWAP,TDR0039,BOOK_C,2025-06-18
TXN0008574970,APP003,2025-12-12,reversed,570942.92,EUR,EMEA,CP0024,OPTION,TDR0170,BOOK_A,2026-02-03
TXN0009852419,APP013,2025-10-10,failed,877315.91,EUR,EMEA,CP0314,FX,TDR0128,BOOK_A,2025-11-06
TXN0002379436,APP003,2025-10-14,failed,311943.52,GBP,EMEA,CP0310,FX,TDR0139,BOOK_D,2025-07-14
TXN0004609723,APP002,2025-05-30,failed,922324.24,EUR,APAC,CP0467,FX,TDR0043,BOOK_C,2025-12-15
TXN0007821686,APP008,2026-02-09,failed,478963.11,EUR,LATAM,CP0203,FX,TDR0018,BOOK_A,2026-03-27
TXN0000061865,APP009,2025-05-29,reversed,975901.86,CHF,LATAM,CP0269,SWAP,TDR0143,BOOK_A,2025-11-03
TXN0009738559,APP008,2025-10-11,reversed,64138.7,USD,LATAM,CP0037,BOND,TDR0032,BOOK_A,2025-10-19
TXN0006032824,APP006,2025-02-08,pending,674714.63,USD,LATAM,CP0334,EQUITY,TDR0097,BOOK_B,2025-05-19
TXN0004012540,APP015,2025-04-06,failed,879286.93,EUR,AMER,CP0413,FX,TDR0156,BOOK_C,2025-07-05
TXN0004618174,APP017,2025-08-17,failed,429445.63,AUD,APAC,CP0490,BOND,TDR0084,BOOK_A,2025-09-26
TXN0006082480,APP017,2026-01-16,active,490935.31,USD,APAC,CP0310,EQUITY,TDR0112,BOOK_D,2025-10-13
TXN0005686807,APP011,2025-11-12,settled,441436.8,CHF,APAC,CP0072,SWAP,TDR0182,BOOK_A,2026-03-03
TXN0003463977,APP008,2025-07-28,pending,817230.66,GBP,AMER,CP0284,OPTION,TDR0164,BOOK_B,2026-01-06
TXN0006432054,APP014,2025-12-03,settled,515080.47,GBP,AMER,CP0320,EQUITY,TDR0099,BOOK_A,2025-08-15
TXN0002375180,APP002,2025-07-10,failed,704352.06,CHF,EMEA,CP0069,OPTION,TDR0139,BOOK_B,2025-08-29
TXN0003567972,APP015,2025-12-10,reversed,961639.61,AUD,LATAM,CP0458,OPTION,TDR0182,BOOK_A,2025-08-02
TXN0005607429,APP001,2025-11-30,failed,224663.18,JPY,APAC,CP0195,SWAP,TDR0189,BOOK_C,2025-06-25
TXN0004256710,APP002,2025-06-14,failed,419828.5,GBP,APAC,CP0065,SWAP,TDR0174,BOOK_C,2025-09-15
TXN0007480834,APP008,2025-08-30,failed,850268.65,AUD,EMEA,CP0393,FX,TDR0159,BOOK_D,2025-02-20
TXN0002854407,APP010,2025-09-26,settled,676921.9,USD,AMER,CP0396,FX,TDR0183,BOOK_A,2025-04-23
TXN0008963299,APP014,2025-05-15,settled,679359.78,GBP,APAC,CP0368,OPTION,TDR0027,BOOK_C,2026-01-10
TXN0002359400,APP002,2025-04-25,failed,800321.24,EUR,EMEA,CP0097,FX,TDR0004,BOOK_B,2025-03-21
TXN0009224353,APP002,2025-05-26,reversed,502316.58,EUR,EMEA,CP0434,FX,TDR0021,BOOK_A,2025-11-22
TXN0003766212,APP016,2025-10-10,reversed,348137.34,GBP,AMER,CP0131,FUTURE,TDR0150,BOOK_A,2025-11-09
TXN0009690369,APP020,2025-12-24,reversed,910598.85,GBP,AMER,CP0395,BOND,TDR0149,BOOK_A,2025-05-30
TXN0006781655,APP018,2025-05-10,active,627783.97,GBP,EMEA,CP0116,EQUITY,TDR0136,BOOK_D,2025-08-11
TXN0009689895,APP015,2025-06-28,settled,655027.49,USD,APAC,CP0482,OPTION,TDR0040,BOOK_B,2025-06-18
TXN0004628036,APP018,2025-08-07,failed,577152.16,USD,EMEA,CP0220,SWAP,TDR0040,BOOK_C,2026-03-04
TXN0009475378,APP006,2025-04-24,reversed,312860.56,GBP,LATAM,CP0388,OPTION,TDR0153,BOOK_D,2025-11-06
TXN0001131351,APP013,2025-12-09,settled,312237.37,USD,APAC,CP0462,SWAP,TDR0158,BOOK_B,2026-04-13
TXN0002081730,APP003,2025-05-05,pending,418434.77,GBP,APAC,CP0195,FUTURE,TDR0130,BOOK_A,2025-07-12
TXN0001075595,APP010,2025-02-02,settled,18865.12,EUR,AMER,CP0293,OPTION,TDR0164,BOOK_D,2025-09-22
TXN0009071091,APP006,2025-07-08,pending,81591.93,EUR,APAC,CP0111,FUTURE,TDR0145,BOOK_D,2025-09-02
TXN0008326318,APP015,2025-10-27,failed,507033.38,AUD,EMEA,CP0168,OPTION,TDR0051,BOOK_B,2025-04-18
TXN0000494387,APP011,2025-09-04,failed,687660.1,CHF,EMEA,CP0472,FUTURE,TDR0021,BOOK_D,2026-01-20
TXN0000850413,APP007,2026-02-21,settled,794208.99,AUD,AMER,CP0416,OPTION,TDR0009,BOOK_B,2025-11-13
TXN0003476854,APP003,2025-02-23,settled,103012.73,GBP,LATAM,CP0107,FX,TDR0145,BOOK_D,2026-02-16
TXN0007486865,APP020,2025-06-02,active,238901.05,EUR,APAC,CP0213,SWAP,TDR0195,BOOK_C,2025-11-03
TXN0002095582,APP016,2025-02-07,reversed,599476.75,EUR,EMEA,CP0455,FX,TDR0010,BOOK_B,2026-04-06
TXN0008961772,APP010,2025-01-03,failed,553116.02,EUR,EMEA,CP0335,OPTION,TDR0097,BOOK_A,2025-01-24
TXN0004242190,APP002,2025-07-31,failed,515691.28,CHF,APAC,CP0243,FX,TDR0052,BOOK_A,2025-09-02
TXN0005199385,APP019,2025-05-31,active,416813.91,EUR,AMER,CP0142,OPTION,TDR0103,BOOK_B,2025-02-16
TXN0002629961,APP019,2025-02-02,reversed,349372.54,GBP,APAC,CP0315,FUTURE,TDR0190,BOOK_C,2026-02-01
TXN0004393203,APP008,2025-01-12,settled,982290.5,EUR,EMEA,CP0212,SWAP,TDR0151,BOOK_D,2026-03-03
TXN0001404565,APP010,2026-03-15,active,251979.89,EUR,APAC,CP0147,SWAP,TDR0020,BOOK_B,2025-05-20
TXN0006009911,APP004,2025-07-27,settled,610322.44,CHF,LATAM,CP0175,FUTURE,TDR0067,BOOK_A,2025-11-13
TXN0008998988,APP016,2025-06-01,pending,865811.67,EUR,EMEA,CP0184,OPTION,TDR0199,BOOK_A,2025-02-20
TXN0005948488,APP012,2026-03-16,active,198878.43,CHF,AMER,CP0201,OPTION,TDR0017,BOOK_C,2025-01-13
TXN0003914581,APP017,2025-06-23,reversed,963320.04,JPY,AMER,CP0127,FX,TDR0060,BOOK_D,2025-04-02
TXN0004821722,APP007,2025-11-05,settled,370472.03,CHF,APAC,CP0222,EQUITY,TDR0173,BOOK_A,2026-02-07
TXN0008347464,APP011,2025-05-02,settled,796832.44,CHF,APAC,CP0339,OPTION,TDR0059,BOOK_A,2025-06-12
TXN0004408965,APP007,2025-07-06,active,425741.63,JPY,APAC,CP0279,EQUITY,TDR0159,BOOK_B,2025-03-29
TXN0003802867,APP010,2025-05-29,failed,809549.03,USD,APAC,CP0098,OPTION,TDR0070,BOOK_D,2025-08-27
TXN0009041598,APP004,2025-11-04,settled,580265.38,EUR,EMEA,CP0206,SWAP,TDR0061,BOOK_A,2025-06-30
TXN0006576570,APP006,2025-07-29,failed,994449.25,JPY,AMER,CP0387,FX,TDR0157,BOOK_C,2025-08-25
TXN0002714340,APP007,2025-01-22,reversed,462792.59,GBP,LATAM,CP0351,BOND,TDR0136,BOOK_C,2025-08-10
TXN0008563512,APP003,2025-06-10,reversed,917546.21,AUD,APAC,CP0090,FUTURE,TDR0125,BOOK_B,2025-10-05
TXN0009838555,APP009,2025-02-22,active,895630.53,CHF,EMEA,CP0290,OPTION,TDR0077,BOOK_D,2025-08-02
TXN0000931310,APP019,2025-01-25,failed,853738.83,CHF,EMEA,CP0137,SWAP,TDR0085,BOOK_D,2025-04-06
TXN0009663031,APP017,2026-01-29,pending,353732.99,USD,APAC,CP0081,FX,TDR0076,BOOK_B,2025-01-14
TXN0000066243,APP008,2025-12-08,failed,919373.69,JPY,EMEA,CP0411,OPTION,TDR0036,BOOK_D,2025-03-23
TXN0000175486,APP005,2025-11-07,settled,251946.91,AUD,LATAM,CP0007,EQUITY,TDR0052,BOOK_C,2025-06-01
TXN0008092400,APP017,2025-08-28,failed,271665.25,USD,LATAM,CP0449,FX,TDR0142,BOOK_B,2025-08-26
TXN0008670595,APP001,2025-07-21,settled,340478.38,CHF,LATAM,CP0417,BOND,TDR0191,BOOK_C,2026-01-21
TXN0009436724,APP010,2025-07-02,reversed,179546.22,CHF,EMEA,CP0117,SWAP,TDR0031,BOOK_C,2025-09-04
TXN0004953465,APP005,2025-05-20,reversed,433197.21,AUD,AMER,CP0221,BOND,TDR0155,BOOK_B,2025-10-23
TXN0006599577,APP016,2026-04-05,failed,826785.21,EUR,APAC,CP0317,EQUITY,TDR0160,BOOK_C,2026-01-28
TXN0004906920,APP001,2026-01-10,active,468958.17,AUD,LATAM,CP0446,EQUITY,TDR0165,BOOK_A,2025-01-12
TXN0009313157,APP019,2025-10-02,active,840352.66,CHF,LATAM,CP0448,SWAP,TDR0037,BOOK_C,2026-04-09
TXN0000074326,APP020,2026-02-18,reversed,931282.98,USD,APAC,CP0119,OPTION,TDR0105,BOOK_A,2025-01-08
TXN0000254487,APP013,2025-04-27,active,537112.91,CHF,EMEA,CP0299,EQUITY,TDR0034,BOOK_D,2025-03-21
TXN0008086787,APP020,2025-12-14,settled,174228.07,USD,APAC,CP0350,FUTURE,TDR0139,BOOK_B,2025-11-03
TXN0005030836,APP014,2025-09-07,settled,129189.37,JPY,LATAM,CP0091,BOND,TDR0113,BOOK_A,2025-10-20
TXN0004283419,APP016,2025-07-25,settled,899977.2,EUR,APAC,CP0441,FUTURE,TDR0062,BOOK_D,2025-09-21
TXN0006452245,APP009,2025-12-05,failed,545916.79,GBP,AMER,CP0206,OPTION,TDR0034,BOOK_D,2025-07-25
TXN0009841491,APP009,2025-05-12,active,395334.48,JPY,APAC,CP0404,FUTURE,TDR0186,BOOK_A,2025-11-15
TXN0007951271,APP008,2025-03-06,reversed,861771.8,GBP,APAC,CP0157,EQUITY,TDR0085,BOOK_C,2025-10-30
TXN0009583620,APP001,2025-02-12,pending,920768.34,GBP,AMER,CP0265,EQUITY,TDR0120,BOOK_A,2025-08-05
TXN0008400729,APP015,2026-02-06,reversed,222884.21,USD,AMER,CP0269,SWAP,TDR0154,BOOK_A,2025-09-06
TXN0001915709,APP019,2026-03-15,active,378132.19,CHF,EMEA,CP0033,EQUITY,TDR0037,BOOK_C,2026-02-01
TXN0004418903,APP008,2025-11-25,pending,297936.09,EUR,AMER,CP0330,OPTION,TDR0119,BOOK_A,2025-10-03
TXN0007840248,APP006,2026-04-07,failed,111997.19,EUR,APAC,CP0236,EQUITY,TDR0105,BOOK_D,2026-01-26
TXN0007305089,APP007,2025-01-15,failed,612220.03,EUR,EMEA,CP0465,OPTION,TDR0046,BOOK_D,2025-02-07
TXN0008750976,APP019,2025-03-09,failed,163605.29,USD,LATAM,CP0090,EQUITY,TDR0134,BOOK_D,2025-04-20
TXN0006226016,APP003,2025-01-28,active,800211.74,JPY,LATAM,CP0068,FX,TDR0130,BOOK_A,2025-06-29
TXN0007590564,APP004,2025-12-18,settled,544457.3,GBP,APAC,CP0456,FX,TDR0094,BOOK_D,2025-12-01
TXN0005902771,APP016,2025-12-26,settled,689106.08,CHF,AMER,CP0428,EQUITY,TDR0077,BOOK_D,2025-05-16
TXN0009633316,APP008,2026-01-31,settled,696859.43,USD,EMEA,CP0253,SWAP,TDR0021,BOOK_A,2025-05-16
TXN0006755735,APP016,2025-09-02,active,674386.52,JPY,LATAM,CP0068,SWAP,TDR0125,BOOK_C,2025-11-24
TXN0005285068,APP019,2025-11-25,pending,641806.37,EUR,LATAM,CP0340,FX,TDR0193,BOOK_D,2025-05-21
TXN0009014745,APP009,2026-01-01,pending,872641.9,EUR,LATAM,CP0011,SWAP,TDR0050,BOOK_A,2025-08-01
TXN0007243832,APP011,2025-09-16,reversed,436446.89,EUR,LATAM,CP0267,OPTION,TDR0013,BOOK_B,2025-01-28
TXN0004016336,APP001,2025-08-17,pending,346650.78,USD,AMER,CP0448,SWAP,TDR0137,BOOK_A,2025-02-22
TXN0004327488,APP020,2025-12-03,active,117739.45,GBP,LATAM,CP0159,SWAP,TDR0003,BOOK_A,2025-12-05
TXN0005157890,APP008,2025-02-03,active,82967.62,EUR,AMER,CP0093,OPTION,TDR0199,BOOK_D,2026-03-12
TXN0009070825,APP001,2025-07-23,settled,713883.05,JPY,AMER,CP0455,FUTURE,TDR0036,BOOK_D,2025-11-23
TXN0007321514,APP010,2025-02-04,settled,20527.05,GBP,EMEA,CP0201,FUTURE,TDR0199,BOOK_B,2025-04-04
TXN0006525245,APP005,2025-02-19,settled,980182.61,JPY,LATAM,CP0086,EQUITY,TDR0072,BOOK_D,2025-11-06
TXN0007202296,APP003,2025-10-03,active,808151.64,AUD,LATAM,CP0189,FUTURE,TDR0096,BOOK_D,2025-08-02
TXN0007742111,APP020,2025-12-02,settled,362149.81,GBP,AMER,CP0211,FX,TDR0185,BOOK_C,2025-07-25
TXN0006265495,APP004,2025-11-03,failed,85178.56,USD,EMEA,CP0281,BOND,TDR0073,BOOK_C,2026-04-02
TXN0005059440,APP012,2025-08-08,pending,86953.31,JPY,APAC,CP0073,FX,TDR0090,BOOK_B,2025-08-18
TXN0008617181,APP016,2025-02-27,active,503413.4,EUR,APAC,CP0274,EQUITY,TDR0115,BOOK_A,2026-03-17
TXN0005395531,APP012,2025-11-06,settled,375869.95,EUR,EMEA,CP0340,SWAP,TDR0080,BOOK_C,2025-05-17
TXN0006962803,APP008,2026-01-31,active,26564.31,AUD,AMER,CP0271,EQUITY,TDR0173,BOOK_C,2025-04-16
TXN0005948602,APP010,2025-01-09,failed,632562.3,EUR,APAC,CP0069,FUTURE,TDR0143,BOOK_C,2026-01-21
TXN0006888847,APP015,2025-06-06,failed,308774.91,EUR,AMER,CP0007,OPTION,TDR0185,BOOK_B,2025-01-01
TXN0003709252,APP006,2026-03-19,failed,765560.55,GBP,LATAM,CP0146,FX,TDR0138,BOOK_C,2025-11-12
TXN0009701337,APP013,2025-08-24,failed,959370.08,JPY,APAC,CP0444,BOND,TDR0153,BOOK_B,2025-08-05
TXN0006252706,APP018,2025-02-15,failed,740728.27,CHF,LATAM,CP0017,FUTURE,TDR0189,BOOK_A,2025-09-12
TXN0006757677,APP006,2025-11-24,pending,446614.54,EUR,AMER,CP0459,SWAP,TDR0030,BOOK_C,2025-05-09
TXN0008770597,APP007,2025-04-30,failed,261388.92,JPY,AMER,CP0190,FUTURE,TDR0015,BOOK_A,2025-06-09
TXN0007656096,APP008,2025-12-01,failed,611846.17,JPY,LATAM,CP0387,EQUITY,TDR0112,BOOK_D,2025-10-30
TXN0009190739,APP005,2026-01-25,pending,380332.61,GBP,EMEA,CP0482,FUTURE,TDR0084,BOOK_B,2026-03-22
TXN0005851988,APP019,2025-06-29,reversed,431646.3,AUD,APAC,CP0352,BOND,TDR0006,BOOK_B,2026-03-26
TXN0008840513,APP001,2025-11-20,active,449981.91,USD,LATAM,CP0441,OPTION,TDR0051,BOOK_B,2025-06-23
TXN0000471843,APP005,2025-01-21,reversed,615186.31,AUD,AMER,CP0297,BOND,TDR0111,BOOK_A,2025-01-16
TXN0007674169,APP005,2025-06-29,settled,429172.28,USD,EMEA,CP0394,BOND,TDR0138,BOOK_A,2025-03-23
TXN0009853707,APP004,2025-03-27,failed,643096.17,JPY,AMER,CP0320,SWAP,TDR0108,BOOK_A,2025-06-21
TXN0001591310,APP003,2025-08-13,pending,145875.69,USD,EMEA,CP0325,FUTURE,TDR0162,BOOK_D,2025-01-22
TXN0003309283,APP008,2025-07-21,failed,138192.66,CHF,APAC,CP0489,OPTION,TDR0076,BOOK_B,2026-01-04
TXN0000746465,APP016,2025-02-28,active,981031.99,GBP,AMER,CP0210,FUTURE,TDR0199,BOOK_A,2026-03-16
TXN0009725719,APP018,2025-06-24,failed,840565.83,EUR,AMER,CP0436,BOND,TDR0011,BOOK_C,2025-12-19
TXN0004058436,APP012,2025-03-21,failed,436725.87,GBP,EMEA,CP0002,EQUITY,TDR0120,BOOK_C,2025-04-10
TXN0001753718,APP016,2026-02-07,settled,728490.26,JPY,APAC,CP0251,FX,TDR0049,BOOK_A,2025-08-02
TXN0006662230,APP003,2025-03-20,reversed,760065.39,GBP,AMER,CP0422,OPTION,TDR0149,BOOK_C,2025-03-07
TXN0009011650,APP017,2025-11-17,reversed,614396.52,CHF,EMEA,CP0112,SWAP,TDR0160,BOOK_C,2025-07-12
TXN0007865073,APP005,2026-02-26,failed,278915.03,JPY,EMEA,CP0440,FUTURE,TDR0050,BOOK_A,2025-11-03
TXN0009027925,APP004,2026-01-09,pending,770176.08,USD,EMEA,CP0072,OPTION,TDR0149,BOOK_C,2025-03-11
TXN0004512951,APP002,2026-03-31,active,885904.0,USD,LATAM,CP0385,FUTURE,TDR0154,BOOK_B,2025-07-10
TXN0008295763,APP008,2026-03-22,settled,794112.97,JPY,APAC,CP0286,FX,TDR0097,BOOK_B,2025-05-20
TXN0000071528,APP016,2026-02-14,reversed,947198.72,GBP,APAC,CP0188,FX,TDR0096,BOOK_B,2025-09-25
TXN0000458805,APP004,2026-02-08,active,205293.71,JPY,APAC,CP0129,BOND,TDR0189,BOOK_A,2025-04-11
TXN0003380914,APP014,2025-10-25,active,242128.02,EUR,APAC,CP0451,OPTION,TDR0064,BOOK_A,2025-05-12
TXN0005999787,APP004,2025-07-29,active,252619.8,GBP,LATAM,CP0129,EQUITY,TDR0028,BOOK_A,2026-04-14
TXN0007807889,APP006,2026-04-06,pending,891990.72,AUD,LATAM,CP0002,SWAP,TDR0114,BOOK_C,2025-12-03
TXN0009270043,APP008,2025-02-22,active,380312.06,AUD,AMER,CP0277,FX,TDR0020,BOOK_C,2025-07-31
TXN0004294830,APP020,2025-03-27,reversed,893385.55,AUD,AMER,CP0414,OPTION,TDR0089,BOOK_C,2025-04-14
TXN0001920512,APP007,2026-03-18,reversed,43556.97,GBP,LATAM,CP0054,FX,TDR0049,BOOK_C,2025-12-17
TXN0003338993,APP018,2025-11-24,pending,565141.81,USD,LATAM,CP0172,BOND,TDR0059,BOOK_C,2026-02-02
TXN0000201859,APP003,2025-11-06,settled,845935.43,GBP,EMEA,CP0408,EQUITY,TDR0049,BOOK_C,2025-01-14
TXN0002014514,APP003,2025-04-20,active,725450.33,CHF,LATAM,CP0249,FX,TDR0042,BOOK_D,2025-11-03
TXN0001825297,APP016,2025-06-05,active,442466.73,JPY,LATAM,CP0235,FUTURE,TDR0107,BOOK_B,2026-03-01
TXN0003161251,APP015,2025-02-24,reversed,430159.54,AUD,APAC,CP0461,SWAP,TDR0143,BOOK_C,2025-06-18
TXN0000201590,APP015,2026-02-08,reversed,412524.74,CHF,AMER,CP0261,SWAP,TDR0065,BOOK_C,2025-12-12
TXN0001553984,APP007,2025-10-09,pending,221378.2,JPY,APAC,CP0208,EQUITY,TDR0140,BOOK_D,2025-01-03
TXN0000567952,APP009,2025-02-06,settled,786649.1,JPY,AMER,CP0164,EQUITY,TDR0177,BOOK_D,2025-06-05
TXN0007836538,APP002,2026-03-12,failed,717028.25,JPY,EMEA,CP0211,OPTION,TDR0024,BOOK_D,2025-10-08
TXN0001414364,APP012,2025-01-14,active,938810.97,CHF,AMER,CP0072,FX,TDR0060,BOOK_B,2025-07-23
TXN0000755323,APP020,2025-03-05,pending,274238.12,EUR,EMEA,CP0061,SWAP,TDR0106,BOOK_B,2025-11-26
TXN0005895157,APP015,2025-05-01,pending,594966.89,USD,EMEA,CP0027,FX,TDR0019,BOOK_C,2025-12-20
TXN0009252209,APP004,2025-08-24,failed,831576.78,EUR,AMER,CP0108,SWAP,TDR0131,BOOK_B,2025-03-24
TXN0005176528,APP007,2025-10-28,active,177.93,EUR,LATAM,CP0249,OPTION,TDR0189,BOOK_C,2025-11-21
TXN0006219147,APP018,2025-10-08,active,614109.21,EUR,LATAM,CP0060,FUTURE,TDR0072,BOOK_D,2025-11-24
TXN0007112613,APP012,2025-08-26,pending,392097.08,USD,EMEA,CP0326,OPTION,TDR0123,BOOK_B,2025-10-15
TXN0001788454,APP016,2025-02-18,failed,915477.18,JPY,APAC,CP0038,FUTURE,TDR0097,BOOK_A,2026-04-06
TXN0000105545,APP008,2025-04-05,settled,946063.68,JPY,LATAM,CP0438,FX,TDR0065,BOOK_D,2025-11-15
TXN0001558825,APP001,2025-05-04,active,987290.54,CHF,APAC,CP0339,EQUITY,TDR0082,BOOK_A,2025-12-26
TXN0002894951,APP001,2025-02-23,reversed,207876.94,EUR,EMEA,CP0485,FX,TDR0126,BOOK_D,2025-05-06
TXN0007194534,APP015,2025-01-11,pending,649752.97,USD,EMEA,CP0488,BOND,TDR0134,BOOK_A,2025-05-23
TXN0008986428,APP016,2025-06-17,active,861343.72,EUR,AMER,CP0149,SWAP,TDR0040,BOOK_B,2025-08-15
TXN0006486801,APP010,2025-06-15,failed,121401.72,AUD,AMER,CP0378,SWAP,TDR0163,BOOK_A,2025-05-31
TXN0007320620,APP002,2025-01-16,pending,162224.67,AUD,LATAM,CP0288,SWAP,TDR0139,BOOK_C,2025-03-10
TXN0000380974,APP018,2025-02-02,failed,679169.25,CHF,LATAM,CP0322,BOND,TDR0037,BOOK_D,2025-06-23
TXN0004129710,APP016,2025-02-24,pending,770411.23,CHF,AMER,CP0479,SWAP,TDR0102,BOOK_D,2025-08-31
TXN0003947783,APP010,2025-09-05,pending,814230.95,AUD,APAC,CP0406,SWAP,TDR0125,BOOK_D,2025-04-27
TXN0008249102,APP001,2025-12-27,reversed,845196.23,EUR,AMER,CP0443,EQUITY,TDR0185,BOOK_A,2025-08-18
TXN0008305953,APP003,2025-12-25,active,580414.61,USD,AMER,CP0383,SWAP,TDR0019,BOOK_B,2026-01-12
TXN0007466284,APP015,2025-10-16,pending,402438.75,USD,APAC,CP0264,FX,TDR0179,BOOK_C,2025-09-15
TXN0003986667,APP019,2025-02-18,failed,734308.02,JPY,AMER,CP0356,FX,TDR0093,BOOK_D,2025-04-11
TXN0001994468,APP005,2025-08-22,pending,640567.37,USD,EMEA,CP0068,EQUITY,TDR0182,BOOK_C,2025-03-06
TXN0000982111,APP018,2025-02-24,settled,129860.84,EUR,LATAM,CP0198,SWAP,TDR0083,BOOK_C,2025-12-01
TXN0004608447,APP003,2025-08-23,active,242046.72,CHF,EMEA,CP0469,FX,TDR0186,BOOK_C,2025-02-25
TXN0000252899,APP003,2025-08-28,settled,824000.47,CHF,AMER,CP0284,SWAP,TDR0191,BOOK_C,2025-01-28
TXN0004772270,APP008,2025-06-30,reversed,594898.3,AUD,AMER,CP0320,FX,TDR0119,BOOK_A,2025-09-14
TXN0006833544,APP005,2025-08-19,pending,823290.29,USD,APAC,CP0356,OPTION,TDR0134,BOOK_B,2025-04-02
TXN0006182307,APP011,2025-10-17,reversed,548912.5,CHF,LATAM,CP0192,FX,TDR0119,BOOK_C,2026-02-10
TXN0006567460,APP014,2025-07-02,pending,967825.47,JPY,AMER,CP0351,OPTION,TDR0190,BOOK_D,2025-10-08
TXN0008904943,APP010,2025-08-09,reversed,749175.98,AUD,AMER,CP0010,EQUITY,TDR0195,BOOK_B,2025-02-22
TXN0002855996,APP012,2025-11-21,pending,155460.63,USD,APAC,CP0149,FX,TDR0105,BOOK_A,2025-01-16
TXN0009043342,APP016,2025-07-19,failed,692431.31,AUD,EMEA,CP0320,BOND,TDR0117,BOOK_C,2026-03-16
TXN0004413263,APP011,2025-11-13,failed,291402.86,USD,AMER,CP0090,OPTION,TDR0128,BOOK_A,2026-02-15
TXN0008068185,APP016,2025-02-23,active,985855.83,JPY,AMER,CP0067,FX,TDR0128,BOOK_D,2025-08-31
TXN0007123864,APP016,2025-01-14,settled,467649.19,AUD,APAC,CP0056,SWAP,TDR0085,BOOK_B,2025-03-24
TXN0006519605,APP005,2025-11-14,failed,17009.21,GBP,AMER,CP0234,BOND,TDR0060,BOOK_A,2025-02-06
TXN0002226547,APP006,2025-06-24,pending,598913.65,CHF,EMEA,CP0243,SWAP,TDR0152,BOOK_D,2025-07-02
TXN0004579391,APP020,2026-01-02,pending,113626.28,CHF,APAC,CP0115,FUTURE,TDR0099,BOOK_D,2025-12-01
TXN0002382956,APP020,2025-04-09,active,625062.7,USD,AMER,CP0340,EQUITY,TDR0048,BOOK_D,2025-05-24
TXN0003103532,APP007,2026-01-27,reversed,184893.83,CHF,APAC,CP0305,SWAP,TDR0177,BOOK_B,2025-04-20
TXN0008582101,APP004,2025-05-12,failed,627128.55,EUR,APAC,CP0137,OPTION,TDR0116,BOOK_B,2025-02-11
TXN0008481772,APP020,2025-05-24,settled,17358.4,AUD,LATAM,CP0472,EQUITY,TDR0055,BOOK_D,2025-10-04
TXN0006643609,APP005,2025-11-05,settled,751019.55,EUR,APAC,CP0254,BOND,TDR0187,BOOK_D,2025-09-02
TXN0004476832,APP017,2025-12-26,reversed,458544.86,AUD,APAC,CP0166,SWAP,TDR0109,BOOK_D,2025-09-27
TXN0006640675,APP005,2025-07-26,pending,155142.23,USD,EMEA,CP0220,FUTURE,TDR0055,BOOK_C,2025-11-07
TXN0002360943,APP019,2026-03-23,active,207566.85,JPY,LATAM,CP0079,FUTURE,TDR0186,BOOK_B,2026-03-28
TXN0002204812,APP014,2025-03-01,failed,981071.36,USD,APAC,CP0073,FX,TDR0184,BOOK_C,2026-02-03
TXN0008616175,APP018,2025-10-20,pending,702416.15,CHF,LATAM,CP0500,FX,TDR0174,BOOK_C,2025-08-31
TXN0003780621,APP018,2025-10-11,pending,93283.46,GBP,AMER,CP0477,EQUITY,TDR0191,BOOK_D,2025-12-11
TXN0007991141,APP002,2026-02-25,pending,620795.11,AUD,LATAM,CP0170,BOND,TDR0014,BOOK_B,2025-03-18
TXN0002028986,APP013,2025-10-19,pending,451345.66,CHF,APAC,CP0050,FUTURE,TDR0123,BOOK_A,2025-11-15
TXN0002937460,APP009,2025-02-21,active,902665.41,EUR,APAC,CP0394,FX,TDR0073,BOOK_A,2026-04-07
TXN0005694962,APP007,2025-10-20,settled,55600.19,USD,EMEA,CP0343,FX,TDR0096,BOOK_A,2025-09-22
TXN0002317013,APP009,2025-01-15,reversed,208339.71,EUR,EMEA,CP0188,BOND,TDR0020,BOOK_B,2026-02-11
TXN0004762836,APP004,2026-04-08,settled,368029.14,EUR,EMEA,CP0198,OPTION,TDR0037,BOOK_A,2025-04-23
TXN0005809596,APP009,2025-03-07,failed,409487.79,USD,AMER,CP0474,EQUITY,TDR0096,BOOK_D,2025-05-12
TXN0009140740,APP014,2025-04-06,reversed,266857.38,JPY,AMER,CP0213,EQUITY,TDR0129,BOOK_B,2025-06-03
TXN0002158577,APP016,2026-02-08,pending,357312.85,USD,LATAM,CP0090,BOND,TDR0138,BOOK_B,2025-01-20
TXN0006564680,APP004,2025-04-25,reversed,848600.05,USD,AMER,CP0359,FUTURE,TDR0024,BOOK_A,2025-03-01
TXN0002883391,APP016,2026-02-04,reversed,610658.91,USD,LATAM,CP0363,FX,TDR0045,BOOK_D,2025-05-04
TXN0003286871,APP010,2025-07-12,settled,40319.86,EUR,AMER,CP0084,BOND,TDR0170,BOOK_B,2025-01-01
TXN0003507052,APP005,2025-07-13,settled,467298.22,JPY,EMEA,CP0325,OPTION,TDR0164,BOOK_B,2025-03-30
TXN0006137337,APP019,2025-12-01,failed,856762.74,GBP,APAC,CP0440,SWAP,TDR0080,BOOK_A,2026-02-23
TXN0005634711,APP009,2025-06-08,failed,297613.22,JPY,EMEA,CP0035,BOND,TDR0105,BOOK_D,2026-03-26
TXN0006666317,APP018,2026-02-21,settled,497922.44,JPY,APAC,CP0299,FUTURE,TDR0176,BOOK_D,2025-06-29
TXN0006992494,APP010,2025-10-28,active,91978.87,JPY,APAC,CP0358,SWAP,TDR0077,BOOK_A,2025-09-13
TXN0007585266,APP019,2025-12-07,active,466715.69,CHF,APAC,CP0051,FUTURE,TDR0020,BOOK_B,2026-01-16
TXN0006760976,APP002,2026-03-01,pending,837474.08,EUR,EMEA,CP0403,FX,TDR0136,BOOK_D,2026-01-12
TXN0001908223,APP015,2026-01-11,failed,80581.02,USD,LATAM,CP0479,OPTION,TDR0037,BOOK_C,2025-04-01
TXN0006336842,APP014,2025-11-13,settled,768218.12,AUD,APAC,CP0290,EQUITY,TDR0177,BOOK_A,2026-02-15
TXN0004995544,APP010,2025-09-05,settled,116843.88,AUD,AMER,CP0228,FX,TDR0181,BOOK_B,2025-03-23
TXN0001129189,APP007,2025-12-21,pending,782821.44,EUR,EMEA,CP0138,FX,TDR0085,BOOK_B,2025-07-15
TXN0002018519,APP015,2025-09-12,active,399167.06,EUR,APAC,CP0266,FUTURE,TDR0053,BOOK_B,2025-01-21
TXN0006587484,APP018,2025-10-15,settled,831024.47,USD,APAC,CP0048,EQUITY,TDR0053,BOOK_D,2025-07-25
TXN0005773849,APP001,2026-04-06,active,107688.58,USD,APAC,CP0161,SWAP,TDR0111,BOOK_B,2025-04-07
TXN0000931074,APP010,2025-01-11,settled,745664.33,USD,LATAM,CP0197,EQUITY,TDR0081,BOOK_A,2025-11-30
TXN0009640369,APP003,2025-02-19,pending,155739.61,EUR,APAC,CP0452,FUTURE,TDR0072,BOOK_D,2025-08-01
TXN0007802555,APP014,2025-04-09,settled,85911.79,AUD,APAC,CP0431,BOND,TDR0165,BOOK_B,2026-03-25
TXN0002369181,APP006,2025-10-29,pending,932131.3,JPY,AMER,CP0233,FUTURE,TDR0117,BOOK_A,2026-04-05
TXN0003115338,APP007,2025-02-12,reversed,137688.07,CHF,EMEA,CP0059,BOND,TDR0136,BOOK_B,2026-01-30
TXN0002582329,APP014,2025-10-11,reversed,489346.47,EUR,EMEA,CP0411,BOND,TDR0157,BOOK_D,2025-06-20
TXN0009725978,APP004,2025-08-08,reversed,977742.06,CHF,EMEA,CP0005,OPTION,TDR0143,BOOK_B,2025-11-18
TXN0009580493,APP014,2025-02-26,failed,181570.38,AUD,LATAM,CP0264,FUTURE,TDR0149,BOOK_C,2025-08-25
TXN0007165463,APP005,2025-07-16,reversed,699431.26,EUR,LATAM,CP0394,OPTION,TDR0078,BOOK_D,2025-07-18
TXN0009009991,APP019,2025-10-14,active,335446.76,CHF,LATAM,CP0496,FUTURE,TDR0096,BOOK_B,2025-03-14
TXN0003544682,APP006,2025-01-03,failed,201922.32,USD,AMER,CP0293,FX,TDR0001,BOOK_C,2025-08-04
TXN0004911839,APP004,2025-08-04,pending,662451.77,JPY,AMER,CP0108,EQUITY,TDR0140,BOOK_A,2025-11-09
TXN0000098154,APP018,2025-05-13,active,174247.97,AUD,LATAM,CP0244,EQUITY,TDR0159,BOOK_A,2025-07-27
TXN0000017859,APP013,2025-01-18,pending,756264.75,AUD,APAC,CP0434,BOND,TDR0022,BOOK_B,2025-08-19
TXN0005038074,APP018,2025-09-30,active,882197.2,AUD,EMEA,CP0477,BOND,TDR0195,BOOK_A,2025-10-17
TXN0004121202,APP018,2025-05-26,reversed,354112.72,JPY,EMEA,CP0230,OPTION,TDR0117,BOOK_A,2025-06-14
TXN0004927517,APP007,2025-09-12,reversed,104878.53,GBP,APAC,CP0465,OPTION,TDR0041,BOOK_A,2026-03-30
TXN0000288410,APP006,2026-03-19,pending,536585.94,CHF,AMER,CP0352,FUTURE,TDR0179,BOOK_B,2025-02-02
TXN0007643312,APP018,2025-08-29,failed,146725.34,USD,EMEA,CP0125,EQUITY,TDR0107,BOOK_B,2025-10-05
TXN0002483011,APP015,2025-02-22,failed,479310.48,JPY,AMER,CP0455,SWAP,TDR0150,BOOK_A,2026-01-21
TXN0003427885,APP014,2025-02-26,settled,407230.69,AUD,APAC,CP0102,FUTURE,TDR0182,BOOK_C,2025-12-09
TXN0006437106,APP005,2026-02-24,active,65365.46,USD,EMEA,CP0008,OPTION,TDR0094,BOOK_B,2025-06-16
TXN0006074299,APP001,2025-11-12,failed,536766.51,AUD,EMEA,CP0109,BOND,TDR0107,BOOK_B,2026-03-03
TXN0005876856,APP010,2025-01-18,failed,372480.48,JPY,APAC,CP0405,FUTURE,TDR0089,BOOK_B,2025-02-10
TXN0009018234,APP002,2025-07-23,active,132466.45,CHF,APAC,CP0043,OPTION,TDR0081,BOOK_C,2026-04-14
TXN0000960536,APP020,2025-05-13,failed,914113.28,JPY,EMEA,CP0490,FUTURE,TDR0007,BOOK_A,2025-03-12
TXN0007614956,APP020,2025-04-04,failed,978213.28,AUD,LATAM,CP0298,EQUITY,TDR0116,BOOK_C,2025-12-23
TXN0002818011,APP007,2025-09-07,settled,438123.54,EUR,EMEA,CP0033,FX,TDR0071,BOOK_B,2026-03-07
TXN0005292666,APP019,2025-12-18,pending,808548.55,EUR,AMER,CP0020,OPTION,TDR0177,BOOK_D,2025-10-10
TXN0005584733,APP011,2026-03-07,failed,720729.44,EUR,APAC,CP0498,FX,TDR0161,BOOK_A,2026-04-07
TXN0004614652,APP004,2025-03-30,active,405898.73,AUD,AMER,CP0040,BOND,TDR0100,BOOK_B,2026-01-30
TXN0004250668,APP008,2025-05-27,pending,157495.5,EUR,AMER,CP0174,OPTION,TDR0113,BOOK_A,2026-01-10
TXN0005228625,APP014,2025-04-14,failed,137540.13,CHF,APAC,CP0315,FX,TDR0128,BOOK_A,2025-05-15
TXN0002085281,APP018,2025-08-26,pending,875079.32,GBP,EMEA,CP0443,BOND,TDR0100,BOOK_C,2025-09-19
TXN0006661161,APP016,2025-01-21,pending,941897.07,AUD,AMER,CP0298,FUTURE,TDR0075,BOOK_C,2026-02-01
TXN0009101971,APP017,2026-04-06,settled,898951.34,USD,AMER,CP0360,EQUITY,TDR0088,BOOK_A,2026-01-13
TXN0003306285,APP016,2025-09-22,active,662302.94,EUR,EMEA,CP0238,OPTION,TDR0066,BOOK_C,2025-12-11
TXN0004700410,APP019,2025-09-13,reversed,784675.51,USD,APAC,CP0479,FUTURE,TDR0077,BOOK_A,2025-12-09
TXN0007981115,APP019,2025-08-28,reversed,532916.06,JPY,EMEA,CP0252,OPTION,TDR0118,BOOK_A,2025-02-13
TXN0007863253,APP009,2025-02-24,pending,426095.53,USD,EMEA,CP0036,FX,TDR0106,BOOK_C,2025-04-03
TXN0007283967,APP010,2025-02-13,settled,165099.18,JPY,LATAM,CP0144,FUTURE,TDR0145,BOOK_A,2025-06-27
TXN0002056837,APP015,2026-01-20,settled,775257.87,GBP,APAC,CP0310,EQUITY,TDR0146,BOOK_A,2026-03-28
TXN0008907039,APP009,2025-07-20,failed,887148.68,EUR,LATAM,CP0154,FUTURE,TDR0140,BOOK_C,2026-01-26
TXN0003458255,APP018,2026-02-17,pending,846661.67,CHF,LATAM,CP0101,BOND,TDR0023,BOOK_B,2025-09-01
TXN0002257494,APP014,2025-02-15,active,842011.16,CHF,AMER,CP0330,OPTION,TDR0168,BOOK_D,2025-10-25
TXN0003517710,APP004,2025-12-05,active,22955.88,JPY,APAC,CP0468,SWAP,TDR0002,BOOK_C,2025-09-26
TXN0001761561,APP004,2026-02-07,active,42785.04,GBP,APAC,CP0362,BOND,TDR0082,BOOK_D,2025-10-30
TXN0006398268,APP009,2025-05-04,settled,273462.19,USD,APAC,CP0002,OPTION,TDR0098,BOOK_C,2025-03-03
TXN0001472251,APP003,2026-03-16,pending,459245.08,GBP,LATAM,CP0194,FUTURE,TDR0132,BOOK_C,2025-07-16
TXN0005138717,APP019,2025-11-08,settled,413872.57,CHF,APAC,CP0124,EQUITY,TDR0015,BOOK_C,2025-09-26
TXN0008787843,APP019,2025-05-06,active,632518.91,CHF,EMEA,CP0434,SWAP,TDR0040,BOOK_B,2025-03-06
TXN0003001508,APP013,2025-10-08,failed,887809.63,AUD,EMEA,CP0198,BOND,TDR0104,BOOK_C,2025-01-19
TXN0007796634,APP002,2026-02-25,pending,626285.56,JPY,APAC,CP0261,FUTURE,TDR0061,BOOK_A,2025-05-30
TXN0003006754,APP010,2025-11-13,reversed,125820.78,USD,AMER,CP0152,BOND,TDR0184,BOOK_A,2026-01-01
TXN0005424960,APP018,2025-03-30,pending,54712.71,AUD,LATAM,CP0268,EQUITY,TDR0074,BOOK_B,2025-06-12
TXN0008314397,APP005,2025-07-18,settled,879615.45,AUD,EMEA,CP0052,BOND,TDR0104,BOOK_B,2026-02-23
TXN0006901706,APP001,2026-03-17,pending,569234.15,AUD,APAC,CP0331,BOND,TDR0010,BOOK_B,2025-05-26
TXN0002591926,APP011,2025-01-23,pending,182323.68,EUR,APAC,CP0268,EQUITY,TDR0124,BOOK_B,2025-08-16
TXN0005055138,APP014,2025-11-28,pending,902078.94,GBP,EMEA,CP0397,SWAP,TDR0179,BOOK_A,2025-10-15
TXN0007704966,APP015,2025-09-02,reversed,509206.29,JPY,APAC,CP0006,FX,TDR0106,BOOK_C,2025-01-09
TXN0006254741,APP002,2025-03-11,settled,913847.25,AUD,EMEA,CP0406,SWAP,TDR0024,BOOK_C,2025-06-10
TXN0009081778,APP015,2026-04-09,reversed,631719.11,AUD,APAC,CP0029,OPTION,TDR0070,BOOK_D,2026-04-09
TXN0004907166,APP002,2025-11-20,reversed,692709.25,GBP,LATAM,CP0483,SWAP,TDR0029,BOOK_C,2025-10-16
TXN0001569296,APP010,2025-08-24,active,510493.29,USD,APAC,CP0493,FX,TDR0032,BOOK_B,2025-05-07
TXN0007774721,APP008,2026-01-15,active,843958.21,EUR,LATAM,CP0201,SWAP,TDR0013,BOOK_B,2025-07-13
TXN0009166176,APP011,2025-07-09,pending,775974.17,JPY,LATAM,CP0081,OPTION,TDR0051,BOOK_C,2025-03-22
TXN0007033937,APP017,2025-06-05,active,971079.23,CHF,LATAM,CP0050,FUTURE,TDR0112,BOOK_B,2025-01-23
TXN0004491899,APP019,2025-10-20,pending,718780.69,GBP,LATAM,CP0284,BOND,TDR0023,BOOK_A,2025-12-04
TXN0008092337,APP003,2025-05-16,settled,269792.21,USD,EMEA,CP0127,FX,TDR0080,BOOK_D,2025-03-18
TXN0000192304,APP016,2025-09-05,reversed,419605.87,GBP,EMEA,CP0031,FX,TDR0089,BOOK_B,2025-07-19
TXN0001518738,APP004,2025-11-03,active,321031.71,EUR,AMER,CP0356,SWAP,TDR0077,BOOK_D,2025-04-19
TXN0003873670,APP017,2025-09-07,active,719721.95,GBP,AMER,CP0416,EQUITY,TDR0143,BOOK_D,2025-12-24
TXN0004032338,APP004,2026-01-24,pending,887199.44,USD,LATAM,CP0134,EQUITY,TDR0025,BOOK_D,2025-07-05
TXN0000822525,APP019,2026-01-25,reversed,254309.42,USD,EMEA,CP0433,SWAP,TDR0158,BOOK_B,2026-04-05
TXN0006303789,APP017,2025-11-16,failed,414434.6,AUD,LATAM,CP0488,FX,TDR0004,BOOK_A,2025-02-24
TXN0001097555,APP020,2025-11-19,reversed,379023.58,USD,AMER,CP0134,SWAP,TDR0098,BOOK_A,2026-03-17
TXN0003972701,APP013,2025-12-22,failed,486882.59,GBP,APAC,CP0159,FUTURE,TDR0163,BOOK_D,2025-10-30
TXN0000707647,APP019,2025-09-28,settled,411698.97,USD,EMEA,CP0401,EQUITY,TDR0193,BOOK_C,2025-04-21
TXN0009266439,APP016,2025-09-01,pending,103309.64,CHF,APAC,CP0147,FUTURE,TDR0200,BOOK_C,2025-09-17
TXN0003578082,APP004,2025-01-29,pending,639874.1,EUR,LATAM,CP0240,FUTURE,TDR0016,BOOK_D,2025-12-12
TXN0008221083,APP019,2025-05-31,reversed,376842.43,CHF,EMEA,CP0197,OPTION,TDR0082,BOOK_C,2025-09-18
TXN0002663833,APP017,2026-03-30,active,120929.86,EUR,APAC,CP0473,EQUITY,TDR0096,BOOK_B,2026-03-30
TXN0000424128,APP020,2025-04-23,failed,969895.51,JPY,LATAM,CP0440,EQUITY,TDR0121,BOOK_C,2025-08-05
TXN0009761819,APP009,2025-05-15,pending,428214.04,JPY,EMEA,CP0253,FX,TDR0182,BOOK_B,2025-04-30
TXN0000391178,APP009,2025-02-14,failed,791445.7,USD,LATAM,CP0308,BOND,TDR0153,BOOK_C,2026-02-02
TXN0005361570,APP019,2026-03-02,failed,500212.55,GBP,LATAM,CP0428,FX,TDR0182,BOOK_B,2025-08-25
TXN0000024303,APP020,2025-01-19,pending,594252.68,AUD,AMER,CP0144,BOND,TDR0005,BOOK_A,2025-02-04
TXN0006355671,APP001,2026-01-01,active,563138.13,USD,EMEA,CP0017,OPTION,TDR0071,BOOK_D,2026-03-22
TXN0005831305,APP001,2025-01-26,settled,517542.12,JPY,LATAM,CP0432,BOND,TDR0024,BOOK_C,2025-08-21
TXN0001464953,APP020,2025-11-04,failed,226325.76,USD,EMEA,CP0238,EQUITY,TDR0013,BOOK_D,2025-02-24
TXN0004207169,APP007,2025-10-02,active,304130.22,AUD,EMEA,CP0439,EQUITY,TDR0054,BOOK_A,2025-01-29
TXN0001187540,APP014,2025-05-12,failed,59552.97,USD,AMER,CP0460,FUTURE,TDR0095,BOOK_D,2025-12-20
TXN0009727065,APP017,2025-05-01,active,356898.96,CHF,APAC,CP0100,BOND,TDR0123,BOOK_C,2026-01-15
TXN0007525075,APP009,2026-02-08,active,882448.93,AUD,EMEA,CP0496,EQUITY,TDR0074,BOOK_B,2025-02-15
TXN0004819484,APP004,2026-02-01,settled,534173.91,AUD,EMEA,CP0339,FUTURE,TDR0146,BOOK_D,2025-06-12
TXN0004440509,APP014,2025-03-28,reversed,961181.59,AUD,AMER,CP0216,FUTURE,TDR0111,BOOK_D,2025-10-01
TXN0003274403,APP013,2025-08-03,settled,127270.23,JPY,EMEA,CP0152,FX,TDR0068,BOOK_C,2025-02-20
TXN0006051255,APP018,2025-01-31,settled,201978.73,CHF,APAC,CP0179,OPTION,TDR0181,BOOK_A,2025-02-15
TXN0006186640,APP013,2025-01-09,pending,234273.42,JPY,EMEA,CP0370,SWAP,TDR0143,BOOK_A,2025-07-28
TXN0004008713,APP012,2026-03-10,pending,816328.14,AUD,APAC,CP0295,EQUITY,TDR0161,BOOK_C,2026-01-08
TXN0005203049,APP012,2025-06-14,reversed,55239.53,EUR,LATAM,CP0055,FX,TDR0111,BOOK_D,2025-07-24
TXN0001128601,APP008,2025-01-01,active,549652.55,AUD,EMEA,CP0393,OPTION,TDR0100,BOOK_D,2025-04-29
TXN0009530613,APP018,2025-01-13,failed,557280.39,GBP,LATAM,CP0343,EQUITY,TDR0025,BOOK_B,2025-10-14
TXN0002073819,APP017,2025-11-01,settled,518491.09,AUD,AMER,CP0483,FUTURE,TDR0030,BOOK_D,2025-10-25
TXN0002573701,APP014,2025-12-15,settled,209112.41,CHF,AMER,CP0498,BOND,TDR0085,BOOK_C,2025-06-26
TXN0008658188,APP006,2025-01-23,active,787885.7,AUD,AMER,CP0171,FX,TDR0124,BOOK_C,2025-09-16
TXN0002404597,APP002,2026-03-07,reversed,246109.85,AUD,LATAM,CP0192,EQUITY,TDR0089,BOOK_D,2025-04-15
TXN0001466774,APP002,2026-03-31,reversed,604461.83,GBP,EMEA,CP0336,FX,TDR0130,BOOK_C,2025-02-27
TXN0008903487,APP011,2025-07-26,settled,415150.09,JPY,LATAM,CP0498,OPTION,TDR0191,BOOK_D,2025-03-11
TXN0001677407,APP002,2025-04-05,failed,79000.25,EUR,APAC,CP0005,SWAP,TDR0002,BOOK_B,2025-12-26
TXN0002469426,APP012,2025-01-14,reversed,54662.71,AUD,EMEA,CP0386,EQUITY,TDR0020,BOOK_D,2025-02-14
TXN0009354775,APP018,2025-12-20,settled,499072.17,EUR,EMEA,CP0449,BOND,TDR0148,BOOK_D,2026-02-19
TXN0007241445,APP010,2026-01-27,reversed,79177.72,USD,LATAM,CP0490,BOND,TDR0137,BOOK_D,2025-05-15
TXN0003575544,APP018,2025-06-15,failed,140956.47,CHF,AMER,CP0477,OPTION,TDR0195,BOOK_B,2025-02-07
TXN0001001595,APP012,2025-05-13,pending,403685.41,CHF,EMEA,CP0079,FX,TDR0166,BOOK_A,2025-05-15
TXN0000924916,APP001,2025-01-14,pending,615952.88,GBP,EMEA,CP0061,FX,TDR0169,BOOK_A,2026-04-08
TXN0004540479,APP015,2025-05-05,failed,62938.67,JPY,AMER,CP0164,BOND,TDR0157,BOOK_D,2026-02-28
TXN0000787381,APP012,2025-12-15,pending,377873.17,AUD,APAC,CP0353,FX,TDR0086,BOOK_B,2026-01-07
TXN0004405538,APP005,2025-03-27,reversed,951742.54,CHF,LATAM,CP0352,FUTURE,TDR0029,BOOK_B,2025-06-04
TXN0008104638,APP018,2025-11-24,active,350720.71,USD,AMER,CP0147,EQUITY,TDR0108,BOOK_A,2025-12-02
TXN0005918128,APP015,2025-08-03,reversed,901434.88,CHF,EMEA,CP0065,FX,TDR0027,BOOK_B,2025-04-28
TXN0006661251,APP019,2026-04-02,active,167070.64,GBP,APAC,CP0160,FX,TDR0028,BOOK_A,2025-07-29
TXN0006313115,APP002,2026-01-30,active,340688.75,EUR,LATAM,CP0069,SWAP,TDR0189,BOOK_D,2025-06-17
TXN0003927671,APP020,2025-10-12,settled,527317.1,USD,EMEA,CP0166,EQUITY,TDR0034,BOOK_D,2025-08-15
TXN0009587912,APP020,2025-01-21,failed,274232.85,EUR,EMEA,CP0349,SWAP,TDR0026,BOOK_A,2025-07-15
TXN0004687126,APP015,2025-05-04,failed,819083.76,USD,LATAM,CP0010,FUTURE,TDR0170,BOOK_B,2026-02-17
TXN0002284787,APP018,2025-08-15,settled,473068.44,GBP,EMEA,CP0134,FUTURE,TDR0011,BOOK_A,2025-10-09
TXN0003097117,APP017,2025-11-24,settled,639075.0,EUR,EMEA,CP0128,FX,TDR0082,BOOK_B,2025-02-20
TXN0009592622,APP018,2025-11-07,pending,823310.31,USD,APAC,CP0476,OPTION,TDR0106,BOOK_C,2026-01-31
TXN0008320499,APP012,2025-12-26,pending,846225.31,AUD,LATAM,CP0439,EQUITY,TDR0123,BOOK_C,2025-10-27
TXN0001712922,APP008,2025-11-10,active,298953.04,GBP,APAC,CP0040,SWAP,TDR0008,BOOK_A,2025-12-24
TXN0000041051,APP017,2025-08-20,failed,83383.34,USD,AMER,CP0412,BOND,TDR0094,BOOK_C,2025-05-11
TXN0009841386,APP018,2025-06-25,settled,520087.61,CHF,LATAM,CP0413,EQUITY,TDR0157,BOOK_A,2025-08-17
TXN0003217545,APP013,2026-01-19,reversed,700731.52,GBP,APAC,CP0073,SWAP,TDR0181,BOOK_D,2025-04-07
TXN0003294475,APP017,2025-01-05,reversed,343261.41,USD,APAC,CP0181,OPTION,TDR0020,BOOK_C,2025-07-23
TXN0009206073,APP009,2025-08-23,failed,142698.81,JPY,LATAM,CP0339,BOND,TDR0170,BOOK_D,2026-03-09
TXN0003868829,APP013,2025-08-26,failed,776957.63,GBP,AMER,CP0371,FUTURE,TDR0119,BOOK_A,2025-12-19
TXN0007981424,APP014,2026-03-04,pending,473559.07,JPY,EMEA,CP0273,FUTURE,TDR0153,BOOK_A,2025-12-14
TXN0007537338,APP015,2025-09-15,settled,691203.21,JPY,EMEA,CP0389,EQUITY,TDR0053,BOOK_C,2025-12-09
TXN0001732164,APP002,2025-03-06,active,756378.93,EUR,APAC,CP0065,OPTION,TDR0052,BOOK_D,2025-03-15
TXN0000241465,APP009,2026-02-13,reversed,147313.9,CHF,LATAM,CP0380,FX,TDR0073,BOOK_C,2025-01-09
TXN0009558328,APP007,2025-02-12,reversed,299694.66,GBP,APAC,CP0062,BOND,TDR0155,BOOK_D,2025-09-11
TXN0006466345,APP005,2025-02-11,active,135351.58,GBP,APAC,CP0192,OPTION,TDR0109,BOOK_D,2026-02-20
TXN0002642277,APP001,2026-01-12,active,121597.48,CHF,EMEA,CP0122,FUTURE,TDR0152,BOOK_B,2026-04-02
TXN0005420571,APP008,2025-10-19,pending,118247.78,JPY,AMER,CP0466,EQUITY,TDR0009,BOOK_D,2025-04-16
TXN0001121653,APP018,2025-04-12,reversed,498437.03,CHF,AMER,CP0231,FX,TDR0168,BOOK_B,2025-06-08
TXN0002340746,APP007,2025-06-14,active,350227.73,AUD,EMEA,CP0016,BOND,TDR0008,BOOK_C,2025-12-11
TXN0006543905,APP011,2025-05-21,settled,989797.2,USD,AMER,CP0269,OPTION,TDR0042,BOOK_B,2026-01-26
TXN0004049737,APP001,2025-06-29,reversed,63593.83,GBP,APAC,CP0319,FUTURE,TDR0094,BOOK_C,2026-02-24
TXN0005194673,APP020,2026-02-14,pending,786003.62,CHF,EMEA,CP0408,OPTION,TDR0124,BOOK_A,2026-02-21
TXN0008387825,APP017,2025-06-16,active,268991.2,USD,AMER,CP0474,SWAP,TDR0099,BOOK_D,2025-11-09
TXN0003902332,APP012,2025-07-04,reversed,967876.76,GBP,APAC,CP0194,OPTION,TDR0001,BOOK_A,2025-03-17
TXN0005920351,APP012,2025-12-27,settled,687641.41,JPY,AMER,CP0043,OPTION,TDR0189,BOOK_C,2025-12-11
TXN0003079304,APP001,2026-01-04,reversed,553560.91,EUR,EMEA,CP0239,EQUITY,TDR0145,BOOK_D,2025-06-03
TXN0006272058,APP012,2025-06-25,reversed,590359.49,EUR,EMEA,CP0040,OPTION,TDR0190,BOOK_C,2025-03-06
TXN0004196904,APP018,2025-10-19,reversed,502351.8,USD,APAC,CP0259,BOND,TDR0098,BOOK_A,2025-09-10
TXN0000882698,APP003,2025-08-21,failed,815163.92,USD,APAC,CP0017,FUTURE,TDR0054,BOOK_B,2025-02-01
TXN0003174559,APP003,2025-04-07,pending,107561.72,JPY,AMER,CP0377,FX,TDR0068,BOOK_C,2025-10-11
TXN0005824411,APP016,2025-08-19,failed,171298.58,JPY,LATAM,CP0214,EQUITY,TDR0199,BOOK_A,2025-05-15
TXN0002367137,APP006,2025-10-11,settled,166369.79,GBP,LATAM,CP0158,FX,TDR0047,BOOK_A,2026-01-03
TXN0006266154,APP013,2025-03-07,active,217889.42,AUD,LATAM,CP0028,OPTION,TDR0129,BOOK_D,2025-02-04
TXN0000884380,APP002,2026-04-02,reversed,871946.05,USD,EMEA,CP0349,FX,TDR0036,BOOK_D,2025-03-18
TXN0002912837,APP004,2025-11-08,pending,933624.08,CHF,LATAM,CP0175,FX,TDR0053,BOOK_A,2025-12-01
TXN0001127980,APP012,2025-06-02,reversed,44316.65,GBP,AMER,CP0365,BOND,TDR0099,BOOK_A,2025-11-29
TXN0006479145,APP018,2025-03-18,failed,872618.32,AUD,AMER,CP0343,OPTION,TDR0199,BOOK_D,2025-03-01
TXN0008861594,APP007,2025-06-01,active,966736.45,EUR,EMEA,CP0475,OPTION,TDR0164,BOOK_B,2026-03-12
TXN0009778875,APP003,2026-04-03,reversed,174733.41,EUR,APAC,CP0196,FX,TDR0132,BOOK_C,2025-07-17
TXN0004728737,APP008,2025-07-26,pending,502368.76,GBP,EMEA,CP0015,FUTURE,TDR0114,BOOK_D,2025-06-04
TXN0002027369,APP006,2025-01-22,reversed,874521.28,JPY,LATAM,CP0094,FX,TDR0004,BOOK_A,2026-02-26
TXN0001956536,APP011,2025-03-22,reversed,169740.48,EUR,AMER,CP0141,BOND,TDR0102,BOOK_B,2025-04-09
TXN0005627449,APP007,2025-09-26,failed,323307.15,USD,EMEA,CP0074,FUTURE,TDR0026,BOOK_D,2025-06-09
TXN0008973057,APP009,2025-04-02,failed,85087.63,EUR,LATAM,CP0154,FUTURE,TDR0200,BOOK_A,2026-03-29
TXN0002984312,APP020,2025-04-05,pending,747523.34,GBP,APAC,CP0388,FUTURE,TDR0145,BOOK_A,2025-09-16
TXN0004991174,APP011,2025-03-06,pending,906535.29,EUR,AMER,CP0027,BOND,TDR0057,BOOK_D,2025-08-27
TXN0008567286,APP001,2025-08-27,settled,2668.91,AUD,APAC,CP0257,SWAP,TDR0051,BOOK_A,2025-01-04
TXN0009471187,APP005,2025-11-15,failed,106137.82,JPY,EMEA,CP0228,FUTURE,TDR0066,BOOK_A,2025-10-30
TXN0007506911,APP009,2025-12-01,reversed,232130.51,JPY,LATAM,CP0459,FUTURE,TDR0143,BOOK_A,2026-02-22
TXN0000003418,APP002,2025-04-19,reversed,685491.95,AUD,EMEA,CP0472,SWAP,TDR0081,BOOK_C,2025-08-10
TXN0002117749,APP013,2025-11-05,active,909623.75,JPY,APAC,CP0400,FX,TDR0012,BOOK_A,2025-03-02
TXN0000975364,APP006,2025-12-12,settled,86044.46,AUD,LATAM,CP0075,BOND,TDR0085,BOOK_D,2025-06-07
TXN0000803861,APP017,2025-10-11,failed,420236.14,AUD,EMEA,CP0347,FX,TDR0107,BOOK_B,2025-10-21
TXN0008872691,APP016,2025-10-13,active,287666.57,EUR,AMER,CP0098,SWAP,TDR0111,BOOK_B,2025-04-01
TXN0009271422,APP009,2025-06-02,settled,872230.89,EUR,LATAM,CP0239,BOND,TDR0184,BOOK_A,2025-04-22
TXN0001750008,APP017,2025-07-08,failed,411665.82,JPY,LATAM,CP0077,FUTURE,TDR0039,BOOK_C,2025-02-20
TXN0003031778,APP002,2025-06-19,reversed,680949.45,GBP,AMER,CP0381,BOND,TDR0022,BOOK_C,2025-02-28
TXN0004910565,APP014,2026-03-06,active,788538.38,EUR,APAC,CP0002,SWAP,TDR0069,BOOK_A,2026-01-25
TXN0009991442,APP001,2025-11-05,active,711747.23,EUR,EMEA,CP0300,SWAP,TDR0138,BOOK_A,2025-03-19
TXN0005613581,APP001,2025-12-29,failed,796005.79,JPY,LATAM,CP0415,EQUITY,TDR0120,BOOK_D,2026-01-23
TXN0007145846,APP009,2025-08-20,reversed,382917.69,EUR,EMEA,CP0354,FX,TDR0147,BOOK_A,2025-04-09
TXN0007351329,APP020,2026-03-16,settled,406215.96,EUR,AMER,CP0282,SWAP,TDR0076,BOOK_D,2025-04-30
TXN0001666190,APP016,2025-04-02,pending,115112.18,AUD,EMEA,CP0447,SWAP,TDR0140,BOOK_B,2025-09-07
TXN0001108449,APP005,2026-04-02,reversed,249529.94,GBP,AMER,CP0351,FUTURE,TDR0094,BOOK_A,2025-11-28
TXN0000506050,APP006,2026-03-21,reversed,993350.39,AUD,EMEA,CP0123,BOND,TDR0009,BOOK_C,2025-01-13
TXN0001753085,APP004,2025-06-03,failed,75549.95,GBP,LATAM,CP0348,SWAP,TDR0017,BOOK_B,2025-05-25
TXN0004334948,APP012,2025-05-18,pending,409739.24,GBP,AMER,CP0241,OPTION,TDR0095,BOOK_A,2025-11-11
TXN0006914273,APP002,2025-06-08,reversed,881300.64,USD,APAC,CP0154,FX,TDR0002,BOOK_D,2025-11-11
TXN0007031630,APP007,2025-01-14,pending,280588.29,USD,LATAM,CP0369,SWAP,TDR0096,BOOK_B,2025-11-04
TXN0009847250,APP014,2025-05-29,reversed,433062.29,GBP,APAC,CP0132,FX,TDR0128,BOOK_B,2025-12-12
TXN0002090209,APP006,2025-09-18,reversed,151558.91,JPY,EMEA,CP0461,FUTURE,TDR0155,BOOK_A,2025-02-12
TXN0001416342,APP010,2026-03-15,active,169864.9,EUR,APAC,CP0321,SWAP,TDR0159,BOOK_D,2025-07-31
TXN0006519086,APP009,2025-09-16,failed,468739.2,GBP,LATAM,CP0309,EQUITY,TDR0054,BOOK_A,2026-02-20
TXN0005098551,APP020,2025-06-14,pending,45957.25,EUR,LATAM,CP0090,FX,TDR0094,BOOK_C,2026-02-20
TXN0004591660,APP004,2025-03-08,pending,385599.97,GBP,AMER,CP0111,FX,TDR0049,BOOK_A,2025-03-29
TXN0008601836,APP002,2025-11-19,reversed,831943.84,CHF,APAC,CP0004,SWAP,TDR0033,BOOK_B,2025-01-22
TXN0008736414,APP010,2025-01-03,reversed,120547.88,JPY,LATAM,CP0449,FUTURE,TDR0007,BOOK_B,2026-03-15
TXN0007332029,APP018,2025-05-02,pending,560302.88,GBP,EMEA,CP0139,EQUITY,TDR0106,BOOK_B,2025-07-13
TXN0001005327,APP012,2025-09-12,active,601090.38,JPY,APAC,CP0016,OPTION,TDR0066,BOOK_C,2025-12-29
TXN0009150190,APP020,2025-12-19,pending,797795.02,GBP,LATAM,CP0144,BOND,TDR0174,BOOK_A,2025-11-12
TXN0009376977,APP015,2026-01-10,settled,667029.08,USD,LATAM,CP0420,SWAP,TDR0188,BOOK_C,2025-06-23
TXN0005679167,APP004,2026-03-30,pending,869077.06,USD,AMER,CP0244,BOND,TDR0009,BOOK_A,2025-05-27
TXN0004140057,APP012,2025-03-06,reversed,992975.35,CHF,APAC,CP0497,EQUITY,TDR0190,BOOK_C,2025-09-02
TXN0009577056,APP015,2025-03-18,reversed,186880.48,GBP,APAC,CP0417,OPTION,TDR0007,BOOK_B,2025-05-29
TXN0004984476,APP002,2025-10-14,reversed,209774.89,JPY,LATAM,CP0118,BOND,TDR0115,BOOK_A,2025-05-06
TXN0002574307,APP005,2025-08-28,pending,614584.57,CHF,AMER,CP0298,OPTION,TDR0116,BOOK_C,2025-11-19
TXN0007215421,APP003,2025-05-15,active,377436.77,GBP,APAC,CP0441,BOND,TDR0116,BOOK_B,2025-03-22
TXN0002152786,APP018,2025-10-31,reversed,545657.9,EUR,LATAM,CP0459,SWAP,TDR0101,BOOK_C,2026-03-12
TXN0000152568,APP004,2025-12-19,active,215172.35,USD,AMER,CP0128,OPTION,TDR0134,BOOK_A,2025-10-15
TXN0009773008,APP001,2026-01-18,settled,979134.49,EUR,EMEA,CP0320,EQUITY,TDR0043,BOOK_A,2025-06-14
TXN0006884971,APP002,2025-05-16,pending,633717.72,USD,AMER,CP0150,OPTION,TDR0163,BOOK_C,2026-01-25
TXN0007336241,APP005,2025-10-09,reversed,198731.17,CHF,AMER,CP0237,BOND,TDR0183,BOOK_A,2025-07-20
TXN0003942061,APP017,2025-03-15,settled,508936.45,CHF,AMER,CP0114,BOND,TDR0134,BOOK_D,2025-08-22
TXN0007778378,APP003,2025-06-28,active,157213.32,JPY,APAC,CP0112,BOND,TDR0127,BOOK_C,2025-12-06
TXN0007472029,APP005,2025-09-13,settled,211575.82,JPY,LATAM,CP0455,SWAP,TDR0120,BOOK_D,2025-10-09
TXN0004212452,APP003,2025-07-27,settled,943006.2,USD,EMEA,CP0438,SWAP,TDR0031,BOOK_C,2025-08-14
TXN0001830083,APP012,2025-09-24,pending,272479.27,GBP,AMER,CP0402,SWAP,TDR0141,BOOK_C,2025-09-17
TXN0009752514,APP011,2026-03-27,settled,370577.69,EUR,APAC,CP0027,FUTURE,TDR0174,BOOK_D,2025-08-01
TXN0004313783,APP014,2026-01-09,settled,51478.62,AUD,APAC,CP0220,EQUITY,TDR0017,BOOK_C,2025-08-30
TXN0005791651,APP020,2026-01-01,failed,454112.12,JPY,AMER,CP0298,BOND,TDR0184,BOOK_B,2026-04-13
TXN0005443026,APP002,2025-08-20,pending,342469.13,JPY,APAC,CP0360,FX,TDR0059,BOOK_B,2025-02-27
TXN0007680019,APP016,2025-06-29,active,769411.64,GBP,APAC,CP0298,FUTURE,TDR0133,BOOK_A,2025-04-19
TXN0003130919,APP014,2026-02-18,failed,722410.37,USD,AMER,CP0227,EQUITY,TDR0131,BOOK_A,2025-05-10
TXN0005100521,APP020,2026-02-02,pending,313104.63,EUR,LATAM,CP0118,SWAP,TDR0031,BOOK_C,2025-10-17
TXN0002137347,APP001,2025-12-15,active,679667.36,JPY,EMEA,CP0116,EQUITY,TDR0015,BOOK_C,2026-04-13
TXN0008910968,APP002,2025-03-17,pending,629797.96,USD,AMER,CP0263,BOND,TDR0044,BOOK_D,2025-02-23
TXN0002131915,APP003,2026-03-24,pending,223667.29,AUD,EMEA,CP0377,FUTURE,TDR0090,BOOK_A,2025-05-09
TXN0004288298,APP009,2026-01-29,reversed,584011.11,EUR,EMEA,CP0438,FUTURE,TDR0139,BOOK_B,2025-06-28
TXN0003076372,APP005,2025-06-27,pending,47006.09,USD,EMEA,CP0137,FUTURE,TDR0118,BOOK_C,2026-02-09
TXN0002171990,APP014,2025-01-30,failed,396105.73,AUD,EMEA,CP0315,SWAP,TDR0051,BOOK_C,2026-03-04
TXN0009349289,APP016,2025-04-02,pending,5546.52,JPY,LATAM,CP0429,OPTION,TDR0108,BOOK_C,2025-05-15
TXN0000605898,APP018,2026-03-10,failed,202213.25,GBP,APAC,CP0468,OPTION,TDR0084,BOOK_A,2025-07-27
TXN0007418736,APP004,2025-02-21,settled,244538.28,AUD,EMEA,CP0001,EQUITY,TDR0036,BOOK_B,2026-01-24
TXN0007796767,APP017,2025-10-30,active,59262.99,AUD,LATAM,CP0343,BOND,TDR0177,BOOK_B,2025-11-26
TXN0005909321,APP017,2026-01-10,active,172780.22,EUR,APAC,CP0210,OPTION,TDR0147,BOOK_B,2025-05-23
TXN0001552926,APP011,2025-03-14,pending,653053.21,USD,EMEA,CP0248,BOND,TDR0138,BOOK_A,2025-05-24
TXN0007065667,APP012,2025-11-20,pending,33172.1,GBP,LATAM,CP0123,FUTURE,TDR0006,BOOK_C,2025-08-22
TXN0007777431,APP018,2026-02-14,active,38335.55,GBP,EMEA,CP0123,FUTURE,TDR0172,BOOK_C,2026-01-21
TXN0001464158,APP008,2025-03-08,active,780796.82,USD,AMER,CP0348,OPTION,TDR0161,BOOK_A,2025-11-12
TXN0005483090,APP014,2026-03-21,active,372713.14,GBP,APAC,CP0045,FX,TDR0071,BOOK_D,2025-06-19
TXN0008402561,APP008,2025-05-11,settled,696819.38,AUD,AMER,CP0207,OPTION,TDR0011,BOOK_A,2025-11-07
TXN0008988141,APP019,2025-02-17,active,67998.13,GBP,AMER,CP0151,SWAP,TDR0121,BOOK_A,2026-01-31
TXN0007969965,APP015,2026-01-17,reversed,990841.19,CHF,LATAM,CP0300,OPTION,TDR0179,BOOK_C,2025-11-17
TXN0007096122,APP005,2025-12-25,active,827116.61,AUD,LATAM,CP0179,BOND,TDR0176,BOOK_C,2025-06-07
TXN0006883356,APP002,2025-07-14,reversed,426980.56,EUR,APAC,CP0229,FX,TDR0015,BOOK_B,2026-04-14
TXN0001142576,APP011,2025-10-09,settled,243014.32,EUR,APAC,CP0340,FX,TDR0091,BOOK_B,2026-04-10
TXN0007174599,APP014,2026-03-29,settled,96507.66,EUR,AMER,CP0182,SWAP,TDR0094,BOOK_C,2025-02-20
TXN0003625350,APP006,2025-10-10,reversed,157281.37,CHF,EMEA,CP0071,OPTION,TDR0052,BOOK_C,2026-01-15
TXN0007672372,APP020,2025-10-23,failed,274230.35,CHF,LATAM,CP0430,SWAP,TDR0005,BOOK_B,2025-12-19
TXN0009643764,APP009,2026-02-13,failed,500949.91,GBP,AMER,CP0009,OPTION,TDR0009,BOOK_A,2025-03-31
TXN0000290665,APP016,2025-06-17,settled,780562.0,USD,LATAM,CP0393,EQUITY,TDR0135,BOOK_A,2025-05-23
TXN0002745541,APP009,2025-02-02,failed,103895.99,USD,EMEA,CP0259,BOND,TDR0141,BOOK_B,2025-05-12
TXN0006355662,APP016,2025-08-10,settled,717911.53,USD,APAC,CP0155,BOND,TDR0007,BOOK_D,2025-07-22
TXN0000313953,APP016,2025-04-06,settled,991910.74,GBP,LATAM,CP0180,FUTURE,TDR0065,BOOK_D,2026-01-01
TXN0005999446,APP005,2026-03-15,reversed,116766.66,USD,EMEA,CP0076,FX,TDR0147,BOOK_D,2025-10-24
TXN0005492048,APP003,2025-10-25,failed,789566.14,USD,LATAM,CP0107,BOND,TDR0109,BOOK_C,2025-07-15
TXN0000662732,APP006,2025-03-24,reversed,906131.93,AUD,EMEA,CP0132,OPTION,TDR0032,BOOK_D,2025-08-31
TXN0009684828,APP019,2026-03-29,pending,938828.67,USD,APAC,CP0475,OPTION,TDR0137,BOOK_B,2025-03-04
TXN0005863242,APP016,2026-02-07,settled,202511.68,JPY,APAC,CP0276,BOND,TDR0150,BOOK_B,2025-05-09
TXN0008132208,APP014,2025-08-09,active,547548.17,JPY,APAC,CP0234,FUTURE,TDR0109,BOOK_B,2025-05-05
TXN0002922722,APP017,2025-08-02,failed,810074.43,JPY,LATAM,CP0202,SWAP,TDR0200,BOOK_A,2025-06-13
TXN0003642947,APP002,2025-10-23,reversed,578526.56,EUR,LATAM,CP0106,FUTURE,TDR0062,BOOK_B,2025-11-29
TXN0007795875,APP020,2025-02-03,active,521312.57,EUR,AMER,CP0046,EQUITY,TDR0176,BOOK_D,2025-01-20
TXN0006592650,APP008,2026-02-26,settled,148049.29,GBP,AMER,CP0287,FX,TDR0127,BOOK_D,2026-01-08
TXN0004820223,APP008,2026-02-05,active,84029.35,AUD,LATAM,CP0130,EQUITY,TDR0089,BOOK_B,2025-12-26
TXN0006090945,APP014,2026-01-22,failed,49990.26,EUR,LATAM,CP0036,FUTURE,TDR0084,BOOK_D,2025-08-09
TXN0004124829,APP004,2025-07-12,reversed,534820.53,JPY,APAC,CP0415,SWAP,TDR0057,BOOK_A,2025-08-11
TXN0004220090,APP004,2026-04-07,failed,684721.63,GBP,LATAM,CP0353,OPTION,TDR0188,BOOK_A,2025-08-15
TXN0008456124,APP002,2025-01-26,failed,692774.95,GBP,EMEA,CP0429,BOND,TDR0178,BOOK_D,2025-12-26
TXN0001075739,APP012,2025-07-07,pending,921794.28,AUD,APAC,CP0033,BOND,TDR0012,BOOK_D,2025-05-28
TXN0002719524,APP006,2026-03-06,reversed,657877.99,AUD,AMER,CP0404,OPTION,TDR0091,BOOK_B,2025-03-04
TXN0004806335,APP017,2025-04-13,pending,187727.59,EUR,APAC,CP0174,BOND,TDR0175,BOOK_A,2025-05-20
TXN0003798359,APP017,2025-02-25,active,587921.92,CHF,APAC,CP0085,OPTION,TDR0151,BOOK_D,2025-11-24
TXN0002186488,APP003,2026-04-07,settled,686271.23,JPY,APAC,CP0154,BOND,TDR0078,BOOK_D,2025-08-31
TXN0006815694,APP001,2025-02-10,pending,2988.46,EUR,LATAM,CP0013,FX,TDR0131,BOOK_C,2025-04-06
TXN0004384196,APP018,2025-10-22,reversed,789096.29,GBP,APAC,CP0105,FX,TDR0054,BOOK_B,2025-10-08
TXN0006977039,APP009,2025-07-01,active,644059.3,EUR,APAC,CP0113,FX,TDR0176,BOOK_C,2026-02-03
TXN0009392699,APP002,2025-12-01,pending,348208.22,GBP,LATAM,CP0407,BOND,TDR0198,BOOK_D,2025-06-12
TXN0009356698,APP007,2025-02-28,reversed,101210.0,GBP,APAC,CP0142,FUTURE,TDR0140,BOOK_D,2025-07-24
TXN0006648187,APP007,2025-11-19,settled,985866.28,EUR,LATAM,CP0360,FUTURE,TDR0194,BOOK_C,2025-07-13
TXN0009737075,APP002,2025-08-09,settled,339202.83,CHF,LATAM,CP0032,OPTION,TDR0046,BOOK_C,2025-12-08
TXN0008894182,APP008,2026-02-16,failed,76645.61,AUD,EMEA,CP0281,BOND,TDR0043,BOOK_A,2025-05-13
TXN0003012510,APP012,2025-03-05,settled,46618.91,USD,LATAM,CP0431,BOND,TDR0190,BOOK_A,2025-12-03
TXN0005533079,APP005,2025-09-22,active,342048.85,GBP,EMEA,CP0108,BOND,TDR0133,BOOK_D,2025-09-08
TXN0009608854,APP007,2025-02-09,active,853184.76,GBP,AMER,CP0175,EQUITY,TDR0110,BOOK_C,2026-01-28
TXN0005816415,APP003,2026-01-24,pending,804701.04,AUD,LATAM,CP0191,SWAP,TDR0087,BOOK_C,2026-02-03
TXN0001872383,APP005,2026-01-09,settled,514560.51,JPY,EMEA,CP0414,BOND,TDR0191,BOOK_D,2025-10-12
TXN0008534217,APP011,2025-08-29,settled,934627.0,GBP,LATAM,CP0384,FX,TDR0108,BOOK_A,2026-04-14
TXN0003255125,APP019,2025-01-02,reversed,571342.35,AUD,EMEA,CP0288,FUTURE,TDR0152,BOOK_D,2025-12-23
TXN0003975308,APP003,2025-10-16,pending,398317.85,JPY,APAC,CP0234,OPTION,TDR0015,BOOK_A,2026-02-18
TXN0003197970,APP020,2025-12-02,settled,277214.07,USD,EMEA,CP0309,SWAP,TDR0049,BOOK_B,2026-03-13
TXN0000302627,APP011,2026-02-04,active,682036.48,GBP,AMER,CP0356,FUTURE,TDR0005,BOOK_A,2026-01-05
TXN0001446552,APP016,2025-04-27,failed,906294.23,CHF,LATAM,CP0284,SWAP,TDR0139,BOOK_A,2025-05-07
TXN0004354565,APP003,2025-12-17,reversed,219814.02,CHF,AMER,CP0053,EQUITY,TDR0114,BOOK_A,2026-04-08
TXN0009694600,APP011,2025-12-11,reversed,303929.12,CHF,LATAM,CP0162,FX,TDR0200,BOOK_B,2025-08-08
TXN0000787457,APP001,2025-05-25,reversed,203925.78,GBP,AMER,CP0267,OPTION,TDR0027,BOOK_A,2025-10-08
TXN0005394524,APP014,2026-03-09,pending,644741.82,USD,APAC,CP0467,SWAP,TDR0033,BOOK_C,2025-07-30
TXN0002895176,APP013,2025-08-22,active,143599.58,JPY,LATAM,CP0481,EQUITY,TDR0160,BOOK_C,2025-11-29
TXN0008204454,APP014,2025-11-25,pending,860756.93,GBP,APAC,CP0094,FX,TDR0133,BOOK_C,2025-06-14
TXN0005815312,APP012,2025-06-10,active,339812.12,AUD,EMEA,CP0205,SWAP,TDR0069,BOOK_D,2025-12-08
TXN0005495144,APP014,2025-04-30,pending,552843.44,USD,AMER,CP0090,FX,TDR0146,BOOK_D,2026-04-14
TXN0007315714,APP016,2025-04-16,reversed,104587.03,EUR,AMER,CP0327,FUTURE,TDR0163,BOOK_A,2025-10-25
TXN0000146660,APP014,2025-02-18,settled,769408.53,AUD,EMEA,CP0444,EQUITY,TDR0084,BOOK_C,2025-10-17
TXN0008537448,APP001,2025-07-08,pending,79798.69,EUR,APAC,CP0001,FUTURE,TDR0070,BOOK_D,2025-06-10
TXN0004703534,APP015,2025-02-07,settled,672809.49,JPY,APAC,CP0039,FUTURE,TDR0036,BOOK_D,2025-12-31
TXN0009918118,APP009,2025-10-25,pending,966211.97,AUD,AMER,CP0189,OPTION,TDR0091,BOOK_A,2025-03-31
TXN0004878184,APP013,2025-01-17,pending,131676.75,GBP,LATAM,CP0288,FUTURE,TDR0196,BOOK_B,2025-11-26
TXN0001062134,APP011,2025-05-17,pending,10276.85,EUR,APAC,CP0498,BOND,TDR0096,BOOK_C,2025-02-14
TXN0000978478,APP016,2025-02-17,reversed,747941.04,JPY,EMEA,CP0099,SWAP,TDR0039,BOOK_A,2025-03-13
TXN0001258339,APP006,2025-08-30,reversed,236082.26,JPY,EMEA,CP0113,OPTION,TDR0130,BOOK_A,2025-01-31
TXN0008726348,APP003,2026-01-27,pending,868091.57,AUD,LATAM,CP0121,OPTION,TDR0151,BOOK_A,2025-10-15
TXN0005392356,APP011,2026-01-11,pending,218623.73,USD,APAC,CP0273,SWAP,TDR0177,BOOK_B,2025-08-09
TXN0004693386,APP009,2026-04-11,settled,988307.87,CHF,LATAM,CP0156,SWAP,TDR0066,BOOK_B,2026-01-27
TXN0008532026,APP016,2026-01-16,failed,220134.6,CHF,LATAM,CP0261,SWAP,TDR0088,BOOK_B,2025-07-08
TXN0005377670,APP019,2025-12-17,active,287993.14,AUD,AMER,CP0003,EQUITY,TDR0042,BOOK_D,2025-09-11
TXN0001931389,APP007,2025-10-08,reversed,988509.0,AUD,AMER,CP0165,SWAP,TDR0040,BOOK_B,2026-04-14
TXN0002023955,APP015,2025-08-22,active,157018.19,CHF,APAC,CP0250,BOND,TDR0142,BOOK_C,2025-10-26
TXN0001844445,APP018,2026-02-13,active,910095.75,CHF,LATAM,CP0119,OPTION,TDR0121,BOOK_D,2025-12-29
TXN0008265723,APP001,2025-09-01,failed,707099.27,USD,APAC,CP0009,BOND,TDR0171,BOOK_D,2025-06-19
TXN0004536039,APP001,2026-01-04,reversed,977402.19,GBP,APAC,CP0038,FX,TDR0157,BOOK_C,2025-07-11
TXN0001338986,APP011,2025-03-12,pending,274434.4,CHF,AMER,CP0362,BOND,TDR0128,BOOK_A,2025-08-18
TXN0000768927,APP006,2025-06-04,active,778670.29,EUR,APAC,CP0029,EQUITY,TDR0148,BOOK_B,2026-04-01
TXN0007007151,APP001,2025-10-28,active,445741.59,AUD,AMER,CP0384,EQUITY,TDR0086,BOOK_C,2025-01-11
TXN0000079693,APP007,2025-02-07,failed,941711.75,CHF,EMEA,CP0498,FX,TDR0165,BOOK_B,2025-02-03
TXN0003410773,APP002,2025-04-09,active,752422.4,GBP,AMER,CP0162,OPTION,TDR0051,BOOK_D,2025-10-16
TXN0006776911,APP006,2026-02-24,pending,837775.61,AUD,EMEA,CP0423,BOND,TDR0103,BOOK_B,2025-01-30
TXN0004400439,APP001,2025-04-10,settled,38262.87,CHF,LATAM,CP0114,EQUITY,TDR0145,BOOK_A,2025-11-15
TXN0009481386,APP005,2026-01-31,settled,134493.89,CHF,EMEA,CP0214,EQUITY,TDR0185,BOOK_B,2025-06-20
TXN0004180117,APP010,2026-02-03,pending,498049.36,AUD,AMER,CP0154,FX,TDR0122,BOOK_B,2025-01-18
TXN0001328194,APP008,2025-02-13,active,347448.09,CHF,EMEA,CP0102,BOND,TDR0064,BOOK_D,2025-08-13
TXN0008572800,APP005,2025-09-25,failed,842534.4,GBP,APAC,CP0181,OPTION,TDR0129,BOOK_A,2025-05-16
TXN0005366286,APP007,2025-08-16,reversed,811242.24,AUD,APAC,CP0496,FUTURE,TDR0002,BOOK_A,2025-09-02
TXN0005773889,APP016,2025-08-11,reversed,87332.46,JPY,AMER,CP0094,FUTURE,TDR0197,BOOK_D,2025-08-14
TXN0005841184,APP004,2025-06-01,active,628228.21,GBP,APAC,CP0048,FX,TDR0190,BOOK_A,2025-10-15
TXN0007411739,APP004,2025-12-17,pending,560660.82,AUD,EMEA,CP0351,FUTURE,TDR0070,BOOK_A,2025-01-19
TXN0003574083,APP010,2025-01-04,reversed,69789.46,USD,EMEA,CP0059,FX,TDR0184,BOOK_C,2026-03-15
TXN0008618289,APP019,2025-06-08,pending,817311.28,USD,EMEA,CP0298,FX,TDR0118,BOOK_B,2025-11-13
TXN0006021116,APP009,2025-06-20,pending,86994.1,GBP,APAC,CP0074,BOND,TDR0160,BOOK_D,2025-11-03
TXN0009039082,APP019,2025-11-15,active,755511.0,JPY,AMER,CP0478,FUTURE,TDR0093,BOOK_B,2025-05-01
TXN0006385637,APP017,2025-08-03,settled,131503.02,JPY,AMER,CP0102,FUTURE,TDR0042,BOOK_A,2025-02-09
TXN0006090487,APP014,2025-03-18,settled,886641.25,CHF,APAC,CP0174,BOND,TDR0170,BOOK_C,2026-03-09
TXN0001771682,APP011,2026-01-03,active,126296.54,CHF,EMEA,CP0131,FX,TDR0064,BOOK_C,2025-08-30
TXN0008139453,APP006,2025-01-21,settled,667575.64,JPY,EMEA,CP0481,FX,TDR0068,BOOK_D,2025-06-11
TXN0008420447,APP003,2025-08-04,active,959712.68,EUR,LATAM,CP0239,FX,TDR0033,BOOK_A,2025-03-05
TXN0000389303,APP005,2025-01-25,failed,465607.29,GBP,LATAM,CP0198,FUTURE,TDR0087,BOOK_C,2025-10-29
TXN0000761775,APP018,2025-05-23,failed,975848.14,CHF,EMEA,CP0143,EQUITY,TDR0033,BOOK_A,2025-03-02
TXN0005315050,APP014,2025-03-04,failed,937025.11,AUD,APAC,CP0266,FUTURE,TDR0110,BOOK_B,2025-04-25
TXN0007980717,APP011,2025-04-17,pending,414560.07,CHF,APAC,CP0370,BOND,TDR0186,BOOK_D,2025-05-28
TXN0000014569,APP005,2025-08-17,active,666672.4,JPY,EMEA,CP0135,OPTION,TDR0070,BOOK_A,2025-12-05
TXN0007774188,APP012,2025-12-21,failed,303513.34,USD,LATAM,CP0494,SWAP,TDR0143,BOOK_B,2026-04-02
TXN0007519275,APP013,2025-03-11,pending,623032.6,GBP,APAC,CP0129,EQUITY,TDR0013,BOOK_A,2026-01-31
TXN0008007613,APP002,2025-10-13,failed,269776.59,GBP,EMEA,CP0058,BOND,TDR0016,BOOK_A,2025-09-08
TXN0005001184,APP009,2025-08-13,settled,645691.8,USD,LATAM,CP0297,FX,TDR0087,BOOK_D,2025-09-17
TXN0002850073,APP019,2025-01-02,failed,874796.8,EUR,EMEA,CP0316,FUTURE,TDR0075,BOOK_C,2026-02-22
TXN0001657060,APP013,2025-02-28,failed,485776.82,USD,LATAM,CP0275,EQUITY,TDR0177,BOOK_D,2025-11-27
TXN0001100650,APP006,2026-03-23,pending,696449.3,EUR,LATAM,CP0099,FUTURE,TDR0183,BOOK_B,2025-01-08
TXN0007416075,APP016,2025-07-15,reversed,947449.51,CHF,LATAM,CP0331,FX,TDR0028,BOOK_C,2025-11-19
TXN0002512101,APP009,2025-01-29,reversed,517177.72,CHF,LATAM,CP0231,OPTION,TDR0041,BOOK_D,2026-01-06
TXN0005124772,APP011,2026-02-27,active,110071.6,AUD,AMER,CP0400,OPTION,TDR0122,BOOK_B,2025-11-27
TXN0003606091,APP008,2025-03-10,settled,75644.16,AUD,LATAM,CP0216,FX,TDR0110,BOOK_B,2025-01-03
TXN0002158441,APP013,2025-12-10,failed,460703.91,AUD,EMEA,CP0301,BOND,TDR0200,BOOK_A,2025-10-19
TXN0007817219,APP016,2025-11-29,failed,808545.31,GBP,APAC,CP0413,FUTURE,TDR0054,BOOK_A,2025-07-12
TXN0002389960,APP001,2025-04-17,pending,751287.62,JPY,LATAM,CP0093,EQUITY,TDR0084,BOOK_A,2025-01-22
TXN0006904394,APP010,2025-10-04,pending,132931.2,EUR,APAC,CP0009,SWAP,TDR0151,BOOK_C,2025-11-22
TXN0003871813,APP009,2025-07-01,settled,820716.56,USD,AMER,CP0472,EQUITY,TDR0038,BOOK_B,2025-03-02
TXN0007226468,APP006,2025-08-15,active,546155.95,USD,AMER,CP0061,SWAP,TDR0061,BOOK_A,2025-02-10
TXN0008703352,APP015,2025-07-28,failed,709619.9,USD,AMER,CP0418,EQUITY,TDR0154,BOOK_C,2025-03-19
TXN0000604878,APP007,2025-09-12,active,650863.99,USD,AMER,CP0309,BOND,TDR0124,BOOK_B,2025-02-05
TXN0001511193,APP015,2025-08-14,pending,149760.79,EUR,AMER,CP0240,FUTURE,TDR0003,BOOK_D,2026-01-26
TXN0004335894,APP007,2025-05-12,pending,351934.9,GBP,LATAM,CP0190,EQUITY,TDR0043,BOOK_C,2026-03-12
TXN0002102937,APP016,2025-03-21,settled,14376.62,CHF,LATAM,CP0299,FX,TDR0145,BOOK_C,2025-07-25
TXN0001981567,APP019,2025-10-13,settled,777219.16,AUD,APAC,CP0223,OPTION,TDR0186,BOOK_D,2025-06-01
TXN0009246331,APP020,2026-03-16,active,807707.24,AUD,APAC,CP0273,FX,TDR0161,BOOK_C,2026-03-17
TXN0000457155,APP005,2025-06-30,pending,733974.5,AUD,EMEA,CP0407,FUTURE,TDR0136,BOOK_D,2025-04-03
TXN0008260741,APP015,2025-01-14,active,483139.11,AUD,EMEA,CP0268,EQUITY,TDR0065,BOOK_C,2025-08-20
TXN0005211017,APP009,2025-01-21,active,187057.93,USD,APAC,CP0386,FX,TDR0197,BOOK_D,2025-01-04
TXN0006037497,APP019,2025-11-18,settled,936709.48,JPY,APAC,CP0280,EQUITY,TDR0120,BOOK_C,2025-11-24
TXN0003095979,APP005,2025-03-14,pending,657324.06,AUD,EMEA,CP0221,BOND,TDR0124,BOOK_B,2025-05-18
TXN0006006143,APP001,2026-02-12,active,955332.17,JPY,APAC,CP0181,BOND,TDR0132,BOOK_A,2025-01-28
TXN0007277118,APP003,2025-03-19,pending,23164.94,JPY,AMER,CP0083,FUTURE,TDR0038,BOOK_C,2025-05-26
TXN0006285578,APP015,2025-08-25,settled,890955.67,JPY,APAC,CP0051,FUTURE,TDR0112,BOOK_A,2026-01-22
TXN0006122490,APP013,2026-03-20,failed,14707.24,JPY,APAC,CP0407,FUTURE,TDR0050,BOOK_B,2025-05-30
TXN0007624024,APP004,2025-11-09,failed,738030.28,GBP,EMEA,CP0327,BOND,TDR0123,BOOK_A,2025-11-14
TXN0002579337,APP016,2025-01-19,active,327987.81,CHF,APAC,CP0154,OPTION,TDR0041,BOOK_B,2026-04-05
TXN0009868904,APP001,2026-01-19,pending,371208.18,AUD,AMER,CP0150,BOND,TDR0018,BOOK_D,2025-10-24
TXN0000874388,APP017,2025-10-08,failed,538834.74,CHF,AMER,CP0499,EQUITY,TDR0144,BOOK_B,2025-10-14
TXN0007286244,APP020,2025-01-16,pending,246433.07,JPY,APAC,CP0338,FUTURE,TDR0138,BOOK_B,2026-02-01
TXN0002736268,APP017,2025-09-10,pending,851266.38,EUR,APAC,CP0190,SWAP,TDR0164,BOOK_C,2026-02-06
TXN0001573769,APP008,2025-09-29,reversed,761872.96,AUD,LATAM,CP0223,EQUITY,TDR0174,BOOK_D,2026-03-30
TXN0001457104,APP005,2025-05-09,pending,702874.01,CHF,APAC,CP0051,EQUITY,TDR0074,BOOK_A,2025-06-15
TXN0008456305,APP002,2025-09-27,failed,675661.07,CHF,APAC,CP0395,FUTURE,TDR0175,BOOK_A,2026-04-09
TXN0003828625,APP013,2026-03-21,settled,619073.56,GBP,AMER,CP0356,SWAP,TDR0133,BOOK_B,2025-01-06
TXN0000393945,APP003,2025-08-14,reversed,137620.24,USD,EMEA,CP0247,FUTURE,TDR0053,BOOK_A,2026-03-18
TXN0004910158,APP003,2025-12-15,settled,66121.53,EUR,EMEA,CP0363,SWAP,TDR0126,BOOK_B,2025-10-02
TXN0009814163,APP015,2026-03-07,reversed,684787.73,GBP,APAC,CP0340,FUTURE,TDR0054,BOOK_A,2025-01-01
TXN0008381346,APP001,2025-12-22,reversed,691001.17,USD,AMER,CP0385,EQUITY,TDR0140,BOOK_D,2025-04-30
TXN0001697737,APP010,2025-12-23,pending,945020.37,USD,AMER,CP0171,FX,TDR0054,BOOK_D,2025-10-01
TXN0001779481,APP004,2026-03-23,pending,419260.78,CHF,APAC,CP0328,SWAP,TDR0168,BOOK_B,2025-12-19
TXN0004328523,APP002,2025-06-15,settled,9801.14,AUD,LATAM,CP0142,EQUITY,TDR0165,BOOK_B,2025-09-12
TXN0000803403,APP014,2025-03-20,failed,757759.68,EUR,AMER,CP0277,OPTION,TDR0165,BOOK_B,2025-10-25
TXN0000446920,APP001,2025-06-03,failed,526171.97,EUR,LATAM,CP0129,FUTURE,TDR0015,BOOK_C,2025-11-21
TXN0006595798,APP013,2025-12-08,failed,923849.56,USD,LATAM,CP0430,BOND,TDR0141,BOOK_C,2025-04-25
TXN0004192772,APP009,2025-03-20,reversed,591496.41,USD,EMEA,CP0083,SWAP,TDR0187,BOOK_C,2025-09-15
TXN0005201912,APP003,2025-01-30,pending,51762.22,EUR,LATAM,CP0368,SWAP,TDR0069,BOOK_D,2026-03-23
TXN0003228612,APP004,2025-12-22,failed,373673.16,JPY,LATAM,CP0007,EQUITY,TDR0115,BOOK_B,2025-12-27
TXN0003255172,APP019,2025-12-26,failed,720539.14,CHF,EMEA,CP0361,EQUITY,TDR0078,BOOK_C,2026-03-05
TXN0001518013,APP010,2025-02-01,settled,927466.75,AUD,APAC,CP0452,FX,TDR0019,BOOK_B,2026-01-07
TXN0000815985,APP008,2025-08-01,settled,377003.82,GBP,AMER,CP0127,BOND,TDR0119,BOOK_B,2025-11-12
TXN0000934636,APP019,2025-08-01,reversed,886570.63,JPY,APAC,CP0347,EQUITY,TDR0160,BOOK_B,2026-01-10
TXN0005286439,APP009,2025-12-26,pending,358138.71,JPY,APAC,CP0090,FUTURE,TDR0089,BOOK_A,2025-02-20
TXN0001890698,APP015,2025-08-24,failed,213548.3,CHF,LATAM,CP0173,OPTION,TDR0091,BOOK_D,2025-08-23
TXN0007047515,APP014,2025-07-18,pending,709348.77,JPY,AMER,CP0001,OPTION,TDR0020,BOOK_D,2025-11-04
TXN0007792421,APP017,2025-09-04,reversed,527012.65,AUD,AMER,CP0243,OPTION,TDR0040,BOOK_C,2025-08-28
TXN0002619374,APP006,2026-04-02,settled,16891.55,USD,AMER,CP0250,FX,TDR0148,BOOK_D,2026-01-19
TXN0003938500,APP007,2025-04-15,active,675441.78,JPY,EMEA,CP0112,BOND,TDR0147,BOOK_D,2025-04-14
TXN0004289441,APP006,2025-08-04,pending,912087.97,USD,APAC,CP0164,FUTURE,TDR0012,BOOK_C,2025-10-18
TXN0003637391,APP002,2025-09-14,failed,707807.33,GBP,LATAM,CP0291,OPTION,TDR0090,BOOK_B,2026-01-17
TXN0008925123,APP004,2025-05-30,settled,308582.46,JPY,AMER,CP0341,SWAP,TDR0163,BOOK_B,2025-05-10
TXN0009624548,APP006,2025-04-18,pending,119075.52,USD,LATAM,CP0499,SWAP,TDR0200,BOOK_C,2025-12-14
TXN0002403606,APP017,2026-01-04,settled,738570.06,USD,AMER,CP0382,OPTION,TDR0191,BOOK_B,2025-12-21
TXN0002961005,APP010,2025-09-19,settled,461226.55,AUD,APAC,CP0477,EQUITY,TDR0137,BOOK_D,2025-12-18
TXN0006128595,APP012,2025-01-26,settled,122497.29,EUR,LATAM,CP0241,SWAP,TDR0192,BOOK_A,2026-04-01
TXN0001840930,APP010,2025-09-21,reversed,1894.31,AUD,APAC,CP0224,SWAP,TDR0035,BOOK_B,2026-02-14
TXN0001519884,APP009,2025-10-12,failed,585229.18,CHF,APAC,CP0296,EQUITY,TDR0030,BOOK_D,2025-11-04
TXN0002776534,APP001,2025-08-11,pending,311799.74,GBP,EMEA,CP0333,OPTION,TDR0008,BOOK_B,2025-01-13
TXN0000832749,APP004,2026-02-27,failed,514035.23,GBP,APAC,CP0333,SWAP,TDR0116,BOOK_C,2025-10-01
TXN0005613332,APP008,2025-01-22,failed,697011.49,GBP,LATAM,CP0034,BOND,TDR0025,BOOK_B,2025-11-24
TXN0004005197,APP013,2025-10-23,pending,87870.07,JPY,LATAM,CP0241,EQUITY,TDR0166,BOOK_B,2025-01-23
TXN0001886164,APP012,2025-05-29,settled,191924.31,AUD,LATAM,CP0080,BOND,TDR0194,BOOK_D,2026-02-08
TXN0004769740,APP017,2026-01-13,active,604930.95,EUR,AMER,CP0393,EQUITY,TDR0187,BOOK_B,2025-03-27
TXN0000792832,APP013,2026-03-03,settled,792506.96,CHF,APAC,CP0097,FX,TDR0100,BOOK_B,2025-01-16
TXN0005053904,APP007,2026-04-14,active,820181.03,JPY,APAC,CP0263,EQUITY,TDR0014,BOOK_D,2025-09-04
TXN0007293134,APP014,2026-02-18,settled,123252.29,AUD,AMER,CP0155,SWAP,TDR0034,BOOK_C,2025-12-24
TXN0000174582,APP007,2026-02-13,reversed,965023.69,GBP,EMEA,CP0458,OPTION,TDR0146,BOOK_D,2025-10-03
TXN0006943513,APP003,2026-03-12,settled,627829.31,EUR,EMEA,CP0245,EQUITY,TDR0164,BOOK_D,2026-01-24
TXN0000197621,APP001,2025-05-20,settled,112519.1,GBP,LATAM,CP0061,BOND,TDR0131,BOOK_C,2025-02-18
TXN0007062735,APP002,2026-01-16,failed,643392.9,EUR,AMER,CP0357,FUTURE,TDR0002,BOOK_C,2025-03-29
TXN0006840919,APP002,2025-07-26,active,665035.58,JPY,LATAM,CP0326,EQUITY,TDR0056,BOOK_D,2025-10-14
TXN0009202784,APP013,2026-03-19,settled,354532.6,GBP,EMEA,CP0128,BOND,TDR0098,BOOK_D,2025-11-13
TXN0007689542,APP017,2025-02-10,reversed,314202.19,AUD,AMER,CP0231,OPTION,TDR0199,BOOK_B,2026-03-06
TXN0003005221,APP019,2025-08-07,pending,409439.09,EUR,EMEA,CP0041,OPTION,TDR0168,BOOK_B,2025-12-17
TXN0004450995,APP020,2025-11-19,settled,388379.45,AUD,LATAM,CP0269,FUTURE,TDR0008,BOOK_D,2025-02-05
TXN0001466851,APP015,2025-11-09,active,990138.18,USD,AMER,CP0045,FUTURE,TDR0156,BOOK_C,2026-01-10
TXN0005547792,APP008,2025-08-14,reversed,489355.59,GBP,LATAM,CP0354,FUTURE,TDR0134,BOOK_C,2025-02-19
TXN0009509623,APP020,2025-01-15,reversed,536655.0,AUD,EMEA,CP0293,EQUITY,TDR0050,BOOK_A,2025-03-16
TXN0001840966,APP006,2025-03-02,failed,107782.02,EUR,APAC,CP0260,FUTURE,TDR0123,BOOK_C,2025-10-24
TXN0002631194,APP010,2025-01-29,reversed,76367.57,USD,AMER,CP0127,BOND,TDR0130,BOOK_A,2025-06-08
TXN0006105357,APP020,2025-04-03,settled,772515.24,CHF,LATAM,CP0169,FX,TDR0058,BOOK_B,2025-06-12
TXN0009984718,APP010,2025-08-04,pending,952030.41,GBP,LATAM,CP0303,EQUITY,TDR0029,BOOK_D,2025-11-24
TXN0001584417,APP013,2025-12-05,failed,924630.04,USD,LATAM,CP0046,EQUITY,TDR0136,BOOK_C,2025-04-01
TXN0004984579,APP006,2025-12-12,settled,458281.07,JPY,AMER,CP0266,FX,TDR0010,BOOK_D,2025-04-24
TXN0000861855,APP011,2025-09-24,reversed,264428.45,EUR,LATAM,CP0072,BOND,TDR0014,BOOK_D,2025-07-05
TXN0000669360,APP005,2025-10-30,settled,785411.84,EUR,APAC,CP0195,OPTION,TDR0079,BOOK_C,2025-09-05
TXN0005322846,APP014,2025-10-12,failed,268313.28,USD,APAC,CP0103,FUTURE,TDR0169,BOOK_B,2025-03-10
TXN0006006830,APP003,2025-05-08,pending,411589.23,JPY,EMEA,CP0114,OPTION,TDR0175,BOOK_A,2025-08-02
TXN0001438300,APP013,2025-12-14,reversed,6899.87,JPY,AMER,CP0158,EQUITY,TDR0078,BOOK_C,2025-11-12
TXN0007199628,APP011,2025-12-26,failed,869364.19,JPY,APAC,CP0049,FX,TDR0013,BOOK_A,2025-12-29
TXN0004173081,APP009,2025-01-14,failed,703680.33,EUR,EMEA,CP0122,SWAP,TDR0147,BOOK_A,2025-06-21
TXN0000781237,APP008,2026-02-03,active,582914.0,JPY,APAC,CP0340,OPTION,TDR0005,BOOK_C,2026-01-27
TXN0006996658,APP005,2025-05-05,active,907194.08,CHF,APAC,CP0070,BOND,TDR0097,BOOK_C,2026-01-05
TXN0002852759,APP004,2025-05-21,settled,421059.37,AUD,LATAM,CP0160,BOND,TDR0015,BOOK_D,2026-03-14
TXN0007717356,APP015,2025-07-12,settled,473338.95,JPY,EMEA,CP0414,FX,TDR0052,BOOK_C,2026-04-04
TXN0003177283,APP019,2026-02-24,pending,493311.25,CHF,LATAM,CP0333,SWAP,TDR0172,BOOK_C,2025-02-23
TXN0002898843,APP012,2025-09-24,pending,684042.72,JPY,APAC,CP0490,FX,TDR0167,BOOK_B,2025-02-04
TXN0001955369,APP006,2025-02-21,failed,344596.59,GBP,AMER,CP0043,OPTION,TDR0197,BOOK_C,2025-03-05
TXN0000987576,APP011,2025-12-16,reversed,483769.94,GBP,EMEA,CP0220,FX,TDR0059,BOOK_C,2025-08-13
TXN0007210967,APP004,2025-11-08,settled,246091.99,USD,LATAM,CP0498,SWAP,TDR0146,BOOK_C,2025-07-02
TXN0002963428,APP020,2025-11-16,settled,405261.78,CHF,LATAM,CP0429,FUTURE,TDR0112,BOOK_C,2026-01-29
TXN0008778199,APP005,2025-09-01,failed,503595.81,USD,LATAM,CP0168,SWAP,TDR0193,BOOK_C,2026-02-22
TXN0009716168,APP017,2025-11-19,reversed,242582.67,EUR,AMER,CP0082,FUTURE,TDR0125,BOOK_C,2025-09-03
TXN0005069194,APP001,2025-01-23,failed,705592.32,GBP,LATAM,CP0252,EQUITY,TDR0052,BOOK_D,2025-02-28
TXN0006294271,APP010,2025-08-15,settled,457238.07,GBP,LATAM,CP0029,FUTURE,TDR0109,BOOK_D,2025-12-19
TXN0000255027,APP008,2025-09-03,active,838026.8,JPY,APAC,CP0386,SWAP,TDR0175,BOOK_B,2026-01-31
TXN0007340434,APP012,2025-07-17,failed,476359.56,AUD,APAC,CP0100,FUTURE,TDR0101,BOOK_C,2025-08-14
TXN0001436645,APP001,2026-01-15,failed,987838.02,AUD,LATAM,CP0444,OPTION,TDR0019,BOOK_D,2025-02-09
TXN0001265658,APP017,2025-04-05,failed,648274.84,CHF,AMER,CP0063,SWAP,TDR0114,BOOK_A,2025-06-25
TXN0002839467,APP016,2025-11-26,settled,764177.07,CHF,APAC,CP0433,SWAP,TDR0161,BOOK_A,2025-06-19
TXN0006031657,APP009,2025-10-07,active,553421.81,GBP,LATAM,CP0392,EQUITY,TDR0151,BOOK_B,2025-03-14
TXN0006577444,APP006,2025-11-18,failed,402989.51,AUD,AMER,CP0195,FX,TDR0165,BOOK_B,2026-01-08
TXN0007046273,APP011,2025-08-01,pending,288787.67,CHF,AMER,CP0434,OPTION,TDR0198,BOOK_C,2025-08-21
TXN0008881665,APP018,2025-07-04,reversed,744554.0,USD,LATAM,CP0010,EQUITY,TDR0012,BOOK_D,2025-06-07
TXN0003381125,APP011,2026-04-11,settled,450955.94,EUR,AMER,CP0471,BOND,TDR0124,BOOK_A,2025-10-04
TXN0008137539,APP015,2025-11-06,active,136610.0,GBP,EMEA,CP0397,SWAP,TDR0013,BOOK_A,2025-11-29
TXN0009504642,APP003,2025-02-27,pending,788202.08,GBP,APAC,CP0400,FX,TDR0062,BOOK_A,2025-10-15
TXN0002880578,APP014,2025-04-17,failed,466909.21,CHF,LATAM,CP0332,FUTURE,TDR0187,BOOK_B,2025-08-15
TXN0008423796,APP012,2025-03-10,active,114878.08,AUD,AMER,CP0239,SWAP,TDR0101,BOOK_D,2025-09-18
TXN0002244338,APP006,2026-01-04,active,271552.98,JPY,EMEA,CP0222,EQUITY,TDR0089,BOOK_C,2025-06-30
TXN0004610302,APP009,2026-04-01,settled,668999.09,JPY,AMER,CP0196,FX,TDR0075,BOOK_D,2025-01-06
TXN0008607834,APP010,2025-06-15,reversed,29978.77,CHF,LATAM,CP0253,FX,TDR0199,BOOK_D,2025-07-26
TXN0009758503,APP011,2026-01-15,settled,391494.24,CHF,APAC,CP0053,BOND,TDR0108,BOOK_D,2025-02-25
TXN0008653719,APP008,2025-12-22,active,566697.82,CHF,LATAM,CP0238,SWAP,TDR0062,BOOK_B,2025-06-26
TXN0006201254,APP008,2025-11-07,active,632483.63,CHF,APAC,CP0230,EQUITY,TDR0149,BOOK_A,2026-01-05
TXN0001346130,APP020,2025-01-18,failed,776104.2,GBP,EMEA,CP0457,OPTION,TDR0182,BOOK_C,2025-05-02
TXN0002104716,APP008,2026-02-09,pending,56210.44,AUD,LATAM,CP0487,OPTION,TDR0121,BOOK_C,2025-12-28
TXN0006485226,APP011,2025-04-02,failed,595066.47,CHF,LATAM,CP0219,OPTION,TDR0162,BOOK_C,2025-01-28
TXN0007205702,APP020,2025-09-13,reversed,624829.98,GBP,APAC,CP0095,FUTURE,TDR0119,BOOK_A,2025-06-22
TXN0009142137,APP012,2025-12-22,reversed,415887.4,CHF,APAC,CP0042,FX,TDR0107,BOOK_D,2025-04-27
TXN0009985960,APP006,2025-05-04,pending,784220.94,EUR,AMER,CP0478,EQUITY,TDR0169,BOOK_B,2025-08-06
TXN0001282854,APP004,2025-04-07,reversed,954073.09,JPY,EMEA,CP0287,EQUITY,TDR0082,BOOK_A,2025-08-20
TXN0008516549,APP018,2025-10-15,active,297304.73,AUD,EMEA,CP0421,FUTURE,TDR0005,BOOK_C,2025-08-28
TXN0003737704,APP004,2025-05-05,settled,40164.07,AUD,LATAM,CP0328,OPTION,TDR0117,BOOK_B,2025-12-17
TXN0008122545,APP010,2025-09-21,failed,982901.62,JPY,APAC,CP0427,EQUITY,TDR0099,BOOK_D,2025-04-01
TXN0006396831,APP009,2026-02-22,reversed,265433.86,EUR,APAC,CP0213,EQUITY,TDR0074,BOOK_B,2025-01-29
TXN0002426563,APP017,2025-12-07,active,100934.4,AUD,APAC,CP0366,BOND,TDR0059,BOOK_D,2025-10-12
TXN0009369361,APP013,2026-02-03,pending,806318.19,AUD,APAC,CP0165,FUTURE,TDR0093,BOOK_A,2026-02-11
TXN0005443695,APP015,2025-02-18,failed,421651.27,JPY,AMER,CP0422,BOND,TDR0020,BOOK_C,2026-01-29
TXN0009280627,APP003,2025-07-29,settled,653629.0,GBP,AMER,CP0008,EQUITY,TDR0074,BOOK_C,2025-03-02
TXN0004108917,APP010,2026-01-01,settled,237805.73,EUR,EMEA,CP0328,FUTURE,TDR0024,BOOK_A,2026-02-08
TXN0007200829,APP006,2025-08-26,reversed,206434.64,AUD,AMER,CP0382,BOND,TDR0058,BOOK_B,2025-05-10
TXN0003760791,APP001,2025-02-06,pending,254595.87,JPY,EMEA,CP0010,BOND,TDR0046,BOOK_D,2025-09-25
TXN0000150865,APP018,2025-02-25,settled,397750.05,GBP,APAC,CP0487,BOND,TDR0179,BOOK_C,2025-08-19
TXN0009992903,APP019,2025-07-28,pending,883336.32,JPY,EMEA,CP0450,BOND,TDR0042,BOOK_C,2025-12-26
TXN0005848359,APP009,2026-04-05,failed,900854.27,AUD,APAC,CP0432,FX,TDR0137,BOOK_B,2025-06-25
TXN0003600210,APP011,2025-11-03,active,845903.4,EUR,APAC,CP0024,BOND,TDR0015,BOOK_B,2025-12-01
TXN0004936896,APP010,2026-03-29,pending,986889.05,JPY,EMEA,CP0001,BOND,TDR0147,BOOK_A,2026-01-04
TXN0002339779,APP014,2026-03-01,active,677776.26,USD,LATAM,CP0261,SWAP,TDR0020,BOOK_A,2025-06-01
TXN0004166220,APP007,2025-09-03,active,713832.94,JPY,LATAM,CP0467,OPTION,TDR0159,BOOK_B,2025-11-13
TXN0001737162,APP014,2026-03-12,pending,570956.25,EUR,AMER,CP0208,FX,TDR0080,BOOK_A,2026-03-29
TXN0004041129,APP016,2025-09-02,failed,609117.13,USD,AMER,CP0275,EQUITY,TDR0142,BOOK_A,2026-01-17
TXN0009630152,APP004,2025-09-15,settled,852167.57,CHF,EMEA,CP0294,FX,TDR0154,BOOK_C,2025-12-29
TXN0006665854,APP013,2025-01-20,failed,377561.32,GBP,EMEA,CP0350,FX,TDR0039,BOOK_B,2025-12-17
TXN0007633013,APP007,2026-01-22,active,969213.24,EUR,LATAM,CP0361,FUTURE,TDR0008,BOOK_D,2025-11-30
TXN0003656540,APP012,2025-08-31,failed,558448.34,AUD,EMEA,CP0132,SWAP,TDR0168,BOOK_A,2026-02-14
TXN0009516761,APP013,2025-01-14,reversed,174897.85,USD,EMEA,CP0413,OPTION,TDR0199,BOOK_A,2025-09-24
TXN0004380511,APP005,2026-03-27,failed,739052.04,EUR,LATAM,CP0326,OPTION,TDR0195,BOOK_C,2025-05-20
TXN0008157044,APP012,2025-10-04,settled,184778.11,USD,EMEA,CP0321,FUTURE,TDR0077,BOOK_A,2025-07-28
TXN0005762680,APP010,2025-01-23,pending,746394.69,CHF,APAC,CP0348,FX,TDR0185,BOOK_D,2025-04-04
TXN0007188360,APP012,2025-10-07,pending,842616.59,EUR,EMEA,CP0407,OPTION,TDR0198,BOOK_A,2025-08-29
TXN0008235102,APP009,2025-03-03,reversed,741382.3,EUR,EMEA,CP0254,OPTION,TDR0011,BOOK_C,2025-03-22
TXN0005197570,APP015,2025-05-28,settled,927100.96,JPY,AMER,CP0455,SWAP,TDR0110,BOOK_A,2026-01-17
TXN0000770832,APP006,2025-10-29,failed,869033.86,USD,APAC,CP0481,SWAP,TDR0148,BOOK_A,2026-01-03
TXN0003921176,APP018,2026-02-22,reversed,657365.73,USD,AMER,CP0184,OPTION,TDR0197,BOOK_D,2025-11-18
TXN0004030322,APP010,2026-04-01,settled,180346.78,JPY,LATAM,CP0372,SWAP,TDR0180,BOOK_B,2026-01-13
TXN0004685213,APP018,2025-06-26,pending,864478.65,GBP,EMEA,CP0481,BOND,TDR0167,BOOK_C,2025-12-27
TXN0004424109,APP020,2025-05-24,settled,163677.2,USD,APAC,CP0478,SWAP,TDR0046,BOOK_A,2025-01-26
TXN0008589445,APP008,2026-03-01,settled,865769.15,GBP,APAC,CP0334,EQUITY,TDR0138,BOOK_B,2025-07-03
TXN0001675775,APP011,2025-09-17,active,742657.75,EUR,APAC,CP0331,EQUITY,TDR0146,BOOK_B,2025-09-09
TXN0006980439,APP015,2026-02-28,settled,897498.73,GBP,EMEA,CP0048,SWAP,TDR0053,BOOK_D,2025-12-18
TXN0004887163,APP011,2025-08-31,pending,591300.47,GBP,EMEA,CP0483,OPTION,TDR0163,BOOK_D,2025-01-10
TXN0000597268,APP006,2025-04-18,failed,177448.47,CHF,EMEA,CP0117,FX,TDR0119,BOOK_D,2025-01-21
TXN0002809429,APP016,2026-04-11,failed,577021.11,CHF,AMER,CP0166,SWAP,TDR0043,BOOK_D,2026-02-04
TXN0008483393,APP005,2025-11-19,reversed,712891.31,JPY,AMER,CP0239,BOND,TDR0046,BOOK_A,2025-02-10
TXN0000764702,APP006,2026-02-08,settled,990225.81,CHF,LATAM,CP0184,BOND,TDR0143,BOOK_C,2025-01-28
TXN0000757109,APP016,2025-10-08,reversed,321474.08,GBP,APAC,CP0092,SWAP,TDR0085,BOOK_C,2026-04-12
TXN0006772455,APP011,2025-04-06,settled,692802.78,EUR,AMER,CP0104,FX,TDR0152,BOOK_A,2025-08-06
TXN0000998726,APP001,2025-06-24,settled,596123.62,USD,APAC,CP0421,EQUITY,TDR0159,BOOK_C,2025-11-30
TXN0009581653,APP009,2026-02-11,pending,23328.25,EUR,EMEA,CP0105,FUTURE,TDR0113,BOOK_B,2025-12-10
TXN0003824027,APP005,2025-01-17,failed,566746.88,USD,AMER,CP0444,FX,TDR0127,BOOK_A,2025-09-20
TXN0009735058,APP020,2025-12-18,settled,259118.93,EUR,AMER,CP0261,FX,TDR0058,BOOK_B,2025-12-31
TXN0002610331,APP020,2025-12-27,pending,546440.63,CHF,LATAM,CP0430,EQUITY,TDR0121,BOOK_A,2025-05-04
TXN0008534310,APP009,2026-04-03,reversed,988124.18,JPY,APAC,CP0307,FUTURE,TDR0127,BOOK_D,2025-03-14
TXN0002037271,APP008,2025-11-21,reversed,670839.71,USD,EMEA,CP0346,SWAP,TDR0091,BOOK_C,2025-07-26
TXN0007292184,APP017,2025-06-23,pending,625369.21,JPY,APAC,CP0143,EQUITY,TDR0038,BOOK_D,2025-01-03
TXN0000739233,APP019,2025-09-04,settled,259285.74,USD,APAC,CP0113,EQUITY,TDR0001,BOOK_D,2025-09-11
TXN0004236829,APP001,2026-03-21,reversed,780048.72,EUR,AMER,CP0227,OPTION,TDR0141,BOOK_D,2025-03-06
TXN0000940878,APP008,2026-02-19,failed,588732.03,USD,LATAM,CP0274,EQUITY,TDR0064,BOOK_B,2025-06-23
TXN0003095738,APP020,2025-01-16,active,7323.4,GBP,APAC,CP0078,FX,TDR0040,BOOK_A,2025-02-10
TXN0003543460,APP001,2025-06-14,failed,542534.69,JPY,APAC,CP0497,EQUITY,TDR0120,BOOK_A,2026-03-26
TXN0005811472,APP012,2025-11-06,active,361164.36,USD,EMEA,CP0218,BOND,TDR0072,BOOK_D,2025-12-13
TXN0006519442,APP006,2025-10-29,pending,641174.34,JPY,LATAM,CP0053,BOND,TDR0189,BOOK_A,2026-03-11
TXN0000504872,APP013,2025-02-13,pending,600364.31,AUD,AMER,CP0384,OPTION,TDR0185,BOOK_A,2025-12-25
TXN0007728099,APP008,2025-11-18,active,887711.61,CHF,APAC,CP0189,EQUITY,TDR0098,BOOK_A,2025-07-15
TXN0004065476,APP016,2025-06-10,pending,528876.79,JPY,EMEA,CP0485,FX,TDR0048,BOOK_D,2025-11-18
TXN0002591313,APP002,2025-01-02,pending,617215.98,USD,AMER,CP0005,FUTURE,TDR0140,BOOK_B,2025-11-21
TXN0001925604,APP011,2025-12-27,reversed,562085.47,JPY,APAC,CP0246,SWAP,TDR0113,BOOK_C,2025-01-14
TXN0003391667,APP007,2025-10-17,pending,692168.61,GBP,LATAM,CP0471,FX,TDR0009,BOOK_D,2025-08-28
TXN0000839869,APP017,2025-06-28,failed,918689.57,GBP,AMER,CP0353,FX,TDR0038,BOOK_B,2025-11-28
TXN0008472708,APP011,2025-05-30,active,132531.2,JPY,EMEA,CP0099,BOND,TDR0017,BOOK_A,2025-04-10
TXN0001143970,APP008,2025-11-14,reversed,935260.13,EUR,AMER,CP0051,OPTION,TDR0163,BOOK_C,2025-03-28
TXN0000334478,APP020,2025-01-28,active,954718.54,GBP,AMER,CP0480,EQUITY,TDR0026,BOOK_C,2025-11-08
TXN0008616014,APP017,2025-05-22,active,777773.3,USD,EMEA,CP0269,OPTION,TDR0070,BOOK_C,2025-09-27
TXN0002611115,APP013,2025-01-30,failed,708.08,GBP,AMER,CP0039,EQUITY,TDR0067,BOOK_B,2025-05-12
TXN0003768608,APP010,2025-09-28,active,647299.39,JPY,APAC,CP0281,EQUITY,TDR0013,BOOK_D,2025-01-14
TXN0001041027,APP009,2025-09-26,settled,559390.66,CHF,AMER,CP0079,BOND,TDR0154,BOOK_B,2026-03-30
TXN0002309007,APP009,2025-04-24,settled,574575.07,CHF,EMEA,CP0155,EQUITY,TDR0177,BOOK_D,2025-02-02
TXN0002002602,APP015,2025-02-23,pending,445270.37,CHF,LATAM,CP0065,SWAP,TDR0039,BOOK_D,2025-10-31
TXN0003935909,APP009,2026-02-23,active,783804.43,CHF,APAC,CP0201,BOND,TDR0056,BOOK_B,2025-07-01
TXN0004557708,APP004,2025-12-25,reversed,130282.04,CHF,EMEA,CP0404,OPTION,TDR0174,BOOK_D,2025-06-04
TXN0003419249,APP018,2025-03-12,settled,745580.9,EUR,LATAM,CP0355,FX,TDR0037,BOOK_C,2026-02-13
TXN0006926719,APP020,2026-01-04,reversed,482648.41,USD,AMER,CP0360,EQUITY,TDR0104,BOOK_A,2025-06-01
TXN0002753688,APP013,2025-09-25,active,873016.5,USD,APAC,CP0131,FX,TDR0156,BOOK_A,2025-05-10
TXN0005387663,APP015,2025-04-08,failed,479113.96,JPY,APAC,CP0352,BOND,TDR0009,BOOK_C,2025-06-12
TXN0002622459,APP002,2025-05-25,settled,736453.72,USD,EMEA,CP0206,FUTURE,TDR0052,BOOK_C,2026-01-07
TXN0002702420,APP011,2025-04-15,failed,453722.23,EUR,EMEA,CP0390,EQUITY,TDR0023,BOOK_C,2025-04-28
TXN0005893655,APP002,2025-10-06,pending,865279.54,EUR,APAC,CP0397,SWAP,TDR0194,BOOK_C,2026-03-14
TXN0008512939,APP004,2025-11-18,pending,594367.31,JPY,EMEA,CP0161,FUTURE,TDR0177,BOOK_A,2025-03-13
TXN0001270067,APP018,2025-04-14,settled,54008.41,EUR,APAC,CP0321,FUTURE,TDR0168,BOOK_D,2025-03-22
TXN0001464311,APP019,2025-09-02,settled,957862.31,AUD,LATAM,CP0138,FUTURE,TDR0143,BOOK_A,2026-01-08
TXN0003708849,APP008,2025-02-25,failed,168326.23,CHF,AMER,CP0182,SWAP,TDR0151,BOOK_A,2025-11-03
TXN0008606586,APP009,2025-05-15,failed,430412.76,USD,APAC,CP0013,SWAP,TDR0124,BOOK_A,2025-12-15
TXN0009879801,APP002,2025-05-27,pending,866465.79,GBP,LATAM,CP0299,FX,TDR0080,BOOK_A,2025-04-03
TXN0001468462,APP015,2025-05-22,active,506917.18,JPY,APAC,CP0334,FX,TDR0126,BOOK_B,2025-07-13
TXN0003568983,APP005,2025-05-16,pending,954961.56,CHF,APAC,CP0245,FX,TDR0120,BOOK_A,2026-02-05
TXN0001019759,APP009,2025-12-09,failed,198222.99,EUR,LATAM,CP0025,BOND,TDR0072,BOOK_B,2025-02-09
TXN0000626529,APP001,2025-01-02,active,688802.26,GBP,EMEA,CP0381,EQUITY,TDR0092,BOOK_B,2025-02-02
TXN0009688249,APP009,2025-10-26,pending,789505.83,USD,APAC,CP0437,OPTION,TDR0176,BOOK_D,2025-06-02
TXN0003493378,APP009,2025-12-10,pending,476082.65,USD,APAC,CP0282,FUTURE,TDR0001,BOOK_D,2025-07-30
TXN0000898408,APP003,2025-06-26,active,114483.25,EUR,LATAM,CP0375,SWAP,TDR0130,BOOK_B,2026-02-17
TXN0005272667,APP009,2025-06-29,active,625000.15,JPY,APAC,CP0214,SWAP,TDR0137,BOOK_A,2025-06-15
TXN0000747686,APP009,2026-01-18,reversed,665086.54,AUD,APAC,CP0232,BOND,TDR0175,BOOK_C,2025-01-05
TXN0000381800,APP015,2025-12-05,reversed,809930.76,CHF,APAC,CP0100,EQUITY,TDR0075,BOOK_A,2025-12-15
TXN0002415832,APP006,2025-09-30,active,358535.46,EUR,LATAM,CP0313,EQUITY,TDR0048,BOOK_D,2025-09-05
TXN0002255332,APP013,2025-09-08,active,712759.34,EUR,EMEA,CP0055,FUTURE,TDR0105,BOOK_B,2025-12-31
TXN0008195624,APP003,2025-12-14,failed,504930.13,USD,AMER,CP0020,OPTION,TDR0163,BOOK_B,2026-02-26
TXN0005950122,APP020,2025-06-26,failed,596028.64,EUR,AMER,CP0175,FX,TDR0146,BOOK_B,2025-05-14
TXN0004739692,APP002,2025-08-28,active,106016.62,GBP,LATAM,CP0241,FX,TDR0131,BOOK_A,2025-01-30
TXN0009469385,APP008,2025-12-19,settled,529320.42,GBP,AMER,CP0461,BOND,TDR0141,BOOK_D,2025-08-03
TXN0005168147,APP014,2026-03-16,settled,191347.58,AUD,APAC,CP0137,EQUITY,TDR0125,BOOK_B,2025-07-05
TXN0000713279,APP006,2026-01-26,active,536505.48,GBP,EMEA,CP0374,OPTION,TDR0194,BOOK_D,2025-05-10
TXN0004219612,APP020,2025-05-25,reversed,623774.5,JPY,APAC,CP0112,OPTION,TDR0005,BOOK_A,2025-03-07
TXN0002646507,APP004,2025-09-30,active,317624.48,AUD,AMER,CP0298,OPTION,TDR0056,BOOK_A,2025-05-18
TXN0005066376,APP018,2025-04-16,reversed,958261.28,EUR,EMEA,CP0372,FX,TDR0045,BOOK_D,2025-08-16
TXN0003320410,APP004,2025-03-16,pending,382900.62,AUD,APAC,CP0087,OPTION,TDR0070,BOOK_A,2026-03-26
TXN0007208699,APP006,2026-02-12,failed,781746.49,AUD,AMER,CP0382,OPTION,TDR0001,BOOK_A,2025-01-16
TXN0000562873,APP011,2025-12-25,failed,137194.56,AUD,LATAM,CP0273,EQUITY,TDR0140,BOOK_D,2026-02-10
TXN0009721578,APP019,2025-02-20,settled,333781.24,AUD,AMER,CP0251,SWAP,TDR0200,BOOK_A,2025-12-03
TXN0006774707,APP020,2025-07-17,active,215507.34,CHF,AMER,CP0434,EQUITY,TDR0121,BOOK_B,2025-03-23
TXN0001665965,APP005,2025-05-15,settled,500063.51,GBP,APAC,CP0076,SWAP,TDR0041,BOOK_B,2025-01-27
TXN0007668146,APP009,2025-12-22,pending,255680.48,EUR,AMER,CP0065,BOND,TDR0058,BOOK_D,2026-02-21
TXN0001457978,APP020,2025-01-13,active,7988.25,USD,AMER,CP0125,OPTION,TDR0052,BOOK_C,2025-06-03
TXN0009792656,APP001,2025-02-18,pending,70506.91,USD,APAC,CP0478,EQUITY,TDR0114,BOOK_C,2025-08-18
TXN0007493525,APP014,2025-10-30,active,651316.37,JPY,APAC,CP0025,SWAP,TDR0039,BOOK_D,2025-04-09
TXN0004075254,APP002,2025-03-18,reversed,18582.43,CHF,EMEA,CP0214,OPTION,TDR0068,BOOK_A,2025-11-11
TXN0001459186,APP017,2025-11-10,pending,613575.67,USD,EMEA,CP0306,FX,TDR0134,BOOK_A,2026-02-15
TXN0009271495,APP010,2026-01-10,active,70240.53,EUR,AMER,CP0146,SWAP,TDR0044,BOOK_B,2025-08-08
TXN0000085964,APP018,2026-04-09,settled,645403.83,USD,EMEA,CP0390,FX,TDR0126,BOOK_B,2025-03-17
TXN0009572771,APP017,2025-04-06,pending,772940.4,AUD,APAC,CP0265,FUTURE,TDR0073,BOOK_D,2025-03-03
TXN0002201150,APP017,2025-05-30,reversed,727146.44,USD,AMER,CP0071,FUTURE,TDR0085,BOOK_D,2025-01-06
TXN0006690421,APP010,2025-04-02,reversed,444289.49,CHF,EMEA,CP0233,SWAP,TDR0017,BOOK_C,2025-09-13
TXN0002347270,APP006,2025-12-10,failed,184415.64,JPY,LATAM,CP0492,BOND,TDR0030,BOOK_C,2025-02-26
TXN0002160219,APP019,2025-10-04,pending,377650.1,CHF,EMEA,CP0031,BOND,TDR0082,BOOK_C,2026-04-12
TXN0000682091,APP001,2025-01-14,pending,158274.24,EUR,EMEA,CP0324,EQUITY,TDR0064,BOOK_D,2025-05-07
TXN0008300991,APP005,2026-01-12,failed,418491.84,USD,AMER,CP0129,SWAP,TDR0087,BOOK_A,2026-02-25
TXN0009890978,APP016,2025-02-25,pending,117160.18,JPY,LATAM,CP0231,BOND,TDR0051,BOOK_B,2025-12-31
TXN0002092249,APP004,2025-07-07,settled,781845.44,AUD,EMEA,CP0055,OPTION,TDR0045,BOOK_B,2025-01-08
TXN0000917078,APP006,2025-01-20,failed,82162.88,AUD,APAC,CP0118,FUTURE,TDR0038,BOOK_D,2026-03-30
TXN0001906168,APP016,2025-04-21,reversed,247256.2,USD,APAC,CP0156,FX,TDR0062,BOOK_C,2026-02-02
TXN0007640004,APP015,2025-06-26,active,661997.89,JPY,EMEA,CP0188,OPTION,TDR0167,BOOK_D,2026-03-15
TXN0008424751,APP008,2025-04-29,reversed,691675.77,GBP,LATAM,CP0158,FUTURE,TDR0084,BOOK_B,2025-02-07
TXN0006039935,APP010,2025-12-21,pending,158909.28,CHF,EMEA,CP0296,EQUITY,TDR0183,BOOK_C,2025-06-26
TXN0005390121,APP019,2026-03-01,reversed,406218.66,GBP,AMER,CP0204,EQUITY,TDR0137,BOOK_A,2025-05-10
TXN0000667379,APP009,2026-01-19,settled,15637.37,GBP,AMER,CP0295,FUTURE,TDR0145,BOOK_D,2025-10-30
TXN0008188934,APP017,2025-09-13,failed,142204.31,GBP,EMEA,CP0208,OPTION,TDR0142,BOOK_C,2025-11-05
TXN0004152882,APP017,2025-06-22,pending,341513.37,EUR,LATAM,CP0378,SWAP,TDR0018,BOOK_D,2025-07-25
TXN0001977490,APP008,2025-04-23,active,782456.64,EUR,EMEA,CP0219,FX,TDR0067,BOOK_D,2025-10-27
TXN0002506209,APP011,2025-03-10,active,421447.18,USD,LATAM,CP0380,SWAP,TDR0083,BOOK_A,2025-06-14
TXN0008655654,APP015,2025-08-16,failed,995835.9,JPY,APAC,CP0460,SWAP,TDR0101,BOOK_D,2025-04-28
TXN0006209852,APP009,2025-01-28,reversed,340938.1,EUR,EMEA,CP0489,BOND,TDR0184,BOOK_B,2025-01-14
TXN0008534843,APP003,2025-12-21,active,656083.01,AUD,APAC,CP0356,EQUITY,TDR0099,BOOK_B,2025-03-19
TXN0008385905,APP004,2025-11-08,reversed,688234.71,JPY,AMER,CP0402,OPTION,TDR0197,BOOK_C,2025-12-03
TXN0003832071,APP014,2025-01-01,pending,972549.06,GBP,APAC,CP0299,EQUITY,TDR0086,BOOK_A,2025-11-19
TXN0007044820,APP012,2025-04-20,failed,523966.01,EUR,AMER,CP0355,EQUITY,TDR0177,BOOK_D,2025-03-09
TXN0005358012,APP016,2025-07-18,reversed,540316.44,CHF,EMEA,CP0302,FUTURE,TDR0050,BOOK_D,2025-06-20
TXN0004660518,APP005,2025-06-17,reversed,623356.75,EUR,APAC,CP0469,FUTURE,TDR0050,BOOK_D,2026-04-02
TXN0007734066,APP003,2025-10-24,active,769389.52,JPY,AMER,CP0230,FUTURE,TDR0026,BOOK_D,2025-12-18
TXN0003326766,APP005,2025-08-23,active,861714.02,USD,AMER,CP0456,SWAP,TDR0198,BOOK_D,2025-02-26
TXN0002015267,APP006,2025-05-30,failed,256030.98,USD,EMEA,CP0302,EQUITY,TDR0154,BOOK_A,2025-02-24
TXN0002489488,APP019,2025-05-15,active,599405.48,EUR,EMEA,CP0398,FX,TDR0041,BOOK_B,2025-04-18
TXN0002340751,APP008,2025-07-21,settled,740199.14,EUR,APAC,CP0445,OPTION,TDR0132,BOOK_B,2026-01-12
TXN0006314989,APP003,2025-09-14,failed,826266.51,EUR,APAC,CP0332,FX,TDR0047,BOOK_B,2026-02-04
TXN0002223403,APP014,2025-05-09,pending,632100.11,AUD,LATAM,CP0073,FUTURE,TDR0054,BOOK_D,2025-06-20
TXN0009056587,APP014,2025-05-31,reversed,911710.24,EUR,AMER,CP0305,FX,TDR0168,BOOK_C,2025-01-02
TXN0008532273,APP018,2026-01-20,settled,639025.12,CHF,APAC,CP0331,FUTURE,TDR0036,BOOK_C,2025-06-01
TXN0008418794,APP019,2025-04-28,active,817944.63,JPY,APAC,CP0356,FUTURE,TDR0097,BOOK_A,2025-03-16
TXN0007275260,APP013,2025-01-26,active,980646.92,CHF,EMEA,CP0239,FUTURE,TDR0079,BOOK_B,2025-07-14
TXN0008220571,APP007,2026-01-26,failed,62406.83,USD,EMEA,CP0431,FUTURE,TDR0181,BOOK_A,2025-01-06
TXN0004112414,APP001,2025-11-12,pending,956710.08,USD,LATAM,CP0335,OPTION,TDR0030,BOOK_D,2025-05-13
TXN0003506305,APP013,2025-06-10,failed,160605.3,USD,EMEA,CP0250,FX,TDR0153,BOOK_A,2026-01-23
TXN0003480350,APP006,2025-06-27,pending,743048.46,CHF,EMEA,CP0278,EQUITY,TDR0075,BOOK_C,2026-02-12
TXN0004143318,APP017,2025-04-13,failed,198802.33,JPY,EMEA,CP0026,BOND,TDR0171,BOOK_B,2025-06-18
TXN0001119783,APP001,2025-03-08,settled,231845.11,JPY,APAC,CP0022,FUTURE,TDR0031,BOOK_A,2025-01-31
TXN0000298234,APP011,2025-07-14,reversed,204678.69,AUD,APAC,CP0455,BOND,TDR0032,BOOK_C,2025-11-27
TXN0004184956,APP017,2025-07-08,reversed,310586.58,AUD,EMEA,CP0398,FX,TDR0085,BOOK_C,2025-11-01
TXN0000465258,APP007,2026-03-28,settled,343319.8,USD,APAC,CP0291,OPTION,TDR0129,BOOK_C,2025-11-27
TXN0000515444,APP009,2026-02-12,active,271401.45,EUR,LATAM,CP0203,OPTION,TDR0054,BOOK_C,2025-08-21
TXN0006981797,APP017,2025-03-30,reversed,880086.35,USD,AMER,CP0459,FUTURE,TDR0029,BOOK_C,2025-07-10
TXN0006253613,APP002,2025-07-26,reversed,545998.02,JPY,LATAM,CP0500,FUTURE,TDR0070,BOOK_D,2025-01-25
TXN0006553197,APP010,2025-11-07,failed,852403.83,CHF,AMER,CP0310,FX,TDR0193,BOOK_C,2025-08-27
TXN0006483924,APP010,2025-12-07,pending,699771.77,GBP,EMEA,CP0346,OPTION,TDR0156,BOOK_B,2026-02-03
TXN0003858107,APP001,2025-09-13,settled,970246.94,EUR,EMEA,CP0086,SWAP,TDR0066,BOOK_A,2025-11-21
TXN0005699992,APP013,2026-03-22,active,673506.51,AUD,APAC,CP0287,EQUITY,TDR0094,BOOK_C,2025-05-01
TXN0007287334,APP020,2025-07-01,failed,58157.36,AUD,LATAM,CP0365,FUTURE,TDR0075,BOOK_D,2025-03-06
TXN0001424933,APP003,2025-07-09,settled,202562.63,USD,EMEA,CP0294,BOND,TDR0084,BOOK_C,2025-06-19
TXN0002532019,APP015,2025-07-08,pending,810146.29,AUD,AMER,CP0034,SWAP,TDR0099,BOOK_A,2025-04-12
TXN0001843277,APP015,2025-07-18,active,796315.36,JPY,AMER,CP0073,SWAP,TDR0010,BOOK_C,2025-04-09
TXN0004831843,APP016,2025-10-16,settled,409795.29,CHF,AMER,CP0392,FX,TDR0112,BOOK_C,2026-03-28
TXN0004162781,APP014,2025-07-08,failed,803733.17,EUR,AMER,CP0424,SWAP,TDR0071,BOOK_C,2025-01-11
TXN0001461237,APP012,2025-03-23,reversed,222078.93,AUD,AMER,CP0055,OPTION,TDR0032,BOOK_B,2026-01-13
TXN0002063911,APP007,2026-02-04,settled,778299.97,JPY,AMER,CP0065,OPTION,TDR0119,BOOK_D,2026-02-17
TXN0006132340,APP011,2026-01-15,settled,870535.76,CHF,AMER,CP0230,FX,TDR0142,BOOK_B,2025-11-05
TXN0008603660,APP015,2025-08-03,reversed,679610.91,CHF,LATAM,CP0080,BOND,TDR0154,BOOK_A,2025-09-25
TXN0006027442,APP004,2025-04-30,settled,708005.21,USD,LATAM,CP0086,BOND,TDR0170,BOOK_A,2025-10-11
TXN0001122890,APP010,2026-02-23,pending,200470.74,JPY,AMER,CP0484,FUTURE,TDR0136,BOOK_C,2026-02-01
TXN0009260225,APP007,2026-02-28,active,821286.55,AUD,APAC,CP0306,FUTURE,TDR0078,BOOK_C,2025-08-26
TXN0009282481,APP005,2025-07-20,active,477680.73,CHF,EMEA,CP0062,EQUITY,TDR0111,BOOK_D,2025-08-27
TXN0007026017,APP001,2025-09-19,pending,657252.61,JPY,APAC,CP0099,BOND,TDR0050,BOOK_B,2025-06-11
TXN0003200789,APP018,2025-03-11,pending,522248.92,JPY,LATAM,CP0320,SWAP,TDR0064,BOOK_A,2026-03-19
TXN0005038483,APP014,2026-02-16,failed,216227.46,USD,EMEA,CP0269,EQUITY,TDR0073,BOOK_A,2025-07-07
TXN0005324238,APP016,2025-02-25,active,26074.0,USD,LATAM,CP0293,FUTURE,TDR0117,BOOK_B,2025-07-23
TXN0007311563,APP007,2025-12-09,pending,404784.05,CHF,LATAM,CP0491,EQUITY,TDR0162,BOOK_B,2025-03-05
TXN0008985799,APP005,2025-03-02,pending,221382.62,CHF,LATAM,CP0077,EQUITY,TDR0200,BOOK_C,2026-03-14
TXN0003662858,APP019,2025-12-05,settled,604273.28,EUR,APAC,CP0090,FUTURE,TDR0188,BOOK_C,2026-02-01
TXN0005594780,APP017,2025-07-01,active,757204.33,USD,LATAM,CP0068,SWAP,TDR0156,BOOK_B,2025-03-28
TXN0007985887,APP016,2025-05-18,active,701785.25,JPY,AMER,CP0489,SWAP,TDR0160,BOOK_D,2026-03-12
TXN0002345898,APP014,2025-08-19,active,635727.89,USD,APAC,CP0281,SWAP,TDR0111,BOOK_D,2025-07-05
TXN0005311360,APP001,2025-03-30,active,177572.52,EUR,AMER,CP0111,SWAP,TDR0090,BOOK_D,2025-01-21
TXN0001681735,APP020,2026-02-08,pending,725435.46,CHF,EMEA,CP0202,FX,TDR0124,BOOK_C,2025-06-21
TXN0000197276,APP007,2025-11-01,settled,619211.2,USD,LATAM,CP0479,FUTURE,TDR0154,BOOK_D,2026-02-27
TXN0005402050,APP010,2025-07-22,reversed,453500.32,AUD,AMER,CP0217,EQUITY,TDR0150,BOOK_A,2025-09-14
TXN0006036899,APP006,2025-05-11,failed,956679.04,CHF,EMEA,CP0281,FX,TDR0047,BOOK_D,2025-09-03
TXN0004149899,APP011,2026-03-25,active,469581.69,JPY,AMER,CP0267,OPTION,TDR0086,BOOK_C,2025-11-12
TXN0008233512,APP020,2025-04-20,settled,472342.07,USD,AMER,CP0258,BOND,TDR0022,BOOK_D,2025-08-02
TXN0002111379,APP005,2025-01-16,pending,252636.61,CHF,LATAM,CP0112,OPTION,TDR0017,BOOK_C,2026-02-16
TXN0004675892,APP002,2025-05-04,reversed,706526.26,JPY,APAC,CP0293,EQUITY,TDR0061,BOOK_A,2026-02-03
TXN0009513855,APP014,2025-11-02,reversed,352701.07,JPY,LATAM,CP0405,FUTURE,TDR0186,BOOK_A,2025-11-03
TXN0001906844,APP005,2025-03-31,pending,254861.83,USD,APAC,CP0207,EQUITY,TDR0096,BOOK_C,2025-07-01
TXN0008680737,APP013,2025-04-20,settled,432249.77,USD,LATAM,CP0011,SWAP,TDR0031,BOOK_B,2026-02-13
TXN0002259176,APP008,2025-07-30,failed,580039.16,EUR,EMEA,CP0349,FUTURE,TDR0054,BOOK_B,2026-04-12
TXN0002867292,APP020,2025-06-22,settled,800741.8,CHF,EMEA,CP0364,OPTION,TDR0017,BOOK_B,2025-01-03
TXN0000085476,APP002,2026-04-02,reversed,967325.54,CHF,EMEA,CP0115,FUTURE,TDR0075,BOOK_D,2026-03-01
TXN0000240091,APP013,2026-03-22,reversed,152224.0,JPY,LATAM,CP0075,FUTURE,TDR0140,BOOK_C,2026-03-29
TXN0004024750,APP003,2026-04-03,pending,190137.53,USD,AMER,CP0231,FUTURE,TDR0003,BOOK_C,2025-10-12
TXN0005216198,APP001,2025-06-20,reversed,475125.36,EUR,AMER,CP0216,OPTION,TDR0162,BOOK_B,2026-01-26
TXN0003444123,APP012,2025-04-10,settled,240673.85,AUD,EMEA,CP0443,OPTION,TDR0075,BOOK_D,2025-05-23
TXN0004971766,APP012,2025-02-04,settled,722342.14,CHF,EMEA,CP0358,SWAP,TDR0110,BOOK_D,2025-02-05
TXN0007329110,APP020,2025-06-10,settled,693934.66,USD,AMER,CP0022,SWAP,TDR0038,BOOK_B,2025-07-27
TXN0002885564,APP019,2026-03-18,failed,645714.86,GBP,AMER,CP0326,FX,TDR0096,BOOK_C,2025-12-27
TXN0004075168,APP014,2025-03-07,settled,362797.68,CHF,AMER,CP0339,OPTION,TDR0136,BOOK_A,2025-05-26
TXN0000566177,APP009,2025-06-17,active,724248.06,JPY,APAC,CP0179,EQUITY,TDR0182,BOOK_A,2026-02-28
TXN0000002966,APP001,2026-03-19,reversed,811381.1,JPY,AMER,CP0494,SWAP,TDR0150,BOOK_B,2025-06-28
TXN0009154431,APP001,2025-09-01,failed,217245.43,CHF,EMEA,CP0331,SWAP,TDR0075,BOOK_D,2025-11-29
TXN0007518199,APP020,2025-07-03,active,946522.88,EUR,LATAM,CP0304,FX,TDR0006,BOOK_C,2025-03-16
TXN0006630527,APP002,2025-07-04,pending,268564.66,CHF,AMER,CP0368,SWAP,TDR0192,BOOK_C,2025-08-16
TXN0009704909,APP012,2025-12-31,settled,638771.08,USD,EMEA,CP0449,OPTION,TDR0145,BOOK_A,2025-05-04
TXN0005802897,APP007,2026-03-28,settled,310221.7,AUD,EMEA,CP0394,BOND,TDR0113,BOOK_C,2025-03-13
TXN0007623138,APP011,2026-02-14,reversed,589610.02,USD,AMER,CP0194,EQUITY,TDR0023,BOOK_A,2025-10-27
TXN0006167776,APP004,2025-12-19,pending,592430.14,CHF,APAC,CP0356,SWAP,TDR0082,BOOK_B,2025-09-24
TXN0008514749,APP003,2026-01-02,active,673166.66,EUR,AMER,CP0296,EQUITY,TDR0027,BOOK_C,2025-08-06
TXN0007718955,APP001,2026-02-05,failed,798683.25,AUD,EMEA,CP0090,SWAP,TDR0059,BOOK_C,2025-09-12
TXN0006518417,APP008,2025-11-12,settled,1691.7,JPY,EMEA,CP0382,FUTURE,TDR0056,BOOK_C,2025-03-22
TXN0005509348,APP010,2025-04-04,failed,250510.75,CHF,EMEA,CP0085,SWAP,TDR0169,BOOK_B,2025-11-05
TXN0002057231,APP010,2025-12-18,active,736903.38,JPY,APAC,CP0414,FX,TDR0003,BOOK_A,2025-12-07
TXN0005245710,APP019,2025-03-26,pending,215980.04,CHF,LATAM,CP0272,EQUITY,TDR0054,BOOK_C,2026-03-23
TXN0000035575,APP006,2026-04-02,failed,435089.29,EUR,APAC,CP0416,EQUITY,TDR0157,BOOK_D,2026-03-29
TXN0002627940,APP005,2025-07-20,reversed,114867.5,CHF,APAC,CP0070,BOND,TDR0070,BOOK_A,2025-05-02
TXN0004618659,APP017,2025-05-25,settled,709999.8,AUD,APAC,CP0046,EQUITY,TDR0172,BOOK_A,2025-09-14
TXN0002880386,APP003,2026-02-23,settled,228627.52,USD,LATAM,CP0385,SWAP,TDR0007,BOOK_C,2025-10-20
TXN0000541248,APP006,2026-03-03,settled,634988.04,USD,LATAM,CP0419,FX,TDR0060,BOOK_C,2025-12-07
TXN0005794917,APP006,2025-07-25,settled,577658.81,USD,LATAM,CP0162,SWAP,TDR0059,BOOK_C,2025-05-11
TXN0006733152,APP002,2025-03-07,pending,820879.62,GBP,APAC,CP0149,OPTION,TDR0050,BOOK_C,2025-10-11
TXN0002884735,APP013,2026-01-02,pending,319378.92,AUD,APAC,CP0003,OPTION,TDR0080,BOOK_C,2026-01-03
TXN0003595887,APP008,2025-06-21,pending,284549.61,GBP,APAC,CP0141,BOND,TDR0183,BOOK_A,2025-02-23
TXN0005871440,APP016,2026-01-25,pending,461499.9,USD,LATAM,CP0434,BOND,TDR0045,BOOK_A,2026-01-15
TXN0009703524,APP001,2026-01-02,pending,451278.96,JPY,EMEA,CP0277,BOND,TDR0167,BOOK_B,2025-11-22
TXN0009475814,APP008,2025-06-18,failed,590835.17,USD,APAC,CP0333,OPTION,TDR0197,BOOK_A,2025-09-20
TXN0006690033,APP009,2025-10-06,failed,755292.37,GBP,AMER,CP0406,BOND,TDR0182,BOOK_B,2025-10-16
TXN0005287620,APP003,2025-11-22,pending,182942.0,EUR,EMEA,CP0150,FX,TDR0148,BOOK_A,2025-10-16
TXN0005268732,APP006,2025-09-16,active,453272.08,GBP,EMEA,CP0235,FX,TDR0161,BOOK_A,2025-10-27
TXN0006907322,APP001,2025-04-02,pending,848234.15,CHF,APAC,CP0298,FUTURE,TDR0150,BOOK_B,2025-09-05
TXN0007750783,APP010,2026-01-17,pending,553164.45,CHF,AMER,CP0445,FUTURE,TDR0186,BOOK_B,2025-02-10
TXN0009221818,APP020,2025-12-24,pending,985764.21,JPY,APAC,CP0182,OPTION,TDR0016,BOOK_D,2025-01-14
TXN0004607972,APP020,2025-07-20,settled,267967.51,GBP,APAC,CP0121,SWAP,TDR0055,BOOK_B,2026-01-10
TXN0008948136,APP007,2025-01-04,pending,157746.5,AUD,AMER,CP0081,FX,TDR0191,BOOK_B,2025-07-26
TXN0009949098,APP012,2026-02-23,failed,418751.77,EUR,APAC,CP0291,EQUITY,TDR0102,BOOK_D,2025-08-26
TXN0007155349,APP005,2025-04-28,active,653579.09,CHF,APAC,CP0203,OPTION,TDR0187,BOOK_D,2025-04-02
TXN0009400747,APP002,2025-01-26,pending,973585.16,CHF,LATAM,CP0373,OPTION,TDR0022,BOOK_B,2026-02-22
TXN0008353285,APP013,2025-12-13,reversed,302264.05,GBP,AMER,CP0229,SWAP,TDR0055,BOOK_A,2025-08-13
TXN0003420370,APP005,2025-11-06,active,318265.74,EUR,APAC,CP0486,OPTION,TDR0020,BOOK_B,2025-01-29
TXN0006896064,APP005,2025-02-08,active,85010.85,EUR,AMER,CP0430,FUTURE,TDR0080,BOOK_C,2025-02-23
TXN0004911380,APP009,2025-10-22,active,263358.52,EUR,AMER,CP0220,FUTURE,TDR0061,BOOK_B,2025-04-14
TXN0003857747,APP010,2025-01-24,active,387566.61,CHF,APAC,CP0115,EQUITY,TDR0043,BOOK_B,2025-01-13
TXN0007150906,APP008,2026-04-01,reversed,648780.23,EUR,APAC,CP0314,FUTURE,TDR0024,BOOK_D,2025-09-25
TXN0007834922,APP020,2025-11-01,reversed,811003.55,USD,APAC,CP0167,FX,TDR0116,BOOK_B,2025-04-12
TXN0004676282,APP018,2025-08-27,settled,690844.91,CHF,LATAM,CP0413,FX,TDR0120,BOOK_D,2025-08-12
TXN0006126899,APP010,2025-12-14,failed,883539.02,USD,AMER,CP0210,BOND,TDR0001,BOOK_A,2025-10-16
TXN0007698551,APP003,2025-06-20,active,358701.52,EUR,AMER,CP0306,EQUITY,TDR0178,BOOK_B,2025-09-17
TXN0009021584,APP009,2026-02-06,reversed,735210.01,JPY,EMEA,CP0099,EQUITY,TDR0155,BOOK_D,2026-04-14
TXN0008506207,APP018,2025-12-15,active,954881.02,CHF,APAC,CP0290,OPTION,TDR0167,BOOK_A,2026-04-10
TXN0001957981,APP020,2025-11-26,failed,151064.25,GBP,APAC,CP0024,OPTION,TDR0017,BOOK_A,2025-09-22
TXN0007110962,APP007,2025-11-30,reversed,352779.4,EUR,EMEA,CP0378,BOND,TDR0136,BOOK_A,2025-07-15
TXN0006269407,APP008,2025-04-05,active,264823.43,USD,EMEA,CP0316,FX,TDR0012,BOOK_C,2025-12-27
TXN0003019915,APP018,2026-01-23,failed,376100.74,JPY,LATAM,CP0369,SWAP,TDR0103,BOOK_A,2025-09-29
TXN0007939225,APP010,2025-05-20,active,189686.69,GBP,APAC,CP0002,BOND,TDR0170,BOOK_D,2025-06-28
TXN0006562165,APP019,2025-01-24,reversed,898757.56,AUD,LATAM,CP0097,SWAP,TDR0198,BOOK_A,2025-06-21
TXN0009330458,APP019,2026-03-19,failed,959368.44,EUR,APAC,CP0260,EQUITY,TDR0090,BOOK_C,2025-10-06
TXN0008768375,APP004,2025-06-30,settled,915371.79,GBP,LATAM,CP0272,FUTURE,TDR0143,BOOK_B,2025-03-28
TXN0007760135,APP007,2025-03-10,settled,67753.2,GBP,APAC,CP0374,OPTION,TDR0033,BOOK_B,2025-08-08
TXN0002113799,APP011,2025-07-24,pending,372018.98,JPY,EMEA,CP0068,SWAP,TDR0190,BOOK_C,2025-04-23
TXN0009781300,APP012,2025-02-07,active,588316.38,GBP,AMER,CP0201,EQUITY,TDR0108,BOOK_D,2026-02-05
TXN0008785175,APP018,2025-03-21,active,946266.31,AUD,AMER,CP0147,BOND,TDR0059,BOOK_C,2025-06-30
TXN0005163328,APP016,2025-02-27,active,59355.12,USD,EMEA,CP0254,EQUITY,TDR0154,BOOK_A,2025-01-28
TXN0000150537,APP011,2025-09-14,active,226165.85,AUD,APAC,CP0288,FX,TDR0158,BOOK_D,2025-05-30
TXN0008848531,APP007,2025-10-12,settled,479322.82,JPY,AMER,CP0424,FX,TDR0068,BOOK_A,2025-09-15
TXN0006058378,APP013,2025-05-27,settled,940496.0,EUR,APAC,CP0138,FUTURE,TDR0114,BOOK_A,2025-07-06
TXN0002365833,APP001,2025-09-29,active,33877.0,AUD,LATAM,CP0322,BOND,TDR0066,BOOK_B,2025-01-19
TXN0008745903,APP019,2026-01-28,active,639652.27,USD,APAC,CP0428,FX,TDR0043,BOOK_B,2025-12-14
TXN0002944213,APP017,2025-06-25,failed,961787.6,CHF,EMEA,CP0371,OPTION,TDR0008,BOOK_D,2025-04-18
TXN0007920093,APP014,2025-10-18,settled,869320.95,USD,APAC,CP0009,FX,TDR0163,BOOK_C,2025-05-26
TXN0003305866,APP001,2026-01-29,settled,749471.15,JPY,AMER,CP0276,FUTURE,TDR0036,BOOK_C,2025-11-19
TXN0004486443,APP001,2025-07-16,pending,823987.9,USD,APAC,CP0172,EQUITY,TDR0139,BOOK_A,2026-02-09
TXN0005210579,APP019,2026-01-15,active,918204.57,EUR,EMEA,CP0336,FX,TDR0105,BOOK_D,2026-02-14
TXN0006394084,APP018,2026-01-04,settled,991404.12,EUR,LATAM,CP0258,FX,TDR0145,BOOK_A,2026-04-10
TXN0002779448,APP003,2025-11-06,pending,474196.37,GBP,EMEA,CP0232,BOND,TDR0012,BOOK_A,2025-12-06
TXN0002908424,APP015,2026-01-14,active,406555.37,JPY,APAC,CP0403,BOND,TDR0137,BOOK_B,2025-01-09
TXN0006722143,APP016,2026-03-03,active,71166.22,CHF,LATAM,CP0136,FUTURE,TDR0088,BOOK_D,2026-03-14
TXN0008926259,APP011,2025-08-03,reversed,834264.88,JPY,LATAM,CP0335,FUTURE,TDR0047,BOOK_A,2026-04-07
TXN0008131730,APP005,2025-01-16,pending,684169.23,JPY,APAC,CP0251,FUTURE,TDR0057,BOOK_C,2025-10-17
TXN0009856447,APP001,2026-01-22,pending,197563.4,AUD,LATAM,CP0309,FUTURE,TDR0151,BOOK_D,2025-09-06
TXN0003345655,APP012,2025-02-22,settled,217625.96,GBP,EMEA,CP0054,BOND,TDR0192,BOOK_A,2026-03-21
TXN0008348681,APP003,2026-04-11,pending,211113.55,CHF,AMER,CP0188,FX,TDR0084,BOOK_A,2025-06-29
TXN0003827823,APP016,2025-07-04,failed,815789.72,CHF,EMEA,CP0036,EQUITY,TDR0190,BOOK_B,2025-06-24
TXN0005156358,APP012,2025-06-21,failed,364598.95,USD,LATAM,CP0500,BOND,TDR0044,BOOK_A,2025-10-06
TXN0000101705,APP010,2026-02-26,pending,933925.03,GBP,LATAM,CP0088,SWAP,TDR0111,BOOK_B,2025-09-22
TXN0005162260,APP011,2025-03-09,settled,825313.09,AUD,EMEA,CP0405,EQUITY,TDR0131,BOOK_A,2025-01-01
TXN0003425711,APP003,2025-11-19,failed,607264.13,JPY,APAC,CP0072,BOND,TDR0049,BOOK_B,2026-01-30
TXN0004517166,APP019,2025-09-02,failed,931098.94,CHF,EMEA,CP0401,OPTION,TDR0074,BOOK_A,2025-03-20
TXN0006200671,APP001,2025-09-11,failed,821845.55,JPY,LATAM,CP0270,EQUITY,TDR0041,BOOK_C,2026-02-18
TXN0005506509,APP008,2025-01-23,pending,314640.2,JPY,APAC,CP0104,EQUITY,TDR0056,BOOK_C,2025-10-21
TXN0008582200,APP006,2026-02-12,settled,490006.95,USD,AMER,CP0269,OPTION,TDR0001,BOOK_B,2026-03-12
TXN0009014748,APP002,2025-05-31,settled,936615.79,GBP,APAC,CP0185,OPTION,TDR0033,BOOK_A,2025-03-08
TXN0001229239,APP013,2026-01-04,pending,336994.51,CHF,LATAM,CP0223,FX,TDR0159,BOOK_A,2025-05-10
TXN0000363656,APP007,2026-03-03,active,885206.44,JPY,APAC,CP0356,BOND,TDR0001,BOOK_B,2025-05-22
TXN0005360667,APP007,2025-08-26,pending,498647.65,GBP,LATAM,CP0498,FUTURE,TDR0166,BOOK_D,2025-04-20
TXN0008449258,APP006,2025-10-05,pending,517603.45,CHF,AMER,CP0193,FUTURE,TDR0051,BOOK_C,2025-04-26
TXN0005950595,APP019,2025-04-26,active,237877.42,EUR,LATAM,CP0114,SWAP,TDR0149,BOOK_D,2025-02-02
TXN0004197329,APP002,2025-12-15,pending,31854.16,AUD,AMER,CP0367,EQUITY,TDR0178,BOOK_D,2025-08-30
TXN0008695512,APP007,2026-04-09,reversed,258930.98,EUR,LATAM,CP0297,EQUITY,TDR0122,BOOK_A,2025-10-19
TXN0000714903,APP001,2025-05-03,pending,753044.49,JPY,APAC,CP0271,BOND,TDR0052,BOOK_A,2025-02-26
TXN0007729378,APP007,2025-01-15,pending,148367.56,JPY,LATAM,CP0297,FUTURE,TDR0200,BOOK_B,2025-01-16
TXN0009681973,APP006,2026-02-09,active,771712.42,CHF,AMER,CP0157,FX,TDR0104,BOOK_A,2025-06-20
TXN0001027707,APP008,2025-09-04,reversed,659922.34,JPY,AMER,CP0344,EQUITY,TDR0030,BOOK_B,2025-04-25
TXN0005191822,APP005,2025-10-17,active,531508.61,EUR,APAC,CP0497,OPTION,TDR0150,BOOK_D,2025-12-19
TXN0002259715,APP004,2025-07-09,failed,856574.24,EUR,EMEA,CP0444,SWAP,TDR0141,BOOK_B,2026-02-04
TXN0004224245,APP002,2025-11-24,reversed,160156.17,USD,LATAM,CP0163,FUTURE,TDR0094,BOOK_A,2026-04-10
TXN0000110625,APP016,2025-09-18,pending,213260.75,GBP,AMER,CP0083,EQUITY,TDR0087,BOOK_D,2025-12-20
TXN0007236194,APP001,2025-12-19,failed,482400.58,EUR,AMER,CP0180,FUTURE,TDR0123,BOOK_C,2025-09-18
TXN0006267802,APP020,2025-08-07,settled,580606.18,USD,AMER,CP0393,FX,TDR0138,BOOK_D,2026-02-03
TXN0000650356,APP005,2026-01-10,reversed,727734.59,AUD,AMER,CP0040,FX,TDR0040,BOOK_B,2025-08-08
TXN0006941694,APP020,2025-12-07,failed,808763.02,CHF,EMEA,CP0389,OPTION,TDR0185,BOOK_B,2025-09-06
TXN0005350538,APP007,2025-06-07,settled,558609.28,JPY,AMER,CP0342,SWAP,TDR0144,BOOK_D,2025-07-31
TXN0004149499,APP011,2025-11-02,pending,872922.43,CHF,APAC,CP0445,EQUITY,TDR0117,BOOK_C,2025-08-10
TXN0001773723,APP015,2025-10-27,reversed,917132.65,USD,AMER,CP0097,FX,TDR0112,BOOK_B,2025-04-01
TXN0000528066,APP016,2025-05-02,failed,300240.69,CHF,LATAM,CP0047,FX,TDR0152,BOOK_C,2026-02-23
TXN0002884640,APP005,2025-05-08,active,234864.22,JPY,AMER,CP0147,FUTURE,TDR0063,BOOK_B,2026-04-08
TXN0005618979,APP011,2025-06-28,pending,214737.53,JPY,LATAM,CP0227,BOND,TDR0003,BOOK_C,2026-01-15
TXN0002204538,APP001,2025-06-14,failed,179437.19,CHF,LATAM,CP0182,EQUITY,TDR0186,BOOK_C,2025-01-29
TXN0009300029,APP017,2025-07-22,settled,819889.94,GBP,LATAM,CP0156,FX,TDR0071,BOOK_C,2025-02-03
TXN0002734017,APP015,2025-08-12,settled,408171.33,AUD,APAC,CP0015,EQUITY,TDR0038,BOOK_B,2026-01-09
TXN0001850953,APP016,2025-04-03,pending,719359.08,EUR,AMER,CP0058,BOND,TDR0028,BOOK_C,2025-04-11
TXN0008894639,APP011,2025-02-10,pending,571029.66,GBP,EMEA,CP0475,SWAP,TDR0107,BOOK_D,2025-07-11
TXN0006755076,APP018,2026-03-20,pending,708223.51,USD,LATAM,CP0163,FX,TDR0090,BOOK_B,2025-11-12
TXN0006385405,APP018,2026-01-18,failed,177298.07,USD,APAC,CP0198,BOND,TDR0056,BOOK_D,2025-02-07
TXN0006326936,APP007,2025-04-19,active,137251.73,USD,EMEA,CP0155,SWAP,TDR0161,BOOK_B,2025-01-22
TXN0000579854,APP018,2025-10-25,settled,685920.61,JPY,APAC,CP0429,FX,TDR0021,BOOK_B,2025-05-03
TXN0008196613,APP002,2025-11-12,active,521352.27,JPY,AMER,CP0428,OPTION,TDR0127,BOOK_A,2026-01-19
TXN0009954736,APP005,2026-03-27,active,936620.04,USD,AMER,CP0474,OPTION,TDR0142,BOOK_D,2026-03-30
TXN0005940603,APP006,2026-03-03,pending,150397.76,AUD,AMER,CP0423,SWAP,TDR0129,BOOK_B,2025-02-15
TXN0005882823,APP005,2025-06-04,failed,92509.33,JPY,LATAM,CP0157,SWAP,TDR0095,BOOK_C,2025-04-26
TXN0009147141,APP008,2025-12-15,active,159061.41,USD,APAC,CP0443,SWAP,TDR0008,BOOK_C,2025-05-17
TXN0008944048,APP009,2025-01-14,reversed,536463.54,EUR,APAC,CP0153,EQUITY,TDR0132,BOOK_C,2025-01-05
TXN0006672056,APP008,2026-02-05,pending,254572.55,USD,LATAM,CP0449,BOND,TDR0020,BOOK_B,2025-07-31
TXN0005006957,APP018,2025-04-10,settled,443608.49,CHF,AMER,CP0042,FUTURE,TDR0017,BOOK_D,2025-01-03
TXN0005230754,APP009,2026-01-25,reversed,197093.7,CHF,EMEA,CP0417,EQUITY,TDR0057,BOOK_B,2025-07-12
TXN0008730843,APP013,2025-01-27,failed,852640.85,AUD,EMEA,CP0442,SWAP,TDR0160,BOOK_D,2026-02-11
TXN0008028606,APP001,2026-02-12,reversed,831384.1,GBP,AMER,CP0370,EQUITY,TDR0097,BOOK_D,2025-09-06
TXN0000614847,APP009,2025-10-22,pending,45662.06,JPY,LATAM,CP0070,SWAP,TDR0049,BOOK_A,2025-08-24
TXN0004838120,APP013,2025-09-03,reversed,849041.65,JPY,AMER,CP0358,SWAP,TDR0144,BOOK_D,2025-05-02
TXN0003763851,APP018,2025-06-05,reversed,52384.55,USD,LATAM,CP0231,FUTURE,TDR0176,BOOK_D,2025-04-11
TXN0003729147,APP016,2025-08-05,pending,988745.41,CHF,APAC,CP0472,FUTURE,TDR0071,BOOK_B,2025-05-22
TXN0000603084,APP010,2026-03-23,settled,357615.72,EUR,EMEA,CP0087,OPTION,TDR0100,BOOK_B,2025-06-21
TXN0008857874,APP016,2025-10-05,reversed,45468.34,AUD,EMEA,CP0358,EQUITY,TDR0032,BOOK_D,2025-06-01
TXN0009444374,APP010,2025-12-26,settled,298288.46,GBP,APAC,CP0130,FUTURE,TDR0159,BOOK_B,2026-01-20
TXN0005008866,APP003,2025-04-13,failed,59420.72,EUR,APAC,CP0250,SWAP,TDR0121,BOOK_D,2025-04-07
TXN0009077723,APP018,2026-02-07,active,939186.44,EUR,AMER,CP0303,EQUITY,TDR0192,BOOK_C,2025-05-20
TXN0008428984,APP020,2025-06-13,pending,466064.26,CHF,AMER,CP0310,BOND,TDR0062,BOOK_B,2025-09-09
TXN0000224150,APP009,2025-05-18,reversed,288711.63,USD,APAC,CP0485,SWAP,TDR0117,BOOK_C,2025-04-24
TXN0003129727,APP006,2025-06-15,active,293863.93,USD,APAC,CP0488,SWAP,TDR0005,BOOK_A,2026-01-01
TXN0000066727,APP014,2026-02-21,active,801787.95,USD,AMER,CP0454,BOND,TDR0189,BOOK_D,2025-03-21
TXN0000233270,APP013,2025-04-07,failed,848862.13,JPY,AMER,CP0492,FUTURE,TDR0057,BOOK_D,2025-07-26
TXN0007788597,APP012,2025-03-15,reversed,378692.22,USD,APAC,CP0156,SWAP,TDR0040,BOOK_A,2025-02-25
TXN0005236984,APP012,2025-04-26,active,311504.44,EUR,APAC,CP0321,FX,TDR0096,BOOK_D,2025-03-19
TXN0000322000,APP010,2025-03-16,failed,288448.09,USD,EMEA,CP0492,FUTURE,TDR0050,BOOK_B,2025-03-12
TXN0001701173,APP008,2026-03-22,reversed,556798.08,JPY,LATAM,CP0077,BOND,TDR0134,BOOK_B,2025-08-17
TXN0004562866,APP016,2025-09-05,failed,96165.0,CHF,EMEA,CP0262,EQUITY,TDR0198,BOOK_D,2025-07-26
TXN0001221761,APP009,2025-04-27,active,772745.05,EUR,EMEA,CP0237,SWAP,TDR0132,BOOK_C,2025-09-23
TXN0002318971,APP018,2025-03-10,failed,425701.94,CHF,APAC,CP0140,FX,TDR0086,BOOK_A,2025-10-10
TXN0001950866,APP014,2025-04-16,active,653621.77,AUD,EMEA,CP0005,EQUITY,TDR0117,BOOK_C,2025-02-26
TXN0008895506,APP006,2025-01-19,failed,775321.03,AUD,EMEA,CP0468,FX,TDR0132,BOOK_A,2025-05-25
TXN0005534822,APP017,2025-02-06,active,677483.71,USD,APAC,CP0469,FUTURE,TDR0125,BOOK_B,2026-02-12
TXN0007347299,APP010,2025-07-28,active,480974.43,EUR,LATAM,CP0040,BOND,TDR0111,BOOK_D,2025-12-21
TXN0000012208,APP010,2025-08-04,failed,895159.07,CHF,EMEA,CP0062,FX,TDR0153,BOOK_A,2026-02-02
TXN0006994116,APP005,2026-01-06,pending,623608.48,CHF,APAC,CP0414,OPTION,TDR0177,BOOK_A,2026-04-10
TXN0000128088,APP015,2025-12-04,reversed,748918.06,JPY,APAC,CP0177,SWAP,TDR0162,BOOK_D,2026-03-30
TXN0004758380,APP015,2025-12-20,active,764665.06,GBP,LATAM,CP0071,FX,TDR0100,BOOK_D,2025-12-21
TXN0003293266,APP015,2025-01-06,settled,438602.55,AUD,LATAM,CP0069,FX,TDR0175,BOOK_B,2025-02-28
TXN0003441718,APP013,2025-07-20,pending,850916.59,GBP,LATAM,CP0119,FUTURE,TDR0017,BOOK_A,2025-10-26
TXN0000099196,APP011,2025-06-25,active,40894.4,EUR,APAC,CP0171,BOND,TDR0037,BOOK_B,2025-08-29
TXN0000553844,APP012,2026-01-05,active,917202.81,JPY,EMEA,CP0088,BOND,TDR0155,BOOK_D,2025-04-20
TXN0009994126,APP009,2025-05-31,reversed,672611.7,GBP,EMEA,CP0138,FUTURE,TDR0136,BOOK_A,2025-11-12
TXN0001797963,APP001,2025-04-13,reversed,319655.09,GBP,LATAM,CP0366,BOND,TDR0088,BOOK_C,2025-10-16
TXN0007173616,APP016,2026-03-07,failed,745970.86,USD,LATAM,CP0067,BOND,TDR0130,BOOK_B,2025-04-22
TXN0009691133,APP010,2025-12-22,active,546201.5,CHF,AMER,CP0095,EQUITY,TDR0120,BOOK_A,2025-05-30
TXN0003283541,APP001,2025-07-13,pending,365406.41,CHF,LATAM,CP0118,EQUITY,TDR0135,BOOK_B,2026-02-22
TXN0005297005,APP015,2025-12-24,active,656930.69,JPY,APAC,CP0284,FX,TDR0059,BOOK_D,2026-03-21
TXN0005738235,APP014,2025-03-14,failed,418560.54,USD,AMER,CP0483,FX,TDR0068,BOOK_A,2025-04-19
TXN0007351938,APP016,2025-10-21,active,494653.89,GBP,EMEA,CP0482,FUTURE,TDR0010,BOOK_B,2025-03-12
TXN0007024116,APP018,2025-11-26,active,206445.33,GBP,AMER,CP0189,OPTION,TDR0114,BOOK_A,2026-01-16
TXN0004831553,APP001,2025-06-16,reversed,194997.16,JPY,EMEA,CP0303,EQUITY,TDR0013,BOOK_A,2026-01-29
TXN0005615143,APP014,2025-08-18,active,130413.93,CHF,LATAM,CP0051,EQUITY,TDR0191,BOOK_D,2025-06-30
TXN0006812796,APP014,2025-04-03,pending,160263.15,USD,LATAM,CP0210,OPTION,TDR0092,BOOK_A,2025-11-18
TXN0002502668,APP003,2026-04-13,settled,819238.54,USD,LATAM,CP0309,SWAP,TDR0017,BOOK_D,2025-04-24
TXN0006383609,APP018,2025-08-24,reversed,489056.3,EUR,LATAM,CP0229,SWAP,TDR0086,BOOK_B,2025-10-20
TXN0004698130,APP019,2026-02-19,reversed,558445.22,USD,APAC,CP0220,BOND,TDR0167,BOOK_D,2025-06-15
TXN0008831407,APP014,2026-01-04,pending,278168.63,EUR,EMEA,CP0462,EQUITY,TDR0111,BOOK_B,2025-07-16
TXN0008477446,APP003,2025-02-17,settled,429338.82,USD,AMER,CP0113,FX,TDR0117,BOOK_A,2025-04-24
TXN0007920517,APP017,2025-06-30,settled,319840.8,GBP,APAC,CP0089,EQUITY,TDR0162,BOOK_A,2025-03-27
TXN0007977444,APP008,2025-11-13,active,368576.36,AUD,APAC,CP0358,FX,TDR0042,BOOK_A,2026-03-14
TXN0005079619,APP002,2025-05-29,settled,957464.48,USD,LATAM,CP0175,BOND,TDR0165,BOOK_C,2026-01-10
TXN0004611799,APP016,2025-02-09,reversed,170532.67,CHF,AMER,CP0126,FX,TDR0177,BOOK_A,2025-08-15
TXN0001672994,APP005,2025-09-17,pending,827647.15,USD,AMER,CP0364,OPTION,TDR0021,BOOK_D,2025-05-13
TXN0006549178,APP004,2025-07-22,failed,720096.25,GBP,AMER,CP0335,FX,TDR0006,BOOK_C,2025-06-16
TXN0008060879,APP016,2025-09-07,pending,545301.31,JPY,AMER,CP0167,SWAP,TDR0043,BOOK_C,2025-09-25
TXN0008579506,APP002,2025-03-25,reversed,352205.71,JPY,LATAM,CP0321,EQUITY,TDR0093,BOOK_D,2026-03-12
TXN0008023728,APP014,2025-06-19,failed,823001.83,GBP,LATAM,CP0191,FUTURE,TDR0028,BOOK_D,2025-05-19
TXN0008969608,APP006,2025-04-20,failed,120298.99,EUR,LATAM,CP0198,FX,TDR0023,BOOK_C,2025-12-09
TXN0008418970,APP011,2025-06-30,failed,976220.44,GBP,EMEA,CP0431,EQUITY,TDR0038,BOOK_A,2025-06-08
TXN0006992097,APP006,2025-06-02,settled,226233.34,USD,AMER,CP0470,EQUITY,TDR0020,BOOK_A,2026-01-20
TXN0004571466,APP019,2025-02-18,pending,281752.79,USD,APAC,CP0459,BOND,TDR0002,BOOK_B,2025-09-05
TXN0003111505,APP011,2025-04-28,active,828728.02,USD,LATAM,CP0190,FUTURE,TDR0063,BOOK_B,2025-10-07
TXN0004617256,APP005,2025-01-05,settled,520634.58,CHF,AMER,CP0019,EQUITY,TDR0165,BOOK_B,2025-01-12
TXN0006781027,APP011,2025-04-13,reversed,917300.67,USD,APAC,CP0230,FX,TDR0189,BOOK_D,2025-08-19
TXN0000951140,APP015,2025-10-26,active,735917.13,JPY,AMER,CP0195,EQUITY,TDR0180,BOOK_D,2025-05-19
TXN0005825342,APP003,2026-04-13,settled,779038.87,GBP,APAC,CP0320,SWAP,TDR0133,BOOK_B,2025-03-30
TXN0007810064,APP002,2025-04-21,failed,341920.91,JPY,APAC,CP0341,OPTION,TDR0153,BOOK_D,2025-05-16
TXN0001716170,APP012,2025-09-22,pending,155280.58,AUD,APAC,CP0026,OPTION,TDR0087,BOOK_C,2025-03-12
TXN0002382469,APP003,2025-01-12,failed,639876.34,GBP,APAC,CP0031,FUTURE,TDR0146,BOOK_B,2025-08-28
TXN0009217883,APP002,2025-03-06,pending,473434.08,CHF,APAC,CP0285,SWAP,TDR0076,BOOK_B,2025-03-04
TXN0004059796,APP018,2025-10-18,failed,346119.98,JPY,EMEA,CP0322,FUTURE,TDR0184,BOOK_C,2025-01-27
TXN0006327376,APP005,2026-03-05,reversed,556993.29,CHF,APAC,CP0312,EQUITY,TDR0166,BOOK_A,2025-07-11
TXN0002346704,APP005,2025-10-09,active,142996.25,JPY,APAC,CP0240,OPTION,TDR0022,BOOK_D,2025-11-03
TXN0000882194,APP005,2025-07-05,pending,551682.91,GBP,APAC,CP0255,EQUITY,TDR0022,BOOK_D,2025-05-19
TXN0004569028,APP014,2025-11-12,failed,372006.78,AUD,EMEA,CP0178,OPTION,TDR0030,BOOK_A,2025-05-07
TXN0004546155,APP017,2025-08-19,failed,211471.25,CHF,AMER,CP0309,BOND,TDR0145,BOOK_A,2026-03-05
TXN0005518005,APP008,2026-04-04,settled,635122.91,AUD,LATAM,CP0155,OPTION,TDR0169,BOOK_A,2025-01-05
TXN0005364259,APP001,2025-11-27,reversed,60839.89,GBP,EMEA,CP0224,EQUITY,TDR0122,BOOK_C,2025-05-15
TXN0003924827,APP011,2025-10-16,pending,547118.93,JPY,LATAM,CP0305,BOND,TDR0113,BOOK_A,2025-09-12
TXN0002786374,APP019,2026-01-02,active,755306.51,JPY,EMEA,CP0271,BOND,TDR0136,BOOK_C,2025-04-13
TXN0001304864,APP012,2025-12-01,failed,790214.26,GBP,APAC,CP0367,FX,TDR0192,BOOK_B,2025-12-02
TXN0003520991,APP020,2025-02-07,reversed,496910.81,CHF,AMER,CP0218,BOND,TDR0120,BOOK_B,2025-01-27
TXN0004968379,APP017,2025-03-22,failed,573386.39,JPY,EMEA,CP0011,BOND,TDR0113,BOOK_C,2026-02-11
TXN0000059888,APP015,2025-01-09,active,67270.56,USD,EMEA,CP0401,BOND,TDR0151,BOOK_D,2025-09-06
TXN0000292010,APP019,2025-01-18,settled,589971.33,AUD,LATAM,CP0471,OPTION,TDR0106,BOOK_D,2025-11-23
TXN0006808990,APP004,2025-03-01,failed,488580.17,USD,AMER,CP0097,SWAP,TDR0114,BOOK_D,2025-12-30
TXN0000562771,APP020,2025-07-26,settled,951910.5,USD,EMEA,CP0147,FUTURE,TDR0112,BOOK_C,2025-06-09
TXN0005666550,APP013,2026-03-28,active,776910.36,EUR,EMEA,CP0089,FUTURE,TDR0116,BOOK_B,2025-09-30
TXN0004838305,APP009,2025-02-28,reversed,242587.61,AUD,LATAM,CP0459,EQUITY,TDR0027,BOOK_D,2026-02-26
TXN0009315036,APP018,2025-08-15,reversed,656690.72,AUD,EMEA,CP0316,OPTION,TDR0099,BOOK_D,2025-04-22
TXN0000513371,APP012,2025-10-04,active,305516.47,JPY,AMER,CP0226,SWAP,TDR0052,BOOK_A,2026-02-07
TXN0001350345,APP001,2025-02-15,active,129808.48,EUR,LATAM,CP0136,FX,TDR0162,BOOK_B,2025-12-30
TXN0008656228,APP013,2026-02-19,failed,845490.48,JPY,APAC,CP0307,FX,TDR0103,BOOK_A,2026-03-07
TXN0001940993,APP017,2025-07-22,pending,156005.76,GBP,EMEA,CP0313,FX,TDR0119,BOOK_B,2026-02-04
TXN0004146671,APP012,2025-02-22,failed,105047.91,JPY,APAC,CP0498,FUTURE,TDR0024,BOOK_A,2025-01-05
TXN0002023007,APP008,2025-07-15,settled,463855.77,GBP,AMER,CP0189,FX,TDR0127,BOOK_C,2026-01-21
TXN0007453298,APP010,2025-11-16,pending,785013.6,CHF,LATAM,CP0121,OPTION,TDR0140,BOOK_D,2025-11-20
TXN0007728759,APP008,2026-03-14,active,871310.41,CHF,APAC,CP0273,FX,TDR0101,BOOK_B,2025-09-27
TXN0001370842,APP004,2025-09-15,failed,297241.98,EUR,EMEA,CP0492,SWAP,TDR0179,BOOK_B,2026-01-30
TXN0002547505,APP013,2026-01-31,pending,58605.94,GBP,LATAM,CP0448,BOND,TDR0001,BOOK_B,2026-01-24
TXN0001578307,APP006,2025-06-22,failed,188632.16,JPY,APAC,CP0117,EQUITY,TDR0189,BOOK_C,2026-01-05
TXN0007650714,APP019,2025-10-06,failed,729481.69,CHF,AMER,CP0226,BOND,TDR0126,BOOK_A,2025-11-06
TXN0005104786,APP006,2025-08-29,settled,148851.47,USD,AMER,CP0315,FX,TDR0082,BOOK_C,2026-01-13
TXN0008512981,APP007,2026-03-27,reversed,142857.58,GBP,LATAM,CP0345,SWAP,TDR0169,BOOK_C,2025-07-24
TXN0000493447,APP020,2025-03-25,failed,707642.41,CHF,EMEA,CP0125,OPTION,TDR0116,BOOK_A,2025-10-11
TXN0004538587,APP020,2025-02-04,active,155798.17,CHF,EMEA,CP0447,OPTION,TDR0145,BOOK_C,2025-09-19
TXN0003633994,APP017,2025-08-30,reversed,953574.95,EUR,APAC,CP0476,EQUITY,TDR0107,BOOK_B,2025-09-21
TXN0005472220,APP012,2025-01-28,reversed,906283.26,EUR,AMER,CP0254,EQUITY,TDR0099,BOOK_C,2025-01-21
TXN0004576379,APP001,2025-08-26,active,482856.11,AUD,EMEA,CP0433,FUTURE,TDR0036,BOOK_D,2025-02-01
TXN0008028702,APP018,2025-10-04,reversed,929246.67,GBP,APAC,CP0230,BOND,TDR0071,BOOK_D,2025-05-29
TXN0000991945,APP005,2025-04-28,settled,380234.87,GBP,LATAM,CP0009,FX,TDR0006,BOOK_D,2025-08-07
TXN0009304046,APP012,2025-07-04,settled,576131.62,CHF,AMER,CP0325,FX,TDR0043,BOOK_C,2025-06-13
TXN0002540465,APP020,2025-06-06,active,551504.54,AUD,LATAM,CP0104,EQUITY,TDR0117,BOOK_C,2026-03-14
TXN0003901574,APP013,2025-04-26,pending,565532.82,CHF,LATAM,CP0470,FUTURE,TDR0138,BOOK_A,2025-10-10
TXN0000746450,APP001,2025-07-11,active,602413.31,JPY,LATAM,CP0376,SWAP,TDR0149,BOOK_C,2025-07-10
TXN0007674148,APP015,2025-10-18,settled,275333.25,GBP,EMEA,CP0451,FX,TDR0168,BOOK_D,2026-03-30
TXN0008622301,APP011,2026-02-21,pending,922715.65,USD,EMEA,CP0222,FUTURE,TDR0150,BOOK_C,2025-06-03
TXN0006794142,APP013,2025-05-13,settled,392683.69,EUR,APAC,CP0219,FX,TDR0054,BOOK_A,2025-08-30
TXN0005520394,APP015,2025-01-21,settled,701704.42,USD,EMEA,CP0407,FX,TDR0084,BOOK_A,2025-11-06
TXN0000653629,APP015,2026-01-17,active,4070.89,AUD,AMER,CP0255,FUTURE,TDR0191,BOOK_A,2025-06-18
TXN0004751247,APP015,2025-05-13,failed,507904.97,CHF,AMER,CP0239,FX,TDR0161,BOOK_B,2025-12-04
TXN0000884399,APP014,2025-12-22,failed,14633.32,GBP,EMEA,CP0137,FUTURE,TDR0199,BOOK_D,2025-07-06
TXN0001397414,APP017,2025-09-03,active,648023.39,USD,APAC,CP0472,BOND,TDR0015,BOOK_B,2026-02-20
TXN0002898540,APP018,2025-05-28,pending,390518.02,USD,AMER,CP0140,FX,TDR0172,BOOK_D,2025-03-20
TXN0003343872,APP011,2025-08-09,pending,909138.56,AUD,EMEA,CP0442,SWAP,TDR0017,BOOK_A,2025-12-24
TXN0009690840,APP004,2025-01-04,reversed,657148.1,GBP,AMER,CP0385,OPTION,TDR0189,BOOK_C,2025-01-14
TXN0008467731,APP007,2025-05-14,settled,4878.05,AUD,AMER,CP0400,SWAP,TDR0112,BOOK_D,2025-11-22
TXN0001576736,APP001,2026-01-12,settled,77647.76,CHF,AMER,CP0451,EQUITY,TDR0056,BOOK_C,2025-08-18
TXN0009720696,APP006,2026-02-11,pending,632186.46,CHF,LATAM,CP0118,SWAP,TDR0029,BOOK_B,2025-11-02
TXN0003419352,APP016,2025-09-09,pending,733494.88,AUD,AMER,CP0039,EQUITY,TDR0193,BOOK_B,2025-08-12
TXN0003391307,APP013,2025-11-10,reversed,155342.65,CHF,APAC,CP0298,OPTION,TDR0115,BOOK_C,2025-12-30
TXN0008379554,APP007,2025-03-15,reversed,200672.16,AUD,APAC,CP0101,BOND,TDR0007,BOOK_A,2025-05-24
TXN0000795663,APP012,2025-12-06,reversed,367772.42,GBP,EMEA,CP0483,FX,TDR0075,BOOK_C,2025-01-26
TXN0000347279,APP019,2026-03-20,active,637306.12,AUD,APAC,CP0052,OPTION,TDR0067,BOOK_B,2025-10-03
TXN0003977367,APP020,2025-11-22,pending,979591.08,GBP,AMER,CP0458,SWAP,TDR0066,BOOK_C,2025-01-08
TXN0002732590,APP008,2025-12-22,failed,773884.21,USD,EMEA,CP0187,OPTION,TDR0140,BOOK_A,2025-06-20
TXN0006410001,APP017,2026-03-01,settled,998541.99,AUD,LATAM,CP0097,FUTURE,TDR0144,BOOK_A,2025-07-09
TXN0007704143,APP010,2025-01-24,active,353026.54,EUR,EMEA,CP0269,FUTURE,TDR0036,BOOK_B,2025-09-04
TXN0002483741,APP005,2025-08-25,pending,404399.39,USD,AMER,CP0047,BOND,TDR0075,BOOK_D,2026-03-13
TXN0000327916,APP014,2025-03-04,failed,679860.86,AUD,APAC,CP0219,OPTION,TDR0164,BOOK_A,2025-04-20
TXN0004212144,APP008,2025-04-13,active,609879.75,AUD,LATAM,CP0436,FX,TDR0077,BOOK_B,2025-12-02
TXN0001422152,APP014,2025-03-31,reversed,101923.44,GBP,LATAM,CP0079,SWAP,TDR0091,BOOK_D,2025-10-11
TXN0005374514,APP019,2026-01-27,active,941447.02,USD,EMEA,CP0419,OPTION,TDR0141,BOOK_D,2025-03-11
TXN0008760529,APP017,2025-09-29,active,849206.87,CHF,AMER,CP0087,FUTURE,TDR0178,BOOK_B,2026-02-23
TXN0009543954,APP015,2026-03-16,settled,642711.62,AUD,EMEA,CP0296,OPTION,TDR0113,BOOK_D,2026-02-18
TXN0005870444,APP013,2026-02-20,failed,657295.1,CHF,APAC,CP0442,BOND,TDR0052,BOOK_D,2025-03-23
TXN0000627362,APP005,2025-08-11,reversed,236577.15,USD,EMEA,CP0427,FX,TDR0110,BOOK_A,2026-03-15
TXN0005406476,APP018,2025-12-20,settled,297101.99,GBP,AMER,CP0021,FUTURE,TDR0005,BOOK_D,2025-08-01
TXN0006820077,APP011,2026-03-26,failed,662436.58,EUR,APAC,CP0494,BOND,TDR0038,BOOK_D,2025-05-17
TXN0005745085,APP020,2025-04-01,pending,856534.14,JPY,EMEA,CP0125,OPTION,TDR0064,BOOK_D,2025-03-31
TXN0001053900,APP007,2026-02-02,reversed,274934.18,AUD,EMEA,CP0424,SWAP,TDR0059,BOOK_A,2026-02-08
TXN0000578615,APP018,2026-02-10,settled,682853.48,USD,AMER,CP0458,FX,TDR0011,BOOK_B,2025-05-03
TXN0007690679,APP016,2025-01-23,settled,470426.42,EUR,EMEA,CP0294,FUTURE,TDR0059,BOOK_B,2025-07-08
TXN0001997463,APP005,2025-02-21,active,413134.18,EUR,APAC,CP0477,EQUITY,TDR0072,BOOK_B,2025-06-30
TXN0003239740,APP003,2025-02-14,active,623878.19,EUR,LATAM,CP0374,FUTURE,TDR0193,BOOK_C,2025-12-13
TXN0001971411,APP011,2025-08-05,failed,931010.8,JPY,AMER,CP0493,FX,TDR0193,BOOK_B,2026-03-12
TXN0002679399,APP008,2025-09-12,reversed,250704.32,EUR,AMER,CP0407,FX,TDR0094,BOOK_C,2026-03-21
TXN0008147543,APP013,2025-07-24,active,177187.93,CHF,EMEA,CP0298,FUTURE,TDR0170,BOOK_B,2025-10-30
TXN0005220616,APP014,2025-04-08,pending,28950.57,AUD,AMER,CP0289,OPTION,TDR0016,BOOK_B,2026-03-03
TXN0002728498,APP011,2025-06-02,pending,22855.54,CHF,APAC,CP0368,BOND,TDR0068,BOOK_A,2025-04-26
TXN0001343166,APP007,2025-11-14,pending,624030.88,AUD,LATAM,CP0385,BOND,TDR0015,BOOK_D,2025-05-22
TXN0006874175,APP013,2026-01-23,pending,246586.65,JPY,AMER,CP0465,EQUITY,TDR0195,BOOK_D,2025-07-18
TXN0003060337,APP017,2025-12-03,failed,471975.26,GBP,AMER,CP0383,OPTION,TDR0052,BOOK_A,2026-02-02
TXN0007647545,APP011,2026-03-22,settled,974704.96,JPY,EMEA,CP0096,BOND,TDR0045,BOOK_A,2025-12-06
TXN0003081110,APP012,2025-04-03,settled,898446.37,GBP,APAC,CP0499,BOND,TDR0092,BOOK_A,2026-01-11
TXN0001681471,APP001,2025-11-06,reversed,591083.84,CHF,AMER,CP0098,FUTURE,TDR0047,BOOK_C,2025-06-25
TXN0002531479,APP020,2025-08-01,pending,792280.06,USD,LATAM,CP0169,OPTION,TDR0121,BOOK_D,2025-02-20
TXN0008624202,APP016,2026-03-23,pending,91020.65,JPY,AMER,CP0002,BOND,TDR0192,BOOK_C,2025-07-06
TXN0003911923,APP019,2026-01-31,settled,294962.02,EUR,LATAM,CP0165,SWAP,TDR0118,BOOK_A,2025-01-04
TXN0007968033,APP017,2025-09-05,active,518182.27,EUR,AMER,CP0021,BOND,TDR0029,BOOK_C,2025-12-10
TXN0009473033,APP014,2025-09-16,active,375679.23,EUR,EMEA,CP0304,EQUITY,TDR0180,BOOK_A,2025-03-18
TXN0003090790,APP004,2025-09-15,settled,306162.85,JPY,EMEA,CP0250,FX,TDR0192,BOOK_B,2025-08-16
TXN0002368384,APP018,2026-02-18,settled,342277.31,AUD,LATAM,CP0366,SWAP,TDR0085,BOOK_B,2025-04-06
TXN0001374695,APP013,2025-01-17,active,178906.63,GBP,LATAM,CP0281,OPTION,TDR0136,BOOK_A,2026-01-08
TXN0009392553,APP007,2026-02-04,settled,723603.25,USD,EMEA,CP0213,EQUITY,TDR0083,BOOK_C,2025-08-22
TXN0001002033,APP014,2025-01-22,pending,161446.89,EUR,APAC,CP0457,BOND,TDR0153,BOOK_A,2025-06-26
TXN0007782017,APP002,2025-09-02,failed,633914.5,EUR,EMEA,CP0159,FUTURE,TDR0011,BOOK_C,2025-03-23
TXN0002642478,APP008,2026-02-14,failed,466208.7,CHF,LATAM,CP0019,FUTURE,TDR0004,BOOK_B,2026-01-19
TXN0006626750,APP004,2025-02-20,failed,973989.53,USD,APAC,CP0250,SWAP,TDR0135,BOOK_D,2026-03-07
TXN0008329335,APP018,2025-09-13,pending,778757.86,USD,AMER,CP0253,SWAP,TDR0145,BOOK_D,2025-06-07
TXN0005794366,APP013,2026-01-22,pending,133753.68,GBP,APAC,CP0483,FUTURE,TDR0170,BOOK_B,2026-02-17
TXN0004107601,APP012,2025-11-09,pending,715039.39,AUD,EMEA,CP0324,EQUITY,TDR0059,BOOK_D,2025-10-05
TXN0003722141,APP004,2025-10-16,pending,720351.48,GBP,EMEA,CP0216,OPTION,TDR0199,BOOK_B,2026-02-09
TXN0002478631,APP009,2026-01-04,pending,959584.38,JPY,LATAM,CP0439,SWAP,TDR0122,BOOK_B,2025-12-10
TXN0003927718,APP010,2025-04-29,settled,676703.8,JPY,APAC,CP0341,SWAP,TDR0137,BOOK_A,2025-09-26
TXN0003279633,APP002,2025-12-13,failed,89168.54,GBP,LATAM,CP0257,FUTURE,TDR0024,BOOK_B,2025-01-30
TXN0006794878,APP015,2025-06-05,pending,81523.03,GBP,APAC,CP0133,FX,TDR0095,BOOK_D,2025-02-21
TXN0007425540,APP016,2025-10-03,active,356497.55,GBP,APAC,CP0496,EQUITY,TDR0134,BOOK_D,2025-02-23
TXN0009208779,APP010,2025-04-02,pending,214235.13,EUR,LATAM,CP0002,EQUITY,TDR0109,BOOK_D,2025-02-20
TXN0004359788,APP016,2025-05-29,settled,927047.07,EUR,APAC,CP0032,EQUITY,TDR0100,BOOK_D,2025-12-07
TXN0000376082,APP017,2025-11-23,reversed,383511.14,EUR,AMER,CP0050,FX,TDR0131,BOOK_B,2025-06-13
TXN0000985892,APP019,2025-11-04,pending,38460.85,AUD,AMER,CP0405,EQUITY,TDR0156,BOOK_B,2026-02-15
TXN0007376895,APP003,2025-07-24,reversed,635099.44,CHF,LATAM,CP0176,FX,TDR0022,BOOK_C,2025-07-14
TXN0002379654,APP016,2025-06-04,reversed,810208.67,GBP,APAC,CP0308,FX,TDR0106,BOOK_C,2025-08-03
TXN0001772500,APP018,2025-04-20,pending,940747.56,EUR,AMER,CP0242,SWAP,TDR0084,BOOK_B,2025-10-19
TXN0006141229,APP003,2025-03-07,failed,88751.37,JPY,LATAM,CP0241,FUTURE,TDR0084,BOOK_C,2026-01-30
TXN0007570342,APP007,2025-06-25,active,571361.71,CHF,APAC,CP0041,EQUITY,TDR0124,BOOK_C,2025-03-14
TXN0005469092,APP009,2025-11-30,pending,250261.14,CHF,LATAM,CP0201,SWAP,TDR0034,BOOK_D,2025-07-11
TXN0007162103,APP005,2026-01-26,failed,981616.69,GBP,EMEA,CP0120,BOND,TDR0193,BOOK_A,2025-01-20
TXN0001878521,APP019,2026-02-21,pending,771629.15,AUD,AMER,CP0470,EQUITY,TDR0115,BOOK_C,2026-02-25
TXN0004242007,APP016,2025-06-25,settled,962506.09,CHF,LATAM,CP0369,OPTION,TDR0183,BOOK_D,2025-09-03
TXN0008786187,APP013,2025-12-26,reversed,640801.69,AUD,AMER,CP0458,BOND,TDR0043,BOOK_C,2026-03-12
TXN0008304879,APP003,2025-12-08,failed,484907.53,USD,APAC,CP0310,EQUITY,TDR0126,BOOK_C,2026-03-08
TXN0003934970,APP006,2025-04-21,pending,718671.95,AUD,EMEA,CP0112,OPTION,TDR0053,BOOK_B,2025-10-03
TXN0004185705,APP014,2026-02-03,active,182455.69,USD,LATAM,CP0124,FUTURE,TDR0086,BOOK_A,2025-06-29
TXN0007195501,APP014,2025-05-25,failed,293729.59,JPY,LATAM,CP0178,FX,TDR0135,BOOK_B,2025-06-09
TXN0006790415,APP007,2026-02-04,failed,721632.48,USD,APAC,CP0009,BOND,TDR0010,BOOK_A,2025-03-28
TXN0003492663,APP006,2025-05-04,settled,813764.0,GBP,LATAM,CP0266,BOND,TDR0027,BOOK_A,2025-03-07
TXN0001853236,APP005,2025-08-21,pending,212004.83,JPY,APAC,CP0139,FUTURE,TDR0067,BOOK_B,2025-10-23
TXN0009762467,APP010,2025-05-13,settled,708624.44,USD,LATAM,CP0220,FX,TDR0143,BOOK_C,2025-06-13
TXN0006921026,APP018,2025-04-30,reversed,33192.52,CHF,LATAM,CP0177,FX,TDR0051,BOOK_A,2025-11-25
TXN0009406408,APP011,2025-09-08,pending,893476.48,AUD,LATAM,CP0397,SWAP,TDR0042,BOOK_D,2026-02-27
TXN0002944519,APP009,2025-03-24,pending,118047.06,EUR,AMER,CP0453,FX,TDR0155,BOOK_A,2026-03-15
TXN0009498083,APP008,2025-06-11,pending,778311.1,AUD,LATAM,CP0213,OPTION,TDR0183,BOOK_C,2025-04-24
TXN0003860270,APP003,2025-09-20,pending,170680.19,JPY,AMER,CP0450,FUTURE,TDR0171,BOOK_C,2025-07-22
TXN0005824829,APP020,2025-06-27,reversed,335546.15,USD,LATAM,CP0460,BOND,TDR0016,BOOK_D,2025-03-08
TXN0001091056,APP003,2025-07-11,settled,233066.69,CHF,APAC,CP0345,EQUITY,TDR0106,BOOK_B,2025-06-01
TXN0006109879,APP008,2025-01-27,reversed,139190.36,CHF,APAC,CP0067,SWAP,TDR0082,BOOK_A,2025-06-13
TXN0009750358,APP020,2025-11-12,active,636495.7,USD,APAC,CP0343,FX,TDR0001,BOOK_D,2025-11-13
TXN0005644823,APP008,2025-08-14,failed,512884.17,AUD,EMEA,CP0259,SWAP,TDR0161,BOOK_D,2026-03-10
TXN0007817701,APP011,2025-06-09,failed,586927.84,AUD,EMEA,CP0036,OPTION,TDR0031,BOOK_C,2025-11-12
TXN0005974173,APP015,2025-08-10,settled,553155.52,GBP,EMEA,CP0385,EQUITY,TDR0133,BOOK_C,2026-02-25
TXN0001704120,APP016,2025-11-19,failed,790341.15,GBP,EMEA,CP0316,OPTION,TDR0052,BOOK_C,2025-01-17
TXN0001028560,APP005,2026-03-17,failed,448633.01,EUR,APAC,CP0314,FUTURE,TDR0162,BOOK_D,2025-01-06
TXN0001591185,APP001,2026-02-15,settled,318737.09,CHF,EMEA,CP0041,SWAP,TDR0031,BOOK_D,2025-11-01
TXN0005576855,APP018,2025-03-22,reversed,617812.97,AUD,LATAM,CP0500,FUTURE,TDR0086,BOOK_D,2025-11-08
TXN0000991120,APP006,2025-01-05,failed,636753.9,USD,LATAM,CP0313,FX,TDR0194,BOOK_A,2025-05-02
TXN0001291622,APP004,2025-06-03,active,905049.48,USD,APAC,CP0471,BOND,TDR0017,BOOK_D,2025-10-20
TXN0008270693,APP004,2025-07-14,failed,860238.46,AUD,EMEA,CP0268,FUTURE,TDR0054,BOOK_B,2025-12-04
TXN0009599906,APP002,2026-04-03,settled,647674.35,JPY,LATAM,CP0124,EQUITY,TDR0047,BOOK_C,2025-02-05
TXN0004144748,APP008,2025-03-15,pending,623839.33,CHF,APAC,CP0122,FUTURE,TDR0136,BOOK_A,2025-10-28
TXN0007381285,APP013,2025-03-17,active,366735.42,USD,AMER,CP0402,OPTION,TDR0164,BOOK_B,2025-08-13
TXN0007459631,APP009,2025-12-05,failed,295550.91,EUR,APAC,CP0234,FX,TDR0026,BOOK_D,2025-11-14
TXN0005000842,APP008,2025-03-02,settled,382953.83,JPY,EMEA,CP0424,FUTURE,TDR0199,BOOK_C,2025-09-03
TXN0004995634,APP020,2025-07-01,active,606309.98,USD,APAC,CP0399,EQUITY,TDR0200,BOOK_C,2026-04-11
TXN0000857504,APP013,2026-02-18,pending,38811.51,CHF,APAC,CP0087,SWAP,TDR0159,BOOK_D,2025-08-25
TXN0004306531,APP019,2025-09-03,failed,286459.82,JPY,AMER,CP0046,OPTION,TDR0167,BOOK_C,2025-07-30
TXN0001620939,APP005,2026-02-10,failed,523521.31,JPY,EMEA,CP0282,BOND,TDR0002,BOOK_C,2025-02-07
TXN0000871030,APP020,2025-09-02,active,83850.16,AUD,EMEA,CP0161,EQUITY,TDR0035,BOOK_D,2025-09-19
TXN0000213392,APP004,2026-01-28,failed,564951.1,USD,LATAM,CP0362,OPTION,TDR0113,BOOK_B,2025-05-27
TXN0008560549,APP020,2025-04-08,pending,481268.21,JPY,LATAM,CP0470,OPTION,TDR0122,BOOK_C,2026-04-08
TXN0001818148,APP004,2025-09-17,settled,825763.01,USD,LATAM,CP0403,FUTURE,TDR0183,BOOK_B,2025-12-30
TXN0005542360,APP006,2025-06-13,pending,546460.95,GBP,EMEA,CP0410,SWAP,TDR0114,BOOK_A,2025-11-14
TXN0006498750,APP012,2025-12-11,settled,122860.63,EUR,LATAM,CP0228,FX,TDR0010,BOOK_A,2026-03-11
TXN0004632434,APP012,2026-02-01,settled,136522.33,USD,APAC,CP0025,OPTION,TDR0024,BOOK_C,2025-11-05
TXN0001082690,APP011,2025-08-30,failed,643615.11,EUR,APAC,CP0406,FUTURE,TDR0001,BOOK_A,2025-01-12
TXN0002504135,APP013,2025-03-17,settled,663220.79,JPY,APAC,CP0447,BOND,TDR0120,BOOK_D,2025-12-16
TXN0000253967,APP018,2025-05-02,failed,599223.63,GBP,EMEA,CP0345,OPTION,TDR0170,BOOK_D,2025-01-17
TXN0001145738,APP009,2025-02-05,active,680386.57,AUD,EMEA,CP0084,SWAP,TDR0195,BOOK_D,2025-11-28
TXN0009412201,APP006,2025-04-22,pending,979430.78,USD,LATAM,CP0377,FUTURE,TDR0087,BOOK_D,2025-09-07
TXN0002450118,APP007,2025-02-12,settled,400713.93,USD,APAC,CP0329,FUTURE,TDR0151,BOOK_C,2025-07-20
TXN0001313583,APP006,2025-12-11,settled,259259.95,CHF,AMER,CP0431,SWAP,TDR0066,BOOK_D,2025-06-02
TXN0002598304,APP013,2025-02-09,reversed,159905.57,EUR,LATAM,CP0055,SWAP,TDR0106,BOOK_C,2025-08-26
TXN0004789166,APP003,2025-12-17,settled,714143.74,AUD,EMEA,CP0216,BOND,TDR0035,BOOK_C,2025-01-03
TXN0000535485,APP002,2025-07-27,failed,748571.61,JPY,APAC,CP0318,OPTION,TDR0079,BOOK_D,2025-10-02
TXN0004124052,APP015,2025-04-07,settled,734343.99,AUD,LATAM,CP0201,SWAP,TDR0044,BOOK_B,2025-08-24
TXN0001556894,APP006,2026-02-12,pending,427090.04,JPY,AMER,CP0470,FX,TDR0025,BOOK_D,2025-10-15
TXN0009770834,APP009,2025-02-17,pending,521361.22,AUD,LATAM,CP0397,SWAP,TDR0143,BOOK_B,2025-11-28
TXN0000899608,APP019,2026-03-09,active,873085.86,USD,APAC,CP0273,SWAP,TDR0167,BOOK_A,2026-02-07
TXN0008523809,APP015,2025-02-20,pending,583642.2,JPY,EMEA,CP0362,BOND,TDR0032,BOOK_B,2026-02-25
TXN0007716975,APP015,2025-10-29,pending,108287.04,GBP,AMER,CP0283,OPTION,TDR0110,BOOK_A,2025-08-05
TXN0006568622,APP009,2026-04-01,active,256194.62,JPY,EMEA,CP0126,SWAP,TDR0006,BOOK_D,2026-03-06
TXN0007653195,APP009,2025-03-01,pending,40986.57,AUD,EMEA,CP0335,OPTION,TDR0125,BOOK_B,2025-10-24
TXN0009591627,APP011,2025-10-13,active,737778.13,CHF,EMEA,CP0333,SWAP,TDR0178,BOOK_B,2025-11-12
TXN0000060994,APP001,2025-08-19,settled,753441.08,JPY,EMEA,CP0414,BOND,TDR0167,BOOK_D,2025-09-28
TXN0000164078,APP016,2026-01-08,reversed,969186.89,GBP,LATAM,CP0067,FUTURE,TDR0160,BOOK_B,2025-06-19
TXN0001409388,APP019,2025-09-27,pending,540893.37,GBP,LATAM,CP0489,EQUITY,TDR0115,BOOK_B,2025-02-14
TXN0004295743,APP020,2025-11-17,pending,190319.56,GBP,LATAM,CP0052,OPTION,TDR0112,BOOK_C,2025-07-15
TXN0004685867,APP011,2025-03-21,reversed,419589.4,GBP,EMEA,CP0169,EQUITY,TDR0156,BOOK_A,2025-01-01
TXN0009080799,APP006,2026-02-16,pending,972802.32,AUD,APAC,CP0468,FX,TDR0194,BOOK_D,2026-04-02
TXN0003440312,APP008,2025-05-21,reversed,695631.77,CHF,LATAM,CP0069,OPTION,TDR0082,BOOK_D,2025-12-02
TXN0001106082,APP013,2025-10-09,pending,158262.22,EUR,AMER,CP0122,OPTION,TDR0105,BOOK_D,2025-09-02
TXN0007652663,APP008,2025-11-21,pending,827711.76,CHF,LATAM,CP0074,EQUITY,TDR0163,BOOK_B,2025-10-31
TXN0004971755,APP009,2026-01-20,failed,204918.99,JPY,EMEA,CP0190,FUTURE,TDR0044,BOOK_C,2025-12-15
TXN0006180654,APP018,2026-02-11,pending,862320.61,JPY,AMER,CP0374,SWAP,TDR0199,BOOK_A,2025-03-21
TXN0003071654,APP013,2026-02-05,failed,124388.04,USD,APAC,CP0431,FUTURE,TDR0073,BOOK_B,2025-04-26
TXN0002757452,APP018,2026-04-14,active,108090.2,USD,EMEA,CP0110,FX,TDR0068,BOOK_C,2025-06-03
TXN0008749845,APP015,2025-09-08,reversed,312841.19,GBP,AMER,CP0078,SWAP,TDR0122,BOOK_A,2025-10-12
TXN0004013134,APP007,2025-05-04,pending,107102.88,CHF,LATAM,CP0287,BOND,TDR0045,BOOK_B,2025-01-12
TXN0003013680,APP001,2025-07-29,settled,558583.0,AUD,EMEA,CP0475,BOND,TDR0191,BOOK_B,2025-03-10
TXN0002625872,APP016,2025-09-08,pending,366850.09,JPY,APAC,CP0130,SWAP,TDR0058,BOOK_D,2025-09-27
TXN0005402472,APP019,2025-01-13,reversed,111190.6,AUD,EMEA,CP0153,FUTURE,TDR0197,BOOK_C,2025-05-21
TXN0005417183,APP001,2025-11-30,failed,848124.37,GBP,APAC,CP0236,EQUITY,TDR0084,BOOK_B,2025-07-01
TXN0008520224,APP020,2025-06-13,active,368379.05,EUR,APAC,CP0163,FUTURE,TDR0189,BOOK_B,2026-04-06
TXN0000812029,APP019,2025-11-30,reversed,195735.99,GBP,LATAM,CP0460,FUTURE,TDR0104,BOOK_D,2025-06-25
TXN0008833325,APP004,2025-11-27,active,617747.74,EUR,LATAM,CP0049,SWAP,TDR0034,BOOK_C,2025-06-08
TXN0001313066,APP008,2025-06-25,settled,181288.99,JPY,EMEA,CP0001,FX,TDR0179,BOOK_C,2025-12-08
TXN0002599113,APP020,2025-08-06,active,50800.37,GBP,EMEA,CP0440,FX,TDR0150,BOOK_C,2025-06-02
TXN0000279706,APP017,2026-03-17,failed,134424.86,GBP,EMEA,CP0280,EQUITY,TDR0151,BOOK_C,2025-05-14
TXN0006484122,APP010,2026-03-09,active,429330.68,USD,APAC,CP0015,FUTURE,TDR0099,BOOK_D,2025-08-12
TXN0000724339,APP011,2025-09-27,active,118858.08,GBP,APAC,CP0163,OPTION,TDR0176,BOOK_B,2026-02-27
TXN0002098253,APP006,2025-07-31,reversed,506899.19,USD,AMER,CP0059,EQUITY,TDR0165,BOOK_D,2025-06-16
TXN0001467301,APP017,2025-05-23,settled,264194.64,GBP,AMER,CP0322,EQUITY,TDR0174,BOOK_D,2025-08-23
TXN0008000563,APP007,2025-01-19,active,361866.64,EUR,LATAM,CP0424,FUTURE,TDR0106,BOOK_C,2025-01-11
TXN0005525222,APP012,2025-07-11,active,472647.06,AUD,LATAM,CP0456,EQUITY,TDR0097,BOOK_D,2026-01-23
TXN0004137817,APP003,2025-03-21,pending,680158.36,JPY,APAC,CP0105,EQUITY,TDR0154,BOOK_B,2026-01-13
TXN0002857328,APP007,2025-09-21,settled,985650.03,USD,LATAM,CP0039,FX,TDR0003,BOOK_B,2025-07-17
TXN0001667219,APP019,2025-01-14,failed,559179.84,AUD,APAC,CP0453,EQUITY,TDR0149,BOOK_D,2025-03-18
TXN0000349511,APP008,2026-04-06,reversed,120813.86,EUR,EMEA,CP0033,EQUITY,TDR0100,BOOK_D,2025-12-10
TXN0002960838,APP009,2025-01-17,settled,136066.09,EUR,LATAM,CP0495,BOND,TDR0092,BOOK_B,2025-05-30
TXN0008567113,APP017,2025-06-04,pending,466242.64,CHF,LATAM,CP0261,EQUITY,TDR0158,BOOK_A,2025-03-23
TXN0000049999,APP004,2025-09-06,failed,170023.26,USD,APAC,CP0355,FUTURE,TDR0100,BOOK_A,2025-05-15
TXN0001952155,APP018,2025-06-04,pending,627533.63,AUD,EMEA,CP0394,EQUITY,TDR0059,BOOK_C,2025-05-26
TXN0000924968,APP020,2026-02-09,pending,686927.67,JPY,APAC,CP0007,OPTION,TDR0091,BOOK_C,2025-02-28
TXN0002733986,APP017,2025-07-12,failed,673958.27,CHF,AMER,CP0438,OPTION,TDR0015,BOOK_A,2025-05-09
TXN0003065587,APP011,2025-06-16,active,438836.11,CHF,AMER,CP0085,SWAP,TDR0066,BOOK_B,2025-01-27
TXN0003591681,APP013,2025-02-27,reversed,655557.68,USD,APAC,CP0413,BOND,TDR0057,BOOK_B,2025-07-21
TXN0001717854,APP004,2026-01-30,failed,172670.0,CHF,APAC,CP0374,FUTURE,TDR0159,BOOK_A,2025-01-28
TXN0000679936,APP015,2026-03-09,reversed,554322.7,JPY,AMER,CP0197,OPTION,TDR0136,BOOK_D,2025-09-01
TXN0007199294,APP007,2025-10-26,settled,177442.15,EUR,AMER,CP0285,FUTURE,TDR0078,BOOK_B,2026-01-02
TXN0000654960,APP008,2025-05-08,pending,192002.79,AUD,LATAM,CP0116,FX,TDR0106,BOOK_A,2025-06-28
TXN0005480588,APP016,2025-12-30,pending,686324.54,GBP,EMEA,CP0178,BOND,TDR0160,BOOK_B,2025-07-28
TXN0007047474,APP017,2025-05-03,failed,445949.12,CHF,LATAM,CP0243,FX,TDR0002,BOOK_C,2025-02-25
TXN0003920791,APP006,2025-01-11,settled,636748.79,USD,APAC,CP0072,BOND,TDR0009,BOOK_A,2025-10-11
TXN0001708140,APP011,2025-06-12,pending,140656.44,CHF,EMEA,CP0449,SWAP,TDR0045,BOOK_D,2026-04-11
TXN0008480187,APP017,2025-09-04,reversed,47810.93,GBP,LATAM,CP0449,FX,TDR0019,BOOK_B,2025-12-07
TXN0004114545,APP003,2025-06-12,settled,484755.13,EUR,EMEA,CP0321,EQUITY,TDR0159,BOOK_C,2026-01-10
TXN0009064451,APP006,2025-08-29,settled,321629.2,USD,EMEA,CP0206,BOND,TDR0200,BOOK_A,2025-11-17
TXN0000114098,APP003,2025-05-30,reversed,994349.9,GBP,APAC,CP0207,BOND,TDR0084,BOOK_D,2025-07-28
TXN0003314560,APP003,2026-01-13,reversed,344202.76,USD,EMEA,CP0421,FUTURE,TDR0058,BOOK_D,2025-01-02
TXN0007086365,APP001,2025-03-27,pending,831485.17,USD,LATAM,CP0440,SWAP,TDR0012,BOOK_B,2025-03-04
TXN0000863142,APP014,2025-07-14,settled,89905.94,USD,APAC,CP0181,OPTION,TDR0072,BOOK_C,2025-09-07
TXN0009165931,APP006,2025-12-15,pending,419756.26,GBP,EMEA,CP0357,BOND,TDR0188,BOOK_B,2025-06-30
TXN0000811905,APP015,2026-01-18,pending,138672.57,JPY,APAC,CP0082,OPTION,TDR0133,BOOK_C,2026-02-03
TXN0004705443,APP005,2025-12-02,settled,115989.03,USD,LATAM,CP0289,SWAP,TDR0070,BOOK_C,2025-11-19
TXN0007347417,APP018,2025-04-23,pending,685735.25,CHF,EMEA,CP0067,FX,TDR0061,BOOK_C,2025-06-03
TXN0000841256,APP015,2025-05-03,settled,756721.99,EUR,LATAM,CP0449,FUTURE,TDR0059,BOOK_C,2026-03-10
TXN0006880738,APP018,2025-07-11,reversed,151665.32,USD,LATAM,CP0268,FX,TDR0135,BOOK_C,2026-02-14
TXN0000481847,APP011,2025-06-02,pending,402744.29,USD,EMEA,CP0481,BOND,TDR0093,BOOK_D,2025-10-25
TXN0001725305,APP009,2025-12-17,active,626393.88,USD,LATAM,CP0116,FX,TDR0070,BOOK_B,2025-10-25
TXN0000407243,APP017,2026-03-15,active,235297.18,USD,AMER,CP0385,EQUITY,TDR0003,BOOK_A,2026-01-13
TXN0004000781,APP007,2025-04-14,reversed,961435.14,AUD,LATAM,CP0017,EQUITY,TDR0194,BOOK_A,2025-10-02
TXN0009195361,APP010,2026-02-11,settled,72727.92,CHF,EMEA,CP0446,EQUITY,TDR0097,BOOK_A,2026-03-13
TXN0003950654,APP005,2026-04-13,settled,20623.78,JPY,EMEA,CP0018,BOND,TDR0107,BOOK_D,2025-12-06
TXN0005306438,APP005,2025-08-24,reversed,934513.0,CHF,APAC,CP0380,SWAP,TDR0036,BOOK_A,2025-05-24
TXN0003345918,APP009,2025-12-09,failed,986178.33,AUD,LATAM,CP0195,SWAP,TDR0129,BOOK_C,2025-02-17
TXN0005956770,APP008,2025-03-01,settled,26725.56,USD,LATAM,CP0295,EQUITY,TDR0101,BOOK_B,2025-03-19
TXN0000313540,APP016,2025-05-04,active,103138.05,JPY,AMER,CP0426,OPTION,TDR0177,BOOK_C,2025-03-03
TXN0005085118,APP010,2025-03-18,active,80922.94,GBP,EMEA,CP0126,SWAP,TDR0187,BOOK_C,2026-01-26
TXN0007271283,APP013,2025-01-12,active,88870.06,AUD,AMER,CP0038,FX,TDR0025,BOOK_B,2025-02-18
TXN0006042413,APP006,2025-06-24,pending,840741.94,JPY,APAC,CP0261,BOND,TDR0183,BOOK_D,2025-02-13
TXN0006833340,APP007,2025-12-28,failed,581523.57,JPY,APAC,CP0298,SWAP,TDR0136,BOOK_C,2025-12-27
TXN0006700622,APP001,2025-11-22,failed,730490.09,EUR,AMER,CP0017,FUTURE,TDR0147,BOOK_A,2026-03-02
TXN0006563419,APP002,2025-03-23,active,406095.87,GBP,EMEA,CP0233,FX,TDR0123,BOOK_D,2025-09-27
TXN0004421953,APP011,2026-01-01,reversed,777429.85,CHF,LATAM,CP0373,FUTURE,TDR0126,BOOK_A,2026-02-23
TXN0008206187,APP013,2025-01-08,settled,242450.54,GBP,AMER,CP0357,FX,TDR0122,BOOK_B,2025-08-24
TXN0009194001,APP005,2026-01-01,active,902970.91,AUD,APAC,CP0252,OPTION,TDR0034,BOOK_A,2025-03-05
TXN0007829474,APP010,2026-02-23,active,663399.06,CHF,EMEA,CP0301,FUTURE,TDR0130,BOOK_A,2025-07-27
TXN0007564877,APP005,2025-05-11,reversed,29675.95,AUD,LATAM,CP0244,OPTION,TDR0132,BOOK_B,2026-03-19
TXN0009675505,APP010,2025-07-10,settled,407003.66,AUD,AMER,CP0495,FUTURE,TDR0108,BOOK_D,2025-05-22
TXN0005310404,APP001,2025-04-29,active,462485.81,EUR,AMER,CP0017,SWAP,TDR0169,BOOK_A,2025-10-06
TXN0006092932,APP010,2025-09-15,pending,557784.18,AUD,AMER,CP0469,SWAP,TDR0171,BOOK_B,2025-08-02
TXN0003103701,APP018,2025-01-16,reversed,341806.51,JPY,AMER,CP0266,OPTION,TDR0156,BOOK_C,2026-02-20
TXN0008020858,APP014,2025-01-29,active,812770.33,GBP,EMEA,CP0396,OPTION,TDR0092,BOOK_D,2025-08-22
TXN0003521307,APP004,2025-03-07,pending,728043.95,AUD,EMEA,CP0209,FUTURE,TDR0052,BOOK_A,2025-04-17
TXN0009708171,APP003,2025-08-06,active,373585.33,JPY,AMER,CP0078,BOND,TDR0071,BOOK_A,2025-12-13
TXN0006137093,APP015,2025-06-02,settled,671682.63,GBP,APAC,CP0222,FUTURE,TDR0118,BOOK_B,2025-10-27
TXN0009887430,APP015,2025-08-12,settled,20964.28,USD,LATAM,CP0371,SWAP,TDR0069,BOOK_C,2025-09-14
TXN0008977325,APP007,2025-04-08,active,459139.48,EUR,APAC,CP0064,FUTURE,TDR0056,BOOK_C,2025-12-14
TXN0003421566,APP002,2025-02-21,active,799762.72,JPY,APAC,CP0362,BOND,TDR0048,BOOK_C,2025-02-11
TXN0007705971,APP016,2025-10-17,pending,543226.58,CHF,LATAM,CP0465,BOND,TDR0062,BOOK_D,2025-07-27
TXN0007720202,APP012,2026-04-02,pending,132006.07,EUR,EMEA,CP0252,FUTURE,TDR0037,BOOK_A,2025-07-17
TXN0004501962,APP016,2026-01-17,active,271192.2,EUR,AMER,CP0483,SWAP,TDR0173,BOOK_D,2026-01-26
TXN0006751459,APP005,2025-04-03,active,223950.04,JPY,AMER,CP0415,FX,TDR0082,BOOK_B,2025-02-13
TXN0003357266,APP001,2026-04-08,pending,236453.07,JPY,AMER,CP0412,SWAP,TDR0115,BOOK_B,2025-10-12
TXN0004897933,APP002,2025-01-10,reversed,957996.24,GBP,APAC,CP0384,EQUITY,TDR0127,BOOK_D,2026-01-18
TXN0003026637,APP014,2025-04-09,pending,216260.08,GBP,AMER,CP0004,FX,TDR0018,BOOK_C,2025-01-21
TXN0002669186,APP014,2026-01-03,failed,997615.03,CHF,APAC,CP0278,EQUITY,TDR0193,BOOK_D,2026-02-27
TXN0006151230,APP016,2025-03-28,settled,224092.43,GBP,APAC,CP0125,BOND,TDR0089,BOOK_C,2026-01-16
TXN0006262686,APP005,2025-04-07,failed,211371.75,GBP,AMER,CP0027,SWAP,TDR0032,BOOK_D,2025-11-05
TXN0005683835,APP002,2025-02-05,settled,944093.0,EUR,EMEA,CP0142,EQUITY,TDR0171,BOOK_D,2025-11-07
TXN0007134086,APP007,2026-01-01,active,804675.99,EUR,EMEA,CP0041,EQUITY,TDR0075,BOOK_B,2025-12-11
TXN0007373353,APP003,2026-04-13,active,456159.6,GBP,AMER,CP0475,FX,TDR0039,BOOK_C,2026-03-15
TXN0004645507,APP008,2026-01-17,active,853335.57,EUR,EMEA,CP0145,BOND,TDR0064,BOOK_A,2025-05-19
TXN0006219768,APP018,2025-06-13,active,652802.56,EUR,LATAM,CP0215,SWAP,TDR0142,BOOK_C,2026-01-04
TXN0005791056,APP018,2026-01-03,active,541945.02,USD,AMER,CP0225,SWAP,TDR0114,BOOK_B,2025-02-13
TXN0004160640,APP004,2025-09-13,active,722620.15,GBP,EMEA,CP0266,SWAP,TDR0157,BOOK_C,2025-10-16
TXN0008334856,APP015,2026-01-22,failed,128713.58,GBP,EMEA,CP0492,OPTION,TDR0034,BOOK_D,2025-12-04
TXN0006459250,APP004,2025-04-25,active,423606.34,AUD,AMER,CP0095,SWAP,TDR0084,BOOK_A,2025-02-08
TXN0009062667,APP004,2025-05-20,pending,886570.14,AUD,APAC,CP0180,OPTION,TDR0108,BOOK_C,2025-03-18
TXN0002186005,APP018,2025-09-23,active,519112.57,GBP,EMEA,CP0472,EQUITY,TDR0142,BOOK_C,2025-05-25
TXN0008300856,APP015,2025-11-13,settled,800054.55,AUD,EMEA,CP0500,BOND,TDR0076,BOOK_D,2025-10-10
TXN0006148730,APP009,2025-05-04,failed,77868.63,GBP,EMEA,CP0207,BOND,TDR0029,BOOK_C,2025-07-28
TXN0009428138,APP011,2025-12-06,pending,247078.83,AUD,APAC,CP0351,OPTION,TDR0127,BOOK_B,2025-11-12
TXN0008641717,APP018,2025-10-06,pending,840185.64,USD,AMER,CP0244,SWAP,TDR0150,BOOK_C,2025-12-05
TXN0003773405,APP016,2026-02-24,failed,372380.58,AUD,EMEA,CP0449,FX,TDR0105,BOOK_D,2025-05-24
TXN0007888391,APP010,2025-08-17,reversed,66954.2,AUD,EMEA,CP0313,EQUITY,TDR0112,BOOK_D,2025-03-27
TXN0007330889,APP002,2025-07-07,pending,938399.18,USD,EMEA,CP0339,SWAP,TDR0001,BOOK_C,2025-11-22
TXN0001565830,APP017,2025-09-28,reversed,543633.78,JPY,AMER,CP0214,FX,TDR0016,BOOK_C,2025-10-24
TXN0000459442,APP020,2026-03-13,pending,964798.88,CHF,LATAM,CP0064,OPTION,TDR0061,BOOK_C,2026-01-05
TXN0005338437,APP018,2025-12-24,pending,851548.55,AUD,LATAM,CP0237,FUTURE,TDR0198,BOOK_D,2025-02-03
TXN0006930294,APP017,2025-10-24,active,50152.76,CHF,AMER,CP0190,BOND,TDR0184,BOOK_C,2025-06-18
TXN0003008153,APP017,2025-05-31,reversed,558674.86,CHF,AMER,CP0305,FUTURE,TDR0057,BOOK_C,2025-09-15
TXN0008211820,APP020,2025-01-22,pending,684628.89,JPY,AMER,CP0076,OPTION,TDR0137,BOOK_D,2025-09-30
TXN0007780806,APP001,2025-11-19,active,428082.35,CHF,EMEA,CP0002,FX,TDR0189,BOOK_D,2025-01-06
TXN0004337127,APP015,2025-09-22,settled,460169.5,AUD,LATAM,CP0307,SWAP,TDR0098,BOOK_D,2026-03-25
TXN0008545696,APP005,2025-04-12,reversed,484358.71,USD,AMER,CP0047,OPTION,TDR0009,BOOK_B,2025-09-04
TXN0006629967,APP001,2025-07-12,reversed,2535.75,EUR,EMEA,CP0483,SWAP,TDR0019,BOOK_D,2025-06-05
TXN0001538284,APP013,2026-02-11,reversed,693549.35,JPY,AMER,CP0251,EQUITY,TDR0085,BOOK_A,2025-03-31
TXN0009950652,APP010,2025-11-24,pending,107732.71,JPY,EMEA,CP0099,FX,TDR0002,BOOK_D,2025-11-26
TXN0004544066,APP009,2026-03-10,pending,245001.87,USD,APAC,CP0116,FX,TDR0194,BOOK_B,2025-04-17
TXN0003413472,APP012,2025-04-25,settled,290970.08,GBP,AMER,CP0320,FX,TDR0103,BOOK_D,2026-02-23
TXN0000752007,APP014,2025-12-20,reversed,362244.35,USD,AMER,CP0100,BOND,TDR0061,BOOK_B,2025-05-24
TXN0004196783,APP003,2025-03-20,active,664655.8,GBP,APAC,CP0005,BOND,TDR0102,BOOK_C,2026-01-08
TXN0006102243,APP020,2025-02-13,active,171459.73,CHF,APAC,CP0366,BOND,TDR0042,BOOK_C,2025-09-29
TXN0002672870,APP002,2026-03-25,active,898065.2,GBP,AMER,CP0083,FUTURE,TDR0091,BOOK_B,2026-03-05
TXN0000132429,APP015,2025-11-18,active,415304.37,USD,APAC,CP0106,BOND,TDR0045,BOOK_D,2026-02-12
TXN0002048331,APP010,2025-09-08,pending,197672.04,AUD,AMER,CP0348,SWAP,TDR0129,BOOK_C,2026-03-26
TXN0004962004,APP004,2026-01-31,active,647051.66,JPY,EMEA,CP0071,OPTION,TDR0092,BOOK_C,2025-05-27
TXN0001535017,APP015,2025-06-19,reversed,347388.9,CHF,APAC,CP0225,SWAP,TDR0179,BOOK_B,2026-03-07
TXN0007121287,APP017,2026-03-04,pending,60888.28,USD,LATAM,CP0423,EQUITY,TDR0129,BOOK_A,2025-10-09
TXN0007413699,APP015,2025-12-30,active,414064.33,USD,LATAM,CP0307,FUTURE,TDR0153,BOOK_D,2025-12-09
TXN0005542024,APP016,2025-06-11,pending,429565.85,JPY,LATAM,CP0276,SWAP,TDR0074,BOOK_D,2025-02-22
TXN0003110312,APP018,2026-03-08,reversed,62315.68,AUD,LATAM,CP0058,BOND,TDR0197,BOOK_A,2025-01-01
TXN0007819716,APP012,2026-01-16,settled,668028.25,JPY,APAC,CP0113,EQUITY,TDR0042,BOOK_B,2025-07-23
TXN0006597810,APP004,2025-03-03,failed,665004.13,EUR,EMEA,CP0323,EQUITY,TDR0023,BOOK_A,2025-04-10
TXN0003993634,APP016,2025-04-13,failed,733824.36,JPY,LATAM,CP0028,BOND,TDR0189,BOOK_C,2025-04-22
TXN0003115290,APP013,2025-10-31,reversed,221246.92,CHF,AMER,CP0028,FX,TDR0191,BOOK_B,2025-10-26
TXN0009353189,APP005,2025-08-05,failed,957770.71,AUD,APAC,CP0098,FUTURE,TDR0137,BOOK_B,2025-03-07
TXN0006775824,APP011,2025-04-17,pending,725785.45,AUD,EMEA,CP0290,SWAP,TDR0055,BOOK_B,2025-02-22
TXN0002110463,APP009,2025-03-14,active,742503.64,CHF,EMEA,CP0442,FUTURE,TDR0113,BOOK_D,2026-04-11
TXN0003071232,APP009,2025-06-04,pending,41391.35,GBP,EMEA,CP0097,FUTURE,TDR0145,BOOK_C,2025-12-14
TXN0001094149,APP019,2025-07-04,failed,194270.09,CHF,LATAM,CP0387,OPTION,TDR0169,BOOK_C,2025-01-30
TXN0001892473,APP019,2025-03-10,active,94159.57,EUR,AMER,CP0450,BOND,TDR0036,BOOK_D,2025-10-06
TXN0003139856,APP001,2025-09-25,settled,940559.39,USD,APAC,CP0036,SWAP,TDR0150,BOOK_D,2025-03-11
TXN0004722779,APP018,2025-04-19,settled,208493.31,AUD,APAC,CP0026,FX,TDR0072,BOOK_C,2026-02-06
TXN0002245673,APP006,2025-04-16,reversed,285352.62,JPY,AMER,CP0382,FUTURE,TDR0139,BOOK_B,2025-07-26
TXN0003243297,APP016,2025-01-06,pending,654133.3,USD,AMER,CP0147,FX,TDR0059,BOOK_C,2025-08-13
TXN0006505072,APP014,2025-01-28,settled,658449.25,GBP,LATAM,CP0250,SWAP,TDR0042,BOOK_B,2026-04-08
TXN0003498714,APP008,2025-09-04,reversed,257917.97,AUD,APAC,CP0314,EQUITY,TDR0110,BOOK_B,2026-04-01
TXN0002665481,APP016,2025-01-04,failed,49960.19,JPY,EMEA,CP0023,OPTION,TDR0028,BOOK_C,2025-09-02
TXN0008854437,APP004,2026-02-09,reversed,235551.89,JPY,LATAM,CP0287,EQUITY,TDR0018,BOOK_A,2025-12-11
TXN0002359886,APP003,2025-02-17,pending,331764.77,USD,APAC,CP0395,FUTURE,TDR0005,BOOK_C,2025-09-01
TXN0001869049,APP012,2025-02-02,reversed,816966.78,CHF,APAC,CP0268,FX,TDR0087,BOOK_B,2025-07-23
TXN0005443574,APP003,2026-01-22,reversed,169976.18,JPY,EMEA,CP0275,EQUITY,TDR0122,BOOK_A,2025-05-14
TXN0001025096,APP006,2025-06-10,reversed,87572.73,GBP,EMEA,CP0387,OPTION,TDR0150,BOOK_D,2025-04-10
TXN0000430728,APP004,2026-03-21,active,275701.14,GBP,LATAM,CP0285,FUTURE,TDR0100,BOOK_D,2026-04-12
TXN0009064100,APP014,2025-01-20,reversed,862420.03,EUR,LATAM,CP0140,BOND,TDR0035,BOOK_D,2025-06-17
TXN0008931031,APP007,2025-06-18,reversed,539050.94,GBP,LATAM,CP0094,OPTION,TDR0025,BOOK_D,2025-09-30
TXN0008304931,APP001,2025-06-06,reversed,529704.59,USD,EMEA,CP0003,EQUITY,TDR0179,BOOK_C,2025-08-21
TXN0001580984,APP011,2025-04-09,reversed,851378.18,EUR,AMER,CP0008,OPTION,TDR0105,BOOK_B,2026-02-14
TXN0007527874,APP018,2026-02-03,reversed,716555.38,GBP,AMER,CP0404,FUTURE,TDR0036,BOOK_C,2025-08-19
TXN0009699773,APP013,2025-09-15,active,573480.99,CHF,EMEA,CP0260,OPTION,TDR0124,BOOK_D,2025-08-11
TXN0008635189,APP008,2025-03-11,settled,836640.64,EUR,APAC,CP0266,EQUITY,TDR0199,BOOK_C,2025-08-05
TXN0007055097,APP005,2025-08-29,pending,940902.93,CHF,APAC,CP0199,SWAP,TDR0090,BOOK_D,2025-04-08
TXN0000384034,APP006,2026-01-17,active,806767.79,CHF,AMER,CP0037,FUTURE,TDR0109,BOOK_A,2026-02-15
TXN0001526008,APP020,2025-08-04,pending,338782.42,EUR,APAC,CP0043,FUTURE,TDR0185,BOOK_D,2025-10-14
TXN0004740755,APP009,2026-01-13,active,243113.17,AUD,EMEA,CP0129,FUTURE,TDR0197,BOOK_D,2025-08-22
TXN0009357695,APP003,2026-04-10,pending,375775.98,GBP,EMEA,CP0425,EQUITY,TDR0044,BOOK_C,2026-02-09
TXN0002800211,APP005,2025-12-09,settled,358462.41,CHF,EMEA,CP0481,SWAP,TDR0186,BOOK_B,2025-12-24
TXN0004106204,APP019,2025-12-10,reversed,282170.18,JPY,EMEA,CP0417,EQUITY,TDR0047,BOOK_B,2025-01-23
TXN0001506015,APP010,2026-02-06,active,927749.63,USD,LATAM,CP0260,BOND,TDR0035,BOOK_B,2026-01-23
TXN0002471708,APP012,2025-10-12,active,583279.9,USD,LATAM,CP0140,EQUITY,TDR0085,BOOK_D,2025-11-28
TXN0008618627,APP003,2025-07-29,reversed,859522.01,CHF,EMEA,CP0474,OPTION,TDR0196,BOOK_C,2025-04-02
TXN0005903446,APP003,2025-02-06,active,126186.98,USD,APAC,CP0256,BOND,TDR0080,BOOK_A,2025-12-04
TXN0000679989,APP010,2025-12-16,reversed,570722.78,JPY,EMEA,CP0143,FX,TDR0140,BOOK_C,2025-05-18
TXN0009494113,APP007,2025-07-26,active,995831.25,JPY,LATAM,CP0051,BOND,TDR0031,BOOK_D,2025-03-28
TXN0000467885,APP012,2025-03-27,failed,587849.02,AUD,AMER,CP0082,SWAP,TDR0040,BOOK_C,2026-03-08
TXN0005779922,APP005,2025-04-22,active,234002.67,CHF,LATAM,CP0457,FUTURE,TDR0169,BOOK_D,2025-07-08
TXN0008170457,APP020,2025-09-30,failed,672021.41,CHF,LATAM,CP0125,OPTION,TDR0193,BOOK_B,2025-10-15
TXN0007815282,APP014,2025-10-21,active,32183.46,EUR,EMEA,CP0205,FX,TDR0184,BOOK_A,2025-08-13
TXN0009403955,APP018,2025-10-12,reversed,178022.97,USD,AMER,CP0436,EQUITY,TDR0090,BOOK_C,2025-12-13
TXN0000113514,APP019,2025-08-18,failed,617048.7,USD,EMEA,CP0494,BOND,TDR0027,BOOK_A,2025-09-09
TXN0004960536,APP016,2025-06-14,settled,137701.19,JPY,APAC,CP0320,EQUITY,TDR0021,BOOK_D,2025-09-15
TXN0004679602,APP017,2025-12-17,failed,11977.87,EUR,APAC,CP0230,EQUITY,TDR0175,BOOK_B,2025-12-23
TXN0004510416,APP018,2025-09-19,settled,855345.33,USD,EMEA,CP0209,EQUITY,TDR0168,BOOK_A,2025-10-21
TXN0003028323,APP009,2025-03-15,pending,224323.48,USD,EMEA,CP0020,FX,TDR0068,BOOK_D,2025-09-02
TXN0008165422,APP018,2025-01-11,settled,222328.62,CHF,APAC,CP0377,FX,TDR0085,BOOK_C,2025-05-02
TXN0009974210,APP009,2025-08-15,pending,279740.08,JPY,AMER,CP0207,FUTURE,TDR0037,BOOK_B,2026-04-10
TXN0001147544,APP015,2025-05-22,active,434215.12,CHF,LATAM,CP0298,FUTURE,TDR0169,BOOK_B,2026-01-19
TXN0007411140,APP004,2025-08-13,active,162838.72,EUR,LATAM,CP0209,EQUITY,TDR0105,BOOK_B,2025-03-03
TXN0006796659,APP020,2025-05-15,active,503841.66,GBP,LATAM,CP0053,BOND,TDR0089,BOOK_C,2025-04-28
TXN0006711394,APP013,2025-12-17,failed,408013.44,CHF,AMER,CP0276,EQUITY,TDR0010,BOOK_D,2025-11-01
TXN0002845746,APP014,2026-01-25,failed,178591.79,JPY,LATAM,CP0323,EQUITY,TDR0006,BOOK_C,2026-02-04
TXN0009127115,APP016,2026-02-02,failed,807107.38,GBP,EMEA,CP0300,BOND,TDR0102,BOOK_A,2025-11-28
TXN0005476914,APP017,2025-06-05,reversed,578464.25,AUD,EMEA,CP0405,FX,TDR0190,BOOK_D,2025-04-01
TXN0006442194,APP013,2025-09-12,pending,413810.24,GBP,APAC,CP0397,FUTURE,TDR0002,BOOK_A,2025-10-25
TXN0001294480,APP012,2025-12-07,active,230031.32,JPY,AMER,CP0130,OPTION,TDR0149,BOOK_B,2025-02-26
TXN0003196498,APP017,2025-05-05,settled,865617.54,USD,LATAM,CP0031,OPTION,TDR0057,BOOK_C,2025-11-24
TXN0005034566,APP010,2025-09-18,failed,749416.1,CHF,EMEA,CP0480,EQUITY,TDR0173,BOOK_C,2026-03-01
TXN0005580556,APP020,2025-08-12,failed,462998.66,EUR,EMEA,CP0015,EQUITY,TDR0051,BOOK_A,2026-04-06
TXN0008111331,APP014,2025-01-25,pending,886163.56,CHF,EMEA,CP0458,FX,TDR0047,BOOK_D,2025-09-14
TXN0007723557,APP002,2025-12-06,settled,867937.14,USD,APAC,CP0066,SWAP,TDR0106,BOOK_A,2025-02-01
TXN0009598548,APP019,2026-03-13,reversed,187451.58,AUD,APAC,CP0093,FX,TDR0129,BOOK_C,2025-10-03
TXN0004143451,APP014,2025-04-09,pending,94232.43,EUR,LATAM,CP0019,FUTURE,TDR0096,BOOK_A,2025-07-16
TXN0005647354,APP005,2025-03-25,reversed,17728.81,CHF,EMEA,CP0258,BOND,TDR0113,BOOK_B,2025-08-27
TXN0005815535,APP003,2025-11-11,pending,497247.22,AUD,LATAM,CP0339,OPTION,TDR0096,BOOK_B,2026-01-07
TXN0000340543,APP019,2026-04-04,active,289320.01,USD,APAC,CP0338,SWAP,TDR0035,BOOK_A,2026-03-07
TXN0007464830,APP018,2025-09-27,settled,595781.73,GBP,APAC,CP0330,SWAP,TDR0058,BOOK_C,2026-02-19
TXN0007788886,APP002,2025-10-27,reversed,681493.74,USD,AMER,CP0229,FUTURE,TDR0188,BOOK_B,2026-02-02
TXN0006077470,APP015,2025-01-31,failed,119721.87,CHF,AMER,CP0259,FUTURE,TDR0031,BOOK_B,2025-08-25
TXN0004551540,APP009,2025-02-08,settled,19696.72,EUR,LATAM,CP0004,SWAP,TDR0009,BOOK_C,2025-08-11
TXN0001436989,APP020,2025-02-28,settled,831513.81,AUD,APAC,CP0120,EQUITY,TDR0093,BOOK_B,2025-01-20
TXN0002031348,APP015,2026-03-01,pending,503467.04,CHF,AMER,CP0023,SWAP,TDR0035,BOOK_D,2025-05-01
TXN0001472702,APP020,2026-02-11,active,181440.1,CHF,LATAM,CP0253,OPTION,TDR0102,BOOK_A,2026-02-08
TXN0009113455,APP010,2025-03-27,failed,162545.49,EUR,EMEA,CP0112,OPTION,TDR0083,BOOK_C,2025-08-03
TXN0001349087,APP012,2025-04-02,active,623023.71,CHF,APAC,CP0469,FX,TDR0061,BOOK_A,2025-07-31
TXN0001311364,APP018,2025-03-28,active,273977.06,GBP,APAC,CP0404,FX,TDR0165,BOOK_B,2026-01-03
TXN0000779568,APP020,2026-01-12,reversed,344995.01,JPY,EMEA,CP0345,SWAP,TDR0086,BOOK_A,2026-04-02
TXN0000218680,APP006,2026-02-26,failed,784814.67,GBP,AMER,CP0469,EQUITY,TDR0186,BOOK_D,2025-12-31
TXN0007795843,APP001,2025-04-26,reversed,420337.8,AUD,EMEA,CP0444,EQUITY,TDR0030,BOOK_A,2026-01-30
TXN0004742689,APP015,2025-11-14,pending,557052.87,USD,EMEA,CP0380,EQUITY,TDR0107,BOOK_D,2025-05-03
TXN0004050429,APP017,2026-02-07,settled,913347.71,USD,EMEA,CP0233,OPTION,TDR0046,BOOK_D,2025-03-10
TXN0003694201,APP002,2025-06-26,pending,642345.17,GBP,LATAM,CP0024,EQUITY,TDR0070,BOOK_A,2025-08-28
TXN0000861772,APP014,2025-05-20,settled,313347.06,CHF,EMEA,CP0448,FUTURE,TDR0194,BOOK_D,2025-10-23
TXN0002223503,APP012,2025-12-11,settled,170562.0,GBP,AMER,CP0009,SWAP,TDR0006,BOOK_A,2025-01-23
TXN0005091712,APP016,2025-04-06,failed,787334.89,CHF,EMEA,CP0372,SWAP,TDR0115,BOOK_A,2025-06-18
TXN0008849837,APP001,2025-06-30,pending,915595.75,AUD,EMEA,CP0258,FX,TDR0023,BOOK_A,2025-08-14
TXN0007460761,APP010,2026-02-12,settled,503145.06,EUR,EMEA,CP0123,FUTURE,TDR0071,BOOK_C,2025-01-04
TXN0009195071,APP016,2026-02-20,active,389915.92,EUR,LATAM,CP0177,FX,TDR0014,BOOK_A,2025-12-04
TXN0005288085,APP012,2025-08-15,active,984750.32,GBP,LATAM,CP0126,BOND,TDR0093,BOOK_C,2025-05-17
TXN0005030036,APP019,2025-09-23,pending,855886.46,CHF,EMEA,CP0254,SWAP,TDR0161,BOOK_D,2025-07-22
TXN0008160991,APP013,2025-12-03,failed,211639.64,CHF,AMER,CP0068,EQUITY,TDR0161,BOOK_D,2025-08-07
TXN0003385683,APP002,2025-10-04,pending,233491.72,GBP,APAC,CP0265,SWAP,TDR0192,BOOK_B,2025-11-08
TXN0007598174,APP017,2025-04-14,reversed,16896.85,CHF,APAC,CP0093,BOND,TDR0014,BOOK_B,2026-04-08
TXN0005277552,APP005,2026-03-14,pending,58580.34,AUD,LATAM,CP0362,FX,TDR0008,BOOK_B,2025-09-27
TXN0008661254,APP012,2025-11-16,active,886797.47,USD,LATAM,CP0023,EQUITY,TDR0090,BOOK_C,2025-07-17
TXN0007888998,APP004,2026-03-26,settled,581286.94,JPY,APAC,CP0137,EQUITY,TDR0084,BOOK_C,2025-03-03
TXN0006967175,APP008,2025-01-18,active,543771.07,EUR,EMEA,CP0328,BOND,TDR0063,BOOK_D,2025-07-04
TXN0007665602,APP020,2025-06-07,pending,364451.66,JPY,LATAM,CP0398,EQUITY,TDR0151,BOOK_D,2025-03-23
TXN0003948556,APP017,2025-10-21,active,171115.45,AUD,LATAM,CP0077,SWAP,TDR0037,BOOK_D,2025-09-06
TXN0007312439,APP008,2025-03-28,pending,450584.94,GBP,EMEA,CP0035,SWAP,TDR0065,BOOK_B,2025-01-28
TXN0006631034,APP006,2026-01-19,pending,890381.31,EUR,LATAM,CP0163,FX,TDR0114,BOOK_D,2025-07-22
TXN0006384542,APP018,2025-08-16,active,831075.66,AUD,APAC,CP0404,EQUITY,TDR0119,BOOK_C,2026-04-12
TXN0007305193,APP004,2025-06-18,reversed,614709.4,JPY,APAC,CP0431,FX,TDR0065,BOOK_D,2025-05-24
TXN0002990531,APP005,2025-09-04,pending,703536.7,USD,AMER,CP0211,BOND,TDR0158,BOOK_D,2025-07-18
TXN0005022582,APP013,2025-04-23,pending,984471.54,AUD,AMER,CP0374,EQUITY,TDR0164,BOOK_D,2026-03-24
TXN0003369201,APP020,2025-09-04,active,634786.64,GBP,APAC,CP0271,FX,TDR0068,BOOK_B,2025-01-21
TXN0002061532,APP003,2026-03-23,active,441503.82,USD,LATAM,CP0204,OPTION,TDR0122,BOOK_A,2025-02-25
TXN0005134452,APP008,2026-01-26,reversed,754674.98,USD,AMER,CP0107,BOND,TDR0039,BOOK_B,2025-06-02
TXN0007181685,APP001,2025-01-08,failed,348805.29,EUR,AMER,CP0230,FX,TDR0032,BOOK_B,2025-03-06
TXN0000016321,APP002,2025-03-13,settled,26403.65,GBP,EMEA,CP0488,BOND,TDR0156,BOOK_A,2025-12-12
TXN0006053160,APP008,2025-10-21,pending,370167.88,AUD,APAC,CP0303,FX,TDR0011,BOOK_A,2026-02-03
TXN0004936100,APP003,2025-09-04,pending,392525.45,JPY,EMEA,CP0012,FX,TDR0138,BOOK_C,2025-06-17
TXN0009689294,APP010,2025-12-21,reversed,970843.52,USD,APAC,CP0473,FX,TDR0123,BOOK_D,2025-06-25
TXN0003566832,APP016,2025-01-14,failed,426705.59,CHF,LATAM,CP0482,FX,TDR0049,BOOK_C,2025-02-03
TXN0000231245,APP009,2026-02-10,active,944599.22,AUD,LATAM,CP0157,SWAP,TDR0142,BOOK_A,2025-03-28
TXN0008733150,APP011,2026-01-29,failed,543154.0,EUR,AMER,CP0063,BOND,TDR0041,BOOK_B,2025-07-23
TXN0003341286,APP020,2025-06-21,active,643471.68,USD,APAC,CP0380,OPTION,TDR0136,BOOK_D,2025-05-08
TXN0001458994,APP012,2025-06-09,active,982560.93,CHF,LATAM,CP0334,FX,TDR0163,BOOK_C,2025-09-25
TXN0001117718,APP015,2025-09-01,settled,685480.91,GBP,EMEA,CP0251,FUTURE,TDR0057,BOOK_C,2025-02-07
TXN0001052811,APP011,2025-01-03,active,21552.97,AUD,APAC,CP0187,BOND,TDR0145,BOOK_A,2026-02-25
TXN0009156148,APP003,2025-06-07,active,884942.49,CHF,APAC,CP0371,SWAP,TDR0199,BOOK_C,2026-02-13
TXN0005954575,APP015,2025-11-16,pending,667174.42,CHF,APAC,CP0215,BOND,TDR0192,BOOK_A,2025-03-16
TXN0006144448,APP001,2026-03-25,failed,501735.7,CHF,APAC,CP0243,FUTURE,TDR0092,BOOK_C,2026-02-27
TXN0003216223,APP017,2025-06-06,failed,479813.57,EUR,APAC,CP0292,BOND,TDR0131,BOOK_B,2025-12-08
TXN0004706397,APP005,2025-07-11,pending,613673.44,JPY,AMER,CP0363,OPTION,TDR0187,BOOK_C,2025-08-25
TXN0006573118,APP002,2026-04-03,failed,844353.33,JPY,LATAM,CP0479,BOND,TDR0011,BOOK_A,2025-03-24
TXN0008285088,APP012,2025-01-18,pending,724388.87,EUR,EMEA,CP0001,BOND,TDR0059,BOOK_C,2025-06-18
TXN0002709597,APP009,2026-03-25,active,332249.33,GBP,APAC,CP0428,FX,TDR0058,BOOK_B,2025-01-06
TXN0009787089,APP004,2025-09-06,active,497003.38,USD,LATAM,CP0272,EQUITY,TDR0153,BOOK_D,2025-06-04
TXN0003696762,APP001,2025-01-03,reversed,30316.57,USD,EMEA,CP0321,OPTION,TDR0027,BOOK_A,2025-01-08
TXN0001561941,APP004,2025-01-01,reversed,275758.59,AUD,APAC,CP0234,SWAP,TDR0079,BOOK_C,2025-09-20
TXN0000910006,APP002,2025-08-11,failed,462128.86,AUD,LATAM,CP0313,OPTION,TDR0077,BOOK_D,2025-12-15
TXN0002415129,APP011,2025-04-11,settled,124219.07,EUR,EMEA,CP0455,FX,TDR0144,BOOK_C,2026-03-04
TXN0008733750,APP006,2025-11-21,active,578361.73,EUR,AMER,CP0258,OPTION,TDR0075,BOOK_A,2026-01-02
TXN0003960383,APP014,2025-07-28,active,627573.51,USD,LATAM,CP0186,OPTION,TDR0125,BOOK_D,2025-05-05
TXN0002058656,APP018,2025-05-12,failed,689116.94,AUD,LATAM,CP0418,SWAP,TDR0174,BOOK_B,2025-12-31
TXN0007351334,APP016,2025-02-08,failed,839372.21,GBP,AMER,CP0152,FUTURE,TDR0120,BOOK_B,2025-11-28
TXN0005919884,APP017,2025-12-16,reversed,354117.5,EUR,LATAM,CP0215,BOND,TDR0002,BOOK_D,2025-12-10
TXN0007738273,APP003,2025-02-13,active,967584.07,USD,EMEA,CP0317,FX,TDR0011,BOOK_A,2025-04-06
TXN0006843894,APP006,2025-08-20,failed,905385.05,GBP,EMEA,CP0024,OPTION,TDR0100,BOOK_A,2025-01-19
TXN0006886831,APP015,2025-01-06,reversed,705821.57,CHF,EMEA,CP0445,SWAP,TDR0126,BOOK_B,2025-08-23
TXN0002987208,APP020,2026-03-09,failed,521732.51,CHF,APAC,CP0218,OPTION,TDR0192,BOOK_C,2025-01-20
TXN0004793795,APP013,2025-04-23,active,725623.21,EUR,LATAM,CP0405,FUTURE,TDR0119,BOOK_C,2025-04-12
TXN0004433693,APP002,2025-11-13,reversed,70856.25,EUR,APAC,CP0487,BOND,TDR0099,BOOK_A,2025-01-21
TXN0008790382,APP016,2026-02-08,settled,254254.28,EUR,APAC,CP0441,SWAP,TDR0015,BOOK_C,2026-02-26
TXN0007823311,APP003,2025-12-05,active,106466.54,USD,LATAM,CP0040,FX,TDR0026,BOOK_D,2025-09-05
TXN0001848558,APP007,2025-02-21,reversed,767158.79,USD,AMER,CP0279,FUTURE,TDR0046,BOOK_D,2025-05-22
TXN0000806968,APP019,2025-08-15,pending,95396.29,GBP,LATAM,CP0415,OPTION,TDR0152,BOOK_B,2025-04-19
TXN0000202823,APP001,2025-01-18,reversed,690234.86,JPY,LATAM,CP0035,EQUITY,TDR0050,BOOK_C,2025-01-03
TXN0003640094,APP012,2025-04-25,settled,234467.17,CHF,EMEA,CP0137,SWAP,TDR0066,BOOK_B,2025-08-20
TXN0007656187,APP019,2025-10-18,pending,82879.73,JPY,APAC,CP0393,OPTION,TDR0085,BOOK_B,2025-03-17
TXN0001026028,APP008,2025-03-31,pending,44393.39,CHF,APAC,CP0483,FX,TDR0098,BOOK_D,2025-12-23
TXN0001427700,APP019,2025-07-16,settled,898008.21,JPY,LATAM,CP0018,FX,TDR0040,BOOK_A,2026-01-08
TXN0008495461,APP004,2025-05-24,reversed,758692.18,USD,AMER,CP0253,FUTURE,TDR0037,BOOK_B,2025-06-03
TXN0003670510,APP001,2025-02-02,settled,858760.73,EUR,APAC,CP0318,FX,TDR0064,BOOK_B,2025-12-27
TXN0008914318,APP019,2025-09-13,settled,556869.66,CHF,EMEA,CP0101,EQUITY,TDR0050,BOOK_C,2025-10-14
TXN0009377656,APP002,2026-04-14,failed,895215.03,GBP,APAC,CP0416,OPTION,TDR0110,BOOK_D,2025-07-07
TXN0004083100,APP005,2025-10-08,reversed,292824.44,GBP,AMER,CP0150,FUTURE,TDR0037,BOOK_A,2025-08-22
TXN0006768227,APP013,2026-02-20,reversed,104111.2,USD,AMER,CP0279,OPTION,TDR0123,BOOK_B,2025-01-08
TXN0003071666,APP009,2025-09-19,active,956521.96,USD,LATAM,CP0249,EQUITY,TDR0158,BOOK_C,2026-03-05
TXN0004481209,APP019,2025-11-20,settled,538917.92,EUR,APAC,CP0347,BOND,TDR0131,BOOK_C,2026-02-10
TXN0003370219,APP006,2025-11-17,reversed,157332.2,EUR,APAC,CP0297,BOND,TDR0091,BOOK_B,2025-04-11
TXN0006569416,APP002,2025-05-27,failed,192133.61,JPY,APAC,CP0001,SWAP,TDR0055,BOOK_B,2025-03-27
TXN0008834115,APP010,2025-02-03,failed,667322.75,CHF,EMEA,CP0244,FX,TDR0117,BOOK_C,2026-03-15
TXN0000990777,APP007,2025-12-09,settled,519101.02,JPY,APAC,CP0316,EQUITY,TDR0078,BOOK_B,2025-04-14
TXN0002961452,APP012,2025-09-20,active,390272.85,CHF,EMEA,CP0379,OPTION,TDR0046,BOOK_A,2026-02-09
TXN0008086918,APP010,2025-03-16,pending,569348.72,GBP,LATAM,CP0395,BOND,TDR0078,BOOK_C,2025-07-03
TXN0004036119,APP007,2025-01-09,active,326235.31,EUR,AMER,CP0403,FX,TDR0030,BOOK_B,2025-03-10
TXN0000326532,APP019,2025-08-23,settled,97369.43,USD,AMER,CP0102,FUTURE,TDR0188,BOOK_D,2025-02-18
TXN0000723833,APP009,2025-08-15,reversed,731978.13,AUD,APAC,CP0352,OPTION,TDR0133,BOOK_B,2025-08-07
TXN0008786584,APP018,2025-09-06,failed,641619.66,EUR,APAC,CP0239,EQUITY,TDR0160,BOOK_C,2025-06-18
TXN0005941186,APP010,2025-02-28,settled,149504.03,EUR,AMER,CP0485,OPTION,TDR0045,BOOK_D,2025-08-07
TXN0006054854,APP008,2025-08-19,active,880765.76,EUR,EMEA,CP0288,FUTURE,TDR0087,BOOK_B,2026-01-22
TXN0005339161,APP008,2025-10-01,settled,334898.03,EUR,LATAM,CP0375,FX,TDR0023,BOOK_D,2025-04-17
TXN0008274206,APP002,2025-01-08,settled,50339.7,EUR,LATAM,CP0099,EQUITY,TDR0034,BOOK_A,2026-04-14
TXN0007484278,APP008,2025-01-01,pending,672167.47,EUR,EMEA,CP0251,SWAP,TDR0105,BOOK_B,2025-06-17
TXN0009150872,APP018,2025-11-27,active,813385.21,EUR,AMER,CP0262,FUTURE,TDR0151,BOOK_D,2025-11-13
TXN0002684356,APP002,2025-03-26,pending,690538.3,EUR,EMEA,CP0098,FX,TDR0095,BOOK_A,2025-12-03
TXN0005991279,APP001,2026-01-21,failed,102636.24,JPY,APAC,CP0468,EQUITY,TDR0070,BOOK_B,2026-03-23
TXN0003496510,APP020,2025-11-09,reversed,991181.89,AUD,EMEA,CP0231,EQUITY,TDR0160,BOOK_D,2026-02-02
TXN0002103840,APP009,2025-07-29,settled,469410.27,AUD,AMER,CP0104,SWAP,TDR0033,BOOK_B,2025-11-29
TXN0008552851,APP007,2025-01-08,reversed,212771.19,USD,EMEA,CP0283,BOND,TDR0067,BOOK_A,2025-05-14
TXN0000998432,APP010,2025-09-11,active,363786.32,JPY,LATAM,CP0134,BOND,TDR0140,BOOK_C,2025-12-08
TXN0007714061,APP010,2025-01-29,active,872614.8,CHF,EMEA,CP0364,FUTURE,TDR0042,BOOK_B,2026-01-01
TXN0009344341,APP001,2025-03-28,pending,197399.79,JPY,APAC,CP0414,EQUITY,TDR0046,BOOK_B,2025-10-21
TXN0001787014,APP019,2025-09-10,settled,757055.61,USD,AMER,CP0320,EQUITY,TDR0197,BOOK_C,2025-10-10
TXN0007665501,APP015,2025-09-14,reversed,568485.51,JPY,AMER,CP0461,BOND,TDR0166,BOOK_A,2025-02-17
TXN0001090842,APP008,2026-04-03,pending,828971.07,USD,AMER,CP0393,OPTION,TDR0160,BOOK_C,2026-01-01
TXN0005008203,APP012,2025-11-18,active,105705.91,GBP,EMEA,CP0428,BOND,TDR0115,BOOK_C,2025-03-15
TXN0006984322,APP016,2025-04-24,reversed,208118.11,CHF,AMER,CP0230,EQUITY,TDR0146,BOOK_C,2025-02-24
TXN0009157013,APP012,2025-05-16,failed,762037.34,GBP,APAC,CP0435,FX,TDR0134,BOOK_B,2025-06-21
TXN0000870587,APP003,2026-02-06,settled,571634.42,GBP,EMEA,CP0401,OPTION,TDR0139,BOOK_C,2025-06-24
TXN0006800098,APP017,2025-01-08,active,57184.53,USD,APAC,CP0244,FUTURE,TDR0044,BOOK_D,2026-01-11
TXN0009398629,APP019,2025-07-26,failed,641084.14,USD,LATAM,CP0486,FUTURE,TDR0119,BOOK_C,2025-03-04
TXN0000017627,APP014,2025-04-08,pending,90473.84,EUR,LATAM,CP0230,EQUITY,TDR0026,BOOK_C,2025-11-28
TXN0001207217,APP016,2025-08-17,reversed,779840.63,USD,AMER,CP0440,FUTURE,TDR0177,BOOK_C,2025-07-30
TXN0006844409,APP013,2025-01-04,failed,48513.71,JPY,EMEA,CP0185,OPTION,TDR0123,BOOK_D,2025-11-25
TXN0002320736,APP002,2025-05-12,pending,681501.09,CHF,APAC,CP0357,FX,TDR0032,BOOK_D,2026-02-18
TXN0009309499,APP007,2026-01-26,reversed,148878.42,JPY,LATAM,CP0495,BOND,TDR0038,BOOK_B,2025-09-14
TXN0009360550,APP016,2025-10-17,settled,738416.94,JPY,LATAM,CP0432,FUTURE,TDR0025,BOOK_A,2026-01-09
TXN0002328221,APP006,2025-05-07,failed,830112.08,USD,LATAM,CP0401,EQUITY,TDR0180,BOOK_A,2025-02-16
TXN0008861047,APP008,2025-06-04,active,346579.0,AUD,AMER,CP0377,FX,TDR0050,BOOK_D,2026-01-30
TXN0000554460,APP007,2025-11-18,active,65799.32,GBP,AMER,CP0484,EQUITY,TDR0184,BOOK_A,2025-03-11
TXN0000723650,APP008,2025-05-15,reversed,723190.64,AUD,AMER,CP0431,EQUITY,TDR0015,BOOK_C,2025-09-14
TXN0005027094,APP009,2025-06-03,reversed,425412.8,CHF,AMER,CP0404,BOND,TDR0194,BOOK_D,2025-10-04
TXN0005233493,APP017,2026-01-12,reversed,545084.64,AUD,AMER,CP0421,BOND,TDR0160,BOOK_C,2025-09-04
TXN0003264364,APP018,2025-03-20,active,869626.94,GBP,LATAM,CP0299,FX,TDR0067,BOOK_D,2025-09-24
TXN0001720106,APP009,2025-12-20,settled,943002.02,GBP,APAC,CP0062,OPTION,TDR0123,BOOK_D,2025-12-24
TXN0009331543,APP012,2025-03-26,failed,750631.69,USD,APAC,CP0410,BOND,TDR0068,BOOK_D,2025-05-11
TXN0007689179,APP007,2025-12-03,reversed,257210.47,USD,LATAM,CP0146,EQUITY,TDR0191,BOOK_A,2025-06-08
TXN0008333368,APP008,2025-02-05,reversed,494656.97,JPY,AMER,CP0390,FUTURE,TDR0125,BOOK_C,2026-03-31
TXN0003466509,APP006,2025-07-01,pending,101395.32,USD,APAC,CP0378,OPTION,TDR0031,BOOK_D,2025-02-24
TXN0001599874,APP018,2026-03-24,pending,19115.14,JPY,LATAM,CP0307,BOND,TDR0011,BOOK_B,2025-11-20
TXN0005655535,APP010,2025-01-03,failed,599559.4,EUR,EMEA,CP0273,OPTION,TDR0156,BOOK_D,2026-01-11
TXN0000083044,APP003,2026-03-16,failed,448941.52,GBP,AMER,CP0317,BOND,TDR0094,BOOK_D,2025-01-07
TXN0008092826,APP011,2025-02-12,active,468732.35,AUD,APAC,CP0026,EQUITY,TDR0032,BOOK_A,2025-06-17
TXN0001589055,APP009,2026-04-04,failed,901630.93,GBP,LATAM,CP0189,EQUITY,TDR0027,BOOK_B,2025-07-11
TXN0006141618,APP008,2025-10-14,settled,388640.05,CHF,EMEA,CP0261,EQUITY,TDR0011,BOOK_C,2025-10-10
TXN0004095995,APP002,2025-12-19,settled,135333.56,USD,EMEA,CP0141,OPTION,TDR0101,BOOK_D,2025-07-13
TXN0009306355,APP018,2025-08-18,reversed,970163.28,AUD,LATAM,CP0332,FX,TDR0006,BOOK_D,2025-10-08
TXN0004120429,APP003,2025-10-28,settled,776907.72,USD,APAC,CP0152,OPTION,TDR0023,BOOK_A,2025-06-12
TXN0005096203,APP011,2026-01-09,settled,682855.56,USD,APAC,CP0061,BOND,TDR0160,BOOK_C,2025-04-07
TXN0007175219,APP012,2026-03-25,pending,23162.97,CHF,AMER,CP0488,BOND,TDR0183,BOOK_B,2026-04-11
TXN0006366621,APP001,2025-01-16,active,453863.78,JPY,AMER,CP0267,FX,TDR0091,BOOK_B,2025-02-07
TXN0005275480,APP002,2025-03-03,reversed,893136.17,AUD,AMER,CP0446,OPTION,TDR0134,BOOK_D,2025-12-18
TXN0008386571,APP002,2025-06-06,failed,330941.63,USD,APAC,CP0208,FX,TDR0011,BOOK_C,2025-12-28
TXN0008912944,APP018,2026-02-18,settled,658989.51,JPY,EMEA,CP0034,EQUITY,TDR0150,BOOK_D,2026-02-23
TXN0006048405,APP005,2025-01-20,pending,307867.01,CHF,EMEA,CP0415,BOND,TDR0067,BOOK_A,2025-02-21
TXN0001540464,APP008,2025-09-15,reversed,85462.25,USD,EMEA,CP0085,SWAP,TDR0011,BOOK_A,2025-09-24
TXN0005302770,APP007,2025-02-11,active,170437.32,CHF,AMER,CP0433,EQUITY,TDR0140,BOOK_B,2026-01-18
TXN0002052499,APP004,2025-05-12,pending,995923.59,CHF,LATAM,CP0198,EQUITY,TDR0017,BOOK_A,2025-04-01
TXN0000250273,APP011,2026-04-11,reversed,319443.72,AUD,EMEA,CP0403,EQUITY,TDR0176,BOOK_C,2025-05-22
TXN0003277912,APP001,2026-02-28,pending,961956.15,EUR,EMEA,CP0428,SWAP,TDR0119,BOOK_D,2025-05-28
TXN0005732483,APP010,2025-09-10,settled,953618.98,USD,EMEA,CP0036,SWAP,TDR0150,BOOK_A,2025-09-05
TXN0001310990,APP008,2025-07-28,settled,195883.4,USD,EMEA,CP0357,EQUITY,TDR0069,BOOK_D,2026-01-30
TXN0001591462,APP016,2025-02-03,failed,166972.01,USD,APAC,CP0082,FUTURE,TDR0086,BOOK_B,2026-03-11
TXN0007230982,APP019,2025-09-29,pending,569678.9,EUR,APAC,CP0494,BOND,TDR0016,BOOK_D,2025-04-02
TXN0002531637,APP014,2025-08-19,active,401062.64,CHF,EMEA,CP0099,SWAP,TDR0102,BOOK_B,2026-01-26
TXN0001149636,APP019,2025-04-01,pending,167487.26,GBP,AMER,CP0396,SWAP,TDR0064,BOOK_A,2025-05-30
TXN0006396193,APP001,2025-06-25,settled,415814.14,CHF,APAC,CP0247,BOND,TDR0122,BOOK_D,2026-03-12
TXN0008192749,APP016,2026-01-29,failed,320238.61,CHF,EMEA,CP0104,BOND,TDR0003,BOOK_C,2025-01-09
TXN0009126595,APP002,2026-01-09,settled,816519.04,JPY,AMER,CP0116,BOND,TDR0192,BOOK_A,2025-02-04
TXN0002963337,APP006,2026-01-31,failed,568451.82,EUR,APAC,CP0073,FUTURE,TDR0023,BOOK_D,2025-03-05
TXN0009911965,APP001,2025-12-12,pending,515788.04,USD,APAC,CP0483,FX,TDR0188,BOOK_C,2026-01-06
TXN0006564147,APP009,2025-08-01,reversed,473711.96,JPY,AMER,CP0244,EQUITY,TDR0182,BOOK_C,2025-10-11
